# Converted from user-supplied modularDungeon.fbx; Y-up, meters, bottom centered
mtllib Gothic.mtl
o StairsL
v -0.64631224 5.3999996 0.64631212
v -0.64631224 5.3999996 -0.046312928
v 0.046312809 5.3999996 -0.046312928
v 0.046312809 5.3999996 0.64631212
v -0.64631224 2.5999994 -0.046312928
v 0.046312809 2.5999994 -0.046312928
v 0.046312809 2.5999994 0.64631236
v -0.64631224 2.5999994 0.64631236
v -0.69999981 1.9999995 -0.10000002
v -0.69999981 1.9999995 0.69999993
v -0.69999981 5.4999995 0.69999969
v -0.69999981 5.9999995 0.69999969
v -0.69999981 5.9999995 -0.1000005
v -0.69999981 2.4999995 -0.10000002
v 0.10000038 1.9999995 -0.10000002
v 0.10000038 5.9999995 -0.1000005
v 0.10000038 2.4999995 -0.10000002
v 0.10000038 1.9999995 0.69999993
v 0.10000038 5.9999995 0.69999969
v 0.10000038 2.4999995 0.69999969
v -0.69999981 5.4999995 -0.10000002
v 0.10000038 5.4999995 -0.10000002
v 0.10000038 5.4999995 0.69999969
v -0.69999981 2.4999995 0.69999969
v -4.6463122 5.3999996 4.6463124
v -4.6463122 5.3999996 3.9536871
v -3.9536872 5.3999996 3.9536871
v -3.9536872 5.3999996 4.6463124
v -4.6463122 2.5999994 3.9536873
v -3.9536872 2.5999994 3.9536873
v -3.9536872 2.5999994 4.6463124
v -4.6463122 2.5999994 4.6463124
v -4.6999993 1.9999995 3.8999997
v -4.6999993 1.9999995 4.6999999
v -4.6999993 5.4999995 4.6999999
v -4.6999993 5.9999995 4.6999995
v -4.6999993 5.9999995 3.8999997
v -4.6999993 2.4999995 3.8999997
v -3.9000001 1.9999995 3.8999997
v -3.9000001 5.9999995 3.8999997
v -3.9000001 2.4999995 3.8999997
v -3.9000001 1.9999995 4.6999999
v -3.9000001 5.9999995 4.6999995
v -3.9000001 2.4999995 4.6999999
v -4.6999993 5.4999995 3.8999997
v -3.9000001 5.4999995 3.8999997
v -3.9000001 5.4999995 4.6999999
v -4.6999993 2.4999995 4.6999999
v -3.9536872 5.3999996 0.64631259
v -4.6463132 5.3999996 0.64631259
v -4.6463132 5.3999996 -0.046312928
v -3.9536872 5.3999996 -0.046312451
v -4.6463122 2.5999994 0.64631236
v -4.6463122 2.5999994 -0.046312928
v -3.9536872 2.5999999 -0.046312928
v -3.9536872 2.5999994 0.64631259
v -4.6999993 1.9999995 0.69999969
v -3.9000001 1.9999995 0.69999993
v -3.9000001 5.4999995 0.70000017
v -3.9000001 5.9999995 0.70000017
v -4.7000003 5.9999995 0.70000017
v -4.6999993 2.4999995 0.69999993
v -4.6999993 1.9999995 -0.10000002
v -4.7000003 5.9999995 -0.10000002
v -4.6999993 2.4999995 -0.10000002
v -3.9000001 1.9999995 -0.10000002
v -3.9000001 5.9999995 -0.10000002
v -3.9000001 2.4999995 -0.10000002
v -4.7000003 5.4999995 0.69999993
v -4.6999993 5.4999995 -0.10000002
v -3.9000001 5.4999995 -0.10000002
v -3.9000001 2.4999995 0.69999993
v 0.046312809 5.3999996 3.9536878
v 0.046312809 5.3999996 4.6463128
v -0.64631224 5.3999996 4.6463128
v -0.64631224 5.3999996 3.9536875
v 0.046312809 2.5999994 4.6463124
v -0.64631224 2.5999994 4.6463124
v -0.64631224 2.5999994 3.9536873
v 0.046312809 2.5999994 3.9536873
v 0.10000038 1.9999995 4.6999999
v 0.10000038 1.9999995 3.8999997
v 0.10000038 5.4999995 3.9000002
v 0.10000038 5.9999995 3.9000005
v 0.10000038 5.9999995 4.7000004
v 0.10000038 2.4999995 4.6999999
v -0.69999981 1.9999995 4.6999999
v -0.69999981 5.9999995 4.7000004
v -0.69999981 2.4999995 4.6999999
v -0.69999981 1.9999995 3.8999997
v -0.69999981 5.9999995 3.9000002
v -0.69999981 2.4999995 3.8999997
v 0.10000038 5.4999995 4.7000004
v -0.69999981 5.4999995 4.7000004
v -0.69999981 5.4999995 3.9000002
v 0.10000038 2.4999995 3.9
v -0.30003929 6.5988827 3.9002141
v -0.30003929 7.0988827 0.90021408
v -0.30003929 7.8988824 1.8985208
v -0.30003929 6.1988807 4.0002142
v -0.30003929 7.8988833 2.7002143
v -0.30003929 6.5988827 0.70021427
v -0.30003929 7.6988826 1.500214
v -0.30003929 7.6988826 3.1002141
v -0.30003929 7.3988814 3.5002142
v -0.30003929 6.1988807 0.60021436
v -0.30003929 7.3988814 1.1002141
v -0.30003929 7.0988827 3.700214
v -0.30003929 7.9988828 2.3002139
v -4.0000386 6.1988807 0.30021417
v -2.7000394 7.8988833 0.30021417
v -0.70003939 6.5988827 0.30021417
v -1.5000391 7.6988826 0.30021417
v -3.100039 7.6988826 0.30021417
v -3.5000386 7.3988814 0.30021417
v -0.60003901 6.1988807 0.30021417
v -1.100039 7.3988814 0.30021417
v -2.3000388 7.9988828 0.30021417
v -3.7000394 7.0988827 0.30021417
v -3.9000382 6.5988827 0.30021417
v -0.9000392 7.0988827 0.30021417
v -1.9000392 7.8988824 0.30021417
v -4.3000388 7.6988826 1.5002142
v -4.3000388 7.3988814 1.1002141
v -4.3000388 6.1988807 4.0002142
v -4.3000388 7.3988814 3.5002142
v -4.3000388 7.0988827 0.90021408
v -4.3000388 7.9988828 2.3002144
v -4.3000388 6.6022158 0.70021427
v -4.3000388 7.0988827 3.700214
v -4.3000388 7.8988824 2.7002143
v -4.3000388 6.1988807 0.60021436
v -4.3000388 7.8988833 1.9002141
v -4.3000388 6.6022158 3.9002138
v -4.3000388 7.6988826 3.1002144
v -1.5000396 7.6988826 4.3002144
v -1.100039 7.3988814 4.3002144
v -4.0000386 6.1988811 4.3002144
v -3.5021214 7.3988814 4.3002144
v -0.9000392 7.0988827 4.3002144
v -0.70003939 6.5988827 4.3002144
v -3.7000394 7.0988827 4.3002144
v -2.7000394 7.8988824 4.3002144
v -0.60003901 6.1988811 4.3002144
v -1.9000392 7.8988833 4.3002144
v -3.9000392 6.5988827 4.3002144
v -3.1000395 7.6988826 4.3002144
v -2.3000393 7.9988828 4.3002144
v -2.2000394 7.9988828 2.3002142
v -2.3000393 7.9988828 2.4002141
v -2.4000392 7.9988828 2.3002142
v -2.3000393 7.9988828 2.2002143
v -2.7000394 7.8988824 1.8002142
v -2.8000393 7.8988824 1.9002141
v -3.100039 7.6988826 1.4002141
v -3.2000394 7.6988826 1.5002142
v -3.5000396 7.3988814 1.0002142
v -3.600039 7.3988814 1.1002141
v -3.7000394 7.0988827 0.80021417
v -3.8000388 7.0988827 0.90021408
v -3.9000382 6.6022162 0.60021436
v -4.0000386 6.6022162 0.70021427
v -4.100039 6.1988807 0.60021436
v -2.8198371 7.8988833 2.7002143
v -2.7000394 7.8988833 2.8002142
v -3.2000394 7.6988826 3.1002141
v -3.100039 7.6988826 3.200214
v -3.600039 7.3988814 3.5002142
v -3.5021214 7.3988814 3.6002141
v -3.8000388 7.0988827 3.700214
v -3.7000394 7.0988827 3.8002142
v -4.0000386 6.6022162 3.9002138
v -3.9000382 6.6022162 4.0002142
v -4.0000386 6.1988811 4.1002141
v -4.100039 6.1988807 4.0002142
v -1.8000393 7.8988833 1.8985208
v -1.9000392 7.8988833 1.8002142
v -1.4000392 7.6988826 1.5002142
v -1.5000396 7.6988826 1.4002141
v -1.0000391 7.3988814 1.1002141
v -1.1000395 7.3988814 1.0002142
v -0.80003929 7.0988827 0.90021408
v -0.9000392 7.0988827 0.80021417
v -0.60003901 6.6022162 0.70021427
v -0.70003939 6.6022158 0.60021436
v -1.9000392 7.8988824 2.8002142
v -1.8000393 7.8988824 2.7002143
v -1.5000396 7.6988826 3.200214
v -1.4000392 7.6988826 3.1002141
v -1.100039 7.3988829 3.6002141
v -0.98506021 7.3988814 3.5002142
v -0.9000392 7.0988827 3.8002142
v -0.80003929 7.0988827 3.700214
v -0.70003939 6.6022158 4.000214
v -0.60003901 6.6022158 3.9002138
v -0.60003901 6.1988811 4.1002141
v -4.0248475 6.1988807 0.67686546
v -3.923388 6.1988807 0.57540619
v -0.57523108 6.1988807 0.67686546
v -4.0248475 6.1988807 3.9235626
v -0.67669058 6.1988807 4.0250221
v -2.3002787 7.8992367 2.3918082
v -2.3000174 7.8992257 2.2084893
v -2.2082777 7.8992224 2.300222
v -2.3919973 7.8992071 2.3000046
v -3.83569 6.560761 0.66456258
v -3.9356904 6.560761 0.76456249
v -3.643189 7.0394182 0.8570646
v -3.7431884 7.0394182 0.95706475
v -3.4571776 7.3193469 1.0430759
v -3.5571771 7.3193469 1.1430758
v -3.0716119 7.6073203 1.4286417
v -3.1716118 7.6073203 1.5286416
v -2.6820388 7.8021774 1.818215
v -2.7820382 7.8021774 1.9182152
v -0.67669058 6.1988807 0.57540619
v -0.6643877 6.560761 0.76456249
v -0.76438761 6.56076 0.66456258
v -0.85688972 7.0394182 0.95706475
v -0.95688963 7.0394182 0.8570646
v -1.042901 7.3193469 1.1430761
v -1.1429009 7.3193469 1.0430759
v -1.4284306 7.6073289 1.528706
v -1.5284276 7.607327 1.4287027
v -1.8179979 7.8021908 1.916633
v -1.9179392 7.8021688 1.818267
v -3.9356904 6.560761 3.8358656
v -3.83569 6.560761 3.9358655
v -3.923388 6.1988807 4.0250221
v -3.7430253 7.0394711 3.6434718
v -3.6430202 7.0394821 3.743466
v -3.5569806 7.3193183 3.4576041
v -3.4589601 7.3194275 3.5575029
v -3.1720247 7.6073651 3.0712372
v -3.0719886 7.6073847 3.1712099
v -2.8023186 7.8023305 2.6809613
v -2.6831384 7.8020878 2.7816406
v -0.76438761 6.56076 3.9358655
v -0.6643877 6.56076 3.8358656
v -0.57523108 6.1988807 3.9235626
v -0.95613337 7.0397906 3.7422348
v -0.85608625 7.0397143 3.6422669
v -1.1411672 7.3191695 3.5560066
v -1.0268059 7.3198643 3.4553424
v -1.5277505 7.6072488 3.1713129
v -1.4277711 7.607264 3.0712858
v -1.9180398 7.8021774 2.7822133
v -1.8180399 7.8021774 2.6822134
v -2.2988958 7.8018112 2.2096084
v -2.2082696 7.8018112 2.300228
v -2.2541337 7.7374697 2.2543658
v -2.3002706 7.8018112 2.3918141
v -2.254293 7.7374754 2.346054
v -2.3919892 7.8018112 2.3000106
v -2.3459992 7.7374616 2.2542628
v -2.3461366 7.7374673 2.345904
v -2.254292 7.7374754 2.3454467
v -2.2999997 7.7000003 2.3000001
v -2.2539659 7.7379365 2.345728
v -0.30003929 5.9988832 4.0002142
v -0.30003929 5.9988832 0.60021436
v -4.0000386 5.9988828 0.30021417
v -0.60003901 5.9988828 0.30021417
v -4.3000388 5.9988832 4.0002142
v -4.3000388 5.9988832 0.60021436
v -4.0000386 5.9988832 4.3002144
v -0.60003901 5.9988832 4.3002144
v -4.100039 5.9988832 0.60021436
v -4.0000386 5.9988828 0.50021446
v -4.0000386 5.9988832 4.1002141
v -4.100039 5.9988832 4.0002142
v -0.60003901 5.9988832 4.1002141
v -4.0248475 5.9988832 0.67686546
v -3.923388 5.9988832 0.57540619
v -0.57523108 5.9988832 0.67686546
v -4.0248475 5.9988832 3.9235626
v -0.67669058 5.9988832 4.0250221
v -0.67669058 5.9988832 0.57540619
v -3.923388 5.9988832 4.0250221
v -0.57523108 5.9988832 3.9235626
v -2.3000388 7.9988828 0.50310624
v -0.60003901 6.1988807 0.50021446
v -0.9000392 7.0988827 0.50310624
v -3.9000382 6.6011372 0.503106
v -3.5000396 7.3988814 0.503106
v -1.100039 7.3988814 0.503106
v -0.60003901 5.9988828 0.50021422
v -3.9970908 6.1988807 0.503106
v -1.5000396 7.6988826 0.50310647
v -3.100039 7.6988826 0.50310647
v -1.9000392 7.8988824 0.50310624
v -3.7000394 7.0988827 0.50310624
v -0.70003939 6.6011372 0.50310624
v -2.7000394 7.8988833 0.50310624
v -0.5000391 6.1988807 0.60021436
v -0.51566887 7.0988827 0.90021408
v -0.51566887 7.3988814 1.1002141
v -0.51566887 7.8988824 1.8985208
v -0.51566887 7.8988833 2.7002143
v -0.51566887 7.0988827 3.700214
v -0.51566887 7.6988826 3.1002141
v -0.5000391 5.9988832 4.0002142
v -0.51566887 6.6012788 0.70021427
v -0.5000391 5.9988832 0.60021436
v -0.5000391 6.1988802 4.0002142
v -0.51566887 7.6988826 1.500214
v -0.51566887 6.6012783 3.9002138
v -0.51566887 7.3988814 3.5002142
v -0.51566887 7.9988828 2.3002139
v -0.9000392 7.0988827 4.1002141
v -0.70003939 6.6011047 4.1002141
v -1.100039 7.3988819 4.1002141
v -2.7000394 7.8988824 4.1002136
v -3.5021214 7.3988814 4.1002141
v -1.9000392 7.8988833 4.1002141
v -3.9000382 6.6011052 4.1002136
v -1.5000396 7.6988826 4.1002141
v -2.3000393 7.9988828 4.1002141
v -3.1000395 7.6988826 4.1002141
v -3.7000394 7.0988827 4.1002136
v -4.1026101 7.6988826 1.5002142
v -4.1026111 7.8988824 2.7002143
v -4.1026111 7.9988828 2.3002144
v -4.1026111 7.3988814 3.5002142
v -4.1026101 7.8988833 1.9002141
v -4.1026111 6.6022162 3.9002138
v -4.1026101 7.6988826 3.1002141
v -4.1026111 7.0988827 0.90021408
v -4.1026111 7.3988814 1.1002141
v -4.1026111 6.6022162 0.70021427
v -4.1026111 7.0988827 3.700214
v -0.29999971 2 4.2999998
v -0.29999971 6 4.2999998
v -0.29999971 2 0.29999983
v -0.29999971 6 0.29999983
v 3.7000003 0 4.2999998
v 3.7000003 4 4.2999998
v 3.7000003 0 0.29999983
v 3.7000003 4 0.29999983
v 4.7000003 4 0.29999983
v 4.7000003 0 0.29999983
v 4.7000003 0 4.2999998
v 4.7000003 4 4.2999998
v -4.2999997 2 0.29999983
v -4.2999997 2 4.2999998
v -4.2999997 6 4.2999998
v -4.2999997 6 0.29999983
v -0.29999971 8 -3.6999999
v -0.29999971 4 -3.6999999
v -4.2999997 8 -3.6999999
v -4.2999997 4 -3.6999999
v -0.29999971 8 -4.7000004
v -0.29999971 4 -4.7000004
v -4.2999997 8 -4.7000004
v -4.2999997 4 -4.7000004
v -4.2999997 2.1722221 0.30000007
v -4.2999997 2.2222223 0.25000036
v -4.2999997 2.1972222 0.29330146
v -4.2999997 2.2155237 0.27499998
v -0.29999971 2.2222223 0.25000036
v -0.29999971 2.1722221 0.30000007
v -0.29999971 2.2155237 0.27499998
v -0.29999971 2.1972222 0.29330146
v -4.2999997 2.2222223 -0.13835585
v -0.29999971 2.2222223 -0.13835585
v -4.2999997 2.3944445 -0.13835585
v -4.2999997 2.4444447 -0.18835604
v -4.2999997 2.4194446 -0.14505446
v -4.2999997 2.437746 -0.16335595
v -0.29999971 2.4444447 -0.18835604
v -0.29999971 2.3944445 -0.13835585
v -0.29999971 2.437746 -0.16335595
v -0.29999971 2.4194446 -0.14505446
v -4.2999997 2.4444447 -0.57671225
v -0.29999971 2.4444447 -0.57671225
v -4.2999997 2.6166668 -0.57671225
v -4.2999997 2.6666665 -0.62671196
v -4.2999997 2.6416664 -0.58341086
v -4.2999997 2.6599679 -0.60171187
v -0.29999971 2.6666665 -0.62671196
v -0.29999971 2.6166668 -0.57671225
v -0.29999971 2.6599679 -0.60171187
v -0.29999971 2.6416664 -0.58341086
v -4.2999997 2.6666665 -1.0150677
v -0.29999971 2.6666665 -1.0150677
v -4.2999997 2.8388886 -1.0150677
v -4.2999997 2.8888888 -1.0650679
v -4.2999997 2.8638883 -1.0217663
v -4.2999997 2.8821902 -1.0400678
v -0.29999971 2.8888888 -1.0650679
v -0.29999971 2.8388886 -1.0150677
v -0.29999971 2.8821902 -1.0400678
v -0.29999971 2.8638883 -1.0217663
v -4.2999997 2.8888888 -1.4534241
v -0.29999971 2.8888888 -1.4534241
v -4.2999997 3.061111 -1.4534241
v -4.2999997 3.1111112 -1.5034238
v -4.2999997 3.0861111 -1.4601227
v -4.2999997 3.1044126 -1.4784237
v -0.29999971 3.1111112 -1.5034238
v -0.29999971 3.061111 -1.4534241
v -0.29999971 3.1044126 -1.4784237
v -0.29999971 3.0861111 -1.4601227
v -4.2999997 3.1111112 -1.89178
v -0.29999971 3.1111112 -1.89178
v -4.2999997 3.2833328 -1.89178
v -4.2999997 3.333333 -1.9417797
v -4.2999997 3.3083329 -1.8984786
v -4.2999997 3.3266344 -1.9167801
v -0.29999971 3.333333 -1.9417797
v -0.29999971 3.2833328 -1.89178
v -0.29999971 3.3266344 -1.9167801
v -0.29999971 3.3083329 -1.8984786
v -4.2999997 3.333333 -2.3301355
v -0.29999971 3.333333 -2.3301355
v -4.2999997 3.5055552 -2.3301355
v -4.2999997 3.5555553 -2.3801361
v -4.2999997 3.5305552 -2.3368341
v -4.2999997 3.5488567 -2.355136
v -0.29999971 3.5555553 -2.3801361
v -0.29999971 3.5055552 -2.3301355
v -0.29999971 3.5488567 -2.355136
v -0.29999971 3.5305552 -2.3368341
v -4.2999997 3.5555553 -2.7684919
v -0.29999971 3.5555553 -2.7684919
v -4.2999997 3.727778 -2.7684919
v -4.2999997 3.7777777 -2.8184916
v -4.2999997 3.7527776 -2.7751905
v -4.2999997 3.7710791 -2.7934915
v -0.29999971 3.7777777 -2.8184916
v -0.29999971 3.727778 -2.7684919
v -0.29999971 3.7710791 -2.7934915
v -0.29999971 3.7527776 -2.7751905
v -4.2999997 3.7777777 -3.2068473
v -0.29999971 3.7777777 -3.2068473
v -4.2999997 3.9499998 -3.2068473
v -4.2999997 4 -3.2568475
v -4.2999997 3.9749999 -3.2135459
v -4.2999997 3.9933014 -3.2318479
v -0.29999971 4 -3.2568475
v -0.29999971 3.9499998 -3.2068473
v -0.29999971 3.9933014 -3.2318479
v -0.29999971 3.9749999 -3.2135459
v 3.7000003 0.17222214 4.2999998
v 3.6500001 0.22222233 4.2999998
v 3.6933017 0.19722223 4.2999998
v 3.6750002 0.21552372 4.2999998
v 3.6500001 0.22222233 0.29999983
v 3.7000003 0.17222214 0.29999983
v 3.6750007 0.21552372 0.29999983
v 3.6933017 0.19722223 0.29999983
v 3.2616439 0.22222233 4.2999998
v 3.2616444 0.22222233 0.29999983
v 3.2616439 0.39444447 4.2999998
v 3.2116437 0.44444466 4.2999998
v 3.2549453 0.41944456 4.2999998
v 3.2366443 0.43774605 4.2999998
v 3.2116446 0.44444466 0.29999983
v 3.2616444 0.39444447 0.29999983
v 3.2366443 0.43774605 0.29999983
v 3.2549458 0.41944456 0.29999983
v 2.823288 0.44444466 4.2999998
v 2.823288 0.44444466 0.29999983
v 2.823288 0.61666679 4.2999998
v 2.7732882 0.66666603 4.2999998
v 2.8165898 0.64166641 4.2999998
v 2.7982879 0.65996838 4.2999998
v 2.7732882 0.66666603 0.29999983
v 2.823288 0.61666679 0.29999983
v 2.7982883 0.65996838 0.29999983
v 2.8165898 0.64166641 0.29999983
v 2.384932 0.66666603 4.2999998
v 2.3849325 0.66666603 0.29999983
v 2.384932 0.83888912 4.2999998
v 2.3349323 0.88888931 4.2999998
v 2.3782334 0.86388874 4.2999998
v 2.3599319 0.88218975 4.2999998
v 2.3349328 0.88888931 0.29999983
v 2.3849325 0.83888912 0.29999983
v 2.3599324 0.88218975 0.29999983
v 2.3782339 0.86388874 0.29999983
v 1.9465761 0.88888931 4.2999994
v 1.9465766 0.88888931 0.29999959
v 1.9465761 1.061111 4.2999994
v 1.8965764 1.1111107 4.2999994
v 1.9398775 1.0861106 4.2999994
v 1.921576 1.1044121 4.2999994
v 1.8965764 1.1111107 0.29999959
v 1.9465766 1.061111 0.29999959
v 1.9215765 1.1044121 0.29999959
v 1.939878 1.0861106 0.29999959
v 1.5082202 1.1111107 4.2999994
v 1.5082204 1.1111107 0.29999959
v 1.5082202 1.2833333 4.2999994
v 1.45822 1.333333 4.2999994
v 1.5015216 1.3083329 4.2999994
v 1.4832201 1.3266344 4.2999994
v 1.4582205 1.333333 0.29999959
v 1.5082204 1.2833333 0.29999959
v 1.4832201 1.3266344 0.29999959
v 1.5015218 1.3083329 0.29999959
v 1.069864 1.333333 4.2999994
v 1.0698645 1.333333 0.29999959
v 1.069864 1.5055552 4.2999994
v 1.0198641 1.5555553 4.2999994
v 1.0631654 1.5305552 4.2999994
v 1.0448642 1.5488567 4.2999994
v 1.0198643 1.5555553 0.29999959
v 1.0698645 1.5055552 0.29999959
v 1.0448644 1.5488567 0.29999959
v 1.0631659 1.5305552 0.29999959
v 0.63150835 1.5555553 4.2999994
v 0.63150835 1.5555553 0.29999959
v 0.63150835 1.7277775 4.2999994
v 0.58150816 1.7777777 4.2999994
v 0.62480974 1.7527776 4.2999994
v 0.60650778 1.7710791 4.2999994
v 0.58150864 1.7777777 0.29999959
v 0.63150835 1.7277775 0.29999959
v 0.60650873 1.7710791 0.29999959
v 0.62480974 1.7527776 0.29999959
v 0.19315243 1.7777777 4.2999994
v 0.19315243 1.7777777 0.29999959
v 0.19315243 1.9499998 4.2999994
v 0.14315271 2 4.2999994
v 0.18645382 1.9749999 4.2999994
v 0.16815233 1.9933014 4.2999994
v 0.14315271 2 0.29999959
v 0.19315243 1.9499998 0.29999959
v 0.16815233 1.9933014 0.29999959
v 0.18645382 1.9749999 0.29999959
v 3.7000017 4.6066661 3.9001127
v 3.7000017 5.1066661 0.90011299
v 3.7000017 5.9066658 1.8984195
v 3.7000017 4.2066641 4.0001129
v 3.7000017 5.9066668 2.7001129
v 3.7000017 4.6066661 0.7001127
v 3.7000017 5.706666 1.5001129
v 3.7000017 5.706666 3.1001128
v 3.7000017 5.4066648 3.5001129
v 3.7000017 4.2066641 0.6001128
v 3.7000017 5.4066648 1.1001128
v 3.7000017 5.1066661 3.7001127
v 3.7000017 6.0066662 2.3001126
v 3.7000017 4.0066667 0.6001128
v 3.7000017 4.0066662 4.0001129
v 3.4142847 6.0489669 1.8984269
v 3.4142847 5.8489671 1.50012
v 3.4142847 5.8489671 3.1001199
v 3.4142847 6.0489678 2.7001201
v 3.4142847 6.1489673 2.3001198
v 3.4142842 4.3489652 0.60012019
v 3.4142847 4.1489677 0.60012019
v 3.4142842 4.7489672 3.9001199
v 3.4142847 5.2489672 3.7001199
v 3.4142842 5.2489672 0.90012014
v 3.4142847 4.7489672 0.70012009
v 3.4142847 5.5489659 3.50012
v 3.4142842 4.1489677 4.00012
v 3.4142847 4.3489652 4.00012
v 3.4142847 5.5489659 1.1001199
v -3.9999986 8.1966648 -3.6999995
v -2.6999993 9.8966675 -3.6999995
v -0.69999933 8.5966673 -3.6999995
v -1.499999 9.6966667 -3.6999995
v -3.099999 9.6966667 -3.6999995
v -3.4999986 9.3966656 -3.6999995
v -0.59999895 8.1966648 -3.6999995
v -1.099999 9.3966656 -3.6999995
v -2.2999988 9.9966669 -3.6999995
v -3.6999993 9.0966673 -3.6999995
v -3.8999982 8.5966673 -3.6999995
v -0.89999914 9.0966673 -3.6999995
v -1.8999991 9.8966665 -3.6999995
v -3.9999986 7.9966669 -3.6999995
v -0.59999895 7.9966669 -3.6999995
v -3.9987626 8 -3.7011429
v -3.1000013 9.5666809 -3.439725
v -3.5000014 9.2666798 -3.439725
v -0.90000153 8.9666815 -3.439725
v -1.1000013 9.2666798 -3.439725
v -1.5000014 9.5666809 -3.439725
v -4.0000014 8.066679 -3.439725
v -4.0000014 7.8666806 -3.439725
v -3.7000022 8.9666815 -3.439725
v -0.60000134 7.8666806 -3.439725
v -0.60000134 8.066679 -3.439725
v -2.7000017 9.7666817 -3.439725
v -2.3000011 9.8666811 -3.439725
v -0.70000172 8.4666815 -3.439725
v -3.900001 8.4666815 -3.439725
v -1.9000015 9.7666807 -3.439725
vt 0.7764321 0.50457662
vt 0.515625 0
vt 0.99824774 0.91003484
vt 0.0017522275 0.62181294
vt 0.2638841 -0.15544493
vt 0.99824774 0.84916067
vt 0.49805695 0.58695948
vt 0.33792275 0.92766857
vt 2.9802322e-08 0.40624219
vt 0.99990004 0.20230374
vt 0.18976218 0.70143646
vt 7.9929829e-05 0.55078125
vt 0.29239374 0.44740817
vt 0.26651913 0.50457662
vt 0.75331122 1
vt 0.0017521381 0.62181294
vt 0.18206921 0.44980022
vt 0.99120045 0.064806879
vt 0.18976223 0.58777684
vt 0.74073184 0.0039062798
vt -0.23923624 0.58041716
vt 0.0017521381 0.92406034
vt 0.6667785 0.077495456
vt 0.99999005 0
vt 0.85294116 0.42443794
vt 0.45874679 0.45278448
vt -0.046031505 0.0039062495
vt 0.25895524 0
vt 0.99824774 0.60778743
vt -0.20420858 0.77927715
vt 0.72526586 0.45278448
vt 5.9604645e-08 0
vt 0.90415519 0.32588336
vt 1 0.55111891
vt 1.1270826 0.44980025
vt 0.32316753 0.53504556
vt 0.26598927 0.49993402
vt 0.44058365 0.12896866
vt 0.37915671 0.08815378
vt 5.9604645e-08 0.55111891
vt 0.40780252 0.11320239
vt 0.74350226 0.1014771
vt 0.75725937 0.69671261
vt 0.99824774 0.58053172
vt 0.87754709 0.2388448
vt 0.13974057 0.40734941
vt -0.002358079 0.50319982
vt 0 1
vt 0.0017522005 0.73421681
vt 5.9604645e-08 0.50457662
vt 0.3118633 0.45006663
vt 1 0
vt 0.62109464 0.10360718
vt 7.9929829e-05 0.55078125
vt 0.18976223 0.55415839
vt 0.0017521381 0.89640677
vt 0.90387571 0.82689166
vt 0.99695551 -0.027693748
vt 0.0017521707 0.74768347
vt 0.23517889 0.45278448
vt 0.42165521 0.45004529
vt 0.17532989 0.50293398
vt 0.86452794 0.50180167
vt 0.24637583 1
vt 0.15271148 0.5807938
vt 0.43038109 0.028921127
vt 0 0
vt 0.0017522005 0.70059836
vt -0.05341205 0.50383824
vt 0.13974051 0.44752634
vt 0.89550358 0.45004535
vt 0.49803692 0.58695948
vt -0.00034284592 1.0115989
vt 1.1241723 0.50175452
vt 0.99824786 0.74784446
vt 0.68883169 0.60337919
vt 0.296875 0.203125
vt 2.9802322e-08 0.203125
vt 0.32316753 0.50180167
vt 0.58455563 0.40175048
vt 0.038918432 0.92310578
vt 0.75331116 1
vt 0.296875 0.40625
vt 1 0.40625
vt 0.21812472 0.44950002
vt 0.4375 0.203125
vt 0.75 0.203125
vt 0.659217 0.10291141
vt 0.0017521381 0.88277912
vt 0.75 0
vt 0.2923938 0.53747004
vt 1 0.40624219
vt 0.99990004 0.40488791
vt 0 0.203125
vt 0.9643001 0.50319982
vt 0 0
vt 0.54125321 0.55111891
vt 0.24637589 1
vt 0.21875 0
vt 0.12507126 0.44965622
vt 0.95906246 0.45006663
vt 0.46713853 0.50013566
vt -0.12417191 0.50175452
vt 0.038931593 0.076899305
vt 0.99824774 0.89640677
vt -0.17212766 0.44980022
vt 0.13981704 0.40726388
vt 0.21875 0.203125
vt 0.0017521381 0.69671261
vt -0.17227119 0.50041884
vt 0.92590511 0.0005805266
vt 0.25895521 0
vt 0.48590243 0.71542692
vt 0.43528634 0.076600611
vt 0 0
vt 0.58455575 0.60512865
vt 0.67908669 0.50180167
vt 0.0017522005 0.85039771
vt 0.49595416 0.50042635
vt 0.7764321 0.50457662
vt 0.515625 0
vt 0.49826199 0
vt 0.54161173 0.41587746
vt 1.1270609 0.5004189
vt 0.2435853 0.41238776
vt 0.18206924 0.5004189
vt -1 -0.5
vt 0.74350238 0.40706211
vt 0.0017521381 0.84916067
vt 0.39920366 0.50383824
vt 0.1398171 0.44744101
vt 2.9802322e-08 0.40624219
vt 0.28604126 0.60041702
vt 0.088235319 0.33620298
vt 0.10895333 0.23888431
vt 0.38377619 0.53698963
vt 0.99824774 0.69671261
vt 0.26651913 0.50457662
vt -0.00037944317 -0.072636597
vt 0.84615827 0.41290835
vt 0.99824774 0.91003484
vt -0.12958571 0.45006657
vt 0.7764321 0.55111891
vt 0.81965053 0.5004189
vt 0.0017521381 0.91003484
vt 0.99994993 4.9994997e-05
vt 0.99824774 0.91003484
vt 0.74073184 0.0039062798
vt 0.81962818 0.5004189
vt 0.87807196 0.18425062
vt 0.99999154 0.41238776
vt 0.67634749 0.50383824
vt 0.45874679 0.45278448
vt 0.99824774 0.84916067
vt 0.25895524 0
vt 0.70832837 0.53747004
vt 0.76552641 0.5004189
vt 0.0017522275 0.59399766
vt 0.0017521707 0.76126397
vt 0.055311039 0.44773307
vt -0.51626837 0.5364421
vt 0.12507126 0.53504556
vt 0.99824774 0.92406034
vt 0.2435853 0.53698963
vt 0.70832837 0.50042635
vt 0.4485296 0.04721576
vt 0.097687304 0.44980022
vt -0.12536293 0.44980022
vt 0.75725937 0.54691333
vt 0.00010001659 0.20230348
vt 0.79039752 0.77549803
vt 5.9604645e-08 0.55111891
vt 0.40397611 0.15644813
vt 0.097686768 0.5004189
vt 0.25214925 0.50319982
vt 0.29937726 0.5004189
vt 0.94060034 0.44740811
vt 1.1976331 0.44980025
vt 0.38377619 0.41238776
vt 0.76552641 0.44980022
vt 0.75 0
vt -1.0028481e-05 0
vt 0.82336563 0.50295043
vt 1.0961958 0.5009762
vt 0.3820031 0.55795085
vt 0.82336545 0.55157089
vt 0.99824786 0.7612648
vt 1.1544297 0.41951421
vt 1.186258 0.55415839
vt 0.671875 0.203125
vt 0.99824786 0.77549803
vt 0 0
vt 1 0.203125
vt 0.67546254 0.4073441
vt 0.2181302 0.40812305
vt 1.0054761 -0.50821429
vt 0.0017521707 0.70059836
vt -0.028091073 0.44980022
vt -0.23923624 0.60758054
vt 0.99999154 0.50182837
vt 0.46713853 0.41180012
vt 0.45874679 0.40624219
vt 0.3118633 0.50383824
vt 0.59792376 0.44980022
vt 0.296875 0.203125
vt 2.9802322e-08 0.203125
vt 0.0017522275 0.69671261
vt -0.20420858 0.76525164
vt 0.62734336 0.18572773
vt 0.0049133319 0.064806879
vt 0.49826211 0
vt 1 0.40625
vt 0.79039752 0.70059836
vt 0.4375 0.203125
vt 0.75 0.203125
vt 0.83367598 0.5804987
vt 0.75 0
vt -0.3062959 0.5001356
vt 0.99999994 0.40451226
vt 1 0.203125
vt 0 0.203125
vt 0.99695623 0.91273218
vt 0.44040793 0.40706211
vt 0 0
vt 1.029933 0.44980025
vt 1.186258 0.60140449
vt 0.0017521381 0.89640677
vt 0.54125321 0.55111891
vt 0.24637589 1
vt 0.21875 0
vt -0.12521994 0.50041884
vt 5.9604645e-08 1
vt 0.79228711 0.77927715
vt -0.00034284592 0.31679958
vt 0.99989992 0.20459405
vt 0.7435025 1.0306822
vt 0.40412828 0.5004189
vt 0.8703686 0.5004189
vt 0.99824792 0.58041716
vt 0.2435853 0.50182837
vt 0.99824774 0.69671261
vt 0.21875 0.203125
vt -0.0042038113 0.50041884
vt 0.40781161 0.076596797
vt 1.4992688 0.41028726
vt 0.18976218 0.61251128
vt -2.9802322e-08 0.071496516
vt 0.25895521 0
vt 0.99989992 0.9998998
vt 0.99695575 0.40831438
vt 1 0.45278448
vt 0.40427282 0.44980022
vt 0.7764321 0.50457662
vt 0.515625 0
vt 0.49826199 0
vt 0.86452794 0.41587746
vt 1 0
vt 0.61764711 0.56200004
vt 0.12507126 0.50180167
vt 0.49595416 0.44740817
vt 0.81965113 0.44980025
vt 0.74350238 0.59975117
vt 0.54161173 0.53504556
vt 0.99743658 0.50319982
vt 0.99999154 0.53698963
vt 1.186258 0.58777684
vt 0.99999994 0.40451238
vt 0.26651913 0.50457662
vt 0.0017522005 0.85039771
vt 0.99824786 0.73410225
vt 1.0056335 0.00390625
vt 0.7764321 0.55111891
vt 1.3419377 0.44980025
vt 1.3419377 0.5004189
vt 0.67908669 0.41587746
vt 1.1106679 0.23888145
vt 1.0879757 0.53746992
vt 0.40290177 0.028921127
vt -0.20609814 0.85039771
vt 0.0017521381 0.62181294
vt 0.74073184 0.0039062798
vt 0.99824774 0.89640677
vt 0.57313579 0.5031997
vt 0.49754757 0.45004532
vt 0.50000006 0.60090894
vt 0.40412828 0.44980022
vt 0.74521649 0.45006663
vt 0.99824786 0.76126558
vt 1.0713232 0.5009762
vt 0.25895524 0
vt 0.60507929 0.44773307
vt 0.0017521381 0.92406034
vt 0.40427226 0.5004189
vt 0.50173777 1
vt 1.0028481e-05 0
vt 9.9986792e-05 0.20459382
vt -0.046025947 0.99609375
vt -0.067416668 0.45117223
vt 0.0017521381 0.89640677
vt 0.85122347 0.33344632
vt 1 0
vt 0.79039752 0.73421681
vt 0.80696833 0.50182837
vt 0.99992001 0.40935901
vt 0.83367479 0.41950402
vt 0.0017521381 0.88277912
vt 0.96217203 0.18180799
vt 5.9604645e-08 0.55111891
vt 0.79228711 0.73799592
vt 0.0017521381 0.84916067
vt 0.32316753 0.41587743
vt 0.063065231 0.89201838
vt 0.6666193 0.41180012
vt -0.3062959 0.5364421
vt -0.028612494 0.50041884
vt 0.35014802 0.5004189
vt 0.92328173 0.203125
vt 0.99824774 0.92406034
vt 0.075125791 0.203125
vt 0.21861209 0.50383824
vt 0.14705896 0.41494092
vt 0.75 0
vt 0.0017521381 0.59415936
vt 0.99824774 0.92406034
vt 0.50000012 0.59141195
vt 0.26470593 0.50317657
vt 0.94060034 0.41028726
vt 0.99824774 0.91003484
vt 0.6666193 0.53644216
vt 0.99824786 0.76147252
vt 0.0017521381 0.58053172
vt 0.0017521381 0.91003484
vt 0.671875 0.203125
vt 0.99824774 0.84916067
vt 0.0017521381 0.54691327
vt 1 1
vt 0.29928625 0.5004189
vt 0.89550406 0.50319982
vt 1.186258 0.61503255
vt 0.0017521381 0.88277912
vt 0.7435025 -0.023868755
vt 0.99989992 0.00058053434
vt 0.75725937 0.58041716
vt 0.77707738 0.50294918
vt -0.05341205 0.45006657
vt 0.72526586 0.40624219
vt 0.0017521707 0.7612648
vt 0.21861209 0.45006663
vt 0.99994993 0.203125
vt -0.11286631 0.5364421
vt 0.94774967 0.92312175
vt 0.74350226 0.70425111
vt -0.23923624 0.59399927
vt 1.0844097 0.17314193
vt 0.45874679 0.40624219
vt 0.38377619 0.50182837
vt 0.99634731 -0.12599152
vt 2.9802322e-08 0.203125
vt 0.98758566 0.44980025
vt -0.17210627 0.50041884
vt -0.00037944317 1.0895715
vt 0.46736503 0.44980022
vt 0.99824774 0.54691327
vt 0.33792251 0.079084158
vt 0.99824786 0.77549803
vt 0.50173783 1
vt -0.20609814 0.76147252
vt 0.99824792 0.69671261
vt 0.49826211 0
vt 1 0.40625
vt 0.12507126 0.41587743
vt 1.1269412 0.44980025
vt 0.42165551 0.5031997
vt 0.4375 0.203125
vt 0.75 0.203125
vt 1.1738343 0.44980025
vt 0.7435469 1.12473
vt 0.75 0
vt 0.0017522005 0.77549803
vt 0.79039752 0.76147252
vt 1 0.203125
vt -0.19519991 0.41950348
vt 0.79039752 0.85039771
vt 0.21875 0
vt 1.432532 0.50042623
vt 0.79228711 0.76525164
vt 0.0017521381 0.84916067
vt 0.25214908 0.45004532
vt 0.8703686 0.44980022
vt 0.075198285 0.00058043789
vt 0.99824774 0.88277912
vt -0.45073235 0.41180003
vt 1 0
vt 0.25911927 0.41180006
vt 0.54161173 0.50180167
vt 0.047502995 0.45006657
vt 0.99824774 0.60778743
vt 0.34108731 0.45004532
vt 0.099573821 0.5031997
vt 0.25895521 0
vt 0.87807256 0.82744312
vt 0.99824774 0.59415936
vt 0.99824774 0.91003484
vt 0 1
vt 0.99824792 0.60758007
vt 0.99824774 0.84916067
vt 0.80482012 0.50319982
vt 0.86452794 0.53504556
vt -0.085013226 0.41238776
vt 0.99824774 0.58053172
vt 1 0
vt 1.197633 0.5004189
vt 0.91176462 0.33620298
vt 0.40289709 0.065516174
vt 0.029412001 0.1796473
vt 0.81989765 0.44980025
vt -0.085013226 0.44773307
vt 0.29943079 0.44980022
vt 0.29937726 0.44980022
vt 1.2950513 0.44980025
vt 0.99824786 0.73421681
vt 0.75725937 0.59399843
vt 0.99824774 0.88277912
vt 0.055311039 0.53698963
vt 0.7764321 0.55111891
vt 0.57615137 0.50383824
vt 0.031329907 0.4481861
vt -0.20420858 0.75162357
vt 0.90415406 0.5004189
vt 0.80696833 0.53698963
vt -0.11286631 0.4481861
vt 0.81989765 0.5004189
vt 0.99695563 0.18425062
vt 2.004868 1.5034703
vt 0 0.40451249
vt 0.0017521381 0.99896002
vt 0.84594011 0.5038383
vt 0.82490057 0.50000137
vt 0.62734348 0.82108563
vt -0.12500367 0.17310916
vt 0.18976218 0.59888321
vt 0.50173777 1
vt 0.60507929 0.53698963
vt 0 1
vt 1.0879757 0.44740811
vt 1 0
vt -0.0003426075 0.8920185
vt 5.9604645e-08 0.50457662
vt 0.66886675 0.5004189
vt 1.2950513 0.5004189
vt 1.0054761 0.50273806
vt 0.99118054 0.064806759
vt 0.79228711 0.85417682
vt 0.0017521381 0.62181294
vt 0.11683559 0.45006663
vt 0.99824774 0.99896002
vt 0.44058365 0.15644431
vt 0.72081113 1.0304481
vt 0.74350202 0.30256236
vt 1.2855051 0.41028723
vt 0.75725937 0.621813
vt -0.097912788 0.50175452
vt 0.57220715 0.44980022
vt 0.21419853 0
vt 0.24637583 1
vt 0.40421939 0.5004189
vt 0.73078245 0.44951299
vt 0.97269189 -0.027693748
vt 0.18221366 0.44980022
vt 0.99824786 0.85039771
vt 0.50087911 0.44980022
vt 0.65954733 0.10330385
vt 0.57313544 0.45004532
vt 1 0.50457662
vt 0.671875 0.203125
vt 1 1
vt -0.00034284592 0.41618007
vt 0.515625 0.203125
vt 0.99824774 0.89640677
vt 0.70832837 0.44740814
vt 0.14935169 0.41290835
vt 0.90387082 0.17310996
vt 1.0721117 0.44980022
vt 0.047503024 0.50383824
vt 0.46736509 0.5004189
vt -0.14842905 0.53698963
vt 0.40397611 0.12896389
vt 0.75331116 1
vt 0.296875 0.40625
vt 0.72526586 0.40624219
vt 0.74350238 0.82108575
vt 0.73010445 0.49993402
vt -0.17224926 0.44980022
vt 0 0.203125
vt 0.19025692 0.5031997
vt 0.99824786 0.85039771
vt 0.0017521381 0.60778743
vt -0.081130415 0.076878674
vt -0.081125215 0.92312169
vt 0.4375 0.40625
vt 0.67908669 0.53504556
vt 0.25911927 0.50013566
vt 0.18976218 0.62653679
vt 0.9117648 0.32670614
vt 1 0.40624219
vt 2.9802322e-08 0.203125
vt 0.99824786 0.76147252
vt 0.0017521381 0.91003484
vt 0.67634749 0.45006663
vt 0.57615137 0.45006663
vt 0.0017522275 0.58041716
vt 0.36106974 0.10646677
vt 0.99824774 0.92406034
vt 1.432532 0.41028723
vt 9.9986792e-05 0.40488783
vt -0.0023581088 0.45004532
vt 0.13521056 0.33347458
vt 0.0017521381 0.92406034
vt 0.92538261 0.91273218
vt -0.0003426075 0.81162339
vt 1.186258 0.62905806
vt 1.1739689 0.5004189
vt -0.064693987 0.53504556
vt 1 0
vt 0.0017521707 0.77549803
vt 0.00010001659 0.00058043003
vt 1.1270831 0.5004189
vt 0.23517889 0.40624219
vt 0.091918677 0.32588336
vt 0.80696833 0.44773307
vt 0.0017522005 0.77549803
vt 1.2855051 0.50042623
vt 0.26651913 0.55111891
vt 0.99695599 0.30252582
vt 0.99824786 0.70059836
vt 0.99824774 0.88277912
vt 0 0.55269563
vt 0.16146608 0.49999276
vt 0.59792376 0.5004189
vt -1 0.5
vt 0.14010064 0.50041884
vt 1.0879757 0.41028726
vt -0.99500006 1.4924999
vt 4.9995e-05 0.203125
vt 0.2435853 0.44773307
vt 0.72081113 -0.023634687
vt 0.39920366 0.45006663
vt 0.1089434 0.76112103
vt 0.99626094 0.50180167
vt -0.0003426075 0.12491626
vt 0.99824774 0.62181294
vt -0.20609814 0.77549803
vt 0.67551047 0.4072639
vt 0.99695623 0.70916784
vt 0.0017522005 0.76147252
vt 0.46713853 0.44818616
vt 0.99824774 0.92406034
vt 0.50173777 1
vt 0.19025674 0.45004529
vt 0.99824786 0.73421681
vt 0 1
vt 0.38377619 0.44773307
vt 1 0
vt 0.26470587 0.51267356
vt 5.9604645e-08 0.50457662
vt 0 0
vt -0.20397404 0.50000095
vt 0.0017521381 0.89640677
vt 2.9802322e-08 0.40625
vt 0.26393265 0.71542692
vt 0.74292809 0.50319982
vt 0.0017521381 0.99896002
vt -0.11286631 0.41180006
vt 0.65973353 0.10276884
vt 0.61431968 0.12989789
vt 1.1862578 0.55163711
vt 1.1106582 0.76111996
vt 0.60507929 0.41238776
vt 0.24637583 1
vt 0.37523174 0.5084818
vt -0.51626837 0.41180003
vt 0.031329907 0.41180006
vt 0.40421939 0.44980022
vt 0.74073178 0.0039062798
vt 1.0601245 0.53504562
vt 0.0017521381 0.59415936
vt -0.064693928 0.44965619
vt 1 0.50457662
vt 0.5009318 0.5004189
vt 1 1
vt 0.99824792 0.62181294
vt 0.515625 0.203125
vt 0.99626094 0.53504562
vt 0.99824774 0.99896002
vt 1.1739689 0.5004189
vt 0.26393265 0.605129
vt 0 0.40451226
vt 0.70243347 0.5004189
vt 0.75331116 1
vt 0.296875 0.40625
vt 0.72526586 0.40624219
vt 0.75 0.203125
vt 0.61431968 0.077249527
vt 0.18976223 0.70395774
vt 0 0.203125
vt 0.21419853 0.203125
vt 0.86452794 0.44965625
vt 0.4375 0.40625
vt 1.1862578 0.59888321
vt 0 0.203125
vt 0.1753363 0.55157089
vt 0 0
vt 0.2638841 1.1621974
vt 0.99824774 0.89640677
vt 0 0
vt 0.59759194 0.44980022
vt 0.85294127 0.41494092
vt 0.25911927 0.44818616
vt 0.99824786 0.85039771
vt 0.0017521381 0.60778743
vt 0.0017521381 0.88277912
vt 1.2855051 0.44740814
vt 1.0000002 0.06199947
vt -0.23923624 0.621813
vt 0.34694028 0.50340712
vt 0.515625 0
vt 0.94060034 0.50042635
vt 0.26596931 0.49993402
vt 0.23517889 0.40624219
vt 0.45874679 0.45278448
vt 0.26562184 0.44980022
vt 0.99626094 0.44965625
vt 0.097543091 0.5004189
vt 0.671875 0.40625
vt 0.01846981 0.0055300049
vt 7.9929829e-05 0.40935898
vt 0.26651913 0.55111891
vt 0.59744745 0.5004189
vt 0.08268404 0.82685959
vt 0.99626094 0.41587746
vt 0.54125321 0.50457662
vt 0.38235292 0.57149732
vt 0.99824774 0.84916067
vt 0.9041543 0.44980025
vt -0.14842905 0.44773307
vt 0.74073184 0.0039062798
vt 0 0
vt 0.0017522005 0.74784446
vt 0 0.55269563
vt 0.26393265 0.83874393
vt 0.67553908 0.44743568
vt 0.74521649 0.5038383
vt 0.99824774 0.92406034
vt 0.97058827 0.1796473
vt -0.16650245 0.50383824
vt 1.499269 0.44740811
vt 0.18976223 0.61503255
vt 0.004893275 0.064806759
vt 1.0843986 0.82685888
vt 0.87755126 0.76115721
vt 0.99992001 0.55078125
vt 1.499269 0.50042623
vt 0.10766029 0.2053113
vt 0 0
vt 1 0.203125
vt 0 1
vt -0.0282197 0.50041884
vt 7.9929829e-05 0.40935898
vt 5.9604645e-08 0.50457662
vt 0 0
vt 0.75 0
vt 0.19685084 0.70013511
vt -0.0003426075 0.60041702
vt 2.9802322e-08 0.40625
vt 0.065822229 0.95281136
vt 0.99824774 0.88277912
vt 0.48481229 0.50383824
vt 0.702411 0.44980022
vt -0.12527227 0.50041884
vt 1.1920929e-07 0.06199947
vt 0.43528634 0.11320144
vt 0.0017522005 0.76147252
vt 0.13520399 0.66653079
vt 0.99824786 0.74768436
vt 0.26393253 0.29145283
vt 0.0017522275 0.60757798
vt 0.74073178 0.0039062798
vt 0.38724923 0.83874315
vt 0.17467393 0.44744062
vt 0.99824786 0.77549803
vt 0.38202313 0.55795085
vt 0.90417528 0.32588336
vt 0.0017521381 0.69671261
vt 1 0.50457662
vt 0.26393241 1.0599761
vt -0.067416668 0.50097609
vt 1 1
vt 1.0601245 0.41587746
vt 0.515625 0.203125
vt 0.99992001 0.55078125
vt -0.23923624 0.5940001
vt 1.1369252 0.33347267
vt 2.9802322e-08 0.45278448
vt 0.18976218 0.58525556
vt 0.59744745 0.44980022
vt 0.75 0.203125
vt 0.72526586 0.40624219
vt -0.0003426075 0.5084818
vt 0.48590231 0.29145283
vt 0.49826211 0
vt 0.21875 0.203125
vt 0 0.203125
vt -0.3062959 0.4481861
vt 0.26562184 0.5004189
vt 0.21419853 0.203125
vt -0.064693928 0.50180167
vt 0.49595416 0.41028726
vt 0.4375 0.40625
vt 0.75 0
vt -0.064693928 0.4158774
vt 0.097634017 0.5004189
vt 0.0017521381 0.59415936
vt 0.98284894 0.99609375
vt 1 0.45278448
vt 1 0.203125
vt 0.92538249 0.098960996
vt 0.00010009918 0.99990004
vt 0 0
vt 0.67407733 0.90533632
vt 0.99994993 0.20314997
vt 1 0.40429688
vt 0.0017521381 0.99896002
vt 0.49826199 0
vt -0.028559923 0.50041884
vt 0.0017522005 0.70059836
vt 0.0017521381 0.91003484
vt 0.75331122 1
vt 0.14705878 0.42443794
vt 0.77021766 0.449514
vt -0.00034284592 0.0053359321
vt 0.74292773 0.45004532
vt 0.01846981 1.0114049
vt 0.90417719 0.44980025
vt 0.97058821 0.18914419
vt 0.031329896 0.5364421
vt -0.12958571 0.50383824
vt -0.51626837 0.4481861
vt 2.004868 0.50069499
vt 0.0017521381 0.92406034
vt 0.96429974 0.45004535
vt 0.61814511 0.57149708
vt 0.088235199 0.32670614
vt 0.72526586 0.45278448
vt 0.99824774 0.99896002
vt 0.34258366 0.060709655
vt 0.0017521381 0.89640677
vt 1 0.55111891
vt 0.34108755 0.5031997
vt 0.28859603 1.0597219
vt 1.1862578 0.62653679
vt 0.92214668 0.5038383
vt 0.99824774 0.54691327
vt 0.23517889 0.40624219
vt -0.12538493 0.50041884
vt 0.0039062495 0.99609375
vt 0.45874679 0.45278448
vt -0.20420858 0.73799592
vt 0.671875 0.40625
vt -0.20420858 0.70437747
vt 0.14993554 0.41290835
vt 0.26651913 0.55111891
vt 0.99695575 0.098960996
vt 0.48481229 0.45006663
vt 0.36075103 0.10614961
vt 0.98284322 0.003907403
vt 0.97269261 1.0393867
vt 0.54125321 0.50457662
vt 1 0
vt 1 1
vt 1.0601245 0.44965625
vt 0.64050096 0.12270868
vt 0 0
vt 0.35014802 0.44980022
vt 1.0601245 0.50180167
vt 1.040633 0.92310536
vt 0.99824792 0.59399837
vt 0.23517889 0.45278448
vt 0.99695563 0.60337919
vt 0.28859603 -0.052968636
vt 0.99634755 1.1376847
vt 1.186258 0.70395774
vt 0.81962818 0.44980025
vt 0.0017521381 0.88277912
vt 0.0017521381 0.99896002
vt 1.1862578 0.70143646
vt 0.99824774 0.59415936
vt 1.499269 0.53746992
vt -0.12524128 0.44980022
vt 0.90417653 0.5004189
vt 0.99824792 0.59399885
vt 0.0017521707 0.85039771
vt 0.80696833 0.41238776
vt 0.99824774 0.62181294
vt 0.0017522005 0.74784446
vt 0.66672039 0.12938303
vt 0.033921748 0.18084112
vt 0.46713853 0.53644216
vt 0.78345227 0.30252582
vt -0.092289448 0.50097603
vt 0.6666193 0.44818616
vt 0 0
vt 1 0.203125
vt 0.34258366 0.08815378
vt 0.99824774 0.92406034
vt -0.20609814 0.74784446
vt -0.028703213 0.44980022
vt 1.124172 0.4490298
vt 0 0
vt 0.75 0
vt 0.21419853 0
vt -0.23923624 0.69671261
vt 2.9802322e-08 0.40625
vt 0.68320894 0.5034402
vt 1.0298796 0.44980025
vt 0.99824774 0.99896002
vt -0.20609814 0.73421681
vt -0.3062959 0.41180006
vt 0.0017522275 0.60757846
vt 0.45874679 0.40624219
vt 0.9998998 9.9979996e-05
vt -0.092289686 0.45117223
vt 0.67407715 0.1014771
vt 0.18976223 0.62905806
vt 0.50173783 1
vt 0.99695623 0.82744312
vt 0.0017521381 0.84916067
vt 0.57220715 0.5004189
vt 1 0.40625
vt 1.1739689 0.44980025
vt 0.74073178 0.0039062798
vt 0.4375 0.203125
vt -0.0003426075 0.70013523
vt 1 0.50457662
vt 0.99999994 0.55269575
vt 0.18216005 0.44980022
vt 1.0721117 0.5004189
vt 0.515625 0.203125
vt 0.15271485 0.41951606
vt 2.9802322e-08 0.45278448
vt 0.50087911 0.5004189
vt 0.10432041 0.81162328
vt -0.51626837 0.5001356
vt 0.26393265 -0.05322291
vt 0.99824774 0.91003484
vt 0.75 0.203125
vt 0.98758566 0.5004189
vt 0.99824774 0.84916067
vt 0.94774425 0.076879561
vt 0.49826211 0
vt 0 0.203125
vt 0.063065231 0.12491626
vt 0.21419853 0.203125
vt 1.0304008 0.5004189
vt 0.14010064 0.44980022
vt -0.12417233 0.44902977
vt 0.90415424 0.5004189
vt 2.9802322e-08 0.40624219
vt 0.18976218 0.55163711
vt 1.1739471 0.5004189
vt 1 0.45278448
vt 1 0.203125
vt 0.03390184 0.18180799
vt 1.1544263 0.58079207
vt 0.99824774 0.88277912
vt 0.49826199 0
vt 0.2923938 0.50042635
vt 0.6935153 0.40831453
vt 1.0979123 0.50175452
vt 0.75331122 1
vt 1.0304229 0.5004189
vt 0.1745974 0.40734908
vt 1 1
vt 0.030778587 0.50319982
vt 0.0017522275 0.54691327
vt 1.0879757 0.50042635
vt 0.74350238 0.90533632
vt 1 0
vt 0.54161173 0.44965622
vt -0.0042038113 0.44980022
vt 1.0406455 0.076894835
vt -0.097912848 0.44903082
vt 0.99743599 0.45004535
vt 0.72526586 0.45278448
vt 0.7764321 0.55111891
vt 0.29943013 0.5004189
vt -0.99500006 0.5025
vt 1.1862578 0.61251128
vt 1 0.55111891
vt 0.73529422 0.50317657
vt 0.23517889 0.40624219
vt 0.99824792 0.54691327
vt 0.0017521381 0.91003484
vt 1.0961957 0.45117235
vt -0.15132341 0.76115716
vt 0.59421194 0.50584662
vt 0.671875 0.40625
vt 0.26393265 0.079084158
vt 0.0017521381 0.92406034
vt 0.26651913 0.55111891
vt 1.1270607 0.44980025
vt 1 0.071496516
vt 0.7435469 -0.1179169
vt 0.29928625 0.44980022
vt 0.38724911 0.1677247
vt 0.0017521381 0.92406034
vt 0.055311039 0.41238776
vt 0.54125321 0.50457662
vt -0.20420858 0.85417682
vt 0.25911927 0.5364421
vt 0.0017521381 0.99896002
vt 1 0
vt 0.37915671 0.060704887
vt 0.64037836 0.10343879
vt -0.0003426075 0.2053113
vt 0.99824786 0.70059836
vt 0.50078785 0.5004189
vt -0.14842905 0.50182837
vt 0 1
vt 0.85122621 0.66655606
vt 0.099573642 0.45004529
vt 0.23517889 0.45278448
vt 0.99992001 0.40935901
vt 4.9994997e-05 0.20314983
vt 0.029411763 0.18914419
vt 1.1631809 0.49999121
vt 0.32316756 0.44965622
vt 1.1739471 0.44980025
vt 1 0
vt -0.028068721 0.44980022
vt 0.091938734 0.32588336
vt 0.65398878 0.45004532
vt -0.12529439 0.44980022
vt 1.2855051 0.53746992
vt 0.26393265 0.16772509
vt 1 0.55269551
vt 0.99824774 0.99896002
vt 0.67543393 0.44752634
vt 0.671875 0.203125
vt -0.45073235 0.5364421
vt 1.432532 0.53746992
vt 0.0017521381 0.58053172
vt 1 0.203125
vt 0.0017521381 0.91003484
vt 0.296875 0.203125
vt 0.0017521381 0.54691327
vt 0.61407077 0.55795115
vt 0.082695633 0.17314583
vt 1.1369188 0.6665296
vt 1.0056207 0.99609375
vt 0 0
vt 0.21419853 0
vt 0.13966398 0.44760656
vt 0.0017521381 0.88277912
vt -0.085013226 0.50182837
vt 2.9802322e-08 0.40625
vt 0.99695611 1.0393867
vt 0.45874679 0.40624219
vt 0.18216002 0.5004189
vt 0.030778378 0.45004532
vt 0.99824774 0.62181294
vt 1 0.40624219
vt -0.1513277 0.23884378
vt 0.75725937 0.60757977
vt 0.70228964 0.44980022
vt 0.055311039 0.50182837
vt 0.50173783 1
vt 0.54125321 0.55111891
vt 0.24637589 1
vt -0.20609814 0.70059836
vt 0.74073178 0.0039062798
vt 0.6666193 0.50013566
vt 0.99824774 0.54691327
vt 0.19685084 0.31679958
vt 0.0017521381 0.60778743
vt 1.1862578 0.58525556
vt 0.84594011 0.45006663
vt 0.38235289 0.56200039
vt 0.44040805 0.59975117
vt 0 1
vt 1.00001 0
vt 0.53387576 0.70425111
vt 0.70832837 0.41028723
vt 0.73012447 0.49993402
vt 0.0017521381 0.91003484
vt 0.042682573 0.44980022
vt -0.45073235 0.4481861
vt 0.18221298 0.5004189
vt 2.9802322e-08 0.45278448
vt 0.59759146 0.5004189
vt 0.75 0.203125
vt 0.7764321 0.50457662
vt 0.0017521381 0.84916067
vt -0.17218041 0.44980022
vt 0.21419853 0.203125
vt 0.99824786 0.70059836
vt 2.9802322e-08 0.40624219
vt 0.29239374 0.41028726
vt 0.99824774 0.60778743
vt 1 0.45278448
vt -0.45073235 0.5001356
vt 0.49754786 0.50319982
vt 0.38965309 0.094890475
vt -0.19519864 0.5804987
vt 0.26651913 0.50457662
vt 0.097634017 0.44980022
vt 0.74350238 0.18572773
vt 0.99824774 0.59415936
vt 0.75331122 1
vt 0.99824774 0.91003484
vt 0.70243406 0.44980022
vt 0.0017521707 0.73410225
vt 0.61409068 0.55795115
vt 0.80481964 0.45004532
vt 1 0
vt 0.99824774 0.58053172
vt 0.28604126 0.41617987
vt 0.25895524 0
vt 1.0304008 0.44980025
vt 0.96219218 0.18084112
vt 0.72526586 0.45278448
vt 0.0017522005 0.73421681
vt 0.99824774 0.88277912
vt -0.23923624 0.54691333
vt 1 0.55111891
vt 0.79039752 0.74784446
vt 0.50078785 0.44980022
vt -0.16650242 0.45006657
vt 4.9994997e-05 4.9994997e-05
vt 0.0017521381 0.89640677
vt -0.11286631 0.5001356
vt 0.066008426 0.95227635
vt 0.84613836 0.41290835
vt 5.9604645e-08 0.55111891
vt 0.0039197071 0.0039111292
vt 0.671875 0.40625
vt 0.26393276 0.40175048
vt 0.92214668 0.45006663
vt 0.50173777 1
vt 0.065491922 0.95241892
vt 0.95906246 0.5038383
vt 0.097543091 0.44980022
vt 1 0
vt 0.702411 0.5004189
vt 0.54125321 0.50457662
vt 0.94060034 0.53747004
vt 1 0
vt -0.17215842 0.50041884
vt 9.9979996e-05 0.00010015877
vt 0.66886675 0.44980022
vt 0.5338757 0.30256236
vt 0.11683562 0.50383824
vt 0.99999154 0.44773307
vt 0.50093246 0.44980022
vt 0.99824786 0.74784446
vt 0.23517889 0.45278448
vt 0.75725937 0.60758054
vt 0.79228711 0.70437747
vt 0.24637583 1
vt 1.432532 0.44740814
vt 0 0
vt 0.67908669 0.44965622
vt -0.085013226 0.53698963
vt 0.4303773 0.065070212
vt 0.0017521381 0.99896002
vt 0 0.40429688
vt -0.17764838 0.6665563
vt 0.042682454 0.50041884
vt -0.17765096 0.33344534
vt 0.26393265 0.92766833
vt -0.12499915 0.82689166
vt 0.296875 0.203125
vt 0.78345239 0.70916784
vt 0.99824774 0.89640677
vt 0.75331116 1
vt 0.296875 0.40625
vt 0.21419853 0
vt 0.26393265 0.5034402
vt 0.0017521381 0.92406034
vt -0.14842905 0.41238776
vt 0.65398914 0.50319982
vt 1.0713234 0.45117247
vt 0.0017521381 0.69671261
vt 0.75 0.203125
vt 0.70228964 0.5004189
vt 0.031329907 0.5001356
vt 0.99824774 0.99896002
vt 0.74350238 0.50340664
vt 1 0.40624219
vt 0.60507929 0.50182837
vt 0 0.203125
vt 0.79228711 0.75162357
vt 0.50173783 1
vt 0.54125321 0.55111891
vt 0.24637589 1
vt 0.21875 0
vt 0.0017521381 0.58053172
vt 0.0017521381 0.54691327
vt 1.1270826 0.5004189
vt 0.0017521381 0.84916067
vt 0.49595416 0.53747004
vt 0.18976223 0.60140449
vt 0.21875 0.203125
vt 1.029917 0.5004189
vt 0.64029944 0.084128678
vt 0.42228514 0.17459679
vt 0.90415406 0.44980025
vt 1 0
vt 0.99824774 0.69671261
vt 0.4375 0.40625
vt 0.7352941 0.51267356
vt 1.0979135 0.44903085
vt 0.25895521 0
vt 0.77021754 0.40812305
vt 0.99824774 0.89640677
vt 2.9802322e-08 0.45278448
vt 0.99695575 0.50584662
vn 0 -0.47301179 -0.88105601
vn 0 -0.47301179 -0.88105601
vn 0 -0.47301179 -0.88105601
vn 0 -0.47301179 -0.88105601
vn 0 0.47301179 -0.88105601
vn 0 0.47301179 -0.88105601
vn 0 0.47301179 -0.88105601
vn 0 0.47301179 -0.88105601
vn 0.88105369 -0.47301632 0
vn 0.88105369 -0.47301632 0
vn 0.88105369 -0.47301632 0
vn 0.88105369 -0.47301632 0
vn 0.99999994 0 0
vn 0.99999994 0 0
vn 0.99999994 0 0
vn 0.99999994 0 0
vn 0 0 0.99999994
vn 0 0 0.99999994
vn 0 0 0.99999994
vn 0 0 0.99999994
vn 0 0 -0.99999994
vn 0 0 -0.99999994
vn 0 0 -0.99999994
vn 0 0 -0.99999994
vn -0.99999994 0 0
vn -0.99999994 0 0
vn -0.99999994 0 0
vn -0.99999994 0 0
vn -0.88105327 0.47301704 0
vn -0.88105327 0.47301704 0
vn -0.88105327 0.47301704 0
vn -0.88105327 0.47301704 0
vn 0 -0.4730162 0.88105375
vn 0 -0.4730162 0.88105375
vn 0 -0.4730162 0.88105375
vn 0 -0.4730162 0.88105375
vn -1 0 0
vn -1 0 0
vn -1 0 0
vn -1 0 0
vn 0 -1.1920927e-06 -1
vn 0 -1.1920927e-06 -1
vn 0 -1.1920927e-06 -1
vn 0 -1.1920927e-06 -1
vn 1 0 0
vn 1 0 0
vn 1 0 0
vn 1 0 0
vn 0 0 1
vn 0 0 1
vn 0 0 1
vn 0 0 1
vn -1 0 0
vn -1 0 0
vn -1 0 0
vn -1 0 0
vn 0 0 -1
vn 0 0 -1
vn 0 0 -1
vn 0 0 -1
vn 0 5.9604633e-07 1
vn 0 5.9604633e-07 1
vn 0 5.9604633e-07 1
vn 0 5.9604633e-07 1
vn 1 0 0
vn 1 0 0
vn 1 0 0
vn 1 0 0
vn 0 0.4730162 0.88105375
vn 0 0.4730162 0.88105375
vn 0 0.4730162 0.88105375
vn 0 0.4730162 0.88105375
vn -0.88105369 -0.47301632 0
vn -0.88105369 -0.47301632 0
vn -0.88105369 -0.47301632 0
vn -0.88105369 -0.47301632 0
vn 0.88105327 0.47301704 0
vn 0.88105327 0.47301704 0
vn 0.88105327 0.47301704 0
vn 0.88105327 0.47301704 0
vn 0 1 0
vn 0 1 0
vn 0 1 0
vn 0 1 0
vn 0 -1 0
vn 0 -1 0
vn 0 -1 0
vn 0 -1 0
vn 0 -0.47301516 -0.88105434
vn 0 -0.47301516 -0.88105434
vn 0 -0.47301516 -0.88105434
vn 0 -0.47301516 -0.88105434
vn 0 0.47301704 -0.88105327
vn 0 0.47301704 -0.88105327
vn 0 0.47301704 -0.88105327
vn 0 0.47301704 -0.88105327
vn 0.8810553 -0.4730134 0
vn 0.8810553 -0.4730134 0
vn 0.8810553 -0.4730134 0
vn 0.8810553 -0.4730134 0
vn 1 0 0
vn 1 0 0
vn 1 0 0
vn 1 0 0
vn 0 0 1
vn 0 0 1
vn 0 0 1
vn 0 0 1
vn 0 -8.451935e-08 -1
vn 0 -8.451935e-08 -1
vn 0 -8.451935e-08 -1
vn 0 -8.451935e-08 -1
vn -1 0 0
vn -1 0 0
vn -1 0 0
vn -1 0 0
vn -0.8810553 0.47301331 0
vn -0.8810553 0.47301331 0
vn -0.8810553 0.47301331 0
vn -0.8810553 0.47301331 0
vn 0 -0.47301704 0.88105327
vn 0 -0.47301704 0.88105327
vn 0 -0.47301704 0.88105327
vn 0 -0.47301704 0.88105327
vn -1 0 0
vn -1 0 0
vn -1 0 0
vn -1 0 0
vn 0 0 -1
vn 0 0 -1
vn 0 0 -1
vn 0 0 -1
vn 1 0 0
vn 1 0 0
vn 1 0 0
vn 1 0 0
vn 0 9.6857639e-07 1
vn 0 9.6857639e-07 1
vn 0 9.6857639e-07 1
vn 0 9.6857639e-07 1
vn -1 0 0
vn -1 0 0
vn -1 0 0
vn -1 0 0
vn 0 0 -1
vn 0 0 -1
vn 0 0 -1
vn 0 0 -1
vn 0 0 1
vn 0 0 1
vn 0 0 1
vn 0 0 1
vn 1 0 0
vn 1 0 0
vn 1 0 0
vn 1 0 0
vn 0 0.47301704 0.88105327
vn 0 0.47301704 0.88105327
vn 0 0.47301704 0.88105327
vn 0 0.47301704 0.88105327
vn -0.8810553 -0.4730134 0
vn -0.8810553 -0.4730134 0
vn -0.8810553 -0.4730134 0
vn -0.8810553 -0.4730134 0
vn 0.8810553 0.47301331 0
vn 0.8810553 0.47301331 0
vn 0.8810553 0.47301331 0
vn 0.8810553 0.47301331 0
vn 0 1 0
vn 0 1 0
vn 0 1 0
vn 0 1 0
vn 0 -1 0
vn 0 -1 0
vn 0 -1 0
vn 0 -1 0
vn -0.88105708 -0.47301009 -1.4073225e-06
vn -0.88105708 -0.47301009 -1.4073225e-06
vn -0.88105708 -0.47301009 -1.4073225e-06
vn -0.88105708 -0.47301009 -1.4073225e-06
vn -0.8810553 0.47301334 0
vn -0.8810553 0.47301334 0
vn -0.8810553 0.47301334 0
vn -0.8810553 0.47301334 0
vn 3.5182998e-07 -0.4730143 -0.88105476
vn 3.5182998e-07 -0.4730143 -0.88105476
vn 3.5182998e-07 -0.4730143 -0.88105476
vn 3.5182998e-07 -0.4730143 -0.88105476
vn 3.4422388e-07 0 -0.99999994
vn 3.4422388e-07 0 -0.99999994
vn 3.4422388e-07 0 -0.99999994
vn 3.4422388e-07 0 -0.99999994
vn 1 0 0
vn 1 0 0
vn 1 0 0
vn 1 0 0
vn -1 -3.4059798e-07 0
vn -1 -3.4059798e-07 0
vn -1 -3.4059798e-07 0
vn -1 -3.4059798e-07 0
vn -1.7211197e-07 4.7361766e-08 0.99999994
vn -1.7211197e-07 4.7361766e-08 0.99999994
vn -1.7211197e-07 4.7361766e-08 0.99999994
vn -1.7211197e-07 4.7361766e-08 0.99999994
vn -1.7591486e-07 0.47301677 0.88105339
vn -1.7591486e-07 0.47301677 0.88105339
vn -1.7591486e-07 0.47301677 0.88105339
vn -1.7591486e-07 0.47301677 0.88105339
vn 0.88105536 -0.47301322 0
vn 0.88105536 -0.47301322 0
vn 0.88105536 -0.47301322 0
vn 0.88105536 -0.47301322 0
vn -1.4901158e-07 0 1
vn -1.4901158e-07 0 1
vn -1.4901158e-07 0 1
vn -1.4901158e-07 0 1
vn -1 -9.5367432e-07 -1.1920927e-06
vn -1 -9.5367432e-07 -1.1920927e-06
vn -1 -9.5367432e-07 -1.1920927e-06
vn -1 -9.5367432e-07 -1.1920927e-06
vn 0 5.9604702e-07 -1
vn 0 5.9604702e-07 -1
vn 0 5.9604702e-07 -1
vn 0 5.9604702e-07 -1
vn 1 0 0
vn 1 0 0
vn 1 0 0
vn 1 0 0
vn -1.4901175e-07 -5.9604702e-07 1
vn -1.4901175e-07 -5.9604702e-07 1
vn -1.4901175e-07 -5.9604702e-07 1
vn -1.4901175e-07 -5.9604702e-07 1
vn -1 0 0
vn -1 0 0
vn -1 0 0
vn -1 0 0
vn 1 0 0
vn 1 0 0
vn 1 0 0
vn 1 0 0
vn 0 0 -1
vn 0 0 -1
vn 0 0 -1
vn 0 0 -1
vn 0.8810553 0.47301334 0
vn 0.8810553 0.47301334 0
vn 0.8810553 0.47301334 0
vn 0.8810553 0.47301334 0
vn 1.3421178e-12 -0.47302026 0.88105154
vn 1.3421178e-12 -0.47302026 0.88105154
vn 1.3421178e-12 -0.47302026 0.88105154
vn 1.3421178e-12 -0.47302026 0.88105154
vn -1.7591476e-07 0.4730137 -0.881055
vn -1.7591476e-07 0.4730137 -0.881055
vn -1.7591476e-07 0.4730137 -0.881055
vn -1.7591476e-07 0.4730137 -0.881055
vn 0 1 0
vn 0 1 0
vn 0 1 0
vn 0 1 0
vn 0 -1 0
vn 0 -1 0
vn 0 -1 0
vn 0 -1 0
vn 0 -0.47301671 0.88105339
vn 0 -0.47301671 0.88105339
vn 0 -0.47301671 0.88105339
vn 0 -0.47301671 0.88105339
vn 0 0.47301671 0.88105339
vn 0 0.47301671 0.88105339
vn 0 0.47301671 0.88105339
vn 0 0.47301671 0.88105339
vn -0.88105363 -0.47301665 0
vn -0.88105363 -0.47301665 0
vn -0.88105363 -0.47301665 0
vn -0.88105363 -0.47301665 0
vn -1 0 0
vn -1 0 0
vn -1 0 0
vn -1 0 0
vn 1.7211237e-07 1.2293735e-07 -0.99999994
vn 1.7211237e-07 1.2293735e-07 -0.99999994
vn 1.7211237e-07 1.2293735e-07 -0.99999994
vn 1.7211237e-07 1.2293735e-07 -0.99999994
vn 0 -1.7672244e-07 0.99999994
vn 0 -1.7672244e-07 0.99999994
vn 0 -1.7672244e-07 0.99999994
vn 0 -1.7672244e-07 0.99999994
vn 1 0 0
vn 1 0 0
vn 1 0 0
vn 1 0 0
vn 0.88105363 0.47301653 0
vn 0.88105363 0.47301653 0
vn 0.88105363 0.47301653 0
vn 0.88105363 0.47301653 0
vn 3.5182941e-07 -0.47301564 -0.88105404
vn 3.5182941e-07 -0.47301564 -0.88105404
vn 3.5182941e-07 -0.47301564 -0.88105404
vn 3.5182941e-07 -0.47301564 -0.88105404
vn 1 0 0
vn 1 0 0
vn 1 0 0
vn 1 0 0
vn 0 0 1
vn 0 0 1
vn 0 0 1
vn 0 0 1
vn -1 0 0
vn -1 0 0
vn -1 0 0
vn -1 0 0
vn 1.4901158e-07 2.2351738e-07 -1
vn 1.4901158e-07 2.2351738e-07 -1
vn 1.4901158e-07 2.2351738e-07 -1
vn 1.4901158e-07 2.2351738e-07 -1
vn 1 0 0
vn 1 0 0
vn 1 0 0
vn 1 0 0
vn 0 0 1
vn 0 0 1
vn 0 0 1
vn 0 0 1
vn 1.4901158e-07 2.2351738e-07 -1
vn 1.4901158e-07 2.2351738e-07 -1
vn 1.4901158e-07 2.2351738e-07 -1
vn 1.4901158e-07 2.2351738e-07 -1
vn -1 0 0
vn -1 0 0
vn -1 0 0
vn -1 0 0
vn 1.7591601e-07 0.47301593 -0.88105386
vn 1.7591601e-07 0.47301593 -0.88105386
vn 1.7591601e-07 0.47301593 -0.88105386
vn 1.7591601e-07 0.47301593 -0.88105386
vn 0.88105363 -0.47301656 0
vn 0.88105363 -0.47301656 0
vn 0.88105363 -0.47301656 0
vn 0.88105363 -0.47301656 0
vn -0.88105363 0.47301662 0
vn -0.88105363 0.47301662 0
vn -0.88105363 0.47301662 0
vn -0.88105363 0.47301662 0
vn 0 0.99999994 0
vn 0 0.99999994 0
vn 0 0.99999994 0
vn 0 0.99999994 0
vn 0 -1 0
vn 0 -1 0
vn 0 -1 0
vn 0 -1 0
vn -0.21427763 -0.9176324 0.33471763
vn -0.22149394 -0.97516161 -0.00047024991
vn 3.9826403e-10 -0.99999988 -0.00049548486
vn -2.2168722e-07 -0.93776232 0.34727779
vn 0.29801771 -0.95456028 -2.7177671e-07
vn 0.49164602 -0.87079513 -3.5086077e-07
vn 0.5257324 -0.85064995 4.6795648e-07
vn 0.34694654 -0.93788493 -1.7078337e-07
vn 0.49164602 -0.87079513 -3.5086077e-07
vn 0.6831699 -0.73025942 0
vn 0.72645342 -0.68721563 5.9610534e-07
vn 0.5257324 -0.85064995 4.6795648e-07
vn 0.6831699 -0.73025942 0
vn 0.87158668 -0.49024132 0.00037819424
vn 0.88468343 -0.46619165 0.00077635213
vn 0.72645342 -0.68721563 5.9610534e-07
vn 0.87158668 -0.49024132 0.00037819424
vn 0.94819331 -0.31768945 0.0016719254
vn 0.95222062 -0.30541083 9.2838736e-06
vn 0.88468343 -0.46619165 0.00077635213
vn 0.94819331 -0.31768945 0.0016719254
vn 0.99122226 -0.13207318 -0.0059326249
vn 0.95222062 -0.30541083 9.2838736e-06
vn -1.9186464e-08 -1 -4.9670504e-08
vn -0.29801735 -0.95456046 2.7116243e-07
vn -0.34694657 -0.93788493 1.7036851e-07
vn 5.7203232e-07 -1 -2.4835229e-08
vn -3.4912233e-07 -0.87079543 0.49164554
vn -1.213716e-07 -0.85064983 0.52573264
vn 0 -0.68721557 0.7264536
vn 0 -0.73025918 0.68317008
vn 0 -0.73025918 0.68317008
vn 0 -0.68721557 0.7264536
vn 2.8342254e-07 -0.46657225 0.8844831
vn 0 -0.49030104 0.87155318
vn 0 -0.49030104 0.87155318
vn 2.8342254e-07 -0.46657225 0.8844831
vn 4.6423278e-07 -0.30784264 0.95143729
vn 0 -0.31993505 0.94743949
vn 0 -0.31993505 0.94743949
vn 4.6423278e-07 -0.30784264 0.95143729
vn 3.368273e-07 -0.1296868 0.99155498
vn 0.34694672 -0.93788481 0
vn 0.52467209 -0.85130447 0
vn 0.52467233 -0.85130435 -1.2164168e-07
vn 0.34694627 -0.93788493 -1.9460715e-07
vn -5.1793023e-07 -0.97129881 -0.23786265
vn -0.34345382 -0.91310215 -0.21973604
vn -0.34694651 -0.93788499 1.7078349e-07
vn -6.0625638e-07 -1 6.9940053e-14
vn 4.1848241e-07 -0.9545604 -0.29801759
vn 2.216231e-07 -0.93788481 -0.34694657
vn 1.2340871e-07 -0.85065007 -0.52573228
vn 3.569821e-07 -0.87115598 -0.49100643
vn 3.569821e-07 -0.87115598 -0.49100643
vn 1.2340871e-07 -0.85065007 -0.52573228
vn 0 -0.68721545 -0.72645366
vn 0 -0.72913754 -0.68436718
vn 0 -0.72913754 -0.68436718
vn 0 -0.68721545 -0.72645366
vn -0.00075789884 -0.46621066 -0.88467336
vn -0.00035507203 -0.48959646 -0.87194908
vn -0.00035507203 -0.48959646 -0.87194908
vn -0.00075789884 -0.46621066 -0.88467336
vn -0.0017889077 -0.30790308 -0.95141602
vn -0.0016563429 -0.32052943 -0.94723713
vn -0.0016563429 -0.32052943 -0.94723713
vn -0.0017889077 -0.30790308 -0.95141602
vn -0.00082714035 -0.13032493 -0.99147093
vn 0 -1 0
vn 0.29801771 -0.95456028 -2.7177671e-07
vn 0.34694654 -0.93788493 -1.7078337e-07
vn -6.0625638e-07 -1 6.9940053e-14
vn -0.49164519 -0.87079555 1.5836359e-07
vn -0.6831699 -0.73025942 -4.6800267e-07
vn -0.7264536 -0.68721551 -8.9444495e-07
vn -0.52573168 -0.85065049 -3.4856575e-07
vn -0.6831699 -0.73025942 -4.6800267e-07
vn -0.87158835 -0.49023816 -0.00038508684
vn -0.88468581 -0.46618709 -0.00078113948
vn -0.7264536 -0.68721551 -8.9444495e-07
vn -0.87158835 -0.49023816 -0.00038508684
vn -0.94724554 -0.32050431 -0.001704589
vn -0.95142102 -0.30788764 -0.0017880212
vn -0.88468581 -0.46618709 -0.00078113948
vn -0.94724554 -0.32050431 -0.001704589
vn -0.9914704 -0.1303298 -0.00081759557
vn -0.95142102 -0.30788764 -0.0017880212
vn -0.29801735 -0.95456046 2.7116243e-07
vn -0.49164519 -0.87079555 1.5836359e-07
vn -0.52573168 -0.85065049 -3.4856575e-07
vn -0.34694657 -0.93788493 1.7036851e-07
vn -0.88593256 -0.45094448 -0.10850122
vn -0.95202714 -0.29764014 -0.071095705
vn -0.95142019 -0.3078903 0.0017928774
vn -0.88468331 -0.46619174 0.00077615952
vn -0.52074116 -0.82990539 -0.20021395
vn -0.72939837 -0.6648187 -0.16122729
vn -0.72645366 -0.68721545 -8.9403306e-07
vn -0.5257318 -0.85065031 -5.538048e-07
vn -0.95202714 -0.29764014 -0.071095705
vn -0.99433762 -0.10411538 -0.021276603
vn -0.99147058 -0.1303287 0.00082110037
vn -0.95142019 -0.3078903 0.0017928774
vn -0.72939837 -0.6648187 -0.16122729
vn -0.88593256 -0.45094448 -0.10850122
vn -0.88468331 -0.46619174 0.00077615952
vn -0.72645366 -0.68721545 -8.9403306e-07
vn -4.1283965e-07 -0.9545604 0.29801762
vn -2.1839539e-07 -0.93788481 0.34694675
vn -1.213716e-07 -0.85064983 0.52573264
vn -3.4912233e-07 -0.87079543 0.49164554
vn -0.080833472 -0.3152459 0.94556111
vn -0.11866739 -0.47365081 0.87268144
vn -0.00075846078 -0.46621081 0.8846733
vn -0.0017889234 -0.30790269 0.95141619
vn -0.16649036 -0.68904871 0.70533168
vn -0.19814938 -0.8365069 0.51087487
vn 5.1063026e-08 -0.85020345 0.52645427
vn 1.7672494e-07 -0.68721545 0.7264536
vn 1.1245081e-06 -1 0
vn 0.34694672 -0.93788481 0
vn 0.34694627 -0.93788493 -1.9460715e-07
vn 5.7203232e-07 -1 -2.4835229e-08
vn -0.039293721 -0.13936657 0.98946089
vn -0.080833472 -0.3152459 0.94556111
vn -0.0017889234 -0.30790269 0.95141619
vn -0.00082760456 -0.13032447 0.99147105
vn -0.11866739 -0.47365081 0.87268144
vn -0.16649036 -0.68904871 0.70533168
vn 1.7672494e-07 -0.68721545 0.7264536
vn -0.00075846078 -0.46621081 0.8846733
vn -0.19814938 -0.8365069 0.51087487
vn -0.21427763 -0.9176324 0.33471763
vn -2.2168722e-07 -0.93776232 0.34727779
vn 5.1063026e-08 -0.85020345 0.52645427
vn 0.95161611 -0.30728468 -0.0017018936
vn 0.99254715 -0.12185926 -0.00067404029
vn 0.99147052 -0.13032937 -0.00081570452
vn 0.95142126 -0.30788705 -0.0017878226
vn 0.72725385 -0.68636858 0
vn 0.88596314 -0.46375459 -0.0010366006
vn 0.8858068 -0.4640536 -0.0007788582
vn 0.72725397 -0.68636841 0
vn -0.34345382 -0.91310215 -0.21973604
vn -0.52074116 -0.82990539 -0.20021395
vn -0.5257318 -0.85065031 -5.538048e-07
vn -0.34694651 -0.93788499 1.7078349e-07
vn 0.88596314 -0.46375459 -0.0010366006
vn 0.95161611 -0.30728468 -0.0017018936
vn 0.95142126 -0.30788705 -0.0017878226
vn 0.8858068 -0.4640536 -0.0007788582
vn 0.52467209 -0.85130447 0
vn 0.72725385 -0.68636858 0
vn 0.72725397 -0.68636841 0
vn 0.52467233 -0.85130435 -1.2164168e-07
vn 3.0001937e-10 -1 -0.00018688965
vn 3.9826403e-10 -0.99999988 -0.00049548486
vn 2.216231e-07 -0.93788481 -0.34694657
vn 4.1848241e-07 -0.9545604 -0.29801759
vn 0 -0.12121737 -0.99262589
vn 5.6524374e-07 -0.307843 -0.95143718
vn 2.8262266e-07 -0.30784336 -0.95143706
vn 0 -0.12968774 -0.99155486
vn 5.6684502e-07 -0.4665724 -0.88448298
vn -1.2252062e-06 -0.68721509 -0.72645408
vn -6.1260391e-07 -0.68721521 -0.7264539
vn 2.8342254e-07 -0.46657202 -0.88448322
vn -1.2125188e-06 -0.85064971 -0.52573293
vn 0 -0.93788481 -0.34694695
vn 2.2013863e-07 -0.93788487 -0.34694663
vn -4.8378655e-07 -0.85065001 -0.52573234
vn -4.7802384e-09 -0.99999267 0.0038289838
vn 6.5785627e-10 -1 -3.6179821e-07
vn -2.1839539e-07 -0.93788481 0.34694675
vn -4.1283965e-07 -0.9545604 0.29801762
vn 5.6524374e-07 -0.307843 -0.95143718
vn 5.6684502e-07 -0.4665724 -0.88448298
vn 2.8342254e-07 -0.46657202 -0.88448322
vn 2.8262266e-07 -0.30784336 -0.95143706
vn -1.2252062e-06 -0.68721509 -0.72645408
vn -1.2125188e-06 -0.85064971 -0.52573293
vn -4.8378655e-07 -0.85065001 -0.52573234
vn -6.1260391e-07 -0.68721521 -0.7264539
vn 0 -0.93788481 -0.34694695
vn 0 -1 -7.6270982e-07
vn 6.5785627e-10 -1 -3.6179821e-07
vn 2.2013863e-07 -0.93788487 -0.34694663
vn -0.70695072 -0.00021645114 -0.70726264
vn -0.71696341 0.0010059016 -0.69711
vn -0.71693593 0.0010065655 -0.69713831
vn -0.70695001 -0.00021731047 -0.70726341
vn 0.69956911 -0.028053598 -0.71401417
vn 0.70369887 -0.011910238 -0.7103985
vn 0.70370018 -0.011905121 -0.71039736
vn 0.69956911 -0.028053598 -0.71401417
vn 0.70815837 -0.0055059106 0.7060321
vn 0.70714235 0.00095777836 0.70707065
vn 0.707142 0.00095532119 0.70707083
vn 0.70816284 -0.0055158292 0.70602763
vn 0.71064323 -0.01404119 -0.70341241
vn 0.71402001 -0.028077221 -0.69956207
vn 0.71402001 -0.028077221 -0.69956207
vn 0.7106421 -0.014036829 -0.70341355
vn -0.69956052 -0.028084468 0.71402121
vn -0.70341176 -0.014044769 0.71064389
vn -0.70341301 -0.014040194 0.7106427
vn -0.69956052 -0.028084468 0.71402121
vn 0.70710725 -1.0096051e-06 -0.70710629
vn 0.71064323 -0.01404119 -0.70341241
vn 0.7106421 -0.014036829 -0.70341355
vn 0.70710731 -1.0101005e-06 -0.70710629
vn -0.70608085 -0.00098951976 -0.70813054
vn -0.70695072 -0.00021645114 -0.70726264
vn -0.70695001 -0.00021731047 -0.70726341
vn -0.70608068 -0.00098965073 -0.70813054
vn -0.7095232 -0.0090938918 0.70462352
vn -0.71084189 -0.01599432 0.70316994
vn -0.71084094 -0.015990809 0.70317101
vn -0.70952672 -0.0091032637 0.70461971
vn -0.70341176 -0.014044769 0.71064389
vn -0.70710528 -1.9657286e-06 0.7071082
vn -0.70710534 -1.965755e-06 0.70710826
vn -0.70341301 -0.014040194 0.7106427
vn 0.70714235 0.00095777836 0.70707065
vn 0.7069937 0.0023107107 0.70721602
vn 0.70699292 0.0023080739 0.7072168
vn 0.707142 0.00095532119 0.70707083
vn 0.70369887 -0.011910238 -0.7103985
vn 0.70442283 0.013497969 -0.70965219
vn 0.70443428 0.013465334 -0.70964146
vn 0.70370018 -0.011905121 -0.71039736
vn 0.70710677 7.5612098e-07 -0.70710677
vn 0.70710725 -1.0096051e-06 -0.70710629
vn 0.70710731 -1.0101005e-06 -0.70710629
vn 0.70710683 7.5610222e-07 -0.70710683
vn -0.70840287 0.0013086634 -0.70580715
vn -0.70608085 -0.00098951976 -0.70813054
vn -0.70608068 -0.00098965073 -0.70813054
vn -0.70840579 0.0013111421 -0.70580417
vn -0.71403199 -0.012698368 0.69999784
vn -0.7095232 -0.0090938918 0.70462352
vn -0.70952672 -0.0091032637 0.70461971
vn -0.71404314 -0.012692939 0.6999867
vn -0.70710528 -1.9657286e-06 0.7071082
vn -0.70710588 -9.5612688e-07 0.70710772
vn -0.70710576 -9.5615042e-07 0.70710772
vn -0.70710534 -1.965755e-06 0.70710826
vn 0.7069937 0.0023107107 0.70721602
vn 0.70516056 0.0016364323 0.70904571
vn 0.70515871 0.0016384063 0.70904768
vn 0.70699292 0.0023080739 0.7072168
vn 0.70442283 0.013497969 -0.70965219
vn 0.71584898 0.0072681126 -0.69821727
vn 0.71580219 0.0073182168 -0.69826478
vn 0.70443428 0.013465334 -0.70964146
vn 0.70710784 7.5612206e-07 -0.7071057
vn 0.70710677 7.5612098e-07 -0.70710677
vn 0.70710683 7.5610222e-07 -0.70710683
vn 0.70710784 7.5563355e-07 -0.7071057
vn -0.71232206 0.00129636 -0.70185155
vn -0.70840287 0.0013086634 -0.70580715
vn -0.70840579 0.0013111421 -0.70580417
vn -0.71194077 0.0016146514 -0.70223767
vn -0.71414822 -0.006833625 0.69996107
vn -0.71403199 -0.012698368 0.69999784
vn -0.71404314 -0.012692939 0.6999867
vn -0.71416134 -0.0068574413 0.69994742
vn -0.70710588 -9.5612688e-07 0.70710772
vn -0.70710838 0 0.70710528
vn -0.70710832 0 0.70710516
vn -0.70710576 -9.5615042e-07 0.70710772
vn 0.71584898 0.0072681126 -0.69821727
vn 0.72095031 -0.0029373004 -0.69298047
vn 0.72087473 -0.0028941778 -0.69305938
vn 0.71580219 0.0073182168 -0.69826478
vn 0.70516056 0.0016364323 0.70904571
vn 0.70185989 0.0012946544 0.71231389
vn 0.70224577 0.0016125174 0.71193278
vn 0.70515871 0.0016384063 0.70904768
vn 0.64424586 -0.41218036 0.64424735
vn 0.69736123 -0.16545294 0.69736123
vn 0.69736123 -0.16545315 0.69736123
vn 0.6442458 -0.41218054 0.64424729
vn 0.56896186 -0.59376717 0.56896663
vn 0.64424586 -0.41218036 0.64424735
vn 0.6442458 -0.41218054 0.64424729
vn 0.56896198 -0.59376693 0.56896681
vn 0.42859167 -0.79537129 0.42859504
vn 0.56896186 -0.59376717 0.56896663
vn 0.56896198 -0.59376693 0.56896681
vn 0.42859191 -0.79537106 0.42859522
vn 0.28375348 -0.91595215 0.28375277
vn 0.42859167 -0.79537129 0.42859504
vn 0.42859191 -0.79537106 0.42859522
vn 0.28375351 -0.91595215 0.2837528
vn 0.18050826 -0.96684927 0.1806082
vn 0.28375348 -0.91595215 0.28375277
vn 0.28375351 -0.91595215 0.2837528
vn 0.18050842 -0.96684915 0.18060838
vn -0.69736147 -0.16545258 0.69736093
vn -0.64424598 -0.41218176 0.64424628
vn -0.64424622 -0.41218111 0.64424646
vn -0.69736159 -0.16545266 0.69736099
vn -0.64424598 -0.41218176 0.64424628
vn -0.56896299 -0.59376973 0.56896269
vn -0.56896317 -0.59376967 0.56896275
vn -0.64424622 -0.41218111 0.64424646
vn -0.56896299 -0.59376973 0.56896269
vn -0.42859024 -0.79537606 0.4285877
vn -0.42859715 -0.79536855 0.42859465
vn -0.56896317 -0.59376967 0.56896275
vn -0.42859024 -0.79537606 0.4285877
vn -0.2833989 -0.91586614 0.28438413
vn -0.2833752 -0.91588068 0.28436092
vn -0.42859715 -0.79536855 0.42859465
vn -0.2833989 -0.91586614 0.28438413
vn -0.1800991 -0.96673012 0.18165113
vn -0.17955217 -0.96693522 0.18110004
vn -0.2833752 -0.91588068 0.28436092
vn 0.64423972 -0.41219783 -0.64424223
vn 0.69736195 -0.16545315 -0.6973604
vn 0.69736201 -0.16545305 -0.69736046
vn 0.64424574 -0.41217902 -0.64424825
vn 0.57061154 -0.59313458 -0.56797343
vn 0.64423972 -0.41219783 -0.64424223
vn 0.64424574 -0.41217902 -0.64424825
vn 0.57057893 -0.59319884 -0.56793904
vn 0.43155214 -0.79459059 -0.42706957
vn 0.57061154 -0.59313458 -0.56797343
vn 0.57057893 -0.59319884 -0.56793904
vn 0.43059 -0.79562384 -0.42611602
vn 0.28015333 -0.91528541 -0.28942496
vn 0.43155214 -0.79459059 -0.42706957
vn 0.43059 -0.79562384 -0.42611602
vn 0.27972731 -0.91551715 -0.2891036
vn 0.16964509 -0.9676761 -0.18661042
vn 0.28015333 -0.91528541 -0.28942496
vn 0.27972731 -0.91551715 -0.2891036
vn 0.17544839 -0.9653995 -0.19292894
vn -0.1800991 -0.96673012 0.18165113
vn -0.12303815 -0.98460501 0.12415562
vn -0.12303815 -0.98460501 0.12415562
vn -0.17955217 -0.96693522 0.18110004
vn 0.11616635 -0.98489839 -0.12837681
vn 0.16964509 -0.9676761 -0.18661042
vn 0.17544839 -0.9653995 -0.19292894
vn 0.11616635 -0.98489839 -0.12837681
vn -0.64420241 -0.41227844 -0.64422792
vn -0.69736207 -0.16545281 -0.6973604
vn -0.69736207 -0.16545281 -0.6973604
vn -0.64424407 -0.41214815 -0.64426959
vn -0.56113541 -0.59080166 -0.57972461
vn -0.64420241 -0.41227844 -0.64422792
vn -0.64424407 -0.41214815 -0.64426959
vn -0.56176066 -0.58979034 -0.5801484
vn -0.41708878 -0.79063147 -0.44826204
vn -0.56113541 -0.59080166 -0.57972461
vn -0.56176066 -0.58979034 -0.5801484
vn -0.41174307 -0.79661566 -0.44257334
vn -0.27657443 -0.91651165 -0.28898612
vn -0.41708878 -0.79063147 -0.44826204
vn -0.41174307 -0.79661566 -0.44257334
vn -0.27628174 -0.91672057 -0.28860322
vn -0.18051629 -0.96684533 -0.18062121
vn -0.27657443 -0.91651165 -0.28898612
vn -0.27628174 -0.91672057 -0.28860322
vn -0.18046264 -0.96686536 -0.18056764
vn 0.12364787 -0.98456717 0.12384924
vn 0.18050826 -0.96684927 0.1806082
vn 0.18050842 -0.96684915 0.18060838
vn 0.12364787 -0.98456717 0.12384924
vn -0.12361035 -0.98457778 -0.12380287
vn -0.18051629 -0.96684533 -0.18062121
vn -0.18046264 -0.96686536 -0.18056764
vn -0.12361035 -0.98457778 -0.12380287
vn -0.71084189 -0.01599432 0.70316994
vn -0.71394831 -0.027771872 0.69964743
vn -0.71394831 -0.027771872 0.69964743
vn -0.71084094 -0.015990809 0.70317101
vn -0.70547956 0.0014723288 -0.70872867
vn -0.70185184 0.0012957548 -0.71232176
vn -0.70223778 0.0016138975 -0.71194059
vn -0.70547712 0.0014745729 -0.70873117
vn 0.71195298 -0.022073422 0.70188004
vn 0.70815837 -0.0055059106 0.7060321
vn 0.70816284 -0.0055158292 0.70602763
vn 0.71194094 -0.022003619 0.70189446
vn 0.70872396 0.0014724932 0.70548433
vn 0.70710737 7.5612451e-07 0.70710623
vn 0.70710737 7.556377e-07 0.70710629
vn 0.70872641 0.0014747251 0.70548195
vn -0.71696341 0.0010059016 -0.69711
vn -0.70470548 -0.0078568012 -0.70945632
vn -0.70461023 -0.0078956401 -0.70955062
vn -0.71693593 0.0010065655 -0.69713831
vn 0.70362043 -0.013135428 0.71045446
vn 0.70109403 -0.027784007 0.71252739
vn 0.70109403 -0.027784007 0.71252739
vn 0.7036202 -0.013137495 0.71045488
vn -0.70710516 -1.2902412e-06 -0.70710844
vn -0.70547956 0.0014723288 -0.70872867
vn -0.70547712 0.0014745729 -0.70873117
vn -0.70710516 -1.2900977e-06 -0.70710838
vn -0.71404427 -0.028775362 -0.69950902
vn -0.71077096 -0.014811675 -0.70326763
vn -0.71076834 -0.014800942 -0.70327038
vn -0.71404427 -0.028775362 -0.69950902
vn 0.70710737 7.5612451e-07 0.70710623
vn 0.70718324 0.00014417073 0.70703024
vn 0.7071833 0.00014417463 0.7070303
vn 0.70710737 7.556377e-07 0.70710629
vn 0.71419787 -0.035430614 0.69904667
vn 0.71195298 -0.022073422 0.70188004
vn 0.71194094 -0.022003619 0.70189446
vn 0.71419787 -0.035430614 0.69904667
vn -0.70470548 -0.0078568012 -0.70945632
vn -0.68303019 -0.016546294 -0.73020267
vn -0.68303019 -0.016546294 -0.73020267
vn -0.70461023 -0.0078956401 -0.70955062
vn -0.70718372 -0.0001441721 -0.70702976
vn -0.70710516 -1.2902412e-06 -0.70710844
vn -0.70710516 -1.2900977e-06 -0.70710838
vn -0.70718378 -0.00014417527 -0.70702982
vn 0.70718324 0.00014417073 0.70703024
vn 0.70662397 0.0008980335 0.70758879
vn 0.70662367 0.00089824159 0.70758891
vn 0.7071833 0.00014417463 0.7070303
vn 0.71100342 0.0026266044 -0.70318377
vn 0.71231854 0.0012955014 -0.70185518
vn 0.71193713 0.0016135909 -0.7022413
vn 0.71100241 0.0026270829 -0.70318472
vn -0.70872796 0.0014736021 0.70548034
vn -0.71232063 0.001296402 0.70185304
vn -0.71193945 0.0016147032 0.70223898
vn -0.7087304 0.0014758378 0.70547783
vn -0.70730025 -0.00056239823 -0.70691305
vn -0.70718372 -0.0001441721 -0.70702976
vn -0.70718378 -0.00014417527 -0.70702982
vn -0.70730031 -0.00056259264 -0.70691311
vn -0.70185542 0.0012957205 0.71231818
vn -0.70775622 0.00032756088 0.70645666
vn -0.70775038 0.00033148137 0.70646256
vn -0.70224172 0.0016138456 0.71193677
vn 0.70662397 0.0008980335 0.70758879
vn 0.70362043 -0.013135428 0.71045446
vn 0.7036202 -0.013137495 0.71045488
vn 0.70662367 0.00089824159 0.70758891
vn 0.72095031 -0.0029373004 -0.69298047
vn 0.71100342 0.0026266044 -0.70318377
vn 0.71100241 0.0026270829 -0.70318472
vn 0.72087473 -0.0028941778 -0.69305938
vn -0.71077096 -0.014811675 -0.70326763
vn -0.70730025 -0.00056239823 -0.70691305
vn -0.70730031 -0.00056259264 -0.70691311
vn -0.71076834 -0.014800942 -0.70327038
vn -0.70710838 0 0.70710528
vn -0.70872796 0.0014736021 0.70548034
vn -0.7087304 0.0014758378 0.70547783
vn -0.70710832 0 0.70710516
vn -0.70775622 0.00032756088 0.70645666
vn -0.71414822 -0.006833625 0.69996107
vn -0.71416134 -0.0068574413 0.69994742
vn -0.70775038 0.00033148137 0.70646256
vn 0.70552588 0.0014631988 -0.70868266
vn 0.70710784 7.5612206e-07 -0.7071057
vn 0.70710784 7.5563355e-07 -0.7071057
vn 0.7055186 0.0014699735 -0.70868999
vn 0.70550722 0.00010251109 0.70870274
vn 0.70550722 0.00010251109 0.70870274
vn 0.70550776 0.00010509417 0.70870209
vn 0.70550776 0.00010509282 0.70870215
vn -0.70097828 -0.0081819473 -0.71313566
vn -0.70097828 -0.0081819473 -0.71313566
vn -0.69956267 -0.0014379336 -0.71456975
vn -0.69956249 -0.0014370705 -0.71456993
vn -0.70743442 -1.5324375e-05 0.706779
vn -0.70743442 -1.5324375e-05 0.706779
vn -0.70743465 -1.6161932e-05 0.70677882
vn -0.70743465 -1.6161888e-05 0.70677876
vn 0.000889485 -0.67106003 -0.74140263
vn 0.00088864443 -0.67197919 -0.74056953
vn 0.0009688632 -0.57059419 -0.8212316
vn 0.81381333 -0.58112442 0.0014760115
vn 0.81464243 -0.5799616 0.0014384292
vn 0.77859122 -0.62752992 0.0013782259
vn 0.73611289 -0.67685747 0.0013358447
vn -0.0012819356 -0.58021599 0.81446171
vn 0.00081535371 -0.67818111 0.73489439
vn 0.0014249773 -0.70473593 0.70946819
vn -0.81397539 -0.58089811 -0.0011835034
vn -0.73510933 -0.67794764 -0.0010546432
vn -0.73527205 -0.67777121 -0.0010549069
vn 0.0014249773 -0.70473593 0.70946819
vn 0.00081535371 -0.67818111 0.73489439
vn 0.0032040465 -0.77719927 0.62924641
vn 0.0032040465 -0.77719927 0.62924641
vn -0.69956249 -0.0014370705 -0.71456993
vn -0.69956267 -0.0014379336 -0.71456975
vn -0.6966117 0.012121115 -0.71734589
vn 0.70708215 1.6493244e-05 -0.70713145
vn 0.70708209 1.6493634e-05 -0.70713139
vn 0.70708513 1.6263637e-05 -0.70712852
vn 0.70550776 0.00010509282 0.70870215
vn 0.70550776 0.00010509417 0.70870209
vn 0.70550895 0.00011028768 0.70870101
vn 0.70550895 0.00011028768 0.70870101
vn -0.70743465 -1.6161888e-05 0.70677876
vn -0.70743465 -1.6161932e-05 0.70677882
vn -0.70743507 -1.7845956e-05 0.70677835
vn 0.000889485 -0.67106003 -0.74140263
vn 0.00077968655 -0.77323771 -0.63411582
vn 0.00088864443 -0.67197919 -0.74056953
vn 0.77859122 -0.62752992 0.0013782259
vn 0.81464243 -0.5799616 0.0014384292
vn 0.81645 -0.57741457 0.0013562292
vn -0.73510933 -0.67794764 -0.0010546432
vn -0.63093966 -0.77583146 -0.00088724348
vn -0.73527205 -0.67777121 -0.0010549069
vn 0.77859122 -0.62752992 0.0013782259
vn 0.63334399 -0.77386957 0.0011503077
vn 0.73611289 -0.67685747 0.0013358447
vn 0.99416155 -0.10499248 -0.024888631
vn 0.99122226 -0.13207318 -0.0059326249
vn 0.99994648 -0.0073163128 -0.0073168906
vn 0.99998158 -0.0042908248 -0.004286814
vn -0.71232206 0.00129636 -0.70185155
vn -0.71194077 0.0016146514 -0.70223767
vn -0.71387219 0 -0.70027596
vn -0.71387219 0 -0.70027596
vn 3.368273e-07 -0.1296868 0.99155498
vn 3.6359293e-07 -0.12121642 0.99262607
vn 0 0 1
vn 0 0 1
vn 0 -0.12121737 -0.99262589
vn 0 -0.12968774 -0.99155486
vn 0 0 -1
vn 0 0 -1
vn -0.70223778 0.0016138975 -0.71194059
vn -0.70185184 0.0012957548 -0.71232176
vn -0.70027715 0 -0.71387112
vn -0.70027715 0 -0.71387112
vn 0.99147052 -0.13032937 -0.00081570452
vn 0.99254715 -0.12185926 -0.00067404029
vn 1 0 0
vn 1 0 0
vn -0.69736207 -0.16545281 -0.6973604
vn -0.69736207 -0.16545281 -0.6973604
vn -0.70710778 0 -0.70710576
vn -0.70710778 0 -0.70710576
vn -0.71193945 0.0016147032 0.70223898
vn -0.71232063 0.001296402 0.70185304
vn -0.71387017 0 0.70027804
vn -0.71387017 0 0.70027804
vn 0.70224577 0.0016125174 0.71193278
vn 0.70185989 0.0012946544 0.71231389
vn 0.70028508 0 0.71386337
vn 0.70028508 0 0.71386337
vn -0.99254709 -0.12185973 -0.00067694584
vn -0.9914704 -0.1303298 -0.00081759557
vn -1 0 0
vn -1 0 0
vn -0.69736147 -0.16545258 0.69736093
vn -0.69736159 -0.16545266 0.69736099
vn -0.70710671 0 0.70710671
vn -0.70710671 0 0.70710671
vn 0.71193713 0.0016135909 -0.7022413
vn 0.71231854 0.0012955014 -0.70185518
vn 0.71386874 0 -0.70027947
vn 0.71386874 0 -0.70027947
vn -0.00082714035 -0.13032493 -0.99147093
vn -0.039318051 -0.13936661 -0.98945999
vn -1.4302856e-05 1.8061517e-08 -1
vn 0 0 -1
vn 0.69736201 -0.16545305 -0.69736046
vn 0.69736195 -0.16545315 -0.6973604
vn 0.70710778 0 -0.70710576
vn 0.70710778 0 -0.70710576
vn -0.99147058 -0.1303287 0.00082110037
vn -0.99433762 -0.10411538 -0.021276603
vn -1 0 -4.2839411e-06
vn -1 0 0
vn 0.69736123 -0.16545315 0.69736123
vn 0.69736123 -0.16545294 0.69736123
vn 0.70710671 0 0.70710671
vn 0.70710671 0 0.70710671
vn -0.039293721 -0.13936657 0.98946089
vn -0.00082760456 -0.13032447 0.99147105
vn 0 0 1
vn 1.4302873e-05 -1.086746e-07 1
vn -0.70185542 0.0012957205 0.71231818
vn -0.70224172 0.0016138456 0.71193677
vn -0.70027947 0 0.71386874
vn -0.70027947 0 0.71386874
vn 0.70708066 1.6608052e-05 -0.70713288
vn 0.70708066 1.6608052e-05 -0.70713288
vn 0.70708209 1.6493634e-05 -0.70713139
vn 0.70708215 1.6493244e-05 -0.70713145
vn 0.34694654 -0.93788493 -1.7078337e-07
vn 0.5257324 -0.85064995 4.6795648e-07
vn 0.52074319 -0.82990557 -0.20020808
vn 0.34345457 -0.91310269 -0.21973309
vn 0.72645342 -0.68721563 5.9610534e-07
vn 0.88468343 -0.46619165 0.00077635213
vn 0.8859337 -0.4509446 -0.10849203
vn 0.72939903 -0.66481978 -0.16121913
vn 0.95222062 -0.30541083 9.2838736e-06
vn 0.99122226 -0.13207318 -0.0059326249
vn 0.99416155 -0.10499248 -0.024888631
vn 0.95216542 -0.29676855 -0.072865553
vn 0.70188498 0.0012871516 -0.71228915
vn 0.70552588 0.0014631988 -0.70868266
vn 0.7055186 0.0014699735 -0.70868999
vn 0.7022835 0.001608287 -0.71189547
vn -0.5257318 -0.85065031 -5.538048e-07
vn -0.72645366 -0.68721545 -8.9403306e-07
vn -0.68317026 -0.73025912 -5.0609844e-07
vn -0.49164563 -0.87079537 2.5467605e-07
vn -0.72645366 -0.68721545 -8.9403306e-07
vn -0.88468331 -0.46619174 0.00077615952
vn -0.87158644 -0.49024165 0.00037850239
vn -0.68317026 -0.73025912 -5.0609844e-07
vn 0.70028418 0 -0.71386409
vn 0.70188498 0.0012871516 -0.71228915
vn 0.7022835 0.001608287 -0.71189547
vn 0.70028418 0 -0.71386409
vn 0.5257324 -0.85064995 4.6795648e-07
vn 0.72645342 -0.68721563 5.9610534e-07
vn 0.72939903 -0.66481978 -0.16121913
vn 0.52074319 -0.82990557 -0.20020808
vn 0.88468343 -0.46619165 0.00077635213
vn 0.95222062 -0.30541083 9.2838736e-06
vn 0.95216542 -0.29676855 -0.072865553
vn 0.8859337 -0.4509446 -0.10849203
vn -0.34694651 -0.93788499 1.7078349e-07
vn -0.5257318 -0.85065031 -5.538048e-07
vn -0.49164563 -0.87079537 2.5467605e-07
vn -0.29801771 -0.95456034 2.7177694e-07
vn -6.0625638e-07 -1 6.9940053e-14
vn -0.34694651 -0.93788499 1.7078349e-07
vn -0.29801771 -0.95456034 2.7177694e-07
vn 0 -1 0
vn -6.0625638e-07 -1 6.9940053e-14
vn 0.34694654 -0.93788493 -1.7078337e-07
vn 0.34345457 -0.91310269 -0.21973309
vn -5.1793023e-07 -0.97129881 -0.23786265
vn -0.88468331 -0.46619174 0.00077615952
vn -0.95142019 -0.3078903 0.0017928774
vn -0.94724411 -0.32050872 0.0017030879
vn -0.87158644 -0.49024165 0.00037850239
vn -0.95142019 -0.3078903 0.0017928774
vn -0.99147058 -0.1303287 0.00082110037
vn -0.94724411 -0.32050872 0.0017030879
vn 1.7672494e-07 -0.68721545 0.7264536
vn 5.1063026e-08 -0.85020345 0.52645427
vn -1.6040391e-07 -0.87020546 0.49268889
vn 4.7869054e-07 -0.73025864 0.6831708
vn -0.00082760456 -0.13032447 0.99147105
vn -0.0017889234 -0.30790269 0.95141619
vn -0.0016556734 -0.3205294 0.94723719
vn 5.1063026e-08 -0.85020345 0.52645427
vn -2.2168722e-07 -0.93776232 0.34727779
vn -4.1780663e-07 -0.95466077 0.29769608
vn -1.6040391e-07 -0.87020546 0.49268889
vn 2.216231e-07 -0.93788481 -0.34694657
vn 3.9826403e-10 -0.99999988 -0.00049548486
vn -0.22149394 -0.97516161 -0.00047024991
vn -0.21433611 -0.91771787 -0.3344458
vn 1.2340871e-07 -0.85065007 -0.52573228
vn 2.216231e-07 -0.93788481 -0.34694657
vn -0.21433611 -0.91771787 -0.3344458
vn -0.19823806 -0.83694804 -0.51011717
vn -0.00075789884 -0.46621066 -0.88467336
vn 0 -0.68721545 -0.72645366
vn -0.16650492 -0.68904579 -0.70533121
vn -0.11868722 -0.47364885 -0.87267977
vn -0.00082714035 -0.13032493 -0.99147093
vn -0.0017889077 -0.30790308 -0.95141602
vn -0.080855906 -0.31524539 -0.9455595
vn -0.039318051 -0.13936661 -0.98945999
vn 0.71231651 0.0012954258 0.70185721
vn 0.70872396 0.0014724932 0.70548433
vn 0.70872641 0.0014747251 0.70548195
vn 0.71193498 0.0016134866 0.70224357
vn -0.0017889234 -0.30790269 0.95141619
vn -0.00075846078 -0.46621081 0.8846733
vn -0.00035202375 -0.49025339 0.87157995
vn -0.0016556734 -0.3205294 0.94723719
vn -0.00075846078 -0.46621081 0.8846733
vn 1.7672494e-07 -0.68721545 0.7264536
vn 4.7869054e-07 -0.73025864 0.6831708
vn -0.00035202375 -0.49025339 0.87157995
vn -2.2168722e-07 -0.93776232 0.34727779
vn 3.9826403e-10 -0.99999988 -0.00049548486
vn 3.0001937e-10 -1 -0.00018688965
vn -4.1780663e-07 -0.95466077 0.29769608
vn 0 -0.68721545 -0.72645366
vn 1.2340871e-07 -0.85065007 -0.52573228
vn -0.19823806 -0.83694804 -0.51011717
vn -0.16650492 -0.68904579 -0.70533121
vn -0.0017889077 -0.30790308 -0.95141602
vn -0.00075789884 -0.46621066 -0.88467336
vn -0.11868722 -0.47364885 -0.87267977
vn -0.080855906 -0.31524539 -0.9455595
vn 0.71386743 0 0.7002809
vn 0.71231651 0.0012954258 0.70185721
vn 0.71193498 0.0016134866 0.70224357
vn 0.71386743 0 0.7002809
vn 0.72725397 -0.68636841 0
vn 0.8858068 -0.4640536 -0.0007788582
vn 0.87306398 -0.48760554 -0.00038401713
vn 0.68301338 -0.73040575 0
vn 0.8858068 -0.4640536 -0.0007788582
vn 0.95142126 -0.30788705 -0.0017878226
vn 0.94724578 -0.32050365 -0.001707955
vn 0.87306398 -0.48760554 -0.00038401713
vn 0.34694627 -0.93788493 -1.9460715e-07
vn 0.52467233 -0.85130435 -1.2164168e-07
vn 0.49109676 -0.87110507 -3.4973047e-07
vn 0.29801708 -0.95456052 -3.4239503e-07
vn -0.52573168 -0.85065049 -3.4856575e-07
vn -0.7264536 -0.68721551 -8.9444495e-07
vn -0.7264536 -0.68721551 -1.4433326e-06
vn -0.52573186 -0.85065031 -5.9846286e-07
vn -0.88468581 -0.46618709 -0.00078113948
vn -0.95142102 -0.30788764 -0.0017880212
vn -0.95161569 -0.3072857 -0.0017070147
vn -0.88484287 -0.46588841 -0.0010399194
vn -0.34694657 -0.93788493 1.7036851e-07
vn -0.52573168 -0.85065049 -3.4856575e-07
vn -0.52573186 -0.85065031 -5.9846286e-07
vn -0.34694681 -0.93788481 0
vn 5.7203232e-07 -1 -2.4835229e-08
vn 0.34694627 -0.93788493 -1.9460715e-07
vn 0.29801708 -0.95456052 -3.4239503e-07
vn -1.9186464e-08 -1 -4.9670504e-08
vn 0.95142126 -0.30788705 -0.0017878226
vn 0.99147052 -0.13032937 -0.00081570452
vn 0.94724578 -0.32050365 -0.001707955
vn 0.52467233 -0.85130435 -1.2164168e-07
vn 0.72725397 -0.68636841 0
vn 0.68301338 -0.73040575 0
vn 0.49109676 -0.87110507 -3.4973047e-07
vn 5.7203232e-07 -1 -2.4835229e-08
vn -0.34694657 -0.93788493 1.7036851e-07
vn -0.34694681 -0.93788481 0
vn 1.1245081e-06 -1 0
vn -0.7264536 -0.68721551 -8.9444495e-07
vn -0.88468581 -0.46618709 -0.00078113948
vn -0.88484287 -0.46588841 -0.0010399194
vn -0.7264536 -0.68721551 -1.4433326e-06
vn -0.95142102 -0.30788764 -0.0017880212
vn -0.9914704 -0.1303298 -0.00081759557
vn -0.99254709 -0.12185973 -0.00067694584
vn -0.95161569 -0.3072857 -0.0017070147
vn 2.8342254e-07 -0.46657202 -0.88448322
vn -6.1260391e-07 -0.68721521 -0.7264539
vn 0 -0.730259 -0.68317038
vn 0 -0.49030074 -0.8715533
vn 0 -0.68721557 0.7264536
vn -1.213716e-07 -0.85064983 0.52573264
vn 0 -0.8506493 0.52573341
vn 0 -0.68721539 0.72645378
vn 4.6423278e-07 -0.30784264 0.95143729
vn 2.8342254e-07 -0.46657225 0.8844831
vn 5.6684502e-07 -0.4665727 0.88448274
vn 9.2703942e-07 -0.30784211 0.95143741
vn -2.1839539e-07 -0.93788481 0.34694675
vn 6.5785627e-10 -1 -3.6179821e-07
vn 0 -1 -7.6270982e-07
vn 0 -0.93788475 0.34694695
vn -6.1260391e-07 -0.68721521 -0.7264539
vn -4.8378655e-07 -0.85065001 -0.52573234
vn 3.5120286e-07 -0.87059873 -0.49199373
vn 0 -0.730259 -0.68317038
vn 0 -0.12968774 -0.99155486
vn 2.8262266e-07 -0.30784336 -0.95143706
vn 0 -0.31993562 -0.94743925
vn -4.8378655e-07 -0.85065001 -0.52573234
vn 2.2013863e-07 -0.93788487 -0.34694663
vn 4.162853e-07 -0.95431554 -0.29880083
vn 3.5120286e-07 -0.87059873 -0.49199373
vn 2.8262266e-07 -0.30784336 -0.95143706
vn 2.8342254e-07 -0.46657202 -0.88448322
vn 0 -0.49030074 -0.8715533
vn 0 -0.31993562 -0.94743925
vn 2.2013863e-07 -0.93788487 -0.34694663
vn 6.5785627e-10 -1 -3.6179821e-07
vn -4.7802384e-09 -0.99999267 0.0038289838
vn 4.162853e-07 -0.95431554 -0.29880083
vn 2.8342254e-07 -0.46657225 0.8844831
vn 0 -0.68721557 0.7264536
vn 0 -0.68721539 0.72645378
vn 5.6684502e-07 -0.4665727 0.88448274
vn 3.368273e-07 -0.1296868 0.99155498
vn 4.6423278e-07 -0.30784264 0.95143729
vn 9.2703942e-07 -0.30784211 0.95143741
vn 3.6359293e-07 -0.12121642 0.99262607
vn -1.213716e-07 -0.85064983 0.52573264
vn -2.1839539e-07 -0.93788481 0.34694675
vn 0 -0.93788475 0.34694695
vn 0 -0.8506493 0.52573341
vn 0 1 0
vn 0 1 0
vn 0 1 0
vn 0 1 0
vn 0 0 1
vn 0 0 1
vn 0 0 1
vn 0 0 1
vn 0 0 -1
vn 0 0 -1
vn 0 0 -1
vn 0 0 -1
vn 0 0 -1
vn 0 0 -1
vn 0 0 -1
vn 0 0 -1
vn 1 0 0
vn 1 0 0
vn 1 0 0
vn 1 0 0
vn 0 1 0
vn 0 1 0
vn 0 1 0
vn 0 1 0
vn -0.22843137 -0.97338128 0.018654825
vn -0.0054287552 -0.99997681 0.0041230451
vn -0.15545109 -0.9877584 0.012973217
vn 0 0 1
vn 0 0 1
vn 0 0 1
vn 0 0 1
vn -1 0 0
vn -1 0 0
vn -1 0 0
vn -1 0 0
vn 0 0 -1
vn 0 0 -1
vn 0 0 -1
vn 0 0 -1
vn -0.0041723335 -0.97267336 -0.23214026
vn -0.00036627846 -0.99999905 -0.0013563294
vn -0.0030429431 -0.99131 -0.13151109
vn 1 0 0
vn 1 0 0
vn 1 0 0
vn 1 0 0
vn 1 0 0
vn 1 0 0
vn 1 0 0
vn 1 0 0
vn 0 1 0
vn 0 1 0
vn 0 1 0
vn 0 1 0
vn -1 0 0
vn -1 0 0
vn -1 0 0
vn -1 0 0
vn 0 -1.3843667e-06 1
vn 0 0.1305228 0.9914453
vn 0 0.1305228 0.9914453
vn 0 -1.3843667e-06 1
vn 0 1 0
vn 0 1 0
vn 0 0.99144489 0.13052584
vn 0 0.99144489 0.13052584
vn 0 0.99144489 0.13052584
vn 0 0.99144489 0.13052584
vn 0 0.86602563 0.49999967
vn 0 0.86602563 0.49999967
vn 0 0.86602563 0.49999967
vn 0 0.86602563 0.49999967
vn 0 0.49999759 0.8660267
vn 0 0.49999759 0.8660267
vn 0 0.49999759 0.8660267
vn 0 0.49999759 0.8660267
vn 0 0.1305228 0.9914453
vn 0 0.1305228 0.9914453
vn 0 0 1
vn 0 0.13052349 0.99144524
vn 0 0.13052349 0.99144524
vn 0 0 1
vn 0 1 0
vn 0 1 0
vn 0 0.99144524 0.13052349
vn 0 0.99144524 0.13052349
vn 0 0.99144524 0.13052349
vn 0 0.99144524 0.13052349
vn 0 0.8660267 0.49999759
vn 0 0.8660267 0.49999759
vn 0 0.8660267 0.49999759
vn 0 0.8660267 0.49999759
vn 0 0.49999759 0.8660267
vn 0 0.49999759 0.8660267
vn 0 0.49999759 0.8660267
vn 0 0.49999759 0.8660267
vn 0 0.13052349 0.99144524
vn 0 0.13052349 0.99144524
vn 0 0 1
vn 0 0.13052584 0.99144489
vn 0 0.13052584 0.99144489
vn 0 0 1
vn 0 1 0
vn 0 1 0
vn 0 0.99144524 0.13052349
vn 0 0.99144524 0.13052349
vn 0 0.99144524 0.13052349
vn 0 0.99144524 0.13052349
vn 0 0.86602354 0.50000328
vn 0 0.86602354 0.50000328
vn 0 0.86602354 0.50000328
vn 0 0.86602354 0.50000328
vn 0 0.49999404 0.86602885
vn 0 0.49999404 0.86602885
vn 0 0.49999404 0.86602885
vn 0 0.49999404 0.86602885
vn 0 0.13052584 0.99144489
vn 0 0.13052584 0.99144489
vn 0 0 1
vn 0 0.13052584 0.99144489
vn 0 0.13052584 0.99144489
vn 0 0 1
vn 0 1 0
vn 0 1 0
vn 0 0.99144524 0.13052349
vn 0 0.99144524 0.13052349
vn 0 0.99144524 0.13052349
vn 0 0.99144524 0.13052349
vn 0 0.86602354 0.50000328
vn 0 0.86602354 0.50000328
vn 0 0.86602354 0.50000328
vn 0 0.86602354 0.50000328
vn 0 0.49999404 0.86602885
vn 0 0.49999404 0.86602885
vn 0 0.49999404 0.86602885
vn 0 0.49999404 0.86602885
vn 0 0.13052584 0.99144489
vn 0 0.13052584 0.99144489
vn 0 0 1
vn 0 0.13052349 0.99144524
vn 0 0.13052349 0.99144524
vn 0 0 1
vn 0 1 0
vn 0 1 0
vn 0 0.99144524 0.13052349
vn 0 0.99144524 0.13052349
vn 0 0.99144524 0.13052349
vn 0 0.99144524 0.13052349
vn 0 0.86602354 0.50000328
vn 0 0.86602354 0.50000328
vn 0 0.86602354 0.50000328
vn 0 0.86602354 0.50000328
vn 0 0.49999198 0.86602998
vn 0 0.49999198 0.86602998
vn 0 0.49999198 0.86602998
vn 0 0.49999198 0.86602998
vn 0 0.13052349 0.99144524
vn 0 0.13052349 0.99144524
vn 0 0 1
vn 0 0.13052349 0.99144524
vn 0 0.13052349 0.99144524
vn 0 0 1
vn 0 1 0
vn 0 1 0
vn 0 0.99144489 0.13052584
vn 0 0.99144489 0.13052584
vn 0 0.99144489 0.13052584
vn 0 0.99144489 0.13052584
vn 0 0.86602563 0.49999967
vn 0 0.86602563 0.49999967
vn 0 0.86602563 0.49999967
vn 0 0.86602563 0.49999967
vn 0 0.49999759 0.8660267
vn 0 0.49999759 0.8660267
vn 0 0.49999759 0.8660267
vn 0 0.49999759 0.8660267
vn 0 0.13052349 0.99144524
vn 0 0.13052349 0.99144524
vn 0 0 1
vn 0 0.13052349 0.99144524
vn 0 0.13052349 0.99144524
vn 0 0 1
vn 0 1 0
vn 0 1 0
vn 0 0.99144524 0.13052349
vn 0 0.99144524 0.13052349
vn 0 0.99144524 0.13052349
vn 0 0.99144524 0.13052349
vn 0 0.86602998 0.49999198
vn 0 0.86602998 0.49999198
vn 0 0.86602998 0.49999198
vn 0 0.86602998 0.49999198
vn 0 0.50000328 0.86602354
vn 0 0.50000328 0.86602354
vn 0 0.50000328 0.86602354
vn 0 0.50000328 0.86602354
vn 0 0.13052349 0.99144524
vn 0 0.13052349 0.99144524
vn 0 0 1
vn 0 0.13052584 0.99144489
vn 0 0.13052584 0.99144489
vn 0 0 1
vn 0 1 0
vn 0 1 0
vn 0 0.99144524 0.13052349
vn 0 0.99144524 0.13052349
vn 0 0.99144524 0.13052349
vn 0 0.99144524 0.13052349
vn 0 0.86602354 0.50000328
vn 0 0.86602354 0.50000328
vn 0 0.86602354 0.50000328
vn 0 0.86602354 0.50000328
vn 0 0.49999404 0.86602885
vn 0 0.49999404 0.86602885
vn 0 0.49999404 0.86602885
vn 0 0.49999404 0.86602885
vn 0 0.13052584 0.99144489
vn 0 0.13052584 0.99144489
vn 0 0 1
vn 0 0.13052349 0.99144524
vn 0 0.13052349 0.99144524
vn 0 0 1
vn 0 1 0
vn 0 1 0
vn 0 0.99144489 0.13052584
vn 0 0.99144489 0.13052584
vn 0 0.99144489 0.13052584
vn 0 0.99144489 0.13052584
vn 0 0.86602885 0.49999404
vn 0 0.86602885 0.49999404
vn 0 0.86602885 0.49999404
vn 0 0.86602885 0.49999404
vn 0 0.50000328 0.86602354
vn 0 0.50000328 0.86602354
vn 0 0.50000328 0.86602354
vn 0 0.50000328 0.86602354
vn 0 0.13052349 0.99144524
vn 0 0.13052349 0.99144524
vn 1 0 0
vn 0.99144524 0.13052349 0
vn 0.99144524 0.13052349 0
vn 1 0 0
vn 0 1 0
vn 0 1 0
vn 0.13052228 0.99144536 6.8050525e-09
vn 0.13052228 0.99144536 6.8050525e-09
vn 0.13052228 0.99144536 6.8050525e-09
vn 0.13052228 0.99144536 6.8050525e-09
vn 0.4999994 0.86602575 2.5611243e-08
vn 0.4999994 0.86602575 2.5611243e-08
vn 0.4999994 0.86602575 2.5611243e-08
vn 0.4999994 0.86602575 2.5611243e-08
vn 0.86602843 0.49999478 1.8626348e-08
vn 0.86602843 0.49999478 1.8626348e-08
vn 0.86602843 0.49999478 1.8626348e-08
vn 0.86602843 0.49999478 1.8626348e-08
vn 0.99144524 0.13052349 0
vn 0.99144524 0.13052349 0
vn 1 0 1.2978438e-07
vn 0.99144524 0.13052347 1.1989304e-07
vn 0.99144524 0.13052349 1.1989304e-07
vn 1 0 1.2978438e-07
vn 0 1 0
vn 0 1 0
vn 0.13052347 0.99144524 1.814697e-08
vn 0.1305235 0.99144524 1.8146975e-08
vn 0.1305235 0.99144524 1.8146975e-08
vn 0.13052347 0.99144524 1.814697e-08
vn 0.50000048 0.86602521 4.6566015e-08
vn 0.50000048 0.86602521 4.6566015e-08
vn 0.50000048 0.86602521 4.6566015e-08
vn 0.50000048 0.86602521 4.6566015e-08
vn 0.86602837 0.49999478 8.381874e-08
vn 0.86602843 0.49999475 8.381874e-08
vn 0.86602843 0.49999475 8.381874e-08
vn 0.86602837 0.49999478 8.381874e-08
vn 0.99144524 0.13052349 1.1989304e-07
vn 0.99144524 0.13052347 1.1989304e-07
vn 1 0 0
vn 0.99144608 0.13051702 0
vn 0.99144608 0.13051702 0
vn 1 0 0
vn 0 1 0
vn 0 1 0
vn 0.13050702 0.99144739 9.0736343e-09
vn 0.13050702 0.99144739 9.0736343e-09
vn 0.13050702 0.99144739 9.0736343e-09
vn 0.13050702 0.99144739 9.0736343e-09
vn 0.49998605 0.86603343 4.6565386e-08
vn 0.49998608 0.86603343 4.656539e-08
vn 0.49998608 0.86603343 4.656539e-08
vn 0.49998605 0.86603343 4.6565386e-08
vn 0.86603165 0.49998918 3.7251795e-08
vn 0.86603165 0.49998918 3.7251795e-08
vn 0.86603165 0.49998918 3.7251795e-08
vn 0.86603165 0.49998918 3.7251795e-08
vn 0.99144608 0.13051702 0
vn 0.99144608 0.13051702 0
vn 1 0 8.6522434e-08
vn 0.99144489 0.13052583 9.8076406e-08
vn 0.99144489 0.13052584 9.8076406e-08
vn 1 0 8.6522434e-08
vn 0 1 0
vn 0 1 0
vn 0.13054352 0.9914425 1.8147176e-08
vn 0.13054347 0.99144256 1.8147169e-08
vn 0.13054347 0.99144256 1.8147169e-08
vn 0.13054352 0.9914425 1.8147176e-08
vn 0.50000942 0.86601996 5.5879148e-08
vn 0.50000942 0.86601996 5.5879148e-08
vn 0.50000942 0.86601996 5.5879148e-08
vn 0.50000942 0.86601996 5.5879148e-08
vn 0.86602229 0.5000053 9.3133337e-08
vn 0.86602229 0.5000053 9.3133337e-08
vn 0.86602229 0.5000053 9.3133337e-08
vn 0.86602229 0.5000053 9.3133337e-08
vn 0.99144489 0.13052584 9.8076406e-08
vn 0.99144489 0.13052583 9.8076406e-08
vn 1 0 1.2978478e-07
vn 0.99144489 0.13052581 1.3804154e-07
vn 0.99144489 0.13052583 1.3804154e-07
vn 1 0 1.2978478e-07
vn 0 1 0
vn 0 1 0
vn 0.13052467 0.99144512 9.0735686e-09
vn 0.13052467 0.99144512 9.0735686e-09
vn 0.13052467 0.99144512 9.0735686e-09
vn 0.13052467 0.99144512 9.0735686e-09
vn 0.49999872 0.86602622 4.6565773e-08
vn 0.49999872 0.86602616 4.6565773e-08
vn 0.49999872 0.86602616 4.6565773e-08
vn 0.49999872 0.86602622 4.6565773e-08
vn 0.86602563 0.49999964 1.1175942e-07
vn 0.86602563 0.49999961 1.1175942e-07
vn 0.86602563 0.49999961 1.1175942e-07
vn 0.86602563 0.49999964 1.1175942e-07
vn 0.99144489 0.13052583 1.3804154e-07
vn 0.99144489 0.13052581 1.3804154e-07
vn 1 0 0
vn 0.99144489 0.13052583 3.6294601e-08
vn 0.99144489 0.13052583 3.6294601e-08
vn 1 0 0
vn 0 1 0
vn 0 1 0
vn 0.13052467 0.99144512 9.0735686e-09
vn 0.13052468 0.99144512 9.0735695e-09
vn 0.13052468 0.99144512 9.0735695e-09
vn 0.13052467 0.99144512 9.0735686e-09
vn 0.49999729 0.86602694 2.7939459e-08
vn 0.49999729 0.86602694 2.7939459e-08
vn 0.49999729 0.86602694 2.7939459e-08
vn 0.49999729 0.86602694 2.7939459e-08
vn 0.86602479 0.50000107 5.5879678e-08
vn 0.86602473 0.50000101 5.5879678e-08
vn 0.86602473 0.50000101 5.5879678e-08
vn 0.86602479 0.50000107 5.5879678e-08
vn 0.99144489 0.13052583 3.6294601e-08
vn 0.99144489 0.13052583 3.6294601e-08
vn 1 0 1.7304583e-07
vn 0.99144524 0.13052346 1.5985738e-07
vn 0.99144524 0.13052347 1.5985738e-07
vn 1 0 1.7304583e-07
vn 0 0.99999994 0
vn 0 0.99999994 0
vn 0.13052349 0.99144524 9.0734869e-09
vn 0.13052352 0.99144524 9.0734886e-09
vn 0.13052352 0.99144524 9.0734886e-09
vn 0.13052349 0.99144524 9.0734869e-09
vn 0.49999908 0.86602592 4.6565845e-08
vn 0.49999908 0.86602592 4.6565845e-08
vn 0.49999908 0.86602592 4.6565845e-08
vn 0.49999908 0.86602592 4.6565845e-08
vn 0.86602765 0.49999622 1.1175826e-07
vn 0.86602765 0.49999619 1.1175825e-07
vn 0.86602765 0.49999619 1.1175825e-07
vn 0.86602765 0.49999622 1.1175826e-07
vn 0.99144524 0.13052347 1.5985738e-07
vn 0.99144524 0.13052346 1.5985738e-07
vn 1 0 0
vn 0.99144524 0.13052347 0
vn 0.99144524 0.13052347 0
vn 1 0 0
vn 0 1 0
vn 0 1 0
vn 0.13052467 0.99144512 3.6294274e-08
vn 0.13052468 0.99144512 3.6294278e-08
vn 0.13052468 0.99144512 3.6294278e-08
vn 0.13052467 0.99144512 3.6294274e-08
vn 0.49999863 0.86602622 7.4505635e-08
vn 0.49999872 0.86602616 7.4505643e-08
vn 0.49999872 0.86602616 7.4505643e-08
vn 0.49999863 0.86602622 7.4505635e-08
vn 0.86602676 0.49999756 3.7252491e-08
vn 0.86602676 0.49999756 3.7252491e-08
vn 0.86602676 0.49999756 3.7252491e-08
vn 0.86602676 0.49999756 3.7252491e-08
vn 0.99144524 0.13052347 0
vn 0.99144524 0.13052347 0
vn 1 0 0
vn 0.99144524 0.13052347 0
vn 0.99144524 0.13052347 0
vn 1 0 0
vn -2.690029e-07 1 0
vn -2.690029e-07 1 0
vn 0.13052566 0.99144495 0
vn 0.13052574 0.99144495 0
vn 0.13052574 0.99144495 0
vn 0.13052566 0.99144495 0
vn 0.49999967 0.86602551 0
vn 0.49999967 0.86602551 0
vn 0.49999967 0.86602551 0
vn 0.49999967 0.86602551 0
vn 0.86602676 0.49999756 0
vn 0.86602676 0.49999756 0
vn 0.86602676 0.49999756 0
vn 0.86602676 0.49999756 0
vn 0.99144524 0.13052347 0
vn 0.99144524 0.13052347 0
vn 0 -3.1388965e-12 -1
vn 0 2.845162e-11 -1
vn 0 -1.4306002e-11 -1
vn 1 0 0
vn 0.99999994 0 0
vn 1 0 0
vn 0 0 -1
vn 0 0 -1
vn 0 1.5637618e-10 -1
vn 0 0 -1
vn 0 -1.4306002e-11 -1
vn 0 1.5637618e-10 -1
vn 0 -1.4306002e-11 -1
vn 0 0 -1
vn 0 -9.2744154e-12 -1
vn 0 -9.2744154e-12 -1
vn 0 -3.5014418e-11 -0.99999994
vn 0 1.114254e-11 -1
vn 0 -3.5014418e-11 -0.99999994
vn 0 0 -1
vn 0 -4.4048865e-11 -1
vn 0 1.114254e-11 -1
vn 0 -3.5014418e-11 -0.99999994
vn 0 -4.4048865e-11 -1
vn 0 -4.4048865e-11 -1
vn 0 2.5533325e-11 -1
vn 0 1.114254e-11 -1
vn 0 2.5533325e-11 -1
vn 0 0 -1
vn 0 1.114254e-11 -1
vn 0 1.114254e-11 -1
vn 0 -3.1388965e-12 -1
vn 0 -9.2744154e-12 -1
vn 0 -3.1388965e-12 -1
vn 0 0 -1
vn 0 2.845162e-11 -1
vn 0 2.845162e-11 -1
vn 0 1.5637618e-10 -1
vn 0 -1.4306002e-11 -1
vn 0 -3.1388965e-12 -1
vn 0 -1.4306002e-11 -1
vn 0 -9.2744154e-12 -1
vn 1 0 0
vn 1 0 0
vn 1 0 0
vn 1 0 0
vn 1 0 0
vn 0.99999994 0 0
vn 1 0 0
vn 1 0 0
vn 0.99999994 0 0
vn 1 0 0
vn 1 0 0
vn 1 0 0
vn 1 0 0
vn 0.99999994 0 0
vn 1 0 0
vn 0.99999994 0 0
vn 1 0 0
vn 1 0 0
vn 1 0 0
vn 1 0 6.257074e-07
vn 1 0 0
vn 1 0 6.257074e-07
vn 1 0 2.3842023e-05
vn 1 0 2.4930869e-06
vn 1 0 2.4930869e-06
vn 0.99999994 0 -2.4931096e-06
vn 1 0 -6.2571502e-07
vn 0.99999994 0 -2.4931096e-06
vn 1 0 -2.3842307e-05
vn 1 0 -6.2571502e-07
vn 1 0 -6.2571502e-07
vn 1 0 0
vn 1 0 6.257074e-07
vn 1 0 2.4930869e-06
vn 1 0 -6.2571502e-07
vn 1 0 6.257074e-07
vn -0.4230608 -0.84945214 0.3153578
vn -0.3897627 -0.78260362 0.48540357
vn -0.38703933 -0.77713662 0.49624515
vn -0.42167029 -0.84666061 0.32459205
vn -0.38995466 -0.78293973 -0.48470694
vn -0.42312238 -0.84954315 -0.3150301
vn -0.42175224 -0.84679103 -0.32414496
vn -0.38721478 -0.77743864 -0.49563479
vn -0.44581589 -0.8951245 -0.00044758769
vn -0.4230608 -0.84945214 0.3153578
vn -0.42167029 -0.84666061 0.32459205
vn -0.44581592 -0.89512455 -0.00047337296
vn -0.060496334 -0.12151705 0.99074405
vn 2.5686968e-05 -6.7987543e-08 1
vn 2.5868225e-05 0 1
vn -0.04302619 -0.086440511 0.99532753
vn -0.42312238 -0.84954315 -0.3150301
vn -0.44581589 -0.8951245 -0.00044758769
vn -0.44581592 -0.89512455 -0.00047337296
vn -0.42175224 -0.84679103 -0.32414496
vn -0.15134059 -0.30381936 -0.94063282
vn -0.22547175 -0.45266524 -0.86270314
vn -0.21464433 -0.43092516 -0.87648803
vn -0.14272392 -0.28651834 -0.9473843
vn -0.22543035 -0.45266992 0.86271137
vn -0.15129396 -0.30382136 0.9406395
vn -0.14267655 -0.28651896 0.94739127
vn -0.21460161 -0.43092853 0.87649691
vn -0.32287011 -0.64823472 -0.68959892
vn -0.38995466 -0.78293973 -0.48470694
vn -0.38721478 -0.77743864 -0.49563479
vn -0.31214169 -0.62669158 -0.71402037
vn -2.5146928e-05 1.1299449e-08 -1
vn -0.060546402 -0.12151689 -0.99074107
vn -0.043076884 -0.086441085 -0.99532521
vn -2.5033673e-05 0 -1
vn -0.15129396 -0.30382136 0.9406395
vn -0.060496334 -0.12151705 0.99074405
vn -0.04302619 -0.086440511 0.99532753
vn -0.14267655 -0.28651896 0.94739127
vn -0.060546402 -0.12151689 -0.99074107
vn -0.15134059 -0.30381936 -0.94063282
vn -0.14272392 -0.28651834 -0.9473843
vn -0.043076884 -0.086441085 -0.99532521
vn -0.32283893 -0.64824188 0.68960673
vn -0.22543035 -0.45266992 0.86271137
vn -0.21460161 -0.43092853 0.87649691
vn -0.31210816 -0.62669641 0.71403086
vn -0.3897627 -0.78260362 0.48540357
vn -0.32283893 -0.64824188 0.68960673
vn -0.31210816 -0.62669641 0.71403086
vn -0.38703933 -0.77713662 0.49624515
vn -0.22547175 -0.45266524 -0.86270314
vn -0.32287011 -0.64823472 -0.68959892
vn -0.31214169 -0.62669158 -0.71402037
vn -0.21464433 -0.43092516 -0.87648803
vn -1 0 0
vn -1 0 0
vn -1 0 0
vn -0.99999994 0 3.4034268e-11
vn -1 0 2.8435726e-12
vn -1 0 2.8525086e-12
vn -1 0 2.8435726e-12
vn -1 0 0
vn -1 0 2.8525086e-12
vn -1 0 0
vn -1 0 0
vn -1 0 0
vn -1 0 0
vn -0.99999994 0 -3.9571738e-08
vn -1 0 7.9144428e-08
vn -0.99999994 0 -3.9571738e-08
vn -1 0 -1.4901442e-06
vn -1 0 -1.566691e-07
vn -1 0 7.9144428e-08
vn -0.99999994 0 -3.9571738e-08
vn -1 0 -1.566691e-07
vn -1 0 -1.566691e-07
vn -1 0 3.133371e-07
vn -1 0 7.9144428e-08
vn -1 0 3.133371e-07
vn -1 0 2.9802707e-06
vn -1 0 7.9144428e-08
vn -1 0 7.9144428e-08
vn -1 0 0
vn -1 0 0
vn -1 0 0
vn -1 0 0
vn -1 0 0
vn -1 0 0
vn -1 0 2.8525086e-12
vn -1 0 0
vn -1 0 0
vn -1 0 0
vn -1 0 0
vn -0.15544848 -0.9877587 -0.012983112
vn -0.0054296344 -0.99997675 -0.0041230344
vn -0.22843088 -0.97338116 -0.018669901
vn -0.15545109 -0.9877584 0.012973217
vn -0.0054287552 -0.99997681 0.0041230451
vn -0.0054296344 -0.99997675 -0.0041230344
vn -0.15544848 -0.9877587 -0.012983112
vn -0.11868722 -0.47364885 -0.87267977
vn -0.16650492 -0.68904579 -0.70533121
vn -0.32287011 -0.64823472 -0.68959892
vn -0.22547175 -0.45266524 -0.86270314
vn -0.19814938 -0.8365069 0.51087487
vn -0.16649036 -0.68904871 0.70533168
vn -0.32283893 -0.64824188 0.68960673
vn -0.3897627 -0.78260362 0.48540357
vn -0.16649036 -0.68904871 0.70533168
vn -0.11866739 -0.47365081 0.87268144
vn -0.22543035 -0.45266992 0.86271137
vn -0.32283893 -0.64824188 0.68960673
vn -0.039318051 -0.13936661 -0.98945999
vn -0.080855906 -0.31524539 -0.9455595
vn -0.15134059 -0.30381936 -0.94063282
vn -0.060546402 -0.12151689 -0.99074107
vn -0.080833472 -0.3152459 0.94556111
vn -0.039293721 -0.13936657 0.98946089
vn -0.060496334 -0.12151705 0.99074405
vn -0.15129396 -0.30382136 0.9406395
vn -1.4302856e-05 1.8061517e-08 -1
vn -0.039318051 -0.13936661 -0.98945999
vn -0.060546402 -0.12151689 -0.99074107
vn -2.5146928e-05 1.1299449e-08 -1
vn -0.16650492 -0.68904579 -0.70533121
vn -0.19823806 -0.83694804 -0.51011717
vn -0.38995466 -0.78293973 -0.48470694
vn -0.32287011 -0.64823472 -0.68959892
vn -0.11866739 -0.47365081 0.87268144
vn -0.080833472 -0.3152459 0.94556111
vn -0.15129396 -0.30382136 0.9406395
vn -0.22543035 -0.45266992 0.86271137
vn -0.080855906 -0.31524539 -0.9455595
vn -0.11868722 -0.47364885 -0.87267977
vn -0.22547175 -0.45266524 -0.86270314
vn -0.15134059 -0.30381936 -0.94063282
vn -0.21433611 -0.91771787 -0.3344458
vn -0.22149394 -0.97516161 -0.00047024991
vn -0.44581589 -0.8951245 -0.00044758769
vn -0.42312238 -0.84954315 -0.3150301
vn -0.039293721 -0.13936657 0.98946089
vn 1.4302873e-05 -1.086746e-07 1
vn 2.5686968e-05 -6.7987543e-08 1
vn -0.060496334 -0.12151705 0.99074405
vn -0.22149394 -0.97516161 -0.00047024991
vn -0.21427763 -0.9176324 0.33471763
vn -0.4230608 -0.84945214 0.3153578
vn -0.44581589 -0.8951245 -0.00044758769
vn -0.19823806 -0.83694804 -0.51011717
vn -0.21433611 -0.91771787 -0.3344458
vn -0.42312238 -0.84954315 -0.3150301
vn -0.38995466 -0.78293973 -0.48470694
vn -0.21427763 -0.9176324 0.33471763
vn -0.19814938 -0.8365069 0.51087487
vn -0.3897627 -0.78260362 0.48540357
vn -0.4230608 -0.84945214 0.3153578
vn -0.44652745 -0.89473563 -0.0078208027
vn -0.44652745 -0.89473563 -0.0078208027
vn -0.44634286 -0.89479798 -0.01070254
vn -0.22843088 -0.97338116 -0.018669901
vn -0.22843137 -0.97338128 0.018654825
vn -0.15545109 -0.9877584 0.012973217
vn -0.44634271 -0.89479816 0.010694342
vn -0.44634271 -0.89479816 0.010694342
vn -0.44652754 -0.89473581 0.0078125438
vn -0.44652754 -0.89473581 0.0078125438
vn -0.22843137 -0.97338128 0.018654825
vn -0.22843088 -0.97338116 -0.018669901
vn -0.44634286 -0.89479798 -0.01070254
vn -0.15544848 -0.9877587 -0.012983112
vn 0.48451054 -0.78261536 -0.39084876
vn 0.68941712 -0.64804447 -0.32363915
vn 0.66226494 -0.67032552 -0.33476704
vn 0.47297701 -0.78824192 -0.39365906
vn -0.86258805 -0.4525986 -0.22604494
vn -0.68941462 -0.64804113 -0.32365122
vn -0.66226315 -0.67032164 -0.33477825
vn -0.84763724 -0.47466883 -0.23706663
vn -0.68941462 -0.64804113 -0.32365122
vn -0.48450744 -0.78261334 -0.39085665
vn -0.47297445 -0.7882399 -0.39366597
vn -0.66226315 -0.67032164 -0.33477825
vn 0.9907335 -0.12151387 -0.06067558
vn 0.99999994 0 1.0847232e-05
vn 1 0 1.1450504e-05
vn 0.98451924 -0.15681218 -0.078304864
vn 0.68941712 -0.64804447 -0.32363915
vn 0.86259121 -0.45260063 -0.22602901
vn 0.84763986 -0.47467184 -0.23705149
vn 0.66226494 -0.67032552 -0.33476704
vn -0.99999994 0 -9.9366407e-06
vn -0.99073225 -0.1215136 -0.060695693
vn -0.98451787 -0.15681168 -0.078323476
vn -1 0 -9.1604034e-06
vn 0.3148801 -0.84912735 -0.42406756
vn 0.48451054 -0.78261536 -0.39084876
vn 0.47297701 -0.78824192 -0.39365906
vn 0.30516121 -0.85196251 -0.42548388
vn -1.127607e-06 -0.89463496 -0.44679782
vn 0.3148801 -0.84912735 -0.42406756
vn 0.30516121 -0.85196251 -0.42548388
vn -2.1720539e-06 -0.89463502 -0.44679788
vn -0.94057614 -0.30379921 -0.15173207
vn -0.86258805 -0.4525986 -0.22604494
vn -0.84763724 -0.47466883 -0.23706663
vn -0.93330979 -0.32123512 -0.16043943
vn 0.86259121 -0.45260063 -0.22602901
vn 0.940579 -0.3037993 -0.15171392
vn 0.93331271 -0.32123539 -0.16042194
vn 0.84763986 -0.47467184 -0.23705149
vn -0.99073225 -0.1215136 -0.060695693
vn -0.94057614 -0.30379921 -0.15173207
vn -0.93330979 -0.32123512 -0.16043943
vn -0.98451787 -0.15681168 -0.078323476
vn -0.31487945 -0.84912544 -0.424072
vn -1.127607e-06 -0.89463496 -0.44679782
vn -2.1720539e-06 -0.89463502 -0.44679788
vn -0.30516171 -0.85196054 -0.42548737
vn -0.48450744 -0.78261334 -0.39085665
vn -0.31487945 -0.84912544 -0.424072
vn -0.30516171 -0.85196054 -0.42548737
vn -0.47297445 -0.7882399 -0.39366597
vn 0.940579 -0.3037993 -0.15171392
vn 0.9907335 -0.12151387 -0.06067558
vn 0.98451924 -0.15681218 -0.078304864
vn 0.93331271 -0.32123539 -0.16042194
vn 0 -7.6194829e-07 0.99999994
vn 0 7.6477579e-07 1
vn 0 -1.4713549e-06 0.99999994
vn 0.0063022343 -0.9881227 -0.15353827
vn 0.0016947766 -0.99999768 -0.0013578691
vn 0.0098758796 -0.97332573 -0.22921492
vn -0.0030429431 -0.99131 -0.13151109
vn -0.00036627846 -0.99999905 -0.0013563294
vn 0.0016947766 -0.99999768 -0.0013578691
vn 0.0063022343 -0.9881227 -0.15353827
vn 0 -3.3677287e-07 1
vn 0 -1.1710562e-06 0.99999994
vn 0 -1.4713549e-06 0.99999994
vn 0 -1.1710562e-06 0.99999994
vn 0 -7.9474203e-06 1
vn 0 -7.6194829e-07 0.99999994
vn 0 -1.4713549e-06 0.99999994
vn 0 -1.1710562e-06 0.99999994
vn 0 -7.6194829e-07 0.99999994
vn 0 -7.6194829e-07 0.99999994
vn 0 1.3098384e-07 0.99999994
vn 0 7.6477579e-07 1
vn 0 1.3098384e-07 0.99999994
vn 0 0 1
vn 0 -1.3381618e-08 1
vn 0 -1.3381618e-08 1
vn 0 -1.0458419e-07 0.99999994
vn 0 8.8355091e-07 1
vn 0 -1.0458419e-07 0.99999994
vn 0 0 1
vn 0 8.8355091e-07 1
vn 0 8.8355091e-07 1
vn 0 7.6477579e-07 1
vn 0 1.3098384e-07 0.99999994
vn 0 -1.3381618e-08 1
vn 0 8.8355091e-07 1
vn 0 1.3098384e-07 0.99999994
vn 0 7.6477579e-07 1
vn 0 -7.9473566e-06 1
vn 0 -1.4713549e-06 0.99999994
vn 0 -1.4713549e-06 0.99999994
vn 0 -5.4609231e-06 1
vn 0 -3.3677287e-07 1
vn 0 -5.4609231e-06 1
vn 0 0 1
vn 0 -3.3677287e-07 1
vn 0.95216542 -0.29676855 -0.072865553
vn 0.99416155 -0.10499248 -0.024888631
vn 0.9907335 -0.12151387 -0.06067558
vn 0.940579 -0.3037993 -0.15171392
vn -0.52074116 -0.82990539 -0.20021395
vn -0.34345382 -0.91310215 -0.21973604
vn -0.31487945 -0.84912544 -0.424072
vn -0.48450744 -0.78261334 -0.39085665
vn -0.34345382 -0.91310215 -0.21973604
vn -5.1793023e-07 -0.97129881 -0.23786265
vn -1.127607e-06 -0.89463496 -0.44679782
vn -0.31487945 -0.84912544 -0.424072
vn -0.99433762 -0.10411538 -0.021276603
vn -0.95202714 -0.29764014 -0.071095705
vn -0.94057614 -0.30379921 -0.15173207
vn -0.99073225 -0.1215136 -0.060695693
vn 0.8859337 -0.4509446 -0.10849203
vn 0.95216542 -0.29676855 -0.072865553
vn 0.940579 -0.3037993 -0.15171392
vn 0.86259121 -0.45260063 -0.22602901
vn -0.95202714 -0.29764014 -0.071095705
vn -0.88593256 -0.45094448 -0.10850122
vn -0.86258805 -0.4525986 -0.22604494
vn -0.94057614 -0.30379921 -0.15173207
vn -5.1793023e-07 -0.97129881 -0.23786265
vn 0.34345457 -0.91310269 -0.21973309
vn 0.3148801 -0.84912735 -0.42406756
vn -1.127607e-06 -0.89463496 -0.44679782
vn 0.34345457 -0.91310269 -0.21973309
vn 0.52074319 -0.82990557 -0.20020808
vn 0.48451054 -0.78261536 -0.39084876
vn 0.3148801 -0.84912735 -0.42406756
vn -1 0 -4.2839411e-06
vn -0.99433762 -0.10411538 -0.021276603
vn -0.99073225 -0.1215136 -0.060695693
vn -0.99999994 0 -9.9366407e-06
vn 0.72939903 -0.66481978 -0.16121913
vn 0.8859337 -0.4509446 -0.10849203
vn 0.86259121 -0.45260063 -0.22602901
vn 0.68941712 -0.64804447 -0.32363915
vn 0.99416155 -0.10499248 -0.024888631
vn 0.99998158 -0.0042908248 -0.004286814
vn 0.99999994 0 1.0847232e-05
vn 0.9907335 -0.12151387 -0.06067558
vn -0.72939837 -0.6648187 -0.16122729
vn -0.52074116 -0.82990539 -0.20021395
vn -0.48450744 -0.78261334 -0.39085665
vn -0.68941462 -0.64804113 -0.32365122
vn -0.88593256 -0.45094448 -0.10850122
vn -0.72939837 -0.6648187 -0.16122729
vn -0.68941462 -0.64804113 -0.32365122
vn -0.86258805 -0.4525986 -0.22604494
vn 0.52074319 -0.82990557 -0.20020808
vn 0.72939903 -0.66481978 -0.16121913
vn 0.68941712 -0.64804447 -0.32363915
vn 0.48451054 -0.78261536 -0.39084876
vn 0.0063574328 -0.89450967 -0.4470036
vn 0.0063574328 -0.89450967 -0.4470036
vn 0.0072656698 -0.89453101 -0.44694686
vn 0.0098758796 -0.97332573 -0.22921492
vn 0.0098758796 -0.97332573 -0.22921492
vn 0.0072656698 -0.89453101 -0.44694686
vn 0.0063022343 -0.9881227 -0.15353827
vn -0.0072555817 -0.89356834 -0.44886869
vn -0.0041723335 -0.97267336 -0.23214026
vn -0.0030429431 -0.99131 -0.13151109
vn -0.0098896269 -0.89077997 -0.45432717
vn -0.0063582654 -0.89450908 -0.44700474
vn -0.0063582654 -0.89450908 -0.44700474
vn -0.0041723335 -0.97267336 -0.23214026
vn -0.0072555817 -0.89356834 -0.44886869
usemtl stonetrims
f 3/1054/1 2/253/2 21/894/3
f 3/1054/1 21/894/3 22/228/4
f 5/31/5 6/766/6 17/967/7
f 5/31/5 17/967/7 14/707/8
f 4/268/9 3/1054/10 22/228/11
f 4/268/9 22/228/11 23/909/12
usemtl brickwall1
f 6/281/13 3/15/14 4/1048/15
f 6/281/13 4/1048/15 7/875/16
f 7/369/17 4/1102/18 1/64/19
f 7/369/17 1/64/19 8/400/20
f 5/52/21 2/697/22 3/82/23
f 5/52/21 3/82/23 6/980/24
f 8/290/25 1/229/26 2/48/27
f 8/290/25 2/48/27 5/960/28
usemtl stonetrims
f 8/1009/29 5/31/30 14/707/31
f 8/1009/29 14/707/31 24/92/32
f 1/50/33 4/268/34 23/909/35
f 1/50/33 23/909/35 11/308/36
f 11/1052/37 12/952/38 13/375/39
f 11/1052/37 13/375/39 21/322/40
f 21/322/41 13/375/42 16/847/43
f 21/322/41 16/847/43 22/254/44
f 22/254/45 16/847/46 19/711/47
f 22/254/45 19/711/47 23/384/48
f 23/384/49 19/711/50 12/860/51
f 23/384/49 12/860/51 11/811/52
f 10/381/53 24/838/54 14/1045/55
f 10/381/53 14/1045/55 9/948/56
f 9/948/57 14/1045/58 17/718/59
f 9/948/57 17/718/59 15/841/60
f 18/205/61 20/83/62 24/965/63
f 18/205/61 24/965/63 10/506/64
f 15/841/65 17/718/66 20/83/67
f 15/841/65 20/83/67 18/205/68
f 7/60/69 8/1125/70 24/132/71
f 7/60/69 24/132/71 20/900/72
f 2/253/73 1/843/74 11/34/75
f 2/253/73 11/34/75 21/894/76
f 6/766/77 7/60/78 20/900/79
f 6/766/77 20/900/79 17/967/80
f 12/952/81 19/1000/82 16/378/83
f 12/952/81 16/378/83 13/524/84
f 9/1004/85 15/221/86 18/224/87
f 9/1004/85 18/224/87 10/464/88
f 27/917/89 26/120/90 45/425/91
f 27/917/89 45/425/91 46/97/92
f 29/1030/93 30/630/94 41/829/95
f 29/1030/93 41/829/95 38/601/96
f 28/138/97 27/917/98 46/97/99
f 28/138/97 46/97/99 47/771/100
usemtl brickwall1
f 30/148/101 27/1018/102 28/558/103
f 30/148/101 28/558/103 31/733/104
f 31/211/105 28/976/106 25/1068/107
f 31/211/105 25/1068/107 32/248/108
f 29/1056/109 26/590/110 27/1084/111
f 29/1056/109 27/1084/111 30/840/112
f 32/155/113 25/98/114 26/666/115
f 32/155/113 26/666/115 29/818/116
usemtl stonetrims
f 32/870/117 29/1030/118 38/601/119
f 32/870/117 38/601/119 48/1098/120
f 25/669/121 28/138/122 47/771/123
f 25/669/121 47/771/123 35/172/124
f 35/563/125 36/812/126 37/215/127
f 35/563/125 37/215/127 45/181/128
f 45/181/129 37/215/130 40/699/131
f 45/181/129 40/699/131 46/121/132
f 46/121/133 40/699/134 43/242/135
f 46/121/133 43/242/135 47/230/136
f 47/230/137 43/242/138 36/712/139
f 47/230/137 36/712/139 35/664/140
f 34/220/141 48/370/142 38/906/143
f 34/220/141 38/906/143 33/475/144
f 33/475/145 38/906/146 41/608/147
f 33/475/145 41/608/147 39/374/148
f 42/77/149 44/1085/150 48/822/151
f 42/77/149 48/822/151 34/358/152
f 39/374/153 41/608/154 44/1085/155
f 39/374/153 44/1085/155 42/77/156
f 31/1065/157 32/998/158 48/9/159
f 31/1065/157 48/9/159 44/763/160
f 26/120/161 25/694/162 35/1034/163
f 26/120/161 35/1034/163 45/425/164
f 30/630/165 31/1065/166 44/763/167
f 30/630/165 44/763/167 41/829/168
f 36/812/169 43/855/170 40/217/171
f 36/812/169 40/217/171 37/393/172
f 33/862/173 39/94/174 42/96/175
f 33/862/173 42/96/175 34/1086/176
f 51/777/177 50/1/178 69/272/179
f 51/777/177 69/272/179 70/1103/180
f 53/893/181 54/153/182 65/355/183
f 53/893/181 65/355/183 62/490/184
f 52/14/185 51/777/186 70/1103/187
f 52/14/185 70/1103/187 71/637/188
usemtl brickwall1
f 54/20/189 51/879/190 52/442/191
f 54/20/189 52/442/191 55/255/192
f 55/859/193 52/834/194 49/579/195
f 55/859/193 49/579/195 56/112/196
f 53/921/197 50/476/198 51/599/199
f 53/921/197 51/599/199 54/687/200
f 56/28/201 49/1104/202 50/561/203
f 56/28/201 50/561/203 53/670/204
usemtl stonetrims
f 56/724/205 53/893/206 62/490/207
f 56/724/205 62/490/207 72/971/208
f 49/565/209 52/14/210 71/637/211
f 49/565/209 71/637/211 59/40/212
f 59/446/213 60/665/214 61/87/215
f 59/446/213 61/87/215 69/819/216
f 69/819/217 61/87/218 64/592/219
f 69/819/217 64/592/219 70/2/220
f 70/2/221 64/592/222 67/108/223
f 70/2/221 67/108/223 71/99/224
f 71/99/225 67/108/226 60/605/227
f 71/99/225 60/605/227 59/192/228
f 58/871/229 72/212/230 62/768/231
f 58/871/229 62/768/231 57/333/232
f 57/333/233 62/768/234 65/500/235
f 57/333/233 65/500/235 63/214/236
f 66/1081/237 68/600/238 72/674/239
f 66/1081/237 72/674/239 58/206/240
f 63/214/241 65/500/242 68/600/243
f 63/214/241 68/600/243 66/1081/244
f 55/931/245 56/849/246 72/1006/247
f 55/931/245 72/1006/247 68/629/248
f 50/1/249 49/588/250 59/898/251
f 50/1/249 59/898/251 69/272/252
f 54/153/253 55/931/254 68/629/255
f 54/153/253 68/629/255 65/355/256
f 60/665/257 67/706/258 64/90/259
f 60/665/257 64/90/259 61/1024/260
f 57/715/261 63/1100/262 66/728/263
f 57/715/261 66/728/263 58/961/264
f 75/641/265 74/1001/266 93/143/267
f 75/641/265 93/143/267 94/977/268
f 77/753/269 78/26/270 89/202/271
f 77/753/269 89/202/271 86/346/272
f 76/1014/273 75/641/274 94/977/275
f 76/1014/273 94/977/275 95/533/276
usemtl brickwall1
f 78/646/277 75/737/278 76/294/279
f 78/646/277 76/294/279 79/122/280
f 79/710/281 76/366/282 73/465/283
f 79/710/281 73/465/283 80/1122/284
f 77/778/285 74/336/286 75/488/287
f 77/778/285 75/488/287 78/584/288
f 80/1027/289 73/978/290 74/444/291
f 80/1027/289 74/444/291 77/566/292
usemtl stonetrims
f 80/251/293 77/753/294 86/346/295
f 80/251/293 86/346/295 96/505/296
f 73/448/297 76/1014/298 95/533/299
f 73/448/297 95/533/299 83/1043/300
f 83/301/301 84/193/302 85/1093/303
f 83/301/301 85/1093/303 93/671/304
f 93/671/305 85/1093/306 88/478/307
f 93/671/305 88/478/307 94/626/308
f 94/626/309 88/478/310 91/1112/311
f 94/626/309 91/1112/311 95/1105/312
f 95/1105/313 91/1112/314 84/494/315
f 95/1105/313 84/494/315 83/67/316
f 82/725/317 96/84/318 86/634/319
f 82/725/317 86/634/319 81/190/320
f 81/190/321 86/634/322 89/1119/323
f 81/190/321 89/1119/323 87/86/324
f 90/954/325 92/489/326 96/569/327
f 90/954/325 96/569/327 82/78/328
f 87/86/329 89/1119/330 92/489/331
f 87/86/329 92/489/331 90/954/332
f 79/787/333 80/703/334 96/867/335
f 79/787/333 96/867/335 92/528/336
f 74/1001/337 73/474/338 83/757/339
f 74/1001/337 83/757/339 93/143/340
f 78/26/341 79/787/342 92/528/343
f 78/26/341 92/528/343 89/202/344
f 84/193/345 91/602/346 88/719/347
f 84/193/345 88/719/347 85/887/348
f 81/606/349 87/610/350 90/612/351
f 81/606/349 90/612/351 82/820/352
f 99/539/353 109/850/354 309/471/355
f 99/539/353 309/471/355 298/204/356
usemtl brickwall1
f 153/223/357 155/1060/358 290/459/359
f 153/223/357 290/459/359 294/128/360
f 155/1060/361 157/209/362 285/1016/363
f 155/1060/361 285/1016/363 290/459/364
f 157/209/365 159/832/366 292/42/367
f 157/209/365 292/42/367 285/1016/368
f 159/832/369 161/546/370 284/341/371
f 159/832/369 284/341/371 292/42/372
f 161/546/373 288/912/374 284/341/375
f 150/823/376 186/116/377 315/596/378
f 150/823/376 315/596/378 318/1087/379
f 156/1082/380 321/554/381 329/835/382
f 156/1082/380 329/835/382 158/401/383
f 158/401/384 329/835/385 328/222/386
f 158/401/384 328/222/386 160/519/387
f 160/519/388 328/222/389 330/966/390
f 160/519/388 330/966/390 162/776/391
f 162/776/392 330/966/393 163/790/394
usemtl stonetrims
f 143/705/395 147/974/396 319/1094/397
f 143/705/395 319/1094/397 313/638/398
f 118/589/399 122/293/400 291/252/401
f 118/589/399 291/252/401 281/1063/402
usemtl brickwall1
f 187/133/403 299/673/404 301/842/405
f 187/133/403 301/842/405 189/672/406
f 189/672/407 301/842/408 308/520/409
f 189/672/407 308/520/409 191/851/410
f 191/851/411 308/520/412 300/447/413
f 191/851/411 300/447/413 193/312/414
f 193/312/415 300/447/416 307/73/417
f 193/312/415 307/73/417 195/742/418
f 195/742/419 307/73/420 305/361/421
f 152/625/422 153/223/423 294/128/424
f 152/625/422 294/128/424 281/1097/425
f 188/113/426 190/688/427 312/650/428
f 188/113/426 312/650/428 317/570/429
f 190/688/430 192/8/431 310/1079/432
f 190/688/430 310/1079/432 312/650/433
f 192/8/434 194/759/435 311/695/436
f 192/8/434 311/695/436 310/1079/437
f 194/759/438 196/613/439 311/695/440
f 186/116/441 188/113/442 317/570/443
f 186/116/441 317/570/443 315/596/444
usemtl stonetrims
f 121/174/445 112/734/446 293/939/447
f 121/174/445 293/939/447 283/167/448
f 113/895/449 117/997/450 286/469/451
f 113/895/449 286/469/451 289/418/452
f 112/734/453 116/231/454 282/798/455
f 112/734/453 282/798/455 293/939/456
f 117/997/457 121/174/458 283/167/459
f 117/997/457 283/167/459 286/469/460
usemtl brickwall1
f 154/76/461 325/788/462 321/554/463
f 154/76/461 321/554/463 156/1082/464
usemtl stonetrims
f 102/863/465 98/866/466 296/644/467
f 102/863/465 296/644/467 303/824/468
f 107/149/469 103/1053/470 306/678/471
f 107/149/469 306/678/471 297/792/472
f 148/1036/473 143/705/474 313/638/475
f 148/1036/473 313/638/475 318/926/476
f 106/124/477 102/863/478 303/824/479
f 106/124/477 303/824/479 295/35/480
f 98/866/481 107/149/482 297/792/483
f 98/866/481 297/792/483 296/644/484
f 103/1053/485 99/539/486 298/204/487
f 103/1053/485 298/204/487 306/678/488
f 146/1028/489 138/910/490 174/1108/491
f 146/1028/489 174/1108/491 316/1113/492
f 139/416/493 142/1116/494 320/429/495
f 139/416/493 320/429/495 314/432/496
f 122/293/497 113/895/498 289/418/499
f 122/293/497 289/418/499 291/252/500
f 142/1116/501 146/1028/502 316/1113/503
f 142/1116/501 316/1113/503 320/429/504
f 147/974/505 139/416/506 314/432/507
f 147/974/505 314/432/507 319/1094/508
usemtl brickwall1
f 149/580/509 309/708/510 299/673/511
f 149/580/509 299/673/511 187/133/512
usemtl stonetrims
f 125/995/513 134/864/514 326/541/515
f 125/995/513 326/541/515 175/1077/516
f 130/631/517 126/783/518 324/316/519
f 130/631/517 324/316/519 331/714/520
f 135/362/521 131/463/522 322/837/523
f 135/362/521 322/837/523 327/485/524
usemtl brickwall1
f 151/905/525 323/1126/526 325/788/527
f 151/905/525 325/788/527 154/76/528
usemtl stonetrims
f 134/864/529 130/631/530 331/714/531
f 134/864/529 331/714/531 326/541/532
f 126/783/533 135/362/534 327/485/535
f 126/783/533 327/485/535 324/316/536
f 131/463/537 128/1059/538 323/449/539
f 131/463/537 323/449/539 322/837/540
f 168/263/541 166/36/542 234/79/543
f 168/263/541 234/79/543 232/395/544
f 149/265/545 187/430/546 248/303/547
f 149/265/545 248/303/547 204/200/548
f 167/311/549 169/123/550 233/888/551
f 167/311/549 233/888/551 235/936/552
f 153/201/553 152/313/554 203/810/555
f 153/201/553 203/810/555 214/556/556
f 151/329/557 154/807/558 215/102/559
f 151/329/557 215/102/559 205/981/560
f 155/394/561 153/201/562 214/556/563
f 155/394/561 214/556/563 212/618/564
f 170/501/565 168/263/566 232/395/567
f 170/501/565 232/395/567 230/117/568
f 188/578/569 186/802/570 247/530/571
f 188/578/569 247/530/571 245/291/572
f 154/807/573 156/919/574 213/502/575
f 154/807/573 213/502/575 215/102/576
f 169/123/577 171/275/578 231/1071/579
f 169/123/577 231/1071/579 233/888/580
f 187/430/581 189/443/582 246/1099/583
f 187/430/581 246/1099/583 248/303/584
f 157/582/585 155/394/586 212/618/587
f 157/582/585 212/618/587 210/427/588
f 172/408/589 170/501/590 230/117/591
f 172/408/589 230/117/591 227/63/592
f 190/179/593 188/578/594 245/291/595
f 190/179/593 245/291/595 243/562/596
f 156/919/597 158/745/598 211/1095/599
f 156/919/597 211/1095/599 213/502/600
f 171/275/601 173/256/602 228/607/603
f 171/275/601 228/607/603 231/1071/604
f 189/443/605 191/136/606 244/356/607
f 189/443/605 244/356/607 246/1099/608
f 159/573/609 157/582/610 210/427/611
f 159/573/609 210/427/611 208/431/612
f 175/593/613 172/408/614 227/63/615
f 175/593/613 227/63/615 200/549/616
f 192/125/617 190/179/618 243/562/619
f 192/125/617 243/562/619 241/545/620
f 158/745/621 160/350/622 209/1040/623
f 158/745/621 209/1040/623 211/1095/624
f 191/136/625 193/164/626 242/240/627
f 191/136/625 242/240/627 244/356/628
f 173/256/629 174/640/630 229/632/631
f 173/256/629 229/632/631 228/607/632
f 207/218/633 197/1010/634 198/996/635
f 207/218/633 198/996/635 206/713/636
f 209/1040/637 207/218/638 206/713/639
f 209/1040/637 206/713/639 208/431/640
f 211/1095/641 209/1040/642 208/431/643
f 211/1095/641 208/431/643 210/427/644
f 213/502/645 211/1095/646 210/427/647
f 213/502/645 210/427/647 212/618/648
f 215/102/649 213/502/650 212/618/651
f 215/102/649 212/618/651 214/556/652
f 199/385/653 217/532/654 218/622/655
f 199/385/653 218/622/655 216/1069/656
f 217/532/657 219/885/658 220/445/659
f 217/532/657 220/445/659 218/622/660
f 219/885/661 221/627/662 222/177/663
f 219/885/661 222/177/663 220/445/664
f 221/627/665 223/165/666 224/480/667
f 221/627/665 224/480/667 222/177/668
f 223/165/669 225/119/670 226/260/671
f 223/165/669 226/260/671 224/480/672
f 228/607/673 229/632/674 200/549/675
f 228/607/673 200/549/675 227/63/676
f 231/1071/677 228/607/678 227/63/679
f 231/1071/677 227/63/679 230/117/680
f 233/888/681 231/1071/682 230/117/683
f 233/888/681 230/117/683 232/395/684
f 235/936/685 233/888/686 232/395/687
f 235/936/685 232/395/687 234/79/688
f 237/100/689 235/936/690 234/79/691
f 237/100/689 234/79/691 236/259/692
f 225/119/693 204/876/694 203/13/695
f 225/119/693 203/13/695 226/260/696
f 202/587/697 237/100/698 236/259/699
f 202/587/697 236/259/699 205/716/700
f 239/975/701 240/964/702 201/417/703
f 239/975/701 201/417/703 238/160/704
f 242/240/705 239/975/706 238/160/707
f 242/240/705 238/160/707 241/545/708
f 244/356/709 242/240/710 241/545/711
f 244/356/709 241/545/711 243/562/712
f 246/1099/713 244/356/714 243/562/715
f 246/1099/713 243/562/715 245/291/716
f 248/303/717 246/1099/718 245/291/719
f 248/303/717 245/291/719 247/530/720
f 205/981/721 215/102/722 214/556/723
f 205/981/721 214/556/723 203/810/724
f 204/200/725 248/303/726 247/530/727
f 204/200/725 247/530/727 202/1062/728
f 186/802/729 150/151/730 202/1062/731
f 186/802/729 202/1062/731 247/530/732
f 185/460/733 282/514/734 216/1069/735
f 185/460/733 216/1069/735 218/622/736
f 165/371/737 167/311/738 235/936/739
f 165/371/737 235/936/739 237/100/740
f 184/943/741 182/277/742 219/885/743
f 184/943/741 219/885/743 217/532/744
f 166/36/745 164/162/746 236/259/747
f 166/36/745 236/259/747 234/79/748
f 176/1110/749 149/91/750 204/876/751
f 176/1110/749 204/876/751 225/119/752
f 183/542/753 185/460/754 218/622/755
f 183/542/753 218/622/755 220/445/756
f 152/1007/757 177/717/758 226/260/759
f 152/1007/757 226/260/759 203/13/760
f 182/277/761 180/1055/762 221/627/763
f 182/277/761 221/627/763 219/885/764
f 150/720/765 165/371/766 237/100/767
f 150/720/765 237/100/767 202/587/768
f 164/162/769 151/523/770 205/716/771
f 164/162/769 205/716/771 236/259/772
f 181/327/773 183/542/774 220/445/775
f 181/327/773 220/445/775 222/177/776
f 180/1055/777 178/156/778 223/165/779
f 180/1055/777 223/165/779 221/627/780
f 195/424/781 305/1072/782 240/964/783
f 195/424/781 240/964/783 239/975/784
f 162/314/785 163/949/786 197/1010/787
f 162/314/785 197/1010/787 207/218/788
f 179/992/789 181/327/790 222/177/791
f 179/992/789 222/177/791 224/480/792
f 196/409/793 194/916/794 238/160/795
f 196/409/793 238/160/795 201/417/796
f 178/156/797 176/1110/798 225/119/799
f 178/156/797 225/119/799 223/165/800
f 193/164/801 195/424/802 239/975/803
f 193/164/801 239/975/803 242/240/804
f 177/717/805 179/992/806 224/480/807
f 177/717/805 224/480/807 226/260/808
f 160/350/809 162/314/810 207/218/811
f 160/350/809 207/218/811 209/1040/812
f 194/916/813 192/125/814 241/545/815
f 194/916/813 241/545/815 238/160/816
f 161/827/817 159/573/818 208/431/819
f 161/827/817 208/431/819 206/713/820
f 204/755/821 202/922/822 252/39/823
f 204/755/821 252/39/823 250/813/824
f 205/114/825 203/681/826 249/41/827
f 205/114/825 249/41/827 254/244/828
f 202/487/829 205/38/830 254/457/831
f 202/487/829 254/457/831 252/173/832
f 251/1114/833 255/53/834 249/603/835
f 250/23/836 259/574/837 257/88/838
f 250/23/836 257/88/838 251/1114/839
f 252/805/840 256/781/841 253/472/842
f 254/575/843 255/53/844 256/781/845
f 253/472/846 256/781/847 258/923/848
f 253/472/846 258/923/848 257/88/849
f 254/244/850 249/41/851 255/1012/852
f 249/1073/853 250/66/854 251/166/855
f 250/813/856 252/39/857 253/512/858
f 250/813/856 253/512/858 259/774/859
f 252/173/860 254/457/861 256/1115/862
f 251/1114/863 258/923/864 255/53/865
usemtl brickwall1
f 257/1049/866 259/1041/867 253/675/868
usemtl stonetrims
f 255/53/869 258/923/870 256/781/871
f 257/88/872 258/923/873 251/1114/874
f 110/527/875 288/372/876 269/376/877
f 110/527/875 269/376/877 262/522/878
f 175/593/879 200/549/880 276/784/881
f 175/593/879 276/784/881 271/585/882
f 163/450/883 132/420/884 265/273/885
f 163/450/883 265/273/885 268/274/886
f 125/995/887 175/1077/888 271/243/889
f 125/995/887 271/243/889 264/889/890
f 216/1069/891 282/514/892 287/245/893
f 216/1069/891 287/245/893 278/656/894
f 174/1108/895 138/910/896 266/937/897
f 174/1108/895 266/937/897 270/595/898
f 201/417/899 240/964/900 280/927/901
f 201/417/899 280/927/901 277/645/902
f 197/1010/903 163/949/904 268/161/905
f 197/1010/903 268/161/905 273/852/906
f 229/632/907 174/640/908 270/698/909
f 229/632/907 270/698/909 279/780/910
f 144/168/911 196/764/912 272/110/913
f 144/168/911 272/110/913 267/493/914
f 199/385/915 216/1069/916 278/656/917
f 199/385/915 278/656/917 275/662/918
f 240/964/919 305/1072/920 302/486/921
f 240/964/919 302/486/921 280/927/922
f 305/942/923 100/679/924 260/1057/925
f 305/942/923 260/1057/925 302/1003/926
f 200/549/927 229/632/928 279/780/929
f 200/549/927 279/780/929 276/784/930
f 282/798/931 116/231/932 263/360/933
f 282/798/931 263/360/933 287/106/934
f 198/996/935 197/1010/936 273/852/937
f 198/996/935 273/852/937 274/747/938
f 106/124/939 295/35/940 304/839/941
f 106/124/939 304/839/941 261/869/942
f 196/409/943 201/417/944 277/645/945
f 196/409/943 277/645/945 272/1089/946
f 203/414/947 204/278/948 250/66/949
f 203/414/947 250/66/949 249/1073/950
f 294/616/951 290/1020/952 114/598/953
f 294/616/951 114/598/953 111/999/954
f 285/261/955 292/743/956 119/799/957
f 285/261/955 119/799/957 115/144/958
f 284/225/959 288/372/960 110/527/961
f 284/225/959 110/527/961 120/880/962
f 288/392/963 161/827/964 206/713/965
f 288/392/963 206/713/965 198/996/966
usemtl brickwall1
f 289/352/967 286/491/968 181/439/969
f 289/352/967 181/439/969 179/991/970
f 286/491/971 283/886/972 183/729/973
f 286/491/971 183/729/973 181/439/974
usemtl stonetrims
f 269/581/975 288/392/976 198/996/977
f 269/581/975 198/996/977 274/747/978
f 290/1020/979 285/261/980 115/144/981
f 290/1020/979 115/144/981 114/598/982
f 292/743/983 284/225/984 120/880/985
f 292/743/983 120/880/985 119/799/986
usemtl brickwall1
f 291/262/987 289/352/988 179/991/989
f 291/262/987 179/991/989 177/988/990
f 281/1097/991 291/262/992 177/988/993
f 281/1097/991 177/988/993 152/625/994
usemtl stonetrims
f 281/1063/995 294/616/996 111/999/997
f 281/1063/995 111/999/997 118/589/998
usemtl brickwall1
f 283/886/999 293/236/1000 185/458/1001
f 283/886/999 185/458/1001 183/729/1002
f 293/236/1003 282/377/1004 185/458/1005
f 297/924/1006 306/234/1007 178/983/1008
f 297/924/1006 178/983/1008 180/663/1009
f 295/139/1010 303/740/1011 184/635/1012
f 306/234/1013 298/477/1014 176/1026/1015
f 306/234/1013 176/1026/1015 178/983/1016
usemtl stonetrims
f 299/583/1017 309/471/1018 109/850/1019
f 299/583/1017 109/850/1019 101/466/1020
f 301/419/1021 299/583/1022 101/466/1023
f 301/419/1021 101/466/1023 104/176/1024
f 300/1015/1025 308/845/1026 105/968/1027
f 300/1015/1025 105/968/1027 108/721/1028
f 305/942/1029 307/198/1030 97/315/1031
f 305/942/1029 97/315/1031 100/679/1032
f 295/950/1033 184/943/1034 217/532/1035
f 295/950/1033 217/532/1035 199/385/1036
usemtl brickwall1
f 303/740/1037 296/550/1038 182/861/1039
f 303/740/1037 182/861/1039 184/635/1040
f 296/550/1041 297/924/1042 180/663/1043
f 296/550/1041 180/663/1043 182/861/1044
f 298/477/1045 309/708/1046 149/580/1047
f 298/477/1045 149/580/1047 176/1026/1048
usemtl stonetrims
f 308/845/1049 301/419/1050 104/176/1051
f 308/845/1049 104/176/1051 105/968/1052
f 307/198/1053 300/1015/1054 108/721/1055
f 307/198/1053 108/721/1055 97/315/1056
f 304/797/1057 295/950/1058 199/385/1059
f 304/797/1057 199/385/1059 275/662/1060
usemtl brickwall1
f 314/944/1061 320/907/1062 171/364/1063
f 314/944/1061 171/364/1063 169/914/1064
f 320/907/1065 316/853/1066 173/789/1067
f 320/907/1065 173/789/1067 171/364/1068
f 313/1046/1069 319/685/1070 167/709/1071
f 313/1046/1069 167/709/1071 165/80/1072
usemtl stonetrims
f 317/337/1073 312/126/1074 137/17/1075
f 317/337/1073 137/17/1075 136/913/1076
f 310/633/1077 311/667/1078 141/816/1079
f 310/633/1077 141/816/1079 140/1051/1080
f 315/237/1081 317/337/1082 136/913/1083
f 315/237/1081 136/913/1083 145/286/1084
usemtl brickwall1
f 318/1087/1085 313/1046/1086 165/80/1087
f 318/1087/1085 165/80/1087 150/823/1088
f 316/853/1089 174/5/1090 173/789/1091
f 319/685/1092 314/944/1093 169/914/1094
f 319/685/1092 169/914/1094 167/709/1095
usemtl stonetrims
f 318/926/1096 315/237/1097 145/286/1098
f 318/926/1096 145/286/1098 148/1036/1099
f 312/126/1100 310/633/1101 140/1051/1102
f 312/126/1100 140/1051/1102 137/17/1103
f 311/667/1104 196/764/1105 144/168/1106
f 311/667/1104 144/168/1106 141/816/1107
usemtl brickwall1
f 331/772/1108 324/433/1109 168/150/1110
f 331/772/1108 168/150/1110 170/726/1111
usemtl stonetrims
f 329/856/1112 321/238/1113 123/389/1114
f 329/856/1112 123/389/1114 124/359/1115
f 330/412/1116 328/846/1117 127/483/1118
f 330/412/1116 127/483/1118 129/178/1119
f 325/157/1120 323/449/1121 128/1059/1122
f 325/157/1120 128/1059/1122 133/180/1123
usemtl brickwall1
f 324/433/1124 327/534/1125 166/808/1126
f 324/433/1124 166/808/1126 168/150/1127
f 175/357/1128 326/58/1129 172/468/1130
f 327/534/1131 322/250/1132 164/877/1133
f 327/534/1131 164/877/1133 166/808/1134
f 326/58/1135 331/772/1136 170/726/1137
f 326/58/1135 170/726/1137 172/468/1138
f 322/250/1139 323/1126/1140 151/905/1141
f 322/250/1139 151/905/1141 164/877/1142
usemtl stonetrims
f 328/846/1143 329/856/1144 124/359/1145
f 328/846/1143 124/359/1145 127/483/1146
f 163/450/1147 330/412/1148 129/178/1149
f 163/450/1147 129/178/1149 132/420/1150
f 321/238/1151 325/157/1152 133/180/1153
f 321/238/1151 133/180/1153 123/389/1154
usemtl stonefloor
f 334/1058/1155 344/830/1156 345/249/1157
f 334/1058/1155 345/249/1157 332/727/1158
usemtl brickwall1
f 334/115/1159 338/196/1160 339/451/1161
f 334/115/1159 339/451/1161 335/404/1162
usemtl stonetrims
f 337/932/1163 343/700/1164 342/54/1165
f 337/932/1163 342/54/1165 336/668/1166
usemtl brickwall1
f 336/127/1167 332/32/1168 333/232/1169
f 336/127/1167 333/232/1169 337/540/1170
f 345/1070/1171 344/257/1172 347/779/1173
f 345/1070/1171 347/779/1173 346/989/1174
usemtl stonetrims
f 336/146/1175 342/730/1176 341/933/1177
f 336/146/1175 341/933/1177 338/1038/1178
f 339/349/1179 340/731/1180 545/317/1181
f 338/12/1182 341/636/1183 340/304/1184
f 338/12/1182 340/304/1184 339/661/1185
usemtl brickwall1
f 335/404/1186 348/543/1187 349/896/1188
f 335/404/1186 349/896/1188 334/115/1189
f 332/647/1190 345/938/1191 346/882/1192
f 332/647/1190 346/882/1192 333/928/1193
usemtl stonetrims
f 350/342/1194 354/235/1195 577/111/1196
usemtl brickwall1
f 344/257/1197 351/748/1198 350/434/1199
f 344/257/1197 350/434/1199 347/779/1200
usemtl stonetrims
f 351/267/1201 355/844/1202 354/537/1203
f 351/267/1201 354/537/1203 350/435/1204
f 349/515/1205 353/170/1206 355/10/1207
f 349/515/1205 355/10/1207 351/93/1208
f 348/649/1209 352/597/1210 353/219/1211
f 348/649/1209 353/219/1211 349/945/1212
f 334/535/1213 361/421/1214 356/1031/1215
f 334/535/1213 356/1031/1215 344/68/1216
f 365/496/1217 364/118/1218 357/379/1219
f 365/496/1217 357/379/1219 360/191/1220
f 360/191/1221 357/379/1222 359/555/1223
f 360/191/1221 359/555/1223 362/330/1224
f 362/330/1225 359/555/1226 358/648/1227
f 362/330/1225 358/648/1227 363/1064/1228
f 363/1064/1229 358/648/1230 356/1031/1231
f 363/1064/1229 356/1031/1231 361/421/1232
f 365/6/1233 371/391/1234 366/306/1235
f 365/6/1233 366/306/1235 364/1109/1236
f 375/456/1237 374/436/1238 367/749/1239
f 375/456/1237 367/749/1239 370/163/1240
f 370/163/1241 367/749/1242 369/953/1243
f 370/163/1241 369/953/1243 372/3/1244
f 372/3/1245 369/953/1246 368/1039/1247
f 372/3/1245 368/1039/1247 373/1083/1248
f 373/1083/1249 368/1039/1250 366/306/1251
f 373/1083/1249 366/306/1251 371/391/1252
f 375/884/1253 381/511/1254 376/239/1255
f 375/884/1253 376/239/1255 374/901/1256
f 385/207/1257 384/368/1258 377/591/1259
f 385/207/1257 377/591/1259 380/4/1260
f 380/4/1261 377/591/1262 379/405/1263
f 380/4/1261 379/405/1263 382/686/1264
f 382/828/1265 379/405/1266 378/800/1267
f 382/828/1265 378/800/1267 383/158/1268
f 383/158/1269 378/786/1270 376/239/1271
f 383/158/1269 376/239/1271 381/511/1272
f 385/189/1273 391/266/1274 386/19/1275
f 385/189/1273 386/19/1275 384/55/1276
f 395/791/1277 394/604/1278 387/833/1279
f 395/791/1277 387/833/1279 390/521/1280
f 390/521/1281 387/833/1282 389/657/1283
f 390/521/1281 389/657/1283 392/339/1284
f 392/339/1285 389/657/1286 388/1111/1287
f 392/339/1285 388/1111/1287 393/226/1288
f 393/226/1289 388/1111/1290 386/19/1291
f 393/226/1289 386/19/1291 391/266/1292
f 395/857/1293 401/874/1294 396/793/1295
f 395/857/1293 396/793/1295 394/836/1296
f 405/946/1297 404/920/1298 397/518/1299
f 405/946/1297 397/518/1299 400/653/1300
f 400/653/1301 397/518/1302 399/332/1303
f 400/653/1301 399/332/1303 402/854/1304
f 402/854/1305 399/332/1306 398/756/1307
f 402/854/1305 398/756/1307 403/479/1308
f 403/479/1309 398/756/1310 396/793/1311
f 403/479/1309 396/793/1311 401/874/1312
f 405/982/1313 411/1025/1314 406/951/1315
f 405/982/1313 406/951/1315 404/955/1316
f 415/1118/1317 414/1092/1318 407/280/1319
f 415/1118/1317 407/280/1319 410/803/1320
f 410/803/1321 407/280/1322 409/497/1323
f 410/803/1321 409/497/1323 412/1008/1324
f 412/1008/1325 409/497/1326 408/586/1327
f 412/1008/1325 408/586/1327 413/1017/1328
f 413/1017/1329 408/586/1330 406/951/1331
f 413/1017/1329 406/951/1331 411/1025/1332
f 415/334/1333 421/676/1334 416/621/1335
f 415/334/1333 416/621/1335 414/310/1336
f 425/754/1337 424/732/1338 417/1088/1339
f 425/754/1337 417/1088/1339 420/513/1340
f 420/513/1341 417/1088/1342 419/145/1343
f 420/513/1341 419/145/1343 422/328/1344
f 422/328/1345 419/145/1346 418/227/1347
f 422/328/1345 418/227/1347 423/282/1348
f 423/282/1349 418/227/1350 416/621/1351
f 423/282/1349 416/621/1351 421/676/1352
f 425/1067/1353 431/309/1354 426/767/1355
f 425/1067/1353 426/767/1355 424/769/1356
f 435/453/1357 434/918/1358 427/30/1359
f 435/453/1357 427/30/1359 430/233/1360
f 430/233/1361 427/30/1362 429/208/1363
f 430/233/1361 429/208/1363 432/386/1364
f 432/386/1365 429/208/1366 428/428/1367
f 432/386/1365 428/428/1367 433/1101/1368
f 433/1101/1369 428/428/1370 426/767/1371
f 433/1101/1369 426/767/1371 431/309/1372
f 435/363/1373 441/410/1374 436/331/1375
f 435/363/1373 436/331/1375 434/335/1376
f 349/241/1377 351/693/1378 437/16/1379
f 349/241/1377 437/16/1379 440/551/1380
f 440/318/1381 437/908/1382 439/902/1383
f 440/318/1381 439/902/1383 442/141/1384
f 442/397/1385 439/984/1386 438/323/1387
f 442/397/1385 438/323/1387 443/402/1388
f 443/402/1389 438/323/1390 436/331/1391
f 443/402/1389 436/331/1391 441/410/1392
f 338/925/1393 449/560/1394 444/49/1395
f 338/925/1393 444/49/1395 336/735/1396
f 453/619/1397 452/269/1398 445/531/1399
f 453/619/1397 445/531/1399 448/365/1400
f 448/365/1401 445/531/1402 447/682/1403
f 448/365/1401 447/682/1403 450/507/1404
f 450/507/1405 447/682/1406 446/804/1407
f 450/507/1405 446/804/1407 451/75/1408
f 451/75/1409 446/804/1410 444/49/1411
f 451/75/1409 444/49/1411 449/560/1412
f 453/154/1413 459/536/1414 454/89/1415
f 453/154/1413 454/89/1415 452/129/1416
f 463/594/1417 462/572/1418 455/915/1419
f 463/594/1417 455/915/1419 458/324/1420
f 458/324/1421 455/915/1422 457/736/1423
f 458/324/1421 457/736/1423 460/147/1424
f 460/147/1425 457/736/1426 456/56/1427
f 460/147/1425 456/56/1427 461/105/1428
f 461/105/1429 456/56/1430 454/89/1431
f 461/105/1429 454/89/1431 459/536/1432
f 463/169/1433 469/343/1434 464/21/1435
f 463/169/1433 464/21/1435 462/1033/1436
f 473/43/1437 472/821/1438 465/624/1439
f 473/43/1437 465/624/1439 468/461/1440
f 468/461/1441 465/624/1442 467/199/1443
f 468/461/1441 467/199/1443 470/1066/1444
f 470/973/1445 467/199/1446 466/353/1447
f 470/973/1445 466/353/1447 471/422/1448
f 471/422/1449 466/701/1450 464/21/1451
f 471/422/1449 464/21/1451 469/343/1452
f 473/197/1453 479/1021/1454 474/270/1455
f 473/197/1453 474/270/1455 472/1005/1456
f 483/801/1457 482/470/1458 475/690/1459
f 483/801/1457 475/690/1459 478/525/1460
f 478/525/1461 475/690/1462 477/288/1463
f 478/525/1461 477/288/1463 480/159/1464
f 480/347/1465 477/187/1466 476/684/1467
f 480/347/1465 476/684/1467 481/59/1468
f 481/59/1469 476/684/1470 474/270/1471
f 481/59/1469 474/270/1471 479/1021/1472
f 483/643/1473 489/1032/1474 484/963/1475
f 483/643/1473 484/963/1475 482/1002/1476
f 493/1096/1477 492/1074/1478 485/292/1479
f 493/1096/1477 485/292/1479 488/814/1480
f 488/814/1481 485/292/1482 487/508/1483
f 488/814/1481 487/508/1483 490/1019/1484
f 490/1019/1485 487/508/1486 486/568/1487
f 490/1019/1485 486/568/1487 491/614/1488
f 491/614/1489 486/568/1490 484/963/1491
f 491/614/1489 484/963/1491 489/1032/1492
f 493/762/1493 499/44/1494 494/1106/1495
f 493/762/1493 494/1106/1495 492/1107/1496
f 503/137/1497 502/109/1498 495/454/1499
f 503/137/1497 495/454/1499 498/970/1500
f 498/970/1501 495/454/1502 497/620/1503
f 498/970/1501 497/620/1503 500/29/1504
f 500/29/1505 497/620/1506 496/722/1507
f 500/29/1505 496/722/1507 501/796/1508
f 501/796/1509 496/722/1510 494/1106/1511
f 501/796/1509 494/1106/1511 499/44/1512
f 503/213/1513 509/302/1514 504/826/1515
f 503/213/1513 504/826/1515 502/979/1516
f 513/383/1517 512/279/1518 505/552/1519
f 513/383/1517 505/552/1519 508/171/1520
f 508/171/1521 505/552/1522 507/367/1523
f 508/171/1521 507/367/1523 510/380/1524
f 510/380/1525 507/367/1526 506/815/1527
f 510/380/1525 506/815/1527 511/1035/1528
f 511/1035/1529 506/815/1530 504/826/1531
f 511/1035/1529 504/826/1531 509/302/1532
f 513/406/1533 519/423/1534 514/340/1535
f 513/406/1533 514/340/1535 512/387/1536
f 523/825/1537 522/794/1538 515/22/1539
f 523/825/1537 515/22/1539 518/557/1540
f 518/557/1541 515/22/1542 517/994/1543
f 518/557/1541 517/994/1543 520/403/1544
f 520/403/1545 517/994/1546 516/299/1547
f 520/403/1545 516/299/1547 521/1124/1548
f 521/1124/1549 516/299/1550 514/340/1551
f 521/1124/1549 514/340/1551 519/423/1552
f 523/576/1553 529/985/1554 524/704/1555
f 523/576/1553 524/704/1555 522/868/1556
f 334/795/1557 332/11/1558 525/503/1559
f 334/795/1557 525/503/1559 528/760/1560
f 528/760/1561 525/503/1562 527/246/1563
f 528/760/1561 527/246/1563 530/897/1564
f 530/897/1565 527/246/1566 526/441/1567
f 530/897/1565 526/441/1567 531/609/1568
f 531/609/1569 526/441/1570 524/704/1571
f 531/609/1569 524/704/1571 529/985/1572
usemtl brickwall1
f 142/940/1573 147/37/1574 136/993/1575
f 127/33/1576 135/628/1577 130/529/1578
f 148/7/1579 145/1022/1580 143/691/1581
f 145/1022/1582 136/993/1583 143/691/1584
f 136/993/1585 137/140/1586 140/692/1587
f 140/692/1588 141/1029/1589 146/806/1590
f 141/1029/1591 144/18/1592 267/990/1593
f 146/806/1594 141/1029/1595 267/990/1596
f 267/990/1597 266/295/1598 146/806/1599
f 266/295/1600 138/210/1601 146/806/1602
f 146/806/1603 142/940/1604 140/692/1605
f 142/940/1606 139/481/1607 147/37/1608
f 147/37/1609 143/691/1610 136/993/1611
f 142/940/1612 136/993/1613 140/692/1614
f 124/1042/1615 123/492/1616 127/33/1617
f 123/492/1618 133/956/1619 135/628/1620
f 127/33/1621 123/492/1622 135/628/1623
f 133/956/1624 128/72/1625 131/185/1626
f 131/185/1627 135/628/1628 133/956/1629
f 135/628/1630 126/770/1631 130/529/1632
f 130/529/1633 134/872/1634 127/33/1635
f 134/872/1636 125/658/1637 264/182/1638
f 264/182/1639 265/24/1640 129/307/1641
f 265/24/1642 132/452/1643 129/307/1644
f 129/307/1645 127/33/1646 134/872/1647
f 264/182/1648 129/307/1649 134/872/1650
usemtl stonetrims
f 547/373/1651 548/758/1652 538/398/1653
f 547/373/1651 538/398/1653 534/61/1654
f 549/1090/1655 550/283/1656 536/473/1657
f 549/1090/1655 536/473/1657 539/941/1658
f 551/1011/1659 547/373/1660 534/61/1661
f 551/1011/1659 534/61/1661 544/284/1662
f 552/883/1663 553/47/1664 545/516/1665
f 552/883/1663 545/516/1665 541/969/1666
f 550/283/1667 551/1011/1668 544/284/1669
f 550/283/1667 544/284/1669 536/473/1670
f 554/338/1671 555/407/1672 543/1023/1673
f 554/338/1671 543/1023/1673 532/71/1674
f 556/495/1675 557/399/1676 537/930/1677
f 556/495/1675 537/930/1677 533/559/1678
f 558/571/1679 549/1090/1680 539/941/1681
f 558/571/1679 539/941/1681 540/741/1682
f 559/264/1683 560/95/1684 535/750/1685
f 559/264/1683 535/750/1685 546/892/1686
f 557/399/1687 552/883/1688 541/969/1689
f 557/399/1687 541/969/1689 537/930/1690
f 560/95/1691 554/338/1692 532/71/1693
f 560/95/1691 532/71/1693 535/750/1694
f 561/175/1695 556/495/1696 533/559/1697
f 561/175/1695 533/559/1697 542/388/1698
f 548/758/1699 561/175/1700 542/388/1701
f 548/758/1699 542/388/1701 538/398/1702
f 555/407/1703 558/571/1704 540/741/1705
f 555/407/1703 540/741/1705 543/1023/1706
usemtl brickwall1
f 543/134/1707 539/564/1708 538/1120/1709
f 544/285/1710 534/751/1711 536/642/1712
f 534/751/1713 538/1120/1714 536/642/1715
f 538/1120/1716 542/25/1717 533/413/1718
f 533/413/1719 537/744/1720 532/934/1721
f 537/744/1722 541/911/1723 545/1117/1724
f 532/934/1725 537/744/1726 545/1117/1727
f 545/1117/1728 546/782/1729 532/934/1730
f 546/782/1731 535/247/1732 532/934/1733
f 532/934/1734 543/134/1735 533/413/1736
f 543/134/1737 540/738/1738 539/564/1739
f 539/564/1740 536/642/1741 538/1120/1742
f 543/134/1743 538/1120/1744 533/413/1745
usemtl stonetrims
f 546/319/1746 343/1075/1747 337/544/1748
f 545/317/1749 340/731/1750 343/1075/1751
f 545/317/1749 343/1075/1751 546/319/1752
usemtl brickwall1
f 108/354/1753 105/276/1754 558/135/1755
f 108/354/1753 558/135/1755 555/957/1756
f 103/958/1757 107/577/1758 561/548/1759
f 103/958/1757 561/548/1759 548/683/1760
f 107/577/1761 98/659/1762 556/639/1763
f 107/577/1761 556/639/1763 561/548/1764
f 100/271/1765 97/890/1766 554/104/1767
f 100/271/1765 554/104/1767 560/1044/1768
f 102/785/1769 106/959/1770 552/765/1771
f 102/785/1769 552/765/1771 557/81/1772
usemtl stonetrims
f 260/462/1773 100/865/1774 560/1121/1775
f 260/462/1773 560/1121/1775 559/74/1776
usemtl brickwall1
f 105/276/1777 104/702/1778 549/517/1779
f 105/276/1777 549/517/1779 558/135/1780
f 98/659/1781 102/785/1782 557/81/1783
f 98/659/1781 557/81/1783 556/639/1784
f 97/890/1785 108/354/1786 555/957/1787
f 97/890/1785 555/957/1787 554/104/1788
f 101/188/1789 109/935/1790 551/538/1791
f 101/188/1789 551/538/1791 550/848/1792
usemtl stonetrims
f 106/817/1793 261/878/1794 553/103/1795
f 106/817/1793 553/103/1795 552/891/1796
usemtl brickwall1
f 109/935/1797 99/873/1798 547/65/1799
f 109/935/1797 547/65/1799 551/538/1800
f 104/702/1801 101/188/1802 550/848/1803
f 104/702/1801 550/848/1803 549/517/1804
f 99/873/1805 103/958/1806 548/683/1807
f 99/873/1805 548/683/1807 547/65/1808
usemtl stonetrims
f 333/195/1809 260/85/1810 559/467/1811
f 333/195/1809 559/467/1811 337/1123/1812
f 339/186/1813 545/183/1814 553/344/1815
f 553/344/1816 261/62/1817 335/611/1818
f 553/344/1816 335/611/1818 339/186/1819
f 337/1123/1820 559/467/1821 546/739/1822
f 578/320/1823 579/1061/1824 567/455/1825
f 578/320/1823 567/455/1825 566/348/1826
f 580/652/1827 581/152/1828 569/509/1829
f 580/652/1827 569/509/1829 573/287/1830
f 581/152/1831 582/426/1832 565/510/1833
f 581/152/1831 565/510/1833 569/509/1834
f 583/746/1835 584/655/1836 575/1037/1837
f 583/746/1835 575/1037/1837 562/142/1838
f 579/1061/1839 585/484/1840 571/396/1841
f 579/1061/1839 571/396/1841 567/455/1842
f 586/1050/1843 587/761/1844 568/1047/1845
f 586/1050/1843 568/1047/1845 576/101/1846
f 588/203/1847 578/320/1848 566/348/1849
f 588/203/1847 566/348/1849 563/51/1850
f 589/130/1851 588/203/1852 563/51/1853
f 589/130/1851 563/51/1853 570/547/1854
f 590/437/1855 580/652/1856 573/287/1857
f 590/437/1855 573/287/1857 564/986/1858
f 585/484/1859 591/69/1860 572/345/1861
f 585/484/1859 572/345/1861 571/396/1862
f 587/761/1863 590/437/1864 564/986/1865
f 587/761/1863 564/986/1865 568/1047/1866
f 592/677/1867 589/130/1868 570/547/1869
f 592/677/1867 570/547/1869 574/773/1870
f 582/426/1871 592/677/1872 574/773/1873
f 582/426/1871 574/773/1873 565/510/1874
f 591/69/1875 583/746/1876 562/142/1877
f 591/69/1875 562/142/1877 572/345/1878
usemtl brickwall1
f 571/752/1879 573/504/1880 565/899/1881
usemtl stonetrims
f 576/390/1882 352/296/1883 348/526/1884
f 577/111/1885 354/235/1886 352/296/1887
f 577/111/1885 352/296/1887 576/390/1888
usemtl brickwall1
f 563/987/1889 566/326/1890 565/899/1891
f 566/326/1892 567/321/1893 571/752/1894
f 565/899/1895 566/326/1896 571/752/1897
f 571/752/1898 572/415/1899 573/504/1900
f 572/415/1901 562/680/1902 575/615/1903
f 575/615/1904 576/411/1905 564/654/1906
f 576/411/1907 568/623/1908 564/654/1909
f 564/654/1910 573/504/1911 572/415/1912
f 575/615/1913 564/654/1914 572/415/1915
f 573/504/1916 569/617/1917 565/899/1918
f 565/899/1919 574/258/1920 563/987/1921
f 574/258/1922 570/325/1923 563/987/1924
f 120/351/1925 110/723/1926 583/297/1927
f 120/351/1925 583/297/1927 591/499/1928
f 113/300/1929 122/305/1930 592/382/1931
f 113/300/1929 592/382/1931 582/1078/1932
f 122/305/1933 118/438/1934 589/567/1935
f 122/305/1933 589/567/1935 592/382/1936
f 116/775/1937 112/858/1938 590/498/1939
f 116/775/1937 590/498/1939 587/27/1940
f 119/57/1941 120/351/1942 591/499/1943
f 119/57/1941 591/499/1943 585/1080/1944
f 112/858/1945 121/482/1946 580/440/1947
f 112/858/1945 580/440/1947 590/498/1948
f 118/438/1949 111/216/1950 588/1013/1951
f 118/438/1949 588/1013/1951 589/567/1952
f 111/216/1953 114/929/1954 578/1076/1955
f 111/216/1953 578/1076/1955 588/1013/1956
usemtl stonetrims
f 263/809/1957 116/298/1958 587/903/1959
f 263/809/1957 587/903/1959 586/289/1960
usemtl brickwall1
f 115/660/1961 119/57/1962 585/1080/1963
f 115/660/1961 585/1080/1963 579/904/1964
usemtl stonetrims
f 110/696/1965 262/831/1966 584/1091/1967
f 110/696/1965 584/1091/1967 583/184/1968
usemtl brickwall1
f 117/45/1969 113/300/1970 582/1078/1971
f 117/45/1969 582/1078/1971 581/972/1972
f 121/482/1973 117/45/1974 581/972/1975
f 121/482/1973 581/972/1975 580/440/1976
f 114/929/1977 115/660/1978 579/904/1979
f 114/929/1977 579/904/1979 578/1076/1980
usemtl stonetrims
f 335/947/1981 263/194/1982 586/881/1983
f 335/947/1981 586/881/1983 348/70/1984
f 348/70/1985 586/881/1986 576/46/1987
f 584/689/1988 350/107/1989 577/962/1990
f 584/689/1988 577/962/1990 575/131/1991
f 262/651/1992 347/553/1993 350/107/1994
f 262/651/1992 350/107/1994 584/689/1995
