# Converted from user-supplied modularDungeon.fbx; Y-up, meters, bottom centered
mtllib Gothic.mtl
o Room_L
v -1.7000003 6.8978261e-07 2.3
v -1.7000003 6.8978261e-07 -1.7
v 2.2999997 6.8978261e-07 2.3
v 2.2999997 6.8978261e-07 -1.7
v -5.7000003 6.8978261e-07 -1.7
v -5.7000003 6.8978261e-07 2.3
v -5.7000003 4.0000007 2.3
v -5.7000003 4.0000007 -1.7
v 6.2999997 4.0000007 -1.7
v 6.2999997 6.8978261e-07 -1.7
v 6.2999997 6.8978261e-07 2.3
v 6.2999997 4.0000007 2.3
v -1.7000003 6.8978261e-07 6.3
v -1.7000003 4.0000007 6.3
v 2.2999997 4.0000007 6.3
v 2.2999997 6.8978261e-07 6.3
v -5.7000003 6.8978261e-07 6.3
v -5.7000003 4.0000007 6.3
v 6.2999997 4.0000007 6.3
v 6.2999997 6.8978261e-07 6.3
v -1.7000003 4.0000007 -5.7
v -1.7000003 6.8978261e-07 -5.7
v 2.2999997 6.8978261e-07 -5.7
v 2.2999997 4.0000007 -5.7
v -5.7000003 4.0000007 -5.7
v -5.7000003 6.8978261e-07 -5.7
v 6.2999997 4.0000007 -5.7
v 6.2999997 6.8978261e-07 -5.7
v -1.7000003 4.0000007 -6.7
v -1.7000003 6.8978261e-07 -6.7
v 2.2999997 6.8978261e-07 -6.7
v 2.2999997 4.0000007 -6.7
v -6.7000003 6.8978261e-07 -1.7
v -6.7000003 6.8978261e-07 2.3
v -6.7000003 4.0000007 2.3
v -6.7000003 4.0000007 -1.7
v 2.6997857 4.5988834 -1.7000396
v 5.6997857 5.0988829 -1.7000394
v 4.701479 5.8988831 -1.7000396
v 2.5997853 4.1988814 -1.7000396
v 3.8997855 5.8988836 -1.7000396
v 5.8997855 4.5988829 -1.7000391
v 5.0997858 5.6988828 -1.7000396
v 3.4997857 5.6988833 -1.7000396
v 3.0997853 5.3988816 -1.7000396
v 5.9997854 4.1988809 -1.7000391
v 5.4997854 5.3988816 -1.7000396
v 2.8997855 5.0988834 -1.7000396
v 4.2997856 5.998883 -1.7000396
v 6.2997856 4.1988809 -5.400039
v 6.2997856 5.8988836 -4.1000392
v 6.2997856 4.5988829 -2.1000392
v 6.2997856 5.6988828 -2.9000394
v 6.2997856 5.6988828 -4.5000393
v 6.2997856 5.3988816 -4.9000394
v 6.2997851 4.1988809 -2.0000389
v 6.2997856 5.3988816 -2.5000393
v 6.2997856 5.998883 -3.7000391
v 6.2997856 5.0988829 -5.1000392
v 6.2997856 4.5988824 -5.3000391
v 6.2997856 5.0988829 -2.3000391
v 6.2997856 5.8988826 -3.3000393
v 5.0997858 5.6988828 -5.7000391
v 5.4997859 5.3988816 -5.7000391
v 2.5997858 4.1988809 -5.7000391
v 3.0997858 5.3988816 -5.7000391
v 5.6997857 5.0988824 -5.7000391
v 4.2997856 5.9988825 -5.7000391
v 5.8997855 4.6022155 -5.7000391
v 2.8997858 5.0988829 -5.7000391
v 3.8997858 5.8988826 -5.7000391
v 5.9997854 4.1988809 -5.7000391
v 4.6997857 5.8988831 -5.7000391
v 2.6997859 4.602216 -5.7000391
v 3.4997854 5.6988828 -5.7000391
v 2.2997856 5.6988828 -2.9000397
v 2.2997856 5.3988816 -2.5000398
v 2.2997856 4.1988814 -5.4000394
v 2.2997856 5.3988816 -4.9021213
v 2.2997856 5.0988829 -2.3000395
v 2.2997856 4.5988834 -2.1000395
v 2.2997856 5.0988829 -5.1000397
v 2.2997856 5.8988831 -4.1000397
v 2.2997856 4.1988814 -2.0000396
v 2.2997856 5.8988836 -3.3000398
v 2.2997856 4.5988829 -5.3000395
v 2.2997856 5.6988828 -4.5000398
v 2.2997856 5.998883 -3.7000396
v 4.2997856 5.998883 -3.6000397
v 4.1997857 5.998883 -3.7000396
v 4.2997856 5.998883 -3.8000395
v 4.3997855 5.998883 -3.7000396
v 4.7997856 5.8988826 -4.1000397
v 4.6997857 5.8988826 -4.2000396
v 5.1997857 5.6988828 -4.5000393
v 5.0997858 5.6988828 -4.6000397
v 5.5997853 5.3988816 -4.9000399
v 5.4997859 5.3988816 -5.0000393
v 5.7997856 5.0988829 -5.1000392
v 5.6997857 5.0988829 -5.2000391
v 5.9997859 4.6022165 -5.3000391
v 5.8997855 4.6022165 -5.400039
v 5.9997854 4.1988809 -5.5000393
v 3.8997855 5.8988836 -4.2198374
v 3.7997856 5.8988836 -4.1000397
v 3.4997859 5.6988828 -4.6000397
v 3.3997858 5.6988828 -4.5000393
v 3.0997856 5.3988816 -5.0000393
v 2.9997857 5.3988816 -4.9021213
v 2.8997858 5.0988829 -5.2000396
v 2.7997856 5.0988829 -5.1000397
v 2.6997859 4.6022165 -5.4000394
v 2.5997858 4.6022165 -5.3000391
v 2.4997857 4.1988814 -5.4000394
v 2.5997858 4.1988809 -5.5000393
v 4.701479 5.8988836 -3.2000396
v 4.7997856 5.8988836 -3.3000395
v 5.0997853 5.6988828 -2.8000395
v 5.1997857 5.6988828 -2.9000397
v 5.4997859 5.3988816 -2.4000394
v 5.5997853 5.3988816 -2.5000398
v 5.6997857 5.0988829 -2.2000394
v 5.7997856 5.0988829 -2.3000393
v 5.8997855 4.6022165 -2.0000393
v 5.9997854 4.602216 -2.1000392
v 3.7997856 5.8988831 -3.3000395
v 3.8997855 5.8988831 -3.2000396
v 3.3997855 5.6988828 -2.9000397
v 3.4997857 5.6988828 -2.8000398
v 2.9997857 5.3988831 -2.5000396
v 3.0997856 5.3988816 -2.3850603
v 2.7997856 5.0988829 -2.3000395
v 2.8997855 5.0988829 -2.2000396
v 2.5997858 4.6022165 -2.1000397
v 2.6997857 4.6022165 -2.0000393
v 2.4997854 4.1988814 -2.0000396
v 5.9231343 4.1988809 -5.4248469
v 6.0245938 4.1988809 -5.3233879
v 5.9231343 4.1988809 -1.9752312
v 2.6764369 4.1988809 -5.4248474
v 2.5749774 4.1988814 -2.0766909
v 4.2081916 5.8992369 -3.700279
v 4.3915105 5.8992259 -3.7000177
v 4.2997777 5.8992226 -3.6082783
v 4.2999952 5.8992073 -3.7919977
v 5.9354372 4.5607607 -5.2356908
v 5.8354373 4.5607607 -5.3356907
v 5.7429352 5.0394184 -5.0431888
v 5.6429353 5.0394184 -5.1431887
v 5.5569239 5.3193471 -4.857178
v 5.456924 5.3193471 -4.9571774
v 5.1713581 5.60732 -4.4716122
v 5.0713582 5.60732 -4.5716121
v 4.7817845 5.8021776 -4.0820386
v 4.6817846 5.8021776 -4.1820385
v 6.0245934 4.1988809 -2.0766904
v 5.8354373 4.5607612 -2.0643878
v 5.9354372 4.5607602 -2.1643877
v 5.6429348 5.0394184 -2.2568901
v 5.7429352 5.0394184 -2.35689
v 5.456924 5.3193471 -2.4429014
v 5.5569239 5.3193471 -2.5429015
v 5.0712938 5.6073291 -2.8284307
v 5.1712971 5.6073272 -2.9284277
v 4.6833668 5.802191 -3.2179983
v 4.7817326 5.8021691 -3.3179395
v 2.7641344 4.5607612 -5.3356907
v 2.6641343 4.5607612 -5.2356908
v 2.5749776 4.1988809 -5.3233883
v 2.9565282 5.0394714 -5.1430256
v 2.856534 5.0394823 -5.0430205
v 3.1423955 5.3193185 -4.9569814
v 3.0424972 5.3194277 -4.8589609
v 3.5287628 5.6073653 -4.5720251
v 3.4287899 5.6073849 -4.4719889
v 3.9190385 5.8023307 -4.2023189
v 3.8183591 5.802088 -4.0831387
v 2.664134 4.5607607 -2.1643879
v 2.7641339 4.5607607 -2.064388
v 2.6764369 4.1988814 -1.9752314
v 2.8577647 5.0397913 -2.3561339
v 2.9577327 5.039715 -2.2560863
v 3.0439932 5.3191697 -2.5411675
v 3.1446574 5.3198645 -2.4268062
v 3.4286866 5.607249 -2.9277506
v 3.5287139 5.6072643 -2.8277717
v 3.8177862 5.8021776 -3.3180404
v 3.9177864 5.8021776 -3.2180405
v 4.3903913 5.8018114 -3.6988962
v 4.2997718 5.8018114 -3.6082697
v 4.345634 5.7374699 -3.654134
v 4.2081857 5.8018114 -3.7002704
v 4.2539458 5.7374756 -3.6542935
v 4.2999892 5.8018114 -3.7919896
v 4.345737 5.7374618 -3.7459996
v 4.2540958 5.7374675 -3.7461369
v 4.2545531 5.7374756 -3.6542926
v 4.2999997 5.7000005 -3.7
v 4.2542717 5.7379367 -3.6539664
v 2.5997853 3.9988837 -1.7000396
v 5.9997854 3.9988835 -1.7000391
v 6.2997856 3.998883 -5.400039
v 6.2997851 3.998883 -2.0000389
v 2.5997858 3.9988835 -5.7000391
v 5.9997854 3.9988832 -5.7000391
v 2.2997856 3.9988835 -5.4000394
v 2.2997856 3.9988837 -2.0000396
v 5.9997854 3.9988832 -5.5000393
v 6.0997853 3.998883 -5.400039
v 2.4997857 3.9988835 -5.4000394
v 2.5997858 3.9988835 -5.5000393
v 2.4997854 3.9988837 -2.0000396
v 5.9231343 3.9988832 -5.4248469
v 6.0245938 3.9988832 -5.3233879
v 5.9231343 3.9988835 -1.9752312
v 2.6764369 3.9988835 -5.4248474
v 2.5749774 3.9988837 -2.0766909
v 6.0245934 3.9988835 -2.0766904
v 2.5749776 3.9988835 -5.3233883
v 2.6764369 3.9988837 -1.9752314
v 6.0968938 5.998883 -3.7000396
v 6.0997853 4.1988809 -2.0000389
v 6.0968933 5.0988829 -2.3000391
v 6.0968938 4.6011374 -5.3000391
v 6.0968938 5.3988816 -4.9000394
v 6.0968938 5.3988816 -2.5000393
v 6.0997853 3.998883 -2.0000389
v 6.0968938 4.1988809 -5.3970912
v 6.0968933 5.6988828 -2.9000394
v 6.0968933 5.6988828 -4.5000393
v 6.0968938 5.8988826 -3.3000395
v 6.0968938 5.0988829 -5.1000392
v 6.0968933 4.6011374 -2.1000392
v 6.0968938 5.8988836 -4.1000392
v 5.9997854 4.1988809 -1.9000392
v 5.6997857 5.0988829 -1.915669
v 5.4997854 5.3988816 -1.9156692
v 4.701479 5.8988831 -1.9156692
v 3.8997855 5.8988836 -1.9156692
v 2.8997855 5.0988829 -1.9156692
v 3.4997857 5.6988828 -1.9156692
v 2.5997853 3.9988837 -1.9000394
v 5.8997855 4.601279 -1.9156687
v 5.9997854 3.9988835 -1.9000392
v 2.5997853 4.1988809 -1.9000394
v 5.0997858 5.6988828 -1.9156692
v 2.6997857 4.601279 -1.9156692
v 3.0997853 5.3988816 -1.9156692
v 4.2997856 5.998883 -1.9156692
v 2.4997854 5.0988829 -2.3000395
v 2.4997854 4.6011049 -2.1000397
v 2.4997857 5.3988821 -2.5000398
v 2.4997859 5.8988831 -4.1000397
v 2.4997859 5.3988816 -4.9021213
v 2.4997854 5.8988836 -3.3000398
v 2.4997864 4.6011054 -5.3000391
v 2.4997854 5.6988828 -2.9000397
v 2.4997859 5.998883 -3.7000396
v 2.4997859 5.6988828 -4.5000398
v 2.4997864 5.0988829 -5.1000397
v 5.0997858 5.6988828 -5.5026109
v 3.8997858 5.8988826 -5.5026114
v 4.2997856 5.9988825 -5.5026114
v 3.0997858 5.3988816 -5.5026114
v 4.6997857 5.8988831 -5.5026109
v 2.6997859 4.6022165 -5.5026114
v 3.4997857 5.6988828 -5.5026109
v 5.6997857 5.0988829 -5.5026114
v 5.4997859 5.3988816 -5.5026114
v 5.8997855 4.602216 -5.5026114
v 2.8997858 5.0988829 -5.5026114
v -5.3002143 4.5988843 6.2999609
v -2.3002148 5.0988838 6.2999609
v -3.298521 5.898884 6.2999609
v -5.4002147 4.1988823 6.2999609
v -4.1002145 5.8988845 6.2999609
v -2.100215 4.5988838 6.2999609
v -2.9002147 5.6988837 6.2999609
v -4.5002141 5.6988842 6.2999609
v -4.9002147 5.3988826 6.2999609
v -2.0002151 4.1988818 6.2999609
v -2.5002151 5.3988826 6.2999609
v -5.1002145 5.0988843 6.2999609
v -3.7002139 5.9988839 6.2999609
v -1.7002149 4.1988818 2.5999601
v -1.7002149 5.8988845 3.8999603
v -1.7002149 4.5988838 5.8999603
v -1.7002149 5.6988837 5.0999601
v -1.7002149 5.6988837 3.4999597
v -1.7002149 5.3988826 3.0999596
v -1.7002149 4.1988818 5.9999607
v -1.7002149 5.3988826 5.4999597
v -1.7002149 5.9988839 4.2999594
v -1.7002149 5.0988838 2.8999603
v -1.7002149 4.5988834 2.6999605
v -1.7002149 5.0988838 5.6999605
v -1.7002149 5.8988836 4.6999605
v -2.9002147 5.6988837 2.2999604
v -2.5002151 5.3988826 2.2999604
v -5.4002147 4.1988818 2.2999604
v -4.9002147 5.3988826 2.2999604
v -2.3002148 5.0988834 2.2999604
v -3.7002139 5.9988835 2.2999604
v -2.100215 4.6022165 2.2999604
v -5.1002145 5.0988838 2.2999604
v -4.1002145 5.8988836 2.2999604
v -2.0002151 4.1988818 2.2999604
v -3.3002148 5.898884 2.2999604
v -5.3002133 4.6022169 2.2999604
v -4.5002141 5.6988837 2.2999604
v -5.7002139 5.6988837 5.0999601
v -5.7002139 5.3988826 5.4999597
v -5.7002139 4.1988823 2.5999601
v -5.7002139 5.3988826 3.0978777
v -5.7002139 5.0988838 5.6999605
v -5.7002139 4.5988843 5.8999603
v -5.7002139 5.0988838 2.8999603
v -5.7002139 5.898884 3.8999598
v -5.7002139 4.1988823 5.9999597
v -5.7002139 5.8988845 4.6999605
v -5.7002139 4.5988838 2.6999605
v -5.7002139 5.6988837 3.4999597
v -5.7002139 5.9988839 4.2999594
v -3.7002139 5.9988839 4.3999603
v -3.8002143 5.9988839 4.2999594
v -3.7002139 5.9988839 4.1999595
v -3.600215 5.9988839 4.2999594
v -3.2002149 5.8988836 3.8999598
v -3.3002148 5.8988836 3.7999594
v -2.8002148 5.6988837 3.4999597
v -2.9002147 5.6988837 3.3999598
v -2.4002147 5.3988826 3.0999596
v -2.5002151 5.3988826 2.9999602
v -2.2002149 5.0988838 2.8999598
v -2.3002148 5.0988838 2.7999604
v -2.0002151 4.6022174 2.6999605
v -2.100215 4.6022174 2.5999601
v -2.0002151 4.1988818 2.4999602
v -4.1002145 5.8988845 3.7801616
v -4.2002139 5.8988845 3.8999598
v -4.5002141 5.6988837 3.3999598
v -4.6002145 5.6988837 3.4999597
v -4.9002147 5.3988826 2.9999602
v -5.0002141 5.3988826 3.0978777
v -5.1002145 5.0988838 2.7999604
v -5.2002139 5.0988838 2.8999603
v -5.3002133 4.6022174 2.5999601
v -5.4002147 4.6022174 2.6999605
v -5.5002141 4.1988823 2.5999601
v -5.4002147 4.1988818 2.4999602
v -3.298521 5.8988845 4.7999599
v -3.2002149 5.8988845 4.6999605
v -2.9002147 5.6988837 5.1999605
v -2.8002148 5.6988837 5.0999601
v -2.5002151 5.3988826 5.599961
v -2.4002147 5.3988826 5.4999597
v -2.3002148 5.0988838 5.7999609
v -2.2002149 5.0988838 5.6999605
v -2.100215 4.6022174 5.9999597
v -2.0002151 4.6022169 5.8999603
v -4.2002139 5.898884 4.6999605
v -4.1002145 5.898884 4.7999599
v -4.6002145 5.6988837 5.0999601
v -4.5002141 5.6988837 5.1999605
v -5.0002141 5.398884 5.4999597
v -4.9002147 5.3988826 5.6149395
v -5.2002139 5.0988838 5.6999605
v -5.1002145 5.0988838 5.7999609
v -5.4002137 4.6022174 5.8999603
v -5.3002133 4.6022174 5.9999607
v -5.5002141 4.1988823 5.9999597
v -2.0768657 4.1988818 2.5751522
v -1.9754066 4.1988818 2.6766112
v -2.0768657 4.1988818 6.0247686
v -5.3235631 4.1988818 2.5751522
v -5.4250216 4.1988823 5.9233091
v -3.7918077 5.8992378 4.2997205
v -3.60849 5.8992269 4.2999818
v -3.7002225 5.8992235 4.3917215
v -3.7000051 5.8992083 4.2080019
v -2.0645628 4.5607617 2.7643082
v -2.1645632 4.5607617 2.6643083
v -2.2570653 5.0394194 2.9568102
v -2.3570652 5.0394194 2.8568108
v -2.4430766 5.3193481 3.1428216
v -2.543077 5.3193481 3.0428216
v -2.8286419 5.607321 3.5283873
v -2.9286418 5.607321 3.4283874
v -3.2182155 5.8021786 3.9179609
v -3.3182154 5.8021786 3.8179605
v -1.9754066 4.1988818 5.9233091
v -2.1645632 4.5607621 5.9356115
v -2.0645628 4.5607612 5.8356121
v -2.3570652 5.0394194 5.7431104
v -2.2570653 5.0394194 5.64311
v -2.543077 5.3193481 5.5570982
v -2.4430766 5.3193481 5.4570978
v -2.9287066 5.6073301 5.1715686
v -2.8287029 5.6073282 5.0715721
v -3.3166332 5.8021919 4.7820013
v -3.218267 5.80217 4.68206
v -5.2358651 4.5607621 2.6643083
v -5.3358655 4.5607621 2.7643082
v -5.4250216 4.1988818 2.6766112
v -5.0434718 5.0394723 2.8569739
v -5.1434655 5.0394833 2.9569795
v -4.8576035 5.3193195 3.0430181
v -4.9575028 5.3194287 3.1410387
v -4.4712377 5.6073663 3.427974
v -4.5712094 5.6073858 3.5280106
v -4.0809617 5.8023317 3.7976806
v -4.1816411 5.802089 3.9168603
v -5.3358655 4.5607617 5.8356121
v -5.2358651 4.5607617 5.9356115
v -5.3235631 4.1988823 6.0247686
v -5.1422353 5.0397923 5.6438653
v -5.0422673 5.039716 5.7439134
v -4.9560065 5.3191707 5.4588325
v -4.8553424 5.3198654 5.5731933
v -4.5713134 5.6072499 5.0722492
v -4.4712863 5.6072652 5.1722286
v -4.1822133 5.8021786 4.6819599
v -4.0822129 5.8021786 4.7819593
v -3.6096091 5.8018124 4.3011043
v -3.7002282 5.8018124 4.3917301
v -3.6543665 5.7374708 4.345866
v -3.7918143 5.8018124 4.2997291
v -3.7460542 5.7374766 4.3457067
v -3.7000108 5.8018124 4.20801
v -3.6542635 5.7374627 4.2539995
v -3.7459044 5.7374685 4.2538621
v -3.7454467 5.7374766 4.3457067
v -3.7000003 5.7000015 4.2999995
v -3.745728 5.7379377 4.3460338
v -5.4002147 3.9988847 6.2999609
v -2.0002151 3.9988844 6.2999609
v -1.7002149 3.9988839 2.5999601
v -1.7002149 3.9988839 5.9999607
v -5.4002147 3.9988844 2.2999604
v -2.0002151 3.9988842 2.2999604
v -5.7002139 3.9988844 2.5999601
v -5.7002139 3.9988847 5.9999597
v -2.0002151 3.9988842 2.4999602
v -1.9002147 3.9988839 2.5999601
v -5.5002141 3.9988844 2.5999601
v -5.4002147 3.9988844 2.4999602
v -5.5002141 3.9988847 5.9999597
v -2.0768657 3.9988842 2.5751522
v -1.9754066 3.9988842 2.6766112
v -2.0768657 3.9988844 6.0247686
v -5.3235631 3.9988844 2.5751522
v -5.4250216 3.9988847 5.9233091
v -1.9754066 3.9988844 5.9233091
v -5.4250216 3.9988844 2.6766112
v -5.3235631 3.9988847 6.0247686
v -1.9031067 5.9988839 4.2999594
v -1.9002147 4.1988818 5.9999607
v -1.9031067 5.0988838 5.6999605
v -1.9031067 4.6011383 2.6999605
v -1.9031067 5.3988826 3.0999596
v -1.9031067 5.3988826 5.4999597
v -1.9002147 3.9988839 5.9999607
v -1.9031067 4.1988818 2.6029084
v -1.9031067 5.6988837 5.0999601
v -1.9031067 5.6988837 3.4999597
v -1.9031067 5.8988836 4.6999605
v -1.9031067 5.0988838 2.8999603
v -1.9031067 4.6011383 5.8999603
v -1.9031067 5.8988845 3.8999598
v -2.0002151 4.1988818 6.099961
v -2.3002148 5.0988838 6.0843303
v -2.5002151 5.3988826 6.0843303
v -3.298521 5.898884 6.0843303
v -4.1002145 5.8988845 6.0843303
v -5.1002145 5.0988838 6.0843303
v -4.5002141 5.6988837 6.0843303
v -5.4002147 3.9988847 6.099961
v -2.100215 4.6012799 6.0843303
v -2.0002151 3.9988844 6.099961
v -5.4002147 4.1988818 6.099961
v -2.9002147 5.6988837 6.0843303
v -5.3002133 4.6012799 6.0843303
v -4.9002147 5.3988826 6.0843303
v -3.7002139 5.9988839 6.0843303
v -5.5002141 5.0988838 5.6999605
v -5.5002141 4.6011059 5.8999603
v -5.5002141 5.3988831 5.4999597
v -5.5002141 5.898884 3.8999598
v -5.5002141 5.3988826 3.0978777
v -5.5002141 5.8988845 4.6999605
v -5.5002141 4.6011064 2.6999605
v -5.5002141 5.6988837 5.0999601
v -5.5002141 5.9988839 4.2999594
v -5.5002141 5.6988837 3.4999597
v -5.5002141 5.0988838 2.8999603
v -2.9002147 5.6988837 2.4973881
v -4.1002145 5.8988836 2.4973881
v -3.7002139 5.9988835 2.4973881
v -4.9002147 5.3988826 2.4973881
v -3.3002148 5.898884 2.4973881
v -5.3002133 4.6022174 2.4973881
v -4.5002141 5.6988837 2.4973881
v -2.3002148 5.0988838 2.4973881
v -2.5002151 5.3988826 2.4973881
v -2.100215 4.6022169 2.4973881
v -5.1002145 5.0988838 2.4973881
v 2.2999599 4.5988834 1.900213
v 2.2999606 5.0988834 -1.099787
v 2.2999601 5.8988836 -0.10148048
v 2.2999599 4.1988818 2.0002129
v 2.2999601 5.898884 0.70021272
v 2.2999606 4.5988834 -1.299787
v 2.2999601 5.6988833 -0.49978709
v 2.2999601 5.6988837 1.1002128
v 2.2999599 5.3988826 1.5002129
v 2.2999606 4.1988814 -1.3997872
v 2.2999604 5.3988821 -0.89978719
v 2.2999599 5.0988838 1.7002127
v 2.2999601 5.9988835 0.3002131
v -1.4000392 4.1988814 -1.6997876
v -0.10003948 5.898884 -1.6997874
v 1.8999605 4.5988834 -1.6997871
v 1.0999603 5.6988833 -1.6997874
v -0.50003958 5.6988833 -1.6997874
v -0.9000392 5.3988821 -1.6997876
v 1.9999609 4.1988814 -1.6997871
v 1.4999604 5.3988821 -1.6997874
v 0.29996061 5.9988835 -1.6997874
v -1.100039 5.0988834 -1.6997876
v -1.3000393 4.5988834 -1.6997876
v 1.6999607 5.0988834 -1.6997871
v 0.69996071 5.8988831 -1.6997874
v -1.7000394 5.6988833 -0.49978757
v -1.7000394 5.3988821 -0.89978766
v -1.7000403 4.1988818 2.000212
v -1.7000399 5.3988826 1.5002124
v -1.7000394 5.0988834 -1.0997877
v -1.7000394 5.9988835 0.30021262
v -1.7000394 4.6022165 -1.2997875
v -1.7000399 5.0988838 1.7002118
v -1.7000394 5.8988836 0.70021224
v -1.7000394 4.1988814 -1.3997877
v -1.7000394 5.898884 -0.099787712
v -1.7000403 4.6022169 1.9002116
v -1.7000394 5.6988837 1.1002123
v 1.0999599 5.6988837 2.3002126
v 1.4999599 5.3988826 2.3002126
v -1.4000401 4.1988823 2.3002117
v -0.90212202 5.3988826 2.3002121
v 1.6999598 5.0988838 2.3002126
v 1.89996 4.5988838 2.3002126
v -1.1000404 5.0988838 2.3002121
v -0.10004044 5.8988836 2.3002126
v 1.9999599 4.1988823 2.3002126
v 0.69995999 5.8988845 2.3002126
v -1.3000402 4.5988838 2.3002117
v -0.50004053 5.6988837 2.3002126
v 0.29995966 5.9988839 2.3002126
v 0.3999598 5.9988835 0.3002131
v 0.29996014 5.9988835 0.400213
v 0.19996023 5.9988835 0.3002131
v 0.29996014 5.9988835 0.20021272
v -0.10003996 5.8988836 -0.19978738
v -0.20003939 5.8988836 -0.099787235
v -0.50004005 5.6988833 -0.59978771
v -0.60003996 5.6988833 -0.49978757
v -0.90003967 5.3988821 -0.99978757
v -1.0000391 5.3988821 -0.89978766
v -1.100039 5.0988834 -1.1997876
v -1.2000394 5.0988834 -1.0997877
v -1.3000393 4.6022169 -1.3997877
v -1.4000392 4.6022169 -1.2997875
v -1.5000391 4.1988814 -1.3997877
v -0.21983767 5.898884 0.70021272
v -0.10003948 5.898884 0.8002131
v -0.60003996 5.6988837 1.1002123
v -0.50004005 5.6988837 1.2002127
v -1.0000401 5.3988826 1.5002129
v -0.90212154 5.3988826 1.6002123
v -1.2000399 5.0988838 1.7002118
v -1.1000404 5.0988838 1.8002121
v -1.4000401 4.6022174 1.9002116
v -1.3000398 4.6022174 2.000212
v -1.4000401 4.1988823 2.1002119
v -1.5000405 4.1988818 2.000212
v 0.79996014 5.898884 -0.10148072
v 0.69995999 5.898884 -0.19978738
v 1.1999598 5.6988833 -0.49978733
v 1.0999599 5.6988833 -0.59978724
v 1.5999606 5.3988821 -0.89978719
v 1.4999602 5.3988821 -0.99978733
v 1.7999606 5.0988834 -1.099787
v 1.6999607 5.0988834 -1.1997871
v 1.9999604 4.6022169 -1.299787
v 1.8999605 4.6022165 -1.3997872
v 0.69996023 5.8988836 0.8002131
v 0.7999599 5.8988836 0.70021272
v 1.0999599 5.6988837 1.2002127
v 1.1999598 5.6988837 1.1002128
v 1.4999599 5.3988836 1.6002128
v 1.6149392 5.3988826 1.5002129
v 1.6999602 5.0988838 1.8002126
v 1.7999599 5.0988838 1.7002127
v 1.8999598 4.6022169 2.0002129
v 1.9999599 4.6022169 1.900213
v 1.9999599 4.1988823 2.1002128
v -1.4248476 4.1988814 -1.3231363
v -1.3233881 4.1988814 -1.4245956
v 2.0247686 4.1988814 -1.3231359
v -1.4248481 4.1988818 1.9235609
v 1.9233086 4.1988818 2.0250204
v 0.29972076 5.8992374 0.39180684
v 0.29998207 5.8992264 0.20848775
v 0.39172125 5.8992235 0.30022073
v 0.20800209 5.8992083 0.30000329
v -1.2356911 4.5607612 -1.3354392
v -1.335691 4.5607612 -1.2354393
v -1.0431886 5.0394189 -1.1429369
v -1.1431885 5.0394189 -1.042937
v -0.85717773 5.3193481 -0.95692563
v -0.95717812 5.3193481 -0.85692573
v -0.47161198 5.607321 -0.57136011
v -0.57161188 5.607321 -0.47136021
v -0.082038879 5.8021781 -0.18178654
v -0.18203878 5.8021781 -0.081786633
v 1.9233093 4.1988814 -1.4245951
v 1.935612 4.5607612 -1.2354386
v 1.8356121 4.5607607 -1.3354387
v 1.7431099 5.0394189 -1.0429366
v 1.64311 5.0394189 -1.1429365
v 1.5570982 5.3193481 -0.85692549
v 1.4570982 5.3193481 -0.95692539
v 1.1715689 5.6073296 -0.47129583
v 1.0715718 5.6073277 -0.57129884
v 0.78200126 5.8021915 -0.08336854
v 0.68206 5.8021695 -0.18173456
v -1.3356915 4.5607617 1.8358638
v -1.2356915 4.5607617 1.9358637
v -1.3233886 4.1988818 2.0250199
v -1.1430264 5.0394723 1.6434705
v -1.0430202 5.0394828 1.7434642
v -0.95698118 5.3193195 1.4576023
v -0.85896063 5.3194287 1.5575011
v -0.5720253 5.6073663 1.0712354
v -0.47198915 5.6073858 1.1712081
v -0.20231915 5.8023317 0.68095994
v -0.08313942 5.8020885 0.78163934
v 1.8356116 4.5607612 1.9358642
v 1.9356115 4.5607612 1.8358643
v 2.0247681 4.1988818 1.9235618
v 1.6438656 5.0397918 1.7422335
v 1.7439132 5.0397155 1.6422656
v 1.458832 5.3191707 1.5560052
v 1.5731933 5.319865 1.4553411
v 1.0722489 5.6072495 1.1713116
v 1.1722279 5.6072647 1.0712845
v 0.68195939 5.8021781 0.78221202
v 0.7819593 5.8021781 0.68221211
v 0.30110335 5.8018119 0.20960689
v 0.39172983 5.8018119 0.30022645
v 0.34586573 5.7374704 0.25436401
v 0.29972935 5.8018119 0.39181304
v 0.34570599 5.7374761 0.34605241
v 0.2080102 5.8018119 0.30000949
v 0.25400019 5.7374627 0.25426149
v 0.25386286 5.737468 0.34590268
v 0.34570718 5.7374761 0.34544539
v 0.29999971 5.700001 0.29999852
v 0.3460331 5.7379377 0.34572673
v 2.2999599 3.9988842 2.0002129
v 2.2999606 3.9988839 -1.3997869
v -1.4000392 3.9988835 -1.6997874
v 1.9999609 3.9988835 -1.6997869
v -1.7000403 3.9988844 2.000212
v -1.7000394 3.9988839 -1.3997874
v -1.4000401 3.9988844 2.3002117
v 1.9999599 3.9988844 2.3002126
v -1.5000391 3.9988839 -1.3997874
v -1.4000392 3.9988835 -1.4997873
v -1.4000401 3.9988844 2.1002119
v -1.5000405 3.9988844 2.000212
v 1.9999599 3.9988844 2.1002128
v -1.4248476 3.9988839 -1.3231361
v -1.3233881 3.9988839 -1.4245954
v 2.0247686 3.9988839 -1.3231356
v -1.4248481 3.9988844 1.9235609
v 1.9233086 3.9988842 2.0250204
v 1.9233093 3.9988839 -1.4245949
v -1.3233886 3.9988844 2.0250199
v 2.0247681 3.9988842 1.9235618
v 0.29996061 5.9988835 -1.4968956
v 1.9999609 4.1988814 -1.4997869
v 1.6999607 5.0988834 -1.4968951
v -1.3000393 4.6011379 -1.4968958
v -0.90003967 5.3988821 -1.4968958
v 1.4999604 5.3988821 -1.4968956
v 1.9999609 3.9988835 -1.4997869
v -1.3970914 4.1988814 -1.4968958
v 1.0999603 5.6988833 -1.4968953
v -0.50003958 5.6988833 -1.4968953
v 0.69996047 5.8988831 -1.4968956
v -1.100039 5.0988834 -1.4968956
v 1.8999605 4.6011379 -1.4968951
v -0.10003948 5.898884 -1.4968956
v 2.0999606 4.1988814 -1.3997872
v 2.084331 5.0988834 -1.099787
v 2.0843308 5.3988821 -0.89978719
v 2.0843306 5.8988836 -0.10148048
v 2.0843306 5.898884 0.70021272
v 2.0843303 5.0988838 1.7002127
v 2.0843306 5.6988837 1.1002128
v 2.0999601 3.9988842 2.0002129
v 2.084331 4.6012795 -1.299787
v 2.0999606 3.9988839 -1.3997869
v 2.0999601 4.1988809 2.0002129
v 2.0843306 5.6988833 -0.49978709
v 2.0843303 4.601279 1.900213
v 2.0843303 5.3988826 1.5002129
v 2.0843303 5.9988835 0.3002131
v 1.6999598 5.0988838 2.1002128
v 1.8999598 4.6011059 2.1002128
v 1.4999599 5.3988826 2.1002128
v -0.10004044 5.8988836 2.1002123
v -0.90212202 5.3988826 2.1002123
v 0.69995999 5.8988845 2.1002128
v -1.3000398 4.6011064 2.1002119
v 1.0999599 5.6988837 2.1002128
v 0.29995966 5.9988839 2.1002123
v -0.50004053 5.6988837 2.1002123
v -1.1000404 5.0988838 2.1002123
v -1.5026112 5.6988833 -0.49978757
v -1.5026112 5.8988836 0.70021224
v -1.5026112 5.9988835 0.30021262
v -1.5026116 5.3988826 1.5002124
v -1.5026112 5.898884 -0.099787712
v -1.5026121 4.6022174 1.9002116
v -1.5026112 5.6988837 1.1002119
v -1.5026112 5.0988834 -1.0997877
v -1.5026112 5.3988821 -0.89978766
v -1.5026112 4.6022169 -1.2997875
v -1.5026112 5.0988838 1.7002118
v 6.2999597 4.5988838 5.900213
v 6.2999601 5.0988838 2.900213
v 6.2999597 5.8988836 3.8985198
v 6.2999597 4.1988818 6.0002124
v 6.2999597 5.8988845 4.7002132
v 6.2999601 4.5988834 2.7002127
v 6.2999597 5.6988837 3.5002129
v 6.2999597 5.6988837 5.1002128
v 6.2999597 5.3988826 5.5002124
v 6.2999601 4.1988818 2.6002128
v 6.2999601 5.3988826 3.1002128
v 6.2999597 5.0988838 5.7002132
v 6.2999597 5.9988839 4.3002126
v 2.5999603 4.1988818 2.3002121
v 3.8999603 5.898884 2.3002126
v 5.89996 4.5988834 2.3002126
v 5.0999603 5.6988837 2.3002126
v 3.4999599 5.6988837 2.3002126
v 3.0999601 5.3988826 2.3002121
v 5.9999604 4.1988818 2.3002126
v 5.4999604 5.3988821 2.3002126
v 4.2999601 5.9988835 2.3002126
v 2.8999605 5.0988834 2.3002121
v 2.6999605 4.5988834 2.3002121
v 5.6999602 5.0988834 2.3002126
v 4.6999602 5.8988836 2.3002126
v 2.2999601 5.6988837 3.5002124
v 2.2999604 5.3988826 3.1002123
v 2.2999597 4.1988818 6.0002124
v 2.2999597 5.3988826 5.5002124
v 2.2999604 5.0988838 2.900212
v 2.2999601 5.9988839 4.3002126
v 2.2999604 4.6022169 2.7002127
v 2.2999597 5.0988838 5.7002122
v 2.2999599 5.898884 4.7002132
v 2.2999604 4.1988818 2.6002123
v 2.2999601 5.8988845 3.900213
v 2.2999597 4.6022174 5.900212
v 2.2999599 5.6988837 5.1002128
v 5.0999594 5.6988842 6.3002126
v 5.4999595 5.3988826 6.3002126
v 2.5999596 4.1988823 6.3002117
v 3.097878 5.3988826 6.3002117
v 5.6999598 5.0988843 6.3002126
v 5.8999596 4.5988843 6.3002126
v 2.8999598 5.0988843 6.3002117
v 3.8999596 5.898884 6.3002126
v 5.9999595 4.1988823 6.3002126
v 4.6999598 5.8988845 6.3002126
v 2.6999598 4.5988843 6.3002117
v 3.4999595 5.6988842 6.3002126
v 4.2999597 5.9988839 6.3002126
v 4.39996 5.9988839 4.3002126
v 4.2999599 5.9988839 4.400213
v 4.1999598 5.9988839 4.3002126
v 4.2999599 5.9988839 4.2002127
v 3.8999598 5.8988836 3.8002126
v 3.7999599 5.8988836 3.900213
v 3.4999599 5.6988837 3.400213
v 3.39996 5.6988837 3.5002129
v 3.0999599 5.3988826 3.0002124
v 2.9999604 5.3988826 3.1002123
v 2.89996 5.0988834 2.8002121
v 2.7999601 5.0988834 2.900212
v 2.6999605 4.6022174 2.6002123
v 2.5999603 4.6022174 2.7002127
v 2.4999602 4.1988818 2.6002123
v 3.7801616 5.8988845 4.7002132
v 3.89996 5.8988845 4.8002126
v 3.3999596 5.6988837 5.1002119
v 3.4999597 5.6988837 5.2002132
v 2.9999599 5.3988826 5.5002124
v 3.097878 5.3988826 5.6002119
v 2.7999599 5.0988838 5.7002122
v 2.89996 5.0988838 5.8002117
v 2.5999599 4.6022179 5.900212
v 2.6999598 4.6022179 6.0002124
v 2.5999596 4.1988823 6.1002119
v 2.4999595 4.1988818 6.0002124
v 4.7999601 5.8988845 3.8985193
v 4.6999598 5.8988845 3.8002126
v 5.1999598 5.6988837 3.5002129
v 5.0999599 5.6988837 3.400213
v 5.5999603 5.3988826 3.1002128
v 5.4999599 5.3988826 3.0002129
v 5.7999601 5.0988834 2.900213
v 5.6999602 5.0988834 2.8002126
v 5.9999599 4.6022174 2.7002127
v 5.89996 4.6022165 2.6002128
v 4.6999598 5.898884 4.8002126
v 4.7999597 5.898884 4.7002132
v 5.0999599 5.6988837 5.2002132
v 5.1999598 5.6988837 5.1002128
v 5.4999595 5.398884 5.6002128
v 5.6149387 5.3988826 5.5002124
v 5.6999602 5.0988838 5.8002126
v 5.7999597 5.0988838 5.7002132
v 5.8999596 4.6022174 6.0002124
v 5.9999595 4.6022174 5.900213
v 5.9999595 4.1988823 6.1002128
v 2.5751522 4.1988818 2.6768639
v 2.6766114 4.1988818 2.5754044
v 6.0247684 4.1988818 2.6768639
v 2.5751514 4.1988818 5.9235609
v 5.9233084 4.1988823 6.0250204
v 4.2997205 5.8992378 4.3918064
v 4.2999816 5.8992269 4.2084877
v 4.3917212 5.8992235 4.3002203
v 4.2080016 5.8992083 4.3000038
v 2.7643087 4.5607617 2.664561
v 2.6643088 4.5607617 2.7645609
v 2.9568107 5.0394194 2.8570626
v 2.856811 5.0394194 2.957063
v 3.1428218 5.3193481 3.0430748
v 3.0428219 5.3193481 3.1430743
v 3.5283875 5.607321 3.4286401
v 3.4283874 5.607321 3.52864
v 3.9179606 5.8021786 3.8182132
v 3.8179607 5.8021786 3.9182131
v 5.9233088 4.1988818 2.5754049
v 5.9356117 4.5607617 2.7645614
v 5.8356118 4.5607612 2.6645615
v 5.7431097 5.0394194 2.9570634
v 5.6431098 5.0394194 2.8570635
v 5.5570979 5.3193481 3.1430748
v 5.457098 5.3193481 3.0430748
v 5.1715689 5.6073296 3.5287044
v 5.0715718 5.6073282 3.4287016
v 4.782001 5.8021919 3.9166315
v 4.6820598 5.80217 3.8182657
v 2.6643083 4.5607621 5.8358638
v 2.7643082 4.5607621 5.9358642
v 2.6766109 4.1988818 6.0250204
v 2.8569736 5.0394723 5.6434705
v 2.956979 5.0394833 5.7434642
v 3.0430179 5.3193199 5.4576023
v 3.1410384 5.3194291 5.5575006
v 3.4279742 5.6073668 5.0712354
v 3.5280104 5.6073863 5.1712081
v 3.7976804 5.8023317 4.6809595
v 3.9168603 5.802089 4.7816389
v 5.8356113 4.5607617 5.9358642
v 5.9356112 4.5607612 5.8358638
v 6.0247674 4.1988818 5.9235618
v 5.6438656 5.0397923 5.742234
v 5.7439132 5.039716 5.6422651
v 5.4588318 5.3191707 5.5560052
v 5.5731931 5.3198654 5.4553411
v 5.0722489 5.6072499 5.1713111
v 5.1722279 5.6072652 5.071285
v 4.6819592 5.8021786 4.782212
v 4.7819591 5.8021786 4.6822116
v 4.3011031 5.8018124 4.2096074
v 4.3917298 5.8018124 4.300226
v 4.3458652 5.7374708 4.2543643
v 4.2997289 5.8018124 4.3918121
v 4.345706 5.7374766 4.3460529
v 4.20801 5.8018124 4.3000085
v 4.2539997 5.7374627 4.2542613
v 4.2538624 5.7374685 4.3459022
v 4.3457069 5.7374766 4.3454454
v 4.2999995 5.7000015 4.2999985
v 4.3460331 5.7379377 4.3457267
v 6.2999597 3.9988844 6.0002124
v 6.2999601 3.9988839 2.6002128
v 2.5999603 3.9988837 2.3002121
v 5.9999604 3.9988839 2.3002126
v 2.2999597 3.9988844 6.0002124
v 2.2999604 3.9988842 2.6002123
v 2.5999596 3.9988844 6.3002117
v 5.9999595 3.9988847 6.3002126
v 2.4999602 3.9988842 2.6002123
v 2.5999603 3.9988839 2.5002129
v 2.5999596 3.9988844 6.1002119
v 2.4999595 3.9988844 6.0002124
v 5.9999595 3.9988847 6.1002128
v 2.5751522 3.9988842 2.6768639
v 2.6766114 3.9988842 2.5754044
v 6.0247684 3.9988839 2.6768639
v 2.5751514 3.9988844 5.9235609
v 5.9233084 3.9988847 6.0250204
v 5.9233088 3.9988839 2.5754049
v 2.6766109 3.9988844 6.0250204
v 6.0247674 3.9988844 5.9235618
v 4.2999601 5.9988835 2.5031044
v 5.9999604 4.1988818 2.5002129
v 5.6999602 5.0988834 2.5031044
v 2.6999605 4.6011383 2.503104
v 3.0999601 5.3988826 2.503104
v 5.4999599 5.3988826 2.5031044
v 5.9999604 3.9988839 2.5002129
v 2.6029081 4.1988818 2.503104
v 5.0999599 5.6988837 2.5031044
v 3.4999599 5.6988837 2.5031044
v 4.6999602 5.8988836 2.5031044
v 2.8999603 5.0988834 2.5031044
v 5.89996 4.6011379 2.5031044
v 3.8999603 5.898884 2.5031044
v 6.0999599 4.1988818 2.6002128
v 6.0843306 5.0988834 2.900213
v 6.0843306 5.3988826 3.1002128
v 6.0843301 5.8988836 3.8985198
v 6.0843301 5.8988845 4.7002132
v 6.0843301 5.0988838 5.7002132
v 6.0843301 5.6988837 5.1002128
v 6.0999599 3.9988844 6.0002124
v 6.0843306 4.6012799 2.7002127
v 6.0999599 3.9988839 2.6002128
v 6.0999599 4.1988814 6.0002124
v 6.0843301 5.6988837 3.5002129
v 6.0843301 4.6012795 5.900213
v 6.0843301 5.3988826 5.5002124
v 6.0843301 5.9988839 4.3002126
v 5.6999598 5.0988838 6.1002128
v 5.8999596 4.6011064 6.1002128
v 5.4999595 5.3988831 6.1002128
v 3.8999596 5.898884 6.1002119
v 3.097878 5.3988826 6.1002119
v 4.6999598 5.8988845 6.1002128
v 2.6999598 4.6011069 6.1002119
v 5.0999594 5.6988842 6.1002128
v 4.2999597 5.9988839 6.1002119
v 3.4999595 5.6988842 6.1002119
v 2.8999598 5.0988838 6.1002119
v 2.4973884 5.6988837 3.5002124
v 2.4973879 5.898884 4.7002132
v 2.4973879 5.9988839 4.3002126
v 2.4973879 5.3988826 5.5002124
v 2.4973884 5.8988845 3.900213
v 2.4973879 4.6022174 5.900212
v 2.4973884 5.6988837 5.1002128
v 2.4973884 5.0988838 2.900212
v 2.4973884 5.3988826 3.1002123
v 2.4973884 4.6022174 2.7002127
v 2.4973879 5.0988838 5.7002122
v -2.0997853 4.5988834 -5.6999619
v -5.0997863 5.0988829 -5.6999624
v -4.1014791 5.8988831 -5.6999624
v -1.9997854 4.1988814 -5.6999619
v -3.2997861 5.8988836 -5.6999624
v -5.2997851 4.5988829 -5.6999624
v -4.4997859 5.6988828 -5.6999624
v -2.899786 5.6988833 -5.6999619
v -2.4997859 5.3988816 -5.6999619
v -5.3997855 4.1988809 -5.6999624
v -4.8997855 5.3988816 -5.6999624
v -2.2997861 5.0988834 -5.6999619
v -3.6997857 5.998883 -5.6999624
v -5.6997867 4.1988814 -1.9999628
v -5.6997857 5.8988836 -3.2999628
v -5.6997848 4.5988834 -5.2999623
v -5.6997857 5.6988833 -4.4999626
v -5.6997867 5.6988833 -2.8999624
v -5.6997867 5.3988821 -2.4999626
v -5.6997848 4.1988809 -5.3999627
v -5.6997857 5.3988816 -4.8999627
v -5.6997857 5.998883 -3.6999626
v -5.6997867 5.0988834 -2.2999628
v -5.6997867 4.5988834 -2.0999627
v -5.6997857 5.0988829 -5.0999629
v -5.6997857 5.8988831 -4.0999625
v -4.4997869 5.6988833 -1.6999626
v -4.8997865 5.3988821 -1.6999626
v -1.9997864 4.1988818 -1.6999619
v -2.4997864 5.3988821 -1.6999621
v -5.0997863 5.0988834 -1.6999626
v -3.6997857 5.9988835 -1.6999621
v -5.2997861 4.6022165 -1.6999626
v -2.2997866 5.0988834 -1.6999621
v -3.2997866 5.8988836 -1.6999621
v -5.3997865 4.1988814 -1.6999626
v -4.0997863 5.898884 -1.6999624
v -2.0997868 4.6022165 -1.6999619
v -2.8997865 5.6988833 -1.6999621
v -1.6997857 5.6988833 -4.4999616
v -1.6997857 5.3988821 -4.8999617
v -1.6997867 4.1988818 -1.9999616
v -1.6997867 5.3988821 -2.49788
v -1.6997857 5.0988834 -5.0999615
v -1.6997852 4.5988834 -5.2999618
v -1.6997867 5.0988834 -2.2999618
v -1.6997857 5.8988836 -3.2999618
v -1.6997852 4.1988818 -5.3999617
v -1.6997857 5.898884 -4.0999615
v -1.6997867 4.5988834 -2.0999618
v -1.6997867 5.6988833 -2.8999615
v -1.6997857 5.9988835 -3.6999617
v -3.6997857 5.998883 -3.7999623
v -3.5997858 5.998883 -3.6999621
v -3.6997857 5.998883 -3.5999622
v -3.7997861 5.998883 -3.6999621
v -4.1997857 5.8988831 -3.2999623
v -4.0997863 5.8988831 -3.1999624
v -4.5997863 5.6988833 -2.8999622
v -4.4997869 5.6988833 -2.7999623
v -4.9997869 5.3988821 -2.4999621
v -4.8997865 5.3988821 -2.3999624
v -5.1997867 5.0988834 -2.2999623
v -5.0997863 5.0988834 -2.1999624
v -5.3997865 4.6022169 -2.0999627
v -5.2997861 4.6022169 -1.9999626
v -5.3997865 4.1988814 -1.8999627
v -3.2997861 5.898884 -3.1801639
v -3.1997857 5.898884 -3.2999623
v -2.8997865 5.6988833 -2.7999618
v -2.7997866 5.6988833 -2.8999619
v -2.4997864 5.3988821 -2.3999622
v -2.3997865 5.3988821 -2.49788
v -2.2997866 5.0988834 -2.1999619
v -2.1997867 5.0988834 -2.299962
v -2.0997868 4.6022174 -1.9999616
v -1.9997864 4.6022174 -2.099962
v -1.8997865 4.1988818 -1.9999616
v -1.9997864 4.1988814 -1.8999617
v -4.10148 5.8988836 -4.1999624
v -4.1997857 5.8988836 -4.099962
v -4.4997859 5.6988833 -4.599962
v -4.5997863 5.6988833 -4.4999621
v -4.8997855 5.3988816 -4.9999621
v -4.9997859 5.3988816 -4.8999622
v -5.0997863 5.0988829 -5.1999624
v -5.1997857 5.0988829 -5.0999625
v -5.2997851 4.6022165 -5.3999627
v -5.3997855 4.6022165 -5.2999623
v -3.1997857 5.8988831 -4.099962
v -3.2997861 5.8988831 -4.1999619
v -2.7997861 5.6988833 -4.4999616
v -2.899786 5.6988833 -4.599962
v -2.399786 5.3988831 -4.8999617
v -2.4997859 5.3988821 -5.014941
v -2.1997857 5.0988834 -5.099962
v -2.2997861 5.0988834 -5.1999619
v -1.9997859 4.6022165 -5.2999613
v -2.0997858 4.6022165 -5.3999617
v -1.8997855 4.1988818 -5.3999617
v -5.3231349 4.1988814 -1.9751546
v -5.4245944 4.1988814 -2.0766139
v -5.3231339 4.1988809 -5.4247706
v -2.0764375 4.1988814 -1.9751537
v -1.9749775 4.1988814 -5.3233101
v -3.6081924 5.8992374 -3.6997228
v -3.7915111 5.8992264 -3.6999838
v -3.6997781 5.8992231 -3.7917235
v -3.699996 5.8992078 -3.6080039
v -5.3354373 4.5607612 -2.1643112
v -5.2354379 4.5607612 -2.0643108
v -5.1429362 5.0394189 -2.3568127
v -5.0429358 5.0394189 -2.256813
v -4.9569249 5.3193476 -2.542824
v -4.8569245 5.3193476 -2.4428241
v -4.5713592 5.6073205 -2.9283898
v -4.4713588 5.6073205 -2.8283896
v -4.1817851 5.8021781 -3.3179629
v -4.0817857 5.8021781 -3.217963
v -5.4245934 4.1988809 -5.3233111
v -5.2354369 4.5607612 -5.335614
v -5.3354373 4.5607602 -5.2356141
v -5.0429349 5.0394184 -5.1431119
v -5.1429353 5.0394184 -5.043112
v -4.8569236 5.3193476 -4.9571002
v -4.956924 5.3193476 -4.8571002
v -4.4712939 5.6073291 -4.5715711
v -4.5712972 5.6073272 -4.4715741
v -4.0833669 5.8021915 -4.1820033
v -4.1817327 5.8021691 -4.082062
v -2.1641345 4.5607612 -2.0643103
v -2.0641346 4.5607612 -2.1643102
v -1.974978 4.1988814 -2.0766132
v -2.3565283 5.0394718 -2.2569759
v -2.2565346 5.0394828 -2.356981
v -2.5423965 5.319319 -2.4430201
v -2.4424977 5.3194282 -2.5410407
v -2.9287634 5.6073658 -2.8279765
v -2.8287902 5.6073854 -2.9280126
v -3.3190389 5.8023312 -3.1976826
v -3.2183595 5.802088 -3.3168626
v -2.0641341 4.5607607 -5.2356131
v -2.164134 4.5607607 -5.3356135
v -2.076437 4.1988814 -5.4247696
v -2.2577648 5.0397913 -5.0438673
v -2.3577332 5.039715 -5.1439149
v -2.4439936 5.3191702 -4.858834
v -2.5446577 5.3198645 -4.9731953
v -2.8286867 5.6072495 -4.4722512
v -2.9287143 5.6072647 -4.5722296
v -3.2177868 5.8021776 -4.0819614
v -3.3177872 5.8021776 -4.1819613
v -3.7903924 5.8018114 -3.7011054
v -3.6997724 5.8018114 -3.7917321
v -3.7456346 5.7374704 -3.7458675
v -3.6081862 5.8018119 -3.6997311
v -3.6539459 5.7374756 -3.7457082
v -3.6999898 5.8018119 -3.6080122
v -3.7457376 5.7374623 -3.654002
v -3.6540961 5.737468 -3.6538646
v -3.6545534 5.7374756 -3.7457092
v -3.7000003 5.700001 -3.7000015
v -3.6542721 5.7379372 -3.7460353
v -1.9997854 3.9988837 -5.6999619
v -5.3997855 3.9988835 -5.6999624
v -5.6997867 3.9988835 -1.9999628
v -5.6997848 3.9988835 -5.3999627
v -1.9997864 3.9988839 -1.6999617
v -5.3997865 3.9988839 -1.6999624
v -1.6997867 3.9988839 -1.9999616
v -1.6997852 3.9988837 -5.3999617
v -5.3997865 3.9988839 -1.8999627
v -5.4997859 3.9988835 -1.9999628
v -1.8997865 3.9988839 -1.9999616
v -1.9997864 3.9988839 -1.8999617
v -1.8997855 3.9988837 -5.3999617
v -5.3231349 3.9988839 -1.9751546
v -5.4245944 3.9988839 -2.0766139
v -5.3231339 3.9988835 -5.4247706
v -2.0764375 3.9988839 -1.9751537
v -1.9749775 3.9988837 -5.3233101
v -5.4245934 3.9988835 -5.3233111
v -1.974978 3.9988839 -2.0766132
v -2.076437 3.9988837 -5.4247696
v -5.4968944 5.998883 -3.6999626
v -5.4997849 4.1988809 -5.3999627
v -5.4968944 5.0988829 -5.0999629
v -5.4968944 4.6011379 -2.0999627
v -5.4968944 5.3988821 -2.4999626
v -5.4968944 5.3988816 -4.8999627
v -5.4997849 3.9988835 -5.3999627
v -5.4968944 4.1988814 -2.0029106
v -5.4968934 5.6988833 -4.4999626
v -5.4968944 5.6988833 -2.8999624
v -5.4968944 5.8988831 -4.0999625
v -5.4968944 5.0988834 -2.2999628
v -5.4968934 4.6011374 -5.2999623
v -5.4968944 5.8988836 -3.2999625
v -5.3997855 4.1988809 -5.4999626
v -5.0997863 5.0988829 -5.4843328
v -4.8997855 5.3988816 -5.4843328
v -4.1014791 5.8988831 -5.4843328
v -3.2997861 5.8988836 -5.4843328
v -2.2997861 5.0988834 -5.4843323
v -2.899786 5.6988833 -5.4843323
v -1.9997854 3.9988837 -5.4999616
v -5.2997851 4.601279 -5.4843328
v -5.3997855 3.9988835 -5.4999626
v -1.9997854 4.1988809 -5.4999616
v -4.4997859 5.6988833 -5.4843328
v -2.0997858 4.601279 -5.4843323
v -2.4997859 5.3988816 -5.4843323
v -3.6997857 5.998883 -5.4843323
v -1.899786 5.0988834 -5.0999615
v -1.8997855 4.6011054 -5.2999613
v -1.899786 5.3988821 -4.8999617
v -1.8997865 5.8988831 -3.2999618
v -1.8997865 5.3988821 -2.49788
v -1.899786 5.898884 -4.0999615
v -1.8997865 4.6011059 -2.099962
v -1.899786 5.6988833 -4.4999616
v -1.8997865 5.9988835 -3.6999617
v -1.8997865 5.6988833 -2.8999615
v -1.8997865 5.0988834 -2.2999618
v -4.4997869 5.6988833 -1.8973906
v -3.2997866 5.8988836 -1.8973901
v -3.6997857 5.9988835 -1.8973901
v -2.4997864 5.3988821 -1.8973901
v -4.0997863 5.898884 -1.8973906
v -2.0997868 4.6022169 -1.8973897
v -2.8997865 5.6988833 -1.8973906
v -5.0997863 5.0988834 -1.8973906
v -4.8997865 5.3988821 -1.8973906
v -5.2997861 4.6022165 -1.8973906
v -2.2997866 5.0988834 -1.8973901
v 1.900214 4.5988838 2.3000381
v -1.0997863 5.0988838 2.3000376
v -0.10147953 5.8988836 2.3000376
v 2.0002141 4.1988818 2.3000381
v 0.70021415 5.8988845 2.3000376
v -1.2997856 4.5988834 2.3000371
v -0.49978638 5.6988837 2.3000376
v 1.1002138 5.6988837 2.3000381
v 1.5002141 5.3988826 2.3000381
v -1.399786 4.1988818 2.3000371
v -0.89978647 5.3988826 2.3000376
v 1.7002137 5.0988838 2.3000381
v 0.30021381 5.9988835 2.3000376
v -1.6997871 4.1988818 6.0000379
v -1.6997862 5.8988845 4.7000377
v -1.6997857 4.5988834 2.7000372
v -1.6997862 5.6988837 3.500037
v -1.6997871 5.6988837 5.1000373
v -1.6997871 5.3988826 5.5000379
v -1.6997857 4.1988818 2.6000373
v -1.6997862 5.3988826 3.1000373
v -1.6997862 5.9988839 4.3000371
v -1.6997871 5.0988838 5.7000377
v -1.6997871 4.5988838 5.9000375
v -1.6997862 5.0988838 2.9000371
v -1.6997862 5.8988836 3.9000371
v -0.49978685 5.6988837 6.3000371
v -0.89978695 5.3988826 6.3000371
v 2.0002131 4.1988818 6.3000381
v 1.5002131 5.3988826 6.3000381
v -1.0997872 5.0988838 6.3000371
v 0.30021334 5.9988839 6.3000371
v -1.2997866 4.6022169 6.3000371
v 1.700213 5.0988843 6.3000381
v 0.70021319 5.898884 6.3000371
v -1.3997869 4.1988818 6.3000371
v -0.099786758 5.8988845 6.3000371
v 1.900213 4.6022174 6.3000381
v 1.1002133 5.6988842 6.3000381
v 2.3002136 5.6988837 3.5000384
v 2.3002138 5.3988826 3.1000383
v 2.3002131 4.1988823 6.0000379
v 2.3002133 5.3988826 5.5021198
v 2.3002138 5.0988838 2.9000385
v 2.3002141 4.5988838 2.7000382
v 2.3002133 5.0988838 5.7000377
v 2.3002133 5.898884 4.7000387
v 2.3002138 4.1988823 2.6000383
v 2.3002133 5.8988845 3.900038
v 2.3002133 4.5988838 5.9000385
v 2.3002133 5.6988837 5.1000392
v 2.3002133 5.9988839 4.3000381
v 0.30021381 5.9988839 4.2000382
v 0.40021348 5.9988839 4.3000381
v 0.30021358 5.9988839 4.4000385
v 0.20021343 5.9988839 4.3000381
v -0.19978666 5.898884 4.7000387
v -0.099786282 5.898884 4.8000381
v -0.59978676 5.6988837 5.1000383
v -0.49978685 5.6988837 5.2000387
v -0.99978685 5.3988826 5.5000379
v -0.89978695 5.3988826 5.6000373
v -1.1997871 5.0988838 5.7000377
v -1.0997872 5.0988838 5.8000371
v -1.3997869 4.6022174 5.9000375
v -1.2997866 4.6022174 6.0000379
v -1.3997869 4.1988818 6.1000373
v 0.70021343 5.8988845 4.8198364
v 0.80021358 5.8988845 4.7000387
v 1.1002133 5.6988837 5.2000387
v 1.2002132 5.6988837 5.1000383
v 1.5002131 5.3988826 5.6000383
v 1.6002133 5.3988826 5.5021198
v 1.7002132 5.0988838 5.8000381
v 1.8002133 5.0988838 5.7000377
v 1.900213 4.6022179 6.0000379
v 2.0002131 4.6022179 5.9000385
v 2.1002133 4.1988823 6.0000379
v 2.0002131 4.1988818 6.1000383
v -0.10148001 5.8988845 3.8000381
v -0.19978666 5.8988845 3.900038
v -0.49978638 5.6988837 3.4000385
v -0.59978628 5.6988837 3.5000384
v -0.89978647 5.3988826 3.0000374
v -0.99978638 5.3988826 3.1000383
v -1.0997863 5.0988838 2.8000376
v -1.1997862 5.0988838 2.9000371
v -1.2997856 4.6022174 2.6000373
v -1.399786 4.6022165 2.7000372
v 0.80021381 5.8988836 3.900038
v 0.70021367 5.8988836 3.8000381
v 1.2002137 5.6988837 3.5000384
v 1.1002138 5.6988837 3.4000385
v 1.6002138 5.3988836 3.1000383
v 1.5002139 5.3988826 2.985059
v 1.8002138 5.0988838 2.9000375
v 1.7002137 5.0988838 2.8000381
v 2.0002139 4.6022169 2.7000382
v 1.900214 4.6022169 2.6000383
v 2.100214 4.1988823 2.6000383
v -1.3231354 4.1988818 6.0248458
v -1.4245949 4.1988818 5.9233863
v -1.3231349 4.1988818 2.5752289
v 1.9235618 4.1988818 6.0248458
v 2.025022 4.1988818 2.6766894
v 0.39180779 5.8992378 4.3002775
v 0.20848894 5.8992269 4.3000162
v 0.30022144 5.8992235 4.208277
v 0.30000424 5.8992088 4.3919961
v -1.3354383 4.5607621 5.8356893
v -1.2354383 4.5607621 5.9356897
v -1.1429362 5.0394194 5.6431873
v -1.0429363 5.0394194 5.7431867
v -0.95692492 5.3193485 5.457176
v -0.85692501 5.3193485 5.5571764
v -0.57135916 5.6073215 5.0716102
v -0.47135925 5.6073215 5.1716106
v -0.18178606 5.8021786 4.6820371
v -0.081786156 5.8021786 4.7820375
v -1.4245939 4.1988818 2.6766889
v -1.2354379 4.5607617 2.664386
v -1.3354378 4.5607612 2.7643855
v -1.0429358 5.0394189 2.8568881
v -1.1429358 5.0394189 2.9568884
v -0.85692453 5.3193481 3.0429003
v -0.95692444 5.3193481 3.1429002
v -0.4712944 5.6073296 3.4284294
v -0.57129765 5.6073282 3.5284264
v -0.083367825 5.8021919 3.8179967
v -0.18173361 5.80217 3.917938
v 1.8358648 4.5607621 5.9356897
v 1.9358647 4.5607621 5.8356893
v 2.0250213 4.1988818 5.9233873
v 1.643471 5.0394723 5.7430246
v 1.7434649 5.0394833 5.6430185
v 1.457603 5.3193199 5.5569799
v 1.5575018 5.3194291 5.4589593
v 1.0712361 5.6073668 5.1720235
v 1.1712091 5.6073863 5.0719879
v 0.68096066 5.8023317 4.8023183
v 0.78164005 5.802089 4.6831377
v 1.9358654 4.5607612 2.7643869
v 1.8358657 4.5607612 2.664387
v 1.9235628 4.1988818 2.5752304
v 1.7422347 5.0397918 2.9561327
v 1.6422668 5.0397155 2.8560851
v 1.556006 5.3191707 3.141166
v 1.4553421 5.3198654 3.0268052
v 1.1713128 5.6072499 3.5277493
v 1.0712855 5.6072652 3.4277704
v 0.78221297 5.8021786 3.9180386
v 0.68221307 5.8021786 3.8180387
v 0.2096076 5.8018124 4.2988946
v 0.30022764 5.8018124 4.2082684
v 0.25436497 5.7374708 4.2541325
v 0.39181376 5.8018124 4.3002689
v 0.34605336 5.7374766 4.2542918
v 0.3000102 5.8018124 4.3919876
v 0.25426245 5.7374627 4.3459985
v 0.3459034 5.7374685 4.3461359
v 0.34544635 5.7374766 4.2542913
v 0.29999924 5.7000015 4.2999985
v 0.34572768 5.7379377 4.2539647
v 2.0002141 3.9988844 2.3000381
v -1.399786 3.9988842 2.3000371
v -1.6997871 3.9988839 6.0000379
v -1.6997857 3.9988839 2.6000373
v 2.0002131 3.9988844 6.3000381
v -1.3997869 3.9988844 6.3000371
v 2.3002131 3.9988844 6.0000379
v 2.3002138 3.9988844 2.6000383
v -1.3997869 3.9988844 6.1000373
v -1.4997864 3.9988839 6.0000379
v 2.1002133 3.9988844 6.0000379
v 2.0002131 3.9988844 6.1000383
v 2.100214 3.9988844 2.6000383
v -1.3231354 3.9988844 6.0248458
v -1.4245949 3.9988844 5.9233863
v -1.3231349 3.9988842 2.5752289
v 1.9235618 3.9988844 6.0248458
v 2.025022 3.9988844 2.6766894
v -1.4245939 3.9988842 2.6766889
v 2.0250213 3.9988844 5.9233873
v 1.9235628 3.9988844 2.5752304
v -1.4968944 5.9988839 4.3000371
v -1.4997859 4.1988818 2.6000373
v -1.4968944 5.0988838 2.9000371
v -1.4968953 4.6011383 5.9000375
v -1.4968953 5.3988826 5.5000379
v -1.4968944 5.3988826 3.1000373
v -1.4997859 3.9988839 2.6000373
v -1.4968953 4.1988818 5.9970891
v -1.4968939 5.6988837 3.500037
v -1.4968944 5.6988837 5.1000373
v -1.4968944 5.8988836 3.9000371
v -1.4968944 5.0988838 5.7000377
v -1.4968939 4.6011379 2.7000372
v -1.4968944 5.8988845 4.7000377
v -1.399786 4.1988818 2.500037
v -1.0997863 5.0988838 2.5156677
v -0.89978647 5.3988826 2.5156677
v -0.10147953 5.8988836 2.5156677
v 0.70021415 5.8988845 2.5156677
v 1.7002137 5.0988838 2.5156677
v 1.1002138 5.6988837 2.5156677
v 2.0002141 3.9988844 2.5000384
v -1.2997856 4.6012799 2.5156672
v -1.399786 3.9988842 2.500037
v 2.0002141 4.1988814 2.5000384
v -0.49978638 5.6988837 2.5156677
v 1.900214 4.6012795 2.5156677
v 1.5002141 5.3988826 2.5156677
v 0.30021381 5.9988835 2.5156677
v 2.100214 5.0988838 2.9000385
v 2.1002142 4.6011059 2.7000382
v 2.1002138 5.3988831 3.1000383
v 2.1002131 5.898884 4.7000387
v 2.1002131 5.3988826 5.5021198
v 2.1002138 5.8988845 3.900038
v 2.1002128 4.6011064 5.9000385
v 2.100214 5.6988837 3.5000384
v 2.1002135 5.9988839 4.3000381
v 2.1002131 5.6988837 5.1000392
v 2.1002128 5.0988838 5.7000377
v -0.49978685 5.6988837 6.1026094
v 0.70021319 5.898884 6.1026094
v 0.30021334 5.9988839 6.1026094
v 1.5002131 5.3988826 6.1026103
v -0.099786758 5.8988845 6.1026094
v 1.900213 4.6022174 6.1026103
v 1.1002133 5.6988837 6.1026094
v -1.0997872 5.0988838 6.1026094
v -0.89978695 5.3988826 6.1026094
v -1.2997866 4.6022174 6.1026094
v 1.700213 5.0988838 6.1026094
v 5.9002142 4.5988834 -1.6999617
v 2.900214 5.0988834 -1.6999621
v 3.8985207 5.8988836 -1.6999619
v 6.0002141 4.1988818 -1.6999617
v 4.7002139 5.898884 -1.6999619
v 2.7002141 4.5988834 -1.6999621
v 3.5002141 5.6988833 -1.6999621
v 5.100214 5.6988833 -1.6999619
v 5.5002141 5.3988821 -1.6999619
v 2.600214 4.1988814 -1.6999621
v 3.100214 5.3988821 -1.6999621
v 5.7002139 5.0988834 -1.6999619
v 4.3002138 5.9988835 -1.6999619
v 2.3002133 4.1988818 2.0000374
v 2.3002136 5.898884 0.70003772
v 2.3002143 4.5988834 -1.299962
v 2.3002138 5.6988833 -0.49996233
v 2.3002133 5.6988833 1.1000378
v 2.3002133 5.3988821 1.5000379
v 2.3002141 4.1988814 -1.3999627
v 2.3002138 5.3988821 -0.89996219
v 2.3002138 5.9988835 0.30003762
v 2.3002133 5.0988834 1.7000377
v 2.3002133 4.5988834 1.9000375
v 2.3002138 5.0988834 -1.0999622
v 2.3002138 5.8988836 -0.099962234
v 3.5002131 5.6988837 2.3000376
v 3.1002131 5.3988826 2.3000376
v 6.0002131 4.1988818 2.3000381
v 5.5002131 5.3988826 2.3000381
v 2.9002132 5.0988834 2.3000376
v 4.3002133 5.9988835 2.3000376
v 2.7002134 4.6022165 2.3000376
v 5.700213 5.0988838 2.3000381
v 4.7002134 5.8988836 2.3000376
v 2.6002133 4.1988818 2.3000376
v 3.9002132 5.898884 2.3000376
v 5.9002132 4.6022169 2.3000381
v 5.1002135 5.6988837 2.3000381
v 6.3002133 5.6988837 -0.49996138
v 6.3002133 5.3988821 -0.89996171
v 6.3002133 4.1988818 2.0000384
v 6.3002133 5.3988826 1.5021203
v 6.3002138 5.0988834 -1.0999618
v 6.3002143 4.5988834 -1.2999616
v 6.3002133 5.0988838 1.7000382
v 6.3002133 5.8988836 0.70003867
v 6.3002143 4.1988818 -1.3999615
v 6.3002133 5.898884 -0.099961758
v 6.3002133 4.5988838 1.9000385
v 6.3002133 5.6988837 1.1000388
v 6.3002133 5.9988835 0.3000381
v 4.3002138 5.9988835 0.20003843
v 4.4002137 5.9988835 0.3000381
v 4.3002138 5.9988835 0.400038
v 4.2002137 5.9988835 0.3000381
v 3.8002136 5.8988836 0.70003819
v 3.9002137 5.8988836 0.8000381
v 3.4002135 5.6988837 1.1000378
v 3.5002134 5.6988837 1.2000382
v 3.0002134 5.3988821 1.5000384
v 3.1002133 5.3988821 1.6000378
v 2.8002133 5.0988834 1.7000377
v 2.9002135 5.0988834 1.8000376
v 2.6002135 4.6022174 1.9000375
v 2.7002134 4.6022174 2.0000374
v 2.6002133 4.1988818 2.1000378
v 4.7002134 5.898884 0.81983638
v 4.8002133 5.898884 0.70003819
v 5.1002135 5.6988837 1.2000382
v 5.2002134 5.6988837 1.1000383
v 5.5002131 5.3988826 1.6000383
v 5.6002135 5.3988826 1.5021203
v 5.7002134 5.0988838 1.8000381
v 5.8002133 5.0988838 1.7000382
v 5.9002132 4.6022174 2.0000384
v 6.0002131 4.6022174 1.9000385
v 6.1002135 4.1988818 2.0000384
v 6.0002131 4.1988818 2.1000383
v 3.8985205 5.898884 -0.1999619
v 3.8002138 5.898884 -0.099961996
v 3.5002139 5.6988833 -0.599962
v 3.4002137 5.6988833 -0.49996161
v 3.100214 5.3988821 -0.99996233
v 3.0002139 5.3988821 -0.89996195
v 2.9002137 5.0988834 -1.1999621
v 2.8002138 5.0988834 -1.0999622
v 2.7002144 4.6022169 -1.3999622
v 2.600214 4.6022165 -1.299962
v 4.8002138 5.8988836 -0.099961996
v 4.7002139 5.8988836 -0.19996166
v 5.2002139 5.6988833 -0.49996161
v 5.100214 5.6988833 -0.59996176
v 5.6002135 5.3988836 -0.89996171
v 5.5002141 5.3988821 -1.014941
v 5.8002138 5.0988834 -1.099962
v 5.7002139 5.0988834 -1.1999619
v 6.0002141 4.6022165 -1.2999616
v 5.9002137 4.6022165 -1.3999617
v 6.100214 4.1988818 -1.3999615
v 2.6768646 4.1988818 2.0248458
v 2.5754051 4.1988818 1.9233859
v 2.6768653 4.1988814 -1.4247704
v 5.923562 4.1988818 2.0248458
v 6.025022 4.1988818 -1.3233104
v 4.3918076 5.8992374 0.30027747
v 4.2084889 5.8992264 0.30001616
v 4.3002214 5.8992235 0.20827675
v 4.300004 5.8992083 0.39199615
v 2.6645617 4.5607617 1.8356893
v 2.7645619 4.5607617 1.9356897
v 2.857064 5.0394189 1.6431873
v 2.9570642 5.0394189 1.7431872
v 3.0430753 5.3193481 1.4571764
v 3.1430752 5.3193481 1.5571764
v 3.4286408 5.607321 1.0716107
v 3.528641 5.607321 1.1716106
v 3.8182144 5.8021781 0.68203712
v 3.9182143 5.8021781 0.78203702
v 2.5754061 4.1988814 -1.3233109
v 2.7645626 4.5607612 -1.3356137
v 2.6645627 4.5607607 -1.2356138
v 2.9570644 5.0394189 -1.1431115
v 2.8570645 5.0394189 -1.0431116
v 3.1430757 5.3193481 -0.95709991
v 3.0430756 5.3193481 -0.85710001
v 3.5287056 5.6073296 -0.57157087
v 3.4287024 5.6073277 -0.47157383
v 3.9166327 5.8021915 -0.18200302
v 3.8182666 5.8021695 -0.082062006
v 5.835865 4.5607617 1.9356897
v 5.9358649 4.5607617 1.8356893
v 6.0250211 4.1988818 1.9233873
v 5.6434712 5.0394723 1.7430246
v 5.7434649 5.0394833 1.6430185
v 5.4576035 5.3193195 1.5569799
v 5.5575023 5.3194287 1.4589598
v 5.0712361 5.6073663 1.1720235
v 5.1712093 5.6073858 1.0719879
v 4.6809607 5.8023317 0.80231786
v 4.7816401 5.8020885 0.68313766
v 5.9358654 4.5607612 -1.2356131
v 5.8358655 4.5607612 -1.3356133
v 5.9235625 4.1988818 -1.4247696
v 5.7422347 5.0397918 -1.0438673
v 5.6422668 5.0397155 -1.1439149
v 5.556006 5.3191702 -0.85883379
v 5.4553423 5.319865 -0.97319508
v 5.1713128 5.6072495 -0.4722507
v 5.0712857 5.6072647 -0.57222962
v 4.7822132 5.8021781 -0.081961155
v 4.6822128 5.8021781 -0.18196082
v 4.2096081 5.8018119 0.29889488
v 4.3002276 5.8018119 0.2082684
v 4.2543652 5.7374704 0.25413251
v 4.3918138 5.8018119 0.30026937
v 4.3460531 5.7374761 0.25429225
v 4.3000102 5.8018119 0.39198804
v 4.2542624 5.7374627 0.34599853
v 4.3459034 5.737468 0.34613538
v 4.3454461 5.7374761 0.25429106
v 4.2999995 5.700001 0.29999876
v 4.3457274 5.7379377 0.2539649
v 6.0002141 3.9988839 -1.6999614
v 2.600214 3.9988839 -1.6999619
v 2.3002133 3.9988837 2.0000374
v 2.3002141 3.9988835 -1.3999624
v 6.0002131 3.9988844 2.3000381
v 2.6002133 3.9988839 2.3000376
v 6.3002133 3.9988844 2.0000384
v 6.3002143 3.9988839 -1.3999612
v 2.6002133 3.9988839 2.1000378
v 2.5002136 3.9988837 2.0000374
v 6.1002135 3.9988844 2.0000384
v 6.0002131 3.9988844 2.1000383
v 6.100214 3.9988839 -1.3999612
v 2.6768646 3.9988839 2.0248458
v 2.5754051 3.9988839 1.9233859
v 2.6768653 3.9988839 -1.4247701
v 5.923562 3.9988844 2.0248458
v 6.025022 3.9988839 -1.3233101
v 2.5754061 3.9988839 -1.3233106
v 6.0250211 3.9988844 1.9233873
v 5.9235625 3.9988839 -1.4247694
v 2.5031056 5.9988835 0.30003762
v 2.5002141 4.1988814 -1.3999627
v 2.5031059 5.0988834 -1.0999622
v 2.5031052 4.6011383 1.9000375
v 2.5031052 5.3988821 1.5000379
v 2.5031056 5.3988821 -0.89996219
v 2.5002141 3.9988835 -1.3999624
v 2.5031052 4.1988818 1.9970896
v 2.5031061 5.6988833 -0.49996233
v 2.5031056 5.6988833 1.1000378
v 2.5031056 5.8988836 -0.099962234
v 2.5031054 5.0988834 1.7000377
v 2.5031061 4.6011379 -1.299962
v 2.5031056 5.898884 0.70003772
v 2.600214 4.1988814 -1.4999623
v 2.900214 5.0988834 -1.4843326
v 3.100214 5.3988821 -1.4843326
v 3.8985205 5.8988836 -1.4843323
v 4.7002139 5.898884 -1.4843323
v 5.7002139 5.0988834 -1.4843323
v 5.100214 5.6988833 -1.4843323
v 6.0002141 3.9988839 -1.4999614
v 2.7002144 4.6012795 -1.4843326
v 2.600214 3.9988839 -1.4999621
v 6.0002141 4.1988809 -1.4999616
v 3.5002139 5.6988833 -1.4843326
v 5.9002137 4.601279 -1.4843321
v 5.5002141 5.3988821 -1.4843323
v 4.3002138 5.9988835 -1.4843323
v 6.100214 5.0988834 -1.0999618
v 6.1002145 4.6011054 -1.2999616
v 6.1002135 5.3988826 -0.89996171
v 6.1002131 5.8988836 0.70003819
v 6.1002131 5.3988826 1.5021203
v 6.1002135 5.898884 -0.099961758
v 6.1002131 4.6011064 1.9000385
v 6.100214 5.6988837 -0.49996138
v 6.1002135 5.9988835 0.3000381
v 6.1002131 5.6988837 1.1000388
v 6.1002131 5.0988838 1.7000382
v 3.5002131 5.6988837 2.1026099
v 4.7002134 5.8988836 2.1026099
v 4.3002133 5.9988835 2.1026099
v 5.5002131 5.3988826 2.1026103
v 3.9002132 5.898884 2.1026099
v 5.9002132 4.6022174 2.1026103
v 5.1002135 5.6988837 2.1026099
v 2.9002132 5.0988834 2.1026099
v 3.1002131 5.3988826 2.1026099
v 2.7002134 4.6022169 2.1026099
v 5.700213 5.0988838 2.1026099
v -1.6999612 4.5988834 -5.3002155
v -1.6999612 5.0988834 -2.3002155
v -1.6999612 5.8988831 -3.2985222
v -1.6999612 4.1988814 -5.4002154
v -1.6999612 5.8988836 -4.1002157
v -1.6999612 4.5988834 -2.1002157
v -1.6999612 5.6988833 -2.9002154
v -1.6999612 5.6988833 -4.5002158
v -1.6999612 5.3988821 -4.9002154
v -1.6999612 4.1988814 -2.0002155
v -1.6999612 5.3988821 -2.5002155
v -1.6999612 5.0988834 -5.1002157
v -1.6999612 5.998883 -3.7002156
v 2.0000389 4.1988814 -1.7002153
v 0.70003915 5.898884 -1.7002156
v -1.2999606 4.5988834 -1.7002156
v -0.4999609 5.6988833 -1.7002156
v 1.1000395 5.6988833 -1.7002156
v 1.5000393 5.3988821 -1.7002156
v -1.399961 4.1988814 -1.7002156
v -0.89996052 5.3988821 -1.7002156
v 0.30003905 5.9988835 -1.7002156
v 1.7000389 5.0988834 -1.7002156
v 1.900039 4.5988834 -1.7002153
v -1.0999613 5.0988834 -1.7002156
v -0.099960804 5.8988831 -1.7002156
v 2.3000393 5.6988833 -2.9002154
v 2.3000393 5.3988821 -2.5002153
v 2.3000393 4.1988814 -5.4002154
v 2.3000393 5.3988821 -4.9002154
v 2.3000391 5.0988834 -2.3002155
v 2.3000393 5.998883 -3.7002156
v 2.3000391 4.6022165 -2.1002157
v 2.3000393 5.0988834 -5.1002152
v 2.3000393 5.8988831 -4.1002157
v 2.3000388 4.1988814 -2.0002153
v 2.3000393 5.898884 -3.3002155
v 2.3000393 4.6022165 -5.300215
v 2.3000393 5.6988833 -4.5002158
v -0.49996042 5.6988833 -5.7002156
v -0.89996052 5.3988821 -5.7002156
v 2.0000391 4.1988818 -5.7002156
v 1.502121 5.3988821 -5.7002156
v -1.0999613 5.0988834 -5.7002156
v -1.2999611 4.5988834 -5.7002156
v 1.7000391 5.0988834 -5.7002156
v 0.70003939 5.8988831 -5.7002156
v -1.3999605 4.1988818 -5.7002156
v -0.099960804 5.8988836 -5.7002156
v 1.9000392 4.5988834 -5.7002156
v 1.1000395 5.6988833 -5.7002156
v 0.30003905 5.998883 -5.7002156
v 0.20003939 5.998883 -3.7002156
v 0.30003905 5.998883 -3.8002155
v 0.4000392 5.998883 -3.7002156
v 0.30003905 5.998883 -3.6002157
v 0.70003939 5.8988831 -3.2002156
v 0.80003905 5.8988831 -3.3002155
v 1.1000395 5.6988833 -2.8002155
v 1.2000394 5.6988833 -2.9002154
v 1.5000393 5.3988821 -2.4002154
v 1.6000392 5.3988821 -2.5002153
v 1.7000394 5.0988834 -2.2002156
v 1.8000391 5.0988834 -2.3002155
v 1.900039 4.6022169 -2.0002153
v 2.0000391 4.6022169 -2.1002157
v 2.1000392 4.1988814 -2.0002153
v 0.81983733 5.8988836 -4.1002157
v 0.70003915 5.8988836 -4.2002156
v 1.2000394 5.6988833 -4.5002153
v 1.1000392 5.6988833 -4.6002152
v 1.6000392 5.3988821 -4.9002154
v 1.502121 5.3988821 -5.0002153
v 1.8000391 5.0988834 -5.1002152
v 1.7000391 5.0988834 -5.2002156
v 2.0000391 4.6022169 -5.300215
v 1.900039 4.6022169 -5.4002154
v 2.0000391 4.1988818 -5.5002153
v 2.1000392 4.1988814 -5.4002154
v -0.19996071 5.898884 -3.2985222
v -0.099960327 5.898884 -3.2002156
v -0.59996033 5.6988833 -2.9002156
v -0.49996042 5.6988833 -2.8002155
v -0.9999609 5.3988821 -2.5002155
v -0.89996052 5.3988821 -2.4002156
v -1.1999612 5.0988834 -2.3002155
v -1.0999613 5.0988834 -2.2002156
v -1.3999605 4.6022169 -2.1002157
v -1.2999606 4.6022165 -2.0002155
v -0.099960804 5.8988831 -4.2002156
v -0.19996071 5.8988831 -4.1002157
v -0.49996042 5.6988833 -4.6002157
v -0.59996033 5.6988833 -4.5002158
v -0.89996052 5.3988831 -5.0002158
v -1.0149398 5.3988821 -4.9002154
v -1.0999613 5.0988834 -5.2002156
v -1.1999612 5.0988834 -5.1002157
v -1.2999606 4.6022165 -5.4002154
v -1.399961 4.6022165 -5.300215
v -1.3999605 4.1988818 -5.5002153
v 2.0248473 4.1988814 -2.0768669
v 1.9233878 4.1988814 -1.9754074
v -1.4247689 4.1988814 -2.0768669
v 2.0248473 4.1988814 -5.3235638
v -1.3233094 4.1988814 -5.4250233
v 0.30027866 5.8992374 -3.7918098
v 0.3000176 5.8992264 -3.6084907
v 0.20827818 5.8992231 -3.7002232
v 0.39199758 5.8992078 -3.7000062
v 1.8356907 4.5607612 -2.064564
v 1.9356906 4.5607612 -2.1645639
v 1.643189 5.0394189 -2.257066
v 1.7431886 5.0394189 -2.3570659
v 1.4571774 5.3193476 -2.4430773
v 1.5571775 5.3193476 -2.5430772
v 1.0716116 5.6073205 -2.8286431
v 1.1716118 5.6073205 -2.928643
v 0.68203878 5.8021781 -3.2182164
v 0.78203845 5.8021781 -3.3182163
v -1.3233094 4.1988814 -1.9754074
v -1.3356123 4.5607612 -2.1645639
v -1.2356124 4.5607607 -2.064564
v -1.1431108 5.0394189 -2.3570662
v -1.0431104 5.0394189 -2.2570662
v -0.95709848 5.3193476 -2.5430775
v -0.85709858 5.3193476 -2.4430773
v -0.57156944 5.6073291 -2.9287074
v -0.4715724 5.6073277 -2.8287041
v -0.18200207 5.8021915 -3.3166344
v -0.082060814 5.8021695 -3.2182684
v 1.9356906 4.5607612 -5.2358668
v 1.8356907 4.5607612 -5.3358667
v 1.9233878 4.1988814 -5.4250233
v 1.7430255 5.0394714 -5.0434735
v 1.6430197 5.0394823 -5.1434672
v 1.5569811 5.319319 -4.8576052
v 1.4589603 5.3194282 -4.957504
v 1.172025 5.6073658 -4.4712384
v 1.0719886 5.6073854 -4.5712111
v 0.80231881 5.8023312 -4.0809629
v 0.68313885 5.802088 -4.1816418
v -1.2356124 4.5607607 -5.3358667
v -1.3356123 4.5607607 -5.2358668
v -1.4247689 4.1988814 -5.3235643
v -1.0438662 5.0397913 -5.1422365
v -1.1439137 5.039715 -5.0422685
v -0.85883236 5.3191702 -4.9560082
v -0.97319412 5.3198645 -4.8553441
v -0.47224951 5.6072495 -4.5713146
v -0.57222843 5.6072647 -4.471287
v -0.081960201 5.8021776 -4.182215
v -0.18196011 5.8021776 -4.0822146
v 0.29889584 5.8018119 -3.6096098
v 0.2082696 5.8018119 -3.7002294
v 0.2541337 5.7374704 -3.6543672
v 0.30027056 5.8018119 -3.7918155
v 0.25429344 5.7374756 -3.7460554
v 0.39198923 5.8018119 -3.700012
v 0.34599948 5.7374623 -3.6542645
v 0.34613657 5.737468 -3.7459052
v 0.25429201 5.7374756 -3.7454484
v 0.29999971 5.700001 -3.7000015
v 0.25396633 5.7379372 -3.7457297
v -1.6999612 3.9988837 -5.4002154
v -1.6999612 3.9988839 -2.0002155
v 2.0000389 3.9988835 -1.7002153
v -1.399961 3.9988835 -1.7002156
v 2.3000393 3.9988837 -5.4002154
v 2.3000388 3.9988839 -2.0002153
v 2.0000391 3.9988837 -5.7002151
v -1.3999605 3.9988837 -5.7002156
v 2.1000392 3.9988839 -2.0002153
v 2.0000389 3.9988835 -1.9002154
v 2.0000391 3.9988837 -5.5002153
v 2.1000392 3.9988837 -5.4002154
v -1.3999605 3.9988837 -5.5002153
v 2.0248473 3.9988839 -2.0768669
v 1.9233878 3.9988839 -1.9754074
v -1.4247689 3.9988839 -2.0768669
v 2.0248473 3.9988837 -5.3235638
v -1.3233094 3.9988837 -5.4250233
v -1.3233094 3.9988839 -1.9754074
v 1.9233878 3.9988837 -5.4250233
v -1.4247689 3.9988837 -5.3235643
v 0.30003905 5.998883 -1.9031074
v -1.399961 4.1988814 -1.9002156
v -1.0999613 5.0988834 -1.9031076
v 1.900039 4.6011379 -1.9031074
v 1.5000393 5.3988821 -1.9031074
v -0.89996052 5.3988821 -1.9031074
v -1.399961 3.9988835 -1.9002154
v 1.9970911 4.1988814 -1.9031074
v -0.49996042 5.6988833 -1.9031079
v 1.1000395 5.6988833 -1.9031076
v -0.099960804 5.8988831 -1.9031076
v 1.7000391 5.0988834 -1.9031074
v -1.2999606 4.6011379 -1.9031074
v 0.70003915 5.898884 -1.9031074
v -1.4999609 4.1988814 -2.0002155
v -1.4843311 5.0988834 -2.3002155
v -1.4843311 5.3988821 -2.5002155
v -1.4843311 5.8988831 -3.2985222
v -1.4843311 5.8988836 -4.1002157
v -1.4843311 5.0988834 -5.1002157
v -1.4843311 5.6988833 -4.5002158
v -1.4999609 3.9988837 -5.4002154
v -1.4843311 4.6012795 -2.1002157
v -1.4999609 3.9988839 -2.0002155
v -1.4999609 4.1988809 -5.4002154
v -1.4843311 5.6988833 -2.9002154
v -1.4843311 4.601279 -5.300215
v -1.4843311 5.3988821 -4.9002154
v -1.4843311 5.998883 -3.7002156
v -1.0999613 5.0988834 -5.5002158
v -1.2999606 4.6011054 -5.5002158
v -0.89996052 5.3988821 -5.5002158
v 0.70003939 5.8988831 -5.5002153
v 1.502121 5.3988821 -5.5002153
v -0.099960804 5.8988836 -5.5002158
v 1.900039 4.6011059 -5.5002148
v -0.49996042 5.6988833 -5.5002158
v 0.30003905 5.998883 -5.5002153
v 1.1000395 5.6988833 -5.5002153
v 1.7000391 5.0988834 -5.5002148
v 2.1026108 5.6988833 -2.9002154
v 2.1026111 5.8988831 -4.1002157
v 2.1026111 5.998883 -3.7002156
v 2.1026111 5.3988821 -4.9002154
v 2.1026108 5.898884 -3.3002155
v 2.1026111 4.6022165 -5.300215
v 2.1026108 5.6988833 -4.5002158
v 2.1026111 5.0988834 -2.3002155
v 2.1026111 5.3988821 -2.5002153
v 2.1026111 4.6022165 -2.1002157
v 2.1026111 5.0988834 -5.1002152
v -5.6999612 4.5988834 -1.300216
v -5.6999612 5.0988834 1.699784
v -5.6999612 5.8988836 0.70147777
v -5.6999612 4.1988818 -1.4002159
v -5.6999612 5.898884 -0.10021615
v -5.6999612 4.5988834 1.8997838
v -5.6999612 5.6988837 1.0997841
v -5.6999612 5.6988833 -0.50021601
v -5.6999612 5.3988821 -0.9002161
v -5.6999612 4.1988818 1.9997838
v -5.6999612 5.3988821 1.4997838
v -5.6999612 5.0988834 -1.1002162
v -5.6999612 5.9988835 0.29978418
v -1.9999614 4.1988818 2.2997839
v -3.2999611 5.898884 2.2997839
v -5.2999606 4.5988834 2.2997839
v -4.4999604 5.6988837 2.2997839
v -2.899961 5.6988837 2.2997839
v -2.4999609 5.3988821 2.2997839
v -5.399961 4.1988818 2.2997839
v -4.89996 5.3988826 2.2997839
v -3.6999607 5.9988835 2.2997839
v -2.2999616 5.0988834 2.2997839
v -2.0999618 4.5988834 2.2997839
v -5.0999608 5.0988834 2.2997839
v -4.0999608 5.8988836 2.2997839
v -1.6999612 5.6988837 1.0997841
v -1.6999612 5.3988821 1.4997838
v -1.6999612 4.1988818 -1.4002156
v -1.6999612 5.3988821 -0.90021586
v -1.6999612 5.0988834 1.699784
v -1.6999612 5.9988835 0.29978418
v -1.6999617 4.6022165 1.8997838
v -1.6999612 5.0988834 -1.1002159
v -1.6999612 5.8988836 -0.10021591
v -1.6999617 4.1988818 1.9997838
v -1.6999612 5.898884 0.69978404
v -1.6999612 4.6022165 -1.3002155
v -1.6999612 5.6988833 -0.50021577
v -4.4999604 5.6988833 -1.7002156
v -4.89996 5.3988821 -1.7002156
v -1.9999609 4.1988818 -1.7002156
v -2.4978786 5.3988821 -1.7002156
v -5.0999608 5.0988834 -1.7002156
v -5.2999606 4.5988834 -1.7002156
v -2.2999611 5.0988834 -1.7002156
v -3.2999606 5.8988836 -1.7002156
v -5.39996 4.1988818 -1.7002156
v -4.0999608 5.898884 -1.7002156
v -2.0999613 4.5988834 -1.7002156
v -2.8999605 5.6988833 -1.7002156
v -3.6999602 5.9988835 -1.7002156
v -3.7999606 5.9988835 0.29978418
v -3.6999602 5.9988835 0.19978428
v -3.5999603 5.9988835 0.29978418
v -3.6999602 5.9988835 0.39978385
v -3.2999606 5.8988836 0.79978395
v -3.1999602 5.8988836 0.69978404
v -2.8999605 5.6988837 1.199784
v -2.7999606 5.6988837 1.0997841
v -2.4999604 5.3988821 1.5997841
v -2.399961 5.3988821 1.4997838
v -2.2999611 5.0988834 1.7997839
v -2.1999612 5.0988834 1.699784
v -2.0999618 4.6022174 1.9997838
v -1.9999614 4.6022174 1.8997838
v -1.8999615 4.1988818 1.9997838
v -3.1801624 5.898884 -0.10021591
v -3.2999606 5.898884 -0.20021582
v -2.7999606 5.6988833 -0.50021553
v -2.8999605 5.6988833 -0.60021591
v -2.399961 5.3988821 -0.90021586
v -2.4978786 5.3988821 -1.0002158
v -2.1999612 5.0988834 -1.1002159
v -2.2999611 5.0988834 -1.2002156
v -1.9999609 4.6022174 -1.3002155
v -2.0999613 4.6022174 -1.4002156
v -1.9999609 4.1988818 -1.5002155
v -1.899961 4.1988818 -1.4002156
v -4.1999602 5.898884 0.70147729
v -4.0999608 5.898884 0.79978395
v -4.5999608 5.6988837 1.0997841
v -4.4999604 5.6988837 1.199784
v -4.9999614 5.3988821 1.4997838
v -4.89996 5.3988821 1.5997841
v -5.1999612 5.0988834 1.699784
v -5.0999608 5.0988834 1.7997839
v -5.39996 4.6022174 1.8997838
v -5.2999606 4.6022165 1.9997838
v -4.0999608 5.8988836 -0.20021605
v -4.1999602 5.8988836 -0.10021615
v -4.4999604 5.6988833 -0.60021615
v -4.5999608 5.6988833 -0.50021601
v -4.89996 5.3988836 -1.000216
v -5.0149398 5.3988821 -0.9002161
v -5.0999608 5.0988834 -1.2002158
v -5.1999612 5.0988834 -1.1002162
v -5.2999606 4.6022165 -1.4002156
v -5.399961 4.6022165 -1.3002157
v -5.39996 4.1988818 -1.5002158
v -1.9751534 4.1988818 1.9231327
v -2.0766125 4.1988818 2.0245922
v -5.4247689 4.1988818 1.9231327
v -1.975153 4.1988818 -1.3235643
v -5.3233094 4.1988818 -1.425024
v -3.6997213 5.8992374 0.2081902
v -3.6999826 5.8992264 0.39150882
v -3.7917218 5.8992235 0.29977655
v -3.6080027 5.8992083 0.29999375
v -2.1643095 4.5607617 1.9354355
v -2.0643096 4.5607617 1.8354356
v -2.356811 5.0394189 1.7429335
v -2.2568116 5.0394189 1.6429331
v -2.5428224 5.3193481 1.5569222
v -2.4428225 5.3193481 1.4569218
v -2.9283881 5.607321 1.1713564
v -2.8283882 5.607321 1.0713565
v -3.3179617 5.8021781 0.78178334
v -3.2179613 5.8021781 0.68178296
v -5.3233094 4.1988818 2.0245922
v -5.3356118 4.5607617 1.8354356
v -5.2356124 4.5607612 1.9354355
v -5.1431108 5.0394189 1.6429331
v -5.0431104 5.0394189 1.7429335
v -4.9570985 5.3193481 1.4569218
v -4.8570981 5.3193481 1.5569222
v -4.571569 5.6073296 1.0712922
v -4.4715724 5.6073277 1.1712954
v -4.1820016 5.8021915 0.68336511
v -4.0820603 5.8021695 0.78173137
v -2.0643091 4.5607617 -1.2358673
v -2.164309 4.5607617 -1.3358672
v -2.076612 4.1988818 -1.4250238
v -2.2569747 5.0394718 -1.0434732
v -2.3569803 5.0394828 -1.1434674
v -2.4430189 5.3193195 -0.8576057
v -2.5410395 5.3194287 -0.95750427
v -2.8279748 5.6073663 -0.47123885
v -2.9280114 5.6073858 -0.57121134
v -3.1976814 5.8023312 -0.080962896
v -3.3168612 5.8020885 -0.18164229
v -5.2356124 4.5607612 -1.3358672
v -5.3356118 4.5607612 -1.2358675
v -5.4247689 4.1988818 -1.3235645
v -5.0438657 5.0397918 -1.1422367
v -5.1439137 5.0397155 -1.0422688
v -4.8588328 5.3191702 -0.9560082
v -4.9731936 5.319865 -0.8553443
v -4.4722495 5.6072495 -0.57131457
v -4.5722289 5.6072647 -0.47128749
v -4.0819602 5.8021781 -0.18221521
v -4.1819596 5.8021781 -0.082215309
v -3.7011046 5.8018119 0.39038968
v -3.7917304 5.8018119 0.29977036
v -3.7458663 5.7374704 0.34563279
v -3.6997299 5.8018119 0.20818424
v -3.745707 5.7374761 0.25394464
v -3.6080108 5.8018119 0.29998779
v -3.6540003 5.7374627 0.34573531
v -3.653863 5.737468 0.25409436
v -3.745707 5.7374761 0.25455165
v -3.7000003 5.700001 0.29999852
v -3.7460341 5.7379377 0.25427032
v -5.6999612 3.9988839 -1.4002156
v -5.6999612 3.9988839 1.9997838
v -1.9999614 3.9988839 2.2997839
v -5.399961 3.9988839 2.2997839
v -1.6999612 3.9988839 -1.4002154
v -1.6999617 3.9988842 1.9997838
v -1.9999609 3.9988839 -1.7002156
v -5.39996 3.9988839 -1.7002156
v -1.8999615 3.9988842 1.9997838
v -1.9999614 3.9988839 2.0997837
v -1.9999609 3.9988839 -1.5002153
v -1.899961 3.9988839 -1.4002154
v -5.39996 3.9988839 -1.5002155
v -1.9751534 3.9988842 1.9231327
v -2.0766125 3.9988842 2.0245922
v -5.4247689 3.9988839 1.9231327
v -1.975153 3.9988839 -1.3235641
v -5.3233094 3.9988839 -1.4250238
v -5.3233094 3.9988839 2.0245922
v -2.076612 3.9988839 -1.4250236
v -5.4247689 3.9988839 -1.3235643
v -3.6999607 5.9988835 2.0968921
v -5.399961 4.1988818 2.0997837
v -5.0999608 5.0988834 2.0968921
v -2.0999618 4.6011383 2.0968921
v -2.4999609 5.3988826 2.0968921
v -4.89996 5.3988821 2.0968921
v -5.399961 3.9988839 2.0997837
v -2.0029097 4.1988818 2.0968921
v -4.4999604 5.6988837 2.0968921
v -2.899961 5.6988837 2.0968921
v -4.0999608 5.8988836 2.0968921
v -2.2999616 5.0988834 2.0968921
v -5.2999606 4.6011379 2.0968921
v -3.2999611 5.898884 2.0968921
v -5.4999614 4.1988818 1.9997838
v -5.4843307 5.0988834 1.699784
v -5.4843307 5.3988821 1.4997838
v -5.4843307 5.8988836 0.70147777
v -5.4843307 5.898884 -0.10021615
v -5.4843307 5.0988834 -1.1002162
v -5.4843307 5.6988833 -0.50021601
v -5.4999614 3.9988839 -1.4002156
v -5.4843307 4.6012799 1.8997838
v -5.4999614 3.9988839 1.9997838
v -5.4999614 4.1988809 -1.4002159
v -5.4843307 5.6988837 1.0997841
v -5.4843307 4.601279 -1.3002157
v -5.4843307 5.3988821 -0.9002161
v -5.4843307 5.9988835 0.29978418
v -5.0999608 5.0988834 -1.500216
v -5.2999606 4.6011054 -1.500216
v -4.89996 5.3988826 -1.5002158
v -3.2999606 5.8988836 -1.5002153
v -2.4978786 5.3988821 -1.5002155
v -4.0999608 5.898884 -1.500216
v -2.0999613 4.6011064 -1.5002153
v -4.4999604 5.6988833 -1.500216
v -3.6999602 5.9988835 -1.5002155
v -2.8999605 5.6988833 -1.5002155
v -2.2999611 5.0988834 -1.5002153
v -1.8973889 5.6988837 1.0997841
v -1.8973889 5.8988836 -0.10021591
v -1.8973889 5.9988835 0.29978418
v -1.8973889 5.3988821 -0.90021586
v -1.8973889 5.898884 0.69978404
v -1.8973889 4.6022169 -1.3002155
v -1.8973889 5.6988833 -0.50021577
v -1.8973889 5.0988834 1.699784
v -1.8973889 5.3988821 1.4997838
v -1.8973894 4.6022169 1.8997838
v -1.8973889 5.0988834 -1.1002159
v -6.0463123 3.4000008 5.953687
v -5.3536878 3.4000008 5.953687
v -5.3536878 3.4000008 6.6463115
v -6.0463123 3.4000008 6.6463115
v -5.3536878 0.60000095 5.9536874
v -5.3536882 0.60000101 6.6463115
v -6.0463123 0.60000107 6.6463115
v -6.0463123 0.60000101 5.953687
v -5.3000002 9.9178993e-07 5.8999994
v -6.1000004 1.026759e-06 5.8999994
v -6.0999999 3.5000009 5.8999994
v -6.0999999 4.0000012 5.8999994
v -5.3000002 4.0000012 5.8999994
v -5.3000002 0.50000099 5.8999994
v -5.3000002 1.0521883e-06 6.6999996
v -5.3000002 4.0000012 6.6999991
v -5.3000002 0.50000105 6.6999996
v -6.1000004 1.0871574e-06 6.6999996
v -6.0999999 4.0000012 6.6999991
v -6.1000004 0.50000111 6.6999996
v -5.3000002 3.5000009 5.8999994
v -5.3000002 3.5000009 6.6999991
v -6.0999999 3.5000009 6.6999991
v -6.1000004 0.50000105 5.8999994
v 5.9536881 3.3999998 -6.0463111
v 6.6463122 3.3999998 -6.0463111
v 6.6463122 3.3999998 -5.353687
v 5.9536881 3.3999998 -5.353687
v 6.6463122 0.6 -6.0463111
v 6.6463122 0.60000006 -5.353687
v 5.9536881 0.60000012 -5.353687
v 5.9536881 0.60000006 -6.0463111
v 6.7000003 0 -6.0999992
v 5.9000001 3.4969048e-08 -6.0999992
v 5.9000001 3.4999997 -6.0999992
v 5.9000001 3.9999995 -6.0999992
v 6.7000003 3.9999995 -6.0999992
v 6.7000003 0.49999997 -6.0999992
v 6.7000003 6.0398293e-08 -5.299999
v 6.7000003 3.9999995 -5.299999
v 6.7000003 0.50000003 -5.299999
v 5.9000001 9.5367454e-08 -5.299999
v 5.9000001 3.9999995 -5.299999
v 5.9000001 0.50000009 -5.299999
v 6.7000003 3.4999997 -6.0999992
v 6.7000003 3.4999997 -5.299999
v 5.9000001 3.4999997 -5.299999
v 5.9000001 0.50000003 -6.0999992
v 1.9536872 3.4000005 1.9536874
v 2.6463122 3.4000005 1.9536874
v 2.6463122 3.4000005 2.646312
v 1.9536872 3.4000005 2.6463118
v 2.6463122 0.60000059 1.9536879
v 2.6463122 0.60000065 2.6463122
v 1.9536872 0.60000071 2.646312
v 1.9536872 0.60000065 1.9536879
v 2.6999993 6.0398338e-07 1.8999999
v 1.8999996 6.3895243e-07 1.8999999
v 1.8999996 3.5000005 1.8999994
v 1.8999996 4.0000002 1.8999994
v 2.6999993 4.0000002 1.8999994
v 2.6999993 0.5000006 1.8999999
v 2.6999993 6.6438167e-07 2.7
v 2.6999993 4.0000002 2.6999998
v 2.6999993 0.50000066 2.7
v 1.8999996 6.9935078e-07 2.6999998
v 1.8999996 4.0000002 2.6999996
v 1.8999996 0.50000069 2.6999998
v 2.6999993 3.5000005 1.8999994
v 2.6999993 3.5000005 2.6999998
v 1.8999996 3.5000005 2.6999996
v 1.8999996 0.50000063 1.8999999
v 5.9536872 3.4000005 2.6463118
v 5.9536872 3.4000003 1.953687
v 6.6463113 3.4000003 1.9536874
v 6.6463113 3.4000005 2.646312
v 5.9536872 0.60000059 1.9536879
v 6.6463113 0.60000059 1.9536879
v 6.6463113 0.60000071 2.6463122
v 5.9536872 0.60000071 2.6463122
v 5.8999991 6.0398332e-07 1.8999999
v 5.8999991 6.9935072e-07 2.7
v 5.8999991 3.5000005 2.6999996
v 5.8999991 4.0000002 2.6999996
v 5.8999991 4 1.8999994
v 5.8999991 0.50000063 1.8999999
v 6.6999993 6.0398327e-07 1.8999999
v 6.6999993 4 1.8999994
v 6.6999993 0.5000006 1.8999999
v 6.6999993 6.9935075e-07 2.7
v 6.6999993 4.0000002 2.6999998
v 6.6999993 0.50000069 2.7
v 5.8999991 3.5000002 1.8999994
v 6.6999993 3.5000002 1.8999994
v 6.6999993 3.5000005 2.6999998
v 5.8999991 0.50000069 2.7
v 1.9536877 3.4000003 -1.353688
v 1.9536877 3.4000003 -2.046313
v 2.6463122 3.4000003 -2.046313
v 2.6463122 3.4000003 -1.353688
v 1.9536877 0.6000003 -2.046313
v 2.6463122 0.6000003 -2.046313
v 2.6463122 0.60000036 -1.3536875
v 1.9536877 0.60000042 -1.3536875
v 1.9000001 3.0199163e-07 -2.1000001
v 1.9000001 3.9735914e-07 -1.3
v 1.9000001 3.5000002 -1.3000004
v 1.9000001 4 -1.3000004
v 1.9000001 4 -2.1000001
v 1.9000001 0.50000033 -2.1000001
v 2.6999993 3.0199169e-07 -2.1000001
v 2.6999993 4 -2.1000001
v 2.6999993 0.50000027 -2.1000001
v 2.6999993 3.9735914e-07 -1.3
v 2.6999993 4 -1.3000004
v 2.6999993 0.50000039 -1.3
v 1.9000001 3.5000002 -2.1000001
v 2.6999993 3.5000002 -2.1000001
v 2.6999993 3.5000002 -1.3000004
v 1.9000001 0.50000039 -1.3
v -6.0463123 3.4000005 2.6463113
v -6.0463123 3.4000005 1.9536865
v -5.3536878 3.4000005 1.953687
v -5.3536878 3.4000005 2.6463115
v -6.0463123 0.60000059 1.9536874
v -5.3536878 0.60000059 1.9536874
v -5.3536878 0.60000071 2.6463118
v -6.0463123 0.60000071 2.6463118
v -6.0999999 6.0398332e-07 1.8999994
v -6.1000004 6.9935075e-07 2.6999996
v -6.1000004 3.5000007 2.6999991
v -6.1000004 4.0000007 2.6999991
v -6.0999999 4.0000007 1.8999989
v -6.0999999 0.5000006 1.8999994
v -5.3000002 6.0398332e-07 1.8999994
v -5.3000002 4.0000007 1.8999989
v -5.3000002 0.5000006 1.8999994
v -5.3000002 6.9935075e-07 2.6999996
v -5.3000002 4.0000007 2.6999993
v -5.3000002 0.50000069 2.6999996
v -6.0999999 3.5000007 1.8999989
v -5.3000002 3.5000007 1.8999989
v -5.3000002 3.5000007 2.6999993
v -6.1000004 0.50000069 2.6999996
v -5.3536878 3.4000001 -2.046313
v -5.3536878 3.4000003 -1.3536885
v -6.0463123 3.4000003 -1.3536885
v -6.0463123 3.4000001 -2.046313
v -5.3536878 0.60000036 -1.353688
v -6.0463123 0.60000036 -1.353688
v -6.0463123 0.60000036 -2.046313
v -5.3536878 0.60000036 -2.046313
v -5.3000002 3.6238998e-07 -1.3000004
v -5.2999997 3.3696074e-07 -2.1000001
v -5.2999997 3.5000002 -2.1000001
v -5.2999997 4.0000002 -2.1000001
v -5.3000002 4.0000005 -1.3000009
v -5.3000002 0.50000036 -1.3000004
v -6.0999999 3.6239004e-07 -1.3000004
v -6.0999999 4.0000005 -1.3000009
v -6.0999999 0.50000036 -1.3000004
v -6.0999999 3.369608e-07 -2.1000001
v -6.0999999 4.0000002 -2.1000001
v -6.0999999 0.50000033 -2.1000001
v -5.3000002 3.5000005 -1.3000009
v -6.0999999 3.5000005 -1.3000009
v -6.0999999 3.5000002 -2.1000001
v -5.2999997 0.50000033 -2.1000001
v -1.3536878 3.3999996 -6.0463121
v -1.3536878 3.3999998 -5.353688
v -2.0463119 3.3999998 -5.353688
v -2.0463119 3.3999996 -6.0463121
v -1.3536878 0.60000006 -5.353688
v -2.0463121 0.60000006 -5.353688
v -2.0463121 0.60000006 -6.0463121
v -1.3536878 0.6 -6.0463121
v -1.2999997 6.0398293e-08 -5.3
v -1.2999997 3.4969162e-08 -6.1000001
v -1.2999997 3.4999997 -6.1000001
v -1.3000002 3.9999997 -6.1000001
v -1.3000002 4 -5.3
v -1.2999997 0.50000003 -5.3
v -2.0999999 6.0398406e-08 -5.3
v -2.0999999 4 -5.3
v -2.0999999 0.5 -5.3
v -2.0999999 3.4969162e-08 -6.1000001
v -2.0999999 3.9999997 -6.1000001
v -2.0999999 0.5 -6.1000001
v -1.2999997 3.5 -5.3
v -2.0999997 3.5 -5.3
v -2.0999997 3.4999997 -6.1000001
v -1.2999997 0.50000003 -6.1000001
v -1.3536882 3.4000003 1.953687
v -1.3536882 3.4000003 2.6463118
v -2.0463121 3.4000003 2.6463118
v -2.0463121 3.4000003 1.953687
v -1.3536882 0.60000065 2.646312
v -2.0463123 0.60000065 2.646312
v -2.0463123 0.60000065 1.9536874
v -1.3536882 0.60000059 1.9536874
v -1.3000002 6.6438164e-07 2.6999998
v -1.3000002 6.3895246e-07 1.8999994
v -1.3000002 3.5000005 1.8999989
v -1.3000007 4.0000005 1.8999994
v -1.3000007 4.0000005 2.6999998
v -1.3000002 0.50000063 2.6999998
v -2.1000001 6.6438164e-07 2.6999998
v -2.1000001 4.0000005 2.6999998
v -2.1000001 0.50000063 2.6999998
v -2.1000001 6.3895246e-07 1.8999994
v -2.1000001 4.0000005 1.8999994
v -2.1000001 0.50000063 1.8999994
v -1.3000002 3.5000005 2.6999996
v -2.0999999 3.5000005 2.6999996
v -2.0999999 3.5000005 1.8999989
v -1.3000002 0.50000063 1.8999994
v 5.9536872 3.4000001 -2.0463121
v 6.6463113 3.4000001 -2.0463121
v 6.6463113 3.4000001 -1.353688
v 5.9536872 3.4000001 -1.353688
v 6.6463113 0.6000003 -2.0463121
v 6.6463113 0.60000036 -1.3536875
v 5.9536872 0.60000042 -1.3536875
v 5.9536872 0.60000036 -2.0463121
v 6.6999993 3.0199169e-07 -2.0999992
v 5.8999991 3.3696074e-07 -2.0999992
v 5.8999991 3.5 -2.0999992
v 5.8999991 3.9999997 -2.0999992
v 6.6999993 3.9999997 -2.0999992
v 6.6999993 0.5000003 -2.0999992
v 6.6999993 3.6238998e-07 -1.3
v 6.6999993 3.9999997 -1.3000004
v 6.6999993 0.50000036 -1.3
v 5.8999991 3.9735903e-07 -1.3
v 5.8999991 3.9999997 -1.3000004
v 5.8999991 0.50000039 -1.3
v 6.6999993 3.5 -2.0999992
v 6.6999993 3.5 -1.3000004
v 5.8999991 3.5 -1.3000004
v 5.8999991 0.50000033 -2.0999992
v 1.9536872 3.4000008 5.9536874
v 2.6463122 3.4000008 5.9536874
v 2.6463122 3.400001 6.6463115
v 1.9536872 3.400001 6.646312
v 2.6463122 0.60000089 5.9536874
v 2.6463122 0.60000095 6.646312
v 1.9536872 0.60000101 6.646312
v 1.9536872 0.60000095 5.9536874
v 2.6999993 9.0597499e-07 5.8999999
v 1.8999996 9.4094412e-07 5.8999999
v 1.8999996 3.5000007 5.8999994
v 1.8999996 4.0000005 5.8999994
v 2.6999993 4.0000005 5.8999994
v 2.6999993 0.50000087 5.8999999
v 2.6999993 9.6637331e-07 6.6999996
v 2.6999993 4.0000007 6.6999996
v 2.6999993 0.50000093 6.6999996
v 1.8999996 1.0013424e-06 6.7
v 1.8999996 4.0000007 6.6999996
v 1.8999996 0.50000099 6.7
v 2.6999993 3.5000007 5.8999994
v 2.6999993 3.5000009 6.6999996
v 1.8999996 3.5000009 6.6999996
v 1.8999996 0.50000093 5.8999999
v -6.0463119 3.3999998 -6.0463121
v -5.3536873 3.3999998 -6.0463121
v -5.3536873 3.3999998 -5.353688
v -6.0463119 3.3999998 -5.353688
v -5.3536878 0.6 -6.0463121
v -5.3536873 0.60000006 -5.353688
v -6.0463119 0.60000006 -5.353688
v -6.0463119 0.60000006 -6.0463121
v -5.2999997 1.1368684e-13 -6.1000001
v -6.0999999 3.4969162e-08 -6.1000001
v -6.0999999 3.5 -6.1000001
v -6.0999994 4 -6.1000001
v -5.2999997 4 -6.1000001
v -5.2999997 0.5 -6.1000001
v -5.2999997 6.0398293e-08 -5.3
v -5.2999997 4 -5.3
v -5.2999997 0.50000006 -5.3
v -6.0999999 9.5367398e-08 -5.3
v -6.0999994 4 -5.3
v -6.0999999 0.50000009 -5.3
v -5.2999997 3.5 -6.1000001
v -5.2999997 3.5 -5.3
v -6.0999994 3.5 -5.3
v -6.0999999 0.50000003 -6.1000001
v 1.9536877 3.4000001 -5.353688
v 1.9536877 3.4000001 -6.0463121
v 2.6463132 3.4000001 -6.0463121
v 2.6463132 3.4000001 -5.353688
v 1.9536877 0.6 -6.0463121
v 2.6463132 0.6 -6.0463121
v 2.6463132 0.60000006 -5.353688
v 1.9536877 0.60000012 -5.353688
v 1.9000001 1.1368684e-13 -6.1000001
v 1.9000001 9.5367454e-08 -5.3
v 1.9000001 3.5 -5.3
v 1.9000001 3.9999997 -5.3
v 1.8999996 3.9999997 -6.1000001
v 1.9000001 0.5 -6.1000001
v 2.7000003 0 -6.1000001
v 2.7000003 3.9999997 -6.1000001
v 2.7000003 0.49999997 -6.1000001
v 2.7000003 9.5367511e-08 -5.3
v 2.7000003 3.9999997 -5.3
v 2.7000003 0.50000009 -5.3
v 1.9000001 3.5 -6.1000001
v 2.7000003 3.5 -6.1000001
v 2.7000003 3.5 -5.3
v 1.9000001 0.50000006 -5.3
v -2.0463121 3.4000001 -1.3536885
v -2.0463123 3.4000001 -2.046313
v -1.3536878 3.4000001 -2.046313
v -1.3536878 3.4000001 -1.3536885
v -2.0463121 0.6000003 -2.046313
v -1.3536878 0.6000003 -2.046313
v -1.3536878 0.60000036 -1.353688
v -2.0463123 0.60000042 -1.353688
v -2.0999999 3.0199163e-07 -2.1000001
v -2.1000001 3.9735914e-07 -1.3000004
v -2.0999999 3.5000002 -1.3000009
v -2.0999999 4.0000002 -1.3000009
v -2.0999999 4.0000002 -2.1000001
v -2.1000001 0.50000024 -2.1000001
v -1.2999997 3.0199163e-07 -2.1000001
v -1.3000002 4.0000002 -2.1000011
v -1.3000002 0.50000027 -2.1000001
v -1.2999997 3.9735914e-07 -1.3000004
v -1.2999997 4.0000002 -1.3000014
v -1.2999997 0.50000039 -1.3000004
v -2.0999999 3.5000002 -2.1000001
v -1.3000002 3.5000002 -2.1000001
v -1.2999997 3.5000002 -1.3000009
v -2.1000001 0.50000036 -1.3000004
v -2.0463123 3.4000005 6.6463115
v -2.0463128 3.4000005 5.953687
v -1.3536882 3.4000005 5.953687
v -1.3536882 3.4000005 6.6463115
v -2.0463126 0.60000089 5.9536874
v -1.3536882 0.60000089 5.9536874
v -1.3536882 0.60000095 6.6463115
v -2.0463126 0.60000101 6.646312
v -2.1000004 9.0597497e-07 5.8999999
v -2.1000004 1.0013424e-06 6.6999996
v -2.1000001 3.5000007 6.6999996
v -2.1000001 4.0000007 6.6999991
v -2.1000004 4.0000007 5.8999994
v -2.1000006 0.50000087 5.8999999
v -1.3000002 9.0597496e-07 5.8999994
v -1.3000007 4.0000007 5.8999989
v -1.3000007 0.50000087 5.8999994
v -1.3000002 1.0013424e-06 6.6999996
v -1.3000002 4.0000007 6.6999991
v -1.3000002 0.50000099 6.6999996
v -2.1000004 3.5000007 5.8999994
v -1.3000007 3.5000007 5.8999989
v -1.3000002 3.5000007 6.6999991
v -2.1000004 0.50000099 6.6999996
v 5.9536872 3.4000008 6.646312
v 5.9536872 3.4000008 5.9536874
v 6.6463113 3.4000008 5.9536874
v 6.6463113 3.4000008 6.6463115
v 5.9536872 0.60000089 5.9536879
v 6.6463113 0.60000095 5.9536874
v 6.6463113 0.60000101 6.646312
v 5.9536872 0.60000101 6.6463125
v 5.8999991 9.0597496e-07 5.9000003
v 5.8999991 1.0013424e-06 6.7
v 5.8999991 3.5000007 6.6999996
v 5.8999991 4.0000005 6.6999996
v 5.8999991 4.0000005 5.8999999
v 5.8999991 0.50000093 5.8999999
v 6.6999993 9.059749e-07 5.8999999
v 6.6999993 4.0000005 5.8999994
v 6.6999993 0.50000087 5.8999999
v 6.6999993 1.0013424e-06 6.7
v 6.6999993 4.0000005 6.6999996
v 6.6999993 0.50000099 6.6999996
v 5.8999991 3.5000007 5.8999999
v 6.6999993 3.5000007 5.8999994
v 6.6999993 3.5000007 6.6999996
v 5.8999991 0.50000099 6.7
vt 0.81962818 0.44980025
vt 0.26393265 0.16772509
vt 0.44040793 0.40706211
vt 0.74073184 0.0039062798
vt 0.78345239 0.70916784
vt 0.40397611 0.15644813
vt 0.097634017 0.44980022
vt 0.86452794 0.53504556
vt 0.21419853 0
vt 0.49595416 0.41028726
vt 0.37915671 0.08815378
vt 0.94060034 0.44740811
vt 0.78345227 0.30252582
vt 0.74350238 0.50340664
vt -0.085013226 0.44773307
vt 1.499269 0.50042623
vt 0.40781161 0.076596797
vt 0.54125321 0.50457662
vt 0.21419853 0
vt 1 1
vt 1.0298796 0.44980025
vt -0.0282197 0.50041884
vt 0.90415406 0.5004189
vt -0.00034284592 0.0053359321
vt 0.70228964 0.44980022
vt 0.055311039 0.50182837
vt -0.3062959 0.41180006
vt 0.86452794 0.41587746
vt 0.43528634 0.076600611
vt 0.49595416 0.44740817
vt 0.031329896 0.5364421
vt 0.42228514 0.17459679
vt 0.49595416 0.50042635
vt 0.702411 0.44980022
vt -0.51626837 0.4481861
vt 1 1
vt -0.028091073 0.44980022
vt 0.515625 0.203125
vt 0.4375 0.40625
vt 0.99634731 -0.12599152
vt 1.1739689 0.44980025
vt 1.0879757 0.44740811
vt 0.46736503 0.44980022
vt 0.80696833 0.53698963
vt -0.00034284592 1.0115989
vt 0.296875 0.40625
vt -2.9802322e-07 1.7881393e-07
vt 0.12507126 0.41587743
vt 1.3419377 0.44980025
vt -0.12538493 0.50041884
vt 1.3419377 0.5004189
vt 0.38377619 0.53698963
vt 0.18216005 0.44980022
vt 1.0721117 0.5004189
vt 0.7435469 1.12473
vt 1 1
vt 0 0.203125
vt 0.515625 0.203125
vt 0.75 0.203125
vt 0.75 0
vt 0.50003731 0.595599
vt 1 0.40624219
vt 0.50087911 0.5004189
vt 0.26393265 -0.05322291
vt 0.26393241 1.0599761
vt 0.097543091 0.5004189
vt 0.29239374 0.44740817
vt 1.432532 0.50042623
vt -0.3062959 0.5001356
vt 0.296875 0.40625
vt 0.81962818 0.5004189
vt 0.75331122 1
vt 0.44040793 0.40706211
vt 1.029933 0.44980025
vt 0.75 0.203125
vt 0.70832837 0.53747004
vt 0.76552641 0.5004189
vt 0.59744745 0.5004189
vt 0.75 0
vt -0.14842905 0.41238776
vt 1 0.4066101
vt 1 0.40624219
vt 0.45874679 0.45278448
vt 0.87807256 0.82744312
vt 0.32316753 0.41587743
vt -0.3062959 0.5364421
vt 0.097687304 0.44980022
vt 0.26393265 0.83874393
vt 1.0721117 0.44980022
vt 0.40781161 0.076596797
vt 0.75 0.203125
vt 0.75 0
vt 0.515625 0
vt 0.97164518 0.18285424
vt 0.90417653 0.5004189
vt 0.097686768 0.5004189
vt 0.86452794 0.41587746
vt 0.25911927 0.50013566
vt 0.94060034 0.41028726
vt 1.1976331 0.44980025
vt 1.197633 0.5004189
vt 0.43528634 0.076600611
vt 0.49595416 0.44740817
vt 0.031329896 0.5364421
vt 0.81989765 0.44980025
vt 0.34258366 0.08815378
vt 0.29937726 0.44980022
vt -0.51626837 0.4481861
vt 1.2950513 0.44980025
vt 0.99999154 0.53698963
vt 0.49595416 0.50042635
vt 0.515625 0
vt 0.29928625 0.5004189
vt 0.62109464 0.10360718
vt 1.1270607 0.44980025
vt 0.49595416 0.53747004
vt 0.29928625 0.44980022
vt 1.3419377 0.44980025
vt 1.3419377 0.5004189
vt -0.12538493 0.50041884
vt 0.67407715 0.1014771
vt -0.17215842 0.50041884
vt -0.11286631 0.5364421
vt 0.99695551 -0.027693748
vt 0.38377619 0.44773307
vt 0.99695575 0.098960996
vt 0.60507929 0.53698963
vt 0.98758566 0.44980025
vt 0.26393265 0.71542692
vt -0.0003426075 0.70013523
vt 1.2950513 0.5004189
vt 0.81962818 0.5004189
vt 0.59792376 0.44980022
vt 0.26393253 0.29145283
vt -0.14842905 0.50182837
vt 0.76552641 0.5004189
vt 0.50173777 1
vt 0.74350202 0.30256236
vt 0.32316756 0.44965622
vt 0.10432041 0.81162328
vt 6.327033e-05 -1.1920929e-07
vt 0.32316753 0.41587743
vt -0.3062959 0.5364421
vt 0.097687304 0.44980022
vt 0 0
vt 0.24637583 1
vt 0.063065231 0.12491626
vt 0.5009318 0.5004189
vt -0.45073235 0.5364421
vt 0.73584008 0.50715375
vt 0.14010064 0.44980022
vt 0.59744745 0.44980022
vt 0.90417653 0.5004189
vt 0.48590231 0.29145283
vt 0.097686768 0.5004189
vt -0.12521994 0.50041884
vt 1.1739471 0.5004189
vt 0.50173777 1
vt 1 0.50457662
vt 0.7435025 1.0306822
vt 0.94060034 0.41028726
vt 1.1976331 0.44980025
vt 0.2923938 0.50042635
vt 0.24637583 1
vt 0.34258366 0.08815378
vt 1 0
vt 1.4992688 0.41028726
vt 0.29928625 0.5004189
vt 0.99695575 0.40831438
vt -0.17224926 0.44980022
vt 0.68320894 0.5034402
vt 1 0.50457662
vt 0.21875 0.203125
vt -0.17227119 0.50041884
vt -0.0042038113 0.44980022
vt 0.44058365 0.12896866
vt 0.40780252 0.11320239
vt 0.67908669 0.53504556
vt 0.48590243 0.71542692
vt 0.24637583 1
vt 0.67908669 0.50180167
vt 0.67407715 0.1014771
vt -0.11286631 0.5364421
vt 0.74350226 0.70425111
vt 0.75331116 1
vt 0.43038109 0.028921127
vt 1 0.50457662
vt 0.98758566 0.44980025
vt -0.17210627 0.50041884
vt 0.671875 0.203125
vt 0.99695623 0.70916784
vt -0.0003426075 0.70013523
vt -0.11286631 0.4481861
vt 0.99999988 -1.7881393e-07
vt 0.59792376 0.44980022
vt 2.9802322e-08 0.203125
vt 1.2855051 0.44740814
vt 0 0.203125
vt 1 0.203125
vt 0 0
vt 0.62734348 0.82108563
vt 0.38724911 0.1677247
vt 0.94060034 0.50042635
vt -0.00037944317 -0.072636597
vt 0.055311039 0.41238776
vt 0.75331116 1
vt 0.26651913 0.50457662
vt 0.10432041 0.81162328
vt 0.25911927 0.5364421
vt 0.45874679 0.40624219
vt 0.37915671 0.060704887
vt 0.60507929 0.44773307
vt 0.64037836 0.10343879
vt 0.98758566 0.5004189
vt -0.0003426075 0.8920185
vt 0.66886675 0.5004189
vt -0.0003426075 0.2053113
vt 0.50078785 0.5004189
vt 0.18206921 0.44980022
vt 2.9802322e-08 0.203125
vt -0.45073235 0.41180003
vt 0.14010064 0.44980022
vt 0 0.203125
vt 1.2855051 0.50042623
vt 0 0
vt 0.74350238 0.18572773
vt -0.12521994 0.50041884
vt 0.70243406 0.44980022
vt 0.72526586 0.45278448
vt 0.44058365 0.15644431
vt 0.7435025 1.0306822
vt 0.4375 0.203125
vt 0.2923938 0.50042635
vt 0.23517889 0.40624219
vt 1.4992688 0.41028726
vt 0.18221366 0.44980022
vt 1.499269 0.53746992
vt 0.99695575 0.40831438
vt -0.0042038113 0.44980022
vt 0.66672039 0.12938303
vt 0.50078785 0.44980022
vt 0.72081113 -0.023634687
vt 0.23517889 0.40624219
vt 0.6666193 0.53644216
vt 0.066008426 0.95227635
vt -0.028703213 0.44980022
vt -0.14842905 0.53698963
vt 3.7103891e-05 8.9406967e-08
vt 0.18216002 0.5004189
vt -0.17212766 0.44980022
vt 0.10766029 0.2053113
vt 0.097543091 0.44980022
vt -0.11286631 0.4481861
vt 0.49826199 0
vt 0.087269604 0.33026302
vt 0.23517889 0.45278448
vt 0.028253883 0.18285413
vt 0.94060034 0.53747004
vt 0.62734348 0.82108563
vt 1 0.203125
vt 0.6666193 0.50013566
vt 0.94060034 0.50042635
vt 0.38377619 0.50182837
vt 0.25911927 0.5364421
vt 0.81965053 0.5004189
vt 0.25911927 0.44818616
vt 2.9802322e-08 0.40625
vt 0.37915671 0.060704887
vt 0.64037836 0.10343879
vt 0.23517889 0.45278448
vt -0.0003426075 0.8920185
vt 0.65973353 0.10276884
vt 0.66886675 0.5004189
vt 0.50078785 0.5004189
vt -0.0003426075 0.2053113
vt 0.7764321 0.55111891
vt 0.18221298 0.5004189
vt 1 0.203125
vt 0 1
vt 0.38724923 0.83874315
vt 0.67908669 0.44965622
vt 1.1738343 0.44980025
vt 0.62734336 0.18572773
vt 1 1
vt 0.14561903 0.41870806
vt 5.9604645e-08 0.50457662
vt 0.37523174 0.5084818
vt 0.44058365 0.15644431
vt 1.1739689 0.5004189
vt 0.75 0
vt 1 1.0000004
vt 5.9604645e-08 0.55111891
vt 2.9802322e-08 0.40625
vt -0.14842905 0.44773307
vt 1.0601245 0.53504562
vt 0.99626094 0.44965625
vt 0.4485296 0.04721576
vt 0.57220715 0.44980022
vt 0.29239374 0.41028726
vt 0.26393265 0.16772509
vt 0 1
vt 0.18221366 0.44980022
vt 1.0000001 1.0000002
vt 1.0304008 0.5004189
vt 5.9604645e-08 0.50457662
vt 0.097634017 0.44980022
vt 1.432532 0.53746992
vt 0.75 0
vt 0.54161173 0.50180167
vt 0.49595416 0.41028726
vt 5.9604645e-08 0
vt -0.00034284592 0.31679958
vt 2.9802322e-08 0.40625
vt 0.75 0.203125
vt 0.6935153 0.40831453
vt 0.72526586 0.40624219
vt 0.28604126 0.41617987
vt 0.40397611 0.12896389
vt -0.14842905 0.53698963
vt 0.18216002 0.5004189
vt 0.10766029 0.2053113
vt 1.0304008 0.44980025
vt 0.59792376 0.5004189
vt -0.0282197 0.50041884
vt 2.9802322e-08 0.45278448
vt -0.00034284592 0.0053359321
vt 1.0879757 0.41028726
vt 1.1270826 0.5004189
vt 1 0.45278448
vt 0.61796415 0.56611723
vt 0.38163689 0.56611723
vt 0.75 0.203125
vt 0.72526586 0.40624219
vt 0.49826211 0
vt 0.42228514 0.17459679
vt 0.81965113 0.44980025
vt 0.6666193 0.50013566
vt 0.54161173 0.53504556
vt 0.29943079 0.44980022
vt 0.2435853 0.41238776
vt -0.028091073 0.44980022
vt 0.38377619 0.50182837
vt -0.0003426075 0.12491626
vt 0.065491922 0.95241892
vt 0.99695575 0.50584662
vt 0.296875 0.203125
vt 2.9802322e-08 0.45278448
vt 0.8537184 0.41870806
vt 0.80696833 0.53698963
vt 0.042682573 0.44980022
vt 0.46713853 0.44818616
vt -0.45073235 0.4481861
vt 0.2638841 -0.15544493
vt 0.18221298 0.5004189
vt 0.38377619 0.53698963
vt 0.72526586 0.40624219
vt 0.75 0.203125
vt 0.7435469 -0.1179169
vt 0.49826211 0
vt 1.1739689 0.5004189
vt 0.29239374 0.44740817
vt 0.50093246 0.44980022
vt 0.24637589 1
vt 0.40427226 0.5004189
vt 0.097634017 0.44980022
vt 0.49595416 0.41028726
vt 0.72081113 1.0304481
vt 1.2855051 0.41028723
vt 0.70832837 0.50042635
vt 0.9041543 0.44980025
vt -0.028068721 0.44980022
vt -0.064693928 0.44965619
vt 0.26393265 0.92766833
vt 0.28604126 0.41617987
vt 0.32316753 0.53504556
vt 1.0304008 0.44980025
vt 0.65954733 0.10330385
vt 0.59792376 0.5004189
vt 0.26393265 0.5034402
vt -0.00034284592 0.0053359321
vt 1.0879757 0.41028726
vt 0.26393265 0.605129
vt 0.49595416 0.44740817
vt 0.031329896 0.5364421
vt 1.0009358 0.20482597
vt 0.70832837 0.44740814
vt -0.51626837 0.4481861
vt 0.29943079 0.44980022
vt -0.0003426075 0.12491626
vt 0.74350238 0.82108575
vt -0.028559923 0.50041884
vt 0 0
vt 0.80696833 0.53698963
vt 0.7435025 -0.023868755
vt 0.46713853 0.44818616
vt 1.3419377 0.44980025
vt 1.3419377 0.5004189
vt 0.38377619 0.44773307
vt 0.19685084 0.31679958
vt -0.12527227 0.50041884
vt 0.73586583 0.50715375
vt 0.86452794 0.50180167
vt 0.44040805 0.59975117
vt 0.57220715 0.5004189
vt 0.50093246 0.44980022
vt 0 0
vt 0.028228283 0.18285424
vt 0.26393265 0.71542692
vt 1.432532 0.41028723
vt 0.50173783 1
vt 0.26393253 0.29145283
vt 0.92538261 0.91273218
vt -0.0003426075 0.81162339
vt 2.9802322e-08 0.40625
vt 0.67908669 0.41587746
vt 0.72081113 1.0304481
vt 0.68883169 0.60337919
vt 1.2855051 0.41028723
vt 1 0
vt 0.26562184 0.44980022
vt 0.912808 0.33026302
vt -0.064693928 0.44965619
vt 0.26393265 0.92766833
vt 1.1270831 0.5004189
vt 0.063065231 0.12491626
vt 0.8703686 0.44980022
vt 0.99695623 0.91273218
vt 0.80696833 0.44773307
vt 0.90417653 0.5004189
vt 0.26393265 0.5034402
vt 0.48590231 0.29145283
vt 0.6667785 0.077495456
vt -0.064693928 0.50180167
vt 0.26393265 0.605129
vt 0.25895521 0
vt 0.12507126 0.44965622
vt 0.70832837 0.44740814
vt -0.028612494 0.50041884
vt 1.0304229 0.5004189
vt 0.99634755 1.1376847
vt 0.92538249 0.098960996
vt 0.46713853 0.50013566
vt 0.73579121 0.50715375
vt 0.35014802 0.5004189
vt 0.38210991 0.56611764
vt 0.74350238 0.82108575
vt -0.17227119 0.50041884
vt 0.44058365 0.12896866
vt 0.40780252 0.11320239
vt 0.49595416 0.53747004
vt 0.48590243 0.71542692
vt 0.2435853 0.44773307
vt -0.11286631 0.5001356
vt 0.26393276 0.40175048
vt 0.18206924 0.5004189
vt 0.055311039 0.53698963
vt 0.98758566 0.44980025
vt 0.99695623 0.70916784
vt -0.0003426075 0.70013523
vt 0.99695563 0.18425062
vt 1.432532 0.41028723
vt 0.28604126 0.60041702
vt 0.702411 0.5004189
vt 1 0
vt 1 0.55111891
vt 0.19685084 0.70013511
vt 1.2855051 0.44740814
vt -0.0003426075 0.60041702
vt -0.00037944317 -0.072636597
vt 0.671875 0.40625
vt 0.26651913 0.55111891
vt 0.26562184 0.44980022
vt 1 0.55111891
vt 1 0
vt 1.0011526 0.064926401
vt 0.063065231 0.12491626
vt 0.99999154 0.41238776
vt 0.54125321 0.50457662
vt 0.61431968 0.12989789
vt 1.1269412 0.44980025
vt 0.671875 0.40625
vt 1.1739471 0.5004189
vt 0.35014802 0.44980022
vt 0.055311039 0.44773307
vt 0.4303773 0.065070212
vt 0.6667785 0.077495456
vt 0.26651913 0.55111891
vt -0.51626837 0.41180003
vt 1 0.55111891
vt 0.58455563 0.40175048
vt -0.0012278557 0.064926401
vt 0.063065231 0.89201838
vt 0.042682454 0.50041884
vt 0.40421939 0.5004189
vt 0.54125321 0.50457662
vt 0.97269189 -0.027693748
vt 0.671875 0.40625
vt 1.499269 0.44740811
vt -0.0003426075 0.5084818
vt 0.2923938 0.53747004
vt 0.26651913 0.55111891
vt -0.3062959 0.4481861
vt 0.80696833 0.41238776
vt 0.40780252 0.11320239
vt -0.064693928 0.4158774
vt 0.44058365 0.12896866
vt 0.70243347 0.5004189
vt 0.38377619 0.41238776
vt 0.76552641 0.44980022
vt 0.097634017 0.5004189
vt 0.6666193 0.53644216
vt -0.028703213 0.44980022
vt 0.86452794 0.44965625
vt 0.99695611 1.0393867
vt 0.74073184 0.0039062798
vt 0.97169435 0.18285394
vt -0.17212766 0.44980022
vt 0.296875 0.40625
vt 1 0.4066101
vt 0.99695623 0.70916784
vt 0.21419853 0
vt -0.085013226 0.41238776
vt 0.19685084 0.70013511
vt -0.0003426075 0.60041702
vt 0.38724911 0.1677247
vt 1 0.40624219
vt 0.40289709 0.065516174
vt 0.64029944 0.084128678
vt 0.90415406 0.44980025
vt 0.055311039 0.41238776
vt 0.99998558 -1.1920929e-07
vt 0.59759194 0.44980022
vt 0.21419853 0
vt 0.25911927 0.44818616
vt 0.53387576 0.70425111
vt 0.46713853 0.41180012
vt 0.031329907 0.4481861
vt 0.74073178 0.0039062798
vt -0.0003426075 0.8920185
vt 0.28859603 1.0597219
vt 0.61431968 0.12989789
vt 0.38724923 0.83874315
vt 1.1738343 0.44980025
vt 0.34694028 0.50340712
vt 0.21419853 0
vt 1 0.55052894
vt -0.51626837 0.5001356
vt -0.064693987 0.53504556
vt -0.17218041 0.44980022
vt 0.58455563 0.40175048
vt 0.74073178 0.0039062798
vt 0.99626094 0.44965625
vt 0.29239374 0.41028726
vt 0.01846981 0.0055300049
vt 0 0.203125
vt 0.4375 0.40625
vt -0.0003426075 0.5084818
vt 0.64050096 0.12270868
vt 0.2923938 0.53747004
vt 0.54161173 0.50180167
vt -0.3062959 0.4481861
vt 0.515625 0.203125
vt 2.9802322e-08 0.40624219
vt -0.00034284592 0.31679958
vt 0.26562184 0.5004189
vt -0.064693928 0.4158774
vt 0.40412828 0.5004189
vt 0.70243347 0.5004189
vt 0.2435853 0.53698963
vt 0.99695599 0.30252582
vt 0.097634017 0.5004189
vt 0.6935153 0.40831453
vt 0.74073178 0.0039062798
vt 0.99695563 0.60337919
vt 0.28859603 -0.052968636
vt -0.12536293 0.44980022
vt 0 0.203125
vt 0.75331122 1
vt 1.2855051 0.53746992
vt 0.74350238 0.90533632
vt 1.1270826 0.44980025
vt -0.14842905 0.53698963
vt -0.17212766 0.44980022
vt 0.515625 0.203125
vt -0.12524128 0.44980022
vt 0.4375 0.40625
vt 2.9802322e-08 0.40624219
vt 0.14010064 0.50041884
vt 0.40427282 0.44980022
vt 0.29937726 0.5004189
vt 0.46713853 0.53644216
vt 0.74350226 0.1014771
vt 0 0.203125
vt 0.75331122 1
vt 0.81965113 0.44980025
vt 0.6666193 0.44818616
vt 0.74350238 0.59975117
vt 0.54161173 0.53504556
vt 0.40289709 0.065516174
vt 0.75 0
vt 2.9802322e-08 0.40624219
vt 0.46736509 0.5004189
vt 0.25911927 0.44818616
vt 0.45874679 0.45278448
vt 1.4096498e-05 2.0861626e-07
vt 0.59421194 0.50584662
vt 0.28859603 1.0597219
vt 0.25895524 0
vt 0.75331122 1
vt 0.50173777 1
vt 1.0879757 0.53746992
vt 0.065822229 0.95281136
vt 0.34694028 0.50340712
vt 1 0.4066101
vt 0.43528634 0.11320144
vt 0.99626094 0.44965625
vt 0.45874679 0.45278448
vt 0.99999154 0.50182837
vt 0.25895524 0
vt 1 0
vt 0.29239374 0.41028726
vt 0.01846981 0.0055300049
vt 0.36106974 0.10646677
vt -0.0011532903 0.064926401
vt -0.11286631 0.41180006
vt 0.14556724 0.41870785
vt 0.64050096 0.12270868
vt 0.80696833 0.50182837
vt 0.60507929 0.41238776
vt 0.24637583 1
vt 0.32316753 0.50180167
vt 1 0
vt 0.99695563 0.60337919
vt -0.028068721 0.44980022
vt 1.0601245 0.41587746
vt 0.28859603 -0.052968636
vt -0.12529439 0.44980022
vt -0.12536293 0.44980022
vt -6.327033e-05 2.0861626e-07
vt 0.659217 0.10291141
vt -0.12524128 0.44980022
vt 0.59792376 0.5004189
vt 1.0304008 0.44980025
vt 0.671875 0.203125
vt 0.38161099 0.56611723
vt 1.1739689 0.5004189
vt 0.29937726 0.5004189
vt 1 0
vt 0.46713853 0.53644216
vt 0.8703686 0.5004189
vt 0.2435853 0.50182837
vt 0.61431968 0.077249527
vt 0.70228964 0.5004189
vt 0.031329907 0.5001356
vt -0.085013226 0.50182837
vt 0.6666193 0.44818616
vt -0.0042038113 0.50041884
vt 0 0
vt 0.75331116 1
vt 2.3841858e-07 0.99999988
vt 0.67407733 0.90533632
vt 1.0879757 0.50042635
vt 0.065491922 0.95241892
vt 0.671875 0.203125
vt -0.028559923 0.50041884
vt 0.45874679 0.40624219
vt 0.54161173 0.44965622
vt 0.91275638 0.3302632
vt 0.087318122 0.33026278
vt 2.9802322e-08 0.203125
vt 0.7435025 -0.023868755
vt 0 0.203125
vt 0 0
vt 0.2638841 1.1621974
vt 0.01846981 1.0114049
vt 0 0
vt 0.75331116 1
vt 0.54125321 0.55111891
vt 0.26415968 0.50715393
vt 0.12507126 0.50180167
vt 0.58455575 0.60512865
vt 0.065822229 0.95281136
vt 0.29943013 0.5004189
vt 0.4375 0.203125
vt 0.45874679 0.40624219
vt 0.99695623 0.82744312
vt 0.54161173 0.41587746
vt 0.57220715 0.5004189
vt 0.75 0
vt 0.99999154 0.50182837
vt 2.9802322e-08 0.203125
vt 0.34258366 0.060709655
vt 0.74350238 0.40706211
vt -0.00037944317 1.0895715
vt 0.33792251 0.079084158
vt 0 0
vt 0.54125321 0.55111891
vt 0.26393265 0.079084158
vt 0.21875 0
vt -0.0003426075 0.81162339
vt 0.67908669 0.41587746
vt 0.4375 0.203125
vt 0.40290177 0.028921127
vt 1 0.50457662
vt 0.21875 0.203125
vt 0.40412828 0.44980022
vt 0.21419853 0.203125
vt 0.36075103 0.10614961
vt -0.064693928 0.44965619
vt 0.97269261 1.0393867
vt 0.26393265 0.92766833
vt 1.1270831 0.5004189
vt 0.54125321 0.55111891
vt 0.8703686 0.44980022
vt 0.21875 0
vt 0.38965309 0.094890475
vt 0.80696833 0.44773307
vt 0.26393265 0.5034402
vt 1.0601245 0.44965625
vt 0.25911927 0.41180006
vt 0.49826199 0
vt 0.26651913 0.50457662
vt -0.085013226 0.53698963
vt 1.0601245 0.50180167
vt -0.51626837 0.5364421
vt 0.26393265 0.605129
vt 0.12507126 0.53504556
vt 0.21875 0.203125
vt 0.21419853 0.203125
vt 0.40421939 0.44980022
vt 0.8703686 0.5004189
vt -0.028612494 0.50041884
vt 0.6666193 0.41180012
vt 0.99634755 1.1376847
vt 1.0304229 0.5004189
vt -0.0042038113 0.50041884
vt 0.67407733 0.90533632
vt 0.35014802 0.5004189
vt 1.0879757 0.50042635
vt 0.26651913 0.50457662
vt 1.7881393e-07 5.9604645e-08
vt -0.028559923 0.50041884
vt 0.49826199 0
vt 0.54161173 0.44965622
vt 0.40397611 0.15644813
vt 0.72526586 0.45278448
vt 0.7764321 0.55111891
vt 0.86452794 0.53504556
vt 0.21419853 0.203125
vt 0.37915671 0.08815378
vt 0.94060034 0.44740811
vt 0.78345227 0.30252582
vt 0.12507126 0.50180167
vt 1 0.203125
vt 0.29943013 0.5004189
vt -0.085013226 0.44773307
vt 0.26651913 0.50457662
vt 0.9717226 0.18285434
vt 5.9604645e-08 0.55111891
vt 0.99626094 0.50180167
vt 0.055311039 0.53698963
vt 0.72526586 0.45278448
vt 0.7764321 0.55111891
vt 1.0000004 0.99999976
vt 1.0298796 0.44980025
vt 0.90415406 0.5004189
vt 0.99695563 0.18425062
vt 0 1
vt 0.70228964 0.44980022
vt 0.055311039 0.50182837
vt -0.3062959 0.41180006
vt 0.702411 0.5004189
vt 0.26393265 0.079084158
vt 0.23517889 0.40624219
vt 5.9604645e-08 0.50457662
vt 0.67908669 0.41587746
vt 0.75 0
vt 0.40290177 0.028921127
vt 5.9604645e-08 0.55111891
vt 0.702411 0.44980022
vt 0.72526586 0.45278448
vt 0.40412828 0.44980022
vt 0.99999154 0.44773307
vt 0.26562184 0.44980022
vt 0.99634731 -0.12599152
vt 1.1739689 0.44980025
vt 1.0879757 0.44740811
vt 0.97269261 1.0393867
vt 0.36075103 0.10614961
vt 0.46736503 0.44980022
vt 0.23517889 0.45278448
vt -0.00034284592 1.0115989
vt 0.12507126 0.41587743
vt 0.18216005 0.44980022
vt 1.0601245 0.44965625
vt 1.0721117 0.5004189
vt 0.59759146 0.5004189
vt 0.7435469 1.12473
vt 1.0601245 0.50180167
vt 0.73589176 0.50715375
vt 0.50087911 0.5004189
vt 0.26393265 -0.05322291
vt 0.26393241 1.0599761
vt 0.097543091 0.5004189
vt -0.028612494 0.50041884
vt 0.6666193 0.41180012
vt 1.432532 0.50042623
vt 0.99999988 -1.7881393e-07
vt 0.99634755 1.1376847
vt 0.23517889 0.45278448
vt 0.35014802 0.5004189
vt -0.45073235 0.5001356
vt 1 0.203125
vt 0.296875 0.203125
vt 0.44040793 0.40706211
vt 1.029933 0.44980025
vt 0.90415424 0.5004189
vt -0.14842905 0.41238776
vt 0.49826211 0
vt 0.23517889 0.45278448
vt 0.78345227 0.30252582
vt 0.87807256 0.82744312
vt 0.60507929 0.50182837
vt 1 0.203125
vt 1.0721117 0.44980022
vt 0.99695611 1.0393867
vt 0.86452794 0.44965625
vt 0.296875 0.203125
vt 0.73586893 0.50715375
vt 0.24637589 1
vt 0.91278243 0.33026278
vt 2.9802322e-08 0.40625
vt 1 0.40625
vt 0.70228964 0.44980022
vt -0.085013226 0.41238776
vt 0.055311039 0.50182837
vt 0.86452794 0.41587746
vt 1 -2.3841858e-07
vt 0.99906415 -2.9802322e-08
vt 1.197633 0.5004189
vt 0.25911927 0.50013566
vt 0.43528634 0.076600611
vt 0.296875 0.203125
vt 0.90415406 0.44980025
vt 0.81989765 0.44980025
vt 0.59759194 0.44980022
vt 0.29937726 0.44980022
vt 1.2950513 0.44980025
vt 0.99999154 0.53698963
vt 0.24637589 1
vt 0.53387576 0.70425111
vt 0.70832837 0.41028723
vt 0.99634731 -0.12599152
vt 0.031329907 0.4481861
vt 1 0.40625
vt 0.62109464 0.10360718
vt 0.81989765 0.5004189
vt 1.1269412 0.44980025
vt 1.1270607 0.44980025
vt -0.12538493 0.50041884
vt 0.29928625 0.44980022
vt -0.17215842 0.50041884
vt 0.59759146 0.5004189
vt 0.66886675 0.44980022
vt 0.33792275 0.92766857
vt 0.24637589 1
vt 0.5338757 0.30256236
vt 2.9802322e-08 0.45278448
vt 0.99695575 0.098960996
vt 1.0000002 1
vt 0.50087911 0.5004189
vt 0.60507929 0.53698963
vt 0.097543091 0.5004189
vt 0.58455563 0.40175048
vt 1 0.45278448
vt 1.0012274 0.064926401
vt 1.2950513 0.5004189
vt -0.45073235 0.5001356
vt 1.432532 0.44740814
vt -0.14842905 0.50182837
vt -0.0003426075 0.5084818
vt 0.99626094 0.41587746
vt 0.90415424 0.5004189
vt -0.3062959 0.4481861
vt 0.61796451 0.56611723
vt 2.9802322e-08 0.45278448
vt -0.064693928 0.4158774
vt 1 0.45278448
vt 0.74350202 0.30256236
vt 0.2435853 0.53698963
vt 1.1739471 0.44980025
vt 0.87807256 0.82744312
vt 0.32316753 0.41587743
vt -0.3062959 0.5364421
vt 1.2855051 0.53746992
vt 0.61799026 0.56611723
vt 0.50087911 0.44980022
vt -0.45073235 0.5364421
vt 0.59744745 0.44980022
vt 0.097686768 0.5004189
vt 0.14010064 0.50041884
vt -0.085013226 0.41238776
vt 1.1976331 0.44980025
vt 1.197633 0.5004189
vt -0.00034284592 0.41618007
vt 0.40289709 0.065516174
vt 0.1461553 0.41870806
vt 0.29937726 0.44980022
vt -6.2853098e-05 2.0861626e-07
vt 1 0
vt 0.46736509 0.5004189
vt 0.29928625 0.5004189
vt 0.031329907 0.4481861
vt -0.17224926 0.44980022
vt 0.68320894 0.5034402
vt 0.28859603 1.0597219
vt 0.81989765 0.5004189
vt -1.1920929e-07 -1.7881393e-07
vt 0.67908669 0.53504556
vt 1.1270607 0.44980025
vt 0.29928625 0.44980022
vt 1.029917 0.5004189
vt 0.67908669 0.50180167
vt 0.66886675 0.44980022
vt -0.17215842 0.50041884
vt 0.74350226 0.70425111
vt 0.5338757 0.30256236
vt 1 0
vt 0.43528634 0.11320144
vt 0.43038109 0.028921127
vt 0.60507929 0.53698963
vt 0 0
vt -0.17210627 0.50041884
vt 1.2950513 0.5004189
vt 1.432532 0.44740814
vt -0.14842905 0.50182837
vt 0.74350202 0.30256236
vt 0.32316753 0.50180167
vt 0.031329907 0.41180006
vt 0.2435853 0.53698963
vt 0.10432041 0.81162328
vt 0 0
vt 1.1739471 0.44980025
vt 0.99695563 0.60337919
vt 0.98758566 0.5004189
vt 1.2855051 0.53746992
vt 0.18206921 0.44980022
vt 0.50087911 0.44980022
vt -0.45073235 0.5364421
vt 0.00093582273 0.20482591
vt -0.45073235 0.41180003
vt 0.14010064 0.44980022
vt 1.2855051 0.50042623
vt 0.99626094 0.53504562
vt 0.74350238 0.18572773
vt 0.87807196 0.18425062
vt -0.12521994 0.50041884
vt 0.29937726 0.5004189
vt 0.70243406 0.44980022
vt 0 0
vt 0.7435025 1.0306822
vt -0.00034284592 0.41618007
vt 0.70228964 0.5004189
vt 0.2923938 0.50042635
vt 0.031329907 0.5001356
vt 0.50173783 1
vt 0.46736509 0.5004189
vt 1 0
vt 1.499269 0.53746992
vt 0.99695575 0.40831438
vt -0.17224926 0.44980022
vt 0.02830568 0.18285434
vt -0.0042038113 0.44980022
vt 0.67908669 0.53504556
vt 0.50173783 1
vt 0.66672039 0.12938303
vt 0.50078785 0.44980022
vt 0 0.55052894
vt 0.72081113 -0.023634687
vt 0.90417719 0.44980025
vt 0.58455575 0.60512865
vt 1.029917 0.5004189
vt 0.25895521 0
vt 0.066008426 0.95227635
vt 0.7764321 0.50457662
vt 1.1270609 0.5004189
vt 0.097543091 0.44980022
vt 0.36106974 0.10646677
vt -0.11286631 0.4481861
vt 0.25895521 0
vt 0.94060034 0.53747004
vt 0.62734348 0.82108563
vt 0.94060034 0.50042635
vt 0.7764321 0.50457662
vt 2.9802322e-07 -5.9604645e-08
vt -0.0012273192 0.064926192
vt 0.81965053 0.5004189
vt 0.37915671 0.060704887
vt 0.64037836 0.10343879
vt 0.25895521 0
vt 0.74073184 0.0039062798
vt 0.66886675 0.5004189
vt 0.65973353 0.10276884
vt -0.0003426075 0.2053113
vt 0.18206921 0.44980022
vt -1.7881393e-07 1.1920929e-07
vt 0.7764321 0.50457662
vt 1.2855051 0.50042623
vt 0.67908669 0.44965622
vt 0.74350238 0.18572773
vt -0.085013226 0.53698963
vt 0.37523174 0.5084818
vt 0.12507126 0.53504556
vt 0.40421939 0.44980022
vt 0.8703686 0.5004189
vt 0.2435853 0.50182837
vt 1.0011531 0.064926192
vt -0.14842905 0.44773307
vt 1.0601245 0.53504562
vt 0.4485296 0.04721576
vt 0.74073184 0.0039062798
vt 0.57220715 0.44980022
vt 0.81962818 0.44980025
vt 0.26393265 0.16772509
vt 1.0879757 0.50042635
vt 0.18221366 0.44980022
vt 1.0304008 0.5004189
vt 0.78345239 0.70916784
vt 1 0.55052894
vt 1.432532 0.53746992
vt 5.9604645e-08 -1.3737008e-07
vt 0.37915671 0.08815378
vt 0.38203526 0.56611723
vt 0 0.4066101
vt 0.94060034 0.44740811
vt 0.50078785 0.44980022
vt 0.72081113 -0.023634687
vt 0.74073184 0.0039062798
vt 0.54125321 0.50457662
vt 0.21419853 0
vt 0.74350238 0.50340664
vt 0.066008426 0.95227635
vt 1.499269 0.50042623
vt 0.40397611 0.12896389
vt 0.26651913 0.55111891
vt 0.10766029 0.2053113
vt 0.097543091 0.44980022
vt 1.0298796 0.44980025
vt -0.0282197 0.50041884
vt 0.087291956 0.3302632
vt 1.1270826 0.5004189
vt 0.54125321 0.50457662
vt 0.42228514 0.17459679
vt 0.6666193 0.50013566
vt 0.49595416 0.50042635
vt 0.2435853 0.41238776
vt -0.028091073 0.44980022
vt 0.38377619 0.50182837
vt 0.99695575 0.50584662
vt 0.46736503 0.44980022
vt 0.65973353 0.10276884
vt 0.042682573 0.44980022
vt -0.45073235 0.4481861
vt -0.00034284592 1.0115989
vt 0.12507126 0.41587743
vt 0.2638841 -0.15544493
vt 0.38377619 0.53698963
vt 0.18216005 0.44980022
vt 0.18221298 0.5004189
vt 0.7435469 -0.1179169
vt 1.0721117 0.5004189
vt 0.67908669 0.44965622
vt 0.7435469 1.12473
vt -0.085013226 0.53698963
vt 0.49996269 0.59559882
vt 0.37523174 0.5084818
vt 0.296875 0.40625
vt 0.40421939 0.44980022
vt 5.9604645e-08 0.99999958
vt 0.26393265 -0.05322291
vt 0.61836308 0.56611723
vt 0.26393241 1.0599761
vt 0.29239374 0.44740817
vt 1.0601245 0.53504562
vt 0.6666193 0.41180012
vt 1.432532 0.50042623
vt -0.3062959 0.5001356
vt 1 1
vt 0.515625 0.203125
vt 0.75 0.203125
vt 0.81962818 0.5004189
vt 0.40427226 0.5004189
vt 1 0.40624219
vt 0.75 0
vt 0.44040793 0.40706211
vt 1.0304008 0.5004189
vt 0.78345239 0.70916784
vt 1 0.4066101
vt 0.70832837 0.53747004
vt 0.59744745 0.5004189
vt 0.097634017 0.44980022
vt 0.296875 0.40625
vt 0.49595416 0.41028726
vt 0.75 0.203125
vt 0.75 0
vt 0.70832837 0.50042635
vt 0.9041543 0.44980025
vt 0.74350238 0.50340664
vt 0.097687304 0.44980022
vt 1 0.40624219
vt 0.26393265 0.83874393
vt 0.40781161 0.076596797
vt 0.28604126 0.41617987
vt 0.32316753 0.53504556
vt 0.97174537 0.18383692
vt -0.00034284592 0.0053359321
vt 1.0879757 0.41028726
vt 0.70228964 0.44980022
vt 1.1270826 0.5004189
vt 0.75 0.203125
vt 0.86452794 0.41587746
vt 0.75 0
vt 0.43528634 0.076600611
vt 0.515625 0
vt 0.49595416 0.44740817
vt 0.031329896 0.5364421
vt 0.42228514 0.17459679
vt 0.81989765 0.44980025
vt 0.49595416 0.50042635
vt -0.51626837 0.4481861
vt 0.2435853 0.41238776
vt 0.46736503 0.44980022
vt 0.62109464 0.10360718
vt 0.80696833 0.53698963
vt 0.515625 0
vt 0.12507126 0.41587743
vt 1.3419377 0.44980025
vt -0.12538493 0.50041884
vt 1.3419377 0.5004189
vt 0.38377619 0.53698963
vt 0.7435469 1.12473
vt 0.38377619 0.44773307
vt 0.99695551 -0.027693748
vt 2.9802322e-08 0.40624219
vt 0.19685084 0.31679958
vt -0.12527227 0.50041884
vt 0.50001413 0.59559917
vt 0.86452794 0.50180167
vt 0.44040805 0.59975117
vt 0.097543091 0.5004189
vt 0.50093246 0.44980022
vt 0.29239374 0.44740817
vt 1.432532 0.50042623
vt 0.515625 0
vt 0.26393265 0.71542692
vt 0.81962818 0.5004189
vt 0.50173777 1
vt 0.59792376 0.44980022
vt 0.26393253 0.29145283
vt 0.70832837 0.53747004
vt 0.76552641 0.5004189
vt 0.59744745 0.5004189
vt 0.68883169 0.60337919
vt 0.32316756 0.44965622
vt 1.2855051 0.41028723
vt 0.70832837 0.50042635
vt 0.9041543 0.44980025
vt 0.87807256 0.82744312
vt 0.32316753 0.41587743
vt 0.097687304 0.44980022
vt 0.25895524 0
vt 0.26393265 0.83874393
vt 0.50173777 1
vt 0.32316753 0.53504556
vt 0.5009318 0.5004189
vt 0.99695623 0.91273218
vt 0.90417653 0.5004189
vt 0.097686768 0.5004189
vt 0.48590231 0.29145283
vt 0 0
vt 0.45874679 0.45278448
vt 0.25895524 0
vt -0.064693928 0.50180167
vt 0.94060034 0.41028726
vt 1.1976331 0.44980025
vt 1.0000002 1.0000002
vt 1.197633 0.5004189
vt 0.50173777 1
vt 0.81989765 0.44980025
vt 0.34258366 0.08815378
vt 0.92538249 0.098960996
vt 0.46713853 0.50013566
vt 1.2950513 0.44980025
vt 1.4992688 0.41028726
vt 0.29928625 0.5004189
vt 0.24637583 1
vt 0.62109464 0.10360718
vt 1 0
vt -0.17227119 0.50041884
vt 0.49595416 0.53747004
vt 0.48590243 0.71542692
vt 1 0.50457662
vt 0.67908669 0.50180167
vt 0.67407715 0.1014771
vt -0.11286631 0.5364421
vt -0.17215842 0.50041884
vt 0.99695551 -0.027693748
vt 0.671875 0.203125
vt -0.11286631 0.5001356
vt 0.86452794 0.50180167
vt 0.24637583 1
vt 0.26393276 0.40175048
vt 0.98758566 0.44980025
vt 2.9802322e-08 0.203125
vt -0.0003426075 0.70013523
vt 0.75331116 1
vt 0.28604126 0.60041702
vt 0.59792376 0.44980022
vt 0.26393253 0.29145283
vt 1 0.50457662
vt 1.2855051 0.44740814
vt 0.671875 0.203125
vt 1.0009358 0.40539855
vt -0.00037944317 -0.072636597
vt 0.45874679 0.40624219
vt 0.74350202 0.30256236
vt 2.9802322e-08 0.203125
vt 0.10432041 0.81162328
vt 0 0.203125
vt 1 0.203125
vt 0 0
vt 0.75331116 1
vt 0.60507929 0.44773307
vt 0.063065231 0.12491626
vt 0.99999154 0.41238776
vt 0.99695623 0.91273218
vt 0.59744745 0.44980022
vt 0.45874679 0.40624219
vt 0.48590231 0.29145283
vt -0.12521994 0.50041884
vt 1.1739471 0.5004189
vt 0.35014802 0.44980022
vt 0.055311039 0.44773307
vt 0.4303773 0.065070212
vt 0.6667785 0.077495456
vt 0.7435025 1.0306822
vt -0.064693928 0.50180167
vt 2.9802322e-08 0.203125
vt 0 0.203125
vt 0 0
vt 0.2923938 0.50042635
vt 0.21875 0
vt 0.063065231 0.89201838
vt 0.042682454 0.50041884
vt 0.40421939 0.5004189
vt 0.92538249 0.098960996
vt 1.4992688 0.41028726
vt 0.4375 0.203125
vt 1.499269 0.53746992
vt 0.99695575 0.40831438
vt -0.17224926 0.44980022
vt 1.499269 0.44740811
vt 1 0.203125
vt 0.23517889 0.40624219
vt -0.17227119 0.50041884
vt -0.0042038113 0.44980022
vt 0.80696833 0.41238776
vt 0.40780252 0.11320239
vt 0.44058365 0.12896866
vt -1.1920929e-07 0.99999988
vt 0.66672039 0.12938303
vt 0.48590243 0.71542692
vt 0.38377619 0.41238776
vt 0.76552641 0.44980022
vt 0.67908669 0.53504556
vt 0.67908669 0.50180167
vt 0.21875 0
vt 0.6666193 0.53644216
vt -0.028703213 0.44980022
vt 0.21875 0.203125
vt 0.99695623 0.70916784
vt 0.99996281 -2.0861626e-07
vt 0.94060034 0.53747004
vt -0.0003426075 0.60041702
vt 0.38724911 0.1677247
vt 0.64029944 0.084128678
vt 0.055311039 0.41238776
vt -0.00037944317 -0.072636597
vt 0.49826199 0
vt 0.23517889 0.45278448
vt 0.25911927 0.5364421
vt 0 1
vt 0.46713853 0.41180012
vt 0.37915671 0.060704887
vt 0.60507929 0.44773307
vt -0.0003426075 0.8920185
vt 0.66886675 0.5004189
vt -0.0003426075 0.2053113
vt 0.50078785 0.5004189
vt 5.9604645e-08 0.50457662
vt 0.38724923 0.83874315
vt 5.9604645e-08 0.55111891
vt 1.1738343 0.44980025
vt 0.62734336 0.18572773
vt 0.7764321 0.55111891
vt 0.44058365 0.15644431
vt -0.51626837 0.5001356
vt -0.064693987 0.53504556
vt 0 1
vt 0.063065231 0.89201838
vt 5.9604645e-08 0.50457662
vt 0.75 0
vt 2.9802322e-08 0.40625
vt 0.18221366 0.44980022
vt 5.9604645e-08 0.55111891
vt 1.499269 0.53746992
vt -0.0011531115 0.064926192
vt 0.54161173 0.50180167
vt 0.80696833 0.41238776
vt 0 1
vt -0.00034284592 0.31679958
vt 0.26562184 0.5004189
vt 0.66672039 0.12938303
vt 0.72081113 -0.023634687
vt 0.70243347 0.5004189
vt 0.38377619 0.41238776
vt 0.76552641 0.44980022
vt 5.9604645e-08 0.50457662
vt 0.6935153 0.40831453
vt 0.6666193 0.53644216
vt 0.75 0
vt -0.028703213 0.44980022
vt -0.14842905 0.53698963
vt 0.74350238 0.90533632
vt 1.1270826 0.44980025
vt 0.18216002 0.5004189
vt -0.17212766 0.44980022
vt 0.72526586 0.40624219
vt 0.40427282 0.44980022
vt 0.74350226 0.1014771
vt 0.296875 0.203125
vt 0.81965113 0.44980025
vt 0.74350238 0.59975117
vt 2.9802322e-08 0.45278448
vt 0.54161173 0.53504556
vt 0.75 0
vt 0.29943079 0.44980022
vt 0.38377619 0.50182837
vt 0.72526586 0.40624219
vt 0.75 0.203125
vt 0.25911927 0.44818616
vt 0.49826211 0
vt 0.99695575 0.50584662
vt 0.46713853 0.41180012
vt 0.65973353 0.10276884
vt 0.59421194 0.50584662
vt 0.2638841 -0.15544493
vt 0.18221298 0.5004189
vt 0.296875 0.203125
vt 2.9802322e-08 0.45278448
vt 0.7435469 -0.1179169
vt 1.1738343 0.44980025
vt 0.62734336 0.18572773
vt 1.0879757 0.53746992
vt 0.34694028 0.50340712
vt 0.37523174 0.5084818
vt 0.72526586 0.40624219
vt 1.1739689 0.5004189
vt 0.75 0.203125
vt 0.49826211 0
vt 0.24637589 1
vt 0.99626094 0.44965625
vt 0.29239374 0.41028726
vt 0.40427226 0.5004189
vt 1.0304008 0.5004189
vt 0.097634017 0.44980022
vt 1.0000002 1.0000001
vt 0.24637589 1
vt 0.54161173 0.50180167
vt 0.80696833 0.50182837
vt 1 0.40625
vt 0.60507929 0.41238776
vt -0.00034284592 0.31679958
vt 0.72081113 1.0304481
vt 0.6935153 0.40831453
vt -0.028068721 0.44980022
vt -0.12529439 0.44980022
vt 0.28604126 0.41617987
vt 0.73581672 0.50715375
vt -0.12524128 0.44980022
vt 0.65954733 0.10330385
vt 0.59792376 0.5004189
vt 1.0304008 0.44980025
vt 1.0879757 0.41028726
vt 1.0000004 1
vt 0.46713853 0.53644216
vt 0.81965113 0.44980025
vt 0.6666193 0.44818616
vt 0.70832837 0.44740814
vt -0.085013226 0.50182837
vt 0.54161173 0.53504556
vt 0.29943079 0.44980022
vt 0.2435853 0.41238776
vt -0.0003426075 0.12491626
vt 0.065491922 0.95241892
vt 0.99906415 0.20502242
vt 0.80696833 0.53698963
vt 0.7435025 -0.023868755
vt 0.46713853 0.44818616
vt 0.2638841 1.1621974
vt 0.38377619 0.53698963
vt 0.7435469 -0.1179169
vt 0 0
vt 1.0000005 1.0000002
vt 0.19685084 0.31679958
vt -0.12527227 0.50041884
vt 0.97177196 0.18285403
vt 0.44040805 0.59975117
vt 0.99695623 0.82744312
vt 0.54161173 0.41587746
vt 0.57220715 0.5004189
vt 0.50093246 0.44980022
vt -0.00037944317 1.0895715
vt 0.40427226 0.5004189
vt 0.33792251 0.079084158
vt 0.92538261 0.91273218
vt -0.0003426075 0.81162339
vt 1 0
vt 0.72081113 1.0304481
vt 0.68883169 0.60337919
vt 1.2855051 0.41028723
vt 0.70832837 0.50042635
vt 0.9041543 0.44980025
vt -0.028068721 0.44980022
vt -0.064693928 0.44965619
vt 0.26393265 0.92766833
vt 1.1270831 0.5004189
vt -0.12529439 0.44980022
vt 0.8703686 0.44980022
vt 0.38965309 0.094890475
vt 1 0
vt 0.80696833 0.44773307
vt 0.65954733 0.10330385
vt 0.5000633 0.595599
vt 0.26393265 0.5034402
vt 0.087292492 0.33026278
vt 0.25911927 0.41180006
vt 1.0000002 1
vt -0.51626837 0.5364421
vt 0.26393265 0.605129
vt 0.12507126 0.44965622
vt 0.70832837 0.44740814
vt 1.0304229 0.5004189
vt -0.0042038113 0.50041884
vt 0.46713853 0.50013566
vt 0 0.55052906
vt 0.74350238 0.82108575
vt -0.028559923 0.50041884
vt 0.54161173 0.44965622
vt 0.86452794 0.53504556
vt 0.7435025 -0.023868755
vt 0.2435853 0.44773307
vt 0.12507126 0.50180167
vt 0.19685084 0.31679958
vt -0.11286631 0.5001356
vt -0.085013226 0.44773307
vt -0.12527227 0.50041884
vt 0.44040805 0.59975117
vt 0.26393276 0.40175048
vt 0.99626094 0.50180167
vt 0.18206924 0.5004189
vt 0.055311039 0.53698963
vt 0.90415406 0.5004189
vt 0.99695563 0.18425062
vt 1.432532 0.41028723
vt 0.28604126 0.60041702
vt 0.702411 0.5004189
vt 0.26393265 0.079084158
vt 0.26393253 0.29145283
vt 0.92538261 0.91273218
vt -0.0003426075 0.81162339
vt 0.67908669 0.41587746
vt 1 0
vt 0.99999988 1.0000001
vt 0.99999154 0.44773307
vt 0.26562184 0.44980022
vt 1.0879757 0.44740811
vt 0.50173783 1
vt 1.1270831 0.5004189
vt 0.671875 0.40625
vt 0.8703686 0.44980022
vt 0.99999154 0.41238776
vt 0.99695623 0.91273218
vt 0.26651913 0.55111891
vt 0.61431968 0.12989789
vt 0.80696833 0.44773307
vt 1 0.55111891
vt 0.48590231 0.29145283
vt 1 0
vt 0.055311039 0.44773307
vt 0.6667785 0.077495456
vt -0.064693928 0.50180167
vt 0.54125321 0.50457662
vt -0.51626837 0.41180003
vt 0.671875 0.40625
vt -0.028612494 0.50041884
vt 0.26651913 0.55111891
vt 0.042682454 0.50041884
vt 0.40421939 0.5004189
vt 0.99634755 1.1376847
vt 0.92538249 0.098960996
vt 0.35014802 0.5004189
vt 0.97269189 -0.027693748
vt 0.7764321 0.50457662
vt 1 0.55111891
vt 1.029933 0.44980025
vt 0.54125321 0.50457662
vt -0.14842905 0.41238776
vt 0.40780252 0.11320239
vt 0.2435853 0.44773307
vt 0.671875 0.40625
vt 0.74073184 0.0039062798
vt 0.26651913 0.55111891
vt -0.11286631 0.5001356
vt 0.60507929 0.50182837
vt 1.0721117 0.44980022
vt 0.99695611 1.0393867
vt 0.86452794 0.44965625
vt 0.99626094 0.50180167
vt 0.26393276 0.40175048
vt 0.055311039 0.53698963
vt 0.99695623 0.70916784
vt 0.99695563 0.18425062
vt 0.702411 0.5004189
vt 0.74073184 0.0039062798
vt 0.19685084 0.70013511
vt 0.25911927 0.50013566
vt -0.0003426075 0.60041702
vt 0.14628181 0.41870785
vt 0.90415406 0.44980025
vt 0.59759194 0.44980022
vt 0.99999154 0.53698963
vt 0.99999154 0.44773307
vt 0.38200971 0.56611764
vt 0.53387576 0.70425111
vt 0.70832837 0.41028723
vt 0.44058365 0.12896866
vt 0.21419853 0
vt 0.61431968 0.12989789
vt 1.0011274 0.06492649
vt 1.1269412 0.44980025
vt 0.74073178 0.0039062798
vt 0.35014802 0.44980022
vt 0.59759146 0.5004189
vt 0.4303773 0.065070212
vt 0.33792275 0.92766857
vt -0.51626837 0.41180003
vt -0.51626837 0.5001356
vt -0.064693987 0.53504556
vt 0.99695575 0.098960996
vt -0.17218041 0.44980022
vt 0.58455563 0.40175048
vt 0.063065231 0.89201838
vt 0.042682454 0.50041884
vt 0.40421939 0.5004189
vt 0.01846981 0.0055300049
vt 0.21419853 0
vt 0.515625 0.203125
vt -0.45073235 0.5001356
vt 0.97269189 -0.027693748
vt 0.74073178 0.0039062798
vt -0.0003426075 0.5084818
vt 0.2923938 0.53747004
vt 0.99626094 0.41587746
vt 0.90415424 0.5004189
vt -0.3062959 0.4481861
vt 0.80696833 0.41238776
vt 0 0.203125
vt -0.064693928 0.4158774
vt 0.40412828 0.5004189
vt 0.70243347 0.5004189
vt 0.99695599 0.30252582
vt 0.097634017 0.5004189
vt 1 1
vt 0.515625 0.203125
vt 0.4375 0.40625
vt 0.60507929 0.50182837
vt 0.74073178 0.0039062798
vt 0.86452794 0.44965625
vt 0 0.203125
vt 0.75331122 1
vt 0.14010064 0.50041884
vt 0.40427282 0.44980022
vt -0.085013226 0.41238776
vt 1 1
vt 0.4375 0.40625
vt 0.515625 0.203125
vt 2.9802322e-08 0.40624219
vt 0.74350226 0.1014771
vt 0.40289709 0.065516174
vt 0.74350238 0.59975117
vt 0.90415406 0.44980025
vt 0.64029944 0.084128678
vt 0.59759194 0.44980022
vt 0.296875 0.40625
vt 0 0.203125
vt 0.75331122 1
vt 0.031329907 0.4481861
vt 0.75 0.203125
vt 0.4375 0.40625
vt 0.68320894 0.5034402
vt 0.59421194 0.50584662
vt 0.28859603 1.0597219
vt 0.81989765 0.5004189
vt 0.75 0
vt 2.9802322e-08 0.40624219
vt 0.6178897 0.56611723
vt 1.1738343 0.44980025
vt 0.45874679 0.45278448
vt 0.065822229 0.95281136
vt 0.34694028 0.50340712
vt 0.25895524 0
vt 0.66886675 0.44980022
vt 0.33792275 0.92766857
vt 0.74350226 0.70425111
vt 0.5338757 0.30256236
vt -0.51626837 0.5001356
vt 0.43528634 0.11320144
vt -0.064693987 0.53504556
vt 0.75331122 1
vt 0.43038109 0.028921127
vt 0.99626094 0.44965625
vt 0.50173777 1
vt -0.17210627 0.50041884
vt 0.01846981 0.0055300049
vt -0.11286631 0.41180006
vt 0.45874679 0.45278448
vt 1.432532 0.44740814
vt 1 0
vt 0.25895524 0
vt 0.64050096 0.12270868
vt 0.99626094 0.41587746
vt 0.80696833 0.50182837
vt 0.60507929 0.41238776
vt 0.32316753 0.50180167
vt 0.031329907 0.41180006
vt 0.2435853 0.53698963
vt 0.99695599 0.30252582
vt 0.515625 0
vt 1.1739471 0.44980025
vt 0.99695563 0.60337919
vt 0.28859603 -0.052968636
vt 1.0601245 0.41587746
vt -0.12536293 0.44980022
vt 0.98758566 0.5004189
vt 1.2855051 0.53746992
vt 0.74350238 0.90533632
vt 1.1270826 0.44980025
vt 0.45874679 0.45278448
vt 1 0
vt 0.659217 0.10291141
vt 0.50087911 0.44980022
vt -0.45073235 0.41180003
vt -0.12524128 0.44980022
vt 0.14010064 0.50041884
vt 0.99626094 0.53504562
vt 0.87807196 0.18425062
vt 0.26413155 0.50715375
vt 1.1739689 0.5004189
vt 0.29937726 0.5004189
vt 0.74350226 0.1014771
vt 0.671875 0.203125
vt 0.61431968 0.077249527
vt 0.70228964 0.5004189
vt 0.031329907 0.5001356
vt 0.6666193 0.44818616
vt -0.085013226 0.50182837
vt 1.0000002 1.0000002
vt -0.00034284592 0.41618007
vt 0.67407733 0.90533632
vt 0.46736509 0.5004189
vt 0 0
vt 0.75331116 1
vt 0.59421194 0.50584662
vt 0.671875 0.203125
vt 0.2638841 1.1621974
vt 0.01846981 1.0114049
vt 0.45874679 0.40624219
vt 0.90417719 0.44980025
vt 0.58455575 0.60512865
vt 1.029917 0.5004189
vt 0.065822229 0.95281136
vt 2.9802322e-08 0.203125
vt 0.43528634 0.11320144
vt 0 0
vt 0.54161173 0.41587746
vt 1.1270609 0.5004189
vt 0.99999154 0.50182837
vt 0.34258366 0.060709655
vt 0.74350238 0.40706211
vt -0.00037944317 1.0895715
vt 0.36106974 0.10646677
vt 0.33792251 0.079084158
vt 0.4375 0.203125
vt -0.11286631 0.41180006
vt 0.45874679 0.40624219
vt 1 0.50457662
vt 0.38208711 0.56611747
vt 0.60507929 0.41238776
vt 0 0
vt 0.54125321 0.55111891
vt 0.21875 0
vt 0.32316753 0.50180167
vt 0.031329907 0.41180006
vt 0.81965053 0.5004189
vt 0.74073178 0.0039062798
vt 0.4375 0.203125
vt 1.0601245 0.41587746
vt 0.97269261 1.0393867
vt -0.12529439 0.44980022
vt 1 0.50457662
vt 0.21875 0.203125
vt 0.38965309 0.094890475
vt 0.659217 0.10291141
vt 0.21419853 0.203125
vt 1.0601245 0.44965625
vt 0.25911927 0.41180006
vt 0.99626094 0.53504562
vt 0.87807196 0.18425062
vt 0.24637583 1
vt 1.1739689 0.5004189
vt -0.51626837 0.5364421
vt 0.54125321 0.55111891
vt 0.12507126 0.53504556
vt 0.21875 0
vt 0.8703686 0.5004189
vt -0.001152873 0.064926401
vt 0.2435853 0.50182837
vt 0.61431968 0.077249527
vt 0.49826199 0
vt -0.14842905 0.44773307
vt 0.4485296 0.04721576
vt -0.085013226 0.50182837
vt -0.0042038113 0.50041884
vt 0.57220715 0.44980022
vt 1 0.50457662
vt 0.81962818 0.44980025
vt 0.67407733 0.90533632
vt 0.21875 0.203125
vt 0.26393265 0.16772509
vt 1.0879757 0.50042635
vt 0.21419853 0.203125
vt -0.028559923 0.50041884
vt 0.40397611 0.15644813
vt 0.86452794 0.53504556
vt 1.432532 0.53746992
vt 0.2638841 1.1621974
vt 0.37915671 0.08815378
vt 0.01846981 1.0114049
vt 0.94060034 0.44740811
vt 0.90417719 0.44980025
vt 0.49826199 0
vt 0.78345227 0.30252582
vt 0.12507126 0.50180167
vt 0.58455575 0.60512865
vt 0.26651913 0.50457662
vt 0.29943013 0.5004189
vt 0.21419853 0.203125
vt 0.7764321 0.55111891
vt 0.72526586 0.45278448
vt -4.7683716e-07 2.3841858e-07
vt 1.499269 0.50042623
vt 0.54161173 0.41587746
vt 1.1270609 0.5004189
vt 0.40397611 0.12896389
vt 0 0.203125
vt 0.34258366 0.060709655
vt 0.74350238 0.40706211
vt 0 0
vt 1 0.203125
vt 1.0298796 0.44980025
vt -0.0282197 0.50041884
vt 0.26651913 0.50457662
vt 0.23517889 0.40624219
vt 0.26393265 0.079084158
vt -0.3062959 0.41180006
vt -0.0003426075 0.81162339
vt 0.7764321 0.55111891
vt 0.72526586 0.45278448
vt 0.67908669 0.41587746
vt 0.40290177 0.028921127
vt 0 1
vt 0.702411 0.44980022
vt 1.0000001 2.3841858e-07
vt -0.028091073 0.44980022
vt 0.40412828 0.44980022
vt 0.36075103 0.10614961
vt 1.1739689 0.44980025
vt 0.23517889 0.40624219
vt 5.9604645e-08 0.50457662
vt 0.97269261 1.0393867
vt 5.9604645e-08 0.55111891
vt 0.85379559 0.41870806
vt 0.9999997 5.9604645e-08
vt 0.72526586 0.45278448
vt 0.042682573 0.44980022
vt -0.45073235 0.4481861
vt -0.00034284592 1.0115989
vt 0.80696833 0.44773307
vt 0.18216005 0.44980022
vt 0.38965309 0.094890475
vt 1.0601245 0.44965625
vt 0.61836308 0.56611747
vt 1.0721117 0.5004189
vt -0.085013226 0.53698963
vt 1.0601245 0.50180167
vt -0.51626837 0.5364421
vt 0.23517889 0.40624219
vt 0.12507126 0.53504556
vt 0.23517889 0.45278448
vt 0.40421939 0.44980022
vt 0.50087911 0.5004189
vt 0.26393265 -0.05322291
vt 0.26393241 1.0599761
vt 0.6666193 0.41180012
vt 0.99634755 1.1376847
vt -0.3062959 0.5001356
vt 0.81962818 0.44980025
vt 0.44040793 0.40706211
vt 0.23517889 0.45278448
vt 0.78345239 0.70916784
vt 0.40397611 0.15644813
vt 1.0000001 1
vt -0.14842905 0.41238776
vt 1 0.203125
vt 0.296875 0.203125
vt 0.94060034 0.44740811
vt 0.73579097 0.50715375
vt 0.78345227 0.30252582
vt 0.74350238 0.50340664
vt 2.9802322e-08 0.40625
vt 1.0721117 0.44980022
vt 1.499269 0.50042623
vt 0.99626094 0.50180167
vt 0.40781161 0.076596797
vt 0.23517889 0.45278448
vt 1.0298796 0.44980025
vt 1 0.203125
vt 0.296875 0.203125
vt 0.70228964 0.44980022
vt 0.055311039 0.50182837
vt -0.3062959 0.41180006
vt 0.702411 0.5004189
vt 0.86452794 0.41587746
vt 0.25911927 0.50013566
vt 0.43528634 0.076600611
vt 0.24637589 1
vt 2.9802322e-08 0.40625
vt 1 0.40625
vt 0.49595416 0.44740817
vt 0.031329896 0.5364421
vt 0.38203567 0.56611705
vt 0.49595416 0.50042635
vt 0.702411 0.44980022
vt -0.51626837 0.4481861
vt 0.99999154 0.44773307
vt 0.99634731 -0.12599152
vt 1.1739689 0.44980025
vt 1 0.203125
vt 0.46736503 0.44980022
vt -0.00093582273 -2.9802322e-08
vt 0.7764321 0.55111891
vt 0.75 0
vt 0.24637589 1
vt 1.0000002 -5.9604645e-08
vt 0.12507126 0.41587743
vt 0.18216005 0.44980022
vt 1.3419377 0.44980025
vt -0.12538493 0.50041884
vt 0.29928625 0.44980022
vt 1.3419377 0.5004189
vt 1.0721117 0.5004189
vt 2.9802322e-08 0.40625
vt 0.59759146 0.5004189
vt 0.7435469 1.12473
vt 0.38377619 0.44773307
vt 0.99695575 0.098960996
vt 0.50087911 0.5004189
vt 0.26393265 -0.05322291
vt 0.26393241 1.0599761
vt 0.097543091 0.5004189
vt 1.432532 0.50042623
vt -0.3062959 0.5001356
vt 0.26393265 0.71542692
vt 0.81962818 0.5004189
vt -0.45073235 0.5001356
vt 2.9802322e-08 0.45278448
vt 1 0.45278448
vt 0.99999976 -5.9604645e-08
vt 0.44040793 0.40706211
vt -0.14842905 0.50182837
vt 1.029933 0.44980025
vt 0.70832837 0.53747004
vt 0.76552641 0.5004189
vt 0.59744745 0.5004189
vt 0.90415424 0.5004189
vt 0.72526586 0.40624219
vt -2.3841858e-07 0.99999976
vt -0.14842905 0.41238776
vt 0.75 0.203125
vt 0.32316756 0.44965622
vt 0.87807256 0.82744312
vt 0.32316753 0.41587743
vt -0.3062959 0.5364421
vt 0.097687304 0.44980022
vt 0.26393265 0.83874393
vt 0.60507929 0.50182837
vt 2.9802322e-08 0.45278448
vt 0.40781161 0.076596797
vt 1 0.45278448
vt 0.91273057 0.33026278
vt 0.5009318 0.5004189
vt 0.75 0.203125
vt 1.0012536 0.064926401
vt -0.45073235 0.5364421
vt 0.49826211 0
vt 0.90417653 0.5004189
vt 0.097686768 0.5004189
vt 0.26420882 0.50715351
vt -0.085013226 0.41238776
vt 0.86452794 0.41587746
vt -1.0430813e-07 1.0000004
vt 0.94060034 0.41028726
vt 1.1976331 0.44980025
vt 1.197633 0.5004189
vt 1 0.45278448
vt 0.90415406 0.44980025
vt 0.81989765 0.44980025
vt 0.34258366 0.08815378
vt 0.29937726 0.44980022
vt 1.2950513 0.44980025
vt 0.99999154 0.53698963
vt 0.29928625 0.5004189
vt 0.14623311 0.41870806
vt 0.62109464 0.10360718
vt 0.68320894 0.5034402
vt 0.81989765 0.5004189
vt 1 0
vt 1.1270607 0.44980025
vt 0.49595416 0.53747004
vt 0.29928625 0.44980022
vt -0.12538493 0.50041884
vt 0.67407715 0.1014771
vt -0.17215842 0.50041884
vt -0.11286631 0.5364421
vt 0 0.55052906
vt 0.74350226 0.70425111
vt 0.5338757 0.30256236
vt 0.66886675 0.44980022
vt 0.99695551 -0.027693748
vt 0.33792275 0.92766857
vt 0.99695575 0.098960996
vt 0.60507929 0.53698963
vt 1.0012019 0.064926609
vt 0.98758566 0.44980025
vt 1 0
vt -0.0003426075 0.70013523
vt 1.2950513 0.5004189
vt 0.49993694 0.59559917
vt 0.59792376 0.44980022
vt 1.432532 0.44740814
vt -0.14842905 0.50182837
vt 1.2855051 0.44740814
vt 0.99626094 0.41587746
vt 1.1920929e-07 1.0000001
vt 0.74350202 0.30256236
vt 0.32316756 0.44965622
vt 0.10432041 0.81162328
vt 0.73589134 0.50715375
vt 1.1739471 0.44980025
vt 0.32316753 0.41587743
vt -0.3062959 0.5364421
vt 0.98758566 0.5004189
vt 1.2855051 0.53746992
vt 0 0
vt 0.5009318 0.5004189
vt 0.50087911 0.44980022
vt -0.45073235 0.5364421
vt 0.14010064 0.44980022
vt 0.59744745 0.44980022
vt 0.74350238 0.18572773
vt -0.12521994 0.50041884
vt 1.1739471 0.5004189
vt 0.70243406 0.44980022
vt 0.7435025 1.0306822
vt 0.94060034 0.41028726
vt -0.00034284592 0.41618007
vt 0.2923938 0.50042635
vt 0 0
vt 0.34258366 0.08815378
vt 1.4992688 0.41028726
vt 0.29928625 0.5004189
vt 0.50173783 1
vt 0.99695575 0.40831438
vt -0.17224926 0.44980022
vt 1.499269 0.44740811
vt 0.68320894 0.5034402
vt 1 -2.3841858e-07
vt -0.0042038113 0.44980022
vt 0.67908669 0.53504556
vt 1.029917 0.5004189
vt 0.67908669 0.50180167
vt -0.11286631 0.5364421
vt 0.67407715 0.1014771
vt 0.74350226 0.70425111
vt 0.50173783 1
vt 0.43038109 0.028921127
vt 0.25895521 0
vt 0.97167099 0.18285394
vt -0.17210627 0.50041884
vt 0.097543091 0.44980022
vt -0.11286631 0.4481861
vt 0.7764321 0.50457662
vt 0.94060034 0.53747004
vt 0.62734348 0.82108563
vt 0.38724911 0.1677247
vt 0.94060034 0.50042635
vt 0.50173783 1
vt 0.055311039 0.41238776
vt 0.25895521 0
vt 0.32316753 0.50180167
vt 0.61794156 0.56611723
vt 0.10432041 0.81162328
vt -2.9802322e-07 -5.9604645e-08
vt 0.25911927 0.5364421
vt 0.7764321 0.50457662
vt 0.37915671 0.060704887
vt 0.64037836 0.10343879
vt 0.60507929 0.44773307
vt 0.98758566 0.5004189
vt -0.0003426075 0.8920185
vt 0.66886675 0.5004189
vt -0.0003426075 0.2053113
vt 0.50078785 0.5004189
vt 0.18206921 0.44980022
vt -0.45073235 0.41180003
vt 0.14010064 0.44980022
vt 0.38724923 0.83874315
vt 0.67908669 0.44965622
vt 1.2855051 0.50042623
vt 0.74350238 0.18572773
vt 0.87807196 0.18425062
vt 0.25895521 0
vt 0.70243406 0.44980022
vt 0.74073184 0.0039062798
vt 0.44058365 0.15644431
vt 0.7764321 0.50457662
vt 0.2923938 0.50042635
vt 0.26393265 0.16772509
vt 0.18221366 0.44980022
vt 1 -1.7881393e-07
vt 1.499269 0.53746992
vt 0.74073184 0.0039062798
vt 1.432532 0.53746992
vt 0.26418269 0.50715375
vt -0.0042038113 0.44980022
vt 0.26562184 0.5004189
vt 0.66672039 0.12938303
vt 0.72081113 -0.023634687
vt 0.50078785 0.44980022
vt 0.90417719 0.44980025
vt 0.26651913 0.55111891
vt 0.066008426 0.95227635
vt 0.99999964 1.0000002
vt 1 0.55111891
vt 1 0
vt 1.1270609 0.5004189
vt -0.14842905 0.53698963
vt 0.40397611 0.12896389
vt 0.18216002 0.5004189
vt 0.10766029 0.2053113
vt 0.097543091 0.44980022
vt 0.54125321 0.50457662
vt -0.0282197 0.50041884
vt 1.1270826 0.5004189
vt -0.11286631 0.4481861
vt 0.671875 0.40625
vt 0.26651913 0.55111891
vt 0.94060034 0.53747004
vt 0.62734348 0.82108563
vt 1 0.55111891
vt 0.42228514 0.17459679
vt 0.6666193 0.50013566
vt 0.54125321 0.50457662
vt 0.38377619 0.50182837
vt 0.25911927 0.5364421
vt 0.81965053 0.5004189
vt 1.0000374 -1.1920929e-07
vt 0.99695575 0.50584662
vt 0.37915671 0.060704887
vt 0.64037836 0.10343879
vt 0.66886675 0.5004189
vt 1.0000002 0.99999988
vt 0.042682573 0.44980022
vt -0.45073235 0.4481861
vt 0.65973353 0.10276884
vt 0.2638841 -0.15544493
vt 0.18221298 0.5004189
vt 0.50078785 0.5004189
vt -0.0003426075 0.2053113
vt 0.67908669 0.44965622
vt 0.62734336 0.18572773
vt -0.085013226 0.53698963
vt 1 1
vt 0.37523174 0.5084818
vt 0.44058365 0.15644431
vt 1.1739689 0.5004189
vt 0.515625 0.203125
vt 0.08719179 0.3302632
vt 1.0601245 0.53504562
vt 0.4485296 0.04721576
vt 0.028306097 0.18285403
vt 0.57220715 0.44980022
vt 0.81962818 0.44980025
vt 0.296875 0.40625
vt 0.26393265 0.16772509
vt 3.7521124e-05 -1.1920929e-07
vt 0.18221366 0.44980022
vt 1 2.3841858e-07
vt 1.0304008 0.5004189
vt 0.78345239 0.70916784
vt 0.75 0.203125
vt 1 1
vt 0.097634017 0.44980022
vt 1.432532 0.53746992
vt 0.75 0
vt 0.49595416 0.41028726
vt 1 0.40624219
vt 0.94060034 0.44740811
vt 0.296875 0.40625
vt 0.74350238 0.50340664
vt 0.28604126 0.41617987
vt 0.32316753 0.53504556
vt 0.40397611 0.12896389
vt 0.18216002 0.5004189
vt 0.75 0.203125
vt 0.75 0
vt 1.0304008 0.44980025
vt 0.59792376 0.5004189
vt 1 0.40624219
vt -0.00034284592 0.0053359321
vt 1.0879757 0.41028726
vt 1.1270826 0.5004189
vt 0.38208419 0.56611764
vt 0.21419853 0
vt 0.296875 0.40625
vt 0.49595416 0.44740817
vt 0.031329896 0.5364421
vt 0.42228514 0.17459679
vt 0.6666193 0.50013566
vt 0.75 0.203125
vt -0.51626837 0.4481861
vt 0.29943079 0.44980022
vt 0.2435853 0.41238776
vt -0.028091073 0.44980022
vt 1.0000002 0.99999976
vt 0.515625 0
vt -0.0003426075 0.12491626
vt 1 0.40624219
vt 0.065491922 0.95241892
vt 0.99695575 0.50584662
vt 0.26418287 0.50715351
vt 0.80696833 0.53698963
vt 0.042682573 0.44980022
vt 0.46713853 0.44818616
vt -0.45073235 0.4481861
vt 0.2638841 -0.15544493
vt 0.18221298 0.5004189
vt 1.3419377 0.44980025
vt 0 0.4066101
vt 1.3419377 0.5004189
vt 0.7435469 -0.1179169
vt 0.38377619 0.53698963
vt 1.0721117 0.5004189
vt 2.9802322e-08 0.40624219
vt 0.38377619 0.44773307
vt 0.515625 0
vt 1.1739689 0.5004189
vt 0 0.203125
vt 0.86452794 0.50180167
vt 0.26393265 -0.05322291
vt 0.99695623 0.82744312
vt 0.29239374 0.44740817
vt 0.57220715 0.5004189
vt 0.50093246 0.44980022
vt 0.4375 0.40625
vt -0.3062959 0.5001356
vt 0.087292165 0.33026278
vt 2.9802322e-08 0.40624219
vt 0.028254449 0.18383661
vt 0.40427226 0.5004189
vt 1.0000001 0
vt 0.70832837 0.53747004
vt 0.59744745 0.5004189
vt 0.097634017 0.44980022
vt 0.515625 0
vt 0.91268182 0.3302632
vt 0.75331122 1
vt 0.49996257 0.59559917
vt 0.72081113 1.0304481
vt 0.68883169 0.60337919
vt 0.26408273 0.50715375
vt 1.2855051 0.41028723
vt 0.70832837 0.50042635
vt 0.9041543 0.44980025
vt 2.9802322e-08 0.40624219
vt -0.064693928 0.44965619
vt 0.26393265 0.83874393
vt 0.26393265 0.92766833
vt 0.40781161 0.076596797
vt 0.28604126 0.41617987
vt 0.32316753 0.53504556
vt 0.25895524 0
vt 1.0000116 2.0861626e-07
vt 0.65954733 0.10330385
vt 0.50173777 1
vt 0.26393265 0.5034402
vt 1.0879757 0.41028726
vt 0.99999976 0
vt 0.86452794 0.41587746
vt 0.26393265 0.605129
vt 0.49595416 0.44740817
vt 0.12507126 0.44965622
vt 0.70832837 0.44740814
vt 1.0304229 0.5004189
vt 0.25895524 0
vt 0.46713853 0.50013566
vt 0.45874679 0.45278448
vt 1 0
vt -0.0003426075 0.12491626
vt 0.50173777 1
vt 0.74350238 0.82108575
vt 0.62109464 0.10360718
vt 5.9604645e-08 -1.1920929e-07
vt 0.46713853 0.44818616
vt 0.671875 0.203125
vt 1.3419377 0.44980025
vt 0.49595416 0.53747004
vt 1.3419377 0.5004189
vt 0.24637583 1
vt 1 0
vt 0.38377619 0.44773307
vt 0.99695551 -0.027693748
vt 0.19685084 0.31679958
vt -0.12527227 0.50041884
vt 0.86452794 0.50180167
vt 0.44040805 0.59975117
vt 0.18206924 0.5004189
vt 0.50093246 0.44980022
vt 1 0.50457662
vt 0.98758566 0.44980025
vt 0.26393265 0.71542692
vt 0.671875 0.203125
vt 1.432532 0.41028723
vt 0.24637583 1
vt 0.28604126 0.60041702
vt 0.9999367 2.0861626e-07
vt 0.26393253 0.29145283
vt 0.92538261 0.91273218
vt 1.2855051 0.44740814
vt 2.9802322e-08 0.203125
vt 0.75331116 1
vt 0.68883169 0.60337919
vt 0.32316756 0.44965622
vt 0.671875 0.203125
vt 0.26562184 0.44980022
vt 0.45874679 0.40624219
vt 0.063065231 0.12491626
vt 0.99999154 0.41238776
vt 0.99695623 0.91273218
vt 0.5009318 0.5004189
vt 2.9802322e-08 0.203125
vt 0 0.203125
vt 0 0
vt 1 0.203125
vt 0.75331116 1
vt 0.48590231 0.29145283
vt 0.21875 0
vt 1.1739471 0.5004189
vt 0.055311039 0.44773307
vt 0.6667785 0.077495456
vt -0.064693928 0.50180167
vt 0.94060034 0.41028726
vt 0.4375 0.203125
vt 0.45874679 0.40624219
vt 0.12507126 0.44965622
vt 2.9802322e-08 0.203125
vt 0.92538249 0.098960996
vt 0.46713853 0.50013566
vt 0 0.203125
vt 1.4992688 0.41028726
vt 0 0
vt 1 0.203125
vt 0.29928625 0.5004189
vt 0.54125321 0.55111891
vt 0.21875 0
vt 1.499269 0.44740811
vt -0.17227119 0.50041884
vt 0.4375 0.203125
vt 0.44058365 0.12896866
vt 0.40780252 0.11320239
vt 0.49595416 0.53747004
vt -1.1920929e-07 1
vt 0.2435853 0.44773307
vt 0.48590243 0.71542692
vt 0.38377619 0.41238776
vt 0.76552641 0.44980022
vt 0.67908669 0.50180167
vt -0.11286631 0.5364421
vt 0 0.203125
vt 0.23517889 0.40624219
vt 0 0
vt -0.11286631 0.5001356
vt 1.0012274 0.064926192
vt 0.54125321 0.55111891
vt 0.99695611 1.0393867
vt 0.26393276 0.40175048
vt 0.18206924 0.5004189
vt 0.21875 0
vt 0.98758566 0.44980025
vt 0.99695623 0.70916784
vt 0.49826199 0
vt 0.28604126 0.60041702
vt 0.21875 0.203125
vt -3.2782555e-07 0
vt 0.19685084 0.70013511
vt 1.2855051 0.44740814
vt 0.21419853 0.203125
vt -0.0003426075 0.60041702
vt 0.38724911 0.1677247
vt -0.00037944317 -0.072636597
vt 0.055311039 0.41238776
vt 0.53387576 0.70425111
vt 0.70832837 0.41028723
vt 0.46713853 0.41180012
vt 0.60507929 0.44773307
vt 0.49826199 0
vt 0.26651913 0.50457662
vt -0.0003426075 0.8920185
vt 0.91275907 0.3302632
vt 0.99999154 0.41238776
vt 0.7764321 0.55111891
vt 0.61431968 0.12989789
vt 1.1269412 0.44980025
vt 0.38724923 0.83874315
vt 0.35014802 0.44980022
vt 0.055311039 0.44773307
vt 0.4303773 0.065070212
vt 0.6667785 0.077495456
vt -0.51626837 0.41180003
vt 0.26651913 0.50457662
vt -0.17218041 0.44980022
vt 0.58455563 0.40175048
vt 5.9604645e-08 0.55111891
vt 0.087269187 0.3302632
vt 0.063065231 0.89201838
vt 0.7764321 0.55111891
vt 0.042682454 0.50041884
vt 0.40421939 0.5004189
vt 0.61789012 0.56611723
vt 0.50001454 0.595599
vt 0.97269189 -0.027693748
vt 0 1
vt -0.0011788011 0.064926609
vt 1.499269 0.44740811
vt -0.0003426075 0.5084818
vt 0.2923938 0.53747004
vt 0.9999997 -1.1920929e-07
vt 5.9604645e-08 0.50457662
vt -0.3062959 0.4481861
vt 0.80696833 0.41238776
vt 0.40780252 0.11320239
vt -0.00034284592 0.31679958
vt 0.26562184 0.5004189
vt -0.064693928 0.4158774
vt 0.40412828 0.5004189
vt 1 -1.0011718e-07
vt 0.70243347 0.5004189
vt 0.38377619 0.41238776
vt 0.097634017 0.5004189
vt 0.76552641 0.44980022
vt 0.6666193 0.53644216
vt 0.028354824 0.18285394
vt 0 1
vt -0.028703213 0.44980022
vt -0.14842905 0.53698963
vt 5.9604645e-08 0.50457662
vt -0.17212766 0.44980022
vt 0.75 0
vt 5.9604645e-08 0.55111891
vt 0.40427282 0.44980022
vt 0.26410803 0.50715375
vt 0.19685084 0.70013511
vt 0.72526586 0.40624219
vt 0.94060034 0.53747004
vt -0.0003426075 0.60041702
vt 0.81965113 0.44980025
vt 0.74350238 0.59975117
vt 0.40289709 0.065516174
vt 0.54161173 0.53504556
vt 0.64029944 0.084128678
vt -2.9825605e-07 -1.1920929e-07
vt 0.75 0
vt 0.25911927 0.44818616
vt 0.296875 0.203125
vt 0.46713853 0.41180012
vt 2.9802322e-08 0.45278448
vt -0.0003426075 0.8920185
vt 0.66886675 0.5004189
vt 0.28859603 1.0597219
vt 0.72526586 0.40624219
vt 0.75 0.203125
vt 0.49826211 0
vt 0.38724923 0.83874315
vt 1.1738343 0.44980025
vt 0.62734336 0.18572773
vt 1.0879757 0.53746992
vt 0.34694028 0.50340712
vt 0.44058365 0.15644431
vt 1 0.203125
vt -0.51626837 0.5001356
vt -0.064693987 0.53504556
vt 0.00093582273 0.40539849
vt -0.17218041 0.44980022
vt 0.296875 0.203125
vt 0.99626094 0.44965625
vt 0.75 0.203125
vt 0.29239374 0.41028726
vt 0.01846981 0.0055300049
vt 0.72526586 0.40624219
vt 0.49826211 0
vt 1 0.40625
vt 0.24637589 1
vt 1.0009358 0.40539843
vt 0.64050096 0.12270868
vt 0.2923938 0.53747004
vt 0.54161173 0.50180167
vt 0.80696833 0.50182837
vt -0.00034284592 0.31679958
vt 0.26562184 0.5004189
vt 0.40412828 0.5004189
vt -0.0012045503 0.064926401
vt 0.99695599 0.30252582
vt 0.097634017 0.5004189
vt 0.6935153 0.40831453
vt 0.24637589 1
vt 0.99695563 0.60337919
vt 0.28859603 -0.052968636
vt -0.12536293 0.44980022
vt 0.49826211 0
vt 1 0.40625
vt -0.14842905 0.53698963
vt 0.74350238 0.90533632
vt 1.1270826 0.44980025
vt -0.17212766 0.44980022
vt -0.12524128 0.44980022
vt 1.0304008 0.44980025
vt 0.40427282 0.44980022
vt 0.29937726 0.5004189
vt 0.46713853 0.53644216
vt 0.74350226 0.1014771
vt 0.70228964 0.5004189
vt 0.031329907 0.5001356
vt 0.6666193 0.44818616
vt 0.54161173 0.53504556
vt 0.81965113 0.44980025
vt 0.29943079 0.44980022
vt 0.74350238 0.59975117
vt 0.065491922 0.95241892
vt 0.59421194 0.50584662
vt 0.7435025 -0.023868755
vt 1 0.45278448
vt 1.0879757 0.53746992
vt 0.065822229 0.95281136
vt 1.1739689 0.5004189
vt 0.99695623 0.82744312
vt 0.57220715 0.5004189
vt 0.99999154 0.50182837
vt -0.00037944317 1.0895715
vt 1 0
vt 0.36106974 0.10646677
vt 0.33792251 0.079084158
vt 0.40427226 0.5004189
vt -0.11286631 0.41180006
vt 0.64050096 0.12270868
vt 0.80696833 0.50182837
vt 0.60507929 0.41238776
vt 1 0
vt 0.28859603 -0.052968636
vt -0.028068721 0.44980022
vt 1.0601245 0.41587746
vt -0.12536293 0.44980022
vt 0.26393265 0.92766833
vt -0.12529439 0.44980022
vt 0.659217 0.10291141
vt 0.65954733 0.10330385
vt -0.12524128 0.44980022
vt 0.59792376 0.5004189
vt 0.25911927 0.41180006
vt 1.0879757 0.41028726
vt 1.1739689 0.5004189
vt 0.26393265 0.605129
vt 1 0
vt 0.46713853 0.53644216
vt 0.8703686 0.5004189
vt 0.2435853 0.50182837
vt 0.61431968 0.077249527
vt 0.6666193 0.44818616
vt 0.70832837 0.44740814
vt -0.085013226 0.50182837
vt 1.0304229 0.5004189
vt -0.0042038113 0.50041884
vt 0.67407733 0.90533632
vt -0.0003426075 0.12491626
vt 1.0879757 0.50042635
vt -0.028559923 0.50041884
vt 0.54161173 0.44965622
vt 0.86452794 0.53504556
vt 0.7435025 -0.023868755
vt 0.46713853 0.44818616
vt 1 0.203125
vt 0.2638841 1.1621974
vt 0.37915671 0.08815378
vt 0.01846981 1.0114049
vt 0.12507126 0.50180167
vt 0.29943013 0.5004189
vt -0.085013226 0.44773307
vt 0.44040805 0.59975117
vt 0.99695623 0.82744312
vt 0.54161173 0.41587746
vt 0.57220715 0.5004189
vt 0.14620441 0.41870785
vt 0.99999154 0.50182837
vt 0.34258366 0.060709655
vt 0.74350238 0.40706211
vt -0.00037944317 1.0895715
vt 0.90415406 0.5004189
vt 0.99695563 0.18425062
vt 0.33792251 0.079084158
vt 0.26393265 0.079084158
vt 0 0
vt 0.92538261 0.91273218
vt -0.0003426075 0.81162339
vt 0.67908669 0.41587746
vt 0.40290177 0.028921127
vt 0.68883169 0.60337919
vt 0.40412828 0.44980022
vt 0.26562184 0.44980022
vt 0.36075103 0.10614961
vt 1.0879757 0.44740811
vt -0.064693928 0.44965619
vt 0.97269261 1.0393867
vt 1 0
vt 1.1270831 0.5004189
vt 0.8703686 0.44980022
vt -0.00034284592 1.0115989
vt 0.38965309 0.094890475
vt 0.80696833 0.44773307
vt 1.0601245 0.44965625
vt 0.25911927 0.41180006
vt 0.50173783 1
vt 1.0601245 0.50180167
vt -0.51626837 0.5364421
vt 0.26393265 0.605129
vt 0.26651913 0.55111891
vt 1 0.55111891
vt 1 0
vt 0.12507126 0.44965622
vt -0.028612494 0.50041884
vt 0.6666193 0.41180012
vt 0.99634755 1.1376847
vt 1.0304229 0.5004189
vt -0.0042038113 0.50041884
vt 0.35014802 0.5004189
vt 0.25895521 0
vt 1.0000371 -2.0861626e-07
vt 0.54161173 0.44965622
vt 0.671875 0.40625
vt 0.40397611 0.15644813
vt 0.26651913 0.55111891
vt 0.86452794 0.53504556
vt 0.7764321 0.50457662
vt 1 0
vt 0.2435853 0.44773307
vt 1 0.55111891
vt 0.78345227 0.30252582
vt 0.12507126 0.50180167
vt 0.29943013 0.5004189
vt -0.085013226 0.44773307
vt 0.9126817 0.3302632
vt 1.0721117 0.44980022
vt 0.99695611 1.0393867
vt 0.26393276 0.40175048
vt 0.99626094 0.50180167
vt 0.18206924 0.5004189
vt 0.055311039 0.53698963
vt 0.671875 0.40625
vt 0.74073184 0.0039062798
vt 0.73586833 0.50715393
vt 0.90415406 0.5004189
vt 0.99695563 0.18425062
vt 0.70228964 0.44980022
vt 0.055311039 0.50182837
vt -0.3062959 0.41180006
vt 0.702411 0.5004189
vt 0.26393265 0.079084158
vt 0.25911927 0.50013566
vt 0.43528634 0.076600611
vt 0.67908669 0.41587746
vt 0.40290177 0.028921127
vt 0.702411 0.44980022
vt 0.74073184 0.0039062798
vt 0.40412828 0.44980022
vt 0.99999154 0.44773307
vt 0.26562184 0.44980022
vt 0.99634731 -0.12599152
vt 0.70832837 0.41028723
vt 1.1739689 0.44980025
vt 1.0879757 0.44740811
vt 0.61431968 0.12989789
vt 1.1269412 0.44980025
vt 0.59759146 0.5004189
vt 0.087266445 0.3302632
vt 0.21419853 0
vt -0.51626837 0.41180003
vt 0.50087911 0.5004189
vt 0.58455563 0.40175048
vt 0.74073178 0.0039062798
vt 0.097543091 0.5004189
vt -0.028612494 0.50041884
vt 0.40421939 0.5004189
vt 0.35014802 0.5004189
vt -0.45073235 0.5001356
vt 1.0009358 0.20482585
vt 0.97269189 -0.027693748
vt 1.029933 0.44980025
vt 0.76552641 0.5004189
vt 0.21419853 0
vt 0.90415424 0.5004189
vt 1 1
vt -0.3062959 0.4481861
vt -0.14842905 0.41238776
vt 0.515625 0.203125
vt -0.064693928 0.4158774
vt 0.74073178 0.0039062798
vt 0.87807256 0.82744312
vt 0.60507929 0.50182837
vt 0 0.203125
vt 1.0721117 0.44980022
vt 0.99695611 1.0393867
vt 0.86452794 0.44965625
vt 1 1
vt 0.4375 0.40625
vt 0.515625 0.203125
vt 0.097686768 0.5004189
vt 0.14010064 0.50041884
vt 0.74073178 0.0039062798
vt 0.055311039 0.50182837
vt -0.085013226 0.41238776
vt 0.19685084 0.70013511
vt 0.25911927 0.50013566
vt 0.296875 0.40625
vt 1.1976331 0.44980025
vt 1.197633 0.5004189
vt 0 0.55052894
vt 0.40289709 0.065516174
vt 0 0.203125
vt 0.90415406 0.44980025
vt 0.75 0.203125
vt 0.59759194 0.44980022
vt 0.29937726 0.44980022
vt 1 1
vt 1.2950513 0.44980025
vt 0.99999154 0.53698963
vt 0.515625 0.203125
vt 0.4375 0.40625
vt 0.53387576 0.70425111
vt 0.70832837 0.41028723
vt 0.99634731 -0.12599152
vt 0.031329907 0.4481861
vt 0.75 0
vt 2.9802322e-08 0.40624219
vt 0.28859603 1.0597219
vt 0.81989765 0.5004189
vt 0.296875 0.40625
vt 0.028228283 0.18285434
vt 1.1269412 0.44980025
vt 1.1270607 0.44980025
vt 0 0.203125
vt 0.29928625 0.44980022
vt 0.75331122 1
vt 0.75 0.203125
vt -0.17215842 0.50041884
vt 0.59759146 0.5004189
vt 0.66886675 0.44980022
vt 0.33792275 0.92766857
vt 0.4375 0.40625
vt 0.5338757 0.30256236
vt 1 0.40624219
vt 5.9604645e-08 0
vt 0.99695575 0.098960996
vt -0.064693987 0.53504556
vt -0.17218041 0.44980022
vt 0.60507929 0.53698963
vt 0.45874679 0.45278448
vt 0.25895524 0
vt 0.01846981 0.0055300049
vt 1.2950513 0.5004189
vt -0.45073235 0.5001356
vt 0.75331122 1
vt 1.432532 0.44740814
vt -0.14842905 0.50182837
vt -0.0003426075 0.5084818
vt 0.99626094 0.41587746
vt -0.3062959 0.4481861
vt -0.064693928 0.4158774
vt 0.40412828 0.5004189
vt 0.74350202 0.30256236
vt 0.031329907 0.41180006
vt 0.2435853 0.53698963
vt 0.99695599 0.30252582
vt 0.097634017 0.5004189
vt 0.45874679 0.45278448
vt 1.1739471 0.44980025
vt -0.3062959 0.5364421
vt 1.2855051 0.53746992
vt 0.515625 0
vt -2.3841858e-07 -1.1920929e-07
vt 0.50087911 0.44980022
vt -0.45073235 0.5364421
vt 0.59744745 0.44980022
vt 0.14010064 0.50041884
vt 0.99626094 0.53504562
vt -0.12521994 0.50041884
vt 0.29937726 0.5004189
vt -0.085013226 0.41238776
vt 1 0
vt 0 0.4066101
vt 0.7435025 1.0306822
vt -0.00034284592 0.41618007
vt 0.031329907 0.5001356
vt 0.40289709 0.065516174
vt 0.29937726 0.44980022
vt 0.46736509 0.5004189
vt 0.671875 0.203125
vt 0.031329907 0.4481861
vt 0.99695575 0.40831438
vt -0.17224926 0.44980022
vt 0.68320894 0.5034402
vt 0.28859603 1.0597219
vt 0.81989765 0.5004189
vt 0.67908669 0.53504556
vt 0 0
vt 1 0.203125
vt 1.029917 0.5004189
vt 0.97174597 0.18285394
vt 0.66886675 0.44980022
vt 0.74350226 0.70425111
vt 0.5338757 0.30256236
vt 0.43528634 0.11320144
vt 0.45874679 0.40624219
vt 0.43038109 0.028921127
vt 0.60507929 0.53698963
vt 0.91270745 0.33026278
vt -0.17210627 0.50041884
vt 0.36106974 0.10646677
vt 0.08721751 0.3302632
vt 1.2950513 0.5004189
vt -0.11286631 0.41180006
vt 0 0
vt 1.432532 0.44740814
vt 0.50001156 0.59559917
vt 0.64050096 0.12270868
vt 0.4375 0.203125
vt 0.50173777 1
vt 0.60507929 0.41238776
vt 0.94060034 0.50042635
vt 1 0.50457662
vt 0.32316753 0.50180167
vt 0.031329907 0.41180006
vt 0.99695563 0.60337919
vt 0.28859603 -0.052968636
vt 1.0601245 0.41587746
vt 0 0
vt 0.98758566 0.5004189
vt 0.54125321 0.55111891
vt 0.21875 0
vt 0.14625558 0.41870785
vt 0.18206921 0.44980022
vt 0.659217 0.10291141
vt 0.50087911 0.44980022
vt -0.45073235 0.41180003
vt 0.14010064 0.44980022
vt 0.4375 0.203125
vt 1.2855051 0.50042623
vt 0.99626094 0.53504562
vt 0.74350238 0.18572773
vt 0.87807196 0.18425062
vt 1.1739689 0.5004189
vt 1 0.50457662
vt 0.70243406 0.44980022
vt 0.21875 0.203125
vt 0.21419853 0.203125
vt 0.2435853 0.50182837
vt 0.61431968 0.077249527
vt 0.70228964 0.5004189
vt -0.14842905 0.44773307
vt 0.031329907 0.5001356
vt -0.00034284592 0.41618007
vt 0.24637583 1
vt 0.54125321 0.55111891
vt 0.67407733 0.90533632
vt 0.46736509 0.5004189
vt 1.0879757 0.50042635
vt 0.028328568 0.18383682
vt 0.49826199 0
vt 1 0.50457662
vt 0.21875 0.203125
vt -4.7683716e-07 1.0000002
vt 0.21419853 0.203125
vt 0.2638841 1.1621974
vt 0.37915671 0.08815378
vt 0.01846981 1.0114049
vt 0.50078785 0.44980022
vt 0.90417719 0.44980025
vt 0.72081113 -0.023634687
vt 0.58455575 0.60512865
vt -1.9744039e-07 1.0000002
vt 1.029917 0.5004189
vt 1 0.203125
vt 0 0
vt 0.066008426 0.95227635
vt 0.75331116 1
vt 1.499269 0.50042623
vt 0.49826199 0
vt 0.26651913 0.50457662
vt 1.1270609 0.5004189
vt 0.72526586 0.45278448
vt 0.10766029 0.2053113
vt 0.34258366 0.060709655
vt 0.097543091 0.44980022
vt 0.74350238 0.40706211
vt -0.0282197 0.50041884
vt -0.00037944317 1.0895715
vt 0.33792251 0.079084158
vt -0.11286631 0.4481861
vt 0.36106974 0.10646677
vt 0.21419853 0.203125
vt 1 0.203125
vt 0 0.203125
vt 0.23517889 0.40624219
vt 0.97171986 0.18285424
vt 0 0
vt 0.62734348 0.82108563
vt 0.26651913 0.50457662
vt 0.94060034 0.50042635
vt 0.72526586 0.45278448
vt 0.7764321 0.55111891
vt 0.38377619 0.50182837
vt 0.81965053 0.5004189
vt 0.97269261 1.0393867
vt 0.64037836 0.10343879
vt 0.65973353 0.10276884
vt -0.00034284592 1.0115989
vt 0.18206921 0.44980022
vt 0.23517889 0.40624219
vt 0.25911927 0.41180006
vt 0.67908669 0.44965622
vt 1.2855051 0.50042623
vt -0.085013226 0.53698963
vt -0.51626837 0.5364421
vt 0.72526586 0.45278448
vt 0.37523174 0.5084818
vt 0.12507126 0.53504556
vt 0.40421939 0.44980022
vt 0.028328985 0.18285394
vt 0.38208753 0.56611723
vt -0.14842905 0.44773307
vt 1.0601245 0.53504562
vt 0.4485296 0.04721576
vt 0.6666193 0.41180012
vt 0.57220715 0.44980022
vt 0.23517889 0.40624219
vt 0.81962818 0.44980025
vt 0.23517889 0.45278448
vt 0.97164536 0.18285403
vt 0.26393265 0.16772509
vt 1.0879757 0.50042635
vt 1.0304008 0.5004189
vt 0.78345239 0.70916784
vt 0.40397611 0.15644813
vt 1.432532 0.53746992
vt 0.49595416 0.41028726
vt 0.37915671 0.08815378
vt 0.94060034 0.44740811
vt 0.78345227 0.30252582
vt 0.23517889 0.45278448
vt 0.26410845 0.50715351
vt 0.29943013 0.5004189
vt 0.74350238 0.50340664
vt 1 0.203125
vt 0.91278231 0.33026278
vt 1.499269 0.50042623
vt 0.40397611 0.12896389
vt 0.10766029 0.2053113
vt 1.0298796 0.44980025
vt -0.0282197 0.50041884
vt 2.9802322e-08 0.40625
vt -0.00034284592 0.0053359321
vt 0.70228964 0.44980022
vt 1.1270826 0.5004189
vt -0.3062959 0.41180006
vt 0.23517889 0.45278448
vt 0.43528634 0.076600611
vt 0.99906415 0.20502236
vt 1 0.203125
vt 0.031329896 0.5364421
vt 0.42228514 0.17459679
vt 0.6666193 0.50013566
vt 0.49595416 0.50042635
vt 0.702411 0.44980022
vt -0.51626837 0.4481861
vt 0.2435853 0.41238776
vt -0.028091073 0.44980022
vt 1.1739689 0.44980025
vt 2.9802322e-08 0.40625
vt 1 0.40625
vt 0.46736503 0.44980022
vt 0.80696833 0.53698963
vt 0.042682573 0.44980022
vt -0.45073235 0.4481861
vt -0.00034284592 1.0115989
vt 0.12507126 0.41587743
vt 0.18216005 0.44980022
vt 0.38377619 0.53698963
vt -0.12538493 0.50041884
vt 0 1
vt 1.0721117 0.5004189
vt 1 0.203125
vt 0.7435469 1.12473
vt 5.9604645e-08 0.50457662
vt 0.75 0
vt 0.40421939 0.44980022
vt 2.9802322e-08 0.40625
vt 0.26393265 -0.05322291
vt 1 0.40625
vt 0.26393241 1.0599761
vt 2.9802322e-08 0.45278448
vt 0.097543091 0.5004189
vt 0.29239374 0.44740817
vt 1.0601245 0.53504562
vt 1.432532 0.50042623
vt -0.3062959 0.5001356
vt 0.72526586 0.40624219
vt 1.0000633 -2.9802322e-08
vt 0.81962818 0.5004189
vt 0.44040793 0.40706211
vt 0.70832837 0.53747004
vt 0.76552641 0.5004189
vt 0.59744745 0.5004189
vt 0.49595416 0.41028726
vt 2.9802322e-08 0.45278448
vt 1 0.45278448
vt 1.2855051 0.41028723
vt 0.70832837 0.50042635
vt 0.9041543 0.44980025
vt 0.72526586 0.40624219
vt 0.097687304 0.44980022
vt 0.75 0.203125
vt 0.49826211 0
vt 0.26393265 0.83874393
vt 0.40781161 0.076596797
vt 0.32316753 0.53504556
vt 0.90417653 0.5004189
vt 0.097686768 0.5004189
vt 2.9802322e-08 0.45278448
vt -0.00034284592 0.0053359321
vt 0.70228964 0.44980022
vt 0.055311039 0.50182837
vt 1 0.45278448
vt 0.86452794 0.41587746
vt 0.75 0.203125
vt 0.43528634 0.076600611
vt 0.49826211 0
vt 0.49595416 0.44740817
vt 0.031329896 0.5364421
vt 0.81989765 0.44980025
vt 0.34258366 0.08815378
vt -0.51626837 0.4481861
vt 0.49595416 0.50042635
vt 1.2950513 0.44980025
vt -2.3841858e-07 -1.5366822e-07
vt 1 0.45278448
vt 0.74350238 0.82108575
vt 0.62109464 0.10360718
vt 1.3419377 0.44980025
vt -0.12538493 0.50041884
vt 0.29928625 0.44980022
vt 1.3419377 0.5004189
vt -2.1327287e-07 1.0000002
vt 0.67407715 0.1014771
vt 0.38377619 0.44773307
vt 0.99695551 -0.027693748
vt 1 0
vt 0.86452794 0.50180167
vt 0.99695575 0.098960996
vt 0.097543091 0.5004189
vt -0.0012536645 0.064926609
vt 0.26393265 0.71542692
vt -0.0003426075 0.70013523
vt 0.81962818 0.5004189
vt 0.91275966 0.33026278
vt 1.432532 0.41028723
vt 0.59792376 0.44980022
vt 0.26393253 0.29145283
vt -0.14842905 0.50182837
vt 0.70832837 0.53747004
vt 0.76552641 0.5004189
vt 0.59744745 0.5004189
vt 0.32316756 0.44965622
vt 0.32316753 0.41587743
vt -0.3062959 0.5364421
vt 0.097687304 0.44980022
vt 0.26393265 0.83874393
vt 0.063065231 0.12491626
vt 0.5009318 0.5004189
vt 0.99695623 0.91273218
vt -0.45073235 0.5364421
vt 0.59744745 0.44980022
vt 0.90417653 0.5004189
vt 0.097686768 0.5004189
vt 0.48590231 0.29145283
vt 1.1739471 0.5004189
vt 0 0
vt -0.064693928 0.50180167
vt 0.94060034 0.41028726
vt 1.1976331 0.44980025
vt 0.2923938 0.50042635
vt 0.34258366 0.08815378
vt 0.92538249 0.098960996
vt 1.4992688 0.41028726
vt 0.29928625 0.5004189
vt -0.17224926 0.44980022
vt 0 0
vt -0.17227119 0.50041884
vt -0.0042038113 0.44980022
vt 0.49595416 0.53747004
vt 0.48590243 0.71542692
vt 0.50173783 1
vt 0.67908669 0.50180167
vt 0.67407715 0.1014771
vt -0.11286631 0.5364421
vt 0.66886675 0.44980022
vt 0.74350226 0.70425111
vt 0.5338757 0.30256236
vt -0.17215842 0.50041884
vt 0.49998567 0.59559882
vt 0.98758566 0.44980025
vt 0.99695623 0.70916784
vt -0.0003426075 0.70013523
vt 0.50173783 1
vt 0.59792376 0.44980022
vt 1.2855051 0.44740814
vt 0.38724911 0.1677247
vt -0.00037944317 -0.072636597
vt 0.055311039 0.41238776
vt 0.7764321 0.50457662
vt 5.9604645e-08 0.55111891
vt 0.10432041 0.81162328
vt 0.25911927 0.5364421
vt 0.515625 0.203125
vt 0.37915671 0.060704887
vt 0.60507929 0.44773307
vt 0.98758566 0.5004189
vt 0.063065231 0.12491626
vt 0.25895521 0
vt 0.50078785 0.5004189
vt 0.14010064 0.44980022
vt 0.59744745 0.44980022
vt 0.7764321 0.50457662
vt 0.74350238 0.18572773
vt -0.12521994 0.50041884
vt 1.1739471 0.5004189
vt 0.35014802 0.44980022
vt 0.70243406 0.44980022
vt 0.4303773 0.065070212
vt 0.7435025 1.0306822
vt 0.2923938 0.50042635
vt 0.25895521 0
vt 0.74073184 0.0039062798
vt 0.063065231 0.89201838
vt 1.4992688 0.41028726
vt 0.99996233 -1.1920929e-07
vt 1.499269 0.53746992
vt 0.99695575 0.40831438
vt 1.499269 0.44740811
vt -0.0042038113 0.44980022
vt 0.80696833 0.41238776
vt 0.44058365 0.12896866
vt 1 0
vt 0.66672039 0.12938303
vt 0.72081113 -0.023634687
vt 0.70243347 0.5004189
vt 0.38377619 0.41238776
vt 0.76552641 0.44980022
vt 0.6666193 0.53644216
vt -0.028703213 0.44980022
vt 0.26651913 0.55111891
vt 0.18216002 0.5004189
vt 0.097543091 0.44980022
vt 1 0.55111891
vt -0.11286631 0.4481861
vt 1 0
vt 0.54125321 0.50457662
vt 0.94060034 0.53747004
vt 0.62734348 0.82108563
vt 0.38724911 0.1677247
vt 0.94060034 0.50042635
vt 0.64029944 0.084128678
vt 0.055311039 0.41238776
vt 0.671875 0.40625
vt 0.26651913 0.55111891
vt 0.38377619 0.50182837
vt 0.25911927 0.5364421
vt 0.25911927 0.44818616
vt 1 0.55111891
vt 0.46713853 0.41180012
vt 0.37915671 0.060704887
vt 0.64037836 0.10343879
vt 0.60507929 0.44773307
vt -0.0003426075 0.8920185
vt 0.65973353 0.10276884
vt 0.66886675 0.5004189
vt 0.50078785 0.5004189
vt -0.0003426075 0.2053113
vt 0.18206921 0.44980022
vt 0.18221298 0.5004189
vt 0.54125321 0.50457662
vt 0.38724923 0.83874315
vt 0.67908669 0.44965622
vt 1.1738343 0.44980025
vt 0.62734336 0.18572773
vt 0.671875 0.40625
vt 0.34694028 0.50340712
vt -0.0011762977 0.064926609
vt -0.0011271238 0.064926192
vt 0.44058365 0.15644431
vt 0.99626094 0.44965625
vt 0.54125321 0.50457662
vt 1 1
vt 0.29239374 0.41028726
vt 0.18221366 0.44980022
vt 1.0304008 0.5004189
vt 1.499269 0.53746992
vt 1.432532 0.53746992
vt 0.296875 0.40625
vt 0.54161173 0.50180167
vt -0.00034284592 0.31679958
vt 0.26562184 0.5004189
vt 0.66672039 0.12938303
vt 0.75 0.203125
vt 0.75 0
vt 0.6935153 0.40831453
vt 0.6666193 0.53644216
vt 1 0.40624219
vt -0.028703213 0.44980022
vt 0.28604126 0.41617987
vt 0.74350238 0.90533632
vt 1.1270826 0.44980025
vt 0.40397611 0.12896389
vt -0.14842905 0.53698963
vt -0.17212766 0.44980022
vt 1.0304008 0.44980025
vt 0.18216002 0.5004189
vt 0.10766029 0.2053113
vt 0.296875 0.40625
vt 1.1270826 0.5004189
vt 0.74073178 0.0039062798
vt 1.0012045 0.064926609
vt 0.75 0.203125
vt 0.26416031 0.50715375
vt 0.75 0
vt 1 0.40624219
vt 0.6666193 0.50013566
vt 0.81965113 0.44980025
vt 0.54161173 0.53504556
vt 0.29943079 0.44980022
vt 0.2435853 0.41238776
vt 0.38377619 0.50182837
vt 0.21419853 0
vt 0.25911927 0.44818616
vt 0.065491922 0.95241892
vt 0.99695575 0.50584662
vt 0.74073178 0.0039062798
vt 0.042682573 0.44980022
vt -0.45073235 0.4481861
vt 0.515625 0
vt 0.2638841 -0.15544493
vt 0.18221298 0.5004189
vt 1 0.40624219
vt 0.7435469 -0.1179169
vt 1.0879757 0.53746992
vt 0.4375 0.40625
vt 0.14625591 0.41870785
vt 0.028277099 0.18285394
vt 1.1739689 0.5004189
vt 2.9802322e-08 0.40624219
vt 0.50093246 0.44980022
vt 0.515625 0
vt 0.29239374 0.41028726
vt 0.40427226 0.5004189
vt 0 0.203125
vt 1.0304008 0.5004189
vt 0.4375 0.40625
vt 0.85381877 0.41870785
vt 0.097634017 0.44980022
vt 2.9802322e-08 0.40624219
vt 0.54161173 0.50180167
vt 0.49595416 0.41028726
vt 1.0011759 0.064926401
vt 0.72081113 1.0304481
vt 1.2855051 0.41028723
vt 0.70832837 0.50042635
vt 0.9041543 0.44980025
vt 0.6935153 0.40831453
vt 0.25895524 0
vt 0.75331122 1
vt -0.028068721 0.44980022
vt 0.26393265 0.92766833
vt -0.12529439 0.44980022
vt 0.28604126 0.41617987
vt 0.32316753 0.53504556
vt 0.73581713 0.50715351
vt 2.9802322e-08 0.40624219
vt 1.0304008 0.44980025
vt 0.65954733 0.10330385
vt 0.59792376 0.5004189
vt 0.26393265 0.5034402
vt -0.00034284592 0.0053359321
vt 1.0879757 0.41028726
vt 0.45874679 0.45278448
vt 0.25895524 0
vt 0.46713853 0.53644216
vt 0.75331122 1
vt 0.50173777 1
vt 0.85374391 0.41870785
vt 0 0.4066101
vt 0.70832837 0.44740814
vt 0.29943079 0.44980022
vt 0.2435853 0.41238776
vt -0.0003426075 0.12491626
vt 0.74350238 0.82108575
vt 0.065491922 0.95241892
vt -0.028559923 0.50041884
vt 0.45874679 0.45278448
vt 1 0
vt 0.80696833 0.53698963
vt 0.25895524 0
vt 0.7435025 -0.023868755
vt 0.46713853 0.44818616
vt 0.38377619 0.53698963
vt 0.50173777 1
vt 0.7435469 -0.1179169
vt -0.00093588233 0.20502236
vt 0.19685084 0.31679958
vt -0.12527227 0.50041884
vt 0.86452794 0.50180167
vt 0.44040805 0.59975117
vt 0.99695623 0.82744312
vt 0.24637583 1
vt 0.57220715 0.5004189
vt 0.50093246 0.44980022
vt 1 0
vt 1.432532 0.41028723
vt 0.92538261 0.91273218
vt -0.0003426075 0.81162339
vt 0.70832837 0.53747004
vt 0.671875 0.203125
vt 0.24637583 1
vt 0.72081113 1.0304481
vt 0.68883169 0.60337919
vt 1 0
vt 1.2855051 0.41028723
vt 0.70832837 0.50042635
vt 2.9802322e-08 0.203125
vt 0.36075103 0.10614961
vt -0.028068721 0.44980022
vt -0.064693928 0.44965619
vt 0.75331116 1
vt 0.26393265 0.92766833
vt 1.1270831 0.5004189
vt 0.8703686 0.44980022
vt 0.85381877 0.41870785
vt 0.99695623 0.91273218
vt 0.80696833 0.44773307
vt 0.65954733 0.10330385
vt 0.671875 0.203125
vt 0.26393265 0.5034402
vt 0.45874679 0.40624219
vt 0.4375 0.203125
vt 1.0601245 0.50180167
vt 0.6667785 0.077495456
vt -0.064693928 0.50180167
vt 0.26393265 0.605129
vt 2.9802322e-08 0.203125
vt 0 0.203125
vt 0 0
vt 1 0.203125
vt 0 0
vt 0.75331116 1
vt 0.54125321 0.55111891
vt 0.12507126 0.44965622
vt 0.70832837 0.44740814
vt 1.0304229 0.5004189
vt 0.21875 0
vt 0.99634755 1.1376847
vt 0.92538249 0.098960996
vt 0.46713853 0.50013566
vt 0.4375 0.203125
vt 1.475215e-05 -1.1920929e-07
vt 0.74350238 0.82108575
vt 0.45874679 0.40624219
vt -1.7881393e-07 1
vt 0.54161173 0.44965622
vt 2.9802322e-08 0.203125
vt 0 0.203125
vt 1 0.203125
vt 0 0
vt 1.4901161e-08 1
vt 0.49595416 0.53747004
vt 0.2435853 0.44773307
vt 0.75331116 1
vt 0.54125321 0.55111891
vt 0.21875 0
vt 0.99999976 0.99999988
vt 3.7282705e-05 -2.0861626e-07
vt 0.19685084 0.31679958
vt -0.11286631 0.5001356
vt -0.085013226 0.44773307
vt 0.4375 0.203125
vt 0.44040805 0.59975117
vt 0.26393276 0.40175048
vt 0.99626094 0.50180167
vt 0.18206924 0.5004189
vt 0.055311039 0.53698963
vt 0.21875 0.203125
vt 0.49826199 0
vt 0.14623013 0.41870806
vt 0.21419853 0.203125
vt 0.90415406 0.5004189
vt 0.99695563 0.18425062
vt 1.432532 0.41028723
vt 0.28604126 0.60041702
vt 0.702411 0.5004189
vt 0.54125321 0.55111891
vt 0.21875 0
vt 0.92538261 0.91273218
vt 0.91278183 0.3302632
vt 0.49826199 0
vt 0.21875 0.203125
vt 0.7764321 0.55111891
vt 0.21419853 0.203125
vt 0.99999154 0.44773307
vt 0.26562184 0.44980022
vt 1.0879757 0.44740811
vt 1.1270831 0.5004189
vt 0.063065231 0.12491626
vt 0.99999154 0.41238776
vt 0.99695623 0.91273218
vt 0.61431968 0.12989789
vt 0.26651913 0.50457662
vt 0.49826199 0
vt 1.1739471 0.5004189
vt 0.35014802 0.44980022
vt 0.055311039 0.44773307
vt 0.4303773 0.065070212
vt 0.6667785 0.077495456
vt 0.7764321 0.55111891
vt -0.51626837 0.41180003
vt 0.61794114 0.56611764
vt 0.58455563 0.40175048
vt 0.063065231 0.89201838
vt -0.028612494 0.50041884
vt 0.042682454 0.50041884
vt 0.40421939 0.5004189
vt 0.35014802 0.5004189
vt 0.26651913 0.50457662
vt 0.97269189 -0.027693748
vt 5.9604645e-08 0.55111891
vt 1.029933 0.44980025
vt 1.499269 0.44740811
vt 0.7764321 0.55111891
vt 0.2923938 0.53747004
vt 0.90415424 0.5004189
vt 0.72526586 0.45278448
vt 0.14615571 0.41870806
vt 0.80696833 0.41238776
vt 0.40780252 0.11320239
vt 0.44058365 0.12896866
vt 0 1
vt 0.2435853 0.44773307
vt 0.70243347 0.5004189
vt 0.38377619 0.41238776
vt 0.76552641 0.44980022
vt 5.9604645e-08 0.50457662
vt 0.75 0
vt -0.11286631 0.5001356
vt 0.60507929 0.50182837
vt 5.9604645e-08 0.55111891
vt 0.99695611 1.0393867
vt 0.86452794 0.44965625
vt 0.26393276 0.40175048
vt 0.50003713 0.59559917
vt 0.99695623 0.70916784
vt 0 1
vt 0.19685084 0.70013511
vt 5.9604645e-08 0.50457662
vt 0.75 0
vt -0.0003426075 0.60041702
vt 0.38724911 0.1677247
vt 0.64029944 0.084128678
vt 0.055311039 0.41238776
vt 0.90415406 0.44980025
vt 5.9604645e-08 0.55111891
vt 0.59759194 0.44980022
vt 0.99999154 0.53698963
vt 0.53387576 0.70425111
vt 0.70832837 0.41028723
vt 0.46713853 0.41180012
vt 0.60507929 0.44773307
vt 0.61431968 0.12989789
vt 1.1269412 0.44980025
vt 1.1270607 0.44980025
vt 0.296875 0.203125
vt 2.9802322e-08 0.45278448
vt 0.34694028 0.50340712
vt 0.4303773 0.065070212
vt 0.33792275 0.92766857
vt 0.72526586 0.40624219
vt 0.75 0.203125
vt -0.51626837 0.41180003
vt -0.51626837 0.5001356
vt -0.064693987 0.53504556
vt -0.17218041 0.44980022
vt 0.58455563 0.40175048
vt 0.49826211 0
vt 1 0.40625
vt 0.063065231 0.89201838
vt 0.042682454 0.50041884
vt 0.01846981 0.0055300049
vt 1 0.203125
vt 0.296875 0.203125
vt -0.0003426075 0.5084818
vt 0.2923938 0.53747004
vt 0.99626094 0.41587746
vt 0.99906415 2.9802322e-08
vt -0.3062959 0.4481861
vt 0.49826211 0
vt 1 0.40625
vt -0.064693928 0.4158774
vt 0.26562184 0.5004189
vt 0.24637589 1
vt 0.40412828 0.5004189
vt 0.70243347 0.5004189
vt 0.2435853 0.53698963
vt 0.99695599 0.30252582
vt 0.097634017 0.5004189
vt 0.6666193 0.53644216
vt 1.1739471 0.44980025
vt -0.12536293 0.44980022
vt 0.85371792 0.41870806
vt 0.296875 0.203125
vt 0.86452794 0.44965625
vt 1.2855051 0.53746992
vt 0.74350238 0.90533632
vt 1.1270826 0.44980025
vt -0.17212766 0.44980022
vt 0.24637589 1
vt 1 0.40625
vt 0.14010064 0.50041884
vt 0.40427282 0.44980022
vt 1 0.55052906
vt 0.29937726 0.5004189
vt 0.74350226 0.1014771
vt 0.40289709 0.065516174
vt 0.74350238 0.59975117
vt 0.64029944 0.084128678
vt 0.59759194 0.44980022
vt 0.24637589 1
vt 0.25911927 0.44818616
vt 1 0.45278448
vt 0.26415718 0.50715375
vt 0.031329907 0.4481861
vt 0.59421194 0.50584662
vt 0.28859603 1.0597219
vt 1.1738343 0.44980025
vt 1.0879757 0.53746992
vt 0.065822229 0.95281136
vt 0.34694028 0.50340712
vt 1 0.45278448
vt 0.43528634 0.11320144
vt 0.43038109 0.028921127
vt 0.99626094 0.44965625
vt 0.99999154 0.50182837
vt -0.17210627 0.50041884
vt 0.29239374 0.41028726
vt 0.01846981 0.0055300049
vt -0.11286631 0.41180006
vt 0.64050096 0.12270868
vt 1 0
vt 0.54161173 0.50180167
vt 0.80696833 0.50182837
vt 0.60507929 0.41238776
vt 0.32316753 0.50180167
vt 0.031329907 0.41180006
vt 0.2435853 0.53698963
vt 0.99695563 0.60337919
vt 0.28859603 -0.052968636
vt 1.0601245 0.41587746
vt -0.12536293 0.44980022
vt -0.12529439 0.44980022
vt 1.1270826 0.44980025
vt 1 0
vt 0.659217 0.10291141
vt -0.12524128 0.44980022
vt -0.45073235 0.41180003
vt 0.99626094 0.53504562
vt 0.87807196 0.18425062
vt 1.1739689 0.5004189
vt 0.29937726 0.5004189
vt 0.46713853 0.53644216
vt 0.8703686 0.5004189
vt 0.74350226 0.1014771
vt 0.2435853 0.50182837
vt 0.61431968 0.077249527
vt 0.70228964 0.5004189
vt 0.031329907 0.5001356
vt -0.085013226 0.50182837
vt 0.6666193 0.44818616
vt -0.0042038113 0.50041884
vt 1 0
vt 0.67407733 0.90533632
vt 0.46736509 0.5004189
vt 0.065491922 0.95241892
vt 1.001205 0.064926192
vt 0.00093588233 0.40539843
vt 0.2638841 1.1621974
vt 0.01846981 1.0114049
vt -0.001175642 0.064926401
vt 0.50078785 0.44980022
vt 0.90417719 0.44980025
vt 0.12507126 0.50180167
vt 0.58455575 0.60512865
vt 0.065822229 0.95281136
vt 0.50003731 0.59559917
vt 0.066008426 0.95227635
vt 0.43528634 0.11320144
vt 0.99695623 0.82744312
vt 0.54161173 0.41587746
vt 1.1270609 0.5004189
vt 0.99999154 0.50182837
vt 0.34258366 0.060709655
vt 0.74350238 0.40706211
vt -0.00037944317 1.0895715
vt 0.36106974 0.10646677
vt 0.33792251 0.079084158
vt 0.40290177 0.028921127
vt 0 0
vt 0.40412828 0.44980022
vt 0.36075103 0.10614961
vt 0.81965053 0.5004189
vt 1.0601245 0.41587746
vt 0.97269261 1.0393867
vt 0.50173783 1
vt 0.38965309 0.094890475
vt 0.659217 0.10291141
vt 0.65954733 0.10330385
vt 1.0601245 0.44965625
vt 0.25911927 0.41180006
vt 1 0
vt -0.085013226 0.53698963
vt 1.0601245 0.50180167
vt -0.51626837 0.5364421
vt 0.12507126 0.53504556
vt 0.8703686 0.5004189
vt 0.2435853 0.50182837
vt 0.50173783 1
vt -0.14842905 0.44773307
vt 0.4485296 0.04721576
vt 0.6666193 0.41180012
vt 0.57220715 0.44980022
vt -0.0042038113 0.50041884
vt 0.81962818 0.44980025
vt 0.67407733 0.90533632
vt 1.0879757 0.50042635
vt 0.7764321 0.50457662
vt -0.028559923 0.50041884
vt 1 0
vt 0.54161173 0.44965622
vt 1 0.55111891
vt 0.78345239 0.70916784
vt 0.40397611 0.15644813
vt 0.97174579 0.18285383
vt 0.86452794 0.53504556
vt 0.37915671 0.08815378
vt 0.01846981 1.0114049
vt 0.94060034 0.44740811
vt 0.25895521 0
vt 0.671875 0.40625
vt 0.78345227 0.30252582
vt 0.12507126 0.50180167
vt 0.58455575 0.60512865
vt 0.38211009 0.56611705
vt 0.29943013 0.5004189
vt 0.74350238 0.50340664
vt -0.085013226 0.44773307
vt 0.7764321 0.50457662
vt 1.499269 0.50042623
vt 0.99626094 0.50180167
vt 0.54161173 0.41587746
vt 0.34258366 0.060709655
vt 0.74350238 0.40706211
vt -2.7893111e-07 -1.7881393e-07
vt 1.0298796 0.44980025
vt 0.90415406 0.5004189
vt 0.25895521 0
vt 0.26393265 0.079084158
vt -0.3062959 0.41180006
vt 0.74073184 0.0039062798
vt 0.92538261 0.91273218
vt -0.0003426075 0.81162339
vt 0.67908669 0.41587746
vt 0.40290177 0.028921127
vt 0.702411 0.44980022
vt -0.028091073 0.44980022
vt 0.40412828 0.44980022
vt 0.99999154 0.44773307
vt 0.36075103 0.10614961
vt 0.99634731 -0.12599152
vt -1.7881393e-07 1.0000002
vt 1.1739689 0.44980025
vt 1.0879757 0.44740811
vt 0.97269261 1.0393867
vt 0.46736503 0.44980022
vt 1.1270831 0.5004189
vt 0.74073184 0.0039062798
vt -0.00034284592 1.0115989
vt 0.80696833 0.44773307
vt 0.12507126 0.41587743
vt 0.18216005 0.44980022
vt 1.0601245 0.44965625
vt 1.0721117 0.5004189
vt 0.7435469 1.12473
vt 1.0601245 0.50180167
vt -0.51626837 0.5364421
vt 0.12507126 0.53504556
vt 0.40421939 0.44980022
vt 0.50087911 0.5004189
vt 0.26393265 -0.05322291
vt 0.26393241 1.0599761
vt 0.29239374 0.44740817
vt -0.028612494 0.50041884
vt 0.6666193 0.41180012
vt 1.432532 0.50042623
vt -0.3062959 0.5001356
vt 0.99634755 1.1376847
vt 0.21419853 0
vt 0.35014802 0.5004189
vt 0.087217927 0.33026278
vt 0.44040793 0.40706211
vt 1.029933 0.44980025
vt 0.40397611 0.15644813
vt 0.90415424 0.5004189
vt -0.14842905 0.41238776
vt 1.0000002 -1.1944212e-07
vt 0.2435853 0.44773307
vt 0.78345227 0.30252582
vt 0.54125321 0.50457662
vt 0.21419853 0
vt 1 1
vt 0.515625 0.203125
vt 0.87807256 0.82744312
vt 0.60507929 0.50182837
vt 1.0721117 0.44980022
vt 0.74073178 0.0039062798
vt 0.99626094 0.50180167
vt 0.40781161 0.076596797
vt 0.61791289 0.56611723
vt 1.0298796 0.44980025
vt 0 0.203125
vt -0.0012532473 0.06492649
vt 0.70228964 0.44980022
vt 0.055311039 0.50182837
vt -0.3062959 0.41180006
vt 1 1
vt 0.86452794 0.41587746
vt 0.25911927 0.50013566
vt 0.43528634 0.076600611
vt 1.197633 0.5004189
vt 0.515625 0.203125
vt 0.4375 0.40625
vt 0.23517889 0.40624219
vt 0.81989765 0.44980025
vt 0.49595416 0.50042635
vt 0.29937726 0.44980022
vt 1.2950513 0.44980025
vt 0.99999154 0.53698963
vt 0.296875 0.40625
vt 0.99634731 -0.12599152
vt 0.70832837 0.41028723
vt 1.1739689 0.44980025
vt 0 0.203125
vt 0.46736503 0.44980022
vt 0.75 0.203125
vt 0.62109464 0.10360718
vt 1 1
vt 0.4375 0.40625
vt 0.81989765 0.5004189
vt 0.515625 0.203125
vt 0.75 0
vt 0.12507126 0.41587743
vt 1.1269412 0.44980025
vt 1.1270607 0.44980025
vt -0.12538493 0.50041884
vt 0.29928625 0.44980022
vt 0.18216005 0.44980022
vt 1 0.40624219
vt 0.59759146 0.5004189
vt 0.7435469 1.12473
vt 0.33792275 0.92766857
vt 0.99695551 -0.027693748
vt 0.296875 0.40625
vt -0.51626837 0.41180003
vt 0.75331122 1
vt 0.99695575 0.098960996
vt 0.50087911 0.5004189
vt 0.60507929 0.53698963
vt 0.097543091 0.5004189
vt 0.75 0.203125
vt 1.432532 0.50042623
vt 0.75 0
vt 0.26393265 0.71542692
vt 1.2950513 0.5004189
vt 0.81962818 0.5004189
vt -0.45073235 0.5001356
vt 1 0.40624219
vt 0.44040793 0.40706211
vt 1.029933 0.44980025
vt -0.14842905 0.50182837
vt 0.45874679 0.45278448
vt 0.76552641 0.5004189
vt 0.25895524 0
vt 0.99626094 0.41587746
vt 0.90415424 0.5004189
vt 0.74350202 0.30256236
vt 0.32316756 0.44965622
vt 0.515625 0
vt 1.1739471 0.44980025
vt 0.87807256 0.82744312
vt 0.32316753 0.41587743
vt -0.3062959 0.5364421
vt 0.097687304 0.44980022
vt 0.91270781 0.33026278
vt 0.86452794 0.44965625
vt 0.45874679 0.45278448
vt 0.5009318 0.5004189
vt 0.50087911 0.44980022
vt -0.45073235 0.5364421
vt 0.90417653 0.5004189
vt 0.097686768 0.5004189
vt -0.085013226 0.41238776
vt 0 2.3841858e-07
vt 0.515625 0
vt 0.94060034 0.41028726
vt 1.1976331 0.44980025
vt 1.197633 0.5004189
vt -0.00034284592 0.41618007
vt 0.81989765 0.44980025
vt 0.34258366 0.08815378
vt 0.29937726 0.44980022
vt 0.59759194 0.44980022
vt 1.2950513 0.44980025
vt 0.99999154 0.53698963
vt 0.29928625 0.5004189
vt 0.031329907 0.4481861
vt -0.17224926 0.44980022
vt 0.68320894 0.5034402
vt 0.81989765 0.5004189
vt 1.1593103e-05 2.0861626e-07
vt -0.17227119 0.50041884
vt 0.67908669 0.53504556
vt 1.1270607 0.44980025
vt 0.2641831 0.50715375
vt 0.48590243 0.71542692
vt 0.29928625 0.44980022
vt 0.67908669 0.50180167
vt 0.67407715 0.1014771
vt -0.11286631 0.5364421
vt 0.66886675 0.44980022
vt 0.74350226 0.70425111
vt 0.5338757 0.30256236
vt -0.17215842 0.50041884
vt 0 0
vt 0.43038109 0.028921127
vt 0.60507929 0.53698963
vt -0.17210627 0.50041884
vt 1.4901161e-08 1
vt -0.0003426075 0.70013523
vt 1.2950513 0.5004189
vt 0.50173777 1
vt 0.45874679 0.40624219
vt 0.59792376 0.44980022
vt 1.432532 0.44740814
vt -0.14842905 0.50182837
vt 0.14625609 0.41870785
vt 0.99626094 0.41587746
vt -0.00037944317 -0.072636597
vt 0 0
vt 0.74350202 0.30256236
vt 0.031329907 0.41180006
vt 0.2435853 0.53698963
vt 1.001127 0.06492649
vt 0.10432041 0.81162328
vt 1.1739471 0.44980025
vt 0.4375 0.203125
vt 0.32316753 0.41587743
vt -0.3062959 0.5364421
vt 0.50173777 1
vt 0.98758566 0.5004189
vt -3.5762787e-07 1.0000001
vt 1.2855051 0.53746992
vt 1 0.50457662
vt 0.50087911 0.44980022
vt -0.45073235 0.5364421
vt -0.45073235 0.41180003
vt 0.14010064 0.44980022
vt 0.59744745 0.44980022
vt 1.2855051 0.50042623
vt 0.99626094 0.53504562
vt -2.3865141e-07 1
vt 0.74350238 0.18572773
vt 0.87807196 0.18425062
vt -0.12521994 0.50041884
vt 0.70243406 0.44980022
vt 0 0
vt 0.24637583 1
vt 0.7435025 1.0306822
vt 0.54125321 0.55111891
vt 1.0000142 2.0861626e-07
vt -0.00034284592 0.41618007
vt 0.2923938 0.50042635
vt 1 0.50457662
vt 1.0000371 8.9406967e-08
vt 0.21875 0.203125
vt 0.46736509 0.5004189
vt 0.21419853 0.203125
vt 0.24637583 1
vt 0.99695575 0.40831438
vt -0.17224926 0.44980022
vt -0.0042038113 0.44980022
vt 0.67908669 0.53504556
vt 0.50078785 0.44980022
vt 0.90417719 0.44980025
vt 0.72081113 -0.023634687
vt 1 0.50457662
vt 1.029917 0.5004189
vt 0.21875 0.203125
vt 0.49826199 0
vt 0.74350226 0.70425111
vt 0.066008426 0.95227635
vt 0.671875 0.203125
vt 0.43528634 0.11320144
vt 0.21419853 0.203125
vt 1.1270609 0.5004189
vt 1 0.203125
vt 0.00093588233 0.20482585
vt -0.17210627 0.50041884
vt 0.097543091 0.44980022
vt 0.36106974 0.10646677
vt 0 0.203125
vt 0 0
vt 0.75331116 1
vt -0.11286631 0.4481861
vt 0.26651913 0.50457662
vt 0.7764321 0.55111891
vt 0.94060034 0.53747004
vt 0.62734348 0.82108563
vt 0.45874679 0.40624219
vt 0.94060034 0.50042635
vt 1 0.203125
vt 0 0.203125
vt 1.1920929e-07 0.99999988
vt 0.25911927 0.5364421
vt 0.81965053 0.5004189
vt 0 0
vt 0.23517889 0.40624219
vt 1.0601245 0.41587746
vt 0.37915671 0.060704887
vt 0.64037836 0.10343879
vt 0.66886675 0.5004189
vt 0.65973353 0.10276884
vt -0.0003426075 0.2053113
vt 0.50078785 0.5004189
vt 0.18206921 0.44980022
vt 0.72526586 0.45278448
vt -0.45073235 0.41180003
vt 1.2855051 0.50042623
vt 0.67908669 0.44965622
vt 0.74350238 0.18572773
vt 0.62734336 0.18572773
vt 0.87807196 0.18425062
vt 0.70243406 0.44980022
vt 0.37523174 0.5084818
vt 0.44058365 0.15644431
vt 0.23517889 0.40624219
vt 0.2435853 0.50182837
vt -0.14842905 0.44773307
vt 1.0601245 0.53504562
vt 0.4485296 0.04721576
vt 0.57220715 0.44980022
vt 0.72526586 0.45278448
vt 0.81962818 0.44980025
vt 0.26393265 0.16772509
vt 0.18221366 0.44980022
vt 1.499269 0.53746992
vt 0.78345239 0.70916784
vt 1.0000147 -1.1920929e-07
vt 0.23517889 0.40624219
vt 1.432532 0.53746992
vt 0.01846981 1.0114049
vt 0.66672039 0.12938303
vt 0.50078785 0.44980022
vt 0.72081113 -0.023634687
vt 0.90417719 0.44980025
vt 0.74350238 0.50340664
vt 0.066008426 0.95227635
vt 1.499269 0.50042623
vt 0.23517889 0.45278448
vt 0.40397611 0.12896389
vt 0.18216002 0.5004189
vt 0.10766029 0.2053113
vt 0.097543091 0.44980022
vt 0.34258366 0.060709655
vt -0.0282197 0.50041884
vt 1 0.203125
vt 1.1270826 0.5004189
vt -0.11286631 0.4481861
vt 0.62734348 0.82108563
vt 2.9802322e-08 0.40625
vt 0.42228514 0.17459679
vt 0.6666193 0.50013566
vt 0.23517889 0.45278448
vt -0.028091073 0.44980022
vt 0.38377619 0.50182837
vt 1 0.203125
vt 0.99695575 0.50584662
vt 0 1
vt 1.0430813e-07 1.0000005
vt 0.65973353 0.10276884
vt 0.042682573 0.44980022
vt -0.45073235 0.4481861
vt 5.9604645e-08 0.50457662
vt 0.2638841 -0.15544493
vt 0.18221298 0.5004189
vt 2.9802322e-08 0.40625
vt 5.9604645e-08 0.55111891
vt 0.75 0
vt 0.67908669 0.44965622
vt 1 0.40625
vt -0.085013226 0.53698963
vt 0.37523174 0.5084818
vt 1.1739689 0.5004189
vt 0.40421939 0.44980022
vt 0 1
vt 0.29239374 0.44740817
vt 1.0601245 0.53504562
vt 0.57220715 0.44980022
vt -0.3062959 0.5001356
vt 0.81962818 0.44980025
vt 5.9604645e-08 0.50457662
vt 0.75 0
vt 0.40427226 0.5004189
vt 2.9802322e-08 0.40625
vt 2.9802322e-08 0.45278448
vt 0.18221366 0.44980022
vt 1.0304008 0.5004189
vt 0.78345239 0.70916784
vt 0.59744745 0.5004189
vt 0.097634017 0.44980022
vt 0.72526586 0.40624219
vt 0.75 0.203125
vt 0.49595416 0.41028726
vt 0.9041543 0.44980025
vt 0.74350238 0.50340664
vt 2.9802322e-08 0.45278448
vt 0.26393265 0.83874393
vt 1 0.45278448
vt 0.40781161 0.076596797
vt 0.28604126 0.41617987
vt 0.32316753 0.53504556
vt 0.40397611 0.12896389
vt 0.75 0.203125
vt 0.72526586 0.40624219
vt 0.59792376 0.5004189
vt 1.0298796 0.44980025
vt 0.49826211 0
vt -0.00034284592 0.0053359321
vt 1.0879757 0.41028726
vt 1.1270826 0.5004189
vt -0.3062959 0.41180006
vt 2.9802322e-08 0.45278448
vt 0.49595416 0.44740817
vt 0.031329896 0.5364421
vt 0.42228514 0.17459679
vt 0.49595416 0.50042635
vt 1 0.45278448
vt -0.51626837 0.4481861
vt -3.6925077e-05 -1.1920929e-07
vt 0.2435853 0.41238776
vt 0.72526586 0.40624219
vt 0.75 0.203125
vt -1.4156103e-05 -1.1920929e-07
vt -0.0003426075 0.12491626
vt 1.1739689 0.44980025
vt 0.99695575 0.50584662
vt 0.49826211 0
vt 0.46736503 0.44980022
vt 5.9604645e-08 0.99999958
vt 0.80696833 0.53698963
vt 0.46713853 0.44818616
vt 0.12507126 0.41587743
vt 0.2638841 -0.15544493
vt 1.3419377 0.44980025
vt 0.38377619 0.53698963
vt 1.3419377 0.5004189
vt 0.7435469 -0.1179169
vt 0.18216005 0.44980022
vt 1.0721117 0.5004189
vt 0.7435469 1.12473
vt 0.38377619 0.44773307
vt 0.99695551 -0.027693748
vt -0.12527227 0.50041884
vt 0.86452794 0.50180167
vt 0.26393265 -0.05322291
vt 0.028328657 0.18285394
vt 0.38205856 0.56611723
vt 0.29239374 0.44740817
vt 0.50093246 0.44980022
vt 1.432532 0.50042623
vt 0.26393265 0.71542692
vt 0.81962818 0.5004189
vt 0.26393253 0.29145283
vt 0.70832837 0.53747004
vt 0.76552641 0.5004189
vt 0.59744745 0.5004189
vt 0.85438073 0.41870785
vt 0.72081113 1.0304481
vt 0.68883169 0.60337919
vt 0.32316756 0.44965622
vt 1.2855051 0.41028723
vt 0.70832837 0.50042635
vt 0.9041543 0.44980025
vt 0.097687304 0.44980022
vt -0.064693928 0.44965619
vt 0.26393265 0.83874393
vt 0.8703686 0.44980022
vt 0.5009318 0.5004189
vt 1.0000001 5.9604645e-08
vt 0.32316753 0.53504556
vt 0.90417653 0.5004189
vt 0.26393265 0.5034402
vt 0.48590231 0.29145283
vt -0.064693928 0.50180167
vt 0.94060034 0.41028726
vt 0.12507126 0.44965622
vt 0.34258366 0.08815378
vt 0.81989765 0.44980025
vt 0 0
vt 0.92538249 0.098960996
vt 0.46713853 0.50013566
vt 1.2950513 0.44980025
vt -3.7461519e-05 8.9406967e-08
vt 0.74350238 0.82108575
vt 0.62109464 0.10360718
vt -0.17227119 0.50041884
vt 0.49595416 0.53747004
vt 0.48590243 0.71542692
vt 0 0
vt 0.67407715 0.1014771
vt -0.11286631 0.5364421
vt 0.99695551 -0.027693748
vt 0.38377619 0.44773307
vt 0.19685084 0.31679958
vt -0.12527227 0.50041884
vt 0.86452794 0.50180167
vt 0.50173783 1
vt 0.18206924 0.5004189
vt 0.055311039 0.53698963
vt 0.98758566 0.44980025
vt 0.26393265 0.71542692
vt -0.0003426075 0.70013523
vt 1.432532 0.41028723
vt 0.28604126 0.60041702
vt 0.49993694 0.59559917
vt 0.59792376 0.44980022
vt 1 1.0000005
vt 0.26393253 0.29145283
vt 1.2855051 0.44740814
vt 0.85384446 0.41870785
vt -1.6391277e-07 -5.9604645e-08
vt -0.00037944317 -0.072636597
vt 0.50173783 1
vt 0.32316756 0.44965622
vt 0.063065231 0.12491626
vt 0.99999154 0.41238776
vt 0.99695623 0.91273218
vt 0.5009318 0.5004189
vt 0.59744745 0.44980022
vt 0.48590231 0.29145283
vt 0.25895521 0
vt 1.1739471 0.5004189
vt 0.35014802 0.44980022
vt 0.055311039 0.44773307
vt 0.6667785 0.077495456
vt -0.064693928 0.50180167
vt 0.7764321 0.50457662
vt 0.40421939 0.5004189
vt 0.92538249 0.098960996
vt 0.46713853 0.50013566
vt 1.4992688 0.41028726
vt 0.85379601 0.41870785
vt 0.97269189 -0.027693748
vt 1.499269 0.44740811
vt -0.17227119 0.50041884
vt 0.80696833 0.41238776
vt 0.40780252 0.11320239
vt 0.44058365 0.12896866
vt 0.48590243 0.71542692
vt 0.38377619 0.41238776
vt 0.76552641 0.44980022
vt 0.67908669 0.50180167
vt -0.11286631 0.5001356
vt 1 0.55111891
vt 1 0
vt -0.028703213 0.44980022
vt 0.99695623 0.70916784
vt 0.28604126 0.60041702
vt 0.671875 0.40625
vt 0.26651913 0.55111891
vt 0.19685084 0.70013511
vt 1.2855051 0.44740814
vt 0.087240607 0.33026278
vt -0.0003426075 0.60041702
vt 0.38724911 0.1677247
vt 1 0.55111891
vt -0.00037944317 -0.072636597
vt 0.055311039 0.41238776
vt 1 0
vt 0.54125321 0.50457662
vt 0.25911927 0.5364421
vt 0.38200971 0.56611764
vt 0.53387576 0.70425111
vt 0.46713853 0.41180012
vt 0.60507929 0.44773307
vt 0.671875 0.40625
vt -0.0003426075 0.8920185
vt 0.26651913 0.55111891
vt 0.99999154 0.41238776
vt 0.50078785 0.5004189
vt 1 0.55111891
vt 0.38724923 0.83874315
vt 0.62734336 0.18572773
vt 0.35014802 0.44980022
vt 0.055311039 0.44773307
vt 0.4303773 0.065070212
vt 0.44058365 0.15644431
vt 0.70243406 0.44980022
vt 0.54125321 0.50457662
vt -0.51626837 0.5001356
vt -0.064693987 0.53504556
vt -0.17218041 0.44980022
vt 0.671875 0.40625
vt 0.063065231 0.89201838
vt 0.26651913 0.55111891
vt 0.042682454 0.50041884
vt 1.499269 0.53746992
vt 0.14618143 0.41870785
vt 1.499269 0.44740811
vt -0.0003426075 0.5084818
vt 0.2923938 0.53747004
vt 0.54125321 0.50457662
vt 0.80696833 0.41238776
vt -0.00034284592 0.31679958
vt 0.26562184 0.5004189
vt 0.66672039 0.12938303
vt 0.40412828 0.5004189
vt 0.70243347 0.5004189
vt 0.38377619 0.41238776
vt 0.99695599 0.30252582
vt 0.097634017 0.5004189
vt 0.6935153 0.40831453
vt 0.6666193 0.53644216
vt 0.76552641 0.44980022
vt 0.296875 0.40625
vt -0.028703213 0.44980022
vt -0.14842905 0.53698963
vt 0.74350238 0.90533632
vt 0.18216002 0.5004189
vt -0.17212766 0.44980022
vt 1 0.40624219
vt 0.40427282 0.44980022
vt 0.21419853 0
vt 0.94060034 0.53747004
vt -0.0003426075 0.60041702
vt 0.81965113 0.44980025
vt 0.74350238 0.59975117
vt 0.64029944 0.084128678
vt 0.54161173 0.53504556
vt 0.74073178 0.0039062798
vt 0.25911927 0.44818616
vt 1 0.40624219
vt 0.46713853 0.41180012
vt 0.59421194 0.50584662
vt 0.21419853 0
vt 0.38724923 0.83874315
vt 0.74073178 0.0039062798
vt 1.1738343 0.44980025
vt 0.62734336 0.18572773
vt 1.0879757 0.53746992
vt 0.34694028 0.50340712
vt 0.515625 0
vt 0.08719179 0.3302632
vt 1.1739689 0.5004189
vt 0.99695599 0.30252582
vt -0.51626837 0.5001356
vt 0 0.203125
vt 0.99626094 0.44965625
vt 0.4375 0.40625
vt 0.29239374 0.41028726
vt 2.9802322e-08 0.40624219
vt 0.99993706 -2.9802322e-08
vt -0.11286631 0.41180006
vt 0.74073178 0.0039062798
vt 0.515625 0
vt 0.64050096 0.12270868
vt 0.54161173 0.50180167
vt 0.80696833 0.50182837
vt 0 0.203125
vt 0.60507929 0.41238776
vt -0.00034284592 0.31679958
vt 0.26562184 0.5004189
vt 0.75331122 1
vt 0.4375 0.40625
vt 0.6935153 0.40831453
vt 2.9802322e-08 0.40624219
vt 0.99695563 0.60337919
vt 0.28859603 -0.052968636
vt -0.028068721 0.44980022
vt -0.12536293 0.44980022
vt -0.12529439 0.44980022
vt 0.74350238 0.90533632
vt 1.1270826 0.44980025
vt 0.25895524 0
vt -0.12524128 0.44980022
vt 0.59792376 0.5004189
vt 1.0304008 0.44980025
vt 0.75331122 1
vt 0.40427282 0.44980022
vt 1.1739689 0.5004189
vt 2.9802322e-08 0.40624219
vt 0.46713853 0.53644216
vt 0.74350226 0.1014771
vt 0.61431968 0.077249527
vt 0.70228964 0.5004189
vt 0.6666193 0.44818616
vt 0.81965113 0.44980025
vt -0.085013226 0.50182837
vt 0.54161173 0.53504556
vt 0.29943079 0.44980022
vt 0.74350238 0.59975117
vt 0.25895524 0
vt 0.45874679 0.45278448
vt -0.0003426075 0.12491626
vt 0.75331122 1
vt 0.065491922 0.95241892
vt 0.99695575 0.50584662
vt 0.50173777 1
vt 0.59421194 0.50584662
vt 0.7435025 -0.023868755
vt 0.46713853 0.44818616
vt 0.2638841 -0.15544493
vt 0.2638841 1.1621974
vt 0.7435469 -0.1179169
vt 0.45874679 0.45278448
vt 1.0879757 0.53746992
vt 0.065822229 0.95281136
vt 0.25895524 0
vt 1 0
vt 0.85440671 0.41870806
vt 0.50173777 1
vt 0.99695623 0.82744312
vt 0.57220715 0.5004189
vt 0.99999154 0.50182837
vt -0.00037944317 1.0895715
vt 0.40427226 0.5004189
vt 0.33792251 0.079084158
vt 0.24637583 1
vt 1 0
vt 0.80696833 0.50182837
vt 0.72081113 1.0304481
vt 0.671875 0.203125
vt -0.028068721 0.44980022
vt -0.064693928 0.44965619
vt 0.24637583 1
vt 0.26393265 0.92766833
vt -0.12529439 0.44980022
vt 0.028302729 0.18285434
vt 0.8703686 0.44980022
vt 1 0
vt 0.38965309 0.094890475
vt -0.12524128 0.44980022
vt 0.65954733 0.10330385
vt 0.73589158 0.50715351
vt 0.26393265 0.5034402
vt 1 0.40625
vt 0.25911927 0.41180006
vt 0.75331116 1
vt 0.26393265 0.605129
vt 0.46713853 0.53644216
vt 0.8703686 0.5004189
vt 0.671875 0.203125
vt 0.45874679 0.40624219
vt 0.6666193 0.44818616
vt 0.12507126 0.44965622
vt 0.70832837 0.44740814
vt 1.0304229 0.5004189
vt -0.0042038113 0.50041884
vt -0.085013226 0.50182837
vt 2.9802322e-08 0.203125
vt 0 0.203125
vt 1 0.203125
vt 0 0
vt 0.74350238 0.82108575
vt 0 0
vt -0.028559923 0.50041884
vt 0.75331116 1
vt 0.54161173 0.44965622
vt 0.54125321 0.55111891
vt 0.21875 0
vt 0.86452794 0.53504556
vt 0.7435025 -0.023868755
vt 0.4375 0.203125
vt 0.45874679 0.40624219
vt 0.12507126 0.50180167
vt 2.9802322e-08 0.203125
vt 0 0.203125
vt 0.29943013 0.5004189
vt 0.19685084 0.31679958
vt -0.12527227 0.50041884
vt -0.085013226 0.44773307
vt 0.21875 0.203125
vt 0.44040805 0.59975117
vt 0.99695623 0.82744312
vt 0.18206924 0.5004189
vt 0.54161173 0.41587746
vt 0.055311039 0.53698963
vt 0.57220715 0.5004189
vt 0.54125321 0.55111891
vt 0.21875 0
vt 0.4375 0.203125
vt 0.90415406 0.5004189
vt 0.99695563 0.18425062
vt 1.432532 0.41028723
vt 0.702411 0.5004189
vt 0.26393265 0.079084158
vt 0.92538261 0.91273218
vt -0.0003426075 0.81162339
vt 0.21875 0.203125
vt 1.0000001 1.0000002
vt 0.67908669 0.41587746
vt 0.21419853 0.203125
vt 0.40290177 0.028921127
vt 0.54125321 0.55111891
vt 0.21875 0
vt 0.702411 0.44980022
vt 0.68883169 0.60337919
vt 0.40412828 0.44980022
vt 0.99999154 0.44773307
vt 0.26562184 0.44980022
vt 0.36075103 0.10614961
vt 1.0879757 0.44740811
vt 0.26651913 0.50457662
vt 0.49826199 0
vt 1.1270831 0.5004189
vt 0.8703686 0.44980022
vt 0.21875 0.203125
vt 0.38965309 0.094890475
vt 0.21419853 0.203125
vt 0.80696833 0.44773307
vt 1.0601245 0.44965625
vt 1.0601245 0.50180167
vt 0.26651913 0.50457662
vt 0.49826199 0
vt 0.26393241 1.0599761
vt 0.12507126 0.44965622
vt -0.028612494 0.50041884
vt 1.0000002 -1.1920929e-07
vt 0.99634755 1.1376847
vt 0.46713853 0.50013566
vt 1.0304229 0.5004189
vt 0.7764321 0.55111891
vt 0.35014802 0.5004189
vt 0.72526586 0.45278448
vt 0.97269189 -0.027693748
vt 0.8538183 0.41870785
vt 0.85374433 0.41870785
vt 0.54161173 0.44965622
vt 0.86452794 0.53504556
vt -0.14842905 0.41238776
vt 0.26651913 0.50457662
vt 5.9604645e-08 0.55111891
vt 0.2435853 0.44773307
vt 0.72526586 0.45278448
vt 0.7764321 0.55111891
vt -0.11286631 0.5001356
vt 0.60507929 0.50182837
vt -0.085013226 0.44773307
vt 1.0721117 0.44980022
vt 0.99695611 1.0393867
vt 0.26393276 0.40175048
vt 0.99626094 0.50180167
vt 0.18206924 0.5004189
vt 0.055311039 0.53698963
vt 0 1
vt 0.23517889 0.40624219
vt 5.9604645e-08 0.50457662
vt 0.75 0
vt 0.90415406 0.5004189
vt 0.99695563 0.18425062
vt 5.9604645e-08 0.55111891
vt 0.28604126 0.60041702
vt 0.055311039 0.50182837
vt 0.702411 0.5004189
vt 0.26393265 0.079084158
vt 0.72526586 0.45278448
vt 0.19685084 0.70013511
vt 0.25911927 0.50013566
vt 0 1
vt 0.90415406 0.44980025
vt 0.61796433 0.56611723
vt 5.9604645e-08 0.50457662
vt 0.75 0
vt 0.99999154 0.44773307
vt 0.53387576 0.70425111
vt 0.70832837 0.41028723
vt 0.99634731 -0.12599152
vt 1.0879757 0.44740811
vt 5.9604645e-08 0.55111891
vt 0.99999154 0.41238776
vt 0.61431968 0.12989789
vt 1.1269412 0.44980025
vt 0.23517889 0.45278448
vt 0.35014802 0.44980022
vt 0.59759146 0.5004189
vt 0.4303773 0.065070212
vt 0.33792275 0.92766857
vt 0.055311039 0.44773307
vt -0.51626837 0.41180003
vt 1 0.203125
vt -0.17218041 0.44980022
vt 0.99695575 0.098960996
vt 0.50087911 0.5004189
vt 0.58455563 0.40175048
vt 0.296875 0.203125
vt 0.26408273 0.50715393
vt 0.042682454 0.50041884
vt 0.40421939 0.5004189
vt 0.75 0.203125
vt -0.45073235 0.5001356
vt 0.97269189 -0.027693748
vt 0.49826211 0
vt 1 0.40625
vt 1.029933 0.44980025
vt 0.23517889 0.45278448
vt -0.0003426075 0.5084818
vt 0.2923938 0.53747004
vt 0.90415424 0.5004189
vt -0.3062959 0.4481861
vt -0.14842905 0.41238776
vt 1 0.203125
vt -0.064693928 0.4158774
vt 0.296875 0.203125
vt 0.40412828 0.5004189
vt 0.99695599 0.30252582
vt 0.097634017 0.5004189
vt 0.24637589 1
vt 0.87807256 0.82744312
vt 0.60507929 0.50182837
vt 2.9802322e-08 0.40625
vt 1.0721117 0.44980022
vt 0.99695611 1.0393867
vt 0.86452794 0.44965625
vt 1 0.40625
vt 0.296875 0.203125
vt 0.14010064 0.50041884
vt -0.085013226 0.41238776
vt 0.25911927 0.50013566
vt 0.24637589 1
vt 1.1976331 0.44980025
vt 1.197633 0.5004189
vt 1 0.40625
vt 0.40289709 0.065516174
vt 0.64029944 0.084128678
vt 0.90415406 0.44980025
vt 0.59759194 0.44980022
vt 0.29937726 0.44980022
vt 0.99999154 0.53698963
vt 0.53387576 0.70425111
vt 0.70832837 0.41028723
vt 0.031329907 0.4481861
vt 0.68320894 0.5034402
vt 0.28859603 1.0597219
vt 0.81989765 0.5004189
vt 0.24637589 1
vt 1.0012277 0.064926401
vt 1 0.45278448
vt 1.1270607 0.44980025
vt -0.17215842 0.50041884
vt 0.59759146 0.5004189
vt 0.66886675 0.44980022
vt 0.33792275 0.92766857
vt 0.5338757 0.30256236
vt -0.51626837 0.5001356
vt -0.064693987 0.53504556
vt -0.17218041 0.44980022
vt 0.43038109 0.028921127
vt 0.60507929 0.53698963
vt 0.97167134 0.18383652
vt 0.01846981 0.0055300049
vt 1.2950513 0.5004189
vt -0.11286631 0.41180006
vt 0.4485296 0.04721576
vt -0.45073235 0.5001356
vt 1 0.45278448
vt 1.432532 0.44740814
vt 0.64050096 0.12270868
vt 0.99626094 0.41587746
vt -1.7881393e-07 1.1920929e-07
vt 0.40412828 0.5004189
vt 0.74350202 0.30256236
vt 0.32316753 0.50180167
vt 0.031329907 0.41180006
vt 1 0.55052906
vt 0.10432041 0.81162328
vt 0.2435853 0.53698963
vt 1.1739471 0.44980025
vt 0.99695563 0.60337919
vt -0.00093582273 0.20502236
vt 0.28859603 -0.052968636
vt -0.12536293 0.44980022
vt 0.98758566 0.5004189
vt 1.2855051 0.53746992
vt 0.74350238 0.90533632
vt 1.1270826 0.44980025
vt 1.0000002 -5.9604645e-08
vt 0.659217 0.10291141
vt 0.50087911 0.44980022
vt 0.14010064 0.44980022
vt 0.14010064 0.50041884
vt 0.99626094 0.53504562
vt 0.40427282 0.44980022
vt -0.12521994 0.50041884
vt 1.1739689 0.5004189
vt 0.29937726 0.5004189
vt 1 0
vt 0.7435025 1.0306822
vt 0.74350226 0.1014771
vt 0.61431968 0.077249527
vt 0.70228964 0.5004189
vt 0.031329907 0.5001356
vt -0.00034284592 0.41618007
vt 0.74350238 0.59975117
vt 0.97172296 0.18285403
vt 0.46736509 0.5004189
vt 0.73591745 0.50715375
vt 0.99695575 0.40831438
vt 0.68320894 0.5034402
vt 0.59421194 0.50584662
vt 1 0
vt 0.67908669 0.53504556
vt 1.0879757 0.53746992
vt 0.58455575 0.60512865
vt 1.029917 0.5004189
vt 0.065822229 0.95281136
vt 0.43528634 0.11320144
vt 0.43038109 0.028921127
vt 1.1270609 0.5004189
vt 0.99999154 0.50182837
vt 0.61793858 0.56611747
vt 0.74350238 0.40706211
vt -0.17210627 0.50041884
vt 0.36106974 0.10646677
vt -0.11286631 0.41180006
vt 0 0
vt 1.432532 0.44740814
vt 0.80696833 0.50182837
vt 0.60507929 0.41238776
vt 0.94060034 0.50042635
vt 0.32316753 0.50180167
vt 0.031329907 0.41180006
vt 0.81965053 0.5004189
vt 1.0601245 0.41587746
vt 0.64037836 0.10343879
vt 0 0
vt -0.0003426075 0.2053113
vt 0.18206921 0.44980022
vt 0.659217 0.10291141
vt 1.0000002 1.0000002
vt -0.45073235 0.41180003
vt 1.2855051 0.50042623
vt 0.99626094 0.53504562
vt 0.87807196 0.18425062
vt 0.50173783 1
vt 1.1739689 0.5004189
vt 0.12507126 0.53504556
vt 0.8703686 0.5004189
vt 0.2435853 0.50182837
vt 0.61431968 0.077249527
vt 0.70228964 0.5004189
vt -0.14842905 0.44773307
vt 0.4485296 0.04721576
vt -0.085013226 0.50182837
vt 0.031329907 0.5001356
vt 1 0
vt 0.67407733 0.90533632
vt 0.26393265 0.16772509
vt 1.0879757 0.50042635
vt 0.50173783 1
vt 0.25895521 0
vt 0.40397611 0.15644813
vt 1.432532 0.53746992
vt 0.2638841 1.1621974
vt 0.37915671 0.08815378
vt 0.01846981 1.0114049
vt 0.94060034 0.44740811
vt 0.50078785 0.44980022
vt 0.90417719 0.44980025
vt 0.7764321 0.50457662
vt 0.58455575 0.60512865
vt 1.0000002 -2.3841858e-07
vt 1.029917 0.5004189
vt 0.29943013 0.5004189
vt 1 0.55111891
vt 0.066008426 0.95227635
vt 1.499269 0.50042623
vt 0.25895521 0
vt 0.54161173 0.41587746
vt 1.1270609 0.5004189
vt 0.671875 0.40625
vt 0.10766029 0.2053113
vt 0.34258366 0.060709655
vt 0.74350238 0.40706211
vt -0.00037944317 1.0895715
vt -0.0282197 0.50041884
vt 0.33792251 0.079084158
vt 0.7764321 0.50457662
vt 0.40290177 0.028921127
vt 0.6666193 0.50013566
vt 0.25895521 0
vt 0.702411 0.44980022
vt 0.74073184 0.0039062798
vt -0.028091073 0.44980022
vt 0.40412828 0.44980022
vt 0.36075103 0.10614961
vt 0.81965053 0.5004189
vt 0.7764321 0.50457662
vt 0.97269261 1.0393867
vt 0.042682573 0.44980022
vt -0.00093588233 -2.9802322e-08
vt -0.45073235 0.4481861
vt -0.00034284592 1.0115989
vt 0.38965309 0.094890475
vt 1.0601245 0.44965625
vt 0.25911927 0.41180006
vt -0.085013226 0.53698963
vt 1.0601245 0.50180167
vt -0.51626837 0.5364421
vt 0.74073184 0.0039062798
vt 0.37523174 0.5084818
vt 0.12507126 0.53504556
vt 0.40421939 0.44980022
vt 0.26393241 1.0599761
vt -0.14842905 0.44773307
vt 1.0601245 0.53504562
vt 0.6666193 0.41180012
vt 0.57220715 0.44980022
vt -0.3062959 0.5001356
vn 1 0 0
vn 1 0 0
vn 1 0 0
vn 1 0 0
vn 1 0 0
vn 1 0 0
vn 1 0 0
vn 1 0 0
vn 0 1 0
vn 0 1 0
vn 0 1 0
vn 0 1 0
vn 0 -1 0
vn 0 -1 0
vn 0 -1 0
vn 0 -1 0
vn 0 1 0
vn 0 1 0
vn 0 1 0
vn 0 1 0
vn 0 1 0
vn 0 1 0
vn 0 1 0
vn 0 1 0
vn 0 1 0
vn 0 1 0
vn 0 1 0
vn 0 1 0
vn -1 0 0
vn -1 0 0
vn -1 0 0
vn -1 0 0
vn 0 1 0
vn 0 1 0
vn 0 1 0
vn 0 1 0
vn 0 1 0
vn 0 1 0
vn 0 1 0
vn 0 1 0
vn 0 0 -1
vn 0 0 -1
vn 0 0 -1
vn 0 0 -1
vn 0 0 -1
vn 0 0 -1
vn 0 0 -1
vn 0 0 -1
vn 0 0 -1
vn 0 0 -1
vn 0 0 -1
vn 0 0 -1
vn 0 1 0
vn 0 1 0
vn 0 1 0
vn 0 1 0
vn -1 0 0
vn -1 0 0
vn -1 0 0
vn -1 0 0
vn 0 1 0
vn 0 1 0
vn 0 1 0
vn 0 1 0
vn 1 0 0
vn 1 0 0
vn 1 0 0
vn 1 0 0
vn 0 0 1
vn 0 0 1
vn 0 0 1
vn 0 0 1
vn 0 0 1
vn 0 0 1
vn 0 0 1
vn 0 0 1
vn -1 0 0
vn -1 0 0
vn -1 0 0
vn -1 0 0
vn 0 1 0
vn 0 1 0
vn 0 1 0
vn 0 1 0
vn -1 0 0
vn -1 0 0
vn -1 0 0
vn -1 0 0
vn 0 1 0
vn 0 1 0
vn 0 1 0
vn 0 1 0
vn 0 -1 0
vn 0 -1 0
vn 0 -1 0
vn 0 -1 0
vn 0 1 0
vn 0 1 0
vn 0 1 0
vn 0 1 0
vn 0 0 1
vn 0 0 1
vn 0 0 1
vn 0 0 1
vn 0 0 -1
vn 0 0 -1
vn 0 0 -1
vn 0 0 -1
vn -0.34727779 -0.9377622 0
vn 0.00049533806 -0.99999982 0
vn 0.00049578294 -0.99999994 5.1613211e-09
vn -0.34727785 -0.9377622 -5.5421804e-08
vn 4.1451699e-07 -0.95456034 0.29801777
vn 3.508606e-07 -0.87079531 0.49164572
vn 1.2197599e-07 -0.85065025 0.52573204
vn 2.1935385e-07 -0.93788505 0.34694627
vn 3.508606e-07 -0.87079531 0.49164572
vn -2.7112702e-07 -0.73025858 0.68317086
vn -2.1117911e-07 -0.68721521 0.7264539
vn 1.2197599e-07 -0.85065025 0.52573204
vn -2.7112702e-07 -0.73025858 0.68317086
vn -0.00037893068 -0.49024111 0.87158686
vn -0.00077670359 -0.46619174 0.88468337
vn -2.1117911e-07 -0.68721521 0.7264539
vn -0.00037893068 -0.49024111 0.87158686
vn -0.0016710507 -0.31768993 0.94819325
vn -8.0596565e-06 -0.30541137 0.9522205
vn -0.00077670359 -0.46619174 0.88468337
vn -0.0016710507 -0.31768993 0.94819325
vn 0.0059336945 -0.13207196 0.99122238
vn -8.0596565e-06 -0.30541137 0.9522205
vn -3.6595276e-14 -0.99999994 -1.0552555e-07
vn -2.8493017e-07 -0.9545604 -0.29801741
vn -9.6953855e-08 -0.93788499 -0.34694645
vn -6.5277387e-14 -1 2.6890402e-07
vn -0.49164492 -0.87079579 -1.7456108e-07
vn -0.5257318 -0.85065037 -6.0685771e-08
vn -0.72645378 -0.68721527 4.2476671e-07
vn -0.68317014 -0.7302593 0
vn -0.68317014 -0.7302593 0
vn -0.72645378 -0.68721527 4.2476671e-07
vn -0.88448316 -0.4665722 5.3113581e-07
vn -0.87155318 -0.49030098 1.6255316e-07
vn -0.87155318 -0.49030098 1.6255316e-07
vn -0.88448316 -0.4665722 5.3113581e-07
vn -0.95143712 -0.30784315 2.9025314e-06
vn -0.94743937 -0.31993556 4.8465758e-06
vn -0.94743937 -0.31993556 4.8465758e-06
vn -0.95143712 -0.30784315 2.9025314e-06
vn -0.99155492 -0.1296875 8.0858797e-07
vn 0 -0.93788505 0.34694633
vn 0 -0.85130394 0.52467287
vn -1.2164176e-07 -0.85130399 0.52467281
vn -2.4937707e-08 -0.93788499 0.34694645
vn 0 -1 -1.4765277e-06
vn 0 -0.93788487 -0.34694657
vn -2.1935385e-07 -0.93788499 -0.3469463
vn 0 -1 -3.0801741e-07
vn 0.29801744 -0.9545604 1.5177855e-07
vn 0.34694654 -0.93788481 2.4671098e-07
vn 0.52573258 -0.85064983 4.9439819e-07
vn 0.49100712 -0.8711555 1.7849091e-07
vn 0.49100712 -0.8711555 1.7849091e-07
vn 0.52573258 -0.85064983 4.9439819e-07
vn 0.7264536 -0.68721551 2.8044704e-07
vn 0.68436718 -0.7291376 0
vn 0.68436718 -0.7291376 0
vn 0.7264536 -0.68721551 2.8044704e-07
vn 0.88467336 -0.46621066 -0.00075818348
vn 0.87194896 -0.48959664 -0.00035510911
vn 0.87194896 -0.48959664 -0.00035510911
vn 0.88467336 -0.46621066 -0.00075818348
vn 0.95141613 -0.30790278 -0.0017893576
vn 0.94723731 -0.32052901 -0.001656397
vn 0.94723731 -0.32052901 -0.001656397
vn 0.95141613 -0.30790278 -0.0017893576
vn 0.99147099 -0.13032489 -0.00082747196
vn 9.1488198e-14 -1 2.0145789e-07
vn 4.1451699e-07 -0.95456034 0.29801777
vn 2.1935385e-07 -0.93788505 0.34694627
vn 0 -1 -3.0801741e-07
vn 3.8315042e-07 -0.87079525 -0.49164578
vn 1.2051721e-06 -0.73025942 -0.6831699
vn 9.7451345e-07 -0.68721575 -0.72645336
vn 3.4197973e-07 -0.85065007 -0.52573228
vn 1.2051721e-06 -0.73025942 -0.6831699
vn 0.00038478646 -0.49023899 -0.87158793
vn 0.00078037119 -0.46618789 -0.8846854
vn 9.7451345e-07 -0.68721575 -0.72645336
vn 0.00038478646 -0.49023899 -0.87158793
vn 0.0017079371 -0.32050478 -0.94724536
vn 0.0017896822 -0.30788738 -0.95142108
vn 0.00078037119 -0.46618789 -0.8846854
vn 0.0017079371 -0.32050478 -0.94724536
vn 0.00081789988 -0.13032945 -0.9914704
vn 0.0017896822 -0.30788738 -0.95142108
vn -2.8493017e-07 -0.9545604 -0.29801741
vn 3.8315042e-07 -0.87079525 -0.49164578
vn 3.4197973e-07 -0.85065007 -0.52573228
vn -9.6953855e-08 -0.93788499 -0.34694645
vn -0.0010394187 -0.46589473 -0.88483953
vn -0.001712215 -0.30728915 -0.95161462
vn -0.0017908135 -0.30788979 -0.95142043
vn -0.00077614642 -0.46619242 -0.88468289
vn 0 -0.85065055 -0.5257315
vn 0 -0.68721604 -0.72645313
vn 3.8467428e-07 -0.68721581 -0.7264533
vn 4.9723155e-08 -0.85065037 -0.5257318
vn -0.001712215 -0.30728915 -0.95161462
vn -0.00068181002 -0.12185746 -0.99254733
vn -0.00082025747 -0.13032871 -0.99147052
vn -0.0017908135 -0.30788979 -0.95142043
vn 0 -0.68721604 -0.72645313
vn -0.0010394187 -0.46589473 -0.88483953
vn -0.00077614642 -0.46619242 -0.88468289
vn 3.8467428e-07 -0.68721581 -0.7264533
vn -0.29801849 -0.95456016 -4.2743633e-08
vn -0.34694642 -0.93788499 -5.350309e-08
vn -0.5257318 -0.85065037 -6.0685771e-08
vn -0.49164492 -0.87079579 -1.7456108e-07
vn -0.95161051 -0.30730173 -0.0017335893
vn -0.88482833 -0.46591598 -0.0010394163
vn -0.88467318 -0.46621111 -0.00075837452
vn -0.95141625 -0.30790228 -0.0017894553
vn -0.7264536 -0.68721563 0
vn -0.52645451 -0.85020334 0
vn -0.52645469 -0.85020316 -3.0954595e-08
vn -0.72645342 -0.68721569 -2.1817729e-07
vn 0 -1 6.0625632e-07
vn 0 -0.93788505 0.34694633
vn -2.4937707e-08 -0.93788499 0.34694645
vn -6.5277387e-14 -1 2.6890402e-07
vn -0.9925487 -0.12184665 -0.00070314622
vn -0.95161051 -0.30730173 -0.0017335893
vn -0.95141625 -0.30790228 -0.0017894553
vn -0.99147099 -0.13032438 -0.0008283832
vn -0.88482833 -0.46591598 -0.0010394163
vn -0.7264536 -0.68721563 0
vn -0.72645342 -0.68721569 -2.1817729e-07
vn -0.88467318 -0.46621111 -0.00075837452
vn -0.52645451 -0.85020334 0
vn -0.34727779 -0.9377622 0
vn -0.34727785 -0.9377622 -5.5421804e-08
vn -0.52645469 -0.85020316 -3.0954595e-08
vn 0.0017066485 -0.30728465 0.95161599
vn 0.00067658239 -0.12185884 0.99254721
vn 0.00081786577 -0.13032879 0.99147052
vn 0.0017891936 -0.30788645 0.95142138
vn 0 -0.68636858 0.72725391
vn 0.0010388303 -0.46375531 0.88596272
vn 0.00077969366 -0.46405473 0.8858062
vn 0 -0.68636912 0.72725344
vn 0 -0.93788487 -0.34694657
vn 0 -0.85065055 -0.5257315
vn 4.9723155e-08 -0.85065037 -0.5257318
vn -2.1935385e-07 -0.93788499 -0.3469463
vn 0.0010388303 -0.46375531 0.88596272
vn 0.0017066485 -0.30728465 0.95161599
vn 0.0017891936 -0.30788645 0.95142138
vn 0.00077969366 -0.46405473 0.8858062
vn 0 -0.85130394 0.52467287
vn 0 -0.68636858 0.72725391
vn 0 -0.68636912 0.72725344
vn -1.2164176e-07 -0.85130399 0.52467281
vn 0.00018699502 -1 1.0185921e-08
vn 0.00049578294 -0.99999994 5.1613211e-09
vn 0.34694654 -0.93788481 2.4671098e-07
vn 0.29801744 -0.9545604 1.5177855e-07
vn 0.99262589 -0.12121733 0
vn 0.95143706 -0.30784342 0
vn 0.951437 -0.30784354 0
vn 0.99155486 -0.12968758 0
vn 0.88448286 -0.46657273 0
vn 0.72645366 -0.68721539 0
vn 0.72645366 -0.68721533 2.0831258e-07
vn 0.88448298 -0.46657234 2.0640758e-07
vn 0.52573228 -0.85065019 0
vn 0.34694606 -0.93788511 0
vn 0.3469463 -0.93788499 2.4449602e-07
vn 0.52573192 -0.85065031 1.2247108e-07
vn -0.0038291896 -0.99999273 2.6093724e-07
vn -1.5645328e-07 -1 1.3226614e-07
vn -0.34694642 -0.93788499 -5.350309e-08
vn -0.29801849 -0.95456016 -4.2743633e-08
vn 0.95143706 -0.30784342 0
vn 0.88448286 -0.46657273 0
vn 0.88448298 -0.46657234 2.0640758e-07
vn 0.951437 -0.30784354 0
vn 0.72645366 -0.68721539 0
vn 0.52573228 -0.85065019 0
vn 0.52573192 -0.85065031 1.2247108e-07
vn 0.72645366 -0.68721533 2.0831258e-07
vn 0.34694606 -0.93788511 0
vn 0 -1 0
vn -1.5645328e-07 -1 1.3226614e-07
vn 0.3469463 -0.93788499 2.4449602e-07
vn 0.70726156 -0.00021835616 -0.70695186
vn 0.69710922 0.001005981 -0.71696424
vn 0.69713759 0.0010066386 -0.71693671
vn 0.7072624 -0.00021922284 -0.70695114
vn 0.7140125 -0.028055739 0.6995706
vn 0.71039844 -0.011911811 0.70369893
vn 0.71039736 -0.011906702 0.70370018
vn 0.7140125 -0.028055739 0.6995706
vn -0.70603043 -0.0055055991 0.70816016
vn -0.70706481 0.00095573248 0.70714819
vn -0.70706505 0.0009532923 0.70714784
vn -0.70602596 -0.0055155098 0.70816451
vn 0.70341116 -0.014038075 0.71064454
vn 0.69955999 -0.028073102 0.71402222
vn 0.69955999 -0.028073102 0.71402222
vn 0.70341241 -0.0140338 0.71064353
vn -0.71402025 -0.02808243 -0.6995616
vn -0.71064359 -0.014043749 -0.703412
vn -0.71064252 -0.014039172 -0.70341313
vn -0.71402025 -0.02808243 -0.6995616
vn 0.70710695 -9.5612029e-07 0.70710653
vn 0.70341116 -0.014038075 0.71064454
vn 0.70341241 -0.0140338 0.71064353
vn 0.70710701 -9.5565349e-07 0.70710653
vn 0.70813286 -0.00099113549 -0.70607853
vn 0.70726156 -0.00021835616 -0.70695186
vn 0.7072624 -0.00021922284 -0.70695114
vn 0.70813286 -0.00099126901 -0.70607841
vn -0.70462424 -0.0090936162 -0.70952243
vn -0.70317006 -0.015992733 -0.71084183
vn -0.70317119 -0.015989203 -0.71084082
vn -0.70462042 -0.0091029909 -0.70952594
vn -0.71064359 -0.014043749 -0.703412
vn -0.70710754 -1.0095993e-06 -0.70710611
vn -0.70710754 -1.0100963e-06 -0.70710605
vn -0.71064252 -0.014039172 -0.70341313
vn -0.70706481 0.00095573248 0.70714819
vn -0.70721406 0.0023095384 0.70699573
vn -0.70721477 0.0023069051 0.70699495
vn -0.70706505 0.0009532923 0.70714784
vn 0.71039844 -0.011911811 0.70369893
vn 0.70965409 0.013496731 0.70442098
vn 0.70964342 0.013464097 0.70443231
vn 0.71039736 -0.011906702 0.70370018
vn 0.70710695 5.5612696e-07 0.70710653
vn 0.70710695 -9.5612029e-07 0.70710653
vn 0.70710701 -9.5565349e-07 0.70710653
vn 0.70710701 5.5607046e-07 0.70710659
vn 0.70581156 0.0013073084 -0.70839834
vn 0.70813286 -0.00099113549 -0.70607853
vn 0.70813286 -0.00099126901 -0.70607841
vn 0.7058087 0.0013097832 -0.70840126
vn -0.69999784 -0.012698326 -0.71403199
vn -0.70462424 -0.0090936162 -0.70952243
vn -0.70462042 -0.0091029909 -0.70952594
vn -0.69998676 -0.012692892 -0.71404308
vn -0.70710754 -1.0095993e-06 -0.70710611
vn -0.70710605 0 -0.70710754
vn -0.70710599 0 -0.70710748
vn -0.70710754 -1.0100963e-06 -0.70710605
vn -0.70721406 0.0023095384 0.70699573
vn -0.70904934 0.0016369842 0.70515704
vn -0.70905119 0.0016389608 0.70515507
vn -0.70721477 0.0023069051 0.70699495
vn 0.70965409 0.013496731 0.70442098
vn 0.69821769 0.0072669792 0.71584862
vn 0.69826519 0.0073171188 0.71580172
vn 0.70964342 0.013464097 0.70443231
vn 0.70710528 1.5122534e-06 0.70710832
vn 0.70710695 5.5612696e-07 0.70710653
vn 0.70710701 5.5607046e-07 0.70710659
vn 0.70710522 1.5112769e-06 0.70710832
vn 0.70185518 0.0012957531 -0.71231854
vn 0.70581156 0.0013073084 -0.70839834
vn 0.7058087 0.0013097832 -0.70840126
vn 0.70224124 0.0016138944 -0.71193719
vn -0.69995999 -0.0068332651 -0.7141493
vn -0.69999784 -0.012698326 -0.71403199
vn -0.69998676 -0.012692892 -0.71404308
vn -0.69994634 -0.006857106 -0.71416253
vn -0.70710605 0 -0.70710754
vn -0.70710659 0 -0.70710695
vn -0.70710659 0 -0.70710701
vn -0.70710599 0 -0.70710748
vn 0.69821769 0.0072669792 0.71584862
vn 0.69297916 -0.002937275 0.72095162
vn 0.69305807 -0.0028941678 0.72087592
vn 0.69826519 0.0073171188 0.71580172
vn -0.70904934 0.0016369842 0.70515704
vn -0.71231782 0.0012954337 0.70185584
vn -0.71193647 0.0016134882 0.70224208
vn -0.70905119 0.0016389608 0.70515507
vn -0.64424652 -0.41217983 0.64424694
vn -0.6973598 -0.16545199 0.69736278
vn -0.69735992 -0.16545185 0.69736278
vn -0.64424652 -0.41217983 0.644247
vn -0.56896365 -0.5937686 0.56896323
vn -0.64424652 -0.41217983 0.64424694
vn -0.64424652 -0.41217983 0.644247
vn -0.56896365 -0.59376854 0.56896323
vn -0.42859232 -0.79537207 0.42859307
vn -0.56896365 -0.5937686 0.56896323
vn -0.56896365 -0.59376854 0.56896323
vn -0.42859256 -0.79537171 0.42859325
vn -0.28375301 -0.91595179 0.28375444
vn -0.42859232 -0.79537207 0.42859307
vn -0.42859256 -0.79537171 0.42859325
vn -0.28375301 -0.91595179 0.28375441
vn -0.18060791 -0.96684945 0.18050775
vn -0.28375301 -0.91595179 0.28375444
vn -0.28375301 -0.91595179 0.28375441
vn -0.18060781 -0.96684933 0.18050765
vn -0.69736278 -0.16545224 -0.6973598
vn -0.64424706 -0.41218093 -0.64424574
vn -0.64424729 -0.4121803 -0.64424598
vn -0.69736284 -0.16545235 -0.69735974
vn -0.64424706 -0.41218093 -0.64424574
vn -0.56896245 -0.59376895 -0.56896418
vn -0.56896251 -0.59376884 -0.56896424
vn -0.64424729 -0.4121803 -0.64424598
vn -0.56896245 -0.59376895 -0.56896418
vn -0.4285875 -0.79537648 -0.42858949
vn -0.42859429 -0.79536921 -0.42859623
vn -0.56896251 -0.59376884 -0.56896424
vn -0.4285875 -0.79537648 -0.42858949
vn -0.28438595 -0.91586637 -0.28339636
vn -0.28436276 -0.91588092 -0.2833727
vn -0.42859429 -0.79536921 -0.42859623
vn -0.28438595 -0.91586637 -0.28339636
vn -0.1816552 -0.96672988 -0.18009639
vn -0.18110399 -0.96693498 -0.17954935
vn -0.28436276 -0.91588092 -0.2833727
vn 0.64424187 -0.41219699 0.64424068
vn 0.69736022 -0.16545302 0.69736236
vn 0.69736016 -0.16545305 0.69736224
vn 0.64424783 -0.41217843 0.64424658
vn 0.56797254 -0.59313351 0.57061356
vn 0.64424187 -0.41219699 0.64424068
vn 0.64424783 -0.41217843 0.64424658
vn 0.56793809 -0.59319782 0.57058096
vn 0.42706969 -0.79458964 0.43155381
vn 0.56797254 -0.59313351 0.57061356
vn 0.56793809 -0.59319782 0.57058096
vn 0.42611647 -0.79562259 0.43059197
vn 0.28942674 -0.91528463 0.28015411
vn 0.42706969 -0.79458964 0.43155381
vn 0.42611647 -0.79562259 0.43059197
vn 0.28910539 -0.9155165 0.27972806
vn 0.18660948 -0.96767586 0.16964756
vn 0.28942674 -0.91528463 0.28015411
vn 0.28910539 -0.9155165 0.27972806
vn 0.19292824 -0.96539927 0.1754507
vn -0.1816552 -0.96672988 -0.18009639
vn -0.12415811 -0.98460501 -0.12303586
vn -0.12415811 -0.98460501 -0.12303586
vn -0.18110399 -0.96693498 -0.17954935
vn 0.12837392 -0.98489827 0.11617051
vn 0.18660948 -0.96767586 0.16964756
vn 0.19292824 -0.96539927 0.1754507
vn 0.12837392 -0.98489827 0.11617051
vn 0.64422953 -0.41227785 -0.64420128
vn 0.69736141 -0.16545269 -0.69736111
vn 0.69736141 -0.16545269 -0.69736111
vn 0.64427125 -0.41214755 -0.64424294
vn 0.57972568 -0.59080166 -0.5611341
vn 0.64422953 -0.41227785 -0.64420128
vn 0.64427125 -0.41214755 -0.64424294
vn 0.58014959 -0.58979064 -0.56175935
vn 0.44826263 -0.79063183 -0.41708753
vn 0.57972568 -0.59080166 -0.5611341
vn 0.58014959 -0.58979064 -0.56175935
vn 0.44257399 -0.7966159 -0.41174182
vn 0.2889854 -0.91651177 -0.27657488
vn 0.44826263 -0.79063183 -0.41708753
vn 0.44257399 -0.7966159 -0.41174182
vn 0.28860265 -0.91672051 -0.27628237
vn 0.18061869 -0.96684569 -0.18051691
vn 0.2889854 -0.91651177 -0.27657488
vn 0.28860265 -0.91672051 -0.27628237
vn 0.18056521 -0.96686566 -0.18046333
vn -0.12384772 -0.98456758 0.12364594
vn -0.18060791 -0.96684945 0.18050775
vn -0.18060781 -0.96684933 0.18050765
vn -0.12384772 -0.98456758 0.12364594
vn 0.12380075 -0.98457819 -0.12360942
vn 0.18061869 -0.96684569 -0.18051691
vn 0.18056521 -0.96686566 -0.18046333
vn 0.12380075 -0.98457819 -0.12360942
vn -0.70317006 -0.015992733 -0.71084183
vn -0.69964617 -0.0277697 -0.71394962
vn -0.69964617 -0.0277697 -0.71394962
vn -0.70317119 -0.015989203 -0.71084082
vn 0.70872742 0.0014732131 -0.70548081
vn 0.71232164 0.0012955929 -0.70185202
vn 0.71194071 0.0016136954 -0.70223778
vn 0.70872992 0.0014754538 -0.70547837
vn -0.70188093 -0.022070387 0.71195227
vn -0.70603043 -0.0055055991 0.70816016
vn -0.70602596 -0.0055155098 0.70816451
vn -0.70189536 -0.022000583 0.71194023
vn -0.70548159 0.001472044 0.7087267
vn -0.70710564 -2.6705735e-07 0.7071079
vn -0.70710564 -2.6722867e-07 0.7071079
vn -0.70547915 0.001474277 0.70872921
vn 0.69710922 0.001005981 -0.71696424
vn 0.70945507 -0.0078567825 -0.70470685
vn 0.70954925 -0.0078956289 -0.7046116
vn 0.69713759 0.0010066386 -0.71693671
vn -0.71045405 -0.013136944 0.70362079
vn -0.71252555 -0.027783001 0.70109588
vn -0.71252555 -0.027783001 0.70109588
vn -0.71045446 -0.013139013 0.70362055
vn 0.70710641 5.3411412e-07 -0.70710719
vn 0.70872742 0.0014732131 -0.70548081
vn 0.70872992 0.0014754538 -0.70547837
vn 0.70710641 5.3445797e-07 -0.70710719
vn 0.69951135 -0.028777406 -0.71404177
vn 0.7032693 -0.014812681 -0.7107693
vn 0.70327216 -0.014801977 -0.71076667
vn 0.69951135 -0.028777406 -0.71404177
vn -0.70710564 -2.6705735e-07 0.7071079
vn -0.70702958 0.00014437089 0.7071839
vn -0.70702964 0.00014437483 0.70718396
vn -0.70710564 -2.6722867e-07 0.7071079
vn -0.69904828 -0.03542757 0.71419638
vn -0.70188093 -0.022070387 0.71195227
vn -0.70189536 -0.022000583 0.71194023
vn -0.69904828 -0.03542757 0.71419638
vn 0.70945507 -0.0078567825 -0.70470685
vn 0.73020017 -0.016548334 -0.68303293
vn 0.73020017 -0.016548334 -0.68303293
vn 0.70954925 -0.0078956289 -0.7046116
vn 0.70702988 -0.00014437264 -0.70718366
vn 0.70710641 5.3411412e-07 -0.70710719
vn 0.70710641 5.3445797e-07 -0.70710719
vn 0.70702988 -0.00014437588 -0.70718366
vn -0.70702958 0.00014437089 0.7071839
vn -0.70758969 0.00089697092 0.7066229
vn -0.70758992 0.00089717569 0.70662272
vn -0.70702964 0.00014437483 0.70718396
vn 0.70318258 0.0026271034 0.71100456
vn 0.70185316 0.0012955865 0.71232063
vn 0.70223945 0.001613697 0.71193904
vn 0.70318365 0.0026275816 0.71100348
vn -0.7054829 0.0014721202 -0.70872539
vn -0.701855 0.0012951021 -0.71231872
vn -0.70224071 0.0016130835 -0.71193773
vn -0.7054804 0.0014743623 -0.70872784
vn 0.70691407 -0.00056335202 -0.70729917
vn 0.70702988 -0.00014437264 -0.70718366
vn 0.70702988 -0.00014437588 -0.70718366
vn 0.70691395 -0.00056354573 -0.70729917
vn -0.71232015 0.0012959152 -0.70185351
vn -0.7064569 0.00032784941 -0.70775598
vn -0.70646274 0.00033177208 -0.70775026
vn -0.7119388 0.0016140975 -0.70223963
vn -0.70758969 0.00089697092 0.7066229
vn -0.71045405 -0.013136944 0.70362079
vn -0.71045446 -0.013139013 0.70362055
vn -0.70758992 0.00089717569 0.70662272
vn 0.69297916 -0.002937275 0.72095162
vn 0.70318258 0.0026271034 0.71100456
vn 0.70318365 0.0026275816 0.71100348
vn 0.69305807 -0.0028941678 0.72087592
vn 0.7032693 -0.014812681 -0.7107693
vn 0.70691407 -0.00056335202 -0.70729917
vn 0.70691395 -0.00056354573 -0.70729917
vn 0.70327216 -0.014801977 -0.71076667
vn -0.70710659 0 -0.70710695
vn -0.7054829 0.0014721202 -0.70872539
vn -0.7054804 0.0014743623 -0.70872784
vn -0.70710659 0 -0.70710701
vn -0.7064569 0.00032784941 -0.70775598
vn -0.69995999 -0.0068332651 -0.7141493
vn -0.69994634 -0.006857106 -0.71416253
vn -0.70646274 0.00033177208 -0.70775026
vn 0.70868254 0.0014643148 0.70552599
vn 0.70710528 1.5122534e-06 0.70710832
vn 0.70710522 1.5112769e-06 0.70710832
vn 0.70868981 0.0014711003 0.70551866
vn -0.70870036 0.00010368972 0.70550954
vn -0.70870036 0.00010368972 0.70550954
vn -0.70870018 0.00010276082 0.70550966
vn -0.70870024 0.00010276133 0.70550966
vn 0.71313572 -0.0081843594 -0.70097822
vn 0.71313572 -0.0081843594 -0.70097822
vn 0.71457094 -0.0014377463 -0.69956136
vn 0.71457112 -0.0014368824 -0.69956124
vn -0.70678014 -1.65032e-05 -0.70743322
vn -0.70678014 -1.65032e-05 -0.70743322
vn -0.7067796 -1.5763679e-05 -0.70743388
vn -0.70677954 -1.5763717e-05 -0.70743382
vn 0.74139762 -0.67106539 0.00088948704
vn 0.74056441 -0.67198479 0.00088864658
vn 0.82123899 -0.57058364 0.00096885231
vn -0.0014809045 -0.58112514 0.81381291
vn -0.0014421737 -0.58023328 0.81444901
vn -0.0013784943 -0.62775719 0.77840799
vn -0.0013332842 -0.67685777 0.73611248
vn -0.8144657 -0.58021027 -0.0012775068
vn -0.73489666 -0.67817855 0.00081774633
vn -0.70947051 -0.70473379 0.0014267556
vn 0.001182846 -0.5809015 -0.81397307
vn 0.0010594507 -0.67795014 -0.73510706
vn 0.0010597039 -0.67777365 -0.73526978
vn -0.70947051 -0.70473379 0.0014267556
vn -0.73489666 -0.67817855 0.00081774633
vn -0.62924641 -0.77719927 0.0032040465
vn -0.62924641 -0.77719927 0.0032040465
vn 0.71457112 -0.0014368824 -0.69956124
vn 0.71457094 -0.0014377463 -0.69956136
vn 0.71734947 0.012126529 -0.69660807
vn 0.70713061 1.5890928e-05 0.70708299
vn 0.70713061 1.5893362e-05 0.70708293
vn 0.70712852 1.4456567e-05 0.70708513
vn -0.70870024 0.00010276133 0.70550966
vn -0.70870018 0.00010276082 0.70550966
vn -0.7087 0.00010089322 0.7055099
vn -0.7087 0.00010089322 0.7055099
vn -0.70677954 -1.5763717e-05 -0.70743382
vn -0.7067796 -1.5763679e-05 -0.70743388
vn -0.70677835 -1.4276764e-05 -0.70743507
vn 0.74139762 -0.67106539 0.00088948704
vn 0.63409209 -0.7732572 0.0007796979
vn 0.74056441 -0.67198479 0.00088864658
vn -0.0013784943 -0.62775719 0.77840799
vn -0.0014421737 -0.58023328 0.81444901
vn -0.0013574657 -0.57828039 0.81583691
vn 0.0010594507 -0.67795014 -0.73510706
vn 0.00089820207 -0.77583301 -0.6309377
vn 0.0010597039 -0.67777365 -0.73526978
vn -0.0013784943 -0.62775719 0.77840799
vn -0.0011392561 -0.77387005 0.6333434
vn -0.0013332842 -0.67685777 0.73611248
vn 0.0065683443 -0.12363344 0.99230617
vn 0.0059336945 -0.13207196 0.99122238
vn 0.0073162206 -0.0073139323 0.99994648
vn 0.0073162206 -0.0073139323 0.99994648
vn 0.70185518 0.0012957531 -0.71231854
vn 0.70224124 0.0016138944 -0.71193719
vn 0.70027953 0 -0.7138688
vn 0.70027953 0 -0.7138688
vn -0.99155492 -0.1296875 8.0858797e-07
vn -0.99262601 -0.1212173 0
vn -1 0 0
vn -1 0 0
vn 0.99262589 -0.12121733 0
vn 0.99155486 -0.12968758 0
vn 1 0 0
vn 1 0 0
vn 0.71194071 0.0016136954 -0.70223778
vn 0.71232164 0.0012955929 -0.70185202
vn 0.71387023 0 -0.70027792
vn 0.71387023 0 -0.70027792
vn 0.00081786577 -0.13032879 0.99147052
vn 0.00067658239 -0.12185884 0.99254721
vn 0 0 1
vn 0 0 1
vn 0.69736141 -0.16545269 -0.69736111
vn 0.69736141 -0.16545269 -0.69736111
vn 0.70710677 0 -0.70710677
vn 0.70710677 0 -0.70710677
vn -0.70224071 0.0016130835 -0.71193773
vn -0.701855 0.0012951021 -0.71231872
vn -0.7002809 0 -0.71386737
vn -0.7002809 0 -0.71386737
vn -0.71193647 0.0016134882 0.70224208
vn -0.71231782 0.0012954337 0.70185584
vn -0.71386802 0 0.70028013
vn -0.71386802 0 0.70028013
vn 0.00067640218 -0.12185934 -0.99254715
vn 0.00081789988 -0.13032945 -0.9914704
vn 0 0 -1
vn 0 0 -1
vn -0.69736278 -0.16545224 -0.6973598
vn -0.69736284 -0.16545235 -0.69735974
vn -0.70710731 0 -0.70710629
vn -0.70710731 0 -0.70710629
vn 0.70223945 0.001613697 0.71193904
vn 0.70185316 0.0012955865 0.71232063
vn 0.70027667 0 0.71387148
vn 0.70027667 0 0.71387148
vn 0.99147099 -0.13032489 -0.00082747196
vn 0.99254858 -0.12184744 -0.00070209929
vn 1 0 0
vn 1 0 0
vn 0.69736016 -0.16545305 0.69736224
vn 0.69736022 -0.16545302 0.69736236
vn 0.70710576 0 0.70710784
vn 0.70710576 0 0.70710784
vn -0.00082025747 -0.13032871 -0.99147052
vn -0.00068181002 -0.12185746 -0.99254733
vn 0 0 -1
vn 0 0 -1
vn -0.69735992 -0.16545185 0.69736278
vn -0.6973598 -0.16545199 0.69736278
vn -0.70710474 0 0.70710886
vn -0.70710474 0 0.70710886
vn -0.9925487 -0.12184665 -0.00070314622
vn -0.99147099 -0.13032438 -0.0008283832
vn -1 0 0
vn -1 0 0
vn -0.71232015 0.0012959152 -0.70185351
vn -0.7119388 0.0016140975 -0.70223963
vn -0.71387017 0 -0.7002781
vn -0.71387017 0 -0.7002781
vn 0.70713174 1.6608135e-05 0.70708191
vn 0.70713174 1.6608135e-05 0.70708191
vn 0.70713061 1.5893362e-05 0.70708293
vn 0.70713061 1.5890928e-05 0.70708299
vn 2.1935385e-07 -0.93788505 0.34694627
vn 1.2197599e-07 -0.85065025 0.52573204
vn 0 -0.85065031 0.52573186
vn 0 -0.93788522 0.34694591
vn -2.1117911e-07 -0.68721521 0.7264539
vn -0.00077670359 -0.46619174 0.88468337
vn -0.0010396964 -0.46589381 0.88484001
vn 0 -0.68721557 0.72645342
vn -8.0596565e-06 -0.30541137 0.9522205
vn 0.0059336945 -0.13207196 0.99122238
vn 0.0065683443 -0.12363344 0.99230617
vn 0.0018612482 -0.30562747 0.95214933
vn 0.71229357 0.001287342 0.70188051
vn 0.70868254 0.0014643148 0.70552599
vn 0.70868981 0.0014711003 0.70551866
vn 0.71189892 0.0016088772 0.70228016
vn 4.9723155e-08 -0.85065037 -0.5257318
vn 3.8467428e-07 -0.68721581 -0.7264533
vn 7.4107027e-07 -0.73025906 -0.68317038
vn -1.5849093e-07 -0.87079555 -0.49164543
vn 3.8467428e-07 -0.68721581 -0.7264533
vn -0.00077614642 -0.46619242 -0.88468289
vn -0.00037787479 -0.49024209 -0.8715862
vn 7.4107027e-07 -0.73025906 -0.68317038
vn 0.71387249 -1.4150071e-06 0.70027566
vn 0.71229357 0.001287342 0.70188051
vn 0.71189892 0.0016088772 0.70228016
vn 0.71387249 -1.4150071e-06 0.70027566
vn 1.2197599e-07 -0.85065025 0.52573204
vn -2.1117911e-07 -0.68721521 0.7264539
vn 0 -0.68721557 0.72645342
vn 0 -0.85065031 0.52573186
vn -0.00077670359 -0.46619174 0.88468337
vn -8.0596565e-06 -0.30541137 0.9522205
vn 0.0018612482 -0.30562747 0.95214933
vn -0.0010396964 -0.46589381 0.88484001
vn -2.1935385e-07 -0.93788499 -0.3469463
vn 4.9723155e-08 -0.85065037 -0.5257318
vn -1.5849093e-07 -0.87079555 -0.49164543
vn -4.1451699e-07 -0.95456046 -0.29801735
vn 0 -1 -3.0801741e-07
vn -2.1935385e-07 -0.93788499 -0.3469463
vn -4.1451699e-07 -0.95456046 -0.29801735
vn 9.1488198e-14 -1 2.0145789e-07
vn 0 -1 -3.0801741e-07
vn 2.1935385e-07 -0.93788505 0.34694627
vn 0 -0.93788522 0.34694591
vn 0 -1 -1.4765277e-06
vn -0.00077614642 -0.46619242 -0.88468289
vn -0.0017908135 -0.30788979 -0.95142043
vn -0.0016990621 -0.32050702 -0.94724464
vn -0.00037787479 -0.49024209 -0.8715862
vn -0.0017908135 -0.30788979 -0.95142043
vn -0.00082025747 -0.13032871 -0.99147052
vn -0.0016990621 -0.32050702 -0.94724464
vn -0.72645342 -0.68721569 -2.1817729e-07
vn -0.52645469 -0.85020316 -3.0954595e-08
vn -0.49268964 -0.8702051 -8.9059654e-08
vn -0.6831702 -0.73025912 -2.8011178e-07
vn -0.99147099 -0.13032438 -0.0008283832
vn -0.95141625 -0.30790228 -0.0017894553
vn -0.94723743 -0.3205283 -0.0016557339
vn -0.52645469 -0.85020316 -3.0954595e-08
vn -0.34727785 -0.9377622 -5.5421804e-08
vn -0.29769576 -0.95466083 -1.0445165e-07
vn -0.49268964 -0.8702051 -8.9059654e-08
vn 0.34694654 -0.93788481 2.4671098e-07
vn 0.00049578294 -0.99999994 5.1613211e-09
vn 0.00049533806 -0.99999982 0
vn 0.34694639 -0.93788499 3.1090494e-07
vn 0.52573258 -0.85064983 4.9439819e-07
vn 0.34694654 -0.93788481 2.4671098e-07
vn 0.34694639 -0.93788499 3.1090494e-07
vn 0.5257324 -0.85065007 8.6538739e-07
vn 0.88467336 -0.46621066 -0.00075818348
vn 0.7264536 -0.68721551 2.8044704e-07
vn 0.72645342 -0.68721557 5.6089402e-07
vn 0.88482857 -0.46591556 -0.0010394135
vn 0.99147099 -0.13032489 -0.00082747196
vn 0.95141613 -0.30790278 -0.0017893576
vn 0.95161045 -0.30730209 -0.0017325389
vn 0.99254858 -0.12184744 -0.00070209929
vn -0.70185471 0.001295266 0.71231896
vn -0.70548159 0.001472044 0.7087267
vn -0.70547915 0.001474277 0.70872921
vn -0.70224023 0.0016132876 0.7119382
vn -0.95141625 -0.30790228 -0.0017894553
vn -0.88467318 -0.46621111 -0.00075837452
vn -0.87157977 -0.49025354 -0.00035212192
vn -0.94723743 -0.3205283 -0.0016557339
vn -0.88467318 -0.46621111 -0.00075837452
vn -0.72645342 -0.68721569 -2.1817729e-07
vn -0.6831702 -0.73025912 -2.8011178e-07
vn -0.87157977 -0.49025354 -0.00035212192
vn -0.34727785 -0.9377622 -5.5421804e-08
vn 0.00049578294 -0.99999994 5.1613211e-09
vn 0.00018699502 -1 1.0185921e-08
vn -0.29769576 -0.95466083 -1.0445165e-07
vn 0.7264536 -0.68721551 2.8044704e-07
vn 0.52573258 -0.85064983 4.9439819e-07
vn 0.5257324 -0.85065007 8.6538739e-07
vn 0.72645342 -0.68721557 5.6089402e-07
vn 0.95141613 -0.30790278 -0.0017893576
vn 0.88467336 -0.46621066 -0.00075818348
vn 0.88482857 -0.46591556 -0.0010394135
vn 0.95161045 -0.30730209 -0.0017325389
vn -0.70028156 0 0.71386671
vn -0.70185471 0.001295266 0.71231896
vn -0.70224023 0.0016132876 0.7119382
vn -0.70028156 0 0.71386671
vn 0 -0.68636912 0.72725344
vn 0.00077969366 -0.46405473 0.8858062
vn 0.0003836056 -0.48760709 0.87306309
vn 0 -0.73040676 0.68301249
vn 0.00077969366 -0.46405473 0.8858062
vn 0.0017891936 -0.30788645 0.95142138
vn 0.0017061208 -0.32050294 0.94724596
vn 0.0003836056 -0.48760709 0.87306309
vn -2.4937707e-08 -0.93788499 0.34694645
vn -1.2164176e-07 -0.85130399 0.52467281
vn -3.497305e-07 -0.87110466 0.49109754
vn 1.5623293e-07 -0.9545604 0.29801723
vn 3.4197973e-07 -0.85065007 -0.52573228
vn 9.7451345e-07 -0.68721575 -0.72645336
vn 8.3860863e-07 -0.68721563 -0.72645354
vn 0 -0.85064995 -0.52573258
vn 0.00078037119 -0.46618789 -0.8846854
vn 0.0017896822 -0.30788738 -0.95142108
vn 0.0017056455 -0.30728531 -0.95161587
vn 0.001039086 -0.46588919 -0.8848424
vn -9.6953855e-08 -0.93788499 -0.34694645
vn 3.4197973e-07 -0.85065007 -0.52573228
vn 0 -0.85064995 -0.52573258
vn 0 -0.93788505 -0.3469463
vn -6.5277387e-14 -1 2.6890402e-07
vn -2.4937707e-08 -0.93788499 0.34694645
vn 1.5623293e-07 -0.9545604 0.29801723
vn -3.6595276e-14 -0.99999994 -1.0552555e-07
vn 0.0017891936 -0.30788645 0.95142138
vn 0.00081786577 -0.13032879 0.99147052
vn 0.0017061208 -0.32050294 0.94724596
vn -1.2164176e-07 -0.85130399 0.52467281
vn 0 -0.68636912 0.72725344
vn 0 -0.73040676 0.68301249
vn -3.497305e-07 -0.87110466 0.49109754
vn -6.5277387e-14 -1 2.6890402e-07
vn -9.6953855e-08 -0.93788499 -0.34694645
vn 0 -0.93788505 -0.3469463
vn 0 -1 6.0625632e-07
vn 9.7451345e-07 -0.68721575 -0.72645336
vn 0.00078037119 -0.46618789 -0.8846854
vn 0.001039086 -0.46588919 -0.8848424
vn 8.3860863e-07 -0.68721563 -0.72645354
vn 0.0017896822 -0.30788738 -0.95142108
vn 0.00081789988 -0.13032945 -0.9914704
vn 0.00067640218 -0.12185934 -0.99254715
vn 0.0017056455 -0.30728531 -0.95161587
vn 0.88448298 -0.46657234 2.0640758e-07
vn 0.72645366 -0.68721533 2.0831258e-07
vn 0.68317026 -0.73025906 2.6744669e-07
vn 0.87155318 -0.49030095 5.2100927e-07
vn -0.72645378 -0.68721527 4.2476671e-07
vn -0.5257318 -0.85065037 -6.0685771e-08
vn -0.52573216 -0.85065019 0
vn -0.72645402 -0.68721503 8.4953336e-07
vn -0.95143712 -0.30784315 2.9025314e-06
vn -0.88448316 -0.4665722 5.3113581e-07
vn -0.88448322 -0.46657217 8.417631e-07
vn -0.95143712 -0.3078433 0
vn -0.34694642 -0.93788499 -5.350309e-08
vn -1.5645328e-07 -1 1.3226614e-07
vn 0 -1 0
vn -0.34694588 -0.93788511 0
vn 0.72645366 -0.68721533 2.0831258e-07
vn 0.52573192 -0.85065031 1.2247108e-07
vn 0.49199349 -0.87059879 3.5120249e-07
vn 0.68317026 -0.73025906 2.6744669e-07
vn 0.99155486 -0.12968758 0
vn 0.951437 -0.30784354 0
vn 0.94743919 -0.31993574 0
vn 0.52573192 -0.85065031 1.2247108e-07
vn 0.3469463 -0.93788499 2.4449602e-07
vn 0.29880145 -0.9543153 4.8750564e-07
vn 0.49199349 -0.87059879 3.5120249e-07
vn 0.951437 -0.30784354 0
vn 0.88448298 -0.46657234 2.0640758e-07
vn 0.87155318 -0.49030095 5.2100927e-07
vn 0.94743919 -0.31993574 0
vn 0.3469463 -0.93788499 2.4449602e-07
vn -1.5645328e-07 -1 1.3226614e-07
vn -0.0038291896 -0.99999273 2.6093724e-07
vn 0.29880145 -0.9543153 4.8750564e-07
vn -0.88448316 -0.4665722 5.3113581e-07
vn -0.72645378 -0.68721527 4.2476671e-07
vn -0.72645402 -0.68721503 8.4953336e-07
vn -0.88448322 -0.46657217 8.417631e-07
vn -0.99155492 -0.1296875 8.0858797e-07
vn -0.95143712 -0.30784315 2.9025314e-06
vn -0.95143712 -0.3078433 0
vn -0.99262601 -0.1212173 0
vn -0.5257318 -0.85065037 -6.0685771e-08
vn -0.34694642 -0.93788499 -5.350309e-08
vn -0.34694588 -0.93788511 0
vn -0.52573216 -0.85065019 0
vn -0.34727764 -0.93776232 0
vn 0.00049525994 -0.99999994 0
vn 0.00049560203 -0.99999982 5.2110263e-09
vn -0.34727806 -0.93776214 -9.8643639e-08
vn 2.8548092e-07 -0.95456034 0.29801789
vn 0 -0.87079537 0.49164549
vn 0 -0.85065007 0.52573234
vn 9.714131e-08 -0.93788481 0.34694654
vn 0 -0.87079537 0.49164549
vn -2.7112685e-07 -0.7302587 0.68317074
vn -2.1117904e-07 -0.68721503 0.72645408
vn 0 -0.85065007 0.52573234
vn -2.7112685e-07 -0.7302587 0.68317074
vn -0.00037955929 -0.49024153 0.87158662
vn -0.00077712827 -0.46619159 0.88468337
vn -2.1117904e-07 -0.68721503 0.72645408
vn -0.00037955929 -0.49024153 0.87158662
vn -0.0016720579 -0.31768996 0.94819307
vn -8.1252292e-06 -0.30541143 0.9522205
vn -0.00077712827 -0.46619159 0.88468337
vn -0.0016720579 -0.31768996 0.94819307
vn 0.0059349178 -0.13207377 0.99122214
vn -8.1252292e-06 -0.30541143 0.9522205
vn 5.4892865e-14 -1 -1.9186446e-08
vn -2.8492977e-07 -0.95456058 -0.29801705
vn -9.6953748e-08 -0.93788499 -0.34694621
vn 2.424588e-13 -0.99999994 5.231405e-07
vn -0.49164474 -0.87079591 -1.7456108e-07
vn -0.52573192 -0.85065031 -6.0685778e-08
vn -0.72645372 -0.68721527 2.1238327e-07
vn -0.68317068 -0.7302587 0
vn -0.68317068 -0.7302587 0
vn -0.72645372 -0.68721527 2.1238327e-07
vn -0.88448298 -0.46657243 3.2069417e-07
vn -0.87155277 -0.49030182 1.6255267e-07
vn -0.87155277 -0.49030182 1.6255267e-07
vn -0.88448298 -0.46657243 3.2069417e-07
vn -0.95143723 -0.30784291 1.0994127e-07
vn -0.94743931 -0.31993535 2.5986731e-07
vn -0.94743931 -0.31993535 2.5986731e-07
vn -0.95143723 -0.30784291 1.0994127e-07
vn -0.99155492 -0.12968752 0
vn 0 -0.93788511 0.34694603
vn 0 -0.85130423 0.52467245
vn 0 -0.85130411 0.52467269
vn 9.6953976e-08 -0.93788505 0.34694618
vn 0 -1 -6.0625638e-07
vn 0 -0.93788487 -0.34694642
vn -2.1935382e-07 -0.93788499 -0.3469463
vn 3.2638692e-13 -1 -2.4445821e-08
vn 0.29801738 -0.95456052 1.8776979e-07
vn 0.34694672 -0.93788475 2.5895753e-07
vn 0.5257327 -0.85064977 4.9439655e-07
vn 0.49100721 -0.87115556 1.7849104e-07
vn 0.49100721 -0.87115556 1.7849104e-07
vn 0.5257327 -0.85064977 4.9439655e-07
vn 0.72645372 -0.68721539 6.6935633e-07
vn 0.68436682 -0.7291379 0
vn 0.68436682 -0.7291379 0
vn 0.72645372 -0.68721539 6.6935633e-07
vn 0.88467377 -0.46620998 -0.00075727748
vn 0.87194937 -0.48959586 -0.00035510727
vn 0.87194937 -0.48959586 -0.00035510727
vn 0.88467377 -0.46620998 -0.00075727748
vn 0.95141584 -0.30790347 -0.0017860268
vn 0.94723701 -0.32052982 -0.0016522381
vn 0.94723701 -0.32052982 -0.0016522381
vn 0.95141584 -0.30790347 -0.0017860268
vn 0.99147093 -0.13032539 -0.00082653202
vn 2.7446451e-13 -1 3.2616984e-07
vn 2.8548092e-07 -0.95456034 0.29801789
vn 9.714131e-08 -0.93788481 0.34694654
vn 3.2638692e-13 -1 -2.4445821e-08
vn 3.8315071e-07 -0.87079531 -0.49164581
vn 9.3600732e-07 -0.73025942 -0.68316984
vn 7.6486134e-07 -0.68721592 -0.7264533
vn 3.4198021e-07 -0.85064995 -0.52573252
vn 9.3600732e-07 -0.73025942 -0.68316984
vn 0.0003842618 -0.49023941 -0.87158775
vn 0.00078030257 -0.46618816 -0.88468534
vn 7.6486134e-07 -0.68721592 -0.7264533
vn 0.0003842618 -0.49023941 -0.87158775
vn 0.001707946 -0.32050475 -0.94724536
vn 0.0017900078 -0.3078869 -0.95142126
vn 0.00078030257 -0.46618816 -0.88468534
vn 0.001707946 -0.32050475 -0.94724536
vn 0.00081824081 -0.13032883 -0.99147046
vn 0.0017900078 -0.3078869 -0.95142126
vn -2.8492977e-07 -0.95456058 -0.29801705
vn 3.8315071e-07 -0.87079531 -0.49164581
vn 3.4198021e-07 -0.85064995 -0.52573252
vn -9.6953748e-08 -0.93788499 -0.34694621
vn -0.0010394201 -0.4658941 -0.88483983
vn -0.0017122156 -0.30728844 -0.95161486
vn -0.001790817 -0.30789065 -0.95142013
vn -0.00077635638 -0.46619287 -0.88468277
vn 0 -0.85065025 -0.52573204
vn 0 -0.68721592 -0.7264533
vn 0 -0.68721592 -0.7264533
vn -1.2197597e-07 -0.85065007 -0.52573228
vn -0.0017122156 -0.30728844 -0.95161486
vn -0.00068180927 -0.12185749 -0.99254739
vn -0.0008202584 -0.13032904 -0.99147034
vn -0.001790817 -0.30789065 -0.95142013
vn 0 -0.68721592 -0.7264533
vn -0.0010394201 -0.4658941 -0.88483983
vn -0.00077635638 -0.46619287 -0.88468277
vn 0 -0.68721592 -0.7264533
vn -0.29801822 -0.95456016 -7.8298697e-08
vn -0.3469463 -0.93788505 -6.5601505e-08
vn -0.52573192 -0.85065031 -6.0685778e-08
vn -0.49164474 -0.87079591 -1.7456108e-07
vn -0.95161068 -0.3073011 -0.0017328835
vn -0.88482881 -0.46591529 -0.0010394111
vn -0.88467318 -0.46621108 -0.00075845979
vn -0.95141625 -0.30790228 -0.0017894252
vn -0.7264542 -0.68721485 0
vn -0.52645469 -0.85020316 0
vn -0.52645522 -0.85020292 -6.190924e-08
vn -0.7264539 -0.68721521 0
vn 0 -0.99999994 7.8226611e-07
vn 0 -0.93788511 0.34694603
vn 9.6953976e-08 -0.93788505 0.34694618
vn 2.424588e-13 -0.99999994 5.231405e-07
vn -0.9925487 -0.1218465 -0.00070244644
vn -0.95161068 -0.3073011 -0.0017328835
vn -0.95141625 -0.30790228 -0.0017894252
vn -0.99147105 -0.13032436 -0.00082771905
vn -0.88482881 -0.46591529 -0.0010394111
vn -0.7264542 -0.68721485 0
vn -0.7264539 -0.68721521 0
vn -0.88467318 -0.46621108 -0.00075845979
vn -0.52645469 -0.85020316 0
vn -0.34727764 -0.93776232 0
vn -0.34727806 -0.93776214 -9.8643639e-08
vn -0.52645522 -0.85020292 -6.190924e-08
vn 0.0017079347 -0.30728579 0.95161581
vn 0.00067731098 -0.12185987 0.99254709
vn 0.00081854331 -0.13032983 0.99147034
vn 0.001789834 -0.3078877 0.9514209
vn 0 -0.68636805 0.72725427
vn 0.0010393915 -0.46375445 0.88596308
vn 0.00077997381 -0.46405387 0.88580668
vn 0 -0.68636811 0.72725427
vn 0 -0.93788487 -0.34694642
vn 0 -0.85065025 -0.52573204
vn -1.2197597e-07 -0.85065007 -0.52573228
vn -2.1935382e-07 -0.93788499 -0.3469463
vn 0.0010393915 -0.46375445 0.88596308
vn 0.0017079347 -0.30728579 0.95161581
vn 0.001789834 -0.3078877 0.9514209
vn 0.00077997381 -0.46405387 0.88580668
vn 0 -0.85130423 0.52467245
vn 0 -0.68636805 0.72725427
vn 0 -0.68636811 0.72725427
vn 0 -0.85130411 0.52467269
vn 0.00018687992 -1 1.0223354e-08
vn 0.00049560203 -0.99999982 5.2110263e-09
vn 0.34694672 -0.93788475 2.5895753e-07
vn 0.29801738 -0.95456052 1.8776979e-07
vn 0.99262583 -0.12121873 0
vn 0.95143694 -0.30784366 0
vn 0.95143688 -0.30784374 0
vn 0.99155474 -0.12968899 0
vn 0.88448346 -0.46657145 0
vn 0.72645348 -0.68721551 0
vn 0.7264536 -0.68721545 0
vn 0.88448352 -0.46657139 0
vn 0.52573127 -0.85065067 0
vn 0.34694621 -0.93788505 0
vn 0.34694615 -0.93788511 2.4449616e-07
vn 0.52573168 -0.85065049 1.2247114e-07
vn -0.003829784 -0.99999267 2.3576516e-07
vn -4.253574e-07 -1 1.1986977e-07
vn -0.3469463 -0.93788505 -6.5601505e-08
vn -0.29801822 -0.95456016 -7.8298697e-08
vn 0.95143694 -0.30784366 0
vn 0.88448346 -0.46657145 0
vn 0.88448352 -0.46657139 0
vn 0.95143688 -0.30784374 0
vn 0.72645348 -0.68721551 0
vn 0.52573127 -0.85065067 0
vn 0.52573168 -0.85065049 1.2247114e-07
vn 0.7264536 -0.68721545 0
vn 0.34694621 -0.93788505 0
vn 3.6179824e-07 -1 0
vn -4.253574e-07 -1 1.1986977e-07
vn 0.34694615 -0.93788511 2.4449616e-07
vn 0.7072593 -0.00021208781 -0.70695424
vn 0.69710886 0.0010067752 -0.71696466
vn 0.69713718 0.0010074499 -0.71693701
vn 0.70726001 -0.00021294196 -0.70695341
vn 0.71401274 -0.028055748 0.6995703
vn 0.71039808 -0.011911784 0.70369935
vn 0.71039689 -0.011906743 0.70370048
vn 0.71401274 -0.028055748 0.6995703
vn -0.70603067 -0.0055065835 0.70815986
vn -0.70706463 0.00095650903 0.70714831
vn -0.70706487 0.00095406588 0.70714802
vn -0.70602614 -0.0055165337 0.70816433
vn 0.70341361 -0.014036028 0.7106421
vn 0.69956136 -0.028072989 0.71402091
vn 0.69956136 -0.028072989 0.71402091
vn 0.7034148 -0.014031695 0.71064115
vn -0.71402013 -0.028086677 -0.69956154
vn -0.71064305 -0.014045904 -0.70341241
vn -0.71064198 -0.014041269 -0.70341372
vn -0.71402013 -0.028086677 -0.69956154
vn 0.70710784 2.9753269e-06 0.70710576
vn 0.70341361 -0.014036028 0.7106421
vn 0.7034148 -0.014031695 0.71064115
vn 0.70710778 2.975846e-06 0.70710576
vn 0.70813119 -0.00098586257 -0.7060802
vn 0.7072593 -0.00021208781 -0.70695424
vn 0.70726001 -0.00021294196 -0.70695341
vn 0.70813125 -0.00098599482 -0.70608014
vn -0.70462376 -0.0090935379 -0.7095229
vn -0.70317024 -0.015994884 -0.71084148
vn -0.70317131 -0.01599133 -0.71084064
vn -0.70461988 -0.0091029163 -0.70952654
vn -0.71064305 -0.014045904 -0.70341241
vn -0.70710677 -1.9657277e-06 -0.70710671
vn -0.70710677 -1.9657539e-06 -0.70710671
vn -0.71064198 -0.014041269 -0.70341372
vn -0.70706463 0.00095650903 0.70714831
vn -0.70721215 0.0023089731 0.70699775
vn -0.70721275 0.002306337 0.70699698
vn -0.70706487 0.00095406588 0.70714802
vn 0.71039808 -0.011911784 0.70369935
vn 0.70965159 0.013496764 0.70442361
vn 0.7096408 0.013464164 0.70443493
vn 0.71039689 -0.011906743 0.70370048
vn 0.70710641 1.7122507e-06 0.70710713
vn 0.70710784 2.9753269e-06 0.70710576
vn 0.70710778 2.975846e-06 0.70710576
vn 0.70710641 1.712256e-06 0.70710707
vn 0.70581067 0.0013082618 -0.70839918
vn 0.70813119 -0.00098586257 -0.7060802
vn 0.70813125 -0.00098599482 -0.70608014
vn 0.70580775 0.0013107359 -0.7084021
vn -0.69999987 -0.012698528 -0.71403009
vn -0.70462376 -0.0090935379 -0.7095229
vn -0.70461988 -0.0091029163 -0.70952654
vn -0.69998866 -0.012693078 -0.71404111
vn -0.70710677 -1.9657277e-06 -0.70710671
vn -0.70710498 -5.7806221e-07 -0.70710856
vn -0.70710504 -5.7809291e-07 -0.70710844
vn -0.70710677 -1.9657539e-06 -0.70710671
vn -0.70721215 0.0023089731 0.70699775
vn -0.70904475 0.0016341764 0.70516151
vn -0.70904672 0.0016361517 0.7051596
vn -0.70721275 0.002306337 0.70699698
vn 0.70965159 0.013496764 0.70442361
vn 0.69821703 0.0072681517 0.71584922
vn 0.69826466 0.0073183696 0.71580225
vn 0.7096408 0.013464164 0.70443493
vn 0.70710558 1.0231859e-06 0.70710796
vn 0.70710641 1.7122507e-06 0.70710713
vn 0.70710641 1.712256e-06 0.70710707
vn 0.70710564 1.0228702e-06 0.70710796
vn 0.70185244 0.0012949483 -0.71232116
vn 0.70581067 0.0013082618 -0.70839918
vn 0.70580775 0.0013107359 -0.7084021
vn 0.70223898 0.0016128934 -0.71193945
vn -0.69996285 -0.0068306564 -0.71414655
vn -0.69999987 -0.012698528 -0.71403009
vn -0.69998866 -0.012693078 -0.71404111
vn -0.6999492 -0.006854509 -0.71415973
vn -0.70710498 -5.7806221e-07 -0.70710856
vn -0.70710498 1.110054e-07 -0.70710856
vn -0.70710492 1.1058918e-07 -0.70710856
vn -0.70710504 -5.7809291e-07 -0.70710844
vn 0.69821703 0.0072681517 0.71584922
vn 0.69298214 -0.0029363695 0.72094876
vn 0.69306105 -0.0028932909 0.72087312
vn 0.69826466 0.0073183696 0.71580225
vn -0.70904475 0.0016341764 0.70516151
vn -0.71231335 0.0012941384 0.70186049
vn -0.71193171 0.0016118733 0.7022469
vn -0.70904672 0.0016361517 0.7051596
vn -0.64424551 -0.41218069 0.64424747
vn -0.69736087 -0.16545239 0.69736171
vn -0.69736087 -0.16545232 0.69736165
vn -0.64424545 -0.41218054 0.64424753
vn -0.56896126 -0.59376961 0.5689646
vn -0.64424551 -0.41218069 0.64424747
vn -0.64424545 -0.41218054 0.64424753
vn -0.56896144 -0.59376943 0.56896478
vn -0.42859045 -0.79537266 0.42859372
vn -0.56896126 -0.59376961 0.5689646
vn -0.56896144 -0.59376943 0.56896478
vn -0.42859069 -0.79537237 0.42859393
vn -0.28375399 -0.91595179 0.28375357
vn -0.42859045 -0.79537266 0.42859372
vn -0.42859069 -0.79537237 0.42859393
vn -0.28375396 -0.91595179 0.28375354
vn -0.18061246 -0.96684867 0.18050696
vn -0.28375399 -0.91595179 0.28375357
vn -0.28375396 -0.91595179 0.28375354
vn -0.18061225 -0.96684873 0.18050675
vn -0.69736201 -0.16545267 -0.69736046
vn -0.64424604 -0.41218141 -0.64424646
vn -0.64424628 -0.41218051 -0.6442467
vn -0.69736201 -0.16545282 -0.69736046
vn -0.64424604 -0.41218141 -0.64424646
vn -0.56896275 -0.59376961 -0.56896311
vn -0.56896263 -0.59376985 -0.56896305
vn -0.64424628 -0.41218051 -0.6442467
vn -0.56896275 -0.59376961 -0.56896311
vn -0.42858782 -0.79537672 -0.4285889
vn -0.42859462 -0.79536939 -0.42859566
vn -0.56896263 -0.59376985 -0.56896305
vn -0.42858782 -0.79537672 -0.4285889
vn -0.2843838 -0.91586667 -0.2833975
vn -0.28436083 -0.91588104 -0.28337407
vn -0.42859462 -0.79536939 -0.42859566
vn -0.2843838 -0.91586667 -0.2833975
vn -0.18165211 -0.96673042 -0.18009697
vn -0.18110107 -0.9669354 -0.17955008
vn -0.28436083 -0.91588104 -0.28337407
vn 0.64424372 -0.4121967 0.64423901
vn 0.69736284 -0.16545279 0.69735956
vn 0.69736284 -0.16545281 0.69735956
vn 0.64424974 -0.41217819 0.64424497
vn 0.56797266 -0.59313399 0.57061297
vn 0.64424372 -0.4121967 0.64423901
vn 0.64424974 -0.41217819 0.64424497
vn 0.56793845 -0.59319794 0.57058054
vn 0.42706981 -0.79458994 0.43155321
vn 0.56797266 -0.59313399 0.57061297
vn 0.56793845 -0.59319794 0.57058054
vn 0.42611605 -0.79562342 0.43059087
vn 0.2894271 -0.91528463 0.2801533
vn 0.42706981 -0.79458994 0.43155321
vn 0.42611605 -0.79562342 0.43059087
vn 0.28910613 -0.91551614 0.27972779
vn 0.18661016 -0.96767569 0.16964746
vn 0.2894271 -0.91528463 0.2801533
vn 0.28910613 -0.91551614 0.27972779
vn 0.19292881 -0.96539909 0.17545049
vn -0.18165211 -0.96673042 -0.18009697
vn -0.1241577 -0.98460501 -0.12303546
vn -0.1241577 -0.98460501 -0.12303546
vn -0.18110107 -0.9669354 -0.17955008
vn 0.12837411 -0.98489827 0.11616994
vn 0.18661016 -0.96767569 0.16964746
vn 0.19292881 -0.96539909 0.17545049
vn 0.12837411 -0.98489827 0.11616994
vn 0.64422834 -0.4122797 -0.64420134
vn 0.6973623 -0.16545326 -0.69736004
vn 0.6973623 -0.16545342 -0.69735998
vn 0.64427006 -0.41214928 -0.64424306
vn 0.5797258 -0.59080184 -0.5611338
vn 0.64422834 -0.4122797 -0.64420134
vn 0.64427006 -0.41214928 -0.64424306
vn 0.58014953 -0.589791 -0.56175888
vn 0.44826323 -0.79063118 -0.41708812
vn 0.5797258 -0.59080184 -0.5611338
vn 0.58014953 -0.589791 -0.56175888
vn 0.4425748 -0.796615 -0.41174263
vn 0.28898537 -0.91651171 -0.27657482
vn 0.44826323 -0.79063118 -0.41708812
vn 0.4425748 -0.796615 -0.41174263
vn 0.28860247 -0.91672063 -0.27628222
vn 0.18061981 -0.96684563 -0.18051644
vn 0.28898537 -0.91651171 -0.27657482
vn 0.28860247 -0.91672063 -0.27628222
vn 0.18056658 -0.96686542 -0.18046311
vn -0.12385397 -0.98456693 0.12364586
vn -0.18061246 -0.96684867 0.18050696
vn -0.18061225 -0.96684873 0.18050675
vn -0.12385397 -0.98456693 0.12364586
vn 0.12380386 -0.98457772 -0.12360936
vn 0.18061981 -0.96684563 -0.18051644
vn 0.18056658 -0.96686542 -0.18046311
vn 0.12380386 -0.98457772 -0.12360936
vn -0.70317024 -0.015994884 -0.71084148
vn -0.69964844 -0.027775988 -0.71394712
vn -0.69964844 -0.027775988 -0.71394712
vn -0.70317131 -0.01599133 -0.71084064
vn 0.70872736 0.0014746621 -0.70548099
vn 0.7123217 0.0012963988 -0.70185202
vn 0.71194053 0.0016146995 -0.7022379
vn 0.70872974 0.0014769072 -0.70547849
vn -0.7018804 -0.022074634 0.71195263
vn -0.70603067 -0.0055065835 0.70815986
vn -0.70602614 -0.0055165337 0.70816433
vn -0.70189494 -0.022004679 0.71194053
vn -0.70548403 0.0014717977 0.70872438
vn -0.70710588 -1.8243563e-06 0.70710772
vn -0.70710588 -1.8245577e-06 0.70710772
vn -0.70548147 0.0014740338 0.70872682
vn 0.69710886 0.0010067752 -0.71696466
vn 0.70945597 -0.0078609167 -0.70470589
vn 0.7095502 -0.0078997808 -0.70461059
vn 0.69713718 0.0010074499 -0.71693701
vn -0.7104544 -0.013136933 0.70362049
vn -0.71252471 -0.027782967 0.70109665
vn -0.71252471 -0.027782967 0.70109665
vn -0.71045482 -0.013138998 0.7036202
vn 0.70710671 -4.4402177e-07 -0.70710689
vn 0.70872736 0.0014746621 -0.70548099
vn 0.70872974 0.0014769072 -0.70547849
vn 0.70710671 -4.4235756e-07 -0.70710683
vn 0.69951087 -0.028775264 -0.71404237
vn 0.70327032 -0.01480861 -0.71076834
vn 0.70327318 -0.014797849 -0.71076578
vn 0.69951087 -0.028775264 -0.71404237
vn -0.70710588 -1.8243563e-06 0.70710772
vn -0.70703113 0.00014170153 0.70718241
vn -0.70703113 0.00014170655 0.70718247
vn -0.70710588 -1.8245577e-06 0.70710772
vn -0.69904733 -0.035433885 0.71419698
vn -0.7018804 -0.022074634 0.71195263
vn -0.70189494 -0.022004679 0.71194053
vn -0.69904733 -0.035433885 0.71419698
vn 0.70945597 -0.0078609167 -0.70470589
vn 0.73020035 -0.016552486 -0.68303257
vn 0.73020035 -0.016552486 -0.68303257
vn 0.7095502 -0.0078997808 -0.70461059
vn 0.70703036 -0.00014301557 -0.70718312
vn 0.70710671 -4.4402177e-07 -0.70710689
vn 0.70710671 -4.4235756e-07 -0.70710683
vn 0.70703048 -0.00014301947 -0.70718318
vn -0.70703113 0.00014170153 0.70718241
vn -0.70759124 0.00089505274 0.70662153
vn -0.70759141 0.00089526398 0.70662123
vn -0.70703113 0.00014170655 0.70718247
vn 0.70318568 0.0026259136 0.71100157
vn 0.70185649 0.0012947767 0.71231717
vn 0.70224285 0.0016126911 0.71193564
vn 0.70318663 0.00262639 0.71100044
vn -0.7054832 0.0014718638 -0.70872521
vn -0.70185673 0.0012951118 -0.71231705
vn -0.70224255 0.0016130956 -0.711936
vn -0.70548064 0.0014741059 -0.7087276
vn 0.70691574 -0.00055745622 -0.7072975
vn 0.70703036 -0.00014301557 -0.70718312
vn 0.70703048 -0.00014301947 -0.70718318
vn 0.7069158 -0.00055764866 -0.70729756
vn -0.71231598 0.0012954337 -0.70185781
vn -0.7064566 0.00032916939 -0.7077564
vn -0.70646244 0.00033308996 -0.70775056
vn -0.71193486 0.0016134966 -0.70224363
vn -0.70759124 0.00089505274 0.70662153
vn -0.7104544 -0.013136933 0.70362049
vn -0.71045482 -0.013138998 0.7036202
vn -0.70759141 0.00089526398 0.70662123
vn 0.69298214 -0.0029363695 0.72094876
vn 0.70318568 0.0026259136 0.71100157
vn 0.70318663 0.00262639 0.71100044
vn 0.69306105 -0.0028932909 0.72087312
vn 0.70327032 -0.01480861 -0.71076834
vn 0.70691574 -0.00055745622 -0.7072975
vn 0.7069158 -0.00055764866 -0.70729756
vn 0.70327318 -0.014797849 -0.71076578
vn -0.70710498 1.110054e-07 -0.70710856
vn -0.7054832 0.0014718638 -0.70872521
vn -0.70548064 0.0014741059 -0.7087276
vn -0.70710492 1.1058918e-07 -0.70710856
vn -0.7064566 0.00032916939 -0.7077564
vn -0.69996285 -0.0068306564 -0.71414655
vn -0.6999492 -0.006854509 -0.71415973
vn -0.70646244 0.00033308996 -0.70775056
vn 0.7086826 0.0014638448 0.70552582
vn 0.70710558 1.0231859e-06 0.70710796
vn 0.70710564 1.0228702e-06 0.70710796
vn 0.70868999 0.001470634 0.70551848
vn -0.70870507 0.00010840288 0.70550483
vn -0.70870507 0.00010840288 0.70550483
vn -0.7087034 0.00010796425 0.70550662
vn -0.70870328 0.00010796446 0.70550656
vn 0.71313798 -0.0081866896 -0.70097589
vn 0.71313798 -0.0081866896 -0.70097589
vn 0.71457255 -0.0014381431 -0.69955987
vn 0.71457273 -0.0014372279 -0.69955963
vn -0.70678252 -1.4145648e-05 -0.7074309
vn -0.70678252 -1.4145648e-05 -0.7074309
vn -0.70677984 -1.1818152e-05 -0.70743346
vn -0.7067799 -1.181828e-05 -0.70743346
vn 0.74140495 -0.67105734 0.00089395576
vn 0.74057096 -0.67197746 0.00089307706
vn 0.82123703 -0.57058638 0.00097713072
vn -0.0014801916 -0.58112895 0.81381011
vn -0.0010158201 -0.58027756 0.81441814
vn -0.001009787 -0.6278047 0.77837026
vn -0.0013433015 -0.67685944 0.7361111
vn -0.81446379 -0.58021301 -0.0012775039
vn -0.7348929 -0.6781826 0.00081775559
vn -0.70951158 -0.7046923 0.0014256985
vn 0.0011828274 -0.58089989 -0.81397408
vn 0.0010594358 -0.67795324 -0.7351042
vn 0.0010596891 -0.67777675 -0.73526704
vn -0.70951158 -0.7046923 0.0014256985
vn -0.7348929 -0.6781826 0.00081775559
vn -0.6292398 -0.77720457 0.0032040684
vn -0.6292398 -0.77720457 0.0032040684
vn 0.71457273 -0.0014372279 -0.69955963
vn 0.71457255 -0.0014381431 -0.69955987
vn 0.71734941 0.012130096 -0.69660795
vn 0.70713025 1.6644917e-05 0.70708328
vn 0.70713025 1.666089e-05 0.70708334
vn 0.7071321 7.2283201e-06 0.7070815
vn -0.70870328 0.00010796446 0.70550656
vn -0.7087034 0.00010796425 0.70550662
vn -0.70869994 0.00010708232 0.70551002
vn -0.70869994 0.00010708232 0.70551002
vn -0.7067799 -1.181828e-05 -0.70743346
vn -0.70677984 -1.1818152e-05 -0.70743346
vn -0.70677477 -7.1384179e-06 -0.70743865
vn 0.74140495 -0.67105734 0.00089395576
vn 0.63411176 -0.77324098 0.00077968161
vn 0.74057096 -0.67197746 0.00089307706
vn -0.001009787 -0.6278047 0.77837026
vn -0.0010158201 -0.58027756 0.81441814
vn 0 -0.57841241 0.81574452
vn 0.0010594358 -0.67795324 -0.7351042
vn 0.00089819066 -0.77583957 -0.63092965
vn 0.0010596891 -0.67777675 -0.73526704
vn -0.001009787 -0.6278047 0.77837026
vn -0.0011613775 -0.77387005 0.6333434
vn -0.0013433015 -0.67685944 0.7361111
vn 0.0065696589 -0.12363516 0.99230593
vn 0.0059349178 -0.13207377 0.99122214
vn 0.0073174094 -0.0073176408 0.99994636
vn 0.0073174094 -0.0073176408 0.99994636
vn 0.70185244 0.0012949483 -0.71232116
vn 0.70223898 0.0016128934 -0.71193945
vn 0.7002753 0 -0.71387285
vn 0.7002753 0 -0.71387285
vn -0.99155492 -0.12968752 0
vn -0.99262589 -0.12121736 0
vn -1 0 0
vn -1 0 0
vn 0.99262583 -0.12121873 0
vn 0.99155474 -0.12968899 0
vn 1 0 0
vn 1 0 0
vn 0.71194053 0.0016146995 -0.7022379
vn 0.7123217 0.0012963988 -0.70185202
vn 0.71387094 0 -0.70027733
vn 0.71387094 0 -0.70027733
vn 0.00081854331 -0.13032983 0.99147034
vn 0.00067731098 -0.12185987 0.99254709
vn 0 0 1
vn 0 0 1
vn 0.6973623 -0.16545342 -0.69735998
vn 0.6973623 -0.16545326 -0.69736004
vn 0.70711046 0 -0.70710319
vn 0.70711046 0 -0.70710319
vn -0.70224255 0.0016130956 -0.711936
vn -0.70185673 0.0012951118 -0.71231705
vn -0.70028228 0 -0.71386606
vn -0.70028228 0 -0.71386606
vn -0.71193171 0.0016118733 0.7022469
vn -0.71231335 0.0012941384 0.70186049
vn -0.71386462 0 0.70028371
vn -0.71386462 0 0.70028371
vn 0.00067676656 -0.12185866 -0.99254727
vn 0.00081824081 -0.13032883 -0.99147046
vn 0 0 -1
vn 0 0 -1
vn -0.69736201 -0.16545267 -0.69736046
vn -0.69736201 -0.16545282 -0.69736046
vn -0.70710832 0 -0.70710522
vn -0.70710832 0 -0.70710522
vn 0.70224285 0.0016126911 0.71193564
vn 0.70185649 0.0012947767 0.71231717
vn 0.70028025 0 0.71386808
vn 0.70028025 0 0.71386808
vn 0.99147093 -0.13032539 -0.00082653202
vn 0.99254858 -0.12184769 -0.0007017483
vn 1 0 0
vn 1 0 0
vn 0.69736284 -0.16545281 0.69735956
vn 0.69736284 -0.16545279 0.69735956
vn 0.70710832 0 0.70710522
vn 0.70710832 0 0.70710522
vn -0.0008202584 -0.13032904 -0.99147034
vn -0.00068180927 -0.12185749 -0.99254739
vn 0 0 -1
vn 0 0 -1
vn -0.69736087 -0.16545232 0.69736165
vn -0.69736087 -0.16545239 0.69736171
vn -0.70710671 0 0.70710671
vn -0.70710671 0 0.70710671
vn -0.9925487 -0.1218465 -0.00070244644
vn -0.99147105 -0.13032436 -0.00082771905
vn -1 0 0
vn -1 0 0
vn -0.71231598 0.0012954337 -0.70185781
vn -0.71193486 0.0016134966 -0.70224363
vn -0.7138654 0 -0.70028305
vn -0.7138654 0 -0.70028305
vn 0.7071293 2.1353388e-05 0.70708418
vn 0.7071293 2.1353388e-05 0.70708418
vn 0.70713025 1.666089e-05 0.70708334
vn 0.70713025 1.6644917e-05 0.70708328
vn 9.714131e-08 -0.93788481 0.34694654
vn 0 -0.85065007 0.52573234
vn 0 -0.85065001 0.52573234
vn 0 -0.93788505 0.34694615
vn -2.1117904e-07 -0.68721503 0.72645408
vn -0.00077712827 -0.46619159 0.88468337
vn -0.0010396938 -0.46589318 0.88484031
vn 0 -0.68721485 0.7264542
vn -8.1252292e-06 -0.30541143 0.9522205
vn 0.0059349178 -0.13207377 0.99122214
vn 0.0065696589 -0.12363516 0.99230593
vn 0.001861971 -0.30562735 0.95214939
vn 0.7122913 0.0012874894 0.70188272
vn 0.7086826 0.0014638448 0.70552582
vn 0.70868999 0.001470634 0.70551848
vn 0.71189719 0.0016087102 0.70228183
vn -1.2197597e-07 -0.85065007 -0.52573228
vn 0 -0.68721592 -0.7264533
vn 0 -0.73025894 -0.68317044
vn -3.5086089e-07 -0.87079525 -0.49164581
vn 0 -0.68721592 -0.7264533
vn -0.00077635638 -0.46619287 -0.88468277
vn -0.00037840297 -0.49024332 -0.87158555
vn 0 -0.73025894 -0.68317044
vn 0.71386832 0 0.70028001
vn 0.7122913 0.0012874894 0.70188272
vn 0.71189719 0.0016087102 0.70228183
vn 0.71386832 0 0.70028001
vn 0 -0.85065007 0.52573234
vn -2.1117904e-07 -0.68721503 0.72645408
vn 0 -0.68721485 0.7264542
vn 0 -0.85065001 0.52573234
vn -0.00077712827 -0.46619159 0.88468337
vn -8.1252292e-06 -0.30541143 0.9522205
vn 0.001861971 -0.30562735 0.95214939
vn -0.0010396938 -0.46589318 0.88484031
vn -2.1935382e-07 -0.93788499 -0.3469463
vn -1.2197597e-07 -0.85065007 -0.52573228
vn -3.5086089e-07 -0.87079525 -0.49164581
vn -4.1451653e-07 -0.95456046 -0.29801711
vn 3.2638692e-13 -1 -2.4445821e-08
vn -2.1935382e-07 -0.93788499 -0.3469463
vn -4.1451653e-07 -0.95456046 -0.29801711
vn 2.7446451e-13 -1 3.2616984e-07
vn 3.2638692e-13 -1 -2.4445821e-08
vn 9.714131e-08 -0.93788481 0.34694654
vn 0 -0.93788505 0.34694615
vn 0 -1 -6.0625638e-07
vn -0.00077635638 -0.46619287 -0.88468277
vn -0.001790817 -0.30789065 -0.95142013
vn -0.001699067 -0.32050928 -0.94724387
vn -0.00037840297 -0.49024332 -0.87158555
vn -0.001790817 -0.30789065 -0.95142013
vn -0.0008202584 -0.13032904 -0.99147034
vn -0.001699067 -0.32050928 -0.94724387
vn -0.7264539 -0.68721521 0
vn -0.52645522 -0.85020292 -6.190924e-08
vn -0.49269024 -0.87020469 -1.7811942e-07
vn -0.68317056 -0.73025882 0
vn -0.99147105 -0.13032436 -0.00082771905
vn -0.95141625 -0.30790228 -0.0017894252
vn -0.94723731 -0.32052901 -0.0016564664
vn -0.52645522 -0.85020292 -6.190924e-08
vn -0.34727806 -0.93776214 -9.8643639e-08
vn -0.29769611 -0.95466065 -1.7303998e-07
vn -0.49269024 -0.87020469 -1.7811942e-07
vn 0.34694672 -0.93788475 2.5895753e-07
vn 0.00049560203 -0.99999982 5.2110263e-09
vn 0.00049525994 -0.99999994 0
vn 0.34694669 -0.93788481 3.1090423e-07
vn 0.5257327 -0.85064977 4.9439655e-07
vn 0.34694672 -0.93788475 2.5895753e-07
vn 0.34694669 -0.93788481 3.1090423e-07
vn 0.52573282 -0.85064989 8.653841e-07
vn 0.88467377 -0.46620998 -0.00075727748
vn 0.72645372 -0.68721539 6.6935633e-07
vn 0.7264539 -0.68721515 1.3387127e-06
vn 0.88482881 -0.46591502 -0.0010376037
vn 0.99147093 -0.13032539 -0.00082653202
vn 0.95141584 -0.30790347 -0.0017860268
vn 0.95161051 -0.30730191 -0.0017311581
vn 0.99254858 -0.12184769 -0.0007017483
vn -0.70185846 0.0012957533 0.71231532
vn -0.70548403 0.0014717977 0.70872438
vn -0.70548147 0.0014740338 0.70872682
vn -0.7022444 0.0016138966 0.71193415
vn -0.95141625 -0.30790228 -0.0017894252
vn -0.88467318 -0.46621108 -0.00075845979
vn -0.87157947 -0.49025416 -0.0003520248
vn -0.94723731 -0.32052901 -0.0016564664
vn -0.88467318 -0.46621108 -0.00075845979
vn -0.7264539 -0.68721521 0
vn -0.68317056 -0.73025882 0
vn -0.87157947 -0.49025416 -0.0003520248
vn -0.34727806 -0.93776214 -9.8643639e-08
vn 0.00049560203 -0.99999982 5.2110263e-09
vn 0.00018687992 -1 1.0223354e-08
vn -0.29769611 -0.95466065 -1.7303998e-07
vn 0.72645372 -0.68721539 6.6935633e-07
vn 0.5257327 -0.85064977 4.9439655e-07
vn 0.52573282 -0.85064989 8.653841e-07
vn 0.7264539 -0.68721515 1.3387127e-06
vn 0.95141584 -0.30790347 -0.0017860268
vn 0.88467377 -0.46620998 -0.00075727748
vn 0.88482881 -0.46591502 -0.0010376037
vn 0.95161051 -0.30730191 -0.0017311581
vn -0.70028365 0 0.71386462
vn -0.70185846 0.0012957533 0.71231532
vn -0.7022444 0.0016138966 0.71193415
vn -0.70028365 0 0.71386462
vn 0 -0.68636811 0.72725427
vn 0.00077997381 -0.46405387 0.88580668
vn 0.00038360461 -0.4876059 0.8730638
vn 0 -0.73040569 0.68301356
vn 0.00077997381 -0.46405387 0.88580668
vn 0.001789834 -0.3078877 0.9514209
vn 0.0017061193 -0.32050437 0.9472456
vn 0.00038360461 -0.4876059 0.8730638
vn 9.6953976e-08 -0.93788505 0.34694618
vn 0 -0.85130411 0.52467269
vn 0 -0.8711046 0.49109739
vn 2.8493051e-07 -0.95456052 0.29801729
vn 3.4198021e-07 -0.85064995 -0.52573252
vn 7.6486134e-07 -0.68721592 -0.7264533
vn 8.3860721e-07 -0.68721563 -0.72645354
vn 0 -0.85064965 -0.52573299
vn 0.00078030257 -0.46618816 -0.88468534
vn 0.0017900078 -0.3078869 -0.95142126
vn 0.0017062867 -0.30728441 -0.95161617
vn 0.0010393651 -0.46588942 -0.8848424
vn -9.6953748e-08 -0.93788499 -0.34694621
vn 3.4198021e-07 -0.85064995 -0.52573252
vn 0 -0.85064965 -0.52573299
vn 0 -0.93788499 -0.34694606
vn 2.424588e-13 -0.99999994 5.231405e-07
vn 9.6953976e-08 -0.93788505 0.34694618
vn 2.8493051e-07 -0.95456052 0.29801729
vn 5.4892865e-14 -1 -1.9186446e-08
vn 0.001789834 -0.3078877 0.9514209
vn 0.00081854331 -0.13032983 0.99147034
vn 0.0017061193 -0.32050437 0.9472456
vn 0 -0.85130411 0.52467269
vn 0 -0.68636811 0.72725427
vn 0 -0.73040569 0.68301356
vn 0 -0.8711046 0.49109739
vn 2.424588e-13 -0.99999994 5.231405e-07
vn -9.6953748e-08 -0.93788499 -0.34694621
vn 0 -0.93788499 -0.34694606
vn 0 -0.99999994 7.8226611e-07
vn 7.6486134e-07 -0.68721592 -0.7264533
vn 0.00078030257 -0.46618816 -0.88468534
vn 0.0010393651 -0.46588942 -0.8848424
vn 8.3860721e-07 -0.68721563 -0.72645354
vn 0.0017900078 -0.3078869 -0.95142126
vn 0.00081824081 -0.13032883 -0.99147046
vn 0.00067676656 -0.12185866 -0.99254727
vn 0.0017062867 -0.30728441 -0.95161617
vn 0.88448352 -0.46657139 0
vn 0.7264536 -0.68721545 0
vn 0.6831705 -0.730259 0
vn 0.8715533 -0.49030063 0
vn -0.72645372 -0.68721527 2.1238327e-07
vn -0.52573192 -0.85065031 -6.0685778e-08
vn -0.52573204 -0.85065025 0
vn -0.7264539 -0.68721527 4.2476657e-07
vn -0.95143723 -0.30784291 1.0994127e-07
vn -0.88448298 -0.46657243 3.2069417e-07
vn -0.88448322 -0.46657196 4.2088143e-07
vn -0.95143723 -0.30784303 0
vn -0.3469463 -0.93788505 -6.5601505e-08
vn -4.253574e-07 -1 1.1986977e-07
vn 3.6179824e-07 -1 0
vn -0.34694618 -0.93788505 0
vn 0.7264536 -0.68721545 0
vn 0.52573168 -0.85065049 1.2247114e-07
vn 0.49199399 -0.87059861 3.512028e-07
vn 0.6831705 -0.730259 0
vn 0.99155474 -0.12968899 0
vn 0.95143688 -0.30784374 0
vn 0.94743925 -0.31993562 0
vn 0.52573168 -0.85065049 1.2247114e-07
vn 0.34694615 -0.93788511 2.4449616e-07
vn 0.29880032 -0.9543156 4.8750553e-07
vn 0.49199399 -0.87059861 3.512028e-07
vn 0.95143688 -0.30784374 0
vn 0.88448352 -0.46657139 0
vn 0.8715533 -0.49030063 0
vn 0.94743925 -0.31993562 0
vn 0.34694615 -0.93788511 2.4449616e-07
vn -4.253574e-07 -1 1.1986977e-07
vn -0.003829784 -0.99999267 2.3576516e-07
vn 0.29880032 -0.9543156 4.8750553e-07
vn -0.88448298 -0.46657243 3.2069417e-07
vn -0.72645372 -0.68721527 2.1238327e-07
vn -0.7264539 -0.68721527 4.2476657e-07
vn -0.88448322 -0.46657196 4.2088143e-07
vn -0.99155492 -0.12968752 0
vn -0.95143723 -0.30784291 1.0994127e-07
vn -0.95143723 -0.30784303 0
vn -0.99262589 -0.12121736 0
vn -0.52573192 -0.85065031 -6.0685778e-08
vn -0.3469463 -0.93788505 -6.5601505e-08
vn -0.34694618 -0.93788505 0
vn -0.52573204 -0.85065025 0
vn 0 -0.93776232 0.34727779
vn 0 -0.99999994 -0.00049567048
vn 0 -0.99999982 -0.00049602246
vn -1.2408675e-07 -0.93776232 0.34727776
vn 0.29801747 -0.95456046 -5.3955848e-08
vn 0.49164531 -0.87079561 5.9056887e-08
vn 0.52573222 -0.85065007 1.9421975e-07
vn 0.34694606 -0.93788505 -1.591266e-08
vn 0.49164531 -0.87079561 5.9056887e-08
vn 0.68317074 -0.73025876 1.1748611e-07
vn 0.72645408 -0.68721503 5.0239737e-07
vn 0.52573222 -0.85065007 1.9421975e-07
vn 0.68317074 -0.73025876 1.1748611e-07
vn 0.87158656 -0.4902415 0.00037861284
vn 0.88468307 -0.46619225 0.00077680522
vn 0.72645408 -0.68721503 5.0239737e-07
vn 0.87158656 -0.4902415 0.00037861284
vn 0.94819301 -0.31769067 0.0016701792
vn 0.95222038 -0.30541152 7.3992878e-06
vn 0.88468307 -0.46619225 0.00077680522
vn 0.94819301 -0.31769067 0.0016701792
vn 0.99122226 -0.13207251 -0.0059336964
vn 0.95222038 -0.30541152 7.3992878e-06
vn 3.357633e-07 -1 2.6853149e-07
vn -0.29801726 -0.9545604 3.9078748e-07
vn -0.34694615 -0.93788505 1.8910809e-07
vn 1.002279e-06 -1 1.3426575e-07
vn -3.4912182e-07 -0.87079537 0.49164587
vn -1.2137143e-07 -0.85064995 0.5257324
vn 0 -0.68721545 0.72645366
vn 0 -0.73025906 0.68317026
vn 0 -0.73025906 0.68317026
vn 0 -0.68721545 0.72645366
vn 1.4171098e-07 -0.46657225 0.8844831
vn 0 -0.49030149 0.87155288
vn 0 -0.49030149 0.87155288
vn 1.4171098e-07 -0.46657225 0.8844831
vn 3.2292095e-07 -0.30784318 0.95143712
vn 0 -0.31993538 0.94743937
vn 0 -0.31993538 0.94743937
vn 3.2292095e-07 -0.30784318 0.95143712
vn 3.3682707e-07 -0.12968689 0.99155498
vn 0.34694621 -0.93788505 0
vn 0.52467245 -0.85130429 0
vn 0.52467239 -0.85130417 1.3311082e-07
vn 0.34694612 -0.93788505 5.6204438e-08
vn -7.8226617e-07 -1 -8.0329215e-08
vn -0.34694597 -0.93788511 -2.0230792e-07
vn -0.34694618 -0.93788505 6.93153e-09
vn -4.6447065e-07 -1 -5.0690924e-10
vn 0 -0.95456046 -0.29801726
vn 0 -0.93788511 -0.346946
vn 0 -0.85065031 -0.52573186
vn 0 -0.87115628 -0.49100599
vn 0 -0.87115628 -0.49100599
vn 0 -0.85065031 -0.52573186
vn 0 -0.68721527 -0.72645378
vn 0 -0.72913748 -0.68436718
vn 0 -0.72913748 -0.68436718
vn 0 -0.68721527 -0.72645378
vn -0.00075833098 -0.46621081 -0.8846733
vn -0.00035552355 -0.48959658 -0.87194902
vn -0.00035552355 -0.48959658 -0.87194902
vn -0.00075833098 -0.46621081 -0.8846733
vn -0.0017890625 -0.30790263 -0.95141608
vn -0.001656358 -0.32052955 -0.94723701
vn -0.001656358 -0.32052955 -0.94723701
vn -0.0017890625 -0.30790263 -0.95141608
vn -0.00082737074 -0.13032438 -0.99147105
vn 6.7152655e-08 -1 7.9315292e-08
vn 0.29801747 -0.95456046 -5.3955848e-08
vn 0.34694606 -0.93788505 -1.591266e-08
vn -4.6447065e-07 -1 -5.0690924e-10
vn -0.49164543 -0.87079555 1.0783697e-07
vn -0.68317014 -0.7302593 -7.54751e-07
vn -0.72645372 -0.68721533 -4.4406235e-07
vn -0.52573222 -0.85065007 -4.0802568e-08
vn -0.68317014 -0.7302593 -7.54751e-07
vn -0.87158793 -0.49023908 -0.000385461
vn -0.88468546 -0.46618778 -0.00078061747
vn -0.72645372 -0.68721533 -4.4406235e-07
vn -0.87158793 -0.49023908 -0.000385461
vn -0.94724554 -0.32050416 -0.0017086087
vn -0.95142108 -0.30788741 -0.0017903317
vn -0.88468546 -0.46618778 -0.00078061747
vn -0.94724554 -0.32050416 -0.0017086087
vn -0.99147052 -0.13032933 -0.00081807037
vn -0.95142108 -0.30788741 -0.0017903317
vn -0.29801726 -0.9545604 3.9078748e-07
vn -0.49164543 -0.87079555 1.0783697e-07
vn -0.52573222 -0.85065007 -4.0802568e-08
vn -0.34694615 -0.93788505 1.8910809e-07
vn -0.88483983 -0.46589413 0.0010391432
vn -0.95161498 -0.30728838 0.0017119405
vn -0.95142007 -0.30789044 0.0017904463
vn -0.88468301 -0.46619239 0.00077630812
vn -0.52573186 -0.85065037 -1.2366881e-07
vn -0.72645348 -0.68721557 0
vn -0.7264536 -0.68721551 -1.3954241e-07
vn -0.5257321 -0.85065031 -9.813116e-08
vn -0.95161498 -0.30728838 0.0017119405
vn -0.99254739 -0.12185723 0.00068180851
vn -0.99147052 -0.1303287 0.00082015648
vn -0.95142007 -0.30789044 0.0017904463
vn -0.72645348 -0.68721557 0
vn -0.88483983 -0.46589413 0.0010391432
vn -0.88468301 -0.46619239 0.00077630812
vn -0.7264536 -0.68721551 -1.3954241e-07
vn -1.8592098e-07 -0.95456046 0.29801723
vn -1.41181e-07 -0.93788499 0.34694627
vn -1.2137143e-07 -0.85064995 0.5257324
vn -3.4912182e-07 -0.87079537 0.49164587
vn -0.0017324575 -0.30730194 0.95161051
vn -0.0010391561 -0.46591559 0.88482851
vn -0.00075848342 -0.4662109 0.88467324
vn -0.0017892952 -0.30790272 0.95141613
vn 0 -0.68721533 0.72645372
vn 0 -0.85020322 0.52645445
vn -2.9869977e-07 -0.85020328 0.52645457
vn -1.7672484e-07 -0.68721527 0.72645372
vn 1.4080795e-06 -1 0
vn 0.34694621 -0.93788505 0
vn 0.34694612 -0.93788505 5.6204438e-08
vn 1.002279e-06 -1 1.3426575e-07
vn -0.00070227304 -0.12184659 0.99254864
vn -0.0017324575 -0.30730194 0.95161051
vn -0.0017892952 -0.30790272 0.95141613
vn -0.00082753832 -0.13032439 0.99147105
vn -0.0010391561 -0.46591559 0.88482851
vn 0 -0.68721533 0.72645372
vn -1.7672484e-07 -0.68721527 0.72645372
vn -0.00075848342 -0.4662109 0.88467324
vn 0 -0.85020322 0.52645445
vn 0 -0.93776232 0.34727779
vn -1.2408675e-07 -0.93776232 0.34727776
vn -2.9869977e-07 -0.85020328 0.52645457
vn 0.95161599 -0.3072851 -0.0017063788
vn 0.99254715 -0.12185927 -0.00067658327
vn 0.99147052 -0.13032937 -0.00081786595
vn 0.95142114 -0.30788711 -0.0017893272
vn 0.72725374 -0.68636864 0
vn 0.88596261 -0.46375543 -0.0010385563
vn 0.88580626 -0.46405444 -0.00077973085
vn 0.72725368 -0.68636876 2.1292441e-07
vn -0.34694597 -0.93788511 -2.0230792e-07
vn -0.52573186 -0.85065037 -1.2366881e-07
vn -0.5257321 -0.85065031 -9.813116e-08
vn -0.34694618 -0.93788505 6.93153e-09
vn 0.88596261 -0.46375543 -0.0010385563
vn 0.95161599 -0.3072851 -0.0017063788
vn 0.95142114 -0.30788711 -0.0017893272
vn 0.88580626 -0.46405444 -0.00077973085
vn 0.52467245 -0.85130429 0
vn 0.72725374 -0.68636864 0
vn 0.72725368 -0.68636876 2.1292441e-07
vn 0.52467239 -0.85130417 1.3311082e-07
vn 0 -1 -0.00018700463
vn 0 -0.99999982 -0.00049602246
vn 0 -0.93788511 -0.346946
vn 0 -0.95456046 -0.29801726
vn 0 -0.12121765 -0.99262595
vn 0 -0.30784333 -0.951437
vn 0 -0.30784357 -0.95143706
vn 0 -0.12968794 -0.99155486
vn 0 -0.46657145 -0.8844834
vn 0 -0.68721485 -0.7264542
vn 2.0831303e-07 -0.68721503 -0.72645402
vn 2.0640833e-07 -0.46657139 -0.88448352
vn -1.3556382e-06 -0.85065037 -0.5257318
vn -1.3582729e-06 -0.93788511 -0.34694612
vn -4.337185e-07 -0.93788511 -0.34694612
vn -4.3287864e-07 -0.85065049 -0.52573156
vn -4.0725599e-08 -0.99999273 0.0038288657
vn -2.0055774e-08 -1 -4.4980311e-07
vn -1.41181e-07 -0.93788499 0.34694627
vn -1.8592098e-07 -0.95456046 0.29801723
vn 0 -0.30784333 -0.951437
vn 0 -0.46657145 -0.8844834
vn 2.0640833e-07 -0.46657139 -0.88448352
vn 0 -0.30784357 -0.95143706
vn 0 -0.68721485 -0.7264542
vn -1.3556382e-06 -0.85065037 -0.5257318
vn -4.3287864e-07 -0.85065049 -0.52573156
vn 2.0831303e-07 -0.68721503 -0.72645402
vn -1.3582729e-06 -0.93788511 -0.34694612
vn 0 -1 -8.5071457e-07
vn -2.0055774e-08 -1 -4.4980311e-07
vn -4.337185e-07 -0.93788511 -0.34694612
vn -0.70694929 -0.00021807368 -0.70726424
vn -0.71696424 0.0010055546 -0.6971091
vn -0.71693683 0.0010062166 -0.69713742
vn -0.70694852 -0.00021892342 -0.7072649
vn 0.69956869 -0.028053848 -0.71401447
vn 0.70369917 -0.011911408 -0.7103982
vn 0.70370042 -0.011906232 -0.71039701
vn 0.69956869 -0.028053848 -0.71401447
vn 0.7081598 -0.0055081341 0.70603073
vn 0.70714551 0.00095772429 0.70706743
vn 0.70714515 0.00095527899 0.70706779
vn 0.70816416 -0.0055180807 0.70602614
vn 0.71064281 -0.014037637 -0.70341301
vn 0.71402091 -0.028074699 -0.6995613
vn 0.71402091 -0.028074699 -0.6995613
vn 0.71064174 -0.014033314 -0.70341414
vn -0.69956094 -0.028084619 0.71402079
vn -0.70341212 -0.014045166 0.71064353
vn -0.70341343 -0.014040453 0.71064234
vn -0.69956094 -0.028084619 0.71402079
vn 0.70710617 2.2181255e-06 -0.70710725
vn 0.71064281 -0.014037637 -0.70341301
vn 0.71064174 -0.014033314 -0.70341414
vn 0.70710617 2.2182783e-06 -0.70710737
vn -0.70607442 -0.00099212932 -0.70813686
vn -0.70694929 -0.00021807368 -0.70726424
vn -0.70694852 -0.00021892342 -0.7072649
vn -0.70607442 -0.00099225692 -0.70813698
vn -0.70952427 -0.0090938257 0.70462233
vn -0.71084237 -0.01599418 0.70316958
vn -0.71084142 -0.015990699 0.7031706
vn -0.70952791 -0.0091032125 0.70461851
vn -0.70341212 -0.014045166 0.71064353
vn -0.70710582 -1.0229672e-06 0.70710772
vn -0.70710582 -1.0237126e-06 0.70710766
vn -0.70341343 -0.014040453 0.71064234
vn 0.70714551 0.00095772429 0.70706743
vn 0.70699096 0.0023121161 0.70721877
vn 0.70699018 0.0023094774 0.70721948
vn 0.70714515 0.00095527899 0.70706779
vn 0.70369917 -0.011911408 -0.7103982
vn 0.70442337 0.013496642 -0.70965183
vn 0.70443469 0.013464024 -0.7096411
vn 0.70370042 -0.011906232 -0.71039701
vn 0.70710725 9.5612131e-07 -0.70710635
vn 0.70710617 2.2181255e-06 -0.70710725
vn 0.70710617 2.2182783e-06 -0.70710737
vn 0.70710725 9.5614973e-07 -0.70710629
vn -0.7083953 0.0013055863 -0.70581472
vn -0.70607442 -0.00099212932 -0.70813686
vn -0.70607442 -0.00099225692 -0.70813698
vn -0.70839828 0.001308074 -0.70581168
vn -0.71403253 -0.012698362 0.69999731
vn -0.70952427 -0.0090938257 0.70462233
vn -0.70952791 -0.0091032125 0.70461851
vn -0.71404368 -0.012692931 0.69998616
vn -0.70710582 -1.0229672e-06 0.70710772
vn -0.70710653 8.0612654e-07 0.70710695
vn -0.70710659 8.0611898e-07 0.70710701
vn -0.70710582 -1.0237126e-06 0.70710766
vn 0.70699096 0.0023121161 0.70721877
vn 0.70515329 0.0016382313 0.70905304
vn 0.70515126 0.0016402155 0.70905501
vn 0.70699018 0.0023094774 0.70721948
vn 0.70442337 0.013496642 -0.70965183
vn 0.71584791 0.0072680237 -0.69821835
vn 0.71580112 0.007318099 -0.69826591
vn 0.70443469 0.013464024 -0.7096411
vn 0.7071082 -5.3411355e-07 -0.7071054
vn 0.70710725 9.5612131e-07 -0.70710635
vn 0.70710725 9.5614973e-07 -0.70710629
vn 0.70710814 -5.3445768e-07 -0.7071054
vn -0.71231657 0.0012949479 -0.70185709
vn -0.7083953 0.0013055863 -0.70581472
vn -0.70839828 0.001308074 -0.70581168
vn -0.71193528 0.0016128926 -0.70224333
vn -0.71414846 -0.0068325531 0.69996095
vn -0.71403253 -0.012698362 0.69999731
vn -0.71404368 -0.012692931 0.69998616
vn -0.71416163 -0.0068563772 0.6999473
vn -0.70710653 8.0612654e-07 0.70710695
vn -0.70710695 3.0003716e-07 0.70710671
vn -0.70710677 2.9950172e-07 0.70710665
vn -0.70710659 8.0611898e-07 0.70710701
vn 0.71584791 0.0072680237 -0.69821835
vn 0.72095019 -0.0029364456 -0.69298065
vn 0.72087455 -0.0028933138 -0.69305962
vn 0.71580112 0.007318099 -0.69826591
vn 0.70515329 0.0016382313 0.70905304
vn 0.70185298 0.0012955962 0.71232074
vn 0.70223922 0.0016136895 0.71193916
vn 0.70515126 0.0016402155 0.70905501
vn 0.64424646 -0.41218048 0.64424658
vn 0.69736081 -0.16545166 0.69736189
vn 0.69736087 -0.16545182 0.69736195
vn 0.64424646 -0.41218054 0.64424658
vn 0.56896305 -0.59376889 0.56896347
vn 0.64424646 -0.41218048 0.64424658
vn 0.64424646 -0.41218054 0.64424658
vn 0.56896311 -0.59376884 0.56896353
vn 0.42859182 -0.79537207 0.42859367
vn 0.56896305 -0.59376889 0.56896347
vn 0.56896311 -0.59376884 0.56896353
vn 0.42859161 -0.79537219 0.42859343
vn 0.28375298 -0.91595197 0.28375387
vn 0.42859182 -0.79537207 0.42859367
vn 0.42859161 -0.79537219 0.42859343
vn 0.28375298 -0.91595191 0.28375387
vn 0.18050665 -0.96684921 0.18061021
vn 0.28375298 -0.91595197 0.28375387
vn 0.28375298 -0.91595191 0.28375387
vn 0.1805066 -0.96684921 0.18061016
vn -0.69736171 -0.16545226 0.69736087
vn -0.64424658 -0.41218096 0.64424616
vn -0.6442467 -0.41218057 0.64424634
vn -0.69736171 -0.16545239 0.69736087
vn -0.64424658 -0.41218096 0.64424616
vn -0.56896299 -0.59376907 0.56896359
vn -0.56896287 -0.59376913 0.56896347
vn -0.6442467 -0.41218057 0.64424634
vn -0.56896299 -0.59376907 0.56896359
vn -0.42858872 -0.79537654 0.42858812
vn -0.42859554 -0.79536927 0.42859495
vn -0.56896287 -0.59376913 0.56896347
vn -0.42858872 -0.79537654 0.42858812
vn -0.28339675 -0.91586691 0.28438404
vn -0.28337294 -0.91588145 0.28436071
vn -0.42859554 -0.79536927 0.42859495
vn -0.28339675 -0.91586691 0.28438404
vn -0.18009609 -0.96673059 0.18165192
vn -0.17954916 -0.96693563 0.18110085
vn -0.28337294 -0.91588145 0.28436071
vn 0.64423752 -0.41219673 -0.64424521
vn 0.6973598 -0.16545226 -0.69736278
vn 0.69735986 -0.16545212 -0.69736278
vn 0.64424348 -0.41217795 -0.64425117
vn 0.57060927 -0.59313434 -0.56797588
vn 0.64423752 -0.41219673 -0.64424521
vn 0.64424348 -0.41217795 -0.64425117
vn 0.57057679 -0.59319842 -0.56794161
vn 0.43155164 -0.79459012 -0.42707115
vn 0.57060927 -0.59313434 -0.56797588
vn 0.57057679 -0.59319842 -0.56794161
vn 0.43058947 -0.7956233 -0.42611754
vn 0.28015462 -0.91528457 -0.28942636
vn 0.43155164 -0.79459012 -0.42707115
vn 0.43058947 -0.7956233 -0.42611754
vn 0.27972865 -0.91551632 -0.28910506
vn 0.16964665 -0.96767557 -0.18661165
vn 0.28015462 -0.91528457 -0.28942636
vn 0.27972865 -0.91551632 -0.28910506
vn 0.17544994 -0.96539903 -0.19292995
vn -0.18009609 -0.96673059 0.18165192
vn -0.12303501 -0.98460519 0.124157
vn -0.12303501 -0.98460519 0.124157
vn -0.17954916 -0.96693563 0.18110085
vn 0.11616646 -0.98489815 -0.12837827
vn 0.16964665 -0.96767557 -0.18661165
vn 0.17544994 -0.96539903 -0.19292995
vn 0.11616646 -0.98489815 -0.12837827
vn -0.64420044 -0.41227818 -0.64423013
vn -0.69735855 -0.16545269 -0.69736385
vn -0.69735855 -0.16545284 -0.69736391
vn -0.64424217 -0.41214791 -0.64427179
vn -0.56113482 -0.59080136 -0.57972538
vn -0.64420044 -0.41227818 -0.64423013
vn -0.64424217 -0.41214791 -0.64427179
vn -0.56176001 -0.58979028 -0.58014917
vn -0.41708937 -0.79063147 -0.44826132
vn -0.56113482 -0.59080136 -0.57972538
vn -0.56176001 -0.58979028 -0.58014917
vn -0.41174349 -0.79661596 -0.44257239
vn -0.27657476 -0.91651195 -0.2889851
vn -0.41708937 -0.79063147 -0.44826132
vn -0.41174349 -0.79661596 -0.44257239
vn -0.27628219 -0.91672075 -0.28860232
vn -0.18051495 -0.96684551 -0.1806218
vn -0.27657476 -0.91651195 -0.2889851
vn -0.27628219 -0.91672075 -0.28860232
vn -0.1804613 -0.96686548 -0.18056822
vn 0.12364449 -0.98456734 0.12385189
vn 0.18050665 -0.96684921 0.18061021
vn 0.1805066 -0.96684921 0.18061016
vn 0.12364449 -0.98456734 0.12385189
vn -0.12360738 -0.98457789 -0.12380483
vn -0.18051495 -0.96684551 -0.1806218
vn -0.1804613 -0.96686548 -0.18056822
vn -0.12360738 -0.98457789 -0.12380483
vn -0.71084237 -0.01599418 0.70316958
vn -0.71394879 -0.027772656 0.69964695
vn -0.71394879 -0.027772656 0.69964695
vn -0.71084142 -0.015990699 0.7031706
vn -0.70548224 0.0014729458 -0.70872599
vn -0.70185202 0.0012955924 -0.7123217
vn -0.70223808 0.0016136942 -0.71194029
vn -0.70547992 0.0014751857 -0.70872843
vn 0.71195376 -0.022077926 0.70187914
vn 0.7081598 -0.0055081341 0.70603073
vn 0.70816416 -0.0055180807 0.70602614
vn 0.71194172 -0.022008039 0.70189369
vn 0.70872521 0.0014724067 0.70548302
vn 0.70710599 -1.4012438e-06 0.70710754
vn 0.70710599 -1.4006851e-06 0.70710754
vn 0.70872772 0.0014746471 0.70548064
vn -0.71696424 0.0010055546 -0.6971091
vn -0.70470697 -0.0078568822 -0.70945483
vn -0.70461172 -0.0078957193 -0.70954913
vn -0.71693683 0.0010062166 -0.69713742
vn 0.70362008 -0.01313849 0.71045494
vn 0.70109195 -0.027786873 0.71252924
vn 0.70109195 -0.027786873 0.71252924
vn 0.70361972 -0.013140584 0.7104553
vn -0.70710677 2.6705681e-07 -0.70710683
vn -0.70548224 0.0014729458 -0.70872599
vn -0.70547992 0.0014751857 -0.70872843
vn -0.70710677 2.6722853e-07 -0.70710677
vn -0.71404386 -0.028776143 -0.69950926
vn -0.71077019 -0.014811056 -0.70326835
vn -0.71076757 -0.014800322 -0.70327115
vn -0.71404386 -0.028776143 -0.69950926
vn 0.70710599 -1.4012438e-06 0.70710754
vn 0.70718163 0.00014204139 0.70703185
vn 0.70718169 0.00014204613 0.70703185
vn 0.70710599 -1.4006851e-06 0.70710754
vn 0.71419865 -0.035436489 0.69904542
vn 0.71195376 -0.022077926 0.70187914
vn 0.71194172 -0.022008039 0.70189369
vn 0.71419865 -0.035436489 0.69904542
vn -0.70470697 -0.0078568822 -0.70945483
vn -0.68303156 -0.016546717 -0.73020142
vn -0.68303156 -0.016546717 -0.73020142
vn -0.70461172 -0.0078957193 -0.70954913
vn -0.7071833 -0.00014413237 -0.70703024
vn -0.70710677 2.6705681e-07 -0.70710683
vn -0.70710677 2.6722853e-07 -0.70710677
vn -0.70718324 -0.00014413687 -0.70703024
vn 0.70718163 0.00014204139 0.70703185
vn 0.70662361 0.00089615409 0.70758897
vn 0.70662344 0.0008963584 0.70758921
vn 0.70718169 0.00014204613 0.70703185
vn 0.71100497 0.0026277343 -0.70318222
vn 0.71231961 0.0012959047 -0.70185411
vn 0.71193826 0.0016141026 -0.70224011
vn 0.7110039 0.0026282123 -0.70318317
vn -0.70872635 0.001472778 0.70548207
vn -0.71232152 0.001296305 0.70185214
vn -0.71194023 0.0016144107 0.7022382
vn -0.70872873 0.0014750214 0.70547956
vn -0.70729977 -0.00056210539 -0.70691359
vn -0.7071833 -0.00014413237 -0.70703024
vn -0.70718324 -0.00014413687 -0.70703024
vn -0.70729977 -0.00056229817 -0.70691359
vn -0.70185608 0.0012951104 0.71231759
vn -0.70775712 0.00032746821 0.70645577
vn -0.70775133 0.00033138515 0.70646161
vn -0.70224237 0.0016130849 0.71193624
vn 0.70662361 0.00089615409 0.70758897
vn 0.70362008 -0.01313849 0.71045494
vn 0.70361972 -0.013140584 0.7104553
vn 0.70662344 0.0008963584 0.70758921
vn 0.72095019 -0.0029364456 -0.69298065
vn 0.71100497 0.0026277343 -0.70318222
vn 0.7110039 0.0026282123 -0.70318317
vn 0.72087455 -0.0028933138 -0.69305962
vn -0.71077019 -0.014811056 -0.70326835
vn -0.70729977 -0.00056210539 -0.70691359
vn -0.70729977 -0.00056229817 -0.70691359
vn -0.71076757 -0.014800322 -0.70327115
vn -0.70710695 3.0003716e-07 0.70710671
vn -0.70872635 0.001472778 0.70548207
vn -0.70872873 0.0014750214 0.70547956
vn -0.70710677 2.9950172e-07 0.70710665
vn -0.70775712 0.00032746821 0.70645577
vn -0.71414846 -0.0068325531 0.69996095
vn -0.71416163 -0.0068563772 0.6999473
vn -0.70775133 0.00033138515 0.70646161
vn 0.70552599 0.001463223 -0.70868248
vn 0.7071082 -5.3411355e-07 -0.7071054
vn 0.70710814 -5.3445768e-07 -0.7071054
vn 0.70551872 0.0014700091 -0.70868981
vn 0.70551032 0.00010553021 0.7086997
vn 0.70551032 0.00010553021 0.7086997
vn 0.7055096 0.00010406614 0.70870024
vn 0.70550966 0.00010406693 0.7087003
vn -0.70097929 -0.008183267 -0.71313477
vn -0.70097929 -0.008183267 -0.71313477
vn -0.69956279 -0.0014392848 -0.71456963
vn -0.69956273 -0.001438421 -0.71456987
vn -0.70743263 -1.5619034e-05 0.70678079
vn -0.70743263 -1.5619034e-05 0.70678079
vn -0.70743239 -1.6497619e-05 0.70678103
vn -0.70743233 -1.649757e-05 0.70678103
vn 0.00087985897 -0.6710611 -0.74140155
vn 0.0008790064 -0.67198002 -0.74056876
vn 0.00096058293 -0.57059318 -0.82123232
vn 0.81381178 -0.58112657 0.0014814393
vn 0.81460577 -0.58001304 0.0015189474
vn 0.77856052 -0.62756777 0.0014485001
vn 0.73611456 -0.67685562 0.0013391393
vn -0.001272904 -0.58021903 0.8144595
vn 0.00082022866 -0.6781823 0.7348932
vn 0.0014288854 -0.70474797 0.70945632
vn -0.8139751 -0.58089864 -0.0011865661
vn -0.73510873 -0.67794842 -0.0010628095
vn -0.73527139 -0.67777205 -0.0010630635
vn 0.0014288854 -0.70474797 0.70945632
vn 0.00082022866 -0.6781823 0.7348932
vn 0.0032040568 -0.77719867 0.62924707
vn 0.0032040568 -0.77719867 0.62924707
vn -0.69956273 -0.001438421 -0.71456987
vn -0.69956279 -0.0014392848 -0.71456963
vn -0.69661021 0.012119777 -0.71734744
vn 0.70708299 1.8622912e-05 -0.70713055
vn 0.70708299 1.8620351e-05 -0.70713055
vn 0.70708239 2.0131822e-05 -0.70713121
vn 0.70550966 0.00010406693 0.7087003
vn 0.7055096 0.00010406614 0.70870024
vn 0.70550823 0.00010112254 0.70870167
vn 0.70550823 0.00010112254 0.70870167
vn -0.70743233 -1.649757e-05 0.70678103
vn -0.70743239 -1.6497619e-05 0.70678103
vn -0.70743185 -1.8264136e-05 0.70678169
vn 0.00087985897 -0.6710611 -0.74140155
vn 0.00076870492 -0.77324015 -0.63411295
vn 0.0008790064 -0.67198002 -0.74056876
vn 0.77856052 -0.62756777 0.0014485001
vn 0.81460577 -0.58001304 0.0015189474
vn 0.81633842 -0.57757175 0.0016010378
vn -0.73510873 -0.67794842 -0.0010628095
vn -0.63093877 -0.77583212 -0.00090108399
vn -0.73527139 -0.67777205 -0.0010630635
vn 0.77856052 -0.62756777 0.0014485001
vn 0.63335013 -0.77386463 0.0011510982
vn 0.73611456 -0.67685562 0.0013391393
vn 0.99230611 -0.12363405 -0.0065681292
vn 0.99122226 -0.13207251 -0.0059336964
vn 0.99994648 -0.0073163016 -0.0073161512
vn 0.99994648 -0.0073163016 -0.0073161512
vn -0.71231657 0.0012949479 -0.70185709
vn -0.71193528 0.0016128926 -0.70224333
vn -0.71386671 0 -0.70028162
vn -0.71386671 0 -0.70028162
vn 3.3682707e-07 -0.12968689 0.99155498
vn 3.6359253e-07 -0.12121662 0.99262601
vn 0 1.4901331e-06 1
vn 0 1.4901331e-06 1
vn 0 -0.12121765 -0.99262595
vn 0 -0.12968794 -0.99155486
vn 0 0 -1
vn 0 0 -1
vn -0.70223808 0.0016136942 -0.71194029
vn -0.70185202 0.0012955924 -0.7123217
vn -0.70027643 0 -0.71387178
vn -0.70027643 0 -0.71387178
vn 0.99147052 -0.13032937 -0.00081786595
vn 0.99254715 -0.12185927 -0.00067658327
vn 1 0 0
vn 1 0 0
vn -0.69735855 -0.16545284 -0.69736391
vn -0.69735855 -0.16545269 -0.69736385
vn -0.70710313 0 -0.7071104
vn -0.70710313 0 -0.7071104
vn -0.71194023 0.0016144107 0.7022382
vn -0.71232152 0.001296305 0.70185214
vn -0.71387154 6.9389972e-07 0.70027667
vn -0.71387154 6.9389972e-07 0.70027667
vn 0.70223922 0.0016136895 0.71193916
vn 0.70185298 0.0012955962 0.71232074
vn 0.70027667 0 0.71387148
vn 0.70027667 0 0.71387148
vn -0.99254715 -0.12185927 -0.00067658431
vn -0.99147052 -0.13032933 -0.00081807037
vn -1 0 0
vn -1 0 0
vn -0.69736171 -0.16545226 0.69736087
vn -0.69736171 -0.16545239 0.69736087
vn -0.70710677 1.0385296e-06 0.70710677
vn -0.70710677 1.0385296e-06 0.70710677
vn 0.71193826 0.0016141026 -0.70224011
vn 0.71231961 0.0012959047 -0.70185411
vn 0.71386951 0 -0.70027882
vn 0.71386951 0 -0.70027882
vn -0.00082737074 -0.13032438 -0.99147105
vn -0.00070210145 -0.12184728 -0.99254864
vn 0 0 -1
vn 0 0 -1
vn 0.69735986 -0.16545212 -0.69736278
vn 0.6973598 -0.16545226 -0.69736278
vn 0.70710468 0 -0.70710886
vn 0.70710468 0 -0.70710886
vn -0.99147052 -0.1303287 0.00082015648
vn -0.99254739 -0.12185723 0.00068180851
vn -1 0 0
vn -1 0 0
vn 0.69736087 -0.16545182 0.69736195
vn 0.69736081 -0.16545166 0.69736189
vn 0.70710623 1.0385288e-06 0.70710725
vn 0.70710623 1.0385288e-06 0.70710725
vn -0.00070227304 -0.12184659 0.99254864
vn -0.00082753832 -0.13032439 0.99147105
vn 0 7.450671e-07 1
vn 0 7.450671e-07 1
vn -0.70185608 0.0012951104 0.71231759
vn -0.70224237 0.0016130849 0.71193624
vn -0.70028007 0 0.71386832
vn -0.70028007 0 0.71386832
vn 0.70708328 1.7868429e-05 -0.70713025
vn 0.70708328 1.7868429e-05 -0.70713025
vn 0.70708299 1.8620351e-05 -0.70713055
vn 0.70708299 1.8622912e-05 -0.70713055
vn 0.34694606 -0.93788505 -1.591266e-08
vn 0.52573222 -0.85065007 1.9421975e-07
vn 0.52573258 -0.85064995 2.9496661e-07
vn 0.34694594 -0.93788511 0
vn 0.72645408 -0.68721503 5.0239737e-07
vn 0.88468307 -0.46619225 0.00077680522
vn 0.88483977 -0.46589419 0.0010400331
vn 0.72645372 -0.68721527 9.1804577e-07
vn 0.95222038 -0.30541152 7.3992878e-06
vn 0.99122226 -0.13207251 -0.0059336964
vn 0.99230611 -0.12363405 -0.0065681292
vn 0.95214945 -0.30562732 -0.0018613392
vn 0.70188284 0.0012872503 -0.71229124
vn 0.70552599 0.001463223 -0.70868248
vn 0.70551872 0.0014700091 -0.70868981
vn 0.70228201 0.0016085855 -0.71189696
vn -0.5257321 -0.85065031 -9.813116e-08
vn -0.7264536 -0.68721551 -1.3954241e-07
vn -0.6831705 -0.73025894 -3.0275334e-07
vn -0.49164557 -0.87079537 4.6352405e-08
vn -0.7264536 -0.68721551 -1.3954241e-07
vn -0.88468301 -0.46619239 0.00077630812
vn -0.8715862 -0.49024227 0.00037848097
vn -0.6831705 -0.73025894 -3.0275334e-07
vn 0.70027983 -7.0750235e-07 -0.71386844
vn 0.70188284 0.0012872503 -0.71229124
vn 0.70228201 0.0016085855 -0.71189696
vn 0.70027983 -7.0750235e-07 -0.71386844
vn 0.52573222 -0.85065007 1.9421975e-07
vn 0.72645408 -0.68721503 5.0239737e-07
vn 0.72645372 -0.68721527 9.1804577e-07
vn 0.52573258 -0.85064995 2.9496661e-07
vn 0.88468307 -0.46619225 0.00077680522
vn 0.95222038 -0.30541152 7.3992878e-06
vn 0.95214945 -0.30562732 -0.0018613392
vn 0.88483977 -0.46589419 0.0010400331
vn -0.34694618 -0.93788505 6.93153e-09
vn -0.5257321 -0.85065031 -9.813116e-08
vn -0.49164557 -0.87079537 4.6352405e-08
vn -0.29801762 -0.9545604 2.2415563e-07
vn -4.6447065e-07 -1 -5.0690924e-10
vn -0.34694618 -0.93788505 6.93153e-09
vn -0.29801762 -0.9545604 2.2415563e-07
vn 6.7152655e-08 -1 7.9315292e-08
vn -4.6447065e-07 -1 -5.0690924e-10
vn 0.34694606 -0.93788505 -1.591266e-08
vn 0.34694594 -0.93788511 0
vn -7.8226617e-07 -1 -8.0329215e-08
vn -0.88468301 -0.46619239 0.00077630812
vn -0.95142007 -0.30789044 0.0017904463
vn -0.94724399 -0.32050902 0.0016988078
vn -0.8715862 -0.49024227 0.00037848097
vn -0.95142007 -0.30789044 0.0017904463
vn -0.99147052 -0.1303287 0.00082015648
vn -0.94724399 -0.32050902 0.0016988078
vn -1.7672484e-07 -0.68721527 0.72645372
vn -2.9869977e-07 -0.85020328 0.52645457
vn -5.5207323e-07 -0.87020528 0.49268937
vn -4.7869059e-07 -0.73025882 0.68317056
vn -0.00082753832 -0.13032439 0.99147105
vn -0.0017892952 -0.30790272 0.95141613
vn -0.0016567187 -0.32052895 0.94723725
vn -2.9869977e-07 -0.85020328 0.52645457
vn -1.2408675e-07 -0.93776232 0.34727776
vn -1.30899e-07 -0.95466077 0.29769573
vn -5.5207323e-07 -0.87020528 0.49268937
vn 0 -0.93788511 -0.346946
vn 0 -0.99999982 -0.00049602246
vn 0 -0.99999994 -0.00049567048
vn 0 -0.93788522 -0.34694585
vn 0 -0.85065031 -0.52573186
vn 0 -0.93788511 -0.346946
vn 0 -0.93788522 -0.34694585
vn 0 -0.85065031 -0.52573192
vn -0.00075833098 -0.46621081 -0.8846733
vn 0 -0.68721527 -0.72645378
vn 0 -0.68721539 -0.72645366
vn -0.0010391545 -0.46591544 -0.88482863
vn -0.00082737074 -0.13032438 -0.99147105
vn -0.0017890625 -0.30790263 -0.95141608
vn -0.0017322825 -0.30730185 -0.95161051
vn -0.00070210145 -0.12184728 -0.99254864
vn 0.7123192 0.001296171 0.70185447
vn 0.70872521 0.0014724067 0.70548302
vn 0.70872772 0.0014746471 0.70548064
vn 0.71193779 0.0016141589 0.70224059
vn -0.0017892952 -0.30790272 0.95141613
vn -0.00075848342 -0.4662109 0.88467324
vn -0.00035224721 -0.49025327 0.87158
vn -0.0016567187 -0.32052895 0.94723725
vn -0.00075848342 -0.4662109 0.88467324
vn -1.7672484e-07 -0.68721527 0.72645372
vn -4.7869059e-07 -0.73025882 0.68317056
vn -0.00035224721 -0.49025327 0.87158
vn -1.2408675e-07 -0.93776232 0.34727776
vn 0 -0.99999982 -0.00049602246
vn 0 -1 -0.00018700463
vn -1.30899e-07 -0.95466077 0.29769573
vn 0 -0.68721527 -0.72645378
vn 0 -0.85065031 -0.52573186
vn 0 -0.85065031 -0.52573192
vn 0 -0.68721539 -0.72645366
vn -0.0017890625 -0.30790263 -0.95141608
vn -0.00075833098 -0.46621081 -0.8846733
vn -0.0010391545 -0.46591544 -0.88482863
vn -0.0017322825 -0.30730185 -0.95161051
vn 0.71386939 1.0408469e-06 0.700279
vn 0.7123192 0.001296171 0.70185447
vn 0.71193779 0.0016141589 0.70224059
vn 0.71386939 1.0408469e-06 0.700279
vn 0.72725368 -0.68636876 2.1292441e-07
vn 0.88580626 -0.46405444 -0.00077973085
vn 0.87306339 -0.48760667 -0.00038375257
vn 0.6830132 -0.73040605 4.2677854e-07
vn 0.88580626 -0.46405444 -0.00077973085
vn 0.95142114 -0.30788711 -0.0017893272
vn 0.94724578 -0.32050356 -0.0017067728
vn 0.87306339 -0.48760667 -0.00038375257
vn 0.34694612 -0.93788505 5.6204438e-08
vn 0.52467239 -0.85130417 1.3311082e-07
vn 0.49109647 -0.87110525 1.9598524e-07
vn 0.29801762 -0.9545604 1.1496729e-07
vn -0.52573222 -0.85065007 -4.0802568e-08
vn -0.72645372 -0.68721533 -4.4406235e-07
vn -0.7264539 -0.68721521 0
vn -0.52573252 -0.85064995 0
vn -0.88468546 -0.46618778 -0.00078061747
vn -0.95142108 -0.30788741 -0.0017903317
vn -0.95161581 -0.30728549 -0.001706379
vn -0.88484257 -0.46588898 -0.001038812
vn -0.34694615 -0.93788505 1.8910809e-07
vn -0.52573222 -0.85065007 -4.0802568e-08
vn -0.52573252 -0.85064995 0
vn -0.34694606 -0.93788505 0
vn 1.002279e-06 -1 1.3426575e-07
vn 0.34694612 -0.93788505 5.6204438e-08
vn 0.29801762 -0.9545604 1.1496729e-07
vn 3.357633e-07 -1 2.6853149e-07
vn 0.95142114 -0.30788711 -0.0017893272
vn 0.99147052 -0.13032937 -0.00081786595
vn 0.94724578 -0.32050356 -0.0017067728
vn 0.52467239 -0.85130417 1.3311082e-07
vn 0.72725368 -0.68636876 2.1292441e-07
vn 0.6830132 -0.73040605 4.2677854e-07
vn 0.49109647 -0.87110525 1.9598524e-07
vn 1.002279e-06 -1 1.3426575e-07
vn -0.34694615 -0.93788505 1.8910809e-07
vn -0.34694606 -0.93788505 0
vn 1.4080795e-06 -1 0
vn -0.72645372 -0.68721533 -4.4406235e-07
vn -0.88468546 -0.46618778 -0.00078061747
vn -0.88484257 -0.46588898 -0.001038812
vn -0.7264539 -0.68721521 0
vn -0.95142108 -0.30788741 -0.0017903317
vn -0.99147052 -0.13032933 -0.00081807037
vn -0.99254715 -0.12185927 -0.00067658431
vn -0.95161581 -0.30728549 -0.001706379
vn 2.0640833e-07 -0.46657139 -0.88448352
vn 2.0831303e-07 -0.68721503 -0.72645402
vn 2.6744763e-07 -0.73025888 -0.68317044
vn 5.2101092e-07 -0.49030033 -0.8715536
vn 0 -0.68721545 0.72645366
vn -1.2137143e-07 -0.85064995 0.5257324
vn 0 -0.85064983 0.52573258
vn 0 -0.68721533 0.72645372
vn 3.2292095e-07 -0.30784318 0.95143712
vn 1.4171098e-07 -0.46657225 0.8844831
vn 2.8342197e-07 -0.46657217 0.88448316
vn 6.4441662e-07 -0.30784312 0.95143723
vn -1.41181e-07 -0.93788499 0.34694627
vn -2.0055774e-08 -1 -4.4980311e-07
vn 0 -1 -8.5071457e-07
vn 0 -0.93788499 0.34694615
vn 2.0831303e-07 -0.68721503 -0.72645402
vn -4.3287864e-07 -0.85065049 -0.52573156
vn 7.0240577e-07 -0.87059879 -0.49199352
vn 2.6744763e-07 -0.73025888 -0.68317044
vn 0 -0.12968794 -0.99155486
vn 0 -0.30784357 -0.95143706
vn 0 -0.31993574 -0.94743919
vn -4.3287864e-07 -0.85065049 -0.52573156
vn -4.337185e-07 -0.93788511 -0.34694612
vn 2.6280662e-07 -0.95431554 -0.29880053
vn 7.0240577e-07 -0.87059879 -0.49199352
vn 0 -0.30784357 -0.95143706
vn 2.0640833e-07 -0.46657139 -0.88448352
vn 5.2101092e-07 -0.49030033 -0.8715536
vn 0 -0.31993574 -0.94743919
vn -4.337185e-07 -0.93788511 -0.34694612
vn -2.0055774e-08 -1 -4.4980311e-07
vn -4.0725599e-08 -0.99999273 0.0038288657
vn 2.6280662e-07 -0.95431554 -0.29880053
vn 1.4171098e-07 -0.46657225 0.8844831
vn 0 -0.68721545 0.72645366
vn 0 -0.68721533 0.72645372
vn 2.8342197e-07 -0.46657217 0.88448316
vn 3.3682707e-07 -0.12968689 0.99155498
vn 3.2292095e-07 -0.30784318 0.95143712
vn 6.4441662e-07 -0.30784312 0.95143723
vn 3.6359253e-07 -0.12121662 0.99262601
vn -1.2137143e-07 -0.85064995 0.5257324
vn -1.41181e-07 -0.93788499 0.34694627
vn 0 -0.93788499 0.34694615
vn 0 -0.85064983 0.52573258
vn 0 -0.9377622 0.34727803
vn 0 -0.99999988 -0.00049469288
vn 3.981428e-10 -0.99999988 -0.00049512309
vn -2.2168737e-07 -0.9377622 0.34727797
vn 0.29801828 -0.95456016 7.1370096e-08
vn 0.49164486 -0.87079585 4.8092367e-08
vn 0.52573192 -0.85065031 4.2924732e-08
vn 0.34694597 -0.93788511 2.4285292e-08
vn 0.49164486 -0.87079585 4.8092367e-08
vn 0.68317091 -0.73025852 2.5304905e-07
vn 0.7264542 -0.68721491 5.6229078e-07
vn 0.52573192 -0.85065031 4.2924732e-08
vn 0.68317091 -0.73025852 2.5304905e-07
vn 0.87158644 -0.49024174 0.00037971381
vn 0.88468337 -0.46619171 0.00077771675
vn 0.7264542 -0.68721491 5.6229078e-07
vn 0.87158644 -0.49024174 0.00037971381
vn 0.94819307 -0.31769025 0.0016727316
vn 0.95222038 -0.30541155 8.6727314e-06
vn 0.88468337 -0.46619171 0.00077771675
vn 0.94819307 -0.31769025 0.0016727316
vn 0.99122226 -0.1320729 -0.0059339688
vn 0.95222038 -0.30541155 8.6727314e-06
vn -1.6308488e-07 -1 -2.483528e-08
vn -0.298017 -0.95456058 6.7790602e-08
vn -0.34694576 -0.93788511 4.2592092e-08
vn 1.320074e-07 -0.99999994 -1.2417635e-08
vn -2.1025288e-07 -0.87079549 0.49164528
vn -7.3093929e-08 -0.85065019 0.5257321
vn 0 -0.68721551 0.7264536
vn 0 -0.73025882 0.68317062
vn 0 -0.73025882 0.68317062
vn 0 -0.68721551 0.7264536
vn 0 -0.46657205 0.88448316
vn 0 -0.49030086 0.8715533
vn 0 -0.49030086 0.8715533
vn 0 -0.46657205 0.88448316
vn 0 -0.30784348 0.95143706
vn 0 -0.31993577 0.94743919
vn 0 -0.31993577 0.94743919
vn 0 -0.30784348 0.95143706
vn 0 -0.12968795 0.99155486
vn 0.34694561 -0.93788528 0
vn 0.52467287 -0.85130388 0
vn 0.52467304 -0.85130382 8.5201364e-08
vn 0.34694576 -0.93788522 -2.4238505e-08
vn 9.7783257e-08 -0.99999994 0
vn -0.34694549 -0.93788528 0
vn -0.34694597 -0.93788511 1.8880081e-07
vn 3.0312822e-07 -1 1.2441619e-07
vn 2.8793008e-07 -0.95456046 -0.2980172
vn 9.7974691e-08 -0.93788493 -0.34694648
vn 0 -0.85064977 -0.52573282
vn 0 -0.87115556 -0.49100703
vn 0 -0.87115556 -0.49100703
vn 0 -0.85064977 -0.52573282
vn 0 -0.68721616 -0.72645301
vn 0 -0.72913778 -0.68436694
vn 0 -0.72913778 -0.68436694
vn 0 -0.68721616 -0.72645301
vn -0.00075815717 -0.466212 -0.8846727
vn -0.00035507159 -0.48959827 -0.87194806
vn -0.00035507159 -0.48959827 -0.87194806
vn -0.00075815717 -0.466212 -0.8846727
vn -0.001789853 -0.30790135 -0.95141667
vn -0.001657018 -0.32052839 -0.94723737
vn -0.001657018 -0.32052839 -0.94723737
vn -0.001789853 -0.30790135 -0.95141667
vn -0.00082773872 -0.13032334 -0.99147117
vn 6.811199e-07 -1 2.4883235e-07
vn 0.29801828 -0.95456016 7.1370096e-08
vn 0.34694597 -0.93788511 2.4285292e-08
vn 3.0312822e-07 -1 1.2441619e-07
vn -0.49164557 -0.87079537 -8.3031617e-09
vn -0.68316942 -0.73026001 -5.0316726e-07
vn -0.72645307 -0.68721604 -1.791006e-07
vn -0.52573192 -0.85065031 -3.5431313e-07
vn -0.68316942 -0.73026001 -5.0316726e-07
vn -0.87158781 -0.49023905 -0.00038561111
vn -0.88468522 -0.46618819 -0.00078051799
vn -0.72645307 -0.68721604 -1.791006e-07
vn -0.87158781 -0.49023905 -0.00038561111
vn -0.94724596 -0.32050297 -0.0017092619
vn -0.95142144 -0.30788663 -0.0017902044
vn -0.88468522 -0.46618819 -0.00078051799
vn -0.94724596 -0.32050297 -0.0017092619
vn -0.99147034 -0.13032903 -0.00081705477
vn -0.95142144 -0.30788663 -0.0017902044
vn -0.298017 -0.95456058 6.7790602e-08
vn -0.49164557 -0.87079537 -8.3031617e-09
vn -0.52573192 -0.85065031 -3.5431313e-07
vn -0.34694576 -0.93788511 4.2592092e-08
vn -0.88484013 -0.46589354 0.0010377767
vn -0.9516148 -0.30728871 0.0017117603
vn -0.95142013 -0.30789062 0.0017898785
vn -0.88468319 -0.46619198 0.00077596016
vn -0.52573186 -0.85065037 -1.1798687e-06
vn -0.7264542 -0.68721485 -2.0188681e-06
vn -0.72645366 -0.68721533 -1.0094346e-06
vn -0.52573192 -0.85065031 -4.984509e-07
vn -0.9516148 -0.30728871 0.0017117603
vn -0.99254739 -0.1218573 0.00068216951
vn -0.99147052 -0.13032883 0.00082029146
vn -0.95142013 -0.30789062 0.0017898785
vn -0.7264542 -0.68721485 -2.0188681e-06
vn -0.88484013 -0.46589354 0.0010377767
vn -0.88468319 -0.46619198 0.00077596016
vn -0.72645366 -0.68721533 -1.0094346e-06
vn -3.6176809e-07 -0.95456028 0.29801798
vn -1.7002412e-07 -0.93788487 0.34694651
vn -7.3093929e-08 -0.85065019 0.5257321
vn -2.1025288e-07 -0.87079549 0.49164528
vn -0.0017330647 -0.30730221 0.95161045
vn -0.001039414 -0.46591577 0.88482845
vn -0.00075831026 -0.46621072 0.8846733
vn -0.0017892802 -0.30790216 0.95141637
vn 0 -0.68721521 0.72645378
vn 0 -0.85020375 0.52645373
vn -1.2381848e-07 -0.85020357 0.52645397
vn 0 -0.68721509 0.72645396
vn 3.3246306e-07 -0.99999994 0
vn 0.34694561 -0.93788528 0
vn 0.34694576 -0.93788522 -2.4238505e-08
vn 1.320074e-07 -0.99999994 -1.2417635e-08
vn -0.0007026231 -0.12184688 0.99254864
vn -0.0017330647 -0.30730221 0.95161045
vn -0.0017892802 -0.30790216 0.95141637
vn -0.000827868 -0.13032438 0.99147105
vn -0.001039414 -0.46591577 0.88482845
vn 0 -0.68721521 0.72645378
vn 0 -0.68721509 0.72645396
vn -0.00075831026 -0.46621072 0.8846733
vn 0 -0.85020375 0.52645373
vn 0 -0.9377622 0.34727803
vn -2.2168737e-07 -0.9377622 0.34727797
vn -1.2381848e-07 -0.85020357 0.52645397
vn 0.95161593 -0.3072851 -0.0017073812
vn 0.99254721 -0.1218591 -0.0006773097
vn 0.9914704 -0.13032912 -0.00081874413
vn 0.95142102 -0.30788764 -0.0017902785
vn 0.72725332 -0.68636906 0
vn 0.88596219 -0.46375638 -0.0010388331
vn 0.88580596 -0.46405509 -0.00077969587
vn 0.72725374 -0.6863687 8.6157058e-08
vn -0.34694549 -0.93788528 0
vn -0.52573186 -0.85065037 -1.1798687e-06
vn -0.52573192 -0.85065031 -4.984509e-07
vn -0.34694597 -0.93788511 1.8880081e-07
vn 0.88596219 -0.46375638 -0.0010388331
vn 0.95161593 -0.3072851 -0.0017073812
vn 0.95142102 -0.30788764 -0.0017902785
vn 0.88580596 -0.46405509 -0.00077969587
vn 0.52467287 -0.85130388 0
vn 0.72725332 -0.68636906 0
vn 0.72725374 -0.6863687 8.6157058e-08
vn 0.52467304 -0.85130382 8.5201364e-08
vn 2.9990954e-10 -1 -0.00018650632
vn 3.981428e-10 -0.99999988 -0.00049512309
vn 9.7974691e-08 -0.93788493 -0.34694648
vn 2.8793008e-07 -0.95456046 -0.2980172
vn 0 -0.12121721 -0.99262601
vn 0 -0.307843 -0.95143723
vn 2.7544488e-07 -0.3078433 -0.95143706
vn 0 -0.12968753 -0.99155492
vn 0 -0.46657234 -0.88448298
vn 0 -0.68721527 -0.72645378
vn -1.7214644e-07 -0.68721521 -0.72645384
vn 2.7622553e-07 -0.4665722 -0.88448304
vn 0 -0.85064995 -0.52573252
vn 0 -0.93788499 -0.34694636
vn 9.7429727e-08 -0.93788499 -0.34694642
vn -1.7036396e-07 -0.85064983 -0.52573252
vn -4.7806843e-09 -0.99999267 0.0038295486
vn 6.5743655e-10 -1 3.4224152e-07
vn -1.7002412e-07 -0.93788487 0.34694651
vn -3.6176809e-07 -0.95456028 0.29801798
vn 0 -0.307843 -0.95143723
vn 0 -0.46657234 -0.88448298
vn 2.7622553e-07 -0.4665722 -0.88448304
vn 2.7544488e-07 -0.3078433 -0.95143706
vn 0 -0.68721527 -0.72645378
vn 0 -0.85064995 -0.52573252
vn -1.7036396e-07 -0.85064983 -0.52573252
vn -1.7214644e-07 -0.68721521 -0.72645384
vn 0 -0.93788499 -0.34694636
vn 0 -0.99999994 -1.0756158e-07
vn 6.5743655e-10 -1 3.4224152e-07
vn 9.7429727e-08 -0.93788499 -0.34694642
vn -0.7069512 -0.00021760359 -0.70726222
vn -0.71696544 0.0010059839 -0.69710791
vn -0.7169379 0.0010066415 -0.69713634
vn -0.70695049 -0.00021846204 -0.70726305
vn 0.69957048 -0.028049236 -0.71401286
vn 0.70369941 -0.011908526 -0.7103982
vn 0.70370054 -0.011903484 -0.71039701
vn 0.69957048 -0.028049236 -0.71401286
vn 0.7081598 -0.005512489 0.70603061
vn 0.70714593 0.00095288421 0.70706701
vn 0.70714563 0.00095043815 0.70706731
vn 0.70816433 -0.0055224425 0.70602608
vn 0.71064186 -0.014037056 -0.7034139
vn 0.71402037 -0.028072989 -0.69956189
vn 0.71402037 -0.028072989 -0.69956189
vn 0.71064079 -0.01403269 -0.70341498
vn -0.69956297 -0.028084395 0.71401882
vn -0.70341188 -0.014045818 0.71064365
vn -0.70341325 -0.014041097 0.71064258
vn -0.69956297 -0.028084395 0.71401882
vn 0.70710504 1.9657286e-06 -0.7071085
vn 0.71064186 -0.014037056 -0.7034139
vn 0.71064079 -0.01403269 -0.70341498
vn 0.70710504 1.9657548e-06 -0.7071085
vn -0.70607609 -0.00099145272 -0.70813531
vn -0.7069512 -0.00021760359 -0.70726222
vn -0.70695049 -0.00021846204 -0.70726305
vn -0.70607597 -0.00099158264 -0.70813543
vn -0.70952547 -0.0090955989 0.70462102
vn -0.71084148 -0.015995864 0.70317048
vn -0.71084052 -0.015992308 0.70317149
vn -0.70952916 -0.0091049355 0.70461726
vn -0.70341188 -0.014045818 0.71064365
vn -0.70710504 -2.0192144e-06 0.70710856
vn -0.70710504 -2.0201967e-06 0.7071085
vn -0.70341325 -0.014041097 0.71064258
vn 0.70714593 0.00095288421 0.70706701
vn 0.70699203 0.002310626 0.70721775
vn 0.70699131 0.0023079826 0.70721841
vn 0.70714563 0.00095043815 0.70706731
vn 0.70369941 -0.011908526 -0.7103982
vn 0.7044217 0.013495819 -0.70965344
vn 0.70443314 0.013463225 -0.70964271
vn 0.70370054 -0.011903484 -0.71039701
vn 0.70710605 9.5611961e-07 -0.70710748
vn 0.70710504 1.9657286e-06 -0.7071085
vn 0.70710504 1.9657548e-06 -0.7071085
vn 0.70710599 9.561486e-07 -0.70710748
vn -0.70839757 0.0013062293 -0.70581245
vn -0.70607609 -0.00099145272 -0.70813531
vn -0.70607597 -0.00099158264 -0.70813543
vn -0.70840055 0.0013087174 -0.70580947
vn -0.71403241 -0.012699286 0.69999748
vn -0.70952547 -0.0090955989 0.70462102
vn -0.70952916 -0.0091049355 0.70461726
vn -0.7140435 -0.012693846 0.69998634
vn -0.70710504 -2.0192144e-06 0.70710856
vn -0.70710653 0 0.70710701
vn -0.70710653 0 0.70710701
vn -0.70710504 -2.0201967e-06 0.7071085
vn 0.70699203 0.002310626 0.70721775
vn 0.70515305 0.0016384132 0.70905322
vn 0.70515108 0.001640396 0.70905524
vn 0.70699131 0.0023079826 0.70721841
vn 0.7044217 0.013495819 -0.70965344
vn 0.7158469 0.0072672917 -0.69821948
vn 0.71580017 0.0073173428 -0.69826692
vn 0.70443314 0.013463225 -0.70964271
vn 0.70710677 -5.341152e-07 -0.70710677
vn 0.70710605 9.5611961e-07 -0.70710748
vn 0.70710599 9.561486e-07 -0.70710748
vn 0.70710677 -5.3445672e-07 -0.70710677
vn -0.71232015 0.0012957479 -0.70185351
vn -0.70839757 0.0013062293 -0.70581245
vn -0.70840055 0.0013087174 -0.70580947
vn -0.71193868 0.0016138884 -0.70223975
vn -0.71414679 -0.0068313982 0.69996256
vn -0.71403241 -0.012699286 0.69999748
vn -0.7140435 -0.012693846 0.69998634
vn -0.71415991 -0.0068552424 0.69994897
vn -0.70710653 0 0.70710701
vn -0.70710605 -2.6705806e-07 0.7071076
vn -0.70710599 -2.6722776e-07 0.70710754
vn -0.70710653 0 0.70710701
vn 0.7158469 0.0072672917 -0.69821948
vn 0.72095251 -0.0029342449 -0.69297826
vn 0.72087687 -0.0028911517 -0.693057
vn 0.71580017 0.0073173428 -0.69826692
vn 0.70515305 0.0016384132 0.70905322
vn 0.7018519 0.0012957555 0.71232176
vn 0.70223808 0.0016138869 0.71194035
vn 0.70515108 0.001640396 0.70905524
vn 0.64424759 -0.41218051 0.64424539
vn 0.69736212 -0.16545263 0.69736046
vn 0.69736207 -0.1654526 0.69736046
vn 0.64424771 -0.41218054 0.64424539
vn 0.56896412 -0.59376901 0.5689624
vn 0.64424759 -0.41218051 0.64424539
vn 0.64424771 -0.41218054 0.64424539
vn 0.56896424 -0.59376872 0.56896257
vn 0.42859226 -0.79537231 0.42859238
vn 0.56896412 -0.59376901 0.5689624
vn 0.56896424 -0.59376872 0.56896257
vn 0.42859212 -0.79537249 0.42859223
vn 0.28375301 -0.91595209 0.28375369
vn 0.42859226 -0.79537231 0.42859238
vn 0.42859212 -0.79537249 0.42859223
vn 0.28375295 -0.91595215 0.28375363
vn 0.18050802 -0.96684915 0.18060929
vn 0.28375301 -0.91595209 0.28375369
vn 0.28375295 -0.91595215 0.28375363
vn 0.18050796 -0.96684909 0.18060924
vn -0.69735962 -0.16545275 0.6973629
vn -0.64424556 -0.41218051 0.64424753
vn -0.64424562 -0.41218016 0.64424771
vn -0.69735962 -0.16545278 0.69736284
vn -0.64424556 -0.41218051 0.64424753
vn -0.56896269 -0.59376854 0.56896418
vn -0.56896269 -0.5937686 0.56896418
vn -0.64424562 -0.41218016 0.64424771
vn -0.56896269 -0.59376854 0.56896418
vn -0.42858976 -0.7953757 0.42858884
vn -0.42859662 -0.79536831 0.42859563
vn -0.56896269 -0.5937686 0.56896418
vn -0.42858976 -0.7953757 0.42858884
vn -0.2833969 -0.91586649 0.28438467
vn -0.28337297 -0.91588122 0.28436124
vn -0.42859662 -0.79536831 0.42859563
vn -0.2833969 -0.91586649 0.28438467
vn -0.18009487 -0.96673089 0.18165179
vn -0.17954785 -0.96693599 0.18110056
vn -0.28337297 -0.91588122 0.28436124
vn 0.64424109 -0.41219628 -0.64424199
vn 0.69736171 -0.16545224 -0.69736093
vn 0.69736171 -0.16545215 -0.69736087
vn 0.644247 -0.41217762 -0.64424789
vn 0.57061207 -0.59313369 -0.56797379
vn 0.64424109 -0.41219628 -0.64424199
vn 0.644247 -0.41217762 -0.64424789
vn 0.57057959 -0.59319782 -0.56793952
vn 0.43155339 -0.7945891 -0.42707133
vn 0.57061207 -0.59313369 -0.56797379
vn 0.57057959 -0.59319782 -0.56793952
vn 0.4305914 -0.79562205 -0.42611799
vn 0.28015354 -0.91528493 -0.28942621
vn 0.43155339 -0.7945891 -0.42707133
vn 0.4305914 -0.79562205 -0.42611799
vn 0.27972755 -0.91551667 -0.28910488
vn 0.16964707 -0.96767586 -0.18661007
vn 0.28015354 -0.91528493 -0.28942621
vn 0.27972755 -0.91551667 -0.28910488
vn 0.17544989 -0.96539938 -0.19292852
vn -0.18009487 -0.96673089 0.18165179
vn -0.12303529 -0.98460525 0.12415595
vn -0.12303529 -0.98460525 0.12415595
vn -0.17954785 -0.96693599 0.18110056
vn 0.11617249 -0.98489773 -0.12837665
vn 0.16964707 -0.96767586 -0.18661007
vn 0.17544989 -0.96539938 -0.19292852
vn 0.11617249 -0.98489773 -0.12837665
vn -0.64420235 -0.41227749 -0.64422876
vn -0.69735909 -0.16545172 -0.69736362
vn -0.69735891 -0.16545238 -0.6973635
vn -0.64424396 -0.41214737 -0.64427036
vn -0.56113583 -0.59080201 -0.57972378
vn -0.64420235 -0.41227749 -0.64422876
vn -0.64424396 -0.41214737 -0.64427036
vn -0.56176126 -0.5897907 -0.58014768
vn -0.41708699 -0.79063225 -0.4482623
vn -0.56113583 -0.59080201 -0.57972378
vn -0.56176126 -0.5897907 -0.58014768
vn -0.41174117 -0.79661644 -0.44257367
vn -0.27657428 -0.91651171 -0.28898582
vn -0.41708699 -0.79063225 -0.4482623
vn -0.41174117 -0.79661644 -0.44257367
vn -0.2762816 -0.91672075 -0.28860283
vn -0.18051785 -0.96684521 -0.18062007
vn -0.27657428 -0.91651171 -0.28898582
vn -0.2762816 -0.91672075 -0.28860283
vn -0.18046443 -0.96686518 -0.18056674
vn 0.12364728 -0.98456722 0.12384984
vn 0.18050802 -0.96684915 0.18060929
vn 0.18050796 -0.96684909 0.18060924
vn 0.12364728 -0.98456722 0.12384984
vn -0.12361015 -0.98457772 -0.12380306
vn -0.18051785 -0.96684521 -0.18062007
vn -0.18046443 -0.96686518 -0.18056674
vn -0.12361015 -0.98457772 -0.12380306
vn -0.71084148 -0.015995864 0.70317048
vn -0.71394646 -0.027773922 0.69964933
vn -0.71394646 -0.027773922 0.69964933
vn -0.71084052 -0.015992308 0.70317149
vn -0.70548433 0.0014716998 -0.7087239
vn -0.70185328 0.0012954316 -0.71232039
vn -0.70223963 0.0016134952 -0.7119388
vn -0.70548189 0.0014739329 -0.70872647
vn 0.71195358 -0.022078641 0.70187932
vn 0.7081598 -0.005512489 0.70603061
vn 0.70816433 -0.0055224425 0.70602608
vn 0.7119416 -0.022008788 0.70189381
vn 0.70872891 0.0014735814 0.70547932
vn 0.70710784 -2.2200614e-07 0.70710564
vn 0.7071079 -2.2117977e-07 0.70710564
vn 0.70873141 0.001475821 0.70547688
vn -0.71696544 0.0010059839 -0.69710791
vn -0.70470732 -0.0078567369 -0.70945454
vn -0.70461184 -0.0078956559 -0.70954895
vn -0.7169379 0.0010066415 -0.69713634
vn 0.70362061 -0.013140055 0.71045423
vn 0.70109338 -0.02778928 0.71252781
vn 0.70109338 -0.02778928 0.71252781
vn 0.70362031 -0.01314218 0.71045452
vn -0.7071085 -1.5572999e-06 -0.70710516
vn -0.70548433 0.0014716998 -0.7087239
vn -0.70548189 0.0014739329 -0.70872647
vn -0.7071085 -1.5573287e-06 -0.7071051
vn -0.71404546 -0.028777361 -0.69950759
vn -0.71077192 -0.014812659 -0.70326668
vn -0.7107693 -0.014801954 -0.70326948
vn -0.71404546 -0.028777361 -0.69950759
vn 0.70710784 -2.2200614e-07 0.70710564
vn 0.707183 0.00014361454 0.70703048
vn 0.707183 0.00014361901 0.70703048
vn 0.7071079 -2.2117977e-07 0.70710564
vn 0.71419793 -0.035435926 0.69904619
vn 0.71195358 -0.022078641 0.70187932
vn 0.7119416 -0.022008788 0.70189381
vn 0.71419793 -0.035435926 0.69904619
vn -0.70470732 -0.0078567369 -0.70945454
vn -0.68303216 -0.016548315 -0.73020083
vn -0.68303216 -0.016548315 -0.73020083
vn -0.70461184 -0.0078956559 -0.70954895
vn -0.70718408 -0.00014512781 -0.70702946
vn -0.7071085 -1.5572999e-06 -0.70710516
vn -0.7071085 -1.5573287e-06 -0.7071051
vn -0.70718414 -0.00014513175 -0.70702946
vn 0.707183 0.00014361454 0.70703048
vn 0.70662487 0.00089697022 0.70758772
vn 0.70662475 0.00089717237 0.70758796
vn 0.707183 0.00014361901 0.70703048
vn 0.71100897 0.0026284188 -0.70317799
vn 0.71231854 0.0012951074 -0.70185524
vn 0.71193796 0.0016130998 -0.70224047
vn 0.71100795 0.0026288952 -0.70317906
vn -0.70872444 0.0014724061 0.70548385
vn -0.71231997 0.0012955875 0.70185363
vn -0.7119385 0.0016136889 0.70223999
vn -0.70872688 0.0014746475 0.70548141
vn -0.70730048 -0.00056335237 -0.70691282
vn -0.70718408 -0.00014512781 -0.70702946
vn -0.70718414 -0.00014513175 -0.70702946
vn -0.70730048 -0.00056354603 -0.70691282
vn -0.70185578 0.0012954313 0.71231794
vn -0.70775563 0.00032916298 0.7064572
vn -0.70774984 0.00033308408 0.70646298
vn -0.70224172 0.001613494 0.71193677
vn 0.70662487 0.00089697022 0.70758772
vn 0.70362061 -0.013140055 0.71045423
vn 0.70362031 -0.01314218 0.71045452
vn 0.70662475 0.00089717237 0.70758796
vn 0.72095251 -0.0029342449 -0.69297826
vn 0.71100897 0.0026284188 -0.70317799
vn 0.71100795 0.0026288952 -0.70317906
vn 0.72087687 -0.0028911517 -0.693057
vn -0.71077192 -0.014812659 -0.70326668
vn -0.70730048 -0.00056335237 -0.70691282
vn -0.70730048 -0.00056354603 -0.70691282
vn -0.7107693 -0.014801954 -0.70326948
vn -0.70710605 -2.6705806e-07 0.7071076
vn -0.70872444 0.0014724061 0.70548385
vn -0.70872688 0.0014746475 0.70548141
vn -0.70710599 -2.6722776e-07 0.70710754
vn -0.70775563 0.00032916298 0.7064572
vn -0.71414679 -0.0068313982 0.69996256
vn -0.71415991 -0.0068552424 0.69994897
vn -0.70774984 0.00033308408 0.70646298
vn 0.70552629 0.0014628497 -0.70868218
vn 0.70710677 -5.341152e-07 -0.70710677
vn 0.70710677 -5.3445672e-07 -0.70710677
vn 0.70551896 0.001469633 -0.70868945
vn 0.70550722 0.00010368937 0.70870274
vn 0.70550722 0.00010368937 0.70870274
vn 0.70550561 0.0001064367 0.70870441
vn 0.70550555 0.00010643521 0.70870435
vn -0.7009747 -0.0081819603 -0.71313918
vn -0.7009747 -0.0081819603 -0.71313918
vn -0.69955903 -0.0014384692 -0.71457332
vn -0.69955885 -0.0014376183 -0.71457356
vn -0.70743084 -2.1218399e-05 0.70678252
vn -0.70743084 -2.1218399e-05 0.70678252
vn -0.70743114 -1.8912666e-05 0.70678234
vn -0.70743108 -1.8912799e-05 0.7067824
vn 0.00089463923 -0.67105967 -0.7414028
vn 0.00089384831 -0.67197871 -0.74057001
vn 0.00096887001 -0.57058579 -0.82123739
vn 0.81380856 -0.58113122 0.0014760349
vn 0.81437469 -0.58033758 0.0014390594
vn 0.77833772 -0.62784433 0.0013787494
vn 0.73610908 -0.67686152 0.0013358551
vn -0.0012844183 -0.58021712 0.81446081
vn 0.00081403466 -0.67818111 0.73489439
vn 0.0014239729 -0.70473439 0.70946974
vn -0.81397736 -0.58089536 -0.0011835073
vn -0.73511285 -0.677944 -0.0010598004
vn -0.73527503 -0.67776793 -0.0010600534
vn 0.0014239729 -0.70473439 0.70946974
vn 0.00081403466 -0.67818111 0.73489439
vn 0.0032040603 -0.77719712 0.6292491
vn 0.0032040603 -0.77719712 0.6292491
vn -0.69955885 -0.0014376183 -0.71457356
vn -0.69955903 -0.0014384692 -0.71457332
vn -0.69660795 0.012119514 -0.71734959
vn 0.70707577 1.5890908e-05 -0.70713776
vn 0.70707583 1.5893345e-05 -0.70713782
vn 0.70707065 1.4456567e-05 -0.70714295
vn 0.70550555 0.00010643521 0.70870435
vn 0.70550561 0.0001064367 0.70870441
vn 0.70550215 0.00011196034 0.70870775
vn 0.70550215 0.00011196034 0.70870775
vn -0.70743108 -1.8912799e-05 0.7067824
vn -0.70743114 -1.8912666e-05 0.70678234
vn -0.7074315 -1.4276692e-05 0.70678192
vn 0.00089463923 -0.67105967 -0.7414028
vn 0.00079067191 -0.7732442 -0.63410789
vn 0.00089384831 -0.67197871 -0.74057001
vn 0.77833772 -0.62784433 0.0013787494
vn 0.81437469 -0.58033758 0.0014390594
vn 0.81560981 -0.57860076 0.0013582178
vn -0.73511285 -0.677944 -0.0010598004
vn -0.63094491 -0.77582717 -0.00089818897
vn -0.73527503 -0.67776793 -0.0010600534
vn 0.77833772 -0.62784433 0.0013787494
vn 0.63334125 -0.77387178 0.0011503028
vn 0.73610908 -0.67686152 0.0013358551
vn 0.99230617 -0.12363445 -0.0065686381
vn 0.99122226 -0.1320729 -0.0059339688
vn 0.99994648 -0.0073163244 -0.0073164464
vn 0.99994648 -0.0073163244 -0.0073164464
vn -0.71232015 0.0012957479 -0.70185351
vn -0.71193868 0.0016138884 -0.70223975
vn -0.71387082 0 -0.70027739
vn -0.71387082 0 -0.70027739
vn 0 -0.12968795 0.99155486
vn 0 -0.12121764 0.99262595
vn 0 0 1
vn 0 0 1
vn 0 -0.12121721 -0.99262601
vn 0 -0.12968753 -0.99155492
vn 0 0 -1
vn 0 0 -1
vn -0.70223963 0.0016134952 -0.7119388
vn -0.70185328 0.0012954316 -0.71232039
vn -0.70027679 0 -0.71387154
vn -0.70027679 0 -0.71387154
vn 0.9914704 -0.13032912 -0.00081874413
vn 0.99254721 -0.1218591 -0.0006773097
vn 1 0 0
vn 1 0 0
vn -0.69735891 -0.16545238 -0.6973635
vn -0.69735909 -0.16545172 -0.69736362
vn -0.70710337 0 -0.70711023
vn -0.70710337 0 -0.70711023
vn -0.7119385 0.0016136889 0.70223999
vn -0.71231997 0.0012955875 0.70185363
vn -0.71387082 0 0.70027745
vn -0.71387082 0 0.70027745
vn 0.70223808 0.0016138869 0.71194035
vn 0.7018519 0.0012957555 0.71232176
vn 0.70027596 0 0.71387225
vn 0.70027596 0 0.71387225
vn -0.99254721 -0.1218591 -0.00067549391
vn -0.99147034 -0.13032903 -0.00081705477
vn -1 0 0
vn -1 0 0
vn -0.69735962 -0.16545275 0.6973629
vn -0.69735962 -0.16545278 0.69736284
vn -0.70710522 0 0.70710832
vn -0.70710522 0 0.70710832
vn 0.71193796 0.0016130998 -0.70224047
vn 0.71231854 0.0012951074 -0.70185524
vn 0.7138654 0 -0.70028305
vn 0.7138654 0 -0.70028305
vn -0.00082773872 -0.13032334 -0.99147117
vn -0.00070227508 -0.12184603 -0.99254888
vn 0 0 -1
vn 0 0 -1
vn 0.69736171 -0.16545215 -0.69736087
vn 0.69736171 -0.16545224 -0.69736093
vn 0.70710623 0 -0.70710731
vn 0.70710623 0 -0.70710731
vn -0.99147052 -0.13032883 0.00082029146
vn -0.99254739 -0.1218573 0.00068216951
vn -1 0 0
vn -1 0 0
vn 0.69736207 -0.1654526 0.69736046
vn 0.69736212 -0.16545263 0.69736046
vn 0.70710731 0 0.70710623
vn 0.70710731 0 0.70710623
vn -0.0007026231 -0.12184688 0.99254864
vn -0.000827868 -0.13032438 0.99147105
vn 0 0 1
vn 0 0 1
vn -0.70185578 0.0012954313 0.71231794
vn -0.70224172 0.001613494 0.71193677
vn -0.7002809 0 0.71386737
vn -0.7002809 0 0.71386737
vn 0.70707834 1.6608108e-05 -0.70713526
vn 0.70707834 1.6608108e-05 -0.70713526
vn 0.70707583 1.5893345e-05 -0.70713782
vn 0.70707577 1.5890908e-05 -0.70713776
vn 0.34694597 -0.93788511 2.4285292e-08
vn 0.52573192 -0.85065031 4.2924732e-08
vn 0.52573204 -0.85065025 0
vn 0.34694546 -0.93788534 0
vn 0.7264542 -0.68721491 5.6229078e-07
vn 0.88468337 -0.46619171 0.00077771675
vn 0.88484031 -0.46589333 0.0010405114
vn 0.72645438 -0.68721467 8.2665497e-07
vn 0.95222038 -0.30541155 8.6727314e-06
vn 0.99122226 -0.1320729 -0.0059339688
vn 0.99230617 -0.12363445 -0.0065686381
vn 0.95214939 -0.30562735 -0.0018614336
vn 0.70188355 0.0012869217 -0.71229059
vn 0.70552629 0.0014628497 -0.70868218
vn 0.70551896 0.001469633 -0.70868945
vn 0.70228302 0.001608175 -0.711896
vn -0.52573192 -0.85065031 -4.984509e-07
vn -0.72645366 -0.68721533 -1.0094346e-06
vn -0.68317068 -0.7302587 0
vn -0.49164543 -0.87079549 2.6314558e-07
vn -0.72645366 -0.68721533 -1.0094346e-06
vn -0.88468319 -0.46619198 0.00077596016
vn -0.87158614 -0.49024218 0.00037903024
vn -0.68317068 -0.7302587 0
vn 0.7002793 -7.0750144e-07 -0.71386898
vn 0.70188355 0.0012869217 -0.71229059
vn 0.70228302 0.001608175 -0.711896
vn 0.7002793 -7.0750144e-07 -0.71386898
vn 0.52573192 -0.85065031 4.2924732e-08
vn 0.7264542 -0.68721491 5.6229078e-07
vn 0.72645438 -0.68721467 8.2665497e-07
vn 0.52573204 -0.85065025 0
vn 0.88468337 -0.46619171 0.00077771675
vn 0.95222038 -0.30541155 8.6727314e-06
vn 0.95214939 -0.30562735 -0.0018614336
vn 0.88484031 -0.46589333 0.0010405114
vn -0.34694597 -0.93788511 1.8880081e-07
vn -0.52573192 -0.85065031 -4.984509e-07
vn -0.49164543 -0.87079549 2.6314558e-07
vn -0.29801771 -0.95456028 3.8225801e-07
vn 3.0312822e-07 -1 1.2441619e-07
vn -0.34694597 -0.93788511 1.8880081e-07
vn -0.29801771 -0.95456028 3.8225801e-07
vn 6.811199e-07 -1 2.4883235e-07
vn 3.0312822e-07 -1 1.2441619e-07
vn 0.34694597 -0.93788511 2.4285292e-08
vn 0.34694546 -0.93788534 0
vn 9.7783257e-08 -0.99999994 0
vn -0.88468319 -0.46619198 0.00077596016
vn -0.95142013 -0.30789062 0.0017898785
vn -0.94724399 -0.32050887 0.001698272
vn -0.87158614 -0.49024218 0.00037903024
vn -0.95142013 -0.30789062 0.0017898785
vn -0.99147052 -0.13032883 0.00082029146
vn -0.94724399 -0.32050887 0.001698272
vn 0 -0.68721509 0.72645396
vn -1.2381848e-07 -0.85020357 0.52645397
vn -3.5623884e-07 -0.87020552 0.49268892
vn 0 -0.7302587 0.68317068
vn -0.000827868 -0.13032438 0.99147105
vn -0.0017892802 -0.30790216 0.95141637
vn -0.0016559786 -0.32052782 0.94723773
vn -1.2381848e-07 -0.85020357 0.52645397
vn -2.2168737e-07 -0.9377622 0.34727797
vn -4.1780697e-07 -0.95466065 0.29769629
vn -3.5623884e-07 -0.87020552 0.49268892
vn 9.7974691e-08 -0.93788493 -0.34694648
vn 3.981428e-10 -0.99999988 -0.00049512309
vn 0 -0.99999988 -0.00049469288
vn 0 -0.93788481 -0.34694654
vn 0 -0.85064977 -0.52573282
vn 9.7974691e-08 -0.93788493 -0.34694648
vn 0 -0.93788481 -0.34694654
vn 0 -0.85064977 -0.5257327
vn -0.00075815717 -0.466212 -0.8846727
vn 0 -0.68721616 -0.72645301
vn 0 -0.68721628 -0.72645283
vn -0.001039414 -0.4659164 -0.88482809
vn -0.00082773872 -0.13032334 -0.99147117
vn -0.001789853 -0.30790135 -0.95141667
vn -0.0017327142 -0.30730051 -0.95161092
vn -0.00070227508 -0.12184603 -0.99254888
vn 0.71232164 0.0012959167 0.70185202
vn 0.70872891 0.0014735814 0.70547932
vn 0.70873141 0.001475821 0.70547688
vn 0.71194053 0.0016140986 0.70223796
vn -0.0017892802 -0.30790216 0.95141637
vn -0.00075831026 -0.46621072 0.8846733
vn -0.00035180006 -0.49025291 0.87158018
vn -0.0016559786 -0.32052782 0.94723773
vn -0.00075831026 -0.46621072 0.8846733
vn 0 -0.68721509 0.72645396
vn 0 -0.7302587 0.68317068
vn -0.00035180006 -0.49025291 0.87158018
vn -2.2168737e-07 -0.9377622 0.34727797
vn 3.981428e-10 -0.99999988 -0.00049512309
vn 2.9990954e-10 -1 -0.00018650632
vn -4.1780697e-07 -0.95466065 0.29769629
vn 0 -0.68721616 -0.72645301
vn 0 -0.85064977 -0.52573282
vn 0 -0.85064977 -0.5257327
vn 0 -0.68721628 -0.72645283
vn -0.001789853 -0.30790135 -0.95141667
vn -0.00075815717 -0.466212 -0.8846727
vn -0.001039414 -0.4659164 -0.88482809
vn -0.0017327142 -0.30730051 -0.95161092
vn 0.71387088 0 0.70027739
vn 0.71232164 0.0012959167 0.70185202
vn 0.71194053 0.0016140986 0.70223796
vn 0.71387088 0 0.70027739
vn 0.72725374 -0.6863687 8.6157058e-08
vn 0.88580596 -0.46405509 -0.00077969587
vn 0.87306321 -0.48760682 -0.00038360443
vn 0.68301368 -0.73040557 2.3339307e-07
vn 0.88580596 -0.46405509 -0.00077969587
vn 0.95142102 -0.30788764 -0.0017902785
vn 0.94724542 -0.32050481 -0.0017072876
vn 0.87306321 -0.48760682 -0.00038360443
vn 0.34694576 -0.93788522 -2.4238505e-08
vn 0.52467304 -0.85130382 8.5201364e-08
vn 0.49109754 -0.8711046 9.5585534e-08
vn 0.29801664 -0.9545607 -7.1232662e-08
vn -0.52573192 -0.85065031 -3.5431313e-07
vn -0.72645307 -0.68721604 -1.791006e-07
vn -0.72645342 -0.68721563 2.3388426e-07
vn -0.5257324 -0.85065007 -5.9846406e-07
vn -0.88468522 -0.46618819 -0.00078051799
vn -0.95142144 -0.30788663 -0.0017902044
vn -0.95161599 -0.30728525 -0.0017055633
vn -0.88484198 -0.46589014 -0.0010382587
vn -0.34694576 -0.93788511 4.2592092e-08
vn -0.52573192 -0.85065031 -3.5431313e-07
vn -0.5257324 -0.85065007 -5.9846406e-07
vn -0.34694529 -0.93788534 0
vn 1.320074e-07 -0.99999994 -1.2417635e-08
vn 0.34694576 -0.93788522 -2.4238505e-08
vn 0.29801664 -0.9545607 -7.1232662e-08
vn -1.6308488e-07 -1 -2.483528e-08
vn 0.95142102 -0.30788764 -0.0017902785
vn 0.9914704 -0.13032912 -0.00081874413
vn 0.94724542 -0.32050481 -0.0017072876
vn 0.52467304 -0.85130382 8.5201364e-08
vn 0.72725374 -0.6863687 8.6157058e-08
vn 0.68301368 -0.73040557 2.3339307e-07
vn 0.49109754 -0.8711046 9.5585534e-08
vn 1.320074e-07 -0.99999994 -1.2417635e-08
vn -0.34694576 -0.93788511 4.2592092e-08
vn -0.34694529 -0.93788534 0
vn 3.3246306e-07 -0.99999994 0
vn -0.72645307 -0.68721604 -1.791006e-07
vn -0.88468522 -0.46618819 -0.00078051799
vn -0.88484198 -0.46589014 -0.0010382587
vn -0.72645342 -0.68721563 2.3388426e-07
vn -0.95142144 -0.30788663 -0.0017902044
vn -0.99147034 -0.13032903 -0.00081705477
vn -0.99254721 -0.1218591 -0.00067549391
vn -0.95161599 -0.30728525 -0.0017055633
vn 2.7622553e-07 -0.4665722 -0.88448304
vn -1.7214644e-07 -0.68721521 -0.72645384
vn -4.6628924e-07 -0.73025882 -0.68317056
vn 4.0725644e-07 -0.49030107 -0.87155318
vn 0 -0.68721551 0.7264536
vn -7.3093929e-08 -0.85065019 0.5257321
vn 0 -0.85065007 0.52573234
vn 0 -0.68721569 0.72645342
vn 0 -0.30784348 0.95143706
vn 0 -0.46657205 0.88448316
vn 0 -0.46657228 0.8844831
vn 0 -0.30784312 0.95143712
vn -1.7002412e-07 -0.93788487 0.34694651
vn 6.5743655e-10 -1 3.4224152e-07
vn 0 -0.99999994 -1.0756158e-07
vn 0 -0.93788499 0.34694639
vn -1.7214644e-07 -0.68721521 -0.72645384
vn -1.7036396e-07 -0.85064983 -0.52573252
vn -1.9238986e-07 -0.87059826 -0.49199453
vn -4.6628924e-07 -0.73025882 -0.68317056
vn 0 -0.12968753 -0.99155492
vn 2.7544488e-07 -0.3078433 -0.95143706
vn 6.5106701e-07 -0.31993622 -0.94743907
vn -1.7036396e-07 -0.85064983 -0.52573252
vn 9.7429727e-08 -0.93788499 -0.34694642
vn 2.8488179e-07 -0.9543156 -0.29880059
vn -1.9238986e-07 -0.87059826 -0.49199453
vn 2.7544488e-07 -0.3078433 -0.95143706
vn 2.7622553e-07 -0.4665722 -0.88448304
vn 4.0725644e-07 -0.49030107 -0.87155318
vn 6.5106701e-07 -0.31993622 -0.94743907
vn 9.7429727e-08 -0.93788499 -0.34694642
vn 6.5743655e-10 -1 3.4224152e-07
vn -4.7806843e-09 -0.99999267 0.0038295486
vn 2.8488179e-07 -0.9543156 -0.29880059
vn 0 -0.46657205 0.88448316
vn 0 -0.68721551 0.7264536
vn 0 -0.68721569 0.72645342
vn 0 -0.46657228 0.8844831
vn 0 -0.12968795 0.99155486
vn 0 -0.30784348 0.95143706
vn 0 -0.30784312 0.95143712
vn 0 -0.12121764 0.99262595
vn -7.3093929e-08 -0.85065019 0.5257321
vn -1.7002412e-07 -0.93788487 0.34694651
vn 0 -0.93788499 0.34694639
vn 0 -0.85065007 0.52573234
vn 0.34727761 -0.93776232 3.1200727e-07
vn -0.00049544551 -0.99999988 0
vn -0.0004960029 -0.99999994 7.2857924e-09
vn 0.34727749 -0.93776238 3.2889059e-07
vn -2.8548058e-07 -0.95456058 -0.29801694
vn 0 -0.87079567 -0.49164504
vn 0 -0.85065019 -0.5257321
vn -9.7141196e-08 -0.93788511 -0.34694591
vn 0 -0.87079567 -0.49164504
vn 5.4225404e-07 -0.7302587 -0.68317068
vn 4.2235806e-07 -0.68721533 -0.72645372
vn 0 -0.85065019 -0.5257321
vn 5.4225404e-07 -0.7302587 -0.68317068
vn 0.00038029705 -0.49024206 -0.87158626
vn 0.00077734207 -0.46619239 -0.88468307
vn 4.2235806e-07 -0.68721533 -0.72645372
vn 0.00038029705 -0.49024206 -0.87158626
vn 0.0016711848 -0.31768957 -0.94819337
vn 7.7355844e-06 -0.30541116 -0.95222056
vn 0.00077734207 -0.46619239 -0.88468307
vn 0.0016711848 -0.31768957 -0.94819337
vn -0.0059338803 -0.13207228 -0.99122232
vn 7.7355844e-06 -0.30541116 -0.95222056
vn 1.9868268e-07 -1 3.165768e-07
vn 6.9855832e-07 -0.95456034 0.29801753
vn 3.1579941e-07 -0.93788499 0.34694633
vn 8.4439648e-07 -1 -4.0580068e-07
vn 0.49164477 -0.87079585 2.6184122e-07
vn 0.52573216 -0.85065019 9.1028518e-08
vn 0.72645414 -0.68721491 0
vn 0.68317074 -0.73025864 0
vn 0.68317074 -0.73025864 0
vn 0.72645414 -0.68721491 0
vn 0.88448328 -0.46657181 -1.1025347e-07
vn 0.87155312 -0.49030098 -1.6255359e-07
vn 0.87155312 -0.49030098 -1.6255359e-07
vn 0.88448328 -0.46657181 -1.1025347e-07
vn 0.95143712 -0.30784342 -2.9025468e-06
vn 0.94743913 -0.31993601 -4.8466031e-06
vn 0.94743913 -0.31993601 -4.8466031e-06
vn 0.95143712 -0.30784342 -2.9025468e-06
vn 0.99155486 -0.12968795 -8.085878e-07
vn 1.4543051e-06 -0.93788499 -0.34694636
vn 0 -0.85130405 -0.52467251
vn 1.2164159e-07 -0.85130411 -0.52467257
vn 7.5208879e-07 -0.93788505 -0.34694624
vn 0 -1 7.8226617e-07
vn 0 -0.93788505 0.34694624
vn -2.5071529e-08 -0.93788511 0.34694612
vn 9.3253394e-14 -1 4.1557891e-07
vn -0.29801714 -0.95456052 -1.8776998e-07
vn -0.34694579 -0.93788522 -1.0350539e-07
vn -0.52573234 -0.85065001 9.1033447e-09
vn -0.49100596 -0.87115616 -1.0031454e-07
vn -0.49100596 -0.87115616 -1.0031454e-07
vn -0.52573234 -0.85065001 9.1033447e-09
vn -0.72645396 -0.68721515 1.8280535e-07
vn -0.68436736 -0.7291373 3.3743646e-07
vn -0.68436736 -0.7291373 3.3743646e-07
vn -0.72645396 -0.68721515 1.8280535e-07
vn -0.88467318 -0.4662112 0.00075803517
vn -0.87194878 -0.48959696 0.00035538708
vn -0.87194878 -0.48959696 0.00035538708
vn -0.88467318 -0.4662112 0.00075803517
vn -0.95141613 -0.30790275 0.0017887573
vn -0.94723725 -0.32052895 0.0016563929
vn -0.94723725 -0.32052895 0.0016563929
vn -0.95141613 -0.30790275 0.0017887573
vn -0.99147105 -0.13032448 0.00082645559
vn -3.6595262e-14 -1 -9.5932286e-08
vn -2.8548058e-07 -0.95456058 -0.29801694
vn -9.7141196e-08 -0.93788511 -0.34694591
vn 9.3253394e-14 -1 4.1557891e-07
vn 1.5836314e-07 -0.87079555 0.49164525
vn -7.371687e-07 -0.73025954 0.6831699
vn -3.8243104e-07 -0.68721557 0.72645348
vn -4.9334531e-08 -0.85065025 0.5257321
vn -7.371687e-07 -0.73025954 0.6831699
vn -0.00038519886 -0.49023923 0.87158781
vn -0.00078037317 -0.46618789 0.8846854
vn -3.8243104e-07 -0.68721557 0.72645348
vn -0.00038519886 -0.49023923 0.87158781
vn -0.001708602 -0.32050511 0.9472453
vn -0.0017900965 -0.30788791 0.95142096
vn -0.00078037317 -0.46618789 0.8846854
vn -0.001708602 -0.32050511 0.9472453
vn -0.00081789901 -0.13032985 0.9914704
vn -0.0017900965 -0.30788791 0.95142096
vn 6.9855832e-07 -0.95456034 0.29801753
vn 1.5836314e-07 -0.87079555 0.49164525
vn -4.9334531e-08 -0.85065025 0.5257321
vn 3.1579941e-07 -0.93788499 0.34694633
vn 0.0010388739 -0.46589354 0.88484013
vn 0.0017114959 -0.30728847 0.95161486
vn 0.0017901782 -0.30789056 0.95142007
vn 0.00077538175 -0.46619156 0.88468343
vn 0 -0.85065025 0.52573216
vn 0 -0.68721497 0.72645402
vn -4.2235783e-07 -0.68721485 0.7264542
vn -1.2197613e-07 -0.85065019 0.52573216
vn 0.0017114959 -0.30728847 0.95161486
vn 0.00068162964 -0.12185719 0.99254739
vn 0.00082009076 -0.13032879 0.99147052
vn 0.0017901782 -0.30789056 0.95142007
vn 0 -0.68721497 0.72645402
vn 0.0010388739 -0.46589354 0.88484013
vn 0.00077538175 -0.46619156 0.88468343
vn -4.2235783e-07 -0.68721485 0.7264542
vn 0.29801661 -0.9545607 4.444959e-07
vn 0.34694564 -0.93788522 2.0968763e-07
vn 0.52573216 -0.85065019 9.1028518e-08
vn 0.49164477 -0.87079585 2.6184122e-07
vn 0.95161051 -0.30730194 0.0017321901
vn 0.88482833 -0.46591595 0.0010394163
vn 0.88467324 -0.46621078 0.0007581588
vn 0.95141661 -0.3079015 0.0017888015
vn 0.72645313 -0.68721598 5.6089442e-07
vn 0.52645463 -0.85020316 8.6637613e-07
vn 0.52645499 -0.85020304 5.5700639e-07
vn 0.7264536 -0.68721563 2.8044721e-07
vn 1.4901104e-06 -1 -9.5827625e-07
vn 1.4543051e-06 -0.93788499 -0.34694636
vn 7.5208879e-07 -0.93788505 -0.34694624
vn 8.4439648e-07 -1 -4.0580068e-07
vn 0.99254858 -0.12184746 0.00070174894
vn 0.95161051 -0.30730194 0.0017321901
vn 0.95141661 -0.3079015 0.0017888015
vn 0.99147093 -0.13032505 0.00082705665
vn 0.88482833 -0.46591595 0.0010394163
vn 0.72645313 -0.68721598 5.6089442e-07
vn 0.7264536 -0.68721563 2.8044721e-07
vn 0.88467324 -0.46621078 0.0007581588
vn 0.52645463 -0.85020316 8.6637613e-07
vn 0.34727761 -0.93776232 3.1200727e-07
vn 0.34727749 -0.93776238 3.2889059e-07
vn 0.52645499 -0.85020304 5.5700639e-07
vn -0.0017063787 -0.30728573 -0.95161581
vn -0.00067658373 -0.1218597 -0.99254709
vn -0.00081817032 -0.13032976 -0.9914704
vn -0.0017905558 -0.3078877 -0.9514209
vn 0 -0.68636853 -0.72725397
vn -0.0010385561 -0.46375519 -0.88596278
vn -0.00077976659 -0.46405452 -0.88580626
vn 2.1045638e-07 -0.68636858 -0.72725385
vn 0 -0.93788505 0.34694624
vn 0 -0.85065025 0.52573216
vn -1.2197613e-07 -0.85065019 0.52573216
vn -2.5071529e-08 -0.93788511 0.34694612
vn -0.0010385561 -0.46375519 -0.88596278
vn -0.0017063787 -0.30728573 -0.95161581
vn -0.0017905558 -0.3078877 -0.9514209
vn -0.00077976659 -0.46405452 -0.88580626
vn 0 -0.85130405 -0.52467251
vn 0 -0.68636853 -0.72725397
vn 2.1045638e-07 -0.68636858 -0.72725385
vn 1.2164159e-07 -0.85130411 -0.52467257
vn -0.00018713856 -0.99999994 1.4801508e-08
vn -0.0004960029 -0.99999994 7.2857924e-09
vn -0.34694579 -0.93788522 -1.0350539e-07
vn -0.29801714 -0.95456052 -1.8776998e-07
vn -0.99262595 -0.121218 3.6359464e-07
vn -0.951437 -0.30784354 3.6179691e-07
vn -0.95143706 -0.30784342 -6.5497733e-07
vn -0.9915548 -0.12968783 9.4597347e-08
vn -0.88448328 -0.46657184 0
vn -0.7264539 -0.68721521 0
vn -0.72645372 -0.68721527 0
vn -0.88448316 -0.46657214 0
vn -0.5257321 -0.85065019 0
vn -0.34694713 -0.93788475 0
vn -0.34694651 -0.93788487 -9.2031577e-08
vn -0.5257321 -0.85065013 -9.185333e-08
vn 0.0038293721 -0.99999273 2.4651598e-07
vn -4.7913812e-07 -1 1.2139937e-07
vn 0.34694564 -0.93788522 2.0968763e-07
vn 0.29801661 -0.9545607 4.444959e-07
vn -0.951437 -0.30784354 3.6179691e-07
vn -0.88448328 -0.46657184 0
vn -0.88448316 -0.46657214 0
vn -0.95143706 -0.30784342 -6.5497733e-07
vn -0.7264539 -0.68721521 0
vn -0.5257321 -0.85065019 0
vn -0.5257321 -0.85065013 -9.185333e-08
vn -0.72645372 -0.68721527 0
vn -0.34694713 -0.93788475 0
vn -1.2125132e-06 -0.99999994 0
vn -4.7913812e-07 -1 1.2139937e-07
vn -0.34694651 -0.93788487 -9.2031577e-08
vn -0.70726275 -0.00021777442 0.70695066
vn -0.69710988 0.0010069364 0.71696365
vn -0.69713813 0.001007597 0.71693605
vn -0.70726353 -0.00021863921 0.70694995
vn -0.71401364 -0.028053662 -0.69956958
vn -0.71039873 -0.011910771 -0.70369858
vn -0.7103976 -0.011905665 -0.70369989
vn -0.71401364 -0.028053662 -0.69956958
vn 0.70603293 -0.0055036768 -0.7081576
vn 0.70706731 0.00095765252 -0.70714563
vn 0.70706755 0.00095521496 -0.70714533
vn 0.7060284 -0.0055135884 -0.70816213
vn -0.70341235 -0.014039255 -0.71064335
vn -0.6995604 -0.028077368 -0.71402162
vn -0.6995604 -0.028077368 -0.71402162
vn -0.70341355 -0.014034867 -0.71064222
vn 0.71401864 -0.02808466 0.69956315
vn 0.71064186 -0.01404391 0.70341378
vn 0.71064067 -0.01403922 0.70341504
vn 0.71401864 -0.02808466 0.69956315
vn -0.70710748 1.0096054e-06 -0.70710599
vn -0.70341235 -0.014039255 -0.71064335
vn -0.70341355 -0.014034867 -0.71064222
vn -0.70710748 1.0100987e-06 -0.70710605
vn -0.70813608 -0.00099231338 0.70607525
vn -0.70726275 -0.00021777442 0.70695066
vn -0.70726353 -0.00021863921 0.70694995
vn -0.7081362 -0.00099244481 0.70607519
vn 0.70462275 -0.0090945838 0.70952386
vn 0.70316815 -0.015994892 0.71084374
vn 0.70316917 -0.015991386 0.71084273
vn 0.70461893 -0.0091039995 0.70952749
vn 0.71064186 -0.01404391 0.70341378
vn 0.70710611 1.9122494e-06 0.70710754
vn 0.70710605 1.9113045e-06 0.70710748
vn 0.71064067 -0.01403922 0.70341504
vn 0.70706731 0.00095765252 -0.70714563
vn 0.70721632 0.0023100872 -0.70699358
vn 0.70721692 0.0023074478 -0.70699281
vn 0.70706755 0.00095521496 -0.70714533
vn -0.71039873 -0.011910771 -0.70369858
vn -0.7096523 0.013495815 -0.70442277
vn -0.70964152 0.013463143 -0.70443422
vn -0.7103976 -0.011905665 -0.70369989
vn -0.70710874 0 -0.7071048
vn -0.70710748 1.0096054e-06 -0.70710599
vn -0.70710748 1.0100987e-06 -0.70710605
vn -0.7071088 0 -0.7071048
vn -0.70581335 0.0013055793 0.70839661
vn -0.70813608 -0.00099231338 0.70607525
vn -0.7081362 -0.00099244481 0.70607519
vn -0.70581043 0.0013080764 0.70839959
vn 0.69999707 -0.01269705 0.71403295
vn 0.70462275 -0.0090945838 0.70952386
vn 0.70461893 -0.0091039995 0.70952749
vn 0.69998586 -0.012691604 0.71404397
vn 0.70710611 1.9122494e-06 0.70710754
vn 0.70710588 1.912246e-06 0.70710766
vn 0.70710593 1.9122938e-06 0.70710772
vn 0.70710605 1.9113045e-06 0.70710748
vn 0.70721632 0.0023100872 -0.70699358
vn 0.70905221 0.0016380603 -0.70515412
vn 0.70905411 0.0016400525 -0.70515215
vn 0.70721692 0.0023074478 -0.70699281
vn -0.7096523 0.013495815 -0.70442277
vn -0.69821733 0.0072641796 -0.71584904
vn -0.69826472 0.0073142308 -0.71580219
vn -0.70964152 0.013463143 -0.70443422
vn -0.70710695 -5.3411219e-07 -0.70710659
vn -0.70710874 0 -0.7071048
vn -0.7071088 0 -0.7071048
vn -0.70710701 -5.344574e-07 -0.70710665
vn -0.70185548 0.0012949466 0.71231824
vn -0.70581335 0.0013055793 0.70839661
vn -0.70581043 0.0013080764 0.70839959
vn -0.70224178 0.00161289 0.71193677
vn 0.69996053 -0.0068291393 0.71414894
vn 0.69999707 -0.01269705 0.71403295
vn 0.69998586 -0.012691604 0.71404397
vn 0.69994682 -0.0068529593 0.71416205
vn 0.70710588 1.912246e-06 0.70710766
vn 0.70710742 0 0.70710611
vn 0.70710748 0 0.70710605
vn 0.70710593 1.9122938e-06 0.70710772
vn -0.69821733 0.0072641796 -0.71584904
vn -0.69298083 -0.0029373441 -0.72094989
vn -0.69305992 -0.0028941859 -0.72087425
vn -0.69826472 0.0073142308 -0.71580219
vn 0.70905221 0.0016380603 -0.70515412
vn 0.71232212 0.0012959185 -0.70185149
vn 0.71194071 0.0016140911 -0.70223778
vn 0.70905411 0.0016400525 -0.70515215
vn 0.64424729 -0.4121801 -0.64424622
vn 0.69736058 -0.16545244 -0.69736207
vn 0.69736052 -0.16545233 -0.69736207
vn 0.64424717 -0.41218024 -0.64424604
vn 0.56896299 -0.59376913 -0.56896347
vn 0.64424729 -0.4121801 -0.64424622
vn 0.64424717 -0.41218024 -0.64424604
vn 0.56896305 -0.59376884 -0.56896359
vn 0.42859191 -0.79537201 -0.42859355
vn 0.56896299 -0.59376913 -0.56896347
vn 0.56896305 -0.59376884 -0.56896359
vn 0.42859215 -0.79537177 -0.42859384
vn 0.28375411 -0.91595155 -0.28375411
vn 0.42859191 -0.79537201 -0.42859355
vn 0.42859215 -0.79537177 -0.42859384
vn 0.28375417 -0.91595149 -0.28375417
vn 0.18060988 -0.96684909 -0.18050741
vn 0.28375411 -0.91595155 -0.28375411
vn 0.28375417 -0.91595149 -0.28375417
vn 0.18060966 -0.96684909 -0.18050718
vn 0.69736129 -0.16545182 0.69736129
vn 0.64424652 -0.41217968 0.64424706
vn 0.6442467 -0.41217896 0.64424735
vn 0.69736141 -0.1654519 0.69736135
vn 0.64424652 -0.41217968 0.64424706
vn 0.56896198 -0.59376884 0.56896478
vn 0.56896198 -0.59376866 0.56896484
vn 0.6442467 -0.41217896 0.64424735
vn 0.56896198 -0.59376884 0.56896478
vn 0.42858633 -0.79537719 0.42858943
vn 0.4285934 -0.79536951 0.42859647
vn 0.56896198 -0.59376866 0.56896484
vn 0.42858633 -0.79537719 0.42858943
vn 0.28438434 -0.91586703 0.28339586
vn 0.28436106 -0.91588157 0.28337213
vn 0.4285934 -0.79536951 0.42859647
vn 0.28438434 -0.91586703 0.28339586
vn 0.18165344 -0.96673036 0.18009536
vn 0.18110232 -0.96693558 0.1795484
vn 0.28436106 -0.91588157 0.28337213
vn -0.64424282 -0.41219661 -0.64423996
vn -0.69736111 -0.16545241 -0.69736135
vn -0.69736111 -0.16545241 -0.69736135
vn -0.64424872 -0.41217795 -0.64424598
vn -0.56797278 -0.59313428 -0.57061249
vn -0.64424282 -0.41219661 -0.64423996
vn -0.64424872 -0.41217795 -0.64424598
vn -0.56793845 -0.59319842 -0.57057995
vn -0.42707086 -0.7945894 -0.43155336
vn -0.56797278 -0.59313428 -0.57061249
vn -0.56793845 -0.59319842 -0.57057995
vn -0.42611724 -0.79562259 -0.43059117
vn -0.28942779 -0.91528428 -0.28015381
vn -0.42707086 -0.7945894 -0.43155336
vn -0.42611724 -0.79562259 -0.43059117
vn -0.28910643 -0.9155162 -0.27972773
vn -0.18661086 -0.96767575 -0.16964686
vn -0.28942779 -0.91528428 -0.28015381
vn -0.28910643 -0.9155162 -0.27972773
vn -0.1929293 -0.96539927 -0.17544982
vn 0.18165344 -0.96673036 0.18009536
vn 0.12415811 -0.98460507 0.12303507
vn 0.12415811 -0.98460507 0.12303507
vn 0.18110232 -0.96693558 0.1795484
vn -0.12837666 -0.98489803 -0.11616994
vn -0.18661086 -0.96767575 -0.16964686
vn -0.1929293 -0.96539927 -0.17544982
vn -0.12837666 -0.98489803 -0.11616994
vn -0.64422911 -0.41227901 0.64420092
vn -0.69736195 -0.16545261 0.69736063
vn -0.69736189 -0.16545254 0.69736058
vn -0.64427072 -0.41214877 0.6442427
vn -0.57972407 -0.59080219 0.56113535
vn -0.64422911 -0.41227901 0.64420092
vn -0.64427072 -0.41214877 0.6442427
vn -0.58014792 -0.58979088 0.5617606
vn -0.44826102 -0.79063141 0.41709003
vn -0.57972407 -0.59080219 0.56113535
vn -0.58014792 -0.58979088 0.5617606
vn -0.44257209 -0.79661572 0.41174412
vn -0.28898403 -0.91651201 0.27657554
vn -0.44826102 -0.79063141 0.41709003
vn -0.44257209 -0.79661572 0.41174412
vn -0.28860158 -0.91672063 0.2762832
vn -0.18061861 -0.96684563 0.18051724
vn -0.28898403 -0.91651201 0.27657554
vn -0.28860158 -0.91672063 0.2762832
vn -0.18056528 -0.9668656 0.18046379
vn 0.12385085 -0.98456734 -0.12364591
vn 0.18060988 -0.96684909 -0.18050741
vn 0.18060966 -0.96684909 -0.18050718
vn 0.12385085 -0.98456734 -0.12364591
vn -0.12380072 -0.98457801 0.12361019
vn -0.18061861 -0.96684563 0.18051724
vn -0.18056528 -0.9668656 0.18046379
vn -0.12380072 -0.98457801 0.12361019
vn 0.70316815 -0.015994892 0.71084374
vn 0.69964415 -0.027774032 0.71395141
vn 0.69964415 -0.027774032 0.71395141
vn 0.70316917 -0.015991386 0.71084273
vn -0.70872676 0.0014728574 0.70548159
vn -0.71232289 0.001295755 0.70185071
vn -0.71194172 0.0016138967 0.70223677
vn -0.70872921 0.0014751091 0.70547903
vn 0.70188028 -0.02207575 -0.71195287
vn 0.70603293 -0.0055036768 -0.7081576
vn 0.7060284 -0.0055135884 -0.70816213
vn 0.7018947 -0.022005849 -0.71194071
vn 0.70548314 0.0014721034 -0.70872509
vn 0.70710462 2.580472e-06 -0.70710897
vn 0.70710468 2.5801876e-06 -0.70710891
vn 0.70548069 0.0014743316 -0.7087276
vn -0.69710988 0.0010069364 0.71696365
vn -0.70945579 -0.0078547457 0.70470619
vn -0.70955008 -0.0078935856 0.70461094
vn -0.69713813 0.001007597 0.71693605
vn 0.71045268 -0.01313386 -0.70362234
vn 0.71252429 -0.027783116 -0.70109725
vn 0.71252429 -0.027783116 -0.70109725
vn 0.71045303 -0.013136132 -0.70362198
vn -0.70710665 -7.5612752e-07 0.70710695
vn -0.70872676 0.0014728574 0.70548159
vn -0.70872921 0.0014751091 0.70547903
vn -0.70710659 -7.5563923e-07 0.70710695
vn -0.6995098 -0.028775392 0.71404344
vn -0.70326805 -0.014811667 0.71077049
vn -0.70327079 -0.014800964 0.71076792
vn -0.6995098 -0.028775392 0.71404344
vn 0.70710462 2.580472e-06 -0.70710897
vn 0.70702887 0.00014588282 -0.70718467
vn 0.70702893 0.00014588732 -0.70718467
vn 0.70710468 2.5801876e-06 -0.70710891
vn 0.6990447 -0.035438213 -0.71419919
vn 0.70188028 -0.02207575 -0.71195287
vn 0.7018947 -0.022005849 -0.71194071
vn 0.6990447 -0.035438213 -0.71419919
vn -0.70945579 -0.0078547457 0.70470619
vn -0.73019898 -0.016544254 0.68303418
vn -0.73019898 -0.016544254 0.68303418
vn -0.70955008 -0.0078935856 0.70461094
vn -0.70703018 -0.00014703938 0.70718336
vn -0.70710665 -7.5612752e-07 0.70710695
vn -0.70710659 -7.5563923e-07 0.70710695
vn -0.70703024 -0.00014704387 0.70718336
vn 0.70702887 0.00014588282 -0.70718467
vn 0.70758897 0.00090000435 -0.70662367
vn 0.70758921 0.00090020976 -0.70662344
vn 0.70702893 0.00014588732 -0.70718467
vn -0.70318258 0.0026284226 -0.71100444
vn -0.70185298 0.0012951056 -0.71232069
vn -0.7022391 0.0016130974 -0.71193933
vn -0.70318359 0.002628898 -0.71100354
vn 0.70548248 0.001473039 0.70872581
vn 0.70185298 0.0012959104 0.71232069
vn 0.70223874 0.0016140902 0.71193963
vn 0.70547998 0.0014752825 0.70872831
vn -0.70691305 -0.00056526263 0.70730019
vn -0.70703018 -0.00014703938 0.70718336
vn -0.70703024 -0.00014704387 0.70718336
vn -0.70691305 -0.00056545553 0.70730031
vn 0.71232116 0.0012964014 0.7018525
vn 0.70645815 0.00033026768 0.70775485
vn 0.70646387 0.00033418892 0.70774895
vn 0.71193987 0.0016146937 0.70223856
vn 0.70758897 0.00090000435 -0.70662367
vn 0.71045268 -0.01313386 -0.70362234
vn 0.71045303 -0.013136132 -0.70362198
vn 0.70758921 0.00090020976 -0.70662344
vn -0.69298083 -0.0029373441 -0.72094989
vn -0.70318258 0.0026284226 -0.71100444
vn -0.70318359 0.002628898 -0.71100354
vn -0.69305992 -0.0028941859 -0.72087425
vn -0.70326805 -0.014811667 0.71077049
vn -0.70691305 -0.00056526263 0.70730019
vn -0.70691305 -0.00056545553 0.70730031
vn -0.70327079 -0.014800964 0.71076792
vn 0.70710742 0 0.70710611
vn 0.70548248 0.001473039 0.70872581
vn 0.70547998 0.0014752825 0.70872831
vn 0.70710748 0 0.70710605
vn 0.70645815 0.00033026768 0.70775485
vn 0.69996053 -0.0068291393 0.71414894
vn 0.69994682 -0.0068529593 0.71416205
vn 0.70646387 0.00033418892 0.70774895
vn -0.70868188 0.0014630357 -0.70552653
vn -0.70710695 -5.3411219e-07 -0.70710659
vn -0.70710701 -5.344574e-07 -0.70710665
vn -0.70868921 0.0014698168 -0.70551926
vn 0.70870072 0.00010840294 -0.70550931
vn 0.70870072 0.00010840294 -0.70550931
vn 0.7087025 0.0001068156 -0.7055074
vn 0.7087025 0.00010681645 -0.7055074
vn -0.71313649 -0.0081819566 0.70097739
vn -0.71313649 -0.0081819566 0.70097739
vn -0.71457148 -0.0014385066 0.69956088
vn -0.71457171 -0.001437674 0.6995607
vn 0.70678246 -1.8860736e-05 0.70743084
vn 0.70678246 -1.8860736e-05 0.70743084
vn 0.70678109 -1.4967096e-05 0.70743227
vn 0.70678109 -1.4967295e-05 0.70743221
vn -0.7413975 -0.67106563 -0.0008894896
vn -0.74056441 -0.67198479 -0.00088864885
vn -0.82122624 -0.57060194 -0.00096887641
vn 0.0014801192 -0.5811277 -0.813811
vn 0.00144094 -0.5799349 -0.8146615
vn 0.0013774976 -0.62750745 -0.77860934
vn 0.0013328592 -0.67686009 -0.73611033
vn 0.814466 -0.58020985 0.0012879202
vn 0.73489219 -0.67818356 -0.00080956751
vn 0.70946395 -0.70474023 -0.0014192585
vn -0.00118283 -0.5809015 0.81397307
vn -0.0010594418 -0.67795014 0.735107
vn -0.0010596951 -0.67777365 0.73526978
vn 0.70946395 -0.70474023 -0.0014192585
vn 0.73489219 -0.67818356 -0.00080956751
vn 0.62923449 -0.77720892 -0.0031985925
vn 0.62923449 -0.77720892 -0.0031985925
vn -0.71457171 -0.001437674 0.6995607
vn -0.71457148 -0.0014385066 0.69956088
vn -0.71734947 0.012119391 0.69660807
vn -0.70713264 1.5890826e-05 -0.70708096
vn -0.70713258 1.589326e-05 -0.7070809
vn -0.7071321 1.445664e-05 -0.7070815
vn 0.7087025 0.00010681645 -0.7055074
vn 0.7087025 0.0001068156 -0.7055074
vn 0.7087062 0.00010362418 -0.70550382
vn 0.7087062 0.00010362418 -0.70550382
vn 0.70678109 -1.4967295e-05 0.70743221
vn 0.70678109 -1.4967096e-05 0.70743227
vn 0.70677835 -7.138382e-06 0.70743507
vn -0.7413975 -0.67106563 -0.0008894896
vn -0.63411176 -0.77324098 -0.00077968161
vn -0.74056441 -0.67198479 -0.00088864885
vn 0.0013774976 -0.62750745 -0.77860934
vn 0.00144094 -0.5799349 -0.8146615
vn 0.0013552136 -0.57732099 -0.81651616
vn -0.0010594418 -0.67795014 0.735107
vn -0.00089820207 -0.77583301 0.6309377
vn -0.0010596951 -0.67777365 0.73526978
vn 0.0013774976 -0.62750745 -0.77860934
vn 0.0011392512 -0.77387226 -0.63334066
vn 0.0013328592 -0.67686009 -0.73611033
vn -0.0065683243 -0.12363386 -0.99230623
vn -0.0059338803 -0.13207228 -0.99122232
vn -0.0073161987 -0.0073161293 -0.99994642
vn -0.0073161987 -0.0073161293 -0.99994642
vn -0.70185548 0.0012949466 0.71231824
vn -0.70224178 0.00161289 0.71193677
vn -0.70027953 0 0.7138688
vn -0.70027953 0 0.7138688
vn 0.99155486 -0.12968795 -8.085878e-07
vn 0.99262595 -0.12121768 0
vn 1 0 0
vn 1 0 0
vn -0.99262595 -0.121218 3.6359464e-07
vn -0.9915548 -0.12968783 9.4597347e-08
vn -1 0 0
vn -1 0 0
vn -0.71194172 0.0016138967 0.70223677
vn -0.71232289 0.001295755 0.70185071
vn -0.71387291 0 0.7002753
vn -0.71387291 0 0.7002753
vn -0.00081817032 -0.13032976 -0.9914704
vn -0.00067658373 -0.1218597 -0.99254709
vn 0 0 -1
vn 0 0 -1
vn -0.69736189 -0.16545254 0.69736058
vn -0.69736195 -0.16545261 0.69736063
vn -0.70710731 0 0.70710629
vn -0.70710731 0 0.70710629
vn 0.70223874 0.0016140902 0.71193963
vn 0.70185298 0.0012959104 0.71232069
vn 0.70027876 0 0.71386939
vn 0.70027876 0 0.71386939
vn 0.71194071 0.0016140911 -0.70223778
vn 0.71232212 0.0012959185 -0.70185149
vn 0.71387291 0 -0.7002753
vn 0.71387291 0 -0.7002753
vn -0.00067640108 -0.1218597 0.99254709
vn -0.00081789901 -0.13032985 0.9914704
vn 0 0 0.99999994
vn 0 0 0.99999994
vn 0.69736129 -0.16545182 0.69736129
vn 0.69736141 -0.1654519 0.69736135
vn 0.70710629 0 0.70710731
vn 0.70710629 0 0.70710731
vn -0.7022391 0.0016130974 -0.71193933
vn -0.70185298 0.0012951056 -0.71232069
vn -0.70027739 0 -0.71387082
vn -0.70027739 0 -0.71387082
vn -0.99147105 -0.13032448 0.00082645559
vn -0.99254864 -0.12184711 0.00070102414
vn -1 0 -7.4506767e-07
vn -1 0 -7.4506767e-07
vn -0.69736111 -0.16545241 -0.69736135
vn -0.69736111 -0.16545241 -0.69736135
vn -0.70710683 0 -0.70710683
vn -0.70710683 0 -0.70710683
vn 0.00082009076 -0.13032879 0.99147052
vn 0.00068162964 -0.12185719 0.99254739
vn 0 0 1
vn 0 0 1
vn 0.69736052 -0.16545233 -0.69736207
vn 0.69736058 -0.16545244 -0.69736207
vn 0.70710522 0 -0.70710832
vn 0.70710522 0 -0.70710832
vn 0.99254858 -0.12184746 0.00070174894
vn 0.99147093 -0.13032505 0.00082705665
vn 1 0 0
vn 1 0 0
vn 0.71232116 0.0012964014 0.7018525
vn 0.71193987 0.0016146937 0.70223856
vn 0.71387148 0 0.70027673
vn 0.71387148 0 0.70027673
vn -0.70713288 1.6607941e-05 -0.70708066
vn -0.70713288 1.6607941e-05 -0.70708066
vn -0.70713258 1.589326e-05 -0.7070809
vn -0.70713264 1.5890826e-05 -0.70708096
vn -9.7141196e-08 -0.93788511 -0.34694591
vn 0 -0.85065019 -0.5257321
vn 0 -0.85065013 -0.5257324
vn 0 -0.93788505 -0.34694597
vn 4.2235806e-07 -0.68721533 -0.72645372
vn 0.00077734207 -0.46619239 -0.88468307
vn 0.0010394186 -0.46589425 -0.88483983
vn 0 -0.68721533 -0.72645372
vn 7.7355844e-06 -0.30541116 -0.95222056
vn -0.0059338803 -0.13207228 -0.99122232
vn -0.0065683243 -0.12363386 -0.99230623
vn -0.0018615103 -0.30562747 -0.95214933
vn -0.71229315 0.0012874813 -0.70188093
vn -0.70868188 0.0014630357 -0.70552653
vn -0.70868921 0.0014698168 -0.70551926
vn -0.71189851 0.0016086984 -0.70228046
vn -1.2197613e-07 -0.85065019 0.52573216
vn -4.2235783e-07 -0.68721485 0.7264542
vn -5.4225302e-07 -0.73025846 0.68317097
vn -3.5086092e-07 -0.87079555 0.49164537
vn -4.2235783e-07 -0.68721485 0.7264542
vn 0.00077538175 -0.46619156 0.88468343
vn 0.00037692807 -0.49024126 0.87158668
vn -5.4225302e-07 -0.73025846 0.68317097
vn -0.71387184 0 -0.70027643
vn -0.71229315 0.0012874813 -0.70188093
vn -0.71189851 0.0016086984 -0.70228046
vn -0.71387184 0 -0.70027643
vn 0 -0.85065019 -0.5257321
vn 4.2235806e-07 -0.68721533 -0.72645372
vn 0 -0.68721533 -0.72645372
vn 0 -0.85065013 -0.5257324
vn 0.00077734207 -0.46619239 -0.88468307
vn 7.7355844e-06 -0.30541116 -0.95222056
vn -0.0018615103 -0.30562747 -0.95214933
vn 0.0010394186 -0.46589425 -0.88483983
vn -2.5071529e-08 -0.93788511 0.34694612
vn -1.2197613e-07 -0.85065019 0.52573216
vn -3.5086092e-07 -0.87079555 0.49164537
vn 1.5644441e-07 -0.95456058 0.298017
vn 9.3253394e-14 -1 4.1557891e-07
vn -2.5071529e-08 -0.93788511 0.34694612
vn 1.5644441e-07 -0.95456058 0.298017
vn -3.6595262e-14 -1 -9.5932286e-08
vn 9.3253394e-14 -1 4.1557891e-07
vn -9.7141196e-08 -0.93788511 -0.34694591
vn 0 -0.93788505 -0.34694597
vn 0 -1 7.8226617e-07
vn 0.00077538175 -0.46619156 0.88468343
vn 0.0017901782 -0.30789056 0.95142007
vn 0.0016983993 -0.3205094 0.94724387
vn 0.00037692807 -0.49024126 0.87158668
vn 0.0017901782 -0.30789056 0.95142007
vn 0.00082009076 -0.13032879 0.99147052
vn 0.0016983993 -0.3205094 0.94724387
vn 0.7264536 -0.68721563 2.8044721e-07
vn 0.52645499 -0.85020304 5.5700639e-07
vn 0.49268964 -0.87020504 3.5623884e-07
vn 0.68317115 -0.73025835 0
vn 0.99147093 -0.13032505 0.00082705665
vn 0.95141661 -0.3079015 0.0017888015
vn 0.94723815 -0.32052654 0.0016557648
vn 0.52645499 -0.85020304 5.5700639e-07
vn 0.34727749 -0.93776238 3.2889059e-07
vn 0.29769537 -0.95466095 2.7435271e-07
vn 0.49268964 -0.87020504 3.5623884e-07
vn -0.34694579 -0.93788522 -1.0350539e-07
vn -0.0004960029 -0.99999994 7.2857924e-09
vn -0.00049544551 -0.99999988 0
vn -0.34694576 -0.93788528 0
vn -0.52573234 -0.85065001 9.1033447e-09
vn -0.34694579 -0.93788522 -1.0350539e-07
vn -0.34694576 -0.93788528 0
vn -0.52573264 -0.85064983 0
vn -0.88467318 -0.4662112 0.00075803517
vn -0.72645396 -0.68721515 1.8280535e-07
vn -0.72645402 -0.68721503 0
vn -0.88482845 -0.46591586 0.0010388973
vn -0.99147105 -0.13032448 0.00082645559
vn -0.95141613 -0.30790275 0.0017887573
vn -0.95161039 -0.30730218 0.0017313255
vn -0.99254864 -0.12184711 0.00070102414
vn 0.70185322 0.0012941427 -0.71232045
vn 0.70548314 0.0014721034 -0.70872509
vn 0.70548069 0.0014743316 -0.7087276
vn 0.70223969 0.0016118889 -0.71193874
vn 0.95141661 -0.3079015 0.0017888015
vn 0.88467324 -0.46621078 0.0007581588
vn 0.87157989 -0.49025339 0.00035157669
vn 0.94723815 -0.32052654 0.0016557648
vn 0.88467324 -0.46621078 0.0007581588
vn 0.7264536 -0.68721563 2.8044721e-07
vn 0.68317115 -0.73025835 0
vn 0.87157989 -0.49025339 0.00035157669
vn 0.34727749 -0.93776238 3.2889059e-07
vn -0.0004960029 -0.99999994 7.2857924e-09
vn -0.00018713856 -0.99999994 1.4801508e-08
vn 0.29769537 -0.95466095 2.7435271e-07
vn -0.72645396 -0.68721515 1.8280535e-07
vn -0.52573234 -0.85065001 9.1033447e-09
vn -0.52573264 -0.85064983 0
vn -0.72645402 -0.68721503 0
vn -0.95141613 -0.30790275 0.0017887573
vn -0.88467318 -0.4662112 0.00075803517
vn -0.88482845 -0.46591586 0.0010388973
vn -0.95161039 -0.30730218 0.0017313255
vn 0.70027602 0 -0.71387219
vn 0.70185322 0.0012941427 -0.71232045
vn 0.70223969 0.0016118889 -0.71193874
vn 0.70027602 0 -0.71387219
vn 2.1045638e-07 -0.68636858 -0.72725385
vn -0.00077976659 -0.46405452 -0.88580626
vn -0.00038369585 -0.48760673 -0.87306327
vn 2.7007468e-07 -0.73040605 -0.68301326
vn -0.00077976659 -0.46405452 -0.88580626
vn -0.0017905558 -0.3078877 -0.9514209
vn -0.0017088578 -0.3205047 -0.94724548
vn -0.00038369585 -0.48760673 -0.87306327
vn 7.5208879e-07 -0.93788505 -0.34694624
vn 1.2164159e-07 -0.85130411 -0.52467257
vn 3.4973002e-07 -0.87110496 -0.49109694
vn -1.5623333e-07 -0.95456058 -0.29801711
vn -4.9334531e-08 -0.85065025 0.5257321
vn -3.8243104e-07 -0.68721557 0.72645348
vn 0 -0.68721557 0.7264536
vn 0 -0.85064995 0.52573252
vn -0.00078037317 -0.46618789 0.8846854
vn -0.0017900965 -0.30788791 0.95142096
vn -0.0017059173 -0.3072854 0.95161593
vn -0.0010385317 -0.46588886 0.88484269
vn 3.1579941e-07 -0.93788499 0.34694633
vn -4.9334531e-08 -0.85065025 0.5257321
vn 0 -0.85064995 0.52573252
vn 0 -0.93788499 0.34694627
vn 8.4439648e-07 -1 -4.0580068e-07
vn 7.5208879e-07 -0.93788505 -0.34694624
vn -1.5623333e-07 -0.95456058 -0.29801711
vn 1.9868268e-07 -1 3.165768e-07
vn -0.0017905558 -0.3078877 -0.9514209
vn -0.00081817032 -0.13032976 -0.9914704
vn -0.0017088578 -0.3205047 -0.94724548
vn 1.2164159e-07 -0.85130411 -0.52467257
vn 2.1045638e-07 -0.68636858 -0.72725385
vn 2.7007468e-07 -0.73040605 -0.68301326
vn 3.4973002e-07 -0.87110496 -0.49109694
vn 8.4439648e-07 -1 -4.0580068e-07
vn 3.1579941e-07 -0.93788499 0.34694633
vn 0 -0.93788499 0.34694627
vn 1.4901104e-06 -1 -9.5827625e-07
vn -3.8243104e-07 -0.68721557 0.72645348
vn -0.00078037317 -0.46618789 0.8846854
vn -0.0010385317 -0.46588886 0.88484269
vn 0 -0.68721557 0.7264536
vn -0.0017900965 -0.30788791 0.95142096
vn -0.00081789901 -0.13032985 0.9914704
vn -0.00067640108 -0.1218597 0.99254709
vn -0.0017059173 -0.3072854 0.95161593
vn -0.88448316 -0.46657214 0
vn -0.72645372 -0.68721527 0
vn -0.68317038 -0.730259 0
vn -0.87155294 -0.49030143 0
vn 0.72645414 -0.68721491 0
vn 0.52573216 -0.85065019 9.1028518e-08
vn 0.52573264 -0.85064983 0
vn 0.72645438 -0.68721473 0
vn 0.95143712 -0.30784342 -2.9025468e-06
vn 0.88448328 -0.46657181 -1.1025347e-07
vn 0.8844834 -0.46657169 0
vn 0.95143706 -0.30784339 0
vn 0.34694564 -0.93788522 2.0968763e-07
vn -4.7913812e-07 -1 1.2139937e-07
vn -1.2125132e-06 -0.99999994 0
vn 0.346946 -0.93788505 0
vn -0.72645372 -0.68721527 0
vn -0.5257321 -0.85065013 -9.185333e-08
vn -0.49199402 -0.87059861 -2.6340192e-07
vn -0.68317038 -0.730259 0
vn -0.9915548 -0.12968783 9.4597347e-08
vn -0.95143706 -0.30784342 -6.5497733e-07
vn -0.94743919 -0.31993577 -1.3740598e-06
vn -0.5257321 -0.85065013 -9.185333e-08
vn -0.34694651 -0.93788487 -9.2031577e-08
vn -0.29879996 -0.95431566 -9.8552405e-08
vn -0.49199402 -0.87059861 -2.6340192e-07
vn -0.95143706 -0.30784342 -6.5497733e-07
vn -0.88448316 -0.46657214 0
vn -0.87155294 -0.49030143 0
vn -0.94743919 -0.31993577 -1.3740598e-06
vn -0.34694651 -0.93788487 -9.2031577e-08
vn -4.7913812e-07 -1 1.2139937e-07
vn 0.0038293721 -0.99999273 2.4651598e-07
vn -0.29879996 -0.95431566 -9.8552405e-08
vn 0.88448328 -0.46657181 -1.1025347e-07
vn 0.72645414 -0.68721491 0
vn 0.72645438 -0.68721473 0
vn 0.8844834 -0.46657169 0
vn 0.99155486 -0.12968795 -8.085878e-07
vn 0.95143712 -0.30784342 -2.9025468e-06
vn 0.95143706 -0.30784339 0
vn 0.99262595 -0.12121768 0
vn 0.52573216 -0.85065019 9.1028518e-08
vn 0.34694564 -0.93788522 2.0968763e-07
vn 0.346946 -0.93788505 0
vn 0.52573264 -0.85064983 0
vn 0.34727722 -0.93776244 0
vn -0.000495338 -0.99999988 0
vn -0.00049581227 -0.99999982 8.0321207e-08
vn 0.34727761 -0.93776232 2.5142472e-07
vn -1.5644369e-07 -0.95456052 -0.2980172
vn 5.4323056e-07 -0.87079513 -0.49164596
vn 2.9367507e-07 -0.85065007 -0.52573228
vn 2.5071644e-08 -0.93788499 -0.34694639
vn 5.4323056e-07 -0.87079513 -0.49164596
vn 4.6994387e-07 -0.73025906 -0.68317032
vn 1.7349551e-07 -0.68721545 -0.7264536
vn 2.9367507e-07 -0.85065007 -0.52573228
vn 4.6994387e-07 -0.73025906 -0.68317032
vn 0.00037840405 -0.4902418 -0.87158644
vn 0.00077635527 -0.46619183 -0.88468331
vn 1.7349551e-07 -0.68721545 -0.7264536
vn 0.00037840405 -0.4902418 -0.87158644
vn 0.0016704473 -0.31768933 -0.94819343
vn 6.9234884e-06 -0.30541092 -0.95222068
vn 0.00077635527 -0.46619183 -0.88468331
vn 0.0016704473 -0.31768933 -0.94819343
vn -0.0059360624 -0.132074 -0.99122202
vn 6.9234884e-06 -0.30541092 -0.95222068
vn 5.4892905e-14 -1 4.7006827e-07
vn 4.1362756e-07 -0.95456028 0.2980178
vn 2.1884546e-07 -0.93788481 0.3469466
vn 2.1448284e-13 -1 2.9334984e-08
vn 0.49164602 -0.87079519 2.0729088e-07
vn 0.52573276 -0.85064977 7.2064246e-08
vn 0.7264536 -0.68721557 0
vn 0.68317008 -0.73025924 0
vn 0.68317008 -0.73025924 0
vn 0.7264536 -0.68721557 0
vn 0.88448334 -0.46657199 -1.4171144e-07
vn 0.87155294 -0.49030143 0
vn 0.87155294 -0.49030143 0
vn 0.88448334 -0.46657199 -1.4171144e-07
vn 0.95143712 -0.30784312 -1.4131149e-07
vn 0.94743925 -0.31993574 0
vn 0.94743925 -0.31993574 0
vn 0.95143712 -0.30784312 -1.4131149e-07
vn 0.99155486 -0.12968767 0
vn 0 -0.93788505 -0.34694618
vn 0 -0.8513037 -0.52467322
vn 1.7040284e-07 -0.8513037 -0.52467334
vn -9.6953926e-08 -0.93788505 -0.34694621
vn 0 -1 1.2125129e-06
vn 0 -0.93788487 0.34694639
vn -2.5071717e-08 -0.93788499 0.34694639
vn 1.8650683e-13 -1 8.1649051e-07
vn -0.29801828 -0.95456016 -2.7431409e-07
vn -0.34694645 -0.93788493 -1.7256657e-07
vn -0.52573222 -0.85065019 -1.4551239e-07
vn -0.49100637 -0.87115592 -3.8138592e-07
vn -0.49100637 -0.87115592 -3.8138592e-07
vn -0.52573222 -0.85065019 -1.4551239e-07
vn -0.7264539 -0.68721515 -7.796325e-08
vn -0.68436706 -0.72913772 -1.3256955e-07
vn -0.68436706 -0.72913772 -1.3256955e-07
vn -0.7264539 -0.68721515 -7.796325e-08
vn -0.88467348 -0.46621063 0.00075815007
vn -0.87194926 -0.48959601 0.00035519744
vn -0.87194926 -0.48959601 0.00035519744
vn -0.88467348 -0.46621063 0.00075815007
vn -0.95141602 -0.30790305 0.0017884927
vn -0.94723707 -0.32052934 0.0016553639
vn -0.94723707 -0.32052934 0.0016553639
vn -0.95141602 -0.30790305 0.0017884927
vn -0.99147105 -0.13032472 0.00082692015
vn -2.0127397e-13 -1 4.796615e-08
vn -1.5644369e-07 -0.95456052 -0.2980172
vn 2.5071644e-08 -0.93788499 -0.34694639
vn 1.8650683e-13 -1 8.1649051e-07
vn 1.5836335e-07 -0.87079543 0.49164546
vn -7.3716848e-07 -0.73025948 0.6831699
vn -8.0173453e-07 -0.68721557 0.72645348
vn -4.9334513e-08 -0.85065007 0.52573228
vn -7.3716848e-07 -0.73025948 0.6831699
vn -0.00038581726 -0.49023926 0.87158787
vn -0.00078148785 -0.46618795 0.8846854
vn -8.0173453e-07 -0.68721557 0.72645348
vn -0.00038581726 -0.49023926 0.87158787
vn -0.0017095994 -0.3205041 0.94724566
vn -0.0017910649 -0.30788743 0.95142108
vn -0.00078148785 -0.46618795 0.8846854
vn -0.0017095994 -0.3205041 0.94724566
vn -0.00081840786 -0.13032931 0.99147034
vn -0.0017910649 -0.30788743 0.95142108
vn 4.1362756e-07 -0.95456028 0.2980178
vn 1.5836335e-07 -0.87079543 0.49164546
vn -4.9334513e-08 -0.85065007 0.52573228
vn 2.1884546e-07 -0.93788481 0.3469466
vn 0.0010391444 -0.46589419 0.88483977
vn 0.0017121243 -0.3072879 0.9516151
vn 0.0017903047 -0.30788976 0.95142037
vn 0.00077629328 -0.46619236 0.88468307
vn 0 -0.85065031 0.5257318
vn 0 -0.68721575 0.72645342
vn -3.8467456e-07 -0.68721557 0.7264536
vn -2.936755e-07 -0.85065019 0.52573216
vn 0.0017121243 -0.3072879 0.9516151
vn 0.00068199029 -0.12185675 0.99254745
vn 0.00082022656 -0.13032825 0.99147063
vn 0.0017903047 -0.30788976 0.95142037
vn 0 -0.68721575 0.72645342
vn 0.0010391444 -0.46589419 0.88483977
vn 0.00077629328 -0.46619236 0.88468307
vn -3.8467456e-07 -0.68721557 0.7264536
vn 0.29801682 -0.95456052 2.325576e-07
vn 0.34694648 -0.93788493 1.2539626e-07
vn 0.52573276 -0.85064977 7.2064246e-08
vn 0.49164602 -0.87079519 2.0729088e-07
vn 0.95161062 -0.3073017 0.0017334925
vn 0.88482904 -0.46591473 0.0010396715
vn 0.8846736 -0.46621022 0.00075828645
vn 0.95141619 -0.30790266 0.0017894252
vn 0.72645408 -0.68721503 0
vn 0.52645433 -0.85020345 0
vn 0.52645433 -0.85020339 1.2381842e-07
vn 0.72645384 -0.68721521 0
vn 0 -1 -4.986947e-07
vn 0 -0.93788505 -0.34694618
vn -9.6953926e-08 -0.93788505 -0.34694621
vn 2.1448284e-13 -1 2.9334984e-08
vn 0.99254858 -0.12184741 0.00070279761
vn 0.95161062 -0.3073017 0.0017334925
vn 0.95141619 -0.30790266 0.0017894252
vn 0.99147099 -0.13032526 0.0008280531
vn 0.88482904 -0.46591473 0.0010396715
vn 0.72645408 -0.68721503 0
vn 0.72645384 -0.68721521 0
vn 0.8846736 -0.46621022 0.00075828645
vn 0.52645433 -0.85020345 0
vn 0.34727722 -0.93776244 0
vn 0.34727761 -0.93776232 2.5142472e-07
vn 0.52645433 -0.85020339 1.2381842e-07
vn -0.0017077473 -0.30728519 -0.95161593
vn -0.00067712733 -0.12185865 -0.99254727
vn -0.00081857445 -0.13032871 -0.99147052
vn -0.0017907437 -0.30788773 -0.95142102
vn 0 -0.68636817 -0.72725427
vn -0.001039388 -0.46375591 -0.88596243
vn -0.00078025128 -0.46405503 -0.88580596
vn 1.7231412e-07 -0.68636811 -0.72725427
vn 0 -0.93788487 0.34694639
vn 0 -0.85065031 0.5257318
vn -2.936755e-07 -0.85065019 0.52573216
vn -2.5071717e-08 -0.93788499 0.34694639
vn -0.001039388 -0.46375591 -0.88596243
vn -0.0017077473 -0.30728519 -0.95161593
vn -0.0017907437 -0.30788773 -0.95142102
vn -0.00078025128 -0.46405503 -0.88580596
vn 0 -0.8513037 -0.52467322
vn 0 -0.68636817 -0.72725427
vn 1.7231412e-07 -0.68636811 -0.72725427
vn 1.7040284e-07 -0.8513037 -0.52467334
vn -0.00018693757 -1 1.6109023e-07
vn -0.00049581227 -0.99999982 8.0321207e-08
vn -0.34694645 -0.93788493 -1.7256657e-07
vn -0.29801828 -0.95456016 -2.7431409e-07
vn -0.99262589 -0.12121733 0
vn -0.95143706 -0.30784348 2.8262158e-07
vn -0.95143712 -0.30784321 -2.7257187e-07
vn -0.99155486 -0.12968753 -4.0084398e-08
vn -0.88448298 -0.46657243 4.9386273e-07
vn -0.7264542 -0.68721485 6.7183669e-07
vn -0.72645396 -0.68721515 2.8384071e-07
vn -0.88448316 -0.46657223 -8.0896683e-08
vn -0.5257324 -0.85065001 1.0054249e-06
vn -0.3469463 -0.93788499 5.5179947e-07
vn -0.34694621 -0.93788505 1.6659135e-07
vn -0.52573234 -0.85065001 4.4147663e-07
vn 0.0038288173 -0.99999261 1.3908817e-08
vn -3.6179816e-07 -1 5.3672182e-09
vn 0.34694648 -0.93788493 1.2539626e-07
vn 0.29801682 -0.95456052 2.325576e-07
vn -0.95143706 -0.30784348 2.8262158e-07
vn -0.88448298 -0.46657243 4.9386273e-07
vn -0.88448316 -0.46657223 -8.0896683e-08
vn -0.95143712 -0.30784321 -2.7257187e-07
vn -0.7264542 -0.68721485 6.7183669e-07
vn -0.5257324 -0.85065001 1.0054249e-06
vn -0.52573234 -0.85065001 4.4147663e-07
vn -0.72645396 -0.68721515 2.8384071e-07
vn -0.3469463 -0.93788499 5.5179947e-07
vn -7.13818e-07 -1 0
vn -3.6179816e-07 -1 5.3672182e-09
vn -0.34694621 -0.93788505 1.6659135e-07
vn -0.70726156 -0.00021856064 0.70695192
vn -0.69710952 0.0010050311 0.71696401
vn -0.69713765 0.0010056839 0.71693653
vn -0.70726234 -0.00021941382 0.70695114
vn -0.71401346 -0.028053652 -0.6995697
vn -0.71039814 -0.011910783 -0.70369911
vn -0.71039689 -0.011905631 -0.70370048
vn -0.71401346 -0.028053652 -0.6995697
vn 0.70603096 -0.0055085397 -0.70815957
vn 0.70706487 0.00095308339 -0.70714813
vn 0.70706511 0.00095063291 -0.70714778
vn 0.70602643 -0.0055184546 -0.70816404
vn -0.70341414 -0.014034938 -0.71064168
vn -0.69956255 -0.028072866 -0.71401978
vn -0.69956255 -0.028072866 -0.71401978
vn -0.70341527 -0.014030643 -0.71064067
vn 0.71402001 -0.028084546 0.69956177
vn 0.71064377 -0.014045918 0.7034117
vn 0.7106427 -0.014041146 0.70341301
vn 0.71402001 -0.028084546 0.69956177
vn -0.70710784 3.9849183e-06 -0.70710576
vn -0.70341414 -0.014034938 -0.71064168
vn -0.70341527 -0.014030643 -0.71064067
vn -0.7071079 3.9859519e-06 -0.70710576
vn -0.70813304 -0.00099038205 0.70607835
vn -0.70726156 -0.00021856064 0.70695192
vn -0.70726234 -0.00021941382 0.70695114
vn -0.70813316 -0.0009905129 0.70607823
vn 0.70462257 -0.0090935696 0.70952404
vn 0.70316994 -0.015992763 0.71084195
vn 0.70317096 -0.01598925 0.71084094
vn 0.70461881 -0.0091029583 0.70952761
vn 0.71064377 -0.014045918 0.7034117
vn 0.70710695 -1.0693251e-07 0.70710653
vn 0.70710701 -1.0889261e-07 0.70710653
vn 0.7106427 -0.014041146 0.70341301
vn 0.70706487 0.00095308339 -0.70714813
vn 0.70721513 0.0023087922 -0.70699465
vn 0.70721579 0.0023061605 -0.70699382
vn 0.70706511 0.00095063291 -0.70714778
vn -0.71039814 -0.011910783 -0.70369911
vn -0.7096523 0.013497712 -0.70442277
vn -0.70964164 0.013465074 -0.70443422
vn -0.71039689 -0.011905631 -0.70370048
vn -0.70710588 9.5612154e-07 -0.7071076
vn -0.70710784 3.9849183e-06 -0.70710576
vn -0.7071079 3.9859519e-06 -0.70710576
vn -0.70710599 9.5615064e-07 -0.7071076
vn -0.70581162 0.0013069323 0.70839834
vn -0.70813304 -0.00099038205 0.70607835
vn -0.70813316 -0.0009905129 0.70607823
vn -0.7058087 0.0013094204 0.70840132
vn 0.69999844 -0.012699265 0.7140314
vn 0.70462257 -0.0090935696 0.70952404
vn 0.70461881 -0.0091029583 0.70952761
vn 0.69998729 -0.012693832 0.71404248
vn 0.70710695 -1.0693251e-07 0.70710653
vn 0.70710367 3.4245127e-06 0.70710987
vn 0.70710361 3.4245218e-06 0.70710987
vn 0.70710701 -1.0889261e-07 0.70710653
vn 0.70721513 0.0023087922 -0.70699465
vn 0.70905197 0.001637344 -0.70515412
vn 0.70905399 0.0016393234 -0.70515221
vn 0.70721579 0.0023061605 -0.70699382
vn -0.7096523 0.013497712 -0.70442277
vn -0.698219 0.0072675566 -0.71584737
vn -0.69826651 0.0073177223 -0.7158004
vn -0.70964164 0.013465074 -0.70443422
vn -0.70710474 -2.1364608e-06 -0.70710886
vn -0.70710588 9.5612154e-07 -0.7071076
vn -0.70710599 9.5615064e-07 -0.7071076
vn -0.70710474 -2.1378341e-06 -0.70710874
vn -0.70185596 0.0012954281 0.71231782
vn -0.70581162 0.0013069323 0.70839834
vn -0.7058087 0.0013094204 0.70840132
vn -0.7022419 0.0016134895 0.71193659
vn 0.6999622 -0.006831639 0.71414715
vn 0.69999844 -0.012699265 0.7140314
vn 0.69998729 -0.012693832 0.71404248
vn 0.69994861 -0.0068554822 0.71416026
vn 0.70710367 3.4245127e-06 0.70710987
vn 0.7071045 1.5122574e-06 0.70710909
vn 0.7071045 1.5112854e-06 0.70710903
vn 0.70710361 3.4245218e-06 0.70710987
vn -0.698219 0.0072675566 -0.71584737
vn -0.69298208 -0.0029384666 -0.72094876
vn -0.69306105 -0.0028953357 -0.72087312
vn -0.69826651 0.0073177223 -0.7158004
vn 0.70905197 0.001637344 -0.70515412
vn 0.71231759 0.0012957534 -0.7018562
vn 0.71193653 0.0016138852 -0.7022419
vn 0.70905399 0.0016393234 -0.70515221
vn 0.6442467 -0.41218001 -0.64424676
vn 0.69736147 -0.16545224 -0.69736123
vn 0.69736147 -0.16545218 -0.69736111
vn 0.64424658 -0.4121801 -0.64424664
vn 0.56896389 -0.59376812 -0.56896365
vn 0.6442467 -0.41218001 -0.64424676
vn 0.64424658 -0.4121801 -0.64424664
vn 0.56896394 -0.59376794 -0.56896377
vn 0.42859387 -0.79537141 -0.42859262
vn 0.56896389 -0.59376812 -0.56896365
vn 0.56896394 -0.59376794 -0.56896377
vn 0.42859367 -0.79537153 -0.42859238
vn 0.2837539 -0.91595191 -0.28375313
vn 0.42859387 -0.79537141 -0.42859262
vn 0.42859367 -0.79537153 -0.42859238
vn 0.28375375 -0.91595197 -0.28375298
vn 0.18061098 -0.96684909 -0.1805065
vn 0.2837539 -0.91595191 -0.28375313
vn 0.28375375 -0.91595197 -0.28375298
vn 0.18061079 -0.96684915 -0.1805063
vn 0.69736308 -0.16545221 0.69735938
vn 0.64424759 -0.41218051 0.64424556
vn 0.64424765 -0.41218013 0.64424562
vn 0.6973632 -0.16545245 0.69735944
vn 0.64424759 -0.41218051 0.64424556
vn 0.56896412 -0.59376901 0.56896228
vn 0.568964 -0.59376931 0.56896216
vn 0.64424765 -0.41218013 0.64424562
vn 0.56896412 -0.59376901 0.56896228
vn 0.42858735 -0.79537666 0.42858931
vn 0.42859417 -0.79536927 0.42859614
vn 0.568964 -0.59376931 0.56896216
vn 0.42858735 -0.79537666 0.42858931
vn 0.28438467 -0.9158662 0.28339794
vn 0.28436136 -0.9158808 0.28337413
vn 0.42859417 -0.79536927 0.42859614
vn 0.28438467 -0.9158662 0.28339794
vn 0.18165252 -0.9667303 0.18009697
vn 0.18110131 -0.96693546 0.17954993
vn 0.28436136 -0.9158808 0.28337413
vn -0.6442436 -0.41219786 -0.64423841
vn -0.69735944 -0.16545288 -0.69736314
vn -0.69735932 -0.16545297 -0.69736302
vn -0.64424962 -0.41217902 -0.64424437
vn -0.56797493 -0.59313393 -0.57061082
vn -0.6442436 -0.41219786 -0.64423841
vn -0.64424962 -0.41217902 -0.64424437
vn -0.56794077 -0.59319782 -0.5705784
vn -0.42707026 -0.79458916 -0.43155426
vn -0.56797493 -0.59313393 -0.57061082
vn -0.56794077 -0.59319782 -0.5705784
vn -0.4261167 -0.79562235 -0.43059206
vn -0.28942463 -0.91528493 -0.28015491
vn -0.42707026 -0.79458916 -0.43155426
vn -0.4261167 -0.79562235 -0.43059206
vn -0.28910318 -0.91551691 -0.27972874
vn -0.18660966 -0.96767592 -0.16964717
vn -0.28942463 -0.91528493 -0.28015491
vn -0.28910318 -0.91551691 -0.27972874
vn -0.1929283 -0.96539927 -0.17545049
vn 0.18165252 -0.9667303 0.18009697
vn 0.12415517 -0.98460537 0.12303543
vn 0.12415517 -0.98460537 0.12303543
vn 0.18110131 -0.96693546 0.17954993
vn -0.12837684 -0.98489785 -0.11616991
vn -0.18660966 -0.96767592 -0.16964717
vn -0.1929283 -0.96539927 -0.17545049
vn -0.12837684 -0.98489785 -0.11616991
vn -0.64422935 -0.41227832 0.6442011
vn -0.69736052 -0.16545278 0.69736183
vn -0.69736052 -0.16545279 0.69736189
vn -0.64427102 -0.41214809 0.64424288
vn -0.57972544 -0.59080178 0.56113422
vn -0.64422935 -0.41227832 0.6442011
vn -0.64427102 -0.41214809 0.64424288
vn -0.58014935 -0.58979064 0.56175941
vn -0.44826156 -0.79063177 0.41708851
vn -0.57972544 -0.59080178 0.56113422
vn -0.58014935 -0.58979064 0.56175941
vn -0.44257307 -0.7966159 0.41174302
vn -0.28898463 -0.91651195 0.27657506
vn -0.44826156 -0.79063177 0.41708851
vn -0.44257307 -0.7966159 0.41174302
vn -0.28860193 -0.91672069 0.27628258
vn -0.18062174 -0.96684521 0.18051656
vn -0.28898463 -0.91651195 0.27657506
vn -0.28860193 -0.91672069 0.27628258
vn -0.1805682 -0.96686518 0.18046294
vn 0.12385339 -0.98456705 -0.12364461
vn 0.18061098 -0.96684909 -0.1805065
vn 0.18061079 -0.96684915 -0.1805063
vn 0.12385339 -0.98456705 -0.12364461
vn -0.12380678 -0.98457736 0.12360941
vn -0.18062174 -0.96684521 0.18051656
vn -0.1805682 -0.96686518 0.18046294
vn -0.12380678 -0.98457736 0.12360941
vn 0.70316994 -0.015992763 0.71084195
vn 0.6996491 -0.027771771 0.71394664
vn 0.6996491 -0.027771771 0.71394664
vn 0.70317096 -0.01598925 0.71084094
vn -0.70872676 0.0014734983 0.70548147
vn -0.71232069 0.001296076 0.70185298
vn -0.71193933 0.0016142965 0.70223916
vn -0.70872921 0.0014757339 0.70547909
vn 0.70188147 -0.022073479 -0.71195155
vn 0.70603096 -0.0055085397 -0.70815957
vn 0.70602643 -0.0055184546 -0.70816404
vn 0.70189601 -0.022003677 -0.71193957
vn 0.70548487 0.0014722294 -0.70872343
vn 0.70710784 -1.4012446e-06 -0.70710576
vn 0.70710784 -1.4006806e-06 -0.70710564
vn 0.70548242 0.0014744714 -0.70872593
vn -0.69710952 0.0010050311 0.71696401
vn -0.70945626 -0.0078568272 0.70470566
vn -0.70955032 -0.0078956177 0.70461047
vn -0.69713765 0.0010056839 0.71693653
vn 0.71045446 -0.013136993 -0.70362049
vn 0.71252716 -0.027787134 -0.70109403
vn 0.71252716 -0.027787134 -0.70109403
vn 0.71045482 -0.013139054 -0.7036202
vn -0.70710832 2.6705666e-07 0.70710522
vn -0.70872676 0.0014734983 0.70548147
vn -0.70872921 0.0014757339 0.70547909
vn -0.70710826 2.6722884e-07 0.70710516
vn -0.69951028 -0.028779484 0.71404278
vn -0.70326942 -0.014813723 0.71076918
vn -0.70327222 -0.014803014 0.71076655
vn -0.69951028 -0.028779484 0.71404278
vn 0.70710784 -1.4012446e-06 -0.70710576
vn 0.70703131 0.00014227928 -0.70718217
vn 0.70703131 0.00014228429 -0.70718223
vn 0.70710784 -1.4006806e-06 -0.70710564
vn 0.69905013 -0.035431691 -0.7141943
vn 0.70188147 -0.022073479 -0.71195155
vn 0.70189601 -0.022003677 -0.71193957
vn 0.69905013 -0.035431691 -0.7141943
vn -0.70945626 -0.0078568272 0.70470566
vn -0.73020154 -0.016548365 0.68303138
vn -0.73020154 -0.016548365 0.68303138
vn -0.70955032 -0.0078956177 0.70461047
vn -0.70703113 -0.00014437146 0.70718235
vn -0.70710832 2.6705666e-07 0.70710522
vn -0.70710826 2.6722884e-07 0.70710516
vn -0.70703119 -0.00014437546 0.70718241
vn 0.70703131 0.00014227928 -0.70718217
vn 0.70758927 0.00089803641 -0.70662332
vn 0.70758945 0.00089824194 -0.70662314
vn 0.70703131 0.00014228429 -0.70718223
vn -0.70318329 0.0026261196 -0.71100366
vn -0.70185441 0.0012954277 -0.71231931
vn -0.70224053 0.0016134989 -0.7119379
vn -0.70318437 0.0026265993 -0.71100271
vn 0.70548153 0.0014728657 0.70872676
vn 0.70185113 0.0012957545 0.71232247
vn 0.70223743 0.0016138955 0.71194106
vn 0.7054792 0.0014751006 0.70872921
vn -0.70691472 -0.00056335196 0.70729846
vn -0.70703113 -0.00014437146 0.70718235
vn -0.70703119 -0.00014437546 0.70718241
vn -0.70691478 -0.00056354568 0.70729846
vn 0.71231914 0.0012955948 0.70185459
vn 0.70645863 0.0003290906 0.70775414
vn 0.70646447 0.00033300373 0.70774841
vn 0.71193808 0.0016136888 0.70224041
vn 0.70758927 0.00089803641 -0.70662332
vn 0.71045446 -0.013136993 -0.70362049
vn 0.71045482 -0.013139054 -0.7036202
vn 0.70758945 0.00089824194 -0.70662314
vn -0.69298208 -0.0029384666 -0.72094876
vn -0.70318329 0.0026261196 -0.71100366
vn -0.70318437 0.0026265993 -0.71100271
vn -0.69306105 -0.0028953357 -0.72087312
vn -0.70326942 -0.014813723 0.71076918
vn -0.70691472 -0.00056335196 0.70729846
vn -0.70691478 -0.00056354568 0.70729846
vn -0.70327222 -0.014803014 0.71076655
vn 0.7071045 1.5122574e-06 0.70710909
vn 0.70548153 0.0014728657 0.70872676
vn 0.7054792 0.0014751006 0.70872921
vn 0.7071045 1.5112854e-06 0.70710903
vn 0.70645863 0.0003290906 0.70775414
vn 0.6999622 -0.006831639 0.71414715
vn 0.69994861 -0.0068554822 0.71416026
vn 0.70646447 0.00033300373 0.70774841
vn -0.70868117 0.0014618048 -0.70552742
vn -0.70710474 -2.1364608e-06 -0.70710886
vn -0.70710474 -2.1378341e-06 -0.70710874
vn -0.70868838 0.0014685905 -0.70552015
vn 0.70869976 0.00010604621 -0.7055102
vn 0.70869976 0.00010604621 -0.7055102
vn 0.70869994 0.00010468649 -0.70551002
vn 0.70869994 0.00010468721 -0.70550996
vn -0.71313506 -0.0081795817 0.70097905
vn -0.71313506 -0.0081795817 0.70097905
vn -0.71456891 -0.001435748 0.6995635
vn -0.71456915 -0.0014348445 0.69956338
vn 0.70677888 -2.121836e-05 0.70743465
vn 0.70677888 -2.121836e-05 0.70743465
vn 0.70677745 -1.7727145e-05 0.70743597
vn 0.70677739 -1.7727358e-05 0.70743597
vn -0.74139911 -0.67106378 -0.00088657241
vn -0.7405656 -0.67198348 -0.00088572351
vn -0.82123244 -0.57059312 -0.00096678414
vn 0.001480169 -0.5811283 -0.81381053
vn 0.0010159174 -0.58008057 -0.81455845
vn 0.0010072304 -0.62763375 -0.77850807
vn 0.0013380839 -0.67685902 -0.73611146
vn 0.8144657 -0.58021027 0.0012786608
vn 0.73489296 -0.6781826 -0.00081519707
vn 0.70948845 -0.70471573 -0.0014232687
vn -0.0011828317 -0.58088553 0.81398439
vn -0.0010594425 -0.6779446 0.73511213
vn -0.0010596964 -0.67776769 0.73527533
vn 0.70948845 -0.70471573 -0.0014232687
vn 0.73489296 -0.6781826 -0.00081519707
vn 0.62923717 -0.77720678 -0.0031999471
vn 0.62923717 -0.77720678 -0.0031999471
vn -0.71456915 -0.0014348445 0.69956338
vn -0.71456891 -0.001435748 0.6995635
vn -0.7173447 0.012122999 0.69661295
vn -0.70713031 1.8677372e-05 -0.70708323
vn -0.70713043 1.8678404e-05 -0.70708317
vn -0.70712918 1.8070727e-05 -0.70708436
vn 0.70869994 0.00010468721 -0.70550996
vn 0.70869994 0.00010468649 -0.70551002
vn 0.70870024 0.00010195268 -0.70550966
vn 0.70870024 0.00010195268 -0.70550966
vn 0.70677739 -1.7727358e-05 0.70743597
vn 0.70677745 -1.7727145e-05 0.70743597
vn 0.70677465 -1.0707626e-05 0.70743877
vn -0.74139911 -0.67106378 -0.00088657241
vn -0.63410521 -0.77324635 -0.00077586924
vn -0.7405656 -0.67198348 -0.00088572351
vn 0.0010072304 -0.62763375 -0.77850807
vn 0.0010159174 -0.58008057 -0.81455845
vn 0 -0.57778394 -0.81618983
vn -0.0010594425 -0.6779446 0.73511213
vn -0.00089819916 -0.77583599 0.63093412
vn -0.0010596964 -0.67776769 0.73527533
vn 0.0010072304 -0.62763375 -0.77850807
vn 0.0011503074 -0.77386928 -0.63334429
vn 0.0013380839 -0.67685902 -0.73611146
vn -0.0065707797 -0.12363564 -0.99230593
vn -0.0059360624 -0.132074 -0.99122202
vn -0.0073185726 -0.0073198439 -0.99994648
vn -0.0073185726 -0.0073198439 -0.99994648
vn -0.70185596 0.0012954281 0.71231782
vn -0.7022419 0.0016134895 0.71193659
vn -0.7002809 0 0.71386737
vn -0.7002809 0 0.71386737
vn 0.99155486 -0.12968767 0
vn 0.99262589 -0.12121736 0
vn 1 0 0
vn 1 0 0
vn -0.99262589 -0.12121733 0
vn -0.99155486 -0.12968753 -4.0084398e-08
vn -1 0 0
vn -1 0 0
vn -0.71193933 0.0016142965 0.70223916
vn -0.71232069 0.001296076 0.70185298
vn -0.71387088 0 0.70027739
vn -0.71387088 0 0.70027739
vn -0.00081857445 -0.13032871 -0.99147052
vn -0.00067712733 -0.12185865 -0.99254727
vn 0 0 -1
vn 0 0 -1
vn -0.69736052 -0.16545279 0.69736189
vn -0.69736052 -0.16545278 0.69736183
vn -0.70710576 0 0.70710784
vn -0.70710576 0 0.70710784
vn 0.70223743 0.0016138955 0.71194106
vn 0.70185113 0.0012957545 0.71232247
vn 0.7002753 0 0.71387291
vn 0.7002753 0 0.71387291
vn 0.71193653 0.0016138852 -0.7022419
vn 0.71231759 0.0012957534 -0.7018562
vn 0.71386606 0 -0.70028228
vn 0.71386606 0 -0.70028228
vn -0.00067694753 -0.1218593 0.99254709
vn -0.00081840786 -0.13032931 0.99147034
vn 0 0 1
vn 0 0 1
vn 0.69736308 -0.16545221 0.69735938
vn 0.6973632 -0.16545245 0.69735944
vn 0.70710987 0 0.70710361
vn 0.70710987 0 0.70710361
vn -0.70224053 0.0016134989 -0.7119379
vn -0.70185441 0.0012954277 -0.71231931
vn -0.70027876 0 -0.71386945
vn -0.70027876 0 -0.71386945
vn -0.99147105 -0.13032472 0.00082692015
vn -0.99254864 -0.12184726 0.00070172403
vn -1 0 -7.4506653e-07
vn -1 0 -7.4506653e-07
vn -0.69735932 -0.16545297 -0.69736302
vn -0.69735944 -0.16545288 -0.69736314
vn -0.70710367 0 -0.70710987
vn -0.70710367 0 -0.70710987
vn 0.00082022656 -0.13032825 0.99147063
vn 0.00068199029 -0.12185675 0.99254745
vn 0 0 1
vn 0 0 1
vn 0.69736147 -0.16545218 -0.69736111
vn 0.69736147 -0.16545224 -0.69736123
vn 0.70710683 0 -0.70710683
vn 0.70710683 0 -0.70710683
vn 0.99254858 -0.12184741 0.00070279761
vn 0.99147099 -0.13032526 0.0008280531
vn 1 0 0
vn 1 0 0
vn 0.71231914 0.0012955948 0.70185459
vn 0.71193808 0.0016136888 0.70224041
vn 0.71386802 0 0.70028013
vn 0.71386802 0 0.70028013
vn -0.70713097 1.8980707e-05 -0.70708263
vn -0.70713097 1.8980707e-05 -0.70708263
vn -0.70713043 1.8678404e-05 -0.70708317
vn -0.70713031 1.8677372e-05 -0.70708323
vn 2.5071644e-08 -0.93788499 -0.34694639
vn 2.9367507e-07 -0.85065007 -0.52573228
vn 0 -0.85065013 -0.52573228
vn 0 -0.93788493 -0.34694642
vn 1.7349551e-07 -0.68721545 -0.7264536
vn 0.00077635527 -0.46619183 -0.88468331
vn 0.001039417 -0.46589369 -0.88484007
vn 0 -0.68721551 -0.72645366
vn 6.9234884e-06 -0.30541092 -0.95222068
vn -0.0059360624 -0.132074 -0.99122202
vn -0.0065707797 -0.12363564 -0.99230593
vn -0.0018627762 -0.30562717 -0.95214945
vn -0.71229053 0.0012862204 -0.70188349
vn -0.70868117 0.0014618048 -0.70552742
vn -0.70868838 0.0014685905 -0.70552015
vn -0.711896 0.0016078295 -0.70228297
vn -2.936755e-07 -0.85065019 0.52573216
vn -3.8467456e-07 -0.68721557 0.7264536
vn -7.4107072e-07 -0.73025876 0.68317056
vn -5.432309e-07 -0.87079531 0.49164566
vn -3.8467456e-07 -0.68721557 0.7264536
vn 0.00077629328 -0.46619236 0.88468307
vn 0.00037829342 -0.49024233 0.87158614
vn -7.4107072e-07 -0.73025876 0.68317056
vn -0.71386898 -2.8300058e-06 -0.7002793
vn -0.71229053 0.0012862204 -0.70188349
vn -0.711896 0.0016078295 -0.70228297
vn -0.71386898 -2.8300058e-06 -0.7002793
vn 2.9367507e-07 -0.85065007 -0.52573228
vn 1.7349551e-07 -0.68721545 -0.7264536
vn 0 -0.68721551 -0.72645366
vn 0 -0.85065013 -0.52573228
vn 0.00077635527 -0.46619183 -0.88468331
vn 6.9234884e-06 -0.30541092 -0.95222068
vn -0.0018627762 -0.30562717 -0.95214945
vn 0.001039417 -0.46589369 -0.88484007
vn -2.5071717e-08 -0.93788499 0.34694639
vn -2.936755e-07 -0.85065019 0.52573216
vn -5.432309e-07 -0.87079531 0.49164566
vn 1.5644433e-07 -0.95456052 0.29801741
vn 1.8650683e-13 -1 8.1649051e-07
vn -2.5071717e-08 -0.93788499 0.34694639
vn 1.5644433e-07 -0.95456052 0.29801741
vn -2.0127397e-13 -1 4.796615e-08
vn 1.8650683e-13 -1 8.1649051e-07
vn 2.5071644e-08 -0.93788499 -0.34694639
vn 0 -0.93788493 -0.34694642
vn 0 -1 1.2125129e-06
vn 0.00077629328 -0.46619236 0.88468307
vn 0.0017903047 -0.30788976 0.95142037
vn 0.0016985455 -0.32050812 0.94724423
vn 0.00037829342 -0.49024233 0.87158614
vn 0.0017903047 -0.30788976 0.95142037
vn 0.00082022656 -0.13032825 0.99147063
vn 0.0016985455 -0.32050812 0.94724423
vn 0.72645384 -0.68721521 0
vn 0.52645433 -0.85020339 1.2381842e-07
vn 0.49268892 -0.87020552 3.5623873e-07
vn 0.68317044 -0.730259 0
vn 0.99147099 -0.13032526 0.0008280531
vn 0.95141619 -0.30790266 0.0017894252
vn 0.94723737 -0.32052872 0.0016557485
vn 0.52645433 -0.85020339 1.2381842e-07
vn 0.34727761 -0.93776232 2.5142472e-07
vn 0.29769653 -0.95466065 5.0522345e-07
vn 0.49268892 -0.87020552 3.5623873e-07
vn -0.34694645 -0.93788493 -1.7256657e-07
vn -0.00049581227 -0.99999982 8.0321207e-08
vn -0.000495338 -0.99999988 0
vn -0.34694582 -0.93788517 0
vn -0.52573222 -0.85065019 -1.4551239e-07
vn -0.34694645 -0.93788493 -1.7256657e-07
vn -0.34694582 -0.93788517 0
vn -0.5257324 -0.85065001 0
vn -0.88467348 -0.46621063 0.00075815007
vn -0.7264539 -0.68721515 -7.796325e-08
vn -0.7264539 -0.68721521 0
vn -0.88482863 -0.46591547 0.0010391553
vn -0.99147105 -0.13032472 0.00082692015
vn -0.95141602 -0.30790305 0.0017884927
vn -0.95161033 -0.30730227 0.0017322822
vn -0.99254864 -0.12184726 0.00070172403
vn 0.70185596 0.0012954323 -0.71231776
vn 0.70548487 0.0014722294 -0.70872343
vn 0.70548242 0.0014744714 -0.70872593
vn 0.70224231 0.0016134962 -0.71193624
vn 0.95141619 -0.30790266 0.0017894252
vn 0.8846736 -0.46621022 0.00075828645
vn 0.87158006 -0.49025303 0.00035157721
vn 0.94723737 -0.32052872 0.0016557485
vn 0.8846736 -0.46621022 0.00075828645
vn 0.72645384 -0.68721521 0
vn 0.68317044 -0.730259 0
vn 0.87158006 -0.49025303 0.00035157721
vn 0.34727761 -0.93776232 2.5142472e-07
vn -0.00049581227 -0.99999982 8.0321207e-08
vn -0.00018693757 -1 1.6109023e-07
vn 0.29769653 -0.95466065 5.0522345e-07
vn -0.7264539 -0.68721515 -7.796325e-08
vn -0.52573222 -0.85065019 -1.4551239e-07
vn -0.5257324 -0.85065001 0
vn -0.7264539 -0.68721521 0
vn -0.95141602 -0.30790305 0.0017884927
vn -0.88467348 -0.46621063 0.00075815007
vn -0.88482863 -0.46591547 0.0010391553
vn -0.95161033 -0.30730227 0.0017322822
vn 0.70027953 0 -0.7138688
vn 0.70185596 0.0012954323 -0.71231776
vn 0.70224231 0.0016134962 -0.71193624
vn 0.70027953 0 -0.7138688
vn 1.7231412e-07 -0.68636811 -0.72725427
vn -0.00078025128 -0.46405503 -0.88580596
vn -0.00038401666 -0.48760667 -0.87306333
vn 4.6678633e-07 -0.73040545 -0.6830138
vn -0.00078025128 -0.46405503 -0.88580596
vn -0.0017907437 -0.30788773 -0.95142102
vn -0.0017079461 -0.32050547 -0.94724524
vn -0.00038401666 -0.48760667 -0.87306333
vn -9.6953926e-08 -0.93788505 -0.34694621
vn 1.7040284e-07 -0.8513037 -0.52467334
vn 1.911706e-07 -0.8711046 -0.49109763
vn -2.8493008e-07 -0.95456064 -0.29801708
vn -4.9334513e-08 -0.85065007 0.52573228
vn -8.0173453e-07 -0.68721557 0.72645348
vn -8.3860959e-07 -0.68721503 0.72645402
vn 0 -0.85064977 0.52573276
vn -0.00078148785 -0.46618795 0.8846854
vn -0.0017910649 -0.30788743 0.95142108
vn -0.0017070196 -0.30728567 0.95161575
vn -0.0010399225 -0.46588901 0.88484257
vn 2.1884546e-07 -0.93788481 0.3469466
vn -4.9334513e-08 -0.85065007 0.52573228
vn 0 -0.85064977 0.52573276
vn 0 -0.93788487 0.34694654
vn 2.1448284e-13 -1 2.9334984e-08
vn -9.6953926e-08 -0.93788505 -0.34694621
vn -2.8493008e-07 -0.95456064 -0.29801708
vn 5.4892905e-14 -1 4.7006827e-07
vn -0.0017907437 -0.30788773 -0.95142102
vn -0.00081857445 -0.13032871 -0.99147052
vn -0.0017079461 -0.32050547 -0.94724524
vn 1.7040284e-07 -0.8513037 -0.52467334
vn 1.7231412e-07 -0.68636811 -0.72725427
vn 4.6678633e-07 -0.73040545 -0.6830138
vn 1.911706e-07 -0.8711046 -0.49109763
vn 2.1448284e-13 -1 2.9334984e-08
vn 2.1884546e-07 -0.93788481 0.3469466
vn 0 -0.93788487 0.34694654
vn 0 -1 -4.986947e-07
vn -8.0173453e-07 -0.68721557 0.72645348
vn -0.00078148785 -0.46618795 0.8846854
vn -0.0010399225 -0.46588901 0.88484257
vn -8.3860959e-07 -0.68721503 0.72645402
vn -0.0017910649 -0.30788743 0.95142108
vn -0.00081840786 -0.13032931 0.99147034
vn -0.00067694753 -0.1218593 0.99254709
vn -0.0017070196 -0.30728567 0.95161575
vn -0.88448316 -0.46657223 -8.0896683e-08
vn -0.72645396 -0.68721515 2.8384071e-07
vn -0.68317044 -0.730259 -6.6861752e-08
vn -0.871553 -0.49030125 -5.3750904e-07
vn 0.7264536 -0.68721557 0
vn 0.52573276 -0.85064977 7.2064246e-08
vn 0.52573329 -0.85064942 0
vn 0.72645396 -0.68721521 0
vn 0.95143712 -0.30784312 -1.4131149e-07
vn 0.88448334 -0.46657199 -1.4171144e-07
vn 0.8844834 -0.46657172 -2.8342285e-07
vn 0.95143741 -0.30784237 -2.8262218e-07
vn 0.34694648 -0.93788493 1.2539626e-07
vn -3.6179816e-07 -1 5.3672182e-09
vn -7.13818e-07 -1 0
vn 0.34694669 -0.93788475 0
vn -0.72645396 -0.68721515 2.8384071e-07
vn -0.52573234 -0.85065001 4.4147663e-07
vn -0.49199429 -0.87059844 -1.7560124e-07
vn -0.68317044 -0.730259 -6.6861752e-08
vn -0.99155486 -0.12968753 -4.0084398e-08
vn -0.95143712 -0.30784321 -2.7257187e-07
vn -0.94743925 -0.31993571 -8.7844586e-07
vn -0.52573234 -0.85065001 4.4147663e-07
vn -0.34694621 -0.93788505 1.6659135e-07
vn -0.29880029 -0.9543156 -2.0591712e-07
vn -0.49199429 -0.87059844 -1.7560124e-07
vn -0.95143712 -0.30784321 -2.7257187e-07
vn -0.88448316 -0.46657223 -8.0896683e-08
vn -0.871553 -0.49030125 -5.3750904e-07
vn -0.94743925 -0.31993571 -8.7844586e-07
vn -0.34694621 -0.93788505 1.6659135e-07
vn -3.6179816e-07 -1 5.3672182e-09
vn 0.0038288173 -0.99999261 1.3908817e-08
vn -0.29880029 -0.9543156 -2.0591712e-07
vn 0.88448334 -0.46657199 -1.4171144e-07
vn 0.7264536 -0.68721557 0
vn 0.72645396 -0.68721521 0
vn 0.8844834 -0.46657172 -2.8342285e-07
vn 0.99155486 -0.12968767 0
vn 0.95143712 -0.30784312 -1.4131149e-07
vn 0.95143741 -0.30784237 -2.8262218e-07
vn 0.99262589 -0.12121736 0
vn 0.52573276 -0.85064977 7.2064246e-08
vn 0.34694648 -0.93788493 1.2539626e-07
vn 0.34694669 -0.93788475 0
vn 0.52573329 -0.85064942 0
vn 0.34727803 -0.9377622 6.2401421e-07
vn -0.00049540651 -0.99999994 0
vn -0.00049570471 -0.99999994 -1.7708141e-08
vn 0.34727779 -0.93776232 3.6742918e-07
vn 0 -0.95456046 -0.29801717
vn 1.9236963e-07 -0.87079549 -0.49164551
vn 1.71699e-07 -0.85065007 -0.52573228
vn 0 -0.93788499 -0.34694618
vn 1.9236963e-07 -0.87079549 -0.49164551
vn 7.4107027e-07 -0.73025876 -0.68317056
vn 3.8467445e-07 -0.68721527 -0.72645372
vn 1.71699e-07 -0.85065007 -0.52573228
vn 7.4107027e-07 -0.73025876 -0.68317056
vn 0.00037934972 -0.49024153 -0.8715865
vn 0.00077671214 -0.46619198 -0.88468313
vn 3.8467445e-07 -0.68721527 -0.72645372
vn 0.00037934972 -0.49024153 -0.8715865
vn 0.0016717254 -0.31768996 -0.94819313
vn 8.0653044e-06 -0.30541143 -0.9522205
vn 0.00077671214 -0.46619198 -0.88468313
vn 0.0016717254 -0.31768996 -0.94819313
vn -0.0059336908 -0.13207266 -0.99122238
vn 8.0653044e-06 -0.30541143 -0.9522205
vn 0 -1 9.5932311e-09
vn 2.5739456e-07 -0.9545604 0.29801732
vn 2.4378323e-07 -0.93788505 0.34694621
vn 0 -1 4.8891637e-09
vn 0.49164456 -0.87079597 2.9854755e-07
vn 0.52573168 -0.85065055 1.713495e-07
vn 0.72645408 -0.68721503 2.1597801e-07
vn 0.68317097 -0.73025841 4.3661214e-07
vn 0.68317097 -0.73025841 4.3661214e-07
vn 0.72645408 -0.68721503 2.1597801e-07
vn 0.8844834 -0.46657178 -7.0501809e-09
vn 0.87155318 -0.49030086 9.795037e-08
vn 0.87155318 -0.49030086 9.795037e-08
vn 0.8844834 -0.46657178 -7.0501809e-09
vn 0.95143712 -0.30784321 -1.0994226e-07
vn 0.94743925 -0.31993577 -2.5986975e-07
vn 0.94743925 -0.31993577 -2.5986975e-07
vn 0.95143712 -0.30784321 -1.0994226e-07
vn 0.99155486 -0.1296878 0
vn 1.3408062e-06 -0.9378854 -0.34694523
vn 1.3380564e-06 -0.85130417 -0.52467239
vn 6.6902822e-07 -0.85130417 -0.52467239
vn 6.7040122e-07 -0.93788534 -0.34694538
vn 0 -0.99999994 7.1381777e-07
vn 0 -0.93788499 0.34694636
vn 0 -0.93788499 0.34694642
vn 0 -1 3.8135477e-07
vn -0.29801717 -0.95456052 -1.877698e-07
vn -0.34694624 -0.93788499 -1.0350539e-07
vn -0.52573228 -0.85065007 -6.1704313e-08
vn -0.49100649 -0.87115586 -1.7849091e-07
vn -0.49100649 -0.87115586 -1.7849091e-07
vn -0.52573228 -0.85065007 -6.1704313e-08
vn -0.72645378 -0.68721527 0
vn -0.6843673 -0.72913748 0
vn -0.6843673 -0.72913748 0
vn -0.72645378 -0.68721527 0
vn -0.88467348 -0.46621066 0.00075766566
vn -0.87194908 -0.48959646 0.00035510896
vn -0.87194908 -0.48959646 0.00035510896
vn -0.88467348 -0.46621066 0.00075766566
vn -0.95141613 -0.30790296 0.0017860262
vn -0.94723725 -0.32052907 0.0016522338
vn -0.94723725 -0.32052907 0.0016522338
vn -0.95141613 -0.30790296 0.0017860262
vn -0.99147105 -0.13032459 0.00082792866
vn 0 -1 -7.6745856e-08
vn 0 -0.95456046 -0.29801717
vn 0 -0.93788499 -0.34694618
vn 0 -1 3.8135477e-07
vn 6.9987681e-07 -0.87079543 0.4916454
vn -5.3833173e-07 -0.73025966 0.68316966
vn -4.1930454e-07 -0.68721551 0.7264536
vn 2.433105e-07 -0.85065025 0.52573204
vn -5.3833173e-07 -0.73025966 0.68316966
vn -0.00038530972 -0.49023885 0.87158799
vn -0.00078058045 -0.46618739 0.8846857
vn -4.1930454e-07 -0.68721551 0.7264536
vn -0.00038530972 -0.49023885 0.87158799
vn -0.0017079351 -0.32050291 0.94724602
vn -0.001790368 -0.30788672 0.95142132
vn -0.00078058045 -0.46618739 0.8846857
vn -0.0017079351 -0.32050291 0.94724602
vn -0.00081840716 -0.13032895 0.99147052
vn -0.001790368 -0.30788672 0.95142132
vn 2.5739456e-07 -0.9545604 0.29801732
vn 6.9987681e-07 -0.87079543 0.4916454
vn 2.433105e-07 -0.85065025 0.52573204
vn 2.4378323e-07 -0.93788505 0.34694621
vn 0.0010391438 -0.46589416 0.88483977
vn 0.0017119419 -0.3072888 0.95161474
vn 0.0017896979 -0.3078908 0.95142007
vn 0.0007763608 -0.46619228 0.88468307
vn 0 -0.85065019 0.5257321
vn 0 -0.68721569 0.72645342
vn -1.7349566e-07 -0.68721551 0.7264536
vn -1.716992e-07 -0.85065007 0.52573228
vn 0.0017119419 -0.3072888 0.95161474
vn 0.00068180927 -0.12185694 0.99254745
vn 0.00081995508 -0.13032851 0.99147058
vn 0.0017896979 -0.3078908 0.95142007
vn 0 -0.68721569 0.72645342
vn 0.0010391438 -0.46589416 0.88483977
vn 0.0007763608 -0.46619228 0.88468307
vn -1.7349566e-07 -0.68721551 0.7264536
vn 0.2980167 -0.9545607 2.2052036e-07
vn 0.34694564 -0.93788528 1.1399562e-07
vn 0.52573168 -0.85065055 1.713495e-07
vn 0.49164456 -0.87079597 2.9854755e-07
vn 0.95161045 -0.30730206 0.0017323773
vn 0.88482869 -0.46591535 0.0010388978
vn 0.88467324 -0.4662109 0.00075861451
vn 0.95141613 -0.30790299 0.0017894708
vn 0.72645372 -0.68721533 2.8044715e-07
vn 0.52645463 -0.85020328 9.0018671e-07
vn 0.52645463 -0.85020328 4.8104783e-07
vn 0.72645366 -0.68721545 2.4931217e-07
vn 0 -0.99999994 -6.8448287e-08
vn 1.3408062e-06 -0.9378854 -0.34694523
vn 6.7040122e-07 -0.93788534 -0.34694538
vn 0 -1 4.8891637e-09
vn 0.99254864 -0.12184735 0.00070244877
vn 0.95161045 -0.30730206 0.0017323773
vn 0.95141613 -0.30790299 0.0017894708
vn 0.99147093 -0.13032506 0.00082772045
vn 0.88482869 -0.46591535 0.0010388978
vn 0.72645372 -0.68721533 2.8044715e-07
vn 0.72645366 -0.68721545 2.4931217e-07
vn 0.88467324 -0.4662109 0.00075861451
vn 0.52645463 -0.85020328 9.0018671e-07
vn 0.34727803 -0.9377622 6.2401421e-07
vn 0.34727779 -0.93776232 3.6742918e-07
vn 0.52645463 -0.85020328 4.8104783e-07
vn -0.00170793 -0.30728531 -0.95161587
vn -0.00067730912 -0.12185907 -0.99254721
vn -0.00081874267 -0.13032895 -0.99147046
vn -0.0017905503 -0.30788714 -0.9514212
vn 0 -0.68636775 -0.72725469
vn -0.0010393887 -0.46375498 -0.8859629
vn -0.00077997218 -0.46405464 -0.8858062
vn 0 -0.68636829 -0.72725421
vn 0 -0.93788499 0.34694636
vn 0 -0.85065019 0.5257321
vn -1.716992e-07 -0.85065007 0.52573228
vn 0 -0.93788499 0.34694642
vn -0.0010393887 -0.46375498 -0.8859629
vn -0.00170793 -0.30728531 -0.95161587
vn -0.0017905503 -0.30788714 -0.9514212
vn -0.00077997218 -0.46405464 -0.8858062
vn 1.3380564e-06 -0.85130417 -0.52467239
vn 0 -0.68636775 -0.72725469
vn 0 -0.68636829 -0.72725421
vn 6.6902822e-07 -0.85130417 -0.52467239
vn -0.0001868226 -1 -3.524849e-08
vn -0.00049570471 -0.99999994 -1.7708141e-08
vn -0.34694624 -0.93788499 -1.0350539e-07
vn -0.29801717 -0.95456052 -1.877698e-07
vn -0.99262601 -0.12121698 -1.454374e-06
vn -0.95143712 -0.30784324 -1.447185e-06
vn -0.95143712 -0.30784315 -7.2644161e-07
vn -0.99155498 -0.12968715 -1.347312e-06
vn -0.88448298 -0.46657246 0
vn -0.72645402 -0.68721503 0
vn -0.72645396 -0.68721515 -4.1662506e-07
vn -0.88448292 -0.46657246 -4.1281584e-07
vn -0.52573144 -0.85065067 0
vn -0.34694591 -0.93788517 0
vn -0.34694558 -0.93788517 -1.2224814e-07
vn -0.52573174 -0.85065049 -6.1235546e-08
vn 0.0038290834 -0.99999267 -1.220184e-08
vn -2.5423654e-07 -1 -7.8912894e-09
vn 0.34694564 -0.93788528 1.1399562e-07
vn 0.2980167 -0.9545607 2.2052036e-07
vn -0.95143712 -0.30784324 -1.447185e-06
vn -0.88448298 -0.46657246 0
vn -0.88448292 -0.46657246 -4.1281584e-07
vn -0.95143712 -0.30784315 -7.2644161e-07
vn -0.72645402 -0.68721503 0
vn -0.52573144 -0.85065067 0
vn -0.52573174 -0.85065049 -6.1235546e-08
vn -0.72645396 -0.68721515 -4.1662506e-07
vn -0.34694591 -0.93788517 0
vn -7.0403985e-07 -1 0
vn -2.5423654e-07 -1 -7.8912894e-09
vn -0.34694558 -0.93788517 -1.2224814e-07
vn -0.70726252 -0.00021740068 0.70695096
vn -0.69710851 0.0010066762 0.71696484
vn -0.69713688 0.001007337 0.71693742
vn -0.70726323 -0.00021826508 0.70695019
vn -0.71401548 -0.028052371 -0.69956774
vn -0.71040058 -0.011910621 -0.70369673
vn -0.71039951 -0.011905544 -0.70369798
vn -0.71401548 -0.028052371 -0.69956774
vn 0.70603019 -0.0055067465 -0.7081604
vn 0.7070654 0.00095574075 -0.7071476
vn 0.70706564 0.0009533093 -0.70714724
vn 0.7060256 -0.0055166613 -0.70816475
vn -0.70341259 -0.014039253 -0.71064311
vn -0.69956291 -0.028075667 -0.71401924
vn -0.69956291 -0.028075667 -0.71401924
vn -0.70341372 -0.014034932 -0.71064192
vn 0.71402013 -0.028086279 0.69956154
vn 0.71064305 -0.014045457 0.70341247
vn 0.71064198 -0.014040805 0.70341372
vn 0.71402013 -0.028086279 0.69956154
vn -0.70710582 -5.9089041e-07 -0.70710772
vn -0.70341259 -0.014039253 -0.71064311
vn -0.70341372 -0.014034932 -0.71064192
vn -0.70710576 -5.9048017e-07 -0.70710778
vn -0.70813292 -0.00099060161 0.70607841
vn -0.70726252 -0.00021740068 0.70695096
vn -0.70726323 -0.00021826508 0.70695019
vn -0.70813292 -0.00099073304 0.70607835
vn 0.70462179 -0.0090929847 0.70952481
vn 0.70317018 -0.015992474 0.71084172
vn 0.70317119 -0.015988942 0.71084082
vn 0.70461798 -0.0091023631 0.70952845
vn 0.71064305 -0.014045457 0.70341247
vn 0.70710653 -4.0105814e-08 0.70710695
vn 0.70710647 -4.0831765e-08 0.70710701
vn 0.71064198 -0.014040805 0.70341372
vn 0.7070654 0.00095574075 -0.7071476
vn 0.70721686 0.002310876 -0.70699292
vn 0.70721757 0.002308249 -0.70699215
vn 0.70706564 0.0009533093 -0.70714724
vn -0.71040058 -0.011910621 -0.70369673
vn -0.70965511 0.013496177 -0.70441997
vn -0.70964444 0.013463523 -0.70443147
vn -0.71039951 -0.011905544 -0.70369798
vn -0.70710617 -7.1709087e-07 -0.70710737
vn -0.70710582 -5.9089041e-07 -0.70710772
vn -0.70710576 -5.9048017e-07 -0.70710778
vn -0.70710617 -7.1711213e-07 -0.70710742
vn -0.70581132 0.0013069191 0.70839864
vn -0.70813292 -0.00099060161 0.70607841
vn -0.70813292 -0.00099073304 0.70607835
vn -0.70580834 0.001309403 0.70840168
vn 0.69999635 -0.012698198 0.71403342
vn 0.70462179 -0.0090929847 0.70952481
vn 0.70461798 -0.0091023631 0.70952845
vn 0.69998521 -0.01269276 0.71404451
vn 0.70710653 -4.0105814e-08 0.70710695
vn 0.70710582 1.473217e-06 0.7071076
vn 0.70710588 1.4732162e-06 0.70710766
vn 0.70710647 -4.0831765e-08 0.70710701
vn 0.70721686 0.002310876 -0.70699292
vn 0.70905334 0.0016384954 -0.70515287
vn 0.7090553 0.0016404735 -0.7051509
vn 0.70721757 0.002308249 -0.70699215
vn -0.70965511 0.013496177 -0.70441997
vn -0.69822025 0.0072673145 -0.71584606
vn -0.69826782 0.007317449 -0.71579927
vn -0.70964444 0.013463523 -0.70443147
vn -0.70710588 0 -0.70710766
vn -0.70710617 -7.1709087e-07 -0.70710737
vn -0.70710617 -7.1711213e-07 -0.70710742
vn -0.70710588 0 -0.70710772
vn -0.70185775 0.0012949455 0.71231598
vn -0.70581132 0.0013069191 0.70839864
vn -0.70580834 0.001309403 0.70840168
vn -0.70224363 0.0016128881 0.71193486
vn 0.69996029 -0.0068320776 0.71414912
vn 0.69999635 -0.012698198 0.71403342
vn 0.69998521 -0.01269276 0.71404451
vn 0.69994664 -0.0068559255 0.71416217
vn 0.70710582 1.473217e-06 0.7071076
vn 0.7071048 1.5572974e-06 0.70710874
vn 0.70710474 1.5573264e-06 0.70710868
vn 0.70710588 1.4732162e-06 0.70710766
vn -0.69822025 0.0072673145 -0.71584606
vn -0.69298267 -0.00293715 -0.72094828
vn -0.69306147 -0.0028940523 -0.72087264
vn -0.69826782 0.007317449 -0.71579927
vn 0.70905334 0.0016384954 -0.70515287
vn 0.71231729 0.001295587 -0.70185637
vn 0.71193677 0.0016136884 -0.70224178
vn 0.7090553 0.0016404735 -0.7051509
vn 0.64424741 -0.41218013 -0.64424592
vn 0.69736308 -0.16545209 -0.69735962
vn 0.69736308 -0.16545205 -0.69735962
vn 0.64424741 -0.4121801 -0.64424592
vn 0.56896323 -0.5937683 -0.56896418
vn 0.64424741 -0.41218013 -0.64424592
vn 0.64424741 -0.4121801 -0.64424592
vn 0.56896323 -0.59376818 -0.56896424
vn 0.42859221 -0.79537159 -0.42859378
vn 0.56896323 -0.5937683 -0.56896418
vn 0.56896323 -0.59376818 -0.56896424
vn 0.42859226 -0.79537165 -0.42859384
vn 0.28375289 -0.91595197 -0.2837539
vn 0.42859221 -0.79537159 -0.42859378
vn 0.42859226 -0.79537165 -0.42859384
vn 0.28375295 -0.91595203 -0.28375396
vn 0.18061271 -0.96684867 -0.18050669
vn 0.28375289 -0.91595197 -0.2837539
vn 0.28375295 -0.91595203 -0.28375396
vn 0.18061267 -0.96684873 -0.18050662
vn 0.69736224 -0.16545209 0.6973604
vn 0.64424723 -0.41218039 0.64424604
vn 0.64424729 -0.41218004 0.64424604
vn 0.69736224 -0.16545202 0.6973604
vn 0.64424723 -0.41218039 0.64424604
vn 0.56896323 -0.59376848 0.56896389
vn 0.56896311 -0.59376848 0.56896383
vn 0.64424729 -0.41218004 0.64424604
vn 0.56896323 -0.59376848 0.56896389
vn 0.4285869 -0.79537654 0.42859003
vn 0.42859384 -0.79536903 0.42859706
vn 0.56896311 -0.59376848 0.56896383
vn 0.4285869 -0.79537654 0.42859003
vn 0.28438178 -0.91586739 0.28339729
vn 0.28435856 -0.91588187 0.2833735
vn 0.42859384 -0.79536903 0.42859706
vn 0.28438178 -0.91586739 0.28339729
vn 0.181651 -0.96673077 0.18009619
vn 0.18109998 -0.96693575 0.17954932
vn 0.28435856 -0.91588187 0.2833735
vn -0.64424449 -0.41219634 -0.64423847
vn -0.69736093 -0.16545224 -0.69736165
vn -0.69736087 -0.16545226 -0.69736183
vn -0.64425051 -0.41217753 -0.64424449
vn -0.5679751 -0.59313393 -0.57061046
vn -0.64424449 -0.41219634 -0.64423847
vn -0.64425051 -0.41217753 -0.64424449
vn -0.56794101 -0.59319776 -0.57057816
vn -0.42706931 -0.79459035 -0.43155304
vn -0.5679751 -0.59313393 -0.57061046
vn -0.56794101 -0.59319776 -0.57057816
vn -0.42611554 -0.79562384 -0.43059063
vn -0.28942561 -0.91528499 -0.28015369
vn -0.42706931 -0.79459035 -0.43155304
vn -0.42611554 -0.79562384 -0.43059063
vn -0.28910413 -0.91551697 -0.27972746
vn -0.18660952 -0.96767604 -0.16964662
vn -0.28942561 -0.91528499 -0.28015369
vn -0.28910413 -0.91551697 -0.27972746
vn -0.19292821 -0.96539938 -0.17544977
vn 0.181651 -0.96673077 0.18009619
vn 0.12415824 -0.98460507 0.12303519
vn 0.12415824 -0.98460507 0.12303519
vn 0.18109998 -0.96693575 0.17954932
vn -0.12837383 -0.98489851 -0.11616858
vn -0.18660952 -0.96767604 -0.16964662
vn -0.19292821 -0.96539938 -0.17544977
vn -0.12837383 -0.98489851 -0.11616858
vn -0.64423126 -0.41227931 0.64419848
vn -0.69736177 -0.16545266 0.69736063
vn -0.69736183 -0.16545254 0.69736069
vn -0.64427292 -0.41214913 0.64424032
vn -0.57972705 -0.59080249 0.56113178
vn -0.64423126 -0.41227931 0.64419848
vn -0.64427292 -0.41214913 0.64424032
vn -0.5801509 -0.58979142 0.56175703
vn -0.44826224 -0.79063189 0.41708782
vn -0.57972705 -0.59080249 0.56113178
vn -0.5801509 -0.58979142 0.56175703
vn -0.44257331 -0.79661632 0.41174197
vn -0.28898451 -0.91651201 0.27657494
vn -0.44826224 -0.79063189 0.41708782
vn -0.44257331 -0.79661632 0.41174197
vn -0.28860173 -0.91672081 0.27628237
vn -0.18062161 -0.96684533 0.18051609
vn -0.28898451 -0.91651201 0.27657494
vn -0.28860173 -0.91672081 0.27628237
vn -0.18056832 -0.96686524 0.18046272
vn 0.12385701 -0.98456651 -0.12364493
vn 0.18061271 -0.96684867 -0.18050669
vn 0.18061267 -0.96684873 -0.18050662
vn 0.12385701 -0.98456651 -0.12364493
vn -0.12380682 -0.98457742 0.12360875
vn -0.18062161 -0.96684533 0.18051609
vn -0.18056832 -0.96686524 0.18046272
vn -0.12380682 -0.98457742 0.12360875
vn 0.70317018 -0.015992474 0.71084172
vn 0.6996482 -0.027770938 0.71394742
vn 0.6996482 -0.027770938 0.71394742
vn 0.70317119 -0.015988942 0.71084082
vn -0.70872486 0.0014721418 0.70548338
vn -0.71232098 0.0012959783 0.70185262
vn -0.71193933 0.0016140046 0.7022391
vn -0.70872736 0.0014743827 0.70548099
vn 0.70187926 -0.022074489 -0.71195382
vn 0.70603019 -0.0055067465 -0.7081604
vn 0.7060256 -0.0055166613 -0.70816475
vn 0.70189369 -0.022004599 -0.71194172
vn 0.70548356 0.001472675 -0.70872468
vn 0.70710939 -7.5612411e-07 -0.70710421
vn 0.70710933 -7.5563781e-07 -0.70710427
vn 0.70548105 0.0014749164 -0.70872724
vn -0.69710851 0.0010066762 0.71696484
vn -0.70945549 -0.007856288 0.70470637
vn -0.70954973 -0.0078951279 0.70461124
vn -0.69713688 0.001007337 0.71693742
vn 0.71045554 -0.013137829 -0.70361948
vn 0.71252632 -0.027785812 -0.70109504
vn 0.71252632 -0.027785812 -0.70109504
vn 0.71045583 -0.013139924 -0.70361912
vn -0.70710701 -5.3411355e-07 0.70710659
vn -0.70872486 0.0014721418 0.70548338
vn -0.70872736 0.0014743827 0.70548099
vn -0.70710701 -5.3445706e-07 0.70710659
vn -0.69950897 -0.028777216 0.71404421
vn -0.7032674 -0.014812348 0.7107712
vn -0.70327014 -0.014801616 0.71076864
vn -0.69950897 -0.028777216 0.71404421
vn 0.70710939 -7.5612411e-07 -0.70710421
vn 0.70703298 0.00014217971 -0.70718062
vn 0.70703298 0.00014218444 -0.70718056
vn 0.70710933 -7.5563781e-07 -0.70710427
vn 0.69904602 -0.035433371 -0.71419835
vn 0.70187926 -0.022074489 -0.71195382
vn 0.70189369 -0.022004599 -0.71194172
vn 0.69904602 -0.035433371 -0.71419835
vn -0.70945549 -0.007856288 0.70470637
vn -0.7302019 -0.016546819 0.68303096
vn -0.7302019 -0.016546819 0.68303096
vn -0.70954973 -0.0078951279 0.70461124
vn -0.70703167 -0.00014413256 0.70718181
vn -0.70710701 -5.3411355e-07 0.70710659
vn -0.70710701 -5.3445706e-07 0.70710659
vn -0.70703173 -0.00014413678 0.70718181
vn 0.70703298 0.00014217971 -0.70718062
vn 0.70759147 0.00089603959 -0.70662123
vn 0.70759171 0.00089624635 -0.70662099
vn 0.70703298 0.00014218444 -0.70718056
vn -0.70318496 0.0026270335 -0.71100217
vn -0.70185542 0.0012949747 -0.7123183
vn -0.70224178 0.0016132841 -0.71193671
vn -0.70318598 0.0026275103 -0.7110011
vn 0.70547998 0.0014738454 0.70872831
vn 0.70185316 0.001295915 0.71232057
vn 0.70223898 0.0016140965 0.71193951
vn 0.70547748 0.001476088 0.70873076
vn -0.70691407 -0.00056286191 0.70729917
vn -0.70703167 -0.00014413256 0.70718181
vn -0.70703173 -0.00014413678 0.70718181
vn -0.70691401 -0.00056305516 0.70729935
vn 0.71231669 0.0012960094 0.70185697
vn 0.70645458 0.00032810835 0.70775831
vn 0.70646042 0.00033200826 0.70775247
vn 0.7119351 0.001613958 0.70224345
vn 0.70759147 0.00089603959 -0.70662123
vn 0.71045554 -0.013137829 -0.70361948
vn 0.71045583 -0.013139924 -0.70361912
vn 0.70759171 0.00089624635 -0.70662099
vn -0.69298267 -0.00293715 -0.72094828
vn -0.70318496 0.0026270335 -0.71100217
vn -0.70318598 0.0026275103 -0.7110011
vn -0.69306147 -0.0028940523 -0.72087264
vn -0.7032674 -0.014812348 0.7107712
vn -0.70691407 -0.00056286191 0.70729917
vn -0.70691401 -0.00056305516 0.70729935
vn -0.70327014 -0.014801616 0.71076864
vn 0.7071048 1.5572974e-06 0.70710874
vn 0.70547998 0.0014738454 0.70872831
vn 0.70547748 0.001476088 0.70873076
vn 0.70710474 1.5573264e-06 0.70710868
vn 0.70645458 0.00032810835 0.70775831
vn 0.69996029 -0.0068320776 0.71414912
vn 0.69994664 -0.0068559255 0.71416217
vn 0.70646042 0.00033200826 0.70775247
vn -0.70868349 0.0014643136 -0.70552504
vn -0.70710588 0 -0.70710766
vn -0.70710588 0 -0.70710772
vn -0.70869082 0.0014711015 -0.70551759
vn 0.70870149 0.00010468337 -0.70550835
vn 0.70870149 0.00010468337 -0.70550835
vn 0.70870554 0.00010389939 -0.70550442
vn 0.70870548 0.00010389981 -0.70550436
vn -0.71313566 -0.0081833098 0.70097828
vn -0.71313566 -0.0081833098 0.70097828
vn -0.71457094 -0.0014376225 0.69956142
vn -0.71457118 -0.0014367268 0.6995613
vn 0.70678133 -1.3887668e-05 0.70743203
vn 0.70678133 -1.3887668e-05 0.70743203
vn 0.70677918 -1.620269e-05 0.7074343
vn 0.70677912 -1.6202564e-05 0.70743424
vn -0.74140507 -0.67105734 -0.00087985472
vn -0.74057221 -0.67197615 -0.0008790018
vn -0.82122886 -0.57059819 -0.00096058875
vn 0.0014727558 -0.58112144 -0.81381547
vn 0.0014359446 -0.57989818 -0.81468779
vn 0.0013763371 -0.62747347 -0.77863669
vn 0.0013340912 -0.67685634 -0.73611403
vn 0.81445527 -0.58022493 0.0012693247
vn 0.73489445 -0.67818087 -0.00081958447
vn 0.70945919 -0.70474511 -0.0014270192
vn -0.0011811729 -0.58089942 0.81397456
vn -0.0010533913 -0.67794949 0.73510766
vn -0.0010536517 -0.67777383 0.73526967
vn 0.70945919 -0.70474511 -0.0014270192
vn 0.73489445 -0.67818087 -0.00081958447
vn 0.62925643 -0.77719116 -0.0031985929
vn 0.62925643 -0.77719116 -0.0031985929
vn -0.71457118 -0.0014367268 0.6995613
vn -0.71457094 -0.0014376225 0.69956142
vn -0.71734959 0.012124894 0.69660795
vn -0.7071318 1.6858812e-05 -0.70708174
vn -0.7071318 1.6853304e-05 -0.70708174
vn -0.70713204 2.0103558e-05 -0.70708144
vn 0.70870548 0.00010389981 -0.70550436
vn 0.70870554 0.00010389939 -0.70550442
vn 0.70871353 0.00010232313 -0.70549631
vn 0.70871353 0.00010232313 -0.70549631
vn 0.70677912 -1.6202564e-05 0.70743424
vn 0.70677918 -1.620269e-05 0.7074343
vn 0.70677477 -2.0857355e-05 0.70743865
vn -0.74140507 -0.67105734 -0.00087985472
vn -0.63412672 -0.77322876 -0.00076869171
vn -0.74057221 -0.67197615 -0.0008790018
vn 0.0013763371 -0.62747347 -0.77863669
vn 0.0014359446 -0.57989818 -0.81468779
vn 0.0013553378 -0.57721508 -0.81659102
vn -0.0010533913 -0.67794949 0.73510766
vn -0.00088724657 -0.77583408 0.63093638
vn -0.0010536517 -0.67777383 0.73526967
vn 0.0013763371 -0.62747347 -0.77863669
vn 0.0011503068 -0.77387005 -0.6333434
vn 0.0013340912 -0.67685634 -0.73611403
vn -0.0065683429 -0.12363411 -0.99230617
vn -0.0059336908 -0.13207266 -0.99122238
vn -0.0073162154 -0.007316146 -0.99994653
vn -0.0073162154 -0.007316146 -0.99994653
vn -0.70185775 0.0012949455 0.71231598
vn -0.70224363 0.0016128881 0.71193486
vn -0.70028299 0 0.71386534
vn -0.70028299 0 0.71386534
vn 0.99155486 -0.1296878 0
vn 0.99262595 -0.12121764 0
vn 1 0 0
vn 1 0 0
vn -0.99262601 -0.12121698 -1.454374e-06
vn -0.99155498 -0.12968715 -1.347312e-06
vn -1 0 0
vn -1 0 0
vn -0.71193933 0.0016140046 0.7022391
vn -0.71232098 0.0012959783 0.70185262
vn -0.71387231 6.9389375e-07 0.7002759
vn -0.71387231 6.9389375e-07 0.7002759
vn -0.00081874267 -0.13032895 -0.99147046
vn -0.00067730912 -0.12185907 -0.99254721
vn 0 0 -1
vn 0 0 -1
vn -0.69736183 -0.16545254 0.69736069
vn -0.69736177 -0.16545266 0.69736063
vn -0.70710629 1.0385259e-06 0.70710731
vn -0.70710629 1.0385259e-06 0.70710731
vn 0.70223898 0.0016140965 0.71193951
vn 0.70185316 0.001295915 0.71232057
vn 0.70027882 0 0.71386945
vn 0.70027882 0 0.71386945
vn 0.71193677 0.0016136884 -0.70224178
vn 0.71231729 0.001295587 -0.70185637
vn 0.71386462 0 -0.70028371
vn 0.71386462 0 -0.70028371
vn -0.00067694794 -0.12185898 0.99254721
vn -0.00081840716 -0.13032895 0.99147052
vn 0 7.4506545e-07 1
vn 0 7.4506545e-07 1
vn 0.69736224 -0.16545209 0.6973604
vn 0.69736224 -0.16545202 0.6973604
vn 0.70710784 1.0385281e-06 0.70710576
vn 0.70710784 1.0385281e-06 0.70710576
vn -0.70224178 0.0016132841 -0.71193671
vn -0.70185542 0.0012949747 -0.7123183
vn -0.70027876 -1.3877926e-06 -0.71386939
vn -0.70027876 -1.3877926e-06 -0.71386939
vn -0.99147105 -0.13032459 0.00082792866
vn -0.99254858 -0.12184757 0.00070325291
vn -1 0 2.9802707e-06
vn -1 0 2.9802707e-06
vn -0.69736087 -0.16545226 -0.69736183
vn -0.69736093 -0.16545224 -0.69736165
vn -0.70710677 0 -0.70710677
vn -0.70710677 0 -0.70710677
vn 0.00081995508 -0.13032851 0.99147058
vn 0.00068180927 -0.12185694 0.99254745
vn 0 1.4901309e-06 1
vn 0 1.4901309e-06 1
vn 0.69736308 -0.16545205 -0.69735962
vn 0.69736308 -0.16545209 -0.69735962
vn 0.70710838 0 -0.70710522
vn 0.70710838 0 -0.70710522
vn 0.99254864 -0.12184735 0.00070244877
vn 0.99147093 -0.13032506 0.00082772045
vn 1 0 0
vn 1 0 0
vn 0.71231669 0.0012960094 0.70185697
vn 0.7119351 0.001613958 0.70224345
vn 0.71386808 1.0408446e-06 0.70028019
vn 0.71386808 1.0408446e-06 0.70028019
vn -0.70713174 1.523638e-05 -0.70708191
vn -0.70713174 1.523638e-05 -0.70708191
vn -0.7071318 1.6853304e-05 -0.70708174
vn -0.7071318 1.6858812e-05 -0.70708174
vn 0 -0.93788499 -0.34694618
vn 1.71699e-07 -0.85065007 -0.52573228
vn 0 -0.85064995 -0.52573252
vn 0 -0.93788499 -0.34694621
vn 3.8467445e-07 -0.68721527 -0.72645372
vn 0.00077671214 -0.46619198 -0.88468313
vn 0.0010391454 -0.46589389 -0.88484001
vn 0 -0.68721527 -0.72645372
vn 8.0653044e-06 -0.30541143 -0.9522205
vn -0.0059336908 -0.13207266 -0.99122238
vn -0.0065683429 -0.12363411 -0.99230617
vn -0.0018617968 -0.30562735 -0.95214939
vn -0.71229464 0.0012879376 -0.70187944
vn -0.70868349 0.0014643136 -0.70552504
vn -0.70869082 0.0014711015 -0.70551759
vn -0.7119 0.0016093565 -0.70227897
vn -1.716992e-07 -0.85065007 0.52573228
vn -1.7349566e-07 -0.68721551 0.7264536
vn -4.6994396e-07 -0.73025882 0.68317044
vn -1.9236974e-07 -0.87079519 0.4916459
vn -1.7349566e-07 -0.68721551 0.7264536
vn 0.0007763608 -0.46619228 0.88468307
vn 0.00037861298 -0.490242 0.87158626
vn -4.6994396e-07 -0.73025882 0.68317044
vn -0.71387321 -3.5375001e-07 -0.700275
vn -0.71229464 0.0012879376 -0.70187944
vn -0.7119 0.0016093565 -0.70227897
vn -0.71387321 -3.5375001e-07 -0.700275
vn 1.71699e-07 -0.85065007 -0.52573228
vn 3.8467445e-07 -0.68721527 -0.72645372
vn 0 -0.68721527 -0.72645372
vn 0 -0.85064995 -0.52573252
vn 0.00077671214 -0.46619198 -0.88468313
vn 8.0653044e-06 -0.30541143 -0.9522205
vn -0.0018617968 -0.30562735 -0.95214939
vn 0.0010391454 -0.46589389 -0.88484001
vn 0 -0.93788499 0.34694642
vn -1.716992e-07 -0.85065007 0.52573228
vn -1.9236974e-07 -0.87079519 0.4916459
vn 0 -0.95456046 0.29801726
vn 0 -1 3.8135477e-07
vn 0 -0.93788499 0.34694642
vn 0 -0.95456046 0.29801726
vn 0 -1 -7.6745856e-08
vn 0 -1 3.8135477e-07
vn 0 -0.93788499 -0.34694618
vn 0 -0.93788499 -0.34694621
vn 0 -0.99999994 7.1381777e-07
vn 0.0007763608 -0.46619228 0.88468307
vn 0.0017896979 -0.3078908 0.95142007
vn 0.0016976047 -0.32050917 0.94724387
vn 0.00037861298 -0.490242 0.87158626
vn 0.0017896979 -0.3078908 0.95142007
vn 0.00081995508 -0.13032851 0.99147058
vn 0.0016976047 -0.32050917 0.94724387
vn 0.72645366 -0.68721545 2.4931217e-07
vn 0.52645463 -0.85020328 4.8104783e-07
vn 0.49268889 -0.87020558 8.9059711e-08
vn 0.68317056 -0.73025894 1.4005582e-07
vn 0.99147093 -0.13032506 0.00082772045
vn 0.95141613 -0.30790299 0.0017894708
vn 0.94723713 -0.32052916 0.0016571888
vn 0.52645463 -0.85020328 4.8104783e-07
vn 0.34727779 -0.93776232 3.6742918e-07
vn 0.29769564 -0.95466077 1.0445164e-07
vn 0.49268889 -0.87020558 8.9059711e-08
vn -0.34694624 -0.93788499 -1.0350539e-07
vn -0.00049570471 -0.99999994 -1.7708141e-08
vn -0.00049540651 -0.99999994 0
vn -0.34694624 -0.93788499 0
vn -0.52573228 -0.85065007 -6.1704313e-08
vn -0.34694624 -0.93788499 -1.0350539e-07
vn -0.34694624 -0.93788499 0
vn -0.52573234 -0.85065007 0
vn -0.88467348 -0.46621066 0.00075766566
vn -0.72645378 -0.68721527 0
vn -0.72645378 -0.68721533 0
vn -0.88482869 -0.46591532 0.0010383803
vn -0.99147105 -0.13032459 0.00082792866
vn -0.95141613 -0.30790296 0.0017860262
vn -0.95161045 -0.30730227 0.0017311655
vn -0.99254858 -0.12184757 0.00070325291
vn 0.70185387 0.0012952011 -0.71231979
vn 0.70548356 0.001472675 -0.70872468
vn 0.70548105 0.0014749164 -0.70872724
vn 0.70223987 0.001613377 -0.71193856
vn 0.95141613 -0.30790299 0.0017894708
vn 0.88467324 -0.4662109 0.00075861451
vn 0.87157971 -0.49025375 0.00035274454
vn 0.94723713 -0.32052916 0.0016571888
vn 0.88467324 -0.4662109 0.00075861451
vn 0.72645366 -0.68721545 2.4931217e-07
vn 0.68317056 -0.73025894 1.4005582e-07
vn 0.87157971 -0.49025375 0.00035274454
vn 0.34727779 -0.93776232 3.6742918e-07
vn -0.00049570471 -0.99999994 -1.7708141e-08
vn -0.0001868226 -1 -3.524849e-08
vn 0.29769564 -0.95466077 1.0445164e-07
vn -0.72645378 -0.68721527 0
vn -0.52573228 -0.85065007 -6.1704313e-08
vn -0.52573234 -0.85065007 0
vn -0.72645378 -0.68721533 0
vn -0.95141613 -0.30790296 0.0017860262
vn -0.88467348 -0.46621066 0.00075766566
vn -0.88482869 -0.46591532 0.0010383803
vn -0.95161045 -0.30730227 0.0017311655
vn 0.70027864 -6.9389648e-07 -0.71386957
vn 0.70185387 0.0012952011 -0.71231979
vn 0.70223987 0.001613377 -0.71193856
vn 0.70027864 -6.9389648e-07 -0.71386957
vn 0 -0.68636829 -0.72725421
vn -0.00077997218 -0.46405464 -0.8858062
vn -0.00038360481 -0.48760703 -0.87306309
vn 0 -0.73040611 -0.6830132
vn -0.00077997218 -0.46405464 -0.8858062
vn -0.0017905503 -0.30788714 -0.9514212
vn -0.0017072769 -0.32050389 -0.94724566
vn -0.00038360481 -0.48760703 -0.87306309
vn 6.7040122e-07 -0.93788534 -0.34694538
vn 6.6902822e-07 -0.85130417 -0.52467239
vn 0 -0.87110507 -0.49109668
vn 0 -0.95456064 -0.29801694
vn 2.433105e-07 -0.85065025 0.52573204
vn -4.1930454e-07 -0.68721551 0.7264536
vn 0 -0.68721491 0.72645426
vn 0 -0.85065001 0.5257324
vn -0.00078058045 -0.46618739 0.8846857
vn -0.001790368 -0.30788672 0.95142132
vn -0.0017070195 -0.30728534 0.95161593
vn -0.0010390917 -0.46588853 0.88484281
vn 2.4378323e-07 -0.93788505 0.34694621
vn 2.433105e-07 -0.85065025 0.52573204
vn 0 -0.85065001 0.5257324
vn 0 -0.93788511 0.34694606
vn 0 -1 4.8891637e-09
vn 6.7040122e-07 -0.93788534 -0.34694538
vn 0 -0.95456064 -0.29801694
vn 0 -1 9.5932311e-09
vn -0.0017905503 -0.30788714 -0.9514212
vn -0.00081874267 -0.13032895 -0.99147046
vn -0.0017072769 -0.32050389 -0.94724566
vn 6.6902822e-07 -0.85130417 -0.52467239
vn 0 -0.68636829 -0.72725421
vn 0 -0.73040611 -0.6830132
vn 0 -0.87110507 -0.49109668
vn 0 -1 4.8891637e-09
vn 2.4378323e-07 -0.93788505 0.34694621
vn 0 -0.93788511 0.34694606
vn 0 -0.99999994 -6.8448287e-08
vn -4.1930454e-07 -0.68721551 0.7264536
vn -0.00078058045 -0.46618739 0.8846857
vn -0.0010390917 -0.46588853 0.88484281
vn 0 -0.68721491 0.72645426
vn -0.001790368 -0.30788672 0.95142132
vn -0.00081840716 -0.13032895 0.99147052
vn -0.00067694794 -0.12185898 0.99254721
vn -0.0017070195 -0.30728534 0.95161593
vn -0.88448292 -0.46657246 -4.1281584e-07
vn -0.72645396 -0.68721515 -4.1662506e-07
vn -0.68317091 -0.73025852 -5.3489362e-07
vn -0.87155288 -0.49030152 -1.0420188e-06
vn 0.72645408 -0.68721503 2.1597801e-07
vn 0.52573168 -0.85065055 1.713495e-07
vn 0.52573168 -0.85065037 0
vn 0.72645402 -0.68721509 0
vn 0.95143712 -0.30784321 -1.0994226e-07
vn 0.8844834 -0.46657178 -7.0501809e-09
vn 0.8844834 -0.46657163 0
vn 0.95143712 -0.30784327 0
vn 0.34694564 -0.93788528 1.1399562e-07
vn -2.5423654e-07 -1 -7.8912894e-09
vn -7.0403985e-07 -1 0
vn 0.34694588 -0.93788511 0
vn -0.72645396 -0.68721515 -4.1662506e-07
vn -0.52573174 -0.85065049 -6.1235546e-08
vn -0.49199337 -0.87059885 -1.7560137e-07
vn -0.68317091 -0.73025852 -5.3489362e-07
vn -0.99155498 -0.12968715 -1.347312e-06
vn -0.95143712 -0.30784315 -7.2644161e-07
vn -0.94743937 -0.31993529 0
vn -0.52573174 -0.85065049 -6.1235546e-08
vn -0.34694558 -0.93788517 -1.2224814e-07
vn -0.29880005 -0.95431584 -2.4375305e-07
vn -0.49199337 -0.87059885 -1.7560137e-07
vn -0.95143712 -0.30784315 -7.2644161e-07
vn -0.88448292 -0.46657246 -4.1281584e-07
vn -0.87155288 -0.49030152 -1.0420188e-06
vn -0.94743937 -0.31993529 0
vn -0.34694558 -0.93788517 -1.2224814e-07
vn -2.5423654e-07 -1 -7.8912894e-09
vn 0.0038290834 -0.99999267 -1.220184e-08
vn -0.29880005 -0.95431584 -2.4375305e-07
vn 0.8844834 -0.46657178 -7.0501809e-09
vn 0.72645408 -0.68721503 2.1597801e-07
vn 0.72645402 -0.68721509 0
vn 0.8844834 -0.46657163 0
vn 0.99155486 -0.1296878 0
vn 0.95143712 -0.30784321 -1.0994226e-07
vn 0.95143712 -0.30784327 0
vn 0.99262595 -0.12121764 0
vn 0.52573168 -0.85065055 1.713495e-07
vn 0.34694564 -0.93788528 1.1399562e-07
vn 0.34694588 -0.93788511 0
vn 0.52573168 -0.85065037 0
vn 0 -0.93776244 -0.34727743
vn 0 -0.99999994 0.00049551408
vn 9.957791e-08 -0.99999982 0.00049595884
vn 3.1928764e-07 -0.93776244 -0.34727731
vn -0.29801705 -0.95456052 3.0685524e-07
vn -0.49164578 -0.87079531 2.5218083e-07
vn -0.5257324 -0.85065001 8.7670124e-08
vn -0.346946 -0.93788511 4.4629223e-07
vn -0.49164578 -0.87079531 2.5218083e-07
vn -0.68317038 -0.730259 -1.3556333e-07
vn -0.7264539 -0.68721515 -2.0892142e-07
vn -0.5257324 -0.85065001 8.7670124e-08
vn -0.68317038 -0.730259 -1.3556333e-07
vn -0.87158626 -0.49024194 -0.00037908598
vn -0.88468325 -0.46619198 -0.00077698473
vn -0.7264539 -0.68721515 -2.0892142e-07
vn -0.87158626 -0.49024194 -0.00037908598
vn -0.94819337 -0.31768954 -0.0016717281
vn -0.95222056 -0.30541101 -8.2528068e-06
vn -0.88468325 -0.46619198 -0.00077698473
vn -0.94819337 -0.31768954 -0.0016717281
vn -0.99122226 -0.1320727 0.0059338245
vn -0.95222056 -0.30541101 -8.2528068e-06
vn 2.1105116e-07 -1 -1.0865456e-08
vn 0.29801729 -0.95456046 -1.6178841e-07
vn 0.34694621 -0.93788499 -8.4339383e-08
vn -7.3337453e-08 -1 -5.4327587e-09
vn 3.4912199e-07 -0.87079537 -0.49164563
vn 1.2137146e-07 -0.85065007 -0.52573228
vn 0 -0.68721527 -0.72645378
vn 0 -0.73025876 -0.68317062
vn 0 -0.73025876 -0.68317062
vn 0 -0.68721527 -0.72645378
vn -1.3811263e-07 -0.46657202 -0.88448322
vn -2.0362805e-07 -0.49030104 -0.87155312
vn -2.0362805e-07 -0.49030104 -0.87155312
vn -1.3811263e-07 -0.46657202 -0.88448322
vn -8.3587389e-07 -0.30784336 -0.95143706
vn -1.4722167e-06 -0.31993598 -0.94743925
vn -1.4722167e-06 -0.31993598 -0.94743925
vn -8.3587389e-07 -0.30784336 -0.95143706
vn -2.0214654e-07 -0.12968788 -0.9915548
vn -0.34694588 -0.93788511 0
vn -0.52467316 -0.85130382 0
vn -0.52467304 -0.85130382 1.5074874e-09
vn -0.34694603 -0.93788511 5.6182543e-08
vn 7.0403991e-07 -0.99999994 1.1705113e-06
vn 0.34694612 -0.93788511 8.190097e-07
vn 0.34694618 -0.93788505 2.6863836e-07
vn 4.49803e-07 -0.99999994 5.8992129e-07
vn -2.8793025e-07 -0.95456052 0.29801705
vn -9.7974763e-08 -0.93788511 0.34694591
vn 0 -0.85065007 0.52573216
vn 0 -0.87115616 0.49100614
vn 0 -0.87115616 0.49100614
vn 0 -0.85065007 0.52573216
vn 0 -0.68721539 0.72645366
vn 0 -0.7291376 0.68436706
vn 0 -0.7291376 0.68436706
vn 0 -0.68721539 0.72645366
vn 0.00075792096 -0.46621066 0.88467342
vn 0.00035529849 -0.48959702 0.87194878
vn 0.00035529849 -0.48959702 0.87194878
vn 0.00075792096 -0.46621066 0.88467342
vn 0.0017883162 -0.30790275 0.95141619
vn 0.0016560064 -0.32052889 0.94723731
vn 0.0016560064 -0.32052889 0.94723731
vn 0.0017883162 -0.30790275 0.95141619
vn 0.00082670467 -0.13032523 0.99147099
vn -4.7966182e-08 -1 9.3312691e-09
vn -0.29801705 -0.95456052 3.0685524e-07
vn -0.346946 -0.93788511 4.4629223e-07
vn 4.49803e-07 -0.99999994 5.8992129e-07
vn 0.49164534 -0.87079549 1.2454242e-08
vn 0.68316972 -0.73025966 6.2016761e-07
vn 0.72645301 -0.68721622 3.3923604e-07
vn 0.5257321 -0.85065013 8.2621511e-08
vn 0.68316972 -0.73025966 6.2016761e-07
vn 0.87158757 -0.49023953 0.00038478625
vn 0.88468516 -0.46618837 0.00078009523
vn 0.72645301 -0.68721622 3.3923604e-07
vn 0.87158757 -0.49023953 0.00038478625
vn 0.9472459 -0.32050306 0.0017079387
vn 0.95142138 -0.30788633 0.0017897309
vn 0.88468516 -0.46618837 0.00078009523
vn 0.9472459 -0.32050306 0.0017079387
vn 0.99147052 -0.13032871 0.00081773073
vn 0.95142138 -0.30788633 0.0017897309
vn 0.29801729 -0.95456046 -1.6178841e-07
vn 0.49164534 -0.87079549 1.2454242e-08
vn 0.5257321 -0.85065013 8.2621511e-08
vn 0.34694621 -0.93788499 -8.4339383e-08
vn 0.88483965 -0.46589449 -0.0010391446
vn 0.95161504 -0.30728808 -0.0017119423
vn 0.95142037 -0.30788991 -0.0017904466
vn 0.88468301 -0.4661926 -0.00077636086
vn 0.52573216 -0.85065025 6.8978738e-07
vn 0.72645301 -0.68721616 4.4707991e-07
vn 0.72645313 -0.68721598 2.2354013e-07
vn 0.52573204 -0.85065025 2.7246998e-07
vn 0.95161504 -0.30728808 -0.0017119423
vn 0.99254739 -0.12185728 -0.00068180886
vn 0.99147052 -0.13032877 -0.00082015741
vn 0.95142037 -0.30788991 -0.0017904466
vn 0.72645301 -0.68721616 4.4707991e-07
vn 0.88483965 -0.46589449 -0.0010391446
vn 0.88468301 -0.4661926 -0.00077636086
vn 0.72645313 -0.68721598 2.2354013e-07
vn 6.9728213e-07 -0.95456052 -0.29801688
vn 3.1518323e-07 -0.93788517 -0.34694588
vn 1.2137146e-07 -0.85065007 -0.52573228
vn 3.4912199e-07 -0.87079537 -0.49164563
vn 0.0017324543 -0.30730197 -0.95161051
vn 0.0010391538 -0.46591553 -0.88482857
vn 0.00075833098 -0.46621081 -0.88467324
vn 0.0017891414 -0.30790257 -0.95141619
vn 0 -0.68721521 -0.7264539
vn 0 -0.85020339 -0.52645427
vn -5.1062973e-08 -0.85020334 -0.52645439
vn -1.7672491e-07 -0.68721533 -0.72645372
vn -3.5201978e-07 -1 0
vn -0.34694588 -0.93788511 0
vn -0.34694603 -0.93788511 5.6182543e-08
vn -7.3337453e-08 -1 -5.4327587e-09
vn 0.00070227211 -0.12184714 -0.99254864
vn 0.0017324543 -0.30730197 -0.95161051
vn 0.0017891414 -0.30790257 -0.95141619
vn 0.00082753639 -0.1303249 -0.99147105
vn 0.0010391538 -0.46591553 -0.88482857
vn 0 -0.68721521 -0.7264539
vn -1.7672491e-07 -0.68721533 -0.72645372
vn 0.00075833098 -0.46621081 -0.88467324
vn 0 -0.85020339 -0.52645427
vn 0 -0.93776244 -0.34727743
vn 3.1928764e-07 -0.93776244 -0.34727731
vn -5.1062973e-08 -0.85020334 -0.52645439
vn -0.95161581 -0.30728576 0.0017070109
vn -0.99254715 -0.12185964 0.00067694549
vn -0.9914704 -0.13032945 0.00081840594
vn -0.9514212 -0.30788732 0.0017903758
vn -0.72725403 -0.68636835 0
vn -0.88596243 -0.46375585 0.0010388292
vn -0.88580614 -0.46405494 0.00077997259
vn -0.72725397 -0.68636847 -2.1539231e-08
vn 0.34694612 -0.93788511 8.190097e-07
vn 0.52573216 -0.85065025 6.8978738e-07
vn 0.52573204 -0.85065025 2.7246998e-07
vn 0.34694618 -0.93788505 2.6863836e-07
vn -0.88596243 -0.46375585 0.0010388292
vn -0.95161581 -0.30728576 0.0017070109
vn -0.9514212 -0.30788732 0.0017903758
vn -0.88580614 -0.46405494 0.00077997259
vn -0.52467316 -0.85130382 0
vn -0.72725403 -0.68636835 0
vn -0.72725397 -0.68636847 -2.1539231e-08
vn -0.52467304 -0.85130382 1.5074874e-09
vn 1.9990034e-07 -1 0.00018718663
vn 9.957791e-08 -0.99999982 0.00049595884
vn -9.7974763e-08 -0.93788511 0.34694591
vn -2.8793025e-07 -0.95456052 0.29801705
vn 0 -0.12121774 0.99262595
vn 0 -0.30784327 0.951437
vn -8.3587389e-07 -0.3078436 0.951437
vn -2.0214654e-07 -0.12968796 0.9915548
vn 0 -0.46657234 0.88448298
vn 0 -0.68721545 0.7264536
vn 0 -0.68721521 0.7264539
vn -1.3811257e-07 -0.46657223 0.88448304
vn 0 -0.85065031 0.52573198
vn 0 -0.93788511 0.34694588
vn 2.5279062e-08 -0.93788511 0.34694594
vn 1.2247114e-07 -0.85065025 0.5257321
vn 2.0615857e-07 -0.99999261 -0.0038287297
vn 9.8513254e-08 -1 6.209238e-07
vn 3.1518323e-07 -0.93788517 -0.34694588
vn 6.9728213e-07 -0.95456052 -0.29801688
vn 0 -0.30784327 0.951437
vn 0 -0.46657234 0.88448298
vn -1.3811257e-07 -0.46657223 0.88448304
vn -8.3587389e-07 -0.3078436 0.951437
vn 0 -0.68721545 0.7264536
vn 0 -0.85065031 0.52573198
vn 1.2247114e-07 -0.85065025 0.5257321
vn 0 -0.68721521 0.7264539
vn 0 -0.93788511 0.34694588
vn 0 -0.99999994 1.046281e-06
vn 9.8513254e-08 -1 6.209238e-07
vn 2.5279062e-08 -0.93788511 0.34694594
vn 0.70695102 -0.00021548475 0.7072624
vn 0.7169643 0.0010088473 0.6971091
vn 0.71693671 0.0010095143 0.69713748
vn 0.70695031 -0.00021634852 0.70726317
vn -0.69956839 -0.028057817 0.71401453
vn -0.70369971 -0.011910832 0.71039766
vn -0.7037009 -0.011905724 0.71039647
vn -0.69956839 -0.028057817 0.71401453
vn -0.70816004 -0.0055056512 -0.70603049
vn -0.7071473 0.00095896196 -0.70706564
vn -0.707147 0.00095652248 -0.70706594
vn -0.70816439 -0.005515574 -0.7060259
vn -0.71064192 -0.014040281 0.70341372
vn -0.71401852 -0.028079452 0.69956356
vn -0.71401852 -0.028079452 0.69956356
vn -0.71064079 -0.014035921 0.70341492
vn 0.69955975 -0.028080361 -0.71402216
vn 0.70341164 -0.014041747 -0.71064395
vn 0.70341295 -0.014037087 -0.71064287
vn 0.69955975 -0.028080361 -0.71402216
vn -0.70710689 1.965723e-06 0.70710671
vn -0.71064192 -0.014040281 0.70341372
vn -0.71064079 -0.014035921 0.70341492
vn -0.70710683 1.9657491e-06 0.70710671
vn 0.70607728 -0.00099006924 0.70813406
vn 0.70695102 -0.00021548475 0.7072624
vn 0.70695031 -0.00021634852 0.70726317
vn 0.70607722 -0.00099019543 0.70813417
vn 0.70952314 -0.0090927286 -0.7046234
vn 0.71084023 -0.015993811 -0.70317173
vn 0.71083927 -0.015990257 -0.70317268
vn 0.70952666 -0.0091020968 -0.70461965
vn 0.70341164 -0.014041747 -0.71064395
vn 0.70710707 9.5612108e-07 -0.70710647
vn 0.70710713 9.5565042e-07 -0.70710641
vn 0.70341295 -0.014037087 -0.71064287
vn -0.7071473 0.00095896196 -0.70706564
vn -0.70699483 0.0023128807 -0.70721495
vn -0.706994 0.002310239 -0.70721573
vn -0.707147 0.00095652248 -0.70706594
vn -0.70369971 -0.011910832 0.71039766
vn -0.70442325 0.013498764 0.70965189
vn -0.70443463 0.013466098 0.7096411
vn -0.7037009 -0.011905724 0.71039647
vn -0.70710748 9.5611847e-07 0.70710605
vn -0.70710689 1.965723e-06 0.70710671
vn -0.70710683 1.9657491e-06 0.70710671
vn -0.70710748 9.5614416e-07 0.70710611
vn 0.70839876 0.0013087335 0.70581114
vn 0.70607728 -0.00099006924 0.70813406
vn 0.70607722 -0.00099019543 0.70813417
vn 0.70840174 0.0013112191 0.70580828
vn 0.71403044 -0.012696405 -0.69999957
vn 0.70952314 -0.0090927286 -0.7046234
vn 0.70952666 -0.0091020968 -0.70461965
vn 0.71404147 -0.012690985 -0.69998831
vn 0.70710707 9.5612108e-07 -0.70710647
vn 0.70710802 9.561204e-07 -0.70710552
vn 0.70710802 9.5614416e-07 -0.70710558
vn 0.70710713 9.5565042e-07 -0.70710641
vn -0.70699483 0.0023128807 -0.70721495
vn -0.70515603 0.0016365817 -0.70905018
vn -0.70515412 0.0016385609 -0.70905215
vn -0.706994 0.002310239 -0.70721573
vn -0.70442325 0.013498764 0.70965189
vn -0.71584743 0.0072682253 0.69821888
vn -0.7158007 0.0073182229 0.69826633
vn -0.70443463 0.013466098 0.7096411
vn -0.7071076 0 0.70710593
vn -0.70710748 9.5611847e-07 0.70710605
vn -0.70710748 9.5614416e-07 0.70710611
vn -0.7071076 0 0.70710593
vn 0.71232033 0.0012960719 0.70185333
vn 0.70839876 0.0013087335 0.70581114
vn 0.70840174 0.0013112191 0.70580828
vn 0.71193892 0.0016142922 0.70223951
vn 0.71414691 -0.0068324511 -0.69996238
vn 0.71403044 -0.012696405 -0.69999957
vn 0.71404147 -0.012690985 -0.69998831
vn 0.71416008 -0.0068562902 -0.69994885
vn 0.70710802 9.561204e-07 -0.70710552
vn 0.70710754 -2.6705715e-07 -0.70710599
vn 0.70710754 -2.6722958e-07 -0.70710599
vn 0.70710802 9.5614416e-07 -0.70710558
vn -0.71584743 0.0072682253 0.69821888
vn -0.72094929 -0.0029363735 0.69298166
vn -0.72087353 -0.0028932695 0.69306046
vn -0.7158007 0.0073182229 0.69826633
vn -0.70515603 0.0016365817 -0.70905018
vn -0.70185512 0.0012941447 -0.71231854
vn -0.70224124 0.0016118818 -0.71193719
vn -0.70515412 0.0016385609 -0.70905215
vn -0.64424676 -0.4121801 -0.64424664
vn -0.69736141 -0.16545244 -0.69736117
vn -0.69736141 -0.16545244 -0.69736117
vn -0.6442467 -0.41218007 -0.64424664
vn -0.56896371 -0.59376848 -0.56896335
vn -0.64424676 -0.4121801 -0.64424664
vn -0.6442467 -0.41218007 -0.64424664
vn -0.56896377 -0.59376836 -0.56896341
vn -0.42859206 -0.79537213 -0.42859313
vn -0.56896371 -0.59376848 -0.56896335
vn -0.56896377 -0.59376836 -0.56896341
vn -0.42859194 -0.79537225 -0.42859304
vn -0.28375295 -0.91595191 -0.28375414
vn -0.42859206 -0.79537213 -0.42859313
vn -0.42859194 -0.79537225 -0.42859304
vn -0.28375292 -0.91595191 -0.28375411
vn -0.18050826 -0.96684903 -0.1806097
vn -0.28375295 -0.91595191 -0.28375414
vn -0.28375292 -0.91595191 -0.28375411
vn -0.18050827 -0.96684897 -0.18060972
vn 0.69736111 -0.16545269 -0.69736141
vn 0.64424556 -0.41218057 -0.64424741
vn 0.64424568 -0.41218027 -0.64424765
vn 0.69736111 -0.16545269 -0.69736141
vn 0.64424556 -0.41218057 -0.64424741
vn 0.56896263 -0.59376907 -0.56896377
vn 0.56896257 -0.59376931 -0.56896371
vn 0.64424568 -0.41218027 -0.64424765
vn 0.56896263 -0.59376907 -0.56896377
vn 0.42858964 -0.79537648 -0.4285872
vn 0.42859659 -0.79536909 -0.42859417
vn 0.56896257 -0.59376931 -0.56896371
vn 0.42858964 -0.79537648 -0.4285872
vn 0.28339934 -0.91586626 -0.28438321
vn 0.28337559 -0.91588086 -0.28435993
vn 0.42859659 -0.79536909 -0.42859417
vn 0.28339934 -0.91586626 -0.28438321
vn 0.18009771 -0.96673042 -0.181651
vn 0.17955075 -0.96693546 -0.18109988
vn 0.28337559 -0.91588086 -0.28435993
vn -0.64423865 -0.41219765 0.64424354
vn -0.69736135 -0.16545229 0.69736111
vn -0.69736135 -0.16545229 0.69736111
vn -0.64424461 -0.4121789 0.64424956
vn -0.57061058 -0.59313536 0.56797349
vn -0.64423865 -0.41219765 0.64424354
vn -0.64424461 -0.4121789 0.64424956
vn -0.57057822 -0.59319925 0.5679394
vn -0.4315519 -0.79459041 0.42707035
vn -0.57061058 -0.59313536 0.56797349
vn -0.57057822 -0.59319925 0.5679394
vn -0.4305898 -0.79562342 0.42611688
vn -0.28015158 -0.91528541 0.28942671
vn -0.4315519 -0.79459041 0.42707035
vn -0.4305898 -0.79562342 0.42611688
vn -0.27972567 -0.91551715 0.28910545
vn -0.16964526 -0.96767598 0.18661126
vn -0.28015158 -0.91528541 0.28942671
vn -0.27972567 -0.91551715 0.28910545
vn -0.1754483 -0.96539932 0.19292986
vn 0.18009771 -0.96673042 -0.181651
vn 0.1230351 -0.98460531 -0.12415573
vn 0.1230351 -0.98460531 -0.12415573
vn 0.17955075 -0.96693546 -0.18109988
vn -0.11616918 -0.98489791 0.12837742
vn -0.16964526 -0.96767598 0.18661126
vn -0.1754483 -0.96539932 0.19292986
vn -0.11616918 -0.98489791 0.12837742
vn 0.6442011 -0.41227698 0.64423037
vn 0.69736004 -0.16545174 0.69736266
vn 0.6973601 -0.16545178 0.69736272
vn 0.64424288 -0.41214669 0.64427191
vn 0.5611347 -0.59080094 0.5797258
vn 0.6442011 -0.41227698 0.64423037
vn 0.64424288 -0.41214669 0.64427191
vn 0.56175989 -0.58979005 0.58014965
vn 0.41708881 -0.79063159 0.44826189
vn 0.5611347 -0.59080094 0.5797258
vn 0.56175989 -0.58979005 0.58014965
vn 0.41174269 -0.7966162 0.44257268
vn 0.2765753 -0.91651195 0.28898451
vn 0.41708881 -0.79063159 0.44826189
vn 0.41174269 -0.7966162 0.44257268
vn 0.27628288 -0.91672063 0.28860191
vn 0.18051898 -0.96684498 0.18062046
vn 0.2765753 -0.91651195 0.28898451
vn 0.27628288 -0.91672063 0.28860191
vn 0.18046552 -0.96686488 0.18056707
vn -0.12364786 -0.98456711 -0.12385038
vn -0.18050826 -0.96684903 -0.1806097
vn -0.18050827 -0.96684897 -0.18060972
vn -0.12364786 -0.98456711 -0.12385038
vn 0.12361346 -0.98457724 0.12380365
vn 0.18051898 -0.96684498 0.18062046
vn 0.18046552 -0.96686488 0.18056707
vn 0.12361346 -0.98457724 0.12380365
vn 0.71084023 -0.015993811 -0.70317173
vn 0.71394551 -0.027769806 -0.69965035
vn 0.71394551 -0.027769806 -0.69965035
vn 0.71083927 -0.015990257 -0.70317268
vn 0.70548207 0.00147303 0.70872623
vn 0.70185184 0.0012962089 0.71232182
vn 0.7022379 0.0016141225 0.71194053
vn 0.70547962 0.0014752704 0.70872867
vn -0.71195215 -0.022074694 -0.70188093
vn -0.70816004 -0.0055056512 -0.70603049
vn -0.70816439 -0.005515574 -0.7060259
vn -0.71194005 -0.022004824 -0.70189542
vn -0.70872658 0.0014727749 -0.70548171
vn -0.70710701 4.8906577e-07 -0.70710653
vn -0.70710701 4.8840695e-07 -0.70710659
vn -0.70872903 0.0014750187 -0.7054792
vn 0.7169643 0.0010088473 0.6971091
vn 0.70470518 -0.0078568403 0.70945674
vn 0.70460987 -0.0078956857 0.7095511
vn 0.71693671 0.0010095143 0.69713748
vn -0.7036199 -0.013137058 -0.71045518
vn -0.701092 -0.027787274 -0.71252924
vn -0.701092 -0.027787274 -0.71252924
vn -0.70361948 -0.013139126 -0.71045548
vn 0.70710635 5.3411389e-07 0.70710719
vn 0.70548207 0.00147303 0.70872623
vn 0.70547962 0.0014752704 0.70872867
vn 0.70710641 5.3445655e-07 0.70710719
vn 0.71404475 -0.028777504 0.69950843
vn 0.71077079 -0.014813782 0.70326769
vn 0.71076828 -0.014802996 0.70327055
vn 0.71404475 -0.028777504 0.69950843
vn -0.70710701 4.8906577e-07 -0.70710653
vn -0.70718235 0.00014512635 -0.70703119
vn -0.70718235 0.00014513089 -0.70703119
vn -0.70710701 4.8840695e-07 -0.70710659
vn -0.71419519 -0.035434086 -0.69904912
vn -0.71195215 -0.022074694 -0.70188093
vn -0.71194005 -0.022004824 -0.70189542
vn -0.71419519 -0.035434086 -0.69904912
vn 0.70470518 -0.0078568403 0.70945674
vn 0.68302935 -0.016548449 0.73020339
vn 0.68302935 -0.016548449 0.73020339
vn 0.70460987 -0.0078956857 0.7095511
vn 0.70718247 -0.00014341553 0.70703113
vn 0.70710635 5.3411389e-07 0.70710719
vn 0.70710641 5.3445655e-07 0.70710719
vn 0.70718247 -0.00014341924 0.70703113
vn -0.70718235 0.00014512635 -0.70703119
vn -0.70662385 0.00089899218 -0.70758885
vn -0.70662367 0.0008991959 -0.70758897
vn -0.70718235 0.00014513089 -0.70703119
vn -0.71100312 0.0026262836 0.70318401
vn -0.71231854 0.0012951042 0.70185518
vn -0.71193719 0.0016130965 0.7022413
vn -0.71100211 0.0026267611 0.70318496
vn 0.70872581 0.00147259 -0.70548248
vn 0.71232051 0.0012957492 -0.70185322
vn 0.7119391 0.0016138902 -0.70223933
vn 0.70872831 0.0014748318 -0.70548004
vn 0.70729941 -0.00056340708 0.70691383
vn 0.70718247 -0.00014341553 0.70703113
vn 0.70718247 -0.00014341924 0.70703113
vn 0.70729947 -0.0005636022 0.70691377
vn 0.70185524 0.001294471 -0.71231848
vn 0.70775598 0.00032701032 -0.70645684
vn 0.70775014 0.00033092638 -0.70646268
vn 0.70224118 0.0016122882 -0.71193725
vn -0.70662385 0.00089899218 -0.70758885
vn -0.7036199 -0.013137058 -0.71045518
vn -0.70361948 -0.013139126 -0.71045548
vn -0.70662367 0.0008991959 -0.70758897
vn -0.72094929 -0.0029363735 0.69298166
vn -0.71100312 0.0026262836 0.70318401
vn -0.71100211 0.0026267611 0.70318496
vn -0.72087353 -0.0028932695 0.69306046
vn 0.71077079 -0.014813782 0.70326769
vn 0.70729941 -0.00056340708 0.70691383
vn 0.70729947 -0.0005636022 0.70691377
vn 0.71076828 -0.014802996 0.70327055
vn 0.70710754 -2.6705715e-07 -0.70710599
vn 0.70872581 0.00147259 -0.70548248
vn 0.70872831 0.0014748318 -0.70548004
vn 0.70710754 -2.6722958e-07 -0.70710599
vn 0.70775598 0.00032701032 -0.70645684
vn 0.71414691 -0.0068324511 -0.69996238
vn 0.71416008 -0.0068562902 -0.69994885
vn 0.70775014 0.00033092638 -0.70646268
vn -0.70552528 0.0014635704 0.70868325
vn -0.7071076 0 0.70710593
vn -0.7071076 0 0.70710593
vn -0.70551789 0.0014703525 0.70869046
vn -0.70551032 0.00010133257 -0.70869976
vn -0.70551032 0.00010133257 -0.70869976
vn -0.70550931 0.00010375147 -0.7087006
vn -0.70550936 0.00010375018 -0.70870072
vn 0.70097965 -0.0081842653 0.71313429
vn 0.70097965 -0.0081842653 0.71313429
vn 0.6995644 -0.0014400712 0.7145682
vn 0.69956422 -0.0014391936 0.71456838
vn 0.707434 -1.6503163e-05 -0.70677948
vn 0.707434 -1.6503163e-05 -0.70677948
vn 0.70743388 -1.932022e-05 -0.7067796
vn 0.70743388 -1.9320061e-05 -0.7067796
vn -0.00088948541 -0.67105919 0.74140328
vn -0.00088864466 -0.67197877 0.74056995
vn -0.00096886139 -0.57058895 0.82123524
vn -0.81381321 -0.5811246 -0.0014784564
vn -0.81452012 -0.58013302 -0.0016197835
vn -0.77847975 -0.6276679 -0.0015359742
vn -0.73611206 -0.67685837 -0.0013348444
vn 0.0012827957 -0.580208 -0.81446731
vn -0.00080976315 -0.67817795 -0.73489732
vn -0.0014185676 -0.70475739 -0.70944691
vn 0.81397539 -0.58089823 0.0011814468
vn 0.73510724 -0.67795002 0.00105738
vn 0.73526973 -0.67777371 0.001057634
vn -0.0014185676 -0.70475739 -0.70944691
vn -0.00080976315 -0.67817795 -0.73489732
vn -0.0031931559 -0.77720106 -0.62924415
vn -0.0031931559 -0.77720106 -0.62924415
vn 0.69956422 -0.0014391936 0.71456838
vn 0.6995644 -0.0014400712 0.7145682
vn 0.69661397 0.01211937 0.71734369
vn -0.70708233 1.6267841e-05 0.70713127
vn -0.70708227 1.6277043e-05 0.70713121
vn -0.70708334 1.0842397e-05 0.70713019
vn -0.70550936 0.00010375018 -0.70870072
vn -0.70550931 0.00010375147 -0.7087006
vn -0.7055074 0.00010861484 -0.7087025
vn -0.7055074 0.00010861484 -0.7087025
vn 0.70743388 -1.9320061e-05 -0.7067796
vn 0.70743388 -1.932022e-05 -0.7067796
vn 0.7074337 -2.4984287e-05 -0.70677984
vn -0.00088948541 -0.67105919 0.74140328
vn -0.00077968749 -0.77324134 0.6341114
vn -0.00088864466 -0.67197877 0.74056995
vn -0.77847975 -0.6276679 -0.0015359742
vn -0.81452012 -0.58013302 -0.0016197835
vn -0.81606293 -0.57795978 -0.0019290765
vn 0.73510724 -0.67795002 0.00105738
vn 0.63093436 -0.77583563 0.00089540251
vn 0.73526973 -0.67777371 0.001057634
vn -0.77847975 -0.6276679 -0.0015359742
vn -0.63334125 -0.77387178 -0.0011453774
vn -0.73611206 -0.67685837 -0.0013348444
vn -0.99230617 -0.12363418 0.0065684854
vn -0.99122226 -0.1320727 0.0059338245
vn -0.99994648 -0.0073163128 0.0073161512
vn -0.99994648 -0.0073163128 0.0073161512
vn 0.71232033 0.0012960719 0.70185333
vn 0.71193892 0.0016142922 0.70223951
vn 0.71387082 0 0.70027745
vn 0.71387082 0 0.70027745
vn -2.0214654e-07 -0.12968788 -0.9915548
vn 0 -0.12121768 -0.99262589
vn 0 0 -1
vn 0 0 -1
vn 0 -0.12121774 0.99262595
vn -2.0214654e-07 -0.12968796 0.9915548
vn 0 0 1
vn 0 0 1
vn 0.7022379 0.0016141225 0.71194053
vn 0.70185184 0.0012962089 0.71232182
vn 0.70027643 1.3877907e-06 0.71387178
vn 0.70027643 1.3877907e-06 0.71387178
vn -0.9914704 -0.13032945 0.00081840594
vn -0.99254715 -0.12185964 0.00067694549
vn -1 0 0
vn -1 0 0
vn 0.6973601 -0.16545178 0.69736272
vn 0.69736004 -0.16545174 0.69736266
vn 0.70710516 0 0.70710832
vn 0.70710516 0 0.70710832
vn 0.7119391 0.0016138902 -0.70223933
vn 0.71232051 0.0012957492 -0.70185322
vn 0.71387082 0 -0.70027739
vn 0.71387082 0 -0.70027739
vn -0.70224124 0.0016118818 -0.71193719
vn -0.70185512 0.0012941447 -0.71231854
vn -0.70027947 0 -0.71386874
vn -0.70027947 0 -0.71386874
vn 0.99254727 -0.12185875 0.00067622028
vn 0.99147052 -0.13032871 0.00081773073
vn 1 0 0
vn 1 0 0
vn 0.69736111 -0.16545269 -0.69736141
vn 0.69736111 -0.16545269 -0.69736141
vn 0.70710731 0 -0.70710623
vn 0.70710731 0 -0.70710623
vn -0.71193719 0.0016130965 0.7022413
vn -0.71231854 0.0012951042 0.70185518
vn -0.71386874 0 0.70027947
vn -0.71386874 0 0.70027947
vn 0.00082670467 -0.13032523 0.99147099
vn 0.00070139935 -0.12184777 0.99254858
vn 0 0 0.99999994
vn 0 0 0.99999994
vn -0.69736135 -0.16545229 0.69736111
vn -0.69736135 -0.16545229 0.69736111
vn -0.70710731 0 0.70710629
vn -0.70710731 0 0.70710629
vn 0.99147052 -0.13032877 -0.00082015741
vn 0.99254739 -0.12185728 -0.00068180886
vn 1 0 0
vn 1 0 0
vn -0.69736141 -0.16545244 -0.69736117
vn -0.69736141 -0.16545244 -0.69736117
vn -0.70710731 0 -0.70710623
vn -0.70710731 0 -0.70710623
vn 0.00070227211 -0.12184714 -0.99254864
vn 0.00082753639 -0.1303249 -0.99147105
vn 0 0 -1
vn 0 0 -1
vn 0.70185524 0.001294471 -0.71231848
vn 0.70224118 0.0016122882 -0.71193725
vn 0.70028019 0 -0.71386808
vn 0.70028019 0 -0.71386808
vn -0.70708179 1.898066e-05 0.7071318
vn -0.70708179 1.898066e-05 0.7071318
vn -0.70708227 1.6277043e-05 0.70713121
vn -0.70708233 1.6267841e-05 0.70713127
vn -0.346946 -0.93788511 4.4629223e-07
vn -0.5257324 -0.85065001 8.7670124e-08
vn -0.52573264 -0.85064995 0
vn -0.34694579 -0.93788522 5.7119212e-07
vn -0.7264539 -0.68721515 -2.0892142e-07
vn -0.88468325 -0.46619198 -0.00077698473
vn -0.88484013 -0.46589369 -0.0010398987
vn -0.72645426 -0.68721473 -2.0666397e-07
vn -0.95222056 -0.30541101 -8.2528068e-06
vn -0.99122226 -0.1320727 0.0059338245
vn -0.99230617 -0.12363418 0.0065684854
vn -0.95214939 -0.30562726 0.0018614234
vn -0.70188195 0.0012874812 0.71229208
vn -0.70552528 0.0014635704 0.70868325
vn -0.70551789 0.0014703525 0.70869046
vn -0.70228124 0.0016086987 0.71189779
vn 0.52573204 -0.85065025 2.7246998e-07
vn 0.72645313 -0.68721598 2.2354013e-07
vn 0.6831702 -0.73025918 0
vn 0.49164563 -0.87079537 -2.0832363e-07
vn 0.72645313 -0.68721598 2.2354013e-07
vn 0.88468301 -0.4661926 -0.00077636086
vn 0.87158602 -0.49024242 -0.0003786126
vn 0.6831702 -0.73025918 0
vn -0.70027858 0 0.71386969
vn -0.70188195 0.0012874812 0.71229208
vn -0.70228124 0.0016086987 0.71189779
vn -0.70027858 0 0.71386969
vn -0.5257324 -0.85065001 8.7670124e-08
vn -0.7264539 -0.68721515 -2.0892142e-07
vn -0.72645426 -0.68721473 -2.0666397e-07
vn -0.52573264 -0.85064995 0
vn -0.88468325 -0.46619198 -0.00077698473
vn -0.95222056 -0.30541101 -8.2528068e-06
vn -0.95214939 -0.30562726 0.0018614234
vn -0.88484013 -0.46589369 -0.0010398987
vn 0.34694618 -0.93788505 2.6863836e-07
vn 0.52573204 -0.85065025 2.7246998e-07
vn 0.49164563 -0.87079537 -2.0832363e-07
vn 0.29801717 -0.95456046 -2.7734424e-07
vn 4.49803e-07 -0.99999994 5.8992129e-07
vn 0.34694618 -0.93788505 2.6863836e-07
vn 0.29801717 -0.95456046 -2.7734424e-07
vn -4.7966182e-08 -1 9.3312691e-09
vn 4.49803e-07 -0.99999994 5.8992129e-07
vn -0.346946 -0.93788511 4.4629223e-07
vn -0.34694579 -0.93788522 5.7119212e-07
vn 7.0403991e-07 -0.99999994 1.1705113e-06
vn 0.88468301 -0.4661926 -0.00077636086
vn 0.95142037 -0.30788991 -0.0017904466
vn 0.94724423 -0.32050824 -0.0016988058
vn 0.87158602 -0.49024242 -0.0003786126
vn 0.95142037 -0.30788991 -0.0017904466
vn 0.99147052 -0.13032877 -0.00082015741
vn 0.94724423 -0.32050824 -0.0016988058
vn -1.7672491e-07 -0.68721533 -0.72645372
vn -5.1062973e-08 -0.85020334 -0.52645439
vn 1.6040408e-07 -0.87020534 -0.49268904
vn -4.7869065e-07 -0.730259 -0.68317038
vn 0.00082753639 -0.1303249 -0.99147105
vn 0.0017891414 -0.30790257 -0.95141619
vn 0.001656356 -0.32052857 -0.94723743
vn -5.1062973e-08 -0.85020334 -0.52645439
vn 3.1928764e-07 -0.93776244 -0.34727731
vn 7.0471424e-07 -0.95466089 -0.29769525
vn 1.6040408e-07 -0.87020534 -0.49268904
vn -9.7974763e-08 -0.93788511 0.34694591
vn 9.957791e-08 -0.99999982 0.00049595884
vn 0 -0.99999994 0.00049551408
vn 0 -0.93788511 0.34694591
vn 0 -0.85065007 0.52573216
vn -9.7974763e-08 -0.93788511 0.34694591
vn 0 -0.93788511 0.34694591
vn 0 -0.85065007 0.52573228
vn 0.00075792096 -0.46621066 0.88467342
vn 0 -0.68721539 0.72645366
vn 0 -0.68721521 0.7264539
vn 0.0010386368 -0.46591505 0.88482887
vn 0.00082670467 -0.13032523 0.99147099
vn 0.0017883162 -0.30790275 0.95141619
vn 0.0017310671 -0.30730197 0.95161051
vn 0.00070139935 -0.12184777 0.99254858
vn -0.71231931 0.0012959128 -0.70185435
vn -0.70872658 0.0014727749 -0.70548171
vn -0.70872903 0.0014750187 -0.7054792
vn -0.71193814 0.001614094 -0.70224029
vn 0.0017891414 -0.30790257 -0.95141619
vn 0.00075833098 -0.46621081 -0.88467324
vn 0.00035202419 -0.49025354 -0.87157983
vn 0.001656356 -0.32052857 -0.94723743
vn 0.00075833098 -0.46621081 -0.88467324
vn -1.7672491e-07 -0.68721533 -0.72645372
vn -4.7869065e-07 -0.730259 -0.68317038
vn 0.00035202419 -0.49025354 -0.87157983
vn 3.1928764e-07 -0.93776244 -0.34727731
vn 9.957791e-08 -0.99999982 0.00049595884
vn 1.9990034e-07 -1 0.00018718663
vn 7.0471424e-07 -0.95466089 -0.29769525
vn 0 -0.68721539 0.72645366
vn 0 -0.85065007 0.52573216
vn 0 -0.85065007 0.52573228
vn 0 -0.68721521 0.7264539
vn 0.0017883162 -0.30790275 0.95141619
vn 0.00075792096 -0.46621066 0.88467342
vn 0.0010386368 -0.46591505 0.88482887
vn 0.0017310671 -0.30730197 0.95161051
vn -0.7138688 0 -0.70027953
vn -0.71231931 0.0012959128 -0.70185435
vn -0.71193814 0.001614094 -0.70224029
vn -0.7138688 0 -0.70027953
vn -0.72725397 -0.68636847 -2.1539231e-08
vn -0.88580614 -0.46405494 0.00077997259
vn -0.87306327 -0.48760682 0.00038401739
vn -0.68301332 -0.73040587 -5.8348206e-08
vn -0.88580614 -0.46405494 0.00077997259
vn -0.9514212 -0.30788732 0.0017903758
vn -0.94724584 -0.32050368 0.0017079549
vn -0.87306327 -0.48760682 0.00038401739
vn -0.34694603 -0.93788511 5.6182543e-08
vn -0.52467304 -0.85130382 1.5074874e-09
vn -0.49109742 -0.87110466 4.167806e-08
vn -0.29801702 -0.95456058 1.2207548e-07
vn 0.5257321 -0.85065013 8.2621511e-08
vn 0.72645301 -0.68721622 3.3923604e-07
vn 0.72645277 -0.68721634 0
vn 0.5257324 -0.85064995 0
vn 0.88468516 -0.46618837 0.00078009523
vn 0.95142138 -0.30788633 0.0017897309
vn 0.95161617 -0.30728447 0.0017057393
vn 0.8848421 -0.46588987 0.0010385346
vn 0.34694621 -0.93788499 -8.4339383e-08
vn 0.5257321 -0.85065013 8.2621511e-08
vn 0.5257324 -0.85064995 0
vn 0.34694618 -0.93788505 0
vn -7.3337453e-08 -1 -5.4327587e-09
vn -0.34694603 -0.93788511 5.6182543e-08
vn -0.29801702 -0.95456058 1.2207548e-07
vn 2.1105116e-07 -1 -1.0865456e-08
vn -0.9514212 -0.30788732 0.0017903758
vn -0.9914704 -0.13032945 0.00081840594
vn -0.94724584 -0.32050368 0.0017079549
vn -0.52467304 -0.85130382 1.5074874e-09
vn -0.72725397 -0.68636847 -2.1539231e-08
vn -0.68301332 -0.73040587 -5.8348206e-08
vn -0.49109742 -0.87110466 4.167806e-08
vn -7.3337453e-08 -1 -5.4327587e-09
vn 0.34694621 -0.93788499 -8.4339383e-08
vn 0.34694618 -0.93788505 0
vn -3.5201978e-07 -1 0
vn 0.72645301 -0.68721622 3.3923604e-07
vn 0.88468516 -0.46618837 0.00078009523
vn 0.8848421 -0.46588987 0.0010385346
vn 0.72645277 -0.68721634 0
vn 0.95142138 -0.30788633 0.0017897309
vn 0.99147052 -0.13032871 0.00081773073
vn 0.99254727 -0.12185875 0.00067622028
vn 0.95161617 -0.30728447 0.0017057393
vn -1.3811257e-07 -0.46657223 0.88448304
vn 0 -0.68721521 0.7264539
vn 0 -0.73025846 0.68317091
vn -2.0362798e-07 -0.49030095 0.87155312
vn 0 -0.68721527 -0.72645378
vn 1.2137146e-07 -0.85065007 -0.52573228
vn 0 -0.85065001 -0.5257324
vn 0 -0.68721533 -0.72645384
vn -8.3587389e-07 -0.30784336 -0.95143706
vn -1.3811263e-07 -0.46657202 -0.88448322
vn 0 -0.46657205 -0.88448322
vn 0 -0.30784345 -0.951437
vn 3.1518323e-07 -0.93788517 -0.34694588
vn 9.8513254e-08 -1 6.209238e-07
vn 0 -0.99999994 1.046281e-06
vn 0 -0.93788522 -0.34694573
vn 0 -0.68721521 0.7264539
vn 1.2247114e-07 -0.85065025 0.5257321
vn 3.5120289e-07 -0.87059873 0.49199376
vn 0 -0.73025846 0.68317091
vn -2.0214654e-07 -0.12968796 0.9915548
vn -8.3587389e-07 -0.3078436 0.951437
vn -1.4722166e-06 -0.31993657 0.94743901
vn 1.2247114e-07 -0.85065025 0.5257321
vn 2.5279062e-08 -0.93788511 0.34694594
vn -1.5347881e-07 -0.9543156 0.29880038
vn 3.5120289e-07 -0.87059873 0.49199376
vn -8.3587389e-07 -0.3078436 0.951437
vn -1.3811257e-07 -0.46657223 0.88448304
vn -2.0362798e-07 -0.49030095 0.87155312
vn -1.4722166e-06 -0.31993657 0.94743901
vn 2.5279062e-08 -0.93788511 0.34694594
vn 9.8513254e-08 -1 6.209238e-07
vn 2.0615857e-07 -0.99999261 -0.0038287297
vn -1.5347881e-07 -0.9543156 0.29880038
vn -1.3811263e-07 -0.46657202 -0.88448322
vn 0 -0.68721527 -0.72645378
vn 0 -0.68721533 -0.72645384
vn 0 -0.46657205 -0.88448322
vn -2.0214654e-07 -0.12968788 -0.9915548
vn -8.3587389e-07 -0.30784336 -0.95143706
vn 0 -0.30784345 -0.951437
vn 0 -0.12121768 -0.99262589
vn 1.2137146e-07 -0.85065007 -0.52573228
vn 3.1518323e-07 -0.93788517 -0.34694588
vn 0 -0.93788522 -0.34694573
vn 0 -0.85065001 -0.5257324
vn 0 -0.93776262 -0.34727702
vn 0 -0.99999994 0.00049571937
vn 0 -0.99999994 0.0004958465
vn 1.240869e-07 -0.93776244 -0.34727728
vn -0.29801738 -0.95456052 3.5685105e-08
vn -0.49164468 -0.87079591 0
vn -0.52573174 -0.85065049 -2.9496701e-07
vn -0.34694579 -0.93788522 1.2142662e-08
vn -0.49164468 -0.87079591 0
vn -0.68317097 -0.73025846 -2.7112688e-07
vn -0.72645438 -0.68721479 -5.0923273e-07
vn -0.52573174 -0.85065049 -2.9496701e-07
vn -0.68317097 -0.73025846 -2.7112688e-07
vn -0.87158698 -0.49024075 -0.00037997722
vn -0.88468373 -0.46619105 -0.0007771377
vn -0.72645438 -0.68721479 -5.0923273e-07
vn -0.87158698 -0.49024075 -0.00037997722
vn -0.94819313 -0.31768987 -0.0016727305
vn -0.9522205 -0.30541137 -8.0434957e-06
vn -0.88468373 -0.46619105 -0.0007771377
vn -0.94819313 -0.31768987 -0.0016727305
vn -0.9912222 -0.13207351 0.0059348489
vn -0.9522205 -0.30541137 -8.0434957e-06
vn -5.4681442e-07 -1 2.4835334e-08
vn 0.29801682 -0.95456064 -1.0340683e-07
vn 0.34694633 -0.93788499 -5.4711325e-08
vn -1.0658379e-06 -1 1.241768e-08
vn 0 -0.87079549 -0.49164557
vn 0 -0.85064995 -0.52573258
vn 0 -0.68721515 -0.72645384
vn 0 -0.73025841 -0.68317097
vn 0 -0.73025841 -0.68317097
vn 0 -0.68721515 -0.72645384
vn -1.4171148e-07 -0.46657261 -0.88448292
vn 0 -0.49030167 -0.87155277
vn 0 -0.49030167 -0.87155277
vn -1.4171148e-07 -0.46657261 -0.88448292
vn -3.2292215e-07 -0.307843 -0.95143718
vn 0 -0.3199355 -0.94743937
vn 0 -0.3199355 -0.94743937
vn -3.2292215e-07 -0.307843 -0.95143718
vn -3.3682863e-07 -0.12968738 -0.99155498
vn -0.34694669 -0.93788481 0
vn -0.52467245 -0.85130417 0
vn -0.52467245 -0.85130417 6.082081e-08
vn -0.34694657 -0.93788499 9.7303541e-08
vn -1.6623153e-07 -0.99999994 0
vn 0.34694591 -0.93788522 0
vn 0.346946 -0.93788511 -7.3249105e-08
vn -1.4667492e-07 -1 1.2822343e-14
vn -1.3055219e-07 -0.95456052 0.29801723
vn -1.2364839e-07 -0.93788499 0.3469463
vn -1.2340873e-07 -0.85065001 0.5257324
vn -3.5698216e-07 -0.8711558 0.49100676
vn -3.5698216e-07 -0.8711558 0.49100676
vn -1.2340873e-07 -0.85065001 0.5257324
vn 0 -0.68721551 0.7264536
vn 0 -0.72913772 0.684367
vn 0 -0.72913772 0.684367
vn 0 -0.68721551 0.7264536
vn 0.00075789785 -0.46621075 0.88467336
vn 0.00035507392 -0.48959672 0.87194896
vn 0.00035507392 -0.48959672 0.87194896
vn 0.00075789785 -0.46621075 0.88467336
vn 0.0017884673 -0.30790269 0.95141619
vn 0.0016556528 -0.32052913 0.94723725
vn 0.0016556528 -0.32052913 0.94723725
vn 0.0017884673 -0.30790269 0.95141619
vn 0.00082703755 -0.1303243 0.99147099
vn -9.5932329e-08 -1 1.829764e-14
vn -0.29801738 -0.95456052 3.5685105e-08
vn -0.34694579 -0.93788522 1.2142662e-08
vn -1.4667492e-07 -1 1.2822343e-14
vn 0.4916459 -0.87079525 1.0409072e-07
vn 0.68316966 -0.73025972 7.371691e-07
vn 0.72645324 -0.68721586 6.8479545e-07
vn 0.52573234 -0.85065001 4.3980896e-07
vn 0.68316966 -0.73025972 7.371691e-07
vn 0.87158775 -0.49023941 0.00038561082
vn 0.8846854 -0.46618792 0.00078093342
vn 0.72645324 -0.68721586 6.8479545e-07
vn 0.87158775 -0.49023941 0.00038561082
vn 0.94724584 -0.32050347 0.0017092652
vn 0.95142144 -0.30788657 0.0017909255
vn 0.8846854 -0.46618792 0.00078093342
vn 0.94724584 -0.32050347 0.0017092652
vn 0.99147058 -0.13032857 0.00081840798
vn 0.95142144 -0.30788657 0.0017909255
vn 0.29801682 -0.95456064 -1.0340683e-07
vn 0.4916459 -0.87079525 1.0409072e-07
vn 0.52573234 -0.85065001 4.3980896e-07
vn 0.34694633 -0.93788499 -5.4711325e-08
vn 0.88483977 -0.46589419 -0.001038596
vn 0.95161486 -0.30728853 -0.0017117604
vn 0.95142013 -0.30789053 -0.0017898785
vn 0.88468289 -0.4661926 -0.00077636994
vn 0.52573246 -0.85064995 5.8993447e-07
vn 0.7264536 -0.68721551 5.9610846e-07
vn 0.7264536 -0.68721545 2.9805358e-07
vn 0.5257324 -0.85065007 2.3397925e-07
vn 0.95161486 -0.30728853 -0.0017117604
vn 0.99254739 -0.12185723 -0.00068216957
vn 0.99147052 -0.13032876 -0.00082029158
vn 0.95142013 -0.30789053 -0.0017898785
vn 0.7264536 -0.68721551 5.9610846e-07
vn 0.88483977 -0.46589419 -0.001038596
vn 0.88468289 -0.4661926 -0.00077636994
vn 0.7264536 -0.68721545 2.9805358e-07
vn 0 -0.95456058 -0.29801717
vn 0 -0.93788511 -0.34694591
vn 0 -0.85064995 -0.52573258
vn 0 -0.87079549 -0.49164557
vn 0.0017333162 -0.30730191 -0.95161051
vn 0.0010396698 -0.46591586 -0.88482839
vn 0.00075828598 -0.46621117 -0.88467318
vn 0.0017892679 -0.30790251 -0.95141619
vn 0 -0.68721509 -0.72645396
vn 0 -0.85020334 -0.52645457
vn 1.2381854e-07 -0.85020316 -0.52645481
vn 0 -0.68721515 -0.7264539
vn -1.4276361e-06 -1 0
vn -0.34694669 -0.93788481 0
vn -0.34694657 -0.93788499 9.7303541e-08
vn -1.0658379e-06 -1 1.241768e-08
vn 0.0007026231 -0.12184711 -0.99254864
vn 0.0017333162 -0.30730191 -0.95161051
vn 0.0017892679 -0.30790251 -0.95141619
vn 0.00082787068 -0.1303249 -0.99147099
vn 0.0010396698 -0.46591586 -0.88482839
vn 0 -0.68721509 -0.72645396
vn 0 -0.68721515 -0.7264539
vn 0.00075828598 -0.46621117 -0.88467318
vn 0 -0.85020334 -0.52645457
vn 0 -0.93776262 -0.34727702
vn 1.240869e-07 -0.93776244 -0.34727728
vn 1.2381854e-07 -0.85020316 -0.52645481
vn -0.95161581 -0.30728546 0.00170793
vn -0.99254715 -0.12185959 0.00067730888
vn -0.9914704 -0.13032958 0.00081854063
vn -0.95142096 -0.30788782 0.0017901075
vn -0.72725427 -0.68636805 0
vn -0.88596302 -0.46375465 0.0010393898
vn -0.88580668 -0.46405381 0.00078025245
vn -0.72725427 -0.68636817 0
vn 0.34694591 -0.93788522 0
vn 0.52573246 -0.85064995 5.8993447e-07
vn 0.5257324 -0.85065007 2.3397925e-07
vn 0.346946 -0.93788511 -7.3249105e-08
vn -0.88596302 -0.46375465 0.0010393898
vn -0.95161581 -0.30728546 0.00170793
vn -0.95142096 -0.30788782 0.0017901075
vn -0.88580668 -0.46405381 0.00078025245
vn -0.52467245 -0.85130417 0
vn -0.72725427 -0.68636805 0
vn -0.72725427 -0.68636817 0
vn -0.52467245 -0.85130417 6.082081e-08
vn 0 -0.99999994 0.00018682242
vn 0 -0.99999994 0.0004958465
vn -1.2364839e-07 -0.93788499 0.3469463
vn -1.3055219e-07 -0.95456052 0.29801723
vn -1.8179693e-07 -0.12121668 0.99262601
vn -7.461424e-07 -0.30784306 0.95143723
vn -3.7342812e-07 -0.30784291 0.95143718
vn -1.6841416e-07 -0.12968689 0.99155498
vn -5.6684536e-07 -0.4665722 0.88448316
vn 0 -0.68721551 0.7264536
vn 0 -0.68721545 0.7264536
vn -2.8342268e-07 -0.46657214 0.88448316
vn 0 -0.85065025 0.5257321
vn 0 -0.93788499 0.34694645
vn -1.2270893e-07 -0.93788499 0.34694645
vn -1.2247105e-07 -0.85065007 0.52573222
vn 0 -0.99999267 -0.0038289453
vn 0 -1 2.0045573e-07
vn 0 -0.93788511 -0.34694591
vn 0 -0.95456058 -0.29801717
vn -7.461424e-07 -0.30784306 0.95143723
vn -5.6684536e-07 -0.4665722 0.88448316
vn -2.8342268e-07 -0.46657214 0.88448316
vn -3.7342812e-07 -0.30784291 0.95143718
vn 0 -0.68721551 0.7264536
vn 0 -0.85065025 0.5257321
vn -1.2247105e-07 -0.85065007 0.52573222
vn 0 -0.68721545 0.7264536
vn 0 -0.93788499 0.34694645
vn 0 -1 5.5736467e-07
vn 0 -1 2.0045573e-07
vn -1.2270893e-07 -0.93788499 0.34694645
vn 0.70695257 -0.00021497814 0.70726085
vn 0.71696323 0.0010066249 0.6971103
vn 0.71693569 0.0010072918 0.69713867
vn 0.70695192 -0.0002158377 0.70726156
vn -0.69956899 -0.028054126 0.71401411
vn -0.7036984 -0.01191052 0.71039909
vn -0.70369965 -0.011905374 0.71039784
vn -0.69956899 -0.028054126 0.71401411
vn -0.70815939 -0.0055071022 -0.70603114
vn -0.70714658 0.0009563184 -0.70706642
vn -0.70714623 0.00095385715 -0.70706666
vn -0.70816374 -0.0055170497 -0.70602661
vn -0.71064204 -0.014036886 0.70341378
vn -0.71402061 -0.028072165 0.69956166
vn -0.71402061 -0.028072165 0.69956166
vn -0.71064091 -0.014032538 0.70341486
vn 0.69956028 -0.028085256 -0.7140215
vn 0.70341241 -0.014044288 -0.71064329
vn 0.70341361 -0.014039691 -0.7106421
vn 0.69956028 -0.028085256 -0.7140215
vn -0.70710552 7.5719998e-07 0.70710796
vn -0.71064204 -0.014036886 0.70341378
vn -0.71064091 -0.014032538 0.70341486
vn -0.70710546 7.5757276e-07 0.70710802
vn 0.70608014 -0.00098809774 0.70813131
vn 0.70695257 -0.00021497814 0.70726085
vn 0.70695192 -0.0002158377 0.70726156
vn 0.70607996 -0.00098823034 0.70813131
vn 0.70952547 -0.0090970071 -0.70462108
vn 0.71084267 -0.015995366 -0.70316905
vn 0.71084183 -0.015991837 -0.70317018
vn 0.70952916 -0.0091063669 -0.70461732
vn 0.70341241 -0.014044288 -0.71064329
vn 0.70710725 8.2992545e-07 -0.70710629
vn 0.70710731 8.2939295e-07 -0.70710629
vn 0.70341361 -0.014039691 -0.7106421
vn -0.70714658 0.0009563184 -0.70706642
vn -0.70699614 0.002309581 -0.70721364
vn -0.70699543 0.0023069438 -0.70721436
vn -0.70714623 0.00095385715 -0.70706666
vn -0.7036984 -0.01191052 0.71039909
vn -0.70442331 0.013497473 0.70965177
vn -0.70443481 0.013464823 0.7096411
vn -0.70369965 -0.011905374 0.71039784
vn -0.7071076 -7.5612678e-07 0.70710588
vn -0.70710552 7.5719998e-07 0.70710796
vn -0.70710546 7.5757276e-07 0.70710802
vn -0.70710766 -7.5610444e-07 0.70710593
vn 0.70839983 0.0013082706 0.70581007
vn 0.70608014 -0.00098809774 0.70813131
vn 0.70607996 -0.00098823034 0.70813131
vn 0.70840287 0.0013107562 0.70580715
vn 0.71403313 -0.012701139 -0.69999665
vn 0.70952547 -0.0090970071 -0.70462108
vn 0.70952916 -0.0091063669 -0.70461732
vn 0.71404421 -0.01269569 -0.6999855
vn 0.70710725 8.2992545e-07 -0.70710629
vn 0.70710814 1.9012812e-06 -0.7071054
vn 0.70710814 1.9012815e-06 -0.7071054
vn 0.70710731 8.2939295e-07 -0.70710629
vn -0.70699614 0.002309581 -0.70721364
vn -0.70515782 0.0016362678 -0.70904851
vn -0.70515579 0.0016382542 -0.70905048
vn -0.70699543 0.0023069438 -0.70721436
vn -0.70442331 0.013497473 0.70965177
vn -0.71584719 0.0072672102 0.69821912
vn -0.71580034 0.0073173782 0.69826663
vn -0.70443481 0.013464823 0.7096411
vn -0.70710844 -1.2902439e-06 0.7071051
vn -0.7071076 -7.5612678e-07 0.70710588
vn -0.70710766 -7.5610444e-07 0.70710593
vn -0.7071085 -1.2900998e-06 0.7071051
vn 0.71231997 0.0012960144 0.70185369
vn 0.70839983 0.0013082706 0.70581007
vn 0.70840287 0.0013107562 0.70580715
vn 0.71193862 0.0016139632 0.70223987
vn 0.71414745 -0.0068326253 -0.69996184
vn 0.71403313 -0.012701139 -0.69999665
vn 0.71404421 -0.01269569 -0.6999855
vn 0.71416062 -0.0068564881 -0.69994819
vn 0.70710814 1.9012812e-06 -0.7071054
vn 0.7071082 1.2122136e-06 -0.7071054
vn 0.70710814 1.2117777e-06 -0.7071054
vn 0.70710814 1.9012815e-06 -0.7071054
vn -0.71584719 0.0072672102 0.69821912
vn -0.72094661 -0.0029383092 0.69298446
vn -0.72087091 -0.0028952358 0.69306326
vn -0.71580034 0.0073173782 0.69826663
vn -0.70515782 0.0016362678 -0.70904851
vn -0.70185465 0.0012948855 -0.71231902
vn -0.70224112 0.0016129836 -0.71193743
vn -0.70515579 0.0016382542 -0.70905048
vn -0.64424777 -0.41218007 -0.64424556
vn -0.69736266 -0.1654522 -0.69735998
vn -0.69736272 -0.16545206 -0.69735992
vn -0.64424789 -0.41218007 -0.64424556
vn -0.56896484 -0.59376854 -0.56896204
vn -0.64424777 -0.41218007 -0.64424556
vn -0.64424789 -0.41218007 -0.64424556
vn -0.56896508 -0.59376812 -0.56896228
vn -0.42859423 -0.79537153 -0.42859185
vn -0.56896484 -0.59376854 -0.56896204
vn -0.56896508 -0.59376812 -0.56896228
vn -0.42859453 -0.79537135 -0.42859215
vn -0.28375533 -0.91595137 -0.28375357
vn -0.42859423 -0.79537153 -0.42859185
vn -0.42859453 -0.79537135 -0.42859215
vn -0.2837553 -0.91595137 -0.28375354
vn -0.18050766 -0.96684891 -0.18061043
vn -0.28375533 -0.91595137 -0.28375357
vn -0.2837553 -0.91595137 -0.28375354
vn -0.1805076 -0.96684903 -0.18061036
vn 0.69736093 -0.1654523 -0.69736147
vn 0.64424652 -0.41218078 -0.64424628
vn 0.64424676 -0.41218036 -0.64424652
vn 0.69736111 -0.16545236 -0.69736159
vn 0.64424652 -0.41218078 -0.64424628
vn 0.56896323 -0.59376919 -0.56896305
vn 0.56896323 -0.59376919 -0.56896299
vn 0.64424676 -0.41218036 -0.64424652
vn 0.56896323 -0.59376919 -0.56896305
vn 0.42858851 -0.79537654 -0.42858836
vn 0.42859524 -0.79536921 -0.42859513
vn 0.56896323 -0.59376919 -0.56896299
vn 0.42858851 -0.79537654 -0.42858836
vn 0.28339779 -0.91586655 -0.28438368
vn 0.28337422 -0.9158811 -0.28436062
vn 0.42859524 -0.79536921 -0.42859513
vn 0.28339779 -0.91586655 -0.28438368
vn 0.18009607 -0.96673059 -0.18165186
vn 0.17954916 -0.96693563 -0.18110086
vn 0.28337422 -0.9158811 -0.28436062
vn -0.64423972 -0.41219696 0.64424294
vn -0.69736266 -0.16545172 0.69736004
vn -0.69736266 -0.16545177 0.69735998
vn -0.64424568 -0.41217825 0.64424884
vn -0.5706116 -0.59313381 0.56797409
vn -0.64423972 -0.41219696 0.64424294
vn -0.64424568 -0.41217825 0.64424884
vn -0.57057905 -0.59319794 0.56793976
vn -0.43155262 -0.79458946 0.42707124
vn -0.5706116 -0.59313381 0.56797409
vn -0.57057905 -0.59319794 0.56793976
vn -0.43059054 -0.79562259 0.42611775
vn -0.28015181 -0.91528547 0.28942624
vn -0.43155262 -0.79458946 0.42707124
vn -0.43059054 -0.79562259 0.42611775
vn -0.27972606 -0.91551715 0.28910509
vn -0.16964404 -0.96767628 0.18661056
vn -0.28015181 -0.91528547 0.28942624
vn -0.27972606 -0.91551715 0.28910509
vn -0.17544708 -0.96539986 0.19292893
vn 0.18009607 -0.96673059 -0.18165186
vn 0.12303213 -0.98460561 -0.12415716
vn 0.12303213 -0.98460561 -0.12415716
vn 0.17954916 -0.96693563 -0.18110086
vn -0.11616649 -0.98489827 0.12837735
vn -0.16964404 -0.96767628 0.18661056
vn -0.17544708 -0.96539986 0.19292893
vn -0.11616649 -0.98489827 0.12837735
vn 0.64420152 -0.41227895 0.64422858
vn 0.69736189 -0.16545294 0.69736058
vn 0.69736189 -0.16545305 0.69736058
vn 0.64424324 -0.41214865 0.6442703
vn 0.56113428 -0.59080166 0.57972568
vn 0.64420152 -0.41227895 0.64422858
vn 0.64424324 -0.41214865 0.6442703
vn 0.56175929 -0.5897907 0.58014941
vn 0.41708887 -0.79063135 0.44826216
vn 0.56113428 -0.59080166 0.57972568
vn 0.56175929 -0.5897907 0.58014941
vn 0.41174334 -0.79661536 0.44257361
vn 0.27657485 -0.9165116 0.28898588
vn 0.41708887 -0.79063135 0.44826216
vn 0.41174334 -0.79661536 0.44257361
vn 0.27628222 -0.91672051 0.28860298
vn 0.18051487 -0.96684557 0.18062124
vn 0.27657485 -0.9165116 0.28898588
vn 0.27628222 -0.91672051 0.28860298
vn 0.18046138 -0.96686548 0.18056783
vn -0.12364434 -0.98456734 -0.12385206
vn -0.18050766 -0.96684891 -0.18061043
vn -0.1805076 -0.96684903 -0.18061036
vn -0.12364434 -0.98456734 -0.12385206
vn 0.1236074 -0.98457783 0.12380428
vn 0.18051487 -0.96684557 0.18062124
vn 0.18046138 -0.96686548 0.18056783
vn 0.1236074 -0.98457783 0.12380428
vn 0.71084267 -0.015995366 -0.70316905
vn 0.71394902 -0.02777346 -0.69964665
vn 0.71394902 -0.02777346 -0.69964665
vn 0.71084183 -0.015991837 -0.70317018
vn 0.70548135 0.0014733196 0.70872694
vn 0.70185125 0.001295918 0.71232241
vn 0.70223761 0.0016141006 0.71194082
vn 0.70547891 0.0014755544 0.70872945
vn -0.71195382 -0.022073805 -0.70187926
vn -0.70815939 -0.0055071022 -0.70603114
vn -0.70816374 -0.0055170497 -0.70602661
vn -0.71194172 -0.022003951 -0.70189381
vn -0.70872587 0.0014729585 -0.70548254
vn -0.70710832 -8.3415e-07 -0.70710522
vn -0.70710832 -8.3395707e-07 -0.70710522
vn -0.70872837 0.0014752016 -0.70547998
vn 0.71696323 0.0010066249 0.6971103
vn 0.70470458 -0.0078586545 0.70945728
vn 0.70460922 -0.0078975363 0.70955163
vn 0.71693569 0.0010072918 0.69713867
vn -0.70361942 -0.013138808 -0.71045566
vn -0.70109022 -0.027786972 -0.71253103
vn -0.70109022 -0.027786972 -0.71253103
vn -0.70361894 -0.013140873 -0.71045589
vn 0.70710605 -4.8906753e-07 0.70710754
vn 0.70548135 0.0014733196 0.70872694
vn 0.70547891 0.0014755544 0.70872945
vn 0.70710599 -4.8840741e-07 0.70710754
vn 0.71404368 -0.02877547 0.6995095
vn 0.71076912 -0.014809942 0.70326936
vn 0.71076661 -0.014799243 0.70327222
vn 0.71404368 -0.02877547 0.6995095
vn -0.70710832 -8.3415e-07 -0.70710522
vn -0.70718402 0.00014141179 -0.70702952
vn -0.70718402 0.00014141721 -0.70702952
vn -0.70710832 -8.3395707e-07 -0.70710522
vn -0.71419829 -0.035431303 -0.69904602
vn -0.71195382 -0.022073805 -0.70187926
vn -0.71194172 -0.022003951 -0.70189381
vn -0.71419829 -0.035431303 -0.69904602
vn 0.70470458 -0.0078586545 0.70945728
vn 0.68303019 -0.016550051 0.73020267
vn 0.68303019 -0.016550051 0.73020267
vn 0.70460922 -0.0078975363 0.70955163
vn 0.70718467 -0.00014488809 0.70702881
vn 0.70710605 -4.8906753e-07 0.70710754
vn 0.70710599 -4.8840741e-07 0.70710754
vn 0.70718473 -0.00014489258 0.70702893
vn -0.70718402 0.00014141179 -0.70702952
vn -0.70662463 0.00089469802 -0.70758796
vn -0.70662439 0.00089490844 -0.7075882
vn -0.70718402 0.00014141721 -0.70702952
vn -0.71100068 0.0026260267 0.70318645
vn -0.7123152 0.0012959666 0.70185858
vn -0.71193379 0.0016140094 0.7022447
vn -0.71099967 0.0026265043 0.70318747
vn 0.70872575 0.0014729444 -0.70548266
vn 0.71231902 0.0012955928 -0.70185471
vn 0.71193773 0.0016136941 -0.70224071
vn 0.70872813 0.0014751868 -0.70548016
vn 0.70729965 -0.00056134682 0.70691365
vn 0.70718467 -0.00014488809 0.70702881
vn 0.70718473 -0.00014489258 0.70702893
vn 0.70729965 -0.00056153879 0.70691359
vn 0.7018553 0.0012951398 -0.71231848
vn 0.70775515 0.00032866187 -0.70645779
vn 0.70774925 0.00033256717 -0.70646358
vn 0.70224118 0.0016134707 -0.71193743
vn -0.70662463 0.00089469802 -0.70758796
vn -0.70361942 -0.013138808 -0.71045566
vn -0.70361894 -0.013140873 -0.71045589
vn -0.70662439 0.00089490844 -0.7075882
vn -0.72094661 -0.0029383092 0.69298446
vn -0.71100068 0.0026260267 0.70318645
vn -0.71099967 0.0026265043 0.70318747
vn -0.72087091 -0.0028952358 0.69306326
vn 0.71076912 -0.014809942 0.70326936
vn 0.70729965 -0.00056134682 0.70691365
vn 0.70729965 -0.00056153879 0.70691359
vn 0.71076661 -0.014799243 0.70327222
vn 0.7071082 1.2122136e-06 -0.7071054
vn 0.70872575 0.0014729444 -0.70548266
vn 0.70872813 0.0014751868 -0.70548016
vn 0.70710814 1.2117777e-06 -0.7071054
vn 0.70775515 0.00032866187 -0.70645779
vn 0.71414745 -0.0068326253 -0.69996184
vn 0.71416062 -0.0068564881 -0.69994819
vn 0.70774925 0.00033256717 -0.70646358
vn -0.70552665 0.0014630398 0.70868182
vn -0.70710844 -1.2902439e-06 0.7071051
vn -0.7071085 -1.2900998e-06 0.7071051
vn -0.70551926 0.0014698295 0.70868909
vn -0.7055108 0.00010637717 -0.70869923
vn -0.7055108 0.00010637717 -0.70869923
vn -0.70551038 0.00010637314 -0.70869964
vn -0.70551038 0.00010637315 -0.70869958
vn 0.70097238 -0.0081849908 0.7131415
vn 0.70097238 -0.0081849908 0.7131415
vn 0.69955742 -0.0014379106 0.71457487
vn 0.6995573 -0.001437004 0.71457505
vn 0.70743316 -1.7350403e-05 -0.70678014
vn 0.70743316 -1.7350403e-05 -0.70678014
vn 0.70743263 -1.5023523e-05 -0.70678079
vn 0.70743263 -1.5023656e-05 -0.70678073
vn -0.00088500621 -0.67105997 0.74140251
vn -0.00088420254 -0.67197961 0.74056911
vn -0.00096058304 -0.5705933 0.82123226
vn -0.81380683 -0.58113348 -0.0014782482
vn -0.81443429 -0.58025503 -0.0010149155
vn -0.77838755 -0.62778324 -0.0010087078
vn -0.73611081 -0.6768598 -0.0013422527
vn 0.0012728897 -0.58021563 -0.81446201
vn -0.00082024233 -0.67818129 -0.73489416
vn -0.0014275532 -0.70468974 -0.70951408
vn 0.81397301 -0.58090132 0.0011939156
vn 0.73511147 -0.67794532 0.0010679738
vn 0.73527402 -0.67776918 0.0010682318
vn -0.0014275532 -0.70468974 -0.70951408
vn -0.00082024233 -0.67818129 -0.73489416
vn -0.00320407 -0.77719986 -0.62924558
vn -0.00320407 -0.77719986 -0.62924558
vn 0.6995573 -0.001437004 0.71457505
vn 0.69955742 -0.0014379106 0.71457487
vn 0.69660795 0.012127431 0.71734959
vn -0.70708293 1.8322069e-05 0.70713067
vn -0.70708299 1.8323552e-05 0.70713067
vn -0.70708513 1.7449527e-05 0.70712852
vn -0.70551038 0.00010637315 -0.70869958
vn -0.70551038 0.00010637314 -0.70869964
vn -0.70550948 0.00010636504 -0.70870042
vn -0.70550948 0.00010636504 -0.70870042
vn 0.70743263 -1.5023656e-05 -0.70678073
vn 0.70743263 -1.5023523e-05 -0.70678079
vn 0.7074315 -1.0345025e-05 -0.70678192
vn -0.00088500621 -0.67105997 0.74140251
vn -0.00077968504 -0.77323872 0.6341145
vn -0.00088420254 -0.67197961 0.74056911
vn -0.77838755 -0.62778324 -0.0010087078
vn -0.81443429 -0.58025503 -0.0010149155
vn -0.81580448 -0.57832772 0
vn 0.73511147 -0.67794532 0.0010679738
vn 0.63094896 -0.77582383 0.00090365589
vn 0.73527402 -0.67776918 0.0010682318
vn -0.77838755 -0.62778324 -0.0010087078
vn -0.63334733 -0.77386671 -0.0011613746
vn -0.73611081 -0.6768598 -0.0013422527
vn -0.99230605 -0.12363502 0.0065695825
vn -0.9912222 -0.13207351 0.0059348489
vn -0.99994636 -0.0073175137 0.0073169009
vn -0.99994636 -0.0073175137 0.0073169009
vn 0.71231997 0.0012960144 0.70185369
vn 0.71193862 0.0016139632 0.70223987
vn 0.71387011 1.0408435e-06 0.7002781
vn 0.71387011 1.0408435e-06 0.7002781
vn -3.3682863e-07 -0.12968738 -0.99155498
vn -3.6359421e-07 -0.12121722 -0.99262601
vn 0 0 -1
vn 0 0 -1
vn -1.8179693e-07 -0.12121668 0.99262601
vn -1.6841416e-07 -0.12968689 0.99155498
vn 0 1.4901331e-06 1
vn 0 1.4901331e-06 1
vn 0.70223761 0.0016141006 0.71194082
vn 0.70185125 0.001295918 0.71232241
vn 0.70027465 0 0.71387362
vn 0.70027465 0 0.71387362
vn -0.9914704 -0.13032958 0.00081854063
vn -0.99254715 -0.12185959 0.00067730888
vn -1 0 0
vn -1 0 0
vn 0.69736189 -0.16545305 0.69736058
vn 0.69736189 -0.16545294 0.69736058
vn 0.70710677 5.1926253e-07 0.70710677
vn 0.70710677 5.1926253e-07 0.70710677
vn 0.71193773 0.0016136941 -0.70224071
vn 0.71231902 0.0012955928 -0.70185471
vn 0.7138688 0 -0.70027953
vn 0.7138688 0 -0.70027953
vn -0.70224112 0.0016129836 -0.71193743
vn -0.70185465 0.0012948855 -0.71231902
vn -0.7002781 -6.9389705e-07 -0.71387017
vn -0.7002781 -6.9389705e-07 -0.71387017
vn 0.99254727 -0.12185857 0.00067694817
vn 0.99147058 -0.13032857 0.00081840798
vn 1 0 0
vn 1 0 0
vn 0.69736093 -0.1654523 -0.69736147
vn 0.69736111 -0.16545236 -0.69736159
vn 0.70710677 0 -0.70710677
vn 0.70710677 0 -0.70710677
vn -0.71193379 0.0016140094 0.7022447
vn -0.7123152 0.0012959666 0.70185858
vn -0.71386528 6.9389364e-07 0.70028299
vn -0.71386528 6.9389364e-07 0.70028299
vn 0.00082703755 -0.1303243 0.99147099
vn 0.00070175139 -0.12184716 0.99254858
vn 2.842216e-12 7.4506988e-07 1
vn 2.842216e-12 7.4506988e-07 1
vn -0.69736266 -0.16545177 0.69735998
vn -0.69736266 -0.16545172 0.69736004
vn -0.70710832 1.0385273e-06 0.70710522
vn -0.70710832 1.0385273e-06 0.70710522
vn 0.99147052 -0.13032876 -0.00082029158
vn 0.99254739 -0.12185723 -0.00068216957
vn 1 0 0
vn 1 0 0
vn -0.69736272 -0.16545206 -0.69735992
vn -0.69736266 -0.1654522 -0.69735998
vn -0.70710832 0 -0.70710516
vn -0.70710832 0 -0.70710516
vn 0.0007026231 -0.12184711 -0.99254864
vn 0.00082787068 -0.1303249 -0.99147099
vn 0 0 -1
vn 0 0 -1
vn 0.7018553 0.0012951398 -0.71231848
vn 0.70224118 0.0016134707 -0.71193743
vn 0.7002809 -1.3877996e-06 -0.71386743
vn 0.7002809 -1.3877996e-06 -0.71386743
vn -0.70708185 1.8758357e-05 0.70713168
vn -0.70708185 1.8758357e-05 0.70713168
vn -0.70708299 1.8323552e-05 0.70713067
vn -0.70708293 1.8322069e-05 0.70713067
vn -0.34694579 -0.93788522 1.2142662e-08
vn -0.52573174 -0.85065049 -2.9496701e-07
vn -0.52573192 -0.85065031 -5.8993396e-07
vn -0.34694576 -0.93788522 0
vn -0.72645438 -0.68721479 -5.0923273e-07
vn -0.88468373 -0.46619105 -0.0007771377
vn -0.88484061 -0.46589267 -0.0010391454
vn -0.72645473 -0.68721426 -5.9610682e-07
vn -0.9522205 -0.30541137 -8.0434957e-06
vn -0.9912222 -0.13207351 0.0059348489
vn -0.99230605 -0.12363502 0.0065695825
vn -0.95214939 -0.30562732 0.0018626929
vn -0.7018829 0.001286693 0.71229112
vn -0.70552665 0.0014630398 0.70868182
vn -0.70551926 0.0014698295 0.70868909
vn -0.70228243 0.0016080675 0.71189654
vn 0.5257324 -0.85065007 2.3397925e-07
vn 0.7264536 -0.68721545 2.9805358e-07
vn 0.68317056 -0.73025882 0
vn 0.49164528 -0.87079555 -1.754305e-07
vn 0.7264536 -0.68721545 2.9805358e-07
vn 0.88468289 -0.4661926 -0.00077636994
vn 0.87158579 -0.49024281 -0.00037903033
vn 0.68317056 -0.73025882 0
vn -0.70027858 -1.4150072e-06 0.71386969
vn -0.7018829 0.001286693 0.71229112
vn -0.70228243 0.0016080675 0.71189654
vn -0.70027858 -1.4150072e-06 0.71386969
vn -0.52573174 -0.85065049 -2.9496701e-07
vn -0.72645438 -0.68721479 -5.0923273e-07
vn -0.72645473 -0.68721426 -5.9610682e-07
vn -0.52573192 -0.85065031 -5.8993396e-07
vn -0.88468373 -0.46619105 -0.0007771377
vn -0.9522205 -0.30541137 -8.0434957e-06
vn -0.95214939 -0.30562732 0.0018626929
vn -0.88484061 -0.46589267 -0.0010391454
vn 0.346946 -0.93788511 -7.3249105e-08
vn 0.5257324 -0.85065007 2.3397925e-07
vn 0.49164528 -0.87079555 -1.754305e-07
vn 0.29801717 -0.95456046 -1.002033e-07
vn -1.4667492e-07 -1 1.2822343e-14
vn 0.346946 -0.93788511 -7.3249105e-08
vn 0.29801717 -0.95456046 -1.002033e-07
vn -9.5932329e-08 -1 1.829764e-14
vn -1.4667492e-07 -1 1.2822343e-14
vn -0.34694579 -0.93788522 1.2142662e-08
vn -0.34694576 -0.93788522 0
vn -1.6623153e-07 -0.99999994 0
vn 0.88468289 -0.4661926 -0.00077636994
vn 0.95142013 -0.30789053 -0.0017898785
vn 0.94724399 -0.32050887 -0.001698272
vn 0.87158579 -0.49024281 -0.00037903033
vn 0.95142013 -0.30789053 -0.0017898785
vn 0.99147052 -0.13032876 -0.00082029158
vn 0.94724399 -0.32050887 -0.001698272
vn 0 -0.68721515 -0.7264539
vn 1.2381854e-07 -0.85020316 -0.52645481
vn 3.5623898e-07 -0.87020534 -0.49268916
vn 0 -0.73025841 -0.68317103
vn 0.00082787068 -0.1303249 -0.99147099
vn 0.0017892679 -0.30790251 -0.95141619
vn 0.001655634 -0.32052851 -0.94723743
vn 1.2381854e-07 -0.85020316 -0.52645481
vn 1.240869e-07 -0.93776244 -0.34727728
vn 1.3089891e-07 -0.95466083 -0.2976957
vn 3.5623898e-07 -0.87020534 -0.49268916
vn -1.2364839e-07 -0.93788499 0.3469463
vn 0 -0.99999994 0.0004958465
vn 0 -0.99999994 0.00049571937
vn 0 -0.93788505 0.34694615
vn -1.2340873e-07 -0.85065001 0.5257324
vn -1.2364839e-07 -0.93788499 0.3469463
vn 0 -0.93788505 0.34694615
vn 0 -0.85065001 0.52573228
vn 0.00075789785 -0.46621075 0.88467336
vn 0 -0.68721551 0.7264536
vn 0 -0.68721551 0.7264536
vn 0.0010388922 -0.46591529 0.88482869
vn 0.00082703755 -0.1303243 0.99147099
vn 0.0017884673 -0.30790269 0.95141619
vn 0.001731672 -0.30730167 0.95161057
vn 0.00070175139 -0.12184716 0.99254858
vn -0.71231675 0.0012960732 -0.70185697
vn -0.70872587 0.0014729585 -0.70548254
vn -0.70872837 0.0014752016 -0.70547998
vn -0.71193582 0.0016142948 -0.70224267
vn 0.0017892679 -0.30790251 -0.95141619
vn 0.00075828598 -0.46621117 -0.88467318
vn 0.00035157776 -0.49025372 -0.87157971
vn 0.001655634 -0.32052851 -0.94723743
vn 0.00075828598 -0.46621117 -0.88467318
vn 0 -0.68721515 -0.7264539
vn 0 -0.73025841 -0.68317103
vn 0.00035157776 -0.49025372 -0.87157971
vn 1.240869e-07 -0.93776244 -0.34727728
vn 0 -0.99999994 0.0004958465
vn 0 -0.99999994 0.00018682242
vn 1.3089891e-07 -0.95466083 -0.2976957
vn 0 -0.68721551 0.7264536
vn -1.2340873e-07 -0.85065001 0.5257324
vn 0 -0.85065001 0.52573228
vn 0 -0.68721551 0.7264536
vn 0.0017884673 -0.30790269 0.95141619
vn 0.00075789785 -0.46621075 0.88467336
vn 0.0010388922 -0.46591529 0.88482869
vn 0.001731672 -0.30730167 0.95161057
vn -0.71386528 0 -0.70028299
vn -0.71231675 0.0012960732 -0.70185697
vn -0.71193582 0.0016142948 -0.70224267
vn -0.71386528 0 -0.70028299
vn -0.72725427 -0.68636817 0
vn -0.88580668 -0.46405381 0.00078025245
vn -0.87306386 -0.48760551 0.00038401681
vn -0.68301332 -0.73040593 0
vn -0.88580668 -0.46405381 0.00078025245
vn -0.95142096 -0.30788782 0.0017901075
vn -0.94724548 -0.32050449 0.0017067785
vn -0.87306386 -0.48760551 0.00038401681
vn -0.34694657 -0.93788499 9.7303541e-08
vn -0.52467245 -0.85130417 6.082081e-08
vn -0.49109709 -0.87110496 1.7486505e-07
vn -0.29801744 -0.9545604 1.7119758e-07
vn 0.52573234 -0.85065001 4.3980896e-07
vn 0.72645324 -0.68721586 6.8479545e-07
vn 0.7264536 -0.68721557 6.0472746e-07
vn 0.52573264 -0.85064983 5.9846536e-07
vn 0.8846854 -0.46618792 0.00078093342
vn 0.95142144 -0.30788657 0.0017909255
vn 0.95161611 -0.30728456 0.0017070214
vn 0.88484251 -0.46588907 0.0010390923
vn 0.34694633 -0.93788499 -5.4711325e-08
vn 0.52573234 -0.85065001 4.3980896e-07
vn 0.52573264 -0.85064983 5.9846536e-07
vn 0.34694642 -0.93788493 0
vn -1.0658379e-06 -1 1.241768e-08
vn -0.34694657 -0.93788499 9.7303541e-08
vn -0.29801744 -0.9545604 1.7119758e-07
vn -5.4681442e-07 -1 2.4835334e-08
vn -0.95142096 -0.30788782 0.0017901075
vn -0.9914704 -0.13032958 0.00081854063
vn -0.94724548 -0.32050449 0.0017067785
vn -0.52467245 -0.85130417 6.082081e-08
vn -0.72725427 -0.68636817 0
vn -0.68301332 -0.73040593 0
vn -0.49109709 -0.87110496 1.7486505e-07
vn -1.0658379e-06 -1 1.241768e-08
vn 0.34694633 -0.93788499 -5.4711325e-08
vn 0.34694642 -0.93788493 0
vn -1.4276361e-06 -1 0
vn 0.72645324 -0.68721586 6.8479545e-07
vn 0.8846854 -0.46618792 0.00078093342
vn 0.88484251 -0.46588907 0.0010390923
vn 0.7264536 -0.68721557 6.0472746e-07
vn 0.95142144 -0.30788657 0.0017909255
vn 0.99147058 -0.13032857 0.00081840798
vn 0.99254727 -0.12185857 0.00067694817
vn 0.95161611 -0.30728456 0.0017070214
vn -2.8342268e-07 -0.46657214 0.88448316
vn 0 -0.68721545 0.7264536
vn 0 -0.730259 0.6831705
vn 0 -0.49030128 0.87155306
vn 0 -0.68721515 -0.72645384
vn 0 -0.85064995 -0.52573258
vn 0 -0.85064983 -0.5257327
vn 0 -0.68721515 -0.72645384
vn -3.2292215e-07 -0.307843 -0.95143718
vn -1.4171148e-07 -0.46657261 -0.88448292
vn -2.8342271e-07 -0.46657267 -0.88448286
vn -6.4441895e-07 -0.30784303 -0.95143718
vn 0 -0.93788511 -0.34694591
vn 0 -1 2.0045573e-07
vn 0 -1 5.5736467e-07
vn 0 -0.93788511 -0.34694585
vn 0 -0.68721545 0.7264536
vn -1.2247105e-07 -0.85065007 0.52573222
vn -3.5120266e-07 -0.87059844 0.49199432
vn 0 -0.730259 0.6831705
vn -1.6841416e-07 -0.12968689 0.99155498
vn -3.7342812e-07 -0.30784291 0.95143718
vn 0 -0.31993532 0.94743931
vn -1.2247105e-07 -0.85065007 0.52573222
vn -1.2270893e-07 -0.93788499 0.34694645
vn -1.3140328e-07 -0.95431554 0.29880065
vn -3.5120266e-07 -0.87059844 0.49199432
vn -3.7342812e-07 -0.30784291 0.95143718
vn -2.8342268e-07 -0.46657214 0.88448316
vn 0 -0.49030128 0.87155306
vn 0 -0.31993532 0.94743931
vn -1.2270893e-07 -0.93788499 0.34694645
vn 0 -1 2.0045573e-07
vn 0 -0.99999267 -0.0038289453
vn -1.3140328e-07 -0.95431554 0.29880065
vn -1.4171148e-07 -0.46657261 -0.88448292
vn 0 -0.68721515 -0.72645384
vn 0 -0.68721515 -0.72645384
vn -2.8342271e-07 -0.46657267 -0.88448286
vn -3.3682863e-07 -0.12968738 -0.99155498
vn -3.2292215e-07 -0.307843 -0.95143718
vn -6.4441895e-07 -0.30784303 -0.95143718
vn -3.6359421e-07 -0.12121722 -0.99262601
vn 0 -0.85064995 -0.52573258
vn 0 -0.93788511 -0.34694591
vn 0 -0.93788511 -0.34694585
vn 0 -0.85064983 -0.5257327
vn 0.88105434 -0.47301501 0
vn 0.88105434 -0.47301501 0
vn 0.88105434 -0.47301501 0
vn 0.88105434 -0.47301501 0
vn 0.88105261 0.47301826 4.2219506e-07
vn 0.88105261 0.47301826 4.2219506e-07
vn 0.88105261 0.47301826 4.2219506e-07
vn 0.88105261 0.47301826 4.2219506e-07
vn 0 -0.47301558 0.88105404
vn 0 -0.47301558 0.88105404
vn 0 -0.47301558 0.88105404
vn 0 -0.47301558 0.88105404
vn 0 0 1
vn 0 0 1
vn 0 0 1
vn 0 0 1
vn -1 0 0
vn -1 0 0
vn -1 0 0
vn -1 0 0
vn 1 -8.514948e-08 0
vn 1 -8.514948e-08 0
vn 1 -8.514948e-08 0
vn 1 -8.514948e-08 0
vn 3.4422479e-07 -1.2293742e-07 -1
vn 3.4422479e-07 -1.2293742e-07 -1
vn 3.4422479e-07 -1.2293742e-07 -1
vn 3.4422479e-07 -1.2293742e-07 -1
vn 2.8586035e-07 0.47302026 -0.88105154
vn 2.8586035e-07 0.47302026 -0.88105154
vn 2.8586035e-07 0.47302026 -0.88105154
vn 2.8586035e-07 0.47302026 -0.88105154
vn -0.88105434 -0.47301501 0
vn -0.88105434 -0.47301501 0
vn -0.88105434 -0.47301501 0
vn -0.88105434 -0.47301501 0
vn 0 0 -1
vn 0 0 -1
vn 0 0 -1
vn 0 0 -1
vn 1 0 0
vn 1 0 0
vn 1 0 0
vn 1 0 0
vn 0 0 1
vn 0 0 1
vn 0 0 1
vn 0 0 1
vn -1 0 0
vn -1 0 0
vn -1 0 0
vn -1 0 0
vn 0 0 -1
vn 0 0 -1
vn 0 0 -1
vn 0 0 -1
vn 1 0 0
vn 1 0 0
vn 1 0 0
vn 1 0 0
vn -1 0 0
vn -1 0 0
vn -1 0 0
vn -1 0 0
vn 0 0 1
vn 0 0 1
vn 0 0 1
vn 0 0 1
vn -0.88105202 0.47301951 -2.8146297e-07
vn -0.88105202 0.47301951 -2.8146297e-07
vn -0.88105202 0.47301951 -2.8146297e-07
vn -0.88105202 0.47301951 -2.8146297e-07
vn 0 -0.47301558 -0.88105404
vn 0 -0.47301558 -0.88105404
vn 0 -0.47301558 -0.88105404
vn 0 -0.47301558 -0.88105404
vn 6.5967818e-08 0.47302055 0.88105142
vn 6.5967818e-08 0.47302055 0.88105142
vn 6.5967818e-08 0.47302055 0.88105142
vn 6.5967818e-08 0.47302055 0.88105142
vn 0 1 0
vn 0 1 0
vn 0 1 0
vn 0 1 0
vn -4.3711367e-08 -1 7.549788e-08
vn -4.3711367e-08 -1 7.549788e-08
vn -4.3711367e-08 -1 7.549788e-08
vn -4.3711367e-08 -1 7.549788e-08
vn 0.88105136 -0.47302064 0
vn 0.88105136 -0.47302064 0
vn 0.88105136 -0.47302064 0
vn 0.88105136 -0.47302064 0
vn 0.8810519 0.47301963 -2.8146337e-07
vn 0.8810519 0.47301963 -2.8146337e-07
vn 0.8810519 0.47301963 -2.8146337e-07
vn 0.8810519 0.47301963 -2.8146337e-07
vn 0 -0.47302088 0.88105124
vn 0 -0.47302088 0.88105124
vn 0 -0.47302088 0.88105124
vn 0 -0.47302088 0.88105124
vn 0 0 0.99999994
vn 0 0 0.99999994
vn 0 0 0.99999994
vn 0 0 0.99999994
vn -1 0 0
vn -1 0 0
vn -1 0 0
vn -1 0 0
vn 1 0 0
vn 1 0 0
vn 1 0 0
vn 1 0 0
vn 0 0 -0.99999994
vn 0 0 -0.99999994
vn 0 0 -0.99999994
vn 0 0 -0.99999994
vn 4.3978545e-08 0.47302055 -0.88105142
vn 4.3978545e-08 0.47302055 -0.88105142
vn 4.3978545e-08 0.47302055 -0.88105142
vn 4.3978545e-08 0.47302055 -0.88105142
vn -0.88105136 -0.47302064 0
vn -0.88105136 -0.47302064 0
vn -0.88105136 -0.47302064 0
vn -0.88105136 -0.47302064 0
vn 0 0 -1
vn 0 0 -1
vn 0 0 -1
vn 0 0 -1
vn 1 0 0
vn 1 0 0
vn 1 0 0
vn 1 0 0
vn 0 0 1
vn 0 0 1
vn 0 0 1
vn 0 0 1
vn -1 0 0
vn -1 0 0
vn -1 0 0
vn -1 0 0
vn 0 0 -1
vn 0 0 -1
vn 0 0 -1
vn 0 0 -1
vn 1 0 0
vn 1 0 0
vn 1 0 0
vn 1 0 0
vn -1 0 0
vn -1 0 0
vn -1 0 0
vn -1 0 0
vn 0 0 1
vn 0 0 1
vn 0 0 1
vn 0 0 1
vn -0.8810522 0.47301921 -2.8146243e-07
vn -0.8810522 0.47301921 -2.8146243e-07
vn -0.8810522 0.47301921 -2.8146243e-07
vn -0.8810522 0.47301921 -2.8146243e-07
vn 0 -0.47302088 -0.88105124
vn 0 -0.47302088 -0.88105124
vn 0 -0.47302088 -0.88105124
vn 0 -0.47302088 -0.88105124
vn 4.3978545e-08 0.47302055 0.88105142
vn 4.3978545e-08 0.47302055 0.88105142
vn 4.3978545e-08 0.47302055 0.88105142
vn 4.3978545e-08 0.47302055 0.88105142
vn 0 1 0
vn 0 1 0
vn 0 1 0
vn 0 1 0
vn -4.3711321e-08 -1 7.5497923e-08
vn -4.3711321e-08 -1 7.5497923e-08
vn -4.3711321e-08 -1 7.5497923e-08
vn -4.3711321e-08 -1 7.5497923e-08
vn 0.8810553 -0.47301343 0
vn 0.8810553 -0.47301343 0
vn 0.8810553 -0.47301343 0
vn 0.8810553 -0.47301343 0
vn 0.8810553 0.47301328 -1.0554875e-07
vn 0.8810553 0.47301328 -1.0554875e-07
vn 0.8810553 0.47301328 -1.0554875e-07
vn 0.8810553 0.47301328 -1.0554875e-07
vn -3.5182876e-07 -0.47301638 0.88105357
vn -3.5182876e-07 -0.47301638 0.88105357
vn -3.5182876e-07 -0.47301638 0.88105357
vn -3.5182876e-07 -0.47301638 0.88105357
vn -3.4422447e-07 0 0.99999994
vn -3.4422447e-07 0 0.99999994
vn -3.4422447e-07 0 0.99999994
vn -3.4422447e-07 0 0.99999994
vn -1 0 -2.4587504e-07
vn -1 0 -2.4587504e-07
vn -1 0 -2.4587504e-07
vn -1 0 -2.4587504e-07
vn 1 0 0
vn 1 0 0
vn 1 0 0
vn 1 0 0
vn 0 -1.8440602e-07 -0.99999994
vn 0 -1.8440602e-07 -0.99999994
vn 0 -1.8440602e-07 -0.99999994
vn 0 -1.8440602e-07 -0.99999994
vn 2.198928e-08 0.4730193 -0.88105202
vn 2.198928e-08 0.4730193 -0.88105202
vn 2.198928e-08 0.4730193 -0.88105202
vn 2.198928e-08 0.4730193 -0.88105202
vn -0.88105369 -0.47301632 0
vn -0.88105369 -0.47301632 0
vn -0.88105369 -0.47301632 0
vn -0.88105369 -0.47301632 0
vn 0 0 -1
vn 0 0 -1
vn 0 0 -1
vn 0 0 -1
vn 1 0 0
vn 1 0 0
vn 1 0 0
vn 1 0 0
vn -2.9802337e-07 0 1
vn -2.9802337e-07 0 1
vn -2.9802337e-07 0 1
vn -2.9802337e-07 0 1
vn -1 0 0
vn -1 0 0
vn -1 0 0
vn -1 0 0
vn 0 0 -1
vn 0 0 -1
vn 0 0 -1
vn 0 0 -1
vn 1 0 0
vn 1 0 0
vn 1 0 0
vn 1 0 0
vn -1 0 0
vn -1 0 0
vn -1 0 0
vn -1 0 0
vn -2.9802342e-07 0 1
vn -2.9802342e-07 0 1
vn -2.9802342e-07 0 1
vn -2.9802342e-07 0 1
vn -0.88105375 0.47301608 -1.0554881e-07
vn -0.88105375 0.47301608 -1.0554881e-07
vn -0.88105375 0.47301608 -1.0554881e-07
vn -0.88105375 0.47301608 -1.0554881e-07
vn 0 -0.47301969 -0.88105184
vn 0 -0.47301969 -0.88105184
vn 0 -0.47301969 -0.88105184
vn 0 -0.47301969 -0.88105184
vn -2.4188208e-07 0.4730193 0.88105202
vn -2.4188208e-07 0.4730193 0.88105202
vn -2.4188208e-07 0.4730193 0.88105202
vn -2.4188208e-07 0.4730193 0.88105202
vn 0 1 0
vn 0 1 0
vn 0 1 0
vn 0 1 0
vn -4.3711371e-08 -1 7.5497894e-08
vn -4.3711371e-08 -1 7.5497894e-08
vn -4.3711371e-08 -1 7.5497894e-08
vn -4.3711371e-08 -1 7.5497894e-08
vn 1.7591465e-07 -0.4730176 -0.88105303
vn 1.7591465e-07 -0.4730176 -0.88105303
vn 1.7591465e-07 -0.4730176 -0.88105303
vn 1.7591465e-07 -0.4730176 -0.88105303
vn 2.1989301e-08 0.47301838 -0.88105255
vn 2.1989301e-08 0.47301838 -0.88105255
vn 2.1989301e-08 0.47301838 -0.88105255
vn 2.1989301e-08 0.47301838 -0.88105255
vn 0.88105184 -0.47301975 4.2219315e-07
vn 0.88105184 -0.47301975 4.2219315e-07
vn 0.88105184 -0.47301975 4.2219315e-07
vn 0.88105184 -0.47301975 4.2219315e-07
vn 1 0 9.8349983e-07
vn 1 0 9.8349983e-07
vn 1 0 9.8349983e-07
vn 1 0 9.8349983e-07
vn -1.7211251e-07 6.1468768e-08 1
vn -1.7211251e-07 6.1468768e-08 1
vn -1.7211251e-07 6.1468768e-08 1
vn -1.7211251e-07 6.1468768e-08 1
vn 3.4422507e-07 -2.4587507e-07 -1
vn 3.4422507e-07 -2.4587507e-07 -1
vn 3.4422507e-07 -2.4587507e-07 -1
vn 3.4422507e-07 -2.4587507e-07 -1
vn -1 0 0
vn -1 0 0
vn -1 0 0
vn -1 0 0
vn -0.88105196 0.47301936 4.2219372e-07
vn -0.88105196 0.47301936 4.2219372e-07
vn -0.88105196 0.47301936 4.2219372e-07
vn -0.88105196 0.47301936 4.2219372e-07
vn -3.5182862e-07 -0.4730176 0.88105303
vn -3.5182862e-07 -0.4730176 0.88105303
vn -3.5182862e-07 -0.4730176 0.88105303
vn -3.5182862e-07 -0.4730176 0.88105303
vn -1 0 0
vn -1 0 0
vn -1 0 0
vn -1 0 0
vn 0 0 -1
vn 0 0 -1
vn 0 0 -1
vn 0 0 -1
vn 1 0 0
vn 1 0 0
vn 1 0 0
vn 1 0 0
vn -2.9802302e-07 0 1
vn -2.9802302e-07 0 1
vn -2.9802302e-07 0 1
vn -2.9802302e-07 0 1
vn -1 0 5.9604633e-07
vn -1 0 5.9604633e-07
vn -1 0 5.9604633e-07
vn -1 0 5.9604633e-07
vn 0 0 -1
vn 0 0 -1
vn 0 0 -1
vn 0 0 -1
vn 0 0 1
vn 0 0 1
vn 0 0 1
vn 0 0 1
vn 1 0 -5.9604633e-07
vn 1 0 -5.9604633e-07
vn 1 0 -5.9604633e-07
vn 1 0 -5.9604633e-07
vn 0 0.47301838 0.88105255
vn 0 0.47301838 0.88105255
vn 0 0.47301838 0.88105255
vn 0 0.47301838 0.88105255
vn -0.88105184 -0.47301975 4.2219585e-07
vn -0.88105184 -0.47301975 4.2219585e-07
vn -0.88105184 -0.47301975 4.2219585e-07
vn -0.88105184 -0.47301975 4.2219585e-07
vn 0.88105196 0.47301936 2.8146317e-07
vn 0.88105196 0.47301936 2.8146317e-07
vn 0.88105196 0.47301936 2.8146317e-07
vn 0.88105196 0.47301936 2.8146317e-07
vn 0 1 -2.9802314e-07
vn 0 1 -2.9802314e-07
vn 0 1 -2.9802314e-07
vn 0 1 -2.9802314e-07
vn -1.6653337e-14 -1 1.192092e-07
vn -1.6653337e-14 -1 1.192092e-07
vn -1.6653337e-14 -1 1.192092e-07
vn -1.6653337e-14 -1 1.192092e-07
vn 0 -0.47301334 -0.88105524
vn 0 -0.47301334 -0.88105524
vn 0 -0.47301334 -0.88105524
vn 0 -0.47301334 -0.88105524
vn 0 0.47301298 -0.88105541
vn 0 0.47301298 -0.88105541
vn 0 0.47301298 -0.88105541
vn 0 0.47301298 -0.88105541
vn 0.88105476 -0.4730143 0
vn 0.88105476 -0.4730143 0
vn 0.88105476 -0.4730143 0
vn 0.88105476 -0.4730143 0
vn 1 0 0
vn 1 0 0
vn 1 0 0
vn 1 0 0
vn 0 1.8440618e-07 1
vn 0 1.8440618e-07 1
vn 0 1.8440618e-07 1
vn 0 1.8440618e-07 1
vn 0 0 -1
vn 0 0 -1
vn 0 0 -1
vn 0 0 -1
vn -1 0 0
vn -1 0 0
vn -1 0 0
vn -1 0 0
vn -0.88105369 0.47301638 7.0366063e-08
vn -0.88105369 0.47301638 7.0366063e-08
vn -0.88105369 0.47301638 7.0366063e-08
vn -0.88105369 0.47301638 7.0366063e-08
vn 0 -0.47301662 0.88105345
vn 0 -0.47301662 0.88105345
vn 0 -0.47301662 0.88105345
vn 0 -0.47301662 0.88105345
vn -1 0 0
vn -1 0 0
vn -1 0 0
vn -1 0 0
vn 0 0 -1
vn 0 0 -1
vn 0 0 -1
vn 0 0 -1
vn 1 0 0
vn 1 0 0
vn 1 0 0
vn 1 0 0
vn 0 0 1
vn 0 0 1
vn 0 0 1
vn 0 0 1
vn -1 0 -1.4901158e-07
vn -1 0 -1.4901158e-07
vn -1 0 -1.4901158e-07
vn -1 0 -1.4901158e-07
vn 0 0 -1
vn 0 0 -1
vn 0 0 -1
vn 0 0 -1
vn 0 0 1
vn 0 0 1
vn 0 0 1
vn 0 0 1
vn 1 0 -2.9802317e-07
vn 1 0 -2.9802317e-07
vn 1 0 -2.9802317e-07
vn 1 0 -2.9802317e-07
vn 0 0.47301632 0.88105363
vn 0 0.47301632 0.88105363
vn 0 0.47301632 0.88105363
vn 0 0.47301632 0.88105363
vn -0.88105297 -0.47301757 0
vn -0.88105297 -0.47301757 0
vn -0.88105297 -0.47301757 0
vn -0.88105297 -0.47301757 0
vn 0.88105553 0.47301298 -3.5182421e-08
vn 0.88105553 0.47301298 -3.5182421e-08
vn 0.88105553 0.47301298 -3.5182421e-08
vn 0.88105553 0.47301298 -3.5182421e-08
vn 0 1 0
vn 0 1 0
vn 0 1 0
vn 0 1 0
vn 0 -1 1.1920932e-07
vn 0 -1 1.1920932e-07
vn 0 -1 1.1920932e-07
vn 0 -1 1.1920932e-07
vn 1.759142e-07 -0.47301778 -0.88105285
vn 1.759142e-07 -0.47301778 -0.88105285
vn 1.759142e-07 -0.47301778 -0.88105285
vn 1.759142e-07 -0.47301778 -0.88105285
vn 0 0.47301951 -0.88105202
vn 0 0.47301951 -0.88105202
vn 0 0.47301951 -0.88105202
vn 0 0.47301951 -0.88105202
vn 0.88105416 -0.47301543 0
vn 0.88105416 -0.47301543 0
vn 0.88105416 -0.47301543 0
vn 0.88105416 -0.47301543 0
vn 1 0 -4.9174986e-07
vn 1 0 -4.9174986e-07
vn 1 0 -4.9174986e-07
vn 1 0 -4.9174986e-07
vn -1.7211234e-07 1.2293742e-07 1
vn -1.7211234e-07 1.2293742e-07 1
vn -1.7211234e-07 1.2293742e-07 1
vn -1.7211234e-07 1.2293742e-07 1
vn 3.4422479e-07 -2.4587484e-07 -1
vn 3.4422479e-07 -2.4587484e-07 -1
vn 3.4422479e-07 -2.4587484e-07 -1
vn 3.4422479e-07 -2.4587484e-07 -1
vn -1 0 9.834996e-07
vn -1 0 9.834996e-07
vn -1 0 9.834996e-07
vn -1 0 9.834996e-07
vn -0.88105279 0.47301781 -4.2219415e-07
vn -0.88105279 0.47301781 -4.2219415e-07
vn -0.88105279 0.47301781 -4.2219415e-07
vn -0.88105279 0.47301781 -4.2219415e-07
vn -3.5182865e-07 -0.47301531 0.88105422
vn -3.5182865e-07 -0.47301531 0.88105422
vn -3.5182865e-07 -0.47301531 0.88105422
vn -3.5182865e-07 -0.47301531 0.88105422
vn -1 0 -5.9604633e-07
vn -1 0 -5.9604633e-07
vn -1 0 -5.9604633e-07
vn -1 0 -5.9604633e-07
vn 0 0 -1
vn 0 0 -1
vn 0 0 -1
vn 0 0 -1
vn 1 0 0
vn 1 0 0
vn 1 0 0
vn 1 0 0
vn -2.9802317e-07 0 1
vn -2.9802317e-07 0 1
vn -2.9802317e-07 0 1
vn -2.9802317e-07 0 1
vn -1 0 -1.1920927e-06
vn -1 0 -1.1920927e-06
vn -1 0 -1.1920927e-06
vn -1 0 -1.1920927e-06
vn 0 0 -1
vn 0 0 -1
vn 0 0 -1
vn 0 0 -1
vn 0 0 1
vn 0 0 1
vn 0 0 1
vn 0 0 1
vn 1 0 0
vn 1 0 0
vn 1 0 0
vn 1 0 0
vn 0 0.47301811 0.88105273
vn 0 0.47301811 0.88105273
vn 0 0.47301811 0.88105273
vn 0 0.47301811 0.88105273
vn -0.88105327 -0.47301692 -7.0365599e-07
vn -0.88105327 -0.47301692 -7.0365599e-07
vn -0.88105327 -0.47301692 -7.0365599e-07
vn -0.88105327 -0.47301692 -7.0365599e-07
vn 0.88105375 0.47301617 2.8146306e-07
vn 0.88105375 0.47301617 2.8146306e-07
vn 0.88105375 0.47301617 2.8146306e-07
vn 0.88105375 0.47301617 2.8146306e-07
vn 0 1 0
vn 0 1 0
vn 0 1 0
vn 0 1 0
vn 0 -1 1.1920925e-07
vn 0 -1 1.1920925e-07
vn 0 -1 1.1920925e-07
vn 0 -1 1.1920925e-07
vn 0 -0.47301558 0.88105404
vn 0 -0.47301558 0.88105404
vn 0 -0.47301558 0.88105404
vn 0 -0.47301558 0.88105404
vn 0 0.4730162 0.88105375
vn 0 0.4730162 0.88105375
vn 0 0.4730162 0.88105375
vn 0 0.4730162 0.88105375
vn -0.88105309 -0.47301733 4.2219511e-07
vn -0.88105309 -0.47301733 4.2219511e-07
vn -0.88105309 -0.47301733 4.2219511e-07
vn -0.88105309 -0.47301733 4.2219511e-07
vn -1 0 0
vn -1 0 0
vn -1 0 0
vn -1 0 0
vn 0 0 -1
vn 0 0 -1
vn 0 0 -1
vn 0 0 -1
vn 0 1.8440613e-07 1
vn 0 1.8440613e-07 1
vn 0 1.8440613e-07 1
vn 0 1.8440613e-07 1
vn 1 0 4.9174963e-07
vn 1 0 4.9174963e-07
vn 1 0 4.9174963e-07
vn 1 0 4.9174963e-07
vn 0.88105279 0.47301787 -1.4073171e-07
vn 0.88105279 0.47301787 -1.4073171e-07
vn 0.88105279 0.47301787 -1.4073171e-07
vn 0.88105279 0.47301787 -1.4073171e-07
vn 0 -0.47301236 -0.88105589
vn 0 -0.47301236 -0.88105589
vn 0 -0.47301236 -0.88105589
vn 0 -0.47301236 -0.88105589
vn 1 0 5.9604702e-07
vn 1 0 5.9604702e-07
vn 1 0 5.9604702e-07
vn 1 0 5.9604702e-07
vn 0 0 1
vn 0 0 1
vn 0 0 1
vn 0 0 1
vn -1 0 0
vn -1 0 0
vn -1 0 0
vn -1 0 0
vn 0 0 -1
vn 0 0 -1
vn 0 0 -1
vn 0 0 -1
vn 1 0 5.9604673e-07
vn 1 0 5.9604673e-07
vn 1 0 5.9604673e-07
vn 1 0 5.9604673e-07
vn 0 0 1
vn 0 0 1
vn 0 0 1
vn 0 0 1
vn 0 0 -1
vn 0 0 -1
vn 0 0 -1
vn 0 0 -1
vn -1 0 0
vn -1 0 0
vn -1 0 0
vn -1 0 0
vn 0 0.47301292 -0.88105553
vn 0 0.47301292 -0.88105553
vn 0 0.47301292 -0.88105553
vn 0 0.47301292 -0.88105553
vn 0.8810522 -0.473019 4.2219739e-07
vn 0.8810522 -0.473019 4.2219739e-07
vn 0.8810522 -0.473019 4.2219739e-07
vn 0.8810522 -0.473019 4.2219739e-07
vn -0.88105369 0.47301623 -1.4073152e-07
vn -0.88105369 0.47301623 -1.4073152e-07
vn -0.88105369 0.47301623 -1.4073152e-07
vn -0.88105369 0.47301623 -1.4073152e-07
vn 0 1 -2.9802359e-07
vn 0 1 -2.9802359e-07
vn 0 1 -2.9802359e-07
vn 0 1 -2.9802359e-07
vn -8.8817876e-14 -1 3.1786584e-08
vn -8.8817876e-14 -1 3.1786584e-08
vn -8.8817876e-14 -1 3.1786584e-08
vn -8.8817876e-14 -1 3.1786584e-08
vn 0 -0.47302002 0.88105166
vn 0 -0.47302002 0.88105166
vn 0 -0.47302002 0.88105166
vn 0 -0.47302002 0.88105166
vn 0 0.4730204 0.88105148
vn 0 0.4730204 0.88105148
vn 0 0.4730204 0.88105148
vn 0 0.4730204 0.88105148
vn -0.8810522 -0.473019 7.0364216e-08
vn -0.8810522 -0.473019 7.0364216e-08
vn -0.8810522 -0.473019 7.0364216e-08
vn -0.8810522 -0.473019 7.0364216e-08
vn -1 8.5149502e-08 0
vn -1 8.5149502e-08 0
vn -1 8.5149502e-08 0
vn -1 8.5149502e-08 0
vn 0 2.4587513e-07 -0.99999994
vn 0 2.4587513e-07 -0.99999994
vn 0 2.4587513e-07 -0.99999994
vn 0 2.4587513e-07 -0.99999994
vn 0 -4.2574751e-08 1
vn 0 -4.2574751e-08 1
vn 0 -4.2574751e-08 1
vn 0 -4.2574751e-08 1
vn 1 0 -2.4587507e-07
vn 1 0 -2.4587507e-07
vn 1 0 -2.4587507e-07
vn 1 0 -2.4587507e-07
vn 0.8810519 0.47301963 -1.7591435e-07
vn 0.8810519 0.47301963 -1.7591435e-07
vn 0.8810519 0.47301963 -1.7591435e-07
vn 0.8810519 0.47301963 -1.7591435e-07
vn 0 -0.4730244 -0.88104928
vn 0 -0.4730244 -0.88104928
vn 0 -0.4730244 -0.88104928
vn 0 -0.4730244 -0.88104928
vn 1 9.5367432e-07 0
vn 1 9.5367432e-07 0
vn 1 9.5367432e-07 0
vn 1 9.5367432e-07 0
vn 0 2.3841866e-07 1
vn 0 2.3841866e-07 1
vn 0 2.3841866e-07 1
vn 0 2.3841866e-07 1
vn -1 -4.7683716e-07 0
vn -1 -4.7683716e-07 0
vn -1 -4.7683716e-07 0
vn -1 -4.7683716e-07 0
vn 0 -4.7683733e-07 -1
vn 0 -4.7683733e-07 -1
vn 0 -4.7683733e-07 -1
vn 0 -4.7683733e-07 -1
vn 1 0 0
vn 1 0 0
vn 1 0 0
vn 1 0 0
vn 0 0 1
vn 0 0 1
vn 0 0 1
vn 0 0 1
vn 0 0 -1
vn 0 0 -1
vn 0 0 -1
vn 0 0 -1
vn -1 0 -2.9802317e-07
vn -1 0 -2.9802317e-07
vn -1 0 -2.9802317e-07
vn -1 0 -2.9802317e-07
vn 0 0.47302055 -0.88105142
vn 0 0.47302055 -0.88105142
vn 0 0.47302055 -0.88105142
vn 0 0.47302055 -0.88105142
vn 0.88105136 -0.47302064 7.0367506e-08
vn 0.88105136 -0.47302064 7.0367506e-08
vn 0.88105136 -0.47302064 7.0367506e-08
vn 0.88105136 -0.47302064 7.0367506e-08
vn -0.88105291 0.47301784 0
vn -0.88105291 0.47301784 0
vn -0.88105291 0.47301784 0
vn -0.88105291 0.47301784 0
vn 0 1 -2.9802297e-07
vn 0 1 -2.9802297e-07
vn 0 1 -2.9802297e-07
vn 0 1 -2.9802297e-07
vn -8.8817795e-14 -1 3.1786477e-08
vn -8.8817795e-14 -1 3.1786477e-08
vn -8.8817795e-14 -1 3.1786477e-08
vn -8.8817795e-14 -1 3.1786477e-08
vn 0 -0.47301701 0.88105333
vn 0 -0.47301701 0.88105333
vn 0 -0.47301701 0.88105333
vn 0 -0.47301701 0.88105333
vn 0 0.47301599 0.88105375
vn 0 0.47301599 0.88105375
vn 0 0.47301599 0.88105375
vn 0 0.47301599 0.88105375
vn -0.88105327 -0.47301707 0
vn -0.88105327 -0.47301707 0
vn -0.88105327 -0.47301707 0
vn -0.88105327 -0.47301707 0
vn -1 8.514953e-08 0
vn -1 8.514953e-08 0
vn -1 8.514953e-08 0
vn -1 8.514953e-08 0
vn 0 -1.844063e-07 -1
vn 0 -1.844063e-07 -1
vn 0 -1.844063e-07 -1
vn 0 -1.844063e-07 -1
vn 0 8.0362788e-08 1
vn 0 8.0362788e-08 1
vn 0 8.0362788e-08 1
vn 0 8.0362788e-08 1
vn 0.99999994 0 0
vn 0.99999994 0 0
vn 0.99999994 0 0
vn 0.99999994 0 0
vn 0.8810519 0.4730196 -1.7591421e-07
vn 0.8810519 0.4730196 -1.7591421e-07
vn 0.8810519 0.4730196 -1.7591421e-07
vn 0.8810519 0.4730196 -1.7591421e-07
vn 0 -0.47302026 -0.88105154
vn 0 -0.47302026 -0.88105154
vn 0 -0.47302026 -0.88105154
vn 0 -0.47302026 -0.88105154
vn 1 9.5367443e-07 0
vn 1 9.5367443e-07 0
vn 1 9.5367443e-07 0
vn 1 9.5367443e-07 0
vn 0 -6.5565177e-07 1
vn 0 -6.5565177e-07 1
vn 0 -6.5565177e-07 1
vn 0 -6.5565177e-07 1
vn -0.99999994 -4.7683713e-07 0
vn -0.99999994 -4.7683713e-07 0
vn -0.99999994 -4.7683713e-07 0
vn -0.99999994 -4.7683713e-07 0
vn 0 1.0132786e-06 -1
vn 0 1.0132786e-06 -1
vn 0 1.0132786e-06 -1
vn 0 1.0132786e-06 -1
vn 1 0 0
vn 1 0 0
vn 1 0 0
vn 1 0 0
vn 0 0 1
vn 0 0 1
vn 0 0 1
vn 0 0 1
vn 0 0 -1
vn 0 0 -1
vn 0 0 -1
vn 0 0 -1
vn -1 0 0
vn -1 0 0
vn -1 0 0
vn -1 0 0
vn 0 0.47301951 -0.88105202
vn 0 0.47301951 -0.88105202
vn 0 0.47301951 -0.88105202
vn 0 0.47301951 -0.88105202
vn 0.88105237 -0.47301871 0
vn 0.88105237 -0.47301871 0
vn 0.88105237 -0.47301871 0
vn 0.88105237 -0.47301871 0
vn -0.88105291 0.47301781 0
vn -0.88105291 0.47301781 0
vn -0.88105291 0.47301781 0
vn -0.88105291 0.47301781 0
vn 0 1 0
vn 0 1 0
vn 0 1 0
vn 0 1 0
vn 0 -0.99999994 3.1786467e-08
vn 0 -0.99999994 3.1786467e-08
vn 0 -0.99999994 3.1786467e-08
vn 0 -0.99999994 3.1786467e-08
vn 0.88105142 -0.47302043 0
vn 0.88105142 -0.47302043 0
vn 0.88105142 -0.47302043 0
vn 0.88105142 -0.47302043 0
vn 0.88105196 0.47301954 -2.814626e-07
vn 0.88105196 0.47301954 -2.814626e-07
vn 0.88105196 0.47301954 -2.814626e-07
vn 0.88105196 0.47301954 -2.814626e-07
vn 0 -0.4730176 0.88105303
vn 0 -0.4730176 0.88105303
vn 0 -0.4730176 0.88105303
vn 0 -0.4730176 0.88105303
vn 0 1.2293754e-07 1
vn 0 1.2293754e-07 1
vn 0 1.2293754e-07 1
vn 0 1.2293754e-07 1
vn -1 0 0
vn -1 0 0
vn -1 0 0
vn -1 0 0
vn 1 0 0
vn 1 0 0
vn 1 0 0
vn 1 0 0
vn 0 0 -1
vn 0 0 -1
vn 0 0 -1
vn 0 0 -1
vn 4.3978751e-08 0.47301292 -0.88105553
vn 4.3978751e-08 0.47301292 -0.88105553
vn 4.3978751e-08 0.47301292 -0.88105553
vn 4.3978751e-08 0.47301292 -0.88105553
vn -0.88105142 -0.47302043 0
vn -0.88105142 -0.47302043 0
vn -0.88105142 -0.47302043 0
vn -0.88105142 -0.47302043 0
vn 0 0 -1
vn 0 0 -1
vn 0 0 -1
vn 0 0 -1
vn 1 0 0
vn 1 0 0
vn 1 0 0
vn 1 0 0
vn 0 0 1
vn 0 0 1
vn 0 0 1
vn 0 0 1
vn -1 0 0
vn -1 0 0
vn -1 0 0
vn -1 0 0
vn 0 0 -1
vn 0 0 -1
vn 0 0 -1
vn 0 0 -1
vn 1 0 0
vn 1 0 0
vn 1 0 0
vn 1 0 0
vn -1 0 0
vn -1 0 0
vn -1 0 0
vn -1 0 0
vn 0 0 1
vn 0 0 1
vn 0 0 1
vn 0 0 1
vn -0.8810519 0.47301972 -2.8146337e-07
vn -0.8810519 0.47301972 -2.8146337e-07
vn -0.8810519 0.47301972 -2.8146337e-07
vn -0.8810519 0.47301972 -2.8146337e-07
vn 0 -0.47301319 -0.8810553
vn 0 -0.47301319 -0.8810553
vn 0 -0.47301319 -0.8810553
vn 0 -0.47301319 -0.8810553
vn 4.3978662e-08 0.4730162 0.88105375
vn 4.3978662e-08 0.4730162 0.88105375
vn 4.3978662e-08 0.4730162 0.88105375
vn 4.3978662e-08 0.4730162 0.88105375
vn 0 1 0
vn 0 1 0
vn 0 1 0
vn 0 1 0
vn -4.3711289e-08 -1 7.5497979e-08
vn -4.3711289e-08 -1 7.5497979e-08
vn -4.3711289e-08 -1 7.5497979e-08
vn -4.3711289e-08 -1 7.5497979e-08
vn 0.88105482 -0.47301409 7.0365097e-08
vn 0.88105482 -0.47301409 7.0365097e-08
vn 0.88105482 -0.47301409 7.0365097e-08
vn 0.88105482 -0.47301409 7.0365097e-08
vn 0.88105553 0.47301292 -1.0554874e-07
vn 0.88105553 0.47301292 -1.0554874e-07
vn 0.88105553 0.47301292 -1.0554874e-07
vn 0.88105553 0.47301292 -1.0554874e-07
vn 3.5182853e-07 -0.47302079 0.8810513
vn 3.5182853e-07 -0.47302079 0.8810513
vn 3.5182853e-07 -0.47302079 0.8810513
vn 3.5182853e-07 -0.47302079 0.8810513
vn 3.4422453e-07 2.4587465e-07 0.99999994
vn 3.4422453e-07 2.4587465e-07 0.99999994
vn 3.4422453e-07 2.4587465e-07 0.99999994
vn 3.4422453e-07 2.4587465e-07 0.99999994
vn -0.99999994 0 0
vn -0.99999994 0 0
vn -0.99999994 0 0
vn -0.99999994 0 0
vn 0.99999994 0 0
vn 0.99999994 0 0
vn 0.99999994 0 0
vn 0.99999994 0 0
vn 0 0 -0.99999994
vn 0 0 -0.99999994
vn 0 0 -0.99999994
vn 0 0 -0.99999994
vn 4.3978641e-08 0.47301596 -0.88105386
vn 4.3978641e-08 0.47301596 -0.88105386
vn 4.3978641e-08 0.47301596 -0.88105386
vn 4.3978641e-08 0.47301596 -0.88105386
vn -0.88105375 -0.4730162 7.0366127e-08
vn -0.88105375 -0.4730162 7.0366127e-08
vn -0.88105375 -0.4730162 7.0366127e-08
vn -0.88105375 -0.4730162 7.0366127e-08
vn 0 0 -1
vn 0 0 -1
vn 0 0 -1
vn 0 0 -1
vn 1 0 0
vn 1 0 0
vn 1 0 0
vn 1 0 0
vn 0 0 1
vn 0 0 1
vn 0 0 1
vn 0 0 1
vn -1 0 0
vn -1 0 0
vn -1 0 0
vn -1 0 0
vn 0 0 -0.99999994
vn 0 0 -0.99999994
vn 0 0 -0.99999994
vn 0 0 -0.99999994
vn 1 0 0
vn 1 0 0
vn 1 0 0
vn 1 0 0
vn -1 0 0
vn -1 0 0
vn -1 0 0
vn -1 0 0
vn 5.9604679e-07 0 1
vn 5.9604679e-07 0 1
vn 5.9604679e-07 0 1
vn 5.9604679e-07 0 1
vn -0.88105369 0.47301632 -1.0554881e-07
vn -0.88105369 0.47301632 -1.0554881e-07
vn -0.88105369 0.47301632 -1.0554881e-07
vn -0.88105369 0.47301632 -1.0554881e-07
vn 0 -0.47301638 -0.88105357
vn 0 -0.47301638 -0.88105357
vn 0 -0.47301638 -0.88105357
vn 0 -0.47301638 -0.88105357
vn 3.2983846e-07 0.47301596 0.88105386
vn 3.2983846e-07 0.47301596 0.88105386
vn 3.2983846e-07 0.47301596 0.88105386
vn 3.2983846e-07 0.47301596 0.88105386
vn 0 1 -2.980232e-07
vn 0 1 -2.980232e-07
vn 0 1 -2.980232e-07
vn 0 1 -2.980232e-07
vn -4.3711378e-08 -1 7.5497894e-08
vn -4.3711378e-08 -1 7.5497894e-08
vn -4.3711378e-08 -1 7.5497894e-08
vn -4.3711378e-08 -1 7.5497894e-08
vn 0.88105375 -0.4730162 0
vn 0.88105375 -0.4730162 0
vn 0.88105375 -0.4730162 0
vn 0.88105375 -0.4730162 0
vn 0.88105273 0.47301796 -2.8146363e-07
vn 0.88105273 0.47301796 -2.8146363e-07
vn 0.88105273 0.47301796 -2.8146363e-07
vn 0.88105273 0.47301796 -2.8146363e-07
vn 0 -0.47301996 0.88105166
vn 0 -0.47301996 0.88105166
vn 0 -0.47301996 0.88105166
vn 0 -0.47301996 0.88105166
vn 0 0 1
vn 0 0 1
vn 0 0 1
vn 0 0 1
vn -1 0 0
vn -1 0 0
vn -1 0 0
vn -1 0 0
vn 1 -8.5149502e-08 -4.9175014e-07
vn 1 -8.5149502e-08 -4.9175014e-07
vn 1 -8.5149502e-08 -4.9175014e-07
vn 1 -8.5149502e-08 -4.9175014e-07
vn 0 -1.6072558e-07 -1
vn 0 -1.6072558e-07 -1
vn 0 -1.6072558e-07 -1
vn 0 -1.6072558e-07 -1
vn 4.3978428e-08 0.47302493 -0.88104904
vn 4.3978428e-08 0.47302493 -0.88104904
vn 4.3978428e-08 0.47302493 -0.88104904
vn 4.3978428e-08 0.47302493 -0.88104904
vn -0.88105291 -0.47301784 0
vn -0.88105291 -0.47301784 0
vn -0.88105291 -0.47301784 0
vn -0.88105291 -0.47301784 0
vn 0 0 -1
vn 0 0 -1
vn 0 0 -1
vn 0 0 -1
vn 1 0 0
vn 1 0 0
vn 1 0 0
vn 1 0 0
vn 0 0 1
vn 0 0 1
vn 0 0 1
vn 0 0 1
vn -1 4.7683716e-07 5.9604633e-07
vn -1 4.7683716e-07 5.9604633e-07
vn -1 4.7683716e-07 5.9604633e-07
vn -1 4.7683716e-07 5.9604633e-07
vn 0 0 -1
vn 0 0 -1
vn 0 0 -1
vn 0 0 -1
vn 1 0 0
vn 1 0 0
vn 1 0 0
vn 1 0 0
vn -1 0 0
vn -1 0 0
vn -1 0 0
vn -1 0 0
vn 0 0 1
vn 0 0 1
vn 0 0 1
vn 0 0 1
vn -0.8810519 0.47301963 -2.8146269e-07
vn -0.8810519 0.47301963 -2.8146269e-07
vn -0.8810519 0.47301963 -2.8146269e-07
vn -0.8810519 0.47301963 -2.8146269e-07
vn 0 -0.47301996 -0.88105166
vn 0 -0.47301996 -0.88105166
vn 0 -0.47301996 -0.88105166
vn 0 -0.47301996 -0.88105166
vn 0 0.47302055 0.88105142
vn 0 0.47302055 0.88105142
vn 0 0.47302055 0.88105142
vn 0 0.47302055 0.88105142
vn 0 1 0
vn 0 1 0
vn 0 1 0
vn 0 1 0
vn -4.3711232e-08 -1 7.5497745e-08
vn -4.3711232e-08 -1 7.5497745e-08
vn -4.3711232e-08 -1 7.5497745e-08
vn -4.3711232e-08 -1 7.5497745e-08
vn 0 -0.47302055 -0.88105142
vn 0 -0.47302055 -0.88105142
vn 0 -0.47302055 -0.88105142
vn 0 -0.47302055 -0.88105142
vn 0 0.4730202 -0.88105154
vn 0 0.4730202 -0.88105154
vn 0 0.4730202 -0.88105154
vn 0 0.4730202 -0.88105154
vn 0.88105482 -0.47301409 0
vn 0.88105482 -0.47301409 0
vn 0.88105482 -0.47301409 0
vn 0.88105482 -0.47301409 0
vn 1 0 2.4587504e-07
vn 1 0 2.4587504e-07
vn 1 0 2.4587504e-07
vn 1 0 2.4587504e-07
vn 0 0 1
vn 0 0 1
vn 0 0 1
vn 0 0 1
vn 0 0 -1
vn 0 0 -1
vn 0 0 -1
vn 0 0 -1
vn -1 0 -2.4587504e-07
vn -1 0 -2.4587504e-07
vn -1 0 -2.4587504e-07
vn -1 0 -2.4587504e-07
vn -0.88105375 0.47301599 -1.0554848e-07
vn -0.88105375 0.47301599 -1.0554848e-07
vn -0.88105375 0.47301599 -1.0554848e-07
vn -0.88105375 0.47301599 -1.0554848e-07
vn 0 -0.47302055 0.88105142
vn 0 -0.47302055 0.88105142
vn 0 -0.47302055 0.88105142
vn 0 -0.47302055 0.88105142
vn -1 -4.7683744e-07 2.9802334e-07
vn -1 -4.7683744e-07 2.9802334e-07
vn -1 -4.7683744e-07 2.9802334e-07
vn -1 -4.7683744e-07 2.9802334e-07
vn 0 0 -1
vn 0 0 -1
vn 0 0 -1
vn 0 0 -1
vn 1 0 0
vn 1 0 0
vn 1 0 0
vn 1 0 0
vn 0 0 1
vn 0 0 1
vn 0 0 1
vn 0 0 1
vn -1 0 0
vn -1 0 0
vn -1 0 0
vn -1 0 0
vn 0 0 -1
vn 0 0 -1
vn 0 0 -1
vn 0 0 -1
vn 0 0 1
vn 0 0 1
vn 0 0 1
vn 0 0 1
vn 1 0 -2.9802317e-07
vn 1 0 -2.9802317e-07
vn 1 0 -2.9802317e-07
vn 1 0 -2.9802317e-07
vn 4.3978503e-08 0.47302011 0.8810516
vn 4.3978503e-08 0.47302011 0.8810516
vn 4.3978503e-08 0.47302011 0.8810516
vn 4.3978503e-08 0.47302011 0.8810516
vn -0.88105309 -0.47301733 0
vn -0.88105309 -0.47301733 0
vn -0.88105309 -0.47301733 0
vn -0.88105309 -0.47301733 0
vn 0.88105541 0.47301304 -2.1109886e-07
vn 0.88105541 0.47301304 -2.1109886e-07
vn 0.88105541 0.47301304 -2.1109886e-07
vn 0.88105541 0.47301304 -2.1109886e-07
vn 0 1 0
vn 0 1 0
vn 0 1 0
vn 0 1 0
vn 0 -1 1.1920925e-07
vn 0 -1 1.1920925e-07
vn 0 -1 1.1920925e-07
vn 0 -1 1.1920925e-07
vn 0 -0.47301239 -0.88105577
vn 0 -0.47301239 -0.88105577
vn 0 -0.47301239 -0.88105577
vn 0 -0.47301239 -0.88105577
vn 0 0.47301275 -0.88105553
vn 0 0.47301275 -0.88105553
vn 0 0.47301275 -0.88105553
vn 0 0.47301275 -0.88105553
vn 0.88105291 -0.47301784 -3.5182896e-07
vn 0.88105291 -0.47301784 -3.5182896e-07
vn 0.88105291 -0.47301784 -3.5182896e-07
vn 0.88105291 -0.47301784 -3.5182896e-07
vn 1 0 0
vn 1 0 0
vn 1 0 0
vn 1 0 0
vn 0 1.4183148e-07 1
vn 0 1.4183148e-07 1
vn 0 1.4183148e-07 1
vn 0 1.4183148e-07 1
vn 0 0 -1
vn 0 0 -1
vn 0 0 -1
vn 0 0 -1
vn -1 0 -2.4587484e-07
vn -1 0 -2.4587484e-07
vn -1 0 -2.4587484e-07
vn -1 0 -2.4587484e-07
vn -0.88105237 0.47301871 -2.1109697e-07
vn -0.88105237 0.47301871 -2.1109697e-07
vn -0.88105237 0.47301871 -2.1109697e-07
vn -0.88105237 0.47301871 -2.1109697e-07
vn 0 -0.4730157 0.88105404
vn 0 -0.4730157 0.88105404
vn 0 -0.4730157 0.88105404
vn 0 -0.4730157 0.88105404
vn -1 0 0
vn -1 0 0
vn -1 0 0
vn -1 0 0
vn -5.9604668e-07 -8.9407001e-07 -1
vn -5.9604668e-07 -8.9407001e-07 -1
vn -5.9604668e-07 -8.9407001e-07 -1
vn -5.9604668e-07 -8.9407001e-07 -1
vn 1 -8.5265183e-13 -5.9604685e-07
vn 1 -8.5265183e-13 -5.9604685e-07
vn 1 -8.5265183e-13 -5.9604685e-07
vn 1 -8.5265183e-13 -5.9604685e-07
vn 2.9802317e-07 2.9802317e-07 1
vn 2.9802317e-07 2.9802317e-07 1
vn 2.9802317e-07 2.9802317e-07 1
vn 2.9802317e-07 2.9802317e-07 1
vn -1 -2.3841861e-07 -2.9802337e-07
vn -1 -2.3841861e-07 -2.9802337e-07
vn -1 -2.3841861e-07 -2.9802337e-07
vn -1 -2.3841861e-07 -2.9802337e-07
vn 0 1.192092e-07 -1
vn 0 1.192092e-07 -1
vn 0 1.192092e-07 -1
vn 0 1.192092e-07 -1
vn 0 0 1
vn 0 0 1
vn 0 0 1
vn 0 0 1
vn 1 4.7683722e-07 -1.4901168e-07
vn 1 4.7683722e-07 -1.4901168e-07
vn 1 4.7683722e-07 -1.4901168e-07
vn 1 4.7683722e-07 -1.4901168e-07
vn 0 0.47301596 0.88105386
vn 0 0.47301596 0.88105386
vn 0 0.47301596 0.88105386
vn 0 0.47301596 0.88105386
vn -0.88105333 -0.47301704 3.5182913e-07
vn -0.88105333 -0.47301704 3.5182913e-07
vn -0.88105333 -0.47301704 3.5182913e-07
vn -0.88105333 -0.47301704 3.5182913e-07
vn 0.88105279 0.47301787 -3.8701214e-07
vn 0.88105279 0.47301787 -3.8701214e-07
vn 0.88105279 0.47301787 -3.8701214e-07
vn 0.88105279 0.47301787 -3.8701214e-07
vn -7.1054328e-13 1 0
vn -7.1054328e-13 1 0
vn -7.1054328e-13 1 0
vn -7.1054328e-13 1 0
vn 0 -1 1.1920942e-07
vn 0 -1 1.1920942e-07
vn 0 -1 1.1920942e-07
vn 0 -1 1.1920942e-07
vn -3.5182893e-07 -0.4730157 -0.88105404
vn -3.5182893e-07 -0.4730157 -0.88105404
vn -3.5182893e-07 -0.4730157 -0.88105404
vn -3.5182893e-07 -0.4730157 -0.88105404
vn -2.858595e-07 0.47302049 -0.88105142
vn -2.858595e-07 0.47302049 -0.88105142
vn -2.858595e-07 0.47302049 -0.88105142
vn -2.858595e-07 0.47302049 -0.88105142
vn 0.88105273 -0.47301814 -3.518289e-07
vn 0.88105273 -0.47301814 -3.518289e-07
vn 0.88105273 -0.47301814 -3.518289e-07
vn 0.88105273 -0.47301814 -3.518289e-07
vn 1 0 0
vn 1 0 0
vn 1 0 0
vn 1 0 0
vn 3.4422513e-07 -4.2574701e-08 0.99999994
vn 3.4422513e-07 -4.2574701e-08 0.99999994
vn 3.4422513e-07 -4.2574701e-08 0.99999994
vn 3.4422513e-07 -4.2574701e-08 0.99999994
vn 0 -1.2293745e-07 -1
vn 0 -1.2293745e-07 -1
vn 0 -1.2293745e-07 -1
vn 0 -1.2293745e-07 -1
vn -0.99999994 1.1724229e-13 7.376247e-07
vn -0.99999994 1.1724229e-13 7.376247e-07
vn -0.99999994 1.1724229e-13 7.376247e-07
vn -0.99999994 1.1724229e-13 7.376247e-07
vn -0.88105237 0.47301865 1.4073137e-07
vn -0.88105237 0.47301865 1.4073137e-07
vn -0.88105237 0.47301865 1.4073137e-07
vn -0.88105237 0.47301865 1.4073137e-07
vn 3.5182791e-07 -0.47301996 0.88105166
vn 3.5182791e-07 -0.47301996 0.88105166
vn 3.5182791e-07 -0.47301996 0.88105166
vn 3.5182791e-07 -0.47301996 0.88105166
vn -1 2.8421704e-13 2.9802317e-07
vn -1 2.8421704e-13 2.9802317e-07
vn -1 2.8421704e-13 2.9802317e-07
vn -1 2.8421704e-13 2.9802317e-07
vn -5.9604668e-07 0 -1
vn -5.9604668e-07 0 -1
vn -5.9604668e-07 0 -1
vn -5.9604668e-07 0 -1
vn 1 0 -5.9604633e-07
vn 1 0 -5.9604633e-07
vn 1 0 -5.9604633e-07
vn 1 0 -5.9604633e-07
vn 2.9802325e-07 1.192093e-06 1
vn 2.9802325e-07 1.192093e-06 1
vn 2.9802325e-07 1.192093e-06 1
vn 2.9802325e-07 1.192093e-06 1
vn -1 -2.3841875e-07 -2.9802337e-07
vn -1 -2.3841875e-07 -2.9802337e-07
vn -1 -2.3841875e-07 -2.9802337e-07
vn -1 -2.3841875e-07 -2.9802337e-07
vn -5.960465e-07 -4.7683795e-07 -1
vn -5.960465e-07 -4.7683795e-07 -1
vn -5.960465e-07 -4.7683795e-07 -1
vn -5.960465e-07 -4.7683795e-07 -1
vn 0 0 1
vn 0 0 1
vn 0 0 1
vn 0 0 1
vn 1 4.7683716e-07 -1.4901158e-07
vn 1 4.7683716e-07 -1.4901158e-07
vn 1 4.7683716e-07 -1.4901158e-07
vn 1 4.7683716e-07 -1.4901158e-07
vn 2.8586055e-07 0.47302055 0.88105142
vn 2.8586055e-07 0.47302055 0.88105142
vn 2.8586055e-07 0.47302055 0.88105142
vn 2.8586055e-07 0.47302055 0.88105142
vn -0.88105333 -0.47301704 1.7591456e-07
vn -0.88105333 -0.47301704 1.7591456e-07
vn -0.88105333 -0.47301704 1.7591456e-07
vn -0.88105333 -0.47301704 1.7591456e-07
vn 0.88105291 0.47301766 -3.8701151e-07
vn 0.88105291 0.47301766 -3.8701151e-07
vn 0.88105291 0.47301766 -3.8701151e-07
vn 0.88105291 0.47301766 -3.8701151e-07
vn 0 1 0
vn 0 1 0
vn 0 1 0
vn 0 1 0
vn 0 -1 1.1920929e-07
vn 0 -1 1.1920929e-07
vn 0 -1 1.1920929e-07
vn 0 -1 1.1920929e-07
vn -3.5182765e-07 -0.47302523 -0.88104892
vn -3.5182765e-07 -0.47302523 -0.88104892
vn -3.5182765e-07 -0.47302523 -0.88104892
vn -3.5182765e-07 -0.47302523 -0.88104892
vn -2.8586035e-07 0.47302026 -0.88105154
vn -2.8586035e-07 0.47302026 -0.88105154
vn -2.8586035e-07 0.47302026 -0.88105154
vn -2.8586035e-07 0.47302026 -0.88105154
vn 0.88105136 -0.47302064 0
vn 0.88105136 -0.47302064 0
vn 0.88105136 -0.47302064 0
vn 0.88105136 -0.47302064 0
vn 0.99999994 0 0
vn 0.99999994 0 0
vn 0.99999994 0 0
vn 0.99999994 0 0
vn 6.8845014e-07 2.4587507e-07 1
vn 6.8845014e-07 2.4587507e-07 1
vn 6.8845014e-07 2.4587507e-07 1
vn 6.8845014e-07 2.4587507e-07 1
vn -3.4422544e-07 0 -1
vn -3.4422544e-07 0 -1
vn -3.4422544e-07 0 -1
vn -3.4422544e-07 0 -1
vn -0.99999994 0 -4.917498e-07
vn -0.99999994 0 -4.917498e-07
vn -0.99999994 0 -4.917498e-07
vn -0.99999994 0 -4.917498e-07
vn -0.8810519 0.4730196 4.2219369e-07
vn -0.8810519 0.4730196 4.2219369e-07
vn -0.8810519 0.4730196 4.2219369e-07
vn -0.8810519 0.4730196 4.2219369e-07
vn 1.7591429e-07 -0.47302088 0.88105124
vn 1.7591429e-07 -0.47302088 0.88105124
vn 1.7591429e-07 -0.47302088 0.88105124
vn 1.7591429e-07 -0.47302088 0.88105124
vn -1 0 0
vn -1 0 0
vn -1 0 0
vn -1 0 0
vn -5.9604605e-07 0 -1
vn -5.9604605e-07 0 -1
vn -5.9604605e-07 0 -1
vn -5.9604605e-07 0 -1
vn 1 0 0
vn 1 0 0
vn 1 0 0
vn 1 0 0
vn 0 0 1
vn 0 0 1
vn 0 0 1
vn 0 0 1
vn -0.99999994 0 5.960465e-07
vn -0.99999994 0 5.960465e-07
vn -0.99999994 0 5.960465e-07
vn -0.99999994 0 5.960465e-07
vn -2.980232e-07 -1.1920927e-06 -1
vn -2.980232e-07 -1.1920927e-06 -1
vn -2.980232e-07 -1.1920927e-06 -1
vn -2.980232e-07 -1.1920927e-06 -1
vn 2.9802317e-07 1.1920927e-06 1
vn 2.9802317e-07 1.1920927e-06 1
vn 2.9802317e-07 1.1920927e-06 1
vn 2.9802317e-07 1.1920927e-06 1
vn 0.99999994 0 -5.960465e-07
vn 0.99999994 0 -5.960465e-07
vn 0.99999994 0 -5.960465e-07
vn 0.99999994 0 -5.960465e-07
vn 5.7172093e-07 0.4730162 0.88105375
vn 5.7172093e-07 0.4730162 0.88105375
vn 5.7172093e-07 0.4730162 0.88105375
vn 5.7172093e-07 0.4730162 0.88105375
vn -0.88105202 -0.47301951 0
vn -0.88105202 -0.47301951 0
vn -0.88105202 -0.47301951 0
vn -0.88105202 -0.47301951 0
vn 0.88105202 0.47301951 1.4073198e-07
vn 0.88105202 0.47301951 1.4073198e-07
vn 0.88105202 0.47301951 1.4073198e-07
vn 0.88105202 0.47301951 1.4073198e-07
vn -1.7763559e-13 1 0
vn -1.7763559e-13 1 0
vn -1.7763559e-13 1 0
vn -1.7763559e-13 1 0
vn -2.2204466e-14 -1 1.1920937e-07
vn -2.2204466e-14 -1 1.1920937e-07
vn -2.2204466e-14 -1 1.1920937e-07
vn -2.2204466e-14 -1 1.1920937e-07
vn 0 -4.8315673e-07 -1
vn 0 8.5787427e-08 -1
vn 0 1.8588931e-07 -1
vn 3.3691742e-07 -4.8277565e-07 -0.99999994
vn 3.2716102e-07 -9.6706242e-07 -0.99999994
vn 3.1770239e-07 1.5183251e-07 -1
vn 5.7839799e-07 3.2524972e-07 -1
vn 2.2752648e-07 1.1131282e-06 -1
vn 2.4034222e-07 6.0324703e-07 -1
vn -1 -1.0196595e-07 0
vn -0.99999994 0 0
vn -1 -3.642684e-07 -1.9026741e-07
vn -1 -1.0179877e-07 -9.6617832e-11
vn -0.99999994 0 0
vn -0.99999994 -5.929283e-07 0
vn -1 0 0
vn -1 0 0
vn -0.99999994 0 -2.5723026e-10
vn 0 4.3129839e-07 1
vn 0 1.4159077e-08 1
vn 0 2.3058153e-07 1
vn 0 -1.7577023e-06 1
vn 0 -4.6615114e-07 1
vn 0 1.2158708e-06 1
vn -1.8144091e-07 2.5756075e-08 1
vn -2.8374501e-07 4.6654273e-07 0.99999994
vn -1.634867e-07 1.1590465e-06 1
vn 1 1.6515958e-07 3.4015358e-07
vn 0.99999994 9.3247354e-07 4.5799541e-07
vn 1 -3.8617591e-07 2.8661174e-07
vn 0.99999994 0 6.8727034e-12
vn 1 0 3.0901299e-11
vn 1 0 3.4898718e-12
vn 1 0 0
vn 1 0 0
vn 0.99999994 0 0
vn 0 0 -1
vn 0 0 -1
vn 0 2.56206e-06 -0.99999994
vn 0 0 -1
vn 0 1.8588931e-07 -1
vn 0 2.56206e-06 -0.99999994
vn 0 1.8588931e-07 -1
vn 0 -7.9474039e-06 -1
vn 0 -3.8271472e-07 -1
vn 0 -3.8271472e-07 -1
vn 0 5.0196729e-07 -1
vn 0 -8.4923002e-09 -1
vn 0 5.0196729e-07 -1
vn 0 0 -1
vn 0 6.6493925e-07 -1
vn 0 -8.4923002e-09 -1
vn 0 5.0196729e-07 -1
vn 0 6.6493925e-07 -1
vn 0 6.6493925e-07 -1
vn 0 -1.0458429e-07 -1
vn 0 -8.4923002e-09 -1
vn 0 -1.0458429e-07 -1
vn 0 0 -1
vn 0 -8.4923002e-09 -1
vn 0 -8.4923002e-09 -1
vn 0 -4.8315673e-07 -1
vn 0 -3.8271472e-07 -1
vn 0 -4.8315673e-07 -1
vn 0 -7.9473884e-06 -1
vn 0 8.5787427e-08 -1
vn 0 8.5787427e-08 -1
vn 0 2.56206e-06 -0.99999994
vn 0 1.8588931e-07 -1
vn 0 -4.8315673e-07 -1
vn 0 1.8588931e-07 -1
vn 0 -3.8271472e-07 -1
vn 0 -7.9473884e-06 -1
vn 5.6748985e-07 -8.4729879e-07 -1
vn 3.3691742e-07 -4.8277565e-07 -0.99999994
vn 5.6748985e-07 -8.4729879e-07 -1
vn 5.1241324e-07 -3.2356033e-06 -1
vn 3.2716102e-07 -9.6706242e-07 -0.99999994
vn 3.3691742e-07 -4.8277565e-07 -0.99999994
vn 5.6748985e-07 -8.4729879e-07 -1
vn 3.2716102e-07 -9.6706242e-07 -0.99999994
vn 5.1241324e-07 -3.2356033e-06 -1
vn 0 0 -1
vn 0 -1.0921831e-05 -1
vn 0 -1.0921831e-05 -1
vn 3.2716102e-07 -9.6706242e-07 -0.99999994
vn 5.1241324e-07 -3.2356033e-06 -1
vn 3.2716102e-07 -9.6706242e-07 -0.99999994
vn 0 0 -1
vn 3.1770239e-07 1.5183251e-07 -1
vn 3.1770239e-07 1.5183251e-07 -1
vn 3.0472444e-07 -1.142042e-06 -1
vn 3.3691742e-07 -4.8277565e-07 -0.99999994
vn 3.0472444e-07 -1.142042e-06 -1
vn 0 0 -1
vn 2.6484201e-07 -1.5551577e-06 -1
vn 2.6484201e-07 -1.5551577e-06 -1
vn 2.5116225e-07 -1.040729e-07 -1
vn 2.8112501e-07 -1.7920387e-07 -1
vn 2.5116225e-07 -1.040729e-07 -1
vn 0 0 -1
vn 2.8112501e-07 -1.7920387e-07 -1
vn 2.8112501e-07 -1.7920387e-07 -1
vn 3.3691742e-07 -4.8277565e-07 -0.99999994
vn 3.0472444e-07 -1.142042e-06 -1
vn 2.6484201e-07 -1.5551577e-06 -1
vn 2.8112501e-07 -1.7920387e-07 -1
vn 3.0472444e-07 -1.142042e-06 -1
vn 0 0 -1
vn 0 5.4608877e-06 -0.99999994
vn 0 -2.2252916e-06 -1
vn 0 5.4608877e-06 -0.99999994
vn 2.4034222e-07 6.0324703e-07 -1
vn 0 -2.2252916e-06 -1
vn 2.4034222e-07 6.0324703e-07 -1
vn 0 3.9736942e-06 -1
vn 2.9176636e-07 1.9135688e-07 -1
vn 2.9176636e-07 1.9135688e-07 -1
vn 2.9010906e-07 -3.9440269e-07 -1
vn 2.9555318e-07 2.9188126e-07 -1
vn 2.9010906e-07 -3.9440269e-07 -1
vn 0 0 -1
vn 2.6468282e-07 -4.5936758e-07 -1
vn 2.9555318e-07 2.9188126e-07 -1
vn 2.9010906e-07 -3.9440269e-07 -1
vn 2.6468282e-07 -4.5936758e-07 -1
vn 2.6468282e-07 -4.5936758e-07 -1
vn 2.510024e-07 5.7521351e-07 -1
vn 2.9555318e-07 2.9188126e-07 -1
vn 2.510024e-07 5.7521351e-07 -1
vn 0 0 -1
vn 2.9555318e-07 2.9188126e-07 -1
vn 2.9555318e-07 2.9188126e-07 -1
vn 5.7839799e-07 3.2524972e-07 -1
vn 2.9176636e-07 1.9135688e-07 -1
vn 5.7839799e-07 3.2524972e-07 -1
vn 4.671173e-06 0 -0.99999994
vn 2.2752648e-07 1.1131282e-06 -1
vn 2.2752648e-07 1.1131282e-06 -1
vn 0 -2.2252916e-06 -1
vn 2.4034222e-07 6.0324703e-07 -1
vn 5.7839799e-07 3.2524972e-07 -1
vn 2.4034222e-07 6.0324703e-07 -1
vn 2.9176636e-07 1.9135688e-07 -1
vn -1 0 -9.5294828e-10
vn -1 0 -7.9619096e-11
vn -1 0 -7.9869319e-11
vn -1 0 -7.9619096e-11
vn -1 -3.642684e-07 -1.9026741e-07
vn -1 0 -7.9869319e-11
vn -1 -3.642684e-07 -1.9026741e-07
vn -0.99999994 1.5894634e-06 -3.9736624e-06
vn -1 -2.776398e-08 -4.4877038e-07
vn -1 -2.776398e-08 -4.4877038e-07
vn -1 3.7943131e-08 -8.9457876e-07
vn -1 -3.0569659e-08 6.019107e-07
vn -1 3.7943131e-08 -8.9457876e-07
vn -1 0 -2.3842165e-05
vn -1 1.6704204e-08 -2.7004974e-06
vn -1 -3.0569659e-08 6.019107e-07
vn -1 3.7943131e-08 -8.9457876e-07
vn -1 1.6704204e-08 -2.7004974e-06
vn -1 1.6704204e-08 -2.7004974e-06
vn -1 -2.0916751e-08 2.5066975e-06
vn -1 -3.0569659e-08 6.019107e-07
vn -1 -2.0916751e-08 2.5066975e-06
vn -1 0 2.3842378e-05
vn -1 -3.0569659e-08 6.019107e-07
vn -1 -3.0569659e-08 6.019107e-07
vn -1 -1.0196595e-07 0
vn -1 -2.776398e-08 -4.4877038e-07
vn -1 -1.0196595e-07 0
vn -1 0 0
vn -0.99999994 0 0
vn -0.99999994 0 0
vn -1 0 -7.9869319e-11
vn -1 -3.642684e-07 -1.9026741e-07
vn -1 -1.0196595e-07 0
vn -1 -3.642684e-07 -1.9026741e-07
vn -1 -2.776398e-08 -4.4877038e-07
vn -1 0 -2.5465876e-09
vn -0.99999994 0 -2.1343663e-10
vn -1 0 -2.1343581e-10
vn -0.99999994 0 -2.1343663e-10
vn -0.99999994 -5.929283e-07 0
vn -1 0 -2.1343581e-10
vn -0.99999994 -5.929283e-07 0
vn -0.99999994 -3.1789325e-06 0
vn -1 -8.9283503e-07 -3.6277893e-07
vn -1 -8.9283503e-07 -3.6277893e-07
vn -0.99999994 -3.0173405e-07 -3.7938162e-07
vn -1 -9.0302585e-08 -8.0179115e-07
vn -0.99999994 -3.0173405e-07 -3.7938162e-07
vn -1 0 0
vn -1 3.3408504e-08 -2.2056952e-07
vn -1 -9.0302585e-08 -8.0179115e-07
vn -0.99999994 -3.0173405e-07 -3.7938162e-07
vn -1 3.3408504e-08 -2.2056952e-07
vn -1 3.3408504e-08 -2.2056952e-07
vn -1 -4.1833662e-08 -2.7158674e-06
vn -1 -9.0302585e-08 -8.0179115e-07
vn -1 -4.1833662e-08 -2.7158674e-06
vn -1 0 -2.3842236e-05
vn -1 -9.0302585e-08 -8.0179115e-07
vn -1 -9.0302585e-08 -8.0179115e-07
vn -1 -1.0179877e-07 -9.6617832e-11
vn -1 -8.9283503e-07 -3.6277893e-07
vn -1 -1.0179877e-07 -9.6617832e-11
vn -0.99999994 0 0
vn -0.99999994 0 0
vn -0.99999994 0 0
vn -1 0 -2.1343581e-10
vn -0.99999994 -5.929283e-07 0
vn -1 -1.0179877e-07 -9.6617832e-11
vn -0.99999994 -5.929283e-07 0
vn -1 -8.9283503e-07 -3.6277893e-07
vn -1 0 -1.4420622e-10
vn -0.99999994 0 0
vn -0.99999994 0 -2.5723026e-10
vn -0.99999994 0 0
vn -0.99999994 0 0
vn -1 0 0
vn -0.99999994 0 -2.5723026e-10
vn -0.99999994 0 0
vn -1 0 0
vn -1 0 0
vn -1 0 -3.1651049e-07
vn -1 0 0
vn -1 0 -3.1651049e-07
vn -1 0 -1.1921083e-05
vn -1 8.8318686e-08 -1.2800258e-06
vn -1 8.8318686e-08 -1.2800258e-06
vn -1 6.9025572e-07 -2.0916838e-07
vn -1 3.9929193e-07 -1.2099119e-07
vn -1 6.9025572e-07 -2.0916838e-07
vn -1 0 0
vn -1 3.9929193e-07 -1.2099119e-07
vn -1 3.9929193e-07 -1.2099119e-07
vn -1 0 0
vn -1 0 -3.1651049e-07
vn -1 8.8318686e-08 -1.2800258e-06
vn -1 3.9929193e-07 -1.2099119e-07
vn -1 0 -3.1651049e-07
vn -1 0 0
vn -1 0 0
vn -0.99999994 0 -2.5723026e-10
vn -0.99999994 0 -2.5723026e-10
vn -0.99999994 0 -2.3383586e-09
vn -1 0 -1.4420622e-10
vn -0.99999994 0 -2.3383586e-09
vn -1 0 0
vn -1 0 -1.4420622e-10
vn 0 7.9472939e-06 1
vn 0 -8.5787704e-08 0.99999994
vn 0 4.3129839e-07 1
vn 0 -8.5787704e-08 0.99999994
vn 0 -2.2252889e-06 0.99999994
vn 0 1.4159077e-08 1
vn 0 4.3129839e-07 1
vn 0 -8.5787704e-08 0.99999994
vn 0 1.4159077e-08 1
vn 0 -2.2252889e-06 0.99999994
vn 0 0 1
vn 0 5.4609159e-06 1
vn 0 5.4609159e-06 1
vn 0 1.4159077e-08 1
vn 0 -2.2252889e-06 0.99999994
vn 0 1.4159077e-08 1
vn 0 7.9474039e-06 1
vn 0 2.3058153e-07 1
vn 0 2.3058153e-07 1
vn 0 0 1
vn 0 4.3129839e-07 1
vn 0 0 1
vn 0 0 1
vn 0 -9.3660226e-08 1
vn 0 -9.3660226e-08 1
vn 0 -7.285106e-07 1
vn 0 -4.2124208e-07 1
vn 0 -7.285106e-07 1
vn 0 0 1
vn 0 -4.2124208e-07 1
vn 0 -4.2124208e-07 1
vn 0 4.3129839e-07 1
vn 0 0 1
vn 0 -9.3660226e-08 1
vn 0 -4.2124208e-07 1
vn 0 0 1
vn 0 0 1
vn 0 5.4608868e-06 0.99999994
vn 0 -2.2252918e-06 1
vn 0 5.4608868e-06 0.99999994
vn 0 1.2158708e-06 1
vn 0 -2.2252918e-06 1
vn 0 1.2158708e-06 1
vn 0 7.9474121e-06 1
vn 0 1.9846432e-06 1
vn 0 1.9846432e-06 1
vn 0 1.3025967e-06 1
vn 1.806591e-07 -9.4258348e-07 0.99999994
vn 0 1.3025967e-06 1
vn 0 0 1
vn -1.6057935e-08 4.4437004e-07 1
vn 1.806591e-07 -9.4258348e-07 0.99999994
vn 0 1.3025967e-06 1
vn -1.6057935e-08 4.4437004e-07 1
vn -1.6057935e-08 4.4437004e-07 1
vn 8.7718314e-07 -3.1375322e-07 1
vn 1.806591e-07 -9.4258348e-07 0.99999994
vn 8.7718314e-07 -3.1375322e-07 1
vn 9.5369596e-06 0 1
vn 1.806591e-07 -9.4258348e-07 0.99999994
vn 1.806591e-07 -9.4258348e-07 0.99999994
vn 0 -1.7577023e-06 1
vn 0 1.9846432e-06 1
vn 0 -1.7577023e-06 1
vn 0 0 0.99999994
vn 0 -4.6615114e-07 1
vn 0 -4.6615114e-07 1
vn 0 -2.2252918e-06 1
vn 0 1.2158708e-06 1
vn 0 -1.7577023e-06 1
vn 0 1.2158708e-06 1
vn 0 1.9846432e-06 1
vn 0 0 1
vn 0 5.4509305e-06 1
vn -2.562069e-07 2.8981212e-06 1
vn 0 5.4509305e-06 1
vn -1.634867e-07 1.1590465e-06 1
vn -2.562069e-07 2.8981212e-06 1
vn -1.634867e-07 1.1590465e-06 1
vn 0 3.9737101e-06 1
vn -1.4588313e-07 3.4331015e-07 1
vn -1.4588313e-07 3.4331015e-07 1
vn -1.4505461e-07 3.5854768e-08 0.99999994
vn -1.4777659e-07 4.8770579e-07 0.99999994
vn -1.4505461e-07 3.5854768e-08 0.99999994
vn 0 0 1
vn -1.323415e-07 1.5550469e-07 0.99999994
vn -1.4777659e-07 4.8770579e-07 0.99999994
vn -1.4505461e-07 3.5854768e-08 0.99999994
vn -1.323415e-07 1.5550469e-07 0.99999994
vn -1.323415e-07 1.5550469e-07 0.99999994
vn -1.2550116e-07 8.3667527e-07 1
vn -1.4777659e-07 4.8770579e-07 0.99999994
vn -1.2550116e-07 8.3667527e-07 1
vn 0 0 1
vn -1.4777659e-07 4.8770579e-07 0.99999994
vn -1.4777659e-07 4.8770579e-07 0.99999994
vn -1.8144091e-07 2.5756075e-08 1
vn -1.4588313e-07 3.4331015e-07 1
vn -1.8144091e-07 2.5756075e-08 1
vn 0 0 1
vn -2.8374501e-07 4.6654273e-07 0.99999994
vn -2.8374501e-07 4.6654273e-07 0.99999994
vn -2.562069e-07 2.8981212e-06 1
vn -1.634867e-07 1.1590465e-06 1
vn -1.8144091e-07 2.5756075e-08 1
vn -1.634867e-07 1.1590465e-06 1
vn -1.4588313e-07 3.4331015e-07 1
vn 1 -3.0744802e-06 6.4058906e-07
vn 1 -8.5670088e-08 5.117879e-07
vn 1 -3.8617591e-07 2.8661174e-07
vn 1 -8.5670088e-08 5.117879e-07
vn 1 0 0
vn 1 1.6515958e-07 3.4015358e-07
vn 1 -3.8617591e-07 2.8661174e-07
vn 1 -8.5670088e-08 5.117879e-07
vn 1 1.6515958e-07 3.4015358e-07
vn 1 1.6515958e-07 3.4015358e-07
vn 1 1.9551702e-07 1.0688873e-06
vn 0.99999994 9.3247354e-07 4.5799541e-07
vn 1 1.9551702e-07 1.0688873e-06
vn 1 0 2.3842023e-05
vn 1 6.6816362e-08 2.9478185e-06
vn 1 6.6816362e-08 2.9478185e-06
vn 1 -8.3667828e-08 2.9250248e-06
vn 1 6.1838017e-07 1.1408659e-06
vn 1 -8.3667828e-08 2.9250248e-06
vn 1 0 2.3842023e-05
vn 1 6.1838017e-07 1.1408659e-06
vn 1 6.1838017e-07 1.1408659e-06
vn 0.99999994 9.3247354e-07 4.5799541e-07
vn 1 1.9551702e-07 1.0688873e-06
vn 1 6.6816362e-08 2.9478185e-06
vn 1 6.1838017e-07 1.1408659e-06
vn 1 1.9551702e-07 1.0688873e-06
vn 0.99999994 9.3247354e-07 4.5799541e-07
vn 1 0 0
vn 1 -3.8617591e-07 2.8661174e-07
vn 1 -3.8617591e-07 2.8661174e-07
vn 1 0 1.1717697e-09
vn 1 -3.0744802e-06 6.4058906e-07
vn 1 0 1.1717697e-09
vn 1 0 0
vn 1 -3.0744802e-06 6.4058906e-07
vn 1 0 4.6512952e-10
vn 1 0 3.886165e-11
vn 1 0 3.8983747e-11
vn 1 0 3.886165e-11
vn 1 0 3.4898718e-12
vn 1 0 3.8983747e-11
vn 1 0 3.4898718e-12
vn 1 0 0
vn 1 0 0
vn 1 0 0
vn 1 0 -6.3314394e-07
vn 1 0 6.3313445e-07
vn 1 0 -6.3314394e-07
vn 1 0 -2.3842165e-05
vn 1 0 -2.5066911e-06
vn 1 0 6.3313445e-07
vn 1 0 -6.3314394e-07
vn 1 0 -2.5066911e-06
vn 1 0 -2.5066911e-06
vn 1 0 2.5066759e-06
vn 1 0 6.3313445e-07
vn 1 0 2.5066759e-06
vn 1 0 2.3842023e-05
vn 1 0 6.3313445e-07
vn 1 0 6.3313445e-07
vn 0.99999994 0 6.8727034e-12
vn 1 0 0
vn 0.99999994 0 6.8727034e-12
vn 1 0 0
vn 1 0 3.0901299e-11
vn 1 0 3.0901299e-11
vn 1 0 3.8983747e-11
vn 1 0 3.4898718e-12
vn 0.99999994 0 6.8727034e-12
vn 1 0 3.4898718e-12
vn 1 0 0
vn 1 0 2.546618e-09
vn 1 0 2.1343866e-10
vn 1 0 2.1343864e-10
vn 1 0 2.1343866e-10
vn 0.99999994 0 0
vn 1 0 2.1343864e-10
vn 0.99999994 0 0
vn 1 0 0
vn 0.99999994 0 7.7512823e-11
vn 0.99999994 0 7.7512823e-11
vn 1 0 -6.3310142e-07
vn 1 0 6.3316429e-07
vn 1 0 -6.3310142e-07
vn 1 0 -2.3842236e-05
vn 1 0 -2.5066879e-06
vn 1 0 6.3316429e-07
vn 1 0 -6.3310142e-07
vn 1 0 -2.5066879e-06
vn 1 0 -2.5066879e-06
vn 1 0 2.5066879e-06
vn 1 0 6.3316429e-07
vn 1 0 2.5066879e-06
vn 1 0 2.3842023e-05
vn 1 0 6.3316429e-07
vn 1 0 6.3316429e-07
vn 1 0 0
vn 0.99999994 0 7.7512823e-11
vn 1 0 0
vn 0.99999994 0 0
vn 1 0 0
vn 1 0 0
vn 1 0 2.1343864e-10
vn 0.99999994 0 0
vn 1 0 0
vn 0.99999994 0 0
vn 0.99999994 0 7.7512823e-11
usemtl brickwall1
f 5/2710/1 26/194/2 25/4389/3
f 5/2710/1 25/4389/3 8/3817/4
f 7/1270/5 18/4116/6 17/4575/7
f 7/1270/5 17/4575/7 6/3782/8
usemtl stonefloor
f 2/3650/9 1/2738/10 3/1875/11
f 2/3650/9 3/1875/11 4/1414/12
usemtl stonetrims
f 7/1223/13 35/1406/14 36/3274/15
f 7/1223/13 36/3274/15 8/2433/16
usemtl stonefloor
f 2/1186/17 5/3010/18 6/2412/19
f 2/1186/17 6/2412/19 1/4078/20
f 4/2129/21 23/2074/22 22/1908/23
f 4/2129/21 22/1908/23 2/47/24
f 3/1975/25 16/1031/26 20/4417/27
f 3/1975/25 20/4417/27 11/1484/28
usemtl brickwall1
f 10/2378/29 11/2335/30 12/3840/31
f 10/2378/29 12/3840/31 9/1833/32
usemtl stonefloor
f 3/2244/33 11/1899/34 10/1395/35
f 3/2244/33 10/1395/35 4/660/36
f 10/4660/37 28/764/38 23/2313/39
f 10/4660/37 23/2313/39 4/995/40
usemtl brickwall1
f 15/1932/41 19/3345/42 20/2061/43
f 15/1932/41 20/2061/43 16/741/44
f 16/2229/45 13/1771/46 14/2829/47
f 16/2229/45 14/2829/47 15/1377/48
f 13/2008/49 17/1006/50 18/1079/51
f 13/2008/49 18/1079/51 14/1678/52
usemtl stonefloor
f 6/3850/53 17/3633/54 13/2387/55
f 6/3850/53 13/2387/55 1/870/56
usemtl brickwall1
f 11/1794/57 20/4120/58 19/3968/59
f 11/1794/57 19/3968/59 12/2103/60
usemtl stonefloor
f 1/3333/61 13/3002/62 16/3685/63
f 1/3333/61 16/3685/63 3/1448/64
usemtl stonetrims
f 22/1098/65 30/1029/66 29/978/67
f 22/1098/65 29/978/67 21/1034/68
usemtl brickwall1
f 21/4628/69 25/4038/70 26/4558/71
f 21/4628/69 26/4558/71 22/838/72
f 23/1804/73 28/918/74 27/3902/75
f 23/1804/73 27/3902/75 24/291/76
f 9/3339/77 27/303/78 28/808/79
f 9/3339/77 28/808/79 10/311/80
usemtl stonefloor
f 2/2202/81 22/2166/82 26/2838/83
f 2/2202/81 26/2838/83 5/2034/84
usemtl stonetrims
f 24/2748/85 32/2675/86 31/546/87
f 24/2748/85 31/546/87 23/614/88
f 23/2925/89 31/2444/90 30/3556/91
f 23/2925/89 30/3556/91 22/4568/92
f 21/1871/93 29/3886/94 32/2644/95
f 21/1871/93 32/2644/95 24/839/96
f 5/950/97 33/4689/98 34/3466/99
f 5/950/97 34/3466/99 6/385/100
f 8/1456/101 36/3257/102 33/519/103
f 8/1456/101 33/519/103 5/3492/104
f 6/4563/105 34/81/106 35/2180/107
f 6/4563/105 35/2180/107 7/1956/108
f 39/323/109 49/1822/110 249/3777/111
f 39/323/109 249/3777/111 238/1158/112
usemtl brickwall1
f 93/3/113 95/867/114 230/3765/115
f 93/3/113 230/3765/115 234/4610/116
f 95/867/117 97/3920/118 225/1991/119
f 95/867/117 225/1991/119 230/3765/120
f 97/3920/121 99/3011/122 232/1340/123
f 97/3920/121 232/1340/123 225/1991/124
f 99/3011/125 101/3874/126 224/2481/127
f 99/3011/125 224/2481/127 232/1340/128
f 101/3874/129 228/1070/130 224/2481/131
f 90/4531/132 126/4602/133 255/382/134
f 90/4531/132 255/382/134 258/3248/135
f 96/3611/136 261/3069/137 269/2192/138
f 96/3611/136 269/2192/138 98/3692/139
f 98/3692/140 269/2192/141 268/1176/142
f 98/3692/140 268/1176/142 100/1426/143
f 100/1426/144 268/1176/145 270/2326/146
f 100/1426/144 270/2326/146 102/1719/147
f 102/1719/148 270/2326/149 103/3326/150
usemtl stonetrims
f 83/899/151 87/769/152 259/2472/153
f 83/899/151 259/2472/153 253/3998/154
f 58/1922/155 62/3992/156 231/2401/157
f 58/1922/155 231/2401/157 221/3218/158
usemtl brickwall1
f 127/2266/159 239/468/160 241/3020/161
f 127/2266/159 241/3020/161 129/466/162
f 129/466/163 241/3020/164 248/1427/165
f 129/466/163 248/1427/165 131/4564/166
f 131/4564/167 248/1427/168 240/215/169
f 131/4564/167 240/215/169 133/1253/170
f 133/1253/171 240/215/172 247/2566/173
f 133/1253/171 247/2566/173 135/1687/174
f 135/1687/175 247/2566/176 245/2489/177
f 92/3154/178 93/3/179 234/4610/180
f 92/3154/178 234/4610/180 221/3625/181
f 128/3804/182 130/2048/183 252/4006/184
f 128/3804/182 252/4006/184 257/1894/185
f 130/2048/186 132/4476/187 250/3239/188
f 130/2048/186 250/3239/188 252/4006/189
f 132/4476/190 134/540/191 251/4414/192
f 132/4476/190 251/4414/192 250/3239/193
f 134/540/194 136/4302/195 251/4414/196
f 126/4602/197 128/3804/198 257/1894/199
f 126/4602/197 257/1894/199 255/382/200
usemtl stonetrims
f 61/2665/201 52/3264/202 233/4268/203
f 61/2665/201 233/4268/203 223/1109/204
f 53/683/205 57/3147/206 226/236/207
f 53/683/205 226/236/207 229/1347/208
f 52/3264/209 56/2744/210 222/585/211
f 52/3264/209 222/585/211 233/4268/212
f 57/3147/213 61/2665/214 223/1109/215
f 57/3147/213 223/1109/215 226/236/216
usemtl brickwall1
f 94/2211/217 265/574/218 261/3069/219
f 94/2211/217 261/3069/219 96/3611/220
usemtl stonetrims
f 42/1027/221 38/3404/222 236/4003/223
f 42/1027/221 236/4003/223 243/1781/224
f 47/1091/225 43/4384/226 246/4395/227
f 47/1091/225 246/4395/227 237/1747/228
f 88/3560/229 83/899/230 253/3998/231
f 88/3560/229 253/3998/231 258/3087/232
f 46/4607/233 42/1027/234 243/1781/235
f 46/4607/233 243/1781/235 235/1335/236
f 38/3404/237 47/1091/238 237/1747/239
f 38/3404/237 237/1747/239 236/4003/240
f 43/4384/241 39/323/242 238/1158/243
f 43/4384/241 238/1158/243 246/4395/244
f 86/3183/245 78/3443/246 114/2085/247
f 86/3183/245 114/2085/247 256/922/248
f 79/3713/249 82/4459/250 260/2547/251
f 79/3713/249 260/2547/251 254/3728/252
f 62/3992/253 53/683/254 229/1347/255
f 62/3992/253 229/1347/255 231/2401/256
f 82/4459/257 86/3183/258 256/922/259
f 82/4459/257 256/922/259 260/2547/260
f 87/769/261 79/3713/262 254/3728/263
f 87/769/261 254/3728/263 259/2472/264
usemtl brickwall1
f 89/3923/265 249/499/266 239/468/267
f 89/3923/265 239/468/267 127/2266/268
usemtl stonetrims
f 65/4688/269 74/4578/270 266/2666/271
f 65/4688/269 266/2666/271 115/1254/272
f 70/420/273 66/4132/274 264/444/275
f 70/420/273 264/444/275 271/2067/276
f 75/3654/277 71/1745/278 262/2194/279
f 75/3654/277 262/2194/279 267/602/280
usemtl brickwall1
f 91/4233/281 263/2099/282 265/574/283
f 91/4233/281 265/574/283 94/2211/284
usemtl stonetrims
f 74/4578/285 70/420/286 271/2067/287
f 74/4578/285 271/2067/287 266/2666/288
f 66/4132/289 75/3654/290 267/602/291
f 66/4132/289 267/602/291 264/444/292
f 71/1745/293 68/864/294 263/216/295
f 71/1745/293 263/216/295 262/2194/296
f 108/2410/297 106/2143/298 174/4561/299
f 108/2410/297 174/4561/299 172/1318/300
f 89/1542/301 127/2939/302 188/2448/303
f 89/1542/301 188/2448/303 144/3514/304
f 107/85/305 109/1420/306 173/667/307
f 107/85/305 173/667/307 175/1911/308
f 93/2345/309 92/3600/310 143/596/311
f 93/2345/309 143/596/311 154/351/312
f 91/1278/313 94/591/314 155/2237/315
f 91/1278/313 155/2237/315 145/4678/316
f 95/2509/317 93/2345/318 154/351/319
f 95/2509/317 154/351/319 152/3135/320
f 110/3801/321 108/2410/322 172/1318/323
f 110/3801/321 172/1318/323 170/3806/324
f 128/4259/325 126/4145/326 187/1442/327
f 128/4259/325 187/1442/327 185/1233/328
f 94/591/329 96/3080/330 153/2617/331
f 94/591/329 153/2617/331 155/2237/332
f 109/1420/333 111/415/334 171/2049/335
f 109/1420/333 171/2049/335 173/667/336
f 127/2939/337 129/3747/338 186/4436/339
f 127/2939/337 186/4436/339 188/2448/340
f 97/2729/341 95/2509/342 152/3135/343
f 97/2729/341 152/3135/343 150/537/344
f 112/2528/345 110/3801/346 170/3806/347
f 112/2528/345 170/3806/347 167/2190/348
f 130/2316/349 128/4259/350 185/1233/351
f 130/2316/349 185/1233/351 183/1886/352
f 96/3080/353 98/2927/354 151/2473/355
f 96/3080/353 151/2473/355 153/2617/356
f 111/415/357 113/28/358 168/1528/359
f 111/415/357 168/1528/359 171/2049/360
f 129/3747/361 131/1067/362 184/2869/363
f 129/3747/361 184/2869/363 186/4436/364
f 99/4252/365 97/2729/366 150/537/367
f 99/4252/365 150/537/367 148/193/368
f 115/2743/369 112/2528/370 167/2190/371
f 115/2743/369 167/2190/371 140/1470/372
f 132/1056/373 130/2316/374 183/1886/375
f 132/1056/373 183/1886/375 181/1462/376
f 98/2927/377 100/123/378 149/1209/379
f 98/2927/377 149/1209/379 151/2473/380
f 131/1067/381 133/3475/382 182/3544/383
f 131/1067/381 182/3544/383 184/2869/384
f 113/28/385 114/1574/386 169/3158/387
f 113/28/385 169/3158/387 168/1528/388
f 147/4707/389 137/812/390 138/4690/391
f 147/4707/389 138/4690/391 146/502/392
f 149/1209/393 147/4707/394 146/502/395
f 149/1209/393 146/502/395 148/193/396
f 151/2473/397 149/1209/398 148/193/399
f 151/2473/397 148/193/399 150/537/400
f 153/2617/401 151/2473/402 150/537/403
f 153/2617/401 150/537/403 152/3135/404
f 155/2237/405 153/2617/406 152/3135/407
f 155/2237/405 152/3135/407 154/351/408
f 139/3674/409 157/3848/410 158/1973/411
f 139/3674/409 158/1973/411 156/879/412
f 157/3848/413 159/662/414 160/2560/415
f 157/3848/413 160/2560/415 158/1973/416
f 159/662/417 161/2787/418 162/4655/419
f 159/662/417 162/4655/419 160/2560/420
f 161/2787/421 163/1106/422 164/1399/423
f 161/2787/421 164/1399/423 162/4655/424
f 163/1106/425 165/1055/426 166/30/427
f 163/1106/425 166/30/427 164/1399/428
f 168/1528/429 169/3158/430 140/1470/431
f 168/1528/429 140/1470/431 167/2190/432
f 171/2049/433 168/1528/434 167/2190/435
f 171/2049/433 167/2190/435 170/3806/436
f 173/667/437 171/2049/438 170/3806/439
f 173/667/437 170/3806/439 172/1318/440
f 175/1911/441 173/667/442 172/1318/443
f 175/1911/441 172/1318/443 174/4561/444
f 177/2233/445 175/1911/446 174/4561/447
f 177/2233/445 174/4561/447 176/3562/448
f 165/1055/449 144/3048/450 143/3671/451
f 165/1055/449 143/3671/451 166/30/452
f 142/372/453 177/2233/454 176/3562/455
f 142/372/453 176/3562/455 145/4083/456
f 179/770/457 180/4287/458 141/2537/459
f 179/770/457 141/2537/459 178/2290/460
f 182/3544/461 179/770/462 178/2290/463
f 182/3544/461 178/2290/463 181/1462/464
f 184/2869/465 182/3544/466 181/1462/467
f 184/2869/465 181/1462/467 183/1886/468
f 186/4436/469 184/2869/470 183/1886/471
f 186/4436/469 183/1886/471 185/1233/472
f 188/2448/473 186/4436/474 185/1233/475
f 188/2448/473 185/1233/475 187/1442/476
f 145/4678/477 155/2237/478 154/351/479
f 145/4678/477 154/351/479 143/596/480
f 144/3514/481 188/2448/482 187/1442/483
f 144/3514/481 187/1442/483 142/4398/484
f 126/4145/485 90/2279/486 142/4398/487
f 126/4145/485 142/4398/487 187/1442/488
f 125/2974/489 222/3023/490 156/879/491
f 125/2974/489 156/879/491 158/1973/492
f 105/3659/493 107/85/494 175/1911/495
f 105/3659/493 175/1911/495 177/2233/496
f 124/3484/497 122/2427/498 159/662/499
f 124/3484/497 159/662/499 157/3848/500
f 106/2143/501 104/4635/502 176/3562/503
f 106/2143/501 176/3562/503 174/4561/504
f 116/116/505 89/3403/506 144/3048/507
f 116/116/505 144/3048/507 165/1055/508
f 123/327/509 125/2974/510 158/1973/511
f 123/327/509 158/1973/511 160/2560/512
f 92/3161/513 117/2903/514 166/30/515
f 92/3161/513 166/30/515 143/3671/516
f 122/2427/517 120/2024/518 161/2787/519
f 122/2427/517 161/2787/519 159/662/520
f 90/505/521 105/3659/522 177/2233/523
f 90/505/521 177/2233/523 142/372/524
f 104/4635/525 91/4190/526 145/4083/527
f 104/4635/525 145/4083/527 176/3562/528
f 121/99/529 123/327/530 160/2560/531
f 121/99/529 160/2560/531 162/4655/532
f 120/2024/533 118/1099/534 163/1106/535
f 120/2024/533 163/1106/535 161/2787/536
f 135/4108/537 245/3591/538 180/4287/539
f 135/4108/537 180/4287/539 179/770/540
f 102/86/541 103/1925/542 137/812/543
f 102/86/541 137/812/543 147/4707/544
f 119/2344/545 121/99/546 162/4655/547
f 119/2344/545 162/4655/547 164/1399/548
f 136/522/549 134/3076/550 178/2290/551
f 136/522/549 178/2290/551 141/2537/552
f 118/1099/553 116/116/554 165/1055/555
f 118/1099/553 165/1055/555 163/1106/556
f 133/3475/557 135/4108/558 179/770/559
f 133/3475/557 179/770/559 182/3544/560
f 117/2903/561 119/2344/562 164/1399/563
f 117/2903/561 164/1399/563 166/30/564
f 100/123/565 102/86/566 147/4707/567
f 100/123/565 147/4707/567 149/1209/568
f 134/3076/569 132/1056/570 181/1462/571
f 134/3076/569 181/1462/571 178/2290/572
f 101/1786/573 99/4252/574 148/193/575
f 101/1786/573 148/193/575 146/502/576
f 144/1699/577 142/3082/578 192/2533/579
f 144/1699/577 192/2533/579 190/2998/580
f 145/2618/581 143/1628/582 189/177/583
f 145/2618/581 189/177/583 194/17/584
f 142/1775/585 145/176/586 194/230/587
f 142/1775/585 194/230/587 192/4650/588
f 191/1286/589 195/3725/590 189/4283/591
f 190/3312/592 199/3911/593 197/4576/594
f 190/3312/592 197/4576/594 191/1286/595
f 192/976/596 196/558/597 193/1391/598
f 194/1495/599 195/3725/600 196/558/601
f 193/1391/602 196/558/603 198/4623/604
f 193/1391/602 198/4623/604 197/4576/605
f 194/17/606 189/177/607 195/4330/608
f 189/1244/609 190/4546/610 191/4641/611
f 190/2998/612 192/2533/613 193/623/614
f 190/2998/612 193/623/614 199/3296/615
f 192/4650/616 194/230/617 196/2092/618
f 191/1286/619 198/4623/620 195/3725/621
usemtl brickwall1
f 197/3202/622 199/3566/623 193/1620/624
usemtl stonetrims
f 195/3725/625 198/4623/626 196/558/627
f 197/4576/628 198/4623/629 191/1286/630
f 50/1437/631 228/480/632 209/1303/633
f 50/1437/631 209/1303/633 202/289/634
f 115/2743/635 140/1470/636 216/3311/637
f 115/2743/635 216/3311/637 211/3928/638
f 103/3753/639 72/3716/640 205/49/641
f 103/3753/639 205/49/641 208/51/642
f 65/4688/643 115/1254/644 211/3550/645
f 65/4688/643 211/3550/645 204/3056/646
f 156/879/647 222/3023/648 227/1194/649
f 156/879/647 227/1194/649 218/2006/650
f 114/2085/651 78/3443/652 206/3479/653
f 114/2085/651 206/3479/653 210/4279/654
f 141/2537/655 180/4287/656 220/1901/657
f 141/2537/655 220/1901/657 217/2817/658
f 137/812/659 103/1925/660 208/1449/661
f 137/812/659 208/1449/661 213/4189/662
f 169/3158/663 114/1574/664 210/1653/665
f 169/3158/663 210/1653/665 219/1726/666
f 84/3480/667 136/2946/668 212/3800/669
f 84/3480/667 212/3800/669 207/3796/670
f 139/3674/671 156/879/672 218/2006/673
f 139/3674/671 218/2006/673 215/2844/674
f 180/4287/675 245/3591/676 242/247/677
f 180/4287/675 242/247/677 220/1901/678
f 245/4270/679 40/4052/680 200/862/681
f 245/4270/679 200/862/681 242/2362/682
f 140/1470/683 169/3158/684 219/1726/685
f 140/1470/683 219/1726/685 216/3311/686
f 222/585/687 56/2744/688 203/1634/689
f 222/585/687 203/1634/689 227/250/690
f 138/4690/691 137/812/692 213/4189/693
f 138/4690/691 213/4189/693 214/2932/694
f 46/4607/695 235/1335/696 244/1798/697
f 46/4607/695 244/1798/697 201/3043/698
f 136/522/699 141/2537/700 217/2817/701
f 136/522/699 217/2817/701 212/4429/702
f 143/527/703 144/3577/704 190/4546/705
f 143/527/703 190/4546/705 189/1244/706
f 234/1541/707 230/1994/708 54/3113/709
f 234/1541/707 54/3113/709 51/797/710
f 225/2407/711 232/1689/712 59/2984/713
f 225/2407/711 59/2984/713 55/4621/714
f 224/1516/715 228/480/716 50/1437/717
f 224/1516/715 50/1437/717 60/2235/718
f 228/1663/719 101/1786/720 146/502/721
f 228/1663/719 146/502/721 138/4690/722
usemtl brickwall1
f 229/1625/723 226/3004/724 121/201/725
f 229/1625/723 121/201/725 119/2343/726
f 226/3004/727 223/4217/728 123/1680/729
f 226/3004/727 123/1680/729 121/201/730
usemtl stonetrims
f 209/1504/731 228/1663/732 138/4690/733
f 209/1504/731 138/4690/733 214/2932/734
f 230/1994/735 225/2407/736 55/4621/737
f 230/1994/735 55/4621/737 54/3113/738
f 232/1689/739 224/1516/740 60/2235/741
f 232/1689/739 60/2235/741 59/2984/742
usemtl brickwall1
f 231/2408/743 229/1625/744 119/2343/745
f 231/2408/743 119/2343/745 117/1149/746
f 221/3625/747 231/2408/748 117/1149/749
f 221/3625/747 117/1149/749 92/3154/750
usemtl stonetrims
f 221/3218/751 234/1541/752 51/797/753
f 221/3218/751 51/797/753 58/1922/754
usemtl brickwall1
f 223/4217/755 233/2749/756 125/1384/757
f 223/4217/755 125/1384/757 123/1680/758
f 233/2749/759 222/3663/760 125/1384/761
f 237/4625/762 246/2383/763 118/1145/764
f 237/4625/762 118/1145/764 120/2849/765
f 235/3827/766 243/2919/767 124/1566/768
f 246/2383/769 238/3787/770 116/3177/771
f 246/2383/769 116/3177/771 118/1145/772
usemtl stonetrims
f 239/730/773 249/3777/774 49/1822/775
f 239/730/773 49/1822/775 41/4137/776
f 241/3715/777 239/730/778 41/4137/779
f 241/3715/777 41/4137/779 44/3493/780
f 240/7/781 248/1810/782 45/3119/783
f 240/7/781 45/3119/783 48/510/784
f 245/4270/785 247/4682/786 37/438/787
f 245/4270/785 37/438/787 40/4052/788
f 235/4651/789 124/3484/790 157/3848/791
f 235/4651/789 157/3848/791 139/3674/792
usemtl brickwall1
f 243/2919/793 236/343/794 122/3035/795
f 243/2919/793 122/3035/795 124/1566/796
f 236/343/797 237/4625/798 120/2849/799
f 236/343/797 120/2849/799 122/3035/800
f 238/3787/801 249/499/802 89/3923/803
f 238/3787/801 89/3923/803 116/3177/804
usemtl stonetrims
f 248/1810/805 241/3715/806 44/3493/807
f 248/1810/805 44/3493/807 45/3119/808
f 247/4682/809 240/7/810 48/510/811
f 247/4682/809 48/510/811 37/438/812
f 244/969/813 235/4651/814 139/3674/815
f 244/969/813 139/3674/815 215/2844/816
usemtl brickwall1
f 254/4646/817 260/698/818 111/2492/819
f 254/4646/817 111/2492/819 109/3074/820
f 260/698/821 256/1823/822 113/575/823
f 260/698/821 113/575/823 111/2492/824
f 253/1212/825 259/4062/826 107/4082/827
f 253/1212/825 107/4082/827 105/3391/828
usemtl stonetrims
f 257/113/829 252/2258/830 77/947/831
f 257/113/829 77/947/831 76/1880/832
f 250/804/833 251/2853/834 81/4155/835
f 250/804/833 81/4155/835 80/2021/836
f 255/2386/837 257/113/838 76/1880/839
f 255/2386/837 76/1880/839 85/3579/840
usemtl brickwall1
f 258/3248/841 253/1212/842 105/3391/843
f 258/3248/841 105/3391/843 90/4531/844
f 256/1823/845 114/2107/846 113/575/847
f 259/4062/848 254/4646/849 109/3074/850
f 259/4062/848 109/3074/850 107/4082/851
usemtl stonetrims
f 258/3087/852 255/2386/853 85/3579/854
f 258/3087/852 85/3579/854 88/3560/855
f 252/2258/856 250/804/857 80/2021/858
f 252/2258/856 80/2021/858 77/947/859
f 251/2853/860 136/2946/861 84/3480/862
f 251/2853/860 84/3480/862 81/4155/863
usemtl brickwall1
f 271/4481/864 264/2548/865 108/1667/866
f 271/4481/864 108/1667/866 110/4089/867
usemtl stonetrims
f 269/4571/868 261/3542/869 63/4076/870
f 269/4571/868 63/4076/870 64/128/871
f 270/3709/872 268/1814/873 67/2601/874
f 270/3709/872 67/2601/874 69/2673/875
f 265/2647/876 263/216/877 68/864/878
f 265/2647/876 68/864/878 73/2317/879
usemtl brickwall1
f 264/2548/880 267/4209/881 106/1763/882
f 264/2548/880 106/1763/882 108/1667/883
f 115/3649/884 266/3741/885 112/4142/886
f 267/4209/887 262/2757/888 104/4211/889
f 267/4209/887 104/4211/889 106/1763/890
f 266/3741/891 271/4481/892 110/4089/893
f 266/3741/891 110/4089/893 112/4142/894
f 262/2757/895 263/2099/896 91/4233/897
f 262/2757/895 91/4233/897 104/4211/898
usemtl stonetrims
f 268/1814/899 269/4571/900 64/128/901
f 268/1814/899 64/128/901 67/2601/902
f 103/3753/903 270/3709/904 69/2673/905
f 103/3753/903 69/2673/905 72/3716/906
f 261/3542/907 265/2647/908 73/2317/909
f 261/3542/907 73/2317/909 63/4076/910
f 274/2149/911 284/3668/912 484/897/913
f 274/2149/911 484/897/913 473/3024/914
usemtl brickwall1
f 328/1829/915 330/2708/916 465/889/917
f 328/1829/915 465/889/917 469/1700/918
f 330/2708/919 332/4182/920 460/3851/921
f 330/2708/919 460/3851/921 465/889/922
f 332/4182/923 334/121/924 467/1599/925
f 332/4182/923 467/1599/925 460/3851/926
f 334/121/927 336/979/928 459/4299/929
f 334/121/927 459/4299/929 467/1599/930
f 336/979/931 463/1361/932 459/4299/933
f 325/1611/934 361/1690/935 490/2231/936
f 325/1611/934 490/2231/936 493/379/937
f 331/3936/938 496/191/939 504/2486/940
f 331/3936/938 504/2486/940 333/822/941
f 333/822/942 504/2486/943 503/3037/944
f 333/822/942 503/3037/944 335/3285/945
f 335/3285/946 503/3037/947 505/2602/948
f 335/3285/946 505/2602/948 337/3583/949
f 337/3583/950 505/2602/951 338/440/952
usemtl stonetrims
f 318/2741/953 322/2612/954 494/4284/955
f 318/2741/953 494/4284/955 488/1100/956
f 293/3776/957 297/1092/958 466/4221/959
f 293/3776/957 466/4221/959 456/362/960
usemtl brickwall1
f 362/4113/961 474/2339/962 476/130/963
f 362/4113/961 476/130/963 364/2336/964
f 364/2336/965 476/130/966 483/3286/967
f 364/2336/965 483/3286/967 366/140/968
f 366/140/969 483/3286/970 475/2041/971
f 366/140/969 475/2041/971 368/3101/972
f 368/3101/973 475/2041/974 482/2874/975
f 368/3101/973 482/2874/975 370/3558/976
f 370/3558/977 482/2874/978 480/4314/979
f 327/3446/980 328/1829/981 469/1700/982
f 327/3446/980 469/1700/982 456/3945/983
f 363/4097/984 365/2355/985 487/1111/986
f 363/4097/984 487/1111/986 492/3752/987
f 365/2355/988 367/1556/989 485/373/990
f 365/2355/988 485/373/990 487/1111/991
f 367/1556/992 369/2420/993 486/4702/994
f 367/1556/992 486/4702/994 485/373/995
f 369/2420/996 371/1410/997 486/4702/998
f 361/1690/999 363/4097/1000 492/3752/1001
f 361/1690/999 492/3752/1001 490/2231/1002
usemtl stonetrims
f 296/2985/1003 287/391/1004 468/1386/1005
f 296/2985/1003 468/1386/1005 458/2978/1006
f 288/2536/1007 292/277/1008 461/2060/1009
f 288/2536/1007 461/2060/1009 464/3197/1010
f 287/391/1011 291/4582/1012 457/2466/1013
f 287/391/1011 457/2466/1013 468/1386/1014
f 292/277/1015 296/2985/1016 458/2978/1017
f 292/277/1015 458/2978/1017 461/2060/1018
usemtl brickwall1
f 329/4068/1019 500/2457/1020 496/191/1021
f 329/4068/1019 496/191/1021 331/3936/1022
usemtl stonetrims
f 277/2899/1023 273/3683/1024 471/1107/1025
f 277/2899/1023 471/1107/1025 478/3634/1026
f 282/2966/1027 278/1477/1028 481/4680/1029
f 282/2966/1027 481/4680/1029 472/3603/1030
f 323/3872/1031 318/2741/1032 488/1100/1033
f 323/3872/1031 488/1100/1033 493/218/1034
f 281/1697/1035 277/2899/1036 478/3634/1037
f 281/1697/1035 478/3634/1037 470/3179/1038
f 273/3683/1039 282/2966/1040 472/3603/1041
f 273/3683/1039 472/3603/1041 471/1107/1042
f 278/1477/1043 274/2149/1044 473/3024/1045
f 278/1477/1043 473/3024/1045 481/4680/1046
f 321/322/1047 313/3733/1048 349/3956/1049
f 321/322/1047 349/3956/1049 491/2765/1050
f 314/845/1051 317/1540/1052 495/4381/1053
f 314/845/1051 495/4381/1053 489/857/1054
f 297/1092/1055 288/2536/1056 464/3197/1057
f 297/1092/1055 464/3197/1057 466/4221/1058
f 317/1540/1059 321/322/1060 491/2765/1061
f 317/1540/1059 491/2765/1061 495/4381/1062
f 322/2612/1063 314/845/1064 489/857/1065
f 322/2612/1063 489/857/1065 494/4284/1066
usemtl brickwall1
f 324/1012/1067 484/2376/1068 474/2339/1069
f 324/1012/1067 474/2339/1069 362/4113/1070
usemtl stonetrims
f 300/1806/1071 309/151/1072 501/4515/1073
f 300/1806/1071 501/4515/1073 350/1508/1074
f 305/2276/1075 301/1242/1076 499/738/1077
f 305/2276/1075 499/738/1077 506/2384/1078
f 310/790/1079 306/3601/1080 497/2487/1081
f 310/790/1079 497/2487/1081 502/911/1082
usemtl brickwall1
f 326/1356/1083 498/3966/1084 500/2457/1085
f 326/1356/1083 500/2457/1085 329/4068/1086
usemtl stonetrims
f 309/151/1087 305/2276/1088 506/2384/1089
f 309/151/1087 506/2384/1089 501/4515/1090
f 301/1242/1091 310/790/1092 502/911/1093
f 301/1242/1091 502/911/1093 499/738/1094
f 306/3601/1095 303/2705/1096 498/2042/1097
f 306/3601/1095 498/2042/1097 497/2487/1098
f 343/4228/1099 341/4010/1100 409/1645/1101
f 343/4228/1099 409/1645/1101 407/3167/1102
f 324/3436/1103 362/44/1104 423/4257/1105
f 324/3436/1103 423/4257/1105 379/618/1106
f 342/1913/1107 344/1696/1108 408/2527/1109
f 342/1913/1107 408/2527/1109 410/3766/1110
f 328/4173/1111 327/733/1112 378/2474/1113
f 328/4173/1111 378/2474/1113 389/2175/1114
f 326/3116/1115 329/2470/1116 390/4090/1117
f 326/3116/1115 390/4090/1117 380/261/1118
f 330/4336/1119 328/4173/1120 389/2175/1121
f 330/4336/1119 389/2175/1121 387/266/1122
f 345/919/1123 343/4228/1124 407/3167/1125
f 345/919/1123 407/3167/1125 405/923/1126
f 363/1382/1127 361/1267/1128 422/3305/1129
f 363/1382/1127 422/3305/1129 420/3083/1130
f 329/2470/1131 331/209/1132 388/4457/1133
f 329/2470/1131 388/4457/1133 390/4090/1134
f 344/1696/1135 346/701/1136 406/3918/1137
f 344/1696/1135 406/3918/1137 408/2527/1138
f 362/44/1139 364/872/1140 421/1525/1141
f 362/44/1139 421/1525/1141 423/4257/1142
f 332/4562/1143 330/4336/1144 387/266/1145
f 332/4562/1143 387/266/1145 385/854/1146
f 347/4360/1147 345/919/1148 405/923/1149
f 347/4360/1147 405/923/1149 402/4053/1150
f 365/4149/1151 363/1382/1152 420/3083/1153
f 365/4149/1151 420/3083/1153 418/2186/1154
f 331/209/1155 333/31/1156 386/2751/1157
f 331/209/1155 386/2751/1157 388/4457/1158
f 346/701/1159 348/1854/1160 403/3421/1161
f 346/701/1159 403/3421/1161 406/3918/1162
f 364/872/1163 366/2945/1164 419/3133/1165
f 364/872/1163 419/3133/1165 421/1525/1166
f 334/4551/1167 332/4562/1168 385/854/1169
f 334/4551/1167 385/854/1169 383/2022/1170
f 350/4580/1171 347/4360/1172 402/4053/1173
f 350/4580/1171 402/4053/1173 375/3353/1174
f 367/2933/1175 365/4149/1176 418/2186/1177
f 367/2933/1175 418/2186/1177 416/3341/1178
f 333/31/1179 335/1955/1180 384/1465/1181
f 333/31/1179 384/1465/1181 386/2751/1182
f 366/2945/1183 368/569/1184 417/651/1185
f 366/2945/1183 417/651/1185 419/3133/1186
f 348/1854/1187 349/3465/1188 404/296/1189
f 348/1854/1187 404/296/1189 403/3421/1190
f 382/1827/1191 372/2643/1192 373/1807/1193
f 382/1827/1191 373/1807/1193 381/2380/1194
f 384/1465/1195 382/1827/1196 381/2380/1197
f 384/1465/1195 381/2380/1197 383/2022/1198
f 386/2751/1199 384/1465/1200 383/2022/1201
f 386/2751/1199 383/2022/1201 385/854/1202
f 388/4457/1203 386/2751/1204 385/854/1205
f 388/4457/1203 385/854/1205 387/266/1206
f 390/4090/1207 388/4457/1208 387/266/1209
f 390/4090/1207 387/266/1209 389/2175/1210
f 374/807/1211 392/953/1212 393/2270/1213
f 374/807/1211 393/2270/1213 391/2721/1214
f 392/953/1215 394/2525/1216 395/4401/1217
f 392/953/1215 395/4401/1217 393/2270/1218
f 394/2525/1219 396/4618/1220 397/1760/1221
f 394/2525/1219 397/1760/1221 395/4401/1222
f 396/4618/1223 398/2975/1224 399/3258/1225
f 396/4618/1223 399/3258/1225 397/1760/1226
f 398/2975/1227 400/2930/1228 401/1860/1229
f 398/2975/1227 401/1860/1229 399/3258/1230
f 403/3421/1231 404/296/1232 375/3353/1233
f 403/3421/1231 375/3353/1233 402/4053/1234
f 406/3918/1235 403/3421/1236 402/4053/1237
f 406/3918/1235 402/4053/1237 405/923/1238
f 408/2527/1239 406/3918/1240 405/923/1241
f 408/2527/1239 405/923/1241 407/3167/1242
f 410/3766/1243 408/2527/1244 407/3167/1245
f 410/3766/1243 407/3167/1245 409/1645/1246
f 412/4085/1247 410/3766/1248 409/1645/1249
f 412/4085/1247 409/1645/1249 411/680/1250
f 400/2930/1251 379/163/1252 378/3985/1253
f 400/2930/1251 378/3985/1253 401/1860/1254
f 377/2217/1255 412/4085/1256 411/680/1257
f 377/2217/1255 411/680/1257 380/1183/1258
f 414/2613/1259 415/1400/1260 376/4370/1261
f 414/2613/1259 376/4370/1261 413/4133/1262
f 417/651/1263 414/2613/1264 413/4133/1265
f 417/651/1263 413/4133/1265 416/3341/1266
f 419/3133/1267 417/651/1268 416/3341/1269
f 419/3133/1267 416/3341/1269 418/2186/1270
f 421/1525/1271 419/3133/1272 418/2186/1273
f 421/1525/1271 418/2186/1273 420/3083/1274
f 423/4257/1275 421/1525/1276 420/3083/1277
f 423/4257/1275 420/3083/1277 422/3305/1278
f 380/261/1279 390/4090/1280 389/2175/1281
f 380/261/1279 389/2175/1281 378/2474/1282
f 379/618/1283 423/4257/1284 422/3305/1285
f 379/618/1283 422/3305/1285 377/1485/1286
f 361/1267/1287 325/4125/1288 377/1485/1289
f 361/1267/1287 377/1485/1289 422/3305/1290
f 360/3232/1291 457/3284/1292 391/2721/1293
f 360/3232/1291 391/2721/1293 393/2270/1294
f 340/793/1295 342/1913/1296 410/3766/1297
f 340/793/1295 410/3766/1297 412/4085/1298
f 359/579/1299 357/4239/1300 394/2525/1301
f 359/579/1299 394/2525/1301 392/953/1302
f 341/4010/1303 339/1734/1304 411/680/1305
f 341/4010/1303 411/680/1305 409/1645/1306
f 351/1950/1307 324/500/1308 379/163/1309
f 351/1950/1307 379/163/1309 400/2930/1310
f 358/2152/1311 360/3232/1312 393/2270/1313
f 358/2152/1311 393/2270/1313 395/4401/1314
f 327/299/1315 352/10/1316 401/1860/1317
f 327/299/1315 401/1860/1317 378/3985/1318
f 357/4239/1319 355/3896/1320 396/4618/1321
f 357/4239/1319 396/4618/1321 394/2525/1322
f 325/2385/1323 340/793/1324 412/4085/1325
f 325/2385/1323 412/4085/1325 377/2217/1326
f 339/1734/1327 326/1308/1328 380/1183/1329
f 339/1734/1327 380/1183/1329 411/680/1330
f 356/1933/1331 358/2152/1332 395/4401/1333
f 356/1933/1331 395/4401/1333 397/1760/1334
f 355/3896/1335 353/2968/1336 398/2975/1337
f 355/3896/1335 398/2975/1337 396/4618/1338
f 370/4376/1339 480/723/1340 415/1400/1341
f 370/4376/1339 415/1400/1341 414/2613/1342
f 337/1914/1343 338/3778/1344 372/2643/1345
f 337/1914/1343 372/2643/1345 382/1827/1346
f 354/2627/1347 356/1933/1348 397/1760/1349
f 354/2627/1347 397/1760/1349 399/3258/1350
f 371/835/1351 369/205/1352 413/4133/1353
f 371/835/1351 413/4133/1353 376/4370/1354
f 353/2968/1355 351/1950/1356 400/2930/1357
f 353/2968/1355 400/2930/1357 398/2975/1358
f 368/569/1359 370/4376/1360 414/2613/1361
f 368/569/1359 414/2613/1361 417/651/1362
f 352/10/1363 354/2627/1364 399/3258/1365
f 352/10/1363 399/3258/1365 401/1860/1366
f 335/1955/1367 337/1914/1368 382/1827/1369
f 335/1955/1367 382/1827/1369 384/1465/1370
f 369/205/1371 367/2933/1372 416/3341/1373
f 369/205/1371 416/3341/1373 413/4133/1374
f 336/3638/1375 334/4551/1376 383/2022/1377
f 336/3638/1375 383/2022/1377 381/2380/1378
f 379/3572/1379 377/211/1380 427/2832/1381
f 379/3572/1379 427/2832/1381 425/106/1382
f 380/2924/1383 378/3511/1384 424/449/1385
f 380/2924/1383 424/449/1385 429/1845/1386
f 377/2079/1387 380/448/1388 429/2056/1389
f 377/2079/1387 429/2056/1389 427/1754/1390
f 426/3129/1391 430/856/1392 424/4588/1393
f 425/432/1394 434/1003/1395 432/1661/1396
f 425/432/1394 432/1661/1396 426/3129/1397
f 427/1271/1398 431/2445/1399 428/3246/1400
f 429/3380/1401 430/856/1402 431/2445/1403
f 428/3246/1404 431/2445/1405 433/213/1406
f 428/3246/1404 433/213/1406 432/1661/1407
f 429/1845/1408 424/449/1409 430/1440/1410
f 424/3096/1411 425/1631/1412 426/1742/1413
f 425/106/1414 427/2832/1415 428/2491/1416
f 425/106/1414 428/2491/1416 434/3580/1417
f 427/1754/1418 429/2056/1419 431/3960/1420
f 426/3129/1421 433/213/1422 430/856/1423
usemtl brickwall1
f 432/344/1424 434/3880/1425 428/3508/1426
usemtl stonetrims
f 430/856/1427 433/213/1428 431/2445/1429
f 432/1661/1430 433/213/1431 426/3129/1432
f 285/3301/1433 463/2354/1434 444/3151/1435
f 285/3301/1433 444/3151/1435 437/2117/1436
f 350/4580/1437 375/3353/1438 451/3592/1439
f 350/4580/1437 451/3592/1439 446/1019/1440
f 338/877/1441 307/848/1442 440/1878/1443
f 338/877/1441 440/1878/1443 443/1881/1444
f 300/1806/1445 350/1508/1446 446/657/1447
f 300/1806/1445 446/657/1447 439/175/1448
f 391/2721/1449 457/3284/1450 462/3051/1451
f 391/2721/1449 462/3051/1451 453/2307/1452
f 349/3956/1453 313/3733/1454 441/3768/1455
f 349/3956/1453 441/3768/1455 445/4583/1456
f 376/4370/1457 415/1400/1458 455/3759/1459
f 376/4370/1457 455/3759/1459 452/4640/1460
f 372/2643/1461 338/3778/1462 443/1732/1463
f 372/2643/1461 443/1732/1463 448/1307/1464
f 404/296/1465 349/3465/1466 445/3529/1467
f 404/296/1465 445/3529/1467 454/3588/1468
f 319/576/1469 371/50/1470 447/4095/1471
f 319/576/1469 447/4095/1471 442/914/1472
f 374/807/1473 391/2721/1474 453/2307/1475
f 374/807/1473 453/2307/1475 450/4665/1476
f 415/1400/1477 480/723/1478 477/2078/1479
f 415/1400/1477 477/2078/1479 455/3759/1480
f 480/1387/1481 275/1146/1482 435/2703/1483
f 480/1387/1481 435/2703/1483 477/4191/1484
f 375/3353/1485 404/296/1486 454/3588/1487
f 375/3353/1485 454/3588/1487 451/3592/1488
f 457/2466/1489 291/4582/1490 438/3515/1491
f 457/2466/1489 438/3515/1491 462/517/1492
f 373/1807/1493 372/2643/1494 448/1307/1495
f 373/1807/1493 448/1307/1495 449/35/1496
f 281/1697/1497 470/3179/1498 479/3651/1499
f 281/1697/1497 479/3651/1499 436/157/1500
f 371/835/1501 376/4370/1502 452/4640/1503
f 371/835/1501 452/4640/1503 447/1518/1504
f 378/2409/1505 379/703/1506 425/1631/1507
f 378/2409/1505 425/1631/1507 424/3096/1508
f 469/3435/1509 465/3854/1510 289/3412/1511
f 469/3435/1509 289/3412/1511 286/2632/1512
f 460/4225/1513 467/3561/1514 294/95/1515
f 460/4225/1513 294/95/1515 290/1715/1516
f 459/3400/1517 463/2354/1518 285/3301/1519
f 459/3400/1517 285/3301/1519 295/2521/1520
f 463/3536/1521 336/3638/1522 381/2380/1523
f 463/3536/1521 381/2380/1523 373/1807/1524
usemtl brickwall1
f 464/1957/1525 461/3262/1526 356/2025/1527
f 464/1957/1525 356/2025/1527 354/4172/1528
f 461/3262/1529 458/1334/1530 358/3552/1531
f 461/3262/1529 358/3552/1531 356/2025/1532
usemtl stonetrims
f 444/3389/1533 463/3536/1534 373/1807/1535
f 444/3389/1533 373/1807/1535 449/35/1536
f 465/3854/1537 460/4225/1538 290/1715/1539
f 465/3854/1537 290/1715/1539 289/3412/1540
f 467/3561/1541 459/3400/1542 295/2521/1543
f 467/3561/1541 295/2521/1543 294/95/1544
usemtl brickwall1
f 466/4226/1545 464/1957/1546 354/4172/1547
f 466/4226/1545 354/4172/1547 352/1418/1548
f 456/3945/1549 466/4226/1550 352/1418/1551
f 456/3945/1549 352/1418/1551 327/3446/1552
usemtl stonetrims
f 456/362/1553 469/3435/1554 286/2632/1555
f 456/362/1553 286/2632/1555 293/3776/1556
usemtl brickwall1
f 458/1334/1557 468/4586/1558 360/3231/1559
f 458/1334/1557 360/3231/1559 358/3552/1560
f 468/4586/1561 457/798/1562 360/3231/1563
f 472/217/1564 481/4203/1565 353/1415/1566
f 472/217/1564 353/1415/1566 355/4670/1567
f 470/4121/1568 478/24/1569 359/3460/1570
f 481/4203/1571 473/905/1572 351/317/1573
f 481/4203/1571 351/317/1573 353/1415/1574
usemtl stonetrims
f 474/1014/1575 484/897/1576 284/3668/1577
f 474/1014/1575 284/3668/1577 276/1255/1578
f 476/847/1579 474/1014/1580 276/1255/1581
f 476/847/1579 276/1255/1581 279/590/1582
f 475/306/1583 483/3660/1584 280/249/1585
f 475/306/1583 280/249/1585 283/2390/1586
f 480/1387/1587 482/1795/1588 272/732/1589
f 480/1387/1587 272/732/1589 275/1146/1590
f 470/1756/1591 359/579/1592 392/953/1593
f 470/1756/1591 392/953/1593 374/807/1594
usemtl brickwall1
f 478/24/1595 471/2168/1596 357/147/1597
f 478/24/1595 357/147/1597 359/3460/1598
f 471/2168/1599 472/217/1600 355/4670/1601
f 471/2168/1599 355/4670/1601 357/147/1602
f 473/905/1603 484/2376/1604 324/1012/1605
f 473/905/1603 324/1012/1605 351/317/1606
usemtl stonetrims
f 483/3660/1607 476/847/1608 279/590/1609
f 483/3660/1607 279/590/1609 280/249/1610
f 482/1795/1611 475/306/1612 283/2390/1613
f 482/1795/1611 283/2390/1613 272/732/1614
f 479/1259/1615 470/1756/1616 374/807/1617
f 479/1259/1615 374/807/1617 450/4665/1618
usemtl brickwall1
f 489/1750/1619 495/2550/1620 346/4316/1621
f 489/1750/1619 346/4316/1621 344/202/1622
f 495/2550/1623 491/3669/1624 348/2458/1625
f 495/2550/1623 348/2458/1625 346/4316/1626
f 488/1469/1627 494/1159/1628 342/1179/1629
f 488/1469/1627 342/1179/1629 340/490/1630
usemtl stonetrims
f 492/1943/1631 487/4107/1632 312/2799/1633
f 492/1943/1631 312/2799/1633 311/3735/1634
f 485/2639/1635 486/4674/1636 316/1279/1637
f 485/2639/1635 316/1279/1637 315/3888/1638
f 490/4206/1639 492/1943/1640 311/3735/1641
f 490/4206/1639 311/3735/1641 320/706/1642
usemtl brickwall1
f 493/379/1643 488/1469/1644 340/490/1645
f 493/379/1643 340/490/1645 325/1611/1646
f 491/3669/1647 349/3973/1648 348/2458/1649
f 494/1159/1650 489/1750/1651 344/202/1652
f 494/1159/1650 344/202/1652 342/1179/1653
usemtl stonetrims
f 493/218/1654 490/4206/1655 320/706/1656
f 493/218/1654 320/706/1656 323/3872/1657
f 487/4107/1658 485/2639/1659 315/3888/1660
f 487/4107/1658 315/3888/1660 312/2799/1661
f 486/4674/1662 371/50/1663 319/576/1664
f 486/4674/1662 319/576/1664 316/1279/1665
usemtl brickwall1
f 506/1560/1666 499/4382/1667 343/3538/1668
f 506/1560/1666 343/3538/1668 345/1191/1669
usemtl stonetrims
f 504/1655/1670 496/650/1671 298/4328/1672
f 504/1655/1670 298/4328/1672 299/1965/1673
f 505/840/1674 503/3662/1675 302/4438/1676
f 505/840/1674 302/4438/1676 304/4519/1677
f 500/2969/1678 498/2042/1679 303/2705/1680
f 500/2969/1678 303/2705/1680 308/4150/1681
usemtl brickwall1
f 499/4382/1682 502/4504/1683 341/3620/1684
f 499/4382/1682 341/3620/1684 343/3538/1685
f 350/785/1686 501/4051/1687 347/4424/1688
f 502/4504/1689 497/4596/1690 339/1329/1691
f 502/4504/1689 339/1329/1691 341/3620/1692
f 501/4051/1693 506/1560/1694 345/1191/1695
f 501/4051/1693 345/1191/1695 347/4424/1696
f 497/4596/1697 498/3966/1698 326/1356/1699
f 497/4596/1697 326/1356/1699 339/1329/1700
usemtl stonetrims
f 503/3662/1701 504/1655/1702 299/1965/1703
f 503/3662/1701 299/1965/1703 302/4438/1704
f 338/877/1705 505/840/1706 304/4519/1707
f 338/877/1705 304/4519/1707 307/848/1708
f 496/650/1709 500/2969/1710 308/4150/1711
f 496/650/1709 308/4150/1711 298/4328/1712
f 509/4014/1713 519/801/1714 719/2739/1715
f 509/4014/1713 719/2739/1715 708/133/1716
usemtl brickwall1
f 563/3680/1717 565/4542/1718 700/2728/1719
f 563/3680/1717 700/2728/1719 704/3573/1720
f 565/4542/1721 567/1304/1722 695/955/1723
f 565/4542/1721 695/955/1723 700/2728/1724
f 567/1304/1725 569/1953/1726 702/3494/1727
f 567/1304/1725 702/3494/1727 695/955/1728
f 569/1953/1729 571/2836/1730 694/1408/1731
f 569/1953/1729 694/1408/1731 702/3494/1732
f 571/2836/1733 698/3211/1734 694/1408/1735
f 560/1946/1736 596/3563/1737 725/2512/1738
f 560/1946/1736 725/2512/1738 728/2227/1739
f 566/1028/1740 731/458/1741 739/4311/1742
f 566/1028/1740 739/4311/1742 568/2656/1743
f 568/2656/1744 739/4311/1745 738/3304/1746
f 568/2656/1744 738/3304/1746 570/412/1747
f 570/412/1748 738/3304/1749 740/4439/1750
f 570/412/1748 740/4439/1750 572/710/1751
f 572/710/1752 740/4439/1753 573/734/1754
usemtl stonetrims
f 553/3039/1755 557/2920/1756 729/4589/1757
f 553/3039/1755 729/4589/1757 723/2970/1758
f 528/4077/1759 532/1374/1760 701/1339/1761
f 528/4077/1759 701/1339/1761 691/2195/1762
usemtl brickwall1
f 597/1217/1763 709/4163/1764 711/1967/1765
f 597/1217/1763 711/1967/1765 599/4160/1766
f 599/4160/1767 711/1967/1768 718/413/1769
f 599/4160/1767 718/413/1769 601/1978/1770
f 601/1978/1771 718/413/1772 710/2349/1773
f 601/1978/1771 710/2349/1773 603/3392/1774
f 603/3392/1775 710/2349/1776 717/4691/1777
f 603/3392/1775 717/4691/1777 605/675/1778
f 605/675/1779 717/4691/1780 715/1423/1781
f 562/544/1782 563/3680/1783 704/3573/1784
f 562/544/1782 704/3573/1784 691/1041/1785
f 598/1201/1786 600/4181/1787 722/2981/1788
f 598/1201/1786 722/2981/1788 727/4060/1789
f 600/4181/1790 602/3448/1791 720/2219/1792
f 600/4181/1790 720/2219/1792 722/2981/1793
f 602/3448/1794 604/2693/1795 721/1824/1796
f 602/3448/1794 721/1824/1796 720/2219/1797
f 604/2693/1798 606/1686/1799 721/1824/1800
f 596/3563/1801 598/1201/1802 727/4060/1803
f 596/3563/1801 727/4060/1803 725/2512/1804
usemtl stonetrims
f 531/96/1805 522/665/1806 703/3238/1807
f 531/96/1805 703/3238/1807 693/87/1808
f 523/4367/1809 527/2108/1810 696/3934/1811
f 523/4367/1809 696/3934/1811 699/339/1812
f 522/665/1813 526/156/1814 692/4274/1815
f 522/665/1813 692/4274/1815 703/3238/1816
f 527/2108/1817 531/96/1818 693/87/1819
f 527/2108/1817 693/87/1819 696/3934/1820
usemtl brickwall1
f 564/1163/1821 735/4266/1822 731/458/1823
f 564/1163/1821 731/458/1823 566/1028/1824
usemtl stonetrims
f 512/3163/1825 508/817/1826 706/2976/1827
f 512/3163/1825 706/2976/1827 713/765/1828
f 517/71/1829 513/3364/1830 716/1793/1831
f 517/71/1829 716/1793/1831 707/3932/1832
f 558/977/1833 553/3039/1834 723/2970/1835
f 558/977/1833 723/2970/1835 728/2044/1836
f 516/3570/1837 512/3163/1838 713/765/1839
f 516/3570/1837 713/765/1839 705/3486/1840
f 508/817/1841 517/71/1842 707/3932/1843
f 508/817/1841 707/3932/1843 706/2976/1844
f 513/3364/1845 509/4014/1846 708/133/1847
f 513/3364/1845 708/133/1847 716/1793/1848
f 556/2148/1849 548/859/1850 584/1051/1851
f 556/2148/1849 584/1051/1851 726/4603/1852
f 549/1128/1853 552/3433/1854 730/1473/1855
f 549/1128/1853 730/1473/1855 724/2694/1856
f 532/1374/1857 523/4367/1858 699/339/1859
f 532/1374/1857 699/339/1859 701/1339/1860
f 552/3433/1861 556/2148/1862 726/4603/1863
f 552/3433/1861 726/4603/1863 730/1473/1864
f 557/2920/1865 549/1128/1866 724/2694/1867
f 557/2920/1865 724/2694/1867 729/4589/1868
usemtl brickwall1
f 559/2883/1869 719/4199/1870 709/4163/1871
f 559/2883/1869 709/4163/1871 597/1217/1872
usemtl stonetrims
f 535/2104/1873 544/1989/1874 736/1592/1875
f 535/2104/1873 736/1592/1875 585/3394/1876
f 540/2558/1877 536/3094/1878 734/2584/1879
f 540/2558/1877 734/2584/1879 741/4204/1880
f 545/1060/1881 541/3930/1882 732/4312/1883
f 545/1060/1881 732/4312/1883 737/2754/1884
usemtl brickwall1
f 561/1612/1885 733/1059/1886 735/4266/1887
f 561/1612/1885 735/4266/1887 564/1163/1888
usemtl stonetrims
f 544/1989/1889 540/2558/1890 741/4204/1891
f 544/1989/1889 741/4204/1891 736/1592/1892
f 536/3094/1893 545/1060/1894 737/2754/1895
f 536/3094/1893 737/2754/1895 734/2584/1896
f 541/3930/1897 538/4540/1898 733/3910/1899
f 541/3930/1897 733/3910/1899 732/4312/1900
f 578/1345/1901 576/1114/1902 644/3524/1903
f 578/1345/1901 644/3524/1903 642/309/1904
f 559/3717/1905 597/349/1906 658/1380/1907
f 559/3717/1905 658/1380/1907 614/2488/1908
f 577/3770/1909 579/3569/1910 643/4357/1911
f 577/3770/1909 643/4357/1911 645/4069/1912
f 563/1293/1913 562/2580/1914 613/4285/1915
f 563/1293/1913 613/4285/1915 624/4040/1916
f 561/244/1917 564/4281/1918 625/1192/1919
f 561/244/1917 625/1192/1919 615/2093/1920
f 565/1447/1921 563/1293/1922 624/4040/1923
f 565/1447/1921 624/4040/1923 622/534/1924
f 580/2762/1925 578/1345/1926 642/309/1927
f 580/2762/1925 642/309/1927 640/1203/1928
f 598/1644/1929 596/3108/1930 657/428/1931
f 598/1644/1929 657/428/1931 655/212/1932
f 564/4281/1933 566/2035/1934 623/1537/1935
f 564/4281/1933 623/1537/1935 625/1192/1936
f 579/3569/1937 581/2554/1938 641/1009/1939
f 579/3569/1937 641/1009/1939 643/4357/1940
f 597/349/1941 599/2714/1942 656/3418/1943
f 597/349/1941 656/3418/1943 658/1380/1944
f 567/1646/1945 565/1447/1946 622/534/1947
f 567/1646/1945 622/534/1947 620/2690/1948
f 582/1460/1949 580/2762/1950 640/1203/1951
f 582/1460/1949 640/1203/1951 637/1148/1952
f 600/1273/1953 598/1644/1954 655/212/1955
f 600/1273/1953 655/212/1955 653/4050/1956
f 566/2035/1957 568/1861/1958 621/4590/1959
f 566/2035/1957 621/4590/1959 623/1537/1960
f 581/2554/1961 583/3706/1962 638/513/1963
f 581/2554/1961 638/513/1963 641/1009/1964
f 599/2714/1965 601/52/1966 654/263/1967
f 599/2714/1965 654/263/1967 656/3418/1968
f 569/1636/1969 567/1646/1970 620/2690/1971
f 569/1636/1969 620/2690/1971 618/3893/1972
f 585/1666/1973 582/1460/1974 637/1148/1975
f 585/1666/1973 637/1148/1975 610/3629/1976
f 602/3198/1977 600/1273/1978 653/4050/1979
f 602/3198/1977 653/4050/1979 651/452/1980
f 568/1861/1981 570/3808/1982 619/3348/1983
f 568/1861/1981 619/3348/1983 621/4590/1984
f 601/52/1985 603/890/1986 652/2516/1987
f 601/52/1985 652/2516/1987 654/263/1988
f 583/3706/1989 584/3763/1990 639/552/1991
f 583/3706/1989 639/552/1991 638/513/1992
f 617/3675/1993 607/4489/1994 608/2105/1995
f 617/3675/1993 608/2105/1995 616/2651/1996
f 619/3348/1997 617/3675/1998 616/2651/1999
f 619/3348/1997 616/2651/1999 618/3893/2000
f 621/4590/2001 619/3348/2002 618/3893/2003
f 621/4590/2001 618/3893/2003 620/2690/2004
f 623/1537/2005 621/4590/2006 620/2690/2007
f 623/1537/2005 620/2690/2007 622/534/2008
f 625/1192/2009 623/1537/2010 622/534/2011
f 625/1192/2009 622/534/2011 624/4040/2012
f 609/1086/2013 627/2805/2014 628/4118/2015
f 609/1086/2013 628/4118/2015 626/4555/2016
f 627/2805/2017 629/2824/2018 630/1487/2019
f 627/2805/2017 630/1487/2019 628/4118/2020
f 629/2824/2021 631/203/2022 632/3617/2023
f 629/2824/2021 632/3617/2023 630/1487/2024
f 631/203/2025 633/3233/2026 634/386/2027
f 631/203/2025 634/386/2027 632/3617/2028
f 633/3233/2029 635/33/2030 636/2157/2031
f 633/3233/2029 636/2157/2031 634/386/2032
f 638/513/2033 639/552/2034 610/3629/2035
f 638/513/2033 610/3629/2035 637/1148/2036
f 641/1009/2037 638/513/2038 637/1148/2039
f 641/1009/2037 637/1148/2039 640/1203/2040
f 643/4357/2041 641/1009/2042 640/1203/2043
f 643/4357/2041 640/1203/2043 642/309/2044
f 645/4069/2045 643/4357/2046 642/309/2047
f 645/4069/2045 642/309/2047 644/3524/2048
f 647/4344/2049 645/4069/2050 644/3524/2051
f 647/4344/2049 644/3524/2051 646/2535/2052
f 635/33/2053 614/1998/2054 613/1083/2055
f 635/33/2053 613/1083/2055 636/2157/2056
f 612/4074/2057 647/4344/2058 646/2535/2059
f 612/4074/2057 646/2535/2059 615/3045/2060
f 649/4452/2061 650/1677/2062 611/1466/2063
f 649/4452/2061 611/1466/2063 648/1243/2064
f 652/2516/2065 649/4452/2066 648/1243/2067
f 652/2516/2065 648/1243/2067 651/452/2068
f 654/263/2069 652/2516/2070 651/452/2071
f 654/263/2069 651/452/2071 653/4050/2072
f 656/3418/2073 654/263/2074 653/4050/2075
f 656/3418/2073 653/4050/2075 655/212/2076
f 658/1380/2077 656/3418/2078 655/212/2079
f 658/1380/2077 655/212/2079 657/428/2080
f 615/2093/2081 625/1192/2082 624/4040/2083
f 615/2093/2081 624/4040/2083 613/4285/2084
f 614/2488/2085 658/1380/2086 657/428/2087
f 614/2488/2085 657/428/2087 612/3373/2088
f 596/3108/2089 560/1235/2090 612/3373/2091
f 596/3108/2089 612/3373/2091 657/428/2092
f 595/368/2093 692/409/2094 626/4555/2095
f 595/368/2093 626/4555/2095 628/4118/2096
f 575/1065/2097 577/3770/2098 645/4069/2099
f 575/1065/2097 645/4069/2099 647/4344/2100
f 594/895/2101 592/1364/2102 629/2824/2103
f 594/895/2101 629/2824/2103 627/2805/2104
f 576/1114/2105 574/3594/2106 646/2535/2107
f 576/1114/2105 646/2535/2107 644/3524/2108
f 586/2248/2109 559/2377/2110 614/1998/2111
f 586/2248/2109 614/1998/2111 635/33/2112
f 593/4018/2113 595/368/2114 628/4118/2115
f 593/4018/2113 628/4118/2115 630/1487/2116
f 562/553/2117 587/310/2118 636/2157/2119
f 562/553/2117 636/2157/2119 613/1083/2120
f 592/1364/2121 590/991/2122 631/203/2123
f 592/1364/2121 631/203/2123 629/2824/2124
f 560/2654/2125 575/1065/2126 647/4344/2127
f 560/2654/2125 647/4344/2127 612/4074/2128
f 574/3594/2129 561/1559/2130 615/3045/2131
f 574/3594/2129 615/3045/2131 646/2535/2132
f 591/3784/2133 593/4018/2134 630/1487/2135
f 591/3784/2133 630/1487/2135 632/3617/2136
f 590/991/2137 588/76/2138 633/3233/2139
f 590/991/2137 633/3233/2139 631/203/2140
f 605/1472/2141 715/1011/2142 650/1677/2143
f 605/1472/2141 650/1677/2143 649/4452/2144
f 572/3771/2145 573/898/2146 607/4489/2147
f 572/3771/2145 607/4489/2147 617/3675/2148
f 589/4465/2149 591/3784/2150 632/3617/2151
f 589/4465/2149 632/3617/2151 634/386/2152
f 606/2669/2153 604/2029/2154 648/1243/2155
f 606/2669/2153 648/1243/2155 611/1466/2156
f 588/76/2157 586/2248/2158 635/33/2159
f 588/76/2157 635/33/2159 633/3233/2160
f 603/890/2161 605/1472/2162 649/4452/2163
f 603/890/2161 649/4452/2163 652/2516/2164
f 587/310/2165 589/4465/2166 634/386/2167
f 587/310/2165 634/386/2167 636/2157/2168
f 570/3808/2169 572/3771/2170 617/3675/2171
f 570/3808/2169 617/3675/2171 619/3348/2172
f 604/2029/2173 602/3198/2174 651/452/2175
f 604/2029/2173 651/452/2175 648/1243/2176
f 571/771/2177 569/1636/2178 618/3893/2179
f 571/771/2177 618/3893/2179 616/2651/2180
f 614/692/2181 612/2037/2182 662/4653/2183
f 614/692/2181 662/4653/2183 660/1939/2184
f 615/29/2185 613/615/2186 659/2311/2187
f 615/29/2185 659/2311/2187 664/3697/2188
f 612/3949/2189 615/2310/2190 664/3924/2191
f 612/3949/2189 664/3924/2191 662/3612/2192
f 661/3431/2193 665/1133/2194 659/1673/2195
f 660/2291/2196 669/2873/2197 667/3534/2198
f 660/2291/2196 667/3534/2198 661/3431/2199
f 662/3111/2200 666/4255/2201 663/377/2202
f 664/479/2203 665/1133/2204 666/4255/2205
f 663/377/2206 666/4255/2207 668/2038/2208
f 663/377/2206 668/2038/2208 667/3534/2209
f 664/3697/2210 659/2311/2211 665/1723/2212
f 659/3386/2213 660/3512/2214 661/3599/2215
f 660/1939/2216 662/4653/2217 663/2776/2218
f 660/1939/2216 663/2776/2218 669/708/2219
f 662/3612/2220 664/3924/2221 666/1053/2222
f 661/3431/2223 668/2038/2224 665/1133/2225
usemtl brickwall1
f 667/2170/2226 669/984/2227 663/612/2228
usemtl stonetrims
f 665/1133/2229 668/2038/2230 666/4255/2231
f 667/3534/2232 668/2038/2233 661/3431/2234
f 520/424/2235 698/2631/2236 679/282/2237
f 520/424/2235 679/282/2237 672/3982/2238
f 585/1666/2239 610/3629/2240 686/724/2241
f 585/1666/2239 686/724/2241 681/2889/2242
f 573/2718/2243 542/2683/2244 675/2179/2245
f 573/2718/2243 675/2179/2245 678/2181/2246
f 535/2104/2247 585/3394/2248 681/2522/2249
f 535/2104/2247 681/2522/2249 674/2009/2250
f 626/4555/2251 692/409/2252 697/167/2253
f 626/4555/2251 697/167/2253 688/4143/2254
f 584/1051/2255 548/859/2256 676/891/2257
f 584/1051/2255 676/891/2257 680/1669/2258
f 611/1466/2259 650/1677/2260 690/880/2261
f 611/1466/2259 690/880/2261 687/1741/2262
f 607/4489/2263 573/898/2264 678/3593/2265
f 607/4489/2263 678/3593/2265 683/1558/2266
f 639/552/2267 584/3763/2268 680/635/2269
f 639/552/2267 680/635/2269 689/719/2270
f 554/2459/2271 606/1879/2272 682/1199/2273
f 554/2459/2271 682/1199/2273 677/2758/2274
f 609/1086/2275 626/4555/2276 688/4143/2277
f 609/1086/2275 688/4143/2277 685/1772/2278
f 650/1677/2279 715/1011/2280 712/2396/2281
f 650/1677/2279 712/2396/2281 690/880/2282
f 715/3240/2283 510/1416/2284 670/4538/2285
f 715/3240/2283 670/4538/2285 712/4480/2286
f 610/3629/2287 639/552/2288 689/719/2289
f 610/3629/2287 689/719/2289 686/724/2290
f 692/4274/2291 526/156/2292 673/3816/2293
f 692/4274/2291 673/3816/2293 697/2398/2294
f 608/2105/2295 607/4489/2296 683/1558/2297
f 608/2105/2295 683/1558/2297 684/1865/2298
f 516/3570/2299 705/3486/2300 714/786/2301
f 516/3570/2299 714/786/2301 671/1993/2302
f 606/2669/2303 611/1466/2304 687/1741/2305
f 606/2669/2303 687/1741/2305 682/1834/2306
f 613/2676/2307 614/2555/2308 660/3512/2309
f 613/2676/2307 660/3512/2309 659/3386/2310
f 704/532/2311 700/959/2312 524/507/2313
f 704/532/2311 524/507/2313 521/4474/2314
f 695/1342/2315 702/3873/2316 529/1927/2317
f 695/1342/2315 529/1927/2317 525/3581/2318
f 694/3681/2319 698/2631/2320 520/424/2321
f 694/3681/2319 520/424/2321 530/4346/2322
f 698/3845/2323 571/771/2324 616/2651/2325
f 698/3845/2323 616/2651/2325 608/2105/2326
usemtl brickwall1
f 699/3810/2327 696/390/2328 591/3897/2329
f 699/3810/2327 591/3897/2329 589/4464/2330
f 696/390/2331 693/3178/2332 593/661/2333
f 696/390/2331 593/661/2333 591/3897/2334
usemtl stonetrims
f 679/488/2335 698/3845/2336 608/2105/2337
f 679/488/2335 608/2105/2337 684/1865/2338
f 700/959/2339 695/1342/2340 525/3581/2341
f 700/959/2339 525/3581/2341 524/507/2342
f 702/3873/2343 694/3681/2344 530/4346/2345
f 702/3873/2343 530/4346/2345 529/1927/2346
usemtl brickwall1
f 701/1343/2347 699/3810/2348 589/4464/2349
f 701/1343/2347 589/4464/2349 587/3278/2350
f 691/1041/2351 701/1343/2352 587/3278/2353
f 691/1041/2351 587/3278/2353 562/544/2354
usemtl stonetrims
f 691/2195/2355 704/532/2356 521/4474/2357
f 691/2195/2355 521/4474/2357 528/4077/2358
usemtl brickwall1
f 693/3178/2359 703/160/2360 595/367/2361
f 693/3178/2359 595/367/2361 593/661/2362
f 703/160/2363 692/1073/2364 595/367/2365
f 707/2043/2366 716/1321/2367 588/3275/2368
f 707/2043/2366 588/3275/2368 590/251/2369
f 705/1224/2370 713/326/2371 594/554/2372
f 716/1321/2373 708/2750/2374 586/2142/2375
f 716/1321/2373 586/2142/2375 588/3275/2376
usemtl stonetrims
f 709/2885/2377 719/2739/2378 519/801/2379
f 709/2885/2377 519/801/2379 511/1509/2380
f 711/2681/2381 709/2885/2382 511/1509/2383
f 711/2681/2381 511/1509/2383 514/2469/2384
f 710/2134/2385 718/794/2386 515/2080/2387
f 710/2134/2385 515/2080/2387 518/4210/2388
f 715/3240/2389 717/3645/2390 507/2579/2391
f 715/3240/2389 507/2579/2391 510/1416/2392
f 705/2064/2393 594/895/2394 627/2805/2395
f 705/2064/2393 627/2805/2395 609/1086/2396
usemtl brickwall1
f 713/326/2397 706/4033/2398 592/425/2399
f 713/326/2397 592/425/2399 594/554/2400
f 706/4033/2401 707/2043/2402 590/251/2403
f 706/4033/2401 590/251/2403 592/425/2404
f 708/2750/2405 719/4199/2406 559/2883/2407
f 708/2750/2405 559/2883/2407 586/2142/2408
usemtl stonetrims
f 718/794/2409 711/2681/2410 514/2469/2411
f 718/794/2409 514/2469/2411 515/2080/2412
f 717/3645/2413 710/2134/2414 518/4210/2415
f 717/3645/2413 518/4210/2415 507/2579/2416
f 714/3104/2417 705/2064/2418 609/1086/2419
f 714/3104/2417 609/1086/2419 685/1772/2420
usemtl brickwall1
f 724/2059/2421 730/4385/2422 581/1425/2423
f 724/2059/2421 581/1425/2423 579/2026/2424
f 730/4385/2425 726/802/2426 583/4267/2427
f 730/4385/2425 583/4267/2427 581/1425/2428
f 723/3352/2429 729/3025/2430 577/3042/2431
f 723/3352/2429 577/3042/2431 575/2363/2432
usemtl stonetrims
f 727/3794/2433 722/4374/2434 547/4626/2435
f 727/3794/2433 547/4626/2435 546/861/2436
f 720/2959/2437 721/1782/2438 551/3117/2439
f 720/2959/2437 551/3117/2439 550/987/2440
f 725/4503/2441 727/3794/2442 546/861/2443
f 725/4503/2441 546/861/2443 555/2557/2444
usemtl brickwall1
f 728/2227/2445 723/3352/2446 575/2363/2447
f 728/2227/2445 575/2363/2447 560/1946/2448
f 726/802/2449 584/1066/2450 583/4267/2451
f 729/3025/2452 724/2059/2453 579/2026/2454
f 729/3025/2452 579/2026/2454 577/3042/2455
usemtl stonetrims
f 728/2044/2456 725/4503/2457 555/2557/2458
f 728/2044/2456 555/2557/2458 558/977/2459
f 722/4374/2460 720/2959/2461 550/987/2462
f 722/4374/2460 550/987/2462 547/4626/2463
f 721/1782/2464 606/1879/2465 554/2459/2466
f 721/1782/2464 554/2459/2466 551/3117/2467
usemtl brickwall1
f 741/1887/2468 734/1474/2469 578/3852/2470
f 741/1887/2468 578/3852/2470 580/3050/2471
usemtl stonetrims
f 739/1983/2472 731/2515/2473 533/1439/2474
f 739/1983/2472 533/1439/2474 534/2261/2475
f 740/2674/2476 738/796/2477 537/1526/2478
f 740/2674/2476 537/1526/2478 539/100/2479
f 735/77/2480 733/3910/2481 538/4540/2482
f 735/77/2480 538/4540/2482 543/1274/2483
usemtl brickwall1
f 734/1474/2484 737/1582/2485 576/752/2486
f 734/1474/2484 576/752/2486 578/3852/2487
f 585/2626/2488 736/1143/2489 582/1513/2490
f 737/1582/2491 732/169/2492 574/3173/2493
f 737/1582/2491 574/3173/2493 576/752/2494
f 736/1143/2495 741/1887/2496 580/3050/2497
f 736/1143/2495 580/3050/2497 582/1513/2498
f 732/169/2499 733/1059/2500 561/1612/2501
f 732/169/2499 561/1612/2501 574/3173/2502
usemtl stonetrims
f 738/796/2503 739/1983/2504 534/2261/2505
f 738/796/2503 534/2261/2505 537/1526/2506
f 573/2718/2507 740/2674/2508 539/100/2509
f 573/2718/2507 539/100/2509 542/2683/2510
f 731/2515/2511 735/77/2512 543/1274/2513
f 731/2515/2511 543/1274/2513 533/1439/2514
f 744/4275/2515 754/2636/2516 954/4577/2517
f 744/4275/2515 954/4577/2517 943/1970/2518
usemtl brickwall1
f 798/815/2519 800/1626/2520 935/4560/2521
f 798/815/2519 935/4560/2521 939/693/2522
f 800/1626/2523 802/3152/2524 930/2807/2525
f 800/1626/2523 930/2807/2525 935/4560/2526
f 802/3152/2527 804/3807/2528 937/592/2529
f 802/3152/2527 937/592/2529 930/2807/2530
f 804/3807/2531 806/3112/2532 929/3269/2533
f 804/3807/2531 929/3269/2533 937/592/2534
f 806/3112/2535 933/358/2536 929/3269/2537
f 795/3797/2538 831/681/2539 960/4338/2540
f 795/3797/2538 960/4338/2540 963/4081/2541
f 801/2900/2542 966/2331/2543 974/1419/2544
f 801/2900/2542 974/1419/2544 803/4507/2545
f 803/4507/2546 974/1419/2547 973/427/2548
f 803/4507/2546 973/427/2548 805/2269/2549
f 805/2269/2550 973/427/2551 975/1527/2552
f 805/2269/2550 975/1527/2552 807/2562/2553
f 807/2562/2554 975/1527/2555 808/2581/2556
usemtl stonetrims
f 788/152/2557 792/25/2558 964/1674/2559
f 788/152/2557 964/1674/2559 958/78/2560
f 763/1175/2561 767/3221/2562 936/1593/2563
f 763/1175/2561 936/1593/2563 926/4058/2564
usemtl brickwall1
f 832/1476/2565 944/1284/2566 946/3818/2567
f 832/1476/2565 946/3818/2567 834/4456/2568
f 834/4456/2569 946/3818/2570 953/700/2571
f 834/4456/2569 953/700/2571 836/3833/2572
f 836/3833/2573 953/700/2574 945/4176/2575
f 836/3833/2573 945/4176/2575 838/492/2576
f 838/492/2577 945/4176/2578 952/1808/2579
f 838/492/2577 952/1808/2579 840/2534/2580
f 840/2534/2581 952/1808/2582 950/1701/2583
f 797/2428/2584 798/815/2585 939/693/2586
f 797/2428/2584 939/693/2586 926/2910/2587
f 833/3058/2588 835/1301/2589 957/88/2590
f 833/3058/2588 957/88/2590 962/1155/2591
f 835/1301/2592 837/3740/2593 955/2503/2594
f 835/1301/2592 955/2503/2594 957/88/2595
f 837/3740/2596 839/4532/2597 956/3670/2598
f 837/3740/2596 956/3670/2598 955/2503/2599
f 839/4532/2600 841/3557/2601 956/3670/2602
f 831/681/2603 833/3058/2604 962/1155/2605
f 831/681/2603 962/1155/2605 960/4338/2606
usemtl stonetrims
f 766/1928/2607 757/2526/2608 938/371/2609
f 766/1928/2607 938/371/2609 928/1915/2610
f 758/4662/2611 762/3974/2612 931/1026/2613
f 758/4662/2611 931/1026/2613 934/2163/2614
f 757/2526/2615 761/1992/2616 927/1390/2617
f 757/2526/2615 927/1390/2617 938/371/2618
f 762/3974/2619 766/1928/2620 928/1915/2621
f 762/3974/2619 928/1915/2621 931/1026/2622
usemtl brickwall1
f 799/1430/2623 970/4567/2624 966/2331/2625
f 799/1430/2623 966/2331/2625 801/2900/2626
usemtl stonetrims
f 747/304/2627 743/2649/2628 941/3234/2629
f 747/304/2627 941/3234/2629 948/1048/2630
f 752/1895/2631 748/463/2632 951/3644/2633
f 752/1895/2631 951/3644/2633 942/1023/2634
f 793/2834/2635 788/152/2636 958/78/2637
f 793/2834/2635 958/78/2637 963/3913/2638
f 751/3884/2639 747/304/2640 948/1048/2641
f 751/3884/2639 948/1048/2641 940/581/2642
f 743/2649/2643 752/1895/2644 942/1023/2645
f 743/2649/2643 942/1023/2645 941/3234/2646
f 748/463/2647 744/4275/2648 943/1970/2649
f 748/463/2647 943/1970/2649 951/3644/2650
f 791/2467/2651 783/2698/2652 819/2921/2653
f 791/2467/2651 819/2921/2653 961/1691/2654
f 784/2997/2655 787/529/2656 965/3360/2657
f 784/2997/2655 965/3360/2657 959/4533/2658
f 767/3221/2659 758/4662/2660 934/2163/2661
f 767/3221/2659 934/2163/2661 936/1593/2662
f 787/529/2663 791/2467/2664 961/1691/2665
f 787/529/2663 961/1691/2665 965/3360/2666
f 792/25/2667 784/2997/2668 959/4533/2669
f 792/25/2667 959/4533/2669 964/1674/2670
usemtl brickwall1
f 794/4699/2671 954/4495/2672 944/1284/2673
f 794/4699/2671 944/1284/2673 832/1476/2674
usemtl stonetrims
f 770/3970/2675 779/3846/2676 971/3490/2677
f 770/3970/2675 971/3490/2677 820/493/2678
f 775/4399/2679 771/3384/2680 969/4422/2681
f 775/4399/2679 969/4422/2681 976/1322/2682
f 780/2938/2683 776/1022/2684 967/1421/2685
f 780/2938/2683 967/1421/2685 972/4594/2686
usemtl brickwall1
f 796/3504/2687 968/1353/2688 970/4567/2689
f 796/3504/2687 970/4567/2689 799/1430/2690
usemtl stonetrims
f 779/3846/2691 775/4399/2692 976/1322/2693
f 779/3846/2691 976/1322/2693 971/3490/2694
f 771/3384/2695 780/2938/2696 972/4594/2697
f 771/3384/2695 972/4594/2697 969/4422/2698
f 776/1022/2699 773/1623/2700 968/1002/2701
f 776/1022/2699 968/1002/2701 967/1421/2702
f 813/3196/2703 811/2983/2704 879/631/2705
f 813/3196/2703 879/631/2705 877/560/2706
f 794/849/2707 832/2173/2708 893/1643/2709
f 794/849/2707 893/1643/2709 849/4313/2710
f 812/893/2711 814/687/2712 878/1459/2713
f 812/893/2711 878/1459/2713 880/1164/2714
f 798/3137/2715 797/2891/2716 848/1398/2717
f 798/3137/2715 848/1398/2717 859/4300/2718
f 796/511/2719 799/1396/2720 860/1455/2721
f 796/511/2719 860/1455/2721 850/3961/2722
f 800/1727/2723 798/3137/2724 859/4300/2725
f 800/1727/2723 859/4300/2725 857/2414/2726
f 815/4600/2727 813/3196/2728 877/560/2729
f 815/4600/2727 877/560/2729 875/3060/2730
f 833/3523/2731 831/3407/2732 892/717/2733
f 833/3523/2731 892/717/2733 890/2039/2734
f 799/1396/2735 801/3903/2736 858/1855/2737
f 799/1396/2735 858/1855/2737 860/1455/2738
f 814/687/2739 816/4390/2740 876/2878/2741
f 814/687/2739 876/2878/2741 878/1459/2742
f 832/2173/2743 834/4547/2744 891/3693/2745
f 832/2173/2743 891/3693/2745 893/1643/2746
f 802/3525/2747 800/1727/2748 857/2414/2749
f 802/3525/2747 857/2414/2749 855/4530/2750
f 817/1755/2751 815/4600/2752 875/3060/2753
f 817/1755/2751 875/3060/2753 872/3015/2754
f 835/3114/2755 833/3523/2756 890/2039/2757
f 835/3114/2755 890/2039/2757 888/1142/2758
f 801/3903/2759 803/2158/2760 856/1675/2761
f 801/3903/2759 856/1675/2761 858/1855/2762
f 816/4390/2763 818/837/2764 873/827/2765
f 816/4390/2763 873/827/2765 876/2878/2766
f 834/4547/2767 836/355/2768 889/2095/2769
f 834/4547/2767 889/2095/2769 891/3693/2770
f 804/3518/2771 802/3525/2772 855/4530/2773
f 804/3518/2771 855/4530/2773 853/989/2774
f 820/3537/2775 817/1755/2776 872/3015/2777
f 820/3537/2775 872/3015/2777 845/760/2778
f 837/340/2779 835/3114/2780 888/1142/2781
f 837/340/2779 888/1142/2781 886/2314/2782
f 803/2158/2783 805/4100/2784 854/453/2785
f 803/2158/2783 854/453/2785 856/1675/2786
f 836/355/2787 838/2730/2788 887/2814/2789
f 836/355/2787 887/2814/2789 889/2095/2790
f 818/837/2791 819/882/2792 874/2436/2793
f 818/837/2791 874/2436/2793 873/827/2794
f 852/3988/2795 842/1569/2796 843/3971/2797
f 852/3988/2795 843/3971/2797 851/4498/2798
f 854/453/2799 852/3988/2800 851/4498/2801
f 854/453/2799 851/4498/2801 853/989/2802
f 856/1675/2803 854/453/2804 853/989/2805
f 856/1675/2803 853/989/2805 855/4530/2806
f 858/1855/2807 856/1675/2808 855/4530/2809
f 858/1855/2807 855/4530/2809 857/2414/2810
f 860/1455/2811 858/1855/2812 857/2414/2813
f 860/1455/2811 857/2414/2813 859/4300/2814
f 844/2962/2815 862/4630/2816 863/1221/2817
f 844/2962/2815 863/1221/2817 861/1638/2818
f 862/4630/2819 864/4647/2820 865/3375/2821
f 862/4630/2819 865/3375/2821 863/1221/2822
f 864/4647/2823 866/2027/2824 867/751/2825
f 864/4647/2823 867/751/2825 865/3375/2826
f 866/2027/2827 868/369/2828 869/2234/2829
f 866/2027/2827 869/2234/2829 867/751/2830
f 868/369/2831 870/1863/2832 871/4022/2833
f 868/369/2831 871/4022/2833 869/2234/2834
f 873/827/2835 874/2436/2836 845/760/2837
f 873/827/2835 845/760/2837 872/3015/2838
f 876/2878/2839 873/827/2840 872/3015/2841
f 876/2878/2839 872/3015/2841 875/3060/2842
f 878/1459/2843 876/2878/2844 875/3060/2845
f 878/1459/2843 875/3060/2845 877/560/2846
f 880/1164/2847 878/1459/2848 877/560/2849
f 880/1164/2847 877/560/2849 879/631/2850
f 882/1451/2851 880/1164/2852 879/631/2853
f 882/1451/2851 879/631/2853 881/4364/2854
f 870/1863/2855 849/3861/2856 848/2960/2857
f 870/1863/2855 848/2960/2857 871/4022/2858
f 847/4323/2859 882/1451/2860 881/4364/2861
f 847/4323/2859 881/4364/2861 850/3313/2862
f 884/26/2863 885/3548/2864 846/3349/2865
f 884/26/2863 846/3349/2865 883/1500/2866
f 887/2814/2867 884/26/2868 883/1500/2869
f 887/2814/2867 883/1500/2869 886/2314/2870
f 889/2095/2871 887/2814/2872 886/2314/2873
f 889/2095/2871 886/2314/2873 888/1142/2874
f 891/3693/2875 889/2095/2876 888/1142/2877
f 891/3693/2875 888/1142/2877 890/2039/2878
f 893/1643/2879 891/3693/2880 890/2039/2881
f 893/1643/2879 890/2039/2881 892/717/2882
f 850/3961/2883 860/1455/2884 859/4300/2885
f 850/3961/2883 859/4300/2885 848/1398/2886
f 849/4313/2887 893/1643/2888 892/717/2889
f 849/4313/2887 892/717/2889 847/3647/2890
f 831/3407/2891 795/1492/2892 847/3647/2893
f 831/3407/2891 847/3647/2893 892/717/2894
f 830/2213/2895 927/2264/2896 861/1638/2897
f 830/2213/2895 861/1638/2897 863/1221/2898
f 810/2943/2899 812/893/2900 880/1164/2901
f 810/2943/2899 880/1164/2901 882/1451/2902
f 829/2736/2903 827/3212/2904 864/4647/2905
f 829/2736/2903 864/4647/2905 862/4630/2906
f 811/2983/2907 809/727/2908 881/4364/2909
f 811/2983/2907 881/4364/2909 879/631/2910
f 821/4096/2911 794/4200/2912 849/3861/2913
f 821/4096/2911 849/3861/2913 870/1863/2914
f 828/1117/2915 830/2213/2916 863/1221/2917
f 828/1117/2915 863/1221/2917 865/3375/2918
f 797/2438/2919 822/2137/2920 871/4022/2921
f 797/2438/2919 871/4022/2921 848/2960/2922
f 827/3212/2923 825/1283/2924 866/2027/2925
f 827/3212/2923 866/2027/2925 864/4647/2926
f 795/4501/2927 810/2943/2928 882/1451/2929
f 795/4501/2927 882/1451/2929 847/4323/2930
f 809/727/2931 796/3453/2932 850/3313/2933
f 809/727/2931 850/3313/2933 881/4364/2934
f 826/4084/2935 828/1117/2936 865/3375/2937
f 826/4084/2935 865/3375/2937 867/751/2938
f 825/1283/2939 823/1903/2940 868/369/2941
f 825/1283/2939 868/369/2941 866/2027/2942
f 840/3355/2943 950/2880/2944 885/3548/2945
f 840/3355/2943 885/3548/2945 884/26/2946
f 807/894/2947 808/2740/2948 842/1569/2949
f 807/894/2947 842/1569/2949 852/3988/2950
f 824/1546/2951 826/4084/2952 867/751/2953
f 824/1546/2951 867/751/2953 869/2234/2954
f 841/4516/2955 839/2342/2956 883/1500/2957
f 841/4516/2955 883/1500/2957 846/3349/2958
f 823/1903/2959 821/4096/2960 870/1863/2961
f 823/1903/2959 870/1863/2961 868/369/2962
f 838/2730/2963 840/3355/2964 884/26/2965
f 838/2730/2963 884/26/2965 887/2814/2966
f 822/2137/2967 824/1546/2968 869/2234/2969
f 822/2137/2967 869/2234/2969 871/4022/2970
f 805/4100/2971 807/894/2972 852/3988/2973
f 805/4100/2971 852/3988/2973 854/453/2974
f 839/2342/2975 837/340/2976 886/2314/2977
f 839/2342/2975 886/2314/2977 883/1500/2978
f 806/2614/2979 804/3518/2980 853/989/2981
f 806/2614/2979 853/989/2981 851/4498/2982
f 849/2544/2983 847/3908/2984 897/1758/2985
f 849/2544/2983 897/1758/2985 895/3789/2986
f 850/1856/2987 848/929/2988 894/4146/2989
f 850/1856/2987 894/4146/2989 899/4008/2990
f 847/1044/2991 850/4147/2992 899/4186/2993
f 847/1044/2991 899/4186/2993 897/745/2994
f 896/528/2995 900/3005/2996 894/3545/2997
f 895/4134/2998 904/3142/2999 902/640/3000
f 895/4134/2998 902/640/3000 896/528/3001
f 897/240/3002 901/4556/3003 898/2225/3004
f 899/2353/3005 900/3005/3006 901/4556/3007
f 898/2225/3008 901/4556/3009 903/3909/3010
f 898/2225/3008 903/3909/3010 902/640/3011
f 899/4008/3012 894/4146/3013 900/3585/3014
f 894/485/3015 895/3814/3016 896/3929/3017
f 895/3789/3018 897/1758/3019 898/4612/3020
f 895/3789/3018 898/4612/3020 904/2559/3021
f 897/745/3022 899/4186/3023 901/2928/3024
f 896/528/3025 903/3909/3026 900/3005/3027
usemtl brickwall1
f 902/2479/3028 904/2842/3029 898/2484/3030
usemtl stonetrims
f 900/3005/3031 903/3909/3032 901/4556/3033
f 902/640/3034 903/3909/3035 896/528/3036
f 755/712/3037 933/4471/3038 914/543/3039
f 755/712/3037 914/543/3039 907/4243/3040
f 820/3537/3041 845/760/3042 921/2572/3043
f 820/3537/3041 921/2572/3043 916/4704/3044
f 808/4550/3045 777/3001/3046 910/4043/3047
f 808/4550/3045 910/4043/3047 913/4045/3048
f 770/3970/3049 820/493/3050 916/4347/3051
f 770/3970/3049 916/4347/3051 909/3870/3052
f 861/1638/3053 927/2264/3054 932/2001/3055
f 861/1638/3053 932/2001/3055 923/1262/3056
f 819/2921/3057 783/2698/3058 911/2734/3059
f 819/2921/3057 911/2734/3059 915/3539/3060
f 846/3349/3061 885/3548/3062 925/2722/3063
f 846/3349/3061 925/2722/3063 922/3598/3064
f 842/1569/3065 808/2740/3066 913/725/3067
f 842/1569/3065 913/725/3067 918/3452/3068
f 874/2436/3069 819/882/3070 915/2501/3071
f 874/2436/3069 915/2501/3071 924/2569/3072
f 789/4269/3073 841/3734/3074 917/3055/3075
f 789/4269/3073 917/3055/3075 912/3053/3076
f 844/2962/3077 861/1638/3078 923/1262/3079
f 844/2962/3077 923/1262/3079 920/3628/3080
f 885/3548/3081 950/2880/3082 947/4216/3083
f 885/3548/3081 947/4216/3083 925/2722/3084
f 950/3531/3085 745/3276/3086 905/122/3087
f 950/3531/3085 905/122/3087 947/1561/3088
f 845/760/3089 874/2436/3090 924/2569/3091
f 845/760/3089 924/2569/3091 921/2572/3092
f 927/1390/3093 761/1992/3094 908/933/3095
f 927/1390/3093 908/933/3095 932/4219/3096
f 843/3971/3097 842/1569/3098 918/3452/3099
f 843/3971/3097 918/3452/3099 919/2162/3100
f 751/3884/3101 940/581/3102 949/2628/3103
f 751/3884/3101 949/2628/3103 906/2289/3104
f 841/4516/3105 846/3349/3106 922/3598/3107
f 841/4516/3105 922/3598/3107 917/3684/3108
f 848/4522/3109 849/4392/3110 895/3814/3111
f 848/4522/3109 895/3814/3111 894/485/3112
f 939/846/3113 935/2811/3114 759/2388/3115
f 939/846/3113 759/2388/3115 756/1554/3116
f 930/3195/3117 937/980/3118 764/3779/3119
f 930/3195/3117 764/3779/3119 760/3904/3120
f 929/816/3121 933/4471/3122 755/712/3123
f 929/816/3121 755/712/3123 765/1453/3124
f 933/951/3125 806/2614/3126 851/4498/3127
f 933/951/3125 851/4498/3127 843/3971/3128
usemtl brickwall1
f 934/926/3129 931/2242/3130 826/992/3131
f 934/926/3129 826/992/3131 824/1545/3132
f 931/2242/3133 928/3485/3134 828/2523/3135
f 931/2242/3133 828/2523/3135 826/992/3136
usemtl stonetrims
f 914/2360/3137 933/951/3138 843/3971/3139
f 914/2360/3137 843/3971/3139 919/2162/3140
f 935/2811/3141 930/3195/3142 760/3904/3143
f 935/2811/3141 760/3904/3143 759/2388/3144
f 937/980/3145 929/816/3146 765/1453/3147
f 937/980/3145 765/1453/3147 764/3779/3148
usemtl brickwall1
f 936/1601/3149 934/926/3150 824/1545/3151
f 936/1601/3149 824/1545/3151 822/403/3152
f 926/2910/3153 936/1601/3154 822/403/3155
f 926/2910/3153 822/403/3155 797/2428/3156
usemtl stonetrims
f 926/4058/3157 939/846/3158 756/1554/3159
f 926/4058/3157 756/1554/3159 763/1175/3160
usemtl brickwall1
f 928/3485/3161 938/1995/3162 830/2210/3163
f 928/3485/3161 830/2210/3163 828/2523/3164
f 938/1995/3165 927/2950/3166 830/2210/3167
f 942/3912/3168 951/3168/3169 823/399/3170
f 942/3912/3168 823/399/3170 825/2081/3171
f 940/3075/3172 948/2151/3173 829/2439/3174
f 951/3168/3175 943/4591/3176 821/4009/3177
f 951/3168/3175 821/4009/3177 823/399/3178
usemtl stonetrims
f 944/4701/3179 954/4577/3180 754/2636/3181
f 944/4701/3179 754/2636/3181 746/3395/3182
f 946/4526/3183 944/4701/3184 746/3395/3185
f 946/4526/3183 746/3395/3185 749/2745/3186
f 945/3999/3187 953/1068/3188 750/3950/3189
f 945/3999/3187 750/3950/3189 753/4505/3190
f 950/3531/3191 952/3963/3192 742/4416/3193
f 950/3531/3191 742/4416/3193 745/3276/3194
f 940/3939/3195 829/2736/3196 862/4630/3197
f 940/3939/3195 862/4630/3197 844/2962/3198
usemtl brickwall1
f 948/2151/3199 941/4293/3200 827/2278/3201
f 948/2151/3199 827/2278/3201 829/2439/3202
f 941/4293/3203 942/3912/3204 825/2081/3205
f 941/4293/3203 825/2081/3205 827/2278/3206
f 943/4591/3207 954/4495/3208 794/4699/3209
f 943/4591/3207 794/4699/3209 821/4009/3210
usemtl stonetrims
f 953/1068/3211 946/4526/3212 749/2745/3213
f 953/1068/3211 749/2745/3213 750/3950/3214
f 952/3963/3215 945/3999/3216 753/4505/3217
f 952/3963/3215 753/4505/3217 742/4416/3218
f 949/237/3219 940/3939/3220 844/2962/3221
f 949/237/3219 844/2962/3221 920/3628/3222
usemtl brickwall1
f 959/3933/3223 965/1478/3224 816/1703/3225
f 959/3933/3223 816/1703/3225 814/2340/3226
f 965/1478/3227 961/1080/3228 818/4569/3229
f 965/1478/3227 818/4569/3229 816/1703/3230
f 958/454/3231 964/134/3232 812/154/3233
f 958/454/3231 812/154/3233 810/2637/3234
usemtl stonetrims
f 962/912/3235 957/1471/3236 782/219/3237
f 962/912/3235 782/219/3237 781/2700/3238
f 955/66/3239 956/2084/3240 786/246/3241
f 955/66/3239 786/246/3241 785/2851/3242
f 960/1580/3243 962/912/3244 781/2700/3245
f 960/1580/3243 781/2700/3245 790/4397/3246
usemtl brickwall1
f 963/4081/3247 958/454/3248 810/2637/3249
f 963/4081/3247 810/2637/3249 795/3797/3250
f 961/1080/3251 819/1357/3252 818/4569/3253
f 964/134/3254 959/3933/3255 814/2340/3256
f 964/134/3254 814/2340/3256 812/154/3257
usemtl stonetrims
f 963/3913/3258 960/1580/3259 790/4397/3260
f 963/3913/3258 790/4397/3260 793/2834/3261
f 957/1471/3262 955/66/3263 785/2851/3264
f 957/1471/3262 785/2851/3264 782/219/3265
f 956/2084/3266 841/3734/3267 789/4269/3268
f 956/2084/3266 789/4269/3268 786/246/3269
usemtl brickwall1
f 976/3745/3270 969/3361/3271 813/956/3272
f 976/3745/3270 813/956/3272 815/3327/3273
usemtl stonetrims
f 974/3839/3274 966/4340/3275 768/3302/3276
f 974/3839/3274 768/3302/3276 769/4109/3277
f 975/4520/3278 973/1071/3279 772/1842/3280
f 975/4520/3278 772/1842/3280 774/1934/3281
f 970/1904/3282 968/1002/3283 773/1623/3284
f 970/1904/3282 773/1623/3284 778/3115/3285
usemtl brickwall1
f 969/3361/3286 972/3476/3287 811/2596/3288
f 969/3361/3286 811/2596/3288 813/956/3289
f 820/4466/3290 971/3013/3291 817/3398/3292
f 972/3476/3293 967/2004/3294 809/315/3295
f 972/3476/3293 809/315/3295 811/2596/3296
f 971/3013/3297 976/3745/3298 815/3327/3299
f 971/3013/3297 815/3327/3299 817/3398/3300
f 967/2004/3301 968/1353/3302 796/3504/3303
f 967/2004/3301 796/3504/3303 809/315/3304
usemtl stonetrims
f 973/1071/3305 974/3839/3306 769/4109/3307
f 973/1071/3305 769/4109/3307 772/1842/3308
f 808/4550/3309 975/4520/3310 774/1934/3311
f 808/4550/3309 774/1934/3311 777/3001/3312
f 966/4340/3313 970/1904/3314 778/3115/3315
f 966/4340/3313 778/3115/3315 768/3302/3316
f 979/1392/3317 989/4482/3318 1189/1662/3319
f 979/1392/3317 1189/1662/3319 1178/3822/3320
usemtl brickwall1
f 1033/1095/3321 1035/1958/3322 1170/138/3323
f 1033/1095/3321 1170/138/3323 1174/2545/3324
f 1035/1958/3325 1037/283/3326 1165/3091/3327
f 1035/1958/3325 1165/3091/3327 1170/138/3328
f 1037/283/3329 1039/4099/3330 1172/2471/3331
f 1037/283/3329 1172/2471/3331 1165/3091/3332
f 1039/4099/3333 1041/242/3334 1164/394/3335
f 1039/4099/3333 1164/394/3335 1172/2471/3336
f 1041/242/3337 1168/2182/3338 1164/394/3339
f 1030/915/3340 1066/981/3341 1195/1450/3342
f 1030/915/3340 1195/1450/3342 1198/4334/3343
f 1036/5/3344 1201/4156/3345 1209/3279/3346
f 1036/5/3344 1209/3279/3346 1038/84/3347
f 1038/84/3348 1209/3279/3349 1208/2280/3350
f 1038/84/3348 1208/2280/3350 1040/2552/3351
f 1040/2552/3352 1208/2280/3353 1210/3420/3354
f 1040/2552/3352 1210/3420/3354 1042/2871/3355
f 1042/2871/3356 1210/3420/3357 1043/4418/3358
usemtl stonetrims
f 1023/1990/3359 1027/1850/3360 1199/3546/3361
f 1023/1990/3359 1199/3546/3361 1193/1905/3362
f 998/3036/3363 1002/364/3364 1171/3491/3365
f 998/3036/3363 1171/3491/3365 1161/1151/3366
usemtl brickwall1
f 1067/3363/3367 1179/1538/3368 1181/4111/3369
f 1067/3363/3367 1181/4111/3369 1069/1536/3370
f 1069/1536/3371 1181/4111/3372 1188/2553/3373
f 1069/1536/3371 1188/2553/3373 1071/941/3374
f 1071/941/3375 1188/2553/3376 1180/1296/3377
f 1071/941/3375 1180/1296/3377 1073/2366/3378
f 1073/2366/3379 1180/1296/3380 1187/3657/3381
f 1073/2366/3379 1187/3657/3381 1075/2833/3382
f 1075/2833/3383 1187/3657/3384 1185/3574/3385
f 1032/4240/3386 1033/1095/3387 1174/2545/3388
f 1032/4240/3386 1174/2545/3388 1161/14/3389
f 1068/179/3390 1070/3149/3391 1192/1916/3392
f 1068/179/3390 1192/1916/3392 1197/3019/3393
f 1070/3149/3394 1072/865/3395 1190/4325/3396
f 1070/3149/3394 1190/4325/3396 1192/1916/3397
f 1072/865/3398 1074/1613/3399 1191/803/3400
f 1072/865/3398 1191/803/3400 1190/4325/3401
f 1074/1613/3402 1076/674/3403 1191/803/3404
f 1066/981/3405 1068/179/3406 1197/3019/3407
f 1066/981/3405 1197/3019/3407 1195/1450/3408
usemtl stonetrims
f 1001/3780/3409 992/4355/3410 1173/634/3411
f 1001/3780/3409 1173/634/3411 1163/3772/3412
f 993/1767/3413 997/1069/3414 1166/1314/3415
f 993/1767/3413 1166/1314/3415 1169/2477/3416
f 992/4355/3417 996/3853/3418 1162/1664/3419
f 992/4355/3417 1162/1664/3419 1173/634/3420
f 997/1069/3421 1001/3780/3422 1163/3772/3423
f 997/1069/3421 1163/3772/3423 1166/1314/3424
usemtl brickwall1
f 1034/3291/3425 1205/1651/3426 1201/4156/3427
f 1034/3291/3425 1201/4156/3427 1036/5/3428
usemtl stonetrims
f 982/2130/3429 978/4497/3430 1176/370/3431
f 982/2130/3429 1176/370/3431 1183/2916/3432
f 987/3754/3433 983/772/3434 1186/780/3435
f 987/3754/3433 1186/780/3435 1177/2894/3436
f 1028/4656/3437 1023/1990/3438 1193/1905/3439
f 1028/4656/3437 1193/1905/3439 1198/4179/3440
f 986/986/3441 982/2130/3442 1183/2916/3443
f 986/986/3441 1183/2916/3443 1175/2464/3444
f 978/4497/3445 987/3754/3446 1177/2894/3447
f 978/4497/3445 1177/2894/3447 1176/370/3448
f 983/772/3449 979/1392/3450 1178/3822/3451
f 983/772/3449 1178/3822/3451 1186/780/3452
f 1026/4276/3453 1018/4537/3454 1054/3187/3455
f 1026/4276/3453 1054/3187/3455 1196/2011/3456
f 1019/105/3457 1022/844/3458 1200/3635/3459
f 1019/105/3457 1200/3635/3459 1194/1614/3460
f 1002/364/3461 993/1767/3462 1169/2477/3463
f 1002/364/3461 1169/2477/3463 1171/3491/3464
f 1022/844/3465 1026/4276/3466 1196/2011/3467
f 1022/844/3465 1196/2011/3467 1200/3635/3468
f 1027/1850/3469 1019/105/3470 1194/1614/3471
f 1027/1850/3469 1194/1614/3471 1199/3546/3472
usemtl brickwall1
f 1029/287/3473 1189/1572/3474 1179/1538/3475
f 1029/287/3473 1179/1538/3475 1067/3363/3476
usemtl stonetrims
f 1005/1062/3477 1014/952/3478 1206/588/3479
f 1005/1062/3477 1206/588/3479 1055/2368/3480
f 1010/1486/3481 1006/483/3482 1204/1512/3483
f 1010/1486/3481 1204/1512/3483 1211/3169/3484
f 1015/43/3485 1011/2892/3486 1202/3281/3487
f 1015/43/3485 1202/3281/3487 1207/1681/3488
usemtl brickwall1
f 1031/606/3489 1203/3203/3490 1205/1651/3491
f 1031/606/3489 1205/1651/3491 1034/3291/3492
usemtl stonetrims
f 1014/952/3493 1010/1486/3494 1211/3169/3495
f 1014/952/3493 1211/3169/3495 1206/588/3496
f 1006/483/3497 1015/43/3498 1207/1681/3499
f 1006/483/3497 1207/1681/3499 1204/1512/3500
f 1011/2892/3501 1008/1959/3502 1203/1297/3503
f 1011/2892/3501 1203/1297/3503 1202/3281/3504
f 1048/338/3505 1046/3242/3506 1114/938/3507
f 1048/338/3505 1114/938/3507 1112/2447/3508
f 1029/2684/3509 1067/4039/3510 1128/3522/3511
f 1029/2684/3509 1128/3522/3511 1084/4608/3512
f 1047/1169/3513 1049/2540/3514 1113/3334/3515
f 1047/1169/3513 1113/3334/3515 1115/3030/3516
f 1033/3439/3517 1032/4705/3518 1083/1676/3519
f 1033/3439/3517 1083/1676/3519 1094/1409/3520
f 1031/2392/3521 1034/3253/3522 1095/3328/3523
f 1031/2392/3521 1095/3328/3523 1085/1054/3524
f 1035/3589/3525 1033/3439/3526 1094/1409/3527
f 1035/3589/3525 1094/1409/3527 1092/4230/3528
f 1050/178/3529 1048/338/3530 1112/2447/3531
f 1050/178/3529 1112/2447/3531 1110/181/3532
f 1068/629/3533 1066/503/3534 1127/2568/3535
f 1068/629/3533 1127/2568/3535 1125/2346/3536
f 1034/3253/3537 1036/4170/3538 1093/3707/3539
f 1034/3253/3537 1093/3707/3539 1095/3328/3540
f 1049/2540/3541 1051/1482/3542 1111/3150/3543
f 1049/2540/3541 1111/3150/3543 1113/3334/3544
f 1067/4039/3545 1069/127/3546 1126/823/3547
f 1067/4039/3545 1126/823/3547 1128/3522/3548
f 1037/3830/3549 1035/3589/3550 1092/4230/3551
f 1037/3830/3549 1092/4230/3551 1090/1608/3552
f 1052/3614/3553 1050/178/3554 1110/181/3555
f 1052/3614/3553 1110/181/3555 1107/3277/3556
f 1070/3413/3557 1068/629/3558 1125/2346/3559
f 1070/3413/3557 1125/2346/3559 1123/3012/3560
f 1036/4170/3561 1038/4023/3562 1091/3547/3563
f 1036/4170/3561 1091/3547/3563 1093/3707/3564
f 1051/1482/3565 1053/1121/3566 1108/2661/3567
f 1051/1482/3565 1108/2661/3567 1111/3150/3568
f 1069/127/3569 1071/2183/3570 1124/3964/3571
f 1069/127/3569 1124/3964/3571 1126/823/3572
f 1039/625/3573 1037/3830/3574 1090/1608/3575
f 1039/625/3573 1090/1608/3575 1088/2856/3576
f 1055/3849/3577 1052/3614/3578 1107/3277/3579
f 1055/3849/3577 1107/3277/3579 1080/2604/3580
f 1072/2164/3581 1070/3413/3582 1123/3012/3583
f 1072/2164/3581 1123/3012/3583 1121/2594/3584
f 1038/4023/3585 1040/1205/3586 1089/2323/3587
f 1038/4023/3585 1089/2323/3587 1091/3547/3588
f 1071/2183/3589 1073/4565/3590 1122/4637/3591
f 1071/2183/3589 1122/4637/3591 1124/3964/3592
f 1053/1121/3593 1054/2724/3594 1109/4247/3595
f 1053/1121/3593 1109/4247/3595 1108/2661/3596
f 1087/1087/3597 1077/1896/3598 1078/1063/3599
f 1087/1087/3597 1078/1063/3599 1086/1576/3600
f 1089/2323/3601 1087/1087/3602 1086/1576/3603
f 1089/2323/3601 1086/1576/3603 1088/2856/3604
f 1091/3547/3605 1089/2323/3606 1088/2856/3607
f 1091/3547/3605 1088/2856/3607 1090/1608/3608
f 1093/3707/3609 1091/3547/3610 1090/1608/3611
f 1093/3707/3609 1090/1608/3611 1092/4230/3612
f 1095/3328/3613 1093/3707/3614 1092/4230/3615
f 1095/3328/3613 1092/4230/3615 1094/1409/3616
f 1079/68/3617 1097/224/3618 1098/3073/3619
f 1079/68/3617 1098/3073/3619 1096/1971/3620
f 1097/224/3621 1099/1751/3622 1100/3652/3623
f 1097/224/3621 1100/3652/3623 1098/3073/3624
f 1099/1751/3625 1101/3899/3626 1102/1035/3627
f 1099/1751/3625 1102/1035/3627 1100/3652/3628
f 1101/3899/3629 1103/2214/3630 1104/2519/3631
f 1101/3899/3629 1104/2519/3631 1102/1035/3632
f 1103/2214/3633 1105/3714/3634 1106/1125/3635
f 1103/2214/3633 1106/1125/3635 1104/2519/3636
f 1108/2661/3637 1109/4247/3638 1080/2604/3639
f 1108/2661/3637 1080/2604/3639 1107/3277/3640
f 1111/3150/3641 1108/2661/3642 1107/3277/3643
f 1111/3150/3641 1107/3277/3643 1110/181/3644
f 1113/3334/3645 1111/3150/3646 1110/181/3647
f 1113/3334/3645 1110/181/3647 1112/2447/3648
f 1115/3030/3649 1113/3334/3650 1112/2447/3651
f 1115/3030/3649 1112/2447/3651 1114/938/3652
f 1117/3322/3653 1115/3030/3654 1114/938/3655
f 1117/3322/3653 1114/938/3655 1116/1463/3656
f 1105/3714/3657 1084/964/3658 1083/67/3659
f 1105/3714/3657 1083/67/3659 1106/1125/3660
f 1082/1435/3661 1117/3322/3662 1116/1463/3663
f 1082/1435/3661 1116/1463/3663 1085/433/3664
f 1119/1851/3665 1120/655/3666 1081/3626/3667
f 1119/1851/3665 1081/3626/3667 1118/3385/3668
f 1122/4637/3669 1119/1851/3670 1118/3385/3671
f 1122/4637/3669 1118/3385/3671 1121/2594/3672
f 1124/3964/3673 1122/4637/3674 1121/2594/3675
f 1124/3964/3673 1121/2594/3675 1123/3012/3676
f 1126/823/3677 1124/3964/3678 1123/3012/3679
f 1126/823/3677 1123/3012/3679 1125/2346/3680
f 1128/3522/3681 1126/823/3682 1125/2346/3683
f 1128/3522/3681 1125/2346/3683 1127/2568/3684
f 1085/1054/3685 1095/3328/3686 1094/1409/3687
f 1085/1054/3685 1094/1409/3687 1083/1676/3688
f 1084/4608/3689 1128/3522/3690 1127/2568/3691
f 1084/4608/3689 1127/2568/3691 1082/783/3692
f 1066/503/3693 1030/3378/3694 1082/783/3695
f 1066/503/3693 1082/783/3695 1127/2568/3696
f 1065/4070/3697 1162/4112/3698 1096/1971/3699
f 1065/4070/3697 1096/1971/3699 1098/3073/3700
f 1045/48/3701 1047/1169/3702 1115/3030/3703
f 1045/48/3701 1115/3030/3703 1117/3322/3704
f 1064/4572/3705 1062/3507/3706 1099/1751/3707
f 1064/4572/3705 1099/1751/3707 1097/224/3708
f 1046/3242/3709 1044/1013/3710 1116/1463/3711
f 1046/3242/3709 1116/1463/3711 1114/938/3712
f 1056/1200/3713 1029/4496/3714 1084/964/3715
f 1056/1200/3713 1084/964/3715 1105/3714/3716
f 1063/1394/3717 1065/4070/3718 1098/3073/3719
f 1063/1394/3717 1098/3073/3719 1100/3652/3720
f 1032/4249/3721 1057/4002/3722 1106/1125/3723
f 1032/4249/3721 1106/1125/3723 1083/67/3724
f 1062/3507/3725 1060/3125/3726 1101/3899/3727
f 1062/3507/3725 1101/3899/3727 1099/1751/3728
f 1030/1579/3729 1045/48/3730 1117/3322/3731
f 1030/1579/3729 1117/3322/3731 1082/1435/3732
f 1044/1013/3733 1031/548/3734 1085/433/3735
f 1044/1013/3733 1085/433/3735 1116/1463/3736
f 1061/1184/3737 1063/1394/3738 1100/3652/3739
f 1061/1184/3737 1100/3652/3739 1102/1035/3740
f 1060/3125/3741 1058/2203/3742 1103/2214/3743
f 1060/3125/3741 1103/2214/3743 1101/3899/3744
f 1075/456/3745 1185/4695/3746 1120/655/3747
f 1075/456/3745 1120/655/3747 1119/1851/3748
f 1042/2735/3749 1043/3038/3750 1077/1896/3751
f 1042/2735/3749 1077/1896/3751 1087/1087/3752
f 1059/3438/3753 1061/1184/3754 1102/1035/3755
f 1059/3438/3753 1102/1035/3755 1104/2519/3756
f 1076/1594/3757 1074/4167/3758 1118/3385/3759
f 1076/1594/3757 1118/3385/3759 1081/3626/3760
f 1058/2203/3761 1056/1200/3762 1105/3714/3763
f 1058/2203/3761 1105/3714/3763 1103/2214/3764
f 1073/4565/3765 1075/456/3766 1119/1851/3767
f 1073/4565/3765 1119/1851/3767 1122/4637/3768
f 1057/4002/3769 1059/3438/3770 1104/2519/3771
f 1057/4002/3769 1104/2519/3771 1106/1125/3772
f 1040/1205/3773 1042/2735/3774 1087/1087/3775
f 1040/1205/3773 1087/1087/3775 1089/2323/3776
f 1074/4167/3777 1072/2164/3778 1121/2594/3779
f 1074/4167/3777 1121/2594/3779 1118/3385/3780
f 1041/2922/3781 1039/625/3782 1088/2856/3783
f 1041/2922/3781 1088/2856/3783 1086/1576/3784
f 1084/2850/3785 1082/998/3786 1132/3615/3787
f 1084/2850/3785 1132/3615/3787 1130/4086/3788
f 1085/3708/3789 1083/2770/3790 1129/1268/3791
f 1085/3708/3789 1129/1268/3791 1134/1112/3792
f 1082/2914/3793 1085/1269/3794 1134/1306/3795
f 1082/2914/3793 1134/1306/3795 1132/2589/3796
f 1131/2411/3797 1135/114/3798 1129/652/3799
f 1130/1245/3800 1139/272/3801 1137/2505/3802
f 1130/1245/3800 1137/2505/3802 1131/2411/3803
f 1132/2068/3804 1136/1641/3805 1133/2506/3806
f 1134/2630/3807 1135/114/3808 1136/1641/3809
f 1133/2506/3810 1136/1641/3811 1138/999/3812
f 1133/2506/3810 1138/999/3812 1137/2505/3813
f 1134/1112/3814 1129/1268/3815 1135/716/3816
f 1129/2358/3817 1130/930/3818 1131/1020/3819
f 1130/4086/3820 1132/3615/3821 1133/1702/3822
f 1130/4086/3820 1133/1702/3822 1139/4400/3823
f 1132/2589/3824 1134/1306/3825 1136/32/3826
f 1131/2411/3827 1138/999/3828 1135/114/3829
usemtl brickwall1
f 1137/4295/3830 1139/4664/3831 1133/4306/3832
usemtl stonetrims
f 1135/114/3833 1138/999/3834 1136/1641/3835
f 1137/2505/3836 1138/999/3837 1131/2411/3838
f 990/2564/3839 1168/1551/3840 1149/2425/3841
f 990/2564/3839 1149/2425/3841 1142/1368/3842
f 1055/3849/3843 1080/2604/3844 1156/4411/3845
f 1055/3849/3843 1156/4411/3845 1151/295/3846
f 1043/131/3847 1012/109/3848 1145/1137/3849
f 1043/131/3847 1145/1137/3849 1148/1139/3850
f 1005/1062/3851 1055/2368/3852 1151/1454/3853
f 1005/1062/3851 1151/1454/3853 1144/973/3854
f 1096/1971/3855 1162/4112/3856 1167/2301/3857
f 1096/1971/3855 1167/2301/3857 1158/3106/3858
f 1054/3187/3859 1018/4537/3860 1146/4566/3861
f 1054/3187/3859 1146/4566/3861 1150/646/3862
f 1081/3626/3863 1120/655/3864 1160/3026/3865
f 1081/3626/3863 1160/3026/3865 1157/3927/3866
f 1077/1896/3867 1043/3038/3868 1148/2573/3869
f 1077/1896/3867 1148/2573/3869 1153/547/3870
f 1109/4247/3871 1054/2724/3872 1150/2793/3873
f 1109/4247/3871 1150/2793/3873 1159/4410/3874
f 1024/4570/3875 1076/860/3876 1152/174/3877
f 1024/4570/3875 1152/174/3877 1147/170/3878
f 1079/68/3879 1096/1971/3880 1158/3106/3881
f 1079/68/3879 1158/3106/3881 1155/3947/3882
f 1120/655/3883 1185/4695/3884 1182/1333/3885
f 1120/655/3883 1182/1333/3885 1160/3026/3886
f 1185/637/3887 980/400/3888 1140/1954/3889
f 1185/637/3887 1140/1954/3889 1182/3454/3890
f 1080/2604/3891 1109/4247/3892 1159/4410/3893
f 1080/2604/3891 1159/4410/3893 1156/4411/3894
f 1162/1664/3895 996/3853/3896 1143/2775/3897
f 1162/1664/3895 1143/2775/3897 1167/1337/3898
f 1078/1063/3899 1077/1896/3900 1153/547/3901
f 1078/1063/3899 1153/547/3901 1154/4027/3902
f 986/986/3903 1175/2464/3904 1184/2935/3905
f 986/986/3903 1184/2935/3905 1141/4131/3906
f 1076/1594/3907 1081/3626/3908 1157/3927/3909
f 1076/1594/3907 1157/3927/3909 1152/818/3910
f 1083/1600/3911 1084/4677/3912 1130/930/3913
f 1083/1600/3911 1130/930/3913 1129/2358/3914
f 1174/2680/3915 1170/3095/3916 994/4207/3917
f 1174/2680/3915 994/4207/3917 991/1884/3918
f 1165/336/3919 1172/2835/3920 999/4080/3921
f 1165/336/3919 999/4080/3921 995/997/3922
f 1164/2646/3923 1168/1551/3924 990/2564/3925
f 1164/2646/3923 990/2564/3925 1000/3324/3926
f 1168/2802/3927 1041/2922/3928 1086/1576/3929
f 1168/2802/3927 1086/1576/3929 1078/1063/3930
usemtl brickwall1
f 1169/2768/3931 1166/4093/3932 1061/2864/3933
f 1169/2768/3931 1061/2864/3933 1059/3437/3934
f 1166/4093/3935 1163/580/3936 1063/2822/3937
f 1166/4093/3935 1063/2822/3937 1061/2864/3938
usemtl stonetrims
f 1149/2635/3939 1168/2802/3940 1078/1063/3941
f 1149/2635/3939 1078/1063/3941 1154/4027/3942
f 1170/3095/3943 1165/336/3944 995/997/3945
f 1170/3095/3943 995/997/3945 994/4207/3946
f 1172/2835/3947 1164/2646/3948 1000/3324/3949
f 1172/2835/3947 1000/3324/3949 999/4080/3950
usemtl brickwall1
f 1171/3496/3951 1169/2768/3952 1059/3437/3953
f 1171/3496/3951 1059/3437/3953 1057/2257/3954
f 1161/14/3955 1171/3496/3956 1057/2257/3957
f 1161/14/3955 1057/2257/3957 1032/4240/3958
usemtl stonetrims
f 1161/1151/3959 1174/2680/3960 991/1884/3961
f 1161/1151/3959 991/1884/3961 998/3036/3962
usemtl brickwall1
f 1163/580/3963 1173/3857/3964 1065/4067/3965
f 1163/580/3963 1065/4067/3965 1063/2822/3966
f 1173/3857/3967 1162/55/3968 1065/4067/3969
f 1177/1004/3970 1186/312/3971 1058/2254/3972
f 1177/1004/3970 1058/2254/3972 1060/3951/3973
f 1175/204/3974 1183/4017/3975 1064/2717/3976
f 1186/312/3977 1178/1679/3978 1056/1113/3979
f 1186/312/3977 1056/1113/3979 1058/2254/3980
usemtl stonetrims
f 1179/1821/3981 1189/1662/3982 989/4482/3983
f 1179/1821/3981 989/4482/3983 981/494/3984
f 1181/107/3985 1179/1821/3986 981/494/3987
f 1181/107/3985 981/494/3987 984/4584/3988
f 1180/1101/3989 1188/2944/3990 985/4218/3991
f 1180/1101/3989 985/4218/3991 988/1583/3992
f 1185/637/3993 1187/1057/3994 977/1506/3995
f 1185/637/3993 977/1506/3995 980/400/3996
f 1175/1030/3997 1064/4572/3998 1097/224/3999
f 1175/1030/3997 1097/224/3999 1079/68/4000
usemtl brickwall1
f 1183/4017/4001 1176/1404/4002 1062/4124/4003
f 1183/4017/4001 1062/4124/4003 1064/2717/4004
f 1176/1404/4005 1177/1004/4006 1060/3951/4007
f 1176/1404/4005 1060/3951/4007 1062/4124/4008
f 1178/1679/4009 1189/1572/4010 1029/287/4011
f 1178/1679/4009 1029/287/4011 1056/1113/4012
usemtl stonetrims
f 1188/2944/4013 1181/107/4014 984/4584/4015
f 1188/2944/4013 984/4584/4015 985/4218/4016
f 1187/1057/4017 1180/1101/4018 988/1583/4019
f 1187/1057/4017 988/1583/4019 977/1506/4020
f 1184/2062/4021 1175/1030/4022 1079/68/4023
f 1184/2062/4021 1079/68/4023 1155/3947/4024
usemtl brickwall1
f 1194/1024/4025 1200/1785/4026 1051/3576/4027
f 1194/1024/4025 1051/3576/4027 1049/4164/4028
f 1200/1785/4029 1196/2955/4030 1053/1652/4031
f 1200/1785/4029 1053/1652/4031 1051/3576/4032
f 1193/2327/4033 1199/411/4034 1047/431/4035
f 1193/2327/4033 1047/431/4035 1045/4483/4036
usemtl stonetrims
f 1197/1195/4037 1192/3354/4038 1017/2045/4039
f 1197/1195/4037 1017/2045/4039 1016/3008/4040
f 1190/1891/4041 1191/3954/4042 1021/512/4043
f 1190/1891/4041 1021/512/4043 1020/3120/4044
f 1195/3473/4045 1197/1195/4046 1016/3008/4047
f 1195/3473/4045 1016/3008/4047 1025/4683/4048
usemtl brickwall1
f 1198/4334/4049 1193/2327/4050 1045/4483/4051
f 1198/4334/4049 1045/4483/4051 1030/915/4052
f 1196/2955/4053 1054/3208/4054 1053/1652/4055
f 1199/411/4056 1194/1024/4057 1049/4164/4058
f 1199/411/4056 1049/4164/4058 1047/431/4059
usemtl stonetrims
f 1198/4179/4060 1195/3473/4061 1025/4683/4062
f 1198/4179/4060 1025/4683/4062 1028/4656/4063
f 1192/3354/4064 1190/1891/4065 1020/3120/4066
f 1192/3354/4064 1020/3120/4066 1017/2045/4067
f 1191/3954/4068 1076/860/4069 1024/4570/4070
f 1191/3954/4068 1024/4570/4070 1021/512/4071
usemtl brickwall1
f 1211/869/4072 1204/460/4073 1048/2808/4074
f 1211/869/4072 1048/2808/4074 1050/441/4075
usemtl stonetrims
f 1209/945/4076 1201/4636/4077 1003/426/4078
f 1209/945/4076 1003/426/4078 1004/1213/4079
f 1210/101/4080 1208/2948/4081 1007/3694/4082
f 1210/101/4080 1007/3694/4082 1009/3785/4083
f 1205/3761/4084 1203/1297/4085 1008/1959/4086
f 1205/3761/4084 1008/1959/4086 1013/3414/4087
usemtl brickwall1
f 1204/460/4088 1207/570/4089 1046/2906/4090
f 1204/460/4088 1046/2906/4090 1048/2808/4091
f 1055/40/4092 1206/124/4093 1052/496/4094
f 1207/570/4095 1202/3868/4096 1044/572/4097
f 1207/570/4095 1044/572/4097 1046/2906/4098
f 1206/124/4099 1211/869/4100 1050/441/4101
f 1206/124/4099 1050/441/4101 1052/496/4102
f 1202/3868/4103 1203/3203/4104 1031/606/4105
f 1202/3868/4103 1031/606/4105 1044/572/4106
usemtl stonetrims
f 1208/2948/4107 1209/945/4108 1004/1213/4109
f 1208/2948/4107 1004/1213/4109 1007/3694/4110
f 1043/131/4111 1210/101/4112 1009/3785/4113
f 1043/131/4111 1009/3785/4113 1012/109/4114
f 1201/4636/4115 1205/3761/4116 1013/3414/4117
f 1201/4636/4115 1013/3414/4117 1003/426/4118
f 1214/3247/4119 1224/63/4120 1424/1987/4121
f 1214/3247/4119 1424/1987/4121 1413/4115/4122
usemtl brickwall1
f 1268/2967/4123 1270/3811/4124 1405/1976/4125
f 1268/2967/4123 1405/1976/4125 1409/2852/4126
f 1270/3811/4127 1272/2112/4128 1400/226/4129
f 1270/3811/4127 1400/226/4129 1405/1976/4130
f 1272/2112/4131 1274/1204/4132 1407/4282/4133
f 1272/2112/4131 1407/4282/4133 1400/226/4134
f 1274/1204/4135 1276/2069/4136 1399/671/4137
f 1274/1204/4135 1399/671/4137 1407/4282/4138
f 1276/2069/4139 1403/4046/4140 1399/671/4141
f 1265/2759/4142 1301/2837/4143 1430/3314/4144
f 1265/2759/4142 1430/3314/4144 1433/1445/4145
f 1271/1831/4146 1436/1281/4147 1444/3568/4148
f 1271/1831/4146 1444/3568/4148 1273/1912/4149
f 1273/1912/4150 1444/3568/4151 1443/4126/4152
f 1273/1912/4150 1443/4126/4152 1275/4386/4153
f 1275/4386/4154 1443/4126/4155 1445/514/4156
f 1275/4386/4154 1445/514/4156 1277/4687/4157
f 1277/4687/4158 1445/514/4159 1278/1510/4160
usemtl stonetrims
f 1258/3847/4161 1262/3702/4162 1434/653/4163
f 1258/3847/4161 1434/653/4163 1428/2204/4164
f 1233/148/4165 1237/2201/4166 1406/589/4167
f 1233/148/4165 1406/589/4167 1396/1422/4168
usemtl brickwall1
f 1302/462/4169 1414/3429/4170 1416/1215/4171
f 1302/462/4169 1416/1215/4171 1304/3426/4172
f 1304/3426/4173 1416/1215/4174 1423/4387/4175
f 1304/3426/4173 1423/4387/4175 1306/1228/4176
f 1306/1228/4177 1423/4387/4178 1415/3141/4179
f 1306/1228/4177 1415/3141/4179 1308/4193/4180
f 1308/4193/4181 1415/3141/4182 1422/792/4183
f 1308/4193/4181 1422/792/4183 1310/4654/4184
f 1310/4654/4185 1422/792/4186 1420/694/4187
f 1267/1365/4188 1268/2967/4189 1409/2852/4190
f 1267/1365/4188 1409/2852/4190 1396/1840/4191
f 1303/451/4192 1305/280/4193 1427/2218/4194
f 1303/451/4192 1427/2218/4194 1432/129/4195
f 1305/280/4196 1307/2706/4197 1425/1436/4198
f 1305/280/4196 1425/1436/4198 1427/2218/4199
f 1307/2706/4200 1309/3505/4201 1426/1082/4202
f 1307/2706/4200 1426/1082/4202 1425/1436/4203
f 1309/3505/4204 1311/2532/4205 1426/1082/4206
f 1301/2837/4207 1303/451/4208 1432/129/4209
f 1301/2837/4207 1432/129/4209 1430/3314/4210
usemtl stonetrims
f 1236/900/4211 1227/1458/4212 1408/2500/4213
f 1236/900/4211 1408/2500/4213 1398/4073/4214
f 1228/3624/4215 1232/1358/4216 1401/3162/4217
f 1228/3624/4215 1401/3162/4217 1404/4289/4218
f 1227/1458/4219 1231/957/4220 1397/3535/4221
f 1227/1458/4219 1397/3535/4221 1408/2500/4222
f 1232/1358/4223 1236/900/4224 1398/4073/4225
f 1232/1358/4223 1398/4073/4225 1401/3162/4226
usemtl brickwall1
f 1269/417/4227 1440/3527/4228 1436/1281/4229
f 1269/417/4227 1436/1281/4229 1271/1831/4230
usemtl stonetrims
f 1217/3996/4231 1213/1575/4232 1411/2215/4233
f 1217/3996/4231 1411/2215/4233 1418/21/4234
f 1222/4061/4235 1218/2615/4236 1421/2621/4237
f 1222/4061/4235 1421/2621/4237 1412/1/4238
f 1263/241/4239 1258/3847/4240 1428/2204/4241
f 1263/241/4239 1428/2204/4241 1433/1299/4242
f 1221/2847/4243 1217/3996/4244 1418/21/4245
f 1221/2847/4243 1418/21/4245 1410/4272/4246
f 1213/1575/4247 1222/4061/4248 1412/1/4249
f 1213/1575/4247 1412/1/4249 1411/2215/4250
f 1218/2615/4251 1214/3247/4252 1413/4115/4253
f 1218/2615/4251 1413/4115/4253 1421/2621/4254
f 1261/1393/4255 1253/115/4256 1289/328/4257
f 1261/1393/4255 1289/328/4257 1431/3876/4258
f 1254/1938/4259 1257/2678/4260 1435/766/4261
f 1254/1938/4259 1435/766/4261 1429/1947/4262
f 1237/2201/4263 1228/3624/4264 1404/4289/4265
f 1237/2201/4263 1404/4289/4265 1406/589/4266
f 1257/2678/4267 1261/1393/4268 1431/3876/4269
f 1257/2678/4267 1431/3876/4269 1435/766/4270
f 1262/3702/4271 1254/1938/4272 1429/1947/4273
f 1262/3702/4271 1429/1947/4273 1434/653/4274
usemtl brickwall1
f 1264/2115/4275 1424/3463/4276 1414/3429/4277
f 1264/2115/4275 1414/3429/4277 1302/462/4278
usemtl stonetrims
f 1240/2940/4279 1249/2803/4280 1441/901/4281
f 1240/2940/4279 1441/901/4281 1290/4195/4282
f 1245/3374/4283 1241/2356/4284 1439/3396/4285
f 1245/3374/4283 1439/3396/4285 1446/3471/4286
f 1250/1870/4287 1246/4706/4288 1437/404/4289
f 1250/1870/4287 1437/404/4289 1442/3553/4290
usemtl brickwall1
f 1266/2480/4291 1438/345/4292 1440/3527/4293
f 1266/2480/4291 1440/3527/4293 1269/417/4294
usemtl stonetrims
f 1249/2803/4295 1245/3374/4296 1446/3471/4297
f 1249/2803/4295 1446/3471/4297 1441/901/4298
f 1241/2356/4299 1250/1870/4300 1442/3553/4301
f 1241/2356/4299 1442/3553/4301 1439/3396/4302
f 1246/4706/4303 1243/3809/4304 1438/3143/4305
f 1246/4706/4303 1438/3143/4305 1437/404/4306
f 1283/598/4307 1281/375/4308 1349/2789/4309
f 1283/598/4307 1349/2789/4309 1347/4256/4310
f 1264/4527/4311 1302/1134/4312 1363/628/4313
f 1264/4527/4311 1363/628/4313 1319/1698/4314
f 1282/3031/4315 1284/4375/4316 1348/3609/4317
f 1282/3031/4315 1348/3609/4317 1350/139/4318
f 1268/536/4319 1267/1825/4320 1318/3549/4321
f 1268/536/4319 1318/3549/4321 1329/3270/4322
f 1266/4212/4323 1269/3541/4324 1330/442/4325
f 1266/4212/4323 1330/442/4325 1320/2929/4326
f 1270/720/4327 1268/536/4328 1329/3270/4329
f 1270/720/4327 1329/3270/4329 1327/1351/4330
f 1285/2010/4331 1283/598/4332 1347/4256/4333
f 1285/2010/4331 1347/4256/4333 1345/2012/4334
f 1303/2497/4335 1301/2381/4336 1362/4409/4337
f 1303/2497/4335 1362/4409/4337 1360/4174/4338
f 1269/3541/4339 1271/1291/4340 1328/841/4341
f 1269/3541/4339 1328/841/4341 1330/442/4342
f 1284/4375/4343 1286/1790/4344 1346/281/4345
f 1284/4375/4343 1346/281/4345 1348/3609/4346
f 1302/1134/4347 1304/1963/4348 1361/2657/4349
f 1302/1134/4347 1361/2657/4349 1363/628/4350
f 1272/939/4351 1270/720/4352 1327/1351/4353
f 1272/939/4351 1327/1351/4353 1325/3503/4354
f 1287/748/4355 1285/2010/4356 1345/2012/4357
f 1287/748/4355 1345/2012/4357 1342/402/4358
f 1305/508/4359 1303/2497/4360 1360/4174/4361
f 1305/508/4359 1360/4174/4361 1358/125/4362
f 1271/1291/4363 1273/1126/4364 1326/654/4365
f 1271/1291/4363 1326/654/4365 1328/841/4366
f 1286/1790/4367 1288/2991/4368 1343/4512/4369
f 1286/1790/4367 1343/4512/4369 1346/281/4370
f 1304/1963/4371 1306/4044/4372 1359/1058/4373
f 1304/1963/4371 1359/1058/4373 1361/2657/4374
f 1274/2494/4375 1272/939/4376 1325/3503/4377
f 1274/2494/4375 1325/3503/4377 1323/3122/4378
f 1290/954/4379 1287/748/4380 1342/402/4381
f 1290/954/4379 1342/402/4381 1315/4441/4382
f 1307/4029/4383 1305/508/4384 1358/125/4385
f 1307/4029/4383 1358/125/4385 1356/4432/4386
f 1273/1126/4387 1275/3062/4388 1324/4152/4389
f 1273/1126/4387 1324/4152/4389 1326/654/4390
f 1306/4044/4391 1308/1647/4392 1357/1738/4393
f 1306/4044/4391 1357/1738/4393 1359/1058/4394
f 1288/2991/4395 1289/4557/4396 1344/1372/4397
f 1288/2991/4395 1344/1372/4397 1343/4512/4398
f 1322/2963/4399 1312/3755/4400 1313/2941/4401
f 1322/2963/4399 1313/2941/4401 1321/3467/4402
f 1324/4152/4403 1322/2963/4404 1321/3467/4405
f 1324/4152/4403 1321/3467/4405 1323/3122/4406
f 1326/654/4407 1324/4152/4408 1323/3122/4409
f 1326/654/4407 1323/3122/4409 1325/3503/4410
f 1328/841/4411 1326/654/4412 1325/3503/4413
f 1328/841/4411 1325/3503/4413 1327/1351/4414
f 1330/442/4415 1328/841/4416 1327/1351/4417
f 1330/442/4415 1327/1351/4417 1329/3270/4418
f 1314/1892/4419 1332/2050/4420 1333/197/4421
f 1314/1892/4419 1333/197/4421 1331/3823/4422
f 1332/2050/4423 1334/3605/4424 1335/787/4425
f 1332/2050/4423 1335/787/4425 1333/197/4426
f 1334/3605/4427 1336/993/4428 1337/2905/4429
f 1334/3605/4427 1337/2905/4429 1335/787/4430
f 1336/993/4431 1338/4071/4432 1339/4345/4433
f 1336/993/4431 1339/4345/4433 1337/2905/4434
f 1338/4071/4435 1340/4025/4436 1341/2995/4437
f 1338/4071/4435 1341/2995/4437 1339/4345/4438
f 1343/4512/4439 1344/1372/4440 1315/4441/4441
f 1343/4512/4439 1315/4441/4441 1342/402/4442
f 1346/281/4443 1343/4512/4444 1342/402/4445
f 1346/281/4443 1342/402/4445 1345/2012/4446
f 1348/3609/4447 1346/281/4448 1345/2012/4449
f 1348/3609/4447 1345/2012/4449 1347/4256/4450
f 1350/139/4451 1348/3609/4452 1347/4256/4453
f 1350/139/4451 1347/4256/4453 1349/2789/4454
f 1352/436/4455 1350/139/4456 1349/2789/4457
f 1352/436/4455 1349/2789/4457 1351/1764/4458
f 1340/4025/4459 1319/1251/4460 1318/361/4461
f 1340/4025/4459 1318/361/4461 1341/2995/4462
f 1317/3298/4463 1352/436/4464 1351/1764/4465
f 1317/3298/4463 1351/1764/4465 1320/2292/4466
f 1354/3703/4467 1355/2520/4468 1316/756/4469
f 1354/3703/4467 1316/756/4469 1353/484/4470
f 1357/1738/4471 1354/3703/4472 1353/484/4473
f 1357/1738/4471 1353/484/4473 1356/4432/4474
f 1359/1058/4475 1357/1738/4476 1356/4432/4477
f 1359/1058/4475 1356/4432/4477 1358/125/4478
f 1361/2657/4479 1359/1058/4480 1358/125/4481
f 1361/2657/4479 1358/125/4481 1360/4174/4482
f 1363/628/4483 1361/2657/4484 1360/4174/4485
f 1363/628/4483 1360/4174/4485 1362/4409/4486
f 1320/2929/4487 1330/442/4488 1329/3270/4489
f 1320/2929/4487 1329/3270/4489 1318/3549/4490
f 1319/1698/4491 1363/628/4492 1362/4409/4493
f 1319/1698/4491 1362/4409/4493 1317/2624/4494
f 1301/2381/4495 1265/477/4496 1317/2624/4497
f 1301/2381/4495 1317/2624/4497 1362/4409/4498
f 1300/1165/4499 1397/4383/4500 1331/3823/4501
f 1300/1165/4499 1331/3823/4501 1333/197/4502
f 1280/1876/4503 1282/3031/4504 1350/139/4505
f 1280/1876/4503 1350/139/4505 1352/436/4506
f 1299/1656/4507 1297/611/4508 1334/3605/4509
f 1299/1656/4507 1334/3605/4509 1332/2050/4510
f 1281/375/4511 1279/2884/4512 1351/1764/4513
f 1281/375/4511 1351/1764/4513 1349/2789/4514
f 1291/3057/4515 1264/1573/4516 1319/1251/4517
f 1291/3057/4515 1319/1251/4517 1340/4025/4518
f 1298/3250/4519 1300/1165/4520 1333/197/4521
f 1298/3250/4519 1333/197/4521 1335/787/4522
f 1267/1373/4523 1292/1103/4524 1341/2995/4525
f 1267/1373/4523 1341/2995/4525 1318/361/4526
f 1297/611/4527 1295/258/4528 1336/993/4529
f 1297/611/4527 1336/993/4529 1334/3605/4530
f 1265/3470/4531 1280/1876/4532 1352/436/4533
f 1265/3470/4531 1352/436/4533 1317/3298/4534
f 1279/2884/4535 1266/2432/4536 1320/2292/4537
f 1279/2884/4535 1320/2292/4537 1351/1764/4538
f 1296/3046/4539 1298/3250/4540 1335/787/4541
f 1296/3046/4539 1335/787/4541 1337/2905/4542
f 1295/258/4543 1293/4063/4544 1338/4071/4545
f 1295/258/4543 1338/4071/4545 1336/993/4546
f 1310/761/4547 1420/1815/4548 1355/2520/4549
f 1310/761/4547 1355/2520/4549 1354/3703/4550
f 1277/3032/4551 1278/149/4552 1312/3755/4553
f 1277/3032/4551 1312/3755/4553 1322/2963/4554
f 1294/3720/4555 1296/3046/4556 1337/2905/4557
f 1294/3720/4555 1337/2905/4557 1339/4345/4558
f 1311/1930/4559 1309/1287/4560 1353/484/4561
f 1311/1930/4559 1353/484/4561 1316/756/4562
f 1293/4063/4563 1291/3057/4564 1340/4025/4565
f 1293/4063/4563 1340/4025/4565 1338/4071/4566
f 1308/1647/4567 1310/761/4568 1354/3703/4569
f 1308/1647/4567 1354/3703/4569 1357/1738/4570
f 1292/1103/4571 1294/3720/4572 1339/4345/4573
f 1292/1103/4571 1339/4345/4573 1341/2995/4574
f 1275/3062/4575 1277/3032/4576 1322/2963/4577
f 1275/3062/4575 1322/2963/4577 1324/4152/4578
f 1309/1287/4579 1307/4029/4580 1356/4432/4581
f 1309/1287/4579 1356/4432/4581 1353/484/4582
f 1276/27/4583 1274/2494/4584 1323/3122/4585
f 1276/27/4583 1323/3122/4585 1321/3467/4586
f 1319/4671/4587 1317/1294/4588 1367/750/4589
f 1319/4671/4587 1367/750/4589 1365/1190/4590
f 1320/842/4591 1318/4605/4592 1364/1519/4593
f 1320/842/4591 1364/1519/4593 1369/2982/4594
f 1317/3180/4595 1320/3109/4596 1369/3157/4597
f 1317/3180/4595 1369/3157/4597 1367/2901/4598
f 1366/4227/4599 1370/1945/4600 1364/2517/4601
f 1365/1501/4602 1374/2106/4603 1372/2800/4604
f 1365/1501/4602 1372/2800/4604 1366/4227/4605
f 1367/3941/4606 1371/3519/4607 1368/4332/4608
f 1369/4470/4609 1370/1945/4610 1371/3519/4611
f 1368/4332/4612 1371/3519/4613 1373/2872/4614
f 1368/4332/4612 1373/2872/4614 1372/2800/4615
f 1369/2982/4616 1364/1519/4617 1370/2567/4618
f 1364/4185/4619 1365/2772/4620 1366/2890/4621
f 1365/1190/4622 1367/750/4623 1368/3575/4624
f 1365/1190/4622 1368/3575/4624 1374/4684/4625
f 1367/2901/4626 1369/3157/4627 1371/335/4628
f 1366/4227/4629 1373/2872/4630 1370/1945/4631
usemtl brickwall1
f 1372/1405/4632 1374/245/4633 1368/4604/4634
usemtl stonetrims
f 1370/1945/4635 1373/2872/4636 1371/3519/4637
f 1372/2800/4638 1373/2872/4639 1366/4227/4640
f 1225/4404/4641 1403/3442/4642 1384/4237/4643
f 1225/4404/4641 1384/4237/4643 1377/3216/4644
f 1290/954/4645 1315/4441/4646 1391/4696/4647
f 1290/954/4645 1391/4696/4647 1386/2120/4648
f 1278/1968/4649 1247/1941/4650 1380/3006/4651
f 1278/1968/4649 1380/3006/4651 1383/3009/4652
f 1240/2940/4653 1290/4195/4654 1386/1744/4655
f 1240/2940/4653 1386/1744/4655 1379/1266/4656
f 1331/3823/4657 1397/4383/4658 1402/4140/4659
f 1331/3823/4657 1402/4140/4659 1393/3401/4660
f 1289/328/4661 1253/115/4662 1381/1650/4663
f 1289/328/4661 1381/1650/4663 1385/2511/4664
f 1316/756/4665 1355/2520/4666 1395/135/4667
f 1316/756/4665 1395/135/4667 1392/1018/4668
f 1312/3755/4669 1278/149/4670 1383/2881/4671
f 1312/3755/4669 1383/2881/4671 1388/2431/4672
f 1344/1372/4673 1289/4557/4674 1385/4622/4675
f 1344/1372/4673 1385/4622/4675 1394/4693/4676
f 1259/1654/4677 1311/1138/4678 1387/447/4679
f 1259/1654/4677 1387/447/4679 1382/2005/4680
f 1314/1892/4681 1331/3823/4682 1393/3401/4683
f 1314/1892/4681 1393/3401/4683 1390/1043/4684
f 1355/2520/4685 1420/1815/4686 1417/3181/4687
f 1355/2520/4685 1417/3181/4687 1395/135/4688
f 1420/2504/4689 1215/2255/4690 1375/3812/4691
f 1420/2504/4689 1375/3812/4691 1417/549/4692
f 1315/4441/4693 1344/1372/4694 1394/4693/4695
f 1315/4441/4693 1394/4693/4695 1391/4696/4696
f 1397/3535/4697 1231/957/4698 1378/4611/4699
f 1397/3535/4697 1378/4611/4699 1402/3182/4700
f 1313/2941/4701 1312/3755/4702 1388/2431/4703
f 1313/2941/4701 1388/2431/4703 1389/1130/4704
f 1221/2847/4705 1410/4272/4706 1419/41/4707
f 1221/2847/4705 1419/41/4707 1376/1241/4708
f 1311/1930/4709 1316/756/4710 1392/1018/4711
f 1311/1930/4709 1392/1018/4711 1387/2652/4712
f 1318/3495/4713 1319/1791/4714 1365/2772/4715
f 1318/3495/4713 1365/2772/4715 1364/4185/4716
f 1409/4525/4717 1405/228/4718 1229/1325/4719
f 1409/4525/4717 1229/1325/4719 1226/3738/4720
f 1400/595/4721 1407/4657/4722 1234/1177/4723
f 1400/595/4721 1234/1177/4723 1230/2870/4724
f 1399/4493/4725 1403/3442/4726 1225/4404/4727
f 1399/4493/4725 1225/4404/4727 1235/439/4728
f 1403/4629/4729 1276/27/4730 1321/3467/4731
f 1403/4629/4729 1321/3467/4731 1313/2941/4732
usemtl brickwall1
f 1404/3064/4733 1401/4353/4734 1296/3126/4735
f 1404/3064/4733 1296/3126/4735 1294/535/4736
f 1401/4353/4737 1398/2463/4738 1298/4645/4739
f 1401/4353/4737 1298/4645/4739 1296/3126/4740
usemtl stonetrims
f 1384/4478/4741 1403/4629/4742 1313/2941/4743
f 1384/4478/4741 1313/2941/4743 1389/1130/4744
f 1405/228/4745 1400/595/4746 1230/2870/4747
f 1405/228/4745 1230/2870/4747 1229/1325/4748
f 1407/4657/4749 1399/4493/4750 1235/439/4751
f 1407/4657/4749 1235/439/4751 1234/1177/4752
usemtl brickwall1
f 1406/597/4753 1404/3064/4754 1294/535/4755
f 1406/597/4753 1294/535/4755 1292/2538/4756
f 1396/1840/4757 1406/597/4758 1292/2538/4759
f 1396/1840/4757 1292/2538/4759 1267/1365/4760
usemtl stonetrims
f 1396/1422/4761 1409/4525/4762 1226/3738/4763
f 1396/1422/4761 1226/3738/4763 1233/148/4764
usemtl brickwall1
f 1398/2463/4765 1408/961/4766 1300/4320/4767
f 1398/2463/4765 1300/4320/4767 1298/4645/4768
f 1408/961/4769 1397/1885/4770 1300/4320/4771
f 1412/1298/4772 1421/564/4773 1293/4103/4774
f 1412/1298/4772 1293/4103/4774 1295/1046/4775
f 1410/469/4776 1418/1116/4777 1299/4549/4778
f 1421/564/4779 1413/1997/4780 1291/1388/4781
f 1421/564/4779 1291/1388/4781 1293/4103/4782
usemtl stonetrims
f 1414/3667/4783 1424/1987/4784 1224/63/4785
f 1414/3667/4783 1224/63/4785 1216/2369/4786
f 1416/1940/4787 1414/3667/4788 1216/2369/4789
f 1416/1940/4787 1216/2369/4789 1219/1670/4790
f 1415/1376/4791 1423/53/4792 1220/1336/4793
f 1415/1376/4791 1220/1336/4793 1223/3477/4794
f 1420/2504/4795 1422/2934/4796 1212/3393/4797
f 1420/2504/4795 1212/3393/4797 1215/2255/4798
f 1410/2902/4799 1299/1656/4800 1332/2050/4801
f 1410/2902/4799 1332/2050/4801 1314/1892/4802
usemtl brickwall1
f 1418/1116/4803 1411/3261/4804 1297/1234/4805
f 1418/1116/4803 1297/1234/4805 1299/4549/4806
f 1411/3261/4807 1412/1298/4808 1295/1046/4809
f 1411/3261/4807 1295/1046/4809 1297/1234/4810
f 1413/1997/4811 1424/3463/4812 1264/2115/4813
f 1413/1997/4811 1264/2115/4813 1291/1388/4814
usemtl stonetrims
f 1423/53/4815 1416/1940/4816 1219/1670/4817
f 1423/53/4815 1219/1670/4817 1220/1336/4818
f 1422/2934/4819 1415/1376/4820 1223/3477/4821
f 1422/2934/4819 1223/3477/4821 1212/3393/4822
f 1419/3935/4823 1410/2902/4824 1314/1892/4825
f 1419/3935/4823 1314/1892/4825 1390/1043/4826
usemtl brickwall1
f 1429/2897/4827 1435/3637/4828 1286/695/4829
f 1429/2897/4827 1286/695/4829 1284/1285/4830
f 1435/3637/4831 1431/64/4832 1288/3528/4833
f 1435/3637/4831 1288/3528/4833 1286/695/4834
f 1428/2603/4835 1434/2268/4836 1282/2287/4837
f 1428/2603/4835 1282/2287/4837 1280/1562/4838
usemtl stonetrims
f 1432/3052/4839 1427/455/4840 1252/3914/4841
f 1432/3052/4839 1252/3914/4841 1251/117/4842
f 1425/3748/4843 1426/1049/4844 1256/2395/4845
f 1425/3748/4843 1256/2395/4845 1255/252/4846
f 1430/567/4847 1432/3052/4848 1251/117/4849
f 1430/567/4847 1251/117/4849 1260/1796/4850
usemtl brickwall1
f 1433/1445/4851 1428/2603/4852 1280/1562/4853
f 1433/1445/4851 1280/1562/4853 1265/2759/4854
f 1431/64/4855 1289/353/4856 1288/3528/4857
f 1434/2268/4858 1429/2897/4859 1284/1285/4860
f 1434/2268/4858 1284/1285/4860 1282/2287/4861
usemtl stonetrims
f 1433/1299/4862 1430/567/4863 1260/1796/4864
f 1433/1299/4862 1260/1796/4864 1263/241/4865
f 1427/455/4866 1425/3748/4867 1255/252/4868
f 1427/455/4866 1255/252/4868 1252/3914/4869
f 1426/1049/4870 1311/1138/4871 1259/1654/4872
f 1426/1049/4870 1259/1654/4872 1256/2395/4873
usemtl brickwall1
f 1446/2711/4874 1439/767/4875 1283/4632/4876
f 1446/2711/4874 1283/4632/4876 1285/2298/4877
usemtl stonetrims
f 1444/2795/4878 1436/1736/4879 1238/714/4880
f 1444/2795/4878 1238/714/4880 1239/3068/4881
f 1445/1935/4882 1443/54/4883 1242/825/4884
f 1445/1935/4882 1242/825/4884 1244/903/4885
f 1440/4064/4886 1438/3143/4887 1243/3809/4888
f 1440/4064/4886 1243/3809/4888 1248/509/4889
usemtl brickwall1
f 1439/767/4890 1442/2453/4891 1281/13/4892
f 1439/767/4890 1281/13/4892 1283/4632/4893
f 1290/1867/4894 1441/1960/4895 1287/2372/4896
f 1442/2453/4897 1437/970/4898 1279/2455/4899
f 1442/2453/4897 1279/2455/4899 1281/13/4900
f 1441/1960/4901 1446/2711/4902 1285/2298/4903
f 1441/1960/4901 1285/2298/4903 1287/2372/4904
f 1437/970/4905 1438/345/4906 1266/2480/4907
f 1437/970/4905 1266/2480/4907 1279/2455/4908
usemtl stonetrims
f 1443/54/4909 1444/2795/4910 1239/3068/4911
f 1443/54/4909 1239/3068/4911 1242/825/4912
f 1278/1968/4913 1445/1935/4914 1244/903/4915
f 1278/1968/4913 1244/903/4915 1247/1941/4916
f 1436/1736/4917 1440/4064/4918 1248/509/4919
f 1436/1736/4917 1248/509/4919 1238/714/4920
f 1449/378/4921 1459/1888/4922 1659/3843/4923
f 1449/378/4921 1659/3843/4923 1648/1218/4924
usemtl brickwall1
f 1503/73/4925 1505/927/4926 1640/3829/4927
f 1503/73/4925 1640/3829/4927 1644/4672/4928
f 1505/927/4929 1507/2426/4930 1635/2051/4931
f 1505/927/4929 1635/2051/4931 1640/3829/4932
f 1507/2426/4933 1509/3061/4934 1642/4587/4935
f 1507/2426/4933 1642/4587/4935 1635/2051/4936
f 1509/3061/4937 1511/3943/4938 1634/2529/4939
f 1509/3061/4937 1634/2529/4939 1642/4587/4940
f 1511/3943/4941 1638/4303/4942 1634/2529/4943
f 1500/4597/4944 1536/4659/4945 1665/434/4946
f 1500/4597/4944 1665/434/4946 1668/3308/4947
f 1506/2131/4948 1671/1532/4949 1679/686/4950
f 1506/2131/4948 1679/686/4950 1508/3769/4951
f 1508/3769/4952 1679/686/4953 1678/1236/4954
f 1508/3769/4952 1678/1236/4954 1510/1480/4955
f 1510/1480/4956 1678/1236/4957 1680/826/4958
f 1510/1480/4956 1680/826/4958 1512/1801/4959
f 1512/1801/4960 1680/826/4961 1513/1826/4962
usemtl stonetrims
f 1493/4128/4963 1497/834/4964 1669/963/4965
f 1493/4128/4963 1669/963/4965 1663/4065/4966
f 1468/1986/4967 1472/2493/4968 1641/2468/4969
f 1468/1986/4967 1641/2468/4969 1631/3282/4970
usemtl brickwall1
f 1537/2333/4971 1649/524/4972 1651/3070/4973
f 1537/2333/4971 1651/3070/4973 1539/523/4974
f 1539/523/4975 1651/3070/4976 1658/1481/4977
f 1539/523/4975 1658/1481/4977 1541/3079/4978
f 1541/3079/4979 1658/1481/4980 1650/271/4981
f 1541/3079/4979 1650/271/4981 1543/1310/4982
f 1543/1310/4983 1650/271/4984 1657/1064/4985
f 1543/1310/4983 1657/1064/4985 1545/1759/4986
f 1545/1759/4987 1657/1064/4988 1655/2546/4989
f 1502/1621/4990 1503/73/4991 1644/4672/4992
f 1502/1621/4990 1644/4672/4992 1631/2141/4993
f 1538/2315/4994 1540/542/4995 1662/4075/4996
f 1538/2315/4994 1662/4075/4996 1667/408/4997
f 1540/542/4998 1542/4541/4999 1660/3300/5000
f 1540/542/4998 1660/3300/5000 1662/4075/5001
f 1542/4541/5002 1544/607/5003 1661/2957/5004
f 1542/4541/5002 1661/2957/5004 1660/3300/5005
f 1544/607/5006 1546/2831/5007 1661/2957/5008
f 1536/4659/5009 1538/2315/5010 1667/408/5011
f 1536/4659/5009 1667/408/5011 1665/434/5012
usemtl stonetrims
f 1471/1178/5013 1462/1753/5014 1643/4322/5015
f 1471/1178/5013 1643/4322/5015 1633/1170/5016
f 1463/755/5017 1467/3209/5018 1636/302/5019
f 1463/755/5017 1636/302/5019 1639/1402/5020
f 1462/1753/5021 1466/1240/5022 1632/641/5023
f 1462/1753/5021 1632/641/5023 1643/4322/5024
f 1467/3209/5025 1471/1178/5026 1633/1170/5027
f 1467/3209/5025 1633/1170/5027 1636/302/5028
usemtl brickwall1
f 1504/2273/5029 1675/633/5030 1671/1532/5031
f 1504/2273/5029 1671/1532/5031 1506/2131/5032
usemtl stonetrims
f 1452/1096/5033 1448/1906/5034 1646/4072/5035
f 1452/1096/5033 1646/4072/5035 1653/1847/5036
f 1457/1156/5037 1453/4453/5038 1656/2931/5039
f 1457/1156/5037 1656/2931/5039 1647/1828/5040
f 1498/2070/5041 1493/4128/5042 1663/4065/5043
f 1498/2070/5041 1663/4065/5043 1668/3144/5044
f 1456/4668/5045 1452/1096/5046 1653/1847/5047
f 1456/4668/5045 1653/1847/5047 1645/4574/5048
f 1448/1906/5049 1457/1156/5050 1647/1828/5051
f 1448/1906/5049 1647/1828/5051 1646/4072/5052
f 1453/4453/5053 1449/378/5054 1648/1218/5055
f 1453/4453/5053 1648/1218/5055 1656/2931/5056
f 1496/3245/5057 1488/1949/5058 1524/2153/5059
f 1496/3245/5057 1524/2153/5059 1666/982/5060
f 1489/3788/5061 1492/4524/5062 1670/2610/5063
f 1489/3788/5061 1670/2610/5063 1664/3798/5064
f 1472/2493/5065 1463/755/5066 1639/1402/5067
f 1472/2493/5065 1639/1402/5067 1641/2468/5068
f 1492/4524/5069 1496/3245/5070 1666/982/5071
f 1492/4524/5069 1666/982/5071 1670/2610/5072
f 1497/834/5073 1489/3788/5074 1664/3798/5075
f 1497/834/5073 1664/3798/5075 1669/963/5076
usemtl brickwall1
f 1499/3981/5077 1659/557/5078 1649/524/5079
f 1499/3981/5077 1649/524/5079 1537/2333/5080
usemtl stonetrims
f 1475/3205/5081 1484/3088/5082 1676/2742/5083
f 1475/3205/5081 1676/2742/5083 1525/4486/5084
f 1480/472/5085 1476/4183/5086 1674/3678/5087
f 1480/472/5085 1674/3678/5087 1681/565/5088
f 1485/3723/5089 1481/298/5090 1672/688/5091
f 1485/3723/5089 1672/688/5091 1677/3865/5092
usemtl brickwall1
f 1501/4298/5093 1673/2171/5094 1675/633/5095
f 1501/4298/5093 1675/633/5095 1504/2273/5096
usemtl stonetrims
f 1484/3088/5097 1480/472/5098 1681/565/5099
f 1484/3088/5097 1681/565/5099 1676/2742/5100
f 1476/4183/5101 1485/3723/5102 1677/3865/5103
f 1476/4183/5101 1677/3865/5103 1674/3678/5104
f 1481/298/5105 1478/924/5106 1673/273/5107
f 1481/298/5105 1673/273/5107 1672/688/5108
f 1518/2475/5109 1516/2222/5110 1584/4619/5111
f 1518/2475/5109 1584/4619/5111 1582/1379/5112
f 1499/110/5113 1537/1407/5114 1598/2496/5115
f 1499/110/5113 1598/2496/5115 1554/3571/5116
f 1517/142/5117 1519/4667/5118 1583/744/5119
f 1517/142/5117 1583/744/5119 1585/1977/5120
f 1503/2416/5121 1502/3673/5122 1553/656/5123
f 1503/2416/5121 1553/656/5123 1564/395/5124
f 1501/1330/5125 1504/649/5126 1565/2299/5127
f 1501/1330/5125 1565/2299/5127 1555/3194/5128
f 1505/2570/5129 1503/2416/5130 1564/395/5131
f 1505/2570/5129 1564/395/5131 1562/3201/5132
f 1520/3871/5133 1518/2475/5134 1582/1379/5135
f 1520/3871/5133 1582/1379/5135 1580/2318/5136
f 1538/2786/5137 1536/4202/5138 1597/1496/5139
f 1538/2786/5137 1597/1496/5139 1595/1295/5140
f 1504/649/5141 1506/3134/5142 1563/2671/5143
f 1504/649/5141 1563/2671/5143 1565/2299/5144
f 1519/4667/5145 1521/3642/5146 1581/2111/5147
f 1519/4667/5145 1581/2111/5147 1583/744/5148
f 1537/1407/5149 1539/3815/5150 1596/4508/5151
f 1537/1407/5149 1596/4508/5151 1598/2496/5152
f 1507/2790/5153 1505/2570/5154 1562/3201/5155
f 1507/2790/5153 1562/3201/5155 1560/3795/5156
f 1522/2591/5157 1520/3871/5158 1580/2318/5159
f 1522/2591/5157 1580/2318/5159 1577/2256/5160
f 1540/2389/5161 1538/2786/5162 1595/1295/5163
f 1540/2389/5161 1595/1295/5163 1593/398/5164
f 1506/3134/5165 1508/2996/5166 1561/965/5167
f 1506/3134/5165 1561/965/5167 1563/2671/5168
f 1521/3642/5169 1523/97/5170 1578/1589/5171
f 1521/3642/5169 1578/1589/5171 1581/2111/5172
f 1539/3815/5173 1541/1140/5174 1594/1348/5175
f 1539/3815/5173 1594/1348/5175 1596/4508/5176
f 1509/2779/5177 1507/2790/5178 1560/3795/5179
f 1509/2779/5177 1560/3795/5179 1558/253/5180
f 1525/2806/5181 1522/2591/5182 1577/2256/5183
f 1525/2806/5181 1577/2256/5183 1550/1529/5184
f 1542/1131/5185 1540/2389/5186 1593/398/5187
f 1542/1131/5185 1593/398/5187 1591/1520/5188
f 1508/2996/5189 1510/183/5190 1559/4435/5191
f 1508/2996/5189 1559/4435/5191 1561/965/5192
f 1541/1140/5193 1543/3526/5194 1592/3596/5195
f 1541/1140/5193 1592/3596/5195 1594/1348/5196
f 1523/97/5197 1524/1642/5198 1579/1632/5199
f 1523/97/5197 1579/1632/5199 1578/1589/5200
f 1557/69/5201 1547/878/5202 1548/3206/5203
f 1557/69/5201 1548/3206/5203 1556/561/5204
f 1559/4435/5205 1557/69/5206 1556/561/5207
f 1559/4435/5205 1556/561/5207 1558/253/5208
f 1561/965/5209 1559/4435/5210 1558/253/5211
f 1561/965/5209 1558/253/5211 1560/3795/5212
f 1563/2671/5213 1561/965/5214 1560/3795/5215
f 1563/2671/5213 1560/3795/5215 1562/3201/5216
f 1565/2299/5217 1563/2671/5218 1562/3201/5219
f 1565/2299/5217 1562/3201/5219 1564/395/5220
f 1549/3750/5221 1567/3917/5222 1568/467/5223
f 1549/3750/5221 1568/467/5223 1566/935/5224
f 1567/3917/5225 1569/739/5226 1570/2629/5227
f 1567/3917/5225 1570/2629/5227 1568/467/5228
f 1569/739/5229 1571/2866/5230 1572/12/5231
f 1569/739/5229 1572/12/5231 1570/2629/5232
f 1571/2866/5233 1573/1166/5234 1574/1452/5235
f 1571/2866/5233 1574/1452/5235 1572/12/5236
f 1573/1166/5237 1575/1129/5238 1576/103/5239
f 1573/1166/5237 1576/103/5239 1574/1452/5240
f 1578/1589/5241 1579/1632/5242 1550/1529/5243
f 1578/1589/5241 1550/1529/5243 1577/2256/5244
f 1581/2111/5245 1578/1589/5246 1577/2256/5247
f 1581/2111/5245 1577/2256/5247 1580/2318/5248
f 1583/744/5249 1581/2111/5250 1580/2318/5251
f 1583/744/5249 1580/2318/5251 1582/1379/5252
f 1585/1977/5253 1583/744/5254 1582/1379/5255
f 1585/1977/5253 1582/1379/5255 1584/4619/5256
f 1587/2296/5257 1585/1977/5258 1584/4619/5259
f 1587/2296/5257 1584/4619/5259 1586/3621/5260
f 1575/1129/5261 1554/3098/5262 1553/2193/5263
f 1575/1129/5261 1553/2193/5263 1576/103/5264
f 1552/422/5265 1587/2296/5266 1586/3621/5267
f 1552/422/5265 1586/3621/5267 1555/4135/5268
f 1589/836/5269 1590/4348/5270 1551/2599/5271
f 1589/836/5269 1551/2599/5271 1588/2357/5272
f 1592/3596/5273 1589/836/5274 1588/2357/5275
f 1592/3596/5273 1588/2357/5275 1591/1520/5276
f 1594/1348/5277 1592/3596/5278 1591/1520/5279
f 1594/1348/5277 1591/1520/5279 1593/398/5280
f 1596/4508/5281 1594/1348/5282 1593/398/5283
f 1596/4508/5281 1593/398/5283 1595/1295/5284
f 1598/2496/5285 1596/4508/5286 1595/1295/5287
f 1598/2496/5285 1595/1295/5287 1597/1496/5288
f 1555/3194/5289 1565/2299/5290 1564/395/5291
f 1555/3194/5289 1564/395/5291 1553/656/5292
f 1554/3571/5293 1598/2496/5294 1597/1496/5295
f 1554/3571/5293 1597/1496/5295 1552/4463/5296
f 1536/4202/5297 1500/2351/5298 1552/4463/5299
f 1536/4202/5297 1552/4463/5299 1597/1496/5300
f 1535/1431/5301 1632/1475/5302 1566/935/5303
f 1535/1431/5301 1566/935/5303 1568/467/5304
f 1515/3731/5305 1517/142/5306 1585/1977/5307
f 1515/3731/5305 1585/1977/5307 1587/2296/5308
f 1534/1984/5309 1532/2483/5310 1569/739/5311
f 1534/1984/5309 1569/739/5311 1567/3917/5312
f 1516/2222/5313 1514/4700/5314 1586/3621/5315
f 1516/2222/5313 1586/3621/5315 1584/4619/5316
f 1526/3340/5317 1499/3464/5318 1554/3098/5319
f 1526/3340/5317 1554/3098/5319 1575/1129/5320
f 1533/381/5321 1535/1431/5322 1568/467/5323
f 1533/381/5321 1568/467/5323 1570/2629/5324
f 1502/3220/5325 1527/2971/5326 1576/103/5327
f 1502/3220/5325 1576/103/5327 1553/2193/5328
f 1532/2483/5329 1530/2089/5330 1571/2866/5331
f 1532/2483/5329 1571/2866/5331 1569/739/5332
f 1500/566/5333 1515/3731/5334 1587/2296/5335
f 1500/566/5333 1587/2296/5335 1552/422/5336
f 1514/4700/5337 1501/2712/5338 1555/4135/5339
f 1514/4700/5337 1555/4135/5339 1586/3621/5340
f 1531/161/5341 1533/381/5342 1570/2629/5343
f 1531/161/5341 1570/2629/5343 1572/12/5344
f 1530/2089/5345 1528/1160/5346 1573/1166/5347
f 1530/2089/5345 1573/1166/5347 1571/2866/5348
f 1545/2606/5349 1655/2113/5350 1590/4348/5351
f 1545/2606/5349 1590/4348/5351 1589/836/5352
f 1512/143/5353 1513/1988/5354 1547/878/5355
f 1512/143/5353 1547/878/5355 1557/69/5356
f 1529/852/5357 1531/161/5358 1572/12/5359
f 1529/852/5357 1572/12/5359 1574/1452/5360
f 1546/3781/5361 1544/3130/5362 1588/2357/5363
f 1546/3781/5361 1588/2357/5363 1551/2599/5364
f 1528/1160/5365 1526/3340/5366 1575/1129/5367
f 1528/1160/5365 1575/1129/5367 1573/1166/5368
f 1543/3526/5369 1545/2606/5370 1589/836/5371
f 1543/3526/5369 1589/836/5371 1592/3596/5372
f 1527/2971/5373 1529/852/5374 1574/1452/5375
f 1527/2971/5373 1574/1452/5375 1576/103/5376
f 1510/183/5377 1512/143/5378 1557/69/5379
f 1510/183/5377 1557/69/5379 1559/4435/5380
f 1544/3130/5381 1542/1131/5382 1591/1520/5383
f 1544/3130/5381 1591/1520/5383 1588/2357/5384
f 1511/1852/5385 1509/2779/5386 1558/253/5387
f 1511/1852/5385 1558/253/5387 1556/561/5388
f 1554/1777/5389 1552/3138/5390 1602/1032/5391
f 1554/1777/5389 1602/1032/5391 1600/3049/5392
f 1555/1123/5393 1553/1694/5394 1599/3408/5395
f 1555/1123/5393 1599/3408/5395 1604/90/5396
f 1552/318/5397 1555/3409/5398 1604/288/5399
f 1552/318/5397 1604/288/5399 1602/6/5400
f 1601/4523/5401 1605/2243/5402 1599/2815/5403
f 1600/3387/5404 1609/3969/5405 1607/4627/5406
f 1600/3387/5404 1607/4627/5406 1601/4523/5407
f 1602/4205/5408 1606/627/5409 1603/1443/5410
f 1604/1549/5411 1605/2243/5412 1606/627/5413
f 1603/1443/5414 1606/627/5415 1608/3139/5416
f 1603/1443/5414 1608/3139/5416 1607/4627/5417
f 1604/90/5418 1599/3408/5419 1605/4407/5420
f 1599/4475/5421 1600/4606/5422 1601/4552/5423
f 1600/3049/5424 1602/1032/5425 1603/3889/5426
f 1600/3049/5424 1603/3889/5426 1609/1797/5427
f 1602/6/5428 1604/288/5429 1606/2159/5430
f 1601/4523/5431 1608/3139/5432 1605/2243/5433
usemtl brickwall1
f 1607/3263/5434 1609/2073/5435 1603/1692/5436
usemtl stonetrims
f 1605/2243/5437 1608/3139/5438 1606/627/5439
f 1607/4627/5440 1608/3139/5441 1601/4523/5442
f 1460/1489/5443 1638/3732/5444 1619/1362/5445
f 1460/1489/5443 1619/1362/5445 1612/360/5446
f 1525/2806/5447 1550/1529/5448 1626/1816/5449
f 1525/2806/5447 1626/1816/5449 1621/3986/5450
f 1513/3819/5451 1482/3792/5452 1615/118/5453
f 1513/3819/5451 1615/118/5453 1618/119/5454
f 1475/3205/5455 1525/4486/5456 1621/3602/5457
f 1475/3205/5455 1621/3602/5457 1614/3107/5458
f 1566/935/5459 1632/1475/5460 1637/1257/5461
f 1566/935/5459 1637/1257/5461 1628/498/5462
f 1524/2153/5463 1488/1949/5464 1616/1980/5465
f 1524/2153/5463 1616/1980/5465 1620/2809/5466
f 1551/2599/5467 1590/4348/5468 1630/1972/5469
f 1551/2599/5467 1630/1972/5469 1627/2888/5470
f 1547/878/5471 1513/1988/5472 1618/4697/5473
f 1547/878/5471 1618/4697/5473 1623/4245/5474
f 1579/1632/5475 1524/1642/5476 1620/1718/5477
f 1579/1632/5475 1620/1718/5477 1629/1812/5478
f 1494/3530/5479 1546/3007/5480 1622/2308/5481
f 1494/3530/5479 1622/2308/5481 1617/3869/5482
f 1549/3750/5483 1566/935/5484 1628/498/5485
f 1549/3750/5483 1628/498/5485 1625/2913/5486
f 1590/4348/5487 1655/2113/5488 1652/319/5489
f 1590/4348/5487 1652/319/5489 1630/1972/5490
f 1655/4326/5491 1450/4104/5492 1610/925/5493
f 1655/4326/5491 1610/925/5493 1652/2434/5494
f 1550/1529/5495 1579/1632/5496 1629/1812/5497
f 1550/1529/5495 1629/1812/5497 1626/1816/5498
f 1632/641/5499 1466/1240/5500 1613/189/5501
f 1632/641/5499 1613/189/5501 1637/3487/5502
f 1548/3206/5503 1547/878/5504 1623/4245/5505
f 1548/3206/5503 1623/4245/5505 1624/2999/5506
f 1456/4668/5507 1645/4574/5508 1654/1868/5509
f 1456/4668/5507 1654/1868/5509 1611/3093/5510
f 1546/3781/5511 1551/2599/5512 1627/2888/5513
f 1546/3781/5511 1627/2888/5513 1622/4499/5514
f 1553/599/5515 1554/3643/5516 1600/4606/5517
f 1553/599/5515 1600/4606/5517 1599/4475/5518
f 1644/1604/5519 1640/2054/5520 1464/1581/5521
f 1644/1604/5519 1464/1581/5521 1461/863/5522
f 1635/2476/5523 1642/1761/5524 1469/3040/5525
f 1635/2476/5523 1469/3040/5525 1465/4685/5526
f 1634/74/5527 1638/3732/5528 1460/1489/5529
f 1634/74/5527 1460/1489/5529 1470/735/5530
f 1638/221/5531 1511/1852/5532 1556/561/5533
f 1638/221/5531 1556/561/5533 1548/3206/5534
usemtl brickwall1
f 1639/184/5535 1636/1457/5536 1531/259/5537
f 1639/184/5535 1531/259/5537 1529/851/5538
f 1636/1457/5539 1633/4271/5540 1533/1748/5541
f 1636/1457/5539 1533/1748/5541 1531/259/5542
usemtl stonetrims
f 1619/1557/5543 1638/221/5544 1548/3206/5545
f 1619/1557/5543 1548/3206/5545 1624/2999/5546
f 1640/2054/5547 1635/2476/5548 1465/4685/5549
f 1640/2054/5547 1465/4685/5549 1464/1581/5550
f 1642/1761/5551 1634/74/5552 1470/735/5553
f 1642/1761/5551 1470/735/5553 1469/3040/5554
usemtl brickwall1
f 1641/2478/5555 1639/184/5556 1529/851/5557
f 1641/2478/5555 1529/851/5557 1527/4372/5558
f 1631/2141/5559 1641/2478/5560 1527/4372/5561
f 1631/2141/5559 1527/4372/5561 1502/1621/5562
usemtl stonetrims
f 1631/3282/5563 1644/1604/5564 1461/863/5565
f 1631/3282/5563 1461/863/5565 1468/1986/5566
usemtl brickwall1
f 1633/4271/5567 1643/1246/5568 1535/1429/5569
f 1633/4271/5567 1535/1429/5569 1533/1748/5570
f 1643/1246/5571 1632/3739/5572 1535/1429/5573
f 1647/3145/5574 1656/2449/5575 1528/4368/5576
f 1647/3145/5574 1528/4368/5576 1530/2915/5577
f 1645/2341/5578 1653/2987/5579 1534/1635/5580
f 1656/2449/5581 1648/3860/5582 1526/3241/5583
f 1656/2449/5581 1526/3241/5583 1528/4368/5584
usemtl stonetrims
f 1649/3983/5585 1659/3843/5586 1459/1888/5587
f 1649/3983/5585 1459/1888/5587 1451/2641/5588
f 1651/3790/5589 1649/3983/5590 1451/2641/5591
f 1651/3790/5589 1451/2641/5591 1454/3540/5592
f 1650/3226/5593 1658/1877/5594 1455/3184/5595
f 1650/3226/5593 1455/3184/5595 1458/571/5596
f 1655/4326/5597 1657/37/5598 1447/3672/5599
f 1655/4326/5597 1447/3672/5599 1450/4104/5600
f 1645/3165/5601 1534/1984/5602 1567/3917/5603
f 1645/3165/5601 1567/3917/5603 1549/3750/5604
usemtl brickwall1
f 1653/2987/5605 1646/389/5606 1532/3085/5607
f 1653/2987/5605 1532/3085/5607 1534/1635/5608
f 1646/389/5609 1647/3145/5610 1530/2915/5611
f 1646/389/5609 1530/2915/5611 1532/3085/5612
f 1648/3860/5613 1659/557/5614 1499/3981/5615
f 1648/3860/5613 1499/3981/5615 1526/3241/5616
usemtl stonetrims
f 1658/1877/5617 1651/3790/5618 1454/3540/5619
f 1658/1877/5617 1454/3540/5619 1455/3184/5620
f 1657/37/5621 1650/3226/5622 1458/571/5623
f 1657/37/5621 1458/571/5623 1447/3672/5624
f 1654/4196/5625 1645/3165/5626 1549/3750/5627
f 1654/4196/5625 1549/3750/5627 1625/2913/5628
usemtl brickwall1
f 1664/2/5629 1670/773/5630 1521/2549/5631
f 1664/2/5629 1521/2549/5631 1519/3127/5632
f 1670/773/5633 1666/1889/5634 1523/636/5635
f 1670/773/5633 1523/636/5635 1521/2549/5636
f 1663/4440/5637 1669/4117/5638 1517/4129/5639
f 1663/4440/5637 1517/4129/5639 1515/3455/5640
usemtl stonetrims
f 1667/168/5641 1662/2328/5642 1487/1005/5643
f 1667/168/5641 1487/1005/5643 1486/1951/5644
f 1660/873/5645 1661/2917/5646 1491/4215/5647
f 1660/873/5645 1491/4215/5647 1490/2082/5648
f 1665/2451/5649 1667/168/5650 1486/1951/5651
f 1665/2451/5649 1486/1951/5651 1495/3646/5652
usemtl brickwall1
f 1668/3308/5653 1663/4440/5654 1515/3455/5655
f 1668/3308/5653 1515/3455/5655 1500/4597/5656
f 1666/1889/5657 1524/2177/5658 1523/636/5659
f 1669/4117/5660 1664/2/5661 1519/3127/5662
f 1669/4117/5660 1519/3127/5662 1517/4129/5663
usemtl stonetrims
f 1668/3144/5664 1665/2451/5665 1495/3646/5666
f 1668/3144/5664 1495/3646/5666 1498/2070/5667
f 1662/2328/5668 1660/873/5669 1490/2082/5670
f 1662/2328/5668 1490/2082/5670 1487/1005/5671
f 1661/2917/5672 1546/3007/5673 1494/3530/5674
f 1661/2917/5672 1494/3530/5674 1491/4215/5675
usemtl brickwall1
f 1681/3016/5676 1674/2611/5677 1518/1729/5678
f 1681/3016/5676 1518/1729/5678 1520/4138/5679
usemtl stonetrims
f 1679/3084/5680 1671/3595/5681 1473/2565/5682
f 1679/3084/5680 1473/2565/5682 1474/188/5683
f 1680/3786/5684 1678/1882/5685 1477/2659/5686
f 1680/3786/5684 1477/2659/5686 1479/1185/5687
f 1675/1161/5688 1673/273/5689 1478/924/5690
f 1675/1161/5688 1478/924/5690 1483/2391/5691
usemtl brickwall1
f 1674/2611/5692 1677/2731/5693 1516/1839/5694
f 1674/2611/5692 1516/1839/5694 1518/1729/5695
f 1525/3719/5696 1676/2253/5697 1522/2645/5698
f 1677/2731/5699 1672/1260/5700 1514/4264/5701
f 1677/2731/5699 1514/4264/5701 1516/1839/5702
f 1676/2253/5703 1681/3016/5704 1520/4138/5705
f 1676/2253/5703 1520/4138/5705 1522/2645/5706
f 1672/1260/5707 1673/2171/5708 1501/4298/5709
f 1672/1260/5707 1501/4298/5709 1514/4264/5710
usemtl stonetrims
f 1678/1882/5711 1679/3084/5712 1474/188/5713
f 1678/1882/5711 1474/188/5713 1477/2659/5714
f 1513/3819/5715 1680/3786/5716 1479/1185/5717
f 1513/3819/5715 1479/1185/5717 1482/3792/5718
f 1671/3595/5719 1675/1161/5720 1483/2391/5721
f 1671/3595/5719 1483/2391/5721 1473/2565/5722
f 1684/642/5723 1694/3746/5724 1894/948/5725
f 1684/642/5723 1894/948/5725 1883/3072/5726
usemtl brickwall1
f 1738/1900/5727 1740/2769/5728 1875/937/5729
f 1738/1900/5727 1875/937/5729 1879/1778/5730
f 1740/2769/5731 1742/4238/5732 1870/3919/5733
f 1740/2769/5731 1870/3919/5733 1875/937/5734
f 1742/4238/5735 1744/182/5736 1877/1671/5737
f 1742/4238/5735 1877/1671/5737 1870/3919/5738
f 1744/182/5739 1746/1037/5740 1869/4361/5741
f 1744/182/5739 1869/4361/5741 1877/1671/5742
f 1746/1037/5743 1873/1412/5744 1869/4361/5745
f 1735/171/5746 1771/1765/5747 1900/726/5748
f 1735/171/5746 1900/726/5748 1903/430/5749
f 1741/3997/5750 1906/3424/5751 1914/2539/5752
f 1741/3997/5750 1914/2539/5752 1743/892/5753
f 1743/892/5754 1914/2539/5755 1913/1493/5756
f 1743/892/5754 1913/1493/5756 1745/3367/5757
f 1745/3367/5758 1913/1493/5759 1915/2660/5760
f 1745/3367/5758 1915/2660/5760 1747/3653/5761
f 1747/3653/5762 1915/2660/5763 1748/3676/5764
usemtl stonetrims
f 1728/1237/5765 1732/1118/5766 1904/2816/5767
f 1728/1237/5765 1904/2816/5767 1898/1162/5768
f 1703/2281/5769 1707/4315/5770 1876/4278/5771
f 1703/2281/5769 1876/4278/5771 1866/405/5772
usemtl brickwall1
f 1772/4157/5773 1884/2406/5774 1886/192/5775
f 1772/4157/5773 1886/192/5775 1774/2403/5776
f 1774/2403/5777 1886/192/5778 1893/1787/5779
f 1774/2403/5777 1893/1787/5779 1776/208/5780
f 1776/208/5781 1893/1787/5782 1885/539/5783
f 1776/208/5781 1885/539/5783 1778/1563/5784
f 1778/1563/5785 1885/539/5786 1892/2942/5787
f 1778/1563/5785 1892/2942/5787 1780/3616/5788
f 1780/3616/5789 1892/2942/5790 1890/2854/5791
f 1737/3509/5792 1738/1900/5793 1879/1778/5794
f 1737/3509/5792 1879/1778/5794 1866/4004/5795
f 1773/4148/5796 1775/2424/5797 1897/1172/5798
f 1773/4148/5796 1897/1172/5798 1902/2262/5799
f 1775/2424/5800 1777/1624/5801 1895/423/5802
f 1775/2424/5800 1895/423/5802 1897/1172/5803
f 1777/1624/5804 1779/916/5805 1896/65/5806
f 1777/1624/5804 1896/65/5806 1895/423/5807
f 1779/916/5808 1781/4652/5809 1896/65/5810
f 1771/1765/5811 1773/4148/5812 1902/2262/5813
f 1771/1765/5811 1902/2262/5813 1900/726/5814
usemtl stonetrims
f 1706/3041/5815 1697/3607/5816 1878/1434/5817
f 1706/3041/5815 1878/1434/5817 1868/3033/5818
f 1698/2598/5819 1702/354/5820 1871/2128/5821
f 1698/2598/5819 1871/2128/5821 1874/3259/5822
f 1697/3607/5823 1701/3092/5824 1867/2507/5825
f 1697/3607/5823 1867/2507/5825 1878/1434/5826
f 1702/354/5827 1706/3041/5828 1868/3033/5829
f 1702/354/5827 1868/3033/5829 1871/2128/5830
usemtl brickwall1
f 1739/2556/5831 1910/944/5832 1906/3424/5833
f 1739/2556/5831 1906/3424/5833 1741/3997/5834
usemtl stonetrims
f 1687/1375/5835 1683/3764/5836 1881/1167/5837
f 1687/1375/5835 1881/1167/5837 1888/3699/5838
f 1692/3021/5839 1688/1534/5840 1891/34/5841
f 1692/3021/5839 1891/34/5841 1882/2124/5842
f 1733/3942/5843 1728/1237/5844 1898/1162/5845
f 1733/3942/5843 1898/1162/5845 1903/274/5846
f 1691/1774/5847 1687/1375/5848 1888/3699/5849
f 1691/1774/5847 1888/3699/5849 1880/1658/5850
f 1683/3764/5851 1692/3021/5852 1882/2124/5853
f 1683/3764/5851 1882/2124/5853 1881/1167/5854
f 1688/1534/5855 1684/642/5856 1883/3072/5857
f 1688/1534/5855 1883/3072/5857 1891/34/5858
f 1731/376/5859 1723/3802/5860 1759/4019/5861
f 1731/376/5859 1759/4019/5861 1901/2839/5862
f 1724/4087/5863 1727/1602/5864 1905/4448/5865
f 1724/4087/5863 1905/4448/5865 1899/917/5866
f 1707/4315/5867 1698/2598/5868 1874/3259/5869
f 1707/4315/5867 1874/3259/5869 1876/4278/5870
f 1727/1602/5871 1731/376/5872 1901/2839/5873
f 1727/1602/5871 1901/2839/5873 1905/4448/5874
f 1732/1118/5875 1724/4087/5876 1899/917/5877
f 1732/1118/5875 1899/917/5877 1904/2816/5878
usemtl brickwall1
f 1734/1076/5879 1894/881/5880 1884/2406/5881
f 1734/1076/5879 1884/2406/5881 1772/4157/5882
usemtl stonetrims
f 1710/350/5883 1719/222/5884 1911/4579/5885
f 1710/350/5883 1911/4579/5885 1760/1564/5886
f 1715/784/5887 1711/4473/5888 1909/811/5889
f 1715/784/5887 1909/811/5889 1916/2450/5890
f 1720/4037/5891 1716/2123/5892 1907/2541/5893
f 1720/4037/5891 1907/2541/5893 1912/967/5894
usemtl brickwall1
f 1736/4598/5895 1908/4035/5896 1910/944/5897
f 1736/4598/5895 1910/944/5897 1739/2556/5898
usemtl stonetrims
f 1719/222/5899 1715/784/5900 1916/2450/5901
f 1719/222/5899 1916/2450/5901 1911/4579/5902
f 1711/4473/5903 1720/4037/5904 1912/967/5905
f 1711/4473/5903 1912/967/5905 1909/811/5906
f 1716/2123/5907 1713/2767/5908 1908/2102/5909
f 1716/2123/5907 1908/2102/5909 1907/2541/5910
f 1753/4288/5911 1751/4079/5912 1819/1713/5913
f 1753/4288/5911 1819/1713/5913 1817/3228/5914
f 1734/1942/5915 1772/3267/5916 1833/4319/5917
f 1734/1942/5915 1833/4319/5917 1789/690/5918
f 1752/1981/5919 1754/1773/5920 1818/2587/5921
f 1752/1981/5919 1818/2587/5921 1820/2274/5922
f 1738/4232/5923 1737/806/5924 1788/2518/5925
f 1738/4232/5923 1788/2518/5925 1799/2245/5926
f 1736/3174/5927 1739/2514/5928 1800/4139/5929
f 1736/3174/5927 1800/4139/5929 1790/337/5930
f 1740/2877/5931 1738/4232/5932 1799/2245/5933
f 1740/2877/5931 1799/2245/5933 1797/3500/5934
f 1755/974/5935 1753/4288/5936 1817/3228/5937
f 1755/974/5935 1817/3228/5937 1815/4151/5938
f 1773/4617/5939 1771/1319/5940 1832/1809/5941
f 1773/4617/5939 1832/1809/5941 1830/3140/5942
f 1739/2514/5943 1741/264/5944 1798/4517/5945
f 1739/2514/5943 1798/4517/5945 1800/4139/5946
f 1754/1773/5947 1756/776/5948 1816/3978/5949
f 1754/1773/5947 1816/3978/5949 1818/2587/5950
f 1772/3267/5951 1774/931/5952 1831/1587/5953
f 1772/3267/5951 1831/1587/5953 1833/4319/5954
f 1742/4620/5955 1740/2877/5956 1797/3500/5957
f 1742/4620/5955 1797/3500/5957 1795/913/5958
f 1757/4428/5959 1755/974/5960 1815/4151/5961
f 1757/4428/5959 1815/4151/5961 1812/4105/5962
f 1775/4208/5963 1773/4617/5964 1830/3140/5965
f 1775/4208/5963 1830/3140/5965 1828/2252/5966
f 1741/264/5967 1743/104/5968 1796/2818/5969
f 1741/264/5967 1796/2818/5969 1798/4517/5970
f 1756/776/5971 1758/1931/5972 1813/3483/5973
f 1756/776/5971 1813/3483/5973 1816/3978/5974
f 1774/931/5975 1776/1411/5976 1829/3199/5977
f 1774/931/5975 1829/3199/5977 1831/1587/5978
f 1744/4613/5979 1742/4620/5980 1795/913/5981
f 1744/4613/5979 1795/913/5981 1793/2086/5982
f 1760/4631/5983 1757/4428/5984 1812/4105/5985
f 1760/4631/5983 1812/4105/5985 1785/1844/5986
f 1777/1403/5987 1775/4208/5988 1828/2252/5989
f 1777/1403/5987 1828/2252/5989 1826/3411/5990
f 1743/104/5991 1745/2013/5992 1794/1524/5993
f 1743/104/5991 1794/1524/5993 1796/2818/5994
f 1776/1411/5995 1778/3831/5996 1827/3926/5997
f 1776/1411/5995 1827/3926/5997 1829/3199/5998
f 1758/1931/5999 1759/1974/6000 1814/3513/6001
f 1758/1931/5999 1814/3513/6001 1813/3483/6002
f 1792/1893/6003 1782/2719/6004 1783/352/6005
f 1792/1893/6003 1783/352/6005 1791/884/6006
f 1794/1524/6007 1792/1893/6008 1791/884/6009
f 1794/1524/6007 1791/884/6009 1793/2086/6010
f 1796/2818/6011 1794/1524/6012 1793/2086/6013
f 1796/2818/6011 1793/2086/6013 1795/913/6014
f 1798/4517/6015 1796/2818/6016 1795/913/6017
f 1798/4517/6015 1795/913/6017 1797/3500/6018
f 1800/4139/6019 1798/4517/6020 1797/3500/6021
f 1800/4139/6019 1797/3500/6021 1799/2245/6022
f 1784/4059/6023 1802/1008/6024 1803/2337/6025
f 1784/4059/6023 1803/2337/6025 1801/2781/6026
f 1802/1008/6027 1804/1025/6028 1805/4467/6029
f 1802/1008/6027 1805/4467/6029 1803/2337/6030
f 1804/1025/6031 1806/3128/6032 1807/1837/6033
f 1804/1025/6031 1807/1837/6033 1805/4467/6034
f 1806/3128/6035 1808/1432/6036 1809/3323/6037
f 1806/3128/6035 1809/3323/6037 1807/1837/6038
f 1808/1432/6039 1810/3000/6040 1811/383/6041
f 1808/1432/6039 1811/383/6041 1809/3323/6042
f 1813/3483/6043 1814/3513/6044 1785/1844/6045
f 1813/3483/6043 1785/1844/6045 1812/4105/6046
f 1816/3978/6047 1813/3483/6048 1812/4105/6049
f 1816/3978/6047 1812/4105/6049 1815/4151/6050
f 1818/2587/6051 1816/3978/6052 1815/4151/6053
f 1818/2587/6051 1815/4151/6053 1817/3228/6054
f 1820/2274/6055 1818/2587/6056 1817/3228/6057
f 1820/2274/6055 1817/3228/6057 1819/1713/6058
f 1822/2578/6059 1820/2274/6060 1819/1713/6061
f 1822/2578/6059 1819/1713/6061 1821/753/6062
f 1810/3000/6063 1789/233/6064 1788/4057/6065
f 1810/3000/6063 1788/4057/6065 1811/383/6066
f 1787/709/6067 1822/2578/6068 1821/753/6069
f 1787/709/6067 1821/753/6069 1790/1247/6070
f 1824/2668/6071 1825/4642/6072 1786/4437/6073
f 1824/2668/6071 1786/4437/6073 1823/4184/6074
f 1827/3926/6075 1824/2668/6076 1823/4184/6077
f 1827/3926/6075 1823/4184/6077 1826/3411/6078
f 1829/3199/6079 1827/3926/6080 1826/3411/6081
f 1829/3199/6079 1826/3411/6081 1828/2252/6082
f 1831/1587/6083 1829/3199/6084 1828/2252/6085
f 1831/1587/6083 1828/2252/6085 1830/3140/6086
f 1833/4319/6087 1831/1587/6088 1830/3140/6089
f 1833/4319/6087 1830/3140/6089 1832/1809/6090
f 1790/337/6091 1800/4139/6092 1799/2245/6093
f 1790/337/6091 1799/2245/6093 1788/2518/6094
f 1789/690/6095 1833/4319/6096 1832/1809/6097
f 1789/690/6095 1832/1809/6097 1787/1543/6098
f 1771/1319/6099 1735/4178/6100 1787/1543/6101
f 1771/1319/6099 1787/1543/6101 1832/1809/6102
f 1770/3293/6103 1867/3362/6104 1801/2781/6105
f 1770/3293/6103 1801/2781/6105 1803/2337/6106
f 1750/4041/6107 1752/1981/6108 1820/2274/6109
f 1750/4041/6107 1820/2274/6109 1822/2578/6110
f 1769/3841/6111 1767/4305/6112 1804/1025/6113
f 1769/3841/6111 1804/1025/6113 1802/1008/6114
f 1751/4079/6115 1749/1819/6116 1821/753/6117
f 1751/4079/6115 1821/753/6117 1819/1713/6118
f 1761/450/6119 1734/559/6120 1789/233/6121
f 1761/450/6119 1789/233/6121 1810/3000/6122
f 1768/2228/6123 1770/3293/6124 1803/2337/6125
f 1768/2228/6123 1803/2337/6125 1805/4467/6126
f 1737/3516/6127 1762/3229/6128 1811/383/6129
f 1737/3516/6127 1811/383/6129 1788/4057/6130
f 1767/4305/6131 1765/2405/6132 1806/3128/6133
f 1767/4305/6131 1806/3128/6133 1804/1025/6134
f 1735/887/6135 1750/4041/6136 1822/2578/6137
f 1735/887/6135 1822/2578/6137 1787/709/6138
f 1749/1819/6139 1736/4544/6140 1790/1247/6141
f 1749/1819/6139 1790/1247/6141 1821/753/6142
f 1766/1996/6143 1768/2228/6144 1805/4467/6145
f 1766/1996/6143 1805/4467/6145 1807/1837/6146
f 1765/2405/6147 1763/3027/6148 1808/1432/6149
f 1765/2405/6147 1808/1432/6149 1806/3128/6150
f 1780/4443/6151 1890/3980/6152 1825/4642/6153
f 1780/4443/6151 1825/4642/6153 1824/2668/6154
f 1747/1982/6155 1748/3844/6156 1782/2719/6157
f 1747/1982/6155 1782/2719/6157 1792/1893/6158
f 1764/2688/6159 1766/1996/6160 1807/1837/6161
f 1764/2688/6159 1807/1837/6161 1809/3323/6162
f 1781/902/6163 1779/3432/6164 1823/4184/6165
f 1781/902/6163 1823/4184/6165 1786/4437/6166
f 1763/3027/6167 1761/450/6168 1810/3000/6169
f 1763/3027/6167 1810/3000/6169 1808/1432/6170
f 1778/3831/6171 1780/4443/6172 1824/2668/6173
f 1778/3831/6171 1824/2668/6173 1827/3926/6174
f 1762/3229/6175 1764/2688/6176 1809/3323/6177
f 1762/3229/6175 1809/3323/6177 1811/383/6178
f 1745/2013/6179 1747/1982/6180 1792/1893/6181
f 1745/2013/6179 1792/1893/6181 1794/1524/6182
f 1779/3432/6183 1777/1403/6184 1826/3411/6185
f 1779/3432/6183 1826/3411/6185 1823/4184/6186
f 1746/3704/6187 1744/4613/6188 1793/2086/6189
f 1746/3704/6187 1793/2086/6189 1791/884/6190
f 1789/3631/6191 1787/268/6192 1837/2904/6193
f 1789/3631/6191 1837/2904/6193 1835/165/6194
f 1790/2993/6195 1788/3567/6196 1834/504/6197
f 1790/2993/6195 1834/504/6197 1839/1919/6198
f 1787/2144/6199 1790/506/6200 1839/2116/6201
f 1787/2144/6199 1839/2116/6201 1837/1832/6202
f 1836/1603/6203 1840/4094/6204 1834/4638/6205
f 1835/486/6206 1844/1061/6207 1842/1724/6208
f 1835/486/6206 1842/1724/6208 1836/1603/6209
f 1837/1323/6210 1841/2495/6211 1838/3306/6212
f 1839/3441/6213 1840/4094/6214 1841/2495/6215
f 1838/3306/6216 1841/2495/6217 1843/269/6218
f 1838/3306/6216 1843/269/6218 1842/1724/6219
f 1839/1919/6220 1834/504/6221 1840/4692/6222
f 1834/1555/6223 1835/186/6224 1836/297/6225
f 1835/165/6226 1837/2904/6227 1838/988/6228
f 1835/165/6226 1838/988/6228 1844/3648/6229
f 1837/1832/6230 1839/2116/6231 1841/4024/6232
f 1836/1603/6233 1843/269/6234 1840/4094/6235
usemtl brickwall1
f 1842/3554/6236 1844/3946/6237 1838/3564/6238
usemtl stonetrims
f 1840/4094/6239 1843/269/6240 1841/2495/6241
f 1842/1724/6242 1843/269/6243 1836/1603/6244
f 1695/3376/6245 1873/858/6246 1854/1618/6247
f 1695/3376/6245 1854/1618/6247 1847/2188/6248
f 1760/4631/6249 1785/1844/6250 1861/3664/6251
f 1760/4631/6249 1861/3664/6251 1856/1084/6252
f 1748/934/6253 1717/4091/6254 1850/396/6255
f 1748/934/6253 1850/396/6255 1853/397/6256
f 1710/350/6257 1760/1564/6258 1856/736/6259
f 1710/350/6257 1856/736/6259 1849/239/6260
f 1801/2781/6261 1867/3362/6262 1872/3102/6263
f 1801/2781/6261 1872/3102/6263 1863/2375/6264
f 1759/4019/6265 1723/3802/6266 1851/3834/6267
f 1759/4019/6265 1851/3834/6267 1855/4634/6268
f 1786/4437/6269 1825/4642/6270 1865/3824/6271
f 1786/4437/6269 1865/3824/6271 1862/4703/6272
f 1782/2719/6273 1748/3844/6274 1853/1817/6275
f 1782/2719/6273 1853/1817/6275 1858/4543/6276
f 1814/3513/6277 1759/1974/6278 1855/3582/6279
f 1814/3513/6277 1855/3582/6279 1864/3661/6280
f 1729/638/6281 1781/120/6282 1857/4144/6283
f 1729/638/6281 1857/4144/6283 1852/971/6284
f 1784/4059/6285 1801/2781/6286 1863/2375/6287
f 1784/4059/6285 1863/2375/6287 1860/16/6288
f 1825/4642/6289 1890/3980/6290 1887/582/6291
f 1825/4642/6289 1887/582/6291 1865/3824/6292
f 1890/1438/6293 1685/4369/6294 1845/1206/6295
f 1890/1438/6293 1845/1206/6295 1887/2713/6296
f 1785/1844/6297 1814/3513/6298 1864/3661/6299
f 1785/1844/6297 1864/3661/6299 1861/3664/6300
f 1867/2507/6301 1701/3092/6302 1848/2020/6303
f 1867/2507/6301 1848/2020/6303 1872/583/6304
f 1783/352/6305 1782/2719/6306 1858/4543/6307
f 1783/352/6305 1858/4543/6307 1859/108/6308
f 1691/1774/6309 1880/1658/6310 1889/3721/6311
f 1691/1774/6309 1889/3721/6311 1846/3383/6312
f 1781/902/6313 1786/4437/6314 1862/4703/6315
f 1781/902/6313 1862/4703/6315 1857/80/6316
f 1788/906/6317 1789/778/6318 1835/186/6319
f 1788/906/6317 1835/186/6319 1834/1555/6320
f 1879/3498/6321 1875/3922/6322 1699/3474/6323
f 1879/3498/6321 1699/3474/6323 1696/2704/6324
f 1870/4286/6325 1877/2071/6326 1704/153/6327
f 1870/4286/6325 1704/153/6327 1700/265/6328
f 1869/1902/6329 1873/858/6330 1695/3376/6331
f 1869/1902/6329 1695/3376/6331 1705/2582/6332
f 1873/2046/6333 1746/3704/6334 1791/884/6335
f 1873/2046/6333 1791/884/6335 1783/352/6336
usemtl brickwall1
f 1874/2015/6337 1871/3331/6338 1766/2090/6339
f 1874/2015/6337 1766/2090/6339 1764/2687/6340
f 1871/3331/6341 1868/4573/6342 1768/3604/6343
f 1871/3331/6341 1768/3604/6343 1766/2090/6344
usemtl stonetrims
f 1854/3451/6345 1873/2046/6346 1783/352/6347
f 1854/3451/6345 1783/352/6347 1859/108/6348
f 1875/3922/6349 1870/4286/6350 1700/265/6351
f 1875/3922/6349 1700/265/6351 1699/3474/6352
f 1877/2071/6353 1869/1902/6354 1705/2582/6355
f 1877/2071/6353 1705/2582/6355 1704/153/6356
usemtl brickwall1
f 1876/4290/6357 1874/2015/6358 1764/2687/6359
f 1876/4290/6357 1764/2687/6359 1762/1468/6360
f 1866/4004/6361 1876/4290/6362 1762/1468/6363
f 1866/4004/6361 1762/1468/6363 1737/3509/6364
usemtl stonetrims
f 1866/405/6365 1879/3498/6366 1696/2704/6367
f 1866/405/6365 1696/2704/6367 1703/2281/6368
usemtl brickwall1
f 1868/4573/6369 1878/3097/6370 1770/3290/6371
f 1868/4573/6369 1770/3290/6371 1768/3604/6372
f 1878/3097/6373 1867/4049/6374 1770/3290/6375
f 1882/275/6376 1891/4260/6377 1763/1464/6378
f 1882/275/6376 1763/1464/6378 1765/3185/6379
f 1880/4166/6380 1888/3249/6381 1769/3517/6382
f 1891/4260/6383 1883/962/6384 1761/374/6385
f 1891/4260/6383 1761/374/6385 1763/1464/6386
usemtl stonetrims
f 1884/1078/6387 1894/948/6388 1694/3746/6389
f 1884/1078/6387 1694/3746/6389 1686/4487/6390
f 1886/908/6391 1884/1078/6392 1686/4487/6393
f 1886/908/6391 1686/4487/6393 1689/647/6394
f 1885/365/6395 1893/3736/6396 1690/320/6397
f 1885/365/6395 1690/320/6397 1693/2454/6398
f 1890/1438/6399 1892/341/6400 1682/805/6401
f 1890/1438/6399 1682/805/6401 1685/4369/6402
f 1880/307/6403 1769/3841/6404 1802/1008/6405
f 1880/307/6403 1802/1008/6405 1784/4059/6406
usemtl brickwall1
f 1888/3249/6407 1881/2240/6408 1767/3377/6409
f 1888/3249/6407 1767/3377/6409 1769/3517/6410
f 1881/2240/6411 1882/275/6412 1765/3185/6413
f 1881/2240/6411 1765/3185/6413 1767/3377/6414
f 1883/962/6415 1894/881/6416 1734/1076/6417
f 1883/962/6415 1734/1076/6417 1761/374/6418
usemtl stonetrims
f 1893/3736/6419 1886/908/6420 1689/647/6421
f 1893/3736/6419 1689/647/6421 1690/320/6422
f 1892/341/6423 1885/365/6424 1693/2454/6425
f 1892/341/6423 1693/2454/6425 1682/805/6426
f 1889/1316/6427 1880/307/6428 1784/4059/6429
f 1889/1316/6427 1784/4059/6429 1860/16/6430
usemtl brickwall1
f 1899/300/6431 1905/2616/6432 1756/2855/6433
f 1899/300/6431 1756/2855/6433 1754/3430/6434
f 1905/2616/6435 1901/2191/6436 1758/2499/6437
f 1905/2616/6435 1758/2499/6437 1756/2855/6438
f 1898/1530/6439 1904/1219/6440 1752/1239/6441
f 1898/1530/6439 1752/1239/6441 1750/550/6442
usemtl stonetrims
f 1902/2002/6443 1897/2605/6444 1722/2875/6445
f 1902/2002/6443 1722/2875/6445 1721/3805/6446
f 1895/1150/6447 1896/22/6448 1726/1332/6449
f 1895/1150/6447 1726/1332/6449 1725/3952/6450
f 1900/2727/6451 1902/2002/6452 1721/3805/6453
f 1900/2727/6451 1721/3805/6453 1730/782/6454
usemtl brickwall1
f 1903/430/6455 1898/1530/6456 1750/550/6457
f 1903/430/6455 1750/550/6457 1735/171/6458
f 1901/2191/6459 1759/4042/6460 1758/2499/6461
f 1904/1219/6462 1899/300/6463 1754/3430/6464
f 1904/1219/6462 1754/3430/6464 1752/1239/6465
usemtl stonetrims
f 1903/274/6466 1900/2727/6467 1730/782/6468
f 1903/274/6466 1730/782/6468 1733/3942/6469
f 1897/2605/6470 1895/1150/6471 1725/3952/6472
f 1897/2605/6470 1725/3952/6472 1722/2875/6473
f 1896/22/6474 1781/120/6475 1729/638/6476
f 1896/22/6474 1729/638/6476 1726/1332/6477
usemtl brickwall1
f 1916/126/6478 1909/4449/6479 1753/2052/6480
f 1916/126/6478 1753/2052/6480 1755/1256/6481
usemtl stonetrims
f 1914/214/6482 1906/731/6483 1708/4405/6484
f 1914/214/6482 1708/4405/6484 1709/457/6485
f 1915/904/6486 1913/2184/6487 1712/4510/6488
f 1915/904/6486 1712/4510/6488 1714/3047/6489
f 1910/3028/6490 1908/2102/6491 1713/2767/6492
f 1910/3028/6490 1713/2767/6492 1718/4213/6493
usemtl brickwall1
f 1909/4449/6494 1912/4244/6495 1751/3687/6496
f 1909/4449/6494 1751/3687/6496 1753/2052/6497
f 1760/853/6498 1911/4101/6499 1757/4490/6500
f 1912/4244/6501 1907/3105/6502 1749/1385/6503
f 1912/4244/6501 1749/1385/6503 1751/3687/6504
f 1911/4101/6505 1916/126/6506 1755/1256/6507
f 1911/4101/6505 1755/1256/6507 1757/4490/6508
f 1907/3105/6509 1908/4035/6510 1736/4598/6511
f 1907/3105/6509 1736/4598/6511 1749/1385/6512
usemtl stonetrims
f 1913/2184/6513 1914/214/6514 1709/457/6515
f 1913/2184/6513 1709/457/6515 1712/4510/6516
f 1748/934/6517 1915/904/6518 1714/3047/6519
f 1748/934/6517 1714/3047/6519 1717/4091/6520
f 1906/731/6521 1910/3028/6522 1718/4213/6523
f 1906/731/6521 1718/4213/6523 1708/4405/6524
f 1919/2508/6525 1929/871/6526 2129/2801/6527
f 1919/2508/6525 2129/2801/6527 2118/195/6528
usemtl brickwall1
f 1973/3757/6529 1975/3065/6530 2110/1226/6531
f 1973/3757/6529 2110/1226/6531 2114/3632/6532
f 1975/3065/6533 1977/1363/6534 2105/1010/6535
f 1975/3065/6533 2105/1010/6535 2110/1226/6536
f 1977/1363/6537 1979/2014/6538 2112/3543/6539
f 1977/1363/6537 2112/3543/6539 2105/1010/6540
f 1979/2014/6541 1981/1324/6542 2104/1461/6543
f 1979/2014/6541 2104/1461/6543 2112/3543/6544
f 1981/1324/6545 2108/3273/6546 2104/1461/6547
f 1970/2007/6548 2006/3622/6549 2135/2574/6550
f 1970/2007/6548 2135/2574/6550 2138/718/6551
f 1976/1097/6552 2141/520/6553 2149/4373/6554
f 1976/1097/6552 2149/4373/6554 1978/1168/6555
f 1978/1168/6556 2149/4373/6557 2148/3379/6558
f 1978/1168/6556 2148/3379/6558 1980/3640/6559
f 1980/3640/6560 2148/3379/6561 2150/4511/6562
f 1980/3640/6560 2150/4511/6562 1982/788/6563
f 1982/788/6564 2150/4511/6565 1983/809/6566
usemtl stonetrims
f 1963/3089/6567 1967/2988/6568 2139/4639/6569
f 1963/3089/6567 2139/4639/6569 2133/3029/6570
f 1938/4127/6571 1942/1424/6572 2111/4581/6573
f 1938/4127/6571 2111/4581/6573 2101/2259/6574
usemtl brickwall1
f 2007/4451/6575 2119/4224/6576 2121/459/6577
f 2007/4451/6575 2121/459/6577 2009/2670/6578
f 2009/2670/6579 2121/459/6580 2128/3641/6581
f 2009/2670/6579 2128/3641/6581 2011/2033/6582
f 2011/2033/6583 2128/3641/6584 2120/2418/6585
f 2011/2033/6583 2120/2418/6585 2013/3458/6586
f 2013/3458/6587 2120/2418/6588 2127/45/6589
f 2013/3458/6587 2127/45/6589 2015/3940/6590
f 2015/3940/6591 2127/45/6592 2125/4673/6593
f 1972/613/6594 1973/3757/6595 2114/3632/6596
f 1972/613/6594 2114/3632/6596 2101/1108/6597
f 2008/1272/6598 2010/4235/6599 2132/3034/6600
f 2008/1272/6598 2132/3034/6600 2137/4110/6601
f 2010/4235/6602 2012/1961/6603 2130/711/6604
f 2010/4235/6602 2130/711/6604 2132/3034/6605
f 2012/1961/6606 2014/2760/6607 2131/1890/6608
f 2012/1961/6606 2131/1890/6608 2130/711/6609
f 2014/2760/6610 2016/1757/6611 2131/1890/6612
f 2006/3622/6613 2008/1272/6614 2137/4110/6615
f 2006/3622/6613 2137/4110/6615 2135/2574/6616
usemtl stonetrims
f 1941/155/6617 1932/742/6618 2113/3297/6619
f 1941/155/6617 2113/3297/6619 2103/144/6620
f 1933/2909/6621 1937/2178/6622 2106/3995/6623
f 1933/2909/6621 2106/3995/6623 2109/388/6624
f 1932/742/6625 1936/227/6626 2102/4331/6627
f 1932/742/6625 2102/4331/6627 2113/3297/6628
f 1937/2178/6629 1941/155/6630 2103/144/6631
f 1937/2178/6629 2103/144/6631 2106/3995/6632
usemtl brickwall1
f 1974/4396/6633 2145/2791/6634 2141/520/6635
f 1974/4396/6633 2141/520/6635 1976/1097/6636
usemtl stonetrims
f 1922/3223/6637 1918/883/6638 2116/1433/6639
f 1922/3223/6637 2116/1433/6639 2123/4015/6640
f 1927/132/6641 1923/1853/6642 2126/1864/6643
f 1927/132/6641 2126/1864/6643 2117/3989/6644
f 1968/1036/6645 1963/3089/6646 2133/3029/6647
f 1968/1036/6645 2133/3029/6647 2138/2109/6648
f 1926/2077/6649 1922/3223/6650 2123/4015/6651
f 1926/2077/6649 2123/4015/6651 2115/3532/6652
f 1918/883/6653 1927/132/6654 2117/3989/6655
f 1918/883/6653 2117/3989/6655 2116/1433/6656
f 1923/1853/6657 1919/2508/6658 2118/195/6659
f 1923/1853/6657 2118/195/6659 2126/1864/6660
f 1966/643/6661 1958/920/6662 1994/1119/6663
f 1966/643/6661 1994/1119/6663 2136/4661/6664
f 1959/1189/6665 1962/1937/6666 2140/23/6667
f 1959/1189/6665 2140/23/6667 2134/2761/6668
f 1942/1424/6669 1933/2909/6670 2109/388/6671
f 1942/1424/6669 2109/388/6671 2111/4581/6672
f 1962/1937/6673 1966/643/6674 2136/4661/6675
f 1962/1937/6673 2136/4661/6675 2140/23/6676
f 1967/2988/6677 1959/1189/6678 2134/2761/6679
f 1967/2988/6677 2134/2761/6679 2139/4639/6680
usemtl brickwall1
f 1969/1366/6681 2129/2723/6682 2119/4224/6683
f 1969/1366/6681 2119/4224/6683 2007/4451/6684
usemtl stonetrims
f 1945/2174/6685 1954/2047/6686 2146/1665/6687
f 1945/2174/6685 2146/1665/6687 1995/3459/6688
f 1950/2625/6689 1946/1553/6690 2144/2642/6691
f 1950/2625/6689 2144/2642/6691 2151/4261/6692
f 1955/1132/6693 1951/3987/6694 2142/4377/6695
f 1955/1132/6693 2142/4377/6695 2147/2823/6696
usemtl brickwall1
f 1971/1684/6697 2143/4296/6698 2145/2791/6699
f 1971/1684/6697 2145/2791/6699 1974/4396/6700
usemtl stonetrims
f 1954/2047/6701 1950/2625/6702 2151/4261/6703
f 1954/2047/6701 2151/4261/6703 2146/1665/6704
f 1946/1553/6705 1955/1132/6706 2147/2823/6707
f 1946/1553/6705 2147/2823/6707 2144/2642/6708
f 1951/3987/6709 1948/3063/6710 2143/2419/6711
f 1951/3987/6709 2143/2419/6711 2142/4377/6712
f 1988/1401/6713 1986/1174/6714 2054/2031/6715
f 1988/1401/6713 2054/2031/6715 2052/3521/6716
f 1969/3793/6717 2007/393/6718 2068/4616/6719
f 1969/3793/6717 2068/4616/6719 2024/2543/6720
f 1987/3836/6721 1989/3630/6722 2053/4427/6723
f 1987/3836/6721 2053/4427/6723 2055/4123/6724
f 1973/1354/6725 1972/1085/6726 2023/4343/6727
f 1973/1354/6725 2023/4343/6727 2034/2530/6728
f 1971/3478/6729 1974/4339/6730 2035/4419/6731
f 1971/3478/6729 2035/4419/6731 2025/2160/6732
f 1975/4694/6733 1973/1354/6734 2034/2530/6735
f 1975/4694/6733 2034/2530/6735 2032/603/6736
f 1990/1275/6737 1988/1401/6738 2052/3521/6739
f 1990/1275/6737 2052/3521/6739 2050/1276/6740
f 2008/1709/6741 2006/1577/6742 2067/3658/6743
f 2008/1709/6741 2067/3658/6743 2065/3440/6744
f 1974/4339/6745 1976/2096/6746 2033/98/6747
f 1974/4339/6745 2033/98/6747 2035/4419/6748
f 1989/3630/6749 1991/2619/6750 2051/1072/6751
f 1989/3630/6749 2051/1072/6751 2053/4427/6752
f 2007/393/6753 2009/2773/6754 2066/1917/6755
f 2007/393/6753 2066/1917/6755 2068/4616/6756
f 1977/1714/6757 1975/4694/6758 2032/603/6759
f 1977/1714/6757 2032/603/6759 2030/2756/6760
f 1992/8/6761 1990/1275/6762 2050/1276/6763
f 1992/8/6761 2050/1276/6763 2047/1210/6764
f 2010/1326/6765 2008/1709/6766 2065/3440/6767
f 2010/1326/6765 2065/3440/6767 2063/4102/6768
f 1976/2096/6769 1978/384/6770 2031/4643/6771
f 1976/2096/6769 2031/4643/6771 2033/98/6772
f 1991/2619/6773 1993/2230/6774 2048/3774/6775
f 1991/2619/6773 2048/3774/6775 2051/1072/6776
f 2009/2773/6777 2011/3271/6778 2064/342/6779
f 2009/2773/6777 2064/342/6779 2066/1917/6780
f 1979/1705/6781 1977/1714/6782 2030/2756/6783
f 1979/1705/6781 2030/2756/6783 2028/3957/6784
f 1995/1728/6785 1992/8/6786 2047/1210/6787
f 1995/1728/6785 2047/1210/6787 2020/3696/6788
f 2012/3260/6789 2010/1326/6790 2063/4102/6791
f 2012/3260/6789 2063/4102/6791 2061/3686/6792
f 1978/384/6793 1980/2319/6794 2029/3417/6795
f 1978/384/6793 2029/3417/6795 2031/4643/6796
f 2011/3271/6797 2013/940/6798 2062/1016/6799
f 2011/3271/6797 2062/1016/6799 2064/342/6800
f 1993/2230/6801 1994/3826/6802 2049/616/6803
f 1993/2230/6801 2049/616/6803 2048/3774/6804
f 2027/2197/6805 2017/4553/6806 2018/2176/6807
f 2027/2197/6805 2018/2176/6807 2026/2725/6808
f 2029/3417/6809 2027/2197/6810 2026/2725/6811
f 2029/3417/6809 2026/2725/6811 2028/3957/6812
f 2031/4643/6813 2029/3417/6814 2028/3957/6815
f 2031/4643/6813 2028/3957/6815 2030/2756/6816
f 2033/98/6817 2031/4643/6818 2030/2756/6819
f 2033/98/6817 2030/2756/6819 2032/603/6820
f 2035/4419/6821 2033/98/6822 2032/603/6823
f 2035/4419/6821 2032/603/6823 2034/2530/6824
f 2019/1153/6825 2037/2879/6826 2038/4161/6827
f 2019/1153/6825 2038/4161/6827 2036/4615/6828
f 2037/2879/6829 2039/2898/6830 2040/42/6831
f 2037/2879/6829 2040/42/6831 2038/4161/6832
f 2039/2898/6833 2041/262/6834 2042/2139/6835
f 2039/2898/6833 2042/2139/6835 2040/42/6836
f 2041/262/6837 2043/3294/6838 2044/437/6839
f 2041/262/6837 2044/437/6839 2042/2139/6840
f 2043/3294/6841 2045/111/6842 2046/2232/6843
f 2043/3294/6841 2046/2232/6843 2044/437/6844
f 2048/3774/6845 2049/616/6846 2020/3696/6847
f 2048/3774/6845 2020/3696/6847 2047/1210/6848
f 2051/1072/6849 2048/3774/6850 2047/1210/6851
f 2051/1072/6849 2047/1210/6851 2050/1276/6852
f 2053/4427/6853 2051/1072/6854 2050/1276/6855
f 2053/4427/6853 2050/1276/6855 2052/3521/6856
f 2055/4123/6857 2053/4427/6858 2052/3521/6859
f 2055/4123/6857 2052/3521/6859 2054/2031/6860
f 2057/4415/6861 2055/4123/6862 2054/2031/6863
f 2057/4415/6861 2054/2031/6863 2056/2597/6864
f 2045/111/6865 2024/2058/6866 2023/1152/6867
f 2045/111/6865 2023/1152/6867 2046/2232/6868
f 2022/2561/6869 2057/4415/6870 2056/2597/6871
f 2022/2561/6869 2056/2597/6871 2025/1502/6872
f 2059/2989/6873 2060/1743/6874 2021/15/6875
f 2059/2989/6873 2021/15/6875 2058/4477/6876
f 2062/1016/6877 2059/2989/6878 2058/4477/6879
f 2062/1016/6877 2058/4477/6879 2061/3686/6880
f 2064/342/6881 2062/1016/6882 2061/3686/6883
f 2064/342/6881 2061/3686/6883 2063/4102/6884
f 2066/1917/6885 2064/342/6886 2063/4102/6887
f 2066/1917/6885 2063/4102/6887 2065/3440/6888
f 2068/4616/6889 2066/1917/6890 2065/3440/6891
f 2068/4616/6889 2065/3440/6891 2067/3658/6892
f 2025/2160/6893 2035/4419/6894 2034/2530/6895
f 2025/2160/6893 2034/2530/6895 2023/4343/6896
f 2024/2543/6897 2068/4616/6898 2067/3658/6899
f 2024/2543/6897 2067/3658/6899 2022/1866/6900
f 2006/1577/6901 1970/4469/6902 2022/1866/6903
f 2006/1577/6901 2022/1866/6903 2067/3658/6904
f 2005/418/6905 2102/461/6906 2036/4615/6907
f 2005/418/6905 2036/4615/6907 2038/4161/6908
f 1985/1136/6909 1987/3836/6910 2055/4123/6911
f 1985/1136/6909 2055/4123/6911 2057/4415/6912
f 2004/946/6913 2002/4601/6914 2039/2898/6915
f 2004/946/6913 2039/2898/6915 2037/2879/6916
f 1986/1174/6917 1984/3666/6918 2056/2597/6919
f 1986/1174/6917 2056/2597/6919 2054/2031/6920
f 1996/2312/6921 1969/2446/6922 2024/2058/6923
f 1996/2312/6921 2024/2058/6923 2045/111/6924
f 2003/2510/6925 2005/418/6926 2038/4161/6927
f 2003/2510/6925 2038/4161/6927 2040/42/6928
f 1972/621/6929 1997/366/6930 2046/2232/6931
f 1972/621/6929 2046/2232/6931 2023/1152/6932
f 2002/4601/6933 2000/4223/6934 2041/262/6935
f 2002/4601/6933 2041/262/6935 2039/2898/6936
f 1970/2726/6937 1985/1136/6938 2057/4415/6939
f 1970/2726/6937 2057/4415/6939 2022/2561/6940
f 1984/3666/6941 1971/1629/6942 2025/1502/6943
f 1984/3666/6941 2025/1502/6943 2056/2597/6944
f 2001/2293/6945 2003/2510/6946 2040/42/6947
f 2001/2293/6945 2040/42/6947 2042/2139/6948
f 2000/4223/6949 1998/3287/6950 2043/3294/6951
f 2000/4223/6949 2043/3294/6951 2041/262/6952
f 2015/1531/6953 2125/1074/6954 2060/1743/6955
f 2015/1531/6953 2060/1743/6955 2059/2989/6956
f 1982/3837/6957 1983/949/6958 2017/4553/6959
f 1982/3837/6957 2017/4553/6959 2027/2197/6960
f 1999/4529/6961 2001/2293/6962 2042/2139/6963
f 1999/4529/6961 2042/2139/6963 2044/437/6964
f 2016/2746/6965 2014/530/6966 2058/4477/6967
f 2016/2746/6965 2058/4477/6967 2021/15/6968
f 1998/3287/6969 1996/2312/6970 2045/111/6971
f 1998/3287/6969 2045/111/6971 2043/3294/6972
f 2013/940/6973 2015/1531/6974 2059/2989/6975
f 2013/940/6973 2059/2989/6975 2062/1016/6976
f 1997/366/6977 1999/4529/6978 2044/437/6979
f 1997/366/6977 2044/437/6979 2046/2232/6980
f 1980/2319/6981 1982/3837/6982 2027/2197/6983
f 1980/2319/6981 2027/2197/6983 2029/3417/6984
f 2014/530/6985 2012/3260/6986 2061/3686/6987
f 2014/530/6985 2061/3686/6987 2058/4477/6988
f 1981/4020/6989 1979/1705/6990 2028/3957/6991
f 1981/4020/6989 2028/3957/6991 2026/2725/6992
f 2024/3953/6993 2022/2100/6994 2072/11/6995
f 2024/3953/6993 2072/11/6995 2070/2000/6996
f 2025/102/6997 2023/3882/6998 2069/2382/6999
f 2025/102/6997 2069/2382/6999 2074/2220/7000
f 2022/4011/7001 2025/1547/7002 2074/2429/7003
f 2022/4011/7001 2074/2429/7003 2072/3682/7004
f 2071/3497/7005 2075/1197/7006 2069/1739/7007
f 2070/2359/7008 2079/1355/7009 2077/3586/7010
f 2070/2359/7008 2077/3586/7010 2071/3497/7011
f 2072/3170/7012 2076/2783/7013 2073/3587/7014
f 2074/541/7015 2075/1197/7016 2076/2783/7017
f 2073/3587/7018 2076/2783/7019 2078/2101/7020
f 2073/3587/7018 2078/2101/7020 2077/3586/7021
f 2074/2220/7022 2069/2382/7023 2075/1811/7024
f 2069/3447/7025 2070/2017/7026 2071/2121/7027
f 2070/2000/7028 2072/11/7029 2073/2857/7030
f 2070/2000/7028 2073/2857/7030 2079/789/7031
f 2072/3682/7032 2074/2429/7033 2076/1127/7034
f 2071/3497/7035 2078/2101/7036 2075/1197/7037
usemtl brickwall1
f 2077/663/7038 2079/1042/7039 2073/682/7040
usemtl stonetrims
f 2075/1197/7041 2078/2101/7042 2076/2783/7043
f 2077/3586/7044 2078/2101/7045 2071/3497/7046
f 1930/3655/7047 2108/2697/7048 2089/3506/7049
f 1930/3655/7047 2089/3506/7049 2082/2485/7050
f 1995/1728/7051 2020/3696/7052 2096/799/7053
f 1995/1728/7051 2096/799/7053 2091/2961/7054
f 1983/2778/7055 1952/1193/7056 2085/2247/7057
f 1983/2778/7055 2085/2247/7057 2088/2249/7058
f 1945/2174/7059 1995/3459/7060 2091/2583/7061
f 1945/2174/7059 2091/2583/7061 2084/2066/7062
f 2036/4615/7063 2102/461/7064 2107/235/7065
f 2036/4615/7063 2107/235/7065 2098/4198/7066
f 1994/1119/7067 1958/920/7068 2086/943/7069
f 1994/1119/7067 2086/943/7069 2090/1731/7070
f 2021/15/7071 2060/1743/7072 2100/936/7073
f 2021/15/7071 2100/936/7073 2097/294/7074
f 2017/4553/7075 1983/949/7076 2088/3665/7077
f 2017/4553/7075 2088/3665/7077 2093/1627/7078
f 2049/616/7079 1994/3826/7080 2090/3907/7081
f 2049/616/7079 2090/3907/7081 2099/795/7082
f 1964/2502/7083 2016/1952/7084 2092/1265/7085
f 1964/2502/7083 2092/1265/7085 2087/1261/7086
f 2019/1153/7087 2036/4615/7088 2098/4198/7089
f 2019/1153/7087 2098/4198/7089 2095/1843/7090
f 2060/1743/7091 2125/1074/7092 2122/2462/7093
f 2060/1743/7091 2122/2462/7093 2100/936/7094
f 2125/1720/7095 1920/1467/7096 2080/3066/7097
f 2125/1720/7095 2080/3066/7097 2122/4545/7098
f 2020/3696/7099 2049/616/7100 2099/795/7101
f 2020/3696/7099 2099/795/7101 2096/799/7102
f 2102/4331/7103 1936/227/7104 2083/3887/7105
f 2102/4331/7103 2083/3887/7105 2107/2465/7106
f 2018/2176/7107 2017/4553/7108 2093/1627/7109
f 2018/2176/7107 2093/1627/7109 2094/387/7110
f 1926/2077/7111 2115/3532/7112 2124/4034/7113
f 1926/2077/7111 2124/4034/7113 2081/482/7114
f 2016/2746/7115 2021/15/7116 2097/294/7117
f 2016/2746/7115 2097/294/7117 2092/1909/7118
f 2023/2752/7119 2024/2620/7120 2070/2017/7121
f 2023/2752/7119 2070/2017/7121 2069/3447/7122
f 2114/3791/7123 2110/4187/7124 1934/568/7125
f 2114/3791/7123 1934/568/7125 1931/4539/7126
f 2105/1397/7127 2112/3944/7128 1939/429/7129
f 2105/1397/7127 1939/429/7129 1935/2097/7130
f 2104/3758/7131 2108/2697/7132 1930/3655/7133
f 2104/3758/7131 1930/3655/7133 1940/4420/7134
f 2108/3916/7135 1981/4020/7136 2026/2725/7137
f 2108/3916/7135 2026/2725/7137 2018/2176/7138
usemtl brickwall1
f 2109/3879/7139 2106/446/7140 2001/3958/7141
f 2109/3879/7139 2001/3958/7141 1999/4528/7142
f 2106/446/7143 2103/1657/7144 2003/737/7145
f 2106/446/7143 2003/737/7145 2001/3958/7146
usemtl stonetrims
f 2089/3743/7147 2108/3916/7148 2018/2176/7149
f 2089/3743/7147 2018/2176/7149 2094/387/7150
f 2110/4187/7151 2105/1397/7152 1935/2097/7153
f 2110/4187/7151 1935/2097/7153 1934/568/7154
f 2112/3944/7155 2104/3758/7156 1940/4420/7157
f 2112/3944/7155 1940/4420/7157 1939/429/7158
usemtl brickwall1
f 2111/4592/7159 2109/3879/7160 1999/4528/7161
f 2111/4592/7159 1999/4528/7161 1997/3351/7162
f 2101/1108/7163 2111/4592/7164 1997/3351/7165
f 2101/1108/7163 1997/3351/7165 1972/613/7166
usemtl stonetrims
f 2101/2259/7167 2114/3791/7168 1931/4539/7169
f 2101/2259/7167 1931/4539/7169 1938/4127/7170
usemtl brickwall1
f 2103/1657/7171 2113/231/7172 2005/416/7173
f 2103/1657/7171 2005/416/7173 2003/737/7174
f 2113/231/7175 2102/1141/7176 2005/416/7177
f 2117/2110/7178 2126/1383/7179 1998/3347/7180
f 2117/2110/7178 1998/3347/7180 2000/321/7181
f 2115/1288/7182 2123/380/7183 2004/622/7184
f 2126/1383/7185 2118/2819/7186 1996/2221/7187
f 2126/1383/7185 1996/2221/7187 1998/3347/7188
usemtl stonetrims
f 2119/2953/7189 2129/2801/7190 1929/871/7191
f 2119/2953/7189 1929/871/7191 1921/1565/7192
f 2121/2753/7193 2119/2953/7194 1921/1565/7195
f 2121/2753/7193 1921/1565/7195 1924/958/7196
f 2120/2205/7197 2128/4047/7198 1925/2145/7199
f 2120/2205/7197 1925/2145/7199 1928/2732/7200
f 2125/1720/7201 2127/2165/7202 1917/2640/7203
f 2125/1720/7201 1917/2640/7203 1920/1467/7204
f 2115/2135/7205 2004/946/7206 2037/2879/7207
f 2115/2135/7205 2037/2879/7207 2019/1153/7208
usemtl brickwall1
f 2123/380/7209 2116/2524/7210 2002/476/7211
f 2123/380/7209 2002/476/7211 2004/622/7212
f 2116/2524/7213 2117/2110/7214 2000/321/7215
f 2116/2524/7213 2000/321/7215 2002/476/7216
f 2118/2819/7217 2129/2723/7218 1969/1366/7219
f 2118/2819/7217 1969/1366/7219 1996/2221/7220
usemtl stonetrims
f 2128/4047/7221 2121/2753/7222 1924/958/7223
f 2128/4047/7221 1924/958/7223 1925/2145/7224
f 2127/2165/7225 2120/2205/7226 1928/2732/7227
f 2127/2165/7225 1928/2732/7227 1917/2640/7228
f 2124/3164/7229 2115/2135/7230 2019/1153/7231
f 2124/3164/7229 2019/1153/7231 2095/1843/7232
usemtl brickwall1
f 2134/2126/7233 2140/4454/7234 1991/4675/7235
f 2134/2126/7233 1991/4675/7235 1989/525/7236
f 2140/4454/7237 2136/4054/7238 1993/2792/7239
f 2140/4454/7237 1993/2792/7239 1991/4675/7240
f 2133/3422/7241 2139/1479/7242 1987/1498/7243
f 2133/3422/7241 1987/1498/7243 1985/874/7244
usemtl stonetrims
f 2137/2304/7245 2132/4442/7246 1957/3146/7247
f 2137/2304/7245 1957/3146/7247 1956/921/7248
f 2130/3017/7249 2131/324/7250 1961/3176/7251
f 2130/3017/7249 1961/3176/7251 1960/1047/7252
f 2135/4559/7253 2137/2304/7254 1956/921/7255
f 2135/4559/7253 1956/921/7255 1965/2623/7256
usemtl brickwall1
f 2138/718/7257 2133/3422/7258 1985/874/7259
f 2138/718/7257 1985/874/7259 1970/2007/7260
f 2136/4054/7261 1994/4301/7262 1993/2792/7263
f 2139/1479/7264 2134/2126/7265 1989/525/7266
f 2139/1479/7264 1989/525/7266 1987/1498/7267
usemtl stonetrims
f 2138/2109/7268 2135/4559/7269 1965/2623/7270
f 2138/2109/7268 1965/2623/7270 1968/1036/7271
f 2132/4442/7272 2130/3017/7273 1960/1047/7274
f 2132/4442/7272 1960/1047/7274 1957/3146/7275
f 2131/324/7276 2016/1952/7277 1964/2502/7278
f 2131/324/7276 1964/2502/7278 1961/3176/7279
usemtl brickwall1
f 2151/1962/7280 2144/1533/7281 1988/3921/7282
f 2151/1962/7280 1988/3921/7282 1990/1511/7283
usemtl stonetrims
f 2149/2040/7284 2141/1015/7285 1943/1491/7286
f 2149/2040/7284 1943/1491/7286 1944/2330/7287
f 2150/1187/7288 2148/4048/7289 1947/89/7290
f 2150/1187/7288 1947/89/7290 1949/162/7291
f 2145/136/7292 2143/2419/7293 1948/3063/7294
f 2145/136/7292 1948/3063/7294 1953/1327/7295
usemtl brickwall1
f 2144/1533/7296 2147/1648/7297 1986/821/7298
f 2144/1533/7296 1986/821/7298 1988/3921/7299
f 1995/2689/7300 2146/1207/7301 1992/1570/7302
f 2147/1648/7303 2142/238/7304 1984/3235/7305
f 2147/1648/7303 1984/3235/7305 1986/821/7306
f 2146/1207/7307 2151/1962/7308 1990/1511/7309
f 2146/1207/7307 1990/1511/7309 1992/1570/7310
f 2142/238/7311 2143/4296/7312 1971/1684/7313
f 2142/238/7311 1971/1684/7313 1984/3235/7314
usemtl stonetrims
f 2148/4048/7315 2149/2040/7316 1944/2330/7317
f 2148/4048/7315 1944/2330/7317 1947/89/7318
f 1983/2778/7319 2150/1187/7320 1949/162/7321
f 1983/2778/7319 1949/162/7321 1952/1193/7322
f 2141/1015/7323 2145/136/7324 1953/1327/7325
f 2141/1015/7323 1953/1327/7325 1943/1491/7326
f 2154/3159/7327 2153/4686/7328 2172/276/7329
f 2154/3159/7327 2172/276/7329 2173/2325/7330
f 2156/4455/7331 2157/1659/7332 2168/3898/7333
f 2156/4455/7331 2168/3898/7333 2165/4030/7334
f 2155/2361/7335 2154/3159/7336 2173/2325/7337
f 2155/2361/7335 2173/2325/7337 2174/4194/7338
usemtl brickwall1
f 2157/4/7339 2154/3254/7340 2155/2785/7341
f 2157/4/7339 2155/2785/7341 2158/254/7342
f 2158/2460/7343 2155/2028/7344 2152/1730/7345
f 2158/2460/7343 2152/1730/7345 2159/3636/7346
f 2156/3292/7347 2153/1595/7348 2154/3342/7349
f 2156/3292/7347 2154/3342/7349 2157/4253/7350
f 2159/1182/7351 2152/3499/7352 2153/2947/7353
f 2159/1182/7351 2153/2947/7353 2156/696/7354
usemtl stonetrims
f 2159/1936/7355 2156/4455/7356 2165/4030/7357
f 2159/1936/7355 2165/4030/7357 2175/2169/7358
f 2152/2951/7359 2155/2361/7360 2174/4194/7361
f 2152/2951/7359 2174/4194/7361 2162/2400/7362
f 2162/419/7363 2163/1869/7364 2164/91/7365
f 2162/419/7363 2164/91/7365 2172/2413/7366
f 2172/2413/7367 2164/91/7368 2167/584/7369
f 2172/2413/7367 2167/584/7369 2173/1154/7370
f 2173/1154/7371 2167/584/7372 2170/1280/7373
f 2173/1154/7371 2170/1280/7373 2174/1277/7374
f 2174/1277/7375 2170/1280/7376 2163/593/7377
f 2174/1277/7375 2163/593/7377 2162/2551/7378
f 2161/1263/7379 2175/1381/7380 2165/3153/7381
f 2161/1263/7379 2165/3153/7381 2160/3881/7382
f 2160/3881/7383 2165/3153/7384 2168/1610/7385
f 2160/3881/7383 2168/1610/7385 2166/232/7386
f 2169/3482/7387 2171/2156/7388 2175/1883/7389
f 2169/3482/7387 2175/1883/7389 2161/220/7390
f 2166/232/7391 2168/1610/7392 2171/2156/7393
f 2166/232/7391 2171/2156/7393 2169/3482/7394
f 2158/4494/7395 2159/886/7396 2175/2216/7397
f 2158/4494/7395 2175/2216/7397 2171/1818/7398
f 2153/4686/7399 2152/1746/7400 2162/2091/7401
f 2153/4686/7399 2162/2091/7401 2172/276/7402
f 2157/1659/7403 2158/4494/7404 2171/1818/7405
f 2157/1659/7403 2171/1818/7405 2168/3898/7406
f 2163/1869/7407 2170/1923/7408 2167/92/7409
f 2163/1869/7407 2167/92/7409 2164/2593/7410
f 2160/749/7411 2166/2320/7412 2169/2322/7413
f 2160/749/7411 2169/2322/7413 2161/2155/7414
f 2178/4201/7415 2177/1007/7416 2196/1305/7417
f 2178/4201/7415 2196/1305/7417 2197/3365/7418
f 2180/781/7419 2181/1181/7420 2192/210/7421
f 2180/781/7419 2192/210/7421 2189/356/7422
f 2179/3397/7423 2178/4201/7424 2197/3365/7425
f 2179/3397/7423 2197/3365/7425 2198/501/7426
usemtl brickwall1
f 2181/1038/7427 2178/4294/7428 2179/3838/7429
f 2181/1038/7427 2179/3838/7429 2182/1289/7430
f 2182/1926/7431 2179/1488/7432 2176/2820/7433
f 2182/1926/7431 2176/2820/7433 2183/4679/7434
f 2180/4329/7435 2177/2682/7436 2178/2843/7437
f 2180/4329/7435 2178/2843/7437 2181/573/7438
f 2183/2236/7439 2176/4534/7440 2177/3984/7441
f 2183/2236/7439 2177/3984/7441 2180/1710/7442
usemtl stonetrims
f 2183/3003/7443 2180/781/7444 2189/356/7445
f 2183/3003/7443 2189/356/7445 2199/3210/7446
f 2176/3990/7447 2179/3397/7448 2198/501/7449
f 2176/3990/7447 2198/501/7449 2186/3434/7450
f 2186/1441/7451 2187/2949/7452 2188/1120/7453
f 2186/1441/7451 2188/1120/7453 2196/1873/7454
f 2196/1873/7455 2188/1120/7456 2191/1597/7457
f 2196/1873/7455 2191/1597/7457 2197/2206/7458
f 2197/2206/7459 2191/1597/7460 2194/2334/7461
f 2197/2206/7459 2194/2334/7461 2198/2329/7462
f 2198/2329/7463 2194/2334/7464 2187/1606/7465
f 2198/2329/7463 2187/1606/7465 2186/3578/7466
f 2185/754/7467 2199/2461/7468 2189/4192/7469
f 2185/754/7467 2189/4192/7469 2184/190/7470
f 2184/190/7471 2189/4192/7472 2192/2707/7473
f 2184/190/7471 2192/2707/7473 2190/1258/7474
f 2193/4514/7475 2195/1605/7476 2199/2954/7477
f 2193/4514/7475 2199/2954/7477 2185/1248/7478
f 2190/1258/7479 2192/2707/7480 2195/1605/7481
f 2190/1258/7479 2195/1605/7481 2193/4514/7482
f 2182/820/7483 2183/1918/7484 2199/3244/7485
f 2182/820/7483 2199/3244/7485 2195/2893/7486
f 2177/1007/7487 2176/2827/7488 2186/3136/7489
f 2177/1007/7487 2186/3136/7489 2196/1305/7490
f 2181/1181/7491 2182/820/7492 2195/2893/7493
f 2181/1181/7491 2195/2893/7493 2192/210/7494
f 2187/2949/7495 2194/2992/7496 2191/1122/7497
f 2187/2949/7495 2191/1122/7497 2188/2076/7498
f 2184/1768/7499 2190/1776/7500 2193/1779/7501
f 2184/1768/7499 2193/1779/7501 2185/3200/7502
f 2202/3688/7503 2201/2057/7504 2220/2367/7505
f 2202/3688/7503 2220/2367/7505 2221/4393/7506
f 2204/1805/7507 2205/2238/7508 2216/1238/7509
f 2204/1805/7507 2216/1238/7509 2213/1367/7510
f 2203/4430/7511 2202/3688/7512 2221/4393/7513
f 2203/4430/7511 2221/4393/7513 2222/1523/7514
usemtl brickwall1
f 2205/515/7515 2202/609/7516 2203/158/7517
f 2205/515/7515 2203/158/7517 2206/2347/7518
f 2206/2994/7519 2203/2571/7520 2200/3867/7521
f 2206/2994/7519 2200/3867/7521 2207/1000/7522
f 2204/648/7523 2201/3726/7524 2202/3892/7525
f 2204/648/7523 2202/3892/7525 2205/1588/7526
f 2207/3268/7527 2200/866/7528 2201/301/7529
f 2207/3268/7527 2201/301/7529 2204/2794/7530
usemtl stonetrims
f 2207/2482/7531 2204/1805/7532 2213/1367/7533
f 2207/2482/7531 2213/1367/7533 2223/2709/7534
f 2200/305/7535 2203/4430/7536 2222/1523/7537
f 2200/305/7535 2222/1523/7537 2210/4468/7538
f 2210/2513/7539 2211/2430/7540 2212/2161/7541
f 2210/2513/7539 2212/2161/7541 2220/2952/7542
f 2220/2952/7543 2212/2161/7544 2215/2685/7545
f 2220/2952/7543 2215/2685/7545 2221/1649/7546
f 2221/1649/7547 2215/2685/7548 2218/3370/7549
f 2221/1649/7547 2218/3370/7549 2222/3366/7550
f 2222/3366/7551 2218/3370/7552 2211/2699/7553
f 2222/3366/7551 2211/2699/7553 2210/4624/7554
f 2209/1780/7555 2223/3489/7556 2213/497/7557
f 2209/1780/7555 2213/497/7557 2208/1222/7558
f 2208/1222/7559 2213/497/7560 2216/2196/7561
f 2208/1222/7559 2216/2196/7561 2214/2309/7562
f 2217/843/7563 2219/2695/7564 2223/3993/7565
f 2217/843/7563 2223/3993/7565 2209/2297/7566
f 2214/2309/7567 2216/2196/7568 2219/2695/7569
f 2214/2309/7567 2219/2695/7569 2217/843/7570
f 2206/1846/7571 2207/2986/7572 2223/4280/7573
f 2206/1846/7571 2223/4280/7573 2219/3938/7574
f 2201/2057/7575 2200/3875/7576 2210/4180/7577
f 2201/2057/7575 2210/4180/7577 2220/2367/7578
f 2205/2238/7579 2206/1846/7580 2219/3938/7581
f 2205/2238/7579 2219/3938/7581 2216/1238/7582
f 2211/2430/7583 2218/4031/7584 2215/600/7585
f 2211/2430/7583 2215/600/7585 2212/3123/7586
f 2208/2858/7587 2214/2860/7588 2217/2863/7589
f 2208/2858/7587 2217/2863/7589 2209/4234/7590
f 2226/18/7591 2225/1514/7592 2244/3402/7593
f 2226/18/7591 2244/3402/7593 2245/713/7594
f 2228/2882/7595 2229/3265/7596 2240/2295/7597
f 2228/2882/7595 2240/2295/7597 2237/2440/7598
f 2227/757/7599 2226/18/7600 2245/713/7601
f 2227/757/7599 2245/713/7601 2246/1045/7602
usemtl brickwall1
f 2229/1535/7603 2226/1630/7604 2227/1188/7605
f 2229/1535/7603 2227/1188/7605 2230/3382/7606
f 2230/4036/7607 2227/3597/7608 2224/180/7609
f 2230/4036/7607 2224/180/7609 2231/2053/7610
f 2228/166/7611 2225/56/7612 2226/206/7613
f 2228/166/7611 2226/206/7613 2229/2667/7614
f 2231/4307/7615 2224/363/7616 2225/1320/7617
f 2231/4307/7615 2225/1320/7617 2228/3855/7618
usemtl stonetrims
f 2231/3510/7619 2228/2882/7620 2237/2440/7621
f 2231/3510/7619 2237/2440/7621 2247/3756/7622
f 2224/1328/7623 2227/757/7624 2246/1045/7625
f 2224/1328/7623 2246/1045/7625 2234/3976/7626
f 2234/3551/7627 2235/3461/7628 2236/1609/7629
f 2234/3551/7627 2236/1609/7629 2244/3991/7630
f 2244/3991/7631 2236/1609/7632 2239/3729/7633
f 2244/3991/7631 2239/3729/7633 2245/2737/7634
f 2245/2737/7635 2239/3729/7636 2242/4406/7637
f 2245/2737/7635 2242/4406/7637 2246/4394/7638
f 2246/4394/7639 2242/4406/7640 2235/2189/7641
f 2246/4394/7639 2235/2189/7641 2234/960/7642
f 2233/2859/7643 2247/4521/7644 2237/1521/7645
f 2233/2859/7643 2237/1521/7645 2232/2275/7646
f 2232/2275/7647 2237/1521/7648 2240/3224/7649
f 2232/2275/7647 2240/3224/7649 2238/3350/7650
f 2241/346/7651 2243/3742/7652 2247/313/7653
f 2241/346/7651 2247/313/7653 2233/3335/7654
f 2238/3350/7655 2240/3224/7656 2243/3742/7657
f 2238/3350/7655 2243/3742/7657 2241/346/7658
f 2230/2923/7659 2231/4021/7660 2247/601/7661
f 2230/2923/7659 2247/601/7661 2243/243/7662
f 2225/1514/7663 2224/187/7664 2234/489/7665
f 2225/1514/7663 2234/489/7665 2244/3402/7666
f 2229/3265/7667 2230/2923/7668 2243/243/7669
f 2229/3265/7667 2243/243/7669 2240/2295/7670
f 2235/3461/7671 2242/357/7672 2239/1615/7673
f 2235/3461/7671 2239/1615/7673 2236/4168/7674
f 2232/2338/7675 2238/3901/7676 2241/3905/7677
f 2232/2338/7675 2241/3905/7677 2233/545/7678
f 2250/1052/7679 2249/2592/7680 2268/4434/7681
f 2250/1052/7679 2268/4434/7681 2269/1733/7682
f 2252/3931/7683 2253/4304/7684 2264/3332/7685
f 2252/3931/7683 2264/3332/7685 2261/1907/7686
f 2251/1783/7687 2250/1052/7688 2269/1733/7689
f 2251/1783/7687 2269/1733/7689 2270/2088/7690
usemtl brickwall1
f 2253/2622/7691 2250/2720/7692 2251/2241/7693
f 2253/2622/7691 2251/2241/7693 2254/4413/7694
f 2254/359/7695 2251/4648/7696 2248/1211/7697
f 2254/359/7695 2248/1211/7697 2255/3099/7698
f 2252/1198/7699 2249/1088/7700 2250/1232/7701
f 2252/1198/7699 2250/1232/7701 2253/1716/7702
f 2255/619/7703 2248/1378/7704 2249/2394/7705
f 2255/619/7703 2249/2394/7705 2252/3319/7706
usemtl stonetrims
f 2255/4554/7707 2252/3931/7708 2261/1907/7709
f 2255/4554/7707 2261/1907/7709 2271/82/7710
f 2248/2397/7711 2251/1783/7712 2270/2088/7713
f 2248/2397/7711 2270/2088/7713 2258/292/7714
f 2258/4599/7715 2259/4500/7716 2260/2702/7717
f 2258/4599/7715 2260/2702/7717 2268/308/7718
f 2268/308/7719 2260/2702/7720 2263/58/7721
f 2268/308/7719 2263/58/7721 2269/3783/7722
f 2269/3783/7723 2263/58/7724 2266/728/7725
f 2269/3783/7723 2266/728/7725 2270/715/7726
f 2270/715/7727 2266/728/7728 2259/3222/7729
f 2270/715/7727 2259/3222/7729 2258/1999/7730
f 2257/3900/7731 2271/855/7732 2261/2607/7733
f 2257/3900/7731 2261/2607/7733 2256/3307/7734
f 2256/3307/7735 2261/2607/7736 2264/4263/7737
f 2256/3307/7735 2264/4263/7737 2262/4380/7738
f 2265/1359/7739 2267/70/7740 2271/4509/7741
f 2265/1359/7739 2271/4509/7741 2257/4365/7742
f 2262/4380/7743 2264/4263/7744 2267/70/7745
f 2262/4380/7743 2267/70/7745 2265/1359/7746
f 2254/3962/7747 2255/347/7748 2271/1616/7749
f 2254/3962/7747 2271/1616/7749 2267/4445/7750
f 2249/2592/7751 2248/1220/7752 2258/1515/7753
f 2249/2592/7751 2258/1515/7753 2268/4434/7754
f 2253/4304/7755 2254/3962/7756 2267/4445/7757
f 2253/4304/7755 2267/4445/7757 2264/3332/7758
f 2259/4500/7759 2266/1369/7760 2263/1346/7761
f 2259/4500/7759 2263/1346/7761 2260/474/7762
f 2256/3372/7763 2262/223/7764 2265/225/7765
f 2256/3372/7763 2265/225/7765 2257/1567/7766
f 2274/2094/7767 2273/3627/7768 2292/763/7769
f 2274/2094/7767 2292/763/7769 2293/2821/7770
f 2276/3405/7771 2277/617/7772 2288/4363/7773
f 2276/3405/7771 2288/4363/7773 2285/2977/7774
f 2275/2865/7775 2274/2094/7776 2293/2821/7777
f 2275/2865/7775 2293/2821/7777 2294/3132/7778
usemtl brickwall1
f 2277/3656/7779 2274/2208/7780 2275/3272/7781
f 2277/3656/7779 2275/3272/7781 2278/743/7782
f 2278/1370/7783 2275/975/7784 2272/2265/7785
f 2278/1370/7783 2272/2265/7785 2279/2585/7786
f 2276/2251/7787 2273/2133/7788 2274/2286/7789
f 2276/2251/7787 2274/2286/7789 2277/3204/7790
f 2279/1640/7791 2272/2456/7792 2273/3425/7793
f 2279/1640/7791 2273/3425/7793 2276/4354/7794
usemtl stonetrims
f 2279/888/7795 2276/3405/7796 2285/2977/7797
f 2279/888/7795 2285/2977/7797 2295/1110/7798
f 2272/3427/7799 2275/2865/7800 2294/3132/7801
f 2272/3427/7799 2294/3132/7801 2282/1315/7802
f 2282/928/7803 2283/824/7804 2284/3749/7805
f 2282/928/7803 2284/3749/7805 2292/1331/7806
f 2292/1331/7807 2284/3749/7808 2287/1089/7809
f 2292/1331/7807 2287/1089/7809 2293/112/7810
f 2293/112/7811 2287/1089/7812 2290/1749/7813
f 2293/112/7811 2290/1749/7813 2294/1735/7814
f 2294/1735/7815 2290/1749/7816 2283/4258/7817
f 2294/1735/7815 2283/4258/7817 2282/3054/7818
f 2281/2531/7819 2295/4335/7820 2285/2087/7821
f 2281/2531/7819 2285/2087/7821 2280/4341/7822
f 2280/4341/7823 2285/2087/7824 2288/586/7825
f 2280/4341/7823 2288/586/7825 2286/702/7826
f 2289/2435/7827 2291/1102/7828 2295/832/7829
f 2289/2435/7827 2295/832/7829 2281/691/7830
f 2286/702/7831 2288/586/7832 2291/1102/7833
f 2286/702/7831 2291/1102/7833 2289/2435/7834
f 2278/270/7835 2279/1360/7836 2295/1144/7837
f 2278/270/7835 2295/1144/7837 2291/774/7838
f 2273/3627/7839 2272/704/7840 2282/2595/7841
f 2273/3627/7839 2282/2595/7841 2292/763/7842
f 2277/617/7843 2278/270/7844 2291/774/7845
f 2277/617/7843 2291/774/7845 2288/4363/7846
f 2283/824/7847 2290/2437/7848 2287/3751/7849
f 2283/824/7847 2287/3751/7849 2284/1499/7850
f 2280/4408/7851 2286/1249/7852 2289/1250/7853
f 2280/4408/7851 2289/1250/7853 2281/2648/7854
f 2298/3148/7855 2297/4676/7856 2316/1788/7857
f 2298/3148/7855 2316/1788/7857 2317/2305/7858
f 2300/4433/7859 2301/1637/7860 2312/685/7861
f 2300/4433/7859 2312/685/7861 2309/4013/7862
f 2299/2348/7863 2298/3148/7864 2317/2305/7865
f 2299/2348/7863 2317/2305/7865 2318/4177/7866
usemtl brickwall1
f 2301/4698/7867 2298/3237/7868 2299/4310/7869
f 2301/4698/7867 2299/4310/7869 2302/1762/7870
f 2302/2441/7871 2299/2016/7872 2296/3289/7873
f 2302/2441/7871 2296/3289/7873 2303/3618/7874
f 2300/3283/7875 2297/1584/7876 2298/3320/7877
f 2300/3283/7875 2298/3320/7877 2301/4236/7878
f 2303/1171/7879 2296/3488/7880 2297/4458/7881
f 2303/1171/7879 2297/4458/7881 2300/676/7882
usemtl stonetrims
f 2303/1920/7883 2300/4433/7884 2309/4013/7885
f 2303/1920/7883 2309/4013/7885 2319/2150/7886
f 2296/4461/7887 2299/2348/7888 2318/4177/7889
f 2296/4461/7887 2318/4177/7889 2306/3078/7890
f 2306/1966/7891 2307/1848/7892 2308/75/7893
f 2306/1966/7891 2308/75/7893 2316/2399/7894
f 2316/2399/7895 2308/75/7896 2311/562/7897
f 2316/2399/7895 2311/562/7897 2317/1135/7898
f 2317/1135/7899 2311/562/7900 2314/2828/7901
f 2317/1135/7899 2314/2828/7901 2318/1252/7902
f 2318/1252/7903 2314/2828/7904 2307/577/7905
f 2318/1252/7903 2307/577/7905 2306/4098/7906
f 2305/2764/7907 2319/2956/7908 2309/3131/7909
f 2305/2764/7907 2309/3131/7909 2304/664/7910
f 2304/664/7911 2309/3131/7912 2312/1596/7913
f 2304/664/7911 2312/1596/7913 2310/1717/7914
f 2313/3462/7915 2315/2140/7916 2319/1858/7917
f 2313/3462/7915 2319/1858/7917 2305/196/7918
f 2310/1717/7919 2312/1596/7920 2315/2140/7921
f 2310/1717/7919 2315/2140/7921 2313/3462/7922
f 2302/4472/7923 2303/868/7924 2319/2199/7925
f 2302/4472/7923 2319/2199/7925 2315/1799/7926
f 2297/4676/7927 2296/1721/7928 2306/2075/7929
f 2297/4676/7927 2306/2075/7929 2316/1788/7930
f 2301/1637/7931 2302/4472/7932 2315/1799/7933
f 2301/1637/7931 2315/1799/7933 2312/685/7934
f 2307/1848/7935 2314/1910/7936 2311/79/7937
f 2307/1848/7935 2311/79/7937 2308/2577/7938
f 2304/729/7939 2310/2300/7940 2313/2302/7941
f 2304/729/7939 2313/2302/7941 2305/3689/7942
f 2322/4188/7943 2321/994/7944 2340/2868/7945
f 2322/4188/7943 2340/2868/7945 2341/3343/7946
f 2324/762/7947 2325/2733/7948 2336/1706/7949
f 2324/762/7947 2336/1706/7949 2333/333/7950
f 2323/3381/7951 2322/4188/7952 2341/3343/7953
f 2323/3381/7951 2341/3343/7953 2342/487/7954
usemtl brickwall1
f 2325/1021/7955 2322/4277/7956 2323/3820/7957
f 2325/1021/7955 2323/3820/7957 2326/2845/7958
f 2326/3468/7959 2323/3071/7960 2320/4324/7961
f 2326/3468/7959 2320/4324/7961 2327/4666/7962
f 2324/4318/7963 2321/2662/7964 2322/4356/7965
f 2324/4318/7963 2322/4356/7965 2325/551/7966
f 2327/2223/7967 2320/4518/7968 2321/3967/7969
f 2327/2223/7967 2321/3967/7969 2324/1695/7970
usemtl stonetrims
f 2327/2990/7971 2324/762/7972 2333/333/7973
f 2327/2990/7971 2333/333/7973 2343/3193/7974
f 2320/3972/7975 2323/3381/7976 2342/487/7977
f 2320/3972/7975 2342/487/7977 2330/3419/7978
f 2330/1428/7979 2331/2926/7980 2332/1104/7981
f 2330/1428/7979 2332/1104/7981 2340/3428/7982
f 2340/3428/7983 2332/1104/7984 2335/1585/7985
f 2340/3428/7983 2335/1585/7985 2341/2187/7986
f 2341/2187/7987 2335/1585/7988 2338/3877/7989
f 2341/2187/7987 2338/3877/7989 2342/2306/7990
f 2342/2306/7991 2338/3877/7992 2331/1590/7993
f 2342/2306/7991 2331/1590/7993 2330/406/7994
f 2329/2303/7995 2343/2442/7996 2333/4175/7997
f 2329/2303/7995 2333/4175/7997 2328/1685/7998
f 2328/1685/7999 2333/4175/8000 2336/2686/8001
f 2328/1685/7999 2336/2686/8001 2334/2804/8002
f 2337/4502/8003 2339/3186/8004 2343/2936/8005
f 2337/4502/8003 2343/2936/8005 2329/1227/8006
f 2334/2804/8007 2336/2686/8008 2339/3186/8009
f 2334/2804/8007 2339/3186/8009 2337/4502/8010
f 2326/810/8011 2327/1897/8012 2343/3227/8013
f 2326/810/8011 2343/3227/8013 2339/2876/8014
f 2321/994/8015 2320/2810/8016 2330/3121/8017
f 2321/994/8015 2330/3121/8017 2340/2868/8018
f 2325/2733/8019 2326/810/8020 2339/2876/8021
f 2325/2733/8019 2339/2876/8021 2336/1706/8022
f 2331/2926/8023 2338/2979/8024 2335/1105/8025
f 2331/2926/8023 2335/1105/8025 2332/3608/8026
f 2328/1752/8027 2334/3336/8028 2337/3338/8029
f 2328/1752/8027 2337/3338/8029 2329/19/8030
f 2346/495/8031 2345/2036/8032 2364/2352/8033
f 2346/495/8031 2364/2352/8033 2365/4378/8034
f 2348/1789/8035 2349/3775/8036 2360/1225/8037
f 2348/1789/8035 2360/1225/8037 2357/1349/8038
f 2347/4412/8039 2346/495/8040 2365/4378/8041
f 2347/4412/8039 2365/4378/8041 2366/1507/8042
usemtl brickwall1
f 2349/2063/8043 2346/594/8044 2347/137/8045
f 2349/2063/8043 2347/137/8045 2350/2332/8046
f 2350/2980/8047 2347/4122/8048 2344/3856/8049
f 2350/2980/8047 2344/3856/8049 2351/990/8050
f 2348/632/8051 2345/3705/8052 2346/677/8053
f 2348/632/8051 2346/677/8053 2349/1571/8054
f 2351/3252/8055 2344/850/8056 2345/279/8057
f 2351/3252/8055 2345/279/8057 2348/2780/8058
usemtl stonetrims
f 2351/4026/8059 2348/1789/8060 2357/1349/8061
f 2351/4026/8059 2357/1349/8061 2367/4231/8062
f 2344/286/8063 2347/4412/8064 2366/1507/8065
f 2344/286/8063 2366/1507/8065 2354/4450/8066
f 2354/2498/8067 2355/3965/8068 2356/2146/8069
f 2354/2498/8067 2356/2146/8069 2364/4462/8070
f 2364/4462/8071 2356/2146/8072 2359/2664/8073
f 2364/4462/8071 2359/2664/8073 2365/3219/8074
f 2365/3219/8075 2359/2664/8076 2362/3356/8077
f 2365/3219/8075 2362/3356/8077 2366/3344/8078
f 2366/3344/8079 2362/3356/8080 2355/2677/8081
f 2366/3344/8079 2355/2677/8081 2354/4614/8082
f 2353/3337/8083 2367/3469/8084 2357/481/8085
f 2353/3337/8083 2357/481/8085 2352/1208/8086
f 2352/1208/8087 2357/481/8088 2360/3727/8089
f 2352/1208/8087 2360/3727/8089 2358/2294/8090
f 2361/828/8091 2363/2672/8092 2367/3975/8093
f 2361/828/8091 2367/3975/8093 2353/2282/8094
f 2358/2294/8095 2360/3727/8096 2363/2672/8097
f 2358/2294/8095 2363/2672/8097 2361/828/8098
f 2350/1830/8099 2351/2972/8100 2367/4265/8101
f 2350/1830/8099 2367/4265/8101 2363/3925/8102
f 2345/2036/8103 2344/3862/8104 2354/4165/8105
f 2345/2036/8103 2354/4165/8105 2364/2352/8106
f 2349/3775/8107 2350/1830/8108 2363/3925/8109
f 2349/3775/8107 2363/3925/8109 2360/1225/8110
f 2355/3965/8111 2362/4012/8112 2359/2147/8113
f 2355/3965/8111 2359/2147/8113 2356/3110/8114
f 2352/2830/8115 2358/4366/8116 2361/2841/8117
f 2352/2830/8115 2361/2841/8117 2353/4222/8118
f 2370/1517/8119 2369/3090/8120 2388/3388/8121
f 2370/1517/8119 2388/3388/8121 2389/697/8122
f 2372/2867/8123 2373/3251/8124 2384/2277/8125
f 2372/2867/8123 2384/2277/8125 2381/2421/8126
f 2371/740/8127 2370/1517/8128 2389/697/8129
f 2371/740/8127 2389/697/8129 2390/2590/8130
usemtl brickwall1
f 2373/1522/8131 2370/1607/8132 2371/1173/8133
f 2373/1522/8131 2371/1173/8133 2374/3369/8134
f 2374/4016/8135 2371/3584/8136 2368/164/8137
f 2374/4016/8135 2368/164/8137 2375/2030/8138
f 2372/1660/8139 2369/36/8140 2370/185/8141
f 2372/1660/8139 2370/185/8141 2373/2655/8142
f 2375/4291/8143 2368/1874/8144 2369/1309/8145
f 2375/4291/8143 2369/1309/8145 2372/3828/8146
usemtl stonetrims
f 2375/3501/8147 2372/2867/8148 2381/2421/8149
f 2375/3501/8147 2381/2421/8149 2391/3737/8150
f 2368/1311/8151 2371/740/8152 2390/2590/8153
f 2368/1311/8151 2390/2590/8153 2378/779/8154
f 2378/3533/8155 2379/278/8156 2380/3190/8157
f 2378/3533/8155 2380/3190/8157 2388/3977/8158
f 2388/3977/8159 2380/3190/8160 2383/3710/8161
f 2388/3977/8159 2383/3710/8161 2389/4254/8162
f 2389/4254/8163 2383/3710/8164 2386/4388/8165
f 2389/4254/8163 2386/4388/8165 2390/4379/8166
f 2390/4379/8167 2386/4388/8168 2379/3722/8169
f 2390/4379/8167 2379/3722/8169 2378/942/8170
f 2377/2840/8171 2391/4513/8172 2381/1505/8173
f 2377/2840/8171 2381/1505/8173 2376/2263/8174
f 2376/2263/8175 2381/1505/8176 2384/3213/8177
f 2376/2263/8175 2384/3213/8177 2382/3329/8178
f 2385/1849/8179 2387/3718/8180 2391/293/8181
f 2385/1849/8179 2391/293/8181 2377/3315/8182
f 2382/3329/8183 2384/3213/8184 2387/3718/8185
f 2382/3329/8183 2387/3718/8185 2385/1849/8186
f 2374/2907/8187 2375/4005/8188 2391/587/8189
f 2374/2907/8187 2391/587/8189 2387/234/8190
f 2369/3090/8191 2368/172/8192 2378/473/8193
f 2369/3090/8191 2378/473/8193 2388/3388/8194
f 2373/3251/8195 2374/2907/8196 2387/234/8197
f 2373/3251/8195 2387/234/8197 2384/2277/8198
f 2379/278/8199 2386/332/8200 2383/3192/8201
f 2379/278/8199 2383/3192/8201 2380/4154/8202
f 2376/3883/8203 2382/3890/8204 2385/3891/8205
f 2376/3883/8203 2385/3891/8205 2377/533/8206
f 2394/1039/8207 2393/4136/8208 2412/4421/8209
f 2394/1039/8207 2412/4421/8209 2413/1711/8210
f 2396/3915/8211 2397/4292/8212 2408/3309/8213
f 2396/3915/8211 2408/3309/8213 2405/3449/8214
f 2395/1766/8215 2394/1039/8216 2413/1711/8217
f 2395/1766/8215 2413/1711/8217 2414/2072/8218
usemtl brickwall1
f 2397/2608/8219 2394/2701/8220 2395/2226/8221
f 2397/2608/8219 2395/2226/8221 2398/4403/8222
f 2398/334/8223 2395/4633/8224 2392/1196/8225
f 2398/334/8223 2392/1196/8225 2399/3086/8226
f 2396/2747/8227 2393/284/8228 2394/1216/8229
f 2396/2747/8227 2394/1216/8229 2397/3695/8230
f 2399/608/8231 2392/1371/8232 2393/2373/8233
f 2399/608/8231 2393/2373/8233 2396/145/8234
usemtl stonetrims
f 2399/4536/8235 2396/3915/8236 2405/3449/8237
f 2399/4536/8235 2405/3449/8237 2415/62/8238
f 2392/2379/8239 2395/1766/8240 2414/2072/8241
f 2392/2379/8239 2414/2072/8241 2402/1802/8242
f 2402/4585/8243 2403/4479/8244 2404/2679/8245
f 2402/4585/8243 2404/2679/8245 2412/290/8246
f 2412/290/8247 2404/2679/8248 2407/38/8249
f 2412/290/8247 2407/38/8249 2413/3767/8250
f 2413/3767/8251 2407/38/8252 2410/705/8253
f 2413/3767/8251 2410/705/8253 2414/699/8254
f 2414/699/8255 2410/705/8256 2403/57/8257
f 2414/699/8255 2403/57/8257 2402/1985/8258
f 2401/3885/8259 2415/833/8260 2405/2588/8261
f 2401/3885/8259 2405/2588/8261 2400/3288/8262
f 2400/3288/8263 2405/2588/8264 2408/4248/8265
f 2400/3288/8263 2408/4248/8265 2406/4362/8266
f 2409/1341/8267 2411/46/8268 2415/1313/8269
f 2409/1341/8267 2415/1313/8269 2401/4349/8270
f 2406/4362/8271 2408/4248/8272 2411/46/8273
f 2406/4362/8271 2411/46/8273 2409/1341/8274
f 2398/3948/8275 2399/325/8276 2415/1598/8277
f 2398/3948/8275 2415/1598/8277 2411/1264/8278
f 2393/4136/8279 2392/1202/8280 2402/1497/8281
f 2393/4136/8279 2402/1497/8281 2412/4421/8282
f 2397/4292/8283 2398/3948/8284 2411/1264/8285
f 2397/4292/8283 2411/1264/8285 2408/3309/8286
f 2403/4479/8287 2410/1350/8288 2407/2691/8289
f 2403/4479/8287 2407/2691/8289 2404/464/8290
f 2400/3359/8291 2406/198/8292 2409/200/8293
f 2400/3359/8291 2409/200/8293 2401/1548/8294
f 2418/2083/8295 2417/3606/8296 2436/747/8297
f 2418/2083/8295 2436/747/8297 2437/2796/8298
f 2420/229/8299 2421/604/8300 2432/4342/8301
f 2420/229/8299 2432/4342/8301 2429/2964/8302
f 2419/2846/8303 2418/2083/8304 2437/2796/8305
f 2419/2846/8303 2437/2796/8305 2438/3118/8306
usemtl brickwall1
f 2421/3639/8307 2418/3744/8308 2419/3255/8309
f 2421/3639/8307 2419/3255/8309 2422/721/8310
f 2422/1352/8311 2419/966/8312 2416/2250/8313
f 2422/1352/8311 2416/2250/8313 2423/4130/8314
f 2420/2239/8315 2417/2114/8316 2418/2272/8317
f 2420/2239/8315 2418/2272/8317 2421/3188/8318
f 2423/1622/8319 2416/2443/8320 2417/3410/8321
f 2423/1622/8319 2417/3410/8321 2420/1180/8322
usemtl stonetrims
f 2423/875/8323 2420/229/8324 2429/2964/8325
f 2423/875/8323 2429/2964/8325 2439/1093/8326
f 2416/3415/8327 2419/2846/8328 2438/3118/8329
f 2416/3415/8327 2438/3118/8329 2426/1302/8330
f 2426/910/8331 2427/813/8332 2428/3724/8333
f 2426/910/8331 2428/3724/8333 2436/1312/8334
f 2436/1312/8335 2428/3724/8336 2431/3081/8337
f 2436/1312/8335 2431/3081/8337 2437/93/8338
f 2437/93/8339 2431/3081/8340 2434/1722/8341
f 2437/93/8339 2434/1722/8341 2438/1712/8342
f 2438/1712/8343 2434/1722/8344 2427/4246/8345
f 2438/1712/8343 2427/4246/8345 2426/3044/8346
f 2425/199/8347 2439/1859/8348 2429/3619/8349
f 2425/199/8347 2429/3619/8349 2424/4321/8350
f 2424/4321/8351 2429/3619/8352 2432/556/8353
f 2424/4321/8351 2432/556/8353 2430/684/8354
f 2433/2415/8355 2435/1077/8356 2439/414/8357
f 2433/2415/8355 2439/414/8357 2425/670/8358
f 2430/684/8359 2432/556/8360 2435/1077/8361
f 2430/684/8359 2435/1077/8361 2433/2415/8362
f 2422/256/8363 2423/1344/8364 2439/2692/8365
f 2422/256/8363 2439/2692/8365 2435/2321/8366
f 2417/3606/8367 2416/2260/8368 2426/2576/8369
f 2417/3606/8367 2426/2576/8369 2436/747/8370
f 2421/604/8371 2422/256/8372 2435/2321/8373
f 2421/604/8371 2435/2321/8373 2432/4342/8374
f 2427/813/8375 2434/2422/8376 2431/3730/8377
f 2427/813/8375 2431/3730/8377 2428/1483/8378
f 2424/4391/8379 2430/1229/8380 2433/1231/8381
f 2424/4391/8379 2433/1231/8381 2425/2634/8382
f 2442/3124/8383 2441/4658/8384 2460/1769/8385
f 2442/3124/8383 2460/1769/8385 2461/3858/8386
f 2444/4423/8387 2445/1619/8388 2456/666/8389
f 2444/4423/8387 2456/666/8389 2453/4000/8390
f 2443/3894/8391 2442/3124/8392 2461/3858/8393
f 2443/3894/8391 2461/3858/8393 2462/4159/8394
usemtl brickwall1
f 2445/4681/8395 2442/72/8396 2443/4297/8397
f 2445/4681/8395 2443/4297/8397 2446/1740/8398
f 2446/2423/8399 2443/2003/8400 2440/3280/8401
f 2446/2423/8399 2440/3280/8401 2447/435/8402
f 2444/3266/8403 2441/3160/8404 2442/3299/8405
f 2444/3266/8403 2442/3299/8405 2445/4229/8406
f 2447/2716/8407 2440/3472/8408 2441/4444/8409
f 2447/2716/8407 2441/4444/8409 2444/658/8410
usemtl stonetrims
f 2447/1898/8411 2444/4423/8412 2453/4000/8413
f 2447/1898/8411 2453/4000/8413 2463/2138/8414
f 2440/4446/8415 2443/3894/8416 2462/4159/8417
f 2440/4446/8415 2462/4159/8417 2450/2364/8418
f 2450/1948/8419 2451/1835/8420 2452/59/8421
f 2450/1948/8419 2452/59/8421 2460/689/8422
f 2460/689/8423 2452/59/8424 2455/2118/8425
f 2460/689/8423 2455/2118/8425 2461/1124/8426
f 2461/1124/8427 2455/2118/8428 2458/2812/8429
f 2461/1124/8427 2458/2812/8429 2462/2797/8430
f 2462/2797/8431 2458/2812/8432 2451/555/8433
f 2462/2797/8431 2451/555/8433 2450/4088/8434
f 2449/1230/8435 2463/2937/8436 2453/4669/8437
f 2449/1230/8435 2453/4669/8437 2448/644/8438
f 2448/644/8439 2453/4669/8440 2456/1586/8441
f 2448/644/8439 2456/1586/8441 2454/1704/8442
f 2457/3444/8443 2459/2125/8444 2463/1841/8445
f 2457/3444/8443 2463/1841/8445 2449/1693/8446
f 2454/1704/8447 2456/1586/8448 2459/2125/8449
f 2454/1704/8447 2459/2125/8449 2457/3444/8450
f 2446/1290/8451 2447/2417/8452 2463/2185/8453
f 2446/1290/8451 2463/2185/8453 2459/1784/8454
f 2441/4658/8455 2440/1707/8456 2450/3610/8457
f 2441/4658/8455 2450/3610/8457 2460/1769/8458
f 2445/1619/8459 2446/1290/8460 2459/1784/8461
f 2445/1619/8459 2459/1784/8461 2456/666/8462
f 2451/1835/8463 2458/3450/8464 2455/60/8465
f 2451/1835/8463 2455/60/8465 2452/2563/8466
f 2448/707/8467 2454/2283/8468 2457/2284/8469
f 2448/707/8467 2457/2284/8469 2449/3677/8470
f 2466/4169/8471 2465/985/8472 2484/1872/8473
f 2466/4169/8471 2484/1872/8473 2485/3321/8474
f 2468/746/8475 2469/2715/8476 2480/1688/8477
f 2468/746/8475 2480/1688/8477 2477/316/8478
f 2467/207/8479 2466/4169/8480 2485/3321/8481
f 2467/207/8479 2485/3321/8481 2486/471/8482
usemtl brickwall1
f 2469/1001/8483 2466/4262/8484 2467/610/8485
f 2469/1001/8483 2467/610/8485 2470/2826/8486
f 2470/3456/8487 2467/3059/8488 2464/4317/8489
f 2470/3456/8487 2464/4317/8489 2471/4649/8490
f 2468/4308/8491 2465/2650/8492 2466/4337/8493
f 2468/4308/8491 2466/4337/8493 2469/538/8494
f 2471/3762/8495 2464/4506/8496 2465/768/8497
f 2471/3762/8495 2465/768/8497 2468/1682/8498
usemtl stonetrims
f 2471/2973/8499 2468/746/8500 2477/316/8501
f 2471/2973/8499 2477/316/8501 2487/3175/8502
f 2464/775/8503 2467/207/8504 2486/471/8505
f 2464/775/8503 2486/471/8505 2474/3399/8506
f 2474/3014/8507 2475/2911/8508 2476/1090/8509
f 2474/3014/8507 2476/1090/8509 2484/3416/8510
f 2484/3416/8511 2476/1090/8512 2479/1568/8513
f 2484/3416/8511 2479/1568/8513 2485/2167/8514
f 2485/2167/8515 2479/1568/8516 2482/3864/8517
f 2485/2167/8515 2482/3864/8517 2486/2288/8518
f 2486/2288/8519 2482/3864/8520 2475/1578/8521
f 2486/2288/8519 2475/1578/8521 2474/392/8522
f 2473/2285/8523 2487/3979/8524 2477/4158/8525
f 2473/2285/8523 2477/4158/8525 2472/1672/8526
f 2472/1672/8527 2477/4158/8528 2480/2663/8529
f 2472/1672/8527 2480/2663/8529 2478/2784/8530
f 2481/4484/8531 2483/3166/8532 2487/2918/8533
f 2481/4484/8531 2487/2918/8533 2473/1214/8534
f 2478/2784/8535 2480/2663/8536 2483/3166/8537
f 2478/2784/8535 2483/3166/8537 2481/4484/8538
f 2470/791/8539 2471/3445/8540 2487/3217/8541
f 2470/791/8539 2487/3217/8541 2483/2861/8542
f 2465/985/8543 2464/2788/8544 2474/4663/8545
f 2465/985/8543 2474/4663/8545 2484/1872/8546
f 2469/2715/8547 2470/791/8548 2483/2861/8549
f 2469/2715/8547 2483/2861/8549 2480/1688/8550
f 2475/2911/8551 2482/4488/8552 2479/1094/8553
f 2475/2911/8551 2479/1094/8553 2476/3590/8554
f 2472/1725/8555 2478/3316/8556 2481/3317/8557
f 2472/1725/8555 2481/3317/8557 2473/9/8558
f 2490/478/8559 2489/2023/8560 2508/3895/8561
f 2490/478/8559 2508/3895/8561 2509/4358/8562
f 2492/1770/8563 2493/3760/8564 2504/2771/8565
f 2492/1770/8563 2504/2771/8565 2501/1338/8566
f 2491/4402/8567 2490/478/8568 2509/4358/8569
f 2491/4402/8567 2509/4358/8569 2510/1494/8570
usemtl brickwall1
f 2493/2055/8571 2490/578/8572 2491/1633/8573
f 2493/2055/8571 2491/1633/8573 2494/3878/8574
f 2494/4491/8575 2491/4106/8576 2488/630/8577
f 2494/4491/8575 2488/630/8577 2495/983/8578
f 2492/620/8579 2489/3690/8580 2490/659/8581
f 2492/620/8579 2490/659/8581 2493/1552/8582
f 2495/3236/8583 2488/830/8584 2489/1792/8585
f 2495/3236/8583 2489/1792/8585 2492/2763/8586
usemtl stonetrims
f 2495/4007/8587 2492/1770/8588 2501/1338/8589
f 2495/4007/8587 2501/1338/8589 2511/4220/8590
f 2488/1800/8591 2491/4402/8592 2510/1494/8593
f 2488/1800/8591 2510/1494/8593 2498/4431/8594
f 2498/2490/8595 2499/3955/8596 2500/2132/8597
f 2498/2490/8595 2500/2132/8597 2508/4447/8598
f 2508/4447/8599 2500/2132/8600 2503/2653/8601
f 2508/4447/8599 2503/2653/8601 2509/3207/8602
f 2509/3207/8603 2503/2653/8604 2506/173/8605
f 2509/3207/8603 2506/173/8605 2510/3325/8606
f 2510/3325/8607 2506/173/8608 2499/2658/8609
f 2510/3325/8607 2499/2658/8609 2498/1413/8610
f 2497/3318/8611 2511/3457/8612 2501/470/8613
f 2497/3318/8611 2501/470/8613 2496/2755/8614
f 2496/2755/8615 2501/470/8616 2504/3711/8617
f 2496/2755/8615 2504/3711/8617 2502/3835/8618
f 2505/814/8619 2507/4214/8620 2511/3959/8621
f 2505/814/8619 2511/3959/8621 2497/2271/8622
f 2502/3835/8623 2504/3711/8624 2507/4214/8625
f 2502/3835/8623 2507/4214/8625 2505/814/8626
f 2494/1820/8627 2495/2958/8628 2511/4250/8629
f 2494/1820/8627 2511/4250/8629 2507/3906/8630
f 2489/2023/8631 2488/3842/8632 2498/4153/8633
f 2489/2023/8631 2498/4153/8633 2508/3895/8634
f 2493/3760/8635 2494/1820/8636 2507/3906/8637
f 2493/3760/8635 2507/3906/8637 2504/2771/8638
f 2499/3955/8639 2506/4001/8640 2503/2136/8641
f 2499/3955/8639 2503/2136/8641 2500/4644/8642
f 2496/2813/8643 2502/4350/8644 2505/4352/8645
f 2496/2813/8643 2505/4352/8645 2497/1040/8646
f 2514/1503/8647 2513/3077/8648 2532/3371/8649
f 2514/1503/8647 2532/3371/8649 2533/678/8650
f 2516/2848/8651 2517/83/8652 2528/3821/8653
f 2516/2848/8651 2528/3821/8653 2525/2404/8654
f 2515/722/8655 2514/1503/8656 2533/678/8657
f 2515/722/8655 2533/678/8657 2534/2575/8658
usemtl brickwall1
f 2517/3100/8659 2514/1591/8660 2515/1157/8661
f 2517/3100/8659 2515/1157/8661 2518/3357/8662
f 2518/819/8663 2515/410/8664 2512/146/8665
f 2518/819/8663 2512/146/8665 2519/2018/8666
f 2516/1639/8667 2513/20/8668 2514/1683/8669
f 2516/1639/8667 2514/1683/8669 2517/2638/8670
f 2519/4273/8671 2512/1857/8672 2513/1292/8673
f 2519/4273/8671 2513/1292/8673 2516/3813/8674
usemtl stonetrims
f 2519/329/8675 2516/2848/8676 2525/2404/8677
f 2519/329/8675 2525/2404/8677 2535/526/8678
f 2512/1300/8679 2515/722/8680 2534/2575/8681
f 2512/1300/8679 2534/2575/8681 2522/759/8682
f 2522/3520/8683 2523/260/8684 2524/3171/8685
f 2522/3520/8683 2524/3171/8685 2532/777/8686
f 2532/777/8687 2524/3171/8688 2527/3691/8689
f 2532/777/8687 2527/3691/8689 2533/4241/8690
f 2533/4241/8691 2527/3691/8692 2530/4371/8693
f 2533/4241/8691 2530/4371/8693 2534/4359/8694
f 2534/4359/8695 2530/4371/8696 2523/3700/8697
f 2534/4359/8695 2523/3700/8697 2522/932/8698
f 2521/4351/8699 2535/4492/8700 2525/1490/8701
f 2521/4351/8699 2525/1490/8701 2520/2246/8702
f 2520/2246/8703 2525/1490/8704 2528/39/8705
f 2520/2246/8703 2528/39/8705 2526/3310/8706
f 2529/1836/8707 2531/518/8708 2535/267/8709
f 2529/1836/8707 2535/267/8709 2521/3295/8710
f 2526/3310/8711 2528/39/8712 2531/518/8713
f 2526/3310/8711 2531/518/8713 2529/1836/8714
f 2518/2895/8715 2519/3994/8716 2535/563/8717
f 2518/2895/8715 2535/563/8717 2531/3712/8718
f 2513/3077/8719 2512/159/8720 2522/465/8721
f 2513/3077/8719 2522/465/8721 2532/3371/8722
f 2517/83/8723 2518/2895/8724 2531/3712/8725
f 2517/83/8723 2531/3712/8725 2528/3821/8726
f 2523/260/8727 2530/314/8728 2527/3172/8729
f 2523/260/8727 2527/3172/8729 2524/968/8730
f 2520/3866/8731 2526/672/8732 2529/673/8733
f 2520/3866/8731 2529/673/8733 2521/521/8734
usemtl brickwall1
f 283/2119/8735 279/4485/8736 278/1838/8737
f 1242/1050/8738 1250/1979/8739 1245/3368/8740
f 787/2365/8741 792/679/8742 781/2609/8743
f 753/4242/8744 749/2212/8745 748/443/8746
f 1492/2777/8747 1497/2402/8748 1486/1389/8749
f 59/2912/8750 61/2198/8751 53/2172/8752
f 67/3773/8753 75/2908/8754 70/3679/8755
f 1727/1921/8756 1732/150/8757 1721/1668/8758
f 988/421/8759 984/4595/8760 983/1929/8761
f 999/255/8762 1001/3022/8763 993/829/8764
f 1928/831/8765 1924/800/8766 1923/3803/8767
f 317/668/8768 322/401/8769 311/3502/8770
f 284/1969/8771 274/1813/8772 276/4171/8773
f 274/1813/8774 278/1838/8775 276/4171/8776
f 278/1838/8777 282/3481/8778 273/2600/8779
f 273/2600/8780 277/94/8781 272/2696/8782
f 277/94/8783 281/3832/8784 436/2267/8785
f 272/2696/8786 277/94/8787 436/2267/8788
f 436/2267/8789 435/639/8790 272/2696/8791
f 435/639/8792 275/3018/8793 272/2696/8794
f 272/2696/8795 283/2119/8796 273/2600/8797
f 283/2119/8798 280/907/8799 279/4485/8800
f 279/4485/8801 276/4171/8802 278/1838/8803
f 283/2119/8804 278/1838/8805 273/2600/8806
f 1239/2798/8807 1238/2065/8808 1242/1050/8809
f 1238/2065/8810 1248/445/8811 1250/1979/8812
f 1242/1050/8813 1238/2065/8814 1250/1979/8815
f 1248/445/8816 1243/3423/8817 1246/330/8818
f 1246/330/8819 1250/1979/8820 1248/445/8821
f 1250/1979/8822 1241/4425/8823 1245/3368/8824
f 1245/3368/8825 1249/1115/8826 1242/1050/8827
f 1249/1115/8828 1240/876/8829 1379/3863/8830
f 1379/3863/8831 1380/248/8832 1244/2825/8833
f 1380/248/8834 1247/624/8835 1244/2825/8836
f 1244/2825/8837 1242/1050/8838 1249/1115/8839
f 1379/3863/8840 1244/2825/8841 1249/1115/8842
f 793/1147/8843 790/3390/8844 788/1708/8845
f 790/3390/8846 781/2609/8847 788/1708/8848
f 781/2609/8849 782/1803/8850 785/2350/8851
f 785/2350/8852 786/758/8853 791/972/8854
f 786/758/8855 789/3189/8856 912/3859/8857
f 791/972/8858 786/758/8859 912/3859/8860
f 912/3859/8861 911/605/8862 791/972/8863
f 911/605/8864 783/3155/8865 791/972/8866
f 791/972/8867 787/2365/8868 785/2350/8869
f 787/2365/8870 784/285/8871 792/679/8872
f 792/679/8873 788/1708/8874 781/2609/8875
f 787/2365/8876 781/2609/8877 785/2350/8878
f 754/4114/8879 744/1081/8880 746/1544/8881
f 744/1081/8882 748/443/8883 746/1544/8884
f 748/443/8885 752/348/8886 743/2207/8887
f 743/2207/8888 747/2896/8889 742/407/8890
f 747/2896/8891 751/1550/8892 906/4251/8893
f 742/407/8894 747/2896/8895 906/4251/8896
f 906/4251/8897 905/909/8898 742/407/8899
f 905/909/8900 745/3701/8901 742/407/8902
f 742/407/8903 753/4242/8904 743/2207/8905
f 753/4242/8906 750/3406/8907 749/2212/8908
f 749/2212/8909 746/1544/8910 748/443/8911
f 753/4242/8912 748/443/8913 743/2207/8914
f 1498/2209/8915 1495/1617/8916 1493/1033/8917
f 1495/1617/8918 1486/1389/8919 1493/1033/8920
f 1486/1389/8921 1487/3256/8922 1490/2774/8923
f 1490/2774/8924 1491/2019/8925 1496/257/8926
f 1491/2019/8927 1494/475/8928 1617/3103/8929
f 1496/257/8930 1491/2019/8931 1617/3103/8932
f 1617/3103/8933 1616/4092/8934 1496/257/8935
f 1616/4092/8936 1488/491/8937 1496/257/8938
f 1496/257/8939 1492/2777/8940 1490/2774/8941
f 1492/2777/8942 1489/626/8943 1497/2402/8944
f 1497/2402/8945 1493/1033/8946 1486/1389/8947
f 1492/2777/8948 1486/1389/8949 1490/2774/8950
f 51/4460/8951 54/4333/8952 53/2172/8953
f 54/4333/8954 55/3225/8955 59/2912/8956
f 53/2172/8957 54/4333/8958 59/2912/8959
f 59/2912/8960 60/3613/8961 61/2198/8962
f 60/3613/8963 50/2324/8964 202/2586/8965
f 202/2586/8966 203/3346/8967 52/4055/8968
f 203/3346/8969 56/1317/8970 52/4055/8971
f 52/4055/8972 61/2198/8973 60/3613/8974
f 202/2586/8975 52/4055/8976 60/3613/8977
f 61/2198/8978 57/3214/8979 53/2172/8980
f 53/2172/8981 62/3623/8982 51/4460/8983
f 62/3623/8984 58/61/8985 51/4460/8986
f 64/4426/8987 63/3243/8988 67/3773/8989
f 63/3243/8990 73/2370/8991 75/2908/8992
f 67/3773/8993 63/3243/8994 75/2908/8995
f 73/2370/8996 68/1075/8997 71/1862/8998
f 71/1862/8999 75/2908/9000 73/2370/9001
f 75/2908/9002 66/4197/9003 70/3679/9004
f 70/3679/9005 74/2200/9006 67/3773/9007
f 74/2200/9008 65/996/9009 204/4028/9010
f 204/4028/9011 205/1282/9012 69/4548/9013
f 205/1282/9014 72/1017/9015 69/4548/9016
f 69/4548/9017 67/3773/9018 74/2200/9019
f 204/4028/9020 69/4548/9021 74/2200/9022
f 1733/3067/9023 1730/4056/9024 1728/3698/9025
f 1730/4056/9026 1721/1668/9027 1728/3698/9028
f 1721/1668/9029 1722/2542/9030 1725/4162/9031
f 1725/4162/9032 1726/3215/9033 1731/516/9034
f 1726/3215/9035 1729/2452/9036 1852/4032/9037
f 1731/516/9038 1726/3215/9039 1852/4032/9040
f 1852/4032/9041 1851/531/9042 1731/516/9043
f 1851/531/9044 1723/3230/9045 1731/516/9046
f 1731/516/9047 1727/1921/9048 1725/4162/9049
f 1727/1921/9050 1724/4066/9051 1732/150/9052
f 1732/150/9053 1728/3698/9054 1721/1668/9055
f 1727/1921/9056 1721/1668/9057 1725/4162/9058
f 989/1444/9059 979/331/9060 981/896/9061
f 979/331/9062 983/1929/9063 981/896/9064
f 983/1929/9065 987/1539/9066 978/669/9067
f 978/669/9068 982/2393/9069 977/1417/9070
f 982/2393/9071 986/3156/9072 1141/141/9073
f 977/1417/9074 982/2393/9075 1141/141/9076
f 1141/141/9077 1140/2965/9078 977/1417/9079
f 1140/2965/9080 980/1924/9081 977/1417/9082
f 977/1417/9083 988/421/9084 978/669/9085
f 988/421/9086 985/4119/9087 984/4595/9088
f 984/4595/9089 981/896/9090 983/1929/9091
f 988/421/9092 983/1929/9093 978/669/9094
f 991/2887/9095 994/3191/9096 993/829/9097
f 994/3191/9098 995/1944/9099 999/255/9100
f 993/829/9101 994/3191/9102 999/255/9103
f 999/255/9104 1000/2122/9105 1001/3022/9106
f 1000/2122/9107 990/3559/9108 1142/3330/9109
f 1142/3330/9110 1143/3937/9111 992/4593/9112
f 1143/3937/9113 996/3555/9114 992/4593/9115
f 992/4593/9116 1001/3022/9117 1000/2122/9118
f 1142/3330/9119 992/4593/9120 1000/2122/9121
f 1001/3022/9122 997/4141/9123 993/829/9124
f 993/829/9125 1002/2032/9126 991/2887/9127
f 1002/2032/9128 998/2371/9129 991/2887/9130
f 1929/3565/9131 1919/645/9132 1921/885/9133
f 1919/645/9134 1923/3803/9135 1921/885/9136
f 1923/3803/9137 1927/3825/9138 1918/1446/9139
f 1918/1446/9140 1922/2886/9141 1917/2766/9142
f 1922/2886/9143 1926/1737/9144 2081/2127/9145
f 1917/2766/9146 1922/2886/9147 2081/2127/9148
f 2081/2127/9149 2080/2098/9150 1917/2766/9151
f 2080/2098/9152 1920/4535/9153 1917/2766/9154
f 1917/2766/9155 1928/831/9156 1918/1446/9157
f 1928/831/9158 1925/3303/9159 1924/800/9160
f 1924/800/9161 1921/885/9162 1923/3803/9163
f 1928/831/9164 1923/3803/9165 1918/1446/9166
f 323/2782/9167 320/2154/9168 318/4609/9169
f 320/2154/9170 311/3502/9171 318/4609/9172
f 311/3502/9173 312/3358/9174 315/2633/9175
f 315/2633/9176 316/4327/9177 321/2862/9178
f 316/4327/9179 319/2374/9180 442/3799/9181
f 321/2862/9182 316/4327/9183 442/3799/9184
f 442/3799/9185 441/2224/9186 321/2862/9187
f 441/2224/9188 313/1964/9189 321/2862/9190
f 321/2862/9191 317/668/9192 315/2633/9193
f 317/668/9194 314/4309/9195 322/401/9196
f 322/401/9197 318/4609/9198 311/3502/9199
f 317/668/9200 311/3502/9201 315/2633/9202
