# Converted from user-supplied modularDungeon.fbx; Y-up, meters, bottom centered
mtllib Gothic.mtl
o Hall_X
v -2 2.9723736e-07 2
v -2 4.0000003 2
v -2 2.9723736e-07 -2
v -2 4.0000003 -2
v 2 2.9723736e-07 2
v 2 4.0000003 2
v 2 2.9723736e-07 -2
v 2 4.0000003 -2
v -6 2.9723736e-07 -2
v -6 2.9723736e-07 2
v -6 4.0000003 2
v -6 4.0000003 -2
v -7 2.9723736e-07 -2
v -7 2.9723736e-07 2
v -7 4.0000003 2
v -7 4.0000003 -2
v -2 2.9723736e-07 6
v -2 4.0000003 6
v 2 4.0000003 6
v 2 2.9723736e-07 6
v -2 2.9723736e-07 7
v -2 4.0000003 7
v 2 4.0000003 7
v 2 2.9723736e-07 7
v 6 4.0000003 -2
v 6 2.9723736e-07 -2
v 6 2.9723736e-07 2
v 6 4.0000003 2
v 7 4.0000003 -2
v 7 2.9723736e-07 -2
v 7 2.9723736e-07 2
v 7 4.0000003 2
v -2 4.0000003 -6
v -2 2.9723736e-07 -6
v 2 2.9723736e-07 -6
v 2 4.0000003 -6
v -2 4.0000003 -7
v -2 2.9723736e-07 -7
v 2 2.9723736e-07 -7
v 2 4.0000003 -7
v 1.6002141 4.5988834 2.0000401
v -1.3997858 5.0988834 2.0000398
v -0.40147915 5.8988836 2.0000401
v 1.7002143 4.1988814 2.0000401
v 0.40021428 5.8988841 2.0000401
v -1.5997858 4.5988834 2.0000398
v -0.79978579 5.6988834 2.0000398
v 0.80021423 5.6988834 2.0000401
v 1.2002143 5.3988822 2.0000401
v -1.6997856 4.1988814 2.0000396
v -1.1997858 5.3988822 2.0000398
v 1.4002142 5.0988834 2.0000401
v 0.00021409502 5.9988835 2.0000401
v -1.9997859 4.1988814 5.7000394
v -1.9997859 5.8988841 4.4000397
v -1.9997858 4.5988834 2.4000399
v -1.9997858 5.6988834 3.2000399
v -1.999786 5.6988834 4.8000398
v -1.999786 5.3988822 5.2000399
v -1.9997857 4.1988814 2.3000393
v -1.9997858 5.3988822 2.8000398
v -1.9997859 5.9988835 4.0000396
v -1.999786 5.0988834 5.4000397
v -1.999786 4.5988834 5.6000395
v -1.9997858 5.0988834 2.6000395
v -1.9997859 5.8988832 3.6000397
v -0.79978609 5.6988834 6.0000401
v -1.1997861 5.3988822 6.0000401
v 1.700214 4.1988814 6.0000401
v 1.200214 5.3988822 6.0000401
v -1.399786 5.0988834 6.0000401
v 0.00021415066 5.9988835 6.0000401
v -1.5997858 4.6022165 6.0000396
v 1.400214 5.0988834 6.0000401
v 0.40021399 5.8988832 6.0000401
v -1.6997858 4.1988814 6.0000396
v -0.399786 5.8988841 6.0000401
v 1.6002138 4.6022165 6.0000401
v 0.80021405 5.6988834 6.0000401
v 2.0002141 5.6988834 3.2000403
v 2.0002141 5.3988822 2.8000402
v 2.0002139 4.1988819 5.7000399
v 2.0002141 5.3988822 5.2021217
v 2.0002141 5.0988834 2.60004
v 2.0002143 4.5988834 2.4000401
v 2.0002141 5.0988834 5.4000397
v 2.0002141 5.8988836 4.4000401
v 2.0002143 4.1988819 2.30004
v 2.0002141 5.8988841 3.6000402
v 2.0002139 4.5988834 5.60004
v 2.0002141 5.6988834 4.8000402
v 2.0002141 5.9988835 4.0000401
v 0.00021410246 5.9988835 3.9000399
v 0.10021408 5.9988835 4.0000401
v 0.00021408735 5.9988835 4.10004
v -0.099785894 5.9988835 4.0000401
v -0.49978587 5.8988832 4.4000401
v -0.39978588 5.8988832 4.5000401
v -0.89978594 5.6988834 4.8000402
v -0.79978597 5.6988834 4.9000401
v -1.299786 5.3988822 5.2000399
v -1.1997861 5.3988822 5.3000398
v -1.499786 5.0988834 5.4000397
v -1.399786 5.0988834 5.5000396
v -1.6997859 4.602217 5.6000395
v -1.5997858 4.602217 5.7000399
v -1.6997858 4.1988814 5.8000393
v 0.40021411 5.8988841 4.5198383
v 0.5002141 5.8988841 4.4000397
v 0.80021393 5.6988834 4.9000401
v 0.90021402 5.6988834 4.8000398
v 1.200214 5.3988822 5.3000398
v 1.3002139 5.3988822 5.2021217
v 1.400214 5.0988834 5.5000401
v 1.500214 5.0988834 5.4000397
v 1.6002138 4.602217 5.7000399
v 1.7002139 4.602217 5.6000395
v 1.8002141 4.1988819 5.7000399
v 1.700214 4.1988814 5.8000398
v -0.40147927 5.8988841 3.5000401
v -0.49978581 5.8988841 3.60004
v -0.79978579 5.6988834 3.10004
v -0.89978582 5.6988834 3.2000401
v -1.1997858 5.3988822 2.7000399
v -1.2997857 5.3988822 2.80004
v -1.3997858 5.0988834 2.5000398
v -1.4997858 5.0988834 2.6000397
v -1.5997856 4.602217 2.3000398
v -1.6997857 4.6022165 2.4000399
v 0.50021422 5.8988836 3.60004
v 0.40021417 5.8988836 3.5000401
v 0.90021414 5.6988834 3.2000401
v 0.80021411 5.6988834 3.1000402
v 1.3002142 5.3988836 2.8000402
v 1.2002143 5.3988822 2.685061
v 1.5002142 5.0988834 2.60004
v 1.4002142 5.0988834 2.5000401
v 1.700214 4.6022165 2.4000401
v 1.600214 4.6022165 2.30004
v 1.8002143 4.1988819 2.30004
v -1.6231346 4.1988814 5.7248478
v -1.7245939 4.1988814 5.6233883
v -1.6231344 4.1988814 2.2752316
v 1.6235627 4.1988814 5.7248478
v 1.7250223 4.1988814 2.3766913
v 0.091808118 5.8992375 4.0002794
v -0.091510653 5.8992265 4.0000181
v 0.00022190875 5.8992231 3.9082787
v 4.5799579e-06 5.8992079 4.0919981
v -1.6354376 4.5607613 5.5356913
v -1.5354376 4.5607613 5.6356912
v -1.4429355 5.039419 5.3431892
v -1.3429354 5.039419 5.4431891
v -1.2569242 5.3193477 5.1571779
v -1.1569242 5.3193477 5.2571778
v -0.87135845 5.6073206 4.7716126
v -0.77135843 5.6073206 4.8716125
v -0.48178506 5.8021782 4.3820391
v -0.38178506 5.8021782 4.482039
v -1.7245936 4.1988814 2.3766909
v -1.5354373 4.5607617 2.3643885
v -1.6354374 4.5607608 2.4643884
v -1.3429352 5.039419 2.5568905
v -1.4429352 5.039419 2.6568904
v -1.1569239 5.3193477 2.7429018
v -1.2569239 5.3193477 2.8429017
v -0.77129418 5.6073297 3.1284311
v -0.87129724 5.6073278 3.2284281
v -0.38336703 5.8021916 3.5179987
v -0.48173305 5.8021696 3.6179399
v 1.5358654 4.5607617 5.6356916
v 1.6358654 4.5607617 5.5356913
v 1.7250221 4.1988814 5.6233883
v 1.3434716 5.0394719 5.4430261
v 1.4434657 5.0394829 5.3430209
v 1.157604 5.3193191 5.2569818
v 1.2575026 5.3194283 5.1589613
v 0.77123696 5.6073659 4.8720255
v 0.8712098 5.6073855 4.7719893
v 0.38096124 5.8023313 4.5023193
v 0.48164064 5.8020886 4.3831396
v 1.6358656 4.5607608 2.4643884
v 1.5358657 4.5607608 2.3643885
v 1.6235629 4.1988814 2.2752318
v 1.442235 5.0397919 2.6561344
v 1.342267 5.0397156 2.556087
v 1.2560066 5.3191703 2.8411679
v 1.1553425 5.319865 2.7268066
v 0.87131304 5.6072496 3.227751
v 0.77128583 5.6072648 3.1277721
v 0.48221338 5.8021782 3.6180408
v 0.38221338 5.8021782 3.5180409
v -0.090391539 5.801812 3.9988966
v 0.00022791474 5.801812 3.9082701
v -0.045634344 5.7374704 3.9541345
v 0.091814131 5.801812 4.0002708
v 0.046053819 5.7374762 3.954294
v 1.0586031e-05 5.801812 4.09199
v -0.045737106 5.7374623 4.046
v 0.045903832 5.7374681 4.0461373
v 0.04544669 5.7374762 3.9542928
v -1.1734834e-09 5.7000011 4.0000005
v 0.045728039 5.7379373 3.9539669
v 1.7002143 3.998884 2.0000401
v -1.6997856 3.998884 2.0000396
v -1.9997859 3.9988835 5.7000394
v -1.9997857 3.9988835 2.3000393
v 1.700214 3.998884 6.0000401
v -1.6997858 3.998884 6.0000396
v 2.0002139 3.998884 5.7000399
v 2.0002143 3.998884 2.30004
v -1.6997858 3.998884 5.8000393
v -1.7997857 3.9988835 5.7000394
v 1.8002141 3.998884 5.7000399
v 1.700214 3.998884 5.8000398
v 1.8002143 3.998884 2.30004
v -1.6231346 3.998884 5.7248478
v -1.7245939 3.998884 5.6233883
v -1.6231344 3.998884 2.2752316
v 1.6235627 3.998884 5.7248478
v 1.7250223 3.998884 2.3766913
v -1.7245936 3.998884 2.3766909
v 1.7250221 3.998884 5.6233883
v 1.6235629 3.998884 2.2752318
v -1.7968938 5.9988835 4.0000396
v -1.7997855 4.1988814 2.3000393
v -1.7968937 5.0988834 2.6000395
v -1.7968942 4.6011379 5.6000395
v -1.7968942 5.3988822 5.2000399
v -1.796894 5.3988822 2.8000398
v -1.7997856 3.9988835 2.3000393
v -1.7968941 4.1988814 5.6970916
v -1.7968936 5.6988834 3.2000399
v -1.7968938 5.6988834 4.8000398
v -1.7968938 5.8988832 3.6000397
v -1.796894 5.0988834 5.4000397
v -1.7968937 4.6011379 2.4000399
v -1.7968938 5.8988841 4.4000397
v -1.6997856 4.1988814 2.2000396
v -1.3997858 5.0988834 2.2156694
v -1.1997858 5.3988822 2.2156694
v -0.40147915 5.8988836 2.2156696
v 0.40021428 5.8988841 2.2156696
v 1.4002142 5.0988834 2.2156696
v 0.80021417 5.6988834 2.2156696
v 1.7002143 3.998884 2.2000399
v -1.5997856 4.6012796 2.2156694
v -1.6997856 3.998884 2.2000396
v 1.7002143 4.198881 2.2000399
v -0.79978585 5.6988834 2.2156694
v 1.600214 4.6012791 2.2156696
v 1.2002143 5.3988822 2.2156696
v 0.00021409585 5.9988835 2.2156696
v 1.8002143 5.0988834 2.60004
v 1.8002143 4.6011055 2.4000401
v 1.8002142 5.3988827 2.8000402
v 1.8002137 5.8988836 4.4000401
v 1.8002138 5.3988822 5.2021217
v 1.8002142 5.8988841 3.6000402
v 1.8002135 4.601106 5.6000395
v 1.8002143 5.6988834 3.2000403
v 1.8002139 5.9988835 4.0000401
v 1.8002138 5.6988834 4.8000402
v 1.8002135 5.0988834 5.4000397
v -0.79978603 5.6988834 5.8026114
v 0.40021399 5.8988832 5.8026118
v 0.00021414408 5.9988835 5.8026118
v 1.200214 5.3988822 5.8026118
v -0.399786 5.8988841 5.8026114
v 1.6002138 4.602217 5.8026118
v 0.80021399 5.6988834 5.8026114
v -1.399786 5.0988834 5.8026114
v -1.1997861 5.3988822 5.8026118
v -1.5997858 4.602217 5.8026118
v 1.400214 5.0988834 5.8026118
v 1.9999622 4.598883 1.6002147
v 1.999962 5.098883 -1.399786
v 1.9999622 5.8988832 -0.40147877
v 1.9999622 4.1988814 1.7002146
v 1.9999621 5.8988836 0.40021467
v 1.9999621 4.598883 -1.5997858
v 1.9999622 5.6988829 -0.79978561
v 1.9999621 5.6988829 0.80021477
v 1.9999622 5.3988817 1.2002146
v 1.9999622 4.198881 -1.6997857
v 1.999962 5.3988817 -1.1997857
v 1.9999622 5.098883 1.4002147
v 1.9999622 5.9988831 0.00021481514
v -1.7000375 4.1988814 -1.9997849
v -0.40003785 5.8988836 -1.9997849
v 1.599962 4.598883 -1.9997859
v 0.7999621 5.6988829 -1.9997849
v -0.80003804 5.6988829 -1.9997849
v -1.200038 5.3988817 -1.9997849
v 1.6999626 4.198881 -1.9997859
v 1.199962 5.3988817 -1.9997859
v -3.7875954e-05 5.9988831 -1.9997849
v -1.4000376 5.098883 -1.9997849
v -1.6000376 4.598883 -1.9997849
v 1.3999623 5.098883 -1.9997859
v 0.39996213 5.8988832 -1.9997849
v -2.0000377 5.6988829 -0.79978514
v -2.0000377 5.3988817 -1.1997852
v -2.0000377 4.198881 1.7002146
v -2.0000377 5.3988817 1.2002146
v -2.0000377 5.098883 -1.399785
v -2.0000379 5.9988831 0.00021481514
v -2.0000377 4.6022161 -1.5997853
v -2.0000377 5.098883 1.4002144
v -2.0000379 5.8988832 0.40021443
v -2.0000377 4.198881 -1.6997852
v -2.0000379 5.8988836 -0.39978504
v -2.0000377 4.6022161 1.6002145
v -2.0000379 5.6988829 0.80021453
v 0.79996192 5.6988829 2.0002146
v 1.1999619 5.3988817 2.0002146
v -1.7000377 4.1988814 2.0002146
v -1.2021197 5.3988817 2.0002146
v 1.3999621 5.098883 2.0002146
v 1.5999621 4.598883 2.0002146
v -1.4000379 5.098883 2.0002146
v -0.40003806 5.8988832 2.0002146
v 1.699962 4.1988814 2.0002146
v 0.39996201 5.8988836 2.0002146
v -1.6000378 4.598883 2.0002146
v -0.80003828 5.6988829 2.0002146
v -3.799516e-05 5.9988831 2.0002146
v 0.099961989 5.9988831 0.00021481514
v -3.7995163e-05 5.9988831 0.10021472
v -0.10003798 5.9988831 0.00021481514
v -3.7995163e-05 5.9988831 -0.099785328
v -0.40003803 5.8988832 -0.49978542
v -0.50003791 5.8988832 -0.39978504
v -0.8000381 5.6988829 -0.89978504
v -0.90003806 5.6988829 -0.79978514
v -1.2000382 5.3988817 -1.2997851
v -1.3000379 5.3988817 -1.1997852
v -1.400038 5.098883 -1.4997849
v -1.5000379 5.098883 -1.399785
v -1.6000376 4.602217 -1.6997852
v -1.7000378 4.6022165 -1.5997853
v -1.8000376 4.198881 -1.6997852
v -0.51983607 5.8988836 0.40021467
v -0.40003785 5.8988836 0.50021482
v -0.90003806 5.6988829 0.80021477
v -0.80003786 5.6988829 0.90021467
v -1.3000377 5.3988817 1.2002149
v -1.2021197 5.3988817 1.3002148
v -1.5000377 5.098883 1.4002147
v -1.4000378 5.098883 1.5002148
v -1.7000377 4.6022165 1.6002145
v -1.6000377 4.6022165 1.7002146
v -1.7000377 4.1988814 1.8002145
v -1.8000377 4.198881 1.7002146
v 0.49996203 5.8988836 -0.40147877
v 0.39996195 5.8988836 -0.49978542
v 0.89996189 5.6988829 -0.79978514
v 0.79996181 5.6988829 -0.89978552
v 1.299962 5.3988817 -1.1997857
v 1.1999618 5.3988817 -1.2997856
v 1.499962 5.098883 -1.399786
v 1.3999621 5.098883 -1.4997859
v 1.699962 4.6022165 -1.5997853
v 1.599962 4.6022161 -1.6997857
v 0.39996213 5.8988832 0.50021482
v 0.49996203 5.8988832 0.40021467
v 0.79996192 5.6988829 0.90021443
v 0.89996195 5.6988829 0.80021453
v 1.199962 5.3988832 1.3002145
v 1.3149413 5.3988817 1.2002149
v 1.3999623 5.098883 1.5002146
v 1.4999622 5.098883 1.4002144
v 1.599962 4.6022161 1.7002146
v 1.6999623 4.6022161 1.6002145
v 1.699962 4.1988814 1.8002148
v -1.7248458 4.198881 -1.6231341
v -1.6233864 4.1988814 -1.7245927
v 1.7247703 4.198881 -1.6231341
v -1.7248456 4.198881 1.6235633
v 1.6233109 4.198881 1.7250228
v -0.0002774063 5.899237 0.091808796
v -1.6184298e-05 5.899226 -0.091509819
v 0.09172342 5.8992227 0.00022244453
v -0.091996185 5.8992074 5.2452087e-06
v -1.5356894 4.5607608 -1.6354365
v -1.6356894 4.5607608 -1.5354366
v -1.3431875 5.0394185 -1.4429345
v -1.4431874 5.0394185 -1.3429346
v -1.1571763 5.3193477 -1.2569232
v -1.257176 5.3193477 -1.1569233
v -0.77161056 5.6073206 -0.87135792
v -0.87161058 5.6073206 -0.77135754
v -0.38203725 5.8021777 -0.48178434
v -0.48203716 5.8021777 -0.38178444
v 1.6233109 4.198881 -1.7245936
v 1.6356136 4.5607608 -1.5354371
v 1.5356137 4.5607603 -1.635437
v 1.4431114 5.0394185 -1.3429351
v 1.3431114 5.0394185 -1.442935
v 1.2571 5.3193472 -1.1569233
v 1.1571 5.3193472 -1.2569232
v 0.87157077 5.6073292 -0.77129364
v 0.77157384 5.6073273 -0.87129688
v 0.48200318 5.8021911 -0.38336658
v 0.38206205 5.8021691 -0.48173237
v -1.6356893 4.5607608 1.535866
v -1.5356894 4.5607608 1.6358664
v -1.6233864 4.198881 1.7250226
v -1.443024 5.0394714 1.3434725
v -1.3430185 5.0394824 1.4434667
v -1.2569797 5.3193186 1.1576047
v -1.1589592 5.3194278 1.2575033
v -0.87202352 5.6073654 0.77123785
v -0.77198726 5.607385 0.87121058
v -0.50231737 5.8023308 0.38096189
v -0.38313735 5.8020881 0.48164129
v 1.5356137 4.5607603 1.6358659
v 1.6356138 4.5607603 1.5358663
v 1.7247704 4.1988814 1.6235633
v 1.3438679 5.0397909 1.4422352
v 1.4439152 5.0397146 1.3422673
v 1.1588341 5.3191698 1.256007
v 1.2731953 5.3198646 1.1553431
v 0.77225107 5.6072491 0.87131333
v 0.87222999 5.6072643 0.77128625
v 0.38196129 5.8021777 0.48221397
v 0.48196125 5.8021777 0.38221407
v 0.001105411 5.8018115 -0.090391159
v 0.091731764 5.8018115 0.00022864342
v 0.045867566 5.73747 -0.045633793
v -0.00026905257 5.8018115 0.091814756
v 0.045708053 5.7374757 0.046054363
v -0.091987841 5.8018115 1.1205673e-05
v -0.045998171 5.7374619 -0.045736313
v -0.046135381 5.7374676 0.045904398
v 0.045709111 5.7374757 0.04544735
v 1.518988e-06 5.7000006 4.7683716e-07
v 0.046035245 5.7379368 0.045728683
v 1.9999622 3.9988835 1.7002146
v 1.9999622 3.9988835 -1.6997857
v -1.7000375 3.9988833 -1.9997849
v 1.6999626 3.9988833 -1.9997859
v -2.0000377 3.9988835 1.7002146
v -2.0000377 3.9988835 -1.6997852
v -1.7000377 3.9988835 2.0002146
v 1.699962 3.9988835 2.0002146
v -1.8000376 3.9988835 -1.6997852
v -1.7000375 3.9988833 -1.7997851
v -1.7000377 3.9988835 1.8002145
v -1.8000377 3.9988835 1.7002146
v 1.699962 3.9988835 1.8002148
v -1.7248458 3.9988835 -1.6231341
v -1.6233864 3.9988835 -1.7245927
v 1.7247703 3.9988835 -1.6231341
v -1.7248456 3.9988835 1.6235633
v 1.6233109 3.9988835 1.7250228
v 1.6233109 3.9988835 -1.7245936
v -1.6233864 3.9988835 1.7250226
v 1.7247704 3.9988835 1.6235633
v -3.7888694e-05 5.9988831 -1.7968931
v 1.6999626 4.198881 -1.7997851
v 1.3999623 5.098883 -1.7968931
v -1.6000376 4.6011375 -1.7968931
v -1.2000381 5.3988817 -1.7968931
v 1.199962 5.3988817 -1.7968941
v 1.6999626 3.9988833 -1.7997856
v -1.6970897 4.1988814 -1.7968931
v 0.79996192 5.6988829 -1.7968931
v -0.8000381 5.6988829 -1.7968931
v 0.3999621 5.8988832 -1.7968931
v -1.4000378 5.098883 -1.7968931
v 1.599962 4.6011375 -1.7968931
v -0.40003788 5.8988836 -1.7968931
v 1.7999623 4.198881 -1.6997857
v 1.7843324 5.098883 -1.399786
v 1.7843324 5.3988817 -1.1997857
v 1.7843326 5.8988832 -0.40147877
v 1.7843325 5.8988836 0.40021467
v 1.7843326 5.098883 1.4002147
v 1.7843325 5.6988829 0.80021477
v 1.7999622 3.9988835 1.7002146
v 1.7843325 4.6012791 -1.5997853
v 1.7999623 3.9988835 -1.6997857
v 1.7999622 4.1988805 1.7002146
v 1.7843326 5.6988829 -0.79978561
v 1.7843326 4.6012786 1.6002145
v 1.7843326 5.3988817 1.2002146
v 1.7843324 5.9988831 0.00021481514
v 1.3999621 5.098883 1.8002145
v 1.599962 4.601105 1.8002148
v 1.1999619 5.3988822 1.8002145
v -0.400038 5.8988832 1.8002143
v -1.2021197 5.3988817 1.8002145
v 0.39996204 5.8988836 1.8002148
v -1.6000377 4.6011055 1.8002141
v 0.79996192 5.6988829 1.8002148
v -3.799516e-05 5.9988831 1.8002145
v -0.80003816 5.6988829 1.8002145
v -1.4000379 5.098883 1.8002143
v -1.8026094 5.6988829 -0.79978514
v -1.8026099 5.8988832 0.40021443
v -1.8026098 5.9988831 0.00021481514
v -1.8026097 5.3988817 1.2002146
v -1.8026094 5.8988836 -0.39978504
v -1.8026097 4.6022161 1.6002145
v -1.8026096 5.6988829 0.80021453
v -1.8026098 5.098883 -1.399785
v -1.8026099 5.3988817 -1.1997852
v -1.8026098 4.6022161 -1.5997853
v -1.8026096 5.098883 1.4002144
v 2.3997874 4.598883 1.9999614
v 5.3997874 5.098883 1.9999611
v 4.4014807 5.8988827 1.9999611
v 2.2997875 4.1988814 1.9999614
v 3.5997875 5.8988836 1.9999611
v 5.5997872 4.598883 1.9999611
v 4.7997875 5.6988829 1.9999611
v 3.1997879 5.6988829 1.9999611
v 2.7997875 5.3988817 1.9999611
v 5.6997876 4.198881 1.9999611
v 5.1997876 5.3988817 1.9999611
v 2.5997877 5.098883 1.9999611
v 3.9997878 5.9988826 1.9999611
v 5.9997869 4.198881 -1.7000384
v 5.9997873 5.8988836 -0.40003872
v 5.9997873 4.598883 1.5999608
v 5.9997878 5.6988829 0.79996109
v 5.9997873 5.6988829 -0.80003929
v 5.9997873 5.3988817 -1.2000394
v 5.9997873 4.198881 1.6999614
v 5.9997873 5.3988817 1.1999609
v 5.9997873 5.9988826 -3.9100647e-05
v 5.9997873 5.098883 -1.4000387
v 5.9997869 4.598883 -1.6000385
v 5.9997873 5.098883 1.3999612
v 5.9997873 5.8988827 0.39996099
v 4.7997875 5.6988829 -2.0000386
v 5.1997871 5.3988817 -2.0000386
v 2.299787 4.1988814 -2.0000386
v 2.799787 5.3988817 -2.0000391
v 5.3997874 5.098883 -2.0000386
v 3.9997871 5.9988831 -2.0000386
v 5.5997868 4.6022161 -2.0000391
v 2.5997875 5.098883 -2.0000391
v 3.599787 5.8988832 -2.0000386
v 5.6997867 4.198881 -2.0000391
v 4.3997869 5.8988836 -2.0000386
v 2.3997872 4.6022161 -2.0000386
v 3.1997871 5.6988829 -2.0000386
v 1.9997874 5.6988829 0.79996109
v 1.9997874 5.3988817 1.1999612
v 1.9997872 4.1988814 -1.7000384
v 1.9997873 5.3988817 -1.2021208
v 1.9997874 5.098883 1.3999615
v 1.9997874 4.598883 1.5999615
v 1.9997873 5.098883 -1.4000382
v 1.9997874 5.8988832 -0.4000392
v 1.9997874 4.1988814 1.6999612
v 1.9997873 5.8988836 0.39996123
v 1.9997871 4.598883 -1.6000385
v 1.9997873 5.6988829 -0.80003929
v 1.9997874 5.9988831 -3.9100647e-05
v 3.9997873 5.9988831 0.099960804
v 3.8997874 5.9988831 -3.862381e-05
v 3.9997871 5.9988831 -0.10003853
v 4.0997872 5.9988831 -3.9100647e-05
v 4.4997873 5.8988827 -0.40003872
v 4.3997874 5.8988827 -0.5000391
v 4.8997874 5.6988829 -0.80003881
v 4.7997875 5.6988829 -0.90003872
v 5.2997875 5.3988817 -1.2000394
v 5.1997871 5.3988817 -1.3000388
v 5.4997873 5.098883 -1.4000392
v 5.3997874 5.098883 -1.5000386
v 5.6997867 4.6022165 -1.6000385
v 5.5997868 4.6022165 -1.7000394
v 5.6997867 4.198881 -1.8000393
v 3.5997872 5.8988836 -0.5198369
v 3.4997871 5.8988836 -0.40003872
v 3.1997874 5.6988829 -0.90003872
v 3.0997875 5.6988829 -0.80003929
v 2.7997873 5.3988817 -1.3000393
v 2.6997874 5.3988817 -1.2021208
v 2.5997875 5.098883 -1.5000391
v 2.4997873 5.098883 -1.4000392
v 2.3997872 4.602217 -1.7000384
v 2.299787 4.602217 -1.6000385
v 2.1997871 4.1988814 -1.7000384
v 2.299787 4.1988814 -1.8000383
v 4.4014812 5.8988836 0.4999609
v 4.4997873 5.8988836 0.39996076
v 4.799787 5.6988829 0.89996099
v 4.8997874 5.6988829 0.79996085
v 5.1997876 5.3988817 1.2999613
v 5.2997875 5.3988817 1.1999607
v 5.3997874 5.098883 1.4999611
v 5.4997873 5.098883 1.3999612
v 5.5997868 4.6022165 1.6999609
v 5.6997876 4.6022161 1.5999608
v 3.4997871 5.8988832 0.39996123
v 3.5997872 5.8988832 0.49996114
v 3.0997875 5.6988829 0.79996109
v 3.1997874 5.6988829 0.89996099
v 2.6997874 5.3988832 1.1999612
v 2.7997875 5.3988817 1.3149405
v 2.4997876 5.098883 1.3999615
v 2.5997875 5.098883 1.4999611
v 2.2997875 4.6022161 1.5999613
v 2.3997877 4.6022161 1.6999614
v 2.1997874 4.1988814 1.6999612
v 5.6231356 4.198881 -1.7248468
v 5.7245951 4.198881 -1.6233878
v 5.623136 4.198881 1.7247691
v 2.3764384 4.1988814 -1.7248468
v 2.2749794 4.1988814 1.6233101
v 3.9081931 5.899237 -0.00027799606
v 4.0915122 5.899226 -1.7166138e-05
v 3.9997795 5.8992227 0.09172225
v 3.9999969 5.8992074 -0.091997147
v 5.6354384 4.5607608 -1.5356903
v 5.5354385 4.5607608 -1.6356902
v 5.4429369 5.0394185 -1.3431888
v 5.342937 5.0394185 -1.4431882
v 5.2569256 5.3193472 -1.1571774
v 5.1569252 5.3193472 -1.2571769
v 4.8713598 5.6073206 -0.77161169
v 4.7713599 5.6073206 -0.8716116
v 4.4817867 5.8021777 -0.38203812
v 4.3817863 5.8021777 -0.48203802
v 5.7245951 4.198881 1.6233096
v 5.5354385 4.5607608 1.6356125
v 5.6354389 4.5607603 1.5356126
v 5.342937 5.0394185 1.4431107
v 5.4429369 5.0394185 1.3431108
v 5.1569257 5.3193472 1.2570992
v 5.2569256 5.3193472 1.157099
v 4.7712955 5.6073287 0.87156987
v 4.8712993 5.6073273 0.77157307
v 4.383369 5.8021911 0.48200202
v 4.4817348 5.8021691 0.382061
v 2.4641356 4.5607613 -1.6356902
v 2.3641355 4.5607613 -1.5356903
v 2.2749791 4.1988814 -1.6233873
v 2.6565297 5.0394714 -1.4430256
v 2.5565357 5.0394824 -1.3430195
v 2.8423972 5.3193191 -1.2569804
v 2.7424986 5.3194283 -1.1589608
v 3.2287645 5.6073659 -0.87202406
v 3.1287916 5.607385 -0.77198839
v 3.61904 5.8023308 -0.50231838
v 3.5183609 5.8020881 -0.38313818
v 2.364136 4.5607603 1.5356131
v 2.4641359 4.5607603 1.635613
v 2.3764389 4.1988814 1.7247694
v 2.5577667 5.0397914 1.3438668
v 2.6577346 5.0397151 1.4439144
v 2.743995 5.3191698 1.1588333
v 2.8446593 5.3198646 1.2731946
v 3.1286886 5.6072491 0.77225018
v 3.2287157 5.6072643 0.8722291
v 3.5177882 5.8021777 0.38196039
v 3.6177883 5.8021777 0.4819603
v 4.0903931 5.8018115 0.0011043549
v 3.9997735 5.8018115 0.091730833
v 4.0456362 5.73747 0.045866489
v 3.9081872 5.8018115 -0.00026988983
v 3.9539475 5.7374757 0.045706987
v 3.9999907 5.8018115 -0.091988564
v 4.0457387 5.7374619 -0.04599905
v 3.9540975 5.7374676 -0.046135902
v 3.9545546 5.7374757 0.045708179
v 4.0000014 5.7000006 7.1525574e-07
v 3.9542732 5.7379368 0.046034098
v 2.2997875 3.9988835 1.9999614
v 5.6997876 3.9988835 1.9999611
v 5.9997869 3.9988831 -1.7000384
v 5.9997873 3.9988831 1.6999614
v 2.299787 3.9988838 -2.0000386
v 5.6997867 3.9988835 -2.0000391
v 1.9997872 3.9988838 -1.7000384
v 1.9997874 3.9988835 1.6999612
v 5.6997867 3.9988835 -1.8000393
v 5.7997866 3.9988831 -1.7000384
v 2.1997871 3.9988838 -1.7000384
v 2.299787 3.9988838 -1.8000383
v 2.1997874 3.9988835 1.6999612
v 5.6231356 3.9988835 -1.7248468
v 5.7245951 3.9988835 -1.6233878
v 5.623136 3.9988835 1.7247691
v 2.3764384 3.9988838 -1.7248468
v 2.2749794 3.9988835 1.6233101
v 5.7245951 3.9988835 1.6233096
v 2.2749791 3.9988838 -1.6233873
v 2.3764389 3.9988835 1.7247694
v 5.7968955 5.9988826 -3.9100647e-05
v 5.799787 4.198881 1.6999614
v 5.796895 5.098883 1.3999612
v 5.796895 4.6011375 -1.6000385
v 5.7968955 5.3988817 -1.2000394
v 5.7968955 5.3988817 1.1999607
v 5.7997875 3.9988831 1.6999614
v 5.796895 4.198881 -1.6970911
v 5.7968955 5.6988829 0.79996085
v 5.796895 5.6988829 -0.80003929
v 5.7968955 5.8988827 0.39996099
v 5.7968955 5.098883 -1.4000392
v 5.796895 4.601137 1.5999608
v 5.7968955 5.8988836 -0.40003872
v 5.6997876 4.198881 1.7999611
v 5.3997874 5.098883 1.7843316
v 5.1997876 5.3988817 1.7843316
v 4.4014807 5.8988827 1.7843316
v 3.5997875 5.8988836 1.7843316
v 2.5997877 5.098883 1.7843316
v 3.1997879 5.6988829 1.7843316
v 2.2997875 3.9988835 1.7999613
v 5.5997868 4.6012791 1.7843316
v 5.6997876 3.9988835 1.7999611
v 2.2997875 4.1988805 1.7999613
v 4.7997875 5.6988829 1.7843316
v 2.3997877 4.6012786 1.7843318
v 2.7997875 5.3988817 1.7843316
v 3.9997878 5.9988826 1.7843313
v 2.1997874 5.098883 1.3999615
v 2.1997874 4.601105 1.5999613
v 2.1997874 5.3988822 1.1999612
v 2.1997876 5.8988832 -0.4000392
v 2.1997876 5.3988817 -1.2021208
v 2.1997871 5.8988836 0.39996123
v 2.1997876 4.601106 -1.6000385
v 2.1997874 5.6988829 0.79996109
v 2.1997874 5.9988831 -3.9100647e-05
v 2.1997876 5.6988829 -0.80003929
v 2.1997879 5.098883 -1.4000382
v 4.7997875 5.6988829 -1.8026104
v 3.599787 5.8988832 -1.8026104
v 3.9997871 5.9988831 -1.8026104
v 2.799787 5.3988817 -1.8026109
v 4.3997869 5.8988836 -1.8026099
v 2.3997872 4.6022165 -1.8026104
v 3.1997871 5.6988829 -1.8026099
v 5.3997874 5.098883 -1.8026104
v 5.1997871 5.3988817 -1.8026104
v 5.5997868 4.6022161 -1.8026114
v 2.5997875 5.098883 -1.8026104
v 1.600216 4.598883 -5.9999604
v -1.399784 5.098883 -5.9999604
v -0.40147734 5.8988832 -5.9999604
v 1.7002161 4.1988814 -5.9999604
v 0.4002161 5.8988836 -5.9999604
v -1.5997839 4.598883 -5.9999604
v -0.799784 5.6988834 -5.9999604
v 0.80021608 5.6988834 -5.9999604
v 1.2002161 5.3988822 -5.9999604
v -1.6997838 4.1988814 -5.9999604
v -1.199784 5.3988817 -5.9999604
v 1.400216 5.0988834 -5.9999604
v 0.00021591973 5.9988831 -5.9999604
v -1.9997841 4.1988814 -2.2999601
v -1.9997841 5.8988836 -3.5999603
v -1.999784 4.598883 -5.5999599
v -1.999784 5.6988829 -4.7999597
v -1.9997841 5.6988829 -3.1999598
v -1.9997842 5.3988817 -2.7999597
v -1.9997839 4.1988814 -5.6999602
v -1.999784 5.3988817 -5.1999593
v -1.9997841 5.9988831 -3.9999595
v -1.9997842 5.098883 -2.5999603
v -1.9997842 4.598883 -2.3999605
v -1.999784 5.098883 -5.39996
v -1.9997841 5.8988832 -4.39996
v -0.79978418 5.6988829 -1.9999604
v -1.1997843 5.3988817 -1.9999604
v 1.7002158 4.1988814 -1.9999604
v 1.2002158 5.3988817 -1.9999604
v -1.3997842 5.098883 -1.9999604
v 0.00021597536 5.9988831 -1.9999604
v -1.599784 4.6022161 -1.9999604
v 1.4002157 5.098883 -1.9999604
v 0.4002158 5.8988832 -1.9999604
v -1.699784 4.1988814 -1.9999604
v -0.39978418 5.8988836 -1.9999604
v 1.6002156 4.6022161 -1.9999604
v 0.8002159 5.6988829 -1.9999604
v 2.000216 5.6988834 -4.7999597
v 2.000216 5.3988822 -5.1999593
v 2.0002158 4.1988814 -2.2999601
v 2.0002158 5.3988817 -2.7978778
v 2.000216 5.0988834 -5.39996
v 2.000216 4.598883 -5.5999599
v 2.0002158 5.098883 -2.5999603
v 2.0002158 5.8988832 -3.5999599
v 2.000216 4.1988814 -5.6999593
v 2.000216 5.8988836 -4.39996
v 2.0002158 4.598883 -2.3999605
v 2.0002158 5.6988834 -3.1999598
v 2.000216 5.9988831 -3.9999595
v 0.00021592715 5.9988831 -4.0999599
v 0.1002159 5.9988831 -3.9999595
v 0.00021591205 5.9988831 -3.8999596
v -0.099784069 5.9988831 -3.9999595
v -0.49978405 5.8988832 -3.5999599
v -0.39978406 5.8988832 -3.4999595
v -0.89978415 5.6988829 -3.1999598
v -0.79978412 5.6988829 -3.0999599
v -1.2997842 5.3988817 -2.7999597
v -1.1997843 5.3988817 -2.6999602
v -1.4997842 5.098883 -2.5999599
v -1.3997842 5.098883 -2.4999604
v -1.6997842 4.602217 -2.3999605
v -1.599784 4.602217 -2.2999601
v -1.699784 4.1988814 -2.1999602
v 0.40021592 5.8988836 -3.4801617
v 0.50021595 5.8988836 -3.5999599
v 0.80021572 5.6988829 -3.0999599
v 0.9002158 5.6988829 -3.1999598
v 1.2002158 5.3988817 -2.6999602
v 1.3002157 5.3988817 -2.7978778
v 1.4002157 5.098883 -2.4999604
v 1.5002158 5.098883 -2.5999603
v 1.6002156 4.602217 -2.2999601
v 1.7002157 4.602217 -2.3999605
v 1.8002158 4.1988814 -2.2999601
v 1.7002158 4.1988814 -2.1999602
v -0.40147743 5.8988836 -4.4999595
v -0.49978399 5.8988836 -4.39996
v -0.79978395 5.6988829 -4.89996
v -0.89978403 5.6988829 -4.7999597
v -1.199784 5.3988817 -5.2999606
v -1.2997839 5.3988817 -5.1999593
v -1.399784 5.098883 -5.4999604
v -1.499784 5.098883 -5.39996
v -1.5997838 4.602217 -5.6999593
v -1.6997839 4.6022161 -5.5999599
v 0.50021601 5.8988832 -4.39996
v 0.40021601 5.8988832 -4.4999595
v 0.90021592 5.6988834 -4.7999597
v 0.80021596 5.6988834 -4.89996
v 1.300216 5.3988832 -5.1999593
v 1.2002161 5.3988822 -5.314939
v 1.500216 5.0988834 -5.39996
v 1.400216 5.0988834 -5.4999604
v 1.7002158 4.6022161 -5.5999599
v 1.6002158 4.6022161 -5.6999602
v 1.8002161 4.1988814 -5.6999593
v -1.6231327 4.1988814 -2.2751522
v -1.7245921 4.1988814 -2.3766112
v -1.6231325 4.1988814 -5.7247682
v 1.6235646 4.1988814 -2.2751522
v 1.7250241 4.1988814 -5.6233087
v 0.091809943 5.899237 -3.9997206
v -0.091508828 5.899226 -3.9999819
v 0.00022373343 5.8992231 -4.0917211
v 6.4046444e-06 5.8992079 -3.9080019
v -1.6354357 4.5607608 -2.4643083
v -1.5354358 4.5607608 -2.3643084
v -1.4429336 5.0394185 -2.6568103
v -1.3429337 5.0394185 -2.5568109
v -1.2569224 5.3193477 -2.8428216
v -1.1569225 5.3193477 -2.7428217
v -0.87135667 5.6073206 -3.2283874
v -0.77135664 5.6073206 -3.1283875
v -0.48178324 5.8021777 -3.6179609
v -0.38178325 5.8021777 -3.5179605
v -1.7245919 4.1988814 -5.6233087
v -1.5354356 4.5607613 -5.6356111
v -1.6354355 4.5607608 -5.5356116
v -1.3429334 5.0394185 -5.44311
v -1.4429333 5.0394185 -5.3431096
v -1.1569221 5.3193477 -5.2570977
v -1.2569221 5.3193477 -5.1570973
v -0.77129233 5.6073292 -4.8715682
v -0.87129539 5.6073273 -4.7715716
v -0.38336521 5.8021911 -4.4820008
v -0.48173124 5.8021691 -4.3820596
v 1.5358673 4.5607613 -2.3643084
v 1.6358672 4.5607613 -2.4643083
v 1.7250239 4.1988814 -2.3766112
v 1.3434736 5.0394714 -2.5569739
v 1.4434675 5.0394824 -2.6569796
v 1.1576058 5.3193191 -2.7430182
v 1.2575045 5.3194283 -2.8410387
v 0.77123874 5.6073659 -3.127974
v 0.87121159 5.6073855 -3.2280107
v 0.38096306 5.8023308 -3.4976807
v 0.48164243 5.8020881 -3.6168604
v 1.6358674 4.5607608 -5.5356116
v 1.5358676 4.5607608 -5.6356111
v 1.6235648 4.1988814 -5.7247682
v 1.4422369 5.0397914 -5.3438649
v 1.3422689 5.0397151 -5.443913
v 1.2560084 5.3191703 -5.1588321
v 1.1553442 5.3198646 -5.2731929
v 0.87131488 5.6072491 -4.7722487
v 0.77128762 5.6072643 -4.8722281
v 0.4822152 5.8021777 -4.3819594
v 0.3822152 5.8021777 -4.4819589
v -0.090389714 5.8018115 -4.0011039
v 0.00022973942 5.8018115 -4.0917296
v -0.045632523 5.73747 -4.0458655
v 0.091815948 5.8018115 -3.9997292
v 0.046055641 5.7374757 -4.0457063
v 1.2410717e-05 5.8018115 -3.90801
v -0.045735285 5.7374623 -3.9539995
v 0.045905653 5.7374676 -3.9538622
v 0.045448512 5.7374757 -4.0457063
v 1.8235128e-06 5.7000006 -3.9999995
v 0.045729861 5.7379373 -4.0460334
v 1.7002161 3.998884 -5.9999604
v -1.6997838 3.9988838 -5.9999604
v -1.9997841 3.9988833 -2.2999601
v -1.9997839 3.9988835 -5.6999602
v 1.7002158 3.9988838 -1.9999604
v -1.699784 3.9988835 -1.9999604
v 2.0002158 3.9988838 -2.2999601
v 2.000216 3.998884 -5.6999593
v -1.699784 3.9988835 -2.1999602
v -1.7997839 3.9988833 -2.2999601
v 1.8002158 3.9988838 -2.2999601
v 1.7002158 3.9988838 -2.1999602
v 1.8002161 3.998884 -5.6999593
v -1.6231327 3.9988835 -2.2751522
v -1.7245921 3.9988835 -2.3766112
v -1.6231325 3.9988838 -5.7247682
v 1.6235646 3.9988838 -2.2751522
v 1.7250241 3.998884 -5.6233087
v -1.7245919 3.9988838 -5.6233087
v 1.7250239 3.9988838 -2.3766112
v 1.6235648 3.998884 -5.7247682
v -1.796892 5.9988831 -3.9999595
v -1.7997837 4.1988814 -5.6999602
v -1.7968919 5.098883 -5.39996
v -1.7968923 4.6011375 -2.3999605
v -1.7968923 5.3988817 -2.7999597
v -1.796892 5.3988817 -5.1999593
v -1.7997838 3.9988835 -5.6999602
v -1.7968922 4.1988814 -2.3029084
v -1.7968918 5.6988829 -4.7999597
v -1.7968919 5.6988829 -3.1999598
v -1.796892 5.8988832 -4.39996
v -1.7968922 5.098883 -2.5999603
v -1.7968919 4.6011375 -5.5999599
v -1.796892 5.8988836 -3.5999599
v -1.6997838 4.1988814 -5.7999606
v -1.399784 5.098883 -5.7843299
v -1.199784 5.3988817 -5.7843299
v -0.40147734 5.8988832 -5.7843299
v 0.4002161 5.8988836 -5.7843299
v 1.400216 5.0988834 -5.7843299
v 0.80021602 5.6988834 -5.7843299
v 1.7002161 3.998884 -5.7999606
v -1.5997838 4.6012796 -5.7843299
v -1.6997838 3.9988838 -5.7999606
v 1.7002161 4.198881 -5.7999606
v -0.79978406 5.6988834 -5.7843299
v 1.6002158 4.6012786 -5.7843299
v 1.2002161 5.3988822 -5.7843299
v 0.00021592055 5.9988831 -5.7843299
v 1.8002161 5.0988834 -5.39996
v 1.8002161 4.601105 -5.5999599
v 1.800216 5.3988822 -5.1999593
v 1.8002156 5.8988832 -3.5999599
v 1.8002156 5.3988817 -2.7978778
v 1.800216 5.8988836 -4.39996
v 1.8002152 4.601106 -2.3999605
v 1.8002161 5.6988834 -4.7999597
v 1.8002157 5.9988831 -3.9999595
v 1.8002157 5.6988834 -3.1999598
v 1.8002152 5.098883 -2.5999603
v -0.79978418 5.6988829 -2.1973882
v 0.40021583 5.8988832 -2.1973882
v 0.00021596876 5.9988831 -2.1973882
v 1.2002158 5.3988817 -2.1973882
v -0.39978415 5.8988836 -2.1973882
v 1.6002156 4.6022165 -2.1973882
v 0.80021584 5.6988829 -2.1973882
v -1.3997842 5.098883 -2.1973882
v -1.1997843 5.3988817 -2.1973882
v -1.599784 4.6022165 -2.1973882
v 1.4002157 5.098883 -2.1973882
v -5.6002121 4.598883 1.9999614
v -2.6002121 5.098883 1.9999611
v -3.5985191 5.8988827 1.9999611
v -5.7002125 4.198881 1.9999614
v -4.4002128 5.8988836 1.9999611
v -2.4002125 4.598883 1.9999609
v -3.200212 5.6988829 1.9999611
v -4.8002124 5.6988829 1.9999611
v -5.2002125 5.3988817 1.9999611
v -2.3002124 4.198881 1.9999609
v -2.8002121 5.3988817 1.9999611
v -5.4002123 5.098883 1.9999611
v -4.0002122 5.9988826 1.9999611
v -2.0002129 4.198881 -1.7000384
v -2.0002127 5.8988836 -0.40003872
v -2.0002124 4.598883 1.5999608
v -2.0002124 5.6988829 0.79996085
v -2.0002124 5.6988829 -0.80003929
v -2.0002124 5.3988817 -1.2000389
v -2.0002124 4.198881 1.6999612
v -2.0002124 5.3988817 1.1999609
v -2.0002127 5.9988831 -3.862381e-05
v -2.0002124 5.098883 -1.4000382
v -2.0002129 4.598883 -1.6000385
v -2.0002124 5.098883 1.3999612
v -2.0002127 5.8988827 0.39996099
v -3.2002125 5.6988829 -2.0000391
v -2.8002124 5.3988817 -2.0000386
v -5.700213 4.1988814 -2.0000391
v -5.2002125 5.3988817 -2.0000391
v -2.6002126 5.098883 -2.0000386
v -4.0002127 5.9988831 -2.0000391
v -2.400213 4.6022161 -2.0000386
v -5.4002123 5.098883 -2.0000391
v -4.4002128 5.8988832 -2.0000391
v -2.3002129 4.198881 -2.0000386
v -3.6002128 5.8988836 -2.0000391
v -5.6002126 4.6022161 -2.0000391
v -4.8002129 5.6988829 -2.0000391
v -6.0002117 5.6988829 0.79996109
v -6.0002122 5.3988817 1.1999609
v -6.0002131 4.1988814 -1.7000389
v -6.0002122 5.3988817 -1.2021203
v -6.0002122 5.098883 1.3999612
v -6.0002122 4.598883 1.5999613
v -6.0002122 5.098883 -1.4000387
v -6.0002122 5.8988832 -0.4000392
v -6.0002122 4.1988814 1.6999612
v -6.0002122 5.8988836 0.39996099
v -6.0002131 4.598883 -1.600039
v -6.0002122 5.6988829 -0.80003881
v -6.0002122 5.9988831 -3.9100647e-05
v -4.0002122 5.9988831 0.099961042
v -4.1002121 5.9988831 -3.9100647e-05
v -4.0002127 5.9988831 -0.10003901
v -3.9002128 5.9988831 -3.9100647e-05
v -3.5002127 5.8988832 -0.4000392
v -3.6002128 5.8988832 -0.5000391
v -3.1002126 5.6988829 -0.80003881
v -3.2002125 5.6988829 -0.9000392
v -2.7002125 5.3988817 -1.2000389
v -2.8002124 5.3988817 -1.3000383
v -2.5002124 5.098883 -1.4000382
v -2.6002126 5.098883 -1.5000386
v -2.3002129 4.6022165 -1.6000385
v -2.400213 4.6022165 -1.7000384
v -2.3002129 4.198881 -1.8000383
v -4.4002123 5.8988836 -0.51983738
v -4.5002127 5.8988836 -0.4000392
v -4.8002124 5.6988829 -0.90003872
v -4.9002123 5.6988829 -0.80003881
v -5.2002125 5.3988817 -1.3000388
v -5.3002124 5.3988817 -1.2021208
v -5.4002123 5.098883 -1.5000391
v -5.5002122 5.098883 -1.4000387
v -5.6002126 4.602217 -1.7000389
v -5.700213 4.602217 -1.6000385
v -5.8002129 4.1988814 -1.7000389
v -5.700213 4.1988814 -1.8000388
v -3.5985191 5.8988836 0.4999609
v -3.5002127 5.8988836 0.39996099
v -3.2002125 5.6988829 0.89996099
v -3.1002123 5.6988829 0.79996061
v -2.8002121 5.3988817 1.2999613
v -2.7002125 5.3988817 1.1999607
v -2.6002123 5.098883 1.4999611
v -2.5002124 5.098883 1.3999612
v -2.4002125 4.6022165 1.6999607
v -2.3002124 4.6022161 1.5999608
v -4.5002127 5.8988832 0.39996123
v -4.4002123 5.8988832 0.49996114
v -4.9002123 5.6988829 0.79996109
v -4.8002124 5.6988829 0.89996099
v -5.3002124 5.3988832 1.1999609
v -5.2002125 5.3988817 1.3149402
v -5.5002122 5.098883 1.3999612
v -5.4002123 5.098883 1.4999611
v -5.7002125 4.6022161 1.599961
v -5.6002121 4.6022161 1.6999612
v -5.8002124 4.1988814 1.6999612
v -2.3768642 4.198881 -1.7248468
v -2.2754047 4.198881 -1.6233873
v -2.3768637 4.198881 1.7247689
v -5.6235614 4.1988814 -1.7248468
v -5.7250204 4.198881 1.6233101
v -4.0918064 5.899237 -0.0002784729
v -3.9084878 5.899226 -1.7166138e-05
v -4.0002203 5.8992227 0.091722488
v -4.0000029 5.8992074 -0.091997147
v -2.3645613 4.5607608 -1.5356903
v -2.4645612 4.5607608 -1.6356902
v -2.5570631 5.0394185 -1.3431878
v -2.657063 5.0394185 -1.4431877
v -2.7430744 5.3193472 -1.157177
v -2.8430743 5.3193472 -1.2571774
v -3.1286399 5.6073206 -0.77161121
v -3.2286398 5.6073206 -0.8716116
v -3.5182135 5.8021777 -0.38203859
v -3.6182134 5.8021777 -0.4820385
v -2.2754045 4.198881 1.6233096
v -2.4645607 4.5607608 1.6356122
v -2.3645608 4.5607603 1.5356126
v -2.657063 5.0394185 1.4431105
v -2.5570631 5.0394185 1.3431106
v -2.8430743 5.3193472 1.2570989
v -2.7430744 5.3193472 1.157099
v -3.228704 5.6073287 0.87156987
v -3.128701 5.6073273 0.77157283
v -3.6166313 5.8021911 0.48200226
v -3.5182655 5.8021691 0.38206124
v -5.5358644 4.5607613 -1.6356902
v -5.6358643 4.5607613 -1.5356903
v -5.7250209 4.1988814 -1.6233873
v -5.3434701 5.0394714 -1.4430246
v -5.4434643 5.0394824 -1.34302
v -5.1576028 5.3193191 -1.2569804
v -5.2575011 5.3194283 -1.1589599
v -4.7712355 5.6073659 -0.87202454
v -4.8712082 5.607385 -0.77198839
v -4.3809595 5.8023308 -0.50231886
v -4.4816389 5.8020881 -0.38313818
v -5.6358643 4.5607603 1.5356128
v -5.5358644 4.5607603 1.635613
v -5.6235614 4.198881 1.7247694
v -5.4422336 5.0397914 1.3438666
v -5.3422656 5.0397151 1.4439142
v -5.2560053 5.3191698 1.158833
v -5.1553407 5.3198646 1.2731943
v -4.8713112 5.6072491 0.77225018
v -4.7712846 5.6072643 0.8722291
v -4.4822111 5.8021777 0.38196039
v -4.3822112 5.8021777 0.48196054
v -3.9096069 5.8018115 0.0011043549
v -4.000226 5.8018115 0.091731071
v -3.9543641 5.73747 0.045866728
v -4.0918126 5.8018115 -0.00027036667
v -4.046052 5.7374757 0.045707226
v -4.0000091 5.8018115 -0.09198904
v -3.9542615 5.7374619 -0.045999527
v -4.0459023 5.7374676 -0.046136379
v -4.045445 5.7374757 0.045708418
v -3.9999986 5.7000006 7.1525574e-07
v -4.0457263 5.7379368 0.046034336
v -5.7002125 3.9988835 1.9999614
v -2.3002124 3.9988835 1.9999609
v -2.0002129 3.9988831 -1.7000384
v -2.0002124 3.9988831 1.6999612
v -5.700213 3.9988835 -2.0000391
v -2.3002129 3.9988835 -2.0000386
v -6.0002131 3.9988835 -1.7000389
v -6.0002122 3.9988835 1.6999612
v -2.3002129 3.9988835 -1.8000383
v -2.200213 3.9988831 -1.7000384
v -5.8002129 3.9988835 -1.7000389
v -5.700213 3.9988835 -1.8000388
v -5.8002124 3.9988835 1.6999612
v -2.3768642 3.9988835 -1.7248468
v -2.2754047 3.9988835 -1.6233873
v -2.3768637 3.9988835 1.7247689
v -5.6235614 3.9988835 -1.7248468
v -5.7250204 3.9988835 1.6233101
v -2.2754045 3.9988835 1.6233096
v -5.7250209 3.9988835 -1.6233873
v -5.6235614 3.9988835 1.7247694
v -2.2031045 5.9988831 -3.862381e-05
v -2.2002125 4.198881 1.6999612
v -2.2031045 5.098883 1.3999612
v -2.2031047 4.6011375 -1.6000385
v -2.2031043 5.3988817 -1.2000389
v -2.2031043 5.3988817 1.1999607
v -2.2002125 3.9988831 1.6999612
v -2.2031047 4.198881 -1.6970906
v -2.2031045 5.6988829 0.79996061
v -2.2031047 5.6988829 -0.80003929
v -2.2031045 5.8988827 0.39996099
v -2.2031045 5.098883 -1.4000382
v -2.2031045 4.601137 1.5999608
v -2.2031045 5.8988836 -0.40003872
v -2.3002124 4.198881 1.7999609
v -2.6002121 5.098883 1.7843316
v -2.8002121 5.3988817 1.7843316
v -3.5985191 5.8988827 1.7843316
v -4.4002128 5.8988836 1.7843316
v -5.4002123 5.098883 1.7843316
v -4.8002124 5.6988829 1.7843316
v -5.7002125 3.9988835 1.7999613
v -2.4002125 4.6012791 1.7843313
v -2.3002124 3.9988835 1.7999609
v -5.7002125 4.1988805 1.7999613
v -3.200212 5.6988829 1.7843316
v -5.6002121 4.6012786 1.7843318
v -5.2002125 5.3988817 1.7843316
v -4.0002122 5.9988826 1.7843316
v -5.8002129 5.098883 1.3999612
v -5.8002129 4.601105 1.599961
v -5.8002124 5.3988822 1.1999609
v -5.8002119 5.8988832 -0.4000392
v -5.8002124 5.3988817 -1.2021203
v -5.8002124 5.8988836 0.39996099
v -5.8002124 4.601106 -1.6000385
v -5.8002124 5.6988829 0.79996109
v -5.8002119 5.9988831 -3.9100647e-05
v -5.8002124 5.6988829 -0.80003881
v -5.8002119 5.098883 -1.4000387
v -3.2002125 5.6988829 -1.8026109
v -4.4002128 5.8988832 -1.8026109
v -4.0002127 5.9988831 -1.8026109
v -5.2002125 5.3988817 -1.8026109
v -3.6002128 5.8988836 -1.8026109
v -5.6002126 4.6022165 -1.8026109
v -4.8002129 5.6988829 -1.8026104
v -2.6002126 5.098883 -1.8026104
v -2.8002124 5.3988817 -1.8026104
v -2.400213 4.6022165 -1.8026104
v -5.4002123 5.098883 -1.8026109
v -2.3463123 3.4000002 -1.6536877
v -2.3463123 3.4000002 -2.3463123
v -1.6536877 3.4000002 -2.3463123
v -1.6536877 3.4000002 -1.6536877
v -2.3463123 0.60000032 -2.3463123
v -1.6536877 0.60000032 -2.3463123
v -1.6536877 0.60000032 -1.6536877
v -2.3463123 0.60000032 -1.6536877
v -2.4000001 3.8466014e-07 -2.4000001
v -2.4000001 3.8466014e-07 -1.6
v -2.4000001 3.5000003 -1.6
v -2.4000001 4.0000003 -1.6
v -2.4000001 4.0000003 -2.4000001
v -2.4000001 0.50000036 -2.4000001
v -1.6 3.8466014e-07 -2.4000001
v -1.6 4.0000003 -2.4000001
v -1.6 0.50000036 -2.4000001
v -1.6 3.8466014e-07 -1.6
v -1.6 4.0000003 -1.6
v -1.6 0.50000036 -1.6
v -2.4000001 3.5000003 -2.4000001
v -1.6 3.5000003 -2.4000001
v -1.6 3.5000003 -1.6
v -2.4000001 0.50000036 -1.6
v 1.6536889 3.3999999 6.3463125
v 1.6536889 3.3999999 5.6536875
v 2.3463135 3.3999999 5.6536875
v 2.3463135 3.3999999 6.3463125
v 1.6536889 0.60000002 5.6536875
v 2.3463135 0.60000002 5.6536875
v 2.3463135 0.60000002 6.3463125
v 1.6536889 0.60000002 6.3463125
v 1.6000011 3.4969048e-08 5.5999999
v 1.6000011 3.4969048e-08 6.3999996
v 1.6000011 3.4999998 6.3999996
v 1.6000011 3.9999998 6.3999996
v 1.6000011 3.9999998 5.5999999
v 1.6000011 0.50000003 5.5999999
v 2.400001 3.4969048e-08 5.5999999
v 2.400001 3.9999998 5.5999999
v 2.400001 0.50000003 5.5999999
v 2.400001 3.4969048e-08 6.3999996
v 2.400001 3.9999998 6.3999996
v 2.400001 0.50000003 6.3999996
v 1.6000011 3.4999998 5.5999999
v 2.400001 3.4999998 5.5999999
v 2.400001 3.4999998 6.3999996
v 1.6000011 0.50000003 6.3999996
v 5.6536889 3.4000002 -1.6536877
v 5.6536889 3.4000002 -2.3463123
v 6.3463135 3.4000002 -2.3463123
v 6.3463135 3.4000002 -1.6536877
v 5.6536889 0.60000032 -2.3463123
v 6.3463135 0.60000032 -2.3463123
v 6.3463135 0.60000032 -1.6536877
v 5.6536889 0.60000032 -1.6536877
v 5.6000009 3.8466014e-07 -2.4000001
v 5.6000009 3.8466014e-07 -1.6
v 5.6000009 3.5000003 -1.6
v 5.6000009 4.0000003 -1.6
v 5.6000009 4.0000003 -2.4000001
v 5.6000009 0.50000036 -2.4000001
v 6.4000006 3.8466014e-07 -2.4000001
v 6.4000006 4.0000003 -2.4000001
v 6.4000006 0.50000036 -2.4000001
v 6.4000006 3.8466014e-07 -1.6
v 6.4000006 4.0000003 -1.6
v 6.4000006 0.50000036 -1.6
v 5.6000009 3.5000003 -2.4000001
v 6.4000006 3.5000003 -2.4000001
v 6.4000006 3.5000003 -1.6
v 5.6000009 0.50000036 -1.6
v -6.3463111 3.3999999 2.346312
v -6.3463111 3.3999999 1.6536877
v -5.6536865 3.3999999 1.6536877
v -5.6536865 3.3999999 2.346312
v -6.3463111 0.60000014 1.6536877
v -5.6536865 0.60000014 1.6536877
v -5.6536865 0.60000014 2.346312
v -6.3463111 0.60000014 2.346312
v -6.3999987 2.098146e-07 1.5999999
v -6.3999987 2.098146e-07 2.4000001
v -6.3999987 3.4999998 2.4000001
v -6.3999987 3.9999998 2.4000001
v -6.3999987 3.9999998 1.5999999
v -6.3999987 0.50000018 1.5999999
v -5.5999985 2.098146e-07 1.5999999
v -5.5999985 3.9999998 1.5999999
v -5.5999985 0.50000018 1.5999999
v -5.5999985 2.098146e-07 2.4000001
v -5.5999985 3.9999998 2.4000001
v -5.5999985 0.50000018 2.4000001
v -6.3999987 3.4999998 1.5999999
v -5.5999985 3.4999998 1.5999999
v -5.5999985 3.4999998 2.4000001
v -6.3999987 0.50000018 2.4000001
v -5.6536865 3.4000002 -1.6536876
v -6.3463111 3.4000002 -1.6536876
v -6.3463111 3.4000002 -2.346312
v -5.6536865 3.4000002 -2.346312
v -6.3463111 0.60000032 -1.6536877
v -6.3463111 0.60000032 -2.3463123
v -5.6536865 0.60000038 -2.346312
v -5.6536865 0.60000032 -1.6536877
v -6.3999987 3.4969104e-07 -1.6
v -5.5999985 3.8466014e-07 -1.5999999
v -5.599999 3.5000003 -1.5999998
v -5.599999 4.0000003 -1.5999998
v -6.3999991 4.0000003 -1.5999999
v -6.3999987 0.5000003 -1.6
v -6.3999987 3.8466014e-07 -2.4000001
v -6.3999987 4.0000003 -2.3999999
v -6.3999987 0.50000036 -2.4000001
v -5.5999985 4.1962925e-07 -2.3999999
v -5.5999985 4.0000003 -2.3999999
v -5.5999985 0.50000036 -2.3999999
v -6.3999991 3.5000003 -1.5999999
v -6.3999987 3.5000003 -2.3999999
v -5.5999985 3.5000003 -2.3999999
v -5.5999985 0.50000036 -1.5999999
v -1.6536868 3.3999999 6.3463125
v -2.3463111 3.3999999 6.3463125
v -2.3463111 3.3999999 5.6536875
v -1.6536866 3.3999999 5.6536875
v -2.3463111 0.59999996 6.3463125
v -2.3463111 0.60000002 5.6536875
v -1.6536865 0.60000002 5.6536875
v -1.6536866 0.60000002 6.3463125
v -2.3999989 0 6.3999996
v -1.5999988 3.4969048e-08 6.3999996
v -1.599999 3.4999998 6.3999996
v -1.599999 3.9999998 6.3999996
v -2.3999989 3.9999998 6.3999996
v -2.3999989 0.5 6.3999996
v -2.3999987 3.4969048e-08 5.5999999
v -2.3999989 3.9999998 5.5999999
v -2.3999987 0.50000003 5.5999999
v -1.5999987 6.9938167e-08 5.5999999
v -1.599999 3.9999998 5.5999999
v -1.5999988 0.50000006 5.5999999
v -2.3999989 3.4999998 6.3999996
v -2.3999989 3.4999998 5.5999999
v -1.599999 3.4999998 5.5999999
v -1.5999988 0.50000003 6.3999996
v 6.3463135 3.3999999 2.3463125
v 5.6536889 3.3999999 2.346312
v 5.6536889 3.3999999 1.6536877
v 6.3463135 3.3999999 1.653688
v 5.6536889 0.60000014 2.346312
v 5.6536889 0.60000014 1.6536877
v 6.3463135 0.6000002 1.6536877
v 6.3463135 0.60000014 2.346312
v 5.6000009 1.748455e-07 2.4000001
v 6.4000006 2.098146e-07 2.4000001
v 6.4000006 3.4999998 2.4000001
v 6.4000006 3.9999998 2.4000001
v 5.6000009 3.9999998 2.4000001
v 5.6000009 0.50000015 2.4000001
v 5.6000009 2.098146e-07 1.5999999
v 5.6000009 3.9999998 1.5999999
v 5.6000009 0.50000018 1.5999999
v 6.4000006 2.4478372e-07 1.5999999
v 6.4000006 3.9999998 1.6000001
v 6.4000006 0.50000024 1.5999999
v 5.6000009 3.4999998 2.4000001
v 5.6000009 3.4999998 1.5999999
v 6.4000006 3.4999998 1.6000001
v 6.4000006 0.50000018 2.4000001
v 2.346313 3.4000006 -5.6536875
v 1.6536887 3.4000006 -5.6536875
v 1.6536889 3.4000006 -6.346312
v 2.3463135 3.4000006 -6.346312
v 1.6536889 0.6000005 -5.6536875
v 1.6536889 0.60000056 -6.346312
v 2.3463135 0.60000056 -6.346312
v 2.3463135 0.60000056 -5.6536875
v 1.6000011 5.2453655e-07 -5.5999999
v 2.400001 5.5950565e-07 -5.5999999
v 2.400001 3.5000005 -5.5999994
v 2.400001 4.0000003 -5.5999994
v 1.6000009 4.0000003 -5.5999999
v 1.6000011 0.50000048 -5.5999999
v 1.6000011 5.5950565e-07 -6.4000001
v 1.6000011 4.0000003 -6.4000001
v 1.6000011 0.50000054 -6.4000001
v 2.400001 5.9447476e-07 -6.4000001
v 2.400001 4.0000003 -6.3999996
v 2.400001 0.5000006 -6.4000001
v 1.6000009 3.5000005 -5.5999999
v 1.6000011 3.5000005 -6.4000001
v 2.400001 3.5000005 -6.3999996
v 2.400001 0.50000054 -5.5999999
v -1.6536865 3.4000006 -6.346312
v -1.6536865 3.4000006 -5.6536875
v -2.3463111 3.4000006 -5.6536875
v -2.3463111 3.4000006 -6.346312
v -1.6536865 0.6000005 -5.6536875
v -2.3463111 0.6000005 -5.6536875
v -2.3463111 0.60000056 -6.346312
v -1.6536865 0.60000056 -6.346312
v -1.5999988 5.2453653e-07 -5.5999999
v -1.5999987 5.9447476e-07 -6.4000001
v -1.5999987 3.5000005 -6.3999996
v -1.5999987 4.0000003 -6.3999996
v -1.5999988 4.0000003 -5.5999994
v -1.5999988 0.50000048 -5.5999999
v -2.3999989 5.2453655e-07 -5.5999999
v -2.3999989 4.0000003 -5.5999994
v -2.3999989 0.50000048 -5.5999999
v -2.3999987 5.9447476e-07 -6.4000001
v -2.3999987 4.0000003 -6.3999996
v -2.3999987 0.5000006 -6.4000001
v -1.5999988 3.5000005 -5.5999994
v -2.3999989 3.5000005 -5.5999994
v -2.3999987 3.5000005 -6.3999996
v -1.5999987 0.5000006 -6.4000001
v -1.6536865 3.3999999 1.653688
v -1.6536865 3.3999999 2.3463125
v -2.3463111 3.3999999 2.3463125
v -2.3463111 3.3999999 1.653688
v -1.6536865 0.60000014 2.346312
v -2.3463111 0.60000014 2.346312
v -2.3463111 0.6000002 1.6536877
v -1.6536865 0.6000002 1.6536877
v -1.5999988 1.748455e-07 2.4000001
v -1.5999987 2.4478372e-07 1.5999999
v -1.5999987 3.4999998 1.6000001
v -1.5999987 3.9999998 1.6000001
v -1.5999988 3.9999998 2.4000001
v -1.5999988 0.50000015 2.4000001
v -2.3999989 1.748455e-07 2.4000001
v -2.3999989 3.9999998 2.4000001
v -2.3999989 0.50000015 2.4000001
v -2.3999987 2.4478372e-07 1.5999999
v -2.3999987 3.9999998 1.6000001
v -2.3999987 0.50000024 1.5999999
v -1.5999988 3.4999998 2.4000001
v -2.3999989 3.4999998 2.4000001
v -2.3999987 3.4999998 1.6000001
v -1.5999987 0.50000024 1.5999999
v 2.3463135 3.4000002 -2.3463118
v 2.3463135 3.4000002 -1.6536875
v 1.6536889 3.4000002 -1.6536875
v 1.6536889 3.4000002 -2.346312
v 2.3463135 0.60000032 -1.6536877
v 1.6536889 0.60000032 -1.6536877
v 1.6536889 0.60000038 -2.3463123
v 2.3463135 0.60000038 -2.346312
v 2.400001 3.4969103e-07 -1.5999999
v 2.400001 4.1962925e-07 -2.3999999
v 2.400001 3.5000003 -2.3999996
v 2.400001 4.0000003 -2.3999996
v 2.400001 4.0000003 -1.5999995
v 2.400001 0.5000003 -1.5999999
v 1.6000011 3.4969103e-07 -1.6000001
v 1.6000011 4.0000003 -1.5999998
v 1.6000011 0.5000003 -1.6
v 1.6000011 4.1962926e-07 -2.4000001
v 1.6000011 4.0000003 -2.3999996
v 1.6000011 0.50000036 -2.4000001
v 2.400001 3.5000003 -1.5999997
v 1.6000011 3.5000003 -1.5999998
v 1.6000011 3.5000003 -2.3999999
v 2.400001 0.50000036 -2.3999999
v 1.6536889 3.3999999 1.6536877
v 2.3463135 3.3999999 1.6536877
v 2.3463135 3.3999999 2.346312
v 1.6536889 3.3999999 2.346312
v 2.3463135 0.60000014 1.6536877
v 2.3463135 0.60000014 2.346312
v 1.6536889 0.60000014 2.346312
v 1.6536889 0.6000002 1.6536877
v 2.400001 2.098146e-07 1.5999999
v 1.6000011 2.4478372e-07 1.5999999
v 1.6000011 3.4999998 1.5999999
v 1.6000013 3.9999998 1.6000001
v 2.4000015 3.9999998 1.6000001
v 2.400001 0.50000018 1.5999999
v 2.400001 1.748455e-07 2.4000001
v 2.4000015 3.9999998 2.4000001
v 2.400001 0.50000015 2.4000001
v 1.6000011 2.098146e-07 2.4000001
v 1.6000013 3.9999998 2.4000001
v 1.6000011 0.50000018 2.4000001
v 2.400001 3.4999998 1.5999999
v 2.400001 3.4999998 2.4000001
v 1.6000011 3.4999998 2.4000001
v 1.6000011 0.50000024 1.5999999
vt 0.68320894 0.5034402
vt 0.99997127 -5.9604645e-08
vt 1 0
vt 0.61762494 0.56163198
vt 0.065822229 0.95281136
vt 0.66886675 0.44980022
vt 0.74350226 0.70425111
vt 0.5338757 0.30256236
vt 2.5868416e-05 0.061628163
vt 0.43528634 0.11320144
vt 0.43038109 0.028921127
vt -0.17210627 0.50041884
vt -0.11286631 0.41180006
vt 1.432532 0.44740814
vt 0.60507929 0.41238776
vt 0.32316753 0.50180167
vt 0.031329907 0.41180006
vt 1.0601245 0.41587746
vt 0.98758566 0.5004189
vt 0 0
vt 0.659217 0.10291141
vt -0.45073235 0.41180003
vt 0.50173783 1
vt 0.99626094 0.53504562
vt 0.74350238 0.18572773
vt 0.87807196 0.18425062
vt 1.1739689 0.5004189
vt 0.70243406 0.44980022
vt 0.2435853 0.50182837
vt 0.61431968 0.077249527
vt 0.70228964 0.5004189
vt 0.031329907 0.5001356
vt 0.67407733 0.90533632
vt 1 0
vt 0.50173783 1
vt 0.2638841 1.1621974
vt 0.01846981 1.0114049
vt 1 0
vt 0.50078785 0.44980022
vt 0.90417719 0.44980025
vt 0.58455575 0.60512865
vt 1.029917 0.5004189
vt 0.066008426 0.95227635
vt 0 0.20707971
vt 0.1470339 0.41457152
vt 0.25895521 0
vt 0.54161173 0.41587746
vt 1.1270609 0.5004189
vt 0.26651913 0.55111891
vt 0.34258366 0.060709655
vt 0.74350238 0.40706211
vt 0.097543091 0.44980022
vt -0.00037944317 1.0895715
vt 0.33792251 0.079084158
vt 0.7764321 0.50457662
vt -0.11286631 0.4481861
vt 1 0.55111891
vt 0.94060034 0.50042635
vt 0.25895521 0
vt 0.671875 0.40625
vt 0.81965053 0.5004189
vt 0.7764321 0.50457662
vt 0.97269261 1.0393867
vt 0.64037836 0.10343879
vt 0.25911927 0.41180006
vt 0.67908669 0.44965622
vt -0.085013226 0.53698963
vt 0.74073184 0.0039062798
vt -0.51626837 0.5364421
vt 0.12507126 0.53504556
vt -0.14842905 0.44773307
vt 0.4485296 0.04721576
vt 0.6666193 0.41180012
vt 0.57220715 0.44980022
vt 0.81962818 0.44980025
vt 0.97061968 0.17927653
vt 0.26393265 0.16772509
vt 0.74073184 0.0039062798
vt 0.78345239 0.70916784
vt 0.40397611 0.15644813
vt 1.432532 0.53746992
vt 0.37915671 0.08815378
vt 0.029380351 0.18025666
vt 0.94060034 0.44740811
vt 0.78345227 0.30252582
vt 0.74350238 0.50340664
vt 1.499269 0.50042623
vt 1 0.20193082
vt 0.40397611 0.12896389
vt 0.10766029 0.2053113
vt 0.21419853 0
vt 1.0298796 0.44980025
vt -0.0282197 0.50041884
vt 1.1270826 0.5004189
vt 0.74073178 0.0039062798
vt -0.3062959 0.41180006
vt 0.42228514 0.17459679
vt -1.6624108e-07 1.0000002
vt 1 0.40901053
vt 0.702411 0.44980022
vt 1 1
vt -0.028091073 0.44980022
vt 0.515625 0.203125
vt 1.1739689 0.44980025
vt 0.46736503 0.44980022
vt 0.042682573 0.44980022
vt -0.45073235 0.4481861
vt -0.00034284592 1.0115989
vt 0.12507126 0.41587743
vt 0.18216005 0.44980022
vt 0 0.203125
vt 0.296875 0.40625
vt 1.0721117 0.5004189
vt 0.7435469 1.12473
vt 1 1
vt 0.4375 0.40625
vt 0.515625 0.203125
vt -1.7881393e-07 0.99999976
vt 0.50087911 0.5004189
vt 0.26393265 -0.05322291
vt 0.26393241 1.0599761
vt 0.29239374 0.44740817
vt 1.432532 0.50042623
vt -0.3062959 0.5001356
vt 0.296875 0.40625
vt 0 0.203125
vt 0.44040793 0.40706211
vt 0.75 0.203125
vt 0.75 0
vt 1 0.40624219
vt 0.49595416 0.41028726
vt 0.75331122 1
vt 0 0.55115604
vt 0.40781161 0.076596797
vt 0.32316753 0.53504556
vt 0.75 0.203125
vt 0.75 0
vt 0.515625 0
vt -0.00034284592 0.0053359321
vt 0.45874679 0.45278448
vt 0.86452794 0.41587746
vt 0.25911927 0.50013566
vt 0.43528634 0.076600611
vt 0.49595416 0.44740817
vt 0.031329896 0.5364421
vt 0.81989765 0.44980025
vt 0.49595416 0.50042635
vt -0.51626837 0.4481861
vt 0.515625 0
vt 1.2950513 0.44980025
vt 0.62109464 0.10360718
vt 1.3419377 0.44980025
vt -0.12538493 0.50041884
vt 0.29928625 0.44980022
vt 1.3419377 0.5004189
vt 0.38377619 0.44773307
vt 0.99695551 -0.027693748
vt 0.86452794 0.50180167
vt 0.99695575 0.098960996
vt 0.97061986 0.17927632
vt 0.26393265 0.71542692
vt 0.81962818 0.5004189
vt -0.14842905 0.50182837
vt 0.70832837 0.53747004
vt 0.76552641 0.5004189
vt 0.38238117 0.56163174
vt 0.74350202 0.30256236
vt 0.32316756 0.44965622
vt 0.32316753 0.41587743
vt -0.3062959 0.5364421
vt 0.097687304 0.44980022
vt 0 0
vt 0.5009318 0.5004189
vt -0.45073235 0.5364421
vt 0.90417653 0.5004189
vt 0.097686768 0.5004189
vt 0.50173777 1
vt 0.85297179 0.41457176
vt 0.94060034 0.41028726
vt 1.1976331 0.44980025
vt 0 0
vt 0.24637583 1
vt 0.34258366 0.08815378
vt 1 0.55115604
vt 0.29928625 0.5004189
vt -0.17224926 0.44980022
vt 1 0.50457662
vt 0.68320894 0.5034402
vt -0.17227119 0.50041884
vt 0.49595416 0.53747004
vt 0.48590243 0.71542692
vt 0 0.55115604
vt 0.24637583 1
vt 0.67908669 0.50180167
vt 0.67407715 0.1014771
vt -0.11286631 0.5364421
vt 0.74350226 0.70425111
vt 1 0.50457662
vt 1 -5.9604645e-08
vt 0.98758566 0.44980025
vt 0.21875 0.203125
vt 0.671875 0.203125
vt -0.0003426075 0.70013523
vt 0.21419853 0.203125
vt 0.59792376 0.44980022
vt 1 0.203125
vt 1.2855051 0.44740814
vt 0 0.203125
vt 0 0
vt 0.75331116 1
vt -0.00037944317 -0.072636597
vt 0.10432041 0.81162328
vt 0.98758566 0.5004189
vt 0.063065231 0.12491626
vt 2.9802322e-08 0.203125
vt 0 0.203125
vt 1 0.203125
vt 0 0
vt 0.14010064 0.44980022
vt 0.26651913 0.50457662
vt 0.74350238 0.18572773
vt -0.12521994 0.50041884
vt 1.1739471 0.5004189
vt 0.70243406 0.44980022
vt 0.72526586 0.45278448
vt 0.7435025 1.0306822
vt 0.99997717 5.9604645e-08
vt 0.2923938 0.50042635
vt 0.23517889 0.40624219
vt 1.4992688 0.41028726
vt 0.99695575 0.40831438
vt 1.499269 0.44740811
vt 0.72526586 0.45278448
vt -0.0042038113 0.44980022
vt 0.72081113 -0.023634687
vt 0.38377619 0.41238776
vt 0.76552641 0.44980022
vt 0.23517889 0.40624219
vt 1.0000002 0.99999994
vt 1 1.0000002
vt 0.097543091 0.44980022
vt -0.11286631 0.4481861
vt 0.23517889 0.45278448
vt 0.94060034 0.53747004
vt 0.62734348 0.82108563
vt 0.38724911 0.1677247
vt 0.94060034 0.50042635
vt 0.055311039 0.41238776
vt 0.25911927 0.5364421
vt 0.46713853 0.41180012
vt 0.37915671 0.060704887
vt 0.64037836 0.10343879
vt 0.60507929 0.44773307
vt -0.0003426075 0.8920185
vt 0.65973353 0.10276884
vt 0.66886675 0.5004189
vt 0.50078785 0.5004189
vt -0.0003426075 0.2053113
vt 0.23517889 0.45278448
vt 1 0.203125
vt 0.38724923 0.83874315
vt 0.67908669 0.44965622
vt 0.62734336 0.18572773
vt 0.37523174 0.5084818
vt 0.44058365 0.15644431
vt 0.75 0
vt 2.9802322e-08 0.40625
vt 0.26393265 0.16772509
vt 1 0.203125
vt 0 1
vt 0.18221366 0.44980022
vt 0.088261604 0.32633621
vt 0.088204384 0.32633597
vt 1 -2.9802322e-08
vt 5.9604645e-08 0.50457662
vt 0.75 0
vt 1.432532 0.53746992
vt 2.9802322e-08 0.40625
vt -0.00034284592 0.31679958
vt 0.26562184 0.5004189
vt 0.6666193 0.53644216
vt -0.14842905 0.53698963
vt 0.40397611 0.12896389
vt 0.18216002 0.5004189
vt -0.17212766 0.44980022
vt 0.10766029 0.2053113
vt 2.9802322e-08 0.45278448
vt 1.1270826 0.5004189
vt 0.75 0.203125
vt 0.72526586 0.40624219
vt 0.49826211 0
vt 0.6666193 0.50013566
vt 0.81965113 0.44980025
vt 0.54161173 0.53504556
vt 0.38377619 0.50182837
vt 0.99695575 0.50584662
vt 2.9802322e-08 0.45278448
vt 1 0.45278448
vt 0.088261604 0.32633621
vt 0.042682573 0.44980022
vt -0.45073235 0.4481861
vt 0.72526586 0.40624219
vt 0.2638841 -0.15544493
vt 0.18221298 0.5004189
vt 0.75 0.203125
vt 0.49826211 0
vt 1.0879757 0.53746992
vt 1.1739689 0.5004189
vt 0.29239374 0.41028726
vt 0.40427226 0.5004189
vt 0.99997717 -1.4901161e-07
vt 0.097634017 0.44980022
vt 0.54161173 0.50180167
vt 0.49595416 0.41028726
vt 0.9041543 0.44980025
vt 0.029437989 0.17927632
vt 0.28604126 0.41617987
vt 0.32316753 0.53504556
vt 1.0304008 0.44980025
vt 0.59792376 0.5004189
vt -0.00034284592 0.0053359321
vt 1.0879757 0.41028726
vt 0.46713853 0.53644216
vt 0.031329896 0.5364421
vt 0.29943079 0.44980022
vt -0.0003426075 0.12491626
vt 0.065491922 0.95241892
vt 1 0.20193082
vt 0.80696833 0.53698963
vt 0.7435025 -0.023868755
vt 0.46713853 0.44818616
vt -0.12527227 0.50041884
vt 0.86452794 0.50180167
vt 0.99695623 0.82744312
vt 0.57220715 0.5004189
vt 0.50093246 0.44980022
vt 0 0
vt 0.99997151 -5.9604645e-08
vt 0.91173863 0.32633597
vt 0.72081113 1.0304481
vt 0 0
vt 0.68883169 0.60337919
vt 1.2855051 0.41028723
vt 1.6624108e-07 0.99999988
vt -0.064693928 0.44965619
vt 0.50173783 1
vt 0.26393265 0.92766833
vt 0.8703686 0.44980022
vt 0.65954733 0.10330385
vt 0.3823294 0.5616315
vt 0.26393265 0.5034402
vt -3.1769276e-05 0.061628163
vt -0.064693928 0.50180167
vt 0.26393265 0.605129
vt 0.12507126 0.44965622
vt 0.70832837 0.44740814
vt 1.0304229 0.5004189
vt 0.92538249 0.098960996
vt 0.46713853 0.50013566
vt 0.49997118 0.59104365
vt 0.74350238 0.82108575
vt 0.7764321 0.50457662
vt 0.54161173 0.44965622
vt 0.49595416 0.53747004
vt 0.25895521 0
vt 0.38238117 0.56163174
vt -0.085013226 0.44773307
vt 0.18206924 0.5004189
vt 1 0.20707971
vt 0.055311039 0.53698963
vt 0.90415406 0.5004189
vt 0.99695563 0.18425062
vt 1.432532 0.41028723
vt 0.28604126 0.60041702
vt 1 0
vt 0.92538261 0.91273218
vt 2.2083521e-05 1.4901161e-07
vt 0.26562184 0.44980022
vt 1 0.55111891
vt 1 0
vt 1.1270831 0.5004189
vt 0.063065231 0.12491626
vt 0.99999154 0.41238776
vt 0.671875 0.40625
vt 1.1739471 0.5004189
vt 0.35014802 0.44980022
vt 0.055311039 0.44773307
vt 0.6667785 0.077495456
vt 0.26651913 0.55111891
vt 1 0.55111891
vt 0.40421939 0.5004189
vt 0.54125321 0.50457662
vt 0.35014802 0.5004189
vt 0.97269189 -0.027693748
vt 0.671875 0.40625
vt 1.499269 0.44740811
vt 0.26651913 0.55111891
vt 0.80696833 0.41238776
vt 0.40780252 0.11320239
vt 0.44058365 0.12896866
vt 0.088254869 0.32633621
vt 0.2435853 0.44773307
vt 0.50002253 0.59104389
vt 0.38377619 0.41238776
vt 0.76552641 0.44980022
vt 0.54125321 0.50457662
vt 0.99695611 1.0393867
vt 0.99695623 0.70916784
vt 0.38238075 0.56163174
vt 0.19685084 0.70013511
vt -0.0003426075 0.60041702
vt 0.38724911 0.1677247
vt 0.055311039 0.41238776
vt 0.21419853 0
vt 0.296875 0.40625
vt 0.3823294 0.56163198
vt 1 0.40901053
vt 0.53387576 0.70425111
vt 0.70832837 0.41028723
vt 0.46713853 0.41180012
vt 0.75 0.203125
vt 0.61431968 0.12989789
vt 1.1269412 0.44980025
vt 1 0.40624219
vt 0.21419853 0
vt -0.51626837 0.41180003
vt -0.51626837 0.5001356
vt -0.064693987 0.53504556
vt -0.17218041 0.44980022
vt 0.58455563 0.40175048
vt 0.74073178 0.0039062798
vt 0.4375 0.40625
vt -0.0003426075 0.5084818
vt 0.2923938 0.53747004
vt -0.3062959 0.4481861
vt -0.064693928 0.4158774
vt 0.26562184 0.5004189
vt 1.0000002 1.0000002
vt 0.40412828 0.5004189
vt 0.70243347 0.5004189
vt 0.74073178 0.0039062798
vt 0.99695599 0.30252582
vt 0.097634017 0.5004189
vt 0.515625 0
vt 0 0.203125
vt 0.86452794 0.44965625
vt 0.74350238 0.90533632
vt 0.4375 0.40625
vt -0.17212766 0.44980022
vt 0.515625 0.203125
vt 2.9802322e-08 0.40624219
vt 0.14010064 0.50041884
vt 0.40427282 0.44980022
vt 1.9669533e-05 0.061628252
vt 0 0.203125
vt 0.75331122 1
vt 0.81965113 0.44980025
vt 0.74350238 0.59975117
vt 0.40289709 0.065516174
vt 0.59759194 0.44980022
vt 0 0.40964562
vt 2.9802322e-08 0.40624219
vt 0.25911927 0.44818616
vt 0.031329907 0.4481861
vt 0.45874679 0.45278448
vt 0.59421194 0.50584662
vt 0.28859603 1.0597219
vt 0.25895524 0
vt 0.75331122 1
vt 1.0879757 0.53746992
vt 0.34694028 0.50340712
vt 0.99626094 0.44965625
vt 0.45874679 0.45278448
vt 0.25895524 0
vt 0.29239374 0.41028726
vt 0.01846981 0.0055300049
vt 0.50173777 1
vt 0 0.55115604
vt -0.11286631 0.41180006
vt 0.64050096 0.12270868
vt 0.80696833 0.50182837
vt 0.14647326 0.41457152
vt 0.60507929 0.41238776
vt 0.031329907 0.41180006
vt 1 0
vt 0.28859603 -0.052968636
vt 0.99695563 0.60337919
vt -0.12536293 0.44980022
vt -0.12529439 0.44980022
vt -0.12524128 0.44980022
vt 0.24637583 1
vt 0.99626094 0.53504562
vt 0 0.40964562
vt 1.1739689 0.5004189
vt 0.29937726 0.5004189
vt 1 0
vt 0.46713853 0.53644216
vt 0.61431968 0.077249527
vt 0.70228964 0.5004189
vt 0.031329907 0.5001356
vt 0.6666193 0.44818616
vt -0.085013226 0.50182837
vt 0.46736509 0.5004189
vt 0.671875 0.203125
vt 0.065491922 0.95241892
vt 0.088255405 0.32633621
vt 2.9802322e-08 0.203125
vt 0.61767036 0.56163198
vt 0.2638841 1.1621974
vt 0 0
vt 0.75331116 1
vt 0.065822229 0.95281136
vt 0.671875 0.203125
vt 0.4375 0.203125
vt 0.43528634 0.11320144
vt 0.45874679 0.40624219
vt 0.99695623 0.82744312
vt 0.57220715 0.5004189
vt 0.99999154 0.50182837
vt 2.9802322e-08 0.203125
vt 0 0.203125
vt -0.00037944317 1.0895715
vt 0.36106974 0.10646677
vt 0.33792251 0.079084158
vt 0 0
vt 0 0
vt 0.75331116 1
vt 0.54125321 0.55111891
vt 0.21875 0
vt 0.4375 0.203125
vt 0.45874679 0.40624219
vt 0.21875 0.203125
vt 1.0601245 0.41587746
vt 0.54125321 0.55111891
vt 0.21875 0
vt 0.38965309 0.094890475
vt 0.25911927 0.41180006
vt 0.49826199 0
vt 0.21875 0.203125
vt 0.50002211 0.59104389
vt 0.21419853 0.203125
vt 0.8703686 0.5004189
vt 0.2435853 0.50182837
vt -0.14842905 0.44773307
vt -0.0042038113 0.50041884
vt 0.67407733 0.90533632
vt 1.0879757 0.50042635
vt 0.26651913 0.50457662
vt -0.028559923 0.50041884
vt 0.49826199 0
vt 0.54161173 0.44965622
vt 0.7764321 0.55111891
vt 0.86452794 0.53504556
vt 0.21419853 0.203125
vt 0.9117443 0.32633621
vt 0.37915671 0.08815378
vt 0.01846981 1.0114049
vt 0.12507126 0.50180167
vt 0.29943013 0.5004189
vt -0.085013226 0.44773307
vt 0.26651913 0.50457662
vt 1.499269 0.50042623
vt 0.72526586 0.45278448
vt 0.7764321 0.55111891
vt 0.34258366 0.060709655
vt 0.90415406 0.5004189
vt 0.147028 0.41457152
vt -2.8640032e-05 -5.9604645e-08
vt 0.702411 0.5004189
vt 0.26393265 0.079084158
vt 0.67908669 0.41587746
vt 0.40290177 0.028921127
vt 5.9604645e-08 0.55111891
vt 0.702411 0.44980022
vt 0.72526586 0.45278448
vt 0.40412828 0.44980022
vt 0.99999154 0.44773307
vt 0.36075103 0.10614961
vt 1.0879757 0.44740811
vt 0 1
vt 0.97269261 1.0393867
vt 5.9604645e-08 0.50457662
vt -0.00034284592 1.0115989
vt 0.75 0
vt 1.0601245 0.44965625
vt 5.9604645e-08 0.55111891
vt 1.0601245 0.50180167
vt 0.40421939 0.44980022
vt 0.26393241 1.0599761
vt 0.23517889 0.45278448
vt -0.028612494 0.50041884
vt 0.6666193 0.41180012
vt 0.99634755 1.1376847
vt 0.35014802 0.5004189
vt 1 0.203125
vt -2.9802322e-08 -1.3178214e-07
vt -0.14842905 0.41238776
vt 0 0.20193082
vt 0.23517889 0.45278448
vt 0.78345227 0.30252582
vt 0.60507929 0.50182837
vt 1 0.203125
vt 1.0721117 0.44980022
vt 0.99695611 1.0393867
vt 0.296875 0.203125
vt 2.9802322e-08 0.40625
vt 0.49826211 0
vt 1 0.40625
vt 0.70228964 0.44980022
vt 0.055311039 0.50182837
vt -0.3062959 0.41180006
vt 0.25911927 0.50013566
vt 0.43528634 0.076600611
vt 0.296875 0.203125
vt 0.24637589 1
vt 0.3818768 0.56163198
vt 0.99634731 -0.12599152
vt 0.70832837 0.41028723
vt 1.1739689 0.44980025
vt 1 0.40625
vt 0.46736503 0.44980022
vt 0.12507126 0.41587743
vt 1.1269412 0.44980025
vt 0.18216005 0.44980022
vt -0.12538493 0.50041884
vt 0.59759146 0.5004189
vt 0.7435469 1.12473
vt 0.33792275 0.92766857
vt 0.24637589 1
vt 1 0.45278448
vt 0.99695575 0.098960996
vt 0.50087911 0.5004189
vt 0.58455563 0.40175048
vt 0.097543091 0.5004189
vt 1.432532 0.50042623
vt 1 0.55115604
vt 0.81962818 0.5004189
vt -0.45073235 0.5001356
vt 0.76552641 0.5004189
vt 0.90415424 0.5004189
vt 2.9802322e-08 0.45278448
vt 1 0.45278448
vt 0.87807256 0.82744312
vt 0.097687304 0.44980022
vt 0.097686768 0.5004189
vt -0.085013226 0.41238776
vt 0.85297179 0.41457176
vt 1.1976331 0.44980025
vt 1.197633 0.5004189
vt 0.40289709 0.065516174
vt 0.81989765 0.44980025
vt 0.34258366 0.08815378
vt 0.29937726 0.44980022
vt 1.2950513 0.44980025
vt 1 0
vt 0.031329907 0.4481861
vt 0.68320894 0.5034402
vt 0.61761904 0.56163174
vt 0.81989765 0.5004189
vt 1.1270607 0.44980025
vt 0.29928625 0.44980022
vt -1.5366822e-07 1.0000002
vt 0.67407715 0.1014771
vt 0.66886675 0.44980022
vt -0.17215842 0.50041884
vt 1 0
vt 0.5338757 0.30256236
vt 0.43038109 0.028921127
vt 0.60507929 0.53698963
vt 1.2950513 0.5004189
vt 0.59792376 0.44980022
vt 1.432532 0.44740814
vt -0.14842905 0.50182837
vt 0.74350202 0.30256236
vt 0.031329907 0.41180006
vt 0.2435853 0.53698963
vt 0 0
vt 0.10432041 0.81162328
vt 1.1739471 0.44980025
vt 0.98758566 0.5004189
vt 1.2855051 0.53746992
vt 0.50087911 0.44980022
vt -0.45073235 0.5364421
vt 0.14010064 0.44980022
vt 0.59744745 0.44980022
vt 0.99626094 0.53504562
vt -0.12521994 0.50041884
vt 0.29937726 0.5004189
vt 0 0
vt 0.7435025 1.0306822
vt -0.00034284592 0.41618007
vt 0.2923938 0.50042635
vt 0.50173783 1
vt 1 0.99999976
vt 0.46736509 0.5004189
vt 0.99695575 0.40831438
vt -0.17224926 0.44980022
vt -0.0042038113 0.44980022
vt 0.67908669 0.53504556
vt 0.50173783 1
vt 1.029917 0.5004189
vt 1.1270609 0.5004189
vt 0.36106974 0.10646677
vt 0.25895521 0
vt 0.94060034 0.50042635
vt 0.7764321 0.50457662
vt 0.25911927 0.5364421
vt 0.81965053 0.5004189
vt 0.37915671 0.060704887
vt 0.64037836 0.10343879
vt 0.25895521 0
vt -0.0003426075 0.2053113
vt 0.50078785 0.5004189
vt 0.18206921 0.44980022
vt 0.7764321 0.50457662
vt 1.2855051 0.50042623
vt 0.74350238 0.18572773
vt 0.70243406 0.44980022
vt 0 0.40901053
vt 0.2435853 0.50182837
vt -0.14842905 0.44773307
vt 0.4485296 0.04721576
vt 0.74073184 0.0039062798
vt 0.26393265 0.16772509
vt 1.432532 0.53746992
vt 0.66672039 0.12938303
vt 1.6624108e-07 0.99999988
vt 0.99999994 -5.9604645e-08
vt 0.72081113 -0.023634687
vt 1 0.40964562
vt 0.50078785 0.44980022
vt 0.74073184 0.0039062798
vt 0.066008426 0.95227635
vt 1.499269 0.50042623
vt 0.18216002 0.5004189
vt 0.10766029 0.2053113
vt 0.097543091 0.44980022
vt -0.0282197 0.50041884
vt 0.54125321 0.50457662
vt 0.21419853 0
vt 0.6666193 0.50013566
vt -0.028091073 0.44980022
vt 0.38377619 0.50182837
vt -2.8818846e-05 -5.9604645e-08
vt 0.65973353 0.10276884
vt 0.042682573 0.44980022
vt -0.45073235 0.4481861
vt -0.00034284592 1.0115989
vt 1 1
vt 0.18221298 0.5004189
vt 0.515625 0.203125
vt 0.73531759 0.50280809
vt 0.67908669 0.44965622
vt -0.085013226 0.53698963
vt 0.99997169 -5.9604645e-08
vt 0.37523174 0.5084818
vt 0.296875 0.40625
vt 0.40421939 0.44980022
vt 0 0.203125
vt 1.0601245 0.53504562
vt 0.6666193 0.41180012
vt 1 1
vt -0.3062959 0.5001356
vt 0.515625 0.203125
vt 0.4375 0.40625
vt 0.85297179 0.41457152
vt 1 0.40624219
vt 1.0304008 0.5004189
vt 0.78345239 0.70916784
vt 0.097634017 0.44980022
vt 0.296875 0.40625
vt 0.49595416 0.41028726
vt 0.75 0.203125
vt 0.75 0
vt 0.74350238 0.50340664
vt 1 0
vt 1 0.40624219
vt 0.40781161 0.076596797
vt 0.28604126 0.41617987
vt 0.73526692 0.50280768
vt -0.00034284592 0.0053359321
vt 1.1270826 0.5004189
vt 0.75 0.203125
vt 0.75 0
vt 1 0.20707971
vt 0.49595416 0.44740817
vt 0.031329896 0.5364421
vt 0.42228514 0.17459679
vt 0.49595416 0.50042635
vt -0.51626837 0.4481861
vt 0.2435853 0.41238776
vt 0.46736503 0.44980022
vt 0.80696833 0.53698963
vt 0.515625 0
vt 0.12507126 0.41587743
vt 0.2638841 -0.15544493
vt 1.3419377 0.44980025
vt -0.12538493 0.50041884
vt 1.3419377 0.5004189
vt 0.38377619 0.53698963
vt 0.7435469 1.12473
vt 0.097543091 0.5004189
vt 0.50093246 0.44980022
vt 0.29239374 0.44740817
vt 1.432532 0.50042623
vt 0.515625 0
vt -2.2917986e-05 -1.4901161e-07
vt 0.81962818 0.5004189
vt 1 -8.9639798e-08
vt 0.26468164 0.50280768
vt 0.70832837 0.53747004
vt 0.76552641 0.5004189
vt 0.59744745 0.5004189
vt 1.2855051 0.41028723
vt 0.70832837 0.50042635
vt 0.9041543 0.44980025
vt 0.097687304 0.44980022
vt 0.50173777 1
vt 0.26393265 0.83874393
vt 0.32316753 0.53504556
vt 0.90417653 0.5004189
vt 0.26393265 0.5034402
vt 0 0
vt 0.25895524 0
vt 0.94060034 0.41028726
vt 0.50173777 1
vt 0.81989765 0.44980025
vt 0.34258366 0.08815378
vt 1.2950513 0.44980025
vt 0.85291457 0.41457152
vt 0.29928625 0.5004189
vt 0.74350238 0.82108575
vt 0 0
vt 0.24637583 1
vt 0.62109464 0.10360718
vt 0.49595416 0.53747004
vt 1 0.50457662
vt 0.67407715 0.1014771
vt 1 0.40901053
vt -0.11286631 0.5364421
vt 0.99695551 -0.027693748
vt 0.19685084 0.31679958
vt -0.12527227 0.50041884
vt 0.86452794 0.50180167
vt 0.24637583 1
vt 0.98758566 0.44980025
vt -0.0003426075 0.70013523
vt 1.432532 0.41028723
vt 0.75331116 1
vt 0.59792376 0.44980022
vt 0.26393253 0.29145283
vt 1 0.50457662
vt 0.671875 0.203125
vt 0.21419853 0.203125
vt 0 0.40964562
vt 2.9802322e-08 0.203125
vt 0 0.203125
vt 0 0
vt 0.75331116 1
vt 0.063065231 0.12491626
vt 0.088261813 0.32633597
vt 0.99695623 0.91273218
vt 0.59744745 0.44980022
vt 0.45874679 0.40624219
vt 0.48590231 0.29145283
vt 1.1739471 0.5004189
vt 2.9802322e-08 0.203125
vt 0.6667785 0.077495456
vt -0.064693928 0.50180167
vt 0 0.203125
vt 0 0
vt 1 0.203125
vt 0.92538249 0.098960996
vt 0.46713853 0.50013566
vt 0.4375 0.203125
vt 1.4992688 0.41028726
vt 0.85291481 0.41457152
vt 1 0.203125
vt 0.23517889 0.40624219
vt -0.17227119 0.50041884
vt 0.44058365 0.12896866
vt 0.40780252 0.11320239
vt 0.21875 0
vt 0.48590243 0.71542692
vt 0.67908669 0.50180167
vt -0.11286631 0.5001356
vt 0.50002885 0.59104365
vt 0.23517889 0.40624219
vt 0.99695623 0.70916784
vt 0.38724911 0.1677247
vt 0.4999716 0.59104341
vt -0.00037944317 -0.072636597
vt 0.055311039 0.41238776
vt 0.25911927 0.5364421
vt 0.60507929 0.44773307
vt -0.0003426075 0.8920185
vt 0.66886675 0.5004189
vt 0.99999154 0.41238776
vt 0.50078785 0.5004189
vt 0.23517889 0.45278448
vt 0.35014802 0.44980022
vt 0.055311039 0.44773307
vt 0.4303773 0.065070212
vt 0.44058365 0.15644431
vt 0.7764321 0.55111891
vt -1.3178214e-07 1.0000002
vt 1 0.203125
vt 0 1
vt 0.063065231 0.89201838
vt 5.9604645e-08 0.50457662
vt 0.042682454 0.50041884
vt 0.75 0
vt 0 0.40964562
vt 2.9802322e-08 0.40625
vt 5.9604645e-08 0.55111891
vt 1.499269 0.53746992
vt 0.2923938 0.53747004
vt 0.6176765 0.56163198
vt 0.80696833 0.41238776
vt 0 1
vt 0.66672039 0.12938303
vt 2.56598e-05 0.061628342
vt 0.72081113 -0.023634687
vt 0.70243347 0.5004189
vt 0.38377619 0.41238776
vt 0.76552641 0.44980022
vt 5.9604645e-08 0.50457662
vt 0.75 0
vt 1 0.55115604
vt 0.6666193 0.53644216
vt -3.1590462e-05 0.061628163
vt 2.9802322e-08 0.40625
vt -0.028703213 0.44980022
vt -0.14842905 0.53698963
vt 0.18216002 0.5004189
vt -0.17212766 0.44980022
vt 2.9802322e-08 0.45278448
vt 0.64029944 0.084128678
vt 0.75 0.203125
vt 0.72526586 0.40624219
vt 0.97061968 0.17927653
vt 0.25911927 0.44818616
vt 0.49826211 0
vt 0.46713853 0.41180012
vt 0.65973353 0.10276884
vt 0.73531806 0.50280809
vt 0.296875 0.203125
vt 1 -5.9604645e-08
vt 2.9802322e-08 0.45278448
vt 1.1738343 0.44980025
vt 0.62734336 0.18572773
vt 1 0.45278448
vt 0.34694028 0.50340712
vt 0 0.40964562
vt 0.72526586 0.40624219
vt 1.1739689 0.5004189
vt 0.75 0.203125
vt 0.49826211 0
vt -0.51626837 0.5001356
vt 0.99626094 0.44965625
vt 0.29239374 0.41028726
vt 1.0304008 0.5004189
vt 0.24637589 1
vt 0.54161173 0.50180167
vt -0.00034284592 0.31679958
vt 0.6935153 0.40831453
vt -0.12536293 0.44980022
vt 0.28604126 0.41617987
vt 0.74350238 0.90533632
vt 1.1270826 0.44980025
vt 1.0304008 0.44980025
vt 0.59792376 0.5004189
vt 1.0879757 0.41028726
vt 0.40427282 0.44980022
vt 0.74350226 0.1014771
vt 0.81965113 0.44980025
vt 0.74350238 0.59975117
vt 0.54161173 0.53504556
vt 0.29943079 0.44980022
vt 1 1.0000002
vt 0.147028 0.41457152
vt -0.0003426075 0.12491626
vt 0.065491922 0.95241892
vt 0.59421194 0.50584662
vt 1 0.55115604
vt 0.46713853 0.44818616
vt 0.7435469 -0.1179169
vt 1.0879757 0.53746992
vt 0.50093246 0.44980022
vt 0.99999154 0.50182837
vt 0.40427226 0.5004189
vt 0 0
vt 0.80696833 0.50182837
vt 0.72081113 1.0304481
vt 0.70832837 0.50042635
vt -0.028068721 0.44980022
vt -0.064693928 0.44965619
vt 0.26393265 0.92766833
vt -0.12529439 0.44980022
vt 1 0
vt 0.65954733 0.10330385
vt 0.26393265 0.5034402
vt 0.26393265 0.605129
vt 0.8703686 0.5004189
vt 0.70832837 0.44740814
vt -0.085013226 0.50182837
vt -0.0042038113 0.50041884
vt 0.74350238 0.82108575
vt -0.028559923 0.50041884
vt 0.7435025 -0.023868755
vt 0.12507126 0.50180167
vt 0.19685084 0.31679958
vt -0.12527227 0.50041884
vt 0.26473308 0.50280792
vt 0.44040805 0.59975117
vt 1.432532 0.41028723
vt 0.92538261 0.91273218
vt -0.0003426075 0.81162339
vt 0.67908669 0.41587746
vt 0.40290177 0.028921127
vt 1 0
vt 1 0.55115604
vt 0.40412828 0.44980022
vt 0.26562184 0.44980022
vt 0.36075103 0.10614961
vt 1.1270831 0.5004189
vt 0.8703686 0.44980022
vt 0.38965309 0.094890475
vt 0.80696833 0.44773307
vt 1 0.55111891
vt 1.0601245 0.44965625
vt 1 0
vt 1.0601245 0.50180167
vt 1 0
vt 0.6667785 0.077495456
vt 0.671875 0.40625
vt -0.028612494 0.50041884
vt 0.26651913 0.55111891
vt 0.99634755 1.1376847
vt 0.35014802 0.5004189
vt 1 0.55111891
vt 0.54125321 0.50457662
vt 0.86452794 0.53504556
vt 0.2435853 0.44773307
vt 0.671875 0.40625
vt 0.26651913 0.55111891
vt -0.11286631 0.5001356
vt -0.085013226 0.44773307
vt 0.26393276 0.40175048
vt 0.99626094 0.50180167
vt 0.055311039 0.53698963
vt 0.54125321 0.50457662
vt 0.90415406 0.5004189
vt 0.99695563 0.18425062
vt 0.702411 0.5004189
vt 0.74073184 0.0039062798
vt 0.19685084 0.70013511
vt 0.99999154 0.44773307
vt 0.99634731 -0.12599152
vt 1.0879757 0.44740811
vt 0.21419853 0
vt 0.61431968 0.12989789
vt 1.1269412 0.44980025
vt 0.35014802 0.44980022
vt 0.4303773 0.065070212
vt -0.51626837 0.41180003
vt 1 0.40624219
vt 0.58455563 0.40175048
vt 0.042682454 0.50041884
vt 0.40421939 0.5004189
vt 0.21419853 0
vt 0.97269189 -0.027693748
vt 0.74073178 0.0039062798
vt 1.029933 0.44980025
vt -0.0003426075 0.5084818
vt 0.2923938 0.53747004
vt 0.90415424 0.5004189
vt -0.3062959 0.4481861
vt -0.14842905 0.41238776
vt 0.80696833 0.41238776
vt 1 0.20193082
vt -0.064693928 0.4158774
vt 0.097634017 0.5004189
vt 0.515625 0.203125
vt 0.87807256 0.82744312
vt 0.60507929 0.50182837
vt 1.0721117 0.44980022
vt 0.74073178 0.0039062798
vt 0.86452794 0.44965625
vt 0 0.203125
vt -0.085013226 0.41238776
vt 1 1
vt 0.4375 0.40625
vt 0.515625 0.203125
vt 2.9802322e-08 0.40624219
vt 1.197633 0.5004189
vt 0.40289709 0.065516174
vt 0.64029944 0.084128678
vt 0.90415406 0.44980025
vt 0.59759194 0.44980022
vt 1 0.20707971
vt 0.29937726 0.44980022
vt 0.99999154 0.53698963
vt 0.97061288 0.18025696
vt 0 0.203125
vt 0.75331122 1
vt 0.031329907 0.4481861
vt 0.38232353 0.56163174
vt 0.4375 0.40625
vt 0.75 0
vt 0.28859603 1.0597219
vt 0.81989765 0.5004189
vt 2.9802322e-08 0.40624219
vt 1.1270607 0.44980025
vt 0.029431581 0.17927644
vt 0.34694028 0.50340712
vt 0.25895524 0
vt 0.33792275 0.92766857
vt -0.51626837 0.5001356
vt -0.064693987 0.53504556
vt 0.75331122 1
vt 0.60507929 0.53698963
vt 0.6176765 0.56163174
vt 0.01846981 0.0055300049
vt 1.2950513 0.5004189
vt 1 0.99999976
vt 0.45874679 0.45278448
vt 0.26467586 0.50280768
vt 0.25895524 0
vt 0.64050096 0.12270868
vt 0.99626094 0.41587746
vt 1.0000288 -5.9604645e-08
vt 0.50173777 1
vt 0.2435853 0.53698963
vt 0.99695599 0.30252582
vt 1.1739471 0.44980025
vt 0.99695563 0.60337919
vt 0.28859603 -0.052968636
vt -0.12536293 0.44980022
vt 1.2855051 0.53746992
vt 0.74350238 0.90533632
vt 1.1270826 0.44980025
vt 0.45874679 0.45278448
vt 1 0
vt 0.50087911 0.44980022
vt 0.14010064 0.50041884
vt 0.29937726 0.5004189
vt 0.74350226 0.1014771
vt 0.50002861 0.59104365
vt -0.00034284592 0.41618007
vt 1 0
vt 0.46736509 0.5004189
vt 0.59421194 0.50584662
vt 0.671875 0.203125
vt 0.67908669 0.53504556
vt 0.065822229 0.95281136
vt 0.43528634 0.11320144
vt 0 0
vt 0.75331116 1
vt 0.43038109 0.028921127
vt 0.99999154 0.50182837
vt -0.17210627 0.50041884
vt 0.36106974 0.10646677
vt -0.11286631 0.41180006
vt 0.45874679 0.40624219
vt 2.9802322e-08 0.203125
vt 0.60507929 0.41238776
vt 0 0
vt 0.54125321 0.55111891
vt 2.9802322e-08 -1.3178214e-07
vt 0.21875 0
vt 0.73527259 0.50280768
vt 0.32316753 0.50180167
vt 0.031329907 0.41180006
vt 0.4375 0.203125
vt 1.0601245 0.41587746
vt 0.45874679 0.40624219
vt 1 0.50457662
vt 0.21875 0.203125
vt 0.659217 0.10291141
vt -0.45073235 0.41180003
vt 0.61811721 0.5616315
vt 1.2855051 0.50042623
vt 0.99626094 0.53504562
vt 0.87807196 0.18425062
vt 0.54125321 0.55111891
vt 1.1739689 0.5004189
vt 0.21875 0
vt 0.4375 0.203125
vt 0.8703686 0.5004189
vt 0.2435853 0.50182837
vt 0.61431968 0.077249527
vt -0.085013226 0.50182837
vt 1 0.50457662
vt 0.21875 0.203125
vt 0.67407733 0.90533632
vt 0.21419853 0.203125
vt 1.0879757 0.50042635
vt 0 0.55115604
vt 0.26472646 0.50280809
vt 0 0.40901053
vt 0.2638841 1.1621974
vt 0.26651913 0.50457662
vt 0.01846981 1.0114049
vt 0.49826199 0
vt 0.50078785 0.44980022
vt 0.90417719 0.44980025
vt 0.58455575 0.60512865
vt 0.29943013 0.5004189
vt 0.21419853 0.203125
vt 0.066008426 0.95227635
vt 0.54161173 0.41587746
vt 1.1270609 0.5004189
vt 1 0.203125
vt 0.34258366 0.060709655
vt 0.74350238 0.40706211
vt 0.26651913 0.50457662
vt 0.147028 0.41457152
vt 0.49826199 0
vt 0.72526586 0.45278448
vt 0.7764321 0.55111891
vt 0.40290177 0.028921127
vt 0.23517889 0.40624219
vt 0.40412828 0.44980022
vt 0.36075103 0.10614961
vt 0.81965053 0.5004189
vt 0.97269261 1.0393867
vt 5.9604645e-08 0.55111891
vt 0.72526586 0.45278448
vt 0.7764321 0.55111891
vt 0.38965309 0.094890475
vt 0.029380351 0.17927632
vt -1.6624108e-07 1.0000002
vt 0.9117443 0.32633621
vt 1.0601245 0.44965625
vt 0 1
vt -0.085013226 0.53698963
vt 1.0601245 0.50180167
vt -0.51626837 0.5364421
vt 0.23517889 0.40624219
vt 0.12507126 0.53504556
vt 5.9604645e-08 0.50457662
vt 0.40421939 0.44980022
vt 5.9604645e-08 0.55111891
vt -0.14842905 0.44773307
vt 1.0601245 0.53504562
vt 0.4485296 0.04721576
vt 0.6666193 0.41180012
vt 0.57220715 0.44980022
vt 0.81962818 0.44980025
vt 0.23517889 0.45278448
vt 0.78345239 0.70916784
vt 0.40397611 0.15644813
vt 0.94060034 0.44740811
vt 0.78345227 0.30252582
vt 0.74350238 0.50340664
vt 1.499269 0.50042623
vt 0.99626094 0.50180167
vt 0.23517889 0.45278448
vt 1.0298796 0.44980025
vt -0.0282197 0.50041884
vt 1 0.203125
vt 0.296875 0.203125
vt 0.70228964 0.44980022
vt 0.055311039 0.50182837
vt -0.3062959 0.41180006
vt 2.9802322e-08 0.40625
vt 1 0.40625
vt 0.42228514 0.17459679
vt 0.702411 0.44980022
vt -0.028091073 0.44980022
vt 0.99634731 -0.12599152
vt 1.1739689 0.44980025
vt 1 0.203125
vt 1 -5.9604645e-08
vt 0.296875 0.203125
vt 0.46736503 0.44980022
vt 0.24637589 1
vt 0.12507126 0.41587743
vt 0.18216005 0.44980022
vt 2.9802322e-08 0.40625
vt 1 0.40625
vt 1.0721117 0.5004189
vt 0.7435469 1.12473
vt 0.50087911 0.5004189
vt 0.26393265 -0.05322291
vt 0.26393241 1.0599761
vt 0.097543091 0.5004189
vt 0.29239374 0.44740817
vt 1.432532 0.50042623
vt -0.3062959 0.5001356
vt 0.24637589 1
vt 0.44040793 0.40706211
vt 1.029933 0.44980025
vt 0.59744745 0.5004189
vt -0.14842905 0.41238776
vt 4.703179e-08 0.99999976
vt 2.8818846e-05 -5.9604645e-08
vt 0.87807256 0.82744312
vt 2.9802322e-08 0.45278448
vt 1 0.45278448
vt 0.26393265 0.83874393
vt 0.40781161 0.076596797
vt 0.75 0.203125
vt 0.14702821 0.41457152
vt 0.86452794 0.41587746
vt 1.197633 0.5004189
vt 1 0.45278448
vt 0.38232353 0.56163174
vt 0.49595416 0.44740817
vt 0.26473308 0.50280768
vt 0.81989765 0.44980025
vt 0.29937726 0.44980022
vt -0.51626837 0.4481861
vt 1.2950513 0.44980025
vt 0.99999154 0.53698963
vt 1.0000317 0.061628163
vt 0.38238096 0.56163198
vt 0.62109464 0.10360718
vt 1.1270607 0.44980025
vt 1.3419377 0.44980025
vt 0.29928625 0.44980022
vt 1.3419377 0.5004189
vt -0.12538493 0.50041884
vt -0.17215842 0.50041884
vt 0.91178972 0.32633621
vt 0.38377619 0.44773307
vt 0.99695551 -0.027693748
vt 0.5338757 0.30256236
vt 0.99695575 0.098960996
vt 0.60507929 0.53698963
vt 0 0
vt 0.26393265 0.71542692
vt 0 0.55115604
vt 1 0
vt 1.2950513 0.5004189
vt 0.26467586 0.50280768
vt -0.14842905 0.50182837
vt 0.26393253 0.29145283
vt 1 5.9604645e-08
vt 0.74350202 0.30256236
vt 0.32316756 0.44965622
vt 1 0
vt 0.32316753 0.41587743
vt -0.3062959 0.5364421
vt 0 0
vt 0.5009318 0.5004189
vt -0.45073235 0.5364421
vt 0.59744745 0.44980022
vt 0.90417653 0.5004189
vt 0.48590231 0.29145283
vt 1 0.55115604
vt 0.94060034 0.41028726
vt 0 0
vt 0.34258366 0.08815378
vt 0.29928625 0.5004189
vt -0.17224926 0.44980022
vt 0.68320894 0.5034402
vt -0.17227119 0.50041884
vt 0.67908669 0.53504556
vt 0.48590243 0.71542692
vt 0.67908669 0.50180167
vt 0.67407715 0.1014771
vt -0.11286631 0.5364421
vt 0.74350226 0.70425111
vt 0.50002885 0.59104365
vt 0.50173783 1
vt 0.43038109 0.028921127
vt 0.029437989 0.17927632
vt 0.98758566 0.44980025
vt -0.17210627 0.50041884
vt -0.0003426075 0.70013523
vt 1.0000287 5.9604645e-08
vt -1.1920929e-07 8.9406967e-08
vt 1.2855051 0.44740814
vt 1 1.0000002
vt -0.00037944317 -0.072636597
vt 0.50173783 1
vt 0.25895521 0
vt 0.10432041 0.81162328
vt 0 0.20193082
vt 0.98758566 0.5004189
vt 0.7764321 0.50457662
vt 0.85291457 0.41457152
vt 0.18206921 0.44980022
vt -0.45073235 0.41180003
vt 0.14010064 0.44980022
vt 1.2855051 0.50042623
vt 0.25895521 0
vt 0.74350238 0.18572773
vt 2.8610229e-05 5.9604645e-08
vt 0.70243406 0.44980022
vt -1.1920929e-07 1.0000002
vt 0.7764321 0.50457662
vt 0.2923938 0.50042635
vt 1.499269 0.53746992
vt 0.74073184 0.0039062798
vt -0.0042038113 0.44980022
vt 0.66672039 0.12938303
vt 0.50078785 0.44980022
vt 0.72081113 -0.023634687
vt 0.90417719 0.44980025
vt 0.066008426 0.95227635
vt -0.028703213 0.44980022
vt 0.74073184 0.0039062798
vt 0.54125321 0.50457662
vt 0.097543091 0.44980022
vt -0.11286631 0.4481861
vt 0.73527277 0.50280768
vt 0.26651913 0.55111891
vt 0.94060034 0.53747004
vt 0.62734348 0.82108563
vt 1 0.55111891
vt 0.54125321 0.50457662
vt 0.25911927 0.5364421
vt 0.81965053 0.5004189
vt 0.37915671 0.060704887
vt 0.64037836 0.10343879
vt -0.0003426075 0.8920185
vt 0.65973353 0.10276884
vt 0.66886675 0.5004189
vt 0.50078785 0.5004189
vt -0.0003426075 0.2053113
vt 0.38724923 0.83874315
vt 0.67908669 0.44965622
vt 0.62734336 0.18572773
vt 1 1
vt 0.37523174 0.5084818
vt 0.44058365 0.15644431
vt 1.0601245 0.53504562
vt 0.4485296 0.04721576
vt 0.57220715 0.44980022
vt 0.81962818 0.44980025
vt 0.26393265 0.16772509
vt 0.088204175 0.32633597
vt 0.18221366 0.44980022
vt 1.0304008 0.5004189
vt 1 1
vt 1.432532 0.53746992
vt 0.515625 0.203125
vt -0.00034284592 0.31679958
vt 0.26472712 0.50280809
vt 1.0000316 0.061628342
vt 0.296875 0.40625
vt 0.6935153 0.40831453
vt -3.1769276e-05 0.061628044
vt -0.14842905 0.53698963
vt 0.40397611 0.12896389
vt 0.75 0.203125
vt 0.18216002 0.5004189
vt 0.75 0
vt 1 0.40624219
vt 1.1270826 0.5004189
vt 0.296875 0.40625
vt 2.5868416e-05 0.061628163
vt 0.42228514 0.17459679
vt 0.6666193 0.50013566
vt 0.54161173 0.53504556
vt 0.75 0.203125
vt 0.2435853 0.41238776
vt -0.028091073 0.44980022
vt 0.75 0
vt 1 0.40624219
vt 0.99695575 0.50584662
vt 0.042682573 0.44980022
vt -0.45073235 0.4481861
vt 0.2638841 -0.15544493
vt 0.18221298 0.5004189
vt 0.38377619 0.53698963
vt 0.7435469 -0.1179169
vt 1 0.40964562
vt 0.515625 0
vt 1.1739689 0.5004189
vt 0.29239374 0.44740817
vt 2.9802322e-08 0.40624219
vt 0.40427226 0.5004189
vt 0.70832837 0.53747004
vt 0.59744745 0.5004189
vt 0.097634017 0.44980022
vt 0.515625 0
vt 0.70832837 0.50042635
vt 0.9041543 0.44980025
vt 2.9802322e-08 0.40624219
vt -0.028068721 0.44980022
vt 0.28604126 0.41617987
vt 0.32316753 0.53504556
vt 0.25895524 0
vt 1.0304008 0.44980025
vt 0.59792376 0.5004189
vt 0.50173777 1
vt 0.49997729 0.59104389
vt 1.0879757 0.41028726
vt 0 0.20707971
vt 0.49595416 0.44740817
vt 0 1.0000001
vt 1.7881393e-07 1.0000002
vt 0.25895524 0
vt 0.99997413 0.061628044
vt -0.0003426075 0.12491626
vt 0.50173777 1
vt 0.26468164 0.50280768
vt 0.7435025 -0.023868755
vt 0.46713853 0.44818616
vt 1.3419377 0.44980025
vt 1.3419377 0.5004189
vt 0.24637583 1
vt 1 0
vt 0.38377619 0.44773307
vt 0.19685084 0.31679958
vt -0.12527227 0.50041884
vt 0.26473308 0.50280792
vt 0.86452794 0.50180167
vt 0.44040805 0.59975117
vt 0.50093246 0.44980022
vt 1 0.50457662
vt 0.26393265 0.71542692
vt 0.671875 0.203125
vt 0.24637583 1
vt 0.26393253 0.29145283
vt 0.75331116 1
vt 1 0.50457662
vt 0.68883169 0.60337919
vt 0.671875 0.203125
vt 0.45874679 0.40624219
vt -0.064693928 0.44965619
vt 0.26393265 0.92766833
vt 0.8703686 0.44980022
vt 0.5009318 0.5004189
vt 0.99695623 0.91273218
vt 2.9802322e-08 0.203125
vt 0.26393265 0.5034402
vt 0.48590231 0.29145283
vt 0.75331116 1
vt -0.064693928 0.50180167
vt 0.26393265 0.605129
vt 0.45874679 0.40624219
vt 0.12507126 0.44965622
vt 0.14708543 0.41457176
vt 1.0304229 0.5004189
vt 2.9802322e-08 0.203125
vt 0.92538249 0.098960996
vt 0.46713853 0.50013566
vt 0 0.203125
vt 0 0
vt 1 0.203125
vt 0.21875 0
vt -0.17227119 0.50041884
vt 0.4375 0.203125
vt 0.14708543 0.41457152
vt 0.49595416 0.53747004
vt 1 0.20707971
vt 0.48590243 0.71542692
vt 0 0.40901053
vt 1 0.203125
vt -0.11286631 0.5364421
vt 0 0.203125
vt 0.23517889 0.40624219
vt 0 0
vt -0.11286631 0.5001356
vt 0.54125321 0.55111891
vt 0.21875 0
vt 0.26393276 0.40175048
vt 0.18206924 0.5004189
vt 0.055311039 0.53698963
vt 0.98758566 0.44980025
vt 0.99695563 0.18425062
vt 0.28604126 0.60041702
vt 1.2855051 0.44740814
vt 0.23517889 0.40624219
vt -0.00037944317 -0.072636597
vt 0.26562184 0.44980022
vt 0.49826199 0
vt 0.60507929 0.44773307
vt 0.99997437 0.061628044
vt 0.99999154 0.41238776
vt 0.73532414 0.50280792
vt 0.35014802 0.44980022
vt 0.055311039 0.44773307
vt 0.4303773 0.065070212
vt 0.6667785 0.077495456
vt 0.61762494 0.56163198
vt 0.26651913 0.50457662
vt 0.063065231 0.89201838
vt 0.7764321 0.55111891
vt 0.042682454 0.50041884
vt 0.40421939 0.5004189
vt 0.97269189 -0.027693748
vt 0 1
vt 1.499269 0.44740811
vt 5.9604645e-08 0.50457662
vt 0.80696833 0.41238776
vt 0.40780252 0.11320239
vt 0.44058365 0.12896866
vt 5.9604645e-08 0.55111891
vt 2.9802322e-08 0.40625
vt 0.91179603 0.32633621
vt 0.38377619 0.41238776
vt 0.76552641 0.44980022
vt 0.6666193 0.53644216
vt 0 1
vt -0.028703213 0.44980022
vt 5.9604645e-08 0.50457662
vt 0.75 0
vt 0.91179585 0.32633621
vt 0.26473308 0.50280792
vt 5.9604645e-08 0.55111891
vt 0.19685084 0.70013511
vt -0.0003426075 0.60041702
vt 0.64029944 0.084128678
vt 0.90415406 0.44980025
vt 0.75 0
vt 0.73532414 0.50280768
vt 0.53387576 0.70425111
vt 0.46713853 0.41180012
vt -0.0003426075 0.8920185
vt 2.8818846e-05 -5.9604645e-08
vt 0.75 0.203125
vt 0.72526586 0.40624219
vt 0.61766976 0.56163198
vt 0.38724923 0.83874315
vt 0 0.40964562
vt 1.1738343 0.44980025
vt -0.51626837 0.5001356
vt -0.064693987 0.53504556
vt -0.17218041 0.44980022
vt 0.296875 0.203125
vt 2.9802322e-08 0.45278448
vt 0.75 0.203125
vt 0.72526586 0.40624219
vt -2.5868416e-05 0.061628252
vt 0.49826211 0
vt 0 0.20193082
vt -0.0003426075 0.5084818
vt 0.2923938 0.53747004
vt 1.0000288 -5.9604645e-08
vt 0.54161173 0.50180167
vt -0.3062959 0.4481861
vt -0.00034284592 0.31679958
vt 0.26562184 0.5004189
vt -0.064693928 0.4158774
vt 0.40412828 0.5004189
vt 0.99695599 0.30252582
vt 0 0.55115604
vt 0.6935153 0.40831453
vt 0.097634017 0.5004189
vt 0.24637589 1
vt 0.49826211 0
vt 1 0.40625
vt 0.6176765 0.56163174
vt -0.14842905 0.53698963
vt 0.74350238 0.90533632
vt 1.1270826 0.44980025
vt -0.17212766 0.44980022
vt 0.14010064 0.50041884
vt 0.40427282 0.44980022
vt 0.74350226 0.1014771
vt 0.81965113 0.44980025
vt 0.74350238 0.59975117
vt 0.54161173 0.53504556
vt 0.99998003 0.061628252
vt 0.59421194 0.50584662
vt 0.28859603 1.0597219
vt 1.0879757 0.53746992
vt 0.6176765 0.56163174
vt 0.49997139 0.59104341
vt -0.11286631 0.41180006
vt 0.64050096 0.12270868
vt 0.80696833 0.50182837
vt 0.60507929 0.41238776
vt 0.32316753 0.50180167
vt 1 0
vt 0.99695563 0.60337919
vt -0.028068721 0.44980022
vt 0.28859603 -0.052968636
vt -0.12536293 0.44980022
vt -0.12529439 0.44980022
vt -1.1920929e-07 -8.9406967e-08
vt 0.659217 0.10291141
vt -0.12524128 0.44980022
vt 0.59792376 0.5004189
vt 1.1739689 0.5004189
vt 1 0
vt 0.46713853 0.53644216
vt 0.61431968 0.077249527
vt 0.70228964 0.5004189
vt 0.031329907 0.5001356
vt 0.6666193 0.44818616
vt -0.085013226 0.50182837
vt 0 0
vt 2.9802322e-08 -1.6624108e-07
vt 1.0000257 0.061628252
vt 0.7435025 -0.023868755
vt 0.2638841 1.1621974
vt 0.58455575 0.60512865
vt 0.99695623 0.82744312
vt 0.54161173 0.41587746
vt 0.57220715 0.5004189
vt 0.99999154 0.50182837
vt 0.74350238 0.40706211
vt -0.00037944317 1.0895715
vt 0.33792251 0.079084158
vt -0.0003426075 0.81162339
vt 0.088204175 0.32633597
vt -0.064693928 0.44965619
vt 1.1270831 0.5004189
vt 0.8703686 0.44980022
vt 0.38965309 0.094890475
vt 0.80696833 0.44773307
vt 0.25911927 0.41180006
vt -0.51626837 0.5364421
vt 0.26393265 0.605129
vt 0.12507126 0.53504556
vt 0.8703686 0.5004189
vt 1 0.55111891
vt 1 0
vt 1.0304229 0.5004189
vt -0.0042038113 0.50041884
vt 1.0879757 0.50042635
vt 0.49997118 0.59104365
vt 0.54161173 0.44965622
vt 0.671875 0.40625
vt 0.40397611 0.15644813
vt 0.26651913 0.55111891
vt 0.86452794 0.53504556
vt 0.37915671 0.08815378
vt 1 0
vt 0.94060034 0.44740811
vt 1 0.55111891
vt 0.12507126 0.50180167
vt 0.54125321 0.50457662
vt 0.29943013 0.5004189
vt -0.085013226 0.44773307
vt 0.99626094 0.50180167
vt 0.671875 0.40625
vt 0.055311039 0.53698963
vt 0.26651913 0.55111891
vt 0.90415406 0.5004189
vt 0.99695563 0.18425062
vt 0.702411 0.5004189
vt 0.26393265 0.079084158
vt 0.67908669 0.41587746
vt -2.9802322e-08 1.6624108e-07
vt 0.40290177 0.028921127
vt 0.702411 0.44980022
vt 0.74073184 0.0039062798
vt 0.99999964 1.0000001
vt 0.99999154 0.44773307
vt 0.26562184 0.44980022
vt 0.40412828 0.44980022
vt 1.0879757 0.44740811
vt 0.26467568 0.50280768
vt -2.2917986e-05 5.9604645e-08
vt 0.21419853 0
vt 0.26393241 1.0599761
vt -0.028612494 0.50041884
vt 0.35014802 0.5004189
vt 1 0.40964562
vt 0.44040793 0.40706211
vt 1.029933 0.44980025
vt 1 1.0000002
vt 0.21419853 0
vt -0.14842905 0.41238776
vt 0.74073178 0.0039062798
vt 0.60507929 0.50182837
vt 1.0721117 0.44980022
vt 0.99695611 1.0393867
vt 0.86452794 0.44965625
vt 1 1
vt 0.515625 0.203125
vt 0.74073178 0.0039062798
vt 0.70228964 0.44980022
vt 0.055311039 0.50182837
vt 0.19685084 0.70013511
vt 0.86452794 0.41587746
vt 0.25911927 0.50013566
vt 0.43528634 0.076600611
vt 0 0.203125
vt 0 0.40901053
vt 0.90415406 0.44980025
vt 0.59759194 0.44980022
vt 1 1
vt 0.4375 0.40625
vt 0.99999154 0.53698963
vt 0.515625 0.203125
vt 2.9802322e-08 0.40624219
vt 0.53387576 0.70425111
vt 0.70832837 0.41028723
vt 0.99634731 -0.12599152
vt 0.38232353 0.56163174
vt 0.296875 0.40625
vt 1.1269412 0.44980025
vt 0 0.203125
vt 0.75331122 1
vt 0.75 0.203125
vt 0.59759146 0.5004189
vt 0.4375 0.40625
vt 0.33792275 0.92766857
vt 0.75 0
vt 2.9802322e-08 0.40624219
vt -0.17218041 0.44980022
vt 0.99695575 0.098960996
vt -0.45073235 0.5001356
vt 0.75331122 1
vt 0.26467586 0.50280768
vt -0.0003426075 0.5084818
vt 1 0
vt 0.99626094 0.41587746
vt -0.3062959 0.4481861
vt -0.064693928 0.4158774
vt 0.40412828 0.5004189
vt 0.45874679 0.45278448
vt 0.25895524 0
vt 0.1470339 0.41457152
vt 0.87807256 0.82744312
vt 0.32316753 0.41587743
vt -0.3062959 0.5364421
vt 0.515625 0
vt 0.097686768 0.5004189
vt 0.14010064 0.50041884
vt -0.085013226 0.41238776
vt 0.45874679 0.45278448
vt 1 0
vt 1.1976331 0.44980025
vt 1.197633 0.5004189
vt 0.40289709 0.065516174
vt 1 0.40964562
vt 0.29937726 0.44980022
vt 1.0000317 0.061628163
vt 0.029380143 0.18025666
vt 0.031329907 0.4481861
vt 1 0
vt 0.68320894 0.5034402
vt 0.28859603 1.0597219
vt 0.81989765 0.5004189
vt -0.17215842 0.50041884
vt 0.66886675 0.44980022
vt 0.74350226 0.70425111
vt 0.5338757 0.30256236
vt 0.671875 0.203125
vt 0.43528634 0.11320144
vt 0.43038109 0.028921127
vt 0.60507929 0.53698963
vt -0.17210627 0.50041884
vt 1.2950513 0.5004189
vt 0 0
vt 1.432532 0.44740814
vt 0.45874679 0.40624219
vt 0.74350202 0.30256236
vt 0.32316753 0.50180167
vt 0.031329907 0.41180006
vt 0.10432041 0.81162328
vt 0.97056222 0.18025666
vt 0.99695563 0.60337919
vt 0.28859603 -0.052968636
vt 1.0601245 0.41587746
vt 0 0
vt 0.98758566 0.5004189
vt 0.54125321 0.55111891
vt 0.50087911 0.44980022
vt 0.4375 0.203125
vt -0.45073235 0.41180003
vt 0.14010064 0.44980022
vt 0.61811721 0.5616315
vt 0.99626094 0.53504562
vt 0.87807196 0.18425062
vt -0.12521994 0.50041884
vt 1 0.50457662
vt 0.7435025 1.0306822
vt -0.00034284592 0.41618007
vt 0.70228964 0.5004189
vt 0.2923938 0.50042635
vt 0.031329907 0.5001356
vt 0.54125321 0.55111891
vt 0.21875 0
vt 0.46736509 0.5004189
vt 1 0.50457662
vt 0.99695575 0.40831438
vt -0.17224926 0.44980022
vt 0.21875 0.203125
vt 0.21419853 0.203125
vt -0.0042038113 0.44980022
vt 0.67908669 0.53504556
vt 0.90417719 0.44980025
vt 0.58455575 0.60512865
vt 1.029917 0.5004189
vt 0.26651913 0.50457662
vt 0.49826199 0
vt 1.1270609 0.5004189
vt 0.21875 0.203125
vt 0.34258366 0.060709655
vt 0.21419853 0.203125
vt 0.36106974 0.10646677
vt 1 0.40964562
vt -0.11286631 0.4481861
vt 0.91179603 0.32633597
vt 1 0.203125
vt 1.0000287 5.9604645e-08
vt 0 0
vt 0.62734348 0.82108563
vt 0.26651913 0.50457662
vt 0.94060034 0.50042635
vt 0.49826199 0
vt 0.72526586 0.45278448
vt 0.7764321 0.55111891
vt 0.81965053 0.5004189
vt 0.37915671 0.060704887
vt 0.64037836 0.10343879
vt 2.2619963e-05 5.9604645e-08
vt -0.0003426075 0.2053113
vt 0.23517889 0.40624219
vt 0.18206921 0.44980022
vt 1.2855051 0.50042623
vt 5.9604645e-08 0.55111891
vt 0.72526586 0.45278448
vt 0.12507126 0.53504556
vt -0.14842905 0.44773307
vt 0.4485296 0.04721576
vt 0.57220715 0.44980022
vt 0.23517889 0.40624219
vt 0.81962818 0.44980025
vt 0.26393265 0.16772509
vt 1.0879757 0.50042635
vt 0.18221366 0.44980022
vt 1.432532 0.53746992
vt 0.37915671 0.08815378
vt 0.94060034 0.44740811
vt 0.23517889 0.45278448
vt 0.29943013 0.5004189
vt 0.029431045 0.18025696
vt 1.499269 0.50042623
vt 0.40397611 0.12896389
vt 0.10766029 0.2053113
vt 1.0298796 0.44980025
vt -0.0282197 0.50041884
vt 0.23517889 0.45278448
vt 1 0.203125
vt 0.6666193 0.50013566
vt 0.296875 0.203125
vt -0.028091073 0.44980022
vt 0.38377619 0.50182837
vt 1.1739689 0.44980025
vt 2.9802322e-08 0.40625
vt 1.0000229 1.4901161e-07
vt 0.042682573 0.44980022
vt -0.45073235 0.4481861
vt -0.00034284592 1.0115989
vt 0.18216005 0.44980022
vt 0.18221298 0.5004189
vt 1 0.203125
vt 1.0721117 0.5004189
vt 0.37523174 0.5084818
vt 0.24637589 1
vt 0.40421939 0.44980022
vt 2.9802322e-08 0.40625
vt 0.26393265 -0.05322291
vt 1 0.40625
vt 0.26393241 1.0599761
vt 1.0601245 0.53504562
vt -0.3062959 0.5001356
vt 0.44040793 0.40706211
vt 0.097634017 0.44980022
vt 1 0.40625
vt 0.49595416 0.41028726
vt 2.9802322e-08 0.45278448
vt 0.99999994 0.99999988
vt 0.72526586 0.40624219
vt 0.97056812 0.17927644
vt 0.91178906 0.32633621
vt 0.40781161 0.076596797
vt 0.97056222 0.17927632
vt 2.9802322e-08 0.45278448
vt 1 0.45278448
vt -0.00034284592 0.0053359321
vt 0.70228964 0.44980022
vt 0.86452794 0.41587746
vt 0.75 0.203125
vt 0.43528634 0.076600611
vt 0.49826211 0
vt 0.49595416 0.44740817
vt 0.031329896 0.5364421
vt 0.49595416 0.50042635
vt -0.51626837 0.4481861
vt 0.2435853 0.41238776
vt 1 0.45278448
vt 0.80696833 0.53698963
vt 1.3419377 0.44980025
vt -0.12538493 0.50041884
vt 1.3419377 0.5004189
vt 0.38377619 0.53698963
vt 0.85296524 0.41457194
vt 0.38377619 0.44773307
vt 0.097543091 0.5004189
vt 0.26393265 0.71542692
vt 0.81962818 0.5004189
vt 1.0000005 1.0000002
vt 0.70832837 0.53747004
vt 0.76552641 0.5004189
vt 0.59744745 0.5004189
vt 1 0
vt 0.99997455 0.061628044
vt 0.32316756 0.44965622
vt 1.2855051 0.41028723
vt 0.9041543 0.44980025
vt 0.32316753 0.41587743
vt -0.3062959 0.5364421
vt 0.097687304 0.44980022
vt 0.26393265 0.83874393
vt 0.99999988 8.9406967e-08
vt 0.5009318 0.5004189
vt 0.90417653 0.5004189
vt 0.097686768 0.5004189
vt 0 0
vt 0.94060034 0.41028726
vt 1.1976331 0.44980025
vt 0.34258366 0.08815378
vt 0.29928625 0.5004189
vt 0 0
vt 0.61761904 0.56163174
vt 0.49595416 0.53747004
vt 0.67407715 0.1014771
vt -0.17215842 0.50041884
vt -0.11286631 0.5364421
vt 0.98758566 0.44980025
vt -0.0003426075 0.70013523
vt 0.73526692 0.50280768
vt 0.50173783 1
vt 0.59792376 0.44980022
vt 0.26393253 0.29145283
vt 1.2855051 0.44740814
vt 0.10432041 0.81162328
vt 0.38237423 0.56163198
vt 0.50173783 1
vt 0.25895521 0
vt 0.063065231 0.12491626
vt 0.99695623 0.91273218
vt 0.14010064 0.44980022
vt 0.59744745 0.44980022
vt 0.7764321 0.50457662
vt 0.48590231 0.29145283
vt -0.12521994 0.50041884
vt 1.1739471 0.5004189
vt 4.703179e-08 1
vt -0.064693928 0.50180167
vt 0.7435025 1.0306822
vt 0.2923938 0.50042635
vt 0.25895521 0
vt 0.92538249 0.098960996
vt 1.4992688 0.41028726
vt 0.7764321 0.50457662
vt 0.99695575 0.40831438
vt 1.499269 0.44740811
vt -0.0042038113 0.44980022
vt 0.44058365 0.12896866
vt 0.40780252 0.11320239
vt 0.74073184 0.0039062798
vt -1.1920929e-07 -8.9406967e-08
vt 0.85353267 0.41457152
vt 0.99695623 0.70916784
vt 1 0
vt 0.94060034 0.53747004
vt -0.0003426075 0.60041702
vt 0.62734348 0.82108563
vt 0.38724911 0.1677247
vt 0.055311039 0.41238776
vt 0.26651913 0.55111891
vt 0.25911927 0.5364421
vt 1 0.55111891
vt 0.37915671 0.060704887
vt 0.60507929 0.44773307
vt -0.0003426075 0.2053113
vt -0.0003426075 0.8920185
vt 0.66886675 0.5004189
vt 0.50078785 0.5004189
vt 0.18206921 0.44980022
vt 0.54125321 0.50457662
vt 0.73532414 0.50280792
vt 0.38724923 0.83874315
vt 0.671875 0.40625
vt 0.44058365 0.15644431
vt 0.063065231 0.89201838
vt 0.54125321 0.50457662
vt 1 -5.9604645e-08
vt 0.18221366 0.44980022
vt 1.499269 0.53746992
vt 0.26562184 0.5004189
vt 0.66672039 0.12938303
vt 0.70243347 0.5004189
vt 1 1
vt 0.6666193 0.53644216
vt 0.029386252 0.17927644
vt -0.028703213 0.44980022
vt -0.14842905 0.53698963
vt 0.18216002 0.5004189
vt -0.17212766 0.44980022
vt 0.296875 0.40625
vt 0.75 0.203125
vt 0.75 0
vt 1 0.40624219
vt 0.6666193 0.50013566
vt 0.21419853 0
vt 0.38377619 0.50182837
vt 0.296875 0.40625
vt 0.25911927 0.44818616
vt 0.99695575 0.50584662
vt 0.74073178 0.0039062798
vt 0.75 0.203125
vt 0.2638841 -0.15544493
vt 0.18221298 0.5004189
vt 1 0.40624219
vt 1.1738343 0.44980025
vt 1.1739689 0.5004189
vt 0 0.20193082
vt 0.99626094 0.44965625
vt 0.515625 0
vt 0.29239374 0.41028726
vt 0.088209867 0.32633621
vt 1.0304008 0.5004189
vt 0.4375 0.40625
vt 0.097634017 0.44980022
vt 2.9802322e-08 0.40624219
vt 0.54161173 0.50180167
vt 0.515625 0
vt 0.6935153 0.40831453
vt 0.28604126 0.41617987
vt 1.000025 0.061628252
vt 2.9802322e-08 0.40624219
vt -0.12524128 0.44980022
vt 0.59792376 0.5004189
vt 1.0304008 0.44980025
vt 0.73526692 0.50280768
vt 1.0879757 0.41028726
vt 0.25895524 0
vt 0.46713853 0.53644216
vt 0.75331122 1
vt 0.50173777 1
vt 0.6666193 0.44818616
vt 0.29943079 0.44980022
vt 0.2435853 0.41238776
vt -0.0003426075 0.12491626
vt 0.065491922 0.95241892
vt 0.45874679 0.45278448
vt 0.14647305 0.41457176
vt 0.80696833 0.53698963
vt 0.25895524 0
vt 0.46713853 0.44818616
vt 0.38377619 0.53698963
vt 0.50173777 1
vt 0.7435469 -0.1179169
vt 0.99999988 2.9802322e-08
vt 0.99695623 0.82744312
vt 0.57220715 0.5004189
vt 0.50093246 0.44980022
vt 1 0
vt 0.671875 0.203125
vt 0.24637583 1
vt 0.72081113 1.0304481
vt 0.68883169 0.60337919
vt 1 0
vt 1.2855051 0.41028723
vt 0.70832837 0.50042635
vt 1 0.40964562
vt -0.028068721 0.44980022
vt -0.064693928 0.44965619
vt 0.26393265 0.92766833
vt -0.12529439 0.44980022
vt 0.671875 0.203125
vt 0.65954733 0.10330385
vt 0.26393265 0.5034402
vt 0.24637583 1
vt 0.45874679 0.40624219
vt 2.9802322e-08 0.203125
vt 0.26393265 0.605129
vt 0.75331116 1
vt 0.12507126 0.44965622
vt 0.70832837 0.44740814
vt 1.0304229 0.5004189
vt -0.0042038113 0.50041884
vt 0.46713853 0.50013566
vt 0.85291457 0.41457152
vt 0.4375 0.203125
vt 0.74350238 0.82108575
vt 0.45874679 0.40624219
vt -0.028559923 0.50041884
vt 0.54161173 0.44965622
vt 2.9802322e-08 0.203125
vt 0 0.203125
vt 1 0.203125
vt 0 0
vt 0.75331116 1
vt 0.54125321 0.55111891
vt 0.21875 0
vt 0.12507126 0.50180167
vt 0.19685084 0.31679958
vt 0.4375 0.203125
vt 0.44040805 0.59975117
vt 0.18206924 0.5004189
vt 0 0.203125
vt 0 0
vt 1.432532 0.41028723
vt 0.54125321 0.55111891
vt 0.28604126 0.60041702
vt 0.26393265 0.079084158
vt 0.21875 0
vt 0.92538261 0.91273218
vt 1 0.40964562
vt -0.0003426075 0.81162339
vt 0.67908669 0.41587746
vt 0.49826199 0
vt 0.21875 0.203125
vt 0.21419853 0.203125
vt 0.26562184 0.44980022
vt 1.1270831 0.5004189
vt 0.99999154 0.41238776
vt 0.99695623 0.91273218
vt 1 0.99999976
vt 0.80696833 0.44773307
vt 0.49826199 0
vt 0.055311039 0.44773307
vt 0.6667785 0.077495456
vt 0.7764321 0.55111891
vt -0.028612494 0.50041884
vt 0.99634755 1.1376847
vt 0.35014802 0.5004189
vt 0.26651913 0.50457662
vt 0.7764321 0.55111891
vt 0.44058365 0.12896866
vt 0.40780252 0.11320239
vt 0 1
vt 0.2435853 0.44773307
vt 5.9604645e-08 0.50457662
vt -0.11286631 0.5001356
vt 5.9604645e-08 0.55111891
vt 0.99695611 1.0393867
vt 0.26393276 0.40175048
vt 0.99695623 0.70916784
vt 0 1
vt 0.702411 0.5004189
vt 0.19685084 0.70013511
vt 5.9604645e-08 0.50457662
vt 0.75 0
vt -0.0003426075 0.60041702
vt 5.9604645e-08 0.55111891
vt 0.99999154 0.44773307
vt 0.53387576 0.70425111
vt 0.70832837 0.41028723
vt 0.75 0
vt 0.61431968 0.12989789
vt 1.1269412 0.44980025
vt 0.59759146 0.5004189
vt 0.4303773 0.065070212
vt 0.72526586 0.40624219
vt -0.51626837 0.41180003
vt -0.17218041 0.44980022
vt 0.58455563 0.40175048
vt 0.063065231 0.89201838
vt 0.042682454 0.50041884
vt -0.45073235 0.5001356
vt 0.296875 0.203125
vt 2.9802322e-08 0.45278448
vt -0.0003426075 0.5084818
vt 0.2923938 0.53747004
vt 0.90415424 0.5004189
vt 0.72526586 0.40624219
vt -0.3062959 0.4481861
vt 0.75 0.203125
vt 0.49826211 0
vt -0.064693928 0.4158774
vt 1 0.40625
vt 0.40412828 0.5004189
vt 0.70243347 0.5004189
vt 0.097634017 0.5004189
vt 0.99999988 2.9802322e-08
vt 0.60507929 0.50182837
vt 0.296875 0.203125
vt 0.86452794 0.44965625
vt 0.73532432 0.50280792
vt 0.24637589 1
vt 0.97061986 0.17927632
vt 0.49826211 0
vt 1 0.40625
vt 0.40427282 0.44980022
vt 1 0.40901053
vt -0.085013226 0.41238776
vt 0.40289709 0.065516174
vt 0.74350238 0.59975117
vt 0.90415406 0.44980025
vt 0.64029944 0.084128678
vt 0.59759194 0.44980022
vt 0.97061354 0.17927644
vt 0.24637589 1
vt 0 0.20707971
vt 0.25911927 0.44818616
vt 0.031329907 0.4481861
vt 0.28859603 1.0597219
vt 0.81989765 0.5004189
vt 1.1738343 0.44980025
vt 0.34694028 0.50340712
vt 0.66886675 0.44980022
vt 0.33792275 0.92766857
vt 1 0.45278448
vt 0.99626094 0.44965625
vt 0.01846981 0.0055300049
vt 1.432532 0.44740814
vt 0.64050096 0.12270868
vt 0.99626094 0.41587746
vt 0.80696833 0.50182837
vt 0.2435853 0.53698963
vt 0.14707869 0.41457194
vt 1.1739471 0.44980025
vt 0.99695563 0.60337919
vt 0.28859603 -0.052968636
vt -0.12536293 0.44980022
vt 1.2855051 0.53746992
vt 1.1270826 0.44980025
vt 1 0
vt 0.50087911 0.44980022
vt -0.12524128 0.44980022
vt 0.29937726 0.5004189
vt 1.0000316 0.061628163
vt 0.74350226 0.1014771
vt -0.00034284592 0.41618007
vt 0.70228964 0.5004189
vt 0.031329907 0.5001356
vt 0.6666193 0.44818616
vt 1 0
vt 0.46736509 0.5004189
vt 1.9133091e-05 0.061628252
vt 0.99997127 -5.9604645e-08
vt 0.065822229 0.95281136
vt 1.029917 0.5004189
vt 0.43528634 0.11320144
vt 0.99999154 0.50182837
vt -0.00037944317 1.0895715
vt 0.36106974 0.10646677
vt 0.33792251 0.079084158
vt 0.32316753 0.50180167
vt -3.0035153e-08 -1.3178214e-07
vt 1.0601245 0.41587746
vt 0.659217 0.10291141
vt 0.25911927 0.41180006
vt 0.87807196 0.18425062
vt -2.5868416e-05 0.061628163
vt 0.8703686 0.5004189
vt 0.2435853 0.50182837
vt 0.50173783 1
vt -0.0042038113 0.50041884
vt 0.67407733 0.90533632
vt 1.0879757 0.50042635
vt -0.028559923 0.50041884
vt 1 0
vt 0.86452794 0.53504556
vt 0.97056246 0.17927632
vt 0.37915671 0.08815378
vt 0.01846981 1.0114049
vt 0.671875 0.40625
vt 1 -5.9604645e-08
vt 0.12507126 0.50180167
vt 0.58455575 0.60512865
vt 0.29943013 0.5004189
vt 0.26651913 0.55111891
vt 0.7764321 0.50457662
vt 1 0
vt 1 0.55111891
vt 1.1920929e-07 -2.9802322e-08
vt 1.1270609 0.5004189
vt 0.54161173 0.41587746
vt 0.34258366 0.060709655
vt 0.74350238 0.40706211
vt 0.25895521 0
vt 0.26393265 0.079084158
vt 0.671875 0.40625
vt 0.74073184 0.0039062798
vt -0.0003426075 0.81162339
vt 0.67908669 0.41587746
vt 0.40290177 0.028921127
vt 0.40412828 0.44980022
vt 0.36075103 0.10614961
vt 1.0879757 0.44740811
vt -2.8818846e-05 -5.9604645e-08
vt 0.97269261 1.0393867
vt 0.74073184 0.0039062798
vt -0.00034284592 1.0115989
vt 0.80696833 0.44773307
vt -1.6624108e-07 1.0000002
vt 1.0601245 0.44965625
vt -0.085013226 0.53698963
vt 1.0601245 0.50180167
vt -0.51626837 0.5364421
vt 0.12507126 0.53504556
vt 0.40421939 0.44980022
vt -0.028612494 0.50041884
vt 0.6666193 0.41180012
vt 0.99634755 1.1376847
vt 0.78345239 0.70916784
vt 0.40397611 0.15644813
vt 0 0.40964562
vt 0.94060034 0.44740811
vt 0.78345227 0.30252582
vt 0.21419853 0
vt 0.74350238 0.50340664
vt 1.0721117 0.44980022
vt 0.74073178 0.0039062798
vt 0.99626094 0.50180167
vt 0 0
vt 1.0298796 0.44980025
vt 0.70228964 0.44980022
vt 0.055311039 0.50182837
vt -0.3062959 0.41180006
vt 1 1
vt 0.25911927 0.50013566
vt 0.21419853 0
vt 0.43528634 0.076600611
vt 0.515625 0.203125
vt 0.74073178 0.0039062798
vt 0.49595416 0.50042635
vt 0.99634731 -0.12599152
vt 1.1739689 0.44980025
vt 0 0.203125
vt 0.46736503 0.44980022
vt 1 1
vt 0.4375 0.40625
vt 0.515625 0.203125
vt 0.75 0
vt 0.12507126 0.41587743
vt 0.18216005 0.44980022
vt -1.1920929e-07 -8.9406967e-08
vt 1.0721117 0.5004189
vt 0.59759146 0.5004189
vt 0.7435469 1.12473
vt 0.296875 0.40625
vt 0 0.203125
vt 0.50087911 0.5004189
vt 0.26393265 -0.05322291
vt 0.75331122 1
vt 0.097543091 0.5004189
vt 0.75 0.203125
vt 0.4375 0.40625
vt 1.432532 0.50042623
vt -0.3062959 0.5001356
vt 0.75 0
vt 0.81962818 0.5004189
vt -0.45073235 0.5001356
vt 1 0.40624219
vt 0.44040793 0.40706211
vt 1.029933 0.44980025
vt 0.76552641 0.5004189
vt 0.90415424 0.5004189
vt 0.75331122 1
vt 0 0
vt 0.87807256 0.82744312
vt 0.097687304 0.44980022
vt 0.26393265 0.83874393
vt 0.40781161 0.076596797
vt 0.45874679 0.45278448
vt 0.097686768 0.5004189
vt 1.0000002 0.99999988
vt -0.085013226 0.41238776
vt 0.515625 0
vt 0.86452794 0.41587746
vt 0.14707935 0.41457152
vt 1.1976331 0.44980025
vt 1.197633 0.5004189
vt 0.91173863 0.32633597
vt 0.81989765 0.44980025
vt 0.45874679 0.45278448
vt 0.29937726 0.44980022
vt 1 0
vt 1.2950513 0.44980025
vt 0.99999154 0.53698963
vt 0.62109464 0.10360718
vt 0.81989765 0.5004189
vt 1.1270607 0.44980025
vt 0.29928625 0.44980022
vt 1 0.55115604
vt -0.17215842 0.50041884
vt 0.66886675 0.44980022
vt 0.99695551 -0.027693748
vt 0.5338757 0.30256236
vt 2.5868416e-05 0.061628163
vt 0.60507929 0.53698963
vt 1.2950513 0.5004189
vt 0.59792376 0.44980022
vt 1.432532 0.44740814
vt -0.14842905 0.50182837
vt 0.99626094 0.41587746
vt 0 0
vt 0.85296589 0.41457194
vt 0.74350202 0.30256236
vt 0.2435853 0.53698963
vt 0.32316756 0.44965622
vt 0.97056222 0.18025666
vt 1.1739471 0.44980025
vt 0.32316753 0.41587743
vt -0.3062959 0.5364421
vt 0.50173777 1
vt 1.2855051 0.53746992
vt 0.50087911 0.44980022
vt -0.45073235 0.5364421
vt 0.59744745 0.44980022
vt 0 0
vt -0.12521994 0.50041884
vt 0.7435025 1.0306822
vt 0.94060034 0.41028726
vt 0.4375 0.203125
vt -0.00034284592 0.41618007
vt 1 0.50457662
vt 1.4992688 0.41028726
vt 0.29928625 0.5004189
vt 0.24637583 1
vt 0.54125321 0.55111891
vt 0.99695575 0.40831438
vt -0.17224926 0.44980022
vt -1.1944212e-07 -2.9802322e-08
vt 0.67908669 0.53504556
vt 1 0.50457662
vt 1.029917 0.5004189
vt 0.67908669 0.50180167
vt 0.21875 0.203125
vt 0.74350226 0.70425111
vt 0.21419853 0.203125
vt 1 0.203125
vt -0.17210627 0.50041884
vt 0.49826199 0
vt 0.21875 0.203125
vt 0.21419853 0.203125
vt 0.94060034 0.50042635
vt 0.97056812 0.17927644
vt 1 0.203125
vt 0 0.203125
vt 0 0
vt 0.088204384 0.32633597
vt 0.26651913 0.50457662
vt 0.72526586 0.45278448
vt 0.7764321 0.55111891
vt 0.18206921 0.44980022
vt -0.45073235 0.41180003
vt 0.49997729 0.59104341
vt 1.2855051 0.50042623
vt 0.74350238 0.18572773
vt 0.87807196 0.18425062
vt 0.70243406 0.44980022
vt 0.23517889 0.40624219
vt 0.72526586 0.45278448
vt 0.85292041 0.41457152
vt 1.499269 0.53746992
vt 0.23517889 0.40624219
vt 0.66672039 0.12938303
vt 0.50078785 0.44980022
vt 0.72081113 -0.023634687
vt 0.90417719 0.44980025
vt 0.066008426 0.95227635
vt 0.23517889 0.45278448
vt 0.10766029 0.2053113
vt 0.097543091 0.44980022
vt -0.0282197 0.50041884
vt -0.11286631 0.4481861
vt 0.94060034 0.53747004
vt 0.62734348 0.82108563
vt 0.23517889 0.45278448
vt 0.38377619 0.50182837
vt 1 0.203125
vt 0.296875 0.203125
vt 0.66886675 0.5004189
vt 0.65973353 0.10276884
vt 0.029380351 0.17927632
vt 2.9802322e-08 0.40625
vt 0.67908669 0.44965622
vt 0.62734336 0.18572773
vt -0.085013226 0.53698963
vt 0.37523174 0.5084818
vt 0.44058365 0.15644431
vt 1 0.203125
vt 0 1
vt 1.0601245 0.53504562
vt 0.57220715 0.44980022
vt 5.9604645e-08 0.50457662
vt 0.81962818 0.44980025
vt 0.75 0
vt 0.24637589 1
vt 2.9802322e-08 0.40625
vt 1 0.40625
vt 0.18221366 0.44980022
vt 1.0304008 0.5004189
vt 0.78345239 0.70916784
vt 0.85297203 0.41457176
vt 0.49595416 0.41028726
vt 0.74350238 0.50340664
vt 2.9802322e-08 0.45278448
vt 0.40397611 0.12896389
vt 0.75 0.203125
vt 0.72526586 0.40624219
vt 1.0298796 0.44980025
vt -1.1944212e-07 -2.9802322e-08
vt -0.00034284592 0.0053359321
vt 1.1270826 0.5004189
vt 2.9802322e-08 0.45278448
vt 0.031329896 0.5364421
vt 0.42228514 0.17459679
vt 1 0.45278448
vt 0.49595416 0.50042635
vt -0.51626837 0.4481861
vt 0.29943079 0.44980022
vt 0.2435853 0.41238776
vt 0.72526586 0.40624219
vt 0.75 0.203125
vt 0.49826211 0
vt 0.99695575 0.50584662
vt 0 0.20707971
vt 0.80696833 0.53698963
vt 0.2638841 -0.15544493
vt 0.38377619 0.53698963
vt 1 0.45278448
vt 0.7435469 -0.1179169
vt 1.0721117 0.5004189
vt 1.1739689 0.5004189
vt 0.26393265 -0.05322291
vt 0.29239374 0.44740817
vt 0.40427226 0.5004189
vt 0.70832837 0.53747004
vt 0.59744745 0.5004189
vt 0.72081113 1.0304481
vt 1.2855051 0.41028723
vt 0.70832837 0.50042635
vt 0.9041543 0.44980025
vt 0.26393265 0.83874393
vt 0.32316753 0.53504556
vt 0.65954733 0.10330385
vt 0.90417653 0.5004189
vt 1.0879757 0.41028726
vt 0.70832837 0.44740814
vt -0.0003426075 0.12491626
vt 0.74350238 0.82108575
vt 0.62109464 0.10360718
vt 0.46713853 0.44818616
vt 0 0
vt 0.38377619 0.44773307
vt 0.99695551 -0.027693748
vt 0.088209867 0.32633621
vt 0.19685084 0.31679958
vt -0.12527227 0.50041884
vt 0 0.55115604
vt 0.86452794 0.50180167
vt 0.44040805 0.59975117
vt 0.26393265 0.71542692
vt -0.0003426075 0.70013523
vt 1.432532 0.41028723
vt 0.73526692 0.50280768
vt 0 0
vt 0.26393253 0.29145283
vt 0.92538261 0.91273218
vt 0.91173863 0.32633597
vt 0.50173783 1
vt 0.68883169 0.60337919
vt 0.32316756 0.44965622
vt 0.063065231 0.12491626
vt 0.5009318 0.5004189
vt 0.99695623 0.91273218
vt -3.1769276e-05 0.061628163
vt 0.48590231 0.29145283
vt 0.50173783 1
vt 0.25895521 0
vt 1.1739471 0.5004189
vt -0.064693928 0.50180167
vt 0.7764321 0.50457662
vt 0.12507126 0.44965622
vt 0.92538249 0.098960996
vt 0.46713853 0.50013566
vt 1.4992688 0.41028726
vt 1 5.9604645e-08
vt 0.25895521 0
vt -0.17227119 0.50041884
vt 0.7764321 0.50457662
vt 0.48590243 0.71542692
vt 0.2435853 0.44773307
vt 0.67908669 0.50180167
vt -0.11286631 0.5001356
vt 1 0
vt 0.26393276 0.40175048
vt 0.18206924 0.5004189
vt 0.74073184 0.0039062798
vt 0.99695623 0.70916784
vt 0.28604126 0.60041702
vt 0.50002885 0.59104365
vt 1.2855051 0.44740814
vt 0.38724911 0.1677247
vt 1 0.55111891
vt -0.00037944317 -0.072636597
vt 0.055311039 0.41238776
vt 1 0
vt 0.60507929 0.44773307
vt 0.671875 0.40625
vt 0.26651913 0.55111891
vt 0.99999154 0.41238776
vt 0.61431968 0.12989789
vt 1 0.55111891
vt 0.35014802 0.44980022
vt 0.055311039 0.44773307
vt 0.4303773 0.065070212
vt 0.54125321 0.50457662
vt -0.51626837 0.41180003
vt 0.671875 0.40625
vt 0.063065231 0.89201838
vt 0.26651913 0.55111891
vt 0.042682454 0.50041884
vt 0.40421939 0.5004189
vt 0.97269189 -0.027693748
vt 1.499269 0.53746992
vt 1.499269 0.44740811
vt 0.54125321 0.50457662
vt 0.80696833 0.41238776
vt 0.70243347 0.5004189
vt 0.38377619 0.41238776
vt 0.76552641 0.44980022
vt 0.6666193 0.53644216
vt -0.028703213 0.44980022
vt 0.296875 0.40625
vt 0.94060034 0.53747004
vt -0.0003426075 0.60041702
vt 0.64029944 0.084128678
vt 0.75 0.203125
vt 0 0.55115604
vt 0.75 0
vt 0.25911927 0.44818616
vt 1 0.40624219
vt 0.46713853 0.41180012
vt 0.21419853 0
vt 0.38724923 0.83874315
vt 0.74073178 0.0039062798
vt 1.1738343 0.44980025
vt 0.62734336 0.18572773
vt 0 0.40964562
vt 0.34694028 0.50340712
vt -0.51626837 0.5001356
vt -0.064693987 0.53504556
vt 1 0.40624219
vt 0.99626094 0.44965625
vt 0.9117384 0.32633597
vt 0.29239374 0.41028726
vt 0.01846981 0.0055300049
vt 0.74073178 0.0039062798
vt 0.515625 0
vt 0.54161173 0.50180167
vt 0 0.203125
vt -0.00034284592 0.31679958
vt 0.26562184 0.5004189
vt 0.4375 0.40625
vt 0.99695599 0.30252582
vt 0.097634017 0.5004189
vt 0.6935153 0.40831453
vt 2.9802322e-08 0.40624219
vt 0.74350238 0.90533632
vt 1.1270826 0.44980025
vt 1.0304008 0.44980025
vt 0.75331122 1
vt 0.40427282 0.44980022
vt 2.9802322e-08 0.40624219
vt 0.74350226 0.1014771
vt 1.0000222 1.4901161e-07
vt 0.81965113 0.44980025
vt 0.74350238 0.59975117
vt 0.54161173 0.53504556
vt 0.45874679 0.45278448
vt 0.29943079 0.44980022
vt 0.25895524 0
vt 0.75331122 1
vt 0.065491922 0.95241892
vt 0.99695575 0.50584662
vt 0.59421194 0.50584662
vt 0.7435469 -0.1179169
vt 0.45874679 0.45278448
vt 1.0879757 0.53746992
vt 0.065822229 0.95281136
vt 0.25895524 0
vt 0.50173777 1
vt 0.40427226 0.5004189
vt -0.11286631 0.41180006
vt 1 0
vt 0.64050096 0.12270868
vt 0.80696833 0.50182837
vt 0.50173777 1
vt 0.60507929 0.41238776
vt 0.72081113 1.0304481
vt 0.671875 0.203125
vt -0.028068721 0.44980022
vt 0.24637583 1
vt 0.26393265 0.92766833
vt -0.12529439 0.44980022
vt 1 0
vt 0.659217 0.10291141
vt 0.65954733 0.10330385
vt -0.12524128 0.44980022
vt 1.1739689 0.5004189
vt 0.46713853 0.53644216
vt 0.671875 0.203125
vt 0.61431968 0.077249527
vt 0.24637583 1
vt 0.6666193 0.44818616
vt 0.70832837 0.44740814
vt -0.085013226 0.50182837
vt 0.45874679 0.40624219
vt 2.9802322e-08 0.203125
vt 0.99997413 0.061628044
vt 0.67407733 0.90533632
vt 0.75331116 1
vt -0.028559923 0.50041884
vt 0.7435025 -0.023868755
vt 0.4375 0.203125
vt 0.2638841 1.1621974
vt 0.45874679 0.40624219
vt 0.01846981 1.0114049
vt 2.9802322e-08 0.203125
vt 0 0.203125
vt 1 0.203125
vt 0 0
vt 0.91179603 0.32633621
vt 0.75331116 1
vt 0.44040805 0.59975117
vt 0.99695623 0.82744312
vt 0.54161173 0.41587746
vt 0.57220715 0.5004189
vt 0.54125321 0.55111891
vt 0.21875 0
vt 0.74350238 0.40706211
vt -0.00037944317 1.0895715
vt 0.4375 0.203125
vt 0.33792251 0.079084158
vt 0.92538261 0.91273218
vt -0.0003426075 0.81162339
vt 0 0.203125
vt 0.21875 0.203125
vt 0.54125321 0.55111891
vt 0.21875 0
vt 0.68883169 0.60337919
vt 0.36075103 0.10614961
vt 0.97269261 1.0393867
vt 0.49826199 0
vt 1.1270831 0.5004189
vt 0.8703686 0.44980022
vt 0.21875 0.203125
vt 0.38965309 0.094890475
vt 0.21419853 0.203125
vt 0.80696833 0.44773307
vt 1.0601245 0.44965625
vt 0.25911927 0.41180006
vt 1.0601245 0.50180167
vt -0.51626837 0.5364421
vt 0.26651913 0.50457662
vt 0.49826199 0
vt 0.12507126 0.44965622
vt 1.0304229 0.5004189
vt 0.99634755 1.1376847
vt 0.7764321 0.55111891
vt 0.54161173 0.44965622
vt 0.40397611 0.15644813
vt 0.86452794 0.53504556
vt 0.26651913 0.50457662
vt 0.2435853 0.44773307
vt 0.78345227 0.30252582
vt 0.72526586 0.45278448
vt 0.7764321 0.55111891
vt 1 0.40964562
vt -0.085013226 0.44773307
vt 0.26393276 0.40175048
vt 0.99626094 0.50180167
vt 0.18206924 0.5004189
vt 0.055311039 0.53698963
vt 0.088261813 0.32633597
vt 0.90415406 0.5004189
vt 1 0.55115604
vt 0.99695563 0.18425062
vt 0.28604126 0.60041702
vt 0.702411 0.5004189
vt -0.3062959 0.41180006
vt 0.26393265 0.079084158
vt 0.72526586 0.45278448
vt 5.9604645e-08 0.55111891
vt 0 1
vt 0.702411 0.44980022
vt 5.9604645e-08 0.50457662
vt 0.75 0
vt 0.99999154 0.44773307
vt 0.029437572 0.17927653
vt 1.0879757 0.44740811
vt 5.9604645e-08 0.55111891
vt 0.61431968 0.12989789
vt 0 1
vt 5.9604645e-08 0.50457662
vt 0.75 0
vt -0.51626837 0.41180003
vt 0.50087911 0.5004189
vt 0.58455563 0.40175048
vt 0.40421939 0.5004189
vt 0.72526586 0.40624219
vt 0.97269189 -0.027693748
vt 1.029933 0.44980025
vt 0.23517889 0.45278448
vt 0.90415424 0.5004189
vt -0.14842905 0.41238776
vt 1 0.203125
vt 0.296875 0.203125
vt 0.75 0.203125
vt 0.60507929 0.50182837
vt 0.49826211 0
vt 1.0721117 0.44980022
vt 0.99695611 1.0393867
vt 0.86452794 0.44965625
vt 1 0.40625
vt 0.296875 0.203125
vt 0.055311039 0.50182837
vt 0.99998003 0.061628163
vt 2.8818846e-05 -1.4901161e-07
vt 0.25911927 0.50013566
vt 0.24637589 1
vt 1 0.40625
vt 0.38232353 0.56163174
vt 0.90415406 0.44980025
vt 0.59759194 0.44980022
vt 0.99999154 0.53698963
vt 0.53387576 0.70425111
vt 0.70832837 0.41028723
vt 0.24637589 1
vt 1.1270607 0.44980025
vt 0.29928625 0.44980022
vt 0.59759146 0.5004189
vt 0.33792275 0.92766857
vt -0.064693987 0.53504556
vt 0.99695575 0.098960996
vt -0.17218041 0.44980022
vt 1 0.20193082
vt 0.01846981 0.0055300049
vt -0.45073235 0.5001356
vt 1 0.45278448
vt -0.14842905 0.50182837
vt 0.99626094 0.41587746
vt 0.02943778 0.17927653
vt -1.1944212e-07 -2.9802322e-08
vt 0.029386044 0.17927644
vt -2.8818846e-05 -5.9604645e-08
vt 0.40412828 0.5004189
vt 0.2435853 0.53698963
vt 0.99695599 0.30252582
vt 1.1739471 0.44980025
vt 1.2855051 0.53746992
vt -0.45073235 0.5364421
vt 0.14010064 0.50041884
vt 0.29937726 0.5004189
vt 1 0
vn 0 0 -1
vn 0 0 -1
vn 0 0 -1
vn 0 0 -1
vn 0 1 0
vn 0 1 0
vn 0 1 0
vn 0 1 0
vn 0 0 -1
vn 0 0 -1
vn 0 0 -1
vn 0 0 -1
vn 0 1 0
vn 0 1 0
vn 0 1 0
vn 0 1 0
vn 0 0 1
vn 0 0 1
vn 0 0 1
vn 0 0 1
vn 0 0 -1
vn 0 0 -1
vn 0 0 -1
vn 0 0 -1
vn 0 -1 0
vn 0 -1 0
vn 0 -1 0
vn 0 -1 0
vn 0 1 0
vn 0 1 0
vn 0 1 0
vn 0 1 0
vn 0 0 1
vn 0 0 1
vn 0 0 1
vn 0 0 1
vn 0 -1 0
vn 0 -1 0
vn 0 -1 0
vn 0 -1 0
vn -1 0 0
vn -1 0 0
vn -1 0 0
vn -1 0 0
vn 1 0 0
vn 1 0 0
vn 1 0 0
vn 1 0 0
vn 0 1 0
vn 0 1 0
vn 0 1 0
vn 0 1 0
vn -1 0 0
vn -1 0 0
vn -1 0 0
vn -1 0 0
vn 0 1 0
vn 0 1 0
vn 0 1 0
vn 0 1 0
vn 1 0 0
vn 1 0 0
vn 1 0 0
vn 1 0 0
vn 0 -1 0
vn 0 -1 0
vn 0 -1 0
vn 0 -1 0
vn 0 1 0
vn 0 1 0
vn 0 1 0
vn 0 1 0
vn 0 0 1
vn 0 0 1
vn 0 0 1
vn 0 0 1
vn 0 0 1
vn 0 0 1
vn 0 0 1
vn 0 0 1
vn 0 0 -1
vn 0 0 -1
vn 0 0 -1
vn 0 0 -1
vn 0 1 0
vn 0 1 0
vn 0 1 0
vn 0 1 0
vn 0 -1 0
vn 0 -1 0
vn 0 -1 0
vn 0 -1 0
vn 1 0 0
vn 1 0 0
vn 1 0 0
vn 1 0 0
vn -1 0 0
vn -1 0 0
vn -1 0 0
vn -1 0 0
vn 0 1 0
vn 0 1 0
vn 0 1 0
vn 0 1 0
vn 1 0 0
vn 1 0 0
vn 1 0 0
vn 1 0 0
vn -1 0 0
vn -1 0 0
vn -1 0 0
vn -1 0 0
vn 0 1 0
vn 0 1 0
vn 0 1 0
vn 0 1 0
vn 0.3472783 -0.93776214 0
vn -0.00049533806 -0.99999982 0
vn -0.00049576326 -0.99999982 -5.2471844e-10
vn 0.34727803 -0.93776226 9.5463179e-08
vn -1.5644478e-07 -0.95456028 -0.29801777
vn 3.5085989e-07 -0.87079555 -0.49164519
vn 1.219757e-07 -0.85065007 -0.52573222
vn 2.5071094e-08 -0.93788505 -0.3469463
vn 3.5085989e-07 -0.87079555 -0.49164519
vn 0 -0.73025835 -0.68317109
vn 0 -0.68721497 -0.72645414
vn 1.219757e-07 -0.85065007 -0.52573222
vn 0 -0.73025835 -0.68317109
vn 0.00037840349 -0.4902415 -0.87158656
vn 0.00077635614 -0.46619159 -0.88468343
vn 0 -0.68721497 -0.72645414
vn 0.00037840349 -0.4902415 -0.87158656
vn 0.0016710554 -0.31768915 -0.94819343
vn 7.9195206e-06 -0.30541053 -0.95222074
vn 0.00077635614 -0.46619159 -0.88468343
vn 0.0016710554 -0.31768915 -0.94819343
vn -0.0059336931 -0.13207239 -0.99122232
vn 7.9195206e-06 -0.30541053 -0.95222074
vn 1.8297646e-14 -0.99999994 1.055256e-07
vn 2.8493034e-07 -0.95456034 0.29801753
vn 9.6953947e-08 -0.93788493 0.34694654
vn -9.3253398e-15 -1 -2.1023403e-07
vn 0.49164581 -0.87079531 3.1639181e-07
vn 0.52573234 -0.85065001 1.8577514e-07
vn 0.72645384 -0.68721527 7.6575375e-08
vn 0.68317068 -0.7302587 0
vn 0.68317068 -0.7302587 0
vn 0.72645384 -0.68721527 7.6575375e-08
vn 0.88448292 -0.46657246 -1.4171083e-07
vn 0.87155306 -0.49030116 0
vn 0.87155306 -0.49030116 0
vn 0.88448292 -0.46657246 -1.4171083e-07
vn 0.95143706 -0.30784327 -1.4131109e-07
vn 0.94743925 -0.31993571 0
vn 0.94743925 -0.31993571 0
vn 0.95143706 -0.30784327 -1.4131109e-07
vn 0.99155498 -0.12968703 0
vn 0 -0.93788505 -0.3469463
vn 0 -0.85130382 -0.5246731
vn 1.2164146e-07 -0.85130382 -0.52467316
vn 2.493733e-08 -0.93788505 -0.34694624
vn 0 -1 1.2027346e-06
vn 0 -0.93788487 0.34694666
vn 2.1935394e-07 -0.93788487 0.34694642
vn -9.3253435e-14 -1 4.7424905e-07
vn -0.29801694 -0.95456064 -1.877699e-07
vn -0.34694639 -0.93788499 -1.0350543e-07
vn -0.52573282 -0.85064989 -6.170432e-08
vn -0.49100712 -0.8711555 -1.7849089e-07
vn -0.49100712 -0.8711555 -1.7849089e-07
vn -0.52573282 -0.85064989 -6.170432e-08
vn -0.72645384 -0.68721521 0
vn -0.6843673 -0.72913742 0
vn -0.6843673 -0.72913742 0
vn -0.72645384 -0.68721521 0
vn -0.88467336 -0.46621066 0.00075820507
vn -0.87194908 -0.48959628 0.00035533521
vn -0.87194908 -0.48959628 0.00035533521
vn -0.88467336 -0.46621066 0.00075820507
vn -0.95141602 -0.30790299 0.0017893767
vn -0.94723707 -0.32052943 0.0016567539
vn -0.94723707 -0.32052943 0.0016567539
vn -0.95141602 -0.30790299 0.0017893767
vn -0.99147099 -0.13032487 0.00082747225
vn -4.57441e-13 -1 -4.3169547e-07
vn -1.5644478e-07 -0.95456028 -0.29801777
vn 2.5071094e-08 -0.93788505 -0.3469463
vn -9.3253435e-14 -1 4.7424905e-07
vn -3.8315011e-07 -0.87079531 0.49164563
vn -9.3600602e-07 -0.73025978 0.68316954
vn -7.6486145e-07 -0.68721581 0.72645324
vn -3.4197947e-07 -0.85065013 0.5257321
vn -9.3600602e-07 -0.73025978 0.68316954
vn -0.00038426201 -0.49023888 0.87158799
vn -0.00078058132 -0.46618789 0.88468546
vn -7.6486145e-07 -0.68721581 0.72645324
vn -0.00038426201 -0.49023888 0.87158799
vn -0.0017079394 -0.32050419 0.94724554
vn -0.00179037 -0.30788749 0.95142108
vn -0.00078058132 -0.46618789 0.88468546
vn -0.0017079394 -0.32050419 0.94724554
vn -0.00081840658 -0.13032956 0.99147046
vn -0.00179037 -0.30788749 0.95142108
vn 2.8493034e-07 -0.95456034 0.29801753
vn -3.8315011e-07 -0.87079531 0.49164563
vn -3.4197947e-07 -0.85065013 0.5257321
vn 9.6953947e-08 -0.93788493 0.34694654
vn 0.0010391439 -0.46589372 0.88484007
vn 0.0017119412 -0.30728877 0.9516148
vn 0.0017910576 -0.30789062 0.95142007
vn 0.00077600963 -0.46619204 0.88468325
vn 0 -0.85065037 0.52573168
vn 0 -0.68721551 0.7264536
vn -3.8467439e-07 -0.68721569 0.72645342
vn -4.9723202e-08 -0.85065031 0.5257318
vn 0.0017119412 -0.30728877 0.9516148
vn 0.00068180828 -0.12185764 0.99254733
vn 0.00082035951 -0.13032922 0.99147046
vn 0.0017910576 -0.30789062 0.95142007
vn 0 -0.68721551 0.7264536
vn 0.0010391439 -0.46589372 0.88484007
vn 0.00077600963 -0.46619204 0.88468325
vn -3.8467439e-07 -0.68721569 0.72645342
vn 0.29801732 -0.9545604 3.4900381e-07
vn 0.34694564 -0.93788522 1.8361408e-07
vn 0.52573234 -0.85065001 1.8577514e-07
vn 0.49164581 -0.87079531 3.1639181e-07
vn 0.95161062 -0.30730167 0.0017322829
vn 0.88482857 -0.4659158 0.0010391567
vn 0.8846733 -0.4662109 0.00075802876
vn 0.95141631 -0.30790249 0.0017888248
vn 0.72645372 -0.68721533 0
vn 0.52645504 -0.85020304 0
vn 0.52645522 -0.8502028 5.4170506e-08
vn 0.7264539 -0.68721527 0
vn 0 -1 -4.2046807e-07
vn 0 -0.93788505 -0.3469463
vn 2.493733e-08 -0.93788505 -0.34694624
vn -9.3253398e-15 -1 -2.1023403e-07
vn 0.99254864 -0.12184669 0.00070209807
vn 0.95161062 -0.30730167 0.0017322829
vn 0.95141631 -0.30790249 0.0017888248
vn 0.99147105 -0.13032453 0.00082738616
vn 0.88482857 -0.4659158 0.0010391567
vn 0.72645372 -0.68721533 0
vn 0.7264539 -0.68721527 0
vn 0.8846733 -0.4662109 0.00075802876
vn 0.52645504 -0.85020304 0
vn 0.3472783 -0.93776214 0
vn 0.34727803 -0.93776226 9.5463179e-08
vn 0.52645522 -0.8502028 5.4170506e-08
vn -0.0017066497 -0.30728588 -0.95161569
vn -0.00067658309 -0.12185995 -0.99254709
vn -0.00081786595 -0.13032976 -0.9914704
vn -0.0017891919 -0.30788726 -0.9514212
vn 0 -0.68636811 -0.72725433
vn -0.0010388304 -0.46375501 -0.8859629
vn -0.00077969319 -0.46405461 -0.8858062
vn 0 -0.68636823 -0.72725409
vn 0 -0.93788487 0.34694666
vn 0 -0.85065037 0.52573168
vn -4.9723202e-08 -0.85065031 0.5257318
vn 2.1935394e-07 -0.93788487 0.34694642
vn -0.0010388304 -0.46375501 -0.8859629
vn -0.0017066497 -0.30728588 -0.95161569
vn -0.0017891919 -0.30788726 -0.9514212
vn -0.00077969319 -0.46405461 -0.8858062
vn 0 -0.85130382 -0.5246731
vn 0 -0.68636811 -0.72725433
vn 0 -0.68636823 -0.72725409
vn 1.2164146e-07 -0.85130382 -0.52467316
vn -0.000186947 -1 -8.3900842e-10
vn -0.00049576326 -0.99999982 -5.2471844e-10
vn -0.34694639 -0.93788499 -1.0350543e-07
vn -0.29801694 -0.95456064 -1.877699e-07
vn -0.99262589 -0.12121733 0
vn -0.95143718 -0.307843 -2.826215e-07
vn -0.95143729 -0.30784264 -1.4131116e-07
vn -0.99155486 -0.12968737 0
vn -0.88448322 -0.46657193 -2.8342211e-07
vn -0.72645414 -0.68721491 1.5315068e-07
vn -0.7264539 -0.68721521 7.6575397e-08
vn -0.8844831 -0.4665722 -1.4171106e-07
vn -0.52573186 -0.85065037 1.5156469e-07
vn -0.34694642 -0.93788493 1.150984e-08
vn -0.34694624 -0.93788505 -1.7003427e-07
vn -0.52573198 -0.85065025 -1.9898312e-08
vn 0.0038290143 -0.99999273 3.4343752e-09
vn -1.0022786e-06 -1 -7.7931522e-10
vn 0.34694564 -0.93788522 1.8361408e-07
vn 0.29801732 -0.9545604 3.4900381e-07
vn -0.95143718 -0.307843 -2.826215e-07
vn -0.88448322 -0.46657193 -2.8342211e-07
vn -0.8844831 -0.4665722 -1.4171106e-07
vn -0.95143729 -0.30784264 -1.4131116e-07
vn -0.72645414 -0.68721491 1.5315068e-07
vn -0.52573186 -0.85065037 1.5156469e-07
vn -0.52573198 -0.85065025 -1.9898312e-08
vn -0.7264539 -0.68721521 7.6575397e-08
vn -0.34694642 -0.93788493 1.150984e-08
vn -2.1316755e-06 -1 1.3055476e-13
vn -1.0022786e-06 -1 -7.7931522e-10
vn -0.34694624 -0.93788505 -1.7003427e-07
vn -0.7072612 -0.00021417411 0.70695221
vn -0.69710928 0.0010068562 0.71696413
vn -0.69713759 0.001007523 0.71693659
vn -0.70726198 -0.00021503928 0.7069515
vn -0.71401256 -0.028055742 -0.69957054
vn -0.71039844 -0.011911819 -0.70369893
vn -0.71039724 -0.011906701 -0.7037003
vn -0.71401256 -0.028055742 -0.69957054
vn 0.70603067 -0.0055076266 -0.70815986
vn 0.70706475 0.0009557461 -0.70714819
vn 0.70706505 0.00095330965 -0.70714784
vn 0.70602608 -0.0055175466 -0.70816422
vn -0.70341361 -0.014040211 -0.71064216
vn -0.69956136 -0.028079359 -0.71402067
vn -0.69956136 -0.028079359 -0.71402067
vn -0.70341474 -0.0140359 -0.71064103
vn 0.71402013 -0.028084552 0.69956172
vn 0.71064371 -0.014044828 0.70341194
vn 0.71064252 -0.014040217 0.70341307
vn 0.71402013 -0.028084552 0.69956172
vn -0.70710707 1.0096003e-06 -0.70710647
vn -0.70341361 -0.014040211 -0.71064216
vn -0.70341474 -0.0140359 -0.71064103
vn -0.70710713 1.0100963e-06 -0.70710647
vn -0.7081331 -0.00098779891 0.70607823
vn -0.7072612 -0.00021417411 0.70695221
vn -0.70726198 -0.00021503928 0.7069515
vn -0.70813316 -0.00098793209 0.70607817
vn 0.7046237 -0.0090925964 0.7095229
vn 0.70316994 -0.015992768 0.71084195
vn 0.70317096 -0.015989263 0.710841
vn 0.70461994 -0.0091019738 0.70952654
vn 0.71064371 -0.014044828 0.70341194
vn 0.70710701 -1.0095997e-06 0.70710647
vn 0.70710707 -1.0100963e-06 0.70710647
vn 0.71064252 -0.014040217 0.70341307
vn 0.70706475 0.0009557461 -0.70714819
vn 0.70721263 0.0023106225 -0.70699722
vn 0.70721328 0.002307984 -0.70699644
vn 0.70706505 0.00095330965 -0.70714784
vn -0.71039844 -0.011911819 -0.70369893
vn -0.70965302 0.013496758 -0.70442206
vn -0.70964229 0.013464126 -0.7044335
vn -0.71039724 -0.011906701 -0.7037003
vn -0.70710588 -7.5612689e-07 -0.70710778
vn -0.70710707 1.0096003e-06 -0.70710647
vn -0.70710713 1.0100963e-06 -0.70710647
vn -0.70710588 -7.5610734e-07 -0.70710778
vn -0.70581019 0.001307275 0.70839965
vn -0.7081331 -0.00098779891 0.70607823
vn -0.70813316 -0.00098793209 0.70607817
vn -0.70580733 0.0013097504 0.70840263
vn 0.69999766 -0.01269908 0.71403223
vn 0.7046237 -0.0090925964 0.7095229
vn 0.70461994 -0.0091019738 0.70952654
vn 0.69998652 -0.012693645 0.71404326
vn 0.70710701 -1.0095997e-06 0.70710647
vn 0.70710522 0 0.70710826
vn 0.70710528 0 0.70710832
vn 0.70710707 -1.0100963e-06 0.70710647
vn 0.70721263 0.0023106225 -0.70699722
vn 0.70904958 0.0016387836 -0.70515668
vn 0.70905161 0.0016407601 -0.70515472
vn 0.70721328 0.002307984 -0.70699644
vn -0.70965302 0.013496758 -0.70442206
vn -0.69821697 0.0072677806 -0.71584934
vn -0.69826454 0.0073178872 -0.71580249
vn -0.70964229 0.013464126 -0.7044335
vn -0.70710564 -7.5612712e-07 -0.7071079
vn -0.70710588 -7.5612689e-07 -0.70710778
vn -0.70710588 -7.5610734e-07 -0.70710778
vn -0.70710564 -7.5563969e-07 -0.70710796
vn -0.70185381 0.0012947855 0.71231985
vn -0.70581019 0.001307275 0.70839965
vn -0.70580733 0.0013097504 0.70840263
vn -0.70223981 0.0016126892 0.71193868
vn 0.69996047 -0.0068340204 0.71414894
vn 0.69999766 -0.01269908 0.71403223
vn 0.69998652 -0.012693645 0.71404326
vn 0.69994682 -0.0068578655 0.71416205
vn 0.70710522 0 0.70710826
vn 0.70710588 0 0.70710772
vn 0.70710588 0 0.70710772
vn 0.70710528 0 0.70710832
vn -0.69821697 0.0072677806 -0.71584934
vn -0.69298005 -0.0029365174 -0.72095072
vn -0.69305897 -0.0028934209 -0.72087514
vn -0.69826454 0.0073178872 -0.71580249
vn 0.70904958 0.0016387836 -0.70515668
vn 0.71231973 0.0012960769 -0.70185387
vn 0.71193844 0.0016142891 -0.70224011
vn 0.70905161 0.0016407601 -0.70515472
vn 0.64424723 -0.41217974 -0.64424634
vn 0.69736177 -0.16545233 -0.69736081
vn 0.69736177 -0.16545242 -0.69736075
vn 0.64424729 -0.41217974 -0.64424628
vn 0.56896311 -0.59376901 -0.56896323
vn 0.64424723 -0.41217974 -0.64424634
vn 0.64424729 -0.41217974 -0.64424628
vn 0.56896317 -0.59376901 -0.56896335
vn 0.42859155 -0.79537255 -0.4285928
vn 0.56896311 -0.59376901 -0.56896323
vn 0.56896317 -0.59376901 -0.56896335
vn 0.42859161 -0.79537255 -0.42859283
vn 0.28375363 -0.91595149 -0.28375459
vn 0.42859155 -0.79537255 -0.4285928
vn 0.42859161 -0.79537255 -0.42859283
vn 0.28375369 -0.91595149 -0.28375465
vn 0.18060991 -0.96684903 -0.18050784
vn 0.28375363 -0.91595149 -0.28375459
vn 0.28375369 -0.91595149 -0.28375465
vn 0.1806099 -0.96684903 -0.18050781
vn 0.69736141 -0.16545278 0.69736111
vn 0.64424682 -0.41218132 0.6442458
vn 0.64424694 -0.41218063 0.64424592
vn 0.69736141 -0.16545288 0.69736111
vn 0.64424682 -0.41218132 0.6442458
vn 0.56896299 -0.59376961 0.56896305
vn 0.56896299 -0.59376955 0.56896311
vn 0.64424694 -0.41218063 0.64424592
vn 0.56896299 -0.59376961 0.56896305
vn 0.42858657 -0.79537725 0.42858914
vn 0.42859346 -0.79536968 0.42859602
vn 0.56896299 -0.59376955 0.56896311
vn 0.42858657 -0.79537725 0.42858914
vn 0.28438461 -0.91586673 0.28339666
vn 0.2843613 -0.91588128 0.28337288
vn 0.42859346 -0.79536968 0.42859602
vn 0.28438461 -0.91586673 0.28339666
vn 0.18165231 -0.96673054 0.18009619
vn 0.18110116 -0.96693558 0.17954923
vn 0.2843613 -0.91588128 0.28337288
vn -0.64424318 -0.41219744 -0.64423913
vn -0.69736177 -0.16545261 -0.69736075
vn -0.69736177 -0.16545267 -0.69736069
vn -0.64424908 -0.41217873 -0.64424515
vn -0.5679726 -0.59313488 -0.57061201
vn -0.64424318 -0.41219744 -0.64423913
vn -0.64424908 -0.41217873 -0.64424515
vn -0.56793833 -0.59319913 -0.57057947
vn -0.4270694 -0.79459041 -0.43155274
vn -0.5679726 -0.59313488 -0.57061201
vn -0.56793833 -0.59319913 -0.57057947
vn -0.42611602 -0.79562342 -0.43059075
vn -0.28942651 -0.91528469 -0.28015393
vn -0.4270694 -0.79459041 -0.43155274
vn -0.42611602 -0.79562342 -0.43059075
vn -0.28910518 -0.91551644 -0.27972791
vn -0.18660966 -0.96767575 -0.16964807
vn -0.28942651 -0.91528469 -0.28015393
vn -0.28910518 -0.91551644 -0.27972791
vn -0.19292825 -0.96539921 -0.17545106
vn 0.18165231 -0.96673054 0.18009619
vn 0.12415477 -0.98460543 0.12303526
vn 0.12415477 -0.98460543 0.12303526
vn 0.18110116 -0.96693558 0.17954923
vn -0.1283741 -0.98489815 -0.11617098
vn -0.18660966 -0.96767575 -0.16964807
vn -0.19292825 -0.96539921 -0.17545106
vn -0.1283741 -0.98489815 -0.11617098
vn -0.64422941 -0.41227776 0.64420146
vn -0.69736123 -0.16545272 0.69736123
vn -0.69736129 -0.16545273 0.69736129
vn -0.64427108 -0.41214746 0.64424312
vn -0.57972544 -0.59080154 0.56113464
vn -0.64422941 -0.41227776 0.64420146
vn -0.64427108 -0.41214746 0.64424312
vn -0.58014929 -0.5897904 0.56175983
vn -0.44826227 -0.79063171 0.41708794
vn -0.57972544 -0.59080154 0.56113464
vn -0.58014929 -0.5897904 0.56175983
vn -0.44257367 -0.7966159 0.41174227
vn -0.28898659 -0.91651154 0.27657422
vn -0.44826227 -0.79063171 0.41708794
vn -0.44257367 -0.7966159 0.41174227
vn -0.28860387 -0.91672033 0.27628171
vn -0.1806214 -0.96684533 0.18051624
vn -0.28898659 -0.91651154 0.27657422
vn -0.28860387 -0.91672033 0.27628171
vn -0.18056791 -0.96686536 0.18046264
vn 0.12385045 -0.98456734 -0.12364575
vn 0.18060991 -0.96684903 -0.18050784
vn 0.1806099 -0.96684903 -0.18050781
vn 0.12385045 -0.98456734 -0.12364575
vn -0.12380367 -0.98457778 0.12360942
vn -0.1806214 -0.96684533 0.18051624
vn -0.18056791 -0.96686536 0.18046264
vn -0.12380367 -0.98457778 0.12360942
vn 0.70316994 -0.015992768 0.71084195
vn 0.69964606 -0.027771819 0.71394956
vn 0.69964606 -0.027771819 0.71394956
vn 0.70317096 -0.015989263 0.710841
vn -0.70872617 0.0014729433 0.70548213
vn -0.71232134 0.0012955898 0.70185232
vn -0.71194011 0.0016136923 0.70223826
vn -0.70872867 0.0014751839 0.70547968
vn 0.7018798 -0.022076719 -0.71195304
vn 0.70603067 -0.0055076266 -0.70815986
vn 0.70602608 -0.0055175466 -0.70816422
vn 0.70189434 -0.022006789 -0.71194106
vn 0.70548433 0.0014718804 -0.70872396
vn 0.70710659 -8.0117314e-07 -0.70710695
vn 0.70710659 -8.0168849e-07 -0.70710695
vn 0.70548189 0.0014741134 -0.70872641
vn -0.69710928 0.0010068562 0.71696413
vn -0.70945621 -0.0078588435 0.7047056
vn -0.70955056 -0.007897716 0.70461035
vn -0.69713759 0.001007523 0.71693659
vn 0.71045393 -0.013136942 -0.70362097
vn 0.71252751 -0.027785029 -0.70109391
vn 0.71252751 -0.027785029 -0.70109391
vn 0.71045434 -0.013139017 -0.70362061
vn -0.70710605 2.6705706e-07 0.70710748
vn -0.70872617 0.0014729433 0.70548213
vn -0.70872867 0.0014751839 0.70547968
vn -0.70710605 2.6722893e-07 0.70710748
vn -0.69951069 -0.02877738 0.71404248
vn -0.70326966 -0.014812686 0.710769
vn -0.70327246 -0.014801946 0.71076643
vn -0.69951069 -0.02877738 0.71404248
vn 0.70710659 -8.0117314e-07 -0.70710695
vn 0.7070294 0.00014437073 -0.70718408
vn 0.70702946 0.0001443747 -0.70718408
vn 0.70710659 -8.0168849e-07 -0.70710695
vn 0.69904763 -0.035436023 -0.71419644
vn 0.7018798 -0.022076719 -0.71195304
vn 0.70189434 -0.022006789 -0.71194106
vn 0.69904763 -0.035436023 -0.71419644
vn -0.70945621 -0.0078588435 0.7047056
vn -0.73020041 -0.016550412 0.68303251
vn -0.73020041 -0.016550412 0.68303251
vn -0.70955056 -0.007897716 0.70461035
vn -0.70702916 -0.00014341593 0.70718437
vn -0.70710605 2.6705706e-07 0.70710748
vn -0.70710605 2.6722893e-07 0.70710748
vn -0.70702922 -0.00014341951 0.70718443
vn 0.7070294 0.00014437073 -0.70718408
vn 0.70758832 0.0008979842 -0.70662439
vn 0.70758849 0.00089818978 -0.70662421
vn 0.70702946 0.0001443747 -0.70718408
vn -0.703183 0.0026276491 -0.71100414
vn -0.70185375 0.0012960699 -0.71231997
vn -0.70223987 0.0016142995 -0.71193862
vn -0.70318401 0.0026281285 -0.71100318
vn 0.70548314 0.0014724985 0.70872504
vn 0.70185345 0.0012954349 0.71232033
vn 0.70223981 0.0016134973 0.71193868
vn 0.70548069 0.0014747387 0.70872754
vn -0.70691377 -0.00056239625 0.70729959
vn -0.70702916 -0.00014341593 0.70718437
vn -0.70702922 -0.00014341951 0.70718443
vn -0.70691365 -0.00056259043 0.70729965
vn 0.71231991 0.0012957583 0.70185381
vn 0.70645738 0.00032766958 0.70775545
vn 0.70646322 0.00033159007 0.70774966
vn 0.71193868 0.0016138924 0.70223975
vn 0.70758832 0.0008979842 -0.70662439
vn 0.71045393 -0.013136942 -0.70362097
vn 0.71045434 -0.013139017 -0.70362061
vn 0.70758849 0.00089818978 -0.70662421
vn -0.69298005 -0.0029365174 -0.72095072
vn -0.703183 0.0026276491 -0.71100414
vn -0.70318401 0.0026281285 -0.71100318
vn -0.69305897 -0.0028934209 -0.72087514
vn -0.70326966 -0.014812686 0.710769
vn -0.70691377 -0.00056239625 0.70729959
vn -0.70691365 -0.00056259043 0.70729965
vn -0.70327246 -0.014801946 0.71076643
vn 0.70710588 0 0.70710772
vn 0.70548314 0.0014724985 0.70872504
vn 0.70548069 0.0014747387 0.70872754
vn 0.70710588 0 0.70710772
vn 0.70645738 0.00032766958 0.70775545
vn 0.69996047 -0.0068340204 0.71414894
vn 0.69994682 -0.0068578655 0.71416205
vn 0.70646322 0.00033159007 0.70774966
vn -0.70868289 0.0014631976 -0.70552558
vn -0.70710564 -7.5612712e-07 -0.7071079
vn -0.70710564 -7.5563969e-07 -0.70710796
vn -0.70869017 0.0014699802 -0.70551831
vn 0.70870221 0.00010604587 -0.70550776
vn 0.70870221 0.00010604587 -0.70550776
vn 0.70870137 0.00010381576 -0.70550871
vn 0.70870131 0.00010381695 -0.70550865
vn -0.71313453 -0.0081819883 0.70097947
vn -0.71313453 -0.0081819883 0.70097947
vn -0.71456921 -0.0014385124 0.69956332
vn -0.71456933 -0.0014376439 0.69956315
vn 0.70677978 -1.8860788e-05 0.7074337
vn 0.70677978 -1.8860788e-05 0.7074337
vn 0.70677924 -1.7338178e-05 0.70743424
vn 0.7067793 -1.7338261e-05 0.70743418
vn -0.74140114 -0.67106146 -0.00088861876
vn -0.74056786 -0.67198104 -0.00088776718
vn -0.82123429 -0.57059026 -0.00096911535
vn 0.0014809275 -0.58112973 -0.81380963
vn 0.0014422729 -0.58005881 -0.81457329
vn 0.0013785963 -0.62760764 -0.77852857
vn 0.0013332941 -0.6768592 -0.73611122
vn 0.81446213 -0.58021528 0.0012789381
vn 0.7348929 -0.67818266 -0.00081534934
vn 0.70945513 -0.70474917 -0.0014243549
vn -0.0011828148 -0.58090192 0.81397271
vn -0.0010542768 -0.67794973 0.7351076
vn -0.0010545399 -0.67777306 0.73527026
vn 0.70945513 -0.70474917 -0.0014243549
vn 0.7348929 -0.67818266 -0.00081534934
vn 0.62924248 -0.77720243 -0.0032005913
vn 0.62924248 -0.77720243 -0.0032005913
vn -0.71456933 -0.0014376439 0.69956315
vn -0.71456921 -0.0014385124 0.69956332
vn -0.71734649 0.012119462 0.69661111
vn -0.70713413 1.626787e-05 -0.70707935
vn -0.70713419 1.6277083e-05 -0.70707935
vn -0.70713878 1.0842361e-05 -0.70707482
vn 0.70870131 0.00010381695 -0.70550865
vn 0.70870137 0.00010381576 -0.70550871
vn 0.70869952 9.9331963e-05 -0.70551044
vn 0.70869952 9.9331963e-05 -0.70551044
vn 0.7067793 -1.7338261e-05 0.70743418
vn 0.70677924 -1.7338178e-05 0.70743424
vn 0.70677829 -1.4276763e-05 0.70743513
vn -0.74140114 -0.67106146 -0.00088861876
vn -0.63410789 -0.7732442 -0.00077754556
vn -0.74056786 -0.67198104 -0.00088776718
vn 0.0013785963 -0.62760764 -0.77852857
vn 0.0014422729 -0.58005881 -0.81457329
vn 0.0013577283 -0.57771337 -0.81623864
vn -0.0010542768 -0.67794973 0.7351076
vn -0.00088725303 -0.77583158 0.63093936
vn -0.0010545399 -0.67777306 0.73527026
vn 0.0013785963 -0.62760764 -0.77852857
vn 0.0011392533 -0.7738682 -0.6333456
vn 0.0013332941 -0.6768592 -0.73611122
vn -0.0065683462 -0.123634 -0.99230611
vn -0.0059336931 -0.13207239 -0.99122232
vn -0.0073162257 -0.0073168958 -0.99994642
vn -0.0073162257 -0.0073168958 -0.99994642
vn -0.70185381 0.0012947855 0.71231985
vn -0.70223981 0.0016126892 0.71193868
vn -0.70027876 0 0.71386945
vn -0.70027876 0 0.71386945
vn 0.99155498 -0.12968703 0
vn 0.99262595 -0.12121676 0
vn 1 0 0
vn 1 0 0
vn -0.99262589 -0.12121733 0
vn -0.99155486 -0.12968737 0
vn -1 0 0
vn -1 0 0
vn -0.71194011 0.0016136923 0.70223826
vn -0.71232134 0.0012955898 0.70185232
vn -0.71387094 0 0.70027733
vn -0.71387094 0 0.70027733
vn -0.00081786595 -0.13032976 -0.9914704
vn -0.00067658309 -0.12185995 -0.99254709
vn 0 0 -1
vn 0 0 -1
vn -0.69736129 -0.16545273 0.69736129
vn -0.69736123 -0.16545272 0.69736123
vn -0.70710683 0 0.70710683
vn -0.70710683 0 0.70710683
vn 0.70223981 0.0016134973 0.71193868
vn 0.70185345 0.0012954349 0.71232033
vn 0.70027667 0 0.71387154
vn 0.70027667 0 0.71387154
vn 0.71193844 0.0016142891 -0.70224011
vn 0.71231973 0.0012960769 -0.70185387
vn 0.71387011 0 -0.7002781
vn 0.71387011 0 -0.7002781
vn -0.00067694689 -0.12185953 0.99254715
vn -0.00081840658 -0.13032956 0.99147046
vn 0 0 0.99999994
vn 0 0 0.99999994
vn 0.69736141 -0.16545278 0.69736111
vn 0.69736141 -0.16545288 0.69736111
vn 0.70710677 0 0.70710677
vn 0.70710677 0 0.70710677
vn -0.70223987 0.0016142995 -0.71193862
vn -0.70185375 0.0012960699 -0.71231997
vn -0.7002781 0 -0.71387017
vn -0.7002781 0 -0.71387017
vn -0.99147099 -0.13032487 0.00082747225
vn -0.99254864 -0.12184735 0.00070210034
vn -1 0 0
vn -1 0 0
vn -0.69736177 -0.16545267 -0.69736069
vn -0.69736177 -0.16545261 -0.69736075
vn -0.70710725 0 -0.70710623
vn -0.70710725 0 -0.70710623
vn 0.00082035951 -0.13032922 0.99147046
vn 0.00068180828 -0.12185764 0.99254733
vn 0 0 1
vn 0 0 1
vn 0.69736177 -0.16545242 -0.69736075
vn 0.69736177 -0.16545233 -0.69736081
vn 0.70710725 0 -0.70710623
vn 0.70710725 0 -0.70710623
vn 0.99254864 -0.12184669 0.00070209807
vn 0.99147105 -0.13032453 0.00082738616
vn 1 0 0
vn 1 0 0
vn 0.71231991 0.0012957583 0.70185381
vn 0.71193868 0.0016138924 0.70223975
vn 0.71386939 0 0.70027876
vn 0.71386939 0 0.70027876
vn -0.70713192 1.8980732e-05 -0.70708168
vn -0.70713192 1.8980732e-05 -0.70708168
vn -0.70713419 1.6277083e-05 -0.70707935
vn -0.70713413 1.626787e-05 -0.70707935
vn 2.5071094e-08 -0.93788505 -0.3469463
vn 1.219757e-07 -0.85065007 -0.52573222
vn 0 -0.85065007 -0.52573228
vn 0 -0.93788499 -0.34694636
vn 0 -0.68721497 -0.72645414
vn 0.00077635614 -0.46619159 -0.88468343
vn 0.001039419 -0.4658933 -0.88484031
vn 0 -0.68721509 -0.72645396
vn 7.9195206e-06 -0.30541053 -0.95222074
vn -0.0059336931 -0.13207239 -0.99122232
vn -0.0065683462 -0.123634 -0.99230611
vn -0.0018615184 -0.30562675 -0.95214951
vn -0.71229231 0.0012871545 -0.70188177
vn -0.70868289 0.0014631976 -0.70552558
vn -0.70869017 0.0014699802 -0.70551831
vn -0.71189803 0.0016082899 -0.702281
vn -4.9723202e-08 -0.85065031 0.5257318
vn -3.8467439e-07 -0.68721569 0.72645342
vn -7.4107027e-07 -0.73025918 0.6831702
vn 1.5849088e-07 -0.87079555 0.49164531
vn -3.8467439e-07 -0.68721569 0.72645342
vn 0.00077600963 -0.46619204 0.88468325
vn 0.00037787546 -0.49024218 0.87158614
vn -7.4107027e-07 -0.73025918 0.6831702
vn -0.71386969 0 -0.70027858
vn -0.71229231 0.0012871545 -0.70188177
vn -0.71189803 0.0016082899 -0.702281
vn -0.71386969 0 -0.70027858
vn 1.219757e-07 -0.85065007 -0.52573222
vn 0 -0.68721497 -0.72645414
vn 0 -0.68721509 -0.72645396
vn 0 -0.85065007 -0.52573228
vn 0.00077635614 -0.46619159 -0.88468343
vn 7.9195206e-06 -0.30541053 -0.95222074
vn -0.0018615184 -0.30562675 -0.95214951
vn 0.001039419 -0.4658933 -0.88484031
vn 2.1935394e-07 -0.93788487 0.34694642
vn -4.9723202e-08 -0.85065031 0.5257318
vn 1.5849088e-07 -0.87079555 0.49164531
vn 4.1451716e-07 -0.9545604 0.29801741
vn -9.3253435e-14 -1 4.7424905e-07
vn 2.1935394e-07 -0.93788487 0.34694642
vn 4.1451716e-07 -0.9545604 0.29801741
vn -4.57441e-13 -1 -4.3169547e-07
vn -9.3253435e-14 -1 4.7424905e-07
vn 2.5071094e-08 -0.93788505 -0.3469463
vn 0 -0.93788499 -0.34694636
vn 0 -1 1.2027346e-06
vn 0.00077600963 -0.46619204 0.88468325
vn 0.0017910576 -0.30789062 0.95142007
vn 0.0016996773 -0.32050872 0.94724405
vn 0.00037787546 -0.49024218 0.87158614
vn 0.0017910576 -0.30789062 0.95142007
vn 0.00082035951 -0.13032922 0.99147046
vn 0.0016996773 -0.32050872 0.94724405
vn 0.7264539 -0.68721527 0
vn 0.52645522 -0.8502028 5.4170506e-08
vn 0.49269009 -0.87020481 1.5585431e-07
vn 0.68317091 -0.73025846 0
vn 0.99147105 -0.13032453 0.00082738616
vn 0.95141631 -0.30790249 0.0017888248
vn 0.94723737 -0.32052857 0.0016557407
vn 0.52645522 -0.8502028 5.4170506e-08
vn 0.34727803 -0.93776226 9.5463179e-08
vn 0.29769534 -0.95466089 1.7830747e-07
vn 0.49269009 -0.87020481 1.5585431e-07
vn -0.34694639 -0.93788499 -1.0350543e-07
vn -0.00049576326 -0.99999982 -5.2471844e-10
vn -0.00049533806 -0.99999982 0
vn -0.34694639 -0.93788499 0
vn -0.52573282 -0.85064989 -6.170432e-08
vn -0.34694639 -0.93788499 -1.0350543e-07
vn -0.34694639 -0.93788499 0
vn -0.52573287 -0.85064977 0
vn -0.88467336 -0.46621066 0.00075820507
vn -0.72645384 -0.68721521 0
vn -0.72645372 -0.68721533 0
vn -0.88482857 -0.46591553 0.0010391556
vn -0.99147099 -0.13032487 0.00082747225
vn -0.95141602 -0.30790299 0.0017893767
vn -0.95161051 -0.30730191 0.0017322834
vn -0.99254864 -0.12184735 0.00070210034
vn 0.70185494 0.0012955912 -0.71231878
vn 0.70548433 0.0014718804 -0.70872396
vn 0.70548189 0.0014741134 -0.70872641
vn 0.70224118 0.0016136928 -0.71193731
vn 0.95141631 -0.30790249 0.0017888248
vn 0.8846733 -0.4662109 0.00075802876
vn 0.87157989 -0.49025324 0.00035157643
vn 0.94723737 -0.32052857 0.0016557407
vn 0.8846733 -0.4662109 0.00075802876
vn 0.7264539 -0.68721527 0
vn 0.68317091 -0.73025846 0
vn 0.87157989 -0.49025324 0.00035157643
vn 0.34727803 -0.93776226 9.5463179e-08
vn -0.00049576326 -0.99999982 -5.2471844e-10
vn -0.000186947 -1 -8.3900842e-10
vn 0.29769534 -0.95466089 1.7830747e-07
vn -0.72645384 -0.68721521 0
vn -0.52573282 -0.85064989 -6.170432e-08
vn -0.52573287 -0.85064977 0
vn -0.72645372 -0.68721533 0
vn -0.95141602 -0.30790299 0.0017893767
vn -0.88467336 -0.46621066 0.00075820507
vn -0.88482857 -0.46591553 0.0010391556
vn -0.95161051 -0.30730191 0.0017322834
vn 0.70027876 0 -0.71386945
vn 0.70185494 0.0012955912 -0.71231878
vn 0.70224118 0.0016136928 -0.71193731
vn 0.70027876 0 -0.71386945
vn 0 -0.68636823 -0.72725409
vn -0.00077969319 -0.46405461 -0.8858062
vn -0.00038360473 -0.48760703 -0.87306309
vn 0 -0.73040557 -0.68301368
vn -0.00077969319 -0.46405461 -0.8858062
vn -0.0017891919 -0.30788726 -0.9514212
vn -0.0017061167 -0.32050362 -0.94724578
vn -0.00038360473 -0.48760703 -0.87306309
vn 2.493733e-08 -0.93788505 -0.34694624
vn 1.2164146e-07 -0.85130382 -0.52467316
vn 3.4972967e-07 -0.87110466 -0.49109736
vn -1.5623364e-07 -0.95456052 -0.29801717
vn -3.4197947e-07 -0.85065013 0.5257321
vn -7.6486145e-07 -0.68721581 0.72645324
vn -8.3860863e-07 -0.68721563 0.72645354
vn 0 -0.85064995 0.52573258
vn -0.00078058132 -0.46618789 0.88468546
vn -0.00179037 -0.30788749 0.95142108
vn -0.0017070184 -0.30728552 0.95161581
vn -0.0010399222 -0.46588933 0.8848424
vn 9.6953947e-08 -0.93788493 0.34694654
vn -3.4197947e-07 -0.85065013 0.5257321
vn 0 -0.85064995 0.52573258
vn 0 -0.93788499 0.34694636
vn -9.3253398e-15 -1 -2.1023403e-07
vn 2.493733e-08 -0.93788505 -0.34694624
vn -1.5623364e-07 -0.95456052 -0.29801717
vn 1.8297646e-14 -0.99999994 1.055256e-07
vn -0.0017891919 -0.30788726 -0.9514212
vn -0.00081786595 -0.13032976 -0.9914704
vn -0.0017061167 -0.32050362 -0.94724578
vn 1.2164146e-07 -0.85130382 -0.52467316
vn 0 -0.68636823 -0.72725409
vn 0 -0.73040557 -0.68301368
vn 3.4972967e-07 -0.87110466 -0.49109736
vn -9.3253398e-15 -1 -2.1023403e-07
vn 9.6953947e-08 -0.93788493 0.34694654
vn 0 -0.93788499 0.34694636
vn 0 -1 -4.2046807e-07
vn -7.6486145e-07 -0.68721581 0.72645324
vn -0.00078058132 -0.46618789 0.88468546
vn -0.0010399222 -0.46588933 0.8848424
vn -8.3860863e-07 -0.68721563 0.72645354
vn -0.00179037 -0.30788749 0.95142108
vn -0.00081840658 -0.13032956 0.99147046
vn -0.00067694689 -0.12185953 0.99254715
vn -0.0017070184 -0.30728552 0.95161581
vn -0.8844831 -0.4665722 -1.4171106e-07
vn -0.7264539 -0.68721521 7.6575397e-08
vn -0.6831705 -0.73025888 0
vn -0.87155288 -0.49030155 0
vn 0.72645384 -0.68721527 7.6575375e-08
vn 0.52573234 -0.85065001 1.8577514e-07
vn 0.5257324 -0.85065007 1.5156465e-07
vn 0.72645378 -0.68721533 1.5315065e-07
vn 0.95143706 -0.30784327 -1.4131109e-07
vn 0.88448292 -0.46657246 -1.4171083e-07
vn 0.8844828 -0.46657294 -2.8342174e-07
vn 0.95143723 -0.30784288 -2.826213e-07
vn 0.34694564 -0.93788522 1.8361408e-07
vn -1.0022786e-06 -1 -7.7931522e-10
vn -2.1316755e-06 -1 1.3055476e-13
vn 0.3469449 -0.93788552 -1.1509716e-08
vn -0.7264539 -0.68721521 7.6575397e-08
vn -0.52573198 -0.85065025 -1.9898312e-08
vn -0.4919939 -0.87059867 -2.7437704e-07
vn -0.6831705 -0.73025888 0
vn -0.99155486 -0.12968737 0
vn -0.95143729 -0.30784264 -1.4131116e-07
vn -0.94743967 -0.31993464 0
vn -0.52573198 -0.85065025 -1.9898312e-08
vn -0.34694624 -0.93788505 -1.7003427e-07
vn -0.29880041 -0.95431554 -3.3635104e-07
vn -0.4919939 -0.87059867 -2.7437704e-07
vn -0.95143729 -0.30784264 -1.4131116e-07
vn -0.8844831 -0.4665722 -1.4171106e-07
vn -0.87155288 -0.49030155 0
vn -0.94743967 -0.31993464 0
vn -0.34694624 -0.93788505 -1.7003427e-07
vn -1.0022786e-06 -1 -7.7931522e-10
vn 0.0038290143 -0.99999273 3.4343752e-09
vn -0.29880041 -0.95431554 -3.3635104e-07
vn 0.88448292 -0.46657246 -1.4171083e-07
vn 0.72645384 -0.68721527 7.6575375e-08
vn 0.72645378 -0.68721533 1.5315065e-07
vn 0.8844828 -0.46657294 -2.8342174e-07
vn 0.99155498 -0.12968703 0
vn 0.95143706 -0.30784327 -1.4131109e-07
vn 0.95143723 -0.30784288 -2.826213e-07
vn 0.99262595 -0.12121676 0
vn 0.52573234 -0.85065001 1.8577514e-07
vn 0.34694564 -0.93788522 1.8361408e-07
vn 0.3469449 -0.93788552 -1.1509716e-08
vn 0.5257324 -0.85065007 1.5156465e-07
vn 0 -0.93776232 0.34727764
vn 0 -0.99999994 -0.00049556303
vn 0 -0.99999982 -0.00049592956
vn 0 -0.9377622 0.34727776
vn 0.29801777 -0.95456034 -1.4249025e-07
vn 0.49164593 -0.87079525 -1.2060826e-07
vn 0.52573234 -0.85065007 7.3035444e-08
vn 0.34694636 -0.93788499 -2.8500029e-08
vn 0.49164593 -0.87079525 -1.2060826e-07
vn 0.68317056 -0.73025888 1.355634e-07
vn 0.72645384 -0.68721521 1.8010287e-07
vn 0.52573234 -0.85065007 7.3035444e-08
vn 0.68317056 -0.73025888 1.355634e-07
vn 0.87158644 -0.4902418 0.00037929506
vn 0.88468319 -0.46619189 0.00077688694
vn 0.72645384 -0.68721521 1.8010287e-07
vn 0.87158644 -0.4902418 0.00037929506
vn 0.94819307 -0.31769028 0.0016708538
vn 0.9522205 -0.30541128 7.5079561e-06
vn 0.88468319 -0.46619189 0.00077688694
vn 0.94819307 -0.31769028 0.0016708538
vn 0.9912222 -0.13207279 -0.0059340377
vn 0.9522205 -0.30541128 7.5079561e-06
vn 3.7413616e-07 -1 3.1044238e-09
vn -0.298017 -0.95456058 1.6135813e-07
vn -0.34694645 -0.93788493 8.0952681e-08
vn 8.4582547e-07 -1 7.3729765e-09
vn -3.4912182e-07 -0.87079531 0.49164575
vn -1.2137143e-07 -0.85065001 0.52573246
vn 0 -0.68721521 0.72645384
vn 0 -0.73025888 0.6831705
vn 0 -0.73025888 0.6831705
vn 0 -0.68721521 0.72645384
vn 1.3811261e-07 -0.46657228 0.8844831
vn 2.0362801e-07 -0.49030131 0.871553
vn 2.0362801e-07 -0.49030131 0.871553
vn 1.3811261e-07 -0.46657228 0.8844831
vn 4.86798e-07 -0.30784312 0.95143712
vn 8.988751e-07 -0.31993589 0.94743919
vn 8.988751e-07 -0.31993589 0.94743919
vn 4.86798e-07 -0.30784312 0.95143712
vn 1.0107343e-07 -0.12968715 0.99155504
vn 0.34694651 -0.93788487 1.4842402e-07
vn 0.52467263 -0.85130399 1.2544282e-07
vn 0.52467275 -0.85130399 5.7412702e-08
vn 0.34694639 -0.93788499 1.1947912e-08
vn -9.7783257e-09 -0.99999994 0
vn -0.34694615 -0.93788499 -1.3510878e-07
vn -0.34694633 -0.93788499 -5.486237e-10
vn -1.4667491e-08 -1 -7.7759288e-10
vn 1.6986368e-07 -0.95456034 -0.29801744
vn 1.6088097e-07 -0.93788493 -0.34694648
vn 2.3110327e-07 -0.85064995 -0.52573246
vn 5.4234971e-07 -0.87115586 -0.49100655
vn 5.4234971e-07 -0.87115586 -0.49100655
vn 2.3110327e-07 -0.85064995 -0.52573246
vn 2.7266919e-08 -0.68721527 -0.72645372
vn 1.3435834e-07 -0.7291376 -0.68436718
vn 1.3435834e-07 -0.7291376 -0.68436718
vn 2.7266919e-08 -0.68721527 -0.72645372
vn -0.00075794256 -0.46621078 -0.8846733
vn -0.0003551812 -0.48959646 -0.87194908
vn -0.0003551812 -0.48959646 -0.87194908
vn -0.00075794256 -0.46621078 -0.8846733
vn -0.0017884631 -0.30790281 -0.95141613
vn -0.0016556421 -0.32052916 -0.94723725
vn -0.0016556421 -0.32052916 -0.94723725
vn -0.0017884631 -0.30790281 -0.95141613
vn -0.00082703796 -0.13032442 -0.99147111
vn 4.7966186e-08 -1 -1.5552361e-09
vn 0.29801777 -0.95456034 -1.4249025e-07
vn 0.34694636 -0.93788499 -2.8500029e-08
vn -1.4667491e-08 -1 -7.7759288e-10
vn -0.49164575 -0.87079531 -1.5188705e-09
vn -0.68317014 -0.7302593 -6.8745908e-07
vn -0.72645342 -0.68721563 -8.2807355e-07
vn -0.52573222 -0.85065013 -3.0324412e-07
vn -0.68317014 -0.7302593 -6.8745908e-07
vn -0.87158799 -0.49023879 -0.00038491786
vn -0.88468552 -0.46618766 -0.00078063295
vn -0.72645342 -0.68721563 -8.2807355e-07
vn -0.87158799 -0.49023879 -0.00038491786
vn -0.94724554 -0.32050422 -0.0017079434
vn -0.9514212 -0.30788732 -0.0017901928
vn -0.88468552 -0.46618766 -0.00078063295
vn -0.94724554 -0.32050422 -0.0017079434
vn -0.99147052 -0.13032924 -0.00081806979
vn -0.9514212 -0.30788732 -0.0017901928
vn -0.298017 -0.95456058 1.6135813e-07
vn -0.49164575 -0.87079531 -1.5188705e-09
vn -0.52573222 -0.85065013 -3.0324412e-07
vn -0.34694645 -0.93788493 8.0952681e-08
vn -0.88483983 -0.46589407 0.0010391403
vn -0.9516148 -0.30728865 0.0017119352
vn -0.95142019 -0.30789036 0.0017904479
vn -0.88468307 -0.46619233 0.00077620259
vn -0.52573234 -0.85065007 -2.7115232e-07
vn -0.72645336 -0.68721575 -1.4902679e-07
vn -0.7264533 -0.68721581 -2.7627155e-07
vn -0.52573222 -0.85065019 -1.4419511e-07
vn -0.9516148 -0.30728865 0.0017119352
vn -0.99254739 -0.1218575 0.00068180601
vn -0.99147052 -0.13032904 0.00082015514
vn -0.95142019 -0.30789036 0.0017904479
vn -0.72645336 -0.68721575 -1.4902679e-07
vn -0.88483983 -0.46589407 0.0010391403
vn -0.88468307 -0.46619233 0.00077620259
vn -0.7264533 -0.68721581 -2.7627155e-07
vn -1.2839699e-07 -0.9545604 0.29801738
vn -1.2160712e-07 -0.93788499 0.3469463
vn -1.2137143e-07 -0.85065001 0.52573246
vn -3.4912182e-07 -0.87079531 0.49164575
vn -0.0017314209 -0.30730158 0.95161057
vn -0.0010386393 -0.46591565 0.88482857
vn -0.0007582251 -0.46621078 0.8846733
vn -0.0017887808 -0.30790251 0.95141619
vn 0 -0.68721575 0.7264533
vn 0 -0.85020339 0.52645439
vn -1.7488127e-07 -0.85020328 0.52645451
vn -1.7672488e-07 -0.68721575 0.72645342
vn 1.2418479e-06 -1 1.1641506e-08
vn 0.34694651 -0.93788487 1.4842402e-07
vn 0.34694639 -0.93788499 1.1947912e-08
vn 8.4582547e-07 -1 7.3729765e-09
vn -0.00070174923 -0.1218471 0.99254858
vn -0.0017314209 -0.30730158 0.95161057
vn -0.0017887808 -0.30790251 0.95141619
vn -0.00082703895 -0.13032496 0.99147105
vn -0.0010386393 -0.46591565 0.88482857
vn 0 -0.68721575 0.7264533
vn -1.7672488e-07 -0.68721575 0.72645342
vn -0.0007582251 -0.46621078 0.8846733
vn 0 -0.85020339 0.52645439
vn 0 -0.93776232 0.34727764
vn 0 -0.9377622 0.34727776
vn -1.7488127e-07 -0.85020328 0.52645451
vn 0.95161599 -0.30728522 -0.0017073778
vn 0.99254715 -0.12185927 -0.00067730917
vn 0.9914704 -0.1303293 -0.00081874448
vn 0.95142108 -0.30788741 -0.0017904179
vn 0.72725391 -0.68636853 0
vn 0.88596272 -0.46375534 -0.0010388312
vn 0.88580638 -0.46405452 -0.0007798337
vn 0.72725397 -0.68636847 2.153925e-08
vn -0.34694615 -0.93788499 -1.3510878e-07
vn -0.52573234 -0.85065007 -2.7115232e-07
vn -0.52573222 -0.85065019 -1.4419511e-07
vn -0.34694633 -0.93788499 -5.486237e-10
vn 0.88596272 -0.46375534 -0.0010388312
vn 0.95161599 -0.30728522 -0.0017073778
vn 0.95142108 -0.30788741 -0.0017904179
vn 0.88580638 -0.46405452 -0.0007798337
vn 0.52467263 -0.85130399 1.2544282e-07
vn 0.72725391 -0.68636853 0
vn 0.72725397 -0.68636847 2.153925e-08
vn 0.52467275 -0.85130399 5.7412702e-08
vn 0 -1 -0.00018696624
vn 0 -0.99999982 -0.00049592956
vn 1.6088097e-07 -0.93788493 -0.34694648
vn 1.6986368e-07 -0.95456034 -0.29801744
vn 0 -0.12121736 -0.99262589
vn 0 -0.3078433 -0.95143712
vn 9.7359612e-07 -0.3078433 -0.95143706
vn 2.0214696e-07 -0.12968759 -0.99155486
vn 0 -0.46657214 -0.88448316
vn 0 -0.68721539 -0.72645366
vn 3.8045926e-07 -0.68721533 -0.72645372
vn 4.8263297e-07 -0.4665722 -0.88448304
vn 0 -0.85065025 -0.52573204
vn 0 -0.93788499 -0.34694645
vn 1.2270874e-07 -0.93788499 -0.34694636
vn 2.9283476e-07 -0.85065025 -0.52573204
vn 0 -0.99999273 0.0038289267
vn 0 -1 -3.0312819e-07
vn -1.2160712e-07 -0.93788499 0.3469463
vn -1.2839699e-07 -0.9545604 0.29801738
vn 0 -0.3078433 -0.95143712
vn 0 -0.46657214 -0.88448316
vn 4.8263297e-07 -0.4665722 -0.88448304
vn 9.7359612e-07 -0.3078433 -0.95143706
vn 0 -0.68721539 -0.72645366
vn 0 -0.85065025 -0.52573204
vn 2.9283476e-07 -0.85065025 -0.52573204
vn 3.8045926e-07 -0.68721533 -0.72645372
vn 0 -0.93788499 -0.34694645
vn 0 -1 -6.5514803e-07
vn 0 -1 -3.0312819e-07
vn 1.2270874e-07 -0.93788499 -0.34694636
vn -0.70695186 -0.00021578335 -0.70726156
vn -0.71696448 0.0010063802 -0.69710881
vn -0.71693712 0.0010070459 -0.69713718
vn -0.70695114 -0.00021664666 -0.70726234
vn 0.69957006 -0.028054528 -0.71401304
vn 0.70369917 -0.011911985 -0.71039826
vn 0.70370042 -0.011906833 -0.71039701
vn 0.69957006 -0.028054528 -0.71401304
vn 0.70815891 -0.0055068615 0.70603162
vn 0.70714581 0.00095498346 0.70706719
vn 0.70714551 0.00095254171 0.70706743
vn 0.70816338 -0.0055167805 0.70602703
vn 0.7106421 -0.014040645 -0.70341355
vn 0.71402097 -0.028078683 -0.69956094
vn 0.71402097 -0.028078683 -0.69956094
vn 0.71064103 -0.014036313 -0.7034148
vn -0.69956219 -0.028083967 0.71401966
vn -0.70341194 -0.014043571 0.71064371
vn -0.70341325 -0.014038878 0.71064264
vn -0.69956219 -0.028083967 0.71401966
vn 0.70710468 7.3046482e-07 -0.70710897
vn 0.7106421 -0.014040645 -0.70341355
vn 0.71064103 -0.014036313 -0.7034148
vn 0.70710468 7.3035415e-07 -0.70710886
vn -0.70607907 -0.00098919787 -0.70813233
vn -0.70695186 -0.00021578335 -0.70726156
vn -0.70695114 -0.00021664666 -0.70726234
vn -0.70607895 -0.00098932919 -0.70813239
vn -0.7095226 -0.0090936041 0.704624
vn -0.7108416 -0.015993018 0.70317024
vn -0.71084064 -0.015989514 0.70317131
vn -0.70952624 -0.0091029853 0.7046203
vn -0.70341194 -0.014043571 0.71064371
vn -0.70710492 2.3903218e-07 0.70710862
vn -0.70710492 2.3891417e-07 0.70710868
vn -0.70341325 -0.014038878 0.71064264
vn 0.70714581 0.00095498346 0.70706719
vn 0.706994 0.0023093228 0.70721585
vn 0.70699322 0.002306689 0.7072165
vn 0.70714551 0.00095254171 0.70706743
vn 0.70369917 -0.011911985 -0.71039826
vn 0.70442325 0.013496195 -0.70965183
vn 0.70443463 0.013463556 -0.70964122
vn 0.70370042 -0.011906833 -0.71039701
vn 0.70710659 8.5612521e-07 -0.70710701
vn 0.70710468 7.3046482e-07 -0.70710897
vn 0.70710468 7.3035415e-07 -0.70710886
vn 0.70710659 8.5612817e-07 -0.70710701
vn -0.70839953 0.0013079182 -0.70581031
vn -0.70607907 -0.00098919787 -0.70813233
vn -0.70607895 -0.00098932919 -0.70813239
vn -0.70840257 0.0013104023 -0.70580745
vn -0.71403182 -0.012698751 0.69999802
vn -0.7095226 -0.0090936041 0.704624
vn -0.70952624 -0.0091029853 0.7046203
vn -0.7140429 -0.012693317 0.69998688
vn -0.70710492 2.3903218e-07 0.70710862
vn -0.70710629 2.3903127e-07 0.70710731
vn -0.70710623 2.3903829e-07 0.70710737
vn -0.70710492 2.3891417e-07 0.70710868
vn 0.706994 0.0023093228 0.70721585
vn 0.70515466 0.0016380622 0.70905149
vn 0.70515281 0.0016400475 0.70905358
vn 0.70699322 0.002306689 0.7072165
vn 0.70442325 0.013496195 -0.70965183
vn 0.71584827 0.0072671883 -0.69821805
vn 0.71580142 0.0073173335 -0.69826555
vn 0.70443463 0.013463556 -0.70964122
vn 0.70710778 3.7806234e-07 -0.7071057
vn 0.70710659 8.5612521e-07 -0.70710701
vn 0.70710659 8.5612817e-07 -0.70710701
vn 0.70710784 3.7781848e-07 -0.70710576
vn -0.7123192 0.0012955893 -0.70185453
vn -0.70839953 0.0013079182 -0.70581031
vn -0.70840257 0.0013104023 -0.70580745
vn -0.71193802 0.0016136904 -0.70224047
vn -0.71414942 -0.0068334583 0.69995993
vn -0.71403182 -0.012698751 0.69999802
vn -0.7140429 -0.012693317 0.69998688
vn -0.71416247 -0.0068572792 0.69994628
vn -0.70710629 2.3903127e-07 0.70710731
vn -0.70710754 0 0.70710605
vn -0.70710748 0 0.70710605
vn -0.70710623 2.3903829e-07 0.70710737
vn 0.71584827 0.0072671883 -0.69821805
vn 0.72094923 -0.0029375574 -0.6929816
vn 0.72087365 -0.0028944307 -0.69306052
vn 0.71580142 0.0073173335 -0.69826555
vn 0.70515466 0.0016380622 0.70905149
vn 0.70185423 0.0012959173 0.71231955
vn 0.70224011 0.0016140891 0.71193838
vn 0.70515281 0.0016400475 0.70905358
vn 0.64424533 -0.41218033 0.64424783
vn 0.69735891 -0.16545212 0.69736373
vn 0.69735873 -0.16545293 0.69736367
vn 0.64424533 -0.41218033 0.64424789
vn 0.56896317 -0.59376878 0.56896353
vn 0.64424533 -0.41218033 0.64424783
vn 0.64424533 -0.41218033 0.64424789
vn 0.56896323 -0.59376884 0.56896359
vn 0.4285931 -0.79537195 0.42859241
vn 0.56896317 -0.59376878 0.56896353
vn 0.56896323 -0.59376884 0.56896359
vn 0.42859319 -0.79537195 0.42859247
vn 0.28375405 -0.91595179 0.28375334
vn 0.4285931 -0.79537195 0.42859241
vn 0.42859319 -0.79537195 0.42859247
vn 0.28375414 -0.91595173 0.2837534
vn 0.18050811 -0.96684909 0.18060939
vn 0.28375405 -0.91595179 0.28375334
vn 0.28375414 -0.91595173 0.2837534
vn 0.18050803 -0.96684909 0.1806093
vn -0.69736135 -0.16545293 0.69736111
vn -0.64424568 -0.41218096 0.64424717
vn -0.6442458 -0.41218069 0.64424723
vn -0.69736141 -0.16545294 0.69736111
vn -0.64424568 -0.41218096 0.64424717
vn -0.56896234 -0.59376907 0.56896406
vn -0.56896234 -0.59376907 0.56896406
vn -0.6442458 -0.41218069 0.64424723
vn -0.56896234 -0.59376907 0.56896406
vn -0.42858839 -0.7953766 0.42858848
vn -0.42859524 -0.79536915 0.4285953
vn -0.56896234 -0.59376907 0.56896406
vn -0.42858839 -0.7953766 0.42858848
vn -0.28339803 -0.91586643 0.28438404
vn -0.28337434 -0.91588092 0.28436083
vn -0.42859524 -0.79536915 0.4285953
vn -0.28339803 -0.91586643 0.28438404
vn -0.18009923 -0.96673018 0.18165119
vn -0.17955226 -0.96693516 0.18110006
vn -0.28337434 -0.91588092 0.28436083
vn 0.6442402 -0.41219643 -0.64424276
vn 0.69736153 -0.16545239 -0.69736099
vn 0.69736153 -0.16545239 -0.69736099
vn 0.64424616 -0.41217783 -0.64424872
vn 0.57061332 -0.59313369 -0.56797248
vn 0.6442402 -0.41219643 -0.64424276
vn 0.64424616 -0.41217783 -0.64424872
vn 0.57058084 -0.59319782 -0.56793815
vn 0.43155354 -0.79459 -0.42706934
vn 0.57061332 -0.59313369 -0.56797248
vn 0.57058084 -0.59319782 -0.56793815
vn 0.43059152 -0.79562312 -0.42611596
vn 0.28015313 -0.91528511 -0.28942609
vn 0.43155354 -0.79459 -0.42706934
vn 0.43059152 -0.79562312 -0.42611596
vn 0.27972722 -0.91551685 -0.28910482
vn 0.16964513 -0.96767616 -0.18661019
vn 0.28015313 -0.91528511 -0.28942609
vn 0.27972722 -0.91551685 -0.28910482
vn 0.17544839 -0.96539962 -0.19292873
vn -0.18009923 -0.96673018 0.18165119
vn -0.12303837 -0.98460495 0.12415588
vn -0.12303837 -0.98460495 0.12415588
vn -0.17955226 -0.96693516 0.18110006
vn 0.11616641 -0.98489845 -0.12837611
vn 0.16964513 -0.96767616 -0.18661019
vn 0.17544839 -0.96539962 -0.19292873
vn 0.11616641 -0.98489845 -0.12837611
vn -0.64420038 -0.41227853 -0.64422995
vn -0.69736087 -0.16545343 -0.69736147
vn -0.69736093 -0.16545276 -0.69736159
vn -0.64424211 -0.41214842 -0.64427161
vn -0.56113428 -0.59080136 -0.57972598
vn -0.64420038 -0.41227853 -0.64422995
vn -0.64424211 -0.41214842 -0.64427161
vn -0.56175947 -0.58979023 -0.58014983
vn -0.41708902 -0.79063106 -0.44826239
vn -0.56113428 -0.59080136 -0.57972598
vn -0.56175947 -0.58979023 -0.58014983
vn -0.41174331 -0.79661536 -0.44257367
vn -0.27657479 -0.91651171 -0.28898591
vn -0.41708902 -0.79063106 -0.44826239
vn -0.41174331 -0.79661536 -0.44257367
vn -0.27628222 -0.91672039 -0.28860313
vn -0.18051636 -0.96684527 -0.1806211
vn -0.27657479 -0.91651171 -0.28898591
vn -0.27628222 -0.91672039 -0.28860313
vn -0.1804627 -0.96686542 -0.18056753
vn 0.12364776 -0.98456711 0.12385043
vn 0.18050811 -0.96684909 0.18060939
vn 0.18050803 -0.96684909 0.1806093
vn 0.12364776 -0.98456711 0.12385043
vn -0.1236103 -0.98457772 -0.12380334
vn -0.18051636 -0.96684527 -0.1806211
vn -0.1804627 -0.96686542 -0.18056753
vn -0.1236103 -0.98457772 -0.12380334
vn -0.7108416 -0.015993018 0.70317024
vn -0.71394879 -0.027770797 0.69964695
vn -0.71394879 -0.027770797 0.69964695
vn -0.71084064 -0.015989514 0.70317131
vn -0.70548254 0.001471962 -0.70872575
vn -0.70185184 0.001296208 -0.71232182
vn -0.70223796 0.0016141217 -0.71194041
vn -0.7054801 0.0014742019 -0.70872825
vn 0.7119537 -0.022074554 0.70187932
vn 0.70815891 -0.0055068615 0.70603162
vn 0.70816338 -0.0055167805 0.70602703
vn 0.7119416 -0.022004686 0.70189375
vn 0.70872653 0.0014731261 0.70548177
vn 0.70710886 8.3414767e-07 0.70710474
vn 0.70710891 8.3395508e-07 0.70710474
vn 0.70872897 0.0014753672 0.70547932
vn -0.71696448 0.0010063802 -0.69710881
vn -0.70470572 -0.0078577045 -0.70945615
vn -0.70461041 -0.0078965425 -0.70955044
vn -0.71693712 0.0010070459 -0.69713718
vn 0.70362085 -0.013138693 0.71045417
vn 0.70109355 -0.027786769 0.71252769
vn 0.70109355 -0.027786769 0.71252769
vn 0.70362043 -0.013140786 0.71045452
vn -0.70710933 -1.6682922e-06 -0.70710433
vn -0.70548254 0.001471962 -0.70872575
vn -0.7054801 0.0014742019 -0.70872825
vn -0.70710927 -1.6679071e-06 -0.70710427
vn -0.71404368 -0.028778788 -0.69950938
vn -0.71077019 -0.014813378 -0.70326835
vn -0.71076757 -0.014802664 -0.70327109
vn -0.71404368 -0.028778788 -0.69950938
vn 0.70710886 8.3414767e-07 0.70710474
vn 0.70718467 0.00014469837 0.70702893
vn 0.70718473 0.00014470298 0.70702887
vn 0.70710891 8.3395508e-07 0.70710474
vn 0.71419853 -0.035433304 0.69904572
vn 0.7119537 -0.022074554 0.70187932
vn 0.7119416 -0.022004686 0.70189375
vn 0.71419853 -0.035433304 0.69904572
vn -0.70470572 -0.0078577045 -0.70945615
vn -0.68302983 -0.016548101 -0.73020297
vn -0.68302983 -0.016548101 -0.73020297
vn -0.70461041 -0.0078965425 -0.70955044
vn -0.7071842 -0.00014622298 -0.70702928
vn -0.70710933 -1.6682922e-06 -0.70710433
vn -0.70710927 -1.6679071e-06 -0.70710427
vn -0.70718431 -0.00014622734 -0.70702934
vn 0.70718467 0.00014469837 0.70702893
vn 0.70662427 0.0008968559 0.70758832
vn 0.70662403 0.00089706085 0.70758867
vn 0.70718473 0.00014470298 0.70702887
vn 0.71100456 0.0026270223 -0.70318246
vn 0.71232051 0.0012957483 -0.7018531
vn 0.7119391 0.0016139079 -0.70223933
vn 0.7110036 0.0026275017 -0.70318353
vn -0.70872611 0.0014726786 0.70548213
vn -0.71231955 0.0012955922 0.70185411
vn -0.71193826 0.0016136937 0.70224011
vn -0.70872861 0.0014749175 0.70547968
vn -0.70729846 -0.00056407129 -0.70691478
vn -0.7071842 -0.00014622298 -0.70702928
vn -0.70718431 -0.00014622734 -0.70702934
vn -0.70729852 -0.00056426442 -0.70691478
vn -0.70185608 0.0012955981 0.71231765
vn -0.70775735 0.00032748873 0.70645553
vn -0.70775157 0.00033140526 0.70646143
vn -0.70224214 0.0016136931 0.71193641
vn 0.70662427 0.0008968559 0.70758832
vn 0.70362085 -0.013138693 0.71045417
vn 0.70362043 -0.013140786 0.71045452
vn 0.70662403 0.00089706085 0.70758867
vn 0.72094923 -0.0029375574 -0.6929816
vn 0.71100456 0.0026270223 -0.70318246
vn 0.7110036 0.0026275017 -0.70318353
vn 0.72087365 -0.0028944307 -0.69306052
vn -0.71077019 -0.014813378 -0.70326835
vn -0.70729846 -0.00056407129 -0.70691478
vn -0.70729852 -0.00056426442 -0.70691478
vn -0.71076757 -0.014802664 -0.70327109
vn -0.70710754 0 0.70710605
vn -0.70872611 0.0014726786 0.70548213
vn -0.70872861 0.0014749175 0.70547968
vn -0.70710748 0 0.70710605
vn -0.70775735 0.00032748873 0.70645553
vn -0.71414942 -0.0068334583 0.69995993
vn -0.71416247 -0.0068572792 0.69994628
vn -0.70775157 0.00033140526 0.70646143
vn 0.70552588 0.0014631917 -0.70868272
vn 0.70710778 3.7806234e-07 -0.7071057
vn 0.70710784 3.7781848e-07 -0.70710576
vn 0.70551848 0.0014699803 -0.70868999
vn 0.7055099 0.00010468325 0.7087
vn 0.7055099 0.00010468325 0.7087
vn 0.70550841 0.0001047197 0.70870149
vn 0.70550847 0.00010471968 0.70870149
vn -0.70097512 -0.0081827017 -0.71313882
vn -0.70097512 -0.0081827017 -0.71313882
vn -0.69956148 -0.0014389502 -0.71457094
vn -0.69956124 -0.0014380646 -0.71457112
vn -0.707434 -1.7387261e-05 0.70677942
vn -0.707434 -1.7387261e-05 0.70677942
vn -0.7074337 -1.7604438e-05 0.70677972
vn -0.70743376 -1.7604427e-05 0.70677972
vn 0.0008894839 -0.67106098 -0.74140167
vn 0.00088864291 -0.67198074 -0.74056816
vn 0.00096885778 -0.57059401 -0.82123184
vn 0.81381172 -0.58112687 0.0014756849
vn 0.81456506 -0.58007026 0.0014583952
vn 0.77851927 -0.62761909 0.0013957855
vn 0.73611182 -0.67685866 0.0013357396
vn -0.0012737191 -0.58021802 0.81446022
vn 0.00081978861 -0.67818153 0.73489404
vn 0.001428406 -0.7047407 0.70946354
vn -0.81397808 -0.58089447 -0.0011824766
vn -0.73511094 -0.67794597 -0.0010583127
vn -0.73527372 -0.6777693 -0.0010585677
vn 0.001428406 -0.7047407 0.70946354
vn 0.00081978861 -0.67818153 0.73489404
vn 0.0032040554 -0.77719802 0.62924796
vn 0.0032040554 -0.77719802 0.62924796
vn -0.69956124 -0.0014380646 -0.71457112
vn -0.69956148 -0.0014389502 -0.71457094
vn -0.6966145 0.012119601 -0.71734315
vn 0.70708019 1.7788912e-05 -0.70713335
vn 0.70708019 1.7790066e-05 -0.70713335
vn 0.70708293 1.7110648e-05 -0.70713067
vn 0.70550847 0.00010471968 0.70870149
vn 0.70550841 0.0001047197 0.70870149
vn 0.70550543 0.00010479298 0.70870459
vn 0.70550543 0.00010479298 0.70870459
vn -0.70743376 -1.7604427e-05 0.70677972
vn -0.7074337 -1.7604438e-05 0.70677972
vn -0.70743316 -1.8041097e-05 0.70678025
vn 0.0008894839 -0.67106098 -0.74140167
vn 0.00077968917 -0.77324039 -0.63411242
vn 0.00088864291 -0.67198074 -0.74056816
vn 0.77851927 -0.62761909 0.0013957855
vn 0.81456506 -0.58007026 0.0014583952
vn 0.8162086 -0.57775551 0.0014205625
vn -0.73511094 -0.67794597 -0.0010583127
vn -0.63093984 -0.77583116 -0.00089620776
vn -0.73527372 -0.6777693 -0.0010585677
vn 0.77851927 -0.62761909 0.0013957855
vn 0.63334382 -0.77386969 0.0011504587
vn 0.73611182 -0.67685866 0.0013357396
vn 0.99230617 -0.12363419 -0.0065684947
vn 0.9912222 -0.13207279 -0.0059340377
vn 0.99994648 -0.0073163123 -0.0073161619
vn 0.99994648 -0.0073163123 -0.0073161619
vn -0.7123192 0.0012955893 -0.70185453
vn -0.71193802 0.0016136904 -0.70224047
vn -0.7138688 0 -0.70027953
vn -0.7138688 0 -0.70027953
vn 1.0107343e-07 -0.12968715 0.99155504
vn 0 -0.12121694 0.99262601
vn 0 0 1
vn 0 0 1
vn 0 -0.12121736 -0.99262589
vn 2.0214696e-07 -0.12968759 -0.99155486
vn 0 0 -1
vn 0 0 -1
vn -0.70223796 0.0016141217 -0.71194041
vn -0.70185184 0.001296208 -0.71232182
vn -0.7002762 1.3877902e-06 -0.71387196
vn -0.7002762 1.3877902e-06 -0.71387196
vn 0.9914704 -0.1303293 -0.00081874448
vn 0.99254715 -0.12185927 -0.00067730917
vn 1 0 0
vn 1 0 0
vn -0.69736093 -0.16545276 -0.69736159
vn -0.69736087 -0.16545343 -0.69736147
vn -0.70710731 0 -0.70710629
vn -0.70710731 0 -0.70710629
vn -0.71193826 0.0016136937 0.70224011
vn -0.71231955 0.0012955922 0.70185411
vn -0.71386951 0 0.70027882
vn -0.71386951 0 0.70027882
vn 0.70224011 0.0016140891 0.71193838
vn 0.70185423 0.0012959173 0.71231955
vn 0.70027947 0 0.71386874
vn 0.70027947 0 0.71386874
vn -0.99254721 -0.12185919 -0.00067658437
vn -0.99147052 -0.13032924 -0.00081806979
vn -1 0 0
vn -1 0 0
vn -0.69736135 -0.16545293 0.69736111
vn -0.69736141 -0.16545294 0.69736111
vn -0.70710731 0 0.70710623
vn -0.70710731 0 0.70710623
vn 0.7119391 0.0016139079 -0.70223933
vn 0.71232051 0.0012957483 -0.7018531
vn 0.71387088 0 -0.70027739
vn 0.71387088 0 -0.70027739
vn -0.00082703796 -0.13032442 -0.99147111
vn -0.00070175203 -0.12184728 -0.99254864
vn 0 0 -1
vn 0 0 -1
vn 0.69736153 -0.16545239 -0.69736099
vn 0.69736153 -0.16545239 -0.69736099
vn 0.70710677 0 -0.70710677
vn 0.70710677 0 -0.70710677
vn -0.99147052 -0.13032904 0.00082015514
vn -0.99254739 -0.1218575 0.00068180601
vn -1 0 0
vn -1 0 0
vn 0.69735873 -0.16545293 0.69736367
vn 0.69735891 -0.16545212 0.69736373
vn 0.70710421 0 0.70710939
vn 0.70710421 0 0.70710939
vn -0.00070174923 -0.1218471 0.99254858
vn -0.00082703895 -0.13032496 0.99147105
vn 0 0 1
vn 0 0 1
vn -0.70185608 0.0012955981 0.71231765
vn -0.70224214 0.0016136931 0.71193641
vn -0.7002809 0 0.71386743
vn -0.7002809 0 0.71386743
vn 0.70707881 1.8128057e-05 -0.70713466
vn 0.70707881 1.8128057e-05 -0.70713466
vn 0.70708019 1.7790066e-05 -0.70713335
vn 0.70708019 1.7788912e-05 -0.70713335
vn 0.34694636 -0.93788499 -2.8500029e-08
vn 0.52573234 -0.85065007 7.3035444e-08
vn 0.52573228 -0.85065007 2.2992927e-07
vn 0.34694603 -0.93788511 9.3805745e-08
vn 0.72645384 -0.68721521 1.8010287e-07
vn 0.88468319 -0.46619189 0.00077688694
vn 0.88484007 -0.46589366 0.00103942
vn 0.7264539 -0.68721515 1.4902689e-07
vn 0.9522205 -0.30541128 7.5079561e-06
vn 0.9912222 -0.13207279 -0.0059340377
vn 0.99230617 -0.12363419 -0.0065684947
vn 0.95214945 -0.30562732 -0.0018616988
vn 0.70188403 0.0012871515 -0.71229005
vn 0.70552588 0.0014631917 -0.70868272
vn 0.70551848 0.0014699803 -0.70868999
vn 0.70228308 0.0016082866 -0.71189588
vn -0.52573222 -0.85065019 -1.4419511e-07
vn -0.7264533 -0.68721581 -2.7627155e-07
vn -0.68317008 -0.7302593 -3.2083111e-07
vn -0.49164563 -0.87079537 5.0587186e-08
vn -0.7264533 -0.68721581 -2.7627155e-07
vn -0.88468307 -0.46619233 0.00077620259
vn -0.87158602 -0.49024245 0.00037821755
vn -0.68317008 -0.7302593 -3.2083111e-07
vn 0.7002815 0 -0.71386689
vn 0.70188403 0.0012871515 -0.71229005
vn 0.70228308 0.0016082866 -0.71189588
vn 0.7002815 0 -0.71386689
vn 0.52573234 -0.85065007 7.3035444e-08
vn 0.72645384 -0.68721521 1.8010287e-07
vn 0.7264539 -0.68721515 1.4902689e-07
vn 0.52573228 -0.85065007 2.2992927e-07
vn 0.88468319 -0.46619189 0.00077688694
vn 0.9522205 -0.30541128 7.5079561e-06
vn 0.95214945 -0.30562732 -0.0018616988
vn 0.88484007 -0.46589366 0.00103942
vn -0.34694633 -0.93788499 -5.486237e-10
vn -0.52573222 -0.85065019 -1.4419511e-07
vn -0.49164563 -0.87079537 5.0587186e-08
vn -0.29801762 -0.95456034 1.3219521e-07
vn -1.4667491e-08 -1 -7.7759288e-10
vn -0.34694633 -0.93788499 -5.486237e-10
vn -0.29801762 -0.95456034 1.3219521e-07
vn 4.7966186e-08 -1 -1.5552361e-09
vn -1.4667491e-08 -1 -7.7759288e-10
vn 0.34694636 -0.93788499 -2.8500029e-08
vn 0.34694603 -0.93788511 9.3805745e-08
vn -9.7783257e-09 -0.99999994 0
vn -0.88468307 -0.46619233 0.00077620259
vn -0.95142019 -0.30789036 0.0017904479
vn -0.94724411 -0.32050851 0.0016988144
vn -0.87158602 -0.49024245 0.00037821755
vn -0.95142019 -0.30789036 0.0017904479
vn -0.99147052 -0.13032904 0.00082015514
vn -0.94724411 -0.32050851 0.0016988144
vn -1.7672488e-07 -0.68721575 0.72645342
vn -1.7488127e-07 -0.85020328 0.52645451
vn -1.9583457e-07 -0.87020528 0.49268937
vn -4.786902e-07 -0.73025912 0.68317026
vn -0.00082703895 -0.13032496 0.99147105
vn -0.0017887808 -0.30790251 0.95141619
vn -0.0016567145 -0.32052863 0.94723737
vn -1.7488127e-07 -0.85020328 0.52645451
vn 0 -0.9377622 0.34727776
vn 0 -0.95466077 0.29769576
vn -1.9583457e-07 -0.87020528 0.49268937
vn 1.6088097e-07 -0.93788493 -0.34694648
vn 0 -0.99999982 -0.00049592956
vn 0 -0.99999994 -0.00049556303
vn 0 -0.93788499 -0.34694642
vn 2.3110327e-07 -0.85064995 -0.52573246
vn 1.6088097e-07 -0.93788493 -0.34694648
vn 0 -0.93788499 -0.34694642
vn 0 -0.85064983 -0.52573264
vn -0.00075794256 -0.46621078 -0.8846733
vn 2.7266919e-08 -0.68721527 -0.72645372
vn 0 -0.68721533 -0.72645372
vn -0.0010388971 -0.46591568 -0.88482845
vn -0.00082703796 -0.13032442 -0.99147111
vn -0.0017884631 -0.30790281 -0.95141613
vn -0.0017316774 -0.30730191 -0.95161051
vn -0.00070175203 -0.12184728 -0.99254864
vn 0.71232063 0.0012957512 0.7018531
vn 0.70872653 0.0014731261 0.70548177
vn 0.70872897 0.0014753672 0.70547932
vn 0.71193933 0.0016138927 0.70223916
vn -0.0017887808 -0.30790251 0.95141619
vn -0.0007582251 -0.46621078 0.8846733
vn -0.00035224736 -0.49025342 0.87157995
vn -0.0016567145 -0.32052863 0.94723737
vn -0.0007582251 -0.46621078 0.8846733
vn -1.7672488e-07 -0.68721575 0.72645342
vn -4.786902e-07 -0.73025912 0.68317026
vn -0.00035224736 -0.49025342 0.87157995
vn 0 -0.9377622 0.34727776
vn 0 -0.99999982 -0.00049592956
vn 0 -1 -0.00018696624
vn 0 -0.95466077 0.29769576
vn 2.7266919e-08 -0.68721527 -0.72645372
vn 2.3110327e-07 -0.85064995 -0.52573246
vn 0 -0.85064983 -0.52573264
vn 0 -0.68721533 -0.72645372
vn -0.0017884631 -0.30790281 -0.95141613
vn -0.00075794256 -0.46621078 -0.8846733
vn -0.0010388971 -0.46591568 -0.88482845
vn -0.0017316774 -0.30730191 -0.95161051
vn 0.71387082 0 0.70027739
vn 0.71232063 0.0012957512 0.7018531
vn 0.71193933 0.0016138927 0.70223916
vn 0.71387082 0 0.70027739
vn 0.72725397 -0.68636847 2.153925e-08
vn 0.88580638 -0.46405452 -0.0007798337
vn 0.87306356 -0.48760638 -0.0003838113
vn 0.6830135 -0.73040581 5.8348249e-08
vn 0.88580638 -0.46405452 -0.0007798337
vn 0.95142108 -0.30788741 -0.0017904179
vn 0.94724554 -0.32050434 -0.0017076229
vn 0.87306356 -0.48760638 -0.0003838113
vn 0.34694639 -0.93788499 1.1947912e-08
vn 0.52467275 -0.85130399 5.7412702e-08
vn 0.49109721 -0.87110472 -5.2607152e-08
vn 0.29801735 -0.95456046 -1.327754e-07
vn -0.52573222 -0.85065013 -3.0324412e-07
vn -0.72645342 -0.68721563 -8.2807355e-07
vn -0.72645336 -0.68721575 -8.7284917e-07
vn -0.5257324 -0.85065001 -4.4884837e-07
vn -0.88468552 -0.46618766 -0.00078063295
vn -0.9514212 -0.30788732 -0.0017901928
vn -0.95161599 -0.30728522 -0.0017066547
vn -0.88484257 -0.46588895 -0.0010395058
vn -0.34694645 -0.93788493 8.0952681e-08
vn -0.52573222 -0.85065013 -3.0324412e-07
vn -0.5257324 -0.85065001 -4.4884837e-07
vn -0.34694657 -0.93788481 -1.1361796e-08
vn 8.4582547e-07 -1 7.3729765e-09
vn 0.34694639 -0.93788499 1.1947912e-08
vn 0.29801735 -0.95456046 -1.327754e-07
vn 3.7413616e-07 -1 3.1044238e-09
vn 0.95142108 -0.30788741 -0.0017904179
vn 0.9914704 -0.1303293 -0.00081874448
vn 0.94724554 -0.32050434 -0.0017076229
vn 0.52467275 -0.85130399 5.7412702e-08
vn 0.72725397 -0.68636847 2.153925e-08
vn 0.6830135 -0.73040581 5.8348249e-08
vn 0.49109721 -0.87110472 -5.2607152e-08
vn 8.4582547e-07 -1 7.3729765e-09
vn -0.34694645 -0.93788493 8.0952681e-08
vn -0.34694657 -0.93788481 -1.1361796e-08
vn 1.2418479e-06 -1 1.1641506e-08
vn -0.72645342 -0.68721563 -8.2807355e-07
vn -0.88468552 -0.46618766 -0.00078063295
vn -0.88484257 -0.46588895 -0.0010395058
vn -0.72645336 -0.68721575 -8.7284917e-07
vn -0.9514212 -0.30788732 -0.0017901928
vn -0.99147052 -0.13032924 -0.00081806979
vn -0.99254721 -0.12185919 -0.00067658437
vn -0.95161599 -0.30728522 -0.0017066547
vn 4.8263297e-07 -0.4665722 -0.88448304
vn 3.8045926e-07 -0.68721533 -0.72645372
vn 7.3373616e-07 -0.73025888 -0.6831705
vn 9.2826565e-07 -0.49030125 -0.871553
vn 0 -0.68721521 0.72645384
vn -1.2137143e-07 -0.85065001 0.52573246
vn 0 -0.85065001 0.52573252
vn 0 -0.68721515 0.7264539
vn 4.86798e-07 -0.30784312 0.95143712
vn 1.3811261e-07 -0.46657228 0.8844831
vn 0 -0.46657223 0.88448304
vn 0 -0.30784309 0.95143712
vn -1.2160712e-07 -0.93788499 0.3469463
vn 0 -1 -3.0312819e-07
vn 0 -1 -6.5514803e-07
vn 0 -0.93788499 0.34694618
vn 3.8045926e-07 -0.68721533 -0.72645372
vn 2.9283476e-07 -0.85065025 -0.52573204
vn 5.4359242e-07 -0.87059861 -0.49199405
vn 7.3373616e-07 -0.73025888 -0.6831705
vn 2.0214696e-07 -0.12968759 -0.99155486
vn 9.7359612e-07 -0.3078433 -0.95143706
vn 1.79775e-06 -0.31993604 -0.94743925
vn 2.9283476e-07 -0.85065025 -0.52573204
vn 1.2270874e-07 -0.93788499 -0.34694636
vn 1.3140321e-07 -0.9543156 -0.29880074
vn 5.4359242e-07 -0.87059861 -0.49199405
vn 9.7359612e-07 -0.3078433 -0.95143706
vn 4.8263297e-07 -0.4665722 -0.88448304
vn 9.2826565e-07 -0.49030125 -0.871553
vn 1.79775e-06 -0.31993604 -0.94743925
vn 1.2270874e-07 -0.93788499 -0.34694636
vn 0 -1 -3.0312819e-07
vn 0 -0.99999273 0.0038289267
vn 1.3140321e-07 -0.9543156 -0.29880074
vn 1.3811261e-07 -0.46657228 0.8844831
vn 0 -0.68721521 0.72645384
vn 0 -0.68721515 0.7264539
vn 0 -0.46657223 0.88448304
vn 1.0107343e-07 -0.12968715 0.99155504
vn 4.86798e-07 -0.30784312 0.95143712
vn 0 -0.30784309 0.95143712
vn 0 -0.12121694 0.99262601
vn -1.2137143e-07 -0.85065001 0.52573246
vn -1.2160712e-07 -0.93788499 0.3469463
vn 0 -0.93788499 0.34694618
vn 0 -0.85065001 0.52573252
vn -0.34727749 -0.93776238 0
vn 0.00049454602 -0.99999988 0
vn 0.00049524999 -0.99999988 -1.3245574e-07
vn -0.34727731 -0.93776244 -2.1506568e-07
vn 4.1451733e-07 -0.95456052 0.29801732
vn 1.5849069e-07 -0.87079561 0.49164528
vn -4.972329e-08 -0.85065007 0.52573222
vn 2.1935391e-07 -0.93788511 0.34694591
vn 1.5849069e-07 -0.87079561 0.49164528
vn -4.6994387e-07 -0.73025906 0.68317032
vn -5.8682377e-07 -0.68721521 0.7264539
vn -4.972329e-08 -0.85065007 0.52573222
vn -4.6994387e-07 -0.73025906 0.68317032
vn -0.00037903068 -0.49024144 0.87158656
vn -0.00077732909 -0.46619138 0.88468355
vn -5.8682377e-07 -0.68721521 0.7264539
vn -0.00037903068 -0.49024144 0.87158656
vn -0.0016714524 -0.31768972 0.94819331
vn -8.3685336e-06 -0.30541113 0.95222056
vn -0.00077732909 -0.46619138 0.88468355
vn -0.0016714524 -0.31768972 0.94819331
vn 0.0059327511 -0.1320726 0.99122232
vn -8.3685336e-06 -0.30541113 0.95222056
vn 0 -0.99999994 -1.1511884e-07
vn -1.2869722e-07 -0.95456046 -0.29801738
vn -1.218914e-07 -0.93788499 -0.34694633
vn 0 -1 3.5690894e-07
vn -0.49164522 -0.87079561 -1.7456098e-07
vn -0.52573216 -0.85065019 -6.0685686e-08
vn -0.72645366 -0.68721545 0
vn -0.68317062 -0.73025876 0
vn -0.68317062 -0.73025876 0
vn -0.72645366 -0.68721545 0
vn -0.8844831 -0.46657217 1.1025471e-07
vn -0.87155265 -0.49030182 1.625551e-07
vn -0.87155265 -0.49030182 1.625551e-07
vn -0.8844831 -0.46657217 1.1025471e-07
vn -0.95143735 -0.30784246 1.0994286e-07
vn -0.94743949 -0.31993493 2.5987143e-07
vn -0.94743949 -0.31993493 2.5987143e-07
vn -0.95143735 -0.30784246 1.0994286e-07
vn -0.99155498 -0.12968729 0
vn 0 -0.93788487 0.34694642
vn 0 -0.85130394 0.52467281
vn 0 -0.85130394 0.52467293
vn 0 -0.93788505 0.3469463
vn 0 -0.99999994 -8.800493e-07
vn 0 -0.93788546 -0.34694523
vn -3.164952e-07 -0.93788528 -0.34694564
vn -9.9532905e-08 -1 -3.4224146e-07
vn 0.29801664 -0.95456064 1.116581e-08
vn 0.34694591 -0.93788517 2.3605676e-08
vn 0.5257324 -0.85065001 -5.7562684e-08
vn 0.49100664 -0.87115574 -8.3703977e-09
vn 0.49100664 -0.87115574 -8.3703977e-09
vn 0.5257324 -0.85065001 -5.7562684e-08
vn 0.7264536 -0.68721545 -8.9340134e-08
vn 0.68436712 -0.7291376 -2.4030356e-07
vn 0.68436712 -0.7291376 -2.4030356e-07
vn 0.7264536 -0.68721545 -8.9340134e-08
vn 0.8846733 -0.46621099 -0.00075822364
vn 0.87194866 -0.48959711 -0.00035555541
vn 0.87194866 -0.48959711 -0.00035555541
vn 0.8846733 -0.46621099 -0.00075822364
vn 0.95141619 -0.30790275 -0.0017890561
vn 0.94723725 -0.32052886 -0.0016571039
vn 0.94723725 -0.32052886 -0.0016571039
vn 0.95141619 -0.30790275 -0.0017890561
vn 0.99147105 -0.13032442 -0.00082680531
vn -1.9906584e-07 -1 1.8227155e-07
vn 4.1451733e-07 -0.95456052 0.29801732
vn 2.1935391e-07 -0.93788511 0.34694591
vn -9.9532905e-08 -1 -3.4224146e-07
vn -3.499382e-07 -0.87079543 -0.49164546
vn 2.6916558e-07 -0.73025966 -0.68316966
vn 8.1437912e-07 -0.68721569 -0.7264533
vn 4.7680874e-07 -0.85065025 -0.52573198
vn 2.6916558e-07 -0.73025966 -0.68316966
vn 0.00038478663 -0.49023882 -0.87158799
vn 0.00078023406 -0.46618775 -0.88468552
vn 8.1437912e-07 -0.68721569 -0.7264533
vn 0.00038478663 -0.49023882 -0.87158799
vn 0.0017079464 -0.32050413 -0.9472456
vn 0.0017900545 -0.3078872 -0.9514212
vn 0.00078023406 -0.46618775 -0.88468552
vn 0.0017079464 -0.32050413 -0.9472456
vn 0.00081807014 -0.13032907 -0.9914704
vn 0.0017900545 -0.3078872 -0.9514212
vn -1.2869722e-07 -0.95456046 -0.29801738
vn -3.499382e-07 -0.87079543 -0.49164546
vn 4.7680874e-07 -0.85065025 -0.52573198
vn -1.218914e-07 -0.93788499 -0.34694633
vn -0.0010385978 -0.46589383 -0.88484001
vn -0.001712031 -0.30728859 -0.9516148
vn -0.0017899898 -0.30789083 -0.95142001
vn -0.00077594654 -0.46619231 -0.88468313
vn 1.1798679e-06 -0.85065073 -0.52573109
vn 2.0188677e-06 -0.68721563 -0.72645354
vn 1.0094343e-06 -0.68721581 -0.72645336
vn 4.6795734e-07 -0.85065055 -0.52573156
vn -0.001712031 -0.30728859 -0.9516148
vn -0.00068162754 -0.12185742 -0.99254739
vn -0.00081988878 -0.13032915 -0.99147052
vn -0.0017899898 -0.30789083 -0.95142001
vn 2.0188677e-06 -0.68721563 -0.72645354
vn -0.0010385978 -0.46589383 -0.88484001
vn -0.00077594654 -0.46619231 -0.88468313
vn 1.0094343e-06 -0.68721581 -0.72645336
vn -0.29801697 -0.95456064 -3.0573233e-07
vn -0.34694612 -0.93788505 -1.4299098e-07
vn -0.52573216 -0.85065019 -6.0685686e-08
vn -0.49164522 -0.87079561 -1.7456098e-07
vn -0.95161045 -0.30730227 -0.0017307887
vn -0.88482887 -0.46591499 -0.001039415
vn -0.88467354 -0.46621037 -0.00075815798
vn -0.95141596 -0.30790335 -0.0017880942
vn -0.72645378 -0.68721533 0
vn -0.52645385 -0.85020381 0
vn -0.52645421 -0.85020357 -9.2863878e-08
vn -0.72645372 -0.68721533 0
vn 0 -1 7.2359626e-07
vn 0 -0.93788487 0.34694642
vn 0 -0.93788505 0.3469463
vn 0 -1 3.5690894e-07
vn -0.99254858 -0.12184767 -0.00070035132
vn -0.95161045 -0.30730227 -0.0017307887
vn -0.95141596 -0.30790335 -0.0017880942
vn -0.99147087 -0.13032556 -0.00082571834
vn -0.88482887 -0.46591499 -0.001039415
vn -0.72645378 -0.68721533 0
vn -0.72645372 -0.68721533 0
vn -0.88467354 -0.46621037 -0.00075815798
vn -0.52645385 -0.85020381 0
vn -0.34727749 -0.93776238 0
vn -0.34727731 -0.93776244 -2.1506568e-07
vn -0.52645421 -0.85020357 -9.2863878e-08
vn 0.001707653 -0.30728558 0.95161587
vn 0.00067730824 -0.12185908 0.99254721
vn 0.00081874314 -0.13032904 0.9914704
vn 0.0017913879 -0.30788755 0.95142102
vn 0 -0.68636811 0.72725421
vn 0.0010391106 -0.46375534 0.88596272
vn 0.0007810198 -0.46405458 0.8858062
vn 2.1045658e-07 -0.68636829 0.72725409
vn 0 -0.93788546 -0.34694523
vn 1.1798679e-06 -0.85065073 -0.52573109
vn 4.6795734e-07 -0.85065055 -0.52573156
vn -3.164952e-07 -0.93788528 -0.34694564
vn 0.0010391106 -0.46375534 0.88596272
vn 0.001707653 -0.30728558 0.95161587
vn 0.0017913879 -0.30788755 0.95142102
vn 0.0007810198 -0.46405458 0.8858062
vn 0 -0.85130394 0.52467281
vn 0 -0.68636811 0.72725421
vn 2.1045658e-07 -0.68636829 0.72725409
vn 0 -0.85130394 0.52467293
vn 0.00018670758 -1 -2.6520266e-07
vn 0.00049524999 -0.99999988 -1.3245574e-07
vn 0.34694591 -0.93788517 2.3605676e-08
vn 0.29801664 -0.95456064 1.116581e-08
vn 0.99262589 -0.1212175 0
vn 0.95143694 -0.30784354 0
vn 0.951437 -0.30784351 1.3844154e-07
vn 0.99155486 -0.12968764 4.0085197e-08
vn 0.88448322 -0.46657211 0
vn 0.72645384 -0.68721521 0
vn 0.72645378 -0.68721533 -2.9438635e-07
vn 0.88448298 -0.4665724 -2.0640832e-07
vn 0.52573186 -0.85065031 0
vn 0.34694657 -0.93788487 0
vn 0.34694633 -0.93788499 2.4357469e-08
vn 0.52573204 -0.85065025 -8.5182066e-08
vn -0.0038290832 -0.99999267 -1.2185046e-07
vn -8.8004967e-08 -1 -5.925363e-08
vn -0.34694612 -0.93788505 -1.4299098e-07
vn -0.29801697 -0.95456064 -3.0573233e-07
vn 0.95143694 -0.30784354 0
vn 0.88448322 -0.46657211 0
vn 0.88448298 -0.4665724 -2.0640832e-07
vn 0.951437 -0.30784351 1.3844154e-07
vn 0.72645384 -0.68721521 0
vn 0.52573186 -0.85065031 0
vn 0.52573204 -0.85065025 -8.5182066e-08
vn 0.72645378 -0.68721533 -2.9438635e-07
vn 0.34694657 -0.93788487 0
vn 0 -1 0
vn -8.8004967e-08 -1 -5.925363e-08
vn 0.34694633 -0.93788499 2.4357469e-08
vn 0.70726502 -0.00021774344 -0.70694852
vn 0.69710916 0.0010054476 -0.7169643
vn 0.69713742 0.0010061072 -0.71693683
vn 0.70726573 -0.00021859471 -0.7069478
vn 0.71401644 -0.028053833 0.6995666
vn 0.71040016 -0.011910844 0.70369714
vn 0.71039897 -0.011905768 0.7036984
vn 0.71401644 -0.028053833 0.6995666
vn -0.7060312 -0.0055068568 0.70815939
vn -0.7070663 0.0009551628 0.7071467
vn -0.70706648 0.00095272978 0.70714635
vn -0.70602655 -0.0055167838 0.7081638
vn 0.70341235 -0.014040299 0.71064335
vn 0.69956183 -0.02807566 0.71402031
vn 0.69956183 -0.02807566 0.71402031
vn 0.70341343 -0.014035908 0.71064222
vn -0.71402025 -0.028082829 -0.6995616
vn -0.71064186 -0.014041928 -0.70341378
vn -0.71064073 -0.014037356 -0.70341504
vn -0.71402025 -0.028082829 -0.6995616
vn 0.70710623 -1.6004961e-06 0.70710725
vn 0.70341235 -0.014040299 0.71064335
vn 0.70341343 -0.014035908 0.71064222
vn 0.70710629 -1.600578e-06 0.70710731
vn 0.70813441 -0.00099022198 -0.70607692
vn 0.70726502 -0.00021774344 -0.70694852
vn 0.70726573 -0.00021859471 -0.7069478
vn 0.70813453 -0.00099035306 -0.70607686
vn -0.70462155 -0.0090941209 -0.70952505
vn -0.70316976 -0.015993511 -0.71084213
vn -0.70317084 -0.01599003 -0.71084118
vn -0.70461774 -0.0091034966 -0.70952868
vn -0.71064186 -0.014041928 -0.70341378
vn -0.70710576 1.9657305e-06 -0.70710772
vn -0.70710576 1.9657568e-06 -0.70710778
vn -0.71064073 -0.014037356 -0.70341504
vn -0.7070663 0.0009551628 0.7071467
vn -0.7072165 0.002309771 0.7069934
vn -0.70721722 0.0023071449 0.70699263
vn -0.70706648 0.00095272978 0.70714635
vn 0.71040016 -0.011910844 0.70369714
vn 0.70965487 0.013496936 0.70442027
vn 0.70964414 0.013464302 0.70443165
vn 0.71039897 -0.011905768 0.7036984
vn 0.70710748 -7.170886e-07 0.70710599
vn 0.70710623 -1.6004961e-06 0.70710725
vn 0.70710629 -1.600578e-06 0.70710731
vn 0.70710748 -7.1710775e-07 0.70710599
vn 0.70580924 0.0013080217 -0.70840067
vn 0.70813441 -0.00099022198 -0.70607692
vn 0.70813453 -0.00099035306 -0.70607686
vn 0.70580631 0.0013105079 -0.70840365
vn -0.69999677 -0.012698581 -0.71403307
vn -0.70462155 -0.0090941209 -0.70952505
vn -0.70461774 -0.0091034966 -0.70952868
vn -0.69998568 -0.012693145 -0.71404409
vn -0.70710576 1.9657305e-06 -0.70710772
vn -0.7071079 5.7806039e-07 -0.70710564
vn -0.7071079 5.7809604e-07 -0.70710558
vn -0.70710576 1.9657568e-06 -0.70710778
vn -0.7072165 0.002309771 0.7069934
vn -0.70905173 0.0016377827 0.70515448
vn -0.70905375 0.0016397656 0.70515257
vn -0.70721722 0.0023071449 0.70699263
vn 0.70965487 0.013496936 0.70442027
vn 0.69822055 0.0072671734 0.71584588
vn 0.698268 0.0073173097 0.71579891
vn 0.70964414 0.013464302 0.70443165
vn 0.70710701 0 0.70710653
vn 0.70710748 -7.170886e-07 0.70710599
vn 0.70710748 -7.1710775e-07 0.70710599
vn 0.70710701 0 0.70710659
vn 0.70185202 0.0012959159 -0.71232158
vn 0.70580924 0.0013080217 -0.70840067
vn 0.70580631 0.0013105079 -0.70840365
vn 0.70223826 0.0016140975 -0.71194011
vn -0.69996041 -0.00683273 -0.71414888
vn -0.69999677 -0.012698581 -0.71403307
vn -0.69998568 -0.012693145 -0.71404409
vn -0.69994676 -0.0068565784 -0.71416211
vn -0.7071079 5.7806039e-07 -0.70710564
vn -0.70710951 -6.4512017e-07 -0.70710409
vn -0.70710945 -6.4504843e-07 -0.70710403
vn -0.7071079 5.7809604e-07 -0.70710558
vn 0.69822055 0.0072671734 0.71584588
vn 0.692981 -0.0029370233 0.72094971
vn 0.69305998 -0.0028939128 0.72087407
vn 0.698268 0.0073173097 0.71579891
vn -0.70905173 0.0016377827 0.70515448
vn -0.71231908 0.0012954319 0.70185471
vn -0.71193779 0.001613494 0.70224071
vn -0.70905375 0.0016397656 0.70515257
vn -0.64424777 -0.41218123 0.64424479
vn -0.69736153 -0.16545318 0.69736069
vn -0.69736165 -0.16545317 0.69736081
vn -0.64424777 -0.41218132 0.64424479
vn -0.56896323 -0.59376955 0.56896275
vn -0.64424777 -0.41218123 0.64424479
vn -0.64424777 -0.41218132 0.64424479
vn -0.56896323 -0.59376937 0.56896281
vn -0.42859098 -0.79537278 0.4285928
vn -0.56896323 -0.59376955 0.56896275
vn -0.56896323 -0.59376937 0.56896281
vn -0.42859149 -0.79537231 0.42859334
vn -0.28375295 -0.91595203 0.28375328
vn -0.42859098 -0.79537278 0.4285928
vn -0.42859149 -0.79537231 0.42859334
vn -0.28375295 -0.91595209 0.28375328
vn -0.18060943 -0.96684927 0.18050678
vn -0.28375295 -0.91595203 0.28375328
vn -0.28375295 -0.91595209 0.28375328
vn -0.18060952 -0.96684927 0.18050689
vn -0.69736224 -0.16545229 -0.6973604
vn -0.64424747 -0.41218048 -0.64424562
vn -0.64424759 -0.4121801 -0.64424574
vn -0.69736218 -0.16545239 -0.69736034
vn -0.64424747 -0.41218048 -0.64424562
vn -0.56896394 -0.59376913 -0.5689624
vn -0.56896389 -0.59376919 -0.5689624
vn -0.64424759 -0.4121801 -0.64424574
vn -0.56896394 -0.59376913 -0.5689624
vn -0.42858696 -0.7953763 -0.42859042
vn -0.42859372 -0.79536909 -0.42859721
vn -0.56896389 -0.59376919 -0.5689624
vn -0.42858696 -0.7953763 -0.42859042
vn -0.28438157 -0.91586703 -0.28339878
vn -0.28435841 -0.9158814 -0.28337511
vn -0.42859372 -0.79536909 -0.42859721
vn -0.28438157 -0.91586703 -0.28339878
vn -0.18164949 -0.96673095 -0.18009682
vn -0.18109839 -0.96693593 -0.17954987
vn -0.28435841 -0.9158814 -0.28337511
vn 0.64424336 -0.4121969 0.64423925
vn 0.69736117 -0.16545251 0.69736123
vn 0.69736123 -0.16545248 0.69736129
vn 0.64424926 -0.41217834 0.64424521
vn 0.56797385 -0.59313369 0.57061201
vn 0.64424336 -0.4121969 0.64423925
vn 0.64424926 -0.41217834 0.64424521
vn 0.5679397 -0.59319758 0.57057971
vn 0.42706853 -0.79459018 0.43155423
vn 0.56797385 -0.59313369 0.57061201
vn 0.5679397 -0.59319758 0.57057971
vn 0.42611465 -0.79562366 0.43059173
vn 0.28942487 -0.91528523 0.28015396
vn 0.42706853 -0.79459018 0.43155423
vn 0.42611465 -0.79562366 0.43059173
vn 0.28910336 -0.91551715 0.27972767
vn 0.18661258 -0.96767533 0.16964719
vn 0.28942487 -0.91528523 0.28015396
vn 0.28910336 -0.91551715 0.27972767
vn 0.19293113 -0.96539873 0.17545035
vn -0.18164949 -0.96673095 -0.18009682
vn -0.12415502 -0.98460537 -0.12303556
vn -0.12415502 -0.98460537 -0.12303556
vn -0.18109839 -0.96693593 -0.17954987
vn 0.12837954 -0.98489755 0.11617021
vn 0.18661258 -0.96767533 0.16964719
vn 0.19293113 -0.96539873 0.17545035
vn 0.12837954 -0.98489755 0.11617021
vn 0.64422917 -0.41227865 -0.64420104
vn 0.69736075 -0.16545281 -0.69736153
vn 0.69736087 -0.16545275 -0.69736165
vn 0.6442709 -0.41214836 -0.64424276
vn 0.57972562 -0.59080225 -0.56113356
vn 0.64422917 -0.41227865 -0.64420104
vn 0.6442709 -0.41214836 -0.64424276
vn 0.58014947 -0.58979118 -0.56175882
vn 0.44826156 -0.79063243 -0.4170877
vn 0.57972562 -0.59080225 -0.56113356
vn 0.58014947 -0.58979118 -0.56175882
vn 0.44257292 -0.79661638 -0.41174209
vn 0.2889843 -0.91651225 -0.27657476
vn 0.44826156 -0.79063243 -0.4170877
vn 0.44257292 -0.79661638 -0.41174209
vn 0.28860152 -0.91672093 -0.27628216
vn 0.18062024 -0.96684533 -0.18051688
vn 0.2889843 -0.91651225 -0.27657476
vn 0.28860152 -0.91672093 -0.27628216
vn 0.18056676 -0.9668653 -0.18046331
vn -0.12385055 -0.98456734 0.12364601
vn -0.18060943 -0.96684927 0.18050678
vn -0.18060952 -0.96684927 0.18050689
vn -0.12385055 -0.98456734 0.12364601
vn 0.12380383 -0.98457772 -0.12361013
vn 0.18062024 -0.96684533 -0.18051688
vn 0.18056676 -0.9668653 -0.18046331
vn 0.12380383 -0.98457772 -0.12361013
vn -0.70316976 -0.015993511 -0.71084213
vn -0.69964802 -0.027770797 -0.71394771
vn -0.69964802 -0.027770797 -0.71394771
vn -0.70317084 -0.01599003 -0.71084118
vn 0.70872408 0.0014720429 -0.70548415
vn 0.71231908 0.0012956556 -0.70185459
vn 0.7119379 0.0016136039 -0.70224071
vn 0.70872653 0.0014742833 -0.70548183
vn -0.70187956 -0.02207456 0.7119534
vn -0.7060312 -0.0055068568 0.70815939
vn -0.70602655 -0.0055167838 0.7081638
vn -0.70189404 -0.022004722 0.7119413
vn -0.70548403 0.0014723126 0.70872432
vn -0.7071088 -3.7806149e-07 0.70710486
vn -0.70710868 -3.778172e-07 0.7071048
vn -0.70548159 0.0014745533 0.70872682
vn 0.69710916 0.0010054476 -0.7169643
vn 0.70945334 -0.0078559769 -0.7047087
vn 0.70954746 -0.0078947963 -0.70461345
vn 0.69713742 0.0010061072 -0.71693683
vn -0.71045595 -0.013138161 0.70361906
vn -0.71252769 -0.027785962 0.70109379
vn -0.71252769 -0.027785962 0.70109379
vn -0.71045625 -0.013140255 0.70361876
vn 0.70710617 -1.0231796e-06 -0.70710737
vn 0.70872408 0.0014720429 -0.70548415
vn 0.70872653 0.0014742833 -0.70548183
vn 0.70710617 -1.0228639e-06 -0.70710737
vn 0.69950867 -0.028776275 -0.71404439
vn 0.70326793 -0.014811402 -0.71077055
vn 0.70327073 -0.014800614 -0.71076798
vn 0.69950867 -0.028776275 -0.71404439
vn -0.7071088 -3.7806149e-07 0.70710486
vn -0.70703048 0.000142797 0.70718306
vn -0.70703048 0.00014280123 0.70718306
vn -0.70710868 -3.778172e-07 0.7071048
vn -0.69904572 -0.035433356 0.71419859
vn -0.70187956 -0.02207456 0.7119534
vn -0.70189404 -0.022004722 0.7119413
vn -0.69904572 -0.035433356 0.71419859
vn 0.70945334 -0.0078559769 -0.7047087
vn 0.73019826 -0.016545145 -0.68303508
vn 0.73019826 -0.016545145 -0.68303508
vn 0.70954746 -0.0078947963 -0.70461345
vn 0.70703053 -0.00014465027 -0.70718294
vn 0.70710617 -1.0231796e-06 -0.70710737
vn 0.70710617 -1.0228639e-06 -0.70710737
vn 0.70703059 -0.00014465394 -0.70718294
vn -0.70703048 0.000142797 0.70718306
vn -0.70758903 0.00089602632 0.70662361
vn -0.70758927 0.00089623022 0.70662344
vn -0.70703048 0.00014280123 0.70718306
vn 0.7031824 0.0026273765 0.71100461
vn 0.70185411 0.001295588 0.71231961
vn 0.70224017 0.0016137081 0.71193826
vn 0.70318347 0.0026278547 0.71100366
vn -0.70548618 0.0014718589 -0.70872223
vn -0.70185846 0.0012951051 -0.71231526
vn -0.7022444 0.0016130873 -0.71193415
vn -0.70548368 0.0014740962 -0.70872468
vn 0.70691353 -0.00056211976 -0.70729977
vn 0.70703053 -0.00014465027 -0.70718294
vn 0.70703059 -0.00014465394 -0.70718294
vn 0.70691359 -0.00056231173 -0.70729971
vn -0.71231806 0.0012957561 -0.70185572
vn -0.70645577 0.00032820599 -0.70775712
vn -0.70646161 0.0003321257 -0.70775127
vn -0.71193659 0.0016138988 -0.70224178
vn -0.70758903 0.00089602632 0.70662361
vn -0.71045595 -0.013138161 0.70361906
vn -0.71045625 -0.013140255 0.70361876
vn -0.70758927 0.00089623022 0.70662344
vn 0.692981 -0.0029370233 0.72094971
vn 0.7031824 0.0026273765 0.71100461
vn 0.70318347 0.0026278547 0.71100366
vn 0.69305998 -0.0028939128 0.72087407
vn 0.70326793 -0.014811402 -0.71077055
vn 0.70691353 -0.00056211976 -0.70729977
vn 0.70691359 -0.00056231173 -0.70729971
vn 0.70327073 -0.014800614 -0.71076798
vn -0.70710951 -6.4512017e-07 -0.70710409
vn -0.70548618 0.0014718589 -0.70872223
vn -0.70548368 0.0014740962 -0.70872468
vn -0.70710945 -6.4504843e-07 -0.70710403
vn -0.70645577 0.00032820599 -0.70775712
vn -0.69996041 -0.00683273 -0.71414888
vn -0.69994676 -0.0068565784 -0.71416211
vn -0.70646161 0.0003321257 -0.70775127
vn 0.70868278 0.0014637546 0.70552576
vn 0.70710701 0 0.70710653
vn 0.70710701 0 0.70710659
vn 0.70869011 0.0014705402 0.70551848
vn -0.70870036 0.00010380018 0.70550954
vn -0.70870036 0.00010380018 0.70550954
vn -0.70870024 0.00010376953 0.70550972
vn -0.70870024 0.00010376954 0.70550972
vn 0.71313566 -0.0081858896 -0.70097828
vn 0.71313566 -0.0081858896 -0.70097828
vn 0.71457219 -0.0014393314 -0.69956028
vn 0.71457243 -0.0014384657 -0.69956011
vn -0.70678246 -1.6503143e-05 -0.70743084
vn -0.70678246 -1.6503143e-05 -0.70743084
vn -0.70678109 -1.7949451e-05 -0.70743221
vn -0.70678109 -1.7949376e-05 -0.70743227
vn 0.74140179 -0.6710608 0.00088500965
vn 0.74056858 -0.67198026 0.00088420586
vn 0.82122833 -0.57059896 0.00096059783
vn -0.0014727334 -0.58112347 0.81381416
vn -0.0014367136 -0.58011168 0.81453568
vn -0.0013745135 -0.62765265 0.77849227
vn -0.0013288786 -0.67685699 0.73611325
vn -0.81446213 -0.58021522 -0.0012775231
vn -0.73489869 -0.67817652 0.00081516977
vn -0.70946276 -0.70474154 0.0014237125
vn 0.0011811798 -0.58089662 -0.81397647
vn 0.0010533945 -0.67794871 -0.73510844
vn 0.0010536556 -0.67777252 -0.73527086
vn -0.70946276 -0.70474154 0.0014237125
vn -0.73489869 -0.67817652 0.00081516977
vn -0.62925643 -0.77719116 0.0031985929
vn -0.62925643 -0.77719116 0.0031985929
vn 0.71457243 -0.0014384657 -0.69956011
vn 0.71457219 -0.0014393314 -0.69956028
vn 0.71735299 0.012124832 -0.69660431
vn 0.70713305 1.8613544e-05 0.70708054
vn 0.707133 1.861101e-05 0.70708048
vn 0.70713574 2.0103664e-05 0.70707792
vn -0.70870024 0.00010376954 0.70550972
vn -0.70870024 0.00010376953 0.70550972
vn -0.70869988 0.00010370789 0.70551008
vn -0.70869988 0.00010370789 0.70551008
vn -0.70678109 -1.7949376e-05 -0.70743227
vn -0.70678109 -1.7949451e-05 -0.70743221
vn -0.70677835 -2.085746e-05 -0.70743507
vn 0.74140179 -0.6710608 0.00088500965
vn 0.63411915 -0.77323502 0.00077967718
vn 0.74056858 -0.67198026 0.00088420586
vn -0.0013745135 -0.62765265 0.77849227
vn -0.0014367136 -0.58011168 0.81453568
vn -0.0013579194 -0.57789552 0.8161096
vn 0.0010533945 -0.67794871 -0.73510844
vn 0.00088724529 -0.77583486 -0.63093549
vn 0.0010536556 -0.67777252 -0.73527086
vn -0.0013745135 -0.62765265 0.77849227
vn -0.001139246 -0.77387005 0.6333434
vn -0.0013288786 -0.67685699 0.73611325
vn 0.0065672235 -0.12363404 0.99230611
vn 0.0059327511 -0.1320726 0.99122232
vn 0.0073150629 -0.0073154327 0.99994642
vn 0.0073150629 -0.0073154327 0.99994642
vn 0.70185202 0.0012959159 -0.71232158
vn 0.70223826 0.0016140975 -0.71194011
vn 0.70027596 0 -0.71387219
vn 0.70027596 0 -0.71387219
vn -0.99155498 -0.12968729 0
vn -0.99262601 -0.12121712 0
vn -1 0 0
vn -1 0 0
vn 0.99262589 -0.1212175 0
vn 0.99155486 -0.12968764 4.0085197e-08
vn 1 0 0
vn 1 0 0
vn 0.7119379 0.0016136039 -0.70224071
vn 0.71231908 0.0012956556 -0.70185459
vn 0.71386886 6.9389034e-07 -0.70027941
vn 0.71386886 6.9389034e-07 -0.70027941
vn 0.00081874314 -0.13032904 0.9914704
vn 0.00067730824 -0.12185908 0.99254721
vn 0 0 1
vn 0 0 1
vn 0.69736087 -0.16545275 -0.69736165
vn 0.69736075 -0.16545281 -0.69736153
vn 0.70710629 0 -0.70710731
vn 0.70710629 0 -0.70710731
vn -0.7022444 0.0016130873 -0.71193415
vn -0.70185846 0.0012951051 -0.71231526
vn -0.70028371 0 -0.71386462
vn -0.70028371 0 -0.71386462
vn -0.71193779 0.001613494 0.70224071
vn -0.71231908 0.0012954319 0.70185471
vn -0.7138688 0 0.70027953
vn -0.7138688 0 0.70027953
vn 0.00067658385 -0.121859 -0.99254721
vn 0.00081807014 -0.13032907 -0.9914704
vn 0 0 -1
vn 0 0 -1
vn -0.69736224 -0.16545229 -0.6973604
vn -0.69736218 -0.16545239 -0.69736034
vn -0.70710832 0 -0.70710516
vn -0.70710832 0 -0.70710516
vn 0.70224017 0.0016137081 0.71193826
vn 0.70185411 0.001295588 0.71231961
vn 0.70027876 0 0.71386939
vn 0.70027876 0 0.71386939
vn 0.99147105 -0.13032442 -0.00082680531
vn 0.99254858 -0.12184736 -0.00070140196
vn 1 0 0
vn 1 0 0
vn 0.69736123 -0.16545248 0.69736129
vn 0.69736117 -0.16545251 0.69736123
vn 0.70710731 0 0.70710623
vn 0.70710731 0 0.70710623
vn -0.00081988878 -0.13032915 -0.99147052
vn -0.00068162754 -0.12185742 -0.99254739
vn 0 0 -1
vn 0 0 -1
vn -0.69736165 -0.16545317 0.69736081
vn -0.69736153 -0.16545318 0.69736069
vn -0.70710629 0 0.70710737
vn -0.70710629 0 0.70710737
vn -0.99254858 -0.12184767 -0.00070035132
vn -0.99147087 -0.13032556 -0.00082571834
vn -1 0 0
vn -1 0 0
vn -0.71231806 0.0012957561 -0.70185572
vn -0.71193659 0.0016138988 -0.70224178
vn -0.71386808 0 -0.70028019
vn -0.71386808 0 -0.70028019
vn 0.70713174 1.7868455e-05 0.70708191
vn 0.70713174 1.7868455e-05 0.70708191
vn 0.707133 1.861101e-05 0.70708048
vn 0.70713305 1.8613544e-05 0.70708054
vn 2.1935391e-07 -0.93788511 0.34694591
vn -4.972329e-08 -0.85065007 0.52573222
vn 0 -0.85064983 0.52573258
vn 0 -0.93788522 0.34694564
vn -5.8682377e-07 -0.68721521 0.7264539
vn -0.00077732909 -0.46619138 0.88468355
vn -0.0010405123 -0.46589315 0.88484043
vn -8.2665616e-07 -0.68721485 0.7264542
vn -8.3685336e-06 -0.30541113 0.95222056
vn 0.0059327511 -0.1320726 0.99122232
vn 0.0065672235 -0.12363404 0.99230611
vn 0.0018607057 -0.30562717 0.95214945
vn 0.71229088 0.0012878437 0.70188332
vn 0.70868278 0.0014637546 0.70552576
vn 0.70869011 0.0014705402 0.70551848
vn 0.7118966 0.0016090629 0.70228243
vn 4.6795734e-07 -0.85065055 -0.52573156
vn 1.0094343e-06 -0.68721581 -0.72645336
vn 0 -0.73025912 -0.68317026
vn -3.5086066e-07 -0.87079549 -0.49164551
vn 1.0094343e-06 -0.68721581 -0.72645336
vn -0.00077594654 -0.46619231 -0.88468313
vn -0.0003784048 -0.49024254 -0.87158597
vn 0 -0.73025912 -0.68317026
vn 0.7138676 3.5375146e-07 0.70028073
vn 0.71229088 0.0012878437 0.70188332
vn 0.7118966 0.0016090629 0.70228243
vn 0.7138676 3.5375146e-07 0.70028073
vn -4.972329e-08 -0.85065007 0.52573222
vn -5.8682377e-07 -0.68721521 0.7264539
vn -8.2665616e-07 -0.68721485 0.7264542
vn 0 -0.85064983 0.52573258
vn -0.00077732909 -0.46619138 0.88468355
vn -8.3685336e-06 -0.30541113 0.95222056
vn 0.0018607057 -0.30562717 0.95214945
vn -0.0010405123 -0.46589315 0.88484043
vn -3.164952e-07 -0.93788528 -0.34694564
vn 4.6795734e-07 -0.85065055 -0.52573156
vn -3.5086066e-07 -0.87079549 -0.49164551
vn -6.9999794e-07 -0.95456058 -0.29801705
vn -9.9532905e-08 -1 -3.4224146e-07
vn -3.164952e-07 -0.93788528 -0.34694564
vn -6.9999794e-07 -0.95456058 -0.29801705
vn -1.9906584e-07 -1 1.8227155e-07
vn -9.9532905e-08 -1 -3.4224146e-07
vn 2.1935391e-07 -0.93788511 0.34694591
vn 0 -0.93788522 0.34694564
vn 0 -0.99999994 -8.800493e-07
vn -0.00077594654 -0.46619231 -0.88468313
vn -0.0017899898 -0.30789083 -0.95142001
vn -0.0016978829 -0.32050976 -0.94724369
vn -0.0003784048 -0.49024254 -0.87158597
vn -0.0017899898 -0.30789083 -0.95142001
vn -0.00081988878 -0.13032915 -0.99147052
vn -0.0016978829 -0.32050976 -0.94724369
vn -0.72645372 -0.68721533 0
vn -0.52645421 -0.85020357 -9.2863878e-08
vn -0.49268895 -0.87020558 -2.6717927e-07
vn -0.68317056 -0.73025888 0
vn -0.99147087 -0.13032556 -0.00082571834
vn -0.95141596 -0.30790335 -0.0017880942
vn -0.94723713 -0.32052937 -0.0016557134
vn -0.52645421 -0.85020357 -9.2863878e-08
vn -0.34727731 -0.93776244 -2.1506568e-07
vn -0.29769519 -0.95466101 -4.5680892e-07
vn -0.49268895 -0.87020558 -2.6717927e-07
vn 0.34694591 -0.93788517 2.3605676e-08
vn 0.00049524999 -0.99999988 -1.3245574e-07
vn 0.00049454602 -0.99999988 0
vn 0.34694582 -0.93788517 0
vn 0.5257324 -0.85065001 -5.7562684e-08
vn 0.34694591 -0.93788517 2.3605676e-08
vn 0.34694582 -0.93788517 0
vn 0.5257324 -0.85065001 0
vn 0.8846733 -0.46621099 -0.00075822364
vn 0.7264536 -0.68721545 -8.9340134e-08
vn 0.72645366 -0.68721539 0
vn 0.88482869 -0.46591535 -0.0010388973
vn 0.99147105 -0.13032442 -0.00082680531
vn 0.95141619 -0.30790275 -0.0017890561
vn 0.95161045 -0.30730212 -0.001731327
vn 0.99254858 -0.12184736 -0.00070140196
vn -0.70185304 0.0012952697 0.71232063
vn -0.70548403 0.0014723126 0.70872432
vn -0.70548159 0.0014745533 0.70872682
vn -0.70223957 0.0016132939 0.71193898
vn -0.95141596 -0.30790335 -0.0017880942
vn -0.88467354 -0.46621037 -0.00075815798
vn -0.87158012 -0.49025309 -0.00035157669
vn -0.94723713 -0.32052937 -0.0016557134
vn -0.88467354 -0.46621037 -0.00075815798
vn -0.72645372 -0.68721533 0
vn -0.68317056 -0.73025888 0
vn -0.87158012 -0.49025309 -0.00035157669
vn -0.34727731 -0.93776244 -2.1506568e-07
vn 0.00049524999 -0.99999988 -1.3245574e-07
vn 0.00018670758 -1 -2.6520266e-07
vn -0.29769519 -0.95466101 -4.5680892e-07
vn 0.7264536 -0.68721545 -8.9340134e-08
vn 0.5257324 -0.85065001 -5.7562684e-08
vn 0.5257324 -0.85065001 0
vn 0.72645366 -0.68721539 0
vn 0.95141619 -0.30790275 -0.0017890561
vn 0.8846733 -0.46621099 -0.00075822364
vn 0.88482869 -0.46591535 -0.0010388973
vn 0.95161045 -0.30730212 -0.001731327
vn -0.70027602 0 0.71387219
vn -0.70185304 0.0012952697 0.71232063
vn -0.70223957 0.0016132939 0.71193898
vn -0.70027602 0 0.71387219
vn 2.1045658e-07 -0.68636829 0.72725409
vn 0.0007810198 -0.46405458 0.8858062
vn 0.00038557337 -0.48760641 0.87306345
vn 2.7007493e-07 -0.73040575 0.68301344
vn 0.0007810198 -0.46405458 0.8858062
vn 0.0017913879 -0.30788755 0.95142102
vn 0.0017096088 -0.32050395 0.94724566
vn 0.00038557337 -0.48760641 0.87306345
vn 0 -0.93788505 0.3469463
vn 0 -0.85130394 0.52467293
vn 0 -0.87110466 0.49109739
vn 0 -0.95456058 0.29801711
vn 4.7680874e-07 -0.85065025 -0.52573198
vn 8.1437912e-07 -0.68721569 -0.7264533
vn 1.2094522e-06 -0.68721563 -0.7264536
vn 1.1969279e-06 -0.85065007 -0.52573234
vn 0.00078023406 -0.46618775 -0.88468552
vn 0.0017900545 -0.3078872 -0.9514212
vn 0.001706378 -0.30728501 -0.95161593
vn 0.0010388116 -0.46588916 -0.88484251
vn -1.218914e-07 -0.93788499 -0.34694633
vn 4.7680874e-07 -0.85065025 -0.52573198
vn 1.1969279e-06 -0.85065007 -0.52573234
vn 0 -0.93788499 -0.34694618
vn 0 -1 3.5690894e-07
vn 0 -0.93788505 0.3469463
vn 0 -0.95456058 0.29801711
vn 0 -0.99999994 -1.1511884e-07
vn 0.0017913879 -0.30788755 0.95142102
vn 0.00081874314 -0.13032904 0.9914704
vn 0.0017096088 -0.32050395 0.94724566
vn 0 -0.85130394 0.52467293
vn 2.1045658e-07 -0.68636829 0.72725409
vn 2.7007493e-07 -0.73040575 0.68301344
vn 0 -0.87110466 0.49109739
vn 0 -1 3.5690894e-07
vn -1.218914e-07 -0.93788499 -0.34694633
vn 0 -0.93788499 -0.34694618
vn 0 -1 7.2359626e-07
vn 8.1437912e-07 -0.68721569 -0.7264533
vn 0.00078023406 -0.46618775 -0.88468552
vn 0.0010388116 -0.46588916 -0.88484251
vn 1.2094522e-06 -0.68721563 -0.7264536
vn 0.0017900545 -0.3078872 -0.9514212
vn 0.00081807014 -0.13032907 -0.9914704
vn 0.00067658385 -0.121859 -0.99254721
vn 0.001706378 -0.30728501 -0.95161593
vn 0.88448298 -0.4665724 -2.0640832e-07
vn 0.72645378 -0.68721533 -2.9438635e-07
vn 0.68317038 -0.73025906 -5.0059225e-07
vn 0.87155288 -0.49030155 -5.2101058e-07
vn -0.72645366 -0.68721545 0
vn -0.52573216 -0.85065019 -6.0685686e-08
vn -0.52573222 -0.85065007 0
vn -0.72645372 -0.68721527 0
vn -0.95143735 -0.30784246 1.0994286e-07
vn -0.8844831 -0.46657217 1.1025471e-07
vn -0.88448328 -0.46657193 0
vn -0.95143723 -0.30784261 0
vn -0.34694612 -0.93788505 -1.4299098e-07
vn -8.8004967e-08 -1 -5.925363e-08
vn 0 -1 0
vn -0.34694666 -0.93788487 0
vn 0.72645378 -0.68721533 -2.9438635e-07
vn 0.52573204 -0.85065025 -8.5182066e-08
vn 0.49199402 -0.87059855 -9.6195024e-08
vn 0.68317038 -0.73025906 -5.0059225e-07
vn 0.99155486 -0.12968764 4.0085197e-08
vn 0.951437 -0.30784351 1.3844154e-07
vn 0.94743913 -0.31993613 2.2738438e-07
vn 0.52573204 -0.85065025 -8.5182066e-08
vn 0.34694633 -0.93788499 2.4357469e-08
vn 0.29880041 -0.9543156 7.1220548e-08
vn 0.49199402 -0.87059855 -9.6195024e-08
vn 0.951437 -0.30784351 1.3844154e-07
vn 0.88448298 -0.4665724 -2.0640832e-07
vn 0.87155288 -0.49030155 -5.2101058e-07
vn 0.94743913 -0.31993613 2.2738438e-07
vn 0.34694633 -0.93788499 2.4357469e-08
vn -8.8004967e-08 -1 -5.925363e-08
vn -0.0038290832 -0.99999267 -1.2185046e-07
vn 0.29880041 -0.9543156 7.1220548e-08
vn -0.8844831 -0.46657217 1.1025471e-07
vn -0.72645366 -0.68721545 0
vn -0.72645372 -0.68721527 0
vn -0.88448328 -0.46657193 0
vn -0.99155498 -0.12968729 0
vn -0.95143735 -0.30784246 1.0994286e-07
vn -0.95143723 -0.30784261 0
vn -0.99262601 -0.12121712 0
vn -0.52573216 -0.85065019 -6.0685686e-08
vn -0.34694612 -0.93788505 -1.4299098e-07
vn -0.34694666 -0.93788487 0
vn -0.52573222 -0.85065007 0
vn 0.34727764 -0.93776238 3.9000827e-08
vn -0.00049525994 -0.99999994 0
vn -0.00049565104 -0.99999994 2.5907254e-10
vn 0.3472777 -0.93776238 6.0675589e-08
vn -1.2903644e-07 -0.95456052 -0.29801738
vn -3.508606e-07 -0.87079525 -0.49164587
vn 5.3758879e-07 -0.85065001 -0.52573228
vn 5.3863397e-07 -0.93788499 -0.34694645
vn -3.508606e-07 -0.87079525 -0.49164587
vn 2.7112674e-07 -0.73025882 -0.68317068
vn 2.1117901e-07 -0.68721503 -0.72645408
vn 5.3758879e-07 -0.85065001 -0.52573228
vn 2.7112674e-07 -0.73025882 -0.68317068
vn 0.00037997798 -0.49024165 -0.87158644
vn 0.00077713729 -0.46619144 -0.88468349
vn 2.1117901e-07 -0.68721503 -0.72645408
vn 0.00037997798 -0.49024165 -0.87158644
vn 0.0016727346 -0.31769007 -0.94819319
vn 8.1336611e-06 -0.3054111 -0.95222056
vn 0.00077713729 -0.46619144 -0.88468349
vn 0.0016727346 -0.31769007 -0.94819319
vn -0.0059349085 -0.13207355 -0.9912222
vn 8.1336611e-06 -0.3054111 -0.95222056
vn 0 -1 4.7966164e-08
vn 1.2869732e-07 -0.95456058 0.29801711
vn 1.218916e-07 -0.93788499 0.34694612
vn 0 -1 -5.2314056e-07
vn 0.49164522 -0.87079561 1.5274091e-07
vn 0.52573204 -0.85065019 9.5463818e-08
vn 0.7264536 -0.68721545 0
vn 0.68317056 -0.73025882 0
vn 0.68317056 -0.73025882 0
vn 0.7264536 -0.68721545 0
vn 0.88448304 -0.46657228 -2.5196275e-07
vn 0.87155282 -0.49030161 -1.6255063e-07
vn 0.87155282 -0.49030161 -1.6255063e-07
vn 0.88448304 -0.46657228 -2.5196275e-07
vn 0.95143712 -0.30784324 -2.5125129e-07
vn 0.94743925 -0.31993586 -2.5986418e-07
vn 0.94743925 -0.31993586 -2.5986418e-07
vn 0.95143712 -0.30784324 -2.5125129e-07
vn 0.99155492 -0.12968765 0
vn 0 -0.93788511 -0.34694594
vn 0 -0.85130417 -0.52467251
vn 1.7040239e-07 -0.85130411 -0.52467251
vn 0 -0.93788511 -0.34694597
vn 0 -1 8.8004946e-08
vn 0 -0.93788499 0.34694636
vn 1.2221278e-07 -0.93788499 0.34694633
vn 0 -1 -2.4445818e-08
vn -0.29801729 -0.95456046 -1.7736197e-07
vn -0.34694555 -0.93788528 -1.3387525e-07
vn -0.52573156 -0.85065061 -9.277894e-08
vn -0.4910056 -0.87115645 -1.5617984e-07
vn -0.4910056 -0.87115645 -1.5617984e-07
vn -0.52573156 -0.85065061 -9.277894e-08
vn -0.72645372 -0.68721527 0
vn -0.68436712 -0.72913754 0
vn -0.68436712 -0.72913754 0
vn -0.72645372 -0.68721527 0
vn -0.88467336 -0.46621066 0.00075807812
vn -0.87194902 -0.48959646 0.00035534275
vn -0.87194902 -0.48959646 0.00035534275
vn -0.88467336 -0.46621066 0.00075807812
vn -0.95141602 -0.30790326 0.0017889177
vn -0.94723707 -0.32052967 0.001656774
vn -0.94723707 -0.32052967 0.001656774
vn -0.95141602 -0.30790326 0.0017889177
vn -0.99147099 -0.13032523 0.00082680694
vn 0 -1 3.8372924e-08
vn -1.2903644e-07 -0.95456052 -0.29801738
vn 5.3863397e-07 -0.93788499 -0.34694645
vn 0 -1 -2.4445818e-08
vn 1.5836348e-07 -0.87079555 0.49164543
vn -7.3716882e-07 -0.73025948 0.68316996
vn -3.8243098e-07 -0.68721575 0.72645336
vn -4.9334627e-08 -0.85065001 0.52573246
vn -7.3716882e-07 -0.73025948 0.68316996
vn -0.00038499248 -0.49023986 0.8715874
vn -0.00078051264 -0.46618816 0.88468534
vn -3.8243098e-07 -0.68721575 0.72645336
vn -0.00038499248 -0.49023986 0.8715874
vn -0.001708274 -0.32050347 0.94724578
vn -0.0017905099 -0.30788651 0.95142144
vn -0.00078051264 -0.46618816 0.88468534
vn -0.001708274 -0.32050347 0.94724578
vn -0.0008184078 -0.13032857 0.99147052
vn -0.0017905099 -0.30788651 0.95142144
vn 1.2869732e-07 -0.95456058 0.29801711
vn 1.5836348e-07 -0.87079555 0.49164543
vn -4.9334627e-08 -0.85065001 0.52573246
vn 1.218916e-07 -0.93788499 0.34694612
vn 0.001039144 -0.46589464 0.88483965
vn 0.0017119417 -0.30728847 0.95161492
vn 0.0017904476 -0.30789083 0.95142001
vn 0.00077636057 -0.46619299 0.88468277
vn 0 -0.85065001 0.52573234
vn 0 -0.68721598 0.72645319
vn 0 -0.6872161 0.72645307
vn 1.2197599e-07 -0.85065001 0.52573246
vn 0.0017119417 -0.30728847 0.95161492
vn 0.00068180874 -0.12185866 0.99254721
vn 0.00082015735 -0.13033022 0.99147034
vn 0.0017904476 -0.30789083 0.95142001
vn 0 -0.68721598 0.72645319
vn 0.001039144 -0.46589464 0.88483965
vn 0.00077636057 -0.46619299 0.88468277
vn 0 -0.6872161 0.72645307
vn 0.29801705 -0.95456058 1.7249464e-07
vn 0.34694618 -0.93788505 1.4098492e-07
vn 0.52573204 -0.85065019 9.5463818e-08
vn 0.49164522 -0.87079561 1.5274091e-07
vn 0.95161051 -0.30730194 0.0017332336
vn 0.88482857 -0.46591574 0.0010394107
vn 0.88467318 -0.46621111 0.00075815659
vn 0.9514159 -0.30790347 0.0017893139
vn 0.72645402 -0.68721503 0
vn 0.52645445 -0.85020334 3.8916497e-08
vn 0.52645457 -0.85020334 -4.6122299e-08
vn 0.7264539 -0.68721527 -6.6271866e-08
vn 0 -1 -8.7027132e-07
vn 0 -0.93788511 -0.34694594
vn 0 -0.93788511 -0.34694597
vn 0 -1 -5.2314056e-07
vn 0.99254864 -0.121847 0.00070279685
vn 0.95161051 -0.30730194 0.0017332336
vn 0.9514159 -0.30790347 0.0017893139
vn 0.99147093 -0.13032503 0.00082805764
vn 0.88482857 -0.46591574 0.0010394107
vn 0.72645402 -0.68721503 0
vn 0.7264539 -0.68721527 -6.6271866e-08
vn 0.88467318 -0.46621111 0.00075815659
vn 0.52645445 -0.85020334 3.8916497e-08
vn 0.34727764 -0.93776238 3.9000827e-08
vn 0.3472777 -0.93776238 6.0675589e-08
vn 0.52645457 -0.85020334 -4.6122299e-08
vn -0.0017074709 -0.30728543 -0.95161593
vn -0.00067712698 -0.12185961 -0.99254715
vn -0.00081857399 -0.13032962 -0.9914704
vn -0.0017906033 -0.3078877 -0.95142102
vn 0 -0.68636799 -0.72725433
vn -0.0010391099 -0.46375477 -0.88596302
vn -0.00078011263 -0.46405393 -0.88580656
vn 1.7231389e-07 -0.68636799 -0.72725439
vn 0 -0.93788499 0.34694636
vn 0 -0.85065001 0.52573234
vn 1.2197599e-07 -0.85065001 0.52573246
vn 1.2221278e-07 -0.93788499 0.34694633
vn -0.0010391099 -0.46375477 -0.88596302
vn -0.0017074709 -0.30728543 -0.95161593
vn -0.0017906033 -0.3078877 -0.95142102
vn -0.00078011263 -0.46405393 -0.88580656
vn 0 -0.85130417 -0.52467251
vn 0 -0.68636799 -0.72725433
vn 1.7231389e-07 -0.68636799 -0.72725439
vn 1.7040239e-07 -0.85130411 -0.52467251
vn -0.00018679375 -1 7.2663159e-10
vn -0.00049565104 -0.99999994 2.5907254e-10
vn -0.34694555 -0.93788528 -1.3387525e-07
vn -0.29801729 -0.95456046 -1.7736197e-07
vn -0.99262595 -0.12121769 0
vn -0.95143712 -0.3078433 -2.8262187e-07
vn -0.951437 -0.30784348 -4.1745983e-07
vn -0.9915548 -0.12968789 -4.0080749e-08
vn -0.88448316 -0.4665722 -2.8342251e-07
vn -0.72645348 -0.68721551 1.531513e-07
vn -0.7264536 -0.68721545 7.6575652e-08
vn -0.88448304 -0.46657231 -2.7982392e-07
vn -0.52573168 -0.85065037 1.5156525e-07
vn -0.34694669 -0.93788487 0
vn -0.34694645 -0.93788499 -7.7927439e-08
vn -0.52573204 -0.85065025 3.7510404e-08
vn 0.0038290129 -0.99999267 2.484271e-09
vn -2.9823903e-07 -1 5.8964984e-09
vn 0.34694618 -0.93788505 1.4098492e-07
vn 0.29801705 -0.95456058 1.7249464e-07
vn -0.95143712 -0.3078433 -2.8262187e-07
vn -0.88448316 -0.4665722 -2.8342251e-07
vn -0.88448304 -0.46657231 -2.7982392e-07
vn -0.951437 -0.30784348 -4.1745983e-07
vn -0.72645348 -0.68721551 1.531513e-07
vn -0.52573168 -0.85065037 1.5156525e-07
vn -0.52573204 -0.85065025 3.7510404e-08
vn -0.7264536 -0.68721545 7.6575652e-08
vn -0.34694669 -0.93788487 0
vn -8.1160147e-07 -1 1.1793203e-08
vn -2.9823903e-07 -1 5.8964984e-09
vn -0.34694645 -0.93788499 -7.7927439e-08
vn -0.70726144 -0.00021435051 0.70695198
vn -0.69710845 0.0010078149 0.7169649
vn -0.69713688 0.0010084851 0.7169373
vn -0.70726222 -0.00021521231 0.7069512
vn -0.71401334 -0.028055772 -0.6995697
vn -0.71039844 -0.011911844 -0.70369893
vn -0.71039718 -0.0119067 -0.70370018
vn -0.71401334 -0.028055772 -0.6995697
vn 0.70603174 -0.0055066054 -0.70815879
vn 0.7070663 0.00095574773 -0.7071467
vn 0.70706654 0.00095329247 -0.70714635
vn 0.70602715 -0.0055165426 -0.70816326
vn -0.70341325 -0.014039051 -0.71064252
vn -0.69956285 -0.028075 -0.71401942
vn -0.69956285 -0.028075 -0.71401942
vn -0.70341432 -0.014034726 -0.7106415
vn 0.71402007 -0.028086673 0.69956172
vn 0.71064162 -0.0140459 0.7034139
vn 0.71064055 -0.014041268 0.70341522
vn 0.71402007 -0.028086673 0.69956172
vn -0.70710593 9.5612859e-07 -0.7071076
vn -0.70341325 -0.014039051 -0.71064252
vn -0.70341432 -0.014034726 -0.7106415
vn -0.70710593 9.5565656e-07 -0.70710766
vn -0.70813328 -0.00098893349 0.70607817
vn -0.70726144 -0.00021435051 0.70695198
vn -0.70726222 -0.00021521231 0.7069512
vn -0.7081334 -0.00098906469 0.70607799
vn 0.7046234 -0.0090935538 0.70952314
vn 0.70317173 -0.015992731 0.71084023
vn 0.70317274 -0.015989201 0.71083927
vn 0.70461971 -0.009102948 0.70952684
vn 0.71064162 -0.0140459 0.7034139
vn 0.70710385 -5.3474068e-08 0.70710975
vn 0.70710379 -5.4444435e-08 0.70710969
vn 0.71064055 -0.014041268 0.70341522
vn 0.7070663 0.00095574773 -0.7071467
vn 0.70721537 0.0023092814 -0.70699447
vn 0.70721608 0.002306646 -0.7069937
vn 0.70706654 0.00095329247 -0.70714635
vn -0.71039844 -0.011911844 -0.70369893
vn -0.70965278 0.013496692 -0.70442235
vn -0.70964199 0.013464074 -0.7044338
vn -0.71039718 -0.0119067 -0.70370018
vn -0.70710641 1.9999972e-07 -0.70710707
vn -0.70710593 9.5612859e-07 -0.7071076
vn -0.70710593 9.5565656e-07 -0.70710766
vn -0.70710647 2.0005007e-07 -0.70710713
vn -0.70581079 0.0013080051 0.70839918
vn -0.70813328 -0.00098893349 0.70607817
vn -0.7081334 -0.00098906469 0.70607799
vn -0.70580775 0.0013104909 0.70840228
vn 0.69999671 -0.0126993 0.71403319
vn 0.7046234 -0.0090935538 0.70952314
vn 0.70461971 -0.009102948 0.70952684
vn 0.69998556 -0.01269386 0.71404421
vn 0.70710385 -5.3474068e-08 0.70710975
vn 0.70710498 1.7122552e-06 0.70710856
vn 0.70710498 1.7122604e-06 0.70710856
vn 0.70710379 -5.4444435e-08 0.70710969
vn 0.70721537 0.0023092814 -0.70699447
vn 0.70905 0.0016365342 -0.70515621
vn 0.70905191 0.0016385202 -0.70515436
vn 0.70721608 0.002306646 -0.7069937
vn -0.70965278 0.013496692 -0.70442235
vn -0.6982193 0.0072665955 -0.71584702
vn -0.6982668 0.0073167044 -0.71580017
vn -0.70964199 0.013464074 -0.7044338
vn -0.70710611 -1.5572959e-06 -0.70710748
vn -0.70710641 1.9999972e-07 -0.70710707
vn -0.70710647 2.0005007e-07 -0.70710713
vn -0.70710605 -1.5573249e-06 -0.70710748
vn -0.70185441 0.0012954322 0.71231925
vn -0.70581079 0.0013080051 0.70839918
vn -0.70580775 0.0013104909 0.70840228
vn -0.70224059 0.0016134948 0.7119379
vn 0.69996107 -0.0068313926 0.7141484
vn 0.69999671 -0.0126993 0.71403319
vn 0.69998556 -0.01269386 0.71404421
vn 0.69994742 -0.0068552364 0.71416152
vn 0.70710498 1.7122552e-06 0.70710856
vn 0.70710653 1.0231834e-06 0.70710707
vn 0.70710659 1.0228681e-06 0.70710707
vn 0.70710498 1.7122604e-06 0.70710856
vn -0.6982193 0.0072665955 -0.71584702
vn -0.69298422 -0.0029389875 -0.72094673
vn -0.69306314 -0.0028958784 -0.72087109
vn -0.6982668 0.0073167044 -0.71580017
vn 0.70905 0.0016365342 -0.70515621
vn 0.71231842 0.0012952728 -0.7018553
vn 0.71193695 0.0016132967 -0.70224142
vn 0.70905191 0.0016385202 -0.70515436
vn 0.64424556 -0.41218057 -0.64424753
vn 0.6973604 -0.16545235 -0.69736224
vn 0.6973604 -0.16545229 -0.69736224
vn 0.64424556 -0.41218057 -0.64424753
vn 0.56896305 -0.5937686 -0.56896394
vn 0.64424556 -0.41218057 -0.64424753
vn 0.64424556 -0.41218057 -0.64424753
vn 0.56896317 -0.59376842 -0.56896406
vn 0.42859253 -0.79537201 -0.42859295
vn 0.56896305 -0.5937686 -0.56896394
vn 0.56896317 -0.59376842 -0.56896406
vn 0.42859253 -0.79537195 -0.42859295
vn 0.28375414 -0.91595173 -0.28375342
vn 0.42859253 -0.79537201 -0.42859295
vn 0.42859253 -0.79537195 -0.42859295
vn 0.28375417 -0.91595173 -0.28375348
vn 0.1806141 -0.96684837 -0.18050675
vn 0.28375414 -0.91595173 -0.28375342
vn 0.28375417 -0.91595173 -0.28375348
vn 0.18061388 -0.96684849 -0.18050654
vn 0.69736087 -0.16545258 0.69736159
vn 0.64424658 -0.41218039 0.6442467
vn 0.6442467 -0.41217995 0.64424676
vn 0.69736087 -0.1654527 0.69736165
vn 0.64424658 -0.41218039 0.6442467
vn 0.56896424 -0.59376895 0.56896234
vn 0.56896412 -0.59376925 0.56896222
vn 0.6442467 -0.41217995 0.64424676
vn 0.56896424 -0.59376895 0.56896234
vn 0.42858759 -0.79537719 0.42858803
vn 0.42859423 -0.7953701 0.42859468
vn 0.56896412 -0.59376925 0.56896222
vn 0.42858759 -0.79537719 0.42858803
vn 0.28438166 -0.91586763 0.28339639
vn 0.28435853 -0.91588217 0.28337279
vn 0.42859423 -0.7953701 0.42859468
vn 0.28438166 -0.91586763 0.28339639
vn 0.18165097 -0.96673077 0.18009567
vn 0.18109991 -0.96693587 0.17954876
vn 0.28435853 -0.91588217 0.28337279
vn -0.64424294 -0.41219702 -0.64423954
vn -0.6973604 -0.16545215 -0.69736224
vn -0.6973604 -0.16545227 -0.69736224
vn -0.64424896 -0.41217837 -0.64424556
vn -0.56797367 -0.59313369 -0.57061225
vn -0.64424294 -0.41219702 -0.64423954
vn -0.64424896 -0.41217837 -0.64424556
vn -0.56793946 -0.5931977 -0.57057983
vn -0.42707059 -0.79458922 -0.43155399
vn -0.56797367 -0.59313369 -0.57061225
vn -0.56793946 -0.5931977 -0.57057983
vn -0.42611706 -0.79562235 -0.43059182
vn -0.28942525 -0.91528517 -0.28015372
vn -0.42707059 -0.79458922 -0.43155399
vn -0.42611706 -0.79562235 -0.43059182
vn -0.28910401 -0.91551691 -0.27972785
vn -0.18660958 -0.96767598 -0.16964707
vn -0.28942525 -0.91528517 -0.28015372
vn -0.28910401 -0.91551691 -0.27972785
vn -0.19292788 -0.96539944 -0.17545007
vn 0.18165097 -0.96673077 0.18009567
vn 0.12415811 -0.98460507 0.12303448
vn 0.12415811 -0.98460507 0.12303448
vn 0.18109991 -0.96693587 0.17954876
vn -0.12837666 -0.98489803 -0.11616975
vn -0.18660958 -0.96767598 -0.16964707
vn -0.19292788 -0.96539944 -0.17545007
vn -0.12837666 -0.98489803 -0.11616975
vn -0.64422911 -0.41227943 0.64420068
vn -0.69736153 -0.16545294 0.69736099
vn -0.69736147 -0.16545302 0.69736105
vn -0.64427078 -0.41214916 0.64424247
vn -0.57972521 -0.59080255 0.56113374
vn -0.64422911 -0.41227943 0.64420068
vn -0.64427078 -0.41214916 0.64424247
vn -0.58014899 -0.58979166 0.56175888
vn -0.44826028 -0.79063249 0.41708872
vn -0.57972521 -0.59080255 0.56113374
vn -0.58014899 -0.58979166 0.56175888
vn -0.44257158 -0.79661667 0.41174319
vn -0.28898543 -0.91651177 0.27657476
vn -0.44826028 -0.79063249 0.41708872
vn -0.44257158 -0.79661667 0.41174319
vn -0.28860265 -0.91672069 0.27628219
vn -0.18062265 -0.96684515 0.18051563
vn -0.28898543 -0.91651177 0.27657476
vn -0.28860265 -0.91672069 0.27628219
vn -0.18056928 -0.96686506 0.18046218
vn 0.12385691 -0.98456663 -0.12364498
vn 0.1806141 -0.96684837 -0.18050675
vn 0.18061388 -0.96684849 -0.18050654
vn 0.12385691 -0.98456663 -0.12364498
vn -0.12380387 -0.98457778 0.1236087
vn -0.18062265 -0.96684515 0.18051563
vn -0.18056928 -0.96686506 0.18046218
vn -0.12380387 -0.98457778 0.1236087
vn 0.70317173 -0.015992731 0.71084023
vn 0.69964838 -0.027771741 0.71394753
vn 0.69964838 -0.027771741 0.71394753
vn 0.70317274 -0.015989201 0.71083927
vn -0.70872539 0.0014714322 0.70548284
vn -0.71232104 0.0012954316 0.70185256
vn -0.71193963 0.0016134949 0.7022388
vn -0.7087279 0.0014736665 0.70548034
vn 0.7018801 -0.022072535 -0.71195298
vn 0.70603174 -0.0055066054 -0.70815879
vn 0.70602715 -0.0055165426 -0.70816326
vn 0.70189464 -0.022002677 -0.71194088
vn 0.7054823 0.0014728856 -0.70872605
vn 0.70710766 -1.8243537e-06 -0.70710593
vn 0.7071076 -1.8245548e-06 -0.70710588
vn 0.70547974 0.0014751314 -0.70872855
vn -0.69710845 0.0010078149 0.7169649
vn -0.70945495 -0.0078588752 0.70470691
vn -0.70954925 -0.0078977467 0.70461154
vn -0.69713688 0.0010084851 0.7169373
vn 0.7104544 -0.013138012 -0.70362055
vn 0.71252418 -0.027783111 -0.70109725
vn 0.71252418 -0.027783111 -0.70109725
vn 0.7104547 -0.01314008 -0.70362025
vn -0.70710659 -1.0682315e-06 0.70710695
vn -0.70872539 0.0014714322 0.70548284
vn -0.7087279 0.0014736665 0.70548034
vn -0.70710665 -1.0689192e-06 0.70710695
vn -0.69951063 -0.028779501 0.71404237
vn -0.70326751 -0.014811699 0.71077102
vn -0.70327026 -0.014801015 0.71076834
vn -0.69951063 -0.028779501 0.71404237
vn 0.70710766 -1.8243537e-06 -0.70710593
vn 0.70703435 0.00014074487 -0.70717919
vn 0.70703441 0.00014075034 -0.70717925
vn 0.7071076 -1.8245548e-06 -0.70710588
vn 0.6990456 -0.035429772 -0.71419883
vn 0.7018801 -0.022072535 -0.71195298
vn 0.70189464 -0.022002677 -0.71194088
vn 0.6990456 -0.035429772 -0.71419883
vn -0.70945495 -0.0078588752 0.70470691
vn -0.73019922 -0.016550479 0.68303376
vn -0.73019922 -0.016550479 0.68303376
vn -0.70954925 -0.0078977467 0.70461154
vn -0.70703119 -0.0001424592 0.70718241
vn -0.70710659 -1.0682315e-06 0.70710695
vn -0.70710665 -1.0689192e-06 0.70710695
vn -0.70703113 -0.00014246357 0.70718247
vn 0.70703435 0.00014074487 -0.70717919
vn 0.70759267 0.00089308614 -0.70662004
vn 0.70759284 0.00089329598 -0.70661992
vn 0.70703441 0.00014075034 -0.70717925
vn -0.70318615 0.0026259448 -0.71100092
vn -0.70185643 0.0012957455 -0.71231729
vn -0.70224261 0.0016138963 -0.711936
vn -0.70318711 0.002626423 -0.71099997
vn 0.70548207 0.001473121 0.70872623
vn 0.70185381 0.0012957517 0.71231985
vn 0.70223975 0.0016138923 0.71193868
vn 0.70547962 0.0014753718 0.70872873
vn -0.70691311 -0.000559423 0.70730019
vn -0.70703119 -0.0001424592 0.70718241
vn -0.70703113 -0.00014246357 0.70718247
vn -0.70691311 -0.0005596166 0.70730031
vn 0.71231693 0.0012957575 0.70185679
vn 0.70645624 0.00032954922 0.70775664
vn 0.70646209 0.00033345298 0.70775086
vn 0.71193564 0.0016139003 0.70224279
vn 0.70759267 0.00089308614 -0.70662004
vn 0.7104544 -0.013138012 -0.70362055
vn 0.7104547 -0.01314008 -0.70362025
vn 0.70759284 0.00089329598 -0.70661992
vn -0.69298422 -0.0029389875 -0.72094673
vn -0.70318615 0.0026259448 -0.71100092
vn -0.70318711 0.002626423 -0.71099997
vn -0.69306314 -0.0028958784 -0.72087109
vn -0.70326751 -0.014811699 0.71077102
vn -0.70691311 -0.000559423 0.70730019
vn -0.70691311 -0.0005596166 0.70730031
vn -0.70327026 -0.014801015 0.71076834
vn 0.70710653 1.0231834e-06 0.70710707
vn 0.70548207 0.001473121 0.70872623
vn 0.70547962 0.0014753718 0.70872873
vn 0.70710659 1.0228681e-06 0.70710707
vn 0.70645624 0.00032954922 0.70775664
vn 0.69996107 -0.0068313926 0.7141484
vn 0.69994742 -0.0068552364 0.71416152
vn 0.70646209 0.00033345298 0.70775086
vn -0.70868093 0.0014623923 -0.70552754
vn -0.70710611 -1.5572959e-06 -0.70710748
vn -0.70710605 -1.5573249e-06 -0.70710748
vn -0.70868826 0.0014691886 -0.70552027
vn 0.70870131 0.00010840231 -0.70550859
vn 0.70870131 0.00010840231 -0.70550859
vn 0.70870119 0.0001053988 -0.70550871
vn 0.70870119 0.00010540042 -0.70550877
vn -0.71313596 -0.0081819501 0.70097792
vn -0.71313596 -0.0081819501 0.70097792
vn -0.71457225 -0.0014349782 0.69956017
vn -0.71457237 -0.0014340741 0.69956005
vn 0.70677894 -1.8860766e-05 0.70743454
vn 0.70677894 -1.8860766e-05 0.70743454
vn 0.70678222 -1.85236e-05 0.7074312
vn 0.70678228 -1.8523619e-05 0.7074312
vn -0.74140358 -0.67105889 -0.00088506495
vn -0.74057037 -0.67197824 -0.00088420935
vn -0.8212316 -0.57059419 -0.00096601661
vn 0.0014719852 -0.58112288 -0.81381446
vn 0.0010105626 -0.58021313 -0.81446415
vn 0.0010030469 -0.62775099 -0.77841353
vn 0.0013336764 -0.67685771 -0.73611265
vn 0.81445462 -0.58022571 0.0012788279
vn 0.73489475 -0.67818069 -0.00081540132
vn 0.7095176 -0.70468611 -0.0014230403
vn -0.0011910567 -0.58089238 0.81397945
vn -0.0010638635 -0.67794889 0.73510826
vn -0.0010641235 -0.67777282 0.73527056
vn 0.7095176 -0.70468611 -0.0014230403
vn 0.73489475 -0.67818069 -0.00081540132
vn 0.62925833 -0.77718961 -0.0032005822
vn 0.62925833 -0.77718961 -0.0032005822
vn -0.71457237 -0.0014340741 0.69956005
vn -0.71457225 -0.0014349782 0.69956017
vn -0.71735257 0.01213015 0.69660479
vn -0.70713007 1.5890962e-05 -0.70708358
vn -0.70713001 1.5893396e-05 -0.70708352
vn -0.70712781 1.44567e-05 -0.70708567
vn 0.70870119 0.00010540042 -0.70550877
vn 0.70870119 0.0001053988 -0.70550871
vn 0.7087009 9.9360033e-05 -0.70550907
vn 0.7087009 9.9360033e-05 -0.70550907
vn 0.70678228 -1.8523619e-05 0.7074312
vn 0.70678222 -1.85236e-05 0.7074312
vn 0.70678896 -1.7845683e-05 0.70742446
vn -0.74140358 -0.67105889 -0.00088506495
vn -0.63411832 -0.77323562 -0.00077354204
vn -0.74057037 -0.67197824 -0.00088420935
vn 0.0010030469 -0.62775099 -0.77841353
vn 0.0010105626 -0.58021313 -0.81446415
vn 0 -0.57821745 -0.81588268
vn -0.0010638635 -0.67794889 0.73510826
vn -0.00089818926 -0.77583838 0.63093108
vn -0.0010641235 -0.67777282 0.73527056
vn 0.0010030469 -0.62775099 -0.77841353
vn 0.0011503042 -0.77387267 -0.63334012
vn 0.0013336764 -0.67685771 -0.73611265
vn -0.0065696496 -0.12363502 -0.99230599
vn -0.0059349085 -0.13207355 -0.9912222
vn -0.0073173936 -0.007317625 -0.99994648
vn -0.0073173936 -0.007317625 -0.99994648
vn -0.70185441 0.0012954322 0.71231925
vn -0.70224059 0.0016134948 0.7119379
vn -0.70027876 0 0.71386939
vn -0.70027876 0 0.71386939
vn 0.99155492 -0.12968765 0
vn 0.99262589 -0.12121746 0
vn 1 0 0
vn 1 0 0
vn -0.99262595 -0.12121769 0
vn -0.9915548 -0.12968789 -4.0080749e-08
vn -1 0 0
vn -1 0 0
vn -0.71193963 0.0016134949 0.7022388
vn -0.71232104 0.0012954316 0.70185256
vn -0.71387154 0 0.70027661
vn -0.71387154 0 0.70027661
vn -0.00081857399 -0.13032962 -0.9914704
vn -0.00067712698 -0.12185961 -0.99254715
vn 0 0 -1
vn 0 0 -1
vn -0.69736147 -0.16545302 0.69736105
vn -0.69736153 -0.16545294 0.69736099
vn -0.70710725 0 0.70710623
vn -0.70710725 0 0.70710623
vn 0.70223975 0.0016138923 0.71193868
vn 0.70185381 0.0012957517 0.71231985
vn 0.70027882 0 0.71386945
vn 0.70027882 0 0.71386945
vn 0.71193695 0.0016132967 -0.70224142
vn 0.71231842 0.0012952728 -0.7018553
vn 0.7138688 0 -0.70027953
vn 0.7138688 0 -0.70027953
vn -0.00067694718 -0.12185847 0.99254727
vn -0.0008184078 -0.13032857 0.99147052
vn 0 0 1
vn 0 0 1
vn 0.69736087 -0.16545258 0.69736159
vn 0.69736087 -0.1654527 0.69736165
vn 0.70710683 0 0.70710683
vn 0.70710683 0 0.70710683
vn -0.70224261 0.0016138963 -0.711936
vn -0.70185643 0.0012957455 -0.71231729
vn -0.7002809 0 -0.71386737
vn -0.7002809 0 -0.71386737
vn -0.99147099 -0.13032523 0.00082680694
vn -0.99254858 -0.12184769 0.00070140086
vn -1 0 0
vn -1 0 0
vn -0.6973604 -0.16545227 -0.69736224
vn -0.6973604 -0.16545215 -0.69736224
vn -0.70710576 0 -0.70710778
vn -0.70710576 0 -0.70710778
vn 0.00082015735 -0.13033022 0.99147034
vn 0.00068180874 -0.12185866 0.99254721
vn 0 -2.9802595e-06 1
vn 0 -2.9802595e-06 1
vn 0.6973604 -0.16545229 -0.69736224
vn 0.6973604 -0.16545235 -0.69736224
vn 0.70710576 0 -0.70710784
vn 0.70710576 0 -0.70710784
vn 0.99254864 -0.121847 0.00070279685
vn 0.99147093 -0.13032503 0.00082805764
vn 1 0 0
vn 1 0 0
vn 0.71231693 0.0012957575 0.70185679
vn 0.71193564 0.0016139003 0.70224279
vn 0.71386677 0 0.70028156
vn 0.71386677 0 0.70028156
vn -0.70713115 1.6608123e-05 -0.70708251
vn -0.70713115 1.6608123e-05 -0.70708251
vn -0.70713001 1.5893396e-05 -0.70708352
vn -0.70713007 1.5890962e-05 -0.70708358
vn 5.3863397e-07 -0.93788499 -0.34694645
vn 5.3758879e-07 -0.85065001 -0.52573228
vn 1.3191296e-06 -0.85065007 -0.52573222
vn 1.3216895e-06 -0.93788505 -0.34694612
vn 2.1117901e-07 -0.68721503 -0.72645408
vn 0.00077713729 -0.46619144 -0.88468349
vn 0.0010391438 -0.46589291 -0.88484055
vn 0 -0.68721479 -0.72645432
vn 8.1336611e-06 -0.3054111 -0.95222056
vn -0.0059349085 -0.13207355 -0.9912222
vn -0.0065696496 -0.12363502 -0.99230599
vn -0.0018625075 -0.30562723 -0.95214945
vn -0.71228969 0.0012863624 -0.70188445
vn -0.70868093 0.0014623923 -0.70552754
vn -0.70868826 0.0014691886 -0.70552027
vn -0.71189517 0.0016076546 -0.70228386
vn 1.2197599e-07 -0.85065001 0.52573246
vn 0 -0.6872161 0.72645307
vn 0 -0.7302593 0.68317014
vn 3.5086074e-07 -0.87079513 0.49164593
vn 0 -0.6872161 0.72645307
vn 0.00077636057 -0.46619299 0.88468277
vn 0.00037861263 -0.4902432 0.87158561
vn 0 -0.7302593 0.68317014
vn -0.7138676 -1.4150058e-06 -0.70028073
vn -0.71228969 0.0012863624 -0.70188445
vn -0.71189517 0.0016076546 -0.70228386
vn -0.7138676 -1.4150058e-06 -0.70028073
vn 5.3758879e-07 -0.85065001 -0.52573228
vn 2.1117901e-07 -0.68721503 -0.72645408
vn 0 -0.68721479 -0.72645432
vn 1.3191296e-06 -0.85065007 -0.52573222
vn 0.00077713729 -0.46619144 -0.88468349
vn 8.1336611e-06 -0.3054111 -0.95222056
vn -0.0018625075 -0.30562723 -0.95214945
vn 0.0010391438 -0.46589291 -0.88484055
vn 1.2221278e-07 -0.93788499 0.34694633
vn 1.2197599e-07 -0.85065001 0.52573246
vn 3.5086074e-07 -0.87079513 0.49164593
vn 1.2903648e-07 -0.95456046 0.29801723
vn 0 -1 -2.4445818e-08
vn 1.2221278e-07 -0.93788499 0.34694633
vn 1.2903648e-07 -0.95456046 0.29801723
vn 0 -1 3.8372924e-08
vn 0 -1 -2.4445818e-08
vn 5.3863397e-07 -0.93788499 -0.34694645
vn 1.3216895e-06 -0.93788505 -0.34694612
vn 0 -1 8.8004946e-08
vn 0.00077636057 -0.46619299 0.88468277
vn 0.0017904476 -0.30789083 0.95142001
vn 0.001698808 -0.32050946 0.94724375
vn 0.00037861263 -0.4902432 0.87158561
vn 0.0017904476 -0.30789083 0.95142001
vn 0.00082015735 -0.13033022 0.99147034
vn 0.001698808 -0.32050946 0.94724375
vn 0.7264539 -0.68721527 -6.6271866e-08
vn 0.52645457 -0.85020334 -4.6122299e-08
vn 0.49268889 -0.87020546 -7.3438009e-08
vn 0.68317074 -0.73025876 -1.7950902e-07
vn 0.99147093 -0.13032503 0.00082805764
vn 0.9514159 -0.30790347 0.0017893139
vn 0.94723701 -0.32052988 0.0016557797
vn 0.52645457 -0.85020334 -4.6122299e-08
vn 0.3472777 -0.93776238 6.0675589e-08
vn 0.29769617 -0.95466071 1.2103916e-07
vn 0.49268889 -0.87020546 -7.3438009e-08
vn -0.34694555 -0.93788528 -1.3387525e-07
vn -0.00049565104 -0.99999994 2.5907254e-10
vn -0.00049525994 -0.99999994 0
vn -0.34694508 -0.9378854 -7.7725744e-08
vn -0.52573156 -0.85065061 -9.277894e-08
vn -0.34694555 -0.93788528 -1.3387525e-07
vn -0.34694508 -0.9378854 -7.7725744e-08
vn -0.52573138 -0.85065073 -7.7575095e-08
vn -0.88467336 -0.46621066 0.00075807812
vn -0.72645372 -0.68721527 0
vn -0.72645372 -0.68721533 0
vn -0.88482869 -0.46591535 0.0010388915
vn -0.99147099 -0.13032523 0.00082680694
vn -0.95141602 -0.30790326 0.0017889177
vn -0.95161045 -0.30730224 0.0017313211
vn -0.99254858 -0.12184769 0.00070140086
vn 0.70185524 0.0012967137 -0.71231848
vn 0.7054823 0.0014728856 -0.70872605
vn 0.70547974 0.0014751314 -0.70872855
vn 0.70224124 0.0016150926 -0.71193725
vn 0.9514159 -0.30790347 0.0017893139
vn 0.88467318 -0.46621111 0.00075815659
vn 0.87157965 -0.49025378 0.00035157794
vn 0.94723701 -0.32052988 0.0016557797
vn 0.88467318 -0.46621111 0.00075815659
vn 0.7264539 -0.68721527 -6.6271866e-08
vn 0.68317074 -0.73025876 -1.7950902e-07
vn 0.87157965 -0.49025378 0.00035157794
vn 0.3472777 -0.93776238 6.0675589e-08
vn -0.00049565104 -0.99999994 2.5907254e-10
vn -0.00018679375 -1 7.2663159e-10
vn 0.29769617 -0.95466071 1.2103916e-07
vn -0.72645372 -0.68721527 0
vn -0.52573156 -0.85065061 -9.277894e-08
vn -0.52573138 -0.85065073 -7.7575095e-08
vn -0.72645372 -0.68721533 0
vn -0.95141602 -0.30790326 0.0017889177
vn -0.88467336 -0.46621066 0.00075807812
vn -0.88482869 -0.46591535 0.0010388915
vn -0.95161045 -0.30730224 0.0017313211
vn 0.70028025 0 -0.71386808
vn 0.70185524 0.0012967137 -0.71231848
vn 0.70224124 0.0016150926 -0.71193725
vn 0.70028025 0 -0.71386808
vn 1.7231389e-07 -0.68636799 -0.72725439
vn -0.00078011263 -0.46405393 -0.88580656
vn -0.00038401698 -0.48760575 -0.87306386
vn 4.6678562e-07 -0.73040545 -0.68301368
vn -0.00078011263 -0.46405393 -0.88580656
vn -0.0017906033 -0.3078877 -0.95142102
vn -0.0017079489 -0.32050455 -0.94724554
vn -0.00038401698 -0.48760575 -0.87306386
vn 0 -0.93788511 -0.34694597
vn 1.7040239e-07 -0.85130411 -0.52467251
vn 1.9117064e-07 -0.87110496 -0.49109697
vn 0 -0.95456058 -0.2980172
vn -4.9334627e-08 -0.85065001 0.52573246
vn -3.8243098e-07 -0.68721575 0.72645336
vn 0 -0.68721551 0.7264536
vn 0 -0.85064977 0.52573276
vn -0.00078051264 -0.46618816 0.88468534
vn -0.0017905099 -0.30788651 0.95142144
vn -0.0017070173 -0.30728436 0.95161623
vn -0.0010390895 -0.46588919 0.88484251
vn 1.218916e-07 -0.93788499 0.34694612
vn -4.9334627e-08 -0.85065001 0.52573246
vn 0 -0.85064977 0.52573276
vn 0 -0.93788499 0.34694612
vn 0 -1 -5.2314056e-07
vn 0 -0.93788511 -0.34694597
vn 0 -0.95456058 -0.2980172
vn 0 -1 4.7966164e-08
vn -0.0017906033 -0.3078877 -0.95142102
vn -0.00081857399 -0.13032962 -0.9914704
vn -0.0017079489 -0.32050455 -0.94724554
vn 1.7040239e-07 -0.85130411 -0.52467251
vn 1.7231389e-07 -0.68636799 -0.72725439
vn 4.6678562e-07 -0.73040545 -0.68301368
vn 1.9117064e-07 -0.87110496 -0.49109697
vn 0 -1 -5.2314056e-07
vn 1.218916e-07 -0.93788499 0.34694612
vn 0 -0.93788499 0.34694612
vn 0 -1 -8.7027132e-07
vn -3.8243098e-07 -0.68721575 0.72645336
vn -0.00078051264 -0.46618816 0.88468534
vn -0.0010390895 -0.46588919 0.88484251
vn 0 -0.68721551 0.7264536
vn -0.0017905099 -0.30788651 0.95142144
vn -0.0008184078 -0.13032857 0.99147052
vn -0.00067694718 -0.12185847 0.99254727
vn -0.0017070173 -0.30728436 0.95161623
vn -0.88448304 -0.46657231 -2.7982392e-07
vn -0.7264536 -0.68721545 7.6575652e-08
vn -0.68317062 -0.73025876 0
vn -0.87155282 -0.49030161 -2.0362809e-07
vn 0.7264536 -0.68721545 0
vn 0.52573204 -0.85065019 9.5463818e-08
vn 0.52573222 -0.85065007 8.4727581e-08
vn 0.72645348 -0.68721551 0
vn 0.95143712 -0.30784324 -2.5125129e-07
vn 0.88448304 -0.46657228 -2.5196275e-07
vn 0.88448316 -0.4665722 -2.8342251e-07
vn 0.95143723 -0.30784312 -2.8262187e-07
vn 0.34694618 -0.93788505 1.4098492e-07
vn -2.9823903e-07 -1 5.8964984e-09
vn -8.1160147e-07 -1 1.1793203e-08
vn 0.34694648 -0.93788493 9.6401948e-08
vn -0.7264536 -0.68721545 7.6575652e-08
vn -0.52573204 -0.85065025 3.7510404e-08
vn -0.49199426 -0.87059844 -1.0975084e-07
vn -0.68317062 -0.73025876 0
vn -0.9915548 -0.12968789 -4.0080749e-08
vn -0.951437 -0.30784348 -4.1745983e-07
vn -0.94743913 -0.31993613 -5.5289235e-07
vn -0.52573204 -0.85065025 3.7510404e-08
vn -0.34694645 -0.93788499 -7.7927439e-08
vn -0.29880044 -0.9543156 -1.5679692e-07
vn -0.49199426 -0.87059844 -1.0975084e-07
vn -0.951437 -0.30784348 -4.1745983e-07
vn -0.88448304 -0.46657231 -2.7982392e-07
vn -0.87155282 -0.49030161 -2.0362809e-07
vn -0.94743913 -0.31993613 -5.5289235e-07
vn -0.34694645 -0.93788499 -7.7927439e-08
vn -2.9823903e-07 -1 5.8964984e-09
vn 0.0038290129 -0.99999267 2.484271e-09
vn -0.29880044 -0.9543156 -1.5679692e-07
vn 0.88448304 -0.46657228 -2.5196275e-07
vn 0.7264536 -0.68721545 0
vn 0.72645348 -0.68721551 0
vn 0.88448316 -0.4665722 -2.8342251e-07
vn 0.99155492 -0.12968765 0
vn 0.95143712 -0.30784324 -2.5125129e-07
vn 0.95143723 -0.30784312 -2.8262187e-07
vn 0.99262589 -0.12121746 0
vn 0.52573204 -0.85065019 9.5463818e-08
vn 0.34694618 -0.93788505 1.4098492e-07
vn 0.34694648 -0.93788493 9.6401948e-08
vn 0.52573222 -0.85065007 8.4727581e-08
vn -0.34727728 -0.93776244 0
vn 0.00049462426 -0.99999988 0
vn 0.00049526466 -0.99999988 -1.1990903e-07
vn -0.3472771 -0.93776244 -1.84044e-07
vn 1.2903639e-07 -0.9545604 0.29801729
vn 3.5086052e-07 -0.87079525 0.49164587
vn 1.2197586e-07 -0.85065007 0.5257324
vn 1.2221263e-07 -0.93788511 0.34694606
vn 3.5086052e-07 -0.87079525 0.49164587
vn 0 -0.73025852 0.68317097
vn 0 -0.68721473 0.72645432
vn 1.2197586e-07 -0.85065007 0.5257324
vn 0 -0.73025852 0.68317097
vn -0.00037882145 -0.49024138 0.87158662
vn -0.0007765023 -0.46619174 0.88468337
vn 0 -0.68721473 0.72645432
vn -0.00037882145 -0.49024138 0.87158662
vn -0.0016705127 -0.31768993 0.94819319
vn -7.3121687e-06 -0.30541125 0.95222056
vn -0.0007765023 -0.46619174 0.88468337
vn -0.0016705127 -0.31768993 0.94819319
vn 0.0059339013 -0.13207285 0.99122226
vn -7.3121687e-06 -0.30541125 0.95222056
vn 0 -1 -4.7966196e-08
vn -1.2869725e-07 -0.95456052 -0.29801726
vn -1.2189142e-07 -0.93788499 -0.34694618
vn 0 -1 1.3200741e-07
vn -0.49164501 -0.87079573 -1.7456085e-07
vn -0.52573204 -0.85065025 -6.0685707e-08
vn -0.72645372 -0.68721533 0
vn -0.68317056 -0.73025882 0
vn -0.68317056 -0.73025882 0
vn -0.72645372 -0.68721533 0
vn -0.88448328 -0.46657178 0
vn -0.87155306 -0.49030134 0
vn -0.87155306 -0.49030134 0
vn -0.88448328 -0.46657178 0
vn -0.95143718 -0.30784285 1.8161015e-07
vn -0.94743949 -0.31993493 0
vn -0.94743949 -0.31993493 0
vn -0.95143718 -0.30784285 1.8161015e-07
vn -0.99155486 -0.12968761 3.3682753e-07
vn 0 -0.93788487 0.34694651
vn 0 -0.85130382 0.52467316
vn 1.2164168e-07 -0.85130382 0.52467316
vn 1.2189166e-07 -0.93788487 0.34694651
vn 0 -1 -1.2516261e-06
vn 0 -0.93788487 -0.34694666
vn -2.1935411e-07 -0.93788499 -0.34694657
vn -9.9533004e-08 -1 -7.8226634e-07
vn 0.29801664 -0.95456064 1.4507098e-07
vn 0.34694591 -0.93788517 1.2858874e-07
vn 0.52573246 -0.85064995 1.2340871e-07
vn 0.49100664 -0.87115574 3.5698207e-07
vn 0.49100664 -0.87115574 3.5698207e-07
vn 0.52573246 -0.85064995 1.2340871e-07
vn 0.7264539 -0.68721527 0
vn 0.68436736 -0.72913742 0
vn 0.68436736 -0.72913742 0
vn 0.7264539 -0.68721527 0
vn 0.88467354 -0.46621048 -0.00075817748
vn 0.87194908 -0.48959631 -0.00035510151
vn 0.87194908 -0.48959631 -0.00035510151
vn 0.88467354 -0.46621048 -0.00075817748
vn 0.95141613 -0.30790281 -0.0017900596
vn 0.94723725 -0.32052904 -0.0016577641
vn 0.94723725 -0.32052904 -0.0016577641
vn 0.95141613 -0.30790281 -0.0017900596
vn 0.99147093 -0.13032487 -0.00082873541
vn -1.9906589e-07 -1 -1.6308496e-07
vn 1.2903639e-07 -0.9545604 0.29801729
vn 1.2221263e-07 -0.93788511 0.34694606
vn -9.9533004e-08 -1 -7.8226634e-07
vn -3.4993818e-07 -0.87079543 -0.49164551
vn 2.6916553e-07 -0.7302596 -0.6831699
vn 8.1438111e-07 -0.68721581 -0.7264533
vn 4.7681061e-07 -0.85065049 -0.52573168
vn 2.6916553e-07 -0.7302596 -0.6831699
vn 0.00038478529 -0.49023882 -0.87158793
vn 0.0007802347 -0.46618763 -0.88468552
vn 8.1438111e-07 -0.68721581 -0.7264533
vn 0.00038478529 -0.49023882 -0.87158793
vn 0.0017079348 -0.32050338 -0.94724578
vn 0.0017901403 -0.30788723 -0.9514212
vn 0.0007802347 -0.46618763 -0.88468552
vn 0.0017079348 -0.32050338 -0.94724578
vn 0.00081824011 -0.13032964 -0.9914704
vn 0.0017901403 -0.30788723 -0.9514212
vn -1.2869725e-07 -0.95456052 -0.29801726
vn -3.4993818e-07 -0.87079543 -0.49164551
vn 4.7681061e-07 -0.85065049 -0.52573168
vn -1.2189142e-07 -0.93788499 -0.34694618
vn -0.0010385992 -0.46589383 -0.88484001
vn -0.0017120332 -0.30728838 -0.95161486
vn -0.0017899843 -0.30789021 -0.95142019
vn -0.00077594654 -0.46619231 -0.88468307
vn 1.1798678e-06 -0.85065031 -0.52573192
vn 2.0188675e-06 -0.68721545 -0.7264536
vn 1.0094344e-06 -0.68721575 -0.72645336
vn 4.6795682e-07 -0.85065031 -0.52573192
vn -0.0017120332 -0.30728838 -0.95161486
vn -0.00068162859 -0.12185726 -0.99254739
vn -0.00081988814 -0.13032879 -0.99147046
vn -0.0017899843 -0.30789021 -0.95142019
vn 2.0188675e-06 -0.68721545 -0.7264536
vn -0.0010385992 -0.46589383 -0.88484001
vn -0.00077594654 -0.46619231 -0.88468307
vn 1.0094344e-06 -0.68721575 -0.72645336
vn -0.29801697 -0.95456064 -1.8496561e-07
vn -0.34694606 -0.93788511 -1.0189729e-07
vn -0.52573204 -0.85065025 -6.0685707e-08
vn -0.49164501 -0.87079573 -1.7456085e-07
vn -0.95161062 -0.3073017 -0.0017332393
vn -0.88482881 -0.46591511 -0.0010394147
vn -0.88467336 -0.46621063 -0.00075805001
vn -0.95141619 -0.3079026 -0.0017892638
vn -0.72645372 -0.68721533 0
vn -0.52645391 -0.85020369 0
vn -0.52645409 -0.85020357 -6.1909191e-08
vn -0.72645372 -0.68721533 1.0908867e-07
vn 0 -1 2.1512321e-07
vn 0 -0.93788487 0.34694651
vn 1.2189166e-07 -0.93788487 0.34694651
vn 0 -1 1.3200741e-07
vn -0.99254864 -0.12184716 -0.00070279773
vn -0.95161062 -0.3073017 -0.0017332393
vn -0.95141619 -0.3079026 -0.0017892638
vn -0.99147105 -0.13032496 -0.00082804641
vn -0.88482881 -0.46591511 -0.0010394147
vn -0.72645372 -0.68721533 0
vn -0.72645372 -0.68721533 1.0908867e-07
vn -0.88467336 -0.46621063 -0.00075805001
vn -0.52645391 -0.85020369 0
vn -0.34727728 -0.93776244 0
vn -0.3472771 -0.93776244 -1.84044e-07
vn -0.52645409 -0.85020357 -6.1909191e-08
vn 0.0017063717 -0.30728534 0.95161587
vn 0.00067658082 -0.12185924 0.99254715
vn 0.00081806461 -0.13032915 0.99147052
vn 0.0017900489 -0.30788732 0.95142108
vn 0 -0.68636858 0.72725391
vn 0.0010385534 -0.46375558 0.88596255
vn 0.00078004267 -0.46405497 0.88580602
vn 2.1045635e-07 -0.68636876 0.72725379
vn 0 -0.93788487 -0.34694666
vn 1.1798678e-06 -0.85065031 -0.52573192
vn 4.6795682e-07 -0.85065031 -0.52573192
vn -2.1935411e-07 -0.93788499 -0.34694657
vn 0.0010385534 -0.46375558 0.88596255
vn 0.0017063717 -0.30728534 0.95161587
vn 0.0017900489 -0.30788732 0.95142108
vn 0.00078004267 -0.46405497 0.88580602
vn 0 -0.85130382 0.52467316
vn 0 -0.68636858 0.72725391
vn 2.1045635e-07 -0.68636876 0.72725379
vn 1.2164168e-07 -0.85130382 0.52467316
vn 0.00018665972 -1 -2.4014045e-07
vn 0.00049526466 -0.99999988 -1.1990903e-07
vn 0.34694591 -0.93788517 1.2858874e-07
vn 0.29801664 -0.95456064 1.4507098e-07
vn 0.99262607 -0.12121771 0
vn 0.95143688 -0.30784377 0
vn 0.95143694 -0.30784389 2.2328943e-06
vn 0.99155486 -0.12968791 6.4652568e-07
vn 0.88448316 -0.46657208 0
vn 0.72645426 -0.68721479 0
vn 0.72645402 -0.68721503 0
vn 0.88448298 -0.46657243 0
vn 0.52573222 -0.85065007 0
vn 0.34694654 -0.93788499 0
vn 0.34694624 -0.93788505 -2.481821e-08
vn 0.52573234 -0.85065007 -6.1235554e-08
vn -0.0038291719 -0.99999273 -1.1775854e-08
vn 2.591257e-07 -1 -4.6697131e-09
vn -0.34694606 -0.93788511 -1.0189729e-07
vn -0.29801697 -0.95456064 -1.8496561e-07
vn 0.95143688 -0.30784377 0
vn 0.88448316 -0.46657208 0
vn 0.88448298 -0.46657243 0
vn 0.95143694 -0.30784389 2.2328943e-06
vn 0.72645426 -0.68721479 0
vn 0.52573222 -0.85065007 0
vn 0.52573234 -0.85065007 -6.1235554e-08
vn 0.72645402 -0.68721503 0
vn 0.34694654 -0.93788499 0
vn 7.1381805e-07 -1 0
vn 2.591257e-07 -1 -4.6697131e-09
vn 0.34694624 -0.93788505 -2.481821e-08
vn 0.70726478 -0.00021777309 -0.70694858
vn 0.6971094 0.0010066826 -0.71696407
vn 0.69713777 0.0010073445 -0.71693659
vn 0.70726562 -0.00021863337 -0.70694792
vn 0.71401703 -0.028053725 0.69956619
vn 0.71039993 -0.011911551 0.70369744
vn 0.71039879 -0.011906445 0.70369869
vn 0.71401703 -0.028053725 0.69956619
vn -0.70603091 -0.0055061537 0.70815951
vn -0.70706767 0.00095646112 0.70714527
vn -0.70706791 0.00095400418 0.70714498
vn -0.70602638 -0.0055160704 0.70816398
vn 0.70341223 -0.014039681 0.71064347
vn 0.69956261 -0.028076451 0.71401948
vn 0.69956261 -0.028076451 0.71401948
vn 0.70341343 -0.014035298 0.7106424
vn -0.71402174 -0.028084313 -0.69955999
vn -0.7106427 -0.014044007 -0.70341301
vn -0.71064156 -0.014039296 -0.7034142
vn -0.71402174 -0.028084313 -0.69955999
vn 0.70710528 6.042626e-07 0.70710832
vn 0.70341223 -0.014039681 0.71064347
vn 0.70341343 -0.014035298 0.7106424
vn 0.70710534 6.0408934e-07 0.70710832
vn 0.70813614 -0.00099204131 -0.70607525
vn 0.70726478 -0.00021777309 -0.70694858
vn 0.70726562 -0.00021863337 -0.70694792
vn 0.7081362 -0.00099217601 -0.70607519
vn -0.70462227 -0.0090935389 -0.70952433
vn -0.70316952 -0.015995044 -0.71084225
vn -0.70317054 -0.015991611 -0.71084142
vn -0.70461845 -0.0091029098 -0.70952791
vn -0.7106427 -0.014044007 -0.70341301
vn -0.70710433 7.0372477e-07 -0.70710927
vn -0.70710433 7.0312961e-07 -0.70710915
vn -0.71064156 -0.014039296 -0.7034142
vn -0.70706767 0.00095646112 0.70714527
vn -0.70721668 0.0023092879 0.7069931
vn -0.70721745 0.002306645 0.70699239
vn -0.70706791 0.00095400418 0.70714498
vn 0.71039993 -0.011911551 0.70369744
vn 0.70965362 0.013495498 0.70442146
vn 0.70964289 0.0134629 0.70443285
vn 0.71039879 -0.011906445 0.70369869
vn 0.70710665 4.7806105e-07 0.70710683
vn 0.70710528 6.042626e-07 0.70710832
vn 0.70710534 6.0408934e-07 0.70710832
vn 0.70710677 4.7807367e-07 0.70710695
vn 0.70581067 0.0013065804 -0.70839936
vn 0.70813614 -0.00099204131 -0.70607525
vn 0.7081362 -0.00099217601 -0.70607519
vn 0.70580769 0.0013090653 -0.70840234
vn -0.6999982 -0.012695863 -0.71403182
vn -0.70462227 -0.0090935389 -0.70952433
vn -0.70461845 -0.0091029098 -0.70952791
vn -0.69998699 -0.012690422 -0.71404284
vn -0.70710433 7.0372477e-07 -0.70710927
vn -0.70710534 1.7122519e-06 -0.7071082
vn -0.70710534 1.7122557e-06 -0.7071082
vn -0.70710433 7.0312961e-07 -0.70710915
vn -0.70721668 0.0023092879 0.7069931
vn -0.70905042 0.001636896 0.70515591
vn -0.70905232 0.001638879 0.705154
vn -0.70721745 0.002306645 0.70699239
vn 0.70965362 0.013495498 0.70442146
vn 0.69822031 0.0072661322 0.71584606
vn 0.69826776 0.007316269 0.71579921
vn 0.70964289 0.0134629 0.70443285
vn 0.70710742 -5.3411515e-07 0.70710611
vn 0.70710665 4.7806105e-07 0.70710683
vn 0.70710677 4.7807367e-07 0.70710695
vn 0.70710742 -5.3445922e-07 0.70710605
vn 0.7018525 0.0012955857 -0.71232122
vn 0.70581067 0.0013065804 -0.70839936
vn 0.70580769 0.0013090653 -0.70840234
vn 0.70223862 0.0016136863 -0.71193987
vn -0.69996399 -0.0068307067 -0.71414542
vn -0.6999982 -0.012695863 -0.71403182
vn -0.69998699 -0.012690422 -0.71404284
vn -0.6999504 -0.0068545393 -0.71415865
vn -0.70710534 1.7122519e-06 -0.7071082
vn -0.70710713 4.8906873e-07 -0.70710653
vn -0.70710707 4.8841059e-07 -0.70710659
vn -0.70710534 1.7122557e-06 -0.7071082
vn 0.69822031 0.0072661322 0.71584606
vn 0.69298345 -0.0029384566 0.72094756
vn 0.69306231 -0.0028953447 0.72087187
vn 0.69826776 0.007316269 0.71579921
vn -0.70905042 0.001636896 0.70515591
vn -0.71231997 0.0012955891 0.70185375
vn -0.71193862 0.0016136904 0.70223987
vn -0.70905232 0.001638879 0.705154
vn -0.64424652 -0.41218039 0.6442467
vn -0.69736141 -0.16545244 0.69736117
vn -0.69736141 -0.16545244 0.69736117
vn -0.64424646 -0.41218042 0.64424676
vn -0.56896383 -0.59376895 0.56896269
vn -0.64424652 -0.41218039 0.6442467
vn -0.64424646 -0.41218042 0.64424676
vn -0.56896383 -0.59376889 0.56896269
vn -0.42859468 -0.79537135 0.42859179
vn -0.56896383 -0.59376895 0.56896269
vn -0.56896383 -0.59376889 0.56896269
vn -0.42859456 -0.79537159 0.4285917
vn -0.28375658 -0.91595107 0.28375307
vn -0.42859468 -0.79537135 0.42859179
vn -0.42859456 -0.79537159 0.4285917
vn -0.28375649 -0.91595113 0.28375295
vn -0.18061106 -0.96684897 0.18050677
vn -0.28375658 -0.91595107 0.28375307
vn -0.28375649 -0.91595113 0.28375295
vn -0.180611 -0.96684891 0.18050671
vn -0.69736147 -0.16545229 -0.69736117
vn -0.64424706 -0.41218022 -0.64424628
vn -0.64424711 -0.41217983 -0.64424646
vn -0.69736147 -0.16545232 -0.69736111
vn -0.64424706 -0.41218022 -0.64424628
vn -0.56896371 -0.59376901 -0.56896281
vn -0.56896377 -0.59376901 -0.56896281
vn -0.64424711 -0.41217983 -0.64424646
vn -0.56896371 -0.59376901 -0.56896281
vn -0.4285877 -0.79537678 -0.4285889
vn -0.4285945 -0.79536939 -0.42859575
vn -0.56896377 -0.59376901 -0.56896281
vn -0.4285877 -0.79537678 -0.4285889
vn -0.28438362 -0.91586679 -0.28339729
vn -0.28436026 -0.9158814 -0.28337345
vn -0.4285945 -0.79536939 -0.42859575
vn -0.28438362 -0.91586679 -0.28339729
vn -0.18165097 -0.96673065 -0.18009649
vn -0.18109988 -0.96693581 -0.17954955
vn -0.28436026 -0.9158814 -0.28337345
vn 0.64424217 -0.41219649 0.64424062
vn 0.69736129 -0.16545235 0.69736129
vn 0.69736129 -0.16545235 0.69736129
vn 0.64424813 -0.41217789 0.64424664
vn 0.56797194 -0.59313273 0.57061493
vn 0.64424217 -0.41219649 0.64424062
vn 0.64424813 -0.41217789 0.64424664
vn 0.56793749 -0.59319717 0.57058227
vn 0.4270699 -0.79458922 0.4315545
vn 0.56797194 -0.59313273 0.57061493
vn 0.56793749 -0.59319717 0.57058227
vn 0.42611659 -0.79562211 0.43059251
vn 0.28942674 -0.91528487 0.28015313
vn 0.4270699 -0.79458922 0.4315545
vn 0.42611659 -0.79562211 0.43059251
vn 0.28910539 -0.91551673 0.27972704
vn 0.1866107 -0.96767569 0.1696471
vn 0.28942674 -0.91528487 0.28015313
vn 0.28910539 -0.91551673 0.27972704
vn 0.19292942 -0.96539909 0.17545028
vn -0.18165097 -0.96673065 -0.18009649
vn -0.12415507 -0.98460543 -0.12303561
vn -0.12415507 -0.98460543 -0.12303561
vn -0.18109988 -0.96693581 -0.17954955
vn 0.12837662 -0.98489779 0.11617064
vn 0.1866107 -0.96767569 0.1696471
vn 0.19292942 -0.96539909 0.17545028
vn 0.12837662 -0.98489779 0.11617064
vn 0.64423019 -0.41227823 -0.64420033
vn 0.69736218 -0.16545282 -0.69736034
vn 0.69736218 -0.16545288 -0.69736028
vn 0.64427185 -0.41214806 -0.64424205
vn 0.57972544 -0.59080195 -0.56113398
vn 0.64423019 -0.41227823 -0.64420033
vn 0.64427185 -0.41214806 -0.64424205
vn 0.58014929 -0.58979094 -0.56175917
vn 0.44826019 -0.79063314 -0.41708755
vn 0.57972544 -0.59080195 -0.56113398
vn 0.58014929 -0.58979094 -0.56175917
vn 0.4425717 -0.79661703 -0.41174212
vn 0.28898463 -0.91651225 -0.27657393
vn 0.44826019 -0.79063314 -0.41708755
vn 0.4425717 -0.79661703 -0.41174212
vn 0.28860179 -0.91672117 -0.27628133
vn 0.18062168 -0.96684527 -0.18051632
vn 0.28898463 -0.91651225 -0.27657393
vn 0.28860179 -0.91672117 -0.27628133
vn 0.18056802 -0.96686524 -0.18046257
vn -0.12385073 -0.98456734 0.12364578
vn -0.18061106 -0.96684897 0.18050677
vn -0.180611 -0.96684891 0.18050671
vn -0.12385073 -0.98456734 0.12364578
vn 0.12380367 -0.98457778 -0.12360957
vn 0.18062168 -0.96684527 -0.18051632
vn 0.18056802 -0.96686524 -0.18046257
vn 0.12380367 -0.98457778 -0.12360957
vn -0.70316952 -0.015995044 -0.71084225
vn -0.69964802 -0.027772656 -0.71394771
vn -0.69964802 -0.027772656 -0.71394771
vn -0.70317054 -0.015991611 -0.71084142
vn 0.70872474 0.0014724938 -0.70548356
vn 0.71232057 0.0012954298 -0.70185316
vn 0.7119391 0.0016134924 -0.70223933
vn 0.70872718 0.0014747351 -0.70548111
vn -0.70188069 -0.02207361 0.71195245
vn -0.70603091 -0.0055061537 0.70815951
vn -0.70602638 -0.0055160704 0.70816398
vn -0.70189512 -0.022003829 0.71194029
vn -0.70548272 0.0014723272 0.70872557
vn -0.70710737 -5.3411344e-07 0.70710623
vn -0.70710742 -5.3445683e-07 0.70710617
vn -0.70548028 0.0014745699 0.70872808
vn 0.6971094 0.0010066826 -0.71696407
vn 0.70945525 -0.0078562144 -0.70470667
vn 0.70954949 -0.0078950394 -0.7046113
vn 0.69713777 0.0010073445 -0.71693659
vn -0.71045464 -0.013136797 0.70362031
vn -0.71252716 -0.027784221 0.70109433
vn -0.71252716 -0.027784221 0.70109433
vn -0.71045494 -0.01313886 0.70361996
vn 0.70710617 -7.5612161e-07 -0.70710748
vn 0.70872474 0.0014724938 -0.70548356
vn 0.70872718 0.0014747351 -0.70548111
vn 0.70710617 -7.556356e-07 -0.70710748
vn 0.69950897 -0.028777216 -0.71404421
vn 0.7032671 -0.014812741 -0.71077144
vn 0.7032699 -0.014801981 -0.71076888
vn 0.69950897 -0.028777216 -0.71404421
vn -0.70710737 -5.3411344e-07 0.70710623
vn -0.70703185 0.00014341361 0.70718163
vn -0.70703185 0.00014341831 0.70718163
vn -0.70710742 -5.3445683e-07 0.70710617
vn -0.69904739 -0.035431504 0.71419704
vn -0.70188069 -0.02207361 0.71195245
vn -0.70189512 -0.022003829 0.71194029
vn -0.69904739 -0.035431504 0.71419704
vn 0.70945525 -0.0078562144 -0.70470667
vn 0.73020065 -0.016546661 -0.68303239
vn 0.73020065 -0.016546661 -0.68303239
vn 0.70954949 -0.0078950394 -0.7046113
vn 0.70702946 -0.00014560606 -0.70718408
vn 0.70710617 -7.5612161e-07 -0.70710748
vn 0.70710617 -7.556356e-07 -0.70710748
vn 0.70702946 -0.00014560975 -0.70718402
vn -0.70703185 0.00014341361 0.70718163
vn -0.70758945 0.00089677307 0.70662314
vn -0.70758975 0.00089697709 0.70662302
vn -0.70703185 0.00014341831 0.70718163
vn 0.70318431 0.0026259476 0.71100283
vn 0.70185375 0.0012952677 0.71231997
vn 0.70223987 0.0016132998 0.71193862
vn 0.70318532 0.0026264277 0.71100181
vn -0.7054826 0.00147278 -0.70872569
vn -0.70185256 0.0012959178 -0.7123211
vn -0.7022388 0.0016140998 -0.71193963
vn -0.70548004 0.0014750238 -0.70872819
vn 0.7069118 -0.00056395732 -0.70730138
vn 0.70702946 -0.00014560606 -0.70718408
vn 0.70702946 -0.00014560975 -0.70718402
vn 0.7069118 -0.00056415022 -0.70730144
vn -0.71231675 0.0012952696 -0.70185703
vn -0.70645744 0.00032817031 -0.70775539
vn -0.70646328 0.00033209095 -0.70774955
vn -0.7119351 0.0016132832 -0.70224345
vn -0.70758945 0.00089677307 0.70662314
vn -0.71045464 -0.013136797 0.70362031
vn -0.71045494 -0.01313886 0.70361996
vn -0.70758975 0.00089697709 0.70662302
vn 0.69298345 -0.0029384566 0.72094756
vn 0.70318431 0.0026259476 0.71100283
vn 0.70318532 0.0026264277 0.71100181
vn 0.69306231 -0.0028953447 0.72087187
vn 0.7032671 -0.014812741 -0.71077144
vn 0.7069118 -0.00056395732 -0.70730138
vn 0.7069118 -0.00056415022 -0.70730144
vn 0.7032699 -0.014801981 -0.71076888
vn -0.70710713 4.8906873e-07 -0.70710653
vn -0.7054826 0.00147278 -0.70872569
vn -0.70548004 0.0014750238 -0.70872819
vn -0.70710707 4.8841059e-07 -0.70710659
vn -0.70645744 0.00032817031 -0.70775539
vn -0.69996399 -0.0068307067 -0.71414542
vn -0.6999504 -0.0068545393 -0.71415865
vn -0.70646328 0.00033209095 -0.70774955
vn 0.7086845 0.001463225 0.70552397
vn 0.70710742 -5.3411515e-07 0.70710611
vn 0.70710742 -5.3445922e-07 0.70710605
vn 0.70869184 0.0014700115 0.7055167
vn -0.70870149 0.00010379966 0.70550835
vn -0.70870149 0.00010379966 0.70550835
vn -0.70870101 0.00010463619 0.70550895
vn -0.70870095 0.00010463572 0.70550889
vn 0.71313798 -0.0081841843 -0.70097589
vn 0.71313798 -0.0081841843 -0.70097589
vn 0.71457261 -0.0014386578 -0.69955987
vn 0.71457273 -0.0014377448 -0.69955963
vn -0.70678014 -1.3887737e-05 -0.70743322
vn -0.70678014 -1.3887737e-05 -0.70743322
vn -0.70678073 -1.6202806e-05 -0.70743269
vn -0.70678073 -1.6202681e-05 -0.70743257
vn 0.74140102 -0.67106164 0.00088500342
vn 0.7405678 -0.6719811 0.00088419986
vn 0.82122749 -0.57060015 0.00096058717
vn -0.0014727471 -0.58112448 0.81381339
vn -0.0014369615 -0.58021045 0.81446522
vn -0.001374722 -0.62773603 0.77842504
vn -0.001328889 -0.67685848 0.73611194
vn -0.81445932 -0.58021921 -0.001285733
vn -0.73489743 -0.67817783 0.00081073155
vn -0.70946091 -0.70474327 0.0014204141
vn 0.001181182 -0.58089447 -0.81397802
vn 0.0010533964 -0.67795014 -0.73510712
vn 0.0010536571 -0.67777413 -0.73526943
vn -0.70946091 -0.70474327 0.0014204141
vn -0.73489743 -0.67817783 0.00081073155
vn -0.62925643 -0.77719116 0.0031985929
vn -0.62925643 -0.77719116 0.0031985929
vn 0.71457273 -0.0014377448 -0.69955963
vn 0.71457261 -0.0014386578 -0.69955987
vn 0.71734959 0.0121235 -0.69660795
vn 0.70713538 1.7883161e-05 0.70707822
vn 0.70713538 1.7886006e-05 0.70707816
vn 0.70713574 1.6207166e-05 0.70707792
vn -0.70870095 0.00010463572 0.70550889
vn -0.70870101 0.00010463619 0.70550895
vn -0.70869982 0.00010631805 0.70551014
vn -0.70869982 0.00010631805 0.70551014
vn -0.70678073 -1.6202681e-05 -0.70743257
vn -0.70678073 -1.6202806e-05 -0.70743269
vn -0.70678192 -2.0857566e-05 -0.7074315
vn 0.74140102 -0.67106164 0.00088500342
vn 0.63411814 -0.77323574 0.00077967596
vn 0.7405678 -0.6719811 0.00088419986
vn -0.001374722 -0.62773603 0.77842504
vn -0.0014369615 -0.58021045 0.81446522
vn -0.0013586805 -0.5782088 0.81588769
vn 0.0010533964 -0.67795014 -0.73510712
vn 0.00088724552 -0.77583915 -0.63093019
vn 0.0010536571 -0.67777413 -0.73526943
vn -0.001374722 -0.62773603 0.77842504
vn -0.001139252 -0.7738719 0.63334113
vn -0.001328889 -0.67685848 0.73611194
vn 0.0065683485 -0.12363438 0.99230605
vn 0.0059339013 -0.13207285 0.99122226
vn 0.0073162313 -0.0073169013 0.99994648
vn 0.0073162313 -0.0073169013 0.99994648
vn 0.7018525 0.0012955857 -0.71232122
vn 0.70223862 0.0016136863 -0.71193987
vn 0.70027679 0 -0.71387154
vn 0.70027679 0 -0.71387154
vn -0.99155486 -0.12968761 3.3682753e-07
vn -0.99262589 -0.12121747 3.6359305e-07
vn -1 0 0
vn -1 0 0
vn 0.99262607 -0.12121771 0
vn 0.99155486 -0.12968791 6.4652568e-07
vn 1 0 0
vn 1 0 0
vn 0.7119391 0.0016134924 -0.70223933
vn 0.71232057 0.0012954298 -0.70185316
vn 0.71387094 0 -0.70027733
vn 0.71387094 0 -0.70027733
vn 0.00081806461 -0.13032915 0.99147052
vn 0.00067658082 -0.12185924 0.99254715
vn 0 0 1
vn 0 0 1
vn 0.69736218 -0.16545288 -0.69736028
vn 0.69736218 -0.16545282 -0.69736034
vn 0.70710731 0 -0.70710629
vn 0.70710731 0 -0.70710629
vn -0.7022388 0.0016140998 -0.71193963
vn -0.70185256 0.0012959178 -0.7123211
vn -0.70027667 0 -0.71387154
vn -0.70027667 0 -0.71387154
vn -0.71193862 0.0016136904 0.70223987
vn -0.71231997 0.0012955891 0.70185375
vn -0.71387017 0 0.70027816
vn -0.71387017 0 0.70027816
vn 0.00067676831 -0.12185969 -0.99254709
vn 0.00081824011 -0.13032964 -0.9914704
vn 0 0 -1
vn 0 0 -1
vn -0.69736147 -0.16545229 -0.69736117
vn -0.69736147 -0.16545232 -0.69736111
vn -0.70710677 0 -0.70710677
vn -0.70710677 0 -0.70710677
vn 0.70223987 0.0016132998 0.71193862
vn 0.70185375 0.0012952677 0.71231997
vn 0.7002781 0 0.71387017
vn 0.7002781 0 0.71387017
vn 0.99147093 -0.13032487 -0.00082873541
vn 0.99254858 -0.12184744 -0.00070325064
vn 1 0 -2.9802795e-06
vn 1 0 -2.9802795e-06
vn 0.69736129 -0.16545235 0.69736129
vn 0.69736129 -0.16545235 0.69736129
vn 0.70710677 0 0.70710677
vn 0.70710677 0 0.70710677
vn -0.00081988814 -0.13032879 -0.99147046
vn -0.00068162859 -0.12185726 -0.99254739
vn 0 0 -0.99999994
vn 0 0 -0.99999994
vn -0.69736141 -0.16545244 0.69736117
vn -0.69736141 -0.16545244 0.69736117
vn -0.70710731 0 0.70710623
vn -0.70710731 0 0.70710623
vn -0.99254864 -0.12184716 -0.00070279773
vn -0.99147105 -0.13032496 -0.00082804641
vn -1 0 0
vn -1 0 0
vn -0.71231675 0.0012952696 -0.70185703
vn -0.7119351 0.0016132832 -0.70224345
vn -0.71386808 0 -0.70028019
vn -0.71386808 0 -0.70028019
vn 0.70713526 1.8721192e-05 0.70707834
vn 0.70713526 1.8721192e-05 0.70707834
vn 0.70713538 1.7886006e-05 0.70707816
vn 0.70713538 1.7883161e-05 0.70707822
vn 1.2221263e-07 -0.93788511 0.34694606
vn 1.2197586e-07 -0.85065007 0.5257324
vn 0 -0.85065019 0.52573222
vn 0 -0.93788517 0.34694573
vn 0 -0.68721473 0.72645432
vn -0.0007765023 -0.46619174 0.88468337
vn -0.0010391435 -0.46589339 0.88484025
vn 0 -0.68721455 0.72645444
vn -7.3121687e-06 -0.30541125 0.95222056
vn 0.0059339013 -0.13207285 0.99122226
vn 0.0065683485 -0.12363438 0.99230605
vn 0.0018617891 -0.30562738 0.95214927
vn 0.71229273 0.0012876494 0.70188129
vn 0.7086845 0.001463225 0.70552397
vn 0.70869184 0.0014700115 0.7055167
vn 0.71189862 0.0016089086 0.7022804
vn 4.6795682e-07 -0.85065031 -0.52573192
vn 1.0094344e-06 -0.68721575 -0.72645336
vn 0 -0.7302593 -0.6831702
vn -3.5086092e-07 -0.87079543 -0.49164549
vn 1.0094344e-06 -0.68721575 -0.72645336
vn -0.00077594654 -0.46619231 -0.88468307
vn -0.00037840387 -0.49024248 -0.87158602
vn 0 -0.7302593 -0.6831702
vn 0.71386969 0 0.70027858
vn 0.71229273 0.0012876494 0.70188129
vn 0.71189862 0.0016089086 0.7022804
vn 0.71386969 0 0.70027858
vn 1.2197586e-07 -0.85065007 0.5257324
vn 0 -0.68721473 0.72645432
vn 0 -0.68721455 0.72645444
vn 0 -0.85065019 0.52573222
vn -0.0007765023 -0.46619174 0.88468337
vn -7.3121687e-06 -0.30541125 0.95222056
vn 0.0018617891 -0.30562738 0.95214927
vn -0.0010391435 -0.46589339 0.88484025
vn -2.1935411e-07 -0.93788499 -0.34694657
vn 4.6795682e-07 -0.85065031 -0.52573192
vn -3.5086092e-07 -0.87079543 -0.49164549
vn -4.1451727e-07 -0.9545604 -0.2980175
vn -9.9533004e-08 -1 -7.8226634e-07
vn -2.1935411e-07 -0.93788499 -0.34694657
vn -4.1451727e-07 -0.9545604 -0.2980175
vn -1.9906589e-07 -1 -1.6308496e-07
vn -9.9533004e-08 -1 -7.8226634e-07
vn 1.2221263e-07 -0.93788511 0.34694606
vn 0 -0.93788517 0.34694573
vn 0 -1 -1.2516261e-06
vn -0.00077594654 -0.46619231 -0.88468307
vn -0.0017899843 -0.30789021 -0.95142019
vn -0.0016978717 -0.32050908 -0.94724393
vn -0.00037840387 -0.49024248 -0.87158602
vn -0.0017899843 -0.30789021 -0.95142019
vn -0.00081988814 -0.13032879 -0.99147046
vn -0.0016978717 -0.32050908 -0.94724393
vn -0.72645372 -0.68721533 1.0908867e-07
vn -0.52645409 -0.85020357 -6.1909191e-08
vn -0.49268878 -0.87020564 -1.7811934e-07
vn -0.68317062 -0.73025876 1.4005585e-07
vn -0.99147105 -0.13032496 -0.00082804641
vn -0.95141619 -0.3079026 -0.0017892638
vn -0.94723737 -0.32052884 -0.0016556985
vn -0.52645409 -0.85020357 -6.1909191e-08
vn -0.3472771 -0.93776244 -1.84044e-07
vn -0.29769516 -0.95466095 -4.2408431e-07
vn -0.49268878 -0.87020564 -1.7811934e-07
vn 0.34694591 -0.93788517 1.2858874e-07
vn 0.00049526466 -0.99999988 -1.1990903e-07
vn 0.00049462426 -0.99999988 0
vn 0.34694582 -0.93788517 0
vn 0.52573246 -0.85064995 1.2340871e-07
vn 0.34694591 -0.93788517 1.2858874e-07
vn 0.34694582 -0.93788517 0
vn 0.52573252 -0.85065001 0
vn 0.88467354 -0.46621048 -0.00075817748
vn 0.7264539 -0.68721527 0
vn 0.72645378 -0.68721533 0
vn 0.88482887 -0.46591505 -0.0010394148
vn 0.99147093 -0.13032487 -0.00082873541
vn 0.95141613 -0.30790281 -0.0017900596
vn 0.95161045 -0.30730206 -0.0017321882
vn 0.99254858 -0.12184744 -0.00070325064
vn -0.70185459 0.0012957534 0.71231908
vn -0.70548272 0.0014723272 0.70872557
vn -0.70548028 0.0014745699 0.70872808
vn -0.70224077 0.0016138952 0.71193773
vn -0.95141619 -0.3079026 -0.0017892638
vn -0.88467336 -0.46621063 -0.00075805001
vn -0.87157995 -0.49025345 -0.00035130396
vn -0.94723737 -0.32052884 -0.0016556985
vn -0.88467336 -0.46621063 -0.00075805001
vn -0.72645372 -0.68721533 1.0908867e-07
vn -0.68317062 -0.73025876 1.4005585e-07
vn -0.87157995 -0.49025345 -0.00035130396
vn -0.3472771 -0.93776244 -1.84044e-07
vn 0.00049526466 -0.99999988 -1.1990903e-07
vn 0.00018665972 -1 -2.4014045e-07
vn -0.29769516 -0.95466095 -4.2408431e-07
vn 0.7264539 -0.68721527 0
vn 0.52573246 -0.85064995 1.2340871e-07
vn 0.52573252 -0.85065001 0
vn 0.72645378 -0.68721533 0
vn 0.95141613 -0.30790281 -0.0017900596
vn 0.88467354 -0.46621048 -0.00075817748
vn 0.88482887 -0.46591505 -0.0010394148
vn 0.95161045 -0.30730206 -0.0017321882
vn -0.70027876 0 0.71386939
vn -0.70185459 0.0012957534 0.71231908
vn -0.70224077 0.0016138952 0.71193773
vn -0.70027876 0 0.71386939
vn 2.1045635e-07 -0.68636876 0.72725379
vn 0.00078004267 -0.46405497 0.88580602
vn 0.00038454344 -0.48760706 0.87306309
vn 2.7007511e-07 -0.73040599 0.68301326
vn 0.00078004267 -0.46405497 0.88580602
vn 0.0017900489 -0.30788732 0.95142108
vn 0.0017079406 -0.32050392 0.94724566
vn 0.00038454344 -0.48760706 0.87306309
vn 1.2189166e-07 -0.93788487 0.34694651
vn 1.2164168e-07 -0.85130382 0.52467316
vn 3.4973033e-07 -0.87110442 0.49109775
vn 1.2869729e-07 -0.95456046 0.29801732
vn 4.7681061e-07 -0.85065049 -0.52573168
vn 8.1438111e-07 -0.68721581 -0.7264533
vn 1.2094555e-06 -0.68721563 -0.72645348
vn 1.1969315e-06 -0.85065055 -0.52573156
vn 0.0007802347 -0.46618763 -0.88468552
vn 0.0017901403 -0.30788723 -0.9514212
vn 0.0017065657 -0.30728582 -0.95161575
vn 0.0010388147 -0.46588907 -0.88484257
vn -1.2189142e-07 -0.93788499 -0.34694618
vn 4.7681061e-07 -0.85065049 -0.52573168
vn 1.1969315e-06 -0.85065055 -0.52573156
vn 0 -0.93788517 -0.34694597
vn 0 -1 1.3200741e-07
vn 1.2189166e-07 -0.93788487 0.34694651
vn 1.2869729e-07 -0.95456046 0.29801732
vn 0 -1 -4.7966196e-08
vn 0.0017900489 -0.30788732 0.95142108
vn 0.00081806461 -0.13032915 0.99147052
vn 0.0017079406 -0.32050392 0.94724566
vn 1.2164168e-07 -0.85130382 0.52467316
vn 2.1045635e-07 -0.68636876 0.72725379
vn 2.7007511e-07 -0.73040599 0.68301326
vn 3.4973033e-07 -0.87110442 0.49109775
vn 0 -1 1.3200741e-07
vn -1.2189142e-07 -0.93788499 -0.34694618
vn 0 -0.93788517 -0.34694597
vn 0 -1 2.1512321e-07
vn 8.1438111e-07 -0.68721581 -0.7264533
vn 0.0007802347 -0.46618763 -0.88468552
vn 0.0010388147 -0.46588907 -0.88484257
vn 1.2094555e-06 -0.68721563 -0.72645348
vn 0.0017901403 -0.30788723 -0.9514212
vn 0.00081824011 -0.13032964 -0.9914704
vn 0.00067676831 -0.12185969 -0.99254709
vn 0.0017065657 -0.30728582 -0.95161575
vn 0.88448298 -0.46657243 0
vn 0.72645402 -0.68721503 0
vn 0.68317074 -0.73025876 0
vn 0.87155277 -0.49030185 0
vn -0.72645372 -0.68721533 0
vn -0.52573204 -0.85065025 -6.0685707e-08
vn -0.52573222 -0.85065019 0
vn -0.72645378 -0.68721533 0
vn -0.95143718 -0.30784285 1.8161015e-07
vn -0.88448328 -0.46657178 0
vn -0.88448346 -0.46657151 0
vn -0.95143718 -0.30784294 3.6179577e-07
vn -0.34694606 -0.93788511 -1.0189729e-07
vn 2.591257e-07 -1 -4.6697131e-09
vn 7.1381805e-07 -1 0
vn -0.34694645 -0.93788493 0
vn 0.72645402 -0.68721503 0
vn 0.52573234 -0.85065007 -6.1235554e-08
vn 0.49199384 -0.87059861 -1.7560133e-07
vn 0.68317074 -0.73025876 0
vn 0.99155486 -0.12968791 6.4652568e-07
vn 0.95143694 -0.30784389 2.2328943e-06
vn 0.94743907 -0.31993654 3.6674339e-06
vn 0.52573234 -0.85065007 -6.1235554e-08
vn 0.34694624 -0.93788505 -2.481821e-08
vn 0.29880029 -0.95431566 4.112918e-08
vn 0.49199384 -0.87059861 -1.7560133e-07
vn 0.95143694 -0.30784389 2.2328943e-06
vn 0.88448298 -0.46657243 0
vn 0.87155277 -0.49030185 0
vn 0.94743907 -0.31993654 3.6674339e-06
vn 0.34694624 -0.93788505 -2.481821e-08
vn 2.591257e-07 -1 -4.6697131e-09
vn -0.0038291719 -0.99999273 -1.1775854e-08
vn 0.29880029 -0.95431566 4.112918e-08
vn -0.88448328 -0.46657178 0
vn -0.72645372 -0.68721533 0
vn -0.72645378 -0.68721533 0
vn -0.88448346 -0.46657151 0
vn -0.99155486 -0.12968761 3.3682753e-07
vn -0.95143718 -0.30784285 1.8161015e-07
vn -0.95143718 -0.30784294 3.6179577e-07
vn -0.99262589 -0.12121747 3.6359305e-07
vn -0.52573204 -0.85065025 -6.0685707e-08
vn -0.34694606 -0.93788511 -1.0189729e-07
vn -0.34694645 -0.93788493 0
vn -0.52573222 -0.85065019 0
vn 0 -0.47301778 -0.88105285
vn 0 -0.47301778 -0.88105285
vn 0 -0.47301778 -0.88105285
vn 0 -0.47301778 -0.88105285
vn 0 0.47301853 -0.88105249
vn 0 0.47301853 -0.88105249
vn 0 0.47301853 -0.88105249
vn 0 0.47301853 -0.88105249
vn 0.88105327 -0.47301707 0
vn 0.88105327 -0.47301707 0
vn 0.88105327 -0.47301707 0
vn 0.88105327 -0.47301707 0
vn 1 0 0
vn 1 0 0
vn 1 0 0
vn 1 0 0
vn 0 0 1
vn 0 0 1
vn 0 0 1
vn 0 0 1
vn 0 0 -1
vn 0 0 -1
vn 0 0 -1
vn 0 0 -1
vn -1 0 0
vn -1 0 0
vn -1 0 0
vn -1 0 0
vn -0.88105273 0.47301805 0
vn -0.88105273 0.47301805 0
vn -0.88105273 0.47301805 0
vn -0.88105273 0.47301805 0
vn 0 -0.47301778 0.88105285
vn 0 -0.47301778 0.88105285
vn 0 -0.47301778 0.88105285
vn 0 -0.47301778 0.88105285
vn -1 0 0
vn -1 0 0
vn -1 0 0
vn -1 0 0
vn 0 0 -1
vn 0 0 -1
vn 0 0 -1
vn 0 0 -1
vn 1 0 0
vn 1 0 0
vn 1 0 0
vn 1 0 0
vn 0 0 1
vn 0 0 1
vn 0 0 1
vn 0 0 1
vn -1 0 0
vn -1 0 0
vn -1 0 0
vn -1 0 0
vn 0 0 -1
vn 0 0 -1
vn 0 0 -1
vn 0 0 -1
vn 0 0 1
vn 0 0 1
vn 0 0 1
vn 0 0 1
vn 1 0 0
vn 1 0 0
vn 1 0 0
vn 1 0 0
vn 0 0.47301853 0.88105249
vn 0 0.47301853 0.88105249
vn 0 0.47301853 0.88105249
vn 0 0.47301853 0.88105249
vn -0.88105285 -0.4730179 0
vn -0.88105285 -0.4730179 0
vn -0.88105285 -0.4730179 0
vn -0.88105285 -0.4730179 0
vn 0.88105327 0.47301728 0
vn 0.88105327 0.47301728 0
vn 0.88105327 0.47301728 0
vn 0.88105327 0.47301728 0
vn 0 1 0
vn 0 1 0
vn 0 1 0
vn 0 1 0
vn 0 -1 0
vn 0 -1 0
vn 0 -1 0
vn 0 -1 0
vn 0 -0.47301647 -0.88105357
vn 0 -0.47301647 -0.88105357
vn 0 -0.47301647 -0.88105357
vn 0 -0.47301647 -0.88105357
vn 0 0.47301611 -0.88105381
vn 0 0.47301611 -0.88105381
vn 0 0.47301611 -0.88105381
vn 0 0.47301611 -0.88105381
vn 0.88105291 -0.47301763 0
vn 0.88105291 -0.47301763 0
vn 0.88105291 -0.47301763 0
vn 0.88105291 -0.47301763 0
vn 0.99999994 0 0
vn 0.99999994 0 0
vn 0.99999994 0 0
vn 0.99999994 0 0
vn 0 0 1
vn 0 0 1
vn 0 0 1
vn 0 0 1
vn 0 0 -1
vn 0 0 -1
vn 0 0 -1
vn 0 0 -1
vn -0.99999994 0 0
vn -0.99999994 0 0
vn -0.99999994 0 0
vn -0.99999994 0 0
vn -0.88105273 0.47301793 0
vn -0.88105273 0.47301793 0
vn -0.88105273 0.47301793 0
vn -0.88105273 0.47301793 0
vn 0 -0.47301647 0.88105357
vn 0 -0.47301647 0.88105357
vn 0 -0.47301647 0.88105357
vn 0 -0.47301647 0.88105357
vn -1 0 0
vn -1 0 0
vn -1 0 0
vn -1 0 0
vn 0 0 -1
vn 0 0 -1
vn 0 0 -1
vn 0 0 -1
vn 1 0 0
vn 1 0 0
vn 1 0 0
vn 1 0 0
vn 0 0 1
vn 0 0 1
vn 0 0 1
vn 0 0 1
vn -1 0 0
vn -1 0 0
vn -1 0 0
vn -1 0 0
vn 0 0 -1
vn 0 0 -1
vn 0 0 -1
vn 0 0 -1
vn 0 0 1
vn 0 0 1
vn 0 0 1
vn 0 0 1
vn 1 0 0
vn 1 0 0
vn 1 0 0
vn 1 0 0
vn 0 0.47301611 0.88105381
vn 0 0.47301611 0.88105381
vn 0 0.47301611 0.88105381
vn 0 0.47301611 0.88105381
vn -0.88105208 -0.47301927 0
vn -0.88105208 -0.47301927 0
vn -0.88105208 -0.47301927 0
vn -0.88105208 -0.47301927 0
vn 0.88105369 0.47301632 0
vn 0.88105369 0.47301632 0
vn 0.88105369 0.47301632 0
vn 0.88105369 0.47301632 0
vn 0 1 0
vn 0 1 0
vn 0 1 0
vn 0 1 0
vn 0 -1 0
vn 0 -1 0
vn 0 -1 0
vn 0 -1 0
vn 0 -0.47301811 -0.88105273
vn 0 -0.47301811 -0.88105273
vn 0 -0.47301811 -0.88105273
vn 0 -0.47301811 -0.88105273
vn 0 0.4730176 -0.88105303
vn 0 0.4730176 -0.88105303
vn 0 0.4730176 -0.88105303
vn 0 0.4730176 -0.88105303
vn 0.88105547 -0.47301316 0
vn 0.88105547 -0.47301316 0
vn 0.88105547 -0.47301316 0
vn 0.88105547 -0.47301316 0
vn 1 0 0
vn 1 0 0
vn 1 0 0
vn 1 0 0
vn 0 0 1
vn 0 0 1
vn 0 0 1
vn 0 0 1
vn 0 0 -1
vn 0 0 -1
vn 0 0 -1
vn 0 0 -1
vn -1 0 0
vn -1 0 0
vn -1 0 0
vn -1 0 0
vn -0.8810519 0.47301972 0
vn -0.8810519 0.47301972 0
vn -0.8810519 0.47301972 0
vn -0.8810519 0.47301972 0
vn 0 -0.4730159 0.88105386
vn 0 -0.4730159 0.88105386
vn 0 -0.4730159 0.88105386
vn 0 -0.4730159 0.88105386
vn -1 0 0
vn -1 0 0
vn -1 0 0
vn -1 0 0
vn 0 0 -1
vn 0 0 -1
vn 0 0 -1
vn 0 0 -1
vn 1 0 0
vn 1 0 0
vn 1 0 0
vn 1 0 0
vn 0 0 1
vn 0 0 1
vn 0 0 1
vn 0 0 1
vn -1 0 0
vn -1 0 0
vn -1 0 0
vn -1 0 0
vn 0 0 -1
vn 0 0 -1
vn 0 0 -1
vn 0 0 -1
vn 0 0 1
vn 0 0 1
vn 0 0 1
vn 0 0 1
vn 1 0 0
vn 1 0 0
vn 1 0 0
vn 1 0 0
vn 0 0.47301647 0.88105357
vn 0 0.47301647 0.88105357
vn 0 0.47301647 0.88105357
vn 0 0.47301647 0.88105357
vn -0.88105196 -0.47301954 0
vn -0.88105196 -0.47301954 0
vn -0.88105196 -0.47301954 0
vn -0.88105196 -0.47301954 0
vn 0.8810553 0.47301328 0
vn 0.8810553 0.47301328 0
vn 0.8810553 0.47301328 0
vn 0.8810553 0.47301328 0
vn 0 1 0
vn 0 1 0
vn 0 1 0
vn 0 1 0
vn 0 -1 0
vn 0 -1 0
vn 0 -1 0
vn 0 -1 0
vn 0 -0.47301868 -0.88105237
vn 0 -0.47301868 -0.88105237
vn 0 -0.47301868 -0.88105237
vn 0 -0.47301868 -0.88105237
vn 0 0.47301868 -0.88105237
vn 0 0.47301868 -0.88105237
vn 0 0.47301868 -0.88105237
vn 0 0.47301868 -0.88105237
vn 0.8810513 -0.47302079 0
vn 0.8810513 -0.47302079 0
vn 0.8810513 -0.47302079 0
vn 0.8810513 -0.47302079 0
vn 1 0 0
vn 1 0 0
vn 1 0 0
vn 1 0 0
vn 0 0 1
vn 0 0 1
vn 0 0 1
vn 0 0 1
vn 0 0 -1
vn 0 0 -1
vn 0 0 -1
vn 0 0 -1
vn -1 0 0
vn -1 0 0
vn -1 0 0
vn -1 0 0
vn -0.88105363 0.4730165 0
vn -0.88105363 0.4730165 0
vn -0.88105363 0.4730165 0
vn -0.88105363 0.4730165 0
vn 0 -0.47302088 0.88105124
vn 0 -0.47302088 0.88105124
vn 0 -0.47302088 0.88105124
vn 0 -0.47302088 0.88105124
vn -1 0 0
vn -1 0 0
vn -1 0 0
vn -1 0 0
vn 0 0 -1
vn 0 0 -1
vn 0 0 -1
vn 0 0 -1
vn 1 0 0
vn 1 0 0
vn 1 0 0
vn 1 0 0
vn 0 0 1
vn 0 0 1
vn 0 0 1
vn 0 0 1
vn -1 0 0
vn -1 0 0
vn -1 0 0
vn -1 0 0
vn 0 0 -1
vn 0 0 -1
vn 0 0 -1
vn 0 0 -1
vn 0 0 1
vn 0 0 1
vn 0 0 1
vn 0 0 1
vn 1 0 0
vn 1 0 0
vn 1 0 0
vn 1 0 0
vn 0 0.47302088 0.88105124
vn 0 0.47302088 0.88105124
vn 0 0.47302088 0.88105124
vn 0 0.47302088 0.88105124
vn -0.88105297 -0.47301748 0
vn -0.88105297 -0.47301748 0
vn -0.88105297 -0.47301748 0
vn -0.88105297 -0.47301748 0
vn 0.88105184 0.47301975 0
vn 0.88105184 0.47301975 0
vn 0.88105184 0.47301975 0
vn 0.88105184 0.47301975 0
vn 0 1 0
vn 0 1 0
vn 0 1 0
vn 0 1 0
vn 0 -1 0
vn 0 -1 0
vn 0 -1 0
vn 0 -1 0
vn -0.88105273 -0.47301805 -7.036578e-07
vn -0.88105273 -0.47301805 -7.036578e-07
vn -0.88105273 -0.47301805 -7.036578e-07
vn -0.88105273 -0.47301805 -7.036578e-07
vn -0.88105375 0.47301608 -4.2219594e-07
vn -0.88105375 0.47301608 -4.2219594e-07
vn -0.88105375 0.47301608 -4.2219594e-07
vn -0.88105375 0.47301608 -4.2219594e-07
vn 0 -0.47301811 -0.88105273
vn 0 -0.47301811 -0.88105273
vn 0 -0.47301811 -0.88105273
vn 0 -0.47301811 -0.88105273
vn 1.7211246e-07 0 -1
vn 1.7211246e-07 0 -1
vn 1.7211246e-07 0 -1
vn 1.7211246e-07 0 -1
vn 1 0 0
vn 1 0 0
vn 1 0 0
vn 1 0 0
vn -1 0 0
vn -1 0 0
vn -1 0 0
vn -1 0 0
vn 0 -6.1468739e-08 1
vn 0 -6.1468739e-08 1
vn 0 -6.1468739e-08 1
vn 0 -6.1468739e-08 1
vn -1.0994651e-07 0.47301838 0.88105255
vn -1.0994651e-07 0.47301838 0.88105255
vn -1.0994651e-07 0.47301838 0.88105255
vn -1.0994651e-07 0.47301838 0.88105255
vn 0.88105339 -0.47301686 0
vn 0.88105339 -0.47301686 0
vn 0.88105339 -0.47301686 0
vn 0.88105339 -0.47301686 0
vn -1.4901158e-07 0 1
vn -1.4901158e-07 0 1
vn -1.4901158e-07 0 1
vn -1.4901158e-07 0 1
vn -1 0 -5.9604633e-07
vn -1 0 -5.9604633e-07
vn -1 0 -5.9604633e-07
vn -1 0 -5.9604633e-07
vn 0 0 -1
vn 0 0 -1
vn 0 0 -1
vn 0 0 -1
vn 1 0 5.9604633e-07
vn 1 0 5.9604633e-07
vn 1 0 5.9604633e-07
vn 1 0 5.9604633e-07
vn -1.4901165e-07 0 1
vn -1.4901165e-07 0 1
vn -1.4901165e-07 0 1
vn -1.4901165e-07 0 1
vn -1 0 0
vn -1 0 0
vn -1 0 0
vn -1 0 0
vn 0.99999994 0 -5.960465e-07
vn 0.99999994 0 -5.960465e-07
vn 0.99999994 0 -5.960465e-07
vn 0.99999994 0 -5.960465e-07
vn 2.9802331e-07 0 -1
vn 2.9802331e-07 0 -1
vn 2.9802331e-07 0 -1
vn 2.9802331e-07 0 -1
vn 0.88105178 0.4730199 7.0365758e-07
vn 0.88105178 0.4730199 7.0365758e-07
vn 0.88105178 0.4730199 7.0365758e-07
vn 0.88105178 0.4730199 7.0365758e-07
vn 0 -0.47301668 0.88105345
vn 0 -0.47301668 0.88105345
vn 0 -0.47301668 0.88105345
vn 0 -0.47301668 0.88105345
vn 2.8586038e-07 0.47302055 -0.88105142
vn 2.8586038e-07 0.47302055 -0.88105142
vn 2.8586038e-07 0.47302055 -0.88105142
vn 2.8586038e-07 0.47302055 -0.88105142
vn 0 1 0
vn 0 1 0
vn 0 1 0
vn 0 1 0
vn 4.3711367e-08 -1 -4.3711388e-08
vn 4.3711367e-08 -1 -4.3711388e-08
vn 4.3711367e-08 -1 -4.3711388e-08
vn 4.3711367e-08 -1 -4.3711388e-08
vn -0.88105208 -0.47301927 0
vn -0.88105208 -0.47301927 0
vn -0.88105208 -0.47301927 0
vn -0.88105208 -0.47301927 0
vn -0.88105315 0.47301731 -2.1109791e-07
vn -0.88105315 0.47301731 -2.1109791e-07
vn -0.88105315 0.47301731 -2.1109791e-07
vn -0.88105315 0.47301731 -2.1109791e-07
vn 0 -0.47301638 -0.88105357
vn 0 -0.47301638 -0.88105357
vn 0 -0.47301638 -0.88105357
vn 0 -0.47301638 -0.88105357
vn 0 -2.1287384e-08 -1
vn 0 -2.1287384e-08 -1
vn 0 -2.1287384e-08 -1
vn 0 -2.1287384e-08 -1
vn 0.99999994 4.2574744e-08 4.917494e-07
vn 0.99999994 4.2574744e-08 4.917494e-07
vn 0.99999994 4.2574744e-08 4.917494e-07
vn 0.99999994 4.2574744e-08 4.917494e-07
vn -0.99999994 0 0
vn -0.99999994 0 0
vn -0.99999994 0 0
vn -0.99999994 0 0
vn 0 0 1
vn 0 0 1
vn 0 0 1
vn 0 0 1
vn 0 0.47301611 0.88105381
vn 0 0.47301611 0.88105381
vn 0 0.47301611 0.88105381
vn 0 0.47301611 0.88105381
vn 0.8810522 -0.473019 1.7591491e-07
vn 0.8810522 -0.473019 1.7591491e-07
vn 0.8810522 -0.473019 1.7591491e-07
vn 0.8810522 -0.473019 1.7591491e-07
vn 0 0 1
vn 0 0 1
vn 0 0 1
vn 0 0 1
vn -1 0 0
vn -1 0 0
vn -1 0 0
vn -1 0 0
vn 0 0 -1
vn 0 0 -1
vn 0 0 -1
vn 0 0 -1
vn 1 0 0
vn 1 0 0
vn 1 0 0
vn 1 0 0
vn 0 0 1
vn 0 0 1
vn 0 0 1
vn 0 0 1
vn -1 0 -2.9802334e-07
vn -1 0 -2.9802334e-07
vn -1 0 -2.9802334e-07
vn -1 0 -2.9802334e-07
vn 1 1.1920935e-07 1.4901165e-07
vn 1 1.1920935e-07 1.4901165e-07
vn 1 1.1920935e-07 1.4901165e-07
vn 1 1.1920935e-07 1.4901165e-07
vn 0 4.7683733e-07 -1
vn 0 4.7683733e-07 -1
vn 0 4.7683733e-07 -1
vn 0 4.7683733e-07 -1
vn 0.88105291 0.47301784 -3.5182484e-08
vn 0.88105291 0.47301784 -3.5182484e-08
vn 0.88105291 0.47301784 -3.5182484e-08
vn 0.88105291 0.47301784 -3.5182484e-08
vn 0 -0.47301647 0.88105357
vn 0 -0.47301647 0.88105357
vn 0 -0.47301647 0.88105357
vn 0 -0.47301647 0.88105357
vn 0 0.47301191 -0.88105607
vn 0 0.47301191 -0.88105607
vn 0 0.47301191 -0.88105607
vn 0 0.47301191 -0.88105607
vn 0 1 0
vn 0 1 0
vn 0 1 0
vn 0 1 0
vn 4.3711317e-08 -1 -4.3711346e-08
vn 4.3711317e-08 -1 -4.3711346e-08
vn 4.3711317e-08 -1 -4.3711346e-08
vn 4.3711317e-08 -1 -4.3711346e-08
vn -0.8810513 -0.47302079 0
vn -0.8810513 -0.47302079 0
vn -0.8810513 -0.47302079 0
vn -0.8810513 -0.47302079 0
vn -0.88105184 0.47301975 1.4073117e-07
vn -0.88105184 0.47301975 1.4073117e-07
vn -0.88105184 0.47301975 1.4073117e-07
vn -0.88105184 0.47301975 1.4073117e-07
vn 3.5182796e-07 -0.4730176 -0.88105303
vn 3.5182796e-07 -0.4730176 -0.88105303
vn 3.5182796e-07 -0.4730176 -0.88105303
vn 3.5182796e-07 -0.4730176 -0.88105303
vn 1.7211238e-07 0 -1
vn 1.7211238e-07 0 -1
vn 1.7211238e-07 0 -1
vn 1.7211238e-07 0 -1
vn 1 0 0
vn 1 0 0
vn 1 0 0
vn 1 0 0
vn -1 0 0
vn -1 0 0
vn -1 0 0
vn -1 0 0
vn -3.4422476e-07 -6.1468711e-08 1
vn -3.4422476e-07 -6.1468711e-08 1
vn -3.4422476e-07 -6.1468711e-08 1
vn -3.4422476e-07 -6.1468711e-08 1
vn 0 0.47301868 0.88105237
vn 0 0.47301868 0.88105237
vn 0 0.47301868 0.88105237
vn 0 0.47301868 0.88105237
vn 0.88105547 -0.47301307 0
vn 0.88105547 -0.47301307 0
vn 0.88105547 -0.47301307 0
vn 0.88105547 -0.47301307 0
vn 0 0 1
vn 0 0 1
vn 0 0 1
vn 0 0 1
vn -1 0 0
vn -1 0 0
vn -1 0 0
vn -1 0 0
vn 2.9802334e-07 0 -1
vn 2.9802334e-07 0 -1
vn 2.9802334e-07 0 -1
vn 2.9802334e-07 0 -1
vn 1 0 0
vn 1 0 0
vn 1 0 0
vn 1 0 0
vn 0 0 1
vn 0 0 1
vn 0 0 1
vn 0 0 1
vn -1 0 0
vn -1 0 0
vn -1 0 0
vn -1 0 0
vn 1 0 0
vn 1 0 0
vn 1 0 0
vn 1 0 0
vn 0 0 -1
vn 0 0 -1
vn 0 0 -1
vn 0 0 -1
vn 0.88105524 0.47301331 2.8146442e-07
vn 0.88105524 0.47301331 2.8146442e-07
vn 0.88105524 0.47301331 2.8146442e-07
vn 0.88105524 0.47301331 2.8146442e-07
vn -1.7591465e-07 -0.4730176 0.88105303
vn -1.7591465e-07 -0.4730176 0.88105303
vn -1.7591465e-07 -0.4730176 0.88105303
vn -1.7591465e-07 -0.4730176 0.88105303
vn -8.7957325e-08 0.4730176 -0.88105303
vn -8.7957325e-08 0.4730176 -0.88105303
vn -8.7957325e-08 0.4730176 -0.88105303
vn -8.7957325e-08 0.4730176 -0.88105303
vn 0 1 0
vn 0 1 0
vn 0 1 0
vn 0 1 0
vn 4.3711406e-08 -1 -4.3711399e-08
vn 4.3711406e-08 -1 -4.3711399e-08
vn 4.3711406e-08 -1 -4.3711399e-08
vn 4.3711406e-08 -1 -4.3711399e-08
vn -0.88105273 -0.47301814 -3.518289e-07
vn -0.88105273 -0.47301814 -3.518289e-07
vn -0.88105273 -0.47301814 -3.518289e-07
vn -0.88105273 -0.47301814 -3.518289e-07
vn -0.88105273 0.47301793 1.0554785e-07
vn -0.88105273 0.47301793 1.0554785e-07
vn -0.88105273 0.47301793 1.0554785e-07
vn -0.88105273 0.47301793 1.0554785e-07
vn 1.7591609e-07 -0.47301647 -0.88105357
vn 1.7591609e-07 -0.47301647 -0.88105357
vn 1.7591609e-07 -0.47301647 -0.88105357
vn 1.7591609e-07 -0.47301647 -0.88105357
vn 0 0 -1
vn 0 0 -1
vn 0 0 -1
vn 0 0 -1
vn 0.99999994 8.5149544e-08 4.9174974e-07
vn 0.99999994 8.5149544e-08 4.9174974e-07
vn 0.99999994 8.5149544e-08 4.9174974e-07
vn 0.99999994 8.5149544e-08 4.9174974e-07
vn -0.99999994 -4.2574772e-08 0
vn -0.99999994 -4.2574772e-08 0
vn -0.99999994 -4.2574772e-08 0
vn -0.99999994 -4.2574772e-08 0
vn 0 -8.0362689e-08 1
vn 0 -8.0362689e-08 1
vn 0 -8.0362689e-08 1
vn 0 -8.0362689e-08 1
vn -4.3978645e-08 0.47301599 0.88105375
vn -4.3978645e-08 0.47301599 0.88105375
vn -4.3978645e-08 0.47301599 0.88105375
vn -4.3978645e-08 0.47301599 0.88105375
vn 0.88105291 -0.47301784 3.5182896e-07
vn 0.88105291 -0.47301784 3.5182896e-07
vn 0.88105291 -0.47301784 3.5182896e-07
vn 0.88105291 -0.47301784 3.5182896e-07
vn -5.9604639e-07 0 1
vn -5.9604639e-07 0 1
vn -5.9604639e-07 0 1
vn -5.9604639e-07 0 1
vn -1 0 -2.9802334e-07
vn -1 0 -2.9802334e-07
vn -1 0 -2.9802334e-07
vn -1 0 -2.9802334e-07
vn 5.9604656e-07 0 -1
vn 5.9604656e-07 0 -1
vn 5.9604656e-07 0 -1
vn 5.9604656e-07 0 -1
vn 1 0 0
vn 1 0 0
vn 1 0 0
vn 1 0 0
vn 0 0 1
vn 0 0 1
vn 0 0 1
vn 0 0 1
vn -1 0 0
vn -1 0 0
vn -1 0 0
vn -1 0 0
vn 1 0 2.980232e-07
vn 1 0 2.980232e-07
vn 1 0 2.980232e-07
vn 1 0 2.980232e-07
vn 0 0 -1
vn 0 0 -1
vn 0 0 -1
vn 0 0 -1
vn 0.88105369 0.47301632 -7.036509e-08
vn 0.88105369 0.47301632 -7.036509e-08
vn 0.88105369 0.47301632 -7.036509e-08
vn 0.88105369 0.47301632 -7.036509e-08
vn -1.7591563e-07 -0.47302088 0.88105124
vn -1.7591563e-07 -0.47302088 0.88105124
vn -1.7591563e-07 -0.47302088 0.88105124
vn -1.7591563e-07 -0.47302088 0.88105124
vn -4.3978545e-08 0.47302055 -0.88105142
vn -4.3978545e-08 0.47302055 -0.88105142
vn -4.3978545e-08 0.47302055 -0.88105142
vn -4.3978545e-08 0.47302055 -0.88105142
vn 0 1 0
vn 0 1 0
vn 0 1 0
vn 0 1 0
vn 4.3711388e-08 -1 -4.3711356e-08
vn 4.3711388e-08 -1 -4.3711356e-08
vn 4.3711388e-08 -1 -4.3711356e-08
vn 4.3711388e-08 -1 -4.3711356e-08
vn 0 -0.47301638 0.88105357
vn 0 -0.47301638 0.88105357
vn 0 -0.47301638 0.88105357
vn 0 -0.47301638 0.88105357
vn 0 0.47301596 0.88105386
vn 0 0.47301596 0.88105386
vn 0 0.47301596 0.88105386
vn 0 0.47301596 0.88105386
vn -0.88105333 -0.47301704 -1.7591456e-07
vn -0.88105333 -0.47301704 -1.7591456e-07
vn -0.88105333 -0.47301704 -1.7591456e-07
vn -0.88105333 -0.47301704 -1.7591456e-07
vn -0.99999994 0 0
vn -0.99999994 0 0
vn -0.99999994 0 0
vn -0.99999994 0 0
vn 0 0 -1
vn 0 0 -1
vn 0 0 -1
vn 0 0 -1
vn 0 0 1
vn 0 0 1
vn 0 0 1
vn 0 0 1
vn 0.99999994 0 0
vn 0.99999994 0 0
vn 0.99999994 0 0
vn 0.99999994 0 0
vn 0.88105291 0.47301766 2.1109911e-07
vn 0.88105291 0.47301766 2.1109911e-07
vn 0.88105291 0.47301766 2.1109911e-07
vn 0.88105291 0.47301766 2.1109911e-07
vn 0 -0.47301647 -0.88105357
vn 0 -0.47301647 -0.88105357
vn 0 -0.47301647 -0.88105357
vn 0 -0.47301647 -0.88105357
vn 1 0 1.4901167e-07
vn 1 0 1.4901167e-07
vn 1 0 1.4901167e-07
vn 1 0 1.4901167e-07
vn 0 0 0.99999994
vn 0 0 0.99999994
vn 0 0 0.99999994
vn 0 0 0.99999994
vn -1 0 -2.9802334e-07
vn -1 0 -2.9802334e-07
vn -1 0 -2.9802334e-07
vn -1 0 -2.9802334e-07
vn 0 0 -1
vn 0 0 -1
vn 0 0 -1
vn 0 0 -1
vn 1 0 0
vn 1 0 0
vn 1 0 0
vn 1 0 0
vn 0 0 1
vn 0 0 1
vn 0 0 1
vn 0 0 1
vn 0 0 -1
vn 0 0 -1
vn 0 0 -1
vn 0 0 -1
vn -1 0 -2.9802317e-07
vn -1 0 -2.9802317e-07
vn -1 0 -2.9802317e-07
vn -1 0 -2.9802317e-07
vn 0 0.47302061 -0.8810513
vn 0 0.47302061 -0.8810513
vn 0 0.47302061 -0.8810513
vn 0 0.47302061 -0.8810513
vn 0.88105303 -0.47301757 0
vn 0.88105303 -0.47301757 0
vn 0.88105303 -0.47301757 0
vn 0.88105303 -0.47301757 0
vn -0.88105327 0.47301716 -1.4073346e-07
vn -0.88105327 0.47301716 -1.4073346e-07
vn -0.88105327 0.47301716 -1.4073346e-07
vn -0.88105327 0.47301716 -1.4073346e-07
vn 0 1 0
vn 0 1 0
vn 0 1 0
vn 0 1 0
vn 0 -1 -8.7422791e-08
vn 0 -1 -8.7422791e-08
vn 0 -1 -8.7422791e-08
vn 0 -1 -8.7422791e-08
vn 0 -0.47301534 0.88105422
vn 0 -0.47301534 0.88105422
vn 0 -0.47301534 0.88105422
vn 0 -0.47301534 0.88105422
vn 0 0.47301942 0.88105208
vn 0 0.47301942 0.88105208
vn 0 0.47301942 0.88105208
vn 0 0.47301942 0.88105208
vn -0.88105315 -0.47301713 -1.7591454e-07
vn -0.88105315 -0.47301713 -1.7591454e-07
vn -0.88105315 -0.47301713 -1.7591454e-07
vn -0.88105315 -0.47301713 -1.7591454e-07
vn -1 0 0
vn -1 0 0
vn -1 0 0
vn -1 0 0
vn 0 6.1468739e-08 -1
vn 0 6.1468739e-08 -1
vn 0 6.1468739e-08 -1
vn 0 6.1468739e-08 -1
vn 0 -1.8440622e-07 1
vn 0 -1.8440622e-07 1
vn 0 -1.8440622e-07 1
vn 0 -1.8440622e-07 1
vn 1 0 0
vn 1 0 0
vn 1 0 0
vn 1 0 0
vn 0.88105303 0.47301757 2.4628159e-07
vn 0.88105303 0.47301757 2.4628159e-07
vn 0.88105303 0.47301757 2.4628159e-07
vn 0.88105303 0.47301757 2.4628159e-07
vn 0 -0.4730176 -0.88105303
vn 0 -0.4730176 -0.88105303
vn 0 -0.4730176 -0.88105303
vn 0 -0.4730176 -0.88105303
vn 1 0 1.4901167e-07
vn 1 0 1.4901167e-07
vn 1 0 1.4901167e-07
vn 1 0 1.4901167e-07
vn 0 0 1
vn 0 0 1
vn 0 0 1
vn 0 0 1
vn -1 0 -2.9802334e-07
vn -1 0 -2.9802334e-07
vn -1 0 -2.9802334e-07
vn -1 0 -2.9802334e-07
vn 0 0 -1
vn 0 0 -1
vn 0 0 -1
vn 0 0 -1
vn 1 0 0
vn 1 0 0
vn 1 0 0
vn 1 0 0
vn 0 0 1
vn 0 0 1
vn 0 0 1
vn 0 0 1
vn 0 0 -1
vn 0 0 -1
vn 0 0 -1
vn 0 0 -1
vn -1 0 -2.9802317e-07
vn -1 0 -2.9802317e-07
vn -1 0 -2.9802317e-07
vn -1 0 -2.9802317e-07
vn 0 0.47301841 -0.88105243
vn 0 0.47301841 -0.88105243
vn 0 0.47301841 -0.88105243
vn 0 0.47301841 -0.88105243
vn 0.88105303 -0.47301757 0
vn 0.88105303 -0.47301757 0
vn 0.88105303 -0.47301757 0
vn 0.88105303 -0.47301757 0
vn -0.88105315 0.47301713 -1.0555013e-07
vn -0.88105315 0.47301713 -1.0555013e-07
vn -0.88105315 0.47301713 -1.0555013e-07
vn -0.88105315 0.47301713 -1.0555013e-07
vn 0 1 0
vn 0 1 0
vn 0 1 0
vn 0 1 0
vn 0 -1 -8.7422755e-08
vn 0 -1 -8.7422755e-08
vn 0 -1 -8.7422755e-08
vn 0 -1 -8.7422755e-08
vn 0 -0.47301778 0.88105285
vn 0 -0.47301778 0.88105285
vn 0 -0.47301778 0.88105285
vn 0 -0.47301778 0.88105285
vn -8.7957176e-08 0.4730182 0.88105261
vn -8.7957176e-08 0.4730182 0.88105261
vn -8.7957176e-08 0.4730182 0.88105261
vn -8.7957176e-08 0.4730182 0.88105261
vn -0.88105273 -0.47301805 0
vn -0.88105273 -0.47301805 0
vn -0.88105273 -0.47301805 0
vn -0.88105273 -0.47301805 0
vn -1 0 0
vn -1 0 0
vn -1 0 0
vn -1 0 0
vn 3.442249e-07 0 -1
vn 3.442249e-07 0 -1
vn 3.442249e-07 0 -1
vn 3.442249e-07 0 -1
vn 0 -1.2293748e-07 1
vn 0 -1.2293748e-07 1
vn 0 -1.2293748e-07 1
vn 0 -1.2293748e-07 1
vn 1 0 0
vn 1 0 0
vn 1 0 0
vn 1 0 0
vn 0.88105369 0.47301632 1.0554952e-07
vn 0.88105369 0.47301632 1.0554952e-07
vn 0.88105369 0.47301632 1.0554952e-07
vn 0.88105369 0.47301632 1.0554952e-07
vn 3.5182885e-07 -0.47301558 -0.88105404
vn 3.5182885e-07 -0.47301558 -0.88105404
vn 3.5182885e-07 -0.47301558 -0.88105404
vn 3.5182885e-07 -0.47301558 -0.88105404
vn 1 0 0
vn 1 0 0
vn 1 0 0
vn 1 0 0
vn -2.2351745e-07 0 1
vn -2.2351745e-07 0 1
vn -2.2351745e-07 0 1
vn -2.2351745e-07 0 1
vn -1 0 0
vn -1 0 0
vn -1 0 0
vn -1 0 0
vn 1.4901163e-07 0 -1
vn 1.4901163e-07 0 -1
vn 1.4901163e-07 0 -1
vn 1.4901163e-07 0 -1
vn 1 0 0
vn 1 0 0
vn 1 0 0
vn 1 0 0
vn -2.235174e-07 -2.9802325e-07 1
vn -2.235174e-07 -2.9802325e-07 1
vn -2.235174e-07 -2.9802325e-07 1
vn -2.235174e-07 -2.9802325e-07 1
vn 2.9802322e-07 0 -1
vn 2.9802322e-07 0 -1
vn 2.9802322e-07 0 -1
vn 2.9802322e-07 0 -1
vn -0.99999994 0 0
vn -0.99999994 0 0
vn -0.99999994 0 0
vn -0.99999994 0 0
vn 2.8586047e-07 0.4730193 -0.88105202
vn 2.8586047e-07 0.4730193 -0.88105202
vn 2.8586047e-07 0.4730193 -0.88105202
vn 2.8586047e-07 0.4730193 -0.88105202
vn 0.88105428 -0.47301516 0
vn 0.88105428 -0.47301516 0
vn 0.88105428 -0.47301516 0
vn 0.88105428 -0.47301516 0
vn -0.88105291 0.47301775 1.0554788e-07
vn -0.88105291 0.47301775 1.0554788e-07
vn -0.88105291 0.47301775 1.0554788e-07
vn -0.88105291 0.47301775 1.0554788e-07
vn 0 1 0
vn 0 1 0
vn 0 1 0
vn 0 1 0
vn 1.2287843e-14 -1 -8.7422769e-08
vn 1.2287843e-14 -1 -8.7422769e-08
vn 1.2287843e-14 -1 -8.7422769e-08
vn 1.2287843e-14 -1 -8.7422769e-08
vn 0.88105297 -0.47301748 0
vn 0.88105297 -0.47301748 0
vn 0.88105297 -0.47301748 0
vn 0.88105297 -0.47301748 0
vn 0.88105363 0.4730165 -3.518257e-08
vn 0.88105363 0.4730165 -3.518257e-08
vn 0.88105363 0.4730165 -3.518257e-08
vn 0.88105363 0.4730165 -3.518257e-08
vn 0 -0.47301978 0.88105184
vn 0 -0.47301978 0.88105184
vn 0 -0.47301978 0.88105184
vn 0 -0.47301978 0.88105184
vn 0 0 1
vn 0 0 1
vn 0 0 1
vn 0 0 1
vn -1 0 0
vn -1 0 0
vn -1 0 0
vn -1 0 0
vn 1 0 0
vn 1 0 0
vn 1 0 0
vn 1 0 0
vn 0 0 -1
vn 0 0 -1
vn 0 0 -1
vn 0 0 -1
vn 8.7957211e-08 0.47301841 -0.88105243
vn 8.7957211e-08 0.47301841 -0.88105243
vn 8.7957211e-08 0.47301841 -0.88105243
vn 8.7957211e-08 0.47301841 -0.88105243
vn -0.88105214 -0.47301912 0
vn -0.88105214 -0.47301912 0
vn -0.88105214 -0.47301912 0
vn -0.88105214 -0.47301912 0
vn 0 4.7683707e-07 -1
vn 0 4.7683707e-07 -1
vn 0 4.7683707e-07 -1
vn 0 4.7683707e-07 -1
vn 1 -9.536742e-07 0
vn 1 -9.536742e-07 0
vn 1 -9.536742e-07 0
vn 1 -9.536742e-07 0
vn 0 5.9604581e-08 1
vn 0 5.9604581e-08 1
vn 0 5.9604581e-08 1
vn 0 5.9604581e-08 1
vn -1 4.7683716e-07 0
vn -1 4.7683716e-07 0
vn -1 4.7683716e-07 0
vn -1 4.7683716e-07 0
vn 0 0 -1
vn 0 0 -1
vn 0 0 -1
vn 0 0 -1
vn 1 0 0
vn 1 0 0
vn 1 0 0
vn 1 0 0
vn -1 0 0
vn -1 0 0
vn -1 0 0
vn -1 0 0
vn 0 0 1
vn 0 0 1
vn 0 0 1
vn 0 0 1
vn -0.88105267 0.47301811 1.0554793e-07
vn -0.88105267 0.47301811 1.0554793e-07
vn -0.88105267 0.47301811 1.0554793e-07
vn -0.88105267 0.47301811 1.0554793e-07
vn 0 -0.47301868 -0.88105237
vn 0 -0.47301868 -0.88105237
vn 0 -0.47301868 -0.88105237
vn 0 -0.47301868 -0.88105237
vn 0 0.47301951 0.88105202
vn 0 0.47301951 0.88105202
vn 0 0.47301951 0.88105202
vn 0 0.47301951 0.88105202
vn 0 1 0
vn 0 1 0
vn 0 1 0
vn 0 1 0
vn -4.3711388e-08 -1 -4.3711385e-08
vn -4.3711388e-08 -1 -4.3711385e-08
vn -4.3711388e-08 -1 -4.3711385e-08
vn -4.3711388e-08 -1 -4.3711385e-08
vn -1 6.5362144e-07 0
vn -1 1.9576241e-07 0
vn -1 1.8432955e-07 -2.5551142e-10
vn 0 4.5781945e-08 -1
vn 0 -2.9996269e-07 -1
vn 0 2.9405383e-09 -1
vn 9.0812797e-08 -5.0851094e-07 -1
vn 0 -5.9081788e-07 -1
vn 0 -1.9120716e-07 -1
vn -1 3.1659781e-07 0
vn -1 0 0
vn -1 0 0
vn 1 4.1289884e-08 1.0057069e-07
vn 0.99999994 -3.9018119e-08 5.0148746e-08
vn 0.99999994 -3.2349581e-09 2.2583434e-08
vn 0 4.5781221e-08 -1
vn 0 -2.9996286e-07 -1
vn 0 2.9404039e-09 -1
vn 1 -1.2857442e-06 -8.7740901e-08
vn 1 3.3012245e-07 -5.1135805e-07
vn 1 -1.8433049e-07 1.0417995e-07
vn 0 5.8618087e-07 1
vn 0 -8.5788074e-08 1
vn 0 8.3677975e-07 1
vn 1 1.9686732e-08 1.0057072e-07
vn 1 -3.9018104e-08 5.0148763e-08
vn 0.99999994 -2.8668536e-09 3.2842166e-08
vn -2.7604295e-07 -4.4431354e-07 1
vn -1.2017119e-07 -1.2301366e-07 0.99999994
vn -1.5885105e-07 -9.5603411e-08 1
vn -1 -4.1222169e-08 -1.5684341e-07
vn -1 -1.6506088e-07 -2.556786e-07
vn -1 9.0143779e-08 -4.3098851e-08
vn 6.5856106e-08 -7.4453322e-07 1
vn -2.3439608e-07 -4.0057006e-07 1
vn -3.1912276e-07 3.0441396e-07 1
vn -1 -6.4712344e-07 -1.4324271e-10
vn -1 -3.3039953e-07 0
vn -1 1.8432955e-07 -2.5551142e-10
vn -1 -3.3039953e-07 0
vn -1 0 0
vn -1 6.5362144e-07 0
vn -1 1.8432955e-07 -2.5551142e-10
vn -1 -3.3039953e-07 0
vn -1 6.5362144e-07 0
vn -1 6.5362144e-07 0
vn -1 3.1415908e-07 7.7657069e-07
vn -1 1.9576241e-07 0
vn -1 3.1415908e-07 7.7657069e-07
vn -1 0 2.3842023e-05
vn -1 -1.6704204e-08 2.7004869e-06
vn -1 -1.6704204e-08 2.7004869e-06
vn -0.99999994 2.0917003e-08 -2.5066654e-06
vn -1 3.4215137e-08 -6.1828092e-07
vn -0.99999994 2.0917003e-08 -2.5066654e-06
vn -0.99999994 0 -2.3841809e-05
vn -1 3.4215137e-08 -6.1828092e-07
vn -1 3.4215137e-08 -6.1828092e-07
vn -1 1.9576241e-07 0
vn -1 3.1415908e-07 7.7657069e-07
vn -1 -1.6704204e-08 2.7004869e-06
vn -1 3.4215137e-08 -6.1828092e-07
vn -1 3.1415908e-07 7.7657069e-07
vn -1 1.9576241e-07 0
vn -1 -1.5894864e-06 0
vn -1 1.8432955e-07 -2.5551142e-10
vn -1 1.8432955e-07 -2.5551142e-10
vn -1 -2.184363e-06 -2.3227362e-09
vn -1 -6.4712344e-07 -1.4324271e-10
vn -1 -2.184363e-06 -2.3227362e-09
vn -1 0 0
vn -1 -6.4712344e-07 -1.4324271e-10
vn 0 -2.9739556e-06 -1
vn 0 -2.484739e-07 -1
vn 0 -2.492545e-07 -1
vn 0 -2.484739e-07 -1
vn 0 2.9405383e-09 -1
vn 0 -2.492545e-07 -1
vn 0 2.9405383e-09 -1
vn 0 9.9342753e-07 -1
vn -4.5356007e-08 6.683387e-08 -1
vn -4.5356007e-08 6.683387e-08 -1
vn -7.252725e-08 -4.4818488e-08 -1
vn -4.485025e-08 -2.7330533e-08 -1
vn -7.252725e-08 -4.4818488e-08 -1
vn 0 0 -1
vn -6.6170664e-08 -6.5582427e-08 -1
vn -4.485025e-08 -2.7330533e-08 -1
vn -7.252725e-08 -4.4818488e-08 -1
vn -6.6170664e-08 -6.5582427e-08 -1
vn -6.6170664e-08 -6.5582427e-08 -1
vn -6.2750594e-08 -3.9219152e-08 -1
vn -4.485025e-08 -2.7330533e-08 -1
vn -6.2750594e-08 -3.9219152e-08 -1
vn 0 0 -1
vn -4.485025e-08 -2.7330533e-08 -1
vn -4.485025e-08 -2.7330533e-08 -1
vn 0 4.5781945e-08 -1
vn -4.5356007e-08 6.683387e-08 -1
vn 0 4.5781945e-08 -1
vn 0 1.9868392e-06 -1
vn 0 -2.9996269e-07 -1
vn 0 -2.9996269e-07 -1
vn 0 -2.492545e-07 -1
vn 0 2.9405383e-09 -1
vn 0 4.5781945e-08 -1
vn 0 2.9405383e-09 -1
vn -4.5356007e-08 6.683387e-08 -1
vn 0 -7.9473721e-06 -0.99999994
vn 0 -3.8075387e-07 -0.99999994
vn 9.0812797e-08 -5.0851094e-07 -1
vn 0 -3.8075387e-07 -0.99999994
vn 0 1.6279104e-07 -0.99999994
vn 0 -5.9081788e-07 -1
vn 9.0812797e-08 -5.0851094e-07 -1
vn 0 -3.8075387e-07 -0.99999994
vn 0 -5.9081788e-07 -1
vn 0 1.6279104e-07 -0.99999994
vn 0 5.9604704e-06 -1
vn 0 -4.9613559e-06 -0.99999994
vn 0 -4.9613559e-06 -0.99999994
vn 0 -5.9081788e-07 -1
vn 0 1.6279104e-07 -0.99999994
vn 0 -5.9081788e-07 -1
vn 0 -3.973686e-06 -0.99999994
vn 0 -1.9120716e-07 -1
vn 0 -1.9120716e-07 -1
vn 9.4273418e-08 0 -1
vn 9.0812797e-08 -5.0851094e-07 -1
vn 9.4273418e-08 0 -1
vn 0 0 -1
vn 1.3242088e-07 -1.338003e-08 -1
vn 1.3242088e-07 -1.338003e-08 -1
vn 1.2558117e-07 -1.0407293e-07 -1
vn 1.4056261e-07 -6.0177449e-08 -1
vn 1.2558117e-07 -1.0407293e-07 -1
vn 0 0 -1
vn 1.4056261e-07 -6.0177449e-08 -1
vn 1.4056261e-07 -6.0177449e-08 -1
vn 9.0812797e-08 -5.0851094e-07 -1
vn 9.4273418e-08 0 -1
vn 1.3242088e-07 -1.338003e-08 -1
vn 1.4056261e-07 -6.0177449e-08 -1
vn 9.4273418e-08 0 -1
vn -1 0 -2.5522719e-09
vn -1 0 -2.139129e-10
vn -1 0 -2.1391253e-10
vn -1 0 -2.139129e-10
vn -1 0 0
vn -1 0 -2.1391253e-10
vn -1 0 0
vn -1 0 0
vn -1 -2.2715405e-07 0
vn -1 -2.2715405e-07 0
vn -1 -1.508664e-07 8.6578773e-08
vn -1 1.2907714e-07 2.9858274e-08
vn -1 -1.508664e-07 8.6578773e-08
vn -1 0 5.9605236e-06
vn -0.99999994 1.6704334e-08 5.0300599e-07
vn -1 1.2907714e-07 2.9858274e-08
vn -1 -1.508664e-07 8.6578773e-08
vn -0.99999994 1.6704334e-08 5.0300599e-07
vn -0.99999994 1.6704334e-08 5.0300599e-07
vn -1 -2.091695e-08 4.1750224e-07
vn -1 1.2907714e-07 2.9858274e-08
vn -1 -2.091695e-08 4.1750224e-07
vn -1 0 5.9605236e-06
vn -1 1.2907714e-07 2.9858274e-08
vn -1 1.2907714e-07 2.9858274e-08
vn -1 3.1659781e-07 0
vn -1 -2.2715405e-07 0
vn -1 3.1659781e-07 0
vn -0.99999994 0 0
vn -1 0 0
vn -1 0 0
vn -1 0 -2.1391253e-10
vn -1 0 0
vn -1 3.1659781e-07 0
vn -1 0 0
vn -1 -2.2715405e-07 0
vn 1 -2.2252735e-07 1.4420709e-10
vn 1 7.1891044e-08 1.9757547e-07
vn 0.99999994 -3.2349581e-09 2.2583434e-08
vn 1 7.1891044e-08 1.9757547e-07
vn 0.99999994 0 0
vn 1 4.1289884e-08 1.0057069e-07
vn 0.99999994 -3.2349581e-09 2.2583434e-08
vn 1 7.1891044e-08 1.9757547e-07
vn 1 4.1289884e-08 1.0057069e-07
vn 1 4.1289884e-08 1.0057069e-07
vn 1 1.3188412e-07 1.1227601e-07
vn 0.99999994 -3.9018119e-08 5.0148746e-08
vn 1 1.3188412e-07 1.1227601e-07
vn 1 0 2.9802795e-06
vn 1 1.8614554e-07 3.2671949e-07
vn 1 1.8614554e-07 3.2671949e-07
vn 0.99999994 1.673347e-07 -5.2208952e-07
vn 1 9.7627641e-08 -6.8286482e-08
vn 0.99999994 1.673347e-07 -5.2208952e-07
vn 1 0 -5.9605236e-06
vn 1 9.7627641e-08 -6.8286482e-08
vn 1 9.7627641e-08 -6.8286482e-08
vn 0.99999994 -3.9018119e-08 5.0148746e-08
vn 1 1.3188412e-07 1.1227601e-07
vn 1 1.8614554e-07 3.2671949e-07
vn 1 9.7627641e-08 -6.8286482e-08
vn 1 1.3188412e-07 1.1227601e-07
vn 0.99999994 -3.9018119e-08 5.0148746e-08
vn 1 0 0
vn 0.99999994 -3.2349581e-09 2.2583434e-08
vn 0.99999994 -3.2349581e-09 2.2583434e-08
vn 0.99999994 5.4609399e-07 2.3383726e-09
vn 1 -2.2252735e-07 1.4420709e-10
vn 0.99999994 5.4609399e-07 2.3383726e-09
vn 1 0 0
vn 1 -2.2252735e-07 1.4420709e-10
vn 0 -2.9739513e-06 -1
vn 0 -2.4847327e-07 -1
vn 0 -2.4925413e-07 -1
vn 0 -2.4847327e-07 -1
vn 0 2.9404039e-09 -1
vn 0 -2.4925413e-07 -1
vn 0 2.9404039e-09 -1
vn 0 9.9342355e-07 -1
vn -9.0712028e-08 4.2968162e-07 -1
vn -9.0712028e-08 4.2968162e-07 -1
vn -1.4505451e-07 1.8223027e-07 -1
vn -8.9700471e-08 4.4867527e-09 -1
vn -1.4505451e-07 1.8223027e-07 -1
vn 0 0 -1
vn -1.3234138e-07 -7.7695326e-08 -1
vn -8.9700471e-08 4.4867527e-09 -1
vn -1.4505451e-07 1.8223027e-07 -1
vn -1.3234138e-07 -7.7695326e-08 -1
vn -1.3234138e-07 -7.7695326e-08 -1
vn -1.2550112e-07 -3.9219135e-08 -1
vn -8.9700471e-08 4.4867527e-09 -1
vn -1.2550112e-07 -3.9219135e-08 -1
vn 0 0 -1
vn -8.9700471e-08 4.4867527e-09 -1
vn -8.9700471e-08 4.4867527e-09 -1
vn 0 4.5781221e-08 -1
vn -9.0712028e-08 4.2968162e-07 -1
vn 0 4.5781221e-08 -1
vn 0 1.9868312e-06 -0.99999994
vn 0 -2.9996286e-07 -1
vn 0 -2.9996286e-07 -1
vn 0 -2.4925413e-07 -1
vn 0 2.9404039e-09 -1
vn 0 4.5781221e-08 -1
vn 0 2.9404039e-09 -1
vn -9.0712028e-08 4.2968162e-07 -1
vn 1 0 2.5295346e-09
vn 1 2.1843375e-06 2.120068e-10
vn 1 6.4712282e-07 -6.4030644e-07
vn 1 2.1843375e-06 2.120068e-10
vn 1 -1.8433049e-07 1.0417995e-07
vn 1 6.4712282e-07 -6.4030644e-07
vn 1 -1.8433049e-07 1.0417995e-07
vn 1 1.5894864e-06 3.9737101e-06
vn 1 -2.8572592e-07 8.5909853e-08
vn 1 -2.8572592e-07 8.5909853e-08
vn 1 -7.5886284e-08 -2.6142533e-07
vn 1 -6.3577329e-07 -7.8537386e-07
vn 1 -7.5886284e-08 -2.6142533e-07
vn 1 0 0
vn 1 -3.3408472e-08 -2.2056918e-07
vn 1 -6.3577329e-07 -7.8537386e-07
vn 1 -7.5886284e-08 -2.6142533e-07
vn 1 -3.3408472e-08 -2.2056918e-07
vn 1 -3.3408472e-08 -2.2056918e-07
vn 1 4.1833736e-08 -2.7158603e-06
vn 1 -6.3577329e-07 -7.8537386e-07
vn 1 4.1833736e-08 -2.7158603e-06
vn 1 0 -2.3842165e-05
vn 1 -6.3577329e-07 -7.8537386e-07
vn 1 -6.3577329e-07 -7.8537386e-07
vn 1 -1.2857442e-06 -8.7740901e-08
vn 1 -2.8572592e-07 8.5909853e-08
vn 1 -1.2857442e-06 -8.7740901e-08
vn 0.99999994 0 0
vn 1 3.3012245e-07 -5.1135805e-07
vn 1 3.3012245e-07 -5.1135805e-07
vn 1 6.4712282e-07 -6.4030644e-07
vn 1 -1.8433049e-07 1.0417995e-07
vn 1 -1.2857442e-06 -8.7740901e-08
vn 1 -1.8433049e-07 1.0417995e-07
vn 1 -2.8572592e-07 8.5909853e-08
vn 0 1.1895787e-05 1
vn 0 6.4448354e-06 1
vn 0 -1.2289815e-06 0.99999994
vn 0 6.4448354e-06 1
vn 0 8.3677975e-07 1
vn 0 -1.2289815e-06 0.99999994
vn 0 8.3677975e-07 1
vn 0 0 1
vn 0 1.5195198e-07 1
vn 0 1.5195198e-07 1
vn 0 5.0196712e-07 1
vn 0 -1.2949032e-07 1
vn 0 5.0196712e-07 1
vn 0 0 1
vn 0 6.3817583e-07 1
vn 0 -1.2949032e-07 1
vn 0 5.0196712e-07 1
vn 0 6.3817583e-07 1
vn 0 6.3817583e-07 1
vn 0 -3.137535e-07 1
vn 0 -1.2949032e-07 1
vn 0 -3.137535e-07 1
vn 0 0 1
vn 0 -1.2949032e-07 1
vn 0 -1.2949032e-07 1
vn 0 5.8618087e-07 1
vn 0 1.5195198e-07 1
vn 0 5.8618087e-07 1
vn 0 7.9473884e-06 1
vn 0 -8.5788074e-08 1
vn 0 -8.5788074e-08 1
vn 0 -1.2289815e-06 0.99999994
vn 0 8.3677975e-07 1
vn 0 5.8618087e-07 1
vn 0 8.3677975e-07 1
vn 0 1.5195198e-07 1
vn 1 1.6178002e-07 1.6020087e-07
vn 1 -5.6422998e-08 2.2673451e-07
vn 0.99999994 -2.8668536e-09 3.2842166e-08
vn 1 -5.6422998e-08 2.2673451e-07
vn 1 3.9736969e-07 0
vn 1 1.9686732e-08 1.0057072e-07
vn 0.99999994 -2.8668536e-09 3.2842166e-08
vn 1 -5.6422998e-08 2.2673451e-07
vn 1 1.9686732e-08 1.0057072e-07
vn 1 1.9686732e-08 1.0057072e-07
vn 1 1.3188425e-07 2.569552e-08
vn 1 -3.9018104e-08 5.0148763e-08
vn 1 1.3188425e-07 2.569552e-08
vn 1 0 -2.9802529e-06
vn 0.99999994 1.8614571e-07 -2.1643356e-07
vn 0.99999994 1.8614571e-07 -2.1643356e-07
vn 1 1.67335e-07 6.2667181e-07
vn 1 9.7627748e-08 1.9522034e-07
vn 1 1.67335e-07 6.2667181e-07
vn 1 0 5.9605059e-06
vn 1 9.7627748e-08 1.9522034e-07
vn 1 9.7627748e-08 1.9522034e-07
vn 1 -3.9018104e-08 5.0148763e-08
vn 1 1.3188425e-07 2.569552e-08
vn 0.99999994 1.8614571e-07 -2.1643356e-07
vn 1 9.7627748e-08 1.9522034e-07
vn 1 1.3188425e-07 2.569552e-08
vn 1 -3.9018104e-08 5.0148763e-08
vn 1 0 0
vn 0.99999994 -2.8668536e-09 3.2842166e-08
vn 0.99999994 -2.8668536e-09 3.2842166e-08
vn 1 5.4609103e-07 1.1789447e-09
vn 1 1.6178002e-07 1.6020087e-07
vn 1 5.4609103e-07 1.1789447e-09
vn 1 0 0
vn 1 1.6178002e-07 1.6020087e-07
vn -2.3842028e-06 -3.9736942e-06 1
vn -1.1422608e-07 8.3319509e-07 0.99999994
vn -2.7604295e-07 -4.4431354e-07 1
vn -1.1422608e-07 8.3319509e-07 0.99999994
vn 0 1.1126403e-06 0.99999994
vn -1.2017119e-07 -1.2301366e-07 0.99999994
vn -2.7604295e-07 -4.4431354e-07 1
vn -1.1422608e-07 8.3319509e-07 0.99999994
vn -1.2017119e-07 -1.2301366e-07 0.99999994
vn 0 1.1126403e-06 0.99999994
vn 0 0 1
vn 0 -2.73045e-06 1
vn 0 -2.73045e-06 1
vn -1.2017119e-07 -1.2301366e-07 0.99999994
vn 0 1.1126403e-06 0.99999994
vn -1.2017119e-07 -1.2301366e-07 0.99999994
vn 0 -1.9868471e-06 1
vn -1.5885105e-07 -9.5603411e-08 1
vn -1.5885105e-07 -9.5603411e-08 1
vn -1.5236201e-07 -3.2796379e-08 1
vn -2.7604295e-07 -4.4431354e-07 1
vn -1.5236201e-07 -3.2796379e-08 1
vn 0 0 1
vn -1.3242088e-07 5.0175117e-09 1
vn -1.3242088e-07 5.0175117e-09 1
vn -1.2558115e-07 3.9027345e-08 1
vn -1.4056261e-07 -2.1490459e-07 1
vn -1.2558115e-07 3.9027345e-08 1
vn 0 0 1
vn -1.4056261e-07 -2.1490459e-07 1
vn -1.4056261e-07 -2.1490459e-07 1
vn -2.7604295e-07 -4.4431354e-07 1
vn -1.5236201e-07 -3.2796379e-08 1
vn -1.3242088e-07 5.0175117e-09 1
vn -1.4056261e-07 -2.1490459e-07 1
vn -1.5236201e-07 -3.2796379e-08 1
vn -1 1.1920957e-06 -2.5750095e-09
vn -0.99999994 6.4599635e-07 -2.1581814e-10
vn -1 -1.2261772e-07 -3.2047507e-07
vn -0.99999994 6.4599635e-07 -2.1581814e-10
vn -1 9.0143779e-08 -4.3098851e-08
vn -1 -1.2261772e-07 -3.2047507e-07
vn -1 9.0143779e-08 -4.3098851e-08
vn -1 0 0
vn -1 3.9018108e-08 -9.5771986e-09
vn -1 3.9018108e-08 -9.5771986e-09
vn -1 1.8971567e-08 -1.5829029e-07
vn -1 -1.5284924e-08 -1.1852488e-07
vn -1 1.8971567e-08 -1.5829029e-07
vn -1 0 -5.9605945e-06
vn -0.99999994 8.3521359e-09 -6.4005854e-07
vn -1 -1.5284924e-08 -1.1852488e-07
vn -1 1.8971567e-08 -1.5829029e-07
vn -0.99999994 8.3521359e-09 -6.4005854e-07
vn -0.99999994 8.3521359e-09 -6.4005854e-07
vn -0.99999994 -1.0458526e-08 -1.0458436e-07
vn -1 -1.5284924e-08 -1.1852488e-07
vn -0.99999994 -1.0458526e-08 -1.0458436e-07
vn -1 0 0
vn -1 -1.5284924e-08 -1.1852488e-07
vn -1 -1.5284924e-08 -1.1852488e-07
vn -1 -4.1222169e-08 -1.5684341e-07
vn -1 3.9018108e-08 -9.5771986e-09
vn -1 -4.1222169e-08 -1.5684341e-07
vn -0.99999994 0 0
vn -1 -1.6506088e-07 -2.556786e-07
vn -1 -1.6506088e-07 -2.556786e-07
vn -1 -1.2261772e-07 -3.2047507e-07
vn -1 9.0143779e-08 -4.3098851e-08
vn -1 -4.1222169e-08 -1.5684341e-07
vn -1 9.0143779e-08 -4.3098851e-08
vn -1 3.9018108e-08 -9.5771986e-09
vn 0 0 1
vn 0 0 1
vn 6.5856106e-08 -7.4453322e-07 1
vn 0 0 1
vn 0 0 0.99999994
vn -2.3439608e-07 -4.0057006e-07 1
vn 6.5856106e-08 -7.4453322e-07 1
vn 0 0 1
vn -2.3439608e-07 -4.0057006e-07 1
vn 0 0 0.99999994
vn 0 0 1
vn 0 0 1
vn 0 0 1
vn -2.3439608e-07 -4.0057006e-07 1
vn 0 0 0.99999994
vn -2.3439608e-07 -4.0057006e-07 1
vn -2.3841792e-06 0 1
vn -3.1912276e-07 3.0441396e-07 1
vn -3.1912276e-07 3.0441396e-07 1
vn 3.6184836e-08 1.6832105e-07 1
vn 6.5856106e-08 -7.4453322e-07 1
vn 3.6184836e-08 1.6832105e-07 1
vn 0 0 1
vn 1.3242095e-07 1.0035023e-08 1
vn 1.3242095e-07 1.0035023e-08 1
vn 1.2558115e-07 7.8054683e-08 0.99999994
vn 1.4056262e-07 -4.2980932e-07 1
vn 1.2558115e-07 7.8054683e-08 0.99999994
vn 0 0 1
vn 1.4056262e-07 -4.2980932e-07 1
vn 1.4056262e-07 -4.2980932e-07 1
vn 6.5856106e-08 -7.4453322e-07 1
vn 3.6184836e-08 1.6832105e-07 1
vn 1.3242095e-07 1.0035023e-08 1
vn 1.4056262e-07 -4.2980932e-07 1
vn 3.6184836e-08 1.6832105e-07 1
usemtl brickwall1
f 6/727/1 28/2215/2 27/2082/3
f 6/727/1 27/2082/3 5/2056/4
usemtl stonefloor
f 3/1393/5 1/1170/6 5/274/7
f 3/1393/5 5/274/7 7/1995/8
usemtl stonetrims
f 10/1022/9 14/1893/10 15/913/11
f 10/1022/9 15/913/11 11/1643/12
usemtl stonefloor
f 3/438/13 9/662/14 10/2337/15
f 3/438/13 10/2337/15 1/2008/16
usemtl brickwall1
f 4/1376/17 12/1233/18 9/2936/19
f 4/1376/17 9/2936/19 3/1340/20
f 1/1374/21 10/1275/22 11/240/23
f 1/1374/21 11/240/23 2/906/24
usemtl stonetrims
f 11/839/25 15/88/26 16/2112/27
f 11/839/25 16/2112/27 12/719/28
f 9/44/29 13/2404/30 14/776/31
f 9/44/29 14/776/31 10/1551/32
f 12/1334/33 16/1621/34 13/2161/35
f 12/1334/33 13/2161/35 9/1352/36
f 19/785/37 23/34/38 22/1689/39
f 19/785/37 22/1689/39 18/2291/40
usemtl brickwall1
f 5/2669/41 20/2593/42 19/98/43
f 5/2669/41 19/98/43 6/1760/44
f 2/980/45 18/2384/46 17/2513/47
f 2/980/45 17/2513/47 1/728/48
usemtl stonefloor
f 1/1495/49 17/1690/50 20/809/51
f 1/1495/49 20/809/51 5/2456/52
usemtl stonetrims
f 20/985/53 24/1826/54 23/461/55
f 20/985/53 23/461/55 19/192/56
f 17/1201/57 21/598/58 24/328/59
f 17/1201/57 24/328/59 20/99/60
f 18/478/61 22/2731/62 21/730/63
f 18/478/61 21/730/63 17/2869/64
f 25/1381/65 29/1553/66 32/417/67
f 25/1381/65 32/417/67 28/1081/68
usemtl stonefloor
f 5/596/69 27/2149/70 26/239/71
f 5/596/69 26/239/71 7/1496/72
usemtl brickwall1
f 7/2426/73 26/2356/74 25/1126/75
f 7/2426/73 25/1126/75 8/2042/76
usemtl stonetrims
f 26/2205/77 30/929/78 29/133/79
f 26/2205/77 29/133/79 25/855/80
f 28/954/81 32/1199/82 31/636/83
f 28/954/81 31/636/83 27/2861/84
f 27/1806/85 31/1101/86 30/2608/87
f 27/1806/85 30/2608/87 26/2449/88
f 33/1332/89 37/1493/90 40/369/91
f 33/1332/89 40/369/91 36/1034/92
usemtl brickwall1
f 3/1677/93 34/948/94 33/694/95
f 3/1677/93 33/694/95 4/344/96
f 8/1965/97 36/1297/98 35/2364/99
f 8/1965/97 35/2364/99 7/199/100
usemtl stonefloor
f 7/2272/101 35/1746/102 34/118/103
f 7/2272/101 34/118/103 3/1742/104
usemtl stonetrims
f 34/1757/105 38/2474/106 37/2641/107
f 34/1757/105 37/2641/107 33/2396/108
f 36/493/109 40/2721/110 39/184/111
f 36/493/109 39/184/111 35/1471/112
f 35/2929/113 39/2282/114 38/1778/115
f 35/2929/113 38/1778/115 34/1632/116
f 43/972/117 53/2890/118 253/1145/119
f 43/972/117 253/1145/119 242/2482/120
usemtl brickwall1
f 97/1758/121 99/1329/122 234/167/123
f 97/1758/121 234/167/123 238/1699/124
f 99/1329/125 101/263/126 229/25/127
f 99/1329/125 229/25/127 234/167/128
f 101/263/129 103/663/130 236/1656/131
f 101/263/129 236/1656/131 229/25/132
f 103/663/133 105/235/134 228/330/135
f 103/663/133 228/330/135 236/1656/136
f 105/235/137 232/1470/138 228/330/139
f 94/657/140 130/1694/141 259/1003/142
f 94/657/140 259/1003/142 262/822/143
f 100/79/144 265/2681/145 273/2150/146
f 100/79/144 273/2150/146 102/1085/147
f 102/1085/148 273/2150/149 272/1529/150
f 102/1085/148 272/1529/150 104/2650/151
f 104/2650/152 272/1529/153 274/2233/154
f 104/2650/152 274/2233/154 106/2835/155
f 106/2835/156 274/2233/157 107/2851/158
usemtl stonetrims
f 87/1349/159 91/1264/160 263/2322/161
f 87/1349/159 263/2322/161 257/1295/162
f 62/2009/163 66/310/164 235/2281/165
f 62/2009/163 235/2281/165 225/803/166
usemtl brickwall1
f 131/2201/167 243/2061/168 245/2645/169
f 131/2201/167 245/2645/169 133/1057/170
f 133/1057/171 245/2645/172 252/1702/173
f 133/1057/171 252/1702/173 135/678/174
f 135/678/175 252/1702/176 244/896/177
f 135/678/175 244/896/177 137/1583/178
f 137/1583/179 244/896/180 251/2382/181
f 137/1583/179 251/2382/181 139/2810/182
f 139/2810/183 251/2382/184 249/2333/185
f 96/2732/186 97/1758/187 238/1699/188
f 96/2732/186 238/1699/188 225/86/189
f 132/191/190 134/2077/191 256/1302/192
f 132/191/190 256/1302/192 261/1993/193
f 134/2077/194 136/628/195 254/2786/196
f 134/2077/194 254/2786/196 256/1302/197
f 136/628/198 138/1111/199 255/589/200
f 136/628/198 255/589/200 254/2786/201
f 138/1111/202 140/509/203 255/589/204
f 130/1694/205 132/191/206 261/1993/207
f 130/1694/205 261/1993/207 259/1003/208
usemtl stonetrims
f 65/2455/209 56/2805/210 237/1484/211
f 65/2455/209 237/1484/211 227/2451/212
f 57/1209/213 61/750/214 230/1923/215
f 57/1209/213 230/1923/215 233/2602/216
f 56/2805/217 60/2501/218 226/2127/219
f 56/2805/217 226/2127/219 237/1484/220
f 61/750/221 65/2455/222 227/2451/223
f 61/750/221 227/2451/223 230/1923/224
usemtl brickwall1
f 98/2157/225 269/1137/226 265/2681/227
f 98/2157/225 265/2681/227 100/79/228
usemtl stonetrims
f 46/1437/229 42/2897/230 240/315/231
f 46/1437/229 240/315/231 247/1933/232
f 51/2441/233 47/569/234 250/574/235
f 51/2441/233 250/574/235 241/1920/236
f 92/39/237 87/1349/238 257/1295/239
f 92/39/237 257/1295/239 262/713/240
f 50/702/241 46/1437/242 247/1933/243
f 50/702/241 247/1933/243 239/1652/244
f 42/2897/245 51/2441/246 241/1920/247
f 42/2897/245 241/1920/247 240/315/248
f 47/569/249 43/972/250 242/2482/251
f 47/569/249 242/2482/251 250/574/252
f 90/2753/253 82/2922/254 118/94/255
f 90/2753/253 118/94/255 260/2330/256
f 83/146/257 86/1610/258 264/371/259
f 83/146/257 264/371/259 258/1112/260
f 66/310/261 57/1209/262 233/2602/263
f 66/310/261 233/2602/263 235/2281/264
f 86/1610/265 90/2753/266 260/2330/267
f 86/1610/265 260/2330/267 264/371/268
f 91/1264/269 83/146/270 258/1112/271
f 91/1264/269 258/1112/271 263/2322/272
usemtl brickwall1
f 93/264/273 253/1075/274 243/2061/275
f 93/264/273 243/2061/275 131/2201/276
usemtl stonetrims
f 69/746/277 78/684/278 270/452/279
f 69/746/277 270/452/279 119/1585/280
f 74/1024/281 70/386/282 268/1040/283
f 74/1024/281 268/1040/283 275/2085/284
f 79/105/285 75/1918/286 266/2151/287
f 79/105/285 266/2151/287 271/1152/288
usemtl brickwall1
f 95/466/289 267/2104/290 269/1137/291
f 95/466/289 269/1137/291 98/2157/292
usemtl stonetrims
f 78/684/293 74/1024/294 275/2085/295
f 78/684/293 275/2085/295 270/452/296
f 70/386/297 79/105/298 271/1152/299
f 70/386/297 271/1152/299 268/1040/300
f 75/1918/301 72/2298/302 267/897/303
f 75/1918/301 267/897/303 266/2151/304
f 112/294/305 110/135/306 178/1670/307
f 112/294/305 178/1670/307 176/1636/308
f 93/1783/309 131/2609/310 192/2306/311
f 93/1783/309 192/2306/311 148/990/312
f 111/1815/313 113/1696/314 177/2184/315
f 111/1815/313 177/2184/315 179/2001/316
f 97/250/317 96/73/318 147/2136/319
f 97/250/317 147/2136/319 158/986/320
f 95/1599/321 98/2133/322 159/2178/323
f 95/1599/321 159/2178/323 149/741/324
f 99/2340/325 97/250/326 158/986/327
f 99/2340/325 158/986/327 156/2723/328
f 114/1155/329 112/294/330 176/1636/331
f 114/1155/329 176/1636/331 174/194/332
f 132/483/333 130/398/334 191/1708/335
f 132/483/333 191/1708/335 189/1573/336
f 98/2133/337 100/707/338 157/2410/339
f 98/2133/337 157/2410/339 159/2178/340
f 113/1696/341 115/1019/342 175/66/343
f 113/1696/341 175/66/343 177/2184/344
f 131/2609/345 133/1122/346 190/601/347
f 131/2609/345 190/601/347 192/2306/348
f 101/484/349 99/2340/350 156/2723/351
f 101/484/349 156/2723/351 154/1107/352
f 116/2351/353 114/1155/354 174/194/355
f 116/2351/353 174/194/355 171/158/356
f 134/236/357 132/483/358 189/1573/359
f 134/236/357 189/1573/359 187/1991/360
f 100/707/361 102/2597/362 155/2323/363
f 100/707/361 155/2323/363 157/2410/364
f 115/1019/365 117/1774/366 172/1767/367
f 115/1019/365 172/1767/367 175/66/368
f 133/1122/369 135/1469/370 188/2560/371
f 133/1122/369 188/2560/371 190/601/372
f 103/479/373 101/484/374 154/1107/375
f 103/479/373 154/1107/375 152/1894/376
f 119/492/377 116/2351/378 171/158/379
f 119/492/377 171/158/379 144/1733/380
f 136/1460/381 134/236/382 187/1991/383
f 136/1460/381 187/1991/383 185/2674/384
f 102/2597/385 104/840/386 153/1559/387
f 102/2597/385 153/1559/387 155/2323/388
f 135/1469/389 137/2940/390 186/29/391
f 135/1469/389 186/29/391 188/2560/392
f 117/1774/393 118/1807/394 173/2736/395
f 117/1774/393 173/2736/395 172/1767/396
f 151/763/397 141/2257/398 142/747/399
f 151/763/397 142/747/399 150/1078/400
f 153/1559/401 151/763/402 150/1078/403
f 153/1559/401 150/1078/403 152/1894/404
f 155/2323/405 153/1559/406 152/1894/407
f 155/2323/405 152/1894/407 154/1107/408
f 157/2410/409 155/2323/410 154/1107/411
f 157/2410/409 154/1107/411 156/2723/412
f 159/2178/413 157/2410/414 156/2723/415
f 159/2178/413 156/2723/415 158/986/416
f 143/123/417 161/1183/418 162/2029/419
f 143/123/417 162/2029/419 160/2303/420
f 161/1183/421 163/1198/422 164/2378/423
f 161/1183/421 164/2378/423 162/2029/424
f 163/1198/425 165/2526/426 166/1727/427
f 163/1198/425 166/1727/427 164/2378/428
f 165/2526/429 167/1481/430 168/2630/431
f 165/2526/429 168/2630/431 166/1727/432
f 167/1481/433 169/2415/434 170/786/435
f 167/1481/433 170/786/435 168/2630/436
f 172/1767/437 173/2736/438 144/1733/439
f 172/1767/437 144/1733/439 171/158/440
f 175/66/441 172/1767/442 171/158/443
f 175/66/441 171/158/443 174/194/444
f 177/2184/445 175/66/446 174/194/447
f 177/2184/445 174/194/447 176/1636/448
f 179/2001/449 177/2184/450 176/1636/451
f 179/2001/449 176/1636/451 178/1670/452
f 181/2174/453 179/2001/454 178/1670/455
f 181/2174/453 178/1670/455 180/1011/456
f 169/2415/457 148/692/458 147/122/459
f 169/2415/457 147/122/459 170/786/460
f 146/997/461 181/2174/462 180/1011/463
f 146/997/461 180/1011/463 149/353/464
f 183/1265/465 184/502/466 145/367/467
f 183/1265/465 145/367/467 182/2218/468
f 186/29/469 183/1265/470 182/2218/471
f 186/29/469 182/2218/471 185/2674/472
f 188/2560/473 186/29/474 185/2674/475
f 188/2560/473 185/2674/475 187/1991/476
f 190/601/477 188/2560/478 187/1991/479
f 190/601/477 187/1991/479 189/1573/480
f 192/2306/481 190/601/482 189/1573/483
f 192/2306/481 189/1573/483 191/1708/484
f 149/741/485 159/2178/486 158/986/487
f 149/741/485 158/986/487 147/2136/488
f 148/990/489 192/2306/490 191/1708/491
f 148/990/489 191/1708/491 146/577/492
f 130/398/493 94/2213/494 146/577/495
f 130/398/493 146/577/495 191/1708/496
f 129/2622/497 226/2646/498 160/2303/499
f 129/2622/497 160/2303/499 162/2029/500
f 109/109/501 111/1815/502 179/2001/503
f 109/109/501 179/2001/503 181/2174/504
f 128/2943/505 126/307/506 163/1198/507
f 128/2943/505 163/1198/507 161/1183/508
f 110/135/509 108/1712/510 180/1011/511
f 110/135/509 180/1011/511 178/1670/512
f 120/836/513 93/917/514 148/692/515
f 120/836/513 148/692/515 169/2415/516
f 127/973/517 129/2622/518 162/2029/519
f 127/973/517 162/2029/519 164/2378/520
f 96/2738/521 121/2586/522 170/786/523
f 96/2738/521 170/786/523 147/122/524
f 126/307/525 124/2060/526 165/2526/527
f 126/307/525 165/2526/527 163/1198/528
f 94/1082/529 109/109/530 181/2174/531
f 94/1082/529 181/2174/531 146/997/532
f 108/1712/533 95/428/534 149/353/535
f 108/1712/533 149/353/535 180/1011/536
f 125/825/537 127/973/538 164/2378/539
f 125/825/537 164/2378/539 166/1727/540
f 124/2060/541 122/1477/542 167/1481/543
f 124/2060/541 167/1481/543 165/2526/544
f 139/370/545 249/67/546 184/502/547
f 139/370/545 184/502/547 183/1265/548
f 106/1816/549 107/2944/550 141/2257/551
f 106/1816/549 141/2257/551 151/763/552
f 123/2245/553 125/825/554 166/1727/555
f 123/2245/553 166/1727/555 168/2630/556
f 140/1091/557 138/2688/558 182/2218/559
f 140/1091/557 182/2218/559 145/367/560
f 122/1477/561 120/836/562 169/2415/563
f 122/1477/561 169/2415/563 167/1481/564
f 137/2940/565 139/370/566 183/1265/567
f 137/2940/565 183/1265/567 186/29/568
f 121/2586/569 123/2245/570 168/2630/571
f 121/2586/569 168/2630/571 170/786/572
f 104/840/573 106/1816/574 151/763/575
f 104/840/573 151/763/575 153/1559/576
f 138/2688/577 136/1460/578 185/2674/579
f 138/2688/577 185/2674/579 182/2218/580
f 105/2873/581 103/479/582 152/1894/583
f 105/2873/581 152/1894/583 150/1078/584
f 148/1890/585 146/709/586 196/2353/587
f 148/1890/585 196/2353/587 194/652/588
f 149/2412/589 147/1840/590 193/882/591
f 149/2412/589 193/882/591 198/778/592
f 146/1931/593 149/881/594 198/904/595
f 146/1931/593 198/904/595 196/1722/596
f 195/1609/597 199/151/598 193/498/599
f 194/868/600 203/255/601 201/1678/602
f 194/868/600 201/1678/602 195/1609/603
f 196/1399/604 200/1130/605 197/2627/606
f 198/2694/607 199/151/608 200/1130/609
f 197/2627/610 200/1130/611 202/710/612
f 197/2627/610 202/710/612 201/1678/613
f 198/778/614 193/882/615 199/536/616
f 193/1579/617 194/668/618 195/722/619
f 194/652/620 196/2353/621 197/1163/622
f 194/652/620 197/1163/622 203/2834/623
f 196/1722/624 198/904/625 200/97/626
f 195/1609/627 202/710/628 199/151/629
usemtl brickwall1
f 201/2766/630 203/43/631 197/2772/632
usemtl stonetrims
f 199/151/633 202/710/634 200/1130/635
f 201/1678/636 202/710/637 195/1609/638
f 54/1705/639 232/1063/640 213/1622/641
f 54/1705/639 213/1622/641 206/956/642
f 119/492/643 144/1733/644 220/2845/645
f 119/492/643 220/2845/645 215/1246/646
f 107/1125/647 76/150/648 209/797/649
f 107/1125/647 209/797/649 212/799/650
f 69/746/651 119/1585/652 215/1007/653
f 69/746/651 215/1007/653 208/698/654
f 160/2303/655 226/2646/656 231/2507/657
f 160/2303/655 231/2507/657 222/2051/658
f 118/94/659 82/2922/660 210/2942/661
f 118/94/659 210/2942/661 214/494/662
f 145/367/663 184/502/664 224/2933/665
f 145/367/663 224/2933/665 221/544/666
f 141/2257/667 107/2944/668 212/1710/669
f 141/2257/667 212/1710/669 217/427/670
f 173/2736/671 118/1807/672 214/1855/673
f 173/2736/671 214/1855/673 223/2843/674
f 88/967/675 140/625/676 216/189/677
f 88/967/675 216/189/677 211/186/678
f 143/123/679 160/2303/680 222/2051/681
f 143/123/679 222/2051/681 219/562/682
f 184/502/683 249/67/684 246/934/685
f 184/502/683 246/934/685 224/2933/686
f 249/489/687 44/332/688 204/1325/689
f 249/489/687 204/1325/689 246/2253/690
f 144/1733/691 173/2736/692 223/2843/693
f 144/1733/691 223/2843/693 220/2845/694
f 226/2127/695 60/2501/696 207/1843/697
f 226/2127/695 207/1843/697 231/936/698
f 142/747/699 141/2257/700 217/427/701
f 142/747/699 217/427/701 218/2601/702
f 50/702/703 239/1652/704 248/1941/705
f 50/702/703 248/1941/705 205/2662/706
f 140/1091/707 145/367/708 221/544/709
f 140/1091/707 221/544/709 216/597/710
f 147/1097/711 148/1020/712 194/668/713
f 147/1097/711 194/668/713 193/1579/714
f 238/1780/715 234/28/716 58/2711/717
f 238/1780/715 58/2711/717 55/2249/718
f 229/293/719 236/1883/720 63/2628/721
f 229/293/719 63/2628/721 59/708/722
f 228/1759/723 232/1063/724 54/1705/725
f 228/1759/723 54/1705/725 64/2176/726
f 232/1861/727 105/2873/728 150/1078/729
f 232/1861/727 150/1078/729 142/747/730
usemtl brickwall1
f 233/1837/731 230/2632/732 125/1899/733
f 233/1837/731 125/1899/733 123/2244/734
f 230/2632/735 227/447/736 127/2803/737
f 230/2632/735 127/2803/737 125/1899/738
usemtl stonetrims
f 213/2700/739 232/1861/740 142/747/741
f 213/2700/739 142/747/741 218/2601/742
f 234/28/743 229/293/744 59/708/745
f 234/28/743 59/708/745 58/2711/746
f 236/1883/747 228/1759/748 64/2176/749
f 236/1883/747 64/2176/749 63/2628/750
usemtl brickwall1
f 235/2285/751 233/1837/752 123/2244/753
f 235/2285/751 123/2244/753 121/1513/754
f 225/86/755 235/2285/756 121/1513/757
f 225/86/755 121/1513/757 96/2732/758
usemtl stonetrims
f 225/803/759 238/1780/760 55/2249/761
f 225/803/759 55/2249/761 62/2009/762
usemtl brickwall1
f 227/447/763 237/2502/764 129/2621/765
f 227/447/763 129/2621/765 127/2803/766
f 237/2502/767 226/114/768 129/2621/769
f 241/712/770 250/279/771 122/1509/772
f 241/712/770 122/1509/772 124/2553/773
f 239/211/774 247/2594/775 128/2739/776
f 250/279/777 242/1150/778 120/779/779
f 250/279/777 120/779/779 122/1509/780
usemtl stonetrims
f 243/1243/781 253/1145/782 53/2890/783
f 243/1243/781 53/2890/783 45/391/784
f 245/1102/785 243/1243/786 45/391/787
f 245/1102/785 45/391/787 48/2946/788
f 244/770/789 252/1947/790 49/735/791
f 244/770/789 49/735/791 52/1083/792
f 249/489/793 251/742/794 41/1037/795
f 249/489/793 41/1037/795 44/332/796
f 239/725/797 128/2943/798 161/1183/799
f 239/725/797 161/1183/799 143/123/800
usemtl brickwall1
f 247/2594/801 240/982/802 126/2655/803
f 247/2594/801 126/2655/803 128/2739/804
f 240/982/805 241/712/806 124/2553/807
f 240/982/805 124/2553/807 126/2655/808
f 242/1150/809 253/1075/810 93/264/811
f 242/1150/809 93/264/811 120/779/812
usemtl stonetrims
f 252/1947/813 245/1102/814 48/2946/815
f 252/1947/813 48/2946/815 49/735/816
f 251/742/817 244/770/818 52/1083/819
f 251/742/817 52/1083/819 41/1037/820
f 248/1396/821 239/725/822 143/123/823
f 248/1396/821 143/123/823 219/562/824
usemtl brickwall1
f 258/724/825 264/2202/826 115/2335/827
f 258/724/825 115/2335/827 113/2685/828
f 264/2202/829 260/1955/830 117/1138/831
f 264/2202/829 117/1138/831 115/2335/832
f 257/1562/833 263/1339/834 111/1351/835
f 257/1562/833 111/1351/835 109/2891/836
usemtl stonetrims
f 261/831/837 256/2196/838 81/1385/839
f 261/831/837 81/1385/839 80/2923/840
f 254/1288/841 255/2555/842 85/1404/843
f 254/1288/841 85/1404/843 84/52/844
f 259/2269/845 261/831/846 80/2923/847
f 259/2269/845 80/2923/847 89/1023/848
usemtl brickwall1
f 262/822/849 257/1562/850 109/2891/851
f 262/822/849 109/2891/851 94/657/852
f 260/1955/853 118/2107/854 117/1138/855
f 263/1339/856 258/724/857 113/2685/858
f 263/1339/856 113/2685/858 111/1351/859
usemtl stonetrims
f 262/713/860 259/2269/861 89/1023/862
f 262/713/860 89/1023/862 92/39/863
f 256/2196/864 254/1288/865 84/52/866
f 256/2196/864 84/52/866 81/1385/867
f 255/2555/868 140/625/869 88/967/870
f 255/2555/868 88/967/870 85/1404/871
usemtl brickwall1
f 275/631/872 268/372/873 112/1865/874
f 275/631/872 112/1865/874 114/358/875
usemtl stonetrims
f 273/680/876 265/1004/877 67/348/878
f 273/680/876 67/348/878 68/846/879
f 274/1096/880 272/1950/881 71/2401/882
f 274/1096/880 71/2401/882 73/2461/883
f 269/2446/884 267/897/885 72/2298/886
f 269/2446/884 72/2298/886 77/237/887
usemtl brickwall1
f 268/372/888 271/442/889 110/2858/890
f 268/372/888 110/2858/890 112/1865/891
f 119/1059/892 270/157/893 116/394/894
f 271/442/895 266/2511/896 108/1445/897
f 271/442/895 108/1445/897 110/2858/898
f 270/157/899 275/631/900 114/358/901
f 270/157/899 114/358/901 116/394/902
f 266/2511/903 267/2104/904 95/466/905
f 266/2511/903 95/466/905 108/1445/906
usemtl stonetrims
f 272/1950/907 273/680/908 68/846/909
f 272/1950/907 68/846/909 71/2401/910
f 107/1125/911 274/1096/912 73/2461/913
f 107/1125/911 73/2461/913 76/150/914
f 265/1004/915 269/2446/916 77/237/917
f 265/1004/915 77/237/917 67/348/918
f 278/2128/919 288/119/920 488/2316/921
f 278/2128/919 488/2316/921 477/671/922
usemtl brickwall1
f 332/1960/923 334/2478/924 469/1341/925
f 332/1960/923 469/1341/925 473/2823/926
f 334/2478/927 336/1426/928 464/221/929
f 334/2478/927 464/221/929 469/1341/930
f 336/1426/931 338/838/932 471/2757/933
f 336/1426/931 471/2757/933 464/221/934
f 338/838/935 340/1401/936 463/1502/937
f 338/838/935 463/1502/937 471/2757/938
f 340/1401/939 467/2613/940 463/1502/941
f 329/1832/942 365/1884/943 494/2172/944
f 329/1832/942 494/2172/944 497/1002/945
f 335/1252/946 500/889/947 508/334/948
f 335/1252/946 508/334/948 337/1299/949
f 337/1299/950 508/334/951 507/2657/952
f 337/1299/950 507/2657/952 339/2827/953
f 339/2827/954 507/2657/955 509/407/956
f 339/2827/954 509/407/956 341/63/957
f 341/63/958 509/407/959 342/1039/960
usemtl stonetrims
f 322/2499/961 326/2406/962 498/499/963
f 322/2499/961 498/499/963 492/1478/964
f 297/173/965 301/1476/966 470/453/967
f 297/173/965 470/453/967 460/989/968
usemtl brickwall1
f 366/374/969 478/2241/970 480/847/971
f 366/374/969 480/847/971 368/2238/972
f 368/2238/973 480/847/974 487/2828/975
f 368/2238/973 487/2828/975 370/1851/976
f 370/1851/977 487/2828/978 479/2071/979
f 370/1851/977 479/2071/979 372/2702/980
f 372/2702/981 479/2071/982 486/583/983
f 372/2702/981 486/583/983 374/37/984
f 374/37/985 486/583/986 484/522/987
f 331/953/988 332/1960/989 473/2823/990
f 331/953/988 473/2823/990 460/1256/991
f 367/1361/992 369/261/993 491/2452/994
f 367/1361/992 491/2452/994 496/161/995
f 369/261/996 371/1797/997 489/998/998
f 369/261/996 489/998/998 491/2452/999
f 371/1797/1000 373/2294/1001 490/1754/1002
f 371/1797/1000 490/1754/1002 489/998/1003
f 373/2294/1004 375/1693/1005 490/1754/1006
f 365/1884/1007 367/1361/1008 496/161/1009
f 365/1884/1007 496/161/1009 494/2172/1010
usemtl stonetrims
f 300/645/1011 291/1009/1012 472/1673/1013
f 300/645/1011 472/1673/1013 462/644/1014
f 292/2359/1015 296/1948/1016 465/2083/1017
f 292/2359/1015 465/2083/1017 468/2763/1018
f 291/1009/1019 295/687/1020 461/2317/1021
f 291/1009/1019 461/2317/1021 472/1673/1022
f 296/1948/1023 300/645/1024 462/644/1025
f 296/1948/1023 462/644/1025 465/2083/1026
usemtl brickwall1
f 333/342/1027 504/2310/1028 500/889/1029
f 333/342/1027 500/889/1029 335/1252/1030
usemtl stonetrims
f 281/2583/1031 277/1077/1032 475/1482/1033
f 281/2583/1031 475/1482/1033 482/92/1034
f 286/637/1035 282/1739/1036 485/1744/1037
f 286/637/1035 485/1744/1037 476/75/1038
f 327/1206/1039 322/2499/1040 492/1478/1041
f 327/1206/1039 492/1478/1041 497/899/1042
f 285/1888/1043 281/2583/1044 482/92/1045
f 285/1888/1043 482/92/1045 474/2752/1046
f 277/1077/1047 286/637/1048 476/75/1049
f 277/1077/1047 476/75/1049 475/1482/1050
f 282/1739/1051 278/2128/1052 477/671/1053
f 282/1739/1051 477/671/1053 485/1744/1054
f 325/971/1055 317/1114/1056 353/288/1057
f 325/971/1055 353/288/1057 495/2516/1058
f 318/1312/1059 321/1779/1060 499/566/1061
f 318/1312/1059 499/566/1061 493/2295/1062
f 301/1476/1063 292/2359/1064 468/2763/1065
f 301/1476/1063 468/2763/1065 470/453/1066
f 321/1779/1067 325/971/1068 495/2516/1069
f 321/1779/1067 495/2516/1069 499/566/1070
f 326/2406/1071 318/1312/1072 493/2295/1073
f 326/2406/1071 493/2295/1073 498/499/1074
usemtl brickwall1
f 328/1428/1075 488/2260/1076 478/2241/1077
f 328/1428/1075 478/2241/1077 366/374/1078
usemtl stonetrims
f 304/1944/1079 313/1862/1080 505/1654/1081
f 304/1944/1079 505/1654/1081 354/2704/1082
f 309/2211/1083 305/1577/1084 503/2223/1085
f 309/2211/1083 503/2223/1085 510/280/1086
f 314/1277/1087 310/74/1088 501/335/1089
f 314/1277/1087 501/335/1089 506/2326/1090
usemtl brickwall1
f 330/1661/1091 502/296/1092 504/2310/1093
f 330/1661/1091 504/2310/1093 333/342/1094
usemtl stonetrims
f 313/1862/1095 309/2211/1096 510/280/1097
f 313/1862/1095 510/280/1097 505/1654/1098
f 305/1577/1099 314/1277/1100 506/2326/1101
f 305/1577/1099 506/2326/1101 503/2223/1102
f 310/74/1103 307/2476/1104 502/2072/1105
f 310/74/1103 502/2072/1105 501/335/1106
f 347/1458/1107 345/318/1108 413/1849/1109
f 347/1458/1107 413/1849/1109 411/2742/1110
f 328/2918/1111 366/793/1112 427/481/1113
f 328/2918/1111 427/481/1113 383/1161/1114
f 346/2004/1115 348/2819/1116 412/363/1117
f 346/2004/1115 412/363/1117 414/168/1118
f 332/420/1119 331/1248/1120 382/2324/1121
f 332/420/1119 382/2324/1121 393/2145/1122
f 330/2714/1123 333/323/1124 394/359/1125
f 330/2714/1123 394/359/1125 384/1937/1126
f 334/537/1127 332/420/1128 393/2145/1129
f 334/537/1127 393/2145/1129 391/942/1130
f 349/1360/1131 347/1458/1132 411/2742/1133
f 349/1360/1131 411/2742/1133 409/1362/1134
f 367/1669/1135 365/1591/1136 426/2842/1137
f 367/1669/1135 426/2842/1137 424/2690/1138
f 333/323/1139 335/894/1140 392/612/1141
f 333/323/1139 392/612/1141 394/359/1142
f 348/2819/1143 350/2207/1144 410/262/1145
f 348/2819/1143 410/262/1145 412/363/1146
f 366/793/1147 368/1331/1148 425/1764/1149
f 366/793/1147 425/1764/1149 427/481/1150
f 336/675/1151 334/537/1152 391/942/1153
f 336/675/1151 391/942/1153 389/2293/1154
f 351/553/1155 349/1360/1156 409/1362/1157
f 351/553/1155 409/1362/1157 406/333/1158
f 369/404/1159 367/1669/1160 424/2690/1161
f 369/404/1159 424/2690/1161 422/156/1162
f 335/894/1163 337/787/1164 390/500/1165
f 335/894/1163 390/500/1165 392/612/1166
f 350/2207/1167 352/1975/1168 407/2906/1169
f 350/2207/1167 407/2906/1169 410/262/1170
f 368/1331/1171 370/2611/1172 423/743/1173
f 368/1331/1171 423/743/1173 425/1764/1174
f 338/1666/1175 336/675/1176 389/2293/1177
f 338/1666/1175 389/2293/1177 387/56/1178
f 354/686/1179 351/553/1180 406/333/1181
f 354/686/1179 406/333/1181 379/2864/1182
f 371/2603/1183 369/404/1184 422/156/1185
f 371/2603/1183 422/156/1185 420/2857/1186
f 337/787/1187 339/2022/1188 388/2676/1189
f 337/787/1187 388/2676/1189 390/500/1190
f 370/2611/1191 372/1134/1192 421/1191/1193
f 370/2611/1191 421/1191/1193 423/743/1194
f 352/1975/1195 353/2934/1196 408/960/1197
f 352/1975/1195 408/960/1197 407/2906/1198
f 386/1959/1199 376/2442/1200 377/1945/1201
f 386/1959/1199 377/1945/1201 385/2264/1202
f 388/2676/1203 386/1959/1204 385/2264/1205
f 388/2676/1203 385/2264/1205 387/56/1206
f 390/500/1207 388/2676/1208 387/56/1209
f 390/500/1207 387/56/1209 389/2293/1210
f 392/612/1211 390/500/1212 389/2293/1213
f 392/612/1211 389/2293/1213 391/942/1214
f 394/359/1215 392/612/1216 391/942/1217
f 394/359/1215 391/942/1217 393/2145/1218
f 378/1290/1219 396/1388/1220 397/207/1221
f 378/1290/1219 397/207/1221 395/2483/1222
f 396/1388/1223 398/2348/1224 399/579/1225
f 396/1388/1223 399/579/1225 397/207/1226
f 398/2348/1227 400/705/1228 401/1926/1229
f 398/2348/1227 401/1926/1229 399/579/1230
f 400/705/1231 402/2623/1232 403/2798/1233
f 400/705/1231 403/2798/1233 401/1926/1234
f 402/2623/1235 404/2600/1236 405/1979/1237
f 402/2623/1235 405/1979/1237 403/2798/1238
f 407/2906/1239 408/960/1240 379/2864/1241
f 407/2906/1239 379/2864/1241 406/333/1242
f 410/262/1243 407/2906/1244 406/333/1245
f 410/262/1243 406/333/1245 409/1362/1246
f 412/363/1247 410/262/1248 409/1362/1249
f 412/363/1247 409/1362/1249 411/2742/1250
f 414/168/1251 412/363/1252 411/2742/1253
f 414/168/1251 411/2742/1253 413/1849/1254
f 416/355/1255 414/168/1256 413/1849/1257
f 416/355/1255 413/1849/1257 415/2192/1258
f 404/2600/1259 383/1871/1260 382/1289/1261
f 404/2600/1259 382/1289/1261 405/1979/1262
f 381/2163/1263 416/355/1264 415/2192/1265
f 381/2163/1263 415/2192/1265 384/1534/1266
f 418/2407/1267 419/1688/1268 380/560/1269
f 418/2407/1267 380/560/1269 417/387/1270
f 421/1191/1271 418/2407/1272 417/387/1273
f 421/1191/1271 417/387/1273 420/2857/1274
f 423/743/1275 421/1191/1276 420/2857/1277
f 423/743/1275 420/2857/1277 422/156/1278
f 425/1764/1279 423/743/1280 422/156/1281
f 425/1764/1279 422/156/1281 424/2690/1282
f 427/481/1283 425/1764/1284 424/2690/1285
f 427/481/1283 424/2690/1285 426/2842/1286
f 384/1937/1287 394/359/1288 393/2145/1289
f 384/1937/1287 393/2145/1289 382/2324/1290
f 383/1161/1291 427/481/1292 426/2842/1293
f 383/1161/1291 426/2842/1293 381/1747/1294
f 365/1591/1295 329/383/1296 381/1747/1297
f 365/1591/1295 381/1747/1297 426/2842/1298
f 364/814/1299 461/848/1300 395/2483/1301
f 364/814/1299 395/2483/1301 397/207/1302
f 344/1279/1303 346/2004/1304 414/168/1305
f 344/1279/1303 414/168/1305 416/355/1306
f 363/1140/1307 361/470/1308 398/2348/1309
f 363/1140/1307 398/2348/1309 396/1388/1310
f 345/318/1311 343/1915/1312 415/2192/1313
f 345/318/1311 415/2192/1313 413/1849/1314
f 355/2019/1315 328/1076/1316 383/1871/1317
f 355/2019/1315 383/1871/1317 404/2600/1318
f 362/2131/1319 364/814/1320 397/207/1321
f 362/2131/1319 397/207/1321 399/579/1322
f 331/961/1323 356/772/1324 405/1979/1325
f 331/961/1323 405/1979/1325 382/1289/1326
f 361/470/1327 359/244/1328 400/705/1329
f 361/470/1327 400/705/1329 398/2348/1330
f 329/2267/1331 344/1279/1332 416/355/1333
f 329/2267/1331 416/355/1333 381/2163/1334
f 343/1915/1335 330/1624/1336 384/1534/1337
f 343/1915/1335 384/1534/1337 415/2192/1338
f 360/2013/1339 362/2131/1340 399/579/1341
f 360/2013/1339 399/579/1341 401/1926/1342
f 359/244/1343 357/2619/1344 402/2623/1345
f 359/244/1343 402/2623/1345 400/705/1346
f 374/1564/1347 484/1237/1348 419/1688/1349
f 374/1564/1347 419/1688/1349 418/2407/1350
f 341/2005/1351 342/174/1352 376/2442/1353
f 341/2005/1351 376/2442/1353 386/1959/1354
f 358/419/1355 360/2013/1356 401/1926/1357
f 358/419/1355 401/1926/1357 403/2798/1358
f 375/2283/1359 373/893/1360 417/387/1361
f 375/2283/1359 417/387/1361 380/560/1362
f 357/2619/1363 355/2019/1364 404/2600/1365
f 357/2619/1363 404/2600/1365 402/2623/1366
f 372/1134/1367 374/1564/1368 418/2407/1369
f 372/1134/1367 418/2407/1369 421/1191/1370
f 356/772/1371 358/419/1372 403/2798/1373
f 356/772/1371 403/2798/1373 405/1979/1374
f 339/2022/1375 341/2005/1376 386/1959/1377
f 339/2022/1375 386/1959/1377 388/2676/1378
f 373/893/1379 371/2603/1380 420/2857/1381
f 373/893/1379 420/2857/1381 417/387/1382
f 340/96/1383 338/1666/1384 387/56/1385
f 340/96/1383 387/56/1385 385/2264/1386
f 383/50/1387 381/1906/1388 431/556/1389
f 383/50/1387 431/556/1389 429/828/1390
f 384/613/1391 382/10/1392 428/2054/1393
f 384/613/1391 428/2054/1393 433/1969/1394
f 381/89/1395 384/2053/1396 433/2079/1397
f 381/89/1395 433/2079/1397 431/2854/1398
f 430/2719/1399 434/1319/1400 428/1684/1401
f 429/1035/1402 438/1420/1403 436/2789/1404
f 429/1035/1402 436/2789/1404 430/2719/1405
f 431/2547/1406 435/2304/1407 432/2790/1408
f 433/2885/1409 434/1319/1410 435/2304/1411
f 432/2790/1412 435/2304/1413 437/1907/1414
f 432/2790/1412 437/1907/1414 436/2789/1415
f 433/1969/1416 428/2054/1417 434/1707/1418
f 428/2698/1419 429/1841/1420 430/1917/1421
f 429/828/1422 431/556/1423 432/2334/1424
f 429/828/1422 432/2334/1424 438/1025/1425
f 431/2854/1426 433/2079/1427 435/1269/1428
f 430/2719/1429 437/1907/1430 434/1319/1431
usemtl brickwall1
f 436/983/1432 438/1211/1433 432/5/1434
usemtl stonetrims
f 434/1319/1435 437/1907/1436 435/2304/1437
f 436/2789/1438 437/1907/1439 430/2719/1440
f 289/2837/1441 467/2248/1442 448/2729/1443
f 289/2837/1441 448/2729/1443 441/2111/1444
f 354/686/1445 379/2864/1446 455/1033/1447
f 354/686/1445 455/1033/1447 450/1430/1448
f 342/1336/1449 311/1315/1450 444/1986/1451
f 342/1336/1449 444/1986/1451 447/1988/1452
f 304/1944/1453 354/2704/1454 450/2177/1455
f 304/1944/1453 450/2177/1455 443/1881/1456
f 395/2483/1457 461/848/1458 466/2668/1459
f 395/2483/1457 466/2668/1459 457/232/1460
f 353/288/1461 317/1114/1462 445/1136/1463
f 353/288/1461 445/1136/1463 449/1681/1464
f 380/560/1465 419/1688/1466 459/163/1467
f 380/560/1465 459/163/1467 456/721/1468
f 376/2442/1469 342/174/1470 447/2846/1471
f 376/2442/1469 447/2846/1471 452/1623/1472
f 408/960/1473 353/2934/1474 449/18/1475
f 408/960/1473 449/18/1475 458/1031/1476
f 323/1139/1477 375/798/1478 451/1359/1479
f 323/1139/1477 451/1359/1479 446/1357/1480
f 378/1290/1481 395/2483/1482 457/232/1483
f 378/1290/1481 457/232/1483 454/734/1484
f 419/1688/1485 484/1237/1486 481/2092/1487
f 419/1688/1485 481/2092/1487 459/163/1488
f 484/1676/1489 279/1510/1490 439/2475/1491
f 484/1676/1489 439/2475/1491 481/429/1492
f 379/2864/1493 408/960/1494 458/1031/1495
f 379/2864/1493 458/1031/1495 455/1033/1496
f 461/2317/1497 295/687/1498 442/12/1499
f 461/2317/1497 442/12/1499 466/2094/1500
f 377/1945/1501 376/2442/1502 452/1623/1503
f 377/1945/1501 452/1623/1503 453/790/1504
f 285/1888/1505 474/2752/1506 483/104/1507
f 285/1888/1505 483/104/1507 440/866/1508
f 375/2283/1509 380/560/1510 456/721/1511
f 375/2283/1509 456/721/1511 451/1762/1512
f 382/2284/1513 383/1222/1514 429/1841/1515
f 382/2284/1513 429/1841/1515 428/2698/1516
f 473/2917/1517 469/224/1518 293/924/1519
f 473/2917/1517 293/924/1519 290/2428/1520
f 464/457/1521 471/40/1522 298/821/1523
f 464/457/1521 298/821/1523 294/1905/1524
f 463/2895/1525 467/2248/1526 289/2837/1527
f 463/2895/1525 289/2837/1527 299/357/1528
f 467/22/1529 340/96/1530 385/2264/1531
f 467/22/1529 385/2264/1531 377/1945/1532
usemtl brickwall1
f 468/7/1533 465/832/1534 360/2062/1535
f 468/7/1533 360/2062/1535 358/418/1536
f 465/832/1537 462/1651/1538 362/33/1539
f 465/832/1537 362/33/1539 360/2062/1540
usemtl stonetrims
f 448/2889/1541 467/22/1542 377/1945/1543
f 448/2889/1541 377/1945/1543 453/790/1544
f 469/224/1545 464/457/1546 294/1905/1547
f 469/224/1545 294/1905/1547 293/924/1548
f 471/40/1549 463/2895/1550 299/357/1551
f 471/40/1549 299/357/1551 298/821/1552
usemtl brickwall1
f 470/458/1553 468/7/1554 358/418/1555
f 470/458/1553 358/418/1555 356/2643/1556
f 460/1256/1557 470/458/1558 356/2643/1559
f 460/1256/1557 356/2643/1559 331/953/1560
usemtl stonetrims
f 460/989/1561 473/2917/1562 290/2428/1563
f 460/989/1561 290/2428/1563 297/173/1564
usemtl brickwall1
f 462/1651/1565 472/690/1566 364/2782/1567
f 462/1651/1565 364/2782/1567 362/33/1568
f 472/690/1569 461/1284/1570 364/2782/1571
f 476/1909/1572 485/1441/1573 357/2639/1574
f 476/1909/1572 357/2639/1574 359/736/1575
f 474/1377/1576 482/781/1577 363/2930/1578
f 485/1441/1579 477/2321/1580 355/968/1581
f 485/1441/1579 355/968/1581 357/2639/1582
usemtl stonetrims
f 478/2390/1583 488/2316/1584 288/119/1585
f 478/2390/1583 288/119/1585 280/1586/1586
f 480/1313/1587 478/2390/1588 280/1586/1589
f 480/1313/1587 280/1586/1589 283/1147/1590
f 479/1961/1591 487/110/1592 284/935/1593
f 479/1961/1591 284/935/1593 287/2271/1594
f 484/1676/1595 486/1939/1596 276/2221/1597
f 484/1676/1595 276/2221/1597 279/1510/1598
f 474/1924/1599 363/1140/1600 396/1388/1601
f 474/1924/1599 396/1388/1601 378/1290/1602
usemtl brickwall1
f 482/781/1603 475/2139/1604 361/860/1605
f 482/781/1603 361/860/1605 363/2930/1606
f 475/2139/1607 476/1909/1608 359/736/1609
f 475/2139/1607 359/736/1609 361/860/1610
f 477/2321/1611 488/2260/1612 328/1428/1613
f 477/2321/1611 328/1428/1613 355/968/1614
usemtl stonetrims
f 487/110/1615 480/1313/1616 283/1147/1617
f 487/110/1615 283/1147/1617 284/935/1618
f 486/1939/1619 479/1961/1620 287/2271/1621
f 486/1939/1619 287/2271/1621 276/2221/1622
f 483/2545/1623 474/1924/1624 378/1290/1625
f 483/2545/1623 378/1290/1625 454/734/1626
usemtl brickwall1
f 493/1921/1627 499/2370/1628 350/524/1629
f 493/1921/1627 350/524/1629 348/890/1630
f 499/2370/1631 495/120/1632 352/2311/1633
f 499/2370/1631 352/2311/1633 350/524/1634
f 492/2678/1635 498/1519/1636 346/1532/1637
f 492/2678/1635 346/1532/1637 344/1068/1638
usemtl stonetrims
f 496/2016/1639 491/368/1640 316/2535/1641
f 496/2016/1639 316/2535/1641 315/154/1642
f 489/2435/1643 490/738/1644 320/1601/1645
f 489/2435/1643 320/1601/1645 319/241/1646
f 494/439/1647 496/2016/1648 315/154/1649
f 494/439/1647 315/154/1649 324/1224/1650
usemtl brickwall1
f 497/1002/1651 492/2678/1652 344/1068/1653
f 497/1002/1651 344/1068/1653 329/1832/1654
f 495/120/1655 353/303/1656 352/2311/1657
f 498/1519/1658 493/1921/1659 348/890/1660
f 498/1519/1658 348/890/1660 346/1532/1661
usemtl stonetrims
f 497/899/1662 494/439/1663 324/1224/1664
f 497/899/1662 324/1224/1664 327/1206/1665
f 491/368/1666 489/2435/1667 319/241/1668
f 491/368/1666 319/241/1668 316/2535/1669
f 490/738/1670 375/798/1671 323/1139/1672
f 490/738/1670 323/1139/1672 320/1601/1673
usemtl brickwall1
f 510/1801/1674 503/1566/1675 347/26/1676
f 510/1801/1674 347/26/1676 349/1541/1677
usemtl stonetrims
f 508/1857/1678 500/1190/1679 302/1527/1680
f 508/1857/1678 302/1527/1680 303/2023/1681
f 509/1307/1682 507/113/1683 306/603/1684
f 509/1307/1682 306/603/1684 308/648/1685
f 504/639/1686 502/2072/1687 307/2476/1688
f 504/639/1686 307/2476/1688 312/405/1689
usemtl brickwall1
f 503/1566/1690 506/1642/1691 345/85/1692
f 503/1566/1690 345/85/1692 347/26/1693
f 354/1272/1694 505/1328/1695 351/1587/1696
f 506/1642/1697 501/696/1698 343/1644/1699
f 506/1642/1697 343/1644/1699 345/85/1700
f 505/1328/1701 510/1801/1702 349/1541/1703
f 505/1328/1701 349/1541/1703 351/1587/1704
f 501/696/1705 502/296/1706 330/1661/1707
f 501/696/1705 330/1661/1707 343/1644/1708
usemtl stonetrims
f 507/113/1709 508/1857/1710 303/2023/1711
f 507/113/1709 303/2023/1711 306/603/1712
f 342/1336/1713 509/1307/1714 308/648/1715
f 342/1336/1713 308/648/1715 311/1315/1716
f 500/1190/1717 504/639/1718 312/405/1719
f 500/1190/1717 312/405/1719 302/1527/1720
f 513/320/1721 523/1285/1722 723/2497/1723
f 513/320/1721 723/2497/1723 712/850/1724
usemtl brickwall1
f 567/127/1725 569/667/1726 704/2488/1727
f 567/127/1725 704/2488/1727 708/51/1728
f 569/667/1729 571/2568/1730 699/1390/1731
f 569/667/1729 699/1390/1731 704/2488/1732
f 571/2568/1733 573/2020/1734 706/975/1735
f 571/2568/1733 706/975/1735 699/1390/1736
f 573/2020/1737 575/2549/1738 698/1692/1739
f 573/2020/1737 698/1692/1739 706/975/1740
f 575/2549/1741 702/2769/1742 698/1692/1743
f 564/1/1744 600/41/1745 729/354/1746
f 564/1/1744 729/354/1746 732/2168/1747
f 570/2394/1748 735/2058/1749 743/517/1750
f 570/2394/1748 743/517/1750 572/2450/1751
f 572/2450/1752 743/517/1753 742/862/1754
f 572/2450/1752 742/862/1754 574/1017/1755
f 574/1017/1756 742/862/1757 744/604/1758
f 574/1017/1756 744/604/1758 576/1227/1759
f 576/1227/1760 744/604/1761 577/2222/1762
usemtl stonetrims
f 557/685/1763 561/609/1764 733/1685/1765
f 557/685/1763 733/1685/1765 727/2620/1766
f 532/1347/1767 536/2618/1768 705/1655/1769
f 532/1347/1767 705/1655/1769 695/2152/1770
usemtl brickwall1
f 601/1567/1771 713/411/1772 715/2024/1773
f 601/1567/1771 715/2024/1773 603/410/1774
f 603/410/1775 715/2024/1776 722/1018/1777
f 603/410/1775 722/1018/1777 605/2030/1778
f 605/2030/1779 722/1018/1780 714/254/1781
f 605/2030/1779 714/254/1781 607/909/1782
f 607/909/1783 714/254/1784 721/748/1785
f 607/909/1783 721/748/1785 609/1204/1786
f 609/1204/1787 721/748/1788 719/1700/1789
f 566/1116/1790 567/127/1791 708/51/1792
f 566/1116/1790 708/51/1792 695/2400/1793
f 602/1552/1794 604/1424/1795 726/2625/1796
f 602/1552/1794 726/2625/1796 731/1333/1797
f 604/1424/1798 606/2925/1799 724/2164/1800
f 604/1424/1798 724/2164/1800 726/2625/1801
f 606/2925/1802 608/467/1803 725/1957/1804
f 606/2925/1802 725/1957/1804 724/2164/1805
f 608/467/1806 610/2808/1807 725/1957/1808
f 600/41/1809 602/1552/1810 731/1333/1811
f 600/41/1809 731/1333/1811 729/354/1812
usemtl stonetrims
f 535/1818/1813 526/2183/1814 707/2784/1815
f 535/1818/1813 707/2784/1815 697/817/1816
f 527/559/1817 531/2108/1818 700/271/1819
f 527/559/1817 700/271/1819 703/979/1820
f 526/2183/1821 530/1866/1822 696/490/1823
f 526/2183/1821 696/490/1823 707/2784/1824
f 531/2108/1825 535/1818/1826 697/817/1827
f 531/2108/1825 697/817/1827 700/271/1828
usemtl brickwall1
f 568/1522/1829 739/487/1830 735/2058/1831
f 568/1522/1829 735/2058/1831 570/2394/1832
usemtl stonetrims
f 516/768/1833 512/2262/1834 710/2624/1835
f 516/768/1833 710/2624/1835 717/1260/1836
f 521/808/1837 517/2872/1838 720/2878/1839
f 521/808/1837 720/2878/1839 711/1250/1840
f 562/1400/1841 557/685/1842 727/2620/1843
f 562/1400/1841 727/2620/1843 732/2073/1844
f 520/48/1845 516/768/1846 717/1260/1847
f 520/48/1845 717/1260/1847 709/970/1848
f 512/2262/1849 521/808/1850 711/1250/1851
f 512/2262/1849 711/1250/1851 710/2624/1852
f 517/2872/1853 513/320/1854 712/850/1855
f 517/2872/1853 712/850/1855 720/2878/1856
f 560/2129/1857 552/1320/1858 588/1453/1859
f 560/2129/1857 588/1453/1859 730/701/1860
f 553/2464/1861 556/2916/1862 734/1737/1863
f 553/2464/1861 734/1737/1863 728/2471/1864
f 536/2618/1865 527/559/1866 703/979/1867
f 536/2618/1865 703/979/1867 705/1655/1868
f 556/2916/1869 560/2129/1870 730/701/1871
f 556/2916/1869 730/701/1871 734/1737/1872
f 561/609/1873 553/2464/1874 728/2471/1875
f 561/609/1873 728/2471/1875 733/1685/1876
usemtl brickwall1
f 563/2570/1877 723/433/1878 713/411/1879
f 563/2570/1877 713/411/1879 601/1567/1880
usemtl stonetrims
f 539/106/1881 548/2036/1882 740/1819/1883
f 539/106/1881 740/1819/1883 589/911/1884
f 544/378/1885 540/2696/1886 738/393/1887
f 544/378/1885 738/393/1887 745/437/1888
f 549/2419/1889 545/1249/1890 736/518/1891
f 549/2419/1889 736/518/1891 741/503/1892
usemtl brickwall1
f 565/2768/1893 737/1464/1894 739/487/1895
f 565/2768/1893 739/487/1895 568/1522/1896
usemtl stonetrims
f 548/2036/1897 544/378/1898 745/437/1899
f 548/2036/1897 745/437/1899 740/1819/1900
f 540/2696/1901 549/2419/1902 741/503/1903
f 540/2696/1901 741/503/1903 738/393/1904
f 545/1249/1905 542/664/1906 737/256/1907
f 545/1249/1905 737/256/1907 736/518/1908
f 582/1659/1909 580/1486/1910 648/16/1911
f 582/1659/1909 648/16/1911 646/964/1912
f 563/1103/1913 601/1985/1914 662/1668/1915
f 563/1103/1913 662/1668/1915 618/2332/1916
f 581/169/1917 583/47/1918 647/551/1919
f 581/169/1917 647/551/1919 649/1342/1920
f 567/1614/1921 566/2392/1922 617/501/1923
f 567/1614/1921 617/501/1923 628/331/1924
f 565/930/1925 568/497/1926 629/1542/1927
f 565/930/1925 629/1542/1927 619/2099/1928
f 569/1709/1929 567/1614/1930 628/331/1931
f 569/1709/1929 628/331/1931 626/2103/1932
f 584/2514/1933 582/1659/1934 646/964/1935
f 584/2514/1933 646/964/1935 644/2517/1936
f 602/2781/1937 600/2710/1938 661/1029/1939
f 602/2781/1937 661/1029/1939 659/895/1940
f 568/497/1941 570/2066/1942 627/1775/1943
f 568/497/1941 627/1775/1943 629/1542/1944
f 583/47/1945 585/2374/1946 645/1425/1947
f 583/47/1945 645/1425/1947 647/551/1948
f 601/1985/1949 603/2480/1950 660/2902/1951
f 601/1985/1949 660/2902/1951 662/1668/1952
f 571/1850/1953 569/1709/1954 626/2103/1955
f 571/1850/1953 626/2103/1955 624/464/1956
f 586/1724/1957 584/2514/1958 644/2517/1959
f 586/1724/1957 644/2517/1959 641/1512/1960
f 604/1597/1961 602/2781/1962 659/895/1963
f 604/1597/1961 659/895/1963 657/1327/1964
f 570/2066/1965 572/1980/1966 625/1686/1967
f 570/2066/1965 625/1686/1967 627/1775/1968
f 585/2374/1969 587/141/1970 642/1089/1971
f 585/2374/1969 642/1089/1971 645/1425/1972
f 603/2480/1973 605/800/1974 658/1940/1975
f 603/2480/1973 658/1940/1975 660/2902/1976
f 573/2776/1977 571/1850/1978 624/464/1979
f 573/2776/1977 624/464/1979 622/242/1980
f 589/1864/1981 586/1724/1982 641/1512/1983
f 589/1864/1981 641/1512/1983 614/1050/1984
f 606/791/1985 604/1597/1986 657/1327/1987
f 606/791/1985 657/1327/1987 655/1044/1988
f 572/1980/1989 574/196/1990 623/886/1991
f 572/1980/1989 623/886/1991 625/1686/1992
f 605/800/1993 607/2307/1994 656/2344/1995
f 605/800/1993 656/2344/1995 658/1940/1996
f 587/141/1997 588/1131/1998 643/2113/1999
f 587/141/1997 643/2113/1999 642/1089/2000
f 621/124/2001 611/638/2002 612/107/2003
f 621/124/2001 612/107/2003 620/435/2004
f 623/886/2005 621/124/2006 620/435/2007
f 623/886/2005 620/435/2007 622/242/2008
f 625/1686/2009 623/886/2010 622/242/2011
f 625/1686/2009 622/242/2011 624/464/2012
f 627/1775/2013 625/1686/2014 624/464/2015
f 627/1775/2013 624/464/2015 626/2103/2016
f 629/1542/2017 627/1775/2018 626/2103/2019
f 629/1542/2017 626/2103/2019 628/331/2020
f 613/2438/2021 631/2538/2022 632/1375/2023
f 613/2438/2021 632/1375/2023 630/672/2024
f 631/2538/2025 633/547/2026 634/1750/2027
f 631/2538/2025 634/1750/2027 632/1375/2028
f 633/547/2029 635/1901/2030 636/84/2031
f 633/547/2029 636/84/2031 634/1750/2032
f 635/1901/2033 637/815/2034 638/1005/2035
f 635/1901/2033 638/1005/2035 636/84/2036
f 637/815/2037 639/789/2038 640/144/2039
f 637/815/2037 640/144/2039 638/1005/2040
f 642/1089/2041 643/2113/2042 614/1050/2043
f 642/1089/2041 614/1050/2043 641/1512/2044
f 645/1425/2045 642/1089/2046 641/1512/2047
f 645/1425/2045 641/1512/2047 644/2517/2048
f 647/551/2049 645/1425/2050 644/2517/2051
f 647/551/2049 644/2517/2051 646/964/2052
f 649/1342/2053 647/551/2054 646/964/2055
f 649/1342/2053 646/964/2055 648/16/2056
f 651/1537/2057 649/1342/2058 648/16/2059
f 651/1537/2057 648/16/2059 650/2357/2060
f 639/789/2061 618/2045/2062 617/1474/2063
f 639/789/2061 617/1474/2063 640/144/2064
f 616/345/2065 651/1537/2066 650/2357/2067
f 616/345/2065 650/2357/2067 619/2663/2068
f 653/610/2069 654/2799/2070 615/1732/2071
f 653/610/2069 615/1732/2071 652/1578/2072
f 656/2344/2073 653/610/2074 652/1578/2075
f 656/2344/2073 652/1578/2075 655/1044/2076
f 658/1940/2077 656/2344/2078 655/1044/2079
f 658/1940/2077 655/1044/2079 657/1327/2080
f 660/2902/2081 658/1940/2082 657/1327/2083
f 660/2902/2081 657/1327/2083 659/895/2084
f 662/1668/2085 660/2902/2086 659/895/2087
f 662/1668/2085 659/895/2087 661/1029/2088
f 619/2099/2089 629/1542/2090 628/331/2091
f 619/2099/2089 628/331/2091 617/501/2092
f 618/2332/2093 662/1668/2094 661/1029/2095
f 618/2332/2093 661/1029/2095 616/2881/2096
f 600/2710/2097 564/1575/2098 616/2881/2099
f 600/2710/2097 616/2881/2099 661/1029/2100
f 599/2002/2101 696/1016/2102 630/672/2103
f 599/2002/2101 630/672/2103 632/1375/2104
f 579/2424/2105 581/169/2106 649/1342/2107
f 579/2424/2105 649/1342/2107 651/1537/2108
f 598/2313/2109 596/1663/2110 633/547/2111
f 598/2313/2109 633/547/2111 631/2538/2112
f 580/1486/2113 578/70/2114 650/2357/2115
f 580/1486/2113 650/2357/2115 648/16/2116
f 590/190/2117 563/2261/2118 618/2045/2119
f 590/190/2117 618/2045/2119 639/789/2120
f 597/322/2121 599/2002/2122 632/1375/2123
f 597/322/2121 632/1375/2123 634/1750/2124
f 566/2115/2125 591/1963/2126 640/144/2127
f 566/2115/2125 640/144/2127 617/1474/2128
f 596/1663/2129 594/1411/2130 635/1901/2131
f 596/1663/2129 635/1901/2131 633/547/2132
f 564/436/2133 579/2424/2134 651/1537/2135
f 564/436/2133 651/1537/2135 616/345/2136
f 578/70/2137 565/2734/2138 619/2663/2139
f 578/70/2137 619/2663/2139 650/2357/2140
f 595/179/2141 597/322/2142 634/1750/2143
f 595/179/2141 634/1750/2143 636/84/2144
f 594/1411/2145 592/811/2146 637/815/2147
f 594/1411/2145 637/815/2147 635/1901/2148
f 609/1735/2149 719/2386/2150 654/2799/2151
f 609/1735/2149 654/2799/2151 653/610/2152
f 576/170/2153 577/1348/2154 611/638/2155
f 576/170/2153 611/638/2155 621/124/2156
f 593/618/2157 595/179/2158 636/84/2159
f 593/618/2157 636/84/2159 638/1005/2160
f 610/2457/2161 608/2064/2162 652/1578/2163
f 610/2457/2161 652/1578/2163 615/1732/2164
f 592/811/2165 590/190/2166 639/789/2167
f 592/811/2165 639/789/2167 637/815/2168
f 607/2307/2169 609/1735/2170 653/610/2171
f 607/2307/2169 653/610/2171 656/2344/2172
f 591/1963/2173 593/618/2174 638/1005/2175
f 591/1963/2173 638/1005/2175 640/144/2176
f 574/196/2177 576/170/2178 621/124/2179
f 574/196/2177 621/124/2179 623/886/2180
f 608/2064/2181 606/791/2182 655/1044/2183
f 608/2064/2181 655/1044/2183 652/1578/2184
f 575/1266/2185 573/2776/2186 622/242/2187
f 575/1266/2185 622/242/2187 620/435/2188
f 618/1215/2189 616/2068/2190 666/1725/2191
f 618/1215/2189 666/1725/2191 664/2015/2192
f 619/1776/2193 617/1157/2194 663/2227/2195
f 619/1776/2193 663/2227/2195 668/134/2196
f 616/283/2197 619/2226/2198 668/265/2199
f 616/283/2197 668/265/2199 666/80/2200
f 665/938/2201 669/2470/2202 663/2795/2203
f 664/2219/2204 673/2564/2205 671/21/2206
f 664/2219/2204 671/21/2206 665/938/2207
f 666/726/2208 670/480/2209 667/1001/2210
f 668/1062/2211 669/2470/2212 670/480/2213
f 667/1001/2214 670/480/2215 672/64/2216
f 667/1001/2214 672/64/2216 671/21/2217
f 668/134/2218 663/2227/2219 669/2840/2220
f 663/903/2221 664/11/2222 665/72/2223
f 664/2015/2224 666/1725/2225 667/523/2226
f 664/2015/2224 667/523/2226 673/1225/2227
f 666/80/2228 668/265/2229 670/1456/2230
f 665/938/2231 672/64/2232 669/2470/2233
usemtl brickwall1
f 671/2140/2234 673/1403/2235 667/1156/2236
usemtl stonetrims
f 669/2470/2237 672/64/2238 670/480/2239
f 671/21/2240 672/64/2241 665/938/2242
f 524/1026/2243 702/423/2244 683/950/2245
f 524/1026/2243 683/950/2245 676/308/2246
f 589/1864/2247 614/1050/2248 690/1238/2249
f 589/1864/2247 690/1238/2249 685/2574/2250
f 577/2481/2251 546/2468/2252 679/152/2253
f 577/2481/2251 679/152/2253 682/155/2254
f 539/106/2255 589/911/2256 685/2346/2257
f 539/106/2255 685/2346/2257 678/2052/2258
f 630/672/2259 696/1016/2260 701/876/2261
f 630/672/2259 701/876/2261 692/396/2262
f 588/1453/2263 552/1320/2264 680/2309/2265
f 588/1453/2263 680/2309/2265 684/2792/2266
f 615/1732/2267 654/2799/2268 694/1338/2269
f 615/1732/2267 694/1338/2269 691/1916/2270
f 611/638/2271 577/1348/2272 682/69/2273
f 611/638/2271 682/69/2273 687/2733/2274
f 643/2113/2275 588/1131/2276 684/1176/2277
f 643/2113/2275 684/1176/2277 693/1235/2278
f 558/2312/2279 610/1987/2280 686/1547/2281
f 558/2312/2279 686/1547/2281 681/2512/2282
f 613/2438/2283 630/672/2284 692/396/2285
f 613/2438/2283 692/396/2285 689/1930/2286
f 654/2799/2287 719/2386/2288 716/282/2289
f 654/2799/2287 716/282/2289 694/1338/2290
f 719/2787/2291 514/2640/2292 674/665/2293
f 719/2787/2291 674/665/2293 716/1625/2294
f 614/1050/2295 643/2113/2296 693/1235/2297
f 614/1050/2295 693/1235/2297 690/1238/2298
f 696/490/2299 530/1866/2300 677/1162/2301
f 696/490/2299 677/1162/2301 701/285/2302
f 612/107/2303 611/638/2304 687/2733/2305
f 612/107/2303 687/2733/2305 688/1982/2306
f 520/48/2307 709/970/2308 718/1273/2309
f 520/48/2307 718/1273/2309 675/2041/2310
f 610/2457/2311 615/1732/2312 691/1916/2313
f 610/2457/2311 691/1916/2313 686/2898/2314
f 617/459/2315 618/2375/2316 664/11/2317
f 617/459/2315 664/11/2317 663/903/2318
f 708/1100/2319 704/1392/2320 528/2087/2321
f 708/1100/2319 528/2087/2321 525/626/2322
f 699/1657/2323 706/1207/2324 533/2010/2325
f 699/1657/2323 533/2010/2325 529/61/2326
f 698/1074/2327 702/423/2328 524/1026/2329
f 698/1074/2327 524/1026/2329 534/1539/2330
f 702/1181/2331 575/1266/2332 620/435/2333
f 702/1181/2331 620/435/2333 612/107/2334
usemtl brickwall1
f 703/197/2335 700/1008/2336 595/245/2337
f 703/197/2335 595/245/2337 593/1613/2338
f 700/1008/2339 697/2751/2340 597/1196/2341
f 700/1008/2339 597/1196/2341 595/245/2342
usemtl stonetrims
f 683/1066/2343 702/1181/2344 612/107/2345
f 683/1066/2343 612/107/2345 688/1982/2346
f 704/1392/2347 699/1657/2348 529/61/2349
f 704/1392/2347 529/61/2349 528/2087/2350
f 706/1207/2351 698/1074/2352 534/1539/2353
f 706/1207/2351 534/1539/2353 533/2010/2354
usemtl brickwall1
f 705/1658/2355 703/197/2356 593/1613/2357
f 705/1658/2355 593/1613/2357 591/2817/2358
f 695/2400/2359 705/1658/2360 591/2817/2361
f 695/2400/2359 591/2817/2361 566/1116/2362
usemtl stonetrims
f 695/2152/2363 708/1100/2364 525/626/2365
f 695/2152/2363 525/626/2365 532/1347/2366
usemtl brickwall1
f 697/2751/2367 707/1868/2368 599/994/2369
f 697/2751/2367 599/994/2369 597/1196/2370
f 707/1868/2371 696/2429/2372 599/994/2373
f 711/2070/2374 720/1638/2375 592/842/2376
f 711/2070/2374 592/842/2376 594/1932/2377
f 709/1570/2378 717/1973/2379 598/1124/2380
f 720/1638/2381 712/2505/2382 590/2124/2383
f 720/1638/2381 590/2124/2383 592/842/2384
usemtl stonetrims
f 713/588/2385 723/2497/2386 523/1285/2387
f 713/588/2385 523/1285/2387 515/2705/2388
f 715/2466/2389 713/588/2390 515/2705/2391
f 715/2466/2389 515/2705/2391 518/2318/2392
f 714/2119/2393 722/1280/2394 519/2093/2395
f 714/2119/2393 519/2093/2395 522/443/2396
f 719/2787/2397 721/102/2398 511/2391/2399
f 719/2787/2397 511/2391/2399 514/2640/2400
f 709/81/2401 598/2313/2402 631/2538/2403
f 709/81/2401 631/2538/2403 613/2438/2404
usemtl brickwall1
f 717/1973/2405 710/326/2406 596/2034/2407
f 717/1973/2405 596/2034/2407 598/1124/2408
f 710/326/2409 711/2070/2410 594/1932/2411
f 710/326/2409 594/1932/2411 596/2034/2412
f 712/2505/2413 723/433/2414 563/2570/2415
f 712/2505/2413 563/2570/2415 590/2124/2416
usemtl stonetrims
f 722/1280/2417 715/2466/2418 518/2318/2419
f 722/1280/2417 518/2318/2419 519/2093/2420
f 721/102/2421 714/2119/2422 522/443/2423
f 721/102/2421 522/443/2423 511/2391/2424
f 718/2707/2425 709/81/2426 613/2438/2427
f 718/2707/2425 613/2438/2427 689/1930/2428
usemtl brickwall1
f 728/77/2429 734/570/2430 585/1701/2431
f 728/77/2429 585/1701/2431 583/2063/2432
f 734/570/2433 730/1286/2434 587/486/2435
f 734/570/2433 587/486/2435 585/1701/2436
f 727/2863/2437 733/2649/2438 581/2659/2439
f 727/2863/2437 581/2659/2439 579/2254/2440
usemtl stonetrims
f 731/185/2441 726/1563/2442 551/714/2443
f 731/185/2441 551/714/2443 550/1322/2444
f 724/634/2445 725/1934/2446 555/2715/2447
f 724/634/2445 555/2715/2447 554/1407/2448
f 729/1641/2449 731/185/2450 550/1322/2451
f 729/1641/2449 550/1322/2451 559/2376/2452
usemtl brickwall1
f 732/2168/2453 727/2863/2454 579/2254/2455
f 732/2168/2453 579/2254/2455 564/1/2456
f 730/1286/2457 588/1467/2458 587/486/2459
f 733/2649/2460 728/77/2461 583/2063/2462
f 733/2649/2460 583/2063/2462 581/2659/2463
usemtl stonetrims
f 732/2073/2464 729/1641/2465 559/2376/2466
f 732/2073/2464 559/2376/2466 562/1400/2467
f 726/1563/2468 724/634/2469 554/1407/2470
f 726/1563/2468 554/1407/2470 551/714/2471
f 725/1934/2472 610/1987/2473 558/2312/2474
f 725/1934/2472 558/2312/2474 555/2715/2475
usemtl brickwall1
f 745/2927/2476 738/1738/2477 582/1185/2478
f 745/2927/2476 582/1185/2478 584/2666/2479
usemtl stonetrims
f 743/19/2480 735/2343/2481 537/1706/2482
f 743/19/2480 537/1706/2482 538/200/2483
f 744/2462/2484 742/1283/2485 541/1765/2486
f 744/2462/2484 541/1765/2486 543/1823/2487
f 739/812/2488 737/256/2489 542/664/2490
f 739/812/2488 542/664/2490 547/1598/2491
usemtl brickwall1
f 738/1738/2492 741/2747/2493 580/1255/2494
f 738/1738/2492 580/1255/2494 582/1185/2495
f 589/2416/2496 740/2477/2497 586/2706/2498
f 741/2747/2499 736/1877/2500 578/2749/2501
f 741/2747/2499 578/2749/2501 580/1255/2502
f 740/2477/2503 745/2927/2504 584/2666/2505
f 740/2477/2503 584/2666/2505 586/2706/2506
f 736/1877/2507 737/1464/2508 565/2768/2509
f 736/1877/2507 565/2768/2509 578/2749/2510
usemtl stonetrims
f 742/1283/2511 743/19/2512 538/200/2513
f 742/1283/2511 538/200/2513 541/1765/2514
f 577/2481/2515 744/2462/2516 543/1823/2517
f 577/2481/2515 543/1823/2517 546/2468/2518
f 735/2343/2519 739/812/2520 547/1598/2521
f 735/2343/2519 547/1598/2521 537/1706/2522
f 748/1489/2523 758/2432/2524 958/682/2525
f 748/1489/2523 958/682/2525 947/2027/2526
usemtl brickwall1
f 802/1293/2527 804/1838/2528 939/674/2529
f 802/1293/2527 939/674/2529 943/1216/2530
f 804/1838/2531 806/2730/2532 934/2539/2533
f 804/1838/2531 934/2539/2533 939/674/2534
f 806/2730/2535 808/195/2536 941/1148/2537
f 806/2730/2535 941/1148/2537 934/2539/2538
f 808/195/2539 810/729/2540 933/2806/2541
f 808/195/2539 933/2806/2541 941/1148/2542
f 810/729/2543 937/987/2544 933/2806/2545
f 799/188/2546 835/1208/2547 964/1535/2548
f 799/188/2546 964/1535/2548 967/351/2549
f 805/2584/2550 970/2235/2551 978/1695/2552
f 805/2584/2550 978/1695/2552 807/643/2553
f 807/643/2554 978/1695/2555 977/2035/2556
f 807/643/2554 977/2035/2556 809/2204/2557
f 809/2204/2558 977/2035/2559 979/1766/2560
f 809/2204/2558 979/1766/2560 811/2380/2561
f 811/2380/2562 979/1766/2563 812/2393/2564
usemtl stonetrims
f 792/863/2565 796/1771/2566 968/1870/2567
f 792/863/2565 968/1870/2567 962/813/2568
f 767/1528/2569 771/2775/2570 940/2755/2571
f 767/1528/2569 940/2755/2571 930/336/2572
usemtl brickwall1
f 836/2682/2573 948/1608/2574 950/203/2575
f 836/2682/2573 950/203/2575 838/1607/2576
f 838/1607/2577 950/203/2578 957/2206/2579
f 838/1607/2577 957/2206/2579 840/212/2580
f 840/212/2581 957/2206/2582 949/1419/2583
f 840/212/2581 949/1419/2583 842/2080/2584
f 842/2080/2585 949/1419/2586 956/1946/2587
f 842/2080/2585 956/1946/2587 844/2354/2588
f 844/2354/2589 956/1946/2590 954/2824/2591
f 801/2297/2592 802/1293/2593 943/1216/2594
f 801/2297/2592 943/1216/2594 930/2587/2595
f 837/2673/2596 839/1620/2597 961/819/2598
f 837/2673/2596 961/819/2598 966/1516/2599
f 839/1620/2600 841/1118/2601 959/347/2602
f 839/1620/2600 959/347/2602 961/819/2603
f 841/1118/2604 843/1662/2605 960/121/2606
f 841/1118/2604 960/121/2606 959/347/2607
f 843/1662/2608 845/36/2609 960/121/2610
f 835/1208/2611 837/2673/2612 966/1516/2613
f 835/1208/2611 966/1516/2613 964/1535/2614
usemtl stonetrims
f 770/2011/2615 761/2349/2616 942/996/2617
f 770/2011/2615 942/996/2617 932/2006/2618
f 762/1731/2619 766/304/2620 935/1436/2621
f 762/1731/2619 935/1436/2621 938/2137/2622
f 761/2349/2623 765/2040/2624 931/1679/2625
f 761/2349/2623 931/1679/2625 942/996/2626
f 766/304/2627 770/2011/2628 932/2006/2629
f 766/304/2627 932/2006/2629 935/1436/2630
usemtl brickwall1
f 803/2653/2631 974/1672/2632 970/2235/2633
f 803/2653/2631 970/2235/2633 805/2584/2634
usemtl stonetrims
f 751/962/2635 747/2447/2636 945/816/2637
f 751/962/2635 945/816/2637 952/2405/2638
f 756/1994/2639 752/1055/2640 955/100/2641
f 756/1994/2639 955/100/2641 946/1433/2642
f 797/2548/2643 792/863/2644 962/813/2645
f 797/2548/2643 962/813/2645 967/257/2646
f 755/1213/2647 751/962/2648 952/2405/2649
f 755/1213/2647 952/2405/2649 944/1142/2650
f 747/2447/2651 756/1994/2652 946/1433/2653
f 747/2447/2651 946/1433/2653 945/816/2654
f 752/1055/2655 748/1489/2656 947/2027/2657
f 752/1055/2655 947/2027/2657 955/100/2658
f 795/319/2659 787/2472/2660 823/2595/2661
f 795/319/2659 823/2595/2661 965/1885/2662
f 788/651/2663 791/1099/2664 969/2868/2665
f 788/651/2663 969/2868/2665 963/659/2666
f 771/2775/2667 762/1731/2668 938/2137/2669
f 771/2775/2667 938/2137/2669 940/2755/2670
f 791/1099/2671 795/319/2672 965/1885/2673
f 791/1099/2671 965/1885/2673 969/2868/2674
f 796/1771/2675 788/651/2676 963/659/2677
f 796/1771/2675 963/659/2677 968/1870/2678
usemtl brickwall1
f 798/756/2679 958/1633/2680 948/1608/2681
f 798/756/2679 948/1608/2681 836/2682/2682
usemtl stonetrims
f 774/300/2683 783/219/2684 975/2945/2685
f 774/300/2683 975/2945/2685 824/1069/2686
f 779/1571/2687 775/901/2688 973/594/2689
f 779/1571/2687 973/594/2689 980/1639/2690
f 784/621/2691 780/1432/2692 971/1697/2693
f 784/621/2691 971/1697/2693 976/695/2694
usemtl brickwall1
f 800/984/2695 972/2607/2696 974/1672/2697
f 800/984/2695 974/1672/2697 803/2653/2698
usemtl stonetrims
f 783/219/2699 779/1571/2700 980/1639/2701
f 783/219/2699 980/1639/2701 975/2945/2702
f 775/901/2703 784/621/2704 976/695/2705
f 775/901/2703 976/695/2705 973/594/2706
f 780/1432/2707 777/1836/2708 972/1421/2709
f 780/1432/2707 972/1421/2709 971/1697/2710
f 817/2761/2711 815/2626/2712 883/1173/2713
f 817/2761/2711 883/1173/2713 881/2121/2714
f 798/1316/2715 836/2143/2716 897/2779/2717
f 798/1316/2715 897/2779/2717 853/519/2718
f 816/1344/2719 818/1212/2720 882/1720/2721
f 816/1344/2719 882/1720/2721 884/2490/2722
f 802/2725/2723 801/592/2724 852/1687/2725
f 802/2725/2723 852/1687/2725 863/1503/2726
f 800/2089/2727 803/1683/2728 864/2667/2729
f 800/2089/2727 864/2667/2729 854/292/2730
f 804/2844/2731 802/2725/2732 863/1503/2733
f 804/2844/2731 863/1503/2733 861/2292/2734
f 819/699/2735 817/2761/2736 881/2121/2737
f 819/699/2735 881/2121/2737 879/2675/2738
f 837/15/2739 835/919/2740 896/2216/2741
f 837/15/2739 896/2216/2741 894/2069/2742
f 803/1683/2743 805/249/2744 862/2912/2745
f 803/1683/2743 862/2912/2745 864/2667/2746
f 818/1212/2747 820/571/2748 880/2567/2749
f 818/1212/2747 880/2567/2749 882/1720/2750
f 836/2143/2751 838/669/2752 895/1086/2753
f 836/2143/2751 895/1086/2753 897/2779/2754
f 806/17/2755 804/2844/2756 861/2292/2757
f 806/17/2755 861/2292/2757 859/656/2758
f 821/2855/2759 819/699/2760 879/2675/2761
f 821/2855/2759 879/2675/2761 876/2642/2762
f 839/2712/2763 837/15/2764 894/2069/2765
f 839/2712/2763 894/2069/2765 892/1508/2766
f 805/249/2767 807/145/2768 860/1872/2769
f 805/249/2767 860/1872/2769 862/2912/2770
f 820/571/2771 822/1306/2772 877/2275/2773
f 820/571/2771 877/2275/2773 880/2567/2774
f 838/669/2775 840/1989/2776 893/2101/2777
f 838/669/2775 893/2101/2777 895/1086/2778
f 808/13/2779 806/17/2780 859/656/2781
f 808/13/2779 859/656/2781 857/1408/2782
f 824/24/2783 821/2855/2784 876/2642/2785
f 824/24/2783 876/2642/2785 849/1258/2786
f 841/1983/2787 839/2712/2788 892/1508/2789
f 841/1983/2787 892/1508/2789 890/2229/2790
f 807/145/2791 809/1364/2792 858/1047/2793
f 807/145/2791 858/1047/2793 860/1872/2794
f 840/1989/2795 842/2489/2796 891/543/2797
f 840/1989/2795 891/543/2797 893/2101/2798
f 822/1306/2799 823/2305/2800 878/2301/2801
f 822/1306/2799 878/2301/2801 877/2275/2802
f 856/1291/2803 846/1802/2804 847/301/2805
f 856/1291/2803 847/301/2805 855/1637/2806
f 858/1047/2807 856/1291/2808 855/1637/2809
f 858/1047/2807 855/1637/2809 857/1408/2810
f 860/1872/2811 858/1047/2812 857/1408/2813
f 860/1872/2811 857/1408/2813 859/656/2814
f 862/2912/2815 860/1872/2816 859/656/2817
f 862/2912/2815 859/656/2817 861/2292/2818
f 864/2667/2819 862/2912/2820 861/2292/2821
f 864/2667/2819 861/2292/2821 863/1503/2822
f 848/635/2823 866/716/2824 867/1568/2825
f 848/635/2823 867/1568/2825 865/1846/2826
f 866/716/2827 868/1718/2828 869/2883/2829
f 866/716/2827 869/2883/2829 867/1568/2830
f 868/1718/2831 870/58/2832 871/1254/2833
f 868/1718/2831 871/1254/2833 869/2883/2834
f 870/58/2835 872/995/2836 873/2175/2837
f 870/58/2835 873/2175/2837 871/1254/2838
f 872/995/2839 874/1981/2840 875/1310/2841
f 872/995/2839 875/1310/2841 873/2175/2842
f 877/2275/2843 878/2301/2844 849/1258/2845
f 877/2275/2843 849/1258/2845 876/2642/2846
f 880/2567/2847 877/2275/2848 876/2642/2849
f 880/2567/2847 876/2642/2849 879/2675/2850
f 882/1720/2851 880/2567/2852 879/2675/2853
f 882/1720/2851 879/2675/2853 881/2121/2854
f 884/2490/2855 882/1720/2856 881/2121/2857
f 884/2490/2855 881/2121/2857 883/1173/2858
f 886/2665/2859 884/2490/2860 883/1173/2861
f 886/2665/2859 883/1173/2861 885/558/2862
f 874/1981/2863 853/228/2864 852/2617/2865
f 874/1981/2863 852/2617/2865 875/1310/2866
f 851/1525/2867 886/2665/2868 885/558/2869
f 851/1525/2867 885/558/2869 854/869/2870
f 888/1772/2871 889/1006/2872 850/2862/2873
f 888/1772/2871 850/2862/2873 887/2697/2874
f 891/543/2875 888/1772/2876 887/2697/2877
f 891/543/2875 887/2697/2877 890/2229/2878
f 893/2101/2879 891/543/2880 890/2229/2881
f 893/2101/2879 890/2229/2881 892/1508/2882
f 895/1086/2883 893/2101/2884 892/1508/2885
f 895/1086/2883 892/1508/2885 894/2069/2886
f 897/2779/2887 895/1086/2888 894/2069/2889
f 897/2779/2887 894/2069/2889 896/2216/2890
f 854/292/2891 864/2667/2892 863/1503/2893
f 854/292/2891 863/1503/2893 852/1687/2894
f 853/519/2895 897/2779/2896 896/2216/2897
f 853/519/2895 896/2216/2897 851/1058/2898
f 835/919/2899 799/2693/2900 851/1058/2901
f 835/919/2899 851/1058/2901 896/2216/2902
f 834/2159/2903 931/2199/2904 865/1846/2905
f 834/2159/2903 865/1846/2905 867/1568/2906
f 814/622/2907 816/1344/2908 884/2490/2909
f 814/622/2907 884/2490/2909 886/2665/2910
f 833/2496/2911 831/2771/2912 868/1718/2913
f 833/2496/2911 868/1718/2913 866/716/2914
f 815/2626/2915 813/1241/2916 885/558/2917
f 815/2626/2915 885/558/2917 883/1173/2918
f 825/364/2919 798/434/2920 853/228/2921
f 825/364/2919 853/228/2921 874/1981/2922
f 832/1492/2923 834/2159/2924 867/1568/2925
f 832/1492/2923 867/1568/2925 869/2883/2926
f 801/309/2927 826/131/2928 875/1310/2929
f 801/309/2927 875/1310/2929 852/2617/2930
f 831/2771/2931 829/2557/2932 870/58/2933
f 831/2771/2931 870/58/2933 868/1718/2934
f 799/1640/2935 814/622/2936 886/2665/2937
f 799/1640/2935 886/2665/2937 851/1525/2938
f 813/1241/2939 800/2926/2940 854/869/2941
f 813/1241/2939 854/869/2941 885/558/2942
f 830/1353/2943 832/1492/2944 869/2883/2945
f 830/1353/2943 869/2883/2945 871/1254/2946
f 829/2557/2947 827/1996/2948 872/995/2949
f 829/2557/2947 872/995/2949 870/58/2950
f 844/2866/2951 954/2569/2952 889/1006/2953
f 844/2866/2951 889/1006/2953 888/1772/2954
f 811/1345/2955 812/2498/2956 846/1802/2957
f 811/1345/2955 846/1802/2957 856/1291/2958
f 828/1787/2959 830/1353/2960 871/1254/2961
f 828/1787/2959 871/1254/2961 873/2175/2962
f 845/646/2963 843/248/2964 887/2697/2965
f 845/646/2963 887/2697/2965 850/2862/2966
f 827/1996/2967 825/364/2968 874/1981/2969
f 827/1996/2967 874/1981/2969 872/995/2970
f 842/2489/2971 844/2866/2972 888/1772/2973
f 842/2489/2971 888/1772/2973 891/543/2974
f 826/131/2975 828/1787/2976 873/2175/2977
f 826/131/2975 873/2175/2977 875/1310/2978
f 809/1364/2979 811/1345/2980 856/1291/2981
f 809/1364/2979 856/1291/2981 858/1047/2982
f 843/248/2983 841/1983/2984 890/2229/2985
f 843/248/2983 890/2229/2985 887/2697/2986
f 810/2408/2987 808/13/2988 857/1408/2989
f 810/2408/2987 857/1408/2989 855/1637/2990
f 853/2367/2991 851/251/2992 901/1925/2993
f 853/2367/2991 901/1925/2993 899/183/2994
f 854/1977/2995 852/2331/2996 898/399/2997
f 854/1977/2995 898/399/2997 903/1303/2998
f 851/1448/2999 854/400/3000 903/1429/3001
f 851/1448/2999 903/1429/3001 901/1253/3002
f 900/1098/3003 904/2633/3004 898/30/3005
f 899/388/3006 908/745/3007 906/1180/3008
f 899/388/3006 906/1180/3008 900/1098/3009
f 901/921/3010 905/1667/3011 902/2167/3012
f 903/2247/3013 904/2633/3014 905/1667/3015
f 902/2167/3016 905/1667/3017 907/252/3018
f 902/2167/3016 907/252/3018 906/1180/3019
f 903/1303/3020 898/399/3021 904/1028/3022
f 898/1065/3023 899/1160/3024 900/1247/3025
f 899/183/3026 901/1925/3027 902/703/3028
f 899/183/3026 902/703/3028 908/2377/3029
f 901/1253/3030 903/1429/3031 905/2598/3032
f 900/1098/3033 907/252/3034 904/2633/3035
usemtl brickwall1
f 906/327/3036 908/2551/3037 902/2329/3038
usemtl stonetrims
f 904/2633/3039 907/252/3040 905/1667/3041
f 906/1180/3042 907/252/3043 900/1098/3044
f 759/2212/3045 937/623/3046 918/2110/3047
f 759/2212/3045 918/2110/3047 911/1473/3048
f 824/24/3049 849/1258/3050 925/2387/3051
f 824/24/3049 925/2387/3051 920/760/3052
f 812/670/3053 781/654/3054 914/1321/3055
f 812/670/3053 914/1321/3055 917/1323/3056
f 774/300/3057 824/1069/3058 920/545/3059
f 774/300/3057 920/545/3059 913/234/3060
f 865/1846/3061 931/2199/3062 936/2048/3063
f 865/1846/3061 936/2048/3063 927/1589/3064
f 823/2595/3065 787/2472/3066 915/2492/3067
f 823/2595/3065 915/2492/3067 919/27/3068
f 850/2862/3069 889/1006/3070 929/2484/3071
f 850/2862/3069 929/2484/3071 926/71/3072
f 846/1802/3073 812/2498/3074 917/1239/3075
f 846/1802/3073 917/1239/3075 922/959/3076
f 878/2301/3077 823/2305/3078 919/2338/3079
f 878/2301/3077 919/2338/3079 928/2385/3080
f 793/488/3081 845/153/3082 921/2671/3083
f 793/488/3081 921/2671/3083 916/697/3084
f 848/635/3085 865/1846/3086 927/1589/3087
f 848/635/3085 927/1589/3087 924/87/3088
f 889/1006/3089 954/2569/3090 951/1447/3091
f 889/1006/3089 951/1447/3091 929/2484/3092
f 954/999/3093 749/843/3094 909/1835/3095
f 954/999/3093 909/1835/3095 951/1800/3096
f 849/1258/3097 878/2301/3098 928/2385/3099
f 849/1258/3097 928/2385/3099 925/2387/3100
f 931/1679/3101 765/2040/3102 912/1371/3103
f 931/1679/3101 912/1371/3103 936/449/3104
f 847/301/3105 846/1802/3106 922/959/3107
f 847/301/3105 922/959/3107 923/148/3108
f 755/1213/3109 944/1142/3110 953/2417/3111
f 755/1213/3109 953/2417/3111 910/223/3112
f 845/646/3113 850/2862/3114 926/71/3115
f 845/646/3113 926/71/3115 921/1079/3116
f 852/650/3117 853/572/3118 899/1160/3119
f 852/650/3117 899/1160/3119 898/1065/3120
f 943/2288/3121 939/2541/3122 763/2270/3123
f 943/2288/3121 763/2270/3123 760/1795/3124
f 934/2759/3125 941/1402/3126 768/175/3127
f 934/2759/3125 768/175/3127 764/1226/3128
f 933/1294/3129 937/623/3130 759/2212/3131
f 933/1294/3129 759/2212/3131 769/1716/3132
f 937/1386/3133 810/2408/3134 855/1637/3135
f 937/1386/3133 855/1637/3135 847/301/3136
usemtl brickwall1
f 938/1365/3137 935/2181/3138 830/1412/3139
f 938/1365/3137 830/1412/3139 828/1786/3140
f 935/2181/3141 932/969/3142 832/2347/3143
f 935/2181/3141 832/2347/3143 830/1412/3144
usemtl stonetrims
f 918/2252/3145 937/1386/3146 847/301/3147
f 918/2252/3145 847/301/3147 923/148/3148
f 939/2541/3149 934/2759/3150 764/1226/3151
f 939/2541/3149 764/1226/3151 763/2270/3152
f 941/1402/3153 933/1294/3154 769/1716/3155
f 941/1402/3153 769/1716/3155 768/175/3156
usemtl brickwall1
f 940/2760/3157 938/1365/3158 828/1786/3159
f 940/2760/3157 828/1786/3159 826/1015/3160
f 930/2587/3161 940/2760/3162 826/1015/3163
f 930/2587/3161 826/1015/3163 801/2297/3164
usemtl stonetrims
f 930/336/3165 943/2288/3166 760/1795/3167
f 930/336/3165 760/1795/3167 767/1528/3168
usemtl brickwall1
f 932/969/3169 942/2044/3170 834/2156/3171
f 932/969/3169 834/2156/3171 832/2347/3172
f 942/2044/3173 931/627/3174 834/2156/3175
f 946/258/3176 955/2744/3177 827/1012/3178
f 946/258/3176 827/1012/3178 829/90/3179
f 944/2687/3180 952/139/3181 833/2302/3182
f 955/2744/3183 947/691/3184 825/317/3185
f 955/2744/3183 825/317/3185 827/1012/3186
usemtl stonetrims
f 948/758/3187 958/682/3188 758/2432/3189
f 948/758/3187 758/2432/3189 750/2892/3190
f 950/653/3191 948/758/3192 750/2892/3193
f 950/653/3191 750/2892/3193 753/495/3194
f 949/312/3195 957/2425/3196 754/284/3197
f 949/312/3195 754/284/3197 757/1645/3198
f 954/999/3199 956/1271/3200 746/591/3201
f 954/999/3199 746/591/3201 749/843/3202
f 944/277/3203 833/2496/3204 866/716/3205
f 944/277/3203 866/716/3205 848/635/3206
usemtl brickwall1
f 952/139/3207 945/1499/3208 831/214/3209
f 952/139/3207 831/214/3209 833/2302/3210
f 945/1499/3211 946/258/3212 829/90/3213
f 945/1499/3211 829/90/3213 831/214/3214
f 947/691/3215 958/1633/3216 798/756/3217
f 947/691/3215 798/756/3217 825/317/3218
usemtl stonetrims
f 957/2425/3219 950/653/3220 753/495/3221
f 957/2425/3219 753/495/3221 754/284/3222
f 956/1271/3223 949/312/3224 757/1645/3225
f 956/1271/3223 757/1645/3225 746/591/3226
f 953/916/3227 944/277/3228 848/635/3229
f 953/916/3227 848/635/3229 924/87/3230
usemtl brickwall1
f 963/268/3231 969/1740/3232 820/2826/3233
f 963/268/3231 820/2826/3233 818/246/3234
f 969/1740/3235 965/2433/3236 822/1674/3237
f 969/1740/3235 822/1674/3237 820/2826/3238
f 962/1049/3239 968/851/3240 816/865/3241
f 962/1049/3239 816/865/3241 814/430/3242
usemtl stonetrims
f 966/1356/3243 961/2679/3244 786/1911/3245
f 966/1356/3243 786/1911/3245 785/2473/3246
f 959/802/3247 960/93/3248 790/933/3249
f 959/802/3247 790/933/3249 789/2554/3250
f 964/1810/3251 966/1356/3252 785/2473/3253
f 964/1810/3251 785/2473/3253 794/576/3254
usemtl brickwall1
f 967/351/3255 962/1049/3256 814/430/3257
f 967/351/3255 814/430/3257 799/188/3258
f 965/2433/3259 823/2610/3260 822/1674/3261
f 968/851/3262 963/268/3263 818/246/3264
f 968/851/3262 818/246/3264 816/865/3265
usemtl stonetrims
f 967/257/3266 964/1810/3267 794/576/3268
f 967/257/3266 794/576/3268 797/2548/3269
f 961/2679/3270 959/802/3271 789/2554/3272
f 961/2679/3270 789/2554/3272 786/1911/3273
f 960/93/3274 845/153/3275 793/488/3276
f 960/93/3274 793/488/3276 790/933/3277
usemtl brickwall1
f 980/159/3278 973/2870/3279 817/2341/3280
f 980/159/3278 817/2341/3280 819/873/3281
usemtl stonetrims
f 978/213/3282 970/542/3283 772/2838/3284
f 978/213/3282 772/2838/3284 773/1370/3285
f 979/649/3286 977/2427/3287 776/2904/3288
f 979/649/3286 776/2904/3288 778/2014/3289
f 974/1997/3290 972/1421/3291 777/1836/3292
f 974/1997/3290 777/1836/3292 782/2713/3293
usemtl brickwall1
f 973/2870/3294 976/2941/3295 815/2398/3296
f 973/2870/3294 815/2398/3296 817/2341/3297
f 824/617/3298 975/2637/3299 821/2894/3300
f 976/2941/3301 971/2050/3302 813/966/3303
f 976/2941/3301 813/966/3303 815/2398/3304
f 975/2637/3305 980/159/3306 819/873/3307
f 975/2637/3305 819/873/3307 821/2894/3308
f 971/2050/3309 972/2607/3310 800/984/3311
f 971/2050/3309 800/984/3311 813/966/3312
usemtl stonetrims
f 977/2427/3313 978/213/3314 773/1370/3315
f 977/2427/3313 773/1370/3315 776/2904/3316
f 812/670/3317 979/649/3318 778/2014/3319
f 812/670/3317 778/2014/3319 781/654/3320
f 970/542/3321 974/1997/3322 782/2713/3323
f 970/542/3321 782/2713/3323 772/2838/3324
f 983/1680/3325 993/632/3326 1193/1859/3327
f 983/1680/3325 1193/1859/3327 1182/205/3328
usemtl brickwall1
f 1037/2444/3329 1039/8/3330 1174/1848/3331
f 1037/2444/3329 1174/1848/3331 1178/2368/3332
f 1039/8/3333 1041/951/3334 1169/717/3335
f 1039/8/3333 1169/717/3335 1174/1848/3336
f 1041/951/3337 1043/1363/3338 1176/2320/3339
f 1041/951/3337 1176/2320/3339 1169/717/3340
f 1043/1363/3341 1045/923/3342 1168/1010/3343
f 1043/1363/3341 1168/1010/3343 1176/2320/3344
f 1045/923/3345 1172/2148/3346 1168/1010/3347
f 1034/1358/3348 1070/2358/3349 1199/1711/3350
f 1034/1358/3348 1199/1711/3350 1202/1531/3351
f 1040/769/3352 1205/408/3353 1213/2818/3354
f 1040/769/3352 1213/2818/3354 1042/1814/3355
f 1042/1814/3356 1213/2818/3357 1212/2214/3358
f 1042/1814/3356 1212/2214/3358 1044/376/3359
f 1044/376/3360 1212/2214/3361 1214/2905/3362
f 1044/376/3360 1214/2905/3362 1046/581/3363
f 1046/581/3364 1214/2905/3365 1047/593/3366
usemtl stonetrims
f 1027/2037/3367 1031/1974/3368 1203/31/3369
f 1027/2037/3367 1203/31/3369 1197/1998/3370
f 1002/2656/3371 1006/991/3372 1175/974/3373
f 1002/2656/3371 1175/974/3373 1165/1514/3374
usemtl brickwall1
f 1071/2871/3375 1183/2718/3376 1185/1372/3377
f 1071/2871/3375 1185/1372/3377 1073/1773/3378
f 1073/1773/3379 1185/1372/3380 1192/2373/3381
f 1073/1773/3379 1192/2373/3381 1075/1380/3382
f 1075/1380/3383 1192/2373/3384 1184/1615/3385
f 1075/1380/3383 1184/1615/3385 1077/2255/3386
f 1077/2255/3387 1184/1615/3388 1191/108/3389
f 1077/2255/3387 1191/108/3389 1079/557/3390
f 1079/557/3391 1191/108/3392 1189/53/3393
f 1036/471/3394 1037/2444/3395 1178/2368/3396
f 1036/471/3394 1178/2368/3396 1165/775/3397
f 1072/884/3398 1074/2727/3399 1196/2007/3400
f 1072/884/3398 1196/2007/3400 1201/2644/3401
f 1074/2727/3402 1076/2299/3403 1194/1526/3404
f 1074/2727/3402 1194/1526/3404 1196/2007/3405
f 1076/2299/3406 1078/1833/3407 1195/1287/3408
f 1076/2299/3406 1195/1287/3408 1194/1526/3409
f 1078/1833/3410 1080/1202/3411 1195/1287/3412
f 1070/2358/3413 1072/884/3414 1201/2644/3415
f 1070/2358/3413 1201/2644/3415 1199/1711/3416
usemtl stonetrims
f 1005/176/3417 996/549/3418 1177/2162/3419
f 1005/176/3417 1177/2162/3419 1167/171/3420
f 997/1928/3421 1001/1468/3422 1170/2582/3423
f 997/1928/3421 1170/2582/3423 1173/325/3424
f 996/549/3425 1000/222/3426 1166/2791/3427
f 996/549/3425 1166/2791/3427 1177/2162/3428
f 1001/1468/3429 1005/176/3430 1167/171/3431
f 1001/1468/3429 1167/171/3431 1170/2582/3432
usemtl brickwall1
f 1038/2833/3433 1209/1853/3434 1205/408/3435
f 1038/2833/3433 1205/408/3435 1040/769/3436
usemtl stonetrims
f 986/2117/3437 982/640/3438 1180/2003/3439
f 986/2117/3437 1180/2003/3439 1187/2592/3440
f 991/162/3441 987/2237/3442 1190/1270/3443
f 991/162/3441 1190/1270/3443 1181/2577/3444
f 1032/731/3445 1027/2037/3446 1197/1998/3447
f 1032/731/3445 1197/1998/3447 1202/1422/3448
f 990/2365/3449 986/2117/3450 1187/2592/3451
f 990/2365/3449 1187/2592/3451 1179/2314/3452
f 982/640/3453 991/162/3454 1181/2577/3455
f 982/640/3453 1181/2577/3455 1180/2003/3456
f 987/2237/3457 983/1680/3458 1182/205/3459
f 987/2237/3457 1182/205/3459 1190/1270/3460
f 1030/1488/3461 1022/660/3462 1058/782/3463
f 1030/1488/3461 1058/782/3463 1200/42/3464
f 1023/827/3465 1026/2286/3466 1204/1053/3467
f 1023/827/3465 1204/1053/3467 1198/1834/3468
f 1006/991/3469 997/1928/3470 1173/325/3471
f 1006/991/3469 1173/325/3471 1175/974/3472
f 1026/2286/3473 1030/1488/3474 1200/42/3475
f 1026/2286/3473 1200/42/3475 1204/1053/3476
f 1031/1974/3477 1023/827/3478 1198/1834/3479
f 1031/1974/3477 1198/1834/3479 1203/31/3480
usemtl brickwall1
f 1033/1951/3481 1193/1805/3482 1183/2718/3483
f 1033/1951/3481 1183/2718/3483 1071/2871/3484
usemtl stonetrims
f 1009/1465/3485 1018/1387/3486 1210/1146/3487
f 1009/1465/3485 1210/1146/3487 1059/2256/3488
f 1014/1748/3489 1010/1064/3490 1208/1756/3491
f 1014/1748/3489 1208/1756/3491 1215/2745/3492
f 1019/792/3493 1015/2575/3494 1206/2820/3495
f 1019/792/3493 1206/2820/3495 1211/1875/3496
usemtl brickwall1
f 1035/1153/3497 1207/2767/3498 1209/1853/3499
f 1035/1153/3497 1209/1853/3499 1038/2833/3500
usemtl stonetrims
f 1018/1387/3501 1014/1748/3502 1215/2745/3503
f 1018/1387/3501 1215/2745/3503 1210/1146/3504
f 1010/1064/3505 1019/792/3506 1211/1875/3507
f 1010/1064/3505 1211/1875/3507 1208/1756/3508
f 1015/2575/3509 1012/6/3510 1207/2563/3511
f 1015/2575/3509 1207/2563/3511 1206/2820/3512
f 1052/978/3513 1050/820/3514 1118/2336/3515
f 1052/978/3513 1118/2336/3515 1116/313/3516
f 1033/2469/3517 1071/329/3518 1132/993/3519
f 1033/2469/3517 1132/993/3519 1088/1698/3520
f 1051/2493/3521 1053/2366/3522 1117/2853/3523
f 1051/2493/3521 1117/2853/3523 1119/2654/3524
f 1037/944/3525 1036/761/3526 1087/2797/3527
f 1037/944/3525 1087/2797/3527 1098/2634/3528
f 1035/281/3529 1038/2793/3530 1099/874/3531
f 1035/281/3529 1099/874/3531 1089/1457/3532
f 1039/65/3533 1037/944/3534 1098/2634/3535
f 1039/65/3533 1098/2634/3535 1096/463/3536
f 1054/1882/3537 1052/978/3538 1116/313/3539
f 1054/1882/3537 1116/313/3539 1114/885/3540
f 1072/1167/3541 1070/1080/3542 1131/2383/3543
f 1072/1167/3541 1131/2383/3543 1129/253/3544
f 1038/2793/3545 1040/1415/3546 1097/142/3547
f 1038/2793/3545 1097/142/3547 1099/874/3548
f 1053/2366/3549 1055/1741/3550 1115/753/3551
f 1053/2366/3549 1115/753/3551 1117/2853/3552
f 1071/329/3553 1073/1842/3554 1130/2273/3555
f 1071/329/3553 1130/2273/3555 1132/993/3556
f 1041/1174/3557 1039/65/3558 1096/463/3559
f 1041/1174/3557 1096/463/3559 1094/1830/3560
f 1056/1043/3561 1054/1882/3562 1114/885/3563
f 1056/1043/3561 1114/885/3563 1111/844/3564
f 1074/925/3565 1072/1167/3566 1129/253/3567
f 1074/925/3565 1129/253/3567 1127/2636/3568
f 1040/1415/3569 1042/324/3570 1095/32/3571
f 1040/1415/3569 1095/32/3571 1097/142/3572
f 1055/1741/3573 1057/2459/3574 1112/446/3575
f 1055/1741/3573 1112/446/3575 1115/753/3576
f 1073/1842/3577 1075/2146/3578 1128/295/3579
f 1073/1842/3577 1128/295/3579 1130/2273/3580
f 1043/1164/3581 1041/1174/3582 1094/1830/3583
f 1043/1164/3581 1094/1830/3583 1092/2556/3584
f 1059/1184/3585 1056/1043/3586 1111/844/3587
f 1059/1184/3585 1111/844/3587 1084/2403/3588
f 1076/2138/3589 1074/925/3590 1127/2636/3591
f 1076/2138/3589 1127/2636/3591 1125/402/3592
f 1042/324/3593 1044/1555/3594 1093/2231/3595
f 1042/324/3593 1093/2231/3595 1095/32/3596
f 1075/2146/3597 1077/676/3598 1126/720/3599
f 1075/2146/3597 1126/720/3599 1128/295/3600
f 1057/2459/3601 1058/2485/3602 1113/472/3603
f 1057/2459/3601 1113/472/3603 1112/446/3604
f 1091/2439/3605 1081/2931/3606 1082/1466/3607
f 1091/2439/3605 1082/1466/3607 1090/1808/3608
f 1093/2231/3609 1091/2439/3610 1090/1808/3611
f 1093/2231/3609 1090/1808/3611 1092/2556/3612
f 1095/32/3613 1093/2231/3614 1092/2556/3615
f 1095/32/3613 1092/2556/3615 1094/1830/3616
f 1097/142/3617 1095/32/3618 1094/1830/3619
f 1097/142/3617 1094/1830/3619 1096/463/3620
f 1099/874/3621 1097/142/3622 1096/463/3623
f 1099/874/3621 1096/463/3623 1098/2634/3624
f 1083/805/3625 1101/1912/3626 1102/2684/3627
f 1083/805/3625 1102/2684/3627 1100/14/3628
f 1101/1912/3629 1103/1922/3630 1104/1060/3631
f 1101/1912/3629 1104/1060/3631 1102/2684/3632
f 1103/1922/3633 1105/247/3634 1106/2397/3635
f 1103/1922/3633 1106/2397/3635 1104/1060/3636
f 1105/247/3637 1107/2160/3638 1108/356/3639
f 1105/247/3637 1108/356/3639 1106/2397/3640
f 1107/2160/3641 1109/147/3642 1110/1494/3643
f 1107/2160/3641 1110/1494/3643 1108/356/3644
f 1112/446/3645 1113/472/3646 1084/2403/3647
f 1112/446/3645 1084/2403/3647 1111/844/3648
f 1115/753/3649 1112/446/3650 1111/844/3651
f 1115/753/3649 1111/844/3651 1114/885/3652
f 1117/2853/3653 1115/753/3654 1114/885/3655
f 1117/2853/3653 1114/885/3655 1116/313/3656
f 1119/2654/3657 1117/2853/3658 1116/313/3659
f 1119/2654/3657 1116/313/3659 1118/2336/3660
f 1121/2849/3661 1119/2654/3662 1118/2336/3663
f 1121/2849/3661 1118/2336/3663 1120/1729/3664
f 1109/147/3665 1088/1395/3666 1087/804/3667
f 1109/147/3665 1087/804/3667 1110/1494/3668
f 1086/1704/3669 1121/2849/3670 1120/1729/3671
f 1086/1704/3669 1120/1729/3671 1089/2043/3672
f 1123/2909/3673 1124/1193/3674 1085/1048/3675
f 1123/2909/3673 1085/1048/3675 1122/902/3676
f 1126/720/3677 1123/2909/3678 1122/902/3679
f 1126/720/3677 1122/902/3679 1125/402/3680
f 1128/295/3681 1126/720/3682 1125/402/3683
f 1128/295/3681 1125/402/3683 1127/2636/3684
f 1130/2273/3685 1128/295/3686 1127/2636/3687
f 1130/2273/3685 1127/2636/3687 1129/253/3688
f 1132/993/3689 1130/2273/3690 1129/253/3691
f 1132/993/3689 1129/253/3691 1131/2383/3692
f 1089/1457/3693 1099/874/3694 1098/2634/3695
f 1089/1457/3693 1098/2634/3695 1087/2797/3696
f 1088/1698/3697 1132/993/3698 1131/2383/3699
f 1088/1698/3697 1131/2383/3699 1086/2243/3700
f 1070/1080/3701 1034/898/3702 1086/2243/3703
f 1070/1080/3701 1086/2243/3703 1131/2383/3704
f 1069/343/3705 1166/373/3706 1100/14/3707
f 1069/343/3705 1100/14/3707 1102/2684/3708
f 1049/795/3709 1051/2493/3710 1119/2654/3711
f 1049/795/3709 1119/2654/3711 1121/2849/3712
f 1068/681/3713 1066/988/3714 1103/1922/3715
f 1068/681/3713 1103/1922/3715 1101/1912/3716
f 1050/820/3717 1048/2389/3718 1120/1729/3719
f 1050/820/3717 1120/1729/3719 1118/2336/3720
f 1060/1550/3721 1033/1634/3722 1088/1395/3723
f 1060/1550/3721 1088/1395/3723 1109/147/3724
f 1067/2629/3725 1069/343/3726 1102/2684/3727
f 1067/2629/3725 1102/2684/3727 1104/1060/3728
f 1036/475/3729 1061/314/3730 1110/1494/3731
f 1036/475/3729 1110/1494/3731 1087/804/3732
f 1066/988/3733 1064/2717/3734 1105/247/3735
f 1066/988/3733 1105/247/3735 1103/1922/3736
f 1034/1809/3737 1049/795/3738 1121/2849/3739
f 1034/1809/3737 1121/2849/3739 1086/1704/3740
f 1048/2389/3741 1035/1120/3742 1089/2043/3743
f 1048/2389/3741 1089/2043/3743 1120/1729/3744
f 1065/2503/3745 1067/2629/3746 1104/1060/3747
f 1065/2503/3745 1104/1060/3747 1106/2397/3748
f 1064/2717/3749 1062/164/3750 1107/2160/3751
f 1064/2717/3749 1107/2160/3751 1105/247/3752
f 1079/1051/3753 1189/754/3754 1124/1193/3755
f 1079/1051/3753 1124/1193/3755 1123/2909/3756
f 1046/2494/3757 1047/683/3758 1081/2931/3759
f 1046/2494/3757 1081/2931/3759 1091/2439/3760
f 1063/2920/3761 1065/2503/3762 1106/2397/3763
f 1063/2920/3761 1106/2397/3763 1108/356/3764
f 1080/1820/3765 1078/413/3766 1122/902/3767
f 1080/1820/3765 1122/902/3767 1085/1048/3768
f 1062/164/3769 1060/1550/3770 1109/147/3771
f 1062/164/3769 1109/147/3771 1107/2160/3772
f 1077/676/3773 1079/1051/3774 1123/2909/3775
f 1077/676/3773 1123/2909/3775 1126/720/3776
f 1061/314/3777 1063/2920/3778 1108/356/3779
f 1061/314/3777 1108/356/3779 1110/1494/3780
f 1044/1555/3781 1046/2494/3782 1091/2439/3783
f 1044/1555/3781 1091/2439/3783 1093/2231/3784
f 1078/413/3785 1076/2138/3786 1125/402/3787
f 1078/413/3785 1125/402/3787 1122/902/3788
f 1045/611/3789 1043/1164/3790 1092/2556/3791
f 1045/611/3789 1092/2556/3791 1090/1808/3792
f 1088/565/3793 1086/1417/3794 1136/82/3795
f 1088/565/3793 1136/82/3795 1134/1355/3796
f 1089/143/3797 1087/515/3798 1133/1592/3799
f 1089/143/3797 1133/1592/3799 1138/2453/3800
f 1086/2589/3801 1089/1593/3802 1138/2571/3803
f 1086/2589/3801 1138/2571/3803 1136/2395/3804
f 1135/2287/3805 1139/835/3806 1133/1192/3807
f 1134/1580/3808 1143/945/3809 1141/2339/3810
f 1134/1580/3808 1141/2339/3810 1135/2287/3811
f 1136/2086/3812 1140/2778/3813 1137/349/3814
f 1138/422/3815 1139/835/3816 1140/2778/3817
f 1137/349/3818 1140/2778/3819 1142/1418/3820
f 1137/349/3818 1142/1418/3820 1141/2339/3821
f 1138/2453/3822 1133/1592/3823 1139/1231/3824
f 1133/2250/3825 1134/1368/3826 1135/1431/3827
f 1134/1355/3828 1136/82/3829 1137/1892/3830
f 1134/1355/3828 1137/1892/3830 1143/578/3831
f 1136/2395/3832 1138/2571/3833 1140/788/3834
f 1135/2287/3835 1142/1418/3836 1139/835/3837
usemtl brickwall1
f 1141/505/3838 1143/733/3839 1137/512/3840
usemtl stonetrims
f 1139/835/3841 1142/1418/3842 1140/2778/3843
f 1141/2339/3844 1142/1418/3845 1135/2287/3846
f 994/381/3847 1172/1791/3848 1153/2296/3849
f 994/381/3847 1153/2296/3849 1146/2615/3850
f 1059/1184/3851 1084/2403/3852 1160/587/3853
f 1059/1184/3851 1160/587/3853 1155/1958/3854
f 1047/1844/3855 1016/829/3856 1149/1504/3857
f 1047/1844/3855 1149/1504/3857 1152/1505/3858
f 1009/1465/3859 1059/2256/3860 1155/1717/3861
f 1009/1465/3859 1155/1717/3861 1148/1398/3862
f 1100/14/3863 1166/373/3864 1171/230/3865
f 1100/14/3863 1171/230/3865 1162/2708/3866
f 1058/782/3867 1022/660/3868 1150/679/3869
f 1058/782/3867 1150/679/3869 1154/1187/3870
f 1085/1048/3871 1124/1193/3872 1164/673/3873
f 1085/1048/3871 1164/673/3873 1161/1245/3874
f 1081/2931/3875 1047/683/3876 1152/2388/3877
f 1081/2931/3875 1152/2388/3877 1157/1119/3878
f 1113/472/3879 1058/2485/3880 1154/533/3881
f 1113/472/3879 1154/533/3881 1163/585/3882
f 1028/1675/3883 1080/1324/3884 1156/880/3885
f 1028/1675/3883 1156/880/3885 1151/1878/3886
f 1083/805/3887 1100/14/3888 1162/2708/3889
f 1083/805/3887 1162/2708/3889 1159/1257/3890
f 1124/1193/3891 1189/754/3892 1186/1650/3893
f 1124/1193/3891 1186/1650/3893 1164/673/3894
f 1189/2165/3895 984/1013/3896 1144/2021/3897
f 1189/2165/3895 1144/2021/3897 1186/2928/3898
f 1084/2403/3899 1113/472/3900 1163/585/3901
f 1084/2403/3899 1163/585/3901 1160/587/3902
f 1166/2791/3903 1000/222/3904 1147/2522/3905
f 1166/2791/3903 1147/2522/3905 1171/1653/3906
f 1082/1466/3907 1081/2931/3908 1157/1119/3909
f 1082/1466/3907 1157/1119/3909 1158/1314/3910
f 990/2365/3911 1179/2314/3912 1188/619/3913
f 990/2365/3911 1188/619/3913 1145/385/3914
f 1080/1820/3915 1085/1048/3916 1161/1245/3917
f 1080/1820/3915 1161/1245/3917 1156/1296/3918
f 1087/1825/3919 1088/1743/3920 1134/1368/3921
f 1087/1825/3919 1134/1368/3921 1133/2250/3922
f 1178/460/3923 1174/718/3924 998/440/3925
f 1178/460/3923 998/440/3925 995/2924/3926
f 1169/976/3927 1176/2550/3928 1003/1350/3929
f 1169/976/3927 1003/1350/3929 999/1416/3930
f 1168/2445/3931 1172/1791/3932 994/381/3933
f 1168/2445/3931 994/381/3933 1004/2850/3934
f 1172/2536/3935 1045/611/3936 1090/1808/3937
f 1172/2536/3935 1090/1808/3937 1082/1466/3938
usemtl brickwall1
f 1173/2519/3939 1170/361/3940 1065/2558/3941
f 1173/2519/3939 1065/2558/3941 1063/2919/3942
f 1170/361/3943 1167/1141/3944 1067/546/3945
f 1170/361/3943 1067/546/3945 1065/2558/3946
usemtl stonetrims
f 1153/426/3947 1172/2536/3948 1082/1466/3949
f 1153/426/3947 1082/1466/3949 1158/1314/3950
f 1174/718/3951 1169/976/3952 999/1416/3953
f 1174/718/3951 999/1416/3953 998/440/3954
f 1176/2550/3955 1168/2445/3956 1004/2850/3957
f 1176/2550/3955 1004/2850/3957 1003/1350/3958
usemtl brickwall1
f 1175/977/3959 1173/2519/3960 1063/2919/3961
f 1175/977/3959 1063/2919/3961 1061/2195/3962
f 1165/775/3963 1175/977/3964 1061/2195/3965
f 1165/775/3963 1061/2195/3965 1036/471/3966
usemtl stonetrims
f 1165/1514/3967 1178/460/3968 995/2924/3969
f 1165/1514/3967 995/2924/3969 1002/2656/3970
usemtl brickwall1
f 1167/1141/3971 1177/226/3972 1069/340/3973
f 1167/1141/3971 1069/340/3973 1067/546/3974
f 1177/226/3975 1166/801/3976 1069/340/3977
f 1181/1423/3978 1190/965/3979 1062/2193/3980
f 1181/1423/3978 1062/2193/3980 1064/286/3981
f 1179/892/3982 1187/321/3983 1068/476/3984
f 1190/965/3985 1182/1869/3986 1060/1485/3987
f 1190/965/3985 1060/1485/3987 1062/2193/3988
usemtl stonetrims
f 1183/1953/3989 1193/1859/3990 993/632/3991
f 1183/1953/3989 993/632/3991 985/1070/3992
f 1185/1827/3993 1183/1953/3994 985/1070/3995
f 1185/1827/3993 985/1070/3995 988/688/3996
f 1184/1479/3997 1192/624/3998 989/1450/3999
f 1184/1479/3997 989/1450/3999 992/2748/4000
f 1189/2165/4001 1191/1461/4002 981/1755/4003
f 1189/2165/4001 981/1755/4003 984/1013/4004
f 1179/1439/4005 1068/681/4006 1101/1912/4007
f 1179/1439/4005 1101/1912/4007 1083/805/4008
usemtl brickwall1
f 1187/321/4009 1180/2631/4010 1066/382/4011
f 1187/321/4009 1066/382/4011 1068/476/4012
f 1180/2631/4013 1181/1423/4014 1064/286/4015
f 1180/2631/4013 1064/286/4015 1066/382/4016
f 1182/1869/4017 1193/1805/4018 1033/1951/4019
f 1182/1869/4017 1033/1951/4019 1060/1485/4020
usemtl stonetrims
f 1192/624/4021 1185/1827/4022 988/688/4023
f 1192/624/4021 988/688/4023 989/1450/4024
f 1191/1461/4025 1184/1479/4026 992/2748/4027
f 1191/1461/4025 992/2748/4027 981/1755/4028
f 1188/2084/4029 1179/1439/4030 1083/805/4031
f 1188/2084/4029 1083/805/4031 1159/1257/4032
usemtl brickwall1
f 1198/1434/4033 1204/2874/4034 1055/54/4035
f 1198/1434/4033 1055/54/4035 1053/412/4036
f 1204/2874/4037 1200/2616/4038 1057/1854/4039
f 1204/2874/4037 1057/1854/4039 1055/54/4040
f 1197/2234/4041 1203/2028/4042 1051/2039/4043
f 1197/2234/4041 1051/2039/4043 1049/633/4044
usemtl stonetrims
f 1201/2508/4045 1196/2865/4046 1021/2074/4047
f 1201/2508/4045 1021/2074/4047 1020/661/4048
f 1194/1992/4049 1195/1261/4050 1025/2091/4051
f 1194/1992/4049 1025/2091/4051 1024/737/4052
f 1199/2939/4053 1201/2508/4054 1020/661/4055
f 1199/2939/4053 1020/661/4055 1029/1749/4056
usemtl brickwall1
f 1202/1531/4057 1197/2234/4058 1049/633/4059
f 1202/1531/4057 1049/633/4059 1034/1358/4060
f 1200/2616/4061 1058/796/4062 1057/1854/4063
f 1203/2028/4064 1198/1434/4065 1053/412/4066
f 1203/2028/4064 1053/412/4066 1051/2039/4067
usemtl stonetrims
f 1202/1422/4068 1199/2939/4069 1029/1749/4070
f 1202/1422/4068 1029/1749/4070 1032/731/4071
f 1196/2865/4072 1194/1992/4073 1024/737/4074
f 1196/2865/4072 1024/737/4074 1021/2074/4075
f 1195/1261/4076 1080/1324/4077 1028/1675/4078
f 1195/1261/4076 1028/1675/4078 1025/2091/4079
usemtl brickwall1
f 1215/1330/4080 1208/1054/4081 1052/2540/4082
f 1215/1330/4080 1052/2540/4082 1054/2047/4083
usemtl stonetrims
f 1213/1382/4084 1205/1713/4085 1007/1027/4086
f 1213/1382/4084 1007/1027/4086 1008/1565/4087
f 1214/1824/4088 1212/2614/4089 1011/1087/4090
f 1214/1824/4088 1011/1087/4090 1013/180/4091
f 1209/165/4092 1207/2563/4093 1012/6/4094
f 1209/165/4092 1012/6/4094 1017/926/4095
usemtl brickwall1
f 1208/1054/4096 1211/1135/4097 1050/600/4098
f 1208/1054/4096 1050/600/4098 1052/2540/4099
f 1059/1788/4100 1210/841/4101 1056/1072/4102
f 1211/1135/4103 1206/231/4104 1048/2123/4105
f 1211/1135/4103 1048/2123/4105 1050/600/4106
f 1210/841/4107 1215/1330/4108 1054/2047/4109
f 1210/841/4107 1054/2047/4109 1056/1072/4110
f 1206/231/4111 1207/2767/4112 1035/1153/4113
f 1206/231/4111 1035/1153/4113 1048/2123/4114
usemtl stonetrims
f 1212/2614/4115 1213/1382/4116 1008/1565/4117
f 1212/2614/4115 1008/1565/4117 1011/1087/4118
f 1047/1844/4119 1214/1824/4120 1013/180/4121
f 1047/1844/4119 1013/180/4121 1016/829/4122
f 1205/1713/4123 1209/165/4124 1017/926/4125
f 1205/1713/4123 1017/926/4125 1007/1027/4126
f 1218/2081/4127 1217/62/4128 1236/1230/4129
f 1218/2081/4127 1236/1230/4129 1237/1560/4130
f 1220/2875/4131 1221/1143/4132 1232/531/4133
f 1220/2875/4131 1232/531/4133 1229/2604/4134
f 1219/1582/4135 1218/2081/4136 1237/1560/4137
f 1219/1582/4135 1237/1560/4137 1238/2703/4138
usemtl brickwall1
f 1221/78/4139 1218/2134/4140 1219/2780/4141
f 1221/78/4139 1219/2780/4141 1222/1219/4142
f 1222/1647/4143 1219/1378/4144 1216/2169/4145
f 1222/1647/4143 1216/2169/4145 1223/2369/4146
f 1220/2158/4147 1217/1092/4148 1218/2189/4149
f 1220/2158/4147 1218/2189/4149 1221/2740/4150
f 1223/824/4151 1216/2290/4152 1217/2886/4153
f 1223/824/4151 1217/2886/4153 1220/526/4154
usemtl stonetrims
f 1223/1308/4155 1220/2875/4156 1229/2604/4157
f 1223/1308/4155 1229/2604/4157 1239/1463/4158
f 1216/2887/4159 1219/1582/4160 1238/2703/4161
f 1216/2887/4159 1238/2703/4161 1226/1606/4162
f 1226/1343/4163 1227/1274/4164 1228/136/4165
f 1226/1343/4163 1228/136/4165 1236/1611/4166
f 1236/1611/4167 1228/136/4168 1231/450/4169
f 1236/1611/4167 1231/450/4169 1237/806/4170
f 1237/806/4171 1231/450/4172 1234/1889/4173
f 1237/806/4171 1234/1889/4173 1238/883/4174
f 1238/883/4175 1234/1889/4176 1227/455/4177
f 1238/883/4175 1227/455/4177 1226/2648/4178
f 1225/878/4179 1239/1962/4180 1229/2078/4181
f 1225/878/4179 1229/2078/4181 1224/513/4182
f 1224/513/4183 1229/2078/4184 1232/1109/4185
f 1224/513/4183 1232/1109/4185 1230/1189/4186
f 1233/2274/4187 1235/1454/4188 1239/1281/4189
f 1233/2274/4187 1239/1281/4189 1225/215/4190
f 1230/1189/4191 1232/1109/4192 1235/1454/4193
f 1230/1189/4191 1235/1454/4193 1233/2274/4194
f 1222/2896/4195 1223/641/4196 1239/1483/4197
f 1222/2896/4195 1239/1483/4197 1235/1240/4198
f 1217/62/4199 1216/1194/4200 1226/1413/4201
f 1217/62/4199 1226/1413/4201 1236/1230/4202
f 1221/1143/4203 1222/2896/4204 1235/1240/4205
f 1221/1143/4203 1235/1240/4205 1232/531/4206
f 1227/1274/4207 1234/1304/4208 1231/137/4209
f 1227/1274/4207 1231/137/4209 1228/1726/4210
f 1224/554/4211 1230/1556/4212 1233/1558/4213
f 1224/554/4211 1233/1558/4213 1225/2411/4214
f 1242/2709/4215 1241/715/4216 1260/905/4217
f 1242/2709/4215 1260/905/4217 1261/2200/4218
f 1244/575/4219 1245/1821/4220 1256/1177/4221
f 1244/575/4219 1256/1177/4221 1253/302/4222
f 1243/2224/4223 1242/2709/4224 1261/2200/4225
f 1243/2224/4223 1261/2200/4225 1262/397/4226
usemtl brickwall1
f 1245/732/4227 1242/2765/4228 1243/2495/4229
f 1245/732/4227 1243/2495/4229 1246/1902/4230
f 1246/2279/4231 1243/2032/4232 1240/2796/4233
f 1246/2279/4231 1240/2796/4233 1247/59/4234
f 1244/2788/4235 1241/1781/4236 1242/2816/4237
f 1244/2788/4235 1242/2816/4237 1245/441/4238
f 1247/1497/4239 1240/2921/4240 1241/2573/4241
f 1247/1497/4239 1241/2573/4241 1244/1168/4242
usemtl stonetrims
f 1247/1984/4243 1244/575/4244 1253/302/4245
f 1247/1984/4243 1253/302/4245 1263/2109/4246
f 1240/2576/4247 1243/2224/4248 1262/397/4249
f 1240/2576/4247 1262/397/4249 1250/2242/4250
f 1250/1000/4251 1251/1949/4252 1252/783/4253
f 1250/1000/4251 1252/783/4253 1260/2246/4254
f 1260/2246/4255 1252/783/4256 1255/1094/4257
f 1260/2246/4255 1255/1094/4257 1261/1480/4258
f 1261/1480/4259 1255/1094/4260 1258/2524/4261
f 1261/1480/4259 1258/2524/4261 1262/1561/4262
f 1262/1561/4263 1258/2524/4264 1251/1105/4265
f 1262/1561/4263 1251/1105/4265 1250/341/4266
f 1249/1554/4267 1263/1648/4268 1253/2701/4269
f 1249/1554/4267 1253/2701/4269 1248/202/4270
f 1248/202/4271 1253/2701/4272 1256/1796/4273
f 1248/202/4271 1256/1796/4273 1254/875/4274
f 1257/2908/4275 1259/2102/4276 1263/1954/4277
f 1257/2908/4275 1263/1954/4277 1249/867/4278
f 1254/875/4279 1256/1796/4280 1259/2102/4281
f 1254/875/4279 1259/2102/4281 1257/2908/4282
f 1246/599/4283 1247/1300/4284 1263/2126/4285
f 1246/599/4283 1263/2126/4285 1259/1919/4286
f 1241/715/4287 1240/1876/4288 1250/2067/4289
f 1241/715/4287 1250/2067/4289 1260/905/4290
f 1245/1821/4291 1246/599/4292 1259/1919/4293
f 1245/1821/4291 1259/1919/4293 1256/1177/4294
f 1251/1949/4295 1258/1976/4296 1255/784/4297
f 1251/1949/4295 1255/784/4297 1252/2362/4298
f 1248/1210/4299 1254/2197/4300 1257/2198/4301
f 1248/1210/4299 1257/2198/4301 1249/2100/4302
f 1266/406/4303 1265/1394/4304 1284/1584/4305
f 1266/406/4303 1284/1584/4305 1285/2831/4306
f 1268/1229/4307 1269/2465/4308 1280/864/4309
f 1268/1229/4307 1280/864/4309 1277/955/4310
f 1267/2856/4311 1266/406/4312 1285/2831/4313
f 1267/2856/4311 1285/2831/4313 1286/1046/4314
usemtl brickwall1
f 1269/1405/4315 1266/469/4316 1267/177/4317
f 1269/1405/4315 1267/177/4317 1270/1572/4318
f 1270/1978/4319 1267/2660/4320 1264/2509/4321
f 1270/1978/4319 1264/2509/4321 1271/711/4322
f 1268/496/4323 1265/2420/4324 1266/527/4325
f 1268/496/4323 1266/527/4325 1269/1088/4326
f 1271/2144/4327 1264/629/4328 1265/270/4329
f 1271/2144/4327 1265/270/4329 1268/1856/4330
usemtl stonetrims
f 1271/2612/4331 1268/1229/4332 1277/955/4333
f 1271/2612/4331 1277/955/4333 1287/2735/4334
f 1264/275/4335 1267/2856/4336 1286/1046/4337
f 1264/275/4335 1286/1046/4337 1274/2884/4338
f 1274/1682/4339 1275/2572/4340 1276/1459/4341
f 1274/1682/4339 1276/1459/4341 1284/2888/4342
f 1284/2888/4343 1276/1459/4344 1279/1784/4345
f 1284/2888/4343 1279/1784/4345 1285/2122/4346
f 1285/2122/4347 1279/1784/4348 1282/2209/4349
f 1285/2122/4347 1282/2209/4349 1286/2203/4350
f 1286/2203/4351 1282/2209/4352 1275/1792/4353
f 1286/2203/4351 1275/1792/4353 1274/20/4354
f 1273/1214/4355 1287/2280/4356 1277/395/4357
f 1273/1214/4355 1277/395/4357 1272/853/4358
f 1272/853/4359 1277/395/4360 1280/2437/4361
f 1272/853/4359 1280/2437/4361 1278/1548/4362
f 1281/614/4363 1283/1790/4364 1287/2580/4365
f 1281/614/4363 1287/2580/4365 1273/1540/4366
f 1278/1548/4367 1280/2437/4368 1283/1790/4369
f 1278/1548/4367 1283/1790/4369 1281/614/4370
f 1270/1259/4371 1271/1971/4372 1287/2756/4373
f 1270/1259/4371 1287/2756/4373 1283/2546/4374
f 1265/1394/4375 1264/2515/4376 1274/2695/4377
f 1265/1394/4375 1274/2695/4377 1284/1584/4378
f 1269/2465/4379 1270/1259/4380 1283/2546/4381
f 1269/2465/4379 1283/2546/4381 1280/864/4382
f 1275/2572/4383 1282/2605/4384 1279/1462/4385
f 1275/2572/4383 1279/1462/4385 1276/2059/4386
f 1272/1891/4387 1278/2829/4388 1281/1898/4389
f 1272/1891/4387 1281/1898/4389 1273/2726/4390
f 1290/1052/4391 1289/2049/4392 1308/2225/4393
f 1290/1052/4391 1308/2225/4393 1309/534/4394
f 1292/1914/4395 1293/2141/4396 1304/1536/4397
f 1292/1914/4395 1304/1536/4397 1301/1629/4398
f 1291/561/4399 1290/1052/4400 1309/534/4401
f 1291/561/4399 1309/534/4401 1310/1736/4402
usemtl brickwall1
f 1293/1056/4403 1290/1121/4404 1291/826/4405
f 1293/1056/4403 1291/826/4405 1294/2217/4406
f 1294/2606/4407 1291/2345/4408 1288/193/4409
f 1294/2606/4407 1288/193/4409 1295/1389/4410
f 1292/1151/4411 1289/115/4412 1290/210/4413
f 1292/1151/4411 1290/210/4413 1293/1770/4414
f 1295/2773/4415 1288/1292/4416 1289/920/4417
f 1295/2773/4415 1289/920/4417 1292/2500/4418
usemtl stonetrims
f 1295/2300/4419 1292/1914/4420 1301/1629/4421
f 1295/2300/4419 1301/1629/4421 1311/2443/4422
f 1288/927/4423 1291/561/4424 1310/1736/4425
f 1288/927/4423 1310/1736/4425 1298/586/4426
f 1298/2325/4427 1299/269/4428 1300/2106/4429
f 1298/2325/4427 1300/2106/4429 1308/2578/4430
f 1308/2578/4431 1300/2106/4432 1303/2422/4433
f 1308/2578/4431 1303/2422/4433 1309/1817/4434
f 1309/1817/4435 1303/2422/4436 1306/2839/4437
f 1309/1817/4435 1306/2839/4437 1310/2832/4438
f 1310/2832/4439 1306/2839/4440 1299/2431/4441
f 1310/2832/4439 1299/2431/4441 1298/689/4442
f 1297/1896/4443 1311/2914/4444 1301/1045/4445
f 1297/1896/4443 1301/1045/4445 1296/1523/4446
f 1296/1523/4447 1301/1045/4448 1304/2118/4449
f 1296/1523/4447 1304/2118/4449 1302/2194/4450
f 1305/1276/4451 1307/2430/4452 1311/278/4453
f 1305/1276/4451 1311/278/4453 1297/2185/4454
f 1302/2194/4455 1304/2118/4456 1307/2430/4457
f 1302/2194/4455 1307/2430/4457 1305/1276/4458
f 1294/1935/4459 1295/2596/4460 1311/462/4461
f 1294/1935/4459 1311/462/4461 1307/238/4462
f 1289/2049/4463 1288/198/4464 1298/390/4465
f 1289/2049/4463 1298/390/4465 1308/2225/4466
f 1293/2141/4467 1294/1935/4468 1307/238/4469
f 1293/2141/4467 1307/238/4469 1304/1536/4470
f 1299/269/4471 1306/305/4472 1303/1110/4473
f 1299/269/4471 1303/1110/4473 1300/2689/4474
f 1296/2525/4475 1302/2529/4476 1305/2530/4477
f 1296/2525/4475 1305/2530/4477 1297/425/4478
f 1314/739/4479 1313/2672/4480 1332/2860/4481
f 1314/739/4479 1332/2860/4481 1333/1186/4482
f 1316/2543/4483 1317/2770/4484 1328/2182/4485
f 1316/2543/4483 1328/2182/4485 1325/2263/4486
f 1315/1217/4487 1314/739/4488 1333/1186/4489
f 1315/1217/4487 1333/1186/4489 1334/1410/4490
usemtl brickwall1
f 1317/1745/4491 1314/1803/4492 1315/1500/4493
f 1317/1745/4491 1315/1500/4493 1318/2848/4494
f 1318/306/4495 1315/35/4496 1312/845/4497
f 1318/306/4495 1312/845/4497 1319/2046/4498
f 1316/1831/4499 1313/762/4500 1314/859/4501
f 1316/1831/4499 1314/859/4501 1317/2414/4502
f 1319/474/4503 1312/963/4504 1313/1600/4505
f 1319/474/4503 1313/1600/4505 1316/181/4506
usemtl stonetrims
f 1319/2932/4507 1316/2543/4508 1325/2263/4509
f 1319/2932/4507 1325/2263/4509 1335/130/4510
f 1312/1602/4511 1315/1217/4512 1334/1410/4513
f 1312/1602/4511 1334/1410/4513 1322/1244/4514
f 1322/3/4515 1323/2899/4516 1324/1794/4517
f 1322/3/4515 1324/1794/4517 1332/276/4518
f 1332/276/4519 1324/1794/4520 1327/117/4521
f 1332/276/4519 1327/117/4521 1333/2458/4522
f 1333/2458/4523 1327/117/4524 1330/539/4525
f 1333/2458/4523 1330/539/4525 1334/535/4526
f 1334/535/4527 1330/539/4528 1323/126/4529
f 1334/535/4527 1323/126/4529 1322/1354/4530
f 1321/2528/4531 1335/620/4532 1325/1734/4533
f 1321/2528/4531 1325/1734/4533 1320/2166/4534
f 1320/2166/4535 1325/1734/4536 1328/2746/4537
f 1320/2166/4535 1328/2746/4537 1326/2825/4538
f 1329/947/4539 1331/125/4540 1335/932/4541
f 1329/947/4539 1335/932/4541 1321/2811/4542
f 1326/2825/4543 1328/2746/4544 1331/125/4545
f 1326/2825/4543 1331/125/4545 1329/947/4546
f 1318/2559/4547 1319/297/4548 1335/1113/4549
f 1318/2559/4547 1335/1113/4549 1331/888/4550
f 1313/2672/4551 1312/852/4552 1322/1041/4553
f 1313/2672/4551 1322/1041/4553 1332/2860/4554
f 1317/2770/4555 1318/2559/4556 1331/888/4557
f 1317/2770/4555 1331/888/4557 1328/2182/4558
f 1323/2899/4559 1330/957/4560 1327/1798/4561
f 1323/2899/4559 1327/1798/4561 1324/380/4562
f 1320/2210/4563 1326/216/4564 1329/218/4565
f 1320/2210/4563 1329/218/4565 1321/1071/4566
f 1338/1414/4567 1337/2361/4568 1356/564/4569
f 1338/1414/4567 1356/564/4569 1357/1873/4570
f 1340/233/4571 1341/473/4572 1352/2809/4573
f 1340/233/4571 1352/2809/4573 1349/1966/4574
f 1339/1900/4575 1338/1414/4576 1357/1873/4577
f 1339/1900/4575 1357/1873/4577 1358/2065/4578
usemtl brickwall1
f 1341/2381/4579 1338/2448/4580 1339/2147/4581
f 1341/2381/4579 1339/2147/4581 1342/550/4582
f 1342/958/4583 1339/700/4584 1336/1518/4585
f 1342/958/4583 1336/1518/4585 1343/2670/4586
f 1340/1507/4587 1337/1438/4588 1338/1533/4589
f 1340/1507/4587 1338/1533/4589 1341/2105/4590
f 1343/1129/4591 1336/1646/4592 1337/2236/4593
f 1343/1129/4591 1337/2236/4593 1340/833/4594
usemtl stonetrims
f 1343/642/4595 1340/233/4596 1349/1966/4597
f 1343/642/4595 1349/1966/4597 1359/777/4598
f 1336/2239/4599 1339/1900/4600 1358/2065/4601
f 1336/2239/4599 1358/2065/4601 1346/915/4602
f 1346/666/4603 1347/602/4604 1348/2436/4605
f 1346/666/4603 1348/2436/4605 1356/928/4606
f 1356/928/4607 1348/2436/4608 1351/764/4609
f 1356/928/4607 1351/764/4609 1357/149/4610
f 1357/149/4611 1351/764/4612 1354/1195/4613
f 1357/149/4611 1354/1195/4613 1358/1188/4614
f 1358/1188/4615 1354/1195/4616 1347/2743/4617
f 1358/1188/4615 1347/2743/4617 1346/2017/4618
f 1345/217/4619 1359/1282/4620 1349/2371/4621
f 1345/217/4619 1349/2371/4621 1344/2794/4622
f 1344/2794/4623 1349/2371/4624 1352/448/4625
f 1344/2794/4623 1352/448/4625 1350/530/4626
f 1353/1626/4627 1355/771/4628 1359/606/4629
f 1353/1626/4627 1359/606/4629 1345/520/4630
f 1350/530/4631 1352/448/4632 1355/771/4633
f 1350/530/4631 1355/771/4633 1353/1626/4634
f 1342/259/4635 1343/949/4636 1359/1799/4637
f 1342/259/4635 1359/1799/4637 1355/1569/4638
f 1337/2361/4639 1336/1521/4640 1346/1728/4641
f 1337/2361/4639 1346/1728/4641 1356/564/4642
f 1341/473/4643 1342/259/4644 1355/1569/4645
f 1341/473/4643 1355/1569/4645 1352/2809/4646
f 1347/602/4647 1354/1628/4648 1351/2440/4649
f 1347/602/4647 1351/2440/4649 1348/1032/4650
f 1344/2841/4651 1350/870/4652 1353/871/4653
f 1344/2841/4651 1353/871/4653 1345/1761/4654
f 1362/2075/4655 1361/55/4656 1380/1221/4657
f 1362/2075/4655 1380/1221/4657 1381/2510/4658
f 1364/2859/4659 1365/1127/4660 1376/516/4661
f 1364/2859/4659 1376/516/4661 1373/2591/4662
f 1363/2532/4663 1362/2075/4664 1381/2510/4665
f 1363/2532/4663 1381/2510/4665 1382/2692/4666
usemtl brickwall1
f 1365/68/4667 1362/132/4668 1363/2774/4669
f 1365/68/4667 1363/2774/4669 1366/1205/4670
f 1366/1631/4671 1363/1367/4672 1360/2155/4673
f 1366/1631/4671 1360/2155/4673 1367/365/4674
f 1364/2153/4675 1361/2088/4676 1362/2173/4677
f 1364/2153/4675 1362/2173/4677 1365/2728/4678
f 1367/1812/4679 1360/2277/4680 1361/2877/4681
f 1367/1812/4679 1361/2877/4681 1364/510/4682
usemtl stonetrims
f 1367/1301/4683 1364/2859/4684 1373/2591/4685
f 1367/1301/4683 1373/2591/4685 1383/1452/4686
f 1360/2879/4687 1363/2532/4688 1382/2692/4689
f 1360/2879/4687 1382/2692/4689 1370/1594/4690
f 1370/1335/4691 1371/1262/4692 1372/128/4693
f 1370/1335/4691 1372/128/4693 1380/1603/4694
f 1380/1603/4695 1372/128/4696 1375/1440/4697
f 1380/1603/4695 1375/1440/4697 1381/794/4698
f 1381/794/4699 1375/1440/4700 1378/1879/4701
f 1381/794/4699 1378/1879/4701 1382/1874/4702
f 1382/1874/4703 1378/1879/4704 1371/445/4705
f 1382/1874/4703 1371/445/4705 1370/2635/4706
f 1369/872/4707 1383/1956/4708 1373/60/4709
f 1369/872/4707 1373/60/4709 1368/504/4710
f 1368/504/4711 1373/60/4712 1376/1093/4713
f 1368/504/4711 1376/1093/4713 1374/1175/4714
f 1377/2258/4715 1379/1444/4716 1383/1267/4717
f 1377/2258/4715 1383/1267/4717 1369/1166/4718
f 1374/1175/4719 1376/1093/4720 1379/1444/4721
f 1374/1175/4719 1379/1444/4721 1377/2258/4722
f 1366/900/4723 1367/1627/4724 1383/1475/4725
f 1366/900/4723 1383/1475/4725 1379/1223/4726
f 1361/55/4727 1360/1178/4728 1370/2363/4729
f 1361/55/4727 1370/2363/4729 1380/1221/4730
f 1365/1127/4731 1366/900/4732 1379/1223/4733
f 1365/1127/4731 1379/1223/4733 1376/516/4734
f 1371/1262/4735 1378/2265/4736 1375/129/4737
f 1371/1262/4735 1375/129/4737 1372/1715/4738
f 1368/541/4739 1374/1543/4740 1377/1544/4741
f 1368/541/4739 1377/1544/4741 1369/2399/4742
f 1386/2699/4743 1385/706/4744 1404/1904/4745
f 1386/2699/4743 1404/1904/4745 1405/2190/4746
f 1388/563/4747 1389/1811/4748 1400/1165/4749
f 1388/563/4747 1400/1165/4749 1397/290/4750
f 1387/220/4751 1386/2699/4752 1405/2190/4753
f 1387/220/4751 1405/2190/4753 1406/389/4754
usemtl brickwall1
f 1389/723/4755 1386/2754/4756 1387/477/4757
f 1389/723/4755 1387/477/4757 1390/1887/4758
f 1390/2266/4759 1387/2026/4760 1384/2785/4761
f 1390/2266/4759 1384/2785/4761 1391/46/4762
f 1388/2777/4763 1385/1768/4764 1386/2804/4765
f 1388/2777/4763 1386/2804/4765 1389/431/4766
f 1391/1487/4767 1384/2913/4768 1385/580/4769
f 1391/1487/4767 1385/580/4769 1388/1158/4770
usemtl stonetrims
f 1391/1972/4771 1388/563/4772 1397/290/4773
f 1391/1972/4771 1397/290/4773 1407/2098/4774
f 1384/582/4775 1387/220/4776 1406/389/4777
f 1384/582/4775 1406/389/4777 1394/2232/4778
f 1394/1999/4779 1395/1936/4780 1396/773/4781
f 1394/1999/4779 1396/773/4781 1404/2240/4782
f 1404/2240/4783 1396/773/4784 1399/1084/4785
f 1404/2240/4783 1399/1084/4785 1405/1472/4786
f 1405/1472/4787 1399/1084/4788 1402/2518/4789
f 1405/1472/4787 1402/2518/4789 1406/1546/4790
f 1406/1546/4791 1402/2518/4792 1395/1090/4793
f 1406/1546/4791 1395/1090/4793 1394/337/4794
f 1393/1545/4795 1407/2581/4796 1397/2691/4797
f 1393/1545/4795 1397/2691/4797 1392/1154/4798
f 1392/1154/4799 1397/2691/4800 1400/1782/4801
f 1392/1154/4799 1400/1782/4801 1398/1860/4802
f 1401/2900/4803 1403/2095/4804 1407/1942/4805
f 1401/2900/4803 1407/1942/4805 1393/856/4806
f 1398/1860/4807 1400/1782/4808 1403/2095/4809
f 1398/1860/4807 1403/2095/4809 1401/2900/4810
f 1390/590/4811 1391/2259/4812 1407/2120/4813
f 1390/590/4811 1407/2120/4813 1403/1910/4814
f 1385/706/4815 1384/1867/4816 1394/57/4817
f 1385/706/4815 1394/57/4817 1404/1904/4818
f 1389/1811/4819 1390/590/4820 1403/1910/4821
f 1389/1811/4819 1403/1910/4821 1400/1165/4822
f 1395/1936/4823 1402/2901/4824 1399/774/4825
f 1395/1936/4823 1399/774/4825 1396/2350/4826
f 1392/1197/4827 1398/2186/4828 1401/2188/4829
f 1392/1197/4827 1401/2188/4829 1393/91/4830
f 1410/392/4831 1409/1383/4832 1428/2534/4833
f 1410/392/4831 1428/2534/4833 1429/2821/4834
f 1412/1220/4835 1413/2454/4836 1424/1847/4837
f 1412/1220/4835 1424/1847/4837 1421/940/4838
f 1411/2847/4839 1410/392/4840 1429/2821/4841
f 1411/2847/4839 1429/2821/4841 1430/1038/4842
usemtl brickwall1
f 1413/1397/4843 1410/456/4844 1411/1133/4845
f 1413/1397/4843 1411/1133/4845 1414/2523/4846
f 1414/2903/4847 1411/2652/4848 1408/491/4849
f 1414/2903/4847 1408/491/4849 1415/704/4850
f 1412/485/4851 1409/2409/4852 1410/511/4853
f 1412/485/4851 1410/511/4853 1413/1073/4854
f 1415/2132/4855 1408/615/4856 1409/1236/4857
f 1415/2132/4855 1409/1236/4857 1412/1845/4858
usemtl stonetrims
f 1415/2599/4859 1412/1220/4860 1421/940/4861
f 1415/2599/4859 1421/940/4861 1431/2724/4862
f 1408/1242/4863 1411/2847/4864 1430/1038/4865
f 1408/1242/4863 1430/1038/4865 1418/2876/4866
f 1418/1671/4867 1419/2561/4868 1420/1449/4869
f 1418/1671/4867 1420/1449/4869 1428/2880/4870
f 1428/2880/4871 1420/1449/4872 1423/1769/4873
f 1428/2880/4871 1423/1769/4873 1429/2114/4874
f 1429/2114/4875 1423/1769/4876 1426/201/4877
f 1429/2114/4875 1426/201/4877 1430/2191/4878
f 1430/2191/4879 1426/201/4880 1419/1777/4881
f 1430/2191/4879 1419/1777/4881 1418/992/4882
f 1417/2187/4883 1431/2268/4884 1421/384/4885
f 1417/2187/4883 1421/384/4885 1416/1839/4886
f 1416/1839/4887 1421/384/4888 1424/2421/4889
f 1416/1839/4887 1424/2421/4889 1422/2504/4890
f 1425/605/4891 1427/2716/4892 1431/2566/4893
f 1425/605/4891 1431/2566/4893 1417/1530/4894
f 1422/2504/4895 1424/2421/4896 1427/2716/4897
f 1422/2504/4895 1427/2716/4897 1425/605/4898
f 1414/1251/4899 1415/1964/4900 1431/2750/4901
f 1414/1251/4899 1431/2750/4901 1427/2542/4902
f 1409/1383/4903 1408/2506/4904 1418/2686/4905
f 1409/1383/4903 1418/2686/4905 1428/2534/4906
f 1413/2454/4907 1414/1251/4908 1427/2542/4909
f 1413/2454/4907 1427/2542/4909 1424/1847/4910
f 1419/2561/4911 1426/2590/4912 1423/1451/4913
f 1419/2561/4911 1423/1451/4913 1420/38/4914
f 1416/1880/4915 1422/2812/4916 1425/2814/4917
f 1416/1880/4915 1425/2814/4917 1417/740/4918
f 1434/1042/4919 1433/2038/4920 1452/2220/4921
f 1434/1042/4919 1452/2220/4921 1453/528/4922
f 1436/1903/4923 1437/140/4924 1448/1524/4925
f 1436/1903/4923 1448/1524/4925 1445/1618/4926
f 1435/548/4927 1434/1042/4928 1453/528/4929
f 1435/548/4927 1453/528/4929 1454/1723/4930
usemtl brickwall1
f 1437/2055/4931 1434/1106/4932 1435/818/4933
f 1437/2055/4931 1435/818/4933 1438/2208/4934
f 1438/607/4935 1435/346/4936 1432/182/4937
f 1438/607/4935 1432/182/4937 1439/1379/4938
f 1436/1144/4939 1433/101/4940 1434/1159/4941
f 1436/1144/4939 1434/1159/4941 1437/1763/4942
f 1439/2764/4943 1432/1278/4944 1433/908/4945
f 1439/2764/4943 1433/908/4945 1436/2486/4946
usemtl stonetrims
f 1439/298/4947 1436/1903/4948 1445/1618/4949
f 1439/298/4947 1445/1618/4949 1455/424/4950
f 1432/910/4951 1435/548/4952 1454/1723/4953
f 1432/910/4951 1454/1723/4953 1442/573/4954
f 1442/2315/4955 1443/260/4956 1444/2096/4957
f 1442/2315/4955 1444/2096/4957 1452/584/4958
f 1452/584/4959 1444/2096/4960 1447/2413/4961
f 1452/584/4959 1447/2413/4961 1453/2741/4962
f 1453/2741/4963 1447/2413/4964 1450/2830/4965
f 1453/2741/4963 1450/2830/4965 1454/2822/4966
f 1454/2822/4967 1450/2830/4968 1443/2418/4969
f 1454/2822/4967 1443/2418/4969 1442/677/4970
f 1441/2813/4971 1455/2907/4972 1445/1036/4973
f 1441/2813/4971 1445/1036/4973 1440/1517/4974
f 1440/1517/4975 1445/1036/4976 1448/116/4977
f 1440/1517/4975 1448/116/4977 1446/2180/4978
f 1449/1263/4979 1451/415/4980 1455/267/4981
f 1449/1263/4979 1455/267/4981 1441/2171/4982
f 1446/2180/4983 1448/116/4984 1451/415/4985
f 1446/2180/4983 1451/415/4985 1449/1263/4986
f 1438/1927/4987 1439/2588/4988 1455/451/4989
f 1438/1927/4987 1455/451/4989 1451/229/4990
f 1433/2038/4991 1432/187/4992 1442/379/4993
f 1433/2038/4991 1442/379/4993 1452/2220/4994
f 1437/140/4995 1438/1927/4996 1451/229/4997
f 1437/140/4995 1451/229/4997 1448/1524/4998
f 1443/260/4999 1450/289/5000 1447/2097/5001
f 1443/260/4999 1447/2097/5001 1444/2677/5002
f 1440/2520/5003 1446/521/5004 1449/525/5005
f 1440/2520/5003 1449/525/5005 1441/414/5006
f 1458/1730/5007 1457/2664/5008 1476/2852/5009
f 1458/1730/5007 1476/2852/5009 1477/1169/5010
f 1460/2533/5011 1461/2762/5012 1472/2170/5013
f 1460/2533/5011 1472/2170/5013 1469/2251/5014
f 1459/1203/5015 1458/1730/5016 1477/1169/5017
f 1459/1203/5015 1477/1169/5017 1478/2360/5018
usemtl brickwall1
f 1461/2680/5019 1458/1793/5020 1459/1490/5021
f 1461/2680/5019 1459/1490/5021 1462/2836/5022
f 1462/291/5023 1459/23/5024 1456/834/5025
f 1462/291/5023 1456/834/5025 1463/2033/5026
f 1460/1822/5027 1457/749/5028 1458/849/5029
f 1460/1822/5027 1458/849/5029 1461/2402/5030
f 1463/468/5031 1456/1952/5032 1457/1588/5033
f 1463/468/5031 1457/1588/5033 1460/172/5034
usemtl stonetrims
f 1463/952/5035 1460/2533/5036 1469/2251/5037
f 1463/952/5035 1469/2251/5037 1479/1067/5038
f 1456/1590/5039 1459/1203/5040 1478/2360/5041
f 1456/1590/5039 1478/2360/5041 1466/1228/5042
f 1466/2947/5043 1467/907/5044 1468/2720/5045
f 1466/2947/5043 1468/2720/5045 1476/266/5046
f 1476/266/5047 1468/2720/5048 1471/103/5049
f 1476/266/5047 1471/103/5049 1477/444/5050
f 1477/444/5051 1471/103/5052 1474/532/5053
f 1477/444/5051 1474/532/5053 1478/529/5054
f 1478/529/5055 1474/532/5056 1467/111/5057
f 1478/529/5055 1467/111/5057 1466/1346/5058
f 1465/2521/5059 1479/608/5060 1469/1721/5061
f 1465/2521/5059 1469/1721/5061 1464/2154/5062
f 1464/2154/5063 1469/1721/5064 1472/765/5065
f 1464/2154/5063 1472/765/5065 1470/2807/5066
f 1473/1938/5067 1475/112/5068 1479/914/5069
f 1473/1938/5067 1479/914/5069 1465/2801/5070
f 1470/2807/5071 1472/765/5072 1475/112/5073
f 1470/2807/5071 1475/112/5073 1473/1938/5074
f 1462/2552/5075 1463/287/5076 1479/1095/5077
f 1462/2552/5075 1479/1095/5077 1475/879/5078
f 1457/2664/5079 1456/837/5080 1466/1030/5081
f 1457/2664/5079 1466/1030/5081 1476/2852/5082
f 1461/2762/5083 1462/2552/5084 1475/879/5085
f 1461/2762/5083 1475/879/5085 1472/2170/5086
f 1467/907/5087 1474/939/5088 1471/2722/5089
f 1467/907/5087 1471/2722/5089 1468/375/5090
f 1464/204/5091 1470/208/5092 1473/209/5093
f 1464/204/5091 1473/209/5093 1465/1061/5094
f 1482/1406/5095 1481/362/5096 1500/552/5097
f 1482/1406/5095 1500/552/5097 1501/1858/5098
f 1484/225/5099 1485/465/5100 1496/2800/5101
f 1484/225/5099 1496/2800/5101 1493/2893/5102
f 1483/1886/5103 1482/1406/5104 1501/1858/5105
f 1483/1886/5103 1501/1858/5105 1502/49/5106
usemtl brickwall1
f 1485/2372/5107 1482/2434/5108 1483/2135/5109
f 1485/2372/5107 1483/2135/5109 1486/538/5110
f 1486/943/5111 1483/693/5112 1480/1506/5113
f 1486/943/5111 1480/1506/5113 1487/2661/5114
f 1484/2467/5115 1481/1427/5116 1482/1520/5117
f 1484/2467/5115 1482/1520/5117 1485/95/5118
f 1487/1117/5119 1480/2579/5120 1481/2228/5121
f 1487/1117/5119 1481/2228/5121 1484/823/5122
usemtl stonetrims
f 1487/630/5123 1484/225/5124 1493/2893/5125
f 1487/630/5123 1493/2893/5125 1503/767/5126
f 1480/2230/5127 1483/1886/5128 1502/49/5129
f 1480/2230/5127 1502/49/5129 1490/1913/5130
f 1490/655/5131 1491/595/5132 1492/421/5133
f 1490/655/5131 1492/421/5133 1500/912/5134
f 1500/912/5135 1492/421/5136 1495/751/5137
f 1500/912/5135 1495/751/5137 1501/138/5138
f 1501/138/5139 1495/751/5140 1498/1179/5141
f 1501/138/5139 1498/1179/5141 1502/1171/5142
f 1502/1171/5143 1498/1179/5144 1491/759/5145
f 1502/1171/5143 1491/759/5145 1490/2012/5146
f 1489/206/5147 1503/1268/5148 1493/2355/5149
f 1489/206/5147 1493/2355/5149 1488/2783/5150
f 1488/2783/5151 1493/2355/5152 1496/432/5153
f 1488/2783/5151 1496/432/5153 1494/514/5154
f 1497/2562/5155 1499/757/5156 1503/1595/5157
f 1497/2562/5155 1503/1595/5157 1489/507/5158
f 1494/514/5159 1496/432/5160 1499/757/5161
f 1494/514/5159 1499/757/5161 1497/2562/5162
f 1486/243/5163 1487/937/5164 1503/1785/5165
f 1486/243/5163 1503/1785/5165 1499/1557/5166
f 1481/362/5167 1480/1515/5168 1490/1714/5169
f 1481/362/5167 1490/1714/5169 1500/552/5170
f 1485/465/5171 1486/243/5172 1499/1557/5173
f 1485/465/5171 1499/1557/5173 1496/2800/5174
f 1491/595/5175 1498/1617/5176 1495/2423/5177
f 1491/595/5175 1495/2423/5177 1492/1021/5178
f 1488/854/5179 1494/857/5180 1497/858/5181
f 1488/854/5179 1497/858/5181 1489/1753/5182
usemtl brickwall1
f 533/1234/5183 535/2116/5184 527/1501/5185
f 522/273/5186 518/1804/5187 517/780/5188
f 71/401/5189 79/752/5190 74/1968/5191
f 86/272/5192 91/1511/5193 80/1576/5194
f 63/299/5195 65/2815/5196 57/2276/5197
f 992/1435/5198 988/1128/5199 987/2130/5200
f 1026/555/5201 1031/1172/5202 1020/810/5203
f 757/1326/5204 753/946/5205 752/1442/5206
f 768/2867/5207 770/1895/5208 762/1612/5209
f 1011/2737/5210 1019/1751/5211 1014/1703/5212
f 791/861/5213 796/1014/5214 785/2076/5215
f 541/2463/5216 549/1337/5217 544/2531/5218
f 525/4/5219 528/1409/5220 527/1501/5221
f 528/1409/5222 529/2544/5223 533/1234/5224
f 527/1501/5225 528/1409/5226 533/1234/5227
f 533/1234/5228 534/2527/5229 535/2116/5230
f 534/2527/5231 524/2910/5232 676/311/5233
f 676/311/5234 677/807/5235 526/2090/5236
f 677/807/5237 530/2342/5238 526/2090/5239
f 526/2090/5240 535/2116/5241 534/2527/5242
f 676/311/5243 526/2090/5244 534/2527/5245
f 535/2116/5246 531/1813/5247 527/1501/5248
f 527/1501/5249 536/350/5250 525/4/5251
f 536/350/5252 532/2537/5253 525/4/5254
f 523/891/5255 513/1863/5256 515/2915/5257
f 513/1863/5258 517/780/5259 515/2915/5260
f 517/780/5261 521/877/5262 512/339/5263
f 512/339/5264 516/2352/5265 511/1232/5266
f 516/2352/5267 520/2000/5268 675/755/5269
f 511/1232/5270 516/2352/5271 675/755/5272
f 675/755/5273 674/568/5274 511/1232/5275
f 674/568/5276 514/931/5277 511/1232/5278
f 511/1232/5279 522/273/5280 512/339/5281
f 522/273/5282 519/1305/5283 518/1804/5284
f 518/1804/5285 515/2915/5286 517/780/5287
f 522/273/5288 517/780/5289 512/339/5290
f 68/2308/5291 67/1200/5292 71/401/5293
f 67/1200/5294 77/2031/5295 79/752/5296
f 71/401/5297 67/1200/5298 79/752/5299
f 77/2031/5300 72/540/5301 75/1619/5302
f 75/1619/5303 79/752/5304 77/2031/5305
f 79/752/5306 70/1990/5307 74/1968/5308
f 74/1968/5309 78/1104/5310 71/401/5311
f 78/1104/5312 69/2125/5313 208/2758/5314
f 208/2758/5315 209/377/5316 73/1929/5317
f 209/377/5318 76/2327/5319 73/1929/5320
f 73/1929/5321 71/401/5322 78/1104/5323
f 208/2758/5324 73/1929/5325 78/1104/5326
f 92/1149/5327 89/918/5328 87/409/5329
f 89/918/5330 80/1576/5331 87/409/5332
f 80/1576/5333 81/647/5334 84/1604/5335
f 84/1604/5336 85/76/5337 90/2882/5338
f 85/76/5339 88/1443/5340 211/1373/5341
f 90/2882/5342 85/76/5343 211/1373/5344
f 211/1373/5345 210/1391/5346 90/2882/5347
f 210/1391/5348 82/922/5349 90/2882/5350
f 90/2882/5351 86/272/5352 84/1604/5353
f 86/272/5354 83/2142/5355 91/1511/5356
f 91/1511/5357 87/409/5358 80/1576/5359
f 86/272/5360 80/1576/5361 84/1604/5362
f 55/1318/5363 58/1605/5364 57/2276/5365
f 58/1605/5366 59/1538/5367 63/299/5368
f 57/2276/5369 58/1605/5370 63/299/5371
f 63/299/5372 64/2935/5373 65/2815/5374
f 64/2935/5375 54/2479/5376 206/1298/5377
f 206/1298/5378 207/1635/5379 56/941/5380
f 207/1635/5381 60/1317/5382 56/941/5383
f 56/941/5384 65/2815/5385 64/2935/5386
f 206/1298/5387 56/941/5388 64/2935/5389
f 65/2815/5390 61/2585/5391 57/2276/5392
f 57/2276/5393 66/1123/5394 55/1318/5395
f 66/1123/5396 62/1366/5397 55/1318/5398
f 993/1665/5399 983/1182/5400 985/1309/5401
f 983/1182/5402 987/2130/5403 985/1309/5404
f 987/2130/5405 991/1384/5406 982/2651/5407
f 982/2651/5408 986/1970/5409 981/2565/5410
f 986/1970/5411 990/1574/5412 1145/338/5413
f 981/2565/5414 986/1970/5415 1145/338/5416
f 1145/338/5417 1144/2938/5418 981/2565/5419
f 1144/2938/5420 984/1446/5421 981/2565/5422
f 981/2565/5423 992/1435/5424 982/2651/5425
f 992/1435/5426 989/981/5427 988/1128/5428
f 988/1128/5429 985/1309/5430 987/2130/5431
f 992/1435/5432 987/2130/5433 982/2651/5434
f 1032/1491/5435 1029/416/5436 1027/1581/5437
f 1029/416/5438 1020/810/5439 1027/1581/5440
f 1020/810/5441 1021/45/5442 1024/2638/5443
f 1024/2638/5444 1025/2937/5445 1030/1967/5446
f 1025/2937/5447 1028/1630/5448 1151/1752/5449
f 1030/1967/5450 1025/2937/5451 1151/1752/5452
f 1151/1752/5453 1150/227/5454 1030/1967/5455
f 1150/227/5456 1022/1660/5457 1030/1967/5458
f 1030/1967/5459 1026/555/5460 1024/2638/5461
f 1026/555/5462 1023/2057/5463 1031/1172/5464
f 1031/1172/5465 1027/1581/5466 1020/810/5467
f 1026/555/5468 1020/810/5469 1024/2638/5470
f 758/403/5471 748/616/5472 750/508/5473
f 748/616/5474 752/1442/5475 750/508/5476
f 752/1442/5477 756/2460/5478 747/506/5479
f 747/506/5480 751/1115/5481 746/2289/5482
f 751/1115/5483 755/454/5484 910/1908/5485
f 746/2289/5486 751/1115/5487 910/1908/5488
f 910/1908/5489 909/1943/5490 746/2289/5491
f 909/1943/5492 749/1691/5493 746/2289/5494
f 746/2289/5495 757/1326/5496 747/506/5497
f 757/1326/5498 754/2487/5499 753/946/5500
f 753/946/5501 750/508/5502 752/1442/5503
f 757/1326/5504 752/1442/5505 747/506/5506
f 760/166/5507 763/1311/5508 762/1612/5509
f 763/1311/5510 764/1549/5511 768/2867/5512
f 762/1612/5513 763/1311/5514 768/2867/5515
f 768/2867/5516 769/316/5517 770/1895/5518
f 769/316/5519 759/9/5520 911/2911/5521
f 911/2911/5522 912/1132/5523 761/160/5524
f 912/1132/5525 765/1828/5526 761/160/5527
f 761/160/5528 770/1895/5529 769/316/5530
f 911/2911/5531 761/160/5532 769/316/5533
f 770/1895/5534 766/766/5535 762/1612/5536
f 762/1612/5537 771/1664/5538 760/166/5539
f 771/1664/5540 767/887/5541 760/166/5542
f 1008/2179/5543 1007/2025/5544 1011/2737/5545
f 1007/2025/5546 1017/2018/5547 1019/1751/5548
f 1011/2737/5549 1007/2025/5550 1019/1751/5551
f 1017/2018/5552 1012/1719/5553 1015/1108/5554
f 1015/1108/5555 1019/1751/5556 1017/2018/5557
f 1019/1751/5558 1010/567/5559 1014/1703/5560
f 1014/1703/5561 1018/1829/5562 1011/2737/5563
f 1018/1829/5564 1009/2658/5565 1148/744/5566
f 1148/744/5567 1149/2328/5568 1013/1852/5569
f 1149/2328/5570 1016/2802/5571 1013/1852/5572
f 1013/1852/5573 1011/2737/5574 1018/1829/5575
f 1148/744/5576 1013/1852/5577 1018/1829/5578
f 797/2683/5579 794/1649/5580 792/366/5581
f 794/1649/5582 785/2076/5583 792/366/5584
f 785/2076/5585 786/178/5586 789/1596/5587
f 789/1596/5588 790/2278/5589 795/1369/5590
f 790/2278/5591 793/2319/5592 916/1897/5593
f 795/1369/5594 790/2278/5595 916/1897/5596
f 916/1897/5597 915/1616/5598 795/1369/5599
f 915/1616/5600 787/1455/5601 795/1369/5602
f 795/1369/5603 791/861/5604 789/1596/5605
f 791/861/5606 788/482/5607 796/1014/5608
f 796/1014/5609 792/366/5610 785/2076/5611
f 791/861/5612 785/2076/5613 789/1596/5614
f 538/830/5615 537/2647/5616 541/2463/5617
f 537/2647/5618 547/658/5619 549/1337/5620
f 541/2463/5621 537/2647/5622 549/1337/5623
f 547/658/5624 542/360/5625 545/1789/5626
f 545/1789/5627 549/1337/5628 547/658/5629
f 549/1337/5630 540/1218/5631 544/2531/5632
f 544/2531/5633 548/83/5634 541/2463/5635
f 548/83/5636 539/352/5637 678/2379/5638
f 678/2379/5639 679/2/5640 543/2491/5641
f 679/2/5642 546/1498/5643 543/2491/5644
f 543/2491/5645 541/2463/5646 548/83/5647
f 678/2379/5648 543/2491/5649 548/83/5650
