# Converted from user-supplied modularDungeon.fbx; Y-up, meters, bottom centered
mtllib Gothic.mtl
o Hall_T
v 0.29999876 2.9723736e-07 2
v 0.29999876 4.0000003 2
v 0.29999876 2.9723736e-07 -2
v 0.29999876 4.0000003 -2
v 4.2999988 2.9723736e-07 2
v 4.2999988 4.0000003 2
v 4.2999988 2.9723736e-07 -2
v 4.2999988 4.0000003 -2
v -3.7000012 2.9723736e-07 -2
v -3.7000012 2.9723736e-07 2
v -3.7000012 4.0000003 2
v -3.7000012 4.0000003 -2
v -4.7000012 2.9723736e-07 -2
v -4.7000012 2.9723736e-07 2
v -4.7000012 4.0000003 2
v -4.7000012 4.0000003 -2
v 0.29999876 2.9723736e-07 6
v 0.29999876 4.0000003 6
v 4.2999988 4.0000003 6
v 4.2999988 2.9723736e-07 6
v 0.29999876 2.9723736e-07 7
v 0.29999876 4.0000003 7
v 4.2999988 4.0000003 7
v 4.2999988 2.9723736e-07 7
v 0.29999876 4.0000003 -6
v 0.29999876 2.9723736e-07 -6
v 4.2999988 2.9723736e-07 -6
v 4.2999988 4.0000003 -6
v 0.29999876 4.0000003 -7
v 0.29999876 2.9723736e-07 -7
v 4.2999988 2.9723736e-07 -7
v 4.2999988 4.0000003 -7
v 3.9002129 4.5988834 2.0000401
v 0.900213 5.0988834 2.0000398
v 1.8985196 5.8988836 2.0000401
v 4.000213 4.1988814 2.0000401
v 2.700213 5.8988841 2.0000401
v 0.70021296 4.5988834 2.0000398
v 1.500213 5.6988834 2.0000398
v 3.100213 5.6988834 2.0000401
v 3.500213 5.3988822 2.0000401
v 0.60021317 4.1988814 2.0000396
v 1.1002129 5.3988822 2.0000398
v 3.700213 5.0988834 2.0000401
v 2.3002129 5.9988835 2.0000401
v 0.30021286 4.1988814 5.7000394
v 0.30021286 5.8988841 4.4000397
v 0.30021298 4.5988834 2.4000399
v 0.30021298 5.6988834 3.2000399
v 0.30021274 5.6988834 4.8000398
v 0.30021274 5.3988822 5.2000399
v 0.3002131 4.1988814 2.3000393
v 0.30021298 5.3988822 2.8000398
v 0.30021286 5.9988835 4.0000396
v 0.30021274 5.0988834 5.4000397
v 0.30021274 4.5988834 5.6000395
v 0.30021298 5.0988834 2.6000395
v 0.30021286 5.8988832 3.6000397
v 1.5002127 5.6988834 6.0000401
v 1.1002127 5.3988822 6.0000401
v 4.0002128 4.1988814 6.0000401
v 3.5002128 5.3988822 6.0000401
v 0.90021276 5.0988834 6.0000401
v 2.3002129 5.9988835 6.0000401
v 0.70021296 4.6022165 6.0000396
v 3.7002127 5.0988834 6.0000401
v 2.7002127 5.8988832 6.0000401
v 0.60021293 4.1988814 6.0000396
v 1.9002128 5.8988841 6.0000401
v 3.9002125 4.6022165 6.0000401
v 3.1002128 5.6988834 6.0000401
v 4.3002129 5.6988834 3.2000403
v 4.3002129 5.3988822 2.8000402
v 4.3002126 4.1988819 5.7000399
v 4.3002129 5.3988822 5.2021217
v 4.3002129 5.0988834 2.60004
v 4.3002131 4.5988834 2.4000401
v 4.3002129 5.0988834 5.4000397
v 4.3002129 5.8988836 4.4000401
v 4.3002131 4.1988819 2.30004
v 4.3002129 5.8988841 3.6000402
v 4.3002126 4.5988834 5.60004
v 4.3002129 5.6988834 4.8000402
v 4.3002129 5.9988835 4.0000401
v 2.3002129 5.9988835 3.9000399
v 2.4002128 5.9988835 4.0000401
v 2.3002128 5.9988835 4.10004
v 2.2002129 5.9988835 4.0000401
v 1.8002129 5.8988832 4.4000401
v 1.9002129 5.8988832 4.5000401
v 1.4002128 5.6988834 4.8000402
v 1.5002128 5.6988834 4.9000401
v 1.0002128 5.3988822 5.2000399
v 1.1002127 5.3988822 5.3000398
v 0.80021274 5.0988834 5.4000397
v 0.90021276 5.0988834 5.5000396
v 0.60021281 4.602217 5.6000395
v 0.70021296 4.602217 5.7000399
v 0.60021293 4.1988814 5.8000393
v 2.7002129 5.8988841 4.5198383
v 2.8002129 5.8988841 4.4000397
v 3.1002127 5.6988834 4.9000401
v 3.2002128 5.6988834 4.8000398
v 3.5002128 5.3988822 5.3000398
v 3.6002127 5.3988822 5.2021217
v 3.7002127 5.0988834 5.5000401
v 3.8002127 5.0988834 5.4000397
v 3.9002125 4.602217 5.7000399
v 4.0002127 4.602217 5.6000395
v 4.1002128 4.1988819 5.7000399
v 4.0002128 4.1988814 5.8000398
v 1.8985195 5.8988841 3.5000401
v 1.8002129 5.8988841 3.60004
v 1.500213 5.6988834 3.10004
v 1.4002129 5.6988834 3.2000401
v 1.1002129 5.3988822 2.7000399
v 1.000213 5.3988822 2.80004
v 0.900213 5.0988834 2.5000398
v 0.80021298 5.0988834 2.6000397
v 0.70021319 4.602217 2.3000398
v 0.60021305 4.6022165 2.4000399
v 2.800213 5.8988836 3.60004
v 2.7002129 5.8988836 3.5000401
v 3.2002129 5.6988834 3.2000401
v 3.1002129 5.6988834 3.1000402
v 3.6002129 5.3988836 2.8000402
v 3.500213 5.3988822 2.685061
v 3.800213 5.0988834 2.60004
v 3.700213 5.0988834 2.5000401
v 4.0002128 4.6022165 2.4000401
v 3.9002128 4.6022165 2.30004
v 4.1002131 4.1988819 2.30004
v 0.67686415 4.1988814 5.7248478
v 0.57540488 4.1988814 5.6233883
v 0.67686439 4.1988814 2.2752316
v 3.9235615 4.1988814 5.7248478
v 4.0250211 4.1988814 2.3766913
v 2.3918069 5.8992375 4.0002794
v 2.2084881 5.8992265 4.0000181
v 2.3002207 5.8992231 3.9082787
v 2.3000033 5.8992079 4.0919981
v 0.66456115 4.5607613 5.5356913
v 0.76456118 4.5607613 5.6356912
v 0.85706329 5.039419 5.3431892
v 0.95706332 5.039419 5.4431891
v 1.0430746 5.3193477 5.1571779
v 1.1430745 5.3193477 5.2571778
v 1.4286403 5.6073206 4.7716126
v 1.5286403 5.6073206 4.8716125
v 1.8182137 5.8021782 4.3820391
v 1.9182137 5.8021782 4.482039
v 0.57540512 4.1988814 2.3766909
v 0.76456141 4.5607617 2.3643885
v 0.66456139 4.5607608 2.4643884
v 0.95706356 5.039419 2.5568905
v 0.85706353 5.039419 2.6568904
v 1.1430749 5.3193477 2.7429018
v 1.0430748 5.3193477 2.8429017
v 1.5287046 5.6073297 3.1284311
v 1.4287015 5.6073278 3.2284281
v 1.9166317 5.8021916 3.5179987
v 1.8182657 5.8021696 3.6179399
v 3.8358642 4.5607617 5.6356916
v 3.9358642 4.5607617 5.5356913
v 4.0250208 4.1988814 5.6233883
v 3.6434704 5.0394719 5.4430261
v 3.7434645 5.0394829 5.3430209
v 3.4576027 5.3193191 5.2569818
v 3.5575013 5.3194283 5.1589613
v 3.0712357 5.6073659 4.8720255
v 3.1712086 5.6073855 4.7719893
v 2.68096 5.8023313 4.5023193
v 2.7816394 5.8020886 4.3831396
v 3.9358643 4.5607608 2.4643884
v 3.8358644 4.5607608 2.3643885
v 3.9235617 4.1988814 2.2752318
v 3.7422338 5.0397919 2.6561344
v 3.6422658 5.0397156 2.556087
v 3.5560054 5.3191703 2.8411679
v 3.4553412 5.319865 2.7268066
v 3.1713118 5.6072496 3.227751
v 3.0712846 5.6072648 3.1277721
v 2.7822121 5.8021782 3.6180408
v 2.6822121 5.8021782 3.5180409
v 2.2096072 5.801812 3.9988966
v 2.3002267 5.801812 3.9082701
v 2.2543644 5.7374704 3.9541345
v 2.3918129 5.801812 4.0002708
v 2.3460526 5.7374762 3.954294
v 2.3000093 5.801812 4.09199
v 2.2542617 5.7374623 4.046
v 2.3459026 5.7374681 4.0461373
v 2.3454455 5.7374762 3.9542928
v 2.2999988 5.7000011 4.0000005
v 2.3457268 5.7379373 3.9539669
v 4.000213 3.998884 2.0000401
v 0.60021317 3.998884 2.0000396
v 0.30021286 3.9988835 5.7000394
v 0.3002131 3.9988835 2.3000393
v 4.0002128 3.998884 6.0000401
v 0.60021293 3.998884 6.0000396
v 4.3002126 3.998884 5.7000399
v 4.3002131 3.998884 2.30004
v 0.60021293 3.998884 5.8000393
v 0.50021303 3.9988835 5.7000394
v 4.1002128 3.998884 5.7000399
v 4.0002128 3.998884 5.8000398
v 4.1002131 3.998884 2.30004
v 0.67686415 3.998884 5.7248478
v 0.57540488 3.998884 5.6233883
v 0.67686439 3.998884 2.2752316
v 3.9235615 3.998884 5.7248478
v 4.0250211 3.998884 2.3766913
v 0.57540512 3.998884 2.3766909
v 4.0250208 3.998884 5.6233883
v 3.9235617 3.998884 2.2752318
v 0.50310493 5.9988835 4.0000396
v 0.50021327 4.1988814 2.3000393
v 0.50310504 5.0988834 2.6000395
v 0.50310457 4.6011379 5.6000395
v 0.50310457 5.3988822 5.2000399
v 0.50310481 5.3988822 2.8000398
v 0.50021315 3.9988835 2.3000393
v 0.50310469 4.1988814 5.6970916
v 0.50310516 5.6988834 3.2000399
v 0.50310493 5.6988834 4.8000398
v 0.50310493 5.8988832 3.6000397
v 0.50310481 5.0988834 5.4000397
v 0.50310504 4.6011379 2.4000399
v 0.50310493 5.8988841 4.4000397
v 0.60021317 4.1988814 2.2000396
v 0.900213 5.0988834 2.2156694
v 1.1002129 5.3988822 2.2156694
v 1.8985196 5.8988836 2.2156696
v 2.700213 5.8988841 2.2156696
v 3.700213 5.0988834 2.2156696
v 3.1002129 5.6988834 2.2156696
v 4.000213 3.998884 2.2000399
v 0.70021319 4.6012796 2.2156694
v 0.60021317 3.998884 2.2000396
v 4.000213 4.198881 2.2000399
v 1.5002129 5.6988834 2.2156694
v 3.9002128 4.6012791 2.2156696
v 3.500213 5.3988822 2.2156696
v 2.3002129 5.9988835 2.2156696
v 4.1002131 5.0988834 2.60004
v 4.1002131 4.6011055 2.4000401
v 4.1002129 5.3988827 2.8000402
v 4.1002125 5.8988836 4.4000401
v 4.1002126 5.3988822 5.2021217
v 4.1002129 5.8988841 3.6000402
v 4.1002122 4.601106 5.6000395
v 4.1002131 5.6988834 3.2000403
v 4.1002127 5.9988835 4.0000401
v 4.1002126 5.6988834 4.8000402
v 4.1002122 5.0988834 5.4000397
v 1.5002127 5.6988834 5.8026114
v 2.7002127 5.8988832 5.8026118
v 2.3002129 5.9988835 5.8026118
v 3.5002128 5.3988822 5.8026118
v 1.9002128 5.8988841 5.8026114
v 3.9002125 4.602217 5.8026118
v 3.1002128 5.6988834 5.8026114
v 0.90021276 5.0988834 5.8026114
v 1.1002127 5.3988822 5.8026118
v 0.70021296 4.602217 5.8026118
v 3.7002127 5.0988834 5.8026118
v 4.2999598 4.598883 1.600215
v 4.2999595 5.098883 -1.399785
v 4.2999597 5.8988832 -0.40147877
v 4.2999598 4.1988814 1.7002151
v 4.2999595 5.8988836 0.40021491
v 4.2999597 4.598883 -1.5997853
v 4.2999597 5.6988829 -0.79978514
v 4.2999595 5.6988829 0.80021501
v 4.2999598 5.3988817 1.2002151
v 4.2999598 4.198881 -1.6997852
v 4.2999595 5.3988817 -1.1997852
v 4.2999598 5.098883 1.4002149
v 4.2999597 5.9988831 0.00021505356
v 0.59995997 4.1988814 -1.9997845
v 1.8999597 5.8988836 -1.9997849
v 3.8999596 4.598883 -1.9997849
v 3.0999596 5.6988829 -1.9997849
v 1.4999595 5.6988829 -1.9997849
v 1.0999596 5.3988817 -1.9997845
v 3.9999601 4.198881 -1.9997849
v 3.4999596 5.3988817 -1.9997849
v 2.2999597 5.9988831 -1.9997849
v 0.89995992 5.098883 -1.9997845
v 0.69995987 4.598883 -1.9997845
v 3.6999599 5.098883 -1.9997849
v 2.6999597 5.8988832 -1.9997849
v 0.2999599 5.6988829 -0.79978466
v 0.29995966 5.3988817 -1.1997852
v 0.2999599 4.198881 1.7002149
v 0.2999599 5.3988817 1.2002149
v 0.29995966 5.098883 -1.3997846
v 0.29995966 5.9988831 0.00021505356
v 0.29995966 4.6022161 -1.5997844
v 0.2999599 5.098883 1.4002149
v 0.29995966 5.8988832 0.40021491
v 0.29995966 4.198881 -1.6997848
v 0.29995966 5.8988836 -0.39978504
v 0.2999599 4.6022161 1.6002147
v 0.29995966 5.6988829 0.80021524
v 3.0999595 5.6988829 2.0002151
v 3.4999595 5.3988817 2.0002148
v 0.59995985 4.1988814 2.0002148
v 1.0978777 5.3988817 2.0002151
v 3.6999596 5.098883 2.0002148
v 3.8999597 4.598883 2.0002148
v 0.89995968 5.098883 2.0002151
v 1.8999595 5.8988832 2.0002151
v 3.9999596 4.1988814 2.0002146
v 2.6999595 5.8988836 2.0002151
v 0.69995975 4.598883 2.0002151
v 1.4999593 5.6988829 2.0002148
v 2.2999595 5.9988831 2.0002151
v 2.3999595 5.9988831 0.00021505356
v 2.2999595 5.9988831 0.1002152
v 2.1999596 5.9988831 0.00021505356
v 2.2999595 5.9988831 -0.099784851
v 1.8999595 5.8988832 -0.49978495
v 1.7999596 5.8988832 -0.39978504
v 1.4999595 5.6988829 -0.89978504
v 1.3999594 5.6988829 -0.79978466
v 1.0999594 5.3988817 -1.2997847
v 0.99995959 5.3988817 -1.1997852
v 0.89995944 5.098883 -1.4997845
v 0.79995966 5.098883 -1.3997846
v 0.69995987 4.602217 -1.6997848
v 0.59995973 4.6022165 -1.5997844
v 0.49995983 4.198881 -1.6997848
v 1.7801614 5.8988836 0.40021515
v 1.8999597 5.8988836 0.50021505
v 1.3999595 5.6988829 0.80021477
v 1.4999596 5.6988829 0.90021515
v 0.99995983 5.3988817 1.2002151
v 1.0978779 5.3988817 1.300215
v 0.79995978 5.098883 1.4002151
v 0.8999598 5.098883 1.5002151
v 0.59995985 4.6022165 1.6002147
v 0.69995987 4.6022165 1.7002149
v 0.59995985 4.1988814 1.8002148
v 0.49995983 4.198881 1.7002149
v 2.7999596 5.8988836 -0.40147829
v 2.6999595 5.8988836 -0.49978495
v 3.1999594 5.6988829 -0.79978514
v 3.0999594 5.6988829 -0.89978504
v 3.5999596 5.3988817 -1.1997852
v 3.4999593 5.3988817 -1.2997851
v 3.7999595 5.098883 -1.399785
v 3.6999595 5.098883 -1.4997849
v 3.9999595 4.6022165 -1.5997853
v 3.8999596 4.6022161 -1.6997852
v 2.6999597 5.8988832 0.50021505
v 2.7999596 5.8988832 0.40021515
v 3.0999594 5.6988829 0.90021467
v 3.1999595 5.6988829 0.80021477
v 3.4999595 5.3988832 1.3002148
v 3.6149389 5.3988817 1.2002149
v 3.6999599 5.098883 1.5002148
v 3.7999598 5.098883 1.4002147
v 3.8999594 4.6022161 1.7002149
v 3.9999597 4.6022161 1.600215
v 3.9999596 4.1988814 1.800215
v 0.5751518 4.198881 -1.6231337
v 0.67661119 4.1988814 -1.7245927
v 4.0247679 4.198881 -1.6231341
v 0.57515192 4.198881 1.6235635
v 3.9233085 4.198881 1.725023
v 2.2997201 5.899237 0.091809034
v 2.2999814 5.899226 -0.091509819
v 2.391721 5.8992227 0.00022268295
v 2.2080014 5.8992074 5.4836273e-06
v 0.76430821 4.5607608 -1.6354365
v 0.66430819 4.5607608 -1.5354366
v 0.95681012 5.0394185 -1.442934
v 0.85681021 5.0394185 -1.3429341
v 1.1428213 5.3193477 -1.2569232
v 1.0428215 5.3193477 -1.1569233
v 1.528387 5.6073206 -0.87135744
v 1.428387 5.6073206 -0.77135754
v 1.9179603 5.8021777 -0.48178387
v 1.8179604 5.8021777 -0.38178396
v 3.9233085 4.198881 -1.7245927
v 3.9356111 4.5607608 -1.5354366
v 3.8356112 4.5607603 -1.6354365
v 3.743109 5.0394185 -1.3429346
v 3.643109 5.0394185 -1.4429345
v 3.5570976 5.3193472 -1.1569233
v 3.4570975 5.3193472 -1.2569232
v 3.1715683 5.6073292 -0.77129316
v 3.0715714 5.6073273 -0.87129641
v 2.7820007 5.8021911 -0.38336611
v 2.6820596 5.8021691 -0.48173237
v 0.66430831 4.5607608 1.5358665
v 0.76430809 4.5607608 1.6358666
v 0.67661119 4.198881 1.7250228
v 0.85697353 5.0394714 1.3434727
v 0.95697904 5.0394824 1.4434669
v 1.0430179 5.3193186 1.1576049
v 1.1410384 5.3194278 1.2575035
v 1.427974 5.6073654 0.77123809
v 1.5280102 5.607385 0.87121081
v 1.7976801 5.8023308 0.38096213
v 1.9168602 5.8020881 0.48164153
v 3.8356112 4.5607603 1.6358662
v 3.9356112 4.5607603 1.5358665
v 4.0247679 4.1988814 1.6235638
v 3.6438653 5.0397909 1.4422357
v 3.7439128 5.0397146 1.3422678
v 3.4588317 5.3191698 1.2560072
v 3.5731928 5.3198646 1.1553431
v 3.0722486 5.6072491 0.87131381
v 3.1722275 5.6072643 0.77128649
v 2.6819588 5.8021777 0.48221421
v 2.7819588 5.8021777 0.38221431
v 2.301103 5.8018115 -0.090390682
v 2.3917293 5.8018115 0.00022888184
v 2.3458651 5.73747 -0.045633793
v 2.2997285 5.8018115 0.091815233
v 2.3457056 5.7374757 0.046054602
v 2.2080097 5.8018115 1.1444092e-05
v 2.2539994 5.7374619 -0.045736313
v 2.2538622 5.7374676 0.045904875
v 2.3457066 5.7374757 0.045447588
v 2.2999991 5.7000006 9.5367432e-07
v 2.3460328 5.7379368 0.045728922
v 4.2999598 3.9988835 1.7002151
v 4.2999598 3.9988835 -1.6997852
v 0.59995997 3.9988833 -1.9997845
v 3.9999601 3.9988833 -1.9997849
v 0.2999599 3.9988835 1.7002149
v 0.29995966 3.9988835 -1.6997848
v 0.59995985 3.9988835 2.0002148
v 3.9999596 3.9988835 2.0002146
v 0.49995983 3.9988835 -1.6997848
v 0.59995997 3.9988833 -1.7997847
v 0.59995985 3.9988835 1.8002148
v 0.49995983 3.9988835 1.7002149
v 3.9999596 3.9988835 1.800215
v 0.5751518 3.9988835 -1.6231337
v 0.67661119 3.9988835 -1.7245927
v 4.0247679 3.9988835 -1.6231341
v 0.57515192 3.9988835 1.6235635
v 3.9233085 3.9988835 1.725023
v 3.9233085 3.9988835 -1.7245927
v 0.67661119 3.9988835 1.7250228
v 4.0247679 3.9988835 1.6235638
v 2.2999597 5.9988831 -1.7968926
v 3.9999601 4.198881 -1.7997851
v 3.6999599 5.098883 -1.7968931
v 0.69995987 4.6011375 -1.7968926
v 1.0999595 5.3988817 -1.7968926
v 3.4999596 5.3988817 -1.7968931
v 3.9999601 3.9988833 -1.7997851
v 0.6029079 4.1988814 -1.7968926
v 3.0999595 5.6988829 -1.7968926
v 1.4999595 5.6988829 -1.7968926
v 2.6999596 5.8988832 -1.7968926
v 0.8999598 5.098883 -1.7968926
v 3.8999596 4.6011375 -1.7968931
v 1.8999597 5.8988836 -1.7968926
v 4.0999599 4.198881 -1.6997852
v 4.08433 5.098883 -1.399785
v 4.08433 5.3988817 -1.1997852
v 4.0843301 5.8988832 -0.40147877
v 4.08433 5.8988836 0.40021491
v 4.0843302 5.098883 1.4002149
v 4.08433 5.6988829 0.80021501
v 4.0999597 3.9988835 1.7002151
v 4.0843301 4.6012791 -1.5997853
v 4.0999599 3.9988835 -1.6997852
v 4.0999597 4.1988805 1.7002151
v 4.0843301 5.6988829 -0.79978514
v 4.0843302 4.6012786 1.600215
v 4.0843302 5.3988817 1.2002151
v 4.08433 5.9988831 0.00021505356
v 3.6999596 5.098883 1.800215
v 3.8999594 4.601105 1.8002152
v 3.4999595 5.3988822 1.8002148
v 1.8999595 5.8988832 1.8002145
v 1.0978777 5.3988817 1.800215
v 2.6999596 5.8988836 1.800215
v 0.69995987 4.6011055 1.8002143
v 3.0999595 5.6988829 1.800215
v 2.2999595 5.9988831 1.8002148
v 1.4999593 5.6988829 1.8002148
v 0.89995968 5.098883 1.8002145
v 0.49738812 5.6988829 -0.79978466
v 0.49738765 5.8988832 0.40021491
v 0.49738777 5.9988831 0.00021505356
v 0.49738777 5.3988817 1.2002149
v 0.49738812 5.8988836 -0.39978504
v 0.49738777 4.6022161 1.6002147
v 0.49738801 5.6988829 0.80021477
v 0.49738777 5.098883 -1.3997846
v 0.49738765 5.3988817 -1.1997852
v 0.49738777 4.6022161 -1.5997844
v 0.49738801 5.098883 1.4002149
v 3.9002135 4.598883 -5.9999604
v 0.9002136 5.098883 -5.9999604
v 1.8985202 5.8988832 -5.9999604
v 4.0002136 4.1988814 -5.9999604
v 2.7002136 5.8988836 -5.9999604
v 0.70021355 4.598883 -5.9999604
v 1.5002136 5.6988834 -5.9999604
v 3.1002136 5.6988834 -5.9999604
v 3.5002136 5.3988822 -5.9999604
v 0.60021377 4.1988814 -5.9999604
v 1.1002135 5.3988817 -5.9999604
v 3.7002136 5.0988834 -5.9999604
v 2.3002135 5.9988831 -5.9999604
v 0.30021346 4.1988814 -2.2999601
v 0.30021346 5.8988836 -3.5999603
v 0.30021358 4.598883 -5.5999599
v 0.30021358 5.6988829 -4.7999597
v 0.30021346 5.6988829 -3.1999598
v 0.30021334 5.3988817 -2.7999597
v 0.30021369 4.1988814 -5.6999602
v 0.30021358 5.3988817 -5.1999593
v 0.30021346 5.9988831 -3.9999595
v 0.30021334 5.098883 -2.5999603
v 0.30021334 4.598883 -2.3999605
v 0.30021358 5.098883 -5.39996
v 0.30021346 5.8988832 -4.39996
v 1.5002133 5.6988829 -1.9999604
v 1.1002133 5.3988817 -1.9999604
v 4.0002134 4.1988814 -1.9999604
v 3.5002134 5.3988817 -1.9999604
v 0.90021336 5.098883 -1.9999604
v 2.3002135 5.9988831 -1.9999604
v 0.70021355 4.6022161 -1.9999604
v 3.7002133 5.098883 -1.9999604
v 2.7002133 5.8988832 -1.9999604
v 0.60021353 4.1988814 -1.9999604
v 1.9002134 5.8988836 -1.9999604
v 3.9002131 4.6022161 -1.9999604
v 3.1002135 5.6988829 -1.9999604
v 4.3002136 5.6988834 -4.7999597
v 4.3002136 5.3988822 -5.1999593
v 4.3002133 4.1988814 -2.2999601
v 4.3002133 5.3988817 -2.7978778
v 4.3002136 5.0988834 -5.39996
v 4.3002136 4.598883 -5.5999599
v 4.3002133 5.098883 -2.5999603
v 4.3002133 5.8988832 -3.5999599
v 4.3002136 4.1988814 -5.6999593
v 4.3002136 5.8988836 -4.39996
v 4.3002133 4.598883 -2.3999605
v 4.3002133 5.6988834 -3.1999598
v 4.3002136 5.9988831 -3.9999595
v 2.3002135 5.9988831 -4.0999599
v 2.4002134 5.9988831 -3.9999595
v 2.3002135 5.9988831 -3.8999596
v 2.2002135 5.9988831 -3.9999595
v 1.8002135 5.8988832 -3.5999599
v 1.9002135 5.8988832 -3.4999595
v 1.4002134 5.6988829 -3.1999598
v 1.5002134 5.6988829 -3.0999599
v 1.0002134 5.3988817 -2.7999597
v 1.1002133 5.3988817 -2.6999602
v 0.80021334 5.098883 -2.5999599
v 0.90021336 5.098883 -2.4999604
v 0.60021341 4.602217 -2.3999605
v 0.70021355 4.602217 -2.2999601
v 0.60021353 4.1988814 -2.1999602
v 2.7002135 5.8988836 -3.4801617
v 2.8002135 5.8988836 -3.5999599
v 3.1002133 5.6988829 -3.0999599
v 3.2002134 5.6988829 -3.1999598
v 3.5002134 5.3988817 -2.6999602
v 3.6002133 5.3988817 -2.7978778
v 3.7002133 5.098883 -2.4999604
v 3.8002133 5.098883 -2.5999603
v 3.9002131 4.602217 -2.2999601
v 4.0002133 4.602217 -2.3999605
v 4.1002134 4.1988814 -2.2999601
v 4.0002134 4.1988814 -2.1999602
v 1.8985201 5.8988836 -4.4999595
v 1.8002135 5.8988836 -4.39996
v 1.5002136 5.6988829 -4.89996
v 1.4002135 5.6988829 -4.7999597
v 1.1002135 5.3988817 -5.2999606
v 1.0002136 5.3988817 -5.1999593
v 0.9002136 5.098883 -5.4999604
v 0.80021358 5.098883 -5.39996
v 0.70021379 4.602217 -5.6999593
v 0.60021365 4.6022161 -5.5999599
v 2.8002136 5.8988832 -4.39996
v 2.7002136 5.8988832 -4.4999595
v 3.2002135 5.6988834 -4.7999597
v 3.1002135 5.6988834 -4.89996
v 3.6002135 5.3988832 -5.1999593
v 3.5002136 5.3988822 -5.314939
v 3.8002136 5.0988834 -5.39996
v 3.7002136 5.0988834 -5.4999604
v 4.0002134 4.6022161 -5.5999599
v 3.9002134 4.6022161 -5.6999602
v 4.1002136 4.1988814 -5.6999593
v 0.67686474 4.1988814 -2.2751522
v 0.57540548 4.1988814 -2.3766112
v 0.67686498 4.1988814 -5.7247682
v 3.923562 4.1988814 -2.2751522
v 4.0250217 4.1988814 -5.6233087
v 2.3918075 5.899237 -3.9997206
v 2.2084887 5.899226 -3.9999819
v 2.3002213 5.8992231 -4.0917211
v 2.3000039 5.8992079 -3.9080019
v 0.66456175 4.5607608 -2.4643083
v 0.76456177 4.5607608 -2.3643084
v 0.85706389 5.0394185 -2.6568103
v 0.95706391 5.0394185 -2.5568109
v 1.0430752 5.3193477 -2.8428216
v 1.1430751 5.3193477 -2.7428217
v 1.4286409 5.6073206 -3.2283874
v 1.5286409 5.6073206 -3.1283875
v 1.8182143 5.8021777 -3.6179609
v 1.9182143 5.8021777 -3.5179605
v 0.57540572 4.1988814 -5.6233087
v 0.76456201 4.5607613 -5.6356111
v 0.66456199 4.5607608 -5.5356116
v 0.95706415 5.0394185 -5.44311
v 0.85706413 5.0394185 -5.3431096
v 1.1430755 5.3193477 -5.2570977
v 1.0430754 5.3193477 -5.1570973
v 1.5287052 5.6073292 -4.8715682
v 1.4287021 5.6073273 -4.7715716
v 1.9166323 5.8021911 -4.4820008
v 1.8182663 5.8021691 -4.3820596
v 3.8358648 4.5607613 -2.3643084
v 3.9358648 4.5607613 -2.4643083
v 4.0250214 4.1988814 -2.3766112
v 3.643471 5.0394714 -2.5569739
v 3.7434651 5.0394824 -2.6569796
v 3.4576033 5.3193191 -2.7430182
v 3.5575019 5.3194283 -2.8410387
v 3.0712363 5.6073659 -3.127974
v 3.1712092 5.6073855 -3.2280107
v 2.6809606 5.8023308 -3.4976807
v 2.78164 5.8020881 -3.6168604
v 3.9358649 4.5607608 -5.5356116
v 3.835865 4.5607608 -5.6356111
v 3.9235623 4.1988814 -5.7247682
v 3.7422343 5.0397914 -5.3438649
v 3.6422664 5.0397151 -5.443913
v 3.556006 5.3191703 -5.1588321
v 3.4553418 5.3198646 -5.2731929
v 3.1713124 5.6072491 -4.7722487
v 3.0712852 5.6072643 -4.8722281
v 2.7822127 5.8021777 -4.3819594
v 2.6822127 5.8021777 -4.4819589
v 2.2096078 5.8018115 -4.0011039
v 2.3002273 5.8018115 -4.0917296
v 2.254365 5.73747 -4.0458655
v 2.3918135 5.8018115 -3.9997292
v 2.3460532 5.7374757 -4.0457063
v 2.30001 5.8018115 -3.90801
v 2.2542623 5.7374623 -3.9539995
v 2.3459032 5.7374676 -3.9538622
v 2.3454461 5.7374757 -4.0457063
v 2.2999994 5.7000006 -3.9999995
v 2.3457274 5.7379373 -4.0460334
v 4.0002136 3.998884 -5.9999604
v 0.60021377 3.9988838 -5.9999604
v 0.30021346 3.9988833 -2.2999601
v 0.30021369 3.9988835 -5.6999602
v 4.0002134 3.9988838 -1.9999604
v 0.60021353 3.9988835 -1.9999604
v 4.3002133 3.9988838 -2.2999601
v 4.3002136 3.998884 -5.6999593
v 0.60021353 3.9988835 -2.1999602
v 0.50021362 3.9988833 -2.2999601
v 4.1002134 3.9988838 -2.2999601
v 4.0002134 3.9988838 -2.1999602
v 4.1002136 3.998884 -5.6999593
v 0.67686474 3.9988835 -2.2751522
v 0.57540548 3.9988835 -2.3766112
v 0.67686498 3.9988838 -5.7247682
v 3.923562 3.9988838 -2.2751522
v 4.0250217 3.998884 -5.6233087
v 0.57540572 3.9988838 -5.6233087
v 4.0250214 3.9988838 -2.3766112
v 3.9235623 3.998884 -5.7247682
v 0.50310552 5.9988831 -3.9999595
v 0.50021386 4.1988814 -5.6999602
v 0.50310564 5.098883 -5.39996
v 0.50310516 4.6011375 -2.3999605
v 0.50310516 5.3988817 -2.7999597
v 0.5031054 5.3988817 -5.1999593
v 0.50021374 3.9988835 -5.6999602
v 0.50310528 4.1988814 -2.3029084
v 0.50310576 5.6988829 -4.7999597
v 0.50310564 5.6988829 -3.1999598
v 0.50310552 5.8988832 -4.39996
v 0.5031054 5.098883 -2.5999603
v 0.50310564 4.6011375 -5.5999599
v 0.50310552 5.8988836 -3.5999599
v 0.60021377 4.1988814 -5.7999606
v 0.9002136 5.098883 -5.7843299
v 1.1002135 5.3988817 -5.7843299
v 1.8985202 5.8988832 -5.7843299
v 2.7002136 5.8988836 -5.7843299
v 3.7002136 5.0988834 -5.7843299
v 3.1002135 5.6988834 -5.7843299
v 4.0002136 3.998884 -5.7999606
v 0.70021379 4.6012796 -5.7843299
v 0.60021377 3.9988838 -5.7999606
v 4.0002136 4.198881 -5.7999606
v 1.5002135 5.6988834 -5.7843299
v 3.9002134 4.6012786 -5.7843299
v 3.5002136 5.3988822 -5.7843299
v 2.3002135 5.9988831 -5.7843299
v 4.1002136 5.0988834 -5.39996
v 4.1002136 4.601105 -5.5999599
v 4.1002135 5.3988822 -5.1999593
v 4.1002131 5.8988832 -3.5999599
v 4.1002132 5.3988817 -2.7978778
v 4.1002135 5.8988836 -4.39996
v 4.1002128 4.601106 -2.3999605
v 4.1002136 5.6988834 -4.7999597
v 4.1002133 5.9988831 -3.9999595
v 4.1002133 5.6988834 -3.1999598
v 4.1002128 5.098883 -2.5999603
v 1.5002133 5.6988829 -2.1973882
v 2.7002134 5.8988832 -2.1973882
v 2.3002135 5.9988831 -2.1973882
v 3.5002134 5.3988817 -2.1973882
v 1.9002134 5.8988836 -2.1973882
v 3.9002131 4.6022165 -2.1973882
v 3.1002133 5.6988829 -2.1973882
v 0.90021336 5.098883 -2.1973882
v 1.1002133 5.3988817 -2.1973882
v 0.70021355 4.6022165 -2.1973882
v 3.7002133 5.098883 -2.1973882
v -3.6999612 4.598883 -1.6002135
v -3.6999621 5.098883 1.3997865
v -3.6999617 5.8988827 0.40147996
v -3.6999612 4.1988814 -1.7002134
v -3.6999617 5.8988836 -0.40021372
v -3.6999621 4.598883 1.5997865
v -3.6999617 5.6988829 0.79978657
v -3.6999617 5.6988829 -0.80021334
v -3.6999612 5.3988817 -1.2002134
v -3.6999621 4.198881 1.6997864
v -3.6999621 5.3988817 1.1997864
v -3.6999612 5.098883 -1.4002137
v -3.6999617 5.9988831 -0.00021362305
v 3.8146973e-05 4.198881 1.9997869
v -1.2999618 5.8988832 1.9997869
v -3.299962 4.598883 1.9997864
v -2.4999619 5.6988829 1.9997866
v -0.89996147 5.6988829 1.9997869
v -0.49996161 5.3988817 1.9997869
v -3.3999619 4.198881 1.9997864
v -2.8999619 5.3988817 1.9997864
v -1.6999617 5.9988826 1.9997869
v -0.29996181 5.098883 1.9997869
v -0.099961996 4.598883 1.9997869
v -3.0999622 5.098883 1.9997864
v -2.0999622 5.8988827 1.9997869
v 0.30003846 5.6988829 0.79978704
v 0.30003822 5.3988817 1.1997869
v 0.30003893 4.1988814 -1.700213
v 0.3000387 5.3988817 -1.200213
v 0.30003822 5.098883 1.3997869
v 0.30003858 5.9988831 -0.00021314621
v 0.30003822 4.6022161 1.5997868
v 0.3000387 5.098883 -1.4002132
v 0.30003858 5.8988832 -0.40021276
v 0.30003822 4.198881 1.6997869
v 0.30003846 5.8988836 0.39978695
v 0.30003881 4.6022161 -1.6002126
v 0.30003858 5.6988829 -0.80021286
v -2.4999609 5.6988829 -2.0002136
v -2.899961 5.3988817 -2.0002136
v 3.8862228e-05 4.1988814 -2.0002131
v -0.49787903 5.3988817 -2.0002131
v -3.0999608 5.098883 -2.0002136
v -3.2999611 4.598883 -2.0002136
v -0.29996109 5.098883 -2.0002131
v -1.2999611 5.8988832 -2.0002136
v -3.399961 4.1988814 -2.0002136
v -2.0999608 5.8988836 -2.0002136
v -0.099961281 4.598883 -2.0002131
v -0.89996076 5.6988829 -2.0002136
v -1.6999609 5.9988831 -2.0002136
v -1.7999611 5.9988831 -0.00021362305
v -1.6999612 5.9988831 -0.10021353
v -1.5999613 5.9988831 -0.00021362305
v -1.6999612 5.9988831 0.099786758
v -1.2999613 5.8988827 0.49978662
v -1.1999617 5.8988827 0.39978671
v -0.89996123 5.6988829 0.89978695
v -0.79996133 5.6988829 0.79978704
v -0.49996138 5.3988817 1.299787
v -0.39996195 5.3988817 1.1997869
v -0.29996157 5.098883 1.4997871
v -0.19996166 5.098883 1.3997869
v -0.099961996 4.6022165 1.6997869
v 3.8146973e-05 4.6022165 1.5997868
v 0.10003829 4.198881 1.6997869
v -1.1801634 5.8988836 -0.40021372
v -1.2999616 5.8988836 -0.50021362
v -0.79996109 5.6988829 -0.80021286
v -0.89996099 5.6988829 -0.90021324
v -0.39996099 5.3988817 -1.200213
v -0.49787951 5.3988817 -1.3002129
v -0.19996119 5.098883 -1.4002132
v -0.29996109 5.098883 -1.5002131
v 3.8862228e-05 4.602217 -1.6002126
v -0.099961281 4.602217 -1.700213
v 3.8862228e-05 4.1988814 -1.8002129
v 0.10003877 4.1988814 -1.700213
v -2.1999612 5.8988836 0.4014802
v -2.0999608 5.8988836 0.49978662
v -2.5999608 5.6988829 0.79978657
v -2.4999614 5.6988829 0.89978647
v -2.9999619 5.3988817 1.1997864
v -2.8999615 5.3988817 1.2997863
v -3.1999621 5.098883 1.3997865
v -3.0999622 5.098883 1.4997864
v -3.3999619 4.6022165 1.5997863
v -3.299962 4.6022161 1.6997864
v -2.0999613 5.8988832 -0.50021362
v -2.1999612 5.8988832 -0.40021372
v -2.4999609 5.6988829 -0.90021372
v -2.5999608 5.6988829 -0.80021334
v -2.899961 5.3988832 -1.3002133
v -3.0149403 5.3988817 -1.2002134
v -3.0999618 5.098883 -1.5002136
v -3.1999612 5.098883 -1.4002137
v -3.2999611 4.6022161 -1.7002134
v -3.399961 4.6022161 -1.6002135
v -3.399961 4.1988814 -1.8002133
v 0.024846315 4.198881 1.6231356
v -0.076612949 4.198881 1.7245951
v -3.4247699 4.198881 1.6231351
v 0.024846792 4.1988814 -1.6235614
v -3.3233099 4.1988814 -1.7250218
v -1.6997221 5.899237 -0.091807365
v -1.6999831 5.899226 0.091511488
v -1.7917223 5.8992227 -0.00022125244
v -1.6080031 5.8992074 -3.8146973e-06
v -0.16431022 4.5607608 1.6354384
v -0.064310074 4.5607608 1.5354385
v -0.35681224 5.0394185 1.4429364
v -0.25681233 5.0394185 1.3429363
v -0.54282331 5.3193472 1.2569251
v -0.44282341 5.3193472 1.156925
v -0.92838907 5.6073201 0.87135959
v -0.82838893 5.6073201 0.77135968
v -1.3179624 5.8021777 0.48178601
v -1.2179623 5.8021777 0.38178587
v -3.3233104 4.198881 1.7245944
v -3.3356133 4.5607608 1.5354381
v -3.2356133 4.5607603 1.635438
v -3.1431117 5.0394185 1.3429358
v -3.0431113 5.0394185 1.4429359
v -2.9570994 5.3193472 1.1569245
v -2.8570995 5.3193472 1.2569244
v -2.5715699 5.6073287 0.77129483
v -2.4715734 5.6073273 0.87129807
v -2.1820025 5.8021911 0.38336802
v -2.0820613 5.8021691 0.48173404
v -0.064309597 4.5607613 -1.5358644
v -0.16430974 4.5607613 -1.6358643
v -0.076612473 4.1988814 -1.7250209
v -0.25697494 5.0394714 -1.3434706
v -0.35698032 5.0394824 -1.4434643
v -0.44301939 5.3193191 -1.1576028
v -0.54103971 5.3194283 -1.2575011
v -0.82797551 5.6073659 -0.77123547
v -0.92801189 5.607385 -0.87120914
v -1.1976819 5.8023308 -0.38096046
v -1.3168619 5.8020881 -0.48163986
v -3.2356129 4.5607608 -1.6358647
v -3.3356128 4.5607608 -1.5358653
v -3.4247694 4.1988814 -1.6235619
v -3.0438666 5.0397914 -1.4422345
v -3.1439142 5.0397151 -1.3422666
v -2.8588328 5.3191698 -1.2560058
v -2.9731946 5.3198646 -1.1553416
v -2.47225 5.6072491 -0.87131262
v -2.5722289 5.6072643 -0.77128506
v -2.0819607 5.8021777 -0.48221254
v -2.1819606 5.8021777 -0.38221264
v -1.7011046 5.8018115 0.09039259
v -1.7917309 5.8018115 -0.00022745132
v -1.7458668 5.73747 0.045635462
v -1.6997302 5.8018115 -0.091813564
v -1.745707 5.7374757 -0.046052933
v -1.6080115 5.8018115 -1.001358e-05
v -1.6540012 5.7374619 0.045737982
v -1.6538641 5.7374676 -0.045903206
v -1.7457085 5.7374757 -0.045445919
v -1.700001 5.7000006 9.5367432e-07
v -1.7460341 5.7379368 -0.045727253
v -3.6999612 3.9988835 -1.7002134
v -3.6999621 3.9988835 1.6997864
v 3.8146973e-05 3.9988831 1.9997869
v -3.3999619 3.9988831 1.9997864
v 0.30003893 3.9988835 -1.700213
v 0.30003822 3.9988835 1.6997869
v 3.8862228e-05 3.9988835 -2.0002131
v -3.399961 3.9988835 -2.0002136
v 0.10003829 3.9988835 1.6997869
v 3.8146973e-05 3.9988831 1.7997868
v 3.8862228e-05 3.9988835 -1.8002129
v 0.10003877 3.9988835 -1.700213
v -3.399961 3.9988835 -1.8002133
v 0.024846315 3.9988835 1.6231356
v -0.076612949 3.9988835 1.7245951
v -3.4247699 3.9988835 1.6231351
v 0.024846792 3.9988835 -1.6235614
v -3.3233099 3.9988835 -1.7250218
v -3.3233104 3.9988835 1.7245944
v -0.076612473 3.9988835 -1.7250209
v -3.4247694 3.9988835 -1.6235619
v -1.6999617 5.9988826 1.7968948
v -3.3999619 4.198881 1.7997863
v -3.0999622 5.098883 1.7968943
v -0.099961996 4.6011375 1.796895
v -0.49996161 5.3988817 1.796895
v -2.8999619 5.3988817 1.7968946
v -3.3999619 3.9988831 1.7997863
v -0.0029096603 4.198881 1.796895
v -2.4999619 5.6988829 1.7968943
v -0.89996147 5.6988829 1.7968946
v -2.0999618 5.8988827 1.7968948
v -0.29996181 5.098883 1.796895
v -3.299962 4.6011375 1.7968943
v -1.2999616 5.8988832 1.7968948
v -3.4999619 4.198881 1.6997864
v -3.4843321 5.098883 1.3997865
v -3.4843321 5.3988817 1.1997864
v -3.4843316 5.8988827 0.40147996
v -3.4843316 5.8988836 -0.40021372
v -3.4843316 5.098883 -1.4002137
v -3.4843316 5.6988829 -0.80021334
v -3.4999609 3.9988835 -1.7002134
v -3.4843321 4.6012791 1.5997863
v -3.4999619 3.9988835 1.6997864
v -3.4999609 4.1988805 -1.7002134
v -3.4843316 5.6988829 0.79978657
v -3.4843316 4.6012786 -1.6002135
v -3.4843316 5.3988817 -1.2002134
v -3.4843316 5.9988831 -0.00021362305
v -3.0999608 5.098883 -1.8002133
v -3.2999611 4.601105 -1.8002133
v -2.899961 5.3988822 -1.8002133
v -1.2999611 5.8988832 -1.8002129
v -0.49787903 5.3988817 -1.8002124
v -2.0999608 5.8988836 -1.8002133
v -0.099961281 4.601106 -1.8002124
v -2.4999609 5.6988829 -1.8002133
v -1.6999609 5.9988831 -1.8002133
v -0.89996076 5.6988829 -1.8002133
v -0.29996109 5.098883 -1.8002124
v 0.10261011 5.6988829 0.79978704
v 0.10261035 5.8988832 -0.40021276
v 0.10261035 5.9988831 -0.00021314621
v 0.10261083 5.3988817 -1.200213
v 0.10261011 5.8988836 0.39978695
v 0.10261083 4.6022165 -1.6002126
v 0.10261035 5.6988829 -0.80021286
v 0.10261011 5.098883 1.3997869
v 0.10261035 5.3988817 1.1997869
v 0.10261035 4.6022161 1.5997868
v 0.10261059 5.098883 -1.4002132
v -4.0463133 3.4000002 -1.6536877
v -4.0463133 3.4000002 -2.3463123
v -3.3536892 3.4000002 -2.3463123
v -3.3536892 3.4000002 -1.6536877
v -4.0463133 0.60000032 -2.3463123
v -3.3536892 0.60000032 -2.3463123
v -3.3536892 0.60000032 -1.6536877
v -4.0463133 0.60000032 -1.6536877
v -4.1000013 3.8466014e-07 -2.4000001
v -4.1000013 3.8466014e-07 -1.6
v -4.1000013 3.5000003 -1.6
v -4.1000013 4.0000003 -1.6
v -4.1000013 4.0000003 -2.4000001
v -4.1000013 0.50000036 -2.4000001
v -3.3000011 3.8466014e-07 -2.4000001
v -3.3000011 4.0000003 -2.4000001
v -3.3000011 0.50000036 -2.4000001
v -3.3000011 3.8466014e-07 -1.6
v -3.3000011 4.0000003 -1.6
v -3.3000011 0.50000036 -1.6
v -4.1000013 3.5000003 -2.4000001
v -3.3000011 3.5000003 -2.4000001
v -3.3000011 3.5000003 -1.6
v -4.1000013 0.50000036 -1.6
v 3.9536886 3.3999999 2.346312
v 3.9536886 3.3999999 1.6536877
v 4.6463132 3.3999999 1.6536877
v 4.6463132 3.3999999 2.346312
v 3.9536886 0.60000014 1.6536877
v 4.6463132 0.60000014 1.6536877
v 4.6463132 0.60000014 2.346312
v 3.9536886 0.60000014 2.346312
v 3.900001 2.098146e-07 1.5999999
v 3.900001 2.098146e-07 2.4000001
v 3.900001 3.4999998 2.4000001
v 3.900001 3.9999998 2.4000001
v 3.900001 3.9999998 1.5999999
v 3.900001 0.50000018 1.5999999
v 4.7000012 2.098146e-07 1.5999999
v 4.7000012 3.9999998 1.5999999
v 4.7000012 0.50000018 1.5999999
v 4.7000012 2.098146e-07 2.4000001
v 4.7000012 3.9999998 2.4000001
v 4.7000012 0.50000018 2.4000001
v 3.900001 3.4999998 1.5999999
v 4.7000012 3.4999998 1.5999999
v 4.7000012 3.4999998 2.4000001
v 3.900001 0.50000018 2.4000001
v -0.04631114 3.4000006 -5.6536875
v -0.04631114 3.4000006 -6.346312
v 0.64631319 3.4000006 -6.346312
v 0.64631319 3.4000006 -5.6536875
v -0.04631114 0.60000056 -6.346312
v 0.64631319 0.60000056 -6.346312
v 0.64631319 0.60000056 -5.6536875
v -0.04631114 0.60000056 -5.6536875
v -0.099998951 5.5950565e-07 -6.4000001
v -0.099998951 5.5950565e-07 -5.5999999
v -0.099998951 3.5000005 -5.5999999
v -0.099998951 4.0000003 -5.5999999
v -0.099998951 4.0000003 -6.4000001
v -0.099998951 0.50000054 -6.4000001
v 0.70000124 5.5950565e-07 -6.4000001
v 0.70000124 4.0000003 -6.4000001
v 0.70000124 0.50000054 -6.4000001
v 0.70000124 5.5950565e-07 -5.5999999
v 0.70000124 4.0000003 -5.5999999
v 0.70000124 0.50000054 -5.5999999
v -0.099998951 3.5000005 -6.4000001
v 0.70000124 3.5000005 -6.4000001
v 0.70000124 3.5000005 -5.5999999
v -0.099998951 0.50000054 -5.5999999
v -0.04631114 3.3999999 6.3463125
v -0.04631114 3.3999999 5.6536875
v 0.64631319 3.3999999 5.6536875
v 0.64631319 3.3999999 6.3463125
v -0.04631114 0.60000002 5.6536875
v 0.64631319 0.60000002 5.6536875
v 0.64631319 0.60000002 6.3463125
v -0.04631114 0.60000002 6.3463125
v -0.099998951 3.4969048e-08 5.5999999
v -0.099998951 3.4969048e-08 6.3999996
v -0.099998951 3.4999998 6.3999996
v -0.099998951 3.9999998 6.3999996
v -0.099998951 3.9999998 5.5999999
v -0.099998951 0.50000003 5.5999999
v 0.70000124 3.4969048e-08 5.5999999
v 0.70000124 3.9999998 5.5999999
v 0.70000124 0.50000003 5.5999999
v 0.70000124 3.4969048e-08 6.3999996
v 0.70000124 3.9999998 6.3999996
v 0.70000124 0.50000003 6.3999996
v -0.099998951 3.4999998 5.5999999
v 0.70000124 3.4999998 5.5999999
v 0.70000124 3.4999998 6.3999996
v -0.099998951 0.50000003 6.3999996
v 3.9536886 3.3999999 5.6536875
v 4.6463132 3.3999999 5.6536875
v 4.6463132 3.3999999 6.3463125
v 3.9536886 3.3999999 6.3463125
v 4.6463132 0.60000002 5.6536875
v 4.6463132 0.59999996 6.3463125
v 3.9536886 0.60000002 6.3463125
v 3.9536886 0.60000002 5.6536875
v 4.7000012 3.4969048e-08 5.5999999
v 3.900001 6.9938167e-08 5.5999999
v 3.900001 3.4999998 5.5999999
v 3.900001 3.9999998 5.5999999
v 4.7000012 3.9999998 5.5999999
v 4.7000012 0.50000003 5.5999999
v 4.7000012 0 6.3999996
v 4.7000012 3.9999998 6.3999996
v 4.7000012 0.5 6.3999996
v 3.900001 3.4969048e-08 6.3999996
v 3.900001 3.9999998 6.3999996
v 3.900001 0.50000003 6.3999996
v 4.7000012 3.4999998 5.5999999
v 4.7000012 3.4999998 6.3999996
v 3.900001 3.4999998 6.3999996
v 3.900001 0.50000006 5.5999999
v -4.0463109 3.3999999 1.653688
v -3.3536863 3.3999999 1.6536877
v -3.3536863 3.3999999 2.346312
v -4.0463109 3.3999999 2.3463125
v -3.3536863 0.60000014 1.6536877
v -3.3536863 0.60000014 2.346312
v -4.0463109 0.60000014 2.346312
v -4.0463109 0.6000002 1.6536877
v -3.2999988 2.098146e-07 1.5999999
v -4.099999 2.4478372e-07 1.5999999
v -4.0999985 3.4999998 1.6000001
v -4.0999985 3.9999998 1.6000001
v -3.2999988 3.9999998 1.5999999
v -3.2999988 0.50000018 1.5999999
v -3.2999988 1.748455e-07 2.4000001
v -3.2999988 3.9999998 2.4000001
v -3.2999988 0.50000015 2.4000001
v -4.099999 2.098146e-07 2.4000001
v -4.0999985 3.9999998 2.4000001
v -4.099999 0.50000018 2.4000001
v -3.2999988 3.4999998 1.5999999
v -3.2999988 3.4999998 2.4000001
v -4.0999985 3.4999998 2.4000001
v -4.099999 0.50000024 1.5999999
v 3.9536886 3.4000006 -6.346312
v 4.6463132 3.4000006 -6.346312
v 4.6463132 3.4000006 -5.6536875
v 3.9536886 3.4000006 -5.6536875
v 4.6463132 0.60000056 -6.346312
v 4.6463132 0.6000005 -5.6536875
v 3.9536886 0.60000056 -5.6536875
v 3.9536886 0.60000056 -6.346312
v 4.7000012 5.5950565e-07 -6.4000001
v 3.900001 5.9447476e-07 -6.4000001
v 3.900001 3.5000005 -6.3999996
v 3.900001 4.0000003 -6.3999996
v 4.7000012 4.0000003 -6.4000001
v 4.7000012 0.50000054 -6.4000001
v 4.7000012 5.2453655e-07 -5.5999999
v 4.7000012 4.0000003 -5.5999999
v 4.7000012 0.50000048 -5.5999999
v 3.900001 5.5950565e-07 -5.5999999
v 3.900001 4.0000003 -5.5999994
v 3.900001 0.50000054 -5.5999999
v 4.7000012 3.5000005 -6.4000001
v 4.7000012 3.5000005 -5.5999999
v 3.900001 3.5000005 -5.5999994
v 3.900001 0.5000006 -6.4000001
v -0.04631114 3.4000002 -2.346312
v 0.64631319 3.4000002 -2.346312
v 0.64631367 3.4000002 -1.6536876
v -0.046310902 3.4000002 -1.6536876
v 0.64631319 0.60000032 -2.3463123
v 0.64631319 0.60000032 -1.6536877
v -0.04631114 0.60000032 -1.6536877
v -0.04631114 0.60000038 -2.346312
v 0.70000124 3.8466014e-07 -2.4000001
v -0.099998951 4.1962925e-07 -2.3999999
v -0.099998951 3.5000003 -2.3999999
v -0.099998951 4.0000003 -2.3999999
v 0.70000124 4.0000003 -2.3999999
v 0.70000124 0.50000036 -2.4000001
v 0.70000124 3.4969104e-07 -1.6
v 0.70000124 4.0000003 -1.5999999
v 0.70000124 0.5000003 -1.6
v -0.099998951 3.8466014e-07 -1.5999999
v -0.099998474 4.0000003 -1.5999998
v -0.099998951 0.50000036 -1.5999999
v 0.70000124 3.5000003 -2.3999999
v 0.70000124 3.5000003 -1.5999999
v -0.099998474 3.5000003 -1.5999998
v -0.099998951 0.50000036 -2.3999999
v 3.9536886 3.4000002 -1.6536877
v 3.9536886 3.4000002 -2.3463123
v 4.6463132 3.4000002 -2.3463123
v 4.6463132 3.4000002 -1.6536877
v 3.9536886 0.60000032 -2.3463123
v 4.6463132 0.60000032 -2.3463123
v 4.6463132 0.60000032 -1.6536877
v 3.9536886 0.60000032 -1.6536877
v 3.900001 3.8466014e-07 -2.4000001
v 3.900001 3.8466014e-07 -1.6
v 3.900001 3.5000003 -1.6
v 3.900001 4.0000003 -1.6
v 3.900001 4.0000003 -2.4000001
v 3.900001 0.50000036 -2.4000001
v 4.7000012 3.8466014e-07 -2.4000001
v 4.7000012 4.0000003 -2.4000001
v 4.7000012 0.50000036 -2.4000001
v 4.7000012 3.8466014e-07 -1.6
v 4.7000012 4.0000003 -1.6
v 4.7000012 0.50000036 -1.6
v 3.900001 3.5000003 -2.4000001
v 4.7000012 3.5000003 -2.4000001
v 4.7000012 3.5000003 -1.6
v 3.900001 0.50000036 -1.6
v -0.04631114 3.3999999 2.346312
v -0.04631114 3.3999999 1.6536877
v 0.64631319 3.3999999 1.6536877
v 0.64631319 3.3999999 2.346312
v -0.04631114 0.60000014 1.6536877
v 0.64631319 0.60000014 1.6536877
v 0.64631319 0.60000014 2.346312
v -0.04631114 0.60000014 2.346312
v -0.099998951 2.098146e-07 1.5999999
v -0.099998951 2.098146e-07 2.4000001
v -0.099998951 3.4999998 2.4000001
v -0.099998951 3.9999998 2.4000001
v -0.099998951 3.9999998 1.5999999
v -0.099998951 0.50000018 1.5999999
v 0.70000124 2.098146e-07 1.5999999
v 0.70000124 3.9999998 1.5999999
v 0.70000124 0.50000018 1.5999999
v 0.70000124 2.098146e-07 2.4000001
v 0.70000124 3.9999998 2.4000001
v 0.70000124 0.50000018 2.4000001
v -0.099998951 3.4999998 1.5999999
v 0.70000124 3.4999998 1.5999999
v 0.70000124 3.4999998 2.4000001
v -0.099998951 0.50000018 2.4000001
vt 1.2855051 0.44740814
vt 1 0.55111891
vt -0.00037944317 -0.072636597
vt 1 0
vt 0.09006542 0.32640779
vt 0.60507929 0.44773307
vt 0.671875 0.40625
vt 0.26651913 0.55111891
vt 1 0.55111891
vt 0.90993458 0.32640779
vt 0.74350238 0.18572773
vt 0.70243406 0.44980022
vt 0.54125321 0.50457662
vt 0.031503052 0.18000245
vt 0.671875 0.40625
vt 0.031503379 0.18000245
vt 0.063065231 0.89201838
vt 0.26651913 0.55111891
vt 1.499269 0.53746992
vt 1.499269 0.44740811
vt 0.80696833 0.41238776
vt 0.66672039 0.12938303
vt 0.72081113 -0.023634687
vt 0.38377619 0.41238776
vt 0.76552641 0.44980022
vt 0.74073184 0.0039062798
vt 0.6666193 0.53644216
vt 0.99999988 -4.1723251e-07
vt -0.028703213 0.44980022
vt 0.38287568 0.56065643
vt 0.097543091 0.44980022
vt 0.21419853 0
vt 0.94060034 0.53747004
vt 0 0.55140579
vt 0.38377619 0.50182837
vt 0.46713853 0.41180012
vt 0.65973353 0.10276884
vt 0.21419853 0
vt 0.38724923 0.83874315
vt 0.67908669 0.44965622
vt 1.1738343 0.44980025
vt 0.62734336 0.18572773
vt 0.090065211 0.32640779
vt 0.74073178 0.0039062798
vt 0.37523174 0.5084818
vt 1 1
vt 0.515625 0.203125
vt 0.74073178 0.0039062798
vt 1.0304008 0.5004189
vt 0.54161173 0.50180167
vt 0 0.203125
vt -0.00034284592 0.31679958
vt 0.26562184 0.5004189
vt 0.4375 0.40625
vt 0.0022221506 0.062877715
vt 0.6935153 0.40831453
vt 2.9802322e-08 0.40624219
vt 0.75331122 1
vt 1.1270826 0.5004189
vt 0.75 0.203125
vt 0.75 0
vt 2.9802322e-08 0.40624219
vt 0.81965113 0.44980025
vt 1.7881393e-07 -1.1920929e-07
vt 0.54161173 0.53504556
vt 0.29943079 0.44980022
vt 0.2435853 0.41238776
vt 0.25895524 0
vt 0.61712432 0.56065625
vt 0.75331122 1
vt 0.99695575 0.50584662
vt 0.031503171 0.18000245
vt 0.80696833 0.53698963
vt 0.2638841 -0.15544493
vt 0.38377619 0.53698963
vt 0.7435469 -0.1179169
vt 0.45874679 0.45278448
vt 0.25895524 0
vt 0.515625 0
vt 0.2657516 0.50209415
vt 0.40427226 0.5004189
vt 1 0
vt 0.99999958 1
vt 0.72081113 1.0304481
vt 1.2855051 0.41028723
vt 0.70832837 0.50042635
vt 0.9041543 0.44980025
vt -0.028068721 0.44980022
vt -0.12529439 0.44980022
vt 0.32316753 0.53504556
vt 1 0
vt 0.65954733 0.10330385
vt 0.46713853 0.53644216
vt 0.671875 0.203125
vt 0.70832837 0.44740814
vt 0.74350238 0.82108575
vt -1.0430813e-07 4.4703484e-08
vt 0 0
vt 0.7435025 -0.023868755
vt 0.45874679 0.40624219
vt 0.19685084 0.31679958
vt -0.12527227 0.50041884
vt 0.86452794 0.50180167
vt 0.44040805 0.59975117
vt 0.99695623 0.82744312
vt 0.54125321 0.55111891
vt 0.57220715 0.5004189
vt 0.21875 0
vt 0.4375 0.203125
vt 1.432532 0.41028723
vt 1 0.50457662
vt 0.26393253 0.29145283
vt 0.92538261 0.91273218
vt -0.0003426075 0.81162339
vt 0.21875 0.203125
vt 0.54125321 0.55111891
vt 0.21875 0
vt 0.68883169 0.60337919
vt 0.73424822 0.50209397
vt 1.1270831 0.5004189
vt 0.8703686 0.44980022
vt 0.21875 0.203125
vt 0.99695623 0.91273218
vt 0.21419853 0.203125
vt 0.80696833 0.44773307
vt 0.48590231 0.29145283
vt -0.064693928 0.50180167
vt 0.26651913 0.50457662
vt 0.49826199 0
vt 0.12507126 0.44965622
vt 1.0304229 0.5004189
vt 0.92538249 0.098960996
vt 0.46713853 0.50013566
vt 1 0.203125
vt 0.26651913 0.50457662
vt 0.2435853 0.44773307
vt 0.72526586 0.45278448
vt 0.7764321 0.55111891
vt -0.11286631 0.5001356
vt 0.26393276 0.40175048
vt 0.99626094 0.50180167
vt 0.18206924 0.5004189
vt 0.055311039 0.53698963
vt 0.73424864 0.50209397
vt 0.23517889 0.40624219
vt 0.99695623 0.70916784
vt 0.99695563 0.18425062
vt 5.9604645e-08 0.55111891
vt 0.28604126 0.60041702
vt 0.702411 0.5004189
vt 0.72526586 0.45278448
vt 0.99999154 0.44773307
vt 0.99999154 0.41238776
vt 0.61431968 0.12989789
vt 0.23517889 0.45278448
vt 0.35014802 0.44980022
vt 0.055311039 0.44773307
vt 0.4303773 0.065070212
vt -0.51626837 0.41180003
vt 0.5 0.58993727
vt 0.063065231 0.89201838
vt 0.042682454 0.50041884
vt 0.40421939 0.5004189
vt 0.97269189 -0.027693748
vt 0.23517889 0.45278448
vt 0.80696833 0.41238776
vt 1 0.203125
vt 0.296875 0.203125
vt -2.3841858e-07 -2.3841858e-07
vt 0.70243347 0.5004189
vt 0.38377619 0.41238776
vt 0.76552641 0.44980022
vt 0.60507929 0.50182837
vt 2.9802322e-08 0.40625
vt 1 0.40625
vt 0.99695611 1.0393867
vt 0.86452794 0.44965625
vt 0.24637589 1
vt 1 0.40625
vt 0.64029944 0.084128678
vt 0.90415406 0.44980025
vt 0.59759194 0.44980022
vt 0.53387576 0.70425111
vt 0.70832837 0.41028723
vt 0.46713853 0.41180012
vt 2.9802322e-08 0.45278448
vt 1.1738343 0.44980025
vt 0.34694028 0.50340712
vt 0.33792275 0.92766857
vt 0.72526586 0.40624219
vt -0.51626837 0.5001356
vt -0.064693987 0.53504556
vt -0.17218041 0.44980022
vt 0.99626094 0.44965625
vt 0.01846981 0.0055300049
vt 1 0.45278448
vt 0.99626094 0.41587746
vt -0.00034284592 0.31679958
vt 0.40412828 0.5004189
vt 0.99695599 0.30252582
vt 0.74350238 0.90533632
vt 1.1270826 0.44980025
vt 0.14010064 0.50041884
vt 0.40427282 0.44980022
vt 1.937151e-07 1.0000001
vt 0.74350226 0.1014771
vt 0.81965113 0.44980025
vt 0.74350238 0.59975117
vt -1.7881393e-07 1.0000005
vt 0.59421194 0.50584662
vt 1 0
vt 1.0879757 0.53746992
vt 0.065822229 0.95281136
vt 0.43528634 0.11320144
vt -0.11286631 0.41180006
vt 0 0
vt 0.80696833 0.50182837
vt 0.60507929 0.41238776
vt 0.32316753 0.50180167
vt 0.031329907 0.41180006
vt 1.0601245 0.41587746
vt -0.12529439 0.44980022
vt 0 0
vt 0.14801782 0.41425067
vt 0.659217 0.10291141
vt 0.99626094 0.53504562
vt 0.87807196 0.18425062
vt 1.1739689 0.5004189
vt 0.61431968 0.077249527
vt 0.70228964 0.5004189
vt 0.031329907 0.5001356
vt -0.085013226 0.50182837
vt 0.67407733 0.90533632
vt -0.028559923 0.50041884
vt 0.50173783 1
vt 0.7435025 -0.023868755
vt 0.2638841 1.1621974
vt 0.01846981 1.0114049
vt 0.90417719 0.44980025
vt 0.99777782 0.062877715
vt 0.58455575 0.60512865
vt 0.25895521 0
vt 0.54161173 0.41587746
vt 1.1270609 0.5004189
vt 0.34258366 0.060709655
vt 0.74350238 0.40706211
vt -0.00037944317 1.0895715
vt 0.33792251 0.079084158
vt 0.7764321 0.50457662
vt -0.0003426075 0.81162339
vt 0.25895521 0
vt 0.090065122 0.32640779
vt 0.36075103 0.10614961
vt 0.7764321 0.50457662
vt 0.97269261 1.0393867
vt 0.38965309 0.094890475
vt 0.80696833 0.44773307
vt 1.0601245 0.44965625
vt 0.25911927 0.41180006
vt 0.99777782 0.062877953
vt 0.74073184 0.0039062798
vt 1.0601245 0.50180167
vt -0.51626837 0.5364421
vt 0.12507126 0.53504556
vt 0.99634755 1.1376847
vt 0.81962818 0.44980025
vt 0.40397611 0.15644813
vt 0.54125321 0.50457662
vt 0.86452794 0.53504556
vt 0.37915671 0.08815378
vt 0.94060034 0.44740811
vt 0.78345227 0.30252582
vt 0.26651913 0.55111891
vt -0.085013226 0.44773307
vt 1.499269 0.50042623
vt 0.99626094 0.50180167
vt 0.2657516 0.50209397
vt 0.54125321 0.50457662
vt 0.14862728 0.41425043
vt 1.0298796 0.44980025
vt 0.90415406 0.5004189
vt 0.99695563 0.18425062
vt 0.702411 0.5004189
vt -0.3062959 0.41180006
vt -1.1920929e-07 0.20490056
vt 0.702411 0.44980022
vt 1 1
vt 0.99999154 0.44773307
vt 1.1739689 0.44980025
vt 1.0879757 0.44740811
vt -0.00034284592 1.0115989
vt 0.18216005 0.44980022
vt 1.0721117 0.5004189
vt 1 1
vt 0.50087911 0.5004189
vt 0.26393265 -0.05322291
vt 0.26393241 1.0599761
vt -0.3062959 0.5001356
vt 0.2657516 0.50209397
vt 0.296875 0.40625
vt -1.1920929e-07 0.2038466
vt 0.44040793 0.40706211
vt 1.029933 0.44980025
vt 0.75 0.203125
vt 0.75 0
vt 0.90415424 0.5004189
vt -0.14842905 0.41238776
vt 1 0.40624219
vt 0.60507929 0.50182837
vt 1.0721117 0.44980022
vt 0.74073178 0.0039062798
vt 0.40781161 0.076596797
vt 0.75 0.203125
vt 0.99999994 0.2038466
vt 0.86452794 0.41587746
vt 1 0.40428433
vt 0.25911927 0.50013566
vt 0.43528634 0.076600611
vt 0.90415406 0.44980025
vt 0.515625 0
vt 0.99999154 0.53698963
vt 0.99999988 4.4703484e-08
vt 0.4375 0.40625
vt 0.99999988 -1.6391277e-07
vt 2.9802322e-08 0.40624219
vt 1.1270607 0.44980025
vt -0.12538493 0.50041884
vt 0.29928625 0.44980022
vt 0.33792275 0.92766857
vt 0.99695575 0.098960996
vt 0.81962818 0.5004189
vt -0.14842905 0.50182837
vt 0.76552641 0.5004189
vt 0.25895524 0
vt 0.99626094 0.41587746
vt 0.50173777 1
vt 0.32316756 0.44965622
vt 1.1739471 0.44980025
vt 0.32316753 0.41587743
vt -0.3062959 0.5364421
vt 0.097687304 0.44980022
vt 1.2855051 0.53746992
vt 0.45874679 0.45278448
vt 1 0
vt 0.5009318 0.5004189
vt 0.99999988 1.6391277e-07
vt -0.45073235 0.5364421
vt 0.50173777 1
vt 0.097686768 0.5004189
vt 0.99999988 5.9604645e-08
vt 0.94060034 0.41028726
vt 1.1976331 0.44980025
vt 0.24637583 1
vt 0.34258366 0.08815378
vt 1 0
vt 0.29928625 0.5004189
vt 1 0.50457662
vt 0.68320894 0.5034402
vt 0.671875 0.203125
vt 0.24637583 1
vt 0.67407715 0.1014771
vt -0.11286631 0.5364421
vt 0.74350226 0.70425111
vt 0.75331116 1
vt 0.43038109 0.028921127
vt 1.0000001 4.1723251e-07
vt 1 0.40428433
vt -0.17210627 0.50041884
vt 0.671875 0.203125
vt 0.45874679 0.40624219
vt 2.9802322e-08 0.203125
vt 0.75331116 1
vt 0.32316753 0.50180167
vt 0.031329907 0.41180006
vt 0.5 0.58993745
vt 0.10432041 0.81162328
vt 0.4375 0.203125
vt 0.45874679 0.40624219
vt 0.98758566 0.5004189
vt 2.9802322e-08 0.203125
vt 0 0.203125
vt 1 0.203125
vt 0 0
vt -0.45073235 0.41180003
vt 0.14010064 0.44980022
vt 0.54125321 0.55111891
vt 0.99626094 0.53504562
vt 0.74350238 0.18572773
vt 0.87807196 0.18425062
vt -0.12521994 0.50041884
vt 0.21875 0
vt 0.70243406 0.44980022
vt -1.1920929e-07 0.99999994
vt 0.7435025 1.0306822
vt 0.14862728 0.41425043
vt 0.4375 0.203125
vt 0.2923938 0.50042635
vt 0.09006533 0.32640779
vt 0.23517889 0.40624219
vt 0.99695575 0.40831438
vt -0.0042038113 0.44980022
vt 0.49826199 0
vt 0.50078785 0.44980022
vt 0.90417719 0.44980025
vt 0.99777782 0.062877715
vt 0.21419853 0.203125
vt 0.066008426 0.95227635
vt 1.1270609 0.5004189
vt 0.097543091 0.44980022
vt 0.26651913 0.50457662
vt -0.11286631 0.4481861
vt 0.49826199 0
vt 0.7764321 0.55111891
vt 0.94060034 0.53747004
vt 0.62734348 0.82108563
vt 0.94060034 0.50042635
vt 0.25911927 0.5364421
vt 0.81965053 0.5004189
vt 0.37915671 0.060704887
vt 0.64037836 0.10343879
vt 0.66886675 0.5004189
vt -0.0003426075 0.2053113
vt 0.7764321 0.55111891
vt 0.50078785 0.5004189
vt 0 1
vt 0.67908669 0.44965622
vt -0.085013226 0.53698963
vt 5.9604645e-08 0.50457662
vt 0.44058365 0.15644431
vt 2.9802322e-08 0.40625
vt 5.9604645e-08 0.55111891
vt -0.14842905 0.44773307
vt 0.4485296 0.04721576
vt 0.57220715 0.44980022
vt 0.81962818 0.44980025
vt 0.26393265 0.16772509
vt 0 1
vt 0.18221366 0.44980022
vt 0.78345239 0.70916784
vt 5.9604645e-08 0.50457662
vt 0.75 0
vt 1.432532 0.53746992
vt 0.99999988 0.99999982
vt 0.94060034 0.44740811
vt 0.090065122 0.32640779
vt 0.74350238 0.50340664
vt 1.499269 0.50042623
vt 0.40397611 0.12896389
vt 0.18216002 0.5004189
vt 0.10766029 0.2053113
vt -0.0282197 0.50041884
vt 0.296875 0.203125
vt 1.1270826 0.5004189
vt 0.75 0.203125
vt 0.72526586 0.40624219
vt 0.42228514 0.17459679
vt 0.6666193 0.50013566
vt -0.028091073 0.44980022
vt 0.38377619 0.50182837
vt 0.26575136 0.50209415
vt 0.99695575 0.50584662
vt 0.296875 0.203125
vt 2.9802322e-08 0.45278448
vt 0.042682573 0.44980022
vt -0.45073235 0.4481861
vt 0.72526586 0.40624219
vt 0.2638841 -0.15544493
vt 0.18221298 0.5004189
vt 0.75 0.203125
vt 0.49826211 0
vt 1 0.40625
vt 1.0721117 0.5004189
vt 0.24637589 1
vt 1.1739689 0.5004189
vt 0.26393265 -0.05322291
vt 0.29239374 0.44740817
vt -0.3062959 0.5001356
vt 0.24637589 1
vt 0.097634017 0.44980022
vt 0.49595416 0.41028726
vt 0.40781161 0.076596797
vt 0.28604126 0.41617987
vt 0.32316753 0.53504556
vt 1 0.55140579
vt -0.00034284592 0.0053359321
vt 1.0879757 0.41028726
vt 0.031503171 0.18000257
vt 0.86452794 0.41587746
vt 1 0.45278448
vt 0.49595416 0.44740817
vt 0.031329896 0.5364421
vt -0.51626837 0.4481861
vt -0.0003426075 0.12491626
vt 0.62109464 0.10360718
vt 0.80696833 0.53698963
vt 1.0000001 1.0000002
vt 0.46713853 0.44818616
vt 1.3419377 0.44980025
vt -0.12538493 0.50041884
vt 1.3419377 0.5004189
vt 0.38377619 0.44773307
vt 0.99695551 -0.027693748
vt 0.86452794 0.50180167
vt 0.50093246 0.44980022
vt 0.26393265 0.71542692
vt 1 0
vt 0.14862716 0.41425043
vt 0.68883169 0.60337919
vt 0.32316756 0.44965622
vt 1.2855051 0.41028723
vt 1 0
vt 0.5009318 0.5004189
vt 0.90417653 0.5004189
vt 1.0000002 0.99999994
vt 0.94060034 0.41028726
vt 0.12507126 0.44965622
vt 0.34258366 0.08815378
vt 0.46713853 0.50013566
vt 0.29928625 0.5004189
vt 0.74350238 0.82108575
vt -0.17227119 0.50041884
vt 0.49595416 0.53747004
vt 0.48590243 0.71542692
vt 0.67908669 0.50180167
vt 0.67407715 0.1014771
vt -0.11286631 0.5364421
vt 0.18206924 0.5004189
vt 0.98758566 0.44980025
vt -0.0003426075 0.70013523
vt 1.432532 0.41028723
vt 0.28604126 0.60041702
vt 1.2855051 0.44740814
vt 0.14862737 0.41425043
vt -0.00037944317 -0.072636597
vt 0.50173783 1
vt 1 0.55111891
vt 1 0
vt 0.063065231 0.12491626
vt 0.99999154 0.41238776
vt 0 0.40428433
vt 0.671875 0.40625
vt 1.1739471 0.5004189
vt 0.055311039 0.44773307
vt 0.6667785 0.077495456
vt 0.26651913 0.55111891
vt 0.99999994 0.40432447
vt 0.2923938 0.50042635
vt 0.7764321 0.50457662
vt 1 0.55111891
vt 0.671875 0.40625
vt 0.74073184 0.0039062798
vt 1.499269 0.44740811
vt -0.0042038113 0.44980022
vt 0.44058365 0.12896866
vt 0.40780252 0.11320239
vt 0.38377619 0.41238776
vt 0.76552641 0.44980022
vt 0.74073184 0.0039062798
vt 0.99695623 0.70916784
vt -1.1920929e-07 0.99999952
vt 0.19685084 0.70013511
vt 0.94060034 0.53747004
vt -0.0003426075 0.60041702
vt 0.38724911 0.1677247
vt 0.055311039 0.41238776
vt 0.21419853 0
vt 0.25911927 0.5364421
vt 0.9684968 0.18000245
vt 0.46713853 0.41180012
vt 0.37915671 0.060704887
vt -0.0003426075 0.8920185
vt 0.66886675 0.5004189
vt 0.50078785 0.5004189
vt 0.38724923 0.83874315
vt 0.62734336 0.18572773
vt 0.21419853 0
vt 0.44058365 0.15644431
vt -0.17218041 0.44980022
vt 0.74073178 0.0039062798
vt 1 1
vt 0.2923938 0.53747004
vt 0.515625 0.203125
vt -0.00034284592 0.31679958
vt 0.26562184 0.5004189
vt 0.74073178 0.0039062798
vt 0.40412828 0.5004189
vt 0.70243347 0.5004189
vt 0.097634017 0.5004189
vt 0.296875 0.40625
vt 0 0.203125
vt -0.14842905 0.53698963
vt 0.4375 0.40625
vt 0 0.55140579
vt -0.17212766 0.44980022
vt 0.18216002 0.5004189
vt 0.515625 0.203125
vt 0.75 0
vt 2.9802322e-08 0.40624219
vt -1.6391277e-07 1
vt 0.40427282 0.44980022
vt 0.296875 0.40625
vt 0 0.203125
vt 0.75331122 1
vt 0.81965113 0.44980025
vt 0.74350238 0.59975117
vt 0.54161173 0.53504556
vt 0.75 0.203125
vt 0.75 0
vt 0.25911927 0.44818616
vt 1 0.40624219
vt 0.99999994 0.20490056
vt 0.75331122 1
vt 1.0879757 0.53746992
vt 0.34694028 0.50340712
vt 1.1739689 0.5004189
vt 0.99626094 0.44965625
vt 0.45874679 0.45278448
vt 0.29239374 0.41028726
vt 0.40427226 0.5004189
vt 0.515625 0
vt 0.64050096 0.12270868
vt 0.80696833 0.50182837
vt 0.90993476 0.32640779
vt 1 0.40428433
vt 1 0
vt 0.28859603 -0.052968636
vt -0.12536293 0.44980022
vt 0.28604126 0.41617987
vt 1.0000001 4.4703484e-08
vt -0.12524128 0.44980022
vt 0.59792376 0.5004189
vt 1.0304008 0.44980025
vt 1.0879757 0.41028726
vt 0.38287568 0.56065601
vt 0.46713853 0.53644216
vt 0.6666193 0.44818616
vt -0.0003426075 0.12491626
vt 0.065491922 0.95241892
vt 0.7435025 -0.023868755
vt 0.46713853 0.44818616
vt 0 0
vt 0.99695623 0.82744312
vt 0.57220715 0.5004189
vt 0.50093246 0.44980022
vt 0.99999154 0.50182837
vt 0.61712408 0.56065643
vt -0.00037944317 1.0895715
vt 0.90993476 0.32640779
vt 0.33792251 0.079084158
vt 1 0.40428433
vt 0 0
vt 0.54125321 0.55111891
vt -1.1920929e-07 1.0000001
vt 0.4375 0.203125
vt 1 0.50457662
vt 0.68883169 0.60337919
vt -0.064693928 0.44965619
vt 0.54125321 0.55111891
vt 0.26393265 0.92766833
vt 0.8703686 0.44980022
vt -5.9604645e-08 1.0000005
vt 0.26393265 0.5034402
vt 0.25911927 0.41180006
vt 0.85137248 0.41425067
vt 0.21875 0.203125
vt 0.26393265 0.605129
vt 0.21419853 0.203125
vt 0.12507126 0.44965622
vt 1.0304229 0.5004189
vt -0.0042038113 0.50041884
vt 0.7342484 0.50209415
vt 1 0.203125
vt 0.26651913 0.50457662
vt -0.028559923 0.50041884
vt 0.49826199 0
vt 0.54161173 0.44965622
vt 0.86452794 0.53504556
vt 0.21419853 0.203125
vt 0.12507126 0.50180167
vt 0 0.203125
vt 1 0.203125
vt 0.29943013 0.5004189
vt 0 0
vt -0.085013226 0.44773307
vt 0.26651913 0.50457662
vt 0.18206924 0.5004189
vt 0.055311039 0.53698963
vt 0.72526586 0.45278448
vt 0.7764321 0.55111891
vt 0.90415406 0.5004189
vt 0.99695563 0.18425062
vt 0.26393265 0.079084158
vt 0.23517889 0.40624219
vt 0.67908669 0.41587746
vt 0.72526586 0.45278448
vt 0.40412828 0.44980022
vt 0.26562184 0.44980022
vt 0.36075103 0.10614961
vt 1.0879757 0.44740811
vt 1.0601245 0.50180167
vt 0.6667785 0.077495456
vt 0.5 0.58993703
vt -1.4901161e-08 -1.6391277e-07
vt -0.028612494 0.50041884
vt 0.23517889 0.45278448
vt 0.40421939 0.5004189
vt 0.99634755 1.1376847
vt 0.35014802 0.5004189
vt 0.97269189 -0.027693748
vt 0.23517889 0.45278448
vt 1 0.203125
vt 1.0721117 0.44980022
vt 0.99695611 1.0393867
vt 0.296875 0.203125
vt 2.9802322e-08 0.40625
vt 0.055311039 0.50182837
vt 0.19685084 0.70013511
vt 0.25911927 0.50013566
vt 0.75 0
vt 1 0.55140579
vt 0.24637589 1
vt 0.53387576 0.70425111
vt 0.70832837 0.41028723
vt 0.99634731 -0.12599152
vt 1 0.40625
vt 0.72526586 0.40624219
vt 1.1269412 0.44980025
vt 0.59759146 0.5004189
vt -0.064693987 0.53504556
vt -0.17218041 0.44980022
vt 0.58455563 0.40175048
vt 2.9802322e-08 0.45278448
vt 0.75 0.203125
vt 0.72526586 0.40624219
vt 0.49826211 0
vt -0.45073235 0.5001356
vt -0.0003426075 0.5084818
vt 0.2923938 0.53747004
vt 0.90415424 0.5004189
vt -0.3062959 0.4481861
vt 2.9802322e-08 0.45278448
vt -0.064693928 0.4158774
vt 1 0.45278448
vt 0.40412828 0.5004189
vt 0.99695599 0.30252582
vt 0.097634017 0.5004189
vt 0.49826211 0
vt 0.14010064 0.50041884
vt -0.085013226 0.41238776
vt 0.40289709 0.065516174
vt 0.29937726 0.44980022
vt 0.031329907 0.4481861
vt 1.0430813e-07 4.4703484e-08
vt 0.28859603 1.0597219
vt 0.81989765 0.5004189
vt 1.1270607 0.44980025
vt 0.66886675 0.44980022
vt 0.5338757 0.30256236
vt 0.60507929 0.53698963
vt 1.2950513 0.5004189
vt -0.11286631 0.41180006
vt 1.432532 0.44740814
vt 1 0.55140579
vt 0.64050096 0.12270868
vt 0.60507929 0.41238776
vt 0 0
vt 0.031329907 0.41180006
vt 0.2435853 0.53698963
vt 1.1739471 0.44980025
vt 0.99695563 0.60337919
vt 0.28859603 -0.052968636
vt -0.12536293 0.44980022
vt 1.2855051 0.53746992
vt 0.50087911 0.44980022
vt 0.99626094 0.53504562
vt 0 0
vt 1.1739689 0.5004189
vt 0.29937726 0.5004189
vt 0.61431968 0.077249527
vt 0.70228964 0.5004189
vt 0.031329907 0.5001356
vt -0.00034284592 0.41618007
vt 0.46736509 0.5004189
vt 0.61762023 0.56065625
vt 0.2638841 1.1621974
vt 0.50173783 1
vt 1.029917 0.5004189
vt 1.0000001 0
vt 0.99999154 0.50182837
vt -0.00037944317 1.0895715
vt 0.36106974 0.10646677
vt 0.33792251 0.079084158
vt 0.25895521 0
vt 0.94060034 0.50042635
vt 0.7764321 0.50457662
vt 0.25895521 0
vt 0.18206921 0.44980022
vt 0.7342484 0.50209397
vt 0.7764321 0.50457662
vt 0.25911927 0.41180006
vt 1.2855051 0.50042623
vt 0.8703686 0.5004189
vt 0.2435853 0.50182837
vt 1 0
vt -0.14842905 0.44773307
vt 0.74073184 0.0039062798
vt 1 0.55140579
vt -0.0042038113 0.50041884
vt 1.0879757 0.50042635
vt 0.99999988 1.6391277e-07
vt 0.26651913 0.55111891
vt 0.37915671 0.08815378
vt 1 0
vt 1 0.55111891
vt 0.50078785 0.44980022
vt 0.12507126 0.50180167
vt 0.29943013 0.5004189
vt 0.066008426 0.95227635
vt 1.499269 0.50042623
vt 0.671875 0.40625
vt -1.4901161e-07 -8.9406967e-08
vt 0.26651913 0.55111891
vt 0.10766029 0.2053113
vt 0.99999988 4.4703484e-08
vt -0.0282197 0.50041884
vt 0.54125321 0.50457662
vt 0.40290177 0.028921127
vt 0.702411 0.44980022
vt 0.40412828 0.44980022
vt 0.7342484 0.50209415
vt -0.00034284592 1.0115989
vt -0.085013226 0.53698963
vt 0.40421939 0.44980022
vt 0.26393241 1.0599761
vt 1.0601245 0.53504562
vt 0.6666193 0.41180012
vt 1.1920929e-07 5.9604645e-08
vt 0.78345239 0.70916784
vt 0.296875 0.40625
vt 0.49595416 0.41028726
vt 1.0430813e-07 4.4703484e-08
vt 0.75 0.203125
vt 0.75 0
vt 0.74350238 0.50340664
vt 1 0.40624219
vt 0.9684968 0.18000245
vt 0.74073178 0.0039062798
vt -0.00034284592 0.0053359321
vt 0.70228964 0.44980022
vt 0.055311039 0.50182837
vt 0.43528634 0.076600611
vt 0.031329896 0.5364421
vt 0.42228514 0.17459679
vt 0.49595416 0.50042635
vt -0.51626837 0.4481861
vt 0.99634731 -0.12599152
vt 0.46736503 0.44980022
vt 0.515625 0
vt 0.12507126 0.41587743
vt 0 0.203125
vt -0.12538493 0.50041884
vt 0.7435469 1.12473
vt 0.4375 0.40625
vt 2.9802322e-08 0.40624219
vt 0.99695575 0.098960996
vt 0.097543091 0.5004189
vt 0.29239374 0.44740817
vt 1.432532 0.50042623
vt 0.81962818 0.5004189
vt 0.75331122 1
vt 0.70832837 0.53747004
vt 0.76552641 0.5004189
vt 0.59744745 0.5004189
vt 0.45874679 0.45278448
vt 0.25895524 0
vt 0.87807256 0.82744312
vt 0.097687304 0.44980022
vt 0.50173777 1
vt 0.26575136 0.50209415
vt 0.26393265 0.83874393
vt 0.90417653 0.5004189
vt 0.097686768 0.5004189
vt 0.45874679 0.45278448
vt 0.25895524 0
vt 1.1976331 0.44980025
vt 1.197633 0.5004189
vt 0.50173777 1
vt 0.81989765 0.44980025
vt 0.34258366 0.08815378
vt 0.29937726 0.44980022
vt 1.2950513 0.44980025
vt 0.62109464 0.10360718
vt 1 0
vt 0.81989765 0.5004189
vt 0.67407715 0.1014771
vt -0.17215842 0.50041884
vt 0.66886675 0.44980022
vt 0.99695551 -0.027693748
vt 0.5338757 0.30256236
vt 0.671875 0.203125
vt 0.24637583 1
vt 0.60507929 0.53698963
vt -0.0003426075 0.70013523
vt 1.2950513 0.5004189
vt 0.59792376 0.44980022
vt 0.671875 0.203125
vt 0.45874679 0.40624219
vt 0.74350202 0.30256236
vt 2.9802322e-08 0.203125
vt 0.10432041 0.81162328
vt -1.1920929e-07 0
vt 0.75331116 1
vt 0.98758566 0.5004189
vt 0.063065231 0.12491626
vt 0.50087911 0.44980022
vt 0.4375 0.203125
vt 0.14010064 0.44980022
vt 0.59744745 0.44980022
vt 0.45874679 0.40624219
vt 0.99999988 -4.0885061e-07
vt 0.38237974 0.56065601
vt -0.12521994 0.50041884
vt 1.1739471 0.5004189
vt 2.9802322e-08 0.203125
vt 0 0.203125
vt 1 0.203125
vt 0.7435025 1.0306822
vt 0 0
vt 0.2923938 0.50042635
vt 0.54125321 0.55111891
vt 0.21875 0
vt 0.4375 0.203125
vt 1.4992688 0.41028726
vt 0.99695575 0.40831438
vt -0.17224926 0.44980022
vt 0.21875 0.203125
vt -0.17227119 0.50041884
vt -0.0042038113 0.44980022
vt 0.67908669 0.53504556
vt 0.21875 0
vt 0.48590243 0.71542692
vt 0.67908669 0.50180167
vt 0.49826199 0
vt 0.21875 0.203125
vt 0.21419853 0.203125
vt 0.38724911 0.1677247
vt 0.26651913 0.50457662
vt 0.94060034 0.50042635
vt -0.00037944317 -0.072636597
vt 0.055311039 0.41238776
vt 0.49826199 0
vt 0.7764321 0.55111891
vt 0.25911927 0.5364421
vt 0.37915671 0.060704887
vt 0.64037836 0.10343879
vt 0.60507929 0.44773307
vt 1.7881393e-07 0.99999958
vt -0.0003426075 0.2053113
vt 0.50078785 0.5004189
vt 0.18206921 0.44980022
vt 1.2855051 0.50042623
vt 0.72526586 0.45278448
vt 0.7764321 0.55111891
vt 0.031503171 0.18000245
vt 0 1
vt 5.9604645e-08 0.50457662
vt 5.9604645e-08 0.55111891
vt 1.499269 0.53746992
vt 1.432532 0.53746992
vt 0.99777806 0.062877715
vt 0 1
vt 0.66672039 0.12938303
vt 0.72081113 -0.023634687
vt 5.9604645e-08 0.50457662
vt 0.75 0
vt 0.6666193 0.53644216
vt -0.028703213 0.44980022
vt 0.18216002 0.5004189
vt 0.10766029 0.2053113
vt 0.6666193 0.50013566
vt 0.38377619 0.50182837
vt 0.72526586 0.40624219
vt 0.25911927 0.44818616
vt 0.65973353 0.10276884
vt 0.042682573 0.44980022
vt 0.99999994 0
vt -0.45073235 0.4481861
vt 0.18221298 0.5004189
vt 1 0.203125
vt 0.296875 0.203125
vt 0.49999979 0.58993745
vt 0.62734336 0.18572773
vt 0.37523174 0.5084818
vt 0.75 0.203125
vt 0.49826211 0
vt 1 0.40625
vt 1.0601245 0.53504562
vt 0.29239374 0.41028726
vt 0.85137272 0.41425043
vt 0.0022221506 0.062877953
vt 1.0304008 0.5004189
vt 0.097634017 0.44980022
vt 0.24637589 1
vt 0.54161173 0.50180167
vt 1 0.40625
vt 0.49595416 0.41028726
vt 0.6935153 0.40831453
vt 1.0000001 0.40432447
vt 0.28604126 0.41617987
vt 1.0304008 0.44980025
vt -0.00034284592 0.0053359321
vt 0.54161173 0.53504556
vt 0.29943079 0.44980022
vt 0.2435853 0.41238776
vt 1 0.45278448
vt 0.065491922 0.95241892
vt 0.80696833 0.53698963
vt 0.38377619 0.53698963
vt 0.7435469 -0.1179169
vt 0.50093246 0.44980022
vt 0.40427226 0.5004189
vt 0.70832837 0.53747004
vt 0.59744745 0.5004189
vt 1 0
vt 0.72081113 1.0304481
vt 1.2855051 0.41028723
vt 0.70832837 0.50042635
vt 0.9041543 0.44980025
vt -0.028068721 0.44980022
vt 0.26393265 0.83874393
vt 0.26393265 0.92766833
vt 1 0
vt 0.65954733 0.10330385
vt 0.26393265 0.5034402
vt 0.70832837 0.44740814
vt 0.74350238 0.82108575
vt 0.49595416 0.53747004
vt 1 0.55140579
vt 0.19685084 0.31679958
vt -0.12527227 0.50041884
vt 0.44040805 0.59975117
vt 1.432532 0.41028723
vt 0.50173783 1
vt 0.26393253 0.29145283
vt 0.92538261 0.91273218
vt 0.50173783 1
vt 1.1270831 0.5004189
vt 0.063065231 0.12491626
vt 0.8703686 0.44980022
vt 0.99695623 0.91273218
vt 0.7764321 0.50457662
vt 0.48590231 0.29145283
vt 1 0
vt 1.1739471 0.5004189
vt 0.6667785 0.077495456
vt -0.064693928 0.50180167
vt 0.25895521 0
vt 0.671875 0.40625
vt 0.26651913 0.55111891
vt 0.92538249 0.098960996
vt 0.7764321 0.50457662
vt 1 0.55111891
vt 0.44058365 0.12896866
vt 0.40780252 0.11320239
vt 0.2435853 0.44773307
vt 0.671875 0.40625
vt 0.74073184 0.0039062798
vt -0.11286631 0.5001356
vt 0.26393276 0.40175048
vt 0.055311039 0.53698963
vt 0.99695623 0.70916784
vt 0.74073184 0.0039062798
vt 1 1.0000002
vt 0.38724911 0.1677247
vt 0.85137272 0.41425067
vt 0.055311039 0.41238776
vt 0 0.40428433
vt 0.60507929 0.44773307
vt 0.61431968 0.12989789
vt 0.35014802 0.44980022
vt 0.4303773 0.065070212
vt -0.51626837 0.41180003
vt 0.58455563 0.40175048
vt 0.063065231 0.89201838
vt 0.042682454 0.50041884
vt 0.40421939 0.5004189
vt 0.21419853 0
vt 0.97269189 -0.027693748
vt 0.74073178 0.0039062798
vt 0.2923938 0.53747004
vt 0.80696833 0.41238776
vt 0.70243347 0.5004189
vt 1 1
vt 0.515625 0.203125
vt 0.6666193 0.53644216
vt -0.028703213 0.44980022
vt 0.86452794 0.44965625
vt -0.17212766 0.44980022
vt 0.296875 0.40625
vt 0 0.203125
vt 0.75 0.203125
vt 1 1
vt 0.4375 0.40625
vt 0.515625 0.203125
vt 0.75 0
vt 0.64029944 0.084128678
vt 0.59759194 0.44980022
vt 0.296875 0.40625
vt 0.25911927 0.44818616
vt 0.031502962 0.18000245
vt 0 0.203125
vt 0.75331122 1
vt 0.75 0.203125
vt 0.75 0
vt 1 0.40624219
vt 1.1738343 0.44980025
vt 0.34694028 0.50340712
vt -1.1920929e-07 0.2038466
vt -0.51626837 0.5001356
vt -0.064693987 0.53504556
vt 0.75331122 1
vt 0.99626094 0.44965625
vt 0.515625 0
vt 0.29239374 0.41028726
vt 0.01846981 0.0055300049
vt 0.85137248 0.41425043
vt 0.45874679 0.45278448
vt 0.54161173 0.50180167
vt 0.2435853 0.53698963
vt 0.99695599 0.30252582
vt 0.515625 0
vt 0.6935153 0.40831453
vt -0.12536293 0.44980022
vt 0.38237995 0.56065625
vt 0.74350238 0.90533632
vt 1.1270826 0.44980025
vt 0.14010064 0.50041884
vt 0.29937726 0.5004189
vt 0.74350226 0.1014771
vt 0.29943079 0.44980022
vt 0.065491922 0.95241892
vt 0.59421194 0.50584662
vt 0.065822229 0.95281136
vt 0.43528634 0.11320144
vt 0 0
vt 0.99999154 0.50182837
vt 0.2657516 0.50209415
vt -0.11286631 0.41180006
vt 0.60507929 0.41238776
vt 0 0
vt 0.24637583 1
vt -0.028068721 0.44980022
vt 1.0601245 0.41587746
vt -0.12529439 0.44980022
vt 1 0.50457662
vt 0.659217 0.10291141
vt 0.65954733 0.10330385
vt 0.24637583 1
vt 1.1739689 0.5004189
vt 0.8703686 0.5004189
vt 0.2435853 0.50182837
vt 0.61431968 0.077249527
vt -0.085013226 0.50182837
vt 1 0.50457662
vt -0.0042038113 0.50041884
vt 0.21875 0.203125
vt 0.67407733 0.90533632
vt 0.21419853 0.203125
vt -0.028559923 0.50041884
vt 1 0.203125
vt 0 0.203125
vt 0 0
vt 0.2638841 1.1621974
vt 0.75331116 1
vt 0.01846981 1.0114049
vt 1 0.40428433
vt 0.12507126 0.50180167
vt 0.58455575 0.60512865
vt 0.54161173 0.41587746
vt 1 0.203125
vt 0 0.203125
vt 0.34258366 0.060709655
vt 0.74350238 0.40706211
vt 0 0
vt 0.92538261 0.91273218
vt -0.0003426075 0.81162339
vt 0.72526586 0.45278448
vt 0.67908669 0.41587746
vt 0.40290177 0.028921127
vt 0.23517889 0.40624219
vt 0.40412828 0.44980022
vt 0.9684968 0.18000245
vt 0.36075103 0.10614961
vt 0.97269261 1.0393867
vt 1.1270831 0.5004189
vt 0.72526586 0.45278448
vt 0.38965309 0.094890475
vt 0.80696833 0.44773307
vt 1.0601245 0.44965625
vt 1.0601245 0.50180167
vt -0.51626837 0.5364421
vt 0.23517889 0.40624219
vt 0.12507126 0.53504556
vt -0.028612494 0.50041884
vt 0.6666193 0.41180012
vt 0.99634755 1.1376847
vt 0.35014802 0.5004189
vt 0.23517889 0.45278448
vt 0.40397611 0.15644813
vt 0.2435853 0.44773307
vt 0.78345227 0.30252582
vt 0.99626094 0.50180167
vt 0.23517889 0.45278448
vt -1.1920929e-07 0.40432447
vt 1.0298796 0.44980025
vt 1 0.203125
vt 0.702411 0.5004189
vt -0.3062959 0.41180006
vt 0.75 0
vt 2.9802322e-08 0.40625
vt 0.702411 0.44980022
vt 0.99999154 0.44773307
vt 0.99634731 -0.12599152
vt 1.1739689 0.44980025
vt 0 0.55140579
vt 1 0.203125
vt 0.46736503 0.44980022
vt 0.75 0
vt 0.12507126 0.41587743
vt 1.1269412 0.44980025
vt 0.18216005 0.44980022
vt 2.9802322e-08 0.40625
vt 0.90993476 0.32640779
vt 0.7435469 1.12473
vt -0.51626837 0.41180003
vt 0.50087911 0.5004189
vt 0.26393241 1.0599761
vt 1.432532 0.50042623
vt 2.9802322e-08 0.45278448
vt 0.44040793 0.40706211
vt 1.029933 0.44980025
vt 0.75 0.203125
vt 0.90415424 0.5004189
vt 0.72526586 0.40624219
vt -0.14842905 0.41238776
vt 0.49826211 0
vt -1.1920929e-07 0.20490056
vt 0.87807256 0.82744312
vt 0.60507929 0.50182837
vt 2.9802322e-08 0.45278448
vt 1 0.45278448
vt 0.86452794 0.44965625
vt 0.75 0.203125
vt 0.49826211 0
vt -0.085013226 0.41238776
vt 0.90993476 0.32640779
vt 1.197633 0.5004189
vt 0.90415406 0.44980025
vt 0.99999988 1.6391277e-07
vt 0.81989765 0.44980025
vt 0.59759194 0.44980022
vt 0.29937726 0.44980022
vt 1.2950513 0.44980025
vt 0.99999154 0.53698963
vt 1.0430813e-07 1.6391277e-07
vt 0.031329907 0.4481861
vt 0.81989765 0.5004189
vt 1.1270607 0.44980025
vt 0.29928625 0.44980022
vt 0.33792275 0.92766857
vt 0.99695575 0.098960996
vt 0.60507929 0.53698963
vt 1.2950513 0.5004189
vt -0.14842905 0.50182837
vt 0.99626094 0.41587746
vt -1.4924444e-07 -8.9406967e-08
vt 0.74350202 0.30256236
vt 0.2435853 0.53698963
vt 1.1739471 0.44980025
vt 0.32316753 0.41587743
vt -0.3062959 0.5364421
vt 1.2855051 0.53746992
vt 0.50087911 0.44980022
vt -0.45073235 0.5364421
vt 0.29937726 0.5004189
vt -0.00034284592 0.41618007
vt 0 0
vt 0.09006542 0.32640779
vt 0.46736509 0.5004189
vt 0.0022221506 0.062877715
vt -0.17224926 0.44980022
vt 0.68320894 0.5034402
vt 0.67908669 0.53504556
vt 0.74350226 0.70425111
vt 0.90993476 0.32640779
vt 0.43528634 0.11320144
vt 0.50173783 1
vt 0.43038109 0.028921127
vt -0.17210627 0.50041884
vt 0.36106974 0.10646677
vt 0.5 0.58993745
vt 0.85198218 0.41425043
vt 0.031503171 0.18000257
vt 0.25895521 0
vt -1.4901161e-08 4.4703484e-08
vt 0.32316753 0.50180167
vt 0.10432041 0.81162328
vt 0.0022220314 0.062877715
vt 1.0000001 0.20490056
vt 1.0601245 0.41587746
vt 0.7764321 0.50457662
vt 0.98758566 0.5004189
vt 0.14862728 0.41425067
vt 0.659217 0.10291141
vt -0.45073235 0.41180003
vt 0.14010064 0.44980022
vt 1.2855051 0.50042623
vt 0.25895521 0
vt 0.74350238 0.18572773
vt 0.87807196 0.18425062
vt 0.70243406 0.44980022
vt 0.2435853 0.50182837
vt 1 0
vt 0.01846981 1.0114049
vt 0.50078785 0.44980022
vt 0.90417719 0.44980025
vt 0.72081113 -0.023634687
vt 0.58455575 0.60512865
vt 0.066008426 0.95227635
vt 1 0.55111891
vt 1 0
vt 1.1270609 0.5004189
vt 0.34258366 0.060709655
vt 0.097543091 0.44980022
vt -0.11286631 0.4481861
vt 0.671875 0.40625
vt 0.26651913 0.55111891
vt 0.62734348 0.82108563
vt 1 0.55111891
vt 0.090065122 0.32640779
vt 0.54125321 0.50457662
vt 0.81965053 0.5004189
vt 0.7342484 0.50209415
vt 0.64037836 0.10343879
vt -0.0003426075 0.2053113
vt 0.65973353 0.10276884
vt 0.67908669 0.44965622
vt -0.085013226 0.53698963
vt 0.96849662 0.18000257
vt 0.37523174 0.5084818
vt 0.12507126 0.53504556
vt 0.40421939 0.44980022
vt 1.0601245 0.53504562
vt 0.4485296 0.04721576
vt 0.57220715 0.44980022
vt 0.81962818 0.44980025
vt 0.26393265 0.16772509
vt -5.9604645e-08 1.1920929e-07
vt 0.18221366 0.44980022
vt 0.78345239 0.70916784
vt 0.40397611 0.15644813
vt 1.432532 0.53746992
vt 0.94060034 0.44740811
vt 0.21419853 0
vt 0.74350238 0.50340664
vt 0.38287589 0.56065643
vt 0.75 0.203125
vt 0.40397611 0.12896389
vt 1.0298796 0.44980025
vt 5.9604645e-08 0.2038466
vt 1 0.40624219
vt 1.1270826 0.5004189
vt -0.3062959 0.41180006
vt 0.21419853 0
vt 0.42228514 0.17459679
vt 0.6666193 0.50013566
vt 0.74073178 0.0039062798
vt -0.028091073 0.44980022
vt 1.1739689 0.44980025
vt 0 0.203125
vt 0.99695575 0.50584662
vt 0.46736503 0.44980022
vt 0.4375 0.40625
vt 0.042682573 0.44980022
vt -0.45073235 0.4481861
vt 0.12507126 0.41587743
vt 0.2638841 -0.15544493
vt 0.18216005 0.44980022
vt 0.18221298 0.5004189
vt 1.0721117 0.5004189
vt 0.7435469 1.12473
vt 0.515625 0
vt 0 0.203125
vt 0.26393265 -0.05322291
vt 0.29239374 0.44740817
vt 0.4375 0.40625
vt 1.432532 0.50042623
vt -0.3062959 0.5001356
vt 2.9802322e-08 0.40624219
vt 0.44040793 0.40706211
vt 0.59744745 0.5004189
vt 0.097634017 0.44980022
vt 0 0.40428433
vt 0.75331122 1
vt 0.99999988 1
vt 0.9041543 0.44980025
vt 2.9802322e-08 0.40624219
vt 0.26393265 0.83874393
vt 0.40781161 0.076596797
vt 0.45874679 0.45278448
vt 0.32316753 0.53504556
vt 0.25895524 0
vt 0.86452794 0.41587746
vt 0.49595416 0.44740817
vt 0.81989765 0.44980025
vt 0.45874679 0.45278448
vt 0.25895524 0
vt 1.2950513 0.44980025
vt 0.50173777 1
vt 0.62109464 0.10360718
vt 1.3419377 0.44980025
vt 1.3419377 0.5004189
vt 1 0
vt 0.38377619 0.44773307
vt 0.99695551 -0.027693748
vt -0.12527227 0.50041884
vt -2.9802322e-08 0.99999982
vt 0.86452794 0.50180167
vt 0.26393265 0.71542692
vt 0.7342484 0.50209397
vt 0.5 0.58993727
vt 0.671875 0.203125
vt 0.24637583 1
vt 0.26393253 0.29145283
vt 0.32316756 0.44965622
vt 0.2657516 0.50209397
vt 0.32316753 0.41587743
vt -0.3062959 0.5364421
vt 0.99999988 0.20490056
vt 0.671875 0.203125
vt 0.45874679 0.40624219
vt 0.5009318 0.5004189
vt 2.9802322e-08 0.203125
vt 0.59744745 0.44980022
vt 0 0
vt 0.48590231 0.29145283
vt 0.75331116 1
vt -0.064693928 0.50180167
vt 0.94060034 0.41028726
vt 0.61712408 0.56065625
vt 0.4375 0.203125
vt 0.45874679 0.40624219
vt 2.9802322e-08 0.203125
vt 0.92538249 0.098960996
vt 0 0.40428433
vt 0.46713853 0.50013566
vt 0 0.203125
vt 0 0
vt 0.29928625 0.5004189
vt 0.54125321 0.55111891
vt 0.21875 0
vt 1 0
vt -0.17227119 0.50041884
vt 0.4375 0.203125
vt 0.49595416 0.53747004
vt 0.48590243 0.71542692
vt 0.67908669 0.50180167
vt 0.21875 0.203125
vt -0.11286631 0.5364421
vt 0.21419853 0.203125
vt 0.54125321 0.55111891
vt 0.21875 0
vt 0.99999988 0
vt 0.98758566 0.44980025
vt 0.99999988 5.9604645e-08
vt 0.49826199 0
vt 0.28604126 0.60041702
vt 0.21875 0.203125
vt 1.2855051 0.44740814
vt 0.21419853 0.203125
vt -0.00037944317 -0.072636597
vt 0.85137248 0.41425067
vt 0.26651913 0.50457662
vt 0.49826199 0
vt 0.99999154 0.41238776
vt 0.7764321 0.55111891
vt 0.35014802 0.44980022
vt 0.055311039 0.44773307
vt 0.70243406 0.44980022
vt 0.26651913 0.50457662
vt 0.26575136 0.50209415
vt 0.72526586 0.45278448
vt 0.7764321 0.55111891
vt 0.031503052 0.18097854
vt 1.499269 0.53746992
vt 1.499269 0.44740811
vt 0.80696833 0.41238776
vt 0.40780252 0.11320239
vt 0.44058365 0.12896866
vt 0.66672039 0.12938303
vt 5.9604645e-08 0.55111891
vt 0.38377619 0.41238776
vt 0.76552641 0.44980022
vt 0 1
vt -0.028703213 0.44980022
vt 5.9604645e-08 0.50457662
vt 0.75 0
vt 5.9604645e-08 0.55111891
vt 0.94060034 0.53747004
vt -0.0003426075 0.60041702
vt 0.62734348 0.82108563
vt 0.23517889 0.45278448
vt 1 0.203125
vt 0.46713853 0.41180012
vt -0.0003426075 0.8920185
vt 0.66886675 0.5004189
vt 0.38724923 0.83874315
vt 0.62734336 0.18572773
vt 0.44058365 0.15644431
vt 1 0.203125
vt -0.51626837 0.5001356
vt -1.1920929e-07 0
vt 0.296875 0.203125
vt 0.99777782 0.062877715
vt 2.9802322e-08 0.40625
vt 1 0.40625
vt 0.18221366 0.44980022
vt 0.14862728 0.41425067
vt -0.00034284592 0.31679958
vt 0.26562184 0.5004189
vt 0.24637589 1
vt 0.6935153 0.40831453
vt 1 0.40625
vt -0.14842905 0.53698963
vt 0.74350238 0.90533632
vt -0.17212766 0.44980022
vt 0 0.55140579
vt 0.40427282 0.44980022
vt 1 0.45278448
vt 0.81965113 0.44980025
vt 0.74350238 0.59975117
vt 0.54161173 0.53504556
vt 0.99695575 0.50584662
vt 0 2.3841858e-07
vt 0.59421194 0.50584662
vt 0.2638841 -0.15544493
vt 1 0.45278448
vt 0.7435469 -0.1179169
vt 1.0879757 0.53746992
vt 1.1739689 0.5004189
vt 0.14862728 0.41425043
vt 1.0430813e-07 4.4703484e-08
vt 0.3828758 0.56065643
vt 0.40427226 0.5004189
vt 0.80696833 0.50182837
vt 1 0
vt -0.028068721 0.44980022
vt -0.12529439 0.44980022
vt -0.12524128 0.44980022
vt 0.59792376 0.5004189
vt 1.0879757 0.41028726
vt 0.61712408 0.56065625
vt 1.0000004 -1.1920929e-07
vt 1 0
vt 0.46713853 0.53644216
vt 0.6666193 0.44818616
vt -0.085013226 0.50182837
vt -1.1920929e-07 0.40432447
vt -0.0003426075 0.12491626
vt 0.7435025 -0.023868755
vt 0.46713853 0.44818616
vt 0 0
vt 0.19685084 0.31679958
vt -0.12527227 0.50041884
vt 0.031503379 0.18000245
vt 0.44040805 0.59975117
vt 0.99695623 0.82744312
vt 0.57220715 0.5004189
vt 0.61712408 0.56065643
vt 0 0
vt 0.50173783 1
vt 0.68883169 0.60337919
vt -0.064693928 0.44965619
vt 0.8703686 0.44980022
vt 0.38965309 0.094890475
vt 0.99777782 0.062877625
vt 1.0000001 0.2038466
vt 0.50173783 1
vt 0.38287568 0.56065643
vt 0.26393265 0.605129
vt 0.7342484 0.50209415
vt 0.12507126 0.44965622
vt 1.0304229 0.5004189
vt 0.46713853 0.50013566
vt 0.99999982 1.0000002
vt 0.25895521 0
vt 0.54161173 0.44965622
vt 0.86452794 0.53504556
vt 0.61712408 0.56065643
vt 0.7764321 0.50457662
vt -0.11286631 0.5001356
vt -0.085013226 0.44773307
vt 0.26393276 0.40175048
vt 0.18206924 0.5004189
vt 0.055311039 0.53698963
vt 0.90415406 0.5004189
vt 0.99695563 0.18425062
vt 0.28604126 0.60041702
vt 0.26393265 0.079084158
vt 0.702411 0.5004189
vt 0.67908669 0.41587746
vt 0.99999988 0.40432447
vt 0.74073184 0.0039062798
vt 0.99999154 0.44773307
vt 0.26562184 0.44980022
vt -1.0430813e-07 1.4901161e-07
vt 1.0879757 0.44740811
vt 0.99999154 0.41238776
vt 0.35014802 0.44980022
vt 0.055311039 0.44773307
vt 0.4303773 0.065070212
vt 0.5 0.58993727
vt -0.028612494 0.50041884
vt 0.042682454 0.50041884
vt 0.40421939 0.5004189
vt 0.35014802 0.5004189
vt 0.97269189 -0.027693748
vt 0.54125321 0.50457662
vt 0.21419853 0
vt -0.14842905 0.41238776
vt 0.74073178 0.0039062798
vt 0.60507929 0.50182837
vt 1.0721117 0.44980022
vt 0.99695611 1.0393867
vt 1 1
vt 0.515625 0.203125
vt 0.14862728 0.41425043
vt 0.19685084 0.70013511
vt 0.25911927 0.50013566
vt 0.296875 0.40625
vt -0.0003426075 0.60041702
vt 0 0.203125
vt 0.64029944 0.084128678
vt 0.90415406 0.44980025
vt 1 1
vt 0.4375 0.40625
vt 0.515625 0.203125
vt 0.53387576 0.70425111
vt 0.70832837 0.41028723
vt 1 0.40624219
vt 0.296875 0.40625
vt 1.1269412 0.44980025
vt 0.75 0.203125
vt 0.59759146 0.5004189
vt 0.75 0
vt 0.33792275 0.92766857
vt -0.51626837 0.5001356
vt 1 1.0000002
vt -0.064693987 0.53504556
vt -0.17218041 0.44980022
vt 1 0.40624219
vt -0.45073235 0.5001356
vt -0.0003426075 0.5084818
vt 0.515625 0
vt -0.3062959 0.4481861
vt -0.064693928 0.4158774
vt 0.40412828 0.5004189
vt 0.99695599 0.30252582
vt 0.097634017 0.5004189
vt 0.74350238 0.90533632
vt 1.1270826 0.44980025
vt 0.515625 0
vt 0.99777782 0.062877715
vt 0.99999988 1.6391277e-07
vt 0.14010064 0.50041884
vt 0.40427282 0.44980022
vt -0.085013226 0.41238776
vt 0.74350226 0.1014771
vt 0.40289709 0.065516174
vt 0.74350238 0.59975117
vt 0.031329907 0.4481861
vt 0.68320894 0.5034402
vt 0.59421194 0.50584662
vt 1 1.0000002
vt 0.28859603 1.0597219
vt 1.0879757 0.53746992
vt 0.50173777 1
vt 0.43038109 0.028921127
vt -0.11286631 0.41180006
vt 0 0
vt 1.432532 0.44740814
vt 0.64050096 0.12270868
vt 0.80696833 0.50182837
vt 0.50173777 1
vt 0.60507929 0.41238776
vt 0.32316753 0.50180167
vt 0.031329907 0.41180006
vt 0.99695563 0.60337919
vt 0.28859603 -0.052968636
vt 1 -1.7881393e-07
vt 0 0
vt 0.24637583 1
vt 0.659217 0.10291141
vt -0.12524128 0.44980022
vt 0.99626094 0.53504562
vt 1 0.50457662
vt 1.1739689 0.5004189
vt 0.61431968 0.077249527
vt 0.70228964 0.5004189
vt 0.031329907 0.5001356
vt 0.6666193 0.44818616
vt -0.085013226 0.50182837
vt -0.00034284592 0.41618007
vt 0.14801782 0.41425043
vt 0.24637583 1
vt 0.46736509 0.5004189
vt 0.75331116 1
vt 1 0.50457662
vt 0.21419853 0.203125
vt 0.2638841 1.1621974
vt 0.58455575 0.60512865
vt 1.029917 0.5004189
vt 2.9802322e-08 0.203125
vt 0 0.203125
vt 1 0.203125
vt 0 0
vt 0.75331116 1
vt 0.54161173 0.41587746
vt 1.1270609 0.5004189
vt 0.74350238 0.40706211
vt -0.00037944317 1.0895715
vt 0.36106974 0.10646677
vt 0.33792251 0.079084158
vt 1 0.203125
vt 0 0.203125
vt 0 0
vt 0.0022220314 0.062877625
vt 0.72526586 0.45278448
vt 0.81965053 0.5004189
vt 0.38965309 0.094890475
vt 0.23517889 0.40624219
vt 0.25911927 0.41180006
vt -0.51626837 0.5364421
vt 0.12507126 0.53504556
vt -0.14842905 0.44773307
vt 0.4485296 0.04721576
vt 0.23517889 0.40624219
vt 0.26393265 0.16772509
vt 1.0879757 0.50042635
vt 0.54161173 0.44965622
vt 0.40397611 0.15644813
vt 0.99777806 0.062877625
vt 0.86452794 0.53504556
vt 0.37915671 0.08815378
vt 0.94060034 0.44740811
vt 0.23517889 0.45278448
vt 0.29943013 0.5004189
vt -0.085013226 0.44773307
vt 1.499269 0.50042623
vt -0.0282197 0.50041884
vt 0.90415406 0.5004189
vt 0.26393265 0.079084158
vt 0.23517889 0.45278448
vt 1 0.203125
vt 0 1
vt 0.702411 0.44980022
vt 5.9604645e-08 0.50457662
vt -0.028091073 0.44980022
vt 0.75 0
vt 1.0879757 0.44740811
vt 5.9604645e-08 0.55111891
vt 2.9802322e-08 0.40625
vt 0.0022219419 0.062877625
vt -0.00034284592 1.0115989
vt 0.5 0.58993727
vt 0 1
vt 5.9604645e-08 0.50457662
vt 0.75 0
vt 0.40421939 0.44980022
vt 2.9802322e-08 0.40625
vt 0.26393241 1.0599761
vt -0.3062959 0.5001356
vt 0.44040793 0.40706211
vt 1.029933 0.44980025
vt -0.14842905 0.41238776
vt 2.9802322e-08 0.45278448
vt 0.75 0.203125
vt 0.72526586 0.40624219
vt 0.49826211 0
vt 1.0721117 0.44980022
vt 0.40781161 0.076596797
vt 0.296875 0.203125
vt 2.9802322e-08 0.45278448
vt 1 0.45278448
vt 0.70228964 0.44980022
vt 0.055311039 0.50182837
vt 0.86452794 0.41587746
vt 0.25911927 0.50013566
vt 0.43528634 0.076600611
vt 0.75 0.203125
vt 0.49826211 0
vt 0.49595416 0.44740817
vt 0.031329896 0.5364421
vt 0.49595416 0.50042635
vt -0.51626837 0.4481861
vt 0.99999154 0.53698963
vt 0.24637589 1
vt 1.3419377 0.44980025
vt -0.12538493 0.50041884
vt 1.3419377 0.5004189
vt 0.59759146 0.5004189
vt 0.99695575 0.098960996
vt 0.85137248 0.41425043
vt 0.097543091 0.5004189
vt 0.81962818 0.5004189
vt -0.45073235 0.5001356
vt 0.76552641 0.5004189
vt 0.32316753 0.41587743
vt -0.3062959 0.5364421
vt 0.097687304 0.44980022
vt 0.90417653 0.5004189
vt 0.097686768 0.5004189
vt 0.94060034 0.41028726
vt 1.1976331 0.44980025
vt 0.34258366 0.08815378
vt 0.0022221506 0.062877715
vt 0.29928625 0.5004189
vt 0 0
vt 0.68320894 0.5034402
vt 0.67407715 0.1014771
vt -0.17215842 0.50041884
vt -0.11286631 0.5364421
vt 0.66886675 0.44980022
vt 0.74350226 0.70425111
vt 0.5338757 0.30256236
vt 0.43038109 0.028921127
vt 0.98758566 0.44980025
vt -0.17210627 0.50041884
vt -0.0003426075 0.70013523
vt 0.59792376 0.44980022
vt 1.432532 0.44740814
vt 0.10432041 0.81162328
vt 0.98758566 0.5004189
vt -0.45073235 0.41180003
vt 0.14010064 0.44980022
vt 0.59744745 0.44980022
vt -0.12521994 0.50041884
vt 0.7435025 1.0306822
vt 0.2923938 0.50042635
vt 1.4992688 0.41028726
vt 0.99695575 0.40831438
vt 0.99777782 0.062877715
vt -0.0042038113 0.44980022
vt 1 0.40428433
vt 1 0
vt 1.029917 0.5004189
vt 1.0000001 4.4703484e-08
vt 0.85137272 0.41425043
vt -0.11286631 0.4481861
vt 1 0
vt 1 0.55111891
vt 0.62734348 0.82108563
vt 0.94060034 0.50042635
vt 0.671875 0.40625
vt 0.26651913 0.55111891
vt 0.25911927 0.5364421
vt 0.81965053 0.5004189
vt 1 0.55111891
vt 0.37915671 0.060704887
vt 0.64037836 0.10343879
vt -0.0003426075 0.8920185
vt 0.66886675 0.5004189
vt -0.0003426075 0.2053113
vt 0.50078785 0.5004189
vt 0.18206921 0.44980022
vt 0.54125321 0.50457662
vt 0.671875 0.40625
vt -1.3876706e-07 1.0000002
vt 0.44058365 0.15644431
vt -0.14842905 0.44773307
vt 0.4485296 0.04721576
vt 0.57220715 0.44980022
vt 0.54125321 0.50457662
vt 0.26393265 0.16772509
vt 0.18221366 0.44980022
vt 1.499269 0.53746992
vt 0.74073184 0.0039062798
vt 1.432532 0.53746992
vt 0.66672039 0.12938303
vt -0.14842905 0.53698963
vt 0.40397611 0.12896389
vt -5.9604645e-08 1.0000005
vt 0.18216002 0.5004189
vt 0.10766029 0.2053113
vt 0.21419853 0
vt -0.0282197 0.50041884
vt 1.0430813e-07 -7.4505806e-08
vt 1 0.40624219
vt 0.6666193 0.50013566
vt -0.028091073 0.44980022
vt 0.38377619 0.50182837
vt 0.21419853 0
vt 0.74073178 0.0039062798
vt 0.042682573 0.44980022
vt -0.45073235 0.4481861
vt 0.18221298 0.5004189
vt 0.4375 0.40625
vt 0.515625 0.203125
vt 1.1739689 0.5004189
vt 0.26575136 0.50209397
vt 0 0.203125
vt 1.0304008 0.5004189
vt 0.4375 0.40625
vt 0.097634017 0.44980022
vt 2.9802322e-08 0.40624219
vt 0.49595416 0.41028726
vt 0.0022221506 0.062877715
vt 0.75331122 1
vt 0.28604126 0.41617987
vt 0.75 0
vt 2.9802322e-08 0.40624219
vt 1.0304008 0.44980025
vt 0.59792376 0.5004189
vt -0.00034284592 0.0053359321
vt 1.0879757 0.41028726
vt 0.45874679 0.45278448
vt 0.25895524 0
vt 0.75331122 1
vt 0.49595416 0.44740817
vt 0.031329896 0.5364421
vt 0.49595416 0.50042635
vt -0.51626837 0.4481861
vt 0.2435853 0.41238776
vt -0.0003426075 0.12491626
vt 0.45874679 0.45278448
vt 0.80696833 0.53698963
vt 0.25895524 0
vt 0.46713853 0.44818616
vt 1.3419377 0.44980025
vt 0.38377619 0.53698963
vt 1.3419377 0.5004189
vt 0.7435469 -0.1179169
vt 0.50173777 1
vt 0.38377619 0.44773307
vt 0.99999988 0.2038466
vt 5.9604645e-08 0.40432447
vt 0.50093246 0.44980022
vt 1 0
vt 0.26393265 0.71542692
vt 0.90993476 0.32640779
vt 0.70832837 0.53747004
vt 0.72081113 1.0304481
vt 1 0
vt 1.2855051 0.41028723
vt 0.70832837 0.50042635
vt -0.064693928 0.44965619
vt 0.26393265 0.92766833
vt 0.671875 0.203125
vt 0.90417653 0.5004189
vt 0.26393265 0.5034402
vt 0.85137248 0.41425067
vt 2.9802322e-08 0.203125
vt 0.26393265 0.605129
vt 0 0
vt 0.75331116 1
vt 0.70832837 0.44740814
vt 0.4375 0.203125
vt 0.74350238 0.82108575
vt 0.45874679 0.40624219
vt 2.9802322e-08 0.203125
vt 0.49595416 0.53747004
vt 0.54125321 0.55111891
vt 0.21875 0
vt 0.19685084 0.31679958
vt 0.4375 0.203125
vt 0.44040805 0.59975117
vt 1 0.50457662
vt 0.21875 0.203125
vt 0.98758566 0.44980025
vt -0.0003426075 0.70013523
vt 1.432532 0.41028723
vt 0.54125321 0.55111891
vt 0.21875 0
vt 0.59792376 0.44980022
vt 1.2855051 0.44740814
vt 0.49826199 0
vt 0.21875 0.203125
vt 0.21419853 0.203125
vt 0.26562184 0.44980022
vt 0.99999994 1
vt 0.063065231 0.12491626
vt 0.99695623 0.91273218
vt 0 0.40428433
vt 0.26651913 0.50457662
vt 0.49826199 0
vt 1.1739471 0.5004189
vt 0.6667785 0.077495456
vt 0.7764321 0.55111891
vt 0.38287589 0.56065643
vt 1.4992688 0.41028726
vt 5.9604645e-08 0.20490056
vt 0.26651913 0.50457662
vt 1.499269 0.44740811
vt 0.7764321 0.55111891
vt 0.72526586 0.45278448
vt 0.090065211 0.32640779
vt 0.44058365 0.12896866
vt 0.40780252 0.11320239
vt 0.23517889 0.40624219
vt -0.11286631 0.5001356
vt 5.9604645e-08 0.55111891
vt 0.26393276 0.40175048
vt 0.99695623 0.70916784
vt 0 1
vt 0.19685084 0.70013511
vt 5.9604645e-08 0.50457662
vt 0.38724911 0.1677247
vt -0.0003426075 0.60041702
vt 5.9604645e-08 0.55111891
vt 0.055311039 0.41238776
vt 0.60507929 0.44773307
vt 5.9604645e-08 0
vt -0.0003426075 0.8920185
vt 0.23517889 0.45278448
vt 0.96849704 0.18000245
vt 0.61431968 0.12989789
vt 1 0.203125
vt 0.38724923 0.83874315
vt 0.4303773 0.065070212
vt 0.58455563 0.40175048
vt 0.063065231 0.89201838
vt 0.042682454 0.50041884
vt 1 0.203125
vt 0.296875 0.203125
vt -0.0003426075 0.5084818
vt 0.2923938 0.53747004
vt -0.3062959 0.4481861
vt 2.9802322e-08 0.40625
vt 1 0.40625
vt -0.064693928 0.4158774
vt 0.26562184 0.5004189
vt 1.0000001 -4.1723251e-07
vt 0.70243347 0.5004189
vt 0.097634017 0.5004189
vt 0.6666193 0.53644216
vt 0.296875 0.203125
vt -0.14842905 0.53698963
vt -0.17212766 0.44980022
vt 0.24637589 1
vt 1 0.40625
vt 0.40289709 0.065516174
vt 0.64029944 0.084128678
vt 0.24637589 1
vt 0.25911927 0.44818616
vt 1 0.45278448
vt 0.28859603 1.0597219
vt 0.61712408 0.56065625
vt 1.1738343 0.44980025
vt 0.85137248 0.41425067
vt 0.34694028 0.50340712
vt 1 0.45278448
vt 0.99626094 0.44965625
vt 0.29239374 0.41028726
vt 0.01846981 0.0055300049
vt 0.64050096 0.12270868
vt 0.54161173 0.50180167
vt 0 0.55140579
vt -5.9604645e-08 -1.1920929e-07
vt 0.99695563 0.60337919
vt 0.28859603 -0.052968636
vt -0.12536293 0.44980022
vt 0.38287589 0.56065625
vt 1.1270826 0.44980025
vt 1 0
vt -0.12524128 0.44980022
vt 0.59792376 0.5004189
vt 1.0304008 0.44980025
vt 0.46713853 0.53644216
vt 0.74350226 0.1014771
vt 0.0022220314 0.062877715
vt 0.6666193 0.44818616
vt 0.29943079 0.44980022
vt 1 0
vt 0.9684968 0.18000257
vt 0.065491922 0.95241892
vt 0.065822229 0.95281136
vt 0.99695623 0.82744312
vt 0.57220715 0.5004189
vt 0 0
vt 0.99999154 0.50182837
vt 0 0.55140579
vt 0.72081113 1.0304481
vt 0 0
vt -0.064693928 0.44965619
vt 0.50173783 1
vt 0.26393265 0.92766833
vt 0.65954733 0.10330385
vt 0.26393265 0.5034402
vt 0.26393265 0.605129
vt 0.8703686 0.5004189
vt 0.50173783 1
vt 0.70832837 0.44740814
vt 1.0304229 0.5004189
vt -0.0042038113 0.50041884
vt 0.9684968 0.18000245
vt 0.67407733 0.90533632
vt 1.0879757 0.50042635
vt 0.90993476 0.32640779
vt -0.028559923 0.50041884
vt 0.54161173 0.44965622
vt 0.25895521 0
vt 0.12507126 0.50180167
vt 0.29943013 0.5004189
vt 0.7764321 0.50457662
vt 0.54161173 0.41587746
vt 0.74350238 0.40706211
vt 0.25895521 0
vt 0.26393265 0.079084158
vt 0.92538261 0.91273218
vt -0.0003426075 0.81162339
vt 0.67908669 0.41587746
vt 0.40290177 0.028921127
vt 0.40412828 0.44980022
vt 0.9684968 0.18000245
vt 0.26562184 0.44980022
vt 0.36075103 0.10614961
vt 0.97269261 1.0393867
vt 1.1270831 0.5004189
vt 0.74073184 0.0039062798
vt 0.61712432 0.56065643
vt 0.80696833 0.44773307
vt 1.0601245 0.44965625
vt 1.0601245 0.50180167
vt -0.51626837 0.5364421
vt -0.028612494 0.50041884
vt 0.6666193 0.41180012
vt 0.99634755 1.1376847
vt 0.54125321 0.50457662
vt 0.35014802 0.5004189
vt 0.61712408 0.56065625
vt 0.26651913 0.55111891
vt 0.2435853 0.44773307
vt 0.78345227 0.30252582
vt 0.54125321 0.50457662
vt 0.99695611 1.0393867
vt 0.99626094 0.50180167
vt 0.70228964 0.44980022
vt 0.055311039 0.50182837
vt 1 1
vt 0.515625 0.203125
vt 1 5.9604645e-08
vt 0.296875 0.40625
vt 0.53387576 0.70425111
vt 0.70832837 0.41028723
vt 0.99634731 -0.12599152
vt 1 1
vt 0.515625 0.203125
vt 0.61431968 0.12989789
vt 1.1269412 0.44980025
vt 1 0.40624219
vt 0.59759146 0.5004189
vt -1.7881393e-07 -1.1920929e-07
vt 0.296875 0.40625
vt -0.51626837 0.41180003
vt 0.50087911 0.5004189
vt 0.58455563 0.40175048
vt 0.097543091 0.5004189
vt 0.75 0.203125
vt 0.75 0
vt -0.45073235 0.5001356
vt 1 0.40624219
vt 1.029933 0.44980025
vt -0.0003426075 0.5084818
vt 0.90415424 0.5004189
vt -0.3062959 0.4481861
vt -0.064693928 0.4158774
vt 0.49999979 0.58993727
vt 0.87807256 0.82744312
vt 0.86452794 0.44965625
vt -0.085013226 0.41238776
vt 0.515625 0
vt 1.197633 0.5004189
vt 0.40289709 0.065516174
vt 0.59759194 0.44980022
vt 0.29937726 0.44980022
vt 0.99999154 0.53698963
vt 2.9802322e-08 0.40624219
vt 0.031329907 0.4481861
vt 0.28859603 1.0597219
vt 0.81989765 0.5004189
vt 1.0000002 0.9999997
vt 0.38287568 0.56065643
vt 1.1270607 0.44980025
vt 0.29928625 0.44980022
vt -0.17215842 0.50041884
vt 0.66886675 0.44980022
vt 0.5338757 0.30256236
vt 0.60507929 0.53698963
vt 0.25895524 0
vt 0.01846981 0.0055300049
vt 0.90993458 0.32640779
vt 1.2950513 0.5004189
vt 0.50173777 1
vt 1.432532 0.44740814
vt -0.14842905 0.50182837
vt 0.99626094 0.41587746
vt 0 0
vt 0.74350202 0.30256236
vt 0.2435853 0.53698963
vt 1.1739471 0.44980025
vt 0.99695563 0.60337919
vt 0.50173777 1
vt 1.2855051 0.53746992
vt 0.50087911 0.44980022
vt -0.45073235 0.5364421
vt -1.4901161e-08 4.4703484e-08
vt 0.24637583 1
vt 0.29937726 0.5004189
vt 1 0
vt 0.090065002 0.32640779
vt -0.00034284592 0.41618007
vt 0.70228964 0.5004189
vt 0.031329907 0.5001356
vt 1 0.50457662
vt 0.46736509 0.5004189
vt 0.671875 0.203125
vt 0.24637583 1
vt -0.17224926 0.44980022
vt 0.67908669 0.53504556
vt 0.75331116 1
vt 1 0.50457662
vt 0.065822229 0.95281136
vt 1.029917 0.5004189
vt 0.74350226 0.70425111
vt 0.671875 0.203125
vt 0.43528634 0.11320144
vt 0.45874679 0.40624219
vt 1.0000001 0
vt 2.9802322e-08 0.203125
vt 0 0.203125
vt -0.17210627 0.50041884
vt 0.36106974 0.10646677
vt 0 0
vt 0.75331116 1
vt 0.45874679 0.40624219
vt 1 0.203125
vt 0 0.203125
vt 0 0
vt 1.0601245 0.41587746
vt 0.21875 0
vt 0.18206921 0.44980022
vt -0.45073235 0.41180003
vt 1.2855051 0.50042623
vt 0.74350238 0.18572773
vt 0.87807196 0.18425062
vt 0 0.40428433
vt 0.23517889 0.40624219
vt 0.8703686 0.5004189
vt 0.2435853 0.50182837
vt 0.67407733 0.90533632
vt 1.0879757 0.50042635
vt 0.23517889 0.40624219
vt 0.37915671 0.08815378
vt 0.01846981 1.0114049
vt 0.50078785 0.44980022
vt 0.90417719 0.44980025
vt 0.72081113 -0.023634687
vt 0.066008426 0.95227635
vt 1.7881393e-07 -2.3841858e-07
vt 0.99999988 4.4703484e-08
vt 0.34258366 0.060709655
vt 0.097543091 0.44980022
vt -0.11286631 0.4481861
vt 0.40290177 0.028921127
vt 5.9604645e-08 0.55111891
vt 0 1
vt 0.97269261 1.0393867
vt 0.65973353 0.10276884
vt -0.00034284592 1.0115989
vt 5.9604645e-08 0.50457662
vt 0.75 0
vt 1 0.55140579
vt 2.9802322e-08 0.40625
vt 1.0601245 0.44965625
vt 5.9604645e-08 0.55111891
vt 0.67908669 0.44965622
vt -0.085013226 0.53698963
vt 0.37523174 0.5084818
vt 0.40421939 0.44980022
vt 0 1
vt 1.0601245 0.53504562
vt 0.6666193 0.41180012
vt 0.57220715 0.44980022
vt 0.99777782 0.062877715
vt 0.81962818 0.44980025
vt 5.9604645e-08 0.50457662
vt 0.75 0
vt 1.0304008 0.5004189
vt 0.78345239 0.70916784
vt 0.78345227 0.30252582
vt 0.7342484 0.50209397
vt 0.74350238 0.50340664
vt 2.9802322e-08 0.45278448
vt 0.40397611 0.12896389
vt 0.75 0.203125
vt 0.72526586 0.40624219
vt 1.0298796 0.44980025
vt 0.031503052 0.18000245
vt 0.49826211 0
vt 1.1270826 0.5004189
vt 0.70228964 0.44980022
vt -0.3062959 0.41180006
vt 0.43528634 0.076600611
vt 0.296875 0.203125
vt 0.42228514 0.17459679
vt 2.9802322e-08 0.45278448
vt 0.49595416 0.50042635
vt 0.2435853 0.41238776
vt 0.72526586 0.40624219
vt 0.75 0.203125
vt 1.1739689 0.44980025
vt 0.49826211 0
vt 0.46736503 0.44980022
vt 0.12507126 0.41587743
vt 0.18216005 0.44980022
vt 0.38377619 0.53698963
vt 0.2657516 0.50209397
vt 1.0721117 0.5004189
vt 0.96849662 0.18097854
vt 0.7435469 1.12473
vt 0.24637589 1
vt 0.50087911 0.5004189
vt 0.26393265 -0.05322291
vt 0.097543091 0.5004189
vt 0.29239374 0.44740817
vt 1.432532 0.50042623
vt 0.9684968 0.18000245
vt 0.81962818 0.5004189
vt 0.70832837 0.53747004
vt 0.76552641 0.5004189
vt 0.59744745 0.5004189
vt 0.49999979 0.58993727
vt 0.70832837 0.50042635
vt 0.9041543 0.44980025
vt 0.87807256 0.82744312
vt 0.097687304 0.44980022
vt 0.26393265 0.83874393
vt 0.32316753 0.53504556
vt 0.097686768 0.5004189
vt 1.1976331 0.44980025
vt 1.197633 0.5004189
vt 0.73424822 0.50209415
vt 0.0022220314 0.062877715
vt 0.81989765 0.44980025
vt 1.2950513 0.44980025
vt 0.62109464 0.10360718
vt 0.29928625 0.44980022
vt -0.17215842 0.50041884
vt 0.38377619 0.44773307
vt 0.99695551 -0.027693748
vt 1 0
vt 0.86452794 0.50180167
vt 0.26393265 0.71542692
vt 0.59792376 0.44980022
vt 0.26393253 0.29145283
vt -0.14842905 0.50182837
vt 0.74350202 0.30256236
vt 0.32316756 0.44965622
vt 0.5009318 0.5004189
vt 0.99695623 0.91273218
vt -0.45073235 0.5364421
vt 0.59744745 0.44980022
vt 0.48590231 0.29145283
vt -0.12521994 0.50041884
vt -0.064693928 0.50180167
vt 0.7435025 1.0306822
vt 0.92538249 0.098960996
vt 0.09006542 0.32640779
vt 1.4992688 0.41028726
vt 0.99695575 0.40831438
vt -0.17224926 0.44980022
vt -0.17227119 0.50041884
vt 0.67908669 0.53504556
vt 0.48590243 0.71542692
vt 0.67908669 0.50180167
vt 0.90993476 0.32640779
vt -1.4901161e-08 1.6391277e-07
vt 1 0
vn 0 0 1
vn 0 0 1
vn 0 0 1
vn 0 0 1
vn 1 0 0
vn 1 0 0
vn 1 0 0
vn 1 0 0
vn -1 0 0
vn -1 0 0
vn -1 0 0
vn -1 0 0
vn 1 0 0
vn 1 0 0
vn 1 0 0
vn 1 0 0
vn 0 1 0
vn 0 1 0
vn 0 1 0
vn 0 1 0
vn 0 -1 0
vn 0 -1 0
vn 0 -1 0
vn 0 -1 0
vn 0 0 -1
vn 0 0 -1
vn 0 0 -1
vn 0 0 -1
vn 0 1 0
vn 0 1 0
vn 0 1 0
vn 0 1 0
vn 0 1 0
vn 0 1 0
vn 0 1 0
vn 0 1 0
vn 0 0 1
vn 0 0 1
vn 0 0 1
vn 0 0 1
vn 0 0 -1
vn 0 0 -1
vn 0 0 -1
vn 0 0 -1
vn 0 1 0
vn 0 1 0
vn 0 1 0
vn 0 1 0
vn 0 1 0
vn 0 1 0
vn 0 1 0
vn 0 1 0
vn -1 0 0
vn -1 0 0
vn -1 0 0
vn -1 0 0
vn 1 0 0
vn 1 0 0
vn 1 0 0
vn 1 0 0
vn 0 -1 0
vn 0 -1 0
vn 0 -1 0
vn 0 -1 0
vn -1 0 0
vn -1 0 0
vn -1 0 0
vn -1 0 0
vn -1 0 0
vn -1 0 0
vn -1 0 0
vn -1 0 0
vn -1 0 0
vn -1 0 0
vn -1 0 0
vn -1 0 0
vn 0 1 0
vn 0 1 0
vn 0 1 0
vn 0 1 0
vn 0 1 0
vn 0 1 0
vn 0 1 0
vn 0 1 0
vn 0 -1 0
vn 0 -1 0
vn 0 -1 0
vn 0 -1 0
vn 1 0 0
vn 1 0 0
vn 1 0 0
vn 1 0 0
vn 0.3472783 -0.93776214 0
vn -0.00049533806 -0.99999982 0
vn -0.00049576326 -0.99999982 -5.2471844e-10
vn 0.34727803 -0.93776226 9.5463179e-08
vn -1.5644478e-07 -0.95456028 -0.29801777
vn 3.5085989e-07 -0.87079555 -0.49164519
vn 1.219757e-07 -0.85065007 -0.52573222
vn 2.5071094e-08 -0.93788505 -0.3469463
vn 3.5085989e-07 -0.87079555 -0.49164519
vn 0 -0.73025835 -0.68317109
vn 0 -0.68721497 -0.72645414
vn 1.219757e-07 -0.85065007 -0.52573222
vn 0 -0.73025835 -0.68317109
vn 0.00037840349 -0.4902415 -0.87158656
vn 0.00077635614 -0.46619159 -0.88468343
vn 0 -0.68721497 -0.72645414
vn 0.00037840349 -0.4902415 -0.87158656
vn 0.0016710554 -0.31768915 -0.94819343
vn 7.9195206e-06 -0.30541053 -0.95222074
vn 0.00077635614 -0.46619159 -0.88468343
vn 0.0016710554 -0.31768915 -0.94819343
vn -0.0059336931 -0.13207239 -0.99122232
vn 7.9195206e-06 -0.30541053 -0.95222074
vn 1.8297646e-14 -0.99999994 1.055256e-07
vn 2.8493034e-07 -0.95456034 0.29801753
vn 9.6953947e-08 -0.93788493 0.34694654
vn -9.3253398e-15 -1 -2.1023403e-07
vn 0.49164581 -0.87079531 3.1639181e-07
vn 0.52573234 -0.85065001 1.8577514e-07
vn 0.72645384 -0.68721527 7.6575375e-08
vn 0.68317068 -0.7302587 0
vn 0.68317068 -0.7302587 0
vn 0.72645384 -0.68721527 7.6575375e-08
vn 0.88448292 -0.46657246 -1.4171083e-07
vn 0.87155306 -0.49030116 0
vn 0.87155306 -0.49030116 0
vn 0.88448292 -0.46657246 -1.4171083e-07
vn 0.95143706 -0.30784327 -1.4131109e-07
vn 0.94743925 -0.31993571 0
vn 0.94743925 -0.31993571 0
vn 0.95143706 -0.30784327 -1.4131109e-07
vn 0.99155498 -0.12968703 0
vn 0 -0.93788505 -0.3469463
vn 0 -0.85130382 -0.5246731
vn 1.2164146e-07 -0.85130382 -0.52467316
vn 2.493733e-08 -0.93788505 -0.34694624
vn 0 -1 1.2027346e-06
vn 0 -0.93788487 0.34694666
vn 2.1935394e-07 -0.93788487 0.34694642
vn -9.3253435e-14 -1 4.7424905e-07
vn -0.29801694 -0.95456064 -1.877699e-07
vn -0.34694639 -0.93788499 -1.0350543e-07
vn -0.52573282 -0.85064989 -6.170432e-08
vn -0.49100712 -0.8711555 -1.7849089e-07
vn -0.49100712 -0.8711555 -1.7849089e-07
vn -0.52573282 -0.85064989 -6.170432e-08
vn -0.72645384 -0.68721521 0
vn -0.6843673 -0.72913742 0
vn -0.6843673 -0.72913742 0
vn -0.72645384 -0.68721521 0
vn -0.88467336 -0.46621066 0.00075820507
vn -0.87194908 -0.48959628 0.00035533521
vn -0.87194908 -0.48959628 0.00035533521
vn -0.88467336 -0.46621066 0.00075820507
vn -0.95141602 -0.30790299 0.0017893767
vn -0.94723707 -0.32052943 0.0016567539
vn -0.94723707 -0.32052943 0.0016567539
vn -0.95141602 -0.30790299 0.0017893767
vn -0.99147099 -0.13032487 0.00082747225
vn -4.57441e-13 -1 -4.3169547e-07
vn -1.5644478e-07 -0.95456028 -0.29801777
vn 2.5071094e-08 -0.93788505 -0.3469463
vn -9.3253435e-14 -1 4.7424905e-07
vn -3.8315011e-07 -0.87079531 0.49164563
vn -9.3600602e-07 -0.73025978 0.68316954
vn -7.6486145e-07 -0.68721581 0.72645324
vn -3.4197947e-07 -0.85065013 0.5257321
vn -9.3600602e-07 -0.73025978 0.68316954
vn -0.00038426201 -0.49023888 0.87158799
vn -0.00078058132 -0.46618789 0.88468546
vn -7.6486145e-07 -0.68721581 0.72645324
vn -0.00038426201 -0.49023888 0.87158799
vn -0.0017079394 -0.32050419 0.94724554
vn -0.00179037 -0.30788749 0.95142108
vn -0.00078058132 -0.46618789 0.88468546
vn -0.0017079394 -0.32050419 0.94724554
vn -0.00081840658 -0.13032956 0.99147046
vn -0.00179037 -0.30788749 0.95142108
vn 2.8493034e-07 -0.95456034 0.29801753
vn -3.8315011e-07 -0.87079531 0.49164563
vn -3.4197947e-07 -0.85065013 0.5257321
vn 9.6953947e-08 -0.93788493 0.34694654
vn 0.0010391439 -0.46589372 0.88484007
vn 0.0017119412 -0.30728877 0.9516148
vn 0.0017910576 -0.30789062 0.95142007
vn 0.00077600963 -0.46619204 0.88468325
vn 0 -0.85065037 0.52573168
vn 0 -0.68721551 0.7264536
vn -3.8467439e-07 -0.68721569 0.72645342
vn -4.9723202e-08 -0.85065031 0.5257318
vn 0.0017119412 -0.30728877 0.9516148
vn 0.00068180828 -0.12185764 0.99254733
vn 0.00082035951 -0.13032922 0.99147046
vn 0.0017910576 -0.30789062 0.95142007
vn 0 -0.68721551 0.7264536
vn 0.0010391439 -0.46589372 0.88484007
vn 0.00077600963 -0.46619204 0.88468325
vn -3.8467439e-07 -0.68721569 0.72645342
vn 0.29801732 -0.9545604 3.4900381e-07
vn 0.34694564 -0.93788522 1.8361408e-07
vn 0.52573234 -0.85065001 1.8577514e-07
vn 0.49164581 -0.87079531 3.1639181e-07
vn 0.95161062 -0.30730167 0.0017322829
vn 0.88482857 -0.4659158 0.0010391567
vn 0.8846733 -0.4662109 0.00075802876
vn 0.95141631 -0.30790249 0.0017888248
vn 0.72645372 -0.68721533 0
vn 0.52645504 -0.85020304 0
vn 0.52645522 -0.8502028 5.4170506e-08
vn 0.7264539 -0.68721527 0
vn 0 -1 -4.2046807e-07
vn 0 -0.93788505 -0.3469463
vn 2.493733e-08 -0.93788505 -0.34694624
vn -9.3253398e-15 -1 -2.1023403e-07
vn 0.99254864 -0.12184669 0.00070209807
vn 0.95161062 -0.30730167 0.0017322829
vn 0.95141631 -0.30790249 0.0017888248
vn 0.99147105 -0.13032453 0.00082738616
vn 0.88482857 -0.4659158 0.0010391567
vn 0.72645372 -0.68721533 0
vn 0.7264539 -0.68721527 0
vn 0.8846733 -0.4662109 0.00075802876
vn 0.52645504 -0.85020304 0
vn 0.3472783 -0.93776214 0
vn 0.34727803 -0.93776226 9.5463179e-08
vn 0.52645522 -0.8502028 5.4170506e-08
vn -0.0017066497 -0.30728588 -0.95161569
vn -0.00067658309 -0.12185995 -0.99254709
vn -0.00081786595 -0.13032976 -0.9914704
vn -0.0017891919 -0.30788726 -0.9514212
vn 0 -0.68636811 -0.72725433
vn -0.0010388304 -0.46375501 -0.8859629
vn -0.00077969319 -0.46405461 -0.8858062
vn 0 -0.68636823 -0.72725409
vn 0 -0.93788487 0.34694666
vn 0 -0.85065037 0.52573168
vn -4.9723202e-08 -0.85065031 0.5257318
vn 2.1935394e-07 -0.93788487 0.34694642
vn -0.0010388304 -0.46375501 -0.8859629
vn -0.0017066497 -0.30728588 -0.95161569
vn -0.0017891919 -0.30788726 -0.9514212
vn -0.00077969319 -0.46405461 -0.8858062
vn 0 -0.85130382 -0.5246731
vn 0 -0.68636811 -0.72725433
vn 0 -0.68636823 -0.72725409
vn 1.2164146e-07 -0.85130382 -0.52467316
vn -0.000186947 -1 -8.3900842e-10
vn -0.00049576326 -0.99999982 -5.2471844e-10
vn -0.34694639 -0.93788499 -1.0350543e-07
vn -0.29801694 -0.95456064 -1.877699e-07
vn -0.99262589 -0.12121733 0
vn -0.95143718 -0.307843 -2.826215e-07
vn -0.95143729 -0.30784264 -1.4131116e-07
vn -0.99155486 -0.12968737 0
vn -0.88448322 -0.46657193 -2.8342211e-07
vn -0.72645414 -0.68721491 1.5315068e-07
vn -0.7264539 -0.68721521 7.6575397e-08
vn -0.8844831 -0.4665722 -1.4171106e-07
vn -0.52573186 -0.85065037 1.5156469e-07
vn -0.34694642 -0.93788493 1.150984e-08
vn -0.34694624 -0.93788505 -1.7003427e-07
vn -0.52573198 -0.85065025 -1.9898312e-08
vn 0.0038290143 -0.99999273 3.4343752e-09
vn -1.0022786e-06 -1 -7.7931522e-10
vn 0.34694564 -0.93788522 1.8361408e-07
vn 0.29801732 -0.9545604 3.4900381e-07
vn -0.95143718 -0.307843 -2.826215e-07
vn -0.88448322 -0.46657193 -2.8342211e-07
vn -0.8844831 -0.4665722 -1.4171106e-07
vn -0.95143729 -0.30784264 -1.4131116e-07
vn -0.72645414 -0.68721491 1.5315068e-07
vn -0.52573186 -0.85065037 1.5156469e-07
vn -0.52573198 -0.85065025 -1.9898312e-08
vn -0.7264539 -0.68721521 7.6575397e-08
vn -0.34694642 -0.93788493 1.150984e-08
vn -2.1316755e-06 -1 1.3055476e-13
vn -1.0022786e-06 -1 -7.7931522e-10
vn -0.34694624 -0.93788505 -1.7003427e-07
vn -0.7072612 -0.00021417411 0.70695221
vn -0.69710928 0.0010068562 0.71696413
vn -0.69713759 0.001007523 0.71693659
vn -0.70726198 -0.00021503928 0.7069515
vn -0.71401256 -0.028055742 -0.69957054
vn -0.71039844 -0.011911819 -0.70369893
vn -0.71039724 -0.011906701 -0.7037003
vn -0.71401256 -0.028055742 -0.69957054
vn 0.70603067 -0.0055076266 -0.70815986
vn 0.70706475 0.0009557461 -0.70714819
vn 0.70706505 0.00095330965 -0.70714784
vn 0.70602608 -0.0055175466 -0.70816422
vn -0.70341361 -0.014040211 -0.71064216
vn -0.69956136 -0.028079359 -0.71402067
vn -0.69956136 -0.028079359 -0.71402067
vn -0.70341474 -0.0140359 -0.71064103
vn 0.71402013 -0.028084552 0.69956172
vn 0.71064371 -0.014044828 0.70341194
vn 0.71064252 -0.014040217 0.70341307
vn 0.71402013 -0.028084552 0.69956172
vn -0.70710707 1.0096003e-06 -0.70710647
vn -0.70341361 -0.014040211 -0.71064216
vn -0.70341474 -0.0140359 -0.71064103
vn -0.70710713 1.0100963e-06 -0.70710647
vn -0.7081331 -0.00098779891 0.70607823
vn -0.7072612 -0.00021417411 0.70695221
vn -0.70726198 -0.00021503928 0.7069515
vn -0.70813316 -0.00098793209 0.70607817
vn 0.7046237 -0.0090925964 0.7095229
vn 0.70316994 -0.015992768 0.71084195
vn 0.70317096 -0.015989263 0.710841
vn 0.70461994 -0.0091019738 0.70952654
vn 0.71064371 -0.014044828 0.70341194
vn 0.70710701 -1.0095997e-06 0.70710647
vn 0.70710707 -1.0100963e-06 0.70710647
vn 0.71064252 -0.014040217 0.70341307
vn 0.70706475 0.0009557461 -0.70714819
vn 0.70721263 0.0023106225 -0.70699722
vn 0.70721328 0.002307984 -0.70699644
vn 0.70706505 0.00095330965 -0.70714784
vn -0.71039844 -0.011911819 -0.70369893
vn -0.70965302 0.013496758 -0.70442206
vn -0.70964229 0.013464126 -0.7044335
vn -0.71039724 -0.011906701 -0.7037003
vn -0.70710588 -7.5612689e-07 -0.70710778
vn -0.70710707 1.0096003e-06 -0.70710647
vn -0.70710713 1.0100963e-06 -0.70710647
vn -0.70710588 -7.5610734e-07 -0.70710778
vn -0.70581019 0.001307275 0.70839965
vn -0.7081331 -0.00098779891 0.70607823
vn -0.70813316 -0.00098793209 0.70607817
vn -0.70580733 0.0013097504 0.70840263
vn 0.69999766 -0.01269908 0.71403223
vn 0.7046237 -0.0090925964 0.7095229
vn 0.70461994 -0.0091019738 0.70952654
vn 0.69998652 -0.012693645 0.71404326
vn 0.70710701 -1.0095997e-06 0.70710647
vn 0.70710522 0 0.70710826
vn 0.70710528 0 0.70710832
vn 0.70710707 -1.0100963e-06 0.70710647
vn 0.70721263 0.0023106225 -0.70699722
vn 0.70904958 0.0016387836 -0.70515668
vn 0.70905161 0.0016407601 -0.70515472
vn 0.70721328 0.002307984 -0.70699644
vn -0.70965302 0.013496758 -0.70442206
vn -0.69821697 0.0072677806 -0.71584934
vn -0.69826454 0.0073178872 -0.71580249
vn -0.70964229 0.013464126 -0.7044335
vn -0.70710564 -7.5612712e-07 -0.7071079
vn -0.70710588 -7.5612689e-07 -0.70710778
vn -0.70710588 -7.5610734e-07 -0.70710778
vn -0.70710564 -7.5563969e-07 -0.70710796
vn -0.70185381 0.0012947855 0.71231985
vn -0.70581019 0.001307275 0.70839965
vn -0.70580733 0.0013097504 0.70840263
vn -0.70223981 0.0016126892 0.71193868
vn 0.69996047 -0.0068340204 0.71414894
vn 0.69999766 -0.01269908 0.71403223
vn 0.69998652 -0.012693645 0.71404326
vn 0.69994682 -0.0068578655 0.71416205
vn 0.70710522 0 0.70710826
vn 0.70710588 0 0.70710772
vn 0.70710588 0 0.70710772
vn 0.70710528 0 0.70710832
vn -0.69821697 0.0072677806 -0.71584934
vn -0.69298005 -0.0029365174 -0.72095072
vn -0.69305897 -0.0028934209 -0.72087514
vn -0.69826454 0.0073178872 -0.71580249
vn 0.70904958 0.0016387836 -0.70515668
vn 0.71231973 0.0012960769 -0.70185387
vn 0.71193844 0.0016142891 -0.70224011
vn 0.70905161 0.0016407601 -0.70515472
vn 0.64424723 -0.41217974 -0.64424634
vn 0.69736177 -0.16545233 -0.69736081
vn 0.69736177 -0.16545242 -0.69736075
vn 0.64424729 -0.41217974 -0.64424628
vn 0.56896311 -0.59376901 -0.56896323
vn 0.64424723 -0.41217974 -0.64424634
vn 0.64424729 -0.41217974 -0.64424628
vn 0.56896317 -0.59376901 -0.56896335
vn 0.42859155 -0.79537255 -0.4285928
vn 0.56896311 -0.59376901 -0.56896323
vn 0.56896317 -0.59376901 -0.56896335
vn 0.42859161 -0.79537255 -0.42859283
vn 0.28375363 -0.91595149 -0.28375459
vn 0.42859155 -0.79537255 -0.4285928
vn 0.42859161 -0.79537255 -0.42859283
vn 0.28375369 -0.91595149 -0.28375465
vn 0.18060991 -0.96684903 -0.18050784
vn 0.28375363 -0.91595149 -0.28375459
vn 0.28375369 -0.91595149 -0.28375465
vn 0.1806099 -0.96684903 -0.18050781
vn 0.69736141 -0.16545278 0.69736111
vn 0.64424682 -0.41218132 0.6442458
vn 0.64424694 -0.41218063 0.64424592
vn 0.69736141 -0.16545288 0.69736111
vn 0.64424682 -0.41218132 0.6442458
vn 0.56896299 -0.59376961 0.56896305
vn 0.56896299 -0.59376955 0.56896311
vn 0.64424694 -0.41218063 0.64424592
vn 0.56896299 -0.59376961 0.56896305
vn 0.42858657 -0.79537725 0.42858914
vn 0.42859346 -0.79536968 0.42859602
vn 0.56896299 -0.59376955 0.56896311
vn 0.42858657 -0.79537725 0.42858914
vn 0.28438461 -0.91586673 0.28339666
vn 0.2843613 -0.91588128 0.28337288
vn 0.42859346 -0.79536968 0.42859602
vn 0.28438461 -0.91586673 0.28339666
vn 0.18165231 -0.96673054 0.18009619
vn 0.18110116 -0.96693558 0.17954923
vn 0.2843613 -0.91588128 0.28337288
vn -0.64424318 -0.41219744 -0.64423913
vn -0.69736177 -0.16545261 -0.69736075
vn -0.69736177 -0.16545267 -0.69736069
vn -0.64424908 -0.41217873 -0.64424515
vn -0.5679726 -0.59313488 -0.57061201
vn -0.64424318 -0.41219744 -0.64423913
vn -0.64424908 -0.41217873 -0.64424515
vn -0.56793833 -0.59319913 -0.57057947
vn -0.4270694 -0.79459041 -0.43155274
vn -0.5679726 -0.59313488 -0.57061201
vn -0.56793833 -0.59319913 -0.57057947
vn -0.42611602 -0.79562342 -0.43059075
vn -0.28942651 -0.91528469 -0.28015393
vn -0.4270694 -0.79459041 -0.43155274
vn -0.42611602 -0.79562342 -0.43059075
vn -0.28910518 -0.91551644 -0.27972791
vn -0.18660966 -0.96767575 -0.16964807
vn -0.28942651 -0.91528469 -0.28015393
vn -0.28910518 -0.91551644 -0.27972791
vn -0.19292825 -0.96539921 -0.17545106
vn 0.18165231 -0.96673054 0.18009619
vn 0.12415477 -0.98460543 0.12303526
vn 0.12415477 -0.98460543 0.12303526
vn 0.18110116 -0.96693558 0.17954923
vn -0.1283741 -0.98489815 -0.11617098
vn -0.18660966 -0.96767575 -0.16964807
vn -0.19292825 -0.96539921 -0.17545106
vn -0.1283741 -0.98489815 -0.11617098
vn -0.64422941 -0.41227776 0.64420146
vn -0.69736123 -0.16545272 0.69736123
vn -0.69736129 -0.16545273 0.69736129
vn -0.64427108 -0.41214746 0.64424312
vn -0.57972544 -0.59080154 0.56113464
vn -0.64422941 -0.41227776 0.64420146
vn -0.64427108 -0.41214746 0.64424312
vn -0.58014929 -0.5897904 0.56175983
vn -0.44826227 -0.79063171 0.41708794
vn -0.57972544 -0.59080154 0.56113464
vn -0.58014929 -0.5897904 0.56175983
vn -0.44257367 -0.7966159 0.41174227
vn -0.28898659 -0.91651154 0.27657422
vn -0.44826227 -0.79063171 0.41708794
vn -0.44257367 -0.7966159 0.41174227
vn -0.28860387 -0.91672033 0.27628171
vn -0.1806214 -0.96684533 0.18051624
vn -0.28898659 -0.91651154 0.27657422
vn -0.28860387 -0.91672033 0.27628171
vn -0.18056791 -0.96686536 0.18046264
vn 0.12385045 -0.98456734 -0.12364575
vn 0.18060991 -0.96684903 -0.18050784
vn 0.1806099 -0.96684903 -0.18050781
vn 0.12385045 -0.98456734 -0.12364575
vn -0.12380367 -0.98457778 0.12360942
vn -0.1806214 -0.96684533 0.18051624
vn -0.18056791 -0.96686536 0.18046264
vn -0.12380367 -0.98457778 0.12360942
vn 0.70316994 -0.015992768 0.71084195
vn 0.69964606 -0.027771819 0.71394956
vn 0.69964606 -0.027771819 0.71394956
vn 0.70317096 -0.015989263 0.710841
vn -0.70872617 0.0014729433 0.70548213
vn -0.71232134 0.0012955898 0.70185232
vn -0.71194011 0.0016136923 0.70223826
vn -0.70872867 0.0014751839 0.70547968
vn 0.7018798 -0.022076719 -0.71195304
vn 0.70603067 -0.0055076266 -0.70815986
vn 0.70602608 -0.0055175466 -0.70816422
vn 0.70189434 -0.022006789 -0.71194106
vn 0.70548433 0.0014718804 -0.70872396
vn 0.70710659 -8.0117314e-07 -0.70710695
vn 0.70710659 -8.0168849e-07 -0.70710695
vn 0.70548189 0.0014741134 -0.70872641
vn -0.69710928 0.0010068562 0.71696413
vn -0.70945621 -0.0078588435 0.7047056
vn -0.70955056 -0.007897716 0.70461035
vn -0.69713759 0.001007523 0.71693659
vn 0.71045393 -0.013136942 -0.70362097
vn 0.71252751 -0.027785029 -0.70109391
vn 0.71252751 -0.027785029 -0.70109391
vn 0.71045434 -0.013139017 -0.70362061
vn -0.70710605 2.6705706e-07 0.70710748
vn -0.70872617 0.0014729433 0.70548213
vn -0.70872867 0.0014751839 0.70547968
vn -0.70710605 2.6722893e-07 0.70710748
vn -0.69951069 -0.02877738 0.71404248
vn -0.70326966 -0.014812686 0.710769
vn -0.70327246 -0.014801946 0.71076643
vn -0.69951069 -0.02877738 0.71404248
vn 0.70710659 -8.0117314e-07 -0.70710695
vn 0.7070294 0.00014437073 -0.70718408
vn 0.70702946 0.0001443747 -0.70718408
vn 0.70710659 -8.0168849e-07 -0.70710695
vn 0.69904763 -0.035436023 -0.71419644
vn 0.7018798 -0.022076719 -0.71195304
vn 0.70189434 -0.022006789 -0.71194106
vn 0.69904763 -0.035436023 -0.71419644
vn -0.70945621 -0.0078588435 0.7047056
vn -0.73020041 -0.016550412 0.68303251
vn -0.73020041 -0.016550412 0.68303251
vn -0.70955056 -0.007897716 0.70461035
vn -0.70702916 -0.00014341593 0.70718437
vn -0.70710605 2.6705706e-07 0.70710748
vn -0.70710605 2.6722893e-07 0.70710748
vn -0.70702922 -0.00014341951 0.70718443
vn 0.7070294 0.00014437073 -0.70718408
vn 0.70758832 0.0008979842 -0.70662439
vn 0.70758849 0.00089818978 -0.70662421
vn 0.70702946 0.0001443747 -0.70718408
vn -0.703183 0.0026276491 -0.71100414
vn -0.70185375 0.0012960699 -0.71231997
vn -0.70223987 0.0016142995 -0.71193862
vn -0.70318401 0.0026281285 -0.71100318
vn 0.70548314 0.0014724985 0.70872504
vn 0.70185345 0.0012954349 0.71232033
vn 0.70223981 0.0016134973 0.71193868
vn 0.70548069 0.0014747387 0.70872754
vn -0.70691377 -0.00056239625 0.70729959
vn -0.70702916 -0.00014341593 0.70718437
vn -0.70702922 -0.00014341951 0.70718443
vn -0.70691365 -0.00056259043 0.70729965
vn 0.71231991 0.0012957583 0.70185381
vn 0.70645738 0.00032766958 0.70775545
vn 0.70646322 0.00033159007 0.70774966
vn 0.71193868 0.0016138924 0.70223975
vn 0.70758832 0.0008979842 -0.70662439
vn 0.71045393 -0.013136942 -0.70362097
vn 0.71045434 -0.013139017 -0.70362061
vn 0.70758849 0.00089818978 -0.70662421
vn -0.69298005 -0.0029365174 -0.72095072
vn -0.703183 0.0026276491 -0.71100414
vn -0.70318401 0.0026281285 -0.71100318
vn -0.69305897 -0.0028934209 -0.72087514
vn -0.70326966 -0.014812686 0.710769
vn -0.70691377 -0.00056239625 0.70729959
vn -0.70691365 -0.00056259043 0.70729965
vn -0.70327246 -0.014801946 0.71076643
vn 0.70710588 0 0.70710772
vn 0.70548314 0.0014724985 0.70872504
vn 0.70548069 0.0014747387 0.70872754
vn 0.70710588 0 0.70710772
vn 0.70645738 0.00032766958 0.70775545
vn 0.69996047 -0.0068340204 0.71414894
vn 0.69994682 -0.0068578655 0.71416205
vn 0.70646322 0.00033159007 0.70774966
vn -0.70868289 0.0014631976 -0.70552558
vn -0.70710564 -7.5612712e-07 -0.7071079
vn -0.70710564 -7.5563969e-07 -0.70710796
vn -0.70869017 0.0014699802 -0.70551831
vn 0.70870221 0.00010604587 -0.70550776
vn 0.70870221 0.00010604587 -0.70550776
vn 0.70870137 0.00010381576 -0.70550871
vn 0.70870131 0.00010381695 -0.70550865
vn -0.71313453 -0.0081819883 0.70097947
vn -0.71313453 -0.0081819883 0.70097947
vn -0.71456921 -0.0014385124 0.69956332
vn -0.71456933 -0.0014376439 0.69956315
vn 0.70677978 -1.8860788e-05 0.7074337
vn 0.70677978 -1.8860788e-05 0.7074337
vn 0.70677924 -1.7338178e-05 0.70743424
vn 0.7067793 -1.7338261e-05 0.70743418
vn -0.74140114 -0.67106146 -0.00088861876
vn -0.74056786 -0.67198104 -0.00088776718
vn -0.82123429 -0.57059026 -0.00096911535
vn 0.0014809275 -0.58112973 -0.81380963
vn 0.0014422729 -0.58005881 -0.81457329
vn 0.0013785963 -0.62760764 -0.77852857
vn 0.0013332941 -0.6768592 -0.73611122
vn 0.81446213 -0.58021528 0.0012789381
vn 0.7348929 -0.67818266 -0.00081534934
vn 0.70945513 -0.70474917 -0.0014243549
vn -0.0011828148 -0.58090192 0.81397271
vn -0.0010542768 -0.67794973 0.7351076
vn -0.0010545399 -0.67777306 0.73527026
vn 0.70945513 -0.70474917 -0.0014243549
vn 0.7348929 -0.67818266 -0.00081534934
vn 0.62924248 -0.77720243 -0.0032005913
vn 0.62924248 -0.77720243 -0.0032005913
vn -0.71456933 -0.0014376439 0.69956315
vn -0.71456921 -0.0014385124 0.69956332
vn -0.71734649 0.012119462 0.69661111
vn -0.70713413 1.626787e-05 -0.70707935
vn -0.70713419 1.6277083e-05 -0.70707935
vn -0.70713878 1.0842361e-05 -0.70707482
vn 0.70870131 0.00010381695 -0.70550865
vn 0.70870137 0.00010381576 -0.70550871
vn 0.70869952 9.9331963e-05 -0.70551044
vn 0.70869952 9.9331963e-05 -0.70551044
vn 0.7067793 -1.7338261e-05 0.70743418
vn 0.70677924 -1.7338178e-05 0.70743424
vn 0.70677829 -1.4276763e-05 0.70743513
vn -0.74140114 -0.67106146 -0.00088861876
vn -0.63410789 -0.7732442 -0.00077754556
vn -0.74056786 -0.67198104 -0.00088776718
vn 0.0013785963 -0.62760764 -0.77852857
vn 0.0014422729 -0.58005881 -0.81457329
vn 0.0013577283 -0.57771337 -0.81623864
vn -0.0010542768 -0.67794973 0.7351076
vn -0.00088725303 -0.77583158 0.63093936
vn -0.0010545399 -0.67777306 0.73527026
vn 0.0013785963 -0.62760764 -0.77852857
vn 0.0011392533 -0.7738682 -0.6333456
vn 0.0013332941 -0.6768592 -0.73611122
vn -0.0065683462 -0.123634 -0.99230611
vn -0.0059336931 -0.13207239 -0.99122232
vn -0.0073162257 -0.0073168958 -0.99994642
vn -0.0073162257 -0.0073168958 -0.99994642
vn -0.70185381 0.0012947855 0.71231985
vn -0.70223981 0.0016126892 0.71193868
vn -0.70027876 0 0.71386945
vn -0.70027876 0 0.71386945
vn 0.99155498 -0.12968703 0
vn 0.99262595 -0.12121676 0
vn 1 0 0
vn 1 0 0
vn -0.99262589 -0.12121733 0
vn -0.99155486 -0.12968737 0
vn -1 0 0
vn -1 0 0
vn -0.71194011 0.0016136923 0.70223826
vn -0.71232134 0.0012955898 0.70185232
vn -0.71387094 0 0.70027733
vn -0.71387094 0 0.70027733
vn -0.00081786595 -0.13032976 -0.9914704
vn -0.00067658309 -0.12185995 -0.99254709
vn 0 0 -1
vn 0 0 -1
vn -0.69736129 -0.16545273 0.69736129
vn -0.69736123 -0.16545272 0.69736123
vn -0.70710683 0 0.70710683
vn -0.70710683 0 0.70710683
vn 0.70223981 0.0016134973 0.71193868
vn 0.70185345 0.0012954349 0.71232033
vn 0.70027667 0 0.71387154
vn 0.70027667 0 0.71387154
vn 0.71193844 0.0016142891 -0.70224011
vn 0.71231973 0.0012960769 -0.70185387
vn 0.71387011 0 -0.7002781
vn 0.71387011 0 -0.7002781
vn -0.00067694689 -0.12185953 0.99254715
vn -0.00081840658 -0.13032956 0.99147046
vn 0 0 0.99999994
vn 0 0 0.99999994
vn 0.69736141 -0.16545278 0.69736111
vn 0.69736141 -0.16545288 0.69736111
vn 0.70710677 0 0.70710677
vn 0.70710677 0 0.70710677
vn -0.70223987 0.0016142995 -0.71193862
vn -0.70185375 0.0012960699 -0.71231997
vn -0.7002781 0 -0.71387017
vn -0.7002781 0 -0.71387017
vn -0.99147099 -0.13032487 0.00082747225
vn -0.99254864 -0.12184735 0.00070210034
vn -1 0 0
vn -1 0 0
vn -0.69736177 -0.16545267 -0.69736069
vn -0.69736177 -0.16545261 -0.69736075
vn -0.70710725 0 -0.70710623
vn -0.70710725 0 -0.70710623
vn 0.00082035951 -0.13032922 0.99147046
vn 0.00068180828 -0.12185764 0.99254733
vn 0 0 1
vn 0 0 1
vn 0.69736177 -0.16545242 -0.69736075
vn 0.69736177 -0.16545233 -0.69736081
vn 0.70710725 0 -0.70710623
vn 0.70710725 0 -0.70710623
vn 0.99254864 -0.12184669 0.00070209807
vn 0.99147105 -0.13032453 0.00082738616
vn 1 0 0
vn 1 0 0
vn 0.71231991 0.0012957583 0.70185381
vn 0.71193868 0.0016138924 0.70223975
vn 0.71386939 0 0.70027876
vn 0.71386939 0 0.70027876
vn -0.70713192 1.8980732e-05 -0.70708168
vn -0.70713192 1.8980732e-05 -0.70708168
vn -0.70713419 1.6277083e-05 -0.70707935
vn -0.70713413 1.626787e-05 -0.70707935
vn 2.5071094e-08 -0.93788505 -0.3469463
vn 1.219757e-07 -0.85065007 -0.52573222
vn 0 -0.85065007 -0.52573228
vn 0 -0.93788499 -0.34694636
vn 0 -0.68721497 -0.72645414
vn 0.00077635614 -0.46619159 -0.88468343
vn 0.001039419 -0.4658933 -0.88484031
vn 0 -0.68721509 -0.72645396
vn 7.9195206e-06 -0.30541053 -0.95222074
vn -0.0059336931 -0.13207239 -0.99122232
vn -0.0065683462 -0.123634 -0.99230611
vn -0.0018615184 -0.30562675 -0.95214951
vn -0.71229231 0.0012871545 -0.70188177
vn -0.70868289 0.0014631976 -0.70552558
vn -0.70869017 0.0014699802 -0.70551831
vn -0.71189803 0.0016082899 -0.702281
vn -4.9723202e-08 -0.85065031 0.5257318
vn -3.8467439e-07 -0.68721569 0.72645342
vn -7.4107027e-07 -0.73025918 0.6831702
vn 1.5849088e-07 -0.87079555 0.49164531
vn -3.8467439e-07 -0.68721569 0.72645342
vn 0.00077600963 -0.46619204 0.88468325
vn 0.00037787546 -0.49024218 0.87158614
vn -7.4107027e-07 -0.73025918 0.6831702
vn -0.71386969 0 -0.70027858
vn -0.71229231 0.0012871545 -0.70188177
vn -0.71189803 0.0016082899 -0.702281
vn -0.71386969 0 -0.70027858
vn 1.219757e-07 -0.85065007 -0.52573222
vn 0 -0.68721497 -0.72645414
vn 0 -0.68721509 -0.72645396
vn 0 -0.85065007 -0.52573228
vn 0.00077635614 -0.46619159 -0.88468343
vn 7.9195206e-06 -0.30541053 -0.95222074
vn -0.0018615184 -0.30562675 -0.95214951
vn 0.001039419 -0.4658933 -0.88484031
vn 2.1935394e-07 -0.93788487 0.34694642
vn -4.9723202e-08 -0.85065031 0.5257318
vn 1.5849088e-07 -0.87079555 0.49164531
vn 4.1451716e-07 -0.9545604 0.29801741
vn -9.3253435e-14 -1 4.7424905e-07
vn 2.1935394e-07 -0.93788487 0.34694642
vn 4.1451716e-07 -0.9545604 0.29801741
vn -4.57441e-13 -1 -4.3169547e-07
vn -9.3253435e-14 -1 4.7424905e-07
vn 2.5071094e-08 -0.93788505 -0.3469463
vn 0 -0.93788499 -0.34694636
vn 0 -1 1.2027346e-06
vn 0.00077600963 -0.46619204 0.88468325
vn 0.0017910576 -0.30789062 0.95142007
vn 0.0016996773 -0.32050872 0.94724405
vn 0.00037787546 -0.49024218 0.87158614
vn 0.0017910576 -0.30789062 0.95142007
vn 0.00082035951 -0.13032922 0.99147046
vn 0.0016996773 -0.32050872 0.94724405
vn 0.7264539 -0.68721527 0
vn 0.52645522 -0.8502028 5.4170506e-08
vn 0.49269009 -0.87020481 1.5585431e-07
vn 0.68317091 -0.73025846 0
vn 0.99147105 -0.13032453 0.00082738616
vn 0.95141631 -0.30790249 0.0017888248
vn 0.94723737 -0.32052857 0.0016557407
vn 0.52645522 -0.8502028 5.4170506e-08
vn 0.34727803 -0.93776226 9.5463179e-08
vn 0.29769534 -0.95466089 1.7830747e-07
vn 0.49269009 -0.87020481 1.5585431e-07
vn -0.34694639 -0.93788499 -1.0350543e-07
vn -0.00049576326 -0.99999982 -5.2471844e-10
vn -0.00049533806 -0.99999982 0
vn -0.34694639 -0.93788499 0
vn -0.52573282 -0.85064989 -6.170432e-08
vn -0.34694639 -0.93788499 -1.0350543e-07
vn -0.34694639 -0.93788499 0
vn -0.52573287 -0.85064977 0
vn -0.88467336 -0.46621066 0.00075820507
vn -0.72645384 -0.68721521 0
vn -0.72645372 -0.68721533 0
vn -0.88482857 -0.46591553 0.0010391556
vn -0.99147099 -0.13032487 0.00082747225
vn -0.95141602 -0.30790299 0.0017893767
vn -0.95161051 -0.30730191 0.0017322834
vn -0.99254864 -0.12184735 0.00070210034
vn 0.70185494 0.0012955912 -0.71231878
vn 0.70548433 0.0014718804 -0.70872396
vn 0.70548189 0.0014741134 -0.70872641
vn 0.70224118 0.0016136928 -0.71193731
vn 0.95141631 -0.30790249 0.0017888248
vn 0.8846733 -0.4662109 0.00075802876
vn 0.87157989 -0.49025324 0.00035157643
vn 0.94723737 -0.32052857 0.0016557407
vn 0.8846733 -0.4662109 0.00075802876
vn 0.7264539 -0.68721527 0
vn 0.68317091 -0.73025846 0
vn 0.87157989 -0.49025324 0.00035157643
vn 0.34727803 -0.93776226 9.5463179e-08
vn -0.00049576326 -0.99999982 -5.2471844e-10
vn -0.000186947 -1 -8.3900842e-10
vn 0.29769534 -0.95466089 1.7830747e-07
vn -0.72645384 -0.68721521 0
vn -0.52573282 -0.85064989 -6.170432e-08
vn -0.52573287 -0.85064977 0
vn -0.72645372 -0.68721533 0
vn -0.95141602 -0.30790299 0.0017893767
vn -0.88467336 -0.46621066 0.00075820507
vn -0.88482857 -0.46591553 0.0010391556
vn -0.95161051 -0.30730191 0.0017322834
vn 0.70027876 0 -0.71386945
vn 0.70185494 0.0012955912 -0.71231878
vn 0.70224118 0.0016136928 -0.71193731
vn 0.70027876 0 -0.71386945
vn 0 -0.68636823 -0.72725409
vn -0.00077969319 -0.46405461 -0.8858062
vn -0.00038360473 -0.48760703 -0.87306309
vn 0 -0.73040557 -0.68301368
vn -0.00077969319 -0.46405461 -0.8858062
vn -0.0017891919 -0.30788726 -0.9514212
vn -0.0017061167 -0.32050362 -0.94724578
vn -0.00038360473 -0.48760703 -0.87306309
vn 2.493733e-08 -0.93788505 -0.34694624
vn 1.2164146e-07 -0.85130382 -0.52467316
vn 3.4972967e-07 -0.87110466 -0.49109736
vn -1.5623364e-07 -0.95456052 -0.29801717
vn -3.4197947e-07 -0.85065013 0.5257321
vn -7.6486145e-07 -0.68721581 0.72645324
vn -8.3860863e-07 -0.68721563 0.72645354
vn 0 -0.85064995 0.52573258
vn -0.00078058132 -0.46618789 0.88468546
vn -0.00179037 -0.30788749 0.95142108
vn -0.0017070184 -0.30728552 0.95161581
vn -0.0010399222 -0.46588933 0.8848424
vn 9.6953947e-08 -0.93788493 0.34694654
vn -3.4197947e-07 -0.85065013 0.5257321
vn 0 -0.85064995 0.52573258
vn 0 -0.93788499 0.34694636
vn -9.3253398e-15 -1 -2.1023403e-07
vn 2.493733e-08 -0.93788505 -0.34694624
vn -1.5623364e-07 -0.95456052 -0.29801717
vn 1.8297646e-14 -0.99999994 1.055256e-07
vn -0.0017891919 -0.30788726 -0.9514212
vn -0.00081786595 -0.13032976 -0.9914704
vn -0.0017061167 -0.32050362 -0.94724578
vn 1.2164146e-07 -0.85130382 -0.52467316
vn 0 -0.68636823 -0.72725409
vn 0 -0.73040557 -0.68301368
vn 3.4972967e-07 -0.87110466 -0.49109736
vn -9.3253398e-15 -1 -2.1023403e-07
vn 9.6953947e-08 -0.93788493 0.34694654
vn 0 -0.93788499 0.34694636
vn 0 -1 -4.2046807e-07
vn -7.6486145e-07 -0.68721581 0.72645324
vn -0.00078058132 -0.46618789 0.88468546
vn -0.0010399222 -0.46588933 0.8848424
vn -8.3860863e-07 -0.68721563 0.72645354
vn -0.00179037 -0.30788749 0.95142108
vn -0.00081840658 -0.13032956 0.99147046
vn -0.00067694689 -0.12185953 0.99254715
vn -0.0017070184 -0.30728552 0.95161581
vn -0.8844831 -0.4665722 -1.4171106e-07
vn -0.7264539 -0.68721521 7.6575397e-08
vn -0.6831705 -0.73025888 0
vn -0.87155288 -0.49030155 0
vn 0.72645384 -0.68721527 7.6575375e-08
vn 0.52573234 -0.85065001 1.8577514e-07
vn 0.5257324 -0.85065007 1.5156465e-07
vn 0.72645378 -0.68721533 1.5315065e-07
vn 0.95143706 -0.30784327 -1.4131109e-07
vn 0.88448292 -0.46657246 -1.4171083e-07
vn 0.8844828 -0.46657294 -2.8342174e-07
vn 0.95143723 -0.30784288 -2.826213e-07
vn 0.34694564 -0.93788522 1.8361408e-07
vn -1.0022786e-06 -1 -7.7931522e-10
vn -2.1316755e-06 -1 1.3055476e-13
vn 0.3469449 -0.93788552 -1.1509716e-08
vn -0.7264539 -0.68721521 7.6575397e-08
vn -0.52573198 -0.85065025 -1.9898312e-08
vn -0.4919939 -0.87059867 -2.7437704e-07
vn -0.6831705 -0.73025888 0
vn -0.99155486 -0.12968737 0
vn -0.95143729 -0.30784264 -1.4131116e-07
vn -0.94743967 -0.31993464 0
vn -0.52573198 -0.85065025 -1.9898312e-08
vn -0.34694624 -0.93788505 -1.7003427e-07
vn -0.29880041 -0.95431554 -3.3635104e-07
vn -0.4919939 -0.87059867 -2.7437704e-07
vn -0.95143729 -0.30784264 -1.4131116e-07
vn -0.8844831 -0.4665722 -1.4171106e-07
vn -0.87155288 -0.49030155 0
vn -0.94743967 -0.31993464 0
vn -0.34694624 -0.93788505 -1.7003427e-07
vn -1.0022786e-06 -1 -7.7931522e-10
vn 0.0038290143 -0.99999273 3.4343752e-09
vn -0.29880041 -0.95431554 -3.3635104e-07
vn 0.88448292 -0.46657246 -1.4171083e-07
vn 0.72645384 -0.68721527 7.6575375e-08
vn 0.72645378 -0.68721533 1.5315065e-07
vn 0.8844828 -0.46657294 -2.8342174e-07
vn 0.99155498 -0.12968703 0
vn 0.95143706 -0.30784327 -1.4131109e-07
vn 0.95143723 -0.30784288 -2.826213e-07
vn 0.99262595 -0.12121676 0
vn 0.52573234 -0.85065001 1.8577514e-07
vn 0.34694564 -0.93788522 1.8361408e-07
vn 0.3469449 -0.93788552 -1.1509716e-08
vn 0.5257324 -0.85065007 1.5156465e-07
vn 0 -0.9377622 0.34727794
vn 0 -0.99999994 -0.00049572927
vn -1.0149597e-08 -0.99999994 -0.00049598824
vn -1.2408681e-07 -0.93776226 0.34727791
vn 0.29801774 -0.95456028 -1.4025993e-07
vn 0.49164584 -0.87079519 -1.2060826e-07
vn 0.52573246 -0.85065001 7.303526e-08
vn 0.34694636 -0.93788499 -2.7741235e-08
vn 0.49164584 -0.87079519 -1.2060826e-07
vn 0.68317032 -0.73025912 1.355634e-07
vn 0.72645384 -0.68721521 1.8010276e-07
vn 0.52573246 -0.85065001 7.303526e-08
vn 0.68317032 -0.73025912 1.355634e-07
vn 0.87158638 -0.49024191 0.00037950437
vn 0.88468313 -0.46619198 0.00077702891
vn 0.72645384 -0.68721521 1.8010276e-07
vn 0.87158638 -0.49024191 0.00037950437
vn 0.94819313 -0.31768996 0.0016724002
vn 0.95222056 -0.30541116 8.3974383e-06
vn 0.88468313 -0.46619198 0.00077702891
vn 0.94819313 -0.31768996 0.0016724002
vn 0.9912222 -0.13207288 -0.0059341779
vn 0.95222056 -0.30541116 8.3974383e-06
vn 3.8372929e-07 -1 1.5522207e-09
vn -0.2980175 -0.95456034 1.591321e-07
vn -0.34694657 -0.93788493 3.829502e-08
vn 4.6447067e-07 -1 7.7610629e-10
vn -3.4912219e-07 -0.87079519 0.4916459
vn -1.2137156e-07 -0.85064995 0.52573246
vn 0 -0.68721503 0.72645402
vn 0 -0.730259 0.68317044
vn 0 -0.730259 0.68317044
vn 0 -0.68721503 0.72645402
vn 1.3811263e-07 -0.46657148 0.88448346
vn 2.0362802e-07 -0.4903006 0.87155342
vn 2.0362802e-07 -0.4903006 0.87155342
vn 1.3811263e-07 -0.46657148 0.88448346
vn 8.3587366e-07 -0.30784327 0.95143712
vn 1.4722169e-06 -0.31993577 0.94743919
vn 1.4722169e-06 -0.31993577 0.94743919
vn 8.3587366e-07 -0.30784327 0.95143712
vn 2.0214699e-07 -0.12968792 0.9915548
vn 0.34694615 -0.93788505 9.5162008e-08
vn 0.52467233 -0.85130423 8.3628514e-08
vn 0.52467263 -0.85130417 5.4004545e-08
vn 0.34694639 -0.93788499 -1.8492186e-08
vn -7.0403956e-07 -1 2.3313349e-15
vn -0.34694615 -0.93788505 -9.3805632e-08
vn -0.34694639 -0.93788499 2.0861862e-08
vn -3.6179819e-07 -1 7.7761692e-10
vn 1.4074902e-07 -0.9545604 -0.29801738
vn 1.5097406e-07 -0.93788499 -0.34694648
vn 2.668649e-07 -0.85065001 -0.5257324
vn 5.8183304e-07 -0.8711558 -0.49100676
vn 5.8183304e-07 -0.8711558 -0.49100676
vn 2.668649e-07 -0.85065001 -0.5257324
vn 2.8591566e-07 -0.68721527 -0.72645378
vn 5.2152984e-07 -0.72913754 -0.68436718
vn 5.2152984e-07 -0.72913754 -0.68436718
vn 2.8591566e-07 -0.68721527 -0.72645378
vn -0.00075800298 -0.46621078 -0.8846733
vn -0.00035485375 -0.48959661 -0.87194902
vn -0.00035485375 -0.48959661 -0.87194902
vn -0.00075800298 -0.46621078 -0.8846733
vn -0.0017888248 -0.30790278 -0.95141613
vn -0.0016559979 -0.32052895 -0.94723725
vn -0.0016559979 -0.32052895 -0.94723725
vn -0.0017888248 -0.30790278 -0.95141613
vn -0.00082720374 -0.13032466 -0.99147099
vn 3.8372949e-08 -1 1.5551812e-09
vn 0.29801774 -0.95456028 -1.4025993e-07
vn 0.34694636 -0.93788499 -2.7741235e-08
vn -3.6179819e-07 -1 7.7761692e-10
vn -0.49164575 -0.87079525 2.2428027e-08
vn -0.68316996 -0.73025942 -5.6166732e-07
vn -0.72645366 -0.68721551 -7.5406274e-07
vn -0.52573204 -0.85065025 -3.2368914e-07
vn -0.68316996 -0.73025942 -5.6166732e-07
vn -0.87158793 -0.49023893 -0.00038499216
vn -0.88468564 -0.46618751 -0.00078058185
vn -0.72645366 -0.68721551 -7.5406274e-07
vn -0.87158793 -0.49023893 -0.00038499216
vn -0.9472456 -0.32050395 -0.0017082704
vn -0.9514212 -0.30788735 -0.0017901903
vn -0.88468564 -0.46618751 -0.00078058185
vn -0.9472456 -0.32050395 -0.0017082704
vn -0.99147052 -0.1303293 -0.00081807026
vn -0.9514212 -0.30788735 -0.0017901903
vn -0.2980175 -0.95456034 1.591321e-07
vn -0.49164575 -0.87079525 2.2428027e-08
vn -0.52573204 -0.85065025 -3.2368914e-07
vn -0.34694657 -0.93788493 3.829502e-08
vn -0.88483983 -0.4658941 0.0010391457
vn -0.9516148 -0.30728865 0.0017119438
vn -0.95142007 -0.30789047 0.0017903073
vn -0.88468307 -0.46619231 0.00077601027
vn -0.52573204 -0.85065019 -2.2992897e-07
vn -0.7264536 -0.68721557 -1.4902662e-07
vn -0.72645348 -0.68721551 -3.2906615e-07
vn -0.5257321 -0.85065013 -1.2358346e-07
vn -0.9516148 -0.30728865 0.0017119438
vn -0.99254739 -0.12185733 0.00068180903
vn -0.99147052 -0.13032883 0.00082015718
vn -0.95142007 -0.30789047 0.0017903073
vn -0.7264536 -0.68721557 -1.4902662e-07
vn -0.88483983 -0.4658941 0.0010391457
vn -0.88468307 -0.46619231 0.00077601027
vn -0.72645348 -0.68721551 -3.2906615e-07
vn -1.283971e-07 -0.9545604 0.29801741
vn -1.2160727e-07 -0.93788493 0.34694657
vn -1.2137156e-07 -0.85064995 0.52573246
vn -3.4912219e-07 -0.87079519 0.4916459
vn -0.0017326328 -0.30730197 0.95161051
vn -0.0010391559 -0.46591565 0.88482857
vn -0.00075833156 -0.46621096 0.88467324
vn -0.0017887871 -0.30790284 0.95141619
vn 0 -0.68721527 0.72645384
vn 0 -0.85020316 0.52645463
vn -1.2381842e-07 -0.85020316 0.52645475
vn 0 -0.68721527 0.72645378
vn 4.5958151e-07 -1 -1.8650685e-14
vn 0.34694615 -0.93788505 9.5162008e-08
vn 0.34694639 -0.93788499 -1.8492186e-08
vn 4.6447067e-07 -1 7.7610629e-10
vn -0.00070244831 -0.12184675 0.99254864
vn -0.0017326328 -0.30730197 0.95161051
vn -0.0017887871 -0.30790284 0.95141619
vn -0.00082760362 -0.13032456 0.99147105
vn -0.0010391559 -0.46591565 0.88482857
vn 0 -0.68721527 0.72645384
vn 0 -0.68721527 0.72645378
vn -0.00075833156 -0.46621096 0.88467324
vn 0 -0.85020316 0.52645463
vn 0 -0.9377622 0.34727794
vn -1.2408681e-07 -0.93776226 0.34727791
vn -1.2381842e-07 -0.85020316 0.52645475
vn 0.95161587 -0.30728516 -0.0017073763
vn 0.99254709 -0.12185939 -0.00067730929
vn 0.9914704 -0.13032937 -0.00081874448
vn 0.95142108 -0.30788741 -0.0017904174
vn 0.72725391 -0.68636841 0
vn 0.8859629 -0.46375507 -0.00103883
vn 0.88580644 -0.46405435 -0.00077983312
vn 0.72725391 -0.68636847 4.3078479e-08
vn -0.34694615 -0.93788505 -9.3805632e-08
vn -0.52573204 -0.85065019 -2.2992897e-07
vn -0.5257321 -0.85065013 -1.2358346e-07
vn -0.34694639 -0.93788499 2.0861862e-08
vn 0.8859629 -0.46375507 -0.00103883
vn 0.95161587 -0.30728516 -0.0017073763
vn 0.95142108 -0.30788741 -0.0017904174
vn 0.88580644 -0.46405435 -0.00077983312
vn 0.52467233 -0.85130423 8.3628514e-08
vn 0.72725391 -0.68636841 0
vn 0.72725391 -0.68636847 4.3078479e-08
vn 0.52467263 -0.85130417 5.4004545e-08
vn -2.0274035e-08 -1 -0.00018699502
vn -1.0149597e-08 -0.99999994 -0.00049598824
vn 1.5097406e-07 -0.93788499 -0.34694648
vn 1.4074902e-07 -0.9545604 -0.29801738
vn 0 -0.12121753 -0.99262595
vn 0 -0.30784318 -0.95143712
vn 9.735943e-07 -0.30784294 -0.95143718
vn 2.0214665e-07 -0.1296877 -0.99155486
vn 0 -0.46657202 -0.88448322
vn 0 -0.68721515 -0.72645384
vn 3.80459e-07 -0.68721539 -0.72645366
vn 4.8263325e-07 -0.46657217 -0.88448316
vn -1.355638e-06 -0.85064995 -0.52573246
vn -1.3582722e-06 -0.93788499 -0.34694636
vn -5.5642755e-07 -0.93788499 -0.34694642
vn -3.8498544e-07 -0.85065007 -0.52573222
vn 0 -0.99999261 0.0038289148
vn 0 -1 -3.0312816e-07
vn -1.2160727e-07 -0.93788493 0.34694657
vn -1.283971e-07 -0.9545604 0.29801741
vn 0 -0.30784318 -0.95143712
vn 0 -0.46657202 -0.88448322
vn 4.8263325e-07 -0.46657217 -0.88448316
vn 9.735943e-07 -0.30784294 -0.95143718
vn 0 -0.68721515 -0.72645384
vn -1.355638e-06 -0.85064995 -0.52573246
vn -3.8498544e-07 -0.85065007 -0.52573222
vn 3.80459e-07 -0.68721539 -0.72645366
vn -1.3582722e-06 -0.93788499 -0.34694636
vn 0 -1 -6.5514791e-07
vn 0 -1 -3.0312816e-07
vn -5.5642755e-07 -0.93788499 -0.34694642
vn -0.70695138 -0.00021583488 -0.7072621
vn -0.71696359 0.0010060132 -0.69710994
vn -0.71693599 0.0010066789 -0.69713825
vn -0.7069506 -0.00021669762 -0.70726287
vn 0.69957012 -0.028053734 -0.71401316
vn 0.70369917 -0.011911319 -0.71039826
vn 0.70370036 -0.011906199 -0.71039706
vn 0.69957012 -0.028053734 -0.71401316
vn 0.70815986 -0.0055075833 0.70603067
vn 0.7071467 0.0009550766 0.7070663
vn 0.70714647 0.00095263455 0.70706654
vn 0.70816433 -0.005517507 0.70602608
vn 0.71064317 -0.014040857 -0.70341265
vn 0.71402097 -0.02807709 -0.69956112
vn 0.71402097 -0.02807709 -0.69956112
vn 0.71064192 -0.014036524 -0.70341372
vn -0.69956213 -0.028082239 0.71401972
vn -0.70341182 -0.014042801 0.71064383
vn -0.70341307 -0.01403817 0.7106427
vn -0.69956213 -0.028082239 0.71401972
vn 0.70710498 -2.7913592e-07 -0.70710856
vn 0.71064317 -0.014040857 -0.70341265
vn 0.71064192 -0.014036524 -0.70341372
vn 0.70710504 -2.7974579e-07 -0.7071085
vn -0.70607811 -0.00098954304 -0.70813328
vn -0.70695138 -0.00021583488 -0.7072621
vn -0.7069506 -0.00021669762 -0.70726287
vn -0.70607805 -0.00098967575 -0.70813328
vn -0.70952183 -0.0090931309 0.70462489
vn -0.71084154 -0.01599323 0.7031703
vn -0.71084064 -0.015989725 0.70317137
vn -0.70952535 -0.0091025196 0.70462108
vn -0.70341182 -0.014042801 0.71064383
vn -0.7071057 -8.4329389e-07 0.70710784
vn -0.7071057 -8.4300416e-07 0.70710784
vn -0.70341307 -0.01403817 0.7106427
vn 0.7071467 0.0009550766 0.7070663
vn 0.70699388 0.0023093566 0.70721602
vn 0.70699304 0.0023067216 0.70721674
vn 0.70714647 0.00095263455 0.70706654
vn 0.70369917 -0.011911319 -0.71039826
vn 0.70442247 0.013496482 -0.70965266
vn 0.7044338 0.01346384 -0.70964193
vn 0.70370036 -0.011906199 -0.71039706
vn 0.70710516 8.5612788e-07 -0.7071085
vn 0.70710498 -2.7913592e-07 -0.70710856
vn 0.70710504 -2.7974579e-07 -0.7071085
vn 0.70710504 8.5613044e-07 -0.70710844
vn -0.7083993 0.0013072025 -0.70581067
vn -0.70607811 -0.00098954304 -0.70813328
vn -0.70607805 -0.00098967575 -0.70813328
vn -0.70840228 0.001309689 -0.70580775
vn -0.71403044 -0.012698159 0.69999945
vn -0.70952183 -0.0090931309 0.70462489
vn -0.70952535 -0.0091025196 0.70462108
vn -0.71404153 -0.012692722 0.69998825
vn -0.7071057 -8.4329389e-07 0.70710784
vn -0.70710653 -7.1709144e-07 0.70710701
vn -0.70710659 -7.1711293e-07 0.70710707
vn -0.7071057 -8.4300416e-07 0.70710784
vn 0.70699388 0.0023093566 0.70721602
vn 0.70515466 0.0016371618 0.70905149
vn 0.70515281 0.001639148 0.70905352
vn 0.70699304 0.0023067216 0.70721674
vn 0.70442247 0.013496482 -0.70965266
vn 0.71584731 0.007266839 -0.69821906
vn 0.7158004 0.0073169889 -0.69826657
vn 0.7044338 0.01346384 -0.70964193
vn 0.70710647 9.1217748e-07 -0.70710707
vn 0.70710516 8.5612788e-07 -0.7071085
vn 0.70710504 8.5613044e-07 -0.70710844
vn 0.70710653 9.1227798e-07 -0.70710707
vn -0.71231931 0.0012954301 -0.70185435
vn -0.7083993 0.0013072025 -0.70581067
vn -0.70840228 0.001309689 -0.70580775
vn -0.7119382 0.0016134921 -0.70224029
vn -0.71414858 -0.0068325489 0.69996077
vn -0.71403044 -0.012698159 0.69999945
vn -0.71404153 -0.012692722 0.69998825
vn -0.71416169 -0.0068563689 0.69994712
vn -0.70710653 -7.1709144e-07 0.70710701
vn -0.70710611 -5.3411486e-07 0.70710742
vn -0.70710605 -5.3445956e-07 0.70710742
vn -0.70710659 -7.1711293e-07 0.70710707
vn 0.71584731 0.007266839 -0.69821906
vn 0.72094905 -0.0029382124 -0.69298184
vn 0.72087342 -0.0028950793 -0.69306076
vn 0.7158004 0.0073169889 -0.69826657
vn 0.70515466 0.0016371618 0.70905149
vn 0.70185423 0.0012955953 0.71231955
vn 0.70224011 0.0016136878 0.71193838
vn 0.70515281 0.001639148 0.70905352
vn 0.64424598 -0.41218081 0.64424682
vn 0.69736034 -0.16545218 0.69736236
vn 0.69736034 -0.16545294 0.69736218
vn 0.64424598 -0.41218078 0.64424682
vn 0.56896341 -0.59376872 0.56896341
vn 0.64424598 -0.41218081 0.64424682
vn 0.64424598 -0.41218078 0.64424682
vn 0.56896341 -0.59376866 0.56896341
vn 0.42859244 -0.79537201 0.42859295
vn 0.56896341 -0.59376872 0.56896341
vn 0.56896341 -0.59376866 0.56896341
vn 0.42859244 -0.79537201 0.42859295
vn 0.28375307 -0.91595209 0.28375345
vn 0.42859244 -0.79537201 0.42859295
vn 0.42859244 -0.79537201 0.42859295
vn 0.2837531 -0.91595209 0.28375345
vn 0.1805082 -0.96684903 0.18060939
vn 0.28375307 -0.91595209 0.28375345
vn 0.2837531 -0.91595209 0.28375345
vn 0.18050812 -0.96684903 0.18060933
vn -0.69735849 -0.16545255 0.69736397
vn -0.64424479 -0.4121809 0.64424813
vn -0.64424491 -0.41218057 0.64424825
vn -0.69735855 -0.16545275 0.69736391
vn -0.64424479 -0.4121809 0.64424813
vn -0.56896281 -0.59376878 0.56896394
vn -0.56896275 -0.59376889 0.56896389
vn -0.64424491 -0.41218057 0.64424825
vn -0.56896281 -0.59376878 0.56896394
vn -0.42858884 -0.7953763 0.42858854
vn -0.42859575 -0.79536891 0.42859536
vn -0.56896275 -0.59376889 0.56896389
vn -0.42858884 -0.7953763 0.42858854
vn -0.28339779 -0.91586643 0.28438401
vn -0.28337413 -0.91588104 0.28436083
vn -0.42859575 -0.79536891 0.42859536
vn -0.28339779 -0.91586643 0.28438401
vn -0.18009743 -0.96673054 0.18165098
vn -0.17955059 -0.96693552 0.18110001
vn -0.28337413 -0.91588104 0.28436083
vn 0.64423972 -0.41219613 -0.64424342
vn 0.69736123 -0.16545182 -0.69736147
vn 0.69736117 -0.16545179 -0.69736147
vn 0.64424568 -0.4121775 -0.64424932
vn 0.57061303 -0.59313399 -0.56797266
vn 0.64423972 -0.41219613 -0.64424342
vn 0.64424568 -0.4121775 -0.64424932
vn 0.57058048 -0.59319812 -0.56793821
vn 0.43155348 -0.79459 -0.42706931
vn 0.57061303 -0.59313399 -0.56797266
vn 0.57058048 -0.59319812 -0.56793821
vn 0.43059143 -0.79562318 -0.4261159
vn 0.28015313 -0.91528511 -0.28942621
vn 0.43155348 -0.79459 -0.42706931
vn 0.43059143 -0.79562318 -0.4261159
vn 0.27972719 -0.91551679 -0.28910494
vn 0.16964515 -0.96767616 -0.18661031
vn 0.28015313 -0.91528511 -0.28942621
vn 0.27972719 -0.91551679 -0.28910494
vn 0.1754484 -0.96539962 -0.19292887
vn -0.18009743 -0.96673054 0.18165098
vn -0.12303504 -0.98460537 0.12415569
vn -0.12303504 -0.98460537 0.12415569
vn -0.17955059 -0.96693552 0.18110001
vn 0.11616641 -0.98489845 -0.12837611
vn 0.16964515 -0.96767616 -0.18661031
vn 0.1754484 -0.96539962 -0.19292887
vn 0.11616641 -0.98489845 -0.12837611
vn -0.64419997 -0.41227847 -0.64423043
vn -0.69736063 -0.16545333 -0.69736171
vn -0.69736075 -0.16545266 -0.69736183
vn -0.64424163 -0.41214824 -0.64427209
vn -0.56113386 -0.5908016 -0.57972604
vn -0.64419997 -0.41227847 -0.64423043
vn -0.64424163 -0.41214824 -0.64427209
vn -0.56175905 -0.58979052 -0.58014989
vn -0.4170886 -0.79063153 -0.44826216
vn -0.56113386 -0.5908016 -0.57972604
vn -0.56175905 -0.58979052 -0.58014989
vn -0.41174296 -0.7966156 -0.44257352
vn -0.27657589 -0.91651136 -0.2889857
vn -0.4170886 -0.79063153 -0.44826216
vn -0.41174296 -0.7966156 -0.44257352
vn -0.27628341 -0.91672009 -0.28860295
vn -0.18051772 -0.9668451 -0.18062094
vn -0.27657589 -0.91651136 -0.2889857
vn -0.27628341 -0.91672009 -0.28860295
vn -0.18046406 -0.96686512 -0.18056738
vn 0.12364773 -0.98456711 0.12385041
vn 0.1805082 -0.96684903 0.18060939
vn 0.18050812 -0.96684903 0.18060933
vn 0.12364773 -0.98456711 0.12385041
vn -0.1236103 -0.98457772 -0.12380334
vn -0.18051772 -0.9668451 -0.18062094
vn -0.18046406 -0.96686512 -0.18056738
vn -0.1236103 -0.98457772 -0.12380334
vn -0.71084154 -0.01599323 0.7031703
vn -0.71394873 -0.027771723 0.69964701
vn -0.71394873 -0.027771723 0.69964701
vn -0.71084064 -0.015989725 0.70317137
vn -0.70548332 0.0014718584 -0.70872492
vn -0.701855 0.0012951045 -0.71231878
vn -0.70224094 0.0016130873 -0.71193743
vn -0.70548093 0.001474097 -0.70872748
vn 0.71195358 -0.022075271 0.70187938
vn 0.70815986 -0.0055075833 0.70603067
vn 0.70816433 -0.005517507 0.70602608
vn 0.71194148 -0.022005398 0.70189393
vn 0.70872593 0.0014730457 0.70548242
vn 0.7071076 -1.8903096e-07 0.70710588
vn 0.7071076 -1.8890911e-07 0.70710593
vn 0.70872837 0.0014752849 0.70547998
vn -0.71696359 0.0010060132 -0.69710994
vn -0.70470476 -0.0078574335 -0.70945716
vn -0.70460951 -0.0078962864 -0.70955145
vn -0.71693599 0.0010066789 -0.69713825
vn 0.70361984 -0.01313791 0.71045524
vn 0.70109141 -0.027786721 0.71252984
vn 0.70109141 -0.027786721 0.71252984
vn 0.70361948 -0.013140002 0.71045554
vn -0.7071076 -2.6705672e-07 -0.70710593
vn -0.70548332 0.0014718584 -0.70872492
vn -0.70548093 0.001474097 -0.70872748
vn -0.7071076 -2.672289e-07 -0.70710593
vn -0.7140438 -0.028775344 -0.69950956
vn -0.71077013 -0.014810928 -0.70326847
vn -0.71076757 -0.014800157 -0.70327127
vn -0.7140438 -0.028775344 -0.69950956
vn 0.7071076 -1.8903096e-07 0.70710588
vn 0.70718437 0.00014442063 0.7070291
vn 0.70718437 0.0001444247 0.70702916
vn 0.7071076 -1.8890911e-07 0.70710593
vn 0.71419853 -0.035434231 0.69904572
vn 0.71195358 -0.022075271 0.70187938
vn 0.71194148 -0.022005398 0.70189393
vn 0.71419853 -0.035434231 0.69904572
vn -0.70470476 -0.0078574335 -0.70945716
vn -0.68302977 -0.01654732 -0.73020315
vn -0.68302977 -0.01654732 -0.73020315
vn -0.70460951 -0.0078962864 -0.70955145
vn -0.70718312 -0.00014437204 -0.70703048
vn -0.7071076 -2.6705672e-07 -0.70710593
vn -0.7071076 -2.672289e-07 -0.70710593
vn -0.70718312 -0.00014437585 -0.70703042
vn 0.70718437 0.00014442063 0.7070291
vn 0.70662451 0.00089809188 0.70758814
vn 0.70662427 0.00089829898 0.70758837
vn 0.70718437 0.0001444247 0.70702916
vn 0.71100473 0.0026267529 -0.70318228
vn 0.71232033 0.0012957476 -0.70185339
vn 0.7119391 0.0016139074 -0.70223945
vn 0.71100378 0.0026272326 -0.70318335
vn -0.7087239 0.0014714132 0.70548439
vn -0.71231794 0.0012949505 0.70185584
vn -0.71193641 0.0016128949 0.70224214
vn -0.70872641 0.0014736569 0.70548201
vn -0.70729846 -0.00056259689 -0.70691484
vn -0.70718312 -0.00014437204 -0.70703048
vn -0.70718312 -0.00014437585 -0.70703042
vn -0.70729846 -0.00056279008 -0.7069149
vn -0.70185578 0.0012954357 0.712318
vn -0.7077567 0.00032783829 0.70645618
vn -0.70775092 0.00033175468 0.70646203
vn -0.70224172 0.0016134907 0.71193677
vn 0.70662451 0.00089809188 0.70758814
vn 0.70361984 -0.01313791 0.71045524
vn 0.70361948 -0.013140002 0.71045554
vn 0.70662427 0.00089829898 0.70758837
vn 0.72094905 -0.0029382124 -0.69298184
vn 0.71100473 0.0026267529 -0.70318228
vn 0.71100378 0.0026272326 -0.70318335
vn 0.72087342 -0.0028950793 -0.69306076
vn -0.71077013 -0.014810928 -0.70326847
vn -0.70729846 -0.00056259689 -0.70691484
vn -0.70729846 -0.00056279008 -0.7069149
vn -0.71076757 -0.014800157 -0.70327127
vn -0.70710611 -5.3411486e-07 0.70710742
vn -0.7087239 0.0014714132 0.70548439
vn -0.70872641 0.0014736569 0.70548201
vn -0.70710605 -5.3445956e-07 0.70710742
vn -0.7077567 0.00032783829 0.70645618
vn -0.71414858 -0.0068325489 0.69996077
vn -0.71416169 -0.0068563689 0.69994712
vn -0.70775092 0.00033175468 0.70646203
vn 0.70552444 0.0014642887 -0.70868415
vn 0.70710647 9.1217748e-07 -0.70710707
vn 0.70710653 9.1227798e-07 -0.70710707
vn 0.70551705 0.0014710793 -0.70869148
vn 0.70550984 0.00010556696 0.70870006
vn 0.70550984 0.00010556696 0.70870006
vn 0.70550835 0.00010487153 0.70870161
vn 0.70550841 0.0001048719 0.70870161
vn -0.7009775 -0.0081843687 -0.71313649
vn -0.7009775 -0.0081843687 -0.71313649
vn -0.69956309 -0.0014387601 -0.71456939
vn -0.69956291 -0.0014378874 -0.71456951
vn -0.707434 -1.6503163e-05 0.70677942
vn -0.707434 -1.6503163e-05 0.70677942
vn -0.7074337 -1.6606473e-05 0.70677966
vn -0.70743376 -1.6606467e-05 0.70677966
vn 0.00088433624 -0.67106104 -0.74140155
vn 0.00088344567 -0.67198074 -0.74056804
vn 0.00096886104 -0.57058984 -0.82123458
vn 0.81381088 -0.58112788 0.0014755835
vn 0.8145653 -0.5800699 0.0014583271
vn 0.77852046 -0.62761748 0.0013957279
vn 0.73611373 -0.67685658 0.0013356697
vn -0.0012728997 -0.58021903 0.8144595
vn 0.00082022854 -0.67818129 0.73489416
vn 0.0014287418 -0.70474058 0.7094636
vn -0.81397665 -0.58089656 -0.0011824765
vn -0.73510945 -0.6779477 -0.0010583017
vn -0.73527193 -0.67777139 -0.001058556
vn 0.0014287418 -0.70474058 0.7094636
vn 0.00082022854 -0.67818129 0.73489416
vn 0.0032040607 -0.77719718 0.62924904
vn 0.0032040607 -0.77719718 0.62924904
vn -0.69956291 -0.0014378874 -0.71456951
vn -0.69956309 -0.0014387601 -0.71456939
vn -0.6966145 0.012123506 -0.71734315
vn 0.70708048 1.7907385e-05 -0.70713305
vn 0.70708054 1.7902215e-05 -0.70713305
vn 0.70707923 2.0950767e-05 -0.70713425
vn 0.70550841 0.0001048719 0.70870161
vn 0.70550835 0.00010487153 0.70870161
vn 0.70550537 0.00010347331 0.70870465
vn 0.70550537 0.00010347331 0.70870465
vn -0.70743376 -1.6606467e-05 0.70677966
vn -0.7074337 -1.6606473e-05 0.70677966
vn -0.70743316 -1.6814191e-05 0.70678025
vn 0.00088433624 -0.67106104 -0.74140155
vn 0.00076870288 -0.77324373 -0.63410854
vn 0.00088344567 -0.67198074 -0.74056804
vn 0.77852046 -0.62761748 0.0013957279
vn 0.8145653 -0.5800699 0.0014583271
vn 0.81621116 -0.57775205 0.001420567
vn -0.73510945 -0.6779477 -0.0010583017
vn -0.63093787 -0.77583283 -0.00089618354
vn -0.73527193 -0.67777139 -0.001058556
vn 0.77852046 -0.62761748 0.0013957279
vn 0.63334942 -0.7738651 0.0011504272
vn 0.73611373 -0.67685658 0.0013356697
vn 0.99230605 -0.12363432 -0.0065688672
vn 0.9912222 -0.13207288 -0.0059341779
vn 0.99994648 -0.007316601 -0.0073169013
vn 0.99994648 -0.007316601 -0.0073169013
vn -0.71231931 0.0012954301 -0.70185435
vn -0.7119382 0.0016134921 -0.70224029
vn -0.7138688 0 -0.70027953
vn -0.7138688 0 -0.70027953
vn 2.0214699e-07 -0.12968792 0.9915548
vn 0 -0.12121774 0.99262595
vn 0 0 1
vn 0 0 1
vn 0 -0.12121753 -0.99262595
vn 2.0214665e-07 -0.1296877 -0.99155486
vn 0 0 -1
vn 0 0 -1
vn -0.70224094 0.0016130873 -0.71193743
vn -0.701855 0.0012951045 -0.71231878
vn -0.70027971 0 -0.71386856
vn -0.70027971 0 -0.71386856
vn 0.9914704 -0.13032937 -0.00081874448
vn 0.99254709 -0.12185939 -0.00067730929
vn 1 0 0
vn 1 0 0
vn -0.69736075 -0.16545266 -0.69736183
vn -0.69736063 -0.16545333 -0.69736171
vn -0.70710731 0 -0.70710623
vn -0.70710731 0 -0.70710623
vn -0.71193641 0.0016128949 0.70224214
vn -0.71231794 0.0012949505 0.70185584
vn -0.71386874 0 0.70027947
vn -0.71386874 0 0.70027947
vn 0.70224011 0.0016136878 0.71193838
vn 0.70185423 0.0012955953 0.71231955
vn 0.70027947 0 0.71386874
vn 0.70027947 0 0.71386874
vn -0.99254709 -0.12185925 -0.00067658519
vn -0.99147052 -0.1303293 -0.00081807026
vn -1 0 0
vn -1 0 0
vn -0.69735849 -0.16545255 0.69736397
vn -0.69735855 -0.16545275 0.69736391
vn -0.70710367 0 0.70710987
vn -0.70710367 0 0.70710987
vn 0.7119391 0.0016139074 -0.70223945
vn 0.71232033 0.0012957476 -0.70185339
vn 0.71387017 0 -0.70027804
vn 0.71387017 0 -0.70027804
vn -0.00082720374 -0.13032466 -0.99147099
vn -0.00070192665 -0.12184763 -0.99254858
vn 0 0 -1
vn 0 0 -1
vn 0.69736117 -0.16545179 -0.69736147
vn 0.69736123 -0.16545182 -0.69736147
vn 0.70710677 0 -0.70710677
vn 0.70710677 0 -0.70710677
vn -0.99147052 -0.13032883 0.00082015718
vn -0.99254739 -0.12185733 0.00068180903
vn -1 0 0
vn -1 0 0
vn 0.69736034 -0.16545294 0.69736218
vn 0.69736034 -0.16545218 0.69736236
vn 0.70710576 0 0.70710784
vn 0.70710576 0 0.70710784
vn -0.00070244831 -0.12184675 0.99254864
vn -0.00082760362 -0.13032456 0.99147105
vn 0 0 1
vn 0 0 1
vn -0.70185578 0.0012954357 0.712318
vn -0.70224172 0.0016134907 0.71193677
vn -0.7002809 0 0.71386743
vn -0.7002809 0 0.71386743
vn 0.70708114 1.6385633e-05 -0.7071324
vn 0.70708114 1.6385633e-05 -0.7071324
vn 0.70708054 1.7902215e-05 -0.70713305
vn 0.70708048 1.7907385e-05 -0.70713305
vn 0.34694636 -0.93788499 -2.7741235e-08
vn 0.52573246 -0.85065001 7.303526e-08
vn 0.52573252 -0.85064989 2.2992886e-07
vn 0.34694588 -0.93788511 9.3805532e-08
vn 0.72645384 -0.68721521 1.8010276e-07
vn 0.88468313 -0.46619198 0.00077702891
vn 0.88484007 -0.46589381 0.00103942
vn 0.72645408 -0.68721509 1.4902677e-07
vn 0.95222056 -0.30541116 8.3974383e-06
vn 0.9912222 -0.13207288 -0.0059341779
vn 0.99230605 -0.12363432 -0.0065688672
vn 0.95214933 -0.30562744 -0.0018616987
vn 0.70188159 0.0012876464 -0.71229243
vn 0.70552444 0.0014642887 -0.70868415
vn 0.70551705 0.0014710793 -0.70869148
vn 0.70228088 0.001608905 -0.71189821
vn -0.5257321 -0.85065013 -1.2358346e-07
vn -0.72645348 -0.68721551 -3.2906615e-07
vn -0.68317038 -0.730259 -3.8861253e-07
vn -0.49164563 -0.87079537 5.0587165e-08
vn -0.72645348 -0.68721551 -3.2906615e-07
vn -0.88468307 -0.46619231 0.00077601027
vn -0.8715862 -0.49024215 0.00037787497
vn -0.68317038 -0.730259 -3.8861253e-07
vn 0.70027858 0 -0.71386969
vn 0.70188159 0.0012876464 -0.71229243
vn 0.70228088 0.001608905 -0.71189821
vn 0.70027858 0 -0.71386969
vn 0.52573246 -0.85065001 7.303526e-08
vn 0.72645384 -0.68721521 1.8010276e-07
vn 0.72645408 -0.68721509 1.4902677e-07
vn 0.52573252 -0.85064989 2.2992886e-07
vn 0.88468313 -0.46619198 0.00077702891
vn 0.95222056 -0.30541116 8.3974383e-06
vn 0.95214933 -0.30562744 -0.0018616987
vn 0.88484007 -0.46589381 0.00103942
vn -0.34694639 -0.93788499 2.0861862e-08
vn -0.5257321 -0.85065013 -1.2358346e-07
vn -0.49164563 -0.87079537 5.0587165e-08
vn -0.29801765 -0.95456034 1.3442553e-07
vn -3.6179819e-07 -1 7.7761692e-10
vn -0.34694639 -0.93788499 2.0861862e-08
vn -0.29801765 -0.95456034 1.3442553e-07
vn 3.8372949e-08 -1 1.5551812e-09
vn -3.6179819e-07 -1 7.7761692e-10
vn 0.34694636 -0.93788499 -2.7741235e-08
vn 0.34694588 -0.93788511 9.3805532e-08
vn -7.0403956e-07 -1 2.3313349e-15
vn -0.88468307 -0.46619231 0.00077601027
vn -0.95142007 -0.30789047 0.0017903073
vn -0.94724405 -0.32050881 0.0016984707
vn -0.8715862 -0.49024215 0.00037787497
vn -0.95142007 -0.30789047 0.0017903073
vn -0.99147052 -0.13032883 0.00082015718
vn -0.94724405 -0.32050881 0.0016984707
vn 0 -0.68721527 0.72645378
vn -1.2381842e-07 -0.85020316 0.52645475
vn -3.5623856e-07 -0.87020522 0.4926894
vn 0 -0.73025882 0.68317056
vn -0.00082760362 -0.13032456 0.99147105
vn -0.0017887871 -0.30790284 0.95141619
vn -0.0016556617 -0.32052913 0.94723719
vn -1.2381842e-07 -0.85020316 0.52645475
vn -1.2408681e-07 -0.93776226 0.34727791
vn -1.3089893e-07 -0.95466077 0.29769582
vn -3.5623856e-07 -0.87020522 0.4926894
vn 1.5097406e-07 -0.93788499 -0.34694648
vn -1.0149597e-08 -0.99999994 -0.00049598824
vn 0 -0.99999994 -0.00049572927
vn 0 -0.93788499 -0.34694639
vn 2.668649e-07 -0.85065001 -0.5257324
vn 1.5097406e-07 -0.93788499 -0.34694648
vn 0 -0.93788499 -0.34694639
vn 0 -0.85065001 -0.52573234
vn -0.00075800298 -0.46621078 -0.8846733
vn 2.8591566e-07 -0.68721527 -0.72645378
vn 0 -0.68721533 -0.7264539
vn -0.0010391556 -0.46591544 -0.88482869
vn -0.00082720374 -0.13032466 -0.99147099
vn -0.0017888248 -0.30790278 -0.95141613
vn -0.0017321084 -0.30730224 -0.95161045
vn -0.00070192665 -0.12184763 -0.99254858
vn 0.71231967 0.0012959144 0.70185405
vn 0.70872593 0.0014730457 0.70548242
vn 0.70872837 0.0014752849 0.70547998
vn 0.71193862 0.0016140961 0.70223987
vn -0.0017887871 -0.30790284 0.95141619
vn -0.00075833156 -0.46621096 0.88467324
vn -0.00035202352 -0.49025327 0.87157995
vn -0.0016556617 -0.32052913 0.94723719
vn -0.00075833156 -0.46621096 0.88467324
vn 0 -0.68721527 0.72645378
vn 0 -0.73025882 0.68317056
vn -0.00035202352 -0.49025327 0.87157995
vn -1.2408681e-07 -0.93776226 0.34727791
vn -1.0149597e-08 -0.99999994 -0.00049598824
vn -2.0274035e-08 -1 -0.00018699502
vn -1.3089893e-07 -0.95466077 0.29769582
vn 2.8591566e-07 -0.68721527 -0.72645378
vn 2.668649e-07 -0.85065001 -0.5257324
vn 0 -0.85065001 -0.52573234
vn 0 -0.68721533 -0.7264539
vn -0.0017888248 -0.30790278 -0.95141613
vn -0.00075800298 -0.46621078 -0.8846733
vn -0.0010391556 -0.46591544 -0.88482869
vn -0.0017321084 -0.30730224 -0.95161045
vn 0.71386874 0 0.70027947
vn 0.71231967 0.0012959144 0.70185405
vn 0.71193862 0.0016140961 0.70223987
vn 0.71386874 0 0.70027947
vn 0.72725391 -0.68636847 4.3078479e-08
vn 0.88580644 -0.46405435 -0.00077983312
vn 0.87306356 -0.48760638 -0.0003838113
vn 0.68301338 -0.73040593 1.1669649e-07
vn 0.88580644 -0.46405435 -0.00077983312
vn 0.95142108 -0.30788741 -0.0017904174
vn 0.94724554 -0.32050434 -0.0017076229
vn 0.87306356 -0.48760638 -0.0003838113
vn 0.34694639 -0.93788499 -1.8492186e-08
vn 0.52467263 -0.85130417 5.4004545e-08
vn 0.49109724 -0.87110478 -3.9639893e-08
vn 0.29801795 -0.95456028 -1.367972e-07
vn -0.52573204 -0.85065025 -3.2368914e-07
vn -0.72645366 -0.68721551 -7.5406274e-07
vn -0.72645396 -0.68721515 -8.7284826e-07
vn -0.52573198 -0.85065031 -5.3248584e-07
vn -0.88468564 -0.46618751 -0.00078058185
vn -0.9514212 -0.30788735 -0.0017901903
vn -0.95161581 -0.30728543 -0.0017063812
vn -0.88484281 -0.46588859 -0.0010392288
vn -0.34694657 -0.93788493 3.829502e-08
vn -0.52573204 -0.85065025 -3.2368914e-07
vn -0.52573198 -0.85065031 -5.3248584e-07
vn -0.34694651 -0.93788487 -9.5162157e-08
vn 4.6447067e-07 -1 7.7610629e-10
vn 0.34694639 -0.93788499 -1.8492186e-08
vn 0.29801795 -0.95456028 -1.367972e-07
vn 3.8372929e-07 -1 1.5522207e-09
vn 0.95142108 -0.30788741 -0.0017904174
vn 0.9914704 -0.13032937 -0.00081874448
vn 0.94724554 -0.32050434 -0.0017076229
vn 0.52467263 -0.85130417 5.4004545e-08
vn 0.72725391 -0.68636847 4.3078479e-08
vn 0.68301338 -0.73040593 1.1669649e-07
vn 0.49109724 -0.87110478 -3.9639893e-08
vn 4.6447067e-07 -1 7.7610629e-10
vn -0.34694657 -0.93788493 3.829502e-08
vn -0.34694651 -0.93788487 -9.5162157e-08
vn 4.5958151e-07 -1 -1.8650685e-14
vn -0.72645366 -0.68721551 -7.5406274e-07
vn -0.88468564 -0.46618751 -0.00078058185
vn -0.88484281 -0.46588859 -0.0010392288
vn -0.72645396 -0.68721515 -8.7284826e-07
vn -0.9514212 -0.30788735 -0.0017901903
vn -0.99147052 -0.1303293 -0.00081807026
vn -0.99254709 -0.12185925 -0.00067658519
vn -0.95161581 -0.30728543 -0.0017063812
vn 4.8263325e-07 -0.46657217 -0.88448316
vn 3.80459e-07 -0.68721539 -0.72645366
vn 7.3373587e-07 -0.73025906 -0.68317038
vn 9.2826576e-07 -0.49030131 -0.87155294
vn 0 -0.68721503 0.72645402
vn -1.2137156e-07 -0.85064995 0.52573246
vn 0 -0.85064977 0.5257327
vn 0 -0.68721497 0.7264542
vn 8.3587366e-07 -0.30784327 0.95143712
vn 1.3811263e-07 -0.46657148 0.88448346
vn 0 -0.46657139 0.88448352
vn 0 -0.30784342 0.95143712
vn -1.2160727e-07 -0.93788493 0.34694657
vn 0 -1 -3.0312816e-07
vn 0 -1 -6.5514791e-07
vn 0 -0.93788493 0.34694648
vn 3.80459e-07 -0.68721539 -0.72645366
vn -3.8498544e-07 -0.85065007 -0.52573222
vn 5.4359265e-07 -0.87059855 -0.49199423
vn 7.3373587e-07 -0.73025906 -0.68317038
vn 2.0214665e-07 -0.1296877 -0.99155486
vn 9.735943e-07 -0.30784294 -0.95143718
vn 1.7977475e-06 -0.31993547 -0.94743943
vn -3.8498544e-07 -0.85065007 -0.52573222
vn -5.5642755e-07 -0.93788499 -0.34694642
vn 1.3140328e-07 -0.95431554 -0.29880071
vn 5.4359265e-07 -0.87059855 -0.49199423
vn 9.735943e-07 -0.30784294 -0.95143718
vn 4.8263325e-07 -0.46657217 -0.88448316
vn 9.2826576e-07 -0.49030131 -0.87155294
vn 1.7977475e-06 -0.31993547 -0.94743943
vn -5.5642755e-07 -0.93788499 -0.34694642
vn 0 -1 -3.0312816e-07
vn 0 -0.99999261 0.0038289148
vn 1.3140328e-07 -0.95431554 -0.29880071
vn 1.3811263e-07 -0.46657148 0.88448346
vn 0 -0.68721503 0.72645402
vn 0 -0.68721497 0.7264542
vn 0 -0.46657139 0.88448352
vn 2.0214699e-07 -0.12968792 0.9915548
vn 8.3587366e-07 -0.30784327 0.95143712
vn 0 -0.30784342 0.95143712
vn 0 -0.12121774 0.99262595
vn -1.2137156e-07 -0.85064995 0.52573246
vn -1.2160727e-07 -0.93788493 0.34694657
vn 0 -0.93788493 0.34694648
vn 0 -0.85064977 0.5257327
vn 0.34727764 -0.93776238 0
vn -0.00049525994 -0.99999994 0
vn -0.00049565104 -0.99999994 2.593103e-10
vn 0.34727761 -0.93776238 4.8930602e-08
vn -1.2903639e-07 -0.95456052 -0.29801747
vn -3.5086043e-07 -0.87079531 -0.49164572
vn 5.3758885e-07 -0.85065001 -0.52573234
vn 5.3863403e-07 -0.93788499 -0.34694642
vn -3.5086043e-07 -0.87079531 -0.49164572
vn 2.7112657e-07 -0.7302587 -0.68317062
vn 2.1117884e-07 -0.68721509 -0.72645396
vn 5.3758885e-07 -0.85065001 -0.52573234
vn 2.7112657e-07 -0.7302587 -0.68317062
vn 0.00037997775 -0.49024159 -0.87158656
vn 0.00077713747 -0.4661918 -0.88468331
vn 2.1117884e-07 -0.68721509 -0.72645396
vn 0.00037997775 -0.49024159 -0.87158656
vn 0.0016727281 -0.31768954 -0.94819343
vn 8.127904e-06 -0.30541092 -0.95222068
vn 0.00077713747 -0.4661918 -0.88468331
vn 0.0016727281 -0.31768954 -0.94819343
vn -0.005934916 -0.13207328 -0.99122226
vn 8.127904e-06 -0.30541092 -0.95222068
vn 0 -1 5.7559404e-08
vn 1.2869732e-07 -0.95456058 0.298017
vn 1.218916e-07 -0.93788499 0.34694606
vn 0 -1 -4.546923e-07
vn 0.49164519 -0.87079561 1.5274088e-07
vn 0.52573204 -0.85065025 7.4281921e-08
vn 0.7264536 -0.68721545 0
vn 0.68317056 -0.73025882 0
vn 0.68317056 -0.73025882 0
vn 0.7264536 -0.68721545 0
vn 0.88448304 -0.46657228 -2.5196405e-07
vn 0.87155282 -0.49030161 -1.6255257e-07
vn 0.87155282 -0.49030161 -1.6255257e-07
vn 0.88448304 -0.46657228 -2.5196405e-07
vn 0.95143712 -0.30784324 -2.512526e-07
vn 0.94743925 -0.31993586 -2.5986728e-07
vn 0.94743925 -0.31993586 -2.5986728e-07
vn 0.95143712 -0.30784324 -2.512526e-07
vn 0.99155492 -0.12968765 0
vn 0 -0.93788511 -0.34694594
vn 0 -0.85130417 -0.52467257
vn 1.7040239e-07 -0.85130399 -0.52467269
vn 0 -0.93788511 -0.34694606
vn 0 -1 8.8004946e-08
vn 0 -0.93788499 0.34694636
vn 1.2221282e-07 -0.93788499 0.34694636
vn 0 -1 -1.1733994e-07
vn -0.29801735 -0.9545604 -1.8144105e-07
vn -0.34694555 -0.93788528 -9.8876178e-08
vn -0.52573192 -0.85065043 -5.7847913e-08
vn -0.49100563 -0.87115639 -1.6733556e-07
vn -0.49100563 -0.87115639 -1.6733556e-07
vn -0.52573192 -0.85065043 -5.7847913e-08
vn -0.72645402 -0.68721503 0
vn -0.68436724 -0.72913754 0
vn -0.68436724 -0.72913754 0
vn -0.72645402 -0.68721503 0
vn -0.88467336 -0.46621066 0.00075807545
vn -0.87194902 -0.48959646 0.00035533877
vn -0.87194902 -0.48959646 0.00035533877
vn -0.88467336 -0.46621066 0.00075807545
vn -0.95141596 -0.30790326 0.0017890835
vn -0.94723707 -0.32052967 0.0016567677
vn -0.94723707 -0.32052967 0.0016567677
vn -0.95141596 -0.30790326 0.0017890835
vn -0.99147099 -0.13032523 0.00082713977
vn 0 -1 -1.534917e-07
vn -1.2903639e-07 -0.95456052 -0.29801747
vn 5.3863403e-07 -0.93788499 -0.34694642
vn 0 -1 -1.1733994e-07
vn 1.5836348e-07 -0.87079555 0.49164543
vn -7.3716882e-07 -0.73025948 0.68316996
vn -3.8243098e-07 -0.68721575 0.72645336
vn -4.9334627e-08 -0.85065001 0.52573246
vn -7.3716882e-07 -0.73025948 0.68316996
vn -0.00038499248 -0.49023986 0.8715874
vn -0.00078051264 -0.46618816 0.88468534
vn -3.8243098e-07 -0.68721575 0.72645336
vn -0.00038499248 -0.49023986 0.8715874
vn -0.001708274 -0.32050347 0.94724578
vn -0.0017905099 -0.30788651 0.95142144
vn -0.00078051264 -0.46618816 0.88468534
vn -0.001708274 -0.32050347 0.94724578
vn -0.0008184078 -0.13032857 0.99147052
vn -0.0017905099 -0.30788651 0.95142144
vn 1.2869732e-07 -0.95456058 0.298017
vn 1.5836348e-07 -0.87079555 0.49164543
vn -4.9334627e-08 -0.85065001 0.52573246
vn 1.218916e-07 -0.93788499 0.34694606
vn 0.0010391439 -0.4658944 0.88483965
vn 0.0017119417 -0.30728847 0.95161492
vn 0.0017904476 -0.30789083 0.95142001
vn 0.00077636051 -0.46619254 0.88468289
vn 0 -0.85065001 0.52573234
vn 0 -0.68721586 0.7264533
vn 0 -0.68721569 0.72645342
vn 1.21976e-07 -0.85064983 0.52573252
vn 0.0017119417 -0.30728847 0.95161492
vn 0.00068180874 -0.12185866 0.99254721
vn 0.00082015735 -0.13033022 0.99147034
vn 0.0017904476 -0.30789083 0.95142001
vn 0 -0.68721586 0.7264533
vn 0.0010391439 -0.4658944 0.88483965
vn 0.00077636051 -0.46619254 0.88468289
vn 0 -0.68721569 0.72645342
vn 0.29801705 -0.95456058 1.7249536e-07
vn 0.34694615 -0.93788505 1.1400722e-07
vn 0.52573204 -0.85065025 7.4281921e-08
vn 0.49164519 -0.87079561 1.5274088e-07
vn 0.95161051 -0.30730197 0.0017332336
vn 0.88482857 -0.46591574 0.0010394107
vn 0.88467318 -0.46621111 0.00075815659
vn 0.95141596 -0.30790344 0.001789297
vn 0.72645402 -0.68721503 0
vn 0.52645445 -0.85020334 0
vn 0.52645457 -0.85020334 -5.7841888e-08
vn 0.7264539 -0.68721527 -6.6271866e-08
vn 0 -1 -7.2359637e-07
vn 0 -0.93788511 -0.34694594
vn 0 -0.93788511 -0.34694606
vn 0 -1 -4.546923e-07
vn 0.99254864 -0.121847 0.00070279685
vn 0.95161051 -0.30730197 0.0017332336
vn 0.95141596 -0.30790344 0.001789297
vn 0.99147093 -0.13032503 0.0008280538
vn 0.88482857 -0.46591574 0.0010394107
vn 0.72645402 -0.68721503 0
vn 0.7264539 -0.68721527 -6.6271866e-08
vn 0.88467318 -0.46621111 0.00075815659
vn 0.52645445 -0.85020334 0
vn 0.34727764 -0.93776238 0
vn 0.34727761 -0.93776238 4.8930602e-08
vn 0.52645457 -0.85020334 -5.7841888e-08
vn -0.0017074703 -0.30728534 -0.95161593
vn -0.00067712658 -0.12185953 -0.99254715
vn -0.00081857416 -0.13032958 -0.9914704
vn -0.0017906049 -0.30788785 -0.95142102
vn 0 -0.68636799 -0.72725433
vn -0.0010391099 -0.46375477 -0.88596302
vn -0.00078011263 -0.46405393 -0.88580656
vn 1.7231389e-07 -0.68636799 -0.72725439
vn 0 -0.93788499 0.34694636
vn 0 -0.85065001 0.52573234
vn 1.21976e-07 -0.85064983 0.52573252
vn 1.2221282e-07 -0.93788499 0.34694636
vn -0.0010391099 -0.46375477 -0.88596302
vn -0.0017074703 -0.30728534 -0.95161593
vn -0.0017906049 -0.30788785 -0.95142102
vn -0.00078011263 -0.46405393 -0.88580656
vn 0 -0.85130417 -0.52467257
vn 0 -0.68636799 -0.72725433
vn 1.7231389e-07 -0.68636799 -0.72725439
vn 1.7040239e-07 -0.85130399 -0.52467269
vn -0.00018679375 -1 7.2710665e-10
vn -0.00049565104 -0.99999994 2.593103e-10
vn -0.34694555 -0.93788528 -9.8876178e-08
vn -0.29801735 -0.9545604 -1.8144105e-07
vn -0.99262595 -0.12121769 0
vn -0.95143712 -0.3078433 -2.8262187e-07
vn -0.951437 -0.30784348 -4.1746651e-07
vn -0.9915548 -0.12968789 -4.0082679e-08
vn -0.88448316 -0.4665722 -2.8342251e-07
vn -0.72645348 -0.68721551 1.531513e-07
vn -0.7264536 -0.68721545 7.6575652e-08
vn -0.88448304 -0.46657231 -2.7982392e-07
vn -0.52573168 -0.85065037 2.3629288e-07
vn -0.34694669 -0.93788487 7.3382331e-08
vn -0.34694642 -0.93788499 -4.8144386e-08
vn -0.52573204 -0.85065025 7.2219791e-08
vn 0.0038290129 -0.99999267 4.0206967e-09
vn -2.9823903e-07 -1 -5.1165427e-09
vn 0.34694615 -0.93788505 1.1400722e-07
vn 0.29801705 -0.95456058 1.7249536e-07
vn -0.95143712 -0.3078433 -2.8262187e-07
vn -0.88448316 -0.4665722 -2.8342251e-07
vn -0.88448304 -0.46657231 -2.7982392e-07
vn -0.951437 -0.30784348 -4.1746651e-07
vn -0.72645348 -0.68721551 1.531513e-07
vn -0.52573168 -0.85065037 2.3629288e-07
vn -0.52573204 -0.85065025 7.2219791e-08
vn -0.7264536 -0.68721545 7.6575652e-08
vn -0.34694669 -0.93788487 7.3382331e-08
vn -8.1160147e-07 -1 -1.1793209e-08
vn -2.9823903e-07 -1 -5.1165427e-09
vn -0.34694642 -0.93788499 -4.8144386e-08
vn -0.70726138 -0.00021397269 0.7069521
vn -0.69710833 0.0010078147 0.71696502
vn -0.6971367 0.0010084847 0.71693748
vn -0.70726204 -0.0002148343 0.70695132
vn -0.71401334 -0.028055772 -0.6995697
vn -0.71039844 -0.011911844 -0.70369887
vn -0.71039718 -0.0119067 -0.70370018
vn -0.71401334 -0.028055772 -0.6995697
vn 0.70603192 -0.0055066072 -0.70815861
vn 0.70706636 0.0009557489 -0.70714658
vn 0.7070666 0.00095329061 -0.70714623
vn 0.70602733 -0.0055165435 -0.70816302
vn -0.70341313 -0.01403804 -0.71064258
vn -0.69956279 -0.028074997 -0.71401942
vn -0.69956279 -0.028074997 -0.71401942
vn -0.70341426 -0.014033713 -0.71064156
vn 0.71402007 -0.028086673 0.69956172
vn 0.71064162 -0.01404489 0.70341396
vn 0.71064049 -0.014040257 0.70341522
vn 0.71402007 -0.028086673 0.69956172
vn -0.70710576 1.96573e-06 -0.70710784
vn -0.70341313 -0.01403804 -0.71064258
vn -0.70341426 -0.014033713 -0.71064156
vn -0.70710576 1.9657564e-06 -0.70710778
vn -0.70813304 -0.00098855526 0.70607841
vn -0.70726138 -0.00021397269 0.7069521
vn -0.70726204 -0.0002148343 0.70695132
vn -0.70813304 -0.00098868646 0.70607823
vn 0.70462346 -0.0090945102 0.70952314
vn 0.70317173 -0.015992729 0.71084023
vn 0.70317268 -0.015989199 0.71083927
vn 0.70461971 -0.0091039035 0.70952684
vn 0.71064162 -0.01404489 0.70341396
vn 0.70710391 9.5613143e-07 0.70710969
vn 0.70710397 9.5565895e-07 0.70710963
vn 0.71064049 -0.014040257 0.70341522
vn 0.70706636 0.0009557489 -0.70714658
vn 0.70721537 0.0023092814 -0.70699447
vn 0.70721608 0.002306646 -0.70699364
vn 0.7070666 0.00095329061 -0.70714623
vn -0.71039844 -0.011911844 -0.70369887
vn -0.70965278 0.013496689 -0.7044223
vn -0.70964199 0.013464077 -0.7044338
vn -0.71039718 -0.0119067 -0.70370018
vn -0.70710671 9.5612461e-07 -0.70710689
vn -0.70710576 1.96573e-06 -0.70710784
vn -0.70710576 1.9657564e-06 -0.70710778
vn -0.70710671 9.5615292e-07 -0.70710689
vn -0.70581013 0.0013081869 0.70839983
vn -0.70813304 -0.00098855526 0.70607841
vn -0.70813304 -0.00098868646 0.70607823
vn -0.70580721 0.0013106723 0.70840287
vn 0.69999653 -0.012700255 0.71403331
vn 0.70462346 -0.0090945102 0.70952314
vn 0.70461971 -0.0091039035 0.70952684
vn 0.69998538 -0.012694811 0.71404439
vn 0.70710391 9.5613143e-07 0.70710969
vn 0.7071051 1.7122558e-06 0.70710844
vn 0.70710516 1.7122609e-06 0.70710844
vn 0.70710397 9.5565895e-07 0.70710963
vn 0.70721537 0.0023092814 -0.70699447
vn 0.70904964 0.001636533 -0.70515668
vn 0.70905161 0.001638519 -0.70515472
vn 0.70721608 0.002306646 -0.70699364
vn -0.70965278 0.013496689 -0.7044223
vn -0.69821894 0.0072650569 -0.71584737
vn -0.69826645 0.0073151719 -0.71580052
vn -0.70964199 0.013464077 -0.7044338
vn -0.70710725 -2.6705789e-07 -0.70710629
vn -0.70710671 9.5612461e-07 -0.70710689
vn -0.70710671 9.5615292e-07 -0.70710689
vn -0.70710731 -2.6723018e-07 -0.70710629
vn -0.70185411 0.0012955918 0.71231955
vn -0.70581013 0.0013081869 0.70839983
vn -0.70580721 0.0013106723 0.70840287
vn -0.70224023 0.0016136937 0.71193826
vn 0.69996083 -0.0068324576 0.71414846
vn 0.69999653 -0.012700255 0.71403331
vn 0.69998538 -0.012694811 0.71404439
vn 0.69994718 -0.0068562999 0.71416169
vn 0.7071051 1.7122558e-06 0.70710844
vn 0.70710653 1.0231834e-06 0.70710707
vn 0.70710659 1.0228681e-06 0.70710707
vn 0.70710516 1.7122609e-06 0.70710844
vn -0.69821894 0.0072650569 -0.71584737
vn -0.69298369 -0.0029405279 -0.72094744
vn -0.69306248 -0.0028974079 -0.72087169
vn -0.69826645 0.0073151719 -0.71580052
vn 0.70904964 0.001636533 -0.70515668
vn 0.71231812 0.0012952716 -0.70185566
vn 0.71193665 0.0016132953 -0.70224196
vn 0.70905161 0.001638519 -0.70515472
vn 0.64424503 -0.41218051 -0.64424807
vn 0.69736069 -0.16545236 -0.69736201
vn 0.69736058 -0.16545229 -0.69736189
vn 0.64424497 -0.41218051 -0.64424813
vn 0.56896222 -0.59376848 -0.56896484
vn 0.64424503 -0.41218051 -0.64424807
vn 0.64424497 -0.41218051 -0.64424813
vn 0.5689624 -0.5937683 -0.56896502
vn 0.42859229 -0.79537201 -0.42859316
vn 0.56896222 -0.59376848 -0.56896484
vn 0.5689624 -0.5937683 -0.56896502
vn 0.42859238 -0.79537201 -0.42859313
vn 0.28375402 -0.91595197 -0.28375304
vn 0.42859229 -0.79537201 -0.42859316
vn 0.42859238 -0.79537201 -0.42859313
vn 0.28375402 -0.91595191 -0.28375304
vn 0.18061395 -0.96684855 -0.18050648
vn 0.28375402 -0.91595197 -0.28375304
vn 0.28375402 -0.91595191 -0.28375304
vn 0.18061373 -0.96684855 -0.18050626
vn 0.69736105 -0.1654526 0.69736141
vn 0.6442464 -0.41218027 0.64424688
vn 0.64424658 -0.41217983 0.64424694
vn 0.69736111 -0.1654527 0.69736141
vn 0.6442464 -0.41218027 0.64424688
vn 0.56896424 -0.59376854 0.56896275
vn 0.56896412 -0.59376872 0.56896257
vn 0.64424658 -0.41217983 0.64424694
vn 0.56896424 -0.59376854 0.56896275
vn 0.42858818 -0.79537648 0.42858881
vn 0.42859483 -0.79536939 0.42859542
vn 0.56896412 -0.59376872 0.56896257
vn 0.42858818 -0.79537648 0.42858881
vn 0.28438222 -0.91586727 0.28339729
vn 0.28435907 -0.91588169 0.28337365
vn 0.42859483 -0.79536939 0.42859542
vn 0.28438222 -0.91586727 0.28339729
vn 0.18165113 -0.96673071 0.18009599
vn 0.18110004 -0.96693575 0.17954902
vn 0.28435907 -0.91588169 0.28337365
vn -0.64424276 -0.41219714 -0.64423972
vn -0.6973604 -0.16545239 -0.69736224
vn -0.69736034 -0.16545254 -0.69736218
vn -0.64424872 -0.41217852 -0.64424568
vn -0.56797361 -0.59313345 -0.57061255
vn -0.64424276 -0.41219714 -0.64423972
vn -0.64424872 -0.41217852 -0.64424568
vn -0.56793934 -0.59319746 -0.57058007
vn -0.42707062 -0.79458892 -0.43155417
vn -0.56797361 -0.59313345 -0.57061255
vn -0.56793934 -0.59319746 -0.57058007
vn -0.42611715 -0.79562211 -0.43059218
vn -0.28942534 -0.91528499 -0.28015408
vn -0.42707062 -0.79458892 -0.43155417
vn -0.42611715 -0.79562211 -0.43059218
vn -0.28910416 -0.91551679 -0.2797282
vn -0.18660994 -0.96767581 -0.16964743
vn -0.28942534 -0.91528499 -0.28015408
vn -0.28910416 -0.91551679 -0.2797282
vn -0.19292825 -0.96539932 -0.17545043
vn 0.18165113 -0.96673071 0.18009599
vn 0.12415811 -0.98460507 0.12303445
vn 0.12415811 -0.98460507 0.12303445
vn 0.18110004 -0.96693575 0.17954902
vn -0.12837704 -0.98489785 -0.11617011
vn -0.18660994 -0.96767581 -0.16964743
vn -0.19292825 -0.96539932 -0.17545043
vn -0.12837704 -0.98489785 -0.11617011
vn -0.64422894 -0.41227865 0.64420146
vn -0.69736087 -0.16545281 0.69736147
vn -0.69736093 -0.16545284 0.69736159
vn -0.6442706 -0.41214824 0.64424312
vn -0.57972562 -0.59080112 0.56113482
vn -0.64422894 -0.41227865 0.64420146
vn -0.6442706 -0.41214824 0.64424312
vn -0.58014941 -0.58979023 0.56175989
vn -0.44826069 -0.79063195 0.41708943
vn -0.57972562 -0.59080112 0.56113482
vn -0.58014941 -0.58979023 0.56175989
vn -0.44257191 -0.79661614 0.41174376
vn -0.28898576 -0.91651165 0.27657503
vn -0.44826069 -0.79063195 0.41708943
vn -0.44257191 -0.79661614 0.41174376
vn -0.28860292 -0.91672045 0.27628243
vn -0.18062297 -0.96684498 0.18051589
vn -0.28898576 -0.91651165 0.27657503
vn -0.28860292 -0.91672045 0.27628243
vn -0.18056965 -0.966865 0.18046248
vn 0.12385691 -0.98456663 -0.12364498
vn 0.18061395 -0.96684855 -0.18050648
vn 0.18061373 -0.96684855 -0.18050626
vn 0.12385691 -0.98456663 -0.12364498
vn -0.12380387 -0.98457778 0.12360868
vn -0.18062297 -0.96684498 0.18051589
vn -0.18056965 -0.966865 0.18046248
vn -0.12380387 -0.98457778 0.12360868
vn 0.70317173 -0.015992729 0.71084023
vn 0.6996482 -0.027771736 0.71394747
vn 0.6996482 -0.027771736 0.71394747
vn 0.70317268 -0.015989199 0.71083927
vn -0.70872569 0.0014721638 0.70548254
vn -0.71232104 0.0012960756 0.70185256
vn -0.71193963 0.0016142968 0.7022388
vn -0.70872819 0.0014744002 0.70548004
vn 0.70188022 -0.022073597 -0.71195292
vn 0.70603192 -0.0055066072 -0.70815861
vn 0.70602733 -0.0055165435 -0.70816302
vn 0.7018947 -0.022003736 -0.71194088
vn 0.7054823 0.0014725197 -0.70872605
vn 0.70710766 -1.8243537e-06 -0.70710593
vn 0.7071076 -1.8245548e-06 -0.70710588
vn 0.7054798 0.0014747648 -0.70872855
vn -0.69710833 0.0010078147 0.71696502
vn -0.70945495 -0.0078588761 0.70470697
vn -0.70954919 -0.0078977477 0.70461166
vn -0.6971367 0.0010084847 0.71693748
vn 0.71045423 -0.013138011 -0.70362067
vn 0.71252406 -0.027783107 -0.70109725
vn 0.71252406 -0.027783107 -0.70109725
vn 0.71045458 -0.013140077 -0.70362031
vn -0.70710689 -1.8243555e-06 0.70710665
vn -0.70872569 0.0014721638 0.70548254
vn -0.70872819 0.0014744002 0.70548004
vn -0.70710683 -1.8245568e-06 0.70710665
vn -0.69951063 -0.028779501 0.71404237
vn -0.70326769 -0.014811702 0.71077096
vn -0.70327044 -0.014801015 0.71076828
vn -0.69951063 -0.028779501 0.71404237
vn 0.70710766 -1.8243537e-06 -0.70710593
vn 0.70703435 0.00014170096 -0.70717919
vn 0.70703441 0.00014170646 -0.70717925
vn 0.7071076 -1.8245548e-06 -0.70710588
vn 0.69904554 -0.035431888 -0.71419883
vn 0.70188022 -0.022073597 -0.71195292
vn 0.7018947 -0.022003736 -0.71194088
vn 0.69904554 -0.035431888 -0.71419883
vn -0.70945495 -0.0078588761 0.70470697
vn -0.73019928 -0.016550481 0.68303376
vn -0.73019928 -0.016550481 0.68303376
vn -0.70954919 -0.0078977477 0.70461166
vn -0.70703137 -0.00014512765 0.70718217
vn -0.70710689 -1.8243555e-06 0.70710665
vn -0.70710683 -1.8245568e-06 0.70710665
vn -0.70703143 -0.00014513201 0.70718217
vn 0.70703435 0.00014170096 -0.70717919
vn 0.70759249 0.00089404185 -0.70662016
vn 0.70759279 0.0008942514 -0.70661992
vn 0.70703441 0.00014170646 -0.70717925
vn -0.70318556 0.0026255769 -0.71100157
vn -0.70185566 0.0012954222 -0.712318
vn -0.7022419 0.0016134935 -0.71193665
vn -0.70318651 0.002626054 -0.7110005
vn 0.70548254 0.0014729396 0.70872587
vn 0.70185447 0.0012955921 0.71231914
vn 0.70224047 0.0016136934 0.71193796
vn 0.70547998 0.00147519 0.70872837
vn -0.70691341 -0.00056133576 0.70729983
vn -0.70703137 -0.00014512765 0.70718217
vn -0.70703143 -0.00014513201 0.70718217
vn -0.70691335 -0.00056152785 0.70729983
vn 0.71231693 0.0012957575 0.70185679
vn 0.70645624 0.00032848166 0.70775664
vn 0.70646209 0.00033238705 0.70775086
vn 0.71193564 0.0016139003 0.70224279
vn 0.70759249 0.00089404185 -0.70662016
vn 0.71045423 -0.013138011 -0.70362067
vn 0.71045458 -0.013140077 -0.70362031
vn 0.70759279 0.0008942514 -0.70661992
vn -0.69298369 -0.0029405279 -0.72094744
vn -0.70318556 0.0026255769 -0.71100157
vn -0.70318651 0.002626054 -0.7110005
vn -0.69306248 -0.0028974079 -0.72087169
vn -0.70326769 -0.014811702 0.71077096
vn -0.70691341 -0.00056133576 0.70729983
vn -0.70691335 -0.00056152785 0.70729983
vn -0.70327044 -0.014801015 0.71076828
vn 0.70710653 1.0231834e-06 0.70710707
vn 0.70548254 0.0014729396 0.70872587
vn 0.70547998 0.00147519 0.70872837
vn 0.70710659 1.0228681e-06 0.70710707
vn 0.70645624 0.00032848166 0.70775664
vn 0.69996083 -0.0068324576 0.71414846
vn 0.69994718 -0.0068562999 0.71416169
vn 0.70646209 0.00033238705 0.70775086
vn -0.70868212 0.0014627435 -0.70552647
vn -0.70710725 -2.6705789e-07 -0.70710629
vn -0.70710731 -2.6723018e-07 -0.70710629
vn -0.70868939 0.0014695366 -0.70551902
vn 0.70870131 0.00010840231 -0.70550865
vn 0.70870131 0.00010840231 -0.70550865
vn 0.70870119 0.00010421349 -0.70550877
vn 0.70870119 0.00010421572 -0.70550883
vn -0.71313596 -0.0081819501 0.70097792
vn -0.71313596 -0.0081819501 0.70097792
vn -0.71457225 -0.0014361631 0.69956017
vn -0.71457237 -0.0014352599 0.69956005
vn 0.70677888 -1.8860765e-05 0.70743459
vn 0.70677888 -1.8860765e-05 0.70743459
vn 0.70678222 -1.7338085e-05 0.7074312
vn 0.70678222 -1.7338176e-05 0.70743126
vn -0.74140358 -0.67105889 -0.00088498503
vn -0.74057037 -0.67197824 -0.00088412996
vn -0.8212316 -0.57059419 -0.00096588727
vn 0.0014719852 -0.58112288 -0.81381446
vn 0.0010105626 -0.58021462 -0.81446302
vn 0.0010030468 -0.6277523 -0.77841246
vn 0.0013336764 -0.67685771 -0.73611271
vn 0.81445462 -0.58022571 0.0012788252
vn 0.73489475 -0.67818069 -0.00081540277
vn 0.7095176 -0.70468611 -0.0014230413
vn -0.0011910567 -0.58089238 0.81397945
vn -0.0010638635 -0.67794889 0.73510826
vn -0.0010641235 -0.67777282 0.73527056
vn 0.7095176 -0.70468611 -0.0014230413
vn 0.73489475 -0.67818069 -0.00081540277
vn 0.62925833 -0.77718961 -0.0032005822
vn 0.62925833 -0.77718961 -0.0032005822
vn -0.71457237 -0.0014352599 0.69956005
vn -0.71457225 -0.0014361631 0.69956017
vn -0.71735257 0.012126581 0.69660491
vn -0.70712996 1.7095719e-05 -0.70708358
vn -0.70713001 1.7094064e-05 -0.70708358
vn -0.70712781 1.8070876e-05 -0.70708573
vn 0.70870119 0.00010421572 -0.70550883
vn 0.70870119 0.00010421349 -0.70550877
vn 0.7087009 9.5791547e-05 -0.70550913
vn 0.7087009 9.5791547e-05 -0.70550913
vn 0.70678222 -1.7338176e-05 0.70743126
vn 0.70678222 -1.7338085e-05 0.7074312
vn 0.70678896 -1.4276546e-05 0.70742446
vn -0.74140358 -0.67105889 -0.00088498503
vn -0.63411832 -0.77323562 -0.00077352062
vn -0.74057037 -0.67197824 -0.00088412996
vn 0.0010030468 -0.6277523 -0.77841246
vn 0.0010105626 -0.58021462 -0.81446302
vn 0 -0.57822239 -0.81587911
vn -0.0010638635 -0.67794889 0.73510826
vn -0.00089818926 -0.77583838 0.63093108
vn -0.0010641235 -0.67777282 0.73527056
vn 0.0010030468 -0.6277523 -0.77841246
vn 0.0011503042 -0.77387267 -0.63334018
vn 0.0013336764 -0.67685771 -0.73611271
vn -0.0065696565 -0.12363482 -0.99230599
vn -0.005934916 -0.13207328 -0.99122226
vn -0.0073173996 -0.0073168906 -0.99994648
vn -0.0073173996 -0.0073168906 -0.99994648
vn -0.70185411 0.0012955918 0.71231955
vn -0.70224023 0.0016136937 0.71193826
vn -0.70027876 0 0.71386939
vn -0.70027876 0 0.71386939
vn 0.99155492 -0.12968765 0
vn 0.99262589 -0.12121746 0
vn 1 0 0
vn 1 0 0
vn -0.99262595 -0.12121769 0
vn -0.9915548 -0.12968789 -4.0082679e-08
vn -1 0 0
vn -1 0 0
vn -0.71193963 0.0016142968 0.7022388
vn -0.71232104 0.0012960756 0.70185256
vn -0.71387154 0 0.70027661
vn -0.71387154 0 0.70027661
vn -0.00081857416 -0.13032958 -0.9914704
vn -0.00067712658 -0.12185953 -0.99254715
vn 0 0 -1
vn 0 0 -1
vn -0.69736093 -0.16545284 0.69736159
vn -0.69736087 -0.16545281 0.69736147
vn -0.70710683 0 0.70710683
vn -0.70710683 0 0.70710683
vn 0.70224047 0.0016136934 0.71193796
vn 0.70185447 0.0012955921 0.71231914
vn 0.70027947 0 0.71386874
vn 0.70027947 0 0.71386874
vn 0.71193665 0.0016132953 -0.70224196
vn 0.71231812 0.0012952716 -0.70185566
vn 0.7138688 0 -0.70027953
vn 0.7138688 0 -0.70027953
vn -0.00067694718 -0.12185847 0.99254727
vn -0.0008184078 -0.13032857 0.99147052
vn 0 0 1
vn 0 0 1
vn 0.69736105 -0.1654526 0.69736141
vn 0.69736111 -0.1654527 0.69736141
vn 0.70710731 0 0.70710623
vn 0.70710731 0 0.70710623
vn -0.7022419 0.0016134935 -0.71193665
vn -0.70185566 0.0012954222 -0.712318
vn -0.70028025 0 -0.71386808
vn -0.70028025 0 -0.71386808
vn -0.99147099 -0.13032523 0.00082713977
vn -0.99254858 -0.12184769 0.00070175028
vn -1 0 0
vn -1 0 0
vn -0.69736034 -0.16545254 -0.69736218
vn -0.6973604 -0.16545239 -0.69736224
vn -0.70710576 0 -0.70710778
vn -0.70710576 0 -0.70710778
vn 0.00082015735 -0.13033022 0.99147034
vn 0.00068180874 -0.12185866 0.99254721
vn 0 -2.9802595e-06 1
vn 0 -2.9802595e-06 1
vn 0.69736058 -0.16545229 -0.69736189
vn 0.69736069 -0.16545236 -0.69736201
vn 0.70710623 0 -0.70710725
vn 0.70710623 0 -0.70710725
vn 0.99254864 -0.121847 0.00070279685
vn 0.99147093 -0.13032503 0.0008280538
vn 1 0 0
vn 1 0 0
vn 0.71231693 0.0012957575 0.70185679
vn 0.71193564 0.0016139003 0.70224279
vn 0.71386677 0 0.70028156
vn 0.71386677 0 0.70028156
vn -0.70713097 1.6608119e-05 -0.70708239
vn -0.70713097 1.6608119e-05 -0.70708239
vn -0.70713001 1.7094064e-05 -0.70708358
vn -0.70712996 1.7095719e-05 -0.70708358
vn 5.3863403e-07 -0.93788499 -0.34694642
vn 5.3758885e-07 -0.85065001 -0.52573234
vn 1.3191296e-06 -0.85065001 -0.52573234
vn 1.3216895e-06 -0.93788505 -0.34694612
vn 2.1117884e-07 -0.68721509 -0.72645396
vn 0.00077713747 -0.4661918 -0.88468331
vn 0.0010391445 -0.46589351 -0.88484019
vn 0 -0.68721509 -0.72645402
vn 8.127904e-06 -0.30541092 -0.95222068
vn -0.005934916 -0.13207328 -0.99122226
vn -0.0065696565 -0.12363482 -0.99230599
vn -0.0018625115 -0.30562747 -0.95214933
vn -0.71228951 0.0012865975 -0.70188457
vn -0.70868212 0.0014627435 -0.70552647
vn -0.70868939 0.0014695366 -0.70551902
vn -0.71189535 0.0016077714 -0.7022838
vn 1.21976e-07 -0.85064983 0.52573252
vn 0 -0.68721569 0.72645342
vn 0 -0.73025882 0.68317062
vn 3.5086086e-07 -0.87079507 0.49164608
vn 0 -0.68721569 0.72645342
vn 0.00077636051 -0.46619254 0.88468289
vn 0.00037861263 -0.49024245 0.87158602
vn 0 -0.73025882 0.68317062
vn -0.71386695 -7.0750224e-07 -0.70028144
vn -0.71228951 0.0012865975 -0.70188457
vn -0.71189535 0.0016077714 -0.7022838
vn -0.71386695 -7.0750224e-07 -0.70028144
vn 5.3758885e-07 -0.85065001 -0.52573234
vn 2.1117884e-07 -0.68721509 -0.72645396
vn 0 -0.68721509 -0.72645402
vn 1.3191296e-06 -0.85065001 -0.52573234
vn 0.00077713747 -0.4661918 -0.88468331
vn 8.127904e-06 -0.30541092 -0.95222068
vn -0.0018625115 -0.30562747 -0.95214933
vn 0.0010391445 -0.46589351 -0.88484019
vn 1.2221282e-07 -0.93788499 0.34694636
vn 1.21976e-07 -0.85064983 0.52573252
vn 3.5086086e-07 -0.87079507 0.49164608
vn 1.2903651e-07 -0.95456046 0.29801708
vn 0 -1 -1.1733994e-07
vn 1.2221282e-07 -0.93788499 0.34694636
vn 1.2903651e-07 -0.95456046 0.29801708
vn 0 -1 -1.534917e-07
vn 0 -1 -1.1733994e-07
vn 5.3863403e-07 -0.93788499 -0.34694642
vn 1.3216895e-06 -0.93788505 -0.34694612
vn 0 -1 8.8004946e-08
vn 0.00077636051 -0.46619254 0.88468289
vn 0.0017904476 -0.30789083 0.95142001
vn 0.001698808 -0.32050946 0.94724375
vn 0.00037861263 -0.49024245 0.87158602
vn 0.0017904476 -0.30789083 0.95142001
vn 0.00082015735 -0.13033022 0.99147034
vn 0.001698808 -0.32050946 0.94724375
vn 0.7264539 -0.68721527 -6.6271866e-08
vn 0.52645457 -0.85020334 -5.7841888e-08
vn 0.49268869 -0.87020564 -5.1173085e-08
vn 0.68317074 -0.73025876 -1.7950902e-07
vn 0.99147093 -0.13032503 0.0008280538
vn 0.95141596 -0.30790344 0.001789297
vn 0.94723701 -0.32052988 0.0016557528
vn 0.52645457 -0.85020334 -5.7841888e-08
vn 0.34727761 -0.93776238 4.8930602e-08
vn 0.29769608 -0.95466071 1.2922033e-07
vn 0.49268869 -0.87020564 -5.1173085e-08
vn -0.34694555 -0.93788528 -9.8876178e-08
vn -0.00049565104 -0.99999994 2.593103e-10
vn -0.00049525994 -0.99999994 0
vn -0.34694508 -0.9378854 0
vn -0.52573192 -0.85065043 -5.7847913e-08
vn -0.34694555 -0.93788528 -9.8876178e-08
vn -0.34694508 -0.9378854 0
vn -0.52573198 -0.85065031 0
vn -0.88467336 -0.46621066 0.00075807545
vn -0.72645402 -0.68721503 0
vn -0.7264542 -0.68721485 0
vn -0.88482869 -0.46591535 0.0010388915
vn -0.99147099 -0.13032523 0.00082713977
vn -0.95141596 -0.30790326 0.0017890835
vn -0.95161045 -0.30730227 0.001731671
vn -0.99254858 -0.12184769 0.00070175028
vn 0.7018556 0.0012963917 -0.71231806
vn 0.7054823 0.0014725197 -0.70872605
vn 0.7054798 0.0014747648 -0.70872855
vn 0.70224148 0.0016146917 -0.71193689
vn 0.95141596 -0.30790344 0.001789297
vn 0.88467318 -0.46621111 0.00075815659
vn 0.87157965 -0.49025378 0.00035157794
vn 0.94723701 -0.32052988 0.0016557528
vn 0.88467318 -0.46621111 0.00075815659
vn 0.7264539 -0.68721527 -6.6271866e-08
vn 0.68317074 -0.73025876 -1.7950902e-07
vn 0.87157965 -0.49025378 0.00035157794
vn 0.34727761 -0.93776238 4.8930602e-08
vn -0.00049565104 -0.99999994 2.593103e-10
vn -0.00018679375 -1 7.2710665e-10
vn 0.29769608 -0.95466071 1.2922033e-07
vn -0.72645402 -0.68721503 0
vn -0.52573192 -0.85065043 -5.7847913e-08
vn -0.52573198 -0.85065031 0
vn -0.7264542 -0.68721485 0
vn -0.95141596 -0.30790326 0.0017890835
vn -0.88467336 -0.46621066 0.00075807545
vn -0.88482869 -0.46591535 0.0010388915
vn -0.95161045 -0.30730227 0.001731671
vn 0.7002809 0 -0.71386737
vn 0.7018556 0.0012963917 -0.71231806
vn 0.70224148 0.0016146917 -0.71193689
vn 0.7002809 0 -0.71386737
vn 1.7231389e-07 -0.68636799 -0.72725439
vn -0.00078011263 -0.46405393 -0.88580656
vn -0.00038401698 -0.48760575 -0.87306386
vn 4.6678562e-07 -0.73040545 -0.68301368
vn -0.00078011263 -0.46405393 -0.88580656
vn -0.0017906049 -0.30788785 -0.95142102
vn -0.001707952 -0.32050481 -0.94724548
vn -0.00038401698 -0.48760575 -0.87306386
vn 0 -0.93788511 -0.34694606
vn 1.7040239e-07 -0.85130399 -0.52467269
vn 1.911706e-07 -0.87110472 -0.49109718
vn 0 -0.95456052 -0.29801714
vn -4.9334627e-08 -0.85065001 0.52573246
vn -3.8243098e-07 -0.68721575 0.72645336
vn 0 -0.68721551 0.7264536
vn 0 -0.85064977 0.52573276
vn -0.00078051264 -0.46618816 0.88468534
vn -0.0017905099 -0.30788651 0.95142144
vn -0.0017070173 -0.30728436 0.95161623
vn -0.0010390895 -0.46588919 0.88484251
vn 1.218916e-07 -0.93788499 0.34694606
vn -4.9334627e-08 -0.85065001 0.52573246
vn 0 -0.85064977 0.52573276
vn 0 -0.93788499 0.34694612
vn 0 -1 -4.546923e-07
vn 0 -0.93788511 -0.34694606
vn 0 -0.95456052 -0.29801714
vn 0 -1 5.7559404e-08
vn -0.0017906049 -0.30788785 -0.95142102
vn -0.00081857416 -0.13032958 -0.9914704
vn -0.001707952 -0.32050481 -0.94724548
vn 1.7040239e-07 -0.85130399 -0.52467269
vn 1.7231389e-07 -0.68636799 -0.72725439
vn 4.6678562e-07 -0.73040545 -0.68301368
vn 1.911706e-07 -0.87110472 -0.49109718
vn 0 -1 -4.546923e-07
vn 1.218916e-07 -0.93788499 0.34694606
vn 0 -0.93788499 0.34694612
vn 0 -1 -7.2359637e-07
vn -3.8243098e-07 -0.68721575 0.72645336
vn -0.00078051264 -0.46618816 0.88468534
vn -0.0010390895 -0.46588919 0.88484251
vn 0 -0.68721551 0.7264536
vn -0.0017905099 -0.30788651 0.95142144
vn -0.0008184078 -0.13032857 0.99147052
vn -0.00067694718 -0.12185847 0.99254727
vn -0.0017070173 -0.30728436 0.95161623
vn -0.88448304 -0.46657231 -2.7982392e-07
vn -0.7264536 -0.68721545 7.6575652e-08
vn -0.68317062 -0.73025876 0
vn -0.87155282 -0.49030161 -2.0362809e-07
vn 0.7264536 -0.68721545 0
vn 0.52573204 -0.85065025 7.4281921e-08
vn 0.52573222 -0.85065007 4.2363791e-08
vn 0.72645348 -0.68721551 0
vn 0.95143712 -0.30784324 -2.512526e-07
vn 0.88448304 -0.46657228 -2.5196405e-07
vn 0.88448316 -0.4665722 -2.8342251e-07
vn 0.95143723 -0.30784312 -2.8262187e-07
vn 0.34694615 -0.93788505 1.1400722e-07
vn -2.9823903e-07 -1 -5.1165427e-09
vn -8.1160147e-07 -1 -1.1793209e-08
vn 0.34694648 -0.93788493 4.2446068e-08
vn -0.7264536 -0.68721545 7.6575652e-08
vn -0.52573204 -0.85065025 7.2219791e-08
vn -0.49199423 -0.87059844 -1.3170096e-07
vn -0.68317062 -0.73025876 0
vn -0.9915548 -0.12968789 -4.0082679e-08
vn -0.951437 -0.30784348 -4.1746651e-07
vn -0.94743913 -0.31993613 -5.5290332e-07
vn -0.52573204 -0.85065025 7.2219791e-08
vn -0.34694642 -0.93788499 -4.8144386e-08
vn -0.29880041 -0.9543156 -1.6278398e-07
vn -0.49199423 -0.87059844 -1.3170096e-07
vn -0.951437 -0.30784348 -4.1746651e-07
vn -0.88448304 -0.46657231 -2.7982392e-07
vn -0.87155282 -0.49030161 -2.0362809e-07
vn -0.94743913 -0.31993613 -5.5290332e-07
vn -0.34694642 -0.93788499 -4.8144386e-08
vn -2.9823903e-07 -1 -5.1165427e-09
vn 0.0038290129 -0.99999267 4.0206967e-09
vn -0.29880041 -0.9543156 -1.6278398e-07
vn 0.88448304 -0.46657228 -2.5196405e-07
vn 0.7264536 -0.68721545 0
vn 0.72645348 -0.68721551 0
vn 0.88448316 -0.4665722 -2.8342251e-07
vn 0.99155492 -0.12968765 0
vn 0.95143712 -0.30784324 -2.512526e-07
vn 0.95143723 -0.30784312 -2.8262187e-07
vn 0.99262589 -0.12121746 0
vn 0.52573204 -0.85065025 7.4281921e-08
vn 0.34694615 -0.93788505 1.1400722e-07
vn 0.34694648 -0.93788493 4.2446068e-08
vn 0.52573222 -0.85065007 4.2363791e-08
vn 0 -0.9377622 -0.34727812
vn 0 -0.99999994 0.00049513282
vn 9.997617e-08 -0.99999994 0.00049553858
vn 2.2168713e-07 -0.9377622 -0.34727791
vn -0.29801646 -0.9545607 -3.4259899e-09
vn -0.49164534 -0.87079543 -5.6562325e-08
vn -0.52573204 -0.85065025 -2.6317178e-07
vn -0.34694594 -0.93788511 -2.3639987e-07
vn -0.49164534 -0.87079543 -5.6562325e-08
vn -0.68317062 -0.73025882 -4.8802156e-07
vn -0.7264539 -0.68721515 -2.3571128e-07
vn -0.52573204 -0.85065025 -2.6317178e-07
vn -0.68317062 -0.73025882 -4.8802156e-07
vn -0.8715865 -0.49024165 -0.00037971392
vn -0.88468319 -0.46619198 -0.00077703357
vn -0.7264539 -0.68721515 -2.3571128e-07
vn -0.8715865 -0.49024165 -0.00037971392
vn -0.94819313 -0.31768996 -0.0016727321
vn -0.9522205 -0.30541143 -8.3962868e-06
vn -0.88468319 -0.46619198 -0.00077703357
vn -0.94819313 -0.31768996 -0.0016727321
vn -0.99122232 -0.13207294 0.0059341728
vn -0.9522205 -0.30541143 -8.3962868e-06
vn 5.7559419e-08 -1 -2.4835312e-08
vn 0.29801682 -0.95456064 -1.0684889e-07
vn 0.34694627 -0.93788499 -3.6357751e-08
vn -2.6401489e-07 -1 -1.2417627e-08
vn 3.4912179e-07 -0.87079543 -0.49164554
vn 1.2137141e-07 -0.85065001 -0.5257324
vn 0 -0.68721533 -0.72645372
vn 0 -0.73025882 -0.6831705
vn 0 -0.73025882 -0.6831705
vn 0 -0.68721533 -0.72645372
vn -1.3811265e-07 -0.46657217 -0.88448316
vn -2.0362806e-07 -0.49030149 -0.87155294
vn -2.0362806e-07 -0.49030149 -0.87155294
vn -1.3811265e-07 -0.46657217 -0.88448316
vn -8.3587366e-07 -0.30784318 -0.95143712
vn -1.4722168e-06 -0.31993589 -0.94743913
vn -1.4722168e-06 -0.31993589 -0.94743913
vn -8.3587366e-07 -0.30784318 -0.95143712
vn -2.0214759e-07 -0.1296878 -0.99155486
vn -0.34694657 -0.93788487 0
vn -0.52467269 -0.85130405 0
vn -0.52467281 -0.85130394 -5.4790803e-08
vn -0.34694618 -0.93788505 5.4711407e-08
vn -8.8004967e-08 -1 -1.836094e-07
vn 0.34694591 -0.93788505 3.3042392e-07
vn 0.34694549 -0.93788528 1.910673e-08
vn -1.8089906e-07 -1 -1.9133773e-07
vn -1.3055225e-07 -0.95456046 0.29801735
vn -1.2364838e-07 -0.93788481 0.34694672
vn -1.2340871e-07 -0.85065001 0.52573234
vn -3.5698213e-07 -0.87115574 0.49100679
vn -3.5698213e-07 -0.87115574 0.49100679
vn -1.2340871e-07 -0.85065001 0.52573234
vn 0 -0.68721604 0.72645307
vn 0 -0.72913796 0.68436676
vn 0 -0.72913796 0.68436676
vn 0 -0.68721604 0.72645307
vn 0.00075817987 -0.46621135 0.884673
vn 0.00035529793 -0.48959738 0.87194848
vn 0.00035529793 -0.48959738 0.87194848
vn 0.00075817987 -0.46621135 0.884673
vn 0.0017889147 -0.30790296 0.95141602
vn 0.001656009 -0.32052997 0.94723696
vn 0.001656009 -0.32052997 0.94723696
vn 0.0017889147 -0.30790296 0.95141602
vn 0.00082736945 -0.13032423 0.99147105
vn -4.7966159e-07 -0.99999994 -1.9906591e-07
vn -0.29801646 -0.9545607 -3.4259899e-09
vn -0.34694594 -0.93788511 -2.3639987e-07
vn -1.8089906e-07 -1 -1.9133773e-07
vn 0.49164516 -0.87079567 1.9157521e-07
vn 0.6831696 -0.73025972 1.0063345e-06
vn 0.72645348 -0.68721575 8.9444643e-07
vn 0.52573162 -0.85065049 4.7022152e-07
vn 0.6831696 -0.73025972 1.0063345e-06
vn 0.87158781 -0.4902392 0.00038613655
vn 0.88468546 -0.4661878 0.00078113936
vn 0.72645348 -0.68721575 8.9444643e-07
vn 0.87158781 -0.4902392 0.00038613655
vn 0.94724554 -0.3205041 0.0017092711
vn 0.95142108 -0.30788743 0.0017909255
vn 0.88468546 -0.4661878 0.00078113936
vn 0.94724554 -0.3205041 0.0017092711
vn 0.99147046 -0.13032913 0.00081840577
vn 0.95142108 -0.30788743 0.0017909255
vn 0.29801682 -0.95456064 -1.0684889e-07
vn 0.49164516 -0.87079567 1.9157521e-07
vn 0.52573162 -0.85065049 4.7022152e-07
vn 0.34694627 -0.93788499 -3.6357751e-08
vn 0.88483977 -0.46589419 -0.0010385937
vn 0.9516151 -0.30728781 -0.0017117581
vn 0.95142037 -0.30788976 -0.0017928819
vn 0.88468301 -0.46619239 -0.0007759509
vn 0.5257318 -0.85065031 3.2978323e-07
vn 0.72645336 -0.68721569 0
vn 0.72645342 -0.68721569 6.8260061e-07
vn 0.52573192 -0.85065031 3.6145224e-07
vn 0.9516151 -0.30728781 -0.0017117581
vn 0.99254745 -0.12185665 -0.00068216934
vn 0.99147058 -0.13032812 -0.0008211013
vn 0.95142037 -0.30788976 -0.0017928819
vn 0.72645336 -0.68721569 0
vn 0.88483977 -0.46589419 -0.0010385937
vn 0.88468301 -0.46619239 -0.0007759509
vn 0.72645342 -0.68721569 6.8260061e-07
vn 4.4160146e-07 -0.9545604 -0.29801759
vn 2.2818202e-07 -0.93788499 -0.34694636
vn 1.2137141e-07 -0.85065001 -0.5257324
vn 3.4912179e-07 -0.87079543 -0.49164554
vn 0.0017320235 -0.30730185 -0.95161051
vn 0.0010388943 -0.46591529 -0.88482869
vn 0.00075820164 -0.46621066 -0.88467336
vn 0.001788935 -0.30790299 -0.95141602
vn 0 -0.68721485 -0.7264542
vn 0 -0.8502031 -0.52645475
vn 1.2381847e-07 -0.85020316 -0.52645469
vn 0 -0.68721509 -0.72645396
vn -3.7157659e-07 -1 0
vn -0.34694657 -0.93788487 0
vn -0.34694618 -0.93788505 5.4711407e-08
vn -2.6401489e-07 -1 -1.2417627e-08
vn 0.00070209877 -0.12184719 -0.99254864
vn 0.0017320235 -0.30730185 -0.95161051
vn 0.001788935 -0.30790299 -0.95141602
vn 0.00082737266 -0.13032502 -0.99147093
vn 0.0010388943 -0.46591529 -0.88482869
vn 0 -0.68721485 -0.7264542
vn 0 -0.68721509 -0.72645396
vn 0.00075820164 -0.46621066 -0.88467336
vn 0 -0.8502031 -0.52645475
vn 0 -0.9377622 -0.34727812
vn 2.2168713e-07 -0.9377622 -0.34727791
vn 1.2381847e-07 -0.85020316 -0.52645469
vn -0.95161593 -0.30728516 0.0017079266
vn -0.99254721 -0.1218592 0.00067730725
vn -0.99147034 -0.13032922 0.00081874221
vn -0.95142114 -0.30788749 0.0017908341
vn -0.72725409 -0.68636829 0
vn -0.88596284 -0.46375492 0.0010393877
vn -0.88580638 -0.46405444 0.00078014762
vn -0.72725397 -0.68636835 -1.9138557e-07
vn 0.34694591 -0.93788505 3.3042392e-07
vn 0.5257318 -0.85065031 3.2978323e-07
vn 0.52573192 -0.85065031 3.6145224e-07
vn 0.34694549 -0.93788528 1.910673e-08
vn -0.88596284 -0.46375492 0.0010393877
vn -0.95161593 -0.30728516 0.0017079266
vn -0.95142114 -0.30788749 0.0017908341
vn -0.88580638 -0.46405444 0.00078014762
vn -0.52467269 -0.85130405 0
vn -0.72725409 -0.68636829 0
vn -0.72725397 -0.68636835 -1.9138557e-07
vn -0.52467281 -0.85130394 -5.4790803e-08
vn 2.0020023e-07 -1 0.00018662136
vn 9.997617e-08 -0.99999994 0.00049553858
vn -1.2364838e-07 -0.93788481 0.34694672
vn -1.3055225e-07 -0.95456046 0.29801735
vn -1.8179676e-07 -0.12121772 0.99262595
vn -7.4614098e-07 -0.30784294 0.95143729
vn -3.734275e-07 -0.30784312 0.95143718
vn -1.6841402e-07 -0.12968796 0.99155486
vn -5.6684422e-07 -0.46657202 0.88448322
vn 0 -0.68721581 0.72645336
vn 0 -0.68721575 0.72645342
vn -2.83422e-07 -0.46657208 0.88448316
vn 0 -0.85065031 0.52573186
vn 0 -0.93788499 0.34694642
vn -1.2270888e-07 -0.93788499 0.34694642
vn -1.2247108e-07 -0.85065013 0.5257321
vn 2.2174106e-07 -0.99999267 -0.0038292247
vn 1.0919887e-07 -1 1.2711828e-07
vn 2.2818202e-07 -0.93788499 -0.34694636
vn 4.4160146e-07 -0.9545604 -0.29801759
vn -7.4614098e-07 -0.30784294 0.95143729
vn -5.6684422e-07 -0.46657202 0.88448322
vn -2.83422e-07 -0.46657208 0.88448316
vn -3.734275e-07 -0.30784312 0.95143718
vn 0 -0.68721581 0.72645336
vn 0 -0.85065031 0.52573186
vn -1.2247108e-07 -0.85065013 0.5257321
vn 0 -0.68721575 0.72645342
vn 0 -0.93788499 0.34694642
vn 0 -1 6.5514809e-07
vn 1.0919887e-07 -1 1.2711828e-07
vn -1.2270888e-07 -0.93788499 0.34694642
vn 0.70695305 -0.00021525793 0.70726037
vn 0.71696341 0.0010092969 0.69711012
vn 0.71693593 0.0010099566 0.69713825
vn 0.70695239 -0.00021611262 0.70726115
vn -0.69956988 -0.028053062 0.71401334
vn -0.70369935 -0.011910093 0.71039808
vn -0.7037006 -0.011904983 0.71039689
vn -0.69956988 -0.028053062 0.71401334
vn -0.70815915 -0.0055080745 -0.70603144
vn -0.70714819 0.00095293613 -0.70706469
vn -0.70714796 0.00095048553 -0.70706505
vn -0.7081635 -0.0055180001 -0.70602679
vn -0.71064359 -0.014037209 0.70341206
vn -0.71402031 -0.028074844 0.69956183
vn -0.71402031 -0.028074844 0.69956183
vn -0.71064252 -0.014032874 0.70341319
vn 0.69956082 -0.028083816 -0.71402097
vn 0.70341289 -0.014043479 -0.71064276
vn 0.70341408 -0.014038815 -0.71064156
vn 0.69956082 -0.028083816 -0.71402097
vn -0.70710659 2.4838903e-06 0.70710695
vn -0.71064359 -0.014037209 0.70341206
vn -0.71064252 -0.014032874 0.70341319
vn -0.70710665 2.4844071e-06 0.70710701
vn 0.70608062 -0.00098938425 0.70813072
vn 0.70695305 -0.00021525793 0.70726037
vn 0.70695239 -0.00021611262 0.70726115
vn 0.7060805 -0.00098951778 0.70813078
vn 0.70952266 -0.0090941014 -0.70462394
vn 0.71084285 -0.015995506 -0.70316899
vn 0.71084195 -0.015991999 -0.70316994
vn 0.7095263 -0.0091034761 -0.70462012
vn 0.70341289 -0.014043479 -0.71064276
vn 0.70710802 2.3903019e-07 -0.70710558
vn 0.70710808 2.3891306e-07 -0.70710564
vn 0.70341408 -0.014038815 -0.71064156
vn -0.70714819 0.00095293613 -0.70706469
vn -0.70699698 0.0023071812 -0.70721275
vn -0.70699632 0.0023045563 -0.70721346
vn -0.70714796 0.00095048553 -0.70706505
vn -0.70369935 -0.011910093 0.71039808
vn -0.70442241 0.013498063 0.7096526
vn -0.7044338 0.013465427 0.70964187
vn -0.7037006 -0.011904983 0.71039689
vn -0.70710588 7.1709064e-07 0.70710772
vn -0.70710659 2.4838903e-06 0.70710695
vn -0.70710665 2.4844071e-06 0.70710701
vn -0.70710582 7.1710969e-07 0.70710778
vn 0.70840037 0.0013079171 0.70580953
vn 0.70608062 -0.00098938425 0.70813072
vn 0.7060805 -0.00098951778 0.70813078
vn 0.70840335 0.0013104023 0.70580661
vn 0.71402925 -0.012696968 -0.70000082
vn 0.70952266 -0.0090941014 -0.70462394
vn 0.7095263 -0.0091034761 -0.70462012
vn 0.71404022 -0.012691528 -0.69998956
vn 0.70710802 2.3903019e-07 -0.70710558
vn 0.70710784 8.0612364e-07 -0.70710564
vn 0.70710796 8.0611619e-07 -0.7071057
vn 0.70710808 2.3891306e-07 -0.70710564
vn -0.70699698 0.0023071812 -0.70721275
vn -0.7051568 0.001636527 -0.70904946
vn -0.70515484 0.0016385088 -0.70905143
vn -0.70699632 0.0023045563 -0.70721346
vn -0.70442241 0.013498063 0.7096526
vn -0.71584696 0.0072681517 0.69821936
vn -0.71580017 0.0073182704 0.69826686
vn -0.7044338 0.013465427 0.70964187
vn -0.70710647 -2.6705652e-07 0.70710707
vn -0.70710588 7.1709064e-07 0.70710772
vn -0.70710582 7.1710969e-07 0.70710778
vn -0.70710653 -2.6722827e-07 0.70710707
vn 0.71232033 0.0012955891 0.70185339
vn 0.70840037 0.0013079171 0.70580953
vn 0.70840335 0.0013104023 0.70580661
vn 0.71193898 0.0016136904 0.70223957
vn 0.71414644 -0.0068311109 -0.69996309
vn 0.71402925 -0.012696968 -0.70000082
vn 0.71404022 -0.012691528 -0.69998956
vn 0.71415955 -0.0068549667 -0.69994938
vn 0.70710784 8.0612364e-07 -0.70710564
vn 0.70710778 5.6709354e-07 -0.70710588
vn 0.70710772 5.6672906e-07 -0.70710588
vn 0.70710796 8.0611619e-07 -0.7071057
vn -0.71584696 0.0072681517 0.69821936
vn -0.72094929 -0.0029373241 0.6929816
vn -0.72087371 -0.0028942276 0.69306046
vn -0.71580017 0.0073182704 0.69826686
vn -0.7051568 0.001636527 -0.70904946
vn -0.70185447 0.001295266 -0.7123192
vn -0.70224065 0.001613288 -0.71193784
vn -0.70515484 0.0016385088 -0.70905143
vn -0.64424682 -0.41218022 -0.6442464
vn -0.69736218 -0.1654527 -0.69736022
vn -0.69736224 -0.16545269 -0.69736034
vn -0.64424682 -0.41218027 -0.6442464
vn -0.56896365 -0.59376848 -0.56896341
vn -0.64424682 -0.41218022 -0.6442464
vn -0.64424682 -0.41218027 -0.6442464
vn -0.56896371 -0.59376836 -0.56896353
vn -0.42859358 -0.79537177 -0.42859229
vn -0.56896365 -0.59376848 -0.56896341
vn -0.56896371 -0.59376836 -0.56896353
vn -0.42859367 -0.79537165 -0.42859241
vn -0.28375414 -0.91595173 -0.28375345
vn -0.42859358 -0.79537177 -0.42859229
vn -0.42859367 -0.79537165 -0.42859241
vn -0.28375408 -0.91595179 -0.2837534
vn -0.18050794 -0.96684915 -0.18060923
vn -0.28375414 -0.91595173 -0.28375345
vn -0.28375408 -0.91595179 -0.2837534
vn -0.18050791 -0.96684921 -0.18060918
vn 0.69736135 -0.16545245 -0.69736135
vn 0.64424592 -0.41218054 -0.64424717
vn 0.64424598 -0.41218022 -0.64424729
vn 0.69736123 -0.16545251 -0.69736129
vn 0.64424592 -0.41218054 -0.64424717
vn 0.56896263 -0.59376895 -0.56896394
vn 0.56896251 -0.59376901 -0.56896389
vn 0.64424598 -0.41218022 -0.64424729
vn 0.56896263 -0.59376895 -0.56896394
vn 0.4285889 -0.79537702 -0.42858735
vn 0.42859566 -0.79536968 -0.42859417
vn 0.56896251 -0.59376901 -0.56896389
vn 0.4285889 -0.79537702 -0.42858735
vn 0.28339842 -0.91586667 -0.28438261
vn 0.28337473 -0.91588128 -0.2843594
vn 0.42859566 -0.79536968 -0.42859417
vn 0.28339842 -0.91586667 -0.28438261
vn 0.18009922 -0.96673018 -0.18165089
vn 0.17955227 -0.96693528 -0.18109977
vn 0.28337473 -0.91588128 -0.2843594
vn -0.64423907 -0.41219717 0.6442433
vn -0.69736207 -0.1654526 0.69736046
vn -0.69736201 -0.16545263 0.6973604
vn -0.64424515 -0.41217849 0.64424938
vn -0.57061183 -0.59313327 0.56797445
vn -0.64423907 -0.41219717 0.6442433
vn -0.64424515 -0.41217849 0.64424938
vn -0.57057935 -0.59319735 0.56794012
vn -0.43155572 -0.79458863 0.42706972
vn -0.57061183 -0.59313327 0.56797445
vn -0.57057935 -0.59319735 0.56794012
vn -0.43059367 -0.79562175 0.42611629
vn -0.2801553 -0.91528451 0.28942585
vn -0.43155572 -0.79458863 0.42706972
vn -0.43059367 -0.79562175 0.42611629
vn -0.27972904 -0.91551638 0.28910431
vn -0.16964494 -0.96767616 0.18661071
vn -0.2801553 -0.91528451 0.28942585
vn -0.27972904 -0.91551638 0.28910431
vn -0.17544816 -0.96539956 0.19292927
vn 0.18009922 -0.96673018 -0.18165089
vn 0.1230382 -0.98460501 -0.12415566
vn 0.1230382 -0.98460501 -0.12415566
vn 0.17955227 -0.96693528 -0.18109977
vn -0.11616636 -0.98489833 0.12837647
vn -0.16964494 -0.96767616 0.18661071
vn -0.17544816 -0.96539956 0.19292927
vn -0.11616636 -0.98489833 0.12837647
vn 0.64420003 -0.41227755 0.64423084
vn 0.69736183 -0.16545247 0.69736075
vn 0.69736177 -0.16545236 0.69736075
vn 0.64424169 -0.41214743 0.64427257
vn 0.5611335 -0.5908016 0.57972634
vn 0.64420003 -0.41227755 0.64423084
vn 0.64424169 -0.41214743 0.64427257
vn 0.5617587 -0.58979052 0.58015019
vn 0.41708854 -0.79063129 0.44826251
vn 0.5611335 -0.5908016 0.57972634
vn 0.5617587 -0.58979052 0.58015019
vn 0.41174269 -0.79661566 0.44257379
vn 0.27657411 -0.91651165 0.28898636
vn 0.41708854 -0.79063129 0.44826251
vn 0.41174269 -0.79661566 0.44257379
vn 0.27628171 -0.91672039 0.28860378
vn 0.18051641 -0.96684539 0.1806208
vn 0.27657411 -0.91651165 0.28898636
vn 0.27628171 -0.91672039 0.28860378
vn 0.18046275 -0.9668653 0.18056723
vn -0.12364759 -0.98456717 -0.12385016
vn -0.18050794 -0.96684915 -0.18060923
vn -0.18050791 -0.96684921 -0.18060918
vn -0.12364759 -0.98456717 -0.12385016
vn 0.12361059 -0.98457766 0.12380351
vn 0.18051641 -0.96684539 0.1806208
vn 0.18046275 -0.9668653 0.18056723
vn 0.12361059 -0.98457766 0.12380351
vn 0.71084285 -0.015995506 -0.70316899
vn 0.71394932 -0.027774267 -0.69964641
vn 0.71394932 -0.027774267 -0.69964641
vn 0.71084195 -0.015991999 -0.70316994
vn 0.7054804 0.0014739485 0.7087279
vn 0.70185339 0.0012962393 0.71232027
vn 0.70223945 0.0016145 0.71193898
vn 0.70547789 0.0014761881 0.70873034
vn -0.71195292 -0.022075705 -0.70187998
vn -0.70815915 -0.0055080745 -0.70603144
vn -0.7081635 -0.0055180001 -0.70602679
vn -0.71194088 -0.022005839 -0.7018944
vn -0.70872498 0.0014724026 -0.70548326
vn -0.70710784 -7.8026709e-08 -0.70710582
vn -0.70710784 -7.8320333e-08 -0.7071057
vn -0.70872748 0.0014746432 -0.70548075
vn 0.71696341 0.0010092969 0.69711012
vn 0.70470423 -0.0078540705 0.7094577
vn 0.70460892 -0.0078929346 0.70955199
vn 0.71693593 0.0010099566 0.69713825
vn -0.7036202 -0.013137503 -0.71045476
vn -0.70109349 -0.027786635 -0.71252787
vn -0.70109349 -0.027786635 -0.71252787
vn -0.7036199 -0.013139565 -0.71045512
vn 0.70710433 5.3411134e-07 0.70710933
vn 0.7054804 0.0014739485 0.7087279
vn 0.70547789 0.0014761881 0.70873034
vn 0.70710433 5.3445444e-07 0.70710933
vn 0.71404421 -0.028778013 0.69950897
vn 0.71077019 -0.014812793 0.70326829
vn 0.71076757 -0.014801974 0.70327115
vn 0.71404421 -0.028778013 0.69950897
vn -0.70710784 -7.8026709e-08 -0.70710582
vn -0.70718229 0.00014384194 -0.70703119
vn -0.70718235 0.00014384651 -0.70703119
vn -0.70710784 -7.8320333e-08 -0.7071057
vn -0.71419823 -0.035434615 -0.69904596
vn -0.71195292 -0.022075705 -0.70187998
vn -0.71194088 -0.022005839 -0.7018944
vn -0.71419823 -0.035434615 -0.69904596
vn 0.70470423 -0.0078540705 0.7094577
vn 0.68303001 -0.016545253 0.73020303
vn 0.68303001 -0.016545253 0.73020303
vn 0.70460892 -0.0078929346 0.70955199
vn 0.70718336 -0.00014389357 0.70703018
vn 0.70710433 5.3411134e-07 0.70710933
vn 0.70710433 5.3445444e-07 0.70710933
vn 0.70718336 -0.00014389756 0.70703024
vn -0.70718229 0.00014384194 -0.70703119
vn -0.70662296 0.00089751545 -0.70758969
vn -0.70662272 0.00089771935 -0.70758992
vn -0.70718235 0.00014384651 -0.70703119
vn -0.71100551 0.0026277609 0.70318145
vn -0.71232194 0.0012963925 0.70185179
vn -0.71194053 0.0016147096 0.7022379
vn -0.71100456 0.0026282398 0.70318246
vn 0.70872563 0.0014728559 -0.70548272
vn 0.71231908 0.0012957494 -0.70185459
vn 0.71193773 0.0016138901 -0.70224082
vn 0.70872813 0.0014750991 -0.70548028
vn 0.70729953 -0.00056262343 0.70691383
vn 0.70718336 -0.00014389357 0.70703018
vn 0.70718336 -0.00014389756 0.70703024
vn 0.70729947 -0.00056281663 0.70691383
vn 0.70185322 0.0012957562 -0.71232051
vn 0.70775491 0.00032848067 -0.70645791
vn 0.70774913 0.0003323839 -0.70646375
vn 0.70223927 0.0016138989 -0.7119391
vn -0.70662296 0.00089751545 -0.70758969
vn -0.7036202 -0.013137503 -0.71045476
vn -0.7036199 -0.013139565 -0.71045512
vn -0.70662272 0.00089771935 -0.70758992
vn -0.72094929 -0.0029373241 0.6929816
vn -0.71100551 0.0026277609 0.70318145
vn -0.71100456 0.0026282398 0.70318246
vn -0.72087371 -0.0028942276 0.69306046
vn 0.71077019 -0.014812793 0.70326829
vn 0.70729953 -0.00056262343 0.70691383
vn 0.70729947 -0.00056281663 0.70691383
vn 0.71076757 -0.014801974 0.70327115
vn 0.70710778 5.6709354e-07 -0.70710588
vn 0.70872563 0.0014728559 -0.70548272
vn 0.70872813 0.0014750991 -0.70548028
vn 0.70710772 5.6672906e-07 -0.70710588
vn 0.70775491 0.00032848067 -0.70645791
vn 0.71414644 -0.0068311109 -0.69996309
vn 0.71415955 -0.0068549667 -0.69994938
vn 0.70774913 0.0003323839 -0.70646375
vn -0.7055251 0.0014633065 0.70868331
vn -0.70710647 -2.6705652e-07 0.70710707
vn -0.70710653 -2.6722827e-07 0.70710707
vn -0.70551777 0.0014700911 0.7086907
vn -0.70550954 0.00010553079 -0.70870036
vn -0.70550954 0.00010553079 -0.70870036
vn -0.70551044 0.0001035973 -0.70869952
vn -0.7055105 0.00010359833 -0.70869958
vn 0.70097709 -0.0081841433 0.71313679
vn 0.70097709 -0.0081841433 0.71313679
vn 0.69956309 -0.0014390475 0.71456945
vn 0.69956291 -0.0014381828 0.71456957
vn 0.70743316 -1.4734949e-05 -0.70678014
vn 0.70743316 -1.4734949e-05 -0.70678014
vn 0.70743269 -1.6777802e-05 -0.70678079
vn 0.70743257 -1.6777694e-05 -0.70678073
vn -0.00088434032 -0.67106289 0.74139982
vn -0.00088345021 -0.67198247 0.74056661
vn -0.00096886395 -0.5705933 0.82123226
vn -0.81381321 -0.58112454 -0.0014843306
vn -0.81464124 -0.57996351 -0.0014444909
vn -0.77859575 -0.62752444 -0.0013827273
vn -0.73611557 -0.67685455 -0.0013403211
vn 0.0012729098 -0.58022034 -0.81445849
vn -0.00082022452 -0.67818379 -0.73489171
vn -0.0014291611 -0.70476156 -0.70944291
vn 0.81397575 -0.58089763 0.0011835049
vn 0.73510861 -0.67794847 0.0010572223
vn 0.73527163 -0.67777175 0.0010574813
vn -0.0014291611 -0.70476156 -0.70944291
vn -0.00082022452 -0.67818379 -0.73489171
vn -0.0032040654 -0.77720076 -0.62924463
vn -0.0032040654 -0.77720076 -0.62924463
vn 0.69956291 -0.0014381828 0.71456957
vn 0.69956309 -0.0014390475 0.71456945
vn 0.69661528 0.012122181 0.71734244
vn -0.70708126 1.9037145e-05 0.70713222
vn -0.70708132 1.9033176e-05 0.70713222
vn -0.70707792 2.1374259e-05 0.70713574
vn -0.7055105 0.00010359833 -0.70869958
vn -0.70551044 0.0001035973 -0.70869952
vn -0.70551223 9.9709854e-05 -0.70869774
vn -0.70551223 9.9709854e-05 -0.70869774
vn 0.70743257 -1.6777694e-05 -0.70678073
vn 0.70743269 -1.6777802e-05 -0.70678079
vn 0.7074315 -2.088524e-05 -0.70678192
vn -0.00088434032 -0.67106289 0.74139982
vn -0.00076870888 -0.77324408 0.63410795
vn -0.00088345021 -0.67198247 0.74056661
vn -0.77859575 -0.62752444 -0.0013827273
vn -0.81464124 -0.57996351 -0.0014444909
vn -0.81644619 -0.57742 -0.0013573503
vn 0.73510861 -0.67794847 0.0010572223
vn 0.6309377 -0.77583289 0.00089271757
vn 0.73527163 -0.67777175 0.0010574813
vn -0.77859575 -0.62752444 -0.0013827273
vn -0.63335103 -0.77386379 -0.0011503005
vn -0.73611557 -0.67685455 -0.0013403211
vn -0.99230605 -0.12363444 0.0065688593
vn -0.99122232 -0.13207294 0.0059341728
vn -0.99994648 -0.0073163016 0.0073168906
vn -0.99994648 -0.0073163016 0.0073168906
vn 0.71232033 0.0012955891 0.70185339
vn 0.71193898 0.0016136904 0.70223957
vn 0.71387082 0 0.70027745
vn 0.71387082 0 0.70027745
vn -2.0214759e-07 -0.1296878 -0.99155486
vn 0 -0.12121756 -0.99262595
vn 0 0 -1
vn 0 0 -1
vn -1.8179676e-07 -0.12121772 0.99262595
vn -1.6841402e-07 -0.12968796 0.99155486
vn 0 0 1
vn 0 0 1
vn 0.70223945 0.0016145 0.71193898
vn 0.70185339 0.0012962393 0.71232027
vn 0.70027781 0 0.71387041
vn 0.70027781 0 0.71387041
vn -0.99147034 -0.13032922 0.00081874221
vn -0.99254721 -0.1218592 0.00067730725
vn -1 0 0
vn -1 0 0
vn 0.69736177 -0.16545236 0.69736075
vn 0.69736183 -0.16545247 0.69736075
vn 0.70710838 0 0.70710522
vn 0.70710838 0 0.70710522
vn 0.71193773 0.0016138901 -0.70224082
vn 0.71231908 0.0012957494 -0.70185459
vn 0.71386945 0 -0.70027876
vn 0.71386945 0 -0.70027876
vn -0.70224065 0.001613288 -0.71193784
vn -0.70185447 0.001295266 -0.7123192
vn -0.70027882 0 -0.71386945
vn -0.70027882 0 -0.71386945
vn 0.99254721 -0.1218591 0.00067694555
vn 0.99147046 -0.13032913 0.00081840577
vn 1 0 0
vn 1 0 0
vn 0.69736135 -0.16545245 -0.69736135
vn 0.69736123 -0.16545251 -0.69736129
vn 0.70710731 0 -0.70710629
vn 0.70710731 0 -0.70710629
vn -0.71194053 0.0016147096 0.7022379
vn -0.71232194 0.0012963925 0.70185179
vn -0.71387219 0 0.70027596
vn -0.71387219 0 0.70027596
vn 0.00082736945 -0.13032423 0.99147105
vn 0.000702099 -0.12184703 0.99254864
vn 0 0 1
vn 0 0 1
vn -0.69736201 -0.16545263 0.6973604
vn -0.69736207 -0.1654526 0.69736046
vn -0.70710731 0 0.70710629
vn -0.70710731 0 0.70710629
vn 0.99147058 -0.13032812 -0.0008211013
vn 0.99254745 -0.12185665 -0.00068216934
vn 1 0 0
vn 1 0 0
vn -0.69736224 -0.16545269 -0.69736034
vn -0.69736218 -0.1654527 -0.69736022
vn -0.70710784 0 -0.70710576
vn -0.70710784 0 -0.70710576
vn 0.00070209877 -0.12184719 -0.99254864
vn 0.00082737266 -0.13032502 -0.99147093
vn 0 0 -1
vn 0 0 -1
vn 0.70185322 0.0012957562 -0.71232051
vn 0.70223927 0.0016138989 -0.7119391
vn 0.70027739 0 -0.71387082
vn 0.70027739 0 -0.71387082
vn -0.70708305 1.7868544e-05 0.70713049
vn -0.70708305 1.7868544e-05 0.70713049
vn -0.70708132 1.9033176e-05 0.70713222
vn -0.70708126 1.9037145e-05 0.70713222
vn -0.34694594 -0.93788511 -2.3639987e-07
vn -0.52573204 -0.85065025 -2.6317178e-07
vn -0.52573216 -0.85065019 -3.2978278e-07
vn -0.34694618 -0.93788505 -5.0962041e-07
vn -0.7264539 -0.68721515 -2.3571128e-07
vn -0.88468319 -0.46619198 -0.00077703357
vn -0.88484007 -0.46589383 -0.0010391455
vn -0.72645396 -0.68721515 0
vn -0.9522205 -0.30541143 -8.3962868e-06
vn -0.99122232 -0.13207294 0.0059341728
vn -0.99230605 -0.12363444 0.0065688593
vn -0.95214933 -0.30562758 0.0018619682
vn -0.7018823 0.0012874854 0.71229184
vn -0.7055251 0.0014633065 0.70868331
vn -0.70551777 0.0014700911 0.7086907
vn -0.70228159 0.001608704 0.71189737
vn 0.52573192 -0.85065031 3.6145224e-07
vn 0.72645342 -0.68721569 6.8260061e-07
vn 0.68317026 -0.73025912 1.2471683e-06
vn 0.49164528 -0.87079555 1.1312447e-07
vn 0.72645342 -0.68721569 6.8260061e-07
vn 0.88468301 -0.46619239 -0.0007759509
vn 0.87158608 -0.49024242 -0.00037797503
vn 0.68317026 -0.73025912 1.2471683e-06
vn -0.70027858 0 0.71386969
vn -0.7018823 0.0012874854 0.71229184
vn -0.70228159 0.001608704 0.71189737
vn -0.70027858 0 0.71386969
vn -0.52573204 -0.85065025 -2.6317178e-07
vn -0.7264539 -0.68721515 -2.3571128e-07
vn -0.72645396 -0.68721515 0
vn -0.52573216 -0.85065019 -3.2978278e-07
vn -0.88468319 -0.46619198 -0.00077703357
vn -0.9522205 -0.30541143 -8.3962868e-06
vn -0.95214933 -0.30562758 0.0018619682
vn -0.88484007 -0.46589383 -0.0010391455
vn 0.34694549 -0.93788528 1.910673e-08
vn 0.52573192 -0.85065031 3.6145224e-07
vn 0.49164528 -0.87079555 1.1312447e-07
vn 0.29801592 -0.95456094 -3.1431406e-07
vn -1.8089906e-07 -1 -1.9133773e-07
vn 0.34694549 -0.93788528 1.910673e-08
vn 0.29801592 -0.95456094 -3.1431406e-07
vn -4.7966159e-07 -0.99999994 -1.9906591e-07
vn -1.8089906e-07 -1 -1.9133773e-07
vn -0.34694594 -0.93788511 -2.3639987e-07
vn -0.34694618 -0.93788505 -5.0962041e-07
vn -8.8004967e-08 -1 -1.836094e-07
vn 0.88468301 -0.46619239 -0.0007759509
vn 0.95142037 -0.30788976 -0.0017928819
vn 0.94724417 -0.32050833 -0.0017030948
vn 0.87158608 -0.49024242 -0.00037797503
vn 0.95142037 -0.30788976 -0.0017928819
vn 0.99147058 -0.13032812 -0.0008211013
vn 0.94724417 -0.32050833 -0.0017030948
vn 0 -0.68721509 -0.72645396
vn 1.2381847e-07 -0.85020316 -0.52645469
vn 3.562389e-07 -0.87020546 -0.49268916
vn 0 -0.73025882 -0.68317056
vn 0.00082737266 -0.13032502 -0.99147093
vn 0.001788935 -0.30790299 -0.95141602
vn 0.0016563684 -0.3205294 -0.94723719
vn 1.2381847e-07 -0.85020316 -0.52645469
vn 2.2168713e-07 -0.9377622 -0.34727791
vn 4.1780635e-07 -0.95466083 -0.29769599
vn 3.562389e-07 -0.87020546 -0.49268916
vn -1.2364838e-07 -0.93788481 0.34694672
vn 9.997617e-08 -0.99999994 0.00049553858
vn 0 -0.99999994 0.00049513282
vn 0 -0.93788475 0.34694695
vn -1.2340871e-07 -0.85065001 0.52573234
vn -1.2364838e-07 -0.93788481 0.34694672
vn 0 -0.93788475 0.34694695
vn 0 -0.85065007 0.5257324
vn 0.00075817987 -0.46621135 0.884673
vn 0 -0.68721604 0.72645307
vn 0 -0.68721628 0.72645289
vn 0.0010391554 -0.46591586 0.88482839
vn 0.00082736945 -0.13032423 0.99147105
vn 0.0017889147 -0.30790296 0.95141602
vn 0.0017322806 -0.30730134 0.95161062
vn 0.000702099 -0.12184703 0.99254864
vn -0.71231735 0.0012955845 -0.70185632
vn -0.70872498 0.0014724026 -0.70548326
vn -0.70872748 0.0014746432 -0.70548075
vn -0.71193582 0.0016136846 -0.70224261
vn 0.001788935 -0.30790299 -0.95141602
vn 0.00075820164 -0.46621066 -0.88467336
vn 0.00035202465 -0.49025327 -0.87157995
vn 0.0016563684 -0.3205294 -0.94723719
vn 0.00075820164 -0.46621066 -0.88467336
vn 0 -0.68721509 -0.72645396
vn 0 -0.73025882 -0.68317056
vn 0.00035202465 -0.49025327 -0.87157995
vn 2.2168713e-07 -0.9377622 -0.34727791
vn 9.997617e-08 -0.99999994 0.00049553858
vn 2.0020023e-07 -1 0.00018662136
vn 4.1780635e-07 -0.95466083 -0.29769599
vn 0 -0.68721604 0.72645307
vn -1.2340871e-07 -0.85065001 0.52573234
vn 0 -0.85065007 0.5257324
vn 0 -0.68721628 0.72645289
vn 0.0017889147 -0.30790296 0.95141602
vn 0.00075817987 -0.46621135 0.884673
vn 0.0010391554 -0.46591586 0.88482839
vn 0.0017322806 -0.30730134 0.95161062
vn -0.71386808 0 -0.70028019
vn -0.71231735 0.0012955845 -0.70185632
vn -0.71193582 0.0016136846 -0.70224261
vn -0.71386808 0 -0.70028019
vn -0.72725397 -0.68636835 -1.9138557e-07
vn -0.88580638 -0.46405444 0.00078014762
vn -0.87306315 -0.48760682 0.00038375435
vn -0.6830135 -0.73040575 -3.6843056e-07
vn -0.88580638 -0.46405444 0.00078014762
vn -0.95142114 -0.30788749 0.0017908341
vn -0.94724554 -0.32050416 0.0017079527
vn -0.87306315 -0.48760682 0.00038375435
vn -0.34694618 -0.93788505 5.4711407e-08
vn -0.52467281 -0.85130394 -5.4790803e-08
vn -0.49109712 -0.87110484 -8.1528677e-09
vn -0.29801685 -0.95456052 1.0340694e-07
vn 0.52573162 -0.85065049 4.7022152e-07
vn 0.72645348 -0.68721575 8.9444643e-07
vn 0.72645372 -0.68721527 6.0472536e-07
vn 0.5257318 -0.85065031 5.984632e-07
vn 0.88468546 -0.4661878 0.00078113936
vn 0.95142108 -0.30788743 0.0017909255
vn 0.95161581 -0.30728555 0.0017070144
vn 0.88484263 -0.46588883 0.001039088
vn 0.34694627 -0.93788499 -3.6357751e-08
vn 0.52573162 -0.85065049 4.7022152e-07
vn 0.5257318 -0.85065031 5.984632e-07
vn 0.34694657 -0.93788487 0
vn -2.6401489e-07 -1 -1.2417627e-08
vn -0.34694618 -0.93788505 5.4711407e-08
vn -0.29801685 -0.95456052 1.0340694e-07
vn 5.7559419e-08 -1 -2.4835312e-08
vn -0.95142114 -0.30788749 0.0017908341
vn -0.99147034 -0.13032922 0.00081874221
vn -0.94724554 -0.32050416 0.0017079527
vn -0.52467281 -0.85130394 -5.4790803e-08
vn -0.72725397 -0.68636835 -1.9138557e-07
vn -0.6830135 -0.73040575 -3.6843056e-07
vn -0.49109712 -0.87110484 -8.1528677e-09
vn -2.6401489e-07 -1 -1.2417627e-08
vn 0.34694627 -0.93788499 -3.6357751e-08
vn 0.34694657 -0.93788487 0
vn -3.7157659e-07 -1 0
vn 0.72645348 -0.68721575 8.9444643e-07
vn 0.88468546 -0.4661878 0.00078113936
vn 0.88484263 -0.46588883 0.001039088
vn 0.72645372 -0.68721527 6.0472536e-07
vn 0.95142108 -0.30788743 0.0017909255
vn 0.99147046 -0.13032913 0.00081840577
vn 0.99254721 -0.1218591 0.00067694555
vn 0.95161581 -0.30728555 0.0017070144
vn -2.83422e-07 -0.46657208 0.88448316
vn 0 -0.68721575 0.72645342
vn 0 -0.73025906 0.68317026
vn 0 -0.49030149 0.87155282
vn 0 -0.68721533 -0.72645372
vn 1.2137141e-07 -0.85065001 -0.5257324
vn 0 -0.85064995 -0.52573258
vn 0 -0.68721539 -0.72645366
vn -8.3587366e-07 -0.30784318 -0.95143712
vn -1.3811265e-07 -0.46657217 -0.88448316
vn 0 -0.46657199 -0.88448322
vn 0 -0.30784312 -0.95143718
vn 2.2818202e-07 -0.93788499 -0.34694636
vn 1.0919887e-07 -1 1.2711828e-07
vn 0 -1 6.5514809e-07
vn 0 -0.93788505 -0.3469463
vn 0 -0.68721575 0.72645342
vn -1.2247108e-07 -0.85065013 0.5257321
vn -3.5120277e-07 -0.87059844 0.49199435
vn 0 -0.73025906 0.68317026
vn -1.6841402e-07 -0.12968796 0.99155486
vn -3.734275e-07 -0.30784312 0.95143718
vn 0 -0.31993565 0.94743937
vn -1.2247108e-07 -0.85065013 0.5257321
vn -1.2270888e-07 -0.93788499 0.34694642
vn -1.3140327e-07 -0.95431548 0.29880071
vn -3.5120277e-07 -0.87059844 0.49199435
vn -3.734275e-07 -0.30784312 0.95143718
vn -2.83422e-07 -0.46657208 0.88448316
vn 0 -0.49030149 0.87155282
vn 0 -0.31993565 0.94743937
vn -1.2270888e-07 -0.93788499 0.34694642
vn 1.0919887e-07 -1 1.2711828e-07
vn 2.2174106e-07 -0.99999267 -0.0038292247
vn -1.3140327e-07 -0.95431548 0.29880071
vn -1.3811265e-07 -0.46657217 -0.88448316
vn 0 -0.68721533 -0.72645372
vn 0 -0.68721539 -0.72645366
vn 0 -0.46657199 -0.88448322
vn -2.0214759e-07 -0.1296878 -0.99155486
vn -8.3587366e-07 -0.30784318 -0.95143712
vn 0 -0.30784312 -0.95143718
vn 0 -0.12121756 -0.99262595
vn 1.2137141e-07 -0.85065001 -0.5257324
vn 2.2818202e-07 -0.93788499 -0.34694636
vn 0 -0.93788505 -0.3469463
vn 0 -0.85064995 -0.52573258
vn -1 3.1659781e-07 0
vn -1 0 0
vn -1 0 0
vn 9.0812797e-08 -5.0851094e-07 -1
vn 0 -5.9081788e-07 -1
vn 0 -1.9120716e-07 -1
vn 1 4.1289884e-08 1.0057069e-07
vn 0.99999994 -3.9018119e-08 5.0148746e-08
vn 0.99999994 -3.2349581e-09 2.2583434e-08
vn 1.550754e-07 6.4351252e-07 -1
vn 2.2608259e-07 -2.865182e-07 -1
vn 1.9898877e-07 2.0555871e-07 -0.99999994
vn 1 -9.8133007e-08 3.0378101e-07
vn 1 5.5609041e-07 0
vn 1 -1.7276204e-07 6.0051104e-07
vn -2.8920005e-07 1.1644715e-07 1
vn -1.1376415e-07 8.5657894e-07 1
vn -1.2017111e-07 3.4627564e-07 0.99999994
vn 1 1.9686732e-08 1.0057072e-07
vn 1 -3.9018104e-08 5.0148763e-08
vn 0.99999994 -2.8668536e-09 3.2841449e-08
vn 0 -2.1121266e-06 1
vn 0 -1.5806055e-06 1
vn 0 8.2435622e-07 1
vn -1 -4.1222169e-08 -1.2759874e-08
vn -1 -1.6506088e-07 0
vn -1 9.0143779e-08 -1.7523261e-07
vn -1 2.9299636e-09 1.9029582e-07
vn -1 -3.6064537e-07 6.6030474e-08
vn -1 4.0340126e-08 -1.0380258e-08
vn -1 0 -2.5522719e-09
vn -1 0 -2.139129e-10
vn -1 0 -2.1391253e-10
vn -1 0 -2.139129e-10
vn -1 0 0
vn -1 0 -2.1391253e-10
vn -1 0 0
vn -1 0 0
vn -1 -2.2715405e-07 0
vn -1 -2.2715405e-07 0
vn -1 -1.508664e-07 8.6578773e-08
vn -1 1.2907714e-07 2.9858274e-08
vn -1 -1.508664e-07 8.6578773e-08
vn -1 0 5.9605236e-06
vn -0.99999994 1.6704334e-08 5.0300599e-07
vn -1 1.2907714e-07 2.9858274e-08
vn -1 -1.508664e-07 8.6578773e-08
vn -0.99999994 1.6704334e-08 5.0300599e-07
vn -0.99999994 1.6704334e-08 5.0300599e-07
vn -1 -2.091695e-08 4.1750224e-07
vn -1 1.2907714e-07 2.9858274e-08
vn -1 -2.091695e-08 4.1750224e-07
vn -1 0 5.9605236e-06
vn -1 1.2907714e-07 2.9858274e-08
vn -1 1.2907714e-07 2.9858274e-08
vn -1 3.1659781e-07 0
vn -1 -2.2715405e-07 0
vn -1 3.1659781e-07 0
vn -0.99999994 0 0
vn -1 0 0
vn -1 0 0
vn -1 0 -2.1391253e-10
vn -1 0 0
vn -1 3.1659781e-07 0
vn -1 0 0
vn -1 -2.2715405e-07 0
vn 0 -7.9473721e-06 -0.99999994
vn 0 -3.8075387e-07 -0.99999994
vn 9.0812797e-08 -5.0851094e-07 -1
vn 0 -3.8075387e-07 -0.99999994
vn 0 1.6279104e-07 -0.99999994
vn 0 -5.9081788e-07 -1
vn 9.0812797e-08 -5.0851094e-07 -1
vn 0 -3.8075387e-07 -0.99999994
vn 0 -5.9081788e-07 -1
vn 0 1.6279104e-07 -0.99999994
vn 0 5.9604704e-06 -1
vn 0 -4.9613559e-06 -0.99999994
vn 0 -4.9613559e-06 -0.99999994
vn 0 -5.9081788e-07 -1
vn 0 1.6279104e-07 -0.99999994
vn 0 -5.9081788e-07 -1
vn 0 -3.973686e-06 -0.99999994
vn 0 -1.9120716e-07 -1
vn 0 -1.9120716e-07 -1
vn 9.4273418e-08 0 -1
vn 9.0812797e-08 -5.0851094e-07 -1
vn 9.4273418e-08 0 -1
vn 0 0 -1
vn 1.3242088e-07 -1.338003e-08 -1
vn 1.3242088e-07 -1.338003e-08 -1
vn 1.2558117e-07 -1.0407293e-07 -1
vn 1.4056261e-07 -6.0177449e-08 -1
vn 1.2558117e-07 -1.0407293e-07 -1
vn 0 0 -1
vn 1.4056261e-07 -6.0177449e-08 -1
vn 1.4056261e-07 -6.0177449e-08 -1
vn 9.0812797e-08 -5.0851094e-07 -1
vn 9.4273418e-08 0 -1
vn 1.3242088e-07 -1.338003e-08 -1
vn 1.4056261e-07 -6.0177449e-08 -1
vn 9.4273418e-08 0 -1
vn 1 -2.2252735e-07 1.4420709e-10
vn 1 7.1891044e-08 1.9757547e-07
vn 0.99999994 -3.2349581e-09 2.2583434e-08
vn 1 7.1891044e-08 1.9757547e-07
vn 0.99999994 0 0
vn 1 4.1289884e-08 1.0057069e-07
vn 0.99999994 -3.2349581e-09 2.2583434e-08
vn 1 7.1891044e-08 1.9757547e-07
vn 1 4.1289884e-08 1.0057069e-07
vn 1 4.1289884e-08 1.0057069e-07
vn 1 1.3188412e-07 1.1227601e-07
vn 0.99999994 -3.9018119e-08 5.0148746e-08
vn 1 1.3188412e-07 1.1227601e-07
vn 1 0 2.9802795e-06
vn 1 1.8614554e-07 3.2671949e-07
vn 1 1.8614554e-07 3.2671949e-07
vn 0.99999994 1.673347e-07 -5.2208952e-07
vn 1 9.7627641e-08 -6.8286482e-08
vn 0.99999994 1.673347e-07 -5.2208952e-07
vn 1 0 -5.9605236e-06
vn 1 9.7627641e-08 -6.8286482e-08
vn 1 9.7627641e-08 -6.8286482e-08
vn 0.99999994 -3.9018119e-08 5.0148746e-08
vn 1 1.3188412e-07 1.1227601e-07
vn 1 1.8614554e-07 3.2671949e-07
vn 1 9.7627641e-08 -6.8286482e-08
vn 1 1.3188412e-07 1.1227601e-07
vn 0.99999994 -3.9018119e-08 5.0148746e-08
vn 1 0 0
vn 0.99999994 -3.2349581e-09 2.2583434e-08
vn 0.99999994 -3.2349581e-09 2.2583434e-08
vn 0.99999994 5.4609399e-07 2.3383726e-09
vn 1 -2.2252735e-07 1.4420709e-10
vn 0.99999994 5.4609399e-07 2.3383726e-09
vn 1 0 0
vn 1 -2.2252735e-07 1.4420709e-10
vn 1.2810285e-07 1.2810299e-06 -1
vn 1.4187232e-07 5.2603542e-07 -1
vn 1.9898877e-07 2.0555871e-07 -0.99999994
vn 1.4187232e-07 5.2603542e-07 -1
vn 0 1.986843e-06 -0.99999994
vn 1.550754e-07 6.4351252e-07 -1
vn 1.9898877e-07 2.0555871e-07 -0.99999994
vn 1.4187232e-07 5.2603542e-07 -1
vn 1.550754e-07 6.4351252e-07 -1
vn 1.550754e-07 6.4351252e-07 -1
vn 1.5231402e-07 1.9955841e-07 -1
vn 2.2608259e-07 -2.865182e-07 -1
vn 1.5231402e-07 1.9955841e-07 -1
vn 0 0 -1
vn 1.3234143e-07 1.0036239e-08 -1
vn 1.3234143e-07 1.0036239e-08 -1
vn 1.2550106e-07 7.8438241e-08 -1
vn 1.40517e-07 -1.9063823e-07 -1
vn 1.2550106e-07 7.8438241e-08 -1
vn 0 0 -1
vn 1.40517e-07 -1.9063823e-07 -1
vn 1.40517e-07 -1.9063823e-07 -1
vn 2.2608259e-07 -2.865182e-07 -1
vn 1.5231402e-07 1.9955841e-07 -1
vn 1.3234143e-07 1.0036239e-08 -1
vn 1.40517e-07 -1.9063823e-07 -1
vn 1.5231402e-07 1.9955841e-07 -1
vn 2.2608259e-07 -2.865182e-07 -1
vn 1.1920966e-06 0 -1
vn 1.9898877e-07 2.0555871e-07 -0.99999994
vn 1.9898877e-07 2.0555871e-07 -0.99999994
vn 0 0 -1
vn 1.2810285e-07 1.2810299e-06 -1
vn 0 0 -1
vn 0 0 -1
vn 1.2810285e-07 1.2810299e-06 -1
vn 1 0 9.4160368e-10
vn 1 0 7.8671188e-11
vn 1 0 7.8918497e-11
vn 1 0 7.8671188e-11
vn 1 -1.7276204e-07 6.0051104e-07
vn 1 0 7.8918497e-11
vn 1 -1.7276204e-07 6.0051104e-07
vn 1 1.5894781e-06 0
vn 1 5.0273215e-08 4.2852304e-07
vn 1 5.0273215e-08 4.2852304e-07
vn 1 7.5886284e-08 -2.2829947e-07
vn 1 -6.1139446e-08 -3.4990273e-07
vn 1 7.5886284e-08 -2.2829947e-07
vn 1 0 -2.3842165e-05
vn 1 3.340849e-08 -2.092316e-06
vn 1 -6.1139446e-08 -3.4990273e-07
vn 1 7.5886284e-08 -2.2829947e-07
vn 1 3.340849e-08 -2.092316e-06
vn 1 3.340849e-08 -2.092316e-06
vn 1 -4.1833736e-08 -2.2975223e-06
vn 1 -6.1139446e-08 -3.4990273e-07
vn 1 -4.1833736e-08 -2.2975223e-06
vn 1 0 -2.3842165e-05
vn 1 -6.1139446e-08 -3.4990273e-07
vn 1 -6.1139446e-08 -3.4990273e-07
vn 1 -9.8133007e-08 3.0378101e-07
vn 1 5.0273215e-08 4.2852304e-07
vn 1 -9.8133007e-08 3.0378101e-07
vn 1 -1.5894864e-06 0
vn 1 5.5609041e-07 0
vn 1 5.5609041e-07 0
vn 1 0 7.8918497e-11
vn 1 -1.7276204e-07 6.0051104e-07
vn 1 -9.8133007e-08 3.0378101e-07
vn 1 -1.7276204e-07 6.0051104e-07
vn 1 5.0273215e-08 4.2852304e-07
vn 0 0 1
vn 0 2.7304413e-06 0.99999994
vn 0 -1.1126425e-06 1
vn 0 2.7304413e-06 0.99999994
vn -1.2017111e-07 3.4627564e-07 0.99999994
vn 0 -1.1126425e-06 1
vn -1.2017111e-07 3.4627564e-07 0.99999994
vn 0 1.9868312e-06 0.99999994
vn -1.4588312e-07 9.5678082e-08 1
vn -1.4588312e-07 9.5678082e-08 1
vn -1.4505454e-07 -5.3782223e-08 1
vn -1.4777655e-07 1.6079974e-07 1
vn -1.4505454e-07 -5.3782223e-08 1
vn 0 0 1
vn -1.3234143e-07 -3.5877822e-08 1
vn -1.4777655e-07 1.6079974e-07 1
vn -1.4505454e-07 -5.3782223e-08 1
vn -1.3234143e-07 -3.5877822e-08 1
vn -1.3234143e-07 -3.5877822e-08 1
vn -1.255011e-07 2.8760701e-07 1
vn -1.4777655e-07 1.6079974e-07 1
vn -1.255011e-07 2.8760701e-07 1
vn 0 0 1
vn -1.4777655e-07 1.6079974e-07 1
vn -1.4777655e-07 1.6079974e-07 1
vn -2.8920005e-07 1.1644715e-07 1
vn -1.4588312e-07 9.5678082e-08 1
vn -2.8920005e-07 1.1644715e-07 1
vn -2.3355801e-06 -1.946328e-06 0.99999994
vn -1.1376415e-07 8.5657894e-07 1
vn -1.1376415e-07 8.5657894e-07 1
vn 0 -1.1126425e-06 1
vn -1.2017111e-07 3.4627564e-07 0.99999994
vn -2.8920005e-07 1.1644715e-07 1
vn -1.2017111e-07 3.4627564e-07 0.99999994
vn -1.4588312e-07 9.5678082e-08 1
vn 1 1.6178002e-07 1.6020047e-07
vn 1 -5.6422998e-08 2.2673451e-07
vn 0.99999994 -2.8668536e-09 3.2841449e-08
vn 1 -5.6422998e-08 2.2673451e-07
vn 1 3.9736969e-07 0
vn 1 1.9686732e-08 1.0057072e-07
vn 0.99999994 -2.8668536e-09 3.2841449e-08
vn 1 -5.6422998e-08 2.2673451e-07
vn 1 1.9686732e-08 1.0057072e-07
vn 1 1.9686732e-08 1.0057072e-07
vn 1 1.3188425e-07 2.569552e-08
vn 1 -3.9018104e-08 5.0148763e-08
vn 1 1.3188425e-07 2.569552e-08
vn 1 0 -2.9802529e-06
vn 0.99999994 1.8614571e-07 -2.1643356e-07
vn 0.99999994 1.8614571e-07 -2.1643356e-07
vn 1 1.67335e-07 6.2667181e-07
vn 1 9.7627748e-08 1.9522034e-07
vn 1 1.67335e-07 6.2667181e-07
vn 1 0 5.9605059e-06
vn 1 9.7627748e-08 1.9522034e-07
vn 1 9.7627748e-08 1.9522034e-07
vn 1 -3.9018104e-08 5.0148763e-08
vn 1 1.3188425e-07 2.569552e-08
vn 0.99999994 1.8614571e-07 -2.1643356e-07
vn 1 9.7627748e-08 1.9522034e-07
vn 1 1.3188425e-07 2.569552e-08
vn 1 -3.9018104e-08 5.0148763e-08
vn 1 0 0
vn 0.99999994 -2.8668536e-09 3.2841449e-08
vn 0.99999994 -2.8668536e-09 3.2841449e-08
vn 1 5.4609103e-07 1.1724349e-09
vn 1 1.6178002e-07 1.6020047e-07
vn 1 5.4609103e-07 1.1724349e-09
vn 1 0 0
vn 1 1.6178002e-07 1.6020047e-07
vn 0 1.1895787e-05 1
vn 0 6.4448354e-06 1
vn 0 1.3330794e-06 0.99999994
vn 0 6.4448354e-06 1
vn 0 8.2435622e-07 1
vn 0 1.3330794e-06 0.99999994
vn 0 8.2435622e-07 1
vn 0 0 1
vn 0 1.4499773e-06 1
vn 0 1.4499773e-06 1
vn 0 1.0157594e-06 1
vn 0 -6.0930728e-07 1
vn 0 1.0157594e-06 1
vn 0 0 1
vn 0 1.3704793e-07 1
vn 0 -6.0930728e-07 1
vn 0 1.0157594e-06 1
vn 0 1.3704793e-07 1
vn 0 1.3704793e-07 1
vn 0 3.1375339e-07 1
vn 0 -6.0930728e-07 1
vn 0 3.1375339e-07 1
vn 0 0 1
vn 0 -6.0930728e-07 1
vn 0 -6.0930728e-07 1
vn 0 -2.1121266e-06 1
vn 0 1.4499773e-06 1
vn 0 -2.1121266e-06 1
vn 0 0 1
vn 0 -1.5806055e-06 1
vn 0 -1.5806055e-06 1
vn 0 1.3330794e-06 0.99999994
vn 0 8.2435622e-07 1
vn 0 -2.1121266e-06 1
vn 0 8.2435622e-07 1
vn 0 1.4499773e-06 1
vn -1 1.1920957e-06 -7.4761675e-07
vn -0.99999994 6.4599635e-07 -7.4526503e-07
vn -1 -1.2261772e-07 -1.0475613e-07
vn -0.99999994 6.4599635e-07 -7.4526503e-07
vn -1 9.0143779e-08 -1.7523261e-07
vn -1 -1.2261772e-07 -1.0475613e-07
vn -1 9.0143779e-08 -1.7523261e-07
vn -1 0 0
vn -1 3.9018108e-08 -1.2869179e-07
vn -1 3.9018108e-08 -1.2869179e-07
vn -1 1.8971567e-08 -2.8900305e-07
vn -1 -1.5284924e-08 -1.5566123e-08
vn -1 1.8971567e-08 -2.8900305e-07
vn -1 0 -5.9605945e-06
vn -0.99999994 8.3521359e-09 -7.2358011e-07
vn -1 -1.5284924e-08 -1.5566123e-08
vn -1 1.8971567e-08 -2.8900305e-07
vn -0.99999994 8.3521359e-09 -7.2358011e-07
vn -0.99999994 8.3521359e-09 -7.2358011e-07
vn -0.99999994 -1.0458526e-08 0
vn -1 -1.5284924e-08 -1.5566123e-08
vn -0.99999994 -1.0458526e-08 0
vn -1 0 0
vn -1 -1.5284924e-08 -1.5566123e-08
vn -1 -1.5284924e-08 -1.5566123e-08
vn -1 -4.1222169e-08 -1.2759874e-08
vn -1 3.9018108e-08 -1.2869179e-07
vn -1 -4.1222169e-08 -1.2759874e-08
vn -0.99999994 0 0
vn -1 -1.6506088e-07 0
vn -1 -1.6506088e-07 0
vn -1 -1.2261772e-07 -1.0475613e-07
vn -1 9.0143779e-08 -1.7523261e-07
vn -1 -4.1222169e-08 -1.2759874e-08
vn -1 9.0143779e-08 -1.7523261e-07
vn -1 3.9018108e-08 -1.2869179e-07
vn -1 5.9729643e-07 -4.6512397e-10
vn -0.99999994 3.2129711e-07 -3.8861154e-11
vn -1 -6.1309592e-08 -1.601672e-07
vn -0.99999994 3.2129711e-07 -3.8861154e-11
vn -1 4.0340126e-08 -1.0380258e-08
vn -1 -6.1309592e-08 -1.601672e-07
vn -1 4.0340126e-08 -1.0380258e-08
vn -1 -3.9736904e-07 0
vn -1 -1.4863636e-07 4.7927236e-09
vn -1 -1.4863636e-07 4.7927236e-09
vn -1 -2.1862607e-07 -8.6576421e-08
vn -1 -1.4560475e-08 -1.2182038e-07
vn -1 -2.1862607e-07 -8.6576421e-08
vn -1 0 -5.9605413e-06
vn -1 -1.5988985e-07 -5.2976981e-07
vn -1 -1.4560475e-08 -1.2182038e-07
vn -1 -2.1862607e-07 -8.6576421e-08
vn -1 -1.5988985e-07 -5.2976981e-07
vn -1 -1.5988985e-07 -5.2976981e-07
vn -1 0 -6.266705e-07
vn -1 -1.4560475e-08 -1.2182038e-07
vn -1 0 -6.266705e-07
vn -1 0 -5.9605059e-06
vn -1 -1.4560475e-08 -1.2182038e-07
vn -1 -1.4560475e-08 -1.2182038e-07
vn -1 2.9299636e-09 1.9029582e-07
vn -1 -1.4863636e-07 4.7927236e-09
vn -1 2.9299636e-09 1.9029582e-07
vn -1 7.9474125e-07 1.9868551e-06
vn -1 -3.6064537e-07 6.6030474e-08
vn -1 -3.6064537e-07 6.6030474e-08
vn -1 -6.1309592e-08 -1.601672e-07
vn -1 4.0340126e-08 -1.0380258e-08
vn -1 2.9299636e-09 1.9029582e-07
vn -1 4.0340126e-08 -1.0380258e-08
vn -1 -1.4863636e-07 4.7927236e-09
vn 0 -0.47301778 -0.88105285
vn 0 -0.47301778 -0.88105285
vn 0 -0.47301778 -0.88105285
vn 0 -0.47301778 -0.88105285
vn 0 0.47301838 -0.88105255
vn 0 0.47301838 -0.88105255
vn 0 0.47301838 -0.88105255
vn 0 0.47301838 -0.88105255
vn 0.88105196 -0.47301954 0
vn 0.88105196 -0.47301954 0
vn 0.88105196 -0.47301954 0
vn 0.88105196 -0.47301954 0
vn 1 0 0
vn 1 0 0
vn 1 0 0
vn 1 0 0
vn 0 0 1
vn 0 0 1
vn 0 0 1
vn 0 0 1
vn 0 0 -1
vn 0 0 -1
vn 0 0 -1
vn 0 0 -1
vn -1 0 0
vn -1 0 0
vn -1 0 0
vn -1 0 0
vn -0.8810519 0.47301972 0
vn -0.8810519 0.47301972 0
vn -0.8810519 0.47301972 0
vn -0.8810519 0.47301972 0
vn 0 -0.47301558 0.88105404
vn 0 -0.47301558 0.88105404
vn 0 -0.47301558 0.88105404
vn 0 -0.47301558 0.88105404
vn -1 0 0
vn -1 0 0
vn -1 0 0
vn -1 0 0
vn 0 0 -1
vn 0 0 -1
vn 0 0 -1
vn 0 0 -1
vn 1 0 0
vn 1 0 0
vn 1 0 0
vn 1 0 0
vn 0 0 1
vn 0 0 1
vn 0 0 1
vn 0 0 1
vn -1 0 0
vn -1 0 0
vn -1 0 0
vn -1 0 0
vn 0 0 -1
vn 0 0 -1
vn 0 0 -1
vn 0 0 -1
vn 0 0 1
vn 0 0 1
vn 0 0 1
vn 0 0 1
vn 1 0 0
vn 1 0 0
vn 1 0 0
vn 1 0 0
vn 0 0.4730162 0.88105375
vn 0 0.4730162 0.88105375
vn 0 0.4730162 0.88105375
vn 0 0.4730162 0.88105375
vn -0.88105196 -0.47301954 0
vn -0.88105196 -0.47301954 0
vn -0.88105196 -0.47301954 0
vn -0.88105196 -0.47301954 0
vn 0.8810519 0.47301972 0
vn 0.8810519 0.47301972 0
vn 0.8810519 0.47301972 0
vn 0.8810519 0.47301972 0
vn 0 0.99999994 0
vn 0 0.99999994 0
vn 0 0.99999994 0
vn 0 0.99999994 0
vn 0 -0.99999994 0
vn 0 -0.99999994 0
vn 0 -0.99999994 0
vn 0 -0.99999994 0
vn 0 -0.47301859 -0.88105243
vn 0 -0.47301859 -0.88105243
vn 0 -0.47301859 -0.88105243
vn 0 -0.47301859 -0.88105243
vn 0 0.47301838 -0.88105255
vn 0 0.47301838 -0.88105255
vn 0 0.47301838 -0.88105255
vn 0 0.47301838 -0.88105255
vn 0.8810513 -0.47302079 0
vn 0.8810513 -0.47302079 0
vn 0.8810513 -0.47302079 0
vn 0.8810513 -0.47302079 0
vn 1 0 0
vn 1 0 0
vn 1 0 0
vn 1 0 0
vn 0 0 1
vn 0 0 1
vn 0 0 1
vn 0 0 1
vn 0 0 -1
vn 0 0 -1
vn 0 0 -1
vn 0 0 -1
vn -1 0 0
vn -1 0 0
vn -1 0 0
vn -1 0 0
vn -0.88105363 0.4730165 0
vn -0.88105363 0.4730165 0
vn -0.88105363 0.4730165 0
vn -0.88105363 0.4730165 0
vn 0 -0.47302079 0.8810513
vn 0 -0.47302079 0.8810513
vn 0 -0.47302079 0.8810513
vn 0 -0.47302079 0.8810513
vn -1 0 0
vn -1 0 0
vn -1 0 0
vn -1 0 0
vn 0 0 -1
vn 0 0 -1
vn 0 0 -1
vn 0 0 -1
vn 1 0 0
vn 1 0 0
vn 1 0 0
vn 1 0 0
vn 0 0 1
vn 0 0 1
vn 0 0 1
vn 0 0 1
vn -1 0 0
vn -1 0 0
vn -1 0 0
vn -1 0 0
vn 0 0 -1
vn 0 0 -1
vn 0 0 -1
vn 0 0 -1
vn 0 0 1
vn 0 0 1
vn 0 0 1
vn 0 0 1
vn 1 0 0
vn 1 0 0
vn 1 0 0
vn 1 0 0
vn 0 0.47302055 0.88105142
vn 0 0.47302055 0.88105142
vn 0 0.47302055 0.88105142
vn 0 0.47302055 0.88105142
vn -0.88105297 -0.47301748 0
vn -0.88105297 -0.47301748 0
vn -0.88105297 -0.47301748 0
vn -0.88105297 -0.47301748 0
vn 0.88105184 0.47301975 0
vn 0.88105184 0.47301975 0
vn 0.88105184 0.47301975 0
vn 0.88105184 0.47301975 0
vn 0 1 0
vn 0 1 0
vn 0 1 0
vn 0 1 0
vn 0 -1 0
vn 0 -1 0
vn 0 -1 0
vn 0 -1 0
vn 0 -0.47302088 -0.88105124
vn 0 -0.47302088 -0.88105124
vn 0 -0.47302088 -0.88105124
vn 0 -0.47302088 -0.88105124
vn 0 0.4730204 -0.88105148
vn 0 0.4730204 -0.88105148
vn 0 0.4730204 -0.88105148
vn 0 0.4730204 -0.88105148
vn 0.88105184 -0.47301975 0
vn 0.88105184 -0.47301975 0
vn 0.88105184 -0.47301975 0
vn 0.88105184 -0.47301975 0
vn 0.99999994 0 0
vn 0.99999994 0 0
vn 0.99999994 0 0
vn 0.99999994 0 0
vn 0 0 1
vn 0 0 1
vn 0 0 1
vn 0 0 1
vn 0 0 -1
vn 0 0 -1
vn 0 0 -1
vn 0 0 -1
vn -0.99999994 0 0
vn -0.99999994 0 0
vn -0.99999994 0 0
vn -0.99999994 0 0
vn -0.88105273 0.47301793 0
vn -0.88105273 0.47301793 0
vn -0.88105273 0.47301793 0
vn -0.88105273 0.47301793 0
vn 0 -0.47301647 0.88105357
vn 0 -0.47301647 0.88105357
vn 0 -0.47301647 0.88105357
vn 0 -0.47301647 0.88105357
vn -1 0 0
vn -1 0 0
vn -1 0 0
vn -1 0 0
vn 0 0 -1
vn 0 0 -1
vn 0 0 -1
vn 0 0 -1
vn 1 0 0
vn 1 0 0
vn 1 0 0
vn 1 0 0
vn 0 0 1
vn 0 0 1
vn 0 0 1
vn 0 0 1
vn -1 0 0
vn -1 0 0
vn -1 0 0
vn -1 0 0
vn 0 0 -1
vn 0 0 -1
vn 0 0 -1
vn 0 0 -1
vn 0 0 1
vn 0 0 1
vn 0 0 1
vn 0 0 1
vn 1 0 0
vn 1 0 0
vn 1 0 0
vn 1 0 0
vn 0 0.47301599 0.88105375
vn 0 0.47301599 0.88105375
vn 0 0.47301599 0.88105375
vn 0 0.47301599 0.88105375
vn -0.88105273 -0.47301814 0
vn -0.88105273 -0.47301814 0
vn -0.88105273 -0.47301814 0
vn -0.88105273 -0.47301814 0
vn 0.8810519 0.4730196 0
vn 0.8810519 0.4730196 0
vn 0.8810519 0.4730196 0
vn 0.8810519 0.4730196 0
vn 0 1 0
vn 0 1 0
vn 0 1 0
vn 0 1 0
vn 0 -1 0
vn 0 -1 0
vn 0 -1 0
vn 0 -1 0
vn 0 -0.47301647 -0.88105357
vn 0 -0.47301647 -0.88105357
vn 0 -0.47301647 -0.88105357
vn 0 -0.47301647 -0.88105357
vn 0 0.4730162 -0.88105375
vn 0 0.4730162 -0.88105375
vn 0 0.4730162 -0.88105375
vn 0 0.4730162 -0.88105375
vn 0.88105112 -0.47302088 0
vn 0.88105112 -0.47302088 0
vn 0.88105112 -0.47302088 0
vn 0.88105112 -0.47302088 0
vn 0.99999994 0 0
vn 0.99999994 0 0
vn 0.99999994 0 0
vn 0.99999994 0 0
vn 0 0 1
vn 0 0 1
vn 0 0 1
vn 0 0 1
vn 0 0 -1
vn 0 0 -1
vn 0 0 -1
vn 0 0 -1
vn -0.99999994 0 0
vn -0.99999994 0 0
vn -0.99999994 0 0
vn -0.99999994 0 0
vn -0.88105273 0.47301793 0
vn -0.88105273 0.47301793 0
vn -0.88105273 0.47301793 0
vn -0.88105273 0.47301793 0
vn 0 -0.47301647 0.88105357
vn 0 -0.47301647 0.88105357
vn 0 -0.47301647 0.88105357
vn 0 -0.47301647 0.88105357
vn -1 0 0
vn -1 0 0
vn -1 0 0
vn -1 0 0
vn 0 0 -1
vn 0 0 -1
vn 0 0 -1
vn 0 0 -1
vn 1 0 0
vn 1 0 0
vn 1 0 0
vn 1 0 0
vn 0 0 1
vn 0 0 1
vn 0 0 1
vn 0 0 1
vn -1 0 0
vn -1 0 0
vn -1 0 0
vn -1 0 0
vn 0 0 -1
vn 0 0 -1
vn 0 0 -1
vn 0 0 -1
vn 0 0 1
vn 0 0 1
vn 0 0 1
vn 0 0 1
vn 1 0 0
vn 1 0 0
vn 1 0 0
vn 1 0 0
vn 0 0.4730162 0.88105375
vn 0 0.4730162 0.88105375
vn 0 0.4730162 0.88105375
vn 0 0.4730162 0.88105375
vn -0.88105208 -0.47301927 0
vn -0.88105208 -0.47301927 0
vn -0.88105208 -0.47301927 0
vn -0.88105208 -0.47301927 0
vn 0.8810519 0.4730196 0
vn 0.8810519 0.4730196 0
vn 0.8810519 0.4730196 0
vn 0.8810519 0.4730196 0
vn 0 1 0
vn 0 1 0
vn 0 1 0
vn 0 1 0
vn 0 -1 0
vn 0 -1 0
vn 0 -1 0
vn 0 -1 0
vn 0.88105112 -0.47302088 0
vn 0.88105112 -0.47302088 0
vn 0.88105112 -0.47302088 0
vn 0.88105112 -0.47302088 0
vn 0.88105184 0.47301975 1.4073228e-07
vn 0.88105184 0.47301975 1.4073228e-07
vn 0.88105184 0.47301975 1.4073228e-07
vn 0.88105184 0.47301975 1.4073228e-07
vn 0 -0.47301638 0.88105357
vn 0 -0.47301638 0.88105357
vn 0 -0.47301638 0.88105357
vn 0 -0.47301638 0.88105357
vn 0 0 1
vn 0 0 1
vn 0 0 1
vn 0 0 1
vn -0.99999994 0 0
vn -0.99999994 0 0
vn -0.99999994 0 0
vn -0.99999994 0 0
vn 0.99999994 0 0
vn 0.99999994 0 0
vn 0.99999994 0 0
vn 0.99999994 0 0
vn 0 0 -1
vn 0 0 -1
vn 0 0 -1
vn 0 0 -1
vn 0 0.47301611 -0.88105381
vn 0 0.47301611 -0.88105381
vn 0 0.47301611 -0.88105381
vn 0 0.47301611 -0.88105381
vn -0.88105291 -0.47301763 0
vn -0.88105291 -0.47301763 0
vn -0.88105291 -0.47301763 0
vn -0.88105291 -0.47301763 0
vn 0 0 -1
vn 0 0 -1
vn 0 0 -1
vn 0 0 -1
vn 1 0 0
vn 1 0 0
vn 1 0 0
vn 1 0 0
vn 0 0 1
vn 0 0 1
vn 0 0 1
vn 0 0 1
vn -1 0 0
vn -1 0 0
vn -1 0 0
vn -1 0 0
vn 0 0 -1
vn 0 0 -1
vn 0 0 -1
vn 0 0 -1
vn 1 0 0
vn 1 0 0
vn 1 0 0
vn 1 0 0
vn -1 0 0
vn -1 0 0
vn -1 0 0
vn -1 0 0
vn 0 0 1
vn 0 0 1
vn 0 0 1
vn 0 0 1
vn -0.88105363 0.47301647 1.4073089e-07
vn -0.88105363 0.47301647 1.4073089e-07
vn -0.88105363 0.47301647 1.4073089e-07
vn -0.88105363 0.47301647 1.4073089e-07
vn 0 -0.47301638 -0.88105357
vn 0 -0.47301638 -0.88105357
vn 0 -0.47301638 -0.88105357
vn 0 -0.47301638 -0.88105357
vn 0 0.4730162 0.88105375
vn 0 0.4730162 0.88105375
vn 0 0.4730162 0.88105375
vn 0 0.4730162 0.88105375
vn 0 1 0
vn 0 1 0
vn 0 1 0
vn 0 1 0
vn -4.3711335e-08 -1 -4.3711388e-08
vn -4.3711335e-08 -1 -4.3711388e-08
vn -4.3711335e-08 -1 -4.3711388e-08
vn -4.3711335e-08 -1 -4.3711388e-08
vn 0.88105297 -0.47301748 0
vn 0.88105297 -0.47301748 0
vn 0.88105297 -0.47301748 0
vn 0.88105297 -0.47301748 0
vn 0.88105363 0.4730165 1.4073262e-07
vn 0.88105363 0.4730165 1.4073262e-07
vn 0.88105363 0.4730165 1.4073262e-07
vn 0.88105363 0.4730165 1.4073262e-07
vn 1.7591464e-07 -0.47301897 0.88105226
vn 1.7591464e-07 -0.47301897 0.88105226
vn 1.7591464e-07 -0.47301897 0.88105226
vn 1.7591464e-07 -0.47301897 0.88105226
vn 3.442249e-07 -6.1468739e-08 1
vn 3.442249e-07 -6.1468739e-08 1
vn 3.442249e-07 -6.1468739e-08 1
vn 3.442249e-07 -6.1468739e-08 1
vn -1 0 0
vn -1 0 0
vn -1 0 0
vn -1 0 0
vn 1 0 0
vn 1 0 0
vn 1 0 0
vn 1 0 0
vn -1.7211245e-07 0 -1
vn -1.7211245e-07 0 -1
vn -1.7211245e-07 0 -1
vn -1.7211245e-07 0 -1
vn 8.7957204e-08 0.47301838 -0.88105255
vn 8.7957204e-08 0.47301838 -0.88105255
vn 8.7957204e-08 0.47301838 -0.88105255
vn 8.7957204e-08 0.47301838 -0.88105255
vn -0.88105369 -0.47301632 0
vn -0.88105369 -0.47301632 0
vn -0.88105369 -0.47301632 0
vn -0.88105369 -0.47301632 0
vn -2.9802334e-07 0 -1
vn -2.9802334e-07 0 -1
vn -2.9802334e-07 0 -1
vn -2.9802334e-07 0 -1
vn 1 0 0
vn 1 0 0
vn 1 0 0
vn 1 0 0
vn 0 0 1
vn 0 0 1
vn 0 0 1
vn 0 0 1
vn -1 0 0
vn -1 0 0
vn -1 0 0
vn -1 0 0
vn 0 0 -1
vn 0 0 -1
vn 0 0 -1
vn 0 0 -1
vn 1 0 0
vn 1 0 0
vn 1 0 0
vn 1 0 0
vn -1 0 0
vn -1 0 0
vn -1 0 0
vn -1 0 0
vn 0 0 1
vn 0 0 1
vn 0 0 1
vn 0 0 1
vn -0.88105184 0.47301975 2.8146133e-07
vn -0.88105184 0.47301975 2.8146133e-07
vn -0.88105184 0.47301975 2.8146133e-07
vn -0.88105184 0.47301975 2.8146133e-07
vn -3.5182816e-07 -0.47301787 -0.88105285
vn -3.5182816e-07 -0.47301787 -0.88105285
vn -3.5182816e-07 -0.47301787 -0.88105285
vn -3.5182816e-07 -0.47301787 -0.88105285
vn 0 0.47302055 0.88105142
vn 0 0.47302055 0.88105142
vn 0 0.47302055 0.88105142
vn 0 0.47302055 0.88105142
vn 0 1 0
vn 0 1 0
vn 0 1 0
vn 0 1 0
vn -4.3711371e-08 -1 -4.371141e-08
vn -4.3711371e-08 -1 -4.371141e-08
vn -4.3711371e-08 -1 -4.371141e-08
vn -4.3711371e-08 -1 -4.371141e-08
vn 0.88105184 -0.47301975 0
vn 0.88105184 -0.47301975 0
vn 0.88105184 -0.47301975 0
vn 0.88105184 -0.47301975 0
vn 0.8810519 0.4730196 1.0555027e-07
vn 0.8810519 0.4730196 1.0555027e-07
vn 0.8810519 0.4730196 1.0555027e-07
vn 0.8810519 0.4730196 1.0555027e-07
vn 1.759156e-07 -0.47302079 0.8810513
vn 1.759156e-07 -0.47302079 0.8810513
vn 1.759156e-07 -0.47302079 0.8810513
vn 1.759156e-07 -0.47302079 0.8810513
vn 0 0 1
vn 0 0 1
vn 0 0 1
vn 0 0 1
vn -0.99999994 0 0
vn -0.99999994 0 0
vn -0.99999994 0 0
vn -0.99999994 0 0
vn 0.99999994 0 0
vn 0.99999994 0 0
vn 0.99999994 0 0
vn 0.99999994 0 0
vn 0 0 -1
vn 0 0 -1
vn 0 0 -1
vn 0 0 -1
vn 4.3978531e-08 0.4730204 -0.88105148
vn 4.3978531e-08 0.4730204 -0.88105148
vn 4.3978531e-08 0.4730204 -0.88105148
vn 4.3978531e-08 0.4730204 -0.88105148
vn -0.88105375 -0.4730162 0
vn -0.88105375 -0.4730162 0
vn -0.88105375 -0.4730162 0
vn -0.88105375 -0.4730162 0
vn -5.9604639e-07 0 -1
vn -5.9604639e-07 0 -1
vn -5.9604639e-07 0 -1
vn -5.9604639e-07 0 -1
vn 1 0 0
vn 1 0 0
vn 1 0 0
vn 1 0 0
vn 5.9604639e-07 0 1
vn 5.9604639e-07 0 1
vn 5.9604639e-07 0 1
vn 5.9604639e-07 0 1
vn -1 0 0
vn -1 0 0
vn -1 0 0
vn -1 0 0
vn 0 0 -1
vn 0 0 -1
vn 0 0 -1
vn 0 0 -1
vn 1 0 0
vn 1 0 0
vn 1 0 0
vn 1 0 0
vn -1 0 0
vn -1 0 0
vn -1 0 0
vn -1 0 0
vn 0 0 1
vn 0 0 1
vn 0 0 1
vn 0 0 1
vn -0.88105369 0.47301632 1.0554713e-07
vn -0.88105369 0.47301632 1.0554713e-07
vn -0.88105369 0.47301632 1.0554713e-07
vn -0.88105369 0.47301632 1.0554713e-07
vn -1.7591606e-07 -0.47301638 -0.88105357
vn -1.7591606e-07 -0.47301638 -0.88105357
vn -1.7591606e-07 -0.47301638 -0.88105357
vn -1.7591606e-07 -0.47301638 -0.88105357
vn 4.3978641e-08 0.47301596 0.88105386
vn 4.3978641e-08 0.47301596 0.88105386
vn 4.3978641e-08 0.47301596 0.88105386
vn 4.3978641e-08 0.47301596 0.88105386
vn 0 1 0
vn 0 1 0
vn 0 1 0
vn 0 1 0
vn -4.3711388e-08 -1 -4.3711371e-08
vn -4.3711388e-08 -1 -4.3711371e-08
vn -4.3711388e-08 -1 -4.3711371e-08
vn -4.3711388e-08 -1 -4.3711371e-08
vn 0.88105273 -0.47301805 -1.7591445e-07
vn 0.88105273 -0.47301805 -1.7591445e-07
vn 0.88105273 -0.47301805 -1.7591445e-07
vn 0.88105273 -0.47301805 -1.7591445e-07
vn 0.88105196 0.47301936 -7.0363946e-08
vn 0.88105196 0.47301936 -7.0363946e-08
vn 0.88105196 0.47301936 -7.0363946e-08
vn 0.88105196 0.47301936 -7.0363946e-08
vn 0 -0.47301677 0.88105339
vn 0 -0.47301677 0.88105339
vn 0 -0.47301677 0.88105339
vn 0 -0.47301677 0.88105339
vn 0 -4.2574769e-08 1
vn 0 -4.2574769e-08 1
vn 0 -4.2574769e-08 1
vn 0 -4.2574769e-08 1
vn -1 4.257473e-08 2.4587496e-07
vn -1 4.257473e-08 2.4587496e-07
vn -1 4.257473e-08 2.4587496e-07
vn -1 4.257473e-08 2.4587496e-07
vn 1 -8.5149452e-08 -2.4587493e-07
vn 1 -8.5149452e-08 -2.4587493e-07
vn 1 -8.5149452e-08 -2.4587493e-07
vn 1 -8.5149452e-08 -2.4587493e-07
vn -1.7211251e-07 0 -1
vn -1.7211251e-07 0 -1
vn -1.7211251e-07 0 -1
vn -1.7211251e-07 0 -1
vn -2.8586038e-07 0.47302055 -0.88105142
vn -2.8586038e-07 0.47302055 -0.88105142
vn -2.8586038e-07 0.47302055 -0.88105142
vn -2.8586038e-07 0.47302055 -0.88105142
vn -0.88105386 -0.47301605 3.5182822e-07
vn -0.88105386 -0.47301605 3.5182822e-07
vn -0.88105386 -0.47301605 3.5182822e-07
vn -0.88105386 -0.47301605 3.5182822e-07
vn 0 0 -1
vn 0 0 -1
vn 0 0 -1
vn 0 0 -1
vn 1 0 0
vn 1 0 0
vn 1 0 0
vn 1 0 0
vn 1.4901167e-07 0 1
vn 1.4901167e-07 0 1
vn 1.4901167e-07 0 1
vn 1.4901167e-07 0 1
vn -1 0 5.9604633e-07
vn -1 0 5.9604633e-07
vn -1 0 5.9604633e-07
vn -1 0 5.9604633e-07
vn -2.9802308e-07 0 -1
vn -2.9802308e-07 0 -1
vn -2.9802308e-07 0 -1
vn -2.9802308e-07 0 -1
vn 1 0 0
vn 1 0 0
vn 1 0 0
vn 1 0 0
vn -0.99999994 0 2.9802325e-07
vn -0.99999994 0 2.9802325e-07
vn -0.99999994 0 2.9802325e-07
vn -0.99999994 0 2.9802325e-07
vn 1.4901158e-07 0 1
vn 1.4901158e-07 0 1
vn 1.4901158e-07 0 1
vn 1.4901158e-07 0 1
vn -0.88105261 0.47301826 1.7591456e-07
vn -0.88105261 0.47301826 1.7591456e-07
vn -0.88105261 0.47301826 1.7591456e-07
vn -0.88105261 0.47301826 1.7591456e-07
vn 0 -0.47301668 -0.88105345
vn 0 -0.47301668 -0.88105345
vn 0 -0.47301668 -0.88105345
vn 0 -0.47301668 -0.88105345
vn 1.0994658e-07 0.47301731 0.88105315
vn 1.0994658e-07 0.47301731 0.88105315
vn 1.0994658e-07 0.47301731 0.88105315
vn 1.0994658e-07 0.47301731 0.88105315
vn 0 1 0
vn 0 1 0
vn 0 1 0
vn 0 1 0
vn -4.3711367e-08 -1 -4.3711367e-08
vn -4.3711367e-08 -1 -4.3711367e-08
vn -4.3711367e-08 -1 -4.3711367e-08
vn -4.3711367e-08 -1 -4.3711367e-08
vn 0 -0.47301772 -0.88105291
vn 0 -0.47301772 -0.88105291
vn 0 -0.47301772 -0.88105291
vn 0 -0.47301772 -0.88105291
vn 0 0.47301838 -0.88105255
vn 0 0.47301838 -0.88105255
vn 0 0.47301838 -0.88105255
vn 0 0.47301838 -0.88105255
vn 0.88105196 -0.47301954 0
vn 0.88105196 -0.47301954 0
vn 0.88105196 -0.47301954 0
vn 0.88105196 -0.47301954 0
vn 1 0 0
vn 1 0 0
vn 1 0 0
vn 1 0 0
vn 0 0 1
vn 0 0 1
vn 0 0 1
vn 0 0 1
vn 0 0 -1
vn 0 0 -1
vn 0 0 -1
vn 0 0 -1
vn -1 0 0
vn -1 0 0
vn -1 0 0
vn -1 0 0
vn -0.88105363 0.47301641 0
vn -0.88105363 0.47301641 0
vn -0.88105363 0.47301641 0
vn -0.88105363 0.47301641 0
vn 0 -0.47301665 0.88105357
vn 0 -0.47301665 0.88105357
vn 0 -0.47301665 0.88105357
vn 0 -0.47301665 0.88105357
vn -1 0 0
vn -1 0 0
vn -1 0 0
vn -1 0 0
vn 0 0 -1
vn 0 0 -1
vn 0 0 -1
vn 0 0 -1
vn 1 0 0
vn 1 0 0
vn 1 0 0
vn 1 0 0
vn 0 0 1
vn 0 0 1
vn 0 0 1
vn 0 0 1
vn -1 0 0
vn -1 0 0
vn -1 0 0
vn -1 0 0
vn 0 0 -1
vn 0 0 -1
vn 0 0 -1
vn 0 0 -1
vn 0 0 1
vn 0 0 1
vn 0 0 1
vn 0 0 1
vn 1 0 0
vn 1 0 0
vn 1 0 0
vn 1 0 0
vn 0 0.47301731 0.88105315
vn 0 0.47301731 0.88105315
vn 0 0.47301731 0.88105315
vn 0 0.47301731 0.88105315
vn -0.88105375 -0.47301629 0
vn -0.88105375 -0.47301629 0
vn -0.88105375 -0.47301629 0
vn -0.88105375 -0.47301629 0
vn 0.8810519 0.47301972 0
vn 0.8810519 0.47301972 0
vn 0.8810519 0.47301972 0
vn 0.8810519 0.47301972 0
vn 0 0.99999994 0
vn 0 0.99999994 0
vn 0 0.99999994 0
vn 0 0.99999994 0
vn 0 -0.99999994 0
vn 0 -0.99999994 0
vn 0 -0.99999994 0
vn 0 -0.99999994 0
vn 0 -0.4730176 -0.88105303
vn 0 -0.4730176 -0.88105303
vn 0 -0.4730176 -0.88105303
vn 0 -0.4730176 -0.88105303
vn 0 0.47301742 -0.88105303
vn 0 0.47301742 -0.88105303
vn 0 0.47301742 -0.88105303
vn 0 0.47301742 -0.88105303
vn 0.8810513 -0.47302079 0
vn 0.8810513 -0.47302079 0
vn 0.8810513 -0.47302079 0
vn 0.8810513 -0.47302079 0
vn 1 0 0
vn 1 0 0
vn 1 0 0
vn 1 0 0
vn 0 0 1
vn 0 0 1
vn 0 0 1
vn 0 0 1
vn 0 0 -1
vn 0 0 -1
vn 0 0 -1
vn 0 0 -1
vn -1 0 0
vn -1 0 0
vn -1 0 0
vn -1 0 0
vn -0.88105267 0.47301811 0
vn -0.88105267 0.47301811 0
vn -0.88105267 0.47301811 0
vn -0.88105267 0.47301811 0
vn 0 -0.47302088 0.88105124
vn 0 -0.47302088 0.88105124
vn 0 -0.47302088 0.88105124
vn 0 -0.47302088 0.88105124
vn -1 0 0
vn -1 0 0
vn -1 0 0
vn -1 0 0
vn 0 0 -1
vn 0 0 -1
vn 0 0 -1
vn 0 0 -1
vn 1 0 0
vn 1 0 0
vn 1 0 0
vn 1 0 0
vn 0 0 1
vn 0 0 1
vn 0 0 1
vn 0 0 1
vn -1 0 0
vn -1 0 0
vn -1 0 0
vn -1 0 0
vn 0 0 -1
vn 0 0 -1
vn 0 0 -1
vn 0 0 -1
vn 0 0 1
vn 0 0 1
vn 0 0 1
vn 0 0 1
vn 1 0 0
vn 1 0 0
vn 1 0 0
vn 1 0 0
vn 0 0.47301963 0.8810519
vn 0 0.47301963 0.8810519
vn 0 0.47301963 0.8810519
vn 0 0.47301963 0.8810519
vn -0.88105214 -0.47301912 0
vn -0.88105214 -0.47301912 0
vn -0.88105214 -0.47301912 0
vn -0.88105214 -0.47301912 0
vn 0.88105184 0.47301975 0
vn 0.88105184 0.47301975 0
vn 0.88105184 0.47301975 0
vn 0.88105184 0.47301975 0
vn 0 1 0
vn 0 1 0
vn 0 1 0
vn 0 1 0
vn 0 -1 0
vn 0 -1 0
vn 0 -1 0
vn 0 -1 0
usemtl brickwall1
f 4/1427/1 12/1405/2 9/1475/3
f 4/1427/1 9/1475/3 3/169/4
f 3/1563/5 26/837/6 25/393/7
f 3/1563/5 25/393/7 4/1990/8
f 7/350/9 5/2269/10 6/560/11
f 7/350/9 6/560/11 8/83/12
f 2/653/13 18/1684/14 17/2238/15
f 2/653/13 17/2238/15 1/1544/16
usemtl stonefloor
f 3/209/17 1/2162/18 5/28/19
f 3/209/17 5/28/19 7/1595/20
usemtl stonetrims
f 11/1439/21 15/1473/22 16/1522/23
f 11/1439/21 16/1522/23 12/1247/24
usemtl brickwall1
f 1/1700/25 10/1616/26 11/599/27
f 1/1700/25 11/599/27 2/443/28
usemtl stonefloor
f 3/2191/29 9/1892/30 10/1358/31
f 3/2191/29 10/1358/31 1/2042/32
usemtl stonetrims
f 9/1568/33 13/301/34 14/1945/35
f 9/1568/33 14/1945/35 10/1612/36
f 12/593/37 16/1993/38 13/624/39
f 12/593/37 13/624/39 9/1038/40
f 10/807/41 14/367/42 15/1455/43
f 10/807/41 15/1455/43 11/34/44
f 17/1946/45 21/1370/46 24/1587/47
f 17/1946/45 24/1587/47 20/1008/48
usemtl stonefloor
f 1/661/49 17/64/50 20/920/51
f 1/661/49 20/920/51 5/1658/52
usemtl brickwall1
f 5/2151/53 20/1276/54 19/1878/55
f 5/2151/53 19/1878/55 6/496/56
usemtl stonetrims
f 18/1537/57 22/540/58 21/1854/59
f 18/1537/57 21/1854/59 17/2282/60
f 19/1309/61 23/788/62 22/2022/63
f 19/1309/61 22/2022/63 18/2001/64
f 20/763/65 24/316/66 23/1077/67
f 20/763/65 23/1077/67 19/2067/68
f 28/2256/69 32/2091/70 31/484/71
f 28/2256/69 31/484/71 27/1176/72
usemtl brickwall1
f 8/205/73 28/514/74 27/1462/75
f 8/205/73 27/1462/75 7/821/76
usemtl stonefloor
f 7/366/77 27/1073/78 26/957/79
f 7/366/77 26/957/79 3/2068/80
usemtl stonetrims
f 27/314/81 31/546/82 30/1214/83
f 27/314/81 30/1214/83 26/1118/84
f 25/911/85 29/285/86 32/611/87
f 25/911/85 32/611/87 28/986/88
f 26/650/89 30/720/90 29/1225/91
f 26/650/89 29/1225/91 25/1403/92
f 35/1923/93 45/295/94 245/1283/95
f 35/1923/93 245/1283/95 234/2364/96
usemtl brickwall1
f 89/1783/97 91/2197/98 226/1277/99
f 89/1783/97 226/1277/99 230/1730/100
f 91/2197/101 93/575/102 221/388/103
f 91/2197/101 221/388/103 226/1277/104
f 93/575/105 95/895/106 228/1678/107
f 93/575/105 228/1678/107 221/388/108
f 95/895/109 97/1327/110 220/639/111
f 95/895/109 220/639/111 228/1678/112
f 97/1327/113 224/1548/114 220/639/115
f 86/1682/116 122/1721/117 251/1963/118
f 86/1682/116 251/1963/118 254/1034/119
f 92/439/120 257/146/121 265/2087/122
f 92/439/120 265/2087/122 94/1248/123
f 94/1248/124 265/2087/125 264/2370/126
f 94/1248/124 264/2370/126 96/113/127
f 96/113/128 264/2370/129 266/2145/130
f 96/113/128 266/2145/130 98/255/131
f 98/255/132 266/2145/133 99/265/134
usemtl stonetrims
f 79/1444/135 83/2147/136 255/2222/137
f 79/1444/135 255/2222/137 249/1401/138
f 54/345/139 58/619/140 227/600/141
f 54/345/139 227/600/141 217/1020/142
usemtl brickwall1
f 123/531/143 235/2018/144 237/903/145
f 123/531/143 237/903/145 125/2015/146
f 125/2015/147 237/903/148 244/114/149
f 125/2015/147 244/114/149 127/910/150
f 127/910/151 244/114/152 236/1871/153
f 127/910/151 236/1871/153 129/17/154
f 129/17/155 236/1871/156 243/2279/157
f 129/17/155 243/2279/157 131/238/158
f 131/238/159 243/2279/160 241/647/161
f 88/188/162 89/1783/163 230/1730/164
f 88/188/162 230/1730/164 217/446/165
f 124/523/166 126/2028/167 248/1408/168
f 124/523/166 248/1408/168 253/1949/169
f 126/2028/170 128/1656/171 246/1031/172
f 126/2028/170 246/1031/172 248/1408/173
f 128/1656/174 130/2056/175 247/834/176
f 128/1656/174 247/834/176 246/1031/177
f 130/2056/178 132/785/179 247/834/180
f 122/1721/181 124/523/182 253/1949/183
f 122/1721/181 253/1949/183 251/1963/184
usemtl stonetrims
f 57/2349/185 48/234/186 229/1557/187
f 57/2349/185 229/1557/187 219/2346/188
f 49/2113/189 53/988/190 222/1885/191
f 49/2113/189 222/1885/191 225/66/192
f 48/234/193 52/2374/194 218/2075/195
f 48/234/193 218/2075/195 229/1557/196
f 53/988/197 57/2349/198 219/2346/199
f 53/988/197 219/2346/199 222/1885/200
usemtl brickwall1
f 90/508/201 261/2069/202 257/146/203
f 90/508/201 257/146/203 92/439/204
usemtl stonetrims
f 38/2298/205 34/306/206 232/1406/207
f 38/2298/205 232/1406/207 239/280/208
f 43/2338/209 39/1610/210 242/828/211
f 43/2338/209 242/828/211 233/266/212
f 84/403/213 79/1444/214 249/1401/215
f 84/403/213 249/1401/215 254/959/216
f 42/1729/217 38/2298/218 239/280/219
f 42/1729/217 239/280/219 231/1671/220
f 34/306/221 43/2338/222 233/266/223
f 34/306/221 233/266/223 232/1406/224
f 39/1610/225 35/1923/226 234/2364/227
f 39/1610/225 234/2364/227 242/828/228
f 82/1010/229 74/326/230 110/453/231
f 82/1010/229 110/453/231 252/2233/232
f 75/1260/233 78/1644/234 256/690/235
f 75/1260/233 256/690/235 250/1267/236
f 58/619/237 49/2113/238 225/66/239
f 58/619/237 225/66/239 227/600/240
f 78/1644/241 82/1010/242 252/2233/243
f 78/1644/241 252/2233/243 256/690/244
f 83/2147/245 75/1260/246 250/1267/247
f 83/2147/245 250/1267/247 255/2222/248
usemtl brickwall1
f 85/1350/249 245/2035/250 235/2018/251
f 85/1350/249 235/2018/251 123/531/252
usemtl stonetrims
f 61/985/253 70/917/254 262/748/255
f 61/985/253 262/748/255 111/1624/256
f 66/1989/257 62/1487/258 260/1207/259
f 66/1989/257 260/1207/259 267/2041/260
f 71/1227/261 67/1882/262 258/2088/263
f 71/1227/261 258/2088/263 263/1289/264
usemtl brickwall1
f 87/1545/265 259/461/266 261/2069/267
f 87/1545/265 261/2069/267 90/508/268
usemtl stonetrims
f 70/917/269 66/1989/270 267/2041/271
f 70/917/269 267/2041/271 262/748/272
f 62/1487/273 71/1227/274 263/1289/275
f 62/1487/273 263/1289/275 260/1207/276
f 67/1882/277 64/2196/278 259/1872/279
f 67/1882/277 259/1872/279 258/2088/280
f 104/606/281 102/483/282 170/1696/283
f 104/606/281 170/1696/283 168/50/284
f 85/1806/285 123/73/286 184/622/287
f 85/1806/285 184/622/287 140/1146/288
f 103/1818/289 105/1728/290 169/2110/291
f 103/1818/289 169/2110/291 171/337/292
f 89/569/293 88/1205/294 139/2081/295
f 89/569/293 139/2081/295 150/1938/296
f 87/27/297 90/2078/298 151/518/299
f 87/27/297 151/518/299 141/980/300
f 91/663/301 89/569/302 150/1938/303
f 91/663/301 150/1938/303 148/983/304
f 106/1293/305 104/606/306 168/50/307
f 106/1293/305 168/50/307 166/524/308
f 124/765/309 122/1497/310 183/125/311
f 124/765/309 183/125/311 181/6/312
f 90/2078/313 92/953/314 149/718/315
f 90/2078/313 149/718/315 151/518/316
f 105/1728/317 107/1188/318 167/426/319
f 105/1728/317 167/426/319 169/2110/320
f 123/73/321 125/1272/322 182/1632/323
f 123/73/321 182/1632/323 184/622/324
f 93/767/325 91/663/326 148/983/327
f 93/767/325 148/983/327 146/1266/328
f 108/677/329 106/1293/330 166/524/331
f 108/677/329 166/524/331 163/503/332
f 126/556/333 124/765/334 181/6/335
f 126/556/333 181/6/335 179/1944/336
f 92/953/337 94/852/338 147/2223/339
f 92/953/337 147/2223/339 149/718/340
f 107/1188/341 109/1797/342 164/177/343
f 107/1188/341 164/177/343 167/426/344
f 125/1272/345 127/2326/346 180/35/347
f 125/1272/345 180/35/347 182/1632/348
f 95/761/349 93/767/350 146/1266/351
f 95/761/349 146/1266/351 144/1859/352
f 111/775/353 108/677/354 163/503/355
f 111/775/353 163/503/355 136/141/356
f 128/2318/357 126/556/358 179/1944/359
f 128/2318/357 179/1944/359 177/136/360
f 94/852/361 96/1832/362 145/1601/363
f 94/852/361 145/1601/363 147/2223/364
f 127/2326/365 129/1129/366 178/1161/367
f 127/2326/365 178/1161/367 180/35/368
f 109/1797/369 110/197/370 165/194/371
f 109/1797/369 165/194/371 164/177/372
f 143/1782/373 133/2170/374 134/987/375
f 143/1782/373 134/987/375 142/2037/376
f 145/1601/377 143/1782/378 142/2037/379
f 145/1601/377 142/2037/379 144/1859/380
f 147/2223/381 145/1601/382 144/1859/383
f 147/2223/381 144/1859/383 146/1266/384
f 149/718/385 147/2223/386 146/1266/387
f 149/718/385 146/1266/387 148/983/388
f 151/518/389 149/718/390 148/983/391
f 151/518/389 148/983/391 150/1938/392
f 135/1238/393 153/1317/394 154/1985/395
f 135/1238/393 154/1985/395 152/2204/396
f 153/1317/397 155/2107/398 156/699/399
f 153/1317/397 156/699/399 154/1985/400
f 155/2107/401 157/794/402 158/1755/403
f 155/2107/401 158/1755/403 156/699/404
f 157/794/405 159/2343/406 160/95/407
f 157/794/405 160/95/407 158/1755/408
f 159/2343/409 161/2317/410 162/1802/411
f 159/2343/409 162/1802/411 160/95/412
f 164/177/413 165/194/414 136/141/415
f 164/177/413 136/141/415 163/503/416
f 167/426/417 164/177/418 163/503/419
f 167/426/417 163/503/419 166/524/420
f 169/2110/421 167/426/422 166/524/423
f 169/2110/421 166/524/423 168/50/424
f 171/337/425 169/2110/426 168/50/427
f 171/337/425 168/50/427 170/1696/428
f 173/516/429 171/337/430 170/1696/431
f 173/516/429 170/1696/431 172/1177/432
f 161/2317/433 140/929/434 139/476/435
f 161/2317/433 139/476/435 162/1802/436
f 138/1956/437 173/516/438 172/1177/439
f 138/1956/437 172/1177/439 141/1448/440
f 175/2148/441 176/1567/442 137/684/443
f 175/2148/441 137/684/443 174/543/444
f 178/1161/445 175/2148/446 174/543/447
f 178/1161/445 174/543/447 177/136/448
f 180/35/449 178/1161/450 177/136/451
f 180/35/449 177/136/451 179/1944/452
f 182/1632/453 180/35/454 179/1944/455
f 182/1632/453 179/1944/455 181/6/456
f 184/622/457 182/1632/458 181/6/459
f 184/622/457 181/6/459 183/125/460
f 141/980/461 151/518/462 150/1938/463
f 141/980/461 150/1938/463 139/2081/464
f 140/1146/465 184/622/466 183/125/467
f 140/1146/465 183/125/467 138/1614/468
f 122/1497/469 86/539/470 138/1614/471
f 122/1497/469 138/1614/471 183/125/472
f 121/85/473 218/110/474 152/2204/475
f 121/85/473 152/2204/475 154/1985/476
f 101/1229/477 103/1818/478 171/337/479
f 101/1229/477 171/337/479 173/516/480
f 120/342/481 118/613/482 155/2107/483
f 120/342/481 155/2107/483 153/1317/484
f 102/483/485 100/1744/486 172/1177/487
f 102/483/485 172/1177/487 170/1696/488
f 112/1037/489 85/1090/490 140/929/491
f 112/1037/489 140/929/491 161/2317/492
f 119/1925/493 121/85/494 154/1985/495
f 119/1925/493 154/1985/495 156/699/496
f 88/998/497 113/840/498 162/1802/499
f 88/998/497 162/1802/499 139/476/500
f 118/613/501 116/414/502 157/794/503
f 118/613/501 157/794/503 155/2107/504
f 86/2040/505 101/1229/506 173/516/507
f 86/2040/505 173/516/507 138/1956/508
f 100/1744/509 87/729/510 141/1448/511
f 100/1744/509 141/1448/511 172/1177/512
f 117/1823/513 119/1925/514 156/699/515
f 117/1823/513 156/699/515 158/1755/516
f 116/414/517 114/2339/518 159/2343/519
f 116/414/517 159/2343/519 157/794/520
f 131/687/521 241/427/522 176/1567/523
f 131/687/521 176/1567/523 175/2148/524
f 98/1819/525 99/347/526 133/2170/527
f 98/1819/525 133/2170/527 143/1782/528
f 115/2154/529 117/1823/530 158/1755/531
f 115/2154/529 158/1755/531 160/95/532
f 132/1255/533 130/950/534 174/543/535
f 132/1255/533 174/543/535 137/684/536
f 114/2339/537 112/1037/538 161/2317/539
f 114/2339/537 161/2317/539 159/2343/540
f 129/1129/541 131/687/542 175/2148/543
f 129/1129/541 175/2148/543 178/1161/544
f 113/840/545 115/2154/546 160/95/547
f 113/840/545 160/95/547 162/1802/548
f 96/1832/549 98/1819/550 143/1782/551
f 96/1832/549 143/1782/551 145/1601/552
f 130/950/553 128/2318/554 177/136/555
f 130/950/553 177/136/555 174/543/556
f 97/284/557 95/761/558 144/1859/559
f 97/284/557 144/1859/559 142/2037/560
f 140/245/561 138/954/562 188/2263/563
f 140/245/561 188/2263/563 186/889/564
f 141/2313/565 139/214/566 185/1064/567
f 141/2313/565 185/1064/567 190/1791/568
f 138/1891/569 141/1063/570 190/1879/571
f 138/1891/569 190/1879/571 188/1751/572
f 187/1643/573 191/494/574 185/779/575
f 186/1055/576 195/1346/577 193/1703/578
f 186/1055/576 193/1703/578 187/1643/579
f 188/1500/580 192/2065/581 189/92/582
f 190/154/583 191/494/584 192/2065/585
f 189/92/586 192/2065/587 194/955/588
f 189/92/586 194/955/588 193/1703/589
f 190/1791/590 185/1064/591 191/1585/592
f 185/1621/593 186/1688/594 187/1746/595
f 186/889/596 188/2263/597 189/1300/598
f 186/889/596 189/1300/598 195/253/599
f 188/1751/600 190/1879/601 192/456/602
f 187/1643/603 194/955/604 191/494/605
usemtl brickwall1
f 193/1016/606 195/407/607 189/213/608
usemtl stonetrims
f 191/494/609 194/955/610 192/2065/611
f 193/1703/612 194/955/613 187/1643/614
f 46/120/615 224/1230/616 205/41/617
f 46/120/615 205/41/617 198/1909/618
f 111/775/619 136/141/620 212/262/621
f 111/775/619 212/262/621 207/1353/622
f 99/1273/623 68/1263/624 201/1808/625
f 99/1273/623 201/1808/625 204/1810/626
f 61/985/627 111/1624/628 207/1165/629
f 61/985/627 207/1165/629 200/938/630
f 152/2204/631 218/110/632 223/2379/633
f 152/2204/631 223/2379/633 214/2003/634
f 110/453/635 74/326/636 202/338/637
f 110/453/635 202/338/637 206/777/638
f 137/684/639 176/1567/640 216/332/641
f 137/684/639 216/332/641 213/805/642
f 133/2170/643 99/347/644 204/1743/645
f 133/2170/643 204/1743/645 209/1521/646
f 165/194/647 110/197/648 206/221/649
f 165/194/647 206/221/649 215/258/650
f 80/1133/651 132/861/652 208/521/653
f 80/1133/651 208/521/653 203/1291/654
f 135/1238/655 152/2204/656 214/2003/657
f 135/1238/655 214/2003/657 211/819/658
f 176/1567/659 241/427/660 238/1890/661
f 176/1567/659 238/1890/661 216/332/662
f 241/1558/663 36/1426/664 196/2195/665
f 241/1558/663 196/2195/665 238/578/666
f 136/141/667 165/194/668 215/258/669
f 136/141/667 215/258/669 212/262/670
f 218/2075/671 52/2374/672 199/1838/673
f 218/2075/671 199/1838/673 223/1098/674
f 134/987/675 133/2170/676 209/1521/677
f 134/987/675 209/1521/677 210/855/678
f 42/1729/679 231/1671/680 240/289/681
f 42/1729/679 240/289/681 197/923/682
f 132/1255/683 137/684/684 213/805/685
f 132/1255/683 213/805/685 208/1630/686
f 139/2051/687 140/1189/688 186/1688/689
f 139/2051/687 186/1688/689 185/1621/690
f 230/182/691 226/392/692 50/170/693
f 230/182/691 50/170/693 47/2161/694
f 221/604/695 228/239/696 55/881/697
f 221/604/695 55/881/697 51/1739/698
f 220/1784/699 224/1230/700 46/120/701
f 220/1784/699 46/120/701 56/2103/702
f 224/1844/703 97/284/704 142/2037/705
f 224/1844/703 142/2037/705 134/987/706
usemtl brickwall1
f 225/1834/707 222/96/708 117/1862/709
f 225/1834/707 117/1862/709 115/2153/710
f 222/96/711 219/1535/712 119/233/713
f 222/96/711 119/233/713 117/1862/714
usemtl stonetrims
f 205/159/715 224/1844/716 134/987/717
f 205/159/715 134/987/717 210/855/718
f 226/392/719 221/604/720 51/1739/721
f 226/392/719 51/1739/721 50/170/722
f 228/239/723 220/1784/724 56/2103/725
f 228/239/723 56/2103/725 55/881/726
usemtl brickwall1
f 227/605/727 225/1834/728 115/2153/729
f 227/605/727 115/2153/729 113/1576/730
f 217/446/731 227/605/732 113/1576/733
f 217/446/731 113/1576/733 88/188/734
usemtl stonetrims
f 217/1020/735 230/182/736 47/2161/737
f 217/1020/735 47/2161/737 54/345/738
usemtl brickwall1
f 219/1535/739 229/2376/740 121/84/741
f 219/1535/739 121/84/741 119/233/742
f 229/2376/743 218/1234/744 121/84/745
f 233/958/746 242/583/747 114/1573/748
f 233/958/746 114/1573/748 116/823/749
f 231/534/750 239/848/751 120/195/752
f 242/583/753 234/1286/754 112/1009/755
f 242/583/753 112/1009/755 114/1573/756
usemtl stonetrims
f 235/1352/757 245/1283/758 45/295/759
f 235/1352/757 45/295/759 37/706/760
f 237/1262/761 235/1352/762 37/706/763
f 237/1262/761 37/706/763 40/1138/764
f 236/1002/765 244/292/766 41/978/767
f 236/1002/765 41/978/767 44/2044/768
f 241/1558/769 243/1768/770 33/1204/771
f 241/1558/769 33/1204/771 36/1426/772
f 231/969/773 120/342/774 153/1317/775
f 231/969/773 153/1317/775 135/1238/776
usemtl brickwall1
f 239/848/777 232/1934/778 118/914/779
f 239/848/777 118/914/779 120/195/780
f 232/1934/781 233/958/782 116/823/783
f 232/1934/781 116/823/783 118/914/784
f 234/1286/785 245/2035/786 85/1350/787
f 234/1286/785 85/1350/787 112/1009/788
usemtl stonetrims
f 244/292/789 237/1262/790 40/1138/791
f 244/292/789 40/1138/791 41/978/792
f 243/1768/793 236/1002/794 44/2044/795
f 243/1768/793 44/2044/795 33/1204/796
f 240/1495/797 231/969/798 135/1238/799
f 240/1495/797 135/1238/799 211/819/800
usemtl brickwall1
f 250/1748/801 256/2118/802 107/649/803
f 250/1748/801 107/649/803 105/946/804
f 256/2118/805 252/296/806 109/2070/807
f 256/2118/805 109/2070/807 107/649/808
f 249/1603/809 255/1434/810 103/1446/811
f 249/1603/809 103/1446/811 101/1083/812
usemtl stonetrims
f 253/1827/813 248/527/814 73/2251/815
f 253/1827/813 73/2251/815 72/328/816
f 246/2167/817 247/825/818 77/1505/819
f 246/2167/817 77/1505/819 76/409/820
f 251/586/821 253/1827/822 72/328/823
f 251/586/821 72/328/823 81/1191/824
usemtl brickwall1
f 254/1034/825 249/1603/826 101/1083/827
f 254/1034/825 101/1083/827 86/1682/828
f 252/296/829 110/467/830 109/2070/831
f 255/1434/832 250/1748/833 105/946/834
f 255/1434/832 105/946/834 103/1446/835
usemtl stonetrims
f 254/959/836 251/586/837 81/1191/838
f 254/959/836 81/1191/838 84/403/839
f 248/527/840 246/2167/841 76/409/842
f 248/527/840 76/409/842 73/2251/843
f 247/825/844 132/861/845 80/1133/846
f 247/825/844 80/1133/846 77/1505/847
usemtl brickwall1
f 267/865/848 260/691/849 104/227/850
f 267/865/848 104/227/850 106/1454/851
usemtl stonetrims
f 265/913/852 257/1160/853 59/660/854
f 265/913/852 59/660/854 60/1837/855
f 266/1257/856 264/293/857 63/712/858
f 266/1257/856 63/712/858 65/2350/859
f 261/2340/860 259/1872/861 64/2196/862
f 261/2340/860 64/2196/862 69/557/863
usemtl brickwall1
f 260/691/864 263/745/865 102/272/866
f 260/691/864 102/272/866 104/227/867
f 111/1223/868 262/502/869 108/709/870
f 263/745/871 258/2380/872 100/1532/873
f 263/745/871 100/1532/873 102/272/874
f 262/502/875 267/865/876 106/1454/877
f 262/502/875 106/1454/877 108/709/878
f 258/2380/879 259/461/880 87/1545/881
f 258/2380/879 87/1545/881 100/1532/882
usemtl stonetrims
f 264/293/883 265/913/884 60/1837/885
f 264/293/883 60/1837/885 63/712/886
f 99/1273/887 266/1257/888 65/2350/889
f 99/1273/887 65/2350/889 68/1263/890
f 257/1160/891 261/2340/892 69/557/893
f 257/1160/891 69/557/893 59/660/894
f 270/2076/895 280/1236/896 480/2214/897
f 270/2076/895 480/2214/897 469/905/898
usemtl brickwall1
f 324/302/899 326/758/900 461/2208/901
f 324/302/899 461/2208/901 465/246/902
f 326/758/903 328/1518/904 456/1319/905
f 326/758/903 456/1319/905 461/2208/906
f 328/1518/907 330/1830/908 463/206/909
f 328/1518/907 463/206/909 456/1319/910
f 330/1830/911 332/2267/912 455/1570/913
f 330/1830/911 455/1570/913 463/206/914
f 332/2267/915 459/76/916 455/1570/917
f 321/1829/918 357/241/919 486/2099/920
f 321/1829/918 486/2099/920 489/1960/921
f 327/1360/922 492/1071/923 500/642/924
f 327/1360/922 500/642/924 329/2178/925
f 329/2178/926 500/642/927 499/123/928
f 329/2178/926 499/123/928 331/1045/929
f 331/1045/930 499/123/931 501/713/932
f 331/1045/930 501/713/932 333/1194/933
f 333/1194/934 501/713/935 334/1206/936
usemtl stonetrims
f 314/2372/937 318/2311/938 490/780/939
f 314/2372/937 490/780/939 484/2341/940
f 289/512/941 293/1554/942 462/1538/943
f 289/512/941 462/1538/943 452/1947/944
usemtl brickwall1
f 358/1477/945 470/563/946 472/1839/947
f 358/1477/945 472/1839/947 360/561/948
f 360/561/949 472/1839/950 479/250/951
f 360/561/949 479/250/951 362/1842/952
f 362/1842/953 479/250/954 471/2023/955
f 362/1842/953 471/2023/955 364/161/956
f 364/161/957 471/2023/958 478/831/959
f 364/161/957 478/831/959 366/1175/960
f 366/1175/961 478/831/962 476/790/963
f 323/1117/964 324/302/965 465/246/966
f 323/1117/964 465/246/966 452/1365/967
f 359/1466/968 361/574/969 483/2347/970
f 359/1466/968 483/2347/970 488/505/971
f 361/574/972 363/189/973 481/1957/974
f 361/574/972 481/1957/974 483/2347/975
f 363/189/976 365/2189/977 482/1781/978
f 363/189/976 482/1781/978 481/1957/979
f 365/2189/980 367/1720/981 482/1781/982
f 357/241/983 359/1466/984 488/505/985
f 357/241/983 488/505/985 486/2099/986
usemtl stonetrims
f 292/882/987 283/1169/988 464/88/989
f 292/882/987 464/88/989 454/877/990
f 284/682/991 288/1906/992 457/438/993
f 284/682/991 457/438/993 460/1013/994
f 283/1169/995 287/922/996 453/630/997
f 283/1169/995 453/630/997 464/88/998
f 288/1906/999 292/882/1000 454/877/1001
f 288/1906/999 454/877/1001 457/438/1002
usemtl brickwall1
f 325/656/1003 496/2211/1004 492/1071/1005
f 325/656/1003 492/1071/1005 327/1360/1006
usemtl stonetrims
f 273/49/1007 269/1243/1008 467/2344/1009
f 273/49/1007 467/2344/1009 474/1215/1010
f 278/869/1011 274/150/1012 477/1766/1013
f 278/869/1011 477/1766/1013 468/435/1014
f 319/1325/1015 314/2372/1016 484/2341/1017
f 319/1325/1015 484/2341/1017 489/1874/1018
f 277/244/1019 273/49/1020 474/1215/1021
f 277/244/1019 474/1215/1021 466/202/1022
f 269/1243/1023 278/869/1024 468/435/1025
f 269/1243/1023 468/435/1025 467/2344/1026
f 274/150/1027 270/2076/1028 469/905/1029
f 274/150/1027 469/905/1029 477/1766/1030
f 317/1922/1031 309/1268/1032 345/1372/1033
f 317/1922/1031 345/1372/1033 487/787/1034
f 310/1415/1035 313/181/1036 491/1606/1037
f 310/1415/1035 491/1606/1037 485/2190/1038
f 293/1554/1039 284/682/1040 460/1013/1041
f 293/1554/1039 460/1013/1041 462/1538/1042
f 313/181/1043 317/1922/1044 487/787/1045
f 313/181/1043 487/787/1045 491/1606/1046
f 318/2311/1047 310/1415/1048 485/2190/1049
f 318/2311/1047 485/2190/1049 490/780/1050
usemtl brickwall1
f 320/2288/1051 480/2173/1052 470/563/1053
f 320/2288/1051 470/563/1053 358/1477/1054
usemtl stonetrims
f 296/1904/1055 305/1845/1056 497/1675/1057
f 296/1904/1055 497/1675/1057 346/162/1058
f 301/2125/1059 297/1619/1060 495/2139/1061
f 301/2125/1059 495/2139/1061 502/584/1062
f 306/1382/1063 302/434/1064 493/643/1065
f 306/1382/1063 493/643/1065 498/2225/1066
usemtl brickwall1
f 322/1683/1067 494/1381/1068 496/2211/1069
f 322/1683/1067 496/2211/1069 325/656/1070
usemtl stonetrims
f 305/1845/1071 301/2125/1072 502/584/1073
f 305/1845/1071 502/584/1073 497/1675/1074
f 297/1619/1075 306/1382/1076 498/2225/1077
f 297/1619/1075 498/2225/1077 495/2139/1078
f 302/434/1079 299/757/1080 494/421/1081
f 302/434/1079 494/421/1081 493/643/1082
f 339/1542/1083 337/1411/1084 405/219/1085
f 339/1542/1083 405/219/1085 403/1004/1086
f 320/321/1087 358/1017/1088 419/1555/1089
f 320/321/1087 419/1555/1089 375/2090/1090
f 338/339/1091 340/243/1092 404/676/1093
f 338/339/1091 404/676/1093 406/509/1094
f 324/1514/1095 323/2136/1096 374/636/1097
f 324/1514/1095 374/636/1097 385/497/1098
f 322/976/1099 325/635/1100 386/1456/1101
f 322/976/1099 386/1456/1101 376/1899/1102
f 326/800/1103 324/1514/1104 385/497/1105
f 326/800/1103 385/497/1105 383/1109/1106
f 341/2229/1107 339/1542/1108 403/1004/1109
f 341/2229/1107 403/1004/1109 401/1467/1110
f 359/1695/1111 357/21/1112 418/257/1113
f 359/1695/1111 418/257/1113 416/956/1114
f 325/635/1115 327/1866/1116 384/1639/1117
f 325/635/1115 384/1639/1117 386/1456/1118
f 340/243/1119 342/2121/1120 402/1347/1121
f 340/243/1119 402/1347/1121 404/676/1122
f 358/1017/1123 360/2198/1124 417/173/1125
f 358/1017/1123 417/173/1125 419/1555/1126
f 328/1697/1127 326/800/1128 383/1109/1129
f 328/1697/1127 383/1109/1129 381/2188/1130
f 343/1598/1131 341/2229/1132 401/1467/1133
f 343/1598/1131 401/1467/1133 398/1428/1134
f 361/1502/1135 359/1695/1136 416/956/1137
f 361/1502/1135 416/956/1137 414/501/1138
f 327/1866/1139 329/1803/1140 382/781/1141
f 327/1866/1139 382/781/1141 384/1639/1142
f 342/2121/1143 344/315/1144 399/1097/1145
f 342/2121/1143 399/1097/1145 402/1347/1146
f 360/2198/1147 362/75/1148 415/981/1149
f 360/2198/1147 415/981/1149 417/173/1150
f 330/1689/1151 328/1697/1152 381/2188/1153
f 330/1689/1151 381/2188/1153 379/411/1154
f 346/1705/1155 343/1598/1156 398/1428/1157
f 346/1705/1155 398/1428/1157 371/276/1158
f 363/67/1159 361/1502/1160 414/501/1161
f 363/67/1159 414/501/1161 412/1065/1162
f 329/1803/1163 331/362/1164 380/139/1165
f 329/1803/1163 380/139/1165 382/781/1166
f 362/75/1167 364/1278/1168 413/1322/1169
f 362/75/1167 413/1322/1169 415/981/1170
f 344/315/1171 345/335/1172 400/1122/1173
f 344/315/1171 400/1122/1173 399/1097/1174
f 378/298/1175 368/736/1176 369/1905/1177
f 378/298/1175 369/1905/1177 377/2175/1178
f 380/139/1179 378/298/1180 377/2175/1181
f 380/139/1179 377/2175/1181 379/411/1182
f 382/781/1183 380/139/1184 379/411/1185
f 382/781/1183 379/411/1185 381/2188/1186
f 384/1639/1187 382/781/1188 381/2188/1189
f 384/1639/1187 381/2188/1189 383/1109/1190
f 386/1456/1191 384/1639/1192 383/1109/1193
f 386/1456/1191 383/1109/1193 385/497/1194
f 370/1397/1195 388/2253/1196 389/532/1197
f 370/1397/1195 389/532/1197 387/762/1198
f 388/2253/1199 390/2261/1200 391/1617/1201
f 388/2253/1199 391/1617/1201 389/532/1202
f 390/2261/1203 392/948/1204 393/271/1205
f 390/2261/1203 393/271/1205 391/1617/1206
f 392/948/1207 394/86/1208 395/1035/1209
f 392/948/1207 395/1035/1209 393/271/1210
f 394/86/1211 396/854/1212 397/1929/1213
f 394/86/1211 397/1929/1213 395/1035/1214
f 399/1097/1215 400/1122/1216 371/276/1217
f 399/1097/1215 371/276/1217 398/1428/1218
f 402/1347/1219 399/1097/1220 398/1428/1221
f 402/1347/1219 398/1428/1221 401/1467/1222
f 404/676/1223 402/1347/1224 401/1467/1225
f 404/676/1223 401/1467/1225 403/1004/1226
f 406/509/1227 404/676/1228 403/1004/1229
f 406/509/1227 403/1004/1229 405/219/1230
f 408/668/1231 406/509/1232 405/219/1233
f 408/668/1231 405/219/1233 407/2112/1234
f 396/854/1235 375/1849/1236 374/1395/1237
f 396/854/1235 374/1395/1237 397/1929/1238
f 373/2094/1239 408/668/1240 407/2112/1241
f 373/2094/1239 407/2112/1241 376/2375/1242
f 410/716/1243 411/1712/1244 372/1602/1245
f 410/716/1243 372/1602/1245 409/1488/1246
f 413/1322/1247 410/716/1248 409/1488/1249
f 413/1322/1247 409/1488/1249 412/1065/1250
f 415/981/1251 413/1322/1252 412/1065/1253
f 415/981/1251 412/1065/1253 414/501/1254
f 417/173/1255 415/981/1256 414/501/1257
f 417/173/1255 414/501/1257 416/956/1258
f 419/1555/1259 417/173/1260 416/956/1261
f 419/1555/1259 416/956/1261 418/257/1262
f 376/1899/1263 386/1456/1264 385/497/1265
f 376/1899/1263 385/497/1265 374/636/1266
f 375/2090/1267 419/1555/1268 418/257/1269
f 375/2090/1267 418/257/1269 373/152/1270
f 357/21/1271 321/1485/1272 373/152/1273
f 357/21/1271 373/152/1273 418/257/1274
f 356/1026/1275 453/1042/1276 387/762/1277
f 356/1026/1275 387/762/1277 389/532/1278
f 336/1386/1279 338/339/1280 406/509/1281
f 336/1386/1279 406/509/1281 408/668/1282
f 355/1282/1283 353/1549/1284 390/2261/1285
f 355/1282/1283 390/2261/1285 388/2253/1286
f 337/1411/1287 335/264/1288 407/2112/1289
f 337/1411/1287 407/2112/1289 405/219/1290
f 347/1971/1291 320/2036/1292 375/1849/1293
f 347/1971/1291 375/1849/1293 396/854/1294
f 354/486/1295 356/1026/1296 389/532/1297
f 354/486/1295 389/532/1297 391/1617/1298
f 323/1124/1299 348/1006/1300 397/1929/1301
f 323/1124/1299 397/1929/1301 374/1395/1302
f 353/1549/1303 351/562/1304 392/948/1305
f 353/1549/1303 392/948/1305 390/2261/1306
f 321/2176/1307 336/1386/1308 408/668/1309
f 321/2176/1307 408/668/1309 373/2094/1310
f 335/264/1311 322/1659/1312 376/2375/1313
f 335/264/1311 376/2375/1313 407/2112/1314
f 352/351/1315 354/486/1316 391/1617/1317
f 352/351/1315 391/1617/1317 393/271/1318
f 351/562/1319 349/871/1320 394/86/1321
f 351/562/1319 394/86/1321 392/948/1322
f 366/1605/1323 476/1348/1324 411/1712/1325
f 366/1605/1323 411/1712/1325 410/716/1326
f 333/340/1327 334/1284/1328 368/736/1329
f 333/340/1327 368/736/1329 378/298/1330
f 350/723/1331 352/351/1332 393/271/1333
f 350/723/1331 393/271/1333 395/1035/1334
f 367/2180/1335 365/1076/1336 409/1488/1337
f 367/2180/1335 409/1488/1337 372/1602/1338
f 349/871/1339 347/1971/1340 396/854/1341
f 349/871/1339 396/854/1341 394/86/1342
f 364/1278/1343 366/1605/1344 410/716/1345
f 364/1278/1343 410/716/1345 413/1322/1346
f 348/1006/1347 350/723/1348 395/1035/1349
f 348/1006/1347 395/1035/1349 397/1929/1350
f 331/362/1351 333/340/1352 378/298/1353
f 331/362/1351 378/298/1353 380/139/1354
f 365/1076/1355 363/67/1356 412/1065/1357
f 365/1076/1355 412/1065/1357 409/1488/1358
f 332/1218/1359 330/1689/1360 379/411/1361
f 332/1218/1359 379/411/1361 377/2175/1362
f 375/1182/1363 373/1869/1364 423/812/1365
f 375/1182/1363 423/812/1365 421/1825/1366
f 376/851/1367 374/1144/1368 420/2008/1369
f 376/851/1367 420/2008/1369 425/312/1370
f 373/448/1371 376/2007/1372 425/429/1373
f 373/448/1371 425/429/1373 423/267/1374
f 422/180/1375 426/1420/1376 420/1708/1377
f 421/1997/1378 430/2278/1379 428/225/1380
f 421/1997/1378 428/225/1380 422/180/1381
f 423/22/1382 427/621/1383 424/1033/1384
f 425/1079/1385 426/1420/1386 427/621/1387
f 424/1033/1388 427/621/1389 429/1870/1390
f 424/1033/1388 429/1870/1390 428/225/1391
f 425/312/1392 420/2008/1393 426/1740/1394
f 420/158/1395 421/1836/1396 422/1881/1397
f 421/1825/1398 423/812/1399 424/2242/1400
f 421/1825/1398 424/2242/1400 430/1193/1401
f 423/267/1402 425/429/1403 427/1375/1404
f 422/180/1405 429/1870/1406 426/1420/1407
usemtl brickwall1
f 428/1141/1408 430/1329/1409 424/1143/1410
usemtl stonetrims
f 426/1420/1411 429/1870/1412 427/621/1413
f 428/225/1414 429/1870/1415 422/180/1416
f 281/1047/1417 459/2159/1418 440/187/1419
f 281/1047/1417 440/187/1419 433/474/1420
f 346/1705/1421 371/276/1422 447/1200/1423
f 346/1705/1421 447/1200/1423 442/2291/1424
f 334/2202/1425 303/1418/1426 436/1939/1427
f 334/2202/1425 436/1939/1427 439/1941/1428
f 296/1904/1429 346/162/1430 442/2104/1431
f 296/1904/1429 442/2104/1431 435/1853/1432
f 387/762/1433 453/1042/1434 458/933/1435
f 387/762/1433 458/933/1435 449/552/1436
f 345/1372/1437 309/1268/1438 437/1279/1439
f 345/1372/1437 437/1279/1439 441/1707/1440
f 372/1602/1441 411/1712/1442 451/1274/1443
f 372/1602/1441 451/1274/1443 448/1745/1444
f 368/736/1445 334/1284/1446 439/263/1447
f 368/736/1445 439/263/1447 444/1657/1448
f 400/1122/1449 345/335/1450 441/1153/1451
f 400/1122/1449 441/1153/1451 450/1199/1452
f 315/2071/1453 367/1809/1454 443/1463/1455
f 315/2071/1453 443/1463/1455 438/2228/1456
f 370/1397/1457 387/762/1458 449/552/1459
f 370/1397/1457 449/552/1459 446/1759/1460
f 411/1712/1461 476/1348/1462 473/2047/1463
f 411/1712/1461 473/2047/1463 451/1274/1464
f 476/89/1465 271/1574/1466 431/2358/1467
f 476/89/1465 431/2358/1467 473/730/1468
f 371/276/1469 400/1122/1470 450/1199/1471
f 371/276/1469 450/1199/1471 447/1200/1472
f 453/630/1473 287/922/1474 434/368/1475
f 453/630/1473 434/368/1475 458/2048/1476
f 369/1905/1477 368/736/1478 444/1657/1479
f 369/1905/1477 444/1657/1479 445/1805/1480
f 277/244/1481 466/202/1482 475/1224/1483
f 277/244/1481 475/1224/1483 432/1054/1484
f 367/2180/1485 372/1602/1486 448/1745/1487
f 367/2180/1485 448/1745/1487 443/1785/1488
f 374/2183/1489 375/2122/1490 421/1836/1491
f 374/2183/1489 421/1836/1491 420/158/1492
f 465/1107/1493 461/1321/1494 285/1092/1495
f 465/1107/1493 285/1092/1495 282/728/1496
f 456/1540/1497 463/404/1498 290/1821/1499
f 456/1540/1497 290/1821/1499 286/1867/1500
f 455/303/1501 459/2159/1502 281/1047/1503
f 455/303/1501 281/1047/1503 291/669/1504
f 459/384/1505 332/1218/1506 377/2175/1507
f 459/384/1505 377/2175/1507 369/1905/1508
usemtl brickwall1
f 460/363/1509 457/1036/1510 352/415/1511
f 460/363/1509 352/415/1511 350/722/1512
f 457/1036/1513 454/1670/1514 354/1167/1515
f 457/1036/1513 354/1167/1515 352/415/1516
usemtl stonetrims
f 440/1082/1517 459/384/1518 369/1905/1519
f 440/1082/1517 369/1905/1519 445/1805/1520
f 461/1321/1521 456/1540/1522 286/1867/1523
f 461/1321/1521 286/1867/1523 285/1092/1524
f 463/404/1525 455/303/1526 291/669/1527
f 463/404/1525 291/669/1527 290/1821/1528
usemtl brickwall1
f 462/1541/1529 460/363/1530 350/722/1531
f 462/1541/1529 350/722/1531 348/104/1532
f 452/1365/1533 462/1541/1534 348/104/1535
f 452/1365/1533 348/104/1535 323/1117/1536
usemtl stonetrims
f 452/1947/1537 465/1107/1538 282/728/1539
f 452/1947/1537 282/728/1539 289/512/1540
usemtl brickwall1
f 454/1670/1541 464/927/1542 356/1025/1543
f 454/1670/1541 356/1025/1543 354/1167/1544
f 464/927/1545 453/1391/1546 356/1025/1547
f 468/1873/1548 477/1529/1549 349/101/1550
f 468/1873/1548 349/101/1550 351/979/1551
f 466/1481/1552 474/1011/1553 355/1125/1554
f 477/1529/1555 469/2221/1556 347/1919/1557
f 477/1529/1555 347/1919/1557 349/101/1558
usemtl stonetrims
f 470/2289/1559 480/2214/1560 280/1236/1561
f 470/2289/1559 280/1236/1561 272/1625/1562
f 472/2185/1563 470/2289/1564 272/1625/1565
f 472/2185/1563 272/1625/1565 275/1285/1566
f 471/1914/1567 479/1231/1568 276/1893/1569
f 471/1914/1567 276/1893/1569 279/588/1570
f 476/89/1571 478/1900/1572 268/2135/1573
f 476/89/1571 268/2135/1573 271/1574/1574
f 466/1888/1575 355/1282/1576 388/2253/1577
f 466/1888/1575 388/2253/1577 370/1397/1578
usemtl brickwall1
f 474/1011/1579 467/493/1580 353/1048/1581
f 474/1011/1579 353/1048/1581 355/1125/1582
f 467/493/1583 468/1873/1584 351/979/1585
f 467/493/1583 351/979/1585 353/1048/1586
f 469/2221/1587 480/2173/1588 320/2288/1589
f 469/2221/1587 320/2288/1589 347/1919/1590
usemtl stonetrims
f 479/1231/1591 472/2185/1592 275/1285/1593
f 479/1231/1591 275/1285/1593 276/1893/1594
f 478/1900/1595 471/1914/1596 279/588/1597
f 478/1900/1595 279/588/1597 268/2135/1598
f 475/19/1599 466/1888/1600 370/1397/1601
f 475/19/1599 370/1397/1601 446/1759/1602
usemtl brickwall1
f 485/1884/1603 491/692/1604 342/792/1605
f 485/1884/1603 342/792/1605 340/1074/1606
f 491/692/1607 487/475/1608 344/626/1609
f 491/692/1607 344/626/1609 342/792/1610
f 484/140/1611 490/2365/1612 338/2373/1613
f 484/140/1611 338/2373/1613 336/2030/1614
usemtl stonetrims
f 488/356/1615 483/686/1616 308/797/1617
f 488/356/1615 308/797/1617 307/1269/1618
f 481/2334/1619 482/1760/1620 312/29/1621
f 481/2334/1619 312/29/1621 311/1334/1622
f 486/744/1623 488/356/1624 307/1269/1625
f 486/744/1623 307/1269/1625 316/2123/1626
usemtl brickwall1
f 489/1960/1627 484/140/1628 336/2030/1629
f 489/1960/1627 336/2030/1629 321/1829/1630
f 487/475/1631 345/1387/1632 344/626/1633
f 490/2365/1634 485/1884/1635 340/1074/1636
f 490/2365/1634 340/1074/1636 338/2373/1637
usemtl stonetrims
f 489/1874/1638 486/744/1639 316/2123/1640
f 489/1874/1638 316/2123/1640 319/1325/1641
f 483/686/1642 481/2334/1643 311/1334/1644
f 483/686/1642 311/1334/1644 308/797/1645
f 482/1760/1646 367/1809/1647 315/2071/1648
f 482/1760/1646 315/2071/1648 312/29/1649
usemtl brickwall1
f 502/1812/1650 495/1607/1651 339/389/1652
f 502/1812/1650 339/389/1652 341/2377/1653
usemtl stonetrims
f 500/1843/1654 492/2100/1655 294/1584/1656
f 500/1843/1654 294/1584/1656 295/1979/1657
f 501/2182/1658 499/472/1659 298/1633/1660
f 501/2182/1658 298/1633/1660 300/885/1661
f 496/872/1662 494/421/1663 299/757/1664
f 496/872/1662 299/757/1664 304/1503/1665
usemtl brickwall1
f 495/1607/1666 498/1668/1667 337/1211/1668
f 495/1607/1666 337/1211/1668 339/389/1669
f 346/2155/1670 497/1425/1671 343/1627/1672
f 498/1668/1673 493/934/1674 335/56/1675
f 498/1668/1673 335/56/1675 337/1211/1676
f 497/1425/1677 502/1812/1678 341/2377/1679
f 497/1425/1677 341/2377/1679 343/1627/1680
f 493/934/1681 494/1381/1682 322/1683/1683
f 493/934/1681 322/1683/1683 335/56/1684
usemtl stonetrims
f 499/472/1685 500/1843/1686 295/1979/1687
f 499/472/1685 295/1979/1687 298/1633/1688
f 334/2202/1689 501/2182/1690 300/885/1691
f 334/2202/1689 300/885/1691 303/1418/1692
f 492/2100/1693 496/872/1694 304/1503/1695
f 492/2100/1693 304/1503/1695 294/1584/1696
f 505/631/1697 515/2165/1698 715/774/1699
f 505/631/1697 715/774/1699 704/1840/1700
usemtl brickwall1
f 559/1240/1701 561/899/1702 696/2367/1703
f 559/1240/1701 696/2367/1703 700/1183/1704
f 561/899/1705 563/42/1706 691/2254/1707
f 561/899/1705 691/2254/1707 696/2367/1708
f 563/42/1709 565/361/1710 698/1139/1711
f 563/42/1709 698/1139/1711 691/2254/1712
f 565/361/1713 567/23/1714 690/99/1715
f 565/361/1713 690/99/1715 698/1139/1716
f 567/23/1717 694/1019/1718 690/99/1719
f 556/358/1720 592/1178/1721 721/666/1722
f 556/358/1720 721/666/1722 724/2098/1723
f 562/2299/1724 727/2013/1725 735/1577/1726
f 562/2299/1724 735/1577/1726 564/2345/1727
f 564/2345/1728 735/1577/1729 734/1050/1730
f 564/2345/1728 734/1050/1730 566/1185/1731
f 566/1185/1732 734/1050/1733 736/1634/1734
f 566/1185/1732 736/1634/1734 568/2127/1735
f 568/2127/1736 736/1634/1737 569/2137/1738
usemtl stonetrims
f 549/918/1739 553/849/1740 725/1709/1741
f 549/918/1739 725/1709/1741 719/873/1742
f 524/1442/1743 528/81/1744 697/1676/1745
f 524/1442/1743 697/1676/1745 687/504/1746
usemtl brickwall1
f 593/1608/1747 705/1510/1748 707/1980/1749
f 593/1608/1747 707/1980/1749 595/717/1750
f 595/717/1751 707/1980/1752 714/1186/1753
f 595/717/1751 714/1186/1753 597/376/1754
f 597/376/1755 714/1186/1756 706/571/1757
f 597/376/1755 706/571/1757 599/1084/1758
f 599/1084/1759 706/571/1760 713/1774/1761
f 599/1084/1759 713/1774/1761 601/1324/1762
f 601/1324/1763 713/1774/1764 711/1731/1765
f 558/2060/1766 559/1240/1767 700/1183/1768
f 558/2060/1766 700/1183/1768 687/2302/1769
f 594/2384/1770 596/1517/1771 718/880/1772
f 594/2384/1770 718/880/1772 723/1429/1773
f 596/1517/1774 598/329/1775 716/2096/1776
f 596/1517/1774 716/2096/1776 718/880/1777
f 598/329/1778 600/754/1779 717/297/1780
f 598/329/1778 717/297/1780 716/2096/1781
f 600/754/1782 602/237/1783 717/297/1784
f 592/1178/1785 594/2384/1786 723/1429/1787
f 592/1178/1785 723/1429/1787 721/666/1788
usemtl stonetrims
f 527/1822/1789 518/2109/1790 699/1029/1791
f 527/1822/1789 699/1029/1791 689/1820/1792
f 519/817/1793 523/468/1794 692/1359/1795
f 519/817/1793 692/1359/1795 695/1140/1796
f 518/2109/1797 522/1847/1798 688/1559/1799
f 518/2109/1797 688/1559/1799 699/1029/1800
f 523/468/1801 527/1822/1802 689/1820/1803
f 523/468/1801 689/1820/1803 692/1359/1804
usemtl brickwall1
f 560/1582/1805 731/770/1806 727/2013/1807
f 560/1582/1805 727/2013/1807 562/2299/1808
usemtl stonetrims
f 508/1001/1809 504/2174/1810 702/87/1811
f 508/1001/1809 702/87/1811 709/1369/1812
f 513/1815/1813 509/283/1814 712/286/1815
f 513/1815/1813 712/286/1815 703/1356/1816
f 554/2265/1817 549/918/1818 719/873/1819
f 554/2265/1817 719/873/1819 724/424/1820
f 512/408/1821 508/1001/1822 709/1369/1823
f 512/408/1821 709/1369/1823 701/1136/1824
f 504/2174/1825 513/1815/1826 703/1356/1827
f 504/2174/1825 703/1356/1827 702/87/1828
f 509/283/1829 505/631/1830 704/1840/1831
f 509/283/1829 704/1840/1831 712/286/1832
f 552/2077/1833 544/2193/1834 580/2310/1835
f 552/2077/1833 580/2310/1835 722/1722/1836
f 545/2354/1837 548/319/1838 726/1761/1839
f 545/2354/1837 726/1761/1839 720/755/1840
f 528/81/1841 519/817/1842 695/1140/1843
f 528/81/1841 695/1140/1843 697/1676/1844
f 548/319/1845 552/2077/1846 722/1722/1847
f 548/319/1845 722/1722/1847 726/1761/1848
f 553/849/1849 545/2354/1850 720/755/1851
f 553/849/1849 720/755/1851 725/1709/1852
usemtl brickwall1
f 555/45/1853 715/737/1854 705/1510/1855
f 555/45/1853 705/1510/1855 593/1608/1856
usemtl stonetrims
f 531/464/1857 540/385/1858 732/203/1859
f 531/464/1857 732/203/1859 581/1085/1860
f 536/697/1861 532/156/1862 730/708/1863
f 536/697/1861 730/708/1863 737/1530/1864
f 541/2323/1865 537/1355/1866 728/1578/1867
f 541/2323/1865 728/1578/1867 733/783/1868
usemtl brickwall1
f 557/210/1869 729/1543/1870 731/770/1871
f 557/210/1869 731/770/1871 560/1582/1872
usemtl stonetrims
f 540/385/1873 536/697/1874 737/1530/1875
f 540/385/1873 737/1530/1875 732/203/1876
f 532/156/1877 541/2323/1878 733/783/1879
f 532/156/1877 733/783/1879 730/708/1880
f 537/1355/1881 534/897/1882 729/572/1883
f 537/1355/1881 729/572/1883 728/1578/1884
f 574/65/1885 572/2348/1886 640/373/1887
f 574/65/1885 640/373/1887 638/1128/1888
f 555/1264/1889 593/1936/1890 654/1693/1891
f 555/1264/1889 654/1693/1891 610/645/1892
f 573/1280/1893 575/1179/1894 639/1597/1895
f 573/1280/1893 639/1597/1895 641/1435/1896
f 559/36/1897 558/2292/1898 609/1566/1899
f 559/36/1897 609/1566/1899 620/640/1900
f 557/1095/1901 560/1565/1902 621/1594/1903
f 557/1095/1901 621/1594/1903 611/457/1904
f 561/1742/1905 559/36/1906 620/640/1907
f 561/1742/1905 620/640/1907 618/2054/1908
f 576/2383/1909 574/65/1910 638/1128/1911
f 576/2383/1909 638/1128/1911 636/2385/1912
f 594/218/1913 592/166/1914 653/1198/1915
f 594/218/1913 653/1198/1915 651/1078/1916
f 560/1565/1917 562/417/1918 619/1798/1919
f 560/1565/1917 619/1798/1919 621/1594/1920
f 575/1179/1921 577/694/1922 637/2286/1923
f 575/1179/1921 637/2286/1923 639/1597/1924
f 593/1936/1925 595/759/1926 652/309/1927
f 593/1936/1925 652/309/1927 654/1693/1928
f 563/220/1929 561/1742/1930 618/2054/1931
f 563/220/1929 618/2054/1931 616/752/1932
f 578/1753/1933 576/2383/1934 636/2385/1935
f 578/1753/1933 636/2385/1935 633/2362/1936
f 596/24/1937 594/218/1938 651/1078/1939
f 596/24/1937 651/1078/1939 649/1424/1940
f 562/417/1941 564/1930/1942 617/1710/1943
f 562/417/1941 617/1710/1943 619/1798/1944
f 577/694/1945 579/488/1946 634/1252/1947
f 577/694/1945 634/1252/1947 637/2286/1948
f 595/759/1949 597/1018/1950 650/1901/1951
f 595/759/1949 650/1901/1951 652/309/1952
f 565/215/1953 563/220/1954 616/752/1955
f 565/215/1953 616/752/1955 614/1335/1956
f 581/226/1957 578/1753/1958 633/2362/1959
f 581/226/1957 633/2362/1959 606/1212/1960
f 598/1014/1961 596/24/1962 649/1424/1963
f 598/1014/1961 649/1424/1963 647/1210/1964
f 564/1930/1965 566/526/1966 615/1068/1967
f 564/1930/1965 615/1068/1967 617/1710/1968
f 597/1018/1969 599/2209/1970 648/2259/1971
f 597/1018/1969 648/2259/1971 650/1901/1972
f 579/488/1973 580/1275/1974 635/2062/1975
f 579/488/1973 635/2062/1975 634/1252/1976
f 613/477/1977 603/1662/1978 604/465/1979
f 613/477/1977 604/465/1979 612/740/1980
f 615/1068/1981 613/477/1982 612/740/1983
f 615/1068/1981 612/740/1983 614/1335/1984
f 617/1710/1985 615/1068/1986 614/1335/1987
f 617/1710/1985 614/1335/1987 616/752/1988
f 619/1798/1989 617/1710/1990 616/752/1991
f 619/1798/1989 616/752/1991 618/2054/1992
f 621/1594/1993 619/1798/1994 618/2054/1995
f 621/1594/1993 618/2054/1995 620/640/1996
f 605/2336/1997 623/801/1998 624/1479/1999
f 605/2336/1997 624/1479/1999 622/1691/2000
f 623/801/2001 625/809/2002 626/1770/2003
f 623/801/2001 626/1770/2003 624/1479/2004
f 625/809/2005 627/1863/2006 628/444/2007
f 625/809/2005 628/444/2007 626/1770/2008
f 627/1863/2009 629/1027/2010 630/1966/2011
f 627/1863/2009 630/1966/2011 628/444/2012
f 629/1027/2013 631/1804/2014 632/490/2015
f 629/1027/2013 632/490/2015 630/1966/2016
f 634/1252/2017 635/2062/2018 606/1212/2019
f 634/1252/2017 606/1212/2019 633/2362/2020
f 637/2286/2021 634/1252/2022 633/2362/2023
f 637/2286/2021 633/2362/2023 636/2385/2024
f 639/1597/2025 637/2286/2026 636/2385/2027
f 639/1597/2025 636/2385/2027 638/1128/2028
f 641/1435/2029 639/1597/2030 638/1128/2031
f 641/1435/2029 638/1128/2031 640/373/2032
f 643/1592/2033 641/1435/2034 640/373/2035
f 643/1592/2033 640/373/2035 642/679/2036
f 631/1804/2037 610/397/2038 609/2335/2039
f 631/1804/2037 609/2335/2039 632/490/2040
f 608/657/2041 643/1592/2042 642/679/2043
f 608/657/2041 642/679/2043 611/127/2044
f 645/850/2045 646/232/2046 607/1758/2047
f 645/850/2045 607/1758/2047 644/1620/2048
f 648/2259/2049 645/850/2050 644/1620/2051
f 648/2259/2049 644/1620/2051 647/1210/2052
f 650/1901/2053 648/2259/2054 647/1210/2055
f 650/1901/2053 647/1210/2055 649/1424/2056
f 652/309/2057 650/1901/2058 649/1424/2059
f 652/309/2057 649/1424/2059 651/1078/2060
f 654/1693/2061 652/309/2062 651/1078/2063
f 654/1693/2061 651/1078/2063 653/1198/2064
f 611/457/2065 621/1594/2066 620/640/2067
f 611/457/2065 620/640/2067 609/1566/2068
f 610/645/2069 654/1693/2070 653/1198/2071
f 610/645/2069 653/1198/2071 608/288/2072
f 592/166/2073 556/1618/2074 608/288/2075
f 592/166/2073 608/288/2075 653/1198/2076
f 591/1954/2077 688/1981/2078 622/1691/2079
f 591/1954/2077 622/1691/2079 624/1479/2080
f 571/2324/2081 573/1280/2082 641/1435/2083
f 571/2324/2081 641/1435/2083 643/1592/2084
f 590/2213/2085 588/1686/2086 625/809/2087
f 590/2213/2085 625/809/2087 623/801/2088
f 572/2348/2089 570/1203/2090 642/679/2091
f 572/2348/2089 642/679/2091 640/373/2092
f 582/522/2093 555/581/2094 610/397/2095
f 582/522/2093 610/397/2095 631/1804/2096
f 589/633/2097 591/1954/2098 624/1479/2099
f 589/633/2097 624/1479/2099 626/1770/2100
f 558/2063/2101 583/1916/2102 632/490/2103
f 558/2063/2101 632/490/2103 609/2335/2104
f 588/1686/2105 586/1509/2106 627/1863/2107
f 588/1686/2105 627/1863/2107 625/809/2108
f 556/742/2109 571/2324/2110 643/1592/2111
f 556/742/2109 643/1592/2111 608/657/2112
f 570/1203/2113 557/192/2114 611/127/2115
f 570/1203/2113 611/127/2115 642/679/2116
f 587/515/2117 589/633/2118 626/1770/2119
f 587/515/2117 626/1770/2119 628/444/2120
f 586/1509/2121 584/1022/2122 629/1027/2123
f 586/1509/2121 629/1027/2123 627/1863/2124
f 601/143/2125 711/2287/2126 646/232/2127
f 601/143/2125 646/232/2127 645/850/2128
f 568/1281/2129 569/2215/2130 603/1662/2131
f 568/1281/2129 603/1662/2131 613/477/2132
f 585/1649/2133 587/515/2134 628/444/2135
f 585/1649/2133 628/444/2135 630/1966/2136
f 602/749/2137 600/2020/2138 644/1620/2139
f 602/749/2137 644/1620/2139 607/1758/2140
f 584/1022/2141 582/522/2142 631/1804/2143
f 584/1022/2141 631/1804/2143 629/1027/2144
f 599/2209/2145 601/143/2146 645/850/2147
f 599/2209/2145 645/850/2147 648/2259/2148
f 583/1916/2149 585/1649/2150 630/1966/2151
f 583/1916/2149 630/1966/2151 632/490/2152
f 566/526/2153 568/1281/2154 613/477/2155
f 566/526/2153 613/477/2155 615/1068/2156
f 600/2020/2157 598/1014/2158 647/1210/2159
f 600/2020/2157 647/1210/2159 644/1620/2160
f 567/1373/2161 565/215/2162 614/1335/2163
f 567/1373/2161 614/1335/2163 612/740/2164
f 610/1333/2165 608/419/2166 658/1754/2167
f 610/1333/2165 658/1754/2167 656/354/2168
f 611/1799/2169 609/1296/2170 655/555/2171
f 611/1799/2169 655/555/2171 660/481/2172
f 608/1368/2173 611/554/2174 660/577/2175
f 608/1368/2173 660/577/2175 658/1209/2176
f 657/1106/2177 661/2356/2178 655/229/2179
f 656/544/2180 665/37/2181 663/1156/2182
f 656/544/2180 663/1156/2182 657/1106/2183
f 658/972/2184 662/764/2185 659/1157/2186
f 660/2026/2187 661/2356/2188 662/764/2189
f 659/1157/2190 662/764/2191 664/420/2192
f 659/1157/2190 664/420/2192 663/1156/2193
f 660/481/2194 655/555/2195 661/256/2196
f 655/1081/2197 656/365/2198 657/433/2199
f 656/354/2200 658/1754/2201 659/791/2202
f 656/354/2200 659/791/2202 665/2126/2203
f 658/1209/2204 660/577/2205 662/2315/2206
f 657/1106/2207 664/420/2208 661/2356/2209
usemtl brickwall1
f 663/2085/2210 665/2268/2211 659/2086/2212
usemtl stonetrims
f 661/2356/2213 664/420/2214 662/764/2215
f 663/1156/2216 664/420/2217 657/1106/2218
f 516/1195/2219 694/727/2220 675/1116/2221
f 516/1195/2219 675/1116/2221 668/615/2222
f 581/226/2223 606/1212/2224 682/2133/2225
f 581/226/2223 682/2133/2225 677/835/2226
f 569/760/2227 538/2355/2228 671/498/2229
f 569/760/2227 671/498/2229 674/500/2230
f 531/464/2231 581/1085/2232 677/670/2233
f 531/464/2231 677/670/2233 670/401/2234
f 622/1691/2235 688/1981/2236 693/1850/2237
f 622/1691/2235 693/1850/2237 684/1496/2238
f 580/2310/2239 544/2193/2240 672/2210/2241
f 580/2310/2239 672/2210/2241 676/228/2242
f 607/1758/2243 646/232/2244 686/2205/2245
f 607/1758/2243 686/2205/2245 683/1880/2246
f 603/1662/2247 569/2215/2248 674/1201/2249
f 603/1662/2247 674/1201/2249 679/191/2250
f 635/2062/2251 580/1275/2252 676/1310/2253
f 635/2062/2251 676/1310/2253 685/2132/2254
f 550/627/2255 602/327/2256 678/2382/2257
f 550/627/2255 678/2382/2257 673/2381/2258
f 605/2336/2259 622/1691/2260 684/1496/2261
f 605/2336/2259 684/1496/2261 681/275/2262
f 646/232/2263 711/2287/2264 708/591/2265
f 646/232/2263 708/591/2265 686/2205/2266
f 711/222/2267 506/102/2268 666/896/2269
f 711/222/2267 666/896/2269 708/1660/2270
f 606/1212/2271 635/2062/2272 685/2132/2273
f 606/1212/2271 685/2132/2273 682/2133/2274
f 688/1559/2275 522/1847/2276 669/1299/2277
f 688/1559/2275 669/1299/2277 693/594/2278
f 604/465/2279 603/1662/2280 679/191/2281
f 604/465/2279 679/191/2281 680/1932/2282
f 512/408/2283 701/1136/2284 710/1379/2285
f 512/408/2283 710/1379/2285 667/1996/2286
f 602/749/2287 607/1758/2288 683/1880/2289
f 602/749/2287 683/1880/2289 678/307/2290
f 609/750/2291 610/2274/2292 656/365/2293
f 609/750/2291 656/365/2293 655/1081/2294
f 700/1261/2295 696/1489/2296 520/2043/2297
f 700/1261/2295 520/2043/2297 517/1654/2298
f 691/63/2299 698/1326/2300 525/1959/2301
f 691/63/2299 525/1959/2301 521/418/2302
f 690/1241/2303 694/727/2304 516/1195/2305
f 690/1241/2303 516/1195/2305 526/1593/2306
f 694/1315/2307 567/1373/2308 612/740/2309
f 694/1315/2307 612/740/2309 604/465/2310
usemtl brickwall1
f 695/1294/2311 692/1968/2312 587/1338/2313
f 695/1294/2311 587/1338/2313 585/1648/2314
f 692/1968/2315 689/201/2316 589/2106/2317
f 692/1968/2315 589/2106/2317 587/1338/2318
usemtl stonetrims
f 675/1235/2319 694/1315/2320 604/465/2321
f 675/1235/2319 604/465/2321 680/1932/2322
f 696/1489/2323 691/63/2324 521/418/2325
f 696/1489/2323 521/418/2325 520/2043/2326
f 698/1326/2327 690/1241/2328 526/1593/2329
f 698/1326/2327 526/1593/2329 525/1959/2330
usemtl brickwall1
f 697/1680/2331 695/1294/2332 585/1648/2333
f 697/1680/2331 585/1648/2333 583/1041/2334
f 687/2302/2335 697/1680/2336 583/1041/2337
f 687/2302/2335 583/1041/2337 558/2060/2338
usemtl stonetrims
f 687/504/2339 700/1261/2340 517/1654/2341
f 687/504/2339 517/1654/2341 524/1442/2342
usemtl brickwall1
f 689/201/2343 699/1848/2344 591/1952/2345
f 689/201/2343 591/1952/2345 589/2106/2346
f 699/1848/2347 688/2330/2348 591/1952/2349
f 703/422/2350 712/52/2351 584/1039/2352
f 703/422/2350 584/1039/2352 586/1894/2353
f 701/3/2354 709/1924/2355 590/2064/2356
f 712/52/2357 704/782/2358 582/482/2359
f 712/52/2357 582/482/2359 584/1039/2360
usemtl stonetrims
f 705/833/2361 715/774/2362 515/2165/2363
f 705/833/2361 515/2165/2363 507/163/2364
f 707/751/2365 705/833/2366 507/163/2367
f 707/751/2365 507/163/2367 510/2218/2368
f 706/479/2369 714/1388/2370 511/449/2371
f 706/479/2369 511/449/2371 514/746/2372
f 711/222/2373 713/458/2374 503/704/2375
f 711/222/2373 503/704/2375 506/102/2376
f 701/442/2377 590/2213/2378 623/801/2379
f 701/442/2377 623/801/2379 605/2336/2380
usemtl brickwall1
f 709/1924/2381 702/637/2382 588/1991/2383
f 709/1924/2381 588/1991/2383 590/2064/2384
f 702/637/2385 703/422/2386 586/1894/2387
f 702/637/2385 586/1894/2387 588/1991/2388
f 704/782/2389 715/737/2390 555/45/2391
f 704/782/2389 555/45/2391 582/482/2392
usemtl stonetrims
f 714/1388/2393 707/751/2394 510/2218/2395
f 714/1388/2393 510/2218/2395 511/449/2396
f 713/458/2397 706/479/2398 514/746/2399
f 713/458/2397 514/746/2399 503/704/2400
f 710/968/2401 701/442/2402 605/2336/2403
f 710/968/2401 605/2336/2403 681/275/2404
usemtl brickwall1
f 720/436/2405 726/1609/2406 577/1733/2407
f 720/436/2405 577/1733/2407 575/2017/2408
f 726/1609/2409 722/1394/2410 579/771/2411
f 726/1609/2409 579/771/2411 577/1733/2412
f 719/1069/2413 725/112/2414 573/126/2415
f 719/1069/2413 573/126/2415 571/2166/2416
usemtl stonetrims
f 723/519/2417 718/1604/2418 543/960/2419
f 723/519/2417 543/960/2419 542/2194/2420
f 716/866/2421 717/1896/2422 547/977/2423
f 716/866/2421 547/977/2423 546/2272/2424
f 721/1667/2425 723/519/2426 542/2194/2427
f 721/1667/2425 542/2194/2427 551/696/2428
usemtl brickwall1
f 724/2098/2429 719/1069/2430 571/2166/2431
f 724/2098/2429 571/2166/2431 556/358/2432
f 722/1394/2433 580/1546/2434 579/771/2435
f 725/112/2436 720/436/2437 575/2017/2438
f 725/112/2436 575/2017/2438 573/126/2439
usemtl stonetrims
f 724/424/2440 721/1667/2441 551/696/2442
f 724/424/2440 551/696/2442 554/2265/2443
f 718/1604/2444 716/866/2445 546/2272/2446
f 718/1604/2444 546/2272/2446 543/960/2447
f 717/1896/2448 602/327/2449 550/627/2450
f 717/1896/2448 550/627/2450 547/977/2451
usemtl brickwall1
f 737/330/2452 730/147/2453 574/1320/2454
f 737/330/2452 574/1320/2454 576/132/2455
usemtl stonetrims
f 735/379/2456 727/2258/2457 529/121/2458
f 735/379/2456 529/121/2458 530/528/2459
f 736/2351/2460 734/1390/2461 533/1790/2462
f 736/2351/2460 533/1790/2462 535/1824/2463
f 731/1817/2464 729/572/2465 534/897/2466
f 731/1817/2464 534/897/2466 539/25/2467
usemtl brickwall1
f 730/147/2468 733/200/2469 572/2143/2470
f 730/147/2468 572/2143/2470 574/1320/2471
f 581/724/2472 732/2360/2473 578/164/2474
f 733/200/2475 728/1851/2476 570/1007/2477
f 733/200/2475 570/1007/2477 572/2143/2478
f 732/2360/2479 737/330/2480 576/132/2481
f 732/2360/2479 576/132/2481 578/164/2482
f 728/1851/2483 729/1543/2484 557/210/2485
f 728/1851/2483 557/210/2485 570/1007/2486
usemtl stonetrims
f 734/1390/2487 735/379/2488 530/528/2489
f 734/1390/2487 530/528/2489 533/1790/2490
f 569/760/2491 736/2351/2492 535/1824/2493
f 569/760/2491 535/1824/2493 538/2355/2494
f 727/2258/2495 731/1817/2496 539/25/2497
f 727/2258/2495 539/25/2497 529/121/2498
f 740/1560/2499 750/2332/2500 950/915/2501
f 740/1560/2499 950/915/2501 939/1984/2502
usemtl brickwall1
f 794/1400/2503 796/1835/2504 931/908/2505
f 794/1400/2503 931/908/2505 935/2116/2506
f 796/1835/2507 798/992/2508 926/11/2509
f 796/1835/2507 926/11/2509 931/908/2510
f 798/992/2511 800/525/2512 933/2079/2513
f 798/992/2511 933/2079/2513 926/11/2514
f 800/525/2515 802/973/2516 925/236/2517
f 800/525/2515 925/236/2517 933/2079/2518
f 802/973/2519 929/1942/2520 925/236/2521
f 791/1292/2522 827/1328/2523 956/1590/2524
f 791/1292/2522 956/1590/2524 959/662/2525
f 797/838/2526 962/559/2527 970/105/2528
f 797/838/2526 970/105/2528 799/876/2529
f 799/876/2530 970/105/2531 969/1992/2532
f 799/876/2530 969/1992/2532 801/2119/2533
f 801/2119/2534 969/1992/2535 971/176/2536
f 801/2119/2534 971/176/2536 803/2277/2537
f 803/2277/2538 971/176/2539 804/707/2540
usemtl stonetrims
f 784/1846/2541 788/1795/2542 960/230/2543
f 784/1846/2541 960/230/2543 954/1023/2544
f 759/2369/2545 763/1021/2546 932/204/2547
f 759/2369/2545 932/204/2547 922/644/2548
usemtl brickwall1
f 828/149/2549 940/1641/2550 942/529/2551
f 828/149/2549 942/529/2551 830/1638/2552
f 830/1638/2553 942/529/2554 949/2120/2555
f 830/1638/2553 949/2120/2555 832/1307/2556
f 832/1307/2557 949/2120/2558 941/1515/2559
f 832/1307/2557 941/1515/2559 834/2031/2560
f 834/2031/2561 941/1515/2562 948/291/2563
f 834/2031/2561 948/291/2563 836/2264/2564
f 836/2264/2565 948/291/2566 946/247/2567
f 793/614/2568 794/1400/2569 935/2116/2570
f 793/614/2568 935/2116/2570 922/844/2571
f 829/941/2572 831/39/2573 953/1030/2574
f 829/941/2572 953/1030/2574 958/2363/2575
f 831/39/2576 833/1270/2577 951/659/2578
f 831/39/2576 951/659/2578 953/1030/2579
f 833/1270/2580 835/1685/2581 952/1237/2582
f 833/1270/2580 952/1237/2582 951/659/2583
f 835/1685/2584 837/1173/2585 952/1237/2586
f 827/1328/2587 829/941/2588 958/2363/2589
f 827/1328/2587 958/2363/2589 956/1590/2590
usemtl stonetrims
f 762/349/2591 753/674/2592 934/1152/2593
f 762/349/2591 934/1152/2593 924/341/2594
f 754/1757/2595 758/1389/2596 927/1527/2597
f 754/1757/2595 927/1527/2597 930/2082/2598
f 753/674/2599 757/390/2600 923/1704/2601
f 753/674/2599 923/1704/2601 934/1152/2602
f 758/1389/2603 762/349/2604 924/341/2605
f 758/1389/2603 924/341/2605 927/1527/2606
usemtl brickwall1
f 795/118/2607 966/1698/2608 962/559/2609
f 795/118/2607 962/559/2609 797/838/2610
usemtl stonetrims
f 743/1912/2611 739/739/2612 937/1028/2613
f 743/1912/2611 937/1028/2613 944/2307/2614
f 748/331/2615 744/1217/2616 947/1221/2617
f 748/331/2615 947/1221/2617 938/2295/2618
f 789/815/2619 784/1846/2620 954/1023/2621
f 789/815/2619 954/1023/2621 959/573/2622
f 747/1332/2623 743/1912/2624 944/2307/2625
f 747/1332/2623 944/2307/2625 936/2073/2626
f 739/739/2627 748/331/2628 938/2295/2629
f 739/739/2627 938/2295/2629 937/1028/2630
f 744/1217/2631 740/1560/2632 939/1984/2633
f 744/1217/2631 939/1984/2633 947/1221/2634
f 787/632/2635 779/756/2636 815/59/2637
f 787/632/2635 815/59/2637 957/1856/2638
f 780/888/2639 783/1258/2640 961/281/2641
f 780/888/2639 961/281/2641 955/894/2642
f 763/1021/2643 754/1757/2644 930/2082/2645
f 763/1021/2643 930/2082/2645 932/204/2646
f 783/1258/2647 787/632/2648 957/1856/2649
f 783/1258/2647 957/1856/2649 961/281/2650
f 788/1795/2651 780/888/2652 955/894/2653
f 788/1795/2651 955/894/2653 960/230/2654
usemtl brickwall1
f 790/993/2655 950/1663/2656 940/1641/2657
f 790/993/2655 940/1641/2657 828/149/2658
usemtl stonetrims
f 766/1384/2659 775/1316/2660 967/1137/2661
f 766/1384/2659 967/1137/2661 816/2032/2662
f 771/1615/2663 767/1080/2664 965/1626/2665
f 771/1615/2663 965/1626/2665 972/53/2666
f 776/857/2667 772/2293/2668 963/107/2669
f 776/857/2667 963/107/2669 968/1716/2670
usemtl brickwall1
f 792/1142/2671 964/71/2672 966/1698/2673
f 792/1142/2671 966/1698/2673 795/118/2674
usemtl stonetrims
f 775/1316/2675 771/1615/2676 972/53/2677
f 775/1316/2675 972/53/2677 967/1137/2678
f 767/1080/2679 776/857/2680 968/1716/2681
f 767/1080/2679 968/1716/2681 965/1626/2682
f 772/2293/2683 769/1833/2684 964/1516/2685
f 772/2293/2683 964/1516/2685 963/107/2686
f 809/1012/2687 807/90/2688 875/1306/2689
f 809/1012/2687 875/1306/2689 873/2066/2690
f 790/2186/2691 828/495/2692 889/217/2693
f 790/2186/2691 889/217/2693 845/789/2694
f 808/1437/2695 810/2115/2696 874/1750/2697
f 808/1437/2695 874/1750/2697 876/2368/2698
f 794/185/2699 793/836/2700 844/1711/2701
f 794/185/2699 844/1711/2701 855/1571/2702
f 792/2045/2703 795/93/2704 856/133/2705
f 792/2045/2703 856/133/2705 846/1376/2706
f 796/259/2707 794/185/2708 855/1571/2709
f 796/259/2707 855/1571/2709 853/609/2710
f 811/939/2711 809/1012/2712 873/2066/2713
f 811/939/2711 873/2066/2713 871/942/2714
f 829/1149/2715 827/1091/2716 888/2131/2717
f 829/1149/2715 888/2131/2717 886/2021/2718
f 795/93/2719 797/567/2720 854/317/2721
f 795/93/2719 854/317/2721 856/133/2722
f 810/2115/2723 812/1611/2724 872/40/2725
f 810/2115/2723 872/40/2725 874/1750/2726
f 828/495/2727 830/902/2728 887/1249/2729
f 828/495/2727 887/1249/2729 889/217/2730
f 798/374/2731 796/259/2732 853/609/2733
f 798/374/2731 853/609/2733 851/1681/2734
f 813/269/2735 811/939/2736 871/942/2737
f 813/269/2735 871/942/2737 868/103/2738
f 831/171/2739 829/1149/2740 886/2021/2741
f 831/171/2739 886/2021/2741 884/2359/2742
f 797/567/2743 799/491/2744 852/231/2745
f 797/567/2743 852/231/2745 854/317/2746
f 812/1611/2747 814/1413/2748 869/2179/2749
f 812/1611/2747 869/2179/2749 872/40/2750
f 830/902/2751 832/1940/2752 885/459/2753
f 830/902/2751 885/459/2753 887/1249/2754
f 800/1148/2755 798/374/2756 851/1681/2757
f 800/1148/2755 851/1681/2757 849/2273/2758
f 816/387/2759 813/269/2760 868/103/2761
f 816/387/2759 868/103/2761 841/2146/2762
f 833/1933/2763 831/171/2764 884/2359/2765
f 833/1933/2763 884/2359/2765 882/2142/2766
f 799/491/2767 801/1469/2768 850/2010/2769
f 799/491/2767 850/2010/2769 852/231/2770
f 832/1940/2771 834/768/2772 883/803/2773
f 832/1940/2771 883/803/2773 885/459/2774
f 814/1413/2775 815/2206/2776 870/616/2777
f 814/1413/2775 870/616/2777 869/2179/2778
f 848/1398/2779 838/1816/2780 839/1385/2781
f 848/1398/2779 839/1385/2781 847/1665/2782
f 850/2010/2783 848/1398/2784 847/1665/2785
f 850/2010/2783 847/1665/2785 849/2273/2786
f 852/231/2787 850/2010/2788 849/2273/2789
f 852/231/2787 849/2273/2789 851/1681/2790
f 854/317/2791 852/231/2792 851/1681/2793
f 854/317/2791 851/1681/2793 853/609/2794
f 856/133/2795 854/317/2796 853/609/2797
f 856/133/2795 853/609/2797 855/1571/2798
f 840/868/2799 858/961/2800 859/1/2801
f 840/868/2799 859/1/2801 857/1841/2802
f 858/961/2803 860/1749/2804 861/290/2805
f 858/961/2803 861/290/2805 859/1/2806
f 860/1749/2807 862/416/2808 863/1363/2809
f 860/1749/2807 863/1363/2809 861/290/2810
f 862/416/2811 864/1955/2812 865/2102/2813
f 862/416/2811 865/2102/2813 863/1363/2814
f 864/1955/2815 866/1931/2816 867/1414/2817
f 864/1955/2815 867/1414/2817 865/2102/2818
f 869/2179/2819 870/616/2820 841/2146/2821
f 869/2179/2819 841/2146/2821 868/103/2822
f 872/40/2823 869/2179/2824 868/103/2825
f 872/40/2823 868/103/2825 871/942/2826
f 874/1750/2827 872/40/2828 871/942/2829
f 874/1750/2827 871/942/2829 873/2066/2830
f 876/2368/2831 874/1750/2832 873/2066/2833
f 876/2368/2831 873/2066/2833 875/1306/2834
f 878/130/2835 876/2368/2836 875/1306/2837
f 878/130/2835 875/1306/2837 877/816/2838
f 866/1931/2839 845/547/2840 844/867/2841
f 866/1931/2839 844/867/2841 867/1414/2842
f 843/1583/2843 878/130/2844 877/816/2845
f 843/1583/2843 877/816/2845 846/1056/2846
f 880/1796/2847 881/1163/2848 842/274/2849
f 880/1796/2847 842/274/2849 879/157/2850
f 883/803/2851 880/1796/2852 879/157/2853
f 883/803/2851 879/157/2853 882/2142/2854
f 885/459/2855 883/803/2856 882/2142/2857
f 885/459/2855 882/2142/2857 884/2359/2858
f 887/1249/2859 885/459/2860 884/2359/2861
f 887/1249/2859 884/2359/2861 886/2021/2862
f 889/217/2863 887/1249/2864 886/2021/2865
f 889/217/2863 886/2021/2865 888/2131/2866
f 846/1376/2867 856/133/2868 855/1571/2869
f 846/1376/2867 855/1571/2869 844/1711/2870
f 845/789/2871 889/217/2872 888/2131/2873
f 845/789/2871 888/2131/2873 843/1222/2874
f 827/1091/2875 791/153/2876 843/1222/2877
f 827/1091/2875 843/1222/2877 888/2131/2878
f 826/510/2879 923/530/2880 857/1841/2881
f 826/510/2879 857/1841/2881 859/1/2882
f 806/859/2883 808/1437/2884 876/2368/2885
f 806/859/2883 876/2368/2885 878/130/2886
f 825/773/2887 823/212/2888 860/1749/2889
f 825/773/2887 860/1749/2889 858/961/2890
f 807/90/2891 805/1351/2892 877/816/2893
f 807/90/2891 877/816/2893 875/1306/2894
f 817/1465/2895 790/738/2896 845/547/2897
f 817/1465/2895 845/547/2897 866/1931/2898
f 824/1561/2899 826/510/2900 859/1/2901
f 824/1561/2899 859/1/2901 861/290/2902
f 793/618/2903 818/480/2904 867/1414/2905
f 793/618/2903 867/1414/2905 844/867/2906
f 823/212/2907 821/33/2908 862/416/2909
f 823/212/2907 862/416/2909 860/1749/2910
f 791/1666/2911 806/859/2912 878/130/2913
f 791/1666/2911 878/130/2913 843/1583/2914
f 805/1351/2915 792/1120/2916 846/1056/2917
f 805/1351/2915 846/1056/2917 877/816/2918
f 822/1449/2919 824/1561/2920 861/290/2921
f 822/1449/2919 861/290/2921 863/1363/2922
f 821/33/2923 819/1951/2924 864/1955/2925
f 821/33/2923 864/1955/2925 862/416/2926
f 836/1070/2927 946/832/2928 881/1163/2929
f 836/1070/2927 881/1163/2929 880/1796/2930
f 803/1438/2931 804/2371/2932 838/1816/2933
f 803/1438/2931 838/1816/2933 848/1398/2934
f 820/184/2935 822/1449/2936 863/1363/2937
f 820/184/2935 863/1363/2937 865/2102/2938
f 837/1677/2939 835/565/2940 879/157/2941
f 837/1677/2939 879/157/2941 842/274/2942
f 819/1951/2943 817/1465/2944 866/1931/2945
f 819/1951/2943 866/1931/2945 864/1955/2946
f 834/768/2947 836/1070/2948 880/1796/2949
f 834/768/2947 880/1796/2949 883/803/2950
f 818/480/2951 820/184/2952 865/2102/2953
f 818/480/2951 865/2102/2953 867/1414/2954
f 801/1469/2955 803/1438/2956 848/1398/2957
f 801/1469/2955 848/1398/2957 850/2010/2958
f 835/565/2959 833/1933/2960 882/2142/2961
f 835/565/2959 882/2142/2961 879/157/2962
f 802/2312/2963 800/1148/2964 849/2273/2965
f 802/2312/2963 849/2273/2965 847/1665/2966
f 845/2271/2967 843/570/2968 893/270/2969
f 845/2271/2967 893/270/2969 891/517/2970
f 846/318/2971 844/2236/2972 890/1498/2973
f 846/318/2971 890/1498/2973 895/1409/2974
f 843/2304/2975 846/1499/2976 895/1519/2977
f 843/2304/2975 895/1519/2977 893/1361/2978
f 892/2052/2979 896/892/2980 890/1162/2981
f 891/701/2982 900/984/2983 898/1314/2984
f 891/701/2982 898/1314/2984 892/2052/2985
f 893/1889/2986 897/1692/2987 894/2097/2988
f 895/2158/2989 896/892/2990 897/1692/2991
f 894/2097/2992 897/1692/2993 899/1344/2994
f 894/2097/2992 899/1344/2994 898/1314/2995
f 895/1409/2996 890/1498/2997 896/1197/2998
f 890/2029/2999 891/1298/3000 892/1354/3001
f 891/517/3002 893/270/3003 894/1732/3004
f 891/517/3002 894/1732/3004 900/698/3005
f 893/1361/3006 895/1519/3007 897/853/3008
f 892/2052/3009 899/1344/3010 896/892/3011
usemtl brickwall1
f 898/638/3012 900/818/3013 894/2232/3014
usemtl stonetrims
f 896/892/3015 899/1344/3016 897/1692/3017
f 898/1314/3018 899/1344/3019 892/2052/3020
f 751/2128/3021 929/1652/3022 910/2058/3023
f 751/2128/3021 910/2058/3023 903/1550/3024
f 816/387/3025 841/2146/3026 917/700/3027
f 816/387/3025 917/700/3027 912/997/3028
f 804/904/3029 773/891/3030 906/1421/3031
f 804/904/3029 906/1421/3031 909/1422/3032
f 766/1384/3033 816/2032/3034 912/808/3035
f 766/1384/3033 912/808/3035 905/553/3036
f 857/1841/3037 923/530/3038 928/2000/3039
f 857/1841/3037 928/2000/3039 919/20/3040
f 815/59/3041 779/756/3042 907/769/3043
f 815/59/3041 907/769/3043 911/1159/3044
f 842/274/3045 881/1163/3046 921/2366/3047
f 842/274/3045 921/2366/3047 918/432/3048
f 838/1816/3049 804/2371/3050 909/2134/3051
f 838/1816/3049 909/2134/3051 914/1119/3052
f 870/616/3053 815/2206/3054 911/2249/3055
f 870/616/3053 911/2249/3055 920/2284/3056
f 785/772/3057 837/499/3058 913/937/3059
f 785/772/3057 913/937/3059 908/935/3060
f 840/868/3061 857/1841/3062 919/20/3063
f 840/868/3061 919/20/3063 916/447/3064
f 881/1163/3065 946/832/3066 943/1534/3067
f 881/1163/3065 943/1534/3067 921/2366/3068
f 946/1154/3069 741/1040/3070 901/1831/3071
f 946/1154/3069 901/1831/3071 943/193/3072
f 841/2146/3073 870/616/3074 920/2284/3075
f 841/2146/3073 920/2284/3075 917/700/3076
f 923/1704/3077 757/390/3078 904/2241/3079
f 923/1704/3077 904/2241/3079 928/1536/3080
f 839/1385/3081 838/1816/3082 914/1119/3083
f 839/1385/3081 914/1119/3083 915/492/3084
f 747/1332/3085 936/2073/3086 945/2321/3087
f 747/1332/3085 945/2321/3087 902/542/3088
f 837/1677/3089 842/274/3090 918/432/3091
f 837/1677/3089 918/432/3091 913/1245/3092
f 844/1679/3093 845/827/3094 891/1298/3095
f 844/1679/3093 891/1298/3095 890/2029/3096
f 935/2184/3097 931/12/3098 755/587/3099
f 935/2184/3097 755/587/3099 752/1811/3100
f 926/207/3101 933/2266/3102 760/513/3103
f 926/207/3101 760/513/3103 756/1342/3104
f 925/2172/3105 929/1652/3106 751/2128/3107
f 925/2172/3105 751/2128/3107 761/131/3108
f 929/2252/3109 802/2312/3110 847/1665/3111
f 929/2252/3109 847/1665/3111 839/1385/3112
usemtl brickwall1
f 930/2234/3113 927/520/3114 822/1511/3115
f 930/2234/3113 822/1511/3115 820/183/3116
f 927/520/3117 924/1135/3118 824/2260/3119
f 927/520/3117 824/2260/3119 822/1511/3120
usemtl stonetrims
f 910/2164/3121 929/2252/3122 839/1385/3123
f 910/2164/3121 839/1385/3123 915/492/3124
f 931/12/3125 926/207/3126 756/1342/3127
f 931/12/3125 756/1342/3127 755/587/3128
f 933/2266/3129 925/2172/3130 761/131/3131
f 933/2266/3129 761/131/3131 760/513/3132
usemtl brickwall1
f 932/208/3133 930/2234/3134 820/183/3135
f 932/208/3133 820/183/3135 818/1976/3136
f 922/844/3137 932/208/3138 818/1976/3139
f 922/844/3137 818/1976/3139 793/614/3140
usemtl stonetrims
f 922/644/3141 935/2184/3142 752/1811/3143
f 922/644/3141 752/1811/3143 759/2369/3144
usemtl brickwall1
f 924/1135/3145 934/394/3146 826/2092/3147
f 924/1135/3145 826/2092/3147 824/2260/3148
f 934/394/3149 923/862/3150 826/2092/3151
f 938/1345/3152 947/198/3153 819/1974/3154
f 938/1345/3152 819/1974/3154 821/450/3155
f 936/949/3156 944/485/3157 825/2200/3158
f 947/198/3159 939/1713/3160 817/628/3161
f 947/198/3159 817/628/3161 819/1974/3162
usemtl stonetrims
f 940/1779/3163 950/915/3164 750/2332/3165
f 940/1779/3163 750/2332/3165 742/1086/3166
f 942/890/3167 940/1779/3168 742/1086/3169
f 942/890/3167 742/1086/3169 745/778/3170
f 941/1402/3171 949/2325/3172 746/595/3173
f 941/1402/3171 746/595/3173 749/1669/3174
f 946/1154/3175 948/1378/3176 738/1623/3177
f 946/1154/3175 738/1623/3177 741/1040/3178
f 936/1362/3179 825/773/3180 858/961/3181
f 936/1362/3179 858/961/3181 840/868/3182
usemtl brickwall1
f 944/485/3183 937/1569/3184 823/538/3185
f 944/485/3183 823/538/3185 825/2200/3186
f 937/1569/3187 938/1345/3188 821/450/3189
f 937/1569/3187 821/450/3189 823/538/3190
f 939/1713/3191 950/1663/3192 790/993/3193
f 939/1713/3191 790/993/3193 817/628/3194
usemtl stonetrims
f 949/2325/3195 942/890/3196 745/778/3197
f 949/2325/3195 745/778/3197 746/595/3198
f 948/1378/3199 941/1402/3200 749/1669/3201
f 948/1378/3199 749/1669/3201 738/1623/3202
f 945/1886/3203 936/1362/3204 840/868/3205
f 945/1886/3203 840/868/3205 916/447/3206
usemtl brickwall1
f 955/1357/3207 961/1762/3208 812/248/3209
f 955/1357/3207 812/248/3209 810/564/3210
f 961/1762/3211 957/2333/3212 814/1699/3213
f 961/1762/3211 814/1699/3213 812/248/3214
f 954/2012/3215 960/1044/3216 808/1052/3217
f 954/2012/3215 808/1052/3217 806/731/3218
usemtl stonetrims
f 958/1459/3219 953/142/3220 778/1875/3221
f 958/1459/3219 778/1875/3221 777/2357/3222
f 951/1814/3223 952/451/3224 782/1096/3225
f 951/1814/3223 782/1096/3225 781/31/3226
f 956/199/3227 958/1459/3228 777/2357/3229
f 956/199/3227 777/2357/3229 786/829/3230
usemtl brickwall1
f 959/662/3231 954/2012/3232 806/731/3233
f 959/662/3231 806/731/3233 791/1292/3234
f 957/2333/3235 815/74/3236 814/1699/3237
f 960/1044/3238 955/1357/3239 810/564/3240
f 960/1044/3238 810/564/3240 808/1052/3241
usemtl stonetrims
f 959/573/3242 956/199/3243 786/829/3244
f 959/573/3242 786/829/3244 789/815/3245
f 953/142/3246 951/1814/3247 781/31/3248
f 953/142/3246 781/31/3248 778/1875/3249
f 952/451/3250 837/499/3251 785/772/3252
f 952/451/3250 785/772/3252 782/1096/3253
usemtl brickwall1
f 972/1271/3254 965/282/3255 809/2255/3256
f 972/1271/3254 809/2255/3256 811/1060/3257
usemtl stonetrims
f 970/1312/3258 962/802/3259 764/1049/3260
f 970/1312/3258 764/1049/3260 765/1474/3261
f 971/886/3262 969/2328/3263 768/310/3264
f 971/886/3262 768/310/3264 770/352/3265
f 966/333/3266 964/1516/3267 769/1833/3268
f 966/333/3266 769/1833/3268 774/172/3269
usemtl brickwall1
f 965/282/3270 968/1130/3271 807/2300/3272
f 965/282/3270 807/2300/3272 809/2255/3273
f 816/856/3274 967/898/3275 813/1088/3276
f 968/1130/3277 963/400/3278 805/1132/3279
f 968/1130/3277 805/1132/3279 807/2300/3280
f 967/898/3281 972/1271/3282 811/1060/3283
f 967/898/3281 811/1060/3283 813/1088/3284
f 963/400/3285 964/71/3286 792/1142/3287
f 963/400/3285 792/1142/3287 805/1132/3288
usemtl stonetrims
f 969/2328/3289 970/1312/3290 765/1474/3291
f 969/2328/3289 765/1474/3291 768/310/3292
f 804/904/3293 971/886/3294 770/352/3295
f 804/904/3293 770/352/3295 773/891/3296
f 962/802/3297 966/333/3298 774/172/3299
f 962/802/3297 774/172/3299 764/1049/3300
usemtl brickwall1
f 78/1288/3301 83/80/3302 72/1343/3303
f 63/252/3304 71/1591/3305 66/2201/3306
f 55/2006/3307 57/1950/3308 49/2352/3309
f 760/1256/3310 762/1340/3311 754/299/3312
f 749/10/3313 745/119/3314 744/1910/3315
f 783/1233/3316 788/1430/3317 777/277/3318
f 525/5/3319 527/648/3320 519/798/3321
f 514/623/3322 510/671/3323 509/460/3324
f 548/2378/3325 553/1147/3326 542/830/3327
f 279/43/3328 275/1436/3329 274/2301/3330
f 84/375/3331 81/1599/3332 79/1589/3333
f 81/1599/3334 72/1343/3335 79/1589/3336
f 72/1343/3337 73/1961/3338 76/1295/3339
f 76/1295/3340 77/2084/3341 82/1303/3342
f 77/2084/3343 80/260/3344 203/1674/3345
f 82/1303/3346 77/2084/3347 203/1674/3348
f 203/1674/3349 202/1265/3350 82/1303/3351
f 202/1265/3352 74/1000/3353 82/1303/3354
f 82/1303/3355 78/1288/3356 76/1295/3357
f 78/1288/3358 75/224/3359 83/80/3360
f 83/80/3361 79/1589/3362 72/1343/3363
f 78/1288/3364 72/1343/3365 76/1295/3366
f 60/1528/3367 59/879/3368 63/252/3369
f 59/879/3370 69/30/3371 71/1591/3372
f 63/252/3373 59/879/3374 71/1591/3375
f 69/30/3376 64/991/3377 67/1562/3378
f 67/1562/3379 71/1591/3380 69/30/3381
f 71/1591/3382 62/1482/3383 66/2201/3384
f 66/2201/3385 70/2329/3386 63/252/3387
f 70/2329/3388 61/1852/3389 200/810/3390
f 200/810/3391 201/2387/3392 65/1494/3393
f 201/2387/3394 68/1308/3395 65/1494/3396
f 65/1494/3397 63/252/3398 70/2329/3399
f 200/810/3400 65/1494/3401 70/2329/3402
f 47/2192/3403 50/1491/3404 49/2352/3405
f 50/1491/3406 51/1313/3407 55/2006/3408
f 49/2352/3409 50/1491/3410 55/2006/3411
f 55/2006/3412 56/487/3413 57/1950/3414
f 56/487/3415 46/1826/3416 198/753/3417
f 198/753/3418 199/322/3419 48/1349/3420
f 199/322/3421 52/1673/3422 48/1349/3423
f 48/1349/3424 57/1950/3425 56/487/3426
f 198/753/3427 48/1349/3428 56/487/3429
f 57/1950/3430 53/2059/3431 49/2352/3432
f 49/2352/3433 58/2140/3434 47/2192/3435
f 58/2140/3436 54/1301/3437 47/2192/3438
f 752/2057/3439 755/144/3440 754/299/3441
f 755/144/3442 756/999/3443 760/1256/3444
f 754/299/3445 755/144/3446 760/1256/3447
f 760/1256/3448 761/2105/3449 762/1340/3450
f 761/2105/3451 751/1586/3452 903/324/3453
f 903/324/3454 904/703/3455 753/14/3456
f 904/703/3457 757/1737/3458 753/14/3459
f 753/14/3460 762/1340/3461 761/2105/3462
f 903/324/3463 753/14/3464 761/2105/3465
f 762/1340/3466 758/1637/3467 754/299/3468
f 754/299/3469 763/634/3470 752/2057/3471
f 763/634/3472 759/702/3473 752/2057/3474
f 750/2342/3475 740/921/3476 742/1579/3477
f 740/921/3478 744/1910/3479 742/1579/3480
f 744/1910/3481 748/507/3482 739/2220/3483
f 739/2220/3484 743/1110/3485 738/2124/3486
f 743/1110/3487 747/1773/3488 902/97/3489
f 738/2124/3490 743/1110/3491 902/97/3492
f 902/97/3493 901/2270/3494 738/2124/3495
f 901/2270/3496 741/405/3497 738/2124/3498
f 738/2124/3499 749/10/3500 739/2220/3501
f 749/10/3502 746/1813/3503 745/119/3504
f 745/119/3505 742/1579/3506 744/1910/3507
f 749/10/3508 744/1910/3509 739/2220/3510
f 789/160/3511 786/1999/3512 784/1450/3513
f 786/1999/3514 777/277/3515 784/1450/3516
f 777/277/3517 778/533/3518 781/398/3519
f 781/398/3520 782/72/3521 787/568/3522
f 782/72/3523 785/1917/3524 908/1552/3525
f 787/568/3526 782/72/3527 908/1552/3528
f 908/1552/3529 907/824/3530 787/568/3531
f 907/824/3532 779/1524/3533 787/568/3534
f 787/568/3535 783/1233/3536 781/398/3537
f 783/1233/3538 780/1302/3539 788/1430/3540
f 788/1430/3541 784/1450/3542 777/277/3543
f 783/1233/3544 777/277/3545 781/398/3546
f 517/1366/3547 520/2327/3548 519/798/3549
f 520/2327/3550 521/395/3551 525/5/3552
f 519/798/3553 520/2327/3554 525/5/3555
f 525/5/3556 526/1575/3557 527/648/3558
f 526/1575/3559 516/1290/3560 668/1897/3561
f 668/1897/3562 669/1857/3563 518/2337/3564
f 669/1857/3565 522/970/3566 518/2337/3567
f 518/2337/3568 527/648/3569 526/1575/3570
f 668/1897/3571 518/2337/3572 526/1575/3573
f 527/648/3574 523/1126/3575 519/798/3576
f 519/798/3577 528/69/3578 517/1366/3579
f 528/69/3580 524/1775/3581 517/1366/3582
f 515/2177/3583 505/1134/3584 507/646/3585
f 505/1134/3586 509/460/3587 507/646/3588
f 509/460/3589 513/1551/3590 504/445/3591
f 504/445/3592 508/2308/3593 503/1192/3594
f 508/2308/3595 512/2353/3596 667/1305/3597
f 503/1192/3598 508/2308/3599 667/1305/3600
f 667/1305/3601 666/1259/3602 503/1192/3603
f 666/1259/3604 506/240/3605 503/1192/3606
f 503/1192/3607 514/623/3608 504/445/3609
f 514/623/3610 511/1075/3611 510/671/3612
f 510/671/3613 507/646/3614 509/460/3615
f 514/623/3616 509/460/3617 504/445/3618
f 554/1622/3619 551/2130/3620 549/2072/3621
f 551/2130/3622 542/830/3623 549/2072/3624
f 542/830/3625 543/664/3626 546/2386/3627
f 546/2386/3628 547/846/3629 552/16/3630
f 547/846/3631 550/2294/3632 673/346/3633
f 552/16/3634 547/846/3635 673/346/3636
f 673/346/3637 672/841/3638 552/16/3639
f 672/841/3640 544/55/3641 552/16/3642
f 552/16/3643 548/2378/3644 546/2386/3645
f 548/2378/3646 545/1714/3647 553/1147/3648
f 553/1147/3649 549/2072/3650 542/830/3651
f 548/2378/3652 542/830/3653 546/2386/3654
f 280/1431/3655 270/784/3656 272/1553/3657
f 270/784/3658 274/2301/3659 272/1553/3660
f 274/2301/3661 278/1858/3662 269/2108/3663
f 269/2108/3664 273/2025/3665 268/964/3666
f 273/2025/3667 277/1752/3668 432/629/3669
f 268/964/3670 273/2025/3671 432/629/3672
f 432/629/3673 431/2216/3674 268/964/3675
f 431/2216/3676 271/2080/3677 268/964/3678
f 268/964/3679 279/43/3680 269/2108/3681
f 279/43/3682 276/279/3683 275/1436/3684
f 275/1436/3685 272/1553/3686 274/2301/3687
f 279/43/3688 274/2301/3689 269/2108/3690
usemtl stonetrims
f 975/1883/3691 974/254/3692 993/423/3693
f 975/1883/3691 993/423/3693 994/1471/3694
f 977/151/3695 978/343/3696 989/2245/3697
f 977/151/3695 989/2245/3697 986/2319/3698
f 976/1490/3699 975/1883/3700 994/1471/3701
f 976/1490/3699 994/1471/3701 995/18/3702
usemtl brickwall1
f 978/1887/3703 975/1928/3704 976/1694/3705
f 978/1887/3703 976/1694/3705 979/412/3706
f 979/747/3707 976/535/3708 973/1158/3709
f 979/747/3707 973/1158/3709 980/2117/3710
f 977/1953/3711 974/1102/3712 975/1174/3713
f 977/1953/3711 975/1174/3713 978/48/3714
f 980/884/3715 973/2053/3716 974/1776/3717
f 980/884/3715 974/1776/3717 977/651/3718
usemtl stonetrims
f 980/489/3719 977/151/3720 986/2319/3721
f 980/489/3719 986/2319/3721 996/610/3722
f 973/1777/3723 976/1490/3724 995/18/3725
f 973/1777/3723 995/18/3725 983/1508/3726
f 983/511/3727 984/1226/3728 985/313/3729
f 983/511/3727 985/313/3729 993/719/3730
f 993/719/3731 985/313/3732 988/596/3733
f 993/719/3731 988/596/3733 994/79/3734
f 994/79/3735 988/596/3736 991/944/3737
f 994/79/3735 991/944/3737 995/940/3738
f 995/940/3739 991/944/3740 984/602/3741
f 995/940/3739 984/602/3741 983/1580/3742
f 982/134/3743 996/1005/3744 986/1877/3745
f 982/134/3743 986/1877/3745 981/2235/3746
f 981/2235/3747 986/1877/3748 989/323/3749
f 981/2235/3747 989/323/3749 987/396/3750
f 990/2046/3751 992/601/3752 996/1232/3753
f 990/2046/3751 996/1232/3753 982/380/3754
f 987/396/3755 989/323/3756 992/601/3757
f 987/396/3755 992/601/3757 990/2046/3758
f 979/165/3759 980/741/3760 996/1407/3761
f 979/165/3759 996/1407/3761 992/1202/3762
f 974/254/3763 973/1164/3764 983/1339/3765
f 974/254/3763 983/1339/3765 993/423/3766
f 978/343/3767 979/165/3768 992/1202/3769
f 978/343/3767 992/1202/3769 989/2245/3770
f 984/1226/3771 991/1253/3772 988/1920/3773
f 984/1226/3771 988/1920/3773 985/813/3774
f 981/678/3775 987/680/3776 990/683/3777
f 981/678/3775 990/683/3777 982/1374/3778
f 999/1628/3779 998/799/3780 1017/963/3781
f 999/1628/3779 1017/963/3781 1018/1982/3782
f 1001/695/3783 1002/883/3784 1013/378/3785
f 1001/695/3783 1013/378/3785 1010/466/3786
f 1000/2002/3787 999/1628/3788 1018/1982/3789
f 1000/2002/3787 1018/1982/3789 1019/2141/3790
usemtl brickwall1
f 1002/26/3791 999/70/3792 1000/2212/3793
f 1002/26/3791 1000/2212/3793 1003/951/3794
f 1003/1254/3795 1000/1046/3796 997/1715/3797
f 1003/1254/3795 997/1715/3797 1004/251/3798
f 1001/91/3799 998/1645/3800 999/1727/3801
f 1001/91/3799 999/1727/3801 1002/585/3802
f 1004/1417/3803 997/1807/3804 998/2290/3805
f 1004/1417/3803 998/2290/3805 1001/1150/3806
usemtl stonetrims
f 1004/1015/3807 1001/695/3808 1010/466/3809
f 1004/1015/3807 1010/466/3809 1020/1115/3810
f 997/2296/3811 1000/2002/3812 1019/2141/3813
f 997/2296/3811 1019/2141/3813 1007/2019/3814
f 1007/1032/3815 1008/989/3816 1009/60/3817
f 1007/1032/3815 1009/60/3817 1017/1228/3818
f 1017/1228/3819 1009/60/3820 1012/1104/3821
f 1017/1228/3819 1012/1104/3821 1018/620/3822
f 1018/620/3823 1012/1104/3824 1015/1478/3825
f 1018/620/3823 1015/1478/3825 1019/1472/3826
f 1019/1472/3827 1015/1478/3828 1008/1111/3829
f 1019/1472/3827 1008/1111/3829 1007/2093/3830
f 1006/681/3831 1020/1533/3832 1010/15/3833
f 1006/681/3831 1010/15/3833 1005/369/3834
f 1005/369/3835 1010/15/3836 1013/863/3837
f 1005/369/3835 1013/863/3837 1011/932/3838
f 1014/1792/3839 1016/1108/3840 1020/1780/3841
f 1014/1792/3839 1020/1780/3841 1006/924/3842
f 1011/932/3843 1013/863/3844 1016/1108/3845
f 1011/932/3843 1016/1108/3845 1014/1792/3846
f 1003/710/3847 1004/1250/3848 1020/1921/3849
f 1003/710/3847 1020/1921/3849 1016/1747/3850
f 998/799/3851 997/1718/3852 1007/1868/3853
f 998/799/3851 1007/1868/3853 1017/963/3854
f 1002/883/3855 1003/710/3856 1016/1747/3857
f 1002/883/3855 1016/1747/3857 1013/378/3858
f 1008/989/3859 1015/1800/3860 1012/61/3861
f 1008/989/3859 1012/61/3861 1009/1331/3862
f 1005/406/3863 1011/1181/3864 1014/1184/3865
f 1005/406/3863 1014/1184/3865 1006/1902/3866
f 1023/2144/3867 1022/548/3868 1041/1493/3869
f 1023/2144/3867 1041/1493/3869 1042/116/3870
f 1025/1196/3871 1026/1416/3872 1037/919/3873
f 1025/1196/3871 1037/919/3873 1034/190/3874
f 1024/135/3875 1023/2144/3876 1042/116/3877
f 1024/135/3875 1042/116/3877 1043/273/3878
usemtl brickwall1
f 1026/558/3879 1023/612/3880 1024/348/3881
f 1026/558/3879 1024/348/3881 1027/1484/3882
f 1027/1801/3883 1024/1588/3884 1021/2227/3885
f 1027/1801/3883 1021/2227/3885 1028/796/3886
f 1025/2219/3887 1022/2156/3888 1023/2244/3889
f 1025/2219/3887 1023/2244/3889 1026/311/3890
f 1028/1937/3891 1021/2331/3892 1022/437/3893
f 1028/1937/3891 1022/437/3893 1025/1701/3894
usemtl stonetrims
f 1028/1547/3895 1025/1196/3896 1034/190/3897
f 1028/1547/3895 1034/190/3897 1044/1661/3898
f 1021/440/3899 1024/135/3900 1043/273/3901
f 1021/440/3899 1043/273/3901 1031/1771/3902
f 1031/1564/3903 1032/1520/3904 1033/607/3905
f 1031/1564/3903 1033/607/3905 1041/1778/3906
f 1041/1778/3907 1033/607/3908 1036/1647/3909
f 1041/1778/3907 1036/1647/3909 1042/1131/3910
f 1042/1131/3911 1036/1647/3912 1039/1987/3913
f 1042/1131/3911 1039/1987/3913 1043/1983/3914
f 1043/1983/3915 1039/1987/3916 1032/860/3917
f 1043/1983/3915 1032/860/3917 1031/223/3918
f 1030/1180/3919 1044/2050/3920 1034/550/3921
f 1030/1180/3919 1034/550/3921 1029/906/3922
f 1029/906/3923 1034/550/3924 1037/1396/3925
f 1029/906/3923 1037/1396/3925 1035/1464/3926
f 1038/2314/3927 1040/1651/3928 1044/1525/3929
f 1038/2314/3927 1044/1525/3929 1030/1453/3930
f 1035/1464/3931 1037/1396/3932 1040/1651/3933
f 1035/1464/3931 1040/1651/3933 1038/2314/3934
f 1027/1213/3935 1028/1793/3936 1044/62/3937
f 1027/1213/3935 1044/62/3937 1040/2262/3938
f 1022/548/3939 1021/2231/3940 1031/9/3941
f 1022/548/3939 1031/9/3941 1041/1493/3942
f 1026/1416/3943 1027/1213/3944 1040/2262/3945
f 1026/1416/3943 1040/2262/3945 1037/919/3946
f 1032/1520/3947 1039/2320/3948 1036/608/3949
f 1032/1520/3947 1036/608/3949 1033/1860/3950
f 1029/945/3951 1035/1735/3952 1038/1736/3953
f 1029/945/3951 1038/1736/3953 1030/38/3954
f 1047/278/3955 1046/1061/3956 1065/2004/3957
f 1047/278/3955 1065/2004/3957 1066/658/3958
f 1049/962/3959 1050/1935/3960 1061/1452/3961
f 1049/962/3959 1061/1452/3961 1058/734/3962
f 1048/685/3963 1047/278/3964 1066/658/3965
f 1048/685/3963 1066/658/3965 1067/822/3966
usemtl brickwall1
f 1050/1072/3967 1047/1121/3968 1048/887/3969
f 1050/1072/3967 1048/887/3969 1051/1995/3970
f 1051/2322/3971 1048/2101/3972 1045/360/3973
f 1051/2322/3971 1045/360/3973 1052/1318/3974
f 1049/355/3975 1046/294/3976 1047/372/3977
f 1049/355/3975 1047/372/3977 1050/847/3978
f 1052/78/3979 1045/478/3980 1046/971/3981
f 1052/78/3979 1046/971/3981 1049/1445/3982
usemtl stonetrims
f 1052/2061/3983 1049/962/3984 1058/734/3985
f 1052/2061/3983 1058/734/3985 1068/2171/3986
f 1045/974/3987 1048/685/3988 1067/822/3989
f 1045/974/3987 1067/822/3989 1055/2285/3990
f 1055/2083/3991 1056/2033/3992 1057/1113/3993
f 1055/2083/3991 1057/1113/3993 1065/2297/3994
f 1065/2297/3995 1057/1113/3996 1060/2157/3997
f 1065/2297/3995 1060/2157/3997 1066/1672/3998
f 1066/1672/3999 1060/2157/4000 1063/122/4001
f 1066/1672/3999 1063/122/4001 1067/117/4002
f 1067/117/4003 1063/122/4004 1056/1393/4005
f 1067/117/4003 1056/1393/4005 1055/776/4006
f 1054/1734/4007 1068/179/4008 1058/1066/4009
f 1054/1734/4007 1058/1066/4009 1053/1440/4010
f 1053/1440/4011 1058/1066/4012 1061/1913/4013
f 1053/1440/4011 1061/1913/4013 1059/1975/4014
f 1062/462/4015 1064/2163/4016 1068/2038/4017
f 1062/462/4015 1068/2038/4017 1054/1970/4018
f 1059/1975/4019 1061/1913/4020 1064/2163/4021
f 1059/1975/4019 1064/2163/4021 1062/462/4022
f 1051/1763/4023 1052/2316/4024 1068/2187/4025
f 1051/1763/4023 1068/2187/4025 1064/2009/4026
f 1046/1061/4027 1045/1977/4028 1055/549/4029
f 1046/1061/4027 1055/549/4029 1065/2004/4030
f 1050/1935/4031 1051/1763/4032 1064/2009/4033
f 1050/1935/4031 1064/2009/4033 1061/1452/4034
f 1056/2033/4035 1063/469/4036 1060/1114/4037
f 1056/2033/4035 1060/1114/4037 1057/4/4038
f 1053/1480/4039 1059/2247/4040 1062/2248/4041
f 1053/1480/4039 1062/2248/4041 1054/576/4042
f 1071/826/4043 1070/1600/4044 1089/138/4045
f 1071/826/4043 1089/138/4045 1090/386/4046
f 1073/1492/4047 1074/77/4048 1085/1969/4049
f 1073/1492/4047 1085/1969/4049 1082/1244/4050
f 1072/410/4051 1071/826/4052 1090/386/4053
f 1072/410/4051 1090/386/4053 1091/1337/4054
usemtl brickwall1
f 1074/1613/4055 1071/870/4056 1072/1419/4057
f 1074/1613/4055 1072/1419/4057 1075/129/4058
f 1075/470/4059 1072/235/4060 1069/901/4061
f 1075/470/4059 1069/901/4061 1076/1057/4062
f 1073/893/4063 1070/46/4064 1071/912/4065
f 1073/893/4063 1071/912/4065 1074/1377/4066
f 1076/2199/4067 1069/1003/4068 1070/1504/4069
f 1076/2199/4067 1070/1504/4069 1073/1964/4070
usemtl stonetrims
f 1076/196/4071 1073/1492/4072 1082/1244/4073
f 1076/196/4071 1082/1244/4073 1092/308/4074
f 1069/1506/4075 1072/410/4076 1091/1337/4077
f 1069/1506/4075 1091/1337/4077 1079/431/4078
f 1079/211/4079 1080/167/4080 1081/1653/4081
f 1079/211/4079 1081/1653/4081 1089/441/4082
f 1089/441/4083 1081/1653/4084 1084/1908/4085
f 1089/441/4083 1084/1908/4085 1090/2181/4086
f 1090/2181/4087 1084/1908/4088 1087/665/4089
f 1090/2181/4087 1087/665/4089 1091/2250/4090
f 1091/2250/4091 1087/665/4092 1080/1911/4093
f 1091/2250/4091 1080/1911/4093 1079/1287/4094
f 1078/2246/4095 1092/725/4096 1082/820/4097
f 1078/2246/4095 1082/820/4097 1077/1958/4098
f 1077/1958/4099 1082/820/4100 1085/54/4101
f 1077/1958/4099 1085/54/4101 1083/109/4102
f 1086/990/4103 1088/300/4104 1092/174/4105
f 1086/990/4103 1092/174/4105 1078/1723/4106
f 1083/109/4107 1085/54/4108 1088/300/4109
f 1083/109/4107 1088/300/4109 1086/990/4110
f 1075/1512/4111 1076/463/4112 1092/325/4113
f 1075/1512/4111 1092/325/4113 1088/145/4114
f 1070/1600/4115 1069/111/4116 1079/1062/4117
f 1070/1600/4115 1079/1062/4117 1089/138/4118
f 1074/77/4119 1075/1512/4120 1088/145/4121
f 1074/77/4119 1088/145/4121 1085/1969/4122
f 1080/167/4123 1087/994/4124 1084/1655/4125
f 1080/167/4123 1084/1655/4125 1081/537/4126
f 1077/1988/4127 1083/381/4128 1086/383/4129
f 1077/1988/4127 1086/383/4129 1078/1087/4130
f 1095/1341/4131 1094/2114/4132 1113/689/4133
f 1095/1341/4131 1113/689/4133 1114/930/4134
f 1097/2005/4135 1098/617/4136 1109/100/4137
f 1097/2005/4135 1109/100/4137 1106/1788/4138
f 1096/947/4139 1095/1341/4140 1114/930/4141
f 1096/947/4139 1114/930/4141 1115/1865/4142
usemtl brickwall1
f 1098/2129/4143 1095/1404/4144 1096/1943/4145
f 1098/2129/4143 1096/1943/4145 1099/675/4146
f 1099/995/4147 1096/786/4148 1093/1433/4149
f 1099/995/4147 1093/1433/4149 1100/1596/4150
f 1097/1423/4151 1094/580/4152 1095/1447/4153
f 1097/1423/4151 1095/1447/4153 1098/1903/4154
f 1100/334/4155 1093/1531/4156 1094/2014/4157
f 1100/334/4155 1094/2014/4157 1097/98/4158
usemtl stonetrims
f 1100/743/4159 1097/2005/4160 1106/1788/4161
f 1100/743/4159 1106/1788/4161 1116/845/4162
f 1093/2016/4163 1096/947/4164 1115/1865/4165
f 1093/2016/4163 1115/1865/4165 1103/967/4166
f 1103/2361/4167 1104/711/4168 1105/2168/4169
f 1103/2361/4167 1105/2168/4169 1113/975/4170
f 1113/975/4171 1105/2168/4172 1108/47/4173
f 1113/975/4171 1108/47/4173 1114/320/4174
f 1114/320/4175 1108/47/4176 1111/1166/4177
f 1114/320/4175 1111/1166/4177 1115/391/4178
f 1115/391/4179 1111/1166/4180 1104/51/4181
f 1115/391/4179 1104/51/4181 1103/1828/4182
f 1102/382/4183 1116/471/4184 1106/1336/4185
f 1102/382/4183 1106/1336/4185 1101/94/4186
f 1101/94/4187 1106/1336/4188 1109/592/4189
f 1101/94/4187 1109/592/4189 1107/654/4190
f 1110/1523/4191 1112/839/4192 1116/715/4193
f 1110/1523/4191 1116/715/4193 1102/2239/4194
f 1107/654/4195 1109/592/4196 1112/839/4197
f 1107/654/4195 1112/839/4197 1110/1523/4198
f 1099/2024/4199 1100/186/4200 1116/864/4201
f 1099/2024/4199 1116/864/4201 1112/693/4202
f 1094/2114/4203 1093/655/4204 1103/814/4205
f 1094/2114/4203 1103/814/4205 1113/689/4206
f 1098/617/4207 1099/2024/4208 1112/693/4209
f 1098/617/4207 1112/693/4209 1109/100/4210
f 1104/711/4211 1111/733/4212 1108/2169/4213
f 1104/711/4211 1108/2169/4213 1105/1053/4214
f 1101/124/4215 1107/925/4216 1110/928/4217
f 1101/124/4215 1110/928/4217 1102/1629/4218
f 1119/1876/4219 1118/249/4220 1137/413/4221
f 1119/1876/4219 1137/413/4221 1138/1460/4222
f 1121/137/4223 1122/1127/4224 1133/2237/4225
f 1121/137/4223 1133/2237/4225 1130/2306/4226
f 1120/1483/4227 1119/1876/4228 1138/1460/4229
f 1120/1483/4227 1138/1460/4229 1139/8/4230
usemtl brickwall1
f 1122/261/4231 1119/1918/4232 1120/1687/4233
f 1122/261/4231 1120/1687/4233 1123/402/4234
f 1123/735/4235 1120/1297/4236 1117/1151/4237
f 1123/735/4235 1117/1151/4237 1124/2111/4238
f 1121/1948/4239 1118/1093/4240 1119/1965/4241
f 1121/1948/4239 1119/1965/4241 1122/44/4242
f 1124/875/4243 1117/2049/4244 1118/1765/4245
f 1124/875/4243 1118/1765/4245 1121/641/4246
usemtl stonetrims
f 1124/1251/4247 1121/137/4248 1130/2306/4249
f 1124/1251/4247 1130/2306/4249 1140/1371/4250
f 1117/1767/4251 1120/1483/4252 1139/8/4253
f 1117/1767/4251 1139/8/4253 1127/1501/4254
f 1127/506/4255 1128/1216/4256 1129/304/4257
f 1127/506/4255 1129/304/4257 1137/1507/4258
f 1137/1507/4259 1129/304/4260 1132/582/4261
f 1137/1507/4259 1132/582/4261 1138/858/4262
f 1138/858/4263 1132/582/4264 1135/936/4265
f 1138/858/4263 1135/936/4265 1139/931/4266
f 1139/931/4267 1135/936/4268 1128/590/4269
f 1139/931/4267 1128/590/4269 1127/1572/4270
f 1126/926/4271 1140/996/4272 1130/1864/4273
f 1126/926/4271 1130/1864/4273 1125/2226/4274
f 1125/2226/4275 1130/1864/4276 1133/1103/4277
f 1125/2226/4275 1133/1103/4277 1131/377/4278
f 1134/2034/4279 1136/589/4280 1140/1220/4281
f 1134/2034/4279 1140/1220/4281 1126/371/4282
f 1131/377/4283 1133/1103/4284 1136/589/4285
f 1131/377/4283 1136/589/4285 1134/2034/4286
f 1123/155/4287 1124/732/4288 1140/1399/4289
f 1123/155/4287 1140/1399/4289 1136/1190/4290
f 1118/249/4291 1117/1155/4292 1127/1330/4293
f 1118/249/4291 1127/1330/4293 1137/413/4294
f 1122/1127/4295 1123/155/4296 1136/1190/4297
f 1122/1127/4295 1136/1190/4297 1133/2237/4298
f 1128/1216/4299 1135/1242/4300 1132/305/4301
f 1128/1216/4299 1132/305/4301 1129/804/4302
f 1125/667/4303 1131/1457/4304 1134/1458/4305
f 1125/667/4303 1134/1458/4305 1126/1364/4306
f 1143/13/4307 1142/795/4308 1161/952/4309
f 1143/13/4307 1161/952/4309 1162/1972/4310
f 1145/688/4311 1146/874/4312 1157/370/4313
f 1145/688/4311 1157/370/4313 1154/455/4314
f 1144/1994/4315 1143/13/4316 1162/1972/4317
f 1144/1994/4315 1162/1972/4317 1163/545/4318
usemtl brickwall1
f 1146/806/4319 1143/58/4320 1144/2203/4321
f 1146/806/4319 1144/2203/4321 1147/943/4322
f 1147/1246/4323 1144/1043/4324 1141/1702/4325
f 1147/1246/4323 1141/1702/4325 1148/242/4326
f 1145/82/4327 1142/1635/4328 1143/1717/4329
f 1145/82/4327 1143/1717/4329 1146/579/4330
f 1148/1412/4331 1141/178/4332 1142/2276/4333
f 1148/1412/4331 1142/2276/4333 1145/1145/4334
usemtl stonetrims
f 1148/1794/4335 1145/688/4336 1154/455/4337
f 1148/1794/4335 1154/455/4337 1164/1898/4338
f 1141/2280/4339 1144/1994/4340 1163/545/4341
f 1141/2280/4339 1163/545/4341 1151/2011/4342
f 1151/1024/4343 1152/1764/4344 1153/842/4345
f 1151/1024/4343 1153/842/4345 1161/1219/4346
f 1161/1219/4347 1153/842/4348 1156/1094/4349
f 1161/1219/4347 1156/1094/4349 1162/1392/4350
f 1162/1392/4351 1156/1094/4352 1159/1468/4353
f 1162/1392/4351 1159/1468/4353 1163/1461/4354
f 1163/1461/4355 1159/1468/4356 1152/1100/4357
f 1163/1461/4355 1152/1100/4357 1151/2089/4358
f 1150/672/4359 1164/1526/4360 1154/7/4361
f 1150/672/4359 1154/7/4361 1149/359/4362
f 1149/359/4363 1154/7/4364 1157/1646/4365
f 1149/359/4363 1157/1646/4365 1155/916/4366
f 1158/168/4367 1160/1099/4368 1164/1772/4369
f 1158/168/4367 1164/1772/4369 1150/909/4370
f 1155/916/4371 1157/1646/4372 1160/1099/4373
f 1155/916/4371 1160/1099/4373 1158/168/4374
f 1147/705/4375 1148/1239/4376 1164/1915/4377
f 1147/705/4375 1164/1915/4377 1160/1741/4378
f 1142/795/4379 1141/1706/4380 1151/1861/4381
f 1142/795/4379 1151/1861/4381 1161/952/4382
f 1146/874/4383 1147/705/4384 1160/1741/4385
f 1146/874/4383 1160/1741/4385 1157/370/4386
f 1152/1764/4387 1159/1787/4388 1156/843/4389
f 1152/1764/4387 1156/843/4389 1153/1323/4390
f 1149/1168/4391 1155/1171/4392 1158/1172/4393
f 1149/1168/4391 1158/1172/4393 1150/1895/4394
f 1167/2138/4395 1166/1311/4396 1185/1486/4397
f 1167/2138/4395 1185/1486/4397 1186/106/4398
f 1169/1187/4399 1170/1410/4400 1181/907/4401
f 1169/1187/4399 1181/907/4401 1178/982/4402
f 1168/128/4403 1167/2138/4404 1186/106/4405
f 1168/128/4403 1186/106/4405 1187/1059/4406
usemtl brickwall1
f 1170/551/4407 1167/603/4408 1168/336/4409
f 1170/551/4407 1168/336/4409 1171/1476/4410
f 1171/1789/4411 1168/1581/4412 1165/2217/4413
f 1171/1789/4411 1165/2217/4413 1172/793/4414
f 1169/625/4415 1166/2149/4416 1167/2230/4417
f 1169/625/4415 1167/2230/4417 1170/1089/4418
f 1172/1927/4419 1165/721/4420 1166/425/4421
f 1172/1927/4419 1166/425/4421 1169/1690/4422
usemtl stonetrims
f 1172/1539/4423 1169/1187/4424 1178/982/4425
f 1172/1539/4423 1178/982/4425 1188/1650/4426
f 1165/428/4427 1168/128/4428 1187/1059/4429
f 1165/428/4427 1187/1059/4429 1175/148/4430
f 1175/1556/4431 1176/1513/4432 1177/1367/4433
f 1175/1556/4431 1177/1367/4433 1185/1769/4434
f 1185/1769/4435 1177/1367/4436 1180/1636/4437
f 1185/1769/4435 1180/1636/4437 1186/1123/4438
f 1186/1123/4439 1180/1636/4440 1183/1978/4441
f 1186/1123/4439 1183/1978/4441 1187/1973/4442
f 1187/1973/4443 1183/1978/4444 1176/1642/4445
f 1187/1973/4443 1176/1642/4445 1175/216/4446
f 1174/1170/4447 1188/2039/4448 1178/541/4449
f 1174/1170/4447 1178/541/4449 1173/900/4450
f 1173/900/4451 1178/541/4452 1181/1383/4453
f 1173/900/4451 1181/1383/4453 1179/1451/4454
f 1182/714/4455 1184/1640/4456 1188/2283/4457
f 1182/714/4455 1188/2283/4457 1174/1443/4458
f 1179/1451/4459 1181/1383/4460 1184/1640/4461
f 1179/1451/4459 1184/1640/4461 1182/714/4462
f 1171/1208/4463 1172/1786/4464 1188/57/4465
f 1171/1208/4463 1188/57/4465 1184/2257/4466
f 1166/1311/4467 1165/2224/4468 1175/2/4469
f 1166/1311/4467 1175/2/4469 1185/1486/4470
f 1170/1410/4471 1171/1208/4472 1184/2257/4473
f 1170/1410/4471 1184/2257/4473 1181/907/4474
f 1176/1513/4475 1183/2305/4476 1180/597/4477
f 1176/1513/4475 1180/597/4477 1177/1855/4478
f 1173/1719/4479 1179/1724/4480 1182/1726/4481
f 1173/1719/4479 1182/1726/4481 1174/32/4482
f 1191/268/4483 1190/1051/4484 1209/1998/4485
f 1191/268/4483 1209/1998/4485 1210/652/4486
f 1193/1738/4487 1194/1926/4488 1205/1441/4489
f 1193/1738/4487 1205/1441/4489 1202/726/4490
f 1192/673/4491 1191/268/4492 1210/652/4493
f 1192/673/4491 1210/652/4493 1211/811/4494
usemtl brickwall1
f 1194/1067/4495 1191/1112/4496 1192/878/4497
f 1194/1067/4495 1192/878/4497 1195/1986/4498
f 1195/2309/4499 1192/2095/4500 1189/353/4501
f 1195/2309/4499 1189/353/4501 1196/1304/4502
f 1193/344/4503 1190/287/4504 1191/364/4505
f 1193/344/4503 1191/364/4505 1194/1631/4506
f 1196/68/4507 1189/473/4508 1190/965/4509
f 1196/68/4507 1190/965/4509 1193/2207/4510
usemtl stonetrims
f 1196/2055/4511 1193/1738/4512 1202/726/4513
f 1196/2055/4511 1202/726/4513 1212/2160/4514
f 1189/966/4515 1192/673/4516 1211/811/4517
f 1189/966/4515 1211/811/4517 1199/2275/4518
f 1199/2074/4519 1200/2027/4520 1201/1101/4521
f 1199/2074/4519 1201/1101/4521 1209/2281/4522
f 1209/2281/4523 1201/1101/4524 1204/2150/4525
f 1209/2281/4523 1204/2150/4525 1210/1664/4526
f 1210/1664/4527 1204/2150/4528 1207/115/4529
f 1210/1664/4527 1207/115/4529 1211/108/4530
f 1211/108/4531 1207/115/4532 1200/1380/4533
f 1211/108/4531 1200/1380/4533 1199/766/4534
f 1198/1725/4535 1212/175/4536 1202/1058/4537
f 1198/1725/4535 1202/1058/4537 1197/1432/4538
f 1197/1432/4539 1202/1058/4540 1205/1907/4541
f 1197/1432/4539 1205/1907/4541 1203/1967/4542
f 1206/452/4543 1208/2152/4544 1212/430/4545
f 1206/452/4543 1212/430/4545 1198/1962/4546
f 1203/1967/4547 1205/1907/4548 1208/2152/4549
f 1203/1967/4547 1208/2152/4549 1206/452/4550
f 1195/1756/4551 1196/2303/4552 1212/598/4553
f 1195/1756/4551 1212/598/4553 1208/399/4554
f 1190/1051/4555 1189/357/4556 1199/536/4557
f 1190/1051/4555 1199/536/4557 1209/1998/4558
f 1194/1926/4559 1195/1756/4560 1208/399/4561
f 1194/1926/4559 1208/399/4561 1205/1441/4562
f 1200/2027/4563 1207/454/4564 1204/1105/4565
f 1200/2027/4563 1204/1105/4565 1201/2388/4566
f 1197/1470/4567 1203/2240/4568 1206/2243/4569
f 1197/1470/4567 1206/2243/4569 1198/566/4570
