# Converted from user-supplied modularDungeon.fbx; Y-up, meters, bottom centered
mtllib Gothic.mtl
o Room_T
v -1.7000012 2.9723742e-07 2
v -1.7000012 2.9723742e-07 -2
v 2.2999988 2.9723742e-07 2
v 2.2999988 2.9723742e-07 -2
v -5.7000012 2.9723742e-07 -2
v -5.7000012 2.9723742e-07 2
v -5.7000012 4.0000003 2
v -5.7000012 4.0000003 -2
v 6.2999988 4.0000003 -2
v 6.2999988 2.9723742e-07 -2
v 6.2999988 2.9723742e-07 2
v 6.2999988 4.0000003 2
v -1.7000012 2.9723742e-07 6
v -1.7000012 4.0000003 6
v 2.2999988 4.0000003 6
v 2.2999988 2.9723742e-07 6
v -5.7000012 2.9723742e-07 6
v -5.7000012 4.0000003 6
v 6.2999988 4.0000003 6
v 6.2999988 2.9723742e-07 6
v -1.7000012 4.0000003 -6
v -1.7000012 2.9723742e-07 -6
v 2.2999988 2.9723742e-07 -6
v 2.2999988 4.0000003 -6
v -5.7000012 4.0000003 -6
v -5.7000012 2.9723742e-07 -6
v 6.2999988 4.0000003 -6
v 6.2999988 2.9723742e-07 -6
v -1.7000012 4.0000003 -7
v -1.7000012 2.9723742e-07 -7
v 2.2999988 2.9723742e-07 -7
v 2.2999988 4.0000003 -7
v -6.7000012 2.9723742e-07 -2
v -6.7000012 2.9723742e-07 2
v -6.7000012 4.0000003 2
v -6.7000012 4.0000003 -2
v -1.7000012 2.9723742e-07 7
v -1.7000012 4.0000003 7
v 2.2999988 4.0000003 7
v 2.2999988 2.9723742e-07 7
v -2.0997872 4.5988839 -5.9999604
v -5.0997872 5.0988839 -5.9999609
v -4.1014805 5.8988841 -5.9999604
v -1.9997869 4.1988824 -5.9999604
v -3.299787 5.8988846 -5.9999604
v -5.299787 4.5988839 -5.9999609
v -4.4997869 5.6988838 -5.9999609
v -2.8997869 5.6988838 -5.9999604
v -2.4997869 5.3988827 -5.9999604
v -5.3997869 4.1988819 -5.9999609
v -4.8997869 5.3988827 -5.9999609
v -2.299787 5.0988839 -5.9999604
v -3.6997871 5.998884 -5.9999604
v -5.6997871 4.1988819 -2.2999611
v -5.6997871 5.8988846 -3.5999608
v -5.6997871 4.5988839 -5.5999603
v -5.6997871 5.6988838 -4.7999606
v -5.6997871 5.6988838 -3.1999607
v -5.6997871 5.3988827 -2.7999606
v -5.6997867 4.1988819 -5.6999612
v -5.6997871 5.3988827 -5.1999607
v -5.6997871 5.9988835 -3.9999607
v -5.6997871 5.0988839 -2.5999608
v -5.6997871 4.5988839 -2.399961
v -5.6997871 5.0988839 -5.399961
v -5.6997871 5.8988836 -4.399961
v -4.4997873 5.6988838 -1.9999607
v -4.8997874 5.3988827 -1.9999607
v -1.9997873 4.1988819 -1.9999604
v -2.4997873 5.3988827 -1.9999607
v -5.0997872 5.0988839 -1.9999607
v -3.6997871 5.9988835 -1.9999607
v -5.299787 4.602217 -1.9999609
v -2.2997873 5.0988839 -1.9999607
v -3.2997873 5.8988836 -1.9999607
v -5.3997869 4.1988819 -1.9999609
v -4.0997872 5.8988846 -1.9999607
v -2.0997875 4.602217 -1.9999604
v -2.8997872 5.6988838 -1.9999607
v -1.6997871 5.6988838 -4.7999601
v -1.6997871 5.3988827 -5.1999602
v -1.6997874 4.1988824 -2.2999606
v -1.6997871 5.3988827 -2.7978787
v -1.6997871 5.0988839 -5.3999605
v -1.6997869 4.5988839 -5.5999603
v -1.6997871 5.0988839 -2.5999606
v -1.6997871 5.8988841 -3.5999603
v -1.6997869 4.1988824 -5.6999607
v -1.6997871 5.8988846 -4.3999605
v -1.6997874 4.5988839 -2.3999605
v -1.6997871 5.6988838 -3.19996
v -1.6997871 5.998884 -3.9999604
v -3.6997871 5.998884 -4.0999603
v -3.5997872 5.998884 -3.9999604
v -3.6997871 5.998884 -3.8999605
v -3.799787 5.998884 -3.9999604
v -4.1997871 5.8988836 -3.5999606
v -4.0997872 5.8988836 -3.4999607
v -4.5997872 5.6988838 -3.1999605
v -4.4997873 5.6988838 -3.0999606
v -4.9997873 5.3988827 -2.7999604
v -4.8997874 5.3988827 -2.6999607
v -5.1997871 5.0988839 -2.5999608
v -5.0997872 5.0988839 -2.4999609
v -5.3997874 4.6022175 -2.399961
v -5.299787 4.6022175 -2.2999606
v -5.3997869 4.1988819 -2.1999609
v -3.299787 5.8988846 -3.4801624
v -3.1997871 5.8988846 -3.5999606
v -2.8997874 5.6988838 -3.0999603
v -2.7997873 5.6988838 -3.1999605
v -2.4997873 5.3988827 -2.6999607
v -2.3997874 5.3988827 -2.7978787
v -2.2997873 5.0988839 -2.4999604
v -2.1997871 5.0988839 -2.5999606
v -2.0997875 4.6022175 -2.2999606
v -1.9997873 4.6022175 -2.3999608
v -1.8997872 4.1988824 -2.2999606
v -1.9997873 4.1988819 -2.1999607
v -4.1014805 5.8988846 -4.4999604
v -4.1997871 5.8988846 -4.3999605
v -4.4997869 5.6988838 -4.8999605
v -4.5997872 5.6988838 -4.7999601
v -4.8997869 5.3988827 -5.2999606
v -4.9997869 5.3988827 -5.1999607
v -5.0997872 5.0988839 -5.4999609
v -5.1997871 5.0988839 -5.3999605
v -5.299787 4.6022175 -5.6999607
v -5.3997869 4.602217 -5.5999603
v -3.1997871 5.8988841 -4.3999605
v -3.299787 5.8988841 -4.4999604
v -2.799787 5.6988838 -4.7999601
v -2.8997872 5.6988838 -4.8999605
v -2.3997869 5.3988841 -5.1999602
v -2.4997869 5.3988827 -5.3149395
v -2.1997871 5.0988839 -5.3999605
v -2.299787 5.0988839 -5.4999604
v -1.9997873 4.602217 -5.5999603
v -2.0997872 4.602217 -5.6999607
v -1.8997869 4.1988824 -5.6999607
v -5.3231359 4.1988819 -2.2751529
v -5.4245954 4.1988819 -2.3766122
v -5.3231359 4.1988819 -5.7247686
v -2.0764384 4.1988819 -2.2751527
v -1.9749789 4.1988824 -5.6233091
v -3.6081932 5.8992379 -3.9997211
v -3.791512 5.899227 -3.9999824
v -3.6997793 5.8992236 -4.091722
v -3.6999967 5.8992084 -3.9080024
v -5.3354387 4.5607617 -2.4643092
v -5.2354388 4.5607617 -2.3643093
v -5.1429367 5.0394195 -2.6568112
v -5.0429368 5.0394195 -2.5568113
v -4.9569254 5.3193482 -2.8428223
v -4.8569255 5.3193482 -2.7428226
v -4.5713596 5.6073211 -3.2283881
v -4.4713597 5.6073211 -3.1283879
v -4.1817861 5.8021787 -3.6179614
v -4.0817862 5.8021787 -3.5179613
v -5.4245949 4.1988819 -5.6233096
v -5.2354388 4.5607617 -5.635612
v -5.3354387 4.5607613 -5.5356121
v -5.0429363 5.0394195 -5.44311
v -5.1429362 5.0394195 -5.3431101
v -4.856925 5.3193482 -5.2570987
v -4.9569249 5.3193482 -5.1570988
v -4.4712954 5.6073301 -4.8715692
v -4.5712986 5.6073282 -4.7715726
v -4.0833683 5.802192 -4.4820018
v -4.1817341 5.8021701 -4.3820605
v -2.1641359 4.5607617 -2.3643088
v -2.0641358 4.5607617 -2.464309
v -1.9749792 4.1988819 -2.3766119
v -2.3565297 5.0394724 -2.5569744
v -2.2565355 5.0394834 -2.6569796
v -2.5423973 5.3193195 -2.7430186
v -2.4424987 5.3194287 -2.8410392
v -2.9287643 5.6073664 -3.127975
v -2.8287914 5.6073859 -3.2280111
v -3.3190401 5.8023317 -3.4976811
v -3.2183607 5.802089 -3.6168611
v -2.0641356 4.5607617 -5.5356121
v -2.1641355 4.5607617 -5.635612
v -2.0764384 4.1988824 -5.7247686
v -2.2577662 5.0397924 -5.3438663
v -2.3577342 5.0397161 -5.4439135
v -2.4439945 5.3191708 -5.1588326
v -2.5446587 5.3198655 -5.2731938
v -2.8286881 5.60725 -4.7722492
v -2.9287155 5.6072653 -4.8722286
v -3.2177877 5.8021787 -4.3819599
v -3.3177879 5.8021787 -4.4819598
v -3.7903929 5.8018125 -4.0011039
v -3.6997733 5.8018125 -4.0917301
v -3.7456355 5.7374709 -4.045866
v -3.6081872 5.8018125 -3.9997294
v -3.6539474 5.7374766 -4.0457067
v -3.6999907 5.8018125 -3.9080107
v -3.7457385 5.7374628 -3.9540002
v -3.6540973 5.7374685 -3.9538631
v -3.6545546 5.7374766 -4.0457077
v -3.7000012 5.7000015 -4
v -3.6542733 5.7379377 -4.0460339
v -1.9997869 3.9988845 -5.9999604
v -5.3997869 3.9988845 -5.9999609
v -5.6997871 3.998884 -2.2999611
v -5.6997867 3.998884 -5.6999612
v -1.9997873 3.9988845 -1.9999604
v -5.3997869 3.9988845 -1.9999609
v -1.6997874 3.9988845 -2.2999606
v -1.6997869 3.9988845 -5.6999607
v -5.3997869 3.9988845 -2.1999609
v -5.4997869 3.998884 -2.2999611
v -1.8997872 3.9988845 -2.2999606
v -1.9997873 3.9988845 -2.1999607
v -1.8997869 3.9988845 -5.6999607
v -5.3231359 3.9988845 -2.2751529
v -5.4245954 3.9988845 -2.3766122
v -5.3231359 3.9988845 -5.7247686
v -2.0764384 3.9988845 -2.2751527
v -1.9749789 3.9988845 -5.6233091
v -5.4245949 3.9988845 -5.6233096
v -1.9749792 3.9988845 -2.3766119
v -2.0764384 3.9988845 -5.7247686
v -5.4968953 5.9988835 -3.9999607
v -5.4997869 4.1988819 -5.6999612
v -5.4968948 5.0988839 -5.399961
v -5.4968953 4.6011384 -2.399961
v -5.4968953 5.3988827 -2.7999606
v -5.4968953 5.3988827 -5.1999607
v -5.4997869 3.998884 -5.6999612
v -5.4968953 4.1988819 -2.3029089
v -5.4968948 5.6988838 -4.7999606
v -5.4968953 5.6988838 -3.1999605
v -5.4968953 5.8988836 -4.3999605
v -5.4968953 5.0988839 -2.5999608
v -5.4968948 4.6011384 -5.5999603
v -5.4968953 5.8988846 -3.5999608
v -5.3997869 4.1988819 -5.7999611
v -5.0997872 5.0988839 -5.7843313
v -4.8997869 5.3988827 -5.7843313
v -4.1014805 5.8988841 -5.7843308
v -3.299787 5.8988846 -5.7843308
v -2.299787 5.0988839 -5.7843308
v -2.8997869 5.6988838 -5.7843308
v -1.9997869 3.9988845 -5.7999606
v -5.299787 4.60128 -5.7843313
v -5.3997869 3.9988845 -5.7999611
v -1.9997869 4.1988814 -5.7999606
v -4.4997869 5.6988838 -5.7843313
v -2.0997872 4.6012796 -5.7843308
v -2.4997869 5.3988827 -5.7843308
v -3.6997871 5.998884 -5.7843308
v -1.8997869 5.0988839 -5.3999605
v -1.8997869 4.601106 -5.5999603
v -1.8997869 5.3988832 -5.1999602
v -1.8997874 5.8988841 -3.5999603
v -1.8997874 5.3988827 -2.7978787
v -1.8997869 5.8988846 -4.3999605
v -1.8997879 4.6011065 -2.3999608
v -1.8997869 5.6988838 -4.7999601
v -1.8997874 5.998884 -3.9999604
v -1.8997874 5.6988838 -3.1999602
v -1.8997879 5.0988839 -2.5999606
v -4.4997873 5.6988838 -2.1973891
v -3.2997873 5.8988836 -2.1973886
v -3.6997871 5.9988835 -2.1973886
v -2.4997873 5.3988827 -2.1973886
v -4.0997872 5.8988846 -2.1973891
v -2.0997875 4.6022175 -2.1973886
v -2.8997872 5.6988838 -2.1973889
v -5.0997872 5.0988839 -2.1973889
v -4.8997874 5.3988827 -2.1973886
v -5.299787 4.602217 -2.1973886
v -2.2997873 5.0988839 -2.1973886
v -1.7000399 4.5988844 5.6002121
v -1.7000401 5.0988844 2.6002121
v -1.7000399 5.8988841 3.5985193
v -1.7000399 4.1988824 5.7002125
v -1.7000399 5.8988851 4.4002132
v -1.7000401 4.5988844 2.4002123
v -1.7000399 5.6988843 3.2002125
v -1.7000401 5.6988843 4.8002119
v -1.7000399 5.3988832 5.2002125
v -1.7000399 4.1988824 2.3002124
v -1.7000401 5.3988832 2.8002124
v -1.7000399 5.0988844 5.4002123
v -1.7000399 5.9988845 4.0002127
v -5.4000397 4.1988824 2.0002127
v -4.10004 5.8988851 2.0002127
v -2.1000402 4.5988844 2.0002122
v -2.9000401 5.6988843 2.0002127
v -4.5000401 5.6988843 2.0002127
v -4.9000401 5.3988832 2.0002127
v -2.0000396 4.1988824 2.0002122
v -2.5000401 5.3988832 2.0002122
v -3.7000399 5.9988845 2.0002127
v -5.10004 5.0988844 2.0002127
v -5.3000398 4.5988844 2.0002127
v -2.3000398 5.0988844 2.0002122
v -3.30004 5.8988841 2.0002127
v -5.7000399 5.6988843 3.200213
v -5.7000399 5.3988832 2.8002129
v -5.7000399 4.1988824 5.7002125
v -5.7000399 5.3988832 5.2002125
v -5.7000399 5.0988844 2.6002131
v -5.7000403 5.9988845 4.0002127
v -5.7000399 4.6022175 2.4002128
v -5.7000399 5.0988844 5.4002132
v -5.7000403 5.8988841 4.4002132
v -5.7000399 4.1988824 2.3002129
v -5.7000399 5.8988851 3.6002131
v -5.7000399 4.6022175 5.6002131
v -5.7000403 5.6988843 4.8002129
v -2.9000401 5.6988843 6.0002127
v -2.5000401 5.3988832 6.0002117
v -5.4000397 4.1988829 6.0002127
v -4.902122 5.3988832 6.0002127
v -2.30004 5.0988844 6.0002117
v -2.10004 4.5988844 6.0002117
v -5.10004 5.0988844 6.0002127
v -4.10004 5.8988841 6.0002127
v -2.0000401 4.1988829 6.0002117
v -3.3000402 5.8988851 6.0002127
v -5.3000398 4.5988844 6.0002127
v -4.5000405 5.6988843 6.0002127
v -3.7000403 5.9988845 6.0002127
v -3.6000402 5.9988845 4.0002127
v -3.7000403 5.9988845 4.1002131
v -3.8000402 5.9988845 4.0002127
v -3.7000403 5.9988845 3.9002128
v -4.10004 5.8988841 3.5002127
v -4.2000403 5.8988841 3.6002131
v -4.5000401 5.6988843 3.1002131
v -4.60004 5.6988843 3.200213
v -4.9000401 5.3988832 2.700213
v -5.0000401 5.3988832 2.8002129
v -5.10004 5.0988844 2.5002127
v -5.2000399 5.0988844 2.6002131
v -5.3000398 4.602218 2.3002129
v -5.4000401 4.602218 2.4002128
v -5.5000396 4.1988824 2.3002129
v -4.2198381 5.8988851 4.4002132
v -4.10004 5.8988851 4.5002127
v -4.60004 5.6988843 4.8002129
v -4.5000401 5.6988843 4.9002132
v -5.0000401 5.3988832 5.2002125
v -4.902122 5.3988832 5.3002129
v -5.2000399 5.0988844 5.4002132
v -5.10004 5.0988844 5.5002127
v -5.4000401 4.602218 5.6002131
v -5.3000398 4.602218 5.7002125
v -5.4000397 4.1988829 5.8002129
v -5.5000396 4.1988824 5.7002125
v -3.2000401 5.8988851 3.5985193
v -3.3000402 5.8988851 3.5002127
v -2.8000402 5.6988843 3.200213
v -2.9000404 5.6988843 3.1002131
v -2.4000401 5.3988832 2.8002124
v -2.5000403 5.3988832 2.7002125
v -2.2000401 5.0988844 2.6002121
v -2.30004 5.0988844 2.5002122
v -2.0000401 4.602218 2.4002128
v -2.1000402 4.6022175 2.3002124
v -3.30004 5.8988841 4.5002127
v -3.2000401 5.8988841 4.4002132
v -2.9000401 5.6988843 4.9002132
v -2.8000402 5.6988843 4.8002129
v -2.5000401 5.3988841 5.3002119
v -2.3850608 5.3988832 5.2002125
v -2.3000398 5.0988844 5.5002117
v -2.2000399 5.0988844 5.4002123
v -2.10004 4.6022175 5.7002125
v -2.0000401 4.6022175 5.6002121
v -2.0000401 4.1988829 5.8002119
v -5.4248481 4.1988824 2.376864
v -5.3233886 4.1988824 2.2754049
v -1.9752319 4.1988824 2.376864
v -5.4248481 4.1988824 5.6235619
v -2.0766912 4.1988824 5.7250204
v -3.7002797 5.8992384 4.0918064
v -3.7000184 5.8992274 3.9084878
v -3.6082788 5.8992241 4.0002203
v -3.7919984 5.8992088 4.0000038
v -5.2356915 4.5607622 2.3645616
v -5.3356915 4.5607622 2.4645615
v -5.0431895 5.0394199 2.5570636
v -5.1431894 5.0394199 2.6570635
v -4.8571782 5.3193486 2.7430749
v -4.9571781 5.3193486 2.8430748
v -4.4716125 5.607322 3.1286402
v -4.5716128 5.607322 3.2286401
v -4.0820394 5.8021792 3.5182133
v -4.1820393 5.8021792 3.6182132
v -2.0766912 4.1988824 2.2754045
v -2.0643888 4.5607622 2.464561
v -2.1643887 4.5607617 2.3645611
v -2.2568908 5.0394199 2.657063
v -2.3568907 5.0394199 2.5570626
v -2.4429021 5.3193486 2.8430748
v -2.542902 5.3193486 2.7430749
v -2.8284314 5.6073301 3.228704
v -2.9284282 5.6073287 3.1287012
v -3.217999 5.8021925 3.6166315
v -3.31794 5.8021706 3.5182652
v -5.3356915 4.5607622 5.5358639
v -5.2356915 4.5607622 5.6358643
v -5.3233886 4.1988824 5.7250204
v -5.1430264 5.0394729 5.3434706
v -5.0430207 5.0394838 5.4434643
v -4.9569821 5.31932 5.1576033
v -4.8589616 5.3194292 5.2575016
v -4.5720258 5.6073669 4.7712355
v -4.4719892 5.6073864 4.8712082
v -4.2023196 5.8023322 4.3809595
v -4.0831394 5.802089 4.4816389
v -2.1643884 4.5607617 5.6358643
v -2.0643883 4.5607617 5.5358639
v -1.9752316 4.1988824 5.6235609
v -2.3561344 5.0397924 5.442234
v -2.2560868 5.0397161 5.3422651
v -2.5411682 5.3191712 5.2560053
v -2.4268069 5.319866 5.1553411
v -2.9277511 5.6072505 4.8713112
v -2.8277721 5.6072658 4.7712841
v -3.3180408 5.8021792 4.4822121
v -3.2180409 5.8021792 4.3822117
v -3.6988966 5.8018129 3.9096074
v -3.6082704 5.8018129 4.000226
v -3.6541345 5.7374714 3.9543643
v -3.7002711 5.8018129 4.0918121
v -3.654294 5.7374766 4.0460529
v -3.7919898 5.8018129 4.0000086
v -3.7460003 5.7374633 3.9542613
v -3.7461376 5.737469 4.0459023
v -3.6542931 5.7374766 4.0454454
v -3.7000005 5.700002 3.9999986
v -3.6539669 5.7379382 4.0457268
v -1.7000399 3.998885 5.7002125
v -1.7000399 3.998885 2.3002124
v -5.4000397 3.9988845 2.0002127
v -2.0000396 3.9988845 2.0002122
v -5.7000399 3.998885 5.7002125
v -5.7000399 3.998885 2.3002129
v -5.4000397 3.998885 6.0002127
v -2.0000401 3.998885 6.0002117
v -5.5000396 3.998885 2.3002129
v -5.4000397 3.9988845 2.200213
v -5.4000397 3.998885 5.8002129
v -5.5000396 3.998885 5.7002125
v -2.0000401 3.998885 5.8002119
v -5.4248481 3.998885 2.376864
v -5.3233886 3.998885 2.2754049
v -1.9752319 3.998885 2.376864
v -5.4248481 3.998885 5.6235619
v -2.0766912 3.998885 5.7250204
v -2.0766912 3.998885 2.2754045
v -5.3233886 3.998885 5.7250204
v -1.9752316 3.998885 5.6235609
v -3.7000399 5.9988845 2.2031045
v -2.0000396 4.1988824 2.200213
v -2.3000398 5.0988844 2.2031045
v -5.3000398 4.6011389 2.2031045
v -4.9000401 5.3988832 2.2031045
v -2.5000401 5.3988832 2.203104
v -2.0000396 3.9988845 2.2002125
v -5.3970919 4.1988824 2.2031045
v -2.9000401 5.6988843 2.2031045
v -4.5000401 5.6988843 2.2031045
v -3.30004 5.8988841 2.2031045
v -5.10004 5.0988844 2.2031045
v -2.1000402 4.6011384 2.2031045
v -4.10004 5.8988851 2.2031045
v -1.9000399 4.1988824 2.3002124
v -1.9156697 5.0988844 2.6002121
v -1.9156697 5.3988832 2.8002124
v -1.9156694 5.8988841 3.5985193
v -1.9156694 5.8988851 4.4002132
v -1.9156694 5.0988844 5.4002123
v -1.9156697 5.6988843 4.8002119
v -1.9000399 3.998885 5.7002125
v -1.9156697 4.6012805 2.4002128
v -1.9000399 3.998885 2.3002124
v -1.9000399 4.1988819 5.7002125
v -1.9156694 5.6988843 3.2002125
v -1.9156694 4.60128 5.6002121
v -1.9156694 5.3988832 5.2002125
v -1.9156699 5.9988845 4.0002127
v -2.30004 5.0988844 5.8002129
v -2.10004 4.6011065 5.8002129
v -2.5000401 5.3988832 5.8002119
v -4.10004 5.8988841 5.8002119
v -4.902122 5.3988832 5.8002129
v -3.3000402 5.8988851 5.8002129
v -5.3000398 4.6011069 5.8002119
v -2.9000401 5.6988843 5.8002129
v -3.7000403 5.9988845 5.8002119
v -4.5000405 5.6988843 5.8002119
v -5.10004 5.0988844 5.8002119
v -5.5026116 5.6988843 3.200213
v -5.5026121 5.8988841 4.4002132
v -5.5026121 5.9988845 4.0002127
v -5.5026116 5.3988832 5.2002125
v -5.5026116 5.8988851 3.6002131
v -5.5026116 4.602218 5.6002131
v -5.5026116 5.6988843 4.8002129
v -5.5026116 5.0988844 2.6002131
v -5.5026121 5.3988832 2.8002129
v -5.5026121 4.602218 2.4002128
v -5.5026116 5.0988844 5.4002132
v 6.2999597 4.5988849 -2.3997879
v 6.2999587 5.0988849 -5.3997879
v 6.2999597 5.8988846 -4.4014812
v 6.2999597 4.1988829 -2.299788
v 6.2999597 5.8988851 -3.5997877
v 6.2999587 4.5988849 -5.5997877
v 6.2999597 5.6988848 -4.799788
v 6.2999597 5.6988848 -3.1997876
v 6.2999597 5.3988836 -2.7997878
v 6.2999587 4.1988829 -5.6997881
v 6.2999587 5.3988836 -5.1997881
v 6.2999597 5.0988849 -2.5997877
v 6.2999597 5.9988845 -3.9997878
v 2.5999594 4.1988829 -5.9997878
v 3.8999591 5.8988851 -5.9997878
v 5.8999591 4.5988849 -5.9997878
v 5.0999589 5.6988848 -5.9997873
v 3.499959 5.6988848 -5.9997878
v 3.0999589 5.3988836 -5.9997878
v 5.9999595 4.1988829 -5.9997878
v 5.4999585 5.3988836 -5.9997878
v 4.2999587 5.9988845 -5.9997878
v 2.8999596 5.0988849 -5.9997878
v 2.6999598 4.5988849 -5.9997878
v 5.6999593 5.0988849 -5.9997878
v 4.6999593 5.8988846 -5.9997878
v 2.2999597 5.6988848 -4.7997875
v 2.2999592 5.3988836 -5.1997876
v 2.2999597 4.1988829 -2.299788
v 2.2999597 5.3988836 -2.7997875
v 2.2999592 5.0988849 -5.3997879
v 2.2999597 5.9988845 -3.9997876
v 2.2999592 4.602218 -5.5997877
v 2.2999597 5.0988849 -2.5997877
v 2.2999597 5.8988846 -3.5997877
v 2.2999592 4.1988829 -5.6997881
v 2.2999597 5.8988851 -4.3997879
v 2.2999597 4.602218 -2.3997879
v 2.2999597 5.6988848 -3.1997876
v 5.0999589 5.6988848 -1.9997878
v 5.4999595 5.3988836 -1.9997878
v 2.5999594 4.1988834 -1.9997878
v 3.0978775 5.3988836 -1.9997878
v 5.6999593 5.0988849 -1.9997878
v 5.8999591 4.5988849 -1.9997878
v 2.8999596 5.0988849 -1.9997878
v 3.8999591 5.8988846 -1.999788
v 5.9999595 4.1988834 -1.9997878
v 4.6999593 5.8988851 -1.9997878
v 2.6999598 4.5988849 -1.9997878
v 3.499959 5.6988848 -1.999788
v 4.2999597 5.9988845 -1.9997878
v 4.3999591 5.9988845 -3.9997878
v 4.2999587 5.9988845 -3.8997877
v 4.1999588 5.9988845 -3.9997878
v 4.2999587 5.9988845 -4.0997877
v 3.8999591 5.8988846 -4.4997878
v 3.7999587 5.8988846 -4.3997879
v 3.499959 5.6988848 -4.8997879
v 3.3999591 5.6988848 -4.7997875
v 3.0999589 5.3988836 -5.2997875
v 2.999959 5.3988836 -5.1997881
v 2.8999591 5.0988849 -5.4997878
v 2.7999587 5.0988849 -5.3997879
v 2.6999598 4.6022184 -5.6997876
v 2.5999589 4.6022184 -5.5997877
v 2.499959 4.1988829 -5.6997881
v 3.7801609 5.8988851 -3.5997877
v 3.8999596 5.8988851 -3.4997878
v 3.3999591 5.6988848 -3.1997879
v 3.4999595 5.6988848 -3.0997877
v 2.9999595 5.3988836 -2.7997878
v 3.0978775 5.3988836 -2.6997876
v 2.7999597 5.0988849 -2.5997877
v 2.8999596 5.0988849 -2.4997878
v 2.5999594 4.6022184 -2.3997879
v 2.6999598 4.6022184 -2.2997878
v 2.5999594 4.1988834 -2.1997879
v 2.4999595 4.1988829 -2.299788
v 4.7999587 5.8988851 -4.4014812
v 4.6999593 5.8988851 -4.4997878
v 5.1999593 5.6988848 -4.7997875
v 5.0999589 5.6988848 -4.8997879
v 5.5999589 5.3988836 -5.1997876
v 5.4999585 5.3988836 -5.2997875
v 5.7999587 5.0988849 -5.3997879
v 5.6999593 5.0988849 -5.4997878
v 5.9999585 4.6022184 -5.5997877
v 5.8999591 4.602218 -5.6997876
v 4.6999593 5.8988846 -3.4997878
v 4.7999587 5.8988846 -3.5997877
v 5.0999589 5.6988848 -3.0997877
v 5.1999593 5.6988848 -3.1997879
v 5.4999585 5.3988846 -2.6997879
v 5.6149392 5.3988836 -2.7997875
v 5.6999593 5.0988849 -2.4997878
v 5.7999597 5.0988849 -2.5997877
v 5.8999591 4.602218 -2.299788
v 5.9999595 4.602218 -2.3997879
v 5.9999595 4.1988834 -2.1997881
v 2.5751514 4.1988829 -5.6231365
v 2.6766105 4.1988829 -5.724596
v 6.0247674 4.1988829 -5.6231365
v 2.5751514 4.1988829 -2.3764391
v 5.9233079 4.1988829 -2.2749801
v 4.2997198 5.8992389 -3.9081938
v 4.2999811 5.8992279 -4.0915127
v 4.3917203 5.8992246 -3.9997799
v 4.2080011 5.8992093 -3.9999971
v 2.7643075 4.5607627 -5.6354394
v 2.6643076 4.5607627 -5.5354395
v 2.9568095 5.0394204 -5.4429369
v 2.8568096 5.0394204 -5.342937
v 3.1428208 5.3193491 -5.2569261
v 3.0428209 5.3193491 -5.1569262
v 3.5283866 5.607322 -4.8713603
v 3.4283867 5.607322 -4.7713604
v 3.9179602 5.8021792 -4.4817867
v 3.8179598 5.8021792 -4.3817868
v 5.9233079 4.1988829 -5.724596
v 5.9356103 4.5607627 -5.5354395
v 5.8356109 4.5607622 -5.6354394
v 5.7431083 5.0394204 -5.3429375
v 5.6431079 5.0394204 -5.4429369
v 5.557097 5.3193491 -5.1569257
v 5.4570966 5.3193491 -5.2569256
v 5.1715674 5.6073306 -4.771296
v 5.0715709 5.6073287 -4.8712993
v 4.7820001 5.802193 -4.383369
v 4.6820588 5.8021706 -4.4817348
v 2.6643076 4.5607627 -2.4641361
v 2.7643075 4.5607627 -2.3641362
v 2.6766105 4.1988829 -2.2749798
v 2.8569732 5.0394729 -2.6565299
v 2.9569788 5.0394843 -2.556536
v 3.0430174 5.3193205 -2.8423977
v 3.1410379 5.3194297 -2.7424991
v 3.4279733 5.6073673 -3.2287648
v 3.5280099 5.6073869 -3.128792
v 3.7976799 5.8023327 -3.6190405
v 3.9168596 5.8020895 -3.5183611
v 5.8356109 4.5607622 -2.3641365
v 5.9356103 4.5607622 -2.4641361
v 6.0247674 4.1988829 -2.3764391
v 5.6438651 5.0397928 -2.5577669
v 5.7439122 5.0397165 -2.6577349
v 5.4588313 5.3191717 -2.7439952
v 5.5731921 5.319866 -2.8446593
v 5.072248 5.6072505 -3.1286888
v 5.1722274 5.6072662 -3.2287161
v 4.6819587 5.8021792 -3.5177884
v 4.7819581 5.8021792 -3.6177886
v 4.3011031 5.8018129 -4.0903935
v 4.3917289 5.8018129 -3.999774
v 4.3458648 5.7374719 -4.0456362
v 4.2997284 5.8018129 -3.9081876
v 4.3457055 5.7374771 -3.953948
v 4.2080092 5.8018129 -3.9999912
v 4.2539988 5.7374638 -4.0457392
v 4.2538614 5.7374695 -3.954098
v 4.3457055 5.7374771 -3.954555
v 4.2999988 5.700002 -4.0000019
v 4.3460326 5.7379387 -3.9542737
v 6.2999597 3.9988855 -2.299788
v 6.2999587 3.9988852 -5.6997881
v 2.5999594 3.998885 -5.9997878
v 5.9999595 3.998885 -5.9997878
v 2.2999597 3.9988855 -2.299788
v 2.2999592 3.9988855 -5.6997881
v 2.5999594 3.9988855 -1.9997878
v 5.9999595 3.9988855 -1.9997878
v 2.499959 3.9988855 -5.6997881
v 2.5999594 3.998885 -5.7997875
v 2.5999594 3.9988855 -2.1997879
v 2.4999595 3.9988855 -2.299788
v 5.9999595 3.9988855 -2.1997881
v 2.5751514 3.9988855 -5.6231365
v 2.6766105 3.9988855 -5.724596
v 6.0247674 3.9988852 -5.6231365
v 2.5751514 3.9988855 -2.3764391
v 5.9233079 3.9988855 -2.2749801
v 5.9233079 3.9988852 -5.724596
v 2.6766105 3.9988855 -2.2749798
v 6.0247674 3.9988855 -2.3764391
v 4.2999587 5.9988845 -5.796896
v 5.9999595 4.1988829 -5.7997875
v 5.6999593 5.0988849 -5.796896
v 2.6999598 4.6011394 -5.796896
v 3.0999589 5.3988836 -5.796896
v 5.4999585 5.3988836 -5.796896
v 5.9999595 3.998885 -5.799788
v 2.6029072 4.1988829 -5.796896
v 5.0999589 5.6988848 -5.7968955
v 3.499959 5.6988848 -5.7968955
v 4.6999593 5.8988846 -5.796896
v 2.8999591 5.0988849 -5.796896
v 5.8999591 4.6011389 -5.796896
v 3.8999591 5.8988851 -5.796896
v 6.0999589 4.1988829 -5.6997881
v 6.0843291 5.0988849 -5.3997879
v 6.0843291 5.3988836 -5.1997881
v 6.0843291 5.8988846 -4.4014812
v 6.0843291 5.8988851 -3.5997877
v 6.0843291 5.0988849 -2.5997877
v 6.0843291 5.6988848 -3.1997879
v 6.0999599 3.9988855 -2.299788
v 6.0843291 4.601281 -5.5997877
v 6.0999589 3.9988852 -5.6997881
v 6.0999599 4.1988824 -2.299788
v 6.0843291 5.6988848 -4.799788
v 6.0843291 4.6012805 -2.3997879
v 6.0843291 5.3988836 -2.7997878
v 6.0843291 5.9988845 -3.9997878
v 5.6999593 5.0988849 -2.1997876
v 5.8999591 4.6011069 -2.1997876
v 5.4999595 5.3988836 -2.1997879
v 3.8999591 5.8988846 -2.1997881
v 3.0978775 5.3988836 -2.1997881
v 4.6999593 5.8988851 -2.1997876
v 2.6999598 4.6011074 -2.1997881
v 5.0999589 5.6988848 -2.1997876
v 4.2999587 5.9988845 -2.1997881
v 3.499959 5.6988848 -2.1997881
v 2.8999596 5.0988849 -2.1997881
v 2.4973874 5.6988848 -4.7997875
v 2.4973874 5.8988846 -3.5997877
v 2.4973874 5.9988845 -3.9997876
v 2.4973874 5.3988836 -2.7997875
v 2.4973874 5.8988851 -4.3997874
v 2.4973874 4.602218 -2.3997879
v 2.4973874 5.6988848 -3.1997876
v 2.4973874 5.0988849 -5.3997879
v 2.4973869 5.3988836 -5.1997876
v 2.4973869 4.602218 -5.5997877
v 2.4973874 5.0988849 -2.5997877
v 5.9002137 4.5988844 2.0000386
v 2.9002137 5.0988844 2.0000381
v 3.89852 5.8988846 2.0000381
v 6.0002141 4.1988824 2.0000386
v 4.7002139 5.8988851 2.0000381
v 2.7002134 4.5988844 2.0000381
v 3.5002136 5.6988843 2.0000381
v 5.1002145 5.6988843 2.0000381
v 5.5002141 5.3988832 2.0000381
v 2.6002135 4.1988824 2.0000381
v 3.1002135 5.3988832 2.0000381
v 5.7002139 5.0988844 2.0000381
v 4.3002143 5.9988845 2.0000381
v 2.3002133 4.1988824 5.700038
v 2.3002138 5.8988851 4.4000378
v 2.3002138 4.5988844 2.4000387
v 2.3002138 5.6988843 3.2000389
v 2.3002138 5.6988843 4.8000383
v 2.3002138 5.3988832 5.200038
v 2.3002138 4.1988824 2.3000383
v 2.3002138 5.3988832 2.8000388
v 2.3002138 5.998884 4.0000381
v 2.3002138 5.0988844 5.4000378
v 2.3002133 4.5988844 5.6000376
v 2.3002138 5.0988844 2.6000381
v 2.3002138 5.8988841 3.6000381
v 3.5002131 5.6988843 6.0000381
v 3.1002131 5.3988832 6.0000381
v 6.0002131 4.1988824 6.0000381
v 5.5002131 5.3988832 6.0000381
v 2.9002132 5.0988844 6.0000381
v 4.3002133 5.998884 6.0000381
v 2.700213 4.6022175 6.0000381
v 5.700213 5.0988844 6.0000381
v 4.700213 5.8988841 6.0000381
v 2.6002131 4.1988824 6.0000372
v 3.9002132 5.8988851 6.0000381
v 5.9002128 4.6022175 6.0000381
v 5.1002135 5.6988843 6.0000381
v 6.3002133 5.6988843 3.2000394
v 6.3002133 5.3988832 2.8000393
v 6.3002133 4.1988829 5.7000389
v 6.3002133 5.3988832 5.2021208
v 6.3002133 5.0988844 2.6000385
v 6.3002133 4.5988844 2.4000387
v 6.3002133 5.0988844 5.4000387
v 6.3002133 5.8988846 4.4000397
v 6.3002143 4.1988829 2.3000393
v 6.3002133 5.8988851 3.600039
v 6.3002133 4.5988844 5.6000385
v 6.3002133 5.6988843 4.8000393
v 6.3002133 5.9988845 4.0000391
v 4.3002133 5.9988845 3.9000387
v 4.4002128 5.9988845 4.0000391
v 4.3002133 5.9988845 4.1000395
v 4.2002134 5.9988845 4.0000391
v 3.8002133 5.8988841 4.4000397
v 3.9002137 5.8988841 4.5000391
v 3.4002137 5.6988843 4.8000393
v 3.5002136 5.6988843 4.9000397
v 3.0002136 5.3988832 5.2000389
v 3.1002135 5.3988832 5.3000383
v 2.8002138 5.0988844 5.4000387
v 2.9002132 5.0988844 5.5000381
v 2.6002131 4.602218 5.6000376
v 2.700213 4.602218 5.7000389
v 2.6002131 4.1988824 5.8000374
v 4.700213 5.8988851 4.5198374
v 4.8002133 5.8988851 4.4000397
v 5.1002135 5.6988843 4.9000397
v 5.200213 5.6988843 4.8000393
v 5.5002131 5.3988832 5.3000383
v 5.6002135 5.3988832 5.2021208
v 5.700213 5.0988844 5.5000381
v 5.8002133 5.0988844 5.4000387
v 5.9002128 4.602218 5.7000389
v 6.0002131 4.602218 5.6000385
v 6.1002126 4.1988829 5.7000389
v 6.0002131 4.1988824 5.8000383
v 3.89852 5.8988851 3.5000386
v 3.8002133 5.8988851 3.6000385
v 3.5002136 5.6988843 3.100039
v 3.4002137 5.6988843 3.2000389
v 3.1002135 5.3988832 2.700038
v 3.0002136 5.3988832 2.8000388
v 2.9002137 5.0988844 2.5000381
v 2.8002138 5.0988844 2.6000381
v 2.7002134 4.602218 2.3000388
v 2.6002135 4.6022175 2.4000387
v 4.8002133 5.8988846 3.6000385
v 4.700213 5.8988846 3.5000386
v 5.200213 5.6988843 3.2000389
v 5.1002135 5.6988843 3.100039
v 5.6002135 5.3988846 2.8000388
v 5.5002131 5.3988832 2.6850595
v 5.8002133 5.0988844 2.6000385
v 5.700213 5.0988844 2.5000381
v 6.0002122 4.6022175 2.4000392
v 5.9002137 4.6022175 2.3000388
v 6.1002135 4.1988829 2.3000393
v 2.6768641 4.1988824 5.7248468
v 2.5754046 4.1988824 5.6233864
v 2.6768646 4.1988824 2.2752304
v 5.9235616 4.1988824 5.7248468
v 6.0250211 4.1988824 2.3766904
v 4.3918071 5.8992384 4.0002785
v 4.2084889 5.8992274 4.0000172
v 4.300221 5.8992241 3.9082775
v 4.3000035 5.8992088 4.0919971
v 2.6645613 4.5607622 5.5356903
v 2.7645612 4.5607622 5.6356907
v 2.8570642 5.0394199 5.3431883
v 2.9570642 5.0394199 5.4431877
v 3.0430756 5.3193486 5.157177
v 3.1430755 5.3193486 5.2571774
v 3.4286408 5.6073216 4.7716112
v 3.5286407 5.6073216 4.8716116
v 3.8182139 5.8021792 4.3820381
v 3.9182138 5.8021792 4.4820385
v 2.5754051 4.1988824 2.3766899
v 2.7645617 4.5607627 2.364387
v 2.6645617 4.5607617 2.4643869
v 2.9570642 5.0394199 2.5568886
v 2.8570642 5.0394199 2.656889
v 3.1430755 5.3193486 2.7429008
v 3.0430756 5.3193486 2.8429008
v 3.5287056 5.6073301 3.1284299
v 3.4287019 5.6073287 3.2284269
v 3.9166322 5.8021925 3.5179973
v 3.8182659 5.8021706 3.6179385
v 5.8358645 4.5607627 5.6356907
v 5.935864 4.5607627 5.5356903
v 6.0250211 4.1988824 5.6233873
v 5.6434703 5.0394729 5.4430246
v 5.743464 5.0394838 5.3430195
v 5.457603 5.31932 5.2569809
v 5.5575013 5.3194292 5.1589603
v 5.0712361 5.6073669 4.8720245
v 5.1712089 5.6073864 4.7719879
v 4.6809602 5.8023322 4.5023184
v 4.7816396 5.8020895 4.3831387
v 5.935864 4.5607617 2.4643874
v 5.8358645 4.5607617 2.3643875
v 5.9235625 4.1988824 2.2752309
v 5.7422338 5.0397928 2.6561332
v 5.6422658 5.0397165 2.5560856
v 5.556005 5.3191712 2.8411665
v 5.4553409 5.319866 2.7268052
v 5.1713119 5.6072505 3.2277493
v 5.0712848 5.6072658 3.1277709
v 4.7822118 5.8021792 3.6180391
v 4.6822124 5.8021792 3.5180392
v 4.2096081 5.8018129 3.9988952
v 4.3002267 5.8018129 3.9082689
v 4.254365 5.7374714 3.954133
v 4.3918128 5.8018129 4.0002699
v 4.3460526 5.7374766 3.9542923
v 4.3000093 5.8018129 4.0919886
v 4.254262 5.7374633 4.0459995
v 4.3459029 5.737469 4.0461369
v 4.3454452 5.7374766 3.9542918
v 4.2999988 5.700002 3.999999
v 4.3457274 5.7379382 3.9539652
v 6.0002141 3.998885 2.0000386
v 2.6002135 3.998885 2.0000381
v 2.3002133 3.9988845 5.700038
v 2.3002138 3.9988845 2.3000383
v 6.0002131 3.998885 6.0000381
v 2.6002131 3.998885 6.0000372
v 6.3002133 3.998885 5.7000389
v 6.3002143 3.998885 2.3000393
v 2.6002131 3.998885 5.8000374
v 2.5002131 3.9988845 5.700038
v 6.1002126 3.998885 5.7000389
v 6.0002131 3.998885 5.8000383
v 6.1002135 3.998885 2.3000393
v 2.6768641 3.998885 5.7248468
v 2.5754046 3.998885 5.6233864
v 2.6768646 3.998885 2.2752304
v 5.9235616 3.998885 5.7248468
v 6.0250211 3.998885 2.3766904
v 2.5754051 3.998885 2.3766899
v 6.0250211 3.998885 5.6233873
v 5.9235625 3.998885 2.2752309
v 2.5031056 5.998884 4.0000381
v 2.5002136 4.1988824 2.3000383
v 2.5031056 5.0988844 2.6000381
v 2.5031052 4.6011389 5.6000376
v 2.5031056 5.3988832 5.200038
v 2.5031056 5.3988832 2.8000388
v 2.5002136 3.9988845 2.3000383
v 2.5031052 4.1988824 5.6970892
v 2.5031056 5.6988843 3.2000389
v 2.5031056 5.6988843 4.8000383
v 2.5031056 5.8988841 3.6000385
v 2.5031056 5.0988844 5.4000378
v 2.5031056 4.6011384 2.4000387
v 2.5031056 5.8988851 4.4000387
v 2.6002135 4.1988824 2.200038
v 2.9002137 5.0988844 2.2156682
v 3.1002135 5.3988832 2.2156682
v 3.89852 5.8988846 2.2156682
v 4.7002139 5.8988851 2.2156682
v 5.7002139 5.0988844 2.2156682
v 5.1002145 5.6988843 2.2156682
v 6.0002141 3.998885 2.2000384
v 2.7002134 4.6012805 2.2156682
v 2.6002135 3.998885 2.200038
v 6.0002141 4.1988819 2.2000384
v 3.5002136 5.6988843 2.2156682
v 5.9002137 4.60128 2.2156687
v 5.5002141 5.3988832 2.2156682
v 4.3002143 5.9988845 2.2156682
v 6.1002126 5.0988844 2.6000385
v 6.1002126 4.6011065 2.4000392
v 6.1002126 5.3988836 2.8000393
v 6.1002126 5.8988846 4.4000397
v 6.1002126 5.3988832 5.2021208
v 6.1002126 5.8988851 3.600039
v 6.1002126 4.6011069 5.6000385
v 6.1002126 5.6988843 3.2000394
v 6.1002126 5.9988845 4.0000391
v 6.1002126 5.6988843 4.8000393
v 6.1002126 5.0988844 5.4000387
v 3.5002131 5.6988843 5.8026104
v 4.700213 5.8988841 5.8026104
v 4.3002133 5.998884 5.8026104
v 5.5002131 5.3988832 5.8026104
v 3.9002132 5.8988851 5.8026104
v 5.9002128 4.602218 5.8026104
v 5.1002135 5.6988843 5.8026104
v 2.9002132 5.0988844 5.8026104
v 3.1002131 5.3988832 5.8026104
v 2.700213 4.602218 5.8026104
v 5.700213 5.0988844 5.8026104
v 1.9002142 4.5988849 -1.9999602
v -1.099786 5.0988844 -1.9999604
v -0.10147953 5.8988846 -1.9999604
v 2.0002141 4.1988829 -1.9999602
v 0.70021391 5.8988851 -1.9999604
v -1.2997863 4.5988844 -1.9999604
v -0.49978638 5.6988848 -1.9999604
v 1.100214 5.6988848 -1.9999602
v 1.5002141 5.3988836 -1.9999602
v -1.3997862 4.1988824 -1.9999604
v -0.89978647 5.3988832 -1.9999604
v 1.7002139 5.0988849 -1.9999602
v 0.30021381 5.9988845 -1.9999604
v -1.6997864 4.1988824 1.7000389
v -1.6997862 5.8988851 0.4000392
v -1.6997862 4.5988844 -1.5999603
v -1.6997862 5.6988843 -0.79996037
v -1.6997864 5.6988843 0.80003977
v -1.6997864 5.3988832 1.2000394
v -1.6997862 4.1988824 -1.6999607
v -1.6997862 5.3988832 -1.1999605
v -1.6997862 5.9988845 3.9100647e-05
v -1.6997864 5.0988844 1.4000387
v -1.6997864 4.5988844 1.600039
v -1.6997862 5.0988844 -1.3999608
v -1.6997862 5.8988846 -0.39996052
v -0.49978638 5.6988843 2.0000396
v -0.89978671 5.3988832 2.0000391
v 2.0002136 4.1988824 2.0000396
v 1.5002136 5.3988832 2.0000396
v -1.0997863 5.0988844 2.0000391
v 0.30021381 5.9988845 2.0000396
v -1.2997863 4.6022175 2.0000391
v 1.7002134 5.0988844 2.0000396
v 0.70021343 5.8988846 2.0000396
v -1.3997865 4.1988824 2.0000391
v -0.099786282 5.8988851 2.0000396
v 1.9002128 4.6022175 2.0000396
v 1.1002135 5.6988843 2.0000396
v 2.3002138 5.6988848 -0.7999599
v 2.3002143 5.3988836 -1.19996
v 2.3002138 4.1988829 1.7000394
v 2.3002138 5.3988832 1.2021217
v 2.3002143 5.0988849 -1.3999603
v 2.3002143 4.5988849 -1.5999603
v 2.3002138 5.0988844 1.4000392
v 2.3002138 5.8988846 0.40004015
v 2.3002143 4.1988829 -1.69996
v 2.3002138 5.8988851 -0.39996004
v 2.3002138 4.5988844 1.6000395
v 2.3002138 5.6988848 0.80004025
v 2.3002138 5.9988845 3.9577484e-05
v 0.30021381 5.9988845 -0.099960089
v 0.40021372 5.9988845 3.9577484e-05
v 0.30021381 5.9988845 0.10003996
v 0.20021391 5.9988845 3.9577484e-05
v -0.19978619 5.8988846 0.40004015
v -0.099786043 5.8988846 0.50003958
v -0.59978628 5.6988843 0.80003977
v -0.49978638 5.6988843 0.90004015
v -0.99978638 5.3988832 1.2000394
v -0.89978671 5.3988832 1.3000388
v -1.1997864 5.0988844 1.4000397
v -1.0997863 5.0988844 1.5000391
v -1.3997865 4.602218 1.600039
v -1.2997863 4.602218 1.7000389
v -1.3997865 4.1988824 1.8000388
v 0.70021343 5.8988851 0.51983786
v 0.80021381 5.8988851 0.40003967
v 1.1002135 5.6988843 0.90004015
v 1.2002134 5.6988843 0.80003977
v 1.5002136 5.3988832 1.3000393
v 1.6002135 5.3988832 1.2021217
v 1.7002134 5.0988844 1.5000396
v 1.8002138 5.0988844 1.4000392
v 1.9002128 4.602218 1.7000394
v 2.0002136 4.602218 1.6000395
v 2.1002135 4.1988829 1.7000394
v 2.0002136 4.1988824 1.8000393
v -0.10147953 5.8988851 -0.49996042
v -0.19978619 5.8988851 -0.39996028
v -0.49978614 5.6988843 -0.89996004
v -0.59978604 5.6988843 -0.79996014
v -0.89978647 5.3988832 -1.2999604
v -0.99978614 5.3988832 -1.1999602
v -1.099786 5.0988844 -1.4999604
v -1.1997862 5.0988844 -1.3999605
v -1.2997861 4.602218 -1.6999602
v -1.3997862 4.6022175 -1.5999603
v 0.80021381 5.8988846 -0.39996052
v 0.70021343 5.8988846 -0.49996042
v 1.2002134 5.6988848 -0.7999599
v 1.100214 5.6988848 -0.8999598
v 1.600214 5.3988846 -1.19996
v 1.5002141 5.3988832 -1.3149393
v 1.8002143 5.0988849 -1.3999605
v 1.7002139 5.0988849 -1.4999602
v 2.0002136 4.602218 -1.5999601
v 1.9002132 4.602218 -1.6999602
v 2.100214 4.1988829 -1.69996
v -1.3231351 4.1988824 1.7248473
v -1.4245944 4.1988824 1.6233878
v -1.3231349 4.1988824 -1.7247684
v 1.923562 4.1988824 1.7248478
v 2.025022 4.1988829 -1.6233089
v 0.39180756 5.8992384 0.00027942657
v 0.20848894 5.8992274 1.8119812e-05
v 0.30022144 5.8992246 -0.091721535
v 0.30000401 5.8992093 0.0919981
v -1.335438 4.5607627 1.5356908
v -1.2354381 4.5607627 1.6356907
v -1.142936 5.0394199 1.3431888
v -1.0429358 5.0394199 1.4431882
v -0.95692468 5.3193486 1.1571774
v -0.85692477 5.3193486 1.2571778
v -0.57135892 5.607322 0.77161169
v -0.47135901 5.607322 0.87161207
v -0.18178535 5.8021792 0.38203907
v -0.081785202 5.8021792 0.48203897
v -1.4245942 4.1988824 -1.6233091
v -1.2354379 4.5607627 -1.6356118
v -1.3354378 4.5607617 -1.5356121
v -1.0429356 5.0394199 -1.4431098
v -1.1429358 5.0394199 -1.3431098
v -0.85692453 5.3193491 -1.2570982
v -0.95692444 5.3193491 -1.1570983
v -0.47129464 5.6073306 -0.87156916
v -0.57129765 5.6073287 -0.77157211
v -0.083367348 5.8021925 -0.48200154
v -0.18173337 5.8021706 -0.38206029
v 1.835865 4.5607627 1.6356912
v 1.9358649 4.5607627 1.5356913
v 2.0250216 4.1988824 1.6233883
v 1.6434712 5.0394729 1.4430261
v 1.7434649 5.0394838 1.3430204
v 1.457603 5.3193205 1.2569814
v 1.5575018 5.3194297 1.1589608
v 1.0712366 5.6073673 0.87202549
v 1.1712093 5.6073869 0.77198935
v 0.68096066 5.8023322 0.50231934
v 0.78164005 5.8020895 0.38313961
v 1.9358654 4.5607622 -1.5356119
v 1.8358655 4.5607622 -1.6356118
v 1.9235625 4.1988829 -1.7247682
v 1.7422352 5.0397928 -1.3438659
v 1.6422668 5.0397165 -1.4439132
v 1.5560064 5.3191712 -1.1588323
v 1.4553423 5.319866 -1.2731936
v 1.1713123 5.6072505 -0.77224898
v 1.0712857 5.6072658 -0.87222791
v 0.78221273 5.8021792 -0.38195968
v 0.68221283 5.8021792 -0.48195958
v 0.20960808 5.8018129 -0.0011036396
v 0.30022717 5.8018129 -0.091730118
v 0.25436521 5.7374714 -0.045866013
v 0.39181376 5.8018129 0.00027084351
v 0.34605312 5.7374771 -0.045706272
v 0.3000102 5.8018129 0.091989994
v 0.25426269 5.7374638 0.046000004
v 0.3459034 5.737469 0.046137333
v 0.34544611 5.7374771 -0.045707464
v 0.29999924 5.700002 4.7683716e-07
v 0.34572744 5.7379382 -0.046033382
v 2.0002141 3.9988852 -1.9999602
v -1.3997862 3.998885 -1.9999604
v -1.6997864 3.9988845 1.7000389
v -1.6997862 3.9988847 -1.6999607
v 2.0002136 3.998885 2.0000396
v -1.3997865 3.998885 2.0000391
v 2.3002138 3.998885 1.7000394
v 2.3002143 3.9988852 -1.69996
v -1.3997865 3.998885 1.8000388
v -1.4997864 3.9988845 1.7000389
v 2.1002135 3.998885 1.7000394
v 2.0002136 3.998885 1.8000393
v 2.100214 3.9988852 -1.69996
v -1.3231351 3.998885 1.7248473
v -1.4245944 3.998885 1.6233878
v -1.3231349 3.998885 -1.7247684
v 1.923562 3.998885 1.7248478
v 2.025022 3.9988852 -1.6233089
v -1.4245942 3.998885 -1.6233091
v 2.0250216 3.998885 1.6233883
v 1.9235625 3.9988852 -1.7247682
v -1.4968941 5.9988845 3.9100647e-05
v -1.4997861 4.1988824 -1.6999607
v -1.4968941 5.0988844 -1.3999608
v -1.4968946 4.6011389 1.600039
v -1.4968946 5.3988832 1.2000394
v -1.4968944 5.3988832 -1.1999602
v -1.4997861 3.9988847 -1.6999607
v -1.4968946 4.1988824 1.6970911
v -1.4968941 5.6988843 -0.79996014
v -1.4968944 5.6988843 0.80003977
v -1.4968941 5.8988846 -0.39996052
v -1.4968944 5.0988844 1.4000387
v -1.4968941 4.6011389 -1.5999603
v -1.4968941 5.8988851 0.4000392
v -1.3997862 4.1988824 -1.7999604
v -1.099786 5.0988844 -1.7843308
v -0.89978647 5.3988832 -1.7843308
v -0.10147953 5.8988846 -1.7843308
v 0.70021391 5.8988851 -1.7843308
v 1.7002139 5.0988849 -1.7843306
v 1.100214 5.6988848 -1.7843306
v 2.0002141 3.9988852 -1.7999601
v -1.2997861 4.6012805 -1.7843308
v -1.3997862 3.998885 -1.7999604
v 2.0002141 4.1988824 -1.7999601
v -0.49978638 5.6988843 -1.7843308
v 1.9002132 4.6012805 -1.7843306
v 1.5002141 5.3988832 -1.7843306
v 0.30021381 5.9988845 -1.7843306
v 2.100214 5.0988849 -1.3999603
v 2.100214 4.6011065 -1.5999601
v 2.100214 5.3988836 -1.19996
v 2.1002131 5.8988846 0.40004015
v 2.1002131 5.3988832 1.2021217
v 2.1002135 5.8988851 -0.39996004
v 2.1002131 4.6011069 1.6000395
v 2.1002135 5.6988848 -0.7999599
v 2.1002131 5.9988845 3.9577484e-05
v 2.1002131 5.6988843 0.80004025
v 2.1002131 5.0988844 1.4000392
v -0.49978638 5.6988843 1.8026114
v 0.70021343 5.8988846 1.8026114
v 0.30021381 5.9988845 1.8026114
v 1.5002136 5.3988832 1.8026114
v -0.099786282 5.8988851 1.8026114
v 1.9002128 4.602218 1.8026114
v 1.1002135 5.6988843 1.8026114
v -1.0997863 5.0988844 1.8026109
v -0.89978671 5.3988832 1.8026109
v -1.2997863 4.602218 1.8026109
v 1.7002134 5.0988844 1.8026114
v -5.6999612 4.5988849 -1.6002145
v -5.6999617 5.0988844 1.3997855
v -5.6999617 5.8988846 0.40147924
v -5.6999612 4.1988824 -1.7002146
v -5.6999612 5.8988851 -0.40021443
v -5.6999621 4.5988844 1.5997858
v -5.6999617 5.6988843 0.79978561
v -5.6999612 5.6988848 -0.80021453
v -5.6999612 5.3988832 -1.2002146
v -5.6999617 4.1988824 1.6997857
v -5.6999617 5.3988832 1.1997857
v -5.6999612 5.0988849 -1.4002144
v -5.6999617 5.9988845 -0.00021457672
v -1.9999619 4.1988824 1.9997864
v -3.2999618 5.8988851 1.9997854
v -5.2999616 4.5988844 1.9997854
v -4.4999619 5.6988843 1.9997854
v -2.8999617 5.6988843 1.9997854
v -2.4999619 5.3988832 1.9997864
v -5.3999619 4.1988824 1.9997854
v -4.8999619 5.3988832 1.9997854
v -3.6999619 5.9988845 1.9997854
v -2.299962 5.0988844 1.9997864
v -2.0999622 4.5988844 1.9997864
v -5.0999618 5.0988844 1.9997854
v -4.0999618 5.8988841 1.9997854
v -1.6999619 5.6988843 0.79978609
v -1.6999619 5.3988832 1.1997862
v -1.6999614 4.1988829 -1.7002137
v -1.6999614 5.3988832 -1.2002137
v -1.6999619 5.0988844 1.3997865
v -1.6999617 5.9988845 -0.00021409988
v -1.6999619 4.6022175 1.5997858
v -1.6999614 5.0988849 -1.4002137
v -1.6999617 5.8988846 -0.40021372
v -1.6999619 4.1988824 1.6997862
v -1.6999617 5.8988851 0.399786
v -1.6999614 4.602218 -1.6002135
v -1.6999617 5.6988848 -0.80021405
v -4.4999609 5.6988848 -2.0002141
v -4.899961 5.3988836 -2.0002143
v -1.9999611 4.1988834 -2.0002141
v -2.4978795 5.3988836 -2.0002139
v -5.0999613 5.0988849 -2.0002143
v -5.2999611 4.5988849 -2.0002143
v -2.2999611 5.0988849 -2.0002139
v -3.2999611 5.8988846 -2.0002141
v -5.399961 4.1988834 -2.0002146
v -4.0999613 5.8988851 -2.0002141
v -2.0999613 4.5988849 -2.0002139
v -2.899961 5.6988848 -2.0002141
v -3.6999612 5.9988845 -2.0002141
v -3.7999616 5.9988845 -0.0002143383
v -3.6999614 5.9988845 -0.10021424
v -3.5999615 5.9988845 -0.0002143383
v -3.6999614 5.9988845 0.099785805
v -3.2999616 5.8988846 0.4997859
v -3.1999617 5.8988846 0.39978552
v -2.8999615 5.6988843 0.899786
v -2.7999616 5.6988843 0.79978609
v -2.4999614 5.3988832 1.2997861
v -2.3999619 5.3988832 1.1997862
v -2.2999616 5.0988844 1.4997864
v -2.1999617 5.0988844 1.3997865
v -2.0999622 4.602218 1.6997862
v -1.9999619 4.602218 1.5997858
v -1.8999619 4.1988824 1.6997862
v -3.1801634 5.8988851 -0.4002142
v -3.2999616 5.8988851 -0.50021434
v -2.7999611 5.6988848 -0.80021405
v -2.8999615 5.6988848 -0.90021396
v -2.3999615 5.3988832 -1.2002144
v -2.4978795 5.3988832 -1.3002141
v -2.1999614 5.0988849 -1.400214
v -2.2999613 5.0988849 -1.5002141
v -1.9999614 4.6022184 -1.6002135
v -2.0999613 4.6022184 -1.7002137
v -1.9999611 4.1988834 -1.8002138
v -1.899961 4.1988829 -1.7002137
v -4.1999617 5.8988851 0.40147924
v -4.0999613 5.8988851 0.4997859
v -4.5999613 5.6988843 0.79978561
v -4.4999614 5.6988843 0.89978552
v -4.9999619 5.3988832 1.1997857
v -4.8999615 5.3988832 1.2997856
v -5.1999617 5.0988844 1.3997855
v -5.0999618 5.0988844 1.4997854
v -5.3999619 4.602218 1.5997858
v -5.2999616 4.6022175 1.6997857
v -4.0999613 5.8988846 -0.50021434
v -4.1999612 5.8988846 -0.4002142
v -4.4999614 5.6988848 -0.9002142
v -4.5999613 5.6988848 -0.80021429
v -4.899961 5.3988846 -1.3002143
v -5.0149403 5.3988832 -1.2002144
v -5.0999618 5.0988849 -1.5002143
v -5.1999612 5.0988849 -1.4002142
v -5.2999611 4.602218 -1.7002144
v -5.3999615 4.602218 -1.6002145
v -5.399961 4.1988834 -1.8002145
v -1.9751539 4.1988824 1.6231346
v -2.0766129 4.1988824 1.7245941
v -5.4247699 4.1988824 1.6231346
v -1.9751532 4.1988829 -1.6235623
v -5.3233099 4.1988829 -1.7250226
v -3.6997221 5.8992384 -0.091808319
v -3.6999831 5.8992274 0.091510296
v -3.7917228 5.8992246 -0.0002219677
v -3.6080031 5.8992093 -4.7683716e-06
v -2.1643105 4.5607622 1.6354375
v -2.0643106 4.5607627 1.5354376
v -2.3568122 5.0394199 1.4429355
v -2.2568123 5.0394199 1.3429356
v -2.5428233 5.3193486 1.2569237
v -2.4428234 5.3193486 1.1569242
v -2.9283891 5.607322 0.87135839
v -2.8283889 5.607322 0.77135849
v -3.3179622 5.8021792 0.48178482
v -3.2179623 5.8021792 0.38178492
v -5.3233104 4.1988824 1.7245932
v -5.3356133 4.5607622 1.5354371
v -5.2356133 4.5607617 1.635437
v -5.1431112 5.0394199 1.3429351
v -5.0431113 5.0394199 1.442935
v -4.9570994 5.3193491 1.1569238
v -4.8570995 5.3193491 1.2569237
v -4.5715704 5.6073306 0.77129412
v -4.4715734 5.6073287 0.87129736
v -4.1820025 5.8021925 0.38336706
v -4.0820613 5.8021706 0.48173285
v -2.0643098 4.5607627 -1.5358653
v -2.1643097 4.5607627 -1.6358654
v -2.0766125 4.1988829 -1.7250218
v -2.2569752 5.0394729 -1.3434718
v -2.3569806 5.0394838 -1.4434657
v -2.4430194 5.3193205 -1.1576042
v -2.5410399 5.3194297 -1.2575028
v -2.8279757 5.6073673 -0.7712369
v -2.9280119 5.6073869 -0.87120986
v -3.1976819 5.8023322 -0.38096142
v -3.3168621 5.8020895 -0.48164082
v -5.2356129 4.5607622 -1.6358657
v -5.3356128 4.5607617 -1.535866
v -5.4247694 4.1988824 -1.6235633
v -5.0438671 5.0397928 -1.4422352
v -5.1439147 5.0397165 -1.3422673
v -4.8588333 5.3191712 -1.2560065
v -4.9731946 5.319866 -1.1553426
v -4.4722505 5.6072505 -0.87131333
v -4.5722294 5.6072658 -0.77128601
v -4.0819607 5.8021792 -0.4822135
v -4.1819606 5.8021792 -0.38221359
v -3.7011046 5.8018129 0.090391636
v -3.7917314 5.8018129 -0.00022816658
v -3.7458668 5.7374714 0.04563427
v -3.6997304 5.8018129 -0.09181428
v -3.7457075 5.7374771 -0.046053886
v -3.6080115 5.8018129 -1.0728836e-05
v -3.6540012 5.7374638 0.04573679
v -3.6538639 5.737469 -0.045903921
v -3.7457085 5.7374771 -0.045446873
v -3.700001 5.700002 0
v -3.7460346 5.7379382 -0.045728207
v -5.6999612 3.998885 -1.7002146
v -5.6999617 3.998885 1.6997857
v -1.9999619 3.9988845 1.9997864
v -5.3999619 3.9988845 1.9997854
v -1.6999614 3.9988852 -1.7002137
v -1.6999619 3.998885 1.6997862
v -1.9999611 3.9988852 -2.0002141
v -5.399961 3.9988852 -2.0002146
v -1.8999619 3.998885 1.6997862
v -1.9999619 3.9988845 1.7997856
v -1.9999611 3.9988852 -1.8002138
v -1.899961 3.9988852 -1.7002137
v -5.399961 3.9988852 -1.8002145
v -1.9751539 3.998885 1.6231346
v -2.0766129 3.998885 1.7245941
v -5.4247699 3.998885 1.6231346
v -1.9751532 3.9988852 -1.6235623
v -5.3233099 3.9988852 -1.7250226
v -5.3233104 3.998885 1.7245932
v -2.0766125 3.9988852 -1.7250218
v -5.4247694 3.998885 -1.6235633
v -3.6999619 5.9988845 1.7968936
v -5.3999619 4.1988824 1.7997856
v -5.0999618 5.0988844 1.7968936
v -2.0999622 4.6011389 1.7968946
v -2.4999619 5.3988832 1.7968946
v -4.8999619 5.3988832 1.7968936
v -5.3999619 3.9988845 1.7997856
v -2.0029097 4.1988824 1.7968946
v -4.4999619 5.6988843 1.7968936
v -2.8999617 5.6988843 1.7968936
v -4.0999618 5.8988841 1.7968936
v -2.299962 5.0988844 1.7968936
v -5.2999616 4.6011384 1.7968936
v -3.2999618 5.8988851 1.7968936
v -5.4999619 4.1988824 1.6997857
v -5.4843321 5.0988844 1.3997855
v -5.4843321 5.3988832 1.1997857
v -5.4843321 5.8988846 0.40147924
v -5.4843316 5.8988851 -0.40021443
v -5.4843316 5.0988849 -1.4002144
v -5.4843316 5.6988848 -0.80021453
v -5.4999609 3.998885 -1.7002146
v -5.4843326 4.6012805 1.5997858
v -5.4999619 3.998885 1.6997857
v -5.4999609 4.1988819 -1.7002146
v -5.4843321 5.6988843 0.79978561
v -5.4843316 4.6012805 -1.6002145
v -5.4843316 5.3988832 -1.2002146
v -5.4843316 5.9988845 -0.00021457672
v -5.0999613 5.0988849 -1.8002145
v -5.2999611 4.6011069 -1.8002148
v -4.899961 5.3988836 -1.8002143
v -3.2999611 5.8988846 -1.8002138
v -2.4978795 5.3988836 -1.8002138
v -4.0999613 5.8988851 -1.8002143
v -2.0999613 4.6011074 -1.8002133
v -4.4999609 5.6988848 -1.8002143
v -3.6999612 5.9988845 -1.8002141
v -2.899961 5.6988848 -1.8002141
v -2.2999611 5.0988849 -1.8002136
v -1.8973899 5.6988843 0.79978609
v -1.8973894 5.8988846 -0.40021372
v -1.8973897 5.9988845 -0.00021409988
v -1.8973894 5.3988832 -1.2002137
v -1.8973899 5.8988851 0.399786
v -1.8973894 4.602218 -1.6002135
v -1.8973899 5.6988848 -0.80021381
v -1.8973899 5.0988844 1.3997865
v -1.8973899 5.3988832 1.1997862
v -1.8973899 4.602218 1.5997858
v -1.8973894 5.0988849 -1.4002137
v -1.6999614 4.5988849 -5.600214
v -1.6999621 5.0988844 -2.600214
v -1.6999619 5.8988846 -3.5985208
v -1.6999614 4.1988829 -5.7002144
v -1.6999619 5.8988855 -4.4002142
v -1.6999624 4.5988844 -2.4002142
v -1.6999619 5.6988848 -3.2002139
v -1.6999619 5.6988848 -4.8002138
v -1.6999617 5.3988836 -5.2002144
v -1.6999624 4.1988824 -2.3002143
v -1.6999621 5.3988832 -2.8002141
v -1.6999617 5.0988849 -5.4002142
v -1.6999619 5.9988845 -4.0002141
v 2.0000377 4.1988824 -2.0002136
v 0.70003796 5.8988851 -2.0002136
v -1.2999623 4.5988844 -2.0002141
v -0.49996209 5.6988843 -2.0002139
v 1.1000381 5.6988843 -2.0002136
v 1.5000377 5.3988832 -2.0002136
v -1.3999627 4.1988824 -2.0002141
v -0.89996219 5.3988832 -2.0002141
v 0.30003786 5.9988845 -2.0002136
v 1.7000375 5.0988844 -2.0002136
v 1.9000378 4.5988844 -2.0002136
v -1.0999625 5.0988844 -2.0002141
v -0.099962473 5.8988846 -2.0002139
v 2.3000379 5.6988848 -3.2002134
v 2.3000379 5.3988832 -2.8002133
v 2.3000383 4.1988829 -5.7002134
v 2.3000383 5.3988836 -5.2002134
v 2.3000379 5.0988844 -2.6002135
v 2.3000379 5.9988845 -4.0002136
v 2.3000379 4.602218 -2.4002137
v 2.3000383 5.0988849 -5.4002132
v 2.3000379 5.8988846 -4.4002137
v 2.3000379 4.1988829 -2.3002136
v 2.3000379 5.8988851 -3.6002135
v 2.3000383 4.602218 -5.6002131
v 2.3000379 5.6988848 -4.8002138
v -0.49996138 5.6988848 -6.0002136
v -0.89996147 5.3988836 -6.0002136
v 2.0000381 4.1988834 -6.0002136
v 1.50212 5.3988836 -6.0002136
v -1.0999613 5.0988849 -6.0002136
v -1.2999616 4.5988849 -6.0002136
v 1.7000384 5.0988849 -6.0002136
v 0.70003843 5.8988851 -6.0002136
v -1.3999615 4.1988834 -6.0002136
v -0.099961519 5.8988855 -6.0002136
v 1.9000382 4.5988849 -6.0002136
v 1.1000385 5.6988848 -6.0002136
v 0.30003834 5.998885 -6.0002136
v 0.20003843 5.9988845 -4.0002136
v 0.30003834 5.9988845 -4.100214
v 0.40003824 5.9988845 -4.0002136
v 0.30003834 5.9988845 -3.9002137
v 0.70003843 5.8988846 -3.5002139
v 0.80003786 5.8988846 -3.6002138
v 1.1000385 5.6988848 -3.1002135
v 1.2000384 5.6988848 -3.2002137
v 1.5000381 5.3988832 -2.7002134
v 1.6000376 5.3988832 -2.8002136
v 1.7000375 5.0988844 -2.5002136
v 1.8000379 5.0988844 -2.6002135
v 1.9000378 4.602218 -2.3002133
v 2.0000377 4.6022184 -2.4002137
v 2.1000376 4.1988829 -2.3002136
v 0.81983614 5.8988851 -4.4002137
v 0.70003796 5.8988851 -4.5002136
v 1.2000384 5.6988848 -4.8002138
v 1.1000385 5.6988848 -4.9002137
v 1.6000385 5.3988836 -5.2002134
v 1.50212 5.3988836 -5.3002138
v 1.8000383 5.0988849 -5.4002132
v 1.7000384 5.0988849 -5.5002136
v 2.0000381 4.6022184 -5.6002131
v 1.9000378 4.6022184 -5.7002134
v 2.0000381 4.1988834 -5.8002138
v 2.1000385 4.1988829 -5.7002134
v -0.1999619 5.8988851 -3.5985205
v -0.099961758 5.8988851 -3.5002139
v -0.59996152 5.6988848 -3.2002139
v -0.49996161 5.6988848 -3.100214
v -0.99996233 5.3988832 -2.8002138
v -0.89996171 5.3988832 -2.7002139
v -1.1999621 5.0988844 -2.600214
v -1.0999622 5.0988844 -2.5002141
v -1.3999622 4.602218 -2.4002142
v -1.2999623 4.6022175 -2.3002141
v -0.099961996 5.8988846 -4.5002136
v -0.19996166 5.8988846 -4.4002137
v -0.49996161 5.6988848 -4.9002137
v -0.59996152 5.6988848 -4.8002138
v -0.89996171 5.3988846 -5.3002138
v -1.014941 5.3988836 -5.2002139
v -1.099962 5.0988849 -5.5002141
v -1.1999617 5.0988849 -5.4002142
v -1.2999613 4.602218 -5.7002139
v -1.3999615 4.602218 -5.600214
v -1.3999615 4.1988834 -5.8002143
v 2.0248461 4.1988829 -2.3768649
v 1.9233866 4.1988824 -2.2754054
v -1.4247704 4.1988824 -2.3768656
v 2.0248461 4.1988829 -5.6235623
v -1.3233101 4.1988829 -5.7250223
v 0.30027771 5.8992389 -4.0918078
v 0.3000164 5.8992274 -3.908489
v 0.20827699 5.8992246 -4.0002217
v 0.39199638 5.8992093 -4.0000043
v 1.8356895 4.5607627 -2.364562
v 1.9356894 4.5607627 -2.4645619
v 1.643187 5.0394199 -2.5570641
v 1.743187 5.0394199 -2.6570642
v 1.4571762 5.3193491 -2.7430754
v 1.5571766 5.3193491 -2.8430755
v 1.0716105 5.607322 -3.1286411
v 1.1716104 5.607322 -3.228641
v 0.68203735 5.8021792 -3.5182147
v 0.78203726 5.8021792 -3.6182146
v -1.3233111 4.1988824 -2.2754061
v -1.3356135 4.5607627 -2.4645627
v -1.2356138 4.5607617 -2.3645625
v -1.1431115 5.0394199 -2.6570644
v -1.0431116 5.0394199 -2.5570645
v -0.95709991 5.3193491 -2.8430758
v -0.85710001 5.3193491 -2.7430758
v -0.57157063 5.6073306 -3.2287056
v -0.47157359 5.6073287 -3.1287026
v -0.18200302 5.8021925 -3.6166327
v -0.082061768 5.8021706 -3.5182667
v 1.9356894 4.5607627 -5.5358648
v 1.8356895 4.5607627 -5.6358652
v 1.9233866 4.1988829 -5.7250214
v 1.7430248 5.0394734 -5.3434715
v 1.6430187 5.0394843 -5.4434652
v 1.5569797 5.3193205 -5.1576037
v 1.4589591 5.3194297 -5.2575026
v 1.1720238 5.6073673 -4.7712364
v 1.0719876 5.6073869 -4.8712096
v 0.80231762 5.8023327 -4.3809609
v 0.68313789 5.8020895 -4.4816403
v -1.2356131 4.5607622 -5.6358652
v -1.3356133 4.5607622 -5.5358658
v -1.4247696 4.1988829 -5.6235628
v -1.0438673 5.0397933 -5.442235
v -1.1439149 5.039717 -5.342267
v -0.85883379 5.3191717 -5.2560062
v -0.97319508 5.3198665 -5.1553421
v -0.4722507 5.607251 -4.8713131
v -0.57222962 5.6072662 -4.7712855
v -0.081961155 5.8021792 -4.482213
v -0.18196106 5.8021792 -4.3822131
v 0.29889488 5.8018129 -3.9096081
v 0.2082684 5.8018129 -4.0002275
v 0.25413251 5.7374719 -3.9543653
v 0.30026913 5.8018129 -4.091814
v 0.25429225 5.7374771 -4.0460534
v 0.39198828 5.8018129 -4.0000105
v 0.34599829 5.7374638 -3.9542625
v 0.34613562 5.7374695 -4.0459037
v 0.25429106 5.7374771 -4.0454464
v 0.29999876 5.700002 -3.9999998
v 0.25396514 5.7379387 -4.0457277
v -1.6999614 3.9988855 -5.7002144
v -1.6999624 3.998885 -2.3002143
v 2.0000377 3.9988847 -2.0002136
v -1.3999627 3.9988847 -2.0002141
v 2.3000383 3.9988855 -5.7002134
v 2.3000379 3.9988852 -2.3002136
v 2.0000381 3.9988855 -6.0002136
v -1.3999615 3.9988855 -6.0002136
v 2.1000376 3.9988852 -2.3002136
v 2.0000377 3.9988847 -2.2002139
v 2.0000381 3.9988855 -5.8002138
v 2.1000385 3.9988855 -5.7002134
v -1.3999615 3.9988855 -5.8002143
v 2.0248461 3.9988852 -2.3768649
v 1.9233866 3.998885 -2.2754054
v -1.4247704 3.998885 -2.3768656
v 2.0248461 3.9988855 -5.6235623
v -1.3233101 3.9988855 -5.7250223
v -1.3233111 3.998885 -2.2754061
v 1.9233866 3.9988855 -5.7250214
v -1.4247696 3.9988855 -5.6235628
v 0.30003786 5.9988845 -2.2031059
v -1.3999627 4.1988824 -2.2002144
v -1.0999625 5.0988844 -2.2031059
v 1.9000378 4.6011394 -2.2031054
v 1.5000381 5.3988832 -2.2031054
v -0.89996219 5.3988832 -2.2031059
v -1.3999627 3.9988847 -2.2002144
v 1.9970899 4.1988824 -2.2031054
v -0.49996209 5.6988843 -2.2031059
v 1.1000381 5.6988843 -2.2031059
v -0.099962234 5.8988846 -2.2031059
v 1.7000375 5.0988844 -2.2031054
v -1.2999623 4.6011389 -2.2031059
v 0.70003796 5.8988851 -2.2031059
v -1.4999623 4.1988824 -2.3002143
v -1.4843326 5.0988844 -2.600214
v -1.4843326 5.3988832 -2.8002141
v -1.4843323 5.8988846 -3.5985208
v -1.4843323 5.8988855 -4.4002142
v -1.4843321 5.0988849 -5.4002142
v -1.4843323 5.6988848 -4.8002138
v -1.4999616 3.9988855 -5.7002144
v -1.4843328 4.6012805 -2.4002142
v -1.4999623 3.998885 -2.3002143
v -1.4999616 4.1988824 -5.7002144
v -1.4843323 5.6988848 -3.2002139
v -1.4843318 4.6012805 -5.600214
v -1.4843321 5.3988836 -5.2002144
v -1.4843321 5.9988845 -4.0002141
v -1.0999613 5.0988849 -5.8002138
v -1.2999613 4.6011069 -5.8002138
v -0.89996147 5.3988841 -5.8002138
v 0.70003843 5.8988846 -5.8002133
v 1.50212 5.3988836 -5.8002133
v -0.099961519 5.8988855 -5.8002138
v 1.9000378 4.6011074 -5.8002129
v -0.49996138 5.6988848 -5.8002138
v 0.30003834 5.998885 -5.8002138
v 1.1000385 5.6988848 -5.8002138
v 1.7000384 5.0988849 -5.8002129
v 2.1026096 5.6988848 -3.2002134
v 2.1026096 5.8988846 -4.4002137
v 2.1026096 5.9988845 -4.0002136
v 2.1026101 5.3988836 -5.2002134
v 2.1026096 5.8988851 -3.6002135
v 2.1026101 4.6022184 -5.6002131
v 2.1026096 5.6988848 -4.8002138
v 2.1026096 5.0988844 -2.6002135
v 2.1026096 5.3988832 -2.8002133
v 2.1026096 4.602218 -2.4002137
v 2.1026096 5.0988849 -5.4002132
v 2.3000393 4.5988849 -1.6002162
v 2.3000383 5.0988844 1.3997836
v 2.3000383 5.8988846 0.40147734
v 2.3000393 4.1988829 -1.7002163
v 2.3000383 5.8988851 -0.40021634
v 2.3000383 4.5988844 1.5997839
v 2.3000383 5.6988843 0.79978371
v 2.3000383 5.6988848 -0.8002162
v 2.3000393 5.3988832 -1.2002163
v 2.3000383 4.1988824 1.6997838
v 2.3000383 5.3988832 1.1997838
v 2.3000393 5.0988844 -1.4002163
v 2.3000383 5.9988845 -0.00021624565
v 6.0000386 4.1988824 1.9997849
v 4.7000384 5.8988851 1.9997835
v 2.7000384 4.5988844 1.9997835
v 3.5000386 5.6988843 1.9997835
v 5.100039 5.6988843 1.9997835
v 5.5000386 5.3988832 1.9997845
v 2.6000385 4.1988824 1.9997835
v 3.1000385 5.3988832 1.9997835
v 4.3000388 5.9988845 1.9997835
v 5.7000384 5.0988844 1.9997845
v 5.9000392 4.5988844 1.9997849
v 2.9000382 5.0988844 1.9997835
v 3.9000382 5.8988841 1.9997835
v 6.3000388 5.6988843 0.79978466
v 6.3000388 5.3988832 1.1997848
v 6.3000398 4.1988829 -1.7002158
v 6.3000398 5.3988832 -1.2002158
v 6.3000388 5.0988844 1.3997846
v 6.3000388 5.9988845 -0.00021600723
v 6.3000388 4.6022175 1.5997844
v 6.3000398 5.0988844 -1.4002156
v 6.3000388 5.8988846 -0.40021563
v 6.3000388 4.1988824 1.6997848
v 6.3000388 5.8988851 0.39978456
v 6.3000398 4.602218 -1.6002157
v 6.3000388 5.6988848 -0.80021596
v 3.5000396 5.6988848 -2.000216
v 3.1000395 5.3988836 -2.0002162
v 6.0000396 4.1988834 -2.0002158
v 5.5021214 5.3988836 -2.0002155
v 2.9000397 5.0988849 -2.0002162
v 2.7000394 4.5988849 -2.0002162
v 5.7000394 5.0988849 -2.0002155
v 4.7000394 5.8988846 -2.000216
v 2.6000395 4.1988834 -2.0002165
v 3.9000397 5.8988851 -2.000216
v 5.9000392 4.5988849 -2.0002155
v 5.10004 5.6988848 -2.000216
v 4.3000398 5.9988845 -2.000216
v 4.2000389 5.9988845 -0.00021600723
v 4.3000398 5.9988845 -0.10021615
v 4.4000392 5.9988845 -0.00021600723
v 4.3000398 5.9988845 0.099783897
v 4.7000394 5.8988846 0.49978352
v 4.8000398 5.8988846 0.39978361
v 5.100039 5.6988843 0.89978409
v 5.2000394 5.6988843 0.79978418
v 5.5000396 5.3988832 1.2997842
v 5.600039 5.3988832 1.1997843
v 5.7000384 5.0988844 1.4997845
v 5.8000388 5.0988844 1.3997846
v 5.9000392 4.602218 1.6997848
v 6.0000386 4.602218 1.5997844
v 6.100039 4.1988824 1.6997848
v 4.8198371 5.8988851 -0.4002161
v 4.7000394 5.8988851 -0.50021601
v 5.2000394 5.6988848 -0.80021572
v 5.100039 5.6988848 -0.90021563
v 5.600039 5.3988832 -1.2002161
v 5.5021214 5.3988832 -1.3002157
v 5.8000398 5.0988849 -1.4002156
v 5.7000394 5.0988849 -1.5002158
v 6.0000396 4.6022184 -1.6002157
v 5.9000392 4.6022184 -1.7002158
v 6.0000396 4.1988834 -1.8002157
v 6.100039 4.1988829 -1.7002158
v 3.8000388 5.8988851 0.40147734
v 3.9000392 5.8988851 0.49978352
v 3.4000392 5.6988843 0.79978371
v 3.5000391 5.6988843 0.89978361
v 3.0000386 5.3988832 1.1997838
v 3.100039 5.3988832 1.2997837
v 2.8000383 5.0988844 1.3997836
v 2.9000382 5.0988844 1.4997835
v 2.6000385 4.602218 1.5997839
v 2.7000384 4.6022175 1.6997838
v 3.9000392 5.8988846 -0.50021625
v 3.8000388 5.8988846 -0.40021634
v 3.5000396 5.6988848 -0.90021634
v 3.4000392 5.6988848 -0.8002162
v 3.1000395 5.3988846 -1.3002162
v 2.9850602 5.3988832 -1.2002163
v 2.9000387 5.0988849 -1.5002162
v 2.8000393 5.0988849 -1.4002163
v 2.7000394 4.602218 -1.7002161
v 2.6000395 4.602218 -1.6002162
v 2.6000395 4.1988834 -1.8002162
v 6.0248475 4.1988824 1.6231332
v 5.923388 4.1988824 1.7245927
v 2.5752306 4.1988824 1.6231327
v 6.0248475 4.1988829 -1.6235645
v 2.6766906 4.1988829 -1.7250242
v 4.3002791 5.8992384 -0.091809988
v 4.3000178 5.8992274 0.091508389
v 4.2082777 5.8992246 -0.00022363663
v 4.3919978 5.8992093 -6.4373016e-06
v 5.835691 4.5607622 1.6354361
v 5.9356904 4.5607627 1.5354362
v 5.643188 5.0394199 1.4429336
v 5.7431884 5.0394199 1.3429337
v 5.4571776 5.3193486 1.2569218
v 5.5571771 5.3193486 1.1569223
v 5.0716119 5.607322 0.87135649
v 5.1716113 5.607322 0.77135658
v 4.6820388 5.8021792 0.48178291
v 4.7820382 5.8021792 0.38178301
v 2.6766901 4.1988824 1.7245913
v 2.6643872 4.5607627 1.5354347
v 2.7643871 4.5607617 1.6354351
v 2.8568888 5.0394199 1.3429332
v 2.9568892 5.0394199 1.4429331
v 3.042901 5.3193486 1.1569219
v 3.1429009 5.3193486 1.2569218
v 3.4284301 5.6073306 0.77129221
v 3.5284271 5.6073287 0.87129545
v 3.8179975 5.8021925 0.38336515
v 3.9179387 5.8021706 0.48173094
v 5.9356904 4.5607627 -1.5358672
v 5.835691 4.5607627 -1.6358674
v 5.923388 4.1988829 -1.7250237
v 5.7430263 5.0394729 -1.3434734
v 5.6430202 5.0394838 -1.4434676
v 5.5569806 5.3193205 -1.1576059
v 5.4589601 5.3194297 -1.2575045
v 5.1720252 5.6073673 -0.77123857
v 5.0719886 5.6073869 -0.87121153
v 4.8023181 5.8023322 -0.38096309
v 4.6831384 5.8020895 -0.48164248
v 2.7643876 4.5607622 -1.6358676
v 2.6643877 4.5607622 -1.5358677
v 2.5752311 4.1988829 -1.623565
v 2.9561338 5.0397928 -1.4422371
v 2.8560863 5.0397165 -1.3422692
v 3.1411676 5.3191712 -1.2560084
v 3.0268059 5.319866 -1.1553445
v 3.52775 5.6072505 -0.87131524
v 3.4277711 5.6072658 -0.77128816
v 3.9180393 5.8021792 -0.4822154
v 3.8180394 5.8021792 -0.3822155
v 4.2988954 5.8018129 0.090389252
v 4.2082691 5.8018129 -0.00022983551
v 4.2541332 5.7374714 0.045632362
v 4.3002706 5.8018129 -0.091816187
v 4.2542925 5.7374771 -0.046055555
v 4.3919892 5.8018129 -1.2397766e-05
v 4.3459992 5.7374638 0.045734882
v 4.3461366 5.737469 -0.045905828
v 4.254292 5.7374771 -0.045448542
v 4.2999997 5.700002 -1.9073486e-06
v 4.2539654 5.7379382 -0.045729876
v 2.3000393 3.9988852 -1.7002163
v 2.3000383 3.998885 1.6997838
v 6.0000386 3.9988845 1.9997849
v 2.6000385 3.9988845 1.9997835
v 6.3000398 3.9988855 -1.7002158
v 6.3000388 3.998885 1.6997848
v 6.0000396 3.9988855 -2.0002158
v 2.6000395 3.9988855 -2.0002165
v 6.100039 3.998885 1.6997848
v 6.0000386 3.9988845 1.7997842
v 6.0000396 3.9988855 -1.8002157
v 6.100039 3.9988855 -1.7002158
v 2.6000395 3.9988855 -1.8002162
v 6.0248475 3.998885 1.6231332
v 5.923388 3.998885 1.7245927
v 2.5752306 3.998885 1.6231327
v 6.0248475 3.9988855 -1.6235645
v 2.6766906 3.9988855 -1.7250242
v 2.6766901 3.998885 1.7245913
v 5.923388 3.9988855 -1.7250237
v 2.5752311 3.9988852 -1.623565
v 4.3000388 5.9988845 1.7968917
v 2.6000385 4.1988824 1.7997837
v 2.9000382 5.0988844 1.7968917
v 5.9000392 4.6011389 1.7968931
v 5.5000396 5.3988832 1.7968926
v 3.1000385 5.3988832 1.7968917
v 2.6000385 3.9988845 1.7997837
v 5.9970908 4.1988824 1.7968931
v 3.5000386 5.6988843 1.7968917
v 5.100039 5.6988843 1.7968917
v 3.9000382 5.8988841 1.7968917
v 5.7000384 5.0988844 1.7968917
v 2.7000384 4.6011384 1.7968917
v 4.7000384 5.8988851 1.7968917
v 2.5000386 4.1988824 1.6997838
v 2.5156684 5.0988844 1.3997836
v 2.5156684 5.3988832 1.1997838
v 2.5156684 5.8988846 0.40147734
v 2.5156684 5.8988851 -0.40021634
v 2.5156689 5.0988849 -1.4002163
v 2.5156684 5.6988848 -0.8002162
v 2.5000396 3.9988852 -1.7002163
v 2.5156684 4.6012805 1.5997839
v 2.5000386 3.998885 1.6997838
v 2.5000396 4.1988824 -1.7002163
v 2.5156684 5.6988843 0.79978371
v 2.5156689 4.6012805 -1.6002162
v 2.5156689 5.3988832 -1.2002163
v 2.5156684 5.9988845 -0.00021624565
v 2.9000397 5.0988849 -1.8002164
v 2.7000394 4.6011069 -1.8002164
v 3.1000395 5.3988836 -1.8002162
v 4.7000394 5.8988846 -1.8002155
v 5.5021214 5.3988836 -1.8002155
v 3.9000397 5.8988851 -1.8002162
v 5.9000392 4.6011074 -1.8002152
v 3.5000396 5.6988848 -1.8002162
v 4.3000398 5.9988845 -1.8002157
v 5.100039 5.6988848 -1.8002157
v 5.7000394 5.0988849 -1.8002152
v 6.1026111 5.6988843 0.79978466
v 6.1026111 5.8988846 -0.40021563
v 6.1026111 5.9988845 -0.00021600723
v 6.1026111 5.3988832 -1.2002158
v 6.1026111 5.8988851 0.39978456
v 6.1026111 4.602218 -1.6002157
v 6.1026111 5.6988848 -0.80021572
v 6.1026111 5.0988844 1.3997846
v 6.1026111 5.3988832 1.1997848
v 6.1026111 4.602218 1.5997844
v 6.1026111 5.0988849 -1.4002156
v -1.6999609 4.5988844 2.3997846
v -1.6999617 5.0988844 5.3997841
v -1.6999614 5.8988841 4.4014778
v -1.6999609 4.1988824 2.2997842
v -1.6999612 5.8988851 3.5997844
v -1.6999617 4.5988839 5.5997839
v -1.6999614 5.6988843 4.7997847
v -1.6999612 5.6988843 3.1997843
v -1.6999609 5.3988832 2.7997842
v -1.6999617 4.1988824 5.6997843
v -1.6999617 5.3988832 5.1997843
v -1.6999609 5.0988844 2.5997844
v -1.6999614 5.9988845 3.9997845
v 2.0000381 4.1988824 5.9997845
v 0.70003796 5.8988846 5.9997845
v -1.2999613 4.5988839 5.9997845
v -0.49996138 5.6988843 5.9997845
v 1.1000381 5.6988843 5.9997845
v 1.5000381 5.3988832 5.9997845
v -1.3999619 4.1988824 5.9997845
v -0.89996147 5.3988832 5.9997845
v 0.30003834 5.998884 5.9997845
v 1.700038 5.0988839 5.9997845
v 1.9000378 4.5988839 5.9997845
v -1.0999618 5.0988839 5.9997845
v -0.099961758 5.8988841 5.9997845
v 2.3000383 5.6988843 4.7997847
v 2.3000383 5.3988832 5.1997852
v 2.3000388 4.1988824 2.2997856
v 2.3000388 5.3988832 2.7997847
v 2.3000383 5.0988844 5.399785
v 2.3000383 5.9988845 3.9997849
v 2.3000379 4.6022175 5.5997839
v 2.3000388 5.0988844 2.5997853
v 2.3000383 5.8988841 3.5997849
v 2.3000379 4.1988824 5.6997852
v 2.3000383 5.8988851 4.3997841
v 2.3000388 4.6022175 2.3997855
v 2.3000383 5.6988843 3.1997848
v -0.4999609 5.6988843 1.9997849
v -0.89996099 5.3988832 1.9997845
v 2.0000391 4.1988829 1.9997854
v 1.502121 5.3988832 1.9997854
v -1.0999608 5.0988844 1.9997845
v -1.2999611 4.5988844 1.9997845
v 1.7000389 5.0988844 1.9997854
v 0.70003891 5.8988846 1.9997849
v -1.3999608 4.1988829 1.9997845
v -0.099960804 5.8988851 1.9997849
v 1.9000392 4.5988844 1.9997854
v 1.1000395 5.6988843 1.9997849
v 0.30003929 5.9988845 1.9997849
v 0.20003891 5.9988845 3.9997849
v 0.30003929 5.9988845 3.899785
v 0.4000392 5.9988845 3.9997849
v 0.30003929 5.9988845 4.0997839
v 0.70003891 5.8988841 4.4997845
v 0.80003881 5.8988841 4.3997841
v 1.100039 5.6988843 4.8997841
v 1.2000389 5.6988843 4.7997847
v 1.5000391 5.3988832 5.2997847
v 1.6000385 5.3988832 5.1997852
v 1.700038 5.0988844 5.4997845
v 1.8000383 5.0988844 5.399785
v 1.9000378 4.602218 5.6997852
v 2.0000381 4.602218 5.5997839
v 2.1000381 4.1988824 5.6997852
v 0.81983709 5.8988851 3.5997849
v 0.70003891 5.8988851 3.4997849
v 1.2000389 5.6988843 3.1997857
v 1.100039 5.6988843 3.0997849
v 1.600039 5.3988832 2.7997847
v 1.502121 5.3988832 2.6997857
v 1.8000393 5.0988844 2.5997853
v 1.7000389 5.0988844 2.4997854
v 2.0000391 4.602218 2.3997855
v 1.9000382 4.602218 2.2997856
v 2.0000391 4.1988829 2.1997857
v 2.100039 4.1988824 2.2997856
v -0.19996142 5.8988851 4.4014778
v -0.099961042 5.8988851 4.4997845
v -0.59996104 5.6988843 4.7997847
v -0.49996114 5.6988843 4.8997841
v -0.99996161 5.3988832 5.1997843
v -0.89996123 5.3988832 5.2997847
v -1.1999617 5.0988844 5.3997841
v -1.0999618 5.0988844 5.4997845
v -1.3999615 4.602218 5.5997839
v -1.2999613 4.602217 5.6997843
v -0.099961281 5.8988846 3.4997849
v -0.19996095 5.8988841 3.5997849
v -0.4999609 5.6988843 3.0997849
v -0.5999608 5.6988843 3.1997843
v -0.89996099 5.3988846 2.6997843
v -1.01494 5.3988832 2.7997842
v -1.0999613 5.0988844 2.4997845
v -1.1999609 5.0988844 2.5997844
v -1.2999609 4.602218 2.2997842
v -1.399961 4.6022175 2.3997846
v -1.3999608 4.1988829 2.1997843
v 2.0248461 4.1988824 5.6231337
v 1.9233871 4.1988824 5.7245922
v -1.4247696 4.1988824 5.6231337
v 2.0248466 4.1988824 2.3764367
v -1.3233097 4.1988824 2.2749767
v 0.30027819 5.8992384 3.9081912
v 0.30001688 5.8992274 4.0915089
v 0.20827746 5.8992241 3.9997768
v 0.39199686 5.8992088 3.9999943
v 1.83569 4.5607622 5.6354361
v 1.9356899 4.5607622 5.5354366
v 1.643188 5.0394199 5.442934
v 1.7431879 5.0394199 5.3429346
v 1.4571772 5.3193486 5.2569227
v 1.5571771 5.3193486 5.1569233
v 1.0716114 5.6073216 4.871357
v 1.1716113 5.6073216 4.7713575
v 0.68203783 5.8021792 4.4817839
v 0.78203821 5.8021792 4.3817835
v -1.3233104 4.1988824 5.7245922
v -1.335613 4.5607622 5.5354357
v -1.2356131 4.5607617 5.6354351
v -1.143111 5.0394199 5.3429337
v -1.0431111 5.0394199 5.442934
v -0.95709944 5.3193486 5.1569223
v -0.85709953 5.3193486 5.2569227
v -0.57156992 5.6073301 4.7712927
v -0.47157311 5.6073282 4.8712959
v -0.18200254 5.8021925 4.3833656
v -0.082061291 5.8021706 4.4817314
v 1.9356904 4.5607627 2.4641337
v 1.8356905 4.5607627 2.3641338
v 1.9233875 4.1988824 2.2749772
v 1.7430253 5.0394729 2.6565275
v 1.6430192 5.0394838 2.5565333
v 1.5569806 5.31932 2.8423953
v 1.4589601 5.3194297 2.7424965
v 1.1720247 5.6073669 3.2287621
v 1.0719881 5.6073864 3.1287894
v 0.80231857 5.8023322 3.6190376
v 0.68313837 5.8020895 3.5183582
v -1.2356126 4.5607617 2.3641334
v -1.3356125 4.5607617 2.4641333
v -1.4247692 4.1988824 2.3764353
v -1.0438666 5.0397928 2.5577636
v -1.1439142 5.0397165 2.657732
v -0.85883307 5.3191712 2.7439923
v -0.97319412 5.319866 2.844656
v -0.47224998 5.6072505 3.1286864
v -0.57222891 5.6072658 3.2287126
v -0.08196044 5.8021792 3.517786
v -0.18196034 5.8021792 3.6177859
v 0.29889536 5.8018129 4.0903902
v 0.20826888 5.8018129 3.9997716
v 0.25413299 5.7374714 4.0456324
v 0.30027008 5.8018129 3.908185
v 0.25429273 5.7374766 3.9539452
v 0.39198875 5.8018129 3.9999886
v 0.34599924 5.7374633 4.0457363
v 0.34613609 5.737469 3.9540954
v 0.25429153 5.7374766 3.9545522
v 0.29999924 5.700002 3.999999
v 0.25396562 5.7379382 3.9542708
v -1.6999609 3.998885 2.2997842
v -1.6999617 3.9988847 5.6997843
v 2.0000381 3.9988845 5.9997845
v -1.3999619 3.9988845 5.9997845
v 2.3000388 3.998885 2.2997856
v 2.3000379 3.998885 5.6997852
v 2.0000391 3.998885 1.9997854
v -1.3999608 3.998885 1.9997845
v 2.1000381 3.998885 5.6997852
v 2.0000381 3.9988845 5.7997847
v 2.0000391 3.998885 2.1997857
v 2.100039 3.998885 2.2997856
v -1.3999608 3.998885 2.1997843
v 2.0248461 3.998885 5.6231337
v 1.9233871 3.9988847 5.7245922
v -1.4247696 3.9988847 5.6231337
v 2.0248466 3.998885 2.3764367
v -1.3233097 3.998885 2.2749767
v -1.3233104 3.9988847 5.7245922
v 1.9233875 3.998885 2.2749772
v -1.4247692 3.998885 2.3764353
v 0.30003834 5.998884 5.7968922
v -1.3999619 4.1988824 5.7997847
v -1.0999618 5.0988844 5.7968922
v 1.9000378 4.6011389 5.7968931
v 1.5000386 5.3988832 5.7968931
v -0.89996147 5.3988832 5.7968922
v -1.3999619 3.9988845 5.7997847
v 1.9970899 4.1988824 5.7968931
v -0.49996138 5.6988843 5.7968922
v 1.1000381 5.6988843 5.7968922
v -0.099961519 5.8988841 5.7968922
v 1.700038 5.0988839 5.7968922
v -1.2999613 4.6011384 5.7968922
v 0.70003843 5.8988846 5.7968922
v -1.4999616 4.1988824 5.6997843
v -1.4843321 5.0988844 5.3997841
v -1.4843321 5.3988832 5.1997843
v -1.4843318 5.8988841 4.4014778
v -1.4843316 5.8988851 3.5997844
v -1.4843314 5.0988844 2.5997844
v -1.4843316 5.6988843 3.1997843
v -1.4999611 3.998885 2.2997842
v -1.4843321 4.6012805 5.5997839
v -1.4999616 3.9988847 5.6997843
v -1.4999611 4.1988819 2.2997842
v -1.4843318 5.6988843 4.7997847
v -1.4843314 4.60128 2.3997846
v -1.4843314 5.3988832 2.7997842
v -1.4843316 5.9988845 3.9997845
v -1.0999608 5.0988844 2.1997843
v -1.2999609 4.6011065 2.1997843
v -0.89996099 5.3988836 2.1997843
v 0.70003891 5.8988846 2.1997857
v 1.502121 5.3988832 2.1997857
v -0.099960804 5.8988851 2.1997848
v 1.9000382 4.6011069 2.1997857
v -0.4999609 5.6988843 2.1997848
v 0.30003929 5.9988845 2.1997857
v 1.1000395 5.6988843 2.1997857
v 1.7000389 5.0988844 2.1997857
v 2.1026106 5.6988843 4.7997847
v 2.1026106 5.8988841 3.5997849
v 2.1026106 5.9988845 3.9997849
v 2.1026111 5.3988832 2.7997847
v 2.1026106 5.8988851 4.3997841
v 2.1026111 4.602218 2.3997855
v 2.1026106 5.6988843 3.1997848
v 2.1026106 5.0988839 5.399785
v 2.1026106 5.3988832 5.1997852
v 2.1026101 4.602218 5.5997839
v 2.1026106 5.0988844 2.5997853
v -6.0463133 3.3999999 6.346312
v -6.0463133 3.3999999 5.653688
v -5.3536892 3.3999999 5.653688
v -5.3536892 3.3999999 6.346312
v -6.0463133 0.60000002 5.653688
v -5.3536892 0.60000002 5.653688
v -5.3536892 0.60000002 6.346312
v -6.0463133 0.60000002 6.346312
v -6.1000013 3.4969105e-08 5.5999999
v -6.1000013 3.4969105e-08 6.4000001
v -6.1000013 3.5000001 6.4000001
v -6.1000013 4.0000001 6.4000001
v -6.1000013 4.0000001 5.5999999
v -6.1000013 0.50000003 5.5999999
v -5.3000011 3.4969105e-08 5.5999999
v -5.3000011 4.0000001 5.5999999
v -5.3000011 0.50000003 5.5999999
v -5.3000011 3.4969105e-08 6.4000001
v -5.3000011 4.0000001 6.4000001
v -5.3000011 0.50000003 6.4000001
v -6.1000013 3.5000001 5.5999999
v -5.3000011 3.5000001 5.5999999
v -5.3000011 3.5000001 6.4000001
v -6.1000013 0.50000003 6.4000001
v 5.9536891 3.3999999 6.346312
v 5.9536891 3.3999999 5.653688
v 6.6463132 3.3999999 5.653688
v 6.6463132 3.3999999 6.346312
v 5.9536891 0.60000002 5.653688
v 6.6463132 0.60000002 5.653688
v 6.6463132 0.60000002 6.346312
v 5.9536891 0.60000002 6.346312
v 5.900001 3.4969105e-08 5.5999999
v 5.900001 3.4969105e-08 6.4000001
v 5.900001 3.5000001 6.4000001
v 5.900001 4.0000001 6.4000001
v 5.900001 4.0000001 5.5999999
v 5.900001 0.50000003 5.5999999
v 6.7000012 3.4969105e-08 5.5999999
v 6.7000012 4.0000001 5.5999999
v 6.7000012 0.50000003 5.5999999
v 6.7000012 3.4969105e-08 6.4000001
v 6.7000012 4.0000001 6.4000001
v 6.7000012 0.50000003 6.4000001
v 5.900001 3.5000001 5.5999999
v 6.7000012 3.5000001 5.5999999
v 6.7000012 3.5000001 6.4000001
v 5.900001 0.50000003 6.4000001
v 5.9536891 3.4000006 -5.6536875
v 5.9536891 3.4000006 -6.3463116
v 6.6463132 3.4000006 -6.3463116
v 6.6463132 3.4000006 -5.6536875
v 5.9536891 0.60000056 -6.3463116
v 6.6463132 0.60000056 -6.3463116
v 6.6463132 0.60000056 -5.6536875
v 5.9536891 0.60000056 -5.6536875
v 5.900001 5.5950574e-07 -6.3999996
v 5.900001 5.5950574e-07 -5.5999994
v 5.900001 3.5000005 -5.5999994
v 5.900001 4.0000003 -5.5999994
v 5.900001 4.0000003 -6.3999996
v 5.900001 0.5000006 -6.3999996
v 6.7000012 5.5950574e-07 -6.3999996
v 6.7000012 4.0000003 -6.3999996
v 6.7000012 0.5000006 -6.3999996
v 6.7000012 5.5950574e-07 -5.5999994
v 6.7000012 4.0000003 -5.5999994
v 6.7000012 0.5000006 -5.5999994
v 5.900001 3.5000005 -6.3999996
v 6.7000012 3.5000005 -6.3999996
v 6.7000012 3.5000005 -5.5999994
v 5.900001 0.5000006 -5.5999994
v -6.0463109 3.4000006 -5.6536875
v -6.0463109 3.4000006 -6.3463116
v -5.3536863 3.4000006 -6.3463116
v -5.3536863 3.4000006 -5.6536875
v -6.0463109 0.60000056 -6.3463116
v -5.3536863 0.60000056 -6.3463116
v -5.3536863 0.60000056 -5.6536875
v -6.0463109 0.60000056 -5.6536875
v -6.099999 5.5950574e-07 -6.3999996
v -6.099999 5.5950574e-07 -5.5999994
v -6.099999 3.5000005 -5.5999994
v -6.099999 4.0000003 -5.5999994
v -6.099999 4.0000003 -6.3999996
v -6.099999 0.5000006 -6.3999996
v -5.2999988 5.5950574e-07 -6.3999996
v -5.2999988 4.0000003 -6.3999996
v -5.2999988 0.5000006 -6.3999996
v -5.2999988 5.5950574e-07 -5.5999994
v -5.2999988 4.0000003 -5.5999994
v -5.2999988 0.5000006 -5.5999994
v -6.099999 3.5000005 -6.3999996
v -5.2999988 3.5000005 -6.3999996
v -5.2999988 3.5000005 -5.5999994
v -6.099999 0.5000006 -5.5999994
v -2.0463111 3.4000004 2.3463123
v -2.0463111 3.4000004 1.653688
v -1.3536868 3.4000004 1.653688
v -1.3536868 3.4000004 2.3463123
v -2.0463111 0.60000026 1.653688
v -1.3536868 0.60000026 1.653688
v -1.3536868 0.60000026 2.3463123
v -2.0463111 0.60000026 2.3463123
v -2.099999 2.0981462e-07 1.5999999
v -2.099999 2.0981462e-07 2.4000001
v -2.099999 3.5000003 2.4000001
v -2.099999 4.0000001 2.4000001
v -2.099999 4.0000001 1.5999999
v -2.099999 0.50000021 1.5999999
v -1.2999988 2.0981462e-07 1.5999999
v -1.2999988 4.0000001 1.5999999
v -1.2999988 0.50000021 1.5999999
v -1.2999988 2.0981462e-07 2.4000001
v -1.2999988 4.0000001 2.4000001
v -1.2999988 0.50000021 2.4000001
v -2.099999 3.5000003 1.5999999
v -1.2999988 3.5000003 1.5999999
v -1.2999988 3.5000003 2.4000001
v -2.099999 0.50000021 2.4000001
v 1.9536886 3.4000004 -1.6536875
v 1.9536886 3.4000004 -2.3463125
v 2.6463132 3.4000004 -2.3463125
v 2.6463132 3.4000004 -1.6536875
v 1.9536886 0.60000038 -2.3463125
v 2.6463132 0.60000038 -2.3463125
v 2.6463132 0.60000038 -1.6536875
v 1.9536886 0.60000038 -1.6536875
v 1.900001 3.8466018e-07 -2.3999996
v 1.900001 3.8466018e-07 -1.5999999
v 1.900001 3.5000003 -1.5999999
v 1.900001 4.0000001 -1.5999999
v 1.900001 4.0000001 -2.3999996
v 1.900001 0.50000042 -2.3999996
v 2.7000012 3.8466018e-07 -2.3999996
v 2.7000012 4.0000001 -2.3999996
v 2.7000012 0.50000042 -2.3999996
v 2.7000012 3.8466018e-07 -1.5999999
v 2.7000012 4.0000001 -1.5999999
v 2.7000012 0.50000042 -1.5999999
v 1.900001 3.5000003 -2.3999996
v 2.7000012 3.5000003 -2.3999996
v 2.7000012 3.5000003 -1.5999999
v 1.900001 0.50000042 -1.5999999
v -1.3536868 3.4000004 -1.6536875
v -2.0463114 3.4000004 -1.6536875
v -2.0463111 3.4000004 -2.3463125
v -1.3536868 3.4000004 -2.3463125
v -2.0463111 0.60000032 -1.6536875
v -2.0463111 0.60000038 -2.3463125
v -1.3536868 0.60000044 -2.3463125
v -1.3536868 0.60000038 -1.6536875
v -2.099999 3.4969108e-07 -1.5999999
v -1.2999988 3.8466018e-07 -1.5999999
v -1.2999992 3.5000003 -1.5999999
v -1.2999992 4.0000001 -1.5999999
v -2.0999992 4.0000001 -1.5999999
v -2.099999 0.50000036 -1.5999999
v -2.099999 3.8466018e-07 -2.3999996
v -2.099999 4.0000001 -2.3999996
v -2.099999 0.50000042 -2.3999996
v -1.2999988 4.1962926e-07 -2.3999996
v -1.2999988 4.0000001 -2.3999996
v -1.2999988 0.50000042 -2.3999996
v -2.0999992 3.5000003 -1.5999999
v -2.099999 3.5000003 -2.3999996
v -1.2999988 3.5000003 -2.3999996
v -1.2999988 0.50000042 -1.5999999
v 2.6463132 3.4000004 2.3463128
v 1.9536886 3.4000004 2.3463123
v 1.9536886 3.4000004 1.653688
v 2.6463132 3.4000004 1.653688
v 1.9536886 0.6000002 2.3463123
v 1.9536886 0.60000026 1.653688
v 2.6463132 0.60000026 1.653688
v 2.6463132 0.60000026 2.3463123
v 1.900001 1.7484551e-07 2.4000001
v 2.7000012 2.0981462e-07 2.4000001
v 2.7000012 3.5000003 2.4000003
v 2.7000012 4.0000001 2.4000003
v 1.900001 4.0000001 2.4000001
v 1.900001 0.50000015 2.4000001
v 1.900001 2.0981462e-07 1.5999999
v 1.900001 4.0000001 1.5999999
v 1.900001 0.50000021 1.5999999
v 2.7000012 2.4478372e-07 1.5999999
v 2.7000012 4.0000001 1.6000004
v 2.7000012 0.50000027 1.5999999
v 1.900001 3.5000003 2.4000001
v 1.900001 3.5000003 1.5999999
v 2.7000012 3.5000003 1.6000004
v 2.7000012 0.50000021 2.4000001
v -5.3536868 3.4000004 2.3463128
v -6.0463114 3.4000004 2.3463123
v -6.0463114 3.4000004 1.653688
v -5.3536868 3.4000004 1.653688
v -6.0463109 0.6000002 2.3463123
v -6.0463109 0.60000026 1.653688
v -5.3536863 0.60000026 1.653688
v -5.3536868 0.60000026 2.3463123
v -6.099999 1.7484551e-07 2.4000001
v -5.2999988 2.0981462e-07 2.4000001
v -5.2999988 3.5000003 2.4000003
v -5.2999992 4.0000001 2.4000003
v -6.099999 4.0000001 2.4000001
v -6.099999 0.50000015 2.4000001
v -6.099999 2.0981462e-07 1.5999999
v -6.099999 4.0000001 1.5999999
v -6.099999 0.50000021 1.5999999
v -5.2999988 2.4478372e-07 1.5999999
v -5.2999988 4.0000001 1.6000004
v -5.2999988 0.50000027 1.5999999
v -6.099999 3.5000003 2.4000001
v -6.099999 3.5000003 1.5999999
v -5.2999988 3.5000003 1.6000004
v -5.2999988 0.50000021 2.4000001
v 2.6463132 3.4000006 -5.6536875
v 1.9536886 3.4000006 -5.6536875
v 1.9536886 3.4000006 -6.3463116
v 2.6463132 3.4000006 -6.3463116
v 1.9536886 0.60000056 -5.6536875
v 1.9536886 0.60000056 -6.3463116
v 2.6463132 0.60000062 -6.3463116
v 2.6463132 0.60000056 -5.6536875
v 1.900001 5.2453663e-07 -5.5999994
v 2.7000012 5.5950574e-07 -5.5999994
v 2.7000012 3.5000005 -5.5999994
v 2.7000012 4.0000003 -5.5999994
v 1.900001 4.0000003 -5.5999994
v 1.900001 0.50000054 -5.5999994
v 1.900001 5.5950574e-07 -6.3999996
v 1.900001 4.0000003 -6.3999996
v 1.900001 0.5000006 -6.3999996
v 2.7000012 5.9447478e-07 -6.3999996
v 2.7000012 4.0000003 -6.3999996
v 2.7000012 0.5000006 -6.3999996
v 1.900001 3.5000005 -5.5999994
v 1.900001 3.5000005 -6.3999996
v 2.7000012 3.5000005 -6.3999996
v 2.7000012 0.5000006 -5.5999994
v 2.6463132 3.3999999 6.3463125
v 1.9536886 3.3999999 6.3463125
v 1.9536886 3.3999999 5.653688
v 2.6463132 3.3999999 5.653688
v 1.9536886 0.60000002 6.346312
v 1.9536886 0.60000002 5.653688
v 2.6463132 0.60000008 5.653688
v 2.6463132 0.60000002 6.3463125
v 1.900001 0 6.4000001
v 2.7000012 3.4969105e-08 6.4000001
v 2.7000012 3.5000001 6.4000001
v 2.7000012 4.0000001 6.4000001
v 1.900001 4.0000001 6.4000001
v 1.900001 0.49999997 6.4000001
v 1.900001 3.4969105e-08 5.5999999
v 1.900001 4.0000001 5.6000004
v 1.900001 0.50000003 5.5999999
v 2.7000012 6.993821e-08 5.5999999
v 2.7000012 4.0000001 5.6000004
v 2.7000012 0.50000003 5.5999999
v 1.900001 3.5000001 6.4000001
v 1.900001 3.5000001 5.5999999
v 2.7000012 3.5000001 5.6000004
v 2.7000012 0.50000003 6.4000001
v -1.3536868 3.3999999 5.653688
v -1.3536868 3.3999999 6.3463125
v -2.0463111 3.3999999 6.3463125
v -2.0463111 3.3999999 5.653688
v -1.3536868 0.60000002 6.3463125
v -2.0463111 0.60000002 6.346312
v -2.0463111 0.60000008 5.653688
v -1.3536868 0.60000008 5.653688
v -1.2999988 0 6.4000001
v -1.2999988 6.993821e-08 5.5999999
v -1.2999988 3.5000001 5.6000004
v -1.2999988 4.0000001 5.6000004
v -1.2999988 4.0000001 6.4000006
v -1.2999988 0.49999997 6.4000001
v -2.099999 0 6.4000001
v -2.099999 4.0000001 6.4000001
v -2.099999 0.49999997 6.4000001
v -2.099999 6.993821e-08 5.5999999
v -2.099999 4.0000001 5.6000004
v -2.099999 0.50000003 5.5999999
v -1.2999988 3.5000001 6.4000006
v -2.099999 3.5000001 6.4000001
v -2.099999 3.5000001 5.6000004
v -1.2999988 0.50000003 5.5999999
v -5.3536863 3.4000004 -2.3463116
v -5.3536868 3.4000004 -1.653687
v -6.0463109 3.4000004 -1.6536875
v -6.0463109 3.4000004 -2.3463125
v -5.3536868 0.60000032 -1.6536875
v -6.0463109 0.60000032 -1.6536875
v -6.0463109 0.60000044 -2.3463125
v -5.3536863 0.60000044 -2.3463125
v -5.2999988 3.4969105e-07 -1.5999999
v -5.2999988 4.1962929e-07 -2.3999996
v -5.2999988 3.5000003 -2.3999996
v -5.2999988 4.0000001 -2.3999996
v -5.2999988 4.0000001 -1.5999994
v -5.2999988 0.50000036 -1.5999999
v -6.099999 3.4969105e-07 -1.5999999
v -6.099999 4.0000001 -1.5999999
v -6.099999 0.50000036 -1.5999999
v -6.099999 4.1962929e-07 -2.3999996
v -6.099999 4.0000001 -2.3999996
v -6.099999 0.50000042 -2.3999996
v -5.2999988 3.5000003 -1.5999994
v -6.099999 3.5000003 -1.5999999
v -6.099999 3.5000003 -2.3999996
v -5.2999988 0.50000042 -2.3999996
v -1.3536868 3.4000006 -6.3463116
v -1.3536868 3.4000006 -5.6536875
v -2.0463111 3.4000006 -5.6536875
v -2.0463111 3.4000006 -6.3463116
v -1.3536868 0.60000056 -5.6536875
v -2.0463111 0.60000056 -5.6536875
v -2.0463111 0.60000062 -6.3463116
v -1.3536868 0.60000062 -6.3463116
v -1.2999988 5.2453657e-07 -5.5999994
v -1.2999988 5.9447484e-07 -6.3999996
v -1.2999988 3.5000005 -6.3999996
v -1.2999988 4.0000003 -6.3999996
v -1.2999988 4.0000003 -5.5999994
v -1.2999988 0.50000054 -5.5999994
v -2.099999 5.2453657e-07 -5.5999994
v -2.099999 4.0000003 -5.5999994
v -2.099999 0.50000054 -5.5999994
v -2.099999 5.9447484e-07 -6.3999996
v -2.099999 4.0000003 -6.3999996
v -2.099999 0.5000006 -6.3999996
v -1.2999988 3.5000005 -5.5999994
v -2.099999 3.5000005 -5.5999994
v -2.099999 3.5000005 -6.3999996
v -1.2999988 0.5000006 -6.3999996
v 6.6463132 3.4000004 -2.3463116
v 6.6463132 3.4000004 -1.653687
v 5.9536891 3.4000004 -1.6536875
v 5.9536891 3.4000004 -2.3463125
v 6.6463132 0.60000032 -1.6536875
v 5.9536891 0.60000032 -1.6536875
v 5.9536891 0.60000044 -2.3463125
v 6.6463132 0.60000044 -2.3463125
v 6.7000012 3.4969105e-07 -1.5999999
v 6.7000012 4.1962929e-07 -2.3999996
v 6.7000012 3.5000003 -2.3999996
v 6.7000012 4.0000001 -2.3999996
v 6.7000012 4.0000001 -1.5999994
v 6.7000012 0.50000036 -1.5999999
v 5.900001 3.4969105e-07 -1.5999999
v 5.900001 4.0000001 -1.5999999
v 5.900001 0.50000036 -1.5999999
v 5.900001 4.1962929e-07 -2.3999996
v 5.900001 4.0000001 -2.3999996
v 5.900001 0.50000042 -2.3999996
v 6.7000012 3.5000003 -1.5999994
v 5.900001 3.5000003 -1.5999999
v 5.900001 3.5000003 -2.3999996
v 6.7000012 0.50000042 -2.3999996
v 5.9536891 3.4000004 1.653688
v 6.6463132 3.4000004 1.653688
v 6.6463132 3.4000004 2.3463123
v 5.9536891 3.4000004 2.3463123
v 6.6463132 0.60000026 1.653688
v 6.6463132 0.6000002 2.3463123
v 5.9536891 0.60000026 2.3463123
v 5.9536891 0.60000026 1.653688
v 6.7000012 2.0981462e-07 1.5999999
v 5.900001 2.4478372e-07 1.5999999
v 5.900001 3.5000003 1.5999999
v 5.900001 4.0000001 1.6000004
v 6.7000012 4.0000001 1.6000004
v 6.7000012 0.50000021 1.5999999
v 6.7000012 1.7484551e-07 2.4000001
v 6.7000012 4.0000001 2.4000003
v 6.7000012 0.50000015 2.4000001
v 5.900001 2.0981462e-07 2.4000001
v 5.900001 4.0000001 2.4000003
v 5.900001 0.50000021 2.4000001
v 6.7000012 3.5000003 1.5999999
v 6.7000012 3.5000003 2.4000001
v 5.900001 3.5000003 2.4000001
v 5.900001 0.50000027 1.5999999
vt 0.40289709 0.065516174
vt 0.64029944 0.084128678
vt 0.90415406 0.44980025
vt 0.59759194 0.44980022
vt 0.29937726 0.44980022
vt 0.24637589 1
vt 0.99999154 0.53698963
vt 0.031329907 0.4481861
vt 0.68320894 0.5034402
vt 0.28859603 1.0597219
vt 0.81989765 0.5004189
vt 1.1270607 0.44980025
vt 0.065822229 0.95281136
vt 0.34694028 0.50340712
vt 0.38293022 0.5596391
vt 0.66886675 0.44980022
vt 0.33792275 0.92766857
vt 0.74350226 0.70425111
vt 0.5338757 0.30256236
vt 0.43528634 0.11320144
vt 0.43038109 0.028921127
vt 0.60507929 0.53698963
vt -0.17210627 0.50041884
vt 0.01846981 0.0055300049
vt -0.11286631 0.41180006
vt 1.432532 0.44740814
vt 0.64050096 0.12270868
vt 0.99626094 0.41587746
vt 0.60507929 0.41238776
vt 0.32316753 0.50180167
vt 0.031329907 0.41180006
vt 0.2435853 0.53698963
vt 1.1739471 0.44980025
vt 0.99695563 0.60337919
vt 0.28859603 -0.052968636
vt -2.9802322e-07 1.7881393e-07
vt 1.0601245 0.41587746
vt 0.98758566 0.5004189
vt -0.12536293 0.44980022
vt 1.2855051 0.53746992
vt 1.1270826 0.44980025
vt 1 0
vt 0.659217 0.10291141
vt 0.50087911 0.44980022
vt -0.45073235 0.41180003
vt 0.99626094 0.53504562
vt 0.74350238 0.18572773
vt 0.87807196 0.18425062
vt 1.1739689 0.5004189
vt 0.29937726 0.5004189
vt 0.70243406 0.44980022
vt 0.74350226 0.1014771
vt 0.2435853 0.50182837
vt 0.61431968 0.077249527
vt 0.70228964 0.5004189
vt 0.031329907 0.5001356
vt -0.00034284592 0.41618007
vt 1 0
vt 0.67407733 0.90533632
vt 1 0
vt 0.46736509 0.5004189
vt 0.2638841 1.1621974
vt 0.01846981 1.0114049
vt 0.50078785 0.44980022
vt 0.90417719 0.44980025
vt 0.58455575 0.60512865
vt 1.029917 0.5004189
vt 0.065822229 0.95281136
vt 0.066008426 0.95227635
vt 0.61748034 0.55963898
vt 0.43528634 0.11320144
vt 0.54161173 0.41587746
vt 1.1270609 0.5004189
vt 0.43038109 0.028921127
vt 0.99999154 0.50182837
vt 0.34258366 0.060709655
vt 0.74350238 0.40706211
vt 0.097543091 0.44980022
vt -0.00037944317 1.0895715
vt 0.33792251 0.079084158
vt 0.36106974 0.10646677
vt -0.17210627 0.50041884
vt -0.11286631 0.4481861
vt 0.94060034 0.50042635
vt 3.1203032e-05 1.4901161e-07
vt 0.32316753 0.50180167
vt 0.81965053 0.5004189
vt 0.0026026666 0.062272787
vt 1.0601245 0.41587746
vt 0.97269261 1.0393867
vt 0.64037836 0.10343879
vt 0.659217 0.10291141
vt -0.45073235 0.41180003
vt 0.25911927 0.41180006
vt 0.67908669 0.44965622
vt 1.2855051 0.50042623
vt -0.085013226 0.53698963
vt 0.87807196 0.18425062
vt -0.51626837 0.5364421
vt 1 0
vt 0.12507126 0.53504556
vt 0.8703686 0.5004189
vt 0.61703545 0.55963874
vt 0.2435853 0.50182837
vt -0.14842905 0.44773307
vt 0.4485296 0.04721576
vt 0.99999994 0
vt 0.6666193 0.41180012
vt 0.57220715 0.44980022
vt 0.81962818 0.44980025
vt -0.0042038113 0.50041884
vt 0.67407733 0.90533632
vt 0.26393265 0.16772509
vt 1.0879757 0.50042635
vt 1 0.55111891
vt 1 0
vt 0.78345239 0.70916784
vt 0.40397611 0.15644813
vt 1.432532 0.53746992
vt 0.37915671 0.08815378
vt 0.01846981 1.0114049
vt 0.94060034 0.44740811
vt 0.50078785 0.44980022
vt 0.90417719 0.44980025
vt 0.78345227 0.30252582
vt 0.12507126 0.50180167
vt 0.58455575 0.60512865
vt 0.26651913 0.55111891
vt 0.29943013 0.5004189
vt 0.671875 0.40625
vt 0.74350238 0.50340664
vt 0.066008426 0.95227635
vt 1 0.55111891
vt 1.499269 0.50042623
vt 1 0
vt 0.54161173 0.41587746
vt 1.1270609 0.5004189
vt 0.40397611 0.12896389
vt 0.14827755 0.41335467
vt 0.10766029 0.2053113
vt 0.34258366 0.060709655
vt 0.74350238 0.40706211
vt 0.54125321 0.50457662
vt 1.0298796 0.44980025
vt -0.0282197 0.50041884
vt 1.1270826 0.5004189
vt 0.26393265 0.079084158
vt -0.3062959 0.41180006
vt 0.25895521 0
vt 0.671875 0.40625
vt 0.26651913 0.55111891
vt 0.40290177 0.028921127
vt 1 0.55111891
vt 0.42228514 0.17459679
vt 0.702411 0.44980022
vt -0.028091073 0.44980022
vt 0.40412828 0.44980022
vt 0.36075103 0.10614961
vt 1.1739689 0.44980025
vt 0.81965053 0.5004189
vt 0.97269261 1.0393867
vt 0.46736503 0.44980022
vt 0.74073184 0.0039062798
vt 0.042682573 0.44980022
vt -0.45073235 0.4481861
vt -0.00034284592 1.0115989
vt 0.12507126 0.41587743
vt 0.18216005 0.44980022
vt 1.0601245 0.44965625
vt 1.0721117 0.5004189
vt -0.085013226 0.53698963
vt 0.7435469 1.12473
vt 1.0601245 0.50180167
vt -0.51626837 0.5364421
vt 0.12507126 0.53504556
vt 0.40421939 0.44980022
vt 0.50087911 0.5004189
vt 0.26393265 -0.05322291
vt 0.26393241 1.0599761
vt 0.29239374 0.44740817
vt 0.4485296 0.04721576
vt 0.6666193 0.41180012
vt 1.432532 0.50042623
vt -0.3062959 0.5001356
vt 0.81962818 0.44980025
vt 0.57220715 0.44980022
vt 0.90962702 0.32558438
vt 0.21419853 0
vt 0.44040793 0.40706211
vt 0.78345239 0.70916784
vt 0.40397611 0.15644813
vt 0.49595416 0.41028726
vt 0.94060034 0.44740811
vt -3.578607e-07 -5.9604645e-08
vt 0.78345227 0.30252582
vt 0.21419853 0
vt 0.515625 0.203125
vt 0.74350238 0.50340664
vt 0.74073178 0.0039062798
vt 0.99626094 0.50180167
vt 0.40781161 0.076596797
vt 0.32316753 0.53504556
vt 1.0298796 0.44980025
vt 0.8510499 0.41335449
vt 0 0.203125
vt -0.00034284592 0.0053359321
vt 0.70228964 0.44980022
vt 0.055311039 0.50182837
vt -0.3062959 0.41180006
vt 1 1
vt 0.86452794 0.41587746
vt 0.25911927 0.50013566
vt 0.43528634 0.076600611
vt 0.21419853 0
vt 0.515625 0.203125
vt 0.4375 0.40625
vt 0.49595416 0.44740817
vt 0.031329896 0.5364421
vt 0.74073178 0.0039062798
vt 0.81989765 0.44980025
vt 0.49595416 0.50042635
vt -0.51626837 0.4481861
vt 1.2950513 0.44980025
vt -0.028091073 0.44980022
vt 0.99634731 -0.12599152
vt 1.1739689 0.44980025
vt 0 0.203125
vt 0.46736503 0.44980022
vt 0.62109464 0.10360718
vt 1 1
vt 0.4375 0.40625
vt 0.515625 0.203125
vt 0 0.203125
vt 2.9802322e-08 0.40624219
vt 0.12507126 0.41587743
vt 0.18216005 0.44980022
vt 1.3419377 0.44980025
vt -0.12538493 0.50041884
vt 0.29928625 0.44980022
vt 1.3419377 0.5004189
vt 1.0721117 0.5004189
vt 0.59759146 0.5004189
vt 0.7435469 1.12473
vt 0.38377619 0.44773307
vt 0.99695551 -0.027693748
vt 0.7340228 0.50112522
vt 1.0000085 -1.4901161e-07
vt 0.296875 0.40625
vt 0 0.203125
vt 0.86452794 0.50180167
vt 0.99695575 0.098960996
vt 0.50087911 0.5004189
vt 0.26393265 -0.05322291
vt 0.097543091 0.5004189
vt 0.29239374 0.44740817
vt 0.4375 0.40625
vt 1.432532 0.50042623
vt -0.3062959 0.5001356
vt 0.26393265 0.71542692
vt 0.75 0.203125
vt 0.75 0
vt 0.81962818 0.5004189
vt 2.9802322e-08 0.40624219
vt 0.44040793 0.40706211
vt 1.029933 0.44980025
vt -0.14842905 0.50182837
vt 0.3829411 0.55963898
vt 0.70832837 0.53747004
vt 0.76552641 0.5004189
vt 0.59744745 0.5004189
vt 0.90415424 0.5004189
vt 0.25895524 0
vt 0.45874679 0.45278448
vt 0.75331122 1
vt 0.74350202 0.30256236
vt 0.32316756 0.44965622
vt 0.87807256 0.82744312
vt 0.32316753 0.41587743
vt -0.3062959 0.5364421
vt 0.097687304 0.44980022
vt 0.26393265 0.83874393
vt 0.40781161 0.076596797
vt 0.45874679 0.45278448
vt 0.5009318 0.5004189
vt 0.25895524 0
vt -0.45073235 0.5364421
vt 0.90417653 0.5004189
vt 0.097686768 0.5004189
vt 0.515625 0
vt 0.86452794 0.41587746
vt 0.94060034 0.41028726
vt 1.1976331 0.44980025
vt 1.197633 0.5004189
vt 0.81989765 0.44980025
vt 0.34258366 0.08815378
vt 0.29937726 0.44980022
vt 0.45874679 0.45278448
vt 1.2950513 0.44980025
vt 0.99999154 0.53698963
vt 1 0
vt 0.29928625 0.5004189
vt -0.17224926 0.44980022
vt 0.62109464 0.10360718
vt 0.68320894 0.5034402
vt 0.81989765 0.5004189
vt -0.17227119 0.50041884
vt 0.671875 0.203125
vt 1.1270607 0.44980025
vt 0.49595416 0.53747004
vt 0.48590243 0.71542692
vt 0.29928625 0.44980022
vt 0.090436488 0.32558438
vt 0.90956366 0.32558438
vt 0.67908669 0.50180167
vt 0.67407715 0.1014771
vt -0.11286631 0.5364421
vt 0.66886675 0.44980022
vt 0.74350226 0.70425111
vt 0.5338757 0.30256236
vt -0.17215842 0.50041884
vt 0.99695551 -0.027693748
vt 1 0
vt 0 0
vt 0.60507929 0.53698963
vt 0.98758566 0.44980025
vt 0.26393265 0.71542692
vt -0.0003426075 0.70013523
vt 1.2950513 0.5004189
vt 0.671875 0.203125
vt 0.45874679 0.40624219
vt 0.59792376 0.44980022
vt -0.14842905 0.50182837
vt 1.2855051 0.44740814
vt 0.99626094 0.41587746
vt 2.9802322e-08 0.203125
vt -0.00037944317 -0.072636597
vt 0 0
vt 0.74350202 0.30256236
vt 0.32316756 0.44965622
vt 0.10432041 0.81162328
vt 1.1739471 0.44980025
vt 0.4375 0.203125
vt 0.32316753 0.41587743
vt -0.3062959 0.5364421
vt 0.45874679 0.40624219
vt 0.98758566 0.5004189
vt 0.063065231 0.12491626
vt 1 0.50457662
vt 0 1
vt 0.5009318 0.5004189
vt 0.50087911 0.44980022
vt -0.45073235 0.5364421
vt 0.14010064 0.44980022
vt 0.59744745 0.44980022
vt 0 0
vt 0.54125321 0.55111891
vt 0.74350238 0.18572773
vt -0.12521994 0.50041884
vt 1.1739471 0.5004189
vt 0.21875 0
vt 0.70243406 0.44980022
vt 0.7435025 1.0306822
vt 0.94060034 0.41028726
vt 0.4375 0.203125
vt -0.00034284592 0.41618007
vt 0.2923938 0.50042635
vt 1 0.50457662
vt 0.21875 0.203125
vt 0.21419853 0.203125
vt 1.4992688 0.41028726
vt 0.29928625 0.5004189
vt 0.54125321 0.55111891
vt 0.21875 0
vt 0.99695575 0.40831438
vt -0.17224926 0.44980022
vt 1.499269 0.44740811
vt 0.96807694 0.18027559
vt -0.17227119 0.50041884
vt -0.0042038113 0.44980022
vt 0.67908669 0.53504556
vt 0.48590243 0.71542692
vt 0.49826199 0
vt 0.72081113 -0.023634687
vt -2.9802322e-08 0
vt 0.38377619 0.41238776
vt 0.76552641 0.44980022
vt 0.67908669 0.50180167
vt -0.11286631 0.5364421
vt 0.74350226 0.70425111
vt 1 0.50457662
vt 0.21875 0.203125
vt 0.21419853 0.203125
vt 0.54125321 0.55111891
vt 0.38301498 0.5596391
vt -0.17210627 0.50041884
vt 0.097543091 0.44980022
vt 0.26651913 0.50457662
vt -0.11286631 0.4481861
vt 0.49826199 0
vt 1 -2.9802322e-08
vt 0.49995774 0.58889568
vt 0.21875 0.203125
vt 0.85109025 0.41335449
vt 0.7764321 0.55111891
vt 0.21419853 0.203125
vt 0.94060034 0.53747004
vt 0.62734348 0.82108563
vt 0.38724911 0.1677247
vt 0.94060034 0.50042635
vt -0.00037944317 -0.072636597
vt 0.055311039 0.41238776
vt 1 0.203125
vt 0.23517889 0.40624219
vt 0.25911927 0.5364421
vt 0 0
vt 0.26651913 0.50457662
vt 0.46713853 0.41180012
vt 0.37915671 0.060704887
vt 0.64037836 0.10343879
vt 0.60507929 0.44773307
vt -0.0003426075 0.8920185
vt 0.65973353 0.10276884
vt 0.66886675 0.5004189
vt 0.50078785 0.5004189
vt -0.0003426075 0.2053113
vt 0.18206921 0.44980022
vt -0.45073235 0.41180003
vt 0.99740827 0.062272698
vt 0.7764321 0.55111891
vt 0.38724923 0.83874315
vt 0.67908669 0.44965622
vt 1.2855051 0.50042623
vt 0.62734336 0.18572773
vt 0.74350238 0.18572773
vt 0.87807196 0.18425062
vt 0.70243406 0.44980022
vt 0.37523174 0.5084818
vt 0.44058365 0.15644431
vt 0.23517889 0.40624219
vt 0.26651913 0.50457662
vt 5.9604645e-08 0.55111891
vt 0.72526586 0.45278448
vt 0.26393265 0.16772509
vt 0.18221366 0.44980022
vt 1.499269 0.53746992
vt 0.23517889 0.40624219
vt 1.432532 0.53746992
vt -0.00034284592 0.31679958
vt 0.26562184 0.5004189
vt 0.66672039 0.12938303
vt 0.72081113 -0.023634687
vt 0.50078785 0.44980022
vt 0.90417719 0.44980025
vt 0.6666193 0.53644216
vt 0.066008426 0.95227635
vt -0.14842905 0.53698963
vt 0.40397611 0.12896389
vt 0.23517889 0.45278448
vt 0.18216002 0.5004189
vt -0.17212766 0.44980022
vt 0.10766029 0.2053113
vt 0.097543091 0.44980022
vt 1 0.203125
vt 1.1270826 0.5004189
vt -0.11286631 0.4481861
vt 0.94060034 0.53747004
vt 0.62734348 0.82108563
vt 2.9802322e-08 0.40625
vt 0.6666193 0.50013566
vt 0.81965113 0.44980025
vt 0.99999994 0.20447853
vt 0.54161173 0.53504556
vt 0.23517889 0.45278448
vt 0.38377619 0.50182837
vt 1 0.203125
vt 0.99695575 0.50584662
vt 0.296875 0.203125
vt 0.66886675 0.5004189
vt 0.65973353 0.10276884
vt 0.042682573 0.44980022
vt -0.45073235 0.4481861
vt 0.2638841 -0.15544493
vt 0.18221298 0.5004189
vt 2.9802322e-08 0.40625
vt 1 0.40625
vt 0.67908669 0.44965622
vt 0.62734336 0.18572773
vt 1.0879757 0.53746992
vt 0.37523174 0.5084818
vt 0.44058365 0.15644431
vt 1.1739689 0.5004189
vt 1 0.203125
vt 1.0601245 0.53504562
vt 0.296875 0.203125
vt 0.57220715 0.44980022
vt 0.81962818 0.44980025
vt 0.29239374 0.41028726
vt 0.24637589 1
vt 0.40427226 0.5004189
vt 2.9802322e-08 0.40625
vt 1 0.40625
vt 0.18221366 0.44980022
vt 1.0304008 0.5004189
vt 0.78345239 0.70916784
vt 0.097634017 0.44980022
vt 0.54161173 0.50180167
vt 0.49595416 0.41028726
vt 0.9041543 0.44980025
vt 0.6935153 0.40831453
vt 0.74350238 0.50340664
vt 1 0.40625
vt 2.9802322e-08 0.45278448
vt 1 0.45278448
vt 0.28604126 0.41617987
vt 0.32316753 0.53504556
vt 0.40397611 0.12896389
vt -0.14842905 0.53698963
vt 0.72526586 0.40624219
vt 1.0304008 0.44980025
vt 0.59792376 0.5004189
vt -0.00034284592 0.0053359321
vt 1.0879757 0.41028726
vt 1.1270826 0.5004189
vt 0.73406255 0.50112522
vt 0.46713853 0.53644216
vt 2.9802322e-08 0.45278448
vt 0.031329896 0.5364421
vt 0.42228514 0.17459679
vt 1 0.45278448
vt 0.54161173 0.53504556
vt 0.29943079 0.44980022
vt 0.2435853 0.41238776
vt 0.72526586 0.40624219
vt 0.75 0.203125
vt -0.0003426075 0.12491626
vt 0.49826211 0
vt 0.065491922 0.95241892
vt 0.99695575 0.50584662
vt 0.80696833 0.53698963
vt 0.7435025 -0.023868755
vt 0.46713853 0.44818616
vt 0.2638841 -0.15544493
vt 0.38377619 0.53698963
vt 1 0.45278448
vt 0.7435469 -0.1179169
vt 0.38300461 0.5596391
vt 1.1739689 0.5004189
vt -0.12527227 0.50041884
vt 0.86452794 0.50180167
vt 0.99695623 0.82744312
vt 0.29239374 0.44740817
vt 0.57220715 0.5004189
vt 0.50093246 0.44980022
vt 1 0
vt 0.40427226 0.5004189
vt 0.50003117 0.58889592
vt 0.70832837 0.53747004
vt 0.59744745 0.5004189
vt 0.72081113 1.0304481
vt 0.68883169 0.60337919
vt 1.2855051 0.41028723
vt 0.70832837 0.50042635
vt 0.9041543 0.44980025
vt 1 0
vt 0.72526586 0.45278448
vt -0.028068721 0.44980022
vt -0.064693928 0.44965619
vt 0.26393265 0.83874393
vt 0.26393265 0.92766833
vt 0.8703686 0.44980022
vt 0.32316753 0.53504556
vt 0.65954733 0.10330385
vt 0.59792376 0.5004189
vt 0.26393265 0.5034402
vt 1.0879757 0.41028726
vt -0.064693928 0.50180167
vt 0.26393265 0.605129
vt 0.12507126 0.44965622
vt 0.70832837 0.44740814
vt 1.0304229 0.5004189
vt 0 0
vt 0.92538249 0.098960996
vt 0.46713853 0.50013566
vt -0.0003426075 0.12491626
vt 0.74350238 0.82108575
vt 0.54161173 0.44965622
vt 0.46713853 0.44818616
vt 0.49595416 0.53747004
vt 0 0
vt 0.38377619 0.44773307
vt 0.99695551 -0.027693748
vt 0.19685084 0.31679958
vt -0.12527227 0.50041884
vt -0.085013226 0.44773307
vt 0.86452794 0.50180167
vt 0.96811712 0.17930028
vt 0.44040805 0.59975117
vt 0.50173783 1
vt 0.18206924 0.5004189
vt 1 2.9802322e-08
vt 0.055311039 0.53698963
vt 0.26393265 0.71542692
vt 0.90415406 0.5004189
vt 0.99695563 0.18425062
vt 1.432532 0.41028723
vt 0.28604126 0.60041702
vt 0 0
vt 0.26393253 0.29145283
vt 0.92538261 0.91273218
vt 1 0.40666488
vt 0 0.40666488
vt 0.50173783 1
vt 0.68883169 0.60337919
vt 0.32316756 0.44965622
vt 0.26562184 0.44980022
vt -0.064693928 0.44965619
vt 1.1270831 0.5004189
vt 0.063065231 0.12491626
vt 0.8703686 0.44980022
vt 0.99999154 0.41238776
vt 0.99695623 0.91273218
vt 0.5009318 0.5004189
vt 0.48590231 0.29145283
vt 0.50173783 1
vt 0.25895521 0
vt 1.1739471 0.5004189
vt 0.35014802 0.44980022
vt 0.055311039 0.44773307
vt 0.6667785 0.077495456
vt -0.064693928 0.50180167
vt 0.7764321 0.50457662
vt 0.12507126 0.44965622
vt 0.40421939 0.5004189
vt 0.92538249 0.098960996
vt 0.46713853 0.50013566
vt 0.35014802 0.5004189
vt 0.97269189 -0.027693748
vt 0.25895521 0
vt 1.499269 0.44740811
vt -0.17227119 0.50041884
vt 0.80696833 0.41238776
vt 0.40780252 0.11320239
vt 0.44058365 0.12896866
vt 0.48590243 0.71542692
vt 0.2435853 0.44773307
vt 0.090412945 0.32558438
vt 0.38377619 0.41238776
vt 0.76552641 0.44980022
vt 0.7764321 0.50457662
vt -0.11286631 0.5001356
vt 0.99695611 1.0393867
vt 0.26393276 0.40175048
vt 0.18206924 0.5004189
vt 0.74073184 0.0039062798
vt 0.055311039 0.53698963
vt 0.99695623 0.70916784
vt 0.28604126 0.60041702
vt 0.002602458 0.062272698
vt 0.19685084 0.70013511
vt 1.2855051 0.44740814
vt -0.0003426075 0.60041702
vt 2.3841858e-07 0.99999988
vt 0.38724911 0.1677247
vt -0.00037944317 -0.072636597
vt 0.055311039 0.41238776
vt 1 0
vt 0.54125321 0.50457662
vt 0.53387576 0.70425111
vt 0.70832837 0.41028723
vt 0.46713853 0.41180012
vt 0.60507929 0.44773307
vt 0.26651913 0.55111891
vt 0.99999154 0.41238776
vt 0.96811759 0.17930052
vt 0.14896101 0.41335449
vt 0.61431968 0.12989789
vt 1 0.203125
vt 1.1269412 0.44980025
vt 1 0.55111891
vt 0.35014802 0.44980022
vt 0.055311039 0.44773307
vt 0.4303773 0.065070212
vt 0.54125321 0.50457662
vt -0.51626837 0.41180003
vt -0.51626837 0.5001356
vt -0.064693987 0.53504556
vt -0.17218041 0.44980022
vt 0.58455563 0.40175048
vt 0.671875 0.40625
vt 0.063065231 0.89201838
vt 0.26651913 0.55111891
vt 0.042682454 0.50041884
vt 0.40421939 0.5004189
vt 0.97269189 -0.027693748
vt 1.499269 0.44740811
vt -0.0003426075 0.5084818
vt 0.2923938 0.53747004
vt 0.54125321 0.50457662
vt 1 1
vt -0.3062959 0.4481861
vt 0.80696833 0.41238776
vt 0.90960401 0.32558456
vt -0.064693928 0.4158774
vt 0.26562184 0.5004189
vt 0.515625 0.203125
vt 0.40412828 0.5004189
vt 0.70243347 0.5004189
vt 0.38377619 0.41238776
vt 0.99695599 0.30252582
vt 0.097634017 0.5004189
vt 0.76552641 0.44980022
vt 0.6666193 0.53644216
vt 0.296875 0.40625
vt -0.028703213 0.44980022
vt 0.86452794 0.44965625
vt 0.74350238 0.90533632
vt 0.99995738 1.4901161e-07
vt 1 1
vt -0.17212766 0.44980022
vt 0 0.203125
vt 1 0.40624219
vt 0.14010064 0.50041884
vt 0.40427282 0.44980022
vt 0.19685084 0.70013511
vt 0.296875 0.40625
vt -0.0003426075 0.60041702
vt 0.81965113 0.44980025
vt 0.74350238 0.59975117
vt 0.40289709 0.065516174
vt 0.64029944 0.084128678
vt 0.75 0.203125
vt 0.59759194 0.44980022
vt 0.75 0
vt 0.25911927 0.44818616
vt 0.53387576 0.70425111
vt 1 0.40624219
vt 0.46713853 0.41180012
vt 0.031329907 0.4481861
vt 0.59421194 0.50584662
vt 0.28859603 1.0597219
vt 0.296875 0.40625
vt 0.21419853 0
vt 0.38724923 0.83874315
vt 0.74073178 0.0039062798
vt 1.1738343 0.44980025
vt 0.62734336 0.18572773
vt 1.0879757 0.53746992
vt 0.34694028 0.50340712
vt 0.75 0.203125
vt 0.515625 0
vt -0.51626837 0.5001356
vt 1.0000004 0.99999976
vt -0.064693987 0.53504556
vt -0.17218041 0.44980022
vt 1 0.40624219
vt 0.99626094 0.44965625
vt 0.29239374 0.41028726
vt 0.01846981 0.0055300049
vt -0.11286631 0.41180006
vt 0.74073178 0.0039062798
vt -0.0003426075 0.5084818
vt 0.64050096 0.12270868
vt 0.515625 0
vt 0.54161173 0.50180167
vt 0.80696833 0.50182837
vt 0.60507929 0.41238776
vt -0.00034284592 0.31679958
vt 0.26562184 0.5004189
vt 0.40412828 0.5004189
vt 0.031329907 0.41180006
vt 0.99695599 0.30252582
vt 0.097634017 0.5004189
vt 0.6935153 0.40831453
vt 0.4375 0.40625
vt 2.9802322e-08 0.40624219
vt 0.28859603 -0.052968636
vt 0.99695563 0.60337919
vt -0.12536293 0.44980022
vt -0.12529439 0.44980022
vt 0.74350238 0.90533632
vt 1.1270826 0.44980025
vt 0.515625 0
vt -0.12524128 0.44980022
vt 0.99626094 0.53504562
vt 0.40427282 0.44980022
vt 1.1739689 0.5004189
vt 0.29937726 0.5004189
vt 2.9802322e-08 0.40624219
vt 0.46713853 0.53644216
vt 0.74350226 0.1014771
vt 0.61431968 0.077249527
vt 0.70228964 0.5004189
vt 0.031329907 0.5001356
vt 0.6666193 0.44818616
vt -0.085013226 0.50182837
vt 0.54161173 0.53504556
vt 0.29943079 0.44980022
vt 0.81965113 0.44980025
vt 0.74350238 0.59975117
vt 0.25895524 0
vt 0.46736509 0.5004189
vt 0.75331122 1
vt 0.065491922 0.95241892
vt 0.50173777 1
vt 0.59421194 0.50584662
vt 0.2638841 1.1621974
vt 0.45874679 0.45278448
vt 1.0879757 0.53746992
vt 0.065822229 0.95281136
vt 0.25895524 0
vt 1 0
vt 0.50173777 1
vt 0.43528634 0.11320144
vt 0.99695623 0.82744312
vt 0.57220715 0.5004189
vt 0.99999154 0.50182837
vt -0.00037944317 1.0895715
vt 0.36106974 0.10646677
vt 0.33792251 0.079084158
vt -0.11286631 0.41180006
vt -3.1679869e-05 -5.9604645e-08
vt 2.9802322e-08 0
vt 0.24637583 1
vt 1 0
vt 0.64050096 0.12270868
vt 0.80696833 0.50182837
vt 0.50173777 1
vt 0.60507929 0.41238776
vt 1 0.50457662
vt 0.671875 0.203125
vt 0.99695563 0.60337919
vt -0.028068721 0.44980022
vt 1.0601245 0.41587746
vt 0.28859603 -0.052968636
vt -0.12529439 0.44980022
vt 0.24637583 1
vt 1 0
vt 0.38965309 0.094890475
vt 0.659217 0.10291141
vt 0.65954733 0.10330385
vt -0.12524128 0.44980022
vt 0.75331116 1
vt 0.25911927 0.41180006
vt 1.0000002 1
vt 1.1739689 0.5004189
vt 0.46713853 0.53644216
vt 0.8703686 0.5004189
vt 0.671875 0.203125
vt 0.2435853 0.50182837
vt 0.61431968 0.077249527
vt 0.70228964 0.5004189
vt -0.14842905 0.44773307
vt 0.70832837 0.44740814
vt -0.085013226 0.50182837
vt -0.0042038113 0.50041884
vt 0.6666193 0.44818616
vt 0.24637583 1
vt 2.9802322e-08 0.203125
vt 0.67407733 0.90533632
vt 0 0.203125
vt 1.0879757 0.50042635
vt 0 0
vt 0.75331116 1
vt -0.028559923 0.50041884
vt 1 0.203125
vt 0.54161173 0.44965622
vt 0.86452794 0.53504556
vt 0.7435025 -0.023868755
vt 0.4375 0.203125
vt 0.2638841 1.1621974
vt 0.37915671 0.08815378
vt 0.01846981 1.0114049
vt 0.45874679 0.40624219
vt 0.12507126 0.50180167
vt 0.58455575 0.60512865
vt 0.61706936 0.5596391
vt 0.29943013 0.5004189
vt 2.9802322e-08 0.203125
vt 0 0.203125
vt -0.085013226 0.44773307
vt 0 0
vt 0.75331116 1
vt 1.499269 0.50042623
vt 0.99695623 0.82744312
vt 0.54161173 0.41587746
vt 0.57220715 0.5004189
vt 0.54125321 0.55111891
vt 0.21875 0
vt 0.34258366 0.060709655
vt 0.74350238 0.40706211
vt -0.00037944317 1.0895715
vt 0.4375 0.203125
vt 0.90415406 0.5004189
vt 0.33792251 0.079084158
vt 0.90956342 0.32558456
vt 0.702411 0.5004189
vt 0.26393265 0.079084158
vt 0.92538261 0.91273218
vt -0.0003426075 0.81162339
vt 0 0.203125
vt 0.23517889 0.40624219
vt 0.67908669 0.41587746
vt 0 0
vt 0.40290177 0.028921127
vt 0.54125321 0.55111891
vt 0.21875 0
vt 0.702411 0.44980022
vt 0.40412828 0.44980022
vt 0.99999154 0.44773307
vt 0.36075103 0.10614961
vt 1.0879757 0.44740811
vt 0.97269261 1.0393867
vt 0.49826199 0
vt 1.1270831 0.5004189
vt 0.8703686 0.44980022
vt 0.21875 0.203125
vt -0.00034284592 1.0115989
vt 0.38965309 0.094890475
vt 0.80696833 0.44773307
vt 0.21419853 0.203125
vt 1.0601245 0.44965625
vt 0.25911927 0.41180006
vt 1.0601245 0.50180167
vt -0.51626837 0.5364421
vt 0.40421939 0.44980022
vt 0.49826199 0
vt 0.26393241 1.0599761
vt 0.12507126 0.44965622
vt -0.028612494 0.50041884
vt 0.6666193 0.41180012
vt 0.99634755 1.1376847
vt 1.0304229 0.5004189
vt 0.7764321 0.55111891
vt 0.35014802 0.5004189
vt 0.54161173 0.44965622
vt 0.40397611 0.15644813
vt 0.86452794 0.53504556
vt -0.14842905 0.41238776
vt 0.26651913 0.50457662
vt 5.9604645e-08 0.55111891
vt 0.2435853 0.44773307
vt 0.78345227 0.30252582
vt 0.7764321 0.55111891
vt 0.29943013 0.5004189
vt 0.60507929 0.50182837
vt -0.085013226 0.44773307
vt 1.0721117 0.44980022
vt 0.99695611 1.0393867
vt 0 1
vt 0.99626094 0.50180167
vt 0.18206924 0.5004189
vt 0.055311039 0.53698963
vt 5.9604645e-08 0.50457662
vt 0.75 0
vt 0.90415406 0.5004189
vt 0.99695563 0.18425062
vt 5.9604645e-08 0.55111891
vt 2.9802322e-08 0.40625
vt 0.70228964 0.44980022
vt 0.055311039 0.50182837
vt -0.3062959 0.41180006
vt 0.702411 0.5004189
vt 0.26393265 0.079084158
vt 0.25911927 0.50013566
vt 0.72526586 0.45278448
vt 0.43528634 0.076600611
vt 0.7340228 0.50112545
vt 0 1
vt 0.702411 0.44980022
vt 5.9604645e-08 0.50457662
vt 0.75 0
vt 0.99999154 0.44773307
vt 0.99634731 -0.12599152
vt 0.70832837 0.41028723
vt 1.1739689 0.44980025
vt 1.0879757 0.44740811
vt 0.8511135 0.41335449
vt 0.46736503 0.44980022
vt 5.9604645e-08 0.55111891
vt 0.61431968 0.12989789
vt 0.12507126 0.41587743
vt 1.1269412 0.44980025
vt 0.18216005 0.44980022
vt -0.12538493 0.50041884
vt 0 1
vt 0.59759146 0.5004189
vt 0.7435469 1.12473
vt 0.33792275 0.92766857
vt 5.9604645e-08 0.50457662
vt 0.75 0
vt -0.51626837 0.41180003
vt 0.99695575 0.098960996
vt 0.50087911 0.5004189
vt 0.58455563 0.40175048
vt 0.26393241 1.0599761
vt 0.097543091 0.5004189
vt 0.296875 0.203125
vt 2.9802322e-08 0.45278448
vt 1.432532 0.50042623
vt 0.75 0.203125
vt 0.72526586 0.40624219
vt 0.81962818 0.5004189
vt -0.45073235 0.5001356
vt 0.97269189 -0.027693748
vt 0.49826211 0
vt 0.44040793 0.40706211
vt 1.029933 0.44980025
vt 0.23517889 0.45278448
vt 0.76552641 0.5004189
vt 2.9802322e-07 -5.9604645e-08
vt 0.90415424 0.5004189
vt -0.14842905 0.41238776
vt 0.296875 0.203125
vt 2.9802322e-08 0.45278448
vt 2.9802322e-08 0.20292021
vt 0.75 0.203125
vt 0.72526586 0.40624219
vt 0.24637589 1
vt 0.87807256 0.82744312
vt 0.097687304 0.44980022
vt 0.60507929 0.50182837
vt 1.0721117 0.44980022
vt 0.99695611 1.0393867
vt 0.86452794 0.44965625
vt 0.49826211 0
vt 1 0.40625
vt 0.097686768 0.5004189
vt 0.296875 0.203125
vt 0.055311039 0.50182837
vt -0.085013226 0.41238776
vt 0.25911927 0.50013566
vt 0.24637589 1
vt 1.1976331 0.44980025
vt 1.197633 0.5004189
vt 0.49826211 0
vt 0.40289709 0.065516174
vt 1 0.40625
vt 0.90415406 0.44980025
vt 0.81989765 0.44980025
vt 0.34258366 0.08815378
vt 0.29937726 0.44980022
vt 0.59759194 0.44980022
vt 1.2950513 0.44980025
vt 0.99999154 0.53698963
vt 0.53387576 0.70425111
vt 0.70832837 0.41028723
vt 5.9604645e-08 -1.3737008e-07
vt 0.031329907 0.4481861
vt 0.68320894 0.5034402
vt 0.24637589 1
vt 0.81989765 0.5004189
vt 1.1270607 0.44980025
vt 0.29928625 0.44980022
vt 0.67407715 0.1014771
vt -0.17215842 0.50041884
vt 0.66886675 0.44980022
vt 0.33792275 0.92766857
vt 0.59759146 0.5004189
vt 0.5338757 0.30256236
vt -0.17218041 0.44980022
vt 0.99695575 0.098960996
vt 0.43038109 0.028921127
vt 0.60507929 0.53698963
vt 1.2950513 0.5004189
vt -0.45073235 0.5001356
vt 1 0.45278448
vt 0.59792376 0.44980022
vt 1.432532 0.44740814
vt -0.14842905 0.50182837
vt 0.99626094 0.41587746
vt 0.40412828 0.5004189
vt 0.74350202 0.30256236
vt 0.031329907 0.41180006
vt 0.2435853 0.53698963
vt 0.99695599 0.30252582
vt 0.10432041 0.81162328
vt 1.1739471 0.44980025
vt -0.3062959 0.5364421
vt 0.98758566 0.5004189
vt 1.2855051 0.53746992
vt 0.50087911 0.44980022
vt -0.45073235 0.5364421
vt 0.14010064 0.44980022
vt 0.59744745 0.44980022
vt 0.14010064 0.50041884
vt 0.99626094 0.53504562
vt -0.12521994 0.50041884
vt 0.29937726 0.5004189
vt 1 0
vt 0.7435025 1.0306822
vt 1.1976331 0.44980025
vt -0.00034284592 0.41618007
vt 0.2923938 0.50042635
vt 0.46736509 0.5004189
vt 0.96806669 0.1793004
vt 0.99695575 0.40831438
vt -0.17224926 0.44980022
vt 0.68320894 0.5034402
vt 1 0
vt -0.0042038113 0.44980022
vt 0.67908669 0.53504556
vt 1.029917 0.5004189
vt -0.17215842 0.50041884
vt 0.66886675 0.44980022
vt 0.74350226 0.70425111
vt 0.5338757 0.30256236
vt 0.43528634 0.11320144
vt 0.43038109 0.028921127
vt 1.1270609 0.5004189
vt -0.17210627 0.50041884
vt 0.36106974 0.10646677
vt 0.99739754 0.062272698
vt -0.11286631 0.41180006
vt 1.432532 0.44740814
vt -3.5762787e-07 0.99999994
vt 0.94060034 0.50042635
vt 0.49826199 0
vt 0.32316753 0.50180167
vt 0.031329907 0.41180006
vt 0.10432041 0.81162328
vt 0.25911927 0.5364421
vt 0.81965053 0.5004189
vt 1.0601245 0.41587746
vt 0 0.55049318
vt 0.37915671 0.060704887
vt 0.64037836 0.10343879
vt 0.98758566 0.5004189
vt -0.0003426075 0.2053113
vt 0.50078785 0.5004189
vt 0.18206921 0.44980022
vt 0.659217 0.10291141
vt -0.45073235 0.41180003
vt 0.14010064 0.44980022
vt 1.2855051 0.50042623
vt 0.99626094 0.53504562
vt 0.74350238 0.18572773
vt 0.87807196 0.18425062
vt -0.12521994 0.50041884
vt 1.1739689 0.5004189
vt 0.70243406 0.44980022
vt 0.7435025 1.0306822
vt 0.2435853 0.50182837
vt 0.61431968 0.077249527
vt 0.70228964 0.5004189
vt -0.14842905 0.44773307
vt 0.4485296 0.04721576
vt 0.031329907 0.5001356
vt 1 0
vt 0.67407733 0.90533632
vt 0.26393265 0.16772509
vt 0.50173783 1
vt 0.99695575 0.40831438
vt 1.432532 0.53746992
vt 0.01846981 1.0114049
vt 1 0
vt 0.66672039 0.12938303
vt 0.50078785 0.44980022
vt 0.72081113 -0.023634687
vt 0.90417719 0.44980025
vt 0.58455575 0.60512865
vt 1.029917 0.5004189
vt 1 0.55111891
vt 0.066008426 0.95227635
vt 1.499269 0.50042623
vt 1.1270609 0.5004189
vt 0.671875 0.40625
vt 0.26651913 0.55111891
vt 0.18216002 0.5004189
vt 0.10766029 0.2053113
vt 0.097543091 0.44980022
vt 0.34258366 0.060709655
vt -0.0282197 0.50041884
vt 0.74350238 0.40706211
vt 1.0000002 1.0000002
vt -0.11286631 0.4481861
vt 1 0
vt 0.7764321 0.50457662
vt 1 0.55111891
vt 0.62734348 0.82108563
vt 0.6666193 0.50013566
vt 0.94060034 0.50042635
vt 0.25895521 0
vt 0.671875 0.40625
vt 0.74073184 0.0039062798
vt -0.028091073 0.44980022
vt 0.38377619 0.50182837
vt 0.81965053 0.5004189
vt 0.7764321 0.50457662
vt 0.64037836 0.10343879
vt -0.0003426075 0.2053113
vt 0.65973353 0.10276884
vt 0.042682573 0.44980022
vt -0.45073235 0.4481861
vt -0.00034284592 1.0115989
vt 0.18206921 0.44980022
vt 0.18221298 0.5004189
vt 0.67908669 0.44965622
vt -0.085013226 0.53698963
vt 0.74073184 0.0039062798
vt 0.37523174 0.5084818
vt 0.12507126 0.53504556
vt 0.40421939 0.44980022
vt -0.14842905 0.44773307
vt 1.0601245 0.53504562
vt 0.4485296 0.04721576
vt 0.6666193 0.41180012
vt 0.57220715 0.44980022
vt -0.3062959 0.5001356
vt 0.81962818 0.44980025
vt 0.26393265 0.16772509
vt 0.18221366 0.44980022
vt 3.5762787e-07 -1.1920929e-07
vt 1.0304008 0.5004189
vt 0.78345239 0.70916784
vt 0.40397611 0.15644813
vt 0.74073184 0.0039062798
vt 0.097634017 0.44980022
vt 1.432532 0.53746992
vt 0.21419853 0
vt 0.49595416 0.41028726
vt 0.37915671 0.08815378
vt 0.94060034 0.44740811
vt 0.61705846 0.5596391
vt 1.0000319 5.9604645e-08
vt 0.74350238 0.50340664
vt 1.499269 0.50042623
vt 0.40781161 0.076596797
vt 0.28604126 0.41617987
vt 0.40397611 0.12896389
vt 0.10766029 0.2053113
vt 0.21419853 0
vt 1.0298796 0.44980025
vt -0.0282197 0.50041884
vt -0.00034284592 0.0053359321
vt 1.1270826 0.5004189
vt -0.3062959 0.41180006
vt 0.74073178 0.0039062798
vt 0.49595416 0.44740817
vt 0.031329896 0.5364421
vt 0.42228514 0.17459679
vt 0.49595416 0.50042635
vt 0.6666193 0.50013566
vt -0.51626837 0.4481861
vt 0.702411 0.44980022
vt 0.2435853 0.41238776
vt -0.028091073 0.44980022
vt 0.38377619 0.50182837
vt 0.21419853 0
vt 1.1739689 0.44980025
vt 1 1
vt 0.99999982 0.99999982
vt 0.74073178 0.0039062798
vt 0.515625 0.203125
vt 0.46736503 0.44980022
vt 0.80696833 0.53698963
vt 0.042682573 0.44980022
vt -0.45073235 0.4481861
vt -0.00034284592 1.0115989
vt 0.12507126 0.41587743
vt 0.2638841 -0.15544493
vt 1.3419377 0.44980025
vt -0.12538493 0.50041884
vt 1.3419377 0.5004189
vt 0.38377619 0.53698963
vt 0.18216005 0.44980022
vt 1.0721117 0.5004189
vt 0.7435469 1.12473
vt 1 1
vt 0.4375 0.40625
vt 0.515625 0.203125
vt 0.75 0
vt 2.9802322e-08 0.40624219
vt 0.26393265 -0.05322291
vt 1 0.40739876
vt 0.26393241 1.0599761
vt 0.097543091 0.5004189
vt 0.50093246 0.44980022
vt 0.29239374 0.44740817
vt 1.432532 0.50042623
vt -0.3062959 0.5001356
vt 0.296875 0.40625
vt 0.81962818 0.5004189
vt 0 0.203125
vt 0.75331122 1
vt 0.44040793 0.40706211
vt 0.75 0.203125
vt 0.99737412 0.062272578
vt 0.70832837 0.53747004
vt 0.76552641 0.5004189
vt 0.59744745 0.5004189
vt 0.097634017 0.44980022
vt 0.4375 0.40625
vt 0.75 0
vt 1 0.40624219
vt 0.49595416 0.41028726
vt 0.45874679 0.45278448
vt 1.2855051 0.41028723
vt 0.70832837 0.50042635
vt 0.9041543 0.44980025
vt 0.96807718 0.17930052
vt 0.097687304 0.44980022
vt 0.75331122 1
vt 0.25895524 0
vt 0.26393265 0.83874393
vt 0.40781161 0.076596797
vt 0.75 0.203125
vt 0.32316753 0.53504556
vt 0.75 0
vt 0.90417653 0.5004189
vt 0.26393265 0.5034402
vt -0.00034284592 0.0053359321
vt 0.45874679 0.45278448
vt 0.86452794 0.41587746
vt 0.94060034 0.41028726
vt 0.43528634 0.076600611
vt 0.49595416 0.44740817
vt 0.031329896 0.5364421
vt 0.81989765 0.44980025
vt 0.34258366 0.08815378
vt -0.51626837 0.4481861
vt 0.49595416 0.50042635
vt 1.2950513 0.44980025
vt 0.515625 0
vt 0.29928625 0.5004189
vt 0.74350238 0.82108575
vt 0.45874679 0.45278448
vt 2.9802322e-08 0.40739876
vt 0.62109464 0.10360718
vt 0.80696833 0.53698963
vt 1 0
vt 1.3419377 0.44980025
vt 0.49595416 0.53747004
vt 1.3419377 0.5004189
vt -0.12538493 0.50041884
vt 0.38377619 0.53698963
vt 0.67407715 0.1014771
vt -0.11286631 0.5364421
vt 0.99695551 -0.027693748
vt 0.38377619 0.44773307
vt 0.19685084 0.31679958
vt -0.12527227 0.50041884
vt 0.86452794 0.50180167
vt 0.98758566 0.44980025
vt 0.26393265 0.71542692
vt -0.0003426075 0.70013523
vt 0.81962818 0.5004189
vt 1.432532 0.41028723
vt 0.59792376 0.44980022
vt 0.26393253 0.29145283
vt 0.70832837 0.53747004
vt 0.76552641 0.5004189
vt 0.90956342 0.32558456
vt 0.32316756 0.44965622
vt 2.9802322e-08 0.203125
vt 0.32316753 0.41587743
vt -0.3062959 0.5364421
vt 0.097687304 0.44980022
vt 0 0
vt 0.063065231 0.12491626
vt 0.5009318 0.5004189
vt 0.99695623 0.91273218
vt 0.4375 0.203125
vt 0.59744745 0.44980022
vt 0.90417653 0.5004189
vt 0.097686768 0.5004189
vt 0.48590231 0.29145283
vt 0.50173777 1
vt 1.1739471 0.5004189
vt 1 0.50457662
vt 0.6667785 0.077495456
vt -0.064693928 0.50180167
vt 0.94060034 0.41028726
vt 1.1976331 0.44980025
vt 0 0
vt 0.54125321 0.55111891
vt 0.21875 0
vt 0.34258366 0.08815378
vt 0.92538249 0.098960996
vt 0.46713853 0.50013566
vt 1.4992688 0.41028726
vt 0.4375 0.203125
vt 0.29928625 0.5004189
vt 1 0.50457662
vt 0.21875 0.203125
vt -0.17227119 0.50041884
vt 0.44058365 0.12896866
vt 0.40780252 0.11320239
vt 0.49595416 0.53747004
vt 0.48590243 0.71542692
vt 0.24637583 1
vt 0.54125321 0.55111891
vt 0.67908669 0.50180167
vt 0.67407715 0.1014771
vt -0.11286631 0.5364421
vt -0.11286631 0.5001356
vt 0.49826199 0
vt 1 0.50457662
vt 0.21875 0.203125
vt 0.98758566 0.44980025
vt 1.0000004 1
vt 0.21419853 0.203125
vt 0.99695623 0.70916784
vt -0.0003426075 0.70013523
vt 0.59792376 0.44980022
vt 1 0.203125
vt 1.2855051 0.44740814
vt 0.38724911 0.1677247
vt -3.5762787e-07 1
vt 0.26651913 0.50457662
vt -0.00037944317 -0.072636597
vt 0.055311039 0.41238776
vt 0.49826199 0
vt 0.21875 0.203125
vt 0.10432041 0.81162328
vt 0.25911927 0.5364421
vt 0.21419853 0.203125
vt 0.7764321 0.55111891
vt 0.60507929 0.44773307
vt 0.063065231 0.12491626
vt -0.0003426075 0.8920185
vt 0.66886675 0.5004189
vt 0.99999154 0.41238776
vt 0.50078785 0.5004189
vt 0 0.203125
vt 1.0000005 1.0000002
vt 0 0
vt 0.14010064 0.44980022
vt 1 0.203125
vt 0.26651913 0.50457662
vt 0.23517889 0.40624219
vt 0.74350238 0.18572773
vt -0.12521994 0.50041884
vt 1.1739471 0.5004189
vt 0.35014802 0.44980022
vt 0.055311039 0.44773307
vt 0.4303773 0.065070212
vt 0.44058365 0.15644431
vt 0.70243406 0.44980022
vt 0.7435025 1.0306822
vt 0.7764321 0.55111891
vt 0.72526586 0.45278448
vt 0.2923938 0.50042635
vt 0.063065231 0.89201838
vt 0.042682454 0.50041884
vt 0.23517889 0.40624219
vt 1.4992688 0.41028726
vt 1.499269 0.53746992
vt 0.99695575 0.40831438
vt 1.499269 0.44740811
vt 0.72526586 0.45278448
vt 0.2923938 0.53747004
vt -0.0042038113 0.44980022
vt 0.80696833 0.41238776
vt 0.40780252 0.11320239
vt 0.44058365 0.12896866
vt 0.66672039 0.12938303
vt 0.72081113 -0.023634687
vt 0.70243347 0.5004189
vt 0.38377619 0.41238776
vt 0.76552641 0.44980022
vt 0.23517889 0.40624219
vt 0.6666193 0.53644216
vt -0.028703213 0.44980022
vt -0.14842905 0.53698963
vt 0.18216002 0.5004189
vt -0.17212766 0.44980022
vt 1.0000002 1
vt 0.99695623 0.70916784
vt -0.11286631 0.4481861
vt 0 0
vt 0.23517889 0.45278448
vt 0.94060034 0.53747004
vt 0.62734348 0.82108563
vt 0.38724911 0.1677247
vt 0.94060034 0.50042635
vt 0.64029944 0.084128678
vt 0.055311039 0.41238776
vt 0.090362519 0.32558438
vt 0.61706996 0.5596391
vt 1 0.203125
vt 0.25911927 0.5364421
vt 0.25911927 0.44818616
vt 0.031933308 0.17930052
vt 2.9802322e-08 0.40625
vt 1.937151e-07 1.0000001
vt 0.46713853 0.41180012
vt 0.37915671 0.060704887
vt 0.64037836 0.10343879
vt 0.60507929 0.44773307
vt -0.0003426075 0.8920185
vt 0.65973353 0.10276884
vt 0.66886675 0.5004189
vt 0.50078785 0.5004189
vt -0.0003426075 0.2053113
vt 0.23517889 0.45278448
vt 1 0.203125
vt 0.38724923 0.83874315
vt 0.296875 0.203125
vt 1.1738343 0.44980025
vt 0.62734336 0.18572773
vt 0.34694028 0.50340712
vt 0.3829411 0.55963898
vt 0.44058365 0.15644431
vt 1.1739689 0.5004189
vt -0.51626837 0.5001356
vt 2.9802322e-08 0.40625
vt 1 0.40625
vt 0.99626094 0.44965625
vt 0.29239374 0.41028726
vt 1 0.203125
vt 0 1
vt 0.18221366 0.44980022
vt 0.61699528 0.55963898
vt 1.0304008 0.5004189
vt -4.2587519e-05 1.4901161e-07
vt 0.99999988 1.0000001
vt 5.9604645e-08 0.50457662
vt 0.75 0
vt 0.24637589 1
vt 0.54161173 0.50180167
vt 2.9802322e-08 0.40625
vt 1 0.40625
vt -0.00034284592 0.31679958
vt 0.26562184 0.5004189
vt 0.70243347 0.5004189
vt 0.6935153 0.40831453
vt 0.6666193 0.53644216
vt 2.9802322e-08 0.20292021
vt -0.12536293 0.44980022
vt 0.28604126 0.41617987
vt 0.74350238 0.90533632
vt 1.1270826 0.44980025
vt -0.14842905 0.53698963
vt -0.17212766 0.44980022
vt 0.18216002 0.5004189
vt 1.0304008 0.44980025
vt 0.59792376 0.5004189
vt 0.10766029 0.2053113
vt 2.9802322e-08 0.45278448
vt 1 0.45278448
vt 1.0879757 0.41028726
vt 0.40427282 0.44980022
vt 0.75 0.203125
vt 0.72526586 0.40624219
vt 0.74350226 0.1014771
vt 0.6666193 0.50013566
vt 0.81965113 0.44980025
vt 0.74350238 0.59975117
vt 0.54161173 0.53504556
vt 0.29943079 0.44980022
vt 0.38377619 0.50182837
vt -0.0003426075 0.12491626
vt 0.25911927 0.44818616
vt 0.065491922 0.95241892
vt 0.99695575 0.50584662
vt 2.9802322e-08 0.45278448
vt 1 0.45278448
vt 0.59421194 0.50584662
vt 0.46713853 0.44818616
vt 0.72526586 0.40624219
vt 0.2638841 -0.15544493
vt 0.18221298 0.5004189
vt 0.1488865 0.41335449
vt 0.75 0.203125
vt 0.49826211 0
vt 0.7435469 -0.1179169
vt 1.1738343 0.44980025
vt 1.0879757 0.53746992
vt 1.1739689 0.5004189
vt 1 0.45278448
vt 0.50093246 0.44980022
vt 0.99626094 0.44965625
vt 0.99999154 0.50182837
vt 0.90962636 0.32558456
vt 0.29239374 0.41028726
vt 0.40427226 0.5004189
vt 0.097634017 0.44980022
vt 1 0
vt 0.54161173 0.50180167
vt 0.80696833 0.50182837
vt 0.49595416 0.41028726
vt 0.72081113 1.0304481
vt 0.70832837 0.50042635
vt -0.028068721 0.44980022
vt -0.064693928 0.44965619
vt 0.26393265 0.92766833
vt -0.12529439 0.44980022
vt 0.28604126 0.41617987
vt -0.12524128 0.44980022
vt 0.65954733 0.10330385
vt 0.59792376 0.5004189
vt 0.26393265 0.5034402
vt 1.0304008 0.44980025
vt 1.0879757 0.41028726
vt 0.26393265 0.605129
vt 0.46713853 0.53644216
vt 0.8703686 0.5004189
vt 0.515625 0
vt 0.6666193 0.44818616
vt 0.70832837 0.44740814
vt -0.085013226 0.50182837
vt -0.0042038113 0.50041884
vt 0.29943079 0.44980022
vt -0.0003426075 0.12491626
vt 0.74350238 0.82108575
vt 0.065491922 0.95241892
vt -0.028559923 0.50041884
vt 0 0
vt 0.80696833 0.53698963
vt 0.7435025 -0.023868755
vt 0.46713853 0.44818616
vt 0.85104966 0.41335467
vt 0.12507126 0.50180167
vt 0.19685084 0.31679958
vt -0.12527227 0.50041884
vt 0.44040805 0.59975117
vt 0.99695623 0.82744312
vt 0.57220715 0.5004189
vt 0.50093246 0.44980022
vt 0 0
vt 1 -1.4901161e-07
vt 1.432532 0.41028723
vt 0.50173783 1
vt 0.92538261 0.91273218
vt -0.0003426075 0.81162339
vt 0.67908669 0.41587746
vt 0.40290177 0.028921127
vt 0.72081113 1.0304481
vt 0 0
vt 0.68883169 0.60337919
vt 1.2855051 0.41028723
vt 0.40412828 0.44980022
vt 0.26562184 0.44980022
vt 0.36075103 0.10614961
vt -0.064693928 0.44965619
vt 0.50173783 1
vt 0.26393265 0.92766833
vt 1.1270831 0.5004189
vt 0.8703686 0.44980022
vt 0.38965309 0.094890475
vt 0.80696833 0.44773307
vt 0.65954733 0.10330385
vt 0.26393265 0.5034402
vt 1.0601245 0.44965625
vt 1.0601245 0.50180167
vt 0.6667785 0.077495456
vt 0.26393265 0.605129
vt 0.50173783 1
vt 0.25895521 0
vt 0.12507126 0.44965622
vt 0.70832837 0.44740814
vt -0.028612494 0.50041884
vt 1.0304229 0.5004189
vt 0.99634755 1.1376847
vt 0.46713853 0.50013566
vt 0.90955275 0.32558456
vt 0.031859428 0.17930028
vt 0.35014802 0.5004189
vt 0.0026432574 0.062272787
vt 0.74350238 0.82108575
vt 0.7764321 0.50457662
vt -0.028559923 0.50041884
vt 0.54161173 0.44965622
vt 0.86452794 0.53504556
vt 0.2435853 0.44773307
vt 0.25895521 0
vt -0.11286631 0.5001356
vt -0.085013226 0.44773307
vt 0.7764321 0.50457662
vt 0.26393276 0.40175048
vt 0.99626094 0.50180167
vt 0.18206924 0.5004189
vt 0.055311039 0.53698963
vt 0.90415406 0.5004189
vt 0.99695563 0.18425062
vt 1.432532 0.41028723
vt 0.28604126 0.60041702
vt 0.702411 0.5004189
vt 1 0
vt 0.74073184 0.0039062798
vt 0.92538261 0.91273218
vt 0.19685084 0.70013511
vt -0.0003426075 0.81162339
vt 0.67908669 0.41587746
vt 0.26651913 0.55111891
vt 0.99999154 0.44773307
vt 0.26562184 0.44980022
vt 0.99634731 -0.12599152
vt 1.0879757 0.44740811
vt 1 0
vt 1 0.55111891
vt 1.1270831 0.5004189
vt 0.063065231 0.12491626
vt 0.99999154 0.41238776
vt 0.54125321 0.50457662
vt 0.61431968 0.12989789
vt 0.80696833 0.44773307
vt 1.1269412 0.44980025
vt 0.0026765168 0.062272877
vt 0.671875 0.40625
vt 0.35014802 0.44980022
vt 0.055311039 0.44773307
vt 0.4303773 0.065070212
vt 0.6667785 0.077495456
vt 0.26651913 0.55111891
vt -0.51626837 0.41180003
vt 1 0.55111891
vt 0.58455563 0.40175048
vt -0.028612494 0.50041884
vt 0.9999997 1.0000001
vt 0.042682454 0.50041884
vt 0.40421939 0.5004189
vt 0.99634755 1.1376847
vt 0.35014802 0.5004189
vt 0.54125321 0.50457662
vt 0.97269189 -0.027693748
vt 0.671875 0.40625
vt 1.029933 0.44980025
vt 0.26651913 0.55111891
vt 0 0.40666488
vt -0.0003426075 0.5084818
vt 0.90415424 0.5004189
vt 0.2923938 0.53747004
vt -0.3062959 0.4481861
vt -0.14842905 0.41238776
vt 0.80696833 0.41238776
vt -0.064693928 0.4158774
vt 0.40780252 0.11320239
vt 0.44058365 0.12896866
vt 0.2435853 0.44773307
vt 0.76552641 0.44980022
vt 0.26598769 0.50112545
vt 0.73406297 0.50112545
vt 0.097634017 0.5004189
vt 0.54125321 0.50457662
vt 1 1
vt 0.87807256 0.82744312
vt 0.60507929 0.50182837
vt 1.0721117 0.44980022
vt 0.99695611 1.0393867
vt 0.86452794 0.44965625
vt 0.296875 0.40625
vt 0.99695623 0.70916784
vt -0.085013226 0.41238776
vt 0.19685084 0.70013511
vt 1.197633 0.5004189
vt -0.0003426075 0.60041702
vt 1 0.40624219
vt 0.40289709 0.065516174
vt 0.64029944 0.084128678
vt 0.90415406 0.44980025
vt 0.59759194 0.44980022
vt 0.29937726 0.44980022
vt 0.99999154 0.53698963
vt 0.296875 0.40625
vt 0.53387576 0.70425111
vt 0.70832837 0.41028723
vt 1 0.55049318
vt 0.031329907 0.4481861
vt -4.2140484e-05 5.9604645e-08
vt 0.75 0.203125
vt 0.28859603 1.0597219
vt 0.81989765 0.5004189
vt 0.75 0
vt 0.61431968 0.12989789
vt 1.1269412 0.44980025
vt 1.1270607 0.44980025
vt 1 0.40624219
vt 0.34694028 0.50340712
vt 0.21419853 0
vt 0.33792275 0.92766857
vt -0.51626837 0.41180003
vt -0.51626837 0.5001356
vt -0.064693987 0.53504556
vt -0.17218041 0.44980022
vt 0.58455563 0.40175048
vt 0.74073178 0.0039062798
vt 0.60507929 0.53698963
vt 0.01846981 0.0055300049
vt 1.2950513 0.5004189
vt -0.45073235 0.5001356
vt 1 0.40624219
vt -0.0003426075 0.5084818
vt 0.64050096 0.12270868
vt 0.99626094 0.41587746
vt 0.2923938 0.53747004
vt -0.3062959 0.4481861
vt 2.9802322e-08 0.40624219
vt -0.064693928 0.4158774
vt 0.74073178 0.0039062798
vt 0.40412828 0.5004189
vt 0.70243347 0.5004189
vt 0.2435853 0.53698963
vt 0.99695599 0.30252582
vt 0.097634017 0.5004189
vt 0.515625 0
vt 1.1739471 0.44980025
vt 0.99695563 0.60337919
vt 0.28859603 -0.052968636
vt -0.12536293 0.44980022
vt 0 0.203125
vt 0.86452794 0.44965625
vt 1.2855051 0.53746992
vt 0.74350238 0.90533632
vt 1.1270826 0.44980025
vt 0.4375 0.40625
vt -0.17212766 0.44980022
vt 0.515625 0.203125
vt 0.50087911 0.44980022
vt 2.9802322e-08 0.40624219
vt 0.14010064 0.50041884
vt 0.40427282 0.44980022
vt -0.085013226 0.41238776
vt 0.29937726 0.5004189
vt 0.74350226 0.1014771
vt 0 0.203125
vt -0.00034284592 0.41618007
vt 0.40289709 0.065516174
vt 0.74350238 0.59975117
vt 0.75331122 1
vt 0.59759194 0.44980022
vt 2.9802322e-08 0.40624219
vt 0.46736509 0.5004189
vt 0.25911927 0.44818616
vt 0.031329907 0.4481861
vt 0.45874679 0.45278448
vt 0.90956366 0.32558456
vt 0.59421194 0.50584662
vt 0.28859603 1.0597219
vt 0.99995786 5.9604645e-08
vt 0.25895524 0
vt 0.75331122 1
vt 0.75331122 1
vt 0.67908669 0.53504556
vt 0.50173777 1
vt 1.0879757 0.53746992
vt 0.065822229 0.95281136
vt 0.34694028 0.50340712
vt 0.43528634 0.11320144
vt 0.43038109 0.028921127
vt 0.99626094 0.44965625
vt 0.45874679 0.45278448
vt 0.99999154 0.50182837
vt 0.25895524 0
vt 1 0
vt -0.17210627 0.50041884
vt 0.29239374 0.41028726
vt 0.36106974 0.10646677
vt 0.01846981 0.0055300049
vt 0.50173777 1
vt -0.11286631 0.41180006
vt 1.432532 0.44740814
vt 0.64050096 0.12270868
vt 0.80696833 0.50182837
vt 0.60507929 0.41238776
vt 0.24637583 1
vt 0.32316753 0.50180167
vt 0.031329907 0.41180006
vt 0.2435853 0.53698963
vt 1 0
vt 0.99695563 0.60337919
vt 1.0000002 -5.9604645e-08
vt 1.0601245 0.41587746
vt 0.28859603 -0.052968636
vt -0.12536293 0.44980022
vt 0.50173777 1
vt 1.2855051 0.53746992
vt 0.659217 0.10291141
vt -0.12524128 0.44980022
vt -0.45073235 0.41180003
vt 0.671875 0.203125
vt 1.2855051 0.50042623
vt 0.99626094 0.53504562
vt 0.87807196 0.18425062
vt 0.24637583 1
vt 1.1739689 0.5004189
vt 0.29937726 0.5004189
vt 1 0
vt 0.46713853 0.53644216
vt 0.8703686 0.5004189
vt 0.2435853 0.50182837
vt 0.61431968 0.077249527
vt 0.70228964 0.5004189
vt 0.031329907 0.5001356
vt -0.085013226 0.50182837
vt 0.99999976 -5.9604645e-08
vt 0.6666193 0.44818616
vt 0.75331116 1
vt 0.73402238 0.50112545
vt 0.67407733 0.90533632
vt 0.46736509 0.5004189
vt 1.0879757 0.50042635
vt 0.002591759 0.062272787
vt -2.3841858e-07 0.99999976
vt 0.24637583 1
vt 0.671875 0.203125
vt 0.45874679 0.40624219
vt 2.9802322e-08 0.203125
vt 0 0.203125
vt 0 0
vt 0.2638841 1.1621974
vt 0.01846981 1.0114049
vt 0.75331116 1
vt 0.50078785 0.44980022
vt 0.90417719 0.44980025
vt 0.58455575 0.60512865
vt 1.029917 0.5004189
vt 0.065822229 0.95281136
vt 0.29943013 0.5004189
vt 0.671875 0.203125
vt 0.066008426 0.95227635
vt 0.4375 0.203125
vt 0.43528634 0.11320144
vt 0.45874679 0.40624219
vt 0.54161173 0.41587746
vt 1.1270609 0.5004189
vt 0.99999154 0.50182837
vt 2.9802322e-08 0.203125
vt 0.34258366 0.060709655
vt 1 0.55049318
vt -3.5762787e-07 -5.9604645e-08
vt 0.74350238 0.40706211
vt -0.00037944317 1.0895715
vt 0.33792251 0.079084158
vt 0.36106974 0.10646677
vt 0.50004226 0.58889592
vt 0.9681406 0.18027559
vt 1 0.40666488
vt 0 0
vt 0.75331116 1
vt 0.54125321 0.55111891
vt 0.21875 0
vt 0.4375 0.203125
vt 0.40290177 0.028921127
vt 0.45874679 0.40624219
vt 0.21875 0.203125
vt 0 0.203125
vt 0.40412828 0.44980022
vt 0.36075103 0.10614961
vt 0.81965053 0.5004189
vt 1.0601245 0.41587746
vt 0.97269261 1.0393867
vt 0.54125321 0.55111891
vt 0.21875 0
vt 0.38965309 0.094890475
vt 1.0000085 5.9604645e-08
vt 1.0601245 0.44965625
vt 0.25911927 0.41180006
vt 0.49826199 0
vt -0.085013226 0.53698963
vt 1.0601245 0.50180167
vt -0.51626837 0.5364421
vt 0.14895013 0.41335449
vt 0.12507126 0.53504556
vt 0.21875 0.203125
vt 0.21419853 0.203125
vt 0.40421939 0.44980022
vt 0.8703686 0.5004189
vt 0.2435853 0.50182837
vt -0.14842905 0.44773307
vt 1.0601245 0.53504562
vt 0.4485296 0.04721576
vt 0.6666193 0.41180012
vt 0.57220715 0.44980022
vt -0.0042038113 0.50041884
vt 0.81962818 0.44980025
vt 0.67407733 0.90533632
vt 0.99733394 0.062272787
vt 1.0879757 0.50042635
vt 0.26651913 0.50457662
vt 0.99999988 8.9406967e-08
vt -0.028559923 0.50041884
vt 0.49826199 0
vt 0.54161173 0.44965622
vt 1.1920929e-07 1.0000001
vt 0.78345239 0.70916784
vt 0.40397611 0.15644813
vt 0.7764321 0.55111891
vt 0.86452794 0.53504556
vt 0.21419853 0.203125
vt 0.37915671 0.08815378
vt 0.01846981 1.0114049
vt 0.94060034 0.44740811
vt 0.78345227 0.30252582
vt 0.12507126 0.50180167
vt 0.29943013 0.5004189
vt 0.74350238 0.50340664
vt -0.085013226 0.44773307
vt 0.26651913 0.50457662
vt 1.499269 0.50042623
vt 5.9604645e-08 0.55111891
vt 0.99626094 0.50180167
vt 0.72526586 0.45278448
vt 0.7764321 0.55111891
vt 0.34258366 0.060709655
vt 1.0298796 0.44980025
vt -0.0282197 0.50041884
vt 0.90415406 0.5004189
vt 0 1
vt 0.70228964 0.44980022
vt 0.055311039 0.50182837
vt -0.3062959 0.41180006
vt 0.26393265 0.079084158
vt 0.96807694 0.17930052
vt 5.9604645e-08 0.50457662
vt 0.75 0
vt 0.67908669 0.41587746
vt 0.40290177 0.028921127
vt 0.42228514 0.17459679
vt 5.9604645e-08 0.55111891
vt 0.702411 0.44980022
vt 0.72526586 0.45278448
vt -0.028091073 0.44980022
vt 0.40412828 0.44980022
vt 0.36075103 0.10614961
vt 0.99634731 -0.12599152
vt 1.1739689 0.44980025
vt 1.0879757 0.44740811
vt 0.97269261 1.0393867
vt 0 1
vt 0.46736503 0.44980022
vt 5.9604645e-08 0.50457662
vt -0.00034284592 1.0115989
vt 0.75 0
vt 0.12507126 0.41587743
vt 0.18216005 0.44980022
vt 1.0601245 0.44965625
vt 5.9604645e-08 0.55111891
vt 1.0721117 0.5004189
vt 0.45874679 0.40624219
vt -0.085013226 0.53698963
vt 0.7435469 1.12473
vt 1.0601245 0.50180167
vt 0.40421939 0.44980022
vt 0.50087911 0.5004189
vt 0.26393265 -0.05322291
vt 1.0000001 1.0000002
vt 0.26393241 1.0599761
vt 0.097543091 0.5004189
vt 0.29239374 0.44740817
vt 0.6666193 0.41180012
vt 1.432532 0.50042623
vt -0.3062959 0.5001356
vt -0.028612494 0.50041884
vt 0.99634755 1.1376847
vt 0.35014802 0.5004189
vt 5.9604645e-08 0.50457662
vt 0.75 0
vt 0.296875 0.203125
vt 2.9802322e-08 0.45278448
vt 0.44040793 0.40706211
vt 1.029933 0.44980025
vt 0.59744745 0.5004189
vt 0.75 0.203125
vt 0.72526586 0.40624219
vt -2.9802322e-07 -5.9604645e-08
vt -0.14842905 0.41238776
vt 0.49826211 0
vt 0.23517889 0.45278448
vt 0.78345227 0.30252582
vt 0.87807256 0.82744312
vt 1 0.203125
vt 1.0721117 0.44980022
vt 0.26393265 0.83874393
vt 0.296875 0.203125
vt 0.40781161 0.076596797
vt 0.75 0.203125
vt 0.24637589 1
vt 1.0298796 0.44980025
vt 0.49826211 0
vt 1 0.40625
vt 0.70228964 0.44980022
vt 0.055311039 0.50182837
vt -0.3062959 0.41180006
vt 0.86452794 0.41587746
vt 0.25911927 0.50013566
vt 0.43528634 0.076600611
vt 1.197633 0.5004189
vt 0.296875 0.203125
vt 0.49595416 0.44740817
vt 0.81989765 0.44980025
vt 0.49595416 0.50042635
vt 0.29937726 0.44980022
vt -0.51626837 0.4481861
vt 1.2950513 0.44980025
vt 0.99999154 0.53698963
vt 0.24637589 1
vt 0.99634731 -0.12599152
vt 1.1739689 0.44980025
vt 1 0.40625
vt 0.46736503 0.44980022
vt 0.62109464 0.10360718
vt 0.12507126 0.41587743
vt 0.18216005 0.44980022
vt 1.1270607 0.44980025
vt 0.99999964 1.0000002
vt 0.29928625 0.44980022
vt 1.3419377 0.44980025
vt 1.3419377 0.5004189
vt -0.12538493 0.50041884
vt -0.17215842 0.50041884
vt 0.59759146 0.5004189
vt 0.38377619 0.44773307
vt 0.99695551 -0.027693748
vt 0.7435469 1.12473
vt 0.5338757 0.30256236
vt 1.0721117 0.5004189
vt 0.24637589 1
vt 0.99695575 0.098960996
vt 0.50087911 0.5004189
vt 0.26393265 -0.05322291
vt 0.60507929 0.53698963
vt 0.097543091 0.5004189
vt 1.0000427 -5.9604645e-08
vt 1.432532 0.50042623
vt 0.26393265 0.71542692
vt 1.2950513 0.5004189
vt 0.81962818 0.5004189
vt -0.45073235 0.5001356
vt -0.14842905 0.50182837
vt 0.26393253 0.29145283
vt 0.76552641 0.5004189
vt 0.90415424 0.5004189
vt 1 0.45278448
vt 0.74350202 0.30256236
vt 0.32316756 0.44965622
vt 0.87807256 0.82744312
vt 0.32316753 0.41587743
vt -0.3062959 0.5364421
vt 0.097687304 0.44980022
vt 0.8510499 0.41335467
vt 0.5009318 0.5004189
vt -0.45073235 0.5364421
vt 0.59744745 0.44980022
vt 0.90417653 0.5004189
vt 0.097686768 0.5004189
vt 0.48590231 0.29145283
vt -0.085013226 0.41238776
vt 0.94060034 0.41028726
vt 1.1976331 0.44980025
vt 1.197633 0.5004189
vt 0.81989765 0.44980025
vt 1 2.3841858e-07
vt 0.34258366 0.08815378
vt 0.29937726 0.44980022
vt 1.2950513 0.44980025
vt 0.1489265 0.41335449
vt 1 0
vt 0.29928625 0.5004189
vt 0.031329907 0.4481861
vt -0.17224926 0.44980022
vt 0.62109464 0.10360718
vt 0.68320894 0.5034402
vt 0.81989765 0.5004189
vt -0.17227119 0.50041884
vt 0.67908669 0.53504556
vt 1.1270607 0.44980025
vt 0.48590243 0.71542692
vt 0.29928625 0.44980022
vt 0.67908669 0.50180167
vt 0.67407715 0.1014771
vt -0.11286631 0.5364421
vt 0.66886675 0.44980022
vt 0.74350226 0.70425111
vt 0.5338757 0.30256236
vt -0.17215842 0.50041884
vt 1 0
vt 0.43038109 0.028921127
vt 0.60507929 0.53698963
vt 0.98758566 0.44980025
vt -0.17210627 0.50041884
vt -0.0003426075 0.70013523
vt 1.2950513 0.5004189
vt 0.59792376 0.44980022
vt 1.432532 0.44740814
vt -0.14842905 0.50182837
vt 1.2855051 0.44740814
vt 0.90963793 0.32558438
vt 1.0000002 0.99999976
vt -0.00037944317 -0.072636597
vt 0.74350202 0.30256236
vt 0.2435853 0.53698963
vt 0.10432041 0.81162328
vt 1.1739471 0.44980025
vt 0.98758566 0.5004189
vt 0.26590312 0.50112545
vt 1.2855051 0.53746992
vt 0.99999994 1
vt 0.18206921 0.44980022
vt 0.50087911 0.44980022
vt -0.45073235 0.5364421
vt -0.45073235 0.41180003
vt 0.14010064 0.44980022
vt 0.59744745 0.44980022
vt 1.2855051 0.50042623
vt 0.99626094 0.53504562
vt 0.74350238 0.18572773
vt -0.12521994 0.50041884
vt 0 0
vt 0.26591402 0.50112522
vt 0.70243406 0.44980022
vt 0.7435025 1.0306822
vt -0.00034284592 0.41618007
vt 0.2923938 0.50042635
vt 0.50173783 1
vt 1.0000001 0
vt 0.46736509 0.5004189
vt 1.4992688 0.41028726
vt 1 0
vt 1.499269 0.53746992
vt 0.99695575 0.40831438
vt -0.17224926 0.44980022
vt -0.0042038113 0.44980022
vt 0.67908669 0.53504556
vt 0.50173783 1
vt 0.66672039 0.12938303
vt 0.50078785 0.44980022
vt 0.72081113 -0.023634687
vt 0.90417719 0.44980025
vt 1.029917 0.5004189
vt 0.67908669 0.50180167
vt 0.066008426 0.95227635
vt 0.7764321 0.50457662
vt 1 0
vt -0.028703213 0.44980022
vt 1 0.55111891
vt 0.097543091 0.44980022
vt -0.11286631 0.4481861
vt 0.25895521 0
vt 0 0.55049318
vt 0.671875 0.40625
vt 0.26651913 0.55111891
vt 0.94060034 0.53747004
vt 0.62734348 0.82108563
vt 0.94060034 0.50042635
vt 0.7764321 0.50457662
vt 1 0.55111891
vt 0.25911927 0.5364421
vt 0.81965053 0.5004189
vt 5.9604645e-08 -1.1920929e-07
vt 0.37915671 0.060704887
vt 0.64037836 0.10343879
vt 0.25895521 0
vt 0.671875 0.40625
vt -0.0003426075 0.8920185
vt 0.65973353 0.10276884
vt 0.66886675 0.5004189
vt 0.50078785 0.5004189
vt -0.0003426075 0.2053113
vt 0.18206921 0.44980022
vt 0.74073184 0.0039062798
vt 0.7764321 0.50457662
vt 0.38724923 0.83874315
vt 0.67908669 0.44965622
vt 1.2855051 0.50042623
vt 0.62734336 0.18572773
vt 0.74350238 0.18572773
vt 0.26591361 0.50112545
vt 0.70243406 0.44980022
vt 0.37523174 0.5084818
vt 0.44058365 0.15644431
vt 0.73401189 0.50112545
vt -0.14842905 0.44773307
vt 1.0601245 0.53504562
vt 0.4485296 0.04721576
vt 0.74073184 0.0039062798
vt 0.57220715 0.44980022
vt 0.81962818 0.44980025
vt 0.26393265 0.16772509
vt 0.18221366 0.44980022
vt 1.0304008 0.5004189
vt 1.499269 0.53746992
vt 1.432532 0.53746992
vt -0.00034284592 0.31679958
vt 0.66672039 0.12938303
vt 0.50078785 0.44980022
vt 0.72081113 -0.023634687
vt 0.74073184 0.0039062798
vt 0.21419853 0
vt 0.6935153 0.40831453
vt 0.066008426 0.95227635
vt 1.499269 0.50042623
vt -0.14842905 0.53698963
vt 0.40397611 0.12896389
vt 0.18216002 0.5004189
vt 0.10766029 0.2053113
vt 0.097543091 0.44980022
vt -0.0282197 0.50041884
vt 1.1270826 0.5004189
vt 0.031899393 0.17930028
vt 0.21419853 0
vt 0.94060034 0.53747004
vt 0.42228514 0.17459679
vt 0.6666193 0.50013566
vt 0.74073178 0.0039062798
vt 0.54161173 0.53504556
vt 0.2435853 0.41238776
vt -0.028091073 0.44980022
vt 0.38377619 0.50182837
vt 0.99695575 0.50584662
vt -1.1920929e-07 1
vt 0.99996829 1.4901161e-07
vt 0.65973353 0.10276884
vt 0.042682573 0.44980022
vt -0.45073235 0.4481861
vt 1 1
vt 0.2638841 -0.15544493
vt 0.18221298 0.5004189
vt 0.38377619 0.53698963
vt 0.515625 0.203125
vt 0.7435469 -0.1179169
vt 0 0.40666488
vt 0.67908669 0.44965622
vt -0.085013226 0.53698963
vt 0.37523174 0.5084818
vt 0.296875 0.40625
vt 1.1739689 0.5004189
vt 0.40421939 0.44980022
vt 0 0.203125
vt 0.29239374 0.44740817
vt 1.0601245 0.53504562
vt 0.75 0.203125
vt 1 1
vt 0.4375 0.40625
vt 0.515625 0.203125
vt 0.75 0
vt 2.9802322e-08 0.40624219
vt 0.40427226 0.5004189
vt 1.0304008 0.5004189
vt 0.78345239 0.70916784
vt 0.70832837 0.53747004
vt 0.59744745 0.5004189
vt 0.097634017 0.44980022
vt 0.296875 0.40625
vt 0.49595416 0.41028726
vt 0 0.203125
vt 0.75331122 1
vt 0.75 0.203125
vt 0.75 0
vt 0.70832837 0.50042635
vt 0.9041543 0.44980025
vt 0.74350238 0.50340664
vt 1 0.40624219
vt -0.028068721 0.44980022
vt 0.28604126 0.41617987
vt 0.32316753 0.53504556
vt 0.25895524 0
vt 1.0304008 0.44980025
vt 0.59792376 0.5004189
vt 0.75331122 1
vt -0.00034284592 0.0053359321
vt 1.0879757 0.41028726
vt 1.1270826 0.5004189
vt 0.75 0.203125
vt 0.75 0
vt 0.14888671 0.41335449
vt 0.515625 0
vt 0.49595416 0.44740817
vt 0.031329896 0.5364421
vt 0.42228514 0.17459679
vt 0.49595416 0.50042635
vt 0.45874679 0.45278448
vt -0.51626837 0.4481861
vt 0.2435853 0.41238776
vt -0.0003426075 0.12491626
vt 0.99695575 0.50584662
vt 0.46736503 0.44980022
vt 1 -1.0011718e-07
vt 0.80696833 0.53698963
vt 0.7435025 -0.023868755
vt 0.46713853 0.44818616
vt 0.12507126 0.41587743
vt 0.2638841 -0.15544493
vt 1.3419377 0.44980025
vt 0.38377619 0.53698963
vt 1.3419377 0.5004189
vt 0.7435469 -0.1179169
vt 2.9802322e-08 0.40739876
vt 0.7435469 1.12473
vt 0.38377619 0.44773307
vt 0.19685084 0.31679958
vt -0.12527227 0.50041884
vt 0.86452794 0.50180167
vt -1.6391277e-07 1
vt 0.44040805 0.59975117
vt 0.29239374 0.44740817
vt 0.50093246 0.44980022
vt 1.432532 0.50042623
vt 0.515625 0
vt 0.26393265 0.71542692
vt 0.81962818 0.5004189
vt 0.40427226 0.5004189
vt 0.26393253 0.29145283
vt 0.70832837 0.53747004
vt 0.59744745 0.5004189
vt -2.9825605e-07 -1.1920929e-07
vt 0.72081113 1.0304481
vt 0.68883169 0.60337919
vt 1.2855051 0.41028723
vt 0.70832837 0.50042635
vt 0.9041543 0.44980025
vt 1 0.40666488
vt -0.064693928 0.44965619
vt 0.26393265 0.92766833
vt 0.26393265 0.83874393
vt 0.8703686 0.44980022
vt 0.5009318 0.5004189
vt 0.99695623 0.91273218
vt 0.32316753 0.53504556
vt 0.90417653 0.5004189
vt 0.26393265 0.5034402
vt 0.48590231 0.29145283
vt 0 0
vt -0.064693928 0.50180167
vt 0.26393265 0.605129
vt 0.14894959 0.41335467
vt 0.50173777 1
vt 0.12507126 0.44965622
vt 0.81989765 0.44980025
vt 1.0304229 0.5004189
vt 0.92538249 0.098960996
vt 0.46713853 0.50013566
vt 0.74350238 0.82108575
vt 0 0
vt 0.24637583 1
vt 0.54125321 0.55111891
vt 0.21875 0
vt 0.62109464 0.10360718
vt 0.26598829 0.50112522
vt -0.17227119 0.50041884
vt 0.296875 0.40625
vt 0.49595416 0.53747004
vt 0.48590243 0.71542692
vt 1 0.50457662
vt 0.99999994 0
vt -0.11286631 0.5364421
vt 0.99695551 -0.027693748
vt 0.21875 0.203125
vt 0.19685084 0.31679958
vt -0.11286631 0.5001356
vt -0.12527227 0.50041884
vt 0.86452794 0.50180167
vt 0.24637583 1
vt 0.44040805 0.59975117
vt 0.26393276 0.40175048
vt 0.18206924 0.5004189
vt 0.055311039 0.53698963
vt 0.98758566 0.44980025
vt -0.0003426075 0.70013523
vt 0.99695563 0.18425062
vt 1.432532 0.41028723
vt 0.28604126 0.60041702
vt 0.59792376 0.44980022
vt 0.26393253 0.29145283
vt 1 0.50457662
vt 1.2855051 0.44740814
vt 0.090362102 0.32558456
vt 0.21875 0.203125
vt 0.671875 0.203125
vt 0.21419853 0.203125
vt -0.00037944317 -0.072636597
vt 0.68883169 0.60337919
vt 1 0.203125
vt 0 0.203125
vt 0 0
vt 0.26562184 0.44980022
vt 0.75331116 1
vt 0.26651913 0.50457662
vt 0.60507929 0.44773307
vt 0.063065231 0.12491626
vt 0.99999154 0.41238776
vt 0.99695623 0.91273218
vt 0.48590231 0.29145283
vt 1.1739471 0.5004189
vt 0.35014802 0.44980022
vt 0.055311039 0.44773307
vt 0.4303773 0.065070212
vt 0.6667785 0.077495456
vt -0.064693928 0.50180167
vt 2.9802322e-08 0.203125
vt 0 0.203125
vt 0 0
vt 1 0.203125
vt 0.26651913 0.50457662
vt 0.063065231 0.89201838
vt 0.72526586 0.45278448
vt 0.042682454 0.50041884
vt 0.40421939 0.5004189
vt 0.92538249 0.098960996
vt 1.4992688 0.41028726
vt 0.46713853 0.50013566
vt 0.97269189 -0.027693748
vt 1 0.55049318
vt 1.499269 0.44740811
vt 1 0.203125
vt 0.23517889 0.40624219
vt -0.17227119 0.50041884
vt 0.80696833 0.41238776
vt 1 0.40666488
vt 0.40780252 0.11320239
vt 0.44058365 0.12896866
vt 0.48590243 0.71542692
vt 0.38377619 0.41238776
vt 0.76552641 0.44980022
vt 0.67908669 0.50180167
vt 0.72526586 0.45278448
vt 0.6666193 0.53644216
vt -0.11286631 0.5001356
vt -0.028703213 0.44980022
vt 0.26393276 0.40175048
vt 0.23517889 0.40624219
vt 0.99695623 0.70916784
vt 0.28604126 0.60041702
vt 0.19685084 0.70013511
vt 0.99999994 0.99999988
vt -0.0003426075 0.60041702
vt 0.38724911 0.1677247
vt 0.64029944 0.084128678
vt 0.055311039 0.41238776
vt 0.90415406 0.44980025
vt -0.00037944317 -0.072636597
vt 0.23517889 0.45278448
vt 0.53387576 0.70425111
vt 0.46713853 0.41180012
vt 0.60507929 0.44773307
vt -0.0003426075 0.8920185
vt 0.99999154 0.41238776
vt 0.38724923 0.83874315
vt 1.1738343 0.44980025
vt 0.23517889 0.45278448
vt 0.35014802 0.44980022
vt 0.055311039 0.44773307
vt 0.4303773 0.065070212
vt 0.96815145 0.17930052
vt -0.51626837 0.5001356
vt -0.064693987 0.53504556
vt -0.17218041 0.44980022
vt 1 0.203125
vt 0.063065231 0.89201838
vt 0.042682454 0.50041884
vt 0.40421939 0.5004189
vt 0.75 0
vt 2.9802322e-08 0.40625
vt 1 0.40625
vt 1.499269 0.53746992
vt -0.0003426075 0.5084818
vt 0.2923938 0.53747004
vt 0.54161173 0.50180167
vt -0.3062959 0.4481861
vt 0.80696833 0.41238776
vt 0 1
vt -0.00034284592 0.31679958
vt 0.26562184 0.5004189
vt -0.064693928 0.4158774
vt 0.40412828 0.5004189
vt 0.70243347 0.5004189
vt 0.66672039 0.12938303
vt 0.99695599 0.30252582
vt 0.097634017 0.5004189
vt 0.6935153 0.40831453
vt 0.6666193 0.53644216
vt 0.38377619 0.41238776
vt 0.76552641 0.44980022
vt 5.9604645e-08 0.50457662
vt 2.9802322e-08 0.40625
vt 0.75 0
vt -0.028703213 0.44980022
vt -0.14842905 0.53698963
vt 0.74350238 0.90533632
vt 1.1270826 0.44980025
vt -0.17212766 0.44980022
vt 0.72526586 0.40624219
vt 0.14010064 0.50041884
vt 0.40427282 0.44980022
vt 0.74350226 0.1014771
vt 2.9802322e-08 0.45278448
vt 0.81965113 0.44980025
vt 0.74350238 0.59975117
vt 0.64029944 0.084128678
vt 0.54161173 0.53504556
vt 0.75 0.203125
vt 0.72526586 0.40624219
vt 0.25911927 0.44818616
vt 0.49826211 0
vt 0.46713853 0.41180012
vt 0.09037298 0.32558456
vt 0.59421194 0.50584662
vt 0.28859603 1.0597219
vt 2.9802322e-08 0.45278448
vt 1 0.45278448
vt 0.99695599 0.30252582
vt 1.1738343 0.44980025
vt 0.62734336 0.18572773
vt -3.5762787e-07 -1.7881393e-07
vt 1.0879757 0.53746992
vt 0.34694028 0.50340712
vt 0.031859428 0.17930052
vt 0.72526586 0.40624219
vt 0.75 0.203125
vt 0.49826211 0
vt -0.51626837 0.5001356
vt -0.064693987 0.53504556
vt 0.99626094 0.44965625
vt 0.29239374 0.41028726
vt 0.01846981 0.0055300049
vt -0.11286631 0.41180006
vt -1.3876706e-07 1.0000002
vt 0.64050096 0.12270868
vt 0.54161173 0.50180167
vt 0.80696833 0.50182837
vt 0.60507929 0.41238776
vt -0.00034284592 0.31679958
vt 0.32316753 0.50180167
vt 0.6935153 0.40831453
vt 0.99695563 0.60337919
vt -0.028068721 0.44980022
vt 0.28859603 -0.052968636
vt -0.12536293 0.44980022
vt -0.12529439 0.44980022
vt 0.0026660562 0.062272698
vt 0.74350238 0.90533632
vt 1.1270826 0.44980025
vt 0.659217 0.10291141
vt -0.12524128 0.44980022
vt 0.59792376 0.5004189
vt 1.0304008 0.44980025
vt 0.40427282 0.44980022
vt 1.1739689 0.5004189
vt 0.46713853 0.53644216
vt 0.74350226 0.1014771
vt 0.61431968 0.077249527
vt 0.70228964 0.5004189
vt 0.031329907 0.5001356
vt 0.6666193 0.44818616
vt -0.085013226 0.50182837
vt 0.54161173 0.53504556
vt 0.29943079 0.44980022
vt 0.81965113 0.44980025
vt 0.74350238 0.59975117
vt 0.09041357 0.32558456
vt 0.065491922 0.95241892
vt 0.031900018 0.17930052
vt 0.59421194 0.50584662
vt 0.7435025 -0.023868755
vt 0.03184855 0.1802758
vt 0.2638841 1.1621974
vt 0.7435469 -0.1179169
vt 1.0879757 0.53746992
vt 0.58455575 0.60512865
vt 0.065822229 0.95281136
vt 0 0
vt 0.99695623 0.82744312
vt 0.54161173 0.41587746
vt 0.57220715 0.5004189
vt 0.99999154 0.50182837
vt 0.74350238 0.40706211
vt -0.00037944317 1.0895715
vt 0.40427226 0.5004189
vt 0.33792251 0.079084158
vt 0 0
vt -0.0003426075 0.81162339
vt 0.002676934 0.062272698
vt 0.80696833 0.50182837
vt 0.60507929 0.41238776
vt 0.72081113 1.0304481
vt -0.028068721 0.44980022
vt -0.064693928 0.44965619
vt 0.26393265 0.92766833
vt 1.1270831 0.5004189
vt -0.12529439 0.44980022
vt 0.8703686 0.44980022
vt 0 0
vt 0.38965309 0.094890475
vt 0.80696833 0.44773307
vt 0.65954733 0.10330385
vt 0.26393265 0.5034402
vt 0.25911927 0.41180006
vt 0.50173783 1
vt -0.51626837 0.5364421
vt 0.26393265 0.605129
vt 0.12507126 0.53504556
vt 0.99999994 0.40739876
vt 0.8703686 0.5004189
vt 1 1.1920929e-07
vt 0.50000817 0.58889556
vt 0.70832837 0.44740814
vt -0.085013226 0.50182837
vt 1.0304229 0.5004189
vt -0.0042038113 0.50041884
vt 1.0879757 0.50042635
vt -0.028559923 0.50041884
vt 0.25895521 0
vt 0.54161173 0.44965622
vt 0.40397611 0.15644813
vt 0.86452794 0.53504556
vt 0.7435025 -0.023868755
vt 0.2638841 1.1621974
vt 0.37915671 0.08815378
vt 0.7764321 0.50457662
vt 0.94060034 0.44740811
vt 0.12507126 0.50180167
vt 0.29943013 0.5004189
vt 0.19685084 0.31679958
vt -0.12527227 0.50041884
vt -2.3841858e-07 -1.1920929e-07
vt -0.085013226 0.44773307
vt 0.44040805 0.59975117
vt 0.25895521 0
vt 0.99626094 0.50180167
vt 0.54161173 0.41587746
vt 0.055311039 0.53698963
vt -0.00037944317 1.0895715
vt 0.90415406 0.5004189
vt 0.99695563 0.18425062
vt 0.33792251 0.079084158
vt 0.702411 0.5004189
vt 0.26393265 0.079084158
vt 0.92538261 0.91273218
vt -0.0003426075 0.81162339
vt 0.67908669 0.41587746
vt 0.40290177 0.028921127
vt 1 0
vt 0.702411 0.44980022
vt -2.3841858e-07 -1.7881393e-07
vt 0.40412828 0.44980022
vt 0.99999154 0.44773307
vt 0.26562184 0.44980022
vt 0.36075103 0.10614961
vt 1.0879757 0.44740811
vt 0.97269261 1.0393867
vt 1.1270831 0.5004189
vt 0.671875 0.40625
vt 0.8703686 0.44980022
vt 0.26651913 0.55111891
vt 3.1709671e-05 5.9604645e-08
vt 0.38965309 0.094890475
vt 0.80696833 0.44773307
vt 1 0.55111891
vt 1.0601245 0.44965625
vt 0.25911927 0.41180006
vt 1 0
vt 1.0601245 0.50180167
vt -0.51626837 0.5364421
vt 0.54125321 0.50457662
vt 0.73402256 0.50112545
vt 0.26393241 1.0599761
vt 0.671875 0.40625
vt -0.028612494 0.50041884
vt 0.26651913 0.55111891
vt 0.99634755 1.1376847
vt 0.35014802 0.5004189
vt 1 0.55111891
vt 0.44040793 0.40706211
vt 1.029933 0.44980025
vt 0.54125321 0.50457662
vt 0.86452794 0.53504556
vt -0.14842905 0.41238776
vt 0.85173291 0.41335467
vt 0.2435853 0.44773307
vt 0.671875 0.40625
vt 0.78345227 0.30252582
vt 0.26651913 0.55111891
vt -0.11286631 0.5001356
vt 0.60507929 0.50182837
vt -0.085013226 0.44773307
vt 1.0721117 0.44980022
vt 0.99695611 1.0393867
vt 0.86452794 0.44965625
vt 0.99626094 0.50180167
vt 0.26393276 0.40175048
vt 0.055311039 0.53698963
vt 1 0.203125
vt 0.54125321 0.50457662
vt 1 1
vt 0.90415406 0.5004189
vt 0.99695563 0.18425062
vt 0.70228964 0.44980022
vt 0.055311039 0.50182837
vt 0.702411 0.5004189
vt 0.19685084 0.70013511
vt 0.86452794 0.41587746
vt 0.25911927 0.50013566
vt 0.43528634 0.076600611
vt 0.90415406 0.44980025
vt 0.59759194 0.44980022
vt 0.99999154 0.53698963
vt 0.99999154 0.44773307
vt 0.53387576 0.70425111
vt 0.70832837 0.41028723
vt 0.99634731 -0.12599152
vt 1.0879757 0.44740811
vt 0.50000858 0.58889568
vt 0.21419853 0
vt -1.9744039e-07 1.0000002
vt 0.61431968 0.12989789
vt 1.1269412 0.44980025
vt 0.74073178 0.0039062798
vt 0.75 0.203125
vt 0.59759146 0.5004189
vt 0.33792275 0.92766857
vt 0 0.40666488
vt -0.51626837 0.41180003
vt -0.17218041 0.44980022
vt 0.99695575 0.098960996
vt 0.50087911 0.5004189
vt 0.58455563 0.40175048
vt 1 0.40624219
vt 0.042682454 0.50041884
vt 0.40421939 0.5004189
vt 0.21419853 0
vt -0.45073235 0.5001356
vt 0.97269189 -0.027693748
vt 0.74073178 0.0039062798
vt 1.029933 0.44980025
vt -0.0003426075 0.5084818
vt 0.031859428 0.18027559
vt 0.99626094 0.41587746
vt 0.90415424 0.5004189
vt -0.3062959 0.4481861
vt -0.14842905 0.41238776
vt 0 0.203125
vt -0.064693928 0.4158774
vt 0.40412828 0.5004189
vt 0.4375 0.40625
vt 0.87807256 0.82744312
vt 0.32316753 0.41587743
vt -0.3062959 0.5364421
vt 0.60507929 0.50182837
vt 1.0721117 0.44980022
vt 0.86452794 0.44965625
vt 0.50003201 0.58889568
vt 0.74073178 0.0039062798
vt 0.515625 0
vt 0 0.203125
vt 0.097686768 0.5004189
vt 0.14010064 0.50041884
vt 0.75331122 1
vt 2.9802322e-08 0
vt -0.085013226 0.41238776
vt 0.90960336 0.32558438
vt -1.1920929e-07 0
vt 0.4375 0.40625
vt 0.25911927 0.50013566
vt 0.515625 0.203125
vt 2.9802322e-08 0.40624219
vt 1.1976331 0.44980025
vt 1.197633 0.5004189
vt 0.40289709 0.065516174
vt 0.90415406 0.44980025
vt 0.59759194 0.44980022
vt 0.29937726 0.44980022
vt -3.1888485e-05 5.9604645e-08
vt 0.99999154 0.53698963
vt 0 0.203125
vt 0.75331122 1
vt 0.031329907 0.4481861
vt 0.4375 0.40625
vt 0.68320894 0.5034402
vt 0.28859603 1.0597219
vt 0.81989765 0.5004189
vt 0.38298088 0.55963898
vt 2.9802322e-08 0.40624219
vt 1.1270607 0.44980025
vt 0.29928625 0.44980022
vt 0.45874679 0.45278448
vt 0.99737412 0.062272787
vt -0.17215842 0.50041884
vt 0.25895524 0
vt 0.66886675 0.44980022
vt 0.33792275 0.92766857
vt 0.74350226 0.70425111
vt 0.5338757 0.30256236
vt -0.51626837 0.5001356
vt 0.43528634 0.11320144
vt 0.99695575 0.098960996
vt -0.064693987 0.53504556
vt 0.43038109 0.028921127
vt 0.60507929 0.53698963
vt 0.75331122 1
vt 0.50173777 1
vt -0.17210627 0.50041884
vt 0.01846981 0.0055300049
vt 1.2950513 0.5004189
vt 0.45874679 0.45278448
vt 1.432532 0.44740814
vt -0.14842905 0.50182837
vt 0.25895524 0
vt 1 0
vt 0.99626094 0.41587746
vt 0.0026026666 0.062272578
vt 0.50173777 1
vt 0.74350202 0.30256236
vt 0.32316753 0.50180167
vt 1 2.9802322e-08
vt 0.031329907 0.41180006
vt 0.10432041 0.81162328
vt 0.2435853 0.53698963
vt 1.1739471 0.44980025
vt 0.99695563 0.60337919
vt 0.28859603 -0.052968636
vt 1.0601245 0.41587746
vt -0.12536293 0.44980022
vt 0.98758566 0.5004189
vt 0.24637583 1
vt 1.2855051 0.53746992
vt 0.45874679 0.45278448
vt 1 0
vt 0.50087911 0.44980022
vt -0.45073235 0.5364421
vt -0.45073235 0.41180003
vt 0.14010064 0.44980022
vt 0.14010064 0.50041884
vt 0.99626094 0.53504562
vt 0.87807196 0.18425062
vt -0.12521994 0.50041884
vt 0.29937726 0.5004189
vt 0.99996829 5.9604645e-08
vt 0 0.55049318
vt 0.7435025 1.0306822
vt 0.74350226 0.1014771
vt 0.671875 0.203125
vt -0.00034284592 0.41618007
vt 0.70228964 0.5004189
vt 0.2923938 0.50042635
vt 0.031329907 0.5001356
vt 0.24637583 1
vt 1 0
vt 0.46736509 0.5004189
vt 0.26597679 0.50112545
vt 0.61698484 0.5596391
vt 0.75331116 1
vt 0.99695575 0.40831438
vt -0.17224926 0.44980022
vt 0.68320894 0.5034402
vt 0.59421194 0.50584662
vt 0.671875 0.203125
vt -0.0042038113 0.44980022
vt 0.67908669 0.53504556
vt 0.45874679 0.40624219
vt 0.90417719 0.44980025
vt 0.58455575 0.60512865
vt 1.029917 0.5004189
vt 0.065822229 0.95281136
vt 2.9802322e-08 0.203125
vt 0.74350226 0.70425111
vt 0.43528634 0.11320144
vt 0 0
vt 0.75331116 1
vt 0.43038109 0.028921127
vt 1.1270609 0.5004189
vt 0.34258366 0.060709655
vt -0.17210627 0.50041884
vt 1 0.40666488
vt 0.36106974 0.10646677
vt 0.671875 0.203125
vt -0.11286631 0.41180006
vt -0.11286631 0.4481861
vt 0.45874679 0.40624219
vt 0.4375 0.203125
vt 2.9802322e-08 0.203125
vt 0 0.203125
vt 0.090372771 0.32558456
vt 0 0
vt 0.62734348 0.82108563
vt -2.3841858e-07 -1.5366822e-07
vt 0.94060034 0.50042635
vt 0.60507929 0.41238776
vt 0 0
vt 0.75331116 1
vt 0 0.40666488
vt 0.32316753 0.50180167
vt 0.031329907 0.41180006
vt 0.54125321 0.55111891
vt 0.21875 0
vt 0.81965053 0.5004189
vt 0.4375 0.203125
vt 1.0601245 0.41587746
vt 0.45874679 0.40624219
vt 0.37915671 0.060704887
vt 0.64037836 0.10343879
vt 0.98758566 0.5004189
vt -0.0003426075 0.2053113
vt 0.99999994 0.20292021
vt -2.1327287e-07 1.0000002
vt 0.18206921 0.44980022
vt 0.659217 0.10291141
vt 2.9802322e-08 0.203125
vt -0.45073235 0.41180003
vt 0.21875 0.203125
vt 0.21419853 0.203125
vt 1.2855051 0.50042623
vt 0.99626094 0.53504562
vt 0.87807196 0.18425062
vt 0.54125321 0.55111891
vt 1.1739689 0.5004189
vt 0.21875 0
vt 0.12507126 0.53504556
vt 0.4375 0.203125
vt 0.8703686 0.5004189
vt 0.2435853 0.50182837
vt 0.61431968 0.077249527
vt 0.49826199 0
vt -0.14842905 0.44773307
vt 0.4485296 0.04721576
vt -0.085013226 0.50182837
vt 1 0.50457662
vt 0.57220715 0.44980022
vt 0.21875 0.203125
vt 0.81962818 0.44980025
vt 0.67407733 0.90533632
vt 0.21419853 0.203125
vt 0.26393265 0.16772509
vt 1.0879757 0.50042635
vt 0.18221366 0.44980022
vt 1.432532 0.53746992
vt 0.2638841 1.1621974
vt 0.37915671 0.08815378
vt 0.01846981 1.0114049
vt 0.94060034 0.44740811
vt 0.50078785 0.44980022
vt 0.90417719 0.44980025
vt 0.49826199 0
vt 0.58455575 0.60512865
vt 0.26651913 0.50457662
vt 0.7764321 0.55111891
vt 0.29943013 0.5004189
vt 0.21419853 0.203125
vt 0.066008426 0.95227635
vt 1.499269 0.50042623
vt 0.54161173 0.41587746
vt 1.1270609 0.5004189
vt 0.40397611 0.12896389
vt 0.10766029 0.2053113
vt 0.34258366 0.060709655
vt 0.097543091 0.44980022
vt 0.74350238 0.40706211
vt 1.0298796 0.44980025
vt -0.0282197 0.50041884
vt 0.26651913 0.50457662
vt 0.49826199 0
vt 0.72526586 0.45278448
vt 0.7764321 0.55111891
vt 0.40290177 0.028921127
vt 0.6666193 0.50013566
vt 0 1
vt -0.028091073 0.44980022
vt 0.38377619 0.50182837
vt 0.85103941 0.41335449
vt 0.81965053 0.5004189
vt 1.1739689 0.44980025
vt 5.9604645e-08 0.50457662
vt 0.97269261 1.0393867
vt 5.9604645e-08 0.55111891
vt 0.72526586 0.45278448
vt 0.7764321 0.55111891
vt 0.042682573 0.44980022
vt -0.45073235 0.4481861
vt -0.00034284592 1.0115989
vt 0.38965309 0.094890475
vt 0.18216005 0.44980022
vt 0.18221298 0.5004189
vt 1.0601245 0.44965625
vt 0 1
vt 1.0721117 0.5004189
vt 0.67908669 0.44965622
vt -0.085013226 0.53698963
vt -0.51626837 0.5364421
vt 0.23517889 0.40624219
vt 0.37523174 0.5084818
vt 0.12507126 0.53504556
vt 5.9604645e-08 0.50457662
vt 0.40421939 0.44980022
vt 0.75 0
vt 0.26393265 -0.05322291
vt 5.9604645e-08 0.55111891
vt 0.26393241 1.0599761
vt -0.14842905 0.44773307
vt 1.0601245 0.53504562
vt 0.4485296 0.04721576
vt 0.6666193 0.41180012
vt 0.57220715 0.44980022
vt 1 0.55049318
vt -0.3062959 0.5001356
vt 0.81962818 0.44980025
vt 0.26393265 0.16772509
vt 0.44040793 0.40706211
vt 0.23517889 0.45278448
vt 0.78345239 0.70916784
vt 0.40397611 0.15644813
vt 0.097634017 0.44980022
vt 1.432532 0.53746992
vt 1 0.203125
vt 0.49595416 0.41028726
vt 0.296875 0.203125
vt 0.94060034 0.44740811
vt 0.78345227 0.30252582
vt 0.75 0.203125
vt 0.72526586 0.40624219
vt 0.74350238 0.50340664
vt 1.499269 0.50042623
vt 0.40781161 0.076596797
vt 0.23517889 0.45278448
vt 0.40397611 0.12896389
vt 1.0298796 0.44980025
vt -0.0282197 0.50041884
vt 0.61699545 0.5596391
vt -0.00034284592 0.0053359321
vt 0.70228964 0.44980022
vt 1.1270826 0.5004189
vt -0.3062959 0.41180006
vt 1 0.203125
vt 0.296875 0.203125
vt 0.86452794 0.41587746
vt 0.24637589 1
vt 0.43528634 0.076600611
vt 2.9802322e-08 0.40625
vt 0.49826211 0
vt 0.49595416 0.44740817
vt 0.031329896 0.5364421
vt 0.42228514 0.17459679
vt 0.49595416 0.50042635
vt 0.702411 0.44980022
vt -0.51626837 0.4481861
vt 1 0.40625
vt 0.2435853 0.41238776
vt -0.028091073 0.44980022
vt 1.1739689 0.44980025
vt 1 0.203125
vt 0.296875 0.203125
vt 0.46736503 0.44980022
vt 0.80696833 0.53698963
vt 0.042682573 0.44980022
vt -0.45073235 0.4481861
vt 0.24637589 1
vt 0.12507126 0.41587743
vt 0.18216005 0.44980022
vt 1.3419377 0.44980025
vt -0.12538493 0.50041884
vt 1.3419377 0.5004189
vt 0.38377619 0.53698963
vt 1.0721117 0.5004189
vt 4.2587519e-05 -5.9604645e-08
vt 0.7435469 1.12473
vt 2.9802322e-08 0.40625
vt 0.38377619 0.44773307
vt 0.50087911 0.5004189
vt 0.26393265 -0.05322291
vt 0.26393241 1.0599761
vt 0.097543091 0.5004189
vt 0.29239374 0.44740817
vt 1.432532 0.50042623
vt -0.3062959 0.5001356
vt 0.26393265 0.71542692
vt 0.24637589 1
vt 0.81962818 0.5004189
vt 1 0.45278448
vt 0.44040793 0.40706211
vt 0.70832837 0.53747004
vt 0.76552641 0.5004189
vt 0.59744745 0.5004189
vt -0.14842905 0.41238776
vt 0.32316756 0.44965622
vt 1.2855051 0.41028723
vt 0.9041543 0.44980025
vt 0.87807256 0.82744312
vt 0.32316753 0.41587743
vt -0.3062959 0.5364421
vt 0.097687304 0.44980022
vt 0.26393265 0.83874393
vt 2.9802322e-08 0.45278448
vt 1 0.45278448
vt 0.40781161 0.076596797
vt 0.32316753 0.53504556
vt 0.5009318 0.5004189
vt 0.90417653 0.5004189
vt 0.097686768 0.5004189
vt -0.00034284592 0.0053359321
vt 0.86452794 0.41587746
vt 0.94060034 0.41028726
vt 1.1976331 0.44980025
vt 1.197633 0.5004189
vt 1 0.45278448
vt 0.49595416 0.44740817
vt 0.031329896 0.5364421
vt 0.81989765 0.44980025
vt 0.34258366 0.08815378
vt -0.51626837 0.4481861
vt 0.73408556 0.50112545
vt 1.2950513 0.44980025
vt 0.03192243 0.17930052
vt 0.29928625 0.5004189
vt 0.62109464 0.10360718
vt 1 0
vt 1.3419377 0.44980025
vt 0.49595416 0.53747004
vt 0.29928625 0.44980022
vt 1.3419377 0.5004189
vt -0.12538493 0.50041884
vt 0.67407715 0.1014771
vt -0.17215842 0.50041884
vt -0.11286631 0.5364421
vt 0.99695551 -0.027693748
vt 0.38377619 0.44773307
vt 2.9802322e-08 0.20447853
vt 0.86452794 0.50180167
vt 0.99695575 0.098960996
vt 0.98758566 0.44980025
vt 0.26393265 0.71542692
vt 1 0
vt -0.0003426075 0.70013523
vt 1.2950513 0.5004189
vt 0.59792376 0.44980022
vt 0.26393253 0.29145283
vt -0.14842905 0.50182837
vt 1.2855051 0.44740814
vt 0.2659542 0.50112545
vt 0.74350202 0.30256236
vt 0.32316756 0.44965622
vt 0.10432041 0.81162328
vt 1 0
vt 0.32316753 0.41587743
vt -0.3062959 0.5364421
vt 0.063065231 0.12491626
vt 0 0
vt 0.5009318 0.5004189
vt 0.99695623 0.91273218
vt -0.45073235 0.5364421
vt 0.14010064 0.44980022
vt 0.59744745 0.44980022
vt 0.90417653 0.5004189
vt 0.48590231 0.29145283
vt -0.12521994 0.50041884
vt 1.1739471 0.5004189
vt -0.064693928 0.50180167
vt -3.578607e-07 -5.9604645e-08
vt 0.7435025 1.0306822
vt 0.94060034 0.41028726
vt 0.2923938 0.50042635
vt 0 0
vt 0.34258366 0.08815378
vt 0.92538249 0.098960996
vt 1.4992688 0.41028726
vt 0.85108984 0.41335449
vt 0.29928625 0.5004189
vt 0.50173783 1
vt 0.99695575 0.40831438
vt -0.17224926 0.44980022
vt 1.499269 0.44740811
vt 0.68320894 0.5034402
vt -0.17227119 0.50041884
vt -0.0042038113 0.44980022
vt 0.44058365 0.12896866
vt 0.40780252 0.11320239
vt 0.67908669 0.53504556
vt 0.48590243 0.71542692
vt 0.49595416 0.53747004
vt 0.67908669 0.50180167
vt 0.67407715 0.1014771
vt -0.11286631 0.5364421
vt 0.74350226 0.70425111
vt -5.9604645e-08 0.99999988
vt 0.50173783 1
vt 0.25895521 0
vt 0.98758566 0.44980025
vt 0.99695623 0.70916784
vt -0.0003426075 0.70013523
vt 0.7764321 0.50457662
vt 1 0.55111891
vt 1.2855051 0.44740814
vt 0.94060034 0.53747004
vt -0.0003426075 0.60041702
vt 0.62734348 0.82108563
vt 0.38724911 0.1677247
vt -0.00037944317 -0.072636597
vt 0.055311039 0.41238776
vt 0.50173783 1
vt 0.25895521 0
vt 0.671875 0.40625
vt 0.10432041 0.81162328
vt 0.25911927 0.5364421
vt 0.7764321 0.50457662
vt 0.37915671 0.060704887
vt 0.60507929 0.44773307
vt 0.98758566 0.5004189
vt -0.0003426075 0.8920185
vt 0.66886675 0.5004189
vt -0.0003426075 0.2053113
vt 0.50078785 0.5004189
vt 0.18206921 0.44980022
vt 0.14010064 0.44980022
vt 0.38724923 0.83874315
vt 0.25895521 0
vt 0.74350238 0.18572773
vt 1.1739471 0.5004189
vt 0.74073184 0.0039062798
vt 0.70243406 0.44980022
vt 0.44058365 0.15644431
vt 0.7764321 0.50457662
vt 0.2923938 0.50042635
vt 0.063065231 0.89201838
vt 0.18221366 0.44980022
vt 1.499269 0.53746992
vt 0.74073184 0.0039062798
vt 1.499269 0.44740811
vt -0.0042038113 0.44980022
vt 0.26562184 0.5004189
vt 0.66672039 0.12938303
vt 0.72081113 -0.023634687
vt 0.70243347 0.5004189
vt 0.38377619 0.41238776
vt 0.6666193 0.53644216
vt -0.028703213 0.44980022
vt -0.14842905 0.53698963
vt 0.74073184 0.0039062798
vt 0.18216002 0.5004189
vt -0.17212766 0.44980022
vt 0.097543091 0.44980022
vt 0.21419853 0
vt -0.11286631 0.4481861
vt 0.94060034 0.53747004
vt 0.62734348 0.82108563
vt 0.38724911 0.1677247
vt 0.6666193 0.50013566
vt 0.055311039 0.41238776
vt -1.7881393e-07 1
vt 0.54125321 0.50457662
vt 0.38377619 0.50182837
vt 0.25911927 0.5364421
vt 0.21419853 0
vt 0.25911927 0.44818616
vt 0.99695575 0.50584662
vt 0.46713853 0.41180012
vt 0.37915671 0.060704887
vt 0.64037836 0.10343879
vt 0.74073178 0.0039062798
vt -0.0003426075 0.8920185
vt 0.65973353 0.10276884
vt 0.66886675 0.5004189
vt 0.50078785 0.5004189
vt -0.0003426075 0.2053113
vt 0.2638841 -0.15544493
vt 0.18221298 0.5004189
vt 0.38724923 0.83874315
vt 0.67908669 0.44965622
vt 1.1738343 0.44980025
vt 0.62734336 0.18572773
vt 1 1
vt 0.37523174 0.5084818
vt 0.44058365 0.15644431
vt 1.1739689 0.5004189
vt 0.515625 0.203125
vt 1.0601245 0.53504562
vt 0.99626094 0.44965625
vt 0.296875 0.40625
vt 0.29239374 0.41028726
vt 0.26393265 0.16772509
vt 0 0.203125
vt 0.18221366 0.44980022
vt 0.99733394 0.062272578
vt 0 0.55049318
vt 1.0304008 0.5004189
vt 0.49995753 0.58889592
vt 0.75 0.203125
vt 2.0861626e-07 -2.3841858e-07
vt 0.097634017 0.44980022
vt 1.432532 0.53746992
vt 1 1
vt 0.54161173 0.50180167
vt 0.515625 0.203125
vt 0.4375 0.40625
vt 1 0.40624219
vt -0.00034284592 0.31679958
vt 0.26562184 0.5004189
vt 0.75 0
vt 0.296875 0.40625
vt 0.6935153 0.40831453
vt 0.26591361 0.50112545
vt 0.75331122 1
vt 0.28604126 0.41617987
vt 0.40397611 0.12896389
vt -0.14842905 0.53698963
vt 0.18216002 0.5004189
vt 0.75 0.203125
vt 0.75 0
vt -0.12524128 0.44980022
vt 0.59792376 0.5004189
vt 1.0304008 0.44980025
vt 1 0.40624219
vt 1.1270826 0.5004189
vt 1.0879757 0.41028726
vt -2.9802322e-08 0.20292021
vt 0.296875 0.40625
vt 0.46713853 0.53644216
vt 0.42228514 0.17459679
vt 0.81965113 0.44980025
vt 0.6666193 0.44818616
vt 0.6666193 0.50013566
vt 0.54161173 0.53504556
vt 0.75 0.203125
vt 0.29943079 0.44980022
vt 0.2435853 0.41238776
vt 0.031848967 0.17930052
vt 0.75 0
vt 0.515625 0
vt -0.0003426075 0.12491626
vt 1 0.40624219
vt 0.065491922 0.95241892
vt 0.99695575 0.50584662
vt 0.80696833 0.53698963
vt 0.042682573 0.44980022
vt 0.46713853 0.44818616
vt -0.45073235 0.4481861
vt 0.2638841 -0.15544493
vt 0.18221298 0.5004189
vt 0.38377619 0.53698963
vt 0.7435469 -0.1179169
vt 0.515625 0
vt 1.1739689 0.5004189
vt 0.99695623 0.82744312
vt 0.57220715 0.5004189
vt 0.50093246 0.44980022
vt 0.99739695 0.062272787
vt 0.40427226 0.5004189
vt 0.515625 0
vt 0.097634017 0.44980022
vt 0.72081113 1.0304481
vt 0.68883169 0.60337919
vt 1.2855051 0.41028723
vt 0.70832837 0.50042635
vt 0.9041543 0.44980025
vt 2.9802322e-08 0.40624219
vt -0.028068721 0.44980022
vt -0.064693928 0.44965619
vt 0.26393265 0.92766833
vt -0.12529439 0.44980022
vt 0.28604126 0.41617987
vt 0.32316753 0.53504556
vt 1.0304008 0.44980025
vt 0.65954733 0.10330385
vt 0.59792376 0.5004189
vt 0.26393265 0.5034402
vt 0.96815103 0.17930061
vt 0 0.40666488
vt 1.0879757 0.41028726
vt 0.50173777 1
vt 0.99740756 0.062272877
vt 0.26393265 0.605129
vt 0.49595416 0.44740817
vt 0.96807718 0.17930028
vt 0 0
vt 0.12507126 0.44965622
vt 0.70832837 0.44740814
vt 1.0304229 0.5004189
vt -0.0042038113 0.50041884
vt 0.46713853 0.50013566
vt 0.25895524 0
vt 1 0.40625
vt -0.0003426075 0.12491626
vt 0.50173777 1
vt 0.74350238 0.82108575
vt 0.065491922 0.95241892
vt -0.028559923 0.50041884
vt 0.54161173 0.44965622
vt 0.21875 0
vt 0.7435025 -0.023868755
vt 0.46713853 0.44818616
vt 1.3419377 0.44980025
vt 1.3419377 0.5004189
vt 0 0
vt 0.24637583 1
vt 0.54125321 0.55111891
vt 0.12507126 0.50180167
vt 0.38377619 0.44773307
vt 0.19685084 0.31679958
vt -0.12527227 0.50041884
vt 0.86452794 0.50180167
vt 0.44040805 0.59975117
vt 0.99695623 0.82744312
vt 0.18206924 0.5004189
vt 0.57220715 0.5004189
vt 0.50093246 0.44980022
vt 1 0.50457662
vt 1.432532 0.41028723
vt 0.90963727 0.32558456
vt 0.28604126 0.60041702
vt 0.26393265 0.079084158
vt 0.24637583 1
vt 0.26393253 0.29145283
vt 0.92538261 0.91273218
vt -0.0003426075 0.81162339
vt 0.67908669 0.41587746
vt 0.75331116 1
vt 1 0.50457662
vt 0.68883169 0.60337919
vt -2.9802322e-08 0.40739876
vt 0.671875 0.203125
vt 0.26562184 0.44980022
vt 0.21419853 0.203125
vt -0.064693928 0.44965619
vt 0.26393265 0.92766833
vt 1.1270831 0.5004189
vt 0.8703686 0.44980022
vt 0.99999154 0.41238776
vt 0.99695623 0.91273218
vt 0.031933933 0.1793004
vt 2.9802322e-08 0.203125
vt 0 0.55049318
vt 0.80696833 0.44773307
vt 0 0.203125
vt 0.26393265 0.5034402
vt 0.48590231 0.29145283
vt 0.75331116 1
vt 0 0
vt 0.26651913 0.50457662
vt 0.055311039 0.44773307
vt 0.6667785 0.077495456
vt -0.064693928 0.50180167
vt 0.26393265 0.605129
vt 0.1488865 0.41335449
vt 0.45874679 0.40624219
vt 0.12507126 0.44965622
vt -0.028612494 0.50041884
vt 1.0304229 0.5004189
vt 0.99634755 1.1376847
vt 0.92538249 0.098960996
vt 0.46713853 0.50013566
vt 2.9802322e-08 0.203125
vt 0.35014802 0.5004189
vt 0 0.203125
vt 0 0
vt 1 0.203125
vt 0.72526586 0.45278448
vt 0.4375 0.203125
vt 0.44058365 0.12896866
vt 0.40780252 0.11320239
vt 0.49595416 0.53747004
vt 0.2435853 0.44773307
vt 1 0.203125
vt 0 0.203125
vt 0.23517889 0.40624219
vt 0 0
vt -0.11286631 0.5001356
vt 0.21875 0
vt 0.99695611 1.0393867
vt 0.26393276 0.40175048
vt 1 0.20292021
vt 0.18206924 0.5004189
vt 0.055311039 0.53698963
vt 0.98758566 0.44980025
vt 0.99695623 0.70916784
vt 0.99695563 0.18425062
vt 0.28604126 0.60041702
vt 0.702411 0.5004189
vt 0.19685084 0.70013511
vt 1.2855051 0.44740814
vt 0.23517889 0.40624219
vt -0.0003426075 0.60041702
vt 0.99999154 0.44773307
vt 0.26562184 0.44980022
vt 0.53387576 0.70425111
vt 0.70832837 0.41028723
vt 0.23517889 0.45278448
vt 0.99999154 0.41238776
vt 0.61431968 0.12989789
vt 0.99733377 0.062272698
vt 1.1269412 0.44980025
vt 0.35014802 0.44980022
vt 0.59759146 0.5004189
vt 0.4303773 0.065070212
vt 1 0.55049318
vt 0.055311039 0.44773307
vt 0.6667785 0.077495456
vt -0.51626837 0.41180003
vt 0.49996841 0.58889556
vt -0.17218041 0.44980022
vt 0.58455563 0.40175048
vt 0.23517889 0.45278448
vt 0.063065231 0.89201838
vt 0.7764321 0.55111891
vt 0.042682454 0.50041884
vt 0.40421939 0.5004189
vt -0.45073235 0.5001356
vt 0.97269189 -0.027693748
vt 0 1
vt 1 0.203125
vt 1.499269 0.44740811
vt -0.0003426075 0.5084818
vt 0.2923938 0.53747004
vt 0.90415424 0.5004189
vt 5.9604645e-08 0.50457662
vt -0.3062959 0.4481861
vt 0.80696833 0.41238776
vt 0.40780252 0.11320239
vt -0.064693928 0.4158774
vt 0.44058365 0.12896866
vt 5.9604645e-08 0.55111891
vt 0.40412828 0.5004189
vt 0.70243347 0.5004189
vt 0.38377619 0.41238776
vt 0.76552641 0.44980022
vt 0.097634017 0.5004189
vt 2.9802322e-08 0.40625
vt 0.60507929 0.50182837
vt 0 1
vt -0.028703213 0.44980022
vt 0.86452794 0.44965625
vt 0.99695611 1.0393867
vt 0.26590335 0.50112522
vt 5.9604645e-08 0.50457662
vt 0.75 0
vt 2.9802322e-08 0.40625
vt 5.9604645e-08 0.55111891
vt 0.40427282 0.44980022
vt 0.38294089 0.5596391
vt -0.085013226 0.41238776
vt 2.9802322e-08 0.20447853
vt 0.19685084 0.70013511
vt 0.72526586 0.40624219
vt -0.0003426075 0.60041702
vt 0.40289709 0.065516174
vt 0.74350238 0.59975117
vt 0.90415406 0.44980025
vt 0.64029944 0.084128678
vt 0.59759194 0.44980022
vt 0.75 0
vt 0.25911927 0.44818616
vt 0.53387576 0.70425111
vt 0.70832837 0.41028723
vt 0.46713853 0.41180012
vt 0.031329907 0.4481861
vt 2.9802322e-08 0.45278448
vt -0.0003426075 0.8920185
vt 0.28859603 1.0597219
vt 0.81989765 0.5004189
vt 0.72526586 0.40624219
vt 0.75 0.203125
vt 1 0.40666488
vt 1.1269412 0.44980025
vt 0.38724923 0.83874315
vt 0.49826211 0
vt 1.1738343 0.44980025
vt 0.34694028 0.50340712
vt 0.66886675 0.44980022
vt 0.33792275 0.92766857
vt -0.51626837 0.5001356
vt -0.064693987 0.53504556
vt -2.7893111e-07 -1.7881393e-07
vt -0.17218041 0.44980022
vt 0.58455563 0.40175048
vt 0.99626094 0.44965625
vt 0.296875 0.203125
vt 2.9802322e-08 0.45278448
vt 1 0.45278448
vt 0.75 0.203125
vt 0.72526586 0.40624219
vt 0.01846981 0.0055300049
vt 0.49826211 0
vt 1.432532 0.44740814
vt -0.0003426075 0.5084818
vt 0.64050096 0.12270868
vt 0.99626094 0.41587746
vt 0.2923938 0.53747004
vt 0.80696833 0.50182837
vt -0.3062959 0.4481861
vt 2.9802322e-08 0.45278448
vt -0.00034284592 0.31679958
vt -1.7881393e-07 1.0000002
vt 0.26562184 0.5004189
vt 0.40412828 0.5004189
vt -0.064693928 0.4158774
vt 0.2435853 0.53698963
vt 0.99695599 0.30252582
vt 0.097634017 0.5004189
vt 0.73409665 0.50112545
vt 0.24637589 1
vt 1.1739471 0.44980025
vt 0.99695563 0.60337919
vt 0.28859603 -0.052968636
vt -0.12536293 0.44980022
vt 0.49826211 0
vt 1.2855051 0.53746992
vt 0.74350238 0.90533632
vt 1.1270826 0.44980025
vt -0.17212766 0.44980022
vt 0.50087911 0.44980022
vt -0.12524128 0.44980022
vt 0.14010064 0.50041884
vt 0.40427282 0.44980022
vt 0.29937726 0.5004189
vt 0.74350226 0.1014771
vt -0.00034284592 0.41618007
vt 0.70228964 0.5004189
vt 0.031329907 0.5001356
vt 0.6666193 0.44818616
vt 0.81965113 0.44980025
vt 0.74350238 0.59975117
vt 0.40289709 0.065516174
vt 0.031859219 0.17930052
vt 0.46736509 0.5004189
vt 1.0000002 -1.1944212e-07
vt 0.59421194 0.50584662
vt 0.28859603 1.0597219
vt 0.090435952 0.32558456
vt 1.0000312 1.4901161e-07
vt 1.0879757 0.53746992
vt 0.065822229 0.95281136
vt 1.029917 0.5004189
vt -1.3876706e-07 1.0000002
vt 0.43528634 0.11320144
vt 0.4999682 0.58889568
vt 0 0
vt 0.99999154 0.50182837
vt -0.00037944317 1.0895715
vt 0.36106974 0.10646677
vt 0.33792251 0.079084158
vt -0.11286631 0.41180006
vt 0.64050096 0.12270868
vt 0.99999964 1
vt 0.4375 0.40625
vt 0.80696833 0.50182837
vt 0.60507929 0.41238776
vt 0 0
vt 0.32316753 0.50180167
vt 0.031329907 0.41180006
vt 0.99695563 0.60337919
vt 0.28859603 -0.052968636
vt 1.0601245 0.41587746
vt -0.12536293 0.44980022
vt -0.12529439 0.44980022
vt -1.1920929e-07 0.99999976
vt 0.09037298 0.32558438
vt 0.659217 0.10291141
vt -0.12524128 0.44980022
vt 1.000042 1.4901161e-07
vt 0.25911927 0.41180006
vt 0.87807196 0.18425062
vt 1.1739689 0.5004189
vt 0.29937726 0.5004189
vt 1 0
vt 0.46713853 0.53644216
vt 0.8703686 0.5004189
vt 8.9108944e-06 5.9604645e-08
vt 0.2435853 0.50182837
vt 0.61431968 0.077249527
vt 0.70228964 0.5004189
vt 0.031329907 0.5001356
vt -0.085013226 0.50182837
vt 0.6666193 0.44818616
vt -0.0042038113 0.50041884
vt 0.99999994 0.20292021
vt 0.67407733 0.90533632
vt 1.0879757 0.50042635
vt -0.028559923 0.50041884
vt 0.73408639 0.50112522
vt 1 0.203125
vt 0.86452794 0.53504556
vt 0.7435025 -0.023868755
vt 0.2638841 1.1621974
vt 0.37915671 0.08815378
vt 0.01846981 1.0114049
vt 0.25895521 0
vt 0.12507126 0.50180167
vt 0.58455575 0.60512865
vt 0.29943013 0.5004189
vt 0.99695623 0.82744312
vt 0.54161173 0.41587746
vt 1.1270609 0.5004189
vt 0.57220715 0.5004189
vt 0.99999154 0.50182837
vt 0.34258366 0.060709655
vt 0.74350238 0.40706211
vt -0.00037944317 1.0895715
vt 0.36106974 0.10646677
vt 0.33792251 0.079084158
vt 1 0.203125
vt 0.26393265 0.079084158
vt -3.5762787e-07 -1.7881393e-07
vt -0.0003426075 0.81162339
vt 0.09044683 0.32558456
vt 0.67908669 0.41587746
vt 0.40290177 0.028921127
vt 0.40412828 0.44980022
vt 0.36075103 0.10614961
vt 1.0879757 0.44740811
vt 0.97269261 1.0393867
vt 0.61749083 0.55963874
vt 1 0
vt -0.00034284592 1.0115989
vt 0.38965309 0.094890475
vt 0.80696833 0.44773307
vt 1.0601245 0.44965625
vt 0.25911927 0.41180006
vt -0.085013226 0.53698963
vt 1.0601245 0.50180167
vt -0.51626837 0.5364421
vt 0.26393265 0.605129
vt 0.12507126 0.53504556
vt 0.26651913 0.55111891
vt 0.40421939 0.44980022
vt 0.8703686 0.5004189
vt 0.2435853 0.50182837
vt 1 0
vt 1 0.55111891
vt -0.028612494 0.50041884
vt 0.6666193 0.41180012
vt 0.99634755 1.1376847
vt 1.0304229 0.5004189
vt -0.0042038113 0.50041884
vt 1.0879757 0.50042635
vt 0.54161173 0.44965622
vt 0.671875 0.40625
vt 0.78345239 0.70916784
vt 0.40397611 0.15644813
vt 0.26651913 0.55111891
vt 0.86452794 0.53504556
vt 0.26595357 0.50112522
vt 0.37915671 0.08815378
vt 1 0
vt 0.94060034 0.44740811
vt 1 0.55111891
vt 0.78345227 0.30252582
vt 0.12507126 0.50180167
vt 0.54125321 0.50457662
vt 0.29943013 0.5004189
vt 0.74350238 0.50340664
vt -0.085013226 0.44773307
vt 1.0721117 0.44980022
vt 0.99626094 0.50180167
vt 0.671875 0.40625
vt -2.3865141e-07 1
vt 0.26651913 0.55111891
vt 0.14831793 0.41335449
vt 1.0298796 0.44980025
vt 0.90415406 0.5004189
vt 0.99695563 0.18425062
vt 0.70228964 0.44980022
vt 0.055311039 0.50182837
vt -0.3062959 0.41180006
vt 0.702411 0.5004189
vt 0.26393265 0.079084158
vt 0.25911927 0.50013566
vt 0.54125321 0.50457662
vt 0.43528634 0.076600611
vt 0.67908669 0.41587746
vt 0.0026426315 0.062272578
vt 0.40290177 0.028921127
vt 0.49595416 0.50042635
vt 0.702411 0.44980022
vt 0.74073184 0.0039062798
vt 0.99996811 5.9604645e-08
vt 0.40412828 0.44980022
vt 0.99999154 0.44773307
vt 0.26562184 0.44980022
vt 0.99634731 -0.12599152
vt 1.1739689 0.44980025
vt 1.0879757 0.44740811
vt 0.46736503 0.44980022
vt -0.00034284592 1.0115989
vt 0.12507126 0.41587743
vt 0.18216005 0.44980022
vt 1.0721117 0.5004189
vt 0.59759146 0.5004189
vt 0.7435469 1.12473
vt 0.21419853 0
vt 0.50087911 0.5004189
vt 0.26393265 -0.05322291
vt 0.26393241 1.0599761
vt 0.74073178 0.0039062798
vt 0.097543091 0.5004189
vt -0.028612494 0.50041884
vt 0.6666193 0.41180012
vt 1.432532 0.50042623
vt -0.3062959 0.5001356
vt 0.35014802 0.5004189
vt 0.81962818 0.5004189
vt -0.45073235 0.5001356
vt 1 0.40624219
vt 0.44040793 0.40706211
vt 1.029933 0.44980025
vt 0.76552641 0.5004189
vt 0.21419853 0
vt 0.90415424 0.5004189
vt 0.99999994 0.40739876
vt -0.14842905 0.41238776
vt 0.74073178 0.0039062798
vt 1 1.1920929e-07
vt 0.87807256 0.82744312
vt 0.097687304 0.44980022
vt 0.60507929 0.50182837
vt 1.0721117 0.44980022
vt 0.26393265 0.83874393
vt 0.99695611 1.0393867
vt 0.99996829 -5.9604645e-08
vt 0.40781161 0.076596797
vt 0 0.203125
vt 0.4375 0.40625
vt 0.515625 0.203125
vt 0.097686768 0.5004189
vt 0.74073178 0.0039062798
vt 0.70228964 0.44980022
vt -0.085013226 0.41238776
vt 0.055311039 0.50182837
vt 0.86452794 0.41587746
vt 0.25911927 0.50013566
vt 0.43528634 0.076600611
vt 1.1976331 0.44980025
vt 1.197633 0.5004189
vt 0 0.203125
vt 0.90415406 0.44980025
vt 0.81989765 0.44980025
vt 0.29937726 0.44980022
vt 1 1
vt 1.2950513 0.44980025
vt 0.99999154 0.53698963
vt 0.515625 0.203125
vt 0.4375 0.40625
vt 0.99634731 -0.12599152
vt 0.70832837 0.41028723
vt 2.9802322e-08 0.40624219
vt 0.62109464 0.10360718
vt 0.81989765 0.5004189
vt 1.1269412 0.44980025
vt 1.1270607 0.44980025
vt -0.12538493 0.50041884
vt 0.29928625 0.44980022
vt 0 0.203125
vt 0.50004268 0.58889568
vt 0.75331122 1
vt -0.17215842 0.50041884
vt 0.59759146 0.5004189
vt 0.66886675 0.44980022
vt 0.99695551 -0.027693748
vt 0.33792275 0.92766857
vt 0.5338757 0.30256236
vt 0.4375 0.40625
vt 0.75 0
vt 0.99695575 0.098960996
vt 2.9802322e-08 0.40624219
vt 0.60507929 0.53698963
vt 0.097543091 0.5004189
vt 0.45874679 0.45278448
vt 0.25895524 0
vt 1.2950513 0.5004189
vt -0.45073235 0.5001356
vt 0.75331122 1
vt 0.50173777 1
vt 0.59792376 0.44980022
vt 1.432532 0.44740814
vt -0.14842905 0.50182837
vt 0.76552641 0.5004189
vt 0.99626094 0.41587746
vt 0.85111284 0.41335467
vt -0.3062959 0.4481861
vt -0.064693928 0.4158774
vt 0.74350202 0.30256236
vt 0.2435853 0.53698963
vt 0.45874679 0.45278448
vt 0.32316756 0.44965622
vt 0.25895524 0
vt 1.1739471 0.44980025
vt 0.87807256 0.82744312
vt 0.32316753 0.41587743
vt -0.3062959 0.5364421
vt 0.097687304 0.44980022
vt 0.96814013 0.17930061
vt 0.50173777 1
vt 1.2855051 0.53746992
vt 0.50087911 0.44980022
vt -0.45073235 0.5364421
vt 0.59744745 0.44980022
vt 0.097686768 0.5004189
vt 0.14010064 0.50041884
vt -0.12521994 0.50041884
vt -0.085013226 0.41238776
vt -3.1679869e-05 1.4901161e-07
vt 0.25895524 0
vt 0.45874679 0.45278448
vt 1 0
vt 0.7435025 1.0306822
vt 0.94060034 0.41028726
vt 1.1976331 0.44980025
vt -0.00034284592 0.41618007
vt 0.40289709 0.065516174
vt 1.197633 0.5004189
vt 0.61703587 0.5596391
vt 0.34258366 0.08815378
vt 0.29937726 0.44980022
vt 1.2950513 0.44980025
vt 1.4992688 0.41028726
vt 0.671875 0.203125
vt 0.29928625 0.5004189
vt 0.031329907 0.4481861
vt 0.99695575 0.40831438
vt -0.17224926 0.44980022
vt 0.68320894 0.5034402
vt 0.28859603 1.0597219
vt 0.81989765 0.5004189
vt 1 0
vt 0.67908669 0.53504556
vt 0 0
vt 1.029917 0.5004189
vt 0.67908669 0.50180167
vt 0.67407715 0.1014771
vt 0.66886675 0.44980022
vt 0.74350226 0.70425111
vt 0.5338757 0.30256236
vt -0.17215842 0.50041884
vt 0.671875 0.203125
vt 0.99999994 0.20447853
vt 0.45874679 0.40624219
vt 0.43038109 0.028921127
vt 0.60507929 0.53698963
vt 2.9802322e-08 0.203125
vt -0.17210627 0.50041884
vt 1.2950513 0.5004189
vt 0 0
vt 0.75331116 1
vt 1.432532 0.44740814
vt 0.4375 0.203125
vt 0.94060034 0.50042635
vt 0.45874679 0.40624219
vt 0.74350202 0.30256236
vt 0.32316753 0.50180167
vt 0.031329907 0.41180006
vt 2.9802322e-08 0.203125
vt 0.10432041 0.81162328
vt 0 0.55049318
vt 0 0
vt 0.98758566 0.5004189
vt 0.54125321 0.55111891
vt 0.38293064 0.5596391
vt 0.21875 0
vt 0.18206921 0.44980022
vt 0.50087911 0.44980022
vt 0.4375 0.203125
vt -0.45073235 0.41180003
vt 0.14010064 0.44980022
vt 0.59744745 0.44980022
vt 1.2855051 0.50042623
vt 0.99626094 0.53504562
vt 0.74350238 0.18572773
vt 0.87807196 0.18425062
vt -0.12521994 0.50041884
vt 0.45874679 0.40624219
vt 0.70243406 0.44980022
vt 1 0.50457662
vt 0.21875 0.203125
vt 0.7435025 1.0306822
vt 0.21419853 0.203125
vt -0.00034284592 0.41618007
vt 0.031329907 0.5001356
vt 0.2923938 0.50042635
vt 0.54125321 0.55111891
vt 0.21875 0
vt 0.46736509 0.5004189
vt 0.4375 0.203125
vt 0.49826199 0
vt 1.499269 0.53746992
vt 1 0.50457662
vt 0.99695575 0.40831438
vt -0.17224926 0.44980022
vt 0.21875 0.203125
vt 0.21419853 0.203125
vt -0.0042038113 0.44980022
vt 0.67908669 0.53504556
vt 0.21875 0
vt 0.66672039 0.12938303
vt 0.50078785 0.44980022
vt 0.72081113 -0.023634687
vt 1.0000002 -5.9604645e-08
vt 0.90417719 0.44980025
vt 1.029917 0.5004189
vt 1.0000001 5.9604645e-08
vt 0.066008426 0.95227635
vt 0.26651913 0.50457662
vt 0.49826199 0
vt 1.1270609 0.5004189
vt 0.21875 0.203125
vt 0.72526586 0.45278448
vt 0.10766029 0.2053113
vt 0.7764321 0.55111891
vt 0.097543091 0.44980022
vt 0.36106974 0.10646677
vt -0.0282197 0.50041884
vt 0.7340973 0.50112522
vt 0.21419853 0.203125
vt -0.11286631 0.4481861
vt 1 0.203125
vt 0.94060034 0.53747004
vt 0.62734348 0.82108563
vt 0.26651913 0.50457662
vt 0.94060034 0.50042635
vt 0.49826199 0
vt 0.72526586 0.45278448
vt 0.7764321 0.55111891
vt 0.38377619 0.50182837
vt 0.25911927 0.5364421
vt 0.81965053 0.5004189
vt 0 1
vt 0.37915671 0.060704887
vt 0.64037836 0.10343879
vt 0.66886675 0.5004189
vt 0.65973353 0.10276884
vt -0.0003426075 0.2053113
vt 0.50078785 0.5004189
vt 0.18206921 0.44980022
vt 0.23517889 0.40624219
vt 5.9604645e-08 0.50457662
vt 1.2855051 0.50042623
vt 0.67908669 0.44965622
vt 5.9604645e-08 0.55111891
vt 0.62734336 0.18572773
vt -0.085013226 0.53698963
vt 0.72526586 0.45278448
vt 0.7764321 0.55111891
vt 0.37523174 0.5084818
vt 0.44058365 0.15644431
vt 0.12507126 0.53504556
vt 0 1
vt -0.14842905 0.44773307
vt 1.0601245 0.53504562
vt 0.4485296 0.04721576
vt 0.23517889 0.45278448
vt 0.57220715 0.44980022
vt 0.23517889 0.40624219
vt 0.81962818 0.44980025
vt 5.9604645e-08 0.50457662
vt 0.26393265 0.16772509
vt 1.0879757 0.50042635
vt 0.18221366 0.44980022
vt 5.9604645e-08 0.55111891
vt 1.0304008 0.5004189
vt 0.78345239 0.70916784
vt 1.432532 0.53746992
vt 0.49595416 0.41028726
vt 0.37915671 0.08815378
vt 0.94060034 0.44740811
vt 0.72081113 -0.023634687
vt 0.23517889 0.45278448
vt 0.74350238 0.50340664
vt 1 0.203125
vt 1.499269 0.50042623
vt 0.40397611 0.12896389
vt 0.18216002 0.5004189
vt 0.10766029 0.2053113
vt 1.0298796 0.44980025
vt -0.0282197 0.50041884
vt -0.00034284592 0.0053359321
vt 1.1270826 0.5004189
vt 0.23517889 0.45278448
vt 0.09037286 0.32558456
vt 1 0.203125
vt 0.031329896 0.5364421
vt 0.42228514 0.17459679
vt 0.6666193 0.50013566
vt 0.49595416 0.50042635
vt 0.61699528 0.5596391
vt -0.51626837 0.4481861
vt 0.29943079 0.44980022
vt 0.2435853 0.41238776
vt -0.028091073 0.44980022
vt 0.38377619 0.50182837
vt 2.9802322e-08 0.40625
vt 0.99695575 0.50584662
vt 1 0.40625
vt 0.80696833 0.53698963
vt 0.042682573 0.44980022
vt -0.45073235 0.4481861
vt -0.00034284592 1.0115989
vt 1 0.55049318
vt 0.2638841 -0.15544493
vt 0.38377619 0.53698963
vt 0.18221298 0.5004189
vt 0.65973353 0.10276884
vt 0.7435469 -0.1179169
vt 1.0721117 0.5004189
vt 0.0026655495 0.062272787
vt 0.26597744 0.50112522
vt 1 0.203125
vt 0.296875 0.203125
vt 0.37523174 0.5084818
vt 0.24637589 1
vt 1.1739689 0.5004189
vt 0.40421939 0.44980022
vt 2.9802322e-08 0.40625
vt 0.26393265 -0.05322291
vt 1 0.40625
vt 0.29239374 0.44740817
vt 1.0601245 0.53504562
vt -0.3062959 0.5001356
vt 0.40427226 0.5004189
vt 1.0304008 0.5004189
vt 0.70832837 0.53747004
vt 0.59744745 0.5004189
vt -2.9802322e-08 0.20447853
vt 0.097634017 0.44980022
vt 0.24637589 1
vt 1 0.40625
vt 0.49595416 0.41028726
vt 1 0.45278448
vt 0.72081113 1.0304481
vt 1.2855051 0.41028723
vt 0.70832837 0.50042635
vt 0.9041543 0.44980025
vt 0.26393265 0.83874393
vt 0.40781161 0.076596797
vt 0.28604126 0.41617987
vt 0.32316753 0.53504556
vt 0.65954733 0.10330385
vt 0.90417653 0.5004189
vt 2.9802322e-08 0.45278448
vt -0.00034284592 0.0053359321
vt 1.0879757 0.41028726
vt 0.70228964 0.44980022
vt 1 0.45278448
vt 0.99999982 0.99999982
vt 0.86452794 0.41587746
vt 0.75 0.203125
vt 0.43528634 0.076600611
vt 0.49595416 0.44740817
vt 0.031329896 0.5364421
vt 0.70832837 0.44740814
vt 0.49595416 0.50042635
vt -0.51626837 0.4481861
vt 0.2435853 0.41238776
vt 1 0.20447853
vt -0.0003426075 0.12491626
vt 1 0.45278448
vt 0.74350238 0.82108575
vt 0.62109464 0.10360718
vt 0.80696833 0.53698963
vt 0.46713853 0.44818616
vt 0.14896059 0.41335467
vt 1.3419377 0.44980025
vt -0.12538493 0.50041884
vt 1.3419377 0.5004189
vt 0.38377619 0.53698963
vt 0.73401231 0.50112522
vt 0.38377619 0.44773307
vt 0.99695551 -0.027693748
vt 1 0
vt 0.19685084 0.31679958
vt -0.12527227 0.50041884
vt 0.86452794 0.50180167
vt 0.44040805 0.59975117
vt 0.99733394 0.062272877
vt 0.097543091 0.5004189
vt 0.50093246 0.44980022
vt 0.85104966 0.41335449
vt 0.26393265 0.71542692
vt -0.0003426075 0.70013523
vt 0.81962818 0.5004189
vt 1.432532 0.41028723
vt 0.26393253 0.29145283
vt 0.92538261 0.91273218
vt 0.70832837 0.53747004
vt 0.76552641 0.5004189
vt 0.59744745 0.5004189
vt 1 0
vt 0.68883169 0.60337919
vt 0.32316756 0.44965622
vt 1.2855051 0.41028723
vt 0.70832837 0.50042635
vt 0.9041543 0.44980025
vt 0.32316753 0.41587743
vt 0.097687304 0.44980022
vt 0.26393265 0.83874393
vt 0.063065231 0.12491626
vt 0.5009318 0.5004189
vt 0.99695623 0.91273218
vt 1 0
vt 0.90417653 0.5004189
vt 0.097686768 0.5004189
vt 0.48590231 0.29145283
vt 1.1739471 0.5004189
vt 0 0
vt -3.1888485e-05 -5.9604645e-08
vt -0.064693928 0.50180167
vt 0.49996799 0.58889568
vt 0.94060034 0.41028726
vt 0.38294089 0.55963898
vt 0.12507126 0.44965622
vt 0.34258366 0.08815378
vt 0.92538249 0.098960996
vt 0.46713853 0.50013566
vt 1.4992688 0.41028726
vt 0.29928625 0.5004189
vt 0.74350238 0.82108575
vt 0 0
vt 0.90955293 0.32558438
vt -0.17227119 0.50041884
vt 0.49595416 0.53747004
vt 0.48590243 0.71542692
vt 0.2435853 0.44773307
vt 0.50173783 1
vt 0.67908669 0.50180167
vt 0.67407715 0.1014771
vt -0.11286631 0.5364421
vt 0.002592206 0.062272698
vt -0.11286631 0.5001356
vt 0.26393276 0.40175048
vt 0.18206924 0.5004189
vt 0.98758566 0.44980025
vt 0.99695623 0.70916784
vt -0.0003426075 0.70013523
vt 1.432532 0.41028723
vt 0.50173783 1
vt 0.28604126 0.60041702
vt 0.59792376 0.44980022
vt 0.26393253 0.29145283
vt 1.2855051 0.44740814
vt 0.031923056 0.18027559
vt 0.38724911 0.1677247
vt -0.00037944317 -0.072636597
vt 0.055311039 0.41238776
vt 0.7764321 0.50457662
vt 0.50173783 1
vt 0.60507929 0.44773307
vt 0.25895521 0
vt 0.063065231 0.12491626
vt 0.99999154 0.41238776
vt 0.99695623 0.91273218
vt 0.61431968 0.12989789
vt 0.59744745 0.44980022
vt 0.7764321 0.50457662
vt 0.48590231 0.29145283
vt 1.1739471 0.5004189
vt 0.35014802 0.44980022
vt 0.055311039 0.44773307
vt 0.4303773 0.065070212
vt 0.6667785 0.077495456
vt -0.064693928 0.50180167
vt -0.51626837 0.41180003
vt 0.2923938 0.50042635
vt 0.25895521 0
vt 0.74073184 0.0039062798
vt 0.063065231 0.89201838
vt 0.042682454 0.50041884
vt 0.40421939 0.5004189
vt 0.92538249 0.098960996
vt 1.4992688 0.41028726
vt 0.97269189 -0.027693748
vt 0.7764321 0.50457662
vt 1.499269 0.53746992
vt 0.99999946 -1.1920929e-07
vt 1.499269 0.44740811
vt -0.0042038113 0.44980022
vt 0.80696833 0.41238776
vt 0.40780252 0.11320239
vt 0.44058365 0.12896866
vt 1.0000001 1.0000002
vt 0.70243347 0.5004189
vt 0.38377619 0.41238776
vt 0.76552641 0.44980022
vt 0.74073184 0.0039062798
vt 0.6666193 0.53644216
vt -0.028703213 0.44980022
vt -3.5762787e-07 1
vt 0.99695623 0.70916784
vt 0.74073184 0.0039062798
vt 0.54125321 0.50457662
vt 0.94060034 0.53747004
vt -0.0003426075 0.60041702
vt 0.38724911 0.1677247
vt 0.64029944 0.084128678
vt 0.055311039 0.41238776
vt 0.26651913 0.55111891
vt 0.25911927 0.5364421
vt 0.25911927 0.44818616
vt 1 0.55111891
vt 0.46713853 0.41180012
vt 0.37915671 0.060704887
vt 0.60507929 0.44773307
vt -0.0003426075 0.8920185
vt 0.66886675 0.5004189
vt 0.54125321 0.50457662
vt 0.50078785 0.5004189
vt 0.38724923 0.83874315
vt 1.1738343 0.44980025
vt 0.62734336 0.18572773
vt 0.671875 0.40625
vt 0.34694028 0.50340712
vt 0.35014802 0.44980022
vt 0.4303773 0.065070212
vt 0.44058365 0.15644431
vt -0.51626837 0.5001356
vt -0.064693987 0.53504556
vt 0.99626094 0.44965625
vt 0.063065231 0.89201838
vt 0.54125321 0.50457662
vt 1 1
vt 0.29239374 0.41028726
vt 0.01846981 0.0055300049
vt 0.515625 0.203125
vt 1.499269 0.53746992
vt 0.2923938 0.53747004
vt 0.296875 0.40625
vt 0.54161173 0.50180167
vt 0.80696833 0.41238776
vt -0.00034284592 0.31679958
vt 0.26562184 0.5004189
vt 0.66672039 0.12938303
vt 0.70243347 0.5004189
vt 0.75 0.203125
vt 0.99695599 0.30252582
vt 0.097634017 0.5004189
vt 0.6935153 0.40831453
vt 0.6666193 0.53644216
vt 1 1
vt 0.515625 0.203125
vt 1 0.40624219
vt 0.75 0
vt -0.028703213 0.44980022
vt -0.14842905 0.53698963
vt 0.74350238 0.90533632
vt 1.1270826 0.44980025
vt 0.18216002 0.5004189
vt -0.17212766 0.44980022
vt 0.96806628 0.18027571
vt 1.0304008 0.44980025
vt 0.296875 0.40625
vt 0.40427282 0.44980022
vt 0.75 0.203125
vt 1 1
vt 0.75 0
vt 1.0000002 -1.1920929e-07
vt 0.74350226 0.1014771
vt 1 0.40624219
vt 0.81965113 0.44980025
vt 0.74350238 0.59975117
vt 0.64029944 0.084128678
vt 0.54161173 0.53504556
vt 0.29943079 0.44980022
vt 0.296875 0.40625
vt 0.25911927 0.44818616
vt 0.065491922 0.95241892
vt 0.99695575 0.50584662
vt 0.75 0.203125
vt 0.59421194 0.50584662
vt 0.75 0
vt 0.515625 0
vt 0.18221298 0.5004189
vt 1 0.40624219
vt 0.7435469 -0.1179169
vt 1.1738343 0.44980025
vt 1.0879757 0.53746992
vt 0.065822229 0.95281136
vt 0.34694028 0.50340712
vt 1.1739689 0.5004189
vt 0.99626094 0.44965625
vt 0.515625 0
vt 0.29239374 0.41028726
vt 0.3829813 0.55963898
vt 0.40427226 0.5004189
vt -0.11286631 0.41180006
vt 4.2170286e-05 1.4901161e-07
vt 1.0304008 0.5004189
vt 0.090447247 0.32558438
vt 0.64050096 0.12270868
vt 2.9802322e-08 0.40624219
vt 0.54161173 0.50180167
vt 0.80696833 0.50182837
vt 0.60507929 0.41238776
vt 0.72081113 1.0304481
vt 0.515625 0
vt 0.6935153 0.40831453
vt -0.028068721 0.44980022
vt 0.99732304 0.062272787
vt 0.26393265 0.92766833
vt -0.12529439 0.44980022
vt 0.28604126 0.41617987
vt 0.74350238 0.90533632
vt 1.1270826 0.44980025
vt 2.9802322e-08 0.40624219
vt 0.659217 0.10291141
vt 0.65954733 0.10330385
vt -0.12524128 0.44980022
vt 0.59792376 0.5004189
vt 1.0304008 0.44980025
vt 1.0879757 0.41028726
vt 1.1739689 0.5004189
vt 0.14887604 0.41335449
vt 0.25895524 0
vt 0.46713853 0.53644216
vt 0.75331122 1
vt 0.50173777 1
vt 0.61431968 0.077249527
vt 0.6666193 0.44818616
vt 0.70832837 0.44740814
vt -0.085013226 0.50182837
vt 0.29943079 0.44980022
vt 0.2435853 0.41238776
vt 0.67407733 0.90533632
vt -0.0003426075 0.12491626
vt 0.065491922 0.95241892
vt -0.028559923 0.50041884
vt 0 0
vt 0.25895524 0
vt 0.7435025 -0.023868755
vt 0.46713853 0.44818616
vt 0.2638841 1.1621974
vt 0.50173777 1
vt 0.01846981 1.0114049
vt 0.7435469 -0.1179169
vt 0.85112441 0.41335449
vt 0.44040805 0.59975117
vt 0.99695623 0.82744312
vt 0.54161173 0.41587746
vt 0.57220715 0.5004189
vt 0.50093246 0.44980022
vt 0.99999154 0.50182837
vt 1 0
vt 0.74350238 0.40706211
vt -0.00037944317 1.0895715
vt 0.24637583 1
vt 0.33792251 0.079084158
vt 0.99732351 0.062272698
vt 0.75 0
vt 0.92538261 0.91273218
vt -0.0003426075 0.81162339
vt 1 0.50457662
vt 0.671875 0.203125
vt 0.24637583 1
vt 0.72081113 1.0304481
vt 8.2850456e-06 -1.4901161e-07
vt 0.68883169 0.60337919
vt 1 0
vt 1.2855051 0.41028723
vt 0.70832837 0.50042635
vt 0.36075103 0.10614961
vt -0.028068721 0.44980022
vt -0.064693928 0.44965619
vt 0.97269261 1.0393867
vt 0.26393265 0.92766833
vt 1.1270831 0.5004189
vt -0.12529439 0.44980022
vt 0.8703686 0.44980022
vt 1 0.50457662
vt 0.75331116 1
vt 0.38965309 0.094890475
vt 0.80696833 0.44773307
vt 0.65954733 0.10330385
vt 0.671875 0.203125
vt 0.26393265 0.5034402
vt 1.0601245 0.44965625
vt 0.25911927 0.41180006
vt 0.24637583 1
vt 0.45874679 0.40624219
vt 1.0601245 0.50180167
vt -0.51626837 0.5364421
vt 0.26393265 0.605129
vt 0.26591381 0.50112545
vt 2.9802322e-08 0.203125
vt 0 0.203125
vt 0 0
vt 1 0.203125
vt 0.75331116 1
vt 0.12507126 0.44965622
vt 0.70832837 0.44740814
vt 1.0304229 0.5004189
vt -0.0042038113 0.50041884
vt 0.99634755 1.1376847
vt 0.74350238 0.82108575
vt 0.45874679 0.40624219
vt -0.028559923 0.50041884
vt 0.54161173 0.44965622
vt 0.40397611 0.15644813
vt 2.9802322e-08 0.203125
vt 0 0.203125
vt 0.86452794 0.53504556
vt 1 0.203125
vt 0 0
vt 0.75331116 1
vt 0.21875 0
vt 0.2435853 0.44773307
vt 0.78345227 0.30252582
vt 0.12507126 0.50180167
vt 0.72526586 0.45278448
vt 0.19685084 0.31679958
vt 0.4375 0.203125
vt -0.085013226 0.44773307
vt 0.44040805 0.59975117
vt 0.26393276 0.40175048
vt 0.99626094 0.50180167
vt 0.18206924 0.5004189
vt 0.055311039 0.53698963
vt 0.61705911 0.55963898
vt 0 0.203125
vt 1 0.203125
vt 0.23517889 0.40624219
vt 0 0
vt 0.90415406 0.5004189
vt 0.99695563 0.18425062
vt 1.432532 0.41028723
vt 0.28604126 0.60041702
vt 0.702411 0.5004189
vt -0.3062959 0.41180006
vt 0.26393265 0.079084158
vt 0.92538261 0.91273218
vt -0.0003426075 0.81162339
vt 0.85103917 0.41335467
vt 0.54125321 0.55111891
vt 0.67908669 0.41587746
vt 0.702411 0.44980022
vt 0.23517889 0.40624219
vt 0.40412828 0.44980022
vt 0.99999154 0.44773307
vt 0.26562184 0.44980022
vt 0.36075103 0.10614961
vt 1.0879757 0.44740811
vt 1.1270831 0.5004189
vt 0.99695623 0.91273218
vt 0.61431968 0.12989789
vt 0.80696833 0.44773307
vt 0.49826199 0
vt 0.23517889 0.45278448
vt 1.0601245 0.50180167
vt 0.6667785 0.077495456
vt -0.51626837 0.41180003
vt 0.50087911 0.5004189
vt 0.58455563 0.40175048
vt -0.028612494 0.50041884
vt 0.40421939 0.5004189
vt 0.99634755 1.1376847
vt 0.35014802 0.5004189
vt 0.26651913 0.50457662
vt 0.97269189 -0.027693748
vt 5.9604645e-08 0.55111891
vt 1.029933 0.44980025
vt 0.7764321 0.55111891
vt 1.0000002 0.99999994
vt 0.90415424 0.5004189
vt -0.14842905 0.41238776
vt 0 1
vt 0.2435853 0.44773307
vt 0.38250855 0.55963898
vt 0.3830156 0.55963898
vt 5.9604645e-08 0.50457662
vt 0.75 0
vt -0.11286631 0.5001356
vt 0.60507929 0.50182837
vt 0.4999682 0.58889568
vt 1.0721117 0.44980022
vt 0.99695611 1.0393867
vt 0.86452794 0.44965625
vt 0.99626094 0.50180167
vt 0.26393276 0.40175048
vt 5.9604645e-08 0.55111891
vt 2.9802322e-08 0.40625
vt 0 1
vt 0.055311039 0.50182837
vt 0.702411 0.5004189
vt 0.19685084 0.70013511
vt 0.25911927 0.50013566
vt 5.9604645e-08 0.50457662
vt 0.75 0
vt -0.0003426075 0.60041702
vt 5.9604645e-08 0.55111891
vt 0.90415406 0.44980025
vt 0.59759194 0.44980022
vt 0.99999154 0.53698963
vt 0.99999154 0.44773307
vt 0.53387576 0.70425111
vt 0.70832837 0.41028723
vt 0.99634731 -0.12599152
vt 0.75 0
vt 1.0000002 -2.3841858e-07
vt 0.61431968 0.12989789
vt 1.1269412 0.44980025
vt 1.1270607 0.44980025
vt 2.9802322e-08 0.45278448
vt 0.29928625 0.44980022
vt 0.002602458 0.062272698
vt 0.59759146 0.5004189
vt 0.4303773 0.065070212
vt 0.33792275 0.92766857
vt 0.72526586 0.40624219
vt 0.75 0.203125
vt -0.51626837 0.41180003
vt 0.49826211 0
vt -0.064693987 0.53504556
vt 0.99695575 0.098960996
vt -0.17218041 0.44980022
vt 0.58455563 0.40175048
vt 0.063065231 0.89201838
vt 0.042682454 0.50041884
vt 0.01846981 0.0055300049
vt -0.45073235 0.5001356
vt 0.296875 0.203125
vt 2.9802322e-08 0.45278448
vt 1.029933 0.44980025
vt -0.14842905 0.50182837
vt -0.0003426075 0.5084818
vt 0.2923938 0.53747004
vt 0.99626094 0.41587746
vt 0.90415424 0.5004189
vt -0.3062959 0.4481861
vt 0.72526586 0.40624219
vt 0.75 0.203125
vt -0.064693928 0.4158774
vt 0.49826211 0
vt 0.40412828 0.5004189
vt 0.2435853 0.53698963
vt 0.99695599 0.30252582
vt 0.097634017 0.5004189
vt 1.1739471 0.44980025
vt 0.60507929 0.50182837
vt 0.296875 0.203125
vt 0.86452794 0.44965625
vt 1.2855051 0.53746992
vt 0.75 0.203125
vt 0.24637589 1
vt -0.45073235 0.5364421
vt 0.49826211 0
vt 1 0.40625
vt 0.14010064 0.50041884
vt -0.085013226 0.41238776
vt 0.29937726 0.5004189
vt 0.14887583 0.41335467
vn 1 0 0
vn 1 0 0
vn 1 0 0
vn 1 0 0
vn 1 0 0
vn 1 0 0
vn 1 0 0
vn 1 0 0
vn 0 1 0
vn 0 1 0
vn 0 1 0
vn 0 1 0
vn 0 0 1
vn 0 0 1
vn 0 0 1
vn 0 0 1
vn 0 1 0
vn 0 1 0
vn 0 1 0
vn 0 1 0
vn 0 1 0
vn 0 1 0
vn 0 1 0
vn 0 1 0
vn 0 1 0
vn 0 1 0
vn 0 1 0
vn 0 1 0
vn -1 0 0
vn -1 0 0
vn -1 0 0
vn -1 0 0
vn 0 1 0
vn 0 1 0
vn 0 1 0
vn 0 1 0
vn 0 1 0
vn 0 1 0
vn 0 1 0
vn 0 1 0
vn 0 0 -1
vn 0 0 -1
vn 0 0 -1
vn 0 0 -1
vn 1 0 0
vn 1 0 0
vn 1 0 0
vn 1 0 0
vn 0 0 -1
vn 0 0 -1
vn 0 0 -1
vn 0 0 -1
vn 0 1 0
vn 0 1 0
vn 0 1 0
vn 0 1 0
vn -1 0 0
vn -1 0 0
vn -1 0 0
vn -1 0 0
vn 0 1 0
vn 0 1 0
vn 0 1 0
vn 0 1 0
vn 0 -1 0
vn 0 -1 0
vn 0 -1 0
vn 0 -1 0
vn 0 0 1
vn 0 0 1
vn 0 0 1
vn 0 0 1
vn 0 0 1
vn 0 0 1
vn 0 0 1
vn 0 0 1
vn -1 0 0
vn -1 0 0
vn -1 0 0
vn -1 0 0
vn 0 1 0
vn 0 1 0
vn 0 1 0
vn 0 1 0
vn 1 0 0
vn 1 0 0
vn 1 0 0
vn 1 0 0
vn -1 0 0
vn -1 0 0
vn -1 0 0
vn -1 0 0
vn 0 1 0
vn 0 1 0
vn 0 1 0
vn 0 1 0
vn 0 0 -1
vn 0 0 -1
vn 0 0 -1
vn 0 0 -1
vn 0 -1 0
vn 0 -1 0
vn 0 -1 0
vn 0 -1 0
vn 0 1 0
vn 0 1 0
vn 0 1 0
vn 0 1 0
vn 0 -1 0
vn 0 -1 0
vn 0 -1 0
vn 0 -1 0
vn -1 0 0
vn -1 0 0
vn -1 0 0
vn -1 0 0
vn 0 1 0
vn 0 1 0
vn 0 1 0
vn 0 1 0
vn 0.34727782 -0.93776232 0
vn -0.00049524999 -0.99999982 0
vn -0.00049563131 -0.99999988 -5.161318e-09
vn 0.34727776 -0.9377622 5.5421836e-08
vn -4.1451727e-07 -0.9545604 -0.29801735
vn -1.5849049e-07 -0.87079543 -0.49164534
vn 4.9723255e-08 -0.85065007 -0.52573222
vn -2.1935396e-07 -0.93788511 -0.346946
vn -1.5849049e-07 -0.87079543 -0.49164534
vn 7.4107055e-07 -0.7302587 -0.68317068
vn 3.8467471e-07 -0.68721521 -0.72645384
vn 4.9723255e-08 -0.85065007 -0.52573222
vn 7.4107055e-07 -0.7302587 -0.68317068
vn 0.00037955859 -0.49024159 -0.87158656
vn 0.00077685446 -0.46619186 -0.88468331
vn 3.8467471e-07 -0.68721521 -0.72645384
vn 0.00037955859 -0.49024159 -0.87158656
vn 0.0016708478 -0.31768888 -0.94819349
vn 7.3653309e-06 -0.30541083 -0.95222062
vn 0.00077685446 -0.46619186 -0.88468331
vn 0.0016708478 -0.31768888 -0.94819349
vn -0.0059340661 -0.13207243 -0.99122232
vn 7.3653309e-06 -0.30541083 -0.95222062
vn 0 -1 1.1511882e-07
vn 1.2869732e-07 -0.95456046 0.2980175
vn 1.2189162e-07 -0.93788481 0.34694663
vn 0 -1 -3.3246317e-07
vn 0.49164572 -0.87079531 3.4912185e-07
vn 0.52573246 -0.85064995 1.2137143e-07
vn 0.7264539 -0.68721521 0
vn 0.68317097 -0.73025846 0
vn 0.68317097 -0.73025846 0
vn 0.7264539 -0.68721521 0
vn 0.88448316 -0.46657214 -1.1025352e-07
vn 0.87155306 -0.4903011 -1.6255356e-07
vn 0.87155306 -0.4903011 -1.6255356e-07
vn 0.88448316 -0.46657214 -1.1025352e-07
vn 0.95143712 -0.30784312 -2.9025466e-06
vn 0.94743907 -0.31993625 -4.846605e-06
vn 0.94743907 -0.31993625 -4.846605e-06
vn 0.95143712 -0.30784312 -2.9025466e-06
vn 0.99155492 -0.12968731 -8.0858814e-07
vn 0 -0.93788505 -0.34694633
vn 0 -0.85130388 -0.52467304
vn 4.8761063e-08 -0.85130394 -0.52467299
vn -1.2189147e-07 -0.93788505 -0.3469463
vn 0 -1 9.5827613e-07
vn -1.3216967e-06 -0.93788505 0.34694618
vn -3.44352e-07 -0.93788511 0.346946
vn 9.9532748e-08 -1 3.2757396e-07
vn -0.29801673 -0.9545607 -1.5177859e-07
vn -0.34694591 -0.93788511 -9.1258599e-08
vn -0.52573228 -0.85065001 -1.0591181e-07
vn -0.49100673 -0.8711558 -2.27299e-07
vn -0.49100673 -0.8711558 -2.27299e-07
vn -0.52573228 -0.85065001 -1.0591181e-07
vn -0.72645366 -0.68721533 -4.4670067e-08
vn -0.6843673 -0.72913748 -1.201518e-07
vn -0.6843673 -0.72913748 -1.201518e-07
vn -0.72645366 -0.68721533 -4.4670067e-08
vn -0.88467324 -0.46621105 0.00075818249
vn -0.87194872 -0.48959702 0.00035510896
vn -0.87194872 -0.48959702 0.00035510896
vn -0.88467324 -0.46621105 0.00075818249
vn -0.95141596 -0.3079032 0.0017893569
vn -0.94723696 -0.32052976 0.001656396
vn -0.94723696 -0.32052976 0.001656396
vn -0.95141596 -0.3079032 0.0017893569
vn -0.99147093 -0.13032502 0.00082712265
vn 1.9906533e-07 -1 -3.837294e-07
vn -4.1451727e-07 -0.9545604 -0.29801735
vn -2.1935396e-07 -0.93788511 -0.346946
vn 9.9532748e-08 -1 3.2757396e-07
vn 3.4993869e-07 -0.87079525 0.49164584
vn -2.6916572e-07 -0.73025966 0.68316966
vn -8.1437958e-07 -0.68721575 0.72645336
vn -4.7680899e-07 -0.85065007 0.52573234
vn -2.6916572e-07 -0.73025966 0.68316966
vn -0.00038478614 -0.4902387 0.87158805
vn -0.00078037306 -0.4661878 0.88468546
vn -8.1437958e-07 -0.68721575 0.72645336
vn -0.00038478614 -0.4902387 0.87158805
vn -0.0017079385 -0.3205049 0.9472453
vn -0.0017903694 -0.3078877 0.95142102
vn -0.00078037306 -0.4661878 0.88468546
vn -0.0017079385 -0.3205049 0.9472453
vn -0.00081840664 -0.13032934 0.99147034
vn -0.0017903694 -0.3078877 0.95142102
vn 1.2869732e-07 -0.95456046 0.2980175
vn 3.4993869e-07 -0.87079525 0.49164584
vn -4.7680899e-07 -0.85065007 0.52573234
vn 1.2189162e-07 -0.93788481 0.34694663
vn 0.0010394192 -0.4658944 0.88483971
vn 0.0017123956 -0.30728963 0.95161456
vn 0.0017894945 -0.30789062 0.95142013
vn 0.00077586301 -0.46619222 0.88468307
vn -1.3191332e-06 -0.85065055 0.5257315
vn 0 -0.68721604 0.72645313
vn -2.111787e-07 -0.68721581 0.7264533
vn -5.3759015e-07 -0.85065037 0.52573168
vn 0.0017123956 -0.30728963 0.95161456
vn 0.00068199012 -0.1218583 0.99254727
vn 0.0008201219 -0.13032965 0.9914704
vn 0.0017894945 -0.30789062 0.95142013
vn 0 -0.68721604 0.72645313
vn 0.0010394192 -0.4658944 0.88483971
vn 0.00077586301 -0.46619222 0.88468307
vn -2.111787e-07 -0.68721581 0.7264533
vn 0.2980161 -0.95456088 2.277085e-07
vn 0.34694549 -0.93788528 1.554001e-07
vn 0.52573246 -0.85064995 1.2137143e-07
vn 0.49164572 -0.87079531 3.4912185e-07
vn 0.95161074 -0.30730125 0.0017335895
vn 0.88482839 -0.46591595 0.0010394143
vn 0.88467306 -0.46621126 0.00075815781
vn 0.95141602 -0.30790296 0.0017894552
vn 0.7264536 -0.68721557 0
vn 0.52645487 -0.85020304 0
vn 0.52645481 -0.8502031 3.0954588e-08
vn 0.72645342 -0.68721569 0
vn 0 -1 -6.9426125e-07
vn 0 -0.93788505 -0.34694633
vn -1.2189147e-07 -0.93788505 -0.3469463
vn 0 -1 -3.3246317e-07
vn 0.9925487 -0.12184657 0.00070314779
vn 0.95161074 -0.30730125 0.0017335895
vn 0.95141602 -0.30790296 0.0017894552
vn 0.99147105 -0.13032451 0.00082838471
vn 0.88482839 -0.46591595 0.0010394143
vn 0.7264536 -0.68721557 0
vn 0.72645342 -0.68721569 0
vn 0.88467306 -0.46621126 0.00075815781
vn 0.52645487 -0.85020304 0
vn 0.34727782 -0.93776232 0
vn 0.34727776 -0.9377622 5.5421836e-08
vn 0.52645481 -0.8502031 3.0954588e-08
vn -0.0017063741 -0.30728528 -0.95161593
vn -0.00067658338 -0.12185921 -0.99254721
vn -0.00081817072 -0.13032922 -0.99147046
vn -0.0017906966 -0.30788732 -0.9514212
vn 0 -0.68636847 -0.72725397
vn -0.0010385518 -0.46375555 -0.88596261
vn -0.00078011345 -0.46405458 -0.88580626
vn 1.7231407e-07 -0.68636853 -0.72725397
vn -1.3216967e-06 -0.93788505 0.34694618
vn -1.3191332e-06 -0.85065055 0.5257315
vn -5.3759015e-07 -0.85065037 0.52573168
vn -3.44352e-07 -0.93788511 0.346946
vn -0.0010385518 -0.46375555 -0.88596261
vn -0.0017063741 -0.30728528 -0.95161593
vn -0.0017906966 -0.30788732 -0.9514212
vn -0.00078011345 -0.46405458 -0.88580626
vn 0 -0.85130388 -0.52467304
vn 0 -0.68636847 -0.72725397
vn 1.7231407e-07 -0.68636853 -0.72725397
vn 4.8761063e-08 -0.85130394 -0.52467299
vn -0.0001867938 -1 -1.0185914e-08
vn -0.00049563131 -0.99999988 -5.161318e-09
vn -0.34694591 -0.93788511 -9.1258599e-08
vn -0.29801673 -0.9545607 -1.5177859e-07
vn -0.99262589 -0.12121741 0
vn -0.95143706 -0.30784306 0
vn -0.95143706 -0.3078433 0
vn -0.99155486 -0.12968762 0
vn -0.88448292 -0.46657255 0
vn -0.7264539 -0.68721515 0
vn -0.7264539 -0.68721527 8.6073221e-08
vn -0.88448298 -0.46657243 0
vn -0.52573222 -0.85065019 0
vn -0.34694555 -0.93788528 0
vn -0.34694538 -0.93788534 -2.4449625e-07
vn -0.52573216 -0.85065019 -3.7289215e-08
vn 0.0038287288 -0.99999267 -1.7543749e-07
vn -5.8181035e-07 -1 -9.0160938e-08
vn 0.34694549 -0.93788528 1.554001e-07
vn 0.2980161 -0.95456088 2.277085e-07
vn -0.95143706 -0.30784306 0
vn -0.88448292 -0.46657255 0
vn -0.88448298 -0.46657243 0
vn -0.95143706 -0.3078433 0
vn -0.7264539 -0.68721515 0
vn -0.52573222 -0.85065019 0
vn -0.52573216 -0.85065019 -3.7289215e-08
vn -0.7264539 -0.68721527 8.6073221e-08
vn -0.34694555 -0.93788528 0
vn -9.7783254e-07 -0.99999994 0
vn -5.8181035e-07 -1 -9.0160938e-08
vn -0.34694538 -0.93788534 -2.4449625e-07
vn -0.70726204 -0.00021664097 0.7069515
vn -0.69710845 0.0010069372 0.7169649
vn -0.69713688 0.0010075979 0.7169373
vn -0.70726275 -0.0002175077 0.70695072
vn -0.7140168 -0.028051328 -0.69956648
vn -0.71039963 -0.011909618 -0.70369798
vn -0.71039838 -0.011904474 -0.70369911
vn -0.7140168 -0.028051328 -0.69956648
vn 0.70603049 -0.0055055958 -0.70816004
vn 0.70706481 0.00095422164 -0.70714813
vn 0.70706511 0.00095178874 -0.70714784
vn 0.70602596 -0.0055155125 -0.70816451
vn -0.70341325 -0.014040127 -0.7106424
vn -0.69956422 -0.028077178 -0.71401787
vn -0.69956422 -0.028077178 -0.71401787
vn -0.70341444 -0.014035822 -0.71064126
vn 0.7140224 -0.028080225 0.69955957
vn 0.71064365 -0.014040656 0.70341194
vn 0.71064252 -0.014036021 0.70341325
vn 0.7140224 -0.028080225 0.69955957
vn -0.70710695 0 -0.70710653
vn -0.70341325 -0.014040127 -0.7106424
vn -0.70341444 -0.014035822 -0.71064126
vn -0.70710689 0 -0.70710665
vn -0.70813394 -0.00098957657 0.7060774
vn -0.70726204 -0.00021664097 0.7069515
vn -0.70726275 -0.0002175077 0.70695072
vn -0.70813406 -0.00098971045 0.70607728
vn 0.70462298 -0.0090955263 0.70952362
vn 0.70317119 -0.015992668 0.7108407
vn 0.70317221 -0.01598911 0.71083969
vn 0.70461917 -0.0091049047 0.70952725
vn 0.71064365 -0.014040656 0.70341194
vn 0.70710552 1.0096031e-06 0.70710796
vn 0.70710564 1.0100982e-06 0.70710808
vn 0.71064252 -0.014036021 0.70341325
vn 0.70706481 0.00095422164 -0.70714813
vn 0.70721436 0.0023072308 -0.70699549
vn 0.70721507 0.0023045966 -0.70699477
vn 0.70706511 0.00095178874 -0.70714784
vn -0.71039963 -0.011909618 -0.70369798
vn -0.7096529 0.013497673 -0.70442212
vn -0.70964223 0.013465039 -0.70443362
vn -0.71039838 -0.011904474 -0.70369911
vn -0.70710808 7.5612382e-07 -0.70710546
vn -0.70710695 0 -0.70710653
vn -0.70710689 0 -0.70710665
vn -0.70710808 7.5610387e-07 -0.70710546
vn -0.7058112 0.0013077392 0.7083987
vn -0.70813394 -0.00098957657 0.7060774
vn -0.70813406 -0.00098971045 0.70607728
vn -0.70580834 0.0013102245 0.70840168
vn 0.69999719 -0.012701012 0.71403259
vn 0.70462298 -0.0090955263 0.70952362
vn 0.70461917 -0.0091049047 0.70952725
vn 0.69998604 -0.01269557 0.71404368
vn 0.70710552 1.0096031e-06 0.70710796
vn 0.70710546 0 0.70710814
vn 0.70710546 0 0.7071082
vn 0.70710564 1.0100982e-06 0.70710808
vn 0.70721436 0.0023072308 -0.70699549
vn 0.7090503 0.0016365446 -0.70515591
vn 0.70905221 0.0016385305 -0.70515406
vn 0.70721507 0.0023045966 -0.70699477
vn -0.7096529 0.013497673 -0.70442212
vn -0.69821864 0.0072690812 -0.71584773
vn -0.69826609 0.0073191877 -0.71580082
vn -0.70964223 0.013465039 -0.70443362
vn -0.70710689 2.220104e-07 -0.70710671
vn -0.70710808 7.5612382e-07 -0.70710546
vn -0.70710808 7.5610387e-07 -0.70710546
vn -0.70710683 2.2117732e-07 -0.70710671
vn -0.70185441 0.0012954323 0.71231925
vn -0.7058112 0.0013077392 0.7083987
vn -0.70580834 0.0013102245 0.70840168
vn -0.70224053 0.0016134949 0.71193784
vn 0.69996011 -0.0068332409 0.71414918
vn 0.69999719 -0.012701012 0.71403259
vn 0.69998604 -0.01269557 0.71404368
vn 0.69994658 -0.0068570832 0.71416235
vn 0.70710546 0 0.70710814
vn 0.70710742 0 0.70710611
vn 0.70710748 0 0.70710617
vn 0.70710546 0 0.7071082
vn -0.69821864 0.0072690812 -0.71584773
vn -0.69298053 -0.0029363849 -0.72095025
vn -0.6930595 -0.0028932949 -0.72087455
vn -0.69826609 0.0073191877 -0.71580082
vn 0.7090503 0.0016365446 -0.70515591
vn 0.71231961 0.0012957559 -0.70185405
vn 0.7119382 0.0016138889 -0.70224029
vn 0.70905221 0.0016385305 -0.70515406
vn 0.64424652 -0.41218036 -0.64424664
vn 0.6973601 -0.16545232 -0.69736248
vn 0.6973601 -0.16545226 -0.69736254
vn 0.64424652 -0.41218036 -0.64424664
vn 0.56896359 -0.59376907 -0.56896281
vn 0.64424652 -0.41218036 -0.64424664
vn 0.64424652 -0.41218036 -0.64424664
vn 0.56896359 -0.59376907 -0.56896287
vn 0.42859179 -0.79537261 -0.42859247
vn 0.56896359 -0.59376907 -0.56896281
vn 0.56896359 -0.59376907 -0.56896287
vn 0.42859191 -0.79537237 -0.42859259
vn 0.28375414 -0.91595155 -0.28375408
vn 0.42859179 -0.79537261 -0.42859247
vn 0.42859191 -0.79537237 -0.42859259
vn 0.28375405 -0.91595161 -0.28375402
vn 0.18061103 -0.96684873 -0.18050782
vn 0.28375414 -0.91595155 -0.28375408
vn 0.28375405 -0.91595161 -0.28375402
vn 0.1806109 -0.96684891 -0.18050769
vn 0.69736224 -0.1654516 0.69736052
vn 0.64424747 -0.41217956 0.64424622
vn 0.64424759 -0.41217926 0.64424634
vn 0.69736224 -0.16545171 0.69736058
vn 0.64424747 -0.41217956 0.64424622
vn 0.56896311 -0.59376884 0.56896353
vn 0.56896317 -0.59376878 0.56896353
vn 0.64424759 -0.41217926 0.64424634
vn 0.56896311 -0.59376884 0.56896353
vn 0.42858869 -0.79537594 0.4285894
vn 0.42859554 -0.79536849 0.42859623
vn 0.56896317 -0.59376878 0.56896353
vn 0.42858869 -0.79537594 0.4285894
vn 0.28438321 -0.91586697 0.28339732
vn 0.28436011 -0.9158814 0.28337371
vn 0.42859554 -0.79536849 0.42859623
vn 0.28438321 -0.91586697 0.28339732
vn 0.18164937 -0.96673101 0.18009652
vn 0.18109818 -0.96693611 0.17954952
vn 0.28436011 -0.9158814 0.28337371
vn -0.64424223 -0.41219622 -0.64424068
vn -0.69736129 -0.16545235 -0.69736129
vn -0.69736129 -0.16545245 -0.69736129
vn -0.64424825 -0.41217759 -0.64424676
vn -0.56797272 -0.59313351 -0.57061344
vn -0.64424223 -0.41219622 -0.64424068
vn -0.64424825 -0.41217759 -0.64424676
vn -0.56793827 -0.59319776 -0.57058078
vn -0.42706901 -0.79459018 -0.43155372
vn -0.56797272 -0.59313351 -0.57061344
vn -0.56793827 -0.59319776 -0.57058078
vn -0.42611554 -0.79562318 -0.4305917
vn -0.28942403 -0.91528535 -0.2801545
vn -0.42706901 -0.79459018 -0.43155372
vn -0.42611554 -0.79562318 -0.4305917
vn -0.28910264 -0.91551715 -0.27972844
vn -0.18660972 -0.96767581 -0.16964756
vn -0.28942403 -0.91528535 -0.2801545
vn -0.28910264 -0.91551715 -0.27972844
vn -0.19292809 -0.96539927 -0.17545061
vn 0.18164937 -0.96673101 0.18009652
vn 0.12415477 -0.98460543 0.12303571
vn 0.12415477 -0.98460543 0.12303571
vn 0.18109818 -0.96693611 0.17954952
vn -0.12837704 -0.98489779 -0.11617064
vn -0.18660972 -0.96767581 -0.16964756
vn -0.19292809 -0.96539927 -0.17545061
vn -0.12837704 -0.98489779 -0.11617064
vn -0.64422905 -0.41227707 0.64420217
vn -0.69736129 -0.16545248 0.69736129
vn -0.69736129 -0.16545248 0.69736129
vn -0.64427072 -0.41214684 0.6442439
vn -0.57972497 -0.59080148 0.56113499
vn -0.64422905 -0.41227707 0.64420217
vn -0.64427072 -0.41214684 0.6442439
vn -0.58014894 -0.58979028 0.56176037
vn -0.44826126 -0.79063225 0.41708824
vn -0.57972497 -0.59080148 0.56113499
vn -0.58014894 -0.58979028 0.56176037
vn -0.44257256 -0.79661638 0.41174263
vn -0.28898564 -0.91651154 0.2765753
vn -0.44826126 -0.79063225 0.41708824
vn -0.44257256 -0.79661638 0.41174263
vn -0.28860283 -0.91672045 0.27628273
vn -0.18062139 -0.96684527 0.18051653
vn -0.28898564 -0.91651154 0.2765753
vn -0.28860283 -0.91672045 0.27628273
vn -0.18056789 -0.96686512 0.18046296
vn 0.12385085 -0.98456734 -0.12364591
vn 0.18061103 -0.96684873 -0.18050782
vn 0.1806109 -0.96684891 -0.18050769
vn 0.12385085 -0.98456734 -0.12364591
vn -0.12380368 -0.98457783 0.12360918
vn -0.18062139 -0.96684527 0.18051653
vn -0.18056789 -0.96686512 0.18046296
vn -0.12380368 -0.98457783 0.12360918
vn 0.70317119 -0.015992668 0.7108407
vn 0.69965053 -0.027769536 0.71394545
vn 0.69965053 -0.027769536 0.71394545
vn 0.70317221 -0.01598911 0.71083969
vn -0.70872664 0.0014706977 0.70548165
vn -0.71232116 0.0012947895 0.7018525
vn -0.71194005 0.0016126954 0.70223844
vn -0.70872903 0.0014729401 0.7054792
vn 0.70188075 -0.022074666 -0.71195227
vn 0.70603049 -0.0055055958 -0.70816004
vn 0.70602596 -0.0055155125 -0.70816451
vn 0.7018953 -0.022004787 -0.71194017
vn 0.7054832 0.001472486 -0.70872504
vn 0.70710808 7.5612121e-07 -0.70710552
vn 0.70710808 7.556373e-07 -0.70710552
vn 0.70548075 0.0014747257 -0.70872754
vn -0.69710845 0.0010069372 0.7169649
vn -0.70945495 -0.0078567732 0.70470685
vn -0.70954937 -0.0078956382 0.7046116
vn -0.69713688 0.0010075979 0.7169373
vn 0.71045721 -0.013136816 -0.70361775
vn 0.71252978 -0.027780714 -0.70109165
vn 0.71252978 -0.027780714 -0.70109165
vn 0.71045762 -0.013138883 -0.70361745
vn -0.7071054 -1.0682293e-06 0.7071082
vn -0.70872664 0.0014706977 0.70548165
vn -0.70872903 0.0014729401 0.7054792
vn -0.70710546 -1.0689162e-06 0.7071082
vn -0.69950926 -0.028775372 0.71404397
vn -0.70326722 -0.014811663 0.71077138
vn -0.70327002 -0.014800958 0.7107687
vn -0.69950926 -0.028775372 0.71404397
vn 0.70710808 7.5612121e-07 -0.70710552
vn 0.70703155 0.00014512699 -0.70718205
vn 0.70703155 0.00014513097 -0.70718205
vn 0.70710808 7.556373e-07 -0.70710552
vn 0.69904804 -0.035436045 -0.71419615
vn 0.70188075 -0.022074666 -0.71195227
vn 0.7018953 -0.022004787 -0.71194017
vn 0.69904804 -0.035436045 -0.71419615
vn -0.70945495 -0.0078567732 0.70470685
vn -0.73020017 -0.016548334 0.68303293
vn -0.73020017 -0.016548334 0.68303293
vn -0.70954937 -0.0078956382 0.7046116
vn -0.70703012 -0.00014437186 0.70718342
vn -0.7071054 -1.0682293e-06 0.7071082
vn -0.70710546 -1.0689162e-06 0.7071082
vn -0.70703012 -0.00014437578 0.70718342
vn 0.70703155 0.00014512699 -0.70718205
vn 0.70759076 0.00089595671 -0.70662194
vn 0.70759094 0.0008961623 -0.70662171
vn 0.70703155 0.00014513097 -0.70718205
vn -0.70318311 0.0026259234 -0.71100402
vn -0.70185363 0.0012947789 -0.71232003
vn -0.70223993 0.0016127006 -0.7119385
vn -0.70318407 0.002626399 -0.71100301
vn 0.70548314 0.0014723049 0.70872504
vn 0.70185483 0.0012952645 0.7123189
vn 0.70224047 0.001613285 0.71193796
vn 0.70548069 0.001474545 0.70872754
vn -0.70691401 -0.00056335342 0.70729929
vn -0.70703012 -0.00014437186 0.70718342
vn -0.70703012 -0.00014437578 0.70718342
vn -0.70691395 -0.00056354608 0.70729935
vn 0.71232051 0.001296076 0.70185316
vn 0.7064575 0.00032883938 0.70775551
vn 0.70646328 0.0003327466 0.70774961
vn 0.7119391 0.001614298 0.70223933
vn 0.70759076 0.00089595671 -0.70662194
vn 0.71045721 -0.013136816 -0.70361775
vn 0.71045762 -0.013138883 -0.70361745
vn 0.70759094 0.0008961623 -0.70662171
vn -0.69298053 -0.0029363849 -0.72095025
vn -0.70318311 0.0026259234 -0.71100402
vn -0.70318407 0.002626399 -0.71100301
vn -0.6930595 -0.0028932949 -0.72087455
vn -0.70326722 -0.014811663 0.71077138
vn -0.70691401 -0.00056335342 0.70729929
vn -0.70691395 -0.00056354608 0.70729935
vn -0.70327002 -0.014800958 0.7107687
vn 0.70710742 0 0.70710611
vn 0.70548314 0.0014723049 0.70872504
vn 0.70548069 0.001474545 0.70872754
vn 0.70710748 0 0.70710617
vn 0.7064575 0.00032883938 0.70775551
vn 0.69996011 -0.0068332409 0.71414918
vn 0.69994658 -0.0068570832 0.71416235
vn 0.70646328 0.0003327466 0.70774961
vn -0.70868272 0.0014630356 -0.70552588
vn -0.70710689 2.220104e-07 -0.70710671
vn -0.70710683 2.2117732e-07 -0.70710671
vn -0.70868987 0.0014698202 -0.70551848
vn 0.70870274 0.0001013328 -0.70550722
vn 0.70870274 0.0001013328 -0.70550722
vn 0.70870304 0.00010355725 -0.70550698
vn 0.70870298 0.00010355606 -0.70550692
vn -0.71313798 -0.0081843315 0.70097589
vn -0.71313798 -0.0081843315 0.70097589
vn -0.71457362 -0.0014365707 0.69955868
vn -0.7145738 -0.0014356901 0.6995585
vn 0.70678014 -1.8860799e-05 0.70743322
vn 0.70678014 -1.8860799e-05 0.70743322
vn 0.70678198 -1.4967107e-05 0.7074315
vn 0.70678198 -1.4967319e-05 0.7074315
vn -0.7414009 -0.67106181 -0.00088948308
vn -0.7405678 -0.67198098 -0.00088864233
vn -0.8212316 -0.57059419 -0.0009688632
vn 0.001471991 -0.58112514 -0.81381291
vn 0.001436057 -0.58023328 -0.81444913
vn 0.0013740037 -0.62775719 -0.77840805
vn 0.001328483 -0.67685807 -0.73611242
vn 0.81445462 -0.58022577 0.001277541
vn 0.73489791 -0.67817724 -0.00081769214
vn 0.7094757 -0.70472842 -0.0014267026
vn -0.0011819783 -0.5809015 0.81397307
vn -0.0010589838 -0.67795014 0.73510712
vn -0.001059236 -0.67777395 0.73526961
vn 0.7094757 -0.70472842 -0.0014267026
vn 0.73489791 -0.67817724 -0.00081769214
vn 0.6292662 -0.77718329 -0.0032039809
vn 0.6292662 -0.77718329 -0.0032039809
vn -0.7145738 -0.0014356901 0.6995585
vn -0.71457362 -0.0014365707 0.69955868
vn -0.71735287 0.012130034 0.69660443
vn -0.70713377 1.5890853e-05 -0.70707977
vn -0.70713371 1.5893287e-05 -0.70707977
vn -0.70712852 1.4456567e-05 -0.70708513
vn 0.70870298 0.00010355606 -0.70550692
vn 0.70870304 0.00010355725 -0.70550698
vn 0.7087034 0.00010802966 -0.70550644
vn 0.7087034 0.00010802966 -0.70550644
vn 0.70678198 -1.4967319e-05 0.7074315
vn 0.70678198 -1.4967107e-05 0.7074315
vn 0.70678544 -7.1383097e-06 0.70742792
vn -0.7414009 -0.67106181 -0.00088948308
vn -0.63411176 -0.77324098 -0.00077968161
vn -0.7405678 -0.67198098 -0.00088864233
vn 0.0013740037 -0.62775719 -0.77840805
vn 0.001436057 -0.58023328 -0.81444913
vn 0.0013574657 -0.57828039 -0.81583691
vn -0.0010589838 -0.67795014 0.73510712
vn -0.00089820207 -0.77583301 0.6309377
vn -0.001059236 -0.67777395 0.73526961
vn 0.0013740037 -0.62775719 -0.77840805
vn 0.0011392561 -0.77387005 -0.6333434
vn 0.001328483 -0.67685807 -0.73611242
vn -0.0065685222 -0.12363402 -0.99230617
vn -0.0059340661 -0.13207243 -0.99122232
vn -0.0073162206 -0.0073161512 -0.99994648
vn -0.0073162206 -0.0073161512 -0.99994648
vn -0.70185441 0.0012954323 0.71231925
vn -0.70224053 0.0016134949 0.71193784
vn -0.70027876 0 0.71386945
vn -0.70027876 0 0.71386945
vn 0.99155492 -0.12968731 -8.0858814e-07
vn 0.99262595 -0.12121703 0
vn 1 0 0
vn 1 0 0
vn -0.99262589 -0.12121741 0
vn -0.99155486 -0.12968762 0
vn -1 0 0
vn -1 0 0
vn -0.71194005 0.0016126954 0.70223844
vn -0.71232116 0.0012947895 0.7018525
vn -0.71387023 0 0.70027792
vn -0.71387023 0 0.70027792
vn -0.00081817072 -0.13032922 -0.99147046
vn -0.00067658338 -0.12185921 -0.99254721
vn 0 0 -1
vn 0 0 -1
vn -0.69736129 -0.16545248 0.69736129
vn -0.69736129 -0.16545248 0.69736129
vn -0.70710677 0 0.70710677
vn -0.70710677 0 0.70710677
vn 0.70224047 0.001613285 0.71193796
vn 0.70185483 0.0012952645 0.7123189
vn 0.7002809 0 0.71386743
vn 0.7002809 0 0.71386743
vn 0.7119382 0.0016138889 -0.70224029
vn 0.71231961 0.0012957559 -0.70185405
vn 0.71387011 0 -0.7002781
vn 0.71387011 0 -0.7002781
vn -0.00067694706 -0.12185919 0.99254721
vn -0.00081840664 -0.13032934 0.99147034
vn 0 0 0.99999994
vn 0 0 0.99999994
vn 0.69736224 -0.1654516 0.69736052
vn 0.69736224 -0.16545171 0.69736058
vn 0.70710671 0 0.70710671
vn 0.70710671 0 0.70710671
vn -0.70223993 0.0016127006 -0.7119385
vn -0.70185363 0.0012947789 -0.71232003
vn -0.70027739 0 -0.71387082
vn -0.70027739 0 -0.71387082
vn -0.99147093 -0.13032502 0.00082712265
vn -0.99254853 -0.12184794 0.00070172589
vn -1 0 -7.4506875e-07
vn -1 0 -7.4506875e-07
vn -0.69736129 -0.16545245 -0.69736129
vn -0.69736129 -0.16545235 -0.69736129
vn -0.70710677 0 -0.70710677
vn -0.70710677 0 -0.70710677
vn 0.0008201219 -0.13032965 0.9914704
vn 0.00068199012 -0.1218583 0.99254727
vn 0 0 1
vn 0 0 1
vn 0.6973601 -0.16545226 -0.69736254
vn 0.6973601 -0.16545232 -0.69736248
vn 0.70710522 0 -0.70710832
vn 0.70710522 0 -0.70710832
vn 0.9925487 -0.12184657 0.00070314779
vn 0.99147105 -0.13032451 0.00082838471
vn 1 0 0
vn 1 0 0
vn 0.71232051 0.001296076 0.70185316
vn 0.7119391 0.001614298 0.70223933
vn 0.71387076 0 0.70027739
vn 0.71387076 0 0.70027739
vn -0.70713639 1.6608023e-05 -0.70707709
vn -0.70713639 1.6608023e-05 -0.70707709
vn -0.70713371 1.5893287e-05 -0.70707977
vn -0.70713377 1.5890853e-05 -0.70707977
vn -2.1935396e-07 -0.93788511 -0.346946
vn 4.9723255e-08 -0.85065007 -0.52573222
vn 0 -0.85065007 -0.52573222
vn 0 -0.93788522 -0.34694576
vn 3.8467471e-07 -0.68721521 -0.72645384
vn 0.00077685446 -0.46619186 -0.88468331
vn 0.0010391466 -0.46589395 -0.88484001
vn 0 -0.68721509 -0.72645396
vn 7.3653309e-06 -0.30541083 -0.95222062
vn -0.0059340661 -0.13207243 -0.99122232
vn -0.0065685222 -0.12363402 -0.99230617
vn -0.0018619676 -0.30562752 -0.95214933
vn -0.71229285 0.0012874828 -0.70188123
vn -0.70868272 0.0014630356 -0.70552588
vn -0.70868987 0.0014698202 -0.70551848
vn -0.71189821 0.0016086998 -0.70228094
vn -5.3759015e-07 -0.85065037 0.52573168
vn -2.111787e-07 -0.68721581 0.7264533
vn -2.7112648e-07 -0.73025912 0.6831702
vn 3.5086083e-07 -0.87079549 0.4916454
vn -2.111787e-07 -0.68721581 0.7264533
vn 0.00077586301 -0.46619222 0.88468307
vn 0.00037745619 -0.49024194 0.87158632
vn -2.7112648e-07 -0.73025912 0.6831702
vn -0.71387184 0 -0.70027643
vn -0.71229285 0.0012874828 -0.70188123
vn -0.71189821 0.0016086998 -0.70228094
vn -0.71387184 0 -0.70027643
vn 4.9723255e-08 -0.85065007 -0.52573222
vn 3.8467471e-07 -0.68721521 -0.72645384
vn 0 -0.68721509 -0.72645396
vn 0 -0.85065007 -0.52573222
vn 0.00077685446 -0.46619186 -0.88468331
vn 7.3653309e-06 -0.30541083 -0.95222062
vn -0.0018619676 -0.30562752 -0.95214933
vn 0.0010391466 -0.46589395 -0.88484001
vn -3.44352e-07 -0.93788511 0.346946
vn -5.3759015e-07 -0.85065037 0.52573168
vn 3.5086083e-07 -0.87079549 0.4916454
vn 6.9999771e-07 -0.95456064 0.29801694
vn 9.9532748e-08 -1 3.2757396e-07
vn -3.44352e-07 -0.93788511 0.346946
vn 6.9999771e-07 -0.95456064 0.29801694
vn 1.9906533e-07 -1 -3.837294e-07
vn 9.9532748e-08 -1 3.2757396e-07
vn -2.1935396e-07 -0.93788511 -0.346946
vn 0 -0.93788522 -0.34694576
vn 0 -1 9.5827613e-07
vn 0.00077586301 -0.46619222 0.88468307
vn 0.0017894945 -0.30789062 0.95142013
vn 0.0016965817 -0.32050812 0.94724423
vn 0.00037745619 -0.49024194 0.87158632
vn 0.0017894945 -0.30789062 0.95142013
vn 0.0008201219 -0.13032965 0.9914704
vn 0.0016965817 -0.32050812 0.94724423
vn 0.72645342 -0.68721569 0
vn 0.52645481 -0.8502031 3.0954588e-08
vn 0.49268961 -0.87020504 8.9059661e-08
vn 0.68316996 -0.7302593 0
vn 0.99147105 -0.13032451 0.00082838471
vn 0.95141602 -0.30790296 0.0017894552
vn 0.9472369 -0.32052994 0.0016557337
vn 0.52645481 -0.8502031 3.0954588e-08
vn 0.34727776 -0.9377622 5.5421836e-08
vn 0.29769552 -0.95466089 1.0445167e-07
vn 0.49268961 -0.87020504 8.9059661e-08
vn -0.34694591 -0.93788511 -9.1258599e-08
vn -0.00049563131 -0.99999988 -5.161318e-09
vn -0.00049524999 -0.99999982 0
vn -0.34694585 -0.93788511 0
vn -0.52573228 -0.85065001 -1.0591181e-07
vn -0.34694591 -0.93788511 -9.1258599e-08
vn -0.34694585 -0.93788511 0
vn -0.52573216 -0.85065019 0
vn -0.88467324 -0.46621105 0.00075818249
vn -0.72645366 -0.68721533 -4.4670067e-08
vn -0.7264536 -0.68721551 0
vn -0.88482869 -0.46591535 0.0010394142
vn -0.99147093 -0.13032502 0.00082712265
vn -0.95141596 -0.3079032 0.0017893569
vn -0.95161033 -0.30730233 0.0017325394
vn -0.99254853 -0.12184794 0.00070172589
vn 0.70185649 0.0012954228 -0.71231729
vn 0.7054832 0.001472486 -0.70872504
vn 0.70548075 0.0014747257 -0.70872754
vn 0.70224208 0.0016134833 -0.71193641
vn 0.95141602 -0.30790296 0.0017894552
vn 0.88467306 -0.46621126 0.00075815781
vn 0.87157959 -0.49025384 0.00035157686
vn 0.9472369 -0.32052994 0.0016557337
vn 0.88467306 -0.46621126 0.00075815781
vn 0.72645342 -0.68721569 0
vn 0.68316996 -0.7302593 0
vn 0.87157959 -0.49025384 0.00035157686
vn 0.34727776 -0.9377622 5.5421836e-08
vn -0.00049563131 -0.99999988 -5.161318e-09
vn -0.0001867938 -1 -1.0185914e-08
vn 0.29769552 -0.95466089 1.0445167e-07
vn -0.72645366 -0.68721533 -4.4670067e-08
vn -0.52573228 -0.85065001 -1.0591181e-07
vn -0.52573216 -0.85065019 0
vn -0.7264536 -0.68721551 0
vn -0.95141596 -0.3079032 0.0017893569
vn -0.88467324 -0.46621105 0.00075818249
vn -0.88482869 -0.46591535 0.0010394142
vn -0.95161033 -0.30730233 0.0017325394
vn 0.70028299 0 -0.71386534
vn 0.70185649 0.0012954228 -0.71231729
vn 0.70224208 0.0016134833 -0.71193641
vn 0.70028299 0 -0.71386534
vn 1.7231407e-07 -0.68636853 -0.72725397
vn -0.00078011345 -0.46405458 -0.88580626
vn -0.00038442938 -0.48760644 -0.87306339
vn 4.6678619e-07 -0.73040581 -0.68301338
vn -0.00078011345 -0.46405458 -0.88580626
vn -0.0017906966 -0.30788732 -0.9514212
vn -0.0017092002 -0.32050404 -0.94724554
vn -0.00038442938 -0.48760644 -0.87306339
vn -1.2189147e-07 -0.93788505 -0.3469463
vn 4.8761063e-08 -0.85130394 -0.52467299
vn -1.5855923e-07 -0.87110472 -0.49109742
vn -1.2869717e-07 -0.95456058 -0.29801717
vn -4.7680899e-07 -0.85065007 0.52573234
vn -8.1437958e-07 -0.68721575 0.72645336
vn -1.2094529e-06 -0.68721563 0.72645354
vn -1.1969287e-06 -0.85064971 0.52573282
vn -0.00078037306 -0.4661878 0.88468546
vn -0.0017903694 -0.3078877 0.95142102
vn -0.0017070179 -0.30728522 0.95161593
vn -0.0010390906 -0.46588933 0.8848424
vn 1.2189162e-07 -0.93788481 0.34694663
vn -4.7680899e-07 -0.85065007 0.52573234
vn -1.1969287e-06 -0.85064971 0.52573282
vn 0 -0.93788493 0.34694648
vn 0 -1 -3.3246317e-07
vn -1.2189147e-07 -0.93788505 -0.3469463
vn -1.2869717e-07 -0.95456058 -0.29801717
vn 0 -1 1.1511882e-07
vn -0.0017906966 -0.30788732 -0.9514212
vn -0.00081817072 -0.13032922 -0.99147046
vn -0.0017092002 -0.32050404 -0.94724554
vn 4.8761063e-08 -0.85130394 -0.52467299
vn 1.7231407e-07 -0.68636853 -0.72725397
vn 4.6678619e-07 -0.73040581 -0.68301338
vn -1.5855923e-07 -0.87110472 -0.49109742
vn 0 -1 -3.3246317e-07
vn 1.2189162e-07 -0.93788481 0.34694663
vn 0 -0.93788493 0.34694648
vn 0 -1 -6.9426125e-07
vn -8.1437958e-07 -0.68721575 0.72645336
vn -0.00078037306 -0.4661878 0.88468546
vn -0.0010390906 -0.46588933 0.8848424
vn -1.2094529e-06 -0.68721563 0.72645354
vn -0.0017903694 -0.3078877 0.95142102
vn -0.00081840664 -0.13032934 0.99147034
vn -0.00067694706 -0.12185919 0.99254721
vn -0.0017070179 -0.30728522 0.95161593
vn -0.88448298 -0.46657243 0
vn -0.7264539 -0.68721527 8.6073221e-08
vn -0.68317068 -0.73025876 2.3314459e-07
vn -0.87155288 -0.49030152 0
vn 0.7264539 -0.68721521 0
vn 0.52573246 -0.85064995 1.2137143e-07
vn 0.52573258 -0.85064983 0
vn 0.72645372 -0.68721533 0
vn 0.95143712 -0.30784312 -2.9025466e-06
vn 0.88448316 -0.46657214 -1.1025352e-07
vn 0.88448316 -0.46657223 0
vn 0.95143723 -0.30784261 0
vn 0.34694549 -0.93788528 1.554001e-07
vn -5.8181035e-07 -1 -9.0160938e-08
vn -9.7783254e-07 -0.99999994 0
vn 0.34694552 -0.93788522 0
vn -0.7264539 -0.68721527 8.6073221e-08
vn -0.52573216 -0.85065019 -3.7289215e-08
vn -0.49199364 -0.87059885 -2.5500773e-07
vn -0.68317068 -0.73025876 2.3314459e-07
vn -0.99155486 -0.12968762 0
vn -0.95143706 -0.3078433 0
vn -0.94743937 -0.31993562 0
vn -0.52573216 -0.85065019 -3.7289215e-08
vn -0.34694538 -0.93788534 -2.4449625e-07
vn -0.29879948 -0.9543159 -4.8750593e-07
vn -0.49199364 -0.87059885 -2.5500773e-07
vn -0.95143706 -0.3078433 0
vn -0.88448298 -0.46657243 0
vn -0.87155288 -0.49030152 0
vn -0.94743937 -0.31993562 0
vn -0.34694538 -0.93788534 -2.4449625e-07
vn -5.8181035e-07 -1 -9.0160938e-08
vn 0.0038287288 -0.99999267 -1.7543749e-07
vn -0.29879948 -0.9543159 -4.8750593e-07
vn 0.88448316 -0.46657214 -1.1025352e-07
vn 0.7264539 -0.68721521 0
vn 0.72645372 -0.68721533 0
vn 0.88448316 -0.46657223 0
vn 0.99155492 -0.12968731 -8.0858814e-07
vn 0.95143712 -0.30784312 -2.9025466e-06
vn 0.95143723 -0.30784261 0
vn 0.99262595 -0.12121703 0
vn 0.52573246 -0.85064995 1.2137143e-07
vn 0.34694549 -0.93788528 1.554001e-07
vn 0.34694552 -0.93788522 0
vn 0.52573258 -0.85064983 0
vn 0 -0.93776232 0.34727788
vn 0 -0.99999994 -0.00049465377
vn 1.0037449e-07 -0.99999994 -0.00049528928
vn -1.2408675e-07 -0.93776232 0.34727779
vn 0.298017 -0.95456052 -3.4314704e-07
vn 0.49164546 -0.87079537 -3.5086052e-07
vn 0.52573216 -0.85065019 -1.2197587e-07
vn 0.34694594 -0.93788511 -1.9506868e-07
vn 0.49164546 -0.87079537 -3.5086052e-07
vn 0.68317091 -0.73025852 0
vn 0.7264539 -0.68721521 0
vn 0.52573216 -0.85065019 -1.2197587e-07
vn 0.68317091 -0.73025852 0
vn 0.8715865 -0.49024168 0.00037819371
vn 0.88468319 -0.46619189 0.0007763516
vn 0.7264539 -0.68721521 0
vn 0.8715865 -0.49024168 0.00037819371
vn 0.94819325 -0.31768981 0.0016670858
vn 0.95222056 -0.30541113 5.581574e-06
vn 0.88468319 -0.46619189 0.0007763516
vn 0.94819325 -0.31768981 0.0016670858
vn 0.99122226 -0.13207269 -0.0059334058
vn 0.95222056 -0.30541113 5.581574e-06
vn -3.3576299e-07 -1 -2.7446446e-14
vn -0.29801747 -0.9545604 3.1022057e-07
vn -0.34694594 -0.93788511 1.6413395e-07
vn 6.2581307e-07 -1 -9.3253415e-15
vn -3.4912199e-07 -0.87079537 0.4916456
vn -1.2137147e-07 -0.85065001 0.52573234
vn 0 -0.68721515 0.72645396
vn 0 -0.7302587 0.68317068
vn 0 -0.7302587 0.68317068
vn 0 -0.68721515 0.72645396
vn 0 -0.46657231 0.88448304
vn 0 -0.49030113 0.87155306
vn 0 -0.49030113 0.87155306
vn 0 -0.46657231 0.88448304
vn 0 -0.30784291 0.95143712
vn 0 -0.31993484 0.94743955
vn 0 -0.31993484 0.94743955
vn 0 -0.30784291 0.95143712
vn 0 -0.12968723 0.99155492
vn 0.34694654 -0.93788487 0
vn 0.52467239 -0.85130423 0
vn 0.52467239 -0.85130423 2.4380695e-08
vn 0.34694642 -0.93788487 -1.3366126e-07
vn -1.4765277e-06 -1 0
vn -0.34694633 -0.93788493 0
vn -0.34694621 -0.93788505 1.339623e-07
vn -7.431529e-07 -1 1.398801e-14
vn 2.6123655e-07 -0.95456046 -0.29801765
vn 7.2692863e-08 -0.93788487 -0.34694675
vn -2.0206237e-07 -0.85064983 -0.52573264
vn -2.6822187e-07 -0.87115568 -0.49100706
vn -2.6822187e-07 -0.87115568 -0.49100706
vn -2.0206237e-07 -0.85064983 -0.52573264
vn -1.7868015e-07 -0.68721545 -0.72645366
vn -4.8060701e-07 -0.72913778 -0.68436694
vn -4.8060701e-07 -0.72913778 -0.68436694
vn -1.7868015e-07 -0.68721545 -0.72645366
vn -0.00075818005 -0.46621063 -0.88467348
vn -0.00035529758 -0.48959658 -0.87194908
vn -0.00035529758 -0.48959658 -0.87194908
vn -0.00075818005 -0.46621063 -0.88467348
vn -0.0017889953 -0.30790338 -0.95141596
vn -0.0016560002 -0.32052994 -0.9472369
vn -0.0016560002 -0.32052994 -0.9472369
vn -0.0017889953 -0.30790338 -0.95141596
vn -0.00082753738 -0.13032493 -0.99147105
vn 6.7152641e-08 -1 -6.4041749e-14
vn 0.298017 -0.95456052 -3.4314704e-07
vn 0.34694594 -0.93788511 -1.9506868e-07
vn -7.431529e-07 -1 1.398801e-14
vn -0.49164477 -0.87079585 1.1877221e-07
vn -0.68317008 -0.73025918 -7.5475066e-07
vn -0.72645366 -0.68721545 -4.4406272e-07
vn -0.5257318 -0.85065037 -3.7000746e-08
vn -0.68317008 -0.73025918 -7.5475066e-07
vn -0.87158775 -0.49023935 -0.00038504711
vn -0.88468546 -0.46618775 -0.00078047899
vn -0.72645366 -0.68721545 -4.4406272e-07
vn -0.87158775 -0.49023935 -0.00038504711
vn -0.94724572 -0.32050395 -0.0017079393
vn -0.9514212 -0.30788711 -0.0017901941
vn -0.88468546 -0.46618775 -0.00078047899
vn -0.94724572 -0.32050395 -0.0017079393
vn -0.99147046 -0.13032921 -0.00081807154
vn -0.9514212 -0.30788711 -0.0017901941
vn -0.29801747 -0.9545604 3.1022057e-07
vn -0.49164477 -0.87079585 1.1877221e-07
vn -0.5257318 -0.85065037 -3.7000746e-08
vn -0.34694594 -0.93788511 1.6413395e-07
vn -0.88484001 -0.46589372 0.0010391423
vn -0.9516148 -0.30728865 0.001711939
vn -0.95142019 -0.30789044 0.0017901674
vn -0.88468319 -0.46619195 0.00077586697
vn -0.52573138 -0.85065067 0
vn -0.7264536 -0.68721563 0
vn -0.72645384 -0.68721527 -2.5455239e-07
vn -0.52573192 -0.85065031 1.8063238e-08
vn -0.9516148 -0.30728865 0.001711939
vn -0.99254739 -0.12185757 0.0006818074
vn -0.99147052 -0.13032918 0.00082015671
vn -0.95142019 -0.30789044 0.0017901674
vn -0.7264536 -0.68721563 0
vn -0.88484001 -0.46589372 0.0010391423
vn -0.88468319 -0.46619195 0.00077586697
vn -0.72645384 -0.68721527 -2.5455239e-07
vn -1.2839708e-07 -0.95456028 0.29801789
vn -1.2160716e-07 -0.93788481 0.34694684
vn -1.2137147e-07 -0.85065001 0.52573234
vn -3.4912199e-07 -0.87079537 0.4916456
vn -0.0017321075 -0.30730161 0.95161062
vn -0.0010391563 -0.46591601 0.88482833
vn -0.00075787725 -0.46621096 0.88467318
vn -0.0017885289 -0.30790275 0.95141619
vn 0 -0.68721563 0.72645354
vn 0 -0.85020345 0.52645421
vn -1.2381837e-07 -0.85020339 0.52645433
vn 0 -0.68721563 0.72645354
vn 1.3983008e-06 -1 0
vn 0.34694654 -0.93788487 0
vn 0.34694642 -0.93788487 -1.3366126e-07
vn 6.2581307e-07 -1 -9.3253415e-15
vn -0.00070192356 -0.12184685 0.9925487
vn -0.0017321075 -0.30730161 0.95161062
vn -0.0017885289 -0.30790275 0.95141619
vn -0.00082720548 -0.13032475 0.99147105
vn -0.0010391563 -0.46591601 0.88482833
vn 0 -0.68721563 0.72645354
vn 0 -0.68721563 0.72645354
vn -0.00075787725 -0.46621096 0.88467318
vn 0 -0.85020345 0.52645421
vn 0 -0.93776232 0.34727788
vn -1.2408675e-07 -0.93776232 0.34727779
vn -1.2381837e-07 -0.85020339 0.52645433
vn 0.95161593 -0.30728504 -0.001708116
vn 0.99254721 -0.12185921 -0.00067694508
vn 0.99147046 -0.13032912 -0.00081840565
vn 0.95142126 -0.30788681 -0.0017903799
vn 0.72725362 -0.68636882 0
vn 0.88596272 -0.46375528 -0.0010399447
vn 0.88580644 -0.4640542 -0.00077997107
vn 0.72725374 -0.68636858 8.6157002e-08
vn -0.34694633 -0.93788493 0
vn -0.52573138 -0.85065067 0
vn -0.52573192 -0.85065031 1.8063238e-08
vn -0.34694621 -0.93788505 1.339623e-07
vn 0.88596272 -0.46375528 -0.0010399447
vn 0.95161593 -0.30728504 -0.001708116
vn 0.95142126 -0.30788681 -0.0017903799
vn 0.88580644 -0.4640542 -0.00077997107
vn 0.52467239 -0.85130423 0
vn 0.72725362 -0.68636882 0
vn 0.72725374 -0.68636858 8.6157002e-08
vn 0.52467239 -0.85130423 2.4380695e-08
vn 2.0050008e-07 -1 -0.00018681295
vn 1.0037449e-07 -0.99999994 -0.00049528928
vn 7.2692863e-08 -0.93788487 -0.34694675
vn 2.6123655e-07 -0.95456046 -0.29801765
vn 0 -0.12121608 -0.99262613
vn 0 -0.30784249 -0.95143729
vn 0 -0.30784222 -0.95143741
vn 0 -0.12968621 -0.99155509
vn 0 -0.46657383 -0.8844822
vn 0 -0.68721598 -0.72645319
vn 0 -0.68721592 -0.72645313
vn 0 -0.4665733 -0.88448244
vn 0 -0.85064995 -0.52573246
vn 0 -0.93788481 -0.34694672
vn 9.7429705e-08 -0.93788499 -0.34694642
vn 0 -0.85065001 -0.52573246
vn 1.9659802e-07 -0.99999267 0.0038290615
vn 9.9828604e-08 -1 3.4224158e-08
vn -1.2160716e-07 -0.93788481 0.34694684
vn -1.2839708e-07 -0.95456028 0.29801789
vn 0 -0.30784249 -0.95143729
vn 0 -0.46657383 -0.8844822
vn 0 -0.4665733 -0.88448244
vn 0 -0.30784222 -0.95143741
vn 0 -0.68721598 -0.72645319
vn 0 -0.85064995 -0.52573246
vn 0 -0.85065001 -0.52573246
vn 0 -0.68721592 -0.72645313
vn 0 -0.93788481 -0.34694672
vn 0 -1 -4.2046835e-07
vn 9.9828604e-08 -1 3.4224158e-08
vn 9.7429705e-08 -0.93788499 -0.34694642
vn -0.70695275 -0.00021643942 -0.70726061
vn -0.71696633 0.0010099584 -0.69710702
vn -0.71693885 0.0010106155 -0.69713533
vn -0.70695204 -0.00021731445 -0.70726144
vn 0.69956911 -0.028051475 -0.71401417
vn 0.70370001 -0.011907599 -0.71039748
vn 0.7037012 -0.011902615 -0.71039635
vn 0.69956911 -0.028051475 -0.71401417
vn 0.70815986 -0.0055085514 0.70603079
vn 0.70714682 0.00095327152 0.70706618
vn 0.70714653 0.00095083978 0.70706648
vn 0.70816433 -0.0055185026 0.70602614
vn 0.71064293 -0.014039124 -0.70341277
vn 0.71401954 -0.028075079 -0.69956267
vn 0.71401954 -0.028075079 -0.69956267
vn 0.71064192 -0.014034734 -0.7034139
vn -0.69956273 -0.028082263 0.71401912
vn -0.70341235 -0.014044737 0.71064323
vn -0.70341349 -0.014040046 0.7106421
vn -0.69956273 -0.028082263 0.71401912
vn 0.70710671 9.561229e-07 -0.70710677
vn 0.71064293 -0.014039124 -0.70341277
vn 0.71064192 -0.014034734 -0.7034139
vn 0.70710677 9.5565383e-07 -0.70710677
vn -0.7060802 -0.0009890002 -0.70813119
vn -0.70695275 -0.00021643942 -0.70726061
vn -0.70695204 -0.00021731445 -0.70726144
vn -0.70608014 -0.00098913349 -0.70813125
vn -0.70952332 -0.0090946648 0.70462334
vn -0.71084183 -0.015995821 0.70317
vn -0.71084094 -0.015992308 0.70317101
vn -0.7095269 -0.0091039995 0.70461947
vn -0.70341235 -0.014044737 0.71064323
vn -0.70710617 -1.0630987e-06 0.70710725
vn -0.70710623 -1.0645468e-06 0.70710731
vn -0.70341349 -0.014040046 0.7106421
vn 0.70714682 0.00095327152 0.70706618
vn 0.70699358 0.0023080334 0.70721626
vn 0.70699281 0.0023054015 0.70721692
vn 0.70714653 0.00095083978 0.70706648
vn 0.70370001 -0.011907599 -0.71039748
vn 0.70442265 0.013497863 -0.7096523
vn 0.70443416 0.013465203 -0.70964164
vn 0.7037012 -0.011902615 -0.71039635
vn 0.70710552 1.9999533e-07 -0.70710802
vn 0.70710671 9.561229e-07 -0.70710677
vn 0.70710677 9.5565383e-07 -0.70710677
vn 0.70710558 2.0004094e-07 -0.70710808
vn -0.70840156 0.0013094385 -0.70580846
vn -0.7060802 -0.0009890002 -0.70813119
vn -0.70608014 -0.00098913349 -0.70813125
vn -0.70840442 0.0013119156 -0.7058056
vn -0.7140305 -0.012695345 0.69999945
vn -0.70952332 -0.0090946648 0.70462334
vn -0.7095269 -0.0091039995 0.70461947
vn -0.71404171 -0.012689896 0.69998831
vn -0.70710617 -1.0630987e-06 0.70710725
vn -0.70710725 9.5611961e-07 0.70710629
vn -0.70710725 9.5614473e-07 0.70710629
vn -0.70710623 -1.0645468e-06 0.70710731
vn 0.70699358 0.0023080334 0.70721626
vn 0.70515579 0.001637346 0.70905048
vn 0.70515376 0.0016393319 0.7090525
vn 0.70699281 0.0023054015 0.70721692
vn 0.70442265 0.013497863 -0.7096523
vn 0.71584553 0.0072657154 -0.69822079
vn 0.71579874 0.0073158173 -0.69826829
vn 0.70443416 0.013465203 -0.70964164
vn 0.70710737 -1.557299e-06 -0.70710623
vn 0.70710552 1.9999533e-07 -0.70710802
vn 0.70710558 2.0004094e-07 -0.70710808
vn 0.70710737 -1.5573278e-06 -0.70710623
vn -0.71232027 0.0012957513 -0.70185328
vn -0.70840156 0.0013094385 -0.70580846
vn -0.70840442 0.0013119156 -0.7058056
vn -0.71193892 0.0016138918 -0.70223957
vn -0.71414423 -0.006828425 0.69996518
vn -0.7140305 -0.012695345 0.69999945
vn -0.71404171 -0.012689896 0.69998831
vn -0.7141574 -0.00685221 0.69995165
vn -0.70710725 9.5611961e-07 0.70710629
vn -0.70710737 5.3411611e-07 0.70710623
vn -0.70710737 5.3446081e-07 0.70710629
vn -0.70710725 9.5614473e-07 0.70710629
vn 0.71584553 0.0072657154 -0.69822079
vn 0.72094864 -0.0029379402 -0.69298232
vn 0.720873 -0.002894809 -0.69306123
vn 0.71579874 0.0073158173 -0.69826829
vn 0.70515579 0.001637346 0.70905048
vn 0.70185769 0.0012957565 0.71231616
vn 0.70224339 0.0016138892 0.7119351
vn 0.70515376 0.0016393319 0.7090525
vn 0.64424682 -0.41218066 0.64424622
vn 0.69736063 -0.16545294 0.69736189
vn 0.69736063 -0.16545297 0.69736183
vn 0.64424682 -0.41218057 0.64424616
vn 0.56896287 -0.59376913 0.56896365
vn 0.64424682 -0.41218066 0.64424622
vn 0.64424682 -0.41218057 0.64424616
vn 0.56896287 -0.59376913 0.56896365
vn 0.4285928 -0.79537225 0.42859209
vn 0.56896287 -0.59376913 0.56896365
vn 0.56896287 -0.59376913 0.56896365
vn 0.4285928 -0.79537225 0.42859209
vn 0.28375426 -0.91595161 0.28375357
vn 0.4285928 -0.79537225 0.42859209
vn 0.4285928 -0.79537225 0.42859209
vn 0.28375411 -0.91595179 0.28375342
vn 0.180508 -0.96684903 0.18060967
vn 0.28375426 -0.91595161 0.28375357
vn 0.28375411 -0.91595179 0.28375342
vn 0.18050796 -0.96684903 0.18060964
vn -0.69736147 -0.16545285 0.69736105
vn -0.64424682 -0.41218084 0.64424604
vn -0.64424694 -0.41218057 0.6442461
vn -0.69736147 -0.16545287 0.69736093
vn -0.64424682 -0.41218084 0.64424604
vn -0.56896418 -0.59376913 0.56896222
vn -0.5689643 -0.59376889 0.5689624
vn -0.64424694 -0.41218057 0.6442461
vn -0.56896418 -0.59376913 0.56896222
vn -0.42859089 -0.79537624 0.42858666
vn -0.42859784 -0.79536873 0.42859361
vn -0.5689643 -0.59376889 0.5689624
vn -0.42859089 -0.79537624 0.42858666
vn -0.28339857 -0.91586667 0.28438279
vn -0.28337467 -0.91588128 0.2843594
vn -0.42859784 -0.79536873 0.42859361
vn -0.28339857 -0.91586667 0.28438279
vn -0.18009463 -0.96673113 0.18165053
vn -0.1795478 -0.96693617 0.18109961
vn -0.28337467 -0.91588128 0.2843594
vn 0.64423919 -0.41219676 -0.64424342
vn 0.69735962 -0.16545337 -0.69736272
vn 0.69735962 -0.16545324 -0.69736272
vn 0.64424521 -0.41217819 -0.64424938
vn 0.57061112 -0.59313315 -0.56797534
vn 0.64423919 -0.41219676 -0.64424342
vn 0.64424521 -0.41217819 -0.64424938
vn 0.57057875 -0.59319711 -0.56794119
vn 0.43155205 -0.79459006 -0.42707092
vn 0.57061112 -0.59313315 -0.56797534
vn 0.57057875 -0.59319711 -0.56794119
vn 0.43059012 -0.795623 -0.42611754
vn 0.28015545 -0.91528428 -0.289426
vn 0.43155205 -0.79459006 -0.42707092
vn 0.43059012 -0.795623 -0.42611754
vn 0.27972963 -0.91551614 -0.28910479
vn 0.16964933 -0.96767533 -0.18661116
vn 0.28015545 -0.91528428 -0.289426
vn 0.27972963 -0.91551614 -0.28910479
vn 0.17545268 -0.96539867 -0.19292958
vn -0.18009463 -0.96673113 0.18165053
vn -0.12303179 -0.98460585 0.12415562
vn -0.12303179 -0.98460585 0.12415562
vn -0.1795478 -0.96693617 0.18109961
vn 0.11616952 -0.98489779 -0.12837778
vn 0.16964933 -0.96767533 -0.18661116
vn 0.17545268 -0.96539867 -0.19292958
vn 0.11616952 -0.98489779 -0.12837778
vn -0.64420247 -0.41227791 -0.64422816
vn -0.69736141 -0.16545255 -0.69736111
vn -0.69736147 -0.16545264 -0.69736117
vn -0.64424425 -0.41214764 -0.64426988
vn -0.56113601 -0.59080124 -0.57972443
vn -0.64420247 -0.41227791 -0.64422816
vn -0.64424425 -0.41214764 -0.64426988
vn -0.56176132 -0.58978999 -0.58014834
vn -0.41708848 -0.79063171 -0.44826192
vn -0.56113601 -0.59080124 -0.57972443
vn -0.56176132 -0.58978999 -0.58014834
vn -0.41174269 -0.7966159 -0.44257325
vn -0.27657479 -0.91651165 -0.28898567
vn -0.41708848 -0.79063171 -0.44826192
vn -0.41174269 -0.7966159 -0.44257325
vn -0.27628231 -0.91672045 -0.28860295
vn -0.18051769 -0.96684515 -0.18062064
vn -0.27657479 -0.91651165 -0.28898567
vn -0.27628231 -0.91672045 -0.28860295
vn -0.18046421 -0.96686518 -0.18056726
vn 0.12364726 -0.98456705 0.12385061
vn 0.180508 -0.96684903 0.18060967
vn 0.18050796 -0.96684903 0.18060964
vn 0.12364726 -0.98456705 0.12385061
vn -0.12361015 -0.98457772 -0.12380306
vn -0.18051769 -0.96684515 -0.18062064
vn -0.18046421 -0.96686518 -0.18056726
vn -0.12361015 -0.98457772 -0.12380306
vn -0.71084183 -0.015995821 0.70317
vn -0.71394932 -0.02777387 0.69964641
vn -0.71394932 -0.02777387 0.69964641
vn -0.71084094 -0.015992308 0.70317101
vn -0.70548207 0.0014724941 -0.70872623
vn -0.7018525 0.0012958172 -0.71232122
vn -0.70223874 0.0016138059 -0.71193975
vn -0.70547962 0.0014747326 -0.70872867
vn 0.71195334 -0.022076629 0.70187962
vn 0.70815986 -0.0055085514 0.70603079
vn 0.70816433 -0.0055185026 0.70602614
vn 0.7119413 -0.022006767 0.7018941
vn 0.70872384 0.0014728565 0.70548439
vn 0.70710593 7.5612439e-07 0.70710778
vn 0.70710588 7.5563935e-07 0.70710778
vn 0.70872641 0.0014750969 0.70548189
vn -0.71696633 0.0010099584 -0.69710702
vn -0.7047056 -0.007853657 -0.70945632
vn -0.70461017 -0.0078925621 -0.7095508
vn -0.71693885 0.0010106155 -0.69713533
vn 0.70361912 -0.013139065 0.71045572
vn 0.70109177 -0.027787264 0.71252942
vn 0.70109177 -0.027787264 0.71252942
vn 0.70361876 -0.013141158 0.71045613
vn -0.70710647 -3.7806302e-07 -0.70710707
vn -0.70548207 0.0014724941 -0.70872623
vn -0.70547962 0.0014747326 -0.70872867
vn -0.70710647 -3.7781959e-07 -0.70710707
vn -0.71404552 -0.028773118 -0.69950771
vn -0.71077132 -0.014809573 -0.70326722
vn -0.7107687 -0.014798782 -0.70327002
vn -0.71404552 -0.028773118 -0.69950771
vn 0.70710593 7.5612439e-07 0.70710778
vn 0.70718312 0.00014417023 0.70703042
vn 0.70718312 0.0001441747 0.70703042
vn 0.70710588 7.5563935e-07 0.70710778
vn 0.71419847 -0.035435952 0.69904566
vn 0.71195334 -0.022076629 0.70187962
vn 0.7119413 -0.022006767 0.7018941
vn 0.71419847 -0.035435952 0.69904566
vn -0.7047056 -0.007853657 -0.70945632
vn -0.68302917 -0.01654627 -0.73020369
vn -0.68302917 -0.01654627 -0.73020369
vn -0.70461017 -0.0078925621 -0.7095508
vn -0.70718372 -0.00014474955 -0.70702982
vn -0.70710647 -3.7806302e-07 -0.70710707
vn -0.70710647 -3.7781959e-07 -0.70710707
vn -0.70718372 -0.00014475381 -0.70702982
vn 0.70718312 0.00014417023 0.70703042
vn 0.70662314 0.00089601288 0.70758951
vn 0.70662296 0.00089621404 0.70758975
vn 0.70718312 0.0001441747 0.70703042
vn 0.71100461 0.0026273855 -0.70318246
vn 0.71232152 0.0012960698 -0.70185214
vn 0.71193987 0.0016142991 -0.70223856
vn 0.7110036 0.0026278652 -0.70318335
vn -0.70872593 0.0014730282 0.70548236
vn -0.71232176 0.0012954297 0.7018519
vn -0.71193999 0.0016134911 0.7022385
vn -0.70872843 0.0014752644 0.70547992
vn -0.70729995 -0.00056234538 -0.70691329
vn -0.70718372 -0.00014474955 -0.70702982
vn -0.70718372 -0.00014475381 -0.70702982
vn -0.70729995 -0.00056253676 -0.70691329
vn -0.7018531 0.0012957626 0.71232057
vn -0.70775342 0.00032953551 0.70645946
vn -0.7077477 0.00033345437 0.70646536
vn -0.70223939 0.0016138963 0.71193904
vn 0.70662314 0.00089601288 0.70758951
vn 0.70361912 -0.013139065 0.71045572
vn 0.70361876 -0.013141158 0.71045613
vn 0.70662296 0.00089621404 0.70758975
vn 0.72094864 -0.0029379402 -0.69298232
vn 0.71100461 0.0026273855 -0.70318246
vn 0.7110036 0.0026278652 -0.70318335
vn 0.720873 -0.002894809 -0.69306123
vn -0.71077132 -0.014809573 -0.70326722
vn -0.70729995 -0.00056234538 -0.70691329
vn -0.70729995 -0.00056253676 -0.70691329
vn -0.7107687 -0.014798782 -0.70327002
vn -0.70710737 5.3411611e-07 0.70710623
vn -0.70872593 0.0014730282 0.70548236
vn -0.70872843 0.0014752644 0.70547992
vn -0.70710737 5.3446081e-07 0.70710629
vn -0.70775342 0.00032953551 0.70645946
vn -0.71414423 -0.006828425 0.69996518
vn -0.7141574 -0.00685221 0.69995165
vn -0.7077477 0.00033345437 0.70646536
vn 0.70552802 0.0014627692 -0.70868045
vn 0.70710737 -1.557299e-06 -0.70710623
vn 0.70710737 -1.5573278e-06 -0.70710623
vn 0.70552069 0.001469555 -0.70868784
vn 0.70550722 0.0001013328 0.70870274
vn 0.70550722 0.0001013328 0.70870274
vn 0.70550698 0.00010604846 0.70870292
vn 0.70550698 0.00010604591 0.70870292
vn -0.7009747 -0.0081819603 -0.71313918
vn -0.7009747 -0.0081819603 -0.71313918
vn -0.69955784 -0.0014372664 -0.71457452
vn -0.6995576 -0.0014364099 -0.71457475
vn -0.70743316 -2.357592e-05 0.70678014
vn -0.70743316 -2.357592e-05 0.70678014
vn -0.70743263 -1.8116094e-05 0.70678079
vn -0.70743269 -1.8116405e-05 0.70678073
vn 0.00089463621 -0.67105937 -0.74140298
vn 0.00089384511 -0.67197859 -0.74056995
vn 0.00096886774 -0.57058859 -0.82123548
vn 0.81382352 -0.58111018 0.0014841128
vn 0.81467015 -0.57992291 0.0014436808
vn 0.77861255 -0.62750334 0.0013807721
vn 0.73611075 -0.6768598 0.0013376224
vn -0.0012843774 -0.58021319 0.81446362
vn 0.00080892968 -0.67818022 0.73489523
vn 0.0014173954 -0.70473504 0.70946932
vn -0.8139829 -0.58088762 -0.0011834895
vn -0.73511082 -0.67794603 -0.0010572188
vn -0.73527312 -0.67777002 -0.001057477
vn 0.0014173954 -0.70473504 0.70946932
vn 0.00080892968 -0.67818022 0.73489523
vn 0.0031931729 -0.77719975 0.62924582
vn 0.0031931729 -0.77719975 0.62924582
vn -0.6995576 -0.0014364099 -0.71457475
vn -0.69955784 -0.0014372664 -0.71457452
vn -0.69660425 0.012123142 -0.71735311
vn 0.70707697 1.5513979e-05 -0.70713663
vn 0.70707703 1.5509642e-05 -0.70713663
vn 0.70707428 1.8070801e-05 -0.70713931
vn 0.70550698 0.00010604591 0.70870292
vn 0.70550698 0.00010604846 0.70870292
vn 0.70550662 0.00011552955 0.70870334
vn 0.70550662 0.00011552955 0.70870334
vn -0.70743269 -1.8116405e-05 0.70678073
vn -0.70743263 -1.8116094e-05 0.70678079
vn -0.7074315 -7.1384179e-06 0.70678192
vn 0.00089463621 -0.67105937 -0.74140298
vn 0.00079066918 -0.77324152 -0.63411117
vn 0.00089384511 -0.67197859 -0.74056995
vn 0.77861255 -0.62750334 0.0013807721
vn 0.81467015 -0.57992291 0.0014436808
vn 0.81651616 -0.57732099 0.0013552136
vn -0.73511082 -0.67794603 -0.0010572188
vn -0.63093174 -0.7758379 -0.00089272461
vn -0.73527312 -0.67777002 -0.001057477
vn 0.77861255 -0.62750334 0.0013807721
vn 0.6333214 -0.77388805 0.0011447966
vn 0.73611075 -0.6768598 0.0013376224
vn 0.99230617 -0.12363418 -0.0065673687
vn 0.99122226 -0.13207269 -0.0059334058
vn 0.99994648 -0.0073163128 -0.0073139323
vn 0.99994648 -0.0073163128 -0.0073139323
vn -0.71232027 0.0012957513 -0.70185328
vn -0.71193892 0.0016138918 -0.70223957
vn -0.71387088 0 -0.70027733
vn -0.71387088 0 -0.70027733
vn 0 -0.12968723 0.99155492
vn 0 -0.12121729 0.99262601
vn 0 0 1
vn 0 0 1
vn 0 -0.12121608 -0.99262613
vn 0 -0.12968621 -0.99155509
vn 0 0 -1
vn 0 0 -1
vn -0.70223874 0.0016138059 -0.71193975
vn -0.7018525 0.0012958172 -0.71232122
vn -0.70027643 6.9389534e-07 -0.71387178
vn -0.70027643 6.9389534e-07 -0.71387178
vn 0.99147046 -0.13032912 -0.00081840565
vn 0.99254721 -0.12185921 -0.00067694508
vn 1 0 0
vn 1 0 0
vn -0.69736147 -0.16545264 -0.69736117
vn -0.69736141 -0.16545255 -0.69736111
vn -0.70710623 0 -0.70710731
vn -0.70710623 0 -0.70710731
vn -0.71193999 0.0016134911 0.7022385
vn -0.71232176 0.0012954297 0.7018519
vn -0.71387357 0 0.70027453
vn -0.71387357 0 0.70027453
vn 0.70224339 0.0016138892 0.7119351
vn 0.70185769 0.0012957565 0.71231616
vn 0.70028371 0 0.71386462
vn 0.70028371 0 0.71386462
vn -0.99254715 -0.12185927 -0.00067658635
vn -0.99147046 -0.13032921 -0.00081807154
vn -1 0 0
vn -1 0 0
vn -0.69736147 -0.16545285 0.69736105
vn -0.69736147 -0.16545287 0.69736093
vn -0.70710725 0 0.70710623
vn -0.70710725 0 0.70710623
vn 0.71193987 0.0016142991 -0.70223856
vn 0.71232152 0.0012960698 -0.70185214
vn 0.71387291 0 -0.7002753
vn 0.71387291 0 -0.7002753
vn -0.00082753738 -0.13032493 -0.99147105
vn -0.00070227456 -0.12184735 -0.99254858
vn 0 0 -1
vn 0 0 -1
vn 0.69735962 -0.16545324 -0.69736272
vn 0.69735962 -0.16545337 -0.69736272
vn 0.7071026 0 -0.70711088
vn 0.7071026 0 -0.70711088
vn -0.99147052 -0.13032918 0.00082015671
vn -0.99254739 -0.12185757 0.0006818074
vn -1 0 0
vn -1 0 0
vn 0.69736063 -0.16545297 0.69736183
vn 0.69736063 -0.16545294 0.69736189
vn 0.70710415 0 0.70710933
vn 0.70710415 0 0.70710933
vn -0.00070192356 -0.12184685 0.9925487
vn -0.00082720548 -0.13032475 0.99147105
vn 0 0 1
vn 0 0 1
vn -0.7018531 0.0012957626 0.71232057
vn -0.70223939 0.0016138963 0.71193904
vn -0.70027667 0 0.71387154
vn -0.70027667 0 0.71387154
vn 0.70707834 1.423552e-05 -0.70713526
vn 0.70707834 1.423552e-05 -0.70713526
vn 0.70707703 1.5509642e-05 -0.70713663
vn 0.70707697 1.5513979e-05 -0.70713663
vn 0.34694594 -0.93788511 -1.9506868e-07
vn 0.52573216 -0.85065019 -1.2197587e-07
vn 0.5257321 -0.85065013 0
vn 0.34694594 -0.93788511 0
vn 0.7264539 -0.68721521 0
vn 0.88468319 -0.46619189 0.0007763516
vn 0.88484007 -0.46589372 0.0010396944
vn 0.72645372 -0.68721533 0
vn 0.95222056 -0.30541113 5.581574e-06
vn 0.99122226 -0.13207269 -0.0059334058
vn 0.99230617 -0.12363418 -0.0065673687
vn 0.95214945 -0.30562723 -0.0018614248
vn 0.70188427 0.0012870865 -0.71228993
vn 0.70552802 0.0014627692 -0.70868045
vn 0.70552069 0.001469555 -0.70868784
vn 0.7022838 0.0016083815 -0.71189535
vn -0.52573192 -0.85065031 1.8063238e-08
vn -0.72645384 -0.68721527 -2.5455239e-07
vn -0.68317097 -0.73025841 -3.8861194e-07
vn -0.49164569 -0.87079531 1.2733803e-07
vn -0.72645384 -0.68721527 -2.5455239e-07
vn -0.88468319 -0.46619195 0.00077586697
vn -0.87158632 -0.49024183 0.00037766638
vn -0.68317097 -0.73025841 -3.8861194e-07
vn 0.70028001 -7.0750076e-07 -0.71386826
vn 0.70188427 0.0012870865 -0.71228993
vn 0.7022838 0.0016083815 -0.71189535
vn 0.70028001 -7.0750076e-07 -0.71386826
vn 0.52573216 -0.85065019 -1.2197587e-07
vn 0.7264539 -0.68721521 0
vn 0.72645372 -0.68721533 0
vn 0.5257321 -0.85065013 0
vn 0.88468319 -0.46619189 0.0007763516
vn 0.95222056 -0.30541113 5.581574e-06
vn 0.95214945 -0.30562723 -0.0018614248
vn 0.88484007 -0.46589372 0.0010396944
vn -0.34694621 -0.93788505 1.339623e-07
vn -0.52573192 -0.85065031 1.8063238e-08
vn -0.49164569 -0.87079531 1.2733803e-07
vn -0.298017 -0.95456064 2.7862879e-07
vn -7.431529e-07 -1 1.398801e-14
vn -0.34694621 -0.93788505 1.339623e-07
vn -0.298017 -0.95456064 2.7862879e-07
vn 6.7152641e-08 -1 -6.4041749e-14
vn -7.431529e-07 -1 1.398801e-14
vn 0.34694594 -0.93788511 -1.9506868e-07
vn 0.34694594 -0.93788511 0
vn -1.4765277e-06 -1 0
vn -0.88468319 -0.46619195 0.00077586697
vn -0.95142019 -0.30789044 0.0017901674
vn -0.94724387 -0.32050914 0.0016981363
vn -0.87158632 -0.49024183 0.00037766638
vn -0.95142019 -0.30789044 0.0017901674
vn -0.99147052 -0.13032918 0.00082015671
vn -0.94724387 -0.32050914 0.0016981363
vn 0 -0.68721563 0.72645354
vn -1.2381837e-07 -0.85020339 0.52645433
vn -3.5623853e-07 -0.87020546 0.49268892
vn 0 -0.73025906 0.68317038
vn -0.00082720548 -0.13032475 0.99147105
vn -0.0017885289 -0.30790275 0.95141619
vn -0.0016552852 -0.32052901 0.94723731
vn -1.2381837e-07 -0.85020339 0.52645433
vn -1.2408675e-07 -0.93776232 0.34727779
vn -1.3089887e-07 -0.95466077 0.29769608
vn -3.5623853e-07 -0.87020546 0.49268892
vn 7.2692863e-08 -0.93788487 -0.34694675
vn 1.0037449e-07 -0.99999994 -0.00049528928
vn 0 -0.99999994 -0.00049465377
vn 0 -0.93788487 -0.34694666
vn -2.0206237e-07 -0.85064983 -0.52573264
vn 7.2692863e-08 -0.93788487 -0.34694675
vn 0 -0.93788487 -0.34694666
vn 0 -0.85064971 -0.52573276
vn -0.00075818005 -0.46621063 -0.88467348
vn -1.7868015e-07 -0.68721545 -0.72645366
vn 0 -0.68721533 -0.72645372
vn -0.0010391563 -0.46591529 -0.88482881
vn -0.00082753738 -0.13032493 -0.99147105
vn -0.0017889953 -0.30790338 -0.95141596
vn -0.0017324586 -0.30730203 -0.95161045
vn -0.00070227456 -0.12184735 -0.99254858
vn 0.71232039 0.0012957485 0.70185328
vn 0.70872384 0.0014728565 0.70548439
vn 0.70872641 0.0014750969 0.70548189
vn 0.7119388 0.0016138895 0.70223957
vn -0.0017885289 -0.30790275 0.95141619
vn -0.00075787725 -0.46621096 0.88467318
vn -0.0003513534 -0.49025342 0.87157995
vn -0.0016552852 -0.32052901 0.94723731
vn -0.00075787725 -0.46621096 0.88467318
vn 0 -0.68721563 0.72645354
vn 0 -0.73025906 0.68317038
vn -0.0003513534 -0.49025342 0.87157995
vn -1.2408675e-07 -0.93776232 0.34727779
vn 1.0037449e-07 -0.99999994 -0.00049528928
vn 2.0050008e-07 -1 -0.00018681295
vn -1.3089887e-07 -0.95466077 0.29769608
vn -1.7868015e-07 -0.68721545 -0.72645366
vn -2.0206237e-07 -0.85064983 -0.52573264
vn 0 -0.85064971 -0.52573276
vn 0 -0.68721533 -0.72645372
vn -0.0017889953 -0.30790338 -0.95141596
vn -0.00075818005 -0.46621063 -0.88467348
vn -0.0010391563 -0.46591529 -0.88482881
vn -0.0017324586 -0.30730203 -0.95161045
vn 0.71387148 0 0.70027667
vn 0.71232039 0.0012957485 0.70185328
vn 0.7119388 0.0016138895 0.70223957
vn 0.71387148 0 0.70027667
vn 0.72725374 -0.68636858 8.6157002e-08
vn 0.88580644 -0.4640542 -0.00077997107
vn 0.8730638 -0.48760581 -0.0003831934
vn 0.68301326 -0.73040599 2.3339322e-07
vn 0.88580644 -0.4640542 -0.00077997107
vn 0.95142126 -0.30788681 -0.0017903799
vn 0.94724584 -0.32050338 -0.001706626
vn 0.8730638 -0.48760581 -0.0003831934
vn 0.34694642 -0.93788487 -1.3366126e-07
vn 0.52467239 -0.85130423 2.4380695e-08
vn 0.49109697 -0.8711049 -7.9279637e-08
vn 0.29801744 -0.95456034 -2.780466e-07
vn -0.5257318 -0.85065037 -3.7000746e-08
vn -0.72645366 -0.68721545 -4.4406272e-07
vn -0.72645372 -0.68721545 0
vn -0.52573222 -0.85065013 0
vn -0.88468546 -0.46618775 -0.00078047899
vn -0.9514212 -0.30788711 -0.0017901941
vn -0.95161593 -0.30728519 -0.0017066622
vn -0.88484269 -0.46588865 -0.001039096
vn -0.34694594 -0.93788511 1.6413395e-07
vn -0.5257318 -0.85065037 -3.7000746e-08
vn -0.52573222 -0.85065013 0
vn -0.34694585 -0.93788511 0
vn 6.2581307e-07 -1 -9.3253415e-15
vn 0.34694642 -0.93788487 -1.3366126e-07
vn 0.29801744 -0.95456034 -2.780466e-07
vn -3.3576299e-07 -1 -2.7446446e-14
vn 0.95142126 -0.30788681 -0.0017903799
vn 0.99147046 -0.13032912 -0.00081840565
vn 0.94724584 -0.32050338 -0.001706626
vn 0.52467239 -0.85130423 2.4380695e-08
vn 0.72725374 -0.68636858 8.6157002e-08
vn 0.68301326 -0.73040599 2.3339322e-07
vn 0.49109697 -0.8711049 -7.9279637e-08
vn 6.2581307e-07 -1 -9.3253415e-15
vn -0.34694594 -0.93788511 1.6413395e-07
vn -0.34694585 -0.93788511 0
vn 1.3983008e-06 -1 0
vn -0.72645366 -0.68721545 -4.4406272e-07
vn -0.88468546 -0.46618775 -0.00078047899
vn -0.88484269 -0.46588865 -0.001039096
vn -0.72645372 -0.68721545 0
vn -0.9514212 -0.30788711 -0.0017901941
vn -0.99147046 -0.13032921 -0.00081807154
vn -0.99254715 -0.12185927 -0.00067658635
vn -0.95161593 -0.30728519 -0.0017066622
vn 0 -0.4665733 -0.88448244
vn 0 -0.68721592 -0.72645313
vn 0 -0.730259 -0.68317044
vn 0 -0.49030238 -0.87155241
vn 0 -0.68721515 0.72645396
vn -1.2137147e-07 -0.85065001 0.52573234
vn 0 -0.85064983 0.52573258
vn 0 -0.68721527 0.72645372
vn 0 -0.30784291 0.95143712
vn 0 -0.46657231 0.88448304
vn 0 -0.4665724 0.88448304
vn 0 -0.30784342 0.95143706
vn -1.2160716e-07 -0.93788481 0.34694684
vn 9.9828604e-08 -1 3.4224158e-08
vn 0 -1 -4.2046835e-07
vn 0 -0.93788481 0.34694701
vn 0 -0.68721592 -0.72645313
vn 0 -0.85065001 -0.52573246
vn 0 -0.87059873 -0.49199387
vn 0 -0.730259 -0.68317044
vn 0 -0.12968621 -0.99155509
vn 0 -0.30784222 -0.95143741
vn 0 -0.31993416 -0.94743979
vn 0 -0.85065001 -0.52573246
vn 9.7429705e-08 -0.93788499 -0.34694642
vn 2.8488162e-07 -0.95431566 -0.29880056
vn 0 -0.87059873 -0.49199387
vn 0 -0.30784222 -0.95143741
vn 0 -0.4665733 -0.88448244
vn 0 -0.49030238 -0.87155241
vn 0 -0.31993416 -0.94743979
vn 9.7429705e-08 -0.93788499 -0.34694642
vn 9.9828604e-08 -1 3.4224158e-08
vn 1.9659802e-07 -0.99999267 0.0038290615
vn 2.8488162e-07 -0.95431566 -0.29880056
vn 0 -0.46657231 0.88448304
vn 0 -0.68721515 0.72645396
vn 0 -0.68721527 0.72645372
vn 0 -0.4665724 0.88448304
vn 0 -0.12968723 0.99155492
vn 0 -0.30784291 0.95143712
vn 0 -0.30784342 0.95143706
vn 0 -0.12121729 0.99262601
vn -1.2137147e-07 -0.85065001 0.52573234
vn -1.2160716e-07 -0.93788481 0.34694684
vn 0 -0.93788481 0.34694701
vn 0 -0.85064983 0.52573258
vn 0 -0.93776274 0.34727666
vn 0 -0.99999994 -0.00049574871
vn 0 -0.99999994 -0.00049596379
vn 0 -0.9377625 0.3472771
vn 0.29801661 -0.95456064 -1.7157357e-07
vn 0.49164546 -0.87079549 -1.7543027e-07
vn 0.5257324 -0.85065001 -6.0987986e-08
vn 0.346946 -0.93788511 -9.7534333e-08
vn 0.49164546 -0.87079549 -1.7543027e-07
vn 0.68317038 -0.730259 0
vn 0.72645372 -0.68721527 2.0666414e-07
vn 0.5257324 -0.85065001 -6.0987986e-08
vn 0.68317038 -0.730259 0
vn 0.87158638 -0.49024165 0.00037903091
vn 0.88468325 -0.46619195 0.00077712454
vn 0.72645372 -0.68721527 2.0666414e-07
vn 0.87158638 -0.49024165 0.00037903091
vn 0.94819331 -0.31768966 0.0016720586
vn 0.95222056 -0.30541119 8.3898967e-06
vn 0.88468325 -0.46619195 0.00077712454
vn 0.94819331 -0.31768966 0.0016720586
vn 0.99122214 -0.1320734 -0.0059341751
vn 0.95222056 -0.30541119 8.3898967e-06
vn 8.6339099e-08 -1 -2.287205e-14
vn -0.29801735 -0.95456046 1.3558112e-07
vn -0.34694633 -0.93788499 2.669729e-07
vn 8.7516037e-07 -1 -1.1073841e-12
vn 3.8601023e-08 -0.87079549 0.49164546
vn 3.4453222e-08 -0.85065013 0.5257321
vn 2.4312624e-07 -0.68721569 0.72645342
vn 3.6174609e-07 -0.730259 0.68317044
vn 3.6174609e-07 -0.730259 0.68317044
vn 2.4312624e-07 -0.68721569 0.72645342
vn 4.826336e-07 -0.46657246 0.88448292
vn 9.282661e-07 -0.49030125 0.871553
vn 9.282661e-07 -0.49030125 0.871553
vn 4.826336e-07 -0.46657246 0.88448292
vn 6.2452045e-07 -0.30784294 0.95143718
vn 1.2244088e-06 -0.31993583 0.94743919
vn 1.2244088e-06 -0.31993583 0.94743919
vn 6.2452045e-07 -0.30784294 0.95143718
vn 1.010735e-07 -0.12968726 0.99155498
vn 0.3469457 -0.93788517 -3.6357682e-07
vn 0.52467245 -0.85130423 0
vn 0.52467269 -0.85130399 4.2600664e-08
vn 0.34694612 -0.93788505 -2.0602691e-07
vn -6.8448293e-07 -1 0
vn -0.3469469 -0.93788481 0
vn -0.3469463 -0.93788505 8.5391683e-08
vn -1.711207e-07 -0.99999994 -1.2441696e-08
vn 0 -0.95456058 -0.29801717
vn 0 -0.93788522 -0.34694588
vn 7.0534568e-08 -0.85065025 -0.52573192
vn 7.7874752e-08 -0.8711561 -0.49100614
vn 7.7874752e-08 -0.8711561 -0.49100614
vn 7.0534568e-08 -0.85065025 -0.52573192
vn -1.512408e-07 -0.68721533 -0.72645372
vn -9.8269389e-08 -0.72913748 -0.68436718
vn -9.8269389e-08 -0.72913748 -0.68436718
vn -1.512408e-07 -0.68721533 -0.72645372
vn -0.00075839931 -0.46621069 -0.8846733
vn -0.00035585323 -0.48959661 -0.87194896
vn -0.00035585323 -0.48959661 -0.87194896
vn -0.00075839931 -0.46621069 -0.8846733
vn -0.0017888319 -0.30790254 -0.95141631
vn -0.0016560126 -0.32052889 -0.94723737
vn -0.0016560126 -0.32052889 -0.94723737
vn -0.0017888319 -0.30790254 -0.95141631
vn -0.00082720566 -0.13032478 -0.99147099
vn 1.7267813e-07 -1 -2.4883311e-08
vn 0.29801661 -0.95456064 -1.7157357e-07
vn 0.346946 -0.93788511 -9.7534333e-08
vn -1.711207e-07 -0.99999994 -1.2441696e-08
vn -0.49164575 -0.87079531 7.9181632e-08
vn -0.68316978 -0.73025966 -2.3400166e-07
vn -0.72645366 -0.68721551 -8.638947e-08
vn -0.5257321 -0.85065013 -2.4667264e-08
vn -0.68316978 -0.73025966 -2.3400166e-07
vn -0.87158805 -0.49023873 -0.00038508649
vn -0.88468564 -0.46618742 -0.00078072475
vn -0.72645366 -0.68721551 -8.638947e-08
vn -0.87158805 -0.49023873 -0.00038508649
vn -0.94724548 -0.32050443 -0.0017045861
vn -0.95142102 -0.30788767 -0.0017880207
vn -0.88468564 -0.46618742 -0.00078072475
vn -0.94724548 -0.32050443 -0.0017045861
vn -0.99147028 -0.13032982 -0.00081759586
vn -0.95142102 -0.30788767 -0.0017880207
vn -0.29801735 -0.95456046 1.3558112e-07
vn -0.49164575 -0.87079531 7.9181632e-08
vn -0.5257321 -0.85065013 -2.4667264e-08
vn -0.34694633 -0.93788499 2.669729e-07
vn -0.88483948 -0.46589488 0.001038595
vn -0.9516148 -0.30728877 0.0017117591
vn -0.95142007 -0.30789042 0.0017928795
vn -0.88468277 -0.4661929 0.00077636936
vn -0.52573299 -0.8506496 0
vn -0.72645342 -0.68721575 0
vn -0.7264533 -0.68721581 0
vn -0.52573282 -0.85064971 6.0988057e-08
vn -0.9516148 -0.30728877 0.0017117591
vn -0.99254739 -0.12185732 0.00068216905
vn -0.99147046 -0.13032895 0.00082110125
vn -0.95142007 -0.30789042 0.0017928795
vn -0.72645342 -0.68721575 0
vn -0.88483948 -0.46589488 0.001038595
vn -0.88468277 -0.4661929 0.00077636936
vn -0.7264533 -0.68721581 0
vn 5.7522936e-08 -0.95456052 0.29801714
vn 1.9573481e-08 -0.93788511 0.34694591
vn 3.4453222e-08 -0.85065013 0.5257321
vn 3.8601023e-08 -0.87079549 0.49164546
vn -0.0017324572 -0.30730179 0.95161057
vn -0.0010391554 -0.46591529 0.88482881
vn -0.00075826707 -0.46621042 0.88467354
vn -0.0017892909 -0.30790216 0.95141637
vn 0 -0.68721563 0.72645354
vn 0 -0.85020393 0.52645338
vn 0 -0.85020357 0.52645397
vn 2.1817738e-07 -0.68721527 0.72645378
vn -1.5645327e-07 -1 2.6856985e-12
vn 0.3469457 -0.93788517 -3.6357682e-07
vn 0.34694612 -0.93788505 -2.0602691e-07
vn 8.7516037e-07 -1 -1.1073841e-12
vn -0.00070227357 -0.12184718 0.99254864
vn -0.0017324572 -0.30730179 0.95161057
vn -0.0017892909 -0.30790216 0.95141637
vn -0.00082753762 -0.13032486 0.99147093
vn -0.0010391554 -0.46591529 0.88482881
vn 0 -0.68721563 0.72645354
vn 2.1817738e-07 -0.68721527 0.72645378
vn -0.00075826707 -0.46621042 0.88467354
vn 0 -0.85020393 0.52645338
vn 0 -0.93776274 0.34727666
vn 0 -0.9377625 0.3472771
vn 0 -0.85020357 0.52645397
vn 0.95161581 -0.30728561 -0.0017073784
vn 0.99254709 -0.12185974 -0.00067730935
vn 0.99147034 -0.13032976 -0.00081854156
vn 0.95142096 -0.30788773 -0.0017898281
vn 0.72725397 -0.68636841 0
vn 0.88596284 -0.46375519 -0.0010388319
vn 0.88580638 -0.46405444 -0.00077997323
vn 0.72725391 -0.68636847 4.3078504e-08
vn -0.3469469 -0.93788481 0
vn -0.52573299 -0.8506496 0
vn -0.52573282 -0.85064971 6.0988057e-08
vn -0.3469463 -0.93788505 8.5391683e-08
vn 0.88596284 -0.46375519 -0.0010388319
vn 0.95161581 -0.30728561 -0.0017073784
vn 0.95142096 -0.30788773 -0.0017898281
vn 0.88580638 -0.46405444 -0.00077997323
vn 0.52467245 -0.85130423 0
vn 0.72725397 -0.68636841 0
vn 0.72725391 -0.68636847 4.3078504e-08
vn 0.52467269 -0.85130399 4.2600664e-08
vn 0 -1 -0.0001869374
vn 0 -0.99999994 -0.00049596379
vn 0 -0.93788522 -0.34694588
vn 0 -0.95456058 -0.29801717
vn 0 -0.12121704 -0.99262595
vn 0 -0.30784294 -0.95143718
vn 9.7359612e-07 -0.30784285 -0.95143718
vn 2.0214699e-07 -0.12968723 -0.99155492
vn 0 -0.46657217 -0.88448316
vn 0 -0.68721527 -0.72645372
vn -3.8045914e-07 -0.68721527 -0.72645378
vn 6.9817737e-08 -0.46657205 -0.88448316
vn 0 -0.85065055 -0.52573168
vn 0 -0.93788511 -0.34694597
vn 0 -0.93788522 -0.34694588
vn -1.7036376e-07 -0.85065049 -0.52573174
vn 4.0724821e-08 -0.99999267 0.0038288084
vn 2.0055392e-08 -1 -4.9380554e-07
vn 1.9573481e-08 -0.93788511 0.34694591
vn 5.7522936e-08 -0.95456052 0.29801714
vn 0 -0.30784294 -0.95143718
vn 0 -0.46657217 -0.88448316
vn 6.9817737e-08 -0.46657205 -0.88448316
vn 9.7359612e-07 -0.30784285 -0.95143718
vn 0 -0.68721527 -0.72645372
vn 0 -0.85065055 -0.52573168
vn -1.7036376e-07 -0.85065049 -0.52573174
vn -3.8045914e-07 -0.68721527 -0.72645378
vn 0 -0.93788511 -0.34694597
vn 0 -1 -8.8982779e-07
vn 2.0055392e-08 -1 -4.9380554e-07
vn 0 -0.93788522 -0.34694588
vn -0.70695293 -0.00021588503 -0.70726055
vn -0.7169646 0.0010048713 -0.69710881
vn -0.71693712 0.0010055392 -0.69713712
vn -0.70695215 -0.000216752 -0.70726132
vn 0.69957113 -0.028055634 -0.71401197
vn 0.70369941 -0.011912783 -0.71039796
vn 0.70370072 -0.011907646 -0.71039677
vn 0.69957113 -0.028055634 -0.71401197
vn 0.7081607 -0.0055095823 0.70602995
vn 0.70714819 0.0009536462 0.70706481
vn 0.7071479 0.00095120794 0.70706505
vn 0.70816505 -0.0055195065 0.70602542
vn 0.71064228 -0.01403795 -0.70341331
vn 0.7140193 -0.028070822 -0.69956297
vn 0.7140193 -0.028070822 -0.69956297
vn 0.71064126 -0.014033658 -0.70341456
vn -0.69956028 -0.028082335 0.7140215
vn -0.70341128 -0.014042702 0.7106443
vn -0.70341265 -0.014038105 0.71064317
vn -0.69956028 -0.028082335 0.7140215
vn 0.70710707 -5.3476668e-08 -0.70710659
vn 0.71064228 -0.01403795 -0.70341331
vn 0.71064126 -0.014033658 -0.70341456
vn 0.70710701 -5.4444914e-08 -0.70710647
vn -0.70607841 -0.00098882429 -0.70813292
vn -0.70695293 -0.00021588503 -0.70726055
vn -0.70695215 -0.000216752 -0.70726132
vn -0.70607835 -0.000988952 -0.70813304
vn -0.7095226 -0.0090945186 0.70462406
vn -0.71084064 -0.015993873 0.70317131
vn -0.71083963 -0.015990315 0.70317239
vn -0.70952624 -0.0091039119 0.7046203
vn -0.70341128 -0.014042702 0.7106443
vn -0.70710742 -9.5611642e-07 0.70710617
vn -0.70710742 -9.556494e-07 0.70710605
vn -0.70341265 -0.014038105 0.71064317
vn 0.70714819 0.0009536462 0.70706481
vn 0.70699596 0.00230814 0.70721382
vn 0.70699525 0.0023055056 0.70721453
vn 0.7071479 0.00095120794 0.70706505
vn 0.70369941 -0.011912783 -0.71039796
vn 0.70442188 0.013494728 -0.7096532
vn 0.70443344 0.013462091 -0.70964247
vn 0.70370072 -0.011907646 -0.71039677
vn 0.70710737 1.7122431e-06 -0.70710617
vn 0.70710707 -5.3476668e-08 -0.70710659
vn 0.70710701 -5.4444914e-08 -0.70710647
vn 0.70710742 1.7122479e-06 -0.70710617
vn -0.70839918 0.0013077374 -0.70581079
vn -0.70607841 -0.00098882429 -0.70813292
vn -0.70607835 -0.000988952 -0.70813304
vn -0.70840204 0.0013102241 -0.70580786
vn -0.71403098 -0.012702166 0.69999892
vn -0.7095226 -0.0090945186 0.70462406
vn -0.70952624 -0.0091039119 0.7046203
vn -0.71404201 -0.012696727 0.69998759
vn -0.70710742 -9.5611642e-07 0.70710617
vn -0.70710891 5.5613015e-07 0.70710456
vn -0.70710897 5.5606398e-07 0.70710462
vn -0.70710742 -9.556494e-07 0.70710605
vn 0.70699596 0.00230814 0.70721382
vn 0.70515722 0.001635986 0.70904893
vn 0.70515531 0.0016379716 0.70905101
vn 0.70699525 0.0023055056 0.70721453
vn 0.70442188 0.013494728 -0.7096532
vn 0.71584666 0.0072636628 -0.69821972
vn 0.71579969 0.0073138736 -0.69826734
vn 0.70443344 0.013462091 -0.70964247
vn 0.7071082 7.5612326e-07 -0.7071054
vn 0.70710737 1.7122431e-06 -0.70710617
vn 0.70710742 1.7122479e-06 -0.70710617
vn 0.70710814 7.5563696e-07 -0.70710528
vn -0.71231866 0.001295432 -0.70185506
vn -0.70839918 0.0013077374 -0.70581079
vn -0.70840204 0.0013102241 -0.70580786
vn -0.71193749 0.0016134938 -0.702241
vn -0.71414709 -0.0068351864 0.69996232
vn -0.71403098 -0.012702166 0.69999892
vn -0.71404201 -0.012696727 0.69998759
vn -0.7141602 -0.0068590087 0.69994873
vn -0.70710891 5.5613015e-07 0.70710456
vn -0.7071076 2.5804729e-06 0.70710605
vn -0.70710754 2.5801885e-06 0.70710599
vn -0.70710897 5.5606398e-07 0.70710462
vn 0.71584666 0.0072636628 -0.69821972
vn 0.72094727 -0.0029411681 -0.69298363
vn 0.72087169 -0.0028980467 -0.6930626
vn 0.71579969 0.0073138736 -0.69826734
vn 0.70515722 0.001635986 0.70904893
vn 0.7018559 0.0012947953 0.71231788
vn 0.70224208 0.0016126924 0.71193647
vn 0.70515531 0.0016379716 0.70905101
vn 0.64424717 -0.41218069 0.6442458
vn 0.69736278 -0.16545197 0.6973598
vn 0.69736278 -0.16545185 0.69735986
vn 0.64424723 -0.41218066 0.64424586
vn 0.56896293 -0.59376967 0.56896293
vn 0.64424717 -0.41218069 0.6442458
vn 0.64424723 -0.41218066 0.64424586
vn 0.56896287 -0.59376967 0.56896287
vn 0.42859191 -0.79537255 0.42859259
vn 0.56896293 -0.59376967 0.56896293
vn 0.56896287 -0.59376967 0.56896287
vn 0.42859179 -0.79537249 0.4285925
vn 0.28375262 -0.91595209 0.28375366
vn 0.42859191 -0.79537255 0.42859259
vn 0.42859179 -0.79537249 0.4285925
vn 0.28375262 -0.91595203 0.28375366
vn 0.18050782 -0.96684891 0.18061006
vn 0.28375262 -0.91595209 0.28375366
vn 0.28375262 -0.91595203 0.28375366
vn 0.18050759 -0.96684903 0.18060982
vn -0.69736087 -0.1654525 0.69736165
vn -0.64424509 -0.41218111 0.64424765
vn -0.64424521 -0.41218069 0.64424783
vn -0.69736087 -0.16545254 0.69736165
vn -0.64424509 -0.41218111 0.64424765
vn -0.56896055 -0.59376991 0.56896508
vn -0.56896037 -0.59377021 0.5689649
vn -0.64424521 -0.41218069 0.64424783
vn -0.56896055 -0.59376991 0.56896508
vn -0.42858842 -0.79537654 0.42858854
vn -0.42859507 -0.79536933 0.42859519
vn -0.56896037 -0.59377021 0.5689649
vn -0.42858842 -0.79537654 0.42858854
vn -0.28339645 -0.91586679 0.28438464
vn -0.28337285 -0.91588122 0.28436151
vn -0.42859507 -0.79536933 0.42859519
vn -0.28339645 -0.91586679 0.28438464
vn -0.18009339 -0.96673083 0.18165307
vn -0.17954646 -0.96693599 0.18110196
vn -0.28337285 -0.91588122 0.28436151
vn 0.64423984 -0.41219655 -0.644243
vn 0.69736212 -0.16545194 -0.69736046
vn 0.69736218 -0.16545203 -0.69736058
vn 0.6442458 -0.41217783 -0.6442489
vn 0.57061225 -0.59313393 -0.56797361
vn 0.64423984 -0.41219655 -0.644243
vn 0.6442458 -0.41217783 -0.6442489
vn 0.57057983 -0.59319752 -0.56793946
vn 0.43155444 -0.79458892 -0.42707053
vn 0.57061225 -0.59313393 -0.56797361
vn 0.57057983 -0.59319752 -0.56793946
vn 0.43059233 -0.79562205 -0.426117
vn 0.28015423 -0.91528445 -0.28942692
vn 0.43155444 -0.79458892 -0.42707053
vn 0.43059233 -0.79562205 -0.426117
vn 0.27972841 -0.91551614 -0.28910571
vn 0.16964528 -0.96767592 -0.18661149
vn 0.28015423 -0.91528445 -0.28942692
vn 0.27972841 -0.91551614 -0.28910571
vn 0.17544839 -0.96539932 -0.19292983
vn -0.18009339 -0.96673083 0.18165307
vn -0.12303214 -0.98460543 0.12415757
vn -0.12303214 -0.98460543 0.12415757
vn -0.17954646 -0.96693599 0.18110196
vn 0.11616659 -0.98489827 -0.12837747
vn 0.16964528 -0.96767592 -0.18661149
vn 0.17544839 -0.96539932 -0.19292983
vn 0.11616659 -0.98489827 -0.12837747
vn -0.64420187 -0.41227835 -0.64422858
vn -0.69736123 -0.16545287 -0.69736123
vn -0.69736123 -0.16545303 -0.69736123
vn -0.6442436 -0.41214806 -0.64427024
vn -0.56113595 -0.59080207 -0.57972354
vn -0.64420187 -0.41227835 -0.64422858
vn -0.6442436 -0.41214806 -0.64427024
vn -0.56176114 -0.58979082 -0.5801475
vn -0.41708991 -0.79063213 -0.4482598
vn -0.56113595 -0.59080207 -0.57972354
vn -0.56176114 -0.58979082 -0.5801475
vn -0.41174415 -0.79661632 -0.44257113
vn -0.27657574 -0.91651165 -0.28898498
vn -0.41708991 -0.79063213 -0.4482598
vn -0.41174415 -0.79661632 -0.44257113
vn -0.2762832 -0.91672039 -0.28860226
vn -0.18051915 -0.96684492 -0.18062088
vn -0.27657574 -0.91651165 -0.28898498
vn -0.2762832 -0.91672039 -0.28860226
vn -0.18046576 -0.96686476 -0.18056756
vn 0.12364744 -0.98456699 0.1238512
vn 0.18050782 -0.96684891 0.18061006
vn 0.18050759 -0.96684903 0.18060982
vn 0.12364744 -0.98456699 0.1238512
vn -0.12361386 -0.98457718 -0.1238036
vn -0.18051915 -0.96684492 -0.18062088
vn -0.18046576 -0.96686476 -0.18056756
vn -0.12361386 -0.98457718 -0.1238036
vn -0.71084064 -0.015993873 0.70317131
vn -0.71394777 -0.027773974 0.69964796
vn -0.71394777 -0.027773974 0.69964796
vn -0.71083963 -0.015990315 0.70317239
vn -0.70548046 0.0014742985 -0.7087279
vn -0.70185244 0.001296078 -0.71232134
vn -0.70223862 0.0016143007 -0.71193987
vn -0.70547795 0.0014765399 -0.70873028
vn 0.71195239 -0.0220757 0.70188075
vn 0.7081607 -0.0055095823 0.70602995
vn 0.70816505 -0.0055195065 0.70602542
vn 0.71194017 -0.022005761 0.70189512
vn 0.7087279 0.0014732293 0.70548034
vn 0.70710838 0 0.70710528
vn 0.70710838 0 0.70710522
vn 0.7087304 0.0014754722 0.70547795
vn -0.7169646 0.0010048713 -0.69710881
vn -0.70470387 -0.007861984 -0.70945793
vn -0.7046085 -0.0079008695 -0.70955223
vn -0.71693712 0.0010055392 -0.69713712
vn 0.70361811 -0.013139135 0.71045685
vn 0.70109123 -0.027787412 0.71253002
vn 0.70109123 -0.027787412 0.71253002
vn 0.70361775 -0.013141227 0.71045721
vn -0.70710492 1.0682246e-06 -0.70710862
vn -0.70548046 0.0014742985 -0.7087279
vn -0.70547795 0.0014765399 -0.70873028
vn -0.70710486 1.0689052e-06 -0.70710868
vn -0.71404457 -0.02877325 -0.69950879
vn -0.71077055 -0.014810566 -0.70326799
vn -0.71076804 -0.014799924 -0.70327085
vn -0.71404457 -0.02877325 -0.69950879
vn 0.70710838 0 0.70710528
vn 0.70718354 0.00014245832 0.70703
vn 0.70718354 0.00014246228 0.70703
vn 0.70710838 0 0.70710522
vn 0.71419549 -0.035431981 0.69904894
vn 0.71195239 -0.0220757 0.70188075
vn 0.71194017 -0.022005761 0.70189512
vn 0.71419549 -0.035431981 0.69904894
vn -0.70470387 -0.007861984 -0.70945793
vn -0.68302864 -0.01655465 -0.73020387
vn -0.68302864 -0.01655465 -0.73020387
vn -0.7046085 -0.0079008695 -0.70955223
vn -0.70718414 -0.00014341495 -0.70702928
vn -0.70710492 1.0682246e-06 -0.70710862
vn -0.70710486 1.0689052e-06 -0.70710868
vn -0.70718426 -0.00014341892 -0.7070294
vn 0.70718354 0.00014245832 0.70703
vn 0.70662242 0.00089505629 0.70759022
vn 0.70662224 0.00089526398 0.70759052
vn 0.70718354 0.00014246228 0.70703
vn 0.71100086 0.0026253085 -0.70318627
vn 0.71231461 0.0012954208 -0.70185918
vn 0.71193331 0.0016134909 -0.70224512
vn 0.71099979 0.0026257881 -0.70318729
vn -0.70872498 0.0014728279 0.70548326
vn -0.7123183 0.0012947835 0.70185542
vn -0.71193707 0.0016126868 0.70224136
vn -0.7087276 0.0014750649 0.70548075
vn -0.70730019 -0.00056239497 -0.70691311
vn -0.70718414 -0.00014341495 -0.70702928
vn -0.70718426 -0.00014341892 -0.7070294
vn -0.70730019 -0.00056258874 -0.70691299
vn -0.70185596 0.0012956033 0.71231771
vn -0.707757 0.00032749461 0.70645583
vn -0.70775127 0.00033141568 0.70646179
vn -0.70224237 0.0016136995 0.71193624
vn 0.70662242 0.00089505629 0.70759022
vn 0.70361811 -0.013139135 0.71045685
vn 0.70361775 -0.013141227 0.71045721
vn 0.70662224 0.00089526398 0.70759052
vn 0.72094727 -0.0029411681 -0.69298363
vn 0.71100086 0.0026253085 -0.70318627
vn 0.71099979 0.0026257881 -0.70318729
vn 0.72087169 -0.0028980467 -0.6930626
vn -0.71077055 -0.014810566 -0.70326799
vn -0.70730019 -0.00056239497 -0.70691311
vn -0.70730019 -0.00056258874 -0.70691299
vn -0.71076804 -0.014799924 -0.70327085
vn -0.7071076 2.5804729e-06 0.70710605
vn -0.70872498 0.0014728279 0.70548326
vn -0.7087276 0.0014750649 0.70548075
vn -0.70710754 2.5801885e-06 0.70710599
vn -0.707757 0.00032749461 0.70645583
vn -0.71414709 -0.0068351864 0.69996232
vn -0.7141602 -0.0068590087 0.69994873
vn -0.70775127 0.00033141568 0.70646179
vn 0.70552629 0.0014635734 -0.70868224
vn 0.7071082 7.5612326e-07 -0.7071054
vn 0.70710814 7.5563696e-07 -0.70710528
vn 0.70551896 0.0014703601 -0.70868951
vn 0.70550954 0.00010368902 0.70870036
vn 0.70550954 0.00010368902 0.70870036
vn 0.70550829 0.00010523326 0.70870167
vn 0.70550835 0.00010523242 0.70870161
vn -0.7009784 -0.0081841964 -0.7131356
vn -0.7009784 -0.0081841964 -0.7131356
vn -0.69956148 -0.0014352687 -0.71457094
vn -0.6995613 -0.0014343758 -0.71457124
vn -0.70743203 -1.6503116e-05 0.70678133
vn -0.70743203 -1.6503116e-05 0.70678133
vn -0.70743179 -1.5763644e-05 0.70678157
vn -0.70743185 -1.576369e-05 0.70678157
vn 0.00088500133 -0.6710645 -0.74139839
vn 0.00088419765 -0.67198414 -0.740565
vn 0.00096057774 -0.57059973 -0.82122773
vn 0.81380677 -0.58113372 0.0014760492
vn 0.81441528 -0.58028162 0.0010134053
vn 0.77836984 -0.62780535 0.0010050841
vn 0.73611176 -0.67685866 0.0013358695
vn -0.0012818682 -0.58021867 0.81445974
vn 0.00081539538 -0.67818123 0.73489428
vn 0.0014239278 -0.70468897 0.70951492
vn -0.81397176 -0.58090311 -0.0011835231
vn -0.73510385 -0.67795372 -0.0010598077
vn -0.73526675 -0.67777693 -0.0010600616
vn 0.0014239278 -0.70468897 0.70951492
vn 0.00081539538 -0.67818123 0.73489428
vn 0.0032040603 -0.77719712 0.6292491
vn 0.0032040603 -0.77719712 0.6292491
vn -0.6995613 -0.0014343758 -0.71457124
vn -0.69956148 -0.0014352687 -0.71457094
vn -0.69660783 0.012133786 -0.71734947
vn 0.7070865 1.7849554e-05 -0.70712709
vn 0.7070865 1.7861448e-05 -0.70712709
vn 0.70708871 1.084248e-05 -0.70712489
vn 0.70550835 0.00010523242 0.70870161
vn 0.70550829 0.00010523326 0.70870167
vn 0.70550591 0.00010833803 0.70870405
vn 0.70550591 0.00010833803 0.70870405
vn -0.70743185 -1.576369e-05 0.70678157
vn -0.70743179 -1.5763644e-05 0.70678157
vn -0.7074315 -1.4276836e-05 0.70678192
vn 0.00088500133 -0.6710645 -0.74139839
vn 0.00077968161 -0.77324098 -0.63411176
vn 0.00088419765 -0.67198414 -0.740565
vn 0.77836984 -0.62780535 0.0010050841
vn 0.81441528 -0.58028162 0.0010134053
vn 0.81574452 -0.57841241 0
vn -0.73510385 -0.67795372 -0.0010598077
vn -0.63093287 -0.77583683 -0.00089818746
vn -0.73526675 -0.67777693 -0.0010600616
vn 0.77836984 -0.62780535 0.0010050841
vn 0.63334936 -0.7738651 0.0011503176
vn 0.73611176 -0.67685866 0.0013358695
vn 0.99230599 -0.12363497 -0.0065688649
vn 0.99122214 -0.1320734 -0.0059341751
vn 0.99994648 -0.0073163467 -0.0073169013
vn 0.99994648 -0.0073163467 -0.0073169013
vn -0.71231866 0.001295432 -0.70185506
vn -0.71193749 0.0016134938 -0.702241
vn -0.71386802 0 -0.70028013
vn -0.71386802 0 -0.70028013
vn 1.010735e-07 -0.12968726 0.99155498
vn 0 -0.12121703 0.99262595
vn 0 0 1
vn 0 0 1
vn 0 -0.12121704 -0.99262595
vn 2.0214699e-07 -0.12968723 -0.99155492
vn 0 0 -1
vn 0 0 -1
vn -0.70223862 0.0016143007 -0.71193987
vn -0.70185244 0.001296078 -0.71232134
vn -0.7002762 0 -0.71387196
vn -0.7002762 0 -0.71387196
vn 0.99147034 -0.13032976 -0.00081854156
vn 0.99254709 -0.12185974 -0.00067730935
vn 1 0 0
vn 1 0 0
vn -0.69736123 -0.16545303 -0.69736123
vn -0.69736123 -0.16545287 -0.69736123
vn -0.70710629 0 -0.70710737
vn -0.70710629 0 -0.70710737
vn -0.71193707 0.0016126868 0.70224136
vn -0.7123183 0.0012947835 0.70185542
vn -0.71386808 0 0.70028025
vn -0.71386808 0 0.70028025
vn 0.70224208 0.0016126924 0.71193647
vn 0.7018559 0.0012947953 0.71231788
vn 0.70028019 0 0.71386808
vn 0.70028019 0 0.71386808
vn -0.99254709 -0.12185977 -0.00067694677
vn -0.99147028 -0.13032982 -0.00081759586
vn -1 0 0
vn -1 0 0
vn -0.69736087 -0.1654525 0.69736165
vn -0.69736087 -0.16545254 0.69736165
vn -0.70710629 0 0.70710731
vn -0.70710629 0 0.70710731
vn 0.71193331 0.0016134909 -0.70224512
vn 0.71231461 0.0012954208 -0.70185918
vn 0.71386397 0 -0.70028442
vn 0.71386397 0 -0.70028442
vn -0.00082720566 -0.13032478 -0.99147099
vn -0.00070192508 -0.12184735 -0.99254858
vn 0 0 -1
vn 0 0 -1
vn 0.69736218 -0.16545203 -0.69736058
vn 0.69736212 -0.16545194 -0.69736046
vn 0.70710737 0 -0.70710629
vn 0.70710737 0 -0.70710629
vn -0.99147046 -0.13032895 0.00082110125
vn -0.99254739 -0.12185732 0.00068216905
vn -1 0 0
vn -1 0 0
vn 0.69736278 -0.16545185 0.69735986
vn 0.69736278 -0.16545197 0.6973598
vn 0.70710832 0 0.70710522
vn 0.70710832 0 0.70710522
vn -0.00070227357 -0.12184718 0.99254864
vn -0.00082753762 -0.13032486 0.99147093
vn 0 0 1
vn 0 0 1
vn -0.70185596 0.0012956033 0.71231771
vn -0.70224237 0.0016136995 0.71193624
vn -0.70027947 0 0.71386874
vn -0.70027947 0 0.71386874
vn 0.70708543 2.1353209e-05 -0.70712811
vn 0.70708543 2.1353209e-05 -0.70712811
vn 0.7070865 1.7861448e-05 -0.70712709
vn 0.7070865 1.7849554e-05 -0.70712709
vn 0.346946 -0.93788511 -9.7534333e-08
vn 0.5257324 -0.85065001 -6.0987986e-08
vn 0.52573282 -0.85064977 0
vn 0.34694612 -0.93788505 0
vn 0.72645372 -0.68721527 2.0666414e-07
vn 0.88468325 -0.46619195 0.00077712454
vn 0.88484001 -0.46589392 0.0010401033
vn 0.72645378 -0.68721533 4.1332825e-07
vn 0.95222056 -0.30541119 8.3898967e-06
vn 0.99122214 -0.1320734 -0.0059341751
vn 0.99230599 -0.12363497 -0.0065688649
vn 0.95214933 -0.30562752 -0.0018614235
vn 0.70188171 0.0012866912 -0.71229237
vn 0.70552629 0.0014635734 -0.70868224
vn 0.70551896 0.0014703601 -0.70868951
vn 0.70228118 0.0016080651 -0.71189791
vn -0.52573282 -0.85064971 6.0988057e-08
vn -0.7264533 -0.68721581 0
vn -0.6831705 -0.730259 0
vn -0.49164596 -0.87079513 1.7543049e-07
vn -0.7264533 -0.68721581 0
vn -0.88468277 -0.4661929 0.00077636936
vn -0.87158573 -0.49024296 0.00037903036
vn -0.6831705 -0.730259 0
vn 0.70027786 -1.4150086e-06 -0.71387041
vn 0.70188171 0.0012866912 -0.71229237
vn 0.70228118 0.0016080651 -0.71189791
vn 0.70027786 -1.4150086e-06 -0.71387041
vn 0.5257324 -0.85065001 -6.0987986e-08
vn 0.72645372 -0.68721527 2.0666414e-07
vn 0.72645378 -0.68721533 4.1332825e-07
vn 0.52573282 -0.85064977 0
vn 0.88468325 -0.46619195 0.00077712454
vn 0.95222056 -0.30541119 8.3898967e-06
vn 0.95214933 -0.30562752 -0.0018614235
vn 0.88484001 -0.46589392 0.0010401033
vn -0.3469463 -0.93788505 8.5391683e-08
vn -0.52573282 -0.85064971 6.0988057e-08
vn -0.49164596 -0.87079513 1.7543049e-07
vn -0.29801622 -0.9545607 1.3588834e-07
vn -1.711207e-07 -0.99999994 -1.2441696e-08
vn -0.3469463 -0.93788505 8.5391683e-08
vn -0.29801622 -0.9545607 1.3588834e-07
vn 1.7267813e-07 -1 -2.4883311e-08
vn -1.711207e-07 -0.99999994 -1.2441696e-08
vn 0.346946 -0.93788511 -9.7534333e-08
vn 0.34694612 -0.93788505 0
vn -6.8448293e-07 -1 0
vn -0.88468277 -0.4661929 0.00077636936
vn -0.95142007 -0.30789042 0.0017928795
vn -0.94724393 -0.32050887 0.0017030867
vn -0.87158573 -0.49024296 0.00037903036
vn -0.95142007 -0.30789042 0.0017928795
vn -0.99147046 -0.13032895 0.00082110125
vn -0.94724393 -0.32050887 0.0017030867
vn 2.1817738e-07 -0.68721527 0.72645378
vn 0 -0.85020357 0.52645397
vn 0 -0.8702054 0.49268916
vn 2.8011164e-07 -0.73025882 0.68317056
vn -0.00082753762 -0.13032486 0.99147093
vn -0.0017892909 -0.30790216 0.95141637
vn -0.0016567117 -0.32052812 0.94723749
vn 0 -0.85020357 0.52645397
vn 0 -0.9377625 0.3472771
vn 0 -0.95466083 0.29769564
vn 0 -0.8702054 0.49268916
vn 0 -0.93788522 -0.34694588
vn 0 -0.99999994 -0.00049596379
vn 0 -0.99999994 -0.00049574871
vn 0 -0.93788522 -0.34694564
vn 7.0534568e-08 -0.85065025 -0.52573192
vn 0 -0.93788522 -0.34694588
vn 0 -0.93788522 -0.34694564
vn 0 -0.85065037 -0.52573192
vn -0.00075839931 -0.46621069 -0.8846733
vn -1.512408e-07 -0.68721533 -0.72645372
vn 0 -0.68721533 -0.72645372
vn -0.0010391508 -0.4659152 -0.88482869
vn -0.00082720566 -0.13032478 -0.99147099
vn -0.0017888319 -0.30790254 -0.95141631
vn -0.0017321031 -0.30730179 -0.95161057
vn -0.00070192508 -0.12184735 -0.99254858
vn 0.71232277 0.0012960769 0.70185083
vn 0.7087279 0.0014732293 0.70548034
vn 0.7087304 0.0014754722 0.70547795
vn 0.71194142 0.001614299 0.70223695
vn -0.0017892909 -0.30790216 0.95141637
vn -0.00075826707 -0.46621042 0.88467354
vn -0.00035170175 -0.4902527 0.87158018
vn -0.0016567117 -0.32052812 0.94723749
vn -0.00075826707 -0.46621042 0.88467354
vn 2.1817738e-07 -0.68721527 0.72645378
vn 2.8011164e-07 -0.73025882 0.68317056
vn -0.00035170175 -0.4902527 0.87158018
vn 0 -0.9377625 0.3472771
vn 0 -0.99999994 -0.00049596379
vn 0 -1 -0.0001869374
vn 0 -0.95466083 0.29769564
vn -1.512408e-07 -0.68721533 -0.72645372
vn 7.0534568e-08 -0.85065025 -0.52573192
vn 0 -0.85065037 -0.52573192
vn 0 -0.68721533 -0.72645372
vn -0.0017888319 -0.30790254 -0.95141631
vn -0.00075839931 -0.46621069 -0.8846733
vn -0.0010391508 -0.4659152 -0.88482869
vn -0.0017321031 -0.30730179 -0.95161057
vn 0.71387291 0 0.7002753
vn 0.71232277 0.0012960769 0.70185083
vn 0.71194142 0.001614299 0.70223695
vn 0.71387291 0 0.7002753
vn 0.72725391 -0.68636847 4.3078504e-08
vn 0.88580638 -0.46405444 -0.00077997323
vn 0.87306345 -0.48760647 -0.00038401646
vn 0.68301344 -0.73040587 1.1669649e-07
vn 0.88580638 -0.46405444 -0.00077997323
vn 0.95142096 -0.30788773 -0.0017898281
vn 0.94724548 -0.32050446 -0.0017067796
vn 0.87306345 -0.48760647 -0.00038401646
vn 0.34694612 -0.93788505 -2.0602691e-07
vn 0.52467269 -0.85130399 4.2600664e-08
vn 0.49109733 -0.87110478 4.7792643e-08
vn 0.29801759 -0.9545604 -7.1232726e-08
vn -0.5257321 -0.85065013 -2.4667264e-08
vn -0.72645366 -0.68721551 -8.638947e-08
vn -0.7264536 -0.68721545 0
vn -0.52573228 -0.85065007 0
vn -0.88468564 -0.46618742 -0.00078072475
vn -0.95142102 -0.30788767 -0.0017880207
vn -0.95161569 -0.3072857 -0.0017070178
vn -0.88484269 -0.46588868 -0.0010390906
vn -0.34694633 -0.93788499 2.669729e-07
vn -0.5257321 -0.85065013 -2.4667264e-08
vn -0.52573228 -0.85065007 0
vn -0.34694612 -0.93788499 3.6357721e-07
vn 8.7516037e-07 -1 -1.1073841e-12
vn 0.34694612 -0.93788505 -2.0602691e-07
vn 0.29801759 -0.9545604 -7.1232726e-08
vn 8.6339099e-08 -1 -2.287205e-14
vn 0.95142096 -0.30788773 -0.0017898281
vn 0.99147034 -0.13032976 -0.00081854156
vn 0.94724548 -0.32050446 -0.0017067796
vn 0.52467269 -0.85130399 4.2600664e-08
vn 0.72725391 -0.68636847 4.3078504e-08
vn 0.68301344 -0.73040587 1.1669649e-07
vn 0.49109733 -0.87110478 4.7792643e-08
vn 8.7516037e-07 -1 -1.1073841e-12
vn -0.34694633 -0.93788499 2.669729e-07
vn -0.34694612 -0.93788499 3.6357721e-07
vn -1.5645327e-07 -1 2.6856985e-12
vn -0.72645366 -0.68721551 -8.638947e-08
vn -0.88468564 -0.46618742 -0.00078072475
vn -0.88484269 -0.46588868 -0.0010390906
vn -0.7264536 -0.68721545 0
vn -0.95142102 -0.30788767 -0.0017880207
vn -0.99147028 -0.13032982 -0.00081759586
vn -0.99254709 -0.12185977 -0.00067694677
vn -0.95161569 -0.3072857 -0.0017070178
vn 6.9817737e-08 -0.46657205 -0.88448316
vn -3.8045914e-07 -0.68721527 -0.72645378
vn -7.3373576e-07 -0.7302587 -0.68317062
vn -1.1375311e-07 -0.4903011 -0.87155312
vn 2.4312624e-07 -0.68721569 0.72645342
vn 3.4453222e-08 -0.85065013 0.5257321
vn 0 -0.85065007 0.52573234
vn 0 -0.68721586 0.72645324
vn 6.2452045e-07 -0.30784294 0.95143718
vn 4.826336e-07 -0.46657246 0.88448292
vn 0 -0.46657276 0.88448274
vn 0 -0.30784282 0.95143718
vn 1.9573481e-08 -0.93788511 0.34694591
vn 2.0055392e-08 -1 -4.9380554e-07
vn 0 -1 -8.8982779e-07
vn 0 -0.93788505 0.34694597
vn -3.8045914e-07 -0.68721527 -0.72645378
vn -1.7036376e-07 -0.85065049 -0.52573174
vn -1.9239e-07 -0.87059891 -0.4919934
vn -7.3373576e-07 -0.7302587 -0.68317062
vn 2.0214699e-07 -0.12968723 -0.99155492
vn 9.7359612e-07 -0.30784285 -0.95143718
vn 1.7977502e-06 -0.31993541 -0.94743931
vn -1.7036376e-07 -0.85065049 -0.52573174
vn 0 -0.93788522 -0.34694588
vn 0 -0.9543156 -0.29880041
vn -1.9239e-07 -0.87059891 -0.4919934
vn 9.7359612e-07 -0.30784285 -0.95143718
vn 6.9817737e-08 -0.46657205 -0.88448316
vn -1.1375311e-07 -0.4903011 -0.87155312
vn 1.7977502e-06 -0.31993541 -0.94743931
vn 0 -0.93788522 -0.34694588
vn 2.0055392e-08 -1 -4.9380554e-07
vn 4.0724821e-08 -0.99999267 0.0038288084
vn 0 -0.9543156 -0.29880041
vn 4.826336e-07 -0.46657246 0.88448292
vn 2.4312624e-07 -0.68721569 0.72645342
vn 0 -0.68721586 0.72645324
vn 0 -0.46657276 0.88448274
vn 1.010735e-07 -0.12968726 0.99155498
vn 6.2452045e-07 -0.30784294 0.95143718
vn 0 -0.30784282 0.95143718
vn 0 -0.12121703 0.99262595
vn 3.4453222e-08 -0.85065013 0.5257321
vn 1.9573481e-08 -0.93788511 0.34694591
vn 0 -0.93788505 0.34694597
vn 0 -0.85065007 0.52573234
vn 0.34727773 -0.93776232 0
vn -0.00049581722 -0.99999994 0
vn -0.00049612514 -0.99999994 -1.7857861e-08
vn 0.34727779 -0.9377622 1.2304359e-07
vn 1.2903658e-07 -0.95456046 -0.29801705
vn 5.4323039e-07 -0.87079531 -0.49164563
vn 2.9367487e-07 -0.85065001 -0.5257324
vn -5.9457597e-07 -0.93788505 -0.34694594
vn 5.4323039e-07 -0.87079531 -0.49164563
vn 1.0121977e-06 -0.7302587 -0.68317074
vn 5.9585358e-07 -0.68721503 -0.72645402
vn 2.9367487e-07 -0.85065001 -0.5257324
vn 1.0121977e-06 -0.7302587 -0.68317074
vn 0.00038050622 -0.49024156 -0.87158644
vn 0.00077734661 -0.46619174 -0.88468343
vn 5.9585358e-07 -0.68721503 -0.72645402
vn 0.00038050622 -0.49024156 -0.87158644
vn 0.0016727372 -0.31768894 -0.94819355
vn 7.8678431e-06 -0.30541053 -0.95222074
vn 0.00077734661 -0.46619174 -0.88468343
vn 0.0016727372 -0.31768894 -0.94819355
vn -0.005935967 -0.13207406 -0.99122202
vn 7.8678431e-06 -0.30541053 -0.95222074
vn 2.9276223e-13 -1 2.0145789e-07
vn 1.5623269e-07 -0.95456046 0.29801732
vn -2.4937652e-08 -0.93788493 0.34694657
vn 1.1190408e-13 -1 -9.7783275e-09
vn 0.49164578 -0.87079531 5.3183959e-07
vn 0.52573246 -0.85064995 2.3689633e-07
vn 0.72645396 -0.68721509 1.9022964e-07
vn 0.68317044 -0.73025906 3.6686819e-07
vn 0.68317044 -0.73025906 3.6686819e-07
vn 0.72645396 -0.68721509 1.9022964e-07
vn 0.88448298 -0.46657234 1.0320374e-07
vn 0.87155282 -0.49030164 2.6050463e-07
vn 0.87155282 -0.49030164 2.6050463e-07
vn 0.88448298 -0.46657234 1.0320374e-07
vn 0.95143706 -0.30784324 0
vn 0.94743925 -0.31993556 0
vn 0.94743925 -0.31993556 0
vn 0.95143706 -0.30784324 0
vn 0.99155498 -0.12968704 0
vn 0 -0.93788505 -0.34694627
vn 0 -0.85130394 -0.52467293
vn 0 -0.85130382 -0.5246731
vn -9.6953769e-08 -0.93788505 -0.34694633
vn -1.4688779e-06 -1 1.1147293e-06
vn 0 -0.93788499 0.34694645
vn 0 -0.93788505 0.34694618
vn -7.3443897e-07 -1 6.4048044e-07
vn -0.298017 -0.95456058 -3.9365824e-07
vn -0.34694627 -0.93788499 -2.3298225e-07
vn -0.52573246 -0.85064995 -3.3109066e-07
vn -0.49100673 -0.87115574 -6.4145871e-07
vn -0.49100673 -0.87115574 -6.4145871e-07
vn -0.52573246 -0.85064995 -3.3109066e-07
vn -0.72645432 -0.68721473 -6.2370634e-07
vn -0.68436742 -0.72913724 -1.0605564e-06
vn -0.68436742 -0.72913724 -1.0605564e-06
vn -0.72645432 -0.68721473 -6.2370634e-07
vn -0.88467354 -0.46621025 0.00075713679
vn -0.87194932 -0.48959592 0.00035310263
vn -0.87194932 -0.48959592 0.00035310263
vn -0.88467354 -0.46621025 0.00075713679
vn -0.95141613 -0.30790296 0.0017901439
vn -0.94723719 -0.32052919 0.0016563514
vn -0.94723719 -0.32052919 0.0016563514
vn -0.95141613 -0.30790296 0.0017901439
vn -0.99147099 -0.13032506 0.00082867203
vn 0 -1 -1.6308486e-07
vn 1.2903658e-07 -0.95456046 -0.29801705
vn -5.9457597e-07 -0.93788505 -0.34694594
vn -7.3443897e-07 -1 6.4048044e-07
vn -5.4151388e-07 -0.87079543 0.49164554
vn -1.0063359e-06 -0.73025995 0.68316936
vn -1.0113847e-06 -0.6872161 0.72645295
vn -2.9264532e-07 -0.85065013 0.52573222
vn -1.0063359e-06 -0.73025995 0.68316936
vn -0.00038531207 -0.49023923 0.87158787
vn -0.00078071625 -0.46618792 0.8846854
vn -1.0113847e-06 -0.6872161 0.72645295
vn -0.00038531207 -0.49023923 0.87158787
vn -0.0017079373 -0.32050326 0.9472459
vn -0.0017897269 -0.30788657 0.95142138
vn -0.00078071625 -0.46618792 0.8846854
vn -0.0017079373 -0.32050326 0.9472459
vn -0.00081772829 -0.13032897 0.99147046
vn -0.0017897269 -0.30788657 0.95142138
vn 1.5623269e-07 -0.95456046 0.29801732
vn -5.4151388e-07 -0.87079543 0.49164554
vn -2.9264532e-07 -0.85065013 0.52573222
vn -2.4937652e-08 -0.93788493 0.34694657
vn 0.0010388702 -0.46589407 0.88483995
vn 0.0017116714 -0.30728829 0.95161498
vn 0.0017912032 -0.30788964 0.95142043
vn 0.00077636563 -0.46619236 0.88468307
vn 0 -0.85065025 0.52573204
vn 0 -0.68721592 0.7264533
vn 0 -0.68721604 0.72645313
vn 0 -0.85065025 0.5257321
vn 0.0017116714 -0.30728829 0.95161498
vn 0.00068180938 -0.12185733 0.99254739
vn 0.00082036015 -0.13032876 0.99147046
vn 0.0017912032 -0.30788964 0.95142043
vn 0 -0.68721592 0.7264533
vn 0.0010388702 -0.46589407 0.88483995
vn 0.00077636563 -0.46619236 0.88468307
vn 0 -0.68721604 0.72645313
vn 0.29801789 -0.95456022 2.9536227e-07
vn 0.34694594 -0.93788505 1.9790021e-07
vn 0.52573246 -0.85064995 2.3689633e-07
vn 0.49164578 -0.87079531 5.3183959e-07
vn 0.95161045 -0.30730206 0.0017328862
vn 0.88482857 -0.46591562 0.0010394125
vn 0.8846733 -0.46621096 0.00075846026
vn 0.95141613 -0.30790299 0.001789426
vn 0.72645408 -0.68721503 0
vn 0.52645445 -0.85020339 0
vn 0.52645475 -0.8502031 6.1909205e-08
vn 0.7264539 -0.68721521 0
vn 0 -0.99999994 -1.7600988e-07
vn 0 -0.93788505 -0.34694627
vn -9.6953769e-08 -0.93788505 -0.34694633
vn 1.1190408e-13 -1 -9.7783275e-09
vn 0.9925487 -0.12184676 0.00070244743
vn 0.95161045 -0.30730206 0.0017328862
vn 0.95141613 -0.30790299 0.001789426
vn 0.99147105 -0.1303246 0.00082771981
vn 0.88482857 -0.46591562 0.0010394125
vn 0.72645408 -0.68721503 0
vn 0.7264539 -0.68721521 0
vn 0.8846733 -0.46621096 0.00075846026
vn 0.52645445 -0.85020339 0
vn 0.34727773 -0.93776232 0
vn 0.34727779 -0.9377622 1.2304359e-07
vn 0.52645475 -0.8502031 6.1909205e-08
vn -0.0017074678 -0.30728576 -0.95161569
vn -0.0006771253 -0.12186003 -0.99254698
vn -0.00081847206 -0.13033006 -0.99147034
vn -0.0017901019 -0.307888 -0.95142096
vn 0 -0.68636841 -0.72725397
vn -0.0010391083 -0.46375474 -0.88596302
vn -0.00077997247 -0.46405441 -0.88580638
vn 0 -0.68636847 -0.72725397
vn 0 -0.93788499 0.34694645
vn 0 -0.85065025 0.52573204
vn 0 -0.85065025 0.5257321
vn 0 -0.93788505 0.34694618
vn -0.0010391083 -0.46375474 -0.88596302
vn -0.0017074678 -0.30728576 -0.95161569
vn -0.0017901019 -0.307888 -0.95142096
vn -0.00077997247 -0.46405441 -0.88580638
vn 0 -0.85130394 -0.52467293
vn 0 -0.68636841 -0.72725397
vn 0 -0.68636847 -0.72725397
vn 0 -0.85130382 -0.5246731
vn -0.00018684179 -1 -3.5361225e-08
vn -0.00049612514 -0.99999994 -1.7857861e-08
vn -0.34694627 -0.93788499 -2.3298225e-07
vn -0.298017 -0.95456058 -3.9365824e-07
vn -0.99262607 -0.1212177 0
vn -0.95143712 -0.30784324 0
vn -0.95143723 -0.30784306 0
vn -0.99155498 -0.12968777 0
vn -0.8844834 -0.46657166 0
vn -0.72645473 -0.68721437 0
vn -0.72645414 -0.68721491 0
vn -0.88448328 -0.46657187 0
vn -0.52573228 -0.85065007 0
vn -0.34694567 -0.93788517 0
vn -0.34694594 -0.93788511 -2.1381905e-07
vn -0.52573216 -0.85065025 -9.1853217e-08
vn 0.0038292676 -0.99999261 -1.502661e-07
vn -7.2848542e-07 -1 -7.7764966e-08
vn 0.34694594 -0.93788505 1.9790021e-07
vn 0.29801789 -0.95456022 2.9536227e-07
vn -0.95143712 -0.30784324 0
vn -0.8844834 -0.46657166 0
vn -0.88448328 -0.46657187 0
vn -0.95143723 -0.30784306 0
vn -0.72645473 -0.68721437 0
vn -0.52573228 -0.85065007 0
vn -0.52573216 -0.85065025 -9.1853217e-08
vn -0.72645414 -0.68721491 0
vn -0.34694567 -0.93788517 0
vn -1.7894336e-06 -0.99999994 0
vn -7.2848542e-07 -1 -7.7764966e-08
vn -0.34694594 -0.93788511 -2.1381905e-07
vn -0.70726067 -0.00021417362 0.70695281
vn -0.69710881 0.0010058223 0.71696466
vn -0.697137 0.001006491 0.71693718
vn -0.70726144 -0.00021504388 0.70695204
vn -0.71401721 -0.02805559 -0.69956577
vn -0.71039963 -0.011911768 -0.7036978
vn -0.71039844 -0.011906595 -0.70369911
vn -0.71401721 -0.02805559 -0.69956577
vn 0.70603162 -0.005504569 -0.70815885
vn 0.70706403 0.00095347728 -0.70714885
vn 0.70706433 0.00095102395 -0.70714855
vn 0.70602715 -0.0055145002 -0.70816338
vn -0.70341361 -0.014036082 -0.71064228
vn -0.69955862 -0.028075172 -0.71402353
vn -0.69955862 -0.028075172 -0.71402353
vn -0.70341462 -0.014031802 -0.71064115
vn 0.7140224 -0.028088722 0.69955903
vn 0.71064526 -0.014047997 0.70341021
vn 0.71064413 -0.014043245 0.70341152
vn 0.7140224 -0.028088722 0.69955903
vn -0.70710951 4.9410351e-06 -0.70710391
vn -0.70341361 -0.014036082 -0.71064228
vn -0.70341462 -0.014031802 -0.71064115
vn -0.70710951 4.9415853e-06 -0.70710403
vn -0.70813036 -0.00098780054 0.70608097
vn -0.70726067 -0.00021417362 0.70695281
vn -0.70726144 -0.00021504388 0.70695204
vn -0.70813042 -0.00098793313 0.70608091
vn 0.70462102 -0.0090995058 0.70952547
vn 0.70316875 -0.015997848 0.71084297
vn 0.70316982 -0.01599439 0.71084201
vn 0.70461726 -0.009108901 0.70952916
vn 0.71064526 -0.014047997 0.70341021
vn 0.70710784 -2.9753257e-06 0.70710576
vn 0.70710784 -2.9758489e-06 0.70710576
vn 0.71064413 -0.014043245 0.70341152
vn 0.70706403 0.00095347728 -0.70714885
vn 0.70721054 0.0023061917 -0.70699918
vn 0.70721132 0.0023035698 -0.70699853
vn 0.70706433 0.00095102395 -0.70714855
vn -0.71039963 -0.011911768 -0.7036978
vn -0.70965123 0.013500542 -0.70442384
vn -0.70964044 0.013467859 -0.70443523
vn -0.71039844 -0.011906595 -0.70369911
vn -0.70710653 1.9122392e-06 -0.70710701
vn -0.70710951 4.9410351e-06 -0.70710391
vn -0.70710951 4.9415853e-06 -0.70710403
vn -0.70710653 1.9122901e-06 -0.70710701
vn -0.7058093 0.0013080121 0.70840061
vn -0.70813036 -0.00098780054 0.70608097
vn -0.70813042 -0.00098793313 0.70608091
vn -0.70580643 0.0013104889 0.70840353
vn 0.69999558 -0.01270269 0.71403426
vn 0.70462102 -0.0090995058 0.70952547
vn 0.70461726 -0.009108901 0.70952916
vn 0.69998443 -0.012697255 0.71404529
vn 0.70710784 -2.9753257e-06 0.70710576
vn 0.70710385 -2.0000221e-07 0.70710963
vn 0.70710391 -2.0003532e-07 0.70710969
vn 0.70710784 -2.9758489e-06 0.70710576
vn 0.70721054 0.0023061917 -0.70699918
vn 0.7090475 0.0016355418 -0.70515871
vn 0.70904946 0.0016375162 -0.70515686
vn 0.70721132 0.0023035698 -0.70699853
vn -0.70965123 0.013500542 -0.70442384
vn -0.69821715 0.0072707445 -0.71584904
vn -0.69826466 0.0073209219 -0.71580213
vn -0.70964044 0.013467859 -0.70443523
vn -0.70710391 -1.0682335e-06 -0.70710975
vn -0.70710653 1.9122392e-06 -0.70710701
vn -0.70710653 1.9122901e-06 -0.70710701
vn -0.70710391 -1.0689228e-06 -0.70710963
vn -0.70185083 0.0012954344 0.71232283
vn -0.7058093 0.0013080121 0.70840061
vn -0.70580643 0.0013104889 0.70840353
vn -0.70223743 0.0016134967 0.71194094
vn 0.69996101 -0.0068344832 0.7141484
vn 0.69999558 -0.01270269 0.71403426
vn 0.69998443 -0.012697255 0.71404529
vn 0.6999473 -0.0068583433 0.71416146
vn 0.70710385 -2.0000221e-07 0.70710963
vn 0.70710391 1.8243562e-06 0.70710969
vn 0.70710385 1.8245564e-06 0.70710963
vn 0.70710391 -2.0003532e-07 0.70710969
vn -0.69821715 0.0072707445 -0.71584904
vn -0.69298071 -0.0029377998 -0.72095007
vn -0.6930595 -0.0028947156 -0.72087449
vn -0.69826466 0.0073209219 -0.71580213
vn 0.7090475 0.0016355418 -0.70515871
vn 0.71232039 0.0012951051 -0.70185328
vn 0.7119385 0.0016130779 -0.70223999
vn 0.70904946 0.0016375162 -0.70515686
vn 0.64424795 -0.41218117 -0.64424479
vn 0.69736439 -0.16545215 -0.69735825
vn 0.69736445 -0.16545217 -0.69735819
vn 0.64424801 -0.41218117 -0.64424479
vn 0.56896353 -0.59376979 -0.56896216
vn 0.64424795 -0.41218117 -0.64424479
vn 0.64424801 -0.41218117 -0.64424479
vn 0.56896365 -0.59376961 -0.56896234
vn 0.42859358 -0.79537177 -0.42859229
vn 0.56896353 -0.59376979 -0.56896216
vn 0.56896365 -0.59376961 -0.56896234
vn 0.42859334 -0.79537195 -0.42859209
vn 0.28375408 -0.91595167 -0.2837534
vn 0.42859358 -0.79537177 -0.42859229
vn 0.42859334 -0.79537195 -0.42859209
vn 0.28375396 -0.91595185 -0.28375328
vn 0.18060972 -0.96684909 -0.18050703
vn 0.28375408 -0.91595167 -0.2837534
vn 0.28375396 -0.91595185 -0.28375328
vn 0.18060951 -0.96684927 -0.18050684
vn 0.69736165 -0.16545241 0.69736081
vn 0.64424711 -0.41218117 0.64424551
vn 0.64424735 -0.41218042 0.6442458
vn 0.69736165 -0.16545241 0.69736081
vn 0.64424711 -0.41218117 0.64424551
vn 0.56896406 -0.59376937 0.56896216
vn 0.56896394 -0.59376955 0.56896204
vn 0.64424735 -0.41218042 0.6442458
vn 0.56896406 -0.59376937 0.56896216
vn 0.42858776 -0.79537642 0.42858943
vn 0.42859459 -0.79536909 0.42859629
vn 0.56896394 -0.59376955 0.56896204
vn 0.42858776 -0.79537642 0.42858943
vn 0.28438154 -0.91586703 0.28339839
vn 0.28435832 -0.91588151 0.28337473
vn 0.42859459 -0.79536909 0.42859629
vn 0.28438154 -0.91586703 0.28339839
vn 0.18165062 -0.96673065 0.18009676
vn 0.18109964 -0.96693575 0.17954989
vn 0.28435832 -0.91588151 0.28337473
vn -0.64424455 -0.41219616 -0.64423859
vn -0.69736147 -0.1654516 -0.69736117
vn -0.69736165 -0.16545172 -0.69736123
vn -0.64425051 -0.41217732 -0.64424461
vn -0.56797379 -0.59313363 -0.57061201
vn -0.64424455 -0.41219616 -0.64423859
vn -0.64425051 -0.41217732 -0.64424461
vn -0.56793958 -0.59319776 -0.57057953
vn -0.42706999 -0.79459 -0.43155286
vn -0.56797379 -0.59313363 -0.57061201
vn -0.56793958 -0.59319776 -0.57057953
vn -0.4261167 -0.795623 -0.43059099
vn -0.28942761 -0.91528463 -0.28015289
vn -0.42706999 -0.79459 -0.43155286
vn -0.4261167 -0.795623 -0.43059099
vn -0.28910646 -0.91551638 -0.2797271
vn -0.18660925 -0.96767586 -0.16964757
vn -0.28942761 -0.91528463 -0.28015289
vn -0.28910646 -0.91551638 -0.2797271
vn -0.19292809 -0.96539927 -0.17545049
vn 0.18165062 -0.96673065 0.18009676
vn 0.12415791 -0.98460507 0.12303527
vn 0.12415791 -0.98460507 0.12303527
vn 0.18109964 -0.96693575 0.17954989
vn -0.12837118 -0.98489863 -0.11617073
vn -0.18660925 -0.96767586 -0.16964757
vn -0.19292809 -0.96539927 -0.17545049
vn -0.12837118 -0.98489863 -0.11617073
vn -0.64423203 -0.41227877 0.64419818
vn -0.69736475 -0.16545361 0.69735765
vn -0.69736463 -0.16545366 0.69735765
vn -0.64427364 -0.41214851 0.64423984
vn -0.57972598 -0.59080189 0.5611335
vn -0.64423203 -0.41227877 0.64419818
vn -0.64427364 -0.41214851 0.64423984
vn -0.58014995 -0.58979082 0.56175876
vn -0.44826213 -0.79063171 0.41708812
vn -0.57972598 -0.59080189 0.5611335
vn -0.58014995 -0.58979082 0.56175876
vn -0.44257361 -0.79661578 0.41174248
vn -0.28898743 -0.91651106 0.27657473
vn -0.44826213 -0.79063171 0.41708812
vn -0.44257361 -0.79661578 0.41174248
vn -0.2886048 -0.91671991 0.27628231
vn -0.18062073 -0.96684533 0.18051657
vn -0.28898743 -0.91651106 0.27657473
vn -0.2886048 -0.91671991 0.27628231
vn -0.18056698 -0.96686542 0.18046272
vn 0.12385085 -0.98456734 -0.12364551
vn 0.18060972 -0.96684909 -0.18050703
vn 0.18060951 -0.96684927 -0.18050684
vn 0.12385085 -0.98456734 -0.12364551
vn -0.12380075 -0.98457819 0.12360903
vn -0.18062073 -0.96684533 0.18051657
vn -0.18056698 -0.96686542 0.18046272
vn -0.12380075 -0.98457819 0.12360903
vn 0.70316875 -0.015997848 0.71084297
vn 0.69964606 -0.027773941 0.71394956
vn 0.69964606 -0.027773941 0.71394956
vn 0.70316982 -0.01599439 0.71084201
vn -0.70872676 0.0014738471 0.70548147
vn -0.71232289 0.0012959163 0.70185083
vn -0.71194148 0.0016140983 0.70223689
vn -0.70872927 0.0014760891 0.70547903
vn 0.70188063 -0.022071475 -0.71195257
vn 0.70603162 -0.005504569 -0.70815885
vn 0.70602715 -0.0055145002 -0.70816338
vn 0.701895 -0.022001684 -0.71194047
vn 0.70548332 0.0014725965 -0.70872498
vn 0.70710653 -6.4512039e-07 -0.70710713
vn 0.70710647 -6.4504877e-07 -0.70710707
vn 0.70548081 0.0014748315 -0.70872736
vn -0.69710881 0.0010058223 0.71696466
vn -0.70945567 -0.0078598615 0.70470619
vn -0.70954996 -0.0078987228 0.70461094
vn -0.697137 0.001006491 0.71693718
vn 0.71045476 -0.013136948 -0.7036202
vn 0.71252733 -0.027785024 -0.70109403
vn 0.71252733 -0.027785024 -0.70109403
vn 0.71045512 -0.013139009 -0.7036199
vn -0.70710653 8.0117218e-07 0.70710707
vn -0.70872676 0.0014738471 0.70548147
vn -0.70872927 0.0014760891 0.70547903
vn -0.70710659 8.0168695e-07 0.70710707
vn -0.6995101 -0.028775232 0.7140432
vn -0.70326871 -0.014809607 0.71076995
vn -0.70327145 -0.014798841 0.71076733
vn -0.6995101 -0.028775232 0.7140432
vn 0.70710653 -6.4512039e-07 -0.70710713
vn 0.70703048 0.0001430353 -0.707183
vn 0.70703053 0.00014304032 -0.707183
vn 0.70710647 -6.4504877e-07 -0.70710707
vn 0.69904763 -0.03543178 -0.71419674
vn 0.70188063 -0.022071475 -0.71195257
vn 0.701895 -0.022001684 -0.71194047
vn 0.69904763 -0.03543178 -0.71419674
vn -0.70945567 -0.0078598615 0.70470619
vn -0.73020279 -0.016550373 0.68303001
vn -0.73020279 -0.016550373 0.68303001
vn -0.70954996 -0.0078987228 0.70461094
vn -0.70703048 -0.00014245934 0.707183
vn -0.70710653 8.0117218e-07 0.70710707
vn -0.70710659 8.0168695e-07 0.70710707
vn -0.70703053 -0.00014246326 0.707183
vn 0.70703048 0.0001430353 -0.707183
vn 0.70758921 0.00089702522 -0.70662338
vn 0.70758945 0.00089723035 -0.70662314
vn 0.70703053 0.00014304032 -0.707183
vn -0.70318222 0.002626373 -0.71100491
vn -0.70185477 0.0012954194 -0.71231884
vn -0.70224053 0.0016134903 -0.71193796
vn -0.70318311 0.0026268503 -0.71100396
vn 0.70548129 0.0014739379 0.70872694
vn 0.70184988 0.0012957638 0.71232361
vn 0.70223635 0.0016139057 0.71194202
vn 0.70547891 0.0014761796 0.70872945
vn -0.70691425 -0.00055942277 0.70729905
vn -0.70703048 -0.00014245934 0.707183
vn -0.70703053 -0.00014246326 0.707183
vn -0.70691425 -0.00055961532 0.70729905
vn 0.71231526 0.0012962339 0.7018584
vn 0.70645589 0.0003284745 0.70775706
vn 0.70646167 0.00033239817 0.70775127
vn 0.71193403 0.001614486 0.70224446
vn 0.70758921 0.00089702522 -0.70662338
vn 0.71045476 -0.013136948 -0.7036202
vn 0.71045512 -0.013139009 -0.7036199
vn 0.70758945 0.00089723035 -0.70662314
vn -0.69298071 -0.0029377998 -0.72095007
vn -0.70318222 0.002626373 -0.71100491
vn -0.70318311 0.0026268503 -0.71100396
vn -0.6930595 -0.0028947156 -0.72087449
vn -0.70326871 -0.014809607 0.71076995
vn -0.70691425 -0.00055942277 0.70729905
vn -0.70691425 -0.00055961532 0.70729905
vn -0.70327145 -0.014798841 0.71076733
vn 0.70710391 1.8243562e-06 0.70710969
vn 0.70548129 0.0014739379 0.70872694
vn 0.70547891 0.0014761796 0.70872945
vn 0.70710385 1.8245564e-06 0.70710963
vn 0.70645589 0.0003284745 0.70775706
vn 0.69996101 -0.0068344832 0.7141484
vn 0.6999473 -0.0068583433 0.71416146
vn 0.70646167 0.00033239817 0.70775127
vn -0.70868027 0.0014625065 -0.70552832
vn -0.70710391 -1.0682335e-06 -0.70710975
vn -0.70710391 -1.0689228e-06 -0.70710963
vn -0.70868748 0.0014693022 -0.70552093
vn 0.70870274 0.00010604595 -0.70550722
vn 0.70870274 0.00010604595 -0.70550722
vn 0.70870388 0.00010767733 -0.70550615
vn 0.70870382 0.00010767646 -0.70550609
vn -0.71314263 -0.0081866886 0.70097107
vn -0.71314263 -0.0081866886 0.70097107
vn -0.71457452 -0.0014356907 0.69955778
vn -0.71457469 -0.00143479 0.6995576
vn 0.70678014 -2.1218399e-05 0.70743322
vn 0.70678014 -2.1218399e-05 0.70743322
vn 0.70677847 -1.5356107e-05 0.70743507
vn 0.70677835 -1.5356447e-05 0.70743501
vn -0.74140179 -0.6710608 -0.00088947965
vn -0.74056876 -0.67197996 -0.00088863913
vn -0.82123703 -0.57058638 -0.00096884998
vn 0.0014719857 -0.58113313 -0.81380719
vn 0.0012226372 -0.58007979 -0.81455874
vn 0.0011896497 -0.62763405 -0.77850759
vn 0.0013336871 -0.67686033 -0.73611021
vn 0.81446934 -0.58020526 0.0012796578
vn 0.73489493 -0.67818063 -0.00081656774
vn 0.70948821 -0.70471591 -0.0014253587
vn -0.001182801 -0.58089447 0.81397808
vn -0.0010594217 -0.67795086 0.73510647
vn -0.0010596749 -0.67777431 0.73526925
vn 0.70948821 -0.70471591 -0.0014253587
vn 0.73489493 -0.67818063 -0.00081656774
vn 0.62923443 -0.77720886 -0.0032040412
vn 0.62923443 -0.77720886 -0.0032040412
vn -0.71457469 -0.00143479 0.6995576
vn -0.71457452 -0.0014356907 0.69955778
vn -0.71734601 0.012137418 0.6966114
vn -0.70713454 1.867742e-05 -0.70707893
vn -0.7071346 1.8678451e-05 -0.70707899
vn -0.70713574 1.8070708e-05 -0.70707792
vn 0.70870382 0.00010767646 -0.70550609
vn 0.70870388 0.00010767733 -0.70550615
vn 0.70870602 0.00011095732 -0.70550376
vn 0.70870602 0.00011095732 -0.70550376
vn 0.70677835 -1.5356447e-05 0.70743501
vn 0.70677847 -1.5356107e-05 0.70743507
vn 0.70677477 -3.569209e-06 0.70743865
vn -0.74140179 -0.6710608 -0.00088947965
vn -0.63410521 -0.77324635 -0.00077968702
vn -0.74056876 -0.67197996 -0.00088863913
vn 0.0011896497 -0.62763405 -0.77850759
vn 0.0012226372 -0.58007979 -0.81455874
vn 0.00067734218 -0.57777286 -0.81619734
vn -0.0010594217 -0.67795086 0.73510647
vn -0.00089819066 -0.77583957 0.63092965
vn -0.0010596749 -0.67777431 0.73526925
vn 0.0011896497 -0.62763405 -0.77850759
vn 0.0011503306 -0.77386838 -0.63334548
vn 0.0013336871 -0.67686033 -0.73611021
vn -0.0065707872 -0.12363565 -0.99230587
vn -0.005935967 -0.13207406 -0.99122202
vn -0.0073185884 -0.0073198597 -0.99994636
vn -0.0073185884 -0.0073198597 -0.99994636
vn -0.70185083 0.0012954344 0.71232283
vn -0.70223743 0.0016134967 0.71194094
vn -0.70027322 0 0.713875
vn -0.70027322 0 0.713875
vn 0.99155498 -0.12968704 0
vn 0.99262601 -0.12121707 0
vn 1 0 0
vn 1 0 0
vn -0.99262607 -0.1212177 0
vn -0.99155498 -0.12968777 0
vn -1 0 0
vn -1 0 0
vn -0.71194148 0.0016140983 0.70223689
vn -0.71232289 0.0012959163 0.70185083
vn -0.71387303 0 0.70027512
vn -0.71387303 0 0.70027512
vn -0.00081847206 -0.13033006 -0.99147034
vn -0.0006771253 -0.12186003 -0.99254698
vn 0 0 -1
vn 0 0 -1
vn -0.69736463 -0.16545366 0.69735765
vn -0.69736475 -0.16545361 0.69735765
vn -0.70710987 0 0.70710367
vn -0.70710987 0 0.70710367
vn 0.70223635 0.0016139057 0.71194202
vn 0.70184988 0.0012957638 0.71232361
vn 0.7002731 0 0.713875
vn 0.7002731 0 0.713875
vn 0.7119385 0.0016130779 -0.70223999
vn 0.71232039 0.0012951051 -0.70185328
vn 0.71387291 0 -0.7002753
vn 0.71387291 0 -0.7002753
vn -0.00067621714 -0.12185878 0.99254715
vn -0.00081772829 -0.13032897 0.99147046
vn 0 0 1
vn 0 0 1
vn 0.69736165 -0.16545241 0.69736081
vn 0.69736165 -0.16545241 0.69736081
vn 0.70710683 0 0.70710683
vn 0.70710683 0 0.70710683
vn -0.70224053 0.0016134903 -0.71193796
vn -0.70185477 0.0012954194 -0.71231884
vn -0.7002809 0 -0.71386737
vn -0.7002809 0 -0.71386737
vn -0.99147099 -0.13032506 0.00082867203
vn -0.99254858 -0.1218476 0.00070314773
vn -1 0 0
vn -1 0 0
vn -0.69736165 -0.16545172 -0.69736123
vn -0.69736147 -0.1654516 -0.69736117
vn -0.7071057 0 -0.70710778
vn -0.7071057 0 -0.70710778
vn 0.00082036015 -0.13032876 0.99147046
vn 0.00068180938 -0.12185733 0.99254739
vn 0 0 1
vn 0 0 1
vn 0.69736445 -0.16545217 -0.69735819
vn 0.69736439 -0.16545215 -0.69735825
vn 0.7071104 0 -0.70710313
vn 0.7071104 0 -0.70710313
vn 0.9925487 -0.12184676 0.00070244743
vn 0.99147105 -0.1303246 0.00082771981
vn 1 0 0
vn 1 0 0
vn 0.71231526 0.0012962339 0.7018584
vn 0.71193403 0.001614486 0.70224446
vn 0.71386528 0 0.70028299
vn 0.71386528 0 0.70028299
vn -0.70713401 1.8980789e-05 -0.70707947
vn -0.70713401 1.8980789e-05 -0.70707947
vn -0.7071346 1.8678451e-05 -0.70707899
vn -0.70713454 1.867742e-05 -0.70707893
vn -5.9457597e-07 -0.93788505 -0.34694594
vn 2.9367487e-07 -0.85065001 -0.5257324
vn 0 -0.85064995 -0.52573252
vn -1.4335857e-06 -0.93788528 -0.34694538
vn 5.9585358e-07 -0.68721503 -0.72645402
vn 0.00077734661 -0.46619174 -0.88468343
vn 0.0010391446 -0.46589327 -0.88484031
vn 0 -0.68721479 -0.72645432
vn 7.8678431e-06 -0.30541053 -0.95222074
vn -0.005935967 -0.13207406 -0.99122202
vn -0.0065707872 -0.12363565 -0.99230587
vn -0.0018630474 -0.30562699 -0.95214957
vn -0.71229237 0.0012874909 -0.70188171
vn -0.70868027 0.0014625065 -0.70552832
vn -0.70868748 0.0014693022 -0.70552093
vn -0.71189755 0.0016087117 -0.70228148
vn 0 -0.85065025 0.5257321
vn 0 -0.68721604 0.72645313
vn 0 -0.73025936 0.68317008
vn 0 -0.87079537 0.49164557
vn 0 -0.68721604 0.72645313
vn 0.00077636563 -0.46619236 0.88468307
vn 0.00037882186 -0.49024263 0.87158591
vn 0 -0.73025936 0.68317008
vn -0.71387184 0 -0.70027643
vn -0.71229237 0.0012874909 -0.70188171
vn -0.71189755 0.0016087117 -0.70228148
vn -0.71387184 0 -0.70027643
vn 2.9367487e-07 -0.85065001 -0.5257324
vn 5.9585358e-07 -0.68721503 -0.72645402
vn 0 -0.68721479 -0.72645432
vn 0 -0.85064995 -0.52573252
vn 0.00077734661 -0.46619174 -0.88468343
vn 7.8678431e-06 -0.30541053 -0.95222074
vn -0.0018630474 -0.30562699 -0.95214957
vn 0.0010391446 -0.46589327 -0.88484031
vn 0 -0.93788505 0.34694618
vn 0 -0.85065025 0.5257321
vn 0 -0.87079537 0.49164557
vn 0 -0.95456052 0.29801708
vn -7.3443897e-07 -1 6.4048044e-07
vn 0 -0.93788505 0.34694618
vn 0 -0.95456052 0.29801708
vn 0 -1 -1.6308486e-07
vn -7.3443897e-07 -1 6.4048044e-07
vn -5.9457597e-07 -0.93788505 -0.34694594
vn -1.4335857e-06 -0.93788528 -0.34694538
vn -1.4688779e-06 -1 1.1147293e-06
vn 0.00077636563 -0.46619236 0.88468307
vn 0.0017912032 -0.30788964 0.95142043
vn 0.0017003475 -0.32050794 0.94724423
vn 0.00037882186 -0.49024263 0.87158591
vn 0.0017912032 -0.30788964 0.95142043
vn 0.00082036015 -0.13032876 0.99147046
vn 0.0017003475 -0.32050794 0.94724423
vn 0.7264539 -0.68721521 0
vn 0.52645475 -0.8502031 6.1909205e-08
vn 0.49268997 -0.87020493 1.7811935e-07
vn 0.68317044 -0.730259 0
vn 0.99147105 -0.1303246 0.00082771981
vn 0.95141613 -0.30790299 0.001789426
vn 0.94723713 -0.32052937 0.0016564655
vn 0.52645475 -0.8502031 6.1909205e-08
vn 0.34727779 -0.9377622 1.2304359e-07
vn 0.29769549 -0.95466095 2.447666e-07
vn 0.49268997 -0.87020493 1.7811935e-07
vn -0.34694627 -0.93788499 -2.3298225e-07
vn -0.00049612514 -0.99999994 -1.7857861e-08
vn -0.00049581722 -0.99999994 0
vn -0.34694618 -0.93788505 0
vn -0.52573246 -0.85064995 -3.3109066e-07
vn -0.34694627 -0.93788499 -2.3298225e-07
vn -0.34694618 -0.93788505 0
vn -0.52573234 -0.85065001 0
vn -0.88467354 -0.46621025 0.00075713679
vn -0.72645432 -0.68721473 -6.2370634e-07
vn -0.72645426 -0.68721479 0
vn -0.88482881 -0.46591511 0.0010394121
vn -0.99147099 -0.13032506 0.00082867203
vn -0.95141613 -0.30790296 0.0017901439
vn -0.95161039 -0.30730224 0.0017335864
vn -0.99254858 -0.1218476 0.00070314773
vn 0.70185685 0.0012957517 -0.71231687
vn 0.70548332 0.0014725965 -0.70872498
vn 0.70548081 0.0014748315 -0.70872736
vn 0.70224273 0.0016138934 -0.71193582
vn 0.95141613 -0.30790299 0.001789426
vn 0.8846733 -0.46621096 0.00075846026
vn 0.87157995 -0.49025336 0.00035202413
vn 0.94723713 -0.32052937 0.0016564655
vn 0.8846733 -0.46621096 0.00075846026
vn 0.7264539 -0.68721521 0
vn 0.68317044 -0.730259 0
vn 0.87157995 -0.49025336 0.00035202413
vn 0.34727779 -0.9377622 1.2304359e-07
vn -0.00049612514 -0.99999994 -1.7857861e-08
vn -0.00018684179 -1 -3.5361225e-08
vn 0.29769549 -0.95466095 2.447666e-07
vn -0.72645432 -0.68721473 -6.2370634e-07
vn -0.52573246 -0.85064995 -3.3109066e-07
vn -0.52573234 -0.85065001 0
vn -0.72645426 -0.68721479 0
vn -0.95141613 -0.30790296 0.0017901439
vn -0.88467354 -0.46621025 0.00075713679
vn -0.88482881 -0.46591511 0.0010394121
vn -0.95161039 -0.30730224 0.0017335864
vn 0.70028228 0 -0.713866
vn 0.70185685 0.0012957517 -0.71231687
vn 0.70224273 0.0016138934 -0.71193582
vn 0.70028228 0 -0.713866
vn 0 -0.68636847 -0.72725397
vn -0.00077997247 -0.46405441 -0.88580638
vn -0.0003838118 -0.48760682 -0.87306315
vn 0 -0.73040575 -0.68301344
vn -0.00077997247 -0.46405441 -0.88580638
vn -0.0017901019 -0.307888 -0.95142096
vn -0.001707037 -0.32050475 -0.94724536
vn -0.0003838118 -0.48760682 -0.87306315
vn -9.6953769e-08 -0.93788505 -0.34694633
vn 0 -0.85130382 -0.5246731
vn 0 -0.8711043 -0.49109793
vn -2.8492985e-07 -0.95456052 -0.29801705
vn -2.9264532e-07 -0.85065013 0.52573222
vn -1.0113847e-06 -0.6872161 0.72645295
vn -8.3860402e-07 -0.68721581 0.7264533
vn 0 -0.85064983 0.5257327
vn -0.00078071625 -0.46618792 0.8846854
vn -0.0017897269 -0.30788657 0.95142138
vn -0.0017057311 -0.30728465 0.95161611
vn -0.0010393598 -0.46588936 0.8848424
vn -2.4937652e-08 -0.93788493 0.34694657
vn -2.9264532e-07 -0.85065013 0.52573222
vn 0 -0.85064983 0.5257327
vn 0 -0.93788481 0.34694669
vn 1.1190408e-13 -1 -9.7783275e-09
vn -9.6953769e-08 -0.93788505 -0.34694633
vn -2.8492985e-07 -0.95456052 -0.29801705
vn 2.9276223e-13 -1 2.0145789e-07
vn -0.0017901019 -0.307888 -0.95142096
vn -0.00081847206 -0.13033006 -0.99147034
vn -0.001707037 -0.32050475 -0.94724536
vn 0 -0.85130382 -0.5246731
vn 0 -0.68636847 -0.72725397
vn 0 -0.73040575 -0.68301344
vn 0 -0.8711043 -0.49109793
vn 1.1190408e-13 -1 -9.7783275e-09
vn -2.4937652e-08 -0.93788493 0.34694657
vn 0 -0.93788481 0.34694669
vn 0 -0.99999994 -1.7600988e-07
vn -1.0113847e-06 -0.6872161 0.72645295
vn -0.00078071625 -0.46618792 0.8846854
vn -0.0010393598 -0.46588936 0.8848424
vn -8.3860402e-07 -0.68721581 0.7264533
vn -0.0017897269 -0.30788657 0.95142138
vn -0.00081772829 -0.13032897 0.99147046
vn -0.00067621714 -0.12185878 0.99254715
vn -0.0017057311 -0.30728465 0.95161611
vn -0.88448328 -0.46657187 0
vn -0.72645414 -0.68721491 0
vn -0.68317044 -0.730259 0
vn -0.87155306 -0.49030128 0
vn 0.72645396 -0.68721509 1.9022964e-07
vn 0.52573246 -0.85064995 2.3689633e-07
vn 0.52573264 -0.85064983 0
vn 0.7264542 -0.68721479 0
vn 0.95143706 -0.30784324 0
vn 0.88448298 -0.46657234 1.0320374e-07
vn 0.88448316 -0.46657217 0
vn 0.95143718 -0.30784312 0
vn 0.34694594 -0.93788505 1.9790021e-07
vn -7.2848542e-07 -1 -7.7764966e-08
vn -1.7894336e-06 -0.99999994 0
vn 0.34694514 -0.93788546 0
vn -0.72645414 -0.68721491 0
vn -0.52573216 -0.85065025 -9.1853217e-08
vn -0.49199381 -0.87059867 -2.634016e-07
vn -0.68317044 -0.730259 0
vn -0.99155498 -0.12968777 0
vn -0.95143723 -0.30784306 0
vn -0.94743949 -0.31993502 0
vn -0.52573216 -0.85065025 -9.1853217e-08
vn -0.34694594 -0.93788511 -2.1381905e-07
vn -0.29880071 -0.95431554 -4.5465541e-07
vn -0.49199381 -0.87059867 -2.634016e-07
vn -0.95143723 -0.30784306 0
vn -0.88448328 -0.46657187 0
vn -0.87155306 -0.49030128 0
vn -0.94743949 -0.31993502 0
vn -0.34694594 -0.93788511 -2.1381905e-07
vn -7.2848542e-07 -1 -7.7764966e-08
vn 0.0038292676 -0.99999261 -1.502661e-07
vn -0.29880071 -0.95431554 -4.5465541e-07
vn 0.88448298 -0.46657234 1.0320374e-07
vn 0.72645396 -0.68721509 1.9022964e-07
vn 0.7264542 -0.68721479 0
vn 0.88448316 -0.46657217 0
vn 0.99155498 -0.12968704 0
vn 0.95143706 -0.30784324 0
vn 0.95143718 -0.30784312 0
vn 0.99262601 -0.12121707 0
vn 0.52573246 -0.85064995 2.3689633e-07
vn 0.34694594 -0.93788505 1.9790021e-07
vn 0.34694514 -0.93788546 0
vn 0.52573264 -0.85064983 0
vn 0.34727776 -0.93776232 -4.6801065e-07
vn -0.00049533806 -0.99999994 0
vn -0.00049571937 -0.99999994 -1.0709867e-08
vn 0.34727779 -0.9377622 -1.6021832e-07
vn -2.8548038e-07 -0.95456046 -0.29801717
vn 0 -0.87079525 -0.49164584
vn 0 -0.85064995 -0.52573252
vn -9.7141189e-08 -0.93788499 -0.34694615
vn 0 -0.87079525 -0.49164584
vn 2.7112665e-07 -0.73025876 -0.68317068
vn 2.1117886e-07 -0.68721491 -0.72645414
vn 0 -0.85064995 -0.52573252
vn 2.7112665e-07 -0.73025876 -0.68317068
vn 0.00037997786 -0.49024212 -0.87158626
vn 0.00077727431 -0.46619213 -0.88468319
vn 2.1117886e-07 -0.68721491 -0.72645414
vn 0.00037997786 -0.49024212 -0.87158626
vn 0.0016727332 -0.31768993 -0.94819319
vn 8.5340444e-06 -0.30541131 -0.9522205
vn 0.00077727431 -0.46619213 -0.88468319
vn 0.0016727332 -0.31768993 -0.94819319
vn -0.0059338645 -0.13207255 -0.99122238
vn 8.5340444e-06 -0.30541131 -0.9522205
vn -1.9868209e-07 -0.99999994 2.3023756e-07
vn -1.2869735e-07 -0.9545604 0.29801723
vn -1.2189156e-07 -0.93788505 0.34694606
vn -9.9341051e-08 -1 -4.4002476e-08
vn 0.49164549 -0.87079537 1.7456081e-07
vn 0.52573204 -0.85065025 6.0685707e-08
vn 0.72645378 -0.68721527 0
vn 0.68317062 -0.73025882 0
vn 0.68317062 -0.73025882 0
vn 0.72645378 -0.68721527 0
vn 0.88448328 -0.46657193 -1.4171096e-07
vn 0.8715533 -0.49030083 0
vn 0.8715533 -0.49030083 0
vn 0.88448328 -0.46657193 -1.4171096e-07
vn 0.95143712 -0.3078433 -1.4131106e-07
vn 0.94743919 -0.31993571 0
vn 0.94743919 -0.31993571 0
vn 0.95143712 -0.3078433 -1.4131106e-07
vn 0.99155498 -0.12968744 0
vn 0 -0.93788522 -0.34694588
vn 0 -0.85130411 -0.52467257
vn 1.2164166e-07 -0.85130394 -0.52467287
vn 2.4937661e-08 -0.93788511 -0.34694606
vn 0 -1 7.3337469e-07
vn 0 -0.93788487 0.34694672
vn 0 -0.93788487 0.3469466
vn -9.9532855e-08 -1 4.4980311e-07
vn -0.29801652 -0.9545607 -2.2250418e-07
vn -0.34694567 -0.93788511 -1.2275184e-07
vn -0.52573246 -0.85065001 -2.814306e-07
vn -0.49100593 -0.87115622 -2.1195792e-07
vn -0.49100593 -0.87115622 -2.1195792e-07
vn -0.52573246 -0.85065001 -2.814306e-07
vn -0.72645396 -0.68721509 -4.0479117e-07
vn -0.68436754 -0.72913724 0
vn -0.68436754 -0.72913724 0
vn -0.72645396 -0.68721509 -4.0479117e-07
vn -0.88467336 -0.46621066 0.00075749651
vn -0.87194926 -0.48959631 0.00035533725
vn -0.87194926 -0.48959631 0.00035533725
vn -0.88467336 -0.46621066 0.00075749651
vn -0.95141608 -0.3079029 0.0017874716
vn -0.94723725 -0.32052901 0.0016553699
vn -0.94723725 -0.32052901 0.0016553699
vn -0.95141608 -0.3079029 0.0017874716
vn -0.99147105 -0.13032499 0.00082592166
vn -1.9906594e-07 -0.99999994 -1.1511878e-07
vn -2.8548038e-07 -0.95456046 -0.29801717
vn -9.7141189e-08 -0.93788499 -0.34694615
vn -9.9532855e-08 -1 4.4980311e-07
vn -3.4993866e-07 -0.87079567 0.49164513
vn 0 -0.7302596 0.68316978
vn 0 -0.68721575 0.72645342
vn -1.2165535e-07 -0.85065025 0.52573192
vn 0 -0.7302596 0.68316978
vn -0.00038446864 -0.49023932 0.87158781
vn -0.00078002556 -0.46618804 0.88468534
vn 0 -0.68721575 0.72645342
vn -0.00038446864 -0.49023932 0.87158781
vn -0.0017082689 -0.32050419 0.94724548
vn -0.0017898688 -0.30788696 0.95142126
vn -0.00078002556 -0.46618804 0.88468534
vn -0.0017082689 -0.32050419 0.94724548
vn -0.00081772992 -0.13032901 0.9914704
vn -0.0017898688 -0.30788696 0.95142126
vn -1.2869735e-07 -0.9545604 0.29801723
vn -3.4993866e-07 -0.87079567 0.49164513
vn -1.2165535e-07 -0.85065025 0.52573192
vn -1.2189156e-07 -0.93788505 0.34694606
vn 0.0010394186 -0.46589404 0.88483995
vn 0.0017122133 -0.30728829 0.95161498
vn 0.0017911958 -0.30789036 0.95142019
vn 0.00077614695 -0.46619225 0.88468313
vn -1.1798676e-06 -0.85065001 0.5257324
vn -1.1922129e-06 -0.68721551 0.7264536
vn -8.0728597e-07 -0.68721569 0.72645342
vn -5.8993288e-07 -0.85065007 0.52573234
vn 0.0017122133 -0.30728829 0.95161498
vn 0.00068180839 -0.12185715 0.99254751
vn 0.00082035945 -0.13032871 0.99147052
vn 0.0017911958 -0.30789036 0.95142019
vn -1.1922129e-06 -0.68721551 0.7264536
vn 0.0010394186 -0.46589404 0.88483995
vn 0.00077614695 -0.46619225 0.88468313
vn -8.0728597e-07 -0.68721569 0.72645342
vn 0.29801714 -0.95456052 1.916309e-07
vn 0.3469463 -0.93788499 1.0416532e-07
vn 0.52573204 -0.85065025 6.0685707e-08
vn 0.49164549 -0.87079537 1.7456081e-07
vn 0.95161051 -0.30730197 0.0017326326
vn 0.88482863 -0.46591547 0.0010391558
vn 0.88467336 -0.46621069 0.00075802836
vn 0.95141613 -0.30790287 0.0017890014
vn 0.72645402 -0.68721503 -4.2067023e-07
vn 0.52645445 -0.85020334 -8.8328056e-07
vn 0.52645481 -0.85020304 -4.5053667e-07
vn 0.72645396 -0.68721503 -2.5451629e-07
vn 0 -1 -2.7379318e-07
vn 0 -0.93788522 -0.34694588
vn 2.4937661e-08 -0.93788511 -0.34694606
vn -9.9341051e-08 -1 -4.4002476e-08
vn 0.9925487 -0.12184685 0.00070244796
vn 0.95161051 -0.30730197 0.0017326326
vn 0.95141613 -0.30790287 0.0017890014
vn 0.99147105 -0.13032465 0.00082772144
vn 0.88482863 -0.46591547 0.0010391558
vn 0.72645402 -0.68721503 -4.2067023e-07
vn 0.72645396 -0.68721503 -2.5451629e-07
vn 0.88467336 -0.46621069 0.00075802836
vn 0.52645445 -0.85020334 -8.8328056e-07
vn 0.34727776 -0.93776232 -4.6801065e-07
vn 0.34727779 -0.9377622 -1.6021832e-07
vn 0.52645481 -0.85020304 -4.5053667e-07
vn -0.0017079272 -0.30728558 -0.95161581
vn -0.00067730807 -0.12185924 -0.99254715
vn -0.00081854087 -0.13032924 -0.99147046
vn -0.0017898311 -0.30788761 -0.95142102
vn 0 -0.68636805 -0.72725421
vn -0.001039387 -0.4637551 -0.88596278
vn -0.00077997154 -0.46405429 -0.88580644
vn 0 -0.68636811 -0.72725433
vn 0 -0.93788487 0.34694672
vn -1.1798676e-06 -0.85065001 0.5257324
vn -5.8993288e-07 -0.85065007 0.52573234
vn 0 -0.93788487 0.3469466
vn -0.001039387 -0.4637551 -0.88596278
vn -0.0017079272 -0.30728558 -0.95161581
vn -0.0017898311 -0.30788761 -0.95142102
vn -0.00077997154 -0.46405429 -0.88580644
vn 0 -0.85130411 -0.52467257
vn 0 -0.68636805 -0.72725421
vn 0 -0.68636811 -0.72725433
vn 1.2164166e-07 -0.85130394 -0.52467287
vn -0.00018679394 -1 -2.1195623e-08
vn -0.00049571937 -0.99999994 -1.0709867e-08
vn -0.34694567 -0.93788511 -1.2275184e-07
vn -0.29801652 -0.9545607 -2.2250418e-07
vn -0.99262589 -0.1212182 0
vn -0.95143706 -0.30784351 -2.8262141e-07
vn -0.951437 -0.30784363 -1.4131111e-07
vn -0.99155486 -0.12968844 0
vn -0.88448334 -0.46657199 -2.8342211e-07
vn -0.72645342 -0.68721563 0
vn -0.72645366 -0.68721545 0
vn -0.88448328 -0.46657181 -1.4171103e-07
vn -0.5257318 -0.85065037 0
vn -0.34694657 -0.93788499 0
vn -0.34694651 -0.93788499 -8.867022e-08
vn -0.52573216 -0.85065019 -4.9753826e-08
vn 0.0038292271 -0.99999267 1.1886883e-08
vn -2.5423654e-07 -1 4.653816e-09
vn 0.3469463 -0.93788499 1.0416532e-07
vn 0.29801714 -0.95456052 1.916309e-07
vn -0.95143706 -0.30784351 -2.8262141e-07
vn -0.88448334 -0.46657199 -2.8342211e-07
vn -0.88448328 -0.46657181 -1.4171103e-07
vn -0.951437 -0.30784363 -1.4131111e-07
vn -0.72645342 -0.68721563 0
vn -0.5257318 -0.85065037 0
vn -0.52573216 -0.85065019 -4.9753826e-08
vn -0.72645366 -0.68721545 0
vn -0.34694657 -0.93788499 0
vn -7.9204466e-07 -1 0
vn -2.5423654e-07 -1 4.653816e-09
vn -0.34694651 -0.93788499 -8.867022e-08
vn -0.70726007 -0.00021394134 0.70695335
vn -0.69710815 0.0010070987 0.71696526
vn -0.69713646 0.001007766 0.71693778
vn -0.70726079 -0.00021479536 0.70695263
vn -0.71401781 -0.028054684 -0.69956517
vn -0.71040046 -0.011912311 -0.70369691
vn -0.71039927 -0.011907171 -0.70369816
vn -0.71401781 -0.028054684 -0.69956517
vn 0.70603168 -0.0055085137 -0.70815885
vn 0.70706528 0.0009544284 -0.70714766
vn 0.70706558 0.00095196208 -0.70714736
vn 0.70602715 -0.0055184411 -0.70816332
vn -0.70341206 -0.014038095 -0.71064353
vn -0.6995585 -0.028076626 -0.71402347
vn -0.6995585 -0.028076626 -0.71402347
vn -0.70341319 -0.014033771 -0.71064252
vn 0.71402252 -0.02808368 0.69955927
vn 0.71064574 -0.014044179 0.70340985
vn 0.71064454 -0.014039491 0.7034111
vn 0.71402252 -0.02808368 0.69955927
vn -0.70710862 3.2009823e-06 -0.70710498
vn -0.70341206 -0.014038095 -0.71064353
vn -0.70341319 -0.014033771 -0.71064252
vn -0.70710862 3.2011476e-06 -0.70710498
vn -0.70813167 -0.00098833663 0.70607966
vn -0.70726007 -0.00021394134 0.70695335
vn -0.70726079 -0.00021479536 0.70695263
vn -0.70813173 -0.00098846748 0.70607954
vn 0.70462269 -0.0090940651 0.70952386
vn 0.7031706 -0.015993319 0.71084142
vn 0.70317155 -0.015989838 0.71084046
vn 0.70461893 -0.0091034528 0.70952749
vn 0.71064574 -0.014044179 0.70340985
vn 0.7071082 -5.1816403e-07 0.70710528
vn 0.70710826 -5.1865868e-07 0.70710534
vn 0.71064454 -0.014039491 0.7034111
vn 0.70706528 0.0009544284 -0.70714766
vn 0.70721138 0.0023068832 -0.70699853
vn 0.70721209 0.0023042501 -0.70699775
vn 0.70706558 0.00095196208 -0.70714736
vn -0.71040046 -0.011912311 -0.70369691
vn -0.70965189 0.013496429 -0.70442319
vn -0.70964122 0.013463811 -0.70443451
vn -0.71039927 -0.011907171 -0.70369816
vn -0.70710713 2.37934e-06 -0.70710635
vn -0.70710862 3.2009823e-06 -0.70710498
vn -0.70710862 3.2011476e-06 -0.70710498
vn -0.70710713 2.3793523e-06 -0.70710641
vn -0.70581067 0.0013076589 0.7083993
vn -0.70813167 -0.00098833663 0.70607966
vn -0.70813173 -0.00098846748 0.70607954
vn -0.70580775 0.00131014 0.70840222
vn 0.69999671 -0.012698796 0.71403313
vn 0.70462269 -0.0090940651 0.70952386
vn 0.70461893 -0.0091034528 0.70952749
vn 0.6999855 -0.012693358 0.71404421
vn 0.7071082 -5.1816403e-07 0.70710528
vn 0.70710516 9.9515694e-07 0.70710832
vn 0.70710522 9.9514727e-07 0.70710838
vn 0.70710826 -5.1865868e-07 0.70710534
vn 0.70721138 0.0023068832 -0.70699853
vn 0.70904797 0.0016356508 -0.70515829
vn 0.70905 0.0016376283 -0.70515621
vn 0.70721209 0.0023042501 -0.70699775
vn -0.70965189 0.013496429 -0.70442319
vn -0.69821769 0.0072684833 -0.71584857
vn -0.69826519 0.0073185936 -0.71580178
vn -0.70964122 0.013463811 -0.70443451
vn -0.70710653 1.2122152e-06 -0.70710713
vn -0.70710713 2.37934e-06 -0.70710635
vn -0.70710713 2.3793523e-06 -0.70710641
vn -0.70710653 1.2117795e-06 -0.70710707
vn -0.70185196 0.0012955946 0.71232164
vn -0.70581067 0.0013076589 0.7083993
vn -0.70580775 0.00131014 0.70840222
vn -0.70223838 0.0016136977 0.71194005
vn 0.69996059 -0.0068324776 0.71414876
vn 0.69999671 -0.012698796 0.71403313
vn 0.6999855 -0.012693358 0.71404421
vn 0.69994694 -0.0068563046 0.71416181
vn 0.70710516 9.9515694e-07 0.70710832
vn 0.70710546 -4.5046445e-08 0.70710808
vn 0.7071054 -4.6047706e-08 0.70710808
vn 0.70710522 9.9514727e-07 0.70710838
vn -0.69821769 0.0072684833 -0.71584857
vn -0.69298184 -0.0029370463 -0.72094911
vn -0.69306076 -0.0028939291 -0.72087342
vn -0.69826519 0.0073185936 -0.71580178
vn 0.70904797 0.0016356508 -0.70515829
vn 0.71231854 0.0012954356 -0.70185512
vn 0.71193719 0.0016134894 -0.7022413
vn 0.70905 0.0016376283 -0.70515621
vn 0.64424592 -0.41218048 -0.64424717
vn 0.69736171 -0.16545217 -0.69736093
vn 0.69736165 -0.1654522 -0.69736087
vn 0.64424598 -0.41218054 -0.64424717
vn 0.56896263 -0.59376901 -0.56896394
vn 0.64424592 -0.41218048 -0.64424717
vn 0.64424598 -0.41218054 -0.64424717
vn 0.56896281 -0.59376872 -0.56896406
vn 0.42859337 -0.79537165 -0.42859262
vn 0.56896263 -0.59376901 -0.56896394
vn 0.56896281 -0.59376872 -0.56896406
vn 0.42859322 -0.79537183 -0.42859244
vn 0.28375381 -0.91595191 -0.2837534
vn 0.42859337 -0.79537165 -0.42859262
vn 0.42859322 -0.79537183 -0.42859244
vn 0.28375372 -0.91595185 -0.28375328
vn 0.18060796 -0.96684957 -0.18050678
vn 0.28375381 -0.91595191 -0.2837534
vn 0.28375372 -0.91595185 -0.28375328
vn 0.180608 -0.96684963 -0.18050686
vn 0.69736159 -0.16545223 0.69736111
vn 0.64424676 -0.41218051 0.64424622
vn 0.64424706 -0.41217983 0.64424652
vn 0.69736153 -0.16545224 0.69736099
vn 0.64424676 -0.41218051 0.64424622
vn 0.56896347 -0.59376866 0.56896347
vn 0.56896353 -0.5937686 0.56896353
vn 0.64424706 -0.41217983 0.64424652
vn 0.56896347 -0.59376866 0.56896347
vn 0.42858893 -0.79537594 0.42858911
vn 0.42859581 -0.79536861 0.42859596
vn 0.56896353 -0.5937686 0.56896353
vn 0.42858893 -0.79537594 0.42858911
vn 0.28438738 -0.91586584 0.28339645
vn 0.2843641 -0.91588044 0.28337267
vn 0.42859581 -0.79536861 0.42859596
vn 0.28438738 -0.91586584 0.28339645
vn 0.18165521 -0.96673006 0.18009554
vn 0.18110409 -0.96693516 0.17954861
vn 0.2843641 -0.91588044 0.28337267
vn -0.64424348 -0.41219684 -0.64423919
vn -0.69736129 -0.16545235 -0.69736129
vn -0.69736129 -0.16545235 -0.69736129
vn -0.64424944 -0.41217822 -0.64424515
vn -0.56797367 -0.59313405 -0.57061195
vn -0.64424348 -0.41219684 -0.64423919
vn -0.64424944 -0.41217822 -0.64424515
vn -0.5679394 -0.593198 -0.57057953
vn -0.42707038 -0.79458946 -0.43155369
vn -0.56797367 -0.59313405 -0.57061195
vn -0.5679394 -0.593198 -0.57057953
vn -0.42611685 -0.79562265 -0.43059152
vn -0.28942567 -0.91528487 -0.2801542
vn -0.42707038 -0.79458946 -0.43155369
vn -0.42611685 -0.79562265 -0.43059152
vn -0.28910437 -0.91551667 -0.27972823
vn -0.18660848 -0.96767604 -0.16964743
vn -0.28942567 -0.91528487 -0.2801542
vn -0.28910437 -0.91551667 -0.27972823
vn -0.19292696 -0.96539956 -0.17545041
vn 0.18165521 -0.96673006 0.18009554
vn 0.12415805 -0.98460519 0.12303437
vn 0.12415805 -0.98460519 0.12303437
vn 0.18110409 -0.96693516 0.17954861
vn -0.128374 -0.98489827 -0.11617005
vn -0.18660848 -0.96767604 -0.16964743
vn -0.19292696 -0.96539956 -0.17545041
vn -0.128374 -0.98489827 -0.11617005
vn -0.64422852 -0.41227818 0.64420205
vn -0.6973604 -0.16545248 0.69736224
vn -0.6973604 -0.16545242 0.69736224
vn -0.64427018 -0.41214791 0.64424384
vn -0.57972437 -0.59080231 0.56113476
vn -0.64422852 -0.41227818 0.64420205
vn -0.64427018 -0.41214791 0.64424384
vn -0.58014828 -0.58979106 0.56176013
vn -0.44826207 -0.79063183 0.417088
vn -0.57972437 -0.59080231 0.56113476
vn -0.58014828 -0.58979106 0.56176013
vn -0.44257352 -0.79661584 0.4117423
vn -0.28898728 -0.9165113 0.27657419
vn -0.44826207 -0.79063183 0.417088
vn -0.44257352 -0.79661584 0.4117423
vn -0.28860441 -0.91672021 0.2762816
vn -0.18062025 -0.96684557 0.18051583
vn -0.28898728 -0.9165113 0.27657419
vn -0.28860441 -0.91672021 0.2762816
vn -0.1805667 -0.9668656 0.1804622
vn 0.12384763 -0.9845677 -0.12364519
vn 0.18060796 -0.96684957 -0.18050678
vn 0.180608 -0.96684963 -0.18050686
vn 0.12384763 -0.9845677 -0.12364519
vn -0.12380054 -0.98457831 0.1236084
vn -0.18062025 -0.96684557 0.18051583
vn -0.1805667 -0.9668656 0.1804622
vn -0.12380054 -0.98457831 0.1236084
vn 0.7031706 -0.015993319 0.71084142
vn 0.69964808 -0.027770933 0.71394765
vn 0.69964808 -0.027770933 0.71394765
vn 0.70317155 -0.015989838 0.71084046
vn -0.70872504 0.0014722245 0.70548326
vn -0.71232033 0.0012954279 0.70185333
vn -0.71193892 0.0016134898 0.70223951
vn -0.70872754 0.0014744659 0.70548069
vn 0.70187891 -0.022078764 -0.71195394
vn 0.70603168 -0.0055085137 -0.70815885
vn 0.70602715 -0.0055184411 -0.70816332
vn 0.70189339 -0.022008868 -0.7119419
vn 0.70548344 0.0014718799 -0.70872492
vn 0.70710802 -8.0117343e-07 -0.70710558
vn 0.70710808 -8.0168951e-07 -0.70710552
vn 0.70548099 0.0014741144 -0.70872736
vn -0.69710815 0.0010070987 0.71696526
vn -0.70945495 -0.0078570638 0.70470697
vn -0.70954919 -0.007895885 0.70461172
vn -0.69713646 0.001007766 0.71693778
vn 0.71045458 -0.013138504 -0.70362043
vn 0.71252841 -0.027786655 -0.70109284
vn 0.71252841 -0.027786655 -0.70109284
vn 0.71045488 -0.013140598 -0.70362014
vn -0.70710647 1.1100583e-07 0.70710713
vn -0.70872504 0.0014722245 0.70548326
vn -0.70872754 0.0014744659 0.70548069
vn -0.70710653 1.1059021e-07 0.70710713
vn -0.69951069 -0.028774593 0.71404248
vn -0.70326966 -0.014810405 0.71076888
vn -0.70327246 -0.014799673 0.71076632
vn -0.69951069 -0.028774593 0.71404248
vn 0.70710802 -8.0117343e-07 -0.70710558
vn 0.7070297 0.00014389325 -0.70718378
vn 0.7070297 0.00014389795 -0.70718384
vn 0.70710808 -8.0168951e-07 -0.70710552
vn 0.69904524 -0.035438374 -0.71419877
vn 0.70187891 -0.022078764 -0.71195394
vn 0.70189339 -0.022008868 -0.7119419
vn 0.69904524 -0.035438374 -0.71419877
vn -0.70945495 -0.0078570638 0.70470697
vn -0.73020136 -0.016546806 0.68303162
vn -0.73020136 -0.016546806 0.68303162
vn -0.70954919 -0.007895885 0.70461172
vn -0.70703131 -0.00014303748 0.70718217
vn -0.70710647 1.1100583e-07 0.70710713
vn -0.70710653 1.1059021e-07 0.70710713
vn -0.70703131 -0.00014304172 0.70718217
vn 0.7070297 0.00014389325 -0.70718378
vn 0.70758694 0.00089674961 -0.70662576
vn 0.70758718 0.00089695345 -0.70662552
vn 0.7070297 0.00014389795 -0.70718384
vn -0.70318401 0.0026260214 -0.71100307
vn -0.70185339 0.0012951043 -0.71232027
vn -0.70223981 0.0016130967 -0.71193868
vn -0.70318508 0.0026265006 -0.71100205
vn 0.70548248 0.0014722499 0.70872581
vn 0.70185232 0.0012959172 0.71232128
vn 0.70223868 0.0016140989 0.71193975
vn 0.70548004 0.001474486 0.70872831
vn -0.70691556 -0.00056151312 0.70729768
vn -0.70703131 -0.00014303748 0.70718217
vn -0.70703131 -0.00014304172 0.70718217
vn -0.70691562 -0.00056170643 0.70729774
vn 0.7123189 0.0012959174 0.70185483
vn 0.7064572 0.0003286537 0.70775568
vn 0.70646298 0.00033257701 0.7077499
vn 0.71193761 0.0016140998 0.70224088
vn 0.70758694 0.00089674961 -0.70662576
vn 0.71045458 -0.013138504 -0.70362043
vn 0.71045488 -0.013140598 -0.70362014
vn 0.70758718 0.00089695345 -0.70662552
vn -0.69298184 -0.0029370463 -0.72094911
vn -0.70318401 0.0026260214 -0.71100307
vn -0.70318508 0.0026265006 -0.71100205
vn -0.69306076 -0.0028939291 -0.72087342
vn -0.70326966 -0.014810405 0.71076888
vn -0.70691556 -0.00056151312 0.70729768
vn -0.70691562 -0.00056170643 0.70729774
vn -0.70327246 -0.014799673 0.71076632
vn 0.70710546 -4.5046445e-08 0.70710808
vn 0.70548248 0.0014722499 0.70872581
vn 0.70548004 0.001474486 0.70872831
vn 0.7071054 -4.6047706e-08 0.70710808
vn 0.7064572 0.0003286537 0.70775568
vn 0.69996059 -0.0068324776 0.71414876
vn 0.69994694 -0.0068563046 0.71416181
vn 0.70646298 0.00033257701 0.7077499
vn -0.70868379 0.0014638434 -0.7055248
vn -0.70710653 1.2122152e-06 -0.70710713
vn -0.70710653 1.2117795e-06 -0.70710707
vn -0.70869106 0.0014706176 -0.70551741
vn 0.70870078 0.00010553015 -0.70550913
vn 0.70870078 0.00010553015 -0.70550913
vn 0.7087 0.00010494331 -0.7055099
vn 0.7087 0.00010494363 -0.70550996
vn -0.71313858 -0.0081850216 0.7009753
vn -0.71313858 -0.0081850216 0.7009753
vn -0.71457279 -0.0014405071 0.69955963
vn -0.71457291 -0.0014396218 0.69955939
vn 0.70677644 -1.5619122e-05 0.70743686
vn 0.70677644 -1.5619122e-05 0.70743686
vn 0.70677704 -1.6488442e-05 0.70743638
vn 0.70677704 -1.6488395e-05 0.70743632
vn -0.74140161 -0.67106098 -0.0008830959
vn -0.74056822 -0.6719805 -0.00088224263
vn -0.82123351 -0.57059139 -0.00096380949
vn 0.0014818218 -0.58112311 -0.81381428
vn 0.0014429204 -0.58009517 -0.81454748
vn 0.0013815807 -0.62763995 -0.77850258
vn 0.0013389738 -0.67685878 -0.73611182
vn 0.81446487 -0.5802114 0.0012764793
vn 0.73489612 -0.67817914 -0.00081713498
vn 0.70945805 -0.70474619 -0.0014259466
vn -0.0011827925 -0.58089942 0.81397444
vn -0.0010645804 -0.67794925 0.73510796
vn -0.0010648238 -0.67777276 0.73527074
vn 0.70945805 -0.70474619 -0.0014259466
vn 0.73489612 -0.67817914 -0.00081713498
vn 0.62924588 -0.77719963 -0.0032015748
vn 0.62924588 -0.77719963 -0.0032015748
vn -0.71457291 -0.0014396218 0.69955939
vn -0.71457279 -0.0014405071 0.69955963
vn -0.71734905 0.012119644 0.69660842
vn -0.70713377 1.8903385e-05 -0.70707977
vn -0.70713383 1.8905661e-05 -0.70707983
vn -0.70713288 1.7562579e-05 -0.70708066
vn 0.7087 0.00010494363 -0.70550996
vn 0.7087 0.00010494331 -0.7055099
vn 0.70869845 0.00010376345 -0.70551157
vn 0.70869845 0.00010376345 -0.70551157
vn 0.70677704 -1.6488395e-05 0.70743632
vn 0.70677704 -1.6488442e-05 0.70743638
vn 0.70677823 -1.8236331e-05 0.70743519
vn -0.74140161 -0.67106098 -0.0008830959
vn -0.63411003 -0.77324247 -0.00077188574
vn -0.74056822 -0.6719805 -0.00088224263
vn 0.0013815807 -0.62763995 -0.77850258
vn 0.0014429204 -0.58009517 -0.81454748
vn 0.001357822 -0.57784343 -0.81614649
vn -0.0010645804 -0.67794925 0.73510796
vn -0.000909155 -0.77583277 0.63093799
vn -0.0010648238 -0.67777276 0.73527074
vn 0.0013815807 -0.62763995 -0.77850258
vn 0.0011503052 -0.77387303 -0.63333982
vn 0.0013389738 -0.67685878 -0.73611182
vn -0.0065685278 -0.12363402 -0.99230617
vn -0.0059338645 -0.13207255 -0.99122238
vn -0.0073162313 -0.0073161619 -0.99994648
vn -0.0073162313 -0.0073161619 -0.99994648
vn -0.70185196 0.0012955946 0.71232164
vn -0.70223838 0.0016136977 0.71194005
vn -0.7002753 0 0.71387291
vn -0.7002753 0 0.71387291
vn 0.99155498 -0.12968744 0
vn 0.99262601 -0.12121722 0
vn 1 0 0
vn 1 0 0
vn -0.99262589 -0.1212182 0
vn -0.99155486 -0.12968844 0
vn -1 0 0
vn -1 0 0
vn -0.71193892 0.0016134898 0.70223951
vn -0.71232033 0.0012954279 0.70185333
vn -0.71387088 0 0.70027739
vn -0.71387088 0 0.70027739
vn -0.00081854087 -0.13032924 -0.99147046
vn -0.00067730807 -0.12185924 -0.99254715
vn 0 0 -1
vn 0 0 -1
vn -0.6973604 -0.16545242 0.69736224
vn -0.6973604 -0.16545248 0.69736224
vn -0.70710576 0 0.70710784
vn -0.70710576 0 0.70710784
vn 0.70223868 0.0016140989 0.71193975
vn 0.70185232 0.0012959172 0.71232128
vn 0.70027596 0 0.71387225
vn 0.70027596 0 0.71387225
vn 0.71193719 0.0016134894 -0.7022413
vn 0.71231854 0.0012954356 -0.70185512
vn 0.7138688 0 -0.70027953
vn 0.7138688 0 -0.70027953
vn -0.00067621924 -0.12185892 0.99254721
vn -0.00081772992 -0.13032901 0.9914704
vn 0 0 0.99999994
vn 0 0 0.99999994
vn 0.69736159 -0.16545223 0.69736111
vn 0.69736153 -0.16545224 0.69736099
vn 0.70710677 0 0.70710677
vn 0.70710677 0 0.70710677
vn -0.70223981 0.0016130967 -0.71193868
vn -0.70185339 0.0012951043 -0.71232027
vn -0.70027673 0 -0.7138716
vn -0.70027673 0 -0.7138716
vn -0.99147105 -0.13032499 0.00082592166
vn -0.99254858 -0.12184753 0.00070067553
vn -1 0 -7.4506767e-07
vn -1 0 -7.4506767e-07
vn -0.69736129 -0.16545235 -0.69736129
vn -0.69736129 -0.16545235 -0.69736129
vn -0.70710683 0 -0.70710683
vn -0.70710683 0 -0.70710683
vn 0.00082035945 -0.13032871 0.99147052
vn 0.00068180839 -0.12185715 0.99254751
vn 0 0 1
vn 0 0 1
vn 0.69736165 -0.1654522 -0.69736087
vn 0.69736171 -0.16545217 -0.69736093
vn 0.70710725 0 -0.70710623
vn 0.70710725 0 -0.70710623
vn 0.9925487 -0.12184685 0.00070244796
vn 0.99147105 -0.13032465 0.00082772144
vn 1 0 0
vn 1 0 0
vn 0.7123189 0.0012959174 0.70185483
vn 0.71193761 0.0016140998 0.70224088
vn 0.7138688 0 0.70027953
vn 0.7138688 0 0.70027953
vn -0.70713425 1.9573812e-05 -0.70707929
vn -0.70713425 1.9573812e-05 -0.70707929
vn -0.70713383 1.8905661e-05 -0.70707983
vn -0.70713377 1.8903385e-05 -0.70707977
vn -9.7141189e-08 -0.93788499 -0.34694615
vn 0 -0.85064995 -0.52573252
vn 0 -0.85064995 -0.52573264
vn 0 -0.93788505 -0.34694609
vn 2.1117886e-07 -0.68721491 -0.72645414
vn 0.00077727431 -0.46619213 -0.88468319
vn 0.0010394186 -0.46589354 -0.88484025
vn 0 -0.68721449 -0.7264545
vn 8.5340444e-06 -0.30541131 -0.9522205
vn -0.0059338645 -0.13207255 -0.99122238
vn -0.0065685278 -0.12363402 -0.99230617
vn -0.0018616979 -0.3056275 -0.95214933
vn -0.71229172 0.0012876814 -0.7018823
vn -0.70868379 0.0014638434 -0.7055248
vn -0.70869106 0.0014706176 -0.70551741
vn -0.71189749 0.0016088601 -0.70228159
vn -5.8993288e-07 -0.85065007 0.52573234
vn -8.0728597e-07 -0.68721569 0.72645342
vn -2.7112645e-07 -0.73025912 0.68317026
vn 0 -0.87079525 0.49164584
vn -8.0728597e-07 -0.68721569 0.72645342
vn 0.00077614695 -0.46619225 0.88468313
vn 0.00037787537 -0.49024218 0.87158614
vn -2.7112645e-07 -0.73025912 0.68317026
vn -0.71386898 3.5375072e-07 -0.7002793
vn -0.71229172 0.0012876814 -0.7018823
vn -0.71189749 0.0016088601 -0.70228159
vn -0.71386898 3.5375072e-07 -0.7002793
vn 0 -0.85064995 -0.52573252
vn 2.1117886e-07 -0.68721491 -0.72645414
vn 0 -0.68721449 -0.7264545
vn 0 -0.85064995 -0.52573264
vn 0.00077727431 -0.46619213 -0.88468319
vn 8.5340444e-06 -0.30541131 -0.9522205
vn -0.0018616979 -0.3056275 -0.95214933
vn 0.0010394186 -0.46589354 -0.88484025
vn 0 -0.93788487 0.3469466
vn -5.8993288e-07 -0.85065007 0.52573234
vn 0 -0.87079525 0.49164584
vn 0 -0.95456052 0.29801738
vn -9.9532855e-08 -1 4.4980311e-07
vn 0 -0.93788487 0.3469466
vn 0 -0.95456052 0.29801738
vn -1.9906594e-07 -0.99999994 -1.1511878e-07
vn -9.9532855e-08 -1 4.4980311e-07
vn -9.7141189e-08 -0.93788499 -0.34694615
vn 0 -0.93788505 -0.34694609
vn 0 -1 7.3337469e-07
vn 0.00077614695 -0.46619225 0.88468313
vn 0.0017911958 -0.30789036 0.95142019
vn 0.0016996776 -0.32050875 0.94724399
vn 0.00037787537 -0.49024218 0.87158614
vn 0.0017911958 -0.30789036 0.95142019
vn 0.00082035945 -0.13032871 0.99147052
vn 0.0016996776 -0.32050875 0.94724399
vn 0.72645396 -0.68721503 -2.5451629e-07
vn 0.52645481 -0.85020304 -4.5053667e-07
vn 0.49268985 -0.87020499 5.1233382e-08
vn 0.68317068 -0.7302587 -1.1967259e-07
vn 0.99147105 -0.13032465 0.00082772144
vn 0.95141613 -0.30790287 0.0017890014
vn 0.94723725 -0.32052904 0.0016557549
vn 0.52645481 -0.85020304 -4.5053667e-07
vn 0.34727779 -0.9377622 -1.6021832e-07
vn 0.29769558 -0.95466089 1.5113008e-07
vn 0.49268985 -0.87020499 5.1233382e-08
vn -0.34694567 -0.93788511 -1.2275184e-07
vn -0.00049571937 -0.99999994 -1.0709867e-08
vn -0.00049533806 -0.99999994 0
vn -0.34694594 -0.93788517 0
vn -0.52573246 -0.85065001 -2.814306e-07
vn -0.34694567 -0.93788511 -1.2275184e-07
vn -0.34694594 -0.93788517 0
vn -0.52573276 -0.85064983 -4.1631336e-07
vn -0.88467336 -0.46621066 0.00075749651
vn -0.72645396 -0.68721509 -4.0479117e-07
vn -0.72645366 -0.68721533 -8.0958222e-07
vn -0.88482857 -0.46591568 0.0010377357
vn -0.99147105 -0.13032499 0.00082592166
vn -0.95141608 -0.3079029 0.0017874716
vn -0.95161051 -0.30730197 0.0017302075
vn -0.99254858 -0.12184753 0.00070067553
vn 0.70185387 0.0012955911 -0.71231985
vn 0.70548344 0.0014718799 -0.70872492
vn 0.70548099 0.0014741144 -0.70872736
vn 0.70224011 0.0016136928 -0.71193844
vn 0.95141613 -0.30790287 0.0017890014
vn 0.88467336 -0.46621069 0.00075802836
vn 0.87158006 -0.49025294 0.00035157637
vn 0.94723725 -0.32052904 0.0016557549
vn 0.88467336 -0.46621069 0.00075802836
vn 0.72645396 -0.68721503 -2.5451629e-07
vn 0.68317068 -0.7302587 -1.1967259e-07
vn 0.87158006 -0.49025294 0.00035157637
vn 0.34727779 -0.9377622 -1.6021832e-07
vn -0.00049571937 -0.99999994 -1.0709867e-08
vn -0.00018679394 -1 -2.1195623e-08
vn 0.29769558 -0.95466089 1.5113008e-07
vn -0.72645396 -0.68721509 -4.0479117e-07
vn -0.52573246 -0.85065001 -2.814306e-07
vn -0.52573276 -0.85064983 -4.1631336e-07
vn -0.72645366 -0.68721533 -8.0958222e-07
vn -0.95141608 -0.3079029 0.0017874716
vn -0.88467336 -0.46621066 0.00075749651
vn -0.88482857 -0.46591568 0.0010377357
vn -0.95161051 -0.30730197 0.0017302075
vn 0.7002781 0 -0.71387017
vn 0.70185387 0.0012955911 -0.71231985
vn 0.70224011 0.0016136928 -0.71193844
vn 0.7002781 0 -0.71387017
vn 0 -0.68636811 -0.72725433
vn -0.00077997154 -0.46405429 -0.88580644
vn -0.00038360493 -0.48760605 -0.87306368
vn 0 -0.73040569 -0.68301356
vn -0.00077997154 -0.46405429 -0.88580644
vn -0.0017898311 -0.30788761 -0.95142102
vn -0.0017061197 -0.32050437 -0.94724548
vn -0.00038360493 -0.48760605 -0.87306368
vn 2.4937661e-08 -0.93788511 -0.34694606
vn 1.2164166e-07 -0.85130394 -0.52467287
vn 3.4973024e-07 -0.87110466 -0.49109751
vn -1.56233e-07 -0.95456058 -0.29801714
vn -1.2165535e-07 -0.85065025 0.52573192
vn 0 -0.68721575 0.72645342
vn 0 -0.68721569 0.72645354
vn 0 -0.85065001 0.52573234
vn -0.00078002556 -0.46618804 0.88468534
vn -0.0017898688 -0.30788696 0.95142126
vn -0.001705735 -0.30728501 0.95161593
vn -0.0010385307 -0.46588942 0.8848424
vn -1.2189156e-07 -0.93788505 0.34694606
vn -1.2165535e-07 -0.85065025 0.52573192
vn 0 -0.85065001 0.52573234
vn 0 -0.93788511 0.34694606
vn -9.9341051e-08 -1 -4.4002476e-08
vn 2.4937661e-08 -0.93788511 -0.34694606
vn -1.56233e-07 -0.95456058 -0.29801714
vn -1.9868209e-07 -0.99999994 2.3023756e-07
vn -0.0017898311 -0.30788761 -0.95142102
vn -0.00081854087 -0.13032924 -0.99147046
vn -0.0017061197 -0.32050437 -0.94724548
vn 1.2164166e-07 -0.85130394 -0.52467287
vn 0 -0.68636811 -0.72725433
vn 0 -0.73040569 -0.68301356
vn 3.4973024e-07 -0.87110466 -0.49109751
vn -9.9341051e-08 -1 -4.4002476e-08
vn -1.2189156e-07 -0.93788505 0.34694606
vn 0 -0.93788511 0.34694606
vn 0 -1 -2.7379318e-07
vn 0 -0.68721575 0.72645342
vn -0.00078002556 -0.46618804 0.88468534
vn -0.0010385307 -0.46588942 0.8848424
vn 0 -0.68721569 0.72645354
vn -0.0017898688 -0.30788696 0.95142126
vn -0.00081772992 -0.13032901 0.9914704
vn -0.00067621924 -0.12185892 0.99254721
vn -0.001705735 -0.30728501 0.95161593
vn -0.88448328 -0.46657181 -1.4171103e-07
vn -0.72645366 -0.68721545 0
vn -0.68317062 -0.73025882 0
vn -0.8715533 -0.49030071 0
vn 0.72645378 -0.68721527 0
vn 0.52573204 -0.85065025 6.0685707e-08
vn 0.5257321 -0.85065019 0
vn 0.7264536 -0.68721545 0
vn 0.95143712 -0.3078433 -1.4131106e-07
vn 0.88448328 -0.46657193 -1.4171096e-07
vn 0.88448322 -0.46657193 -2.8342191e-07
vn 0.95143718 -0.30784306 -2.826213e-07
vn 0.3469463 -0.93788499 1.0416532e-07
vn -2.5423654e-07 -1 4.653816e-09
vn -7.9204466e-07 -1 0
vn 0.34694636 -0.93788499 0
vn -0.72645366 -0.68721545 0
vn -0.52573216 -0.85065019 -4.9753826e-08
vn -0.49199462 -0.87059826 -1.4267593e-07
vn -0.68317062 -0.73025882 0
vn -0.99155486 -0.12968844 0
vn -0.951437 -0.30784363 -1.4131111e-07
vn -0.94743913 -0.31993568 0
vn -0.52573216 -0.85065019 -4.9753826e-08
vn -0.34694651 -0.93788499 -8.867022e-08
vn -0.29880044 -0.9543156 -1.6689039e-07
vn -0.49199462 -0.87059826 -1.4267593e-07
vn -0.951437 -0.30784363 -1.4131111e-07
vn -0.88448328 -0.46657181 -1.4171103e-07
vn -0.8715533 -0.49030071 0
vn -0.94743913 -0.31993568 0
vn -0.34694651 -0.93788499 -8.867022e-08
vn -2.5423654e-07 -1 4.653816e-09
vn 0.0038292271 -0.99999267 1.1886883e-08
vn -0.29880044 -0.9543156 -1.6689039e-07
vn 0.88448328 -0.46657193 -1.4171096e-07
vn 0.72645378 -0.68721527 0
vn 0.7264536 -0.68721545 0
vn 0.88448322 -0.46657193 -2.8342191e-07
vn 0.99155498 -0.12968744 0
vn 0.95143712 -0.3078433 -1.4131106e-07
vn 0.95143718 -0.30784306 -2.826213e-07
vn 0.99262601 -0.12121722 0
vn 0.52573204 -0.85065025 6.0685707e-08
vn 0.3469463 -0.93788499 1.0416532e-07
vn 0.34694636 -0.93788499 0
vn 0.5257321 -0.85065019 0
vn 0 -0.93776214 -0.34727812
vn 0 -0.99999988 0.00049548491
vn 8.9826834e-08 -0.99999982 0.00049592956
vn 9.7600314e-08 -0.93776214 -0.34727806
vn -0.29801673 -0.9545607 6.7944207e-08
vn -0.49164596 -0.87079525 3.9622648e-08
vn -0.52573252 -0.85064995 -1.2430832e-08
vn -0.34694606 -0.93788505 4.2695831e-08
vn -0.49164596 -0.87079525 3.9622648e-08
vn -0.6831705 -0.73025882 -3.8861265e-07
vn -0.7264539 -0.68721521 -2.5455245e-07
vn -0.52573252 -0.85064995 -1.2430832e-08
vn -0.6831705 -0.73025882 -3.8861265e-07
vn -0.8715865 -0.49024162 -0.00037997816
vn -0.88468319 -0.46619189 -0.00077713648
vn -0.7264539 -0.68721521 -2.5455245e-07
vn -0.8715865 -0.49024162 -0.00037997816
vn -0.94819313 -0.31768996 -0.0016727318
vn -0.95222038 -0.30541152 -8.3951718e-06
vn -0.88468319 -0.46619189 -0.00077713648
vn -0.94819313 -0.31768996 -0.0016727318
vn -0.9912222 -0.13207313 0.0059341667
vn -0.95222038 -0.30541152 -8.3951718e-06
vn -3.3576327e-07 -1 2.4835249e-08
vn 0.298017 -0.95456058 -3.5616303e-08
vn 0.34694624 -0.93788499 -1.2119244e-08
vn -4.4980305e-07 -1 1.2417627e-08
vn 0 -0.87079531 -0.49164563
vn 0 -0.85065007 -0.52573234
vn 0 -0.68721575 -0.72645342
vn 0 -0.73025906 -0.68317032
vn 0 -0.73025906 -0.68317032
vn 0 -0.68721575 -0.72645342
vn 0 -0.46657214 -0.88448316
vn 0 -0.49030134 -0.87155288
vn 0 -0.49030134 -0.87155288
vn 0 -0.46657214 -0.88448316
vn 0 -0.30784315 -0.95143723
vn 0 -0.31993499 -0.94743943
vn 0 -0.31993499 -0.94743943
vn 0 -0.30784315 -0.95143723
vn 0 -0.12968802 -0.9915548
vn -0.34694576 -0.93788522 0
vn -0.52467263 -0.85130405 0
vn -0.52467293 -0.85130394 -1.278019e-07
vn -0.34694627 -0.93788505 2.4238496e-08
vn 1.3787444e-06 -1 0
vn 0.34694633 -0.93788493 0
vn 0.34694627 -0.93788505 -1.5237291e-07
vn 9.2894129e-07 -1 -4.9766545e-08
vn -6.8425457e-08 -0.95456052 0.2980172
vn -4.7139192e-08 -0.93788511 0.34694606
vn -1.4345568e-07 -0.85065001 0.52573228
vn -2.2484998e-07 -0.87115604 0.49100628
vn -2.2484998e-07 -0.87115604 0.49100628
vn -1.4345568e-07 -0.85065001 0.52573228
vn -2.8591469e-07 -0.68721551 0.72645366
vn -5.2152808e-07 -0.72913724 0.68436742
vn -5.2152808e-07 -0.72913724 0.68436742
vn -2.8591469e-07 -0.68721551 0.72645366
vn 0.00075785175 -0.46621138 0.884673
vn 0.00035462875 -0.48959735 0.87194866
vn 0.00035462875 -0.48959735 0.87194866
vn 0.00075785175 -0.46621138 0.884673
vn 0.0017892056 -0.30790314 0.95141608
vn 0.0016563447 -0.32052997 0.9472369
vn 0.0016563447 -0.32052997 0.9472369
vn 0.0017892056 -0.30790314 0.95141608
vn 0.00082747091 -0.13032448 0.99147111
vn 3.3576327e-07 -1 -9.9532983e-08
vn -0.29801673 -0.9545607 6.7944207e-08
vn -0.34694606 -0.93788505 4.2695831e-08
vn 9.2894129e-07 -1 -4.9766545e-08
vn 0.49164578 -0.87079531 1.915752e-07
vn 0.68316984 -0.73025948 7.3716848e-07
vn 0.72645336 -0.68721575 3.8243084e-07
vn 0.52573222 -0.85065013 1.7098979e-07
vn 0.68316984 -0.73025948 7.3716848e-07
vn 0.87158781 -0.49023929 0.00038561123
vn 0.8846854 -0.46618792 0.00078093301
vn 0.72645336 -0.68721575 3.8243084e-07
vn 0.87158781 -0.49023929 0.00038561123
vn 0.94724572 -0.3205038 0.0017092656
vn 0.95142126 -0.30788708 0.001790925
vn 0.8846854 -0.46618792 0.00078093301
vn 0.94724572 -0.3205038 0.0017092656
vn 0.99147046 -0.13032925 0.00081840722
vn 0.95142126 -0.30788708 0.001790925
vn 0.298017 -0.95456058 -3.5616303e-08
vn 0.49164578 -0.87079531 1.915752e-07
vn 0.52573222 -0.85065013 1.7098979e-07
vn 0.34694624 -0.93788499 -1.2119244e-08
vn 0.88484013 -0.46589354 -0.0010385943
vn 0.95161492 -0.30728856 -0.0017117604
vn 0.95142019 -0.3078903 -0.0017928855
vn 0.88468337 -0.46619171 -0.00077616016
vn 0.52573138 -0.85065055 0
vn 0.7264539 -0.68721527 0
vn 0.7264539 -0.68721515 4.7142223e-07
vn 0.52573168 -0.85065037 1.6606673e-07
vn 0.95161492 -0.30728856 -0.0017117604
vn 0.99254739 -0.12185733 -0.00068217068
vn 0.99147046 -0.13032883 -0.00082110293
vn 0.95142019 -0.3078903 -0.0017928855
vn 0.7264539 -0.68721527 0
vn 0.88484013 -0.46589354 -0.0010385943
vn 0.88468337 -0.46619171 -0.00077616016
vn 0.7264539 -0.68721515 4.7142223e-07
vn 5.7522971e-08 -0.95456052 -0.29801732
vn 1.9573488e-08 -0.93788499 -0.34694636
vn 0 -0.85065007 -0.52573234
vn 0 -0.87079531 -0.49164563
vn 0.001733144 -0.30730179 -0.95161057
vn 0.0010396722 -0.46591565 -0.88482851
vn 0.00075813389 -0.46621084 -0.88467324
vn 0.0017890419 -0.30790302 -0.95141608
vn 0 -0.68721557 -0.72645342
vn 0 -0.85020334 -0.52645445
vn 0 -0.8502031 -0.52645475
vn 0 -0.68721533 -0.72645366
vn -4.4002473e-07 -1 0
vn -0.34694576 -0.93788522 0
vn -0.34694627 -0.93788505 2.4238496e-08
vn -4.4980305e-07 -1 1.2417627e-08
vn 0.0007024486 -0.12184678 -0.99254864
vn 0.001733144 -0.30730179 -0.95161057
vn 0.0017890419 -0.30790302 -0.95141608
vn 0.0008277059 -0.13032457 -0.99147105
vn 0.0010396722 -0.46591565 -0.88482851
vn 0 -0.68721557 -0.72645342
vn 0 -0.68721533 -0.72645366
vn 0.00075813389 -0.46621084 -0.88467324
vn 0 -0.85020334 -0.52645445
vn 0 -0.93776214 -0.34727812
vn 9.7600314e-08 -0.93776214 -0.34727806
vn 0 -0.8502031 -0.52645475
vn -0.95161587 -0.30728543 0.001707377
vn -0.99254709 -0.12185952 0.00067730859
vn -0.99147046 -0.13032964 0.00081874413
vn -0.95142102 -0.30788761 0.0017905541
vn -0.72725374 -0.6863687 0
vn -0.88596261 -0.46375561 0.0010388312
vn -0.88580614 -0.46405479 0.00077976484
vn -0.72725362 -0.68636888 -3.3969209e-07
vn 0.34694633 -0.93788493 0
vn 0.52573138 -0.85065055 0
vn 0.52573168 -0.85065037 1.6606673e-07
vn 0.34694627 -0.93788505 -1.5237291e-07
vn -0.88596261 -0.46375561 0.0010388312
vn -0.95161587 -0.30728543 0.001707377
vn -0.95142102 -0.30788761 0.0017905541
vn -0.88580614 -0.46405479 0.00077976484
vn -0.52467263 -0.85130405 0
vn -0.72725374 -0.6863687 0
vn -0.72725362 -0.68636888 -3.3969209e-07
vn -0.52467293 -0.85130394 -1.278019e-07
vn 1.799266e-07 -1 0.00018696624
vn 8.9826834e-08 -0.99999982 0.00049592956
vn -4.7139192e-08 -0.93788511 0.34694606
vn -6.8425457e-08 -0.95456052 0.2980172
vn 0 -0.12121734 0.99262589
vn 0 -0.30784315 0.95143712
vn -9.735968e-07 -0.30784297 0.95143723
vn -2.0214678e-07 -0.12968755 0.99155492
vn 0 -0.46657243 0.88448298
vn 1.2252078e-06 -0.68721521 0.7264539
vn 2.3214527e-07 -0.68721533 0.72645378
vn -4.8263308e-07 -0.46657243 0.88448298
vn 1.2125208e-06 -0.85065007 0.52573228
vn 0 -0.93788511 0.34694597
vn 0 -0.93788511 0.34694594
vn 4.3589543e-07 -0.85065019 0.5257321
vn 4.0724846e-08 -0.99999273 -0.0038288876
vn 2.0055401e-08 -1 2.5423654e-07
vn 1.9573488e-08 -0.93788499 -0.34694636
vn 5.7522971e-08 -0.95456052 -0.29801732
vn 0 -0.30784315 0.95143712
vn 0 -0.46657243 0.88448298
vn -4.8263308e-07 -0.46657243 0.88448298
vn -9.735968e-07 -0.30784297 0.95143723
vn 1.2252078e-06 -0.68721521 0.7264539
vn 1.2125208e-06 -0.85065007 0.52573228
vn 4.3589543e-07 -0.85065019 0.5257321
vn 2.3214527e-07 -0.68721533 0.72645378
vn 0 -0.93788511 0.34694597
vn 0 -1 5.3780803e-07
vn 2.0055401e-08 -1 2.5423654e-07
vn 0 -0.93788511 0.34694594
vn 0.70695132 -0.00021536081 0.7072621
vn 0.71696395 0.0010071377 0.69710952
vn 0.71693653 0.0010078019 0.69713783
vn 0.7069506 -0.00021622046 0.70726281
vn -0.69957113 -0.028054971 0.71401197
vn -0.70369947 -0.011911965 0.7103979
vn -0.70370072 -0.01190679 0.71039677
vn -0.69957113 -0.028054971 0.71401197
vn -0.70815742 -0.0055068936 -0.70603311
vn -0.70714551 0.00095541019 -0.70706743
vn -0.70714515 0.00095296552 -0.70706767
vn -0.70816183 -0.0055168099 -0.70602846
vn -0.71064335 -0.014042309 0.70341235
vn -0.71401918 -0.028079974 0.69956285
vn -0.71401918 -0.028079974 0.69956285
vn -0.71064222 -0.014037956 0.70341349
vn 0.69956112 -0.028082898 -0.71402073
vn 0.70341331 -0.014042666 -0.71064246
vn 0.7034145 -0.014037951 -0.71064126
vn 0.69956112 -0.028082898 -0.71402073
vn -0.7071085 -1.4742914e-06 0.70710504
vn -0.71064335 -0.014042309 0.70341235
vn -0.71064222 -0.014037956 0.70341349
vn -0.7071085 -1.474311e-06 0.70710504
vn 0.70607722 -0.00098954781 0.70813411
vn 0.70695132 -0.00021536081 0.7072621
vn 0.7069506 -0.00021622046 0.70726281
vn 0.70607716 -0.00098967622 0.70813423
vn 0.70952249 -0.0090938387 -0.704624
vn 0.71084106 -0.015993487 -0.7031709
vn 0.71084011 -0.015989959 -0.70317197
vn 0.70952624 -0.0091032386 -0.70462024
vn 0.70341331 -0.014042666 -0.71064246
vn 0.70710874 1.5737534e-06 -0.7071048
vn 0.70710874 1.5733513e-06 -0.70710492
vn 0.7034145 -0.014037951 -0.71064126
vn -0.70714551 0.00095541019 -0.70706743
vn -0.70699364 0.0023089824 -0.70721614
vn -0.70699292 0.002306341 -0.70721686
vn -0.70714515 0.00095296552 -0.70706767
vn -0.70369947 -0.011911965 0.7103979
vn -0.70442235 0.013496947 0.70965272
vn -0.7044338 0.013464331 0.70964199
vn -0.70370072 -0.01190679 0.71039677
vn -0.70710748 -1.0951519e-06 0.70710605
vn -0.7071085 -1.4742914e-06 0.70710504
vn -0.7071085 -1.474311e-06 0.70710504
vn -0.70710748 -1.095162e-06 0.70710599
vn 0.7083984 0.0013073846 0.70581162
vn 0.70607722 -0.00098954781 0.70813411
vn 0.70607716 -0.00098967622 0.70813423
vn 0.70840126 0.0013098703 0.7058087
vn 0.7140314 -0.012699185 -0.6999985
vn 0.70952249 -0.0090938387 -0.704624
vn 0.70952624 -0.0091032386 -0.70462024
vn 0.71404237 -0.012693751 -0.69998729
vn 0.70710874 1.5737534e-06 -0.7071048
vn 0.7071079 2.14031e-06 -0.70710558
vn 0.7071079 2.1403159e-06 -0.70710558
vn 0.70710874 1.5733513e-06 -0.70710492
vn -0.70699364 0.0023089824 -0.70721614
vn -0.70515454 0.0016373469 -0.70905167
vn -0.70515263 0.0016393315 -0.70905364
vn -0.70699292 0.002306341 -0.70721686
vn -0.70442235 0.013496947 0.70965272
vn -0.71584749 0.0072688814 0.69821882
vn -0.71580064 0.0073189922 0.69826633
vn -0.7044338 0.013464331 0.70964199
vn -0.70710701 -6.4511886e-07 0.70710653
vn -0.70710748 -1.0951519e-06 0.70710605
vn -0.70710748 -1.095162e-06 0.70710599
vn -0.70710707 -6.4504769e-07 0.70710659
vn 0.71231902 0.0012955895 0.70185471
vn 0.7083984 0.0013073846 0.70581162
vn 0.70840126 0.0013098703 0.7058087
vn 0.71193773 0.0016136911 0.70224071
vn 0.714149 -0.0068328395 -0.69996029
vn 0.7140314 -0.012699185 -0.6999985
vn 0.71404237 -0.012693751 -0.69998729
vn 0.71416211 -0.0068566701 -0.6999467
vn 0.7071079 2.14031e-06 -0.70710558
vn 0.70710629 6.780985e-07 -0.70710737
vn 0.70710623 6.7732066e-07 -0.70710731
vn 0.7071079 2.1403159e-06 -0.70710558
vn -0.71584749 0.0072688814 0.69821882
vn -0.72094887 -0.0029366764 0.69298202
vn -0.72087312 -0.0028935454 0.69306105
vn -0.71580064 0.0073189922 0.69826633
vn -0.70515454 0.0016373469 -0.70905167
vn -0.70185411 0.0012957571 -0.71231949
vn -0.70224017 0.0016138904 -0.71193826
vn -0.70515263 0.0016393315 -0.70905364
vn -0.64424664 -0.41218051 -0.64424652
vn -0.69736248 -0.16545248 -0.6973601
vn -0.69736242 -0.16545242 -0.69736004
vn -0.6442467 -0.41218016 -0.64424658
vn -0.56896269 -0.59376878 -0.568964
vn -0.64424664 -0.41218051 -0.64424652
vn -0.6442467 -0.41218016 -0.64424658
vn -0.56896275 -0.59376872 -0.56896406
vn -0.428592 -0.79537207 -0.42859322
vn -0.56896269 -0.59376878 -0.568964
vn -0.56896275 -0.59376872 -0.56896406
vn -0.42859179 -0.79537225 -0.42859304
vn -0.28375313 -0.91595191 -0.28375381
vn -0.428592 -0.79537207 -0.42859322
vn -0.42859179 -0.79537225 -0.42859304
vn -0.28375307 -0.91595197 -0.28375378
vn -0.18050818 -0.96684885 -0.18061025
vn -0.28375313 -0.91595191 -0.28375381
vn -0.28375307 -0.91595197 -0.28375378
vn -0.18050814 -0.96684891 -0.18061021
vn 0.69735909 -0.16545244 -0.69736344
vn 0.64424545 -0.4121801 -0.64424795
vn 0.64424545 -0.41217974 -0.64424801
vn 0.69735909 -0.16545258 -0.69736344
vn 0.64424545 -0.4121801 -0.64424795
vn 0.56896335 -0.5937674 -0.56896478
vn 0.56896335 -0.59376752 -0.56896484
vn 0.64424545 -0.41217974 -0.64424801
vn 0.56896335 -0.5937674 -0.56896478
vn 0.42859015 -0.79537487 -0.42858985
vn 0.428597 -0.79536754 -0.42859674
vn 0.56896335 -0.59376752 -0.56896484
vn 0.42859015 -0.79537487 -0.42858985
vn 0.28339645 -0.91586661 -0.28438497
vn 0.28337276 -0.91588116 -0.28436172
vn 0.428597 -0.79536754 -0.42859674
vn 0.28339645 -0.91586661 -0.28438497
vn 0.18009323 -0.96673101 -0.18165232
vn 0.17954622 -0.96693617 -0.18110116
vn 0.28337276 -0.91588116 -0.28436172
vn -0.64424062 -0.41219676 0.64424199
vn -0.69736236 -0.16545251 0.69736022
vn -0.69736236 -0.16545248 0.69736016
vn -0.64424652 -0.41217816 0.64424801
vn -0.57061201 -0.59313363 0.56797397
vn -0.64424062 -0.41219676 0.64424199
vn -0.64424652 -0.41217816 0.64424801
vn -0.57057947 -0.5931977 0.56793964
vn -0.43155229 -0.7945897 0.42707112
vn -0.57061201 -0.59313363 0.56797397
vn -0.57057947 -0.5931977 0.56793964
vn -0.4305903 -0.79562283 0.42611775
vn -0.28015438 -0.91528481 0.28942564
vn -0.43155229 -0.7945897 0.42707112
vn -0.4305903 -0.79562283 0.42611775
vn -0.27972841 -0.91551673 0.28910428
vn -0.16964783 -0.96767569 0.1866105
vn -0.28015438 -0.91528481 0.28942564
vn -0.27972841 -0.91551673 0.28910428
vn -0.17545111 -0.96539903 0.19292893
vn 0.18009323 -0.96673101 -0.18165232
vn 0.12303204 -0.98460561 -0.12415707
vn 0.12303204 -0.98460561 -0.12415707
vn 0.17954622 -0.96693617 -0.18110116
vn -0.11616924 -0.98489791 0.12837784
vn -0.16964783 -0.96767569 0.1866105
vn -0.17545111 -0.96539903 0.19292893
vn -0.11616924 -0.98489791 0.12837784
vn 0.64420134 -0.41227764 0.64422959
vn 0.69735926 -0.16545229 0.69736344
vn 0.6973592 -0.16545296 0.69736332
vn 0.64424288 -0.41214767 0.64427119
vn 0.56113398 -0.59080201 0.57972538
vn 0.64420134 -0.41227764 0.64422959
vn 0.64424288 -0.41214767 0.64427119
vn 0.56175923 -0.58979094 0.58014923
vn 0.41708776 -0.79063183 0.44826216
vn 0.56113398 -0.59080201 0.57972538
vn 0.56175923 -0.58979094 0.58014923
vn 0.41174212 -0.79661614 0.4425734
vn 0.27657601 -0.9165116 0.28898486
vn 0.41708776 -0.79063183 0.44826216
vn 0.41174212 -0.79661614 0.4425734
vn 0.27628353 -0.91672033 0.28860214
vn 0.1805177 -0.96684515 0.18062072
vn 0.27657601 -0.9165116 0.28898486
vn 0.27628353 -0.91672033 0.28860214
vn 0.18046406 -0.96686512 0.18056716
vn -0.12364777 -0.98456693 -0.12385193
vn -0.18050818 -0.96684885 -0.18061025
vn -0.18050814 -0.96684891 -0.18061021
vn -0.12364777 -0.98456693 -0.12385193
vn 0.12361035 -0.98457754 0.12380485
vn 0.1805177 -0.96684515 0.18062072
vn 0.18046406 -0.96686512 0.18056716
vn 0.12361035 -0.98457754 0.12380485
vn 0.71084106 -0.015993487 -0.7031709
vn 0.71394855 -0.027771717 -0.69964725
vn 0.71394855 -0.027771717 -0.69964725
vn 0.71084011 -0.015989959 -0.70317197
vn 0.70548236 0.0014716769 0.70872593
vn 0.70185626 0.0012949455 0.71231741
vn 0.70224249 0.001612889 0.71193606
vn 0.70547992 0.0014739165 0.70872837
vn -0.71195149 -0.022074731 -0.70188159
vn -0.70815742 -0.0055068936 -0.70603311
vn -0.70816183 -0.0055168099 -0.70602846
vn -0.71193945 -0.022004871 -0.70189613
vn -0.7087245 0.0014729383 -0.70548379
vn -0.70710737 -3.0003812e-07 -0.70710623
vn -0.70710731 -2.9949982e-07 -0.70710629
vn -0.70872694 0.0014751751 -0.70548141
vn 0.71696395 0.0010071377 0.69710952
vn 0.7047053 -0.0078566186 0.70945662
vn 0.70460999 -0.0078954436 0.7095508
vn 0.71693653 0.0010078019 0.69713783
vn -0.70361936 -0.013139388 -0.71045548
vn -0.70109177 -0.027788457 -0.71252942
vn -0.70109177 -0.027788457 -0.71252942
vn -0.70361894 -0.013141513 -0.71045589
vn 0.70710444 -6.4511977e-07 0.70710921
vn 0.70548236 0.0014716769 0.70872593
vn 0.70547992 0.0014739165 0.70872837
vn 0.70710438 -6.4504803e-07 0.70710909
vn 0.71404546 -0.028777892 0.69950759
vn 0.71077192 -0.014812168 0.70326668
vn 0.7107693 -0.014801462 0.70326942
vn 0.71404546 -0.028777892 0.69950759
vn -0.70710737 -3.0003812e-07 -0.70710623
vn -0.70718324 0.00014284773 -0.70703024
vn -0.70718324 0.0001428527 -0.7070303
vn -0.70710731 -2.9949982e-07 -0.70710629
vn -0.71419621 -0.035433132 -0.69904816
vn -0.71195149 -0.022074731 -0.70188159
vn -0.71193945 -0.022004871 -0.70189613
vn -0.71419621 -0.035433132 -0.69904816
vn 0.7047053 -0.0078566186 0.70945662
vn 0.68303078 -0.016546955 0.73020226
vn 0.68303078 -0.016546955 0.73020226
vn 0.70460999 -0.0078954436 0.7095508
vn 0.70718253 -0.00014379391 0.70703107
vn 0.70710444 -6.4511977e-07 0.70710921
vn 0.70710438 -6.4504803e-07 0.70710909
vn 0.70718253 -0.00014379834 0.70703095
vn -0.70718324 0.00014284773 -0.70703024
vn -0.70662391 0.00089627015 -0.70758873
vn -0.70662373 0.00089647429 -0.70758891
vn -0.70718324 0.0001428527 -0.7070303
vn -0.71100545 0.0026265646 0.70318174
vn -0.71232343 0.0012955915 0.70185024
vn -0.7119419 0.0016137022 0.70223659
vn -0.71100432 0.0026270447 0.7031827
vn 0.70872521 0.0014722284 -0.70548308
vn 0.71232051 0.0012954276 -0.70185322
vn 0.7119391 0.0016134889 -0.70223939
vn 0.70872766 0.0014744608 -0.70548058
vn 0.70729995 -0.00056164007 0.70691329
vn 0.70718253 -0.00014379391 0.70703107
vn 0.70718253 -0.00014379834 0.70703095
vn 0.70730007 -0.00056183297 0.70691329
vn 0.70185494 0.0012954358 -0.71231872
vn 0.70775747 0.00032810395 -0.70645535
vn 0.70775169 0.00033202092 -0.70646119
vn 0.70224112 0.0016134909 -0.71193743
vn -0.70662391 0.00089627015 -0.70758873
vn -0.70361936 -0.013139388 -0.71045548
vn -0.70361894 -0.013141513 -0.71045589
vn -0.70662373 0.00089647429 -0.70758891
vn -0.72094887 -0.0029366764 0.69298202
vn -0.71100545 0.0026265646 0.70318174
vn -0.71100432 0.0026270447 0.7031827
vn -0.72087312 -0.0028935454 0.69306105
vn 0.71077192 -0.014812168 0.70326668
vn 0.70729995 -0.00056164007 0.70691329
vn 0.70730007 -0.00056183297 0.70691329
vn 0.7107693 -0.014801462 0.70326942
vn 0.70710629 6.780985e-07 -0.70710737
vn 0.70872521 0.0014722284 -0.70548308
vn 0.70872766 0.0014744608 -0.70548058
vn 0.70710623 6.7732066e-07 -0.70710731
vn 0.70775747 0.00032810395 -0.70645535
vn 0.714149 -0.0068328395 -0.69996029
vn 0.71416211 -0.0068566701 -0.6999467
vn 0.70775169 0.00033202092 -0.70646119
vn -0.70552582 0.0014627419 0.7086826
vn -0.70710701 -6.4511886e-07 0.70710653
vn -0.70710707 -6.4504769e-07 0.70710659
vn -0.70551854 0.0014695219 0.70868999
vn -0.70550954 0.0001055301 -0.70870036
vn -0.70550954 0.0001055301 -0.70870036
vn -0.70550567 0.00010491809 -0.70870435
vn -0.70550567 0.00010491841 -0.70870423
vn 0.70097709 -0.008182412 0.71313679
vn 0.70097709 -0.008182412 0.71313679
vn 0.69956064 -0.0014392101 0.71457171
vn 0.69956046 -0.0014383326 0.71457195
vn 0.70743316 -1.7350403e-05 -0.70678014
vn 0.70743316 -1.7350403e-05 -0.70678014
vn 0.7074315 -1.7218623e-05 -0.70678204
vn 0.7074315 -1.721863e-05 -0.70678192
vn -0.00088501064 -0.67106372 0.74139911
vn -0.00088420761 -0.67198265 0.74056643
vn -0.00096058787 -0.5705992 0.82122815
vn -0.8138153 -0.5811218 -0.0014760173
vn -0.81443191 -0.58025742 -0.0014391516
vn -0.77838975 -0.6277799 -0.0013788309
vn -0.73610926 -0.67686141 -0.0013358586
vn 0.0012819093 -0.58022231 -0.81445712
vn -0.00082049536 -0.67818356 -0.73489207
vn -0.0014315904 -0.70473725 -0.70946705
vn 0.8139779 -0.58089459 0.001185671
vn 0.73510784 -0.67794943 0.0010635512
vn 0.7352702 -0.67777318 0.0010638013
vn -0.0014315904 -0.70473725 -0.70946705
vn -0.00082049536 -0.67818356 -0.73489207
vn -0.0032149518 -0.77719814 -0.62924784
vn -0.0032149518 -0.77719814 -0.62924784
vn 0.69956046 -0.0014383326 0.71457195
vn 0.69956064 -0.0014392101 0.71457171
vn 0.69660795 0.012118287 0.71734959
vn -0.70707703 1.7440767e-05 0.70713657
vn -0.70707703 1.744512e-05 0.70713663
vn -0.70707422 1.4880021e-05 0.70713925
vn -0.70550567 0.00010491841 -0.70870423
vn -0.70550567 0.00010491809 -0.70870435
vn -0.70549786 0.00010368758 -0.7087121
vn -0.70549786 0.00010368758 -0.7087121
vn 0.7074315 -1.721863e-05 -0.70678192
vn 0.7074315 -1.7218623e-05 -0.70678204
vn 0.70742792 -1.6953658e-05 -0.7067855
vn -0.00088501064 -0.67106372 0.74139911
vn -0.0007796901 -0.77323985 0.63411319
vn -0.00088420761 -0.67198265 0.74056643
vn -0.77838975 -0.6277799 -0.0013788309
vn -0.81443191 -0.58025742 -0.0014391516
vn -0.81577754 -0.57836425 -0.0013584972
vn 0.73510784 -0.67794943 0.0010635512
vn 0.63093215 -0.77583748 0.00090367888
vn 0.7352702 -0.67777318 0.0010638013
vn -0.77838975 -0.6277799 -0.0013788309
vn -0.63333219 -0.77387929 -0.0011503266
vn -0.73610926 -0.67686141 -0.0013358586
vn -0.99230599 -0.12363469 0.0065688542
vn -0.9912222 -0.13207313 0.0059341667
vn -0.99994648 -0.0073163137 0.0073168804
vn -0.99994648 -0.0073163137 0.0073168804
vn 0.71231902 0.0012955895 0.70185471
vn 0.71193773 0.0016136911 0.70224071
vn 0.71386874 0 0.70027947
vn 0.71386874 0 0.70027947
vn 0 -0.12968802 -0.9915548
vn 0 -0.12121782 -0.99262595
vn 0 0 -1
vn 0 0 -1
vn 0 -0.12121734 0.99262589
vn -2.0214678e-07 -0.12968755 0.99155492
vn 0 0 1
vn 0 0 1
vn 0.70224249 0.001612889 0.71193606
vn 0.70185626 0.0012949455 0.71231741
vn 0.70028073 0 0.71386766
vn 0.70028073 0 0.71386766
vn -0.99147046 -0.13032964 0.00081874413
vn -0.99254709 -0.12185952 0.00067730859
vn -1 0 0
vn -1 0 0
vn 0.6973592 -0.16545296 0.69736332
vn 0.69735926 -0.16545229 0.69736344
vn 0.70710385 0 0.70710969
vn 0.70710385 0 0.70710969
vn 0.7119391 0.0016134889 -0.70223939
vn 0.71232051 0.0012954276 -0.70185322
vn 0.71387082 0 -0.70027745
vn 0.71387082 0 -0.70027745
vn -0.70224017 0.0016138904 -0.71193826
vn -0.70185411 0.0012957571 -0.71231949
vn -0.70027882 0 -0.71386945
vn -0.70027882 0 -0.71386945
vn 0.99254709 -0.12185917 0.00067694695
vn 0.99147046 -0.13032925 0.00081840722
vn 1 0 0
vn 1 0 0
vn 0.69735909 -0.16545244 -0.69736344
vn 0.69735909 -0.16545258 -0.69736344
vn 0.70710468 0 -0.7071088
vn 0.70710468 0 -0.7071088
vn -0.7119419 0.0016137022 0.70223659
vn -0.71232343 0.0012955915 0.70185024
vn -0.71387434 0 0.70027387
vn -0.71387434 0 0.70027387
vn 0.00082747091 -0.13032448 0.99147111
vn 0.00070209795 -0.12184702 0.99254864
vn 0 0 1
vn 0 0 1
vn -0.69736236 -0.16545248 0.69736016
vn -0.69736236 -0.16545251 0.69736022
vn -0.70710731 0 0.70710623
vn -0.70710731 0 0.70710623
vn 0.99147046 -0.13032883 -0.00082110293
vn 0.99254739 -0.12185733 -0.00068217068
vn 1 0 0
vn 1 0 0
vn -0.69736242 -0.16545242 -0.69736004
vn -0.69736248 -0.16545248 -0.6973601
vn -0.70710832 0 -0.70710522
vn -0.70710832 0 -0.70710522
vn 0.0007024486 -0.12184678 -0.99254864
vn 0.0008277059 -0.13032457 -0.99147105
vn 0 0 -1
vn 0 0 -1
vn 0.70185494 0.0012954358 -0.71231872
vn 0.70224112 0.0016134909 -0.71193743
vn 0.70027947 0 -0.71386874
vn 0.70027947 0 -0.71386874
vn -0.70707834 1.8721192e-05 0.70713526
vn -0.70707834 1.8721192e-05 0.70713526
vn -0.70707703 1.744512e-05 0.70713663
vn -0.70707703 1.7440767e-05 0.70713657
vn -0.34694606 -0.93788505 4.2695831e-08
vn -0.52573252 -0.85064995 -1.2430832e-08
vn -0.52573276 -0.85064977 0
vn -0.34694612 -0.93788505 0
vn -0.7264539 -0.68721521 -2.5455245e-07
vn -0.88468319 -0.46619189 -0.00077713648
vn -0.88484001 -0.46589372 -0.0010391425
vn -0.72645414 -0.68721497 0
vn -0.95222038 -0.30541152 -8.3951718e-06
vn -0.9912222 -0.13207313 0.0059341667
vn -0.99230599 -0.12363469 0.0065688542
vn -0.95214927 -0.3056277 0.0018619708
vn -0.7018829 0.0012861938 0.7122913
vn -0.70552582 0.0014627419 0.7086826
vn -0.70551854 0.0014695219 0.70868999
vn -0.70228213 0.0016074426 0.71189684
vn 0.52573168 -0.85065037 1.6606673e-07
vn 0.7264539 -0.68721515 4.7142223e-07
vn 0.68317062 -0.73025882 9.760422e-07
vn 0.4916454 -0.87079549 2.5409141e-08
vn 0.7264539 -0.68721515 4.7142223e-07
vn 0.88468337 -0.46619171 -0.00077616016
vn 0.87158662 -0.49024147 -0.00037850265
vn 0.68317062 -0.73025882 9.760422e-07
vn -0.7002793 -1.4150058e-06 0.71386904
vn -0.7018829 0.0012861938 0.7122913
vn -0.70228213 0.0016074426 0.71189684
vn -0.7002793 -1.4150058e-06 0.71386904
vn -0.52573252 -0.85064995 -1.2430832e-08
vn -0.7264539 -0.68721521 -2.5455245e-07
vn -0.72645414 -0.68721497 0
vn -0.52573276 -0.85064977 0
vn -0.88468319 -0.46619189 -0.00077713648
vn -0.95222038 -0.30541152 -8.3951718e-06
vn -0.95214927 -0.3056277 0.0018619708
vn -0.88484001 -0.46589372 -0.0010391425
vn 0.34694627 -0.93788505 -1.5237291e-07
vn 0.52573168 -0.85065037 1.6606673e-07
vn 0.4916454 -0.87079549 2.5409141e-08
vn 0.29801711 -0.95456046 -2.7520289e-07
vn 9.2894129e-07 -1 -4.9766545e-08
vn 0.34694627 -0.93788505 -1.5237291e-07
vn 0.29801711 -0.95456046 -2.7520289e-07
vn 3.3576327e-07 -1 -9.9532983e-08
vn 9.2894129e-07 -1 -4.9766545e-08
vn -0.34694606 -0.93788505 4.2695831e-08
vn -0.34694612 -0.93788505 0
vn 1.3787444e-06 -1 0
vn 0.88468337 -0.46619171 -0.00077616016
vn 0.95142019 -0.3078903 -0.0017928855
vn 0.94724393 -0.32050899 -0.0017030945
vn 0.87158662 -0.49024147 -0.00037850265
vn 0.95142019 -0.3078903 -0.0017928855
vn 0.99147046 -0.13032883 -0.00082110293
vn 0.94724393 -0.32050899 -0.0017030945
vn 0 -0.68721533 -0.72645366
vn 0 -0.8502031 -0.52645475
vn 0 -0.87020504 -0.49268964
vn 0 -0.73025876 -0.68317068
vn 0.0008277059 -0.13032457 -0.99147105
vn 0.0017890419 -0.30790302 -0.95141608
vn 0.0016552868 -0.32052949 -0.94723713
vn 0 -0.8502031 -0.52645475
vn 9.7600314e-08 -0.93776214 -0.34727806
vn 2.8690746e-07 -0.95466083 -0.2976959
vn 0 -0.87020504 -0.49268964
vn -4.7139192e-08 -0.93788511 0.34694606
vn 8.9826834e-08 -0.99999982 0.00049592956
vn 0 -0.99999988 0.00049548491
vn 0 -0.93788511 0.346946
vn -1.4345568e-07 -0.85065001 0.52573228
vn -4.7139192e-08 -0.93788511 0.34694606
vn 0 -0.93788511 0.346946
vn 0 -0.85065007 0.52573222
vn 0.00075785175 -0.46621138 0.884673
vn -2.8591469e-07 -0.68721551 0.72645366
vn 0 -0.68721569 0.72645342
vn 0.0010391551 -0.46591598 0.88482833
vn 0.00082747091 -0.13032448 0.99147111
vn 0.0017892056 -0.30790314 0.95141608
vn 0.0017322805 -0.30730173 0.95161051
vn 0.00070209795 -0.12184702 0.99254864
vn -0.71231735 0.0012955848 -0.70185637
vn -0.7087245 0.0014729383 -0.70548379
vn -0.70872694 0.0014751751 -0.70548141
vn -0.71193582 0.0016136849 -0.70224261
vn 0.0017890419 -0.30790302 -0.95141608
vn 0.00075813389 -0.46621084 -0.88467324
vn 0.00035135183 -0.49025327 -0.87158
vn 0.0016552868 -0.32052949 -0.94723713
vn 0.00075813389 -0.46621084 -0.88467324
vn 0 -0.68721533 -0.72645366
vn 0 -0.73025876 -0.68317068
vn 0.00035135183 -0.49025327 -0.87158
vn 9.7600314e-08 -0.93776214 -0.34727806
vn 8.9826834e-08 -0.99999982 0.00049592956
vn 1.799266e-07 -1 0.00018696624
vn 2.8690746e-07 -0.95466083 -0.2976959
vn -2.8591469e-07 -0.68721551 0.72645366
vn -1.4345568e-07 -0.85065001 0.52573228
vn 0 -0.85065007 0.52573222
vn 0 -0.68721569 0.72645342
vn 0.0017892056 -0.30790314 0.95141608
vn 0.00075785175 -0.46621138 0.884673
vn 0.0010391551 -0.46591598 0.88482833
vn 0.0017322805 -0.30730173 0.95161051
vn -0.71386808 0 -0.70028019
vn -0.71231735 0.0012955848 -0.70185637
vn -0.71193582 0.0016136849 -0.70224261
vn -0.71386808 0 -0.70028019
vn -0.72725362 -0.68636888 -3.3969209e-07
vn -0.88580614 -0.46405479 0.00077976484
vn -0.87306309 -0.48760688 0.00038349061
vn -0.68301302 -0.73040622 -6.2016449e-07
vn -0.88580614 -0.46405479 0.00077976484
vn -0.95142102 -0.30788761 0.0017905541
vn -0.94724554 -0.32050443 0.0017079514
vn -0.87306309 -0.48760688 0.00038349061
vn -0.34694627 -0.93788505 2.4238496e-08
vn -0.52467293 -0.85130394 -1.278019e-07
vn -0.49109769 -0.87110442 -1.4337792e-07
vn -0.29801756 -0.9545604 7.1232613e-08
vn 0.52573222 -0.85065013 1.7098979e-07
vn 0.72645336 -0.68721575 3.8243084e-07
vn 0.72645342 -0.68721575 0
vn 0.52573246 -0.85065001 0
vn 0.8846854 -0.46618792 0.00078093301
vn 0.95142126 -0.30788708 0.001790925
vn 0.95161593 -0.30728522 0.0017070195
vn 0.8848424 -0.46588919 0.0010390917
vn 0.34694624 -0.93788499 -1.2119244e-08
vn 0.52573222 -0.85065013 1.7098979e-07
vn 0.52573246 -0.85065001 0
vn 0.34694621 -0.93788499 0
vn -4.4980305e-07 -1 1.2417627e-08
vn -0.34694627 -0.93788505 2.4238496e-08
vn -0.29801756 -0.9545604 7.1232613e-08
vn -3.3576327e-07 -1 2.4835249e-08
vn -0.95142102 -0.30788761 0.0017905541
vn -0.99147046 -0.13032964 0.00081874413
vn -0.94724554 -0.32050443 0.0017079514
vn -0.52467293 -0.85130394 -1.278019e-07
vn -0.72725362 -0.68636888 -3.3969209e-07
vn -0.68301302 -0.73040622 -6.2016449e-07
vn -0.49109769 -0.87110442 -1.4337792e-07
vn -4.4980305e-07 -1 1.2417627e-08
vn 0.34694624 -0.93788499 -1.2119244e-08
vn 0.34694621 -0.93788499 0
vn -4.4002473e-07 -1 0
vn 0.72645336 -0.68721575 3.8243084e-07
vn 0.8846854 -0.46618792 0.00078093301
vn 0.8848424 -0.46588919 0.0010390917
vn 0.72645342 -0.68721575 0
vn 0.95142126 -0.30788708 0.001790925
vn 0.99147046 -0.13032925 0.00081840722
vn 0.99254709 -0.12185917 0.00067694695
vn 0.95161593 -0.30728522 0.0017070195
vn -4.8263308e-07 -0.46657243 0.88448298
vn 2.3214527e-07 -0.68721533 0.72645378
vn -7.3373582e-07 -0.73025876 0.68317062
vn -9.282661e-07 -0.49030161 0.87155282
vn 0 -0.68721575 -0.72645342
vn 0 -0.85065007 -0.52573234
vn 0 -0.85065007 -0.5257324
vn 0 -0.68721581 -0.7264533
vn 0 -0.30784315 -0.95143723
vn 0 -0.46657214 -0.88448316
vn 0 -0.46657228 -0.8844831
vn 0 -0.30784318 -0.95143712
vn 1.9573488e-08 -0.93788499 -0.34694636
vn 2.0055401e-08 -1 2.5423654e-07
vn 0 -1 5.3780803e-07
vn 0 -0.93788499 -0.34694636
vn 2.3214527e-07 -0.68721533 0.72645378
vn 4.3589543e-07 -0.85065019 0.5257321
vn -1.9239002e-07 -0.87059879 0.4919937
vn -7.3373582e-07 -0.73025876 0.68317062
vn -2.0214678e-07 -0.12968755 0.99155492
vn -9.735968e-07 -0.30784297 0.95143723
vn -1.79775e-06 -0.31993547 0.94743931
vn 4.3589543e-07 -0.85065019 0.5257321
vn 0 -0.93788511 0.34694594
vn 0 -0.9543156 0.29880047
vn -1.9239002e-07 -0.87059879 0.4919937
vn -9.735968e-07 -0.30784297 0.95143723
vn -4.8263308e-07 -0.46657243 0.88448298
vn -9.282661e-07 -0.49030161 0.87155282
vn -1.79775e-06 -0.31993547 0.94743931
vn 0 -0.93788511 0.34694594
vn 2.0055401e-08 -1 2.5423654e-07
vn 4.0724846e-08 -0.99999273 -0.0038288876
vn 0 -0.9543156 0.29880047
vn 0 -0.46657214 -0.88448316
vn 0 -0.68721575 -0.72645342
vn 0 -0.68721581 -0.7264533
vn 0 -0.46657228 -0.8844831
vn 0 -0.12968802 -0.9915548
vn 0 -0.30784315 -0.95143723
vn 0 -0.30784318 -0.95143712
vn 0 -0.12121782 -0.99262595
vn 0 -0.85065007 -0.52573234
vn 1.9573488e-08 -0.93788499 -0.34694636
vn 0 -0.93788499 -0.34694636
vn 0 -0.85065007 -0.5257324
vn 0 -0.93776244 -0.34727734
vn 0 -0.99999988 0.00049499579
vn -1.2067346e-07 -0.99999994 0.00049537717
vn 0 -0.93776244 -0.34727728
vn -0.29801661 -0.95456064 5.5672222e-09
vn -0.49164584 -0.87079525 -2.6276825e-07
vn -0.52573258 -0.85064983 -3.0434799e-07
vn -0.34694633 -0.93788499 -2.9917086e-08
vn -0.49164584 -0.87079525 -2.6276825e-07
vn -0.68317091 -0.73025852 -2.9371523e-07
vn -0.72645432 -0.68721485 -5.6745802e-07
vn -0.52573258 -0.85064983 -3.0434799e-07
vn -0.68317091 -0.73025852 -2.9371523e-07
vn -0.8715868 -0.49024093 -0.00037840311
vn -0.88468337 -0.46619171 -0.00077680103
vn -0.72645432 -0.68721485 -5.6745802e-07
vn -0.8715868 -0.49024093 -0.00037840311
vn -0.94819313 -0.31768996 -0.0016698481
vn -0.95222038 -0.30541158 -7.4014051e-06
vn -0.88468337 -0.46619171 -0.00077680103
vn -0.94819313 -0.31768996 -0.0016698481
vn -0.9912222 -0.13207251 0.0059336987
vn -0.95222038 -0.30541158 -7.4014051e-06
vn 4.7966129e-08 -1 -2.4059167e-07
vn 0.29801685 -0.95456058 -3.8223874e-07
vn 0.34694684 -0.93788475 -1.7155561e-07
vn -1.613424e-07 -1 -4.113345e-07
vn 2.1986355e-07 -0.87079549 -0.49164546
vn 1.3895539e-07 -0.85065007 -0.52573228
vn 1.0348015e-07 -0.68721479 -0.7264542
vn 2.802943e-07 -0.73025846 -0.68317091
vn 2.802943e-07 -0.73025846 -0.68317091
vn 1.0348015e-07 -0.68721479 -0.7264542
vn -1.3811277e-07 -0.4665719 -0.88448322
vn -2.0362825e-07 -0.49030098 -0.87155318
vn -2.0362825e-07 -0.49030098 -0.87155318
vn -1.3811277e-07 -0.4665719 -0.88448322
vn -8.3587389e-07 -0.30784333 -0.95143706
vn -1.4722174e-06 -0.31993589 -0.94743919
vn -1.4722174e-06 -0.31993589 -0.94743919
vn -8.3587389e-07 -0.30784333 -0.95143706
vn -2.0214701e-07 -0.1296877 -0.99155486
vn -0.34694707 -0.93788469 -1.1127927e-06
vn -0.52467376 -0.85130346 -5.4358628e-07
vn -0.52467322 -0.8513037 -2.4898554e-07
vn -0.34694675 -0.93788493 -5.4414568e-07
vn 6.4536971e-07 -1 8.0329031e-08
vn 0.34694642 -0.93788487 2.436106e-07
vn 0.3469463 -0.93788505 5.2424483e-08
vn 3.9113303e-07 -0.99999994 4.0164501e-08
vn -4.7671074e-07 -0.95456058 0.29801685
vn -2.4143654e-07 -0.93788505 0.34694597
vn -1.591695e-07 -0.85065007 0.52573222
vn -3.9646432e-07 -0.87115598 0.49100646
vn -3.9646432e-07 -0.87115598 0.49100646
vn -1.591695e-07 -0.85065007 0.52573222
vn -2.5864827e-07 -0.68721539 0.72645372
vn -3.8716971e-07 -0.72913748 0.68436718
vn -3.8716971e-07 -0.72913748 0.68436718
vn -2.5864827e-07 -0.68721539 0.72645372
vn 0.00075795955 -0.46621037 0.88467354
vn 0.00035474467 -0.4895961 0.87194932
vn 0.00035474467 -0.4895961 0.87194932
vn 0.00075795955 -0.46621037 0.88467354
vn 0.0017889111 -0.30790296 0.95141602
vn 0.0016560013 -0.32052886 0.94723731
vn 0.0016560013 -0.32052886 0.94723731
vn 0.0017889111 -0.30790296 0.95141602
vn 0.00082737079 -0.13032545 0.99147087
vn -6.7152591e-08 -1 2.2872038e-14
vn -0.29801661 -0.95456064 5.5672222e-09
vn -0.34694633 -0.93788499 -2.9917086e-08
vn 3.9113303e-07 -0.99999994 4.0164501e-08
vn 0.49164557 -0.87079543 -4.2223316e-08
vn 0.68316978 -0.73025966 8.2204281e-07
vn 0.72645354 -0.68721563 9.3290078e-07
vn 0.5257324 -0.85065001 2.8803726e-07
vn 0.68316978 -0.73025966 8.2204281e-07
vn 0.87158805 -0.4902387 0.00038579901
vn 0.88468575 -0.46618724 0.00078101712
vn 0.72645354 -0.68721563 9.3290078e-07
vn 0.87158805 -0.4902387 0.00038579901
vn 0.94724578 -0.32050353 0.0017089405
vn 0.9514212 -0.30788714 0.0017904708
vn 0.88468575 -0.46618724 0.00078101712
vn 0.94724578 -0.32050353 0.0017089405
vn 0.9914704 -0.13032947 0.00081807072
vn 0.9514212 -0.30788714 0.0017904708
vn 0.29801685 -0.95456058 -3.8223874e-07
vn 0.49164557 -0.87079543 -4.2223316e-08
vn 0.5257324 -0.85065001 2.8803726e-07
vn 0.34694684 -0.93788475 -1.7155561e-07
vn 0.88483983 -0.46589416 -0.0010391449
vn 0.95161492 -0.30728856 -0.0017119425
vn 0.95142019 -0.30789039 -0.0017903068
vn 0.88468307 -0.46619225 -0.00077600969
vn 0.52573228 -0.85065019 1.648916e-07
vn 0.72645354 -0.68721563 0
vn 0.7264536 -0.68721551 2.328655e-07
vn 0.52573234 -0.85065001 5.4355475e-08
vn 0.95161492 -0.30728856 -0.0017119425
vn 0.99254739 -0.12185723 -0.00068180845
vn 0.99147052 -0.13032867 -0.00082015689
vn 0.95142019 -0.30789039 -0.0017903068
vn 0.72645354 -0.68721563 0
vn 0.88483983 -0.46589416 -0.0010391449
vn 0.88468307 -0.46619225 -0.00077600969
vn 0.7264536 -0.68721551 2.328655e-07
vn 6.7423798e-08 -0.95456058 -0.298017
vn 4.6404551e-08 -0.93788511 -0.34694579
vn 1.3895539e-07 -0.85065007 -0.52573228
vn 2.1986355e-07 -0.87079549 -0.49164546
vn 0.0017328889 -0.30730173 -0.95161051
vn 0.0010394148 -0.46591574 -0.88482857
vn 0.00075815752 -0.46621078 -0.8846733
vn 0.0017890565 -0.30790251 -0.95141631
vn 0 -0.68721509 -0.72645402
vn 0 -0.85020328 -0.52645457
vn 1.7488136e-07 -0.85020334 -0.52645457
vn 1.767248e-07 -0.68721497 -0.72645408
vn -2.0534492e-07 -1 -5.8207718e-07
vn -0.34694707 -0.93788469 -1.1127927e-06
vn -0.34694675 -0.93788493 -5.4414568e-07
vn -1.613424e-07 -1 -4.113345e-07
vn 0.00070244831 -0.12184677 -0.99254864
vn 0.0017328889 -0.30730173 -0.95161051
vn 0.0017890565 -0.30790251 -0.95141631
vn 0.00082770432 -0.13032454 -0.99147099
vn 0.0010394148 -0.46591574 -0.88482857
vn 0 -0.68721509 -0.72645402
vn 1.767248e-07 -0.68721497 -0.72645408
vn 0.00075815752 -0.46621078 -0.8846733
vn 0 -0.85020328 -0.52645457
vn 0 -0.93776244 -0.34727734
vn 0 -0.93776244 -0.34727728
vn 1.7488136e-07 -0.85020334 -0.52645457
vn -0.95161611 -0.30728462 0.0017067367
vn -0.99254715 -0.12185928 0.00067694555
vn -0.9914704 -0.13032945 0.00081820402
vn -0.9514212 -0.30788714 0.0017895107
vn -0.72725332 -0.68636918 0
vn -0.88596261 -0.46375561 0.0010385521
vn -0.88580626 -0.46405444 0.00077983388
vn -0.72725338 -0.686369 0
vn 0.34694642 -0.93788487 2.436106e-07
vn 0.52573228 -0.85065019 1.648916e-07
vn 0.52573234 -0.85065001 5.4355475e-08
vn 0.3469463 -0.93788505 5.2424483e-08
vn -0.88596261 -0.46375561 0.0010385521
vn -0.95161611 -0.30728462 0.0017067367
vn -0.9514212 -0.30788714 0.0017895107
vn -0.88580626 -0.46405444 0.00077983388
vn -0.52467376 -0.85130346 -5.4358628e-07
vn -0.72725332 -0.68636918 0
vn -0.72725338 -0.686369 0
vn -0.52467322 -0.8513037 -2.4898554e-07
vn -2.4104762e-07 -1 0.00018648733
vn -1.2067346e-07 -0.99999994 0.00049537717
vn -2.4143654e-07 -0.93788505 0.34694597
vn -4.7671074e-07 -0.95456058 0.29801685
vn -1.8179654e-07 -0.12121727 0.99262601
vn -7.4613973e-07 -0.30784312 0.95143712
vn -3.7342693e-07 -0.3078436 0.951437
vn -1.6841385e-07 -0.12968758 0.99155492
vn -5.6684314e-07 -0.46657223 0.88448316
vn 0 -0.68721503 0.72645408
vn 0 -0.68721491 0.72645414
vn -2.834214e-07 -0.46657214 0.88448316
vn 0 -0.85065037 0.52573198
vn 0 -0.93788522 0.34694588
vn 0 -0.93788522 0.34694579
vn 0 -0.85065031 0.52573198
vn 2.0362412e-08 -0.99999261 -0.0038288466
vn 1.00277e-08 -1 3.6179816e-07
vn 4.6404551e-08 -0.93788511 -0.34694579
vn 6.7423798e-08 -0.95456058 -0.298017
vn -7.4613973e-07 -0.30784312 0.95143712
vn -5.6684314e-07 -0.46657223 0.88448316
vn -2.834214e-07 -0.46657214 0.88448316
vn -3.7342693e-07 -0.3078436 0.951437
vn 0 -0.68721503 0.72645408
vn 0 -0.85065037 0.52573198
vn 0 -0.85065031 0.52573198
vn 0 -0.68721491 0.72645414
vn 0 -0.93788522 0.34694588
vn 0 -1 7.13818e-07
vn 1.00277e-08 -1 3.6179816e-07
vn 0 -0.93788522 0.34694579
vn 0.70695055 -0.00022178316 0.70726287
vn 0.71696419 0.0010040737 0.69710916
vn 0.71693671 0.0010047243 0.69713753
vn 0.70694989 -0.00022264189 0.70726365
vn -0.69957078 -0.028057743 0.71401227
vn -0.70369971 -0.011912844 0.71039766
vn -0.70370096 -0.011907672 0.71039647
vn -0.69957078 -0.028057743 0.71401227
vn -0.70815885 -0.005507559 -0.70603168
vn -0.70714563 0.00095477607 -0.70706725
vn -0.70714533 0.00095233083 -0.70706755
vn -0.70816326 -0.0055174832 -0.70602715
vn -0.71064234 -0.014036999 0.70341343
vn -0.71401876 -0.028072925 0.69956338
vn -0.71401876 -0.028072925 0.69956338
vn -0.71064126 -0.014032679 0.70341456
vn 0.699561 -0.028082365 -0.71402085
vn 0.70341271 -0.014042759 -0.71064293
vn 0.70341402 -0.014038078 -0.7106418
vn 0.699561 -0.028082365 -0.71402085
vn -0.70710748 1.9657186e-06 0.70710605
vn -0.71064234 -0.014036999 0.70341343
vn -0.71064126 -0.014032679 0.70341456
vn -0.70710742 1.965745e-06 0.70710605
vn 0.7060768 -0.00099157961 0.70813465
vn 0.70695055 -0.00022178316 0.70726287
vn 0.70694989 -0.00022264189 0.70726365
vn 0.70607668 -0.00099170941 0.70813471
vn 0.70952296 -0.0090896292 -0.70462376
vn 0.71084094 -0.015991835 -0.7031709
vn 0.71083999 -0.015988303 -0.70317191
vn 0.7095266 -0.0090990271 -0.70461994
vn 0.70341271 -0.014042759 -0.71064293
vn 0.70710719 -9.5612597e-07 -0.70710635
vn 0.70710719 -9.556536e-07 -0.70710647
vn 0.70341402 -0.014038078 -0.7106418
vn -0.70714563 0.00095477607 -0.70706725
vn -0.70699376 0.0023105973 -0.70721608
vn -0.70699298 0.0023079703 -0.7072168
vn -0.70714533 0.00095233083 -0.70706755
vn -0.70369971 -0.011912844 0.71039766
vn -0.70442265 0.013495805 0.70965254
vn -0.70443398 0.013463172 0.70964181
vn -0.70370096 -0.011907672 0.71039647
vn -0.70710701 1.7122467e-06 0.70710647
vn -0.70710748 1.9657186e-06 0.70710605
vn -0.70710742 1.965745e-06 0.70710605
vn -0.70710713 1.712253e-06 0.70710653
vn 0.70839739 0.0013072705 0.70581263
vn 0.7060768 -0.00099157961 0.70813465
vn 0.70607668 -0.00099170941 0.70813471
vn 0.70840031 0.0013097522 0.70580971
vn 0.71403134 -0.012696636 -0.69999856
vn 0.70952296 -0.0090896292 -0.70462376
vn 0.7095266 -0.0090990271 -0.70461994
vn 0.71404248 -0.012691208 -0.69998741
vn 0.70710719 -9.5612597e-07 -0.70710635
vn 0.70710725 -1.9999985e-07 -0.70710629
vn 0.70710725 -2.0003878e-07 -0.70710629
vn 0.70710719 -9.556536e-07 -0.70710647
vn -0.70699376 0.0023105973 -0.70721608
vn -0.70515561 0.0016387778 -0.70905066
vn -0.70515364 0.0016407626 -0.70905262
vn -0.70699298 0.0023079703 -0.7072168
vn -0.70442265 0.013495805 0.70965254
vn -0.71584857 0.0072664386 0.69821763
vn -0.71580172 0.0073165754 0.69826519
vn -0.70443398 0.013463172 0.70964181
vn -0.70710683 2.2201219e-07 0.70710665
vn -0.70710701 1.7122467e-06 0.70710647
vn -0.70710713 1.712253e-06 0.70710653
vn -0.70710683 2.2117921e-07 0.70710671
vn 0.71231633 0.0012947835 0.70185739
vn 0.70839739 0.0013072705 0.70581263
vn 0.70840031 0.0013097522 0.70580971
vn 0.7119351 0.0016126881 0.70224339
vn 0.71414816 -0.0068338648 -0.69996113
vn 0.71403134 -0.012696636 -0.69999856
vn 0.71404248 -0.012691208 -0.69998741
vn 0.71416128 -0.0068576992 -0.69994754
vn 0.70710725 -1.9999985e-07 -0.70710629
vn 0.70710689 2.2201044e-07 -0.70710665
vn 0.70710695 2.211826e-07 -0.70710665
vn 0.70710725 -2.0003878e-07 -0.70710629
vn -0.71584857 0.0072664386 0.69821763
vn -0.72095066 -0.0029371507 0.69298011
vn -0.72087502 -0.0028940476 0.69305909
vn -0.71580172 0.0073165754 0.69826519
vn -0.70515561 0.0016387778 -0.70905066
vn -0.7018556 0.0012960761 -0.71231806
vn -0.7022416 0.0016142881 -0.71193683
vn -0.70515364 0.0016407626 -0.70905262
vn -0.64424664 -0.41218048 -0.64424652
vn -0.69736111 -0.16545241 -0.69736159
vn -0.69736111 -0.16545169 -0.69736159
vn -0.64424664 -0.41218051 -0.64424646
vn -0.56896377 -0.59376872 -0.56896305
vn -0.64424664 -0.41218048 -0.64424652
vn -0.64424664 -0.41218051 -0.64424646
vn -0.56896377 -0.59376854 -0.56896311
vn -0.4285925 -0.79537183 -0.42859328
vn -0.56896377 -0.59376872 -0.56896305
vn -0.56896377 -0.59376854 -0.56896311
vn -0.42859244 -0.79537183 -0.42859322
vn -0.28375307 -0.91595185 -0.28375399
vn -0.4285925 -0.79537183 -0.42859328
vn -0.42859244 -0.79537183 -0.42859322
vn -0.28375307 -0.91595185 -0.28375399
vn -0.18050835 -0.96684879 -0.18061033
vn -0.28375307 -0.91595185 -0.28375399
vn -0.28375307 -0.91595185 -0.28375399
vn -0.1805083 -0.96684891 -0.18061028
vn 0.69736141 -0.16545255 -0.69736111
vn 0.64424664 -0.41218042 -0.64424646
vn 0.64424682 -0.41217968 -0.6442467
vn 0.69736135 -0.16545258 -0.69736111
vn 0.64424664 -0.41218042 -0.64424646
vn 0.56896424 -0.5937683 -0.56896299
vn 0.5689643 -0.5937683 -0.56896305
vn 0.64424682 -0.41217968 -0.6442467
vn 0.56896424 -0.5937683 -0.56896299
vn 0.42858961 -0.79537624 -0.42858788
vn 0.42859647 -0.79536891 -0.42859474
vn 0.5689643 -0.5937683 -0.56896305
vn 0.42858961 -0.79537624 -0.42858788
vn 0.28339678 -0.91586685 -0.28438401
vn 0.28337297 -0.91588145 -0.28436071
vn 0.42859647 -0.79536891 -0.42859474
vn 0.28339678 -0.91586685 -0.28438401
vn 0.18009612 -0.96673065 -0.18165198
vn 0.17954916 -0.96693563 -0.18110088
vn 0.28337297 -0.91588145 -0.28436071
vn -0.64423931 -0.41219655 0.64424354
vn -0.69736052 -0.16545232 0.69736207
vn -0.69736052 -0.16545224 0.69736207
vn -0.64424521 -0.41217795 0.6442495
vn -0.57061154 -0.59313405 0.56797409
vn -0.64423931 -0.41219655 0.64424354
vn -0.64424521 -0.41217795 0.6442495
vn -0.57057917 -0.5931977 0.56793994
vn -0.43155396 -0.79458916 0.42707062
vn -0.57061154 -0.59313405 0.56797409
vn -0.57057917 -0.5931977 0.56793994
vn -0.43059185 -0.79562229 0.42611706
vn -0.28015599 -0.9152841 0.2894263
vn -0.43155396 -0.79458916 0.42707062
vn -0.43059185 -0.79562229 0.42611706
vn -0.27972987 -0.91551602 0.28910488
vn -0.16964972 -0.96767515 0.18661115
vn -0.28015599 -0.9152841 0.2894263
vn -0.27972987 -0.91551602 0.28910488
vn -0.17545262 -0.96539861 0.19292942
vn 0.18009612 -0.96673065 -0.18165198
vn 0.12303509 -0.98460519 -0.12415724
vn 0.12303509 -0.98460519 -0.12415724
vn 0.17954916 -0.96693563 -0.18110088
vn -0.11617264 -0.98489749 0.12837766
vn -0.16964972 -0.96767515 0.18661115
vn -0.17545262 -0.96539861 0.19292942
vn -0.11617264 -0.98489749 0.12837766
vn 0.64420027 -0.41227648 0.64423126
vn 0.69736034 -0.16545203 0.69736224
vn 0.6973604 -0.16545197 0.69736224
vn 0.64424199 -0.41214633 0.64427286
vn 0.56113458 -0.5908004 0.57972658
vn 0.64420027 -0.41227648 0.64423126
vn 0.64424199 -0.41214633 0.64427286
vn 0.56175971 -0.58978927 0.58015049
vn 0.41708925 -0.79063135 0.44826177
vn 0.56113458 -0.5908004 0.57972658
vn 0.56175971 -0.58978927 0.58015049
vn 0.41174358 -0.79661542 0.44257316
vn 0.27657431 -0.91651201 0.28898504
vn 0.41708925 -0.79063135 0.44826177
vn 0.41174358 -0.79661542 0.44257316
vn 0.27628192 -0.91672075 0.28860244
vn 0.18051799 -0.9668451 0.180621
vn 0.27657431 -0.91651201 0.28898504
vn 0.27628192 -0.91672075 0.28860244
vn 0.18046434 -0.966865 0.18056744
vn -0.12364764 -0.98456693 -0.12385187
vn -0.18050835 -0.96684879 -0.18061033
vn -0.1805083 -0.96684891 -0.18061028
vn -0.12364764 -0.98456693 -0.12385187
vn 0.12361404 -0.98457712 0.12380438
vn 0.18051799 -0.9668451 0.180621
vn 0.18046434 -0.966865 0.18056744
vn 0.12361404 -0.98457712 0.12380438
vn 0.71084094 -0.015991835 -0.7031709
vn 0.7139473 -0.027773956 -0.69964838
vn 0.7139473 -0.027773956 -0.69964838
vn 0.71083999 -0.015988303 -0.70317191
vn 0.70548117 0.0014728589 0.70872712
vn 0.70185184 0.0012957507 0.71232182
vn 0.70223802 0.001613892 0.71194047
vn 0.70547873 0.0014750992 0.70872951
vn -0.71195108 -0.022074793 -0.70188195
vn -0.70815885 -0.005507559 -0.70603168
vn -0.70816326 -0.0055174832 -0.70602715
vn -0.71193904 -0.022004845 -0.70189649
vn -0.70872498 0.001472963 -0.70548344
vn -0.70710492 -1.0231822e-06 -0.70710862
vn -0.70710486 -1.0228672e-06 -0.70710868
vn -0.7087273 0.0014751945 -0.70548093
vn 0.71696419 0.0010040737 0.69710916
vn 0.70470488 -0.0078578731 0.70945686
vn 0.70460969 -0.0078967242 0.70955122
vn 0.71693671 0.0010047243 0.69713753
vn -0.70361871 -0.013136994 -0.71045631
vn -0.701092 -0.027785156 -0.71252936
vn -0.701092 -0.027785156 -0.71252936
vn -0.70361829 -0.013139089 -0.71045661
vn 0.70710546 -3.7806299e-07 0.70710808
vn 0.70548117 0.0014728589 0.70872712
vn 0.70547873 0.0014750992 0.70872951
vn 0.70710552 -3.7781945e-07 0.70710808
vn 0.71404368 -0.028775336 0.6995095
vn 0.71076977 -0.014812668 0.70326883
vn 0.71076703 -0.014801939 0.70327163
vn 0.71404368 -0.028775336 0.6995095
vn -0.70710492 -1.0231822e-06 -0.70710862
vn -0.70718068 0.00014170214 -0.7070328
vn -0.70718074 0.00014170707 -0.7070328
vn -0.70710486 -1.0228672e-06 -0.70710868
vn -0.71419328 -0.035434205 -0.69905102
vn -0.71195108 -0.022074793 -0.70188195
vn -0.71193904 -0.022004845 -0.70189649
vn -0.71419328 -0.035434205 -0.69905102
vn 0.70470488 -0.0078578731 0.70945686
vn 0.68302929 -0.01655052 0.73020345
vn 0.68302929 -0.01655052 0.73020345
vn 0.70460969 -0.0078967242 0.70955122
vn 0.70718265 -0.00014379335 0.70703089
vn 0.70710546 -3.7806299e-07 0.70710808
vn 0.70710552 -3.7781945e-07 0.70710808
vn 0.70718265 -0.00014379753 0.70703095
vn -0.70718068 0.00014170214 -0.7070328
vn -0.70662189 0.00089607073 -0.7075907
vn -0.70662171 0.00089627516 -0.70759088
vn -0.70718074 0.00014170707 -0.7070328
vn -0.71100515 0.0026270237 0.70318186
vn -0.71232086 0.0012957486 0.7018528
vn -0.71193945 0.0016138989 0.70223898
vn -0.7110042 0.0026275034 0.70318288
vn 0.70872635 0.0014728771 -0.70548201
vn 0.71232152 0.0012962379 -0.70185208
vn 0.71194017 0.0016144984 -0.7022382
vn 0.70872873 0.0014751212 -0.70547962
vn 0.70729887 -0.00056340679 0.70691437
vn 0.70718265 -0.00014379335 0.70703089
vn 0.70718265 -0.00014379753 0.70703095
vn 0.70729887 -0.00056360121 0.70691437
vn 0.70185494 0.0012960795 -0.71231872
vn 0.70775646 0.00032670109 -0.70645642
vn 0.70775062 0.00033062228 -0.70646226
vn 0.70224106 0.001614293 -0.71193737
vn -0.70662189 0.00089607073 -0.7075907
vn -0.70361871 -0.013136994 -0.71045631
vn -0.70361829 -0.013139089 -0.71045661
vn -0.70662171 0.00089627516 -0.70759088
vn -0.72095066 -0.0029371507 0.69298011
vn -0.71100515 0.0026270237 0.70318186
vn -0.7110042 0.0026275034 0.70318288
vn -0.72087502 -0.0028940476 0.69305909
vn 0.71076977 -0.014812668 0.70326883
vn 0.70729887 -0.00056340679 0.70691437
vn 0.70729887 -0.00056360121 0.70691437
vn 0.71076703 -0.014801939 0.70327163
vn 0.70710689 2.2201044e-07 -0.70710665
vn 0.70872635 0.0014728771 -0.70548201
vn 0.70872873 0.0014751212 -0.70547962
vn 0.70710695 2.211826e-07 -0.70710665
vn 0.70775646 0.00032670109 -0.70645642
vn 0.71414816 -0.0068338648 -0.69996113
vn 0.71416128 -0.0068576992 -0.69994754
vn 0.70775062 0.00033062228 -0.70646226
vn -0.70552534 0.0014630394 0.70868319
vn -0.70710683 2.2201219e-07 0.70710665
vn -0.70710683 2.2117921e-07 0.70710671
vn -0.70551801 0.0014698151 0.70869046
vn -0.70550615 0.00010368921 -0.70870376
vn -0.70550615 0.00010368921 -0.70870376
vn -0.70550776 0.0001040939 -0.70870215
vn -0.7055077 0.00010409368 -0.70870221
vn 0.70097637 -0.0081866411 0.71313751
vn 0.70097637 -0.0081866411 0.71313751
vn 0.6995607 -0.0014416142 0.71457183
vn 0.6995604 -0.0014407538 0.71457201
vn 0.70743412 -1.4145477e-05 -0.7067793
vn 0.70743412 -1.4145477e-05 -0.7067793
vn 0.70743304 -1.5374633e-05 -0.70678043
vn 0.70743304 -1.5374566e-05 -0.70678037
vn -0.00087985903 -0.67105865 0.74140376
vn -0.00087900588 -0.67197818 0.74057043
vn -0.00096058747 -0.57058895 0.82123512
vn -0.8138119 -0.58112651 -0.0014784387
vn -0.81441855 -0.58027583 -0.001519843
vn -0.77838248 -0.6277886 -0.0014486335
vn -0.73611385 -0.67685634 -0.0013356121
vn 0.0012810484 -0.58022618 -0.81445438
vn -0.0008158359 -0.67818242 -0.73489314
vn -0.0014256141 -0.70474678 -0.70945752
vn 0.81397176 -0.58090323 0.0011835222
vn 0.73510623 -0.67795116 0.0010592665
vn 0.73526913 -0.67777437 0.0010595215
vn -0.0014256141 -0.70474678 -0.70945752
vn -0.0008158359 -0.67818242 -0.73489314
vn -0.0032040649 -0.77719283 -0.62925434
vn -0.0032040649 -0.77719283 -0.62925434
vn 0.6995604 -0.0014407538 0.71457201
vn 0.6995607 -0.0014416142 0.71457183
vn 0.69660932 0.012119537 0.71734828
vn -0.70708203 1.7095612e-05 0.70713162
vn -0.70708191 1.7093955e-05 0.70713156
vn -0.70708501 1.8070707e-05 0.70712852
vn -0.7055077 0.00010409368 -0.70870221
vn -0.70550776 0.0001040939 -0.70870215
vn -0.70551097 0.00010490754 -0.70869905
vn -0.70551097 0.00010490754 -0.70869905
vn 0.70743304 -1.5374566e-05 -0.70678037
vn 0.70743304 -1.5374633e-05 -0.70678043
vn 0.70743084 -1.7846029e-05 -0.70678258
vn -0.00087985903 -0.67105865 0.74140376
vn -0.00076869875 -0.77323955 0.63411349
vn -0.00087900588 -0.67197818 0.74057043
vn -0.77838248 -0.6277886 -0.0014486335
vn -0.81441855 -0.58027583 -0.001519843
vn -0.81574351 -0.57841164 -0.0016104662
vn 0.73510623 -0.67795116 0.0010592665
vn 0.63093829 -0.77583247 0.00089703989
vn 0.73526913 -0.67777437 0.0010595215
vn -0.77838248 -0.6277886 -0.0014486335
vn -0.63334787 -0.7738663 -0.0011470327
vn -0.73611385 -0.67685634 -0.0013356121
vn -0.99230617 -0.12363403 0.0065681324
vn -0.9912222 -0.13207251 0.0059336987
vn -0.99994648 -0.0073163235 0.0073161619
vn -0.99994648 -0.0073163235 0.0073161619
vn 0.71231633 0.0012947835 0.70185739
vn 0.7119351 0.0016126881 0.70224339
vn 0.713866 0 0.70028228
vn 0.713866 0 0.70028228
vn -2.0214701e-07 -0.1296877 -0.99155486
vn 0 -0.12121748 -0.99262607
vn 0 0 -0.99999994
vn 0 0 -0.99999994
vn -1.8179654e-07 -0.12121727 0.99262601
vn -1.6841385e-07 -0.12968758 0.99155492
vn 0 0 1
vn 0 0 1
vn 0.70223802 0.001613892 0.71194047
vn 0.70185184 0.0012957507 0.71232182
vn 0.70027614 0 0.71387196
vn 0.70027614 0 0.71387196
vn -0.9914704 -0.13032945 0.00081820402
vn -0.99254715 -0.12185928 0.00067694555
vn -1 0 0
vn -1 0 0
vn 0.6973604 -0.16545197 0.69736224
vn 0.69736034 -0.16545203 0.69736224
vn 0.70710623 0 0.70710731
vn 0.70710623 0 0.70710731
vn 0.71194017 0.0016144984 -0.7022382
vn 0.71232152 0.0012962379 -0.70185208
vn 0.71387154 0 -0.70027667
vn 0.71387154 0 -0.70027667
vn -0.7022416 0.0016142881 -0.71193683
vn -0.7018556 0.0012960761 -0.71231806
vn -0.70028025 0 -0.71386802
vn -0.70028025 0 -0.71386802
vn 0.99254715 -0.12185943 0.00067658519
vn 0.9914704 -0.13032947 0.00081807072
vn 1 0 0
vn 1 0 0
vn 0.69736141 -0.16545255 -0.69736111
vn 0.69736135 -0.16545258 -0.69736111
vn 0.70710725 0 -0.70710623
vn 0.70710725 0 -0.70710623
vn -0.71193945 0.0016138989 0.70223898
vn -0.71232086 0.0012957486 0.7018528
vn -0.71387082 0 0.70027739
vn -0.71387082 0 0.70027739
vn 0.00082737079 -0.13032545 0.99147087
vn 0.00070209964 -0.12184801 0.99254853
vn 0 0 1
vn 0 0 1
vn -0.69736052 -0.16545224 0.69736207
vn -0.69736052 -0.16545232 0.69736207
vn -0.70710522 0 0.70710832
vn -0.70710522 0 0.70710832
vn 0.99147052 -0.13032867 -0.00082015689
vn 0.99254739 -0.12185723 -0.00068180845
vn 1 0 0
vn 1 0 0
vn -0.69736111 -0.16545169 -0.69736159
vn -0.69736111 -0.16545241 -0.69736159
vn -0.70710659 0 -0.70710695
vn -0.70710659 0 -0.70710695
vn 0.00070244831 -0.12184677 -0.99254864
vn 0.00082770432 -0.13032454 -0.99147099
vn 0 0 -1
vn 0 0 -1
vn 0.70185494 0.0012960795 -0.71231872
vn 0.70224106 0.001614293 -0.71193737
vn 0.70027947 0 -0.71386874
vn 0.70027947 0 -0.71386874
vn -0.70708042 1.6608046e-05 0.70713311
vn -0.70708042 1.6608046e-05 0.70713311
vn -0.70708191 1.7093955e-05 0.70713156
vn -0.70708203 1.7095612e-05 0.70713162
vn -0.34694633 -0.93788499 -2.9917086e-08
vn -0.52573258 -0.85064983 -3.0434799e-07
vn -0.52573287 -0.85064971 -2.9496678e-07
vn -0.34694663 -0.93788487 0
vn -0.72645432 -0.68721485 -5.6745802e-07
vn -0.88468337 -0.46619171 -0.00077680103
vn -0.88484001 -0.46589386 -0.001040309
vn -0.72645384 -0.68721521 -9.1804537e-07
vn -0.95222038 -0.30541158 -7.4014051e-06
vn -0.9912222 -0.13207251 0.0059336987
vn -0.99230617 -0.12363403 0.0065681324
vn -0.95214933 -0.30562741 0.0018610694
vn -0.70188117 0.001287482 0.71229297
vn -0.70552534 0.0014630394 0.70868319
vn -0.70551801 0.0014698151 0.70869046
vn -0.70228064 0.0016086986 0.71189845
vn 0.52573234 -0.85065001 5.4355475e-08
vn 0.7264536 -0.68721551 2.328655e-07
vn 0.68317038 -0.730259 3.2986907e-07
vn 0.49164611 -0.87079513 -1.1849098e-07
vn 0.7264536 -0.68721551 2.328655e-07
vn 0.88468307 -0.46619225 -0.00077600969
vn 0.87158638 -0.49024191 -0.00037787488
vn 0.68317038 -0.730259 3.2986907e-07
vn -0.70027715 0 0.71387112
vn -0.70188117 0.001287482 0.71229297
vn -0.70228064 0.0016086986 0.71189845
vn -0.70027715 0 0.71387112
vn -0.52573258 -0.85064983 -3.0434799e-07
vn -0.72645432 -0.68721485 -5.6745802e-07
vn -0.72645384 -0.68721521 -9.1804537e-07
vn -0.52573287 -0.85064971 -2.9496678e-07
vn -0.88468337 -0.46619171 -0.00077680103
vn -0.95222038 -0.30541158 -7.4014051e-06
vn -0.95214933 -0.30562741 0.0018610694
vn -0.88484001 -0.46589386 -0.001040309
vn 0.3469463 -0.93788505 5.2424483e-08
vn 0.52573234 -0.85065001 5.4355475e-08
vn 0.49164611 -0.87079513 -1.1849098e-07
vn 0.2980167 -0.9545607 -1.1040932e-07
vn 3.9113303e-07 -0.99999994 4.0164501e-08
vn 0.3469463 -0.93788505 5.2424483e-08
vn 0.2980167 -0.9545607 -1.1040932e-07
vn -6.7152591e-08 -1 2.2872038e-14
vn 3.9113303e-07 -0.99999994 4.0164501e-08
vn -0.34694633 -0.93788499 -2.9917086e-08
vn -0.34694663 -0.93788487 0
vn 6.4536971e-07 -1 8.0329031e-08
vn 0.88468307 -0.46619225 -0.00077600969
vn 0.95142019 -0.30789039 -0.0017903068
vn 0.94724405 -0.32050869 -0.0016984709
vn 0.87158638 -0.49024191 -0.00037787488
vn 0.95142019 -0.30789039 -0.0017903068
vn 0.99147052 -0.13032867 -0.00082015689
vn 0.94724405 -0.32050869 -0.0016984709
vn 1.767248e-07 -0.68721497 -0.72645408
vn 1.7488136e-07 -0.85020334 -0.52645457
vn 1.9583453e-07 -0.87020558 -0.49268869
vn 4.7869025e-07 -0.73025835 -0.68317115
vn 0.00082770432 -0.13032454 -0.99147099
vn 0.0017890565 -0.30790251 -0.95141631
vn 0.0016556364 -0.32052863 -0.94723737
vn 1.7488136e-07 -0.85020334 -0.52645457
vn 0 -0.93776244 -0.34727728
vn 0 -0.95466083 -0.29769567
vn 1.9583453e-07 -0.87020558 -0.49268869
vn -2.4143654e-07 -0.93788505 0.34694597
vn -1.2067346e-07 -0.99999994 0.00049537717
vn 0 -0.99999988 0.00049499579
vn 0 -0.93788505 0.34694603
vn -1.591695e-07 -0.85065007 0.52573222
vn -2.4143654e-07 -0.93788505 0.34694597
vn 0 -0.93788505 0.34694603
vn 0 -0.85065007 0.52573228
vn 0.00075795955 -0.46621037 0.88467354
vn -2.5864827e-07 -0.68721539 0.72645372
vn 0 -0.68721551 0.7264536
vn 0.0010391555 -0.46591517 0.88482869
vn 0.00082737079 -0.13032545 0.99147087
vn 0.0017889111 -0.30790296 0.95141602
vn 0.0017322829 -0.30730259 0.95161033
vn 0.00070209964 -0.12184801 0.99254853
vn -0.71231979 0.001296073 -0.70185387
vn -0.70872498 0.001472963 -0.70548344
vn -0.7087273 0.0014751945 -0.70548093
vn -0.71193844 0.0016142929 -0.70223999
vn 0.0017890565 -0.30790251 -0.95141631
vn 0.00075815752 -0.46621078 -0.8846733
vn 0.00035157628 -0.49025312 -0.87158006
vn 0.0016556364 -0.32052863 -0.94723737
vn 0.00075815752 -0.46621078 -0.8846733
vn 1.767248e-07 -0.68721497 -0.72645408
vn 4.7869025e-07 -0.73025835 -0.68317115
vn 0.00035157628 -0.49025312 -0.87158006
vn 0 -0.93776244 -0.34727728
vn -1.2067346e-07 -0.99999994 0.00049537717
vn -2.4104762e-07 -1 0.00018648733
vn 0 -0.95466083 -0.29769567
vn -2.5864827e-07 -0.68721539 0.72645372
vn -1.591695e-07 -0.85065007 0.52573222
vn 0 -0.85065007 0.52573228
vn 0 -0.68721551 0.7264536
vn 0.0017889111 -0.30790296 0.95141602
vn 0.00075795955 -0.46621037 0.88467354
vn 0.0010391555 -0.46591517 0.88482869
vn 0.0017322829 -0.30730259 0.95161033
vn -0.71387017 0 -0.7002781
vn -0.71231979 0.001296073 -0.70185387
vn -0.71193844 0.0016142929 -0.70223999
vn -0.71387017 0 -0.7002781
vn -0.72725338 -0.686369 0
vn -0.88580626 -0.46405444 0.00077983388
vn -0.87306356 -0.48760623 0.00038401742
vn -0.68301278 -0.73040634 0
vn -0.88580626 -0.46405444 0.00077983388
vn -0.9514212 -0.30788714 0.0017895107
vn -0.94724566 -0.32050404 0.0017067835
vn -0.87306356 -0.48760623 0.00038401742
vn -0.34694675 -0.93788493 -5.4414568e-07
vn -0.52467322 -0.8513037 -2.4898554e-07
vn -0.49109733 -0.87110466 6.5574326e-08
vn -0.29801697 -0.95456064 -7.0335733e-09
vn 0.5257324 -0.85065001 2.8803726e-07
vn 0.72645354 -0.68721563 9.3290078e-07
vn 0.72645396 -0.68721503 8.7285065e-07
vn 0.52573305 -0.85064965 4.4884857e-07
vn 0.88468575 -0.46618724 0.00078101712
vn 0.9514212 -0.30788714 0.0017904708
vn 0.95161581 -0.30728543 0.0017063792
vn 0.88484293 -0.46588835 0.001039227
vn 0.34694684 -0.93788475 -1.7155561e-07
vn 0.5257324 -0.85065001 2.8803726e-07
vn 0.52573305 -0.85064965 4.4884857e-07
vn 0.34694761 -0.93788457 0
vn -1.613424e-07 -1 -4.113345e-07
vn -0.34694675 -0.93788493 -5.4414568e-07
vn -0.29801697 -0.95456064 -7.0335733e-09
vn 4.7966129e-08 -1 -2.4059167e-07
vn -0.9514212 -0.30788714 0.0017895107
vn -0.9914704 -0.13032945 0.00081820402
vn -0.94724566 -0.32050404 0.0017067835
vn -0.52467322 -0.8513037 -2.4898554e-07
vn -0.72725338 -0.686369 0
vn -0.68301278 -0.73040634 0
vn -0.49109733 -0.87110466 6.5574326e-08
vn -1.613424e-07 -1 -4.113345e-07
vn 0.34694684 -0.93788475 -1.7155561e-07
vn 0.34694761 -0.93788457 0
vn -2.0534492e-07 -1 -5.8207718e-07
vn 0.72645354 -0.68721563 9.3290078e-07
vn 0.88468575 -0.46618724 0.00078101712
vn 0.88484293 -0.46588835 0.001039227
vn 0.72645396 -0.68721503 8.7285065e-07
vn 0.9514212 -0.30788714 0.0017904708
vn 0.9914704 -0.13032947 0.00081807072
vn 0.99254715 -0.12185943 0.00067658519
vn 0.95161581 -0.30728543 0.0017063792
vn -2.834214e-07 -0.46657214 0.88448316
vn 0 -0.68721491 0.72645414
vn 0 -0.73025846 0.68317091
vn 0 -0.49030092 0.87155318
vn 1.0348015e-07 -0.68721479 -0.7264542
vn 1.3895539e-07 -0.85065007 -0.52573228
vn 0 -0.85065007 -0.52573216
vn 0 -0.68721485 -0.7264542
vn -8.3587389e-07 -0.30784333 -0.95143706
vn -1.3811277e-07 -0.4665719 -0.88448322
vn 0 -0.46657187 -0.88448322
vn 0 -0.30784336 -0.95143706
vn 4.6404551e-08 -0.93788511 -0.34694579
vn 1.00277e-08 -1 3.6179816e-07
vn 0 -1 7.13818e-07
vn 0 -0.93788528 -0.34694564
vn 0 -0.68721491 0.72645414
vn 0 -0.85065031 0.52573198
vn 0 -0.87059891 0.49199343
vn 0 -0.73025846 0.68317091
vn -1.6841385e-07 -0.12968758 0.99155492
vn -3.7342693e-07 -0.3078436 0.951437
vn 0 -0.31993619 0.94743913
vn 0 -0.85065031 0.52573198
vn 0 -0.93788522 0.34694579
vn 0 -0.95431572 0.29880038
vn 0 -0.87059891 0.49199343
vn -3.7342693e-07 -0.3078436 0.951437
vn -2.834214e-07 -0.46657214 0.88448316
vn 0 -0.49030092 0.87155318
vn 0 -0.31993619 0.94743913
vn 0 -0.93788522 0.34694579
vn 1.00277e-08 -1 3.6179816e-07
vn 2.0362412e-08 -0.99999261 -0.0038288466
vn 0 -0.95431572 0.29880038
vn -1.3811277e-07 -0.4665719 -0.88448322
vn 1.0348015e-07 -0.68721479 -0.7264542
vn 0 -0.68721485 -0.7264542
vn 0 -0.46657187 -0.88448322
vn -2.0214701e-07 -0.1296877 -0.99155486
vn -8.3587389e-07 -0.30784333 -0.95143706
vn 0 -0.30784336 -0.95143706
vn 0 -0.12121748 -0.99262607
vn 1.3895539e-07 -0.85065007 -0.52573228
vn 4.6404551e-08 -0.93788511 -0.34694579
vn 0 -0.93788528 -0.34694564
vn 0 -0.85065007 -0.52573216
vn 0 -0.9377622 -0.34727785
vn 0 -0.99999994 0.00049553363
vn 0 -0.99999994 0.00049585628
vn 0 -0.9377622 -0.34727785
vn -0.29801673 -0.95456058 3.2259091e-08
vn -0.49164581 -0.87079537 8.7715101e-08
vn -0.52573222 -0.85065007 -2.6447259e-07
vn -0.346946 -0.93788505 3.055316e-08
vn -0.49164581 -0.87079537 8.7715101e-08
vn -0.6831708 -0.73025858 0
vn -0.72645456 -0.68721461 -7.1138226e-07
vn -0.52573222 -0.85065007 -2.6447259e-07
vn -0.6831708 -0.73025858 0
vn -0.87158686 -0.49024081 -0.00037819406
vn -0.88468337 -0.46619183 -0.00077675941
vn -0.72645456 -0.68721461 -7.1138226e-07
vn -0.87158686 -0.49024081 -0.00037819406
vn -0.94819301 -0.31769037 -0.0016670868
vn -0.9522205 -0.30541143 -5.5804976e-06
vn -0.88468337 -0.46619183 -0.00077675941
vn -0.94819301 -0.31769037 -0.0016670868
vn -0.99122232 -0.13207202 0.00593478
vn -0.9522205 -0.30541143 -5.5804976e-06
vn -5.0844136e-07 -1 2.4835312e-08
vn 0.29801717 -0.95456058 -1.0340684e-07
vn 0.346946 -0.93788511 -5.4711325e-08
vn -5.8669968e-07 -1 1.2417661e-08
vn 2.4885352e-07 -0.87079531 -0.49164572
vn 1.075471e-07 -0.85065001 -0.52573228
vn 2.4312652e-07 -0.68721527 -0.72645372
vn 3.6174626e-07 -0.73025882 -0.68317062
vn 3.6174626e-07 -0.73025882 -0.68317062
vn 2.4312652e-07 -0.68721527 -0.72645372
vn 2.0640751e-07 -0.46657228 -0.8844831
vn 5.2100899e-07 -0.49030125 -0.871553
vn 5.2100899e-07 -0.49030125 -0.871553
vn 2.0640751e-07 -0.46657228 -0.8844831
vn 0 -0.30784377 -0.951437
vn 0 -0.31993607 -0.94743919
vn 0 -0.31993607 -0.94743919
vn 0 -0.30784377 -0.951437
vn 0 -0.12968782 -0.99155492
vn -0.34694603 -0.93788511 -3.352007e-07
vn -0.52467287 -0.85130394 -9.309224e-07
vn -0.52467275 -0.85130411 -5.2025149e-07
vn -0.34694669 -0.93788493 -1.007696e-07
vn 1.1147297e-06 -1 0
vn 0.34694633 -0.93788493 0
vn 0.34694624 -0.93788505 -6.698113e-08
vn 6.8937214e-07 -1 -3.7324838e-08
vn 0 -0.95456052 0.29801711
vn 0 -0.93788511 0.34694591
vn 0 -0.85065007 0.5257324
vn 0 -0.87115598 0.49100631
vn 0 -0.87115598 0.49100631
vn 0 -0.85065007 0.5257324
vn 3.8891181e-07 -0.68721533 0.72645372
vn 0 -0.72913748 0.68436724
vn 0 -0.72913748 0.68436724
vn 3.8891181e-07 -0.68721533 0.72645372
vn 0.00075856491 -0.46621108 0.88467324
vn 0.00035529767 -0.48959705 0.87194878
vn 0.00035529767 -0.48959705 0.87194878
vn 0.00075856491 -0.46621108 0.88467324
vn 0.0017884683 -0.30790272 0.95141613
vn 0.0016553043 -0.32052884 0.94723737
vn 0.0016553043 -0.32052884 0.94723737
vn 0.0017884683 -0.30790272 0.95141613
vn 0.0008272694 -0.13032471 0.99147105
vn 1.3430515e-07 -1 -7.4649634e-08
vn -0.29801673 -0.95456058 3.2259091e-08
vn -0.346946 -0.93788505 3.055316e-08
vn 6.8937214e-07 -1 -3.7324838e-08
vn 0.49164534 -0.87079549 5.6196679e-08
vn 0.68317014 -0.7302593 8.8933308e-07
vn 0.72645366 -0.68721545 5.488879e-07
vn 0.52573204 -0.85065025 9.7828504e-08
vn 0.68317014 -0.7302593 8.8933308e-07
vn 0.87158787 -0.49023917 0.00038613559
vn 0.8846854 -0.46618783 0.00078113977
vn 0.72645366 -0.68721545 5.488879e-07
vn 0.87158787 -0.49023917 0.00038613559
vn 0.9472456 -0.32050428 0.001710435
vn 0.95142108 -0.30788749 0.0017916493
vn 0.8846854 -0.46618783 0.00078113977
vn 0.9472456 -0.32050428 0.001710435
vn 0.99147034 -0.13032927 0.0008186092
vn 0.95142108 -0.30788749 0.0017916493
vn 0.29801717 -0.95456058 -1.0340684e-07
vn 0.49164534 -0.87079549 5.6196679e-08
vn 0.52573204 -0.85065025 9.7828504e-08
vn 0.346946 -0.93788511 -5.4711325e-08
vn 0.88483995 -0.46589395 -0.0010391439
vn 0.95161504 -0.30728805 -0.0017119438
vn 0.95142043 -0.30788973 -0.0017904511
vn 0.88468313 -0.46619213 -0.00077625585
vn 0.5257315 -0.85065055 0
vn 0.72645354 -0.68721563 0
vn 0.7264536 -0.68721551 2.3571104e-07
vn 0.52573186 -0.85065031 9.8280339e-08
vn 0.95161504 -0.30728805 -0.0017119438
vn 0.99254745 -0.12185682 -0.0006818102
vn 0.99147063 -0.1303283 -0.00082015933
vn 0.95142043 -0.30788973 -0.0017904511
vn 0.72645354 -0.68721563 0
vn 0.88483995 -0.46589395 -0.0010391439
vn 0.88468313 -0.46619213 -0.00077625585
vn 0.7264536 -0.68721551 2.3571104e-07
vn 1.9237068e-07 -0.95456046 -0.29801723
vn 1.1238266e-07 -0.93788505 -0.34694621
vn 1.075471e-07 -0.85065001 -0.52573228
vn 2.4885352e-07 -0.87079531 -0.49164572
vn 0.001733142 -0.307302 -0.95161051
vn 0.0010396707 -0.46591571 -0.88482857
vn 0.00075813459 -0.46621108 -0.88467318
vn 0.00178904 -0.30790278 -0.95141613
vn 0 -0.68721527 -0.72645378
vn 0 -0.85020328 -0.52645463
vn 0 -0.85020316 -0.52645475
vn 0 -0.68721527 -0.72645378
vn -5.3780803e-07 -1 0
vn -0.34694603 -0.93788511 -3.352007e-07
vn -0.34694669 -0.93788493 -1.007696e-07
vn -5.8669968e-07 -1 1.2417661e-08
vn 0.00070244743 -0.1218468 -0.9925487
vn 0.001733142 -0.307302 -0.95161051
vn 0.00178904 -0.30790278 -0.95141613
vn 0.00082770409 -0.1303245 -0.99147099
vn 0.0010396707 -0.46591571 -0.88482857
vn 0 -0.68721527 -0.72645378
vn 0 -0.68721527 -0.72645378
vn 0.00075813459 -0.46621108 -0.88467318
vn 0 -0.85020328 -0.52645463
vn 0 -0.9377622 -0.34727785
vn 0 -0.9377622 -0.34727785
vn 0 -0.85020316 -0.52645475
vn -0.95161587 -0.30728543 0.0017081186
vn -0.99254709 -0.12185951 0.0006769459
vn -0.99147034 -0.13032962 0.00081840664
vn -0.95142102 -0.3078877 0.0017903823
vn -0.72725385 -0.68636858 -6.0309821e-07
vn -0.88596284 -0.46375519 0.0010399466
vn -0.88580638 -0.46405441 0.00077976333
vn -0.72725362 -0.68636876 -5.981625e-07
vn 0.34694633 -0.93788493 0
vn 0.5257315 -0.85065055 0
vn 0.52573186 -0.85065031 9.8280339e-08
vn 0.34694624 -0.93788505 -6.698113e-08
vn -0.88596284 -0.46375519 0.0010399466
vn -0.95161587 -0.30728543 0.0017081186
vn -0.95142102 -0.3078877 0.0017903823
vn -0.88580638 -0.46405441 0.00077976333
vn -0.52467287 -0.85130394 -9.309224e-07
vn -0.72725385 -0.68636858 -6.0309821e-07
vn -0.72725362 -0.68636876 -5.981625e-07
vn -0.52467275 -0.85130411 -5.2025149e-07
vn 0 -1 0.00018691835
vn 0 -0.99999994 0.00049585628
vn 0 -0.93788511 0.34694591
vn 0 -0.95456052 0.29801711
vn 0 -0.12121759 0.99262595
vn -5.6524169e-07 -0.30784351 0.95143706
vn -1.1184992e-06 -0.30784354 0.951437
vn -2.0214739e-07 -0.12968776 0.99155486
vn -1.4086038e-06 -0.46657223 0.88448304
vn -8.4953172e-07 -0.68721515 0.7264539
vn -6.3307868e-07 -0.68721521 0.7264539
vn -1.0488236e-06 -0.46657258 0.88448292
vn 0 -0.85065037 0.52573174
vn 0 -0.93788528 0.34694549
vn 0 -0.93788522 0.34694576
vn 0 -0.85065031 0.52573192
vn 8.1449592e-08 -0.99999267 -0.0038286159
vn 4.0110809e-08 -1 3.2757396e-07
vn 1.1238266e-07 -0.93788505 -0.34694621
vn 1.9237068e-07 -0.95456046 -0.29801723
vn -5.6524169e-07 -0.30784351 0.95143706
vn -1.4086038e-06 -0.46657223 0.88448304
vn -1.0488236e-06 -0.46657258 0.88448292
vn -1.1184992e-06 -0.30784354 0.951437
vn -8.4953172e-07 -0.68721515 0.7264539
vn 0 -0.85065037 0.52573174
vn 0 -0.85065031 0.52573192
vn -6.3307868e-07 -0.68721521 0.7264539
vn 0 -0.93788528 0.34694549
vn 0 -1 6.3559128e-07
vn 4.0110809e-08 -1 3.2757396e-07
vn 0 -0.93788522 0.34694576
vn 0.70695096 -0.00021517412 0.70726252
vn 0.71696371 0.0010075247 0.69710976
vn 0.71693617 0.0010081884 0.69713813
vn 0.70695031 -0.00021602772 0.70726323
vn -0.69957095 -0.0280539 0.71401227
vn -0.70369828 -0.011911532 0.71039903
vn -0.70369953 -0.01190639 0.7103979
vn -0.69957095 -0.0280539 0.71401227
vn -0.70815647 -0.0055054282 -0.70603406
vn -0.70714408 0.00095770182 -0.70706892
vn -0.70714372 0.00095523283 -0.70706916
vn -0.70816094 -0.0055153463 -0.70602959
vn -0.71064341 -0.014040762 0.70341235
vn -0.71401918 -0.028077319 0.69956285
vn -0.71401918 -0.028077319 0.69956285
vn -0.71064222 -0.014036348 0.70341349
vn 0.69956052 -0.028085265 -0.71402121
vn 0.70341223 -0.014046693 -0.71064329
vn 0.70341343 -0.014042092 -0.71064222
vn 0.69956052 -0.028085265 -0.71402121
vn -0.70710868 -2.1780129e-06 0.70710486
vn -0.71064341 -0.014040762 0.70341235
vn -0.71064222 -0.014036348 0.70341349
vn -0.70710874 -2.1774399e-06 0.7071048
vn 0.70607769 -0.00098989264 0.70813364
vn 0.70695096 -0.00021517412 0.70726252
vn 0.70695031 -0.00021602772 0.70726323
vn 0.70607758 -0.00099002046 0.70813382
vn 0.70952249 -0.0090960879 -0.70462394
vn 0.71084154 -0.015996858 -0.70317036
vn 0.71084046 -0.015993282 -0.70317131
vn 0.70952618 -0.0091054933 -0.70462012
vn 0.70341223 -0.014046693 -0.71064329
vn 0.70710725 -3.2410776e-06 -0.70710629
vn 0.70710725 -3.2419784e-06 -0.70710635
vn 0.70341343 -0.014042092 -0.71064222
vn -0.70714408 0.00095770182 -0.70706892
vn -0.70699334 0.0023105736 -0.70721638
vn -0.70699275 0.0023079286 -0.7072171
vn -0.70714372 0.00095523283 -0.70706916
vn -0.70369828 -0.011911532 0.71039903
vn -0.70442092 0.013496329 0.70965415
vn -0.70443231 0.013463735 0.70964354
vn -0.70369953 -0.01190639 0.7103979
vn -0.70710844 -1.6732084e-06 0.7071051
vn -0.70710868 -2.1780129e-06 0.70710486
vn -0.70710874 -2.1774399e-06 0.7071048
vn -0.70710844 -1.6732581e-06 0.7071051
vn 0.70839775 0.0013066636 0.70581228
vn 0.70607769 -0.00098989264 0.70813364
vn 0.70607758 -0.00099002046 0.70813382
vn 0.70840061 0.0013091448 0.70580935
vn 0.71403009 -0.012698268 -0.69999975
vn 0.70952249 -0.0090960879 -0.70462394
vn 0.70952618 -0.0091054933 -0.70462012
vn 0.71404123 -0.012692831 -0.6999886
vn 0.70710725 -3.2410776e-06 -0.70710629
vn 0.70710683 -5.2805802e-07 -0.70710665
vn 0.70710689 -5.280823e-07 -0.70710671
vn 0.70710725 -3.2419784e-06 -0.70710635
vn -0.70699334 0.0023105736 -0.70721638
vn -0.70515543 0.0016374328 -0.70905077
vn -0.70515352 0.001639417 -0.70905286
vn -0.70699275 0.0023079286 -0.7072171
vn -0.70442092 0.013496329 0.70965415
vn -0.71584857 0.0072676232 0.69821781
vn -0.71580166 0.0073177335 0.69826525
vn -0.70443231 0.013463735 0.70964354
vn -0.70710886 -1.0682312e-06 0.70710474
vn -0.70710844 -1.6732084e-06 0.7071051
vn -0.70710844 -1.6732581e-06 0.7071051
vn -0.70710886 -1.0689175e-06 0.70710474
vn 0.71231896 0.0012954242 0.70185483
vn 0.70839775 0.0013066636 0.70581228
vn 0.70840061 0.0013091448 0.70580935
vn 0.71193701 0.0016134845 0.70224136
vn 0.71414608 -0.0068316851 -0.69996333
vn 0.71403009 -0.012698268 -0.69999975
vn 0.71404123 -0.012692831 -0.6999886
vn 0.71415925 -0.0068555218 -0.69994962
vn 0.70710683 -5.2805802e-07 -0.70710665
vn 0.70710593 7.2314634e-07 -0.70710772
vn 0.70710588 7.2336815e-07 -0.70710772
vn 0.70710689 -5.280823e-07 -0.70710671
vn -0.71584857 0.0072676232 0.69821781
vn -0.72095114 -0.0029368999 0.69297963
vn -0.72087538 -0.0028937762 0.69305861
vn -0.71580166 0.0073177335 0.69826525
vn -0.70515543 0.0016374328 -0.70905077
vn -0.70185483 0.0012955976 -0.71231884
vn -0.70224088 0.0016136917 -0.71193761
vn -0.70515352 0.001639417 -0.70905286
vn -0.6442464 -0.41218141 -0.6442461
vn -0.69736087 -0.16545224 -0.69736165
vn -0.69736093 -0.16545232 -0.69736171
vn -0.64424646 -0.41218105 -0.64424622
vn -0.56896263 -0.59376961 -0.56896323
vn -0.6442464 -0.41218141 -0.6442461
vn -0.64424646 -0.41218105 -0.64424622
vn -0.56896257 -0.59376967 -0.56896317
vn -0.42859238 -0.79537201 -0.42859298
vn -0.56896263 -0.59376961 -0.56896323
vn -0.56896257 -0.59376967 -0.56896317
vn -0.42859247 -0.79537195 -0.42859301
vn -0.28375393 -0.91595191 -0.28375322
vn -0.42859238 -0.79537201 -0.42859298
vn -0.42859247 -0.79537195 -0.42859301
vn -0.28375405 -0.91595179 -0.28375337
vn -0.18050858 -0.96684885 -0.18060973
vn -0.28375393 -0.91595191 -0.28375322
vn -0.28375405 -0.91595179 -0.28375337
vn -0.18050873 -0.96684885 -0.1806099
vn 0.69735897 -0.16545257 -0.69736356
vn 0.64424533 -0.41218051 -0.64424783
vn 0.64424556 -0.41217968 -0.64424801
vn 0.69735897 -0.16545267 -0.69736356
vn 0.64424533 -0.41218051 -0.64424783
vn 0.56896287 -0.59376866 -0.568964
vn 0.56896269 -0.59376895 -0.56896383
vn 0.64424556 -0.41217968 -0.64424801
vn 0.56896287 -0.59376866 -0.568964
vn 0.42858979 -0.795376 -0.42858812
vn 0.42859662 -0.79536867 -0.42859486
vn 0.56896269 -0.59376895 -0.56896383
vn 0.42858979 -0.795376 -0.42858812
vn 0.28339654 -0.91586673 -0.28438431
vn 0.28337285 -0.91588134 -0.28436109
vn 0.42859662 -0.79536867 -0.42859486
vn 0.28339654 -0.91586673 -0.28438431
vn 0.18009324 -0.96673101 -0.18165237
vn 0.17954621 -0.96693617 -0.18110119
vn 0.28337285 -0.91588134 -0.28436109
vn -0.64424062 -0.41219702 0.64424187
vn -0.69736129 -0.16545303 0.69736111
vn -0.69736129 -0.16545293 0.69736117
vn -0.64424658 -0.41217849 0.64424777
vn -0.57061172 -0.59313393 0.56797403
vn -0.64424062 -0.41219702 0.64424187
vn -0.64424658 -0.41217849 0.64424777
vn -0.57057935 -0.59319782 0.56793988
vn -0.43155196 -0.79459012 0.42707077
vn -0.57061172 -0.59313393 0.56797403
vn -0.57057935 -0.59319782 0.56793988
vn -0.43058997 -0.79562318 0.42611739
vn -0.2801542 -0.91528487 0.28942576
vn -0.43155196 -0.79459012 0.42707077
vn -0.43058997 -0.79562318 0.42611739
vn -0.27972829 -0.91551656 0.28910452
vn -0.16964802 -0.96767563 0.18661065
vn -0.2801542 -0.91528487 0.28942576
vn -0.27972829 -0.91551656 0.28910452
vn -0.17545113 -0.96539903 0.19292895
vn 0.18009324 -0.96673101 -0.18165237
vn 0.12303187 -0.98460555 -0.1241577
vn 0.12303187 -0.98460555 -0.1241577
vn 0.17954621 -0.96693617 -0.18110119
vn -0.11616954 -0.98489785 0.12837744
vn -0.16964802 -0.96767563 0.18661065
vn -0.17545113 -0.96539903 0.19292895
vn -0.11616954 -0.98489785 0.12837744
vn 0.6442011 -0.41227823 0.64422941
vn 0.6973604 -0.16545282 0.69736212
vn 0.6973604 -0.16545281 0.69736207
vn 0.64424282 -0.41214794 0.64427114
vn 0.56113315 -0.59080195 0.5797264
vn 0.6442011 -0.41227823 0.64422941
vn 0.64424282 -0.41214794 0.64427114
vn 0.56175828 -0.58979082 0.58015025
vn 0.4170863 -0.79063189 0.44826347
vn 0.56113315 -0.59080195 0.5797264
vn 0.56175828 -0.58979082 0.58015025
vn 0.41174042 -0.79661638 0.44257447
vn 0.27657342 -0.91651195 0.28898609
vn 0.4170863 -0.79063189 0.44826347
vn 0.41174042 -0.79661638 0.44257447
vn 0.276281 -0.91672075 0.28860343
vn 0.1805162 -0.96684527 0.18062159
vn 0.27657342 -0.91651195 0.28898609
vn 0.276281 -0.91672075 0.28860343
vn 0.18046257 -0.9668653 0.18056805
vn -0.12364805 -0.98456681 -0.12385181
vn -0.18050858 -0.96684885 -0.18060973
vn -0.18050873 -0.96684885 -0.1806099
vn -0.12364805 -0.98456681 -0.12385181
vn 0.12360995 -0.9845776 0.12380484
vn 0.1805162 -0.96684527 0.18062159
vn 0.18046257 -0.9668653 0.18056805
vn 0.12360995 -0.9845776 0.12380484
vn 0.71084154 -0.015996858 -0.70317036
vn 0.71394849 -0.027774367 -0.69964719
vn 0.71394849 -0.027774367 -0.69964719
vn 0.71084046 -0.015993282 -0.70317131
vn 0.70548224 0.0014732925 0.70872617
vn 0.70185566 0.0012954263 0.71231806
vn 0.70224166 0.0016134871 0.71193683
vn 0.70547968 0.0014755289 0.70872855
vn -0.71195149 -0.022073742 -0.70188159
vn -0.70815647 -0.0055054282 -0.70603406
vn -0.70816094 -0.0055153463 -0.70602959
vn -0.71193945 -0.022003938 -0.70189601
vn -0.70872629 0.0014729475 -0.70548201
vn -0.70710552 2.6705666e-07 -0.70710808
vn -0.70710552 2.672289e-07 -0.70710802
vn -0.70872873 0.0014751739 -0.70547962
vn 0.71696371 0.0010075247 0.69710976
vn 0.70470506 -0.0078562675 0.7094568
vn 0.70460969 -0.0078951502 0.70955116
vn 0.71693617 0.0010081884 0.69713813
vn -0.70361924 -0.013138128 -0.71045572
vn -0.701092 -0.027786877 -0.71252912
vn -0.701092 -0.027786877 -0.71252912
vn -0.70361888 -0.013140188 -0.71045595
vn 0.70710421 8.0117178e-07 0.70710933
vn 0.70548224 0.0014732925 0.70872617
vn 0.70547968 0.0014755289 0.70872855
vn 0.70710415 8.0168655e-07 0.70710939
vn 0.71404546 -0.028778821 0.69950759
vn 0.7107721 -0.014812693 0.70326644
vn 0.71076953 -0.014801871 0.70326918
vn 0.71404546 -0.028778821 0.69950759
vn -0.70710552 2.6705666e-07 -0.70710808
vn -0.70718175 0.00014365333 -0.70703179
vn -0.70718181 0.00014365782 -0.70703185
vn -0.70710552 2.672289e-07 -0.70710802
vn -0.71419674 -0.035432231 -0.69904763
vn -0.71195149 -0.022073742 -0.70188159
vn -0.71193945 -0.022003938 -0.70189601
vn -0.71419674 -0.035432231 -0.69904763
vn 0.70470506 -0.0078562675 0.7094568
vn 0.68303078 -0.016547086 0.73020226
vn 0.68303078 -0.016547086 0.73020226
vn 0.70460969 -0.0078951502 0.70955116
vn 0.70718199 -0.00014341544 0.70703161
vn 0.70710421 8.0117178e-07 0.70710933
vn 0.70710415 8.0168655e-07 0.70710939
vn 0.70718205 -0.0001434194 0.70703155
vn -0.70718175 0.00014365333 -0.70703179
vn -0.70662367 0.00089701358 -0.70758897
vn -0.70662349 0.00089721766 -0.70758921
vn -0.70718181 0.00014365782 -0.70703185
vn -0.71100605 0.0026278393 0.70318103
vn -0.7123217 0.0012962354 0.70185196
vn -0.71194047 0.0016145051 0.70223802
vn -0.71100497 0.002628319 0.7031821
vn 0.70872676 0.0014743158 -0.70548153
vn 0.71232295 0.0012965592 -0.70185065
vn 0.71194166 0.0016148995 -0.70223677
vn 0.70872909 0.0014765502 -0.70547915
vn 0.70730048 -0.00056163967 0.70691282
vn 0.70718199 -0.00014341544 0.70703161
vn 0.70718205 -0.0001434194 0.70703155
vn 0.70730048 -0.00056183251 0.70691282
vn 0.70185542 0.0012957592 -0.7123183
vn 0.70775497 0.00032847302 -0.70645785
vn 0.70774925 0.00033239313 -0.70646369
vn 0.7022413 0.0016138932 -0.71193719
vn -0.70662367 0.00089701358 -0.70758897
vn -0.70361924 -0.013138128 -0.71045572
vn -0.70361888 -0.013140188 -0.71045595
vn -0.70662349 0.00089721766 -0.70758921
vn -0.72095114 -0.0029368999 0.69297963
vn -0.71100605 0.0026278393 0.70318103
vn -0.71100497 0.002628319 0.7031821
vn -0.72087538 -0.0028937762 0.69305861
vn 0.7107721 -0.014812693 0.70326644
vn 0.70730048 -0.00056163967 0.70691282
vn 0.70730048 -0.00056183251 0.70691282
vn 0.71076953 -0.014801871 0.70326918
vn 0.70710593 7.2314634e-07 -0.70710772
vn 0.70872676 0.0014743158 -0.70548153
vn 0.70872909 0.0014765502 -0.70547915
vn 0.70710588 7.2336815e-07 -0.70710772
vn 0.70775497 0.00032847302 -0.70645785
vn 0.71414608 -0.0068316851 -0.69996333
vn 0.71415925 -0.0068555218 -0.69994962
vn 0.70774925 0.00033239313 -0.70646369
vn -0.70552796 0.0014625017 0.70868051
vn -0.70710886 -1.0682312e-06 0.70710474
vn -0.70710886 -1.0689175e-06 0.70710474
vn -0.70552069 0.0014692876 0.70868778
vn -0.70550603 0.00010722334 -0.70870388
vn -0.70550603 0.00010722334 -0.70870388
vn -0.70550454 0.00010824086 -0.70870548
vn -0.70550448 0.00010824033 -0.70870543
vn 0.70097351 -0.0081884675 0.71314031
vn 0.70097351 -0.0081884675 0.71314031
vn 0.69955832 -0.0014423556 0.71457404
vn 0.69955814 -0.0014414915 0.71457428
vn 0.70743442 -1.8197694e-05 -0.706779
vn 0.70743442 -1.8197694e-05 -0.706779
vn 0.70743227 -1.8664428e-05 -0.70678121
vn 0.70743227 -1.8664405e-05 -0.70678115
vn -0.00088500313 -0.671058 0.74140429
vn -0.00088419928 -0.67197776 0.74057078
vn -0.00096057652 -0.57058936 0.82123494
vn -0.81381041 -0.5811286 -0.001476071
vn -0.81436092 -0.58035749 -0.0012260935
vn -0.77831799 -0.62786907 -0.0011932054
vn -0.73610526 -0.67686588 -0.001338485
vn 0.0012810543 -0.58021748 -0.81446046
vn -0.00082095322 -0.67818058 -0.73489493
vn -0.0014314073 -0.70471221 -0.70949173
vn 0.81397653 -0.58089668 0.0011856696
vn 0.73510796 -0.67794943 0.0010635516
vn 0.73527014 -0.67777336 0.0010638017
vn -0.0014314073 -0.70471221 -0.70949173
vn -0.00082095322 -0.67818058 -0.73489493
vn -0.0032149572 -0.7771973 -0.62924886
vn -0.0032149572 -0.7771973 -0.62924886
vn 0.69955814 -0.0014414915 0.71457428
vn 0.69955832 -0.0014423556 0.71457404
vn 0.69660795 0.012120964 0.71734959
vn -0.70707977 1.9895313e-05 0.70713377
vn -0.70707977 1.9897114e-05 0.70713383
vn -0.70708513 1.8833067e-05 0.70712852
vn -0.70550448 0.00010824033 -0.70870543
vn -0.70550454 0.00010824086 -0.70870548
vn -0.70550138 0.00011028667 -0.70870847
vn -0.70550138 0.00011028667 -0.70870847
vn 0.70743227 -1.8664405e-05 -0.70678115
vn 0.70743227 -1.8664428e-05 -0.70678121
vn 0.70742798 -1.9602867e-05 -0.70678556
vn -0.00088500313 -0.671058 0.74140429
vn -0.0007796851 -0.77323872 0.63411456
vn -0.00088419928 -0.67197776 0.74057078
vn -0.77831799 -0.62786907 -0.0011932054
vn -0.81436092 -0.58035749 -0.0012260935
vn -0.81556273 -0.57866818 -0.00067906972
vn 0.73510796 -0.67794943 0.0010635516
vn 0.63093406 -0.77583587 0.00090368162
vn 0.73527014 -0.67777336 0.0010638017
vn -0.77831799 -0.62786907 -0.0011932054
vn -0.63332921 -0.77388161 -0.0011558515
vn -0.73610526 -0.67686588 -0.001338485
vn -0.99230611 -0.12363359 0.0065688547
vn -0.99122232 -0.13207202 0.00593478
vn -0.99994648 -0.0073163253 0.0073168804
vn -0.99994648 -0.0073163253 0.0073168804
vn 0.71231896 0.0012954242 0.70185483
vn 0.71193701 0.0016134845 0.70224136
vn 0.71387088 0 0.70027739
vn 0.71387088 0 0.70027739
vn 0 -0.12968782 -0.99155492
vn 0 -0.12121746 -0.99262595
vn 0 0 -1
vn 0 0 -1
vn 0 -0.12121759 0.99262595
vn -2.0214739e-07 -0.12968776 0.99155486
vn 0 0 1
vn 0 0 1
vn 0.70224166 0.0016134871 0.71193683
vn 0.70185566 0.0012954263 0.71231806
vn 0.70028073 0 0.71386766
vn 0.70028073 0 0.71386766
vn -0.99147034 -0.13032962 0.00081840664
vn -0.99254709 -0.12185951 0.0006769459
vn -1 0 0
vn -1 0 0
vn 0.6973604 -0.16545281 0.69736207
vn 0.6973604 -0.16545282 0.69736212
vn 0.7071054 0 0.70710814
vn 0.7071054 0 0.70710814
vn 0.71194166 0.0016148995 -0.70223677
vn 0.71232295 0.0012965592 -0.70185065
vn 0.71387291 0 -0.7002753
vn 0.71387291 0 -0.7002753
vn -0.70224088 0.0016136917 -0.71193761
vn -0.70185483 0.0012955976 -0.71231884
vn -0.70027947 0 -0.71386874
vn -0.70027947 0 -0.71386874
vn 0.99254715 -0.12185917 0.00067694648
vn 0.99147034 -0.13032927 0.0008186092
vn 1 0 0
vn 1 0 0
vn 0.69735897 -0.16545257 -0.69736356
vn 0.69735897 -0.16545267 -0.69736356
vn 0.70710367 0 -0.70710987
vn 0.70710367 0 -0.70710987
vn -0.71194047 0.0016145051 0.70223802
vn -0.7123217 0.0012962354 0.70185196
vn -0.71387154 0 0.70027667
vn -0.71387154 0 0.70027667
vn 0.0008272694 -0.13032471 0.99147105
vn 0.00070209935 -0.12184726 0.99254864
vn 0 0 1
vn 0 0 1
vn -0.69736129 -0.16545293 0.69736117
vn -0.69736129 -0.16545303 0.69736111
vn -0.70710474 0 0.70710886
vn -0.70710474 0 0.70710886
vn 0.99147063 -0.1303283 -0.00082015933
vn 0.99254745 -0.12185682 -0.0006818102
vn 1 0 0
vn 1 0 0
vn -0.69736093 -0.16545232 -0.69736171
vn -0.69736087 -0.16545224 -0.69736165
vn -0.7071057 0 -0.70710778
vn -0.7071057 0 -0.70710778
vn 0.00070244743 -0.1218468 -0.9925487
vn 0.00082770409 -0.1303245 -0.99147099
vn 0 0 -1
vn 0 0 -1
vn 0.70185542 0.0012957592 -0.7123183
vn 0.7022413 0.0016138932 -0.71193719
vn 0.7002809 0 -0.71386743
vn 0.7002809 0 -0.71386743
vn -0.70707715 2.0426456e-05 0.70713645
vn -0.70707715 2.0426456e-05 0.70713645
vn -0.70707977 1.9897114e-05 0.70713383
vn -0.70707977 1.9895313e-05 0.70713377
vn -0.346946 -0.93788505 3.055316e-08
vn -0.52573222 -0.85065007 -2.6447259e-07
vn -0.52573234 -0.85065001 -5.8993407e-07
vn -0.346946 -0.93788511 0
vn -0.72645456 -0.68721461 -7.1138226e-07
vn -0.88468337 -0.46619183 -0.00077675941
vn -0.88483995 -0.46589389 -0.0010405104
vn -0.72645414 -0.68721497 -1.4227617e-06
vn -0.9522205 -0.30541143 -5.5804976e-06
vn -0.99122232 -0.13207202 0.00593478
vn -0.99230611 -0.12363359 0.0065688547
vn -0.95214939 -0.30562723 0.00186143
vn -0.70188498 0.0012866904 0.71228915
vn -0.70552796 0.0014625017 0.70868051
vn -0.70552069 0.0014692876 0.70868778
vn -0.70228434 0.0016080617 0.71189475
vn 0.52573186 -0.85065031 9.8280339e-08
vn 0.7264536 -0.68721551 2.3571104e-07
vn 0.68317032 -0.730259 4.8802093e-07
vn 0.4916456 -0.87079537 5.6562079e-08
vn 0.7264536 -0.68721551 2.3571104e-07
vn 0.88468313 -0.46619213 -0.00077625585
vn 0.87158626 -0.49024197 -0.00037834846
vn 0.68317032 -0.730259 4.8802093e-07
vn -0.70028138 -1.41501e-06 0.71386689
vn -0.70188498 0.0012866904 0.71228915
vn -0.70228434 0.0016080617 0.71189475
vn -0.70028138 -1.41501e-06 0.71386689
vn -0.52573222 -0.85065007 -2.6447259e-07
vn -0.72645456 -0.68721461 -7.1138226e-07
vn -0.72645414 -0.68721497 -1.4227617e-06
vn -0.52573234 -0.85065001 -5.8993407e-07
vn -0.88468337 -0.46619183 -0.00077675941
vn -0.9522205 -0.30541143 -5.5804976e-06
vn -0.95214939 -0.30562723 0.00186143
vn -0.88483995 -0.46589389 -0.0010405104
vn 0.34694624 -0.93788505 -6.698113e-08
vn 0.52573186 -0.85065031 9.8280339e-08
vn 0.4916456 -0.87079537 5.6562079e-08
vn 0.29801685 -0.95456058 -1.393143e-07
vn 6.8937214e-07 -1 -3.7324838e-08
vn 0.34694624 -0.93788505 -6.698113e-08
vn 0.29801685 -0.95456058 -1.393143e-07
vn 1.3430515e-07 -1 -7.4649634e-08
vn 6.8937214e-07 -1 -3.7324838e-08
vn -0.346946 -0.93788505 3.055316e-08
vn -0.346946 -0.93788511 0
vn 1.1147297e-06 -1 0
vn 0.88468313 -0.46619213 -0.00077625585
vn 0.95142043 -0.30788973 -0.0017904511
vn 0.94724405 -0.32050839 -0.0016988084
vn 0.87158626 -0.49024197 -0.00037834846
vn 0.95142043 -0.30788973 -0.0017904511
vn 0.99147063 -0.1303283 -0.00082015933
vn 0.94724405 -0.32050839 -0.0016988084
vn 0 -0.68721527 -0.72645378
vn 0 -0.85020316 -0.52645475
vn 0 -0.87020516 -0.49268955
vn 0 -0.73025882 -0.68317044
vn 0.00082770409 -0.1303245 -0.99147099
vn 0.00178904 -0.30790278 -0.95141613
vn 0.0016552865 -0.32052907 -0.94723725
vn 0 -0.85020316 -0.52645475
vn 0 -0.9377622 -0.34727785
vn 0 -0.95466077 -0.29769585
vn 0 -0.87020516 -0.49268955
vn 0 -0.93788511 0.34694591
vn 0 -0.99999994 0.00049585628
vn 0 -0.99999994 0.00049553363
vn 0 -0.93788522 0.34694576
vn 0 -0.85065007 0.5257324
vn 0 -0.93788511 0.34694591
vn 0 -0.93788522 0.34694576
vn 0 -0.85065013 0.52573228
vn 0.00075856491 -0.46621108 0.88467324
vn 3.8891181e-07 -0.68721533 0.72645372
vn 7.7782312e-07 -0.68721539 0.72645372
vn 0.0010399284 -0.46591559 0.88482857
vn 0.0008272694 -0.13032471 0.99147105
vn 0.0017884683 -0.30790272 0.95141613
vn 0.0017322829 -0.30730206 0.95161045
vn 0.00070209935 -0.12184726 0.99254864
vn -0.71231991 0.0012955881 -0.70185381
vn -0.70872629 0.0014729475 -0.70548201
vn -0.70872873 0.0014751739 -0.70547962
vn -0.71193868 0.0016136892 -0.70223981
vn 0.00178904 -0.30790278 -0.95141613
vn 0.00075813459 -0.46621108 -0.88467318
vn 0.00035135352 -0.49025351 -0.87157977
vn 0.0016552865 -0.32052907 -0.94723725
vn 0.00075813459 -0.46621108 -0.88467318
vn 0 -0.68721527 -0.72645378
vn 0 -0.73025882 -0.68317044
vn 0.00035135352 -0.49025351 -0.87157977
vn 0 -0.9377622 -0.34727785
vn 0 -0.99999994 0.00049585628
vn 0 -1 0.00018691835
vn 0 -0.95466077 -0.29769585
vn 3.8891181e-07 -0.68721533 0.72645372
vn 0 -0.85065007 0.5257324
vn 0 -0.85065013 0.52573228
vn 7.7782312e-07 -0.68721539 0.72645372
vn 0.0017884683 -0.30790272 0.95141613
vn 0.00075856491 -0.46621108 0.88467324
vn 0.0010399284 -0.46591559 0.88482857
vn 0.0017322829 -0.30730206 0.95161045
vn -0.71386945 0 -0.70027876
vn -0.71231991 0.0012955881 -0.70185381
vn -0.71193868 0.0016136892 -0.70223981
vn -0.71386945 0 -0.70027876
vn -0.72725362 -0.68636876 -5.981625e-07
vn -0.88580638 -0.46405441 0.00077976333
vn -0.8730635 -0.4876065 0.00038266677
vn -0.6830129 -0.73040634 -5.0346796e-07
vn -0.88580638 -0.46405441 0.00077976333
vn -0.95142102 -0.3078877 0.0017903823
vn -0.94724548 -0.32050449 0.0017066278
vn -0.8730635 -0.4876065 0.00038266677
vn -0.34694669 -0.93788493 -1.007696e-07
vn -0.52467275 -0.85130411 -5.2025149e-07
vn -0.49109778 -0.87110436 -8.1527016e-09
vn -0.29801834 -0.9545601 1.3902329e-07
vn 0.52573204 -0.85065025 9.7828504e-08
vn 0.72645366 -0.68721545 5.488879e-07
vn 0.72645378 -0.68721533 0
vn 0.52573228 -0.85065013 0
vn 0.8846854 -0.46618783 0.00078113977
vn 0.95142108 -0.30788749 0.0017916493
vn 0.95161587 -0.30728549 0.0017070174
vn 0.88484257 -0.46588904 0.0010390901
vn 0.346946 -0.93788511 -5.4711325e-08
vn 0.52573204 -0.85065025 9.7828504e-08
vn 0.52573228 -0.85065013 0
vn 0.34694585 -0.93788511 0
vn -5.8669968e-07 -1 1.2417661e-08
vn -0.34694669 -0.93788493 -1.007696e-07
vn -0.29801834 -0.9545601 1.3902329e-07
vn -5.0844136e-07 -1 2.4835312e-08
vn -0.95142102 -0.3078877 0.0017903823
vn -0.99147034 -0.13032962 0.00081840664
vn -0.94724548 -0.32050449 0.0017066278
vn -0.52467275 -0.85130411 -5.2025149e-07
vn -0.72725362 -0.68636876 -5.981625e-07
vn -0.6830129 -0.73040634 -5.0346796e-07
vn -0.49109778 -0.87110436 -8.1527016e-09
vn -5.8669968e-07 -1 1.2417661e-08
vn 0.346946 -0.93788511 -5.4711325e-08
vn 0.34694585 -0.93788511 0
vn -5.3780803e-07 -1 0
vn 0.72645366 -0.68721545 5.488879e-07
vn 0.8846854 -0.46618783 0.00078113977
vn 0.88484257 -0.46588904 0.0010390901
vn 0.72645378 -0.68721533 0
vn 0.95142108 -0.30788749 0.0017916493
vn 0.99147034 -0.13032927 0.0008186092
vn 0.99254715 -0.12185917 0.00067694648
vn 0.95161587 -0.30728549 0.0017070174
vn -1.0488236e-06 -0.46657258 0.88448292
vn -6.3307868e-07 -0.68721521 0.7264539
vn -2.6744712e-07 -0.73025864 0.68317086
vn -7.2463956e-07 -0.49030167 0.87155282
vn 2.4312652e-07 -0.68721527 -0.72645372
vn 1.075471e-07 -0.85065001 -0.52573228
vn 0 -0.85065001 -0.52573234
vn 0 -0.68721533 -0.72645372
vn 0 -0.30784377 -0.951437
vn 2.0640751e-07 -0.46657228 -0.8844831
vn 0 -0.46657231 -0.88448304
vn 0 -0.30784348 -0.951437
vn 1.1238266e-07 -0.93788505 -0.34694621
vn 4.0110809e-08 -1 3.2757396e-07
vn 0 -1 6.3559128e-07
vn 0 -0.93788505 -0.34694612
vn -6.3307868e-07 -0.68721521 0.7264539
vn 0 -0.85065031 0.52573192
vn 0 -0.87059873 0.49199387
vn -2.6744712e-07 -0.73025864 0.68317086
vn -2.0214739e-07 -0.12968776 0.99155486
vn -1.1184992e-06 -0.30784354 0.951437
vn -1.4722254e-06 -0.31993631 0.94743901
vn 0 -0.85065031 0.52573192
vn 0 -0.93788522 0.34694576
vn 0 -0.9543156 0.2988005
vn 0 -0.87059873 0.49199387
vn -1.1184992e-06 -0.30784354 0.951437
vn -1.0488236e-06 -0.46657258 0.88448292
vn -7.2463956e-07 -0.49030167 0.87155282
vn -1.4722254e-06 -0.31993631 0.94743901
vn 0 -0.93788522 0.34694576
vn 4.0110809e-08 -1 3.2757396e-07
vn 8.1449592e-08 -0.99999267 -0.0038286159
vn 0 -0.9543156 0.2988005
vn 2.0640751e-07 -0.46657228 -0.8844831
vn 2.4312652e-07 -0.68721527 -0.72645372
vn 0 -0.68721533 -0.72645372
vn 0 -0.46657231 -0.88448304
vn 0 -0.12968782 -0.99155492
vn 0 -0.30784377 -0.951437
vn 0 -0.30784348 -0.951437
vn 0 -0.12121746 -0.99262595
vn 1.075471e-07 -0.85065001 -0.52573228
vn 1.1238266e-07 -0.93788505 -0.34694621
vn 0 -0.93788505 -0.34694612
vn 0 -0.85065001 -0.52573234
vn 0 -0.93776232 -0.34727791
vn 0 -0.99999988 0.00049488846
vn -2.0298911e-08 -0.99999994 0.0004955777
vn 1.2408675e-07 -0.9377622 -0.34727785
vn -0.29801789 -0.95456028 -1.1520911e-07
vn -0.49164483 -0.87079579 -2.6912033e-07
vn -0.52573222 -0.85065007 -4.6953306e-07
vn -0.34694657 -0.93788481 -2.5303973e-07
vn -0.49164483 -0.87079579 -2.6912033e-07
vn -0.68317062 -0.73025882 -7.4106975e-07
vn -0.72645462 -0.68721455 -7.4036546e-07
vn -0.52573222 -0.85065007 -4.6953306e-07
vn -0.68317062 -0.73025882 -7.4106975e-07
vn -0.87158662 -0.49024132 -0.0003793496
vn -0.88468391 -0.4661909 -0.0007771923
vn -0.72645462 -0.68721455 -7.4036546e-07
vn -0.87158662 -0.49024132 -0.0003793496
vn -0.94819331 -0.31768945 -0.0016705217
vn -0.95222056 -0.30541101 -7.3271021e-06
vn -0.88468391 -0.4661909 -0.0007771923
vn -0.94819331 -0.31768945 -0.0016705217
vn -0.99122214 -0.13207361 0.0059350766
vn -0.95222056 -0.30541101 -7.3271021e-06
vn -9.5932322e-08 -1 2.01787e-08
vn 0.29801682 -0.95456058 -1.0871935e-07
vn 0.34694606 -0.93788505 -5.1637794e-08
vn -7.6270959e-07 -1 1.0089363e-08
vn 3.4912154e-07 -0.87079561 -0.49164522
vn 1.2137136e-07 -0.85065031 -0.52573192
vn 0 -0.68721557 -0.72645342
vn 0 -0.73025918 -0.6831702
vn 0 -0.73025918 -0.6831702
vn 0 -0.68721557 -0.72645342
vn 0 -0.46657145 -0.88448346
vn 0 -0.49030089 -0.87155324
vn 0 -0.49030089 -0.87155324
vn 0 -0.46657145 -0.88448346
vn 0 -0.30784407 -0.95143682
vn 0 -0.31993634 -0.94743901
vn 0 -0.31993634 -0.94743901
vn 0 -0.30784407 -0.95143682
vn 0 -0.12968883 -0.9915548
vn -0.34694654 -0.93788499 0
vn -0.52467281 -0.85130405 0
vn -0.52467293 -0.85130394 -1.9792886e-08
vn -0.34694648 -0.93788499 6.1484791e-08
vn 6.8448293e-07 -1 -6.8853666e-08
vn 0.34694687 -0.93788481 2.0230787e-07
vn 0.34694642 -0.93788499 -4.7986706e-08
vn -9.7783293e-09 -1 -1.5495506e-07
vn -1.8878063e-07 -0.95456034 0.29801765
vn -1.4346179e-07 -0.93788505 0.3469463
vn -1.2340854e-07 -0.85065007 0.52573222
vn -3.5698159e-07 -0.8711561 0.49100611
vn -3.5698159e-07 -0.8711561 0.49100611
vn -1.2340854e-07 -0.85065007 0.52573222
vn 0 -0.68721515 0.7264539
vn 0 -0.72913754 0.68436718
vn 0 -0.72913754 0.68436718
vn 0 -0.68721515 0.7264539
vn 0.00075817987 -0.46621048 0.88467354
vn 0.00035529773 -0.48959622 0.87194926
vn 0.00035529773 -0.48959622 0.87194926
vn 0.00075817987 -0.46621048 0.88467354
vn 0.0017889957 -0.30790269 0.95141613
vn 0.0016560013 -0.32052901 0.94723725
vn 0.0016560013 -0.32052901 0.94723725
vn 0.0017889957 -0.30790269 0.95141613
vn 0.00082753738 -0.13032478 0.99147093
vn -8.9217167e-07 -1 -2.4105634e-07
vn -0.29801789 -0.95456028 -1.1520911e-07
vn -0.34694657 -0.93788481 -2.5303973e-07
vn -9.7783293e-09 -1 -1.5495506e-07
vn 0.49164554 -0.87079543 7.8067814e-08
vn 0.68316978 -0.73025948 7.5475077e-07
vn 0.72645366 -0.68721539 8.8048711e-07
vn 0.52573204 -0.85065025 3.2985602e-07
vn 0.68316978 -0.73025948 7.5475077e-07
vn 0.87158823 -0.49023855 0.0003854612
vn 0.88468564 -0.46618751 0.00078096468
vn 0.72645366 -0.68721539 8.8048711e-07
vn 0.87158823 -0.49023855 0.0003854612
vn 0.94724554 -0.32050416 0.0017086051
vn 0.9514212 -0.30788708 0.0017906516
vn 0.88468564 -0.46618751 0.00078096468
vn 0.94724554 -0.32050416 0.0017086051
vn 0.99147046 -0.13032895 0.00081840769
vn 0.9514212 -0.30788708 0.0017906516
vn 0.29801682 -0.95456058 -1.0871935e-07
vn 0.49164554 -0.87079543 7.8067814e-08
vn 0.52573204 -0.85065025 3.2985602e-07
vn 0.34694606 -0.93788505 -5.1637794e-08
vn 0.88484025 -0.46589342 -0.0010401037
vn 0.95161486 -0.30728856 -0.0017124856
vn 0.95142001 -0.30789083 -0.0017905843
vn 0.88468331 -0.46619183 -0.0007765927
vn 0.52573282 -0.85064977 1.2366876e-07
vn 0.7264542 -0.68721479 -4.1332626e-07
vn 0.72645396 -0.68721509 -5.7699751e-08
vn 0.52573246 -0.85064995 4.3771184e-08
vn 0.95161486 -0.30728856 -0.0017124856
vn 0.99254739 -0.12185745 -0.00068180921
vn 0.9914704 -0.13032913 -0.00082015817
vn 0.95142001 -0.30789083 -0.0017905843
vn 0.7264542 -0.68721479 -4.1332626e-07
vn 0.88484025 -0.46589342 -0.0010401037
vn 0.88468331 -0.46619183 -0.0007765927
vn 0.72645396 -0.68721509 -5.7699751e-08
vn 4.1284011e-07 -0.95456034 -0.29801798
vn 2.1839519e-07 -0.93788487 -0.34694651
vn 1.2137136e-07 -0.85065031 -0.52573192
vn 3.4912154e-07 -0.87079561 -0.49164522
vn 0.0017335758 -0.30730197 -0.95161051
vn 0.0010399313 -0.4659152 -0.88482881
vn 0.00075841608 -0.46621069 -0.88467342
vn 0.0017894007 -0.30790249 -0.95141631
vn 0 -0.68721503 -0.72645402
vn 0 -0.85020339 -0.52645427
vn 1.238184e-07 -0.85020328 -0.52645457
vn 0 -0.68721515 -0.72645396
vn -1.2222912e-06 -1 0
vn -0.34694654 -0.93788499 0
vn -0.34694648 -0.93788499 6.1484791e-08
vn -7.6270959e-07 -1 1.0089363e-08
vn 0.00070262345 -0.12184737 -0.99254858
vn 0.0017335758 -0.30730197 -0.95161051
vn 0.0017894007 -0.30790249 -0.95141631
vn 0.00082787074 -0.13032503 -0.99147093
vn 0.0010399313 -0.4659152 -0.88482881
vn 0 -0.68721503 -0.72645402
vn 0 -0.68721515 -0.72645396
vn 0.00075841608 -0.46621069 -0.88467342
vn 0 -0.85020339 -0.52645427
vn 0 -0.93776232 -0.34727791
vn 1.2408675e-07 -0.9377622 -0.34727785
vn 1.238184e-07 -0.85020328 -0.52645457
vn -0.95161581 -0.30728564 0.0017050949
vn -0.99254715 -0.12185962 0.00067585538
vn -0.9914704 -0.13032973 0.00081739144
vn -0.9514209 -0.30788773 0.0017894133
vn -0.72725397 -0.68636841 0
vn -0.88596272 -0.46375534 0.0010379971
vn -0.8858065 -0.46405408 0.0007795557
vn -0.72725397 -0.68636847 -4.3078529e-08
vn 0.34694687 -0.93788481 2.0230787e-07
vn 0.52573282 -0.85064977 1.2366876e-07
vn 0.52573246 -0.85064995 4.3771184e-08
vn 0.34694642 -0.93788499 -4.7986706e-08
vn -0.88596272 -0.46375534 0.0010379971
vn -0.95161581 -0.30728564 0.0017050949
vn -0.9514209 -0.30788773 0.0017894133
vn -0.8858065 -0.46405408 0.0007795557
vn -0.52467281 -0.85130405 0
vn -0.72725397 -0.68636841 0
vn -0.72725397 -0.68636847 -4.3078529e-08
vn -0.52467293 -0.85130394 -1.9792886e-08
vn -4.0547508e-08 -1 0.000187043
vn -2.0298911e-08 -0.99999994 0.0004955777
vn -1.4346179e-07 -0.93788505 0.3469463
vn -1.8878063e-07 -0.95456034 0.29801765
vn 0 -0.12121718 0.99262601
vn 0 -0.30784297 0.95143723
vn 0 -0.30784306 0.95143706
vn 0 -0.12968735 0.99155486
vn 0 -0.46657133 0.88448352
vn 0 -0.68721473 0.72645432
vn 1.7214633e-07 -0.68721485 0.72645426
vn 0 -0.46657139 0.88448352
vn 0 -0.85065043 0.52573162
vn 0 -0.93788499 0.34694657
vn -1.22709e-07 -0.93788487 0.34694654
vn 4.7892716e-08 -0.85065037 0.5257318
vn 2.0137865e-07 -0.99999261 -0.0038291409
vn 9.9171245e-08 -1 2.1512328e-07
vn 2.1839519e-07 -0.93788487 -0.34694651
vn 4.1284011e-07 -0.95456034 -0.29801798
vn 0 -0.30784297 0.95143723
vn 0 -0.46657133 0.88448352
vn 0 -0.46657139 0.88448352
vn 0 -0.30784306 0.95143706
vn 0 -0.68721473 0.72645432
vn 0 -0.85065043 0.52573162
vn 4.7892716e-08 -0.85065037 0.5257318
vn 1.7214633e-07 -0.68721485 0.72645426
vn 0 -0.93788499 0.34694657
vn 0 -1 7.8226651e-07
vn 9.9171245e-08 -1 2.1512328e-07
vn -1.22709e-07 -0.93788487 0.34694654
vn 0.7069512 -0.00021493528 0.70726246
vn 0.71696478 0.0010058227 0.69710869
vn 0.71693724 0.0010064945 0.69713706
vn 0.70695037 -0.00021578965 0.70726311
vn -0.69956893 -0.028053591 0.71401429
vn -0.70369923 -0.01191072 0.71039826
vn -0.70370048 -0.011905637 0.71039706
vn -0.69956893 -0.028053591 0.71401429
vn -0.70815891 -0.0055056945 -0.70603174
vn -0.70714402 0.00095993263 -0.70706892
vn -0.70714372 0.00095748727 -0.70706922
vn -0.7081632 -0.0055156411 -0.70602715
vn -0.71064216 -0.014036016 0.70341361
vn -0.7140196 -0.028072959 0.69956255
vn -0.7140196 -0.028072959 0.69956255
vn -0.71064115 -0.014031681 0.7034148
vn 0.69956052 -0.028084468 -0.71402121
vn 0.70341223 -0.014045838 -0.71064329
vn 0.70341343 -0.014041145 -0.71064222
vn 0.69956052 -0.028084468 -0.71402121
vn -0.70710558 3.9314496e-06 0.7071079
vn -0.71064216 -0.014036016 0.70341361
vn -0.71064115 -0.014031681 0.7034148
vn -0.70710564 3.9315014e-06 0.70710784
vn 0.70607597 -0.00098962244 0.70813537
vn 0.7069512 -0.00021493528 0.70726246
vn 0.70695037 -0.00021578965 0.70726311
vn 0.70607597 -0.00098975492 0.70813537
vn 0.70952666 -0.0090955356 -0.70461988
vn 0.71084261 -0.015995787 -0.70316911
vn 0.71084177 -0.015992306 -0.70317024
vn 0.70953023 -0.0091048907 -0.70461613
vn 0.70341223 -0.014045838 -0.71064329
vn 0.70710742 -2.0192094e-06 -0.70710611
vn 0.70710737 -2.020196e-06 -0.70710617
vn 0.70341343 -0.014041145 -0.71064222
vn -0.70714402 0.00095993263 -0.70706892
vn -0.70699102 0.0023118288 -0.70721877
vn -0.70699024 0.0023091917 -0.70721948
vn -0.70714372 0.00095748727 -0.70706922
vn -0.70369923 -0.01191072 0.71039826
vn -0.70442301 0.013496752 0.70965207
vn -0.70443445 0.013464116 0.7096414
vn -0.70370048 -0.011905637 0.71039706
vn -0.70710629 2.6683717e-06 0.70710731
vn -0.70710558 3.9314496e-06 0.7071079
vn -0.70710564 3.9315014e-06 0.70710784
vn -0.70710623 2.668402e-06 0.70710725
vn 0.70839643 0.0013063876 0.70581347
vn 0.70607597 -0.00098962244 0.70813537
vn 0.70607597 -0.00098975492 0.70813537
vn 0.70839942 0.0013088634 0.70581055
vn 0.71403491 -0.012699593 -0.6999948
vn 0.70952666 -0.0090955356 -0.70461988
vn 0.70953023 -0.0091048907 -0.70461613
vn 0.71404594 -0.01269416 -0.69998372
vn 0.70710742 -2.0192094e-06 -0.70710611
vn 0.70710737 1.5122532e-06 -0.70710617
vn 0.70710737 1.5122184e-06 -0.70710617
vn 0.70710737 -2.020196e-06 -0.70710617
vn -0.70699102 0.0023118288 -0.70721877
vn -0.70515382 0.0016371709 -0.70905244
vn -0.70515192 0.0016391514 -0.70905435
vn -0.70699024 0.0023091917 -0.70721948
vn -0.70442301 0.013496752 0.70965207
vn -0.71584785 0.0072681461 0.69821852
vn -0.71580094 0.007318275 0.69826597
vn -0.70443445 0.013464116 0.7096414
vn -0.70710886 -3.1209802e-07 0.70710474
vn -0.70710629 2.6683717e-06 0.70710731
vn -0.70710623 2.668402e-06 0.70710725
vn -0.70710886 -3.1328096e-07 0.70710474
vn 0.71231687 0.0012949443 0.70185697
vn 0.70839643 0.0013063876 0.70581347
vn 0.70839942 0.0013088634 0.70581055
vn 0.7119354 0.0016128864 0.70224321
vn 0.71414953 -0.0068338881 -0.6999597
vn 0.71403491 -0.012699593 -0.6999948
vn 0.71404594 -0.01269416 -0.69998372
vn 0.71416277 -0.0068577346 -0.69994605
vn 0.70710737 1.5122532e-06 -0.70710617
vn 0.70710522 4.4402285e-07 -0.70710832
vn 0.70710522 4.423554e-07 -0.70710838
vn 0.70710737 1.5122184e-06 -0.70710617
vn -0.71584785 0.0072681461 0.69821852
vn -0.7209512 -0.0029350587 0.69297963
vn -0.72087562 -0.0028919622 0.69305843
vn -0.71580094 0.007318275 0.69826597
vn -0.70515382 0.0016371709 -0.70905244
vn -0.70185161 0.0012955992 -0.71232206
vn -0.70223802 0.0016136941 -0.71194041
vn -0.70515192 0.0016391514 -0.70905435
vn -0.64424521 -0.41217998 -0.64424813
vn -0.69735974 -0.16545203 -0.6973629
vn -0.69735974 -0.16545211 -0.6973629
vn -0.64424527 -0.41218016 -0.64424819
vn -0.56896222 -0.59376842 -0.5689649
vn -0.64424521 -0.41217998 -0.64424813
vn -0.64424527 -0.41218016 -0.64424819
vn -0.56896222 -0.59376866 -0.56896484
vn -0.42859197 -0.79537183 -0.42859375
vn -0.56896222 -0.59376842 -0.5689649
vn -0.56896222 -0.59376866 -0.56896484
vn -0.42859179 -0.79537201 -0.42859361
vn -0.28375286 -0.91595197 -0.28375405
vn -0.42859197 -0.79537183 -0.42859375
vn -0.42859179 -0.79537201 -0.42859361
vn -0.28375277 -0.91595203 -0.28375393
vn -0.1805063 -0.96684933 -0.18060988
vn -0.28375286 -0.91595197 -0.28375405
vn -0.28375277 -0.91595203 -0.28375393
vn -0.18050626 -0.96684933 -0.18060982
vn 0.69735867 -0.16545308 -0.69736373
vn 0.64424515 -0.41218054 -0.64424801
vn 0.64424521 -0.4121803 -0.64424813
vn 0.69735867 -0.16545308 -0.69736373
vn 0.64424515 -0.41218054 -0.64424801
vn 0.5689646 -0.59376848 -0.56896251
vn 0.56896466 -0.59376842 -0.56896257
vn 0.64424521 -0.4121803 -0.64424813
vn 0.5689646 -0.59376848 -0.56896251
vn 0.42859116 -0.79537624 -0.42858639
vn 0.4285982 -0.79536861 -0.42859346
vn 0.56896466 -0.59376842 -0.56896257
vn 0.42859116 -0.79537624 -0.42858639
vn 0.28339773 -0.91586667 -0.28438377
vn 0.2833741 -0.9158811 -0.28436062
vn 0.4285982 -0.79536861 -0.42859346
vn 0.28339773 -0.91586667 -0.28438377
vn 0.1800947 -0.96673095 -0.18165159
vn 0.17954768 -0.96693605 -0.18110043
vn 0.2833741 -0.9158811 -0.28436062
vn -0.64423978 -0.41219646 0.64424318
vn -0.69736224 -0.16545199 0.6973604
vn -0.69736224 -0.16545214 0.6973604
vn -0.64424574 -0.41217777 0.64424914
vn -0.57061219 -0.59313411 0.56797332
vn -0.64423978 -0.41219646 0.64424318
vn -0.64424574 -0.41217777 0.64424914
vn -0.57057971 -0.59319794 0.5679391
vn -0.43155429 -0.79458976 0.42706925
vn -0.57061219 -0.59313411 0.56797332
vn -0.57057971 -0.59319794 0.5679391
vn -0.43059236 -0.79562259 0.42611593
vn -0.28015563 -0.9152844 0.28942585
vn -0.43155429 -0.79458976 0.42706925
vn -0.43059236 -0.79562259 0.42611593
vn -0.27972984 -0.91551614 0.28910467
vn -0.16964947 -0.96767539 0.18661039
vn -0.28015563 -0.9152844 0.28942585
vn -0.27972984 -0.91551614 0.28910467
vn -0.1754526 -0.96539873 0.19292901
vn 0.1800947 -0.96673095 -0.18165159
vn 0.12303218 -0.98460573 -0.12415598
vn 0.12303218 -0.98460573 -0.12415598
vn 0.17954768 -0.96693605 -0.18110043
vn -0.11617231 -0.98489773 0.12837611
vn -0.16964947 -0.96767539 0.18661039
vn -0.1754526 -0.96539873 0.19292901
vn -0.11617231 -0.98489773 0.12837611
vn 0.64420086 -0.41227823 0.64422983
vn 0.69735849 -0.16545309 0.69736379
vn 0.69735855 -0.16545318 0.69736391
vn 0.64424253 -0.41214788 0.64427143
vn 0.56113428 -0.59080178 0.57972544
vn 0.64420086 -0.41227823 0.64422983
vn 0.64424253 -0.41214788 0.64427143
vn 0.56175953 -0.58979058 0.58014935
vn 0.41708618 -0.79063249 0.44826263
vn 0.56113428 -0.59080178 0.57972544
vn 0.56175953 -0.58979058 0.58014935
vn 0.41174036 -0.79661679 0.44257388
vn 0.27657294 -0.91651201 0.28898647
vn 0.41708618 -0.79063249 0.44826263
vn 0.41174036 -0.79661679 0.44257388
vn 0.27628022 -0.91672099 0.28860351
vn 0.18051518 -0.96684551 0.18062134
vn 0.27657294 -0.91651201 0.28898647
vn 0.27628022 -0.91672099 0.28860351
vn 0.18046153 -0.96686548 0.18056779
vn -0.12364453 -0.9845674 -0.12385067
vn -0.1805063 -0.96684933 -0.18060988
vn -0.18050626 -0.96684933 -0.18060982
vn -0.12364453 -0.9845674 -0.12385067
vn 0.12360742 -0.98457801 0.1238035
vn 0.18051518 -0.96684551 0.18062134
vn 0.18046153 -0.96686548 0.18056779
vn 0.12360742 -0.98457801 0.1238035
vn 0.71084261 -0.015995787 -0.70316911
vn 0.71394879 -0.027773848 -0.69964689
vn 0.71394879 -0.027773848 -0.69964689
vn 0.71084177 -0.015992306 -0.70317024
vn 0.70548421 0.0014714294 0.70872414
vn 0.70185542 0.0012954263 0.71231824
vn 0.70224166 0.0016134899 0.71193689
vn 0.70548171 0.0014736596 0.70872664
vn -0.71195227 -0.022074573 -0.70188075
vn -0.70815891 -0.0055056945 -0.70603174
vn -0.7081632 -0.0055156411 -0.70602715
vn -0.71194023 -0.022004683 -0.7018953
vn -0.7087245 0.0014713987 -0.70548373
vn -0.70710516 7.5612536e-07 -0.70710844
vn -0.70710516 7.5563833e-07 -0.7071085
vn -0.708727 0.0014736374 -0.70548135
vn 0.71696478 0.0010058227 0.69710869
vn 0.70470583 -0.007859881 0.70945603
vn 0.70461059 -0.0078987032 0.7095502
vn 0.71693724 0.0010064945 0.69713706
vn -0.70361924 -0.013137995 -0.71045572
vn -0.70109117 -0.027785122 -0.71253014
vn -0.70109117 -0.027785122 -0.71253014
vn -0.70361888 -0.013140089 -0.71045601
vn 0.70710653 -1.8243538e-06 0.70710695
vn 0.70548421 0.0014714294 0.70872414
vn 0.70548171 0.0014736596 0.70872664
vn 0.70710659 -1.8245553e-06 0.70710701
vn 0.71404588 -0.028781626 0.699507
vn 0.7107718 -0.014813796 0.70326662
vn 0.7107693 -0.01480306 0.70326942
vn 0.71404588 -0.028781626 0.699507
vn -0.70710516 7.5612536e-07 -0.70710844
vn -0.70718259 0.00014417003 -0.70703089
vn -0.70718259 0.00014417422 -0.70703089
vn -0.70710516 7.5563833e-07 -0.7071085
vn -0.71419621 -0.035431806 -0.69904816
vn -0.71195227 -0.022074573 -0.70188075
vn -0.71194023 -0.022004683 -0.7018953
vn -0.71419621 -0.035431806 -0.69904816
vn 0.70470583 -0.007859881 0.70945603
vn 0.68303162 -0.016550375 0.73020118
vn 0.68303162 -0.016550375 0.73020118
vn 0.70461059 -0.0078987032 0.7095502
vn 0.70718336 -0.00014512727 0.70703018
vn 0.70710653 -1.8243538e-06 0.70710695
vn 0.70710659 -1.8245553e-06 0.70710701
vn 0.70718336 -0.00014513102 0.70703024
vn -0.70718259 0.00014417003 -0.70703089
vn -0.70662457 0.0008960109 -0.70758808
vn -0.70662439 0.00089621701 -0.70758843
vn -0.70718259 0.00014417422 -0.70703089
vn -0.71100581 0.0026278023 0.70318133
vn -0.71231979 0.0012952656 0.70185387
vn -0.71193838 0.0016132981 0.70223999
vn -0.71100479 0.0026282778 0.70318228
vn 0.70872331 0.0014710602 -0.70548505
vn 0.71231973 0.0012951107 -0.70185399
vn 0.71193814 0.0016130953 -0.70224035
vn 0.70872575 0.0014733092 -0.70548248
vn 0.70730054 -0.00056234282 0.70691264
vn 0.70718336 -0.00014512727 0.70703018
vn 0.70718336 -0.00014513102 0.70703024
vn 0.70730066 -0.00056253403 0.70691264
vn 0.70185733 0.0012949486 -0.71231639
vn 0.70775831 0.00032648028 -0.70645463
vn 0.70775247 0.00033040845 -0.70646048
vn 0.70224345 0.0016128829 -0.71193498
vn -0.70662457 0.0008960109 -0.70758808
vn -0.70361924 -0.013137995 -0.71045572
vn -0.70361888 -0.013140089 -0.71045601
vn -0.70662439 0.00089621701 -0.70758843
vn -0.7209512 -0.0029350587 0.69297963
vn -0.71100581 0.0026278023 0.70318133
vn -0.71100479 0.0026282778 0.70318228
vn -0.72087562 -0.0028919622 0.69305843
vn 0.7107718 -0.014813796 0.70326662
vn 0.70730054 -0.00056234282 0.70691264
vn 0.70730066 -0.00056253403 0.70691264
vn 0.7107693 -0.01480306 0.70326942
vn 0.70710522 4.4402285e-07 -0.70710832
vn 0.70872331 0.0014710602 -0.70548505
vn 0.70872575 0.0014733092 -0.70548248
vn 0.70710522 4.423554e-07 -0.70710838
vn 0.70775831 0.00032648028 -0.70645463
vn 0.71414953 -0.0068338881 -0.6999597
vn 0.71416277 -0.0068577346 -0.69994605
vn 0.70775247 0.00033040845 -0.70646048
vn -0.70553011 0.0014606359 0.70867848
vn -0.70710886 -3.1209802e-07 0.70710474
vn -0.70710886 -3.1328096e-07 0.70710474
vn -0.70552278 0.0014674144 0.70868576
vn -0.7055046 0.0001013331 -0.70870537
vn -0.7055046 0.0001013331 -0.70870537
vn -0.70550519 0.00010491858 -0.70870471
vn -0.70550525 0.00010491665 -0.70870477
vn 0.70097244 -0.0081819892 0.71314138
vn 0.70097244 -0.0081819892 0.71314138
vn 0.69955832 -0.0014361411 0.7145741
vn 0.69955808 -0.0014352764 0.71457422
vn 0.70743203 -1.6503227e-05 -0.70678133
vn 0.70743203 -1.6503227e-05 -0.70678133
vn 0.70743144 -1.6949241e-05 -0.70678204
vn 0.70743138 -1.6949216e-05 -0.70678204
vn -0.00090358418 -0.6710605 0.74140197
vn -0.00090271974 -0.67197877 0.74056983
vn -0.00098541484 -0.57059246 0.82123268
vn -0.81381929 -0.58111608 -0.0014784838
vn -0.81452435 -0.58012736 -0.0015167489
vn -0.77847952 -0.62766838 -0.0014459367
vn -0.73611283 -0.67685759 -0.0013356557
vn 0.001282717 -0.5802179 -0.81446028
vn -0.00080981106 -0.67818147 -0.73489392
vn -0.0014183385 -0.70474786 -0.70945638
vn 0.81397736 -0.58089548 0.0011792651
vn 0.73510748 -0.67794985 0.001055429
vn 0.73526967 -0.67777383 0.0010556823
vn -0.0014183385 -0.70474786 -0.70945638
vn -0.00080981106 -0.67818147 -0.73489392
vn -0.0031931696 -0.77719891 -0.62924683
vn -0.0031931696 -0.77719891 -0.62924683
vn 0.69955808 -0.0014352764 0.71457422
vn 0.69955832 -0.0014361411 0.7145741
vn 0.69661033 0.012126568 0.71734732
vn -0.70707488 1.8226643e-05 0.70713872
vn -0.70707482 1.824527e-05 0.70713866
vn -0.70707148 7.2283656e-06 0.707142
vn -0.70550525 0.00010491665 -0.70870477
vn -0.70550519 0.00010491858 -0.70870471
vn -0.70550644 0.0001121274 -0.70870346
vn -0.70550644 0.0001121274 -0.70870346
vn 0.70743138 -1.6949216e-05 -0.70678204
vn 0.70743144 -1.6949241e-05 -0.70678204
vn 0.70743012 -1.784601e-05 -0.70678341
vn -0.00090358418 -0.6710605 0.74140197
vn -0.00079066737 -0.77323973 0.63411331
vn -0.00090271974 -0.67197877 0.74056983
vn -0.77847952 -0.62766838 -0.0014459367
vn -0.81452435 -0.58012736 -0.0015167489
vn -0.81606346 -0.57796013 -0.0016004984
vn 0.73510748 -0.67794985 0.001055429
vn 0.63093174 -0.7758379 0.00089375151
vn 0.73526967 -0.67777383 0.0010556823
vn -0.77847952 -0.62766838 -0.0014459367
vn -0.63333344 -0.77387822 -0.0011470668
vn -0.73611283 -0.67685759 -0.0013356557
vn -0.99230593 -0.12363527 0.0065696114
vn -0.99122214 -0.13207361 0.0059350766
vn -0.99994642 -0.0073175132 0.007317652
vn -0.99994642 -0.0073175132 0.007317652
vn 0.71231687 0.0012949443 0.70185697
vn 0.7119354 0.0016128864 0.70224321
vn 0.71386737 0 0.7002809
vn 0.71386737 0 0.7002809
vn 0 -0.12968883 -0.9915548
vn 0 -0.12121843 -0.99262589
vn 0 0 -1
vn 0 0 -1
vn 0 -0.12121718 0.99262601
vn 0 -0.12968735 0.99155486
vn 0 0 1
vn 0 0 1
vn 0.70224166 0.0016134899 0.71193689
vn 0.70185542 0.0012954263 0.71231824
vn 0.70027971 0 0.7138685
vn 0.70027971 0 0.7138685
vn -0.9914704 -0.13032973 0.00081739144
vn -0.99254715 -0.12185962 0.00067585538
vn -1 0 0
vn -1 0 0
vn 0.69735855 -0.16545318 0.69736391
vn 0.69735849 -0.16545309 0.69736379
vn 0.70710319 0 0.70711046
vn 0.70710319 0 0.70711046
vn 0.71193814 0.0016130953 -0.70224035
vn 0.71231973 0.0012951107 -0.70185399
vn 0.71387082 0 -0.70027745
vn 0.71387082 0 -0.70027745
vn -0.70223802 0.0016136941 -0.71194041
vn -0.70185161 0.0012955992 -0.71232206
vn -0.70027459 0 -0.71387362
vn -0.70027459 0 -0.71387362
vn 0.99254721 -0.12185892 0.00067694759
vn 0.99147046 -0.13032895 0.00081840769
vn 1 0 0
vn 1 0 0
vn 0.69735867 -0.16545308 -0.69736373
vn 0.69735867 -0.16545308 -0.69736373
vn 0.70710427 0 -0.70710945
vn 0.70710427 0 -0.70710945
vn -0.71193838 0.0016132981 0.70223999
vn -0.71231979 0.0012952656 0.70185387
vn -0.71387017 0 0.70027804
vn -0.71387017 0 0.70027804
vn 0.00082753738 -0.13032478 0.99147093
vn 0.00070227456 -0.12184735 0.99254858
vn 0 0 1
vn 0 0 1
vn -0.69736224 -0.16545214 0.6973604
vn -0.69736224 -0.16545199 0.6973604
vn -0.70710778 0 0.70710576
vn -0.70710778 0 0.70710576
vn 0.9914704 -0.13032913 -0.00082015817
vn 0.99254739 -0.12185745 -0.00068180921
vn 1 0 0
vn 1 0 0
vn -0.69735974 -0.16545211 -0.6973629
vn -0.69735974 -0.16545203 -0.6973629
vn -0.70710498 0 -0.7071085
vn -0.70710498 0 -0.7071085
vn 0.00070262345 -0.12184737 -0.99254858
vn 0.00082787074 -0.13032503 -0.99147093
vn 0 0 -1
vn 0 0 -1
vn 0.70185733 0.0012949486 -0.71231639
vn 0.70224345 0.0016128829 -0.71193498
vn 0.70028162 0 -0.71386671
vn 0.70028162 0 -0.71386671
vn -0.70707661 2.372597e-05 0.70713705
vn -0.70707661 2.372597e-05 0.70713705
vn -0.70707482 1.824527e-05 0.70713866
vn -0.70707488 1.8226643e-05 0.70713872
vn -0.34694657 -0.93788481 -2.5303973e-07
vn -0.52573222 -0.85065007 -4.6953306e-07
vn -0.52573287 -0.85064971 -5.4230429e-07
vn -0.34694654 -0.93788487 -3.9341563e-07
vn -0.72645462 -0.68721455 -7.4036546e-07
vn -0.88468391 -0.4661909 -0.0007771923
vn -0.88484097 -0.46589205 -0.0010401047
vn -0.72645479 -0.68721414 -7.1138163e-07
vn -0.95222056 -0.30541101 -7.3271021e-06
vn -0.99122214 -0.13207361 0.0059350766
vn -0.99230593 -0.12363527 0.0065696114
vn -0.95214939 -0.30562735 0.0018617983
vn -0.70188719 0.0012850475 0.71228695
vn -0.70553011 0.0014606359 0.70867848
vn -0.70552278 0.0014674144 0.70868576
vn -0.70228666 0.0016060108 0.71189243
vn 0.52573246 -0.85064995 4.3771184e-08
vn 0.72645396 -0.68721509 -5.7699751e-08
vn 0.68317044 -0.73025894 2.5304925e-07
vn 0.49164549 -0.87079549 -1.2733796e-07
vn 0.72645396 -0.68721509 -5.7699751e-08
vn 0.88468331 -0.46619183 -0.0007765927
vn 0.87158638 -0.49024177 -0.00037814002
vn 0.68317044 -0.73025894 2.5304925e-07
vn -0.70028287 -1.4149987e-06 0.7138654
vn -0.70188719 0.0012850475 0.71228695
vn -0.70228666 0.0016060108 0.71189243
vn -0.70028287 -1.4149987e-06 0.7138654
vn -0.52573222 -0.85065007 -4.6953306e-07
vn -0.72645462 -0.68721455 -7.4036546e-07
vn -0.72645479 -0.68721414 -7.1138163e-07
vn -0.52573287 -0.85064971 -5.4230429e-07
vn -0.88468391 -0.4661909 -0.0007771923
vn -0.95222056 -0.30541101 -7.3271021e-06
vn -0.95214939 -0.30562735 0.0018617983
vn -0.88484097 -0.46589205 -0.0010401047
vn 0.34694642 -0.93788499 -4.7986706e-08
vn 0.52573246 -0.85064995 4.3771184e-08
vn 0.49164549 -0.87079549 -1.2733796e-07
vn 0.29801697 -0.95456052 -3.232351e-07
vn -9.7783293e-09 -1 -1.5495506e-07
vn 0.34694642 -0.93788499 -4.7986706e-08
vn 0.29801697 -0.95456052 -3.232351e-07
vn -8.9217167e-07 -1 -2.4105634e-07
vn -9.7783293e-09 -1 -1.5495506e-07
vn -0.34694657 -0.93788481 -2.5303973e-07
vn -0.34694654 -0.93788487 -3.9341563e-07
vn 6.8448293e-07 -1 -6.8853666e-08
vn 0.88468331 -0.46619183 -0.0007765927
vn 0.95142001 -0.30789083 -0.0017905843
vn 0.94724387 -0.32050928 -0.0016984741
vn 0.87158638 -0.49024177 -0.00037814002
vn 0.95142001 -0.30789083 -0.0017905843
vn 0.9914704 -0.13032913 -0.00082015817
vn 0.94724387 -0.32050928 -0.0016984741
vn 0 -0.68721515 -0.72645396
vn 1.238184e-07 -0.85020328 -0.52645457
vn 3.5623862e-07 -0.8702054 -0.49268916
vn 0 -0.73025864 -0.6831708
vn 0.00082787074 -0.13032503 -0.99147093
vn 0.0017894007 -0.30790249 -0.95141631
vn 0.0016556366 -0.3205283 -0.94723749
vn 1.238184e-07 -0.85020328 -0.52645457
vn 1.2408675e-07 -0.9377622 -0.34727785
vn 1.3089893e-07 -0.95466065 -0.29769614
vn 3.5623862e-07 -0.8702054 -0.49268916
vn -1.4346179e-07 -0.93788505 0.3469463
vn -2.0298911e-08 -0.99999994 0.0004955777
vn 0 -0.99999988 0.00049488846
vn 0 -0.93788505 0.34694624
vn -1.2340854e-07 -0.85065007 0.52573222
vn -1.4346179e-07 -0.93788505 0.3469463
vn 0 -0.93788505 0.34694624
vn 0 -0.85064995 0.52573258
vn 0.00075817987 -0.46621048 0.88467354
vn 0 -0.68721515 0.7264539
vn 0 -0.68721515 0.72645396
vn 0.0010391556 -0.4659152 0.88482881
vn 0.00082753738 -0.13032478 0.99147093
vn 0.0017889957 -0.30790269 0.95141613
vn 0.0017324581 -0.30730197 0.95161051
vn 0.00070227456 -0.12184735 0.99254858
vn -0.71231759 0.0012944664 -0.70185614
vn -0.7087245 0.0014713987 -0.70548373
vn -0.708727 0.0014736374 -0.70548135
vn -0.71193653 0.0016122933 -0.70224208
vn 0.0017894007 -0.30790249 -0.95141631
vn 0.00075841608 -0.46621069 -0.88467342
vn 0.00035157634 -0.49025357 -0.87157977
vn 0.0016556366 -0.3205283 -0.94723749
vn 0.00075841608 -0.46621069 -0.88467342
vn 0 -0.68721515 -0.72645396
vn 0 -0.73025864 -0.6831708
vn 0.00035157634 -0.49025357 -0.87157977
vn 1.2408675e-07 -0.9377622 -0.34727785
vn -2.0298911e-08 -0.99999994 0.0004955777
vn -4.0547508e-08 -1 0.000187043
vn 1.3089893e-07 -0.95466065 -0.29769614
vn 0 -0.68721515 0.7264539
vn -1.2340854e-07 -0.85065007 0.52573222
vn 0 -0.85064995 0.52573258
vn 0 -0.68721515 0.72645396
vn 0.0017889957 -0.30790269 0.95141613
vn 0.00075817987 -0.46621048 0.88467354
vn 0.0010391556 -0.4659152 0.88482881
vn 0.0017324581 -0.30730197 0.95161051
vn -0.71386677 0 -0.70028156
vn -0.71231759 0.0012944664 -0.70185614
vn -0.71193653 0.0016122933 -0.70224208
vn -0.71386677 0 -0.70028156
vn -0.72725397 -0.68636847 -4.3078529e-08
vn -0.8858065 -0.46405408 0.0007795557
vn -0.87306386 -0.48760569 0.0003840162
vn -0.6830132 -0.73040599 -1.1669656e-07
vn -0.8858065 -0.46405408 0.0007795557
vn -0.9514209 -0.30788773 0.0017894133
vn -0.94724566 -0.32050404 0.001707944
vn -0.87306386 -0.48760569 0.0003840162
vn -0.34694648 -0.93788499 6.1484791e-08
vn -0.52467293 -0.85130394 -1.9792886e-08
vn -0.49109766 -0.87110454 1.7781632e-08
vn -0.2980172 -0.95456058 1.3765784e-07
vn 0.52573204 -0.85065025 3.2985602e-07
vn 0.72645366 -0.68721539 8.8048711e-07
vn 0.72645408 -0.68721509 8.7284985e-07
vn 0.5257324 -0.85065001 4.4884814e-07
vn 0.88468564 -0.46618751 0.00078096468
vn 0.9514212 -0.30788708 0.0017906516
vn 0.95161599 -0.30728519 0.0017070189
vn 0.88484263 -0.46588883 0.0010395062
vn 0.34694606 -0.93788505 -5.1637794e-08
vn 0.52573204 -0.85065025 3.2985602e-07
vn 0.5257324 -0.85065001 4.4884814e-07
vn 0.34694591 -0.93788511 0
vn -7.6270959e-07 -1 1.0089363e-08
vn -0.34694648 -0.93788499 6.1484791e-08
vn -0.2980172 -0.95456058 1.3765784e-07
vn -9.5932322e-08 -1 2.01787e-08
vn -0.9514209 -0.30788773 0.0017894133
vn -0.9914704 -0.13032973 0.00081739144
vn -0.94724566 -0.32050404 0.001707944
vn -0.52467293 -0.85130394 -1.9792886e-08
vn -0.72725397 -0.68636847 -4.3078529e-08
vn -0.6830132 -0.73040599 -1.1669656e-07
vn -0.49109766 -0.87110454 1.7781632e-08
vn -7.6270959e-07 -1 1.0089363e-08
vn 0.34694606 -0.93788505 -5.1637794e-08
vn 0.34694591 -0.93788511 0
vn -1.2222912e-06 -1 0
vn 0.72645366 -0.68721539 8.8048711e-07
vn 0.88468564 -0.46618751 0.00078096468
vn 0.88484263 -0.46588883 0.0010395062
vn 0.72645408 -0.68721509 8.7284985e-07
vn 0.9514212 -0.30788708 0.0017906516
vn 0.99147046 -0.13032895 0.00081840769
vn 0.99254721 -0.12185892 0.00067694759
vn 0.95161599 -0.30728519 0.0017070189
vn 0 -0.46657139 0.88448352
vn 1.7214633e-07 -0.68721485 0.72645426
vn 4.6628895e-07 -0.73025882 0.68317056
vn 0 -0.49030036 0.87155348
vn 0 -0.68721557 -0.72645342
vn 1.2137136e-07 -0.85065031 -0.52573192
vn 0 -0.85065025 -0.5257321
vn 0 -0.68721563 -0.72645342
vn 0 -0.30784407 -0.95143682
vn 0 -0.46657145 -0.88448346
vn 0 -0.46657169 -0.8844834
vn 0 -0.30784342 -0.95143706
vn 2.1839519e-07 -0.93788487 -0.34694651
vn 9.9171245e-08 -1 2.1512328e-07
vn 0 -1 7.8226651e-07
vn 0 -0.93788499 -0.34694648
vn 1.7214633e-07 -0.68721485 0.72645426
vn 4.7892716e-08 -0.85065037 0.5257318
vn -1.5881328e-07 -0.87059867 0.4919939
vn 4.6628895e-07 -0.73025882 0.68317056
vn 0 -0.12968735 0.99155486
vn 0 -0.30784306 0.95143706
vn 0 -0.31993532 0.94743943
vn 4.7892716e-08 -0.85065037 0.5257318
vn -1.22709e-07 -0.93788487 0.34694654
vn -1.314033e-07 -0.95431548 0.29880092
vn -1.5881328e-07 -0.87059867 0.4919939
vn 0 -0.30784306 0.95143706
vn 0 -0.46657139 0.88448352
vn 0 -0.49030036 0.87155348
vn 0 -0.31993532 0.94743943
vn -1.22709e-07 -0.93788487 0.34694654
vn 9.9171245e-08 -1 2.1512328e-07
vn 2.0137865e-07 -0.99999261 -0.0038291409
vn -1.314033e-07 -0.95431548 0.29880092
vn 0 -0.46657145 -0.88448346
vn 0 -0.68721557 -0.72645342
vn 0 -0.68721563 -0.72645342
vn 0 -0.46657169 -0.8844834
vn 0 -0.12968883 -0.9915548
vn 0 -0.30784407 -0.95143682
vn 0 -0.30784342 -0.95143706
vn 0 -0.12121843 -0.99262589
vn 1.2137136e-07 -0.85065031 -0.52573192
vn 2.1839519e-07 -0.93788487 -0.34694651
vn 0 -0.93788499 -0.34694648
vn 0 -0.85065025 -0.5257321
vn -2.5699771e-07 6.3852673e-07 -1
vn 0 -8.6935884e-08 -1
vn -4.6879589e-07 1.0453058e-06 -1
vn 1 1.9370828e-08 8.7815785e-08
vn 1 5.4476482e-07 -1.0418017e-07
vn 1 1.0571573e-07 -2.6712348e-07
vn 0.99999994 -8.2579831e-08 2.5730916e-08
vn 1 -3.3039916e-07 -3.1655015e-11
vn 1 1.8010269e-07 3.5079634e-07
vn 1 0 0
vn 1 0 0
vn 1 0 2.5723185e-10
vn -1.8144091e-07 1.9437171e-06 1
vn -2.8374492e-07 -7.3330744e-07 1
vn -1.6348648e-07 -1.9983488e-06 1
vn 0 -2.9953571e-07 1
vn 0 -1.1131272e-06 1
vn 0 -5.933403e-07 1
vn -5.2730922e-08 -4.5226045e-09 1
vn 1.6039947e-07 -5.3183243e-07 1
vn 7.0816476e-08 -1.3126913e-06 1
vn -1 2.0393151e-07 2.7802483e-07
vn -1 0 0
vn -1 7.2853447e-07 5.9060818e-07
vn -1 -1.7871211e-07 -2.2773175e-07
vn -1 -7.2895074e-07 -3.9066057e-07
vn -1 -2.9081207e-08 -5.7116569e-07
vn -1 0 0
vn -1 0 0
vn -0.99999994 0 0
vn 0 1.0294308e-07 -1
vn 0 8.011412e-07 -1
vn 0 3.036651e-07 -1
vn 0 -2.4710243e-06 -1
vn 0 9.153116e-07 -1
vn 0 -6.7021676e-07 -1
vn 0 0 -1
vn 0 5.4608699e-06 -1
vn 0 -2.2252902e-06 -1
vn 0 5.4608699e-06 -1
vn -4.6879589e-07 1.0453058e-06 -1
vn 0 -2.2252902e-06 -1
vn -4.6879589e-07 1.0453058e-06 -1
vn -4.7684493e-06 -3.9737179e-06 -1
vn -6.1256765e-07 3.6568849e-08 -1
vn -6.1256765e-07 3.6568849e-08 -1
vn -2.9010909e-07 -4.6611237e-07 -1
vn -2.9555324e-07 5.8694661e-07 -1
vn -2.9010909e-07 -4.6611237e-07 -1
vn 0 0 -1
vn -2.646828e-07 -4.8936238e-07 -1
vn -2.9555324e-07 5.8694661e-07 -1
vn -2.9010909e-07 -4.6611237e-07 -1
vn -2.646828e-07 -4.8936238e-07 -1
vn -2.646828e-07 -4.8936238e-07 -1
vn -2.5100238e-07 1.0981363e-06 -1
vn -2.9555324e-07 5.8694661e-07 -1
vn -2.5100238e-07 1.0981363e-06 -1
vn 0 0 -1
vn -2.9555324e-07 5.8694661e-07 -1
vn -2.9555324e-07 5.8694661e-07 -1
vn -2.5699771e-07 6.3852673e-07 -1
vn -6.1256765e-07 3.6568849e-08 -1
vn -2.5699771e-07 6.3852673e-07 -1
vn 0 7.7852819e-06 -1
vn 0 -8.6935884e-08 -1
vn 0 -8.6935884e-08 -1
vn 0 -2.2252902e-06 -1
vn -4.6879589e-07 1.0453058e-06 -1
vn -2.5699771e-07 6.3852673e-07 -1
vn -4.6879589e-07 1.0453058e-06 -1
vn -6.1256765e-07 3.6568849e-08 -1
vn 1 0 0
vn 1 -3.3039916e-07 5.1178694e-07
vn 1 1.9370828e-08 8.7815785e-08
vn 1 -3.3039916e-07 5.1178694e-07
vn 0.99999994 -2.452289e-07 6.4051272e-07
vn 1 5.4476482e-07 -1.0418017e-07
vn 1 1.9370828e-08 8.7815785e-08
vn 1 -3.3039916e-07 5.1178694e-07
vn 1 5.4476482e-07 -1.0418017e-07
vn 0.99999994 -2.452289e-07 6.4051272e-07
vn 1 2.3842058e-06 0
vn 1 1.292007e-06 0
vn 1 1.292007e-06 0
vn 1 5.4476482e-07 -1.0418017e-07
vn 0.99999994 -2.452289e-07 6.4051272e-07
vn 1 5.4476482e-07 -1.0418017e-07
vn 1 -1.5894901e-06 -3.9737101e-06
vn 1 1.0571573e-07 -2.6712348e-07
vn 1 1.0571573e-07 -2.6712348e-07
vn 1 0 -3.1284492e-07
vn 1 1.9370828e-08 8.7815785e-08
vn 1 0 -3.1284492e-07
vn 1 0 -1.1921118e-05
vn 1 0 -1.2465406e-06
vn 1 0 -1.2465406e-06
vn 0.99999994 0 2.4930948e-06
vn 1 0 6.2571144e-07
vn 0.99999994 0 2.4930948e-06
vn 1 0 2.3842165e-05
vn 1 0 6.2571144e-07
vn 1 0 6.2571144e-07
vn 1 1.9370828e-08 8.7815785e-08
vn 1 0 -3.1284492e-07
vn 1 0 -1.2465406e-06
vn 1 0 6.2571144e-07
vn 1 0 -3.1284492e-07
vn 1 2.3892712e-06 1.4874742e-06
vn 0.99999994 1.2851826e-06 1.4869969e-06
vn 0.99999994 -2.4523365e-07 2.0868376e-07
vn 0.99999994 1.2851826e-06 1.4869969e-06
vn 1 1.8010269e-07 3.5079634e-07
vn 0.99999994 -2.4523365e-07 2.0868376e-07
vn 1 1.8010269e-07 3.5079634e-07
vn 1 0 0
vn 1 -4.6623575e-07 4.3883696e-07
vn 1 -4.6623575e-07 4.3883696e-07
vn 0.99999994 1.5720755e-07 3.3132689e-08
vn 1 -3.0653908e-08 -5.5583865e-07
vn 0.99999994 1.5720755e-07 3.3132689e-08
vn 1 0 -2.3842236e-05
vn 1 6.5626284e-07 -1.9252818e-06
vn 1 -3.0653908e-08 -5.5583865e-07
vn 0.99999994 1.5720755e-07 3.3132689e-08
vn 1 6.5626284e-07 -1.9252818e-06
vn 1 6.5626284e-07 -1.9252818e-06
vn 1 -2.0916909e-08 -2.5066893e-06
vn 1 -3.0653908e-08 -5.5583865e-07
vn 1 -2.0916909e-08 -2.5066893e-06
vn 1 0 -2.3842094e-05
vn 1 -3.0653908e-08 -5.5583865e-07
vn 1 -3.0653908e-08 -5.5583865e-07
vn 0.99999994 -8.2579831e-08 2.5730916e-08
vn 1 -4.6623575e-07 4.3883696e-07
vn 0.99999994 -8.2579831e-08 2.5730916e-08
vn 1 0 0
vn 1 -3.3039916e-07 -3.1655015e-11
vn 1 -3.3039916e-07 -3.1655015e-11
vn 0.99999994 -2.4523365e-07 2.0868376e-07
vn 1 1.8010269e-07 3.5079634e-07
vn 0.99999994 -8.2579831e-08 2.5730916e-08
vn 1 1.8010269e-07 3.5079634e-07
vn 1 -4.6623575e-07 4.3883696e-07
vn 1 0 1.4420712e-10
vn 0.99999994 0 0
vn 1 0 2.5723185e-10
vn 0.99999994 0 0
vn 1 0 0
vn 1 0 0
vn 1 0 2.5723185e-10
vn 0.99999994 0 0
vn 1 0 0
vn 1 0 0
vn 1 0 3.1657493e-07
vn 1 0 0
vn 1 0 3.1657493e-07
vn 1 0 1.1920976e-05
vn 1 8.831892e-08 1.2801e-06
vn 1 8.831892e-08 1.2801e-06
vn 1 6.90256e-07 2.0916858e-07
vn 0.99999994 3.9929216e-07 1.2099767e-07
vn 1 6.90256e-07 2.0916858e-07
vn 0.99999994 0 0
vn 0.99999994 3.9929216e-07 1.2099767e-07
vn 0.99999994 3.9929216e-07 1.2099767e-07
vn 1 0 0
vn 1 0 3.1657493e-07
vn 1 8.831892e-08 1.2801e-06
vn 0.99999994 3.9929216e-07 1.2099767e-07
vn 1 0 3.1657493e-07
vn 1 0 0
vn 1 0 0
vn 1 0 2.5723185e-10
vn 1 0 2.5723185e-10
vn 1 0 2.3383742e-09
vn 1 0 1.4420712e-10
vn 1 0 2.3383742e-09
vn 1 0 0
vn 1 0 1.4420712e-10
vn 0 1.1895787e-05 1
vn 2.5992023e-12 -9.9079498e-06 0.99999994
vn -2.5620636e-07 2.8869481e-06 1
vn 2.5992023e-12 -9.9079498e-06 0.99999994
vn -1.6348648e-07 -1.9983488e-06 1
vn -2.5620636e-07 2.8869481e-06 1
vn -1.6348648e-07 -1.9983488e-06 1
vn 0 -7.9474203e-06 1
vn -1.4588315e-07 -5.3325499e-07 1
vn -1.4588315e-07 -5.3325499e-07 1
vn -1.450545e-07 -6.4538597e-07 1
vn -1.4777653e-07 8.0185322e-07 1
vn -1.450545e-07 -6.4538597e-07 1
vn 0 0 1
vn -1.3234136e-07 -8.8550786e-07 1
vn -1.4777653e-07 8.0185322e-07 1
vn -1.450545e-07 -6.4538597e-07 1
vn -1.3234136e-07 -8.8550786e-07 1
vn -1.3234136e-07 -8.8550786e-07 1
vn -1.2550113e-07 -1.0458439e-07 1
vn -1.4777653e-07 8.0185322e-07 1
vn -1.2550113e-07 -1.0458439e-07 1
vn 0 0 1
vn -1.4777653e-07 8.0185322e-07 1
vn -1.4777653e-07 8.0185322e-07 1
vn -1.8144091e-07 1.9437171e-06 1
vn -1.4588315e-07 -5.3325499e-07 1
vn -1.8144091e-07 1.9437171e-06 1
vn 0 7.9473721e-06 0.99999994
vn -2.8374492e-07 -7.3330744e-07 1
vn -2.8374492e-07 -7.3330744e-07 1
vn -2.5620636e-07 2.8869481e-06 1
vn -1.6348648e-07 -1.9983488e-06 1
vn -1.8144091e-07 1.9437171e-06 1
vn -1.6348648e-07 -1.9983488e-06 1
vn -1.4588315e-07 -5.3325499e-07 1
vn 0 0 1
vn 0 -5.4608745e-06 1
vn 0 2.2252862e-06 1
vn 0 -5.4608745e-06 1
vn 0 -5.933403e-07 1
vn 0 2.2252862e-06 1
vn 0 -5.933403e-07 1
vn 0 -7.9473721e-06 0.99999994
vn 0 -3.8271554e-07 1
vn 0 -3.8271554e-07 1
vn 0 -3.5854799e-07 1
vn 0 -3.3964196e-07 1
vn 0 -3.5854799e-07 1
vn 0 0 1
vn 0 -5.51423e-07 1
vn 0 -3.3964196e-07 1
vn 0 -3.5854799e-07 1
vn 0 -5.51423e-07 1
vn 0 -5.51423e-07 1
vn 0 -5.2292211e-07 1
vn 0 -3.3964196e-07 1
vn 0 -5.2292211e-07 1
vn 0 0 1
vn 0 -3.3964196e-07 1
vn 0 -3.3964196e-07 1
vn 0 -2.9953571e-07 1
vn 0 -3.8271554e-07 1
vn 0 -2.9953571e-07 1
vn 0 0 1
vn 0 -1.1131272e-06 1
vn 0 -1.1131272e-06 1
vn 0 2.2252862e-06 1
vn 0 -5.933403e-07 1
vn 0 -2.9953571e-07 1
vn 0 -5.933403e-07 1
vn 0 -3.8271554e-07 1
vn -2.5620588e-07 0 1
vn -2.8374478e-07 7.9030269e-07 1
vn 7.0816476e-08 -1.3126913e-06 1
vn -2.8374478e-07 7.9030269e-07 1
vn 0 0 1
vn -5.2730922e-08 -4.5226045e-09 1
vn 7.0816476e-08 -1.3126913e-06 1
vn -2.8374478e-07 7.9030269e-07 1
vn -5.2730922e-08 -4.5226045e-09 1
vn -5.2730922e-08 -4.5226045e-09 1
vn 0 1.1473521e-06 1
vn 1.6039947e-07 -5.3183243e-07 1
vn 0 1.1473521e-06 1
vn 0 0 1
vn 0 1.5236823e-06 1
vn 0 1.5236823e-06 1
vn 0 -2.0916852e-07 1
vn 0 -2.1258524e-09 1
vn 0 -2.0916852e-07 1
vn 0 0 1
vn 0 -2.1258524e-09 1
vn 0 -2.1258524e-09 1
vn 1.6039947e-07 -5.3183243e-07 1
vn 0 1.1473521e-06 1
vn 0 1.5236823e-06 1
vn 0 -2.1258524e-09 1
vn 0 1.1473521e-06 1
vn 1.6039947e-07 -5.3183243e-07 1
vn 2.3842124e-06 0 1
vn 7.0816476e-08 -1.3126913e-06 1
vn 7.0816476e-08 -1.3126913e-06 1
vn 0 0 1
vn -2.5620588e-07 0 1
vn 0 0 1
vn 0 0 1
vn -2.5620588e-07 0 1
vn -1 0 -4.6514056e-10
vn -1 0 -3.8862521e-11
vn -0.99999994 0 -3.8984618e-11
vn -1 0 -3.8862521e-11
vn -1 7.2853447e-07 5.9060818e-07
vn -0.99999994 0 -3.8984618e-11
vn -1 7.2853447e-07 5.9060818e-07
vn -1 -3.1789245e-06 3.9736783e-06
vn -1 5.5527444e-08 6.198801e-07
vn -1 5.5527444e-08 6.198801e-07
vn -1 -7.5886341e-08 -5.5150466e-08
vn -1 6.113941e-08 -2.4376229e-07
vn -1 -7.5886341e-08 -5.5150466e-08
vn -1 0 -1.1921012e-05
vn -1 -3.340865e-08 -1.0060133e-06
vn -1 6.113941e-08 -2.4376229e-07
vn -1 -7.5886341e-08 -5.5150466e-08
vn -1 -3.340865e-08 -1.0060133e-06
vn -1 -3.340865e-08 -1.0060133e-06
vn -1 4.1833694e-08 -2.0883463e-06
vn -1 6.113941e-08 -2.4376229e-07
vn -1 4.1833694e-08 -2.0883463e-06
vn -1 0 -2.3842094e-05
vn -1 6.113941e-08 -2.4376229e-07
vn -1 6.113941e-08 -2.4376229e-07
vn -1 2.0393151e-07 2.7802483e-07
vn -1 5.5527444e-08 6.198801e-07
vn -1 2.0393151e-07 2.7802483e-07
vn -1 0 0
vn -1 0 0
vn -1 0 0
vn -0.99999994 0 -3.8984618e-11
vn -1 7.2853447e-07 5.9060818e-07
vn -1 2.0393151e-07 2.7802483e-07
vn -1 7.2853447e-07 5.9060818e-07
vn -1 5.5527444e-08 6.198801e-07
vn -1 0 0
vn -0.99999994 0 3.1654991e-11
vn -1 -1.7871211e-07 -2.2773175e-07
vn -0.99999994 0 3.1654991e-11
vn -1 0 0
vn -1 -7.2895074e-07 -3.9066057e-07
vn -1 -1.7871211e-07 -2.2773175e-07
vn -0.99999994 0 3.1654991e-11
vn -1 -7.2895074e-07 -3.9066057e-07
vn -1 0 0
vn -1 0 0
vn -1 0 0
vn -1 0 0
vn -1 -7.2895074e-07 -3.9066057e-07
vn -1 0 0
vn -1 -7.2895074e-07 -3.9066057e-07
vn -1 3.1789903e-06 -3.9737415e-06
vn -1 -2.9081207e-08 -5.7116569e-07
vn -1 -2.9081207e-08 -5.7116569e-07
vn -0.99999994 6.8774654e-08 3.6757577e-08
vn -1 -1.7871211e-07 -2.2773175e-07
vn -0.99999994 6.8774654e-08 3.6757577e-08
vn -1 0 1.1921118e-05
vn -1 3.3192503e-08 1.0003246e-06
vn -1 3.3192503e-08 1.0003246e-06
vn -1 -4.1629313e-08 -4.162915e-07
vn -1 -6.8589671e-08 -3.743227e-07
vn -1 -4.1629313e-08 -4.162915e-07
vn -1 0 0
vn -1 -6.8589671e-08 -3.743227e-07
vn -1 -6.8589671e-08 -3.743227e-07
vn -1 -1.7871211e-07 -2.2773175e-07
vn -0.99999994 6.8774654e-08 3.6757577e-08
vn -1 3.3192503e-08 1.0003246e-06
vn -1 -6.8589671e-08 -3.743227e-07
vn -0.99999994 6.8774654e-08 3.6757577e-08
vn -1 0 -2.5579869e-09
vn -1 0 -2.143915e-10
vn -1 0 -2.1439117e-10
vn -1 0 -2.143915e-10
vn -0.99999994 0 0
vn -1 0 -2.1439117e-10
vn -0.99999994 0 0
vn -1 0 0
vn -1 0 0
vn -1 0 0
vn -1 -9.1788291e-07 -6.3315179e-07
vn -0.99999994 -1.1929731e-07 -1.2099773e-07
vn -1 -9.1788291e-07 -6.3315179e-07
vn -1 0 -2.3842236e-05
vn -1 -1.2457125e-06 -2.5334461e-06
vn -0.99999994 -1.1929731e-07 -1.2099773e-07
vn -1 -9.1788291e-07 -6.3315179e-07
vn -1 -1.2457125e-06 -2.5334461e-06
vn -1 -1.2457125e-06 -2.5334461e-06
vn -1 -4.1833907e-08 -2.0916873e-07
vn -0.99999994 -1.1929731e-07 -1.2099773e-07
vn -1 -4.1833907e-08 -2.0916873e-07
vn -1 0 0
vn -0.99999994 -1.1929731e-07 -1.2099773e-07
vn -0.99999994 -1.1929731e-07 -1.2099773e-07
vn -1 0 0
vn -1 0 0
vn -1 0 0
vn -1 0 0
vn -1 0 0
vn -1 0 0
vn -1 0 -2.1439117e-10
vn -0.99999994 0 0
vn -1 0 0
vn -0.99999994 0 0
vn -1 0 0
vn 0 0 -1
vn 0 0 -1
vn 0 1.0294308e-07 -1
vn 0 0 -1
vn 0 0 -1
vn 0 8.011412e-07 -1
vn 0 1.0294308e-07 -1
vn 0 0 -1
vn 0 8.011412e-07 -1
vn 0 0 -1
vn 0 0 -1
vn 0 0 -1
vn 0 0 -1
vn 0 8.011412e-07 -1
vn 0 0 -1
vn 0 8.011412e-07 -1
vn 0 0 -1
vn 0 3.036651e-07 -1
vn 0 3.036651e-07 -1
vn 0 0 -1
vn 0 1.0294308e-07 -1
vn 0 0 -1
vn 0 0 -1
vn 3.229048e-08 1.0035038e-07 -0.99999994
vn 3.229048e-08 1.0035038e-07 -0.99999994
vn 1.2483957e-06 7.8054688e-07 -0.99999994
vn 3.9551156e-07 4.5133098e-07 -1
vn 1.2483957e-06 7.8054688e-07 -0.99999994
vn 9.5368232e-06 0 -1
vn 3.9551156e-07 4.5133098e-07 -1
vn 3.9551156e-07 4.5133098e-07 -1
vn 0 1.0294308e-07 -1
vn 0 0 -1
vn 3.229048e-08 1.0035038e-07 -0.99999994
vn 3.9551156e-07 4.5133098e-07 -1
vn 0 0 -1
vn 0 -3.3677426e-07 -1
vn 0 -1.1710592e-06 -0.99999994
vn 0 -6.7021676e-07 -1
vn 0 -1.1710592e-06 -0.99999994
vn 0 -7.9473484e-06 -0.99999994
vn 0 -2.4710243e-06 -1
vn 0 -6.7021676e-07 -1
vn 0 -1.1710592e-06 -0.99999994
vn 0 -2.4710243e-06 -1
vn 0 -2.4710243e-06 -1
vn 0 -7.98234e-07 -0.99999994
vn 0 9.153116e-07 -1
vn 0 -7.98234e-07 -0.99999994
vn 0 0 -1
vn 0 9.3671794e-08 -1
vn 0 9.3671794e-08 -1
vn 0 7.3209048e-07 -1
vn 0 1.3675424e-06 -0.99999994
vn 0 7.3209048e-07 -1
vn 0 0 -1
vn 0 1.3675424e-06 -0.99999994
vn 0 1.3675424e-06 -0.99999994
vn 0 9.153116e-07 -1
vn 0 -7.98234e-07 -0.99999994
vn 0 9.3671794e-08 -1
vn 0 1.3675424e-06 -0.99999994
vn 0 -7.98234e-07 -0.99999994
vn 0 9.153116e-07 -1
vn 0 -7.9473648e-06 -1
vn 0 -6.7021676e-07 -1
vn 0 -6.7021676e-07 -1
vn 0 -5.4609163e-06 -1
vn 0 -3.3677426e-07 -1
vn 0 -5.4609163e-06 -1
vn 0 0 -1
vn 0 -3.3677426e-07 -1
vn 0 -0.47301996 -0.88105166
vn 0 -0.47301996 -0.88105166
vn 0 -0.47301996 -0.88105166
vn 0 -0.47301996 -0.88105166
vn 0 0.47302055 -0.88105142
vn 0 0.47302055 -0.88105142
vn 0 0.47302055 -0.88105142
vn 0 0.47302055 -0.88105142
vn 0.88105202 -0.47301951 0
vn 0.88105202 -0.47301951 0
vn 0.88105202 -0.47301951 0
vn 0.88105202 -0.47301951 0
vn 1 0 0
vn 1 0 0
vn 1 0 0
vn 1 0 0
vn 0 0 1
vn 0 0 1
vn 0 0 1
vn 0 0 1
vn 0 0 -1
vn 0 0 -1
vn 0 0 -1
vn 0 0 -1
vn -1 0 0
vn -1 0 0
vn -1 0 0
vn -1 0 0
vn -0.8810519 0.47301963 0
vn -0.8810519 0.47301963 0
vn -0.8810519 0.47301963 0
vn -0.8810519 0.47301963 0
vn 0 -0.47302434 0.88104934
vn 0 -0.47302434 0.88104934
vn 0 -0.47302434 0.88104934
vn 0 -0.47302434 0.88104934
vn -1 0 0
vn -1 0 0
vn -1 0 0
vn -1 0 0
vn 0 0 -1
vn 0 0 -1
vn 0 0 -1
vn 0 0 -1
vn 1 0 0
vn 1 0 0
vn 1 0 0
vn 1 0 0
vn 0 0 1
vn 0 0 1
vn 0 0 1
vn 0 0 1
vn -1 0 0
vn -1 0 0
vn -1 0 0
vn -1 0 0
vn 0 0 -1
vn 0 0 -1
vn 0 0 -1
vn 0 0 -1
vn 0 0 1
vn 0 0 1
vn 0 0 1
vn 0 0 1
vn 1 0 0
vn 1 0 0
vn 1 0 0
vn 1 0 0
vn 0 0.47302493 0.88104904
vn 0 0.47302493 0.88104904
vn 0 0.47302493 0.88104904
vn 0 0.47302493 0.88104904
vn -0.88105202 -0.47301951 0
vn -0.88105202 -0.47301951 0
vn -0.88105202 -0.47301951 0
vn -0.88105202 -0.47301951 0
vn 0.8810519 0.47301963 0
vn 0.8810519 0.47301963 0
vn 0.8810519 0.47301963 0
vn 0.8810519 0.47301963 0
vn 0 1 0
vn 0 1 0
vn 0 1 0
vn 0 1 0
vn 0 -1 0
vn 0 -1 0
vn 0 -1 0
vn 0 -1 0
vn 0 -0.47301996 -0.88105166
vn 0 -0.47301996 -0.88105166
vn 0 -0.47301996 -0.88105166
vn 0 -0.47301996 -0.88105166
vn 0 0.47302055 -0.88105142
vn 0 0.47302055 -0.88105142
vn 0 0.47302055 -0.88105142
vn 0 0.47302055 -0.88105142
vn 0.88105202 -0.47301951 0
vn 0.88105202 -0.47301951 0
vn 0.88105202 -0.47301951 0
vn 0.88105202 -0.47301951 0
vn 1 0 0
vn 1 0 0
vn 1 0 0
vn 1 0 0
vn 0 0 1
vn 0 0 1
vn 0 0 1
vn 0 0 1
vn 0 0 -1
vn 0 0 -1
vn 0 0 -1
vn 0 0 -1
vn -1 0 0
vn -1 0 0
vn -1 0 0
vn -1 0 0
vn -0.8810519 0.47301963 0
vn -0.8810519 0.47301963 0
vn -0.8810519 0.47301963 0
vn -0.8810519 0.47301963 0
vn 0 -0.47302434 0.88104934
vn 0 -0.47302434 0.88104934
vn 0 -0.47302434 0.88104934
vn 0 -0.47302434 0.88104934
vn -1 0 0
vn -1 0 0
vn -1 0 0
vn -1 0 0
vn 0 0 -1
vn 0 0 -1
vn 0 0 -1
vn 0 0 -1
vn 1 0 0
vn 1 0 0
vn 1 0 0
vn 1 0 0
vn 0 0 1
vn 0 0 1
vn 0 0 1
vn 0 0 1
vn -1 0 0
vn -1 0 0
vn -1 0 0
vn -1 0 0
vn 0 0 -1
vn 0 0 -1
vn 0 0 -1
vn 0 0 -1
vn 0 0 1
vn 0 0 1
vn 0 0 1
vn 0 0 1
vn 1 0 0
vn 1 0 0
vn 1 0 0
vn 1 0 0
vn 0 0.47302493 0.88104904
vn 0 0.47302493 0.88104904
vn 0 0.47302493 0.88104904
vn 0 0.47302493 0.88104904
vn -0.88105202 -0.47301951 0
vn -0.88105202 -0.47301951 0
vn -0.88105202 -0.47301951 0
vn -0.88105202 -0.47301951 0
vn 0.8810519 0.47301963 0
vn 0.8810519 0.47301963 0
vn 0.8810519 0.47301963 0
vn 0.8810519 0.47301963 0
vn 0 1 0
vn 0 1 0
vn 0 1 0
vn 0 1 0
vn 0 -1 0
vn 0 -1 0
vn 0 -1 0
vn 0 -1 0
vn 0 -0.47302115 -0.88105106
vn 0 -0.47302115 -0.88105106
vn 0 -0.47302115 -0.88105106
vn 0 -0.47302115 -0.88105106
vn 0 0.47302055 -0.88105142
vn 0 0.47302055 -0.88105142
vn 0 0.47302055 -0.88105142
vn 0 0.47302055 -0.88105142
vn 0.88105202 -0.47301951 0
vn 0.88105202 -0.47301951 0
vn 0.88105202 -0.47301951 0
vn 0.88105202 -0.47301951 0
vn 1 0 0
vn 1 0 0
vn 1 0 0
vn 1 0 0
vn 0 0 1
vn 0 0 1
vn 0 0 1
vn 0 0 1
vn 0 0 -1
vn 0 0 -1
vn 0 0 -1
vn 0 0 -1
vn -1 0 0
vn -1 0 0
vn -1 0 0
vn -1 0 0
vn -0.8810519 0.47301963 0
vn -0.8810519 0.47301963 0
vn -0.8810519 0.47301963 0
vn -0.8810519 0.47301963 0
vn 0 -0.47302556 0.8810488
vn 0 -0.47302556 0.8810488
vn 0 -0.47302556 0.8810488
vn 0 -0.47302556 0.8810488
vn -1 0 0
vn -1 0 0
vn -1 0 0
vn -1 0 0
vn 0 0 -1
vn 0 0 -1
vn 0 0 -1
vn 0 0 -1
vn 1 0 0
vn 1 0 0
vn 1 0 0
vn 1 0 0
vn 0 0 1
vn 0 0 1
vn 0 0 1
vn 0 0 1
vn -1 0 0
vn -1 0 0
vn -1 0 0
vn -1 0 0
vn 0 0 -1
vn 0 0 -1
vn 0 0 -1
vn 0 0 -1
vn 0 0 1
vn 0 0 1
vn 0 0 1
vn 0 0 1
vn 1 0 0
vn 1 0 0
vn 1 0 0
vn 1 0 0
vn 0 0.47302493 0.88104904
vn 0 0.47302493 0.88104904
vn 0 0.47302493 0.88104904
vn 0 0.47302493 0.88104904
vn -0.88105202 -0.47301951 0
vn -0.88105202 -0.47301951 0
vn -0.88105202 -0.47301951 0
vn -0.88105202 -0.47301951 0
vn 0.8810519 0.47301963 0
vn 0.8810519 0.47301963 0
vn 0.8810519 0.47301963 0
vn 0.8810519 0.47301963 0
vn 0 1 0
vn 0 1 0
vn 0 1 0
vn 0 1 0
vn 0 -1 0
vn 0 -1 0
vn 0 -1 0
vn 0 -1 0
vn 0 -0.47302115 -0.88105106
vn 0 -0.47302115 -0.88105106
vn 0 -0.47302115 -0.88105106
vn 0 -0.47302115 -0.88105106
vn 0 0.47302055 -0.88105142
vn 0 0.47302055 -0.88105142
vn 0 0.47302055 -0.88105142
vn 0 0.47302055 -0.88105142
vn 0.88105375 -0.4730162 0
vn 0.88105375 -0.4730162 0
vn 0.88105375 -0.4730162 0
vn 0.88105375 -0.4730162 0
vn 1 0 0
vn 1 0 0
vn 1 0 0
vn 1 0 0
vn 0 0 1
vn 0 0 1
vn 0 0 1
vn 0 0 1
vn 0 0 -1
vn 0 0 -1
vn 0 0 -1
vn 0 0 -1
vn -1 0 0
vn -1 0 0
vn -1 0 0
vn -1 0 0
vn -0.8810519 0.47301963 0
vn -0.8810519 0.47301963 0
vn -0.8810519 0.47301963 0
vn -0.8810519 0.47301963 0
vn 0 -0.47302115 0.88105106
vn 0 -0.47302115 0.88105106
vn 0 -0.47302115 0.88105106
vn 0 -0.47302115 0.88105106
vn -1 0 0
vn -1 0 0
vn -1 0 0
vn -1 0 0
vn 0 0 -1
vn 0 0 -1
vn 0 0 -1
vn 0 0 -1
vn 1 0 0
vn 1 0 0
vn 1 0 0
vn 1 0 0
vn 0 0 1
vn 0 0 1
vn 0 0 1
vn 0 0 1
vn -1 0 0
vn -1 0 0
vn -1 0 0
vn -1 0 0
vn 0 0 -1
vn 0 0 -1
vn 0 0 -1
vn 0 0 -1
vn 0 0 1
vn 0 0 1
vn 0 0 1
vn 0 0 1
vn 1 0 0
vn 1 0 0
vn 1 0 0
vn 1 0 0
vn 0 0.47302055 0.88105142
vn 0 0.47302055 0.88105142
vn 0 0.47302055 0.88105142
vn 0 0.47302055 0.88105142
vn -0.88105202 -0.47301951 0
vn -0.88105202 -0.47301951 0
vn -0.88105202 -0.47301951 0
vn -0.88105202 -0.47301951 0
vn 0.88105363 0.47301632 0
vn 0.88105363 0.47301632 0
vn 0.88105363 0.47301632 0
vn 0.88105363 0.47301632 0
vn 0 1 0
vn 0 1 0
vn 0 1 0
vn 0 1 0
vn 0 -1 0
vn 0 -1 0
vn 0 -1 0
vn 0 -1 0
vn 0 -0.47301978 -0.88105184
vn 0 -0.47301978 -0.88105184
vn 0 -0.47301978 -0.88105184
vn 0 -0.47301978 -0.88105184
vn 0 0.4730193 -0.88105202
vn 0 0.4730193 -0.88105202
vn 0 0.4730193 -0.88105202
vn 0 0.4730193 -0.88105202
vn 0.88105196 -0.47301954 0
vn 0.88105196 -0.47301954 0
vn 0.88105196 -0.47301954 0
vn 0.88105196 -0.47301954 0
vn 1 0 0
vn 1 0 0
vn 1 0 0
vn 1 0 0
vn 0 0 1
vn 0 0 1
vn 0 0 1
vn 0 0 1
vn 0 0 -1
vn 0 0 -1
vn 0 0 -1
vn 0 0 -1
vn -1 0 0
vn -1 0 0
vn -1 0 0
vn -1 0 0
vn -0.88105297 0.4730176 0
vn -0.88105297 0.4730176 0
vn -0.88105297 0.4730176 0
vn -0.88105297 0.4730176 0
vn 0 -0.47301868 0.88105237
vn 0 -0.47301868 0.88105237
vn 0 -0.47301868 0.88105237
vn 0 -0.47301868 0.88105237
vn -1 0 0
vn -1 0 0
vn -1 0 0
vn -1 0 0
vn 0 0 -1
vn 0 0 -1
vn 0 0 -1
vn 0 0 -1
vn 1 0 0
vn 1 0 0
vn 1 0 0
vn 1 0 0
vn 0 0 1
vn 0 0 1
vn 0 0 1
vn 0 0 1
vn -1 0 0
vn -1 0 0
vn -1 0 0
vn -1 0 0
vn 0 0 -1
vn 0 0 -1
vn 0 0 -1
vn 0 0 -1
vn 0 0 1
vn 0 0 1
vn 0 0 1
vn 0 0 1
vn 1 0 0
vn 1 0 0
vn 1 0 0
vn 1 0 0
vn 0 0.47301716 0.88105327
vn 0 0.47301716 0.88105327
vn 0 0.47301716 0.88105327
vn 0 0.47301716 0.88105327
vn -0.88105285 -0.4730179 0
vn -0.88105285 -0.4730179 0
vn -0.88105285 -0.4730179 0
vn -0.88105285 -0.4730179 0
vn 0.88105196 0.47301936 0
vn 0.88105196 0.47301936 0
vn 0.88105196 0.47301936 0
vn 0.88105196 0.47301936 0
vn 0 1 0
vn 0 1 0
vn 0 1 0
vn 0 1 0
vn 0 -1 0
vn 0 -1 0
vn 0 -1 0
vn 0 -1 0
vn 0 -0.47301313 -0.88105536
vn 0 -0.47301313 -0.88105536
vn 0 -0.47301313 -0.88105536
vn 0 -0.47301313 -0.88105536
vn 0 0.47301292 -0.88105553
vn 0 0.47301292 -0.88105553
vn 0 0.47301292 -0.88105553
vn 0 0.47301292 -0.88105553
vn 0.8810519 -0.47301969 0
vn 0.8810519 -0.47301969 0
vn 0.8810519 -0.47301969 0
vn 0.8810519 -0.47301969 0
vn 0.99999994 0 0
vn 0.99999994 0 0
vn 0.99999994 0 0
vn 0.99999994 0 0
vn 0 0 1
vn 0 0 1
vn 0 0 1
vn 0 0 1
vn 0 0 -1
vn 0 0 -1
vn 0 0 -1
vn 0 0 -1
vn -0.99999994 0 0
vn -0.99999994 0 0
vn -0.99999994 0 0
vn -0.99999994 0 0
vn -0.88105369 0.47301641 0
vn -0.88105369 0.47301641 0
vn -0.88105369 0.47301641 0
vn -0.88105369 0.47301641 0
vn 0 -0.47301638 0.88105357
vn 0 -0.47301638 0.88105357
vn 0 -0.47301638 0.88105357
vn 0 -0.47301638 0.88105357
vn -1 0 0
vn -1 0 0
vn -1 0 0
vn -1 0 0
vn 0 0 -1
vn 0 0 -1
vn 0 0 -1
vn 0 0 -1
vn 1 0 0
vn 1 0 0
vn 1 0 0
vn 1 0 0
vn 0 0 1
vn 0 0 1
vn 0 0 1
vn 0 0 1
vn -1 0 0
vn -1 0 0
vn -1 0 0
vn -1 0 0
vn 0 0 -1
vn 0 0 -1
vn 0 0 -1
vn 0 0 -1
vn 0 0 1
vn 0 0 1
vn 0 0 1
vn 0 0 1
vn 1 0 0
vn 1 0 0
vn 1 0 0
vn 1 0 0
vn 0 0.4730162 0.88105375
vn 0 0.4730162 0.88105375
vn 0 0.4730162 0.88105375
vn 0 0.4730162 0.88105375
vn -0.88105369 -0.47301641 0
vn -0.88105369 -0.47301641 0
vn -0.88105369 -0.47301641 0
vn -0.88105369 -0.47301641 0
vn 0.8810519 0.47301969 0
vn 0.8810519 0.47301969 0
vn 0.8810519 0.47301969 0
vn 0.8810519 0.47301969 0
vn 0 1 0
vn 0 1 0
vn 0 1 0
vn 0 1 0
vn 0 -1 0
vn 0 -1 0
vn 0 -1 0
vn 0 -1 0
vn -0.88105273 -0.47301805 -5.2774334e-07
vn -0.88105273 -0.47301805 -5.2774334e-07
vn -0.88105273 -0.47301805 -5.2774334e-07
vn -0.88105273 -0.47301805 -5.2774334e-07
vn -0.88105267 0.4730182 1.0554709e-07
vn -0.88105267 0.4730182 1.0554709e-07
vn -0.88105267 0.4730182 1.0554709e-07
vn -0.88105267 0.4730182 1.0554709e-07
vn 0 -0.4730143 -0.88105476
vn 0 -0.4730143 -0.88105476
vn 0 -0.4730143 -0.88105476
vn 0 -0.4730143 -0.88105476
vn 0 0 -1
vn 0 0 -1
vn 0 0 -1
vn 0 0 -1
vn 1 0 0
vn 1 0 0
vn 1 0 0
vn 1 0 0
vn -0.99999994 -4.2574744e-08 -4.917494e-07
vn -0.99999994 -4.2574744e-08 -4.917494e-07
vn -0.99999994 -4.2574744e-08 -4.917494e-07
vn -0.99999994 -4.2574744e-08 -4.917494e-07
vn 0 -1.8893942e-08 1
vn 0 -1.8893942e-08 1
vn 0 -1.8893942e-08 1
vn 0 -1.8893942e-08 1
vn 0 0.47301632 0.88105363
vn 0 0.47301632 0.88105363
vn 0 0.47301632 0.88105363
vn 0 0.47301632 0.88105363
vn 0.88105273 -0.47301805 3.518289e-07
vn 0.88105273 -0.47301805 3.518289e-07
vn 0.88105273 -0.47301805 3.518289e-07
vn 0.88105273 -0.47301805 3.518289e-07
vn 0 0 1
vn 0 0 1
vn 0 0 1
vn 0 0 1
vn -1 0 -2.9802351e-07
vn -1 0 -2.9802351e-07
vn -1 0 -2.9802351e-07
vn -1 0 -2.9802351e-07
vn 0 0 -1
vn 0 0 -1
vn 0 0 -1
vn 0 0 -1
vn 1 0 5.9604702e-07
vn 1 0 5.9604702e-07
vn 1 0 5.9604702e-07
vn 1 0 5.9604702e-07
vn 0 0 1
vn 0 0 1
vn 0 0 1
vn 0 0 1
vn -1 0 2.9802331e-07
vn -1 0 2.9802331e-07
vn -1 0 2.9802331e-07
vn -1 0 2.9802331e-07
vn 1 0 1.4901167e-07
vn 1 0 1.4901167e-07
vn 1 0 1.4901167e-07
vn 1 0 1.4901167e-07
vn 0 0 -1
vn 0 0 -1
vn 0 0 -1
vn 0 0 -1
vn 0.8810519 0.47301951 1.7591421e-07
vn 0.8810519 0.47301951 1.7591421e-07
vn 0.8810519 0.47301951 1.7591421e-07
vn 0.8810519 0.47301951 1.7591421e-07
vn 0 -0.47301638 0.88105357
vn 0 -0.47301638 0.88105357
vn 0 -0.47301638 0.88105357
vn 0 -0.47301638 0.88105357
vn -4.3978751e-08 0.47301292 -0.88105553
vn -4.3978751e-08 0.47301292 -0.88105553
vn -4.3978751e-08 0.47301292 -0.88105553
vn -4.3978751e-08 0.47301292 -0.88105553
vn 0 1 0
vn 0 1 0
vn 0 1 0
vn 0 1 0
vn 4.3711353e-08 -1 -4.3711367e-08
vn 4.3711353e-08 -1 -4.3711367e-08
vn 4.3711353e-08 -1 -4.3711367e-08
vn 4.3711353e-08 -1 -4.3711367e-08
vn -0.88105375 -0.47301629 0
vn -0.88105375 -0.47301629 0
vn -0.88105375 -0.47301629 0
vn -0.88105375 -0.47301629 0
vn -0.88105375 0.47301608 1.0554714e-07
vn -0.88105375 0.47301608 1.0554714e-07
vn -0.88105375 0.47301608 1.0554714e-07
vn -0.88105375 0.47301608 1.0554714e-07
vn 3.5182899e-07 -0.47301859 -0.88105243
vn 3.5182899e-07 -0.47301859 -0.88105243
vn 3.5182899e-07 -0.47301859 -0.88105243
vn 3.5182899e-07 -0.47301859 -0.88105243
vn 0 0 -1
vn 0 0 -1
vn 0 0 -1
vn 0 0 -1
vn 1 0 0
vn 1 0 0
vn 1 0 0
vn 1 0 0
vn -1 0 0
vn -1 0 0
vn -1 0 0
vn -1 0 0
vn -3.4422487e-07 -1.2293745e-07 1
vn -3.4422487e-07 -1.2293745e-07 1
vn -3.4422487e-07 -1.2293745e-07 1
vn -3.4422487e-07 -1.2293745e-07 1
vn -4.3978577e-08 0.47301811 0.88105273
vn -4.3978577e-08 0.47301811 0.88105273
vn -4.3978577e-08 0.47301811 0.88105273
vn -4.3978577e-08 0.47301811 0.88105273
vn 0.88105124 -0.47302085 0
vn 0.88105124 -0.47302085 0
vn 0.88105124 -0.47302085 0
vn 0.88105124 -0.47302085 0
vn -2.980232e-07 0 1
vn -2.980232e-07 0 1
vn -2.980232e-07 0 1
vn -2.980232e-07 0 1
vn -1 0 0
vn -1 0 0
vn -1 0 0
vn -1 0 0
vn 5.9604639e-07 0 -1
vn 5.9604639e-07 0 -1
vn 5.9604639e-07 0 -1
vn 5.9604639e-07 0 -1
vn 1 0 0
vn 1 0 0
vn 1 0 0
vn 1 0 0
vn 0 0 1
vn 0 0 1
vn 0 0 1
vn 0 0 1
vn -1 0 0
vn -1 0 0
vn -1 0 0
vn -1 0 0
vn 1 0 0
vn 1 0 0
vn 1 0 0
vn 1 0 0
vn 0 0 -1
vn 0 0 -1
vn 0 0 -1
vn 0 0 -1
vn 0.88105196 0.47301936 1.0555028e-07
vn 0.88105196 0.47301936 1.0555028e-07
vn 0.88105196 0.47301936 1.0555028e-07
vn 0.88105196 0.47301936 1.0555028e-07
vn -3.5182944e-07 -0.47301638 0.88105357
vn -3.5182944e-07 -0.47301638 0.88105357
vn -3.5182944e-07 -0.47301638 0.88105357
vn -3.5182944e-07 -0.47301638 0.88105357
vn 0 0.47301924 -0.88105208
vn 0 0.47301924 -0.88105208
vn 0 0.47301924 -0.88105208
vn 0 0.47301924 -0.88105208
vn 0 1 0
vn 0 1 0
vn 0 1 0
vn 0 1 0
vn 4.3711367e-08 -1 -4.3711371e-08
vn 4.3711367e-08 -1 -4.3711371e-08
vn 4.3711367e-08 -1 -4.3711371e-08
vn 4.3711367e-08 -1 -4.3711371e-08
vn -0.88105375 -0.47301629 0
vn -0.88105375 -0.47301629 0
vn -0.88105375 -0.47301629 0
vn -0.88105375 -0.47301629 0
vn -0.88105196 0.47301936 2.8146115e-07
vn -0.88105196 0.47301936 2.8146115e-07
vn -0.88105196 0.47301936 2.8146115e-07
vn -0.88105196 0.47301936 2.8146115e-07
vn 3.5182927e-07 -0.47301897 -0.88105226
vn 3.5182927e-07 -0.47301897 -0.88105226
vn 3.5182927e-07 -0.47301897 -0.88105226
vn 3.5182927e-07 -0.47301897 -0.88105226
vn 0 -2.368072e-08 -1
vn 0 -2.368072e-08 -1
vn 0 -2.368072e-08 -1
vn 0 -2.368072e-08 -1
vn 1 8.5149431e-08 0
vn 1 8.5149431e-08 0
vn 1 8.5149431e-08 0
vn 1 8.5149431e-08 0
vn -1 -1.7029897e-07 0
vn -1 -1.7029897e-07 0
vn -1 -1.7029897e-07 0
vn -1 -1.7029897e-07 0
vn -3.4422496e-07 -9.9256702e-08 1
vn -3.4422496e-07 -9.9256702e-08 1
vn -3.4422496e-07 -9.9256702e-08 1
vn -3.4422496e-07 -9.9256702e-08 1
vn -4.3978602e-08 0.47301838 0.88105255
vn -4.3978602e-08 0.47301838 0.88105255
vn -4.3978602e-08 0.47301838 0.88105255
vn -4.3978602e-08 0.47301838 0.88105255
vn 0.88105124 -0.47302085 0
vn 0.88105124 -0.47302085 0
vn 0.88105124 -0.47302085 0
vn 0.88105124 -0.47302085 0
vn -2.9802302e-07 0 1
vn -2.9802302e-07 0 1
vn -2.9802302e-07 0 1
vn -2.9802302e-07 0 1
vn -1 0 0
vn -1 0 0
vn -1 0 0
vn -1 0 0
vn 5.9604605e-07 0 -1
vn 5.9604605e-07 0 -1
vn 5.9604605e-07 0 -1
vn 5.9604605e-07 0 -1
vn 1 4.7683716e-07 0
vn 1 4.7683716e-07 0
vn 1 4.7683716e-07 0
vn 1 4.7683716e-07 0
vn 0 0 1
vn 0 0 1
vn 0 0 1
vn 0 0 1
vn -1 0 0
vn -1 0 0
vn -1 0 0
vn -1 0 0
vn 1 0 0
vn 1 0 0
vn 1 0 0
vn 1 0 0
vn 0 0 -1
vn 0 0 -1
vn 0 0 -1
vn 0 0 -1
vn 0.88105291 0.47301775 2.8146479e-07
vn 0.88105291 0.47301775 2.8146479e-07
vn 0.88105291 0.47301775 2.8146479e-07
vn 0.88105291 0.47301775 2.8146479e-07
vn -3.5182973e-07 -0.47301677 0.88105339
vn -3.5182973e-07 -0.47301677 0.88105339
vn -3.5182973e-07 -0.47301677 0.88105339
vn -3.5182973e-07 -0.47301677 0.88105339
vn 0 0.47301951 -0.88105202
vn 0 0.47301951 -0.88105202
vn 0 0.47301951 -0.88105202
vn 0 0.47301951 -0.88105202
vn 0 1 0
vn 0 1 0
vn 0 1 0
vn 0 1 0
vn 4.3711367e-08 -1 -4.3711367e-08
vn 4.3711367e-08 -1 -4.3711367e-08
vn 4.3711367e-08 -1 -4.3711367e-08
vn 4.3711367e-08 -1 -4.3711367e-08
vn -0.88105375 -0.4730162 0
vn -0.88105375 -0.4730162 0
vn -0.88105375 -0.4730162 0
vn -0.88105375 -0.4730162 0
vn -0.88105375 0.47301599 1.0554714e-07
vn -0.88105375 0.47301599 1.0554714e-07
vn -0.88105375 0.47301599 1.0554714e-07
vn -0.88105375 0.47301599 1.0554714e-07
vn 0 -0.47302079 -0.8810513
vn 0 -0.47302079 -0.8810513
vn 0 -0.47302079 -0.8810513
vn 0 -0.47302079 -0.8810513
vn 0 0 -1
vn 0 0 -1
vn 0 0 -1
vn 0 0 -1
vn 1 0 -2.4587507e-07
vn 1 0 -2.4587507e-07
vn 1 0 -2.4587507e-07
vn 1 0 -2.4587507e-07
vn -1 0 0
vn -1 0 0
vn -1 0 0
vn -1 0 0
vn 0 0 1
vn 0 0 1
vn 0 0 1
vn 0 0 1
vn -4.3978538e-08 0.47302049 0.88105142
vn -4.3978538e-08 0.47302049 0.88105142
vn -4.3978538e-08 0.47302049 0.88105142
vn -4.3978538e-08 0.47302049 0.88105142
vn 0.88105202 -0.47301951 0
vn 0.88105202 -0.47301951 0
vn 0.88105202 -0.47301951 0
vn 0.88105202 -0.47301951 0
vn 0 0 1
vn 0 0 1
vn 0 0 1
vn 0 0 1
vn -1 0 0
vn -1 0 0
vn -1 0 0
vn -1 0 0
vn 0 0 -1
vn 0 0 -1
vn 0 0 -1
vn 0 0 -1
vn 1 0 0
vn 1 0 0
vn 1 0 0
vn 1 0 0
vn 0 0 0.99999994
vn 0 0 0.99999994
vn 0 0 0.99999994
vn 0 0 0.99999994
vn -1 0 -1.4901158e-07
vn -1 0 -1.4901158e-07
vn -1 0 -1.4901158e-07
vn -1 0 -1.4901158e-07
vn 1 0 0
vn 1 0 0
vn 1 0 0
vn 1 0 0
vn 0 0 -1
vn 0 0 -1
vn 0 0 -1
vn 0 0 -1
vn 0.8810519 0.47301963 1.7591435e-07
vn 0.8810519 0.47301963 1.7591435e-07
vn 0.8810519 0.47301963 1.7591435e-07
vn 0.8810519 0.47301963 1.7591435e-07
vn 0 -0.47302079 0.8810513
vn 0 -0.47302079 0.8810513
vn 0 -0.47302079 0.8810513
vn 0 -0.47302079 0.8810513
vn 0 0.4730204 -0.88105148
vn 0 0.4730204 -0.88105148
vn 0 0.4730204 -0.88105148
vn 0 0.4730204 -0.88105148
vn 0 1 0
vn 0 1 0
vn 0 1 0
vn 0 1 0
vn 4.3711346e-08 -1 -4.3711339e-08
vn 4.3711346e-08 -1 -4.3711339e-08
vn 4.3711346e-08 -1 -4.3711339e-08
vn 4.3711346e-08 -1 -4.3711339e-08
vn -0.88105363 -0.47301647 0
vn -0.88105363 -0.47301647 0
vn -0.88105363 -0.47301647 0
vn -0.88105363 -0.47301647 0
vn -0.88105375 0.4730162 -7.036747e-08
vn -0.88105375 0.4730162 -7.036747e-08
vn -0.88105375 0.4730162 -7.036747e-08
vn -0.88105375 0.4730162 -7.036747e-08
vn 3.5182745e-07 -0.47301552 -0.88105404
vn 3.5182745e-07 -0.47301552 -0.88105404
vn 3.5182745e-07 -0.47301552 -0.88105404
vn 3.5182745e-07 -0.47301552 -0.88105404
vn 0 0 -1
vn 0 0 -1
vn 0 0 -1
vn 0 0 -1
vn 1 0 -2.458749e-07
vn 1 0 -2.458749e-07
vn 1 0 -2.458749e-07
vn 1 0 -2.458749e-07
vn -1 0 0
vn -1 0 0
vn -1 0 0
vn -1 0 0
vn -3.4422482e-07 0 1
vn -3.4422482e-07 0 1
vn -3.4422482e-07 0 1
vn -3.4422482e-07 0 1
vn -3.0784966e-07 0.47302034 0.88105148
vn -3.0784966e-07 0.47302034 0.88105148
vn -3.0784966e-07 0.47302034 0.88105148
vn -3.0784966e-07 0.47302034 0.88105148
vn 0.88105202 -0.47301951 0
vn 0.88105202 -0.47301951 0
vn 0.88105202 -0.47301951 0
vn 0.88105202 -0.47301951 0
vn 0 0 1
vn 0 0 1
vn 0 0 1
vn 0 0 1
vn -1 0 0
vn -1 0 0
vn -1 0 0
vn -1 0 0
vn 2.9802317e-07 0 -1
vn 2.9802317e-07 0 -1
vn 2.9802317e-07 0 -1
vn 2.9802317e-07 0 -1
vn 1 0 0
vn 1 0 0
vn 1 0 0
vn 1 0 0
vn 0 0 1
vn 0 0 1
vn 0 0 1
vn 0 0 1
vn -1 0 0
vn -1 0 0
vn -1 0 0
vn -1 0 0
vn 1 0 0
vn 1 0 0
vn 1 0 0
vn 1 0 0
vn 0 0 -1
vn 0 0 -1
vn 0 0 -1
vn 0 0 -1
vn 0.8810519 0.4730196 0
vn 0.8810519 0.4730196 0
vn 0.8810519 0.4730196 0
vn 0.8810519 0.4730196 0
vn 0 -0.47301993 0.88105178
vn 0 -0.47301993 0.88105178
vn 0 -0.47301993 0.88105178
vn 0 -0.47301993 0.88105178
vn -4.3978531e-08 0.4730204 -0.88105148
vn -4.3978531e-08 0.4730204 -0.88105148
vn -4.3978531e-08 0.4730204 -0.88105148
vn -4.3978531e-08 0.4730204 -0.88105148
vn 0 1 0
vn 0 1 0
vn 0 1 0
vn 0 1 0
vn 4.3711367e-08 -1 -4.3711371e-08
vn 4.3711367e-08 -1 -4.3711371e-08
vn 4.3711367e-08 -1 -4.3711371e-08
vn 4.3711367e-08 -1 -4.3711371e-08
vn -3.5182563e-07 -0.47302434 0.88104934
vn -3.5182563e-07 -0.47302434 0.88104934
vn -3.5182563e-07 -0.47302434 0.88104934
vn -3.5182563e-07 -0.47302434 0.88104934
vn -3.0784972e-07 0.4730204 0.88105148
vn -3.0784972e-07 0.4730204 0.88105148
vn -3.0784972e-07 0.4730204 0.88105148
vn -3.0784972e-07 0.4730204 0.88105148
vn -0.88105291 -0.47301784 0
vn -0.88105291 -0.47301784 0
vn -0.88105291 -0.47301784 0
vn -0.88105291 -0.47301784 0
vn -1 0 -4.9174997e-07
vn -1 0 -4.9174997e-07
vn -1 0 -4.9174997e-07
vn -1 0 -4.9174997e-07
vn 0 0 -1
vn 0 0 -1
vn 0 0 -1
vn 0 0 -1
vn -3.442249e-07 0 1
vn -3.442249e-07 0 1
vn -3.442249e-07 0 1
vn -3.442249e-07 0 1
vn 1 0 2.458749e-07
vn 1 0 2.458749e-07
vn 1 0 2.458749e-07
vn 1 0 2.458749e-07
vn 0.88105202 0.47301948 1.0555024e-07
vn 0.88105202 0.47301948 1.0555024e-07
vn 0.88105202 0.47301948 1.0555024e-07
vn 0.88105202 0.47301948 1.0555024e-07
vn 0 -0.47301558 -0.88105404
vn 0 -0.47301558 -0.88105404
vn 0 -0.47301558 -0.88105404
vn 0 -0.47301558 -0.88105404
vn 1 0 0
vn 1 0 0
vn 1 0 0
vn 1 0 0
vn -5.9604633e-07 0 1
vn -5.9604633e-07 0 1
vn -5.9604633e-07 0 1
vn -5.9604633e-07 0 1
vn -1 0 0
vn -1 0 0
vn -1 0 0
vn -1 0 0
vn 0 0 -1
vn 0 0 -1
vn 0 0 -1
vn 0 0 -1
vn 1 0 0
vn 1 0 0
vn 1 0 0
vn 1 0 0
vn 0 0 1
vn 0 0 1
vn 0 0 1
vn 0 0 1
vn 0 0 -1
vn 0 0 -1
vn 0 0 -1
vn 0 0 -1
vn -1 0 0
vn -1 0 0
vn -1 0 0
vn -1 0 0
vn 0 0.4730204 -0.88105148
vn 0 0.4730204 -0.88105148
vn 0 0.4730204 -0.88105148
vn 0 0.4730204 -0.88105148
vn 0.88105202 -0.47301951 0
vn 0.88105202 -0.47301951 0
vn 0.88105202 -0.47301951 0
vn 0.88105202 -0.47301951 0
vn -0.88105303 0.47301754 1.0554701e-07
vn -0.88105303 0.47301754 1.0554701e-07
vn -0.88105303 0.47301754 1.0554701e-07
vn -0.88105303 0.47301754 1.0554701e-07
vn -1.7763559e-13 1 0
vn -1.7763559e-13 1 0
vn -1.7763559e-13 1 0
vn -1.7763559e-13 1 0
vn 0 -1 -8.7422734e-08
vn 0 -1 -8.7422734e-08
vn 0 -1 -8.7422734e-08
vn 0 -1 -8.7422734e-08
vn -5.2774499e-07 -0.4730157 0.88105404
vn -5.2774499e-07 -0.4730157 0.88105404
vn -5.2774499e-07 -0.4730157 0.88105404
vn -5.2774499e-07 -0.4730157 0.88105404
vn 0 0.4730162 0.88105375
vn 0 0.4730162 0.88105375
vn 0 0.4730162 0.88105375
vn 0 0.4730162 0.88105375
vn -0.8810519 -0.47301969 0
vn -0.8810519 -0.47301969 0
vn -0.8810519 -0.47301969 0
vn -0.8810519 -0.47301969 0
vn -0.99999994 0 -9.8349881e-07
vn -0.99999994 0 -9.8349881e-07
vn -0.99999994 0 -9.8349881e-07
vn -0.99999994 0 -9.8349881e-07
vn 6.8844992e-07 1.8440622e-07 -1
vn 6.8844992e-07 1.8440622e-07 -1
vn 6.8844992e-07 1.8440622e-07 -1
vn 6.8844992e-07 1.8440622e-07 -1
vn -3.4422496e-07 -1.2293748e-07 1
vn -3.4422496e-07 -1.2293748e-07 1
vn -3.4422496e-07 -1.2293748e-07 1
vn -3.4422496e-07 -1.2293748e-07 1
vn 1 -1.7586337e-13 4.9174963e-07
vn 1 -1.7586337e-13 4.9174963e-07
vn 1 -1.7586337e-13 4.9174963e-07
vn 1 -1.7586337e-13 4.9174963e-07
vn 0.88105273 0.47301805 -4.2219293e-07
vn 0.88105273 0.47301805 -4.2219293e-07
vn 0.88105273 0.47301805 -4.2219293e-07
vn 0.88105273 0.47301805 -4.2219293e-07
vn 5.2774425e-07 -0.47301787 -0.88105285
vn 5.2774425e-07 -0.47301787 -0.88105285
vn 5.2774425e-07 -0.47301787 -0.88105285
vn 5.2774425e-07 -0.47301787 -0.88105285
vn 1 0 0
vn 1 0 0
vn 1 0 0
vn 1 0 0
vn -5.9604605e-07 0 1
vn -5.9604605e-07 0 1
vn -5.9604605e-07 0 1
vn -5.9604605e-07 0 1
vn -1 0 0
vn -1 0 0
vn -1 0 0
vn -1 0 0
vn 0 0 -1
vn 0 0 -1
vn 0 0 -1
vn 0 0 -1
vn 1 0 -5.9604662e-07
vn 1 0 -5.9604662e-07
vn 1 0 -5.9604662e-07
vn 1 0 -5.9604662e-07
vn 0 0 1
vn 0 0 1
vn 0 0 1
vn 0 0 1
vn 0 0 -1
vn 0 0 -1
vn 0 0 -1
vn 0 0 -1
vn -1 0 0
vn -1 0 0
vn -1 0 0
vn -1 0 0
vn 0 0.47301292 -0.88105553
vn 0 0.47301292 -0.88105553
vn 0 0.47301292 -0.88105553
vn 0 0.47301292 -0.88105553
vn 0.88105273 -0.47301814 0
vn 0.88105273 -0.47301814 0
vn 0.88105273 -0.47301814 0
vn 0.88105273 -0.47301814 0
vn -0.8810519 0.47301969 -4.2219588e-07
vn -0.8810519 0.47301969 -4.2219588e-07
vn -0.8810519 0.47301969 -4.2219588e-07
vn -0.8810519 0.47301969 -4.2219588e-07
vn -1.7763566e-13 1 0
vn -1.7763566e-13 1 0
vn -1.7763566e-13 1 0
vn -1.7763566e-13 1 0
vn 0 -1 -8.7422826e-08
vn 0 -1 -8.7422826e-08
vn 0 -1 -8.7422826e-08
vn 0 -1 -8.7422826e-08
vn 0 -0.47302088 0.88105124
vn 0 -0.47302088 0.88105124
vn 0 -0.47302088 0.88105124
vn 0 -0.47302088 0.88105124
vn 0 0.4730204 0.88105148
vn 0 0.4730204 0.88105148
vn 0 0.4730204 0.88105148
vn 0 0.4730204 0.88105148
vn -0.88105291 -0.47301784 0
vn -0.88105291 -0.47301784 0
vn -0.88105291 -0.47301784 0
vn -0.88105291 -0.47301784 0
vn -1 0 -2.4587507e-07
vn -1 0 -2.4587507e-07
vn -1 0 -2.4587507e-07
vn -1 0 -2.4587507e-07
vn 0 0 -1
vn 0 0 -1
vn 0 0 -1
vn 0 0 -1
vn 0 0 1
vn 0 0 1
vn 0 0 1
vn 0 0 1
vn 1 0 2.4587507e-07
vn 1 0 2.4587507e-07
vn 1 0 2.4587507e-07
vn 1 0 2.4587507e-07
vn 0.88105202 0.4730193 1.0555028e-07
vn 0.88105202 0.4730193 1.0555028e-07
vn 0.88105202 0.4730193 1.0555028e-07
vn 0.88105202 0.4730193 1.0555028e-07
vn 0 -0.47302088 -0.88105124
vn 0 -0.47302088 -0.88105124
vn 0 -0.47302088 -0.88105124
vn 0 -0.47302088 -0.88105124
vn 1 0 0
vn 1 0 0
vn 1 0 0
vn 1 0 0
vn 0 0 1
vn 0 0 1
vn 0 0 1
vn 0 0 1
vn -1 0 0
vn -1 0 0
vn -1 0 0
vn -1 0 0
vn 0 0 -1
vn 0 0 -1
vn 0 0 -1
vn 0 0 -1
vn 1 0 0
vn 1 0 0
vn 1 0 0
vn 1 0 0
vn 0 0 1
vn 0 0 1
vn 0 0 1
vn 0 0 1
vn 0 0 -1
vn 0 0 -1
vn 0 0 -1
vn 0 0 -1
vn -1 0 0
vn -1 0 0
vn -1 0 0
vn -1 0 0
vn 0 0.4730204 -0.88105148
vn 0 0.4730204 -0.88105148
vn 0 0.4730204 -0.88105148
vn 0 0.4730204 -0.88105148
vn 0.88105202 -0.47301951 0
vn 0.88105202 -0.47301951 0
vn 0.88105202 -0.47301951 0
vn 0.88105202 -0.47301951 0
vn -0.88105291 0.47301766 1.0554704e-07
vn -0.88105291 0.47301766 1.0554704e-07
vn -0.88105291 0.47301766 1.0554704e-07
vn -0.88105291 0.47301766 1.0554704e-07
vn 0 1 0
vn 0 1 0
vn 0 1 0
vn 0 1 0
vn 0 -1 -8.7422812e-08
vn 0 -1 -8.7422812e-08
vn 0 -1 -8.7422812e-08
vn 0 -1 -8.7422812e-08
vn -5.2774499e-07 -0.4730157 0.88105404
vn -5.2774499e-07 -0.4730157 0.88105404
vn -5.2774499e-07 -0.4730157 0.88105404
vn -5.2774499e-07 -0.4730157 0.88105404
vn 0 0.4730162 0.88105375
vn 0 0.4730162 0.88105375
vn 0 0.4730162 0.88105375
vn 0 0.4730162 0.88105375
vn -0.8810519 -0.47301969 0
vn -0.8810519 -0.47301969 0
vn -0.8810519 -0.47301969 0
vn -0.8810519 -0.47301969 0
vn -0.99999994 0 0
vn -0.99999994 0 0
vn -0.99999994 0 0
vn -0.99999994 0 0
vn 6.8845026e-07 1.2293754e-07 -1
vn 6.8845026e-07 1.2293754e-07 -1
vn 6.8845026e-07 1.2293754e-07 -1
vn 6.8845026e-07 1.2293754e-07 -1
vn -3.4422496e-07 -1.2293748e-07 1
vn -3.4422496e-07 -1.2293748e-07 1
vn -3.4422496e-07 -1.2293748e-07 1
vn -3.4422496e-07 -1.2293748e-07 1
vn 1 0 -9.8349926e-07
vn 1 0 -9.8349926e-07
vn 1 0 -9.8349926e-07
vn 1 0 -9.8349926e-07
vn 0.8810519 0.47301969 -4.2219253e-07
vn 0.8810519 0.47301969 -4.2219253e-07
vn 0.8810519 0.47301969 -4.2219253e-07
vn 0.8810519 0.47301969 -4.2219253e-07
vn 5.2774425e-07 -0.47301787 -0.88105285
vn 5.2774425e-07 -0.47301787 -0.88105285
vn 5.2774425e-07 -0.47301787 -0.88105285
vn 5.2774425e-07 -0.47301787 -0.88105285
vn 1 0 0
vn 1 0 0
vn 1 0 0
vn 1 0 0
vn -5.9604605e-07 0 1
vn -5.9604605e-07 0 1
vn -5.9604605e-07 0 1
vn -5.9604605e-07 0 1
vn -1 0 0
vn -1 0 0
vn -1 0 0
vn -1 0 0
vn 0 0 -1
vn 0 0 -1
vn 0 0 -1
vn 0 0 -1
vn 1 0 0
vn 1 0 0
vn 1 0 0
vn 1 0 0
vn 0 0 1
vn 0 0 1
vn 0 0 1
vn 0 0 1
vn 0 0 -1
vn 0 0 -1
vn 0 0 -1
vn 0 0 -1
vn -1 0 -5.9604662e-07
vn -1 0 -5.9604662e-07
vn -1 0 -5.9604662e-07
vn -1 0 -5.9604662e-07
vn 0 0.47301292 -0.88105553
vn 0 0.47301292 -0.88105553
vn 0 0.47301292 -0.88105553
vn 0 0.47301292 -0.88105553
vn 0.88105184 -0.47301975 0
vn 0.88105184 -0.47301975 0
vn 0.88105184 -0.47301975 0
vn 0.88105184 -0.47301975 0
vn -0.8810519 0.47301969 -4.2219588e-07
vn -0.8810519 0.47301969 -4.2219588e-07
vn -0.8810519 0.47301969 -4.2219588e-07
vn -0.8810519 0.47301969 -4.2219588e-07
vn -1.7763566e-13 1 0
vn -1.7763566e-13 1 0
vn -1.7763566e-13 1 0
vn -1.7763566e-13 1 0
vn 0 -1 -8.7422826e-08
vn 0 -1 -8.7422826e-08
vn 0 -1 -8.7422826e-08
vn 0 -1 -8.7422826e-08
vn 0.88105196 -0.47301954 0
vn 0.88105196 -0.47301954 0
vn 0.88105196 -0.47301954 0
vn 0.88105196 -0.47301954 0
vn 0.88105196 0.47301954 2.8146462e-07
vn 0.88105196 0.47301954 2.8146462e-07
vn 0.88105196 0.47301954 2.8146462e-07
vn 0.88105196 0.47301954 2.8146462e-07
vn 0 -0.47301897 0.88105226
vn 0 -0.47301897 0.88105226
vn 0 -0.47301897 0.88105226
vn 0 -0.47301897 0.88105226
vn 0 0 1
vn 0 0 1
vn 0 0 1
vn 0 0 1
vn -1 0 0
vn -1 0 0
vn -1 0 0
vn -1 0 0
vn 1 0 0
vn 1 0 0
vn 1 0 0
vn 1 0 0
vn 0 0 -1
vn 0 0 -1
vn 0 0 -1
vn 0 0 -1
vn 0 0.47301838 -0.88105255
vn 0 0.47301838 -0.88105255
vn 0 0.47301838 -0.88105255
vn 0 0.47301838 -0.88105255
vn -0.88105196 -0.47301954 0
vn -0.88105196 -0.47301954 0
vn -0.88105196 -0.47301954 0
vn -0.88105196 -0.47301954 0
vn 0 8.940695e-07 -1
vn 0 8.940695e-07 -1
vn 0 8.940695e-07 -1
vn 0 8.940695e-07 -1
vn 1 0 0
vn 1 0 0
vn 1 0 0
vn 1 0 0
vn 0 -2.9802317e-07 1
vn 0 -2.9802317e-07 1
vn 0 -2.9802317e-07 1
vn 0 -2.9802317e-07 1
vn -1 0 0
vn -1 0 0
vn -1 0 0
vn -1 0 0
vn 0 0 -1
vn 0 0 -1
vn 0 0 -1
vn 0 0 -1
vn 1 0 0
vn 1 0 0
vn 1 0 0
vn 1 0 0
vn -1 0 0
vn -1 0 0
vn -1 0 0
vn -1 0 0
vn 0 0 1
vn 0 0 1
vn 0 0 1
vn 0 0 1
vn -0.88105208 0.47301924 2.8146107e-07
vn -0.88105208 0.47301924 2.8146107e-07
vn -0.88105208 0.47301924 2.8146107e-07
vn -0.88105208 0.47301924 2.8146107e-07
vn 0 -0.47301897 -0.88105226
vn 0 -0.47301897 -0.88105226
vn 0 -0.47301897 -0.88105226
vn 0 -0.47301897 -0.88105226
vn 4.3978602e-08 0.47301838 0.88105255
vn 4.3978602e-08 0.47301838 0.88105255
vn 4.3978602e-08 0.47301838 0.88105255
vn 4.3978602e-08 0.47301838 0.88105255
vn 0 1 0
vn 0 1 0
vn 0 1 0
vn 0 1 0
vn -4.3711367e-08 -1 -4.3711346e-08
vn -4.3711367e-08 -1 -4.3711346e-08
vn -4.3711367e-08 -1 -4.3711346e-08
vn -4.3711367e-08 -1 -4.3711346e-08
usemtl brickwall1
f 5/4070/1 26/2841/2 25/1115/3
f 5/4070/1 25/1115/3 8/1710/4
f 7/2037/5 18/2607/6 17/3235/7
f 7/2037/5 17/3235/7 6/600/8
usemtl stonefloor
f 2/3667/9 1/2705/10 3/1862/11
f 2/3667/9 3/1862/11 4/1425/12
usemtl stonetrims
f 8/4027/13 36/2801/14 33/2402/15
f 8/4027/13 33/2402/15 5/2493/16
usemtl stonefloor
f 2/1174/17 5/2984/18 6/2396/19
f 2/1174/17 6/2396/19 1/4073/20
f 4/2143/21 23/2096/22 22/1894/23
f 4/2143/21 22/1894/23 2/36/24
f 3/1975/25 16/1047/26 20/4426/27
f 3/1975/25 20/4426/27 11/1516/28
usemtl brickwall1
f 10/1971/29 11/3364/30 12/3730/31
f 10/1971/29 12/3730/31 9/3718/32
usemtl stonefloor
f 3/2240/33 11/1886/34 10/1400/35
f 3/2240/33 10/1400/35 4/662/36
f 10/4667/37 28/752/38 23/2301/39
f 10/4667/37 23/2301/39 4/1010/40
usemtl brickwall1
f 15/2384/41 19/2515/42 20/1621/43
f 15/2384/41 20/1621/43 16/1212/44
f 14/1124/45 38/3443/46 37/3637/47
f 14/1124/45 37/3637/47 13/1758/48
f 13/3777/49 17/3886/50 18/1251/51
f 13/3777/49 18/1251/51 14/1408/52
usemtl stonefloor
f 6/3830/53 17/3647/54 13/2368/55
f 6/3830/53 13/2368/55 1/844/56
usemtl brickwall1
f 11/2894/57 20/194/58 19/3708/59
f 11/2894/57 19/3708/59 12/4351/60
usemtl stonefloor
f 1/3325/61 13/2965/62 16/3700/63
f 1/3325/61 16/3700/63 3/1467/64
usemtl stonetrims
f 21/1015/65 29/2378/66 32/1274/67
f 21/1015/65 32/1274/67 24/3546/68
usemtl brickwall1
f 21/4358/69 25/4216/70 26/2684/71
f 21/4358/69 26/2684/71 22/2594/72
f 23/4345/73 28/2724/74 27/3261/75
f 23/4345/73 27/3261/75 24/2188/76
f 9/1485/77 27/4631/78 28/400/79
f 9/1485/77 28/400/79 10/1921/80
usemtl stonefloor
f 2/2206/81 22/2179/82 26/2794/83
f 2/2206/81 26/2794/83 5/2056/84
usemtl stonetrims
f 22/2953/85 30/3082/86 29/3360/87
f 22/2953/85 29/3360/87 21/611/88
f 24/2312/89 32/3507/90 31/4170/91
f 24/2312/89 31/4170/91 23/2499/92
f 23/60/93 31/4226/94 30/3616/95
f 23/60/93 30/3616/95 22/2838/96
f 6/3570/97 34/1928/98 35/1720/99
f 6/3570/97 35/1720/99 7/2918/100
f 7/471/101 35/107/102 36/822/103
f 7/471/101 36/822/103 8/3204/104
f 5/1327/105 33/1528/106 34/2983/107
f 5/1327/105 34/2983/107 6/3883/108
usemtl brickwall1
f 15/2682/109 39/3750/110 38/3391/111
f 15/2682/109 38/3391/111 14/3495/112
f 16/1920/113 40/610/114 39/2970/115
f 16/1920/113 39/2970/115 15/2230/116
f 13/4195/117 37/384/118 40/2435/119
f 13/4195/117 40/2435/119 16/4009/120
usemtl stonetrims
f 43/1537/121 53/4620/122 253/1809/123
f 43/1537/121 253/1809/123 242/3947/124
usemtl brickwall1
f 97/2753/125 99/2106/126 234/275/127
f 97/2753/125 234/275/127 238/2656/128
f 99/2106/129 101/433/130 229/47/131
f 99/2106/129 229/47/131 234/275/132
f 101/433/133 103/1054/134 236/2575/135
f 101/433/133 236/2575/135 229/47/136
f 103/1054/137 105/383/138 228/540/139
f 103/1054/137 228/540/139 236/2575/140
f 105/383/141 232/2311/142 228/540/143
f 94/1049/144 130/2649/145 259/1595/146
f 94/1049/144 259/1595/146 262/1310/147
f 100/117/148 265/4304/149 273/3419/150
f 100/117/148 273/3419/150 102/1737/151
f 102/1737/152 273/3419/153 272/2408/154
f 102/1737/152 272/2408/154 104/4255/155
f 104/4255/156 272/2408/157 274/3544/158
f 104/4255/156 274/3544/158 106/4533/159
f 106/4533/160 274/3544/161 107/4562/162
usemtl stonetrims
f 87/2134/163 91/2000/164 263/3692/165
f 87/2134/163 263/3692/165 257/2053/166
f 62/3174/167 66/499/168 235/3613/169
f 62/3174/167 235/3613/169 225/1277/170
usemtl brickwall1
f 131/3485/171 243/3271/172 245/4251/173
f 131/3485/171 245/4251/173 133/1682/174
f 133/1682/175 245/4251/176 252/2661/177
f 133/1682/175 252/2661/177 135/1076/178
f 135/1076/179 252/2661/180 244/1420/181
f 135/1076/179 244/1420/181 137/2485/182
f 137/2485/183 244/1420/184 251/3788/185
f 137/2485/183 251/3788/185 139/4503/186
f 139/4503/187 251/3788/188 249/3713/189
f 96/4382/190 97/2753/191 238/2656/192
f 96/4382/190 238/2656/192 225/131/193
f 132/310/194 134/3291/195 256/2064/196
f 132/310/194 256/2064/196 261/3153/197
f 134/3291/198 136/988/199 254/4469/200
f 134/3291/198 254/4469/200 256/2064/201
f 136/988/202 138/1762/203 255/927/204
f 136/988/202 255/927/204 254/4469/205
f 138/1762/206 140/806/207 255/927/208
f 130/2649/209 132/310/210 261/3153/211
f 130/2649/209 261/3153/211 259/1595/212
usemtl stonetrims
f 65/3898/213 56/4496/214 237/2344/215
f 65/3898/213 237/2344/215 227/3888/216
f 57/1909/217 61/1196/218 230/3014/219
f 57/1909/217 230/3014/219 233/4159/220
f 56/4496/221 60/3973/222 226/3385/223
f 56/4496/221 226/3385/223 237/2344/224
f 61/1196/225 65/3898/226 227/3888/227
f 61/1196/225 227/3888/227 230/3014/228
usemtl brickwall1
f 98/3427/229 269/1798/230 265/4304/231
f 98/3427/229 265/4304/231 100/117/232
usemtl stonetrims
f 46/2271/233 42/4632/234 240/508/235
f 46/2271/233 240/508/235 247/3037/236
f 51/3875/237 47/896/238 250/907/239
f 51/3875/237 250/907/239 241/3009/240
f 92/64/241 87/2134/242 257/2053/243
f 92/64/241 257/2053/243 262/1129/244
f 50/1109/245 46/2271/246 247/3037/247
f 50/1109/245 247/3037/247 239/2570/248
f 42/4632/249 51/3875/250 241/3009/251
f 42/4632/249 241/3009/251 240/508/252
f 47/896/253 43/1537/254 242/3947/255
f 47/896/253 242/3947/255 250/907/256
f 90/4420/257 82/4670/258 118/146/259
f 90/4420/257 118/146/259 260/3707/260
f 83/220/261 86/2520/262 264/603/263
f 83/220/261 264/603/263 258/1763/264
f 66/499/265 57/1909/266 233/4159/267
f 66/499/265 233/4159/267 235/3613/268
f 86/2520/269 90/4420/270 260/3707/271
f 86/2520/269 260/3707/271 264/603/272
f 91/2000/273 83/220/274 258/1763/275
f 91/2000/273 258/1763/275 263/3692/276
usemtl brickwall1
f 93/437/277 253/1721/278 243/3271/279
f 93/437/277 243/3271/279 131/3485/280
usemtl stonetrims
f 69/1192/281 78/1083/282 270/722/283
f 69/1192/281 270/722/283 119/2487/284
f 74/1633/285 70/627/286 268/1658/287
f 74/1633/285 268/1658/287 275/3306/288
f 79/162/289 75/3007/290 266/3420/291
f 79/162/289 266/3420/291 271/1823/292
usemtl brickwall1
f 95/739/293 267/3331/294 269/1798/295
f 95/739/293 269/1798/295 98/3427/296
usemtl stonetrims
f 78/1083/297 74/1633/298 275/3306/299
f 78/1083/297 275/3306/299 270/722/300
f 70/627/301 79/162/302 271/1823/303
f 70/627/301 271/1823/303 268/1658/304
f 75/3007/305 72/3643/306 267/1421/307
f 75/3007/305 267/1421/307 266/3420/308
f 112/472/309 110/202/310 178/2613/311
f 112/472/309 178/2613/311 176/2548/312
f 93/2786/313 131/4166/314 192/3663/315
f 93/2786/313 192/3663/315 148/1573/316
f 111/2826/317 113/2653/318 177/3463/319
f 111/2826/317 177/3463/319 179/3162/320
f 97/417/321 96/108/322 147/3396/323
f 97/417/321 147/3396/323 158/1559/324
f 95/2507/325 98/3393/326 159/3455/327
f 95/2507/325 159/3455/327 149/1180/328
f 99/3735/329 97/417/330 158/1559/331
f 99/3735/329 158/1559/331 156/4369/332
f 114/1834/333 112/472/334 176/2548/335
f 114/1834/333 176/2548/335 174/314/336
f 132/766/337 130/641/338 191/2674/339
f 132/766/337 191/2674/339 189/2469/340
f 98/3393/341 100/1121/342 157/3841/343
f 98/3393/341 157/3841/343 159/3455/344
f 113/2653/345 115/1626/346 175/95/347
f 113/2653/345 175/95/347 177/3463/348
f 131/4166/349 133/1778/350 190/945/351
f 131/4166/349 190/945/351 192/3663/352
f 101/770/353 99/3735/354 156/4369/355
f 101/770/353 156/4369/355 154/1759/356
f 116/3756/357 114/1834/358 174/314/359
f 116/3756/357 174/314/359 171/250/360
f 134/385/361 132/766/362 189/2469/363
f 134/385/361 189/2469/363 187/3145/364
f 100/1121/365 102/4153/366 155/3693/367
f 100/1121/365 155/3693/367 157/3841/368
f 115/1626/369 117/2781/370 172/2768/371
f 115/1626/369 172/2768/371 175/95/372
f 133/1778/373 135/2309/374 188/4096/375
f 133/1778/373 188/4096/375 190/945/376
f 103/759/377 101/770/378 154/1759/379
f 103/759/377 154/1759/379 152/2957/380
f 119/784/381 116/3756/382 171/250/383
f 119/784/381 171/250/383 144/2709/384
f 136/2297/385 134/385/386 187/3145/387
f 136/2297/385 187/3145/387 185/4294/388
f 102/4153/389 104/1337/390 153/2440/391
f 102/4153/389 153/2440/391 155/3693/392
f 135/2309/393 137/4703/394 186/53/395
f 135/2309/393 186/53/395 188/4096/396
f 117/2781/397 118/2817/398 173/4388/399
f 117/2781/397 173/4388/399 172/2768/400
f 151/1208/401 141/3582/402 142/1193/403
f 151/1208/401 142/1193/403 150/1724/404
f 153/2440/405 151/1208/406 150/1724/407
f 153/2440/405 150/1724/407 152/2957/408
f 155/3693/409 153/2440/410 152/2957/411
f 155/3693/409 152/2957/411 154/1759/412
f 157/3841/413 155/3693/414 154/1759/415
f 157/3841/413 154/1759/415 156/4369/416
f 159/3455/417 157/3841/418 156/4369/419
f 159/3455/417 156/4369/419 158/1559/420
f 143/183/421 161/1872/422 162/3215/423
f 143/183/421 162/3215/423 160/3658/424
f 161/1872/425 163/1892/426 164/3784/427
f 161/1872/425 164/3784/427 162/3215/428
f 163/1892/429 165/4020/430 166/2700/431
f 163/1892/429 166/2700/431 164/3784/432
f 165/4020/433 167/2340/434 168/4222/435
f 165/4020/433 168/4222/435 166/2700/436
f 167/2340/437 169/3847/438 170/1238/439
f 167/2340/437 170/1238/439 168/4222/440
f 172/2768/441 173/4388/442 144/2709/443
f 172/2768/441 144/2709/443 171/250/444
f 175/95/445 172/2768/446 171/250/447
f 175/95/445 171/250/447 174/314/448
f 177/3463/449 175/95/450 174/314/451
f 177/3463/449 174/314/451 176/2548/452
f 179/3162/453 177/3463/454 176/2548/455
f 179/3162/453 176/2548/455 178/2613/456
f 181/3451/457 179/3162/458 178/2613/459
f 181/3451/457 178/2613/459 180/1613/460
f 169/3847/461 148/1093/462 147/180/463
f 169/3847/461 147/180/463 170/1238/464
f 146/1585/465 181/3451/466 180/1613/467
f 146/1585/465 180/1613/467 149/576/468
f 183/2001/469 184/795/470 145/594/471
f 183/2001/469 145/594/471 182/3515/472
f 186/53/473 183/2001/474 182/3515/475
f 186/53/473 182/3515/475 185/4294/476
f 188/4096/477 186/53/478 185/4294/479
f 188/4096/477 185/4294/479 187/3145/480
f 190/945/481 188/4096/482 187/3145/483
f 190/945/481 187/3145/483 189/2469/484
f 192/3663/485 190/945/486 189/2469/487
f 192/3663/485 189/2469/487 191/2674/488
f 149/1180/489 159/3455/490 158/1559/491
f 149/1180/489 158/1559/491 147/3396/492
f 148/1573/493 192/3663/494 191/2674/495
f 148/1573/493 191/2674/495 146/909/496
f 130/641/497 94/3503/498 146/909/499
f 130/641/497 146/909/499 191/2674/500
f 129/4202/501 226/4253/502 160/3658/503
f 129/4202/501 160/3658/503 162/3215/504
f 109/167/505 111/2826/506 179/3162/507
f 109/167/505 179/3162/507 181/3451/508
f 128/4710/509 126/488/510 163/1892/511
f 128/4710/509 163/1892/511 161/1872/512
f 110/202/513 108/2681/514 180/1613/515
f 110/202/513 180/1613/515 178/2613/516
f 120/1332/517 93/1451/518 148/1093/519
f 120/1332/517 148/1093/519 169/3847/520
f 127/1541/521 129/4202/522 162/3215/523
f 127/1541/521 162/3215/523 164/3784/524
f 96/4392/525 121/4135/526 170/1238/527
f 96/4392/525 170/1238/527 147/180/528
f 126/488/529 124/3270/530 165/4020/531
f 126/488/529 165/4020/531 163/1892/532
f 94/1727/533 109/167/534 181/3451/535
f 94/1727/533 181/3451/535 146/1585/536
f 108/2681/537 95/686/538 149/576/539
f 108/2681/537 149/576/539 180/1613/540
f 125/1314/541 127/1541/542 164/3784/543
f 125/1314/541 164/3784/543 166/2700/544
f 124/3270/545 122/2331/546 167/2340/547
f 124/3270/545 167/2340/547 165/4020/548
f 139/601/549 249/97/550 184/795/551
f 139/601/549 184/795/551 183/2001/552
f 106/2827/553 107/4713/554 141/3582/555
f 106/2827/553 141/3582/555 151/1208/556
f 123/3561/557 125/1314/558 166/2700/559
f 123/3561/557 166/2700/559 168/4222/560
f 140/1744/561 138/4315/562 182/3515/563
f 140/1744/561 182/3515/563 145/594/564
f 122/2331/565 120/1332/566 169/3847/567
f 122/2331/565 169/3847/567 167/2340/568
f 137/4703/569 139/601/570 183/2001/571
f 137/4703/569 183/2001/571 186/53/572
f 121/4135/573 123/3561/574 168/4222/575
f 121/4135/573 168/4222/575 170/1238/576
f 104/1337/577 106/2827/578 151/1208/579
f 104/1337/577 151/1208/579 153/2440/580
f 138/4315/581 136/2297/582 185/4294/583
f 138/4315/581 185/4294/583 182/3515/584
f 105/4597/585 103/759/586 152/2957/587
f 105/4597/585 152/2957/587 150/1724/588
f 148/2951/589 146/1125/590 196/3759/591
f 148/2951/589 196/3759/591 194/1040/592
f 149/3843/593 147/2874/594 193/1387/595
f 149/3843/593 193/1387/595 198/1227/596
f 146/3032/597 149/1386/598 198/1437/599
f 146/3032/597 198/1437/599 196/2694/600
f 195/2518/601 199/229/602 193/791/603
f 194/1370/604 203/422/605 201/2623/606
f 194/1370/604 201/2623/606 195/2518/607
f 196/2216/608 200/1784/609 197/4209/610
f 198/4323/611 199/229/612 200/1784/613
f 197/4209/614 200/1784/615 202/1126/616
f 197/4209/614 202/1126/616 201/2623/617
f 198/1227/618 193/1387/619 199/838/620
f 193/2477/621 194/1062/622 195/1146/623
f 194/1040/624 196/3759/625 197/1848/626
f 194/1040/624 197/1848/626 203/4530/627
f 196/2694/628 198/1437/629 200/154/630
f 195/2518/631 202/1126/632 199/229/633
usemtl brickwall1
f 201/4436/634 203/69/635 197/4447/636
usemtl stonetrims
f 199/229/637 202/1126/638 200/1784/639
f 201/2623/640 202/1126/641 195/2518/642
f 54/2669/643 232/1698/644 213/2529/645
f 54/2669/643 213/2529/645 206/1504/646
f 119/784/647 144/2709/648 220/4549/649
f 119/784/647 220/4549/649 215/1961/650
f 107/1780/651 76/223/652 209/1261/653
f 107/1780/651 209/1261/653 212/1263/654
f 69/1192/655 119/2487/656 215/1602/657
f 69/1192/655 215/1602/657 208/1100/658
f 160/3658/659 226/4253/660 231/3989/661
f 160/3658/659 231/3989/661 222/3248/662
f 118/146/663 82/4670/664 210/4706/665
f 118/146/663 210/4706/665 214/786/666
f 145/594/667 184/795/668 224/4692/669
f 145/594/667 224/4692/669 221/852/670
f 141/3582/671 107/4713/672 212/2679/673
f 141/3582/671 212/2679/673 217/685/674
f 173/4388/675 118/2817/676 214/2901/677
f 173/4388/675 214/2901/677 223/4545/678
f 88/1529/679 140/984/680 216/306/681
f 88/1529/679 216/306/681 211/302/682
f 143/183/683 160/3658/684 222/3248/685
f 143/183/683 222/3248/685 219/883/686
f 184/795/687 249/97/688 246/1464/689
f 184/795/687 246/1464/689 224/4692/690
f 249/779/691 44/548/692 204/2101/693
f 249/779/691 204/2101/693 246/3575/694
f 144/2709/695 173/4388/696 223/4545/697
f 144/2709/695 223/4545/697 220/4549/698
f 226/3385/699 60/3973/700 207/2881/701
f 226/3385/699 207/2881/701 231/1466/702
f 142/1193/703 141/3582/704 217/685/705
f 142/1193/703 217/685/705 218/4158/706
f 50/1109/707 239/2570/708 248/3050/709
f 50/1109/707 248/3050/709 205/4275/710
f 140/1744/711 145/594/712 221/852/713
f 140/1744/711 221/852/713 216/938/714
f 147/1749/715 148/1627/716 194/1062/717
f 147/1749/715 194/1062/717 193/2477/718
f 238/2785/719 234/51/720 58/4352/721
f 238/2785/719 58/4352/721 55/3568/722
f 229/470/723 236/2940/724 63/4210/725
f 229/470/723 63/4210/725 59/1122/726
f 228/2754/727 232/1698/728 54/2669/729
f 228/2754/727 54/2669/729 64/3453/730
f 232/2910/731 105/4597/732 150/1724/733
f 232/2910/731 150/1724/733 142/1193/734
usemtl brickwall1
f 233/2871/735 230/4229/736 125/2964/737
f 233/2871/735 125/2964/737 123/3560/738
f 230/4229/739 227/716/740 127/4493/741
f 230/4229/739 127/4493/741 125/2964/742
usemtl stonetrims
f 213/4333/743 232/2910/744 142/1193/745
f 213/4333/743 142/1193/745 218/4158/746
f 234/51/747 229/470/748 59/1122/749
f 234/51/747 59/1122/749 58/4352/750
f 236/2940/751 228/2754/752 64/3453/753
f 236/2940/751 64/3453/753 63/4210/754
usemtl brickwall1
f 235/3621/755 233/2871/756 123/3560/757
f 235/3621/755 123/3560/757 121/2385/758
f 225/131/759 235/3621/760 121/2385/761
f 225/131/759 121/2385/761 96/4382/762
usemtl stonetrims
f 225/1277/763 238/2785/764 55/3568/765
f 225/1277/763 55/3568/765 62/3174/766
usemtl brickwall1
f 227/716/767 237/3979/768 129/4201/769
f 227/716/767 129/4201/769 127/4493/770
f 237/3979/771 226/172/772 129/4201/773
f 241/1128/774 250/448/775 122/2381/776
f 241/1128/774 122/2381/776 124/4080/777
f 239/336/778 247/4148/779 128/4393/780
f 250/448/781 242/1817/782 120/1228/783
f 250/448/781 120/1228/783 122/2381/784
usemtl stonetrims
f 243/1957/785 253/1809/786 53/4620/787
f 243/1957/785 53/4620/787 45/633/788
f 245/1753/789 243/1957/790 45/633/791
f 245/1753/789 45/633/791 48/4718/792
f 244/1217/793 252/3060/794 49/1168/795
f 244/1217/793 49/1168/795 52/1734/796
f 249/779/797 251/1185/798 41/1652/799
f 249/779/797 41/1652/799 44/548/800
f 239/1153/801 128/4710/802 161/1872/803
f 239/1153/801 161/1872/803 143/183/804
usemtl brickwall1
f 247/4148/805 240/1552/806 126/4268/807
f 247/4148/805 126/4268/807 128/4393/808
f 240/1552/809 241/1128/810 124/4080/811
f 240/1552/809 124/4080/811 126/4268/812
f 242/1817/813 253/1721/814 93/437/815
f 242/1817/813 93/437/815 120/1228/816
usemtl stonetrims
f 252/3060/817 245/1753/818 48/4718/819
f 252/3060/817 48/4718/819 49/1168/820
f 251/1185/821 244/1217/822 52/1734/823
f 251/1185/821 52/1734/823 41/1652/824
f 248/2210/825 239/1153/826 143/183/827
f 248/2210/825 143/183/827 219/883/828
usemtl brickwall1
f 258/1150/829 264/3486/830 115/3715/831
f 258/1150/829 115/3715/831 113/4313/832
f 264/3486/833 260/3074/834 117/1799/835
f 264/3486/833 117/1799/835 115/3715/836
f 257/2445/837 263/2121/838 111/2137/839
f 257/2445/837 111/2137/839 109/4621/840
usemtl stonetrims
f 261/1324/841 256/3479/842 81/2189/843
f 261/1324/841 81/2189/843 80/4672/844
f 254/2039/845 255/4084/846 85/2225/847
f 254/2039/845 85/2225/847 84/78/848
f 259/3597/849 261/1324/850 80/4672/851
f 259/3597/849 80/4672/851 89/1632/852
usemtl brickwall1
f 262/1310/853 257/2445/854 109/4621/855
f 262/1310/853 109/4621/855 94/1049/856
f 260/3074/857 118/3341/858 117/1799/859
f 263/2121/860 258/1150/861 113/4313/862
f 263/2121/860 113/4313/862 111/2137/863
usemtl stonetrims
f 262/1129/864 259/3597/865 89/1632/866
f 262/1129/864 89/1632/866 92/64/867
f 256/3479/868 254/2039/869 84/78/870
f 256/3479/868 84/78/870 81/2189/871
f 255/4084/872 140/984/873 88/1529/874
f 255/4084/872 88/1529/874 85/2225/875
usemtl brickwall1
f 275/992/876 268/604/877 112/2914/878
f 275/992/876 112/2914/878 114/582/879
usemtl stonetrims
f 273/1079/880 265/1597/881 67/570/882
f 273/1079/880 67/570/882 68/1343/883
f 274/1746/884 272/3064/885 71/3827/886
f 274/1746/884 71/3827/886 73/3906/887
f 269/3880/888 267/1421/889 72/3643/890
f 269/3880/888 72/3643/890 77/386/891
usemtl brickwall1
f 268/604/892 271/709/893 110/4576/894
f 268/604/892 110/4576/894 112/2914/895
f 119/1688/896 270/245/897 116/637/898
f 271/709/899 266/3993/900 108/2280/901
f 271/709/899 108/2280/901 110/4576/902
f 270/245/903 275/992/904 114/582/905
f 270/245/903 114/582/905 116/637/906
f 266/3993/907 267/3331/908 95/739/909
f 266/3993/907 95/739/909 108/2280/910
usemtl stonetrims
f 272/3064/911 273/1079/912 68/1343/913
f 272/3064/911 68/1343/913 71/3827/914
f 107/1780/915 274/1746/916 73/3906/917
f 107/1780/915 73/3906/917 76/223/918
f 265/1597/919 269/3880/920 77/386/921
f 265/1597/919 77/386/921 67/570/922
f 278/3386/923 288/177/924 488/3685/925
f 278/3386/923 488/3685/925 477/1067/926
usemtl brickwall1
f 332/3086/927 334/3934/928 469/2125/929
f 332/3086/927 469/2125/929 473/4513/930
f 334/3934/931 336/2256/932 464/357/933
f 334/3934/931 464/357/933 469/2125/934
f 336/2256/935 338/1336/936 471/4427/937
f 336/2256/935 471/4427/937 464/357/938
f 338/1336/939 340/2218/940 463/2370/941
f 338/1336/939 463/2370/941 471/4427/942
f 340/2218/943 467/4175/944 463/2370/945
f 329/2858/946 365/2941/947 494/3447/948
f 329/2858/946 494/3447/948 497/1592/949
f 335/1976/950 500/1402/951 508/550/952
f 335/1976/950 508/550/952 337/2061/953
f 337/2061/954 508/550/955 507/4270/956
f 337/2061/954 507/4270/956 339/4519/957
f 339/4519/958 507/4270/959 509/651/960
f 339/4519/958 509/651/960 341/90/961
f 341/90/962 509/651/963 342/1654/964
usemtl stonetrims
f 322/3970/965 326/3836/966 498/792/967
f 322/3970/965 498/792/967 492/2332/968
f 297/284/969 301/2328/970 470/723/971
f 297/284/969 470/723/971 460/1571/972
usemtl brickwall1
f 366/606/973 478/3557/974 480/1345/975
f 366/606/973 480/1345/975 368/3554/976
f 368/3554/977 480/1345/978 487/4520/979
f 368/3554/977 487/4520/979 370/2896/980
f 370/2896/981 487/4520/982 479/3285/983
f 370/2896/981 479/3285/983 372/4337/984
f 372/4337/985 479/3285/986 486/917/987
f 372/4337/985 486/917/987 374/63/988
f 374/63/989 486/917/990 484/817/991
f 331/1501/992 332/3086/993 473/4513/994
f 331/1501/992 473/4513/994 460/1987/995
f 367/2158/996 369/430/997 491/3891/998
f 367/2158/996 491/3891/998 496/259/999
f 369/430/1000 371/2800/1001 489/1586/1002
f 369/430/1000 489/1586/1002 491/3891/1003
f 371/2800/1004 373/3633/1005 490/2746/1006
f 371/2800/1004 490/2746/1006 489/1586/1007
f 373/3633/1008 375/2646/1009 490/2746/1010
f 365/2941/1011 367/2158/1012 496/259/1013
f 365/2941/1011 496/259/1013 494/3447/1014
usemtl stonetrims
f 300/1027/1015 291/1607/1016 472/2616/1017
f 300/1027/1015 472/2616/1017 462/1020/1018
f 292/3764/1019 296/3061/1020 465/3301/1021
f 292/3764/1019 465/3301/1021 468/4433/1022
f 291/1607/1023 295/1087/1024 461/3686/1025
f 291/1607/1023 461/3686/1025 472/2616/1026
f 296/3061/1027 300/1027/1028 462/1020/1029
f 296/3061/1027 462/1020/1029 465/3301/1030
usemtl brickwall1
f 333/560/1031 504/3677/1032 500/1402/1033
f 333/560/1031 500/1402/1033 335/1976/1034
usemtl stonetrims
f 281/4132/1035 277/1722/1036 475/2341/1037
f 281/4132/1035 475/2341/1037 482/144/1038
f 286/1002/1039 282/2716/1040 485/2723/1041
f 286/1002/1039 485/2723/1041 476/110/1042
f 327/1904/1043 322/3970/1044 492/2332/1045
f 327/1904/1043 492/2332/1045 497/1423/1046
f 285/2950/1047 281/4132/1048 482/144/1049
f 285/2950/1047 482/144/1049 474/4416/1050
f 277/1722/1051 286/1002/1052 476/110/1053
f 277/1722/1051 476/110/1053 475/2341/1054
f 282/2716/1055 278/3386/1056 477/1067/1057
f 282/2716/1055 477/1067/1057 485/2723/1058
f 325/1536/1059 317/1767/1060 353/464/1061
f 325/1536/1059 353/464/1061 495/4001/1062
f 318/2081/1063 321/2784/1064 499/893/1065
f 318/2081/1063 499/893/1065 493/3634/1066
f 301/2328/1067 292/3764/1068 468/4433/1069
f 301/2328/1067 468/4433/1069 470/723/1070
f 321/2784/1071 325/1536/1072 495/4001/1073
f 321/2784/1071 495/4001/1073 499/893/1074
f 326/3836/1075 318/2081/1076 493/3634/1077
f 326/3836/1075 493/3634/1077 498/792/1078
usemtl brickwall1
f 328/2260/1079 488/3587/1080 478/3557/1081
f 328/2260/1079 478/3557/1081 366/606/1082
usemtl stonetrims
f 304/3056/1083 313/2911/1084 505/2573/1085
f 304/3056/1083 505/2573/1085 354/4338/1086
f 309/3497/1087 305/2475/1088 503/3528/1089
f 309/3497/1087 503/3528/1089 510/449/1090
f 314/2021/1091 310/109/1092 501/552/1093
f 314/2021/1091 501/552/1093 506/3699/1094
usemtl brickwall1
f 330/2587/1095 502/476/1096 504/3677/1097
f 330/2587/1095 504/3677/1097 333/560/1098
usemtl stonetrims
f 313/2911/1099 309/3497/1100 510/449/1101
f 313/2911/1099 510/449/1101 505/2573/1102
f 305/2475/1103 314/2021/1104 506/3699/1105
f 305/2475/1103 506/3699/1105 503/3528/1106
f 310/109/1107 307/3931/1108 502/3286/1109
f 310/109/1107 502/3286/1109 501/552/1110
f 347/2296/1111 345/515/1112 413/2893/1113
f 347/2296/1111 413/2893/1113 411/4398/1114
f 328/4661/1115 366/1255/1116 427/765/1117
f 328/4661/1115 427/765/1117 383/1843/1118
f 346/3166/1119 348/4508/1120 412/586/1121
f 346/3166/1119 412/586/1121 414/276/1122
f 332/670/1123 331/1963/1124 382/3694/1125
f 332/670/1123 382/3694/1125 393/3411/1126
f 330/4356/1127 333/525/1128 394/583/1129
f 330/4356/1127 394/583/1129 384/3044/1130
f 334/843/1131 332/670/1132 393/3411/1133
f 334/843/1131 393/3411/1133 391/1482/1134
f 349/2156/1135 347/2296/1136 411/4398/1137
f 349/2156/1135 411/4398/1137 409/2160/1138
f 367/2611/1139 365/2498/1140 426/4541/1141
f 367/2611/1139 426/4541/1141 424/4318/1142
f 333/525/1143 335/1415/1144 392/964/1145
f 333/525/1143 392/964/1145 394/583/1146
f 348/4508/1147 350/3491/1148 410/431/1149
f 348/4508/1147 410/431/1149 412/586/1150
f 366/1255/1151 368/2112/1152 425/2764/1153
f 366/1255/1151 425/2764/1153 427/765/1154
f 336/1073/1155 334/843/1156 391/1482/1157
f 336/1073/1155 391/1482/1157 389/3630/1158
f 351/867/1159 349/2156/1160 409/2160/1161
f 351/867/1159 409/2160/1161 406/549/1162
f 369/647/1163 367/2611/1164 424/4318/1165
f 369/647/1163 424/4318/1165 422/244/1166
f 335/1415/1167 337/1239/1168 390/793/1169
f 335/1415/1167 390/793/1169 392/964/1170
f 350/3491/1171 352/3113/1172 407/4645/1173
f 350/3491/1171 407/4645/1173 410/431/1174
f 368/2112/1175 370/4172/1176 423/1186/1177
f 368/2112/1175 423/1186/1177 425/2764/1178
f 338/2606/1179 336/1073/1180 389/3630/1181
f 338/2606/1179 389/3630/1181 387/83/1182
f 354/1086/1183 351/867/1184 406/549/1185
f 354/1086/1183 406/549/1185 379/4584/1186
f 371/4160/1187 369/647/1188 422/244/1189
f 371/4160/1187 422/244/1189 420/4575/1190
f 337/1239/1191 339/3201/1192 388/4300/1193
f 337/1239/1191 388/4300/1193 390/793/1194
f 370/4172/1195 372/1793/1196 421/1881/1197
f 370/4172/1195 421/1881/1197 423/1186/1198
f 352/3113/1199 353/4695/1200 408/1508/1201
f 352/3113/1199 408/1508/1201 407/4645/1202
f 386/3083/1203 376/3876/1204 377/3057/1205
f 386/3083/1203 377/3057/1205 385/3591/1206
f 388/4300/1207 386/3083/1208 385/3591/1209
f 388/4300/1207 385/3591/1209 387/83/1210
f 390/793/1211 388/4300/1212 387/83/1213
f 390/793/1211 387/83/1213 389/3630/1214
f 392/964/1215 390/793/1216 389/3630/1217
f 392/964/1215 389/3630/1217 391/1482/1218
f 394/583/1219 392/964/1220 391/1482/1221
f 394/583/1219 391/1482/1221 393/3411/1222
f 378/2042/1223 396/2195/1224 397/333/1225
f 378/2042/1223 397/333/1225 395/3948/1226
f 396/2195/1227 398/3752/1228 399/911/1229
f 396/2195/1227 399/911/1229 397/333/1230
f 398/3752/1231 400/1116/1232 401/3019/1233
f 398/3752/1231 401/3019/1233 399/911/1234
f 400/1116/1235 402/4203/1236 403/4489/1237
f 400/1116/1235 403/4489/1237 401/3019/1238
f 402/4203/1239 404/4156/1240 405/3118/1241
f 402/4203/1239 405/3118/1241 403/4489/1242
f 407/4645/1243 408/1508/1244 379/4584/1245
f 407/4645/1243 379/4584/1245 406/549/1246
f 410/431/1247 407/4645/1248 406/549/1249
f 410/431/1247 406/549/1249 409/2160/1250
f 412/586/1251 410/431/1252 409/2160/1253
f 412/586/1251 409/2160/1253 411/4398/1254
f 414/276/1255 412/586/1256 411/4398/1257
f 414/276/1255 411/4398/1257 413/2893/1258
f 416/578/1259 414/276/1260 413/2893/1261
f 416/578/1259 413/2893/1261 415/3472/1262
f 404/4156/1263 383/2924/1264 382/2040/1265
f 404/4156/1263 382/2040/1265 405/3118/1266
f 381/3433/1267 416/578/1268 415/3472/1269
f 381/3433/1267 415/3472/1269 384/2414/1270
f 418/3837/1271 419/2635/1272 380/880/1273
f 418/3837/1271 380/880/1273 417/628/1274
f 421/1881/1275 418/3837/1276 417/628/1277
f 421/1881/1275 417/628/1277 420/4575/1278
f 423/1186/1279 421/1881/1280 420/4575/1281
f 423/1186/1279 420/4575/1281 422/244/1282
f 425/2764/1283 423/1186/1284 422/244/1285
f 425/2764/1283 422/244/1285 424/4318/1286
f 427/765/1287 425/2764/1288 424/4318/1289
f 427/765/1287 424/4318/1289 426/4541/1290
f 384/3044/1291 394/583/1292 393/3411/1293
f 384/3044/1291 393/3411/1293 382/3694/1294
f 383/1843/1295 427/765/1296 426/4541/1297
f 383/1843/1295 426/4541/1297 381/2726/1298
f 365/2498/1299 329/620/1300 381/2726/1301
f 365/2498/1299 381/2726/1301 426/4541/1302
f 364/1297/1303 461/1347/1304 395/3948/1305
f 364/1297/1303 395/3948/1305 397/333/1306
f 344/2025/1307 346/3166/1308 414/276/1309
f 344/2025/1307 414/276/1309 416/578/1310
f 363/1803/1311 361/747/1312 398/3752/1313
f 363/1803/1311 398/3752/1313 396/2195/1314
f 345/515/1315 343/2997/1316 415/3472/1317
f 345/515/1315 415/3472/1317 413/2893/1318
f 355/3195/1319 328/1723/1320 383/2924/1321
f 355/3195/1319 383/2924/1321 404/4156/1322
f 362/3390/1323 364/1297/1324 397/333/1325
f 362/3390/1323 397/333/1325 399/911/1326
f 331/1509/1327 356/1220/1328 405/3118/1329
f 331/1509/1327 405/3118/1329 382/2040/1330
f 361/747/1331 359/406/1332 400/1116/1333
f 361/747/1331 400/1116/1333 398/3752/1334
f 329/3594/1335 344/2025/1336 416/578/1337
f 329/3594/1335 416/578/1337 381/3433/1338
f 343/2997/1339 330/2536/1340 384/2414/1341
f 343/2997/1339 384/2414/1341 415/3472/1342
f 360/3179/1343 362/3390/1344 399/911/1345
f 360/3179/1343 399/911/1345 401/3019/1346
f 359/406/1347 357/4193/1348 402/4203/1349
f 359/406/1347 402/4203/1349 400/1116/1350
f 374/2447/1351 484/1950/1352 419/2635/1353
f 374/2447/1351 419/2635/1353 418/3837/1354
f 341/3167/1355 342/286/1356 376/3876/1357
f 341/3167/1355 376/3876/1357 386/3083/1358
f 358/669/1359 360/3179/1360 401/3019/1361
f 358/669/1359 401/3019/1361 403/4489/1362
f 375/3615/1363 373/1411/1364 417/628/1365
f 375/3615/1363 417/628/1365 380/880/1366
f 357/4193/1367 355/3195/1368 404/4156/1369
f 357/4193/1367 404/4156/1369 402/4203/1370
f 372/1793/1371 374/2447/1372 418/3837/1373
f 372/1793/1371 418/3837/1373 421/1881/1374
f 356/1220/1375 358/669/1376 403/4489/1377
f 356/1220/1375 403/4489/1377 405/3118/1378
f 339/3201/1379 341/3167/1380 386/3083/1381
f 339/3201/1379 386/3083/1381 388/4300/1382
f 373/1411/1383 371/4160/1384 420/4575/1385
f 373/1411/1383 420/4575/1385 417/628/1386
f 340/148/1387 338/2606/1388 387/83/1389
f 340/148/1387 387/83/1389 385/3591/1390
f 383/76/1391 381/2979/1392 431/871/1393
f 383/76/1391 431/871/1393 429/1319/1394
f 384/966/1395 382/20/1396 428/3253/1397
f 384/966/1395 428/3253/1397 433/3101/1398
f 381/138/1399 384/3252/1400 433/3297/1401
f 381/138/1399 433/3297/1401 431/4567/1402
f 430/4365/1403 434/2092/1404 428/2631/1405
f 429/1646/1406 438/2246/1407 436/4475/1408
f 429/1646/1406 436/4475/1408 430/4365/1409
f 431/4067/1410 435/3660/1411 432/4476/1412
f 433/4613/1413 434/2092/1414 435/3660/1415
f 432/4476/1416 435/3660/1417 437/2980/1418
f 432/4476/1416 437/2980/1418 436/4475/1419
f 433/3101/1420 428/3253/1421 434/2673/1422
f 428/4330/1423 429/2877/1424 430/3004/1425
f 429/1319/1426 431/871/1427 432/3714/1428
f 429/1319/1426 432/3714/1428 438/1634/1429
f 431/4567/1430 433/3297/1431 435/2009/1432
f 430/4365/1433 437/2980/1434 434/2092/1435
usemtl brickwall1
f 436/1554/1436 438/1911/1437 432/13/1438
usemtl stonetrims
f 434/2092/1439 437/2980/1440 435/3660/1441
f 436/4475/1442 437/2980/1443 430/4365/1444
f 289/4535/1445 467/3566/1446 448/4379/1447
f 289/4535/1445 448/4379/1447 441/3350/1448
f 354/1086/1449 379/4584/1450 455/1645/1451
f 354/1086/1449 455/1645/1451 450/2264/1452
f 342/2117/1453 311/2085/1454 444/3137/1455
f 342/2117/1453 444/3137/1455 447/3139/1456
f 304/3056/1457 354/4338/1458 450/3454/1459
f 304/3056/1457 450/3454/1459 443/2937/1460
f 395/3948/1461 461/1347/1462 466/4286/1463
f 395/3948/1461 466/4286/1463 457/376/1464
f 353/464/1465 317/1767/1466 445/1797/1467
f 353/464/1465 445/1797/1467 449/2628/1468
f 380/880/1469 419/2635/1470 459/266/1471
f 380/880/1469 459/266/1471 456/1145/1472
f 376/3876/1473 342/286/1474 447/4550/1475
f 376/3876/1473 447/4550/1475 452/2535/1476
f 408/1508/1477 353/4695/1478 449/37/1479
f 408/1508/1477 449/37/1479 458/1644/1480
f 323/1800/1481 375/1262/1482 451/2155/1483
f 323/1800/1481 451/2155/1483 446/2151/1484
f 378/2042/1485 395/3948/1486 457/376/1487
f 378/2042/1485 457/376/1487 454/1164/1488
f 419/2635/1489 484/1950/1490 481/3313/1491
f 419/2635/1489 481/3313/1491 459/266/1492
f 484/2619/1493 279/2382/1494 439/3929/1495
f 484/2619/1493 439/3929/1495 481/687/1496
f 379/4584/1497 408/1508/1498 458/1644/1499
f 379/4584/1497 458/1644/1499 455/1645/1500
f 461/3686/1501 295/1087/1502 442/23/1503
f 461/3686/1501 442/23/1503 466/3316/1504
f 377/3057/1505 376/3876/1506 452/2535/1507
f 377/3057/1505 452/2535/1507 453/1243/1508
f 285/2950/1509 474/4416/1510 483/159/1511
f 285/2950/1509 483/159/1511 440/1368/1512
f 375/3615/1513 380/880/1514 456/1145/1515
f 375/3615/1513 456/1145/1515 451/2757/1516
f 382/3620/1517 383/1934/1518 429/2877/1519
f 382/3620/1517 429/2877/1519 428/4330/1520
f 473/4660/1521 469/361/1522 293/1458/1523
f 473/4660/1521 293/1458/1523 290/3862/1524
f 464/727/1525 471/65/1526 298/1309/1527
f 464/727/1525 298/1309/1527 294/2975/1528
f 463/4629/1529 467/3566/1530 289/4535/1531
f 463/4629/1529 289/4535/1531 299/580/1532
f 467/45/1533 340/148/1534 385/3591/1535
f 467/45/1533 385/3591/1535 377/3057/1536
usemtl brickwall1
f 468/18/1537 465/1325/1538 360/3272/1539
f 468/18/1537 360/3272/1539 358/668/1540
f 465/1325/1541 462/2569/1542 362/59/1543
f 465/1325/1541 362/59/1543 360/3272/1544
usemtl stonetrims
f 448/4619/1545 467/45/1546 377/3057/1547
f 448/4619/1545 377/3057/1547 453/1243/1548
f 469/361/1549 464/727/1550 294/2975/1551
f 469/361/1549 294/2975/1551 293/1458/1552
f 471/65/1553 463/4629/1554 299/580/1555
f 471/65/1553 299/580/1555 298/1309/1556
usemtl brickwall1
f 470/728/1557 468/18/1558 358/668/1559
f 470/728/1557 358/668/1559 356/4245/1560
f 460/1987/1561 470/728/1562 356/4245/1563
f 460/1987/1561 356/4245/1563 331/1501/1564
usemtl stonetrims
f 460/1571/1565 473/4660/1566 290/3862/1567
f 460/1571/1565 290/3862/1567 297/284/1568
usemtl brickwall1
f 462/2569/1569 472/1090/1570 364/4464/1571
f 462/2569/1569 364/4464/1571 362/59/1572
f 472/1090/1573 461/2032/1574 364/4464/1575
f 476/2982/1576 485/2274/1577 357/4242/1578
f 476/2982/1576 357/4242/1578 359/1169/1579
f 474/2180/1580 482/1234/1581 363/4687/1582
f 485/2274/1583 477/3691/1584 355/1530/1585
f 485/2274/1583 355/1530/1585 357/4242/1586
usemtl stonetrims
f 478/3799/1587 488/3685/1588 288/177/1589
f 478/3799/1587 288/177/1589 280/2488/1590
f 480/2083/1591 478/3799/1592 280/2488/1593
f 480/2083/1591 280/2488/1593 283/1814/1594
f 479/3090/1595 487/168/1596 284/1465/1597
f 479/3090/1595 284/1465/1597 287/3601/1598
f 484/2619/1599 486/3046/1600 276/3522/1601
f 484/2619/1599 276/3522/1601 279/2382/1602
f 474/3015/1603 363/1803/1604 396/2195/1605
f 474/3015/1603 396/2195/1605 378/2042/1606
usemtl brickwall1
f 482/1234/1607 475/3405/1608 361/1359/1609
f 482/1234/1607 361/1359/1609 363/4687/1610
f 475/3405/1611 476/2982/1612 359/1169/1613
f 475/3405/1611 359/1169/1613 361/1359/1614
f 477/3691/1615 488/3587/1616 328/2260/1617
f 477/3691/1615 328/2260/1617 355/1530/1618
usemtl stonetrims
f 487/168/1619 480/2083/1620 283/1814/1621
f 487/168/1619 283/1814/1621 284/1465/1622
f 486/3046/1623 479/3090/1624 287/3601/1625
f 486/3046/1623 287/3601/1625 276/3522/1626
f 483/4058/1627 474/3015/1628 378/2042/1629
f 483/4058/1627 378/2042/1629 454/1164/1630
usemtl brickwall1
f 493/3012/1631 499/3776/1632 350/819/1633
f 493/3012/1631 350/819/1633 348/1407/1634
f 499/3776/1635 495/178/1636 352/3678/1637
f 499/3776/1635 352/3678/1637 350/819/1638
f 492/4301/1639 498/2393/1640 346/2412/1641
f 492/4301/1639 346/2412/1641 344/1708/1642
usemtl stonetrims
f 496/3191/1643 491/599/1644 316/4033/1645
f 496/3191/1643 316/4033/1645 315/239/1646
f 489/3869/1647 490/1172/1648 320/2509/1649
f 489/3869/1647 320/2509/1649 319/396/1650
f 494/706/1651 496/3191/1652 315/239/1653
f 494/706/1651 315/239/1653 324/1938/1654
usemtl brickwall1
f 497/1592/1655 492/4301/1656 344/1708/1657
f 497/1592/1655 344/1708/1657 329/2858/1658
f 495/178/1659 353/482/1660 352/3678/1661
f 498/2393/1662 493/3012/1663 348/1407/1664
f 498/2393/1662 348/1407/1664 346/2412/1665
usemtl stonetrims
f 497/1423/1666 494/706/1667 324/1938/1668
f 497/1423/1666 324/1938/1668 327/1904/1669
f 491/599/1670 489/3869/1671 319/396/1672
f 491/599/1670 319/396/1672 316/4033/1673
f 490/1172/1674 375/1262/1675 323/1800/1676
f 490/1172/1674 323/1800/1676 320/2509/1677
usemtl brickwall1
f 510/2804/1678 503/2450/1679 347/48/1680
f 510/2804/1678 347/48/1680 349/2421/1681
usemtl stonetrims
f 508/2903/1682 500/1880/1683 302/2406/1684
f 508/2903/1682 302/2406/1684 303/3207/1685
f 509/2078/1686 507/170/1687 306/947/1688
f 509/2078/1686 306/947/1688 308/1033/1689
f 504/1009/1690 502/3286/1691 307/3931/1692
f 504/1009/1690 307/3931/1692 312/648/1693
usemtl brickwall1
f 503/2450/1694 506/2558/1695 345/125/1696
f 503/2450/1694 345/125/1696 347/48/1697
f 354/2016/1698 505/2104/1699 351/2492/1700
f 506/2558/1701 501/1096/1702 343/2560/1703
f 506/2558/1701 343/2560/1703 345/125/1704
f 505/2104/1705 510/2804/1706 349/2421/1707
f 505/2104/1705 349/2421/1707 351/2492/1708
f 501/1096/1709 502/476/1710 330/2587/1711
f 501/1096/1709 330/2587/1711 343/2560/1712
usemtl stonetrims
f 507/170/1713 508/2903/1714 303/3207/1715
f 507/170/1713 303/3207/1715 306/947/1716
f 342/2117/1717 509/2078/1718 308/1033/1719
f 342/2117/1717 308/1033/1719 311/2085/1720
f 500/1880/1721 504/1009/1722 312/648/1723
f 500/1880/1721 312/648/1723 302/2406/1724
f 513/520/1725 523/2035/1726 723/3968/1727
f 513/520/1725 723/3968/1727 712/1348/1728
usemtl brickwall1
f 567/189/1729 569/1059/1730 704/3955/1731
f 567/189/1729 704/3955/1731 708/77/1732
f 569/1059/1733 571/4112/1734 699/2197/1735
f 569/1059/1733 699/2197/1735 704/3955/1736
f 571/4112/1737 573/3199/1738 706/1545/1739
f 571/4112/1737 706/1545/1739 699/2197/1740
f 573/3199/1741 575/4069/1742 698/2644/1743
f 573/3199/1741 698/2644/1743 706/1545/1744
f 575/4069/1745 702/4444/1746 698/2644/1747
f 564/9/1748 600/66/1749 729/577/1750
f 564/9/1748 729/577/1750 732/3441/1751
f 570/3812/1752 735/3265/1753 743/814/1754
f 570/3812/1752 743/814/1754 572/3887/1755
f 572/3887/1756 743/814/1757 742/1361/1758
f 572/3887/1756 742/1361/1758 574/1624/1759
f 574/1624/1760 742/1361/1761 744/948/1762
f 574/1624/1760 744/948/1762 576/1942/1763
f 576/1942/1764 744/948/1765 577/3524/1766
usemtl stonetrims
f 557/1084/1767 561/959/1768 733/2632/1769
f 557/1084/1767 733/2632/1769 727/4194/1770
f 532/2132/1771 536/4191/1772 705/2574/1773
f 532/2132/1771 705/2574/1773 695/3421/1774
usemtl brickwall1
f 601/2452/1775 713/661/1776 715/3210/1777
f 601/2452/1775 715/3210/1777 603/659/1778
f 603/659/1779 715/3210/1780 722/1625/1781
f 603/659/1779 722/1625/1781 605/3219/1782
f 605/3219/1783 722/1625/1784 714/421/1785
f 605/3219/1783 714/421/1785 607/1443/1786
f 607/1443/1787 714/421/1788 721/1194/1789
f 607/1443/1787 721/1194/1789 609/1902/1790
f 609/1902/1791 721/1194/1792 719/2657/1793
f 566/1769/1794 567/189/1795 708/77/1796
f 566/1769/1794 708/77/1796 695/3825/1797
f 602/2433/1798 604/2253/1799 726/4205/1800
f 602/2433/1798 726/4205/1800 731/2116/1801
f 604/2253/1802 606/4676/1803 724/3434/1804
f 604/2253/1802 724/3434/1804 726/4205/1805
f 606/4676/1806 608/740/1807 725/3076/1808
f 606/4676/1806 725/3076/1808 724/3434/1809
f 608/740/1810 610/4501/1811 725/3076/1812
f 600/66/1813 602/2433/1814 731/2116/1815
f 600/66/1813 731/2116/1815 729/577/1816
usemtl stonetrims
f 535/2835/1817 526/3462/1818 707/4467/1819
f 535/2835/1817 707/4467/1819 697/1301/1820
f 527/877/1821 531/3342/1822 700/444/1823
f 527/877/1821 700/444/1823 703/1550/1824
f 526/3462/1825 530/2915/1826 696/783/1827
f 526/3462/1825 696/783/1827 707/4467/1828
f 531/3342/1829 535/2835/1830 697/1301/1831
f 531/3342/1829 697/1301/1831 700/444/1832
usemtl brickwall1
f 568/2398/1833 739/777/1834 735/3265/1835
f 568/2398/1833 735/3265/1835 570/3812/1836
usemtl stonetrims
f 516/1213/1837 512/3589/1838 710/4204/1839
f 516/1213/1837 710/4204/1839 717/1996/1840
f 521/1282/1841 517/4596/1842 720/4604/1843
f 521/1282/1841 720/4604/1843 711/1966/1844
f 562/2217/1845 557/1084/1846 727/4194/1847
f 562/2217/1845 727/4194/1847 732/3288/1848
f 520/73/1849 516/1213/1850 717/1996/1851
f 520/73/1849 717/1996/1851 709/1532/1852
f 512/3589/1853 521/1282/1854 711/1966/1855
f 512/3589/1853 711/1966/1855 710/4204/1856
f 517/4596/1857 513/520/1858 712/1348/1859
f 517/4596/1857 712/1348/1859 720/4604/1860
f 560/3387/1861 552/2095/1862 588/2289/1863
f 560/3387/1861 588/2289/1863 730/1102/1864
f 553/3910/1865 556/4659/1866 734/2713/1867
f 553/3910/1865 734/2713/1867 728/3921/1868
f 536/4191/1869 527/877/1870 703/1550/1871
f 536/4191/1869 703/1550/1871 705/2574/1872
f 556/4659/1873 560/3387/1874 730/1102/1875
f 556/4659/1873 730/1102/1875 734/2713/1876
f 561/959/1877 553/3910/1878 728/3921/1879
f 561/959/1877 728/3921/1879 733/2632/1880
usemtl brickwall1
f 563/4116/1881 723/696/1882 713/661/1883
f 563/4116/1881 713/661/1883 601/2452/1884
usemtl stonetrims
f 539/164/1885 548/3228/1886 740/2836/1887
f 539/164/1885 740/2836/1887 589/1444/1888
f 544/615/1889 540/4328/1890 738/636/1891
f 544/615/1889 738/636/1891 745/704/1892
f 549/3857/1893 545/1964/1894 736/815/1895
f 549/3857/1893 736/815/1895 741/801/1896
usemtl brickwall1
f 565/4439/1897 737/2300/1898 739/777/1899
f 565/4439/1897 739/777/1899 568/2398/1900
usemtl stonetrims
f 548/3228/1901 544/615/1902 745/704/1903
f 548/3228/1901 745/704/1903 740/2836/1904
f 540/4328/1905 549/3857/1906 741/801/1907
f 540/4328/1905 741/801/1907 738/636/1908
f 545/1964/1909 542/1056/1910 737/423/1911
f 545/1964/1909 737/423/1911 736/815/1912
f 582/2580/1913 580/2346/1914 648/30/1915
f 582/2580/1913 648/30/1915 646/1520/1916
f 563/1754/1917 601/3131/1918 662/2610/1919
f 563/1754/1917 662/2610/1919 618/3712/1920
f 581/278/1921 583/72/1922 647/866/1923
f 581/278/1921 647/866/1923 649/2126/1924
f 567/2524/1925 566/3805/1926 617/794/1927
f 567/2524/1925 617/794/1927 628/541/1928
f 565/1462/1929 568/789/1930 629/2422/1931
f 565/1462/1929 629/2422/1931 619/3323/1932
f 569/2677/1933 567/2524/1934 628/541/1935
f 569/2677/1933 628/541/1935 626/3330/1936
f 584/3999/1937 582/2580/1938 646/1520/1939
f 584/3999/1937 646/1520/1939 644/4002/1940
f 602/4463/1941 600/4348/1942 661/1641/1943
f 602/4463/1941 661/1641/1943 659/1418/1944
f 568/789/1945 570/3280/1946 627/2782/1947
f 568/789/1945 627/2782/1947 629/2422/1948
f 583/72/1949 585/3780/1950 645/2254/1951
f 583/72/1949 645/2254/1951 647/866/1952
f 601/3131/1953 603/3939/1954 660/4641/1955
f 601/3131/1953 660/4641/1955 662/2610/1956
f 571/2895/1957 569/2677/1958 626/3330/1959
f 571/2895/1957 626/3330/1959 624/738/1960
f 586/2695/1961 584/3999/1962 644/4002/1963
f 586/2695/1961 644/4002/1963 641/2383/1964
f 604/2503/1965 602/4463/1966 659/1418/1967
f 604/2503/1965 659/1418/1967 657/2103/1968
f 570/3280/1969 572/3119/1970 625/2633/1971
f 570/3280/1969 625/2633/1971 627/2782/1972
f 585/3780/1973 587/211/1974 642/1741/1975
f 585/3780/1973 642/1741/1975 645/2254/1976
f 603/3939/1977 605/1264/1978 658/3047/1979
f 603/3939/1977 658/3047/1979 660/4641/1980
f 573/4455/1981 571/2895/1982 624/738/1983
f 573/4455/1981 624/738/1983 622/398/1984
f 589/2913/1985 586/2695/1986 641/2383/1987
f 589/2913/1985 641/2383/1987 614/1671/1988
f 606/1245/1989 604/2503/1990 657/2103/1991
f 606/1245/1989 657/2103/1991 655/1665/1992
f 572/3119/1993 574/316/1994 623/1395/1995
f 572/3119/1993 623/1395/1995 625/2633/1996
f 605/1264/1997 607/3671/1998 656/3743/1999
f 605/1264/1997 656/3743/1999 658/3047/2000
f 587/211/2001 588/1785/2002 643/3353/2003
f 587/211/2001 643/3353/2003 642/1741/2004
f 621/184/2005 611/1003/2006 612/165/2007
f 621/184/2005 612/165/2007 620/700/2008
f 623/1395/2009 621/184/2010 620/700/2011
f 623/1395/2009 620/700/2011 622/398/2012
f 625/2633/2013 623/1395/2014 622/398/2015
f 625/2633/2013 622/398/2015 624/738/2016
f 627/2782/2017 625/2633/2018 624/738/2019
f 627/2782/2017 624/738/2019 626/3330/2020
f 629/2422/2021 627/2782/2022 626/3330/2023
f 629/2422/2021 626/3330/2023 628/541/2024
f 613/3872/2025 631/4039/2026 632/2177/2027
f 613/3872/2025 632/2177/2027 630/1068/2028
f 631/4039/2029 633/861/2030 634/2729/2031
f 631/4039/2029 634/2729/2031 632/2177/2032
f 633/861/2033 635/2966/2034 636/122/2035
f 633/861/2033 636/122/2035 634/2729/2036
f 635/2966/2037 637/1298/2038 638/1600/2039
f 635/2966/2037 638/1600/2039 636/122/2040
f 637/1298/2041 639/1241/2042 640/217/2043
f 637/1298/2041 640/217/2043 638/1600/2044
f 642/1741/2045 643/3353/2046 614/1671/2047
f 642/1741/2045 614/1671/2047 641/2383/2048
f 645/2254/2049 642/1741/2050 641/2383/2051
f 645/2254/2049 641/2383/2051 644/4002/2052
f 647/866/2053 645/2254/2054 644/4002/2055
f 647/866/2053 644/4002/2055 646/1520/2056
f 649/2126/2057 647/866/2058 646/1520/2059
f 649/2126/2057 646/1520/2059 648/30/2060
f 651/2418/2061 649/2126/2062 648/30/2063
f 651/2418/2061 648/30/2063 650/3762/2064
f 639/1241/2065 618/3238/2066 617/2320/2067
f 639/1241/2065 617/2320/2067 640/217/2068
f 616/567/2069 651/2418/2070 650/3762/2071
f 616/567/2069 650/3762/2071 619/4278/2072
f 653/960/2073 654/4490/2074 615/2706/2075
f 653/960/2073 615/2706/2075 652/2476/2076
f 656/3743/2077 653/960/2078 652/2476/2079
f 656/3743/2077 652/2476/2079 655/1665/2080
f 658/3047/2081 656/3743/2082 655/1665/2083
f 658/3047/2081 655/1665/2083 657/2103/2084
f 660/4641/2085 658/3047/2086 657/2103/2087
f 660/4641/2085 657/2103/2087 659/1418/2088
f 662/2610/2089 660/4641/2090 659/1418/2091
f 662/2610/2089 659/1418/2091 661/1641/2092
f 619/3323/2093 629/2422/2094 628/541/2095
f 619/3323/2093 628/541/2095 617/794/2096
f 618/3712/2097 662/2610/2098 661/1641/2099
f 618/3712/2097 661/1641/2099 616/4607/2100
f 600/4348/2101 564/2471/2102 616/4607/2103
f 600/4348/2101 616/4607/2103 661/1641/2104
f 599/3163/2105 696/1622/2106 630/1068/2107
f 599/3163/2105 630/1068/2107 632/2177/2108
f 579/3859/2109 581/278/2110 649/2126/2111
f 579/3859/2109 649/2126/2111 651/2418/2112
f 598/3681/2113 596/2595/2114 633/861/2115
f 598/3681/2113 633/861/2115 631/4039/2116
f 580/2346/2117 578/101/2118 650/3762/2119
f 580/2346/2117 650/3762/2119 648/30/2120
f 590/309/2121 563/3588/2122 618/3238/2123
f 590/309/2121 618/3238/2123 639/1241/2124
f 597/522/2125 599/3163/2126 632/2177/2127
f 597/522/2125 632/2177/2127 634/2729/2128
f 566/3355/2129 591/3093/2130 640/217/2131
f 566/3355/2129 640/217/2131 617/2320/2132
f 596/2595/2133 594/2233/2134 635/2966/2135
f 596/2595/2133 635/2966/2135 633/861/2136
f 564/703/2137 579/3859/2138 651/2418/2139
f 564/703/2137 651/2418/2139 616/567/2140
f 578/101/2141 565/4387/2142 619/4278/2143
f 578/101/2141 619/4278/2143 650/3762/2144
f 595/291/2145 597/522/2146 634/2729/2147
f 595/291/2145 634/2729/2147 636/122/2148
f 594/2233/2149 592/1288/2150 637/1298/2151
f 594/2233/2149 637/1298/2151 635/2966/2152
f 609/2711/2153 719/3793/2154 654/4490/2155
f 609/2711/2153 654/4490/2155 653/960/2156
f 576/279/2157 577/2133/2158 611/1003/2159
f 576/279/2157 611/1003/2159 621/184/2160
f 593/974/2161 595/291/2162 636/122/2163
f 593/974/2161 636/122/2163 638/1600/2164
f 610/3901/2165 608/3275/2166 652/2476/2167
f 610/3901/2165 652/2476/2167 615/2706/2168
f 592/1288/2169 590/309/2170 639/1241/2171
f 592/1288/2169 639/1241/2171 637/1298/2172
f 607/3671/2173 609/2711/2174 653/960/2175
f 607/3671/2173 653/960/2175 656/3743/2176
f 591/3093/2177 593/974/2178 638/1600/2179
f 591/3093/2177 638/1600/2179 640/217/2180
f 574/316/2181 576/279/2182 621/184/2183
f 574/316/2181 621/184/2183 623/1395/2184
f 608/3275/2185 606/1245/2186 655/1665/2187
f 608/3275/2185 655/1665/2187 652/2476/2188
f 575/2002/2189 573/4455/2190 622/398/2191
f 575/2002/2189 622/398/2191 620/700/2192
f 618/1919/2193 616/3282/2194 666/2698/2195
f 618/1919/2193 666/2698/2195 664/3186/2196
f 619/2783/2197 617/1839/2198 663/3535/2199
f 619/2783/2197 663/3535/2199 668/201/2200
f 616/457/2201 619/3534/2202 668/438/2203
f 616/457/2201 668/438/2203 666/118/2204
f 665/1476/2205 669/3920/2206 663/4487/2207
f 664/3516/2208 673/4103/2209 671/43/2210
f 664/3516/2208 671/43/2210 665/1476/2211
f 666/1156/2212 670/762/2213 667/1590/2214
f 668/1696/2215 669/3920/2216 670/762/2217
f 667/1590/2218 670/762/2219 672/91/2220
f 667/1590/2218 672/91/2220 671/43/2221
f 668/201/2222 663/3535/2223 669/4540/2224
f 663/1436/2225 664/21/2226 665/106/2227
f 664/3186/2228 666/2698/2229 667/818/2230
f 664/3186/2228 667/818/2230 673/1939/2231
f 666/118/2232 668/438/2233 670/2293/2234
f 665/1476/2235 672/91/2236 669/3920/2237
usemtl brickwall1
f 671/3407/2238 673/2222/2239 667/1837/2240
usemtl stonetrims
f 669/3920/2241 672/91/2242 670/762/2243
f 671/43/2244 672/91/2245 665/1476/2246
f 524/1638/2247 702/678/2248 683/1499/2249
f 524/1638/2247 683/1499/2249 676/491/2250
f 589/2913/2251 614/1671/2252 690/1951/2253
f 589/2913/2251 690/1951/2253 685/4121/2254
f 577/3943/2255 546/3913/2256 679/237/2257
f 577/3943/2255 679/237/2257 682/240/2258
f 539/164/2259 589/1444/2260 685/3749/2261
f 539/164/2259 685/3749/2261 678/3251/2262
f 630/1068/2263 696/1622/2264 701/1380/2265
f 630/1068/2263 701/1380/2265 692/639/2266
f 588/2289/2267 552/2095/2268 680/3676/2269
f 588/2289/2267 680/3676/2269 684/4481/2270
f 615/2706/2271 654/4490/2272 694/2120/2273
f 615/2706/2271 694/2120/2273 691/3003/2274
f 611/1003/2275 577/2133/2276 682/99/2277
f 611/1003/2275 682/99/2277 687/4386/2278
f 643/3353/2279 588/1785/2280 684/1863/2281
f 643/3353/2279 684/1863/2281 693/1947/2282
f 558/3679/2283 610/3138/2284 686/2430/2285
f 558/3679/2283 686/2430/2285 681/3994/2286
f 613/3872/2287 630/1068/2288 692/639/2289
f 613/3872/2287 692/639/2289 689/3029/2290
f 654/4490/2291 719/3793/2292 716/456/2293
f 654/4490/2291 716/456/2293 694/2120/2294
f 719/4470/2295 514/4243/2296 674/1055/2297
f 719/4470/2295 674/1055/2297 716/2537/2298
f 614/1671/2299 643/3353/2300 693/1947/2301
f 614/1671/2299 693/1947/2301 690/1951/2302
f 696/783/2303 530/2915/2304 677/1846/2305
f 696/783/2303 677/1846/2305 701/460/2306
f 612/165/2307 611/1003/2308 687/4386/2309
f 612/165/2307 687/4386/2309 688/3123/2310
f 520/73/2311 709/1532/2312 718/2017/2313
f 520/73/2311 718/2017/2313 675/3233/2314
f 610/3901/2315 615/2706/2316 691/3003/2317
f 610/3901/2315 691/3003/2317 686/4633/2318
f 617/729/2319 618/3781/2320 664/21/2321
f 617/729/2319 664/21/2321 663/1436/2322
f 708/1752/2323 704/2201/2324 528/3309/2325
f 708/1752/2323 528/3309/2325 525/986/2326
f 699/2577/2327 706/1905/2328 533/3175/2329
f 699/2577/2327 533/3175/2329 529/87/2330
f 698/1718/2331 702/678/2332 524/1638/2333
f 698/1718/2331 524/1638/2333 534/2420/2334
f 702/1870/2335 575/2002/2336 620/700/2337
f 702/1870/2335 620/700/2337 612/165/2338
usemtl brickwall1
f 703/318/2339 700/1605/2340 595/407/2341
f 703/318/2339 595/407/2341 593/2523/2342
f 700/1605/2343 697/4415/2344 597/1890/2345
f 700/1605/2343 597/1890/2345 595/407/2346
usemtl stonetrims
f 683/1706/2347 702/1870/2348 612/165/2349
f 683/1706/2347 612/165/2349 688/3123/2350
f 704/2201/2351 699/2577/2352 529/87/2353
f 704/2201/2351 529/87/2353 528/3309/2354
f 706/1905/2355 698/1718/2356 534/2420/2357
f 706/1905/2355 534/2420/2357 533/3175/2358
usemtl brickwall1
f 705/2578/2359 703/318/2360 593/2523/2361
f 705/2578/2359 593/2523/2361 591/4506/2362
f 695/3825/2363 705/2578/2364 591/4506/2365
f 695/3825/2363 591/4506/2365 566/1769/2366
usemtl stonetrims
f 695/3421/2367 708/1752/2368 525/986/2369
f 695/3421/2367 525/986/2369 532/2132/2370
usemtl brickwall1
f 697/4415/2371 707/2919/2372 599/1582/2373
f 697/4415/2371 599/1582/2373 597/1890/2374
f 707/2919/2375 696/3863/2376 599/1582/2377
f 711/3287/2378 720/2552/2379 592/1340/2380
f 711/3287/2378 592/1340/2380 594/3033/2381
f 709/2461/2382 717/3107/2383 598/1779/2384
f 720/2552/2385 712/3982/2386 590/3379/2387
f 720/2552/2385 590/3379/2387 592/1340/2388
usemtl stonetrims
f 713/925/2389 723/3968/2390 523/2035/2391
f 713/925/2389 523/2035/2391 515/4339/2392
f 715/3911/2393 713/925/2394 515/4339/2395
f 715/3911/2393 515/4339/2395 518/3689/2396
f 714/3365/2397 722/2026/2398 519/3315/2399
f 714/3365/2397 519/3315/2399 522/710/2400
f 719/4470/2401 721/156/2402 511/3804/2403
f 719/4470/2401 511/3804/2403 514/4243/2404
f 709/119/2405 598/3681/2406 631/4039/2407
f 709/119/2405 631/4039/2407 613/3872/2408
usemtl brickwall1
f 717/3107/2409 710/535/2410 596/3223/2411
f 717/3107/2409 596/3223/2411 598/1779/2412
f 710/535/2413 711/3287/2414 594/3033/2415
f 710/535/2413 594/3033/2415 596/3223/2416
f 712/3982/2417 723/696/2418 563/4116/2419
f 712/3982/2417 563/4116/2419 590/3379/2420
usemtl stonetrims
f 722/2026/2421 715/3911/2422 518/3689/2423
f 722/2026/2421 518/3689/2423 519/3315/2424
f 721/156/2425 714/3365/2426 522/710/2427
f 721/156/2425 522/710/2427 511/3804/2428
f 718/4344/2429 709/119/2430 613/3872/2431
f 718/4344/2429 613/3872/2431 689/3029/2432
usemtl brickwall1
f 728/113/2433 734/897/2434 585/2659/2435
f 728/113/2433 585/2659/2435 583/3273/2436
f 734/897/2437 730/2036/2438 587/776/2439
f 734/897/2437 587/776/2439 585/2659/2440
f 727/4583/2441 733/4254/2442 581/4274/2443
f 727/4583/2441 581/4274/2443 579/3576/2444
usemtl stonetrims
f 731/301/2445 726/2446/2446 551/1130/2447
f 731/301/2445 551/1130/2447 550/2097/2448
f 724/996/2449 725/3038/2450 555/4357/2451
f 724/996/2449 555/4357/2451 554/2227/2452
f 729/2555/2453 731/301/2454 550/2097/2455
f 729/2555/2453 550/2097/2455 559/3782/2456
usemtl brickwall1
f 732/3441/2457 727/4583/2458 579/3576/2459
f 732/3441/2457 579/3576/2459 564/9/2460
f 730/2036/2461 588/2307/2462 587/776/2463
f 733/4254/2464 728/113/2465 583/3273/2466
f 733/4254/2464 583/3273/2466 581/4274/2467
usemtl stonetrims
f 732/3288/2468 729/2555/2469 559/3782/2470
f 732/3288/2468 559/3782/2470 562/2217/2471
f 726/2446/2472 724/996/2473 554/2227/2474
f 726/2446/2472 554/2227/2474 551/1130/2475
f 725/3038/2476 610/3138/2477 558/3679/2478
f 725/3038/2476 558/3679/2478 555/4357/2479
usemtl brickwall1
f 745/4682/2480 738/2714/2481 582/1874/2482
f 745/4682/2480 582/1874/2482 584/4284/2483
usemtl stonetrims
f 743/38/2484 735/3741/2485 537/2671/2486
f 743/38/2484 537/2671/2486 538/325/2487
f 744/3907/2488 742/2029/2489 541/2766/2490
f 744/3907/2488 541/2766/2490 543/2846/2491
f 739/1289/2492 737/423/2493 542/1056/2494
f 739/1289/2492 542/1056/2494 547/2504/2495
usemtl brickwall1
f 738/2714/2496 741/4405/2497 580/1984/2498
f 738/2714/2496 580/1984/2498 582/1874/2499
f 589/3854/2500 740/3932/2501 586/4342/2502
f 741/4405/2503 736/2932/2504 578/4407/2505
f 741/4405/2503 578/4407/2505 580/1984/2506
f 740/3932/2507 745/4682/2508 584/4284/2509
f 740/3932/2507 584/4284/2509 586/4342/2510
f 736/2932/2511 737/2300/2512 565/4439/2513
f 736/2932/2511 565/4439/2513 578/4407/2514
usemtl stonetrims
f 742/2029/2515 743/38/2516 538/325/2517
f 742/2029/2515 538/325/2517 541/2766/2518
f 577/3943/2519 744/3907/2520 543/2846/2521
f 577/3943/2519 543/2846/2521 546/3913/2522
f 735/3741/2523 739/1289/2524 547/2504/2525
f 735/3741/2523 547/2504/2525 537/2671/2526
f 748/2349/2527 758/3865/2528 958/1081/2529
f 748/2349/2527 958/1081/2529 947/3212/2530
usemtl brickwall1
f 802/2051/2531 804/2872/2532 939/1072/2533
f 802/2051/2531 939/1072/2533 943/1922/2534
f 804/2872/2535 806/4380/2536 934/4041/2537
f 804/2872/2535 934/4041/2537 939/1072/2538
f 806/4380/2539 808/315/2540 941/1815/2541
f 806/4380/2539 941/1815/2541 934/4041/2542
f 808/315/2543 810/1158/2544 933/4499/2545
f 808/315/2543 933/4499/2545 941/1815/2546
f 810/1158/2547 937/1566/2548 933/4499/2549
f 799/304/2550 835/1906/2551 964/2415/2552
f 799/304/2550 964/2415/2552 967/574/2553
f 805/4133/2554 970/3550/2555 978/2652/2556
f 805/4133/2554 978/2652/2556 807/1019/2557
f 807/1019/2558 978/2652/2559 977/3226/2560
f 807/1019/2558 977/3226/2560 809/3489/2561
f 809/3489/2562 977/3226/2563 979/2767/2564
f 809/3489/2562 979/2767/2564 811/3785/2565
f 811/3785/2566 979/2767/2567 812/3806/2568
usemtl stonetrims
f 792/1363/2569 796/2777/2570 968/2923/2571
f 792/1363/2569 968/2923/2571 962/1290/2572
f 767/2407/2573 771/4454/2574 940/4422/2575
f 767/2407/2573 940/4422/2575 930/553/2576
usemtl brickwall1
f 836/4308/2577 948/2516/2578 950/327/2579
f 836/4308/2577 950/327/2579 838/2514/2580
f 838/2514/2581 950/327/2582 957/3490/2583
f 838/2514/2581 957/3490/2583 840/340/2584
f 840/340/2585 957/3490/2586 949/2245/2587
f 840/340/2585 949/2245/2587 842/3300/2588
f 842/3300/2589 949/2245/2590 956/3058/2591
f 842/3300/2589 956/3058/2591 844/3760/2592
f 844/3760/2593 956/3058/2594 954/4514/2595
f 801/3642/2596 802/2051/2597 943/1922/2598
f 801/3642/2596 943/1922/2598 930/4140/2599
f 837/4293/2600 839/2528/2601 961/1304/2602
f 837/4293/2600 961/1304/2602 966/2390/2603
f 839/2528/2604 841/1771/2605 959/569/2606
f 839/2528/2604 959/569/2606 961/1304/2607
f 841/1771/2608 843/2588/2609 960/179/2610
f 841/1771/2608 960/179/2610 959/569/2611
f 843/2588/2612 845/62/2613 960/179/2614
f 835/1906/2615 837/4293/2616 966/2390/2617
f 835/1906/2615 966/2390/2617 964/2415/2618
usemtl stonetrims
f 770/3176/2619 761/3753/2620 942/1584/2621
f 770/3176/2619 942/1584/2621 932/3168/2622
f 762/2702/2623 766/483/2624 935/2270/2625
f 762/2702/2623 935/2270/2625 938/3400/2626
f 761/3753/2627 765/3232/2628 931/2624/2629
f 761/3753/2627 931/2624/2629 942/1584/2630
f 766/483/2631 770/3176/2632 932/3168/2633
f 766/483/2631 932/3168/2633 935/2270/2634
usemtl brickwall1
f 803/4260/2635 974/2615/2636 970/3550/2637
f 803/4260/2635 970/3550/2637 805/4133/2638
usemtl stonetrims
f 751/1514/2639 747/3882/2640 945/1299/2641
f 751/1514/2639 945/1299/2641 952/3833/2642
f 756/3155/2643 752/1678/2644 955/155/2645
f 756/3155/2643 955/155/2645 946/2268/2646
f 797/4068/2647 792/1363/2648 962/1290/2649
f 797/4068/2647 962/1290/2649 967/424/2650
f 755/1916/2651 751/1514/2652 952/3833/2653
f 755/1916/2651 952/3833/2653 944/1805/2654
f 747/3882/2655 756/3155/2656 946/2268/2657
f 747/3882/2655 946/2268/2657 945/1299/2658
f 752/1678/2659 748/2349/2660 947/3212/2661
f 752/1678/2659 947/3212/2661 955/155/2662
f 795/519/2663 787/3923/2664 823/4149/2665
f 795/519/2663 823/4149/2665 965/2942/2666
f 788/1039/2667 791/1751/2668 969/4592/2669
f 788/1039/2667 969/4592/2669 963/1051/2670
f 771/4454/2671 762/2702/2672 938/3400/2673
f 771/4454/2671 938/3400/2673 940/4422/2674
f 791/1751/2675 795/519/2676 965/2942/2677
f 791/1751/2675 965/2942/2677 969/4592/2678
f 796/2777/2679 788/1039/2680 963/1051/2681
f 796/2777/2679 963/1051/2681 968/2923/2682
usemtl brickwall1
f 798/1200/2683 958/2546/2684 948/2516/2685
f 798/1200/2683 948/2516/2685 836/4308/2686
usemtl stonetrims
f 774/480/2687 783/353/2688 975/4716/2689
f 774/480/2687 975/4716/2689 824/1711/2690
f 779/2466/2691 775/1434/2692 973/934/2693
f 779/2466/2691 973/934/2693 980/2553/2694
f 784/978/2695 780/2267/2696 971/2654/2697
f 784/978/2695 971/2654/2697 976/1094/2698
usemtl brickwall1
f 800/1558/2699 972/4164/2700 974/2615/2701
f 800/1558/2699 974/2615/2701 803/4260/2702
usemtl stonetrims
f 783/353/2703 779/2466/2704 980/2553/2705
f 783/353/2703 980/2553/2705 975/4716/2706
f 775/1434/2707 784/978/2708 976/1094/2709
f 775/1434/2707 976/1094/2709 973/934/2710
f 780/2267/2711 777/2869/2712 972/2247/2713
f 780/2267/2711 972/2247/2713 971/2654/2714
f 817/4432/2715 815/4208/2716 883/1857/2717
f 817/4432/2715 883/1857/2717 881/3368/2718
f 798/2086/2719 836/3409/2720 897/4462/2721
f 798/2086/2719 897/4462/2721 853/816/2722
f 816/2128/2723 818/1915/2724 882/2693/2725
f 816/2128/2723 882/2693/2725 884/3958/2726
f 802/4371/2727 801/930/2728 852/2634/2729
f 802/4371/2727 852/2634/2729 863/2371/2730
f 800/3311/2731 803/2629/2732 864/4285/2733
f 800/3311/2731 864/4285/2733 854/469/2734
f 804/4546/2735 802/4371/2736 863/2371/2737
f 804/4546/2735 863/2371/2737 861/3626/2738
f 819/1101/2739 817/4432/2740 881/3368/2741
f 819/1101/2739 881/3368/2741 879/4296/2742
f 837/29/2743 835/1453/2744 896/3508/2745
f 837/29/2743 896/3508/2745 894/3283/2746
f 803/2629/2747 805/414/2748 862/4654/2749
f 803/2629/2747 862/4654/2749 864/4285/2750
f 818/1915/2751 820/902/2752 880/4110/2753
f 818/1915/2751 880/4110/2753 882/2693/2754
f 836/3409/2755 838/1063/2756 895/1738/2757
f 836/3409/2755 895/1738/2757 897/4462/2758
f 806/31/2759 804/4546/2760 861/3626/2761
f 806/31/2759 861/3626/2761 859/1048/2762
f 821/4570/2763 819/1101/2764 879/4296/2765
f 821/4570/2763 879/4296/2765 876/4244/2766
f 839/4353/2767 837/29/2768 894/3283/2769
f 839/4353/2767 894/3283/2769 892/2380/2770
f 805/414/2771 807/218/2772 860/2925/2773
f 805/414/2771 860/2925/2773 862/4654/2774
f 820/902/2775 822/2075/2776 877/3606/2777
f 820/902/2775 877/3606/2777 880/4110/2778
f 838/1063/2779 840/3140/2780 893/3327/2781
f 838/1063/2779 893/3327/2781 895/1738/2782
f 808/25/2783 806/31/2784 859/1048/2785
f 808/25/2783 859/1048/2785 857/2228/2786
f 824/46/2787 821/4570/2788 876/4244/2789
f 824/46/2787 876/4244/2789 849/1992/2790
f 841/3125/2791 839/4353/2792 892/2380/2793
f 841/3125/2791 892/2380/2793 890/3537/2794
f 807/218/2795 809/2162/2796 858/1667/2797
f 807/218/2795 858/1667/2797 860/2925/2798
f 840/3140/2799 842/3956/2800 891/849/2801
f 840/3140/2799 891/849/2801 893/3327/2802
f 822/2075/2803 823/3661/2804 878/3650/2805
f 822/2075/2803 878/3650/2805 877/3606/2806
f 856/2043/2807 846/2811/2808 847/481/2809
f 856/2043/2807 847/481/2809 855/2549/2810
f 858/1667/2811 856/2043/2812 855/2549/2813
f 858/1667/2811 855/2549/2813 857/2228/2814
f 860/2925/2815 858/1667/2816 857/2228/2817
f 860/2925/2815 857/2228/2817 859/1048/2818
f 862/4654/2819 860/2925/2820 859/1048/2821
f 862/4654/2819 859/1048/2821 861/3626/2822
f 864/4285/2823 862/4654/2824 861/3626/2825
f 864/4285/2823 861/3626/2825 863/2371/2826
f 848/999/2827 866/1134/2828 867/2456/2829
f 848/999/2827 867/2456/2829 865/2885/2830
f 866/1134/2831 868/2690/2832 869/4610/2833
f 866/1134/2831 869/4610/2833 867/2456/2834
f 868/2690/2835 870/84/2836 871/1983/2837
f 868/2690/2835 871/1983/2837 869/4610/2838
f 870/84/2839 872/1583/2840 873/3452/2841
f 870/84/2839 873/3452/2841 871/1983/2842
f 872/1583/2843 874/3121/2844 875/2080/2845
f 872/1583/2843 875/2080/2845 873/3452/2846
f 877/3606/2847 878/3650/2848 849/1992/2849
f 877/3606/2847 849/1992/2849 876/4244/2850
f 880/4110/2851 877/3606/2852 876/4244/2853
f 880/4110/2851 876/4244/2853 879/4296/2854
f 882/2693/2855 880/4110/2856 879/4296/2857
f 882/2693/2855 879/4296/2857 881/3368/2858
f 884/3958/2859 882/2693/2860 881/3368/2861
f 884/3958/2859 881/3368/2861 883/1857/2862
f 886/4282/2863 884/3958/2864 883/1857/2865
f 886/4282/2863 883/1857/2865 885/874/2866
f 874/3121/2867 853/366/2868 852/4188/2869
f 874/3121/2867 852/4188/2869 875/2080/2870
f 851/2403/2871 886/4282/2872 885/874/2873
f 851/2403/2871 885/874/2873 854/1371/2874
f 888/2778/2875 889/1601/2876 850/4581/2877
f 888/2778/2875 850/4581/2877 887/4329/2878
f 891/849/2879 888/2778/2880 887/4329/2881
f 891/849/2879 887/4329/2881 890/3537/2882
f 893/3327/2883 891/849/2884 890/3537/2885
f 893/3327/2883 890/3537/2885 892/2380/2886
f 895/1738/2887 893/3327/2888 892/2380/2889
f 895/1738/2887 892/2380/2889 894/3283/2890
f 897/4462/2891 895/1738/2892 894/3283/2893
f 897/4462/2891 894/3283/2893 896/3508/2894
f 854/469/2895 864/4285/2896 863/2371/2897
f 854/469/2895 863/2371/2897 852/2634/2898
f 853/816/2899 897/4462/2900 896/3508/2901
f 853/816/2899 896/3508/2901 851/1686/2902
f 835/1453/2903 799/4321/2904 851/1686/2905
f 835/1453/2903 851/1686/2905 896/3508/2906
f 834/3428/2907 931/3483/2908 865/2885/2909
f 834/3428/2907 865/2885/2909 867/2456/2910
f 814/981/2911 816/2128/2912 884/3958/2913
f 814/981/2911 884/3958/2913 886/4282/2914
f 833/3967/2915 831/4446/2916 868/2690/2917
f 833/3967/2915 868/2690/2917 866/1134/2918
f 815/4208/2919 813/1954/2920 885/874/2921
f 815/4208/2919 885/874/2921 883/1857/2922
f 825/588/2923 798/697/2924 853/366/2925
f 825/588/2923 853/366/2925 874/3121/2926
f 832/2352/2927 834/3428/2928 867/2456/2929
f 832/2352/2927 867/2456/2929 869/4610/2930
f 801/497/2931 826/192/2932 875/2080/2933
f 801/497/2931 875/2080/2933 852/4188/2934
f 831/4446/2935 829/4089/2936 870/84/2937
f 831/4446/2935 870/84/2937 868/2690/2938
f 799/2554/2939 814/981/2940 886/4282/2941
f 799/2554/2939 886/4282/2941 851/2403/2942
f 813/1954/2943 800/4681/2944 854/1371/2945
f 813/1954/2943 854/1371/2945 885/874/2946
f 830/2139/2947 832/2352/2948 869/4610/2949
f 830/2139/2947 869/4610/2949 871/1983/2950
f 829/4089/2951 827/3158/2952 872/1583/2953
f 829/4089/2951 872/1583/2953 870/84/2954
f 844/4586/2955 954/4113/2956 889/1601/2957
f 844/4586/2955 889/1601/2957 888/2778/2958
f 811/2129/2959 812/3969/2960 846/2811/2961
f 811/2129/2959 846/2811/2961 856/2043/2962
f 828/2789/2963 830/2139/2964 871/1983/2965
f 828/2789/2963 871/1983/2965 873/3452/2966
f 845/1030/2967 843/411/2968 887/4329/2969
f 845/1030/2967 887/4329/2969 850/4581/2970
f 827/3158/2971 825/588/2972 874/3121/2973
f 827/3158/2971 874/3121/2973 872/1583/2974
f 842/3956/2975 844/4586/2976 888/2778/2977
f 842/3956/2975 888/2778/2977 891/849/2978
f 826/192/2979 828/2789/2980 873/3452/2981
f 826/192/2979 873/3452/2981 875/2080/2982
f 809/2162/2983 811/2129/2984 856/2043/2985
f 809/2162/2983 856/2043/2985 858/1667/2986
f 843/411/2987 841/3125/2988 890/3537/2989
f 843/411/2987 890/3537/2989 887/4329/2990
f 810/3838/2991 808/25/2992 857/2228/2993
f 810/3838/2991 857/2228/2993 855/2549/2994
f 853/3770/2995 851/418/2996 901/3017/2997
f 853/3770/2995 901/3017/2997 899/295/2998
f 854/3115/2999 852/3709/3000 898/642/3001
f 854/3115/2999 898/642/3001 903/2066/3002
f 851/2284/3003 854/643/3004 903/2261/3005
f 851/2284/3003 903/2261/3005 901/1977/3006
f 900/1750/3007 904/4230/3008 898/54/3009
f 899/629/3010 908/1191/3011 906/1868/3012
f 899/629/3010 906/1868/3012 900/1750/3013
f 901/1456/3014 905/2608/3015 902/3439/3016
f 903/3564/3017 904/4230/3018 905/2608/3019
f 902/3439/3020 905/2608/3021 907/419/3022
f 902/3439/3020 907/419/3022 906/1868/3023
f 903/2066/3024 898/642/3025 904/1640/3026
f 898/1703/3027 899/1840/3028 900/1962/3029
f 899/295/3030 901/3017/3031 902/1111/3032
f 899/295/3030 902/1111/3032 908/3783/3033
f 901/1977/3034 903/2261/3035 905/4154/3036
f 900/1750/3037 907/419/3038 904/4230/3039
usemtl brickwall1
f 906/537/3040 908/4074/3041 902/3706/3042
usemtl stonetrims
f 904/4230/3043 907/419/3044 905/2608/3045
f 906/1868/3046 907/419/3047 900/1750/3048
f 759/3501/3049 937/982/3050 918/3345/3051
f 759/3501/3049 918/3345/3051 911/2317/3052
f 824/46/3053 849/1992/3054 925/3794/3055
f 824/46/3053 925/3794/3055 920/1204/3056
f 812/1064/3057 781/1043/3058 914/2098/3059
f 812/1064/3057 914/2098/3059 917/2099/3060
f 774/480/3061 824/1711/3062 920/855/3063
f 774/480/3061 920/855/3063 913/379/3064
f 865/2885/3065 931/3483/3066 936/3242/3067
f 865/2885/3065 936/3242/3067 927/2494/3068
f 823/4149/3069 787/3923/3070 915/3960/3071
f 823/4149/3069 915/3960/3071 919/49/3072
f 850/4581/3073 889/1601/3074 929/3949/3075
f 850/4581/3073 929/3949/3075 926/105/3076
f 846/2811/3077 812/3969/3078 917/1952/3079
f 846/2811/3077 917/1952/3079 922/1505/3080
f 878/3650/3081 823/3661/3082 919/3727/3083
f 878/3650/3081 919/3727/3083 928/3791/3084
f 793/778/3085 845/238/3086 921/4291/3087
f 793/778/3085 921/4291/3087 916/1097/3088
f 848/999/3089 865/2885/3090 927/2494/3091
f 848/999/3089 927/2494/3091 924/134/3092
f 889/1601/3093 954/4113/3094 951/2283/3095
f 889/1601/3093 951/2283/3095 929/3949/3096
f 954/1587/3097 749/1341/3098 909/2867/3099
f 954/1587/3097 909/2867/3099 951/2803/3100
f 849/1992/3101 878/3650/3102 928/3791/3103
f 849/1992/3101 928/3791/3103 925/3794/3104
f 931/2624/3105 765/3232/3106 912/2171/3107
f 931/2624/3105 912/2171/3107 936/719/3108
f 847/481/3109 846/2811/3110 922/1505/3111
f 847/481/3109 922/1505/3111 923/222/3112
f 755/1916/3113 944/1805/3114 953/3855/3115
f 755/1916/3113 953/3855/3115 910/359/3116
f 845/1030/3117 850/4581/3118 926/105/3119
f 845/1030/3117 926/105/3119 921/1725/3120
f 852/1036/3121 853/904/3122 899/1840/3123
f 852/1036/3121 899/1840/3123 898/1703/3124
f 943/3624/3125 939/4045/3126 763/3598/3127
f 943/3624/3125 763/3598/3127 760/2799/3128
f 934/4429/3129 941/2219/3130 768/287/3131
f 934/4429/3129 768/287/3131 764/1940/3132
f 933/2052/3133 937/982/3134 759/3501/3135
f 933/2052/3133 759/3501/3135 769/2688/3136
f 937/2192/3137 810/3838/3138 855/2549/3139
f 937/2192/3137 855/2549/3139 847/481/3140
usemtl brickwall1
f 938/2164/3141 935/3460/3142 830/2234/3143
f 938/2164/3141 830/2234/3143 828/2788/3144
f 935/3460/3145 932/1531/3146 832/3751/3147
f 935/3460/3145 832/3751/3147 830/2234/3148
usemtl stonetrims
f 918/3573/3149 937/2192/3150 847/481/3151
f 918/3573/3149 847/481/3151 923/222/3152
f 939/4045/3153 934/4429/3154 764/1940/3155
f 939/4045/3153 764/1940/3155 763/3598/3156
f 941/2219/3157 933/2052/3158 769/2688/3159
f 941/2219/3157 769/2688/3159 768/287/3160
usemtl brickwall1
f 940/4430/3161 938/2164/3162 828/2788/3163
f 940/4430/3161 828/2788/3163 826/1616/3164
f 930/4140/3165 940/4430/3166 826/1616/3167
f 930/4140/3165 826/1616/3167 801/3642/3168
usemtl stonetrims
f 930/553/3169 943/3624/3170 760/2799/3171
f 930/553/3169 760/2799/3171 767/2407/3172
usemtl brickwall1
f 932/1531/3173 942/3236/3174 834/3426/3175
f 932/1531/3173 834/3426/3175 832/3751/3176
f 942/3236/3177 931/987/3178 834/3426/3179
f 946/425/3180 955/4400/3181 827/1614/3182
f 946/425/3180 827/1614/3182 829/140/3183
f 944/4314/3184 952/206/3185 833/3656/3186
f 955/4400/3187 947/1092/3188 825/514/3189
f 955/4400/3187 825/514/3189 827/1614/3190
usemtl stonetrims
f 948/1202/3191 958/1081/3192 758/3865/3193
f 948/1202/3191 758/3865/3193 750/4623/3194
f 950/1041/3195 948/1202/3196 750/4623/3197
f 950/1041/3195 750/4623/3197 753/787/3198
f 949/505/3199 957/3860/3200 754/459/3201
f 949/505/3199 754/459/3201 757/2559/3202
f 954/1587/3203 956/2013/3204 746/929/3205
f 954/1587/3203 746/929/3205 749/1341/3206
f 944/447/3207 833/3967/3208 866/1134/3209
f 944/447/3207 866/1134/3209 848/999/3210
usemtl brickwall1
f 952/206/3211 945/2365/3212 831/347/3213
f 952/206/3211 831/347/3213 833/3656/3214
f 945/2365/3215 946/425/3216 829/140/3217
f 945/2365/3215 829/140/3217 831/347/3218
f 947/1092/3219 958/2546/3220 798/1200/3221
f 947/1092/3219 798/1200/3221 825/514/3222
usemtl stonetrims
f 957/3860/3223 950/1041/3224 753/787/3225
f 957/3860/3223 753/787/3225 754/459/3226
f 956/2013/3227 949/505/3228 757/2559/3229
f 956/2013/3227 757/2559/3229 746/929/3230
f 953/1447/3231 944/447/3232 848/999/3233
f 953/1447/3231 848/999/3233 924/134/3234
usemtl brickwall1
f 963/443/3235 969/2717/3236 820/4516/3237
f 963/443/3235 820/4516/3237 818/408/3238
f 969/2717/3239 965/3866/3240 822/2617/3241
f 969/2717/3239 822/2617/3241 820/4516/3242
f 962/1670/3243 968/1349/3244 816/1366/3245
f 962/1670/3243 816/1366/3245 814/688/3246
usemtl stonetrims
f 966/2149/3247 961/4302/3248 786/2985/3249
f 966/2149/3247 786/2985/3249 785/3925/3250
f 959/1276/3251 960/145/3252 790/1463/3253
f 959/1276/3251 790/1463/3253 789/4082/3254
f 964/2823/3255 966/2149/3256 785/3925/3257
f 964/2823/3255 785/3925/3257 794/908/3258
usemtl brickwall1
f 967/574/3259 962/1670/3260 814/688/3261
f 967/574/3259 814/688/3261 799/304/3262
f 965/3866/3263 823/4171/3264 822/2617/3265
f 968/1349/3266 963/443/3267 818/408/3268
f 968/1349/3266 818/408/3268 816/1366/3269
usemtl stonetrims
f 967/424/3270 964/2823/3271 794/908/3272
f 967/424/3270 794/908/3272 797/4068/3273
f 961/4302/3274 959/1276/3275 789/4082/3276
f 961/4302/3274 789/4082/3276 786/2985/3277
f 960/145/3278 845/238/3279 793/778/3280
f 960/145/3278 793/778/3280 790/1463/3281
usemtl brickwall1
f 980/251/3282 973/4593/3283 817/3736/3284
f 980/251/3282 817/3736/3284 819/1378/3285
usemtl stonetrims
f 978/346/3286 970/847/3287 772/4537/3288
f 978/346/3286 772/4537/3288 773/2170/3289
f 979/1034/3290 977/3861/3291 776/4643/3292
f 979/1034/3290 776/4643/3292 778/3180/3293
f 974/3159/3294 972/2247/3295 777/2869/3296
f 974/3159/3294 777/2869/3296 782/4354/3297
usemtl brickwall1
f 973/4593/3298 976/4704/3299 815/3821/3300
f 973/4593/3298 815/3821/3300 817/3736/3301
f 824/973/3302 975/4240/3303 821/4627/3304
f 976/4704/3305 971/3246/3306 813/1526/3307
f 976/4704/3305 813/1526/3307 815/3821/3308
f 975/4240/3309 980/251/3310 819/1378/3311
f 975/4240/3309 819/1378/3311 821/4627/3312
f 971/3246/3313 972/4164/3314 800/1558/3315
f 971/3246/3313 800/1558/3315 813/1526/3316
usemtl stonetrims
f 977/3861/3317 978/346/3318 773/2170/3319
f 977/3861/3317 773/2170/3319 776/4643/3320
f 812/1064/3321 979/1034/3322 778/3180/3323
f 812/1064/3321 778/3180/3323 781/1043/3324
f 970/847/3325 974/3159/3326 782/4354/3327
f 970/847/3325 782/4354/3327 772/4537/3328
f 983/2625/3329 993/993/3330 1193/2908/3331
f 983/2625/3329 1193/2908/3331 1182/331/3332
usemtl brickwall1
f 1037/3878/3333 1039/19/3334 1174/2892/3335
f 1037/3878/3333 1174/2892/3335 1178/3771/3336
f 1039/19/3337 1041/1500/3338 1169/1136/3339
f 1039/19/3337 1169/1136/3339 1174/2892/3340
f 1041/1500/3341 1043/2161/3342 1176/3690/3343
f 1041/1500/3341 1176/3690/3343 1169/1136/3344
f 1043/2161/3345 1045/1457/3346 1168/1610/3347
f 1043/2161/3345 1168/1610/3347 1176/3690/3348
f 1045/1457/3349 1172/3416/3350 1168/1610/3351
f 1034/2153/3352 1070/3763/3353 1199/2680/3354
f 1034/2153/3352 1199/2680/3354 1202/2411/3355
f 1040/1214/3356 1205/656/3357 1213/4507/3358
f 1040/1214/3356 1213/4507/3358 1042/2825/3359
f 1042/2825/3360 1213/4507/3361 1212/3504/3362
f 1042/2825/3360 1212/3504/3362 1044/609/3363
f 1044/609/3364 1212/3504/3365 1214/4644/3366
f 1044/609/3364 1214/4644/3366 1046/912/3367
f 1046/912/3368 1214/4644/3369 1047/931/3370
usemtl stonetrims
f 1027/3229/3371 1031/3108/3372 1203/55/3373
f 1027/3229/3371 1203/55/3373 1197/3160/3374
f 1002/4269/3375 1006/1576/3376 1175/1542/3377
f 1002/4269/3375 1175/1542/3377 1165/2387/3378
usemtl brickwall1
f 1071/4595/3379 1183/4363/3380 1185/2172/3381
f 1071/4595/3379 1185/2172/3381 1073/2780/3382
f 1073/2780/3383 1185/2172/3384 1192/3778/3385
f 1073/2780/3383 1192/3778/3385 1075/2183/3386
f 1075/2183/3387 1192/3778/3388 1184/2526/3389
f 1075/2183/3387 1184/2526/3389 1077/3578/3390
f 1077/3578/3391 1184/2526/3392 1191/166/3393
f 1077/3578/3391 1191/166/3393 1079/872/3394
f 1079/872/3395 1191/166/3396 1189/79/3397
f 1036/748/3398 1037/3878/3399 1178/3771/3400
f 1036/748/3398 1178/3771/3400 1165/1225/3401
f 1072/1389/3402 1074/4378/3403 1196/3169/3404
f 1072/1389/3402 1196/3169/3404 1201/4250/3405
f 1074/4378/3406 1076/3644/3407 1194/2404/3408
f 1074/4378/3406 1194/2404/3408 1196/3169/3409
f 1076/3644/3410 1078/2859/3411 1195/2038/3412
f 1076/3644/3410 1195/2038/3412 1194/2404/3413
f 1078/2859/3414 1080/1901/3415 1195/2038/3416
f 1070/3763/3417 1072/1389/3418 1201/4250/3419
f 1070/3763/3417 1201/4250/3419 1199/2680/3420
usemtl stonetrims
f 1005/288/3421 996/864/3422 1177/3432/3423
f 1005/288/3421 1177/3432/3423 1167/280/3424
f 997/3026/3425 1001/2308/3426 1170/4130/3427
f 997/3026/3425 1170/4130/3427 1173/531/3428
f 996/864/3429 1000/358/3430 1166/4477/3431
f 996/864/3429 1166/4477/3431 1177/3432/3432
f 1001/2308/3433 1005/288/3434 1167/280/3435
f 1001/2308/3433 1167/280/3435 1170/4130/3436
usemtl brickwall1
f 1038/4526/3437 1209/2899/3438 1205/656/3439
f 1038/4526/3437 1205/656/3439 1040/1214/3440
usemtl stonetrims
f 986/3361/3441 982/1011/3442 1180/3164/3443
f 986/3361/3441 1180/3164/3443 1187/4146/3444
f 991/262/3445 987/3553/3446 1190/2011/3447
f 991/262/3445 1190/2011/3447 1181/4126/3448
f 1032/1157/3449 1027/3229/3450 1197/3160/3451
f 1032/1157/3449 1197/3160/3451 1202/2248/3452
f 990/3767/3453 986/3361/3454 1187/4146/3455
f 990/3767/3453 1187/4146/3455 1179/3683/3456
f 982/1011/3457 991/262/3458 1181/4126/3459
f 982/1011/3457 1181/4126/3459 1180/3164/3460
f 987/3553/3461 983/2625/3462 1182/331/3463
f 987/3553/3461 1182/331/3463 1190/2011/3464
f 1030/2348/3465 1022/1052/3466 1058/1235/3467
f 1030/2348/3465 1058/1235/3467 1200/67/3468
f 1023/1318/3469 1026/3622/3470 1204/1674/3471
f 1023/1318/3469 1204/1674/3471 1198/2860/3472
f 1006/1576/3473 997/3026/3474 1173/531/3475
f 1006/1576/3473 1173/531/3475 1175/1542/3476
f 1026/3622/3477 1030/2348/3478 1200/67/3479
f 1026/3622/3477 1200/67/3479 1204/1674/3480
f 1031/3108/3481 1023/1318/3482 1198/2860/3483
f 1031/3108/3481 1198/2860/3483 1203/55/3484
usemtl brickwall1
f 1033/3069/3485 1193/2815/3486 1183/4363/3487
f 1033/3069/3485 1183/4363/3487 1071/4595/3488
usemtl stonetrims
f 1009/2304/3489 1018/2193/3490 1210/1811/3491
f 1009/2304/3489 1210/1811/3491 1059/3580/3492
f 1014/2727/3493 1010/1701/3494 1208/2751/3495
f 1014/2727/3493 1208/2751/3495 1215/4401/3496
f 1019/1254/3497 1015/4124/3498 1206/4509/3499
f 1019/1254/3497 1206/4509/3499 1211/2928/3500
usemtl brickwall1
f 1035/1828/3501 1207/4437/3502 1209/2899/3503
f 1035/1828/3501 1209/2899/3503 1038/4526/3504
usemtl stonetrims
f 1018/2193/3505 1014/2727/3506 1215/4401/3507
f 1018/2193/3505 1215/4401/3507 1210/1811/3508
f 1010/1701/3509 1019/1254/3510 1211/2928/3511
f 1010/1701/3509 1211/2928/3511 1208/2751/3512
f 1015/4124/3513 1012/16/3514 1207/4102/3515
f 1015/4124/3513 1207/4102/3515 1206/4509/3516
f 1052/1549/3517 1050/1307/3518 1118/3723/3519
f 1052/1549/3517 1118/3723/3519 1116/506/3520
f 1033/3914/3521 1071/539/3522 1132/1580/3523
f 1033/3914/3521 1132/1580/3523 1088/2655/3524
f 1051/3962/3525 1053/3766/3526 1117/4566/3527
f 1051/3962/3525 1117/4566/3527 1119/4261/3528
f 1037/1486/3529 1036/1206/3530 1087/4488/3531
f 1037/1486/3529 1087/4488/3531 1098/4232/3532
f 1035/454/3533 1038/4484/3534 1099/1379/3535
f 1035/454/3533 1099/1379/3535 1089/2294/3536
f 1039/94/3537 1037/1486/3538 1098/4232/3539
f 1039/94/3537 1098/4232/3539 1096/734/3540
f 1054/2938/3541 1052/1549/3542 1116/506/3543
f 1054/2938/3541 1116/506/3543 1114/1392/3544
f 1072/1855/3545 1070/1726/3546 1131/3790/3547
f 1072/1855/3545 1131/3790/3547 1129/420/3548
f 1038/4484/3549 1040/2238/3550 1097/212/3551
f 1038/4484/3549 1097/212/3551 1099/1379/3552
f 1053/3766/3553 1055/2720/3554 1115/1197/3555
f 1053/3766/3553 1115/1197/3555 1117/4566/3556
f 1071/539/3557 1073/2878/3558 1130/3603/3559
f 1071/539/3557 1130/3603/3559 1132/1580/3560
f 1041/1858/3561 1039/94/3562 1096/734/3563
f 1041/1858/3561 1096/734/3563 1094/2856/3564
f 1056/1664/3565 1054/2938/3566 1114/1392/3567
f 1056/1664/3565 1114/1392/3567 1111/1342/3568
f 1074/1459/3569 1072/1855/3570 1129/420/3571
f 1074/1459/3569 1129/420/3571 1127/4239/3572
f 1040/2238/3573 1042/527/3574 1095/56/3575
f 1040/2238/3573 1095/56/3575 1097/212/3576
f 1055/2720/3577 1057/3903/3578 1112/715/3579
f 1055/2720/3577 1112/715/3579 1115/1197/3580
f 1073/2878/3581 1075/3415/3582 1128/474/3583
f 1073/2878/3581 1128/474/3583 1130/3603/3584
f 1043/1851/3585 1041/1858/3586 1094/2856/3587
f 1043/1851/3585 1094/2856/3587 1092/4087/3588
f 1059/1873/3589 1056/1664/3590 1111/1342/3591
f 1059/1873/3589 1111/1342/3591 1084/3828/3592
f 1076/3401/3593 1074/1459/3594 1127/4239/3595
f 1076/3401/3593 1127/4239/3595 1125/645/3596
f 1042/527/3597 1044/2436/3598 1093/3542/3599
f 1042/527/3597 1093/3542/3599 1095/56/3600
f 1075/3415/3601 1077/1074/3602 1126/1142/3603
f 1075/3415/3601 1126/1142/3603 1128/474/3604
f 1057/3903/3605 1058/3951/3606 1113/756/3607
f 1057/3903/3605 1113/756/3607 1112/715/3608
f 1091/3873/3609 1081/4688/3610 1082/2305/3611
f 1091/3873/3609 1082/2305/3611 1090/2819/3612
f 1093/3542/3613 1091/3873/3614 1090/2819/3615
f 1093/3542/3613 1090/2819/3615 1092/4087/3616
f 1095/56/3617 1093/3542/3618 1092/4087/3619
f 1095/56/3617 1092/4087/3619 1094/2856/3620
f 1097/212/3621 1095/56/3622 1094/2856/3623
f 1097/212/3621 1094/2856/3623 1096/734/3624
f 1099/1379/3625 1097/212/3626 1096/734/3627
f 1099/1379/3625 1096/734/3627 1098/4232/3628
f 1083/1279/3629 1101/2991/3630 1102/4311/3631
f 1083/1279/3629 1102/4311/3631 1100/26/3632
f 1101/2991/3633 1103/3013/3634 1104/1689/3635
f 1101/2991/3633 1104/1689/3635 1102/4311/3636
f 1103/3013/3637 1105/409/3638 1106/3819/3639
f 1103/3013/3637 1106/3819/3639 1104/1689/3640
f 1105/409/3641 1107/3429/3642 1108/579/3643
f 1105/409/3641 1108/579/3643 1106/3819/3644
f 1107/3429/3645 1109/221/3646 1110/2358/3647
f 1107/3429/3645 1110/2358/3647 1108/579/3648
f 1112/715/3649 1113/756/3650 1084/3828/3651
f 1112/715/3649 1084/3828/3651 1111/1342/3652
f 1115/1197/3653 1112/715/3654 1111/1342/3655
f 1115/1197/3653 1111/1342/3655 1114/1392/3656
f 1117/4566/3657 1115/1197/3658 1114/1392/3659
f 1117/4566/3657 1114/1392/3659 1116/506/3660
f 1119/4261/3661 1117/4566/3662 1116/506/3663
f 1119/4261/3661 1116/506/3663 1118/3723/3664
f 1121/4558/3665 1119/4261/3666 1118/3723/3667
f 1121/4558/3665 1118/3723/3667 1120/2701/3668
f 1109/221/3669 1088/2204/3670 1087/1278/3671
f 1109/221/3669 1087/1278/3671 1110/2358/3672
f 1086/2667/3673 1121/4558/3674 1120/2701/3675
f 1086/2667/3673 1120/2701/3675 1089/3234/3676
f 1123/4651/3677 1124/1885/3678 1085/1668/3679
f 1123/4651/3677 1085/1668/3679 1122/1435/3680
f 1126/1142/3681 1123/4651/3682 1122/1435/3683
f 1126/1142/3681 1122/1435/3683 1125/645/3684
f 1128/474/3685 1126/1142/3686 1125/645/3687
f 1128/474/3685 1125/645/3687 1127/4239/3688
f 1130/3603/3689 1128/474/3690 1127/4239/3691
f 1130/3603/3689 1127/4239/3691 1129/420/3692
f 1132/1580/3693 1130/3603/3694 1129/420/3695
f 1132/1580/3693 1129/420/3695 1131/3790/3696
f 1089/2294/3697 1099/1379/3698 1098/4232/3699
f 1089/2294/3697 1098/4232/3699 1087/4488/3700
f 1088/2655/3701 1132/1580/3702 1131/3790/3703
f 1088/2655/3701 1131/3790/3703 1086/3558/3704
f 1070/1726/3705 1034/1422/3706 1086/3558/3707
f 1070/1726/3705 1086/3558/3707 1131/3790/3708
f 1069/561/3709 1166/605/3710 1100/26/3711
f 1069/561/3709 1100/26/3711 1102/4311/3712
f 1049/1259/3713 1051/3962/3714 1119/4261/3715
f 1049/1259/3713 1119/4261/3715 1121/4558/3716
f 1068/1080/3717 1066/1568/3718 1103/3013/3719
f 1068/1080/3717 1103/3013/3719 1101/2991/3720
f 1050/1307/3721 1048/3797/3722 1120/2701/3723
f 1050/1307/3721 1120/2701/3723 1118/3723/3724
f 1060/2432/3725 1033/2547/3726 1088/2204/3727
f 1060/2432/3725 1088/2204/3727 1109/221/3728
f 1067/4213/3729 1069/561/3730 1102/4311/3731
f 1067/4213/3729 1102/4311/3731 1104/1689/3732
f 1036/757/3733 1061/507/3734 1110/2358/3735
f 1036/757/3733 1110/2358/3735 1087/1278/3736
f 1066/1568/3737 1064/4362/3738 1105/409/3739
f 1066/1568/3737 1105/409/3739 1103/3013/3740
f 1034/2822/3741 1049/1259/3742 1121/4558/3743
f 1034/2822/3741 1121/4558/3743 1086/2667/3744
f 1048/3797/3745 1035/1774/3746 1089/3234/3747
f 1048/3797/3745 1089/3234/3747 1120/2701/3748
f 1065/3980/3749 1067/4213/3750 1104/1689/3751
f 1065/3980/3749 1104/1689/3751 1106/3819/3752
f 1064/4362/3753 1062/268/3754 1107/3429/3755
f 1064/4362/3753 1107/3429/3755 1105/409/3756
f 1079/1673/3757 1189/1198/3758 1124/1885/3759
f 1079/1673/3757 1124/1885/3759 1123/4651/3760
f 1046/3963/3761 1047/1082/3762 1081/4688/3763
f 1046/3963/3761 1081/4688/3763 1091/3873/3764
f 1063/4664/3765 1065/3980/3766 1106/3819/3767
f 1063/4664/3765 1106/3819/3767 1108/579/3768
f 1080/2839/3769 1078/665/3770 1122/1435/3771
f 1080/2839/3769 1122/1435/3771 1085/1668/3772
f 1062/268/3773 1060/2432/3774 1109/221/3775
f 1062/268/3773 1109/221/3775 1107/3429/3776
f 1077/1074/3777 1079/1673/3778 1123/4651/3779
f 1077/1074/3777 1123/4651/3779 1126/1142/3780
f 1061/507/3781 1063/4664/3782 1108/579/3783
f 1061/507/3781 1108/579/3783 1110/2358/3784
f 1044/2436/3785 1046/3963/3786 1091/3873/3787
f 1044/2436/3785 1091/3873/3787 1093/3542/3788
f 1078/665/3789 1076/3401/3790 1125/645/3791
f 1078/665/3789 1125/645/3791 1122/1435/3792
f 1045/961/3793 1043/1851/3794 1092/4087/3795
f 1045/961/3793 1092/4087/3795 1090/2819/3796
f 1088/889/3797 1086/2241/3798 1136/120/3799
f 1088/889/3797 1136/120/3799 1134/2144/3800
f 1089/213/3801 1087/813/3802 1133/2500/3803
f 1089/213/3801 1133/2500/3803 1138/3894/3804
f 1086/4143/3805 1089/2501/3806 1138/4117/3807
f 1086/4143/3805 1138/4117/3807 1136/3813/3808
f 1135/3623/3809 1139/1328/3810 1133/1882/3811
f 1134/2478/3812 1143/1491/3813 1141/3732/3814
f 1134/2478/3812 1141/3732/3814 1135/3623/3815
f 1136/3307/3816 1140/4459/3817 1137/572/3818
f 1138/676/3819 1139/1328/3820 1140/4459/3821
f 1137/572/3822 1140/4459/3823 1142/2242/3824
f 1137/572/3822 1142/2242/3824 1141/3732/3825
f 1138/3894/3826 1133/2500/3827 1139/1945/3828
f 1133/3569/3829 1134/2168/3830 1135/2265/3831
f 1134/2144/3832 1136/120/3833 1137/2954/3834
f 1134/2144/3832 1137/2954/3834 1143/910/3835
f 1136/3813/3836 1138/4117/3837 1140/1240/3838
f 1135/3623/3839 1142/2242/3840 1139/1328/3841
usemtl brickwall1
f 1141/803/3842 1143/1163/3843 1137/809/3844
usemtl stonetrims
f 1139/1328/3845 1142/2242/3846 1140/4459/3847
f 1141/3732/3848 1142/2242/3849 1135/3623/3850
f 994/617/3851 1172/2796/3852 1153/3641/3853
f 994/617/3851 1153/3641/3853 1146/4183/3854
f 1059/1873/3855 1084/3828/3856 1160/923/3857
f 1059/1873/3855 1160/923/3857 1155/3078/3858
f 1047/2883/3859 1016/1322/3860 1149/2374/3861
f 1047/2883/3859 1149/2374/3861 1152/2376/3862
f 1009/2304/3863 1059/3580/3864 1155/2689/3865
f 1009/2304/3863 1155/2689/3865 1148/2213/3866
f 1100/26/3867 1166/605/3868 1171/370/3869
f 1100/26/3867 1171/370/3869 1162/4346/3870
f 1058/1235/3871 1022/1052/3872 1150/1077/3873
f 1058/1235/3871 1150/1077/3873 1154/1876/3874
f 1085/1668/3875 1124/1885/3876 1164/1069/3877
f 1085/1668/3875 1164/1069/3877 1161/1960/3878
f 1081/4688/3879 1047/1082/3880 1152/3795/3881
f 1081/4688/3879 1152/3795/3881 1157/1773/3882
f 1113/756/3883 1058/3951/3884 1154/833/3885
f 1113/756/3883 1154/833/3885 1163/921/3886
f 1028/2618/3887 1080/2100/3888 1156/1385/3889
f 1028/2618/3887 1156/1385/3889 1151/2933/3890
f 1083/1279/3891 1100/26/3892 1162/4346/3893
f 1083/1279/3891 1162/4346/3893 1159/1990/3894
f 1124/1885/3895 1189/1198/3896 1186/2568/3897
f 1124/1885/3895 1186/2568/3897 1164/1069/3898
f 1189/3435/3899 984/1615/3900 1144/3200/3901
f 1189/3435/3899 1144/3200/3901 1186/4683/3902
f 1084/3828/3903 1113/756/3904 1163/921/3905
f 1084/3828/3903 1163/921/3905 1160/923/3906
f 1166/4477/3907 1000/358/3908 1147/4014/3909
f 1166/4477/3907 1147/4014/3909 1171/2571/3910
f 1082/2305/3911 1081/4688/3912 1157/1773/3913
f 1082/2305/3911 1157/1773/3913 1158/2084/3914
f 990/3767/3915 1179/3683/3916 1188/975/3917
f 990/3767/3915 1188/975/3917 1145/626/3918
f 1080/2839/3919 1085/1668/3920 1161/1960/3921
f 1080/2839/3919 1161/1960/3921 1156/2057/3922
f 1087/2848/3923 1088/2721/3924 1134/2168/3925
f 1087/2848/3923 1134/2168/3925 1133/3569/3926
f 1178/732/3927 1174/1140/3928 998/707/3929
f 1178/732/3927 998/707/3929 995/4674/3930
f 1169/1547/3931 1176/4071/3932 1003/2135/3933
f 1169/1547/3931 1003/2135/3933 999/2239/3934
f 1168/3879/3935 1172/2796/3936 994/617/3937
f 1168/3879/3935 994/617/3937 1004/4560/3938
f 1172/4036/3939 1045/961/3940 1090/2819/3941
f 1172/4036/3939 1090/2819/3941 1082/2305/3942
usemtl brickwall1
f 1173/4005/3943 1170/585/3944 1065/4090/3945
f 1173/4005/3943 1065/4090/3945 1063/4663/3946
f 1170/585/3947 1167/1804/3948 1067/859/3949
f 1170/585/3947 1067/859/3949 1065/4090/3950
usemtl stonetrims
f 1153/684/3951 1172/4036/3952 1082/2305/3953
f 1153/684/3951 1082/2305/3953 1158/2084/3954
f 1174/1140/3955 1169/1547/3956 999/2239/3957
f 1174/1140/3955 999/2239/3957 998/707/3958
f 1176/4071/3959 1168/3879/3960 1004/4560/3961
f 1176/4071/3959 1004/4560/3961 1003/2135/3962
usemtl brickwall1
f 1175/1548/3963 1173/4005/3964 1063/4663/3965
f 1175/1548/3963 1063/4663/3965 1061/3477/3966
f 1165/1225/3967 1175/1548/3968 1061/3477/3969
f 1165/1225/3967 1061/3477/3969 1036/748/3970
usemtl stonetrims
f 1165/2387/3971 1178/732/3972 995/4674/3973
f 1165/2387/3971 995/4674/3973 1002/4269/3974
usemtl brickwall1
f 1167/1804/3975 1177/362/3976 1069/559/3977
f 1167/1804/3975 1069/559/3977 1067/859/3978
f 1177/362/3979 1166/1267/3980 1069/559/3981
f 1181/2249/3982 1190/1523/3983 1062/3474/3984
f 1181/2249/3982 1062/3474/3984 1064/461/3985
f 1179/1410/3986 1187/521/3987 1068/758/3988
f 1190/1523/3989 1182/2922/3990 1060/2345/3991
f 1190/1523/3989 1060/2345/3991 1062/3474/3992
usemtl stonetrims
f 1183/3072/3993 1193/2908/3994 993/993/3995
f 1183/3072/3993 993/993/3995 985/1712/3996
f 1185/2851/3997 1183/3072/3998 985/1712/3999
f 1185/2851/3997 985/1712/3999 988/1088/4000
f 1184/2333/4001 1192/983/4002 989/2285/4003
f 1184/2333/4001 989/2285/4003 992/4406/4004
f 1189/3435/4005 1191/2298/4006 981/2748/4007
f 1189/3435/4005 981/2748/4007 984/1615/4008
f 1179/2273/4009 1068/1080/4010 1101/2991/4011
f 1179/2273/4009 1101/2991/4011 1083/1279/4012
usemtl brickwall1
f 1187/521/4013 1180/4227/4014 1066/618/4015
f 1187/521/4013 1066/618/4015 1068/758/4016
f 1180/4227/4017 1181/2249/4018 1064/461/4019
f 1180/4227/4017 1064/461/4019 1066/618/4020
f 1182/2922/4021 1193/2815/4022 1033/3069/4023
f 1182/2922/4021 1033/3069/4023 1060/2345/4024
usemtl stonetrims
f 1192/983/4025 1185/2851/4026 988/1088/4027
f 1192/983/4025 988/1088/4027 989/2285/4028
f 1191/2298/4029 1184/2333/4030 992/4406/4031
f 1191/2298/4029 992/4406/4031 981/2748/4032
f 1188/3302/4033 1179/2273/4034 1083/1279/4035
f 1188/3302/4033 1083/1279/4035 1159/1990/4036
usemtl brickwall1
f 1198/2269/4037 1204/4598/4038 1055/80/4039
f 1198/2269/4037 1055/80/4039 1053/663/4040
f 1204/4598/4041 1200/4186/4042 1057/2900/4043
f 1204/4598/4041 1057/2900/4043 1055/80/4044
f 1197/3545/4045 1203/3213/4046 1051/3231/4047
f 1197/3545/4045 1051/3231/4047 1049/994/4048
usemtl stonetrims
f 1201/3991/4049 1196/4585/4050 1021/3289/4051
f 1201/3991/4049 1021/3289/4051 1020/1053/4052
f 1194/3149/4053 1195/1997/4054 1025/3312/4055
f 1194/3149/4053 1025/3312/4055 1024/1170/4056
f 1199/4702/4057 1201/3991/4058 1020/1053/4059
f 1199/4702/4057 1020/1053/4059 1029/2725/4060
usemtl brickwall1
f 1202/2411/4061 1197/3545/4062 1049/994/4063
f 1202/2411/4061 1049/994/4063 1034/2153/4064
f 1200/4186/4065 1058/1260/4066 1057/2900/4067
f 1203/3213/4068 1198/2269/4069 1053/663/4070
f 1203/3213/4068 1053/663/4070 1051/3231/4071
usemtl stonetrims
f 1202/2248/4072 1199/4702/4073 1029/2725/4074
f 1202/2248/4072 1029/2725/4074 1032/1157/4075
f 1196/4585/4076 1194/3149/4077 1024/1170/4078
f 1196/4585/4076 1024/1170/4078 1021/3289/4079
f 1195/1997/4080 1080/2100/4081 1028/2618/4082
f 1195/1997/4080 1028/2618/4082 1025/3312/4083
usemtl brickwall1
f 1215/2109/4084 1208/1675/4085 1052/4042/4086
f 1215/2109/4084 1052/4042/4086 1054/3241/4087
usemtl stonetrims
f 1213/2185/4088 1205/2683/4089 1007/1639/4090
f 1213/2185/4088 1007/1639/4090 1008/2448/4091
f 1214/2847/4092 1212/4176/4093 1011/1739/4094
f 1214/2847/4092 1011/1739/4094 1013/292/4095
f 1209/269/4096 1207/4102/4097 1012/16/4098
f 1209/269/4096 1012/16/4098 1017/1460/4099
usemtl brickwall1
f 1208/1675/4100 1211/1794/4101 1050/942/4102
f 1208/1675/4100 1050/942/4102 1052/4042/4103
f 1059/2790/4104 1210/1338/4105 1056/1716/4106
f 1211/1794/4107 1206/374/4108 1048/3376/4109
f 1211/1794/4107 1048/3376/4109 1050/942/4110
f 1210/1338/4111 1215/2109/4112 1054/3241/4113
f 1210/1338/4111 1054/3241/4113 1056/1716/4114
f 1206/374/4115 1207/4437/4116 1035/1828/4117
f 1206/374/4115 1035/1828/4117 1048/3376/4118
usemtl stonetrims
f 1212/4176/4119 1213/2185/4120 1008/2448/4121
f 1212/4176/4119 1008/2448/4121 1011/1739/4122
f 1047/2883/4123 1214/2847/4124 1013/292/4125
f 1047/2883/4123 1013/292/4125 1016/1322/4126
f 1205/2683/4127 1209/269/4128 1017/1460/4129
f 1205/2683/4127 1017/1460/4129 1007/1639/4130
f 1218/4478/4131 1228/2805/4132 1428/44/4133
f 1218/4478/4131 1428/44/4133 1417/2174/4134
usemtl brickwall1
f 1272/1006/4135 1274/319/4136 1409/3217/4137
f 1272/1006/4135 1409/3217/4137 1413/890/4138
f 1274/319/4139 1276/3346/4140 1404/1431/4141
f 1274/319/4139 1404/1431/4141 1409/3217/4142
f 1276/3346/4143 1278/4003/4144 1411/790/4145
f 1276/3346/4143 1411/790/4145 1404/1431/4146
f 1278/4003/4147 1280/3308/4148 1403/3465/4149
f 1278/4003/4147 1403/3465/4149 1411/790/4150
f 1280/3308/4151 1407/545/4152 1403/3465/4153
f 1269/3995/4154 1305/875/4155 1434/4551/4156
f 1269/3995/4154 1434/4551/4156 1437/2676/4157
f 1275/3088/4158 1440/2512/4159 1448/1617/4160
f 1275/3088/4158 1448/1617/4160 1277/3165/4161
f 1277/3165/4162 1448/1617/4163 1447/621/4164
f 1277/3165/4162 1447/621/4164 1279/898/4165
f 1279/898/4166 1447/621/4167 1449/1740/4168
f 1279/898/4166 1449/1740/4168 1281/2730/4169
f 1281/2730/4170 1449/1740/4171 1282/2750/4172
usemtl stonetrims
f 1262/354/4173 1266/207/4174 1438/1883/4175
f 1262/354/4173 1438/1883/4175 1432/270/4176
f 1237/1360/4177 1241/3423/4178 1410/1812/4179
f 1237/1360/4177 1410/1812/4179 1400/4248/4180
usemtl brickwall1
f 1306/1677/4181 1418/4657/4182 1420/2449/4183
f 1306/1677/4181 1420/2449/4183 1308/4653/4184
f 1308/4653/4185 1420/2449/4186 1427/899/4187
f 1308/4653/4185 1427/899/4187 1310/4026/4188
f 1310/4026/4189 1427/899/4190 1419/4374/4191
f 1310/4026/4189 1419/4374/4191 1312/690/4192
f 1312/690/4193 1419/4374/4194 1426/2023/4195
f 1312/690/4193 1426/2023/4195 1314/1154/4196
f 1314/1154/4197 1426/2023/4198 1424/1923/4199
f 1271/2596/4200 1272/1006/4201 1413/890/4202
f 1271/2596/4200 1413/890/4202 1400/3099/4203
f 1307/3255/4204 1309/1497/4205 1431/281/4206
f 1307/3255/4204 1431/281/4206 1436/1344/4207
f 1309/1497/4208 1311/3933/4209 1429/2668/4210
f 1309/1497/4208 1429/2668/4210 1431/281/4211
f 1311/3933/4212 1313/10/4213 1430/3867/4214
f 1311/3933/4212 1430/3867/4214 1429/2668/4215
f 1313/10/4216 1315/3758/4217 1430/3867/4218
f 1305/875/4219 1307/3255/4220 1436/1344/4221
f 1305/875/4219 1436/1344/4221 1434/4551/4222
usemtl stonetrims
f 1240/2136/4223 1231/2691/4224 1412/566/4225
f 1240/2136/4223 1412/566/4225 1402/2130/4226
f 1232/129/4227 1236/4173/4228 1405/1211/4229
f 1232/129/4227 1405/1211/4229 1408/797/4230
f 1231/2691/4231 1235/2198/4232 1401/1589/4233
f 1231/2691/4231 1401/1589/4233 1412/566/4234
f 1236/4173/4235 1240/2136/4236 1402/2130/4237
f 1236/4173/4235 1402/2130/4237 1405/1211/4238
usemtl brickwall1
f 1273/1630/4239 1444/34/4240 1440/2512/4241
f 1273/1630/4239 1440/2512/4241 1275/3088/4242
usemtl stonetrims
f 1221/503/4243 1217/2818/4244 1415/3430/4245
f 1221/503/4243 1415/3430/4245 1422/1232/4246
f 1226/2118/4247 1222/3839/4248 1425/3848/4249
f 1226/2118/4247 1425/3848/4249 1416/1209/4250
f 1267/3020/4251 1262/354/4252 1432/270/4253
f 1267/3020/4251 1432/270/4253 1437/4105/4254
f 1225/4077/4255 1221/503/4256 1422/1232/4257
f 1225/4077/4255 1422/1232/4257 1414/781/4258
f 1217/2818/4259 1226/2118/4260 1416/1209/4261
f 1217/2818/4259 1416/1209/4261 1415/3430/4262
f 1222/3839/4263 1218/4478/4264 1417/2174/4265
f 1222/3839/4263 1417/2174/4265 1425/3848/4266
f 1265/2626/4267 1257/2863/4268 1293/3109/4269
f 1265/2626/4267 1293/3109/4269 1435/1907/4270
f 1258/3185/4271 1261/3909/4272 1439/1998/4273
f 1258/3185/4271 1439/1998/4273 1433/11/4274
f 1241/3423/4275 1232/129/4276 1408/797/4277
f 1241/3423/4275 1408/797/4277 1410/1812/4278
f 1261/3909/4279 1265/2626/4280 1435/1907/4281
f 1261/3909/4279 1435/1907/4281 1439/1998/4282
f 1266/207/4283 1258/3185/4284 1433/11/4285
f 1266/207/4283 1433/11/4285 1438/1883/4286
usemtl brickwall1
f 1268/3348/4287 1428/4693/4288 1418/4657/4289
f 1268/3348/4287 1418/4657/4289 1306/1677/4290
usemtl stonetrims
f 1244/4167/4291 1253/4037/4292 1445/3687/4293
f 1244/4167/4291 1445/3687/4293 1294/692/4294
f 1249/4608/4295 1245/3567/4296 1443/4625/4297
f 1249/4608/4295 1443/4625/4297 1450/1524/4298
f 1254/3130/4299 1250/1207/4300 1441/1618/4301
f 1254/3130/4299 1441/1618/4301 1446/61/4302
usemtl brickwall1
f 1270/3701/4303 1442/1555/4304 1444/34/4305
f 1270/3701/4303 1444/34/4305 1273/1630/4306
usemtl stonetrims
f 1253/4037/4307 1249/4608/4308 1450/1524/4309
f 1253/4037/4307 1450/1524/4309 1445/3687/4310
f 1245/3567/4311 1254/3130/4312 1446/61/4313
f 1245/3567/4311 1446/61/4313 1443/4625/4314
f 1250/1207/4315 1247/317/4316 1442/4375/4317
f 1250/1207/4315 1442/4375/4317 1441/1618/4318
f 1287/3398/4319 1285/3173/4320 1353/4023/4321
f 1287/3398/4319 1353/4023/4321 1351/764/4322
f 1268/1044/4323 1306/2369/4324 1367/1854/4325
f 1268/1044/4323 1367/1854/4325 1323/4511/4326
f 1286/4265/4327 1288/885/4328 1352/1663/4329
f 1286/4265/4327 1352/1663/4329 1354/1353/4330
f 1272/3332/4331 1271/3080/4332 1322/1599/4333
f 1272/3332/4331 1322/1599/4333 1333/4500/4334
f 1270/712/4335 1273/1596/4336 1334/1655/4337
f 1270/712/4335 1334/1655/4337 1324/4155/4338
f 1274/1948/4339 1272/3332/4340 1333/4500/4341
f 1274/1948/4339 1333/4500/4341 1331/2583/4342
f 1289/3254/4343 1287/3398/4344 1351/764/4345
f 1289/3254/4343 1351/764/4345 1349/3257/4346
f 1307/3721/4347 1305/3592/4348 1366/919/4349
f 1307/3721/4347 1366/919/4349 1364/671/4350
f 1273/1596/4351 1275/4097/4352 1332/2076/4353
f 1273/1596/4351 1332/2076/4353 1334/1655/4354
f 1288/885/4355 1290/4603/4356 1350/3065/4357
f 1288/885/4355 1350/3065/4357 1352/1663/4358
f 1306/2369/4359 1308/22/4360 1365/3889/4361
f 1306/2369/4359 1365/3889/4361 1367/1854/4362
f 1276/3724/4363 1274/1948/4364 1331/2583/4365
f 1276/3724/4363 1331/2583/4365 1329/8/4366
f 1291/1979/4367 1289/3254/4368 1349/3257/4369
f 1291/1979/4367 1349/3257/4369 1346/3205/4370
f 1309/3310/4371 1307/3721/4372 1364/671/4373
f 1309/3310/4371 1364/671/4373 1362/1339/4374
f 1275/4097/4375 1277/2359/4376 1330/1884/4377
f 1275/4097/4375 1330/1884/4377 1332/2076/4378
f 1290/4603/4379 1292/4217/4380 1347/1024/4381
f 1290/4603/4379 1347/1024/4381 1350/3065/4382
f 1308/22/4383 1310/543/4384 1363/2299/4385
f 1308/22/4383 1363/2299/4385 1365/3889/4386
f 1278/3716/4387 1276/3724/4388 1329/8/4389
f 1278/3716/4387 1329/8/4389 1327/1175/4390
f 1294/2196/4391 1291/1979/4392 1346/3205/4393
f 1294/2196/4391 1346/3205/4393 1319/950/4394
f 1311/532/4395 1309/3310/4396 1362/1339/4397
f 1311/532/4395 1362/1339/4397 1360/941/4398
f 1277/2359/4399 1279/4298/4400 1328/650/4401
f 1277/2359/4399 1328/650/4401 1330/1884/4402
f 1310/543/4403 1312/2897/4404 1361/3000/4405
f 1310/543/4403 1361/3000/4405 1363/2299/4406
f 1292/4217/4407 1293/1070/4408 1348/2603/4409
f 1292/4217/4407 1348/2603/4409 1347/1024/4410
f 1326/4190/4411 1316/1781/4412 1317/4168/4413
f 1326/4190/4411 1317/4168/4413 1325/4697/4414
f 1328/650/4415 1326/4190/4416 1325/4697/4417
f 1328/650/4415 1325/4697/4417 1327/1175/4418
f 1330/1884/4419 1328/650/4420 1327/1175/4421
f 1330/1884/4419 1327/1175/4421 1329/8/4422
f 1332/2076/4423 1330/1884/4424 1329/8/4425
f 1332/2076/4423 1329/8/4425 1331/2583/4426
f 1334/1655/4427 1332/2076/4428 1331/2583/4429
f 1334/1655/4427 1331/2583/4429 1333/4500/4430
f 1318/3151/4431 1336/96/4432 1337/1406/4433
f 1318/3151/4431 1337/1406/4433 1335/1852/4434
f 1336/96/4435 1338/114/4436 1339/2018/4437
f 1336/96/4435 1339/2018/4437 1337/1406/4438
f 1338/114/4439 1340/2235/4440 1341/4137/4441
f 1338/114/4439 1341/4137/4441 1339/2018/4442
f 1340/2235/4443 1342/562/4444 1343/853/4445
f 1340/2235/4443 1343/853/4445 1341/4137/4446
f 1342/562/4447 1344/2082/4448 1345/4220/4449
f 1342/562/4447 1345/4220/4449 1343/853/4450
f 1347/1024/4451 1348/2603/4452 1319/950/4453
f 1347/1024/4451 1319/950/4453 1346/3205/4454
f 1350/3065/4455 1347/1024/4456 1346/3205/4457
f 1350/3065/4455 1346/3205/4457 1349/3257/4458
f 1352/1663/4459 1350/3065/4460 1349/3257/4461
f 1352/1663/4459 1349/3257/4461 1351/764/4462
f 1354/1353/4463 1352/1663/4464 1351/764/4465
f 1354/1353/4463 1351/764/4465 1353/4023/4466
f 1356/1650/4467 1354/1353/4468 1353/4023/4469
f 1356/1650/4467 1353/4023/4469 1355/4577/4470
f 1344/2082/4471 1323/4052/4472 1322/3150/4473
f 1344/2082/4471 1322/3150/4473 1345/4220/4474
f 1321/4532/4475 1356/1650/4476 1355/4577/4477
f 1321/4532/4475 1355/4577/4477 1324/3517/4478
f 1358/208/4479 1359/3747/4480 1320/1988/4481
f 1358/208/4479 1320/1988/4481 1357/1702/4482
f 1361/3000/4483 1358/208/4484 1357/1702/4485
f 1361/3000/4483 1357/1702/4485 1360/941/4486
f 1363/2299/4487 1361/3000/4488 1360/941/4489
f 1363/2299/4487 1360/941/4489 1362/1339/4490
f 1365/3889/4491 1363/2299/4492 1362/1339/4493
f 1365/3889/4491 1362/1339/4493 1364/671/4494
f 1367/1854/4495 1365/3889/4496 1364/671/4497
f 1367/1854/4495 1364/671/4497 1366/919/4498
f 1324/4155/4499 1334/1655/4500 1333/4500/4501
f 1324/4155/4499 1333/4500/4501 1322/1599/4502
f 1323/4511/4503 1367/1854/4504 1366/919/4505
f 1323/4511/4503 1366/919/4505 1321/3852/4506
f 1305/3592/4507 1269/1694/4508 1321/3852/4509
f 1305/3592/4507 1321/3852/4509 1366/919/4510
f 1304/2399/4511 1401/2451/4512 1335/1852/4513
f 1304/2399/4511 1335/1852/4513 1337/1406/4514
f 1284/3135/4515 1286/4265/4516 1354/1353/4517
f 1284/3135/4515 1354/1353/4517 1356/1650/4518
f 1303/2905/4519 1301/1836/4520 1338/114/4521
f 1303/2905/4519 1338/114/4521 1336/96/4522
f 1285/3173/4523 1283/4118/4524 1355/4577/4525
f 1285/3173/4523 1355/4577/4525 1353/4023/4526
f 1295/4292/4527 1268/4396/4528 1323/4052/4529
f 1295/4292/4527 1323/4052/4529 1344/2082/4530
f 1302/4480/4531 1304/2399/4532 1337/1406/4533
f 1302/4480/4531 1337/1406/4533 1339/2018/4534
f 1271/2604/4535 1296/2335/4536 1345/4220/4537
f 1271/2604/4535 1345/4220/4537 1322/3150/4538
f 1301/1836/4539 1299/1472/4540 1340/2235/4541
f 1301/1836/4539 1340/2235/4541 1338/114/4542
f 1269/4700/4543 1284/3135/4544 1356/1650/4545
f 1269/4700/4543 1356/1650/4545 1321/4532/4546
f 1283/4118/4547 1270/3646/4548 1324/3517/4549
f 1283/4118/4547 1324/3517/4549 1355/4577/4550
f 1300/4280/4551 1302/4480/4552 1339/2018/4553
f 1300/4280/4551 1339/2018/4553 1341/4137/4554
f 1299/1472/4555 1297/557/4556 1342/562/4557
f 1299/1472/4555 1342/562/4557 1340/2235/4558
f 1314/3548/4559 1424/3066/4560 1359/3747/4561
f 1314/3548/4559 1359/3747/4561 1358/208/4562
f 1281/1078/4563 1282/2909/4564 1316/1781/4565
f 1281/1078/4563 1316/1781/4565 1326/4190/4566
f 1298/1757/4567 1300/4280/4568 1341/4137/4569
f 1298/1757/4567 1341/4137/4569 1343/853/4570
f 1315/4717/4571 1313/2519/4572 1357/1702/4573
f 1315/4717/4571 1357/1702/4573 1320/1988/4574
f 1297/557/4575 1295/4292/4576 1344/2082/4577
f 1297/557/4575 1344/2082/4577 1342/562/4578
f 1312/2897/4579 1314/3548/4580 1358/208/4581
f 1312/2897/4579 1358/208/4581 1361/3000/4582
f 1296/2335/4583 1298/1757/4584 1343/853/4585
f 1296/2335/4583 1343/853/4585 1345/4220/4586
f 1279/4298/4587 1281/1078/4588 1326/4190/4589
f 1279/4298/4587 1326/4190/4589 1328/650/4590
f 1313/2519/4591 1311/532/4592 1360/941/4593
f 1313/2519/4591 1360/941/4593 1357/1702/4594
f 1280/1236/4595 1278/3716/4596 1327/1175/4597
f 1280/1236/4595 1327/1175/4597 1325/4697/4598
f 1323/1171/4599 1321/4100/4600 1371/1981/4601
f 1323/1171/4599 1371/1981/4601 1369/3986/4602
f 1324/2077/4603 1322/1107/4604 1368/4349/4605
f 1324/2077/4603 1368/4349/4605 1373/4206/4606
f 1321/1229/4607 1324/4350/4608 1373/4385/4609
f 1321/1229/4607 1373/4385/4609 1371/936/4610
f 1370/730/4611 1374/3192/4612 1368/3744/4613
f 1369/4331/4614 1378/3337/4615 1376/839/4616
f 1369/4331/4614 1376/839/4616 1370/730/4617
f 1371/450/4618 1375/27/4619 1372/840/4620
f 1373/980/4621 1374/3192/4622 1375/27/4623
f 1372/840/4624 1375/27/4625 1377/4101/4626
f 1372/840/4624 1377/4101/4626 1376/839/4627
f 1373/4206/4628 1368/4349/4629 1374/3789/4630
f 1368/682/4631 1369/4011/4632 1370/4122/4633
f 1369/3986/4634 1371/1981/4635 1372/81/4636
f 1369/3986/4634 1372/81/4636 1378/2728/4637
f 1371/936/4638 1373/4385/4639 1375/3120/4640
f 1370/730/4641 1377/4101/4642 1374/3192/4643
usemtl brickwall1
f 1376/2641/4644 1378/3028/4645 1372/2650/4646
usemtl stonetrims
f 1374/3192/4647 1377/4101/4648 1375/27/4649
f 1376/839/4650 1377/4101/4651 1370/730/4652
f 1229/914/4653 1407/4669/4654 1388/745/4655
f 1229/914/4653 1388/745/4655 1381/4449/4656
f 1294/2196/4657 1319/950/4658 1395/2742/4659
f 1294/2196/4657 1395/2742/4659 1390/3352/4660
f 1282/3211/4661 1251/3189/4662 1384/4234/4663
f 1282/3211/4661 1384/4234/4663 1387/4236/4664
f 1244/4167/4665 1294/692/4666 1390/4561/4667
f 1244/4167/4665 1390/4561/4667 1383/4064/4668
f 1335/1852/4669 1401/2451/4670 1406/2208/4671
f 1335/1852/4669 1406/2208/4671 1397/1449/4672
f 1293/3109/4673 1257/2863/4674 1385/2898/4675
f 1293/3109/4673 1385/2898/4675 1389/3737/4676
f 1320/1988/4677 1359/3747/4678 1399/2886/4679
f 1320/1988/4677 1399/2886/4679 1396/2263/4680
f 1316/1781/4681 1282/2909/4682 1387/924/4683
f 1316/1781/4681 1387/924/4683 1392/3645/4684
f 1348/2603/4685 1293/1070/4686 1389/1123/4687
f 1348/2603/4685 1389/1123/4687 1398/2739/4688
f 1263/2902/4689 1315/3924/4690 1391/3250/4691
f 1263/2902/4689 1391/3250/4691 1386/3247/4692
f 1318/3151/4693 1335/1852/4694 1397/1449/4695
f 1318/3151/4693 1397/1449/4695 1394/2282/4696
f 1359/3747/4697 1424/3066/4698 1421/4414/4699
f 1359/3747/4697 1421/4414/4699 1399/2886/4700
f 1424/3729/4701 1219/3475/4702 1379/320/4703
f 1424/3729/4701 1379/320/4703 1421/1775/4704
f 1319/950/4705 1348/2603/4706 1398/2739/4707
f 1319/950/4705 1398/2739/4707 1395/2742/4708
f 1401/1589/4709 1235/2198/4710 1382/1110/4711
f 1401/1589/4709 1382/1110/4711 1406/4418/4712
f 1317/4168/4713 1316/1781/4714 1392/3645/4715
f 1317/4168/4713 1392/3645/4715 1393/2363/4716
f 1225/4077/4717 1414/781/4718 1423/1249/4719
f 1225/4077/4717 1423/1249/4719 1380/2474/4720
f 1315/4717/4721 1320/1988/4722 1396/2263/4723
f 1315/4717/4721 1396/2263/4723 1391/3884/4724
f 1322/1/4725 1323/3043/4726 1369/4011/4727
f 1322/1/4725 1369/4011/4727 1368/682/4728
f 1413/1042/4729 1409/1438/4730 1233/2556/4731
f 1413/1042/4729 1233/2556/4731 1230/242/4732
f 1404/3395/4733 1411/1159/4734 1238/2410/4735
f 1404/3395/4733 1238/2410/4735 1234/4098/4736
f 1403/1007/4737 1407/4669/4738 1229/914/4739
f 1403/1007/4737 1229/914/4739 1239/1653/4740
f 1407/1132/4741 1280/1236/4742 1325/4697/4743
f 1407/1132/4741 1325/4697/4743 1317/4168/4744
usemtl brickwall1
f 1408/1105/4745 1405/2423/4746 1300/1179/4747
f 1408/1105/4745 1300/1179/4747 1298/1756/4748
f 1405/2423/4749 1402/3682/4750 1302/1149/4751
f 1405/2423/4749 1302/1149/4751 1300/1179/4752
usemtl stonetrims
f 1388/991/4753 1407/1132/4754 1317/4168/4755
f 1388/991/4753 1317/4168/4755 1393/2363/4756
f 1409/1438/4757 1404/3395/4758 1234/4098/4759
f 1409/1438/4757 1234/4098/4759 1233/2556/4760
f 1411/1159/4761 1403/1007/4762 1239/1653/4763
f 1411/1159/4761 1239/1653/4763 1238/2410/4764
usemtl brickwall1
f 1410/1819/4765 1408/1105/4766 1298/1756/4767
f 1410/1819/4765 1298/1756/4767 1296/597/4768
f 1400/3099/4769 1410/1819/4770 1296/597/4771
f 1400/3099/4769 1296/597/4771 1271/2596/4772
usemtl stonetrims
f 1400/4248/4773 1413/1042/4774 1230/242/4775
f 1400/4248/4773 1230/242/4775 1237/1360/4776
usemtl brickwall1
f 1402/3682/4777 1412/2202/4778 1304/2397/4779
f 1402/3682/4777 1304/2397/4779 1302/1149/4780
f 1412/2202/4781 1401/3143/4782 1304/2397/4783
f 1416/4104/4784 1425/3372/4785 1297/592/4786
f 1416/4104/4784 1297/592/4786 1299/2286/4787
f 1414/3274/4788 1422/2351/4789 1303/2605/4790
f 1425/3372/4791 1417/57/4792 1295/4207/4793
f 1425/3372/4791 1295/4207/4793 1297/592/4794
usemtl stonetrims
f 1418/176/4795 1428/44/4796 1228/2805/4797
f 1418/176/4795 1228/2805/4797 1220/3581/4798
f 1420/5/4799 1418/176/4800 1220/3581/4801
f 1420/5/4799 1220/3581/4801 1223/2916/4802
f 1419/4196/4803 1427/1265/4804 1224/4144/4805
f 1419/4196/4803 1224/4144/4805 1227/4705/4806
f 1424/3729/4807 1426/4161/4808 1216/4622/4809
f 1424/3729/4807 1216/4622/4809 1219/3475/4810
f 1414/4134/4811 1303/2905/4812 1336/96/4813
f 1414/4134/4811 1336/96/4813 1318/3151/4814
usemtl brickwall1
f 1422/2351/4815 1415/4494/4816 1301/2470/4817
f 1422/2351/4815 1301/2470/4817 1303/2605/4818
f 1415/4494/4819 1416/4104/4820 1299/2286/4821
f 1415/4494/4819 1299/2286/4821 1301/2470/4822
f 1417/57/4823 1428/4693/4824 1268/3348/4825
f 1417/57/4823 1268/3348/4825 1295/4207/4826
usemtl stonetrims
f 1427/1265/4827 1420/5/4828 1223/2916/4829
f 1427/1265/4827 1223/2916/4829 1224/4144/4830
f 1426/4161/4831 1419/4196/4832 1227/4705/4833
f 1426/4161/4831 1227/4705/4833 1216/4622/4834
f 1423/445/4835 1414/4134/4836 1318/3151/4837
f 1423/445/4835 1318/3151/4837 1394/2282/4838
usemtl brickwall1
f 1433/4128/4839 1439/147/4840 1290/1924/4841
f 1433/4128/4839 1290/1924/4841 1288/2517/4842
f 1439/147/4843 1435/1273/4844 1292/35/4845
f 1439/147/4843 1292/35/4845 1290/1924/4846
f 1432/652/4847 1438/3488/4848 1286/3511/4849
f 1432/652/4847 1286/3511/4849 1284/2806/4850
usemtl stonetrims
f 1436/4287/4851 1431/1672/4852 1256/426/4853
f 1436/4287/4851 1256/426/4853 1255/2864/4854
f 1429/254/4855 1430/2288/4856 1260/3605/4857
f 1429/254/4855 1260/3605/4857 1259/3035/4858
f 1434/1791/4859 1436/4287/4860 1255/2864/4861
f 1434/1791/4859 1255/2864/4861 1264/4606/4862
usemtl brickwall1
f 1437/2676/4863 1432/652/4864 1284/2806/4865
f 1437/2676/4863 1284/2806/4865 1269/3995/4866
f 1435/1273/4867 1293/1561/4868 1292/35/4869
f 1438/3488/4870 1433/4128/4871 1288/2517/4872
f 1438/3488/4870 1288/2517/4872 1286/3511/4873
usemtl stonetrims
f 1437/4105/4874 1434/1791/4875 1264/4606/4876
f 1437/4105/4874 1264/4606/4876 1267/3020/4877
f 1431/1672/4878 1429/254/4879 1259/3035/4880
f 1431/1672/4878 1259/3035/4880 1256/426/4881
f 1430/2288/4882 1315/3924/4883 1263/2902/4884
f 1430/2288/4882 1263/2902/4884 1260/3605/4885
usemtl brickwall1
f 1450/3937/4886 1443/3551/4887 1287/1137/4888
f 1450/3937/4886 1287/1137/4888 1289/3525/4889
usemtl stonetrims
f 1448/4029/4890 1440/2999/4891 1242/3502/4892
f 1448/4029/4890 1242/3502/4892 1243/4303/4893
f 1449/3181/4894 1447/1266/4895 1246/2063/4896
f 1449/3181/4894 1246/2063/4896 1248/2140/4897
f 1444/2122/4898 1442/4375/4899 1247/317/4900
f 1444/2122/4898 1247/317/4900 1252/1731/4901
usemtl brickwall1
f 1443/3551/4902 1446/3672/4903 1285/2761/4904
f 1443/3551/4902 1285/2761/4904 1287/1137/4905
f 1294/4665/4906 1445/3202/4907 1291/3583/4908
f 1446/3672/4909 1441/2211/4910 1283/509/4911
f 1446/3672/4909 1283/509/4911 1285/2761/4912
f 1445/3202/4913 1450/3937/4914 1289/3525/4915
f 1445/3202/4913 1289/3525/4915 1291/3583/4916
f 1441/2211/4917 1442/1555/4918 1270/3701/4919
f 1441/2211/4917 1270/3701/4919 1283/509/4920
usemtl stonetrims
f 1447/1266/4921 1448/4029/4922 1243/4303/4923
f 1447/1266/4921 1243/4303/4923 1246/2063/4924
f 1282/3211/4925 1449/3181/4926 1248/2140/4927
f 1282/3211/4925 1248/2140/4927 1251/3189/4928
f 1440/2999/4929 1444/2122/4930 1252/1731/4931
f 1440/2999/4929 1252/1731/4931 1242/3502/4932
f 1453/1591/4933 1463/3146/4934 1663/351/4935
f 1453/1591/4933 1663/351/4935 1652/2453/4936
usemtl brickwall1
f 1507/1285/4937 1509/2165/4938 1644/338/4939
f 1507/1285/4937 1644/338/4939 1648/1173/4940
f 1509/2165/4941 1511/487/4942 1639/3293/4943
f 1509/2165/4941 1639/3293/4943 1644/338/4944
f 1511/487/4945 1513/4297/4946 1646/2630/4947
f 1511/487/4945 1646/2630/4947 1639/3293/4948
f 1513/4297/4949 1515/451/4950 1638/3757/4951
f 1513/4297/4949 1638/3757/4951 1646/2630/4952
f 1515/451/4953 1642/2377/4954 1638/3757/4955
f 1504/1098/4956 1540/1160/4957 1669/1647/4958
f 1504/1098/4956 1669/1647/4958 1672/4544/4959
f 1510/190/4960 1675/4359/4961 1683/3478/4962
f 1510/190/4960 1683/3478/4962 1512/277/4963
f 1512/277/4964 1683/3478/4965 1682/2472/4966
f 1512/277/4964 1682/2472/4966 1514/2718/4967
f 1514/2718/4968 1682/2472/4969 1684/3607/4970
f 1514/2718/4968 1684/3607/4970 1516/3052/4971
f 1516/3052/4972 1684/3607/4973 1517/4624/4974
usemtl stonetrims
f 1497/2194/4975 1501/2072/4976 1673/3745/4977
f 1497/2194/4975 1673/3745/4977 1667/558/4978
f 1472/3225/4979 1476/555/4980 1645/3688/4981
f 1472/3225/4979 1645/3688/4981 1635/4510/4982
usemtl brickwall1
f 1541/3552/4983 1653/1747/4984 1655/4305/4985
f 1541/3552/4983 1655/4305/4985 1543/1745/4986
f 1543/1745/4987 1655/4305/4988 1662/2719/4989
f 1543/1745/4987 1662/2719/4989 1545/1120/4990
f 1545/1120/4991 1662/2719/4992 1654/1490/4993
f 1545/1120/4991 1654/1490/4993 1547/2539/4994
f 1547/2539/4995 1654/1490/4996 1661/3858/4997
f 1547/2539/4995 1661/3858/4997 1549/3018/4998
f 1549/3018/4999 1661/3858/5000 1659/3772/5001
f 1506/4448/5002 1507/1285/5003 1648/1173/5004
f 1506/4448/5002 1648/1173/5004 1635/198/5005
f 1542/381/5006 1544/3343/5007 1666/568/5008
f 1542/381/5006 1666/568/5008 1671/3208/5009
f 1544/3343/5010 1546/1057/5011 1664/4534/5012
f 1544/3343/5010 1664/4534/5012 1666/568/5013
f 1546/1057/5014 1548/1829/5015 1665/995/5016
f 1546/1057/5014 1665/995/5016 1664/4534/5017
f 1548/1829/5018 1550/870/5019 1665/995/5020
f 1540/1160/5021 1542/381/5022 1671/3208/5023
f 1540/1160/5021 1671/3208/5023 1669/1647/5024
usemtl stonetrims
f 1475/3971/5025 1466/4565/5026 1647/832/5027
f 1475/3971/5025 1647/832/5027 1637/3964/5028
f 1467/1986/5029 1471/4442/5030 1640/1512/5031
f 1467/1986/5029 1640/1512/5031 1643/2637/5032
f 1466/4565/5033 1470/4043/5034 1636/1869/5035
f 1466/4565/5033 1636/1869/5035 1647/832/5036
f 1471/4442/5037 1475/3971/5038 1637/3964/5039
f 1471/4442/5037 1637/3964/5039 1640/1512/5040
usemtl brickwall1
f 1508/3494/5041 1679/1861/5042 1675/4359/5043
f 1508/3494/5041 1675/4359/5043 1510/190/5044
usemtl stonetrims
f 1456/2329/5045 1452/4696/5046 1650/563/5047
f 1456/2329/5045 1650/563/5047 1657/3104/5048
f 1461/2391/5049 1457/962/5050 1660/969/5051
f 1461/2391/5049 1660/969/5051 1651/3084/5052
f 1502/123/5053 1497/2194/5054 1667/558/5055
f 1502/123/5053 1667/558/5055 1672/4377/5056
f 1460/1165/5057 1456/2329/5058 1657/3104/5059
f 1460/1165/5057 1657/3104/5059 1649/2622/5060
f 1452/4696/5061 1461/2391/5062 1651/3084/5063
f 1452/4696/5061 1651/3084/5063 1650/563/5064
f 1457/962/5065 1453/1591/5066 1652/2453/5067
f 1457/962/5065 1652/2453/5067 1660/969/5068
f 1500/4479/5069 1492/12/5070 1528/3389/5071
f 1500/4479/5069 1528/3389/5071 1670/2220/5072
f 1493/294/5073 1496/1038/5074 1674/3834/5075
f 1493/294/5073 1674/3834/5075 1668/305/5076
f 1476/555/5077 1467/1986/5078 1643/2637/5079
f 1476/555/5077 1643/2637/5079 1645/3688/5080
f 1496/1038/5081 1500/4479/5082 1670/2220/5083
f 1496/1038/5081 1670/2220/5083 1674/3834/5084
f 1501/2072/5085 1493/294/5086 1668/305/5087
f 1501/2072/5085 1668/305/5087 1673/3745/5088
usemtl brickwall1
f 1503/489/5089 1663/1783/5090 1653/1747/5091
f 1503/489/5089 1653/1747/5091 1541/3552/5092
usemtl stonetrims
f 1479/1256/5093 1488/1133/5094 1680/3972/5095
f 1479/1256/5093 1680/3972/5095 1529/2540/5096
f 1484/1687/5097 1480/680/5098 1678/1714/5099
f 1484/1687/5097 1678/1714/5099 1685/3373/5100
f 1489/228/5101 1485/3081/5102 1676/3480/5103
f 1489/228/5101 1676/3480/5103 1681/1891/5104
usemtl brickwall1
f 1505/805/5105 1677/3408/5106 1679/1861/5107
f 1505/805/5105 1679/1861/5107 1508/3494/5108
usemtl stonetrims
f 1488/1133/5109 1484/1687/5110 1685/3373/5111
f 1488/1133/5109 1685/3373/5111 1680/3972/5112
f 1480/680/5113 1489/228/5114 1681/1891/5115
f 1480/680/5113 1681/1891/5115 1678/1714/5116
f 1485/3081/5117 1482/2163/5118 1677/1492/5119
f 1485/3081/5117 1677/1492/5119 1676/3480/5120
f 1522/530/5121 1520/3437/5122 1588/1118/5123
f 1522/530/5121 1588/1118/5123 1586/2609/5124
f 1503/2853/5125 1541/4231/5126 1602/3720/5127
f 1503/2853/5125 1602/3720/5127 1558/75/5128
f 1521/1355/5129 1523/2710/5130 1587/1974/5131
f 1521/1355/5129 1587/1974/5131 1589/3218/5132
f 1507/3629/5133 1506/182/5134 1557/1887/5135
f 1507/3629/5133 1557/1887/5135 1568/1611/5136
f 1505/2561/5137 1508/1879/5138 1569/3526/5139
f 1505/2561/5137 1569/3526/5139 1559/1242/5140
f 1509/3792/5141 1507/3629/5142 1568/1611/5143
f 1509/3792/5141 1568/1611/5143 1566/4435/5144
f 1524/380/5145 1522/530/5146 1586/2609/5147
f 1524/380/5145 1586/2609/5147 1584/387/5148
f 1542/828/5149 1540/701/5150 1601/2737/5151
f 1542/828/5149 1601/2737/5151 1599/2525/5152
f 1508/1879/5153 1510/4368/5154 1567/3904/5155
f 1508/1879/5153 1567/3904/5155 1569/3526/5156
f 1523/2710/5157 1525/1684/5158 1585/3344/5159
f 1523/2710/5157 1585/3344/5159 1587/1974/5160
f 1541/4231/5161 1543/324/5162 1600/1021/5163
f 1541/4231/5161 1600/1021/5163 1602/3720/5164
f 1511/4024/5165 1509/3792/5166 1566/4435/5167
f 1511/4024/5165 1566/4435/5167 1564/1825/5168
f 1526/3815/5169 1524/380/5170 1584/387/5171
f 1526/3815/5169 1584/387/5171 1581/3476/5172
f 1544/3599/5173 1542/828/5174 1599/2525/5175
f 1544/3599/5173 1599/2525/5175 1597/3203/5176
f 1510/4368/5177 1512/4221/5178 1565/3746/5179
f 1510/4368/5177 1565/3746/5179 1567/3904/5180
f 1525/1684/5181 1527/1313/5182 1582/2830/5183
f 1525/1684/5181 1582/2830/5183 1585/3344/5184
f 1543/324/5185 1545/2375/5186 1598/4162/5187
f 1543/324/5185 1598/4162/5187 1600/1021/5188
f 1513/820/5189 1511/4024/5190 1564/1825/5191
f 1513/820/5189 1564/1825/5191 1562/1469/5192
f 1529/4040/5193 1526/3815/5194 1581/3476/5195
f 1529/4040/5193 1581/3476/5195 1554/2769/5196
f 1546/2364/5197 1544/3599/5198 1597/3203/5199
f 1546/2364/5197 1597/3203/5199 1595/2759/5200
f 1512/4221/5201 1514/1394/5202 1563/2508/5203
f 1512/4221/5201 1563/2508/5203 1565/3746/5204
f 1545/2375/5205 1547/32/5206 1596/104/5207
f 1545/2375/5205 1596/104/5207 1598/4162/5208
f 1527/1313/5209 1528/2889/5210 1583/4450/5211
f 1527/1313/5209 1583/4450/5211 1582/2830/5212
f 1561/1280/5213 1551/2119/5214 1552/1257/5215
f 1561/1280/5213 1552/1257/5215 1560/1787/5216
f 1563/2508/5217 1561/1280/5218 1560/1787/5219
f 1563/2508/5217 1560/1787/5219 1562/1469/5220
f 1565/3746/5221 1563/2508/5222 1562/1469/5223
f 1565/3746/5221 1562/1469/5223 1564/1825/5224
f 1567/3904/5225 1565/3746/5226 1564/1825/5227
f 1567/3904/5225 1564/1825/5227 1566/4435/5228
f 1569/3526/5229 1567/3904/5230 1566/4435/5231
f 1569/3526/5229 1566/4435/5231 1568/1611/5232
f 1553/257/5233 1571/432/5234 1572/3269/5235
f 1553/257/5233 1572/3269/5235 1570/2175/5236
f 1571/432/5237 1573/1969/5238 1574/3856/5239
f 1571/432/5237 1574/3856/5239 1572/3269/5240
f 1573/1969/5241 1575/4092/5242 1576/1222/5243
f 1573/1969/5241 1576/1222/5243 1574/3856/5244
f 1575/4092/5245 1577/2400/5246 1578/2686/5247
f 1575/4092/5245 1578/2686/5247 1576/1222/5248
f 1577/2400/5249 1579/2361/5250 1580/1316/5251
f 1577/2400/5249 1580/1316/5251 1578/2686/5252
f 1582/2830/5253 1583/4450/5254 1554/2769/5255
f 1582/2830/5253 1554/2769/5255 1581/3476/5256
f 1585/3344/5257 1582/2830/5258 1581/3476/5259
f 1585/3344/5257 1581/3476/5259 1584/387/5260
f 1587/1974/5261 1585/3344/5262 1584/387/5263
f 1587/1974/5261 1584/387/5263 1586/2609/5264
f 1589/3218/5265 1587/1974/5266 1586/2609/5267
f 1589/3218/5265 1586/2609/5267 1588/1118/5268
f 1591/3521/5269 1589/3218/5270 1588/1118/5271
f 1591/3521/5269 1588/1118/5271 1590/126/5272
f 1579/2361/5273 1558/4334/5274 1557/255/5275
f 1579/2361/5273 1557/255/5275 1580/1316/5276
f 1556/1635/5277 1591/3521/5278 1590/126/5279
f 1556/1635/5277 1590/126/5279 1559/630/5280
f 1593/2073/5281 1594/854/5282 1555/3826/5283
f 1593/2073/5281 1555/3826/5283 1592/3571/5284
f 1596/104/5285 1593/2073/5286 1592/3571/5287
f 1596/104/5285 1592/3571/5287 1595/2759/5288
f 1598/4162/5289 1596/104/5290 1595/2759/5291
f 1598/4162/5289 1595/2759/5291 1597/3203/5292
f 1600/1021/5293 1598/4162/5294 1597/3203/5295
f 1600/1021/5293 1597/3203/5295 1599/2525/5296
f 1602/3720/5297 1600/1021/5298 1599/2525/5299
f 1602/3720/5297 1599/2525/5299 1601/2737/5300
f 1559/1242/5301 1569/3526/5302 1568/1611/5303
f 1559/1242/5301 1568/1611/5303 1557/1887/5304
f 1558/75/5305 1602/3720/5306 1601/2737/5307
f 1558/75/5305 1601/2737/5307 1556/972/5308
f 1540/701/5309 1504/3563/5310 1556/972/5311
f 1540/701/5309 1556/972/5311 1601/2737/5312
f 1539/4262/5313 1636/4306/5314 1570/2175/5315
f 1539/4262/5313 1570/2175/5315 1572/3269/5316
f 1519/235/5317 1521/1355/5318 1589/3218/5319
f 1519/235/5317 1589/3218/5319 1591/3521/5320
f 1538/40/5321 1536/3705/5322 1573/1969/5323
f 1538/40/5321 1573/1969/5323 1571/432/5324
f 1520/3437/5325 1518/1201/5326 1590/126/5327
f 1520/3437/5325 1590/126/5327 1588/1118/5328
f 1530/1388/5329 1503/4694/5330 1558/4334/5331
f 1530/1388/5329 1558/4334/5331 1579/2361/5332
f 1537/1594/5333 1539/4262/5334 1572/3269/5335
f 1537/1594/5333 1572/3269/5335 1574/3856/5336
f 1506/4452/5337 1531/4199/5338 1580/1316/5339
f 1506/4452/5337 1580/1316/5339 1557/255/5340
f 1536/3705/5341 1534/3320/5342 1575/4092/5343
f 1536/3705/5341 1575/4092/5343 1573/1969/5344
f 1504/1789/5345 1519/235/5346 1591/3521/5347
f 1504/1789/5345 1591/3521/5347 1556/1635/5348
f 1518/1201/5349 1505/753/5350 1559/630/5351
f 1518/1201/5349 1559/630/5351 1590/126/5352
f 1535/1372/5353 1537/1594/5354 1574/3856/5355
f 1535/1372/5353 1574/3856/5355 1576/1222/5356
f 1534/3320/5357 1532/2394/5358 1577/2400/5359
f 1534/3320/5357 1577/2400/5359 1575/4092/5360
f 1549/655/5361 1659/171/5362 1594/854/5363
f 1549/655/5361 1594/854/5363 1593/2073/5364
f 1516/1356/5365 1517/3227/5366 1551/2119/5367
f 1516/1356/5365 1551/2119/5367 1561/1280/5368
f 1533/3628/5369 1535/1372/5370 1576/1222/5371
f 1533/3628/5369 1576/1222/5371 1578/2686/5372
f 1550/1813/5373 1548/4366/5374 1592/3571/5375
f 1550/1813/5373 1592/3571/5375 1555/3826/5376
f 1532/2394/5377 1530/1388/5378 1579/2361/5379
f 1532/2394/5377 1579/2361/5379 1577/2400/5380
f 1547/32/5381 1549/655/5382 1593/2073/5383
f 1547/32/5381 1593/2073/5383 1596/104/5384
f 1531/4199/5385 1533/3628/5386 1578/2686/5387
f 1531/4199/5385 1578/2686/5387 1580/1316/5388
f 1514/1394/5389 1516/1356/5390 1561/1280/5391
f 1514/1394/5389 1561/1280/5391 1563/2508/5392
f 1548/4366/5393 1546/2364/5394 1595/2759/5395
f 1548/4366/5393 1595/2759/5395 1592/3571/5396
f 1515/3110/5397 1513/820/5398 1562/1469/5399
f 1515/3110/5397 1562/1469/5399 1560/1787/5400
f 1558/3034/5401 1556/4372/5402 1606/3817/5403
f 1558/3034/5401 1606/3817/5403 1604/4283/5404
f 1559/3905/5405 1557/2946/5406 1603/1454/5407
f 1559/3905/5405 1603/1454/5407 1608/1305/5408
f 1556/3103/5409 1559/1455/5410 1608/1503/5411
f 1556/3103/5409 1608/1503/5411 1606/1215/5412
f 1605/2579/5413 1609/303/5414 1603/850/5415
f 1604/4618/5416 1613/479/5417 1611/1131/5418
f 1604/4618/5416 1611/1131/5418 1605/2579/5419
f 1606/2275/5420 1610/1853/5421 1607/2675/5422
f 1608/2795/5423 1609/303/5424 1610/1853/5425
f 1607/2675/5426 1610/1853/5427 1612/1189/5428
f 1607/2675/5426 1612/1189/5428 1611/1131/5429
f 1608/1305/5430 1603/1454/5431 1609/918/5432
f 1603/2533/5433 1604/1108/5434 1605/1205/5435
f 1604/4283/5436 1606/3817/5437 1607/1925/5438
f 1604/4283/5436 1607/1925/5438 1613/4609/5439
f 1606/1215/5440 1608/1503/5441 1610/3394/5442
f 1605/2579/5443 1612/1189/5444 1609/303/5445
usemtl brickwall1
f 1611/4495/5446 1613/132/5447 1607/2943/5448
usemtl stonetrims
f 1609/303/5449 1612/1189/5450 1610/1853/5451
f 1611/1131/5452 1612/1189/5453 1605/2579/5454
f 1464/2731/5455 1642/1766/5456 1623/2592/5457
f 1464/2731/5455 1623/2592/5457 1616/1569/5458
f 1529/4040/5459 1554/2769/5460 1630/4617/5461
f 1529/4040/5459 1630/4617/5461 1625/493/5462
f 1517/328/5463 1486/298/5464 1619/1331/5465
f 1517/328/5463 1619/1331/5465 1622/1333/5466
f 1479/1256/5467 1529/2540/5468 1625/111/5469
f 1479/1256/5467 1625/111/5469 1618/4347/5470
f 1570/2175/5471 1636/4306/5472 1641/2490/5473
f 1570/2175/5471 1641/2490/5473 1632/3304/5474
f 1528/3389/5475 1492/12/5476 1620/33/5477
f 1528/3389/5475 1620/33/5477 1624/845/5478
f 1555/3826/5479 1594/854/5480 1634/3214/5481
f 1555/3826/5479 1634/3214/5481 1631/4120/5482
f 1551/2119/5483 1517/3227/5484 1622/2743/5485
f 1551/2119/5483 1622/2743/5485 1627/751/5486
f 1583/4450/5487 1528/2889/5488 1624/2977/5489
f 1583/4450/5487 1624/2977/5489 1633/3062/5490
f 1498/39/5491 1550/4235/5492 1626/378/5493
f 1498/39/5491 1626/378/5493 1621/375/5494
f 1553/257/5495 1570/2175/5496 1632/3304/5497
f 1553/257/5495 1632/3304/5497 1629/4142/5498
f 1594/854/5499 1659/171/5500 1656/1533/5501
f 1594/854/5499 1656/1533/5501 1634/3214/5502
f 1659/835/5503 1454/593/5504 1614/2166/5505
f 1659/835/5503 1614/2166/5505 1656/3648/5506
f 1554/2769/5507 1583/4450/5508 1633/3062/5509
f 1554/2769/5507 1633/3062/5509 1630/4617/5510
f 1636/1869/5511 1470/4043/5512 1617/2952/5513
f 1636/1869/5511 1617/2952/5513 1641/1534/5514
f 1552/1257/5515 1551/2119/5516 1627/751/5517
f 1552/1257/5515 1627/751/5517 1628/4224/5518
f 1460/1165/5519 1649/2622/5520 1658/3127/5521
f 1460/1165/5519 1658/3127/5521 1615/4327/5522
f 1550/1813/5523 1555/3826/5524 1631/4120/5525
f 1550/1813/5523 1631/4120/5525 1626/1012/5526
f 1557/1818/5527 1558/152/5528 1604/1108/5529
f 1557/1818/5527 1604/1108/5529 1603/2533/5530
f 1648/2850/5531 1644/3296/5532 1468/4403/5533
f 1648/2850/5531 1468/4403/5533 1465/2102/5534
f 1639/3695/5535 1646/3021/5536 1473/4272/5537
f 1639/3695/5535 1473/4272/5537 1469/1187/5538
f 1638/2814/5539 1642/1766/5540 1464/2731/5541
f 1638/2814/5539 1464/2731/5541 1474/3523/5542
f 1642/2988/5543 1515/3110/5544 1560/1787/5545
f 1642/2988/5543 1560/1787/5545 1552/1257/5546
usemtl brickwall1
f 1643/2945/5547 1640/4288/5548 1535/1473/5549
f 1643/2945/5547 1535/1473/5549 1533/3627/5550
f 1640/4288/5551 1637/780/5552 1537/3010/5553
f 1640/4288/5551 1537/3010/5553 1535/1473/5554
usemtl stonetrims
f 1623/2802/5555 1642/2988/5556 1552/1257/5557
f 1623/2802/5555 1552/1257/5557 1628/4224/5558
f 1644/3296/5559 1639/3695/5560 1469/1187/5561
f 1644/3296/5559 1469/1187/5561 1468/4403/5562
f 1646/3021/5563 1638/2814/5564 1474/3523/5565
f 1646/3021/5563 1474/3523/5565 1473/4272/5566
usemtl brickwall1
f 1645/3696/5567 1643/2945/5568 1533/3627/5569
f 1645/3696/5567 1533/3627/5569 1531/2444/5570
f 1635/198/5571 1645/3696/5572 1531/2444/5573
f 1635/198/5571 1531/2444/5573 1506/4448/5574
usemtl stonetrims
f 1635/4510/5575 1648/2850/5576 1465/2102/5577
f 1635/4510/5575 1465/2102/5577 1472/3225/5578
usemtl brickwall1
f 1637/780/5579 1647/4048/5580 1539/2665/5581
f 1637/780/5579 1539/2665/5581 1537/3010/5582
f 1647/4048/5583 1636/243/5584 1539/2665/5585
f 1651/1190/5586 1660/3666/5587 1532/2439/5588
f 1651/1190/5586 1532/2439/5588 1534/4145/5589
f 1649/410/5590 1657/4212/5591 1538/2882/5592
f 1660/3666/5593 1652/365/5594 1530/4471/5595
f 1660/3666/5593 1530/4471/5595 1532/2439/5596
usemtl stonetrims
f 1653/2034/5597 1663/351/5598 1463/3146/5599
f 1653/2034/5597 1463/3146/5599 1455/693/5600
f 1655/296/5601 1653/2034/5602 1455/693/5603
f 1655/296/5601 1455/693/5603 1458/50/5604
f 1654/1291/5605 1662/3136/5606 1459/4417/5607
f 1654/1291/5605 1459/4417/5607 1462/1795/5608
f 1659/835/5609 1661/1246/5610 1451/1709/5611
f 1659/835/5609 1451/1709/5611 1454/593/5612
f 1649/1218/5613 1538/40/5614 1571/432/5615
f 1649/1218/5613 1571/432/5615 1553/257/5616
usemtl brickwall1
f 1657/4212/5617 1650/1604/5618 1536/4320/5619
f 1657/4212/5617 1536/4320/5619 1538/2882/5620
f 1650/1604/5621 1651/1190/5622 1534/4145/5623
f 1650/1604/5621 1534/4145/5623 1536/4320/5624
f 1652/365/5625 1663/1783/5626 1503/489/5627
f 1652/365/5625 1503/489/5627 1530/4471/5628
usemtl stonetrims
f 1662/3136/5629 1655/296/5630 1458/50/5631
f 1662/3136/5629 1458/50/5631 1459/4417/5632
f 1661/1246/5633 1654/1291/5634 1462/1795/5635
f 1661/1246/5633 1462/1795/5635 1451/1709/5636
f 1658/2272/5637 1649/1218/5638 1553/257/5639
f 1658/2272/5637 1553/257/5639 1629/4142/5640
usemtl brickwall1
f 1668/1210/5641 1674/2003/5642 1525/3774/5643
f 1668/1210/5641 1525/3774/5643 1523/4364/5644
f 1674/2003/5645 1670/3147/5646 1527/1864/5647
f 1674/2003/5645 1527/1864/5647 1525/3774/5648
f 1667/2510/5649 1673/608/5650 1521/623/5651
f 1667/2510/5649 1521/623/5651 1519/4684/5652
usemtl stonetrims
f 1671/1382/5653 1666/3547/5654 1491/2250/5655
f 1671/1382/5653 1491/2250/5655 1490/3196/5656
f 1664/2113/5657 1665/4147/5658 1495/714/5659
f 1664/2113/5657 1495/714/5659 1494/3317/5660
f 1669/3669/5661 1671/1382/5662 1490/3196/5663
f 1669/3669/5661 1490/3196/5663 1499/157/5664
usemtl brickwall1
f 1672/4544/5665 1667/2510/5666 1519/4684/5667
f 1672/4544/5665 1519/4684/5667 1504/1098/5668
f 1670/3147/5669 1528/3413/5670 1527/1864/5671
f 1673/608/5672 1668/1210/5673 1523/4364/5674
f 1673/608/5672 1523/4364/5674 1521/623/5675
usemtl stonetrims
f 1672/4377/5676 1669/3669/5677 1499/157/5678
f 1672/4377/5676 1499/157/5678 1502/123/5679
f 1666/3547/5680 1664/2113/5681 1494/3317/5682
f 1666/3547/5680 1494/3317/5682 1491/2250/5683
f 1665/4147/5684 1550/4235/5685 1498/39/5686
f 1665/4147/5684 1498/39/5686 1495/714/5687
usemtl brickwall1
f 1685/1061/5688 1678/3835/5689 1522/2993/5690
f 1685/1061/5688 1522/2993/5690 1524/634/5691
usemtl stonetrims
f 1683/1127/5692 1675/102/5693 1477/619/5694
f 1683/1127/5692 1477/619/5694 1478/1399/5695
f 1684/293/5696 1682/3141/5697 1481/3890/5698
f 1684/293/5696 1481/3890/5698 1483/3981/5699
f 1679/3950/5700 1677/1492/5701 1482/2163/5702
f 1679/3950/5700 1482/2163/5702 1487/3600/5703
usemtl brickwall1
f 1678/3835/5704 1681/771/5705 1520/3096/5706
f 1678/3835/5704 1520/3096/5706 1522/2993/5707
f 1529/225/5708 1680/321/5709 1526/694/5710
f 1681/771/5711 1676/4060/5712 1518/773/5713
f 1681/771/5711 1518/773/5713 1520/3096/5714
f 1680/321/5715 1685/1061/5716 1524/634/5717
f 1680/321/5715 1524/634/5717 1526/694/5718
f 1676/4060/5719 1677/3408/5720 1505/805/5721
f 1676/4060/5719 1505/805/5721 1518/773/5722
usemtl stonetrims
f 1682/3141/5723 1683/1127/5724 1478/1399/5725
f 1682/3141/5723 1478/1399/5725 1481/3890/5726
f 1517/328/5727 1684/293/5728 1483/3981/5729
f 1517/328/5727 1483/3981/5729 1486/298/5730
f 1675/102/5731 1679/3950/5732 1487/3600/5733
f 1675/102/5731 1487/3600/5733 1477/619/5734
f 1688/3440/5735 1698/252/5736 1898/2190/5737
f 1688/3440/5735 1898/2190/5737 1887/4309/5738
usemtl brickwall1
f 1742/3157/5739 1744/4006/5740 1879/2181/5741
f 1742/3157/5739 1879/2181/5741 1883/3036/5742
f 1744/4006/5743 1746/746/5744 1874/434/5745
f 1744/4006/5743 1874/434/5745 1879/2181/5746
f 1746/746/5747 1748/1393/5748 1881/2920/5749
f 1746/746/5747 1881/2920/5749 1874/434/5750
f 1748/1393/5751 1750/2277/5752 1873/868/5753
f 1748/1393/5751 1873/868/5753 1881/2920/5754
f 1750/2277/5755 1877/2647/5756 1873/868/5757
f 1739/2934/5758 1775/3023/5759 1904/3518/5760
f 1739/2934/5758 1904/3518/5760 1907/1643/5761
f 1745/504/5762 1910/1468/5763 1918/3765/5764
f 1745/504/5762 1918/3765/5764 1747/2127/5765
f 1747/2127/5766 1918/3765/5767 1917/4322/5768
f 1747/2127/5766 1917/4322/5768 1749/4599/5769
f 1749/4599/5770 1917/4322/5771 1919/3892/5772
f 1749/4599/5770 1919/3892/5772 1751/161/5773
f 1751/161/5774 1919/3892/5775 1752/1713/5776
usemtl stonetrims
f 1732/4038/5777 1736/3900/5778 1908/851/5779
f 1732/4038/5777 1908/851/5779 1902/2395/5780
f 1707/350/5781 1711/2392/5782 1880/785/5783
f 1707/350/5781 1880/785/5783 1870/1619/5784
usemtl brickwall1
f 1776/657/5785 1888/3619/5786 1890/1403/5787
f 1776/657/5785 1890/1403/5787 1778/3617/5788
f 1778/3617/5789 1890/1403/5790 1897/4600/5791
f 1778/3617/5789 1897/4600/5791 1780/1414/5792
f 1780/1414/5793 1897/4600/5794 1889/3336/5795
f 1780/1414/5793 1889/3336/5795 1782/4389/5796
f 1782/4389/5797 1889/3336/5798 1896/4169/5799
f 1782/4389/5797 1896/4169/5799 1784/121/5800
f 1784/121/5801 1896/4169/5802 1894/891/5803
f 1741/14/5804 1742/3157/5805 1883/3036/5806
f 1741/14/5804 1883/3036/5806 1870/510/5807
f 1777/644/5808 1779/3639/5809 1901/2405/5810
f 1777/644/5808 1901/2405/5810 1906/326/5811
f 1779/3639/5812 1781/2870/5813 1899/1637/5814
f 1779/3639/5812 1899/1637/5814 1901/2405/5815
f 1781/2870/5816 1783/3702/5817 1900/1275/5818
f 1781/2870/5816 1900/1275/5818 1899/1637/5819
f 1783/3702/5820 1785/2697/5821 1900/1275/5822
f 1775/3023/5823 1777/644/5824 1906/326/5825
f 1775/3023/5823 1906/326/5825 1904/3518/5826
usemtl stonetrims
f 1710/4273/5827 1701/1662/5828 1882/2666/5829
f 1710/4273/5827 1882/2666/5829 1872/4266/5830
f 1702/3824/5831 1706/1562/5832 1875/3358/5833
f 1702/3824/5831 1875/3358/5833 1878/4491/5834
f 1701/1662/5835 1705/1138/5836 1871/3733/5837
f 1701/1662/5835 1871/3733/5837 1882/2666/5838
f 1706/1562/5839 1710/4273/5840 1872/4266/5841
f 1706/1562/5839 1872/4266/5841 1875/3358/5842
usemtl brickwall1
f 1743/613/5843 1914/3725/5844 1910/1468/5845
f 1743/613/5843 1910/1468/5845 1745/504/5846
usemtl stonetrims
f 1691/4192/5847 1687/271/5848 1885/2401/5849
f 1691/4192/5847 1885/2401/5849 1892/203/5850
f 1696/4252/5851 1692/2779/5852 1895/1244/5853
f 1696/4252/5851 1895/1244/5853 1886/185/5854
f 1737/452/5855 1732/4038/5856 1902/2395/5857
f 1737/452/5855 1902/2395/5857 1907/1493/5858
f 1695/3031/5859 1691/4192/5860 1892/203/5861
f 1695/3031/5859 1892/203/5861 1884/4473/5862
f 1687/271/5863 1696/4252/5864 1886/185/5865
f 1687/271/5863 1886/185/5865 1885/2401/5866
f 1692/2779/5867 1688/3440/5868 1887/4309/5869
f 1692/2779/5867 1887/4309/5869 1895/1244/5870
f 1735/1593/5871 1727/308/5872 1763/523/5873
f 1735/1593/5871 1763/523/5873 1905/4072/5874
f 1728/2142/5875 1731/2849/5876 1909/955/5877
f 1728/2142/5875 1909/955/5877 1903/2154/5878
f 1711/2392/5879 1702/3824/5880 1878/4491/5881
f 1711/2392/5879 1878/4491/5881 1880/785/5882
f 1731/2849/5883 1735/1593/5884 1905/4072/5885
f 1731/2849/5883 1905/4072/5885 1909/955/5886
f 1736/3900/5887 1728/2142/5888 1903/2154/5889
f 1736/3900/5887 1903/2154/5889 1908/851/5890
usemtl brickwall1
f 1738/2315/5891 1898/3659/5892 1888/3619/5893
f 1738/2315/5891 1888/3619/5893 1776/657/5894
usemtl stonetrims
f 1714/3132/5895 1723/1427/5896 1915/1085/5897
f 1714/3132/5895 1915/1085/5897 1764/2808/5898
f 1719/3559/5899 1715/2531/5900 1913/2046/5901
f 1719/3559/5899 1913/2046/5901 1920/3668/5902
f 1724/2091/5903 1720/186/5904 1911/3768/5905
f 1724/2091/5903 1911/3768/5905 1916/2207/5906
usemtl brickwall1
f 1740/2643/5907 1912/538/5908 1914/3725/5909
f 1740/2643/5907 1914/3725/5909 1743/613/5910
usemtl stonetrims
f 1723/1427/5911 1719/3559/5912 1920/3668/5913
f 1723/1427/5911 1920/3668/5913 1915/1085/5914
f 1715/2531/5915 1724/2091/5916 1916/2207/5917
f 1715/2531/5915 1916/2207/5917 1913/2046/5918
f 1720/186/5919 1717/4004/5920 1912/3338/5921
f 1720/186/5919 1912/3338/5921 1911/3768/5922
f 1757/796/5923 1755/571/5924 1823/2971/5925
f 1757/796/5923 1823/2971/5925 1821/4461/5926
f 1738/7/5927 1776/1329/5928 1837/826/5929
f 1738/7/5927 1837/826/5929 1793/1917/5930
f 1756/3221/5931 1758/3030/5932 1822/3810/5933
f 1756/3221/5931 1822/3810/5933 1824/339/5934
f 1742/737/5935 1741/2041/5936 1792/3748/5937
f 1742/737/5935 1792/3748/5937 1803/3466/5938
f 1740/4408/5939 1743/3740/5940 1804/635/5941
f 1740/4408/5939 1804/635/5941 1794/1546/5942
f 1744/922/5943 1742/737/5944 1803/3466/5945
f 1744/922/5943 1803/3466/5945 1801/1553/5946
f 1759/2214/5947 1757/796/5948 1821/4461/5949
f 1759/2214/5947 1821/4461/5949 1819/2221/5950
f 1777/2664/5951 1775/2550/5952 1836/4614/5953
f 1777/2664/5951 1836/4614/5953 1834/4373/5954
f 1743/3740/5955 1745/1481/5956 1802/1031/5957
f 1743/3740/5955 1802/1031/5957 1804/635/5958
f 1758/3030/5959 1760/2007/5960 1820/486/5961
f 1758/3030/5959 1820/486/5961 1822/3810/5962
f 1776/1329/5963 1778/2169/5964 1835/2828/5965
f 1776/1329/5963 1835/2828/5965 1837/826/5966
f 1746/1119/5967 1744/922/5968 1801/1553/5969
f 1746/1119/5967 1801/1553/5969 1799/2150/5970
f 1761/937/5971 1759/2214/5972 1819/2221/5973
f 1761/937/5971 1819/2221/5973 1816/595/5974
f 1779/708/5975 1777/2664/5976 1834/4373/5977
f 1779/708/5975 1834/4373/5977 1832/3473/5978
f 1745/1481/5979 1747/1317/5980 1800/4051/5981
f 1745/1481/5979 1800/4051/5981 1802/1031/5982
f 1760/2007/5983 1762/3178/5984 1817/4709/5985
f 1760/2007/5983 1817/4709/5985 1820/486/5986
f 1778/2169/5987 1780/4237/5988 1833/1247/5989
f 1778/2169/5987 1833/1247/5989 1835/2828/5990
f 1748/1113/5991 1746/1119/5992 1799/2150/5993
f 1748/1113/5991 1799/2150/5993 1797/3319/5994
f 1764/1135/5995 1761/937/5996 1816/595/5997
f 1764/1135/5995 1816/595/5997 1789/4646/5998
f 1781/4225/5999 1779/708/6000 1832/3473/6001
f 1781/4225/5999 1832/3473/6001 1830/4635/6002
f 1747/1317/6003 1749/3259/6004 1798/2763/6005
f 1747/1317/6003 1798/2763/6005 1800/4051/6006
f 1780/4237/6007 1782/1859/6008 1831/1959/6009
f 1780/4237/6007 1831/1959/6009 1833/1247/6010
f 1762/3178/6011 1763/28/6012 1818/1572/6013
f 1762/3178/6011 1818/1572/6013 1817/4709/6014
f 1796/3152/6015 1786/3944/6016 1787/3133/6017
f 1796/3152/6015 1787/3133/6017 1795/3664/6018
f 1798/2763/6019 1796/3152/6020 1795/3664/6021
f 1798/2763/6019 1795/3664/6021 1797/3319/6022
f 1800/4051/6023 1798/2763/6024 1797/3319/6025
f 1800/4051/6023 1797/3319/6025 1799/2150/6026
f 1802/1031/6027 1800/4051/6028 1799/2150/6029
f 1802/1031/6027 1799/2150/6029 1801/1553/6030
f 1804/635/6031 1802/1031/6032 1801/1553/6033
f 1804/635/6031 1801/1553/6033 1803/3466/6034
f 1788/2115/6035 1806/2255/6036 1807/3555/6037
f 1788/2115/6035 1807/3555/6037 1805/4018/6038
f 1806/2255/6039 1808/3809/6040 1809/976/6041
f 1806/2255/6039 1809/976/6041 1807/3555/6042
f 1808/3809/6043 1810/1181/6044 1811/3095/6045
f 1808/3809/6043 1811/3095/6045 1809/976/6046
f 1810/1181/6047 1812/4263/6048 1813/4559/6049
f 1810/1181/6047 1813/4559/6049 1811/3095/6050
f 1812/4263/6051 1814/4223/6052 1815/3183/6053
f 1812/4263/6051 1815/3183/6053 1813/4559/6054
f 1817/4709/6055 1818/1572/6056 1789/4646/6057
f 1817/4709/6055 1789/4646/6057 1816/595/6058
f 1820/486/6059 1817/4709/6060 1816/595/6061
f 1820/486/6059 1816/595/6061 1819/2221/6062
f 1822/3810/6063 1820/486/6064 1819/2221/6065
f 1822/3810/6063 1819/2221/6065 1821/4461/6066
f 1824/339/6067 1822/3810/6068 1821/4461/6069
f 1824/339/6067 1821/4461/6069 1823/2971/6070
f 1826/632/6071 1824/339/6072 1823/2971/6073
f 1826/632/6071 1823/2971/6073 1825/1985/6074
f 1814/4223/6075 1793/1442/6076 1792/551/6077
f 1814/4223/6075 1792/551/6077 1815/3183/6078
f 1791/3499/6079 1826/632/6080 1825/1985/6081
f 1791/3499/6079 1825/1985/6081 1794/2479/6082
f 1828/3902/6083 1829/2687/6084 1790/946/6085
f 1828/3902/6083 1790/946/6085 1827/681/6086
f 1831/1959/6087 1828/3902/6088 1827/681/6089
f 1831/1959/6087 1827/681/6089 1830/4635/6090
f 1833/1247/6091 1831/1959/6092 1830/4635/6093
f 1833/1247/6091 1830/4635/6093 1832/3473/6094
f 1835/2828/6095 1833/1247/6096 1832/3473/6097
f 1835/2828/6095 1832/3473/6097 1834/4373/6098
f 1837/826/6099 1835/2828/6100 1834/4373/6101
f 1837/826/6099 1834/4373/6101 1836/4614/6102
f 1794/1546/6103 1804/635/6104 1803/3466/6105
f 1794/1546/6103 1803/3466/6105 1792/3748/6106
f 1793/1917/6107 1837/826/6108 1836/4614/6109
f 1793/1917/6107 1836/4614/6109 1791/2787/6110
f 1775/2550/6111 1739/673/6112 1791/2787/6113
f 1775/2550/6111 1791/2787/6113 1836/4614/6114
f 1774/4528/6115 1871/4594/6116 1805/4018/6117
f 1774/4528/6115 1805/4018/6117 1807/3555/6118
f 1754/2093/6119 1756/3221/6120 1824/339/6121
f 1754/2093/6119 1824/339/6121 1826/632/6122
f 1773/1867/6123 1771/808/6124 1808/3809/6125
f 1773/1867/6123 1808/3809/6125 1806/2255/6126
f 1755/571/6127 1753/3070/6128 1825/1985/6129
f 1755/571/6127 1825/1985/6129 1823/2971/6130
f 1765/3256/6131 1738/1786/6132 1793/1442/6133
f 1765/3256/6131 1793/1442/6133 1814/4223/6134
f 1772/3444/6135 1774/4528/6136 1807/3555/6137
f 1772/3444/6135 1807/3555/6137 1809/976/6138
f 1741/1575/6139 1766/1295/6140 1815/3183/6141
f 1741/1575/6139 1815/3183/6141 1792/551/6142
f 1771/808/6143 1769/466/6144 1810/1181/6145
f 1771/808/6143 1810/1181/6145 1808/3809/6146
f 1739/3670/6147 1754/2093/6148 1826/632/6149
f 1739/3670/6147 1826/632/6149 1791/3499/6150
f 1753/3070/6151 1740/2602/6152 1794/2479/6153
f 1753/3070/6151 1794/2479/6153 1825/1985/6154
f 1770/3237/6155 1772/3444/6156 1809/976/6157
f 1770/3237/6155 1809/976/6157 1811/3095/6158
f 1769/466/6159 1767/4256/6160 1812/4263/6161
f 1769/466/6159 1812/4263/6161 1810/1181/6162
f 1784/952/6163 1894/2031/6164 1829/2687/6165
f 1784/952/6163 1829/2687/6165 1828/3902/6166
f 1751/3222/6167 1752/352/6168 1786/3944/6169
f 1751/3222/6167 1786/3944/6169 1796/3152/6170
f 1768/3918/6171 1770/3237/6172 1811/3095/6173
f 1768/3918/6171 1811/3095/6173 1813/4559/6174
f 1785/2138/6175 1783/1477/6176 1827/681/6177
f 1785/2138/6175 1827/681/6177 1790/946/6178
f 1767/4256/6179 1765/3256/6180 1814/4223/6181
f 1767/4256/6179 1814/4223/6181 1812/4263/6182
f 1782/1859/6183 1784/952/6184 1828/3902/6185
f 1782/1859/6183 1828/3902/6185 1831/1959/6186
f 1766/1295/6187 1768/3918/6188 1813/4559/6189
f 1766/1295/6187 1813/4559/6189 1815/3183/6190
f 1749/3259/6191 1751/3222/6192 1796/3152/6193
f 1749/3259/6191 1796/3152/6193 1798/2763/6194
f 1783/1477/6195 1781/4225/6196 1830/4635/6197
f 1783/1477/6195 1830/4635/6197 1827/681/6198
f 1750/209/6199 1748/1113/6200 1797/3319/6201
f 1750/209/6199 1797/3319/6201 1795/3664/6202
f 1793/141/6203 1791/1487/6204 1841/4136/6205
f 1793/141/6203 1841/4136/6205 1839/1377/6206
f 1794/4219/6207 1792/71/6208 1838/1728/6209
f 1794/4219/6207 1838/1728/6209 1843/3172/6210
f 1791/3380/6211 1794/1729/6212 1843/3349/6213
f 1791/3380/6211 1843/3349/6213 1841/3089/6214
f 1840/4431/6215 1844/2152/6216 1838/1143/6217
f 1839/1704/6218 1848/2303/6219 1846/2986/6220
f 1839/1704/6218 1846/2986/6220 1840/4431/6221
f 1841/2557/6222 1845/3717/6223 1842/4542/6224
f 1843/4668/6225 1844/2152/6226 1845/3717/6227
f 1842/4542/6228 1845/3717/6229 1847/1488/6230
f 1842/4542/6228 1847/1488/6230 1846/2986/6231
f 1843/3172/6232 1838/1728/6233 1844/2736/6234
f 1838/4384/6235 1839/2949/6236 1840/3079/6237
f 1839/1377/6238 1841/4136/6239 1842/3773/6240
f 1839/1377/6238 1842/3773/6240 1848/158/6241
f 1841/3089/6242 1843/3349/6243 1845/528/6244
f 1840/4431/6245 1847/1488/6246 1844/2152/6247
usemtl brickwall1
f 1846/1606/6248 1848/455/6249 1842/68/6250
usemtl stonetrims
f 1844/2152/6251 1847/1488/6252 1845/3717/6253
f 1846/2986/6254 1847/1488/6255 1840/4431/6256
f 1699/4611/6257 1877/3638/6258 1858/4445/6259
f 1699/4611/6257 1858/4445/6259 1851/3418/6260
f 1764/1135/6261 1789/4646/6262 1865/173/6263
f 1764/1135/6261 1865/173/6263 1860/2321/6264
f 1752/2173/6265 1721/2146/6266 1854/3194/6267
f 1752/2173/6265 1854/3194/6267 1857/3197/6268
f 1714/3132/6269 1764/2808/6270 1860/1965/6271
f 1714/3132/6269 1860/1965/6271 1853/1452/6272
f 1805/4018/6273 1871/4594/6274 1876/4341/6275
f 1805/4018/6273 1876/4341/6275 1867/3586/6276
f 1763/523/6277 1727/308/6278 1855/341/6279
f 1763/523/6277 1855/341/6279 1859/1139/6280
f 1790/946/6281 1829/2687/6282 1869/332/6283
f 1790/946/6281 1869/332/6283 1866/1203/6284
f 1786/3944/6285 1752/352/6286 1857/3067/6287
f 1786/3944/6285 1857/3067/6287 1862/2601/6288
f 1818/1572/6289 1763/28/6290 1859/89/6291
f 1818/1572/6289 1859/89/6291 1868/169/6292
f 1733/1865/6293 1785/1334/6294 1861/640/6295
f 1733/1865/6293 1861/640/6295 1856/2212/6296
f 1788/2115/6297 1805/4018/6298 1867/3586/6299
f 1788/2115/6297 1867/3586/6299 1864/1226/6300
f 1829/2687/6301 1894/2031/6302 1891/3381/6303
f 1829/2687/6301 1891/3381/6303 1869/332/6304
f 1894/2670/6305 1689/2441/6306 1849/4007/6307
f 1894/2670/6305 1849/4007/6307 1891/754/6308
f 1789/4646/6309 1818/1572/6310 1868/169/6311
f 1789/4646/6309 1868/169/6311 1865/173/6312
f 1871/3733/6313 1705/1138/6314 1852/82/6315
f 1871/3733/6313 1852/82/6315 1876/1807/6316
f 1787/3133/6317 1786/3944/6318 1862/2601/6319
f 1787/3133/6317 1862/2601/6319 1863/1320/6320
f 1695/3031/6321 1884/4473/6322 1893/226/6323
f 1695/3031/6321 1893/226/6323 1850/1433/6324
f 1785/2138/6325 1790/946/6326 1866/1203/6327
f 1785/2138/6325 1866/1203/6327 1861/2820/6328
f 1792/3697/6329 1793/2008/6330 1839/2949/6331
f 1792/3697/6329 1839/2949/6331 1838/4384/6332
f 1883/4/6333 1879/436/6334 1703/1525/6335
f 1883/4/6333 1703/1525/6335 1700/3930/6336
f 1874/798/6337 1881/124/6338 1708/1364/6339
f 1874/798/6337 1708/1364/6339 1704/3049/6340
f 1873/4691/6341 1877/3638/6342 1699/4611/6343
f 1873/4691/6341 1699/4611/6343 1709/3807/6344
f 1877/93/6345 1750/209/6346 1795/3664/6347
f 1877/93/6345 1795/3664/6347 1787/3133/6348
usemtl brickwall1
f 1878/3260/6349 1875/4563/6350 1770/3321/6351
f 1878/3260/6349 1770/3321/6351 1768/735/6352
f 1875/4563/6353 1872/2621/6354 1772/112/6355
f 1875/4563/6353 1772/112/6355 1770/3321/6356
usemtl stonetrims
f 1858/4679/6357 1877/93/6358 1787/3133/6359
f 1858/4679/6357 1787/3133/6359 1863/1320/6360
f 1879/436/6361 1874/798/6362 1704/3049/6363
f 1879/436/6361 1704/3049/6363 1703/1525/6364
f 1881/124/6365 1873/4691/6366 1709/3807/6367
f 1881/124/6365 1709/3807/6367 1708/1364/6368
usemtl brickwall1
f 1880/799/6369 1878/3260/6370 1768/735/6371
f 1880/799/6369 1768/735/6371 1766/2707/6372
f 1870/510/6373 1880/799/6374 1766/2707/6375
f 1870/510/6373 1766/2707/6375 1741/14/6376
usemtl stonetrims
f 1870/1619/6377 1883/4/6378 1700/3930/6379
f 1870/1619/6377 1700/3930/6379 1707/350/6380
usemtl brickwall1
f 1872/2621/6381 1882/1141/6382 1774/4524/6383
f 1872/2621/6381 1774/4524/6383 1772/112/6384
f 1882/1141/6385 1871/2105/6386 1774/4524/6387
f 1886/1494/6388 1895/767/6389 1767/2703/6390
f 1886/1494/6388 1767/2703/6390 1769/1230/6391
f 1884/664/6392 1892/1311/6393 1773/24/6394
f 1895/767/6395 1887/2203/6396 1765/1588/6397
f 1895/767/6395 1765/1588/6397 1767/2703/6398
usemtl stonetrims
f 1888/2318/6399 1898/2190/6400 1698/252/6401
f 1888/2318/6399 1698/252/6401 1690/2541/6402
f 1890/2145/6403 1888/2318/6404 1690/2541/6405
f 1890/2145/6403 1690/2541/6405 1693/1877/6406
f 1889/1577/6407 1897/236/6408 1694/1535/6409
f 1889/1577/6407 1694/1535/6409 1697/3673/6410
f 1894/2670/6411 1896/3126/6412 1686/2044/6413
f 1894/2670/6411 1686/2044/6413 1689/2441/6414
f 1884/3091/6415 1773/1867/6416 1806/2255/6417
f 1884/3091/6415 1806/2255/6417 1788/2115/6418
usemtl brickwall1
f 1892/1311/6419 1885/3458/6420 1771/1419/6421
f 1892/1311/6419 1771/1419/6421 1773/24/6422
f 1885/3458/6423 1886/1494/6424 1769/1230/6425
f 1885/3458/6423 1769/1230/6425 1771/1419/6426
f 1887/2203/6427 1898/3659/6428 1738/2315/6429
f 1887/2203/6427 1738/2315/6429 1765/1588/6430
usemtl stonetrims
f 1897/236/6431 1890/2145/6432 1693/1877/6433
f 1897/236/6431 1693/1877/6433 1694/1535/6434
f 1896/3126/6435 1889/1577/6436 1697/3673/6437
f 1896/3126/6435 1697/3673/6437 1686/2044/6438
f 1893/2545/6439 1884/3091/6440 1788/2115/6441
f 1893/2545/6439 1788/2115/6441 1864/1226/6442
usemtl brickwall1
f 1903/3085/6443 1909/3840/6444 1760/894/6445
f 1903/3085/6443 1760/894/6445 1758/1474/6446
f 1909/3840/6447 1905/253/6448 1762/3726/6449
f 1909/3840/6447 1762/3726/6449 1760/894/6450
f 1902/2770/6451 1908/2454/6452 1756/2473/6453
f 1902/2770/6451 1756/2473/6453 1754/1776/6454
usemtl stonetrims
f 1906/3244/6455 1901/653/6456 1726/4106/6457
f 1906/3244/6455 1726/4106/6457 1725/311/6458
f 1899/3940/6459 1900/1233/6460 1730/2567/6461
f 1899/3940/6459 1730/2567/6461 1729/462/6462
f 1904/769/6463 1906/3244/6464 1725/311/6465
f 1904/769/6463 1725/311/6465 1734/2014/6466
usemtl brickwall1
f 1907/1643/6467 1902/2770/6468 1754/1776/6469
f 1907/1643/6467 1754/1776/6469 1739/2934/6470
f 1905/253/6471 1763/542/6472 1762/3726/6473
f 1908/2454/6474 1903/3085/6475 1758/1474/6476
f 1908/2454/6474 1758/1474/6476 1756/2473/6477
usemtl stonetrims
f 1907/1493/6478 1904/769/6479 1734/2014/6480
f 1907/1493/6478 1734/2014/6480 1737/452/6481
f 1901/653/6482 1899/3940/6483 1729/462/6484
f 1901/653/6482 1729/462/6484 1726/4106/6485
f 1900/1233/6486 1785/1334/6487 1733/1865/6488
f 1900/1233/6486 1733/1865/6488 1730/2567/6489
usemtl brickwall1
f 1920/2875/6490 1913/956/6491 1757/98/6492
f 1920/2875/6490 1757/98/6492 1759/2489/6493
usemtl stonetrims
f 1918/2981/6494 1910/1958/6495 1712/915/6496
f 1918/2981/6494 1712/915/6496 1713/3264/6497
f 1919/2141/6498 1917/241/6499 1716/1022/6500
f 1919/2141/6498 1716/1022/6500 1718/1091/6501
f 1914/4257/6502 1912/3338/6503 1717/4004/6504
f 1914/4257/6502 1717/4004/6504 1722/711/6505
usemtl brickwall1
f 1913/956/6506 1916/1075/6507 1755/195/6508
f 1913/956/6506 1755/195/6508 1757/98/6509
f 1764/2088/6510 1915/591/6511 1761/1004/6512
f 1916/1075/6513 1911/1152/6514 1753/2614/6515
f 1916/1075/6513 1753/2614/6515 1755/195/6516
f 1915/591/6517 1920/2875/6518 1759/2489/6519
f 1915/591/6517 1759/2489/6519 1761/1004/6520
f 1911/1152/6521 1912/538/6522 1740/2643/6523
f 1911/1152/6521 1740/2643/6523 1753/2614/6524
usemtl stonetrims
f 1917/241/6525 1918/2981/6526 1713/3264/6527
f 1917/241/6525 1713/3264/6527 1716/1022/6528
f 1752/2173/6529 1919/2141/6530 1718/1091/6531
f 1752/2173/6529 1718/1091/6531 1721/2146/6532
f 1910/1958/6533 1914/4257/6534 1722/711/6535
f 1910/1958/6533 1722/711/6535 1712/915/6536
f 1923/573/6537 1933/2110/6538 2133/4034/6539
f 1923/573/6537 2133/4034/6539 2122/1404/6540
usemtl brickwall1
f 1977/264/6541 1979/1106/6542 2114/4022/6543
f 1977/264/6541 2114/4022/6543 2118/142/6544
f 1979/1106/6545 1981/2593/6546 2109/2257/6547
f 1979/1106/6545 2109/2257/6547 2114/4022/6548
f 1981/2593/6549 1983/3258/6550 2116/52/6551
f 1981/2593/6549 2116/52/6551 2109/2257/6552
f 1983/3258/6553 1985/4138/6554 2108/2696/6555
f 1983/3258/6553 2108/2696/6555 2116/52/6556
f 1985/4138/6557 2112/4504/6558 2108/2696/6559
f 1974/3249/6560 2010/127/6561 2139/3796/6562
f 1974/3249/6560 2139/3796/6562 2142/3510/6563
f 1980/2330/6564 2145/1743/6565 2153/884/6566
f 1980/2330/6564 2153/884/6566 1982/3961/6567
f 1982/3961/6568 2153/884/6569 2152/4612/6570
f 1982/3961/6568 2152/4612/6570 1984/1681/6571
f 1984/1681/6572 2152/4612/6573 2154/1023/6574
f 1984/1681/6572 2154/1023/6574 1986/2019/6575
f 1986/2019/6576 2154/1023/6577 1987/2045/6578
usemtl stonetrims
f 1967/4324/6579 1971/4214/6580 2143/1144/6581
f 1967/4324/6579 2143/1144/6581 2137/4258/6582
f 1942/622/6583 1946/2658/6584 2115/2627/6585
f 1942/622/6583 2115/2627/6585 2105/3481/6586
usemtl brickwall1
f 2011/2513/6587 2123/726/6588 2125/3266/6589
f 2011/2513/6587 2125/3266/6589 2013/724/6590
f 2013/724/6591 2125/3266/6592 2132/1683/6593
f 2013/724/6591 2132/1683/6593 2015/3279/6594
f 2015/3279/6595 2132/1683/6596 2124/3632/6597
f 2015/3279/6595 2124/3632/6597 2017/4685/6598
f 2017/4685/6599 2124/3632/6600 2131/1258/6601
f 2017/4685/6599 2131/1258/6601 2019/1982/6602
f 2019/1982/6603 2131/1258/6604 2129/2712/6605
f 1976/1838/6606 1977/264/6607 2118/142/6608
f 1976/1838/6606 2118/142/6608 2105/2342/6609
f 2012/2502/6610 2014/743/6611 2136/4267/6612
f 2012/2502/6610 2136/4267/6612 2141/602/6613
f 2014/743/6614 2016/17/6615 2134/3500/6616
f 2014/743/6614 2134/3500/6616 2136/4267/6617
f 2016/17/6618 2018/3996/6619 2135/3148/6620
f 2016/17/6618 2135/3148/6620 2134/3500/6621
f 2018/3996/6622 2020/3016/6623 2135/3148/6624
f 2010/127/6625 2012/2502/6626 2141/602/6627
f 2010/127/6625 2141/602/6627 2139/3796/6628
usemtl stonetrims
f 1945/1365/6629 1936/1972/6630 2117/4531/6631
f 1945/1365/6629 2117/4531/6631 2107/1357/6632
f 1937/944/6633 1941/3414/6634 2110/502/6635
f 1937/944/6633 2110/502/6635 2113/1603/6636
f 1936/1972/6637 1940/1432/6638 2106/841/6639
f 1936/1972/6637 2106/841/6639 2117/4531/6640
f 1941/3414/6641 1945/1365/6642 2107/1357/6643
f 1941/3414/6641 2107/1357/6643 2110/502/6644
usemtl brickwall1
f 1978/2462/6645 2149/831/6646 2145/1743/6647
f 1978/2462/6645 2145/1743/6647 1980/2330/6648
usemtl stonetrims
f 1926/4457/6649 1922/2123/6650 2120/4264/6651
f 1926/4457/6649 2120/4264/6651 2127/2069/6652
f 1931/1346/6653 1927/4652/6654 2130/3122/6655
f 1931/1346/6653 2130/3122/6655 2121/496/6656
f 1972/2276/6657 1967/4324/6658 2137/4258/6659
f 1972/2276/6657 2137/4258/6659 2142/3339/6660
f 1930/137/6661 1926/4457/6662 2127/2069/6663
f 1930/137/6661 2127/2069/6663 2119/41/6664
f 1922/2123/6665 1931/1346/6666 2121/496/6667
f 1922/2123/6665 2121/496/6667 2120/4264/6668
f 1927/4652/6669 1923/573/6670 2122/1404/6671
f 1927/4652/6669 2122/1404/6671 2130/3122/6672
f 1970/3438/6673 1962/2157/6674 1998/2353/6675
f 1970/3438/6673 1998/2353/6675 2140/1161/6676
f 1963/2419/6677 1966/3/6678 2144/2775/6679
f 1963/2419/6677 2144/2775/6679 2138/3997/6680
f 1946/2658/6681 1937/944/6682 2113/1603/6683
f 1946/2658/6681 2113/1603/6683 2115/2627/6684
f 1966/3/6685 1970/3438/6686 2140/1161/6687
f 1966/3/6685 2140/1161/6687 2144/2775/6688
f 1971/4214/6689 1963/2419/6690 2138/3997/6691
f 1971/4214/6689 2138/3997/6691 2143/1144/6692
usemtl brickwall1
f 1973/4181/6693 2133/761/6694 2123/726/6695
f 1973/4181/6693 2123/726/6695 2011/2513/6696
usemtl stonetrims
f 1949/3410/6697 1958/3290/6698 2150/2912/6699
f 1949/3410/6697 2150/2912/6699 1999/4686/6700
f 1954/3853/6701 1950/4383/6702 2148/3874/6703
f 1954/3853/6701 2148/3874/6703 2155/768/6704
f 1959/2367/6705 1955/495/6706 2146/886/6707
f 1959/2367/6705 2146/886/6707 2151/4055/6708
usemtl brickwall1
f 1975/2935/6709 2147/2366/6710 2149/831/6711
f 1975/2935/6709 2149/831/6711 1978/2462/6712
usemtl stonetrims
f 1958/3290/6713 1954/3853/6714 2155/768/6715
f 1958/3290/6713 2155/768/6715 2150/2912/6716
f 1950/4383/6717 1959/2367/6718 2151/4055/6719
f 1950/4383/6717 2151/4055/6719 2148/3874/6720
f 1955/495/6721 1952/1104/6722 2147/478/6723
f 1955/495/6721 2147/478/6723 2146/886/6724
f 1992/2636/6725 1990/2409/6726 2058/86/6727
f 1992/2636/6725 2058/86/6727 2056/1579/6728
f 1973/299/6729 2011/1609/6730 2072/2663/6731
f 1973/299/6729 2072/2663/6731 2028/3769/6732
f 1991/343/6733 1993/136/6734 2057/935/6735
f 1991/343/6733 2057/935/6735 2059/614/6736
f 1977/2585/6737 1976/3871/6738 2027/856/6739
f 1977/2585/6737 2027/856/6739 2038/587/6740
f 1975/1527/6741 1978/846/6742 2039/2491/6743
f 1975/1527/6741 2039/2491/6743 2029/3397/6744
f 1979/2740/6745 1977/2585/6746 2038/587/6747
f 1979/2740/6745 2038/587/6747 2036/1824/6748
f 1994/4065/6749 1992/2636/6750 2056/1579/6751
f 1994/4065/6749 2056/1579/6751 2054/2505/6752
f 2012/2967/6753 2010/4399/6754 2071/1697/6755
f 2012/2967/6753 2071/1697/6755 2069/1489/6756
f 1978/846/6757 1980/3328/6758 2037/2843/6759
f 1978/846/6757 2037/2843/6759 2039/2491/6760
f 1993/136/6761 1995/3844/6762 2055/2313/6763
f 1993/136/6761 2055/2313/6763 2057/935/6764
f 2011/1609/6765 2013/4012/6766 2070/4707/6767
f 2011/1609/6765 2070/4707/6767 2072/2663/6768
f 1981/2972/6769 1979/2740/6770 2036/1824/6771
f 1981/2972/6769 2036/1824/6771 2034/3992/6772
f 1996/2756/6773 1994/4065/6774 2054/2505/6775
f 1996/2756/6773 2054/2505/6775 2051/2442/6776
f 2014/2562/6777 2012/2967/6778 2069/1489/6779
f 2014/2562/6777 2069/1489/6779 2067/590/6780
f 1980/3328/6781 1982/3184/6782 2035/1147/6783
f 1980/3328/6781 2035/1147/6783 2037/2843/6784
f 1995/3844/6785 1997/290/6786 2052/1802/6787
f 1995/3844/6785 2052/1802/6787 2055/2313/6788
f 2013/4012/6789 2015/1335/6790 2068/1551/6791
f 2013/4012/6789 2068/1551/6791 2070/4707/6792
f 1983/2956/6793 1981/2972/6794 2034/3992/6795
f 1983/2956/6793 2034/3992/6795 2032/465/6796
f 1999/2992/6797 1996/2756/6798 2051/2442/6799
f 1999/2992/6797 2051/2442/6799 2024/200/6800
f 2016/4492/6801 2014/2562/6802 2067/590/6803
f 2016/4492/6801 2067/590/6803 2065/1730/6804
f 1982/3184/6805 1984/388/6806 2033/4640/6807
f 1982/3184/6805 2033/4640/6807 2035/1147/6808
f 2015/1335/6809 2017/2182/6810 2066/3801/6811
f 2015/1335/6809 2066/3801/6811 2068/1551/6812
f 1997/290/6813 1998/334/6814 2053/1841/6815
f 1997/290/6813 2053/1841/6815 2052/1802/6816
f 2031/258/6817 2021/1065/6818 2022/3412/6819
f 2031/258/6817 2022/3412/6819 2030/3953/6820
f 2033/4640/6821 2031/258/6822 2030/3953/6823
f 2033/4640/6821 2030/3953/6823 2032/465/6824
f 2035/1147/6825 2033/4640/6826 2032/465/6827
f 2035/1147/6825 2032/465/6827 2034/3992/6828
f 2037/2843/6829 2035/1147/6830 2034/3992/6831
f 2037/2843/6829 2034/3992/6831 2036/1824/6832
f 2039/2491/6833 2037/2843/6834 2036/1824/6835
f 2039/2491/6833 2036/1824/6835 2038/587/6836
f 2023/2388/6837 2041/4109/6838 2042/660/6839
f 2023/2388/6837 2042/660/6839 2040/1114/6840
f 2041/4109/6841 2043/4129/6842 2044/2791/6843
f 2041/4109/6841 2044/2791/6843 2042/660/6844
f 2043/4129/6845 2045/1475/6846 2046/193/6847
f 2043/4129/6845 2046/193/6847 2044/2791/6848
f 2045/1475/6849 2047/4529/6850 2048/1651/6851
f 2045/1475/6849 2048/1651/6851 2046/193/6852
f 2047/4529/6853 2049/1321/6854 2050/3448/6855
f 2047/4529/6853 2050/3448/6855 2048/1651/6856
f 2052/1802/6857 2053/1841/6858 2024/200/6859
f 2052/1802/6857 2024/200/6859 2051/2442/6860
f 2055/2313/6861 2052/1802/6862 2051/2442/6863
f 2055/2313/6861 2051/2442/6863 2054/2505/6864
f 2057/935/6865 2055/2313/6866 2054/2505/6867
f 2057/935/6865 2054/2505/6867 2056/1579/6868
f 2059/614/6869 2057/935/6870 2056/1579/6871
f 2059/614/6869 2056/1579/6871 2058/86/6872
f 2061/928/6873 2059/614/6874 2058/86/6875
f 2061/928/6873 2058/86/6875 2060/3822/6876
f 2049/1321/6877 2028/3299/6878 2027/2386/6879
f 2049/1321/6877 2027/2386/6879 2050/3448/6880
f 2026/616/6881 2061/928/6882 2060/3822/6883
f 2026/616/6881 2060/3822/6883 2029/4332/6884
f 2063/1029/6885 2064/3005/6886 2025/2765/6887
f 2063/1029/6885 2025/2765/6887 2062/2532/6888
f 2066/3801/6889 2063/1029/6890 2062/2532/6891
f 2066/3801/6889 2062/2532/6891 2065/1730/6892
f 2068/1551/6893 2066/3801/6894 2065/1730/6895
f 2068/1551/6893 2065/1730/6895 2067/590/6896
f 2070/4707/6897 2068/1551/6898 2067/590/6899
f 2070/4707/6897 2067/590/6899 2069/1489/6900
f 2072/2663/6901 2070/4707/6902 2069/1489/6903
f 2072/2663/6901 2069/1489/6903 2071/1697/6904
f 2029/3397/6905 2039/2491/6906 2038/587/6907
f 2029/3397/6905 2038/587/6907 2027/856/6908
f 2028/3769/6909 2072/2663/6910 2071/1697/6911
f 2028/3769/6909 2071/1697/6911 2026/4662/6912
f 2010/4399/6913 1974/2527/6914 2026/4662/6915
f 2010/4399/6913 2026/4662/6915 2071/1697/6916
f 2009/1631/6917 2106/1676/6918 2040/1114/6919
f 2009/1631/6917 2040/1114/6919 2042/660/6920
f 1989/2372/6921 1991/343/6922 2059/614/6923
f 1989/2372/6921 2059/614/6923 2061/928/6924
f 2008/2187/6925 2006/2648/6926 2043/4129/6927
f 2008/2187/6925 2043/4129/6927 2041/4109/6928
f 1990/2409/6929 1988/175/6930 2060/3822/6931
f 1990/2409/6929 2060/3822/6931 2058/86/6932
f 2000/3536/6933 1973/3662/6934 2028/3299/6935
f 2000/3536/6933 2028/3299/6935 2049/1321/6936
f 2007/575/6937 2009/1631/6938 2042/660/6939
f 2007/575/6937 2042/660/6939 2044/2791/6940
f 1976/1847/6941 2001/1581/6942 2050/3448/6943
f 1976/1847/6941 2050/3448/6943 2027/2386/6944
f 2006/2648/6945 2004/2292/6946 2045/1475/6947
f 2006/2648/6945 2045/1475/6947 2043/4129/6948
f 1974/3954/6949 1989/2372/6950 2061/928/6951
f 1974/3954/6949 2061/928/6951 2026/616/6952
f 1988/175/6953 1975/2876/6954 2029/4332/6955
f 1988/175/6953 2029/4332/6955 2060/3822/6956
f 2005/363/6957 2007/575/6958 2044/2791/6959
f 2005/363/6957 2044/2791/6959 2046/193/6960
f 2004/2292/6961 2002/1350/6962 2047/4529/6963
f 2004/2292/6961 2047/4529/6963 2045/1475/6964
f 2019/2771/6965 2129/2314/6966 2064/3005/6967
f 2019/2771/6965 2064/3005/6967 2063/1029/6968
f 1986/344/6969 1987/2191/6970 2021/1065/6971
f 1986/344/6969 2021/1065/6971 2031/258/6972
f 2003/1046/6973 2005/363/6974 2046/193/6975
f 2003/1046/6973 2046/193/6975 2048/1651/6976
f 2020/3974/6977 2018/3324/6978 2062/2532/6979
f 2020/3974/6977 2062/2532/6979 2025/2765/6980
f 2002/1350/6981 2000/3536/6982 2049/1321/6983
f 2002/1350/6981 2049/1321/6983 2047/4529/6984
f 2017/2182/6985 2019/2771/6986 2063/1029/6987
f 2017/2182/6985 2063/1029/6987 2066/3801/6988
f 2001/1581/6989 2003/1046/6990 2048/1651/6991
f 2001/1581/6989 2048/1651/6991 2050/3448/6992
f 1984/388/6993 1986/344/6994 2031/258/6995
f 1984/388/6993 2031/258/6995 2033/4640/6996
f 2018/3324/6997 2016/4492/6998 2065/1730/6999
f 2018/3324/6997 2065/1730/6999 2062/2532/7000
f 1985/2074/7001 1983/2956/7002 2032/465/7003
f 1985/2074/7001 2032/465/7003 2030/3953/7004
f 2028/1995/7005 2026/3333/7006 2076/1221/7007
f 2028/1995/7005 2076/1221/7007 2074/3240/7008
f 2029/1315/7009 2027/1913/7010 2073/3593/7011
f 2029/1315/7009 2073/3593/7011 2078/282/7012
f 2026/516/7013 2029/3595/7014 2078/490/7015
f 2026/516/7013 2078/490/7015 2076/191/7016
f 2075/2/7017 2079/2428/7018 2073/3001/7019
f 2074/3572/7020 2083/4174/7021 2081/92/7022
f 2074/3572/7020 2081/92/7022 2075/2/7023
f 2076/4402/7024 2080/825/7025 2077/1642/7026
f 2078/1765/7027 2079/2428/7028 2080/825/7029
f 2077/1642/7030 2080/825/7031 2082/3334/7032
f 2077/1642/7030 2082/3334/7032 2081/92/7033
f 2078/282/7034 2073/3593/7035 2079/3059/7036
f 2073/4675/7037 2074/74/7038 2075/181/7039
f 2074/3240/7040 2076/1221/7041 2077/4083/7042
f 2074/3240/7040 2077/4083/7042 2083/2015/7043
f 2076/191/7044 2078/490/7045 2080/2360/7046
f 2075/2/7047 2082/3334/7048 2079/2428/7049
usemtl brickwall1
f 2081/3461/7050 2083/2281/7051 2077/1908/7052
usemtl stonetrims
f 2079/2428/7053 2082/3334/7054 2080/825/7055
f 2081/92/7056 2082/3334/7057 2075/2/7058
f 1934/1692/7059 2112/3922/7060 2093/1567/7061
f 1934/1692/7059 2093/1567/7061 2086/547/7062
f 1999/2992/7063 2024/200/7064 2100/2033/7065
f 1999/2992/7063 2100/2033/7065 2095/4189/7066
f 1987/4015/7067 1956/3988/7068 2089/3467/7069
f 1987/4015/7067 2089/3467/7069 2092/3468/7070
f 1949/3410/7071 1999/4686/7072 2095/3808/7073
f 1949/3410/7071 2095/3808/7073 2088/3305/7074
f 2040/1114/7075 2106/1676/7076 2111/1446/7077
f 2040/1114/7075 2111/1446/7077 2102/695/7078
f 1998/2353/7079 1962/2157/7080 2090/2184/7081
f 1998/2353/7079 2090/2184/7081 2094/2995/7082
f 2025/2765/7083 2064/3005/7084 2104/2176/7085
f 2025/2765/7083 2104/2176/7085 2101/3077/7086
f 2021/1065/7087 1987/2191/7088 2092/174/7089
f 2021/1065/7087 2092/174/7089 2097/2873/7090
f 2053/1841/7091 1998/334/7092 2094/1941/7093
f 2053/1841/7091 2094/1941/7093 2103/2027/7094
f 1968/3728/7095 2020/3198/7096 2096/2497/7097
f 1968/3728/7095 2096/2497/7097 2091/4061/7098
f 2023/2388/7099 2040/1114/7100 2102/695/7101
f 2023/2388/7099 2102/695/7101 2099/3100/7102
f 2064/3005/7103 2129/2314/7104 2126/517/7105
f 2064/3005/7103 2126/517/7105 2104/2176/7106
f 2129/4536/7107 1924/2704/7108 2084/1103/7109
f 2129/4536/7107 2084/1103/7109 2126/1060/7110
f 2024/200/7111 2053/1841/7112 2103/2027/7113
f 2024/200/7111 2103/2027/7113 2100/2033/7114
f 2106/841/7115 1940/1432/7116 2087/395/7117
f 2106/841/7115 2087/395/7117 2111/3684/7118
f 2022/3412/7119 2021/1065/7120 2097/2873/7121
f 2022/3412/7119 2097/2873/7121 2098/3187/7122
f 1930/137/7123 2119/41/7124 2128/2089/7125
f 1930/137/7123 2128/2089/7125 2085/3294/7126
f 2020/3974/7127 2025/2765/7128 2101/3077/7129
f 2020/3974/7127 2101/3077/7129 2096/3161/7130
f 2027/3983/7131 2028/3846/7132 2074/74/7133
f 2027/3983/7131 2074/74/7133 2073/4675/7134
f 2118/1821/7135 2114/2259/7136 1938/1792/7137
f 2118/1821/7135 1938/1792/7137 1935/1058/7138
f 2109/2638/7139 2116/453/7140 1943/3230/7141
f 2109/2638/7139 1943/3230/7141 1939/160/7142
f 2108/265/7143 2112/3922/7144 1934/1692/7145
f 2108/265/7143 1934/1692/7145 1944/932/7146
f 2112/427/7147 1985/2074/7148 2030/3953/7149
f 2112/427/7147 2030/3953/7149 2022/3412/7150
usemtl brickwall1
f 2113/389/7151 2110/1660/7152 2005/467/7153
f 2113/389/7151 2005/467/7153 2003/1045/7154
f 2110/1660/7155 2107/4472/7156 2007/1967/7157
f 2110/1660/7155 2007/1967/7157 2005/467/7158
usemtl stonetrims
f 2093/1772/7159 2112/427/7160 2022/3412/7161
f 2093/1772/7159 2022/3412/7161 2098/3187/7162
f 2114/2259/7163 2109/2638/7164 1939/160/7165
f 2114/2259/7163 1939/160/7165 1938/1792/7166
f 2116/453/7167 2108/265/7168 1944/932/7169
f 2116/453/7167 1944/932/7169 1943/3230/7170
usemtl brickwall1
f 2115/2639/7171 2113/389/7172 2003/1045/7173
f 2115/2639/7171 2003/1045/7173 2001/4582/7174
f 2105/2342/7175 2115/2639/7176 2001/4582/7177
f 2105/2342/7175 2001/4582/7177 1976/1838/7178
usemtl stonetrims
f 2105/3481/7179 2118/1821/7180 1935/1058/7181
f 2105/3481/7179 1935/1058/7181 1942/622/7182
usemtl brickwall1
f 2107/4472/7183 2117/1439/7184 2009/1628/7185
f 2107/4472/7183 2009/1628/7185 2007/1967/7186
f 2117/1439/7187 2106/2379/7188 2009/1628/7189
f 2121/3340/7190 2130/2612/7191 2002/4579/7192
f 2121/3340/7190 2002/4579/7192 2004/1538/7193
f 2119/2521/7194 2127/3177/7195 2008/1849/7196
f 2130/2612/7197 2122/4050/7198 2000/3436/7199
f 2130/2612/7197 2000/3436/7199 2002/4579/7200
usemtl stonetrims
f 2123/4184/7201 2133/4034/7202 1933/2110/7203
f 2123/4184/7201 1933/2110/7203 1925/2809/7204
f 2125/3987/7205 2123/4184/7206 1925/2809/7207
f 2125/3987/7205 1925/2809/7207 1928/3738/7208
f 2124/3425/7209 2132/2094/7210 1929/3382/7211
f 2124/3425/7209 1929/3382/7211 1932/772/7212
f 2129/4536/7213 2131/224/7214 1921/3870/7215
f 2129/4536/7213 1921/3870/7215 1924/2704/7216
f 2119/3366/7217 2008/2187/7218 2041/4109/7219
f 2119/3366/7217 2041/4109/7219 2023/2388/7220
usemtl brickwall1
f 2127/3177/7221 2120/584/7222 2006/1693/7223
f 2127/3177/7221 2006/1693/7223 2008/1849/7224
f 2120/584/7225 2121/3340/7226 2004/1538/7227
f 2120/584/7225 2004/1538/7227 2006/1693/7228
f 2122/4050/7229 2133/761/7230 1973/4181/7231
f 2122/4050/7229 1973/4181/7231 2000/3436/7232
usemtl stonetrims
f 2132/2094/7233 2125/3987/7234 1928/3738/7235
f 2132/2094/7233 1928/3738/7235 1929/3382/7236
f 2131/224/7237 2124/3425/7238 1932/772/7239
f 2131/224/7237 1932/772/7239 1921/3870/7240
f 2128/4395/7241 2119/3366/7242 2023/2388/7243
f 2128/4395/7241 2023/2388/7243 2099/3100/7244
usemtl brickwall1
f 2138/3356/7245 2144/963/7246 1995/2715/7247
f 2138/3356/7245 1995/2715/7247 1993/3322/7248
f 2144/963/7249 2140/2111/7250 1997/834/7251
f 2144/963/7249 1997/834/7251 1995/2715/7252
f 2137/4647/7253 2143/4310/7254 1991/4326/7255
f 2137/4647/7253 1991/4326/7255 1989/3649/7256
usemtl stonetrims
f 2141/371/7257 2136/951/7258 1961/1195/7259
f 2141/371/7257 1961/1195/7259 1960/2159/7260
f 2134/4247/7261 2135/3105/7262 1965/4413/7263
f 2134/4247/7261 1965/4413/7263 1964/2287/7264
f 2139/1071/7265 2141/371/7266 1960/2159/7267
f 2139/1071/7265 1960/2159/7267 1969/3851/7268
usemtl brickwall1
f 2142/3510/7269 2137/4647/7270 1989/3649/7271
f 2142/3510/7269 1989/3649/7271 1974/3249/7272
f 2140/2111/7273 1998/2373/7274 1997/834/7275
f 2143/4310/7276 2138/3356/7277 1993/3322/7278
f 2143/4310/7276 1993/3322/7278 1991/4326/7279
usemtl stonetrims
f 2142/3339/7280 2139/1071/7281 1969/3851/7282
f 2142/3339/7280 1969/3851/7282 1972/2276/7283
f 2136/951/7284 2134/4247/7285 1964/2287/7286
f 2136/951/7284 1964/2287/7286 1961/1195/7287
f 2135/3105/7288 2020/3198/7289 1968/3728/7290
f 2135/3105/7288 1968/3728/7290 1965/4413/7291
usemtl brickwall1
f 2155/3206/7292 2148/2776/7293 1992/435/7294
f 2155/3206/7292 1992/435/7294 1994/4340/7295
usemtl stonetrims
f 2153/3284/7296 2145/3800/7297 1947/2733/7298
f 2153/3284/7296 1947/2733/7298 1948/3549/7299
f 2154/3984/7300 2152/2107/7301 1951/2829/7302
f 2154/3984/7300 1951/2829/7302 1953/1373/7303
f 2149/1351/7304 2147/478/7305 1952/1104/7306
f 2149/1351/7304 1952/1104/7306 1957/2563/7307
usemtl brickwall1
f 2148/2776/7308 2151/2591/7309 1990/2060/7310
f 2148/2776/7308 1990/2060/7310 1992/435/7311
f 1999/3917/7312 2150/2437/7313 1996/2812/7314
f 2151/2591/7315 2146/1448/7316 1988/4466/7317
f 2151/2591/7315 1988/4466/7317 1990/2060/7318
f 2150/2437/7319 2155/3206/7320 1994/4340/7321
f 2150/2437/7319 1994/4340/7321 1996/2812/7322
f 2146/1448/7323 2147/2366/7324 1975/2935/7325
f 2146/1448/7323 1975/2935/7325 1988/4466/7326
usemtl stonetrims
f 2152/2107/7327 2153/3284/7328 1948/3549/7329
f 2152/2107/7327 1948/3549/7329 1951/2829/7330
f 1987/4015/7331 2154/3984/7332 1953/1373/7333
f 1987/4015/7331 1953/1373/7333 1956/3988/7334
f 2145/3800/7335 2149/1351/7336 1957/2563/7337
f 2145/3800/7335 1957/2563/7337 1947/2733/7338
usemtl brickwall1
f 321/3484/7339 326/3674/7340 315/1732/7341
f 306/1656/7342 314/2186/7343 309/2457/7344
f 1227/1574/7345 1223/3188/7346 1222/2929/7347
f 63/646/7348 65/2840/7349 57/524/7350
f 52/3731/7351 48/2200/7352 47/246/7353
f 1496/2586/7354 1501/4552/7355 1490/967/7356
f 533/2178/7357 535/4458/7358 527/2429/7359
f 522/1478/7360 518/3608/7361 517/4238/7362
f 1716/312/7363 1724/3754/7364 1719/187/7365
f 791/2640/7366 796/3216/7367 785/1733/7368
f 776/1352/7369 784/3377/7370 779/2962/7371
f 1943/4151/7372 1945/895/7373 1937/1889/7374
f 327/1926/7375 324/394/7376 322/876/7377
f 324/394/7378 315/1732/7379 322/876/7380
f 315/1732/7381 316/4233/7382 319/3779/7383
f 319/3779/7384 320/1483/7385 325/3442/7386
f 320/1483/7387 323/1699/7388 446/4456/7389
f 325/3442/7390 320/1483/7391 446/4456/7392
f 446/4456/7393 445/3734/7394 325/3442/7395
f 445/3734/7396 317/3446/7397 325/3442/7398
f 325/3442/7399 321/3484/7400 319/3779/7401
f 321/3484/7402 318/2758/7403 326/3674/7404
f 326/3674/7405 322/876/7406 315/1732/7407
f 321/3484/7408 315/1732/7409 319/3779/7410
f 303/4601/7411 302/2262/7412 306/1656/7413
f 302/2262/7414 312/2930/7415 314/2186/7416
f 306/1656/7417 302/2262/7418 314/2186/7419
f 312/2930/7420 307/3362/7421 310/15/7422
f 310/15/7423 314/2186/7424 312/2930/7425
f 314/2186/7426 305/4719/7427 309/2457/7428
f 309/2457/7429 313/2645/7430 306/1656/7431
f 313/2645/7432 304/1893/7433 443/1515/7434
f 443/1515/7435 444/717/7436 308/4419/7437
f 444/717/7438 311/4468/7439 308/4419/7440
f 308/4419/7441 306/1656/7442 313/2645/7443
f 443/1515/7444 308/4419/7445 313/2645/7446
f 1228/556/7447 1218/4636/7448 1220/1223/7449
f 1218/4636/7450 1222/2929/7451 1220/1223/7452
f 1222/2929/7453 1226/2416/7454 1217/3703/7455
f 1217/3703/7456 1221/3190/7457 1216/3965/7458
f 1221/3190/7459 1225/4177/7460 1380/85/7461
f 1216/3965/7462 1221/3190/7463 1380/85/7464
f 1380/85/7465 1379/3704/7466 1216/3965/7467
f 1379/3704/7468 1219/3422/7469 1216/3965/7470
f 1216/3965/7471 1227/1574/7472 1217/3703/7473
f 1227/1574/7474 1224/3952/7475 1223/3188/7476
f 1223/3188/7477 1220/1223/7478 1222/2929/7479
f 1227/1574/7480 1222/2929/7481 1217/3703/7482
f 55/2861/7483 58/3816/7484 57/524/7485
f 58/3816/7486 59/2147/7487 63/646/7488
f 57/524/7489 58/3816/7490 63/646/7491
f 63/646/7492 64/2290/7493 65/2840/7494
f 64/2290/7495 54/3845/7496 206/4525/7497
f 206/4525/7498 207/247/7499 56/596/7500
f 207/247/7501 60/1287/7502 56/596/7503
f 56/596/7504 65/2840/7505 64/2290/7506
f 206/4525/7507 56/596/7508 64/2290/7509
f 65/2840/7510 61/3243/7511 57/524/7512
f 57/524/7513 66/103/7514 55/2861/7515
f 66/103/7516 62/2685/7517 55/2861/7518
f 53/3574/7519 43/3786/7520 45/1502/7521
f 43/3786/7522 47/246/7523 45/1502/7524
f 47/246/7525 51/204/7526 42/313/7527
f 42/313/7528 46/3449/7529 41/1657/7530
f 46/3449/7531 50/3359/7532 205/3893/7533
f 41/1657/7534 46/3449/7535 205/3893/7536
f 205/3893/7537 204/821/7538 41/1657/7539
f 204/821/7540 44/2890/7541 41/1657/7542
f 41/1657/7543 52/3731/7544 42/313/7545
f 52/3731/7546 49/2356/7547 48/2200/7548
f 48/2200/7549 45/1502/7550 47/246/7551
f 52/3731/7552 47/246/7553 42/313/7554
f 1502/3710/7555 1499/3106/7556 1497/267/7557
f 1499/3106/7558 1490/967/7559 1497/267/7560
f 1490/967/7561 1491/2131/7562 1494/1827/7563
f 1494/1827/7564 1495/1300/7565 1500/2597/7566
f 1495/1300/7567 1498/4246/7568 1621/2302/7569
f 1500/2597/7570 1495/1300/7571 1621/2302/7572
f 1621/2302/7573 1620/3975/7574 1500/2597/7575
f 1620/3975/7576 1492/88/7577 1500/2597/7578
f 1500/2597/7579 1496/2586/7580 1494/1827/7581
f 1496/2586/7582 1493/139/7583 1501/4552/7584
f 1501/4552/7585 1497/267/7586 1490/967/7587
f 1496/2586/7588 1490/967/7589 1494/1827/7590
f 525/1479/7591 528/4085/7592 527/2429/7593
f 528/4085/7594 529/4505/7595 533/2178/7596
f 527/2429/7597 528/4085/7598 533/2178/7599
f 533/2178/7600 534/2534/7601 535/4458/7602
f 534/2534/7603 524/428/7604 676/2114/7605
f 676/2114/7606 677/3142/7607 526/3505/7608
f 677/3142/7609 530/2662/7610 526/3505/7611
f 526/3505/7612 535/4458/7613 534/2534/7614
f 676/2114/7615 526/3505/7616 534/2534/7617
f 535/4458/7618 531/675/7619 527/2429/7620
f 527/2429/7621 536/4637/7622 525/1479/7623
f 536/4637/7624 532/3927/7625 525/1479/7626
f 523/401/7627 513/70/7628 515/4031/7629
f 513/70/7630 517/4238/7631 515/4031/7632
f 517/4238/7633 521/3048/7634 512/4290/7635
f 512/4290/7636 516/1095/7637 511/3402/7638
f 516/1095/7639 520/4517/7640 675/1830/7641
f 511/3402/7642 516/1095/7643 675/1830/7644
f 675/1830/7645 674/1760/7646 511/3402/7647
f 674/1760/7648 514/4299/7649 511/3402/7650
f 511/3402/7651 522/1478/7652 512/4290/7653
f 522/1478/7654 519/4482/7655 518/3608/7656
f 518/3608/7657 515/4031/7658 517/4238/7659
f 522/1478/7660 517/4238/7661 512/4290/7662
f 1713/1953/7663 1712/4178/7664 1716/312/7665
f 1712/4178/7666 1722/546/7667 1724/3754/7668
f 1716/312/7669 1712/4178/7670 1724/3754/7671
f 1722/546/7672 1717/2831/7673 1720/4587/7674
f 1720/4587/7675 1724/3754/7676 1722/546/7677
f 1724/3754/7678 1715/977/7679 1719/187/7680
f 1719/187/7681 1723/1927/7682 1716/312/7683
f 1723/1927/7684 1714/1112/7685 1853/1224/7686
f 1853/1224/7687 1854/2735/7688 1718/4312/7689
f 1854/2735/7690 1721/2620/7691 1718/4312/7692
f 1718/4312/7693 1716/312/7694 1723/1927/7695
f 1853/1224/7696 1718/4312/7697 1723/1927/7698
f 797/2792/7699 794/3985/7700 792/4453/7701
f 794/3985/7702 785/1733/7703 792/4453/7704
f 785/1733/7705 786/403/7706 789/702/7707
f 789/702/7708 790/674/7709 795/2642/7710
f 790/674/7711 793/2866/7712 916/1946/7713
f 795/2642/7714 790/674/7715 916/1946/7716
f 916/1946/7717 915/3742/7718 795/2642/7719
f 915/3742/7720 787/1659/7721 795/2642/7722
f 795/2642/7723 791/2640/7724 789/702/7725
f 791/2640/7726 788/3832/7727 796/3216/7728
f 796/3216/7729 792/4453/7730 785/1733/7731
f 791/2640/7732 785/1733/7733 789/702/7734
f 773/4249/7735 772/2745/7736 776/1352/7737
f 772/2745/7738 782/4157/7739 784/3377/7740
f 776/1352/7741 772/2745/7742 784/3377/7743
f 782/4157/7744 777/4642/7745 780/4281/7746
f 780/4281/7747 784/3377/7748 782/4157/7749
f 784/3377/7750 775/1563/7751 779/2962/7752
f 779/2962/7753 783/2816/7754 776/1352/7755
f 783/2816/7756 774/4673/7757 913/2852/7758
f 913/2852/7759 914/3850/7760 778/377/7761
f 914/3850/7762 781/3565/7763 778/377/7764
f 778/377/7765 776/1352/7766 783/2816/7767
f 913/2852/7768 778/377/7769 783/2816/7770
f 1935/3614/7771 1938/2258/7772 1937/1889/7773
f 1938/2258/7774 1939/3519/7775 1943/4151/7776
f 1937/1889/7777 1938/2258/7778 1943/4151/7779
f 1943/4151/7780 1944/3698/7781 1945/895/7782
f 1944/3698/7783 1934/658/7784 2086/4277/7785
f 2086/4277/7786 2087/2917/7787 1936/2004/7788
f 2087/2917/7789 1940/1968/7790 1936/2004/7791
f 1936/2004/7792 1945/895/7793 1944/3698/7794
f 2086/4277/7795 1936/2004/7796 1944/3698/7797
f 1945/895/7798 1941/1612/7799 1937/1889/7800
f 1937/1889/7801 1946/1513/7802 1935/3614/7803
f 1946/1513/7804 1942/4279/7805 1935/3614/7806
usemtl stonetrims
f 2158/4390/7807 2157/1188/7808 2176/3055/7809
f 2158/4390/7807 2176/3055/7809 2177/393/7810
f 2160/965/7811 2161/2906/7812 2172/1935/7813
f 2160/965/7811 2172/1935/7813 2169/533/7814
f 2159/440/7815 2158/4390/7816 2177/393/7817
f 2159/440/7815 2177/393/7817 2178/691/7818
usemtl brickwall1
f 2161/1216/7819 2158/4485/7820 2159/827/7821
f 2161/1216/7819 2159/827/7821 2162/3040/7822
f 2162/3680/7823 2159/3276/7824 2156/4547/7825
f 2162/3680/7823 2156/4547/7825 2163/149/7826
f 2160/4527/7827 2157/4424/7828 2158/4573/7829
f 2160/4527/7827 2158/4573/7829 2161/760/7830
f 2163/3976/7831 2156/6/7832 2157/985/7833
f 2163/3976/7831 2157/985/7833 2160/1929/7834
usemtl stonetrims
f 2163/3182/7835 2160/965/7836 2169/533/7837
f 2163/3182/7835 2169/533/7837 2179/3406/7838
f 2156/989/7839 2159/440/7840 2178/691/7841
f 2156/989/7839 2178/691/7841 2166/3612/7842
f 2166/3220/7843 2167/3128/7844 2168/1306/7845
f 2166/3220/7843 2168/1306/7845 2176/3625/7846
f 2176/3625/7847 2168/1306/7848 2171/1808/7849
f 2176/3625/7847 2171/1808/7849 2177/2389/7850
f 2177/2389/7851 2171/1808/7852 2174/4078/7853
f 2177/2389/7851 2174/4078/7853 2178/4066/7854
f 2178/4066/7855 2174/4078/7856 2167/1816/7857
f 2178/4066/7855 2167/1816/7857 2166/607/7858
f 2165/2495/7859 2179/4198/7860 2169/4381/7861
f 2165/2495/7859 2169/4381/7861 2164/1910/7862
f 2164/1910/7863 2169/4381/7864 2172/2857/7865
f 2164/1910/7863 2172/2857/7865 2170/2998/7866
f 2173/4708/7867 2175/3392/7868 2179/3144/7869
f 2173/4708/7867 2179/3144/7869 2165/2987/7870
f 2170/2998/7871 2172/2857/7872 2175/3392/7873
f 2170/2998/7871 2175/3392/7873 2173/4708/7874
f 2162/1008/7875 2163/3665/7876 2179/3431/7877
f 2162/1008/7875 2179/3431/7877 2175/3068/7878
f 2157/1188/7879 2156/3006/7880 2166/153/7881
f 2157/1188/7879 2166/153/7881 2176/3055/7882
f 2161/2906/7883 2162/1008/7884 2175/3068/7885
f 2161/2906/7883 2175/3068/7885 2172/1935/7886
f 2167/3128/7887 2174/4711/7888 2171/1308/7889
f 2167/3128/7887 2171/1308/7889 2168/3818/7890
f 2164/1980/7891 2170/3539/7892 2173/3541/7893
f 2164/1980/7891 2173/3541/7893 2165/214/7894
f 2182/698/7895 2181/2252/7896 2200/4115/7897
f 2182/698/7895 2200/4115/7897 2201/4602/7898
f 2184/2012/7899 2185/3977/7900 2196/2978/7901
f 2184/2012/7899 2196/2978/7901 2193/1560/7902
f 2183/4626/7903 2182/698/7904 2201/4602/7905
f 2183/4626/7903 2201/4602/7905 2202/1719/7906
usemtl brickwall1
f 2185/2278/7907 2182/802/7908 2183/1866/7909
f 2185/2278/7907 2183/1866/7909 2186/4093/7910
f 2186/4714/7911 2183/4317/7912 2180/857/7913
f 2186/4714/7911 2180/857/7913 2187/1182/7914
f 2184/837/7915 2181/3912/7916 2182/882/7917
f 2184/837/7915 2182/882/7917 2185/1790/7918
f 2187/3456/7919 2180/1050/7920 2181/349/7921
f 2187/3456/7919 2181/349/7921 2184/2968/7922
usemtl stonetrims
f 2187/4228/7923 2184/2012/7924 2193/1560/7925
f 2187/4228/7923 2193/1560/7925 2203/4443/7926
f 2180/2047/7927 2183/4626/7928 2202/1719/7929
f 2180/2047/7927 2202/1719/7929 2190/4658/7930
f 2190/4271/7931 2191/4179/7932 2192/2354/7933
f 2190/4271/7931 2192/2354/7933 2200/4666/7934
f 2200/4666/7935 2192/2354/7936 2195/2844/7937
f 2200/4666/7935 2195/2844/7937 2201/3424/7938
f 2201/3424/7939 2195/2844/7940 2198/402/7941
f 2201/3424/7939 2198/402/7941 2202/3543/7942
f 2202/3543/7943 2198/402/7944 2191/2854/7945
f 2202/3543/7943 2191/2854/7945 2190/1629/7946
f 2189/3538/7947 2203/511/7948 2193/689/7949
f 2189/3538/7947 2193/689/7949 2188/2955/7950
f 2188/2955/7951 2193/689/7952 2196/3935/7953
f 2188/2955/7951 2196/3935/7953 2194/4056/7954
f 2197/1028/7955 2199/4434/7956 2203/4185/7957
f 2197/1028/7955 2203/4185/7957 2189/2480/7958
f 2194/4056/7959 2196/3935/7960 2199/4434/7961
f 2194/4056/7959 2199/4434/7961 2197/1028/7962
f 2186/2059/7963 2187/3170/7964 2203/4474/7965
f 2186/2059/7963 2203/4474/7965 2199/4125/7966
f 2181/2252/7967 2180/4059/7968 2190/4370/7969
f 2181/2252/7967 2190/4370/7969 2200/4115/7970
f 2185/3977/7971 2186/2059/7972 2199/4125/7973
f 2185/3977/7971 2199/4125/7973 2196/2978/7974
f 2191/4179/7975 2198/4218/7976 2195/2355/7977
f 2191/4179/7975 2195/2355/7977 2192/135/7978
f 2188/3027/7979 2194/4588/7980 2197/4591/7981
f 2188/3027/7979 2197/4591/7981 2189/1248/7982
f 2206/1735/7983 2205/3298/7984 2224/3579/7985
f 2206/1735/7983 2224/3579/7985 2225/905/7986
f 2208/3054/7987 2209/297/7988 2220/4044/7989
f 2208/3054/7987 2220/4044/7989 2217/2598/7990
f 2207/939/7991 2206/1735/7992 2225/905/7993
f 2207/939/7991 2225/905/7993 2226/2762/7994
usemtl brickwall1
f 2209/3314/7995 2206/1833/7996 2207/1367/7997
f 2209/3314/7995 2207/1367/7997 2210/1117/7998
f 2210/1035/7999 2207/624/8000 2204/1895/8001
f 2210/1035/7999 2204/1895/8001 2211/2243/8002
f 2208/1878/8003 2205/230/8004 2206/1930/8005
f 2208/1878/8003 2206/1930/8005 2209/2832/8006
f 2211/4498/8007 2204/2108/8008 2205/1511/8009
f 2211/4498/8007 2205/1511/8009 2208/4028/8010
usemtl stonetrims
f 2211/544/8011 2208/3054/8012 2217/2598/8013
f 2211/544/8011 2217/2598/8013 2227/755/8014
f 2204/1517/8015 2207/939/8016 2226/2762/8017
f 2204/1517/8015 2226/2762/8017 2214/979/8018
f 2214/3739/8019 2215/492/8020 2216/3399/8021
f 2214/3739/8019 2216/3399/8021 2224/990/8022
f 2224/990/8023 2216/3399/8024 2219/3915/8025
f 2224/990/8023 2219/3915/8025 2225/4465/8026
f 2225/4465/8027 2219/3915/8028 2222/1413/8029
f 2225/4465/8027 2222/1413/8029 2226/3464/8030
f 2226/3464/8031 2222/1413/8032 2215/3926/8033
f 2226/3464/8031 2215/3926/8033 2214/2672/8034
f 2213/4589/8035 2227/4715/8036 2217/1717/8037
f 2213/4589/8035 2217/1717/8037 2212/2459/8038
f 2212/2459/8039 2217/1717/8040 2220/256/8041
f 2212/2459/8039 2220/256/8041 2218/3533/8042
f 2221/2079/8043 2223/741/8044 2227/500/8045
f 2221/2079/8043 2227/500/8045 2213/3527/8046
f 2218/3533/8047 2220/256/8048 2223/741/8049
f 2218/3533/8047 2223/741/8049 2221/2079/8050
f 2210/3102/8051 2211/4211/8052 2227/788/8053
f 2210/3102/8051 2227/788/8053 2223/446/8054
f 2205/3298/8055 2204/390/8056 2214/679/8057
f 2205/3298/8055 2214/679/8057 2224/3579/8058
f 2209/297/8059 2210/3102/8060 2223/446/8061
f 2209/297/8059 2223/446/8061 2220/4044/8062
f 2215/492/8063 2222/534/8064 2219/3403/8065
f 2215/492/8063 2219/3403/8065 2216/1176/8066
f 2212/4086/8067 2218/900/8068 2221/903/8069
f 2212/4086/8067 2221/903/8069 2213/742/8070
f 2230/2773/8071 2229/4343/8072 2248/4630/8073
f 2230/2773/8071 2248/4630/8073 2249/1943/8074
f 2232/4114/8075 2233/1326/8076 2244/3520/8077
f 2232/4114/8075 2244/3520/8077 2241/3655/8078
f 2231/1989/8079 2230/2773/8080 2249/1943/8081
f 2231/1989/8079 2249/1943/8081 2250/3831/8082
usemtl brickwall1
f 2233/4360/8083 2230/2879/8084 2231/2417/8085
f 2233/4360/8083 2231/2417/8085 2234/4615/8086
f 2234/536/8087 2231/1648/8088 2228/1390/8089
f 2234/536/8087 2228/1390/8089 2235/3292/8090
f 2232/2927/8091 2229/1268/8092 2230/2969/8093
f 2232/2927/8091 2230/2969/8093 2233/3899/8094
f 2235/810/8095 2228/3154/8096 2229/2551/8097
f 2235/810/8095 2229/2551/8097 2232/355/8098
usemtl stonetrims
f 2235/1570/8099 2232/4114/8100 2241/3655/8101
f 2235/1570/8099 2241/3655/8101 2251/1782/8102
f 2228/2564/8103 2231/1989/8104 2250/3831/8105
f 2228/2564/8103 2250/3831/8105 2238/2028/8106
f 2238/58/8107 2239/1510/8108 2240/4438/8109
f 2238/58/8107 2240/4438/8109 2248/2048/8110
f 2248/2048/8111 2240/4438/8112 2243/232/8113
f 2248/2048/8111 2243/232/8113 2249/782/8114
f 2249/782/8115 2243/232/8116 2246/916/8117
f 2249/782/8115 2246/916/8117 2250/906/8118
f 2250/906/8119 2246/916/8120 2239/249/8121
f 2250/906/8119 2239/249/8121 2238/2199/8122
f 2237/4088/8123 2251/1037/8124 2241/2760/8125
f 2237/4088/8123 2241/2760/8125 2236/3496/8126
f 2236/3496/8127 2241/2760/8128 2244/1292/8129
f 2236/3496/8127 2244/1292/8129 2242/4580/8130
f 2245/3129/8131 2247/248/8132 2251/1521/8133
f 2245/3129/8131 2251/1521/8133 2237/4568/8134
f 2242/4580/8135 2244/1292/8136 2247/248/8137
f 2242/4580/8135 2247/248/8137 2245/3129/8138
f 2234/4150/8139 2235/526/8140 2251/1822/8141
f 2234/4150/8139 2251/1822/8141 2247/1461/8142
f 2229/4343/8143 2228/1397/8144 2238/1707/8145
f 2229/4343/8143 2238/1707/8145 2248/4630/8146
f 2233/1326/8147 2234/4150/8148 2247/1461/8149
f 2233/1326/8147 2247/1461/8149 2244/3520/8150
f 2239/1510/8151 2246/1564/8152 2243/4440/8153
f 2239/1510/8151 2243/4440/8153 2240/666/8154
f 2236/405/8155 2242/1937/8156 2245/415/8157
f 2236/405/8155 2245/415/8157 2237/1770/8158
f 2254/3842/8159 2253/649/8160 2272/943/8161
f 2254/3842/8159 2272/943/8161 2273/2994/8162
f 2256/442/8163 2257/807/8164 2268/4564/8165
f 2256/442/8163 2268/4564/8165 2265/4698/8166
f 2255/3039/8167 2254/3842/8168 2273/2994/8169
f 2255/3039/8167 2273/2994/8169 2274/151/8170
usemtl brickwall1
f 2257/3849/8171 2254/3945/8172 2255/3459/8173
f 2257/3849/8171 2255/3459/8173 2258/926/8174
f 2258/1565/8175 2255/1151/8176 2252/2443/8177
f 2258/1565/8175 2252/2443/8177 2259/4335/8178
f 2256/3998/8179 2253/2323/8180 2254/2467/8181
f 2256/3998/8179 2254/2467/8181 2257/219/8182
f 2259/1844/8183 2252/4197/8184 2253/3604/8185
f 2259/1844/8183 2253/3604/8185 2256/1374/8186
usemtl stonetrims
f 2259/1066/8187 2256/442/8188 2265/4698/8189
f 2259/1066/8187 2265/4698/8189 2275/1294/8190
f 2252/3609/8191 2255/3039/8192 2274/151/8193
f 2252/3609/8191 2274/151/8193 2262/3075/8194
f 2262/1099/8195 2263/3755/8196 2264/749/8197
f 2262/1099/8195 2264/749/8197 2272/1518/8198
f 2272/1518/8199 2264/749/8200 2267/1270/8201
f 2272/1518/8199 2267/1270/8201 2273/289/8202
f 2273/289/8203 2267/1270/8204 2270/1955/8205
f 2273/289/8203 2270/1955/8205 2274/1944/8206
f 2274/1944/8207 2270/1955/8208 2263/1283/8209
f 2274/1944/8207 2263/1283/8209 2262/3239/8210
f 2261/412/8211 2275/2090/8212 2265/3829/8213
f 2261/412/8211 2265/3829/8213 2260/4543/8214
f 2260/4543/8215 2265/3829/8216 2268/774/8217
f 2260/4543/8215 2268/774/8217 2266/892/8218
f 2269/4180/8219 2271/1281/8220 2275/2565/8221
f 2269/4180/8219 2275/2565/8221 2261/878/8222
f 2266/892/8223 2268/774/8224 2271/1281/8225
f 2266/892/8223 2271/1281/8225 2269/4180/8226
f 2258/473/8227 2259/1556/8228 2275/2862/8229
f 2258/473/8227 2275/2862/8229 2271/2511/8230
f 2253/649/8231 2252/2455/8232 2262/2752/8233
f 2253/649/8231 2262/2752/8233 2272/943/8234
f 2257/807/8235 2258/473/8236 2271/2511/8237
f 2257/807/8235 2271/2511/8237 2268/4564/8238
f 2263/3755/8239 2270/2599/8240 2267/3936/8241
f 2263/3755/8239 2267/3936/8241 2264/1690/8242
f 2260/1416/8243 2266/1424/8244 2269/1426/8245
f 2260/1416/8243 2269/1426/8245 2261/2810/8246
f 2278/3326/8247 2277/1669/8248 2296/1994/8249
f 2278/3326/8247 2296/1994/8249 2297/4053/8250
f 2280/1450/8251 2281/1842/8252 2292/873/8253
f 2280/1450/8251 2292/873/8253 2289/1017/8254
f 2279/4091/8255 2278/3326/8256 2297/4053/8257
f 2279/4091/8255 2297/4053/8257 2298/4367/8258
usemtl brickwall1
f 2281/163/8259 2278/274/8260 2279/4502/8261
f 2281/163/8259 2279/4502/8261 2282/1973/8262
f 2282/2600/8263 2279/2215/8264 2276/3487/8265
f 2282/2600/8263 2276/3487/8265 2283/638/8266
f 2280/322/8267 2277/3367/8268 2278/3512/8269
f 2280/322/8267 2278/3512/8269 2281/1252/8270
f 2283/2887/8271 2276/3675/8272 2277/4650/8273
f 2283/2887/8271 2277/4650/8273 2280/2424/8274
usemtl stonetrims
f 2283/2124/8275 2280/1450/8276 2289/1017/8277
f 2283/2124/8275 2289/1017/8277 2299/2343/8278
f 2276/4655/8279 2279/4091/8280 2298/4367/8281
f 2276/4655/8279 2298/4367/8281 2286/4131/8282
f 2286/2167/8283 2287/2062/8284 2288/260/8285
f 2286/2167/8283 2288/260/8285 2296/2566/8286
f 2296/2566/8287 2288/260/8288 2291/2325/8289
f 2296/2566/8287 2291/2325/8289 2297/1323/8290
f 2297/1323/8291 2291/2325/8292 2294/3008/8293
f 2297/1323/8291 2294/3008/8293 2298/2996/8294
f 2298/2996/8295 2294/3008/8296 2287/2336/8297
f 2298/2996/8295 2287/2336/8297 2286/4289/8298
f 2285/1428/8299 2299/3457/8300 2289/150/8301
f 2285/1428/8299 2289/150/8301 2284/848/8302
f 2284/848/8303 2289/150/8304 2292/1806/8305
f 2284/848/8303 2292/1806/8305 2290/1933/8306
f 2293/3651/8307 2295/2334/8308 2299/3611/8309
f 2293/3651/8307 2299/3611/8309 2285/1918/8310
f 2290/1933/8311 2292/1806/8312 2295/2334/8313
f 2290/1933/8311 2295/2334/8313 2293/3651/8314
f 2282/1495/8315 2283/2589/8316 2299/3938/8317
f 2282/1495/8315 2299/3938/8317 2295/3556/8318
f 2277/1669/8319 2276/3493/8320 2286/3820/8321
f 2277/1669/8319 2286/3820/8321 2296/1994/8322
f 2281/1842/8323 2282/1495/8324 2295/3556/8325
f 2281/1842/8323 2295/3556/8325 2292/873/8326
f 2287/2062/8327 2294/3654/8328 2291/261/8329
f 2287/2062/8327 2291/261/8329 2288/2741/8330
f 2284/920/8331 2290/2481/8332 2293/2482/8333
f 2284/920/8331 2293/2482/8333 2285/3881/8334
f 2302/4376/8335 2301/1177/8336 2320/3042/8337
f 2302/4376/8335 2320/3042/8337 2321/372/8338
f 2304/2506/8339 2305/2884/8340 2316/1914/8341
f 2304/2506/8339 2316/1914/8341 2313/518/8342
f 2303/416/8343 2302/4376/8344 2321/372/8345
f 2303/416/8343 2321/372/8345 2322/672/8346
usemtl brickwall1
f 2305/1199/8347 2302/1302/8348 2303/812/8349
f 2305/1199/8347 2303/812/8349 2306/3022/8350
f 2306/3657/8351 2303/3262/8352 2300/4523/8353
f 2306/3657/8351 2300/4523/8353 2307/1666/8354
f 2304/4512/8355 2301/4409/8356 2302/4557/8357
f 2304/4512/8355 2302/4557/8357 2305/744/8358
f 2307/3959/8359 2300/4712/8360 2301/968/8361
f 2307/3959/8359 2301/968/8361 2304/3469/8362
usemtl stonetrims
f 2307/3171/8363 2304/2506/8364 2313/518/8365
f 2307/3171/8363 2313/518/8365 2323/3388/8366
f 2300/970/8367 2303/416/8368 2322/672/8369
f 2300/970/8367 2322/672/8369 2310/3596/8370
f 2310/3209/8371 2311/3111/8372 2312/1286/8373
f 2310/3209/8371 2312/1286/8373 2320/3610/8374
f 2320/3610/8375 2312/1286/8376 2315/3369/8377
f 2320/3610/8375 2315/3369/8377 2321/1598/8378
f 2321/1598/8379 2315/3369/8380 2318/4062/8381
f 2321/1598/8379 2318/4062/8381 2322/4054/8382
f 2322/4054/8383 2318/4062/8384 2311/1801/8385
f 2322/4054/8383 2311/1801/8385 2310/589/8386
f 2309/2483/8387 2323/4187/8388 2313/1183/8389
f 2309/2483/8387 2313/1183/8389 2308/1896/8390
f 2308/1896/8391 2313/1183/8392 2316/2842/8393
f 2308/1896/8391 2316/2842/8393 2314/2976/8394
f 2317/4689/8395 2319/3375/8396 2323/3116/8397
f 2317/4689/8395 2323/3116/8397 2309/2960/8398
f 2314/2976/8399 2316/2842/8400 2319/3375/8401
f 2314/2976/8399 2319/3375/8401 2317/4689/8402
f 2306/2530/8403 2307/3652/8404 2323/263/8405
f 2306/2530/8403 2323/263/8405 2319/4605/8406
f 2301/1177/8407 2300/4538/8408 2310/133/8409
f 2301/1177/8407 2310/133/8409 2320/3042/8410
f 2305/2884/8411 2306/2530/8412 2319/4605/8413
f 2305/2884/8411 2319/4605/8413 2316/1914/8414
f 2311/3111/8415 2318/4699/8416 2315/1293/8417
f 2311/3111/8415 2315/1293/8417 2312/3802/8418
f 2308/1956/8419 2314/3529/8420 2317/3530/8421
f 2308/1956/8419 2317/3530/8421 2309/196/8422
f 2326/683/8423 2325/2236/8424 2344/4095/8425
f 2326/683/8423 2344/4095/8425 2345/1391/8426
f 2328/1993/8427 2329/3957/8428 2340/2958/8429
f 2328/1993/8427 2340/2958/8429 2337/1544/8430
f 2327/1429/8431 2326/683/8432 2345/1391/8433
f 2327/1429/8431 2345/1391/8433 2346/1705/8434
usemtl brickwall1
f 2329/2266/8435 2326/2350/8436 2327/1850/8437
f 2329/2266/8435 2327/1850/8437 2330/4076/8438
f 2330/4701/8439 2327/4307/8440 2324/836/8441
f 2330/4701/8439 2324/836/8441 2331/2708/8442
f 2328/824/8443 2325/718/8444 2326/863/8445
f 2328/824/8443 2326/863/8445 2329/1777/8446
f 2331/285/8447 2324/1032/8448 2325/2020/8449
f 2331/285/8447 2325/2020/8449 2328/2947/8450
usemtl stonetrims
f 2331/4215/8451 2328/1993/8452 2337/1544/8453
f 2331/4215/8451 2337/1544/8453 2347/4428/8454
f 2324/2022/8455 2327/1429/8456 2346/1705/8457
f 2324/2022/8455 2346/1705/8457 2334/4648/8458
f 2334/4259/8459 2335/4152/8460 2336/2338/8461
f 2334/4259/8459 2336/2338/8461 2344/4656/8462
f 2344/4656/8463 2336/2338/8464 2339/4410/8465
f 2344/4656/8463 2339/4410/8465 2345/3417/8466
f 2345/3417/8467 2339/4410/8468 2342/391/8469
f 2345/3417/8467 2342/391/8469 2346/373/8470
f 2346/373/8471 2342/391/8472 2335/2834/8473
f 2346/373/8471 2335/2834/8473 2334/1620/8474
f 2333/3531/8475 2347/501/8476 2337/2244/8477
f 2333/3531/8475 2337/2244/8477 2332/2936/8478
f 2332/2936/8479 2337/2244/8480 2340/3916/8481
f 2332/2936/8479 2340/3916/8481 2338/4035/8482
f 2341/1013/8483 2343/4421/8484 2347/4163/8485
f 2341/1013/8483 2347/4163/8485 2333/4025/8486
f 2338/4035/8487 2340/3916/8488 2343/4421/8489
f 2338/4035/8487 2343/4421/8489 2341/1013/8490
f 2330/3577/8491 2331/4690/8492 2347/4460/8493
f 2330/3577/8491 2347/4460/8493 2343/4107/8494
f 2325/2236/8495 2324/4046/8496 2334/1178/8497
f 2325/2236/8495 2334/1178/8497 2344/4095/8498
f 2329/3957/8499 2330/3577/8500 2343/4107/8501
f 2329/3957/8499 2343/4107/8501 2340/2958/8502
f 2335/4152/8503 2342/1016/8504 2339/2339/8505
f 2335/4152/8503 2339/2339/8505 2336/116/8506
f 2332/3011/8507 2338/4569/8508 2341/4572/8509
f 2332/3011/8507 2341/4572/8509 2333/1231/8510
f 2350/1715/8511 2349/3281/8512 2368/429/8513
f 2350/1715/8511 2368/429/8513 2369/887/8514
f 2352/3041/8515 2353/283/8516 2364/4021/8517
f 2352/3041/8515 2364/4021/8517 2361/2582/8518
f 2351/2484/8519 2350/1715/8520 2369/887/8521
f 2351/2484/8519 2369/887/8521 2370/2749/8522
usemtl brickwall1
f 2353/3303/8523 2350/1820/8524 2351/2891/8525
f 2353/3303/8523 2351/2891/8525 2354/399/8526
f 2354/1025/8527 2351/612/8528 2348/1875/8529
f 2354/1025/8527 2348/1875/8529 2355/2229/8530
f 2352/1860/8531 2349/210/8532 2350/1903/8533
f 2352/1860/8531 2350/1903/8533 2353/2813/8534
f 2355/4483/8535 2348/2087/8536 2349/3063/8537
f 2355/4483/8535 2349/3063/8537 2352/4016/8538
usemtl stonetrims
f 2355/529/8539 2352/3041/8540 2361/2582/8541
f 2355/529/8539 2361/2582/8541 2371/736/8542
f 2348/3071/8543 2351/2484/8544 2370/2749/8545
f 2348/3071/8543 2370/2749/8545 2358/957/8546
f 2358/564/8547 2359/475/8548 2360/3383/8549
f 2358/564/8547 2360/3383/8549 2368/971/8550
f 2368/971/8551 2360/3383/8552 2363/3897/8553
f 2368/971/8551 2363/3897/8553 2369/4451/8554
f 2369/4451/8555 2363/3897/8556 2366/1398/8557
f 2369/4451/8555 2366/1398/8557 2370/4574/8558
f 2370/4574/8559 2366/1398/8560 2359/3908/8561
f 2370/4574/8559 2359/3908/8561 2358/2660/8562
f 2357/4571/8563 2371/1522/8564 2361/1700/8565
f 2357/4571/8563 2361/1700/8565 2356/4008/8566
f 2356/4008/8567 2361/1700/8568 2364/231/8569
f 2356/4008/8567 2364/231/8569 2362/364/8570
f 2365/2065/8571 2367/725/8572 2371/484/8573
f 2365/2065/8571 2371/484/8573 2357/3506/8574
f 2362/364/8575 2364/231/8576 2367/725/8577
f 2362/364/8575 2367/725/8577 2365/2065/8578
f 2354/3087/8579 2355/1014/8580 2371/775/8581
f 2354/3087/8579 2371/775/8581 2367/439/8582
f 2349/3281/8583 2348/367/8584 2358/2237/8585
f 2349/3281/8583 2358/2237/8585 2368/429/8586
f 2353/283/8587 2354/3087/8588 2367/439/8589
f 2353/283/8587 2367/439/8589 2364/4021/8590
f 2359/475/8591 2366/2067/8592 2363/3384/8593
f 2359/475/8591 2363/3384/8593 2360/1155/8594
f 2356/4063/8595 2362/879/8596 2365/881/8597
f 2356/4063/8595 2365/881/8597 2357/2291/8598
f 2374/2755/8599 2373/4325/8600 2392/1440/8601
f 2374/2755/8599 2392/1440/8601 2393/1931/8602
f 2376/4094/8603 2377/1312/8604 2388/345/8605
f 2376/4094/8603 2388/345/8605 2385/3635/8606
f 2375/1970/8607 2374/2755/8608 2393/1931/8609
f 2375/1970/8607 2393/1931/8609 2394/3814/8610
usemtl brickwall1
f 2377/4355/8611 2374/2855/8612 2375/3966/8613
f 2377/4355/8611 2375/3966/8613 2378/1412/8614
f 2378/2070/8615 2375/1636/8616 2372/2926/8617
f 2378/2070/8615 2372/2926/8617 2379/3277/8618
f 2376/2907/8619 2373/1250/8620 2374/2948/8621
f 2376/2907/8619 2374/2948/8621 2377/3885/8622
f 2379/800/8623 2372/3134/8624 2373/4119/8625
f 2379/800/8623 2373/4119/8625 2376/337/8626
usemtl stonetrims
f 2379/1557/8627 2376/4094/8628 2385/3635/8629
f 2379/1557/8627 2385/3635/8629 2395/1768/8630
f 2372/4127/8631 2375/1970/8632 2394/3814/8633
f 2372/4127/8631 2394/3814/8633 2382/2010/8634
f 2382/42/8635 2383/1496/8636 2384/4423/8637
f 2382/42/8635 2384/4423/8637 2392/2024/8638
f 2392/2024/8639 2384/4423/8640 2387/215/8641
f 2392/2024/8639 2387/215/8641 2393/763/8642
f 2393/763/8643 2387/215/8644 2390/2458/8645
f 2393/763/8643 2390/2458/8645 2394/888/8646
f 2394/888/8647 2390/2458/8648 2383/227/8649
f 2394/888/8647 2383/227/8649 2382/3722/8650
f 2381/3775/8651 2395/1026/8652 2385/2747/8653
f 2381/3775/8651 2385/2747/8653 2380/329/8654
f 2380/329/8655 2385/2747/8656 2388/1269/8657
f 2380/329/8655 2388/1269/8657 2386/1381/8658
f 2389/3112/8659 2391/1755/8660 2395/1506/8661
f 2389/3112/8659 2395/1506/8661 2381/4553/8662
f 2386/1381/8663 2388/1269/8664 2391/1755/8665
f 2386/1381/8663 2391/1755/8665 2389/3112/8666
f 2378/4139/8667 2379/512/8668 2395/1810/8669
f 2378/4139/8667 2395/1810/8669 2391/1445/8670
f 2373/4325/8671 2372/1383/8672 2382/1691/8673
f 2373/4325/8671 2382/1691/8673 2392/1440/8674
f 2377/1312/8675 2378/4139/8676 2391/1445/8677
f 2377/1312/8675 2391/1445/8677 2388/345/8678
f 2383/1496/8679 2390/1543/8680 2387/4425/8681
f 2383/1496/8679 2387/4425/8681 2384/2224/8682
f 2380/392/8683 2386/720/8684 2389/1470/8685
f 2380/392/8683 2389/1470/8685 2381/3329/8686
f 2398/3823/8687 2397/631/8688 2416/933/8689
f 2398/3823/8687 2416/933/8689 2417/2973/8690
f 2400/565/8691 2401/2362/8692 2412/4548/8693
f 2400/565/8691 2412/4548/8693 2409/4677/8694
f 2399/3024/8695 2398/3823/8696 2417/2973/8697
f 2399/3024/8695 2417/2973/8697 2418/128/8698
usemtl brickwall1
f 2401/654/8699 2398/3928/8700 2399/3445/8701
f 2401/654/8699 2399/3445/8701 2402/913/8702
f 2402/3117/8703 2399/2678/8704 2396/2425/8705
f 2402/3117/8703 2396/2425/8705 2403/4319/8706
f 2400/3978/8707 2397/2306/8708 2398/4017/8709
f 2400/3978/8707 2398/4017/8709 2401/199/8710
f 2403/1831/8711 2396/4182/8712 2397/3584/8713
f 2403/1831/8711 2397/3584/8713 2400/1358/8714
usemtl stonetrims
f 2403/2590/8715 2400/565/8716 2409/4677/8717
f 2403/2590/8715 2409/4677/8717 2419/2807/8718
f 2396/3590/8719 2399/3024/8720 2418/128/8721
f 2396/3590/8719 2418/128/8721 2406/3053/8722
f 2406/1089/8723 2407/2538/8724 2408/731/8725
f 2406/1089/8723 2408/731/8725 2416/3073/8726
f 2416/3073/8727 2408/731/8728 2411/1253/8729
f 2416/3073/8727 2411/1253/8729 2417/1796/8730
f 2417/1796/8731 2411/1253/8732 2414/1936/8733
f 2417/1796/8731 2414/1936/8733 2418/1932/8734
f 2418/1932/8735 2414/1936/8736 2407/233/8737
f 2418/1932/8735 2407/233/8737 2406/3224/8738
f 2405/2772/8739 2419/2071/8740 2409/3811/8741
f 2405/2772/8739 2409/3811/8741 2404/4522/8742
f 2404/4522/8743 2409/3811/8744 2412/2324/8745
f 2404/4522/8743 2412/2324/8745 2410/869/8746
f 2413/494/8747 2415/2431/8748 2419/2543/8749
f 2413/494/8747 2419/2543/8749 2405/858/8750
f 2410/869/8751 2412/2324/8752 2415/2431/8753
f 2410/869/8751 2415/2431/8753 2413/494/8754
f 2402/458/8755 2403/1539/8756 2419/2845/8757
f 2402/458/8755 2419/2845/8757 2415/2496/8758
f 2397/631/8759 2396/2434/8760 2406/2738/8761
f 2397/631/8759 2406/2738/8761 2416/933/8762
f 2401/2362/8763 2402/458/8764 2415/2496/8765
f 2401/2362/8763 2415/2496/8765 2412/4548/8766
f 2407/2538/8767 2414/2581/8768 2411/733/8769
f 2407/2538/8767 2411/733/8769 2408/1679/8770
f 2404/1401/8771 2410/2961/8772 2413/2963/8773
f 2404/1401/8771 2413/2963/8773 2405/2793/8774
f 2422/143/8775 2421/1661/8776 2440/1978/8777
f 2422/143/8775 2440/1978/8777 2441/4030/8778
f 2424/1441/8779 2425/1826/8780 2436/2030/8781
f 2424/1441/8779 2436/2030/8781 2433/1001/8782
f 2423/4075/8783 2422/143/8784 2441/4030/8785
f 2423/4075/8783 2441/4030/8785 2442/1167/8786
usemtl brickwall1
f 2425/1680/8787 2422/1832/8788 2423/4486/8789
f 2425/1680/8787 2423/4486/8789 2426/1949/8790
f 2426/2584/8791 2423/2205/8792 2420/3470/8793
f 2426/2584/8791 2420/3470/8793 2427/625/8794
f 2424/300/8795 2421/3347/8796 2422/3492/8797
f 2424/300/8795 2422/3492/8797 2425/1237/8798
f 2427/2868/8799 2420/498/8800 2421/4634/8801
f 2427/2868/8799 2421/4634/8801 2424/2413/8802
usemtl stonetrims
f 2427/3653/8803 2424/1441/8804 2433/1001/8805
f 2427/3653/8803 2433/1001/8805 2443/3877/8806
f 2420/4638/8807 2423/4075/8808 2442/1167/8809
f 2420/4638/8807 2442/1167/8809 2430/4111/8810
f 2430/2148/8811 2431/3585/8812 2432/1761/8813
f 2430/2148/8811 2432/1761/8813 2440/2542/8814
f 2440/2542/8815 2432/1761/8816 2435/2310/8817
f 2440/2542/8815 2435/2310/8817 2441/2833/8818
f 2441/2833/8819 2435/2310/8820 2438/2989/8821
f 2441/2833/8819 2438/2989/8821 2442/2974/8822
f 2442/2974/8823 2438/2989/8824 2431/2319/8825
f 2442/2974/8823 2431/2319/8825 2430/4276/8826
f 2429/1405/8827 2443/3124/8828 2433/130/8829
f 2429/1405/8827 2433/130/8829 2428/830/8830
f 2428/830/8831 2433/130/8832 2436/3370/8833
f 2428/830/8831 2436/3370/8833 2434/1912/8834
f 2437/477/8835 2439/2316/8836 2443/3602/8837
f 2437/477/8835 2443/3602/8837 2429/1898/8838
f 2434/1912/8839 2436/3370/8840 2439/2316/8841
f 2434/1912/8839 2439/2316/8841 2437/477/8842
f 2426/1471/8843 2427/2576/8844 2443/3919/8845
f 2426/1471/8843 2443/3919/8845 2439/3540/8846
f 2421/1661/8847 2420/3482/8848 2430/3803/8849
f 2421/1661/8847 2430/3803/8849 2440/1978/8850
f 2425/1826/8851 2426/1471/8852 2439/3540/8853
f 2425/1826/8851 2439/3540/8853 2436/2030/8854
f 2431/3585/8855 2438/3636/8856 2435/1764/8857
f 2431/3585/8855 2435/1764/8857 2432/2722/8858
f 2428/2460/8859 2434/2464/8860 2437/2465/8861
f 2428/2460/8859 2437/2465/8861 2429/3864/8862
f 2446/4361/8863 2445/2699/8864 2464/3025/8865
f 2446/4361/8863 2464/3025/8865 2465/356/8866
f 2448/2486/8867 2449/2865/8868 2460/1897/8869
f 2448/2486/8867 2460/1897/8869 2457/2055/8870
f 2447/397/8871 2446/4361/8872 2465/356/8873
f 2447/397/8871 2465/356/8873 2466/2232/8874
usemtl brickwall1
f 2449/1184/8875 2446/1284/8876 2447/804/8877
f 2449/1184/8875 2447/804/8877 2450/3002/8878
f 2450/3640/8879 2447/3245/8880 2444/4515/8881
f 2450/3640/8879 2444/4515/8881 2451/1649/8882
f 2448/1330/8883 2445/4391/8884 2446/4539/8885
f 2448/1330/8883 2446/4539/8885 2449/2295/8886
f 2451/3942/8887 2444/1519/8888 2445/949/8889
f 2451/3942/8887 2445/949/8889 2448/3450/8890
usemtl stonetrims
f 2451/3156/8891 2448/2486/8892 2457/2055/8893
f 2451/3156/8891 2457/2055/8893 2467/3371/8894
f 2444/953/8895 2447/397/8896 2466/2232/8897
f 2444/953/8895 2466/2232/8897 2454/441/8898
f 2454/3193/8899 2455/3092/8900 2456/2798/8901
f 2454/3193/8899 2456/2798/8901 2464/4518/8902
f 2464/4518/8903 2456/2798/8904 2459/3351/8905
f 2464/4518/8903 2459/3351/8905 2465/2357/8906
f 2465/2357/8907 2459/3351/8908 2462/4047/8909
f 2465/2357/8907 2462/4047/8909 2466/4032/8910
f 2466/4032/8911 2462/4047/8912 2455/3357/8913
f 2466/4032/8911 2455/3357/8913 2454/581/8914
f 2453/2463/8915 2467/4165/8916 2457/1166/8917
f 2453/2463/8915 2457/1166/8917 2452/1871/8918
f 2452/1871/8919 2457/1166/8920 2460/2824/8921
f 2452/1871/8919 2460/2824/8921 2458/2959/8922
f 2461/1498/8923 2463/3354/8924 2467/4649/8925
f 2461/1498/8923 2467/4649/8925 2453/2944/8926
f 2458/2959/8927 2460/2824/8928 2463/3354/8929
f 2458/2959/8927 2463/3354/8929 2461/1498/8930
f 2450/2522/8931 2451/3631/8932 2467/234/8933
f 2450/2522/8931 2467/234/8933 2463/4590/8934
f 2445/2699/8935 2444/4521/8936 2454/115/8937
f 2445/2699/8935 2454/115/8937 2464/3025/8938
f 2449/2865/8939 2450/2522/8940 2463/4590/8941
f 2449/2865/8939 2463/4590/8941 2460/1897/8942
f 2455/3092/8943 2462/4678/8944 2459/1271/8945
f 2455/3092/8943 2459/1271/8945 2456/3787/8946
f 2452/3498/8947 2458/3509/8948 2461/3513/8949
f 2452/3498/8947 2461/3513/8949 2453/188/8950
f 2470/667/8951 2469/2223/8952 2488/4081/8953
f 2470/667/8951 2488/4081/8953 2489/1375/8954
f 2472/3532/8955 2473/3941/8956 2484/2939/8957
f 2472/3532/8955 2484/2939/8957 2481/3098/8958
f 2471/1409/8959 2470/667/8960 2489/1375/8961
f 2471/1409/8959 2489/1375/8961 2490/1685/8962
usemtl brickwall1
f 2473/2251/8963 2470/2337/8964 2471/1835/8965
f 2473/2251/8963 2471/1835/8965 2474/4057/8966
f 2474/4680/8967 2471/4295/8968 2468/823/8969
f 2474/4680/8967 2468/823/8969 2475/2692/8970
f 2472/811/8971 2469/699/8972 2470/842/8973
f 2472/811/8971 2470/842/8973 2473/3335/8974
f 2475/272/8975 2468/1018/8976 2469/1999/8977
f 2475/272/8975 2469/1999/8977 2472/4497/8978
usemtl stonetrims
f 2475/4200/8979 2472/3532/8980 2481/3098/8981
f 2475/4200/8979 2481/3098/8981 2491/4411/8982
f 2468/2005/8983 2471/1409/8984 2490/1685/8985
f 2468/2005/8983 2490/1685/8985 2478/4628/8986
f 2478/4241/8987 2479/4141/8988 2480/2322/8989
f 2478/4241/8987 2480/2322/8989 2488/4639/8990
f 2488/4639/8991 2480/2322/8992 2483/4394/8993
f 2488/4639/8991 2483/4394/8993 2489/3404/8994
f 2489/3404/8995 2483/4394/8996 2486/368/8997
f 2489/3404/8995 2486/368/8997 2490/360/8998
f 2490/360/8999 2486/368/9000 2479/2821/9001
f 2490/360/8999 2479/2821/9001 2478/1608/9002
f 2477/677/9003 2491/485/9004 2481/2231/9005
f 2477/677/9003 2481/2231/9005 2476/2921/9006
f 2476/2921/9007 2481/2231/9008 2484/3896/9009
f 2476/2921/9007 2484/3896/9009 2482/4019/9010
f 2485/997/9011 2487/4397/9012 2491/958/9013
f 2485/997/9011 2491/958/9013 2477/4013/9014
f 2482/4019/9015 2484/3896/9016 2487/4397/9017
f 2482/4019/9015 2487/4397/9017 2485/997/9018
f 2474/3562/9019 2475/4671/9020 2491/1272/9021
f 2474/3562/9019 2491/1272/9021 2487/901/9022
f 2469/2223/9023 2468/829/9024 2478/1162/9025
f 2469/2223/9023 2478/1162/9025 2488/4081/9026
f 2473/3941/9027 2474/3562/9028 2487/901/9029
f 2473/3941/9027 2487/901/9029 2484/2939/9030
f 2479/4141/9031 2486/1000/9032 2483/2326/9033
f 2479/4141/9031 2483/2326/9033 2480/100/9034
f 2476/2990/9035 2482/4554/9036 2485/4555/9037
f 2476/2990/9035 2485/4555/9037 2477/1219/9038
f 2494/1695/9039 2493/3267/9040 2512/404/9041
f 2494/1695/9039 2512/404/9041 2513/2426/9042
f 2496/4578/9043 2497/273/9044 2508/4010/9045
f 2496/4578/9043 2508/4010/9045 2505/2572/9046
f 2495/2468/9047 2494/1695/9048 2513/2426/9049
f 2495/2468/9047 2513/2426/9049 2514/2734/9050
usemtl brickwall1
f 2497/3295/9051 2494/3378/9052 2495/2880/9053
f 2497/3295/9051 2495/2880/9053 2498/382/9054
f 2498/1005/9055 2495/598/9056 2492/1856/9057
f 2498/1005/9055 2492/1856/9057 2499/3761/9058
f 2496/1845/9059 2493/1736/9060 2494/1888/9061
f 2496/1845/9059 2494/1888/9061 2497/2797/9062
f 2499/1303/9063 2492/2068/9064 2493/3045/9065
f 2499/1303/9063 2493/3045/9065 2496/4000/9066
usemtl stonetrims
f 2499/513/9067 2496/4578/9068 2505/2572/9069
f 2499/513/9067 2505/2572/9069 2515/721/9070
f 2492/3051/9071 2495/2468/9072 2514/2734/9073
f 2492/3051/9071 2514/2734/9073 2502/940/9074
f 2502/554/9075 2503/463/9076 2504/3363/9077
f 2502/554/9075 2504/3363/9077 2512/954/9078
f 2512/954/9079 2504/3363/9080 2507/705/9081
f 2512/954/9079 2507/705/9081 2513/4441/9082
f 2513/4441/9083 2507/705/9084 2510/1384/9085
f 2513/4441/9083 2510/1384/9085 2514/1376/9086
f 2514/1376/9087 2510/1384/9088 2503/3895/9089
f 2514/1376/9087 2503/3895/9089 2502/2651/9090
f 2501/4556/9091 2515/1507/9092 2505/3278/9093
f 2501/4556/9091 2505/3278/9093 2500/3990/9094
f 2500/3990/9095 2505/3278/9096 2508/216/9097
f 2500/3990/9095 2508/216/9097 2506/342/9098
f 2509/2049/9099 2511/713/9100 2515/468/9101
f 2509/2049/9099 2515/468/9101 2501/335/9102
f 2506/342/9103 2508/216/9104 2511/713/9105
f 2506/342/9103 2511/713/9105 2509/2049/9106
f 2498/4616/9107 2499/998/9108 2515/2327/9109
f 2498/4616/9107 2515/2327/9109 2511/413/9110
f 2493/3267/9111 2492/348/9112 2502/2226/9113
f 2493/3267/9111 2502/2226/9113 2512/404/9114
f 2497/273/9115 2498/4616/9116 2511/413/9117
f 2497/273/9115 2511/413/9117 2508/4010/9118
f 2503/463/9119 2510/2054/9120 2507/3374/9121
f 2503/463/9119 2507/3374/9121 2504/1148/9122
f 2500/4049/9123 2506/860/9124 2509/862/9125
f 2500/4049/9123 2509/862/9125 2501/2279/9126
f 2518/2744/9127 2517/4316/9128 2536/1417/9129
f 2518/2744/9127 2536/1417/9129 2537/3471/9130
f 2520/4079/9131 2521/1296/9132 2532/330/9133
f 2520/4079/9131 2532/330/9133 2529/3618/9134
f 2519/3514/9135 2518/2744/9136 2537/3471/9137
f 2519/3514/9135 2537/3471/9137 2538/3798/9138
usemtl brickwall1
f 2521/4336/9139 2518/2837/9140 2519/3946/9141
f 2521/4336/9139 2519/3946/9141 2522/1396/9142
f 2522/2058/9143 2519/1623/9144 2516/2904/9145
f 2522/2058/9143 2516/2904/9145 2523/3263/9146
f 2520/2888/9147 2517/2774/9148 2518/2931/9149
f 2520/2888/9147 2518/2931/9149 2521/3868/9150
f 2523/2347/9151 2516/3114/9152 2517/4099/9153
f 2523/2347/9151 2517/4099/9153 2520/323/9154
usemtl stonetrims
f 2523/1540/9155 2520/4079/9156 2529/3618/9157
f 2523/1540/9155 2529/3618/9157 2539/1748/9158
f 2516/4108/9159 2519/3514/9160 2538/3798/9161
f 2516/4108/9159 2538/3798/9161 2526/1991/9162
f 2526/1578/9163 2527/1480/9164 2528/4404/9165
f 2526/1578/9163 2528/4404/9165 2536/2006/9166
f 2536/2006/9167 2528/4404/9168 2531/197/9169
f 2536/2006/9167 2531/197/9169 2537/750/9170
f 2537/750/9171 2531/197/9172 2534/2438/9173
f 2537/750/9171 2534/2438/9173 2538/2427/9174
f 2538/2427/9175 2534/2438/9176 2527/205/9177
f 2538/2427/9175 2527/205/9177 2526/3711/9178
f 2525/865/9179 2539/2544/9180 2529/2732/9181
f 2525/865/9179 2529/2732/9181 2524/307/9182
f 2524/307/9183 2529/2732/9184 2532/3719/9185
f 2524/307/9183 2532/3719/9185 2530/1362/9186
f 2533/3094/9187 2535/1742/9188 2539/1484/9189
f 2533/3094/9187 2539/1484/9189 2525/1354/9190
f 2530/1362/9191 2532/3719/9192 2535/1742/9193
f 2530/1362/9191 2535/1742/9193 2533/3094/9194
f 2522/4123/9195 2523/2050/9196 2539/1788/9197
f 2522/4123/9195 2539/1788/9197 2535/1430/9198
f 2517/4316/9199 2516/1369/9200 2526/3268/9201
f 2517/4316/9199 2526/3268/9201 2536/1417/9202
f 2521/1296/9203 2522/4123/9204 2535/1430/9205
f 2521/1296/9203 2535/1430/9205 2532/330/9206
f 2527/1480/9207 2534/3097/9208 2531/4412/9209
f 2527/1480/9207 2531/4412/9209 2528/2209/9210
f 2524/369/9211 2530/1899/9212 2533/1900/9213
f 2524/369/9211 2533/1900/9213 2525/3318/9214
