# Converted from user-supplied modularDungeon.fbx; Y-up, meters, bottom centered
mtllib Gothic.mtl
o Hall_L
v -4.3 3.3056088e-07 -0.29999971
v -4.3 4.0000003 -0.29999971
v -4.3 3.3056088e-07 -4.2999997
v -4.3 4.0000003 -4.2999997
v -0.29999995 3.3056088e-07 -0.29999971
v -0.29999995 4.0000003 -0.29999971
v -0.29999995 3.3056088e-07 -4.2999997
v -0.29999995 4.0000003 -4.2999997
v -4.3 3.3056088e-07 3.7000003
v -4.3 4.0000003 3.7000003
v -0.29999995 4.0000003 3.7000003
v -0.29999995 3.3056088e-07 3.7000003
v 3.7 4.0000003 -4.2999997
v 3.7 3.3056088e-07 -4.2999997
v 3.7 3.3056088e-07 -0.29999971
v 3.7 4.0000003 -0.29999971
v 4.7 4.0000003 -4.2999997
v 4.7 3.3056088e-07 -4.2999997
v 4.7 3.3056088e-07 -0.29999971
v 4.7 4.0000003 -0.29999971
v -4.3 3.3056088e-07 4.7000003
v -4.3 4.0000003 4.7000003
v -0.29999995 4.0000003 4.7000003
v -0.29999995 3.3056088e-07 4.7000003
v -0.30003941 4.598883 3.3002143
v -0.30003941 5.098883 0.30021429
v -0.30003941 5.8988832 1.298521
v -0.30003941 4.198881 3.4002142
v -0.30003941 5.8988837 2.1002145
v -0.30003941 4.598883 0.10021448
v -0.30003941 5.6988829 0.9002142
v -0.30003941 5.6988829 2.5002141
v -0.30003941 5.3988818 2.9002147
v -0.30003941 4.198881 0.00021457672
v -0.30003941 5.3988818 0.50021434
v -0.30003941 5.098883 3.1002145
v -0.30003941 5.9988831 1.7002144
v -4.0000391 4.198881 -0.29978561
v -0.70003951 4.598883 -0.29978561
v -1.5000394 5.6988829 -0.29978561
v -3.1000395 5.6988829 -0.29978561
v -3.5000395 5.3988818 -0.29978561
v -0.60003901 4.198881 -0.29978561
v -1.1000395 5.3988818 -0.29978561
v -2.3000394 5.9988831 -0.29978561
v -3.7000391 5.098883 -0.29978561
v -3.9000391 4.598883 -0.29978561
v -0.9000392 5.098883 -0.29978561
v -1.9000393 5.8988832 -0.29978561
v -4.3000393 5.6988829 0.90021443
v -4.3000393 5.3988818 0.50021434
v -4.3000393 4.198881 3.4002142
v -4.3000393 5.3988818 2.9002147
v -4.3000393 5.098883 0.30021429
v -4.3000393 5.9988831 1.7002144
v -4.3000393 4.6022161 0.10021448
v -4.3000393 5.098883 3.1002145
v -4.3000393 5.8988832 2.1002145
v -4.3000393 4.198881 0.00021457672
v -4.3000393 5.8988837 1.3002145
v -4.3000393 4.6022161 3.3002143
v -4.3000393 5.6988829 2.5002146
v -1.5000396 5.6988829 3.7002144
v -1.1000395 5.3988818 3.7002144
v -4.0000393 4.1988815 3.7002144
v -3.5021212 5.3988818 3.7002144
v -0.90003932 5.098883 3.7002144
v -0.70003939 4.598883 3.7002144
v -3.7000393 5.098883 3.7002144
v -2.7000395 5.8988832 3.7002144
v -0.60003948 4.1988815 3.7002144
v -1.9000395 5.8988837 3.7002144
v -3.9000393 4.598883 3.7002144
v -3.1000398 5.6988829 3.7002144
v -2.3000395 5.9988831 3.7002144
v -2.2000395 5.9988831 1.7002144
v -2.3000395 5.9988831 1.8002143
v -2.4000395 5.9988831 1.7002144
v -2.3000395 5.9988831 1.6002145
v -2.7000395 5.8988832 1.2002144
v -2.8000394 5.8988832 1.3002145
v -3.1000395 5.6988829 0.80021429
v -3.2000395 5.6988829 0.90021443
v -3.5000397 5.3988818 0.40021443
v -3.6000392 5.3988818 0.50021434
v -3.7000394 5.098883 0.20021439
v -3.8000393 5.098883 0.30021429
v -3.9000391 4.6022166 0.00021457672
v -4.0000393 4.6022166 0.10021448
v -4.1000392 4.198881 0.00021457672
v -2.8198376 5.8988837 2.1002145
v -2.7000394 5.8988837 2.2002144
v -3.2000395 5.6988829 2.5002141
v -3.1000394 5.6988829 2.6002145
v -3.6000392 5.3988818 2.9002147
v -3.5021212 5.3988818 3.0002141
v -3.8000393 5.098883 3.1002145
v -3.7000393 5.098883 3.2002144
v -4.0000393 4.6022166 3.3002143
v -3.9000391 4.6022166 3.4002142
v -4.0000393 4.1988815 3.5002141
v -4.1000392 4.198881 3.4002142
v -1.8000394 5.8988837 1.298521
v -1.9000395 5.8988837 1.2002144
v -1.4000396 5.6988829 0.90021443
v -1.5000396 5.6988829 0.80021429
v -1.0000393 5.3988818 0.50021434
v -1.1000396 5.3988818 0.40021443
v -0.80003941 5.098883 0.30021429
v -0.90003932 5.098883 0.20021439
v -0.60003948 4.6022166 0.10021448
v -0.70003951 4.6022161 0.00021457672
v -1.9000394 5.8988832 2.2002144
v -1.8000394 5.8988832 2.1002145
v -1.5000396 5.6988829 2.6002145
v -1.4000396 5.6988829 2.5002141
v -1.1000395 5.3988832 3.0002141
v -0.98506021 5.3988818 2.9002147
v -0.9000392 5.098883 3.2002144
v -0.80003941 5.098883 3.1002145
v -0.70003951 4.6022161 3.4002142
v -0.60003936 4.6022161 3.3002143
v -0.60003948 4.1988815 3.5002141
v -4.0248473 4.198881 0.076865673
v -3.923388 4.198881 -0.024593592
v -0.57523131 4.198881 0.076865673
v -4.0248473 4.198881 3.3235631
v -0.6766907 4.198881 3.4250226
v -2.3002789 5.899237 1.7918086
v -2.3000177 5.899226 1.6084898
v -2.2082781 5.8992227 1.700222
v -2.3919977 5.8992074 1.7000051
v -3.8356909 4.5607608 0.064562798
v -3.9356909 4.5607608 0.1645627
v -3.6431888 5.0394186 0.25706482
v -3.7431887 5.0394186 0.35706496
v -3.4571778 5.3193472 0.44307613
v -3.5571775 5.3193472 0.54307604
v -3.071612 5.6073206 0.82864189
v -3.171612 5.6073206 0.9286418
v -2.6820387 5.8021778 1.2182152
v -2.7820386 5.8021778 1.3182154
v -0.6766907 4.198881 -0.024593592
v -0.66438794 4.5607608 0.1645627
v -0.76438785 4.5607604 0.064562798
v -0.85688996 5.0394186 0.35706496
v -0.95688999 5.0394186 0.25706482
v -1.0429014 5.3193472 0.54307628
v -1.1429014 5.3193472 0.44307613
v -1.4284307 5.6073292 0.92870617
v -1.5284276 5.6073273 0.82870293
v -1.8179983 5.8021911 1.3166332
v -1.9179394 5.8021692 1.2182672
v -3.9356909 4.5607608 3.2358661
v -3.8356909 4.5607608 3.335866
v -3.923388 4.198881 3.4250226
v -3.7430255 5.0394715 3.0434718
v -3.6430202 5.0394824 3.143466
v -3.5569812 5.3193186 2.8576045
v -3.4589607 5.3194278 2.9575028
v -3.172025 5.6073655 2.4712372
v -3.0719888 5.607385 2.5712104
v -2.8023189 5.8023308 2.0809617
v -2.6831388 5.8020881 2.1816411
v -0.76438785 4.5607604 3.3358655
v -0.66438782 4.5607604 3.2358661
v -0.57523131 4.198881 3.3235631
v -0.95613372 5.0397914 3.1422353
v -0.85608625 5.0397151 3.0422673
v -1.1411674 5.3191699 2.9560065
v -1.0268061 5.3198646 2.8553424
v -1.5277504 5.6072491 2.5713134
v -1.4277715 5.6072644 2.4712863
v -1.9180402 5.8021778 2.1822138
v -1.8180403 5.8021778 2.0822139
v -2.2988961 5.8018115 1.6096087
v -2.2082697 5.8018115 1.7002282
v -2.2541339 5.73747 1.654366
v -2.3002705 5.8018115 1.7918143
v -2.2542934 5.7374757 1.7460542
v -2.3919893 5.8018115 1.7000108
v -2.3459996 5.7374619 1.6542633
v -2.3461369 5.7374676 1.745904
v -2.2542924 5.7374757 1.7454472
v -2.3 5.7000006 1.7000003
v -2.2539662 5.7379368 1.7457285
v -0.30003941 3.9988836 3.4002142
v -0.30003941 3.9988836 0.00021457672
v -4.0000391 3.9988831 -0.29978561
v -0.60003901 3.9988831 -0.29978561
v -4.3000393 3.9988836 3.4002142
v -4.3000393 3.9988836 0.00021457672
v -4.0000393 3.9988836 3.7002144
v -0.60003948 3.9988836 3.7002144
v -4.1000392 3.9988836 0.00021457672
v -4.0000391 3.9988831 -0.099785328
v -4.0000393 3.9988836 3.5002141
v -4.1000392 3.9988836 3.4002142
v -0.60003948 3.9988836 3.5002141
v -4.0248473 3.9988836 0.076865673
v -3.923388 3.9988836 -0.024593592
v -0.57523131 3.9988836 0.076865673
v -4.0248473 3.9988836 3.3235631
v -0.6766907 3.9988836 3.4250226
v -0.6766907 3.9988836 -0.024593592
v -3.923388 3.9988836 3.4250226
v -0.57523131 3.9988836 3.3235631
v -2.3000394 5.9988831 -0.096893549
v -0.60003901 4.198881 -0.099785328
v -0.9000392 5.098883 -0.096893549
v -3.9000391 4.6011375 -0.096893787
v -3.5000396 5.3988818 -0.096893787
v -1.1000395 5.3988818 -0.096893787
v -0.60003901 3.9988831 -0.099785566
v -3.9970913 4.198881 -0.096893787
v -1.5000395 5.6988829 -0.096893311
v -3.1000395 5.6988829 -0.096893311
v -1.9000394 5.8988832 -0.096893549
v -3.7000393 5.098883 -0.096893549
v -0.70003951 4.6011375 -0.096893549
v -2.7000394 5.8988837 -0.096893549
v -0.50003934 4.198881 0.00021457672
v -0.51566899 5.098883 0.30021429
v -0.51566899 5.3988818 0.50021434
v -0.51566899 5.8988832 1.298521
v -0.51566899 5.8988837 2.1002145
v -0.51566899 5.098883 3.1002145
v -0.51566899 5.6988829 2.5002141
v -0.50003934 3.9988836 3.4002142
v -0.51566899 4.6012791 0.10021448
v -0.50003934 3.9988836 0.00021457672
v -0.50003934 4.1988805 3.4002142
v -0.51566899 5.6988829 0.9002142
v -0.51566899 4.6012786 3.3002143
v -0.51566899 5.3988818 2.9002147
v -0.51566911 5.9988831 1.7002144
v -0.90003932 5.098883 3.5002146
v -0.70003951 4.6011051 3.5002146
v -1.1000395 5.3988822 3.5002141
v -2.7000395 5.8988832 3.5002141
v -3.5021212 5.3988818 3.5002141
v -1.9000395 5.8988837 3.5002146
v -3.9000391 4.6011055 3.5002141
v -1.5000396 5.6988829 3.5002146
v -2.3000395 5.9988831 3.5002141
v -3.1000397 5.6988829 3.5002141
v -3.7000393 5.098883 3.5002141
v -4.1026109 5.6988829 0.90021443
v -4.1026113 5.8988832 2.1002145
v -4.1026113 5.9988831 1.7002144
v -4.1026113 5.3988818 2.9002147
v -4.1026109 5.8988837 1.3002145
v -4.1026113 4.6022166 3.3002143
v -4.1026109 5.6988829 2.5002146
v -4.1026112 5.098883 0.30021429
v -4.1026113 5.3988818 0.50021434
v -4.1026113 4.6022166 0.10021448
v -4.1026112 5.098883 3.1002145
v 3.6999609 4.5988835 -0.6997869
v 3.6999609 5.0988835 -3.6997867
v 3.6999609 5.8988832 -2.7014799
v 3.6999609 4.1988815 -0.59978676
v 3.6999609 5.8988842 -1.8997867
v 3.6999609 4.5988835 -3.8997865
v 3.6999609 5.6988834 -3.0997868
v 3.6999609 5.6988834 -1.4997866
v 3.6999609 5.3988822 -1.0997865
v 3.6999609 4.1988815 -3.9997864
v 3.6999609 5.3988822 -3.4997864
v 3.6999609 5.0988835 -0.89978671
v 3.6999609 5.9988836 -2.2997868
v -3.9100647e-05 4.1988815 -4.2997866
v 1.2999606 5.8988842 -4.2997866
v 3.2999604 4.5988835 -4.2997866
v 2.4999607 5.6988834 -4.2997866
v 0.89996028 5.6988834 -4.2997866
v 0.49996042 5.3988822 -4.2997866
v 3.3999608 4.1988815 -4.2997866
v 2.8999603 5.3988822 -4.2997866
v 1.6999607 5.9988836 -4.2997866
v 0.29996085 5.0988835 -4.2997866
v 0.099960804 4.5988835 -4.2997866
v 3.099961 5.0988835 -4.2997866
v 2.0999606 5.8988832 -4.2997866
v -0.30003941 5.3988822 -3.4997864
v -0.30003941 5.9988836 -2.2997866
v -0.30003941 4.6022166 -3.8997865
v -0.30003941 5.0988835 -0.89978671
v -0.30003941 5.8988832 -1.8997867
v -0.30003941 5.8988842 -2.6997867
v -0.30003941 4.6022166 -0.6997869
v 2.4999602 5.6988834 -0.29978681
v 2.8999603 5.3988822 -0.29978681
v -3.9339066e-05 4.198882 -0.29978681
v 0.49787879 5.3988822 -0.29978681
v 3.099961 5.0988835 -0.29978681
v 3.2999609 4.5988835 -0.29978681
v 0.29996061 5.0988835 -0.29978681
v 1.2999604 5.8988832 -0.29978681
v 3.3999603 4.198882 -0.29978681
v 2.0999601 5.8988842 -0.29978681
v 0.099960566 4.5988835 -0.29978681
v 0.89996028 5.6988834 -0.29978681
v 1.6999607 5.9988836 -0.29978681
v 1.7999604 5.9988836 -2.2997866
v 1.6999607 5.9988836 -2.1997867
v 1.5999606 5.9988836 -2.2997866
v 1.6999607 5.9988836 -2.3997865
v 1.2999604 5.8988832 -2.7997866
v 1.1999607 5.8988832 -2.6997867
v 0.89996028 5.6988834 -3.1997867
v 0.79996037 5.6988834 -3.0997868
v 0.49996042 5.3988822 -3.5997868
v 0.39996052 5.3988822 -3.4997864
v 0.29996037 5.0988835 -3.7997866
v 0.19996071 5.0988835 -3.6997867
v 0.099960804 4.6022171 -3.9997864
v -3.9339066e-05 4.6022171 -3.8997865
v -0.10003948 4.1988815 -3.9997864
v 1.1801624 5.8988842 -1.8997867
v 1.2999606 5.8988842 -1.7997866
v 0.79996037 5.6988834 -1.4997869
v 0.89996052 5.6988834 -1.3997867
v 0.39996052 5.3988822 -1.0997865
v 0.49787879 5.3988822 -0.99978662
v 0.19996071 5.0988835 -0.89978671
v 0.29996061 5.0988835 -0.79978681
v -3.9339066e-05 4.6022171 -0.6997869
v 0.099960804 4.6022171 -0.59978676
v -3.9339066e-05 4.198882 -0.49978685
v -0.10003948 4.1988815 -0.59978676
v 2.1999605 5.8988842 -2.7014799
v 2.0999601 5.8988842 -2.7997866
v 2.5999601 5.6988834 -3.0997868
v 2.4999602 5.6988834 -3.1997867
v 2.9999607 5.3988822 -3.4997864
v 2.8999603 5.3988822 -3.5997868
v 3.1999609 5.0988835 -3.6997867
v 3.099961 5.0988835 -3.7997866
v 3.3999603 4.6022171 -3.8997865
v 3.2999604 4.6022166 -3.9997864
v 2.0999606 5.8988832 -1.7997866
v 2.1999605 5.8988832 -1.8997867
v 2.4999602 5.6988834 -1.3997867
v 2.5999601 5.6988834 -1.4997866
v 2.8999603 5.3988832 -0.99978662
v 3.0149395 5.3988822 -1.0997865
v 3.099961 5.0988835 -0.79978681
v 3.1999609 5.0988835 -0.89978671
v 3.2999604 4.6022166 -0.599787
v 3.3999608 4.6022166 -0.6997869
v 3.3999603 4.198882 -0.49978685
v -0.024847507 4.1988815 -3.9231358
v 0.076611996 4.1988815 -4.0245948
v 3.4247687 4.1988815 -3.9231358
v -0.024847507 4.1988815 -0.67643809
v 3.3233092 4.1988815 -0.57497883
v 1.6997211 5.8992375 -2.2081926
v 1.6999822 5.8992265 -2.3915114
v 1.7917216 5.8992232 -2.2997789
v 1.6080022 5.8992079 -2.2999964
v 0.16430902 4.5607618 -3.9354386
v 0.06430912 4.5607618 -3.8354383
v 0.35681081 5.039419 -3.7429361
v 0.25681114 5.039419 -3.6429362
v 0.54282236 5.3193477 -3.5569248
v 0.44282222 5.3193477 -3.4569244
v 0.92838812 5.6073211 -3.1713591
v 0.82838798 5.6073211 -3.0713592
v 1.317961 5.8021782 -2.781786
v 1.2179613 5.8021782 -2.6817856
v 3.3233092 4.1988815 -4.0245948
v 3.3356121 4.5607618 -3.8354383
v 3.2356122 4.5607608 -3.9354386
v 3.1431105 5.039419 -3.6429362
v 3.0431101 5.039419 -3.7429361
v 2.9570982 5.3193477 -3.4569244
v 2.8570983 5.3193477 -3.5569248
v 2.5715692 5.6073292 -3.0712953
v 2.4715722 5.6073278 -3.171298
v 2.1820018 5.8021916 -2.6833677
v 2.0820606 5.8021697 -2.781734
v 0.06430912 4.5607618 -0.76413536
v 0.16430902 4.5607618 -0.66413522
v 0.076611996 4.1988815 -0.57497883
v 0.25697422 5.039472 -0.95652914
v 0.35698009 5.0394829 -0.85653496
v 0.44301867 5.3193191 -1.1423967
v 0.54103947 5.3194283 -1.0424981
v 0.8279748 5.6073659 -1.5287638
v 0.92801118 5.6073855 -1.428791
v 1.197681 5.8023313 -1.9190395
v 1.3168609 5.8020886 -1.8183603
v 3.2356122 4.5607608 -0.66413546
v 3.3356121 4.5607608 -0.76413536
v 3.4247687 4.1988815 -0.67643809
v 3.0438659 5.0397914 -0.85776591
v 3.1439135 5.0397151 -0.95773411
v 2.8588321 5.3191703 -1.0439944
v 2.9731939 5.3198651 -1.1446586
v 2.4722493 5.6072496 -1.428688
v 2.5722282 5.6072648 -1.5287151
v 2.08196 5.8021782 -1.8177874
v 2.1819599 5.8021782 -1.9177873
v 1.7011039 5.801812 -2.3903923
v 1.7917302 5.801812 -2.299773
v 1.7458661 5.7374705 -2.3456354
v 1.6997292 5.801812 -2.2081866
v 1.7457063 5.7374757 -2.253947
v 1.6080105 5.801812 -2.2999902
v 1.6540003 5.7374624 -2.3457379
v 1.6538632 5.7374681 -2.254097
v 1.7457078 5.7374757 -2.254554
v 1.7 5.7000011 -2.3000007
v 1.7460334 5.7379373 -2.2542727
v 3.6999609 3.9988841 -0.59978676
v 3.6999609 3.9988841 -3.9997864
v -3.9100647e-05 3.9988836 -4.2997866
v 3.3999608 3.9988836 -4.2997866
v -0.30003941 3.9988841 -0.59978676
v -3.9339066e-05 3.9988841 -0.29978681
v 3.3999603 3.9988841 -0.29978681
v -0.10003948 3.9988841 -3.9997864
v -3.9100647e-05 3.9988836 -4.0997868
v -3.9339066e-05 3.9988841 -0.49978685
v -0.10003948 3.9988841 -0.59978676
v 3.3999603 3.9988841 -0.49978685
v -0.024847507 3.9988841 -3.9231358
v 0.076611996 3.9988841 -4.0245948
v 3.4247687 3.9988841 -3.9231358
v -0.024847507 3.9988841 -0.67643809
v 3.3233092 3.9988841 -0.57497883
v 3.3233092 3.9988841 -4.0245948
v 0.076611996 3.9988841 -0.57497883
v 3.4247687 3.9988841 -0.67643809
v 1.6999607 5.9988836 -4.0968947
v 3.3999608 4.1988815 -4.0997868
v 3.099961 5.0988835 -4.0968947
v 0.099960804 4.601138 -4.0968947
v 0.49996042 5.3988822 -4.0968947
v 2.8999603 5.3988822 -4.0968947
v 3.3999608 3.9988836 -4.0997868
v 0.0029087067 4.1988815 -4.0968947
v 2.4999602 5.6988834 -4.0968947
v 0.89996028 5.6988834 -4.0968947
v 2.0999606 5.8988832 -4.0968947
v 0.29996061 5.0988835 -4.0968947
v 3.2999604 4.6011375 -4.0968947
v 1.2999606 5.8988842 -4.0968947
v 3.4999607 4.1988815 -3.9997864
v 3.4843309 5.0988835 -3.6997867
v 3.4843309 5.3988822 -3.4997864
v 3.4843309 5.8988832 -2.7014799
v 3.4843309 5.8988842 -1.8997867
v 3.4843309 5.0988835 -0.89978671
v 3.4843309 5.6988834 -1.4997866
v 3.4999607 3.9988841 -0.59978676
v 3.4843309 4.6012796 -3.8997865
v 3.4999607 3.9988841 -3.9997864
v 3.4999607 4.198881 -0.59978676
v 3.4843309 5.6988834 -3.0997868
v 3.4843309 4.6012791 -0.6997869
v 3.4843309 5.3988822 -1.0997865
v 3.4843309 5.9988836 -2.2997868
v 3.099961 5.0988835 -0.49978662
v 3.2999604 4.6011055 -0.49978662
v 2.8999603 5.3988827 -0.49978685
v 1.2999604 5.8988832 -0.49978709
v 0.49787879 5.3988822 -0.49978685
v 2.0999601 5.8988842 -0.49978662
v 0.099960804 4.601106 -0.49978733
v 2.4999602 5.6988834 -0.49978662
v 1.6999607 5.9988836 -0.49978685
v 0.89996028 5.6988834 -0.49978685
v 0.29996061 5.0988835 -0.49978733
v -0.10261106 5.6988834 -3.0997868
v -0.1026113 5.8988832 -1.8997867
v -0.1026113 5.9988836 -2.2997866
v -0.1026113 5.3988822 -1.0997865
v -0.10261106 5.8988842 -2.6997867
v -0.1026113 4.6022171 -0.6997869
v -0.10261106 5.6988834 -1.4997866
v -0.1026113 5.0988835 -3.6997867
v -0.1026113 5.3988822 -3.4997864
v -0.1026113 4.6022171 -3.8997865
v -0.1026113 5.0988835 -0.89978671
v -0.30003941 4.5988835 -0.6997869
v -0.30003941 5.0988835 -3.6997867
v -0.30003941 5.8988832 -2.7014799
v -0.30003941 4.1988815 -0.59978676
v -0.30003941 4.5988835 -3.8997865
v -0.30003941 5.6988834 -3.0997868
v -0.30003941 5.6988834 -1.4997866
v -0.30003941 5.3988822 -1.0997865
v -0.30003941 4.1988815 -3.9997864
v -4.0000391 4.1988815 -4.2997866
v -2.7000393 5.8988842 -4.2997866
v -0.70003951 4.5988835 -4.2997866
v -1.5000394 5.6988834 -4.2997866
v -3.1000395 5.6988834 -4.2997866
v -3.5000395 5.3988822 -4.2997866
v -0.60003901 4.1988815 -4.2997866
v -1.1000395 5.3988822 -4.2997866
v -2.3000394 5.9988836 -4.2997866
v -3.7000391 5.0988835 -4.2997866
v -3.9000391 4.5988835 -4.2997866
v -0.9000392 5.0988835 -4.2997866
v -1.9000393 5.8988832 -4.2997866
v -4.3000393 5.6988834 -3.0997868
v -4.3000393 5.3988822 -3.4997864
v -4.3000393 4.1988815 -0.59978676
v -4.3000393 5.3988822 -1.0997865
v -4.3000393 5.0988835 -3.6997867
v -4.3000393 5.9988836 -2.2997866
v -4.3000393 4.6022166 -3.8997865
v -4.3000393 5.0988835 -0.89978671
v -4.3000393 5.8988832 -1.8997867
v -4.3000393 4.1988815 -3.9997864
v -4.3000393 5.8988842 -2.6997867
v -4.3000393 4.6022166 -0.6997869
v -4.3000393 5.6988834 -1.4997866
v -3.5021212 5.3988822 -0.29978681
v -2.7000395 5.8988832 -0.29978681
v -2.2000395 5.9988836 -2.2997866
v -2.3000395 5.9988836 -2.1997867
v -2.4000395 5.9988836 -2.2997866
v -2.3000395 5.9988836 -2.3997865
v -2.7000395 5.8988832 -2.7997866
v -2.8000394 5.8988832 -2.6997867
v -3.1000395 5.6988834 -3.1997867
v -3.2000395 5.6988834 -3.0997868
v -3.5000397 5.3988822 -3.5997868
v -3.6000392 5.3988822 -3.4997864
v -3.7000394 5.0988835 -3.7997866
v -3.8000393 5.0988835 -3.6997867
v -3.9000391 4.6022171 -3.9997864
v -4.0000393 4.6022171 -3.8997865
v -4.1000392 4.1988815 -3.9997864
v -2.8198376 5.8988842 -1.8997867
v -2.7000394 5.8988842 -1.7997866
v -3.2000395 5.6988834 -1.4997869
v -3.1000394 5.6988834 -1.3997867
v -3.6000392 5.3988822 -1.0997865
v -3.5021212 5.3988822 -0.99978662
v -3.8000393 5.0988835 -0.89978671
v -3.7000393 5.0988835 -0.79978681
v -4.0000393 4.6022171 -0.6997869
v -3.9000391 4.6022171 -0.59978676
v -4.0000393 4.198882 -0.49978685
v -4.1000392 4.1988815 -0.59978676
v -1.8000394 5.8988842 -2.7014799
v -1.9000395 5.8988842 -2.7997866
v -1.4000396 5.6988834 -3.0997868
v -1.5000396 5.6988834 -3.1997867
v -1.0000393 5.3988822 -3.4997864
v -1.1000396 5.3988822 -3.5997868
v -0.80003941 5.0988835 -3.6997867
v -0.90003932 5.0988835 -3.7997866
v -0.60003948 4.6022171 -3.8997865
v -0.70003951 4.6022166 -3.9997864
v -1.9000394 5.8988832 -1.7997866
v -1.8000394 5.8988832 -1.8997867
v -1.5000396 5.6988834 -1.3997867
v -1.4000396 5.6988834 -1.4997866
v -1.1000395 5.3988832 -0.99978662
v -0.98506021 5.3988822 -1.0997865
v -0.9000392 5.0988835 -0.79978681
v -0.80003941 5.0988835 -0.89978671
v -0.70003951 4.6022166 -0.599787
v -0.60003936 4.6022166 -0.6997869
v -0.60003948 4.198882 -0.49978685
v -4.0248473 4.1988815 -3.9231358
v -3.923388 4.1988815 -4.0245948
v -0.57523131 4.1988815 -3.9231358
v -4.0248473 4.1988815 -0.67643809
v -0.6766907 4.1988815 -0.57497883
v -2.3002789 5.8992375 -2.2081926
v -2.3000177 5.8992265 -2.3915114
v -2.2082781 5.8992232 -2.2997789
v -2.3919977 5.8992079 -2.2999964
v -3.8356909 4.5607618 -3.9354386
v -3.9356909 4.5607618 -3.8354383
v -3.6431888 5.039419 -3.7429361
v -3.7431887 5.039419 -3.6429362
v -3.4571778 5.3193477 -3.5569248
v -3.5571775 5.3193477 -3.4569244
v -3.071612 5.6073211 -3.1713591
v -3.171612 5.6073211 -3.0713592
v -2.6820387 5.8021782 -2.781786
v -2.7820386 5.8021782 -2.6817856
v -0.6766907 4.1988815 -4.0245948
v -0.66438794 4.5607618 -3.8354383
v -0.76438785 4.5607608 -3.9354386
v -0.85688996 5.039419 -3.6429362
v -0.95688999 5.039419 -3.7429361
v -1.0429014 5.3193477 -3.4569244
v -1.1429014 5.3193477 -3.5569248
v -1.4284307 5.6073292 -3.0712953
v -1.5284276 5.6073278 -3.171298
v -1.8179983 5.8021916 -2.6833677
v -1.9179394 5.8021697 -2.781734
v -3.9356909 4.5607618 -0.76413536
v -3.8356909 4.5607618 -0.66413522
v -3.923388 4.1988815 -0.57497883
v -3.7430255 5.039472 -0.95652914
v -3.6430202 5.0394829 -0.85653496
v -3.5569812 5.3193191 -1.1423967
v -3.4589607 5.3194283 -1.0424981
v -3.172025 5.6073659 -1.5287638
v -3.0719888 5.6073855 -1.428791
v -2.8023189 5.8023313 -1.9190395
v -2.6831388 5.8020886 -1.8183603
v -0.76438785 4.5607608 -0.66413546
v -0.66438782 4.5607608 -0.76413536
v -0.57523131 4.1988815 -0.67643809
v -0.95613372 5.0397914 -0.85776591
v -0.85608625 5.0397151 -0.95773411
v -1.1411674 5.3191703 -1.0439944
v -1.0268061 5.3198651 -1.1446586
v -1.5277504 5.6072496 -1.428688
v -1.4277715 5.6072648 -1.5287151
v -1.9180402 5.8021782 -1.8177874
v -1.8180403 5.8021782 -1.9177873
v -2.2988961 5.801812 -2.3903923
v -2.2082697 5.801812 -2.299773
v -2.2541339 5.7374705 -2.3456354
v -2.3002705 5.801812 -2.2081866
v -2.2542934 5.7374757 -2.253947
v -2.3919893 5.801812 -2.2999902
v -2.3459996 5.7374624 -2.3457379
v -2.3461369 5.7374681 -2.254097
v -2.2542924 5.7374757 -2.254554
v -2.3 5.7000011 -2.3000007
v -2.2539662 5.7379373 -2.2542727
v -0.30003941 3.9988841 -3.9997864
v -4.0000391 3.9988836 -4.2997866
v -0.60003901 3.9988836 -4.2997866
v -4.3000393 3.9988841 -0.59978676
v -4.3000393 3.9988841 -3.9997864
v -4.1000392 3.9988841 -3.9997864
v -4.0000391 3.9988836 -4.0997868
v -4.0000393 3.9988841 -0.49978685
v -4.1000392 3.9988841 -0.59978676
v -0.60003948 3.9988841 -0.49978685
v -4.0248473 3.9988841 -3.9231358
v -3.923388 3.9988841 -4.0245948
v -0.57523131 3.9988841 -3.9231358
v -4.0248473 3.9988841 -0.67643809
v -0.6766907 3.9988841 -0.57497883
v -0.6766907 3.9988841 -4.0245948
v -3.923388 3.9988841 -0.57497883
v -0.57523131 3.9988841 -0.67643809
v -2.3000394 5.9988836 -4.0968947
v -0.60003901 4.1988815 -4.0997868
v -0.9000392 5.0988835 -4.0968947
v -3.9000391 4.601138 -4.0968947
v -3.5000396 5.3988822 -4.0968947
v -1.1000395 5.3988822 -4.0968947
v -0.60003901 3.9988836 -4.0997868
v -3.9970913 4.1988815 -4.0968947
v -1.5000395 5.6988834 -4.0968947
v -3.1000395 5.6988834 -4.0968947
v -1.9000394 5.8988832 -4.0968947
v -3.7000393 5.0988835 -4.0968947
v -0.70003951 4.6011375 -4.0968947
v -2.7000394 5.8988842 -4.0968947
v -0.50003934 4.1988815 -3.9997864
v -0.51566899 5.0988835 -3.6997867
v -0.51566899 5.3988822 -3.4997864
v -0.51566899 5.8988832 -2.7014799
v -0.51566899 5.8988842 -1.8997867
v -0.51566899 5.0988835 -0.89978671
v -0.51566899 5.6988834 -1.4997866
v -0.50003934 3.9988841 -0.59978676
v -0.51566899 4.6012796 -3.8997865
v -0.50003934 3.9988841 -3.9997864
v -0.50003934 4.198881 -0.59978676
v -0.51566899 5.6988834 -3.0997868
v -0.51566899 4.6012791 -0.6997869
v -0.51566899 5.3988822 -1.0997865
v -0.51566911 5.9988836 -2.2997868
v -0.90003932 5.0988835 -0.49978662
v -0.70003951 4.6011055 -0.49978662
v -1.1000395 5.3988827 -0.49978685
v -2.7000395 5.8988832 -0.49978709
v -3.5021212 5.3988822 -0.49978685
v -1.9000395 5.8988842 -0.49978662
v -3.9000391 4.601106 -0.49978733
v -1.5000396 5.6988834 -0.49978662
v -2.3000395 5.9988836 -0.49978685
v -3.1000397 5.6988834 -0.49978685
v -3.7000393 5.0988835 -0.49978733
v -4.1026109 5.6988834 -3.0997868
v -4.1026113 5.8988832 -1.8997867
v -4.1026113 5.9988836 -2.2997866
v -4.1026113 5.3988822 -1.0997865
v -4.1026109 5.8988842 -2.6997867
v -4.1026113 4.6022171 -0.6997869
v -4.1026109 5.6988834 -1.4997866
v -4.1026112 5.0988835 -3.6997867
v -4.1026113 5.3988822 -3.4997864
v -4.1026113 4.6022171 -3.8997865
v -4.1026112 5.0988835 -0.89978671
v -0.64631224 3.3999999 4.0463123
v -0.64631224 3.3999999 3.3536882
v 0.046312332 3.3999999 3.3536882
v 0.046312332 3.3999999 4.0463123
v -0.64631224 0.60000012 3.3536882
v 0.046312332 0.60000012 3.3536882
v 0.046312332 0.60000012 4.0463123
v -0.64631224 0.60000012 4.0463123
v -0.69999993 1.6369157e-07 3.3000002
v -0.69999993 1.6369157e-07 4.1000004
v -0.69999993 3.5000001 4.1000004
v -0.69999993 4.0000001 4.1000004
v -0.69999993 4.0000001 3.3000002
v -0.69999993 0.50000015 3.3000002
v 0.10000014 1.6369157e-07 3.3000002
v 0.10000014 4.0000001 3.3000002
v 0.10000014 0.50000015 3.3000002
v 0.10000014 1.6369157e-07 4.1000004
v 0.10000014 4.0000001 4.1000004
v 0.10000014 0.50000015 4.1000004
v -0.69999993 3.5000001 3.3000002
v 0.10000014 3.5000001 3.3000002
v 0.10000014 3.5000001 4.1000004
v -0.69999993 0.50000015 4.1000004
v -4.646312 3.4000004 -3.9536886
v -4.646312 3.4000004 -4.6463132
v -3.9536877 3.4000004 -4.6463132
v -3.9536877 3.4000004 -3.9536886
v -4.646312 0.60000035 -4.6463132
v -3.9536877 0.60000035 -4.6463132
v -3.9536877 0.60000035 -3.9536886
v -4.646312 0.60000035 -3.9536886
v -4.7 3.8466021e-07 -4.7000003
v -4.7 3.8466021e-07 -3.9000006
v -4.7 3.5000003 -3.9000006
v -4.7 4.0000001 -3.9000006
v -4.7 4.0000001 -4.7000003
v -4.7 0.50000039 -4.7000003
v -3.8999999 3.8466021e-07 -4.7000003
v -3.8999999 4.0000001 -4.7000003
v -3.8999999 0.50000039 -4.7000003
v -3.8999999 3.8466021e-07 -3.9000006
v -3.8999999 4.0000001 -3.9000006
v -3.8999999 0.50000039 -3.9000006
v -4.7 3.5000003 -4.7000003
v -3.8999999 3.5000003 -4.7000003
v -3.8999999 3.5000003 -3.9000006
v -4.7 0.50000039 -3.9000006
v 3.3536875 3.4000004 -3.9536886
v 3.3536875 3.4000004 -4.6463132
v 4.0463121 3.4000004 -4.6463132
v 4.0463121 3.4000004 -3.9536886
v 3.3536875 0.60000035 -4.6463132
v 4.0463121 0.60000035 -4.6463132
v 4.0463121 0.60000035 -3.9536886
v 3.3536875 0.60000035 -3.9536886
v 3.3 3.8466021e-07 -4.7000003
v 3.3 3.8466021e-07 -3.9000006
v 3.3 3.5000003 -3.9000006
v 3.3 4.0000001 -3.9000006
v 3.3 4.0000001 -4.7000003
v 3.3 0.50000039 -4.7000003
v 4.1000001 3.8466021e-07 -4.7000003
v 4.1000001 4.0000001 -4.7000003
v 4.1000001 0.50000039 -4.7000003
v 4.1000001 3.8466021e-07 -3.9000006
v 4.1000001 4.0000001 -3.9000006
v 4.1000001 0.50000039 -3.9000006
v 3.3 3.5000003 -4.7000003
v 4.1000001 3.5000003 -4.7000003
v 4.1000001 3.5000003 -3.9000006
v 3.3 0.50000039 -3.9000006
v 4.0463121 3.3999999 0.046311617
v 3.3536875 3.3999999 0.046311378
v 3.3536875 3.3999999 -0.64631319
v 4.0463121 3.3999999 -0.64631271
v 3.3536875 0.60000012 0.046311378
v 3.3536875 0.60000018 -0.64631319
v 4.0463121 0.60000024 -0.64631319
v 4.0463121 0.60000018 0.046311378
v 3.3 1.7484555e-07 0.099999189
v 4.1000001 2.0981466e-07 0.099999189
v 4.0999997 3.5000001 0.099999428
v 4.0999997 4.0000001 0.099999428
v 3.2999995 4.0000001 0.099999189
v 3.3 0.50000015 0.099999189
v 3.3 2.0981466e-07 -0.70000076
v 3.3 4.0000001 -0.70000076
v 3.3 0.50000015 -0.70000076
v 4.1000001 2.4478377e-07 -0.70000076
v 4.1000001 4.0000001 -0.70000076
v 4.1000001 0.50000021 -0.70000076
v 3.2999995 3.5000001 0.099999189
v 3.3 3.5000001 -0.70000076
v 4.1000001 3.5000001 -0.70000076
v 4.1000001 0.50000015 0.099999189
v -3.9536879 3.3999999 4.0463114
v -4.6463125 3.3999999 4.0463114
v -4.646312 3.3999999 3.3536868
v -3.9536877 3.3999999 3.3536868
v -4.646312 0.6 4.0463114
v -4.646312 0.6 3.3536868
v -3.9536877 0.60000006 3.3536868
v -3.9536877 0.6 4.0463114
v -4.7 0 4.099999
v -3.8999999 3.4969105e-08 4.099999
v -3.9000001 3.5000001 4.0999994
v -3.9000001 4.0000001 4.0999994
v -4.7 4.0000001 4.0999994
v -4.7 0.5 4.099999
v -4.7 3.4969105e-08 3.2999992
v -4.7 4.0000001 3.2999992
v -4.7 0.50000003 3.2999992
v -3.8999999 6.993821e-08 3.2999992
v -3.8999999 4.0000001 3.2999992
v -3.8999999 0.50000006 3.2999992
v -4.7 3.5000001 4.099999
v -4.7 3.5000001 3.2999992
v -3.8999999 3.5000001 3.2999992
v -3.8999999 0.50000003 4.099999
v 0.046312332 3.4000004 -4.6463122
v 0.046312332 3.4000004 -3.9536877
v -0.64631224 3.4000004 -3.9536886
v -0.64631224 3.4000004 -4.6463132
v 0.046312332 0.60000035 -3.9536886
v -0.64631224 0.60000035 -3.9536886
v -0.64631224 0.60000041 -4.6463132
v 0.046312332 0.60000041 -4.6463132
v 0.099999905 3.4969111e-07 -3.9000006
v 0.10000014 4.1962932e-07 -4.7000003
v 0.10000014 3.5000003 -4.7000003
v 0.10000014 4.0000001 -4.7000003
v 0.099999905 4.0000001 -3.9000001
v 0.099999905 0.50000033 -3.9000006
v -0.70000005 3.4969111e-07 -3.9000006
v -0.70000005 4.0000001 -3.9000006
v -0.70000005 0.50000033 -3.9000006
v -0.69999981 4.1962932e-07 -4.7000003
v -0.69999981 4.0000001 -4.7000003
v -0.69999981 0.50000039 -4.7000003
v 0.099999905 3.5000003 -3.9000001
v -0.70000005 3.5000003 -3.9000006
v -0.69999981 3.5000003 -4.7000003
v 0.10000014 0.50000039 -4.7000003
v -3.9536877 3.3999999 -0.64631271
v -3.9536877 3.3999999 0.046311617
v -4.646312 3.3999999 0.046311617
v -4.646312 3.3999999 -0.64631271
v -3.9536877 0.60000012 0.046311378
v -4.646312 0.60000012 0.046311378
v -4.646312 0.60000024 -0.64631319
v -3.9536877 0.60000024 -0.64631319
v -3.8999999 1.7484555e-07 0.099999189
v -3.8999999 2.4478377e-07 -0.70000076
v -3.8999999 3.5000001 -0.70000076
v -3.8999999 4.0000001 -0.70000076
v -3.8999999 4.0000001 0.099999428
v -3.8999999 0.50000015 0.099999189
v -4.7 1.7484555e-07 0.099999189
v -4.7 4.0000001 0.099999428
v -4.7 0.50000015 0.099999189
v -4.7 2.4478378e-07 -0.70000076
v -4.7 4.0000001 -0.70000076
v -4.7 0.50000021 -0.70000076
v -3.8999999 3.5000001 0.099999428
v -4.7 3.5000001 0.099999428
v -4.7 3.5000001 -0.70000076
v -3.8999999 0.50000021 -0.70000076
v -0.646312 3.3999999 -0.64631319
v 0.046312571 3.3999999 -0.64631319
v 0.046312571 3.3999999 0.046311378
v -0.646312 3.3999999 0.046311378
v 0.046312332 0.60000018 -0.64631319
v 0.046312332 0.60000012 0.046311378
v -0.64631224 0.60000018 0.046311378
v -0.64631224 0.60000024 -0.64631319
v 0.10000014 2.0981466e-07 -0.70000076
v -0.69999993 2.4478377e-07 -0.70000076
v -0.69999981 3.5000001 -0.70000076
v -0.69999981 4.0000001 -0.70000076
v 0.10000014 4.0000001 -0.70000076
v 0.10000014 0.50000015 -0.70000076
v 0.10000014 1.7484555e-07 0.099999189
v 0.10000014 4.0000001 0.099999428
v 0.10000014 0.50000015 0.099999189
v -0.69999993 2.0981466e-07 0.099999189
v -0.69999981 4.0000001 0.099999428
v -0.69999993 0.50000015 0.099999189
v 0.10000014 3.5000001 -0.70000076
v 0.10000014 3.5000001 0.099999189
v -0.69999981 3.5000001 0.099999189
v -0.69999993 0.50000021 -0.70000076
vt 0 0
vt 0.029637128 0.1784631
vt 0.38724911 0.1677247
vt 0.01846981 0.0055300049
vt 0.055311039 0.41238776
vt 0.097634017 0.5004189
vt 0.50093246 0.44980022
vt 0.99626094 0.41587746
vt 0.99626094 0.41587746
vt 0.24637583 1
vt 0.61431968 0.12989789
vt 0.32316753 0.41587743
vt -0.3062959 0.5364421
vt 0.59792376 0.44980022
vt 1 0.50457662
vt 0.671875 0.203125
vt 1.3411045e-07 1.0000002
vt 0.26393265 0.92766833
vt 0.94060034 0.41028726
vt 0.26393265 0.5034402
vt 0.75331116 1
vt 0.45874679 0.40624219
vt 0.29928625 0.5004189
vt 0.7435025 1.0306822
vt 2.9802322e-08 0.203125
vt 0 0.203125
vt 1 0.203125
vt 0 0
vt 1 0.99999988
vt 0.065822229 0.95281136
vt 1.4992688 0.41028726
vt -0.11286631 0.5364421
vt 0.74350226 0.70425111
vt 0.43528634 0.11320144
vt 0.99695575 0.40831438
vt 0.99976051 0.060871884
vt 1 0.203125
vt 1 0
vt -0.17210627 0.50041884
vt 0 0.203125
vt 0 0
vt -0.17210627 0.50041884
vt 0.5 0.59003067
vt 0.21875 0
vt 0.25911927 0.44818616
vt 0.23517889 0.40624219
vt 0.34694028 0.50340712
vt 0.99626094 0.44965625
vt -0.45073235 0.41180003
vt 0.87807196 0.18425062
vt 0.29239374 0.41028726
vt 0.01846981 0.0055300049
vt 0.87807196 0.18425062
vt 0.67407733 0.90533632
vt 0.23517889 0.45278448
vt -0.14842905 0.44773307
vt 0.01846981 1.0114049
vt 0.90417719 0.44980025
vt 5.9604645e-08 0.55111891
vt 1.1270609 0.5004189
vt 0.34258366 0.060709655
vt 1.2950513 0.44980025
vt 0 1
vt -0.11286631 0.4481861
vt 5.9604645e-08 0.50457662
vt 0.59744745 0.44980022
vt 0.065491922 0.95241892
vt 0.75 0
vt 1.499269 0.50042623
vt 2.9802322e-08 0.40625
vt 5.9604645e-08 0.55111891
vt 0.62734348 0.82108563
vt -0.0282197 0.50041884
vt 0.91156757 0.32545155
vt 0.36075103 0.10614961
vt 0.81965053 0.5004189
vt 0.97269261 1.0393867
vt 0.065822229 0.95281136
vt 0.75 0
vt 0.66886675 0.5004189
vt 0.44058365 0.15644431
vt 0.57220715 0.44980022
vt 0.81962818 0.44980025
vt 0.296875 0.203125
vt 2.9802322e-08 0.45278448
vt 0.18221366 0.44980022
vt 0.75 0.203125
vt 0.72526586 0.40624219
vt 0.49826211 0
vt 0.78345227 0.30252582
vt 2.9802322e-08 0.45278448
vt 0.40397611 0.12896389
vt 0.18216002 0.5004189
vt 0.49826211 0
vt -0.3062959 0.41180006
vt 0.67407733 0.90533632
vt -0.17212766 0.44980022
vt 0.01846981 1.0114049
vt -0.00034284592 0.0053359321
vt 0.18221298 0.5004189
vt -0.51626837 0.4481861
vt 0.34258366 0.060709655
vt 1.0721117 0.5004189
vt -1.4901161e-08 1.0000002
vt 1.1739689 0.5004189
vt 0.26393265 -0.05322291
vt 0.76552641 0.44980022
vt 0.36075103 0.10614961
vt 0.97269261 1.0393867
vt 0 0.40951636
vt 0.99634755 1.1376847
vt 0.5 0.59003079
vt 1.0879757 0.41028726
vt 1 0
vt 0.78345227 0.30252582
vt -0.0003426075 0.12491626
vt 0.99976069 0.06087175
vt 0.46713853 0.44818616
vt 1.1270607 0.44980025
vt 0.29928625 0.44980022
vt 0.38377619 0.44773307
vt 0.74350238 0.82108575
vt -0.3062959 0.41180006
vt 0.26393265 0.71542692
vt 0 0.55555552
vt 0.32316756 0.44965622
vt -0.0003426075 0.70013523
vt 0.32316756 0.44965622
vt 1.432532 0.41028723
vt 0.58455563 0.40175048
vt 0.5009318 0.5004189
vt -0.45073235 0.5364421
vt 0.8703686 0.5004189
vt 1 0
vt -0.0042038113 0.50041884
vt 0.40427226 0.5004189
vt 1 0.55111891
vt 1 0
vt 0.671875 0.40625
vt 0.26651913 0.55111891
vt 1.2855051 0.44740814
vt 0.99695623 0.70916784
vt 0.54125321 0.50457662
vt 0.59759146 0.5004189
vt 0.74073184 0.0039062798
vt 0 0.40966594
vt 0.2435853 0.53698963
vt 1.499269 0.44740811
vt 0.35014802 0.5004189
vt 1.2855051 0.53746992
vt 0.50078785 0.44980022
vt -0.45073235 0.5364421
vt 0.21419853 0
vt 0.066008426 0.95227635
vt 1.0000002 5.9604645e-08
vt 0.38240921 0.56063294
vt 0.097543091 0.44980022
vt 0.8703686 0.44980022
vt 0.19685084 0.70013511
vt 0.94060034 0.53747004
vt 1.1739471 0.5004189
vt -0.0003426075 0.60041702
vt 0.74073178 0.0039062798
vt 1 1
vt 0.4375 0.40625
vt 0.515625 0.203125
vt 0.38724923 0.83874315
vt 0.67908669 0.44965622
vt 0.38724923 0.83874315
vt -0.0042038113 0.44980022
vt 0 0.20514236
vt 1.1269412 0.44980025
vt 0 0.203125
vt 0.4375 0.40625
vt 2.9802322e-08 0.40624219
vt 1.0000001 0.99999988
vt 0.14661568 0.41364411
vt 0.78345239 0.70916784
vt 0.75331122 1
vt 0.26562184 0.5004189
vt -0.17215842 0.50041884
vt 0.45874679 0.45278448
vt 0.25895524 0
vt 0.2435853 0.50182837
vt 1.1270826 0.5004189
vt 0.42228514 0.17459679
vt 0.45874679 0.45278448
vt 0.25895524 0
vt 1.197633 0.5004189
vt 0.73518157 0.50183749
vt 0.066008426 0.95227635
vt 0.29937726 0.44980022
vt 0.2638841 -0.15544493
vt 1 0
vt 1.0304008 0.5004189
vt 0.81989765 0.5004189
vt 0.29239374 0.44740817
vt 1.0721117 0.44980022
vt 0.64050096 0.12270868
vt 0.97036326 0.1784631
vt 0.67908669 0.44965622
vt 0.671875 0.203125
vt 0.28859603 -0.052968636
vt 0.74350202 0.30256236
vt 0.32316753 0.53504556
vt 7.4505806e-08 7.4505806e-08
vt 2.9802322e-08 0.203125
vt -0.12524128 0.44980022
vt 0.6666193 0.41180012
vt 0.59792376 0.5004189
vt 0 0
vt 0.00023940206 0.060871601
vt 0.50087911 0.44980022
vt 0.4375 0.203125
vt 0.26393265 0.92766833
vt 0.46713853 0.53644216
vt 0.78345239 0.70916784
vt 0.45874679 0.40624219
vt 1 0.50457662
vt 0.6666193 0.44818616
vt 0.26393265 0.5034402
vt -0.00034284592 0.41618007
vt 1.0000002 0.99999994
vt 0.54125321 0.55111891
vt 0.21875 0
vt 0.46736509 0.5004189
vt 0.4375 0.203125
vt 0.85277212 0.41364425
vt 1 0.50457662
vt 0.21875 0.203125
vt 1.1270826 0.5004189
vt 0.86452794 0.50180167
vt 0.26481855 0.50183767
vt 0.21875 0
vt 0.99695623 0.82744312
vt 0.57220715 0.5004189
vt 0.42228514 0.17459679
vt 1.1920929e-07 0.99999994
vt 0.49826199 0
vt 0.21875 0.203125
vt 0.21419853 0.203125
vt 0.68883169 0.60337919
vt 0.12507126 0.41587743
vt 0.68883169 0.60337919
vt 0.26651913 0.50457662
vt 0.49826199 0
vt 0.7764321 0.55111891
vt 0.29239374 0.44740817
vt 1.432532 0.50042623
vt 0.23517889 0.40624219
vt 0.12507126 0.44965622
vt 0.12507126 0.44965622
vt 0.46713853 0.50013566
vt 1.0304229 0.5004189
vt 1.4901161e-08 -7.4505806e-08
vt 0.7764321 0.55111891
vt 1.0601245 0.44965625
vt 0.72526586 0.45278448
vt 1.0601245 0.50180167
vt 0.54161173 0.44965622
vt 0.23517889 0.40624219
vt 0.48590243 0.71542692
vt 0.32316753 0.53504556
vt 1.1739471 0.44980025
vt 5.9604645e-08 0.55111891
vt 0.29943013 0.5004189
vt 0.18206924 0.5004189
vt 0.28604126 0.60041702
vt 0.26393265 0.079084158
vt 0.99999994 7.4505806e-08
vt 0.91156757 0.32545155
vt 0.62109464 0.10360718
vt 0.23517889 0.45278448
vt 1 0.203125
vt 0.99999154 0.41238776
vt 0.86452794 0.50180167
vt 2.9802322e-08 0.40625
vt 0.055311039 0.44773307
vt 0.5 0.59003079
vt 0.73518145 0.50183767
vt 1 0.203125
vt 0.296875 0.203125
vt -0.028612494 0.50041884
vt 0.9703629 0.17944281
vt 0.40421939 0.44980022
vt 2.9802322e-08 0.40625
vt 1 0.40625
vt 1.0601245 0.53504562
vt 1.0000001 -2.9802322e-08
vt 0.38377619 0.41238776
vt 0.24637589 1
vt 0.99976069 0.06087175
vt 1 0.40625
vt 0.99695611 1.0393867
vt 0.055311039 0.50182837
vt 2.9802322e-08 0.45278448
vt 1 0.45278448
vt 0.75 0.203125
vt 0.48590243 0.71542692
vt 0.53387576 0.70425111
vt 0.46713853 0.41180012
vt 0.53387576 0.70425111
vt 0.70832837 0.41028723
vt 0.67908669 0.50180167
vt 1 0.45278448
vt -0.17218041 0.44980022
vt -0.028703213 0.44980022
vt -0.45073235 0.5001356
vt 0.097543091 0.5004189
vt 0.40412828 0.5004189
vt 0.59744745 0.5004189
vt 1 0
vt 0.097634017 0.5004189
vt -0.14842905 0.50182837
vt 0.9041543 0.44980025
vt 0.26393265 0.83874393
vt 0.91156757 0.3254514
vt 1.1739471 0.44980025
vt 1 0
vt 0.57220715 0.44980022
vt 0.54161173 0.53504556
vt 0.72081113 -0.023634687
vt 0.38377619 0.41238776
vt 0.14722756 0.41364425
vt 1.0879757 0.53746992
vt 0 0
vt -0.17215842 0.50041884
vt 0.66886675 0.44980022
vt 0.5338757 0.30256236
vt 1.432532 0.44740814
vt 0.46713853 0.41180012
vt 0.80696833 0.50182837
vt 0.65973353 0.10276884
vt 0.50173783 1
vt 1 -7.4505806e-08
vt 0.26393253 0.29145283
vt 0.98758566 0.44980025
vt 0.62734336 0.18572773
vt 0.50173783 1
vt 0.70228964 0.5004189
vt 0.031329907 0.5001356
vt 0.25895521 0
vt 0.8703686 0.5004189
vt 0.7764321 0.50457662
vt 1.029917 0.5004189
vt -0.00037944317 1.0895715
vt 0.33792251 0.079084158
vt 0.54161173 0.53504556
vt 0.90417653 0.5004189
vt 0.74073184 0.0039062798
vt 1.0879757 0.53746992
vt 0.99999994 7.4505806e-08
vt 0.61759067 0.56063294
vt 0.26651913 0.55111891
vt 0.18206921 0.44980022
vt 1 0.55111891
vt 0.25911927 0.41180006
vt 0.25911927 0.41180006
vt 0.54125321 0.50457662
vt -0.085013226 0.53698963
vt 0.54125321 0.50457662
vt 0.86452794 0.53504556
vt 0.37915671 0.08815378
vt 1.499269 0.53746992
vt 0.29943013 0.5004189
vt -0.085013226 0.44773307
vt 0.055311039 0.53698963
vt 1 1
vt 0.515625 0.203125
vt 0.74350238 0.50340664
vt 0.296875 0.40625
vt 1.1270831 0.5004189
vt 0.14010064 0.44980022
vt 1 1
vt -0.17224926 0.44980022
vt 1.0879757 0.44740811
vt 1 0.40624219
vt 0.296875 0.40625
vt -0.00034284592 1.0115989
vt 0.75 0.203125
vt 0.75 0
vt 1 0.40624219
vt 0.97269189 -0.027693748
vt -0.51626837 0.5001356
vt 0.7435469 1.12473
vt 2.9802322e-08 0.40624219
vt -0.064693928 0.50180167
vt 0.515625 0
vt 0.92538249 0.098960996
vt 0.74350238 0.90533632
vt 0.25911927 0.50013566
vt 2.9802322e-08 0.40624219
vt 0.43528634 0.076600611
vt 0.49595416 0.50042635
vt 0.75331122 1
vt 1 0.40951636
vt 1.197633 0.5004189
vt -0.085013226 0.44773307
vt 0.055311039 0.53698963
vt 0.25895524 0
vt 0.50173777 1
vt 0.7435469 -0.1179169
vt 0.99695551 -0.027693748
vt 1 0
vt 1.0879757 0.44740811
vt 0.70832837 0.53747004
vt 0.76552641 0.5004189
vt -7.4505806e-08 7.4505806e-08
vt 0.097687304 0.44980022
vt 0.24637583 1
vt 1 0
vt -0.028068721 0.44980022
vt 0.74350202 0.30256236
vt 0.097686768 0.5004189
vt -0.12529439 0.44980022
vt 1 0.50457662
vt 0.042682573 0.44980022
vt 0.97269189 -0.027693748
vt 0.18221298 0.5004189
vt 0.671875 0.203125
vt 1.1976331 0.44980025
vt 0.24637583 1
vt 0.80696833 0.41238776
vt 0.75331116 1
vt 0.18206921 0.44980022
vt 0.45874679 0.40624219
vt 2.9802322e-08 0.203125
vt 0 0.203125
vt 0 0
vt 0.75331116 1
vt -0.17224926 0.44980022
vt -0.17227119 0.50041884
vt 0.4375 0.203125
vt -0.11286631 0.41180006
vt 1 0.203125
vt 0.59792376 0.44980022
vt 0 0.203125
vt 0 0
vt 0.54125321 0.55111891
vt 0.21875 0
vt 0.031329907 0.41180006
vt -0.064693987 0.53504556
vt 0.23517889 0.40624219
vt 0 0.20408523
vt -0.00037944317 -0.072636597
vt 0.99626094 0.53504562
vt -0.12521994 0.50041884
vt 0.99695623 0.91273218
vt 0.7435025 1.0306822
vt 0.61431968 0.077249527
vt 0.49826199 0
vt 1.4992688 0.41028726
vt -0.12536293 0.44980022
vt 0.97036272 0.1784631
vt 0.99695575 0.40831438
vt 0.26651913 0.50457662
vt 0.7764321 0.55111891
vt 5.9604645e-08 0.55111891
vt 0.26393276 0.40175048
vt 0.94060034 0.50042635
vt 0 1
vt 0.59421194 0.50584662
vt 0.94060034 0.50042635
vt 5.9604645e-08 0.50457662
vt 0.75 0
vt 0 1.0000001
vt 5.9604645e-08 0.55111891
vt 2.9802322e-08 0.40625
vt 0.60507929 0.44773307
vt 0.75 0
vt -0.11286631 0.41180006
vt 0.60507929 0.41238776
vt 0.031329907 0.41180006
vt 1.0601245 0.53504562
vt 0.296875 0.203125
vt 2.9802322e-08 0.45278448
vt 0.75 0.203125
vt 0.72526586 0.40624219
vt 0.99626094 0.53504562
vt 0.49826211 0
vt 0.6666193 0.53644216
vt 0.10766029 0.2053113
vt 0.61431968 0.077249527
vt 0.10766029 0.2053113
vt -0.00034284592 0.31679958
vt -0.085013226 0.50182837
vt 0.296875 0.203125
vt 1 0.20408523
vt 0.75 0.203125
vt 0.24637589 1
vt 0.49826211 0
vt 1 0.40625
vt 0.2638841 1.1621974
vt 0.38377619 0.50182837
vt 1 0
vt 0.38377619 0.50182837
vt -1.1920929e-07 7.0780516e-08
vt 0.24637589 1
vt 0.81965113 0.44980025
vt 0.26481837 0.50183749
vt 1.0304008 0.5004189
vt 0.49595416 0.41028726
vt 0.54161173 0.50180167
vt 0.49595416 0.41028726
vt 0.38965309 0.094890475
vt -0.00034284592 0.0053359321
vt 0.9041543 0.44980025
vt 1.1270826 0.44980025
vt 0.031329896 0.5364421
vt 0.29943079 0.44980022
vt 0.74350226 0.1014771
vt 0.40421939 0.5004189
vt 0.50087911 0.5004189
vt 0.80696833 0.53698963
vt 1 0
vt 0.80696833 0.53698963
vt -0.12538493 0.50041884
vt 0.7435025 -0.023868755
vt 0.99999154 0.44773307
vt 0 0.40951636
vt 0.72081113 1.0304481
vt 1.2855051 0.41028723
vt 0.26393253 0.29145283
vt 0.65954733 0.10330385
vt 0.34258366 0.08815378
vt 0.70832837 0.44740814
vt 0.74350238 0.82108575
vt 0.60507929 0.50182837
vt 1 0
vt 0.67407715 0.1014771
vt 1 0.55111891
vt 1 0
vt 1.432532 0.41028723
vt 0.74350238 0.40706211
vt 0.92538261 0.91273218
vt 0.25895521 0
vt 0.671875 0.40625
vt 0.38240921 0.56063294
vt 0.85277224 0.41364425
vt 0.10432041 0.81162328
vt 0.38240921 0.56063294
vt -0.12538493 0.50041884
vt 0.99695563 0.18425062
vt 0.26651913 0.55111891
vt 1 0.55111891
vt 0.33792275 0.92766857
vt 0.063065231 0.12491626
vt 0 0.0037370846
vt 0.063065231 0.12491626
vt 0.80696833 0.44773307
vt 1.1739471 0.5004189
vt 0.74073184 0.0039062798
vt 1.1739471 0.5004189
vt 0.2923938 0.50042635
vt 0.26481843 0.50183767
vt -0.51626837 0.5364421
vt 0 0.40951636
vt -0.0042038113 0.44980022
vt 0.2435853 0.44773307
vt 1 0.40451854
vt 0.029637039 0.17846295
vt 0.21419853 0
vt 0.99695623 0.70916784
vt 0.34258366 0.08815378
vt 0.38724911 0.1677247
vt 0.38724911 0.1677247
vt 0.055311039 0.41238776
vt 0.68320894 0.5034402
vt 0.055311039 0.41238776
vt 0.21419853 0
vt 0.25911927 0.5364421
vt 0.37915671 0.060704887
vt 0.64037836 0.10343879
vt 0.67407715 0.1014771
vt 0.74073178 0.0039062798
vt 1.0304008 0.44980025
vt -0.028091073 0.44980022
vt 0.43038109 0.028921127
vt 0.61431968 0.12989789
vt 1 1
vt 0.515625 0.203125
vt -0.51626837 0.41180003
vt 0.296875 0.40625
vt 0 0.203125
vt 0.10432041 0.81162328
vt 0.75 0.203125
vt 0.4375 0.40625
vt 0.75 0
vt -0.51626837 0.5001356
vt 2.9802322e-08 0.40624219
vt 1.029933 0.44980025
vt 0.70243347 0.5004189
vt 0.75331122 1
vt 0.86452794 0.44965625
vt 0.2923938 0.50042635
vt 0.99695599 0.30252582
vt 0.25895524 0
vt 0.029636979 0.1784631
vt 0.6666193 0.50013566
vt 0.74350238 0.90533632
vt 0.59759194 0.44980022
vt 0.25911927 0.44818616
vt 0.14010064 0.50041884
vt 0.25911927 0.44818616
vt 0.45874679 0.45278448
vt 0.34694028 0.50340712
vt 0.29937726 0.5004189
vt 1.3419377 0.5004189
vt 0.99626094 0.44965625
vt 1 0
vt 0.99626094 0.44965625
vt 0.29239374 0.41028726
vt 0.29239374 0.41028726
vt 0.01846981 0.0055300049
vt 0.25911927 0.5364421
vt 0.37915671 0.060704887
vt 0.64037836 0.10343879
vt 0.28604126 0.41617987
vt 1.0304008 0.44980025
vt 0.4485296 0.04721576
vt 0.46736503 0.44980022
vt -0.12529439 0.44980022
vt 0 0
vt 0.065491922 0.95241892
vt 0.00023931265 0.06087175
vt 0.065491922 0.95241892
vt 1.1739689 0.5004189
vt 0.29928625 0.5004189
vt 0.54125321 0.55111891
vt 0.21875 0
vt 0.73518133 0.50183767
vt 0.065822229 0.95281136
vt 0.4375 0.203125
vt 0.43528634 0.11320144
vt 1 0.50457662
vt 0.21875 0.203125
vt 0.6666193 0.50013566
vt 0.74350226 0.70425111
vt 0.91156757 0.3254514
vt 0.54125321 0.55111891
vt -0.45073235 0.4481861
vt 0.21875 0.203125
vt 0.21419853 0.203125
vt 1 -5.9604645e-08
vt 1.0601245 0.41587746
vt 1 0.203125
vt 1.2950513 0.44980025
vt 0 0
vt 0.26651913 0.50457662
vt 0.49826199 0
vt -0.3062959 0.5001356
vt -0.45073235 0.41180003
vt 0.67407733 0.90533632
vt 0.26651913 0.50457662
vt -0.028559923 0.50041884
vt 0.72526586 0.45278448
vt 0.7764321 0.55111891
vt 0.40781161 0.076596797
vt 0.28604126 0.41617987
vt 0.01846981 1.0114049
vt 0.23517889 0.40624219
vt 0.90417719 0.44980025
vt 1 0.55555552
vt 0.49595416 0.44740817
vt 0.34258366 0.060709655
vt 1.1976331 0.44980025
vt 0.00023931265 0.06087175
vt 0.36075103 0.10614961
vt 0.97269261 1.0393867
vt 0.23517889 0.45278448
vt 1.1270831 0.5004189
vt 0.702411 0.44980022
vt 1.0601245 0.44965625
vt -0.0003426075 0.8920185
vt 0.6667785 0.077495456
vt 0.66886675 0.5004189
vt 1.0601245 0.50180167
vt 0.99634755 1.1376847
vt 0.99634755 1.1376847
vt 1 0.203125
vt 0.042682573 0.44980022
vt 0.81962818 0.44980025
vt 0.44058365 0.12896866
vt 0.26393241 1.0599761
vt 0.40780252 0.11320239
vt 0.18221366 0.44980022
vt 2.9802322e-08 0.40625
vt 1 0.40625
vt 0.78345227 0.30252582
vt 0.94060034 0.41028726
vt -0.14842905 0.41238776
vt 0.24637589 1
vt 1 0.40625
vt 0.61759067 0.56063294
vt 1.0298796 0.44980025
vt -0.14842905 0.53698963
vt -0.3062959 0.41180006
vt 1 0.99999988
vt 0.72526586 0.40624219
vt 0.49595416 0.53747004
vt 2.9802322e-08 0.45278448
vt 1.1739689 0.44980025
vt -0.11286631 0.5364421
vt 0.75 0.203125
vt 0.72526586 0.40624219
vt 0.49826211 0
vt 0.18216005 0.44980022
vt 1 0.45278448
vt 0.58455563 0.40175048
vt 0.76552641 0.44980022
vt 0.2923938 0.53747004
vt 0.99695575 0.098960996
vt 1.1920929e-07 -1.3411045e-07
vt 0.6667785 0.077495456
vt 0.08843258 0.32545155
vt 0.99976051 0.06087175
vt 0.44058365 0.12896866
vt 0.40780252 0.11320239
vt 0.99999988 8.9406967e-08
vt -0.0003426075 0.12491626
vt 0.38240933 0.5606333
vt 1.1270607 0.44980025
vt 0.29928625 0.44980022
vt 0 0
vt -0.14842905 0.50182837
vt 0.26393265 0.71542692
vt 0.91156781 0.32545155
vt 0 0
vt 0.2435853 0.53698963
vt 0.2435853 0.53698963
vt -0.12536293 0.44980022
vt 1.1739471 0.44980025
vt 1.2855051 0.53746992
vt 0.44058365 0.15644431
vt 1.2855051 0.53746992
vt -0.45073235 0.5364421
vt 0.29928625 0.44980022
vt 0.98758566 0.5004189
vt 0.50173783 1
vt 0.2923938 0.53747004
vt 0.26393265 0.605129
vt 0.25895521 0
vt 0.7764321 0.50457662
vt 0.99999154 0.50182837
vt 1 0
vt 0.74350238 0.18572773
vt 0.26651913 0.55111891
vt 0.70243406 0.44980022
vt 0.2435853 0.50182837
vt 1 0.55111891
vt -0.0003426075 0.2053113
vt 0.50078785 0.5004189
vt 0.54125321 0.50457662
vt 0.671875 0.40625
vt 0.26651913 0.55111891
vt 0.50078785 0.44980022
vt 1.499269 0.44740811
vt 0.12507126 0.50180167
vt 0.26393265 0.16772509
vt 0.54125321 0.50457662
vt 1.0879757 0.41028726
vt 0.066008426 0.95227635
vt 1.432532 0.53746992
vt 0.097543091 0.44980022
vt 1 1
vt 0.67908669 0.41587746
vt 0.40290177 0.028921127
vt 0.94060034 0.53747004
vt 0.46713853 0.44818616
vt 0.40412828 0.44980022
vt -0.0003426075 0.60041702
vt 0.00023946166 0.060871884
vt 0 0.55555552
vt 0.99999154 0.50182837
vt -0.028091073 0.44980022
vt 0.67908669 0.44965622
vt -0.085013226 0.53698963
vt 0.296875 0.40625
vt 0.75 0.203125
vt 0.6666193 0.41180012
vt 0.75 0
vt 1 0.40624219
vt 0.78345239 0.70916784
vt -0.064693928 0.44965619
vt 0.74073178 0.0039062798
vt -0.0003426075 0.5084818
vt 0.00023931265 0.06087175
vt 0.74350238 0.50340664
vt 0.26562184 0.5004189
vt 0.097634017 0.44980022
vt 0.4375 0.40625
vt 1.1270826 0.5004189
vt 0.515625 0
vt 0.42228514 0.17459679
vt 0.35014802 0.44980022
vt 0 0.20417041
vt 2.9802322e-08 0.40624219
vt 0.99634731 -0.12599152
vt 0.12507126 0.50180167
vt 1 -7.4505806e-08
vt 0.99695575 0.50584662
vt 0.46736503 0.44980022
vt 0.12507126 0.41587743
vt 0.75331122 1
vt 0.12507126 0.41587743
vt 0.2638841 -0.15544493
vt 0.7435469 1.12473
vt 0.45874679 0.45278448
vt 0.67908669 0.41587746
vt 0.29239374 0.44740817
vt 1.432532 0.50042623
vt 0.40290177 0.028921127
vt 1.432532 0.50042623
vt 0.25895524 0
vt 1.3419377 0.5004189
vt 0.50173777 1
vt 0.50093246 0.44980022
vt 1 0
vt 0.87807256 0.82744312
vt 0.50173777 1
vt 0 0.55555552
vt 0.32316753 0.53504556
vt 0.99695563 0.60337919
vt 0.24637583 1
vt -0.085013226 0.41238776
vt 1 0
vt -0.12524128 0.44980022
vt 0.81989765 0.44980025
vt 0.81989765 0.44980025
vt 1.2950513 0.44980025
vt 0.671875 0.203125
vt 0.24637583 1
vt 0.62109464 0.10360718
vt 0.62109464 0.10360718
vt 0.75331116 1
vt 0.81962818 0.5004189
vt 0.29928625 0.5004189
vt 0.99695551 -0.027693748
vt 0.45874679 0.40624219
vt 0.19685084 0.70013511
vt 0.86452794 0.50180167
vt 0.60507929 0.53698963
vt 2.9802322e-08 0.203125
vt 1.2950513 0.5004189
vt 0.75331116 1
vt 0.99695623 0.82744312
vt 0.57220715 0.5004189
vt 0.99634731 -0.12599152
vt 0.4375 0.203125
vt 1 0.203125
vt 0 0.203125
vt 0 0
vt 0.54125321 0.55111891
vt 0.21875 0
vt 0.5009318 0.5004189
vt 1.3419377 0.44980025
vt 0.21875 0.203125
vt 0.21419853 0.203125
vt -0.3062959 0.4481861
vt -0.064693928 0.4158774
vt 0.46713853 0.50013566
vt 0.49826199 0
vt 0.87807256 0.82744312
vt 0.67908669 0.53504556
vt -0.17227119 0.50041884
vt 0.48590243 0.71542692
vt 0.67908669 0.50180167
vt 0.67908669 0.50180167
vt -0.085013226 0.41238776
vt 0.26651913 0.50457662
vt 0.7764321 0.55111891
vt 0.40289709 0.065516174
vt 0.28604126 0.60041702
vt 0.031329907 0.4481861
vt 0.26481849 0.50183749
vt 0.28859603 1.0597219
vt -0.00037944317 -0.072636597
vt 0.26393265 0.079084158
vt 0.72526586 0.45278448
vt 0 1
vt 5.9604645e-08 0.50457662
vt 0.99999154 0.41238776
vt 0.60507929 0.53698963
vt 1.2855051 0.50042623
vt 5.9604645e-08 0.55111891
vt 0.1472277 0.41364411
vt 1.2950513 0.5004189
vt 0.055311039 0.44773307
vt 0 1
vt 0.99976069 0.060871601
vt -0.0003426075 0.8920185
vt 0.66886675 0.5004189
vt 0.64050096 0.12270868
vt 5.9604645e-08 0.50457662
vt 0.75 0
vt -0.17210627 0.50041884
vt 0.28859603 -0.052968636
vt 0.5 0.59003067
vt 0.72081113 -0.023634687
vt 0.38377619 0.41238776
vt 0.76552641 0.44980022
vt 0.296875 0.203125
vt 0.75 0.203125
vt 0.72526586 0.40624219
vt 1 0.40966594
vt 0.99695611 1.0393867
vt 0 1.0000001
vt 0.296875 0.203125
vt -0.14842905 0.53698963
vt -0.17212766 0.44980022
vt 0.67908669 0.53504556
vt 0.24637589 1
vt 0.49826211 0
vt 1 0.40625
vt 0.46713853 0.41180012
vt 0.65973353 0.10276884
vt 0.62734336 0.18572773
vt 0.36106974 0.10646677
vt 0.62734336 0.18572773
vt 0.37523174 0.5084818
vt 0.24637589 1
vt -0.17218041 0.44980022
vt 0.8703686 0.44980022
vt 1 0.45278448
vt -0.00034284592 0.31679958
vt 1.2855051 0.50042623
vt 0.40412828 0.5004189
vt 0.40427282 0.44980022
vt 1.0879757 0.50042635
vt 0.81965113 0.44980025
vt 0.74350238 0.59975117
vt 0.54161173 0.53504556
vt 1.0879757 0.53746992
vt -0.0003426075 0.12491626
vt 1 0
vt 0.088432312 0.32545155
vt 0.40427226 0.5004189
vt 0.80696833 0.50182837
vt 0.37523174 0.5084818
vt 1.1739689 0.5004189
vt 0.70228964 0.5004189
vt 0.26393265 0.605129
vt 0.7435025 -0.023868755
vt 0.1472277 0.41364411
vt 0.50173783 1
vt -0.0042038113 0.50041884
vt 0.14722764 0.41364425
vt 0.055311039 0.50182837
vt -1.1920929e-07 7.0780516e-08
vt 1.029917 0.5004189
vt 0.33792251 0.079084158
vt 0.5 0.59003067
vt 0.7764321 0.50457662
vt 1 0
vt 0.85277224 0.41364425
vt 0.38240921 0.56063294
vt 1 0.55111891
vt 0.25895521 0
vt 0.671875 0.40625
vt 0.8703686 0.44980022
vt 0.00023931265 0.06087175
vt 0.7764321 0.50457662
vt 0.48590231 0.29145283
vt -0.064693928 0.50180167
vt 0.671875 0.40625
vt 0.74073184 0.0039062798
vt 0.92538249 0.098960996
vt 1.0304229 0.5004189
vt 0.86452794 0.53504556
vt 0.99976051 0.06087175
vt 0.46736503 0.44980022
vt 0.74073184 0.0039062798
vt 0.35014802 0.5004189
vt 0.49999985 0.59003079
vt -0.085013226 0.44773307
vt 0.055311039 0.53698963
vt 0.90415406 0.5004189
vt 0.99695563 0.18425062
vt 0.21419853 0
vt 0.14010064 0.44980022
vt 0.73518157 0.50183767
vt 1.0879757 0.44740811
vt -0.0003426075 0.60041702
vt 0.21419853 0
vt 0.74073178 0.0039062798
vt -0.00034284592 1.0115989
vt 1 1
vt 0.515625 0.203125
vt 1.1269412 0.44980025
vt 0.97269189 -0.027693748
vt 0.296875 0.40625
vt 0.80696833 0.41238776
vt 0 0.203125
vt 0.66672039 0.12938303
vt 0.75 0.203125
vt 0.4375 0.40625
vt 0.75 0
vt -7.4505806e-08 -7.4505806e-08
vt 0.48590231 0.29145283
vt -0.028703213 0.44980022
vt 1.0721117 0.44980022
vt -0.0003426075 0.5084818
vt 0.90415424 0.5004189
vt 0.81965053 0.5004189
vt 0.75331122 1
vt 0.75 0.203125
vt 0.75 0
vt 0.25911927 0.50013566
vt 0.515625 0
vt 0.29937726 0.44980022
vt 0.45874679 0.45278448
vt 0.59759146 0.5004189
vt -0.064693987 0.53504556
vt -0.51626837 0.5001356
vt -0.064693987 0.53504556
vt 0.81989765 0.5004189
vt 0.18216002 0.5004189
vt 0.76552641 0.5004189
vt 0.6935153 0.40831453
vt 0.99695599 0.30252582
vt 0.029637039 0.17944294
vt 0.74350238 0.90533632
vt 0.097687304 0.44980022
vt 0.14010064 0.50041884
vt 0.99695563 0.60337919
vt 0.50173777 1
vt 0.50087911 0.44980022
vt 0.66672039 0.12938303
vt 0 0
vt 0.59421194 0.50584662
vt 0.59421194 0.50584662
vt -0.00034284592 0.41618007
vt 0.46736509 0.5004189
vt 0.24637583 1
vt 0.54125321 0.55111891
vt 0.088432252 0.32545155
vt 0 0
vt -0.11286631 0.41180006
vt 1 0.50457662
vt 0.60507929 0.41238776
vt 0.029637039 0.17944281
vt 0.60507929 0.41238776
vt 0.59792376 0.44980022
vt 1 -7.4505806e-08
vt 0.031329907 0.41180006
vt 0.21875 0.203125
vt 0.21419853 0.203125
vt 0.99626094 0.53504562
vt 1 0.203125
vt 0 0.203125
vt 1.1739689 0.5004189
vt 0 0
vt -2.0861626e-07 -4.8428774e-08
vt 0.26651913 0.50457662
vt 0.61431968 0.077249527
vt -0.085013226 0.50182837
vt -1.4901161e-08 1
vt -0.085013226 0.50182837
vt 0.7435025 1.0306822
vt 0.6935153 0.40831453
vt 1.4992688 0.41028726
vt 0.2638841 1.1621974
vt 0.2638841 1.1621974
vt 0.99695575 0.40831438
vt 0.72526586 0.45278448
vt 0.19685084 0.31679958
vt 0.44040805 0.59975117
vt 0.23517889 0.40624219
vt 0.2435853 0.41238776
vt 0.38377619 0.53698963
vt 0.26393265 0.079084158
vt 0.38965309 0.094890475
vt 0.38965309 0.094890475
vt 0.99999994 1
vt 0.18216002 0.5004189
vt 0.23517889 0.45278448
vt -0.14842905 0.44773307
vt 0.70832837 0.50042635
vt 0.98758566 0.44980025
vt 0.40421939 0.44980022
vt 1 0.203125
vt 0 1
vt 5.9604645e-08 0.50457662
vt 0.75 0
vt 1 0.20417041
vt 2.9802322e-08 0.40625
vt 1.499269 0.50042623
vt 0.99999976 0
vt -0.0282197 0.50041884
vt 0.702411 0.44980022
vt 0.72526586 0.40624219
vt 0.99999154 0.44773307
vt 0.19685084 0.31679958
vt 1 0.20514236
vt 0.44040805 0.59975117
vt 2.9802322e-08 0.45278448
vt 0.99976069 0.060871601
vt 0.75 0.203125
vt 0.72526586 0.40624219
vt 0.49826211 0
vt 1.1738343 0.44980025
vt 0.26393241 1.0599761
vt 1 0.45278448
vt -0.14842905 0.41238776
vt 0.097543091 0.5004189
vt 0.60507929 0.50182837
vt 0.59744745 0.5004189
vt 0.35014802 0.44980022
vt 0.26393265 0.83874393
vt 0.90415406 0.44980025
vt 0.031329896 0.5364421
vt 0.85277224 0.41364411
vt -0.51626837 0.4481861
vt 0.57220715 0.44980022
vt 0.29943079 0.44980022
vt -0.11286631 0.5001356
vt -0.12538493 0.50041884
vt 0.33792275 0.92766857
vt 0.90415424 0.5004189
vt 0.99695575 0.098960996
vt 0.81962818 0.5004189
vt 0 0
vt 0.85277212 0.41364425
vt 0.90415406 0.44980025
vt 0.4303773 0.065070212
vt 0 0
vt 0.063065231 0.89201838
vt 0.90417653 0.5004189
vt 0.097686768 0.5004189
vt 0.042682454 0.50041884
vt 0.85277224 0.41364411
vt 0.26481864 0.50183749
vt 0.34258366 0.08815378
vt 0.50173783 1
vt 0.6666193 0.53644216
vt 0.68320894 0.5034402
vt 0.68320894 0.5034402
vt 0.9703629 0.17944294
vt 0.74350238 0.82108575
vt 0.67407715 0.1014771
vt 0.43038109 0.028921127
vt 0.25895521 0
vt 0.43038109 0.028921127
vt 0.64029944 0.084128678
vt -0.0003426075 0.70013523
vt 0.7764321 0.50457662
vt 1.432532 0.41028723
vt 0.32316753 0.50180167
vt -0.0003426075 0.81162339
vt 0.14722776 0.41364425
vt 0.10432041 0.81162328
vt 0.29937726 0.5004189
vt 0.98758566 0.5004189
vt 0.659217 0.10291141
vt 0.99999994 7.4505806e-08
vt 1 0
vt 0.14010064 0.44980022
vt -0.12521994 0.50041884
vt 0.2923938 0.50042635
vt 0.54161173 0.50180167
vt 0.029637128 0.1784631
vt 0.26651913 0.55111891
vt 0.61759067 0.5606333
vt 1 0.55111891
vt -0.0042038113 0.44980022
vt 0.671875 0.40625
vt 0.58455575 0.60512865
vt 0.26651913 0.55111891
vt 1.499269 0.53746992
vt 0.54161173 0.41587746
vt 0.54125321 0.50457662
vt 0.9703629 0.17846295
vt 0.99695623 0.70916784
vt 0.91156757 0.32545155
vt 0.25911927 0.5364421
vt 0.37915671 0.060704887
vt 0.64037836 0.10343879
vt -0.0003426075 0.2053113
vt 0.50078785 0.5004189
vt 0.97036302 0.17846295
vt 0.12507126 0.53504556
vt 0.4485296 0.04721576
vt 0.99999988 -8.9406967e-08
vt 0.4485296 0.04721576
vt 0.21419853 0
vt -0.51626837 0.41180003
vt 0.26393265 0.16772509
vt 0.32316753 0.50180167
vt 0.74073178 0.0039062798
vt 0.40397611 0.15644813
vt 1.432532 0.53746992
vt 1 0.40624219
vt 0.94060034 0.44740811
vt 0.659217 0.10291141
vt 0.74073178 0.0039062798
vt -1.0849908e-07 1
vt 0.26562184 0.44980022
vt 0 0.203125
vt 0.4375 0.40625
vt 0.6666193 0.50013566
vt 0.515625 0
vt 0.38240916 0.5606333
vt 0 0.203125
vt 0.58455575 0.60512865
vt 0.59759194 0.44980022
vt -0.45073235 0.4481861
vt 2.9802322e-08 0.40624219
vt 0.042682573 0.44980022
vt -0.45073235 0.4481861
vt 0.54161173 0.41587746
vt 0.18221298 0.5004189
vt 0.75331122 1
vt -0.3062959 0.5001356
vt 0.7435469 -0.1179169
vt 0.44040793 0.40706211
vt 0.45874679 0.45278448
vt 0.25895524 0
vt 1.0721117 0.44980022
vt 0.097634017 0.44980022
vt 0.50173777 1
vt 0.80696833 0.44773307
vt 0.40781161 0.076596797
vt 0.12507126 0.53504556
vt 0.28604126 0.41617987
vt 0 0.40951636
vt 0.99999982 1.0000002
vt 0.50173777 1
vt 1.0304008 0.44980025
vt 0.86452794 0.41587746
vt -0.028068721 0.44980022
vt 0.49595416 0.44740817
vt 0.40397611 0.15644813
vt 0.49595416 0.44740817
vt 1 0
vt 0.94060034 0.44740811
vt 0.61759079 0.5606333
vt 0.671875 0.203125
vt 0.99626094 0.50180167
vt 0.24637583 1
vt 1.3419377 0.44980025
vt 1.3419377 0.5004189
vt 0.73518157 0.50183767
vt 0.14661589 0.41364425
vt 0.50093246 0.44980022
vt 0.671875 0.203125
vt 0.45874679 0.40624219
vt 0 0.55555552
vt 2.9802322e-08 0.203125
vt -0.12527227 0.50041884
vt 0 0
vt 0.75331116 1
vt 0.91156769 0.32545155
vt 0.029637039 0.1784631
vt 0.4375 0.203125
vt 0.32316753 0.41587743
vt -0.3062959 0.5364421
vt 0.45874679 0.40624219
vt 0.26393265 0.92766833
vt 0 0.203125
vt 1.0601245 0.41587746
vt 0.90417653 0.5004189
vt 0.54125321 0.55111891
vt 0.26393265 0.5034402
vt 0.21875 0
vt 0.94060034 0.41028726
vt 0.44040793 0.40706211
vt 0.99695623 0.91273218
vt 0.21875 0.203125
vt 0.21419853 0.203125
vt 1 0.20452356
vt 0.86452794 0.44965625
vt 0.49595416 0.53747004
vt 0.49826199 0
vt 0.49595416 0.53747004
vt -0.11286631 0.5364421
vt 0.21419853 0.203125
vt 0.86452794 0.41587746
vt 0.98758566 0.44980025
vt 0.26651913 0.50457662
vt 0.99999154 0.53698963
vt 0.72526586 0.45278448
vt 0.7764321 0.55111891
vt 0.26393276 0.40175048
vt 0.097543091 0.44980022
vt 1.0000001 -2.9802322e-08
vt -8.9406967e-08 0.99999994
vt 0.72526586 0.45278448
vt 0 1
vt 5.9604645e-08 0.50457662
vt 0.6667785 0.077495456
vt 1.0601245 0.44965625
vt 5.9604645e-08 0.55111891
vt 0.99626094 0.41587746
vt 1.0601245 0.50180167
vt 0 1
vt 0.32316753 0.41587743
vt -0.3062959 0.5364421
vt 5.9604645e-08 0.50457662
vt 0.75 0
vt 0.44058365 0.12896866
vt 0.40780252 0.11320239
vt 0.23517889 0.45278448
vt 1 0.203125
vt -0.11286631 0.4481861
vt 0.62734348 0.82108563
vt 1.0298796 0.44980025
vt 0.61759067 0.56063312
vt 0.99999988 1.0000001
vt 0.296875 0.203125
vt 1.0304229 0.5004189
vt -0.0003426075 0.8920185
vt 0.43528634 0.11320144
vt 1.1739689 0.44980025
vt 1 0.40625
vt 0.44058365 0.15644431
vt 0.18216005 0.44980022
vt 1.0721117 0.5004189
vt 0.58455563 0.40175048
vt 0.29943013 0.5004189
vt 0.24637589 1
vt 1.1738343 0.44980025
vt 0.26393265 -0.05322291
vt 0.2923938 0.53747004
vt 0.70243347 0.5004189
vt 0.87807196 0.18425062
vt 1 0.45278448
vt 0.40397611 0.12896389
vt -0.14842905 0.53698963
vt -0.17212766 0.44980022
vt 0.73518145 0.50183749
vt 1.1270826 0.44980025
vt 0.74350226 0.1014771
vt 0.29943079 0.44980022
vt 1.1739689 0.5004189
vt -0.11286631 0.4481861
vt 0.62734348 0.82108563
vt 1 0
vt -0.14842905 0.50182837
vt -0.12536293 0.44980022
vt 0.50000012 0.59003079
vt 1.0879757 0.41028726
vt 0 0.40451854
vt 2.0861626e-07 -1.6763806e-07
vt 0 0
vt 0.59759146 0.5004189
vt 0.46713853 0.44818616
vt 0.40397611 0.12896389
vt 0.38377619 0.44773307
vt 0.50173783 1
vt 0.99999154 0.50182837
vt 0.74350238 0.40706211
vt -0.064693928 0.44965619
vt 0.7764321 0.50457662
vt 0.85277224 0.41364425
vt -0.064693928 0.44965619
vt -0.0003426075 0.81162339
vt -7.4505806e-08 -7.4505806e-08
vt 0.25895521 0
vt 0.671875 0.40625
vt -1.1920929e-07 -1.3411045e-07
vt 0.26393265 0.605129
vt 0.7764321 0.50457662
vt 0.8703686 0.5004189
vt 0.2435853 0.50182837
vt 0.74350238 0.18572773
vt 0.66886675 0.44980022
vt 0.70243406 0.44980022
vt -0.0042038113 0.50041884
vt -0.12527227 0.50041884
vt -0.028559923 0.50041884
vt -0.51626837 0.5364421
vt 0.74073184 0.0039062798
vt 0.73518145 0.50183767
vt 0.12507126 0.50180167
vt 0.74073184 0.0039062798
vt 1 0.55555552
vt 1.2855051 0.44740814
vt 0.67908669 0.41587746
vt 0.40290177 0.028921127
vt 0.029637039 0.17846295
vt 0.40412828 0.44980022
vt 0.26562184 0.44980022
vt 0.38377619 0.44773307
vt 0.21419853 0
vt 0.74073178 0.0039062798
vt -0.085013226 0.53698963
vt 0.6666193 0.41180012
vt 0.26481828 0.50183767
vt 0.35014802 0.5004189
vt 0.32316756 0.44965622
vt 1 1
vt -0.51626837 0.41180003
vt 0.515625 0.203125
vt 0.296875 0.40625
vt 0 0.203125
vt 1.029933 0.44980025
vt 0.40412828 0.44980022
vt 0.75 0.203125
vt 0.75 0
vt 0.74350238 0.50340664
vt 1 0.40624219
vt 0.19685084 0.70013511
vt 0.75331122 1
vt 0.75 0.203125
vt 0.75 0
vt 0.99634731 -0.12599152
vt 1 -7.4505806e-08
vt 0.40421939 0.5004189
vt 0.99695575 0.50584662
vt 1.1269412 0.44980025
vt 0.59759194 0.44980022
vt 0.515625 0
vt 1.2855051 0.44740814
vt 0.50087911 0.5004189
vt 0.7435469 1.12473
vt 0.515625 0
vt -0.0003426075 0.5084818
vt -0.3062959 0.4481861
vt 0.90415424 0.5004189
vt -0.3062959 0.4481861
vt -0.064693928 0.4158774
vt -0.064693928 0.4158774
vt 0.87807256 0.82744312
vt 0.088432312 0.32545155
vt 0.38240921 0.5606333
vt -0.085013226 0.41238776
vt 1.197633 0.5004189
vt 0.40289709 0.065516174
vt 0.40289709 0.065516174
vt 0.29937726 0.44980022
vt 0.50173777 1
vt 0.031329907 0.4481861
vt 0.031329907 0.4481861
vt 0.28859603 1.0597219
vt 0.28859603 1.0597219
vt 0.81989765 0.5004189
vt 0 0
vt 0.94060034 0.53747004
vt 0.60507929 0.53698963
vt 0.99695551 -0.027693748
vt 0.24637583 1
vt 1.2950513 0.5004189
vt 0.74350226 0.70425111
vt 0.64050096 0.12270868
vt 1 0.50457662
vt 0.74350202 0.30256236
vt 0.38724923 0.83874315
vt 0.28859603 -0.052968636
vt 0.99695563 0.60337919
vt 0.50087911 0.44980022
vt 0.75331116 1
vt 0.29937726 0.5004189
vt 0.46713853 0.53644216
vt 1.0601245 0.41587746
vt 0.6666193 0.44818616
vt -0.00034284592 0.41618007
vt 2.9802322e-08 0.203125
vt 0 0.203125
vt -0.45073235 0.41180003
vt 1 0.203125
vt 0 0
vt 0.46736509 0.5004189
vt -0.17224926 0.44980022
vt 0.67908669 0.53504556
vt 1 0.203125
vt -0.17227119 0.50041884
vt 0.72526586 0.45278448
vt 0.36106974 0.10646677
vt 0.90417719 0.44980025
vt 0.36106974 0.10646677
vt 0.18206924 0.5004189
vt 0.23517889 0.40624219
vt 0.097686768 0.5004189
vt 0.2638841 -0.15544493
vt 1.1976331 0.44980025
vt -0.00037944317 -0.072636597
vt 0.61808854 0.56063294
vt 1.2855051 0.50042623
vt 0.23517889 0.45278448
vt 1.0879757 0.50042635
vt 1.0879757 0.50042635
vt 0.50078785 0.44980022
vt 0.54161173 0.44965622
vt -1.3411045e-07 0.99999982
vt 0.23517889 0.45278448
vt 0.81962818 0.44980025
vt 0.72081113 -0.023634687
vt 0.18221366 0.44980022
vt 1 0.203125
vt 0 1
vt 0.46713853 0.53644216
vt 5.9604645e-08 0.50457662
vt 1.1270607 0.44980025
vt 0.75 0
vt 0.6666193 0.44818616
vt 2.9802322e-08 0.40625
vt 1.0304008 0.5004189
vt -0.12521994 0.50041884
vt 1.0298796 0.44980025
vt 0.61759067 0.56063312
vt 0.65973353 0.10276884
vt 1.1739689 0.44980025
vt 0.37523174 0.5084818
vt 2.9802322e-08 0.45278448
vt 0.40421939 0.44980022
vt 1.0601245 0.53504562
vt 0.75 0.203125
vt 0.18216005 0.44980022
vt 0.72526586 0.40624219
vt 0.49826211 0
vt 1.0721117 0.5004189
vt 0.68883169 0.60337919
vt 0.26393265 -0.05322291
vt 0.702411 0.5004189
vt -0.00034284592 0.31679958
vt 0.12507126 0.44965622
vt 0.70228964 0.44980022
vt 0.055311039 0.50182837
vt 0.46713853 0.50013566
vt 0.70228964 0.44980022
vt 0.54161173 0.44965622
vt 0.40427282 0.44980022
vt 0.91156757 0.3254514
vt 0.70832837 0.41028723
vt 0.81965113 0.44980025
vt 0.74350238 0.59975117
vt 0.28604126 0.60041702
vt 0.097543091 0.5004189
vt -8.9406967e-08 1.4901161e-08
vt -0.45073235 0.5001356
vt 0.59744745 0.5004189
vt 0.99999154 0.41238776
vt 0.26393265 0.71542692
vt 0.9041543 0.44980025
vt 0.055311039 0.44773307
vt 0.26393265 0.83874393
vt 0 0
vt 0.38240921 0.56063312
vt 0.73518157 0.50183749
vt 1.9324943e-07 1.6763806e-07
vt -0.17215842 0.50041884
vt 0.7435025 -0.023868755
vt 0.5338757 0.30256236
vt -7.4505806e-08 7.4505806e-08
vt 0.25895521 0
vt 1.432532 0.44740814
vt 0.53387576 0.70425111
vt 0.26393253 0.29145283
vt -0.00037944317 1.0895715
vt 0.70832837 0.41028723
vt 0.088432372 0.3254514
vt 0.59744745 0.44980022
vt 0.59744745 0.44980022
vt 0.48590231 0.29145283
vt -0.45073235 0.5001356
vt -0.064693928 0.50180167
vt 0.702411 0.5004189
vt 0.031329907 0.5001356
vt 1 0
vt 0.70228964 0.44980022
vt 0.92538249 0.098960996
vt 0.74350238 0.18572773
vt 0.70243406 0.44980022
vt 1 0.55111891
vt 1.499269 0.44740811
vt 0.671875 0.40625
vt 0.26651913 0.55111891
vt 0.54125321 0.50457662
vt 0.90415406 0.5004189
vt 0.99695563 0.18425062
vt 1.0000002 0.99999994
vt 0.5338757 0.30256236
vt 0.18206921 0.44980022
vt 0.35014802 0.44980022
vt 1.432532 0.44740814
vt 0.80696833 0.50182837
vt 1.499269 0.53746992
vt 0.21419853 0
vt 1.1270609 0.5004189
vt 0.37915671 0.08815378
vt 0.80696833 0.41238776
vt 0.66672039 0.12938303
vt 1 0.40624219
vt 0 0.20452356
vt -0.028703213 0.44980022
vt 1.3419377 0.44980025
vt 0.031329907 0.5001356
vt 0.26562184 0.5004189
vt 0.74073178 0.0039062798
vt 1.1270831 0.5004189
vt 1.4901161e-08 -7.4505806e-08
vt 0 0.203125
vt 0.4375 0.40625
vt 0.515625 0.203125
vt 0 0.203125
vt 0.4375 0.40625
vt 0.33792251 0.079084158
vt 0.99695575 0.50584662
vt 2.9802322e-08 0.40624219
vt 0.75331122 1
vt 0.26562184 0.44980022
vt 0.45874679 0.45278448
vt 0.25895524 0
vt 0.25911927 0.41180006
vt 0.6935153 0.40831453
vt 0.99695599 0.30252582
vt 0.14722764 0.41364425
vt 0.45874679 0.45278448
vt 0.43528634 0.076600611
vt 0.14010064 0.50041884
vt 0.49595416 0.50042635
vt 0.86452794 0.53504556
vt -0.12524128 0.44980022
vt 0.2435853 0.41238776
vt 0.59792376 0.5004189
vt 0.2435853 0.41238776
vt 0.37915671 0.08815378
vt 1 0
vt 0.9703629 0.1784631
vt 0.38377619 0.53698963
vt 0.38377619 0.53698963
vt 0.7435469 -0.1179169
vt 0.671875 0.203125
vt 0.70243347 0.5004189
vt 0.40427226 0.5004189
vt 0 0
vt 0.70832837 0.53747004
vt 0.671875 0.203125
vt 0.99695623 0.82744312
vt 0.45874679 0.40624219
vt 0.57220715 0.5004189
vt 0.5 0.59003079
vt 0.70832837 0.50042635
vt 2.9802322e-08 0.203125
vt 0.70832837 0.50042635
vt 0 0
vt 0.75331116 1
vt -0.028068721 0.44980022
vt -0.12529439 0.44980022
vt 0.00023940206 0.060871601
vt 0.4375 0.203125
vt 1.1270609 0.5004189
vt 0.45874679 0.40624219
vt 2.9802322e-08 0.203125
vt 0.54125321 0.55111891
vt 0.21875 0
vt 1.1739689 0.5004189
vt 0.4375 0.203125
vt 1 0.50457662
vt 0.21875 0.203125
vt 0.21419853 0.203125
vt 0.19685084 0.31679958
vt -0.12527227 0.50041884
vt 0.49826199 0
vt 0.25911927 0.50013566
vt 0.43528634 0.076600611
vt 0.44040805 0.59975117
vt -1.1920929e-07 7.0780516e-08
vt 0.21419853 0.203125
vt 0.49595416 0.50042635
vt 0.85277224 0.41364411
vt 0.26651913 0.50457662
vt 0.18206924 0.5004189
vt 0.49826199 0
vt 0.9703629 0.1784631
vt 0.7764321 0.55111891
vt 0.50087911 0.5004189
vt 0.99695623 0.91273218
vt 0.72526586 0.45278448
vt 0.7764321 0.55111891
vt 0.70832837 0.53747004
vt 0.23517889 0.40624219
vt 5.9604645e-08 0.55111891
vt -0.14842905 0.44773307
vt -0.028612494 0.50041884
vt -0.11286631 0.5001356
vt -0.11286631 0.5001356
vt 0.26393276 0.40175048
vt 1.499269 0.50042623
vt 0.23517889 0.45278448
vt 0.99695611 1.0393867
vt -0.0282197 0.50041884
vt 1 0.203125
vt 0.99999154 0.44773307
vt 0.60507929 0.44773307
vt 0.702411 0.44980022
vt 1 0.203125
vt -0.028559923 0.50041884
vt 0.296875 0.203125
vt 0.4303773 0.065070212
vt 0.4303773 0.065070212
vt 2.9802322e-08 0.40625
vt 1 0.40625
vt 0.063065231 0.89201838
vt 0.042682454 0.50041884
vt 0.063065231 0.89201838
vt 0.042682454 0.50041884
vt 0.40421939 0.5004189
vt 0.26393241 1.0599761
vt 0.24637589 1
vt -0.17218041 0.44980022
vt 0.6666193 0.53644216
vt -0.14842905 0.41238776
vt 0.60507929 0.50182837
vt 0.088432461 0.32545155
vt 2.9802322e-08 0.45278448
vt 0.40412828 0.5004189
vt 0.26481843 0.50183767
vt 1 0.45278448
vt 0.64029944 0.084128678
vt -0.00034284592 0.0053359321
vt 0.64029944 0.084128678
vt 0.90415406 0.44980025
vt 0.40427282 0.44980022
vt 1 0.45278448
vt -0.51626837 0.4481861
vt 1 -5.9604645e-08
vt 1 0.40951636
vt 0.74350238 0.59975117
vt 1.1738343 0.44980025
vt 0.33792275 0.92766857
vt 0.94060034 0.50042635
vt 0.99695575 0.098960996
vt 1 0
vt 0.54161173 0.50180167
vt 0.60507929 0.44773307
vt 1.1270826 0.44980025
vt 1 0
vt 0.74350226 0.1014771
vt 0 0
vt -7.4505806e-08 -7.4505806e-08
vt 0.70228964 0.5004189
vt 0.10766029 0.2053113
vt 0.26481843 0.50183767
vt 0.50173783 1
vt 1.029917 0.5004189
vt 0.38377619 0.50182837
vt -0.0003426075 0.70013523
vt 0.72081113 1.0304481
vt 0.59792376 0.5004189
vt -0.00037944317 1.0895715
vt 1.2855051 0.41028723
vt 0.32316753 0.50180167
vt 0.50173783 1
vt 0.65954733 0.10330385
vt 0.088432372 0.3254514
vt 0.659217 0.10291141
vt 0.98758566 0.5004189
vt 0.25895521 0
vt 0.70832837 0.44740814
vt 0.61808854 0.56063294
vt 0.49595416 0.41028726
vt 0.7764321 0.50457662
vt 0.58455575 0.60512865
vt 0.54161173 0.41587746
vt 0.031329896 0.5364421
vt 0.74350238 0.40706211
vt 0.74073184 0.0039062798
vt 1 0.40951636
vt 0.92538261 0.91273218
vt 0.5009318 0.5004189
vt -0.0003426075 0.81162339
vt 0.99976069 0.06087175
vt 0.80696833 0.53698963
vt 0.90415406 0.5004189
vt 0.81965053 0.5004189
vt 0.54125321 0.50457662
vt 0.80696833 0.44773307
vt 0.66886675 0.44980022
vt -0.0003426075 0.2053113
vt 0.50078785 0.5004189
vt -0.51626837 0.5364421
vt 0.12507126 0.53504556
vt -0.00034284592 1.0115989
vt 0.72081113 1.0304481
vt 1.2855051 0.41028723
vt 1 -7.4505806e-08
vt 0.40397611 0.15644813
vt 0.26393265 0.16772509
vt 1 0.55555552
vt 0.2435853 0.44773307
vt 0.94060034 0.44740811
vt 0.65954733 0.10330385
vt 1 1
vt 1.432532 0.53746992
vt 0.515625 0.203125
vt 0.99626094 0.50180167
vt 0.99626094 0.50180167
vt 0.296875 0.40625
vt 0.70832837 0.44740814
vt 0.702411 0.5004189
vt 0.515625 0.203125
vt 1 0.40624219
vt 0.81962818 0.5004189
vt 0.296875 0.40625
vt 1 0.0037370846
vt -0.028091073 0.44980022
vt 0.75 0.203125
vt 0.75 0
vt 0.61431968 0.12989789
vt -0.028612494 0.50041884
vt 1 0.40624219
vt 0.088432372 0.3254514
vt 0.92538261 0.91273218
vt 1 0.40951636
vt 0.515625 0
vt 0.81989765 0.44980025
vt -0.3062959 0.5001356
vt 0.44040793 0.40706211
vt 1.029933 0.44980025
vt 0.00023931265 0.06087175
vt 0.063065231 0.12491626
vt 0.515625 0
vt 0.097634017 0.44980022
vt 0.86452794 0.44965625
vt 0.76552641 0.5004189
vt 0.40781161 0.076596797
vt 0.097634017 0.5004189
vt 2.9802322e-08 0.40624219
vt 0.097687304 0.44980022
vt 0.99999988 1
vt 0.86452794 0.41587746
vt 0.99999154 0.53698963
vt 0.99999154 0.53698963
vt 1 0.55555552
vt 0.2435853 0.44773307
vt 0.25895524 0
vt 0.50173777 1
vt 0.34694028 0.50340712
vn 1 0 0
vn 1 0 0
vn 1 0 0
vn 1 0 0
vn 0 0 1
vn 0 0 1
vn 0 0 1
vn 0 0 1
vn 1 0 0
vn 1 0 0
vn 1 0 0
vn 1 0 0
vn 0 1 0
vn 0 1 0
vn 0 1 0
vn 0 1 0
vn 0 1 0
vn 0 1 0
vn 0 1 0
vn 0 1 0
vn 0 1 0
vn 0 1 0
vn 0 1 0
vn 0 1 0
vn -1 0 0
vn -1 0 0
vn -1 0 0
vn -1 0 0
vn 0 0 -1
vn 0 0 -1
vn 0 0 -1
vn 0 0 -1
vn 0 0 1
vn 0 0 1
vn 0 0 1
vn 0 0 1
vn 0 0 -1
vn 0 0 -1
vn 0 0 -1
vn 0 0 -1
vn 0 1 0
vn 0 1 0
vn 0 1 0
vn 0 1 0
vn 0 1 0
vn 0 1 0
vn 0 1 0
vn 0 1 0
vn 0 -1 0
vn 0 -1 0
vn 0 -1 0
vn 0 -1 0
vn 0 0 1
vn 0 0 1
vn 0 0 1
vn 0 0 1
vn 1 0 0
vn 1 0 0
vn 1 0 0
vn 1 0 0
vn 0 -1 0
vn 0 -1 0
vn 0 -1 0
vn 0 -1 0
vn -1 0 0
vn -1 0 0
vn -1 0 0
vn -1 0 0
vn 0 -0.93776232 0.34727776
vn 0 -0.99999994 -0.00049561181
vn 0 -0.99999994 -0.00049587584
vn -1.240867e-07 -0.93776232 0.34727776
vn 0.298017 -0.95456058 -1.3622756e-07
vn 0.49164531 -0.87079561 -6.1551468e-08
vn 0.52573192 -0.85065025 2.1092086e-07
vn 0.34694615 -0.93788505 3.9328486e-07
vn 0.49164531 -0.87079561 -6.1551468e-08
vn 0.68317032 -0.73025912 1.17486e-07
vn 0.72645378 -0.68721533 2.5003834e-07
vn 0.52573192 -0.85065025 2.1092086e-07
vn 0.68317032 -0.73025912 1.17486e-07
vn 0.8715865 -0.49024159 0.00037882195
vn 0.88468325 -0.46619204 0.00077698223
vn 0.72645378 -0.68721533 2.5003834e-07
vn 0.8715865 -0.49024159 0.00037882195
vn 0.94819331 -0.31768993 0.0016717232
vn 0.95222056 -0.30541113 8.2486831e-06
vn 0.88468325 -0.46619204 0.00077698223
vn 0.94819331 -0.31768993 0.0016717232
vn 0.9912222 -0.13207273 -0.0059338277
vn 0.95222056 -0.30541113 8.2486831e-06
vn -6.7152634e-08 -1 3.1044602e-09
vn -0.29801676 -0.9545607 1.5511037e-07
vn -0.34694612 -0.93788499 8.2067018e-08
vn 8.8004953e-07 -1 1.5522379e-09
vn -3.4912176e-07 -0.87079537 0.49164572
vn -1.2137137e-07 -0.85064995 0.52573246
vn 0 -0.68721545 0.7264536
vn 0 -0.730259 0.6831705
vn 0 -0.730259 0.6831705
vn 0 -0.68721545 0.7264536
vn 1.4171113e-07 -0.46657234 0.88448298
vn 0 -0.49030128 0.87155306
vn 0 -0.49030128 0.87155306
vn 1.4171113e-07 -0.46657234 0.88448298
vn 2.3211641e-07 -0.30784297 0.95143723
vn 0 -0.3199352 0.94743937
vn 0 -0.3199352 0.94743937
vn 2.3211641e-07 -0.30784297 0.95143723
vn 1.6841392e-07 -0.12968743 0.99155492
vn 0.34694695 -0.93788481 1.6760048e-07
vn 0.52467257 -0.85130417 1.6725693e-07
vn 0.52467275 -0.85130411 1.1711905e-07
vn 0.34694645 -0.93788499 1.8484522e-08
vn 6.9426125e-07 -1 -9.1168368e-07
vn -0.34694612 -0.93788505 -1.6151581e-06
vn -0.34694612 -0.93788511 1.5261893e-08
vn 2.4445823e-08 -1 2.5324016e-07
vn 1.3055222e-07 -0.95456034 -0.29801744
vn 1.2364839e-07 -0.93788481 -0.3469466
vn 1.2340873e-07 -0.85065001 -0.52573228
vn 3.569821e-07 -0.87115574 -0.49100676
vn 3.569821e-07 -0.87115574 -0.49100676
vn 1.2340873e-07 -0.85065001 -0.52573228
vn 0 -0.68721575 -0.72645336
vn 0 -0.7291379 -0.68436676
vn 0 -0.7291379 -0.68436676
vn 0 -0.68721575 -0.72645336
vn -0.00075818005 -0.46621075 -0.8846733
vn -0.00035529787 -0.48959684 -0.8719489
vn -0.00035529787 -0.48959684 -0.8719489
vn -0.00075818005 -0.46621075 -0.8846733
vn -0.0017889134 -0.30790308 -0.95141602
vn -0.0016560047 -0.32052946 -0.94723713
vn -0.0016560047 -0.32052946 -0.94723713
vn -0.0017889134 -0.30790308 -0.95141602
vn -0.00082737155 -0.13032492 -0.99147093
vn 4.7966179e-08 -1 1.5551809e-09
vn 0.298017 -0.95456058 -1.3622756e-07
vn 0.34694615 -0.93788505 3.9328486e-07
vn 2.4445823e-08 -1 2.5324016e-07
vn -0.49164513 -0.87079561 -1.2454519e-08
vn -0.68316996 -0.73025936 -5.5287666e-07
vn -0.72645324 -0.68721581 -7.2324707e-07
vn -0.5257318 -0.85065037 -3.0704558e-07
vn -0.68316996 -0.73025936 -5.5287666e-07
vn -0.87158793 -0.4902389 -0.00038486105
vn -0.88468564 -0.46618748 -0.00078052992
vn -0.72645324 -0.68721581 -7.2324707e-07
vn -0.87158793 -0.4902389 -0.00038486105
vn -0.94724572 -0.32050365 -0.0017094398
vn -0.95142126 -0.30788693 -0.0017909142
vn -0.88468564 -0.46618748 -0.00078052992
vn -0.94724572 -0.32050365 -0.0017094398
vn -0.99147034 -0.13032933 -0.00081827061
vn -0.95142126 -0.30788693 -0.0017909142
vn -0.29801676 -0.9545607 1.5511037e-07
vn -0.49164513 -0.87079561 -1.2454519e-08
vn -0.5257318 -0.85065037 -3.0704558e-07
vn -0.34694612 -0.93788499 8.2067018e-08
vn -0.8848418 -0.46589145 -4.9090943e-07
vn -0.95161682 -0.30728737 2.6475152e-06
vn -0.95142007 -0.30789047 0.001789554
vn -0.88468307 -0.46619225 0.00077616627
vn -0.5257321 -0.85065013 -1.445253e-06
vn -0.72645384 -0.68721521 -1.2033624e-06
vn -0.72645348 -0.68721569 -1.7068191e-07
vn -0.52573198 -0.85065025 -1.2358346e-07
vn -0.95161682 -0.30728737 2.6475152e-06
vn -0.99254745 -0.12185824 3.1036996e-06
vn -0.99147052 -0.13032885 0.00081995421
vn -0.95142007 -0.30789047 0.001789554
vn -0.72645384 -0.68721521 -1.2033624e-06
vn -0.8848418 -0.46589145 -4.9090943e-07
vn -0.88468307 -0.46619225 0.00077616627
vn -0.72645348 -0.68721569 -1.7068191e-07
vn -1.2839693e-07 -0.9545604 0.29801735
vn -1.2160707e-07 -0.93788499 0.34694636
vn -1.2137137e-07 -0.85064995 0.52573246
vn -3.4912176e-07 -0.87079537 0.49164572
vn -0.0017326331 -0.3073017 0.95161057
vn -0.0010391561 -0.46591589 0.88482839
vn -0.00075833185 -0.46621105 0.88467318
vn -0.0017887894 -0.30790251 0.95141619
vn 0 -0.68721551 0.7264536
vn 0 -0.85020334 0.52645457
vn 5.1063136e-08 -0.85020328 0.52645469
vn 1.7672497e-07 -0.68721551 0.7264536
vn 1.7405426e-06 -1 0
vn 0.34694695 -0.93788481 1.6760048e-07
vn 0.34694645 -0.93788499 1.8484522e-08
vn 8.8004953e-07 -1 1.5522379e-09
vn -0.00070244836 -0.12184671 0.9925487
vn -0.0017326331 -0.3073017 0.95161057
vn -0.0017887894 -0.30790251 0.95141619
vn -0.00082760392 -0.13032448 0.99147099
vn -0.0010391561 -0.46591589 0.88482839
vn 0 -0.68721551 0.7264536
vn 1.7672497e-07 -0.68721551 0.7264536
vn -0.00075833185 -0.46621105 0.88467318
vn 0 -0.85020334 0.52645457
vn 0 -0.93776232 0.34727776
vn -1.240867e-07 -0.93776232 0.34727776
vn 5.1063136e-08 -0.85020328 0.52645469
vn 0.95161605 -0.30728492 -0.0017070144
vn 0.99254715 -0.12185925 -0.00067694543
vn 0.9914704 -0.13032949 -0.00081820338
vn 0.95142084 -0.30788803 -0.0017896469
vn 0.72725421 -0.68636811 0
vn 0.8859632 -0.46375445 -0.001038832
vn 0.88580644 -0.46405432 -0.0007799734
vn 0.72725391 -0.68636847 6.461773e-08
vn -0.34694612 -0.93788505 -1.6151581e-06
vn -0.5257321 -0.85065013 -1.445253e-06
vn -0.52573198 -0.85065025 -1.2358346e-07
vn -0.34694612 -0.93788511 1.5261893e-08
vn 0.8859632 -0.46375445 -0.001038832
vn 0.95161605 -0.30728492 -0.0017070144
vn 0.95142084 -0.30788803 -0.0017896469
vn 0.88580644 -0.46405432 -0.0007799734
vn 0.52467257 -0.85130417 1.6725693e-07
vn 0.72725421 -0.68636811 0
vn 0.72725391 -0.68636847 6.461773e-08
vn 0.52467275 -0.85130411 1.1711905e-07
vn 0 -1 -0.00018692795
vn 0 -0.99999994 -0.00049587584
vn 1.2364839e-07 -0.93788481 -0.3469466
vn 1.3055222e-07 -0.95456034 -0.29801744
vn 1.8179668e-07 -0.12121691 -0.99262601
vn 4.6351977e-07 -0.30784249 -0.95143729
vn 2.3211645e-07 -0.30784297 -0.95143723
vn 1.6841393e-07 -0.12968716 -0.99155498
vn 2.8342234e-07 -0.46657243 -0.88448292
vn 0 -0.68721563 -0.72645354
vn 1.721463e-07 -0.68721545 -0.7264536
vn 1.4171114e-07 -0.46657205 -0.88448322
vn 0 -0.85065007 -0.52573222
vn 0 -0.93788499 -0.34694642
vn 0 -0.93788499 -0.34694648
vn 1.7036369e-07 -0.85065007 -0.52573222
vn 0 -0.99999267 0.0038290326
vn 0 -1 -1.6623159e-07
vn -1.2160707e-07 -0.93788499 0.34694636
vn -1.2839693e-07 -0.9545604 0.29801735
vn 4.6351977e-07 -0.30784249 -0.95143729
vn 2.8342234e-07 -0.46657243 -0.88448292
vn 1.4171114e-07 -0.46657205 -0.88448322
vn 2.3211645e-07 -0.30784297 -0.95143723
vn 0 -0.68721563 -0.72645354
vn 0 -0.85065007 -0.52573222
vn 1.7036369e-07 -0.85065007 -0.52573222
vn 1.721463e-07 -0.68721545 -0.7264536
vn 0 -0.93788499 -0.34694642
vn 0 -1 -5.2802972e-07
vn 0 -1 -1.6623159e-07
vn 0 -0.93788499 -0.34694648
vn -0.70695299 -0.0002130177 -0.70726037
vn -0.71696538 0.0010077301 -0.69710803
vn -0.7169379 0.0010084066 -0.69713634
vn -0.70695233 -0.0002138821 -0.70726109
vn 0.69957012 -0.028051345 -0.71401316
vn 0.70369816 -0.011911646 -0.71039915
vn 0.70369941 -0.0119065 -0.7103979
vn 0.69957012 -0.028051345 -0.71401316
vn 0.70816016 -0.0055085625 0.70603043
vn 0.70714718 0.0009540185 0.70706582
vn 0.70714688 0.00095158216 0.70706606
vn 0.70816451 -0.0055184797 0.70602584
vn 0.71064311 -0.014039105 -0.70341265
vn 0.71402103 -0.028077094 -0.69956106
vn 0.71402103 -0.028077094 -0.69956106
vn 0.71064198 -0.014034749 -0.70341384
vn -0.69956219 -0.028080117 0.71401978
vn -0.70341289 -0.014041628 0.71064276
vn -0.70341414 -0.014036968 0.71064168
vn -0.69956219 -0.028080117 0.71401978
vn 0.70710617 1.9657259e-06 -0.70710742
vn 0.71064311 -0.014039105 -0.70341265
vn 0.71064198 -0.014034749 -0.70341384
vn 0.70710611 1.9657523e-06 -0.70710748
vn -0.70607942 -0.00098962092 -0.70813191
vn -0.70695299 -0.0002130177 -0.70726037
vn -0.70695233 -0.0002138821 -0.70726109
vn -0.70607936 -0.00098975399 -0.70813197
vn -0.7095226 -0.0090915961 0.70462406
vn -0.71084166 -0.015989611 0.70317024
vn -0.71084064 -0.015986079 0.70317137
vn -0.70952618 -0.0091009783 0.70462024
vn -0.70341289 -0.014041628 0.71064276
vn -0.70710552 0 0.70710802
vn -0.70710564 0 0.70710802
vn -0.70341414 -0.014036968 0.71064168
vn 0.70714718 0.0009540185 0.70706582
vn 0.7069959 0.0023087815 0.70721388
vn 0.70699519 0.0023061482 0.70721453
vn 0.70714688 0.00095158216 0.70706606
vn 0.70369816 -0.011911646 -0.71039915
vn 0.70442241 0.013493745 -0.70965266
vn 0.70443386 0.013461141 -0.70964199
vn 0.70369941 -0.0119065 -0.7103979
vn 0.70710659 1.7122478e-06 -0.70710689
vn 0.70710617 1.9657259e-06 -0.70710742
vn 0.70710611 1.9657523e-06 -0.70710748
vn 0.70710677 1.712253e-06 -0.70710689
vn -0.70839888 0.0013069364 -0.70581108
vn -0.70607942 -0.00098962092 -0.70813191
vn -0.70607936 -0.00098975399 -0.70813197
vn -0.70840186 0.001309423 -0.70580822
vn -0.71403164 -0.012698333 0.69999826
vn -0.7095226 -0.0090915961 0.70462406
vn -0.70952618 -0.0091009783 0.70462024
vn -0.71404266 -0.012692897 0.69998705
vn -0.70710552 0 0.70710802
vn -0.7071057 -7.5612502e-07 0.70710784
vn -0.7071057 -7.5610774e-07 0.7071079
vn -0.70710564 0 0.70710802
vn 0.7069959 0.0023087815 0.70721388
vn 0.70515573 0.0016377168 0.7090506
vn 0.70515376 0.0016397029 0.70905256
vn 0.70699519 0.0023061482 0.70721453
vn 0.70442241 0.013493745 -0.70965266
vn 0.71584988 0.0072663943 -0.69821632
vn 0.71580297 0.0073165819 -0.69826394
vn 0.70443386 0.013461141 -0.70964199
vn 0.70710665 1.0231829e-06 -0.70710695
vn 0.70710659 1.7122478e-06 -0.70710689
vn 0.70710677 1.712253e-06 -0.70710689
vn 0.70710665 1.0228675e-06 -0.70710701
vn -0.71231818 0.0012954311 -0.70185554
vn -0.70839888 0.0013069364 -0.70581108
vn -0.70840186 0.001309423 -0.70580822
vn -0.71193689 0.0016134932 -0.70224166
vn -0.71414864 -0.0068324651 0.69996065
vn -0.71403164 -0.012698333 0.69999826
vn -0.71404266 -0.012692897 0.69998705
vn -0.71416181 -0.0068563106 0.699947
vn -0.7071057 -7.5612502e-07 0.70710784
vn -0.70710707 -7.5612581e-07 0.70710653
vn -0.70710701 -7.5563923e-07 0.70710653
vn -0.7071057 -7.5610774e-07 0.7071079
vn 0.71584988 0.0072663943 -0.69821632
vn 0.72095078 -0.0029360743 -0.69298005
vn 0.72087502 -0.0028929655 -0.69305891
vn 0.71580297 0.0073165819 -0.69826394
vn 0.70515573 0.0016377168 0.7090506
vn 0.70185322 0.0012960829 0.71232051
vn 0.70223933 0.001614296 0.71193916
vn 0.70515376 0.0016397029 0.70905256
vn 0.64424652 -0.41218051 0.64424652
vn 0.69736147 -0.16545248 0.69736093
vn 0.69736147 -0.1654525 0.69736099
vn 0.64424652 -0.41218051 0.64424652
vn 0.56896377 -0.5937686 0.56896323
vn 0.64424652 -0.41218051 0.64424652
vn 0.64424652 -0.41218051 0.64424652
vn 0.56896389 -0.59376854 0.56896335
vn 0.42859265 -0.79537183 0.42859295
vn 0.56896377 -0.5937686 0.56896323
vn 0.56896389 -0.59376854 0.56896335
vn 0.42859271 -0.79537177 0.42859301
vn 0.28375286 -0.91595209 0.28375372
vn 0.42859265 -0.79537183 0.42859295
vn 0.42859271 -0.79537177 0.42859301
vn 0.2837528 -0.91595209 0.28375369
vn 0.18050773 -0.96684915 0.18060909
vn 0.28375286 -0.91595209 0.28375372
vn 0.2837528 -0.91595209 0.28375369
vn 0.18050773 -0.96684909 0.18060909
vn -0.69736105 -0.16545235 0.69736159
vn -0.64424616 -0.41218036 0.64424706
vn -0.64424622 -0.41218007 0.64424711
vn -0.69736099 -0.16545239 0.69736153
vn -0.64424616 -0.41218036 0.64424706
vn -0.56896353 -0.59376866 0.56896341
vn -0.56896359 -0.5937686 0.56896341
vn -0.64424622 -0.41218007 0.64424711
vn -0.56896353 -0.59376866 0.56896341
vn -0.42859012 -0.79537606 0.4285877
vn -0.42859712 -0.79536861 0.42859465
vn -0.56896359 -0.5937686 0.56896341
vn -0.42859012 -0.79537606 0.4285877
vn -0.28339902 -0.9158662 0.28438368
vn -0.28337532 -0.91588074 0.2843605
vn -0.42859712 -0.79536861 0.42859465
vn -0.28339902 -0.9158662 0.28438368
vn -0.18009776 -0.96673036 0.18165137
vn -0.17955084 -0.9669354 0.18110028
vn -0.28337532 -0.91588074 0.2843605
vn 0.64424014 -0.41219676 -0.64424258
vn 0.69736224 -0.16545215 -0.6973604
vn 0.69736224 -0.1654522 -0.6973604
vn 0.6442461 -0.41217807 -0.64424855
vn 0.57061321 -0.59313333 -0.56797308
vn 0.64424014 -0.41219676 -0.64424258
vn 0.6442461 -0.41217807 -0.64424855
vn 0.57058066 -0.59319752 -0.56793875
vn 0.43155333 -0.7945897 -0.42707026
vn 0.57061321 -0.59313333 -0.56797308
vn 0.57058066 -0.59319752 -0.56793875
vn 0.43059137 -0.79562265 -0.42611697
vn 0.28015429 -0.91528475 -0.28942588
vn 0.43155333 -0.7945897 -0.42707026
vn 0.43059137 -0.79562265 -0.42611697
vn 0.27972823 -0.91551667 -0.28910452
vn 0.16964643 -0.96767592 -0.18661018
vn 0.28015429 -0.91528475 -0.28942588
vn 0.27972823 -0.91551667 -0.28910452
vn 0.17544985 -0.96539938 -0.19292875
vn -0.18009776 -0.96673036 0.18165137
vn -0.12303529 -0.98460525 0.12415598
vn -0.12303529 -0.98460525 0.12415598
vn -0.17955084 -0.9669354 0.18110028
vn 0.11616644 -0.98489845 -0.12837619
vn 0.16964643 -0.96767592 -0.18661018
vn 0.17544985 -0.96539938 -0.19292875
vn 0.11616644 -0.98489845 -0.12837619
vn -0.64420027 -0.41227895 -0.64422971
vn -0.69736123 -0.16545326 -0.69736123
vn -0.69736117 -0.16545318 -0.69736117
vn -0.64424187 -0.41214883 -0.64427143
vn -0.56113452 -0.5908016 -0.57972521
vn -0.64420027 -0.41227895 -0.64422971
vn -0.64424187 -0.41214883 -0.64427143
vn -0.56175983 -0.58979058 -0.58014911
vn -0.41708949 -0.79063118 -0.44826177
vn -0.56113452 -0.5908016 -0.57972521
vn -0.56175983 -0.58979058 -0.58014911
vn -0.41174382 -0.79661536 -0.44257313
vn -0.27657455 -0.91651183 -0.28898573
vn -0.41708949 -0.79063118 -0.44826177
vn -0.41174382 -0.79661536 -0.44257313
vn -0.27628201 -0.91672057 -0.28860295
vn -0.18051594 -0.96684545 -0.1806207
vn -0.27657455 -0.91651183 -0.28898573
vn -0.27628201 -0.91672057 -0.28860295
vn -0.18046229 -0.96686548 -0.18056715
vn 0.12364747 -0.98456717 0.12385018
vn 0.18050773 -0.96684915 0.18060909
vn 0.18050773 -0.96684909 0.18060909
vn 0.12364747 -0.98456717 0.12385018
vn -0.12360996 -0.98457772 -0.12380295
vn -0.18051594 -0.96684545 -0.1806207
vn -0.18046229 -0.96686548 -0.18056715
vn -0.12360996 -0.98457772 -0.12380295
vn -0.71084166 -0.015989611 0.70317024
vn -0.71394897 -0.027767487 0.69964701
vn -0.71394897 -0.027767487 0.69964701
vn -0.71084064 -0.015986079 0.70317137
vn -0.70548099 0.001472777 -0.70872724
vn -0.70185137 0.0012959137 -0.71232229
vn -0.70223725 0.0016140956 -0.71194106
vn -0.70547861 0.00147502 -0.70872974
vn 0.71195358 -0.022073502 0.70187944
vn 0.70816016 -0.0055085625 0.70603043
vn 0.70816451 -0.0055184797 0.70602584
vn 0.7119416 -0.022003625 0.70189393
vn 0.70872492 0.0014726773 0.70548332
vn 0.70710695 0 0.70710659
vn 0.70710701 0 0.70710659
vn 0.7087273 0.0014749188 0.70548093
vn -0.71696538 0.0010077301 -0.69710803
vn -0.70470566 -0.0078588687 -0.70945621
vn -0.70461041 -0.007897702 -0.7095505
vn -0.7169379 0.0010084066 -0.69713634
vn 0.70361966 -0.013139059 0.71045524
vn 0.70109141 -0.02778725 0.71252984
vn 0.70109141 -0.02778725 0.71252984
vn 0.7036193 -0.013141152 0.7104556
vn -0.70710617 -2.6705695e-07 -0.70710737
vn -0.70548099 0.001472777 -0.70872724
vn -0.70547861 0.00147502 -0.70872974
vn -0.70710623 -2.6722904e-07 -0.70710737
vn -0.7140438 -0.028775344 -0.69950956
vn -0.71077013 -0.01481167 -0.70326847
vn -0.71076751 -0.014800927 -0.70327121
vn -0.7140438 -0.028775344 -0.69950956
vn 0.70710695 0 0.70710659
vn 0.7071833 0.00014532667 0.70703018
vn 0.70718336 0.00014533079 0.70703018
vn 0.70710701 0 0.70710659
vn 0.71419662 -0.035429701 0.69904798
vn 0.71195358 -0.022073502 0.70187944
vn 0.7119416 -0.022003625 0.70189393
vn 0.71419662 -0.035429701 0.69904798
vn -0.70470566 -0.0078588687 -0.70945621
vn -0.68302977 -0.016548358 -0.73020303
vn -0.68302977 -0.016548358 -0.73020303
vn -0.70461041 -0.007897702 -0.7095505
vn -0.707183 -0.00014341572 -0.70703048
vn -0.70710617 -2.6705695e-07 -0.70710737
vn -0.70710623 -2.6722904e-07 -0.70710737
vn -0.707183 -0.00014341927 -0.70703053
vn 0.7071833 0.00014532667 0.70703018
vn 0.70662433 0.00089792407 0.70758837
vn 0.70662409 0.00089812971 0.70758861
vn 0.70718336 0.00014533079 0.70703018
vn 0.71100342 0.0026284547 -0.70318353
vn 0.71231806 0.0012960711 -0.70185566
vn 0.71193671 0.0016143002 -0.70224178
vn 0.71100253 0.0026289334 -0.70318466
vn -0.70872515 0.0014723113 0.7054832
vn -0.71231818 0.0012952702 0.70185554
vn -0.71193689 0.0016132927 0.70224166
vn -0.70872766 0.0014745524 0.70548069
vn -0.70729947 -0.00056239753 -0.70691371
vn -0.707183 -0.00014341572 -0.70703048
vn -0.707183 -0.00014341927 -0.70703053
vn -0.70729947 -0.00056259177 -0.70691365
vn -0.70185286 0.001296402 0.71232074
vn -0.70775503 0.00032920239 0.70645785
vn -0.70774913 0.00033311997 0.70646375
vn -0.70223874 0.0016146939 0.71193963
vn 0.70662433 0.00089792407 0.70758837
vn 0.70361966 -0.013139059 0.71045524
vn 0.7036193 -0.013141152 0.7104556
vn 0.70662409 0.00089812971 0.70758861
vn 0.72095078 -0.0029360743 -0.69298005
vn 0.71100342 0.0026284547 -0.70318353
vn 0.71100253 0.0026289334 -0.70318466
vn 0.72087502 -0.0028929655 -0.69305891
vn -0.71077013 -0.01481167 -0.70326847
vn -0.70729947 -0.00056239753 -0.70691371
vn -0.70729947 -0.00056259177 -0.70691365
vn -0.71076751 -0.014800927 -0.70327121
vn -0.70710707 -7.5612581e-07 0.70710653
vn -0.70872515 0.0014723113 0.7054832
vn -0.70872766 0.0014745524 0.70548069
vn -0.70710701 -7.5563923e-07 0.70710653
vn -0.70775503 0.00032920239 0.70645785
vn -0.71414864 -0.0068324651 0.69996065
vn -0.71416181 -0.0068563106 0.699947
vn -0.70774913 0.00033311997 0.70646375
vn 0.70552433 0.001464024 -0.70868415
vn 0.70710665 1.0231829e-06 -0.70710695
vn 0.70710665 1.0228675e-06 -0.70710701
vn 0.70551699 0.0014708084 -0.70869154
vn 0.70550984 0.00010604563 0.70870006
vn 0.70550984 0.00010604563 0.70870006
vn 0.7055096 0.00010714914 0.70870042
vn 0.70550954 0.00010714855 0.70870042
vn -0.7009775 -0.0081842951 -0.71313649
vn -0.7009775 -0.0081842951 -0.71313649
vn -0.69956309 -0.0014388988 -0.71456945
vn -0.69956291 -0.001438021 -0.71456957
vn -0.707434 -2.1218351e-05 0.70677948
vn -0.707434 -2.1218351e-05 0.70677948
vn -0.70743364 -1.8912646e-05 0.70677966
vn -0.7074337 -1.8912779e-05 0.70677972
vn 0.00088948419 -0.67106056 -0.74140203
vn 0.00088864344 -0.67198014 -0.74056864
vn 0.00096886168 -0.57058913 -0.82123512
vn 0.81381249 -0.58112562 0.0014756256
vn 0.81462085 -0.57999212 0.0014584507
vn 0.77857196 -0.62755376 0.0013958518
vn 0.73611242 -0.67685801 0.0013357182
vn -0.0012827454 -0.58022445 0.81445551
vn 0.00080980331 -0.67818433 0.73489153
vn 0.0014181652 -0.70474225 0.70946193
vn -0.81397736 -0.58089542 -0.001182478
vn -0.73510736 -0.67794997 -0.0010583164
vn -0.7352699 -0.67777359 -0.0010585708
vn 0.0014181652 -0.70474225 0.70946193
vn 0.00080980331 -0.67818433 0.73489153
vn 0.0031931626 -0.77719724 0.62924904
vn 0.0031931626 -0.77719724 0.62924904
vn -0.69956291 -0.001438021 -0.71456957
vn -0.69956309 -0.0014388988 -0.71456945
vn -0.6966145 0.012122948 -0.71734315
vn 0.70708019 1.9882087e-05 -0.70713335
vn 0.70708025 1.9879029e-05 -0.70713341
vn 0.70708293 2.1684782e-05 -0.70713067
vn 0.70550954 0.00010714855 0.70870042
vn 0.7055096 0.00010714914 0.70870042
vn 0.70550895 0.00010936781 0.70870107
vn 0.70550895 0.00010936781 0.70870107
vn -0.7074337 -1.8912779e-05 0.70677972
vn -0.70743364 -1.8912646e-05 0.70677966
vn -0.7074331 -1.4276724e-05 0.7067802
vn 0.00088948419 -0.67106056 -0.74140203
vn 0.00077968428 -0.77324367 -0.63410854
vn 0.00088864344 -0.67198014 -0.74056864
vn 0.77857196 -0.62755376 0.0013958518
vn 0.81462085 -0.57999212 0.0014584507
vn 0.8163836 -0.57750827 0.0014208672
vn -0.73510736 -0.67794997 -0.0010583164
vn -0.63093174 -0.7758379 -0.00089621177
vn -0.7352699 -0.67777359 -0.0010585708
vn 0.77857196 -0.62755376 0.0013958518
vn 0.63334399 -0.77386957 0.0011504806
vn 0.73611242 -0.67685801 0.0013357182
vn 0.9924314 -0.12274697 -0.0036228453
vn 0.9912222 -0.13207273 -0.0059338277
vn 0.99994648 -0.0073163128 -0.0073161512
vn 0.99998665 -0.0036582111 -0.0036590248
vn -0.71231818 0.0012954311 -0.70185554
vn -0.71193689 0.0016134932 -0.70224166
vn -0.71386802 0 -0.70028013
vn -0.71386802 0 -0.70028013
vn 1.6841392e-07 -0.12968743 0.99155492
vn 1.8179668e-07 -0.1212173 0.99262601
vn 0 0 1
vn 0 0 1
vn 1.8179668e-07 -0.12121691 -0.99262601
vn 1.6841393e-07 -0.12968716 -0.99155498
vn 0 0 -1
vn 0 0 -1
vn -0.70223725 0.0016140956 -0.71194106
vn -0.70185137 0.0012959137 -0.71232229
vn -0.70027643 0 -0.71387178
vn -0.70027643 0 -0.71387178
vn 0.9914704 -0.13032949 -0.00081820338
vn 0.99254715 -0.12185925 -0.00067694543
vn 1 0 0
vn 1 0 0
vn -0.69736117 -0.16545318 -0.69736117
vn -0.69736123 -0.16545326 -0.69736123
vn -0.70710784 0 -0.70710576
vn -0.70710784 0 -0.70710576
vn -0.71193689 0.0016132927 0.70224166
vn -0.71231818 0.0012952702 0.70185554
vn -0.71386802 0 0.70028013
vn -0.71386802 0 0.70028013
vn 0.70223933 0.001614296 0.71193916
vn 0.70185322 0.0012960829 0.71232051
vn 0.70027739 0 0.71387082
vn 0.70027739 0 0.71387082
vn -0.99254715 -0.12185943 -0.00067658327
vn -0.99147034 -0.13032933 -0.00081827061
vn -1 0 0
vn -1 0 0
vn -0.69736105 -0.16545235 0.69736159
vn -0.69736099 -0.16545239 0.69736153
vn -0.70710677 0 0.70710677
vn -0.70710677 0 0.70710677
vn 0.71193671 0.0016143002 -0.70224178
vn 0.71231806 0.0012960711 -0.70185566
vn 0.71386814 0 -0.70028019
vn 0.71386814 0 -0.70028019
vn -0.00082737155 -0.13032492 -0.99147093
vn -0.00070209982 -0.12184735 -0.99254858
vn 0 0 -1
vn 0 0 -1
vn 0.69736224 -0.1654522 -0.6973604
vn 0.69736224 -0.16545215 -0.6973604
vn 0.70710832 0 -0.70710516
vn 0.70710832 0 -0.70710516
vn -0.99147052 -0.13032885 0.00081995421
vn -0.99254745 -0.12185824 3.1036996e-06
vn -0.99999994 0 9.6904625e-07
vn -1 0 0
vn 0.69736147 -0.1654525 0.69736099
vn 0.69736147 -0.16545248 0.69736093
vn 0.70710731 0 0.70710629
vn 0.70710731 0 0.70710629
vn -0.00070244836 -0.12184671 0.9925487
vn -0.00082760392 -0.13032448 0.99147099
vn 0 0 1
vn 0 0 1
vn -0.70185286 0.001296402 0.71232074
vn -0.70223874 0.0016146939 0.71193963
vn -0.70027804 0 0.71387017
vn -0.70027804 0 0.71387017
vn 0.70707881 1.8980707e-05 -0.70713466
vn 0.70707881 1.8980707e-05 -0.70713466
vn 0.70708025 1.9879029e-05 -0.70713341
vn 0.70708019 1.9882087e-05 -0.70713335
vn 0.34694615 -0.93788505 3.9328486e-07
vn 0.52573192 -0.85065025 2.1092086e-07
vn 0.52520221 -0.85097748 -3.6392396e-07
vn 0.34694651 -0.93788487 -1.150089e-07
vn 0.72645378 -0.68721533 2.5003834e-07
vn 0.88468325 -0.46619204 0.00077698223
vn 0.8854025 -0.464825 -1.513538e-07
vn 0.72645372 -0.68721533 4.1332839e-07
vn 0.95222056 -0.30541113 8.2486831e-06
vn 0.9912222 -0.13207273 -0.0059338277
vn 0.9924314 -0.12274697 -0.0036228453
vn 0.95188296 -0.30645642 -0.0017851255
vn 0.70188218 0.0012872487 -0.71229196
vn 0.70552433 0.001464024 -0.70868415
vn 0.70551699 0.0014708084 -0.70869154
vn 0.70228142 0.0016085844 -0.71189773
vn -0.52573198 -0.85065025 -1.2358346e-07
vn -0.72645348 -0.68721569 -1.7068191e-07
vn -0.68317038 -0.730259 -1.8526757e-07
vn -0.49164563 -0.87079537 5.0587147e-08
vn -0.72645348 -0.68721569 -1.7068191e-07
vn -0.88468307 -0.46619225 0.00077616627
vn -0.87158626 -0.490242 0.00037827156
vn -0.68317038 -0.730259 -1.8526757e-07
vn 0.7002793 -7.0750292e-07 -0.71386904
vn 0.70188218 0.0012872487 -0.71229196
vn 0.70228142 0.0016085844 -0.71189773
vn 0.7002793 -7.0750292e-07 -0.71386904
vn 0.52573192 -0.85065025 2.1092086e-07
vn 0.72645378 -0.68721533 2.5003834e-07
vn 0.72645372 -0.68721533 4.1332839e-07
vn 0.52520221 -0.85097748 -3.6392396e-07
vn 0.88468325 -0.46619204 0.00077698223
vn 0.95222056 -0.30541113 8.2486831e-06
vn 0.95188296 -0.30645642 -0.0017851255
vn 0.8854025 -0.464825 -1.513538e-07
vn -0.34694612 -0.93788511 1.5261893e-08
vn -0.52573198 -0.85065025 -1.2358346e-07
vn -0.49164563 -0.87079537 5.0587147e-08
vn -0.29801705 -0.95456058 1.3442553e-07
vn 2.4445823e-08 -1 2.5324016e-07
vn -0.34694612 -0.93788511 1.5261893e-08
vn -0.29801705 -0.95456058 1.3442553e-07
vn 4.7966179e-08 -1 1.5551809e-09
vn 2.4445823e-08 -1 2.5324016e-07
vn 0.34694615 -0.93788505 3.9328486e-07
vn 0.34694651 -0.93788487 -1.150089e-07
vn 6.9426125e-07 -1 -9.1168368e-07
vn -0.88468307 -0.46619225 0.00077616627
vn -0.95142007 -0.30789047 0.001789554
vn -0.94724393 -0.32050905 0.0016972647
vn -0.87158626 -0.490242 0.00037827156
vn -0.95142007 -0.30789047 0.001789554
vn -0.99147052 -0.13032885 0.00081995421
vn -0.94724393 -0.32050905 0.0016972647
vn 1.7672497e-07 -0.68721551 0.7264536
vn 5.1063136e-08 -0.85020328 0.52645469
vn -1.6040366e-07 -0.87020534 0.49268931
vn 4.7869071e-07 -0.73025882 0.68317056
vn -0.00082760392 -0.13032448 0.99147099
vn -0.0017887894 -0.30790251 0.95141619
vn -0.0016556662 -0.32052875 0.94723731
vn 5.1063136e-08 -0.85020328 0.52645469
vn -1.240867e-07 -0.93776232 0.34727776
vn -1.3089885e-07 -0.95466077 0.29769582
vn -1.6040366e-07 -0.87020534 0.49268931
vn 1.2364839e-07 -0.93788481 -0.3469466
vn 0 -0.99999994 -0.00049587584
vn 0 -0.99999994 -0.00049561181
vn 0 -0.93788481 -0.3469466
vn 1.2340873e-07 -0.85065001 -0.52573228
vn 1.2364839e-07 -0.93788481 -0.3469466
vn 0 -0.93788481 -0.3469466
vn 0 -0.85065007 -0.52573234
vn -0.00075818005 -0.46621075 -0.8846733
vn 0 -0.68721575 -0.72645336
vn 0 -0.68721563 -0.72645342
vn -0.0010391556 -0.46591535 -0.88482869
vn -0.00082737155 -0.13032492 -0.99147093
vn -0.0017889134 -0.30790308 -0.95141602
vn -0.0017322829 -0.30730197 -0.95161051
vn -0.00070209982 -0.12184735 -0.99254858
vn 0.71231818 0.0012955922 0.70185554
vn 0.70872492 0.0014726773 0.70548332
vn 0.7087273 0.0014749188 0.70548093
vn 0.71193689 0.0016136938 0.7022416
vn -0.0017887894 -0.30790251 0.95141619
vn -0.00075833185 -0.46621105 0.88467318
vn -0.00035202384 -0.49025354 0.87157983
vn -0.0016556662 -0.32052875 0.94723731
vn -0.00075833185 -0.46621105 0.88467318
vn 1.7672497e-07 -0.68721551 0.7264536
vn 4.7869071e-07 -0.73025882 0.68317056
vn -0.00035202384 -0.49025354 0.87157983
vn -1.240867e-07 -0.93776232 0.34727776
vn 0 -0.99999994 -0.00049587584
vn 0 -1 -0.00018692795
vn -1.3089885e-07 -0.95466077 0.29769582
vn 0 -0.68721575 -0.72645336
vn 1.2340873e-07 -0.85065001 -0.52573228
vn 0 -0.85065007 -0.52573234
vn 0 -0.68721563 -0.72645342
vn -0.0017889134 -0.30790308 -0.95141602
vn -0.00075818005 -0.46621075 -0.8846733
vn -0.0010391556 -0.46591535 -0.88482869
vn -0.0017322829 -0.30730197 -0.95161051
vn 0.71386802 0 0.70028013
vn 0.71231818 0.0012955922 0.70185554
vn 0.71193689 0.0016136938 0.7022416
vn 0.71386802 0 0.70028013
vn 0.72725391 -0.68636847 6.461773e-08
vn 0.88580644 -0.46405432 -0.0007799734
vn 0.87306321 -0.48760688 -0.00038401637
vn 0.68301308 -0.73040611 1.7504468e-07
vn 0.88580644 -0.46405432 -0.0007799734
vn 0.95142084 -0.30788803 -0.0017896469
vn 0.94724506 -0.3205055 -0.0017067771
vn 0.87306321 -0.48760688 -0.00038401637
vn 0.34694645 -0.93788499 1.8484522e-08
vn 0.52467275 -0.85130411 1.1711905e-07
vn 0.49109727 -0.87110466 -1.5743581e-08
vn 0.29801679 -0.95456064 -1.3457117e-07
vn -0.5257318 -0.85065037 -3.0704558e-07
vn -0.72645324 -0.68721581 -7.2324707e-07
vn -0.72645319 -0.68721586 -8.7284798e-07
vn -0.52573198 -0.85065031 -4.4884771e-07
vn -0.88468564 -0.46618748 -0.00078052992
vn -0.95142126 -0.30788693 -0.0017909142
vn -0.95161587 -0.30728513 -0.001706379
vn -0.88484287 -0.46588844 -0.0010392286
vn -0.34694612 -0.93788499 8.2067018e-08
vn -0.5257318 -0.85065037 -3.0704558e-07
vn -0.52573198 -0.85065031 -4.4884771e-07
vn -0.34694639 -0.93788499 0
vn 8.8004953e-07 -1 1.5522379e-09
vn 0.34694645 -0.93788499 1.8484522e-08
vn 0.29801679 -0.95456064 -1.3457117e-07
vn -6.7152634e-08 -1 3.1044602e-09
vn 0.95142084 -0.30788803 -0.0017896469
vn 0.9914704 -0.13032949 -0.00081820338
vn 0.94724506 -0.3205055 -0.0017067771
vn 0.52467275 -0.85130411 1.1711905e-07
vn 0.72725391 -0.68636847 6.461773e-08
vn 0.68301308 -0.73040611 1.7504468e-07
vn 0.49109727 -0.87110466 -1.5743581e-08
vn 8.8004953e-07 -1 1.5522379e-09
vn -0.34694612 -0.93788499 8.2067018e-08
vn -0.34694639 -0.93788499 0
vn 1.7405426e-06 -1 0
vn -0.72645324 -0.68721581 -7.2324707e-07
vn -0.88468564 -0.46618748 -0.00078052992
vn -0.88484287 -0.46588844 -0.0010392286
vn -0.72645319 -0.68721586 -8.7284798e-07
vn -0.95142126 -0.30788693 -0.0017909142
vn -0.99147034 -0.13032933 -0.00081827061
vn -0.99254715 -0.12185943 -0.00067658327
vn -0.95161587 -0.30728513 -0.001706379
vn 1.4171114e-07 -0.46657205 -0.88448322
vn 1.721463e-07 -0.68721545 -0.7264536
vn 4.6628878e-07 -0.73025906 -0.68317032
vn 0 -0.4903006 -0.87155342
vn 0 -0.68721545 0.7264536
vn -1.2137137e-07 -0.85064995 0.52573246
vn 0 -0.85064977 0.52573264
vn 0 -0.68721551 0.7264536
vn 2.3211641e-07 -0.30784297 0.95143723
vn 1.4171113e-07 -0.46657234 0.88448298
vn 2.8342231e-07 -0.46657243 0.88448298
vn 4.6351965e-07 -0.30784294 0.95143718
vn -1.2160707e-07 -0.93788499 0.34694636
vn 0 -1 -1.6623159e-07
vn 0 -1 -5.2802972e-07
vn 0 -0.93788499 0.34694636
vn 1.721463e-07 -0.68721545 -0.7264536
vn 1.7036369e-07 -0.85065007 -0.52573222
vn 1.9238981e-07 -0.87059838 -0.49199435
vn 4.6628878e-07 -0.73025906 -0.68317032
vn 1.6841393e-07 -0.12968716 -0.99155498
vn 2.3211645e-07 -0.30784297 -0.95143723
vn 0 -0.31993553 -0.94743931
vn 1.7036369e-07 -0.85065007 -0.52573222
vn 0 -0.93788499 -0.34694648
vn 0 -0.95431554 -0.29880068
vn 1.9238981e-07 -0.87059838 -0.49199435
vn 2.3211645e-07 -0.30784297 -0.95143723
vn 1.4171114e-07 -0.46657205 -0.88448322
vn 0 -0.4903006 -0.87155342
vn 0 -0.31993553 -0.94743931
vn 0 -0.93788499 -0.34694648
vn 0 -1 -1.6623159e-07
vn 0 -0.99999267 0.0038290326
vn 0 -0.95431554 -0.29880068
vn 1.4171113e-07 -0.46657234 0.88448298
vn 0 -0.68721545 0.7264536
vn 0 -0.68721551 0.7264536
vn 2.8342231e-07 -0.46657243 0.88448298
vn 1.6841392e-07 -0.12968743 0.99155492
vn 2.3211641e-07 -0.30784297 0.95143723
vn 4.6351965e-07 -0.30784294 0.95143718
vn 1.8179668e-07 -0.1212173 0.99262601
vn -1.2137137e-07 -0.85064995 0.52573246
vn -1.2160707e-07 -0.93788499 0.34694636
vn 0 -0.93788499 0.34694636
vn 0 -0.85064977 0.52573264
vn 0 -0.9377625 0.34727734
vn 0 -0.99999994 -0.00049498619
vn 3.9833858e-10 -0.99999994 -0.00049554836
vn -2.2168717e-07 -0.93776238 0.34727755
vn 0.29801786 -0.95456022 -3.4657262e-07
vn 0.49164528 -0.87079555 -2.6314535e-07
vn 0.5257321 -0.85065025 -9.148188e-08
vn 0.34694615 -0.93788505 -1.7665801e-07
vn 0.49164528 -0.87079555 -2.6314535e-07
vn 0.68317068 -0.73025876 1.3556324e-07
vn 0.7264539 -0.68721515 3.1225335e-07
vn 0.5257321 -0.85065025 -9.148188e-08
vn 0.68317068 -0.73025876 1.3556324e-07
vn 0.87158656 -0.49024159 0.00037971279
vn 0.88468331 -0.4661918 0.00077751209
vn 0.7264539 -0.68721515 3.1225335e-07
vn 0.87158656 -0.49024159 0.00037971279
vn 0.94819331 -0.31768963 0.0016727301
vn 0.95222068 -0.30541116 8.6707641e-06
vn 0.88468331 -0.4661918 0.00077751209
vn 0.94819331 -0.31768963 0.0016727301
vn 0.99122226 -0.13207278 -0.0059338356
vn 0.95222068 -0.30541116 8.6707641e-06
vn 4.7966179e-08 -1 -4.9670366e-08
vn -0.29801744 -0.95456034 2.7460453e-07
vn -0.34694621 -0.93788499 1.5201485e-07
vn 4.7913818e-07 -1 -2.4835131e-08
vn 0 -0.87079531 0.49164578
vn 0 -0.85064995 0.52573252
vn 0 -0.68721545 0.7264536
vn 0 -0.7302587 0.6831708
vn 0 -0.7302587 0.6831708
vn 0 -0.68721545 0.7264536
vn 0 -0.46657255 0.88448292
vn 0 -0.49030167 0.87155271
vn 0 -0.49030167 0.87155271
vn 0 -0.46657255 0.88448292
vn 0 -0.30784315 0.95143706
vn 0 -0.31993562 0.94743937
vn 0 -0.31993562 0.94743937
vn 0 -0.30784315 0.95143706
vn 0 -0.12968728 0.99155492
vn 0.34694627 -0.93788493 0
vn 0.52467227 -0.85130435 0
vn 0.52467251 -0.85130417 -9.1231229e-08
vn 0.34694627 -0.93788505 -1.7625334e-07
vn -7.8226617e-07 -1 0
vn -0.34694627 -0.93788505 0
vn -0.34694654 -0.93788499 1.5237293e-07
vn -3.9113317e-07 -1 -2.4883121e-08
vn 2.8793036e-07 -0.9545604 -0.29801774
vn 9.7974798e-08 -0.93788505 -0.34694618
vn 0 -0.85065007 -0.52573216
vn 0 -0.87115598 -0.49100634
vn 0 -0.87115598 -0.49100634
vn 0 -0.85065007 -0.52573216
vn 0 -0.68721521 -0.7264539
vn 0 -0.7291376 -0.68436718
vn 0 -0.7291376 -0.68436718
vn 0 -0.68721521 -0.7264539
vn -0.00075815676 -0.46621063 -0.88467336
vn -0.00035507287 -0.48959672 -0.87194896
vn -0.00035507287 -0.48959672 -0.87194896
vn -0.00075815676 -0.46621063 -0.88467336
vn -0.001788979 -0.30790317 -0.95141596
vn -0.001655651 -0.32052979 -0.94723696
vn -0.001655651 -0.32052979 -0.94723696
vn -0.001788979 -0.30790317 -0.95141596
vn -0.00082753832 -0.13032502 -0.99147099
vn 2.302377e-07 -1 -4.976653e-08
vn 0.29801786 -0.95456022 -3.4657262e-07
vn 0.34694615 -0.93788505 -1.7665801e-07
vn -3.9113317e-07 -1 -2.4883121e-08
vn -0.4916451 -0.87079567 1.666662e-07
vn -0.68316972 -0.73025966 -2.3400142e-07
vn -0.72645313 -0.68721604 -8.0805597e-07
vn -0.5257318 -0.85065037 -2.9348561e-07
vn -0.68316972 -0.73025966 -2.3400142e-07
vn -0.87158799 -0.49023888 -0.00038508643
vn -0.88468558 -0.46618772 -0.00078114064
vn -0.72645313 -0.68721604 -8.0805597e-07
vn -0.87158799 -0.49023888 -0.00038508643
vn -0.94724596 -0.32050312 -0.0017045857
vn -0.95142132 -0.30788657 -0.0017880213
vn -0.88468558 -0.46618772 -0.00078114064
vn -0.94724596 -0.32050312 -0.0017045857
vn -0.99147046 -0.13032897 -0.0008175968
vn -0.95142132 -0.30788657 -0.0017880213
vn -0.29801744 -0.95456034 2.7460453e-07
vn -0.4916451 -0.87079567 1.666662e-07
vn -0.5257318 -0.85065037 -2.9348561e-07
vn -0.34694621 -0.93788499 1.5201485e-07
vn -0.88483977 -0.46589434 0.0010385955
vn -0.95161486 -0.30728838 0.001711761
vn -0.95142037 -0.30788988 0.0017928814
vn -0.88468301 -0.46619245 0.00077636971
vn -0.52573204 -0.85065031 -5.899347e-07
vn -0.72645301 -0.6872161 -5.9610721e-07
vn -0.72645313 -0.68721604 -2.9805366e-07
vn -0.52573192 -0.85065025 -2.0348463e-07
vn -0.95161486 -0.30728838 0.001711761
vn -0.99254739 -0.1218574 0.00068217062
vn -0.9914704 -0.13032891 0.00082110247
vn -0.95142037 -0.30788988 0.0017928814
vn -0.72645301 -0.6872161 -5.9610721e-07
vn -0.88483977 -0.46589434 0.0010385955
vn -0.88468301 -0.46619245 0.00077636971
vn -0.72645313 -0.68721604 -2.9805366e-07
vn -2.8444254e-07 -0.95456028 0.29801771
vn -9.6788e-08 -0.93788499 0.34694633
vn 0 -0.85064995 0.52573252
vn 0 -0.87079531 0.49164578
vn -0.001733317 -0.30730173 0.95161057
vn -0.00103967 -0.46591559 0.88482857
vn -0.00075813377 -0.46621084 0.88467324
vn -0.0017891168 -0.3079021 0.95141643
vn 0 -0.68721527 0.72645384
vn 0 -0.85020363 0.52645397
vn -1.2381841e-07 -0.85020339 0.52645439
vn 0 -0.68721527 0.72645384
vn 8.9960628e-07 -1 0
vn 0.34694627 -0.93788493 0
vn 0.34694627 -0.93788505 -1.7625334e-07
vn 4.7913818e-07 -1 -2.4835131e-08
vn -0.0007026231 -0.12184706 0.99254864
vn -0.001733317 -0.30730173 0.95161057
vn -0.0017891168 -0.3079021 0.95141643
vn -0.00082787027 -0.13032472 0.99147105
vn -0.00103967 -0.46591559 0.88482857
vn 0 -0.68721527 0.72645384
vn 0 -0.68721527 0.72645384
vn -0.00075813377 -0.46621084 0.88467324
vn 0 -0.85020363 0.52645397
vn 0 -0.9377625 0.34727734
vn -2.2168717e-07 -0.93776238 0.34727755
vn -1.2381841e-07 -0.85020339 0.52645439
vn 0.95161599 -0.30728528 -0.0017064608
vn 0.99254721 -0.12185912 -0.00067694508
vn 0.99147046 -0.13032916 -0.00081820315
vn 0.95142108 -0.30788741 -0.0017893699
vn 0.72725362 -0.68636876 0
vn 0.88596261 -0.46375552 -0.0010382737
vn 0.88580638 -0.46405444 -0.00077969453
vn 0.72725391 -0.68636853 0
vn -0.34694627 -0.93788505 0
vn -0.52573204 -0.85065031 -5.899347e-07
vn -0.52573192 -0.85065025 -2.0348463e-07
vn -0.34694654 -0.93788499 1.5237293e-07
vn 0.88596261 -0.46375552 -0.0010382737
vn 0.95161599 -0.30728528 -0.0017064608
vn 0.95142108 -0.30788741 -0.0017893699
vn 0.88580638 -0.46405444 -0.00077969453
vn 0.52467227 -0.85130435 0
vn 0.72725362 -0.68636876 0
vn 0.72725391 -0.68636853 0
vn 0.52467251 -0.85130417 -9.1231229e-08
vn 3.0007424e-10 -1 -0.00018692801
vn 3.9833858e-10 -0.99999994 -0.00049554836
vn 9.7974798e-08 -0.93788505 -0.34694618
vn 2.8793036e-07 -0.9545604 -0.29801774
vn -0.00035112369 -0.12153222 -0.99258745
vn 0 -0.30784306 -0.95143723
vn 0 -0.30784345 -0.951437
vn 0 -0.12968755 -0.99155486
vn -0.00051968708 -0.46624386 -0.88465601
vn 0 -0.68721533 -0.72645366
vn 0 -0.68721521 -0.72645384
vn 0 -0.46657202 -0.88448322
vn 0 -0.85065037 -0.5257318
vn -6.7444705e-07 -0.93788493 -0.34694651
vn 2.2013869e-07 -0.93788487 -0.34694639
vn 1.2247108e-07 -0.85065037 -0.52573186
vn -4.7802948e-09 -0.99999267 0.0038290916
vn 6.577629e-10 -1 -5.96478e-07
vn -9.6788e-08 -0.93788499 0.34694633
vn -2.8444254e-07 -0.95456028 0.29801771
vn 0 -0.30784306 -0.95143723
vn -0.00051968708 -0.46624386 -0.88465601
vn 0 -0.46657202 -0.88448322
vn 0 -0.30784345 -0.951437
vn 0 -0.68721533 -0.72645366
vn 0 -0.85065037 -0.5257318
vn 1.2247108e-07 -0.85065037 -0.52573186
vn 0 -0.68721521 -0.72645384
vn -6.7444705e-07 -0.93788493 -0.34694651
vn -6.9101134e-07 -0.99999994 -0.00024848621
vn 6.577629e-10 -1 -5.96478e-07
vn 2.2013869e-07 -0.93788487 -0.34694639
vn -0.70695269 -0.00021541001 -0.70726079
vn -0.71696639 0.0010068966 -0.69710702
vn -0.71693891 0.0010075606 -0.69713527
vn -0.70695192 -0.00021627192 -0.70726162
vn 0.69956851 -0.028054768 -0.71401465
vn 0.7036978 -0.011911592 -0.71039945
vn 0.70369905 -0.01190644 -0.71039826
vn 0.69956851 -0.028054768 -0.71401465
vn 0.70815957 -0.0055078613 0.70603096
vn 0.70714635 0.00095594011 0.70706666
vn 0.70714605 0.00095349533 0.70706689
vn 0.7081641 -0.005517791 0.70602638
vn 0.71064317 -0.014039757 -0.70341241
vn 0.71402001 -0.028077353 -0.69956207
vn 0.71402001 -0.028077353 -0.69956207
vn 0.7106421 -0.014035366 -0.70341361
vn -0.69956112 -0.02808197 0.71402073
vn -0.70341396 -0.01404178 0.7106415
vn -0.70341533 -0.014037151 0.71064037
vn -0.69956112 -0.02808197 0.71402073
vn 0.70710707 9.8286432e-07 -0.70710659
vn 0.71064317 -0.014039757 -0.70341241
vn 0.7106421 -0.014035366 -0.70341361
vn 0.70710701 9.828774e-07 -0.70710659
vn -0.70607823 -0.00098855514 -0.70813316
vn -0.70695269 -0.00021541001 -0.70726079
vn -0.70695192 -0.00021627192 -0.70726162
vn -0.70607799 -0.00098868704 -0.70813328
vn -0.70952457 -0.0090946322 0.70462203
vn -0.71084195 -0.015993912 0.70316994
vn -0.710841 -0.015990397 0.70317096
vn -0.70952821 -0.0091039995 0.70461828
vn -0.70341396 -0.01404178 0.7106415
vn -0.70710832 1.2352632e-06 0.70710528
vn -0.70710832 1.2354012e-06 0.70710528
vn -0.70341533 -0.014037151 0.71064037
vn 0.70714635 0.00095594011 0.70706666
vn 0.70699358 0.0023100062 0.70721626
vn 0.70699286 0.0023073736 0.70721704
vn 0.70714605 0.00095349533 0.70706689
vn 0.7036978 -0.011911592 -0.71039945
vn 0.70442218 0.013497943 -0.70965302
vn 0.7044335 0.013465283 -0.70964223
vn 0.70369905 -0.01190644 -0.71039826
vn 0.70710576 4.7806139e-07 -0.70710778
vn 0.70710707 9.8286432e-07 -0.70710659
vn 0.70710701 9.828774e-07 -0.70710659
vn 0.70710588 4.7807418e-07 -0.70710778
vn -0.70839888 0.0013081909 -0.70581108
vn -0.70607823 -0.00098855514 -0.70813316
vn -0.70607799 -0.00098868704 -0.70813328
vn -0.70840174 0.0013106649 -0.7058081
vn -0.71403152 -0.012698038 0.69999844
vn -0.70952457 -0.0090946322 0.70462203
vn -0.70952821 -0.0091039995 0.70461828
vn -0.71404248 -0.012692607 0.69998729
vn -0.70710832 1.2352632e-06 0.70710528
vn -0.70710677 9.9998424e-08 0.70710677
vn -0.70710677 1.0001975e-07 0.70710677
vn -0.70710832 1.2354012e-06 0.70710528
vn 0.70699358 0.0023100062 0.70721626
vn 0.70515597 0.0016374367 0.70905036
vn 0.705154 0.0016394135 0.70905226
vn 0.70699286 0.0023073736 0.70721704
vn 0.70442218 0.013497943 -0.70965302
vn 0.71584862 0.007268813 -0.69821775
vn 0.71580172 0.0073189503 -0.69826519
vn 0.7044335 0.013465283 -0.70964223
vn 0.70710528 5.3411634e-07 -0.70710832
vn 0.70710576 4.7806139e-07 -0.70710778
vn 0.70710588 4.7807418e-07 -0.70710778
vn 0.70710522 5.3446104e-07 -0.70710832
vn -0.71231985 0.0012955897 -0.70185387
vn -0.70839888 0.0013081909 -0.70581108
vn -0.70840174 0.0013106649 -0.7058081
vn -0.71193844 0.0016136911 -0.70223999
vn -0.71414566 -0.0068319468 0.69996375
vn -0.71403152 -0.012698038 0.69999844
vn -0.71404248 -0.012692607 0.69998729
vn -0.71415877 -0.0068557798 0.69995004
vn -0.70710677 9.9998424e-08 0.70710677
vn -0.70710593 -3.7806407e-07 0.70710754
vn -0.70710599 -3.7782021e-07 0.7071076
vn -0.70710677 1.0001975e-07 0.70710677
vn 0.71584862 0.007268813 -0.69821775
vn 0.72094941 -0.0029374149 -0.69298148
vn 0.72087371 -0.0028943138 -0.6930604
vn 0.71580172 0.0073189503 -0.69826519
vn 0.70515597 0.0016374367 0.70905036
vn 0.70185465 0.0012955978 0.71231902
vn 0.70224106 0.0016136913 0.71193737
vn 0.705154 0.0016394135 0.70905226
vn 0.64424706 -0.4121803 0.64424616
vn 0.6973604 -0.16545229 0.69736224
vn 0.69736034 -0.16545239 0.69736218
vn 0.64424717 -0.41218022 0.64424628
vn 0.568964 -0.59376907 0.56896234
vn 0.64424706 -0.4121803 0.64424616
vn 0.64424717 -0.41218022 0.64424628
vn 0.56896418 -0.59376901 0.5689624
vn 0.42859298 -0.79537201 0.42859241
vn 0.568964 -0.59376907 0.56896234
vn 0.56896418 -0.59376901 0.5689624
vn 0.42859307 -0.79537183 0.42859253
vn 0.2837553 -0.91595131 0.28375387
vn 0.42859298 -0.79537201 0.42859241
vn 0.42859307 -0.79537183 0.42859253
vn 0.28375518 -0.91595131 0.28375375
vn 0.18050942 -0.96684885 0.18060906
vn 0.2837553 -0.91595131 0.28375387
vn 0.28375518 -0.91595131 0.28375375
vn 0.1805096 -0.96684879 0.18060923
vn -0.69736081 -0.16545242 0.69736165
vn -0.64424682 -0.41218126 0.64424592
vn -0.644247 -0.41218039 0.6442461
vn -0.69736081 -0.1654525 0.69736165
vn -0.64424682 -0.41218126 0.64424592
vn -0.56896323 -0.59376961 0.56896257
vn -0.56896311 -0.59376985 0.56896251
vn -0.644247 -0.41218039 0.6442461
vn -0.56896323 -0.59376961 0.56896257
vn -0.42859063 -0.79537576 0.42858773
vn -0.42859763 -0.79536825 0.42859474
vn -0.56896311 -0.59376985 0.56896251
vn -0.42859063 -0.79537576 0.42858773
vn -0.28339931 -0.91586608 0.28438357
vn -0.28337538 -0.91588086 0.28436014
vn -0.42859763 -0.79536825 0.42859474
vn -0.28339931 -0.91586608 0.28438357
vn -0.18009609 -0.96673077 0.18165061
vn -0.17954923 -0.96693587 0.18109959
vn -0.28337538 -0.91588086 0.28436014
vn 0.64423913 -0.41219655 -0.64424372
vn 0.69736087 -0.1654522 -0.69736165
vn 0.69736093 -0.16545218 -0.69736171
vn 0.64424515 -0.41217792 -0.64424968
vn 0.57061142 -0.59313416 -0.56797397
vn 0.64423913 -0.41219655 -0.64424372
vn 0.64424515 -0.41217792 -0.64424968
vn 0.57057899 -0.59319824 -0.56793976
vn 0.43155205 -0.79459006 -0.42707062
vn 0.57061142 -0.59313416 -0.56797397
vn 0.57057899 -0.59319824 -0.56793976
vn 0.43059012 -0.79562312 -0.4261173
vn 0.28015304 -0.91528511 -0.28942636
vn 0.43155205 -0.79459006 -0.42707062
vn 0.43059012 -0.79562312 -0.4261173
vn 0.2797271 -0.91551679 -0.28910509
vn 0.16964823 -0.96767563 -0.18661003
vn 0.28015304 -0.91528511 -0.28942636
vn 0.2797271 -0.91551679 -0.28910509
vn 0.17545126 -0.96539909 -0.19292864
vn -0.18009609 -0.96673077 0.18165061
vn -0.12303501 -0.98460537 0.12415527
vn -0.12303501 -0.98460537 0.12415527
vn -0.17954923 -0.96693587 0.18109959
vn 0.11617225 -0.98489773 -0.12837601
vn 0.16964823 -0.96767563 -0.18661003
vn 0.17545126 -0.96539909 -0.19292864
vn 0.11617225 -0.98489773 -0.12837601
vn -0.64420235 -0.41227931 -0.64422739
vn -0.69736207 -0.16545309 -0.69736034
vn -0.69736195 -0.16545312 -0.69736034
vn -0.64424413 -0.41214901 -0.64426905
vn -0.56113458 -0.59080166 -0.57972521
vn -0.64420235 -0.41227931 -0.64422739
vn -0.64424413 -0.41214901 -0.64426905
vn -0.56175977 -0.58979064 -0.58014905
vn -0.41708833 -0.790631 -0.44826323
vn -0.56113458 -0.59080166 -0.57972521
vn -0.56175977 -0.58979064 -0.58014905
vn -0.41174251 -0.79661542 -0.44257426
vn -0.27657595 -0.91651142 -0.28898549
vn -0.41708833 -0.790631 -0.44826323
vn -0.41174251 -0.79661542 -0.44257426
vn -0.27628344 -0.91672015 -0.28860277
vn -0.18051633 -0.96684545 -0.18062048
vn -0.27657595 -0.91651142 -0.28898549
vn -0.27628344 -0.91672015 -0.28860277
vn -0.18046267 -0.96686548 -0.18056691
vn 0.12364773 -0.98456717 0.1238499
vn 0.18050942 -0.96684885 0.18060906
vn 0.1805096 -0.96684879 0.18060923
vn 0.12364773 -0.98456717 0.1238499
vn -0.12360729 -0.98457819 -0.12380259
vn -0.18051633 -0.96684545 -0.18062048
vn -0.18046267 -0.96686548 -0.18056691
vn -0.12360729 -0.98457819 -0.12380259
vn -0.71084195 -0.015993912 0.70316994
vn -0.71394753 -0.027771046 0.69964826
vn -0.71394753 -0.027771046 0.69964826
vn -0.710841 -0.015990397 0.70317096
vn -0.70547915 0.0014745644 -0.70872921
vn -0.70185322 0.0012960782 -0.71232039
vn -0.70223933 0.0016143004 -0.7119391
vn -0.70547658 0.0014768087 -0.70873159
vn 0.71195388 -0.022076771 0.70187908
vn 0.70815957 -0.0055078613 0.70603096
vn 0.7081641 -0.005517791 0.70602638
vn 0.71194184 -0.022006901 0.70189357
vn 0.70872486 0.0014724995 0.70548356
vn 0.70710671 -5.6709439e-07 0.70710689
vn 0.70710665 -5.6672866e-07 0.70710695
vn 0.70872724 0.0014747339 0.70548105
vn -0.71696639 0.0010068966 -0.69710702
vn -0.7047087 -0.0078561157 -0.70945323
vn -0.70461345 -0.0078949379 -0.7095474
vn -0.71693891 0.0010075606 -0.69713527
vn 0.70362175 -0.013138076 0.71045321
vn 0.70109349 -0.027786767 0.71252787
vn 0.70109349 -0.027786767 0.71252787
vn 0.70362133 -0.013140138 0.71045357
vn -0.7071017 1.3352818e-06 -0.70711184
vn -0.70547915 0.0014745644 -0.70872921
vn -0.70547658 0.0014768087 -0.70873159
vn -0.7071017 1.3361398e-06 -0.70711184
vn -0.71404606 -0.028775396 -0.69950718
vn -0.71077156 -0.014811736 -0.70326686
vn -0.710769 -0.014800916 -0.70326972
vn -0.71404606 -0.028775396 -0.69950718
vn 0.70710671 -5.6709439e-07 0.70710689
vn 0.70718336 0.00014308642 0.70703018
vn 0.70718336 0.00014309099 0.70703024
vn 0.70710665 -5.6672866e-07 0.70710695
vn 0.71419901 -0.035435714 0.69904512
vn 0.71195388 -0.022076771 0.70187908
vn 0.71194184 -0.022006901 0.70189357
vn 0.71419901 -0.035435714 0.69904512
vn -0.7047087 -0.0078561157 -0.70945323
vn -0.68303466 -0.016545942 -0.73019856
vn -0.68303466 -0.016545942 -0.73019856
vn -0.70461345 -0.0078949379 -0.7095474
vn -0.70718181 -0.0001441326 -0.70703173
vn -0.7071017 1.3352818e-06 -0.70711184
vn -0.7071017 1.3361398e-06 -0.70711184
vn -0.70718187 -0.00014413659 -0.70703167
vn 0.70718336 0.00014308642 0.70703018
vn 0.70662594 0.0008970098 0.70758677
vn 0.7066257 0.00089721225 0.70758694
vn 0.70718336 0.00014309099 0.70703024
vn 0.71100181 0.0026263725 -0.70318538
vn 0.71231759 0.0012954196 -0.70185614
vn 0.711936 0.0016134891 -0.70224249
vn 0.71100074 0.002626851 -0.70318639
vn -0.70872396 0.0014721336 0.70548445
vn -0.71231723 0.0012951096 0.70185649
vn -0.71193606 0.0016130932 0.70224237
vn -0.70872641 0.0014743657 0.70548189
vn -0.70729989 -0.00056311506 -0.70691335
vn -0.70718181 -0.0001441326 -0.70703173
vn -0.70718187 -0.00014413659 -0.70703167
vn -0.70729995 -0.00056330889 -0.70691323
vn -0.70185709 0.0012956024 0.71231675
vn -0.70775598 0.00032802887 0.7064569
vn -0.70775026 0.00033194918 0.70646268
vn -0.70224327 0.0016136976 0.7119351
vn 0.70662594 0.0008970098 0.70758677
vn 0.70362175 -0.013138076 0.71045321
vn 0.70362133 -0.013140138 0.71045357
vn 0.7066257 0.00089721225 0.70758694
vn 0.72094941 -0.0029374149 -0.69298148
vn 0.71100181 0.0026263725 -0.70318538
vn 0.71100074 0.002626851 -0.70318639
vn 0.72087371 -0.0028943138 -0.6930604
vn -0.71077156 -0.014811736 -0.70326686
vn -0.70729989 -0.00056311506 -0.70691335
vn -0.70729995 -0.00056330889 -0.70691323
vn -0.710769 -0.014800916 -0.70326972
vn -0.70710593 -3.7806407e-07 0.70710754
vn -0.70872396 0.0014721336 0.70548445
vn -0.70872641 0.0014743657 0.70548189
vn -0.70710599 -3.7782021e-07 0.7071076
vn -0.70775598 0.00032802887 0.7064569
vn -0.71414566 -0.0068319468 0.69996375
vn -0.71415877 -0.0068557798 0.69995004
vn -0.70775026 0.00033194918 0.70646268
vn 0.70552337 0.0014646726 -0.70868504
vn 0.70710528 5.3411634e-07 -0.70710832
vn 0.70710522 5.3446104e-07 -0.70710832
vn 0.7055161 0.0014714522 -0.70869237
vn 0.70550722 0.00010379984 0.70870274
vn 0.70550722 0.00010379984 0.70870274
vn 0.7055068 0.00010419422 0.70870316
vn 0.7055068 0.00010419401 0.70870316
vn -0.70097107 -0.0081858784 -0.71314263
vn -0.70097107 -0.0081858784 -0.71314263
vn -0.69955784 -0.0014397796 -0.71457452
vn -0.69955766 -0.0014389058 -0.71457469
vn -0.70743316 -1.5619047e-05 0.70678014
vn -0.70743316 -1.5619047e-05 0.70678014
vn -0.70743382 -1.7368277e-05 0.70677954
vn -0.70743382 -1.7368182e-05 0.70677954
vn 0.00089462986 -0.67106032 -0.74140215
vn 0.00089383835 -0.67198014 -0.7405687
vn 0.00096885819 -0.57058835 -0.82123566
vn 0.81381875 -0.58111686 0.0014759764
vn 0.81464356 -0.57995969 0.0016516211
vn 0.77859372 -0.62752622 0.0015640422
vn 0.73611075 -0.6768598 0.0013332352
vn -0.001281935 -0.58021647 0.81446135
vn 0.0008153505 -0.67817932 0.73489606
vn 0.0014255263 -0.70475733 0.70944691
vn -0.81397653 -0.58089662 -0.0011835052
vn -0.73511243 -0.67794436 -0.0010597992
vn -0.73527491 -0.67776817 -0.0010600527
vn 0.0014255263 -0.70475733 0.70944691
vn 0.0008153505 -0.67817932 0.73489606
vn 0.003204064 -0.77719647 0.62924981
vn 0.003204064 -0.77719647 0.62924981
vn -0.69955766 -0.0014389058 -0.71457469
vn -0.69955784 -0.0014397796 -0.71457452
vn -0.69661164 0.012123468 -0.71734607
vn 0.70708054 1.9172663e-05 -0.70713305
vn 0.70708048 1.9171128e-05 -0.707133
vn 0.7070778 2.0075631e-05 -0.70713568
vn 0.7055068 0.00010419401 0.70870316
vn 0.7055068 0.00010419422 0.70870316
vn 0.70550591 0.00010498715 0.70870394
vn 0.70550591 0.00010498715 0.70870394
vn -0.70743382 -1.7368182e-05 0.70677954
vn -0.70743382 -1.7368277e-05 0.70677954
vn -0.70743507 -2.0885343e-05 0.70677835
vn 0.00089462986 -0.67106032 -0.74140215
vn 0.00079066562 -0.7732439 -0.63410836
vn 0.00089383835 -0.67198014 -0.7405687
vn 0.77859372 -0.62752622 0.0015640422
vn 0.81464356 -0.57995969 0.0016516211
vn 0.81644267 -0.5774228 0.0020360167
vn -0.73511243 -0.67794436 -0.0010597992
vn -0.63094532 -0.77582675 -0.00089818955
vn -0.73527491 -0.67776817 -0.0010600527
vn 0.77859372 -0.62752622 0.0015640422
vn 0.63332921 -0.77388161 0.0011447907
vn 0.73611075 -0.6768598 0.0013332352
vn 0.99230617 -0.1236342 -0.0065684984
vn 0.99122226 -0.13207278 -0.0059338356
vn 0.99994642 -0.0073163114 -0.0073161726
vn 0.99994642 -0.0073163114 -0.0073161726
vn -0.71231985 0.0012955897 -0.70185387
vn -0.71193844 0.0016136911 -0.70223999
vn -0.71387017 0 -0.7002781
vn -0.71387017 0 -0.7002781
vn 0 -0.12968728 0.99155492
vn -0.00035129793 -0.12153192 0.99258745
vn 0 0 1
vn 0 0 1
vn -0.00035112369 -0.12153222 -0.99258745
vn 0 -0.12968755 -0.99155486
vn 0 0 -1
vn 0 0 -1
vn -0.70223933 0.0016143004 -0.7119391
vn -0.70185322 0.0012960782 -0.71232039
vn -0.70027781 0 -0.71387041
vn -0.70027781 0 -0.71387041
vn 0.99147046 -0.13032916 -0.00081820315
vn 0.99254721 -0.12185912 -0.00067694508
vn 1 0 0
vn 1 0 0
vn -0.69736195 -0.16545312 -0.69736034
vn -0.69736207 -0.16545309 -0.69736034
vn -0.70710731 0 -0.70710629
vn -0.70710731 0 -0.70710629
vn -0.71193606 0.0016130932 0.70224237
vn -0.71231723 0.0012951096 0.70185649
vn -0.71386677 0 0.70028156
vn -0.71386677 0 0.70028156
vn 0.70224106 0.0016136913 0.71193737
vn 0.70185465 0.0012955978 0.71231902
vn 0.7002781 0 0.71387017
vn 0.7002781 0 0.71387017
vn -0.99254721 -0.12185891 -0.00067694706
vn -0.99147046 -0.13032897 -0.0008175968
vn -1 0 0
vn -1 0 0
vn -0.69736081 -0.16545242 0.69736165
vn -0.69736081 -0.1654525 0.69736165
vn -0.70710629 0 0.70710737
vn -0.70710629 0 0.70710737
vn 0.711936 0.0016134891 -0.70224249
vn 0.71231759 0.0012954196 -0.70185614
vn 0.71386874 0 -0.70027947
vn 0.71386874 0 -0.70027947
vn -0.00082753832 -0.13032502 -0.99147099
vn -0.00070227461 -0.12184753 -0.99254858
vn 0 0 -1
vn 0 0 -1
vn 0.69736093 -0.16545218 -0.69736171
vn 0.69736087 -0.1654522 -0.69736165
vn 0.70710623 0 -0.70710725
vn 0.70710623 0 -0.70710725
vn -0.9914704 -0.13032891 0.00082110247
vn -0.99254739 -0.1218574 0.00068217062
vn -1 0 0
vn -1 0 0
vn 0.69736034 -0.16545239 0.69736218
vn 0.6973604 -0.16545229 0.69736224
vn 0.70710522 0 0.70710832
vn 0.70710522 0 0.70710832
vn -0.0007026231 -0.12184706 0.99254864
vn -0.00082787027 -0.13032472 0.99147105
vn 0 0 1
vn 0 0 1
vn -0.70185709 0.0012956024 0.71231675
vn -0.70224327 0.0016136976 0.7119351
vn -0.7002809 0 0.71386743
vn -0.7002809 0 0.71386743
vn 0.70708185 1.8721161e-05 -0.70713168
vn 0.70708185 1.8721161e-05 -0.70713168
vn 0.70708048 1.9171128e-05 -0.707133
vn 0.70708054 1.9172663e-05 -0.70713305
vn 0.34694615 -0.93788505 -1.7665801e-07
vn 0.5257321 -0.85065025 -9.148188e-08
vn 0.52573216 -0.85065019 0
vn 0.34694579 -0.93788522 0
vn 0.7264539 -0.68721515 3.1225335e-07
vn 0.88468331 -0.4661918 0.00077751209
vn 0.88484007 -0.46589372 0.0010401035
vn 0.72645396 -0.68721509 4.1332797e-07
vn 0.95222068 -0.30541116 8.6707641e-06
vn 0.99122226 -0.13207278 -0.0059338356
vn 0.99230617 -0.1236342 -0.0065684984
vn 0.95214945 -0.30562735 -0.001861425
vn 0.70188165 0.0012879777 -0.71229237
vn 0.70552337 0.0014646726 -0.70868504
vn 0.7055161 0.0014714522 -0.70869237
vn 0.7022807 0.0016093192 -0.71189827
vn -0.52573192 -0.85065025 -2.0348463e-07
vn -0.72645313 -0.68721604 -2.9805366e-07
vn -0.6831702 -0.73025918 0
vn -0.49164546 -0.87079537 2.6314552e-07
vn -0.72645313 -0.68721604 -2.9805366e-07
vn -0.88468301 -0.46619245 0.00077636971
vn -0.87158602 -0.49024242 0.00037903071
vn -0.6831702 -0.73025918 0
vn 0.7002793 0 -0.71386904
vn 0.70188165 0.0012879777 -0.71229237
vn 0.7022807 0.0016093192 -0.71189827
vn 0.7002793 0 -0.71386904
vn 0.5257321 -0.85065025 -9.148188e-08
vn 0.7264539 -0.68721515 3.1225335e-07
vn 0.72645396 -0.68721509 4.1332797e-07
vn 0.52573216 -0.85065019 0
vn 0.88468331 -0.4661918 0.00077751209
vn 0.95222068 -0.30541116 8.6707641e-06
vn 0.95214945 -0.30562735 -0.001861425
vn 0.88484007 -0.46589372 0.0010401035
vn -0.34694654 -0.93788499 1.5237293e-07
vn -0.52573192 -0.85065025 -2.0348463e-07
vn -0.49164546 -0.87079537 2.6314552e-07
vn -0.29801792 -0.95456028 2.7520289e-07
vn -3.9113317e-07 -1 -2.4883121e-08
vn -0.34694654 -0.93788499 1.5237293e-07
vn -0.29801792 -0.95456028 2.7520289e-07
vn 2.302377e-07 -1 -4.976653e-08
vn -3.9113317e-07 -1 -2.4883121e-08
vn 0.34694615 -0.93788505 -1.7665801e-07
vn 0.34694579 -0.93788522 0
vn -7.8226617e-07 -1 0
vn -0.88468301 -0.46619245 0.00077636971
vn -0.95142037 -0.30788988 0.0017928814
vn -0.94724417 -0.32050833 0.0017030874
vn -0.87158602 -0.49024242 0.00037903071
vn -0.95142037 -0.30788988 0.0017928814
vn -0.9914704 -0.13032891 0.00082110247
vn -0.94724417 -0.32050833 0.0017030874
vn 0 -0.68721527 0.72645384
vn -1.2381841e-07 -0.85020339 0.52645439
vn -3.5623862e-07 -0.8702054 0.49268916
vn 0 -0.73025864 0.6831708
vn -0.00082787027 -0.13032472 0.99147105
vn -0.0017891168 -0.3079021 0.95141643
vn -0.0016552741 -0.32052797 0.94723761
vn -1.2381841e-07 -0.85020339 0.52645439
vn -2.2168717e-07 -0.93776238 0.34727755
vn -4.178066e-07 -0.95466071 0.2976962
vn -3.5623862e-07 -0.8702054 0.49268916
vn 9.7974798e-08 -0.93788505 -0.34694618
vn 3.9833858e-10 -0.99999994 -0.00049554836
vn 0 -0.99999994 -0.00049498619
vn 0 -0.93788511 -0.34694591
vn 0 -0.85065007 -0.52573216
vn 9.7974798e-08 -0.93788505 -0.34694618
vn 0 -0.93788511 -0.34694591
vn 0 -0.85065007 -0.52573222
vn -0.00075815676 -0.46621063 -0.88467336
vn 0 -0.68721521 -0.7264539
vn 0 -0.68721509 -0.72645396
vn -0.0010394115 -0.46591511 -0.88482887
vn -0.00082753832 -0.13032502 -0.99147099
vn -0.001788979 -0.30790317 -0.95141596
vn -0.0017327111 -0.30730197 -0.95161039
vn -0.00070227461 -0.12184753 -0.99254858
vn 0.71231633 0.0012954321 0.70185745
vn 0.70872486 0.0014724995 0.70548356
vn 0.70872724 0.0014747339 0.70548105
vn 0.71193522 0.0016134949 0.70224321
vn -0.0017891168 -0.3079021 0.95141643
vn -0.00075813377 -0.46621084 0.88467324
vn -0.000351353 -0.49025345 0.87157983
vn -0.0016552741 -0.32052797 0.94723761
vn -0.00075813377 -0.46621084 0.88467324
vn 0 -0.68721527 0.72645384
vn 0 -0.73025864 0.6831708
vn -0.000351353 -0.49025345 0.87157983
vn -2.2168717e-07 -0.93776238 0.34727755
vn 3.9833858e-10 -0.99999994 -0.00049554836
vn 3.0007424e-10 -1 -0.00018692801
vn -4.178066e-07 -0.95466071 0.2976962
vn 0 -0.68721521 -0.7264539
vn 0 -0.85065007 -0.52573216
vn 0 -0.85065007 -0.52573222
vn 0 -0.68721509 -0.72645396
vn -0.001788979 -0.30790317 -0.95141596
vn -0.00075815676 -0.46621063 -0.88467336
vn -0.0010394115 -0.46591511 -0.88482887
vn -0.0017327111 -0.30730197 -0.95161039
vn 0.7138654 0 0.70028305
vn 0.71231633 0.0012954321 0.70185745
vn 0.71193522 0.0016134949 0.70224321
vn 0.7138654 0 0.70028305
vn 0.72725391 -0.68636853 0
vn 0.88580638 -0.46405444 -0.00077969453
vn 0.87306368 -0.48760605 -0.00038401698
vn 0.68301356 -0.73040569 0
vn 0.88580638 -0.46405444 -0.00077969453
vn 0.95142108 -0.30788741 -0.0017893699
vn 0.94724554 -0.32050404 -0.0017067818
vn 0.87306368 -0.48760605 -0.00038401698
vn 0.34694627 -0.93788505 -1.7625334e-07
vn 0.52467251 -0.85130417 -9.1231229e-08
vn 0.49109697 -0.87110496 -2.622977e-07
vn 0.29801738 -0.9545604 -3.4583687e-07
vn -0.5257318 -0.85065037 -2.9348561e-07
vn -0.72645313 -0.68721604 -8.0805597e-07
vn -0.7264533 -0.68721575 -1.4433339e-06
vn -0.52573216 -0.85065019 -5.9846411e-07
vn -0.88468558 -0.46618772 -0.00078114064
vn -0.95142132 -0.30788657 -0.0017880213
vn -0.95161605 -0.3072848 -0.0017070187
vn -0.8848424 -0.46588933 -0.0010399224
vn -0.34694621 -0.93788499 1.5201485e-07
vn -0.5257318 -0.85065037 -2.9348561e-07
vn -0.52573216 -0.85065019 -5.9846411e-07
vn -0.34694606 -0.93788505 0
vn 4.7913818e-07 -1 -2.4835131e-08
vn 0.34694627 -0.93788505 -1.7625334e-07
vn 0.29801738 -0.9545604 -3.4583687e-07
vn 4.7966179e-08 -1 -4.9670366e-08
vn 0.95142108 -0.30788741 -0.0017893699
vn 0.99147046 -0.13032916 -0.00081820315
vn 0.94724554 -0.32050404 -0.0017067818
vn 0.52467251 -0.85130417 -9.1231229e-08
vn 0.72725391 -0.68636853 0
vn 0.68301356 -0.73040569 0
vn 0.49109697 -0.87110496 -2.622977e-07
vn 4.7913818e-07 -1 -2.4835131e-08
vn -0.34694621 -0.93788499 1.5201485e-07
vn -0.34694606 -0.93788505 0
vn 8.9960628e-07 -1 0
vn -0.72645313 -0.68721604 -8.0805597e-07
vn -0.88468558 -0.46618772 -0.00078114064
vn -0.8848424 -0.46588933 -0.0010399224
vn -0.7264533 -0.68721575 -1.4433339e-06
vn -0.95142132 -0.30788657 -0.0017880213
vn -0.99147046 -0.13032897 -0.0008175968
vn -0.99254721 -0.12185891 -0.00067694706
vn -0.95161605 -0.3072848 -0.0017070187
vn 0 -0.46657202 -0.88448322
vn 0 -0.68721521 -0.72645384
vn 0 -0.73025864 -0.68317068
vn 0 -0.49030098 -0.87155312
vn 0 -0.68721545 0.7264536
vn 0 -0.85064995 0.52573252
vn 0 -0.85042679 0.52609342
vn 0 -0.68721569 0.72645342
vn 0 -0.30784315 0.95143706
vn 0 -0.46657255 0.88448292
vn -0.00051981671 -0.46624437 0.88465571
vn 0 -0.30784282 0.95143729
vn -9.6788e-08 -0.93788499 0.34694633
vn 6.577629e-10 -1 -5.96478e-07
vn -6.9101134e-07 -0.99999994 -0.00024848621
vn 0 -0.93788505 0.34694615
vn 0 -0.68721521 -0.72645384
vn 1.2247108e-07 -0.85065037 -0.52573186
vn 3.5120266e-07 -0.87059861 -0.49199393
vn 0 -0.73025864 -0.68317068
vn 0 -0.12968755 -0.99155486
vn 0 -0.30784345 -0.951437
vn 0 -0.31993592 -0.94743919
vn 1.2247108e-07 -0.85065037 -0.52573186
vn 2.2013869e-07 -0.93788487 -0.34694639
vn 4.1628536e-07 -0.95431542 -0.29880092
vn 3.5120266e-07 -0.87059861 -0.49199393
vn 0 -0.30784345 -0.951437
vn 0 -0.46657202 -0.88448322
vn 0 -0.49030098 -0.87155312
vn 0 -0.31993592 -0.94743919
vn 2.2013869e-07 -0.93788487 -0.34694639
vn 6.577629e-10 -1 -5.96478e-07
vn -4.7802948e-09 -0.99999267 0.0038290916
vn 4.1628536e-07 -0.95431542 -0.29880092
vn 0 -0.46657255 0.88448292
vn 0 -0.68721545 0.7264536
vn 0 -0.68721569 0.72645342
vn -0.00051981671 -0.46624437 0.88465571
vn 0 -0.12968728 0.99155492
vn 0 -0.30784315 0.95143706
vn 0 -0.30784282 0.95143729
vn -0.00035129793 -0.12153192 0.99258745
vn 0 -0.85064995 0.52573252
vn -9.6788e-08 -0.93788499 0.34694633
vn 0 -0.93788505 0.34694615
vn 0 -0.85042679 0.52609342
vn 0 -0.9377622 0.34727797
vn -6.9101134e-07 -0.99999994 -0.00024848621
vn -6.905691e-07 -0.99999988 -0.00049573905
vn -2.2168719e-07 -0.93776232 0.34727785
vn 0.29801801 -0.95456028 -3.0462502e-07
vn 0.49164528 -0.87079561 -2.0408858e-07
vn 0.52573204 -0.85065025 -4.4745402e-08
vn 0.3469463 -0.93788505 -1.5433743e-07
vn 0.49164528 -0.87079561 -2.0408858e-07
vn 0.68317062 -0.7302587 1.1748596e-07
vn 0.72645396 -0.68721515 2.50038e-07
vn 0.52573204 -0.85065025 -4.4745402e-08
vn 0.68317062 -0.7302587 1.1748596e-07
vn 0.87158668 -0.49024117 0.0003788211
vn 0.88468343 -0.46619162 0.00077698193
vn 0.72645396 -0.68721515 2.50038e-07
vn 0.87158668 -0.49024117 0.0003788211
vn 0.94819331 -0.31768948 0.0016717232
vn 0.95222056 -0.3054111 8.2492033e-06
vn 0.88468343 -0.46619162 0.00077698193
vn 0.94819331 -0.31768948 0.0016717232
vn 0.99122226 -0.13207294 -0.0059338366
vn 0.95222056 -0.3054111 8.2492033e-06
vn 1.6308499e-07 -1 3.104488e-09
vn -0.29801729 -0.95456046 3.2716832e-07
vn -0.34694609 -0.93788511 -1.3878738e-06
vn 8.8493903e-07 -1 -1.162594e-06
vn 0 -0.87079531 0.49164563
vn 0 -0.85064983 0.52573252
vn 0 -0.68721551 0.7264536
vn 0 -0.73025882 0.68317056
vn 0 -0.73025882 0.68317056
vn 0 -0.68721551 0.7264536
vn 0 -0.46657267 0.88448286
vn 0 -0.4903017 0.87155277
vn 0 -0.4903017 0.87155277
vn 0 -0.46657267 0.88448286
vn 0 -0.30784297 0.95143723
vn 0 -0.3199352 0.94743943
vn 0 -0.3199352 0.94743943
vn 0 -0.30784297 0.95143723
vn 0 -0.12968726 0.99155498
vn 0.34694651 -0.93788487 -1.150089e-07
vn 0.52520221 -0.85097748 -3.6392396e-07
vn 0.52467239 -0.85130417 -5.8592173e-07
vn 0.34694639 -0.93788499 -7.333382e-07
vn -6.942613e-07 -1 -1.14756e-08
vn -0.34694627 -0.93788505 -6.3702693e-08
vn -0.34694639 -0.93788487 1.2502585e-07
vn -2.6401489e-07 -1 -4.9601625e-09
vn 2.8793036e-07 -0.95456034 -0.29801765
vn -5.764735e-07 -0.93788493 -0.34694642
vn 0 -0.85065025 -0.5257321
vn 0 -0.87115604 -0.49100634
vn 0 -0.87115604 -0.49100634
vn 0 -0.85065025 -0.5257321
vn 0 -0.68721533 -0.72645372
vn 0 -0.72913748 -0.68436718
vn 0 -0.72913748 -0.68436718
vn 0 -0.68721533 -0.72645372
vn -0.00075815752 -0.46621066 -0.88467336
vn -0.00035507194 -0.48959637 -0.87194908
vn -0.00035507194 -0.48959637 -0.87194908
vn -0.00075815752 -0.46621066 -0.88467336
vn -0.0017889772 -0.30790284 -0.95141613
vn -0.0016556456 -0.32052922 -0.94723725
vn -0.0016556456 -0.32052922 -0.94723725
vn -0.0017889772 -0.30790284 -0.95141613
vn -0.00082753814 -0.13032469 -0.99147105
vn 2.7820383e-07 -1 1.5551168e-09
vn 0.29801801 -0.95456028 -3.0462502e-07
vn 0.3469463 -0.93788505 -1.5433743e-07
vn -2.6401489e-07 -1 -4.9601625e-09
vn -0.49164516 -0.87079561 2.1248427e-07
vn -0.6831699 -0.73025942 -3.1008395e-07
vn -0.72645372 -0.68721545 -1.2984669e-06
vn -0.5257318 -0.85065037 -1.2955654e-06
vn -0.6831699 -0.73025942 -3.1008395e-07
vn -0.87158829 -0.49023846 -0.00038473011
vn -0.88468575 -0.46618727 -0.00078092492
vn -0.72645372 -0.68721545 -1.2984669e-06
vn -0.87158829 -0.49023846 -0.00038473011
vn -0.94724572 -0.3205038 -0.0017094403
vn -0.9514212 -0.30788741 -0.00179105
vn -0.88468575 -0.46618727 -0.00078092492
vn -0.94724572 -0.3205038 -0.0017094403
vn -0.9914704 -0.13032992 -0.00081736175
vn -0.9514212 -0.30788741 -0.00179105
vn -0.29801729 -0.95456046 3.2716832e-07
vn -0.49164516 -0.87079561 2.1248427e-07
vn -0.5257318 -0.85065037 -1.2955654e-06
vn -0.34694609 -0.93788511 -1.3878738e-06
vn -0.88483995 -0.46589392 0.0010388698
vn -0.9516148 -0.30728868 0.0017116719
vn -0.95142007 -0.30789039 0.0017895581
vn -0.88468313 -0.46619213 0.00077617081
vn -0.5257318 -0.85065037 -1.8870637e-07
vn -0.72645342 -0.68721575 -1.4902676e-07
vn -0.72645348 -0.68721551 -1.7068199e-07
vn -0.52573192 -0.85065031 -5.3419477e-08
vn -0.9516148 -0.30728868 0.0017116719
vn -0.99254739 -0.1218575 0.00068181002
vn -0.9914704 -0.13032903 0.00081995578
vn -0.95142007 -0.30789039 0.0017895581
vn -0.72645342 -0.68721575 -1.4902676e-07
vn -0.88483995 -0.46589392 0.0010388698
vn -0.88468313 -0.46619213 0.00077617081
vn -0.72645348 -0.68721551 -1.7068199e-07
vn -2.8444251e-07 -0.95456034 0.29801768
vn -9.6788021e-08 -0.93788499 0.34694633
vn 0 -0.85064983 0.52573252
vn 0 -0.87079531 0.49164563
vn -0.0017333203 -0.30730155 0.95161057
vn -0.00051981671 -0.46624437 0.88465571
vn -0.00075813546 -0.46621111 0.88467318
vn -0.0017891226 -0.30790266 0.95141613
vn 0 -0.68721569 0.72645342
vn 0 -0.85042679 0.52609342
vn -1.2381838e-07 -0.85020334 0.52645439
vn 0 -0.68721551 0.7264536
vn 6.9426125e-07 -1 -9.1168368e-07
vn 0.34694651 -0.93788487 -1.150089e-07
vn 0.34694639 -0.93788499 -7.333382e-07
vn 8.8493903e-07 -1 -1.162594e-06
vn -0.00035129793 -0.12153192 0.99258745
vn -0.0017333203 -0.30730155 0.95161057
vn -0.0017891226 -0.30790266 0.95141613
vn -0.0008278712 -0.13032462 0.99147105
vn -0.00051981671 -0.46624437 0.88465571
vn 0 -0.68721569 0.72645342
vn 0 -0.68721551 0.7264536
vn -0.00075813546 -0.46621111 0.88467318
vn 0 -0.85042679 0.52609342
vn 0 -0.9377622 0.34727797
vn -2.2168719e-07 -0.93776232 0.34727785
vn -1.2381838e-07 -0.85020334 0.52645439
vn 0.95188296 -0.30645642 -0.0017851255
vn 0.9924314 -0.12274697 -0.0036228453
vn 0.99147034 -0.13032965 -0.00081971491
vn 0.95142108 -0.30788749 -0.0017905631
vn 0.72725374 -0.68636864 -8.1355199e-07
vn 0.8854025 -0.464825 -1.513538e-07
vn 0.88580644 -0.46405435 -0.00078063121
vn 0.72725397 -0.68636847 -3.4215844e-07
vn -0.34694627 -0.93788505 -6.3702693e-08
vn -0.5257318 -0.85065037 -1.8870637e-07
vn -0.52573192 -0.85065031 -5.3419477e-08
vn -0.34694639 -0.93788487 1.2502585e-07
vn 0.8854025 -0.464825 -1.513538e-07
vn 0.95188296 -0.30645642 -0.0017851255
vn 0.95142108 -0.30788749 -0.0017905631
vn 0.88580644 -0.46405435 -0.00078063121
vn 0.52520221 -0.85097748 -3.6392396e-07
vn 0.72725374 -0.68636864 -8.1355199e-07
vn 0.72725397 -0.68636847 -3.4215844e-07
vn 0.52467239 -0.85130417 -5.8592173e-07
vn 3.0009251e-10 -1 -0.00018697591
vn -6.905691e-07 -0.99999988 -0.00049573905
vn -5.764735e-07 -0.93788493 -0.34694642
vn 2.8793036e-07 -0.95456034 -0.29801765
vn 0 -0.12121746 -0.99262589
vn 0 -0.30784324 -0.95143712
vn 0 -0.30784321 -0.95143712
vn 0 -0.12968762 -0.99155486
vn 0 -0.4665722 -0.88448304
vn 0 -0.68721527 -0.72645384
vn 0 -0.68721527 -0.72645378
vn 0 -0.46657205 -0.88448322
vn 0 -0.85065037 -0.52573186
vn 0 -0.93788487 -0.34694651
vn 2.2013869e-07 -0.93788487 -0.34694639
vn 1.2247111e-07 -0.85065037 -0.52573192
vn -4.7802393e-09 -0.99999267 0.0038290233
vn 6.5779099e-10 -1 -5.3780815e-07
vn -9.6788021e-08 -0.93788499 0.34694633
vn -2.8444251e-07 -0.95456034 0.29801768
vn 0 -0.30784324 -0.95143712
vn 0 -0.4665722 -0.88448304
vn 0 -0.46657205 -0.88448322
vn 0 -0.30784321 -0.95143712
vn 0 -0.68721527 -0.72645384
vn 0 -0.85065037 -0.52573186
vn 1.2247111e-07 -0.85065037 -0.52573192
vn 0 -0.68721527 -0.72645378
vn 0 -0.93788487 -0.34694651
vn 0 -1 -1.1440645e-06
vn 6.5779099e-10 -1 -5.3780815e-07
vn 2.2013869e-07 -0.93788487 -0.34694639
vn -0.70695227 -0.00021554893 -0.70726115
vn -0.71696538 0.0010066169 -0.69710803
vn -0.7169379 0.0010072833 -0.69713634
vn -0.70695162 -0.00021641247 -0.70726192
vn 0.69956869 -0.028054778 -0.71401447
vn 0.70369786 -0.011911958 -0.71039945
vn 0.70369911 -0.011906838 -0.71039826
vn 0.69956869 -0.028054778 -0.71401447
vn 0.70816004 -0.0055078375 0.70603049
vn 0.70714658 0.00095470034 0.70706636
vn 0.70714629 0.00095225859 0.70706666
vn 0.70816445 -0.0055177617 0.70602584
vn 0.71064287 -0.014038994 -0.70341277
vn 0.71401978 -0.028075352 -0.69956237
vn 0.71401978 -0.028075352 -0.69956237
vn 0.7106418 -0.014034631 -0.70341396
vn -0.69956082 -0.028083153 0.71402097
vn -0.70341378 -0.014042364 0.71064186
vn -0.70341504 -0.014037753 0.71064073
vn -0.69956082 -0.028083153 0.71402097
vn 0.70710653 1.3369429e-08 -0.70710701
vn 0.71064287 -0.014038994 -0.70341277
vn 0.7106418 -0.014034631 -0.70341396
vn 0.70710659 1.3612317e-08 -0.70710701
vn -0.70607841 -0.00098919997 -0.70813298
vn -0.70695227 -0.00021554893 -0.70726115
vn -0.70695162 -0.00021641247 -0.70726192
vn -0.70607835 -0.00098933268 -0.7081331
vn -0.70952326 -0.009094839 0.70462328
vn -0.71084148 -0.015993645 0.70317048
vn -0.71084052 -0.015990153 0.70317137
vn -0.70952696 -0.009104209 0.70461947
vn -0.70341378 -0.014042364 0.71064186
vn -0.70710802 1.2352627e-06 0.70710552
vn -0.70710802 1.2354005e-06 0.70710546
vn -0.70341504 -0.014037753 0.71064073
vn 0.70714658 0.00095470034 0.70706636
vn 0.70699418 0.002308982 0.70721567
vn 0.7069934 0.0023063459 0.70721638
vn 0.70714629 0.00095225859 0.70706666
vn 0.70369786 -0.011911958 -0.71039945
vn 0.70442182 0.01349732 -0.7096532
vn 0.7044332 0.013464656 -0.70964253
vn 0.70369911 -0.011906838 -0.71039826
vn 0.70710588 -2.3903053e-07 -0.7071076
vn 0.70710653 1.3369429e-08 -0.70710701
vn 0.70710659 1.3612317e-08 -0.70710701
vn 0.70710593 -2.3903684e-07 -0.70710766
vn -0.70839947 0.001307925 -0.70581043
vn -0.70607841 -0.00098919997 -0.70813298
vn -0.70607835 -0.00098933268 -0.7081331
vn -0.70840251 0.0013104 -0.70580751
vn -0.71403223 -0.012699474 0.6999976
vn -0.70952326 -0.009094839 0.70462328
vn -0.70952696 -0.009104209 0.70461947
vn -0.71404332 -0.012694042 0.69998646
vn -0.70710802 1.2352627e-06 0.70710552
vn -0.70710629 4.7806191e-07 0.70710731
vn -0.70710629 4.7807384e-07 0.70710731
vn -0.70710802 1.2354005e-06 0.70710546
vn 0.70699418 0.002308982 0.70721567
vn 0.70515633 0.0016369856 0.70904988
vn 0.70515442 0.0016389625 0.70905191
vn 0.7069934 0.0023063459 0.70721638
vn 0.70442182 0.01349732 -0.7096532
vn 0.71584839 0.0072691375 -0.69821793
vn 0.71580154 0.0073192962 -0.69826555
vn 0.7044332 0.013464656 -0.70964253
vn 0.70710564 5.3411645e-07 -0.7071079
vn 0.70710588 -2.3903053e-07 -0.7071076
vn 0.70710593 -2.3903684e-07 -0.70710766
vn 0.70710564 5.3446092e-07 -0.70710796
vn -0.71231973 0.0012955914 -0.70185393
vn -0.70839947 0.001307925 -0.70581043
vn -0.70840251 0.0013104 -0.70580751
vn -0.7119385 0.0016136926 -0.70223993
vn -0.71414846 -0.0068331943 0.69996083
vn -0.71403223 -0.012699474 0.6999976
vn -0.71404332 -0.012694042 0.69998646
vn -0.71416163 -0.0068570161 0.69994718
vn -0.70710629 4.7806191e-07 0.70710731
vn -0.70710611 0 0.70710742
vn -0.70710617 0 0.70710742
vn -0.70710629 4.7807384e-07 0.70710731
vn 0.71584839 0.0072691375 -0.69821793
vn 0.72095102 -0.0029360421 -0.69297981
vn 0.72087526 -0.0028929219 -0.69305879
vn 0.71580154 0.0073192962 -0.69826555
vn 0.70515633 0.0016369856 0.70904988
vn 0.70185435 0.0012954354 0.71231931
vn 0.70224071 0.0016134894 0.71193779
vn 0.70515442 0.0016389625 0.70905191
vn 0.64424676 -0.41218066 0.64424616
vn 0.69736117 -0.16545236 0.69736147
vn 0.69736105 -0.16545236 0.69736135
vn 0.64424688 -0.41218063 0.64424628
vn 0.56896365 -0.59376919 0.56896269
vn 0.64424676 -0.41218066 0.64424616
vn 0.64424688 -0.41218063 0.64424628
vn 0.56896371 -0.59376913 0.56896275
vn 0.42859322 -0.79537201 0.42859221
vn 0.56896365 -0.59376919 0.56896269
vn 0.56896371 -0.59376913 0.56896275
vn 0.42859358 -0.79537165 0.42859247
vn 0.28375545 -0.91595131 0.28375348
vn 0.42859322 -0.79537201 0.42859221
vn 0.42859358 -0.79537165 0.42859247
vn 0.28375539 -0.91595131 0.28375345
vn 0.18050937 -0.96684885 0.18060927
vn 0.28375545 -0.91595131 0.28375348
vn 0.28375539 -0.91595131 0.28375345
vn 0.18050946 -0.96684885 0.18060936
vn -0.69736028 -0.16545232 0.69736224
vn -0.64424604 -0.41218075 0.64424688
vn -0.64424634 -0.41217998 0.64424717
vn -0.69736034 -0.16545239 0.69736218
vn -0.64424604 -0.41218075 0.64424688
vn -0.56896317 -0.59376919 0.56896317
vn -0.56896311 -0.59376919 0.56896311
vn -0.64424634 -0.41217998 0.64424717
vn -0.56896317 -0.59376919 0.56896317
vn -0.42859101 -0.79537582 0.42858723
vn -0.42859808 -0.79536825 0.42859423
vn -0.56896311 -0.59376919 0.56896311
vn -0.42859101 -0.79537582 0.42858723
vn -0.28339931 -0.91586626 0.28438315
vn -0.28337547 -0.91588098 0.28435975
vn -0.42859808 -0.79536825 0.42859423
vn -0.28339931 -0.91586626 0.28438315
vn -0.18009616 -0.96673077 0.18165076
vn -0.17954931 -0.96693575 0.18109976
vn -0.28337547 -0.91588098 0.28435975
vn 0.64424002 -0.41219664 -0.64424282
vn 0.69736165 -0.1654522 -0.69736087
vn 0.69736171 -0.16545223 -0.69736093
vn 0.64424598 -0.41217795 -0.64424878
vn 0.57061237 -0.59313405 -0.5679732
vn 0.64424002 -0.41219664 -0.64424282
vn 0.64424598 -0.41217795 -0.64424878
vn 0.57057983 -0.59319824 -0.56793886
vn 0.43155265 -0.79459018 -0.42707011
vn 0.57061237 -0.59313405 -0.5679732
vn 0.57057983 -0.59319824 -0.56793886
vn 0.43059054 -0.79562318 -0.4261167
vn 0.28015313 -0.91528505 -0.28942612
vn 0.43155265 -0.79459018 -0.42707011
vn 0.43059054 -0.79562318 -0.4261167
vn 0.27972719 -0.91551685 -0.28910488
vn 0.16964823 -0.96767569 -0.18661018
vn 0.28015313 -0.91528505 -0.28942612
vn 0.27972719 -0.91551685 -0.28910488
vn 0.17545125 -0.96539909 -0.19292879
vn -0.18009616 -0.96673077 0.18165076
vn -0.12303504 -0.98460537 0.12415572
vn -0.12303504 -0.98460537 0.12415572
vn -0.17954931 -0.96693575 0.18109976
vn 0.11617228 -0.98489767 -0.12837604
vn 0.16964823 -0.96767569 -0.18661018
vn 0.17545125 -0.96539909 -0.19292879
vn 0.11617228 -0.98489767 -0.12837604
vn -0.64420092 -0.41227806 -0.64422965
vn -0.69736075 -0.16545263 -0.69736183
vn -0.69736075 -0.16545263 -0.69736183
vn -0.64424264 -0.41214779 -0.64427137
vn -0.56113482 -0.59080142 -0.57972527
vn -0.64420092 -0.41227806 -0.64422965
vn -0.64424264 -0.41214779 -0.64427137
vn -0.56176013 -0.58979034 -0.58014917
vn -0.41708905 -0.79063141 -0.44826189
vn -0.56113482 -0.59080142 -0.57972527
vn -0.56176013 -0.58979034 -0.58014917
vn -0.41174337 -0.7966156 -0.44257319
vn -0.27657595 -0.9165113 -0.2889857
vn -0.41708905 -0.79063141 -0.44826189
vn -0.41174337 -0.7966156 -0.44257319
vn -0.27628344 -0.91672015 -0.28860292
vn -0.18051623 -0.96684533 -0.1806211
vn -0.27657595 -0.9165113 -0.2889857
vn -0.27628344 -0.91672015 -0.28860292
vn -0.18046257 -0.96686542 -0.18056753
vn 0.12364764 -0.98456711 0.12385035
vn 0.18050937 -0.96684885 0.18060927
vn 0.18050946 -0.96684885 0.18060936
vn 0.12364764 -0.98456711 0.12385035
vn -0.12360723 -0.98457813 -0.12380338
vn -0.18051623 -0.96684533 -0.1806211
vn -0.18046257 -0.96686542 -0.18056753
vn -0.12360723 -0.98457813 -0.12380338
vn -0.71084148 -0.015993645 0.70317048
vn -0.71394753 -0.027771046 0.6996482
vn -0.71394753 -0.027771046 0.6996482
vn -0.71084052 -0.015990153 0.70317137
vn -0.70548016 0.0014738434 -0.70872819
vn -0.70185184 0.0012959129 -0.71232176
vn -0.70223773 0.0016140947 -0.71194071
vn -0.7054776 0.0014760871 -0.70873064
vn 0.71195358 -0.022075376 0.70187938
vn 0.70816004 -0.0055078375 0.70603049
vn 0.70816445 -0.0055177617 0.70602584
vn 0.71194154 -0.022005536 0.70189387
vn 0.70872396 0.0014721341 0.70548433
vn 0.70710605 -7.5612593e-07 0.70710754
vn 0.70710605 -7.5563872e-07 0.70710748
vn 0.70872647 0.0014743664 0.70548183
vn -0.71696538 0.0010066169 -0.69710803
vn -0.7047078 -0.0078572044 -0.70945406
vn -0.70461255 -0.0078960396 -0.70954835
vn -0.7169379 0.0010072833 -0.69713634
vn 0.70362127 -0.013138753 0.71045357
vn 0.70109355 -0.027786637 0.71252769
vn 0.70109355 -0.027786637 0.71252769
vn 0.70362103 -0.013140849 0.71045399
vn -0.70710438 8.0117337e-07 -0.70710915
vn -0.70548016 0.0014738434 -0.70872819
vn -0.7054776 0.0014760871 -0.70873064
vn -0.70710438 8.016894e-07 -0.70710915
vn -0.71404576 -0.028775251 -0.6995073
vn -0.71077114 -0.014810883 -0.7032674
vn -0.71076858 -0.01480011 -0.70327014
vn -0.71404576 -0.028775251 -0.6995073
vn 0.70710605 -7.5612593e-07 0.70710754
vn 0.70718259 0.00014289722 0.70703089
vn 0.70718259 0.00014290136 0.70703101
vn 0.70710605 -7.5563872e-07 0.70710748
vn 0.71419853 -0.035433967 0.69904572
vn 0.71195358 -0.022075376 0.70187938
vn 0.71194154 -0.022005536 0.70189387
vn 0.71419853 -0.035433967 0.69904572
vn -0.7047078 -0.0078572044 -0.70945406
vn -0.68303424 -0.016547099 -0.73019892
vn -0.68303424 -0.016547099 -0.73019892
vn -0.70461255 -0.0078960396 -0.70954835
vn -0.70718229 -0.00014461071 -0.70703125
vn -0.70710438 8.0117337e-07 -0.70710915
vn -0.70710438 8.016894e-07 -0.70710915
vn -0.70718235 -0.00014461453 -0.70703125
vn 0.70718259 0.00014289722 0.70703089
vn 0.70662457 0.0008962492 0.70758814
vn 0.70662433 0.00089645264 0.70758843
vn 0.70718259 0.00014290136 0.70703101
vn 0.71100479 0.0026273674 -0.70318234
vn 0.71231967 0.0012955858 -0.70185399
vn 0.7119382 0.0016136961 -0.70224023
vn 0.71100384 0.0026278454 -0.70318323
vn -0.7087248 0.001472135 0.7054835
vn -0.71231717 0.0012951113 0.70185655
vn -0.71193624 0.0016130948 0.70224231
vn -0.70872724 0.0014743672 0.70548099
vn -0.70729947 -0.00056283566 -0.70691383
vn -0.70718229 -0.00014461071 -0.70703125
vn -0.70718235 -0.00014461453 -0.70703125
vn -0.70729947 -0.00056302844 -0.70691365
vn -0.70185393 0.0012957552 0.71231967
vn -0.70775515 0.00032793274 0.70645779
vn -0.70774943 0.00033185209 0.70646358
vn -0.70223993 0.0016138884 0.71193856
vn 0.70662457 0.0008962492 0.70758814
vn 0.70362127 -0.013138753 0.71045357
vn 0.70362103 -0.013140849 0.71045399
vn 0.70662433 0.00089645264 0.70758843
vn 0.72095102 -0.0029360421 -0.69297981
vn 0.71100479 0.0026273674 -0.70318234
vn 0.71100384 0.0026278454 -0.70318323
vn 0.72087526 -0.0028929219 -0.69305879
vn -0.71077114 -0.014810883 -0.7032674
vn -0.70729947 -0.00056283566 -0.70691383
vn -0.70729947 -0.00056302844 -0.70691365
vn -0.71076858 -0.01480011 -0.70327014
vn -0.70710611 0 0.70710742
vn -0.7087248 0.001472135 0.7054835
vn -0.70872724 0.0014743672 0.70548099
vn -0.70710617 0 0.70710742
vn -0.70775515 0.00032793274 0.70645779
vn -0.71414846 -0.0068331943 0.69996083
vn -0.71416163 -0.0068570161 0.69994718
vn -0.70774943 0.00033185209 0.70646358
vn 0.70552307 0.0014644848 -0.7086854
vn 0.70710564 5.3411645e-07 -0.7071079
vn 0.70710564 5.3446092e-07 -0.70710796
vn 0.70551574 0.0014712632 -0.70869273
vn 0.70550758 0.00010387354 0.7087025
vn 0.70550758 0.00010387354 0.7087025
vn 0.70550752 0.00010463526 0.70870245
vn 0.70550752 0.00010463486 0.70870245
vn -0.70097262 -0.0081853811 -0.71314114
vn -0.70097262 -0.0081853811 -0.71314114
vn -0.69955862 -0.0014393613 -0.71457368
vn -0.6995585 -0.0014384839 -0.71457392
vn -0.707434 -1.6576838e-05 0.70677948
vn -0.707434 -1.6576838e-05 0.70677948
vn -0.7074337 -1.7063197e-05 0.70677972
vn -0.7074337 -1.7063174e-05 0.70677972
vn 0.00089463149 -0.67106104 -0.74140167
vn 0.00089383975 -0.6719808 -0.74056804
vn 0.00096886104 -0.57058972 -0.82123458
vn 0.81381643 -0.58112025 0.0014755918
vn 0.81456798 -0.58006632 0.0014583397
vn 0.77851933 -0.62761915 0.0013948214
vn 0.7361095 -0.67686117 0.0013338
vn -0.0012819313 -0.58021659 0.81446117
vn 0.0008153597 -0.67818046 0.73489493
vn 0.001425111 -0.70474052 0.70946372
vn -0.81397736 -0.58089536 -0.001182478
vn -0.73511297 -0.67794383 -0.0010583096
vn -0.73527551 -0.67776746 -0.0010585642
vn 0.001425111 -0.70474052 0.70946372
vn 0.0008153597 -0.67818046 0.73489493
vn 0.0032040738 -0.77719837 0.62924761
vn 0.0032040738 -0.77719837 0.62924761
vn -0.6995585 -0.0014384839 -0.71457392
vn -0.69955862 -0.0014393613 -0.71457368
vn -0.69661075 0.012123732 -0.71734667
vn 0.70707935 1.8082905e-05 -0.70713425
vn 0.70707947 1.8080287e-05 -0.70713425
vn 0.7070756 1.9623796e-05 -0.70713782
vn 0.70550752 0.00010463486 0.70870245
vn 0.70550752 0.00010463526 0.70870245
vn 0.70550758 0.00010616679 0.70870239
vn 0.70550758 0.00010616679 0.70870239
vn -0.7074337 -1.7063174e-05 0.70677972
vn -0.7074337 -1.7063197e-05 0.70677972
vn -0.7074331 -1.8041095e-05 0.7067802
vn 0.00089463149 -0.67106104 -0.74140167
vn 0.00079066574 -0.77324378 -0.63410848
vn 0.00089383975 -0.6719808 -0.74056804
vn 0.77851933 -0.62761915 0.0013948214
vn 0.81456798 -0.58006632 0.0014583397
vn 0.8162086 -0.57775551 0.0014205625
vn -0.73511297 -0.67794383 -0.0010583096
vn -0.63094544 -0.77582663 -0.00089620019
vn -0.73527551 -0.67776746 -0.0010585642
vn 0.77851933 -0.62761915 0.0013948214
vn 0.63332951 -0.77388144 0.0011464331
vn 0.7361095 -0.67686117 0.0013338
vn 0.99230617 -0.12363438 -0.0065684984
vn 0.99122226 -0.13207294 -0.0059338366
vn 0.99994642 -0.0073163114 -0.0073161726
vn 0.99994642 -0.0073163114 -0.0073161726
vn -0.71231973 0.0012955914 -0.70185393
vn -0.7119385 0.0016136926 -0.70223993
vn -0.71386939 0 -0.70027876
vn -0.71386939 0 -0.70027876
vn 0 -0.12968726 0.99155498
vn 0 -0.12121712 0.99262601
vn 0 0 1
vn 0 0 1
vn 0 -0.12121746 -0.99262589
vn 0 -0.12968762 -0.99155486
vn 0 0 -1
vn 0 0 -1
vn -0.70223773 0.0016140947 -0.71194071
vn -0.70185184 0.0012959129 -0.71232176
vn -0.70027709 0 -0.71387106
vn -0.70027709 0 -0.71387106
vn 0.99147034 -0.13032965 -0.00081971491
vn 0.9924314 -0.12274697 -0.0036228453
vn 0.99998665 -0.0036582111 -0.0036590248
vn 1 0 -1.7890826e-06
vn -0.69736075 -0.16545263 -0.69736183
vn -0.69736075 -0.16545263 -0.69736183
vn -0.70710677 0 -0.70710677
vn -0.70710677 0 -0.70710677
vn -0.71193624 0.0016130948 0.70224231
vn -0.71231717 0.0012951113 0.70185655
vn -0.71386606 0 0.70028228
vn -0.71386606 0 0.70028228
vn 0.70224071 0.0016134894 0.71193779
vn 0.70185435 0.0012954354 0.71231931
vn 0.7002781 0 0.71387017
vn 0.7002781 0 0.71387017
vn -0.99254745 -0.12185824 3.1036996e-06
vn -0.9914704 -0.13032992 -0.00081736175
vn -1 0 1.9380955e-06
vn -0.99999994 0 9.6904625e-07
vn -0.69736028 -0.16545232 0.69736224
vn -0.69736034 -0.16545239 0.69736218
vn -0.70710576 0 0.70710784
vn -0.70710576 0 0.70710784
vn 0.7119382 0.0016136961 -0.70224023
vn 0.71231967 0.0012955858 -0.70185399
vn 0.71387017 0 -0.7002781
vn 0.71387017 0 -0.7002781
vn -0.00082753814 -0.13032469 -0.99147105
vn -0.00035112369 -0.12153222 -0.99258745
vn 0 0 -1
vn 0 0 -1
vn 0.69736171 -0.16545223 -0.69736093
vn 0.69736165 -0.1654522 -0.69736087
vn 0.70710731 0 -0.70710629
vn 0.70710731 0 -0.70710629
vn -0.9914704 -0.13032903 0.00081995578
vn -0.99254739 -0.1218575 0.00068181002
vn -1 0 0
vn -1 0 0
vn 0.69736105 -0.16545236 0.69736135
vn 0.69736117 -0.16545236 0.69736147
vn 0.70710629 0 0.70710737
vn 0.70710629 0 0.70710737
vn -0.00035129793 -0.12153192 0.99258745
vn -0.0008278712 -0.13032462 0.99147105
vn 0 0 1
vn 0 0 1
vn -0.70185393 0.0012957552 0.71231967
vn -0.70223993 0.0016138884 0.71193856
vn -0.70027876 0 0.71386945
vn -0.70027876 0 0.71386945
vn 0.70708114 1.7312423e-05 -0.70713234
vn 0.70708114 1.7312423e-05 -0.70713234
vn 0.70707947 1.8080287e-05 -0.70713425
vn 0.70707935 1.8082905e-05 -0.70713425
vn 0.3469463 -0.93788505 -1.5433743e-07
vn 0.52573204 -0.85065025 -4.4745402e-08
vn 0.5257321 -0.85065013 0
vn 0.346946 -0.93788511 1.1199854e-08
vn 0.72645396 -0.68721515 2.50038e-07
vn 0.88468343 -0.46619162 0.00077698193
vn 0.88484007 -0.46589357 0.0010401037
vn 0.72645378 -0.68721527 4.1332788e-07
vn 0.95222056 -0.3054111 8.2492033e-06
vn 0.99122226 -0.13207294 -0.0059338366
vn 0.99230617 -0.12363438 -0.0065684984
vn 0.95214945 -0.30562741 -0.0018614248
vn 0.70188135 0.0012878124 -0.71229267
vn 0.70552307 0.0014644848 -0.7086854
vn 0.70551574 0.0014712632 -0.70869273
vn 0.70228028 0.0016091127 -0.71189868
vn -0.52573192 -0.85065031 -5.3419477e-08
vn -0.72645348 -0.68721551 -1.7068199e-07
vn -0.6831705 -0.730259 -1.8526758e-07
vn -0.49164549 -0.87079549 1.9312431e-07
vn -0.72645348 -0.68721551 -1.7068199e-07
vn -0.88468313 -0.46619213 0.00077617081
vn -0.8715862 -0.49024194 0.00037848001
vn -0.6831705 -0.730259 -1.8526758e-07
vn 0.7002793 0 -0.71386904
vn 0.70188135 0.0012878124 -0.71229267
vn 0.70228028 0.0016091127 -0.71189868
vn 0.7002793 0 -0.71386904
vn 0.52573204 -0.85065025 -4.4745402e-08
vn 0.72645396 -0.68721515 2.50038e-07
vn 0.72645378 -0.68721527 4.1332788e-07
vn 0.5257321 -0.85065013 0
vn 0.88468343 -0.46619162 0.00077698193
vn 0.95222056 -0.3054111 8.2492033e-06
vn 0.95214945 -0.30562741 -0.0018614248
vn 0.88484007 -0.46589357 0.0010401037
vn -0.34694639 -0.93788487 1.2502585e-07
vn -0.52573192 -0.85065031 -5.3419477e-08
vn -0.49164549 -0.87079549 1.9312431e-07
vn -0.2980178 -0.95456034 3.0282305e-07
vn -2.6401489e-07 -1 -4.9601625e-09
vn -0.34694639 -0.93788487 1.2502585e-07
vn -0.2980178 -0.95456034 3.0282305e-07
vn 2.7820383e-07 -1 1.5551168e-09
vn -2.6401489e-07 -1 -4.9601625e-09
vn 0.3469463 -0.93788505 -1.5433743e-07
vn 0.346946 -0.93788511 1.1199854e-08
vn -6.942613e-07 -1 -1.14756e-08
vn -0.88468313 -0.46619213 0.00077617081
vn -0.95142007 -0.30789039 0.0017895581
vn -0.94724387 -0.32050902 0.0016975956
vn -0.8715862 -0.49024194 0.00037848001
vn -0.95142007 -0.30789039 0.0017895581
vn -0.9914704 -0.13032903 0.00081995578
vn -0.94724387 -0.32050902 0.0016975956
vn 0 -0.68721551 0.7264536
vn -1.2381838e-07 -0.85020334 0.52645439
vn -3.5623856e-07 -0.87020546 0.49268898
vn 0 -0.73025876 0.68317062
vn -0.0008278712 -0.13032462 0.99147105
vn -0.0017891226 -0.30790266 0.95141613
vn -0.0016552807 -0.32052904 0.94723725
vn -1.2381838e-07 -0.85020334 0.52645439
vn -2.2168719e-07 -0.93776232 0.34727785
vn -4.1780655e-07 -0.95466071 0.29769605
vn -3.5623856e-07 -0.87020546 0.49268898
vn -5.764735e-07 -0.93788493 -0.34694642
vn -6.905691e-07 -0.99999988 -0.00049573905
vn -6.9101134e-07 -0.99999994 -0.00024848621
vn -6.7444705e-07 -0.93788493 -0.34694651
vn 0 -0.85065025 -0.5257321
vn -5.764735e-07 -0.93788493 -0.34694642
vn -6.7444705e-07 -0.93788493 -0.34694651
vn 0 -0.85065037 -0.5257318
vn -0.00075815752 -0.46621066 -0.88467336
vn 0 -0.68721533 -0.72645372
vn 0 -0.68721533 -0.72645366
vn -0.00051968708 -0.46624386 -0.88465601
vn -0.00082753814 -0.13032469 -0.99147105
vn -0.0017889772 -0.30790284 -0.95141613
vn -0.0017327142 -0.30730188 -0.95161051
vn -0.00035112369 -0.12153222 -0.99258745
vn 0.71231675 0.0012951103 0.70185703
vn 0.70872396 0.0014721341 0.70548433
vn 0.70872647 0.0014743664 0.70548183
vn 0.71193552 0.0016130939 0.70224285
vn -0.0017891226 -0.30790266 0.95141613
vn -0.00075813546 -0.46621111 0.88467318
vn -0.00035135288 -0.49025354 0.87157983
vn -0.0016552807 -0.32052904 0.94723725
vn -0.00075813546 -0.46621111 0.88467318
vn 0 -0.68721551 0.7264536
vn 0 -0.73025876 0.68317062
vn -0.00035135288 -0.49025354 0.87157983
vn -2.2168719e-07 -0.93776232 0.34727785
vn -6.905691e-07 -0.99999988 -0.00049573905
vn 3.0009251e-10 -1 -0.00018697591
vn -4.1780655e-07 -0.95466071 0.29769605
vn 0 -0.68721533 -0.72645372
vn 0 -0.85065025 -0.5257321
vn 0 -0.85065037 -0.5257318
vn 0 -0.68721533 -0.72645366
vn -0.0017889772 -0.30790284 -0.95141613
vn -0.00075815752 -0.46621066 -0.88467336
vn -0.00051968708 -0.46624386 -0.88465601
vn -0.0017327142 -0.30730188 -0.95161051
vn 0.71386606 0 0.70028228
vn 0.71231675 0.0012951103 0.70185703
vn 0.71193552 0.0016130939 0.70224285
vn 0.71386606 0 0.70028228
vn 0.72725397 -0.68636847 -3.4215844e-07
vn 0.88580644 -0.46405435 -0.00078063121
vn 0.8730638 -0.48760578 -0.00038401692
vn 0.68301356 -0.73040569 1.750447e-07
vn 0.88580644 -0.46405435 -0.00078063121
vn 0.95142108 -0.30788749 -0.0017905631
vn 0.94724554 -0.32050404 -0.0017067821
vn 0.8730638 -0.48760578 -0.00038401692
vn 0.34694639 -0.93788499 -7.333382e-07
vn 0.52467239 -0.85130417 -5.8592173e-07
vn 0.49109688 -0.87110496 -1.578215e-07
vn 0.2980175 -0.9545604 -3.0260739e-07
vn -0.5257318 -0.85065037 -1.2955654e-06
vn -0.72645372 -0.68721545 -1.2984669e-06
vn -0.72645384 -0.68721521 -1.2033624e-06
vn -0.5257321 -0.85065013 -1.445253e-06
vn -0.88468575 -0.46618727 -0.00078092492
vn -0.9514212 -0.30788741 -0.00179105
vn -0.95161682 -0.30728737 2.6475152e-06
vn -0.8848418 -0.46589145 -4.9090943e-07
vn -0.34694609 -0.93788511 -1.3878738e-06
vn -0.5257318 -0.85065037 -1.2955654e-06
vn -0.5257321 -0.85065013 -1.445253e-06
vn -0.34694612 -0.93788505 -1.6151581e-06
vn 8.8493903e-07 -1 -1.162594e-06
vn 0.34694639 -0.93788499 -7.333382e-07
vn 0.2980175 -0.9545604 -3.0260739e-07
vn 1.6308499e-07 -1 3.104488e-09
vn 0.95142108 -0.30788749 -0.0017905631
vn 0.99147034 -0.13032965 -0.00081971491
vn 0.94724554 -0.32050404 -0.0017067821
vn 0.52467239 -0.85130417 -5.8592173e-07
vn 0.72725397 -0.68636847 -3.4215844e-07
vn 0.68301356 -0.73040569 1.750447e-07
vn 0.49109688 -0.87110496 -1.578215e-07
vn 8.8493903e-07 -1 -1.162594e-06
vn -0.34694609 -0.93788511 -1.3878738e-06
vn -0.34694612 -0.93788505 -1.6151581e-06
vn 6.9426125e-07 -1 -9.1168368e-07
vn -0.72645372 -0.68721545 -1.2984669e-06
vn -0.88468575 -0.46618727 -0.00078092492
vn -0.8848418 -0.46589145 -4.9090943e-07
vn -0.72645384 -0.68721521 -1.2033624e-06
vn -0.9514212 -0.30788741 -0.00179105
vn -0.9914704 -0.13032992 -0.00081736175
vn -0.99254745 -0.12185824 3.1036996e-06
vn -0.95161682 -0.30728737 2.6475152e-06
vn 0 -0.46657205 -0.88448322
vn 0 -0.68721527 -0.72645378
vn 0 -0.73025882 -0.6831705
vn 0 -0.49030086 -0.87155324
vn 0 -0.68721551 0.7264536
vn 0 -0.85064983 0.52573252
vn 0 -0.85064977 0.52573282
vn 0 -0.68721551 0.7264536
vn 0 -0.30784297 0.95143723
vn 0 -0.46657267 0.88448286
vn 0 -0.46657276 0.88448274
vn 0 -0.30784288 0.95143718
vn -9.6788021e-08 -0.93788499 0.34694633
vn 6.5779099e-10 -1 -5.3780815e-07
vn 0 -1 -1.1440645e-06
vn 0 -0.93788499 0.3469463
vn 0 -0.68721527 -0.72645378
vn 1.2247111e-07 -0.85065037 -0.52573192
vn 3.5120263e-07 -0.87059873 -0.49199378
vn 0 -0.73025882 -0.6831705
vn 0 -0.12968762 -0.99155486
vn 0 -0.30784321 -0.95143712
vn 0 -0.31993523 -0.94743931
vn 1.2247111e-07 -0.85065037 -0.52573192
vn 2.2013869e-07 -0.93788487 -0.34694639
vn 4.1628539e-07 -0.95431548 -0.29880089
vn 3.5120263e-07 -0.87059873 -0.49199378
vn 0 -0.30784321 -0.95143712
vn 0 -0.46657205 -0.88448322
vn 0 -0.49030086 -0.87155324
vn 0 -0.31993523 -0.94743931
vn 2.2013869e-07 -0.93788487 -0.34694639
vn 6.5779099e-10 -1 -5.3780815e-07
vn -4.7802393e-09 -0.99999267 0.0038290233
vn 4.1628539e-07 -0.95431548 -0.29880089
vn 0 -0.46657267 0.88448286
vn 0 -0.68721551 0.7264536
vn 0 -0.68721551 0.7264536
vn 0 -0.46657276 0.88448274
vn 0 -0.12968726 0.99155498
vn 0 -0.30784297 0.95143723
vn 0 -0.30784288 0.95143718
vn 0 -0.12121712 0.99262601
vn 0 -0.85064983 0.52573252
vn -9.6788021e-08 -0.93788499 0.34694633
vn 0 -0.93788499 0.3469463
vn 0 -0.85064977 0.52573282
vn -1 0 0
vn -1 0 0
vn -1 0 0
vn 0 -3.5096346e-07 -0.99999994
vn 0 -1.5792778e-06 -1
vn 0 8.3246351e-07 -1
vn 0 -4.9845903e-07 -1
vn 0 3.0001573e-07 -1
vn 0 -2.9416942e-09 -1
vn -1 0 0
vn -0.99999994 0 0
vn -1 0 0
vn 0 1.2835878e-07 1
vn 0 2.4763213e-07 1
vn 0 5.2347269e-07 1
vn 0 -3.557312e-07 1
vn 0 2.4727666e-07 1
vn 0 4.5110593e-07 1
vn 0.99999994 0 0
vn 1 0 0
vn 1 0 0
vn 0.99999994 0 0
vn 1 0 0
vn 1 0 0
vn -1 0 -4.6938375e-10
vn -1 0 -3.921706e-11
vn -1 0 -3.9340281e-11
vn -1 0 -3.921706e-11
vn -1 0 0
vn -1 0 -3.9340281e-11
vn -1 0 0
vn -1 0 0
vn -1 0 0
vn -1 0 0
vn -1 0 -7.9142993e-08
vn -1 0 1.5828597e-07
vn -1 0 -7.9142993e-08
vn -1 0 -2.9802707e-06
vn -1 0 -3.1333644e-07
vn -1 0 1.5828597e-07
vn -1 0 -7.9142993e-08
vn -1 0 -3.1333644e-07
vn -1 0 -3.1333644e-07
vn -1 0 6.2667283e-07
vn -1 0 1.5828597e-07
vn -1 0 6.2667283e-07
vn -1 0 5.9605413e-06
vn -1 0 1.5828597e-07
vn -1 0 1.5828597e-07
vn -1 0 0
vn -1 0 0
vn -1 0 0
vn -1 0 0
vn -1 0 0
vn -1 0 0
vn -1 0 -3.9340281e-11
vn -1 0 0
vn -1 0 0
vn -1 0 0
vn -1 0 0
vn 0 -1.1920968e-05 -1
vn 0 9.9226208e-06 -1
vn 0 -3.2558049e-07 -1
vn 0 9.9226208e-06 -1
vn 0 8.3246351e-07 -1
vn 0 -3.2558049e-07 -1
vn 0 8.3246351e-07 -1
vn 0 -3.9736942e-06 -1
vn 0 1.1840596e-06 -0.99999994
vn 0 1.1840596e-06 -0.99999994
vn 0 6.2135655e-07 -1
vn 0 1.8829915e-07 -1
vn 0 6.2135655e-07 -1
vn 0 0 -1
vn 0 -4.1599097e-07 -1
vn 0 1.8829915e-07 -1
vn 0 6.2135655e-07 -1
vn 0 -4.1599097e-07 -1
vn 0 -4.1599097e-07 -1
vn 0 1.5687662e-07 -1
vn 0 1.8829915e-07 -1
vn 0 1.5687662e-07 -1
vn 0 0 -1
vn 0 1.8829915e-07 -1
vn 0 1.8829915e-07 -1
vn 0 -3.5096346e-07 -0.99999994
vn 0 1.1840596e-06 -0.99999994
vn 0 -3.5096346e-07 -0.99999994
vn 0 0 -1
vn 0 -1.5792778e-06 -1
vn 0 -1.5792778e-06 -1
vn 0 -3.2558049e-07 -1
vn 0 8.3246351e-07 -1
vn 0 -3.5096346e-07 -0.99999994
vn 0 8.3246351e-07 -1
vn 0 1.1840596e-06 -0.99999994
vn 0 0 -1
vn 0 0 -0.99999994
vn 0 0 -1
vn 0 0 -0.99999994
vn 0 -2.9416942e-09 -1
vn 0 0 -1
vn 0 -2.9416942e-09 -1
vn 0 -9.9342355e-07 -1
vn 0 -1.0517498e-07 -1
vn 0 -1.0517498e-07 -1
vn 0 1.8823751e-07 -1
vn 0 -2.9598806e-07 -1
vn 0 1.8823751e-07 -1
vn 0 0 -1
vn 0 2.3597069e-07 -1
vn 0 -2.9598806e-07 -1
vn 0 1.8823751e-07 -1
vn 0 2.3597069e-07 -1
vn 0 2.3597069e-07 -1
vn 0 -1.438036e-07 -1
vn 0 -2.9598806e-07 -1
vn 0 -1.438036e-07 -1
vn 0 0 -1
vn 0 -2.9598806e-07 -1
vn 0 -2.9598806e-07 -1
vn 0 -4.9845903e-07 -1
vn 0 -1.0517498e-07 -1
vn 0 -4.9845903e-07 -1
vn 0 -1.946328e-06 -0.99999994
vn 0 3.0001573e-07 -1
vn 0 3.0001573e-07 -1
vn 0 0 -1
vn 0 -2.9416942e-09 -1
vn 0 -4.9845903e-07 -1
vn 0 -2.9416942e-09 -1
vn 0 -1.0517498e-07 -1
vn -1 0 -9.3025904e-10
vn -1 0 -7.7723411e-11
vn -1 0 -7.7967632e-11
vn -1 0 -7.7723411e-11
vn -1 0 0
vn -1 0 -7.7967632e-11
vn -1 0 0
vn -1 0 0
vn -0.99999994 0 0
vn -0.99999994 0 0
vn -1 0 6.3314576e-07
vn -1 0 -6.331494e-07
vn -1 0 6.3314576e-07
vn -1 0 2.3842236e-05
vn -1 0 2.5066981e-06
vn -1 0 -6.331494e-07
vn -1 0 6.3314576e-07
vn -1 0 2.5066981e-06
vn -1 0 2.5066981e-06
vn -1 0 -2.5066968e-06
vn -1 0 -6.331494e-07
vn -1 0 -2.5066968e-06
vn -1 0 -2.3842165e-05
vn -1 0 -6.331494e-07
vn -1 0 -6.331494e-07
vn -1 0 0
vn -0.99999994 0 0
vn -1 0 0
vn -1 0 0
vn -0.99999994 0 0
vn -0.99999994 0 0
vn -1 0 -7.7967632e-11
vn -1 0 0
vn -1 0 0
vn -1 0 0
vn -0.99999994 0 0
vn 0 8.4193367e-08 0.99999994
vn 0 -1.0238654e-07 1
vn 0 5.2347269e-07 1
vn 0 -1.0238654e-07 1
vn 0 1.9868471e-06 1
vn 0 1.2835878e-07 1
vn 0 5.2347269e-07 1
vn 0 -1.0238654e-07 1
vn 0 1.2835878e-07 1
vn 0 1.2835878e-07 1
vn 0 0 1
vn 0 2.4763213e-07 1
vn 0 0 1
vn 0 0 1
vn 0 1.6727059e-08 1
vn 0 1.6727059e-08 1
vn 0 1.3073034e-07 1
vn 0 7.562349e-08 1
vn 0 1.3073034e-07 1
vn 0 0 1
vn 0 7.562349e-08 1
vn 0 7.562349e-08 1
vn 0 2.4763213e-07 1
vn 0 0 1
vn 0 1.6727059e-08 1
vn 0 7.562349e-08 1
vn 0 0 1
vn 0 2.4763213e-07 1
vn 0 1.9868708e-06 1
vn 0 5.2347269e-07 1
vn 0 5.2347269e-07 1
vn 0 1.3652308e-06 1
vn 0 8.4193367e-08 0.99999994
vn 0 1.3652308e-06 1
vn 0 0 1
vn 0 8.4193367e-08 0.99999994
vn 0 1.2489117e-07 1
vn 0 -2.9996303e-07 1
vn 0 4.5110593e-07 1
vn 0 -2.9996303e-07 1
vn 0 1.986843e-06 0.99999994
vn 0 -3.557312e-07 1
vn 0 4.5110593e-07 1
vn 0 -2.9996303e-07 1
vn 0 -3.557312e-07 1
vn 0 -3.557312e-07 1
vn 0 -2.3230444e-07 1
vn 0 2.4727666e-07 1
vn 0 -2.3230444e-07 1
vn 0 0 1
vn 0 4.3490292e-08 0.99999994
vn 0 4.3490292e-08 0.99999994
vn 0 3.3989892e-07 1
vn 0 1.9662117e-07 1
vn 0 3.3989892e-07 1
vn 0 0 1
vn 0 1.9662117e-07 1
vn 0 1.9662117e-07 1
vn 0 2.4727666e-07 1
vn 0 -2.3230444e-07 1
vn 0 4.3490292e-08 0.99999994
vn 0 1.9662117e-07 1
vn 0 -2.3230444e-07 1
vn 0 2.4727666e-07 1
vn 0 1.9868492e-06 1
vn 0 4.5110593e-07 1
vn 0 4.5110593e-07 1
vn 0 1.2489092e-07 0.99999994
vn 0 1.2489117e-07 1
vn 0 1.2489092e-07 0.99999994
vn 0 1.4901176e-06 1
vn 0 1.2489117e-07 1
vn 1 0 0
vn 1 0 0
vn 0.99999994 0 0
vn 1 0 0
vn 1 0 0
vn 1 0 0
vn 0.99999994 0 0
vn 1 0 0
vn 1 0 0
vn 1 0 0
vn 1 0 0
vn 1 0 0
vn 1 0 0
vn 1 0 0
vn 1 0 0
vn 1 0 0
vn 0.99999994 0 0
vn 1 0 0
vn 1 0 0
vn 1 0 0
vn 0.99999994 0 0
vn 1 0 0
vn 1 0 0
vn 1 0 0
vn 1 0 0
vn 0.99999994 0 0
vn 1 0 0
vn 0.99999994 0 0
vn 1 0 0
vn 1 0 0
vn 1 0 0
vn 0.99999994 0 0
vn 1 0 0
vn 1 0 0
vn 1 0 0
vn 1 0 0
vn 1 0 0
vn 1 0 0
vn 0.99999994 0 0
vn 1 0 0
vn 1 0 0
vn 1 0 0
vn 0.99999994 0 0
vn 1 0 0
vn 1 0 0
vn 1 0 0
vn 1 0 0
vn 1 0 0
vn 1 0 0
vn 1 0 0
vn 1 0 0
vn 1 0 0
vn 1 0 0
vn 1 0 0
vn 1 0 0
vn 1 0 0
vn 0.99999994 0 0
vn 1 0 0
vn 1 0 0
vn 0.99999994 0 0
vn 0.99999994 0 0
vn 0.99999994 0 0
vn 0.99999994 0 0
vn 0.99999994 0 0
vn 1 0 0
vn 0.99999994 0 0
vn 0.99999994 0 0
vn 0.99999994 0 0
vn 1 0 0
vn 0.99999994 0 0
vn 0.99999994 0 0
vn 1 0 0
vn 0 -0.47301558 -0.88105404
vn 0 -0.47301558 -0.88105404
vn 0 -0.47301558 -0.88105404
vn 0 -0.47301558 -0.88105404
vn 0 0.47301632 -0.88105363
vn 0 0.47301632 -0.88105363
vn 0 0.47301632 -0.88105363
vn 0 0.47301632 -0.88105363
vn 0.88105291 -0.47301784 0
vn 0.88105291 -0.47301784 0
vn 0.88105291 -0.47301784 0
vn 0.88105291 -0.47301784 0
vn 1 0 0
vn 1 0 0
vn 1 0 0
vn 1 0 0
vn 0 0 1
vn 0 0 1
vn 0 0 1
vn 0 0 1
vn 0 0 -1
vn 0 0 -1
vn 0 0 -1
vn 0 0 -1
vn -1 0 0
vn -1 0 0
vn -1 0 0
vn -1 0 0
vn -0.88105303 0.47301742 0
vn -0.88105303 0.47301742 0
vn -0.88105303 0.47301742 0
vn -0.88105303 0.47301742 0
vn 0 -0.47301558 0.88105404
vn 0 -0.47301558 0.88105404
vn 0 -0.47301558 0.88105404
vn 0 -0.47301558 0.88105404
vn -1 0 0
vn -1 0 0
vn -1 0 0
vn -1 0 0
vn 0 0 -1
vn 0 0 -1
vn 0 0 -1
vn 0 0 -1
vn 1 0 0
vn 1 0 0
vn 1 0 0
vn 1 0 0
vn 0 0 1
vn 0 0 1
vn 0 0 1
vn 0 0 1
vn -1 0 0
vn -1 0 0
vn -1 0 0
vn -1 0 0
vn 0 0 -1
vn 0 0 -1
vn 0 0 -1
vn 0 0 -1
vn 0 0 1
vn 0 0 1
vn 0 0 1
vn 0 0 1
vn 1 0 0
vn 1 0 0
vn 1 0 0
vn 1 0 0
vn 0 0.47301632 0.88105363
vn 0 0.47301632 0.88105363
vn 0 0.47301632 0.88105363
vn 0 0.47301632 0.88105363
vn -0.88105315 -0.47301731 0
vn -0.88105315 -0.47301731 0
vn -0.88105315 -0.47301731 0
vn -0.88105315 -0.47301731 0
vn 0.88105273 0.47301796 0
vn 0.88105273 0.47301796 0
vn 0.88105273 0.47301796 0
vn 0.88105273 0.47301796 0
vn 0 1 0
vn 0 1 0
vn 0 1 0
vn 0 1 0
vn 0 -1 0
vn 0 -1 0
vn 0 -1 0
vn 0 -1 0
vn 0 -0.47301319 -0.8810553
vn 0 -0.47301319 -0.8810553
vn 0 -0.47301319 -0.8810553
vn 0 -0.47301319 -0.8810553
vn 0 0.47301298 -0.88105541
vn 0 0.47301298 -0.88105541
vn 0 0.47301298 -0.88105541
vn 0 0.47301298 -0.88105541
vn 0.88105285 -0.47301799 0
vn 0.88105285 -0.47301799 0
vn 0.88105285 -0.47301799 0
vn 0.88105285 -0.47301799 0
vn 1 0 0
vn 1 0 0
vn 1 0 0
vn 1 0 0
vn 0 0 1
vn 0 0 1
vn 0 0 1
vn 0 0 1
vn 0 0 -1
vn 0 0 -1
vn 0 0 -1
vn 0 0 -1
vn -1 0 0
vn -1 0 0
vn -1 0 0
vn -1 0 0
vn -0.88105184 0.47301975 0
vn -0.88105184 0.47301975 0
vn -0.88105184 0.47301975 0
vn -0.88105184 0.47301975 0
vn 0 -0.47301978 0.88105184
vn 0 -0.47301978 0.88105184
vn 0 -0.47301978 0.88105184
vn 0 -0.47301978 0.88105184
vn -1 0 0
vn -1 0 0
vn -1 0 0
vn -1 0 0
vn 0 0 -1
vn 0 0 -1
vn 0 0 -1
vn 0 0 -1
vn 1 0 0
vn 1 0 0
vn 1 0 0
vn 1 0 0
vn 0 0 1
vn 0 0 1
vn 0 0 1
vn 0 0 1
vn -1 0 0
vn -1 0 0
vn -1 0 0
vn -1 0 0
vn 0 0 -1
vn 0 0 -1
vn 0 0 -1
vn 0 0 -1
vn 0 0 1
vn 0 0 1
vn 0 0 1
vn 0 0 1
vn 1 0 0
vn 1 0 0
vn 1 0 0
vn 1 0 0
vn 0 0.47301954 0.88105196
vn 0 0.47301954 0.88105196
vn 0 0.47301954 0.88105196
vn 0 0.47301954 0.88105196
vn -0.8810519 -0.4730196 0
vn -0.8810519 -0.4730196 0
vn -0.8810519 -0.4730196 0
vn -0.8810519 -0.4730196 0
vn 0.88105267 0.47301811 0
vn 0.88105267 0.47301811 0
vn 0.88105267 0.47301811 0
vn 0.88105267 0.47301811 0
vn 0 1 0
vn 0 1 0
vn 0 1 0
vn 0 1 0
vn 0 -1 0
vn 0 -1 0
vn 0 -1 0
vn 0 -1 0
vn 0 -0.47301319 -0.8810553
vn 0 -0.47301319 -0.8810553
vn 0 -0.47301319 -0.8810553
vn 0 -0.47301319 -0.8810553
vn 0 0.47301263 -0.88105565
vn 0 0.47301263 -0.88105565
vn 0 0.47301263 -0.88105565
vn 0 0.47301263 -0.88105565
vn 0.8810519 -0.4730196 0
vn 0.8810519 -0.4730196 0
vn 0.8810519 -0.4730196 0
vn 0.8810519 -0.4730196 0
vn 1 0 0
vn 1 0 0
vn 1 0 0
vn 1 0 0
vn 0 0 1
vn 0 0 1
vn 0 0 1
vn 0 0 1
vn 0 0 -1
vn 0 0 -1
vn 0 0 -1
vn 0 0 -1
vn -1 0 0
vn -1 0 0
vn -1 0 0
vn -1 0 0
vn -0.88105363 0.4730165 0
vn -0.88105363 0.4730165 0
vn -0.88105363 0.4730165 0
vn -0.88105363 0.4730165 0
vn 0 -0.47301978 0.88105184
vn 0 -0.47301978 0.88105184
vn 0 -0.47301978 0.88105184
vn 0 -0.47301978 0.88105184
vn -1 0 0
vn -1 0 0
vn -1 0 0
vn -1 0 0
vn 0 0 -1
vn 0 0 -1
vn 0 0 -1
vn 0 0 -1
vn 1 0 0
vn 1 0 0
vn 1 0 0
vn 1 0 0
vn 0 0 1
vn 0 0 1
vn 0 0 1
vn 0 0 1
vn -1 0 0
vn -1 0 0
vn -1 0 0
vn -1 0 0
vn 0 0 -1
vn 0 0 -1
vn 0 0 -1
vn 0 0 -1
vn 0 0 1
vn 0 0 1
vn 0 0 1
vn 0 0 1
vn 1 0 0
vn 1 0 0
vn 1 0 0
vn 1 0 0
vn 0 0.47301921 0.8810522
vn 0 0.47301921 0.8810522
vn 0 0.47301921 0.8810522
vn 0 0.47301921 0.8810522
vn -0.88105369 -0.47301632 0
vn -0.88105369 -0.47301632 0
vn -0.88105369 -0.47301632 0
vn -0.88105369 -0.47301632 0
vn 0.88105184 0.47301975 0
vn 0.88105184 0.47301975 0
vn 0.88105184 0.47301975 0
vn 0.88105184 0.47301975 0
vn 0 1 0
vn 0 1 0
vn 0 1 0
vn 0 1 0
vn 0 -1 0
vn 0 -1 0
vn 0 -1 0
vn 0 -1 0
vn -0.88105327 -0.47301692 0
vn -0.88105327 -0.47301692 0
vn -0.88105327 -0.47301692 0
vn -0.88105327 -0.47301692 0
vn -0.88105357 0.47301662 0
vn -0.88105357 0.47301662 0
vn -0.88105357 0.47301662 0
vn -0.88105357 0.47301662 0
vn 1.759142e-07 -0.47301638 -0.88105357
vn 1.759142e-07 -0.47301638 -0.88105357
vn 1.759142e-07 -0.47301638 -0.88105357
vn 1.759142e-07 -0.47301638 -0.88105357
vn 3.4422476e-07 6.1468711e-08 -1
vn 3.4422476e-07 6.1468711e-08 -1
vn 3.4422476e-07 6.1468711e-08 -1
vn 3.4422476e-07 6.1468711e-08 -1
vn 0.99999994 0 0
vn 0.99999994 0 0
vn 0.99999994 0 0
vn 0.99999994 0 0
vn -1 0 0
vn -1 0 0
vn -1 0 0
vn -1 0 0
vn -1.7211238e-07 0 1
vn -1.7211238e-07 0 1
vn -1.7211238e-07 0 1
vn -1.7211238e-07 0 1
vn 0 0.47301811 0.88105273
vn 0 0.47301811 0.88105273
vn 0 0.47301811 0.88105273
vn 0 0.47301811 0.88105273
vn 0.88105285 -0.47301799 7.0365786e-07
vn 0.88105285 -0.47301799 7.0365786e-07
vn 0.88105285 -0.47301799 7.0365786e-07
vn 0.88105285 -0.47301799 7.0365786e-07
vn -2.9802317e-07 0 1
vn -2.9802317e-07 0 1
vn -2.9802317e-07 0 1
vn -2.9802317e-07 0 1
vn -1 0 -5.9604668e-07
vn -1 0 -5.9604668e-07
vn -1 0 -5.9604668e-07
vn -1 0 -5.9604668e-07
vn 0 0 -1
vn 0 0 -1
vn 0 0 -1
vn 0 0 -1
vn 1 0 5.9604633e-07
vn 1 0 5.9604633e-07
vn 1 0 5.9604633e-07
vn 1 0 5.9604633e-07
vn 0 0 1
vn 0 0 1
vn 0 0 1
vn 0 0 1
vn -0.99999994 0 -5.960465e-07
vn -0.99999994 0 -5.960465e-07
vn -0.99999994 0 -5.960465e-07
vn -0.99999994 0 -5.960465e-07
vn 0.99999994 0 0
vn 0.99999994 0 0
vn 0.99999994 0 0
vn 0.99999994 0 0
vn 0 0 -1
vn 0 0 -1
vn 0 0 -1
vn 0 0 -1
vn 0.88105202 0.47301939 2.8146275e-07
vn 0.88105202 0.47301939 2.8146275e-07
vn 0.88105202 0.47301939 2.8146275e-07
vn 0.88105202 0.47301939 2.8146275e-07
vn -3.5182745e-07 -0.47301885 0.88105226
vn -3.5182745e-07 -0.47301885 0.88105226
vn -3.5182745e-07 -0.47301885 0.88105226
vn -3.5182745e-07 -0.47301885 0.88105226
vn -4.3978634e-08 0.4730159 -0.88105386
vn -4.3978634e-08 0.4730159 -0.88105386
vn -4.3978634e-08 0.4730159 -0.88105386
vn -4.3978634e-08 0.4730159 -0.88105386
vn 0 0.99999994 0
vn 0 0.99999994 0
vn 0 0.99999994 0
vn 0 0.99999994 0
vn 4.3711371e-08 -1 -4.3711385e-08
vn 4.3711371e-08 -1 -4.3711385e-08
vn 4.3711371e-08 -1 -4.3711385e-08
vn 4.3711371e-08 -1 -4.3711385e-08
vn -0.88105273 -0.47301814 -1.7591445e-07
vn -0.88105273 -0.47301814 -1.7591445e-07
vn -0.88105273 -0.47301814 -1.7591445e-07
vn -0.88105273 -0.47301814 -1.7591445e-07
vn -0.88105178 0.4730199 -3.5182833e-08
vn -0.88105178 0.4730199 -3.5182833e-08
vn -0.88105178 0.4730199 -3.5182833e-08
vn -0.88105178 0.4730199 -3.5182833e-08
vn 0 -0.47301558 -0.88105404
vn 0 -0.47301558 -0.88105404
vn 0 -0.47301558 -0.88105404
vn 0 -0.47301558 -0.88105404
vn 0 0 -1
vn 0 0 -1
vn 0 0 -1
vn 0 0 -1
vn 1 4.2574719e-08 2.458749e-07
vn 1 4.2574719e-08 2.458749e-07
vn 1 4.2574719e-08 2.458749e-07
vn 1 4.2574719e-08 2.458749e-07
vn -1 -8.5149438e-08 -4.917498e-07
vn -1 -8.5149438e-08 -4.917498e-07
vn -1 -8.5149438e-08 -4.917498e-07
vn -1 -8.5149438e-08 -4.917498e-07
vn 0 8.5149203e-08 1
vn 0 8.5149203e-08 1
vn 0 8.5149203e-08 1
vn 0 8.5149203e-08 1
vn -4.3978545e-08 0.47302055 0.88105142
vn -4.3978545e-08 0.47302055 0.88105142
vn -4.3978545e-08 0.47302055 0.88105142
vn -4.3978545e-08 0.47302055 0.88105142
vn 0.88105255 -0.47301838 1.7591441e-07
vn 0.88105255 -0.47301838 1.7591441e-07
vn 0.88105255 -0.47301838 1.7591441e-07
vn 0.88105255 -0.47301838 1.7591441e-07
vn -2.9802325e-07 -1.192093e-06 1
vn -2.9802325e-07 -1.192093e-06 1
vn -2.9802325e-07 -1.192093e-06 1
vn -2.9802325e-07 -1.192093e-06 1
vn -1 0 0
vn -1 0 0
vn -1 0 0
vn -1 0 0
vn 0 0 -1
vn 0 0 -1
vn 0 0 -1
vn 0 0 -1
vn 1 0 2.9802317e-07
vn 1 0 2.9802317e-07
vn 1 0 2.9802317e-07
vn 1 0 2.9802317e-07
vn 0 0 1
vn 0 0 1
vn 0 0 1
vn 0 0 1
vn -1 0 0
vn -1 0 0
vn -1 0 0
vn -1 0 0
vn 1 0 0
vn 1 0 0
vn 1 0 0
vn 1 0 0
vn 0 0 -1
vn 0 0 -1
vn 0 0 -1
vn 0 0 -1
vn 0.88105261 0.47301823 1.4073163e-07
vn 0.88105261 0.47301823 1.4073163e-07
vn 0.88105261 0.47301823 1.4073163e-07
vn 0.88105261 0.47301823 1.4073163e-07
vn -3.5182751e-07 -0.47301558 0.88105404
vn -3.5182751e-07 -0.47301558 0.88105404
vn -3.5182751e-07 -0.47301558 0.88105404
vn -3.5182751e-07 -0.47301558 0.88105404
vn 0 0.47302055 -0.88105142
vn 0 0.47302055 -0.88105142
vn 0 0.47302055 -0.88105142
vn 0 0.47302055 -0.88105142
vn 0 1 0
vn 0 1 0
vn 0 1 0
vn 0 1 0
vn 4.3711346e-08 -1 -4.3711367e-08
vn 4.3711346e-08 -1 -4.3711367e-08
vn 4.3711346e-08 -1 -4.3711367e-08
vn 4.3711346e-08 -1 -4.3711367e-08
vn -7.0365809e-07 -0.47301868 0.88105237
vn -7.0365809e-07 -0.47301868 0.88105237
vn -7.0365809e-07 -0.47301868 0.88105237
vn -7.0365809e-07 -0.47301868 0.88105237
vn 0 0.4730204 0.88105148
vn 0 0.4730204 0.88105148
vn 0 0.4730204 0.88105148
vn 0 0.4730204 0.88105148
vn -0.88105315 -0.47301713 0
vn -0.88105315 -0.47301713 0
vn -0.88105315 -0.47301713 0
vn -0.88105315 -0.47301713 0
vn -1 0 2.458749e-07
vn -1 0 2.458749e-07
vn -1 0 2.458749e-07
vn -1 0 2.458749e-07
vn 6.8844963e-07 1.2293742e-07 -1
vn 6.8844963e-07 1.2293742e-07 -1
vn 6.8844963e-07 1.2293742e-07 -1
vn 6.8844963e-07 1.2293742e-07 -1
vn -6.8844963e-07 -1.8440613e-07 1
vn -6.8844963e-07 -1.8440613e-07 1
vn -6.8844963e-07 -1.8440613e-07 1
vn -6.8844963e-07 -1.8440613e-07 1
vn 1 0 -2.458749e-07
vn 1 0 -2.458749e-07
vn 1 0 -2.458749e-07
vn 1 0 -2.458749e-07
vn 0.88105333 0.47301701 1.0554876e-07
vn 0.88105333 0.47301701 1.0554876e-07
vn 0.88105333 0.47301701 1.0554876e-07
vn 0.88105333 0.47301701 1.0554876e-07
vn 5.2774425e-07 -0.47301647 -0.88105357
vn 5.2774425e-07 -0.47301647 -0.88105357
vn 5.2774425e-07 -0.47301647 -0.88105357
vn 5.2774425e-07 -0.47301647 -0.88105357
vn 1 0 2.9802334e-07
vn 1 0 2.9802334e-07
vn 1 0 2.9802334e-07
vn 1 0 2.9802334e-07
vn -5.9604656e-07 0 1
vn -5.9604656e-07 0 1
vn -5.9604656e-07 0 1
vn -5.9604656e-07 0 1
vn -1 0 -2.9802351e-07
vn -1 0 -2.9802351e-07
vn -1 0 -2.9802351e-07
vn -1 0 -2.9802351e-07
vn 0 0 -1
vn 0 0 -1
vn 0 0 -1
vn 0 0 -1
vn 1 0 2.9802337e-07
vn 1 0 2.9802337e-07
vn 1 0 2.9802337e-07
vn 1 0 2.9802337e-07
vn 0 0 1
vn 0 0 1
vn 0 0 1
vn 0 0 1
vn 0 0 -1
vn 0 0 -1
vn 0 0 -1
vn 0 0 -1
vn -1 0 -2.9802337e-07
vn -1 0 -2.9802337e-07
vn -1 0 -2.9802337e-07
vn -1 0 -2.9802337e-07
vn 0 0.47301275 -0.88105553
vn 0 0.47301275 -0.88105553
vn 0 0.47301275 -0.88105553
vn 0 0.47301275 -0.88105553
vn 0.88105315 -0.47301722 0
vn 0.88105315 -0.47301722 0
vn 0.88105315 -0.47301722 0
vn 0.88105315 -0.47301722 0
vn -0.88105333 0.47301701 1.0554868e-07
vn -0.88105333 0.47301701 1.0554868e-07
vn -0.88105333 0.47301701 1.0554868e-07
vn -0.88105333 0.47301701 1.0554868e-07
vn -1.7763572e-13 1 0
vn -1.7763572e-13 1 0
vn -1.7763572e-13 1 0
vn -1.7763572e-13 1 0
vn 0 -1 -8.7422805e-08
vn 0 -1 -8.7422805e-08
vn 0 -1 -8.7422805e-08
vn 0 -1 -8.7422805e-08
vn 0 -0.47301778 0.88105285
vn 0 -0.47301778 0.88105285
vn 0 -0.47301778 0.88105285
vn 0 -0.47301778 0.88105285
vn 0 0.47301841 0.88105243
vn 0 0.47301841 0.88105243
vn 0 0.47301841 0.88105243
vn 0 0.47301841 0.88105243
vn -0.8810519 -0.4730196 0
vn -0.8810519 -0.4730196 0
vn -0.8810519 -0.4730196 0
vn -0.8810519 -0.4730196 0
vn -0.99999994 0 2.4587493e-07
vn -0.99999994 0 2.4587493e-07
vn -0.99999994 0 2.4587493e-07
vn -0.99999994 0 2.4587493e-07
vn 0 1.8440626e-07 -1
vn 0 1.8440626e-07 -1
vn 0 1.8440626e-07 -1
vn 0 1.8440626e-07 -1
vn 0 -6.1468754e-08 1
vn 0 -6.1468754e-08 1
vn 0 -6.1468754e-08 1
vn 0 -6.1468754e-08 1
vn 0.99999994 0 0
vn 0.99999994 0 0
vn 0.99999994 0 0
vn 0.99999994 0 0
vn 0.88105273 0.47301793 -7.0365687e-08
vn 0.88105273 0.47301793 -7.0365687e-08
vn 0.88105273 0.47301793 -7.0365687e-08
vn 0.88105273 0.47301793 -7.0365687e-08
vn 0 -0.47301885 -0.88105226
vn 0 -0.47301885 -0.88105226
vn 0 -0.47301885 -0.88105226
vn 0 -0.47301885 -0.88105226
vn 1 0 0
vn 1 0 0
vn 1 0 0
vn 1 0 0
vn 0 0 1
vn 0 0 1
vn 0 0 1
vn 0 0 1
vn -1 0 0
vn -1 0 0
vn -1 0 0
vn -1 0 0
vn 0 0 -1
vn 0 0 -1
vn 0 0 -1
vn 0 0 -1
vn 0.99999994 0 0
vn 0.99999994 0 0
vn 0.99999994 0 0
vn 0.99999994 0 0
vn 0 0 1
vn 0 0 1
vn 0 0 1
vn 0 0 1
vn 0 0 -1
vn 0 0 -1
vn 0 0 -1
vn 0 0 -1
vn -0.99999994 0 0
vn -0.99999994 0 0
vn -0.99999994 0 0
vn -0.99999994 0 0
vn 0 0.47301599 -0.88105375
vn 0 0.47301599 -0.88105375
vn 0 0.47301599 -0.88105375
vn 0 0.47301599 -0.88105375
vn 0.88105285 -0.47301799 0
vn 0.88105285 -0.47301799 0
vn 0.88105285 -0.47301799 0
vn 0.88105285 -0.47301799 0
vn -0.8810519 0.47301951 1.0554859e-07
vn -0.8810519 0.47301951 1.0554859e-07
vn -0.8810519 0.47301951 1.0554859e-07
vn -0.8810519 0.47301951 1.0554859e-07
vn 0 0.99999994 0
vn 0 0.99999994 0
vn 0 0.99999994 0
vn 0 0.99999994 0
vn 0 -1 -8.7422777e-08
vn 0 -1 -8.7422777e-08
vn 0 -1 -8.7422777e-08
vn 0 -1 -8.7422777e-08
vn 0.88105422 -0.47301528 0
vn 0.88105422 -0.47301528 0
vn 0.88105422 -0.47301528 0
vn 0.88105422 -0.47301528 0
vn 0.88105273 0.47301814 1.7591445e-07
vn 0.88105273 0.47301814 1.7591445e-07
vn 0.88105273 0.47301814 1.7591445e-07
vn 0.88105273 0.47301814 1.7591445e-07
vn 0 -0.47301778 0.88105285
vn 0 -0.47301778 0.88105285
vn 0 -0.47301778 0.88105285
vn 0 -0.47301778 0.88105285
vn 0 1.8894118e-08 1
vn 0 1.8894118e-08 1
vn 0 1.8894118e-08 1
vn 0 1.8894118e-08 1
vn -0.99999994 8.5149502e-08 0
vn -0.99999994 8.5149502e-08 0
vn -0.99999994 8.5149502e-08 0
vn -0.99999994 8.5149502e-08 0
vn 1 -8.5149502e-08 0
vn 1 -8.5149502e-08 0
vn 1 -8.5149502e-08 0
vn 1 -8.5149502e-08 0
vn 0 -1.8893825e-08 -1
vn 0 -1.8893825e-08 -1
vn 0 -1.8893825e-08 -1
vn 0 -1.8893825e-08 -1
vn 4.397862e-08 0.47301716 -0.88105327
vn 4.397862e-08 0.47301716 -0.88105327
vn 4.397862e-08 0.47301716 -0.88105327
vn 4.397862e-08 0.47301716 -0.88105327
vn -0.88105327 -0.47301692 0
vn -0.88105327 -0.47301692 0
vn -0.88105327 -0.47301692 0
vn -0.88105327 -0.47301692 0
vn 0 0 -1
vn 0 0 -1
vn 0 0 -1
vn 0 0 -1
vn 1 0 0
vn 1 0 0
vn 1 0 0
vn 1 0 0
vn 0 -5.960465e-07 1
vn 0 -5.960465e-07 1
vn 0 -5.960465e-07 1
vn 0 -5.960465e-07 1
vn -1 0 0
vn -1 0 0
vn -1 0 0
vn -1 0 0
vn 0 0 -1
vn 0 0 -1
vn 0 0 -1
vn 0 0 -1
vn 0.99999994 0 2.9802325e-07
vn 0.99999994 0 2.9802325e-07
vn 0.99999994 0 2.9802325e-07
vn 0.99999994 0 2.9802325e-07
vn -0.99999994 0 0
vn -0.99999994 0 0
vn -0.99999994 0 0
vn -0.99999994 0 0
vn 0 0 1
vn 0 0 1
vn 0 0 1
vn 0 0 1
vn -0.88105333 0.47301701 1.0554864e-07
vn -0.88105333 0.47301701 1.0554864e-07
vn -0.88105333 0.47301701 1.0554864e-07
vn -0.88105333 0.47301701 1.0554864e-07
vn 0 -0.47301558 -0.88105404
vn 0 -0.47301558 -0.88105404
vn 0 -0.47301558 -0.88105404
vn 0 -0.47301558 -0.88105404
vn 0 0.47301838 0.88105255
vn 0 0.47301838 0.88105255
vn 0 0.47301838 0.88105255
vn 0 0.47301838 0.88105255
vn 0 1 0
vn 0 1 0
vn 0 1 0
vn 0 1 0
vn -4.3711378e-08 -1 -4.3711388e-08
vn -4.3711378e-08 -1 -4.3711388e-08
vn -4.3711378e-08 -1 -4.3711388e-08
vn -4.3711378e-08 -1 -4.3711388e-08
usemtl brickwall1
f 1/1343/1 3/1285/2 4/1308/3
f 1/1343/1 4/1308/3 2/1484/4
f 3/949/5 7/719/6 8/1821/7
f 3/949/5 8/1821/7 4/17/8
f 2/1571/9 10/466/10 9/1658/11
f 2/1571/9 9/1658/11 1/644/12
usemtl stonefloor
f 3/1196/13 1/1529/14 5/289/15
f 3/1196/13 5/289/15 7/1226/16
usemtl stonetrims
f 9/146/17 21/1584/18 24/1270/19
f 9/146/17 24/1270/19 12/905/20
usemtl stonefloor
f 1/1360/21 9/155/22 12/29/23
f 1/1360/21 12/29/23 5/238/24
usemtl brickwall1
f 5/1717/25 12/497/26 11/907/27
f 5/1717/25 11/907/27 6/223/28
usemtl stonetrims
f 16/1225/29 20/773/30 19/1780/31
f 16/1225/29 19/1780/31 15/396/32
usemtl brickwall1
f 7/1053/33 14/495/34 13/1074/35
f 7/1053/33 13/1074/35 8/1057/36
f 6/104/37 16/176/38 15/1183/39
f 6/104/37 15/1183/39 5/1540/40
usemtl stonefloor
f 5/1088/41 15/698/42 14/1286/43
f 5/1088/41 14/1286/43 7/713/44
usemtl stonetrims
f 15/1796/45 19/488/46 18/444/47
f 15/1796/45 18/444/47 14/548/48
f 13/796/49 17/1342/50 20/560/51
f 13/796/49 20/560/51 16/1085/52
f 14/1805/53 18/1376/54 17/125/55
f 14/1805/53 17/125/55 13/557/56
f 10/821/57 22/110/58 21/1718/59
f 10/821/57 21/1718/59 9/1825/60
f 11/1094/61 23/38/62 22/1037/63
f 11/1094/61 22/1037/63 10/171/64
f 12/663/65 24/1759/66 23/520/67
f 12/663/65 23/520/67 11/1247/68
f 27/1740/69 37/513/70 236/1450/71
f 27/1740/69 236/1450/71 225/436/72
usemtl brickwall1
f 80/1809/73 82/329/74 217/1446/75
f 80/1809/73 217/1446/75 221/1757/76
f 82/329/77 84/919/78 212/746/79
f 82/329/77 212/746/79 217/1446/80
f 84/919/81 86/1140/82 219/1729/83
f 84/919/81 219/1729/83 212/746/84
f 86/1140/85 88/1487/86 211/943/87
f 86/1140/85 211/943/87 219/1729/88
f 88/1487/89 215/1622/90 211/943/91
f 77/1137/92 113/1754/93 242/1361/94
f 77/1137/92 242/1361/94 245/1263/95
f 83/783/96 248/563/97 256/235/98
f 83/783/96 256/235/98 85/1423/99
f 85/1423/100 256/235/101 255/1668/102
f 85/1423/100 255/1668/102 87/535/103
f 87/535/104 255/1668/105 257/294/106
f 87/535/104 257/294/106 89/669/107
f 89/669/108 257/294/109 90/679/110
usemtl stonetrims
f 70/1553/111 74/1520/112 246/340/113
f 70/1553/111 246/340/113 240/1531/114
f 45/131/115 49/937/116 218/928/117
f 45/131/115 218/928/117 208/1244/118
usemtl brickwall1
f 114/873/119 226/162/120 228/1145/121
f 114/873/119 228/1145/121 116/159/122
f 116/159/123 228/1145/124 235/1762/125
f 116/159/123 235/1762/125 118/1151/126
f 118/1151/127 235/1762/128 227/1311/129
f 118/1151/127 227/1311/129 120/1696/130
f 120/1696/131 227/1311/132 234/379/133
f 120/1696/131 234/379/133 122/660/134
f 122/660/135 234/379/136 232/346/137
f 79/606/138 80/1809/139 221/1757/140
f 79/606/138 221/1757/140 208/788/141
f 115/866/142 117/169/143 239/1536/144
f 115/866/142 239/1536/144 244/124/145
f 117/169/146 119/1721/147 237/1258/148
f 117/169/146 237/1258/148 239/1536/149
f 119/1721/150 121/1435/151 238/1102/152
f 119/1721/150 238/1102/152 237/1258/153
f 121/1435/154 123/1063/155 238/1102/156
f 113/1754/157 115/866/158 244/124/159
f 113/1754/157 244/124/159 242/1361/160
usemtl stonetrims
f 48/414/161 39/655/162 220/1638/163
f 48/414/161 220/1638/163 210/409/164
f 40/266/165 44/1211/166 213/86/167
f 40/266/165 213/86/167 216/510/168
f 39/655/169 43/447/170 209/208/171
f 39/655/169 209/208/171 220/1638/172
f 44/1211/173 48/414/174 210/409/175
f 44/1211/173 210/409/175 213/86/176
usemtl brickwall1
f 81/244/177 252/1449/178 248/563/179
f 81/244/177 248/563/179 83/783/180
usemtl stonetrims
f 30/195/181 26/1119/182 223/1534/183
f 30/195/181 223/1534/183 230/695/184
f 35/836/185 31/1514/186 233/1090/187
f 35/836/185 233/1090/187 224/83/188
f 75/756/189 70/1553/190 240/1531/191
f 75/756/189 240/1531/191 245/1179/192
f 34/1579/193 30/195/194 230/695/195
f 34/1579/193 230/695/195 222/1727/196
f 26/1119/197 35/836/198 224/83/199
f 26/1119/197 224/83/199 223/1534/200
f 31/1514/201 27/1740/202 225/436/203
f 31/1514/201 225/436/203 233/1090/204
f 73/1228/205 65/722/206 101/792/207
f 73/1228/205 101/792/207 243/345/208
f 66/829/209 69/1713/210 247/977/211
f 66/829/209 247/977/211 241/1436/212
f 49/937/213 40/266/214 216/510/215
f 49/937/213 216/510/215 218/928/216
f 69/1713/217 73/1228/218 243/345/219
f 69/1713/217 243/345/219 247/977/220
f 74/1520/221 66/829/222 241/1436/223
f 74/1520/221 241/1436/223 246/340/224
usemtl brickwall1
f 76/1503/225 236/1417/226 226/162/227
f 76/1503/225 226/162/227 114/873/228
usemtl stonetrims
f 52/1208/229 61/1157/230 253/1024/231
f 52/1208/229 253/1024/231 102/1697/232
f 57/1382/233 53/1574/234 251/1389/235
f 57/1382/233 251/1389/235 258/180/236
f 62/802/237 58/82/238 249/236/239
f 62/802/237 249/236/239 254/1462/240
usemtl brickwall1
f 78/1031/241 250/801/242 252/1449/243
f 78/1031/241 252/1449/243 81/244/244
usemtl stonetrims
f 61/1157/245 57/1382/246 258/180/247
f 61/1157/245 258/180/247 253/1024/248
f 53/1574/249 62/802/250 254/1462/251
f 53/1574/249 254/1462/251 251/1389/252
f 58/82/253 55/328/254 250/80/255
f 58/82/253 250/80/255 249/236/256
f 95/932/257 93/822/258 161/1743/259
f 95/932/257 161/1743/259 159/503/260
f 76/1824/261 114/516/262 175/938/263
f 76/1824/261 175/938/263 131/1350/264
f 94/12/265 96/1755/266 160/260/267
f 94/12/265 160/260/267 162/128/268
f 80/915/269 79/1387/270 130/220/271
f 80/915/269 130/220/271 141/118/272
f 78/481/273 81/216/274 142/861/275
f 78/481/273 142/861/275 132/1200/276
f 82/358/277 80/915/278 141/118/279
f 82/358/277 141/118/279 139/604/280
f 97/1464/281 95/932/282 159/503/283
f 97/1464/281 159/503/283 157/868/284
f 115/1042/285 113/1581/286 174/550/287
f 115/1042/285 174/550/287 172/469/288
f 81/216/289 83/1175/290 140/1008/291
f 81/216/289 140/1008/291 142/861/292
f 96/1755/293 98/1378/294 158/776/295
f 96/1755/293 158/776/295 160/260/296
f 114/516/297 116/1439/298 173/1704/299
f 114/516/297 173/1704/299 175/938/300
f 84/1045/301 82/358/302 139/604/303
f 84/1045/301 139/604/303 137/1433/304
f 99/969/305 97/1464/306 157/868/307
f 99/969/305 157/868/307 154/841/308
f 117/900/309 115/1042/310 172/469/311
f 117/900/309 172/469/311 170/121/312
f 83/1175/313 85/1111/314 138/341/315
f 83/1175/313 138/341/315 140/1008/316
f 98/1378/317 100/1822/318 155/594/319
f 98/1378/317 155/594/319 158/776/320
f 116/1439/321 118/1621/322 171/496/323
f 116/1439/321 171/496/323 173/1704/324
f 86/1038/325 84/1045/326 137/1433/327
f 86/1038/325 137/1433/327 135/64/328
f 102/1048/329 99/969/330 154/841/331
f 102/1048/329 154/841/331 127/1788/332
f 119/1616/333 117/900/334 170/121/335
f 119/1616/333 170/121/335 168/559/336
f 85/1111/337 87/32/338 136/1677/339
f 85/1111/337 136/1677/339 138/341/340
f 118/1621/341 120/730/342 169/1364/343
f 118/1621/341 169/1364/343 171/496/344
f 100/1822/345 101/9/346 156/611/347
f 100/1822/345 156/611/347 155/594/348
f 134/1808/349 124/308/350 125/1209/351
f 134/1808/349 125/1209/351 133/1420/352
f 136/1677/353 134/1808/354 133/1420/355
f 136/1677/353 133/1420/355 135/64/356
f 138/341/357 136/1677/358 135/64/359
f 138/341/357 135/64/359 137/1433/360
f 140/1008/361 138/341/362 137/1433/363
f 140/1008/361 137/1433/363 139/604/364
f 142/861/365 140/1008/366 139/604/367
f 142/861/365 139/604/367 141/118/368
f 126/813/369 144/1478/370 145/141/371
f 126/813/369 145/141/371 143/330/372
f 144/1478/373 146/1481/374 147/982/375
f 144/1478/373 147/982/375 145/141/376
f 146/1481/377 148/463/378 149/1782/379
f 146/1481/377 149/1782/379 147/982/380
f 148/463/381 150/1635/382 151/526/383
f 148/463/381 151/526/383 149/1782/384
f 150/1635/385 152/394/386 153/1233/387
f 150/1635/385 153/1233/387 151/526/388
f 155/594/389 156/611/390 127/1788/391
f 155/594/389 127/1788/391 154/841/392
f 158/776/393 155/594/394 154/841/395
f 158/776/393 154/841/395 157/868/396
f 160/260/397 158/776/398 157/868/399
f 160/260/397 157/868/399 159/503/400
f 162/128/401 160/260/402 159/503/403
f 162/128/401 159/503/403 161/1743/404
f 164/252/405 162/128/406 161/1743/407
f 164/252/405 161/1743/407 163/1374/408
f 152/394/409 131/1159/410 130/810/411
f 152/394/409 130/810/411 153/1233/412
f 129/1355/413 164/252/414 163/1374/415
f 129/1355/413 163/1374/415 132/1556/416
f 166/295/417 167/1058/418 128/975/419
f 166/295/417 128/975/419 165/888/420
f 169/1364/421 166/295/422 165/888/423
f 169/1364/421 165/888/423 168/559/424
f 171/496/425 169/1364/426 168/559/427
f 171/496/425 168/559/427 170/121/428
f 173/1704/429 171/496/430 170/121/431
f 173/1704/429 170/121/431 172/469/432
f 175/938/433 173/1704/434 172/469/435
f 175/938/433 172/469/435 174/550/436
f 132/1200/437 142/861/438 141/118/439
f 132/1200/437 141/118/439 130/220/440
f 131/1350/441 175/938/442 174/550/443
f 131/1350/441 174/550/443 129/1684/444
f 113/1581/445 77/882/446 129/1684/447
f 113/1581/445 129/1684/447 174/550/448
f 112/522/449 209/533/450 143/330/451
f 112/522/449 143/330/451 145/141/452
f 92/805/453 94/12/454 162/128/455
f 92/805/453 162/128/455 164/252/456
f 111/735/457 109/933/458 146/1481/459
f 111/735/457 146/1481/459 144/1478/460
f 93/822/461 91/1773/462 163/1374/463
f 93/822/461 163/1374/463 161/1743/464
f 103/1274/465 76/1323/466 131/1159/467
f 103/1274/465 131/1159/467 152/394/468
f 110/113/469 112/522/470 145/141/471
f 110/113/469 145/141/471 147/982/472
f 79/613/473 104/504/474 153/1233/475
f 79/613/473 153/1233/475 130/810/476
f 109/933/477 107/768/478 148/463/479
f 109/933/477 148/463/479 146/1481/480
f 77/1422/481 92/805/482 164/252/483
f 77/1422/481 164/252/483 129/1355/484
f 91/1773/485 78/1015/486 132/1556/487
f 91/1773/485 132/1556/487 163/1374/488
f 108/19/489 110/113/490 147/982/491
f 108/19/489 147/982/491 149/1782/492
f 107/768/493 105/406/494 150/1635/495
f 107/768/493 150/1635/495 148/463/496
f 122/976/497 232/777/498 167/1058/499
f 122/976/497 167/1058/499 166/295/500
f 89/13/501 90/736/502 124/308/503
f 89/13/501 124/308/503 134/1808/504
f 106/303/505 108/19/506 149/1782/507
f 106/303/505 149/1782/507 151/526/508
f 123/1426/509 121/569/510 165/888/511
f 123/1426/509 165/888/511 128/975/512
f 105/406/513 103/1274/514 152/394/515
f 105/406/513 152/394/515 150/1635/516
f 120/730/517 122/976/518 166/295/519
f 120/730/517 166/295/519 169/1364/520
f 104/504/521 106/303/522 151/526/523
f 104/504/521 151/526/523 153/1233/524
f 87/32/525 89/13/526 134/1808/527
f 87/32/525 134/1808/527 136/1677/528
f 121/569/529 119/1616/530 168/559/531
f 121/569/529 168/559/531 165/888/532
f 88/697/533 86/1038/534 135/64/535
f 88/697/533 135/64/535 133/1420/536
f 131/665/537 129/1176/538 179/363/539
f 131/665/537 179/363/539 177/1133/540
f 132/393/541 130/634/542 176/1301/543
f 132/393/541 176/1301/543 181/1817/544
f 129/92/545 132/1300/546 181/81/547
f 129/92/545 181/81/547 179/1778/548
f 178/1712/549 182/834/550 176/1055/551
f 177/1290/552 186/1501/553 184/1747/554
f 177/1290/552 184/1747/554 178/1712/555
f 179/1582/556 183/199/557 180/524/558
f 181/579/559 182/834/560 183/199/561
f 180/524/562 183/199/563 185/1177/564
f 180/524/562 185/1177/564 184/1747/565
f 181/1817/566 176/1301/567 182/1073/568
f 176/1691/569 177/1143/570 178/1184/571
f 177/1133/572 179/363/573 180/1470/574
f 177/1133/572 180/1470/574 186/668/575
f 179/1778/576 181/81/577 183/794/578
f 178/1712/579 185/1177/580 182/834/581
usemtl brickwall1
f 184/626/582 186/762/583 180/632/584
usemtl stonetrims
f 182/834/585 185/1177/586 183/199/587
f 184/1747/588 185/1177/589 178/1712/590
f 38/372/591 215/1410/592 196/1720/593
f 38/372/591 196/1720/593 189/105/594
f 102/1048/595 127/1788/596 203/677/597
f 102/1048/595 203/677/597 198/1506/598
f 90/1442/599 59/830/600 192/1240/601
f 90/1442/599 192/1240/601 195/1241/602
f 52/1208/603 102/1697/604 198/1368/605
f 52/1208/603 198/1368/605 191/1165/606
f 143/330/607 209/533/608 214/452/609
f 143/330/607 214/452/609 205/148/610
f 101/792/611 65/722/612 193/732/613
f 101/792/611 193/732/613 197/1051/614
f 128/975/615 167/1058/616 207/725/617
f 128/975/615 207/725/617 204/1077/618
f 124/308/619 90/736/620 195/1772/621
f 124/308/619 195/1772/621 200/1014/622
f 156/611/623 101/9/624 197/645/625
f 156/611/623 197/645/625 206/673/626
f 71/1339/627 123/1117/628 199/865/629
f 71/1339/627 199/865/629 194/1463/630
f 126/813/631 143/330/632 205/148/633
f 126/813/631 205/148/633 202/1087/634
f 167/1058/635 232/777/636 229/1328/637
f 167/1058/635 229/1328/637 207/725/638
f 232/1639/639 28/1369/640 187/327/641
f 232/1639/639 187/327/641 229/306/642
f 127/1788/643 156/611/644 206/673/645
f 127/1788/643 206/673/645 203/677/646
f 209/208/647 43/447/648 190/42/649
f 209/208/647 190/42/649 214/1329/650
f 125/1209/651 124/308/652 200/1014/653
f 125/1209/651 200/1014/653 201/1113/654
f 34/1579/655 222/1727/656 231/702/657
f 34/1579/655 231/702/657 188/553/658
f 123/1426/659 128/975/660 204/1077/661
f 123/1426/659 204/1077/661 199/1104/662
f 130/1429/663 131/1379/664 177/1143/665
f 130/1429/663 177/1143/665 176/1691/666
f 221/601/667 217/748/668 41/592/669
f 221/601/667 41/592/669 523/144/670
f 212/930/671 219/58/672 46/1128/673
f 212/930/671 46/1128/673 42/1766/674
f 211/1810/675 215/1410/676 38/372/677
f 211/1810/675 38/372/677 47/254/678
f 215/49/679 88/697/680 133/1420/681
f 215/49/679 133/1420/681 125/1209/682
usemtl brickwall1
f 216/33/683 213/527/684 108/72/685
f 216/33/683 108/72/685 106/302/686
f 213/527/687 210/1022/688 110/653/689
f 213/527/687 110/653/689 108/72/690
usemtl stonetrims
f 196/582/691 215/49/692 125/1209/693
f 196/582/691 125/1209/693 201/1113/694
f 217/748/695 212/930/696 42/1766/697
f 217/748/695 42/1766/697 41/592/698
f 219/58/699 211/1810/700 47/254/701
f 219/58/699 47/254/701 46/1128/702
usemtl brickwall1
f 218/931/703 216/33/704 106/302/705
f 218/931/703 106/302/705 104/1657/706
f 208/788/707 218/931/708 104/1657/709
f 208/788/707 104/1657/709 79/606/710
usemtl stonetrims
f 208/1244/711 221/601/712 523/144/713
f 208/1244/711 523/144/713 45/131/714
usemtl brickwall1
f 210/1022/715 220/449/716 112/521/717
f 210/1022/715 112/521/717 110/653/718
f 220/449/719 209/807/720 112/521/721
f 224/1178/722 233/925/723 105/1652/724
f 224/1178/722 105/1652/724 107/484/725
f 222/877/726 230/506/727 111/614/728
f 233/925/729 225/1456/730 103/1224/731
f 233/925/729 103/1224/731 105/1652/732
usemtl stonetrims
f 226/1505/733 236/1450/734 37/513/735
f 226/1505/733 37/513/735 29/1408/736
f 228/1430/737 226/1505/738 29/1408/739
f 228/1430/737 29/1408/739 32/1152/740
f 227/1219/741 235/707/742 33/1017/743
f 227/1219/741 33/1017/743 36/6/744
f 232/1639/745 234/1797/746 25/1801/747
f 232/1639/745 25/1801/747 28/1369/748
f 222/1191/749 111/735/750 144/1478/751
f 222/1191/749 144/1478/751 126/813/752
usemtl brickwall1
f 230/506/753 223/116/754 109/549/755
f 230/506/753 109/549/755 111/614/756
f 223/116/757 224/1178/758 107/484/759
f 223/116/757 107/484/759 109/549/760
f 225/1456/761 236/1417/762 76/1503/763
f 225/1456/761 76/1503/763 103/1224/764
usemtl stonetrims
f 235/707/765 228/1430/766 32/1152/767
f 235/707/765 32/1152/767 33/1017/768
f 234/1797/769 227/1219/770 36/6/771
f 234/1797/769 36/6/771 25/1801/772
f 231/1577/773 222/1191/774 126/813/775
f 231/1577/773 126/813/775 202/1087/776
usemtl brickwall1
f 241/1187/777 247/269/778 98/951/779
f 241/1187/777 98/951/779 96/566/780
f 247/269/781 243/106/782 100/203/783
f 247/269/781 100/203/783 98/951/784
f 240/1678/785 246/1548/786 94/1554/787
f 240/1678/785 94/1554/787 92/1318/788
usemtl stonetrims
f 244/23/789 239/267/790 64/355/791
f 244/23/789 64/355/791 63/723/792
f 237/1528/793 238/1089/794 68/1585/795
f 237/1528/793 68/1585/795 67/764/796
f 242/310/797 244/23/798 63/723/799
f 242/310/797 63/723/799 72/1381/800
usemtl brickwall1
f 245/1263/801 240/1678/802 92/1318/803
f 245/1263/801 92/1318/803 77/1137/804
f 243/106/805 101/806/806 100/203/807
f 246/1548/808 241/1187/809 96/566/810
f 246/1548/808 96/566/810 94/1554/811
usemtl stonetrims
f 245/1179/812 242/310/813 72/1381/814
f 245/1179/812 72/1381/814 75/756/815
f 239/267/816 237/1528/817 67/764/818
f 239/267/816 67/764/818 64/355/819
f 238/1089/820 123/1117/821 71/1339/822
f 238/1089/820 71/1339/822 68/1585/823
usemtl brickwall1
f 258/1120/824 251/978/825 95/53/826
f 258/1120/824 95/53/826 97/1561/827
usemtl stonetrims
f 256/1153/828 248/1363/829 50/960/830
f 256/1153/828 50/960/830 51/1278/831
f 257/1427/832 255/103/833 54/1001/834
f 257/1427/832 54/1001/834 56/421/835
f 252/407/836 250/80/837 55/328/838
f 252/407/836 55/328/838 60/901/839
usemtl brickwall1
f 251/978/840 254/1020/841 93/689/842
f 251/978/840 93/689/842 95/53/843
f 102/1406/844 253/838/845 99/990/846
f 254/1020/847 249/455/848 91/1605/849
f 254/1020/847 91/1605/849 93/689/850
f 253/838/851 258/1120/852 97/1561/853
f 253/838/851 97/1561/853 99/990/854
f 249/455/855 250/801/856 78/1031/857
f 249/455/855 78/1031/857 91/1605/858
usemtl stonetrims
f 255/103/859 256/1153/860 51/1278/861
f 255/103/859 51/1278/861 54/1001/862
f 90/1442/863 257/1427/864 56/421/865
f 90/1442/863 56/421/865 59/830/866
f 248/1363/867 252/407/868 60/901/869
f 248/1363/867 60/901/869 50/960/870
f 261/210/871 271/1414/872 464/1027/873
f 261/210/871 464/1027/873 453/14/874
usemtl brickwall1
f 309/1215/875 311/1543/876 445/413/877
f 309/1215/875 445/413/877 449/1351/878
f 311/1543/879 313/917/880 440/1562/881
f 311/1543/879 440/1562/881 445/413/882
f 313/917/883 315/530/884 447/1332/885
f 313/917/883 447/1332/885 440/1562/886
f 315/530/887 317/899/888 439/518/889
f 315/530/887 439/518/889 447/1332/890
f 317/899/891 443/1214/892 439/518/893
f 306/1136/894 342/1167/895 470/942/896
f 306/1136/894 470/942/896 473/221/897
f 312/178/898 476/142/899 484/1629/900
f 312/178/898 484/1629/900 314/819/901
f 314/819/902 484/1629/903 483/1267/904
f 314/819/902 483/1267/904 316/1760/905
f 316/1760/906 483/1267/907 485/1681/908
f 316/1760/906 485/1681/908 318/77/909
f 318/77/910 485/1681/911 319/678/912
usemtl stonetrims
f 299/1552/913 303/1517/914 474/1732/915
f 299/1552/913 474/1732/915 468/1107/916
f 280/855/917 284/1625/918 446/1714/919
f 280/855/917 446/1714/919 436/817/920
usemtl brickwall1
f 343/268/921 454/983/922 456/127/923
f 343/268/921 456/127/923 345/1402/924
f 345/1402/925 456/127/926 463/1356/927
f 345/1402/925 463/1356/927 347/540/928
f 347/540/929 463/1356/930 455/891/931
f 347/540/929 455/891/931 349/1694/932
f 349/1694/933 455/891/934 462/1774/935
f 349/1694/933 462/1774/935 351/57/936
f 351/57/937 462/1774/938 460/1741/939
f 308/1829/940 309/1215/941 449/1351/942
f 308/1829/940 449/1351/942 436/370/943
f 344/262/944 346/167/945 467/1109/946
f 344/262/944 467/1109/946 472/1533/947
f 346/167/948 348/1118/949 465/215/950
f 346/167/948 465/215/950 467/1109/951
f 348/1118/952 350/1434/953 466/684/954
f 348/1118/952 466/684/954 465/215/955
f 350/1434/956 352/1062/957 466/684/958
f 342/1167/959 344/262/960 472/1533/961
f 342/1167/959 472/1533/961 470/942/962
usemtl stonetrims
f 283/1129/963 274/1370/964 448/1230/965
f 283/1129/963 448/1230/965 438/1820/966
f 275/365/967 279/100/968 441/1488/969
f 275/365/967 441/1488/969 444/1333/970
f 274/1370/971 278/1158/972 437/1613/973
f 274/1370/971 437/1613/973 448/1230/974
f 279/100/975 283/1129/976 438/1820/977
f 279/100/975 438/1820/977 441/1488/978
usemtl brickwall1
f 310/242/979 480/1025/980 476/142/981
f 310/242/979 476/142/981 312/178/982
usemtl stonetrims
f 264/501/983 260/1419/984 451/507/985
f 264/501/983 451/507/985 458/1499/986
f 269/1121/987 265/1791/988 461/672/989
f 269/1121/987 461/672/989 452/1486/990
f 304/151/991 299/1552/992 468/1107/993
f 304/151/991 468/1107/993 473/752/994
f 268/60/995 264/501/996 458/1499/997
f 268/60/995 458/1499/997 450/1331/998
f 260/1419/999 269/1121/1000 452/1486/1001
f 260/1419/999 452/1486/1001 451/507/1002
f 265/1791/1003 261/210/1004 453/14/1005
f 265/1791/1003 453/14/1005 461/672/1006
f 302/619/1007 294/119/1008 330/185/1009
f 302/619/1007 330/185/1009 471/1736/1010
f 295/828/1011 298/1110/1012 475/1765/1013
f 295/828/1011 475/1765/1013 469/1016/1014
f 284/1625/1015 275/365/1016 444/1333/1017
f 284/1625/1015 444/1333/1017 446/1714/1018
f 298/1110/1019 302/619/1020 471/1736/1021
f 298/1110/1019 471/1736/1021 475/1765/1022
f 303/1517/1023 295/828/1024 469/1016/1025
f 303/1517/1023 469/1016/1025 474/1732/1026
usemtl brickwall1
f 305/920/1027 464/1002/1028 454/983/1029
f 305/920/1027 454/983/1029 343/268/1030
usemtl stonetrims
f 490/681/1031 291/980/1032 481/603/1033
f 490/681/1031 481/603/1033 331/1695/1034
f 288/1601/1035 494/1108/1036 479/973/1037
f 288/1601/1035 479/973/1037 486/1588/1038
f 493/971/1039 289/320/1040 477/1631/1041
f 493/971/1039 477/1631/1041 482/1033/1042
usemtl brickwall1
f 307/1030/1043 478/1598/1044 480/1025/1045
f 307/1030/1043 480/1025/1045 310/242/1046
usemtl stonetrims
f 291/980/1047 288/1601/1048 486/1588/1049
f 291/980/1047 486/1588/1049 481/603/1050
f 494/1108/1051 493/971/1052 482/1033/1053
f 494/1108/1051 482/1033/1053 479/973/1054
f 289/320/1055 286/1769/1056 478/892/1057
f 289/320/1055 478/892/1057 477/1631/1058
f 324/321/1059 322/205/1060 390/1148/1061
f 324/321/1059 390/1148/1061 388/1725/1062
f 305/1823/1063 343/514/1064 404/332/1065
f 305/1823/1063 404/332/1065 360/744/1066
f 323/1255/1067 325/1170/1068 389/1483/1069
f 323/1255/1067 389/1483/1069 391/126/1070
f 309/301/1071 308/780/1072 359/1455/1073
f 309/301/1071 359/1455/1073 370/1346/1074
f 307/1702/1075 310/1453/1076 371/253/1077
f 307/1702/1075 371/253/1077 361/599/1078
f 311/357/1079 309/301/1080 370/1346/1081
f 311/357/1079 370/1346/1081 368/602/1082
f 326/864/1083 324/321/1084 388/1725/1085
f 326/864/1083 388/1725/1085 386/867/1086
f 344/1040/1087 342/992/1088 403/1768/1089
f 344/1040/1087 403/1768/1089 401/1685/1090
f 310/1453/1091 312/571/1092 369/391/1093
f 310/1453/1091 369/391/1093 371/253/1094
f 325/1170/1095 327/766/1096 387/168/1097
f 325/1170/1095 387/168/1097 389/1483/1098
f 343/514/1099 345/842/1100 402/1106/1101
f 343/514/1099 402/1106/1101 404/332/1102
f 313/441/1103 311/357/1104 368/602/1105
f 313/441/1103 368/602/1105 366/1432/1106
f 328/362/1107 326/864/1108 386/867/1109
f 328/362/1107 386/867/1109 383/232/1110
f 346/290/1111 344/1040/1112 401/1685/1113
f 346/290/1111 401/1685/1113 399/1348/1114
f 312/571/1115 314/509/1116 367/1558/1117
f 312/571/1115 367/1558/1117 369/391/1118
f 327/766/1119 329/1229/1120 384/1815/1121
f 327/766/1119 384/1815/1121 387/168/1122
f 345/842/1123 347/1620/1124 400/494/1125
f 345/842/1123 400/494/1125 402/1106/1126
f 315/434/1127 313/441/1128 366/1432/1129
f 315/434/1127 366/1432/1129 364/1304/1130
f 331/446/1131 328/362/1132 383/232/1133
f 331/446/1131 383/232/1133 356/1787/1134
f 348/1614/1135 346/290/1136 399/1348/1137
f 348/1614/1135 399/1348/1137 397/1781/1138
f 314/509/1139 316/1275/1140 365/1676/1141
f 314/509/1139 365/1676/1141 367/1558/1142
f 347/1620/1143 349/729/1144 398/749/1145
f 347/1620/1143 398/749/1145 400/494/1146
f 329/1229/1147 330/8/1148 385/609/1149
f 329/1229/1147 385/609/1149 384/1815/1150
f 363/1213/1151 353/1530/1152 354/1206/1153
f 363/1213/1151 354/1206/1153 362/1418/1154
f 365/1676/1155 363/1213/1156 362/1418/1157
f 365/1676/1155 362/1418/1157 364/1304/1158
f 367/1558/1159 365/1676/1160 364/1304/1161
f 367/1558/1159 364/1304/1161 366/1432/1162
f 369/391/1163 367/1558/1164 366/1432/1165
f 369/391/1163 366/1432/1165 368/602/1166
f 371/253/1167 369/391/1168 368/602/1169
f 371/253/1167 368/602/1169 370/1346/1170
f 355/811/1171 373/884/1172 374/1377/1173
f 355/811/1171 374/1377/1173 372/1546/1174
f 373/884/1175 375/1480/1176 376/376/1177
f 373/884/1175 376/376/1177 374/1377/1178
f 375/1480/1179 377/460/1180 378/1193/1181
f 375/1480/1179 378/1193/1181 376/376/1182
f 377/460/1183 379/1633/1184 380/1750/1185
f 377/460/1183 380/1750/1185 378/1193/1186
f 379/1633/1187 381/1611/1188 382/1231/1189
f 379/1633/1187 382/1231/1189 380/1750/1190
f 384/1815/1191 385/609/1192 356/1787/1193
f 384/1815/1191 356/1787/1193 383/232/1194
f 387/168/1195 384/1815/1196 383/232/1197
f 387/168/1195 383/232/1197 386/867/1198
f 389/1483/1199 387/168/1200 386/867/1201
f 389/1483/1199 386/867/1201 388/1725/1202
f 391/126/1203 389/1483/1204 388/1725/1205
f 391/126/1203 388/1725/1205 390/1148/1206
f 393/251/1207 391/126/1208 390/1148/1209
f 393/251/1207 390/1148/1209 392/758/1210
f 381/1611/1211 360/554/1212 359/197/1213
f 381/1611/1211 359/197/1213 382/1231/1214
f 358/1352/1215 393/251/1216 392/758/1217
f 358/1352/1215 392/758/1217 361/964/1218
f 395/1518/1219 396/1056/1220 357/366/1221
f 395/1518/1219 357/366/1221 394/278/1222
f 398/749/1223 395/1518/1224 394/278/1225
f 398/749/1223 394/278/1225 397/1781/1226
f 400/494/1227 398/749/1228 397/1781/1229
f 400/494/1227 397/1781/1229 399/1348/1230
f 402/1106/1231 400/494/1232 399/1348/1233
f 402/1106/1231 399/1348/1233 401/1685/1234
f 404/332/1235 402/1106/1236 401/1685/1237
f 404/332/1235 401/1685/1237 403/1768/1238
f 361/599/1239 371/253/1240 370/1346/1241
f 361/599/1239 370/1346/1241 359/1455/1242
f 360/744/1243 404/332/1244 403/1768/1245
f 360/744/1243 403/1768/1245 358/1092/1246
f 342/992/1247 306/275/1248 358/1092/1249
f 342/992/1247 358/1092/1249 403/1768/1250
f 341/1742/1251 437/129/1252 372/1546/1253
f 341/1742/1251 372/1546/1253 374/1377/1254
f 321/803/1255 323/1255/1256 391/126/1257
f 321/803/1255 391/126/1257 393/251/1258
f 340/733/1259 338/325/1260 375/1480/1261
f 340/733/1259 375/1480/1261 373/884/1262
f 322/205/1263 320/1181/1264 392/758/1265
f 322/205/1263 392/758/1265 390/1148/1266
f 332/1272/1267 305/711/1268 360/554/1269
f 332/1272/1267 360/554/1269 381/1611/1270
f 339/1341/1271 341/1742/1272 374/1377/1273
f 339/1341/1271 374/1377/1273 376/376/1274
f 308/612/1275 333/502/1276 382/1231/1277
f 308/612/1275 382/1231/1277 359/197/1278
f 338/325/1279 336/160/1280 377/460/1281
f 338/325/1279 377/460/1281 375/1480/1282
f 306/1421/1283 321/803/1284 393/251/1285
f 306/1421/1283 393/251/1285 358/1352/1286
f 320/1181/1287 307/1013/1288 361/964/1289
f 320/1181/1287 361/964/1289 392/758/1290
f 337/1265/1291 339/1341/1292 376/376/1293
f 337/1265/1291 376/376/1293 378/1193/1294
f 336/160/1295 334/1627/1296 379/1633/1297
f 336/160/1295 379/1633/1297 377/460/1298
f 351/367/1299 460/360/1300 396/1056/1301
f 351/367/1299 396/1056/1301 395/1518/1302
f 318/1256/1303 319/132/1304 353/1530/1305
f 318/1256/1303 353/1530/1305 363/1213/1306
f 335/1524/1307 337/1265/1308 378/1193/1309
f 335/1524/1307 378/1193/1309 380/1750/1310
f 352/825/1311 350/567/1312 394/278/1313
f 352/825/1311 394/278/1313 357/366/1314
f 334/1627/1315 332/1272/1316 381/1611/1317
f 334/1627/1315 381/1611/1317 379/1633/1318
f 349/729/1319 351/367/1320 395/1518/1321
f 349/729/1319 395/1518/1321 398/749/1322
f 333/502/1323 335/1524/1324 380/1750/1325
f 333/502/1323 380/1750/1325 382/1231/1326
f 316/1275/1327 318/1256/1328 363/1213/1329
f 316/1275/1327 363/1213/1329 365/1676/1330
f 350/567/1331 348/1614/1332 397/1781/1333
f 350/567/1331 397/1781/1333 394/278/1334
f 317/95/1335 315/434/1336 364/1304/1337
f 317/95/1335 364/1304/1337 362/1418/1338
f 360/61/1339 358/572/1340 408/1580/1341
f 360/61/1339 408/1580/1341 406/525/1342
f 361/1609/1343 359/34/1344 405/685/1345
f 361/1609/1343 405/685/1345 410/1222/1346
f 358/1327/1347 361/683/1348 410/1315/1349
f 358/1327/1347 410/1315/1349 408/1190/1350
f 407/1710/1351 411/833/1352 405/450/1353
f 406/675/1354 415/916/1355 413/1154/1356
f 406/675/1354 413/1154/1356 407/1710/1357
f 408/994/1358 412/1444/1359 409/1745/1360
f 410/1800/1361 411/833/1362 412/1444/1363
f 409/1745/1364 412/1444/1365 414/573/1366
f 409/1745/1364 414/573/1366 413/1154/1367
f 410/1222/1368 405/685/1369 411/1072/1370
f 405/1690/1371 406/1141/1372 407/1182/1373
f 406/525/1374 408/1580/1375 409/1468/1376
f 406/525/1374 409/1468/1376 415/75/1377
f 408/1190/1378 410/1315/1379 412/186/1380
f 407/1710/1381 414/573/1382 411/833/1383
usemtl brickwall1
f 413/624/1384 415/154/1385 409/30/1386
usemtl stonetrims
f 411/833/1387 414/573/1388 412/1444/1389
f 413/1154/1390 414/573/1391 407/1710/1392
f 272/671/1393 443/989/1394 424/1321/1395
f 272/671/1393 424/1321/1395 418/1334/1396
f 331/446/1397 356/1787/1398 431/259/1399
f 331/446/1397 431/259/1399 426/474/1400
f 319/844/1401 495/62/1402 635/1586/1403
f 319/844/1401 635/1586/1403 423/815/1404
f 490/681/1405 331/1695/1406 426/946/1407
f 490/681/1405 426/946/1407 420/558/1408
f 372/1546/1409 437/129/1410 442/31/1411
f 372/1546/1409 442/31/1411 433/1565/1412
f 330/185/1413 294/119/1414 421/318/1415
f 330/185/1413 421/318/1415 425/627/1416
f 357/366/1417 396/1056/1418 435/314/1419
f 357/366/1417 435/314/1419 432/56/1420
f 353/1530/1421 319/132/1422 423/1371/1423
f 353/1530/1421 423/1371/1423 428/589/1424
f 385/609/1425 330/8/1426 425/1454/1427
f 385/609/1425 425/1454/1427 434/257/1428
f 300/731/1429 352/517/1430 427/432/1431
f 300/731/1429 427/432/1431 422/431/1432
f 355/811/1433 372/1546/1434 433/1565/1435
f 355/811/1433 433/1565/1435 430/69/1436
f 396/1056/1437 460/360/1438 457/909/1439
f 396/1056/1437 457/909/1439 435/314/1440
f 460/622/1441 262/1653/1442 416/1541/1443
f 460/622/1441 416/1541/1443 457/1701/1444
f 356/1787/1445 385/609/1446 434/257/1447
f 356/1787/1445 434/257/1447 431/259/1448
f 437/1613/1449 278/1158/1450 419/39/1451
f 437/1613/1449 419/39/1451 442/910/1452
f 354/1206/1453 353/1530/1454 428/589/1455
f 354/1206/1453 428/589/1455 429/101/1456
f 268/60/1457 450/1331/1458 459/1502/1459
f 268/60/1457 459/1502/1459 417/551/1460
f 352/825/1461 357/366/1462 432/56/1463
f 352/825/1461 432/56/1463 427/691/1464
f 359/1428/1465 360/767/1466 406/1141/1467
f 359/1428/1465 406/1141/1467 405/1690/1468
f 449/1411/1469 445/1563/1470 276/1324/1471
f 449/1411/1469 276/1324/1471 273/1012/1472
f 440/499/1473 447/1469/1474 281/1261/1475
f 440/499/1473 281/1261/1475 277/76/1476
f 439/1396/1477 443/989/1478 272/671/1479
f 439/1396/1477 272/671/1479 282/968/1480
f 443/1459/1481 317/95/1482 362/1418/1483
f 443/1459/1481 362/1418/1483 354/1206/1484
usemtl brickwall1
f 444/1443/1485 441/122/1486 337/1305/1487
f 444/1443/1485 337/1305/1487 335/300/1488
f 441/122/1489 438/600/1490 339/54/1491
f 441/122/1489 339/54/1491 337/1305/1492
usemtl stonetrims
f 424/1392/1493 443/1459/1494 354/1206/1495
f 424/1392/1493 354/1206/1495 429/101/1496
f 445/1563/1497 440/499/1498 277/76/1499
f 445/1563/1497 277/76/1499 276/1324/1500
f 447/1469/1501 439/1396/1502 282/968/1503
f 447/1469/1501 282/968/1503 281/1261/1504
usemtl brickwall1
f 446/1719/1505 444/1443/1506 335/300/1507
f 446/1719/1505 335/300/1507 333/1067/1508
f 436/370/1509 446/1719/1510 333/1067/1511
f 436/370/1509 333/1067/1511 308/1829/1512
usemtl stonetrims
f 436/817/1513 449/1411/1514 273/1012/1515
f 436/817/1513 273/1012/1515 280/855/1516
usemtl brickwall1
f 438/600/1517 448/24/1518 341/1739/1519
f 438/600/1517 341/1739/1519 339/54/1520
f 448/24/1521 437/385/1522 341/1739/1523
f 452/751/1524 461/485/1525 334/1066/1526
f 452/751/1524 334/1066/1526 336/482/1527
f 450/445/1528 458/99/1529 340/4/1530
f 461/485/1531 453/1032/1532 332/618/1533
f 461/485/1531 332/618/1533 334/1066/1534
usemtl stonetrims
f 454/1080/1535 464/1027/1536 271/1414/1537
f 454/1080/1535 271/1414/1537 263/1698/1538
f 456/1010/1539 454/1080/1540 263/1698/1541
f 456/1010/1539 263/1698/1541 266/1452/1542
f 455/790/1543 463/1508/1544 267/93/1545
f 455/790/1543 267/93/1545 270/313/1546
f 460/622/1547 462/775/1548 259/283/1549
f 460/622/1547 259/283/1549 262/1653/1550
f 450/763/1551 340/733/1552 373/884/1553
f 450/763/1551 373/884/1553 355/811/1554
usemtl brickwall1
f 458/99/1555 451/934/1556 338/547/1557
f 458/99/1555 338/547/1557 340/4/1558
f 451/934/1559 452/751/1560 336/482/1561
f 451/934/1559 336/482/1561 338/547/1562
f 453/1032/1563 464/1002/1564 305/920/1565
f 453/1032/1563 305/920/1565 332/618/1566
usemtl stonetrims
f 463/1508/1567 456/1010/1568 266/1452/1569
f 463/1508/1567 266/1452/1569 267/93/1570
f 462/775/1571 455/790/1572 270/313/1573
f 462/775/1571 270/313/1573 259/283/1574
f 459/1169/1575 450/763/1576 355/811/1577
f 459/1169/1575 355/811/1577 430/69/1578
usemtl brickwall1
f 469/759/1579 475/1071/1580 327/347/1581
f 469/759/1579 327/347/1581 325/565/1582
f 475/1071/1583 471/1513/1584 329/1448/1585
f 475/1071/1583 329/1448/1585 327/347/1586
f 468/1283/1587 474/523/1588 323/963/1589
f 468/1283/1587 323/963/1589 321/709/1590
usemtl stonetrims
f 472/837/1591 467/1663/1592 293/1573/1593
f 472/837/1591 293/1573/1593 292/120/1594
f 465/1105/1595 466/73/1596 297/1000/1597
f 465/1105/1595 297/1000/1597 296/157/1598
f 470/1707/1599 472/837/1600 292/120/1601
f 470/1707/1599 292/120/1601 301/770/1602
usemtl brickwall1
f 473/221/1603 468/1283/1604 321/709/1605
f 473/221/1603 321/709/1605 306/1136/1606
f 471/1513/1607 330/193/1608 329/1448/1609
f 474/523/1610 469/759/1611 325/565/1612
f 474/523/1610 325/565/1612 323/963/1613
usemtl stonetrims
f 473/752/1614 470/1707/1615 301/770/1616
f 473/752/1614 301/770/1616 304/151/1617
f 467/1663/1618 465/1105/1619 296/157/1620
f 467/1663/1618 296/157/1620 293/1573/1621
f 466/73/1622 352/517/1623 300/731/1624
f 466/73/1622 300/731/1624 297/1000/1625
usemtl brickwall1
f 486/712/1626 479/543/1627 324/50/1628
f 486/712/1626 324/50/1628 326/967/1629
usemtl stonetrims
f 484/738/1630 476/343/1631 492/923/1632
f 484/738/1630 492/923/1632 285/337/1633
f 485/397/1634 483/1511/1635 488/1218/1636
f 485/397/1634 488/1218/1636 287/666/1637
f 480/1816/1638 478/892/1639 286/1769/1640
f 480/1816/1638 286/1769/1640 290/710/1641
usemtl brickwall1
f 479/543/1642 482/596/1643 322/90/1644
f 479/543/1642 322/90/1644 324/50/1645
f 331/798/1646 481/403/1647 328/383/1648
f 482/596/1649 477/35/1650 320/1019/1651
f 482/596/1649 320/1019/1651 322/90/1652
f 481/403/1653 486/712/1654 326/967/1655
f 481/403/1653 326/967/1655 328/383/1656
f 477/35/1657 478/1598/1658 307/1030/1659
f 477/35/1657 307/1030/1659 320/1019/1660
usemtl stonetrims
f 483/1511/1661 484/738/1662 285/337/1663
f 483/1511/1661 285/337/1663 488/1218/1664
f 319/844/1665 485/397/1666 287/666/1667
f 319/844/1665 287/666/1667 495/62/1668
f 476/343/1669 480/1816/1670 290/710/1671
f 476/343/1669 290/710/1671 492/923/1672
f 489/1615/1673 286/1667/1674 681/213/1675
f 489/1615/1673 681/213/1675 670/1043/1676
usemtl brickwall1
f 528/1266/1677 530/1572/1678 662/204/1679
f 528/1266/1677 662/204/1679 666/534/1680
f 530/1572/1681 532/338/1682 657/1365/1683
f 530/1572/1681 657/1365/1683 662/204/1684
f 532/338/1685 534/574/1686 664/511/1687
f 532/338/1685 664/511/1687 657/1365/1688
f 534/574/1689 536/322/1690 656/1542/1691
f 534/574/1689 656/1542/1691 664/511/1692
f 536/322/1693 660/402/1694 656/1542/1695
f 525/568/1696 561/1204/1697 687/741/1698
f 525/568/1696 687/741/1698 690/20/1699
f 531/217/1700 693/1173/1701 701/846/1702
f 531/217/1700 701/846/1702 533/863/1703
f 533/863/1704 701/846/1705 700/448/1706
f 533/863/1704 700/448/1706 535/1804/1707
f 535/1804/1708 700/448/1709 702/906/1710
f 535/1804/1708 702/906/1710 537/109/1711
f 537/109/1712 702/906/1713 538/111/1714
usemtl stonetrims
f 523/66/1715 41/1560/1716 691/941/1717
f 523/66/1715 691/941/1717 685/311/1718
f 504/1761/1719 508/136/1720 663/1522/1721
f 504/1761/1719 663/1522/1721 653/7/1722
usemtl brickwall1
f 562/1527/1723 671/771/1724 673/1738/1725
f 562/1527/1723 673/1738/1725 564/840/1726
f 564/840/1727 673/1738/1728 680/1149/1729
f 564/840/1727 680/1149/1729 566/585/1730
f 566/585/1731 680/1149/1732 672/674/1733
f 566/585/1731 672/674/1733 568/1127/1734
f 568/1127/1735 672/674/1736 679/986/1737
f 568/1127/1735 679/986/1737 570/98/1738
f 570/98/1739 679/986/1740 677/1549/1741
f 527/47/1742 528/1266/1743 666/534/1744
f 527/47/1742 666/534/1744 653/1400/1745
f 563/299/1746 565/1447/1747 684/316/1748
f 563/299/1746 684/316/1748 689/726/1749
f 565/1447/1750 567/546/1751 682/18/1752
f 565/1447/1750 682/18/1752 684/316/1753
f 567/546/1754 569/876/1755 683/1699/1756
f 567/546/1754 683/1699/1756 682/18/1757
f 569/876/1758 571/493/1759 683/1699/1760
f 561/1204/1761 563/299/1762 689/726/1763
f 561/1204/1761 689/726/1763 687/741/1764
usemtl stonetrims
f 507/1473/1765 498/1688/1766 665/412/1767
f 507/1473/1765 665/412/1767 655/1023/1768
f 499/1319/1769 503/419/1770 658/686/1771
f 499/1319/1769 658/686/1771 661/1115/1772
f 498/1688/1773 502/1498/1774 654/827/1775
f 498/1688/1773 654/827/1775 665/412/1776
f 503/419/1777 507/1473/1778 655/1023/1779
f 503/419/1777 655/1023/1779 658/686/1780
usemtl brickwall1
f 529/1512/1781 697/823/1782 693/1173/1783
f 529/1512/1781 693/1173/1783 531/217/1784
usemtl stonetrims
f 491/1497/1785 488/1003/1786 668/315/1787
f 491/1497/1785 668/315/1787 675/1306/1788
f 285/1794/1789 492/1557/1790 678/1686/1791
f 285/1794/1789 678/1686/1791 669/682/1792
f 45/1482/1793 523/66/1794 685/311/1795
f 45/1482/1793 685/311/1795 690/1771/1796
f 495/1642/1797 491/1497/1798 675/1306/1799
f 495/1642/1797 675/1306/1799 667/508/1800
f 488/1003/1801 285/1794/1802 669/682/1803
f 488/1003/1801 669/682/1803 668/315/1804
f 492/1557/1805 489/1615/1806 670/1043/1807
f 492/1557/1805 670/1043/1807 678/1686/1808
f 47/576/1809 38/1493/1810 549/231/1811
f 47/576/1809 549/231/1811 688/950/1812
f 522/1807/1813 46/1124/1814 692/1569/1815
f 522/1807/1813 692/1569/1815 686/196/1816
f 508/136/1817 499/1319/1818 661/1115/1819
f 508/136/1817 661/1115/1819 663/1522/1820
f 46/1124/1821 47/576/1822 688/950/1823
f 46/1124/1821 688/950/1823 692/1569/1824
f 41/1560/1825 522/1807/1826 686/196/1827
f 41/1560/1825 686/196/1827 691/941/1828
usemtl brickwall1
f 524/939/1829 681/786/1830 671/771/1831
f 524/939/1829 671/771/1831 562/1527/1832
usemtl stonetrims
f 511/417/1833 520/373/1834 698/1610/1835
f 511/417/1833 698/1610/1835 550/1130/1836
f 516/1197/1837 512/795/1838 696/149/1839
f 516/1197/1837 696/149/1839 703/789/1840
f 521/621/1841 517/1114/1842 694/847/1843
f 521/621/1841 694/847/1843 699/226/1844
usemtl brickwall1
f 526/462/1845 695/1409/1846 697/823/1847
f 526/462/1845 697/823/1847 529/1512/1848
usemtl stonetrims
f 520/373/1849 516/1197/1850 703/789/1851
f 520/373/1849 703/789/1851 698/1610/1852
f 512/795/1853 521/621/1854 699/226/1855
f 512/795/1853 699/226/1855 696/149/1856
f 517/1114/1857 514/1366/1858 695/676/1859
f 517/1114/1857 695/676/1859 694/847/1860
f 543/348/1861 541/263/1862 609/1188/1863
f 543/348/1861 609/1188/1863 607/1160/1864
f 524/1280/1865 562/1764/1866 623/1576/1867
f 524/1280/1865 623/1576/1867 579/774/1868
f 542/1296/1869 544/1210/1870 608/1521/1871
f 542/1296/1869 608/1521/1871 610/1390/1872
f 528/331/1873 527/209/1874 578/1495/1875
f 528/331/1873 578/1495/1875 589/769/1876
f 526/1135/1877 529/1491/1878 590/1519/1879
f 526/1135/1877 590/1519/1879 580/637/1880
f 530/1604/1881 528/331/1882 589/769/1883
f 530/1604/1881 589/769/1883 587/45/1884
f 545/911/1885 543/348/1886 607/1160/1887
f 545/911/1885 607/1160/1887 605/304/1888
f 563/472/1889 561/423/1890 622/1221/1891
f 563/472/1889 622/1221/1891 620/1726/1892
f 529/1491/1893 531/615/1894 588/1655/1895
f 529/1491/1893 588/1655/1895 590/1519/1896
f 544/1210/1897 546/809/1898 606/201/1899
f 544/1210/1897 606/201/1899 608/1521/1900
f 562/1764/1901 564/883/1902 621/528/1903
f 562/1764/1901 621/528/1903 623/1576/1904
f 532/473/1905 530/1604/1906 587/45/1907
f 532/473/1905 587/45/1907 585/874/1908
f 547/1612/1909 545/911/1910 605/304/1911
f 547/1612/1909 605/304/1911 602/276/1912
f 565/323/1913 563/472/1914 620/1726/1915
f 565/323/1913 620/1726/1915 618/1383/1916
f 531/615/1917 533/1756/1918 586/1587/1919
f 531/615/1917 586/1587/1919 588/1655/1920
f 546/809/1921 548/1277/1922 603/1271/1923
f 546/809/1921 603/1271/1923 606/201/1924
f 564/883/1925 566/1070/1926 619/1737/1927
f 564/883/1925 619/1737/1927 621/528/1928
f 534/471/1929 532/473/1930 585/874/1931
f 534/471/1929 585/874/1931 583/1335/1932
f 550/479/1933 547/1612/1934 602/276/1935
f 550/479/1933 602/276/1935 575/1238/1936
f 567/1069/1937 565/323/1938 618/1383/1939
f 567/1069/1937 618/1383/1939 616/1826/1940
f 533/1756/1941 535/703/1942 584/1116/1943
f 533/1756/1941 584/1116/1943 586/1587/1944
f 566/1070/1945 568/147/1946 617/184/1947
f 566/1070/1945 617/184/1947 619/1737/1948
f 548/1277/1949 549/1293/1950 604/48/1951
f 548/1277/1949 604/48/1951 603/1271/1952
f 582/651/1953 572/1555/1954 573/641/1955
f 582/651/1953 573/641/1955 581/859/1956
f 584/1116/1957 582/651/1958 581/859/1959
f 584/1116/1957 581/859/1959 583/1335/1960
f 586/1587/1961 584/1116/1962 583/1335/1963
f 586/1587/1961 583/1335/1963 585/874/1964
f 588/1655/1965 586/1587/1966 585/874/1967
f 588/1655/1965 585/874/1967 587/45/1968
f 590/1519/1969 588/1655/1970 587/45/1971
f 590/1519/1969 587/45/1971 589/769/1972
f 574/249/1973 592/926/1974 593/1413/1975
f 574/249/1973 593/1413/1975 591/1575/1976
f 592/926/1977 594/929/1978 595/405/1979
f 592/926/1977 595/405/1979 593/1413/1980
f 594/929/1981 596/1722/1982 597/1235/1983
f 594/929/1981 597/1235/1983 595/405/1984
f 596/1722/1985 598/1078/1986 599/1790/1987
f 596/1722/1985 599/1790/1987 597/1235/1988
f 598/1078/1989 600/1660/1990 601/664/1991
f 598/1078/1989 601/664/1991 599/1790/1992
f 603/1271/1993 604/48/1994 575/1238/1995
f 603/1271/1993 575/1238/1995 602/276/1996
f 606/201/1997 603/1271/1998 602/276/1999
f 606/201/1997 602/276/1999 605/304/2000
f 608/1521/2001 606/201/2002 605/304/2003
f 608/1521/2001 605/304/2003 607/1160/2004
f 610/1390/2005 608/1521/2006 607/1160/2007
f 610/1390/2005 607/1160/2007 609/1188/2008
f 612/1516/2009 610/1390/2010 609/1188/2011
f 612/1516/2009 609/1188/2011 611/799/2012
f 600/1660/2013 579/595/2014 578/248/2015
f 600/1660/2013 578/248/2015 601/664/2016
f 577/784/2017 612/1516/2018 611/799/2019
f 577/784/2017 611/799/2019 580/387/2020
f 614/948/2021 615/486/2022 576/398/2023
f 614/948/2021 576/398/2023 613/1535/2024
f 617/184/2025 614/948/2026 613/1535/2027
f 617/184/2025 613/1535/2027 616/1826/2028
f 619/1737/2029 617/184/2030 616/1826/2031
f 619/1737/2029 616/1826/2031 618/1383/2032
f 621/528/2033 619/1737/2034 618/1383/2035
f 621/528/2033 618/1383/2035 620/1726/2036
f 623/1576/2037 621/528/2038 620/1726/2039
f 623/1576/2037 620/1726/2039 622/1221/2040
f 580/637/2041 590/1519/2042 589/769/2043
f 580/637/2041 589/769/2043 578/1495/2044
f 579/774/2045 623/1576/2046 622/1221/2047
f 579/774/2045 622/1221/2047 577/519/2048
f 561/423/2049 525/1532/2050 577/519/2051
f 561/423/2049 577/519/2051 622/1221/2052
f 560/1776/2053 654/1147/2054 591/1575/2055
f 560/1776/2053 591/1575/2055 593/1413/2056
f 540/243/2057 542/1296/2058 610/1390/2059
f 540/243/2057 610/1390/2059 612/1516/2060
f 559/150/2061 557/351/2062 594/929/2063
f 559/150/2061 594/929/2063 592/926/2064
f 541/263/2065 539/1223/2066 611/799/2067
f 541/263/2065 611/799/2067 609/1188/2068
f 551/700/2069 524/740/2070 579/595/2071
f 551/700/2069 579/595/2071 600/1660/2072
f 558/761/2073 560/1776/2074 593/1413/2075
f 558/761/2073 593/1413/2075 595/405/2076
f 527/51/2077 552/1752/2078 601/664/2079
f 527/51/2077 601/664/2079 578/248/2080
f 557/351/2081 555/1438/2082 596/1722/2083
f 557/351/2081 596/1722/2083 594/929/2084
f 525/860/2085 540/243/2086 612/1516/2087
f 525/860/2085 612/1516/2087 577/784/2088
f 539/1223/2089 526/442/2090 580/387/2091
f 539/1223/2089 580/387/2091 611/799/2092
f 556/690/2093 558/761/2094 595/405/2095
f 556/690/2093 595/405/2095 597/1235/2096
f 555/1438/2097 553/1671/2098 598/1078/2099
f 555/1438/2097 598/1078/2099 596/1722/2100
f 570/399/2101 677/1386/2102 615/486/2103
f 570/399/2101 615/486/2103 614/948/2104
f 537/1297/2105 538/152/2106 572/1555/2107
f 537/1297/2105 572/1555/2107 582/651/2108
f 554/1550/2109 556/690/2110 597/1235/2111
f 554/1550/2109 597/1235/2111 599/1790/2112
f 571/869/2113 569/5/2114 613/1535/2115
f 571/869/2113 613/1535/2115 576/398/2116
f 553/1671/2117 551/700/2118 600/1660/2119
f 553/1671/2117 600/1660/2119 598/1078/2120
f 568/147/2121 570/399/2122 614/948/2123
f 568/147/2121 614/948/2123 617/184/2124
f 552/1752/2125 554/1550/2126 599/1790/2127
f 552/1752/2125 599/1790/2127 601/664/2128
f 535/703/2129 537/1297/2130 582/651/2131
f 535/703/2129 582/651/2131 584/1116/2132
f 569/5/2133 567/1069/2134 616/1826/2135
f 569/5/2133 616/1826/2135 613/1535/2136
f 536/123/2137 534/471/2138 583/1335/2139
f 536/123/2137 583/1335/2139 581/859/2140
f 579/102/2141 577/616/2142 627/1617/2143
f 579/102/2141 627/1617/2143 625/564/2144
f 580/1656/2145 578/1312/2146 624/718/2147
f 580/1656/2145 624/718/2147 629/658/2148
f 577/1347/2149 580/717/2150 629/734/2151
f 577/1347/2149 629/734/2151 627/1232/2152
f 626/1144/2153 630/272/2154 624/483/2155
f 625/714/2156 634/333/2157 632/1194/2158
f 625/714/2156 632/1194/2158 626/1144/2159
f 627/1028/2160 631/893/2161 628/1783/2162
f 629/11/2163 630/272/2164 631/893/2165
f 628/1783/2166 631/893/2167 633/617/2168
f 628/1783/2166 633/617/2168 632/1194/2169
f 629/658/2170 624/718/2171 630/505/2172
f 624/1125/2173 625/578/2174 626/620/2175
f 625/564/2176 627/1617/2177 628/918/2178
f 625/564/2176 628/918/2178 634/108/2179
f 627/1232/2180 629/734/2181 631/237/2182
f 626/1144/2183 633/617/2184 630/272/2185
usemtl brickwall1
f 632/67/2186 634/191/2187 628/78/2188
usemtl stonetrims
f 630/272/2189 633/617/2190 631/893/2191
f 632/1194/2192 633/617/2193 626/1144/2194
f 496/1590/2195 660/172/2196 641/1101/2197
f 496/1590/2195 641/1101/2197 636/940/2198
f 550/479/2199 575/1238/2200 648/1294/2201
f 550/479/2199 648/1294/2201 643/288/2202
f 538/887/2203 518/647/2204 639/856/2205
f 538/887/2203 639/856/2205 640/608/2206
f 511/417/2207 550/1130/2208 643/135/2209
f 511/417/2207 643/135/2209 638/170/2210
f 591/1575/2211 654/1147/2212 659/1061/2213
f 591/1575/2211 659/1061/2213 650/757/2214
f 549/231/2215 38/1493/2216 189/264/2217
f 549/231/2215 189/264/2217 642/1647/2218
f 576/398/2219 615/486/2220 652/1338/2221
f 576/398/2219 652/1338/2221 649/1674/2222
f 572/1555/2223 538/152/2224 640/556/2225
f 572/1555/2223 640/556/2225 645/384/2226
f 604/48/2227 549/1293/2228 642/1260/2229
f 604/48/2227 642/1260/2229 651/1291/2230
f 43/453/2231 571/542/2232 644/1466/2233
f 43/453/2231 644/1466/2233 190/375/2234
f 574/249/2235 591/1575/2236 650/757/2237
f 574/249/2235 650/757/2237 647/1679/2238
f 615/486/2239 677/1386/2240 674/696/2241
f 615/486/2239 674/696/2241 652/1338/2242
f 677/415/2243 490/1249/2244 420/181/2245
f 677/415/2243 420/181/2245 674/922/2246
f 575/1238/2247 604/48/2248 651/1291/2249
f 575/1238/2247 651/1291/2249 648/1294/2250
f 654/827/2251 502/1498/2252 637/896/2253
f 654/827/2251 637/896/2253 659/97/2254
f 573/641/2255 572/1555/2256 645/384/2257
f 573/641/2255 645/384/2257 646/1716/2258
f 495/1642/2259 667/508/2260 676/1313/2261
f 495/1642/2259 676/1313/2261 635/161/2262
f 571/869/2263 576/398/2264 649/1674/2265
f 571/869/2263 649/1674/2265 644/1703/2266
f 578/872/2267 579/812/2268 625/578/2269
f 578/872/2267 625/578/2269 624/1125/2270
f 666/1205/2271 662/1367/2272 500/1624/2273
f 666/1205/2271 500/1624/2273 497/1345/2274
f 657/1525/2275 664/662/2276 505/349/2277
f 657/1525/2275 505/349/2277 501/1004/2278
f 656/591/2279 660/172/2280 496/1590/2281
f 656/591/2279 496/1590/2281 506/1310/2282
f 660/652/2283 536/123/2284 581/859/2285
f 660/652/2283 581/859/2285 573/641/2286
usemtl brickwall1
f 661/638/2287 658/1139/2288 556/1336/2289
f 661/638/2287 556/1336/2289 554/1547/2290
f 658/1139/2291 655/390/2292 558/96/2293
f 658/1139/2291 558/96/2293 556/1336/2294
usemtl stonetrims
f 641/1186/2295 660/652/2296 573/641/2297
f 641/1186/2295 573/641/2297 646/1716/2298
f 662/1367/2299 657/1525/2300 501/1004/2301
f 662/1367/2299 501/1004/2301 500/1624/2302
f 664/662/2303 656/591/2304 506/1310/2305
f 664/662/2303 506/1310/2305 505/349/2306
usemtl brickwall1
f 663/1526/2307 661/638/2308 554/1547/2309
f 663/1526/2307 554/1547/2309 552/1095/2310
f 653/1400/2311 663/1526/2312 552/1095/2313
f 653/1400/2311 552/1095/2313 527/47/2314
usemtl stonetrims
f 653/7/2315 666/1205/2316 497/1345/2317
f 653/7/2315 497/1345/2317 504/1761/2318
usemtl brickwall1
f 655/390/2319 665/1059/2320 560/1775/2321
f 655/390/2319 560/1775/2321 558/96/2322
f 665/1059/2323 654/1415/2324 560/1775/2325
f 669/1770/2326 678/1515/2327 553/1093/2328
f 669/1770/2326 553/1093/2328 555/1733/2329
f 667/1476/2330 675/1711/2331 559/52/2332
f 678/1515/2333 670/222/2334 551/659/2335
f 678/1515/2333 551/659/2335 553/1093/2336
usemtl stonetrims
f 671/285/2337 681/213/2338 286/1667/2339
f 671/285/2337 286/1667/2339 289/512/2340
f 673/192/2341 671/285/2342 289/512/2343
f 673/192/2341 289/512/2343 493/607/2344
f 672/1814/2345 680/1316/2346 494/1075/2347
f 672/1814/2345 494/1075/2347 288/1818/2348
f 677/415/2349 679/577/2350 487/1675/2351
f 677/415/2349 487/1675/2351 490/1249/2352
f 667/1785/2353 559/150/2354 592/926/2355
f 667/1785/2353 592/926/2355 574/249/2356
usemtl brickwall1
f 675/1711/2357 668/720/2358 557/1812/2359
f 675/1711/2357 557/1812/2359 559/52/2360
f 668/720/2361 669/1770/2362 555/1733/2363
f 668/720/2361 555/1733/2363 557/1812/2364
f 670/222/2365 681/786/2366 524/939/2367
f 670/222/2365 524/939/2367 551/659/2368
usemtl stonetrims
f 680/1316/2369 673/192/2370 493/607/2371
f 680/1316/2369 493/607/2371 494/1075/2372
f 679/577/2373 672/1814/2374 288/1818/2375
f 679/577/2373 288/1818/2375 487/1675/2376
f 676/364/2377 667/1785/2378 574/249/2379
f 676/364/2377 574/249/2379 647/1679/2380
usemtl brickwall1
f 686/1779/2381 692/878/2382 546/1597/2383
f 686/1779/2381 546/1597/2383 544/3/2384
f 692/878/2385 688/1322/2386 548/897/2387
f 692/878/2385 548/897/2387 546/1597/2388
f 685/459/2389 691/336/2390 542/999/2391
f 685/459/2389 542/999/2391 540/130/2392
usemtl stonetrims
f 689/628/2393 684/1471/2394 44/425/2395
f 689/628/2393 44/425/2395 40/737/2396
f 682/309/2397 683/1682/2398 39/307/2399
f 682/309/2397 39/307/2399 48/1284/2400
f 687/927/2401 689/628/2402 40/737/2403
f 687/927/2401 40/737/2403 49/1397/2404
usemtl brickwall1
f 690/20/2405 685/459/2406 540/130/2407
f 690/20/2405 540/130/2407 525/568/2408
f 688/1322/2409 549/1474/2410 548/897/2411
f 691/336/2412 686/1779/2413 544/3/2414
f 691/336/2412 544/3/2414 542/999/2415
usemtl stonetrims
f 690/1771/2416 687/927/2417 49/1397/2418
f 690/1771/2416 49/1397/2418 45/1482/2419
f 684/1471/2420 682/309/2421 48/1284/2422
f 684/1471/2420 48/1284/2422 44/425/2423
f 683/1682/2424 571/542/2425 43/453/2426
f 683/1682/2424 43/453/2426 39/307/2427
usemtl brickwall1
f 703/1723/2428 696/1570/2429 543/1325/2430
f 703/1723/2428 543/1325/2430 545/389/2431
usemtl stonetrims
f 701/1748/2432 693/133/2433 509/158/2434
f 701/1748/2432 509/158/2434 510/1079/2435
f 702/189/2436 700/1317/2437 513/198/2438
f 702/189/2436 513/198/2438 515/1475/2439
f 697/1018/2440 695/676/2441 514/1366/2442
f 697/1018/2440 514/1366/2442 519/107/2443
usemtl brickwall1
f 696/1570/2444 699/1606/2445 541/115/2446
f 696/1570/2444 541/115/2446 543/1325/2447
f 550/848/2448 698/1440/2449 547/418/2450
f 699/1606/2451 694/1064/2452 539/1060/2453
f 699/1606/2451 539/1060/2453 541/115/2454
f 698/1440/2455 703/1723/2456 545/389/2457
f 698/1440/2455 545/389/2457 547/418/2458
f 694/1064/2459 695/1409/2460 526/462/2461
f 694/1064/2459 526/462/2461 539/1060/2462
usemtl stonetrims
f 700/1317/2463 701/1748/2464 510/1079/2465
f 700/1317/2463 510/1079/2465 513/198/2466
f 538/887/2467 702/189/2468 515/1475/2469
f 538/887/2467 515/1475/2469 518/647/2470
f 693/133/2471 697/1018/2472 519/107/2473
f 693/133/2471 519/107/2473 509/158/2474
usemtl brickwall1
f 36/1803/2475 32/1132/2476 31/190/2477
f 69/1746/2478 74/500/2479 63/1330/2480
f 298/715/2481 303/233/2482 292/1373/2483
f 270/936/2484 266/1734/2485 265/981/2486
f 281/1705/2487 283/1252/2488 275/280/2489
f 505/1036/2490 507/1174/2491 499/631/2492
f 513/74/2493 521/555/2494 516/1424/2495
f 54/1523/2496 62/875/2497 57/1551/2498
f 37/43/2499 27/1477/2500 29/1538/2501
f 27/1477/2502 31/190/2503 29/1538/2504
f 31/190/2505 35/1661/2506 26/639/2507
f 26/639/2508 30/1172/2509 25/561/2510
f 30/1172/2511 34/890/2512 188/335/2513
f 25/561/2514 30/1172/2515 188/335/2516
f 188/335/2517 187/1591/2518 25/561/2519
f 187/1591/2520 28/1640/2521 25/561/2522
f 25/561/2523 36/1803/2524 26/639/2525
f 36/1803/2526 33/944/2527 32/1132/2528
f 32/1132/2529 29/1538/2530 31/190/2531
f 36/1803/2532 31/190/2533 26/639/2534
f 75/898/2535 72/1500/2536 70/541/2537
f 72/1500/2538 63/1330/2539 70/541/2540
f 63/1330/2541 64/1131/2542 67/317/2543
f 67/317/2544 68/1180/2545 73/1380/2546
f 68/1180/2547 71/117/2548 194/1044/2549
f 73/1380/2550 68/1180/2551 194/1044/2552
f 194/1044/2553 193/998/2554 73/1380/2555
f 193/998/2556 65/787/2557 73/1380/2558
f 73/1380/2559 69/1746/2560 67/317/2561
f 69/1746/2562 66/177/2563 74/500/2564
f 74/500/2565 70/541/2566 63/1330/2567
f 69/1746/2568 63/1330/2569 67/317/2570
f 304/1340/2571 301/1236/2572 299/538/2573
f 301/1236/2574 292/1373/2575 299/538/2576
f 292/1373/2577 293/1354/2578 296/727/2579
f 296/727/2580 297/200/2581 302/1161/2582
f 297/200/2583 300/36/2584 422/1155/2585
f 302/1161/2586 297/200/2587 422/1155/2588
f 422/1155/2589 421/206/2590 302/1161/2591
f 421/206/2592 294/772/2593 302/1161/2594
f 302/1161/2595 298/715/2596 296/727/2597
f 298/715/2598 295/1243/2599 303/233/2600
f 303/233/2601 299/538/2602 292/1373/2603
f 298/715/2604 292/1373/2605 296/727/2606
f 271/279/2607 261/1751/2608 263/1425/2609
f 261/1751/2610 265/981/2611 263/1425/2612
f 265/981/2613 269/955/2614 260/271/2615
f 260/271/2616 264/1665/2617 259/1253/2618
f 264/1665/2619 268/970/2620 417/270/2621
f 259/1253/2622 264/1665/2623 417/270/2624
f 417/270/2625 416/1544/2626 259/1253/2627
f 416/1544/2628 262/667/2629 259/1253/2630
f 259/1253/2631 270/936/2632 260/271/2633
f 270/936/2634 267/947/2635 266/1734/2636
f 266/1734/2637 263/1425/2638 265/981/2639
f 270/936/2640 265/981/2641 260/271/2642
f 273/721/2643 276/1708/2644 275/280/2645
f 276/1708/2646 277/1150/2647 281/1705/2648
f 275/280/2649 276/1708/2650 281/1705/2651
f 281/1705/2652 282/2/2653 283/1252/2654
f 282/2/2655 272/625/2656 418/1731/2657
f 418/1731/2658 419/1777/2659 274/1619/2660
f 419/1777/2661 278/1763/2662 274/1619/2663
f 274/1619/2664 283/1252/2665 282/2/2666
f 418/1731/2667 274/1619/2668 282/2/2669
f 283/1252/2670 279/1123/2671 275/280/2672
f 275/280/2673 284/353/2674 273/721/2675
f 284/353/2676 280/1632/2677 273/721/2678
f 497/1202/2679 500/1388/2680 499/631/2681
f 500/1388/2682 501/324/2683 505/1036/2684
f 499/631/2685 500/1388/2686 505/1036/2687
f 505/1036/2688 506/598/2689 507/1174/2690
f 506/598/2691 496/961/2692 636/1357/2693
f 636/1357/2694 637/1407/2695 498/454/2696
f 637/1407/2697 502/292/2698 498/454/2699
f 498/454/2700 507/1174/2701 506/598/2702
f 636/1357/2703 498/454/2704 506/598/2705
f 507/1174/2706 503/228/2707 499/631/2708
f 499/631/2709 508/694/2710 497/1202/2711
f 508/694/2712 504/974/2713 497/1202/2714
f 510/539/2715 509/1242/2716 513/74/2717
f 509/1242/2718 519/1163/2719 521/555/2720
f 513/74/2721 509/1242/2722 521/555/2723
f 519/1163/2724 514/112/2725 517/156/2726
f 517/156/2727 521/555/2728 519/1163/2729
f 521/555/2730 512/1607/2731 516/1424/2732
f 516/1424/2733 520/1021/2734 513/74/2735
f 520/1021/2736 511/1811/2737 638/408/2738
f 638/408/2739 639/352/2740 515/1138/2741
f 639/352/2742 518/716/2743 515/1138/2744
f 515/1138/2745 513/74/2746 520/1021/2747
f 638/408/2748 515/1138/2749 520/1021/2750
f 51/1112/2751 50/1539/2752 54/1523/2753
f 50/1539/2754 60/1307/2755 62/875/2756
f 54/1523/2757 50/1539/2758 62/875/2759
f 60/1307/2760 55/952/2761 58/956/2762
f 58/956/2763 62/875/2764 60/1307/2765
f 62/875/2766 53/886/2767 57/1551/2768
f 57/1551/2769 61/1041/2770 54/1523/2771
f 61/1041/2772 52/212/2773 191/255/2774
f 191/255/2775 192/800/2776 56/284/2777
f 192/800/2778 59/1097/2779 56/284/2780
f 56/284/2781 54/1523/2782 61/1041/2783
f 191/255/2784 56/284/2785 61/1041/2786
usemtl stonetrims
f 706/361/2787 705/962/2788 724/1670/2789
f 706/361/2787 724/1670/2789 725/640/2790
f 708/879/2791 709/1608/2792 720/1257/2793
f 708/879/2791 720/1257/2793 717/705/2794
f 707/654/2795 706/361/2796 725/640/2797
f 707/654/2795 725/640/2797 726/755/2798
usemtl brickwall1
f 709/972/2799 706/395/2800 707/820/2801
f 709/972/2799 707/820/2801 710/1664/2802
f 710/94/2803 707/1744/2804 704/422/2805
f 710/94/2803 704/422/2805 711/536/2806
f 708/411/2807 705/374/2808 706/430/2809
f 708/411/2807 706/430/2809 709/785/2810
f 711/188/2811 704/498/2812 705/889/2813
f 711/188/2811 705/889/2813 708/1250/2814
usemtl stonetrims
f 711/1715/2815 708/879/2816 717/705/2817
f 711/1715/2815 717/705/2817 727/1802/2818
f 704/894/2819 707/654/2820 726/755/2821
f 704/894/2819 726/755/2821 714/71/2822
f 714/1728/2823 715/1687/2824 716/1006/2825
f 714/1728/2823 716/1006/2825 724/79/2826
f 724/79/2827 716/1006/2828 719/1792/2829
f 724/79/2827 719/1792/2829 725/1416/2830
f 725/1416/2831 719/1792/2832 722/240/2833
f 725/1416/2831 722/240/2833 726/234/2834
f 726/234/2835 722/240/2836 715/1203/2837
f 726/234/2835 715/1203/2837 714/728/2838
f 713/1465/2839 727/293/2840 717/965/2841
f 713/1465/2839 717/965/2841 712/1245/2842
f 712/1245/2843 717/965/2844 720/1596/2845
f 712/1245/2843 720/1596/2845 718/1648/2846
f 721/487/2847 723/1795/2848 727/1692/2849
f 721/487/2847 727/1692/2849 713/1644/2850
f 718/1648/2851 720/1596/2852 723/1795/2853
f 718/1648/2851 723/1795/2853 721/487/2854
f 710/1485/2855 711/91/2856 727/1819/2857
f 710/1485/2855 727/1819/2857 723/1672/2858
f 705/962/2859 704/1649/2860 714/545/2861
f 705/962/2859 714/545/2861 724/1670/2862
f 709/1608/2863 710/1485/2864 723/1672/2865
f 709/1608/2863 723/1672/2865 720/1257/2866
f 715/1687/2867 722/489/2868 719/1007/2869
f 715/1687/2867 719/1007/2869 716/138/2870
f 712/1276/2871 718/40/2872 721/41/2873
f 712/1276/2871 721/41/2873 713/570/2874
f 730/760/2875 729/1362/2876 748/256/2877
f 730/760/2875 748/256/2877 749/439/2878
f 732/1287/2879 733/187/2880 744/1643/2881
f 732/1287/2879 744/1643/2881 741/1099/2882
f 731/456/2883 730/760/2884 749/439/2885
f 731/456/2883 749/439/2885 750/1168/2886
usemtl brickwall1
f 733/1375/2887 730/804/2888 731/1227/2889
f 733/1375/2887 731/1227/2889 734/246/2890
f 734/491/2891 731/339/2892 728/832/2893
f 734/491/2891 728/832/2893 735/958/2894
f 732/826/2895 729/164/2896 730/845/2897
f 732/826/2895 730/845/2897 733/1195/2898
f 735/1827/2899 728/921/2900 729/1295/2901
f 735/1827/2899 729/1295/2901 732/1636/2902
usemtl stonetrims
f 735/305/2903 732/1287/2904 741/1099/2905
f 735/305/2903 741/1099/2905 751/382/2906
f 728/1298/2907 731/456/2908 750/1168/2909
f 728/1298/2907 750/1168/2909 738/467/2910
f 738/319/2911 739/281/2912 740/1404/2913
f 738/319/2911 740/1404/2913 748/470/2914
f 748/470/2915 740/1404/2916 743/1594/2917
f 748/470/2915 743/1594/2917 749/1813/2918
f 749/1813/2919 743/1594/2920 746/642/2921
f 749/1813/2919 746/642/2921 750/44/2922
f 750/44/2923 746/642/2924 739/1595/2925
f 750/44/2923 739/1595/2925 738/1126/2926
f 737/37/2927 751/693/2928 741/754/2929
f 737/37/2927 741/754/2929 736/1628/2930
f 736/1628/2931 741/754/2932 744/174/2933
f 736/1628/2931 744/174/2933 742/227/2934
f 745/908/2935 747/378/2936 751/286/2937
f 745/908/2935 751/286/2937 737/1457/2938
f 742/227/2939 744/174/2940 747/378/2941
f 742/227/2939 747/378/2941 745/908/2942
f 734/1302/2943 735/1706/2944 751/392/2945
f 734/1302/2943 751/392/2945 747/261/2946
f 729/1362/2947 728/229/2948 738/356/2949
f 729/1362/2947 738/356/2949 748/256/2950
f 733/187/2951 734/1302/2952 747/261/2953
f 733/187/2951 747/261/2953 744/1643/2954
f 739/281/2955 746/298/2956 743/1405/2957
f 739/281/2955 743/1405/2957 740/532/2958
f 736/1659/2959 742/437/2960 745/438/2961
f 736/1659/2959 745/438/2961 737/984/2962
f 754/1171/2963 753/1753/2964 772/657/2965
f 754/1171/2963 772/657/2965 773/853/2966
f 756/1669/2967 757/605/2968 768/218/2969
f 756/1669/2967 768/218/2969 765/1509/2970
f 755/870/2971 754/1171/2972 773/853/2973
f 755/870/2971 773/853/2973 774/1567/2974
usemtl brickwall1
f 757/1758/2975 754/1212/2976 755/1026/2977
f 757/1758/2975 755/1026/2977 758/650/2978
f 758/913/2979 755/739/2980 752/1239/2981
f 758/913/2979 752/1239/2981 759/1358/2982
f 756/1234/2983 753/580/2984 754/1251/2985
f 756/1234/2983 754/1251/2985 757/1589/2986
f 759/400/2987 752/1320/2988 753/1082/2989
f 759/400/2987 753/1082/2989 756/211/2990
usemtl stonetrims
f 759/708/2991 756/1669/2992 765/1509/2993
f 759/708/2991 765/1509/2993 775/782/2994
f 752/1083/2995 755/870/2996 774/1567/2997
f 752/1083/2995 774/1567/2997 762/885/2998
f 762/114/2999 763/680/3000 764/1798/3001
f 762/114/2999 764/1798/3001 772/895/3002
f 772/895/3003 764/1798/3004 767/166/3005
f 772/895/3003 767/166/3005 773/388/3006
f 773/388/3007 767/166/3008 770/1046/3009
f 773/388/3007 770/1046/3009 774/440/3010
f 774/440/3011 770/1046/3012 763/173/3013
f 774/440/3011 763/173/3013 762/1537/3014
f 761/435/3015 775/492/3016 765/1166/3017
f 761/435/3015 765/1166/3017 760/202/3018
f 760/202/3019 765/1166/3020 768/587/3021
f 760/202/3019 768/587/3021 766/633/3022
f 769/1309/3023 771/778/3024 775/687/3025
f 769/1309/3023 775/687/3025 761/25/3026
f 766/633/3027 768/587/3028 771/778/3029
f 766/633/3027 771/778/3029 769/1309/3030
f 758/1680/3031 759/296/3032 775/797/3033
f 758/1680/3031 775/797/3033 771/661/3034
f 753/1753/3035 752/635/3036 762/750/3037
f 753/1753/3035 762/750/3037 772/657/3038
f 757/605/3039 758/1680/3040 771/661/3041
f 757/605/3039 771/661/3041 768/218/3042
f 763/680/3043 770/704/3044 767/1799/3045
f 763/680/3043 767/1799/3045 764/954/3046
f 760/241/3047 766/851/3048 769/852/3049
f 760/241/3047 769/852/3049 761/1384/3050
f 778/1568/3051 777/344/3052 796/457/3053
f 778/1568/3051 796/457/3053 797/1262/3054
f 780/258/3055 781/1011/3056 792/22/3057
f 780/258/3055 792/22/3057 789/88/3058
f 779/1279/3059 778/1568/3060 797/1262/3061
f 779/1279/3059 797/1262/3061 798/140/3062
usemtl brickwall1
f 781/350/3063 778/1600/3064 779/1431/3065
f 781/350/3063 779/1431/3065 782/451/3066
f 782/706/3067 779/1134/3068 776/1034/3069
f 782/706/3067 776/1034/3069 783/1749/3070
f 780/1618/3071 777/987/3072 778/1637/3073
f 780/1618/3071 778/1637/3073 781/163/3074
f 783/814/3075 776/1700/3076 777/1490/3077
f 783/814/3075 777/1490/3077 780/623/3078
usemtl stonetrims
f 783/1103/3079 780/258/3080 789/88/3081
f 783/1103/3079 789/88/3081 799/1192/3082
f 776/1492/3083 779/1279/3084 798/140/3085
f 776/1492/3083 798/140/3085 786/1292/3086
f 786/515/3087 787/1081/3088 788/380/3089
f 786/515/3087 788/380/3089 796/1299/3090
f 796/1299/3091 788/380/3092 791/581/3093
f 796/1299/3091 791/581/3093 797/793/3094
f 797/793/3095 791/581/3096 794/857/3097
f 797/793/3095 794/857/3097 798/854/3098
f 798/854/3099 794/857/3100 787/584/3101
f 798/854/3099 787/584/3101 786/1344/3102
f 785/850/3103 799/914/3104 789/1566/3105
f 785/850/3103 789/1566/3105 784/16/3106
f 784/16/3107 789/1566/3108 792/996/3109
f 784/16/3107 792/996/3109 790/433/3110
f 793/1689/3111 795/583/3112 799/1086/3113
f 793/1689/3111 799/1086/3113 785/427/3114
f 790/433/3115 792/996/3116 795/583/3117
f 790/433/3115 795/583/3117 793/1689/3118
f 782/273/3119 783/701/3120 799/1207/3121
f 782/273/3119 799/1207/3121 795/1068/3122
f 777/344/3123 776/1039/3124 786/1164/3125
f 777/344/3123 786/1164/3125 796/457/3126
f 781/1011/3127 782/273/3128 795/1068/3129
f 781/1011/3127 795/1068/3129 792/22/3130
f 787/1081/3131 794/1098/3132 791/381/3133
f 787/1081/3131 791/381/3133 788/745/3134
f 784/643/3135 790/1259/3136 793/648/3137
f 784/643/3135 793/648/3137 785/1185/3138
f 802/143/3139 801/743/3140 820/871/3141
f 802/143/3139 820/871/3141 821/1645/3142
f 804/656/3143 805/808/3144 816/426/3145
f 804/656/3143 816/426/3145 813/478/3146
f 803/1662/3147 802/143/3148 821/1645/3149
f 803/1662/3147 821/1645/3149 822/544/3150
usemtl brickwall1
f 805/145/3151 802/179/3152 803/1828/3153
f 805/145/3151 803/1828/3153 806/862/3154
f 806/1100/3155 803/945/3156 800/1441/3157
f 806/1100/3155 800/1441/3157 807/342/3158
f 804/194/3159 801/1391/3160 802/1451/3161
f 804/194/3159 802/1451/3161 805/575/3162
f 807/1217/3163 800/291/3164 801/63/3165
f 807/1217/3163 801/63/3165 804/1029/3166
usemtl stonetrims
f 807/924/3167 804/656/3168 813/478/3169
f 807/924/3167 813/478/3169 823/1583/3170
f 800/65/3171 803/1662/3172 822/544/3173
f 800/65/3171 822/544/3173 810/1673/3174
f 810/935/3175 811/1489/3176 812/779/3177
f 810/935/3175 812/779/3177 820/1084/3178
f 820/1084/3179 812/779/3180 815/988/3181
f 820/1084/3179 815/988/3181 821/1201/3182
f 821/1201/3183 815/988/3184 818/1268/3185
f 821/1201/3183 818/1268/3185 822/1264/3186
f 822/1264/3187 818/1268/3188 811/993/3189
f 822/1264/3187 811/993/3189 810/1730/3190
f 809/646/3191 823/1314/3192 813/139/3193
f 809/646/3191 813/139/3193 808/420/3194
f 808/420/3195 813/139/3196 816/791/3197
f 808/420/3195 816/791/3197 814/849/3198
f 817/282/3199 819/991/3200 823/1496/3201
f 817/282/3199 823/1496/3201 809/843/3202
f 814/849/3203 816/791/3204 819/991/3205
f 814/849/3203 819/991/3205 817/282/3206
f 806/670/3207 807/1096/3208 823/1599/3209
f 806/670/3207 823/1599/3209 819/1472/3210
f 801/743/3211 800/1445/3212 810/1564/3213
f 801/743/3211 810/1564/3213 820/871/3214
f 805/808/3215 806/670/3216 819/1472/3217
f 805/808/3215 819/1472/3217 816/426/3218
f 811/1489/3219 818/1507/3220 815/781/3221
f 811/1489/3219 815/781/3221 812/1156/3222
f 808/1047/3223 814/1050/3224 817/1052/3225
f 808/1047/3223 817/1052/3225 809/1578/3226
f 826/1767/3227 825/1146/3228 844/1282/3229
f 826/1767/3227 844/1282/3229 845/224/3230
f 828/1065/3231 829/1216/3232 840/839/3233
f 828/1065/3231 840/839/3233 837/904/3234
f 827/245/3235 826/1767/3236 845/224/3237
f 827/245/3235 845/224/3237 846/354/3238
usemtl brickwall1
f 829/552/3239 826/593/3240 827/401/3241
f 829/552/3239 827/401/3241 830/1273/3242
f 830/1510/3243 827/1349/3244 824/10/3245
f 830/1510/3243 824/10/3245 831/742/3246
f 828/610/3247 825/1784/3248 826/21/3249
f 828/610/3247 826/21/3249 829/985/3250
f 831/1603/3251 824/692/3252 825/461/3253
f 831/1603/3251 825/461/3253 828/1437/3254
usemtl stonetrims
f 831/1326/3255 828/1065/3256 837/904/3257
f 831/1326/3255 837/904/3257 847/1401/3258
f 824/464/3259 827/245/3260 846/354/3261
f 824/464/3259 846/354/3261 834/265/3262
f 834/1337/3263 835/1303/3264 836/586/3265
f 834/1337/3263 836/586/3265 844/1494/3266
f 844/1494/3267 836/586/3268 839/1393/3269
f 844/1494/3267 839/1393/3269 845/1009/3270
f 845/1009/3271 839/1393/3272 842/1650/3273
f 845/1009/3271 842/1650/3273 846/1646/3274
f 846/1646/3275 842/1650/3276 835/1395/3277
f 846/1646/3275 835/1395/3277 834/326/3278
f 833/1049/3279 847/1693/3280 837/537/3281
f 833/1049/3279 837/537/3281 832/831/3282
f 832/831/3283 837/537/3284 840/1199/3285
f 832/831/3283 840/1199/3285 838/1254/3286
f 841/84/3287 843/1394/3288 847/70/3289
f 841/84/3287 847/70/3289 833/1248/3290
f 838/1254/3291 840/1199/3292 843/1394/3293
f 838/1254/3291 843/1394/3293 841/84/3294
f 830/1076/3295 831/1504/3296 847/175/3297
f 830/1076/3295 847/175/3297 843/46/3298
f 825/1146/3299 824/15/3300 834/137/3301
f 825/1146/3299 834/137/3301 844/1282/3302
f 829/1216/3303 830/1076/3304 843/46/3305
f 829/1216/3303 843/46/3305 840/839/3306
f 835/1303/3307 842/87/3308 839/588/3309
f 835/1303/3307 839/588/3309 836/1559/3310
f 832/858/3311 838/1458/3312 841/1461/3313
f 832/858/3311 841/1461/3313 833/153/3314
f 850/359/3315 849/953/3316 868/1666/3317
f 850/359/3315 868/1666/3317 869/629/3318
f 852/1467/3319 853/1602/3320 864/1246/3321
f 852/1467/3319 864/1246/3321 861/699/3322
f 851/649/3323 850/359/3324 869/629/3325
f 851/649/3323 869/629/3325 870/747/3326
usemtl brickwall1
f 853/966/3327 850/1005/3328 851/816/3329
f 853/966/3327 851/816/3329 854/1654/3330
f 854/89/3331 851/1735/3332 848/410/3333
f 854/89/3331 848/410/3333 855/1142/3334
f 852/404/3335 849/368/3336 850/424/3337
f 852/404/3335 850/424/3337 853/1385/3338
f 855/183/3339 848/490/3340 849/880/3341
f 855/183/3339 849/880/3341 852/1/3342
usemtl stonetrims
f 855/1709/3343 852/1467/3344 861/699/3345
f 855/1709/3343 861/699/3345 871/1793/3346
f 848/881/3347 851/649/3348 870/747/3349
f 848/881/3347 870/747/3349 858/59/3350
f 858/1724/3351 859/1683/3352 860/995/3353
f 858/1724/3351 860/995/3353 868/68/3354
f 868/68/3355 860/995/3356 863/1786/3357
f 868/68/3355 863/1786/3357 869/1412/3358
f 869/1412/3359 863/1786/3360 866/230/3361
f 869/1412/3359 866/230/3361 870/225/3362
f 870/225/3363 866/230/3364 859/1198/3365
f 870/225/3363 859/1198/3365 858/724/3366
f 857/1460/3367 871/287/3368 861/959/3369
f 857/1460/3367 861/959/3369 856/1237/3370
f 856/1237/3371 861/959/3372 864/1593/3373
f 856/1237/3371 864/1593/3373 862/1641/3374
f 865/475/3375 867/1789/3376 871/468/3377
f 865/475/3375 871/468/3377 857/1634/3378
f 862/1641/3379 864/1593/3380 867/1789/3381
f 862/1641/3379 867/1789/3381 865/475/3382
f 854/1479/3383 855/85/3384 871/590/3385
f 854/1479/3383 871/590/3385 867/443/3386
f 849/953/3387 848/416/3388 858/531/3389
f 849/953/3387 858/531/3389 868/1666/3390
f 853/1602/3391 854/1479/3392 867/443/3393
f 853/1602/3391 867/443/3393 864/1246/3394
f 859/1683/3395 866/477/3396 863/997/3397
f 859/1683/3395 863/997/3397 860/134/3398
f 856/1269/3399 862/26/3400 865/28/3401
f 856/1269/3399 865/28/3401 857/562/3402
f 874/753/3403 873/1353/3404 892/247/3405
f 874/753/3403 892/247/3405 893/1035/3406
f 876/1281/3407 877/182/3408 888/1630/3409
f 876/1281/3407 888/1630/3409 885/1091/3410
f 875/1054/3411 874/753/3412 893/1035/3413
f 875/1054/3411 893/1035/3413 894/1162/3414
usemtl brickwall1
f 877/1372/3415 874/1403/3416 875/1220/3417
f 877/1372/3415 875/1220/3417 878/239/3418
f 878/480/3419 875/334/3420 872/824/3421
f 878/480/3419 872/824/3421 879/1545/3422
f 876/818/3423 873/765/3424 874/835/3425
f 876/818/3423 874/835/3425 877/1189/3426
f 879/597/3427 872/912/3428 873/1288/3429
f 879/597/3427 873/1288/3429 876/1626/3430
usemtl stonetrims
f 879/297/3431 876/1281/3432 885/1091/3433
f 879/297/3431 885/1091/3433 895/377/3434
f 872/1289/3435 875/1054/3436 894/1162/3437
f 872/1289/3435 894/1162/3437 882/458/3438
f 882/312/3439 883/274/3440 884/1398/3441
f 882/312/3439 884/1398/3441 892/465/3442
f 892/465/3443 884/1398/3444 887/369/3445
f 892/465/3443 887/369/3445 893/1806/3446
f 893/1806/3447 887/369/3448 890/636/3449
f 893/1806/3447 890/636/3449 894/630/3450
f 894/630/3451 890/636/3452 883/1592/3453
f 894/630/3451 883/1592/3453 882/1122/3454
f 881/27/3455 895/688/3456 885/1359/3457
f 881/27/3455 885/1359/3457 880/1623/3458
f 880/1623/3459 885/1359/3460 888/165/3461
f 880/1623/3459 888/165/3461 886/214/3462
f 889/902/3463 891/371/3464 895/277/3465
f 889/902/3463 895/277/3465 881/207/3466
f 886/214/3467 888/165/3468 891/371/3469
f 886/214/3467 891/371/3469 889/902/3470
f 878/55/3471 879/476/3472 895/386/3473
f 878/55/3471 895/386/3473 891/250/3474
f 873/1353/3475 872/219/3476 882/957/3477
f 873/1353/3475 882/957/3477 892/247/3478
f 877/182/3479 878/55/3480 891/250/3481
f 877/182/3479 891/250/3481 888/1630/3482
f 883/274/3483 890/903/3484 887/1399/3485
f 883/274/3483 887/1399/3485 884/529/3486
f 880/1651/3487 886/428/3488 889/429/3489
f 880/1651/3487 889/429/3489 881/979/3490
