# Converted from user-supplied modularDungeon.fbx; Y-up, meters, bottom centered
mtllib Gothic.mtl
o HallI
v 1.9999601 4.5988834 -2.3997862
v 1.9999601 5.0988834 -5.3997861
v 1.9999601 5.8988837 -4.4014795
v 1.9999601 4.1988815 -2.2997862
v 1.9999601 5.8988843 -3.5997861
v 1.9999601 4.5988834 -5.5997861
v 1.9999601 5.6988837 -4.7997864
v 1.9999601 5.6988837 -3.1997861
v 1.9999601 5.3988824 -2.7997861
v 1.9999601 4.1988815 -5.6997861
v 1.9999601 5.3988824 -5.1997861
v 1.9999601 5.0988834 -2.5997861
v 1.9999601 5.9988837 -3.9997864
v -1.7000397 4.1988815 -5.9997861
v -0.4000399 5.8988843 -5.9997861
v 1.5999599 4.5988834 -5.9997861
v 0.79996002 5.6988837 -5.9997861
v -0.80004013 5.6988837 -5.9997861
v -1.2000401 5.3988824 -5.9997861
v 1.6999604 4.1988815 -5.9997861
v 1.19996 5.3988824 -5.9997861
v -3.9932709e-05 5.9988837 -5.9997861
v -1.4000397 5.0988834 -5.9997861
v -1.6000397 4.5988834 -5.9997861
v 1.3999603 5.0988834 -5.9997861
v 0.3999601 5.8988837 -5.9997861
v -2.0000399 5.6988837 -4.7997861
v -2.0000399 5.3988824 -5.1997861
v -2.0000399 4.1988815 -2.2997862
v -2.0000399 5.3988824 -2.7997861
v -2.0000399 5.0988834 -5.3997861
v -2.0000399 5.9988837 -3.9997861
v -2.0000399 4.6022165 -5.5997861
v -2.0000399 5.0988834 -2.5997861
v -2.0000399 5.8988837 -3.5997861
v -2.0000399 4.1988815 -5.6997861
v -2.0000399 5.8988843 -4.3997861
v -2.0000399 4.6022165 -2.3997864
v -2.0000399 5.6988837 -3.1997861
v 0.79995987 5.6988837 -1.9997862
v -1.7000399 4.1988818 -1.9997862
v -1.2021218 5.3988824 -1.9997862
v -0.40004013 5.8988837 -1.9997862
v 1.6999599 4.1988818 -1.9997862
v 0.39995995 5.8988843 -1.9997862
v -1.6000399 4.5988834 -1.9997862
v -0.80004036 5.6988837 -1.9997862
v -4.0051918e-05 5.9988837 -1.9997862
v 0.099959936 5.9988837 -3.9997861
v -4.0051918e-05 5.9988837 -3.8997861
v -0.10004004 5.9988837 -3.9997861
v -4.0051918e-05 5.9988837 -4.0997861
v -0.40004009 5.8988837 -4.4997861
v -0.50004002 5.8988837 -4.3997861
v -0.80004013 5.6988837 -4.8997861
v -0.90004013 5.6988837 -4.7997861
v -1.2000403 5.3988824 -5.2997861
v -1.3000399 5.3988824 -5.1997861
v -1.4000401 5.0988834 -5.4997861
v -1.5000399 5.0988834 -5.3997861
v -1.6000397 4.6022171 -5.6997861
v -1.7000399 4.6022171 -5.5997861
v -1.8000399 4.1988815 -5.6997861
v -0.51983818 5.8988843 -3.5997861
v -0.40003994 5.8988843 -3.4997861
v -0.90004013 5.6988837 -3.1997864
v -0.80003998 5.6988837 -3.0997861
v -1.3000399 5.3988824 -2.7997861
v -1.2021218 5.3988824 -2.6997861
v -1.5000399 5.0988834 -2.5997861
v -1.4000399 5.0988834 -2.4997862
v -1.7000399 4.6022171 -2.3997864
v -1.6000397 4.6022171 -2.2997862
v -1.7000399 4.1988818 -2.1997862
v -1.8000399 4.1988815 -2.2997862
v 0.49995998 5.8988843 -4.4014795
v 0.39995991 5.8988843 -4.4997861
v 0.89995987 5.6988837 -4.7997861
v 0.79995979 5.6988837 -4.8997861
v 1.2999601 5.3988824 -5.1997861
v 1.1999598 5.3988824 -5.2997861
v 1.4999601 5.0988834 -5.3997861
v 1.3999601 5.0988834 -5.4997861
v 1.6999599 4.6022171 -5.5997861
v 1.5999599 4.6022165 -5.6997861
v 0.39996006 5.8988837 -3.4997861
v 0.49995998 5.8988837 -3.5997861
v 0.79995987 5.6988837 -3.0997861
v 0.89995987 5.6988837 -3.1997861
v 1.1999599 5.3988837 -2.6997861
v 1.3149392 5.3988824 -2.7997861
v 1.3999603 5.0988834 -2.4997862
v 1.4999601 5.0988834 -2.5997861
v 1.5999599 4.6022165 -2.2997864
v 1.6999601 4.6022165 -2.3997864
v 1.6999599 4.1988818 -2.1997862
v -1.7248479 4.1988815 -5.6231351
v -1.6233886 4.1988815 -5.7245944
v 1.7247681 4.1988815 -5.6231351
v -1.7248479 4.1988815 -2.3764375
v 1.6233088 4.1988815 -2.2749782
v -0.00027946306 5.8992377 -3.9081921
v -1.8241052e-05 5.8992267 -4.0915109
v 0.091721363 5.8992236 -3.9997784
v -0.091998253 5.8992084 -3.9999957
v -1.5356915 4.5607614 -5.6354379
v -1.6356915 4.5607614 -5.5354379
v -1.3431895 5.0394189 -5.4429355
v -1.4431893 5.0394189 -5.3429355
v -1.1571783 5.3193481 -5.2569241
v -1.2571781 5.3193481 -5.1569247
v -0.77161263 5.6073212 -4.8713586
v -0.87161263 5.6073212 -4.7713586
v -0.3820393 5.8021783 -4.4817853
v -0.48203922 5.8021783 -4.3817853
v 1.6233088 4.1988815 -5.7245944
v 1.6356115 4.5607614 -5.5354379
v 1.5356116 4.5607608 -5.6354379
v 1.4431095 5.0394189 -5.3429355
v 1.3431095 5.0394189 -5.4429355
v 1.257098 5.3193481 -5.1569241
v 1.157098 5.3193481 -5.2569241
v 0.87156876 5.6073297 -4.7712946
v 0.77157181 5.6073279 -4.8712976
v 0.48200115 5.8021918 -4.3833673
v 0.38206001 5.8021698 -4.4817334
v -1.6356915 4.5607614 -2.4641347
v -1.5356915 4.5607614 -2.3641347
v -1.6233886 4.1988815 -2.2749782
v -1.4430262 5.0394717 -2.6565286
v -1.3430207 5.0394827 -2.5565344
v -1.2569818 5.3193195 -2.8423962
v -1.1589613 5.3194287 -2.7424976
v -0.8720256 5.6073663 -3.2287631
v -0.77198936 5.6073859 -3.1287906
v -0.50231949 5.8023315 -3.619039
v -0.38313942 5.8020886 -3.5183597
v 1.5356116 4.5607608 -2.3641348
v 1.6356116 4.5607608 -2.4641347
v 1.7247681 4.1988815 -2.3764375
v 1.3438657 5.0397916 -2.5577654
v 1.4439132 5.0397153 -2.6577335
v 1.1588321 5.3191705 -2.7439938
v 1.2731933 5.3198651 -2.8446579
v 0.77224899 5.6072498 -3.1286874
v 0.87222794 5.607265 -3.2287146
v 0.38195923 5.8021783 -3.5177869
v 0.48195919 5.8021783 -3.6177869
v 0.0011033542 5.8018121 -4.0903918
v 0.091729717 5.8018121 -3.9997723
v 0.045865512 5.7374707 -4.0456348
v -0.00027110932 5.8018121 -3.908186
v 0.045705996 5.7374762 -3.9539465
v -0.091989899 5.8018121 -3.9999896
v -0.046000228 5.7374628 -4.0457373
v -0.046137438 5.7374683 -3.9540964
v 0.045707054 5.7374762 -3.9545535
v -5.3776428e-07 5.7000012 -4.0000003
v 0.046033187 5.7379376 -3.9542722
v 1.9999601 3.998884 -2.2997862
v 1.9999601 3.998884 -5.6997861
v -1.7000397 3.9988837 -5.9997861
v 1.6999604 3.9988837 -5.9997861
v -2.0000399 3.998884 -2.2997862
v -2.0000399 3.998884 -5.6997861
v -1.7000399 3.998884 -1.9997862
v 1.6999599 3.998884 -1.9997862
v -1.8000399 3.998884 -5.6997861
v -1.7000397 3.9988837 -5.7997861
v -1.7000399 3.998884 -2.1997862
v -1.8000399 3.998884 -2.2997862
v 1.6999599 3.998884 -2.1997862
v -1.7248479 3.998884 -5.6231351
v -1.6233886 3.998884 -5.7245944
v 1.7247681 3.998884 -5.6231351
v -1.7248479 3.998884 -2.3764375
v 1.6233088 3.998884 -2.2749782
v 1.6233088 3.998884 -5.7245944
v -1.6233886 3.998884 -2.2749782
v 1.7247681 3.998884 -2.3764375
v -3.994545e-05 5.9988837 -5.7968942
v 1.6999604 4.1988815 -5.7997861
v 1.3999603 5.0988834 -5.7968942
v -1.6000397 4.601138 -5.7968942
v -1.2000401 5.3988824 -5.7968942
v 1.1999599 5.3988824 -5.7968942
v 1.6999604 3.9988837 -5.7997861
v -1.6970919 4.1988815 -5.7968942
v 0.79995995 5.6988837 -5.7968942
v -0.80004013 5.6988837 -5.7968942
v 0.39996006 5.8988837 -5.7968942
v -1.4000399 5.0988834 -5.7968942
v 1.5999599 4.6011377 -5.7968942
v -0.40003994 5.8988843 -5.7968942
v 1.7999601 4.1988815 -5.6997861
v 1.7843305 5.0988834 -5.3997861
v 1.7843305 5.3988824 -5.1997861
v 1.7843305 5.8988837 -4.4014795
v 1.7843305 5.8988843 -3.5997861
v 1.7843305 5.0988834 -2.5997861
v 1.7843305 5.6988837 -3.1997861
v 1.7999601 3.998884 -2.2997862
v 1.7843305 4.6012796 -5.5997861
v 1.7999601 3.998884 -5.6997861
v 1.7999601 4.1988809 -2.2997862
v 1.7843305 5.6988837 -4.7997864
v 1.7843305 4.601279 -2.3997864
v 1.7843305 5.3988824 -2.7997861
v 1.7843304 5.9988837 -3.9997864
v 1.3999601 5.0988834 -2.1997861
v 1.5999599 4.6011053 -2.1997861
v 1.1999599 5.3988824 -2.1997862
v -0.40004009 5.8988837 -2.1997865
v -1.2021218 5.3988824 -2.1997864
v 0.39995995 5.8988843 -2.1997861
v -1.6000397 4.601106 -2.1997867
v 0.79995987 5.6988837 -2.1997861
v -4.0051918e-05 5.9988837 -2.1997864
v -0.80004028 5.6988837 -2.1997864
v -1.4000399 5.0988834 -2.1997867
v -1.8026116 5.6988837 -4.7997861
v -1.8026119 5.8988837 -3.5997861
v -1.8026119 5.9988837 -3.9997861
v -1.8026119 5.3988824 -2.7997861
v -1.8026116 5.8988843 -4.3997861
v -1.8026119 4.6022168 -2.3997864
v -1.8026116 5.6988837 -3.1997861
v -1.8026118 5.0988834 -5.3997861
v -1.8026119 5.3988824 -5.1997861
v -1.8026119 4.6022168 -5.5997861
v -1.8026118 5.0988834 -2.5997861
v -2.0000005 4 2.0000003
v -2.0000005 0 -1.9999997
v -2.0000005 4 -1.9999997
v 1.9999995 0 -1.9999997
v 1.9999995 4 -1.9999997
v -2.0000005 0 2.0000003
v 1.9999995 4 2.0000003
v 1.9999995 0 2.0000003
v -2.0000005 0 6.0000003
v -2.0000005 4 6.0000003
v 1.9999995 4 6.0000003
v 1.9999995 0 6.0000003
v -2.0000005 4 -5.9999997
v -2.0000005 0 -5.9999997
v 1.9999995 0 -5.9999997
v 1.9999995 4 -5.9999997
v -2.0000005 4 -6.9999997
v -2.0000005 0 -6.9999997
v 1.9999995 0 -6.9999997
v 1.9999995 4 -6.9999997
v -2.0000005 0 6.9999997
v -2.0000005 4 6.9999997
v 1.9999995 4 6.9999997
v 1.9999995 0 6.9999997
v -2.3463131 3.4000003 -5.6536874
v -2.3463131 3.4000003 -6.346312
v -1.653688 3.4000003 -6.346312
v -1.653688 3.4000003 -5.6536874
v -2.3463131 0.60000031 -6.346312
v -1.653688 0.60000031 -6.346312
v -1.653688 0.60000031 -5.6536874
v -2.3463131 0.60000031 -5.6536874
v -2.4000007 0 -6.3999997
v -2.4000007 0 -5.5999997
v -2.4000007 3.5000003 -5.5999997
v -2.4000007 4.0000006 -5.6000003
v -2.4000007 4.0000006 -6.3999997
v -2.4000007 0.5 -6.3999997
v -1.6000004 0 -6.3999997
v -1.6000004 4.0000006 -6.3999997
v -1.6000004 0.5 -6.3999997
v -1.6000004 0 -5.5999997
v -1.6000004 4.0000006 -5.6000003
v -1.6000004 0.5 -5.5999997
v -2.4000007 3.5000003 -6.3999997
v -1.6000004 3.5000003 -6.3999997
v -1.6000004 3.5000003 -5.5999997
v -2.4000007 0.5 -5.5999997
v 1.6536869 3.4000003 -5.6536874
v 1.6536869 3.4000003 -6.346312
v 2.346312 3.4000003 -6.346312
v 2.346312 3.4000003 -5.6536874
v 1.6536869 0.60000031 -6.346312
v 2.346312 0.60000031 -6.346312
v 2.346312 0.60000031 -5.6536874
v 1.6536869 0.60000031 -5.6536874
v 1.5999993 0 -6.3999997
v 1.5999993 0 -5.5999997
v 1.5999993 3.5000003 -5.5999997
v 1.5999993 4.0000006 -5.6000003
v 1.5999993 4.0000006 -6.3999997
v 1.5999993 0.5 -6.3999997
v 2.3999996 0 -6.3999997
v 2.3999996 4.0000006 -6.3999997
v 2.3999996 0.5 -6.3999997
v 2.3999996 0 -5.5999997
v 2.3999996 4.0000006 -5.6000003
v 2.3999996 0.5 -5.5999997
v 1.5999993 3.5000003 -6.3999997
v 2.3999996 3.5000003 -6.3999997
v 2.3999996 3.5000003 -5.5999997
v 1.5999993 0.5 -5.5999997
v 1.6536869 3.4 -1.6536873
v 1.6536869 3.4 -2.3463124
v 2.346312 3.4 -2.3463124
v 2.346312 3.4 -1.6536873
v 1.6536869 0.6 -2.3463123
v 2.346312 0.6 -2.3463123
v 2.346312 0.6 -1.6536871
v 1.6536869 0.6 -1.6536871
v 1.5999993 0 -2.3999998
v 1.5999993 0 -1.5999995
v 1.5999993 3.5 -1.5999998
v 1.5999993 4 -1.5999998
v 1.5999993 4 -2.3999998
v 1.5999993 0.5 -2.3999998
v 2.3999996 0 -2.3999998
v 2.3999996 4 -2.3999998
v 2.3999996 0.5 -2.3999998
v 2.3999996 0 -1.5999995
v 2.3999996 4 -1.5999998
v 2.3999996 0.5 -1.5999997
v 1.5999993 3.5 -2.3999998
v 2.3999996 3.5 -2.3999998
v 2.3999996 3.5 -1.5999998
v 1.5999993 0.5 -1.5999997
v -2.3463131 3.4 -1.6536873
v -2.3463131 3.4 -2.3463124
v -1.653688 3.4 -2.3463124
v -1.653688 3.4 -1.6536873
v -2.3463131 0.6 -2.3463123
v -1.653688 0.6 -2.3463123
v -1.653688 0.6 -1.6536871
v -2.3463131 0.6 -1.6536871
v -2.4000007 0 -2.3999998
v -2.4000007 0 -1.5999995
v -2.4000007 3.5 -1.5999998
v -2.4000007 4 -1.5999998
v -2.4000007 4 -2.3999998
v -2.4000007 0.5 -2.3999998
v -1.6000004 0 -2.3999998
v -1.6000004 4 -2.3999998
v -1.6000004 0.5 -2.3999998
v -1.6000004 0 -1.5999995
v -1.6000004 4 -1.5999998
v -1.6000004 0.5 -1.5999997
v -2.4000007 3.5 -2.3999998
v -1.6000004 3.5 -2.3999998
v -1.6000004 3.5 -1.5999998
v -2.4000007 0.5 -1.5999997
v -2.3463131 3.4 2.3463132
v -2.3463131 3.4 1.6536874
v -1.653688 3.4 1.6536874
v -1.653688 3.4 2.3463132
v -2.3463131 0.6 1.6536874
v -1.653688 0.6 1.6536874
v -1.653688 0.6 2.3463132
v -2.3463131 0.6 2.3463132
v -2.4000007 0 1.6000003
v -2.4000007 0 2.4000003
v -2.4000007 3.5 2.4000003
v -2.4000007 4 2.4000003
v -2.4000007 4 1.6000003
v -2.4000007 0.5 1.6000003
v -1.6000004 0 1.6000003
v -1.6000004 4 1.6000003
v -1.6000004 0.5 1.6000003
v -1.6000004 0 2.4000003
v -1.6000004 4 2.4000003
v -1.6000004 0.5 2.4000003
v -2.4000007 3.5 1.6000003
v -1.6000004 3.5 1.6000003
v -1.6000004 3.5 2.4000003
v -2.4000007 0.5 2.4000003
v 2.3463129 3.4 1.6536874
v 2.3463129 3.4 2.3463132
v 1.6536878 3.4 2.3463132
v 1.6536878 3.4 1.6536874
v 2.3463129 0.6 2.3463132
v 1.6536878 0.6 2.3463132
v 1.6536878 0.6 1.6536874
v 2.3463129 0.6 1.6536874
v 2.4000004 0 2.4000003
v 2.4000007 0 1.6000003
v 2.4000007 3.5 1.6000003
v 2.4000007 4 1.6000003
v 2.4000004 4 2.4000003
v 2.4000004 0.5 2.4000003
v 1.6000001 0 2.4000003
v 1.6000001 4 2.4000003
v 1.6000001 0.5 2.4000003
v 1.6000004 0 1.6000003
v 1.6000004 4 1.6000003
v 1.6000004 0.5 1.6000003
v 2.4000004 3.5 2.4000003
v 1.6000001 3.5 2.4000003
v 1.6000004 3.5 1.6000003
v 2.4000007 0.5 1.6000003
v 1.6536869 3.4 6.3463132
v 1.6536869 3.4 5.653688
v 2.346312 3.4 5.653688
v 2.346312 3.4 6.3463132
v 1.6536869 0.59999969 5.653688
v 2.346312 0.59999969 5.653688
v 2.346312 0.59999969 6.3463132
v 1.6536869 0.59999969 6.3463132
v 1.5999993 0 5.6000003
v 1.5999993 0 6.3999997
v 1.5999993 3.4999997 6.3999997
v 1.5999993 3.9999997 6.3999997
v 1.5999993 3.9999997 5.6000003
v 1.5999993 0.49999939 5.6000003
v 2.3999996 0 5.6000003
v 2.3999996 3.9999997 5.6000003
v 2.3999996 0.49999939 5.6000003
v 2.3999996 0 6.3999997
v 2.3999996 3.9999997 6.3999997
v 2.3999996 0.5 6.3999997
v 1.5999993 3.4999997 5.6000003
v 2.3999996 3.4999997 5.6000003
v 2.3999996 3.4999997 6.3999997
v 1.5999993 0.5 6.3999997
v -2.3463131 3.4 6.3463132
v -2.3463131 3.4 5.653688
v -1.653688 3.4 5.653688
v -1.653688 3.4 6.3463132
v -2.3463131 0.59999969 5.653688
v -1.653688 0.59999969 5.653688
v -1.653688 0.59999969 6.3463132
v -2.3463131 0.59999969 6.3463132
v -2.4000007 0 5.6000003
v -2.4000007 0 6.3999997
v -2.4000007 3.4999997 6.3999997
v -2.4000007 3.9999997 6.3999997
v -2.4000007 3.9999997 5.6000003
v -2.4000007 0.49999939 5.6000003
v -1.6000004 0 5.6000003
v -1.6000004 3.9999997 5.6000003
v -1.6000004 0.49999939 5.6000003
v -1.6000004 0 6.3999997
v -1.6000004 3.9999997 6.3999997
v -1.6000004 0.5 6.3999997
v -2.4000007 3.4999997 5.6000003
v -1.6000004 3.4999997 5.6000003
v -1.6000004 3.4999997 6.3999997
v -2.4000007 0.5 6.3999997
v 1.9999601 4.5988828 1.6002145
v 1.9999601 5.0988828 -1.3997855
v 1.9999601 5.8988831 -0.40147888
v 1.9999601 4.1988809 1.7002145
v 1.9999601 5.8988837 0.40021454
v 1.9999601 4.5988828 -1.5997856
v 1.9999601 5.6988831 -0.79978577
v 1.9999601 5.6988831 0.80021454
v 1.9999601 5.3988818 1.2002145
v 1.9999601 4.1988809 -1.6997856
v 1.9999601 5.3988818 -1.1997858
v 1.9999601 5.0988828 1.4002145
v 1.9999601 5.9988831 0.0002142334
v -1.7000397 4.1988809 -1.9997856
v 1.5999599 4.5988828 -1.9997856
v -1.2000401 5.3988818 -1.9997856
v 1.6999604 4.1988809 -1.9997856
v 1.19996 5.3988818 -1.9997856
v -1.4000397 5.0988828 -1.9997856
v 1.3999603 5.0988828 -1.9997856
v 0.3999601 5.8988831 -1.9997856
v -2.0000399 5.6988831 -0.79978546
v -2.0000399 5.3988818 -1.1997858
v -2.0000399 4.1988809 1.7002145
v -2.0000399 5.3988818 1.2002145
v -2.0000399 5.0988828 -1.3997855
v -2.0000399 5.9988831 0.00021453857
v -2.0000399 4.6022159 -1.5997855
v -2.0000399 5.0988828 1.4002145
v -2.0000399 5.8988831 0.40021454
v -2.0000399 4.1988809 -1.6997856
v -2.0000399 5.8988837 -0.39978546
v -2.0000399 4.6022159 1.6002145
v -2.0000399 5.6988831 0.80021454
v 0.79995987 5.6988831 2.0002145
v -1.2021218 5.3988818 2.0002145
v -0.40004013 5.8988831 2.0002145
v 1.6999599 4.1988812 2.0002145
v -1.6000399 4.5988828 2.0002145
v -0.80004036 5.6988831 2.0002145
v -4.0051918e-05 5.9988831 2.0002145
v 0.099959936 5.9988831 0.00021453857
v -4.0051918e-05 5.9988831 0.10021454
v -0.10004004 5.9988831 0.00021453857
v -4.0051918e-05 5.9988831 -0.099785461
v -0.40004009 5.8988831 -0.49978546
v -0.50004002 5.8988831 -0.39978546
v -0.80004013 5.6988831 -0.89978546
v -0.90004013 5.6988831 -0.79978546
v -1.2000403 5.3988818 -1.2997855
v -1.3000399 5.3988818 -1.1997858
v -1.4000401 5.0988828 -1.4997856
v -1.5000399 5.0988828 -1.3997855
v -1.6000397 4.6022165 -1.6997856
v -1.7000399 4.6022165 -1.5997855
v -1.8000399 4.1988809 -1.6997856
v -0.51983818 5.8988837 0.40021454
v -0.40003994 5.8988837 0.50021454
v -0.90004013 5.6988831 0.80021423
v -0.80003998 5.6988831 0.90021454
v -1.3000399 5.3988818 1.2002145
v -1.2021218 5.3988818 1.3002145
v -1.5000399 5.0988828 1.4002145
v -1.4000399 5.0988828 1.5002145
v -1.7000399 4.6022165 1.6002145
v -1.6000397 4.6022165 1.7002145
v -1.7000399 4.1988812 1.8002145
v -1.8000399 4.1988809 1.7002145
v 0.49995998 5.8988837 -0.40147888
v 0.39995991 5.8988837 -0.49978546
v 0.89995987 5.6988831 -0.79978546
v 0.79995979 5.6988831 -0.89978546
v 1.2999601 5.3988818 -1.1997858
v 1.1999598 5.3988818 -1.2997855
v 1.4999601 5.0988828 -1.3997855
v 1.3999601 5.0988828 -1.4997856
v 1.6999599 4.6022165 -1.5997855
v 1.5999599 4.6022159 -1.6997856
v 0.39996006 5.8988831 0.50021454
v 0.49995998 5.8988831 0.40021454
v 0.79995987 5.6988831 0.90021454
v 0.89995987 5.6988831 0.80021454
v 1.1999599 5.3988831 1.3002145
v 1.3149392 5.3988818 1.2002145
v 1.3999603 5.0988828 1.5002145
v 1.4999601 5.0988828 1.4002145
v 1.5999599 4.6022159 1.7002145
v 1.6999601 4.6022159 1.6002145
v 1.6999599 4.1988812 1.8002145
v -1.7248479 4.1988809 -1.6231343
v -1.6233886 4.1988809 -1.7245937
v 1.7247681 4.1988809 -1.6231343
v -1.7248479 4.1988809 1.6235629
v 1.6233088 4.1988809 1.7250223
v -0.00027946306 5.8992371 0.091808472
v -1.8241052e-05 5.8992261 -0.091510315
v 0.091721363 5.899223 0.00022216797
v -0.091998253 5.8992078 4.8828125e-06
v -1.5356915 4.5607608 -1.6354372
v -1.6356915 4.5607608 -1.5354372
v -1.3431895 5.0394183 -1.442935
v -1.4431893 5.0394183 -1.3429349
v -1.1571783 5.3193475 -1.2569238
v -1.2571781 5.3193475 -1.1569238
v -0.77161263 5.6073206 -0.87135803
v -0.87161263 5.6073206 -0.77135803
v -0.3820393 5.8021777 -0.48178467
v -0.48203922 5.8021777 -0.38178467
v 1.6233088 4.1988809 -1.7245937
v 1.6356115 4.5607608 -1.5354372
v 1.5356116 4.5607602 -1.6354372
v 1.4431095 5.0394183 -1.3429349
v 1.3431095 5.0394183 -1.442935
v 1.257098 5.3193475 -1.1569238
v 1.157098 5.3193475 -1.2569238
v 0.87156876 5.6073291 -0.77129395
v 0.77157181 5.6073273 -0.871297
v 0.48200115 5.8021912 -0.3833667
v 0.38206001 5.8021692 -0.48173279
v -1.6356915 4.5607608 1.5358658
v -1.5356915 4.5607608 1.6358658
v -1.6233886 4.1988809 1.7250223
v -1.4430262 5.0394711 1.343472
v -1.3430207 5.0394821 1.4434665
v -1.2569818 5.3193188 1.1576047
v -1.1589613 5.3194281 1.2575034
v -0.8720256 5.6073657 0.77123749
v -0.77198936 5.6073853 0.87121002
v -0.50231949 5.8023309 0.38096161
v -0.38313942 5.802088 0.48164093
v 1.5356116 4.5607602 1.6358658
v 1.6356116 4.5607602 1.5358658
v 1.7247681 4.1988809 1.6235629
v 1.3438657 5.039791 1.4422354
v 1.4439132 5.0397147 1.3422672
v 1.1588321 5.3191699 1.2560068
v 1.2731933 5.3198645 1.1553427
v 0.77224899 5.6072491 0.87131317
v 0.87222794 5.6072644 0.77128601
v 0.38195923 5.8021777 0.48221375
v 0.48195919 5.8021777 0.38221375
v 0.0011033542 5.8018115 -0.090391235
v 0.091729717 5.8018115 0.00022827148
v 0.045865512 5.7374701 -0.045634155
v -0.00027110932 5.8018115 0.091814575
v 0.045705996 5.7374756 0.046054077
v -0.091989899 5.8018115 1.0986328e-05
v -0.046000228 5.7374622 -0.045736694
v -0.046137438 5.7374677 0.045904236
v 0.045707054 5.7374756 0.045447083
v -5.3776428e-07 5.7000006 3.0517578e-07
v 0.046033187 5.737937 0.045728455
v 1.9999601 3.9988834 1.7002145
v 1.9999601 3.9988834 -1.6997856
v -1.7000397 3.9988831 -1.9997856
v 1.6999604 3.9988831 -1.9997856
v -2.0000399 3.9988834 1.7002145
v -2.0000399 3.9988834 -1.6997856
v 1.6999599 3.9988834 2.0002145
v -1.8000399 3.9988834 -1.6997856
v -1.7000397 3.9988831 -1.7997855
v -1.7000399 3.9988834 1.8002145
v -1.8000399 3.9988834 1.7002145
v 1.6999599 3.9988834 1.8002145
v -1.7248479 3.9988834 -1.6231343
v -1.6233886 3.9988834 -1.7245937
v 1.7247681 3.9988834 -1.6231343
v -1.7248479 3.9988834 1.6235629
v 1.6233088 3.9988834 1.7250223
v 1.6233088 3.9988834 -1.7245937
v -1.6233886 3.9988834 1.7250223
v 1.7247681 3.9988834 1.6235629
v -3.994545e-05 5.9988831 -1.7968936
v 1.6999604 4.1988809 -1.7997855
v 1.3999603 5.0988828 -1.7968936
v -1.6000397 4.6011374 -1.7968938
v -1.2000401 5.3988818 -1.7968938
v 1.1999599 5.3988818 -1.7968938
v 1.6999604 3.9988831 -1.7997856
v -1.6970919 4.1988809 -1.7968938
v 0.79995995 5.6988831 -1.7968935
v -0.80004013 5.6988831 -1.7968935
v 0.39996006 5.8988831 -1.7968936
v -1.4000399 5.0988828 -1.7968936
v 1.5999599 4.6011371 -1.7968936
v -0.40003994 5.8988837 -1.7968936
v 1.7999601 4.1988809 -1.6997856
v 1.7843305 5.0988828 -1.3997855
v 1.7843305 5.3988818 -1.1997858
v 1.7843305 5.8988831 -0.40147888
v 1.7843305 5.8988837 0.40021454
v 1.7843305 5.0988828 1.4002145
v 1.7843305 5.6988831 0.80021454
v 1.7999601 3.9988834 1.7002145
v 1.7843305 4.601279 -1.5997855
v 1.7999601 3.9988834 -1.6997856
v 1.7999601 4.1988803 1.7002145
v 1.7843305 5.6988831 -0.79978577
v 1.7843305 4.6012784 1.6002145
v 1.7843305 5.3988818 1.2002145
v 1.7843304 5.9988831 0.0002142334
v 1.3999601 5.0988828 1.8002145
v 1.5999599 4.6011047 1.8002145
v 1.1999599 5.3988818 1.8002145
v -0.40004009 5.8988831 1.8002139
v -1.2021218 5.3988818 1.8002145
v 0.39995995 5.8988837 1.8002145
v -1.6000397 4.6011053 1.8002139
v 0.79995987 5.6988831 1.8002145
v -4.0051918e-05 5.9988831 1.8002145
v -0.80004028 5.6988831 1.8002145
v -1.4000399 5.0988828 1.8002139
v -1.8026116 5.6988831 -0.79978546
v -1.8026119 5.8988831 0.40021454
v -1.8026119 5.9988831 0.00021453857
v -1.8026119 5.3988818 1.2002145
v -1.8026116 5.8988837 -0.39978546
v -1.8026119 4.6022162 1.6002145
v -1.8026116 5.6988831 0.80021454
v -1.8026118 5.0988828 -1.3997855
v -1.8026119 5.3988818 -1.1997858
v -1.8026119 4.6022162 -1.5997855
v -1.8026118 5.0988828 1.4002145
v 1.9999601 4.5988828 5.6002145
v 1.9999601 5.0988828 2.6002145
v 1.9999601 5.8988824 3.5985208
v 1.9999601 4.1988806 5.7002145
v 1.9999601 5.8988831 4.4002145
v 1.9999601 4.5988828 2.4002145
v 1.9999601 5.6988824 3.2002145
v 1.9999601 5.6988824 4.8002145
v 1.9999601 5.3988812 5.2002145
v 1.9999601 4.1988806 2.3002145
v 1.9999601 5.3988812 2.8002145
v 1.9999601 5.0988828 5.4002145
v 1.9999601 5.9988824 4.0002145
v -1.7000397 4.1988806 2.0002145
v 1.5999599 4.5988828 2.0002145
v -1.2000401 5.3988812 2.0002145
v 1.19996 5.3988812 2.0002145
v -1.4000397 5.0988828 2.0002145
v 1.3999603 5.0988828 2.0002145
v 0.3999601 5.8988824 2.0002145
v -2.0000399 5.6988824 3.2002145
v -2.0000399 5.3988812 2.8002145
v -2.0000399 4.1988806 5.7002145
v -2.0000399 5.3988812 5.2002145
v -2.0000399 5.0988828 2.6002145
v -2.0000399 5.9988824 4.0002145
v -2.0000399 4.6022159 2.4002145
v -2.0000399 5.0988828 5.4002145
v -2.0000399 5.8988824 4.4002145
v -2.0000399 4.1988806 2.3002145
v -2.0000399 5.8988831 3.6002145
v -2.0000399 4.6022159 5.6002145
v -2.0000399 5.6988824 4.8002145
v 0.79995987 5.6988824 6.0002145
v 1.1999599 5.3988812 6.0002145
v -1.7000399 4.1988812 6.0002145
v -1.2021218 5.3988812 6.0002145
v 1.3999601 5.0988828 6.0002145
v 1.5999601 4.5988828 6.0002145
v -1.4000399 5.0988828 6.0002145
v -0.40004013 5.8988824 6.0002145
v 1.6999599 4.1988812 6.0002145
v 0.39995995 5.8988831 6.0002145
v -1.6000399 4.5988828 6.0002145
v -0.80004036 5.6988824 6.0002145
v -4.0051918e-05 5.9988824 6.0002145
v 0.099959936 5.9988824 4.0002145
v -4.0051918e-05 5.9988824 4.1002145
v -0.10004004 5.9988824 4.0002145
v -4.0051918e-05 5.9988824 3.9002145
v -0.40004009 5.8988824 3.5002145
v -0.50004002 5.8988824 3.6002145
v -0.80004013 5.6988824 3.1002145
v -0.90004013 5.6988824 3.2002145
v -1.2000403 5.3988812 2.7002145
v -1.3000399 5.3988812 2.8002145
v -1.4000401 5.0988828 2.5002145
v -1.5000399 5.0988828 2.6002145
v -1.6000397 4.6022165 2.3002145
v -1.7000399 4.6022165 2.4002145
v -1.8000399 4.1988806 2.3002145
v -0.51983818 5.8988831 4.4002145
v -0.40003994 5.8988831 4.5002145
v -0.90004013 5.6988824 4.8002145
v -0.80003998 5.6988824 4.9002145
v -1.3000399 5.3988812 5.2002145
v -1.2021218 5.3988812 5.3002145
v -1.5000399 5.0988828 5.4002145
v -1.4000399 5.0988828 5.5002145
v -1.7000399 4.6022165 5.6002145
v -1.6000397 4.6022165 5.7002145
v -1.7000399 4.1988812 5.8002145
v -1.8000399 4.1988806 5.7002145
v 0.49995998 5.8988831 3.5985208
v 0.39995991 5.8988831 3.5002145
v 0.89995987 5.6988824 3.2002145
v 0.79995979 5.6988824 3.1002145
v 1.2999601 5.3988812 2.8002145
v 1.1999598 5.3988812 2.7002145
v 1.4999601 5.0988828 2.6002145
v 1.3999601 5.0988828 2.5002145
v 1.6999599 4.6022165 2.4002145
v 1.5999599 4.6022159 2.3002145
v 0.39996006 5.8988824 4.5002145
v 0.49995998 5.8988824 4.4002145
v 0.79995987 5.6988824 4.9002145
v 0.89995987 5.6988824 4.8002145
v 1.1999599 5.3988824 5.3002145
v 1.3149392 5.3988812 5.2002145
v 1.3999603 5.0988828 5.5002145
v 1.4999601 5.0988828 5.4002145
v 1.5999599 4.6022159 5.7002145
v 1.6999601 4.6022159 5.6002145
v 1.6999599 4.1988812 5.8002145
v -1.7248479 4.1988806 2.3768655
v -1.6233886 4.1988806 2.2754062
v 1.7247681 4.1988806 2.3768655
v -1.7248479 4.1988806 5.6235629
v 1.6233088 4.1988806 5.7250223
v -0.00027946306 5.8992365 4.0918082
v -1.8241052e-05 5.8992255 3.9084897
v 0.091721363 5.8992224 4.0002225
v -0.091998253 5.8992072 4.0000052
v -1.5356915 4.5607608 2.3645627
v -1.6356915 4.5607608 2.4645627
v -1.3431895 5.0394183 2.5570651
v -1.4431893 5.0394183 2.6570651
v -1.1571783 5.3193469 2.7430765
v -1.2571781 5.3193469 2.8430759
v -0.77161263 5.6073199 3.1286417
v -0.87161263 5.6073199 3.2286417
v -0.3820393 5.8021771 3.518215
v -0.48203922 5.8021771 3.618215
v 1.6233088 4.1988806 2.2754062
v 1.6356115 4.5607608 2.4645627
v 1.5356116 4.5607602 2.3645627
v 1.4431095 5.0394183 2.6570651
v 1.3431095 5.0394183 2.5570651
v 1.257098 5.3193469 2.8430765
v 1.157098 5.3193469 2.7430765
v 0.87156876 5.6073285 3.2287057
v 0.77157181 5.6073267 3.1287033
v 0.48200115 5.8021906 3.616633
v 0.38206001 5.8021686 3.5182675
v -1.6356915 4.5607608 5.5358658
v -1.5356915 4.5607608 5.6358658
v -1.6233886 4.1988806 5.7250223
v -1.4430262 5.0394711 5.343472
v -1.3430207 5.0394821 5.4434665
v -1.2569818 5.3193182 5.1576047
v -1.1589613 5.3194275 5.2575034
v -0.8720256 5.6073651 4.7712375
v -0.77198936 5.6073846 4.87121
v -0.50231949 5.8023303 4.3809616
v -0.38313942 5.8020874 4.4816409
v 1.5356116 4.5607602 5.6358658
v 1.6356116 4.5607602 5.5358658
v 1.7247681 4.1988806 5.6235629
v 1.3438657 5.039791 5.4422354
v 1.4439132 5.0397147 5.3422672
v 1.1588321 5.3191693 5.2560068
v 1.2731933 5.3198639 5.1553427
v 0.77224899 5.6072485 4.8713132
v 0.87222794 5.6072638 4.7712863
v 0.38195923 5.8021771 4.4822134
v 0.48195919 5.8021771 4.3822134
v 0.0011033542 5.8018109 3.9096091
v 0.091729717 5.8018109 4.000228
v 0.045865512 5.7374695 3.9543661
v -0.00027110932 5.8018109 4.0918143
v 0.045705996 5.737475 4.0460544
v -0.091989899 5.8018109 4.0000107
v -0.046000228 5.7374615 3.954263
v -0.046137438 5.737467 4.0459042
v 0.045707054 5.737475 4.0454471
v -5.3776428e-07 5.7 4.0000003
v 0.046033187 5.7379364 4.0457285
v 1.9999601 3.9988831 5.7002145
v 1.9999601 3.9988831 2.3002145
v -1.7000397 3.9988831 2.0002145
v -2.0000399 3.9988831 5.7002145
v -2.0000399 3.9988831 2.3002145
v -1.7000399 3.9988831 6.0002145
v 1.6999599 3.9988831 6.0002145
v -1.8000399 3.9988831 2.3002145
v -1.7000397 3.9988831 2.2002145
v -1.7000399 3.9988831 5.8002145
v -1.8000399 3.9988831 5.7002145
v 1.6999599 3.9988831 5.8002145
v -1.7248479 3.9988831 2.3768655
v -1.6233886 3.9988831 2.2754062
v 1.7247681 3.9988831 2.3768655
v -1.7248479 3.9988831 5.6235629
v 1.6233088 3.9988831 5.7250223
v 1.6233088 3.9988831 2.2754062
v -1.6233886 3.9988831 5.7250223
v 1.7247681 3.9988831 5.6235629
v -3.994545e-05 5.9988824 2.2031064
v 1.6999604 4.1988806 2.2002145
v 1.3999603 5.0988828 2.2031064
v -1.6000397 4.6011374 2.2031064
v -1.2000401 5.3988812 2.2031064
v 1.1999599 5.3988812 2.2031064
v 1.6999604 3.9988831 2.2002145
v -1.6970919 4.1988806 2.2031064
v 0.79995995 5.6988824 2.2031064
v -0.80004013 5.6988824 2.2031064
v 0.39996006 5.8988824 2.2031064
v -1.4000399 5.0988828 2.2031064
v 1.5999599 4.6011371 2.2031064
v -0.40003994 5.8988831 2.2031064
v 1.7999601 4.1988806 2.3002145
v 1.7843305 5.0988828 2.6002145
v 1.7843305 5.3988812 2.8002145
v 1.7843305 5.8988824 3.5985208
v 1.7843305 5.8988831 4.4002145
v 1.7843305 5.0988828 5.4002145
v 1.7843305 5.6988824 4.8002145
v 1.7999601 3.9988831 5.7002145
v 1.7843305 4.601279 2.4002145
v 1.7999601 3.9988831 2.3002145
v 1.7999601 4.19888 5.7002145
v 1.7843305 5.6988824 3.2002145
v 1.7843305 4.6012784 5.6002145
v 1.7843305 5.3988812 5.2002145
v 1.7843304 5.9988824 4.0002145
v 1.3999601 5.0988828 5.8002145
v 1.5999599 4.6011047 5.8002145
v 1.1999599 5.3988818 5.8002145
v -0.40004009 5.8988824 5.8002139
v -1.2021218 5.3988812 5.8002145
v 0.39995995 5.8988831 5.8002145
v -1.6000397 4.6011053 5.8002139
v 0.79995987 5.6988824 5.8002145
v -4.0051918e-05 5.9988824 5.8002145
v -0.80004028 5.6988824 5.8002145
v -1.4000399 5.0988828 5.8002139
v -1.8026116 5.6988824 3.2002145
v -1.8026119 5.8988824 4.4002145
v -1.8026119 5.9988824 4.0002145
v -1.8026119 5.3988812 5.2002145
v -1.8026116 5.8988831 3.6002145
v -1.8026119 4.6022162 5.6002145
v -1.8026116 5.6988824 4.8002145
v -1.8026118 5.0988828 2.6002145
v -1.8026119 5.3988812 2.8002145
v -1.8026119 4.6022162 2.4002145
v -1.8026118 5.0988828 5.4002145
vt 0.72526586 0.45278448
vt 0.64037836 0.10343879
vt 0.2435853 0.50182837
vt -0.0003426075 0.2053113
vt 0 1
vt 0.50078785 0.5004189
vt 5.9604645e-08 0.50457662
vt 0.12507126 0.53504556
vt 5.9604645e-08 0.55111891
vt -0.14842905 0.44773307
vt 0.4485296 0.04721576
vt 0.50078785 0.44980022
vt 0 1
vt 0.26393265 0.16772509
vt 5.9604645e-08 0.50457662
vt 0.75 0
vt 0.066008426 0.95227635
vt 0.40421939 0.5004189
vt 0.40397611 0.15644813
vt 1.432532 0.53746992
vt 0.94060034 0.44740811
vt 1.499269 0.50042623
vt 0.10766029 0.2053113
vt 0.40290177 0.028921127
vt -0.0282197 0.50041884
vt 0.72526586 0.40624219
vt 0.38377619 0.50182837
vt 0.296875 0.203125
vt 0.49826211 0
vt 1 0.40625
vt 0.042682573 0.44980022
vt -0.45073235 0.4481861
vt 0.6666193 0.41180012
vt 0.57220715 0.44980022
vt 0.26393241 1.0599761
vt 0.78345239 0.70916784
vt 0.14981604 0.41164929
vt 0.24637589 1
vt -0.3062959 0.5001356
vt 0.7435469 -0.1179169
vt 0.44040793 0.40706211
vt 0.49595416 0.41028726
vt 0.097634017 0.44980022
vt 1.0000001 5.9604645e-08
vt 1 0.45278448
vt 0.40781161 0.076596797
vt 0.42228514 0.17459679
vt -0.00034284592 0.0053359321
vt 0.99634731 -0.12599152
vt 0.86452794 0.41587746
vt 0.031329896 0.5364421
vt -0.028068721 0.44980022
vt 0.49595416 0.44740817
vt -0.51626837 0.4481861
vt 0.12507126 0.41587743
vt 0.80696833 0.53698963
vt -0.12538493 0.50041884
vt 0.29239374 0.44740817
vt 1.432532 0.50042623
vt 1.3419377 0.5004189
vt 1 0
vt 0.50093246 0.44980022
vt 0.87807256 0.82744312
vt 1.2855051 0.41028723
vt 0.32316753 0.41587743
vt -0.3062959 0.5364421
vt 1 0.20760299
vt 0.26393265 0.92766833
vt 0.26393265 0.5034402
vt 0.94060034 0.41028726
vt 0.62109464 0.10360718
vt 8.7618828e-06 4.9471855e-06
vt 0.34258366 0.08815378
vt 0.99695623 0.91273218
vt 0.70243347 0.5004189
vt 0.49999976 0.58674175
vt 0.60507929 0.53698963
vt 0.49595416 0.53747004
vt 0.67407715 0.1014771
vt 1.2950513 0.5004189
vt -0.11286631 0.5364421
vt 0.50173783 1
vt -0.0003426075 0.70013523
vt 0.98758566 0.44980025
vt 0.57220715 0.44980022
vt 0.26393276 0.40175048
vt 0.10432041 0.81162328
vt 0.7764321 0.50457662
vt 1 0
vt 0.063065231 0.12491626
vt 0.25895521 0
vt 0.671875 0.40625
vt 1.1739471 0.5004189
vt 0.26651913 0.55111891
vt 0.091468215 0.32410842
vt 0.7764321 0.50457662
vt 0.2923938 0.50042635
vt 1 0.55111891
vt 0.67908669 0.53504556
vt 0.48590243 0.71542692
vt 0 1
vt 0.67908669 0.50180167
vt 0.671875 0.40625
vt 0.74073184 0.0039062798
vt 0.2665441 0.49919587
vt -0.0042038113 0.44980022
vt 0.74073184 0.0039062798
vt 0.99695623 0.70916784
vt -0.11286631 0.4481861
vt 0.38724911 0.1677247
vt 0.055311039 0.41238776
vt 0.62734348 0.82108563
vt 0.25911927 0.5364421
vt 1.2855051 0.50042623
vt 0.37915671 0.060704887
vt 1 1
vt -0.0003426075 0.2053113
vt 0.50078785 0.5004189
vt -0.0003426075 0.8920185
vt 0.21419853 0
vt 0.44058365 0.15644431
vt 0.74073178 0.0039062798
vt 0.72081113 -0.023634687
vt 1.1738343 0.44980025
vt 1 1
vt 0.515625 0.203125
vt 0.296875 0.40625
vt 0 0.203125
vt 0.75 0.203125
vt 0.4375 0.40625
vt 0.75 0
vt 0.40397611 0.12896389
vt -0.14842905 0.53698963
vt -0.17212766 0.44980022
vt 1.0304229 0.5004189
vt 0.75331122 1
vt 0.65973353 0.10276884
vt 0 0.5488342
vt 0.75 0.203125
vt 0.75 0
vt 1.1270826 0.44980025
vt 0.25911927 0.44818616
vt 0.62734336 0.18572773
vt 0.37523174 0.5084818
vt 0.74350226 0.1014771
vt 0.5009318 0.5004189
vt 0.515625 0
vt 1.1739689 0.5004189
vt 0.99626094 0.44965625
vt 0.45874679 0.45278448
vt 0.29239374 0.41028726
vt 0.81965053 0.5004189
vt 0.515625 0
vt 0.097634017 0.44980022
vt 0.28604126 0.41617987
vt 1.0304008 0.44980025
vt 0.54161173 0.53504556
vt 1.0879757 0.41028726
vt 0.50173777 1
vt 0.065491922 0.95241892
vt 0.46713853 0.44818616
vt 0 0
vt 0.50093246 0.44980022
vt 0.24637583 1
vt 0 0.5488342
vt 0.033088207 0.17819399
vt 1 0.50457662
vt 0.74350238 0.40706211
vt 0.26393265 0.92766833
vt -0.064693928 0.44965619
vt -0.0003426075 0.81162339
vt 0.26393265 0.5034402
vt 0.00390625 0.061465323
vt 0.21875 0.203125
vt 0.21419853 0.203125
vt 0.26393265 0.605129
vt 0.8703686 0.5004189
vt 1 0.203125
vt 0 0.203125
vt 0 0
vt -0.0042038113 0.50041884
vt -0.51626837 0.5364421
vt 0.091452122 0.32410389
vt 1 0.203125
vt 0.72526586 0.45278448
vt 0.033105135 0.17820078
vt 0.29943013 0.5004189
vt 0.23517889 0.40624219
vt 0.72526586 0.45278448
vt 0.48590231 0.29145283
vt -5.9604645e-08 1.6624108e-07
vt 0.26562184 0.44980022
vt -0.064693928 0.50180167
vt 0.92538249 0.098960996
vt 0.6667785 0.077495456
vt 1 0.5488342
vt 0.23517889 0.45278448
vt 0.99634755 1.1376847
vt 0.35014802 0.5004189
vt 0.44058365 0.12896866
vt 0.40780252 0.11320239
vt -0.51626837 0.41180003
vt 0.091452233 0.32410389
vt 0.055311039 0.53698963
vt 0.23517889 0.45278448
vt 1 0.203125
vt 0 1
vt 1.029933 0.44980025
vt 5.9604645e-08 0.50457662
vt 0.75 0
vt 2.9802322e-08 0.40625
vt 0.49999997 0.58674163
vt 0.18216002 0.5004189
vt 0.19685084 0.70013511
vt 0.73345596 0.49919564
vt 0 0
vt 1.1269412 0.44980025
vt 0.59759194 0.44980022
vt 0.97269189 -0.027693748
vt 2.9802322e-08 0.45278448
vt 0.58455563 0.40175048
vt 0.6167345 0.55756027
vt 0.75 0.203125
vt 0.72526586 0.40624219
vt 0.80696833 0.41238776
vt 0.50087911 0.5004189
vt 0.49826211 0
vt 0.2923938 0.53747004
vt 1 0.45278448
vt -0.0003426075 0.5084818
vt -0.3062959 0.4481861
vt 0.90415424 0.5004189
vt -0.064693928 0.4158774
vt 1 0.5488342
vt 1.197633 0.5004189
vt 0.40289709 0.065516174
vt 0.29937726 0.44980022
vt 0.29943013 0.5004189
vt 0.031329907 0.4481861
vt -0.064693987 0.53504556
vt 0.28859603 1.0597219
vt 0 0.41144061
vt 0.81989765 0.5004189
vt 1.0304229 0.5004189
vt 0.6935153 0.40831453
vt 0.74350226 0.70425111
vt 0.64050096 0.12270868
vt 0.2435853 0.53698963
vt 1.1739471 0.44980025
vt -0.12536293 0.44980022
vt 0.74350202 0.30256236
vt 0.28859603 -0.052968636
vt 1.2855051 0.53746992
vt 0.4999913 0.58674151
vt 0.50087911 0.44980022
vt 0 0
vt 0.29937726 0.5004189
vt 0.46713853 0.53644216
vt 1.0601245 0.41587746
vt 0.59421194 0.50584662
vt 0.6666193 0.44818616
vt -0.00034284592 0.41618007
vt -0.45073235 0.41180003
vt 0.46736509 0.5004189
vt 0.38327193 0.55756003
vt 0.66886675 0.44980022
vt -0.17224926 0.44980022
vt 0.50173783 1
vt -0.11286631 0.41180006
vt 0.85018623 0.41165215
vt 0.99999154 0.50182837
vt 0.60507929 0.41238776
vt 0.36106974 0.10646677
vt 0.25895521 0
vt 0.90417719 0.44980025
vt 0.7764321 0.50457662
vt 0.76552641 0.44980022
vt 0.25895521 0
vt 0.61431968 0.077249527
vt -0.085013226 0.50182837
vt 0.8703686 0.5004189
vt 0.2435853 0.50182837
vt 1 0
vt -0.0042038113 0.50041884
vt 0.2638841 1.1621974
vt 1.0879757 0.50042635
vt 0.54161173 0.44965622
vt 1 0.55111891
vt 1.1739471 0.44980025
vt 0.12507126 0.50180167
vt 0.81962818 0.44980025
vt 0.18221366 0.44980022
vt 0.671875 0.40625
vt 0.26651913 0.55111891
vt 0.54125321 0.50457662
vt 1.1270607 0.44980025
vt 0.67908669 0.41587746
vt 0.40290177 0.028921127
vt 0.38965309 0.094890475
vt 0.61721122 0.55756003
vt 0.40412828 0.44980022
vt 1.0298796 0.44980025
vt 1 1
vt -0.085013226 0.53698963
vt 1.1739689 0.44980025
vt 0.99999976 -5.9604645e-08
vt 0.40421939 0.44980022
vt 0.6666193 0.41180012
vt 0.73346031 0.49919695
vt 1.0601245 0.53504562
vt 0.18216005 0.44980022
vt 1.0721117 0.5004189
vt 0.78345239 0.70916784
vt 0.21419853 0
vt 1 0.41144061
vt 0.26393265 -0.05322291
vt 0.74350238 0.50340664
vt 1 0.40624219
vt 0.90854788 0.32410389
vt 0.74073178 0.0039062798
vt 0.99999154 0.44773307
vt 0.70228964 0.44980022
vt 0.055311039 0.50182837
vt 0 0.203125
vt 0.4375 0.40625
vt 0.99634731 -0.12599152
vt 0.70832837 0.41028723
vt 0.515625 0
vt 0.12507126 0.41587743
vt 0 0.203125
vt 0.7435469 1.12473
vt 0.4375 0.40625
vt 2.9802322e-08 0.40624219
vt 0.2665441 0.49919564
vt 0.03308773 0.17917365
vt 1.432532 0.50042623
vt 0.097543091 0.5004189
vt 0.75331122 1
vt -0.45073235 0.5001356
vt 0.60507929 0.50182837
vt 0.59744745 0.5004189
vt 0 0.4095737
vt 0.45874679 0.45278448
vt 0.25895524 0
vt 1 1
vt 0.26393265 0.71542692
vt 0.87807256 0.82744312
vt 0.9041543 0.44980025
vt 0.26393265 0.83874393
vt 0.14981377 0.41165239
vt -0.085013226 0.41238776
vt 0.45874679 0.45278448
vt 1.197633 0.5004189
vt 0.59792376 0.5004189
vt 0.50173777 1
vt 0.29937726 0.44980022
vt 0.29937726 0.5004189
vt -0.12538493 0.50041884
vt 0.33792275 0.92766857
vt 0.62109464 0.10360718
vt 1 0
vt 0.81989765 0.5004189
vt 0.99695551 -0.027693748
vt -0.17215842 0.50041884
vt 0.671875 0.203125
vt 0.66886675 0.44980022
vt -8.7618828e-06 -5.0663948e-06
vt 0.24637583 1
vt 0.5338757 0.30256236
vt 0.60507929 0.53698963
vt 1.2950513 0.5004189
vt 0.0039237738 0.061474502
vt 1.432532 0.44740814
vt 0.671875 0.203125
vt 0.26393253 0.29145283
vt 0.45874679 0.40624219
vt 0.74350202 0.30256236
vt 2.9802322e-08 0.203125
vt 0.097686768 0.5004189
vt 0 0
vt 0.75331116 1
vt 0.50087911 0.44980022
vt 0.4375 0.203125
vt 1.1976331 0.44980025
vt 0.45874679 0.40624219
vt 0.59744745 0.44980022
vt 2.9802322e-08 0.203125
vt 0 0.203125
vt -0.00034284592 0.41618007
vt 0.54125321 0.55111891
vt 0.21875 0
vt 0.68320894 0.5034402
vt 0.4375 0.203125
vt -0.17224926 0.44980022
vt 0.21875 0.203125
vt 0.70243406 0.44980022
vt 0.21419853 0.203125
vt 1 0.5488342
vt 0.67908669 0.53504556
vt 0.43038109 0.028921127
vt 0.61722225 0.55755967
vt 0.67908669 0.50180167
vt -0.12536293 0.44980022
vt 0.49826199 0
vt 1.499269 0.44740811
vt 0.21419853 0.203125
vt 0.32316753 0.50180167
vt 0.10432041 0.81162328
vt 0.26651913 0.50457662
vt 0.033088207 0.1791665
vt 0.49826199 0
vt 0.7764321 0.55111891
vt 0.14981616 0.41164929
vt 1.0721117 0.44980022
vt 0.2923938 0.50042635
vt -0.0003426075 0.60041702
vt 1.2855051 0.50042623
vt 0.18206921 0.44980022
vt 0.72526586 0.45278448
vt 0.7764321 0.55111891
vt 0.7334559 0.49919587
vt 0.23517889 0.40624219
vt -0.0042038113 0.44980022
vt 5.9604645e-08 0.55111891
vt 0.58455575 0.60512865
vt -0.028612494 0.50041884
vt 1.499269 0.53746992
vt 0 1
vt 0.72081113 -0.023634687
vt 0.66672039 0.12938303
vt 5.9604645e-08 0.50457662
vt 0.75 0
vt 0.85016882 0.41165239
vt 0.26562184 0.5004189
vt 0.23517889 0.45278448
vt 0.81962818 0.5004189
vt 1 0.203125
vt 0.37915671 0.060704887
vt 0.64037836 0.10343879
vt 1.0304229 0.5004189
vt 0.12507126 0.53504556
vt 0.65973353 0.10276884
vt 1 0.203125
vt 0.296875 0.203125
vt 0.4485296 0.04721576
vt 0.62734336 0.18572773
vt 0.00390625 0.061465561
vt 0.37523174 0.5084818
vt 0.097686768 0.5004189
vt 2.9802322e-08 0.40625
vt 1 0.40625
vt 0.99695575 0.50584662
vt 1.0601245 0.53504562
vt 1.1976331 0.44980025
vt 0.94060034 0.44740811
vt 0.24637589 1
vt 0.6666193 0.50013566
vt 0.96691185 0.17819375
vt 1 0.45278448
vt 0.74350238 0.90533632
vt 0.43528634 0.076600611
vt -0.45073235 0.4481861
vt 0.49595416 0.50042635
vt -0.12524128 0.44980022
vt 1 0.45278448
vt 0.2435853 0.41238776
vt 0.38377619 0.53698963
vt -0.3062959 0.5001356
vt 0.7435469 -0.1179169
vt 0.44040793 0.40706211
vt -0.12521994 0.50041884
vt 0.59744745 0.5004189
vt 1 0
vt 0.70832837 0.53747004
vt 0.40781161 0.076596797
vt 0.28604126 0.41617987
vt 0.99695623 0.82744312
vt 0.57220715 0.5004189
vt 0.9041543 0.44980025
vt 0.70832837 0.50042635
vt 0.26393265 0.83874393
vt 0.86452794 0.41587746
vt -0.028068721 0.44980022
vt 1 0
vt -0.12529439 0.44980022
vt 0.49595416 0.44740817
vt 1.3419377 0.44980025
vt 0 0
vt 0.19685084 0.31679958
vt -0.12527227 0.50041884
vt 0.50173783 1
vt 0.26393253 0.29145283
vt 0.32316753 0.41587743
vt 0.18206924 0.5004189
vt 0.50173783 1
vt 0.26393265 0.079084158
vt 1 0.4095737
vt 0.94060034 0.41028726
vt 0.5009318 0.5004189
vt 0.48590231 0.29145283
vt 0.99695623 0.91273218
vt -0.064693928 0.50180167
vt 0.73344314 0.49919707
vt 0.25895521 0
vt 0.92538249 0.098960996
vt 0.49595416 0.53747004
vt 0.7764321 0.50457662
vt -0.11286631 0.5364421
vt -0.11286631 0.5001356
vt 0.26393276 0.40175048
vt 0.74073184 0.0039062798
vt 0.99695611 1.0393867
vt 0.091450691 0.3241083
vt 0.60507929 0.44773307
vt 1 0
vt 0.4303773 0.065070212
vt 0.21419853 0
vt 0.44058365 0.12896866
vt 0.40780252 0.11320239
vt 0.063065231 0.89201838
vt 0.042682454 0.50041884
vt 0.97269189 -0.027693748
vt 0.74073178 0.0039062798
vt 1.499269 0.53746992
vt 0.40421939 0.5004189
vt 0.80696833 0.41238776
vt -0.17218041 0.44980022
vt 0 0.41144061
vt 1 1
vt 0.515625 0.203125
vt 0.6666193 0.53644216
vt 0.61672759 0.55756003
vt 0.296875 0.40625
vt 0 0.203125
vt 0.40412828 0.5004189
vt 0.515625 0.203125
vt 1 0.40624219
vt 0.64029944 0.084128678
vt 0 0.20760295
vt 0.296875 0.40625
vt 0.40427282 0.44980022
vt 0.75 0.203125
vt 0.44058365 0.15644431
vt 1 0
vt 0.75 0
vt 1 0.40624219
vt 0.74350238 0.59975117
vt 0.90417653 0.5004189
vt 0.81989765 0.44980025
vt -0.51626837 0.5001356
vt -0.064693987 0.53504556
vt 0.515625 0
vt 0.54161173 0.50180167
vt 0.99695599 0.30252582
vt 0.515625 0
vt 0.6935153 0.40831453
vt 0.74350238 0.90533632
vt 1.1270826 0.44980025
vt 0.74350226 0.1014771
vt 1.1739689 0.5004189
vt 0.59421194 0.50584662
vt 0.50173777 1
vt 0.2665441 0.49919564
vt 0.70228964 0.5004189
vt 0.99609363 0.061474621
vt 0 0
vt -0.11286631 0.41180006
vt 1.029917 0.5004189
vt 0 1
vt 0.60507929 0.41238776
vt 0 0
vt 0.24637583 1
vt 0.61671698 0.55756027
vt 0.72081113 1.0304481
vt -0.00037944317 1.0895715
vt 1.0879757 0.41028726
vt -0.028068721 0.44980022
vt -0.12529439 0.44980022
vt 1 0.50457662
vt 0.65954733 0.10330385
vt 0.00390625 0.061474383
vt 1.1739689 0.5004189
vt 0.61431968 0.077249527
vt 0.75331116 1
vt -0.085013226 0.50182837
vt 0.46713853 0.44818616
vt 0.70832837 0.44740814
vt 2.9802322e-08 0.203125
vt 0 0.203125
vt 1 0.203125
vt 0 0
vt 0.2638841 1.1621974
vt 0 0.5488342
vt 0.44040805 0.59975117
vt 1 0.203125
vt 0 0.203125
vt 0 0
vt 0.74350238 0.40706211
vt 0.72526586 0.45278448
vt 0.92538261 0.91273218
vt -0.064693928 0.44965619
vt 0.23517889 0.40624219
vt 0.90415406 0.5004189
vt 0.70243347 0.5004189
vt 0.38965309 0.094890475
vt 0.80696833 0.44773307
vt -0.51626837 0.5364421
vt -0.00034284592 1.0115989
vt 0 1
vt 0.12507126 0.50180167
vt 0.23517889 0.45278448
vt 0.2435853 0.44773307
vt 0.26393276 0.40175048
vt 0.23517889 0.45278448
vt 0.67908669 0.41587746
vt 0.99626094 0.50180167
vt 0.85016882 0.41165239
vt 0.59744745 0.44980022
vt 1 0.203125
vt 0 1
vt 5.9604645e-08 0.50457662
vt 0.75 0
vt 0.99999112 5.0663948e-06
vt 0.702411 0.5004189
vt 0.18206921 0.44980022
vt 2.9802322e-08 0.40625
vt 5.9604645e-08 0.55111891
vt 0.0039237738 0.061474621
vt 0.702411 0.44980022
vt 0.85018623 0.41165239
vt 0.99999154 0.44773307
vt -0.028091073 0.44980022
vt 0.75 0
vt 0.61431968 0.12989789
vt 1 0.20383763
vt 2.9802322e-08 0.45278448
vt 0.75 0.203125
vt 0.72526586 0.40624219
vt 1.029933 0.44980025
vt -0.14842905 0.41238776
vt 0.49826211 0
vt 1.0304008 0.5004189
vt -0.12521994 0.50041884
vt 0.60507929 0.50182837
vt 2.9802322e-08 0.45278448
vt 0.19685084 0.70013511
vt 0.86452794 0.44965625
vt 0.76552641 0.5004189
vt 0.49826211 0
vt 0 0
vt 0.097687304 0.44980022
vt 0.99999154 0.53698963
vt 1 0.20760298
vt 0.33792275 0.92766857
vt 0.34694028 0.50340712
vt 0.99695575 0.098960996
vt -0.3062959 0.4481861
vt 0.81965053 0.5004189
vt -0.064693928 0.4158774
vt 0.01846981 0.0055300049
vt 0.14981616 0.41164929
vt -0.028559923 0.50041884
vt 0.99626094 0.41587746
vt 0.73345596 0.49919564
vt -0.085013226 0.41238776
vt 0.59792376 0.44980022
vt 0.40289709 0.065516174
vt 0.031329907 0.4481861
vt 0.00390625 0.061465323
vt 0 0
vt 0.28859603 1.0597219
vt 0.29928625 0.44980022
vt 0.68320894 0.5034402
vt 0.29928625 0.5004189
vt 0.7435025 1.0306822
vt 0.85018373 0.41164929
vt 0.065822229 0.95281136
vt 1.4992688 0.41028726
vt 0.43038109 0.028921127
vt 0.74350226 0.70425111
vt 0.64050096 0.12270868
vt 0.43528634 0.11320144
vt 0.99695575 0.40831438
vt 0.28859603 -0.052968636
vt 0.32316753 0.50180167
vt 0.98758566 0.5004189
vt 0.659217 0.10291141
vt 0.6666193 0.44818616
vt -0.45073235 0.41180003
vt 0.87807196 0.18425062
vt 1.0000002 0.99999994
vt 0.67407733 0.90533632
vt 1 0
vt 0.01846981 1.0114049
vt 0.58455575 0.60512865
vt 0.36106974 0.10646677
vt 0.90417719 0.44980025
vt 1 0.55111891
vt 1 0
vt 0.74350238 0.40706211
vt 1.1270609 0.5004189
vt 0.50087911 0.5004189
vt 0.34258366 0.060709655
vt 0.61672795 0.55756003
vt 0.26653945 0.49919707
vt 0.671875 0.40625
vt 0.26651913 0.55111891
vt 0.14922357 0.41165215
vt 0.59759146 0.5004189
vt 0.702411 0.5004189
vt 0.90415424 0.5004189
vt 0.54125321 0.50457662
vt -0.0282197 0.50041884
vt 0.36075103 0.10614961
vt 0.64037836 0.10343879
vt 0.97269261 1.0393867
vt 0.66886675 0.5004189
vt -0.51626837 0.5364421
vt 0.12507126 0.53504556
vt 1.0879757 0.50042635
vt 0.4485296 0.04721576
vt 1 0
vt 0.57220715 0.44980022
vt 0.26393265 0.16772509
vt 0.81962818 0.44980025
vt 0.40397611 0.15644813
vt 0.18221366 0.44980022
vt 1.432532 0.53746992
vt 0.94060034 0.44740811
vt 0.90854782 0.32410389
vt 0.21419853 0
vt 0.78345227 0.30252582
vt -0.028703213 0.44980022
vt 0.29928625 0.44980022
vt 1 0.40624219
vt 0.18216002 0.5004189
vt -0.3062959 0.41180006
vt 0.6666193 0.50013566
vt 0.74073178 0.0039062798
vt -0.028091073 0.44980022
vt -0.00034284592 0.0053359321
vt 0.4375 0.40625
vt 0.515625 0.203125
vt -0.45073235 0.4481861
vt -0.51626837 0.4481861
vt 0.29943079 0.44980022
vt 0.90854782 0.32410389
vt 0 0.203125
vt 0.29937726 0.5004189
vt 0.4375 0.40625
vt 0.26393265 -0.05322291
vt -0.3062959 0.5001356
vt 2.9802322e-08 0.40624219
vt 0.44040793 0.40706211
vt 0.75331122 1
vt 0.70228964 0.44980022
vt 0.055311039 0.50182837
vt 0.40781161 0.076596797
vt 0.45874679 0.45278448
vt 0.25895524 0
vt 0 1
vt 1 0
vt 0.86452794 0.41587746
vt 0.49595416 0.44740817
vt 0.46736503 0.44980022
vt 0.45874679 0.45278448
vt 0.25895524 0
vt 0.38326538 0.55756027
vt -0.0003426075 0.12491626
vt 1.3419377 0.44980025
vt 1.3419377 0.5004189
vt 1.1270607 0.44980025
vt 1 0
vt 0.29928625 0.44980022
vt -0.45073235 0.5001356
vt 0.38377619 0.44773307
vt 0.74350238 0.82108575
vt 0 0.4095737
vt 0.26393265 0.71542692
vt 0.091468215 0.3241083
vt 0.671875 0.203125
vt 0.32316753 0.41587743
vt -0.3062959 0.5364421
vt -0.0003426075 0.70013523
vt 0.32316756 0.44965622
vt 1.432532 0.41028723
vt 2.9802322e-08 0.203125
vt 0 0
vt 0.75331116 1
vt -0.45073235 0.5364421
vt 0.94060034 0.41028726
vt 0.4375 0.203125
vt 0.5009318 0.5004189
vt 0.45874679 0.40624219
vt 2.9802322e-08 0.203125
vt 0.29928625 0.5004189
vt 0.54125321 0.55111891
vt 0.21875 0
vt -0.17215842 0.50041884
vt 0.5338757 0.30256236
vt 0.4375 0.203125
vt 0.49595416 0.53747004
vt 1 0.50457662
vt 0.21875 0.203125
vt -0.11286631 0.5364421
vt 0.74350226 0.70425111
vt 0.21875 0
vt 1.432532 0.44740814
vt 0.49826199 0
vt 1.1270609 0.5004189
vt 0.21875 0.203125
vt 0.21419853 0.203125
vt 1.2855051 0.44740814
vt 0.99695623 0.70916784
vt 0.26651913 0.50457662
vt 0.49826199 0
vt 0.7764321 0.55111891
vt 0 0.4095737
vt 0.72526586 0.45278448
vt 0.7764321 0.55111891
vt 0.23517889 0.40624219
vt 1.499269 0.44740811
vt 0.46736503 0.44980022
vt 5.9604645e-08 0.55111891
vt 0.50078785 0.44980022
vt 0.066008426 0.95227635
vt 0.097543091 0.44980022
vt -0.11286631 0.4481861
vt 0.62734348 0.82108563
vt 0.94060034 0.53747004
vt 0.23517889 0.45278448
vt -0.0003426075 0.60041702
vt 1 0.203125
vt -0.0003426075 0.8920185
vt 0.66886675 0.5004189
vt 0.38724923 0.83874315
vt 0.67908669 0.44965622
vt 0.5000087 0.58674151
vt 0.44058365 0.15644431
vt 1 0.203125
vt 0.296875 0.203125
vt 0.66672039 0.12938303
vt 2.9802322e-08 0.40625
vt 1 0.40625
vt 0.18221366 0.44980022
vt 0.76552641 0.44980022
vt 1.2950513 0.44980025
vt 0.78345239 0.70916784
vt 0.24637589 1
vt 0.26562184 0.5004189
vt 1.0000088 -5.0663948e-06
vt 1 0.40625
vt 0.96691215 0.17820102
vt -0.14842905 0.53698963
vt 0.40397611 0.12896389
vt -0.17212766 0.44980022
vt -8.7618828e-06 -5.0663948e-06
vt 1.1270826 0.5004189
vt 1 0.45278448
vt 0.42228514 0.17459679
vt 0.38328278 0.5575605
vt 1 0.45278448
vt 0.2638841 -0.15544493
vt 0.6167345 0.55756027
vt 1.1739689 0.5004189
vt 0.29239374 0.44740817
vt 0 -1.6624108e-07
vt 1 0
vt -8.9406967e-08 1
vt 0.99695563 0.60337919
vt 0.32316753 0.53504556
vt 1.0879757 0.41028726
vt -0.12524128 0.44980022
vt 0.2435853 0.41238776
vt 0.59792376 0.5004189
vt 1 0
vt 0.26393265 0.92766833
vt 0.38377619 0.53698963
vt -0.0003426075 0.12491626
vt 0.26393265 0.5034402
vt 0.46713853 0.44818616
vt 0 0
vt 0.40427226 0.5004189
vt 0.03308773 0.1782009
vt 0.70832837 0.53747004
vt 0.86452794 0.50180167
vt 0.99695623 0.82744312
vt 0.57220715 0.5004189
vt 0.70832837 0.50042635
vt 0.50173783 1
vt 0.68883169 0.60337919
vt 0.61722207 0.55755991
vt -0.064693928 0.44965619
vt 0.50173783 1
vt 0.26393265 0.605129
vt 0.2665571 0.4991973
vt 0.12507126 0.44965622
vt 1.0000087 -5.1856041e-06
vt 0.46713853 0.50013566
vt 0.25895521 0
vt 1.0601245 0.44965625
vt 0.19685084 0.31679958
vt 1 0.5488342
vt 1.0601245 0.50180167
vt 0.44040805 0.59975117
vt 0.7764321 0.50457662
vt 0.48590243 0.71542692
vt 1 0.20383763
vt 0.18206924 0.5004189
vt 0.90417653 0.5004189
vt 0.28604126 0.60041702
vt 0.26393265 0.079084158
vt 0.74073184 0.0039062798
vt 0.8703686 0.44980022
vt -8.7618828e-06 5.0663948e-06
vt 0.99999154 0.41238776
vt 0.54125321 0.50457662
vt 0.055311039 0.44773307
vt 0.35014802 0.5004189
vt -0.028612494 0.50041884
vt 1.499269 0.44740811
vt 0.54125321 0.50457662
vt -0.11286631 0.5001356
vt 0.38377619 0.41238776
vt 0.76552641 0.44980022
vt 1 1
vt 0.515625 0.203125
vt 0.99695611 1.0393867
vt 0.19685084 0.70013511
vt 0.296875 0.40625
vt 0.40427226 0.5004189
vt 0.38327205 0.55756003
vt -0.0003426075 0.60041702
vt 0.60507929 0.44773307
vt 1 1
vt 0.515625 0.203125
vt 1 0.40624219
vt 0.53387576 0.70425111
vt 0.4303773 0.065070212
vt 0.46713853 0.41180012
vt 0.296875 0.40625
vt 1.1269412 0.44980025
vt 0.063065231 0.89201838
vt 0.75 0.203125
vt 0.042682454 0.50041884
vt 0.75 0
vt 1 0.40624219
vt -0.17218041 0.44980022
vt 0.6666193 0.53644216
vt -0.0003426075 0.5084818
vt -0.3062959 0.4481861
vt -0.064693928 0.4158774
vt 0.26562184 0.5004189
vt 1.0721117 0.44980022
vt 0.40412828 0.5004189
vt 0.097634017 0.5004189
vt -0.14842905 0.50182837
vt 0.515625 0
vt -0.12527227 0.50041884
vt 0.64029944 0.084128678
vt 2.9802322e-08 0.40624219
vt 1.1739471 0.44980025
vt 0.40289709 0.065516174
vt 0.54161173 0.53504556
vt 0.031329907 0.4481861
vt 0.28859603 1.0597219
vt 0.8703686 0.44980022
vt 0.25895524 0
vt 1.0879757 0.53746992
vt 0.50173777 1
vt 0.54161173 0.50180167
vt 0 0
vt 1 1
vt 0.64050096 0.12270868
vt 0.80696833 0.50182837
vt 0.99695563 0.60337919
vt 0.28859603 -0.052968636
vt 0.24637583 1
vt 1 0
vt -0.12524128 0.44980022
vt 1 0.50457662
vt 0.46713853 0.53644216
vt 0.671875 0.203125
vt 0.24637583 1
vt 0.6666193 0.44818616
vt 0.031329907 0.5001356
vt 0.70228964 0.5004189
vt 0.46736509 0.5004189
vt 0.75331116 1
vt -0.12521994 0.50041884
vt 1 0.50457662
vt 0.74350238 0.18572773
vt 0.8703686 0.5004189
vt 0.45874679 0.40624219
vt 2.9802322e-08 0.203125
vt 0 0.203125
vt 0 0
vt 0.75331116 1
vt 1.029917 0.5004189
vt 0.99695623 0.82744312
vt 0.35014802 0.44980022
vt 0.57220715 0.5004189
vt 1 0
vt 0.36106974 0.10646677
vt 0.72081113 1.0304481
vt 0.33792251 0.079084158
vt 0.40421939 0.5004189
vt 1 0.203125
vt 0 0.203125
vt 0 0
vt 0.21875 0
vt 0.659217 0.10291141
vt 0.65954733 0.10330385
vt 0.23517889 0.40624219
vt 0.8703686 0.44980022
vt 0.70832837 0.44740814
vt 0.25911927 0.41180006
vt 1.0879757 0.50042635
vt 0.54161173 0.44965622
vt -0.085013226 0.53698963
vt 0.86452794 0.53504556
vt 0.54161173 0.41587746
vt 0.99609381 0.061465323
vt 0.37915671 0.08815378
vt 0.81989765 0.44980025
vt 0.92538261 0.91273218
vt -0.085013226 0.44773307
vt 0.055311039 0.53698963
vt 5.9604645e-08 0.55111891
vt 0.26393265 0.079084158
vt 0.74350238 0.50340664
vt 0 1
vt 5.9604645e-08 0.50457662
vt 0.75 0
vt 0.80696833 0.44773307
vt 2.9802322e-08 0.40625
vt 5.9604645e-08 0.55111891
vt 0.90854788 0.32410389
vt 1.0879757 0.44740811
vt -0.00034284592 1.0115989
vt 0.75 0
vt 0.40421939 0.44980022
vt 0.40397611 0.15644813
vt 0.14981377 0.41165239
vt 0.2435853 0.44773307
vt 0.7435469 1.12473
vt 0.296875 0.203125
vt 2.9802322e-08 0.45278448
vt 0.99626094 0.50180167
vt 0.75 0.203125
vt 0.72526586 0.40624219
vt 0.49826211 0
vt 0.99695611 1.0393867
vt 1.0721117 0.44980022
vt 0.097634017 0.5004189
vt 0.296875 0.203125
vt 2.9802322e-08 0.45278448
vt 0.70228964 0.44980022
vt 0.055311039 0.50182837
vt 0.75 0.203125
vt 0.49826211 0
vt 0.25911927 0.50013566
vt 0.61431968 0.12989789
vt 0.70832837 0.41028723
vt 0.24637589 1
vt 0.097543091 0.5004189
vt -0.45073235 0.5001356
vt 0.99695551 -0.027693748
vt 0.86452794 0.44965625
vt 0.76552641 0.5004189
vt 0.96691185 0.1791665
vt 0.097687304 0.44980022
vt 0.96691215 0.17820078
vt 0.097686768 0.5004189
vt 0.99999154 0.53698963
vt 0.74350202 0.30256236
vt 1.1976331 0.44980025
vt 1 0
vt -0.17215842 0.50041884
vt 0.01846981 0.0055300049
vt 0.5338757 0.30256236
vt 0.99626094 0.41587746
vt -0.17224926 0.44980022
vt -0.17227119 0.50041884
vt -0.11286631 0.41180006
vt 1.432532 0.44740814
vt -0.3062959 0.5364421
vt 0.59792376 0.44980022
vt 0.99609381 0.061465323
vt 0.031329907 0.41180006
vt 0.59744745 0.44980022
vt -0.00037944317 -0.072636597
vt 0.99626094 0.53504562
vt 0.702411 0.5004189
vt 0.7435025 1.0306822
vt 1.4992688 0.41028726
vt 0.43528634 0.11320144
vt 0.99695575 0.40831438
vt 1 0
vt -0.17210627 0.50041884
vt 1.029917 0.5004189
vt 1 0.55111891
vt 1 0
vt 0.671875 0.40625
vt 0.94060034 0.50042635
vt 0.26651913 0.55111891
vt 0.14010064 0.44980022
vt 1 0.55111891
vt 0.87807196 0.18425062
vt 0.54125321 0.50457662
vt -8.7618828e-06 -5.1856041e-06
vt 0.96689475 0.1782009
vt 0.74073184 0.0039062798
vt 0.67407733 0.90533632
vt 0 0
vt 0.01846981 1.0114049
vt 0.99609399 0.061465561
vt 0.66672039 0.12938303
vt 0.34258366 0.060709655
vt -0.11286631 0.4481861
vt 0.21419853 0
vt 0.62734348 0.82108563
vt 0.10766029 0.2053113
vt -0.00034284592 0.31679958
vt 0.97269261 1.0393867
vt 0.26655686 0.49919695
vt 0.21419853 0
vt 0.38377619 0.50182837
vt 0.74073178 0.0039062798
vt -0.00034284592 1.0115989
vt 0.81965113 0.44980025
vt 1 1
vt 0.515625 0.203125
vt 1.1738343 0.44980025
vt 0 0.203125
vt 1 0.4095737
vt 0.78345227 0.30252582
vt 0.4375 0.40625
vt 2.9802322e-08 0.40624219
vt 1.0304008 0.5004189
vt 0.40397611 0.12896389
vt 0.49595416 0.41028726
vt 0.75331122 1
vt -0.3062959 0.41180006
vt 2.9802322e-08 0.40624219
vt 0.25895524 0
vt -0.00034284592 0.0053359321
vt 0.9041543 0.44980025
vt 0.49595416 0.50042635
vt 0.031329896 0.5364421
vt 0.2435853 0.41238776
vt 0.042682573 0.44980022
vt 0.29943079 0.44980022
vt 0.45874679 0.45278448
vt 0.25895524 0
vt 0.80696833 0.53698963
vt 0.38377619 0.53698963
vt 0.7435469 -0.1179169
vt -0.12538493 0.50041884
vt 0.14010064 0.44980022
vt 1 0
vt 0.7435025 -0.023868755
vt 0.90853179 0.3241083
vt 0.70832837 0.53747004
vt 0.76552641 0.5004189
vt 0.73346031 0.4991973
vt 0.70832837 0.50042635
vt 0.097687304 0.44980022
vt 1.2855051 0.41028723
vt 0.26393253 0.29145283
vt 0.99607623 0.061474383
vt 0.671875 0.203125
vt 1.1270609 0.5004189
vt 1 0.4095737
vt 0 0
vt 0.59759146 0.5004189
vt 0.34258366 0.08815378
vt 0.45874679 0.40624219
vt 0.38377619 0.44773307
vt 0.74350238 0.82108575
vt 0.81965053 0.5004189
vt 1 1
vt 0.54125321 0.55111891
vt 0.21875 0
vt 0.67407715 0.1014771
vt 0.19685084 0.31679958
vt 0.4375 0.203125
vt 1 0.50457662
vt 0.21875 0.203125
vt 0.54125321 0.55111891
vt 0.21875 0
vt 0.32316756 0.44965622
vt 0.59792376 0.44980022
vt 1.432532 0.41028723
vt 0.96691179 0.17916662
vt -0.0003426075 0.81162339
vt 1 0.41144061
vt 0.21875 0.203125
vt -0.45073235 0.5364421
vt 0.90854943 0.32410842
vt 0.21419853 0.203125
vt 1.1270607 0.44980025
vt 0.10432041 0.81162328
vt 0.99695563 0.18425062
vt 0.99695623 0.91273218
vt 0.063065231 0.12491626
vt 0.26651913 0.50457662
vt 0.49826199 0
vt 0.14010064 0.44980022
vt 0.18216002 0.5004189
vt 1.1739471 0.5004189
vt 0.5000087 0.58674175
vt 0.2923938 0.50042635
vt 1.4992688 0.41028726
vt 0.26651913 0.50457662
vt 0.72526586 0.45278448
vt 0.7764321 0.55111891
vt 0.042682573 0.44980022
vt 0.98758566 0.44980025
vt 0.23517889 0.40624219
vt 0.18221298 0.5004189
vt -0.11286631 0.5001356
vt 0.96689475 0.17917365
vt 5.9604645e-08 0.55111891
vt 1.2855051 0.44740814
vt 0.097543091 0.44980022
vt 0.99695623 0.70916784
vt 0.38724911 0.1677247
vt 0.055311039 0.41238776
vt 0.25911927 0.5364421
vt 0.60507929 0.44773307
vt 0.23517889 0.45278448
vt 0.37915671 0.060704887
vt 0.4303773 0.065070212
vt 1 0
vt -0.51626837 0.41180003
vt 0.063065231 0.89201838
vt 0.042682454 0.50041884
vt 1 0.203125
vt 0.296875 0.203125
vt 2.9802322e-08 0.40625
vt 1 0.40625
vt -0.51626837 0.5001356
vt -0.028703213 0.44980022
vt 0.6666193 0.53644216
vt 0.94060034 0.53747004
vt 0.24637589 1
vt 1 0.40625
vt 0.99695599 0.30252582
vt 0.64029944 0.084128678
vt 0.6666193 0.50013566
vt 0.74350238 0.90533632
vt 0.38724923 0.83874315
vt 0.67908669 0.44965622
vt 2.9802322e-08 0.45278448
vt 0.59759194 0.44980022
vt 0.25911927 0.44818616
vt 0.14010064 0.50041884
vt 0.75 0.203125
vt 0.72526586 0.40624219
vt 0.00390625 0.061465561
vt 1.1738343 0.44980025
vt 1 0.45278448
vt 0.99626094 0.44965625
vt 0.29239374 0.41028726
vt 0.54161173 0.50180167
vt 0.81962818 0.5004189
vt 1.1270826 0.5004189
vt 1.1270826 0.44980025
vt 0.28604126 0.41617987
vt 1.0304008 0.44980025
vt 0.98758566 0.44980025
vt 0.74350226 0.1014771
vt -0.12529439 0.44980022
vt 0.29943079 0.44980022
vt 0.2638841 -0.15544493
vt 1 0
vt 0.065491922 0.95241892
vt 1.1739689 0.5004189
vt 0 0
vt 0.72081113 1.0304481
vt 0.32316753 0.53504556
vt 0 0
vt 0.46713853 0.53644216
vt 1.0601245 0.41587746
vt 0.65954733 0.10330385
vt 0.50173783 1
vt 0.70832837 0.44740814
vt 0.74350238 0.82108575
vt 0.86452794 0.50180167
vt 0.25895521 0
vt -0.14842905 0.44773307
vt 0 0
vt 0 0.5488342
vt 0.7764321 0.50457662
vt 0.54161173 0.41587746
vt 1.432532 0.41028723
vt 0.68883169 0.60337919
vt 0.92538261 0.91273218
vt -0.0003426075 0.81162339
vt 0.097543091 0.44980022
vt 1.499269 0.50042623
vt 0.18206921 0.44980022
vt 0.74073184 0.0039062798
vt 1.0000088 -5.0663948e-06
vt 0.80696833 0.44773307
vt 1.1270831 0.5004189
vt 0.12507126 0.44965622
vt 0.46713853 0.50013566
vt 0.702411 0.44980022
vt 1.0601245 0.44965625
vt 0.6667785 0.077495456
vt 1.0601245 0.50180167
vt 0.54161173 0.44965622
vt 0.54125321 0.50457662
vt 0.99634755 1.1376847
vt 0.26651913 0.55111891
vt 0.2435853 0.44773307
vt 0.26393241 1.0599761
vt 0.40780252 0.11320239
vt 0.44058365 0.12896866
vt 0.54125321 0.50457662
vt 0.28604126 0.60041702
vt 0.99626094 0.50180167
vt -0.14842905 0.41238776
vt 1.0298796 0.44980025
vt 1 1
vt 0.26562184 0.44980022
vt 0.99999154 0.41238776
vt 0.055311039 0.44773307
vt 0 0
vt 1 1
vt 1.1739689 0.44980025
vt 0.61431968 0.12989789
vt 0.18216005 0.44980022
vt 0.296875 0.40625
vt 0.59792376 0.5004189
vt 1.0721117 0.5004189
vt -0.51626837 0.41180003
vt 0.75 0.203125
vt 0.58455563 0.40175048
vt 0.75 0
vt 1 0.40624219
vt 0.38377619 0.41238776
vt 1.029933 0.44980025
vt 0.26653945 0.49919707
vt 0.2923938 0.53747004
vt 0.74073178 0.0039062798
vt 0.99695575 0.098960996
vt 0.86452794 0.44965625
vt 0.515625 0
vt 0.53387576 0.70425111
vt 0.70832837 0.41028723
vt 0.46713853 0.41180012
vt 0.59759194 0.44980022
vt 0.091452233 0.32410389
vt 0.99999154 0.53698963
vt 2.9802322e-08 0.40624219
vt 0.75331122 1
vt 0.34694028 0.50340712
vt 0.25895524 0
vt 0.01846981 0.0055300049
vt 0.50173777 1
vt 0.99626094 0.41587746
vt -0.14842905 0.50182837
vt 1 0
vt 0.2435853 0.53698963
vt 0.50173777 1
vt -0.12536293 0.44980022
vt 1.2855051 0.53746992
vt 0.24637583 1
vt 1 0
vt 1.2950513 0.44980025
vt 0.98758566 0.5004189
vt 1 0.50457662
vt 0.671875 0.203125
vt 0.24637583 1
vt 1.0879757 0.53746992
vt 0.9999997 1.0000002
vt 0.26562184 0.44980022
vt -8.7618828e-06 5.0663948e-06
vt 0.75331116 1
vt 0.065822229 0.95281136
vt 0.43528634 0.11320144
vt 0.45874679 0.40624219
vt 2.9802322e-08 0.203125
vt 0.80696833 0.50182837
vt -0.17210627 0.50041884
vt 0.99999154 0.50182837
vt -0.0042038113 0.44980022
vt 0.75331116 1
vt -0.028612494 0.50041884
vt 0.4375 0.203125
vt 1.0000086 5.1856041e-06
vt 0.18221298 0.5004189
vt 1 0.203125
vt 0 0.203125
vt 0 0
vt 1.0601245 0.41587746
vt 0.54125321 0.55111891
vt 0.21875 0
vt 0.031329907 0.5001356
vt -0.45073235 0.41180003
vt 0.90854943 0.3241083
vt 0.87807196 0.18425062
vt 1.1270831 0.5004189
vt 0.23517889 0.40624219
vt 0.74350238 0.18572773
vt 0.70243406 0.44980022
vt 0.2435853 0.50182837
vt 0.49999976 0.58674175
vt -0.0003426075 0.2053113
vt 0.67407733 0.90533632
vt 0.50078785 0.5004189
vt 0.49826199 0
vt 0.01846981 1.0114049
vt 0.90417719 0.44980025
vt 0.33792251 0.079084158
vt 0.12507126 0.50180167
vt 0.26651913 0.50457662
vt 0.26393265 0.16772509
vt 0.7764321 0.55111891
vt 0.34258366 0.060709655
vt 1.432532 0.53746992
vt 0.67908669 0.41587746
vt 0.40290177 0.028921127
vt 0.49999997 0.58674163
vt 0.36075103 0.10614961
vt 0.25911927 0.41180006
vt 0.40412828 0.44980022
vt 0 1
vt 0.97269261 1.0393867
vt 0.097634017 0.5004189
vt 1 1
vt 5.9604645e-08 0.50457662
vt 0.38328278 0.55756003
vt 2.9802322e-08 0.40625
vt 1.0601245 0.44965625
vt 5.9604645e-08 0.55111891
vt 1.0601245 0.50180167
vt -0.028091073 0.44980022
vt -0.085013226 0.53698963
vt 0 1
vt 0.99607623 0.061474383
vt 0.86452794 0.53504556
vt 5.9604645e-08 0.50457662
vt 0.75 0
vt 0.81962818 0.44980025
vt 0.37915671 0.08815378
vt 0.6666193 0.41180012
vt -0.085013226 0.44773307
vt 0.78345227 0.30252582
vt 0.296875 0.203125
vt 0.40412828 0.44980022
vt 0.74350238 0.50340664
vt 0.75 0.203125
vt 0.72526586 0.40624219
vt 0.097634017 0.44980022
vt 1.0298796 0.44980025
vt 1.0000002 0.99999994
vt -0.3062959 0.41180006
vt 1.0879757 0.44740811
vt 0 0.20383763
vt 0.296875 0.203125
vt 2.9802322e-08 0.45278448
vt 0 1
vt 0.75 0.203125
vt 0.24637589 1
vt 1.1739689 0.44980025
vt 0.49826211 0
vt 1 0.40625
vt 0.99634731 -0.12599152
vt 0.99695575 0.50584662
vt 0.46736503 0.44980022
vt 0.18216005 0.44980022
vt 0.12507126 0.41587743
vt 1.0721117 0.5004189
vt 0.24637589 1
vt 0.7435469 1.12473
vt 0.26393265 -0.05322291
vt 1.432532 0.50042623
vt 1.3419377 0.44980025
vt 1.3419377 0.5004189
vt 0 0.4095737
vt 0.50093246 0.44980022
vt 0.87807256 0.82744312
vt 0.25911927 0.50013566
vt 0.43528634 0.076600611
vt 0.49595416 0.50042635
vt -0.085013226 0.41238776
vt 0.81989765 0.44980025
vt 1.2950513 0.44980025
vt 0.62109464 0.10360718
vt 0.38377619 0.44773307
vt 1 0
vt 0.29928625 0.5004189
vt 0.99695551 -0.027693748
vt 0.60507929 0.53698963
vt 0.26393265 0.71542692
vt 1.2950513 0.5004189
vt -0.14842905 0.50182837
vt 0.32316756 0.44965622
vt 0.29943013 0.5004189
vt 0.18221298 0.5004189
vt -0.45073235 0.5364421
vt 0.8501839 0.41164929
vt 0.7334429 0.49919707
vt 0.67908669 0.53504556
vt -0.17227119 0.50041884
vt 0.90415406 0.44980025
vt 0.67908669 0.50180167
vt 8.9406967e-08 1.0000002
vt 0.031329907 0.41180006
vt 1.2855051 0.44740814
vt 1 0.55111891
vt 1 0
vt -0.00037944317 -0.072636597
vt 0.99626094 0.53504562
vt 0.671875 0.40625
vt 0.26651913 0.55111891
vt 0.7764321 0.50457662
vt 1 0.55111891
vt 0.74350238 0.18572773
vt 1.2855051 0.50042623
vt 0.70243406 0.44980022
vt 0.671875 0.40625
vt 0.74073184 0.0039062798
vt -0.0003426075 0.8920185
vt 0.66886675 0.5004189
vt 0.50078785 0.44980022
vt 0.74073184 0.0039062798
vt 0.033088207 0.17916662
vt 0.72081113 -0.023634687
vt 0.066008426 0.95227635
vt 0.59759146 0.5004189
vt 0.94060034 0.50042635
vt 0.21419853 0
vt 0.94060034 0.53747004
vt -0.14842905 0.53698963
vt -0.17212766 0.44980022
vt 0.35014802 0.44980022
vt 0.21419853 0
vt 0.65973353 0.10276884
vt 0.38724923 0.83874315
vt 0.67908669 0.44965622
vt 0.74073178 0.0039062798
vt 0.62734336 0.18572773
vt 0.37523174 0.5084818
vt 0 0.20760299
vt 1 1
vt 0.515625 0.203125
vt 0.50087911 0.5004189
vt 0.296875 0.40625
vt 0 0.203125
vt 0.75 0.203125
vt 0.10766029 0.2053113
vt 0.4375 0.40625
vt 0.75 0
vt -0.00034284592 0.31679958
vt 0.90415424 0.5004189
vt 2.9802322e-08 0.40624219
vt -8.9406967e-08 0.99999982
vt 0.66886675 0.44980022
vt 1.0000087 -5.1856041e-06
vt 0.75331122 1
vt 1.1270826 0.5004189
vt 0.75 0.203125
vt 0.38377619 0.50182837
vt 0.75 0
vt 0.40427282 0.44980022
vt 0.7334559 0.49919587
vt 0.42228514 0.17459679
vt 0.81965113 0.44980025
vt 0.74350238 0.59975117
vt 0.75331122 1
vt 0.99695575 0.50584662
vt 0.2638841 -0.15544493
vt 0.45874679 0.45278448
vt -0.0003426075 0.12491626
vt 0.29239374 0.44740817
vt 0.49595416 0.41028726
vt 0.40427226 0.5004189
vt 1 0
vt 0.90853179 0.3241083
vt 0 0
vt 0.091452122 0.32410389
vt 0.32316753 0.53504556
vt 0.031329896 0.5364421
vt 0.80696833 0.53698963
vt 0 0
vt 0.26393265 0.605129
vt 0.7435025 -0.023868755
vt -0.0042038113 0.50041884
vt 0.86452794 0.50180167
vt 0.54125321 0.55111891
vt -0.028559923 0.50041884
vt 0.4375 0.203125
vt 0.90415406 0.44980025
vt -0.00037944317 1.0895715
vt 1 0.50457662
vt 1.2855051 0.41028723
vt 0.54125321 0.55111891
vt 0.68883169 0.60337919
vt 0.90417653 0.5004189
vt 1 0.4095737
vt 0.21875 0.203125
vt 0.14981604 0.41164929
vt 0.21419853 0.203125
vt 0.34258366 0.08815378
vt 0.48590231 0.29145283
vt 1 0.203125
vt 0 0
vt -0.064693928 0.50180167
vt 0.26651913 0.50457662
vt 0.70243347 0.5004189
vt 0.49826199 0
vt 0.12507126 0.44965622
vt 0.091450691 0.3241083
vt 0.46713853 0.50013566
vt 0.92538249 0.098960996
vt 0.67407715 0.1014771
vt -0.17227119 0.50041884
vt 0.26651913 0.50457662
vt 0.48590243 0.71542692
vt 0.72526586 0.45278448
vt 0.7764321 0.55111891
vt 0.35014802 0.5004189
vt 0.18206924 0.5004189
vt 0.23517889 0.40624219
vt 0.28604126 0.60041702
vt 0.90415406 0.5004189
vt 0.99695563 0.18425062
vt 1.0304008 0.5004189
vt -0.00037944317 -0.072636597
vt 0.063065231 0.12491626
vt 0.38327193 0.55755991
vt 1.1739471 0.5004189
vt 0.99999154 0.41238776
vt 0.23517889 0.45278448
vt 0.055311039 0.44773307
vt 0.35014802 0.44980022
vt 0.96691179 0.17819399
vt 1.1269412 0.44980025
vt 0.2665441 0.49919587
vt 0.97269189 -0.027693748
vt 1.0000086 4.9471855e-06
vt 1 0.203125
vt 0.80696833 0.41238776
vt 0.38377619 0.41238776
vt 2.9802322e-08 0.40625
vt -0.028703213 0.44980022
vt 1.0000002 -5.9837475e-08
vt 0.38724911 0.1677247
vt -0.0003426075 0.5084818
vt 0.055311039 0.41238776
vt 0.25911927 0.5364421
vt 0.24637589 1
vt 1 0.40625
vt 0.72526586 0.40624219
vt 0.53387576 0.70425111
vt 0.46713853 0.41180012
vt 1 0
vt 1.197633 0.5004189
vt 2.9802322e-08 0.45278448
vt 0.4999913 0.58674151
vt 0.75 0.203125
vt 0.72526586 0.40624219
vt 0.29937726 0.44980022
vt 0.49826211 0
vt -0.17218041 0.44980022
vt -0.064693987 0.53504556
vt -0.51626837 0.5001356
vt 0.81989765 0.5004189
vt 8.7618828e-06 5.1856041e-06
vt 1 0.45278448
vt 1 2.9802322e-08
vt -0.00034284592 0.31679958
vt 0.40412828 0.5004189
vt 0.6935153 0.40831453
vt 0.99695599 0.30252582
vt 0.40427282 0.44980022
vt 0.25911927 0.44818616
vt 0.14010064 0.50041884
vt 0.99695563 0.60337919
vt 0.81965113 0.44980025
vt 0.74350238 0.59975117
vt 0.54161173 0.53504556
vt 0.50087911 0.44980022
vt 0.34694028 0.50340712
vt 0.59421194 0.50584662
vt 0.99626094 0.44965625
vt -0.00034284592 0.41618007
vt 1.0879757 0.53746992
vt 0.29239374 0.41028726
vt 0.46736509 0.5004189
vt -0.028559923 0.50041884
vt 0 0
vt 0 1
vt 0.80696833 0.50182837
vt 0.38327205 0.55755967
vt 0.60507929 0.41238776
vt 1.0304008 0.44980025
vt 0 0
vt 0.065491922 0.95241892
vt 1.1739689 0.5004189
vt 0.70228964 0.5004189
vt 0.031329907 0.5001356
vt 0.61431968 0.077249527
vt 0.99999112 5.0663948e-06
vt -0.085013226 0.50182837
vt 0.50173783 1
vt 0.065822229 0.95281136
vt 0.38326538 0.55756003
vt 0.7435025 -0.023868755
vt 0.2638841 1.1621974
vt 0.25895521 0
vt 0.44040805 0.59975117
vt -0.00037944317 1.0895715
vt 0.33792251 0.079084158
vt 0.7764321 0.50457662
vt 0.8501839 0.41164929
vt 0.25895521 0
vt 0.38965309 0.094890475
vt 1 0
vt 0.25911927 0.41180006
vt 0.99609363 0.061474502
vt 0 0.20383763
vt 0.26651913 0.55111891
vt -0.14842905 0.44773307
vt 1 0.55111891
vt 0.86452794 0.53504556
vt 0.40421939 0.44980022
vt 0.37915671 0.08815378
vt 0.671875 0.40625
vt 1.0601245 0.53504562
vt 0.26651913 0.55111891
vt -0.085013226 0.44773307
vt 0.055311039 0.53698963
vt 0.54125321 0.50457662
vt 1.499269 0.50042623
vt 0.90415406 0.5004189
vt 0.99695563 0.18425062
vt 0.00390625 0.061474383
vt -0.0282197 0.50041884
vt 0.36075103 0.10614961
vt 0.702411 0.44980022
vt 1.0879757 0.44740811
vt 0.99999154 0.44773307
vt 0.6667785 0.077495456
vt 0.033105254 0.17820102
vt -5.9604645e-08 -1.3178214e-07
vt 0.99634755 1.1376847
vt 0.296875 0.40625
vt 0.26393241 1.0599761
vt 0.75 0.203125
vt 0.75 0
vt 1 0.40624219
vt -0.14842905 0.41238776
vt 0.097543091 0.5004189
vt 0.74073178 0.0039062798
vt 0.60507929 0.50182837
vt 0.59744745 0.5004189
vt 0.4375 0.40625
vt 0.25911927 0.50013566
vt 0.43528634 0.076600611
vt -0.17210627 0.50041884
vt 0.26393265 0.83874393
vt 0.90415406 0.44980025
vt 0.515625 0
vt 0 0.203125
vt -0.51626837 0.4481861
vt 2.9802322e-08 0.40624219
vt 0.58455563 0.40175048
vt 0.99609399 0.061465561
vt 0.75331122 1
vt 0.33792275 0.92766857
vt 0.2923938 0.53747004
vt 0.99695575 0.098960996
vt -8.7618828e-06 -5.1856041e-06
vt 0.45874679 0.45278448
vt 0.81962818 0.5004189
vt 0.25895524 0
vt 0.85018373 0.41164929
vt 0.50173777 1
vt 0.50173777 1
vt 0.14010064 0.50041884
vt 1 0
vt 0.671875 0.203125
vt 0.68320894 0.5034402
vt 1.1270831 0.5004189
vt 0.24637583 1
vt 0.43038109 0.028921127
vt 0.671875 0.203125
vt -0.12527227 0.50041884
vt 0.45874679 0.40624219
vt 0.2435853 0.53698963
vt -0.0003426075 0.70013523
vt 2.9802322e-08 0.203125
vt 1.2855051 0.53746992
vt 0.75331116 1
vt 0.031329907 0.41180006
vt 0.32316753 0.50180167
vt 0.4375 0.203125
vt 0.45874679 0.40624219
vt 1 0.203125
vt 0 0.203125
vt 0.98758566 0.5004189
vt 0 0
vt 0.659217 0.10291141
vt 0.54125321 0.55111891
vt 0.99626094 0.53504562
vt 0.21875 0
vt 0.7435025 1.0306822
vt 0.21875 0.203125
vt 0.21419853 0.203125
vt 0.99695575 0.40831438
vt 0.49826199 0
vt 0.99999154 0.50182837
vt 0 0
vt 0.21419853 0.203125
vt 0.58455575 0.60512865
vt 0.033088207 0.17819375
vt 1.499269 0.53746992
vt 0.54161173 0.41587746
vt 0.14983106 0.41165239
vt 0.26651913 0.50457662
vt 0.7764321 0.55111891
vt 0.94060034 0.50042635
vn 0 -0.93776232 0.34727779
vn 0 -0.99999994 -0.00049515232
vn -8.15741e-08 -0.99999982 -0.0004957096
vn -2.6156039e-07 -0.93776232 0.34727773
vn 0.29801795 -0.95456028 -1.8918232e-07
vn 0.4916456 -0.87079537 -1.4197774e-07
vn 0.52573234 -0.85065007 5.5554583e-08
vn 0.34694645 -0.93788499 -6.203372e-08
vn 0.4916456 -0.87079537 -1.4197774e-07
vn 0.6831708 -0.7302587 1.5917568e-07
vn 0.7264542 -0.68721485 3.346052e-07
vn 0.52573234 -0.85065007 5.5554583e-08
vn 0.6831708 -0.7302587 1.5917568e-07
vn 0.87158668 -0.49024111 0.00037891921
vn 0.88468343 -0.46619153 0.00077693484
vn 0.7264542 -0.68721485 3.346052e-07
vn 0.87158668 -0.49024111 0.00037891921
vn 0.94819313 -0.31769034 0.0016705449
vn 0.9522205 -0.30541137 7.6856149e-06
vn 0.88468343 -0.46619153 0.00077693484
vn 0.94819313 -0.31769034 0.0016705449
vn 0.99122226 -0.13207263 -0.0059334515
vn 0.9522205 -0.30541137 7.6856149e-06
vn -9.5932329e-08 -1 1.2716128e-09
vn -0.2980172 -0.95456046 2.0448309e-07
vn -0.34694597 -0.93788505 1.0956682e-07
vn 6.3559128e-07 -1 5.4041651e-09
vn -2.8600078e-07 -0.87079531 0.49164563
vn -9.9427517e-08 -0.85065007 0.52573234
vn 0 -0.68721527 0.72645378
vn 0 -0.73025852 0.68317091
vn 0 -0.73025852 0.68317091
vn 0 -0.68721527 0.72645378
vn 2.2628386e-07 -0.46657217 0.8844831
vn 3.3362431e-07 -0.4903006 0.87155336
vn 3.3362431e-07 -0.4903006 0.87155336
vn 2.2628386e-07 -0.46657217 0.8844831
vn 3.7441973e-07 -0.307843 0.95143723
vn 5.3335333e-07 -0.31993541 0.94743943
vn 5.3335333e-07 -0.31993541 0.94743943
vn 3.7441973e-07 -0.307843 0.95143723
vn 2.7592941e-07 -0.12968731 0.99155498
vn 0.34694603 -0.93788511 -8.1374975e-07
vn 0.52520275 -0.85097706 -7.0608354e-07
vn 0.52467275 -0.85130411 9.2856638e-08
vn 0.34694603 -0.93788511 -4.5004608e-08
vn -8.6049295e-07 -1 2.5061855e-14
vn -0.34694654 -0.93788499 -9.1749008e-09
vn -0.34694642 -0.93788499 8.3354578e-08
vn -2.2001242e-07 -1 4.0506955e-14
vn 3.4282104e-07 -0.9545604 -0.29801738
vn 1.8155365e-07 -0.93788505 -0.34694606
vn 1.010963e-07 -0.85065019 -0.52573222
vn 2.9243938e-07 -0.8711561 -0.4910062
vn 2.9243938e-07 -0.8711561 -0.4910062
vn 1.010963e-07 -0.85065019 -0.52573222
vn 0 -0.68721527 -0.72645378
vn 0 -0.7291373 -0.6843673
vn 0 -0.7291373 -0.6843673
vn 0 -0.68721527 -0.72645378
vn -0.00075794745 -0.46621051 -0.88467354
vn -0.00035526729 -0.48959625 -0.8719492
vn -0.00035526729 -0.48959625 -0.8719492
vn -0.00075794745 -0.46621051 -0.88467354
vn -0.0017887016 -0.30790254 -0.95141619
vn -0.0016558566 -0.32052872 -0.94723737
vn -0.0016558566 -0.32052872 -0.94723737
vn -0.0017887016 -0.30790254 -0.95141619
vn -0.00082752301 -0.13032468 -0.99147105
vn 4.7966171e-07 -1 9.1488215e-15
vn 0.29801795 -0.95456028 -1.8918232e-07
vn 0.34694645 -0.93788499 -6.203372e-08
vn -2.2001242e-07 -1 4.0506955e-14
vn -0.49164531 -0.87079543 -1.7004512e-08
vn -0.6831699 -0.73025948 -6.9973578e-07
vn -0.7264536 -0.68721551 -1.0876572e-06
vn -0.52573234 -0.85065001 -4.1921882e-07
vn -0.6831699 -0.73025948 -6.9973578e-07
vn -0.87158787 -0.49023914 -0.00038479446
vn -0.88468546 -0.46618783 -0.00078108179
vn -0.7264536 -0.68721551 -1.0876572e-06
vn -0.87158787 -0.49023914 -0.00038479446
vn -0.9472456 -0.32050428 -0.0017083996
vn -0.95142108 -0.30788741 -0.0017909649
vn -0.88468546 -0.46618783 -0.00078108179
vn -0.9472456 -0.32050428 -0.0017083996
vn -0.99147034 -0.13032945 -0.00081862643
vn -0.95142108 -0.30788741 -0.0017909649
vn -0.2980172 -0.95456046 2.0448309e-07
vn -0.49164531 -0.87079543 -1.7004512e-08
vn -0.52573234 -0.85065001 -4.1921882e-07
vn -0.34694597 -0.93788505 1.0956682e-07
vn -0.88483977 -0.46589422 0.0010392121
vn -0.95161486 -0.30728847 0.0017122022
vn -0.95142013 -0.30789068 0.0017906812
vn -0.88468307 -0.46619231 0.00077625387
vn -0.5257321 -0.85065025 -1.2081858e-07
vn -0.72645348 -0.68721557 -1.2208284e-07
vn -0.72645348 -0.68721557 -1.830721e-07
vn -0.52573216 -0.85065019 -5.1857064e-08
vn -0.95161486 -0.30728847 0.0017122022
vn -0.99254739 -0.12185732 0.00068200141
vn -0.99147046 -0.13032892 0.00082038034
vn -0.95142013 -0.30789068 0.0017906812
vn -0.72645348 -0.68721557 -1.2208284e-07
vn -0.88483977 -0.46589422 0.0010392121
vn -0.88468307 -0.46619231 0.00077625387
vn -0.72645348 -0.68721557 -1.830721e-07
vn -3.3819816e-07 -0.9545604 0.29801726
vn -1.7890935e-07 -0.93788505 0.34694627
vn -9.9427517e-08 -0.85065007 0.52573234
vn -2.8600078e-07 -0.87079531 0.49164563
vn -0.0017331634 -0.30730197 0.95161051
vn -0.0010395792 -0.46591574 0.88482857
vn -0.00075837143 -0.4662109 0.8846733
vn -0.0017892651 -0.30790323 0.95141608
vn 0 -0.68721497 0.72645414
vn 0 -0.85020334 0.52645457
vn 4.1830795e-08 -0.85020316 0.52645475
vn 1.4477308e-07 -0.68721503 0.72645402
vn 1.3200749e-07 -0.99999994 -7.8019673e-07
vn 0.34694603 -0.93788511 -8.1374975e-07
vn 0.34694603 -0.93788511 -4.5004608e-08
vn 6.3559128e-07 -1 5.4041651e-09
vn -0.0007025596 -0.12184664 0.9925487
vn -0.0017331634 -0.30730197 0.95161051
vn -0.0017892651 -0.30790323 0.95141608
vn -0.00082779699 -0.13032453 0.99147105
vn -0.0010395792 -0.46591574 0.88482857
vn 0 -0.68721497 0.72645414
vn 1.4477308e-07 -0.68721503 0.72645402
vn -0.00075837143 -0.4662109 0.8846733
vn 0 -0.85020334 0.52645457
vn 0 -0.93776232 0.34727779
vn -2.6156039e-07 -0.93776232 0.34727773
vn 4.1830795e-08 -0.85020316 0.52645475
vn 0.95188296 -0.30645663 -0.0017849377
vn 0.99254715 -0.12185934 -0.00067712733
vn 0.9914704 -0.13032945 -0.00081862585
vn 0.95142096 -0.30788773 -0.0017909691
vn 0.72725457 -0.68636775 -2.2129582e-07
vn 0.88540262 -0.46482474 -1.9358446e-07
vn 0.8858065 -0.46405405 -0.00078046531
vn 0.72725439 -0.68636799 -7.5357981e-08
vn -0.34694654 -0.93788499 -9.1749008e-09
vn -0.5257321 -0.85065025 -1.2081858e-07
vn -0.52573216 -0.85065019 -5.1857064e-08
vn -0.34694642 -0.93788499 8.3354578e-08
vn 0.88540262 -0.46482474 -1.9358446e-07
vn 0.95188296 -0.30645663 -0.0017849377
vn 0.95142096 -0.30788773 -0.0017909691
vn 0.8858065 -0.46405405 -0.00078046531
vn 0.52520275 -0.85097706 -7.0608354e-07
vn 0.72725457 -0.68636775 -2.2129582e-07
vn 0.72725439 -0.68636799 -7.5357981e-08
vn 0.52467275 -0.85130411 9.2856638e-08
vn -1.6375809e-07 -1 -0.00018707165
vn -8.15741e-08 -0.99999982 -0.0004957096
vn 1.8155365e-07 -0.93788505 -0.34694606
vn 3.4282104e-07 -0.9545604 -0.29801738
vn 2.9785571e-07 -0.12121714 -0.99262601
vn 2.9638323e-07 -0.30784282 -0.95143729
vn 3.7441961e-07 -0.30784294 -0.95143718
vn 2.7592941e-07 -0.12968737 -0.99155486
vn 0 -0.46657214 -0.88448316
vn 0 -0.68721545 -0.72645366
vn 0 -0.68721533 -0.72645372
vn 2.262838e-07 -0.46657202 -0.88448316
vn 0 -0.85065031 -0.5257318
vn 0 -0.93788505 -0.34694624
vn 1.8033761e-07 -0.93788505 -0.34694612
vn 1.0032829e-07 -0.85065025 -0.52573204
vn -3.915853e-09 -0.99999267 0.003828896
vn 5.3887411e-10 -1 -3.9113314e-07
vn -1.7890935e-07 -0.93788505 0.34694627
vn -3.3819816e-07 -0.9545604 0.29801726
vn 2.9638323e-07 -0.30784282 -0.95143729
vn 0 -0.46657214 -0.88448316
vn 2.262838e-07 -0.46657202 -0.88448316
vn 3.7441961e-07 -0.30784294 -0.95143718
vn 0 -0.68721545 -0.72645366
vn 0 -0.85065031 -0.5257318
vn 1.0032829e-07 -0.85065025 -0.52573204
vn 0 -0.68721533 -0.72645372
vn 0 -0.93788505 -0.34694624
vn 0 -1 -7.9204455e-07
vn 5.3887411e-10 -1 -3.9113314e-07
vn 1.8033761e-07 -0.93788505 -0.34694612
vn -0.70695174 -0.00021504198 -0.70726174
vn -0.71696597 0.0010070808 -0.69710743
vn -0.71693838 0.0010077445 -0.69713575
vn -0.70695096 -0.0002159032 -0.70726252
vn 0.6995703 -0.028053643 -0.7140128
vn 0.70369953 -0.011910796 -0.71039796
vn 0.70370072 -0.011905678 -0.71039671
vn 0.6995703 -0.028053643 -0.7140128
vn 0.7081604 -0.005508909 0.70603019
vn 0.70714754 0.00095490069 0.70706546
vn 0.70714718 0.00095245522 0.7070657
vn 0.70816481 -0.005518843 0.70602566
vn 0.71064335 -0.014037906 -0.70341241
vn 0.71402001 -0.028072678 -0.69956213
vn 0.71402001 -0.028072678 -0.69956213
vn 0.71064222 -0.014033547 -0.70341355
vn -0.69955993 -0.028084649 0.71402174
vn -0.70341259 -0.01404224 0.71064299
vn -0.70341384 -0.014037577 0.71064198
vn -0.69955993 -0.028084649 0.71402174
vn 0.70710665 3.1330303e-06 -0.70710677
vn 0.71064335 -0.014037906 -0.70341241
vn 0.71064222 -0.014033547 -0.70341355
vn 0.70710665 3.1314908e-06 -0.70710683
vn -0.70607817 -0.00098865177 -0.70813322
vn -0.70695174 -0.00021504198 -0.70726174
vn -0.70695096 -0.0002159032 -0.70726252
vn -0.70607805 -0.00098878366 -0.70813328
vn -0.70952344 -0.0090941638 0.7046231
vn -0.71084172 -0.015992481 0.70317018
vn -0.71084064 -0.015988974 0.70317125
vn -0.70952713 -0.0091035357 0.70461935
vn -0.70341259 -0.01404224 0.71064299
vn -0.70710588 3.2206481e-06 0.7071076
vn -0.70710593 3.2206915e-06 0.70710766
vn -0.70341384 -0.014037577 0.71064198
vn 0.70714754 0.00095490069 0.70706546
vn 0.70699406 0.0023097624 0.70721573
vn 0.70699328 0.0023071256 0.70721644
vn 0.70714718 0.00095245522 0.7070657
vn 0.70369953 -0.011910796 -0.71039796
vn 0.70442224 0.013496946 -0.70965296
vn 0.70443362 0.013464296 -0.70964223
vn 0.70370072 -0.011905678 -0.71039671
vn 0.70710623 4.3718605e-06 -0.70710731
vn 0.70710665 3.1330303e-06 -0.70710677
vn 0.70710665 3.1314908e-06 -0.70710683
vn 0.70710623 4.3719133e-06 -0.70710731
vn -0.70839953 0.0013075894 -0.70581043
vn -0.70607817 -0.00098865177 -0.70813322
vn -0.70607805 -0.00098878366 -0.70813328
vn -0.70840251 0.0013100731 -0.70580739
vn -0.71403337 -0.012699422 0.69999653
vn -0.70952344 -0.0090941638 0.7046231
vn -0.70952713 -0.0091035357 0.70461935
vn -0.71404445 -0.012693986 0.69998533
vn -0.70710588 3.2206481e-06 0.7071076
vn -0.70710468 -9.1114686e-07 0.7071088
vn -0.70710474 -9.1105682e-07 0.70710886
vn -0.70710593 3.2206915e-06 0.70710766
vn 0.70699406 0.0023097624 0.70721573
vn 0.7051546 0.0016379108 0.70905155
vn 0.70515269 0.0016398939 0.70905364
vn 0.70699328 0.0023071256 0.70721644
vn 0.70442224 0.013496946 -0.70965296
vn 0.71584803 0.0072687259 -0.69821829
vn 0.71580124 0.0073188338 -0.69826579
vn 0.70443362 0.013464296 -0.70964223
vn 0.70710671 1.2388339e-06 -0.70710689
vn 0.70710623 4.3718605e-06 -0.70710731
vn 0.70710623 4.3719133e-06 -0.70710731
vn 0.70710671 1.2380365e-06 -0.70710683
vn -0.71232003 0.0012954588 -0.70185363
vn -0.70839953 0.0013075894 -0.70581043
vn -0.70840251 0.0013100731 -0.70580739
vn -0.71193862 0.0016135279 -0.70223981
vn -0.71414971 -0.0068328688 0.69995964
vn -0.71403337 -0.012699422 0.69999653
vn -0.71404445 -0.012693986 0.69998533
vn -0.71416289 -0.0068567018 0.69994599
vn -0.70710468 -9.1114686e-07 0.7071088
vn -0.70710593 -2.4776707e-06 0.7071076
vn -0.70710593 -2.4760759e-06 0.70710754
vn -0.70710474 -9.1105682e-07 0.70710886
vn 0.71584803 0.0072687259 -0.69821829
vn 0.72095042 -0.0029356808 -0.69298047
vn 0.72087467 -0.0028925806 -0.69305933
vn 0.71580124 0.0073188338 -0.69826579
vn 0.7051546 0.0016379108 0.70905155
vn 0.70185399 0.0012958571 0.71231967
vn 0.70223999 0.0016140183 0.71193844
vn 0.70515269 0.0016398939 0.70905364
vn 0.64424688 -0.41218027 0.64424628
vn 0.69736111 -0.16545191 0.69736159
vn 0.69736111 -0.16545191 0.69736159
vn 0.64424694 -0.41218024 0.64424634
vn 0.56896389 -0.59376884 0.56896275
vn 0.64424688 -0.41218027 0.64424628
vn 0.64424694 -0.41218024 0.64424634
vn 0.56896389 -0.59376878 0.56896281
vn 0.42859325 -0.79537177 0.42859268
vn 0.56896389 -0.59376884 0.56896275
vn 0.56896389 -0.59376878 0.56896281
vn 0.4285931 -0.79537195 0.42859247
vn 0.28375381 -0.91595185 0.28375351
vn 0.42859325 -0.79537177 0.42859268
vn 0.4285931 -0.79537195 0.42859247
vn 0.28375378 -0.91595185 0.28375351
vn 0.18050677 -0.96684909 0.18061002
vn 0.28375381 -0.91595185 0.28375351
vn 0.28375378 -0.91595185 0.28375351
vn 0.18050674 -0.96684921 0.18061002
vn -0.69736129 -0.16545241 0.69736123
vn -0.6442461 -0.41218126 0.64424652
vn -0.64424622 -0.41218081 0.64424664
vn -0.69736123 -0.16545241 0.69736123
vn -0.6442461 -0.41218126 0.64424652
vn -0.56896204 -0.59376967 0.56896365
vn -0.5689621 -0.59376967 0.56896365
vn -0.64424622 -0.41218081 0.64424664
vn -0.56896204 -0.59376967 0.56896365
vn -0.42858905 -0.79537636 0.42858821
vn -0.42859584 -0.79536903 0.42859501
vn -0.5689621 -0.59376967 0.56896365
vn -0.42858905 -0.79537636 0.42858821
vn -0.28339717 -0.91586679 0.28438365
vn -0.28337339 -0.9158814 0.28436038
vn -0.42859584 -0.79536903 0.42859501
vn -0.28339717 -0.91586679 0.28438365
vn -0.18009569 -0.96673071 0.18165161
vn -0.17954881 -0.96693581 0.18110061
vn -0.28337339 -0.9158814 0.28436038
vn 0.64423907 -0.41219717 -0.64424336
vn 0.69736099 -0.16545248 -0.69736159
vn 0.69736099 -0.16545248 -0.69736159
vn 0.64424503 -0.41217852 -0.64424932
vn 0.57061201 -0.59313375 -0.56797373
vn 0.64423907 -0.41219717 -0.64424336
vn 0.64424503 -0.41217852 -0.64424932
vn 0.57057953 -0.59319794 -0.56793946
vn 0.4315533 -0.79458946 -0.42707074
vn 0.57061201 -0.59313375 -0.56797373
vn 0.57057953 -0.59319794 -0.56793946
vn 0.43059126 -0.79562259 -0.42611733
vn 0.28015429 -0.91528451 -0.28942657
vn 0.4315533 -0.79458946 -0.42707074
vn 0.43059126 -0.79562259 -0.42611733
vn 0.27972838 -0.91551632 -0.2891053
vn 0.16964667 -0.96767569 -0.18661122
vn 0.28015429 -0.91528451 -0.28942657
vn 0.27972838 -0.91551632 -0.2891053
vn 0.17544998 -0.96539915 -0.19292971
vn -0.18009569 -0.96673071 0.18165161
vn -0.12303461 -0.98460525 0.124157
vn -0.12303461 -0.98460525 0.124157
vn -0.17954881 -0.96693581 0.18110061
vn 0.11616745 -0.98489815 -0.12837753
vn 0.16964667 -0.96767569 -0.18661122
vn 0.17544998 -0.96539915 -0.19292971
vn 0.11616745 -0.98489815 -0.12837753
vn -0.64420134 -0.41227823 -0.64422911
vn -0.69736111 -0.16545258 -0.69736135
vn -0.69736123 -0.16545258 -0.69736135
vn -0.64424306 -0.41214797 -0.64427084
vn -0.56113553 -0.59080124 -0.57972479
vn -0.64420134 -0.41227823 -0.64422911
vn -0.64424306 -0.41214797 -0.64427084
vn -0.56176078 -0.58979017 -0.5801487
vn -0.41709039 -0.79063082 -0.4482615
vn -0.56113553 -0.59080124 -0.57972479
vn -0.56176078 -0.58979017 -0.5801487
vn -0.41174468 -0.79661512 -0.44257283
vn -0.2765756 -0.91651154 -0.2889857
vn -0.41709039 -0.79063082 -0.4482615
vn -0.41174468 -0.79661512 -0.44257283
vn -0.276283 -0.91672027 -0.28860289
vn -0.18051717 -0.96684515 -0.1806213
vn -0.2765756 -0.91651154 -0.2889857
vn -0.276283 -0.91672027 -0.28860289
vn -0.18046355 -0.96686518 -0.18056777
vn 0.12364456 -0.98456728 0.1238514
vn 0.18050677 -0.96684909 0.18061002
vn 0.18050674 -0.96684921 0.18061002
vn 0.12364456 -0.98456728 0.1238514
vn -0.12361086 -0.98457742 -0.12380418
vn -0.18051717 -0.96684515 -0.1806213
vn -0.18046355 -0.96686518 -0.18056777
vn -0.12361086 -0.98457742 -0.12380418
vn -0.71084172 -0.015992481 0.70317018
vn -0.71394801 -0.027770229 0.69964784
vn -0.71394801 -0.027770229 0.69964784
vn -0.71084064 -0.015988974 0.70317125
vn -0.70548099 0.0014740312 -0.70872724
vn -0.70185167 0.0012967822 -0.712322
vn -0.70223778 0.0016151771 -0.71194059
vn -0.70547855 0.0014762746 -0.70872974
vn 0.71195376 -0.022077058 0.7018792
vn 0.7081604 -0.005508909 0.70603019
vn 0.70816481 -0.005518843 0.70602566
vn 0.71194166 -0.022007199 0.70189369
vn 0.7087236 0.0014722281 0.70548475
vn 0.7071057 -1.2388333e-06 0.7071079
vn 0.70710564 -1.2380361e-06 0.70710784
vn 0.70872593 0.0014744678 0.7054823
vn -0.71696597 0.0010070808 -0.69710743
vn -0.70470738 -0.0078550763 -0.7094546
vn -0.70461202 -0.0078939237 -0.70954889
vn -0.71693838 0.0010077445 -0.69713575
vn 0.70362097 -0.013137473 0.71045393
vn 0.70109427 -0.027787061 0.71252698
vn 0.70109427 -0.027787061 0.71252698
vn 0.70362067 -0.013139566 0.71045423
vn -0.70710629 1.2388338e-06 -0.70710725
vn -0.70548099 0.0014740312 -0.70872724
vn -0.70547855 0.0014762746 -0.70872974
vn -0.70710629 1.2380367e-06 -0.70710731
vn -0.71404487 -0.028780181 -0.69950807
vn -0.71077222 -0.014815262 -0.70326626
vn -0.71076959 -0.014804501 -0.70326912
vn -0.71404487 -0.028780181 -0.69950807
vn 0.7071057 -1.2388333e-06 0.7071079
vn 0.70718384 0.00014287612 0.7070297
vn 0.70718384 0.00014288048 0.7070297
vn 0.70710564 -1.2380361e-06 0.70710784
vn 0.71419865 -0.035435427 0.6990456
vn 0.71195376 -0.022077058 0.7018792
vn 0.71194166 -0.022007199 0.70189369
vn 0.71419865 -0.035435427 0.6990456
vn -0.70470738 -0.0078550763 -0.7094546
vn -0.68303174 -0.016544221 -0.73020118
vn -0.68303174 -0.016544221 -0.73020118
vn -0.70461202 -0.0078939237 -0.70954889
vn -0.70718277 -0.00013974475 -0.70703071
vn -0.70710629 1.2388338e-06 -0.70710725
vn -0.70710629 1.2380367e-06 -0.70710731
vn -0.70718277 -0.00013974869 -0.70703071
vn 0.70718384 0.00014287612 0.7070297
vn 0.70662487 0.00089820212 0.70758778
vn 0.70662469 0.00089840672 0.70758796
vn 0.70718384 0.00014288048 0.7070297
vn 0.71100438 0.0026270519 -0.7031827
vn 0.71231961 0.0012954556 -0.70185411
vn 0.7119382 0.0016135365 -0.70224023
vn 0.71100336 0.0026275294 -0.70318365
vn -0.70872468 0.0014710297 0.70548362
vn -0.7123186 0.0012941422 0.70185512
vn -0.71193719 0.0016118878 0.70224124
vn -0.70872724 0.0014732679 0.70548111
vn -0.70729995 -0.00056112843 -0.70691323
vn -0.70718277 -0.00013974475 -0.70703071
vn -0.70718277 -0.00013974869 -0.70703071
vn -0.70730007 -0.00056132465 -0.70691323
vn -0.70185512 0.0012955966 0.7123186
vn -0.70775634 0.00032793268 0.70645648
vn -0.70775056 0.0003318502 0.70646238
vn -0.70224124 0.0016136942 0.71193719
vn 0.70662487 0.00089820212 0.70758778
vn 0.70362097 -0.013137473 0.71045393
vn 0.70362067 -0.013139566 0.71045423
vn 0.70662469 0.00089840672 0.70758796
vn 0.72095042 -0.0029356808 -0.69298047
vn 0.71100438 0.0026270519 -0.7031827
vn 0.71100336 0.0026275294 -0.70318365
vn 0.72087467 -0.0028925806 -0.69305933
vn -0.71077222 -0.014815262 -0.70326626
vn -0.70729995 -0.00056112843 -0.70691323
vn -0.70730007 -0.00056132465 -0.70691323
vn -0.71076959 -0.014804501 -0.70326912
vn -0.70710593 -2.4776707e-06 0.7071076
vn -0.70872468 0.0014710297 0.70548362
vn -0.70872724 0.0014732679 0.70548111
vn -0.70710593 -2.4760759e-06 0.70710754
vn -0.70775634 0.00032793268 0.70645648
vn -0.71414971 -0.0068328688 0.69995964
vn -0.71416289 -0.0068567018 0.69994599
vn -0.70775056 0.0003318502 0.70646238
vn 0.70552373 0.0014641398 -0.70868474
vn 0.70710671 1.2388339e-06 -0.70710689
vn 0.70710671 1.2380365e-06 -0.70710683
vn 0.70551646 0.0014709259 -0.70869207
vn 0.70551091 0.00010617721 0.70869899
vn 0.70551091 0.00010617721 0.70869899
vn 0.70550811 0.00010582773 0.70870179
vn 0.70550817 0.00010582792 0.70870185
vn -0.7009744 -0.008186128 -0.71313947
vn -0.7009744 -0.008186128 -0.71313947
vn -0.69956094 -0.0014398544 -0.71457154
vn -0.69956076 -0.0014389727 -0.71457171
vn -0.70743179 -1.738209e-05 0.70678169
vn -0.70743179 -1.738209e-05 0.70678169
vn -0.707434 -1.8406756e-05 0.70677948
vn -0.70743394 -1.8406698e-05 0.70677948
vn 0.00089153007 -0.67105877 -0.74140352
vn 0.00089069729 -0.67197841 -0.74057031
vn 0.00097006722 -0.57059288 -0.8212325
vn 0.8138141 -0.58112347 0.0014762306
vn 0.8145771 -0.58005351 0.0014655566
vn 0.77852869 -0.62760729 0.0014015682
vn 0.73610938 -0.67686141 0.0013351199
vn -0.0012737488 -0.58021623 0.81446153
vn 0.00082023494 -0.67818248 0.7348932
vn 0.0014289992 -0.70474273 0.70946157
vn -0.81397188 -0.58090299 -0.0011837857
vn -0.73511189 -0.6779449 -0.0010599301
vn -0.73527437 -0.67776865 -0.001060184
vn 0.0014289992 -0.70474273 0.70946157
vn 0.00082023494 -0.67818248 0.7348932
vn 0.0032050472 -0.77720165 0.62924343
vn 0.0032050472 -0.77720165 0.62924343
vn -0.69956076 -0.0014389727 -0.71457171
vn -0.69956094 -0.0014398544 -0.71457154
vn -0.69661421 0.0121238 -0.71734351
vn 0.70707899 1.6287418e-05 -0.7071346
vn 0.70707899 1.6284912e-05 -0.7071346
vn 0.7070846 1.776416e-05 -0.70712894
vn 0.70550817 0.00010582792 0.70870185
vn 0.70550811 0.00010582773 0.70870179
vn 0.70550257 0.00010512507 0.70870739
vn 0.70550257 0.00010512507 0.70870739
vn -0.70743394 -1.8406698e-05 0.70677948
vn -0.707434 -1.8406756e-05 0.70677948
vn -0.70743835 -2.0466983e-05 0.70677501
vn 0.00089153007 -0.67105877 -0.74140352
vn 0.00078266027 -0.77323687 -0.63411689
vn 0.00089069729 -0.67197841 -0.74057031
vn 0.77852869 -0.62760729 0.0014015682
vn 0.8145771 -0.58005351 0.0014655566
vn 0.81624216 -0.57770818 0.0014421854
vn -0.73511189 -0.6779449 -0.0010599301
vn -0.6309514 -0.77582186 -0.00089814968
vn -0.73527437 -0.67776865 -0.001060184
vn 0.77852869 -0.62760729 0.0014015682
vn 0.63333362 -0.7738781 0.0011485115
vn 0.73610938 -0.67686141 0.0013351199
vn 0.99230617 -0.123634 -0.0065679057
vn 0.99122226 -0.13207263 -0.0059334515
vn 0.99994648 -0.0073164003 -0.0073155672
vn 0.99994648 -0.0073164003 -0.0073155672
vn -0.71232003 0.0012954588 -0.70185363
vn -0.71193862 0.0016135279 -0.70223981
vn -0.71387041 0 -0.70027786
vn -0.71387041 0 -0.70027786
vn 2.7592941e-07 -0.12968731 0.99155498
vn 2.9785571e-07 -0.12121714 0.99262601
vn 0 0 1
vn 0 0 1
vn 2.9785571e-07 -0.12121714 -0.99262601
vn 2.7592941e-07 -0.12968737 -0.99155486
vn 0 0 -1
vn 0 0 -1
vn -0.70223778 0.0016151771 -0.71194059
vn -0.70185167 0.0012967822 -0.712322
vn -0.70027596 0 -0.71387213
vn -0.70027596 0 -0.71387213
vn 0.9914704 -0.13032945 -0.00081862585
vn 0.99254715 -0.12185934 -0.00067712733
vn 1 0 0
vn 1 0 0
vn -0.69736123 -0.16545258 -0.69736135
vn -0.69736111 -0.16545258 -0.69736135
vn -0.70710635 0 -0.70710719
vn -0.70710635 0 -0.70710719
vn -0.71193719 0.0016118878 0.70224124
vn -0.7123186 0.0012941422 0.70185512
vn -0.71386868 0 0.70027953
vn -0.71386868 0 0.70027953
vn 0.70223999 0.0016140183 0.71193844
vn 0.70185399 0.0012958571 0.71231967
vn 0.70027906 0 0.71386933
vn 0.70027906 0 0.71386933
vn -0.99254715 -0.12185939 -0.00067712832
vn -0.99147034 -0.13032945 -0.00081862643
vn -1 0 0
vn -1 0 0
vn -0.69736129 -0.16545241 0.69736123
vn -0.69736123 -0.16545241 0.69736123
vn -0.70710635 0 0.70710719
vn -0.70710635 0 0.70710719
vn 0.7119382 0.0016135365 -0.70224023
vn 0.71231961 0.0012954556 -0.70185411
vn 0.71386987 0 -0.70027846
vn 0.71386987 0 -0.70027846
vn -0.00082752301 -0.13032468 -0.99147105
vn -0.0007022745 -0.12184734 -0.99254858
vn 0 0 -0.99999994
vn 0 0 -0.99999994
vn 0.69736099 -0.16545248 -0.69736159
vn 0.69736099 -0.16545248 -0.69736159
vn 0.70710635 0 -0.70710719
vn 0.70710635 0 -0.70710719
vn -0.99147046 -0.13032892 0.00082038034
vn -0.99254739 -0.12185732 0.00068200141
vn -1 0 0
vn -1 0 0
vn 0.69736111 -0.16545191 0.69736159
vn 0.69736111 -0.16545191 0.69736159
vn 0.70710635 0 0.70710719
vn 0.70710635 0 0.70710719
vn -0.0007025596 -0.12184664 0.9925487
vn -0.00082779699 -0.13032453 0.99147105
vn 0 0 1
vn 0 0 1
vn -0.70185512 0.0012955966 0.7123186
vn -0.70224124 0.0016136942 0.71193719
vn -0.70027953 0 0.71386868
vn -0.70027953 0 0.71386868
vn 0.70707619 1.5549022e-05 -0.70713741
vn 0.70707619 1.5549022e-05 -0.70713741
vn 0.70707899 1.6284912e-05 -0.7071346
vn 0.70707899 1.6287418e-05 -0.7071346
vn 0.34694645 -0.93788499 -6.203372e-08
vn 0.52573234 -0.85065007 5.5554583e-08
vn 0.52573246 -0.85064995 1.883581e-07
vn 0.34694615 -0.93788499 7.6845637e-08
vn 0.7264542 -0.68721485 3.346052e-07
vn 0.88468343 -0.46619153 0.00077693484
vn 0.88484025 -0.46589342 0.0010399984
vn 0.72645426 -0.68721479 4.6068081e-07
vn 0.9522205 -0.30541137 7.6856149e-06
vn 0.99122226 -0.13207263 -0.0059334515
vn 0.99230617 -0.123634 -0.0065679057
vn 0.95214957 -0.30562696 -0.0018611689
vn 0.70188069 0.0012879827 -0.71229339
vn 0.70552373 0.0014641398 -0.70868474
vn 0.70551646 0.0014709259 -0.70869207
vn 0.70227981 0.0016093254 -0.71189916
vn -0.52573216 -0.85065019 -5.1857064e-08
vn -0.72645348 -0.68721557 -1.830721e-07
vn -0.68317038 -0.73025906 -2.0729773e-07
vn -0.49164563 -0.87079537 8.6351122e-08
vn -0.72645348 -0.68721557 -1.830721e-07
vn -0.88468307 -0.46619231 0.00077625387
vn -0.87158626 -0.49024206 0.00037831508
vn -0.68317038 -0.73025906 -2.0729773e-07
vn 0.70027786 0 -0.71387029
vn 0.70188069 0.0012879827 -0.71229339
vn 0.70227981 0.0016093254 -0.71189916
vn 0.70027786 0 -0.71387029
vn 0.52573234 -0.85065007 5.5554583e-08
vn 0.7264542 -0.68721485 3.346052e-07
vn 0.72645426 -0.68721479 4.6068081e-07
vn 0.52573246 -0.85064995 1.883581e-07
vn 0.88468343 -0.46619153 0.00077693484
vn 0.9522205 -0.30541137 7.6856149e-06
vn 0.95214957 -0.30562696 -0.0018611689
vn 0.88484025 -0.46589342 0.0010399984
vn -0.34694642 -0.93788499 8.3354578e-08
vn -0.52573216 -0.85065019 -5.1857064e-08
vn -0.49164563 -0.87079537 8.6351122e-08
vn -0.29801729 -0.9545604 1.7596909e-07
vn -2.2001242e-07 -1 4.0506955e-14
vn -0.34694642 -0.93788499 8.3354578e-08
vn -0.29801729 -0.9545604 1.7596909e-07
vn 4.7966171e-07 -1 9.1488215e-15
vn -2.2001242e-07 -1 4.0506955e-14
vn 0.34694645 -0.93788499 -6.203372e-08
vn 0.34694615 -0.93788499 7.6845637e-08
vn -8.6049295e-07 -1 2.5061855e-14
vn -0.88468307 -0.46619231 0.00077625387
vn -0.95142013 -0.30789068 0.0017906812
vn -0.94724381 -0.32050937 0.0016989311
vn -0.87158626 -0.49024206 0.00037831508
vn -0.95142013 -0.30789068 0.0017906812
vn -0.99147046 -0.13032892 0.00082038034
vn -0.94724381 -0.32050937 0.0016989311
vn 1.4477308e-07 -0.68721503 0.72645402
vn 4.1830795e-08 -0.85020316 0.52645475
vn -1.3140311e-07 -0.87020528 0.4926894
vn 3.9214331e-07 -0.73025852 0.68317086
vn -0.00082779699 -0.13032453 0.99147105
vn -0.0017892651 -0.30790323 0.95141608
vn -0.0016558563 -0.32052958 0.94723701
vn 4.1830795e-08 -0.85020316 0.52645475
vn -2.6156039e-07 -0.93776232 0.34727773
vn -5.7730182e-07 -0.95466083 0.29769579
vn -1.3140311e-07 -0.87020528 0.4926894
vn 1.8155365e-07 -0.93788505 -0.34694606
vn -8.15741e-08 -0.99999982 -0.0004957096
vn 0 -0.99999994 -0.00049515232
vn 0 -0.93788511 -0.34694594
vn 1.010963e-07 -0.85065019 -0.52573222
vn 1.8155365e-07 -0.93788505 -0.34694606
vn 0 -0.93788511 -0.34694594
vn 0 -0.85065007 -0.52573228
vn -0.00075794745 -0.46621051 -0.88467354
vn 0 -0.68721527 -0.72645378
vn 0 -0.68721533 -0.72645372
vn -0.0010387317 -0.46591529 -0.88482869
vn -0.00082752301 -0.13032468 -0.99147105
vn -0.0017887016 -0.30790254 -0.95141619
vn -0.0017320375 -0.30730182 -0.95161051
vn -0.0007022745 -0.12184734 -0.99254858
vn 0.71231806 0.0012951962 0.70185572
vn 0.7087236 0.0014722281 0.70548475
vn 0.70872593 0.0014744678 0.7054823
vn 0.71193671 0.001613201 0.70224178
vn -0.0017892651 -0.30790323 0.95141608
vn -0.00075837143 -0.4662109 0.8846733
vn -0.0003517702 -0.4902533 0.87157989
vn -0.0016558563 -0.32052958 0.94723701
vn -0.00075837143 -0.4662109 0.8846733
vn 1.4477308e-07 -0.68721503 0.72645402
vn 3.9214331e-07 -0.73025852 0.68317086
vn -0.0003517702 -0.4902533 0.87157989
vn -2.6156039e-07 -0.93776232 0.34727773
vn -8.15741e-08 -0.99999982 -0.0004957096
vn -1.6375809e-07 -1 -0.00018707165
vn -5.7730182e-07 -0.95466083 0.29769579
vn 0 -0.68721527 -0.72645378
vn 1.010963e-07 -0.85065019 -0.52573222
vn 0 -0.85065007 -0.52573228
vn 0 -0.68721533 -0.72645372
vn -0.0017887016 -0.30790254 -0.95141619
vn -0.00075794745 -0.46621051 -0.88467354
vn -0.0010387317 -0.46591529 -0.88482869
vn -0.0017320375 -0.30730182 -0.95161051
vn 0.71386814 0 0.70028007
vn 0.71231806 0.0012951962 0.70185572
vn 0.71193671 0.001613201 0.70224178
vn 0.71386814 0 0.70028007
vn 0.72725439 -0.68636799 -7.5357981e-08
vn 0.8858065 -0.46405405 -0.00078046531
vn 0.87306362 -0.48760608 -0.00038411992
vn 0.68301374 -0.73040557 9.5597699e-08
vn 0.8858065 -0.46405405 -0.00078046531
vn 0.95142096 -0.30788773 -0.0017909691
vn 0.94724542 -0.32050461 -0.0017084086
vn 0.87306362 -0.48760608 -0.00038411992
vn 0.34694603 -0.93788511 -4.5004608e-08
vn 0.52467275 -0.85130411 9.2856638e-08
vn 0.49109721 -0.87110472 -6.8285395e-08
vn 0.29801708 -0.95456052 -1.7630238e-07
vn -0.52573234 -0.85065001 -4.1921882e-07
vn -0.7264536 -0.68721551 -1.0876572e-06
vn -0.72645372 -0.68721539 -1.0441912e-06
vn -0.5257324 -0.85064995 -9.123861e-07
vn -0.88468546 -0.46618783 -0.00078108179
vn -0.95142108 -0.30788741 -0.0017909649
vn -0.95161682 -0.30728728 2.2515899e-06
vn -0.88484174 -0.4658916 -6.1778303e-07
vn -0.34694597 -0.93788505 1.0956682e-07
vn -0.52573234 -0.85065001 -4.1921882e-07
vn -0.5257324 -0.85064995 -9.123861e-07
vn -0.34694579 -0.93788522 0
vn 6.3559128e-07 -1 5.4041651e-09
vn 0.34694603 -0.93788511 -4.5004608e-08
vn 0.29801708 -0.95456052 -1.7630238e-07
vn -9.5932329e-08 -1 1.2716128e-09
vn 0.95142096 -0.30788773 -0.0017909691
vn 0.9914704 -0.13032945 -0.00081862585
vn 0.94724542 -0.32050461 -0.0017084086
vn 0.52467275 -0.85130411 9.2856638e-08
vn 0.72725439 -0.68636799 -7.5357981e-08
vn 0.68301374 -0.73040557 9.5597699e-08
vn 0.49109721 -0.87110472 -6.8285395e-08
vn 6.3559128e-07 -1 5.4041651e-09
vn -0.34694597 -0.93788505 1.0956682e-07
vn -0.34694579 -0.93788522 0
vn 1.3200749e-07 -0.99999994 -7.8019673e-07
vn -0.7264536 -0.68721551 -1.0876572e-06
vn -0.88468546 -0.46618783 -0.00078108179
vn -0.88484174 -0.4658916 -6.1778303e-07
vn -0.72645372 -0.68721539 -1.0441912e-06
vn -0.95142108 -0.30788741 -0.0017909649
vn -0.99147034 -0.13032945 -0.00081862643
vn -0.99254715 -0.12185939 -0.00067712832
vn -0.95161682 -0.30728728 2.2515899e-06
vn 2.262838e-07 -0.46657202 -0.88448316
vn 0 -0.68721533 -0.72645372
vn 0 -0.73025864 -0.68317068
vn 3.3362426e-07 -0.49030104 -0.87155306
vn 0 -0.68721527 0.72645378
vn -9.9427517e-08 -0.85065007 0.52573234
vn 0 -0.85065001 0.5257324
vn 0 -0.68721569 0.72645342
vn 3.7441973e-07 -0.307843 0.95143723
vn 2.2628386e-07 -0.46657217 0.8844831
vn 0 -0.46657267 0.88448286
vn 2.9638323e-07 -0.30784318 0.95143712
vn -1.7890935e-07 -0.93788505 0.34694627
vn 5.3887411e-10 -1 -3.9113314e-07
vn 0 -1 -7.9204455e-07
vn 0 -0.93788499 0.34694621
vn 0 -0.68721533 -0.72645372
vn 1.0032829e-07 -0.85065025 -0.52573204
vn 2.8770515e-07 -0.87059861 -0.49199396
vn 0 -0.73025864 -0.68317068
vn 2.7592941e-07 -0.12968737 -0.99155486
vn 3.7441961e-07 -0.30784294 -0.95143718
vn 5.333531e-07 -0.3199355 -0.94743937
vn 1.0032829e-07 -0.85065025 -0.52573204
vn 1.8033761e-07 -0.93788505 -0.34694612
vn 3.4102095e-07 -0.95431548 -0.29880056
vn 2.8770515e-07 -0.87059861 -0.49199396
vn 3.7441961e-07 -0.30784294 -0.95143718
vn 2.262838e-07 -0.46657202 -0.88448316
vn 3.3362426e-07 -0.49030104 -0.87155306
vn 5.333531e-07 -0.3199355 -0.94743937
vn 1.8033761e-07 -0.93788505 -0.34694612
vn 5.3887411e-10 -1 -3.9113314e-07
vn -3.915853e-09 -0.99999267 0.003828896
vn 3.4102095e-07 -0.95431548 -0.29880056
vn 2.2628386e-07 -0.46657217 0.8844831
vn 0 -0.68721527 0.72645378
vn 0 -0.68721569 0.72645342
vn 0 -0.46657267 0.88448286
vn 2.7592941e-07 -0.12968731 0.99155498
vn 3.7441973e-07 -0.307843 0.95143723
vn 2.9638323e-07 -0.30784318 0.95143712
vn 2.9785571e-07 -0.12121714 0.99262601
vn -9.9427517e-08 -0.85065007 0.52573234
vn -1.7890935e-07 -0.93788505 0.34694627
vn 0 -0.93788499 0.34694621
vn 0 -0.85065001 0.5257324
vn 1 0 0
vn 1 0 0
vn 1 0 0
vn 1 0 0
vn -1 0 0
vn -1 0 0
vn -1 0 0
vn -1 0 0
vn -1 0 0
vn -1 0 0
vn -1 0 0
vn -1 0 0
vn 0 1 0
vn 0 1 0
vn 0 1 0
vn 0 1 0
vn -1 0 0
vn -1 0 0
vn -1 0 0
vn -1 0 0
vn -1 0 0
vn -1 0 0
vn -1 0 0
vn -1 0 0
vn 0 1 0
vn 0 1 0
vn 0 1 0
vn 0 1 0
vn 1 0 0
vn 1 0 0
vn 1 0 0
vn 1 0 0
vn 0 -1 0
vn 0 -1 0
vn 0 -1 0
vn 0 -1 0
vn 0 1 0
vn 0 1 0
vn 0 1 0
vn 0 1 0
vn 1 0 0
vn 1 0 0
vn 1 0 0
vn 1 0 0
vn 1 0 0
vn 1 0 0
vn 1 0 0
vn 1 0 0
vn -1 0 0
vn -1 0 0
vn -1 0 0
vn -1 0 0
vn 0 1 0
vn 0 1 0
vn 0 1 0
vn 0 1 0
vn 0 1 0
vn 0 1 0
vn 0 1 0
vn 0 1 0
vn 1 0 0
vn 1 0 0
vn 1 0 0
vn 1 0 0
vn 0 -1 0
vn 0 -1 0
vn 0 -1 0
vn 0 -1 0
vn 0 -0.47301847 -0.88105249
vn 0 -0.47301847 -0.88105249
vn 0 -0.47301847 -0.88105249
vn 0 -0.47301847 -0.88105249
vn 0 0.47301745 -0.88105303
vn 0 0.47301745 -0.88105303
vn 0 0.47301745 -0.88105303
vn 0 0.47301745 -0.88105303
vn 0.88105375 -0.47301629 0
vn 0.88105375 -0.47301629 0
vn 0.88105375 -0.47301629 0
vn 0.88105375 -0.47301629 0
vn 1 0 0
vn 1 0 0
vn 1 0 0
vn 1 0 0
vn 0 0 1
vn 0 0 1
vn 0 0 1
vn 0 0 1
vn 0 0 -1
vn 0 0 -1
vn 0 0 -1
vn 0 0 -1
vn -1 0 0
vn -1 0 0
vn -1 0 0
vn -1 0 0
vn -0.88105422 0.47301531 0
vn -0.88105422 0.47301531 0
vn -0.88105422 0.47301531 0
vn -0.88105422 0.47301531 0
vn 0 -0.47302207 0.88105059
vn 0 -0.47302207 0.88105059
vn 0 -0.47302207 0.88105059
vn 0 -0.47302207 0.88105059
vn -0.99999994 0 0
vn -0.99999994 0 0
vn -0.99999994 0 0
vn -0.99999994 0 0
vn 0 0 -1
vn 0 0 -1
vn 0 0 -1
vn 0 0 -1
vn 0.99999994 0 0
vn 0.99999994 0 0
vn 0.99999994 0 0
vn 0.99999994 0 0
vn 0 1.953123e-06 1
vn 0 1.953123e-06 1
vn 0 1.953123e-06 1
vn 0 1.953123e-06 1
vn -1 0 0
vn -1 0 0
vn -1 0 0
vn -1 0 0
vn 0 0 -0.99999994
vn 0 0 -0.99999994
vn 0 0 -0.99999994
vn 0 0 -0.99999994
vn 0 0 0.99999994
vn 0 0 0.99999994
vn 0 0 0.99999994
vn 0 0 0.99999994
vn 1 0 0
vn 1 0 0
vn 1 0 0
vn 1 0 0
vn 0 0.47302103 0.88105112
vn 0 0.47302103 0.88105112
vn 0 0.47302103 0.88105112
vn 0 0.47302103 0.88105112
vn -0.88105375 -0.47301629 0
vn -0.88105375 -0.47301629 0
vn -0.88105375 -0.47301629 0
vn -0.88105375 -0.47301629 0
vn 0.88105422 0.47301531 0
vn 0.88105422 0.47301531 0
vn 0.88105422 0.47301531 0
vn 0.88105422 0.47301531 0
vn 0 1 0
vn 0 1 0
vn 0 1 0
vn 0 1 0
vn 0 -1 0
vn 0 -1 0
vn 0 -1 0
vn 0 -1 0
vn 0 -0.47301847 -0.88105249
vn 0 -0.47301847 -0.88105249
vn 0 -0.47301847 -0.88105249
vn 0 -0.47301847 -0.88105249
vn 0 0.47301745 -0.88105303
vn 0 0.47301745 -0.88105303
vn 0 0.47301745 -0.88105303
vn 0 0.47301745 -0.88105303
vn 0.88105375 -0.47301629 0
vn 0.88105375 -0.47301629 0
vn 0.88105375 -0.47301629 0
vn 0.88105375 -0.47301629 0
vn 1 0 0
vn 1 0 0
vn 1 0 0
vn 1 0 0
vn 0 0 1
vn 0 0 1
vn 0 0 1
vn 0 0 1
vn 0 0 -1
vn 0 0 -1
vn 0 0 -1
vn 0 0 -1
vn -1 0 0
vn -1 0 0
vn -1 0 0
vn -1 0 0
vn -0.88105422 0.47301531 0
vn -0.88105422 0.47301531 0
vn -0.88105422 0.47301531 0
vn -0.88105422 0.47301531 0
vn 0 -0.47302207 0.88105059
vn 0 -0.47302207 0.88105059
vn 0 -0.47302207 0.88105059
vn 0 -0.47302207 0.88105059
vn -0.99999994 0 0
vn -0.99999994 0 0
vn -0.99999994 0 0
vn -0.99999994 0 0
vn 0 0 -1
vn 0 0 -1
vn 0 0 -1
vn 0 0 -1
vn 0.99999994 0 0
vn 0.99999994 0 0
vn 0.99999994 0 0
vn 0.99999994 0 0
vn 0 1.953123e-06 1
vn 0 1.953123e-06 1
vn 0 1.953123e-06 1
vn 0 1.953123e-06 1
vn -1 0 0
vn -1 0 0
vn -1 0 0
vn -1 0 0
vn 0 0 -0.99999994
vn 0 0 -0.99999994
vn 0 0 -0.99999994
vn 0 0 -0.99999994
vn 0 0 0.99999994
vn 0 0 0.99999994
vn 0 0 0.99999994
vn 0 0 0.99999994
vn 1 0 0
vn 1 0 0
vn 1 0 0
vn 1 0 0
vn 0 0.47302103 0.88105112
vn 0 0.47302103 0.88105112
vn 0 0.47302103 0.88105112
vn 0 0.47302103 0.88105112
vn -0.88105375 -0.47301629 0
vn -0.88105375 -0.47301629 0
vn -0.88105375 -0.47301629 0
vn -0.88105375 -0.47301629 0
vn 0.88105422 0.47301531 0
vn 0.88105422 0.47301531 0
vn 0.88105422 0.47301531 0
vn 0.88105422 0.47301531 0
vn 0 1 0
vn 0 1 0
vn 0 1 0
vn 0 1 0
vn 0 -1 0
vn 0 -1 0
vn 0 -1 0
vn 0 -1 0
vn 0 -0.47301492 -0.88105446
vn 0 -0.47301492 -0.88105446
vn 0 -0.47301492 -0.88105446
vn 0 -0.47301492 -0.88105446
vn 0 0.47301668 -0.88105345
vn 0 0.47301668 -0.88105345
vn 0 0.47301668 -0.88105345
vn 0 0.47301668 -0.88105345
vn 0.88105357 -0.47301656 0
vn 0.88105357 -0.47301656 0
vn 0.88105357 -0.47301656 0
vn 0.88105357 -0.47301656 0
vn 1 0 0
vn 1 0 0
vn 1 0 0
vn 1 0 0
vn 0 5.0355144e-08 1
vn 0 5.0355144e-08 1
vn 0 5.0355144e-08 1
vn 0 5.0355144e-08 1
vn 0 -5.0355144e-08 -1
vn 0 -5.0355144e-08 -1
vn 0 -5.0355144e-08 -1
vn 0 -5.0355144e-08 -1
vn -1 0 0
vn -1 0 0
vn -1 0 0
vn -1 0 0
vn -0.88105357 0.47301647 0
vn -0.88105357 0.47301647 0
vn -0.88105357 0.47301647 0
vn -0.88105357 0.47301647 0
vn 0 -0.47301492 0.88105446
vn 0 -0.47301492 0.88105446
vn 0 -0.47301492 0.88105446
vn 0 -0.47301492 0.88105446
vn -1 0 0
vn -1 0 0
vn -1 0 0
vn -1 0 0
vn 0 0 -0.99999994
vn 0 0 -0.99999994
vn 0 0 -0.99999994
vn 0 0 -0.99999994
vn 1 0 0
vn 1 0 0
vn 1 0 0
vn 1 0 0
vn 0 0 0.99999994
vn 0 0 0.99999994
vn 0 0 0.99999994
vn 0 0 0.99999994
vn -1 0 0
vn -1 0 0
vn -1 0 0
vn -1 0 0
vn 0 0 -0.99999994
vn 0 0 -0.99999994
vn 0 0 -0.99999994
vn 0 0 -0.99999994
vn 0 2.4414049e-07 0.99999994
vn 0 2.4414049e-07 0.99999994
vn 0 2.4414049e-07 0.99999994
vn 0 2.4414049e-07 0.99999994
vn 1 0 0
vn 1 0 0
vn 1 0 0
vn 1 0 0
vn 0 0.47301492 0.88105446
vn 0 0.47301492 0.88105446
vn 0 0.47301492 0.88105446
vn 0 0.47301492 0.88105446
vn -0.88105357 -0.47301656 0
vn -0.88105357 -0.47301656 0
vn -0.88105357 -0.47301656 0
vn -0.88105357 -0.47301656 0
vn 0.88105357 0.47301647 0
vn 0.88105357 0.47301647 0
vn 0.88105357 0.47301647 0
vn 0.88105357 0.47301647 0
vn 0 1 0
vn 0 1 0
vn 0 1 0
vn 0 1 0
vn 0 -1 0
vn 0 -1 0
vn 0 -1 0
vn 0 -1 0
vn 0 -0.47301492 -0.88105446
vn 0 -0.47301492 -0.88105446
vn 0 -0.47301492 -0.88105446
vn 0 -0.47301492 -0.88105446
vn 0 0.47301668 -0.88105345
vn 0 0.47301668 -0.88105345
vn 0 0.47301668 -0.88105345
vn 0 0.47301668 -0.88105345
vn 0.88105357 -0.47301656 0
vn 0.88105357 -0.47301656 0
vn 0.88105357 -0.47301656 0
vn 0.88105357 -0.47301656 0
vn 1 0 0
vn 1 0 0
vn 1 0 0
vn 1 0 0
vn 0 5.0355144e-08 1
vn 0 5.0355144e-08 1
vn 0 5.0355144e-08 1
vn 0 5.0355144e-08 1
vn 0 -5.0355144e-08 -1
vn 0 -5.0355144e-08 -1
vn 0 -5.0355144e-08 -1
vn 0 -5.0355144e-08 -1
vn -1 0 0
vn -1 0 0
vn -1 0 0
vn -1 0 0
vn -0.88105357 0.47301647 0
vn -0.88105357 0.47301647 0
vn -0.88105357 0.47301647 0
vn -0.88105357 0.47301647 0
vn 0 -0.47301492 0.88105446
vn 0 -0.47301492 0.88105446
vn 0 -0.47301492 0.88105446
vn 0 -0.47301492 0.88105446
vn -1 0 0
vn -1 0 0
vn -1 0 0
vn -1 0 0
vn 0 0 -0.99999994
vn 0 0 -0.99999994
vn 0 0 -0.99999994
vn 0 0 -0.99999994
vn 1 0 0
vn 1 0 0
vn 1 0 0
vn 1 0 0
vn 0 0 0.99999994
vn 0 0 0.99999994
vn 0 0 0.99999994
vn 0 0 0.99999994
vn -1 0 0
vn -1 0 0
vn -1 0 0
vn -1 0 0
vn 0 0 -0.99999994
vn 0 0 -0.99999994
vn 0 0 -0.99999994
vn 0 0 -0.99999994
vn 0 2.4414049e-07 0.99999994
vn 0 2.4414049e-07 0.99999994
vn 0 2.4414049e-07 0.99999994
vn 0 2.4414049e-07 0.99999994
vn 1 0 0
vn 1 0 0
vn 1 0 0
vn 1 0 0
vn 0 0.47301492 0.88105446
vn 0 0.47301492 0.88105446
vn 0 0.47301492 0.88105446
vn 0 0.47301492 0.88105446
vn -0.88105357 -0.47301656 0
vn -0.88105357 -0.47301656 0
vn -0.88105357 -0.47301656 0
vn -0.88105357 -0.47301656 0
vn 0.88105357 0.47301647 0
vn 0.88105357 0.47301647 0
vn 0.88105357 0.47301647 0
vn 0.88105357 0.47301647 0
vn 0 1 0
vn 0 1 0
vn 0 1 0
vn 0 1 0
vn 0 -1 0
vn 0 -1 0
vn 0 -1 0
vn 0 -1 0
vn 0 -0.47301313 -0.88105541
vn 0 -0.47301313 -0.88105541
vn 0 -0.47301313 -0.88105541
vn 0 -0.47301313 -0.88105541
vn 0 0.47301313 -0.88105541
vn 0 0.47301313 -0.88105541
vn 0 0.47301313 -0.88105541
vn 0 0.47301313 -0.88105541
vn 0.88105357 -0.47301668 0
vn 0.88105357 -0.47301668 0
vn 0.88105357 -0.47301668 0
vn 0.88105357 -0.47301668 0
vn 0.99999994 0 0
vn 0.99999994 0 0
vn 0.99999994 0 0
vn 0.99999994 0 0
vn 0 0 1
vn 0 0 1
vn 0 0 1
vn 0 0 1
vn 0 0 -1
vn 0 0 -1
vn 0 0 -1
vn 0 0 -1
vn -0.99999994 0 0
vn -0.99999994 0 0
vn -0.99999994 0 0
vn -0.99999994 0 0
vn -0.88105363 0.47301641 0
vn -0.88105363 0.47301641 0
vn -0.88105363 0.47301641 0
vn -0.88105363 0.47301641 0
vn 0 -0.47301492 0.88105446
vn 0 -0.47301492 0.88105446
vn 0 -0.47301492 0.88105446
vn 0 -0.47301492 0.88105446
vn -1 0 0
vn -1 0 0
vn -1 0 0
vn -1 0 0
vn 0 0 -0.99999994
vn 0 0 -0.99999994
vn 0 0 -0.99999994
vn 0 0 -0.99999994
vn 1 0 0
vn 1 0 0
vn 1 0 0
vn 1 0 0
vn 0 0 0.99999994
vn 0 0 0.99999994
vn 0 0 0.99999994
vn 0 0 0.99999994
vn -1 0 0
vn -1 0 0
vn -1 0 0
vn -1 0 0
vn 0 0 -0.99999994
vn 0 0 -0.99999994
vn 0 0 -0.99999994
vn 0 0 -0.99999994
vn 0 0 0.99999994
vn 0 0 0.99999994
vn 0 0 0.99999994
vn 0 0 0.99999994
vn 1 0 0
vn 1 0 0
vn 1 0 0
vn 1 0 0
vn 0 0.47301492 0.88105446
vn 0 0.47301492 0.88105446
vn 0 0.47301492 0.88105446
vn 0 0.47301492 0.88105446
vn -0.88105357 -0.47301668 0
vn -0.88105357 -0.47301668 0
vn -0.88105357 -0.47301668 0
vn -0.88105357 -0.47301668 0
vn 0.88105363 0.47301641 0
vn 0.88105363 0.47301641 0
vn 0.88105363 0.47301641 0
vn 0.88105363 0.47301641 0
vn 0 0.99999994 0
vn 0 0.99999994 0
vn 0 0.99999994 0
vn 0 0.99999994 0
vn 0 -0.99999994 0
vn 0 -0.99999994 0
vn 0 -0.99999994 0
vn 0 -0.99999994 0
vn 0 -0.47301504 0.88105434
vn 0 -0.47301504 0.88105434
vn 0 -0.47301504 0.88105434
vn 0 -0.47301504 0.88105434
vn 0 0.47301504 0.88105434
vn 0 0.47301504 0.88105434
vn 0 0.47301504 0.88105434
vn 0 0.47301504 0.88105434
vn -0.88105357 -0.47301662 -1.4410918e-07
vn -0.88105357 -0.47301662 -1.4410918e-07
vn -0.88105357 -0.47301662 -1.4410918e-07
vn -0.88105357 -0.47301662 -1.4410918e-07
vn -0.99999994 0 0
vn -0.99999994 0 0
vn -0.99999994 0 0
vn -0.99999994 0 0
vn 0 0 -0.99999994
vn 0 0 -0.99999994
vn 0 0 -0.99999994
vn 0 0 -0.99999994
vn 0 0 0.99999994
vn 0 0 0.99999994
vn 0 0 0.99999994
vn 0 0 0.99999994
vn 0.99999994 0 0
vn 0.99999994 0 0
vn 0.99999994 0 0
vn 0.99999994 0 0
vn 0.88105363 0.47301641 0
vn 0.88105363 0.47301641 0
vn 0.88105363 0.47301641 0
vn 0.88105363 0.47301641 0
vn 0 -0.47301421 -0.88105482
vn 0 -0.47301421 -0.88105482
vn 0 -0.47301421 -0.88105482
vn 0 -0.47301421 -0.88105482
vn 1 0 2.4414064e-07
vn 1 0 2.4414064e-07
vn 1 0 2.4414064e-07
vn 1 0 2.4414064e-07
vn 0 0 0.99999994
vn 0 0 0.99999994
vn 0 0 0.99999994
vn 0 0 0.99999994
vn -1 0 -3.6621094e-07
vn -1 0 -3.6621094e-07
vn -1 0 -3.6621094e-07
vn -1 0 -3.6621094e-07
vn 0 0 -0.99999994
vn 0 0 -0.99999994
vn 0 0 -0.99999994
vn 0 0 -0.99999994
vn 1 0 2.4414064e-07
vn 1 0 2.4414064e-07
vn 1 0 2.4414064e-07
vn 1 0 2.4414064e-07
vn 0 0 0.99999994
vn 0 0 0.99999994
vn 0 0 0.99999994
vn 0 0 0.99999994
vn 0 0 -0.99999994
vn 0 0 -0.99999994
vn 0 0 -0.99999994
vn 0 0 -0.99999994
vn -1 0 -3.6621094e-07
vn -1 0 -3.6621094e-07
vn -1 0 -3.6621094e-07
vn -1 0 -3.6621094e-07
vn 0 0.47301421 -0.88105482
vn 0 0.47301421 -0.88105482
vn 0 0.47301421 -0.88105482
vn 0 0.47301421 -0.88105482
vn 0.88105357 -0.47301668 0
vn 0.88105357 -0.47301668 0
vn 0.88105357 -0.47301668 0
vn 0.88105357 -0.47301668 0
vn -0.88105363 0.47301635 -1.4410909e-07
vn -0.88105363 0.47301635 -1.4410909e-07
vn -0.88105363 0.47301635 -1.4410909e-07
vn -0.88105363 0.47301635 -1.4410909e-07
vn 0 0.99999994 0
vn 0 0.99999994 0
vn 0 0.99999994 0
vn 0 0.99999994 0
vn 0 -0.99999994 0
vn 0 -0.99999994 0
vn 0 -0.99999994 0
vn 0 -0.99999994 0
vn 0 -0.47302327 -0.88104993
vn 0 -0.47302327 -0.88104993
vn 0 -0.47302327 -0.88104993
vn 0 -0.47302327 -0.88104993
vn 0 0.47302103 -0.88105112
vn 0 0.47302103 -0.88105112
vn 0 0.47302103 -0.88105112
vn 0 0.47302103 -0.88105112
vn 0.88105315 -0.47301722 0
vn 0.88105315 -0.47301722 0
vn 0.88105315 -0.47301722 0
vn 0.88105315 -0.47301722 0
vn 1 0 0
vn 1 0 0
vn 1 0 0
vn 1 0 0
vn 0 0 1
vn 0 0 1
vn 0 0 1
vn 0 0 1
vn 0 0 -1
vn 0 0 -1
vn 0 0 -1
vn 0 0 -1
vn -1 0 0
vn -1 0 0
vn -1 0 0
vn -1 0 0
vn -0.88105357 0.47301653 -1.4411037e-07
vn -0.88105357 0.47301653 -1.4411037e-07
vn -0.88105357 0.47301653 -1.4411037e-07
vn -0.88105357 0.47301653 -1.4411037e-07
vn 0 -0.47301251 0.88105565
vn 0 -0.47301251 0.88105565
vn 0 -0.47301251 0.88105565
vn 0 -0.47301251 0.88105565
vn -1 0 0
vn -1 0 0
vn -1 0 0
vn -1 0 0
vn 0 0 -0.99999994
vn 0 0 -0.99999994
vn 0 0 -0.99999994
vn 0 0 -0.99999994
vn 1 0 0
vn 1 0 0
vn 1 0 0
vn 1 0 0
vn 0 0 0.99999994
vn 0 0 0.99999994
vn 0 0 0.99999994
vn 0 0 0.99999994
vn -1 0 0
vn -1 0 0
vn -1 0 0
vn -1 0 0
vn 0 0 -1
vn 0 0 -1
vn 0 0 -1
vn 0 0 -1
vn 0 0 0.99999994
vn 0 0 0.99999994
vn 0 0 0.99999994
vn 0 0 0.99999994
vn 1 0 0
vn 1 0 0
vn 1 0 0
vn 1 0 0
vn 0 0.47301251 0.88105565
vn 0 0.47301251 0.88105565
vn 0 0.47301251 0.88105565
vn 0 0.47301251 0.88105565
vn -0.88105315 -0.47301722 0
vn -0.88105315 -0.47301722 0
vn -0.88105315 -0.47301722 0
vn -0.88105315 -0.47301722 0
vn 0.88105357 0.47301653 -2.8821967e-07
vn 0.88105357 0.47301653 -2.8821967e-07
vn 0.88105357 0.47301653 -2.8821967e-07
vn 0.88105357 0.47301653 -2.8821967e-07
vn 0 1 0
vn 0 1 0
vn 0 1 0
vn 0 1 0
vn 0 -1 0
vn 0 -1 0
vn 0 -1 0
vn 0 -1 0
vn 0 -0.47302327 -0.88104993
vn 0 -0.47302327 -0.88104993
vn 0 -0.47302327 -0.88104993
vn 0 -0.47302327 -0.88104993
vn 0 0.47302103 -0.88105112
vn 0 0.47302103 -0.88105112
vn 0 0.47302103 -0.88105112
vn 0 0.47302103 -0.88105112
vn 0.88105315 -0.47301722 0
vn 0.88105315 -0.47301722 0
vn 0.88105315 -0.47301722 0
vn 0.88105315 -0.47301722 0
vn 1 0 0
vn 1 0 0
vn 1 0 0
vn 1 0 0
vn 0 0 1
vn 0 0 1
vn 0 0 1
vn 0 0 1
vn 0 0 -1
vn 0 0 -1
vn 0 0 -1
vn 0 0 -1
vn -1 0 0
vn -1 0 0
vn -1 0 0
vn -1 0 0
vn -0.88105357 0.47301653 -2.8821967e-07
vn -0.88105357 0.47301653 -2.8821967e-07
vn -0.88105357 0.47301653 -2.8821967e-07
vn -0.88105357 0.47301653 -2.8821967e-07
vn 0 -0.47301251 0.88105565
vn 0 -0.47301251 0.88105565
vn 0 -0.47301251 0.88105565
vn 0 -0.47301251 0.88105565
vn -1 0 0
vn -1 0 0
vn -1 0 0
vn -1 0 0
vn 0 0 -0.99999994
vn 0 0 -0.99999994
vn 0 0 -0.99999994
vn 0 0 -0.99999994
vn 1 0 0
vn 1 0 0
vn 1 0 0
vn 1 0 0
vn 0 0 0.99999994
vn 0 0 0.99999994
vn 0 0 0.99999994
vn 0 0 0.99999994
vn -1 0 0
vn -1 0 0
vn -1 0 0
vn -1 0 0
vn 0 0 -1
vn 0 0 -1
vn 0 0 -1
vn 0 0 -1
vn 0 0 0.99999994
vn 0 0 0.99999994
vn 0 0 0.99999994
vn 0 0 0.99999994
vn 1 0 0
vn 1 0 0
vn 1 0 0
vn 1 0 0
vn 0 0.47301251 0.88105565
vn 0 0.47301251 0.88105565
vn 0 0.47301251 0.88105565
vn 0 0.47301251 0.88105565
vn -0.88105315 -0.47301722 0
vn -0.88105315 -0.47301722 0
vn -0.88105315 -0.47301722 0
vn -0.88105315 -0.47301722 0
vn 0.88105357 0.47301653 -1.4411037e-07
vn 0.88105357 0.47301653 -1.4411037e-07
vn 0.88105357 0.47301653 -1.4411037e-07
vn 0.88105357 0.47301653 -1.4411037e-07
vn 0 1 0
vn 0 1 0
vn 0 1 0
vn 0 1 0
vn 0 -1 0
vn 0 -1 0
vn 0 -1 0
vn 0 -1 0
vn 0 -0.93776232 0.34727773
vn 0 -0.99999994 -0.00049517187
vn 8.2226869e-08 -0.99999982 -0.00049559231
vn 0 -0.93776232 0.3472777
vn 0.29801756 -0.95456034 -1.8918237e-07
vn 0.49164483 -0.87079585 -1.4197795e-07
vn 0.52573234 -0.85065001 -8.4008451e-07
vn 0.346946 -0.93788511 -9.5318478e-07
vn 0.49164483 -0.87079585 -1.4197795e-07
vn 0.68317086 -0.73025852 1.5917557e-07
vn 0.72645414 -0.68721497 -9.2683628e-08
vn 0.52573234 -0.85065001 -8.4008451e-07
vn 0.68317086 -0.73025852 1.5917557e-07
vn 0.87158668 -0.49024126 0.00037891947
vn 0.88468319 -0.46619195 0.00077670917
vn 0.72645414 -0.68721497 -9.2683628e-08
vn 0.87158668 -0.49024126 0.00037891947
vn 0.94819325 -0.31769007 0.0016705457
vn 0.9522205 -0.30541125 7.1705076e-06
vn 0.88468319 -0.46619195 0.00077670917
vn 0.94819325 -0.31769007 0.0016705457
vn 0.99122232 -0.13207261 -0.0059339982
vn 0.9522205 -0.30541125 7.1705076e-06
vn -6.5234008e-07 -1 1.2715675e-09
vn -0.29801828 -0.9545601 2.04483e-07
vn -0.3469463 -0.93788499 -1.2639383e-06
vn -3.3735245e-07 -1 -7.3369353e-07
vn 0 -0.87079543 0.49164551
vn 0 -0.85065007 0.52573222
vn 0 -0.68721515 0.72645396
vn 0 -0.73025876 0.68317074
vn 0 -0.73025876 0.68317074
vn 0 -0.68721515 0.72645396
vn 2.262838e-07 -0.46657193 0.88448322
vn 3.3362426e-07 -0.49030071 0.8715533
vn 3.3362426e-07 -0.49030071 0.8715533
vn 2.262838e-07 -0.46657193 0.88448322
vn 3.744197e-07 -0.30784324 0.95143712
vn 5.3335316e-07 -0.31993571 0.94743919
vn 5.3335316e-07 -0.31993571 0.94743919
vn 3.744197e-07 -0.30784324 0.95143712
vn 2.7592941e-07 -0.12968746 0.99155492
vn 0.34694603 -0.93788511 -8.1375288e-07
vn 0.52520257 -0.85097718 -7.0608633e-07
vn 0.52467293 -0.85130394 9.2856752e-08
vn 0.34694639 -0.93788487 -4.5004676e-08
vn 1.3200749e-07 -0.99999994 -7.8019673e-07
vn -0.34694636 -0.93788505 -1.3155029e-06
vn -0.3469463 -0.93788505 -5.6980952e-07
vn -6.6492623e-07 -0.99999994 -7.8496561e-07
vn 2.3587246e-07 -0.9545604 -0.29801723
vn 8.0260897e-08 -0.93788505 -0.34694612
vn 0 -0.85065007 -0.52573234
vn 0 -0.87115598 -0.49100637
vn 0 -0.87115598 -0.49100637
vn 0 -0.85065007 -0.52573234
vn 0 -0.68721521 -0.72645384
vn 0 -0.7291373 -0.6843673
vn 0 -0.7291373 -0.6843673
vn 0 -0.68721521 -0.72645384
vn -0.00075815903 -0.46621081 -0.88467336
vn -0.00035526714 -0.48959646 -0.87194908
vn -0.00035526714 -0.48959646 -0.87194908
vn -0.00075815903 -0.46621081 -0.88467336
vn -0.0017887759 -0.30790269 -0.95141613
vn -0.0016558568 -0.32052892 -0.94723731
vn -0.0016558568 -0.32052892 -0.94723731
vn -0.0017887759 -0.30790269 -0.95141613
vn -0.00082725019 -0.13032463 -0.99147099
vn 9.5932364e-09 -1 -1.8297646e-14
vn 0.29801756 -0.95456034 -1.8918237e-07
vn 0.346946 -0.93788511 -9.5318478e-07
vn -6.6492623e-07 -0.99999994 -7.8496561e-07
vn -0.49164459 -0.87079597 -1.7004247e-08
vn -0.68317038 -0.73025906 -6.9973527e-07
vn -0.7264536 -0.68721551 -9.1591278e-07
vn -0.52573156 -0.85065049 -1.0701237e-06
vn -0.68317038 -0.73025906 -6.9973527e-07
vn -0.87158805 -0.49023876 -0.00038479469
vn -0.88468552 -0.46618766 -0.00078057166
vn -0.7264536 -0.68721551 -9.1591278e-07
vn -0.87158805 -0.49023876 -0.00038479469
vn -0.94724554 -0.32050422 -0.0017084036
vn -0.95142108 -0.30788726 -0.0017904773
vn -0.88468552 -0.46618766 -0.00078057166
vn -0.94724554 -0.32050422 -0.0017084036
vn -0.99147046 -0.13032928 -0.00081834983
vn -0.95142108 -0.30788726 -0.0017904773
vn -0.29801828 -0.9545601 2.04483e-07
vn -0.49164459 -0.87079597 -1.7004247e-08
vn -0.52573156 -0.85065049 -1.0701237e-06
vn -0.3469463 -0.93788499 -1.2639383e-06
vn -0.88484174 -0.4658916 -6.1778303e-07
vn -0.95161682 -0.30728728 2.2515899e-06
vn -0.95142019 -0.30789027 0.0017906828
vn -0.88468313 -0.46619219 0.0007762537
vn -0.5257324 -0.85064995 -9.123861e-07
vn -0.72645372 -0.68721539 -1.0441912e-06
vn -0.72645348 -0.68721551 -4.2723693e-07
vn -0.52573192 -0.85065031 -5.9742121e-07
vn -0.95161682 -0.30728728 2.2515899e-06
vn -0.99254739 -0.12185746 0.00068200135
vn -0.99147046 -0.13032895 0.00082038069
vn -0.95142019 -0.30789027 0.0017906828
vn -0.72645372 -0.68721539 -1.0441912e-06
vn -0.88484174 -0.4658916 -6.1778303e-07
vn -0.88468313 -0.46619219 0.0007762537
vn -0.72645348 -0.68721551 -4.2723693e-07
vn 0 -0.95456046 0.29801732
vn 0 -0.93788505 0.34694627
vn 0 -0.85065007 0.52573222
vn 0 -0.87079543 0.49164551
vn -0.0017331634 -0.30730227 0.95161033
vn -0.0010395794 -0.46591535 0.88482875
vn -0.00075837143 -0.46621069 0.88467348
vn -0.0017892651 -0.30790344 0.95141596
vn 0 -0.68721497 0.72645414
vn 0 -0.85020345 0.52645433
vn 0 -0.85020334 0.52645451
vn 0 -0.68721485 0.72645414
vn -2.8357164e-07 -1 -1.5192971e-06
vn 0.34694603 -0.93788511 -8.1375288e-07
vn 0.34694639 -0.93788487 -4.5004676e-08
vn -3.3735245e-07 -1 -7.3369353e-07
vn -0.00070255948 -0.12184716 0.99254864
vn -0.0017331634 -0.30730227 0.95161033
vn -0.0017892651 -0.30790344 0.95141596
vn -0.00082779699 -0.13032497 0.99147099
vn -0.0010395794 -0.46591535 0.88482875
vn 0 -0.68721497 0.72645414
vn 0 -0.68721485 0.72645414
vn -0.00075837143 -0.46621069 0.88467348
vn 0 -0.85020345 0.52645433
vn 0 -0.93776232 0.34727773
vn 0 -0.93776232 0.3472777
vn 0 -0.85020334 0.52645451
vn 0.95188296 -0.30645642 -0.0017847208
vn 0.99243134 -0.12274691 -0.0036223207
vn 0.9914704 -0.13032943 -0.00081898365
vn 0.95142108 -0.30788738 -0.0017908547
vn 0.72725409 -0.68636835 1.2351474e-07
vn 0.88540256 -0.464825 2.0409519e-07
vn 0.88580644 -0.46405417 -0.00078018173
vn 0.72725421 -0.68636811 9.7047263e-08
vn -0.34694636 -0.93788505 -1.3155029e-06
vn -0.5257324 -0.85064995 -9.123861e-07
vn -0.52573192 -0.85065031 -5.9742121e-07
vn -0.3469463 -0.93788505 -5.6980952e-07
vn 0.88540256 -0.464825 2.0409519e-07
vn 0.95188296 -0.30645642 -0.0017847208
vn 0.95142108 -0.30788738 -0.0017908547
vn 0.88580644 -0.46405417 -0.00078018173
vn 0.52520257 -0.85097718 -7.0608633e-07
vn 0.72725409 -0.68636835 1.2351474e-07
vn 0.72725421 -0.68636811 9.7047263e-08
vn 0.52467293 -0.85130394 9.2856752e-08
vn 1.6424987e-07 -1 -0.00018681299
vn 8.2226869e-08 -0.99999982 -0.00049559231
vn 8.0260897e-08 -0.93788505 -0.34694612
vn 2.3587246e-07 -0.9545604 -0.29801723
vn 2.9785568e-07 -0.12121727 -0.99262601
vn 2.9638321e-07 -0.30784312 -0.95143712
vn 3.7441961e-07 -0.30784315 -0.95143712
vn 2.7592938e-07 -0.12968746 -0.99155486
vn 0 -0.46657228 -0.88448298
vn 0 -0.68721533 -0.72645366
vn 0 -0.68721527 -0.72645372
vn 2.2628375e-07 -0.46657217 -0.8844831
vn 0 -0.85065037 -0.52573192
vn 0 -0.93788505 -0.34694624
vn 0 -0.93788505 -0.34694618
vn 0 -0.85065025 -0.52573204
vn 0 -0.99999267 0.003828984
vn 0 -1 -3.2268483e-07
vn 0 -0.93788505 0.34694627
vn 0 -0.95456046 0.29801732
vn 2.9638321e-07 -0.30784312 -0.95143712
vn 0 -0.46657228 -0.88448298
vn 2.2628375e-07 -0.46657217 -0.8844831
vn 3.7441961e-07 -0.30784315 -0.95143712
vn 0 -0.68721533 -0.72645366
vn 0 -0.85065037 -0.52573192
vn 0 -0.85065025 -0.52573204
vn 0 -0.68721527 -0.72645372
vn 0 -0.93788505 -0.34694624
vn 0 -1 -7.5293127e-07
vn 0 -1 -3.2268483e-07
vn 0 -0.93788505 -0.34694618
vn -0.70695096 -0.00021675116 -0.70726252
vn -0.7169627 0.0010056681 -0.69711065
vn -0.71693528 0.0010063315 -0.69713908
vn -0.70695025 -0.00021761585 -0.70726329
vn 0.69956684 -0.028054107 -0.71401638
vn 0.70369685 -0.01191102 -0.71040046
vn 0.7036981 -0.011905903 -0.71039927
vn 0.69956684 -0.028054107 -0.71401638
vn 0.70815879 -0.0055079032 0.70603186
vn 0.70714533 0.00095559674 0.70706761
vn 0.70714498 0.00095315831 0.70706791
vn 0.7081632 -0.0055178371 0.70602727
vn 0.71064162 -0.014039689 -0.70341414
vn 0.71401829 -0.028076658 -0.6995638
vn 0.71401829 -0.028076658 -0.6995638
vn 0.71064049 -0.014035329 -0.70341522
vn -0.69955826 -0.028083852 0.71402359
vn -0.70341086 -0.014043699 0.71064466
vn -0.70341206 -0.014039039 0.71064365
vn -0.69955826 -0.028083852 0.71402359
vn 0.70710665 9.900225e-07 -0.70710695
vn 0.71064162 -0.014039689 -0.70341414
vn 0.71064049 -0.014035329 -0.70341522
vn 0.70710659 9.8973919e-07 -0.70710695
vn -0.70607907 -0.00098914246 -0.70813227
vn -0.70695096 -0.00021675116 -0.70726252
vn -0.70695025 -0.00021761585 -0.70726329
vn -0.70607901 -0.00098927459 -0.70813239
vn -0.70952433 -0.0090947803 0.70462227
vn -0.71084166 -0.015993675 0.70317024
vn -0.71084064 -0.015990166 0.70317125
vn -0.70952791 -0.0091041503 0.70461845
vn -0.70341086 -0.014043699 0.71064466
vn -0.70710742 -2.0676666e-07 0.70710599
vn -0.70710742 -2.0686826e-07 0.70710611
vn -0.70341206 -0.014039039 0.71064365
vn 0.70714533 0.00095559674 0.70706761
vn 0.70699388 0.0023094215 0.70721591
vn 0.70699316 0.0023067812 0.70721656
vn 0.70714498 0.00095315831 0.70706791
vn 0.70369685 -0.01191102 -0.71040046
vn 0.70442134 0.013497336 -0.70965368
vn 0.70443285 0.013464685 -0.70964295
vn 0.7036981 -0.011905903 -0.71039927
vn 0.70710641 1.4026737e-06 -0.70710713
vn 0.70710665 9.900225e-07 -0.70710695
vn 0.70710659 9.8973919e-07 -0.70710695
vn 0.70710647 1.4026779e-06 -0.70710719
vn -0.70840126 0.0013086246 -0.7058087
vn -0.70607907 -0.00098914246 -0.70813227
vn -0.70607901 -0.00098927459 -0.70813239
vn -0.7084043 0.001311106 -0.70580566
vn -0.71403211 -0.012699751 0.69999778
vn -0.70952433 -0.0090947803 0.70462227
vn -0.70952791 -0.0091041503 0.70461845
vn -0.71404314 -0.012694316 0.69998658
vn -0.70710742 -2.0676666e-07 0.70710599
vn -0.7071076 3.0970855e-07 0.70710588
vn -0.70710766 3.0970037e-07 0.70710599
vn -0.70710742 -2.0686826e-07 0.70710611
vn 0.70699388 0.0023094215 0.70721591
vn 0.70515597 0.001636502 0.7090503
vn 0.70515406 0.0016384833 0.70905226
vn 0.70699316 0.0023067812 0.70721656
vn 0.70442134 0.013497336 -0.70965368
vn 0.71584803 0.0072681648 -0.69821829
vn 0.71580124 0.0073182774 -0.69826579
vn 0.70443285 0.013464685 -0.70964295
vn 0.70710653 6.1941819e-07 -0.70710707
vn 0.70710641 1.4026737e-06 -0.70710713
vn 0.70710647 1.4026779e-06 -0.70710719
vn 0.70710659 6.1901932e-07 -0.70710707
vn -0.71232146 0.0012959832 -0.7018522
vn -0.70840126 0.0013086246 -0.7058087
vn -0.7084043 0.001311106 -0.70580566
vn -0.71194011 0.0016141809 -0.70223832
vn -0.71414888 -0.0068336348 0.69996041
vn -0.71403211 -0.012699751 0.69999778
vn -0.71404314 -0.012694316 0.69998658
vn -0.71416205 -0.0068574673 0.69994676
vn -0.7071076 3.0970855e-07 0.70710588
vn -0.70710748 -1.2783826e-07 0.70710611
vn -0.70710748 -1.2831933e-07 0.70710617
vn -0.70710766 3.0970037e-07 0.70710599
vn 0.71584803 0.0072681648 -0.69821829
vn 0.72095037 -0.0029364107 -0.69298035
vn 0.72087479 -0.0028933019 -0.69305933
vn 0.71580124 0.0073182774 -0.69826579
vn 0.70515597 0.001636502 0.7090503
vn 0.70185548 0.0012951945 0.71231824
vn 0.70224154 0.0016131928 0.71193689
vn 0.70515406 0.0016384833 0.70905226
vn 0.64424688 -0.41218039 0.64424622
vn 0.69736105 -0.16545232 0.69736147
vn 0.69736105 -0.16545232 0.69736147
vn 0.64424688 -0.41218042 0.64424628
vn 0.56896442 -0.59376872 0.56896245
vn 0.64424688 -0.41218039 0.64424622
vn 0.64424688 -0.41218042 0.64424628
vn 0.56896442 -0.5937686 0.56896245
vn 0.42859349 -0.79537195 0.428592
vn 0.56896442 -0.59376872 0.56896245
vn 0.56896442 -0.5937686 0.56896245
vn 0.4285937 -0.79537183 0.42859218
vn 0.28375378 -0.91595185 0.28375348
vn 0.42859349 -0.79537195 0.428592
vn 0.4285937 -0.79537183 0.42859218
vn 0.28375384 -0.91595185 0.28375351
vn 0.18050677 -0.96684909 0.18061002
vn 0.28375378 -0.91595185 0.28375348
vn 0.28375384 -0.91595185 0.28375351
vn 0.18050675 -0.96684921 0.18061002
vn -0.69736129 -0.16545254 0.69736129
vn -0.64424646 -0.4121809 0.64424634
vn -0.64424658 -0.41218048 0.64424646
vn -0.69736129 -0.16545253 0.69736123
vn -0.64424646 -0.4121809 0.64424634
vn -0.56896335 -0.59376854 0.56896347
vn -0.56896341 -0.59376854 0.56896353
vn -0.64424658 -0.41218048 0.64424646
vn -0.56896335 -0.59376854 0.56896347
vn -0.42858997 -0.79537576 0.42858818
vn -0.42859685 -0.79536843 0.4285951
vn -0.56896341 -0.59376854 0.56896353
vn -0.42858997 -0.79537576 0.42858818
vn -0.28339955 -0.91586602 0.28438368
vn -0.2833758 -0.91588068 0.28436041
vn -0.42859685 -0.79536843 0.4285951
vn -0.28339955 -0.91586602 0.28438368
vn -0.18009807 -0.96673024 0.18165159
vn -0.1795512 -0.96693528 0.18110058
vn -0.2833758 -0.91588068 0.28436041
vn 0.64423984 -0.41219643 -0.64424294
vn 0.69736099 -0.16545239 -0.69736159
vn 0.69736099 -0.16545239 -0.69736159
vn 0.64424586 -0.4121778 -0.64424896
vn 0.57061356 -0.59313291 -0.56797308
vn 0.64423984 -0.41219643 -0.64424294
vn 0.64424586 -0.4121778 -0.64424896
vn 0.57058102 -0.59319717 -0.56793875
vn 0.43155459 -0.79458898 -0.42706999
vn 0.57061356 -0.59313291 -0.56797308
vn 0.57058102 -0.59319717 -0.56793875
vn 0.4305926 -0.79562223 -0.42611662
vn 0.28015178 -0.91528535 -0.28942642
vn 0.43155459 -0.79458898 -0.42706999
vn 0.4305926 -0.79562223 -0.42611662
vn 0.27972588 -0.91551709 -0.28910518
vn 0.16964599 -0.96767581 -0.18661124
vn 0.28015178 -0.91528535 -0.28942642
vn 0.27972588 -0.91551709 -0.28910518
vn 0.17544873 -0.96539932 -0.19292976
vn -0.18009807 -0.96673024 0.18165159
vn -0.12303443 -0.98460531 0.12415682
vn -0.12303443 -0.98460531 0.12415682
vn -0.1795512 -0.96693528 0.18110058
vn 0.11617228 -0.98489761 -0.12837747
vn 0.16964599 -0.96767581 -0.18661124
vn 0.17544873 -0.96539932 -0.19292976
vn 0.11617228 -0.98489761 -0.12837747
vn -0.64420182 -0.41227823 -0.64422876
vn -0.69736129 -0.16545261 -0.69736123
vn -0.69736129 -0.16545261 -0.69736123
vn -0.64424354 -0.41214794 -0.64427042
vn -0.56113517 -0.5908016 -0.57972473
vn -0.64420182 -0.41227823 -0.64422876
vn -0.64424354 -0.41214794 -0.64427042
vn -0.56176043 -0.58979046 -0.58014864
vn -0.41708863 -0.79063177 -0.44826168
vn -0.56113517 -0.5908016 -0.57972473
vn -0.56176043 -0.58979046 -0.58014864
vn -0.41174281 -0.79661596 -0.44257295
vn -0.27657342 -0.91651207 -0.28898579
vn -0.41708863 -0.79063177 -0.44826168
vn -0.41174281 -0.79661596 -0.44257295
vn -0.27628091 -0.91672087 -0.28860304
vn -0.18051493 -0.96684545 -0.18062153
vn -0.27657342 -0.91651207 -0.28898579
vn -0.27628091 -0.91672087 -0.28860304
vn -0.18046126 -0.96686548 -0.18056796
vn 0.12364458 -0.98456728 0.12385142
vn 0.18050677 -0.96684909 0.18061002
vn 0.18050675 -0.96684921 0.18061002
vn 0.12364458 -0.98456728 0.12385142
vn -0.12360837 -0.98457783 -0.12380429
vn -0.18051493 -0.96684545 -0.18062153
vn -0.18046126 -0.96686548 -0.18056796
vn -0.12360837 -0.98457783 -0.12380429
vn -0.71084166 -0.015993675 0.70317024
vn -0.71394628 -0.027771382 0.69964951
vn -0.71394628 -0.027771382 0.69964951
vn -0.71084064 -0.015990166 0.70317125
vn -0.70548254 0.0014728301 -0.70872581
vn -0.70185322 0.0012957248 -0.71232051
vn -0.70223927 0.0016138601 -0.71193916
vn -0.70548004 0.0014750701 -0.70872825
vn 0.7119512 -0.022075912 0.70188177
vn 0.70815879 -0.0055079032 0.70603186
vn 0.7081632 -0.0055178371 0.70602727
vn 0.71193916 -0.022006055 0.70189631
vn 0.70872509 0.0014725383 0.70548332
vn 0.70710653 -4.3754548e-07 0.70710701
vn 0.70710659 -4.378272e-07 0.70710701
vn 0.70872754 0.0014747789 0.70548075
vn -0.7169627 0.0010056681 -0.69711065
vn -0.70470393 -0.0078572109 -0.70945793
vn -0.70460868 -0.007896062 -0.70955217
vn -0.71693528 0.0010063315 -0.69713908
vn 0.70361847 -0.013138324 0.71045649
vn 0.70109254 -0.027786696 0.71252877
vn 0.70109254 -0.027786696 0.71252877
vn 0.70361817 -0.013140418 0.71045685
vn -0.70710659 3.0970901e-07 -0.70710707
vn -0.70548254 0.0014728301 -0.70872581
vn -0.70548004 0.0014750701 -0.70872825
vn -0.70710653 3.0950963e-07 -0.70710707
vn -0.71404326 -0.028776126 -0.69950992
vn -0.71076888 -0.014811373 -0.7032696
vn -0.71076632 -0.014800615 -0.70327258
vn -0.71404326 -0.028776126 -0.69950992
vn 0.70710653 -4.3754548e-07 0.70710701
vn 0.70718378 0.00014372334 0.7070297
vn 0.7071839 0.00014372762 0.7070297
vn 0.70710659 -4.378272e-07 0.70710701
vn 0.71419352 -0.035434384 0.69905072
vn 0.7119512 -0.022075912 0.70188177
vn 0.71193916 -0.022006055 0.70189631
vn 0.71419352 -0.035434384 0.69905072
vn -0.70470393 -0.0078572109 -0.70945793
vn -0.68302995 -0.016547233 -0.73020291
vn -0.68302995 -0.016547233 -0.73020291
vn -0.70460868 -0.007896062 -0.70955217
vn -0.70718223 -0.00014302378 -0.70703137
vn -0.70710659 3.0970901e-07 -0.70710707
vn -0.70710653 3.0950963e-07 -0.70710707
vn -0.70718217 -0.00014302741 -0.70703131
vn 0.70718378 0.00014372334 0.7070297
vn 0.70662332 0.00089677825 0.70758939
vn 0.70662302 0.00089698262 0.70758957
vn 0.7071839 0.00014372762 0.7070297
vn 0.71100527 0.0026278663 -0.7031818
vn 0.71232128 0.0012959798 -0.70185232
vn 0.71193999 0.0016141892 -0.70223844
vn 0.71100426 0.0026283446 -0.70318282
vn -0.70872623 0.0014722396 0.70548218
vn -0.71232003 0.0012955907 0.70185363
vn -0.71193862 0.0016136921 0.70223981
vn -0.70872867 0.0014744798 0.70547962
vn -0.7072975 -0.00056162052 -0.70691574
vn -0.70718223 -0.00014302378 -0.70703137
vn -0.70718217 -0.00014302741 -0.70703131
vn -0.70729762 -0.00056181382 -0.70691574
vn -0.70185649 0.0012953302 0.71231729
vn -0.70775759 0.0003271953 0.70645535
vn -0.70775169 0.00033111061 0.70646119
vn -0.70224261 0.0016133623 0.71193588
vn 0.70662332 0.00089677825 0.70758939
vn 0.70361847 -0.013138324 0.71045649
vn 0.70361817 -0.013140418 0.71045685
vn 0.70662302 0.00089698262 0.70758957
vn 0.72095037 -0.0029364107 -0.69298035
vn 0.71100527 0.0026278663 -0.7031818
vn 0.71100426 0.0026283446 -0.70318282
vn 0.72087479 -0.0028933019 -0.69305933
vn -0.71076888 -0.014811373 -0.7032696
vn -0.7072975 -0.00056162052 -0.70691574
vn -0.70729762 -0.00056181382 -0.70691574
vn -0.71076632 -0.014800615 -0.70327258
vn -0.70710748 -1.2783826e-07 0.70710611
vn -0.70872623 0.0014722396 0.70548218
vn -0.70872867 0.0014744798 0.70547962
vn -0.70710748 -1.2831933e-07 0.70710617
vn -0.70775759 0.0003271953 0.70645535
vn -0.71414888 -0.0068336348 0.69996041
vn -0.71416205 -0.0068574673 0.69994676
vn -0.70775169 0.00033111061 0.70646119
vn 0.7055251 0.0014636794 -0.70868337
vn 0.70710653 6.1941819e-07 -0.70710707
vn 0.70710659 6.1901932e-07 -0.70710707
vn 0.70551783 0.0014704615 -0.7086907
vn 0.7055071 0.00010491091 0.70870292
vn 0.7055071 0.00010491091 0.70870292
vn 0.7055065 0.00010495155 0.7087034
vn 0.7055065 0.00010495151 0.70870334
vn -0.70097637 -0.0081847478 -0.71313757
vn -0.70097637 -0.0081847478 -0.71313757
vn -0.69956028 -0.0014394466 -0.71457219
vn -0.69956005 -0.0014385644 -0.71457237
vn -0.7074337 -1.6386197e-05 0.70677978
vn -0.7074337 -1.6386197e-05 0.70677978
vn -0.70743132 -1.6816099e-05 0.70678204
vn -0.70743144 -1.6816077e-05 0.70678216
vn 0.0008909803 -0.67106056 -0.74140197
vn 0.00089007634 -0.67198014 -0.74056876
vn 0.00097685121 -0.57059258 -0.82123274
vn 0.81380999 -0.58112925 0.0014762474
vn 0.81453812 -0.58010817 0.0014655043
vn 0.77849633 -0.62764752 0.0014015083
vn 0.73611587 -0.67685425 0.0013351139
vn -0.0012872063 -0.58021814 0.81445998
vn 0.00080459623 -0.67818135 0.73489416
vn 0.0014127706 -0.70474088 0.70946342
vn -0.81398511 -0.58088452 -0.001183746
vn -0.73510915 -0.67794806 -0.0010599248
vn -0.73527163 -0.67777175 -0.0010601785
vn 0.0014127706 -0.70474088 0.70946342
vn 0.00080459623 -0.67818135 0.73489416
vn 0.0031872154 -0.77719796 0.62924808
vn 0.0031872154 -0.77719796 0.62924808
vn -0.69956005 -0.0014385644 -0.71457237
vn -0.69956028 -0.0014394466 -0.71457219
vn -0.69660819 0.012122254 -0.71734935
vn 0.70707762 1.7508877e-05 -0.70713592
vn 0.70707762 1.7507069e-05 -0.70713592
vn 0.70707279 1.8574035e-05 -0.7071408
vn 0.7055065 0.00010495151 0.70870334
vn 0.7055065 0.00010495155 0.7087034
vn 0.70550555 0.00010503328 0.70870447
vn 0.70550555 0.00010503328 0.70870447
vn -0.70743144 -1.6816077e-05 0.70678216
vn -0.70743132 -1.6816099e-05 0.70678204
vn -0.70742667 -1.7680477e-05 0.70678675
vn 0.0008909803 -0.67106056 -0.74140197
vn 0.00077365909 -0.77324033 -0.63411272
vn 0.00089007634 -0.67198014 -0.74056876
vn 0.77849633 -0.62764752 0.0014015083
vn 0.81453812 -0.58010817 0.0014655043
vn 0.81612742 -0.57787019 0.0014419826
vn -0.73510915 -0.67794806 -0.0010599248
vn -0.63092428 -0.77584392 -0.00089817494
vn -0.73527163 -0.67777175 -0.0010601785
vn 0.77849633 -0.62764752 0.0014015083
vn 0.63335592 -0.7738598 0.0011484863
vn 0.73611587 -0.67685425 0.0013351139
vn 0.99230617 -0.12363414 -0.0065684863
vn 0.99122232 -0.13207261 -0.0059339982
vn 0.99994648 -0.0073164185 -0.0073155761
vn 0.99994648 -0.0073164185 -0.0073155761
vn -0.71232146 0.0012959832 -0.7018522
vn -0.71194011 0.0016141809 -0.70223832
vn -0.71387154 0 -0.70027673
vn -0.71387154 0 -0.70027673
vn 2.7592941e-07 -0.12968746 0.99155492
vn 2.9785568e-07 -0.12121727 0.99262601
vn 0 0 1
vn 0 0 1
vn 2.9785568e-07 -0.12121727 -0.99262601
vn 2.7592938e-07 -0.12968746 -0.99155486
vn 0 0 -1
vn 0 0 -1
vn -0.70223927 0.0016138601 -0.71193916
vn -0.70185322 0.0012957248 -0.71232051
vn -0.70027775 0 -0.71387053
vn -0.70027775 0 -0.71387053
vn 0.9914704 -0.13032943 -0.00081898365
vn 0.99243134 -0.12274691 -0.0036223207
vn 0.99998659 -0.0036582598 -0.0036582202
vn 1 0 -7.6324818e-07
vn -0.69736129 -0.16545261 -0.69736123
vn -0.69736129 -0.16545261 -0.69736123
vn -0.70710635 0 -0.70710719
vn -0.70710635 0 -0.70710719
vn -0.71193862 0.0016136921 0.70223981
vn -0.71232003 0.0012955907 0.70185363
vn -0.71387041 0 0.70027786
vn -0.71387041 0 0.70027786
vn 0.70224154 0.0016131928 0.71193689
vn 0.70185548 0.0012951945 0.71231824
vn 0.70028019 0 0.7138682
vn 0.70028019 0 0.7138682
vn -0.99254751 -0.12185826 3.009339e-06
vn -0.99147046 -0.13032928 -0.00081834983
vn -1 0 0
vn -1 0 8.3939312e-07
vn -0.69736129 -0.16545254 0.69736129
vn -0.69736129 -0.16545253 0.69736123
vn -0.70710635 0 0.70710719
vn -0.70710635 0 0.70710719
vn 0.71193999 0.0016141892 -0.70223844
vn 0.71232128 0.0012959798 -0.70185232
vn 0.71387154 0 -0.70027673
vn 0.71387154 0 -0.70027673
vn -0.00082725019 -0.13032463 -0.99147099
vn -0.00070198817 -0.12184734 -0.99254858
vn 0 0 -0.99999994
vn 0 0 -0.99999994
vn 0.69736099 -0.16545239 -0.69736159
vn 0.69736099 -0.16545239 -0.69736159
vn 0.70710635 0 -0.70710719
vn 0.70710635 0 -0.70710719
vn -0.99147046 -0.13032895 0.00082038069
vn -0.99254739 -0.12185746 0.00068200135
vn -1 0 0
vn -1 0 0
vn 0.69736105 -0.16545232 0.69736147
vn 0.69736105 -0.16545232 0.69736147
vn 0.70710635 0 0.70710719
vn 0.70710635 0 0.70710719
vn -0.00070255948 -0.12184716 0.99254864
vn -0.00082779699 -0.13032497 0.99147099
vn 0 0 1
vn 0 0 1
vn -0.70185649 0.0012953302 0.71231729
vn -0.70224261 0.0016133623 0.71193588
vn -0.70028073 0 0.71386755
vn -0.70028073 0 0.71386755
vn 0.70708001 1.6976277e-05 -0.70713347
vn 0.70708001 1.6976277e-05 -0.70713347
vn 0.70707762 1.7507069e-05 -0.70713592
vn 0.70707762 1.7508877e-05 -0.70713592
vn 0.346946 -0.93788511 -9.5318478e-07
vn 0.52573234 -0.85065001 -8.4008451e-07
vn 0.52520275 -0.85097706 -7.0608354e-07
vn 0.34694603 -0.93788511 -8.1374975e-07
vn 0.72645414 -0.68721497 -9.2683628e-08
vn 0.88468319 -0.46619195 0.00077670917
vn 0.88540262 -0.46482474 -1.9358446e-07
vn 0.72645396 -0.68721509 -3.9389718e-07
vn 0.9522205 -0.30541125 7.1705076e-06
vn 0.99122232 -0.13207261 -0.0059339982
vn 0.99230617 -0.12363414 -0.0065684863
vn 0.95188296 -0.30645663 -0.0017849377
vn 0.70188177 0.001287577 -0.71229231
vn 0.7055251 0.0014636794 -0.70868337
vn 0.70551783 0.0014704615 -0.7086907
vn 0.70228112 0.0016088182 -0.71189791
vn -0.52573192 -0.85065031 -5.9742121e-07
vn -0.72645348 -0.68721551 -4.2723693e-07
vn -0.68317062 -0.73025882 -2.072977e-07
vn -0.49164498 -0.87079567 8.6351179e-08
vn -0.72645348 -0.68721551 -4.2723693e-07
vn -0.88468313 -0.46619219 0.0007762537
vn -0.87158638 -0.4902418 0.00037831534
vn -0.68317062 -0.73025882 -2.072977e-07
vn 0.70027846 0 -0.71386975
vn 0.70188177 0.001287577 -0.71229231
vn 0.70228112 0.0016088182 -0.71189791
vn 0.70027846 0 -0.71386975
vn 0.52573234 -0.85065001 -8.4008451e-07
vn 0.72645414 -0.68721497 -9.2683628e-08
vn 0.72645396 -0.68721509 -3.9389718e-07
vn 0.52520275 -0.85097706 -7.0608354e-07
vn 0.88468319 -0.46619195 0.00077670917
vn 0.9522205 -0.30541125 7.1705076e-06
vn 0.95188296 -0.30645663 -0.0017849377
vn 0.88540262 -0.46482474 -1.9358446e-07
vn -0.3469463 -0.93788505 -5.6980952e-07
vn -0.52573192 -0.85065031 -5.9742121e-07
vn -0.49164498 -0.87079567 8.6351179e-08
vn -0.29801765 -0.95456034 1.7596908e-07
vn -6.6492623e-07 -0.99999994 -7.8496561e-07
vn -0.3469463 -0.93788505 -5.6980952e-07
vn -0.29801765 -0.95456034 1.7596908e-07
vn 9.5932364e-09 -1 -1.8297646e-14
vn -6.6492623e-07 -0.99999994 -7.8496561e-07
vn 0.346946 -0.93788511 -9.5318478e-07
vn 0.34694603 -0.93788511 -8.1374975e-07
vn 1.3200749e-07 -0.99999994 -7.8019673e-07
vn -0.88468313 -0.46619219 0.0007762537
vn -0.95142019 -0.30789027 0.0017906828
vn -0.94724405 -0.32050881 0.0016989352
vn -0.87158638 -0.4902418 0.00037831534
vn -0.95142019 -0.30789027 0.0017906828
vn -0.99147046 -0.13032895 0.00082038069
vn -0.94724405 -0.32050881 0.0016989352
vn 0 -0.68721485 0.72645414
vn 0 -0.85020334 0.52645451
vn 0 -0.8702054 0.4926891
vn 0 -0.73025852 0.68317074
vn -0.00082779699 -0.13032497 0.99147099
vn -0.0017892651 -0.30790344 0.95141596
vn -0.0016558563 -0.32052988 0.94723696
vn 0 -0.85020334 0.52645451
vn 0 -0.93776232 0.3472777
vn 0 -0.95466083 0.29769588
vn 0 -0.8702054 0.4926891
vn 8.0260897e-08 -0.93788505 -0.34694612
vn 8.2226869e-08 -0.99999982 -0.00049559231
vn 0 -0.99999994 -0.00049517187
vn 0 -0.93788511 -0.346946
vn 0 -0.85065007 -0.52573234
vn 8.0260897e-08 -0.93788505 -0.34694612
vn 0 -0.93788511 -0.346946
vn 0 -0.85065007 -0.52573234
vn -0.00075815903 -0.46621081 -0.88467336
vn 0 -0.68721521 -0.72645384
vn 0 -0.68721527 -0.72645372
vn -0.0010391549 -0.46591556 -0.88482863
vn -0.00082725019 -0.13032463 -0.99147099
vn -0.0017887759 -0.30790269 -0.95141613
vn -0.00173217 -0.30730212 -0.95161039
vn -0.00070198817 -0.12184734 -0.99254858
vn 0.71231943 0.0012958533 0.70185423
vn 0.70872509 0.0014725383 0.70548332
vn 0.70872754 0.0014747789 0.70548075
vn 0.71193802 0.0016140196 0.70224041
vn -0.0017892651 -0.30790344 0.95141596
vn -0.00075837143 -0.46621069 0.88467348
vn -0.00035177008 -0.49025312 0.87158
vn -0.0016558563 -0.32052988 0.94723696
vn -0.00075837143 -0.46621069 0.88467348
vn 0 -0.68721485 0.72645414
vn 0 -0.73025852 0.68317074
vn -0.00035177008 -0.49025312 0.87158
vn 0 -0.93776232 0.3472777
vn 8.2226869e-08 -0.99999982 -0.00049559231
vn 1.6424987e-07 -1 -0.00018681299
vn 0 -0.95466083 0.29769588
vn 0 -0.68721521 -0.72645384
vn 0 -0.85065007 -0.52573234
vn 0 -0.85065007 -0.52573234
vn 0 -0.68721527 -0.72645372
vn -0.0017887759 -0.30790269 -0.95141613
vn -0.00075815903 -0.46621081 -0.88467336
vn -0.0010391549 -0.46591556 -0.88482863
vn -0.00173217 -0.30730212 -0.95161039
vn 0.71386981 0 0.7002784
vn 0.71231943 0.0012958533 0.70185423
vn 0.71193802 0.0016140196 0.70224041
vn 0.71386981 0 0.7002784
vn 0.72725421 -0.68636811 9.7047263e-08
vn 0.88580644 -0.46405417 -0.00078018173
vn 0.87306374 -0.48760596 -0.00038412018
vn 0.6830138 -0.73040545 9.5597713e-08
vn 0.88580644 -0.46405417 -0.00078018173
vn 0.95142108 -0.30788738 -0.0017908547
vn 0.94724548 -0.32050434 -0.0017084093
vn 0.87306374 -0.48760596 -0.00038412018
vn 0.34694639 -0.93788487 -4.5004676e-08
vn 0.52467293 -0.85130394 9.2856752e-08
vn 0.49109739 -0.87110466 -6.8285367e-08
vn 0.2980178 -0.95456034 -1.7630235e-07
vn -0.52573156 -0.85065049 -1.0701237e-06
vn -0.7264536 -0.68721551 -9.1591278e-07
vn -0.72645384 -0.68721521 -8.7244689e-07
vn -0.52573192 -0.85065031 -1.5632928e-06
vn -0.88468552 -0.46618766 -0.00078057166
vn -0.95142108 -0.30788726 -0.0017904773
vn -0.95161682 -0.30728716 2.7383542e-06
vn -0.88484156 -0.46589187 -1.0522153e-07
vn -0.3469463 -0.93788499 -1.2639383e-06
vn -0.52573156 -0.85065049 -1.0701237e-06
vn -0.52573192 -0.85065031 -1.5632928e-06
vn -0.34694624 -0.93788493 -2.0312584e-06
vn -3.3735245e-07 -1 -7.3369353e-07
vn 0.34694639 -0.93788487 -4.5004676e-08
vn 0.2980178 -0.95456034 -1.7630235e-07
vn -6.5234008e-07 -1 1.2715675e-09
vn 0.95142108 -0.30788738 -0.0017908547
vn 0.9914704 -0.13032943 -0.00081898365
vn 0.94724548 -0.32050434 -0.0017084093
vn 0.52467293 -0.85130394 9.2856752e-08
vn 0.72725421 -0.68636811 9.7047263e-08
vn 0.6830138 -0.73040545 9.5597713e-08
vn 0.49109739 -0.87110466 -6.8285367e-08
vn -3.3735245e-07 -1 -7.3369353e-07
vn -0.3469463 -0.93788499 -1.2639383e-06
vn -0.34694624 -0.93788493 -2.0312584e-06
vn -2.8357164e-07 -1 -1.5192971e-06
vn -0.7264536 -0.68721551 -9.1591278e-07
vn -0.88468552 -0.46618766 -0.00078057166
vn -0.88484156 -0.46589187 -1.0522153e-07
vn -0.72645384 -0.68721521 -8.7244689e-07
vn -0.95142108 -0.30788726 -0.0017904773
vn -0.99147046 -0.13032928 -0.00081834983
vn -0.99254751 -0.12185826 3.009339e-06
vn -0.95161682 -0.30728716 2.7383542e-06
vn 2.2628375e-07 -0.46657217 -0.8844831
vn 0 -0.68721527 -0.72645372
vn 0 -0.73025882 -0.68317068
vn 3.3362417e-07 -0.49030104 -0.87155312
vn 0 -0.68721515 0.72645396
vn 0 -0.85065007 0.52573222
vn 0 -0.85065001 0.52573234
vn 0 -0.68721527 0.72645378
vn 3.744197e-07 -0.30784324 0.95143712
vn 2.262838e-07 -0.46657193 0.88448322
vn 0 -0.46657202 0.88448322
vn 2.9638321e-07 -0.30784321 0.95143712
vn 0 -0.93788505 0.34694627
vn 0 -1 -3.2268483e-07
vn 0 -1 -7.5293127e-07
vn 0 -0.93788505 0.34694621
vn 0 -0.68721527 -0.72645372
vn 0 -0.85065025 -0.52573204
vn 0 -0.87059861 -0.49199396
vn 0 -0.73025882 -0.68317068
vn 2.7592938e-07 -0.12968746 -0.99155486
vn 3.7441961e-07 -0.30784315 -0.95143712
vn 5.3335299e-07 -0.31993559 -0.94743925
vn 0 -0.85065025 -0.52573204
vn 0 -0.93788505 -0.34694618
vn 0 -0.95431548 -0.2988005
vn 0 -0.87059861 -0.49199396
vn 3.7441961e-07 -0.30784315 -0.95143712
vn 2.2628375e-07 -0.46657217 -0.8844831
vn 3.3362417e-07 -0.49030104 -0.87155312
vn 5.3335299e-07 -0.31993559 -0.94743925
vn 0 -0.93788505 -0.34694618
vn 0 -1 -3.2268483e-07
vn 0 -0.99999267 0.003828984
vn 0 -0.95431548 -0.2988005
vn 2.262838e-07 -0.46657193 0.88448322
vn 0 -0.68721515 0.72645396
vn 0 -0.68721527 0.72645378
vn 0 -0.46657202 0.88448322
vn 2.7592941e-07 -0.12968746 0.99155492
vn 3.744197e-07 -0.30784324 0.95143712
vn 2.9638321e-07 -0.30784321 0.95143712
vn 2.9785568e-07 -0.12121727 0.99262601
vn 0 -0.85065007 0.52573222
vn 0 -0.93788505 0.34694627
vn 0 -0.93788505 0.34694621
vn 0 -0.85065001 0.52573234
vn 0 -0.93776232 0.34727785
vn 0 -0.99999994 -0.00049547496
vn 3.2624392e-10 -0.99999994 -0.00049572426
vn -1.8160621e-07 -0.93776232 0.34727779
vn 0.29801694 -0.95456058 -1.8918239e-07
vn 0.4916454 -0.87079543 -1.4197786e-07
vn 0.52573222 -0.85065007 -8.4008735e-07
vn 0.34694573 -0.93788522 -9.5318774e-07
vn 0.4916454 -0.87079543 -1.4197786e-07
vn 0.68317068 -0.73025882 1.5917568e-07
vn 0.72645414 -0.68721497 -9.2683877e-08
vn 0.52573222 -0.85065007 -8.4008735e-07
vn 0.68317068 -0.73025882 1.5917568e-07
vn 0.87158638 -0.49024183 0.00037891945
vn 0.88468313 -0.46619207 0.00077682192
vn 0.72645414 -0.68721497 -9.2683877e-08
vn 0.87158638 -0.49024183 0.00037891945
vn 0.94819325 -0.31768972 0.0016705454
vn 0.95222056 -0.30541122 7.2826688e-06
vn 0.88468313 -0.46619207 0.00077682192
vn 0.94819325 -0.31768972 0.0016705454
vn 0.99122238 -0.1320727 -0.0059340051
vn 0.95222056 -0.30541122 7.2826688e-06
vn -6.2355997e-07 -1 1.2715575e-09
vn -0.29801688 -0.95456064 2.0448306e-07
vn -0.34694612 -0.93788505 1.0956683e-07
vn -6.8448287e-08 -0.99999994 5.4041505e-09
vn -2.860007e-07 -0.87079543 0.49164557
vn -9.9427488e-08 -0.85065001 0.52573234
vn 0 -0.68721557 0.72645348
vn 0 -0.73025906 0.68317038
vn 0 -0.73025906 0.68317038
vn 0 -0.68721557 0.72645348
vn 2.2628387e-07 -0.46657258 0.88448292
vn 3.3362429e-07 -0.49030176 0.87155271
vn 3.3362429e-07 -0.49030176 0.87155271
vn 2.2628387e-07 -0.46657258 0.88448292
vn 9.4634322e-07 -0.30784276 0.95143723
vn 1.4727156e-06 -0.31993514 0.94743955
vn 1.4727156e-06 -0.31993514 0.94743955
vn 9.4634322e-07 -0.30784276 0.95143723
vn 4.4152759e-07 -0.12968718 0.99155498
vn 0.34694549 -0.93788528 7.795655e-08
vn 0.52467227 -0.85130435 1.9065303e-07
vn 0.52467293 -0.85130394 9.2856716e-08
vn 0.34694585 -0.93788522 -4.5004807e-08
vn -2.8357164e-07 -1 -1.5192971e-06
vn -0.34694624 -0.93788493 -2.0312584e-06
vn -0.346946 -0.93788505 -5.6981105e-07
vn -3.5201978e-07 -1 -7.8496799e-07
vn 3.4282075e-07 -0.95456052 -0.2980172
vn 1.815536e-07 -0.93788505 -0.34694615
vn 1.0109641e-07 -0.85065007 -0.52573228
vn 2.9243972e-07 -0.87115586 -0.49100655
vn 2.9243972e-07 -0.87115586 -0.49100655
vn 1.0109641e-07 -0.85065007 -0.52573228
vn 0 -0.68721533 -0.72645372
vn 0 -0.72913748 -0.6843673
vn 0 -0.72913748 -0.6843673
vn 0 -0.68721533 -0.72645372
vn -0.00075815886 -0.46621099 -0.88467324
vn -0.00035526705 -0.48959669 -0.87194896
vn -0.00035526705 -0.48959669 -0.87194896
vn -0.00075815886 -0.46621099 -0.88467324
vn -0.0017887753 -0.30790296 -0.95141613
vn -0.0016558564 -0.32052934 -0.94723719
vn -0.0016558564 -0.32052934 -0.94723719
vn -0.0017887753 -0.30790296 -0.95141613
vn -0.00082724949 -0.13032433 -0.99147105
vn 2.8779695e-08 -0.99999994 -1.8297638e-14
vn 0.29801694 -0.95456058 -1.8918239e-07
vn 0.34694573 -0.93788522 -9.5318774e-07
vn -3.5201978e-07 -1 -7.8496799e-07
vn -0.49164531 -0.87079555 8.1081936e-08
vn -0.68316978 -0.73025966 -3.4986795e-07
vn -0.7264533 -0.68721592 -7.415772e-07
vn -0.5257318 -0.85065037 -3.3167302e-07
vn -0.68316978 -0.73025966 -3.4986795e-07
vn -0.87158775 -0.49023941 -0.00038457985
vn -0.8846854 -0.46618789 -0.00078048662
vn -0.7264533 -0.68721592 -7.415772e-07
vn -0.87158775 -0.49023941 -0.00038457985
vn -0.94724548 -0.32050434 -0.0017084036
vn -0.95142108 -0.30788726 -0.0017903304
vn -0.8846854 -0.46618789 -0.00078048662
vn -0.94724548 -0.32050434 -0.0017084036
vn -0.99147046 -0.130329 -0.00081807305
vn -0.95142108 -0.30788726 -0.0017903304
vn -0.29801688 -0.95456064 2.0448306e-07
vn -0.49164531 -0.87079555 8.1081936e-08
vn -0.5257318 -0.85065037 -3.3167302e-07
vn -0.34694612 -0.93788505 1.0956683e-07
vn -0.88484156 -0.46589187 -1.0522153e-07
vn -0.95161682 -0.30728716 2.7383542e-06
vn -0.95142025 -0.30789021 0.0017906812
vn -0.88468307 -0.46619236 0.0007762537
vn -0.52573192 -0.85065031 -1.5632928e-06
vn -0.72645384 -0.68721521 -8.7244689e-07
vn -0.72645366 -0.68721539 -4.2723747e-07
vn -0.52573216 -0.85065007 -5.9742263e-07
vn -0.95161682 -0.30728716 2.7383542e-06
vn -0.99254751 -0.12185826 3.009339e-06
vn -0.99147052 -0.13032833 0.00082116533
vn -0.95142025 -0.30789021 0.0017906812
vn -0.72645384 -0.68721521 -8.7244689e-07
vn -0.88484156 -0.46589187 -1.0522153e-07
vn -0.88468307 -0.46619236 0.0007762537
vn -0.72645366 -0.68721539 -4.2723747e-07
vn -3.3819813e-07 -0.9545604 0.29801723
vn -1.7890933e-07 -0.93788505 0.34694618
vn -9.9427488e-08 -0.85065001 0.52573234
vn -2.860007e-07 -0.87079543 0.49164557
vn -0.0017331627 -0.30730191 0.95161051
vn -0.0010395794 -0.46591604 0.88482833
vn -0.00075837149 -0.46621126 0.88467306
vn -0.0017892647 -0.30790308 0.95141608
vn 0 -0.68721551 0.7264536
vn 0 -0.85020328 0.52645463
vn -1.0143209e-07 -0.85020316 0.52645469
vn 0 -0.68721551 0.72645366
vn 4.1068975e-07 -1 9.536719e-09
vn 0.34694549 -0.93788528 7.795655e-08
vn 0.34694585 -0.93788522 -4.5004807e-08
vn -6.8448287e-08 -0.99999994 5.4041505e-09
vn -0.00070255873 -0.12184674 0.9925487
vn -0.0017331627 -0.30730191 0.95161051
vn -0.0017892647 -0.30790308 0.95141608
vn -0.000827796 -0.13032456 0.99147099
vn -0.0010395794 -0.46591604 0.88482833
vn 0 -0.68721551 0.7264536
vn 0 -0.68721551 0.72645366
vn -0.00075837149 -0.46621126 0.88467306
vn 0 -0.85020328 0.52645463
vn 0 -0.93776232 0.34727785
vn -1.8160621e-07 -0.93776232 0.34727779
vn -1.0143209e-07 -0.85020316 0.52645469
vn 0.95161581 -0.3072857 -0.0017074693
vn 0.99254715 -0.12185938 -0.00067712716
vn 0.99147046 -0.13032934 -0.00081862567
vn 0.95142108 -0.30788726 -0.0017908551
vn 0.72725344 -0.686369 1.2351477e-07
vn 0.88596231 -0.46375638 -0.0010391079
vn 0.88580608 -0.46405488 -0.00078018167
vn 0.72725379 -0.6863687 9.7047298e-08
vn -0.34694624 -0.93788493 -2.0312584e-06
vn -0.52573192 -0.85065031 -1.5632928e-06
vn -0.52573216 -0.85065007 -5.9742263e-07
vn -0.346946 -0.93788505 -5.6981105e-07
vn 0.88596231 -0.46375638 -0.0010391079
vn 0.95161581 -0.3072857 -0.0017074693
vn 0.95142108 -0.30788726 -0.0017908551
vn 0.88580608 -0.46405488 -0.00078018167
vn 0.52467227 -0.85130435 1.9065303e-07
vn 0.72725344 -0.686369 1.2351477e-07
vn 0.72725379 -0.6863687 9.7047298e-08
vn 0.52467293 -0.85130394 9.2856716e-08
vn 2.4547528e-10 -1 -0.00018664049
vn 3.2624392e-10 -0.99999994 -0.00049572426
vn 1.815536e-07 -0.93788505 -0.34694615
vn 3.4282075e-07 -0.95456052 -0.2980172
vn 2.9785548e-07 -0.12121733 -0.99262589
vn 2.9638304e-07 -0.30784318 -0.95143712
vn 9.4634316e-07 -0.30784315 -0.95143712
vn 4.4152753e-07 -0.12968753 -0.99155486
vn 0 -0.46657267 -0.88448286
vn 0 -0.68721575 -0.72645342
vn 0 -0.68721569 -0.72645342
vn 2.2628379e-07 -0.46657246 -0.88448292
vn 0 -0.85065031 -0.5257318
vn 0 -0.93788505 -0.34694624
vn 1.8033765e-07 -0.93788505 -0.34694615
vn 1.0032832e-07 -0.85065025 -0.52573192
vn -3.915853e-09 -0.99999267 0.003828896
vn 5.3887411e-10 -1 -3.56909e-07
vn -1.7890933e-07 -0.93788505 0.34694618
vn -3.3819813e-07 -0.9545604 0.29801723
vn 2.9638304e-07 -0.30784318 -0.95143712
vn 0 -0.46657267 -0.88448286
vn 2.2628379e-07 -0.46657246 -0.88448292
vn 9.4634316e-07 -0.30784315 -0.95143712
vn 0 -0.68721575 -0.72645342
vn 0 -0.85065031 -0.5257318
vn 1.0032832e-07 -0.85065025 -0.52573192
vn 0 -0.68721569 -0.72645342
vn 0 -0.93788505 -0.34694624
vn 0 -1 -7.2359626e-07
vn 5.3887411e-10 -1 -3.56909e-07
vn 1.8033765e-07 -0.93788505 -0.34694615
vn -0.7069518 -0.00021549397 -0.70726156
vn -0.7169652 0.0010061703 -0.69710815
vn -0.71693766 0.0010068414 -0.69713652
vn -0.70695108 -0.00021635865 -0.70726228
vn 0.69956869 -0.028051976 -0.71401465
vn 0.70369864 -0.011910765 -0.71039873
vn 0.70369983 -0.011905691 -0.7103976
vn 0.69956869 -0.028051976 -0.71401465
vn 0.70816112 -0.0055072969 0.70602947
vn 0.70714718 0.0009550692 0.70706576
vn 0.70714694 0.00095262943 0.70706606
vn 0.70816547 -0.0055172304 0.70602489
vn 0.71064168 -0.014038837 -0.70341402
vn 0.71402001 -0.028076155 -0.69956213
vn 0.71402001 -0.028076155 -0.69956213
vn 0.71064055 -0.014034442 -0.70341527
vn -0.69955999 -0.028082913 0.7140218
vn -0.70341092 -0.014044699 0.71064478
vn -0.70341212 -0.014039999 0.71064347
vn -0.69955999 -0.028082913 0.7140218
vn 0.70710492 1.6103263e-06 -0.70710862
vn 0.71064168 -0.014038837 -0.70341402
vn 0.71064055 -0.014034442 -0.70341527
vn 0.70710504 1.6103477e-06 -0.70710862
vn -0.70608002 -0.00098945119 -0.70813137
vn -0.7069518 -0.00021549397 -0.70726156
vn -0.70695108 -0.00021635865 -0.70726228
vn -0.7060799 -0.00098958379 -0.70813149
vn -0.70952272 -0.0090949172 0.70462388
vn -0.71084076 -0.015993411 0.70317113
vn -0.71083987 -0.015989935 0.70317221
vn -0.7095263 -0.0091042928 0.70462006
vn -0.70341092 -0.014044699 0.71064478
vn -0.70710504 -2.4373958e-06 0.70710844
vn -0.70710504 -2.4378216e-06 0.7071085
vn -0.70341212 -0.014039999 0.71064347
vn 0.70714718 0.0009550692 0.70706576
vn 0.70699346 0.0023078378 0.70721638
vn 0.70699269 0.0023051992 0.7072171
vn 0.70714694 0.00095262943 0.70706606
vn 0.70369864 -0.011910765 -0.71039873
vn 0.70442295 0.013497631 -0.70965213
vn 0.70443445 0.013464996 -0.70964146
vn 0.70369983 -0.011905691 -0.7103976
vn 0.70710576 7.8325587e-07 -0.70710778
vn 0.70710492 1.6103263e-06 -0.70710862
vn 0.70710504 1.6103477e-06 -0.70710862
vn 0.70710576 7.8327821e-07 -0.70710778
vn -0.7084012 0.001308323 -0.70580876
vn -0.70608002 -0.00098945119 -0.70813137
vn -0.7060799 -0.00098958379 -0.70813149
vn -0.70840412 0.001310804 -0.70580584
vn -0.71403146 -0.01270103 0.69999838
vn -0.70952272 -0.0090949172 0.70462388
vn -0.7095263 -0.0091042928 0.70462006
vn -0.71404254 -0.012695585 0.69998711
vn -0.70710504 -2.4373958e-06 0.70710844
vn -0.70710593 -1.4026763e-06 0.7071076
vn -0.70710599 -1.40268e-06 0.7071076
vn -0.70710504 -2.4378216e-06 0.7071085
vn 0.70699346 0.0023078378 0.70721638
vn 0.70515579 0.0016364437 0.70905042
vn 0.70515388 0.001638427 0.70905244
vn 0.70699269 0.0023051992 0.7072171
vn 0.70442295 0.013497631 -0.70965213
vn 0.71584851 0.007268331 -0.69821781
vn 0.71580166 0.0073184599 -0.69826531
vn 0.70443445 0.013464996 -0.70964146
vn 0.70710629 0 -0.70710725
vn 0.70710576 7.8325587e-07 -0.70710778
vn 0.70710576 7.8327821e-07 -0.70710778
vn 0.70710623 0 -0.70710731
vn -0.7123217 0.001295718 -0.70185202
vn -0.7084012 0.001308323 -0.70580876
vn -0.70840412 0.001310804 -0.70580584
vn -0.71194029 0.0016138505 -0.7022382
vn -0.71414906 -0.0068328883 0.69996023
vn -0.71403146 -0.01270103 0.69999838
vn -0.71404254 -0.012695585 0.69998711
vn -0.71416217 -0.0068567237 0.69994664
vn -0.70710593 -1.4026763e-06 0.7071076
vn -0.70710641 -1.0569662e-06 0.70710719
vn -0.70710641 -1.0568493e-06 0.70710719
vn -0.70710599 -1.40268e-06 0.7071076
vn 0.71584851 0.007268331 -0.69821781
vn 0.72095013 -0.002936716 -0.69298071
vn 0.72087455 -0.0028935971 -0.69305962
vn 0.71580166 0.0073184599 -0.69826531
vn 0.70515579 0.0016364437 0.70905042
vn 0.7018553 0.0012957235 0.71231842
vn 0.70224136 0.0016138456 0.71193719
vn 0.70515388 0.001638427 0.70905244
vn 0.64424652 -0.41218057 0.64424652
vn 0.69736147 -0.16545254 0.69736105
vn 0.69736147 -0.16545254 0.69736105
vn 0.64424652 -0.41218051 0.64424652
vn 0.56896383 -0.59376878 0.56896293
vn 0.64424652 -0.41218057 0.64424652
vn 0.64424652 -0.41218051 0.64424652
vn 0.56896383 -0.59376872 0.56896293
vn 0.42859352 -0.79537171 0.42859247
vn 0.56896383 -0.59376878 0.56896293
vn 0.56896383 -0.59376872 0.56896293
vn 0.42859328 -0.79537189 0.42859221
vn 0.28375408 -0.91595161 0.28375378
vn 0.42859352 -0.79537171 0.42859247
vn 0.42859328 -0.79537189 0.42859221
vn 0.28375408 -0.91595161 0.28375378
vn 0.1805069 -0.96684915 0.18061015
vn 0.28375408 -0.91595161 0.28375378
vn 0.28375408 -0.91595161 0.28375378
vn 0.18050687 -0.96684909 0.18061014
vn -0.69736159 -0.16545235 0.69736111
vn -0.64424586 -0.4121812 0.64424682
vn -0.64424598 -0.41218075 0.64424694
vn -0.69736147 -0.16545232 0.69736105
vn -0.64424586 -0.4121812 0.64424682
vn -0.5689618 -0.59377009 0.56896359
vn -0.5689618 -0.59377003 0.56896365
vn -0.64424598 -0.41218075 0.64424694
vn -0.5689618 -0.59377009 0.56896359
vn -0.42858902 -0.79537642 0.42858836
vn -0.42859581 -0.79536891 0.42859516
vn -0.5689618 -0.59377003 0.56896365
vn -0.42858902 -0.79537642 0.42858836
vn -0.28339687 -0.91586667 0.28438458
vn -0.28337294 -0.91588128 0.28436112
vn -0.42859581 -0.79536891 0.42859516
vn -0.28339687 -0.91586667 0.28438458
vn -0.18009371 -0.96673101 0.18165213
vn -0.17954661 -0.96693605 0.18110088
vn -0.28337294 -0.91588128 0.28436112
vn 0.6442405 -0.41219506 -0.64424336
vn 0.69736159 -0.16545191 -0.69736111
vn 0.69736159 -0.16545191 -0.69736111
vn 0.64424646 -0.41217637 -0.64424932
vn 0.57061434 -0.5931322 -0.5679732
vn 0.6442405 -0.41219506 -0.64424336
vn 0.64424646 -0.41217637 -0.64424932
vn 0.57058173 -0.59319639 -0.5679388
vn 0.43155295 -0.79459012 -0.4270699
vn 0.57061434 -0.5931322 -0.5679732
vn 0.57058173 -0.59319639 -0.5679388
vn 0.43059078 -0.79562318 -0.42611644
vn 0.28015399 -0.91528469 -0.28942627
vn 0.43155295 -0.79459012 -0.4270699
vn 0.43059078 -0.79562318 -0.42611644
vn 0.27972811 -0.91551644 -0.289105
vn 0.16964653 -0.96767575 -0.18661126
vn 0.28015399 -0.91528469 -0.28942627
vn 0.27972811 -0.91551644 -0.289105
vn 0.17545007 -0.96539909 -0.19292974
vn -0.18009371 -0.96673101 0.18165213
vn -0.12303188 -0.98460561 0.12415688
vn -0.12303188 -0.98460561 0.12415688
vn -0.17954661 -0.96693605 0.18110088
vn 0.11616517 -0.98489833 -0.12837771
vn 0.16964653 -0.96767575 -0.18661126
vn 0.17545007 -0.96539909 -0.19292974
vn 0.11616517 -0.98489833 -0.12837771
vn -0.64420182 -0.41227734 -0.64422923
vn -0.69736159 -0.16545212 -0.69736111
vn -0.69736159 -0.16545212 -0.69736111
vn -0.64424354 -0.4121471 -0.6442709
vn -0.56113487 -0.59080178 -0.57972473
vn -0.64420182 -0.41227734 -0.64422923
vn -0.64424354 -0.4121471 -0.6442709
vn -0.56176019 -0.58979058 -0.5801487
vn -0.41708907 -0.79063171 -0.44826132
vn -0.56113487 -0.59080178 -0.57972473
vn -0.56176019 -0.58979058 -0.5801487
vn -0.41174334 -0.7966159 -0.44257259
vn -0.27657667 -0.91651118 -0.28898558
vn -0.41708907 -0.79063171 -0.44826132
vn -0.41174334 -0.7966159 -0.44257259
vn -0.27628407 -0.91671997 -0.28860274
vn -0.18051845 -0.96684486 -0.18062139
vn -0.27657667 -0.91651118 -0.28898558
vn -0.27628407 -0.91671997 -0.28860274
vn -0.18046485 -0.96686494 -0.18056786
vn 0.12364456 -0.98456728 0.1238514
vn 0.1805069 -0.96684915 0.18061015
vn 0.18050687 -0.96684909 0.18061014
vn 0.12364456 -0.98456728 0.1238514
vn -0.12361086 -0.98457742 -0.12380418
vn -0.18051845 -0.96684486 -0.18062139
vn -0.18046485 -0.96686494 -0.18056786
vn -0.12361086 -0.98457742 -0.12380418
vn -0.71084076 -0.015993411 0.70317113
vn -0.71394616 -0.02777377 0.69964945
vn -0.71394616 -0.02777377 0.69964945
vn -0.71083987 -0.015989935 0.70317221
vn -0.70548147 0.001473419 -0.70872676
vn -0.70185143 0.001295859 -0.71232224
vn -0.70223761 0.0016140271 -0.71194082
vn -0.70547903 0.0014756605 -0.70872933
vn 0.71195376 -0.022075359 0.7018792
vn 0.70816112 -0.0055072969 0.70602947
vn 0.70816547 -0.0055172304 0.70602489
vn 0.71194166 -0.022005498 0.70189375
vn 0.70872402 0.0014720884 0.70548433
vn 0.7071054 -4.3754679e-07 0.7071082
vn 0.70710546 -4.3782811e-07 0.7071082
vn 0.70872647 0.0014743295 0.70548183
vn -0.7169652 0.0010061703 -0.69710815
vn -0.70470643 -0.00786018 -0.70945543
vn -0.70461118 -0.0078990348 -0.70954973
vn -0.71693766 0.0010068414 -0.69713652
vn 0.7036202 -0.013138262 0.7104547
vn 0.70109433 -0.027785327 0.71252704
vn 0.70109433 -0.027785327 0.71252704
vn 0.7036199 -0.013140354 0.710455
vn -0.70710641 4.3754684e-07 -0.70710719
vn -0.70548147 0.001473419 -0.70872676
vn -0.70547903 0.0014756605 -0.70872933
vn -0.70710635 4.3782811e-07 -0.70710713
vn -0.71404493 -0.028776705 -0.69950819
vn -0.71077132 -0.014811848 -0.7032671
vn -0.71076876 -0.014801128 -0.70327002
vn -0.71404493 -0.028776705 -0.69950819
vn 0.7071054 -4.3754679e-07 0.7071082
vn 0.70718354 0.00014254842 0.70703
vn 0.70718354 0.00014255282 0.70703
vn 0.70710546 -4.3782811e-07 0.7071082
vn 0.71419865 -0.035433687 0.6990456
vn 0.71195376 -0.022075359 0.7018792
vn 0.71194166 -0.022005498 0.70189375
vn 0.71419865 -0.035433687 0.6990456
vn -0.70470643 -0.00786018 -0.70945543
vn -0.68302989 -0.016551053 -0.73020279
vn -0.68302989 -0.016551053 -0.73020279
vn -0.70461118 -0.0078990348 -0.70954973
vn -0.70718408 -0.0001448991 -0.70702952
vn -0.70710641 4.3754684e-07 -0.70710719
vn -0.70710635 4.3782811e-07 -0.70710713
vn -0.70718414 -0.00014490321 -0.70702952
vn 0.70718354 0.00014254842 0.70703
vn 0.70662409 0.00089498109 0.70758861
vn 0.70662385 0.00089518394 0.70758879
vn 0.70718354 0.00014255282 0.70703
vn 0.71100497 0.0026276216 -0.7031821
vn 0.71232104 0.0012951877 -0.70185262
vn 0.71193963 0.0016132023 -0.7022388
vn 0.71100402 0.0026280973 -0.70318311
vn -0.70872492 0.0014720883 0.70548344
vn -0.71231908 0.0012954586 0.70185465
vn -0.71193773 0.0016135274 0.70224082
vn -0.70872736 0.0014743297 0.70548099
vn -0.70730078 -0.00056339102 -0.70691258
vn -0.70718408 -0.0001448991 -0.70702952
vn -0.70718414 -0.00014490321 -0.70702952
vn -0.70730078 -0.00056358398 -0.70691252
vn -0.70185643 0.0012957267 0.71231723
vn -0.70775759 0.00032807994 0.70645529
vn -0.70775169 0.00033199546 0.70646113
vn -0.70224255 0.0016138499 0.71193588
vn 0.70662409 0.00089498109 0.70758861
vn 0.7036202 -0.013138262 0.7104547
vn 0.7036199 -0.013140354 0.710455
vn 0.70662385 0.00089518394 0.70758879
vn 0.72095013 -0.002936716 -0.69298071
vn 0.71100497 0.0026276216 -0.7031821
vn 0.71100402 0.0026280973 -0.70318311
vn 0.72087455 -0.0028935971 -0.69305962
vn -0.71077132 -0.014811848 -0.7032671
vn -0.70730078 -0.00056339102 -0.70691258
vn -0.70730078 -0.00056358398 -0.70691252
vn -0.71076876 -0.014801128 -0.70327002
vn -0.70710641 -1.0569662e-06 0.70710719
vn -0.70872492 0.0014720883 0.70548344
vn -0.70872736 0.0014743297 0.70548099
vn -0.70710641 -1.0568493e-06 0.70710719
vn -0.70775759 0.00032807994 0.70645529
vn -0.71414906 -0.0068328883 0.69996023
vn -0.71416217 -0.0068567237 0.69994664
vn -0.70775169 0.00033199546 0.70646113
vn 0.70552421 0.0014639853 -0.70868421
vn 0.70710629 0 -0.70710725
vn 0.70710623 0 -0.70710731
vn 0.70551687 0.0014707708 -0.70869154
vn 0.70550895 0.0001023165 0.70870095
vn 0.70550895 0.0001023165 0.70870095
vn 0.70550805 0.00010533537 0.70870179
vn 0.70550811 0.00010533375 0.70870179
vn -0.7009744 -0.0081841964 -0.71313947
vn -0.7009744 -0.0081841964 -0.71313947
vn -0.69955891 -0.0014375491 -0.7145735
vn -0.69955873 -0.0014366914 -0.71457368
vn -0.70743179 -1.738209e-05 0.70678169
vn -0.70743179 -1.738209e-05 0.70678169
vn -0.70743304 -1.5493246e-05 0.70678049
vn -0.70743299 -1.5493348e-05 0.70678049
vn 0.0008878599 -0.6710602 -0.74140239
vn 0.00088705798 -0.67197901 -0.74056959
vn 0.00096328353 -0.57059288 -0.8212325
vn 0.81381488 -0.5811224 0.001476232
vn 0.81449527 -0.58016843 0.0014654087
vn 0.7784524 -0.62770218 0.0014014295
vn 0.73611295 -0.67685729 0.0013351188
vn -0.0012756992 -0.58021176 0.81446475
vn 0.00081500271 -0.67817861 0.73489666
vn 0.001422814 -0.70473862 0.70946556
vn -0.8139751 -0.58089858 -0.0011837707
vn -0.73510873 -0.67794836 -0.0010599272
vn -0.73527104 -0.6777724 -0.0010601806
vn 0.001422814 -0.70473862 0.70946556
vn 0.00081500271 -0.67817861 0.73489666
vn 0.0031961419 -0.7771982 0.62924784
vn 0.0031961419 -0.7771982 0.62924784
vn -0.69955873 -0.0014366914 -0.71457368
vn -0.69955891 -0.0014375491 -0.7145735
vn -0.69660813 0.012126821 -0.71734935
vn 0.70707929 1.7891954e-05 -0.70713431
vn 0.70707923 1.7897195e-05 -0.70713425
vn 0.70708162 1.4803528e-05 -0.70713192
vn 0.70550811 0.00010533375 0.70870179
vn 0.70550805 0.00010533537 0.70870179
vn 0.70550632 0.00011140502 0.70870358
vn 0.70550632 0.00011140502 0.70870358
vn -0.70743299 -1.5493348e-05 0.70678049
vn -0.70743304 -1.5493246e-05 0.70678049
vn -0.70743543 -1.1695467e-05 0.70677793
vn 0.0008878599 -0.6710602 -0.74140239
vn 0.00078265747 -0.7732386 -0.63411462
vn 0.00088705798 -0.67197901 -0.74056959
vn 0.7784524 -0.62770218 0.0014014295
vn 0.81449527 -0.58016843 0.0014654087
vn 0.8159799 -0.57807839 0.001441722
vn -0.73510873 -0.67794836 -0.0010599272
vn -0.63093841 -0.77583241 -0.00089815672
vn -0.73527104 -0.6777724 -0.0010601806
vn 0.7784524 -0.62770218 0.0014014295
vn 0.63334125 -0.77387184 0.001148509
vn 0.73611295 -0.67685729 0.0013351188
vn 0.99243134 -0.12274691 -0.0036223207
vn 0.99122238 -0.1320727 -0.0059340051
vn 0.99994648 -0.0073164185 -0.0073155761
vn 0.99998659 -0.0036582598 -0.0036582202
vn -0.7123217 0.001295718 -0.70185202
vn -0.71194029 0.0016138505 -0.7022382
vn -0.71387208 0 -0.70027614
vn -0.71387208 0 -0.70027614
vn 4.4152759e-07 -0.12968718 0.99155498
vn 2.9785551e-07 -0.12121706 0.99262601
vn 0 0 1
vn 0 0 1
vn 2.9785548e-07 -0.12121733 -0.99262589
vn 4.4152753e-07 -0.12968753 -0.99155486
vn 0 0 -1
vn 0 0 -1
vn -0.70223761 0.0016140271 -0.71194082
vn -0.70185143 0.001295859 -0.71232224
vn -0.70027554 0 -0.71387267
vn -0.70027554 0 -0.71387267
vn 0.99147046 -0.13032934 -0.00081862567
vn 0.99254715 -0.12185938 -0.00067712716
vn 1 0 0
vn 1 0 0
vn -0.69736159 -0.16545212 -0.69736111
vn -0.69736159 -0.16545212 -0.69736111
vn -0.70710719 0 -0.70710635
vn -0.70710719 0 -0.70710635
vn -0.71193773 0.0016135274 0.70224082
vn -0.71231908 0.0012954586 0.70185465
vn -0.71386927 0 0.70027894
vn -0.71386927 0 0.70027894
vn 0.70224136 0.0016138456 0.71193719
vn 0.7018553 0.0012957235 0.71231842
vn 0.70028019 0 0.7138682
vn 0.70028019 0 0.7138682
vn -0.99254721 -0.12185889 -0.00067653274
vn -0.99147046 -0.130329 -0.00081807305
vn -1 0 0
vn -1 0 0
vn -0.69736159 -0.16545235 0.69736111
vn -0.69736147 -0.16545232 0.69736105
vn -0.70710719 0 0.70710635
vn -0.70710719 0 0.70710635
vn 0.71193963 0.0016132023 -0.7022388
vn 0.71232104 0.0012951877 -0.70185262
vn 0.71387154 0 -0.70027673
vn 0.71387154 0 -0.70027673
vn -0.00082724949 -0.13032433 -0.99147105
vn -0.00070198753 -0.12184694 -0.99254864
vn 0 0 -0.99999994
vn 0 0 -0.99999994
vn 0.69736159 -0.16545191 -0.69736111
vn 0.69736159 -0.16545191 -0.69736111
vn 0.70710719 0 -0.70710635
vn 0.70710719 0 -0.70710635
vn -0.99147052 -0.13032833 0.00082116533
vn -0.99254751 -0.12185826 3.009339e-06
vn -1 0 8.3939312e-07
vn -1 0 1.6787856e-06
vn 0.69736147 -0.16545254 0.69736105
vn 0.69736147 -0.16545254 0.69736105
vn 0.70710719 0 0.70710635
vn 0.70710719 0 0.70710635
vn -0.00070255873 -0.12184674 0.9925487
vn -0.000827796 -0.13032456 0.99147099
vn 0 0 1
vn 0 0 1
vn -0.70185643 0.0012957267 0.71231723
vn -0.70224255 0.0016138499 0.71193588
vn -0.70028073 0 0.71386755
vn -0.70028073 0 0.71386755
vn 0.7070781 1.9436222e-05 -0.70713544
vn 0.7070781 1.9436222e-05 -0.70713544
vn 0.70707923 1.7897195e-05 -0.70713425
vn 0.70707929 1.7891954e-05 -0.70713431
vn 0.34694573 -0.93788522 -9.5318774e-07
vn 0.52573222 -0.85065007 -8.4008735e-07
vn 0.52520257 -0.85097718 -7.0608633e-07
vn 0.34694603 -0.93788511 -8.1375288e-07
vn 0.72645414 -0.68721497 -9.2683877e-08
vn 0.88468313 -0.46619207 0.00077682192
vn 0.88540256 -0.464825 2.0409519e-07
vn 0.7264545 -0.68721461 -3.9389775e-07
vn 0.95222056 -0.30541122 7.2826688e-06
vn 0.99122238 -0.1320727 -0.0059340051
vn 0.99243134 -0.12274691 -0.0036223207
vn 0.95188296 -0.30645642 -0.0017847208
vn 0.70188075 0.0012878469 -0.71229333
vn 0.70552421 0.0014639853 -0.70868421
vn 0.70551687 0.0014707708 -0.70869154
vn 0.70228004 0.0016091554 -0.71189892
vn -0.52573216 -0.85065007 -5.9742263e-07
vn -0.72645366 -0.68721539 -4.2723747e-07
vn -0.68317044 -0.730259 -2.0729784e-07
vn -0.49164546 -0.87079543 8.6351179e-08
vn -0.72645366 -0.68721539 -4.2723747e-07
vn -0.88468307 -0.46619236 0.0007762537
vn -0.87158614 -0.49024221 0.00037831467
vn -0.68317044 -0.730259 -2.0729784e-07
vn 0.70027733 0 -0.71387094
vn 0.70188075 0.0012878469 -0.71229333
vn 0.70228004 0.0016091554 -0.71189892
vn 0.70027733 0 -0.71387094
vn 0.52573222 -0.85065007 -8.4008735e-07
vn 0.72645414 -0.68721497 -9.2683877e-08
vn 0.7264545 -0.68721461 -3.9389775e-07
vn 0.52520257 -0.85097718 -7.0608633e-07
vn 0.88468313 -0.46619207 0.00077682192
vn 0.95222056 -0.30541122 7.2826688e-06
vn 0.95188296 -0.30645642 -0.0017847208
vn 0.88540256 -0.464825 2.0409519e-07
vn -0.346946 -0.93788505 -5.6981105e-07
vn -0.52573216 -0.85065007 -5.9742263e-07
vn -0.49164546 -0.87079543 8.6351179e-08
vn -0.29801697 -0.95456058 1.7596911e-07
vn -3.5201978e-07 -1 -7.8496799e-07
vn -0.346946 -0.93788505 -5.6981105e-07
vn -0.29801697 -0.95456058 1.7596911e-07
vn 2.8779695e-08 -0.99999994 -1.8297638e-14
vn -3.5201978e-07 -1 -7.8496799e-07
vn 0.34694573 -0.93788522 -9.5318774e-07
vn 0.34694603 -0.93788511 -8.1375288e-07
vn -2.8357164e-07 -1 -1.5192971e-06
vn -0.88468307 -0.46619236 0.0007762537
vn -0.95142025 -0.30789021 0.0017906812
vn -0.94724405 -0.32050878 0.0016989312
vn -0.87158614 -0.49024221 0.00037831467
vn -0.95142025 -0.30789021 0.0017906812
vn -0.99147052 -0.13032833 0.00082116533
vn -0.94724405 -0.32050878 0.0016989312
vn 0 -0.68721551 0.72645366
vn -1.0143209e-07 -0.85020316 0.52645469
vn -2.9183079e-07 -0.87020528 0.49268922
vn 0 -0.73025882 0.68317062
vn -0.000827796 -0.13032456 0.99147099
vn -0.0017892647 -0.30790308 0.95141608
vn -0.0016558565 -0.32052958 0.94723701
vn -1.0143209e-07 -0.85020316 0.52645469
vn -1.8160621e-07 -0.93776232 0.34727779
vn -3.4226724e-07 -0.95466077 0.29769588
vn -2.9183079e-07 -0.87020528 0.49268922
vn 1.815536e-07 -0.93788505 -0.34694615
vn 3.2624392e-10 -0.99999994 -0.00049572426
vn 0 -0.99999994 -0.00049547496
vn 0 -0.93788511 -0.346946
vn 1.0109641e-07 -0.85065007 -0.52573228
vn 1.815536e-07 -0.93788505 -0.34694615
vn 0 -0.93788511 -0.346946
vn 0 -0.85065019 -0.52573222
vn -0.00075815886 -0.46621099 -0.88467324
vn 0 -0.68721533 -0.72645372
vn 0 -0.68721545 -0.72645366
vn -0.0010391548 -0.46591589 -0.88482839
vn -0.00082724949 -0.13032433 -0.99147105
vn -0.0017887753 -0.30790296 -0.95141613
vn -0.0017321695 -0.307302 -0.95161051
vn -0.00070198753 -0.12184694 -0.99254864
vn 0.71231866 0.0012954584 0.701855
vn 0.70872402 0.0014720884 0.70548433
vn 0.70872647 0.0014743295 0.70548183
vn 0.71193737 0.0016135272 0.702241
vn -0.0017892647 -0.30790308 0.95141608
vn -0.00075837149 -0.46621126 0.88467306
vn -0.00035177014 -0.49025372 0.87157977
vn -0.0016558565 -0.32052958 0.94723701
vn -0.00075837149 -0.46621126 0.88467306
vn 0 -0.68721551 0.72645366
vn 0 -0.73025882 0.68317062
vn -0.00035177014 -0.49025372 0.87157977
vn -1.8160621e-07 -0.93776232 0.34727779
vn 3.2624392e-10 -0.99999994 -0.00049572426
vn 2.4547528e-10 -1 -0.00018664049
vn -3.4226724e-07 -0.95466077 0.29769588
vn 0 -0.68721533 -0.72645372
vn 1.0109641e-07 -0.85065007 -0.52573228
vn 0 -0.85065019 -0.52573222
vn 0 -0.68721545 -0.72645366
vn -0.0017887753 -0.30790296 -0.95141613
vn -0.00075815886 -0.46621099 -0.88467324
vn -0.0010391548 -0.46591589 -0.88482839
vn -0.0017321695 -0.307302 -0.95161051
vn 0.71386874 0 0.70027959
vn 0.71231866 0.0012954584 0.701855
vn 0.71193737 0.0016135272 0.702241
vn 0.71386874 0 0.70027959
vn 0.72725379 -0.6863687 9.7047298e-08
vn 0.88580608 -0.46405488 -0.00078018167
vn 0.87306362 -0.48760626 -0.00038412024
vn 0.6830135 -0.73040581 9.5597784e-08
vn 0.88580608 -0.46405488 -0.00078018167
vn 0.95142108 -0.30788726 -0.0017908551
vn 0.94724584 -0.32050368 -0.00170841
vn 0.87306362 -0.48760626 -0.00038412024
vn 0.34694585 -0.93788522 -4.5004807e-08
vn 0.52467293 -0.85130394 9.2856716e-08
vn 0.49109834 -0.87110418 -6.8285303e-08
vn 0.29801646 -0.95456076 -1.7630244e-07
vn -0.5257318 -0.85065037 -3.3167302e-07
vn -0.7264533 -0.68721592 -7.415772e-07
vn -0.72645366 -0.68721551 -1.1344812e-06
vn -0.5257318 -0.85065031 -6.1282736e-07
vn -0.8846854 -0.46618789 -0.00078048662
vn -0.95142108 -0.30788726 -0.0017903304
vn -0.95161587 -0.3072851 -0.0017064265
vn -0.88484257 -0.46588895 -0.0010394226
vn -0.34694612 -0.93788505 1.0956683e-07
vn -0.5257318 -0.85065037 -3.3167302e-07
vn -0.5257318 -0.85065031 -6.1282736e-07
vn -0.34694615 -0.93788505 0
vn -6.8448287e-08 -0.99999994 5.4041505e-09
vn 0.34694585 -0.93788522 -4.5004807e-08
vn 0.29801646 -0.95456076 -1.7630244e-07
vn -6.2355997e-07 -1 1.2715575e-09
vn 0.95142108 -0.30788726 -0.0017908551
vn 0.99147046 -0.13032934 -0.00081862567
vn 0.94724584 -0.32050368 -0.00170841
vn 0.52467293 -0.85130394 9.2856716e-08
vn 0.72725379 -0.6863687 9.7047298e-08
vn 0.6830135 -0.73040581 9.5597784e-08
vn 0.49109834 -0.87110418 -6.8285303e-08
vn -6.8448287e-08 -0.99999994 5.4041505e-09
vn -0.34694612 -0.93788505 1.0956683e-07
vn -0.34694615 -0.93788505 0
vn 4.1068975e-07 -1 9.536719e-09
vn -0.7264533 -0.68721592 -7.415772e-07
vn -0.8846854 -0.46618789 -0.00078048662
vn -0.88484257 -0.46588895 -0.0010394226
vn -0.72645366 -0.68721551 -1.1344812e-06
vn -0.95142108 -0.30788726 -0.0017903304
vn -0.99147046 -0.130329 -0.00081807305
vn -0.99254721 -0.12185889 -0.00067653274
vn -0.95161587 -0.3072851 -0.0017064265
vn 2.2628379e-07 -0.46657246 -0.88448292
vn 0 -0.68721569 -0.72645342
vn 0 -0.73025906 -0.68317038
vn 3.3362417e-07 -0.4903014 -0.87155294
vn 0 -0.68721557 0.72645348
vn -9.9427488e-08 -0.85065001 0.52573234
vn 0 -0.85065001 0.52573246
vn 0 -0.68721557 0.72645348
vn 9.4634322e-07 -0.30784276 0.95143723
vn 2.2628387e-07 -0.46657258 0.88448292
vn 0 -0.46657249 0.88448292
vn 2.9638301e-07 -0.30784285 0.95143718
vn -1.7890933e-07 -0.93788505 0.34694618
vn 5.3887411e-10 -1 -3.56909e-07
vn 0 -1 -7.2359626e-07
vn 0 -0.93788505 0.34694612
vn 0 -0.68721569 -0.72645342
vn 1.0032832e-07 -0.85065025 -0.52573192
vn 2.8770518e-07 -0.87059867 -0.49199384
vn 0 -0.73025906 -0.68317038
vn 4.4152753e-07 -0.12968753 -0.99155486
vn 9.4634316e-07 -0.30784315 -0.95143712
vn 1.4727149e-06 -0.3199355 -0.94743931
vn 1.0032832e-07 -0.85065025 -0.52573192
vn 1.8033765e-07 -0.93788505 -0.34694615
vn 3.4102104e-07 -0.9543156 -0.29880062
vn 2.8770518e-07 -0.87059867 -0.49199384
vn 9.4634316e-07 -0.30784315 -0.95143712
vn 2.2628379e-07 -0.46657246 -0.88448292
vn 3.3362417e-07 -0.4903014 -0.87155294
vn 1.4727149e-06 -0.3199355 -0.94743931
vn 1.8033765e-07 -0.93788505 -0.34694615
vn 5.3887411e-10 -1 -3.56909e-07
vn -3.915853e-09 -0.99999267 0.003828896
vn 3.4102104e-07 -0.9543156 -0.29880062
vn 2.2628387e-07 -0.46657258 0.88448292
vn 0 -0.68721557 0.72645348
vn 0 -0.68721557 0.72645348
vn 0 -0.46657249 0.88448292
vn 4.4152759e-07 -0.12968718 0.99155498
vn 9.4634322e-07 -0.30784276 0.95143723
vn 2.9638301e-07 -0.30784285 0.95143718
vn 2.9785551e-07 -0.12121706 0.99262601
vn -9.9427488e-08 -0.85065001 0.52573234
vn -1.7890933e-07 -0.93788505 0.34694618
vn 0 -0.93788505 0.34694612
vn 0 -0.85065001 0.52573246
vn -1 0 0
vn -1 0 0
vn -1 0 -3.0849119e-08
vn 0 4.4862989e-07 -1
vn 0 1.8237486e-06 -1
vn 0 -1.2759891e-06 -1
vn -1 0 1.0950056e-07
vn -1 0 7.7978868e-08
vn -0.99999994 0 -1.0878325e-07
vn -1 0 1.0950057e-07
vn -1 0 7.7978868e-08
vn -0.99999994 0 -1.087835e-07
vn 0 2.4578247e-07 1
vn 0 -1.2447914e-07 1
vn 0 -1.8182985e-07 1
vn 1 0 0
vn 1 0 -3.0757111e-08
vn 1 0 0
vn 1 0 0
vn 1 0 -3.0757111e-08
vn 1 0 0
vn 0.99999994 0 0
vn 1 0 -1.0873549e-07
vn 1 0 -1.0941366e-07
vn -1 0 -5.9943867e-10
vn -1 0 -2.7913697e-07
vn -0.99999994 0 -1.7256548e-08
vn -1 0 -2.7913697e-07
vn -1 0 -3.0849119e-08
vn -0.99999994 0 -1.7256548e-08
vn -1 0 -3.0849119e-08
vn -1 0 0
vn -1 0 0
vn -1 0 0
vn -1 0 0
vn -0.99999994 0 0
vn -1 0 0
vn -1 0 0
vn -1 0 0
vn -0.99999994 0 0
vn -1 0 0
vn -1 0 0
vn -1 0 0
vn -1 0 0
vn -0.99999994 0 0
vn -1 0 0
vn -1 0 0
vn -0.99999994 0 0
vn -0.99999994 0 0
vn -1 0 0
vn -1 0 0
vn -1 0 0
vn -1 0 0
vn -1 0 0
vn -1 0 0
vn -0.99999994 0 -1.7256548e-08
vn -1 0 -3.0849119e-08
vn -1 0 0
vn -1 0 -3.0849119e-08
vn -1 0 0
vn 0 0 -1
vn 0 0 -0.99999994
vn 0 -4.1976846e-06 -1
vn 0 0 -0.99999994
vn 0 -1.2759891e-06 -1
vn 0 -4.1976846e-06 -1
vn 0 -1.2759891e-06 -1
vn 0 -6.5105069e-06 -1
vn 0 -2.0004175e-06 -1
vn 0 -2.0004175e-06 -1
vn 0 -6.5587631e-07 -0.99999994
vn 0 -3.1815205e-07 -1
vn 0 -6.5587631e-07 -0.99999994
vn 0 0 -1
vn 0 1.0943577e-07 -1
vn 0 -3.1815205e-07 -1
vn 0 -6.5587631e-07 -0.99999994
vn 0 1.0943577e-07 -1
vn 0 1.0943577e-07 -1
vn 0 -3.8553981e-07 -1
vn 0 -3.1815205e-07 -1
vn 0 -3.8553981e-07 -1
vn 0 0 -1
vn 0 -3.1815205e-07 -1
vn 0 -3.1815205e-07 -1
vn 0 4.4862989e-07 -1
vn 0 -2.0004175e-06 -1
vn 0 4.4862989e-07 -1
vn 0 0 -1
vn 0 1.8237486e-06 -1
vn 0 1.8237486e-06 -1
vn 0 -4.1976846e-06 -1
vn 0 -1.2759891e-06 -1
vn 0 4.4862989e-07 -1
vn 0 -1.2759891e-06 -1
vn 0 -2.0004175e-06 -1
vn -1 0 -5.9943278e-10
vn -1 0 -2.791397e-07
vn -1 0 -1.7256681e-08
vn -1 0 -2.791397e-07
vn -0.99999994 0 -1.0878325e-07
vn -1 0 -1.7256681e-08
vn -0.99999994 0 -1.0878325e-07
vn -0.99999994 0 -1.62762e-06
vn -1 0 -1.0949979e-07
vn -1 0 -1.0949979e-07
vn -1 0 1.2966866e-07
vn -1 0 -1.2966868e-07
vn -1 0 1.2966866e-07
vn -1 0 4.8828601e-06
vn -1 0 5.1336986e-07
vn -1 0 -1.2966868e-07
vn -1 0 1.2966866e-07
vn -1 0 5.1336986e-07
vn -1 0 5.1336986e-07
vn -0.99999994 0 -5.1336986e-07
vn -1 0 -1.2966868e-07
vn -0.99999994 0 -5.1336986e-07
vn -1 0 -4.8828601e-06
vn -1 0 -1.2966868e-07
vn -1 0 -1.2966868e-07
vn -1 0 1.0950056e-07
vn -1 0 -1.0949979e-07
vn -1 0 1.0950056e-07
vn -1 0 1.6276359e-06
vn -1 0 7.7978868e-08
vn -1 0 7.7978868e-08
vn -1 0 -1.7256681e-08
vn -0.99999994 0 -1.0878325e-07
vn -1 0 1.0950056e-07
vn -0.99999994 0 -1.0878325e-07
vn -1 0 -1.0949979e-07
vn -1 0 -5.9943867e-10
vn -1 0 -2.791397e-07
vn -1 0 -1.7256683e-08
vn -1 0 -2.791397e-07
vn -0.99999994 0 -1.087835e-07
vn -1 0 -1.7256683e-08
vn -0.99999994 0 -1.087835e-07
vn -1 0 -1.6276254e-06
vn -1 0 -1.0949987e-07
vn -1 0 -1.0949987e-07
vn -1 0 1.2966929e-07
vn -1 0 -1.296693e-07
vn -1 0 1.2966929e-07
vn -1 0 4.8828842e-06
vn -1 0 5.1337241e-07
vn -1 0 -1.296693e-07
vn -1 0 1.2966929e-07
vn -1 0 5.1337241e-07
vn -1 0 5.1337241e-07
vn -0.99999994 0 -5.1337236e-07
vn -1 0 -1.296693e-07
vn -0.99999994 0 -5.1337236e-07
vn -1 0 -4.8828842e-06
vn -1 0 -1.296693e-07
vn -1 0 -1.296693e-07
vn -1 0 1.0950057e-07
vn -1 0 -1.0949987e-07
vn -1 0 1.0950057e-07
vn -1 0 1.6276359e-06
vn -1 0 7.7978868e-08
vn -1 0 7.7978868e-08
vn -1 0 -1.7256683e-08
vn -0.99999994 0 -1.087835e-07
vn -1 0 1.0950057e-07
vn -0.99999994 0 -1.087835e-07
vn -1 0 -1.0949987e-07
vn 0 4.0924303e-07 0.99999994
vn 0 1.2948301e-06 1
vn 0 -1.8182985e-07 1
vn 0 1.2948301e-06 1
vn 0 0 1
vn 0 2.4578247e-07 1
vn 0 -1.8182985e-07 1
vn 0 1.2948301e-06 1
vn 0 2.4578247e-07 1
vn 0 2.4578247e-07 1
vn 0 -9.3991167e-07 1
vn 0 -1.2447914e-07 1
vn 0 -9.3991167e-07 1
vn 0 0 1
vn 0 -1.0782867e-06 1
vn 0 -1.0782867e-06 1
vn 0 1.4993207e-06 1
vn 0 7.6993172e-07 1
vn 0 1.4993207e-06 1
vn 0 0 1
vn 0 7.6993172e-07 1
vn 0 7.6993172e-07 1
vn 0 -1.2447914e-07 1
vn 0 -9.3991167e-07 1
vn 0 -1.0782867e-06 1
vn 0 7.6993172e-07 1
vn 0 -9.3991167e-07 1
vn 0 -1.2447914e-07 1
vn 0 0 1
vn 0 -1.8182985e-07 1
vn 0 -1.8182985e-07 1
vn 0 4.0924272e-07 1
vn 0 4.0924303e-07 0.99999994
vn 0 4.0924272e-07 1
vn 0 4.8828274e-06 1
vn 0 4.0924303e-07 0.99999994
vn 1 0 0
vn 1 0 0
vn 1 0 0
vn 1 0 0
vn 0.99999994 0 -1.7242771e-08
vn 1 0 -3.0757111e-08
vn 1 0 0
vn 1 0 0
vn 1 0 -3.0757111e-08
vn 0.99999994 0 -1.7242771e-08
vn 1 0 0
vn 1 0 -2.795982e-07
vn 1 0 -2.795982e-07
vn 1 0 -3.0757111e-08
vn 0.99999994 0 -1.7242771e-08
vn 1 0 -3.0757111e-08
vn 1 0 0
vn 1 0 0
vn 1 0 0
vn 0.99999994 0 0
vn 1 0 0
vn 0.99999994 0 0
vn 1 0 0
vn 1 0 0
vn 1 0 0
vn 1 0 0
vn 0.99999994 0 0
vn 1 0 0
vn 1 0 0
vn 0.99999994 0 0
vn 0.99999994 0 0
vn 1 0 0
vn 0.99999994 0 0
vn 1 0 0
vn 0.99999994 0 0
vn 0.99999994 0 0
vn 1 0 0
vn 1 0 0
vn 1 0 0
vn 1 0 0
vn 0.99999994 0 -1.7242771e-08
vn 1 0 -3.0757111e-08
vn 1 0 0
vn 1 0 0
vn 1 0 -3.0757111e-08
vn 0.99999994 0 -1.7242771e-08
vn 1 0 0
vn 1 0 -2.795982e-07
vn 1 0 -2.795982e-07
vn 1 0 -3.0757111e-08
vn 0.99999994 0 -1.7242771e-08
vn 1 0 -3.0757111e-08
vn 1 0 0
vn 1 0 0
vn 1 0 0
vn 1 0 0
vn 1 0 0
vn 1 0 0
vn 1 0 0
vn 1 0 0
vn 1 0 0
vn 1 0 0
vn 1 0 0
vn 1 0 0
vn 1 0 0
vn 1 0 0
vn 1 0 0
vn 1 0 0
vn 1 0 0
vn 1 0 0
vn 1 0 0
vn 1 0 0
vn 1 0 0
vn 1 0 0
vn 0.99999994 0 0
vn 1 0 0
vn 0.99999994 0 -1.7242771e-08
vn 1 0 -1.0873549e-07
vn 0.99999994 0 0
vn 1 0 0
vn 1 0 -1.0873549e-07
vn 0.99999994 0 -1.7242771e-08
vn 1 0 0
vn 1 0 -2.795982e-07
vn 1 0 -2.795982e-07
vn 1 0 -1.0873549e-07
vn 0.99999994 0 -1.7242771e-08
vn 1 0 -1.0873549e-07
vn 1 0 -1.6276254e-06
vn 1 0 -1.0941366e-07
vn 1 0 -1.0941366e-07
vn 1 0 1.2814594e-07
vn 0.99999994 0 0
vn 1 0 1.2814594e-07
vn 1 0 4.8828842e-06
vn 1 0 5.105868e-07
vn 1 0 5.105868e-07
vn 1 0 -5.1058674e-07
vn 1 0 -1.2814594e-07
vn 1 0 -5.1058674e-07
vn 1 0 -4.8828842e-06
vn 1 0 -1.2814594e-07
vn 1 0 -1.2814594e-07
vn 0.99999994 0 0
vn 1 0 1.2814594e-07
vn 1 0 5.105868e-07
vn 1 0 -1.2814594e-07
vn 1 0 1.2814594e-07
usemtl stonetrims
f 3/1337/1 13/702/2 209/382/3
f 3/1337/1 209/382/3 198/1193/4
usemtl brickwall1
f 53/754/5 55/1081/6 190/377/7
f 53/754/5 190/377/7 194/700/8
f 55/1081/9 57/446/10 185/1523/11
f 55/1081/9 185/1523/11 190/377/12
f 57/446/13 59/79/14 192/1273/15
f 57/446/13 192/1273/15 185/1523/16
f 59/79/17 61/429/18 184/1714/19
f 59/79/17 184/1714/19 192/1273/20
f 61/429/21 188/1158/22 184/1714/23
f 50/673/24 86/695/25 215/895/26
f 50/673/24 215/895/26 218/172/27
f 56/313/28 221/108/29 229/1000/30
f 56/313/28 229/1000/30 58/347/31
f 58/347/32 229/1000/33 228/1205/34
f 58/347/32 228/1205/34 60/1299/35
f 60/1299/36 228/1205/37 230/1053/38
f 60/1299/36 230/1053/38 62/1432/39
f 62/1432/40 230/1053/41 63/198/42
usemtl stonetrims
f 43/1091/43 47/1058/44 219/1706/45
f 43/1091/43 219/1706/45 213/472/46
f 22/146/47 26/931/48 191/1681/49
f 22/146/47 191/1681/49 181/163/50
usemtl brickwall1
f 87/1630/51 199/933/52 201/83/53
f 87/1630/51 201/83/53 89/929/54
f 89/929/55 201/83/56 208/1300/57
f 89/929/55 208/1300/57 91/87/58
f 91/87/59 208/1300/60 200/834/61
f 91/87/59 200/834/61 93/1237/62
f 93/1237/63 200/834/64 207/1130/65
f 93/1237/63 207/1130/65 95/1416/66
f 95/1416/67 207/1130/68 205/1718/69
f 52/1360/70 53/754/71 194/700/72
f 52/1360/70 194/700/72 181/317/73
f 88/1624/74 90/1544/75 212/481/76
f 88/1624/74 212/481/76 217/1499/77
f 90/1544/78 92/654/79 210/169/80
f 90/1544/78 210/169/80 212/481/81
f 92/654/82 94/966/83 211/35/84
f 92/654/82 211/35/84 210/169/85
f 94/966/86 96/592/87 211/35/88
f 86/695/89 88/1624/90 217/1499/91
f 86/695/89 217/1499/91 215/895/92
usemtl stonetrims
f 25/449/93 16/662/94 193/577/95
f 25/449/93 193/577/95 183/1168/96
f 17/1503/97 21/1221/98 186/845/99
f 17/1503/97 186/845/99 189/1275/100
f 16/662/101 20/471/102 182/980/103
f 16/662/101 182/980/103 193/577/104
f 21/1221/105 25/449/106 183/1168/107
f 21/1221/105 183/1168/107 186/845/108
usemtl brickwall1
f 54/1603/109 225/976/110 221/108/111
f 54/1603/109 221/108/111 56/313/112
usemtl stonetrims
f 6/1633/113 2/711/114 196/479/115
f 6/1633/113 196/479/115 203/1459/116
f 11/436/117 7/1094/118 206/629/119
f 11/436/117 206/629/119 197/1448/120
f 48/1530/121 43/1091/122 213/472/123
f 48/1530/121 213/472/123 218/118/124
f 10/1173/125 6/1633/126 203/1459/127
f 10/1173/125 203/1459/127 195/1269/128
f 2/711/129 11/436/130 197/1448/131
f 2/711/129 197/1448/131 196/479/132
f 7/1094/133 3/1337/134 198/1193/135
f 7/1094/133 198/1193/135 206/629/136
f 46/156/137 41/296/138 74/1566/139
f 46/156/137 74/1566/139 216/1101/140
f 42/1025/141 466/1510/142 220/1741/143
f 42/1025/141 220/1741/143 214/362/144
f 26/931/145 17/1503/146 189/1275/147
f 26/931/145 189/1275/147 191/1681/148
f 466/1510/149 46/156/150 216/1101/151
f 466/1510/149 216/1101/151 220/1741/152
f 47/1058/153 42/1025/154 214/362/155
f 47/1058/153 214/362/155 219/1706/156
usemtl brickwall1
f 49/448/157 209/950/158 199/933/159
f 49/448/157 199/933/159 87/1630/160
usemtl stonetrims
f 29/1218/161 38/1160/162 226/1786/163
f 29/1218/161 226/1786/163 75/1238/164
f 34/1380/165 30/1001/166 224/919/167
f 34/1380/165 224/919/167 231/953/168
f 39/823/169 35/85/170 222/1002/171
f 39/823/169 222/1002/171 227/988/172
usemtl brickwall1
f 51/561/173 223/1576/174 225/976/175
f 51/561/173 225/976/175 54/1603/176
usemtl stonetrims
f 38/1160/177 34/1380/178 231/953/179
f 38/1160/177 231/953/179 226/1786/180
f 30/1001/181 39/823/182 227/988/183
f 30/1001/181 227/988/183 224/919/184
f 35/85/185 32/1563/186 223/835/187
f 35/85/185 223/835/187 222/1002/188
f 68/1687/189 66/1587/190 134/685/191
f 68/1687/189 134/685/191 132/1266/192
f 49/1357/193 87/56/194 148/1699/195
f 49/1357/193 148/1699/195 104/271/196
f 67/782/197 69/1296/198 133/1019/199
f 67/782/197 133/1019/199 135/1502/200
f 53/1661/201 52/308/202 103/985/203
f 53/1661/201 103/985/203 114/881/204
f 51/1245/205 54/982/206 115/1619/207
f 51/1245/205 115/1619/207 105/738/208
f 55/1725/209 53/1661/210 114/881/211
f 55/1725/209 114/881/211 112/142/212
f 70/399/213 68/1687/214 132/1266/215
f 70/399/213 132/1266/215 130/402/216
f 88/570/217 86/526/218 147/1306/219
f 88/570/217 147/1306/219 145/1231/220
f 54/982/221 56/113/222 113/1764/223
f 54/982/221 113/1764/223 115/1619/224
f 69/1296/225 71/297/226 131/1545/227
f 69/1296/225 131/1545/227 133/1019/228
f 87/56/229 89/370/230 146/644/231
f 87/56/229 146/644/231 148/1699/232
f 57/1801/233 55/1725/234 112/142/235
f 57/1801/233 112/142/235 110/965/236
f 72/1731/237 70/399/238 130/402/239
f 72/1731/237 130/402/239 127/1594/240
f 90/1649/241 88/570/242 145/1231/243
f 90/1649/241 145/1231/243 143/1494/244
f 56/113/245 58/51/246 111/1707/247
f 56/113/245 111/1707/247 113/1764/248
f 71/297/249 73/763/250 128/1350/251
f 71/297/249 128/1350/251 131/1545/252
f 89/370/253 91/1157/254 144/27/255
f 89/370/253 144/27/255 146/644/256
f 59/567/257 57/1801/258 110/965/259
f 59/567/257 110/965/259 108/828/260
f 75/1811/261 72/1731/262 127/1594/263
f 75/1811/261 127/1594/263 100/1324/264
f 92/1151/265 90/1649/266 143/1494/267
f 92/1151/265 143/1494/267 141/1318/268
f 58/51/269 60/805/270 109/1222/271
f 58/51/269 109/1222/271 111/1707/272
f 91/1157/273 93/248/274 142/282/275
f 91/1157/273 142/282/275 144/27/276
f 73/763/277 74/1364/278 129/149/279
f 73/763/277 129/149/279 128/1350/280
f 107/752/281 97/1067/282 98/744/283
f 107/752/281 98/744/283 106/951/284
f 109/1222/285 107/752/286 106/951/287
f 109/1222/285 106/951/287 108/828/288
f 111/1707/289 109/1222/290 108/828/291
f 111/1707/289 108/828/291 110/965/292
f 113/1764/293 111/1707/294 110/965/295
f 113/1764/293 110/965/295 112/142/296
f 115/1619/297 113/1764/298 112/142/299
f 115/1619/297 112/142/299 114/881/300
f 99/336/301 117/417/302 118/1514/303
f 99/336/301 118/1514/303 116/1086/304
f 117/417/305 119/1018/306 120/1747/307
f 117/417/305 120/1747/307 118/1514/308
f 119/1018/309 121/1828/310 122/729/311
f 119/1018/309 122/729/311 120/1747/312
f 121/1828/313 123/1167/314 124/1288/315
f 121/1828/313 124/1288/315 122/729/316
f 123/1167/317 125/1149/318 126/764/319
f 123/1167/317 126/764/319 124/1288/320
f 128/1350/321 129/149/322 100/1324/323
f 128/1350/321 100/1324/323 127/1594/324
f 131/1545/325 128/1350/326 127/1594/327
f 131/1545/325 127/1594/327 130/402/328
f 133/1019/329 131/1545/330 130/402/331
f 133/1019/329 130/402/331 132/1266/332
f 135/1502/333 133/1019/334 132/1266/335
f 135/1502/333 132/1266/335 134/685/336
f 137/1617/337 135/1502/338 134/685/339
f 137/1617/337 134/685/339 136/290/340
f 125/1149/341 104/97/342 103/1580/343
f 125/1149/341 103/1580/343 126/764/344
f 102/893/345 137/1617/346 136/290/347
f 102/893/345 136/290/347 105/502/348
f 139/1059/349 140/585/350 101/1737/351
f 139/1059/349 101/1737/351 138/1640/352
f 142/282/353 139/1059/354 138/1640/355
f 142/282/353 138/1640/355 141/1318/356
f 144/27/357 142/282/358 141/1318/359
f 144/27/357 141/1318/359 143/1494/360
f 146/644/361 144/27/362 143/1494/363
f 146/644/361 143/1494/363 145/1231/364
f 148/1699/365 146/644/366 145/1231/367
f 148/1699/365 145/1231/367 147/1306/368
f 105/738/369 115/1619/370 114/881/371
f 105/738/369 114/881/371 103/985/372
f 104/271/373 148/1699/374 147/1306/375
f 104/271/373 147/1306/375 102/631/376
f 86/526/377 50/1638/378 102/631/379
f 86/526/377 102/631/379 147/1306/380
f 85/64/381 182/1297/382 116/1086/383
f 85/64/381 116/1086/383 118/1514/384
f 65/329/385 67/782/386 135/1502/387
f 65/329/385 135/1502/387 137/1617/388
f 84/253/389 82/1693/390 119/1018/391
f 84/253/389 119/1018/391 117/417/392
f 66/1587/393 64/719/394 136/290/395
f 66/1587/393 136/290/395 134/685/396
f 76/802/397 49/228/398 104/97/399
f 76/802/397 104/97/399 125/1149/400
f 83/872/401 85/64/402 118/1514/403
f 83/872/401 118/1514/403 120/1747/404
f 52/151/405 77/42/406 126/764/407
f 52/151/405 126/764/407 103/1580/408
f 82/1693/409 80/1538/410 121/1828/411
f 82/1693/409 121/1828/411 119/1018/412
f 50/952/413 65/329/414 137/1617/415
f 50/952/413 137/1617/415 102/893/416
f 64/719/417 51/551/418 105/502/419
f 64/719/417 105/502/419 136/290/420
f 81/791/421 83/872/422 120/1747/423
f 81/791/421 120/1747/423 122/729/424
f 80/1538/425 78/1164/426 123/1167/427
f 80/1538/425 123/1167/427 121/1828/428
f 95/1738/429 205/304/430 140/585/431
f 95/1738/429 140/585/431 139/1059/432
f 62/783/433 63/1505/434 97/1067/435
f 62/783/433 97/1067/435 107/752/436
f 79/1064/437 81/791/438 122/729/439
f 79/1064/437 122/729/439 124/1288/440
f 96/351/441 94/111/442 138/1640/443
f 96/351/441 138/1640/443 101/1737/444
f 78/1164/445 76/802/446 125/1149/447
f 78/1164/445 125/1149/447 123/1167/448
f 93/248/449 95/1738/450 139/1059/451
f 93/248/449 139/1059/451 142/282/452
f 77/42/453 79/1064/454 124/1288/455
f 77/42/453 124/1288/455 126/764/456
f 60/805/457 62/783/458 107/752/459
f 60/805/457 107/752/459 109/1222/460
f 94/111/461 92/1151/462 141/1318/463
f 94/111/461 141/1318/463 138/1640/464
f 61/1461/465 59/567/466 108/828/467
f 61/1461/465 108/828/467 106/951/468
f 104/1423/469 102/115/470 152/1733/471
f 104/1423/469 152/1733/471 150/73/472
f 105/1765/473 103/1384/474 149/201/475
f 105/1765/473 149/201/475 154/758/476
f 102/855/477 105/200/478 154/839/479
f 102/855/477 154/839/479 152/726/480
f 151/1250/481 155/360/482 149/583/483
f 150/195/484 159/442/485 157/687/486
f 150/195/484 157/687/486 151/1250/487
f 152/1118/488 156/974/489 153/1286/490
f 154/1334/491 155/360/492 156/974/493
f 153/1286/494 156/974/495 158/715/496
f 153/1286/494 158/715/496 157/687/497
f 154/758/498 149/201/499 155/605/500
f 149/1234/501 150/679/502 151/721/503
f 150/73/504 152/1733/505 153/1004/506
f 150/73/504 153/1004/506 159/1428/507
f 152/726/508 154/839/509 156/1572/510
f 151/1250/511 158/715/512 155/360/513
usemtl brickwall1
f 157/160/514 159/1534/515 153/1383/516
usemtl stonetrims
f 155/360/517 158/715/518 156/974/519
f 157/687/520 158/715/521 151/1250/522
f 14/1790/523 188/942/524 169/1262/525
f 14/1790/523 169/1262/525 162/865/526
f 75/1811/527 100/1324/528 176/1440/529
f 75/1811/527 176/1440/529 171/453/530
f 63/371/531 36/847/532 165/770/533
f 63/371/531 165/770/533 168/771/534
f 29/1218/535 75/1238/536 171/284/537
f 29/1218/535 171/284/537 164/106/538
f 116/1086/539 182/1297/540 187/1214/541
f 116/1086/539 187/1214/541 178/921/542
f 74/1566/543 41/296/544 166/249/545
f 74/1566/543 166/249/545 170/582/546
f 101/1737/547 140/585/548 180/1501/549
f 101/1737/547 180/1501/549 177/10/550
f 97/1067/551 63/1505/552 168/718/553
f 97/1067/551 168/718/553 173/550/554
f 129/149/555 74/1364/556 170/1399/557
f 129/149/555 170/1399/557 179/1438/558
f 44/250/559 96/57/560 172/1622/561
f 44/250/559 172/1622/561 167/394/562
f 99/336/563 116/1086/564 178/921/565
f 99/336/563 178/921/565 175/22/566
f 140/585/567 205/304/568 202/854/569
f 140/585/567 202/854/569 180/1501/570
f 205/578/571 4/959/572 160/1079/573
f 205/578/571 160/1079/573 202/1670/574
f 100/1324/575 129/149/576 179/1438/577
f 100/1324/575 179/1438/577 176/1440/578
f 182/980/579 20/471/580 163/1388/581
f 182/980/579 163/1388/581 187/856/582
f 98/744/583 97/1067/584 173/550/585
f 98/744/583 173/550/585 174/54/586
f 10/1173/587 195/1269/588 204/1469/589
f 10/1173/587 204/1469/589 161/93/590
f 96/351/591 101/1737/592 177/10/593
f 96/351/591 177/10/593 172/640/594
f 103/963/595 104/298/596 150/679/597
f 103/963/595 150/679/597 149/1234/598
f 194/1355/599 190/1525/600 18/604/601
f 194/1355/599 18/604/601 15/1535/602
f 185/1685/603 192/1417/604 23/548/605
f 185/1685/603 23/548/605 19/1181/606
f 184/1345/607 188/942/608 14/1790/609
f 184/1345/607 14/1790/609 24/244/610
f 188/1403/611 61/1461/612 106/951/613
f 188/1403/611 106/951/613 98/744/614
usemtl brickwall1
f 189/806/615 186/1289/616 81/829/617
f 189/806/615 81/829/617 79/1660/618
f 186/1289/619 183/557/620 83/1413/621
f 186/1289/619 83/1413/621 81/829/622
usemtl stonetrims
f 169/1339/623 188/1403/624 98/744/625
f 169/1339/623 98/744/625 174/54/626
f 190/1525/627 185/1685/628 19/1181/629
f 190/1525/627 19/1181/629 18/604/630
f 192/1417/631 184/1345/632 24/244/633
f 192/1417/631 24/244/633 23/548/634
usemtl brickwall1
f 191/1686/635 189/806/636 79/1660/637
f 191/1686/635 79/1660/637 77/594/638
f 181/317/639 191/1686/640 77/594/641
f 181/317/639 77/594/641 52/1360/642
usemtl stonetrims
f 181/163/643 194/1355/644 15/1535/645
f 181/163/643 15/1535/645 22/146/646
usemtl brickwall1
f 183/557/647 193/1813/648 85/1281/649
f 183/557/647 85/1281/649 83/1413/650
f 193/1813/651 182/331/652 85/1281/653
f 197/117/654 206/1677/655 78/1186/656
f 197/117/654 78/1186/656 80/23/657
f 195/1634/658 203/48/659 84/1362/660
f 206/1677/661 198/389/662 76/155/663
f 206/1677/661 76/155/663 78/1186/664
usemtl stonetrims
f 199/1042/665 209/382/666 13/702/667
f 199/1042/665 13/702/667 5/1007/668
f 201/356/669 199/1042/670 5/1007/671
f 201/356/669 5/1007/671 8/749/672
f 200/154/673 208/1475/674 9/1210/675
f 200/154/673 9/1210/675 12/1433/676
f 205/578/677 207/740/678 1/1392/679
f 205/578/677 1/1392/679 4/959/680
f 195/728/681 84/253/682 117/417/683
f 195/728/681 117/417/683 99/336/684
usemtl brickwall1
f 203/48/685 196/879/686 82/90/687
f 203/48/685 82/90/687 84/1362/688
f 196/879/689 197/117/690 80/23/691
f 196/879/689 80/23/691 82/90/692
f 198/389/693 209/950/694 49/448/695
f 198/389/693 49/448/695 76/155/696
usemtl stonetrims
f 208/1475/697 201/356/698 8/749/699
f 208/1475/697 8/749/699 9/1210/700
f 207/740/701 200/154/702 12/1433/703
f 207/740/701 12/1433/703 1/1392/704
f 204/524/705 195/728/706 99/336/707
f 204/524/705 99/336/707 175/22/708
usemtl brickwall1
f 214/724/709 220/1030/710 71/1719/711
f 214/724/709 71/1719/711 69/110/712
f 220/1030/713 216/1480/714 73/977/715
f 220/1030/713 73/977/715 71/1719/716
f 213/613/717 219/492/718 67/500/719
f 213/613/717 67/500/719 65/221/720
usemtl stonetrims
f 217/796/721 212/1628/722 465/625/723
f 217/796/721 465/625/723 40/734/724
f 210/1066/725 211/25/726 462/733/727
f 210/1066/725 462/733/727 467/1226/728
f 215/1678/729 217/796/730 40/734/731
f 215/1678/729 40/734/731 45/301/732
usemtl brickwall1
f 218/172/733 213/613/734 65/221/735
f 218/172/733 65/221/735 50/673/736
f 216/1480/737 74/1577/738 73/977/739
f 219/492/740 214/724/741 69/110/742
f 219/492/740 69/110/742 67/500/743
usemtl stonetrims
f 218/118/744 215/1678/745 45/301/746
f 218/118/744 45/301/746 48/1530/747
f 212/1628/748 210/1066/749 467/1226/750
f 212/1628/748 467/1226/750 465/625/751
f 211/25/752 96/57/753 44/250/754
f 211/25/752 44/250/754 462/733/755
usemtl brickwall1
f 231/656/756 224/1742/757 68/1405/758
f 231/656/756 68/1405/758 70/505/759
usemtl stonetrims
f 229/686/760 221/281/761 27/967/762
f 229/686/760 27/967/762 28/1272/763
f 230/353/764 228/1477/765 31/414/766
f 230/353/764 31/414/766 33/454/767
f 225/1165/768 223/835/769 32/1563/770
f 225/1165/768 32/1563/770 37/277/771
usemtl brickwall1
f 224/1742/772 227/554/773 66/1452/774
f 224/1742/772 66/1452/774 68/1405/775
f 75/326/776 226/363/777 72/522/778
f 227/554/779 222/1816/780 64/556/781
f 227/554/779 64/556/781 66/1452/782
f 226/363/783 231/656/784 70/505/785
f 226/363/783 70/505/785 72/522/786
f 222/1816/787 223/1576/788 51/561/789
f 222/1816/787 51/561/789 64/556/790
usemtl stonetrims
f 228/1477/791 229/686/792 28/1272/793
f 228/1477/791 28/1272/793 31/414/794
f 63/371/795 230/353/796 33/454/797
f 63/371/795 33/454/797 36/847/798
f 221/281/799 225/1165/800 37/277/801
f 221/281/799 37/277/801 27/967/802
usemtl brickwall1
f 237/1819/803 233/515/804 234/345/805
f 237/1819/803 234/345/805 232/609/806
f 236/1698/807 247/973/808 246/544/809
f 236/1698/807 246/544/809 235/1585/810
f 235/762/811 239/216/812 238/101/813
f 235/762/811 238/101/813 236/1182/814
usemtl stonefloor
f 233/869/815 237/1751/816 239/306/817
f 233/869/815 239/306/817 235/1460/818
usemtl stonetrims
f 243/903/819 255/1136/820 254/778/821
f 243/903/819 254/778/821 242/593/822
usemtl brickwall1
f 239/1235/823 243/1293/824 242/569/825
f 239/1235/823 242/569/825 238/1434/826
usemtl stonefloor
f 237/1512/827 240/867/828 243/1652/829
f 237/1512/827 243/1652/829 239/691/830
usemtl brickwall1
f 232/116/831 241/761/832 240/650/833
f 232/116/831 240/650/833 237/1003/834
usemtl stonetrims
f 244/1115/835 248/539/836 251/653/837
f 244/1115/835 251/653/837 247/1676/838
usemtl stonefloor
f 235/44/839 246/1379/840 245/1562/841
f 235/44/839 245/1562/841 233/191/842
usemtl brickwall1
f 233/1331/843 245/722/844 244/303/845
f 233/1331/843 244/303/845 234/1466/846
usemtl stonetrims
f 245/1174/847 249/398/848 248/1294/849
f 245/1174/847 248/1294/849 244/818/850
f 247/1484/851 251/138/852 250/196/853
f 247/1484/851 250/196/853 246/1605/854
f 246/528/855 250/1463/856 249/635/857
f 246/528/855 249/635/857 245/1197/858
f 240/1662/859 252/67/860 255/1549/861
f 240/1662/859 255/1549/861 243/1293/862
f 241/165/863 253/342/864 252/497/865
f 241/165/863 252/497/865 240/234/866
f 242/1727/867 254/242/868 253/315/869
f 242/1727/867 253/315/869 241/908/870
f 258/922/871 257/1521/872 276/420/873
f 258/922/871 276/420/873 277/1190/874
f 260/189/875 261/352/876 272/1804/877
f 260/189/875 272/1804/877 269/1260/878
f 259/1215/879 258/922/880 277/1190/881
f 259/1215/879 277/1190/881 278/1317/882
usemtl brickwall1
f 261/1531/883 258/1575/884 259/1368/885
f 261/1531/883 259/1368/885 262/411/886
f 262/649/887 259/495/888 256/984/889
f 262/649/887 256/984/889 263/1722/890
f 260/979/891 257/935/892 258/998/893
f 260/979/891 258/998/893 261/1348/894
f 263/767/895 256/1065/896 257/1443/897
f 263/767/895 257/1443/897 260/571/898
usemtl stonetrims
f 263/465/899 260/189/900 269/1260/901
f 263/465/899 269/1260/901 279/546/902
f 256/1446/903 259/1215/904 278/1317/905
f 256/1446/903 278/1317/905 266/627/906
f 266/484/907 267/443/908 268/1567/909
f 266/484/907 268/1567/909 276/633/910
f 276/633/911 268/1567/912 271/536/913
f 276/633/911 271/536/913 277/153/914
f 277/153/915 271/536/916 274/811/917
f 277/153/915 274/811/917 278/807/918
f 278/807/919 274/811/920 267/1770/921
f 278/807/919 267/1770/921 266/1283/922
f 265/184/923 279/852/924 269/1526/925
f 265/184/923 269/1526/925 264/1793/926
f 264/1793/927 269/1526/928 272/332/929
f 264/1793/927 272/332/929 270/393/930
f 273/1056/931 275/540/932 279/450/933
f 273/1056/931 279/450/933 265/387/934
f 270/393/935 272/332/936 275/540/937
f 270/393/935 275/540/937 273/1056/938
f 262/205/939 263/645/940 279/1145/941
f 262/205/939 279/1145/941 275/422/942
f 257/1521/943 256/991/944 266/1108/945
f 257/1521/943 266/1108/945 276/420/946
f 261/352/947 262/205/948 275/422/949
f 261/352/947 275/422/949 272/1804/950
f 267/443/951 274/1060/952 271/1569/953
f 267/443/951 271/1569/953 268/699/954
f 264/1820/955 270/596/956 273/597/957
f 264/1820/955 273/597/957 265/1127/958
f 282/1322/959 281/96/960 300/820/961
f 282/1322/959 300/820/961 301/1602/962
f 284/1/963 285/766/964 296/385/965
f 284/1/963 296/385/965 293/1667/966
f 283/1623/967 282/1322/968 301/1602/969
f 283/1623/967 301/1602/969 302/1736/970
usemtl brickwall1
f 285/107/971 282/1359/972 283/1785/973
f 285/107/971 283/1785/973 286/816/974
f 286/1061/975 283/894/976 280/1377/977
f 286/1061/975 280/1377/977 287/278/978
f 284/1372/979 281/1332/980 282/1391/981
f 284/1372/979 282/1391/981 285/1760/982
f 287/1155/983 280/1478/984 281/13/985
f 287/1155/983 281/13/985 284/380/986
usemtl stonetrims
f 287/862/987 284/1/988 293/1667/989
f 287/862/987 293/1667/989 303/947/990
f 280/15/991 283/1623/992 302/1736/993
f 280/15/991 302/1736/993 290/1037/994
f 290/876/995 291/840/996 292/139/997
f 290/876/995 292/139/997 300/1041/998
f 300/1041/999 292/139/1000 295/936/1001
f 300/1041/999 295/936/1001 301/555/1002
f 301/555/1003 295/936/1004 298/1198/1005
f 301/555/1003 298/1198/1005 302/1191/1006
f 302/1191/1007 298/1198/1008 291/330/1009
f 302/1191/1007 291/330/1009 290/1703/1010
f 289/595/1011 303/1248/1012 293/103/1013
f 289/595/1011 293/103/1013 288/374/1014
f 288/374/1015 293/103/1016 296/750/1017
f 288/374/1015 296/750/1017 294/801/1018
f 297/1464/1019 299/941/1020 303/843/1021
f 297/1464/1019 303/843/1021 289/795/1022
f 294/801/1023 296/750/1024 299/941/1025
f 294/801/1023 299/941/1025 297/1464/1026
f 286/614/1027 287/1057/1028 303/961/1029
f 286/614/1027 303/961/1029 299/821/1030
f 281/96/1031 280/803/1032 290/1522/1033
f 281/96/1031 290/1522/1033 300/820/1034
f 285/766/1035 286/614/1036 299/821/1037
f 285/766/1035 299/821/1037 296/385/1038
f 291/840/1039 298/1467/1040 295/140/1041
f 291/840/1039 295/140/1041 292/1103/1042
f 288/406/1043 294/1009/1044 297/1010/1045
f 288/406/1043 297/1010/1045 289/1542/1046
f 306/1739/1047 305/507/1048 324/1217/1049
f 306/1739/1047 324/1217/1049 325/1400/1050
f 308/419/1051 309/1154/1052 320/794/1053
f 308/419/1051 320/794/1053 317/224/1054
f 307/1420/1055 306/1739/1056 325/1400/1057
f 307/1420/1055 325/1400/1057 326/294/1058
usemtl brickwall1
f 309/511/1059 306/1775/1060 307/355/1061
f 309/511/1059 307/355/1061 310/1208/1062
f 310/1470/1063 307/1287/1064 304/1791/1065
f 310/1470/1063 304/1791/1065 311/91/1066
f 308/1787/1067 305/1132/1068 306/1800/1069
f 308/1787/1067 306/1800/1069 309/320/1070
f 311/968/1071 304/38/1072 305/428/1073
f 311/968/1071 305/428/1073 308/788/1074
usemtl stonetrims
f 311/1263/1075 308/419/1076 317/224/1077
f 311/1263/1075 317/224/1077 327/1343/1078
f 304/431/1079 307/1420/1080 326/294/1081
f 304/431/1079 326/294/1081 314/1439/1082
f 314/1277/1083 315/1239/1084 316/542/1085
f 314/1277/1083 316/542/1085 324/1447/1086
f 324/1447/1087 316/542/1088 319/743/1089
f 324/1447/1087 319/743/1089 325/958/1090
f 325/958/1091 319/743/1092 322/1606/1093
f 325/958/1091 322/1606/1093 326/1011/1094
f 326/1011/1095 322/1606/1096 315/748/1097
f 326/1011/1095 315/748/1097 314/256/1098
f 313/1008/1099 327/1658/1100 317/1734/1101
f 313/1008/1099 317/1734/1101 312/781/1102
f 312/781/1103 317/1734/1104 320/1138/1105
f 312/781/1103 320/1138/1105 318/1187/1106
f 321/28/1107 323/1336/1108 327/1241/1109
f 321/28/1107 327/1241/1109 313/588/1110
f 318/1187/1111 320/1138/1112 323/1336/1113
f 318/1187/1111 323/1336/1113 321/28/1114
f 310/435/1115 311/1465/1116 327/1358/1117
f 310/435/1115 327/1358/1117 323/1220/1118
f 305/507/1119 304/1188/1120 314/98/1121
f 305/507/1119 314/98/1121 324/1217/1122
f 309/1154/1123 310/435/1124 323/1220/1125
f 309/1154/1123 323/1220/1125 320/794/1126
f 315/1239/1127 322/1259/1128 319/545/1129
f 315/1239/1127 319/545/1129 316/1516/1130
f 312/812/1131 318/1397/1132 321/1398/1133
f 312/812/1131 321/1398/1133 313/120/1134
f 330/295/1135 329/906/1136 348/1626/1137
f 330/295/1135 348/1626/1137 349/1810/1138
f 332/819/1139 333/1578/1140 344/1178/1141
f 332/819/1139 344/1178/1141 341/638/1142
f 331/1826/1143 330/295/1144 349/1810/1145
f 331/1826/1143 349/1810/1145 350/707/1146
usemtl brickwall1
f 333/913/1147 330/338/1148 331/159/1149
f 333/913/1147 331/159/1149 334/1616/1150
f 334/29/1151 331/1711/1152 328/368/1153
f 334/29/1151 328/368/1153 335/504/1154
f 332/361/1155 329/1550/1156 330/381/1157
f 332/361/1155 330/381/1157 333/739/1158
f 335/1361/1159 328/456/1160 329/207/1161
f 335/1361/1159 329/207/1161 332/1175/1162
usemtl stonetrims
f 335/1675/1163 332/819/1164 341/638/1165
f 335/1675/1163 341/638/1165 351/1757/1166
f 328/209/1167 331/1826/1168 350/707/1169
f 328/209/1167 350/707/1169 338/9/1170
f 338/1078/1171 339/1647/1172 340/944/1173
f 338/1078/1171 340/944/1173 348/16/1174
f 348/16/1175 340/944/1176 343/1133/1177
f 348/16/1175 343/1133/1177 349/1351/1178
f 349/1351/1179 343/1133/1180 346/174/1181
f 349/1351/1179 346/174/1181 350/1401/1182
f 350/1401/1183 346/174/1184 339/1135/1185
f 350/1401/1183 339/1135/1185 338/670/1186
f 337/1396/1187 351/1471/1188 341/293/1189
f 337/1396/1187 341/293/1189 336/1172/1190
f 336/1172/1191 341/293/1192 344/1557/1193
f 336/1172/1191 344/1557/1193 342/1597/1194
f 345/444/1195 347/1753/1196 351/1650/1197
f 345/444/1195 351/1650/1197 337/995/1198
f 342/1597/1199 344/1557/1200 347/1753/1201
f 342/1597/1199 347/1753/1201 345/444/1202
f 334/831/1203 335/1255/1204 351/1772/1205
f 334/831/1203 351/1772/1205 347/1629/1206
f 329/906/1207 328/1600/1208 338/1730/1209
f 329/906/1207 338/1730/1209 348/1626/1210
f 333/1578/1211 334/831/1212 347/1629/1213
f 333/1578/1211 347/1629/1213 344/1178/1214
f 339/1647/1215 346/1666/1216 343/946/1217
f 339/1647/1215 343/946/1217 340/89/1218
f 336/1201/1219 342/1806/1220 345/1808/1221
f 336/1201/1219 345/1808/1221 337/517/1222
f 354/712/1223 353/1295/1224 372/1422/1225
f 354/712/1223 372/1422/1225 373/390/1226
f 356/1216/1227 357/150/1228 368/994/1229
f 356/1216/1227 368/994/1229 365/1051/1230
f 355/409/1231 354/712/1232 373/390/1233
f 355/409/1231 373/390/1233 374/1106/1234
usemtl brickwall1
f 357/1304/1235 354/755/1236 355/562/1237
f 357/1304/1235 355/562/1237 358/1415/1238
f 358/1669/1239 355/268/1240 352/164/1241
f 358/1669/1239 352/164/1241 359/900/1242
f 356/773/1243 353/125/1244 354/789/1245
f 356/773/1243 354/789/1245 357/1129/1246
f 359/1782/1247 352/849/1248 353/620/1249
f 359/1782/1247 353/620/1249 356/1590/1250
usemtl stonetrims
f 359/229/1251 356/1216/1252 365/1051/1253
f 359/229/1251 365/1051/1253 375/318/1254
f 352/621/1255 355/409/1256 374/1106/1257
f 352/621/1255 374/1106/1257 362/424/1258
f 362/1495/1259 363/206/1260 364/1340/1261
f 362/1495/1259 364/1340/1261 372/432/1262
f 372/432/1263 364/1340/1264 367/1551/1265
f 372/432/1263 367/1551/1265 373/1769/1266
f 373/1769/1267 367/1551/1268 370/1814/1269
f 373/1769/1267 370/1814/1269 374/1812/1270
f 374/1812/1271 370/1814/1272 363/1554/1273
f 374/1812/1271 363/1554/1273 362/488/1274
f 361/1805/1275 375/30/1276 365/706/1277
f 361/1805/1275 365/706/1277 360/983/1278
f 360/983/1279 365/706/1280 368/130/1281
f 360/983/1279 368/130/1281 366/1393/1282
f 369/841/1283 371/1553/1284 375/211/1285
f 369/841/1283 375/211/1285 361/1386/1286
f 366/1393/1287 368/130/1288 371/1553/1289
f 366/1393/1287 371/1553/1289 369/841/1290
f 358/1232/1291 359/1664/1292 375/333/1293
f 358/1232/1291 375/333/1293 371/188/1294
f 353/1295/1295 352/167/1296 362/288/1297
f 353/1295/1295 362/288/1297 372/1422/1298
f 357/150/1299 358/1232/1300 371/188/1301
f 357/150/1299 371/188/1301 368/994/1302
f 363/206/1303 370/223/1304 367/1342/1305
f 363/206/1303 367/1342/1305 364/1724/1306
f 360/1608/1307 366/388/1308 369/1612/1309
f 360/1608/1307 369/1612/1309 361/314/1310
f 378/1110/1311 377/1720/1312 396/1827/1313
f 378/1110/1311 396/1827/1313 397/797/1314
f 380/1625/1315 381/1780/1316 392/1385/1317
f 380/1625/1315 392/1385/1317 389/1457/1318
f 379/815/1319 378/1110/1320 397/797/1321
f 379/815/1319 397/797/1321 398/1520/1322
usemtl brickwall1
f 381/1113/1323 378/1143/1324 379/970/1325
f 381/1113/1323 379/970/1325 382/1817/1326
f 382/227/1327 379/82/1328 376/572/1329
f 382/227/1327 376/572/1329 383/1291/1330
f 380/1161/1331 377/529/1332 378/584/1333
f 380/1161/1331 378/584/1333 381/1546/1334
f 383/344/1335 376/1247/1336 377/1032/1337
f 383/344/1335 377/1032/1337 380/162/1338
usemtl stonetrims
f 383/45/1339 380/1625/1340 389/1457/1341
f 383/45/1339 389/1457/1341 399/735/1342
f 376/1033/1343 379/815/1344 398/1520/1345
f 376/1033/1343 398/1520/1345 386/824/1346
f 386/61/1347 387/619/1348 388/1755/1349
f 386/61/1347 388/1755/1349 396/210/1350
f 396/210/1351 388/1755/1352 391/126/1353
f 396/210/1351 391/126/1353 397/328/1354
f 397/328/1355 391/126/1356 394/395/1357
f 397/328/1355 394/395/1357 398/391/1358
f 398/391/1359 394/395/1360 387/128/1361
f 398/391/1359 387/128/1361 386/882/1362
f 385/1611/1363 399/451/1364 389/1104/1365
f 385/1611/1363 389/1104/1365 384/1376/1366
f 384/1376/1367 389/1104/1368 392/1763/1369
f 384/1376/1367 392/1763/1369 390/1803/1370
f 393/1240/1371 395/127/1372 399/626/1373
f 393/1240/1371 399/626/1373 385/1798/1374
f 390/1803/1375 392/1763/1376 395/127/1377
f 390/1803/1375 395/127/1377 393/1240/1378
f 382/1639/1379 383/220/1380 399/753/1381
f 382/1639/1379 399/753/1381 395/602/1382
f 377/1720/1383 376/579/1384 386/698/1385
f 377/1720/1383 386/698/1385 396/1827/1386
f 381/1780/1387 382/1639/1388 395/602/1389
f 381/1780/1387 395/602/1389 392/1385/1390
f 387/619/1391 394/637/1392 391/1756/1393
f 387/619/1391 391/1756/1393 388/283/1394
f 384/175/1395 390/179/1396 393/180/1397
f 384/175/1395 393/180/1397 385/731/1398
f 402/917/1399 401/276/1400 420/412/1401
f 402/917/1399 420/412/1401 421/1183/1402
f 404/185/1403 405/343/1404 416/1795/1405
f 404/185/1403 416/1795/1405 413/26/1406
f 403/1207/1407 402/917/1408 421/1183/1409
f 403/1207/1407 421/1183/1409 422/94/1410
usemtl brickwall1
f 405/1527/1411 402/1565/1412 403/1363/1413
f 405/1527/1411 403/1363/1413 406/404/1414
f 406/641/1415 403/491/1416 400/978/1417
f 406/641/1415 400/978/1417 407/1716/1418
f 404/1583/1419 401/926/1420 402/989/1421
f 404/1583/1419 402/989/1421 405/122/1422
f 407/760/1423 400/1657/1424 401/1431/1425
f 407/760/1423 401/1431/1425 404/566/1426
usemtl stonetrims
f 407/459/1427 404/185/1428 413/26/1429
f 407/459/1427 413/26/1429 423/537/1430
f 400/1435/1431 403/1207/1432 422/94/1433
f 400/1435/1431 422/94/1433 410/1224/1434
f 410/473/1435 411/437/1436 412/1555/1437
f 410/473/1435 412/1555/1437 420/622/1438
f 420/622/1439 412/1555/1440 415/530/1441
f 420/622/1439 415/530/1441 421/147/1442
f 421/147/1443 415/530/1444 418/804/1445
f 421/147/1443 418/804/1445 422/798/1446
f 422/798/1447 418/804/1448 411/534/1449
f 422/798/1447 411/534/1449 410/1280/1450
f 409/178/1451 423/844/1452 413/1519/1453
f 409/178/1451 413/1519/1453 408/1788/1454
f 408/1788/1455 413/1519/1456 416/325/1457
f 408/1788/1455 416/325/1457 414/383/1458
f 417/1047/1459 419/533/1460 423/1036/1461
f 417/1047/1459 423/1036/1461 409/378/1462
f 414/383/1463 416/325/1464 419/533/1465
f 414/383/1463 419/533/1465 417/1047/1466
f 406/197/1467 407/636/1468 423/1139/1469
f 406/197/1467 423/1139/1469 419/1014/1470
f 401/276/1471 400/981/1472 410/1102/1473
f 401/276/1471 410/1102/1473 420/412/1474
f 405/343/1475 406/197/1476 419/1014/1477
f 405/343/1475 419/1014/1477 416/1795/1478
f 411/437/1479 418/1050/1480 415/1558/1481
f 411/437/1479 415/1558/1481 412/693/1482
f 408/1815/1483 414/589/1484 417/591/1485
f 408/1815/1483 417/591/1485 409/1121/1486
f 426/1315/1487 425/88/1488 444/817/1489
f 426/1315/1487 444/817/1489 445/1595/1490
f 428/599/1491 429/759/1492 440/376/1493
f 428/599/1491 440/376/1493 437/1659/1494
f 427/1614/1495 426/1315/1496 445/1595/1497
f 427/1614/1495 445/1595/1497 446/1728/1498
usemtl brickwall1
f 429/104/1499 426/136/1500 427/1784/1501
f 429/104/1499 427/1784/1501 430/809/1502
f 430/1052/1503 427/890/1504 424/1371/1505
f 430/1052/1503 424/1371/1505 431/274/1506
f 428/1366/1507 425/1327/1508 426/1382/1509
f 428/1366/1507 426/1382/1509 429/523/1510
f 431/1146/1511 424/1468/1512 425/5/1513
f 431/1146/1511 425/5/1513 428/972/1514
usemtl stonetrims
f 431/859/1515 428/599/1516 437/1659/1517
f 431/859/1515 437/1659/1517 447/937/1518
f 424/7/1519 427/1614/1520 446/1728/1521
f 424/7/1519 446/1728/1521 434/1029/1522
f 434/868/1523 435/833/1524 436/129/1525
f 434/868/1523 436/129/1525 444/1034/1526
f 444/1034/1527 436/129/1528 439/927/1529
f 444/1034/1527 439/927/1529 445/552/1530
f 445/552/1531 439/927/1532 442/1189/1533
f 445/552/1531 442/1189/1533 446/1184/1534
f 446/1184/1535 442/1189/1536 435/324/1537
f 446/1184/1535 435/324/1537 434/1697/1538
f 433/590/1539 447/1242/1540 437/92/1541
f 433/590/1539 437/92/1541 432/365/1542
f 432/365/1543 437/92/1544 440/742/1545
f 432/365/1543 440/742/1545 438/792/1546
f 441/1453/1547 443/930/1548 447/1437/1549
f 441/1453/1547 447/1437/1549 433/787/1550
f 438/792/1551 440/742/1552 443/930/1553
f 438/792/1551 443/930/1553 441/1453/1554
f 430/611/1555 431/1048/1556 447/1561/1557
f 430/611/1555 447/1561/1557 443/1407/1558
f 425/88/1559 424/1375/1560 434/1515/1561
f 425/88/1559 434/1515/1561 444/817/1562
f 429/759/1563 430/611/1564 443/1407/1565
f 429/759/1563 443/1407/1565 440/376/1566
f 435/833/1567 442/1456/1568 439/131/1569
f 435/833/1567 439/131/1569 436/1099/1570
f 432/397/1571 438/996/1572 441/997/1573
f 432/397/1571 441/997/1573 433/1537/1574
f 450/354/1575 460/1552/1576 648/255/1577
f 450/354/1575 648/255/1577 637/1088/1578
usemtl brickwall1
f 493/470/1579 495/800/1580 629/251/1581
f 493/470/1579 629/251/1581 633/598/1582
f 495/800/1583 497/143/1584 624/1408/1585
f 495/800/1583 624/1408/1585 629/251/1586
f 497/143/1587 499/1621/1588 631/559/1589
f 497/143/1587 631/559/1589 624/1408/1590
f 499/1621/1591 501/123/1592 623/1592/1593
f 499/1621/1591 623/1592/1593 631/559/1594
f 501/123/1595 627/469/1596 623/1592/1597
f 490/392/1598 526/425/1599 654/176/1600
f 490/392/1598 654/176/1600 657/69/1601
f 496/36/1602 660/1227/1603 668/887/1604
f 496/36/1602 668/887/1604 498/63/1605
f 498/63/1606 668/887/1607 667/501/1608
f 498/63/1606 667/501/1608 500/1026/1609
f 500/1026/1610 667/501/1611 669/928/1612
f 500/1026/1610 669/928/1612 502/1125/1613
f 502/1125/1614 669/928/1615 503/1752/1616
usemtl stonetrims
f 484/618/1617 487/756/1618 658/987/1619
f 484/618/1617 658/987/1619 652/341/1620
f 48/793/1621 468/883/1622 630/1570/1623
f 48/793/1621 630/1570/1623 620/62/1624
usemtl brickwall1
f 527/1323/1625 638/832/1626 640/1797/1627
f 527/1323/1625 640/1797/1627 529/646/1628
f 529/646/1629 640/1797/1630 647/1196/1631
f 529/646/1629 647/1196/1631 531/408/1632
f 531/408/1633 647/1196/1634 639/119/1635
f 531/408/1633 639/119/1635 533/943/1636
f 533/943/1637 639/119/1638 646/1040/1639
f 533/943/1637 646/1040/1639 535/1116/1640
f 535/1116/1641 646/1040/1642 644/1599/1643
f 492/1689/1644 493/470/1645 633/598/1646
f 492/1689/1644 633/598/1646 620/1455/1647
f 528/100/1648 530/1253/1649 651/349/1650
f 528/100/1648 651/349/1650 656/779/1651
f 530/1253/1652 532/359/1653 649/68/1654
f 530/1253/1652 649/68/1654 651/349/1655
f 532/359/1656 534/671/1657 650/1754/1658
f 532/359/1656 650/1754/1658 649/68/1659
f 534/671/1660 536/285/1661 650/1754/1662
f 526/425/1663 528/100/1664 656/779/1665
f 526/425/1663 656/779/1665 654/176/1666
usemtl stonetrims
f 467/379/1667 462/1696/1668 632/483/1669
f 467/379/1667 632/483/1669 622/1072/1670
f 40/238/1671 465/1395/1672 625/727/1673
f 40/238/1671 625/727/1673 628/1153/1674
f 462/1696/1675 464/643/1676 621/873/1677
f 462/1696/1675 621/873/1677 632/483/1678
f 465/1395/1679 467/379/1680 622/1072/1681
f 465/1395/1679 622/1072/1681 625/727/1682
usemtl brickwall1
f 494/1298/1683 664/870/1684 660/1227/1685
f 494/1298/1683 660/1227/1685 496/36/1686
usemtl stonetrims
f 453/642/1687 449/1560/1688 635/348/1689
f 453/642/1687 635/348/1689 642/1326/1690
f 458/1267/1691 454/710/1692 645/1746/1693
f 458/1267/1691 645/1746/1693 636/725/1694
f 488/12/1695 484/618/1696 652/341/1697
f 488/12/1695 652/341/1697 657/6/1698
f 457/810/1699 453/642/1700 642/1326/1701
f 457/810/1699 642/1326/1701 634/558/1702
f 449/1560/1703 458/1267/1704 636/725/1705
f 449/1560/1703 636/725/1705 635/348/1706
f 454/710/1707 450/354/1708 637/1088/1709
f 454/710/1707 637/1088/1709 645/1746/1710
f 486/1702/1711 684/1202/1712 514/1268/1713
f 486/1702/1711 514/1268/1713 655/999/1714
f 483/549/1715 688/1598/1716 659/1631/1717
f 483/549/1715 659/1631/1717 653/243/1718
f 468/883/1719 40/238/1720 628/1153/1721
f 468/883/1719 628/1153/1721 630/1570/1722
f 688/1598/1723 486/1702/1724 655/999/1725
f 688/1598/1723 655/999/1725 659/1631/1726
f 487/756/1727 483/549/1728 653/243/1729
f 487/756/1727 653/243/1729 658/987/1730
usemtl brickwall1
f 489/144/1731 648/230/1732 638/832/1733
f 489/144/1731 638/832/1733 527/1323/1734
usemtl stonetrims
f 471/1152/1735 480/1107/1736 665/1683/1737
f 471/1152/1735 665/1683/1737 515/945/1738
f 476/1328/1739 472/1541/1740 663/199/1741
f 476/1328/1739 663/199/1741 670/850/1742
f 481/765/1743 477/34/1744 661/888/1745
f 481/765/1743 661/888/1745 666/264/1746
usemtl brickwall1
f 491/260/1747 662/1473/1748 664/870/1749
f 491/260/1747 664/870/1749 494/1298/1750
usemtl stonetrims
f 480/1107/1751 476/1328/1752 670/850/1753
f 480/1107/1751 670/850/1753 665/1683/1754
f 472/1541/1755 481/765/1756 666/264/1757
f 472/1541/1755 666/264/1757 663/199/1758
f 477/34/1759 474/266/1760 662/717/1761
f 477/34/1759 662/717/1761 661/888/1762
f 508/157/1763 506/1282/1764 574/407/1765
f 508/157/1763 574/407/1765 572/971/1766
f 489/1075/1767 527/1589/1768 588/1387/1769
f 489/1075/1767 588/1387/1769 544/1818/1770
f 507/493/1771 509/1022/1772 573/1314/1773
f 507/493/1771 573/1314/1773 575/1192/1774
f 493/1354/1775 492/33/1776 543/688/1777
f 493/1354/1775 543/688/1777 554/586/1778
f 491/949/1779 494/1284/1780 555/1309/1781
f 491/949/1779 555/1309/1781 545/457/1782
f 495/1429/1783 493/1354/1784 554/586/1785
f 495/1429/1783 554/586/1785 552/1682/1786
f 510/99/1787 508/157/1788 572/971/1789
f 510/99/1787 572/971/1789 570/102/1790
f 528/272/1791 526/225/1792 587/1035/1793
f 528/272/1791 587/1035/1793 585/934/1794
f 494/1284/1795 496/1656/1796 553/1487/1797
f 494/1284/1795 553/1487/1797 555/1309/1798
f 509/1022/1799 511/615/1800 571/1254/1801
f 509/1022/1799 571/1254/1801 573/1314/1802
f 527/1589/1803 529/77/1804 586/340/1805
f 527/1589/1803 586/340/1805 588/1387/1806
f 497/1513/1807 495/1429/1808 552/1682/1809
f 497/1513/1807 552/1682/1809 550/668/1810
f 512/1445/1811 510/99/1812 570/102/1813
f 512/1445/1811 570/102/1813 567/1290/1814
f 530/1344/1815 528/272/1816 585/934/1817
f 530/1344/1815 585/934/1817 583/1179/1818
f 496/1656/1819 498/1588/1820 551/1402/1821
f 496/1656/1819 551/1402/1821 553/1487/1822
f 511/615/1823 513/482/1824 568/1069/1825
f 511/615/1823 568/1069/1825 571/1254/1826
f 529/77/1827 531/878/1828 584/1568/1829
f 529/77/1827 584/1568/1829 586/340/1830
f 499/269/1831 497/1513/1832 550/668/1833
f 499/269/1831 550/668/1833 548/1120/1834
f 515/1518/1835 512/1445/1836 567/1290/1837
f 515/1518/1835 567/1290/1837 540/1049/1838
f 532/874/1839 530/1344/1840 583/1179/1841
f 532/874/1839 583/1179/1841 581/1045/1842
f 498/1588/1843 500/508/1844 549/923/1845
f 498/1588/1843 549/923/1845 551/1402/1846
f 531/878/1847 533/1796/1848 582/3/1849
f 531/878/1847 582/3/1849 584/1568/1850
f 513/482/1851 514/1082/1852 569/1691/1853
f 513/482/1851 569/1691/1853 568/1069/1854
f 547/468/1855 537/775/1856 538/462/1857
f 547/468/1855 538/462/1857 546/657/1858
f 549/923/1859 547/468/1860 546/657/1861
f 549/923/1859 546/657/1861 548/1120/1862
f 551/1402/1863 549/923/1864 548/1120/1865
f 551/1402/1863 548/1120/1865 550/668/1866
f 553/1487/1867 551/1402/1868 550/668/1869
f 553/1487/1867 550/668/1869 552/1682/1870
f 555/1309/1871 553/1487/1872 552/1682/1873
f 555/1309/1871 552/1682/1873 554/586/1874
f 539/59/1875 557/114/1876 558/1225/1877
f 539/59/1875 558/1225/1877 556/808/1878
f 557/114/1879 559/720/1880 560/1462/1881
f 557/114/1879 560/1462/1881 558/1225/1882
f 559/720/1883 561/1536/1884 562/455/1885
f 559/720/1883 562/455/1885 560/1462/1886
f 561/1536/1887 563/889/1888 564/1016/1889
f 561/1536/1887 564/1016/1889 562/455/1890
f 563/889/1891 565/1489/1892 566/486/1893
f 563/889/1891 566/486/1893 564/1016/1894
f 568/1069/1895 569/1691/1896 540/1049/1897
f 568/1069/1895 540/1049/1897 567/1290/1898
f 571/1254/1899 568/1069/1900 567/1290/1901
f 571/1254/1899 567/1290/1901 570/102/1902
f 573/1314/1903 571/1254/1904 570/102/1905
f 573/1314/1903 570/102/1905 572/971/1906
f 575/1192/1907 573/1314/1908 572/971/1909
f 575/1192/1907 572/971/1909 574/407/1910
f 577/1308/1911 575/1192/1912 574/407/1913
f 577/1308/1911 574/407/1913 576/610/1914
f 565/1489/1915 544/415/1916 543/58/1917
f 565/1489/1915 543/58/1917 566/486/1918
f 542/601/1919 577/1308/1920 576/610/1921
f 542/601/1919 576/610/1921 545/193/1922
f 579/757/1923 580/280/1924 541/1451/1925
f 579/757/1923 541/1451/1925 578/1330/1926
f 582/3/1927 579/757/1928 578/1330/1929
f 582/3/1927 578/1330/1929 581/1045/1930
f 584/1568/1931 582/3/1932 581/1045/1933
f 584/1568/1931 581/1045/1933 583/1179/1934
f 586/340/1935 584/1568/1936 583/1179/1937
f 586/340/1935 583/1179/1937 585/934/1938
f 588/1387/1939 586/340/1940 585/934/1941
f 588/1387/1939 585/934/1941 587/1035/1942
f 545/457/1943 555/1309/1944 554/586/1945
f 545/457/1943 554/586/1945 543/688/1946
f 544/1818/1947 588/1387/1948 587/1035/1949
f 544/1818/1947 587/1035/1949 542/321/1950
f 526/225/1951 490/1329/1952 542/321/1953
f 526/225/1951 542/321/1953 587/1035/1954
f 525/1601/1955 621/1194/1956 556/808/1957
f 525/1601/1955 556/808/1957 558/1225/1958
f 505/55/1959 507/493/1960 575/1192/1961
f 505/55/1959 575/1192/1961 577/1308/1962
f 524/1799/1963 522/1378/1964 559/720/1965
f 524/1799/1963 559/720/1965 557/114/1966
f 506/1282/1967 504/441/1968 576/610/1969
f 506/1282/1967 576/610/1969 574/407/1970
f 516/506/1971 489/1777/1972 544/415/1973
f 516/506/1971 544/415/1973 565/1489/1974
f 523/576/1975 525/1601/1976 558/1225/1977
f 523/576/1975 558/1225/1977 560/1462/1978
f 492/1694/1979 517/1581/1980 566/486/1981
f 492/1694/1979 566/486/1981 543/58/1982
f 522/1378/1983 520/1246/1984 561/1536/1985
f 522/1378/1983 561/1536/1985 559/720/1986
f 490/659/1987 505/55/1988 577/1308/1989
f 490/659/1987 577/1308/1989 542/601/1990
f 504/441/1991 491/240/1992 545/193/1993
f 504/441/1991 545/193/1993 576/610/1994
f 521/498/1995 523/576/1996 560/1462/1997
f 521/498/1995 560/1462/1997 562/455/1998
f 520/1246/1999 518/885/2000 563/889/2001
f 520/1246/1999 563/889/2001 561/1536/2002
f 535/204/2003 644/1442/2004 580/280/2005
f 535/204/2003 580/280/2005 579/757/2006
f 502/1087/2007 503/1199/2008 537/775/2009
f 502/1087/2007 537/775/2009 547/468/2010
f 519/1353/2011 521/498/2012 562/455/2013
f 519/1353/2011 562/455/2013 564/1016/2014
f 536/665/2015 534/1655/2016 578/1330/2017
f 536/665/2015 578/1330/2017 541/1451/2018
f 518/885/2019 516/506/2020 565/1489/2021
f 518/885/2019 565/1489/2021 563/889/2022
f 533/1796/2023 535/204/2024 579/757/2025
f 533/1796/2023 579/757/2025 582/3/2026
f 517/1581/2027 519/1353/2028 564/1016/2029
f 517/1581/2027 564/1016/2029 566/486/2030
f 500/508/2031 502/1087/2032 547/468/2033
f 500/508/2031 547/468/2033 549/923/2034
f 534/1655/2035 532/874/2036 581/1045/2037
f 534/1655/2035 581/1045/2037 578/1330/2038
f 501/1144/2039 499/269/2040 548/1120/2041
f 501/1144/2039 548/1120/2041 546/657/2042
f 544/1119/2043 542/438/2044 592/1449/2045
f 544/1119/2043 592/1449/2045 590/1609/2046
f 545/1488/2047 543/1097/2048 589/519/2049
f 545/1488/2047 589/519/2049 594/475/2050
f 542/1141/2051 545/518/2052 594/543/2053
f 542/1141/2051 594/543/2053 592/1043/2054
f 591/960/2055 595/71/2056 589/279/2057
f 590/1749/2058 599/137/2059 597/1012/2060
f 590/1749/2058 597/1012/2060 591/960/2061
f 592/842/2062 596/681/2063 593/1013/2064
f 594/1063/2065 595/71/2066 596/681/2067
f 593/1013/2068 596/681/2069 598/439/2070
f 593/1013/2068 598/439/2070 597/1012/2071
f 594/475/2072 589/519/2073 595/299/2074
f 589/939/2075 590/400/2076 591/445/2077
f 590/1609/2078 592/1449/2079 593/696/2080
f 590/1609/2078 593/696/2080 599/1745/2081
f 592/1043/2082 594/543/2083 596/47/2084
f 591/960/2085 598/439/2086 595/71/2087
usemtl brickwall1
f 597/1704/2088 599/17/2089 593/1712/2090
usemtl stonetrims
f 595/71/2091 598/439/2092 596/681/2093
f 597/1012/2094 598/439/2095 591/960/2096
f 461/1406/2097 627/217/2098 608/1134/2099
f 461/1406/2097 608/1134/2099 602/560/2100
f 515/1518/2101 540/1049/2102 615/1313/2103
f 515/1518/2101 615/1313/2103 610/310/2104
f 503/80/2105 478/1373/2106 605/487/2107
f 503/80/2105 605/487/2107 607/60/2108
f 471/1152/2109 515/945/2110 610/181/2111
f 471/1152/2109 610/181/2111 604/423/2112
f 556/808/2113 621/1194/2114 626/1096/2115
f 556/808/2113 626/1096/2115 617/822/2116
f 514/1268/2117 684/1202/2118 830/289/2119
f 514/1268/2117 830/289/2119 609/1705/2120
f 541/1451/2121 580/280/2122 619/1365/2123
f 541/1451/2121 619/1365/2123 616/1729/2124
f 537/775/2125 503/1199/2126 607/607/2127
f 537/775/2125 607/607/2127 612/1672/2128
f 569/1691/2129 514/1082/2130 609/1285/2131
f 569/1691/2129 609/1285/2131 618/1311/2132
f 485/403/2133 536/358/2134 611/1509/2135
f 485/403/2133 611/1509/2135 606/267/2136
f 539/59/2137 556/808/2138 617/822/2139
f 539/59/2137 617/822/2139 614/1740/2140
f 580/280/2141 644/1442/2142 641/133/2143
f 580/280/2141 641/133/2143 619/1365/2144
f 644/485/2145 451/1794/2146 600/799/2147
f 644/485/2145 600/799/2147 641/948/2148
f 540/1049/2149 569/1691/2150 618/1311/2151
f 540/1049/2149 618/1311/2151 615/1313/2152
f 621/873/2153 464/643/2154 603/1100/2155
f 621/873/2153 603/1100/2155 626/134/2156
f 538/462/2157 537/775/2158 612/1672/2159
f 538/462/2157 612/1672/2159 613/1771/2160
f 457/810/2161 634/558/2162 643/1333/2163
f 457/810/2161 643/1333/2163 601/1637/2164
f 536/665/2165 541/1451/2166 616/1729/2167
f 536/665/2165 616/1729/2167 611/1758/2168
f 543/667/2169 544/24/2170 590/400/2171
f 543/667/2169 590/400/2171 589/939/2172
f 633/1256/2173 629/1409/2174 47/75/2175
f 633/1256/2173 47/75/2175 43/1176/2176
f 624/1573/2177 631/697/2178 466/910/2179
f 624/1573/2177 466/910/2179 463/152/2180
f 623/639/2181 627/217/2182 461/1406/2183
f 623/639/2181 461/1406/2183 46/440/2184
f 627/689/2185 501/1144/2186 546/657/2187
f 627/689/2185 546/657/2187 538/462/2188
usemtl brickwall1
f 628/680/2189 625/1180/2190 521/1122/2191
f 628/680/2189 521/1122/2191 519/1352/2192
f 625/1180/2193 622/460/2194 523/1114/2195
f 625/1180/2193 523/1114/2195 521/1122/2196
usemtl stonetrims
f 608/1236/2197 627/689/2198 538/462/2199
f 608/1236/2197 538/462/2199 613/1771/2200
f 629/1409/2201 624/1573/2202 463/152/2203
f 629/1409/2201 463/152/2203 47/75/2204
f 631/697/2205 623/639/2206 46/440/2207
f 631/697/2205 46/440/2207 466/910/2208
usemtl brickwall1
f 630/1574/2209 628/680/2210 519/1352/2211
f 630/1574/2209 519/1352/2211 517/905/2212
f 620/1455/2213 630/1574/2214 517/905/2215
f 620/1455/2213 517/905/2215 492/1689/2216
usemtl stonetrims
f 620/62/2217 633/1256/2218 43/1176/2219
f 620/62/2217 43/1176/2219 48/793/2220
usemtl brickwall1
f 622/460/2221 632/1095/2222 525/1005/2223
f 622/460/2221 525/1005/2223 523/1114/2224
f 632/1095/2225 621/1479/2226 525/1005/2227
f 636/4/2228 645/1559/2229 518/902/2230
f 636/4/2228 518/902/2230 520/1556/2231
f 634/1517/2232 642/1147/2233 524/1080/2234
f 645/1559/2235 637/262/2236 516/476/2237
f 645/1559/2235 516/476/2237 518/902/2238
usemtl stonetrims
f 638/307/2239 648/255/2240 460/1552/2241
f 638/307/2239 460/1552/2241 452/18/2242
f 640/237/2243 638/307/2244 452/18/2245
f 640/237/2243 452/18/2245 455/357/2246
f 639/43/2247 647/1335/2248 456/213/2249
f 639/43/2247 456/213/2249 459/1055/2250
f 644/485/2251 646/632/2252 448/426/2253
f 644/485/2251 448/426/2253 451/1794/2254
f 634/20/2255 524/1799/2256 557/114/2257
f 634/20/2255 557/114/2257 539/59/2258
usemtl brickwall1
f 642/1147/2259 635/769/2260 522/1635/2261
f 642/1147/2259 522/1635/2261 524/1080/2262
f 635/769/2263 636/4/2264 520/1556/2265
f 635/769/2263 520/1556/2265 522/1635/2266
f 637/262/2267 648/230/2268 489/144/2269
f 637/262/2267 489/144/2269 516/476/2270
usemtl stonetrims
f 647/1335/2271 640/237/2272 455/357/2273
f 647/1335/2271 455/357/2273 456/213/2274
f 646/632/2275 639/43/2276 459/1055/2277
f 646/632/2275 459/1055/2277 448/426/2278
f 643/427/2279 634/20/2280 539/59/2281
f 643/427/2279 539/59/2281 614/1740/2282
usemtl brickwall1
f 653/14/2283 659/912/2284 511/1418/2285
f 653/14/2283 511/1418/2285 509/1653/2286
f 659/912/2287 655/751/2288 513/684/2289
f 659/912/2287 513/684/2289 511/1418/2290
f 652/510/2291 658/375/2292 507/190/2293
f 652/510/2291 507/190/2293 505/1773/2294
usemtl stonetrims
f 656/674/2295 651/909/2296 687/1303/2297
f 656/674/2295 687/1303/2297 482/672/2298
f 649/337/2299 650/1744/2300 685/1244/2301
f 649/337/2299 685/1244/2301 689/1301/2302
f 654/955/2303 656/674/2304 482/672/2305
f 654/955/2303 482/672/2305 690/1454/2306
usemtl brickwall1
f 657/69/2307 652/510/2308 505/1773/2309
f 657/69/2307 505/1773/2309 490/392/2310
f 655/751/2311 514/1276/2312 513/684/2313
f 658/375/2314 653/14/2315 509/1653/2316
f 658/375/2314 509/1653/2316 507/190/2317
usemtl stonetrims
f 657/6/2318 654/955/2319 690/1454/2320
f 657/6/2318 690/1454/2320 488/12/2321
f 651/909/2322 649/337/2323 689/1301/2324
f 651/909/2322 689/1301/2324 687/1303/2325
f 650/1744/2326 536/358/2327 485/403/2328
f 650/1744/2326 485/403/2328 685/1244/2329
usemtl brickwall1
f 670/1778/2330 663/1632/2331 508/1109/2332
f 670/1778/2330 508/1109/2332 510/194/2333
usemtl stonetrims
f 668/1807/2334 660/177/2335 469/914/2336
f 668/1807/2334 469/914/2336 470/1219/2337
f 669/235/2338 667/1338/2339 473/954/2340
f 669/235/2338 473/954/2340 475/384/2341
f 664/1070/2342 662/717/2343 474/266/2344
f 664/1070/2342 474/266/2344 479/846/2345
usemtl brickwall1
f 663/1632/2346 666/1680/2347 506/1137/2348
f 663/1632/2346 506/1137/2348 508/1109/2349
f 515/49/2350 665/1497/2351 512/219/2352
f 666/1680/2353 661/1098/2354 504/245/2355
f 666/1680/2353 504/245/2355 506/1137/2356
f 665/1497/2357 670/1778/2358 510/194/2359
f 665/1497/2357 510/194/2359 512/219/2360
f 661/1098/2361 662/1473/2362 491/260/2363
f 661/1098/2361 491/260/2363 504/245/2364
usemtl stonetrims
f 667/1338/2365 668/1807/2366 470/1219/2367
f 667/1338/2365 470/1219/2367 473/954/2368
f 503/80/2369 669/235/2370 475/384/2371
f 503/80/2369 475/384/2371 478/1373/2372
f 660/177/2373 664/1070/2374 479/846/2375
f 660/177/2373 479/846/2375 469/914/2376
f 673/875/2377 683/226/2378 876/1688/2379
f 673/875/2377 876/1688/2379 865/666/2380
usemtl brickwall1
f 721/41/2381 723/369/2382 857/1076/2383
f 721/41/2381 857/1076/2383 861/168/2384
f 723/369/2385 725/1547/2386 852/992/2387
f 723/369/2385 852/992/2387 857/1076/2388
f 725/1547/2389 727/1185/2390 859/145/2391
f 725/1547/2389 859/145/2391 852/992/2392
f 727/1185/2393 729/1533/2394 851/1162/2395
f 727/1185/2393 851/1162/2395 859/145/2396
f 729/1533/2397 855/40/2398 851/1162/2399
f 718/1789/2400 754/1821/2401 882/1591/2402
f 718/1789/2400 882/1591/2402 885/880/2403
f 724/848/2404 888/814/2405 896/477/2406
f 724/848/2404 896/477/2406 726/1486/2407
f 726/1486/2408 896/477/2409 895/74/2410
f 726/1486/2408 895/74/2410 728/600/2411
f 728/600/2412 895/74/2413 897/512/2414
f 728/600/2412 897/512/2414 730/716/2415
f 730/716/2416 897/512/2417 731/1316/2418
usemtl stonetrims
f 711/386/2419 715/322/2420 886/564/2421
f 711/386/2419 886/564/2421 880/1762/2422
f 488/499/2423 690/1582/2424 858/541/2425
f 488/499/2423 858/541/2425 848/1485/2426
usemtl brickwall1
f 755/911/2427 866/416/2428 868/784/2429
f 755/911/2427 868/784/2429 757/214/2430
f 757/214/2431 868/784/2432 875/171/2433
f 757/214/2431 875/171/2433 759/1203/2434
f 759/1203/2435 875/171/2436 867/1528/2437
f 759/1203/2435 867/1528/2437 761/520/2438
f 761/520/2439 867/1528/2440 874/608/2441
f 761/520/2439 874/608/2441 763/694/2442
f 763/694/2443 874/608/2444 872/575/2445
f 720/655/2446 721/41/2447 861/168/2448
f 720/655/2446 861/168/2448 848/1031/2449
f 756/907/2450 758/836/2451 879/1767/2452
f 756/907/2450 879/1767/2452 884/346/2453
f 758/836/2454 760/1776/2455 877/877/2456
f 758/836/2454 877/877/2456 879/1767/2457
f 760/1776/2458 762/241/2459 878/1319/2460
f 760/1776/2458 878/1319/2460 877/877/2461
f 762/241/2462 764/1715/2463 878/1319/2464
f 754/1821/2465 756/907/2466 884/346/2467
f 754/1821/2465 884/346/2467 882/1591/2468
usemtl stonetrims
f 689/1074/2469 685/1596/2470 860/52/2471
f 689/1074/2469 860/52/2471 850/651/2472
f 482/187/2473 687/1504/2474 853/292/2475
f 482/187/2473 853/292/2475 856/746/2476
f 685/1596/2477 485/990/2478 849/464/2479
f 685/1596/2477 849/464/2479 860/52/2480
f 687/1504/2481 689/1074/2482 850/651/2483
f 687/1504/2481 850/651/2483 853/292/2484
usemtl brickwall1
f 722/891/2485 892/1684/2486 888/814/2487
f 722/891/2485 888/814/2487 724/848/2488
usemtl stonetrims
f 676/1140/2489 672/232/2490 863/1148/2491
f 676/1140/2489 863/1148/2491 870/302/2492
f 681/1781/2493 677/624/2494 873/1310/2495
f 681/1781/2493 873/1310/2495 864/291/2496
f 716/825/2497 711/386/2498 880/1762/2499
f 716/825/2497 880/1762/2499 885/1414/2500
f 680/701/2501 676/1140/2502 870/302/2503
f 680/701/2501 870/302/2503 862/141/2504
f 672/232/2505 681/1781/2506 864/291/2507
f 672/232/2505 864/291/2507 863/1148/2508
f 677/624/2509 673/875/2510 865/666/2511
f 677/624/2509 865/666/2511 873/1310/2512
f 714/1271/2513 706/772/2514 742/858/2515
f 714/1271/2513 742/858/2515 883/568/2516
f 707/1491/2517 710/1768/2518 887/603/2519
f 707/1491/2517 887/603/2519 881/1673/2520
f 690/1582/2521 482/187/2522 856/746/2523
f 690/1582/2521 856/746/2523 858/541/2524
f 710/1768/2525 714/1271/2526 883/568/2527
f 710/1768/2525 883/568/2527 887/603/2528
f 715/322/2529 707/1491/2530 881/1673/2531
f 715/322/2529 881/1673/2531 886/564/2532
usemtl brickwall1
f 717/1548/2533 876/1654/2534 866/416/2535
f 717/1548/2533 866/416/2535 755/911/2536
usemtl stonetrims
f 693/31/2537 702/1209/2538 893/1258/2539
f 693/31/2537 893/1258/2539 743/521/2540
f 698/192/2541 694/1641/2542 891/1627/2543
f 698/192/2541 891/1627/2543 898/434/2544
f 703/1474/2545 699/723/2546 889/478/2547
f 703/1474/2545 889/478/2547 894/1695/2548
usemtl brickwall1
f 719/1690/2549 890/452/2550 892/1684/2551
f 719/1690/2549 892/1684/2551 722/891/2552
usemtl stonetrims
f 702/1209/2553 698/192/2554 898/434/2555
f 702/1209/2553 898/434/2555 893/1258/2556
f 694/1641/2557 703/1474/2558 894/1695/2559
f 694/1641/2557 894/1695/2559 891/1627/2560
f 699/723/2561 696/366/2562 890/1529/2563
f 699/723/2561 890/1529/2563 889/478/2564
f 736/964/2565 734/871/2566 802/1802/2567
f 736/964/2565 802/1802/2567 800/553/2568
f 717/652/2569 755/1156/2570 816/975/2571
f 717/652/2569 816/975/2571 772/1389/2572
f 735/65/2573 737/1824/2574 801/287/2575
f 735/65/2573 801/287/2575 803/785/2576
f 721/940/2577 720/1450/2578 771/261/2579
f 721/940/2577 771/261/2579 782/161/2580
f 719/531/2581 722/258/2582 783/899/2583
f 719/531/2581 783/899/2583 773/1251/2584
f 723/1017/2585 721/940/2586 782/161/2587
f 723/1017/2585 782/161/2587 780/1257/2588
f 738/1508/2589 736/964/2590 800/553/2591
f 738/1508/2589 800/553/2591 798/1511/2592
f 756/1701/2593 754/1648/2594 815/606/2595
f 756/1701/2593 815/606/2595 813/514/2596
f 722/258/2597 724/1230/2598 781/1062/2599
f 722/258/2597 781/1062/2599 783/899/2600
f 737/1824/2601 739/1425/2602 799/837/2603
f 737/1824/2601 799/837/2603 801/287/2604
f 755/1156/2605 757/1498/2606 814/1761/2607
f 755/1156/2605 814/1761/2607 816/975/2608
f 725/1090/2609 723/1017/2610 780/1257/2611
f 725/1090/2609 780/1257/2611 778/239/2612
f 740/1021/2613 738/1508/2614 798/1511/2615
f 740/1021/2613 798/1511/2615 795/886/2616
f 758/924/2617 756/1701/2618 813/514/2619
f 758/924/2617 813/514/2619 811/776/2620
f 724/1230/2621 726/1150/2622 779/986/2623
f 724/1230/2621 779/986/2623 781/1062/2624
f 739/1425/2625 741/50/2626 796/647/2627
f 739/1425/2625 796/647/2627 799/837/2628
f 757/1498/2629 759/467/2630 812/1128/2631
f 757/1498/2629 812/1128/2631 814/1761/2632
f 727/1085/2633 725/1090/2634 778/239/2635
f 727/1085/2633 778/239/2635 776/109/2636
f 743/1093/2637 740/1021/2638 795/886/2639
f 743/1093/2637 795/886/2639 768/616/2640
f 760/466/2641 758/924/2642 811/776/2643
f 760/466/2641 811/776/2643 809/612/2644
f 726/1150/2645 728/81/2646 777/509/2647
f 726/1150/2645 777/509/2647 779/986/2648
f 759/467/2649 761/1367/2650 810/1410/2651
f 759/467/2649 810/1410/2651 812/1128/2652
f 741/50/2653 742/663/2654 797/1264/2655
f 741/50/2653 797/1264/2655 796/647/2656
f 775/39/2657 765/339/2658 766/32/2659
f 775/39/2657 766/32/2659 774/231/2660
f 777/509/2661 775/39/2662 774/231/2663
f 777/509/2661 774/231/2663 776/109/2664
f 779/986/2665 777/509/2666 776/109/2667
f 779/986/2665 776/109/2667 778/239/2668
f 781/1062/2669 779/986/2670 778/239/2671
f 781/1062/2669 778/239/2671 780/1257/2672
f 783/899/2673 781/1062/2674 780/1257/2675
f 783/899/2673 780/1257/2675 782/161/2676
f 767/1481/2677 785/1524/2678 786/813/2679
f 767/1481/2677 786/813/2679 784/373/2680
f 785/1524/2681 787/286/2682 788/1039/2683
f 785/1524/2681 788/1039/2683 786/813/2684
f 787/286/2685 789/1105/2686 790/21/2687
f 787/286/2685 790/21/2687 788/1039/2688
f 789/1105/2689 791/480/2690 792/587/2691
f 789/1105/2689 792/587/2691 790/21/2692
f 791/480/2693 793/463/2694 794/53/2695
f 791/480/2693 794/53/2695 792/587/2696
f 796/647/2697 797/1264/2698 768/616/2699
f 796/647/2697 768/616/2699 795/886/2700
f 799/837/2701 796/647/2702 795/886/2703
f 799/837/2701 795/886/2703 798/1511/2704
f 801/287/2705 799/837/2706 798/1511/2707
f 801/287/2705 798/1511/2707 800/553/2708
f 803/785/2709 801/287/2710 800/553/2711
f 803/785/2709 800/553/2711 802/1802/2712
f 805/897/2713 803/785/2714 802/1802/2715
f 805/897/2713 802/1802/2715 804/1419/2716
f 793/463/2717 772/1213/2718 771/866/2719
f 793/463/2717 771/866/2719 794/53/2720
f 770/170/2721 805/897/2722 804/1419/2723
f 770/170/2721 804/1419/2723 773/1613/2724
f 807/323/2725 808/1710/2726 769/1027/2727
f 807/323/2725 769/1027/2727 806/918/2728
f 810/1410/2729 807/323/2730 806/918/2731
f 810/1410/2729 806/918/2731 809/612/2732
f 812/1128/2733 810/1410/2734 809/612/2735
f 812/1128/2733 809/612/2735 811/776/2736
f 814/1761/2737 812/1128/2738 811/776/2739
f 814/1761/2737 811/776/2739 813/514/2740
f 816/975/2741 814/1761/2742 813/514/2743
f 816/975/2741 813/514/2743 815/606/2744
f 773/1251/2745 783/899/2746 782/161/2747
f 773/1251/2745 782/161/2747 771/261/2748
f 772/1389/2749 816/975/2750 815/606/2751
f 772/1389/2749 815/606/2751 770/1748/2752
f 754/1648/2753 718/916/2754 770/1748/2755
f 754/1648/2753 770/1748/2755 815/606/2756
f 753/1169/2757 849/786/2758 784/373/2759
f 753/1169/2757 784/373/2759 786/813/2760
f 733/1476/2761 735/65/2762 803/785/2763
f 733/1476/2761 803/785/2763 805/897/2764
f 752/1370/2765 750/969/2766 787/286/2767
f 752/1370/2765 787/286/2767 785/1524/2768
f 734/871/2769 732/8/2770 804/1419/2771
f 734/871/2769 804/1419/2771 802/1802/2772
f 744/78/2773 717/1347/2774 772/1213/2775
f 744/78/2773 772/1213/2775 793/463/2776
f 751/158/2777 753/1169/2778 786/813/2779
f 751/158/2777 786/813/2779 788/1039/2780
f 720/1265/2781 745/1142/2782 794/53/2783
f 720/1265/2781 794/53/2783 771/866/2784
f 750/969/2785 748/830/2786 789/1105/2787
f 750/969/2785 789/1105/2787 787/286/2788
f 718/233/2789 733/1476/2790 805/897/2791
f 718/233/2789 805/897/2791 770/170/2792
f 732/8/2793 719/1671/2794 773/1613/2795
f 732/8/2793 773/1613/2795 804/1419/2796
f 749/70/2797 751/158/2798 788/1039/2799
f 749/70/2797 788/1039/2799 790/21/2800
f 748/830/2801 746/474/2802 791/480/2803
f 748/830/2801 791/480/2803 789/1105/2804
f 763/1028/2805 872/1020/2806 808/1710/2807
f 763/1028/2805 808/1710/2807 807/323/2808
f 730/66/2809 731/790/2810 765/339/2811
f 730/66/2809 765/339/2811 775/39/2812
f 747/327/2813 749/70/2814 790/21/2815
f 747/327/2813 790/21/2815 792/587/2816
f 764/1490/2817 762/1229/2818 806/918/2819
f 764/1490/2817 806/918/2819 769/1027/2820
f 746/474/2821 744/78/2822 793/463/2823
f 746/474/2821 793/463/2823 791/480/2824
f 761/1367/2825 763/1028/2826 807/323/2827
f 761/1367/2825 807/323/2827 810/1410/2828
f 745/1142/2829 747/327/2830 792/587/2831
f 745/1142/2829 792/587/2831 794/53/2832
f 728/81/2833 730/66/2834 775/39/2835
f 728/81/2833 775/39/2835 777/509/2836
f 762/1229/2837 760/466/2838 809/612/2839
f 762/1229/2837 809/612/2839 806/918/2840
f 729/737/2841 727/1085/2842 776/109/2843
f 729/737/2841 776/109/2843 774/231/2844
f 772/703/2845 770/1233/2846 820/1024/2847
f 772/703/2845 820/1024/2847 818/1177/2848
f 773/461/2849 771/682/2850 817/1320/2851
f 773/461/2849 817/1320/2851 822/46/2852
f 770/132/2853 773/1321/2854 822/121/2855
f 770/132/2853 822/121/2855 820/19/2856
f 819/538/2857 823/1493/2858 817/1708/2859
f 818/1312/2860 827/1543/2861 825/1809/2862
f 818/1312/2860 825/1809/2862 819/538/2863
f 820/430/2864 824/247/2865 821/580/2866
f 822/634/2867 823/1493/2868 824/247/2869
f 821/580/2870 824/247/2871 826/2/2872
f 821/580/2870 826/2/2872 825/1809/2873
f 822/46/2874 817/1320/2875 823/1723/2876
f 817/516/2877 818/1792/2878 819/11/2879
f 818/1177/2880 820/1024/2881 821/273/2882
f 818/1177/2880 821/273/2882 827/714/2883
f 820/19/2884 822/121/2885 824/860/2886
f 819/538/2887 826/2/2888 823/1493/2889
usemtl brickwall1
f 825/1278/2890 827/826/2891 821/677/2892
usemtl stonetrims
f 823/1493/2893 826/2/2894 824/247/2895
f 825/1809/2896 826/2/2897 819/538/2898
f 684/1307/2899 855/1643/2900 836/124/2901
f 684/1307/2899 836/124/2901 830/148/2902
f 743/1093/2903 768/616/2904 843/904/2905
f 743/1093/2903 843/904/2905 838/1735/2906
f 731/1500/2907 700/1492/2908 832/1482/2909
f 731/1500/2907 832/1482/2909 835/1483/2910
f 693/31/2911 743/521/2912 838/1593/2913
f 693/31/2911 838/1593/2913 831/1390/2914
f 784/373/2915 849/786/2916 854/678/2917
f 784/373/2915 854/678/2917 845/405/2918
f 742/858/2919 706/772/2920 833/962/2921
f 742/858/2919 833/962/2921 837/1279/2922
f 769/1027/2923 808/1710/2924 847/957/2925
f 769/1027/2923 847/957/2925 844/1292/2926
f 765/339/2927 731/790/2928 835/182/2929
f 765/339/2927 835/182/2929 840/1243/2930
f 797/1264/2931 742/663/2932 837/259/2933
f 797/1264/2931 837/259/2933 846/901/2934
f 712/1369/2935 764/1159/2936 839/1084/2937
f 712/1369/2935 839/1084/2937 834/1083/2938
f 767/1481/2939 784/373/2940 845/405/2941
f 767/1481/2939 845/405/2941 842/1302/2942
f 808/1710/2943 872/1020/2944 869/1539/2945
f 808/1710/2943 869/1539/2945 847/957/2946
f 872/1274/2947 674/490/2948 828/364/2949
f 872/1274/2947 828/364/2949 869/527/2950
f 768/616/2951 797/1264/2952 846/901/2953
f 768/616/2951 846/901/2953 843/904/2954
f 849/464/2955 485/990/2956 606/1766/2957
f 849/464/2955 606/1766/2957 854/1540/2958
f 766/32/2959 765/339/2960 840/1243/2961
f 766/32/2959 840/1243/2961 841/745/2962
f 680/701/2963 862/141/2964 871/305/2965
f 680/701/2963 871/305/2965 829/1211/2966
f 764/1490/2967 769/1027/2968 844/1292/2969
f 764/1490/2967 844/1292/2969 839/1325/2970
f 771/236/2971 772/1426/2972 818/1792/2973
f 771/236/2971 818/1792/2973 817/516/2974
f 861/218/2975 857/396/2976 487/1615/2977
f 861/218/2975 487/1615/2977 484/709/2978
f 852/1131/2979 859/275/2980 688/1604/2981
f 852/1131/2979 688/1604/2981 686/658/2982
f 851/208/2983 855/1643/2984 684/1307/2985
f 851/208/2983 684/1307/2985 486/135/2986
f 855/263/2987 729/737/2988 774/231/2989
f 855/263/2987 774/231/2989 766/32/2990
usemtl brickwall1
f 856/246/2991 853/777/2992 749/112/2993
f 856/246/2991 749/112/2993 747/938/2994
f 853/777/2995 850/1252/2996 751/692/2997
f 853/777/2995 751/692/2997 749/112/2998
usemtl stonetrims
f 836/202/2999 855/263/3000 766/32/3001
f 836/202/2999 766/32/3001 841/745/3002
f 857/396/3003 852/1131/3004 686/658/3005
f 857/396/3003 686/658/3005 487/1615/3006
f 859/275/3007 851/208/3008 486/135/3009
f 859/275/3007 486/135/3009 688/1604/3010
usemtl brickwall1
f 858/547/3011 856/246/3012 747/938/3013
f 858/547/3011 747/938/3013 745/1717/3014
f 848/1031/3015 858/547/3016 745/1717/3017
f 848/1031/3015 745/1717/3017 720/655/3018
usemtl stonetrims
f 848/1485/3019 861/218/3020 484/709/3021
f 848/1485/3019 484/709/3021 488/499/3022
usemtl brickwall1
f 850/1252/3023 860/675/3024 753/574/3025
f 850/1252/3023 753/574/3025 751/692/3026
f 860/675/3027 849/1046/3028 753/574/3029
f 864/1412/3030 873/1124/3031 746/489/3032
f 864/1412/3030 746/489/3032 748/1123/3033
f 862/1092/3034 870/741/3035 752/660/3036
f 873/1124/3037 865/1692/3038 744/1270/3039
f 873/1124/3037 744/1270/3039 746/489/3040
usemtl stonetrims
f 866/1732/3041 876/1688/3042 683/226/3043
f 866/1732/3041 683/226/3043 675/525/3044
f 868/1668/3045 866/1732/3046 675/525/3047
f 868/1668/3045 675/525/3047 678/257/3048
f 867/1458/3049 875/311/3050 679/736/3051
f 867/1458/3049 679/736/3051 682/956/3052
f 872/1274/3053 874/1441/3054 671/920/3055
f 872/1274/3053 671/920/3055 674/490/3056
f 862/1424/3057 752/1370/3058 785/1524/3059
f 862/1424/3057 785/1524/3059 767/1481/3060
usemtl brickwall1
f 870/741/3061 863/1579/3062 750/1206/3063
f 870/741/3061 750/1206/3063 752/660/3064
f 863/1579/3065 864/1412/3066 748/1123/3067
f 863/1579/3065 748/1123/3067 750/1206/3068
f 865/1692/3069 876/1654/3070 717/1548/3071
f 865/1692/3069 717/1548/3071 744/1270/3072
usemtl stonetrims
f 875/311/3073 868/1668/3074 678/257/3075
f 875/311/3073 678/257/3075 679/736/3076
f 874/1441/3077 867/1458/3078 682/956/3079
f 874/1441/3077 682/956/3079 671/920/3080
f 871/1823/3081 862/1424/3082 767/1481/3083
f 871/1823/3081 767/1481/3083 842/1302/3084
usemtl brickwall1
f 881/1421/3085 887/496/3086 739/1006/3087
f 881/1421/3085 739/1006/3087 737/1228/3088
f 887/496/3089 883/316/3090 741/252/3091
f 887/496/3089 741/252/3091 739/1006/3092
f 880/86/3093 886/1170/3094 735/1610/3095
f 880/86/3093 735/1610/3095 733/1341/3096
usemtl stonetrims
f 884/1496/3097 879/494/3098 705/418/3099
f 884/1496/3097 705/418/3099 704/774/3100
f 877/1759/3101 878/713/3102 709/1651/3103
f 877/1759/3101 709/1651/3103 708/827/3104
f 882/535/3105 884/1496/3106 704/774/3107
f 882/535/3105 704/774/3107 713/1430/3108
usemtl brickwall1
f 885/880/3109 880/86/3110 733/1341/3111
f 885/880/3109 733/1341/3111 718/1789/3112
f 883/316/3113 742/863/3114 741/252/3115
f 886/1170/3116 881/1421/3117 737/1228/3118
f 886/1170/3116 737/1228/3118 735/1610/3119
usemtl stonetrims
f 885/1414/3120 882/535/3121 713/1430/3122
f 885/1414/3120 713/1430/3122 716/825/3123
f 879/494/3124 877/1759/3125 708/827/3126
f 879/494/3124 708/827/3126 705/418/3127
f 878/713/3128 764/1159/3129 712/1369/3130
f 878/713/3128 712/1369/3130 709/1651/3131
usemtl brickwall1
f 898/1349/3132 891/1204/3133 736/690/3134
f 898/1349/3132 736/690/3134 738/1620/3135
usemtl stonetrims
f 896/1374/3136 888/993/3137 691/1015/3138
f 896/1374/3136 691/1015/3138 692/84/3139
f 897/1663/3140 895/312/3141 695/1054/3142
f 897/1663/3140 695/1054/3142 697/1077/3143
f 892/648/3144 890/1529/3145 696/366/3146
f 892/648/3144 696/366/3146 701/925/3147
usemtl brickwall1
f 891/1204/3148 894/1249/3149 734/732/3150
f 891/1204/3148 734/732/3150 736/690/3151
f 743/1472/3152 893/1068/3153 740/1645/3154
f 894/1249/3155 889/683/3156 732/1679/3157
f 894/1249/3155 732/1679/3157 734/732/3158
f 893/1068/3159 898/1349/3160 738/1620/3161
f 893/1068/3159 738/1620/3161 740/1645/3162
f 889/683/3163 890/452/3164 719/1690/3165
f 889/683/3163 719/1690/3165 732/1679/3166
usemtl stonetrims
f 895/312/3167 896/1374/3168 692/84/3169
f 895/312/3167 692/84/3169 695/1054/3170
f 731/1500/3171 897/1663/3172 697/1077/3173
f 731/1500/3171 697/1077/3173 700/1492/3174
f 888/993/3175 892/648/3176 701/925/3177
f 888/993/3175 701/925/3177 691/1015/3178
usemtl brickwall1
f 682/1356/3179 678/334/3180 677/215/3181
f 710/780/3182 715/1126/3183 704/309/3184
f 459/513/3185 455/705/3186 454/503/3187
f 12/183/3188 8/105/3189 7/421/3190
f 23/95/3191 25/1200/3192 17/1166/3193
f 31/1038/3194 39/1644/3195 34/1586/3196
f 473/1584/3197 481/1346/3198 476/1618/3199
f 695/730/3200 703/563/3201 698/203/3202
f 683/1427/3203 673/401/3204 675/932/3205
f 673/401/3206 677/215/3207 675/932/3208
f 677/215/3209 681/1721/3210 672/747/3211
f 672/747/3212 676/458/3213 671/1822/3214
f 676/458/3215 680/1089/3216 829/898/3217
f 671/1822/3218 676/458/3219 829/898/3220
f 829/898/3221 828/1111/3222 671/1822/3223
f 828/1111/3224 674/669/3225 671/1822/3226
f 671/1822/3227 682/1356/3228 672/747/3229
f 682/1356/3230 679/413/3231 678/334/3232
f 678/334/3233 675/932/3234 677/215/3235
f 682/1356/3236 677/215/3237 672/747/3238
f 716/838/3239 713/864/3240 711/1436/3241
f 713/864/3242 704/309/3243 711/1436/3244
f 704/309/3245 705/270/3246 708/1404/3247
f 708/1404/3248 709/1073/3249 714/186/3250
f 709/1073/3251 712/1726/3252 834/1646/3253
f 714/186/3254 709/1073/3255 834/1646/3256
f 834/1646/3257 833/72/3258 714/186/3259
f 833/72/3260 706/372/3261 714/186/3262
f 714/186/3263 710/780/3264 708/1404/3265
f 710/780/3266 707/708/3267 715/1126/3268
f 715/1126/3269 711/1436/3270 704/309/3271
f 710/780/3272 704/309/3273 708/1404/3274
f 460/1665/3275 450/300/3276 452/768/3277
f 450/300/3278 454/503/3279 452/768/3280
f 454/503/3281 458/433/3282 449/1163/3283
f 449/1163/3284 453/1112/3285 448/884/3286
f 453/1112/3287 457/1444/3288 601/623/3289
f 448/884/3290 453/1112/3291 601/623/3292
f 601/623/3293 600/915/3294 448/884/3295
f 600/915/3296 451/581/3297 448/884/3298
f 448/884/3299 459/513/3300 449/1163/3301
f 459/513/3302 456/350/3303 455/705/3304
f 455/705/3305 452/768/3306 454/503/3307
f 459/513/3308 454/503/3309 449/1163/3310
f 13/76/3311 3/892/3312 5/265/3313
f 3/892/3314 7/421/3315 5/265/3316
f 7/421/3317 11/676/3318 2/319/3319
f 2/319/3320 6/1642/3321 1/166/3322
f 6/1642/3323 10/1117/3324 161/851/3325
f 1/166/3326 6/1642/3327 161/851/3328
f 161/851/3329 160/367/3330 1/166/3331
f 160/367/3332 4/447/3333 1/166/3334
f 1/166/3335 12/183/3336 2/319/3337
f 12/183/3338 9/37/3339 8/105/3340
f 8/105/3341 5/265/3342 7/421/3343
f 12/183/3344 7/421/3345 2/319/3346
f 15/861/3347 18/896/3348 17/1166/3349
f 18/896/3350 19/1825/3351 23/95/3352
f 17/1166/3353 18/896/3354 23/95/3355
f 23/95/3356 24/1750/3357 25/1200/3358
f 24/1750/3359 14/628/3360 162/1674/3361
f 162/1674/3362 163/1394/3363 16/853/3364
f 163/1394/3365 20/565/3366 16/853/3367
f 16/853/3368 25/1200/3369 24/1750/3370
f 162/1674/3371 16/853/3372 24/1750/3373
f 25/1200/3374 21/630/3375 17/1166/3376
f 17/1166/3377 26/222/3378 15/861/3379
f 26/222/3380 22/1212/3381 15/861/3382
f 28/1783/3383 27/1571/3384 31/1038/3385
f 27/1571/3386 37/532/3387 39/1644/3388
f 31/1038/3389 27/1571/3390 39/1644/3391
f 37/532/3392 32/1411/3393 35/1636/3394
f 35/1636/3395 39/1644/3396 37/532/3397
f 39/1644/3398 30/1607/3399 34/1586/3400
f 34/1586/3401 38/1532/3402 31/1038/3403
f 38/1532/3404 29/1261/3405 164/857/3406
f 164/857/3407 165/1305/3408 33/1195/3409
f 165/1305/3410 36/1774/3411 33/1195/3412
f 33/1195/3413 31/1038/3414 38/1532/3415
f 164/857/3416 33/1195/3417 38/1532/3418
f 470/617/3419 469/1507/3420 473/1584/3421
f 469/1507/3422 479/573/3423 481/1346/3424
f 473/1584/3425 469/1507/3426 481/1346/3427
f 479/573/3428 474/254/3429 477/1713/3430
f 477/1713/3431 481/1346/3432 479/573/3433
f 481/1346/3434 472/1044/3435 476/1618/3436
f 476/1618/3437 480/335/3438 473/1584/3439
f 480/335/3440 471/1743/3441 604/1381/3442
f 604/1381/3443 605/1709/3444 475/1223/3445
f 605/1709/3446 478/1171/3447 475/1223/3448
f 475/1223/3449 473/1584/3450 480/335/3451
f 604/1381/3452 475/1223/3453 480/335/3454
f 692/1506/3455 691/664/3456 695/730/3457
f 691/664/3458 701/704/3459 703/563/3460
f 695/730/3461 691/664/3462 703/563/3463
f 701/704/3464 696/212/3465 699/1700/3466
f 699/1700/3467 703/563/3468 701/704/3469
f 703/563/3470 694/661/3471 698/203/3472
f 698/203/3473 702/410/3474 695/730/3475
f 702/410/3476 693/173/3477 831/1779/3478
f 831/1779/3479 832/1564/3480 697/1071/3481
f 832/1564/3482 700/1023/3483 697/1071/3484
f 697/1071/3485 695/730/3486 702/410/3487
f 831/1779/3488 697/1071/3489 702/410/3490
