# Converted from user-supplied modularDungeon.fbx; Y-up, meters, bottom centered
mtllib Gothic.mtl
o Room_X
v -2 2.9723742e-07 2
v -2 2.9723742e-07 -2
v 2 2.9723742e-07 2
v 2 2.9723742e-07 -2
v -6 2.9723742e-07 -2
v -6 2.9723742e-07 2
v -6 4.0000003 2
v -6 4.0000003 -2
v 6 2.9723742e-07 -2
v -2 2.9723742e-07 6
v -2 4.0000003 6
v 2 4.0000003 6
v 2 2.9723742e-07 6
v -6 2.9723742e-07 6
v -6 4.0000003 6
v 6 4.0000003 6
v 6 2.9723742e-07 6
v -2 4.0000003 -6
v -2 2.9723742e-07 -6
v 2 2.9723742e-07 -6
v 2 4.0000003 -6
v -6 4.0000003 -6
v -6 2.9723742e-07 -6
v 6 4.0000003 -6
v 6 2.9723742e-07 -6
v -2 4.0000003 -7
v -2 2.9723742e-07 -7
v 2 2.9723742e-07 -7
v 2 4.0000003 -7
v -2 2.9723742e-07 7
v -2 4.0000003 7
v 2 4.0000003 7
v 2 2.9723742e-07 7
v -7 2.9723742e-07 -2
v -7 2.9723742e-07 2
v -7 4.0000003 2
v -7 4.0000003 -2
v 6 4.0000003 -2
v 6 2.9723742e-07 2
v 6 4.0000003 2
v 7 4.0000003 -2
v 7 2.9723742e-07 -2
v 7 2.9723742e-07 2
v 7 4.0000003 2
v 2.399786 4.5988834 -2.0000391
v 5.399786 5.0988834 -2.0000391
v 4.4014792 5.8988832 -2.0000391
v 2.2997859 4.1988814 -2.0000393
v 3.5997858 5.8988841 -2.0000391
v 5.5997858 4.5988834 -2.0000391
v 4.7997861 5.6988834 -2.0000391
v 3.1997859 5.6988834 -2.0000391
v 2.7997859 5.3988822 -2.0000391
v 5.6997857 4.1988814 -2.0000393
v 5.1997862 5.3988822 -2.0000391
v 2.5997858 5.0988834 -2.0000391
v 3.9997861 5.9988835 -2.0000391
v 5.9997859 4.1988814 -5.7000389
v 5.9997859 5.8988841 -4.4000392
v 5.9997859 4.5988834 -2.4000392
v 5.9997859 5.6988834 -3.2000391
v 5.9997859 5.6988834 -4.8000393
v 5.9997859 5.3988822 -5.2000394
v 5.9997859 4.1988814 -2.3000388
v 5.9997859 5.3988822 -2.8000393
v 5.9997859 5.9988835 -4.0000391
v 5.9997859 5.0988834 -5.4000387
v 5.9997859 4.5988834 -5.600039
v 5.9997859 5.0988834 -2.600039
v 5.9997859 5.8988832 -3.6000392
v 4.7997861 5.6988834 -6.0000391
v 5.1997862 5.3988822 -6.0000391
v 2.2997859 4.1988814 -6.0000391
v 2.7997859 5.3988822 -6.0000391
v 5.399786 5.0988834 -6.0000391
v 3.9997857 5.9988835 -6.0000391
v 5.5997858 4.6022165 -6.0000391
v 2.5997858 5.0988834 -6.0000391
v 3.5997858 5.8988836 -6.0000391
v 5.6997857 4.1988814 -6.0000391
v 4.399786 5.8988841 -6.0000391
v 2.399786 4.6022165 -6.0000391
v 3.1997857 5.6988834 -6.0000391
v 1.9997859 5.6988834 -3.2000394
v 1.9997859 5.3988822 -2.8000393
v 1.9997859 4.1988819 -5.7000394
v 1.9997859 5.3988822 -5.2021208
v 1.9997859 5.0988834 -2.600039
v 1.9997859 4.5988834 -2.4000392
v 1.9997859 5.0988834 -5.4000392
v 1.9997859 5.8988836 -4.4000392
v 1.9997859 4.1988819 -2.3000393
v 1.9997859 5.8988841 -3.6000392
v 1.9997859 4.5988834 -5.600039
v 1.9997859 5.6988834 -4.8000398
v 1.9997859 5.9988835 -4.0000391
v 3.9997859 5.9988835 -3.9000392
v 3.899786 5.9988835 -4.0000391
v 3.9997859 5.9988835 -4.1000395
v 4.0997858 5.9988835 -4.0000391
v 4.4997859 5.8988832 -4.4000392
v 4.399786 5.8988832 -4.5000391
v 4.899786 5.6988834 -4.8000393
v 4.7997861 5.6988834 -4.9000392
v 5.2997856 5.3988822 -5.2000394
v 5.1997862 5.3988822 -5.3000393
v 5.4997859 5.0988834 -5.4000392
v 5.399786 5.0988834 -5.5000391
v 5.6997857 4.602217 -5.600039
v 5.5997858 4.602217 -5.7000389
v 5.6997857 4.1988814 -5.8000393
v 3.5997858 5.8988841 -4.5198374
v 3.4997859 5.8988841 -4.4000392
v 3.1997859 5.6988834 -4.9000392
v 3.0997858 5.6988834 -4.8000393
v 2.7997859 5.3988822 -5.3000393
v 2.6997859 5.3988822 -5.2021208
v 2.5997858 5.0988834 -5.5000391
v 2.4997859 5.0988834 -5.4000392
v 2.399786 4.602217 -5.7000389
v 2.2997861 4.602217 -5.600039
v 2.1997857 4.1988819 -5.7000394
v 2.2997859 4.1988814 -5.8000393
v 4.4014792 5.8988841 -3.5000393
v 4.4997859 5.8988841 -3.6000392
v 4.7997856 5.6988834 -3.1000395
v 4.899786 5.6988834 -3.2000394
v 5.1997862 5.3988822 -2.7000391
v 5.2997856 5.3988822 -2.8000393
v 5.399786 5.0988834 -2.5000391
v 5.4997859 5.0988834 -2.600039
v 5.5997858 4.602217 -2.3000393
v 5.6997857 4.6022165 -2.4000392
v 3.4997859 5.8988832 -3.6000392
v 3.5997858 5.8988832 -3.5000393
v 3.0997858 5.6988834 -3.2000394
v 3.1997859 5.6988834 -3.1000395
v 2.6997859 5.3988836 -2.8000393
v 2.7997859 5.3988822 -2.68506
v 2.4997859 5.0988834 -2.600039
v 2.5997858 5.0988834 -2.5000391
v 2.2997861 4.6022165 -2.4000392
v 2.399786 4.6022165 -2.3000393
v 2.1997857 4.1988819 -2.3000393
v 5.6231346 4.1988814 -5.7248473
v 5.7245936 4.1988814 -5.6233878
v 5.6231346 4.1988814 -2.2752314
v 2.3764372 4.1988814 -5.7248473
v 2.2749777 4.1988814 -2.3766906
v 3.9081919 5.8992375 -4.0002785
v 4.0915108 5.8992265 -4.0000176
v 3.999778 5.8992231 -3.9082778
v 3.9999955 5.8992079 -4.0919976
v 5.6354375 4.5607617 -5.5356908
v 5.5354376 4.5607617 -5.6356907
v 5.4429355 5.039419 -5.3431888
v 5.3429356 5.039419 -5.4431887
v 5.2569242 5.3193477 -5.1571774
v 5.1569242 5.3193477 -5.2571774
v 4.8713584 5.6073211 -4.7716117
v 4.7713585 5.6073211 -4.8716116
v 4.4817848 5.8021782 -4.3820386
v 4.3817849 5.8021782 -4.4820385
v 5.7245936 4.1988814 -2.3766906
v 5.5354376 4.5607613 -2.3643878
v 5.6354375 4.5607608 -2.4643877
v 5.3429356 5.039419 -2.5568898
v 5.4429355 5.039419 -2.6568899
v 5.1569242 5.3193477 -2.7429013
v 5.2569242 5.3193477 -2.8429012
v 4.7712941 5.6073292 -3.1284304
v 4.8712974 5.6073278 -3.2284274
v 4.3833671 5.8021916 -3.5179982
v 4.4817333 5.8021696 -3.6179392
v 2.4641345 4.5607617 -5.6356907
v 2.3641343 4.5607617 -5.5356908
v 2.2749777 4.1988814 -5.6233878
v 2.6565282 5.0394719 -5.4430256
v 2.5565343 5.0394829 -5.34302
v 2.8423958 5.3193195 -5.2569809
v 2.7424974 5.3194287 -5.1589603
v 3.2287631 5.6073664 -4.872025
v 3.1287901 5.6073855 -4.7719884
v 3.6190388 5.8023313 -4.5023189
v 3.5183594 5.8020886 -4.3831387
v 2.3641346 4.5607608 -2.4643877
v 2.4641345 4.5607608 -2.3643875
v 2.3764372 4.1988814 -2.2752314
v 2.557765 5.0397914 -2.6561337
v 2.657733 5.0397151 -2.5560861
v 2.7439935 5.3191703 -2.8411672
v 2.8446577 5.319865 -2.7268059
v 3.1286869 5.6072496 -3.2277503
v 3.2287142 5.6072648 -3.1277714
v 3.5177867 5.8021782 -3.6180401
v 3.6177866 5.8021782 -3.5180402
v 4.0903916 5.801812 -3.9988959
v 3.9997721 5.801812 -3.9082694
v 4.0456343 5.7374704 -3.9541337
v 3.908186 5.801812 -4.0002704
v 3.9539461 5.7374762 -3.9542933
v 3.9999895 5.801812 -4.091989
v 4.0457373 5.7374623 -4.0459995
v 3.9540961 5.7374681 -4.0461369
v 3.9545534 5.7374762 -3.9542921
v 4 5.7000011 -3.9999998
v 3.954272 5.7379373 -3.9539661
v 2.2997859 3.998884 -2.0000393
v 5.6997857 3.998884 -2.0000393
v 5.9997859 3.9988835 -5.7000389
v 5.9997859 3.9988835 -2.3000388
v 2.2997859 3.998884 -6.0000391
v 5.6997857 3.998884 -6.0000391
v 1.9997859 3.998884 -5.7000394
v 1.9997859 3.998884 -2.3000393
v 5.6997857 3.998884 -5.8000393
v 5.7997856 3.9988835 -5.7000389
v 2.1997857 3.998884 -5.7000394
v 2.2997859 3.998884 -5.8000393
v 2.1997857 3.998884 -2.3000393
v 5.6231346 3.998884 -5.7248473
v 5.7245936 3.998884 -5.6233878
v 5.6231346 3.998884 -2.2752314
v 2.3764372 3.998884 -5.7248473
v 2.2749777 3.998884 -2.3766906
v 5.7245936 3.998884 -2.3766906
v 2.2749777 3.998884 -5.6233878
v 2.3764372 3.998884 -2.2752314
v 5.7968941 5.9988835 -4.0000391
v 5.7997856 4.1988814 -2.3000388
v 5.7968941 5.0988834 -2.600039
v 5.7968941 4.6011379 -5.600039
v 5.7968941 5.3988822 -5.2000394
v 5.7968941 5.3988822 -2.8000393
v 5.7997856 3.9988835 -2.3000388
v 5.7968941 4.1988814 -5.6970911
v 5.7968936 5.6988834 -3.2000394
v 5.7968936 5.6988834 -4.8000393
v 5.7968941 5.8988832 -3.6000392
v 5.7968941 5.0988834 -5.4000392
v 5.7968941 4.6011375 -2.4000392
v 5.7968941 5.8988841 -4.4000392
v 5.6997857 4.1988814 -2.2000394
v 5.399786 5.0988834 -2.2156687
v 5.1997862 5.3988822 -2.2156687
v 4.4014792 5.8988832 -2.2156687
v 3.5997858 5.8988841 -2.2156687
v 2.5997858 5.0988834 -2.2156687
v 3.1997859 5.6988834 -2.2156687
v 2.2997859 3.998884 -2.2000394
v 5.5997858 4.6012796 -2.2156687
v 5.6997857 3.998884 -2.2000394
v 2.2997859 4.198881 -2.2000394
v 4.7997861 5.6988834 -2.2156687
v 2.399786 4.6012791 -2.2156687
v 2.7997859 5.3988822 -2.2156687
v 3.9997861 5.9988835 -2.2156689
v 2.1997857 5.0988834 -2.600039
v 2.1997857 4.6011055 -2.4000392
v 2.1997859 5.3988827 -2.8000393
v 2.1997862 5.8988836 -4.4000392
v 2.1997862 5.3988822 -5.2021208
v 2.1997857 5.8988841 -3.6000392
v 2.1997864 4.601106 -5.600039
v 2.1997857 5.6988834 -3.2000394
v 2.1997862 5.9988835 -4.0000391
v 2.1997862 5.6988834 -4.8000393
v 2.1997864 5.0988834 -5.4000392
v 4.7997861 5.6988834 -5.8026109
v 3.5997858 5.8988836 -5.8026114
v 3.9997857 5.9988835 -5.8026114
v 2.7997859 5.3988822 -5.8026114
v 4.399786 5.8988841 -5.8026109
v 2.399786 4.602217 -5.8026114
v 3.1997859 5.6988834 -5.8026109
v 5.399786 5.0988834 -5.8026109
v 5.1997862 5.3988822 -5.8026114
v 5.5997858 4.602217 -5.8026114
v 2.5997858 5.0988834 -5.8026109
v 1.9999609 4.5988834 1.6002142
v 1.9999609 5.0988834 -1.3997855
v 1.9999609 5.8988832 -0.40147901
v 1.9999609 4.1988814 1.7002141
v 1.9999609 5.8988841 0.40021443
v 1.9999609 4.5988834 -1.5997858
v 1.9999609 5.6988834 -0.79978585
v 1.9999609 5.6988834 0.80021453
v 1.9999609 5.3988822 1.2002141
v 1.9999609 4.1988814 -1.6997857
v 1.9999609 5.3988822 -1.1997859
v 1.9999609 5.0988834 1.4002144
v 1.9999609 5.9988835 0.00021386147
v -1.7000389 4.1988814 -1.9997857
v -0.4000392 5.8988841 -1.9997857
v 1.5999608 4.5988834 -1.9997857
v 0.79996109 5.6988834 -1.9997857
v -0.80003929 5.6988834 -1.9997857
v -1.2000389 5.3988822 -1.9997857
v 1.6999612 4.1988814 -1.9997857
v 1.1999609 5.3988822 -1.9997857
v -3.9100647e-05 5.9988835 -1.9997857
v -1.4000387 5.0988834 -1.9997857
v -1.600039 4.5988834 -1.9997857
v 1.399961 5.0988834 -1.9997857
v 0.39996099 5.8988832 -1.9997857
v -2.0000391 5.6988834 -0.79978561
v -2.0000391 5.3988822 -1.1997859
v -2.0000391 4.1988814 1.7002141
v -2.0000391 5.3988822 1.2002141
v -2.0000391 5.0988834 -1.3997855
v -2.0000391 5.9988835 0.0002143383
v -2.0000391 4.6022165 -1.5997856
v -2.0000391 5.0988834 1.4002144
v -2.0000391 5.8988832 0.40021443
v -2.0000391 4.1988814 -1.6997857
v -2.0000391 5.8988841 -0.39978552
v -2.0000391 4.6022165 1.6002138
v -2.0000391 5.6988834 0.80021453
v 0.79996061 5.6988834 2.0002143
v 1.1999609 5.3988822 2.0002143
v -1.7000389 4.1988819 2.0002143
v -1.2021208 5.3988822 2.0002143
v 1.399961 5.0988834 2.0002143
v 1.599961 4.5988834 2.0002143
v -1.4000387 5.0988834 2.0002143
v -0.4000392 5.8988832 2.0002143
v 1.6999609 4.1988819 2.0002143
v 0.39996076 5.8988841 2.0002143
v -1.600039 4.5988834 2.0002143
v -0.80003977 5.6988834 2.0002143
v -3.9100647e-05 5.9988835 2.0002143
v 0.099960804 5.9988835 0.0002143383
v -3.9100647e-05 5.9988835 0.10021424
v -0.10003901 5.9988835 0.0002143383
v -3.9100647e-05 5.9988835 -0.099785566
v -0.4000392 5.8988836 -0.49978566
v -0.5000391 5.8988836 -0.39978552
v -0.80003929 5.6988834 -0.89978552
v -0.9000392 5.6988834 -0.79978561
v -1.2000394 5.3988822 -1.2997856
v -1.3000388 5.3988822 -1.1997859
v -1.4000387 5.0988834 -1.4997857
v -1.5000391 5.0988834 -1.3997855
v -1.600039 4.602217 -1.6997857
v -1.7000389 4.602217 -1.5997856
v -1.8000388 4.1988814 -1.6997857
v -0.51983738 5.8988841 0.40021443
v -0.4000392 5.8988841 0.50021434
v -0.9000392 5.6988834 0.80021405
v -0.80003881 5.6988834 0.90021443
v -1.3000388 5.3988822 1.2002141
v -1.2021208 5.3988822 1.3002145
v -1.5000391 5.0988834 1.4002144
v -1.4000387 5.0988834 1.5002143
v -1.7000389 4.602217 1.6002138
v -1.600039 4.602217 1.7002141
v -1.7000389 4.1988819 1.8002145
v -1.8000388 4.1988814 1.7002141
v 0.4999609 5.8988841 -0.40147901
v 0.39996076 5.8988841 -0.49978566
v 0.89996076 5.6988834 -0.79978561
v 0.79996061 5.6988834 -0.89978552
v 1.2999611 5.3988822 -1.1997859
v 1.1999607 5.3988822 -1.2997856
v 1.4999609 5.0988834 -1.3997855
v 1.399961 5.0988834 -1.4997857
v 1.6999609 4.602217 -1.5997856
v 1.5999608 4.6022165 -1.6997857
v 0.39996099 5.8988832 0.50021434
v 0.4999609 5.8988832 0.40021443
v 0.79996061 5.6988834 0.90021443
v 0.89996076 5.6988834 0.80021453
v 1.1999609 5.3988832 1.3002145
v 1.3149402 5.3988822 1.2002141
v 1.399961 5.0988834 1.5002143
v 1.4999609 5.0988834 1.4002144
v 1.5999608 4.6022165 1.7002137
v 1.6999609 4.6022165 1.6002138
v 1.6999609 4.1988819 1.8002145
v -1.7248473 4.1988814 -1.6231344
v -1.6233873 4.1988814 -1.7245939
v 1.7247691 4.1988814 -1.6231344
v -1.7248473 4.1988814 1.6235626
v 1.6233096 4.1988814 1.7250221
v -0.0002784729 5.8992375 0.091808081
v -1.7166138e-05 5.8992265 -0.091510534
v 0.09172225 5.8992231 0.0002219677
v -0.091997147 5.8992079 4.529953e-06
v -1.5356908 4.5607617 -1.6354373
v -1.6356907 4.5607617 -1.5354373
v -1.3431883 5.039419 -1.4429352
v -1.4431882 5.039419 -1.3429351
v -1.1571774 5.3193477 -1.2569239
v -1.2571769 5.3193477 -1.156924
v -0.77161169 5.6073211 -0.87135816
v -0.8716116 5.6073211 -0.77135825
v -0.38203859 5.8021782 -0.48178482
v -0.48203802 5.8021782 -0.38178492
v 1.6233096 4.1988814 -1.7245939
v 1.6356125 4.5607617 -1.5354373
v 1.5356126 4.5607608 -1.6354373
v 1.4431105 5.039419 -1.3429351
v 1.3431103 5.039419 -1.4429352
v 1.2570992 5.3193477 -1.156924
v 1.157099 5.3193477 -1.2569239
v 0.87156963 5.6073297 -0.77129412
v 0.77157259 5.6073278 -0.87129712
v 0.48200202 5.8021916 -0.38336682
v 0.382061 5.8021696 -0.48173285
v -1.6356907 4.5607617 1.5358655
v -1.5356908 4.5607617 1.6358654
v -1.6233873 4.1988814 1.7250221
v -1.4430256 5.0394719 1.3434718
v -1.34302 5.0394829 1.4434655
v -1.2569809 5.3193191 1.157604
v -1.1589603 5.3194283 1.2575028
v -0.87202454 5.6073659 0.77123713
v -0.77198839 5.6073855 0.87120986
v -0.50231886 5.8023313 0.38096166
v -0.38313818 5.8020886 0.48164058
v 1.5356126 4.5607608 1.6358654
v 1.6356125 4.5607608 1.5358655
v 1.7247691 4.1988814 1.6235626
v 1.3438666 5.0397914 1.4422352
v 1.4439142 5.0397151 1.3422668
v 1.158833 5.3191703 1.2560065
v 1.2731941 5.319865 1.1553423
v 0.77224994 5.6072496 0.87131286
v 0.87222886 5.6072648 0.77128577
v 0.38196015 5.8021782 0.48221374
v 0.4819603 5.8021782 0.38221335
v 0.0011041164 5.801812 -0.090391397
v 0.091730833 5.801812 0.00022816658
v 0.045866489 5.7374704 -0.04563427
v -0.00027036667 5.801812 0.09181428
v 0.045706987 5.7374762 0.046054125
v -0.09198904 5.801812 1.0728836e-05
v -0.045999527 5.7374623 -0.04573679
v -0.046136379 5.7374681 0.045903921
v 0.045708179 5.7374762 0.045447111
v 4.7683716e-07 5.7000011 2.3841858e-07
v 0.046034098 5.7379373 0.045728445
v 1.9999609 3.998884 1.7002141
v 1.9999609 3.998884 -1.6997857
v -1.7000389 3.9988835 -1.9997857
v 1.6999612 3.9988835 -1.9997857
v -2.0000391 3.998884 1.7002141
v -2.0000391 3.998884 -1.6997857
v -1.7000389 3.998884 2.0002143
v 1.6999609 3.998884 2.0002143
v -1.8000388 3.998884 -1.6997857
v -1.7000389 3.9988835 -1.7997856
v -1.7000389 3.998884 1.8002145
v -1.8000388 3.998884 1.7002141
v 1.6999609 3.998884 1.8002145
v -1.7248473 3.998884 -1.6231344
v -1.6233873 3.998884 -1.7245939
v 1.7247691 3.998884 -1.6231344
v -1.7248473 3.998884 1.6235626
v 1.6233096 3.998884 1.7250221
v 1.6233096 3.998884 -1.7245939
v -1.6233873 3.998884 1.7250221
v 1.7247691 3.998884 1.6235626
v -3.9100647e-05 5.9988835 -1.7968938
v 1.6999612 4.1988814 -1.7997856
v 1.399961 5.0988834 -1.7968938
v -1.600039 4.6011379 -1.7968938
v -1.2000389 5.3988822 -1.7968938
v 1.1999609 5.3988822 -1.7968938
v 1.6999612 3.9988835 -1.7997856
v -1.6970911 4.1988814 -1.7968938
v 0.79996109 5.6988834 -1.7968936
v -0.80003929 5.6988834 -1.7968936
v 0.39996099 5.8988836 -1.7968938
v -1.4000387 5.0988834 -1.7968938
v 1.5999608 4.6011379 -1.7968938
v -0.4000392 5.8988841 -1.7968938
v 1.7999611 4.1988814 -1.6997857
v 1.7843313 5.0988834 -1.3997855
v 1.7843313 5.3988822 -1.1997859
v 1.7843313 5.8988832 -0.40147901
v 1.7843313 5.8988841 0.40021443
v 1.7843313 5.0988834 1.4002144
v 1.7843313 5.6988834 0.80021453
v 1.7999611 3.998884 1.7002141
v 1.7843313 4.6012796 -1.5997856
v 1.7999611 3.998884 -1.6997857
v 1.7999611 4.198881 1.7002141
v 1.7843313 5.6988834 -0.79978585
v 1.7843313 4.6012791 1.6002138
v 1.7843313 5.3988822 1.2002141
v 1.7843313 5.9988835 0.00021386147
v 1.399961 5.0988834 1.8002145
v 1.5999608 4.6011055 1.8002145
v 1.1999609 5.3988827 1.8002145
v -0.4000392 5.8988832 1.8002136
v -1.2021208 5.3988822 1.8002136
v 0.39996076 5.8988841 1.8002145
v -1.600039 4.601106 1.8002136
v 0.79996061 5.6988834 1.8002145
v -3.9100647e-05 5.9988835 1.8002136
v -0.80003929 5.6988834 1.8002136
v -1.4000387 5.0988834 1.8002136
v -1.8026109 5.6988834 -0.79978561
v -1.8026109 5.8988836 0.40021443
v -1.8026109 5.9988835 0.0002143383
v -1.8026109 5.3988822 1.2002141
v -1.8026109 5.8988841 -0.39978552
v -1.8026109 4.602217 1.6002138
v -1.8026109 5.6988834 0.80021453
v -1.8026109 5.0988834 -1.3997855
v -1.8026109 5.3988822 -1.1997859
v -1.8026109 4.602217 -1.5997856
v -1.8026109 5.0988834 1.4002144
v -2.0000391 4.5988839 -2.3997855
v -2.0000391 5.0988834 -5.3997855
v -2.0000391 5.8988836 -4.4014788
v -2.0000391 4.1988819 -2.2997856
v -2.0000391 5.8988841 -3.5997856
v -2.0000391 4.5988839 -5.5997858
v -2.0000391 5.6988834 -4.7997856
v -2.0000391 5.6988834 -3.1997857
v -2.0000391 5.3988822 -2.7997856
v -2.0000391 4.1988814 -5.6997857
v -2.0000391 5.3988822 -5.1997857
v -2.0000391 5.0988834 -2.5997856
v -2.0000391 5.9988835 -3.9997857
v -5.7000389 4.1988814 -5.9997854
v -4.4000387 5.8988841 -5.9997854
v -2.4000397 4.5988839 -5.9997854
v -3.2000394 5.6988834 -5.9997854
v -4.8000393 5.6988834 -5.9997854
v -5.2000399 5.3988822 -5.9997854
v -2.3000388 4.1988814 -5.9997854
v -2.8000393 5.3988822 -5.9997854
v -4.0000391 5.9988835 -5.9997854
v -5.4000387 5.0988834 -5.9997854
v -5.6000385 4.5988834 -5.9997854
v -2.600039 5.0988834 -5.9997854
v -3.600039 5.8988836 -5.9997854
v -6.0000391 5.6988834 -4.7997856
v -6.0000391 5.3988822 -5.1997857
v -6.0000391 4.1988814 -2.2997856
v -6.0000391 5.3988822 -2.7997856
v -6.0000391 5.0988834 -5.3997855
v -6.0000391 5.9988835 -3.9997854
v -6.0000391 4.602217 -5.5997853
v -6.0000391 5.0988834 -2.5997856
v -6.0000391 5.8988836 -3.5997856
v -6.0000391 4.1988814 -5.6997857
v -6.0000391 5.8988841 -4.3997855
v -6.0000391 4.602217 -2.3997858
v -6.0000391 5.6988834 -3.1997855
v -3.2000394 5.6988834 -1.9997857
v -2.8000393 5.3988822 -1.9997857
v -5.7000389 4.1988819 -1.9997857
v -5.2021217 5.3988822 -1.9997857
v -2.600039 5.0988834 -1.9997857
v -2.4000387 4.5988839 -1.9997857
v -5.4000387 5.0988834 -1.9997857
v -4.4000397 5.8988836 -1.9997857
v -2.3000398 4.1988819 -1.9997857
v -3.6000395 5.8988841 -1.9997857
v -5.6000385 4.5988839 -1.9997857
v -4.8000393 5.6988834 -1.9997857
v -4.0000391 5.9988835 -1.9997857
v -3.9000397 5.9988835 -3.9997857
v -4.0000391 5.9988835 -3.8997855
v -4.1000395 5.9988835 -3.9997857
v -4.0000391 5.9988835 -4.0997853
v -4.4000397 5.8988836 -4.4997854
v -4.5000391 5.8988836 -4.3997855
v -4.8000393 5.6988834 -4.8997855
v -4.9000397 5.6988834 -4.7997856
v -5.2000399 5.3988822 -5.2997856
v -5.3000393 5.3988822 -5.1997857
v -5.4000397 5.0988834 -5.4997854
v -5.5000391 5.0988834 -5.3997855
v -5.6000385 4.6022175 -5.6997852
v -5.7000389 4.6022175 -5.5997853
v -5.8000393 4.1988814 -5.6997857
v -4.5198374 5.8988841 -3.5997856
v -4.4000397 5.8988841 -3.4997854
v -4.9000397 5.6988834 -3.1997857
v -4.8000393 5.6988834 -3.0997856
v -5.3000393 5.3988822 -2.7997856
v -5.2021217 5.3988822 -2.6997857
v -5.5000391 5.0988834 -2.5997856
v -5.4000387 5.0988834 -2.4997854
v -5.7000389 4.6022175 -2.3997858
v -5.6000385 4.6022175 -2.2997856
v -5.7000389 4.1988819 -2.1997857
v -5.8000393 4.1988814 -2.2997856
v -3.5000396 5.8988841 -4.4014788
v -3.6000395 5.8988841 -4.4997854
v -3.1000395 5.6988834 -4.7997856
v -3.2000394 5.6988834 -4.8997855
v -2.7000389 5.3988822 -5.1997857
v -2.8000393 5.3988822 -5.2997856
v -2.5000391 5.0988834 -5.3997855
v -2.600039 5.0988834 -5.4997854
v -2.3000398 4.6022175 -5.5997853
v -2.4000397 4.602217 -5.6997852
v -3.6000395 5.8988836 -3.4997854
v -3.5000396 5.8988836 -3.5997856
v -3.2000394 5.6988834 -3.0997856
v -3.1000395 5.6988834 -3.1997857
v -2.8000393 5.3988836 -2.6997857
v -2.6850605 5.3988822 -2.7997856
v -2.600039 5.0988834 -2.4997854
v -2.5000391 5.0988834 -2.5997856
v -2.4000397 4.602217 -2.2997856
v -2.3000388 4.602217 -2.3997858
v -2.3000398 4.1988819 -2.1997857
v -5.7248468 4.1988814 -5.6231346
v -5.6233883 4.1988814 -5.7245936
v -2.2752314 4.1988814 -5.6231346
v -5.7248468 4.1988814 -2.3764372
v -2.3766904 4.1988819 -2.2749777
v -4.0002785 5.8992375 -3.9081914
v -4.0000172 5.8992265 -4.0915103
v -3.908278 5.8992236 -3.9997778
v -4.0919971 5.8992084 -3.999995
v -5.5356903 4.5607617 -5.635437
v -5.6356907 4.5607617 -5.5354371
v -5.3431892 5.039419 -5.442935
v -5.4431887 5.039419 -5.3429351
v -5.1571779 5.3193482 -5.2569237
v -5.2571774 5.3193482 -5.1569238
v -4.7716122 5.6073211 -4.8713579
v -4.8716116 5.6073211 -4.771358
v -4.3820381 5.8021782 -4.4817848
v -4.4820385 5.8021782 -4.3817849
v -2.3766904 4.1988814 -5.7245936
v -2.3643875 4.5607617 -5.5354371
v -2.4643879 4.5607608 -5.635437
v -2.5568895 5.0394195 -5.3429351
v -2.6568894 5.0394195 -5.442935
v -2.7429013 5.3193482 -5.1569238
v -2.8429012 5.3193482 -5.2569237
v -3.1284308 5.6073297 -4.7712941
v -3.2284274 5.6073278 -4.8712969
v -3.5179977 5.8021916 -4.3833666
v -3.6179395 5.8021696 -4.4817328
v -5.6356907 4.5607617 -2.4641342
v -5.5356903 4.5607617 -2.3641341
v -5.6233883 4.1988814 -2.2749777
v -5.4430256 5.0394719 -2.656528
v -5.3430195 5.0394829 -2.5565338
v -5.2569809 5.3193195 -2.8423955
v -5.1589603 5.3194287 -2.742497
v -4.8720245 5.6073664 -3.2287626
v -4.7719879 5.6073859 -3.1287899
v -4.5023184 5.8023313 -3.6190383
v -4.3831387 5.8020886 -3.5183589
v -2.4643879 4.5607613 -2.3641343
v -2.3643875 4.5607613 -2.4641342
v -2.2752314 4.1988819 -2.3764372
v -2.6561337 5.0397919 -2.5577648
v -2.5560861 5.0397156 -2.6577327
v -2.8411674 5.3191703 -2.7439933
v -2.7268057 5.319865 -2.8446574
v -3.2277503 5.6072496 -3.1286867
v -3.1277714 5.6072648 -3.228714
v -3.6180401 5.8021782 -3.5177863
v -3.5180402 5.8021782 -3.6177864
v -3.9988956 5.801812 -4.0903912
v -3.9082694 5.801812 -3.9997718
v -3.9541335 5.7374704 -4.0456338
v -4.0002699 5.801812 -3.9081855
v -3.9542933 5.7374762 -3.9539459
v -4.0919886 5.801812 -3.999989
v -4.0459995 5.7374628 -4.0457368
v -4.0461369 5.7374681 -3.9540958
v -3.9542923 5.7374762 -3.9545529
v -4 5.7000011 -3.9999998
v -3.9539657 5.7379377 -3.9542716
v -2.0000391 3.9988843 -2.2997856
v -2.0000391 3.998884 -5.6997857
v -5.7000389 3.998884 -5.9997854
v -2.3000388 3.998884 -5.9997854
v -6.0000391 3.998884 -2.2997856
v -6.0000391 3.998884 -5.6997857
v -5.7000389 3.998884 -1.9997857
v -2.3000398 3.9988843 -1.9997857
v -5.8000393 3.998884 -5.6997857
v -5.7000389 3.998884 -5.7997856
v -5.7000389 3.998884 -2.1997857
v -5.8000393 3.998884 -2.2997856
v -2.3000398 3.9988843 -2.1997857
v -5.7248468 3.998884 -5.6231346
v -5.6233883 3.998884 -5.7245936
v -2.2752314 3.998884 -5.6231346
v -5.7248468 3.998884 -2.3764372
v -2.3766904 3.9988843 -2.2749777
v -2.3766904 3.998884 -5.7245936
v -5.6233883 3.998884 -2.2749777
v -2.2752314 3.9988843 -2.3764372
v -4.0000391 5.9988835 -5.7968936
v -2.3000388 4.1988814 -5.7997856
v -2.600039 5.0988834 -5.7968936
v -5.6000385 4.6011384 -5.7968936
v -5.2000399 5.3988822 -5.7968936
v -2.8000393 5.3988822 -5.7968936
v -2.3000388 3.998884 -5.7997856
v -5.6970911 4.1988814 -5.7968941
v -3.2000394 5.6988834 -5.7968931
v -4.8000393 5.6988834 -5.7968931
v -3.600039 5.8988836 -5.7968936
v -5.4000387 5.0988834 -5.7968936
v -2.4000397 4.6011379 -5.7968936
v -4.4000387 5.8988841 -5.7968936
v -2.2000389 4.1988814 -5.6997857
v -2.2156687 5.0988834 -5.3997855
v -2.2156687 5.3988822 -5.1997857
v -2.2156687 5.8988836 -4.4014788
v -2.2156687 5.8988841 -3.5997856
v -2.2156687 5.0988834 -2.5997856
v -2.2156687 5.6988834 -3.1997857
v -2.2000389 3.9988843 -2.2997856
v -2.2156687 4.60128 -5.5997853
v -2.2000389 3.998884 -5.6997857
v -2.2000389 4.1988814 -2.2997856
v -2.2156687 5.6988834 -4.7997856
v -2.2156687 4.6012796 -2.3997858
v -2.2156687 5.3988822 -2.7997856
v -2.2156687 5.9988835 -3.9997857
v -2.600039 5.0988834 -2.1997855
v -2.4000397 4.6011055 -2.1997855
v -2.8000393 5.3988827 -2.1997857
v -4.4000397 5.8988836 -2.1997859
v -5.2021217 5.3988822 -2.1997857
v -3.6000395 5.8988841 -2.1997855
v -5.6000385 4.601106 -2.1997862
v -3.2000394 5.6988834 -2.1997855
v -4.0000391 5.9988835 -2.1997857
v -4.8000393 5.6988834 -2.1997857
v -5.4000387 5.0988834 -2.1997862
v -5.8026104 5.6988834 -4.7997856
v -5.8026104 5.8988836 -3.5997856
v -5.8026104 5.9988835 -3.9997854
v -5.8026104 5.3988822 -2.7997856
v -5.8026104 5.8988841 -4.3997855
v -5.8026104 4.602217 -2.3997858
v -5.8026104 5.6988834 -3.1997855
v -5.8026104 5.0988834 -5.3997855
v -5.8026104 5.3988822 -5.1997857
v -5.8026104 4.602217 -5.5997853
v -5.8026104 5.0988834 -2.5997856
v 5.9999609 4.598883 5.600214
v 5.9999609 5.0988834 2.6002142
v 5.9999609 5.8988832 3.5985205
v 5.9999609 4.1988814 5.7002144
v 5.9999609 5.8988836 4.4002142
v 5.9999609 4.598883 2.4002144
v 5.9999609 5.6988834 3.2002141
v 5.9999609 5.6988834 4.8002138
v 5.9999609 5.3988822 5.2002144
v 5.9999609 4.1988814 2.3002145
v 5.9999609 5.3988822 2.8002145
v 5.9999609 5.0988834 5.4002142
v 5.9999609 5.9988831 4.0002136
v 2.2999611 4.1988814 2.0002143
v 3.599961 5.8988836 2.0002143
v 5.5999608 4.598883 2.0002143
v 4.7999611 5.6988834 2.0002143
v 3.1999607 5.6988834 2.0002143
v 2.7999611 5.3988822 2.0002143
v 5.6999612 4.1988814 2.0002143
v 5.1999607 5.3988822 2.0002143
v 3.9999609 5.9988831 2.0002143
v 2.5999613 5.0988834 2.0002143
v 2.3999612 4.598883 2.0002143
v 5.3999615 5.0988834 2.0002143
v 4.399961 5.8988832 2.0002143
v 1.9999609 5.6988834 3.2002141
v 1.9999609 5.3988822 2.8002145
v 1.9999609 4.1988814 5.7002144
v 1.9999609 5.3988822 5.2002144
v 1.9999609 5.0988834 2.6002142
v 1.9999609 5.9988831 4.0002136
v 1.9999609 4.6022161 2.4002144
v 1.9999609 5.0988834 5.4002142
v 1.9999609 5.8988832 4.4002142
v 1.9999609 4.1988814 2.3002145
v 1.9999609 5.8988836 3.6002142
v 1.9999609 4.6022161 5.6002131
v 1.9999609 5.6988834 4.8002138
v 4.7999606 5.6988834 6.0002136
v 5.1999607 5.3988822 6.0002136
v 2.2999611 4.1988814 6.0002136
v 2.7978792 5.3988822 6.0002136
v 5.399961 5.0988834 6.0002136
v 5.5999613 4.598883 6.0002136
v 2.599961 5.0988834 6.0002136
v 3.5999608 5.8988832 6.0002136
v 5.6999607 4.1988814 6.0002136
v 4.399961 5.8988836 6.0002136
v 2.399961 4.598883 6.0002136
v 3.1999607 5.6988834 6.0002136
v 3.9999609 5.9988831 6.0002136
v 4.0999608 5.9988831 4.0002136
v 3.9999609 5.9988831 4.100214
v 3.899961 5.9988831 4.0002136
v 3.9999609 5.9988831 3.9002144
v 3.5999608 5.8988832 3.5002143
v 3.4999609 5.8988832 3.6002142
v 3.1999607 5.6988834 3.1002142
v 3.0999608 5.6988834 3.2002141
v 2.7999606 5.3988822 2.7002141
v 2.6999612 5.3988822 2.8002145
v 2.5999608 5.0988834 2.5002143
v 2.4999611 5.0988834 2.6002142
v 2.3999612 4.602217 2.3002145
v 2.2999611 4.602217 2.4002144
v 2.1999609 4.1988814 2.3002145
v 3.4801629 5.8988836 4.4002142
v 3.599961 5.8988836 4.5002136
v 3.0999608 5.6988834 4.8002138
v 3.1999609 5.6988834 4.9002142
v 2.6999612 5.3988822 5.2002144
v 2.7978792 5.3988822 5.3002138
v 2.4999611 5.0988834 5.4002142
v 2.599961 5.0988834 5.5002136
v 2.2999611 4.602217 5.6002131
v 2.3999612 4.602217 5.7002144
v 2.2999611 4.1988814 5.8002138
v 2.1999609 4.1988814 5.7002144
v 4.4999609 5.8988836 3.5985205
v 4.399961 5.8988836 3.5002143
v 4.8999605 5.6988834 3.2002141
v 4.7999606 5.6988834 3.1002142
v 5.2999611 5.3988822 2.8002145
v 5.1999607 5.3988822 2.7002141
v 5.4999609 5.0988834 2.6002142
v 5.399961 5.0988834 2.5002143
v 5.6999607 4.602217 2.4002144
v 5.5999608 4.6022161 2.3002145
v 4.399961 5.8988832 4.5002136
v 4.4999609 5.8988832 4.4002142
v 4.7999606 5.6988834 4.9002142
v 4.899961 5.6988834 4.8002138
v 5.1999607 5.3988832 5.3002138
v 5.31494 5.3988822 5.2002144
v 5.3999615 5.0988834 5.5002136
v 5.4999609 5.0988834 5.4002142
v 5.5999608 4.6022165 5.7002134
v 5.6999612 4.6022165 5.6002131
v 5.6999607 4.1988814 5.8002138
v 2.2751529 4.1988814 2.3768651
v 2.3766122 4.1988814 2.2754061
v 5.7247691 4.1988814 2.3768651
v 2.2751529 4.1988814 5.6235628
v 5.6233096 4.1988814 5.7250214
v 3.9997215 5.8992375 4.0918074
v 3.9999826 5.8992265 3.9084895
v 4.0917225 5.8992231 4.0002222
v 3.9080026 5.8992079 4.0000048
v 2.4643097 4.5607613 2.3645623
v 2.3643095 4.5607613 2.4645627
v 2.6568115 5.0394185 2.5570648
v 2.5568118 5.0394185 2.6570647
v 2.8428226 5.3193477 2.7430761
v 2.7428229 5.3193477 2.8430765
v 3.2283883 5.6073206 3.1286414
v 3.1283884 5.6073206 3.2286413
v 3.6179616 5.8021777 3.5182149
v 3.5179617 5.8021777 3.6182148
v 5.6233096 4.1988814 2.2754061
v 5.6356125 4.5607613 2.4645627
v 5.5356126 4.5607608 2.3645623
v 5.4431105 5.039419 2.6570647
v 5.3431106 5.039419 2.5570648
v 5.2570992 5.3193477 2.8430765
v 5.1570988 5.3193477 2.7430761
v 4.8715696 5.6073292 3.2287061
v 4.7715726 5.6073273 3.1287024
v 4.4820023 5.8021916 3.6166327
v 4.382061 5.8021691 3.5182664
v 2.3643095 4.5607613 5.5358648
v 2.4643097 4.5607613 5.6358652
v 2.3766122 4.1988814 5.7250214
v 2.5569749 5.0394714 5.3434715
v 2.6569803 5.0394824 5.4434652
v 2.7430191 5.3193191 5.1576033
v 2.8410397 5.3194283 5.2575026
v 3.1279755 5.6073659 4.7712374
v 3.2280116 5.6073855 4.8712091
v 3.4976816 5.8023313 4.3809614
v 3.6168616 5.8020881 4.4816408
v 5.5356126 4.5607608 5.6358652
v 5.6356125 4.5607608 5.5358648
v 5.7247691 4.1988814 5.6235628
v 5.3438668 5.0397914 5.442235
v 5.4439144 5.0397151 5.342267
v 5.158833 5.3191703 5.2560062
v 5.2731943 5.3198646 5.1553421
v 4.7722502 5.6072496 4.8713131
v 4.8722286 5.6072648 4.771286
v 4.3819599 5.8021777 4.482213
v 4.4819603 5.8021777 4.3822126
v 4.0011044 5.8018115 3.9096086
v 4.0917306 5.8018115 4.0002279
v 4.0458665 5.7374704 3.954366
v 3.9997299 5.8018115 4.091814
v 4.0457067 5.7374757 4.0460539
v 3.908011 5.8018115 4.0000105
v 3.9540007 5.7374623 3.954263
v 3.9538634 5.7374681 4.0459042
v 4.0457082 5.7374757 4.0454464
v 4.0000005 5.7000006 4
v 4.0460343 5.7379373 4.0457277
v 5.9999609 3.9988838 5.7002144
v 5.9999609 3.9988838 2.3002145
v 2.2999611 3.9988835 2.0002143
v 5.6999612 3.9988835 2.0002143
v 1.9999609 3.9988838 5.7002144
v 1.9999609 3.9988838 2.3002145
v 2.2999611 3.9988838 6.0002136
v 5.6999607 3.9988838 6.0002136
v 2.1999609 3.9988838 2.3002145
v 2.2999611 3.9988835 2.2002141
v 2.2999611 3.9988838 5.8002138
v 2.1999609 3.9988838 5.7002144
v 5.6999607 3.9988838 5.8002138
v 2.2751529 3.9988838 2.3768651
v 2.3766122 3.9988838 2.2754061
v 5.7247691 3.9988838 2.3768651
v 2.2751529 3.9988838 5.6235628
v 5.6233096 3.9988838 5.7250214
v 5.6233096 3.9988838 2.2754061
v 2.3766122 3.9988838 5.7250214
v 5.7247691 3.9988838 5.6235628
v 3.9999609 5.9988831 2.2031062
v 5.6999612 4.1988814 2.2002141
v 5.3999615 5.0988834 2.2031062
v 2.3999612 4.6011379 2.2031062
v 2.7999609 5.3988822 2.2031062
v 5.1999607 5.3988822 2.2031062
v 5.6999612 3.9988835 2.2002141
v 2.3029089 4.1988814 2.2031062
v 4.7999611 5.6988834 2.2031062
v 3.1999607 5.6988834 2.2031062
v 4.399961 5.8988832 2.2031062
v 2.599961 5.098883 2.2031062
v 5.5999608 4.6011375 2.2031062
v 3.599961 5.8988836 2.2031062
v 5.7999611 4.1988814 2.3002145
v 5.7843313 5.0988834 2.6002142
v 5.7843313 5.3988822 2.8002145
v 5.7843313 5.8988832 3.5985205
v 5.7843313 5.8988836 4.4002142
v 5.7843313 5.0988834 5.4002142
v 5.7843313 5.6988834 4.8002138
v 5.7999611 3.9988838 5.7002144
v 5.7843313 4.6012796 2.4002144
v 5.7999611 3.9988838 2.3002145
v 5.7999611 4.1988805 5.7002144
v 5.7843313 5.6988834 3.2002141
v 5.7843313 4.6012786 5.6002131
v 5.7843313 5.3988822 5.2002144
v 5.7843313 5.9988831 4.0002136
v 5.399961 5.0988834 5.8002138
v 5.5999608 4.601105 5.8002138
v 5.1999607 5.3988822 5.8002138
v 3.5999608 5.8988832 5.8002138
v 2.7978792 5.3988822 5.8002138
v 4.399961 5.8988836 5.8002138
v 2.3999612 4.601106 5.8002138
v 4.7999606 5.6988834 5.8002138
v 3.9999609 5.9988831 5.8002138
v 3.1999607 5.6988834 5.8002138
v 2.599961 5.0988834 5.8002138
v 2.1973894 5.6988834 3.2002141
v 2.1973891 5.8988832 4.4002142
v 2.1973891 5.9988831 4.0002136
v 2.1973891 5.3988822 5.2002144
v 2.1973894 5.8988836 3.6002142
v 2.1973891 4.6022165 5.6002131
v 2.1973894 5.6988834 4.8002138
v 2.1973891 5.098883 2.6002142
v 2.1973891 5.3988822 2.8002145
v 2.1973891 4.6022165 2.4002144
v 2.1973891 5.0988834 5.4002142
v 5.6002145 4.5988834 -1.9999602
v 2.6002145 5.0988834 -1.9999607
v 3.5985212 5.8988836 -1.9999604
v 5.7002144 4.1988814 -1.9999602
v 4.4002147 5.8988841 -1.9999604
v 2.4002147 4.5988834 -1.9999607
v 3.2002144 5.6988834 -1.9999604
v 4.8002148 5.6988834 -1.9999604
v 5.2002144 5.3988822 -1.9999602
v 2.3002148 4.1988814 -1.9999607
v 2.8002145 5.3988822 -1.9999607
v 5.4002147 5.0988834 -1.9999602
v 4.0002146 5.9988835 -1.9999604
v 2.0002146 4.1988814 1.7000391
v 2.0002146 5.8988841 0.40003943
v 2.0002146 4.5988834 -1.5999606
v 2.0002146 5.6988834 -0.79996037
v 2.0002146 5.6988834 0.80003953
v 2.0002143 5.3988822 1.2000391
v 2.0002146 4.1988814 -1.6999609
v 2.0002146 5.3988822 -1.1999605
v 2.0002146 5.9988835 3.9339066e-05
v 2.0002143 5.0988834 1.400039
v 2.0002146 4.5988834 1.6000392
v 2.0002146 5.0988834 -1.3999608
v 2.0002146 5.8988832 -0.39996076
v 3.2002144 5.6988834 2.0000393
v 2.8002143 5.3988822 2.0000393
v 5.7002144 4.1988814 2.0000398
v 5.2002144 5.3988822 2.0000398
v 2.6002145 5.0988834 2.0000393
v 4.0002146 5.9988835 2.0000393
v 2.4002147 4.6022161 2.0000393
v 5.4002142 5.0988834 2.0000398
v 4.4002142 5.8988832 2.0000393
v 2.3002143 4.1988814 2.0000393
v 3.6002142 5.8988841 2.0000393
v 5.6002145 4.6022165 2.0000398
v 4.8002143 5.6988834 2.0000393
v 6.0002146 5.6988834 -0.79996014
v 6.0002146 5.3988822 -1.1999602
v 6.0002146 4.1988819 1.7000396
v 6.0002141 5.3988822 1.2021215
v 6.0002146 5.0988834 -1.39996
v 6.0002146 4.5988834 -1.5999603
v 6.0002141 5.0988834 1.4000399
v 6.0002146 5.8988836 0.40003991
v 6.0002146 4.1988819 -1.6999602
v 6.0002146 5.8988841 -0.39996028
v 6.0002146 4.5988834 1.6000397
v 6.0002146 5.6988834 0.80004001
v 6.0002146 5.9988835 3.9815903e-05
v 4.0002146 5.9988835 -0.099960089
v 4.1002145 5.9988835 3.9815903e-05
v 4.0002146 5.9988835 0.10003972
v 3.9002144 5.9988835 3.9339066e-05
v 3.5002146 5.8988832 0.40003991
v 3.6002145 5.8988832 0.50003934
v 3.1002145 5.6988834 0.80004001
v 3.2002144 5.6988834 0.90003991
v 2.7002144 5.3988822 1.2000396
v 2.8002143 5.3988822 1.3000391
v 2.5002143 5.0988834 1.400039
v 2.6002145 5.0988834 1.5000393
v 2.3002145 4.602217 1.6000392
v 2.4002147 4.602217 1.7000391
v 2.3002143 4.1988814 1.8000391
v 4.4002147 5.8988841 0.51983762
v 4.5002146 5.8988841 0.40003943
v 4.8002143 5.6988834 0.90003991
v 4.9002142 5.6988834 0.80004001
v 5.2002144 5.3988822 1.30004
v 5.3002143 5.3988822 1.2021215
v 5.4002142 5.0988834 1.5000398
v 5.5002146 5.0988834 1.4000399
v 5.6002145 4.602217 1.7000396
v 5.7002144 4.602217 1.6000392
v 5.8002143 4.1988819 1.7000396
v 5.7002144 4.1988814 1.80004
v 3.598521 5.8988841 -0.49996042
v 3.5002146 5.8988841 -0.39996028
v 3.2002146 5.6988834 -0.89996004
v 3.1002145 5.6988834 -0.79996014
v 2.8002143 5.3988822 -1.2999609
v 2.7002146 5.3988822 -1.1999602
v 2.6002145 5.0988834 -1.4999607
v 2.5002146 5.0988834 -1.3999608
v 2.4002149 4.602217 -1.6999605
v 2.3002148 4.6022165 -1.5999606
v 4.5002146 5.8988836 -0.39996052
v 4.4002147 5.8988836 -0.49996018
v 4.9002147 5.6988834 -0.79996014
v 4.8002148 5.6988834 -0.89996004
v 5.3002148 5.3988836 -1.1999602
v 5.2002144 5.3988822 -1.3149395
v 5.5002146 5.0988834 -1.3999605
v 5.4002147 5.0988834 -1.4999602
v 5.7002144 4.6022165 -1.5999601
v 5.6002145 4.602217 -1.6999602
v 5.8002148 4.1988819 -1.6999602
v 2.3768659 4.1988814 1.7248476
v 2.2754064 4.1988814 1.6233881
v 2.3768659 4.1988814 -1.7247686
v 5.6235628 4.1988814 1.7248476
v 5.7250223 4.1988814 -1.6233089
v 4.0918083 5.8992375 0.00027918816
v 3.9084897 5.8992265 1.7881393e-05
v 4.0002222 5.8992236 -0.091721535
v 4.0000048 5.8992079 0.091997862
v 2.364563 4.5607613 1.535691
v 2.4645629 4.5607613 1.6356909
v 2.557065 5.039419 1.3431885
v 2.6570649 5.039419 1.4431884
v 2.7430763 5.3193477 1.1571777
v 2.8430762 5.3193477 1.2571781
v 3.1286418 5.6073206 0.77161193
v 3.228642 5.6073206 0.87161183
v 3.5182152 5.8021782 0.38203883
v 3.6182153 5.8021782 0.48203874
v 2.2754066 4.1988814 -1.6233094
v 2.4645631 4.5607617 -1.635612
v 2.3645632 4.5607608 -1.5356121
v 2.6570652 5.039419 -1.44311
v 2.557065 5.039419 -1.3431101
v 2.8430762 5.3193477 -1.2570984
v 2.7430763 5.3193477 -1.1570985
v 3.2287061 5.6073297 -0.87156916
v 3.1287031 5.6073278 -0.77157211
v 3.6166334 5.8021916 -0.48200154
v 3.5182674 5.8021696 -0.38206029
v 5.5358658 4.5607613 1.6356909
v 5.6358662 4.5607613 1.535691
v 5.7250223 4.1988814 1.6233881
v 5.343472 5.0394719 1.4430263
v 5.4434662 5.0394829 1.3430202
v 5.1576042 5.3193191 1.2569811
v 5.257503 5.3194287 1.1589606
v 4.7712374 5.6073659 0.87202525
v 4.8712101 5.6073855 0.77198911
v 4.3809614 5.8023313 0.5023191
v 4.4816408 5.8020886 0.38313937
v 5.6358662 4.5607608 -1.5356119
v 5.5358663 4.5607608 -1.6356118
v 5.6235633 4.1988814 -1.7247684
v 5.4422355 5.0397919 -1.3438659
v 5.3422675 5.0397156 -1.4439135
v 5.2560067 5.3191703 -1.1588323
v 5.1553426 5.319865 -1.2731936
v 4.8713136 5.6072496 -0.77224922
v 4.771286 5.6072648 -0.87222815
v 4.482214 5.8021782 -0.38195968
v 4.3822136 5.8021782 -0.48195958
v 3.9096088 5.801812 -0.0011036396
v 4.0002284 5.801812 -0.091730118
v 3.954366 5.7374704 -0.045866013
v 4.0918145 5.801812 0.00027060509
v 4.0460544 5.7374762 -0.045706272
v 4.000011 5.801812 0.091989756
v 3.9542632 5.7374623 0.045999765
v 4.0459042 5.7374681 0.046137094
v 4.0454469 5.7374762 -0.045707464
v 4.0000005 5.7000011 2.3841858e-07
v 4.0457282 5.7379373 -0.046033382
v 5.7002144 3.998884 -1.9999602
v 2.3002148 3.998884 -1.9999607
v 2.0002146 3.9988835 1.7000391
v 2.0002146 3.9988835 -1.6999609
v 5.7002144 3.998884 2.0000398
v 2.3002143 3.9988838 2.0000393
v 6.0002146 3.998884 1.7000396
v 6.0002146 3.998884 -1.6999602
v 2.3002143 3.9988838 1.8000391
v 2.2002146 3.9988835 1.7000391
v 5.8002143 3.998884 1.7000396
v 5.7002144 3.998884 1.80004
v 5.8002148 3.998884 -1.6999602
v 2.3768659 3.9988838 1.7248476
v 2.2754064 3.998884 1.6233881
v 2.3768659 3.998884 -1.7247686
v 5.6235628 3.998884 1.7248476
v 5.7250223 3.998884 -1.6233089
v 2.2754066 3.998884 -1.6233094
v 5.7250223 3.998884 1.6233881
v 5.6235633 3.998884 -1.7247684
v 2.2031064 5.9988835 3.9339066e-05
v 2.2002149 4.1988814 -1.6999609
v 2.2031064 5.0988834 -1.3999608
v 2.2031064 4.6011379 1.6000392
v 2.2031064 5.3988822 1.2000396
v 2.2031064 5.3988822 -1.1999605
v 2.2002146 3.9988835 -1.6999609
v 2.2031064 4.1988814 1.6970913
v 2.2031064 5.6988834 -0.79996037
v 2.2031064 5.6988834 0.80003953
v 2.2031064 5.8988832 -0.39996052
v 2.2031064 5.0988834 1.400039
v 2.2031069 4.6011379 -1.5999606
v 2.2031064 5.8988841 0.40003943
v 2.3002148 4.1988814 -1.7999606
v 2.6002145 5.0988834 -1.7843311
v 2.8002145 5.3988822 -1.7843311
v 3.5985212 5.8988836 -1.7843308
v 4.4002147 5.8988841 -1.7843308
v 5.4002147 5.0988834 -1.7843306
v 4.8002148 5.6988834 -1.7843308
v 5.7002144 3.998884 -1.7999604
v 2.4002149 4.6012796 -1.7843311
v 2.3002148 3.998884 -1.7999606
v 5.7002144 4.198881 -1.7999604
v 3.2002144 5.6988834 -1.7843308
v 5.6002145 4.6012791 -1.7843306
v 5.2002144 5.3988822 -1.7843306
v 4.0002146 5.9988835 -1.7843306
v 5.8002148 5.0988834 -1.39996
v 5.8002148 4.6011055 -1.5999601
v 5.8002148 5.3988827 -1.1999602
v 5.8002138 5.8988836 0.40003991
v 5.8002143 5.3988822 1.2021215
v 5.8002148 5.8988841 -0.39996028
v 5.8002138 4.601106 1.6000392
v 5.8002148 5.6988834 -0.79996014
v 5.8002143 5.9988835 3.9815903e-05
v 5.8002143 5.6988834 0.80004001
v 5.8002138 5.0988834 1.4000399
v 3.2002144 5.6988834 1.8026111
v 4.4002142 5.8988832 1.8026111
v 4.0002146 5.9988835 1.8026111
v 5.2002144 5.3988822 1.8026116
v 3.6002145 5.8988841 1.8026111
v 5.6002145 4.602217 1.8026116
v 4.8002143 5.6988834 1.8026111
v 2.6002145 5.0988834 1.8026111
v 2.8002143 5.3988822 1.8026111
v 2.4002147 4.6022165 1.8026111
v 5.4002142 5.0988834 1.8026111
v -2.3997855 4.5988834 2.0000398
v -5.399786 5.098883 2.0000393
v -4.4014788 5.8988832 2.0000393
v -2.2997856 4.1988814 2.0000398
v -3.5997858 5.8988841 2.0000393
v -5.5997858 4.598883 2.0000393
v -4.7997856 5.6988834 2.0000393
v -3.1997857 5.6988834 2.0000393
v -2.7997856 5.3988822 2.0000398
v -5.6997852 4.1988814 2.0000393
v -5.1997852 5.3988822 2.0000393
v -2.5997858 5.0988834 2.0000398
v -3.9997854 5.9988835 2.0000393
v -5.9997854 4.1988814 5.7000389
v -5.9997854 5.8988836 4.4000387
v -5.9997854 4.598883 2.400039
v -5.9997854 5.6988834 3.2000391
v -5.9997854 5.6988829 4.8000393
v -5.9997864 5.3988817 5.2000389
v -5.9997854 4.1988814 2.3000391
v -5.9997854 5.3988822 2.8000391
v -5.9997854 5.9988831 4.0000391
v -5.9997864 5.098883 5.4000387
v -5.9997854 4.598883 5.6000385
v -5.9997854 5.098883 2.6000392
v -5.9997854 5.8988832 3.6000392
v -4.7997866 5.6988829 6.0000391
v -5.1997862 5.3988817 6.0000391
v -2.2997856 4.1988814 6.0000391
v -2.7997856 5.3988822 6.0000391
v -5.399786 5.098883 6.0000391
v -3.9997854 5.9988831 6.0000391
v -5.5997858 4.6022161 6.0000391
v -2.5997863 5.098883 6.0000391
v -3.5997858 5.8988832 6.0000391
v -5.6997852 4.1988814 6.0000391
v -4.399786 5.8988836 6.0000391
v -2.3997865 4.6022165 6.0000391
v -3.1997857 5.6988834 6.0000391
v -1.9997854 5.6988834 3.2000396
v -1.9997854 5.3988822 2.8000395
v -1.9997854 4.1988814 5.7000399
v -1.9997864 5.3988822 5.2021217
v -1.9997854 5.0988834 2.6000397
v -1.9997854 4.5988834 2.4000399
v -1.9997864 5.0988834 5.4000397
v -1.9997854 5.8988832 4.4000397
v -1.9997854 4.1988819 2.30004
v -1.9997854 5.8988841 3.6000397
v -1.9997854 4.5988834 5.6000395
v -1.9997854 5.6988834 4.8000402
v -1.9997854 5.9988835 4.0000391
v -3.9997854 5.9988831 3.9000399
v -3.8997855 5.9988831 4.0000391
v -3.9997854 5.9988831 4.1000395
v -4.0997858 5.9988831 4.0000391
v -4.4997854 5.8988832 4.4000397
v -4.399786 5.8988832 4.5000391
v -4.899786 5.6988834 4.8000393
v -4.7997856 5.6988834 4.9000397
v -5.2997866 5.3988817 5.2000399
v -5.1997862 5.3988817 5.3000393
v -5.4997864 5.098883 5.4000387
v -5.399786 5.098883 5.5000391
v -5.6997852 4.602217 5.6000385
v -5.5997858 4.602217 5.7000389
v -5.6997852 4.1988814 5.8000393
v -3.5997858 5.8988836 4.5198374
v -3.4997854 5.8988836 4.4000397
v -3.1997862 5.6988834 4.9000397
v -3.0997858 5.6988834 4.8000393
v -2.7997856 5.3988822 5.3000393
v -2.6997862 5.3988822 5.2021217
v -2.5997863 5.098883 5.5000391
v -2.4997864 5.098883 5.4000397
v -2.3997865 4.602217 5.7000399
v -2.2997856 4.602217 5.6000385
v -2.1997857 4.1988814 5.7000399
v -2.2997856 4.1988814 5.8000393
v -4.4014797 5.8988836 3.5000398
v -4.4997854 5.8988836 3.6000397
v -4.7997856 5.6988834 3.1000397
v -4.899786 5.6988834 3.2000396
v -5.1997852 5.3988822 2.7000391
v -5.2997856 5.3988822 2.8000395
v -5.399786 5.098883 2.5000393
v -5.4997854 5.098883 2.6000392
v -5.5997849 4.602217 2.3000391
v -5.6997852 4.6022165 2.400039
v -3.4997854 5.8988832 3.6000397
v -3.5997858 5.8988832 3.5000398
v -3.0997858 5.6988834 3.2000396
v -3.1997857 5.6988834 3.1000397
v -2.6997857 5.3988832 2.8000395
v -2.7997856 5.3988822 2.6850607
v -2.4997854 5.0988834 2.6000392
v -2.5997858 5.0988834 2.5000398
v -2.2997856 4.6022165 2.4000399
v -2.3997855 4.6022165 2.30004
v -2.1997857 4.1988819 2.30004
v -5.6231346 4.1988814 5.7248468
v -5.7245941 4.1988814 5.6233883
v -5.6231337 4.1988814 2.2752316
v -2.3764372 4.1988814 5.7248468
v -2.2749772 4.1988814 2.3766906
v -3.9081922 5.8992375 4.0002785
v -4.0915108 5.8992265 4.0000172
v -3.9997778 5.8992231 3.9082782
v -3.9999957 5.8992079 4.0919971
v -5.635437 4.5607613 5.5356903
v -5.5354376 4.5607613 5.6356907
v -5.4429359 5.0394185 5.3431883
v -5.3429356 5.0394185 5.4431887
v -5.2569237 5.3193477 5.1571779
v -5.1569242 5.3193477 5.2571774
v -4.8713589 5.6073206 4.7716122
v -4.7713585 5.6073206 4.8716116
v -4.4817848 5.8021777 4.3820381
v -4.3817854 5.8021777 4.4820385
v -5.7245932 4.1988814 2.3766906
v -5.5354366 4.5607613 2.3643878
v -5.635437 4.5607608 2.4643881
v -5.3429346 5.039419 2.5568898
v -5.442935 5.039419 2.6568897
v -5.1569233 5.3193477 2.7429016
v -5.2569237 5.3193477 2.8429015
v -4.7712936 5.6073292 3.1284311
v -4.8712969 5.6073273 3.2284276
v -4.3833675 5.8021916 3.517998
v -4.4817324 5.8021691 3.6179397
v -2.4641342 4.5607613 5.6356907
v -2.3641343 4.5607613 5.5356903
v -2.2749777 4.1988814 5.6233883
v -2.656528 5.0394719 5.4430256
v -2.5565343 5.0394824 5.3430195
v -2.8423963 5.3193191 5.2569809
v -2.7424974 5.3194283 5.1589603
v -3.2287626 5.6073659 4.8720245
v -3.1287899 5.6073855 4.7719889
v -3.6190386 5.8023313 4.5023184
v -3.5183592 5.8020881 4.3831387
v -2.3641343 4.5607608 2.4643881
v -2.4641337 4.5607608 2.3643878
v -2.3764367 4.1988814 2.2752316
v -2.5577645 5.0397914 2.6561339
v -2.657733 5.0397151 2.5560863
v -2.7439933 5.3191703 2.8411677
v -2.8446574 5.3198646 2.7268059
v -3.1286869 5.6072496 3.2277505
v -3.228714 5.6072648 3.1277716
v -3.5177865 5.8021777 3.6180403
v -3.6177869 5.8021777 3.5180404
v -4.0903921 5.8018115 3.9988959
v -3.9997721 5.8018115 3.9082696
v -4.0456343 5.7374704 3.9541337
v -3.908186 5.8018115 4.0002699
v -3.9539456 5.7374757 3.9542935
v -3.9999895 5.8018115 4.0919886
v -4.0457373 5.7374623 4.0459995
v -3.9540958 5.7374681 4.0461369
v -3.9545531 5.7374757 3.9542925
v -4 5.7000006 4
v -3.9542718 5.7379373 3.9539659
v -2.2997856 3.998884 2.0000398
v -5.6997852 3.9988838 2.0000393
v -5.9997854 3.9988835 5.7000389
v -5.9997854 3.9988835 2.3000391
v -2.2997856 3.998884 6.0000391
v -5.6997852 3.9988835 6.0000391
v -1.9997854 3.998884 5.7000399
v -1.9997854 3.998884 2.30004
v -5.6997852 3.9988835 5.8000393
v -5.7997856 3.9988835 5.7000389
v -2.1997857 3.998884 5.7000399
v -2.2997856 3.998884 5.8000393
v -2.1997857 3.998884 2.30004
v -5.6231346 3.9988835 5.7248468
v -5.7245941 3.9988835 5.6233883
v -5.6231337 3.9988838 2.2752316
v -2.3764372 3.998884 5.7248468
v -2.2749772 3.998884 2.3766906
v -5.7245932 3.9988838 2.3766906
v -2.2749777 3.998884 5.6233883
v -2.3764367 3.998884 2.2752316
v -5.7968941 5.9988831 4.0000391
v -5.7997847 4.1988814 2.3000391
v -5.7968941 5.098883 2.6000392
v -5.7968941 4.6011379 5.6000385
v -5.7968941 5.3988817 5.2000399
v -5.7968941 5.3988822 2.8000391
v -5.7997856 3.9988835 2.3000391
v -5.7968941 4.1988814 5.6970911
v -5.7968941 5.6988834 3.2000391
v -5.7968941 5.6988834 4.8000393
v -5.7968941 5.8988832 3.6000392
v -5.7968941 5.098883 5.4000387
v -5.7968931 4.6011375 2.400039
v -5.7968941 5.8988836 4.4000387
v -5.6997852 4.1988814 2.2000391
v -5.399786 5.098883 2.2156689
v -5.1997852 5.3988822 2.2156689
v -4.4014788 5.8988832 2.2156689
v -3.5997858 5.8988841 2.2156689
v -2.5997858 5.0988834 2.2156689
v -3.1997857 5.6988834 2.2156689
v -2.2997856 3.998884 2.2000396
v -5.5997849 4.6012796 2.2156689
v -5.6997852 3.9988838 2.2000391
v -2.2997856 4.198881 2.2000396
v -4.7997856 5.6988834 2.2156689
v -2.3997855 4.6012791 2.2156689
v -2.7997856 5.3988822 2.2156689
v -3.9997854 5.9988835 2.2156689
v -2.1997857 5.0988834 2.6000397
v -2.1997852 4.6011055 2.4000399
v -2.1997857 5.3988822 2.8000395
v -2.1997862 5.8988832 4.4000397
v -2.1997862 5.3988822 5.2021217
v -2.1997857 5.8988841 3.6000397
v -2.1997862 4.601106 5.6000385
v -2.1997857 5.6988834 3.2000396
v -2.1997862 5.9988835 4.0000391
v -2.1997862 5.6988834 4.8000393
v -2.1997862 5.0988834 5.4000397
v -4.7997866 5.6988834 5.8026104
v -3.5997858 5.8988832 5.8026104
v -3.9997854 5.9988831 5.8026104
v -2.7997856 5.3988822 5.8026114
v -4.399786 5.8988836 5.8026104
v -2.3997865 4.602217 5.8026114
v -3.1997857 5.6988834 5.8026104
v -5.399786 5.098883 5.8026104
v -5.1997862 5.3988817 5.8026104
v -5.5997858 4.6022165 5.8026104
v -2.5997863 5.098883 5.8026104
v -5.9999599 4.5988839 -1.600214
v -5.9999609 5.0988834 1.3997858
v -5.9999609 5.8988832 0.40147901
v -5.9999599 4.1988814 -1.7002139
v -5.9999609 5.8988841 -0.4002142
v -5.9999609 4.5988834 1.599786
v -5.9999609 5.6988834 0.79978585
v -5.9999599 5.6988834 -0.80021381
v -5.9999599 5.3988822 -1.2002141
v -5.9999609 4.1988814 1.6997859
v -5.9999609 5.3988822 1.1997859
v -5.9999599 5.0988834 -1.4002137
v -5.9999609 5.9988835 -0.00021386147
v -2.2999606 4.1988814 1.9997866
v -3.5999608 5.8988836 1.9997857
v -5.5999603 4.598883 1.9997857
v -4.7999611 5.6988834 1.9997857
v -3.1999607 5.6988834 1.9997866
v -2.7999606 5.3988822 1.9997866
v -5.6999607 4.1988814 1.9997857
v -5.1999607 5.3988822 1.9997857
v -3.9999609 5.9988831 1.9997857
v -2.5999608 5.098883 1.9997866
v -2.399961 4.5988834 1.9997866
v -5.3999605 5.098883 1.9997857
v -4.3999605 5.8988832 1.9997857
v -1.9999609 5.6988834 0.79978633
v -1.9999609 5.3988822 1.1997864
v -1.9999604 4.1988814 -1.7002137
v -1.9999604 5.3988822 -1.2002137
v -1.9999609 5.0988834 1.3997867
v -1.9999609 5.9988835 -0.00021386147
v -1.9999609 4.6022165 1.5997865
v -1.9999604 5.0988834 -1.4002135
v -1.9999609 5.8988836 -0.40021372
v -1.9999609 4.1988814 1.6997864
v -1.9999609 5.8988841 0.39978623
v -1.9999604 4.6022165 -1.6002135
v -1.9999604 5.6988834 -0.80021381
v -4.7999601 5.6988834 -2.0002139
v -5.1999598 5.3988822 -2.0002139
v -2.2999601 4.1988819 -2.0002136
v -2.7978783 5.3988822 -2.0002136
v -5.3999605 5.0988834 -2.0002139
v -5.5999603 4.5988839 -2.0002141
v -2.5999603 5.0988834 -2.0002136
v -3.5999603 5.8988836 -2.0002136
v -5.6999598 4.1988819 -2.0002141
v -4.3999605 5.8988841 -2.0002136
v -2.39996 4.5988839 -2.0002136
v -3.1999598 5.6988834 -2.0002136
v -3.9999599 5.9988835 -2.0002136
v -4.0999603 5.9988835 -0.00021409988
v -3.9999599 5.9988835 -0.100214
v -3.89996 5.9988835 -0.00021386147
v -3.9999599 5.9988835 0.099786043
v -3.5999603 5.8988832 0.49978614
v -3.4999599 5.8988832 0.39978576
v -3.1999602 5.6988834 0.89978623
v -3.0999603 5.6988834 0.79978633
v -2.7999601 5.3988822 1.2997863
v -2.6999607 5.3988822 1.1997864
v -2.5999608 5.0988834 1.4997866
v -2.4999609 5.0988834 1.3997867
v -2.399961 4.602217 1.6997864
v -2.2999606 4.602217 1.5997865
v -2.1999607 4.1988814 1.6997864
v -3.4801621 5.8988841 -0.40021396
v -3.5999603 5.8988841 -0.5002141
v -3.0999603 5.6988834 -0.80021381
v -3.1999602 5.6988834 -0.90021372
v -2.6999602 5.3988822 -1.2002137
v -2.7978783 5.3988822 -1.3002138
v -2.4999599 5.0988834 -1.4002135
v -2.5999603 5.0988834 -1.5002139
v -2.2999601 4.602217 -1.6002135
v -2.39996 4.6022175 -1.7002137
v -2.2999601 4.1988819 -1.8002136
v -2.1999602 4.1988814 -1.7002137
v -4.4999599 5.8988841 0.40147948
v -4.3999605 5.8988841 0.49978614
v -4.8999605 5.6988834 0.79978585
v -4.7999601 5.6988834 0.89978576
v -5.2999611 5.3988822 1.1997859
v -5.1999598 5.3988822 1.2997859
v -5.4999609 5.0988834 1.3997858
v -5.3999605 5.0988834 1.4997857
v -5.6999607 4.602217 1.5997851
v -5.5999603 4.6022165 1.6997859
v -4.3999605 5.8988836 -0.5002141
v -4.4999599 5.8988836 -0.40021396
v -4.7999601 5.6988834 -0.90021396
v -4.8999605 5.6988834 -0.80021405
v -5.1999598 5.3988836 -1.3002141
v -5.3149395 5.3988822 -1.2002141
v -5.3999605 5.0988834 -1.5002141
v -5.4999599 5.0988834 -1.400214
v -5.5999603 4.602217 -1.7002141
v -5.6999598 4.602217 -1.600214
v -5.6999598 4.1988819 -1.8002143
v -2.2751527 4.1988814 1.6231349
v -2.3766122 4.1988814 1.7245944
v -5.7247686 4.1988814 1.6231344
v -2.2751527 4.1988814 -1.6235623
v -5.6233091 4.1988814 -1.7250223
v -3.9997211 5.8992375 -0.091808081
v -3.9999824 5.8992265 0.091510534
v -4.0917215 5.8992236 -0.00022172928
v -3.9080024 5.8992079 -4.529953e-06
v -2.4643087 4.5607613 1.6354377
v -2.3643088 4.5607613 1.5354378
v -2.6568112 5.039419 1.4429357
v -2.5568113 5.039419 1.3429358
v -2.8428221 5.3193477 1.2569244
v -2.7428222 5.3193477 1.1569245
v -3.2283878 5.6073211 0.87135863
v -3.1283879 5.6073211 0.77135873
v -3.6179614 5.8021782 0.48178554
v -3.517961 5.8021782 0.38178563
v -5.6233091 4.1988814 1.7245934
v -5.6356115 4.5607613 1.5354373
v -5.5356121 4.5607608 1.6354373
v -5.4431105 5.039419 1.3429353
v -5.3431101 5.039419 1.4429352
v -5.2570982 5.3193477 1.156924
v -5.1570988 5.3193477 1.2569239
v -4.8715687 5.6073292 0.77129388
v -4.7715721 5.6073278 0.87129712
v -4.4820013 5.8021916 0.3833673
v -4.3820601 5.8021696 0.48173308
v -2.3643088 4.5607617 -1.5358651
v -2.4643087 4.5607617 -1.6358652
v -2.3766112 4.1988819 -1.7250216
v -2.5569739 5.0394719 -1.3434715
v -2.6569791 5.0394829 -1.4434655
v -2.7430186 5.3193191 -1.1576035
v -2.8410387 5.3194287 -1.2575023
v -3.1279745 5.6073664 -0.77123666
v -3.2280107 5.6073859 -0.87120962
v -3.4976807 5.8023313 -0.38096118
v -3.6168609 5.8020886 -0.48164058
v -5.5356112 4.5607608 -1.6358657
v -5.6356115 4.5607608 -1.5358658
v -5.7247677 4.1988814 -1.6235628
v -5.3438654 5.0397919 -1.442235
v -5.4439135 5.0397156 -1.3422673
v -5.1588326 5.3191703 -1.2560062
v -5.2731934 5.319865 -1.1553423
v -4.7722492 5.6072496 -0.8713131
v -4.8722286 5.6072648 -0.77128577
v -4.3819599 5.8021782 -0.48221326
v -4.4819593 5.8021782 -0.38221335
v -4.0011044 5.801812 0.090391874
v -4.0917301 5.801812 -0.00022792816
v -4.045866 5.7374704 0.045634508
v -3.9997296 5.801812 -0.091814041
v -4.0457067 5.7374762 -0.046053648
v -3.9080105 5.801812 -1.0490417e-05
v -3.954 5.7374623 0.045737028
v -3.9538627 5.7374681 -0.045903683
v -4.0457067 5.7374762 -0.045446634
v -4 5.7000011 2.3841858e-07
v -4.0460339 5.7379373 -0.045727968
v -5.9999599 3.998884 -1.7002139
v -5.9999609 3.998884 1.6997859
v -2.2999606 3.9988835 1.9997866
v -5.6999607 3.9988835 1.9997857
v -1.9999604 3.998884 -1.7002137
v -1.9999609 3.9988838 1.6997864
v -2.2999601 3.9988843 -2.0002136
v -5.6999598 3.998884 -2.0002141
v -2.1999607 3.9988838 1.6997864
v -2.2999606 3.9988835 1.7997863
v -2.2999601 3.9988843 -1.8002136
v -2.1999602 3.998884 -1.7002137
v -5.6999598 3.998884 -1.8002143
v -2.2751527 3.9988838 1.6231349
v -2.3766122 3.9988838 1.7245944
v -5.7247686 3.998884 1.6231344
v -2.2751527 3.998884 -1.6235623
v -5.6233091 3.998884 -1.7250223
v -5.6233091 3.9988838 1.7245934
v -2.3766112 3.9988843 -1.7250216
v -5.7247677 3.998884 -1.6235628
v -3.9999609 5.9988831 1.7968938
v -5.6999607 4.1988814 1.7997854
v -5.3999605 5.0988834 1.7968938
v -2.399961 4.6011379 1.7968948
v -2.7999606 5.3988822 1.7968948
v -5.1999607 5.3988822 1.7968938
v -5.6999607 3.9988835 1.7997859
v -2.3029089 4.1988814 1.7968948
v -4.7999611 5.6988834 1.7968934
v -3.1999607 5.6988834 1.7968938
v -4.3999605 5.8988832 1.7968938
v -2.5999608 5.0988834 1.7968938
v -5.5999603 4.6011375 1.7968934
v -3.5999608 5.8988836 1.7968938
v -5.7999611 4.1988814 1.6997859
v -5.7843304 5.0988834 1.3997858
v -5.7843304 5.3988822 1.1997859
v -5.7843304 5.8988832 0.40147901
v -5.7843304 5.8988841 -0.40021443
v -5.7843304 5.0988834 -1.400214
v -5.7843304 5.6988834 -0.80021405
v -5.7999601 3.998884 -1.7002141
v -5.7843304 4.6012796 1.5997851
v -5.7999611 3.998884 1.6997859
v -5.7999601 4.198881 -1.7002141
v -5.7843304 5.6988834 0.79978585
v -5.7843304 4.6012796 -1.600214
v -5.7843304 5.3988822 -1.2002144
v -5.7843304 5.9988835 -0.00021409988
v -5.3999605 5.0988834 -1.8002143
v -5.5999603 4.6011055 -1.8002143
v -5.1999598 5.3988827 -1.8002141
v -3.5999603 5.8988836 -1.8002136
v -2.7978783 5.3988822 -1.8002136
v -4.3999605 5.8988841 -1.8002141
v -2.39996 4.601106 -1.8002131
v -4.7999601 5.6988834 -1.8002143
v -3.9999599 5.9988835 -1.8002138
v -3.1999598 5.6988834 -1.8002136
v -2.5999603 5.0988834 -1.8002133
v -2.1973886 5.6988834 0.79978633
v -2.1973886 5.8988836 -0.40021372
v -2.1973886 5.9988835 -0.00021386147
v -2.1973882 5.3988822 -1.2002137
v -2.1973886 5.8988841 0.39978623
v -2.1973882 4.602217 -1.6002135
v -2.1973886 5.6988834 -0.80021381
v -2.1973886 5.0988834 1.3997867
v -2.1973886 5.3988822 1.1997864
v -2.1973886 4.6022165 1.5997865
v -2.1973886 5.0988834 -1.4002135
v -1.9999595 4.5988834 2.3997858
v -1.9999604 5.098883 5.399786
v -1.9999604 5.8988832 4.4014788
v -1.9999595 4.1988814 2.2997859
v -1.9999604 5.8988836 3.599786
v -1.9999609 4.598883 5.5997858
v -1.9999604 5.6988834 4.7997856
v -1.9999604 5.6988834 3.1997859
v -1.9999604 5.3988822 2.7997859
v -1.9999609 4.1988814 5.6997852
v -1.9999604 5.3988817 5.1997852
v -1.9999604 5.0988834 2.599786
v -1.9999604 5.9988831 3.9997857
v 1.7000394 4.1988814 5.9997864
v 0.40003967 5.8988836 5.9997854
v -1.5999603 4.598883 5.9997854
v -0.79996061 5.6988829 5.9997854
v 0.80004001 5.6988829 5.9997864
v 1.2000399 5.3988817 5.9997864
v -1.6999607 4.198881 5.9997854
v -1.1999602 5.3988817 5.9997854
v 3.9577484e-05 5.9988831 5.9997854
v 1.4000394 5.098883 5.9997864
v 1.6000395 4.598883 5.9997864
v -1.399961 5.098883 5.9997854
v -0.39996052 5.8988832 5.9997854
v 2.0000396 5.6988834 4.7997866
v 2.0000396 5.3988817 5.1997862
v 2.0000401 4.1988814 2.2997863
v 2.0000401 5.3988822 2.7997863
v 2.0000396 5.098883 5.399786
v 2.0000398 5.9988831 3.9997857
v 2.0000396 4.6022161 5.5997858
v 2.0000401 5.0988834 2.5997865
v 2.0000398 5.8988832 3.5997865
v 2.0000396 4.1988814 5.6997862
v 2.0000398 5.8988836 4.399786
v 2.0000401 4.6022165 2.3997867
v 2.0000401 5.6988834 3.1997864
v -0.79995966 5.6988834 1.9997857
v -1.1999598 5.3988822 1.9997857
v 1.7000401 4.1988819 1.9997866
v 1.202122 5.3988822 1.9997866
v -1.3999596 5.0988834 1.9997857
v -1.5999594 4.5988834 1.9997857
v 1.4000401 5.0988834 1.9997866
v 0.40004039 5.8988836 1.9997857
v -1.6999598 4.1988819 1.9997857
v -0.39995956 5.8988841 1.9997857
v 1.60004 4.5988834 1.9997866
v 0.80004025 5.6988834 1.9997866
v 4.029274e-05 5.9988835 1.9997857
v -0.099960327 5.9988831 3.9997857
v 4.0054321e-05 5.9988831 3.8997858
v 0.10003972 5.9988831 3.9997857
v 3.9815903e-05 5.9988831 4.0997858
v 0.40003967 5.8988832 4.4997854
v 0.50003982 5.8988832 4.399786
v 0.80003977 5.6988834 4.899786
v 0.90003967 5.6988834 4.7997866
v 1.2000396 5.3988817 5.2997866
v 1.3000398 5.3988817 5.1997862
v 1.4000397 5.098883 5.4997864
v 1.5000396 5.098883 5.399786
v 1.6000392 4.602217 5.6997862
v 1.7000394 4.602217 5.5997858
v 1.8000395 4.1988814 5.6997862
v 0.51983809 5.8988841 3.599786
v 0.40003967 5.8988841 3.4997857
v 0.90004015 5.6988834 3.1997864
v 0.80004001 5.6988834 3.0997865
v 1.3000398 5.3988822 2.7997863
v 1.202122 5.3988822 2.6997864
v 1.5000398 5.0988834 2.5997865
v 1.4000401 5.0988834 2.4997866
v 1.7000401 4.602217 2.3997867
v 1.60004 4.602217 2.2997863
v 1.7000401 4.1988819 2.1997864
v 1.80004 4.1988814 2.2997863
v -0.49996042 5.8988836 4.4014797
v -0.39996004 5.8988836 4.4997854
v -0.89996004 5.6988834 4.7997856
v -0.79996014 5.6988834 4.899786
v -1.2999601 5.3988817 5.1997852
v -1.1999602 5.3988817 5.2997856
v -1.4999604 5.098883 5.399786
v -1.399961 5.098883 5.4997854
v -1.6999602 4.602217 5.5997849
v -1.5999603 4.6022161 5.6997852
v -0.39996004 5.8988832 3.4997857
v -0.49995995 5.8988832 3.599786
v -0.79996014 5.6988834 3.099786
v -0.89996004 5.6988834 3.1997859
v -1.1999598 5.3988832 2.6997859
v -1.314939 5.3988822 2.7997859
v -1.39996 5.0988834 2.4997857
v -1.4999604 5.0988834 2.599786
v -1.5999594 4.6022165 2.2997859
v -1.6999598 4.6022165 2.3997858
v -1.6999598 4.1988819 2.1997859
v 1.7248476 4.1988814 5.6231346
v 1.6233881 4.1988814 5.7245941
v -1.7247686 4.1988814 5.6231337
v 1.724848 4.1988814 2.3764374
v -1.6233087 4.1988814 2.2749774
v 0.00027942657 5.8992375 3.9081924
v 1.8119812e-05 5.8992265 4.0915108
v -0.091721535 5.8992231 3.999778
v 0.0919981 5.8992079 3.9999959
v 1.535691 4.5607613 5.635437
v 1.6356909 4.5607613 5.5354376
v 1.3431892 5.0394185 5.4429359
v 1.4431889 5.0394185 5.3429356
v 1.1571777 5.3193477 5.2569246
v 1.2571778 5.3193477 5.1569242
v 0.77161241 5.6073206 4.8713589
v 0.87161231 5.6073206 4.7713585
v 0.38203907 5.8021777 4.4817848
v 0.48203897 5.8021777 4.3817854
v -1.6233091 4.198881 5.7245932
v -1.635612 4.5607613 5.5354366
v -1.5356121 4.5607603 5.635437
v -1.4431095 5.0394185 5.3429346
v -1.3431101 5.0394185 5.442935
v -1.2570982 5.3193477 5.1569233
v -1.1570983 5.3193477 5.2569237
v -0.87156916 5.6073292 4.7712936
v -0.77157211 5.6073273 4.8712969
v -0.4820013 5.8021911 4.3833666
v -0.38206005 5.8021691 4.4817324
v 1.6356916 4.5607613 2.4641345
v 1.5356915 4.5607617 2.3641346
v 1.6233888 4.1988814 2.2749779
v 1.4430261 5.0394719 2.6565282
v 1.3430207 5.0394829 2.5565345
v 1.2569818 5.3193191 2.8423965
v 1.1589613 5.3194283 2.7424977
v 0.87202549 5.6073659 3.2287633
v 0.77198911 5.6073855 3.1287901
v 0.50231934 5.8023313 3.6190388
v 0.38313937 5.8020881 3.5183594
v -1.5356116 4.5607608 2.3641346
v -1.6356115 4.5607608 2.464134
v -1.7247682 4.1988814 2.3764369
v -1.3438659 5.0397914 2.5577648
v -1.4439135 5.0397151 2.6577327
v -1.1588316 5.3191703 2.7439935
v -1.2731934 5.3198646 2.8446577
v -0.77224922 5.6072496 3.1286867
v -0.87222815 5.6072648 3.2287142
v -0.38195896 5.8021777 3.5177867
v -0.48195934 5.8021777 3.6177871
v -0.0011034012 5.8018115 4.0903912
v -0.091730118 5.8018115 3.9997723
v -0.045865536 5.7374704 4.0456343
v 0.00027108192 5.8018115 3.9081862
v -0.045706272 5.7374757 3.9539459
v 0.091989756 5.8018115 3.9999897
v 0.046000242 5.7374623 4.0457373
v 0.046137094 5.7374681 3.9540961
v -0.045707226 5.7374757 3.9545534
v 4.7683716e-07 5.7000006 4
v -0.046033382 5.7379373 3.954272
v -1.9999595 3.998884 2.2997859
v -1.9999609 3.9988835 5.6997852
v 1.7000394 3.9988833 5.9997864
v -1.6999607 3.9988833 5.9997854
v 2.0000401 3.998884 2.2997863
v 2.0000396 3.9988835 5.6997862
v 1.7000401 3.998884 1.9997866
v -1.6999598 3.998884 1.9997857
v 1.8000395 3.9988835 5.6997862
v 1.7000391 3.9988833 5.7997866
v 1.7000401 3.998884 2.1997864
v 1.80004 3.998884 2.2997863
v -1.6999598 3.998884 2.1997859
v 1.7248476 3.9988835 5.6231346
v 1.6233881 3.9988835 5.7245941
v -1.7247686 3.9988835 5.6231337
v 1.724848 3.998884 2.3764374
v -1.6233087 3.998884 2.2749774
v -1.6233091 3.9988835 5.7245932
v 1.6233888 3.998884 2.2749779
v -1.7247682 3.998884 2.3764369
v 3.9339066e-05 5.9988831 5.7968941
v -1.6999607 4.198881 5.7997847
v -1.399961 5.098883 5.7968941
v 1.6000392 4.6011375 5.7968941
v 1.2000396 5.3988817 5.7968941
v -1.1999602 5.3988817 5.7968941
v -1.6999607 3.9988833 5.7997856
v 1.6970913 4.1988814 5.7968941
v -0.79996014 5.6988829 5.7968931
v 0.80003977 5.6988829 5.7968941
v -0.39996052 5.8988832 5.7968941
v 1.4000394 5.098883 5.7968941
v -1.5999603 4.6011375 5.7968931
v 0.40003943 5.8988836 5.7968941
v -1.7999606 4.1988814 5.6997852
v -1.7843308 5.098883 5.399786
v -1.7843308 5.3988817 5.1997852
v -1.7843308 5.8988832 4.4014788
v -1.7843308 5.8988841 3.599786
v -1.7843304 5.0988834 2.599786
v -1.7843304 5.6988834 3.1997859
v -1.7999597 3.998884 2.2997859
v -1.7843308 4.6012796 5.5997849
v -1.7999606 3.9988835 5.6997852
v -1.7999597 4.198881 2.2997859
v -1.7843308 5.6988834 4.7997856
v -1.7843304 4.6012791 2.3997858
v -1.7843304 5.3988822 2.7997859
v -1.7843304 5.9988831 3.9997857
v -1.3999596 5.0988834 2.1997859
v -1.5999594 4.6011055 2.1997855
v -1.1999598 5.3988827 2.1997859
v 0.40004039 5.8988832 2.1997864
v 1.202122 5.3988822 2.1997864
v -0.39995956 5.8988841 2.1997859
v 1.60004 4.601106 2.1997864
v -0.79995966 5.6988834 2.1997859
v 4.0054321e-05 5.9988835 2.1997864
v 0.80004025 5.6988834 2.1997864
v 1.4000401 5.0988834 2.1997864
v 1.8026114 5.6988834 4.7997866
v 1.8026118 5.8988832 3.5997865
v 1.8026118 5.9988831 3.9997857
v 1.8026118 5.3988822 2.7997863
v 1.8026114 5.8988836 4.399786
v 1.8026121 4.602217 2.3997867
v 1.8026116 5.6988834 3.1997864
v 1.8026114 5.098883 5.399786
v 1.8026116 5.3988817 5.1997862
v 1.8026114 4.6022165 5.5997858
v 1.8026118 5.0988834 2.5997865
v -1.9999595 4.5988839 -5.600214
v -1.9999604 5.0988834 -2.600214
v -1.9999604 5.8988836 -3.5985208
v -1.9999595 4.1988819 -5.7002144
v -1.9999604 5.8988841 -4.4002142
v -1.9999609 4.5988834 -2.4002142
v -1.9999604 5.6988834 -3.2002139
v -1.9999604 5.6988838 -4.8002138
v -1.9999604 5.3988827 -5.2002139
v -1.9999609 4.1988814 -2.3002143
v -1.9999604 5.3988822 -2.8002138
v -1.9999604 5.0988839 -5.4002142
v -1.9999604 5.9988835 -4.0002141
v 1.7000391 4.1988814 -2.0002136
v 0.40003943 5.8988841 -2.0002139
v -1.5999603 4.5988834 -2.0002141
v -0.79996061 5.6988834 -2.0002141
v 0.80003977 5.6988834 -2.0002136
v 1.2000396 5.3988822 -2.0002136
v -1.6999607 4.1988814 -2.0002141
v -1.1999602 5.3988822 -2.0002139
v 3.9339066e-05 5.9988835 -2.0002139
v 1.4000392 5.0988834 -2.0002136
v 1.6000392 4.5988834 -2.0002136
v -1.399961 5.0988834 -2.0002139
v -0.39996052 5.8988836 -2.0002139
v 2.0000396 5.6988834 -3.2002134
v 2.0000396 5.3988822 -2.8002133
v 2.0000401 4.1988819 -5.7002134
v 2.0000398 5.3988827 -5.2002134
v 2.0000396 5.0988834 -2.6002135
v 2.0000396 5.9988835 -4.0002136
v 2.0000396 4.6022165 -2.4002137
v 2.0000398 5.0988839 -5.4002132
v 2.0000396 5.8988836 -4.4002137
v 2.0000393 4.1988814 -2.3002138
v 2.0000396 5.8988841 -3.6002135
v 2.0000401 4.602217 -5.6002131
v 2.0000398 5.6988838 -4.8002138
v -0.79995966 5.6988838 -6.0002136
v -1.1999598 5.3988827 -6.0002136
v 1.7000401 4.1988824 -6.0002136
v 1.202122 5.3988827 -6.0002136
v -1.3999596 5.0988839 -6.0002136
v -1.5999594 4.5988839 -6.0002141
v 1.4000401 5.0988839 -6.0002136
v 0.40004039 5.8988836 -6.0002136
v -1.6999598 4.1988824 -6.0002141
v -0.39995956 5.8988846 -6.0002136
v 1.60004 4.5988839 -6.0002136
v 0.80004025 5.6988838 -6.0002136
v 4.029274e-05 5.9988835 -6.0002136
v -0.099960327 5.9988835 -4.0002136
v 4.0054321e-05 5.9988835 -4.100214
v 0.10003972 5.9988835 -4.0002136
v 3.9815903e-05 5.9988835 -3.9002137
v 0.40003967 5.8988836 -3.5002139
v 0.50003982 5.8988836 -3.6002138
v 0.80003977 5.6988834 -3.1002135
v 0.90003967 5.6988834 -3.2002137
v 1.2000396 5.3988822 -2.7002137
v 1.3000398 5.3988822 -2.8002136
v 1.4000397 5.0988834 -2.5002136
v 1.5000396 5.0988834 -2.6002135
v 1.6000392 4.602217 -2.3002136
v 1.7000394 4.602217 -2.4002137
v 1.8000395 4.1988814 -2.3002138
v 0.51983809 5.8988841 -4.4002137
v 0.40003967 5.8988841 -4.5002136
v 0.90004015 5.6988838 -4.8002133
v 0.80004001 5.6988838 -4.9002137
v 1.3000398 5.3988827 -5.2002134
v 1.202122 5.3988827 -5.3002138
v 1.5000398 5.0988839 -5.4002132
v 1.4000401 5.0988839 -5.5002136
v 1.7000401 4.6022175 -5.6002131
v 1.60004 4.6022175 -5.7002134
v 1.7000401 4.1988824 -5.8002138
v 1.80004 4.1988819 -5.7002134
v -0.49996042 5.8988841 -3.5985205
v -0.39996004 5.8988841 -3.5002139
v -0.89996004 5.6988834 -3.2002139
v -0.79996014 5.6988834 -3.100214
v -1.2999601 5.3988822 -2.8002138
v -1.1999602 5.3988822 -2.7002139
v -1.4999604 5.0988834 -2.600214
v -1.399961 5.0988834 -2.5002139
v -1.6999602 4.602217 -2.4002142
v -1.5999603 4.6022165 -2.3002141
v -0.39996004 5.8988836 -4.5002141
v -0.49995995 5.8988836 -4.4002137
v -0.79996014 5.6988838 -4.9002137
v -0.89996004 5.6988838 -4.8002138
v -1.1999598 5.3988836 -5.3002138
v -1.314939 5.3988827 -5.2002139
v -1.39996 5.0988839 -5.5002136
v -1.4999604 5.0988839 -5.4002142
v -1.5999594 4.602217 -5.7002139
v -1.6999598 4.602217 -5.600214
v -1.6999598 4.1988824 -5.8002138
v 1.7248476 4.1988814 -2.3768649
v 1.6233881 4.1988814 -2.2754056
v -1.7247686 4.1988814 -2.3768654
v 1.724848 4.1988819 -5.6235623
v -1.6233087 4.1988819 -5.7250223
v 0.00027942657 5.8992375 -4.0918078
v 1.8119812e-05 5.8992265 -3.908489
v -0.091721535 5.8992236 -4.0002217
v 0.0919981 5.8992084 -4.0000043
v 1.535691 4.5607617 -2.364562
v 1.6356909 4.5607617 -2.4645619
v 1.3431892 5.039419 -2.5570643
v 1.4431889 5.039419 -2.6570642
v 1.1571777 5.3193482 -2.7430756
v 1.2571778 5.3193482 -2.8430753
v 0.77161241 5.6073211 -3.1286411
v 0.87161231 5.6073211 -3.228641
v 0.38203907 5.8021782 -3.5182147
v 0.48203897 5.8021782 -3.6182146
v -1.6233091 4.1988814 -2.2754061
v -1.635612 4.5607617 -2.4645624
v -1.5356121 4.5607608 -2.3645625
v -1.4431095 5.039419 -2.6570647
v -1.3431101 5.039419 -2.5570645
v -1.2570982 5.3193482 -2.8430758
v -1.1570983 5.3193482 -2.7430758
v -0.87156916 5.6073297 -3.2287056
v -0.77157211 5.6073278 -3.1287026
v -0.4820013 5.8021916 -3.6166327
v -0.38206005 5.8021696 -3.5182667
v 1.6356916 4.5607617 -5.5358648
v 1.5356915 4.5607617 -5.6358652
v 1.6233888 4.1988819 -5.7250218
v 1.4430261 5.0394719 -5.3434715
v 1.3430207 5.0394834 -5.4434652
v 1.2569818 5.3193195 -5.1576037
v 1.1589613 5.3194287 -5.2575026
v 0.87202549 5.6073664 -4.7712364
v 0.77198911 5.6073859 -4.8712091
v 0.50231934 5.8023313 -4.3809609
v 0.38313937 5.8020886 -4.4816403
v -1.5356116 4.5607613 -5.6358652
v -1.6356115 4.5607613 -5.5358658
v -1.7247682 4.1988819 -5.6235628
v -1.3438659 5.0397919 -5.442235
v -1.4439135 5.0397156 -5.342267
v -1.1588316 5.3191708 -5.2560062
v -1.2731934 5.319865 -5.1553421
v -0.77224922 5.6072496 -4.8713131
v -0.87222815 5.6072648 -4.7712855
v -0.38195896 5.8021782 -4.482213
v -0.48195934 5.8021782 -4.3822131
v -0.0011034012 5.801812 -3.9096081
v -0.091730118 5.801812 -4.0002275
v -0.045865536 5.7374704 -3.9543653
v 0.00027108192 5.801812 -4.091814
v -0.045706272 5.7374762 -4.0460534
v 0.091989756 5.801812 -4.0000105
v 0.046000242 5.7374628 -3.9542625
v 0.046137094 5.7374681 -4.0459037
v -0.045707226 5.7374762 -4.0454464
v 4.7683716e-07 5.7000011 -3.9999998
v -0.046033382 5.7379377 -4.0457277
v -1.9999595 3.9988845 -5.7002144
v -1.9999609 3.998884 -2.3002143
v 1.7000391 3.9988835 -2.0002136
v -1.6999607 3.9988835 -2.0002141
v 2.0000401 3.9988843 -5.7002134
v 2.0000393 3.998884 -2.3002138
v 1.7000401 3.9988845 -6.0002136
v -1.6999598 3.9988845 -6.0002141
v 1.8000395 3.998884 -2.3002138
v 1.7000391 3.9988835 -2.2002139
v 1.7000401 3.9988845 -5.8002138
v 1.80004 3.9988843 -5.7002134
v -1.6999598 3.9988845 -5.8002138
v 1.7248476 3.998884 -2.3768649
v 1.6233881 3.998884 -2.2754056
v -1.7247686 3.998884 -2.3768654
v 1.724848 3.9988843 -5.6235623
v -1.6233087 3.9988845 -5.7250223
v -1.6233091 3.998884 -2.2754061
v 1.6233888 3.9988845 -5.7250218
v -1.7247682 3.9988845 -5.6235628
v 3.9339066e-05 5.9988835 -2.2031059
v -1.6999607 4.1988814 -2.2002144
v -1.399961 5.0988834 -2.2031059
v 1.6000392 4.6011379 -2.2031054
v 1.2000396 5.3988822 -2.2031054
v -1.1999602 5.3988822 -2.2031059
v -1.6999607 3.9988835 -2.2002141
v 1.6970913 4.1988814 -2.2031054
v -0.79996014 5.6988834 -2.2031062
v 0.80003977 5.6988834 -2.2031059
v -0.39996052 5.8988836 -2.2031059
v 1.4000394 5.0988834 -2.2031057
v -1.5999603 4.6011375 -2.2031059
v 0.40003943 5.8988841 -2.2031059
v -1.7999606 4.1988814 -2.3002143
v -1.7843308 5.0988834 -2.600214
v -1.7843308 5.3988822 -2.8002138
v -1.7843308 5.8988836 -3.5985208
v -1.7843308 5.8988841 -4.4002142
v -1.7843304 5.0988839 -5.4002142
v -1.7843304 5.6988838 -4.8002138
v -1.7999597 3.9988845 -5.7002144
v -1.7843308 4.6012796 -2.4002142
v -1.7999606 3.998884 -2.3002143
v -1.7999597 4.1988814 -5.7002144
v -1.7843308 5.6988834 -3.2002139
v -1.7843304 4.6012796 -5.600214
v -1.7843304 5.3988827 -5.2002139
v -1.7843304 5.9988835 -4.0002141
v -1.3999596 5.0988839 -5.8002138
v -1.5999594 4.601106 -5.8002143
v -1.1999598 5.3988827 -5.8002138
v 0.40004039 5.8988836 -5.8002133
v 1.202122 5.3988827 -5.8002133
v -0.39995956 5.8988841 -5.8002138
v 1.60004 4.6011065 -5.8002129
v -0.79995966 5.6988838 -5.8002138
v 4.0054321e-05 5.9988835 -5.8002138
v 0.80004025 5.6988838 -5.8002133
v 1.4000401 5.0988839 -5.8002133
v 1.8026114 5.6988834 -3.2002134
v 1.8026118 5.8988836 -4.4002137
v 1.8026118 5.9988835 -4.0002136
v 1.8026118 5.3988827 -5.2002134
v 1.8026114 5.8988841 -3.6002135
v 1.8026121 4.602217 -5.6002131
v 1.8026116 5.6988838 -4.8002138
v 1.8026114 5.0988834 -2.6002135
v 1.8026116 5.3988822 -2.8002133
v 1.8026114 4.602217 -2.4002137
v 1.8026118 5.0988839 -5.4002132
v 1.6536877 3.4000002 2.3463123
v 1.6536877 3.4000002 1.6536877
v 2.3463123 3.4000002 1.6536877
v 2.3463123 3.4000002 2.3463123
v 1.6536877 0.6000002 1.6536877
v 2.3463123 0.6000002 1.6536877
v 2.3463123 0.6000002 2.3463123
v 1.6536877 0.6000002 2.3463123
v 1.6 2.0981464e-07 1.6
v 1.6 2.0981464e-07 2.4000001
v 1.6 3.5000003 2.4000001
v 1.6 4.0000003 2.4000001
v 1.6 4.0000003 1.6
v 1.6 0.50000021 1.6
v 2.4000001 2.0981464e-07 1.6
v 2.4000001 4.0000003 1.6
v 2.4000001 0.50000021 1.6
v 2.4000001 2.0981464e-07 2.4000001
v 2.4000001 4.0000003 2.4000001
v 2.4000001 0.50000021 2.4000001
v 1.6 3.5000003 1.6
v 2.4000001 3.5000003 1.6
v 2.4000001 3.5000003 2.4000001
v 1.6 0.50000021 2.4000001
v -1.653688 3.4000002 2.3463125
v -2.3463125 3.4000002 2.3463123
v -2.3463123 3.4000002 1.6536878
v -1.6536878 3.4000002 1.653688
v -2.3463123 0.60000014 2.3463123
v -2.3463123 0.6000002 1.6536877
v -1.6536877 0.60000026 1.6536878
v -1.6536878 0.6000002 2.3463123
v -2.4000001 1.7484554e-07 2.3999999
v -1.6 2.0981464e-07 2.4000001
v -1.6000001 3.5000003 2.4000001
v -1.6000003 4.0000003 2.4000001
v -2.4000001 4.0000003 2.4000001
v -2.4000001 0.50000018 2.4000001
v -2.3999999 2.0981464e-07 1.6
v -2.4000001 4.0000003 1.6000001
v -2.4000001 0.50000021 1.6
v -1.6 2.4478375e-07 1.6
v -1.6000001 4.0000003 1.6000003
v -1.6 0.50000027 1.6000001
v -2.4000001 3.5000003 2.4000001
v -2.4000001 3.5000003 1.6000001
v -1.6000001 3.5000003 1.6000001
v -1.6000001 0.50000021 2.4000001
v -1.6536877 3.4000002 -2.3463118
v -1.6536878 3.4000002 -1.6536874
v -2.3463123 3.4000002 -1.6536875
v -2.3463123 3.4000002 -2.346312
v -1.6536878 0.60000026 -1.6536876
v -2.3463123 0.60000026 -1.6536877
v -2.3463123 0.60000038 -2.3463123
v -1.6536877 0.60000038 -2.346312
v -1.6000001 3.4969108e-07 -1.5999999
v -1.5999999 4.196293e-07 -2.3999999
v -1.5999999 3.5000003 -2.3999996
v -1.5999999 4.0000003 -2.3999996
v -1.6000001 4.0000003 -1.5999997
v -1.6000001 0.50000036 -1.5999999
v -2.4000001 3.4969109e-07 -1.6000001
v -2.4000001 4.0000003 -1.5999997
v -2.4000001 0.50000036 -1.6
v -2.3999999 4.1962932e-07 -2.4000001
v -2.3999999 4.0000003 -2.3999996
v -2.3999999 0.50000042 -2.4000001
v -1.6000001 3.5000003 -1.5999997
v -2.4000001 3.5000003 -1.5999998
v -2.3999999 3.5000003 -2.3999996
v -1.5999999 0.50000042 -2.3999999
v 1.6536877 3.4000002 -1.6536877
v 1.6536877 3.4000002 -2.3463123
v 2.3463123 3.4000002 -2.3463123
v 2.3463123 3.4000002 -1.6536877
v 1.6536877 0.60000032 -2.3463123
v 2.3463123 0.60000032 -2.3463123
v 2.3463123 0.60000032 -1.6536877
v 1.6536877 0.60000032 -1.6536877
v 1.6 3.846602e-07 -2.4000001
v 1.6 3.846602e-07 -1.6
v 1.6 3.5000003 -1.6
v 1.6 4.0000003 -1.6
v 1.6 4.0000003 -2.4000001
v 1.6 0.50000036 -2.4000001
v 2.4000001 3.846602e-07 -2.4000001
v 2.4000001 4.0000003 -2.4000001
v 2.4000001 0.50000036 -2.4000001
v 2.4000001 3.846602e-07 -1.6
v 2.4000001 4.0000003 -1.6
v 2.4000001 0.50000036 -1.6
v 1.6 3.5000003 -2.4000001
v 2.4000001 3.5000003 -2.4000001
v 2.4000001 3.5000003 -1.6
v 1.6 0.50000036 -1.6
v 5.653688 3.4000002 2.3463123
v 5.653688 3.4000002 1.6536877
v 6.346312 3.4000002 1.6536877
v 6.346312 3.4000002 2.3463123
v 5.653688 0.6000002 1.6536877
v 6.346312 0.6000002 1.6536877
v 6.346312 0.6000002 2.3463123
v 5.653688 0.6000002 2.3463123
v 5.5999999 2.0981464e-07 1.6
v 5.5999999 2.0981464e-07 2.4000001
v 5.5999999 3.5000003 2.4000001
v 5.5999999 4.0000003 2.4000001
v 5.5999999 4.0000003 1.6
v 5.5999999 0.50000021 1.6
v 6.4000001 2.0981464e-07 1.6
v 6.4000001 4.0000003 1.6
v 6.4000001 0.50000021 1.6
v 6.4000001 2.0981464e-07 2.4000001
v 6.4000001 4.0000003 2.4000001
v 6.4000001 0.50000021 2.4000001
v 5.5999999 3.5000003 1.6
v 6.4000001 3.5000003 1.6
v 6.4000001 3.5000003 2.4000001
v 5.5999999 0.50000021 2.4000001
v -6.346312 3.3999999 6.346312
v -6.346312 3.3999999 5.653688
v -5.653688 3.3999999 5.653688
v -5.653688 3.3999999 6.346312
v -6.346312 0.60000002 5.653688
v -5.653688 0.60000002 5.653688
v -5.653688 0.60000002 6.346312
v -6.346312 0.60000002 6.346312
v -6.4000001 3.4969105e-08 5.5999999
v -6.4000001 3.4969105e-08 6.4000001
v -6.4000001 3.5000001 6.4000001
v -6.4000001 4.0000001 6.4000001
v -6.4000001 4.0000001 5.5999999
v -6.4000001 0.50000003 5.5999999
v -5.5999999 3.4969105e-08 5.5999999
v -5.5999999 4.0000001 5.5999999
v -5.5999999 0.50000003 5.5999999
v -5.5999999 3.4969105e-08 6.4000001
v -5.5999999 4.0000001 6.4000001
v -5.5999999 0.50000003 6.4000001
v -6.4000001 3.5000001 5.5999999
v -5.5999999 3.5000001 5.5999999
v -5.5999999 3.5000001 6.4000001
v -6.4000001 0.50000003 6.4000001
v -6.346312 3.4000002 -1.6536877
v -6.346312 3.4000002 -2.3463123
v -5.653688 3.4000002 -2.3463123
v -5.653688 3.4000002 -1.6536877
v -6.346312 0.60000032 -2.3463123
v -5.653688 0.60000032 -2.3463123
v -5.653688 0.60000032 -1.6536877
v -6.346312 0.60000032 -1.6536877
v -6.4000001 3.846602e-07 -2.4000001
v -6.4000001 3.846602e-07 -1.6
v -6.4000001 3.5000003 -1.6
v -6.4000001 4.0000003 -1.6
v -6.4000001 4.0000003 -2.4000001
v -6.4000001 0.50000036 -2.4000001
v -5.5999999 3.846602e-07 -2.4000001
v -5.5999999 4.0000003 -2.4000001
v -5.5999999 0.50000036 -2.4000001
v -5.5999999 3.846602e-07 -1.6
v -5.5999999 4.0000003 -1.6
v -5.5999999 0.50000036 -1.6
v -6.4000001 3.5000003 -2.4000001
v -5.5999999 3.5000003 -2.4000001
v -5.5999999 3.5000003 -1.6
v -6.4000001 0.50000036 -1.6
v 5.653688 3.3999999 6.346312
v 5.653688 3.3999999 5.653688
v 6.346312 3.3999999 5.653688
v 6.346312 3.3999999 6.346312
v 5.653688 0.60000002 5.653688
v 6.346312 0.60000002 5.653688
v 6.346312 0.60000002 6.346312
v 5.653688 0.60000002 6.346312
v 5.5999999 3.4969105e-08 5.5999999
v 5.5999999 3.4969105e-08 6.4000001
v 5.5999999 3.5000001 6.4000001
v 5.5999999 4.0000001 6.4000001
v 5.5999999 4.0000001 5.5999999
v 5.5999999 0.50000003 5.5999999
v 6.4000001 3.4969105e-08 5.5999999
v 6.4000001 4.0000001 5.5999999
v 6.4000001 0.50000003 5.5999999
v 6.4000001 3.4969105e-08 6.4000001
v 6.4000001 4.0000001 6.4000001
v 6.4000001 0.50000003 6.4000001
v 5.5999999 3.5000001 5.5999999
v 6.4000001 3.5000001 5.5999999
v 6.4000001 3.5000001 6.4000001
v 5.5999999 0.50000003 6.4000001
v 5.653688 3.4000002 -1.6536877
v 5.653688 3.4000002 -2.3463123
v 6.346312 3.4000002 -2.3463123
v 6.346312 3.4000002 -1.6536877
v 5.653688 0.60000032 -2.3463123
v 6.346312 0.60000032 -2.3463123
v 6.346312 0.60000032 -1.6536877
v 5.653688 0.60000032 -1.6536877
v 5.5999999 3.846602e-07 -2.4000001
v 5.5999999 3.846602e-07 -1.6
v 5.5999999 3.5000003 -1.6
v 5.5999999 4.0000003 -1.6
v 5.5999999 4.0000003 -2.4000001
v 5.5999999 0.50000036 -2.4000001
v 6.4000001 3.846602e-07 -2.4000001
v 6.4000001 4.0000003 -2.4000001
v 6.4000001 0.50000036 -2.4000001
v 6.4000001 3.846602e-07 -1.6
v 6.4000001 4.0000003 -1.6
v 6.4000001 0.50000036 -1.6
v 5.5999999 3.5000003 -2.4000001
v 6.4000001 3.5000003 -2.4000001
v 6.4000001 3.5000003 -1.6
v 5.5999999 0.50000036 -1.6
v -6.346312 3.4000004 -5.653688
v -6.346312 3.4000004 -6.346312
v -5.653688 3.4000004 -6.346312
v -5.653688 3.4000004 -5.653688
v -6.346312 0.6000005 -6.346312
v -5.653688 0.6000005 -6.346312
v -5.653688 0.6000005 -5.653688
v -6.346312 0.6000005 -5.653688
v -6.4000001 5.5950574e-07 -6.4000001
v -6.4000001 5.5950574e-07 -5.5999999
v -6.4000001 3.5000005 -5.5999999
v -6.4000001 4.0000008 -5.5999999
v -6.4000001 4.0000008 -6.4000001
v -6.4000001 0.50000054 -6.4000001
v -5.5999999 5.5950574e-07 -6.4000001
v -5.5999999 4.0000008 -6.4000001
v -5.5999999 0.50000054 -6.4000001
v -5.5999999 5.5950574e-07 -5.5999999
v -5.5999999 4.0000008 -5.5999999
v -5.5999999 0.50000054 -5.5999999
v -6.4000001 3.5000005 -6.4000001
v -5.5999999 3.5000005 -6.4000001
v -5.5999999 3.5000005 -5.5999999
v -6.4000001 0.50000054 -5.5999999
v 2.346312 3.4000004 -5.6536875
v 1.6536876 3.4000004 -5.6536875
v 1.6536876 3.4000004 -6.346312
v 2.346312 3.4000004 -6.346312
v 1.6536877 0.60000044 -5.653688
v 1.6536877 0.6000005 -6.346312
v 2.3463123 0.60000056 -6.346312
v 2.3463123 0.6000005 -5.6536875
v 1.6 5.2453663e-07 -5.5999999
v 2.3999999 5.5950574e-07 -5.5999999
v 2.3999999 3.5000005 -5.5999999
v 2.3999999 4.0000008 -5.5999999
v 1.5999998 4.0000008 -5.5999999
v 1.5999999 0.50000054 -5.5999999
v 1.6 5.5950574e-07 -6.4000001
v 1.5999999 4.0000008 -6.3999996
v 1.6 0.50000054 -6.4000001
v 2.4000001 5.9447484e-07 -6.4000001
v 2.3999999 4.0000008 -6.3999996
v 2.4000001 0.5000006 -6.4000001
v 1.5999999 3.5000005 -5.5999999
v 1.5999999 3.5000005 -6.3999996
v 2.3999999 3.5000005 -6.3999996
v 2.3999999 0.50000054 -5.5999999
v 2.346312 3.3999999 6.3463125
v 1.6536876 3.3999999 6.3463125
v 1.6536876 3.3999999 5.653688
v 2.346312 3.3999999 5.653688
v 1.6536877 0.59999996 6.346312
v 1.6536877 0.60000002 5.653688
v 2.3463123 0.60000008 5.653688
v 2.3463123 0.60000002 6.3463125
v 1.6 0 6.4000001
v 2.3999999 3.4969105e-08 6.4000001
v 2.3999999 3.5000001 6.4000001
v 2.3999999 4.0000001 6.4000001
v 1.5999998 4.0000001 6.4000001
v 1.5999999 0.5 6.4000001
v 1.6 3.4969105e-08 5.5999999
v 1.5999999 4.0000001 5.6000004
v 1.6 0.50000003 5.5999999
v 2.4000001 6.993821e-08 5.5999999
v 2.3999999 4.0000001 5.6000004
v 2.4000001 0.50000009 5.5999999
v 1.5999999 3.5000001 6.4000001
v 1.5999999 3.5000001 5.6000004
v 2.3999999 3.5000001 5.6000004
v 2.3999999 0.50000003 6.4000001
v -1.6536877 3.3999999 5.653688
v -1.6536878 3.3999999 6.3463125
v -2.3463123 3.3999999 6.3463125
v -2.3463123 3.3999999 5.653688
v -1.6536878 0.59999996 6.3463125
v -2.3463123 0.59999996 6.346312
v -2.3463123 0.60000008 5.653688
v -1.6536877 0.60000008 5.653688
v -1.6000001 0 6.4000001
v -1.5999999 6.993821e-08 5.5999999
v -1.5999999 3.5000001 5.6000004
v -1.5999999 4.0000001 5.6000004
v -1.6000001 4.0000001 6.4000006
v -1.6000001 0.5 6.4000001
v -2.4000001 0 6.4000001
v -2.4000001 4.0000001 6.4000001
v -2.4000001 0.5 6.4000001
v -2.3999999 6.993821e-08 5.5999999
v -2.3999999 4.0000001 5.6000004
v -2.3999999 0.50000009 5.5999999
v -1.6000001 3.5000001 6.4000006
v -2.4000001 3.5000001 6.4000001
v -2.3999999 3.5000001 5.6000004
v -1.5999999 0.50000009 5.5999999
v -5.6536875 3.4000002 1.6536881
v -5.653688 3.4000002 2.3463125
v -6.3463125 3.4000002 2.3463125
v -6.346312 3.4000002 1.653688
v -5.653688 0.60000014 2.3463123
v -6.3463125 0.60000014 2.3463123
v -6.346312 0.60000026 1.6536877
v -5.6536875 0.60000026 1.6536878
v -5.5999999 1.7484552e-07 2.4000001
v -5.5999999 2.4478375e-07 1.6000001
v -5.5999999 3.5000003 1.6000004
v -5.5999999 4.0000003 1.6000004
v -5.5999999 4.0000003 2.4000003
v -5.5999999 0.50000018 2.4000001
v -6.4000001 1.7484554e-07 2.3999999
v -6.4000001 4.0000003 2.4000003
v -6.4000001 0.50000018 2.3999999
v -6.4000001 2.4478376e-07 1.5999999
v -6.4000001 4.0000003 1.6000004
v -6.4000001 0.50000027 1.6
v -5.5999999 3.5000003 2.4000003
v -6.4000001 3.5000003 2.4000001
v -6.4000001 3.5000003 1.6000003
v -5.5999999 0.50000027 1.6000001
v -1.6536877 3.4000004 -6.346312
v -1.6536878 3.4000004 -5.6536875
v -2.3463123 3.4000004 -5.6536875
v -2.3463123 3.4000004 -6.346312
v -1.6536878 0.60000044 -5.6536875
v -2.3463123 0.60000044 -5.653688
v -2.3463123 0.60000056 -6.346312
v -1.6536877 0.60000056 -6.346312
v -1.6000001 5.2453663e-07 -5.5999999
v -1.5999999 5.9447484e-07 -6.4000001
v -1.5999999 3.5000005 -6.3999996
v -1.5999999 4.0000008 -6.3999996
v -1.6000001 4.0000008 -5.5999994
v -1.6000001 0.50000054 -5.5999999
v -2.4000001 5.2453663e-07 -5.5999999
v -2.4000001 4.0000008 -5.5999999
v -2.4000001 0.50000054 -5.5999999
v -2.3999999 5.9447484e-07 -6.4000001
v -2.3999999 4.0000008 -6.3999996
v -2.3999999 0.5000006 -6.4000001
v -1.6000001 3.5000005 -5.5999994
v -2.4000001 3.5000005 -5.5999999
v -2.3999999 3.5000005 -6.3999996
v -1.5999999 0.5000006 -6.4000001
v 6.3463125 3.4000004 -6.346312
v 6.346312 3.4000004 -5.6536875
v 5.6536875 3.4000004 -5.6536875
v 5.653688 3.4000004 -6.346312
v 6.346312 0.60000044 -5.6536875
v 5.6536875 0.60000044 -5.653688
v 5.653688 0.60000056 -6.346312
v 6.3463125 0.60000056 -6.346312
v 6.4000001 5.2453663e-07 -5.5999999
v 6.4000001 5.9447484e-07 -6.4000001
v 6.4000001 3.5000005 -6.3999996
v 6.4000001 4.0000008 -6.3999996
v 6.4000001 4.0000008 -5.5999994
v 6.4000001 0.50000054 -5.5999999
v 5.5999999 5.2453663e-07 -5.5999999
v 5.5999999 4.0000008 -5.5999999
v 5.5999999 0.50000054 -5.5999999
v 5.5999999 5.9447484e-07 -6.4000001
v 5.5999999 4.0000008 -6.3999996
v 5.5999999 0.5000006 -6.4000001
v 6.4000001 3.5000005 -5.5999994
v 5.5999999 3.5000005 -5.5999999
v 5.5999999 3.5000005 -6.3999996
v 6.4000001 0.5000006 -6.4000001
vt 0 0
vt 0.24637583 1
vt 0.26393265 0.079084158
vt 0.54125321 0.55111891
vt 0.92538261 0.91273218
vt -0.0003426075 0.81162339
vt 0.67908669 0.41587746
vt 0.40290177 0.028921127
vt 0.23517889 0.40624219
vt 1 0.50457662
vt 0.68883169 0.60337919
vt 0.21875 0.203125
vt 0.40412828 0.44980022
vt 0.21419853 0.203125
vt 0.26562184 0.44980022
vt 0.36075103 0.10614961
vt -0.064693928 0.44965619
vt 0.97269261 1.0393867
vt 0.26393265 0.92766833
vt 1.1270831 0.5004189
vt 0.8703686 0.44980022
vt 1 0.203125
vt 0.38965309 0.094890475
vt 0.80696833 0.44773307
vt 0.26393265 0.5034402
vt 1.0601245 0.44965625
vt 0.49826199 0
vt 0.26651913 0.50457662
vt 1.0601245 0.50180167
vt -0.51626837 0.5364421
vt 0.26393265 0.605129
vt 0.21875 0.203125
vt 0.21419853 0.203125
vt -4.5150518e-06 -8.9406967e-08
vt 0.12507126 0.44965622
vt -0.028612494 0.50041884
vt 1.0304229 0.5004189
vt 0.99634755 1.1376847
vt 0.46713853 0.50013566
vt -0.0042038113 0.50041884
vt 0 0.203125
vt 0.35014802 0.5004189
vt 0 0
vt 1 0.203125
vt 0.26651913 0.50457662
vt -0.028559923 0.50041884
vt 0.54161173 0.44965622
vt 0.72526586 0.45278448
vt 0.7764321 0.55111891
vt 0.86452794 0.53504556
vt 0.2435853 0.44773307
vt 0.78345227 0.30252582
vt 0.12507126 0.50180167
vt 0 0.203125
vt 1 0.203125
vt 0.23517889 0.40624219
vt 0 0
vt -0.11286631 0.5001356
vt -0.085013226 0.44773307
vt 0.99695611 1.0393867
vt 0.26393276 0.40175048
vt 0.99626094 0.50180167
vt 0.18206924 0.5004189
vt 0.055311039 0.53698963
vt 0.72526586 0.45278448
vt 5.9604645e-08 0.55111891
vt 0.90415406 0.5004189
vt 0.99695563 0.18425062
vt 0.28604126 0.60041702
vt 0.70228964 0.44980022
vt 0.055311039 0.50182837
vt 0.702411 0.5004189
vt 0.26393265 0.079084158
vt 0.19685084 0.70013511
vt 0.23517889 0.40624219
vt 0.67908669 0.41587746
vt 0.72526586 0.45278448
vt 0.99999154 0.44773307
vt 0.26562184 0.44980022
vt 0.53387576 0.70425111
vt 0.70832837 0.41028723
vt 0.99634731 -0.12599152
vt 1.0879757 0.44740811
vt 0.23517889 0.45278448
vt 0.99999154 0.41238776
vt 0.99999994 0.203125
vt 0.61431968 0.12989789
vt 1.1269412 0.44980025
vt 0.59759146 0.5004189
vt 0.055311039 0.44773307
vt 0.6667785 0.077495456
vt -0.51626837 0.41180003
vt -0.17218041 0.44980022
vt 0.50087911 0.5004189
vt 0.58455563 0.40175048
vt 0.23517889 0.45278448
vt -0.028612494 0.50041884
vt 0.042682454 0.50041884
vt 0.40421939 0.5004189
vt 0.99634755 1.1376847
vt 0.50005597 0.59214735
vt 0.35014802 0.5004189
vt -0.45073235 0.5001356
vt 0.97269189 -0.027693748
vt 1 0.203125
vt 0.296875 0.203125
vt 1.029933 0.44980025
vt -0.0003426075 0.5084818
vt 0.90415424 0.5004189
vt -0.3062959 0.4481861
vt -0.14842905 0.41238776
vt 0.40780252 0.11320239
vt -0.064693928 0.4158774
vt 0.44058365 0.12896866
vt 2.9802322e-08 0.40625
vt 0.40412828 0.5004189
vt 0.23517889 0.45278448
vt 0.097634017 0.5004189
vt 0.87807256 0.82744312
vt 0.60507929 0.50182837
vt 0 1
vt 1.0721117 0.44980022
vt 0.99695611 1.0393867
vt 0.86452794 0.44965625
vt 1 0.203125
vt 5.9604645e-08 0.50457662
vt 0.75 0
vt 0.24637589 1
vt 2.9802322e-08 0.40625
vt 5.9604645e-08 0.55111891
vt 1 0.40625
vt -0.085013226 0.41238776
vt 0.19685084 0.70013511
vt 0.25911927 0.50013566
vt 1.197633 0.5004189
vt -0.0003426075 0.60041702
vt 0.72526586 0.45278448
vt 0.40289709 0.065516174
vt 0.64029944 0.084128678
vt 0.90415406 0.44980025
vt 0.59759194 0.44980022
vt 0.29937726 0.44980022
vt 0.75 0
vt 0.99999154 0.53698963
vt 0.0019788444 0.064869791
vt 0.53387576 0.70425111
vt 0.70832837 0.41028723
vt 2.9802322e-08 0.45278448
vt 0.031329907 0.4481861
vt 0.99994421 0
vt 0.14852607 0.41638803
vt 0.28859603 1.0597219
vt 0.81989765 0.5004189
vt 0.72526586 0.40624219
vt 0.75 0.203125
vt 1.1269412 0.44980025
vt 1.1270607 0.44980025
vt 0.29928625 0.44980022
vt -0.17215842 0.50041884
vt 0.59759146 0.5004189
vt 0.66886675 0.44980022
vt 0.33792275 0.92766857
vt 0.5338757 0.30256236
vt -0.51626837 0.5001356
vt -0.064693987 0.53504556
vt 0.99695575 0.098960996
vt -0.17218041 0.44980022
vt 0.58455563 0.40175048
vt 0.60507929 0.53698963
vt 2.9802322e-08 0.45278448
vt 1 0.45278448
vt 0.0019721389 0.064869687
vt 0.75 0.203125
vt 0.72526586 0.40624219
vt 0.01846981 0.0055300049
vt 0.49826211 0
vt 1.2950513 0.5004189
vt -0.45073235 0.5001356
vt 0.61715436 0.56285417
vt 1.0000011 -8.2422048e-08
vt 1.432532 0.44740814
vt -0.14842905 0.50182837
vt -0.0003426075 0.5084818
vt 0.64050096 0.12270868
vt 0.99626094 0.41587746
vt 0.90415424 0.5004189
vt -0.3062959 0.4481861
vt 0.2923938 0.53747004
vt 2.9802322e-08 0.45278448
vt 5.9604645e-08 0.203125
vt -0.064693928 0.4158774
vt 1 0.45278448
vt 0.40412828 0.5004189
vt 0.74350202 0.30256236
vt 0.2435853 0.53698963
vt 0.99695599 0.30252582
vt 0.097634017 0.5004189
vt 1.1739471 0.44980025
vt -0.12536293 0.44980022
vt 0.99695563 0.60337919
vt 0.28859603 -0.052968636
vt 0.49826211 0
vt 0.089902908 0.32850882
vt 1.2855051 0.53746992
vt 0.50087911 0.44980022
vt -0.45073235 0.5364421
vt 0.14010064 0.50041884
vt 0.40427282 0.44980022
vt -0.085013226 0.41238776
vt 0.29937726 0.5004189
vt 0.74350226 0.1014771
vt -0.00034284592 0.41618007
vt 0.031329907 0.5001356
vt 0.70228964 0.5004189
vt 0.74350238 0.59975117
vt 0.40289709 0.065516174
vt 1 0
vt 0.46736509 0.5004189
vt 0.089877129 0.32850882
vt 0.031329907 0.4481861
vt -0.17224926 0.44980022
vt 0.68320894 0.5034402
vt 0.59421194 0.50584662
vt 0.28859603 1.0597219
vt 0.81989765 0.5004189
vt 0.67908669 0.53504556
vt 0.065822229 0.95281136
vt 1.029917 0.5004189
vt 0.66886675 0.44980022
vt 0.74350226 0.70425111
vt 0.43528634 0.11320144
vt 1.0000001 -1.0430813e-07
vt 0.43038109 0.028921127
vt 0 0
vt -0.17210627 0.50041884
vt 0.36106974 0.10646677
vt -0.11286631 0.41180006
vt 1.432532 0.44740814
vt 0.64050096 0.12270868
vt 0.80696833 0.50182837
vt 0.60507929 0.41238776
vt 0.96873492 0.1820429
vt 0 0
vt 0.32316753 0.50180167
vt 0.031329907 0.41180006
vt 0.2435853 0.53698963
vt 0.99795616 0.064869896
vt 1.0000441 -8.9406967e-08
vt 1.1739471 0.44980025
vt 0.99695563 0.60337919
vt 0.28859603 -0.052968636
vt 1.0601245 0.41587746
vt -0.12536293 0.44980022
vt 0.98758566 0.5004189
vt 0.7343154 0.50426787
vt 1.2855051 0.53746992
vt 0.18206921 0.44980022
vt 0.659217 0.10291141
vt 0.50087911 0.44980022
vt -0.45073235 0.41180003
vt -0.12524128 0.44980022
vt 0.03128162 0.18204311
vt 1.2855051 0.50042623
vt 0.99626094 0.53504562
vt 0.87807196 0.18425062
vt 0 0
vt 1.1739689 0.5004189
vt 0.29937726 0.5004189
vt 0.0020234883 0.064869687
vt 0.8703686 0.5004189
vt 0.2435853 0.50182837
vt 0.61431968 0.077249527
vt 0.70228964 0.5004189
vt 0.031329907 0.5001356
vt -0.085013226 0.50182837
vt 0.6666193 0.44818616
vt -0.00034284592 0.41618007
vt 0.50173783 1
vt 0.67407733 0.90533632
vt 0.46736509 0.5004189
vt 1.0879757 0.50042635
vt 1 0.203125
vt 0.2638841 1.1621974
vt 0.37915671 0.08815378
vt 0.01846981 1.0114049
vt 0.50173783 1
vt 0.50078785 0.44980022
vt 0.90417719 0.44980025
vt 0.25895521 0
vt 0.58455575 0.60512865
vt 1.029917 0.5004189
vt 0.29943013 0.5004189
vt 0.066008426 0.95227635
vt 0.7764321 0.50457662
vt 0.54161173 0.41587746
vt 1.1270609 0.5004189
vt 0.99999154 0.50182837
vt 0.34258366 0.060709655
vt 0.74350238 0.40706211
vt 0.097543091 0.44980022
vt -0.00037944317 1.0895715
vt 0.33792251 0.079084158
vt 0.36106974 0.10646677
vt 0.25895521 0
vt 0.96869826 0.18204278
vt 1 0.203125
vt 0.40290177 0.028921127
vt 0.7764321 0.50457662
vt 0.81965053 0.5004189
vt -2.628658e-07 -2.682209e-07
vt 0.97269261 1.0393867
vt 0.25895521 0
vt 0.74073184 0.0039062798
vt -0.00034284592 1.0115989
vt 0.38965309 0.094890475
vt 1.0601245 0.44965625
vt 0.25911927 0.41180006
vt 0.67908669 0.44965622
vt -0.085013226 0.53698963
vt 1.0601245 0.50180167
vt -0.51626837 0.5364421
vt 0.26651913 0.55111891
vt 0.37523174 0.5084818
vt 0.12507126 0.53504556
vt 0.40421939 0.44980022
vt 0.8703686 0.5004189
vt 0.2435853 0.50182837
vt 1 0
vt 1 0.55111891
vt -0.14842905 0.44773307
vt 1.0601245 0.53504562
vt 0.4485296 0.04721576
vt 0.6666193 0.41180012
vt 0.57220715 0.44980022
vt -0.0042038113 0.50041884
vt 0.81962818 0.44980025
vt 1 0.40625
vt -2.6263297e-07 -3.2782555e-07
vt 0.26393265 0.16772509
vt 1.0879757 0.50042635
vt 0.96865362 0.1820429
vt 0.671875 0.40625
vt 0.78345239 0.70916784
vt 0.40397611 0.15644813
vt 0.26651913 0.55111891
vt 0.86452794 0.53504556
vt 1.0000001 1.0000002
vt 1.432532 0.53746992
vt 0.37915671 0.08815378
vt 1 0
vt 0.94060034 0.44740811
vt 1 0.55111891
vt 0.78345227 0.30252582
vt 0.12507126 0.50180167
vt 0.54125321 0.50457662
vt 0.29943013 0.5004189
vt 0.74350238 0.50340664
vt 1 0.203125
vt 1.499269 0.50042623
vt 0.671875 0.40625
vt 0.26651913 0.55111891
vt 1.0298796 0.44980025
vt -0.0282197 0.50041884
vt 0.70228964 0.44980022
vt 0.055311039 0.50182837
vt -0.3062959 0.41180006
vt 0.26393265 0.079084158
vt 0.54125321 0.50457662
vt 0.43528634 0.076600611
vt 0.67908669 0.41587746
vt 0.40290177 0.028921127
vt 0.42228514 0.17459679
vt 0.49595416 0.50042635
vt 0.702411 0.44980022
vt 0.2435853 0.41238776
vt -0.028091073 0.44980022
vt 0.40412828 0.44980022
vt 1.1739689 0.44980025
vt 1.0879757 0.44740811
vt 0.46736503 0.44980022
vt 1 1
vt -0.00034284592 1.0115989
vt 0.12507126 0.41587743
vt 0.18216005 0.44980022
vt 0.38377619 0.53698963
vt 0.50000733 0.59214735
vt 1.0721117 0.5004189
vt -0.085013226 0.53698963
vt 0.7435469 1.12473
vt 0.296875 0.40625
vt 0.40421939 0.44980022
vt 0.50087911 0.5004189
vt 0.26393265 -0.05322291
vt 0.26393241 1.0599761
vt 0.097543091 0.5004189
vt 0.29239374 0.44740817
vt 0.6666193 0.41180012
vt 1.432532 0.50042623
vt -0.3062959 0.5001356
vt -0.028612494 0.50041884
vt 0.75 0.203125
vt 0.75 0
vt 0.81962818 0.5004189
vt 1 0.40624219
vt 0.44040793 0.40706211
vt 1.029933 0.44980025
vt 0.78345239 0.70916784
vt 0.70832837 0.53747004
vt 0.76552641 0.5004189
vt 0.59744745 0.5004189
vt 0.21419853 0
vt -0.14842905 0.41238776
vt 0.74073178 0.0039062798
vt 0.85155523 0.41638803
vt 0.87807256 0.82744312
vt 0.097687304 0.44980022
vt 0.74350238 0.50340664
vt 1.0721117 0.44980022
vt 0.26393265 0.83874393
vt 1 0.40624219
vt 0.40781161 0.076596797
vt 0.32316753 0.53504556
vt 0 0.55580354
vt 0.097686768 0.5004189
vt 0.74073178 0.0039062798
vt 0.70228964 0.44980022
vt 0.055311039 0.50182837
vt 0.86452794 0.41587746
vt 0.25911927 0.50013566
vt 0.43528634 0.076600611
vt 1.1976331 0.44980025
vt 1.197633 0.5004189
vt 0 0.203125
vt 0.515625 0
vt 0.49595416 0.44740817
vt 0.031329896 0.5364421
vt 0.85210019 0.41638803
vt 0.81989765 0.44980025
vt 0.49595416 0.50042635
vt -0.51626837 0.4481861
vt 0.4375 0.40625
vt 1.2950513 0.44980025
vt 0.99999154 0.53698963
vt 2.9802322e-08 0.40624219
vt 0.99634731 -0.12599152
vt 0.46736503 0.44980022
vt 0.62109464 0.10360718
vt 0.515625 0
vt 0.12507126 0.41587743
vt 0 0.203125
vt 1.1270607 0.44980025
vt 1.3419377 0.44980025
vt 0.29928625 0.44980022
vt 1.3419377 0.5004189
vt -0.12538493 0.50041884
vt 0.75331122 1
vt -0.17215842 0.50041884
vt 0.59759146 0.5004189
vt 0.38377619 0.44773307
vt 0.99695551 -0.027693748
vt 0.7435469 1.12473
vt 0.4375 0.40625
vt 2.9802322e-08 0.40624219
vt 0.99695575 0.098960996
vt 0.60507929 0.53698963
vt 0.097543091 0.5004189
vt 0.45874679 0.45278448
vt 1.432532 0.50042623
vt 0.25895524 0
vt 0.26393265 0.71542692
vt 1.2950513 0.5004189
vt 0.81962818 0.5004189
vt -0.45073235 0.5001356
vt 0.75331122 1
vt 0.50173777 1
vt 0.59792376 0.44980022
vt 0.26393253 0.29145283
vt -0.14842905 0.50182837
vt 0.76552641 0.5004189
vt 0.74350202 0.30256236
vt 0.45874679 0.45278448
vt 0 0.55580354
vt 0.32316756 0.44965622
vt 0.25895524 0
vt 0.87807256 0.82744312
vt 0.32316753 0.41587743
vt -0.3062959 0.5364421
vt 0.097687304 0.44980022
vt 0.26393265 0.83874393
vt 0.50173777 1
vt 0.5009318 0.5004189
vt -0.45073235 0.5364421
vt 0.59744745 0.44980022
vt 0.90417653 0.5004189
vt 0.097686768 0.5004189
vt 0.48590231 0.29145283
vt -0.12521994 0.50041884
vt -0.085013226 0.41238776
vt 0.45874679 0.45278448
vt 0.25895524 0
vt 1 0
vt 0.7435025 1.0306822
vt 0.94060034 0.41028726
vt 1.1976331 0.44980025
vt 1.197633 0.5004189
vt 0.50173777 1
vt 0.81989765 0.44980025
vt 0.34258366 0.08815378
vt 0.29937726 0.44980022
vt 0.92538249 0.098960996
vt 1.2950513 0.44980025
vt 0.26561737 0.50426787
vt 1.4992688 0.41028726
vt 0.671875 0.203125
vt 0.29928625 0.5004189
vt 0.24637583 1
vt 0.99695575 0.40831438
vt -0.17224926 0.44980022
vt 0.68320894 0.5034402
vt 0.62109464 0.10360718
vt 0.81989765 0.5004189
vt 1 0
vt -0.17227119 0.50041884
vt 0.67908669 0.53504556
vt 0.49595416 0.53747004
vt 0.48590243 0.71542692
vt 0.67908669 0.50180167
vt 0.67407715 0.1014771
vt -0.11286631 0.5364421
vt 1 0.55580354
vt 0.74350226 0.70425111
vt 0.5338757 0.30256236
vt 0.66886675 0.44980022
vt -0.17215842 0.50041884
vt 0.99695551 -0.027693748
vt 0.24637583 1
vt 0.43038109 0.028921127
vt 0.60507929 0.53698963
vt 0.671875 0.203125
vt 0.45874679 0.40624219
vt 0.98758566 0.44980025
vt -0.17210627 0.50041884
vt 2.9802322e-08 0.203125
vt -0.0003426075 0.70013523
vt 1.2950513 0.5004189
vt 0.75331116 1
vt 0.59792376 0.44980022
vt 1.432532 0.44740814
vt 1.2855051 0.44740814
vt 0.671875 0.203125
vt 0.4375 0.203125
vt 0.45874679 0.40624219
vt -0.00037944317 -0.072636597
vt 0.74350202 0.30256236
vt 2.9802322e-08 0.203125
vt 0.10432041 0.81162328
vt 0 0.203125
vt 1 0.203125
vt 0 0
vt 0 0
vt 0.98758566 0.5004189
vt 0.60507929 0.44773307
vt 0.75331116 1
vt 0.54125321 0.55111891
vt 0.21875 0
vt 0.18206921 0.44980022
vt 0.50087911 0.44980022
vt 0.4375 0.203125
vt -0.45073235 0.41180003
vt 0.14010064 0.44980022
vt 0.59744745 0.44980022
vt 1.2855051 0.50042623
vt 0.45874679 0.40624219
vt 0.74350238 0.18572773
vt -0.12521994 0.50041884
vt 0.21875 0.203125
vt 0.70243406 0.44980022
vt 2.9802322e-08 0.203125
vt 0 0.203125
vt 0.7435025 1.0306822
vt -0.00034284592 0.41618007
vt 0.2923938 0.50042635
vt 0.54125321 0.55111891
vt 0.21875 0
vt 0.4375 0.203125
vt 1.4992688 0.41028726
vt 0.49826199 0
vt 1.499269 0.53746992
vt 0.99695575 0.40831438
vt -0.17224926 0.44980022
vt 1.499269 0.44740811
vt 0.21875 0.203125
vt 0.21419853 0.203125
vt -0.0042038113 0.44980022
vt 0.67908669 0.53504556
vt 0.14787948 0.41638803
vt 0.21875 0
vt 0.66672039 0.12938303
vt 0.72081113 -0.023634687
vt 1.029917 0.5004189
vt 0.67908669 0.50180167
vt 0.6666193 0.53644216
vt 0.26651913 0.50457662
vt 0.49826199 0
vt -0.028703213 0.44980022
vt 0.21875 0.203125
vt 0.7764321 0.55111891
vt 0.097543091 0.44980022
vt 0.21419853 0.203125
vt -0.11286631 0.4481861
vt 0.94060034 0.53747004
vt 0.62734348 0.82108563
vt 0.26651913 0.50457662
vt 0.94060034 0.50042635
vt 0.49826199 0
vt 0.055311039 0.41238776
vt -4.3913722e-05 0
vt 0.72526586 0.45278448
vt 0.7764321 0.55111891
vt 0.38377619 0.50182837
vt 0.25911927 0.5364421
vt 0.99802095 0.064869687
vt 0 1
vt 0.37915671 0.060704887
vt 0.64037836 0.10343879
vt 0.99999994 0
vt 0.65973353 0.10276884
vt 1 0.55580354
vt -0.0003426075 0.8920185
vt 0.66886675 0.5004189
vt 0.50078785 0.5004189
vt -0.0003426075 0.2053113
vt 0.18206921 0.44980022
vt 5.9604645e-08 0.50457662
vt 0.38724923 0.83874315
vt 0.67908669 0.44965622
vt 1.1738343 0.44980025
vt 0.62734336 0.18572773
vt 1.2855051 0.50042623
vt 0.72526586 0.45278448
vt 0.7764321 0.55111891
vt 0.37523174 0.5084818
vt 0.44058365 0.15644431
vt 5.9604645e-08 0.55111891
vt -3.0085444e-05 0
vt 0 1
vt -1.7881393e-07 0.99999988
vt 1.0000012 8.2422048e-08
vt 1.0601245 0.53504562
vt 0.23517889 0.40624219
vt 5.9604645e-08 0.50457662
vt 0.75 0
vt 0.26393265 0.16772509
vt 0.18221366 0.44980022
vt 5.9604645e-08 0.55111891
vt 1.0304008 0.5004189
vt 1.499269 0.53746992
vt 0.089865416 0.32850882
vt 1.432532 0.53746992
vt 0.54161173 0.50180167
vt 0 1
vt -0.00034284592 0.31679958
vt 0.26562184 0.5004189
vt 0.66672039 0.12938303
vt 0.72081113 -0.023634687
vt 5.9604645e-08 0.50457662
vt 0.75 0
vt 0.6935153 0.40831453
vt -0.14842905 0.53698963
vt 0.40397611 0.12896389
vt 0.18216002 0.5004189
vt 0.10766029 0.2053113
vt 0.72526586 0.40624219
vt -0.0282197 0.50041884
vt 1.1270826 0.5004189
vt 0.23517889 0.45278448
vt 1 0.203125
vt 0.42228514 0.17459679
vt 0.81965113 0.44980025
vt 0.6666193 0.50013566
vt 0.296875 0.203125
vt 0.54161173 0.53504556
vt 0.29943079 0.44980022
vt 0.2435853 0.41238776
vt 0.38377619 0.50182837
vt 0.75 0.203125
vt -2.3841858e-07 -1.9278377e-07
vt -1.7881393e-07 1.0000001
vt 0.99695575 0.50584662
vt 0.49826211 0
vt 1 0.40625
vt 0.80696833 0.53698963
vt 0.042682573 0.44980022
vt -0.45073235 0.4481861
vt 0.65973353 0.10276884
vt 0.2638841 -0.15544493
vt 0.18221298 0.5004189
vt 0.38377619 0.53698963
vt 1 0.203125
vt 0.296875 0.203125
vt 0.7435469 -0.1179169
vt 0.62734336 0.18572773
vt 0.37523174 0.5084818
vt 0.24637589 1
vt 1.1739689 0.5004189
vt 2.9802322e-08 0.40625
vt 1 0.40625
vt 1.0601245 0.53504562
vt 0.40427226 0.5004189
vt 1.0304008 0.5004189
vt 0.097634017 0.44980022
vt 0.24637589 1
vt 1 0.40625
vt 0.49595416 0.41028726
vt 0.72081113 1.0304481
vt 1.2855051 0.41028723
vt 0.70832837 0.50042635
vt 0.9041543 0.44980025
vt -0.028068721 0.44980022
vt -0.12529439 0.44980022
vt 0.28604126 0.41617987
vt 0.32316753 0.53504556
vt 1.0304008 0.44980025
vt 0.65954733 0.10330385
vt 0.59792376 0.5004189
vt 1 0.45278448
vt -0.00034284592 0.0053359321
vt 1.0879757 0.41028726
vt 0.49595416 0.44740817
vt 0.031329896 0.5364421
vt 0.70832837 0.44740814
vt 0.49595416 0.50042635
vt -0.51626837 0.4481861
vt 0.29943079 0.44980022
vt 0.2435853 0.41238776
vt -0.0003426075 0.12491626
vt 1 0.45278448
vt 0.74350238 0.82108575
vt 0.065491922 0.95241892
vt 0.80696833 0.53698963
vt 0.7435025 -0.023868755
vt 0.46713853 0.44818616
vt 1.3419377 0.44980025
vt 0.38377619 0.53698963
vt 1.3419377 0.5004189
vt 0.7435469 -0.1179169
vt 0.38377619 0.44773307
vt 1 0
vt 0.19685084 0.31679958
vt -0.12527227 0.50041884
vt 0.86452794 0.50180167
vt 0.44040805 0.59975117
vt 0.57220715 0.5004189
vt 0.50093246 0.44980022
vt 0.26393265 0.71542692
vt 0.40427226 0.5004189
vt 1.432532 0.41028723
vt 0.26393253 0.29145283
vt 0.92538261 0.91273218
vt -0.0003426075 0.81162339
vt 0.70832837 0.53747004
vt 0.59744745 0.5004189
vt 1 0
vt 0.72081113 1.0304481
vt 0.68883169 0.60337919
vt 1.2855051 0.41028723
vt 0.70832837 0.50042635
vt 0.9041543 0.44980025
vt -0.064693928 0.44965619
vt 0.26393265 0.83874393
vt 0.26393265 0.92766833
vt 1.1270831 0.5004189
vt 0.063065231 0.12491626
vt 0.8703686 0.44980022
vt 0.14845169 0.41638803
vt 0.99695623 0.91273218
vt 1 0
vt 0.99999553 -8.9406967e-08
vt 0.80696833 0.44773307
vt 0.65954733 0.10330385
vt 0.90417653 0.5004189
vt 0.26393265 0.5034402
vt 0.48590231 0.29145283
vt 0.0019882917 0.064869896
vt -0.064693928 0.50180167
vt 0.26393265 0.605129
vt 0.91008598 0.32850882
vt 0.12507126 0.44965622
vt 0.70832837 0.44740814
vt 1.0304229 0.5004189
vt 0.92538249 0.098960996
vt 0.46713853 0.50013566
vt 0.74350238 0.82108575
vt 0.85157388 0.41638803
vt 0 0
vt 0.49595416 0.53747004
vt 0.2435853 0.44773307
vt 0.19685084 0.31679958
vt -0.11286631 0.5001356
vt -0.12527227 0.50041884
vt 0.44040805 0.59975117
vt 0.26393276 0.40175048
vt 0.18206924 0.5004189
vt 0.055311039 0.53698963
vt 0.98758566 0.44980025
vt 0.99695623 0.70916784
vt -0.0003426075 0.70013523
vt 0.99695563 0.18425062
vt 1.432532 0.41028723
vt 0.28604126 0.60041702
vt 0.702411 0.5004189
vt 0.50173783 1
vt 0.26393253 0.29145283
vt 0.92538261 0.91273218
vt 1.2855051 0.44740814
vt 0.26562446 0.50426787
vt -0.00037944317 -0.072636597
vt 1 0
vt 0.26562184 0.44980022
vt 0.50173783 1
vt 0.25895521 0
vt 0.063065231 0.12491626
vt 0.671875 0.40625
vt 0.99999154 0.41238776
vt 0.99695623 0.91273218
vt -1.4901161e-07 0.99999976
vt 0.26651913 0.55111891
vt 0.61431968 0.12989789
vt 0.9999817 0
vt 0.7764321 0.50457662
vt 0.48590231 0.29145283
vt 1 0.55111891
vt 1.1739471 0.5004189
vt 0.35014802 0.44980022
vt 0.055311039 0.44773307
vt 0.4303773 0.065070212
vt 0.6667785 0.077495456
vt -0.064693928 0.50180167
vt -0.51626837 0.41180003
vt 0.25895521 0
vt 0.671875 0.40625
vt 0.74073184 0.0039062798
vt 0.063065231 0.89201838
vt 0.50004399 0.59214753
vt 0.042682454 0.50041884
vt 0.40421939 0.5004189
vt 0.92538249 0.098960996
vt 1.4992688 0.41028726
vt 0.97269189 -0.027693748
vt 0.7764321 0.50457662
vt 1.499269 0.44740811
vt 0.80696833 0.41238776
vt 0.40780252 0.11320239
vt 0.44058365 0.12896866
vt 0.2435853 0.44773307
vt 0.70243347 0.5004189
vt 0.38377619 0.41238776
vt 0.76552641 0.44980022
vt 0.74073184 0.0039062798
vt 0.6666193 0.53644216
vt -0.11286631 0.5001356
vt 0.60507929 0.50182837
vt -0.028703213 0.44980022
vt 0.86452794 0.44965625
vt 0.99695611 1.0393867
vt 0.26393276 0.40175048
vt 0.85149968 0.41638803
vt 1.4901161e-07 1.0000001
vt 0.99695623 0.70916784
vt 0.74073184 0.0039062798
vt 0.19685084 0.70013511
vt 0.031271994 0.1820429
vt -0.0003426075 0.60041702
vt 0.38724911 0.1677247
vt 0.64029944 0.084128678
vt 0.055311039 0.41238776
vt 0.90415406 0.44980025
vt 0.59759194 0.44980022
vt 0.25911927 0.44818616
vt 0.53387576 0.70425111
vt 0.70832837 0.41028723
vt 0.46713853 0.41180012
vt 0.60507929 0.44773307
vt -0.0003426075 0.8920185
vt 0.21419853 0
vt 0.61431968 0.12989789
vt 1.1269412 0.44980025
vt 0.38724923 0.83874315
vt 0.74073178 0.0039062798
vt 1.1738343 0.44980025
vt 0.34694028 0.50340712
vt 0.35014802 0.44980022
vt 0.4303773 0.065070212
vt 0.33792275 0.92766857
vt -0.51626837 0.41180003
vt -0.51626837 0.5001356
vt -0.064693987 0.53504556
vt -0.17218041 0.44980022
vt 0.58455563 0.40175048
vt 0.99626094 0.44965625
vt 0.26562697 0.50426787
vt 0.063065231 0.89201838
vt 0.54125321 0.50457662
vt 0.042682454 0.50041884
vt 0.40421939 0.5004189
vt 0.01846981 0.0055300049
vt 0.21419853 0
vt 1 1
vt 0.515625 0.203125
vt 0.97269189 -0.027693748
vt 0.74073178 0.0039062798
vt 1.499269 0.53746992
vt -0.0003426075 0.5084818
vt 0.2923938 0.53747004
vt 0.99626094 0.41587746
vt 0.296875 0.40625
vt -0.3062959 0.4481861
vt 0.80696833 0.41238776
vt 0 0.203125
vt -0.00034284592 0.31679958
vt 0.26562184 0.5004189
vt -0.064693928 0.4158774
vt 0.40412828 0.5004189
vt 0.70243347 0.5004189
vt 0.75 0.203125
vt 0.99695599 0.30252582
vt 0.097634017 0.5004189
vt 1 1
vt 0.6666193 0.53644216
vt 0.515625 0.203125
vt 0.4375 0.40625
vt 0.75 0
vt -0.028703213 0.44980022
vt -0.14842905 0.53698963
vt 0.74350238 0.90533632
vt 1.1270826 0.44980025
vt -0.17212766 0.44980022
vt 0.296875 0.40625
vt 0 0.203125
vt 0.75331122 1
vt 0.14010064 0.50041884
vt 0.40427282 0.44980022
vt 0.75 0.203125
vt 1 1
vt 0.75 0
vt -1.7881393e-07 1.0000001
vt 0.515625 0.203125
vt 0.74350226 0.1014771
vt 1 0.40624219
vt 0.81965113 0.44980025
vt 0.74350238 0.59975117
vt 0.40289709 0.065516174
vt 0.54161173 0.53504556
vt 0 0.40625
vt 0.64029944 0.084128678
vt 0.296875 0.40625
vt 0.25911927 0.44818616
vt 0.75331122 1
vt 0.75 0.203125
vt 0.49998155 0.59214753
vt 0.59421194 0.50584662
vt 0.28859603 1.0597219
vt 1.0000012 -8.1490725e-08
vt 0.75 0
vt 0.515625 0
vt 1 0.40624219
vt 1.1738343 0.44980025
vt 1.0879757 0.53746992
vt 0.065822229 0.95281136
vt 0.34694028 0.50340712
vt 0.45874679 0.45278448
vt -0.51626837 0.5001356
vt 0.43528634 0.11320144
vt -0.064693987 0.53504556
vt 0.99626094 0.44965625
vt 0.515625 0
vt 0.29239374 0.41028726
vt 0.01846981 0.0055300049
vt -0.11286631 0.41180006
vt 1 0
vt 0.64050096 0.12270868
vt 0.54161173 0.50180167
vt 0.80696833 0.50182837
vt 0.60507929 0.41238776
vt 0.32316753 0.50180167
vt 0.99695599 0.30252582
vt 0.515625 0
vt 0.6935153 0.40831453
vt 0.99695563 0.60337919
vt 0.28859603 -0.052968636
vt 1.0601245 0.41587746
vt -0.12536293 0.44980022
vt -0.12529439 0.44980022
vt 0.74350238 0.90533632
vt 1.1270826 0.44980025
vt 0.659217 0.10291141
vt -0.12524128 0.44980022
vt 1.0304008 0.44980025
vt 1.1739689 0.5004189
vt 0.29937726 0.5004189
vt 0.46713853 0.53644216
vt 0.74350226 0.1014771
vt 0.61431968 0.077249527
vt 0.70228964 0.5004189
vt 0.031329907 0.5001356
vt 0.6666193 0.44818616
vt -0.085013226 0.50182837
vt 0.50093246 0.44980022
vt 0.29943079 0.44980022
vt 0.67407733 0.90533632
vt 0.065491922 0.95241892
vt -0.028559923 0.50041884
vt 0 0
vt 0.59421194 0.50584662
vt 0.7435025 -0.023868755
vt 0.75 0
vt 0.2638841 1.1621974
vt 0.50173777 1
vt 0.01846981 1.0114049
vt 0.96874642 0.1830193
vt 0.58455575 0.60512865
vt 0.065822229 0.95281136
vt 0 0
vt 0.99695623 0.82744312
vt 0.54161173 0.41587746
vt 0.57220715 0.5004189
vt 0.99999154 0.50182837
vt 0.34258366 0.060709655
vt 0.74350238 0.40706211
vt -0.00037944317 1.0895715
vt 0.36106974 0.10646677
vt 0.33792251 0.079084158
vt -0.11286631 0.41180006
vt 0.089839846 0.32850882
vt 1 0.50457662
vt -0.0003426075 0.81162339
vt 1.0000001 -1.6391277e-07
vt 0.60507929 0.41238776
vt 0.24637583 1
vt 0.72081113 1.0304481
vt 0.0019880831 0.064869478
vt 0.36075103 0.10614961
vt -0.028068721 0.44980022
vt 0.97269261 1.0393867
vt 0.26393265 0.92766833
vt -0.12529439 0.44980022
vt 1 0.50457662
vt 0.21875 0.203125
vt 0.38965309 0.094890475
vt 0.80696833 0.44773307
vt 0.659217 0.10291141
vt 0.65954733 0.10330385
vt 0.21419853 0.203125
vt 1.0601245 0.44965625
vt 0.25911927 0.41180006
vt 0.24637583 1
vt 1.0601245 0.50180167
vt -0.51626837 0.5364421
vt 0.26393265 0.605129
vt 0.12507126 0.53504556
vt 1.1739689 0.5004189
vt 0 0
vt 0.8703686 0.5004189
vt 1 0.203125
vt 0.2435853 0.50182837
vt 0.61431968 0.077249527
vt 0.75331116 1
vt 0.70832837 0.44740814
vt -0.085013226 0.50182837
vt 1.0304229 0.5004189
vt -0.0042038113 0.50041884
vt 0.99634755 1.1376847
vt 1 0.50457662
vt 0.49826199 0
vt 0.67407733 0.90533632
vt 1.0879757 0.50042635
vt -0.028559923 0.50041884
vt 0.54161173 0.44965622
vt 0.40397611 0.15644813
vt 2.9802322e-08 0.203125
vt 0 0.203125
vt 0.86452794 0.53504556
vt 1 0.203125
vt 0 0
vt 0 0.55580354
vt 0.37915671 0.08815378
vt 0.01846981 1.0114049
vt 0.94060034 0.44740811
vt 0.2638841 1.1621974
vt 0.75331116 1
vt 0.78345227 0.30252582
vt 0.12507126 0.50180167
vt 0.26651913 0.50457662
vt 0.72526586 0.45278448
vt 0.29943013 0.5004189
vt -0.085013226 0.44773307
vt 0.44040805 0.59975117
vt 0.99626094 0.50180167
vt 0.54161173 0.41587746
vt 1 0.203125
vt 0 0.203125
vt 1.0001593 0.40368098
vt 0.74350238 0.40706211
vt 0 0
vt 0.23517889 0.40624219
vt 1.0298796 0.44980025
vt 0.90415406 0.5004189
vt 0.99695563 0.18425062
vt 0.85148084 0.41638803
vt 0.702411 0.5004189
vt -0.3062959 0.41180006
vt 0.26393265 0.079084158
vt 0.92538261 0.91273218
vt -0.0003426075 0.81162339
vt 0.72526586 0.45278448
vt -2.7760863e-05 2.0861626e-07
vt 0.67908669 0.41587746
vt 0.85148799 0.41638803
vt 0.40290177 0.028921127
vt 0.702411 0.44980022
vt 0.23517889 0.40624219
vt 0.40412828 0.44980022
vt 0.99999154 0.44773307
vt 0.26562184 0.44980022
vt 1.1739689 0.44980025
vt 1.0879757 0.44740811
vt 0.36075103 0.10614961
vt 0.97269261 1.0393867
vt 1.1270831 0.5004189
vt -0.00034284592 1.0115989
vt 0.38965309 0.094890475
vt 0.80696833 0.44773307
vt 0.18216005 0.44980022
vt 1 0.55580354
vt 1.0601245 0.44965625
vt 1.0721117 0.5004189
vt 0.23517889 0.45278448
vt 1.0601245 0.50180167
vt -0.51626837 0.5364421
vt 0.23517889 0.40624219
vt 0.50087911 0.5004189
vt 0.26393265 -0.05322291
vt 0.26393241 1.0599761
vt -0.028612494 0.50041884
vt 0.6666193 0.41180012
vt 0.99634755 1.1376847
vt -0.3062959 0.5001356
vt 0.35014802 0.5004189
vt 0.50003707 0.59214753
vt 0.44040793 0.40706211
vt 1.029933 0.44980025
vt 0.23517889 0.45278448
vt 0.40397611 0.15644813
vt -2.3841858e-07 0
vt 0.90415424 0.5004189
vt -0.14842905 0.41238776
vt 1 0.203125
vt 0.2435853 0.44773307
vt 0.78345227 0.30252582
vt 0.75 0
vt 0.60507929 0.50182837
vt 2.9802322e-08 0.40625
vt 1.0721117 0.44980022
vt 0.99695611 1.0393867
vt 0.86452794 0.44965625
vt 0.99626094 0.50180167
vt 0.26393276 0.40175048
vt 0.23517889 0.45278448
vt 0.61761302 0.56285417
vt 1 0.203125
vt 0 1
vt 0.70228964 0.44980022
vt 0.055311039 0.50182837
vt -0.3062959 0.41180006
vt 0.702411 0.5004189
vt 5.9604645e-08 0.50457662
vt 0.86452794 0.41587746
vt 0.25911927 0.50013566
vt 0.43528634 0.076600611
vt 0.75 0
vt 2.9802322e-08 0.40625
vt 5.9604645e-08 0.55111891
vt 1 0.40625
vt 0.90415406 0.44980025
vt 0.0019977093 0.064869687
vt 0.702411 0.44980022
vt 0.59759194 0.44980022
vt 0.99999154 0.53698963
vt 0.99999154 0.44773307
vt 0.99634731 -0.12599152
vt 0.70832837 0.41028723
vt 1.1739689 0.44980025
vt 0.99999994 0.203125
vt 0.75 0
vt 0.61431968 0.12989789
vt 1.1269412 0.44980025
vt 1.1270607 0.44980025
vt -0.12538493 0.50041884
vt 0.29928625 0.44980022
vt 2.9802322e-08 0.40625
vt 2.9802322e-08 0.45278448
vt 0.59759146 0.5004189
vt 0.33792275 0.92766857
vt 0.72526586 0.40624219
vt 0.75 0.203125
vt -0.51626837 0.41180003
vt 1 1
vt 0.49826211 0
vt 0.99695575 0.098960996
vt 0.50087911 0.5004189
vt 0.58455563 0.40175048
vt 0.097543091 0.5004189
vt -0.45073235 0.5001356
vt 2.9802322e-08 0.45278448
vt 1 0.45278448
vt 1.029933 0.44980025
vt -0.14842905 0.50182837
vt 0.76552641 0.5004189
vt -0.0003426075 0.5084818
vt 0.99626094 0.41587746
vt 0.90415424 0.5004189
vt -0.3062959 0.4481861
vt -0.14842905 0.41238776
vt 0.72526586 0.40624219
vt -0.064693928 0.4158774
vt 0.75 0.203125
vt 0.49826211 0
vt 0.2435853 0.53698963
vt 1.1739471 0.44980025
vt 0.87807256 0.82744312
vt 0.32316753 0.41587743
vt -0.3062959 0.5364421
vt 0.60507929 0.50182837
vt 0.296875 0.203125
vt 0.86452794 0.44965625
vt 1.2855051 0.53746992
vt 2.9802322e-08 0.45278448
vt 0.54125321 0.50457662
vt 0.75 0.203125
vt -0.45073235 0.5364421
vt 0.49826211 0
vt 0.097686768 0.5004189
vt 0.14010064 0.50041884
vt -0.085013226 0.41238776
vt 1.0000012 8.2422048e-08
vt 0.94060034 0.41028726
vt -2.0884909e-07 1.0000001
vt 1.1976331 0.44980025
vt 1.197633 0.5004189
vt 0.40289709 0.065516174
vt 0.90415406 0.44980025
vt 0.34258366 0.08815378
vt 0.29937726 0.44980022
vt 0.59759194 0.44980022
vt 0.99999154 0.53698963
vt 0.24637589 1
vt 0.29928625 0.5004189
vt 0.031329907 0.4481861
vt 0.49826211 0
vt 0.68320894 0.5034402
vt 0.28859603 1.0597219
vt 0.81989765 0.5004189
vt 1.1270607 0.44980025
vt 0.29928625 0.44980022
vt 0.61716819 0.56285417
vt 0.67407715 0.1014771
vt -0.17215842 0.50041884
vt 0.66886675 0.44980022
vt 0.33792275 0.92766857
vt 0.74350226 0.70425111
vt 0.5338757 0.30256236
vt 0.61713547 0.56285441
vt 0.99695575 0.098960996
vt 0.43038109 0.028921127
vt 0.60507929 0.53698963
vt -0.17210627 0.50041884
vt 0.01846981 0.0055300049
vt 1.2950513 0.5004189
vt 1.432532 0.44740814
vt -0.14842905 0.50182837
vt 1 0.55580354
vt 0.99626094 0.41587746
vt 0.74350202 0.30256236
vt 0.32316753 0.50180167
vt 0.031329907 0.41180006
vt 0.2435853 0.53698963
vt 0.10432041 0.81162328
vt 1.1739471 0.44980025
vt 0.98758566 0.5004189
vt 1.2855051 0.53746992
vt 0 0
vt 0.50087911 0.44980022
vt -0.45073235 0.5364421
vt -0.45073235 0.41180003
vt 0.14010064 0.44980022
vt 0.59744745 0.44980022
vt 0 0
vt 0.99626094 0.53504562
vt 0.74350238 0.18572773
vt 0.87807196 0.18425062
vt -0.12521994 0.50041884
vt 0.29937726 0.5004189
vt 0.70243406 0.44980022
vt 0.38278341 0.56285417
vt 0.7435025 1.0306822
vt -0.00034284592 0.41618007
vt 0.031329907 0.5001356
vt 0.2923938 0.50042635
vt 0 0
vt 0.515625 0.203125
vt 0.46736509 0.5004189
vt 0.50173783 1
vt 0.99695575 0.40831438
vt -0.17224926 0.44980022
vt 0.68320894 0.5034402
vt 0.38279724 0.56285417
vt 0.99996996 0
vt 5.5834651e-05 -8.9406967e-08
vt -0.0042038113 0.44980022
vt 0.67908669 0.53504556
vt 0.50078785 0.44980022
vt 0.90417719 0.44980025
vt 0.065822229 0.95281136
vt 1.029917 0.5004189
vt 0.74350226 0.70425111
vt 0.066008426 0.95227635
vt 0.43528634 0.11320144
vt 0.031365037 0.18301919
vt 0.43038109 0.028921127
vt 1.1270609 0.5004189
vt 0.25895521 0
vt -0.17210627 0.50041884
vt 0.097543091 0.44980022
vt 0.36106974 0.10646677
vt -0.11286631 0.4481861
vt 0.7764321 0.50457662
vt 0.031346381 0.1820429
vt 0.94060034 0.53747004
vt 0.62734348 0.82108563
vt 0.94060034 0.50042635
vt 0.25895521 0
vt 0.32316753 0.50180167
vt 0.25911927 0.5364421
vt 0.81965053 0.5004189
vt 1.0601245 0.41587746
vt 0.37915671 0.060704887
vt 0.64037836 0.10343879
vt 0.98758566 0.5004189
vt 0.66886675 0.5004189
vt -0.0003426075 0.2053113
vt 0.38288295 0.56285417
vt 0.18206921 0.44980022
vt 0.659217 0.10291141
vt -0.45073235 0.41180003
vt 1.2855051 0.50042623
vt 0.67908669 0.44965622
vt 0.74350238 0.18572773
vt -0.085013226 0.53698963
vt 0.87807196 0.18425062
vt 1 0
vt 0.70243406 0.44980022
vt 0.12507126 0.53504556
vt 0.2435853 0.50182837
vt -0.14842905 0.44773307
vt 0.4485296 0.04721576
vt 0.57220715 0.44980022
vt 0.81962818 0.44980025
vt 0.67407733 0.90533632
vt 0.26393265 0.16772509
vt 1.0879757 0.50042635
vt 1 0.55111891
vt 0.18221366 0.44980022
vt 1 0
vt 0.78345239 0.70916784
vt 1.432532 0.53746992
vt 0.37915671 0.08815378
vt 0.01846981 1.0114049
vt 0.94060034 0.44740811
vt 0.50078785 0.44980022
vt 0.90417719 0.44980025
vt 0.72081113 -0.023634687
vt 0.58455575 0.60512865
vt 0.26651913 0.55111891
vt 0.671875 0.40625
vt 0.74350238 0.50340664
vt 0.066008426 0.95227635
vt 1 0.55111891
vt 1.499269 0.50042623
vt 1 0
vt 0.54161173 0.41587746
vt 1.1270609 0.5004189
vt 0.40397611 0.12896389
vt 0.18216002 0.5004189
vt 0.10766029 0.2053113
vt 0.097543091 0.44980022
vt 0.34258366 0.060709655
vt 1.0298796 0.44980025
vt -0.0282197 0.50041884
vt 0.74350238 0.40706211
vt 1.1270826 0.5004189
vt -0.11286631 0.4481861
vt 0.671875 0.40625
vt 0.26651913 0.55111891
vt 1 0.55111891
vt 0.42228514 0.17459679
vt 0.6666193 0.50013566
vt 0.96867228 0.18204311
vt -0.028091073 0.44980022
vt 0.38377619 0.50182837
vt 0.54125321 0.50457662
vt 0.81965053 0.5004189
vt -2.0861626e-07 1.0000002
vt 0.99695575 0.50584662
vt 0.97269261 1.0393867
vt 0.64037836 0.10343879
vt 0.46736503 0.44980022
vt 0.65973353 0.10276884
vt 0.042682573 0.44980022
vt -0.45073235 0.4481861
vt -0.00034284592 1.0115989
vt 0.2638841 -0.15544493
vt 0.18216005 0.44980022
vt 0.18221298 0.5004189
vt 1.0721117 0.5004189
vt 0.67908669 0.44965622
vt -0.085013226 0.53698963
vt -0.51626837 0.5364421
vt 0.37523174 0.5084818
vt 0.12507126 0.53504556
vt 0.40421939 0.44980022
vt 0.26393265 -0.05322291
vt 0.29239374 0.44740817
vt 1.0601245 0.53504562
vt 0.6666193 0.41180012
vt 1.432532 0.50042623
vt -0.3062959 0.5001356
vt 0.81962818 0.44980025
vt 0.57220715 0.44980022
vt 0.4485296 0.04721576
vt 0.26393265 0.16772509
vt 0.296875 0.40625
vt 0.21419853 0
vt 0.49996281 0.59214753
vt 0.44040793 0.40706211
vt 1.0304008 0.5004189
vt 0.78345239 0.70916784
vt 0.40397611 0.15644813
vt 0.75 0.203125
vt 0.097634017 0.44980022
vt 1.432532 0.53746992
vt 0.49595416 0.41028726
vt 1 0.40624219
vt 0.94060034 0.44740811
vt 0.78345227 0.30252582
vt 0.21419853 0
vt 2.3841858e-07 -6.7520887e-08
vt 0.74350238 0.50340664
vt 0.0011970396 0.40368098
vt 0.74073178 0.0039062798
vt 0.40781161 0.076596797
vt 0.28604126 0.41617987
vt 0.32316753 0.53504556
vt 0.40397611 0.12896389
vt 1.0298796 0.44980025
vt 1 0.40624219
vt -0.00034284592 0.0053359321
vt 1.0879757 0.41028726
vt 0.70228964 0.44980022
vt 1.1270826 0.5004189
vt -0.3062959 0.41180006
vt 0.4375 0.40625
vt 0.86452794 0.41587746
vt 0.21419853 0
vt 0.43528634 0.076600611
vt 0.49595416 0.44740817
vt 0.031329896 0.5364421
vt 0.42228514 0.17459679
vt 0.49595416 0.50042635
vt 0.6666193 0.50013566
vt -0.51626837 0.4481861
vt 0.74073178 0.0039062798
vt 0.2435853 0.41238776
vt -0.028091073 0.44980022
vt 0.515625 0
vt -0.0003426075 0.12491626
vt 1.1739689 0.44980025
vt 0 0.203125
vt 0.46736503 0.44980022
vt 0.62109464 0.10360718
vt 0.4375 0.40625
vt 0.80696833 0.53698963
vt 0.042682573 0.44980022
vt -0.45073235 0.4481861
vt 0.515625 0.203125
vt 0.12507126 0.41587743
vt 0.18216005 0.44980022
vt 1.3419377 0.44980025
vt -0.12538493 0.50041884
vt 1.3419377 0.5004189
vt 0.38377619 0.53698963
vt 1.0721117 0.5004189
vt 2.9802322e-08 0.40624219
vt 0.7435469 1.12473
vt 0.38377619 0.44773307
vt 0.99695551 -0.027693748
vt 0.26569173 0.50426787
vt 0 0.203125
vt 0.86452794 0.50180167
vt 0.50087911 0.5004189
vt 0.26393265 -0.05322291
vt 0.75331122 1
vt 0.097543091 0.5004189
vt 0.50093246 0.44980022
vt 0.29239374 0.44740817
vt 1.432532 0.50042623
vt -0.3062959 0.5001356
vt 0.26393265 0.71542692
vt 0.4375 0.40625
vt 2.9802322e-08 0.40624219
vt 0.81962818 0.5004189
vt 0.44040793 0.40706211
vt 0.45874679 0.45278448
vt 0.70832837 0.53747004
vt 0.76552641 0.5004189
vt 0.59744745 0.5004189
vt 0.25895524 0
vt 0.75331122 1
vt 0.68883169 0.60337919
vt 0.32316756 0.44965622
vt 1.2855051 0.41028723
vt 0.70832837 0.50042635
vt 0.9041543 0.44980025
vt 2.9802322e-08 0.40624219
vt 0.32316753 0.41587743
vt 0.097687304 0.44980022
vt 0.26393265 0.83874393
vt 0.40781161 0.076596797
vt 0.45874679 0.45278448
vt 0.32316753 0.53504556
vt 0.5009318 0.5004189
vt 0.25895524 0
vt -2.796948e-05 -2.0861626e-07
vt -2.0302832e-07 3.2782555e-07
vt 0.90417653 0.5004189
vt 0.097686768 0.5004189
vt 0.50173777 1
vt 0.86452794 0.41587746
vt 0.94060034 0.41028726
vt 1.1976331 0.44980025
vt 0.031290859 0.1820429
vt 0.49595416 0.44740817
vt 0.81989765 0.44980025
vt 0.34258366 0.08815378
vt 0.45874679 0.45278448
vt 0.25895524 0
vt 0.46713853 0.50013566
vt 1.2950513 0.44980025
vt 1 0
vt 0.29928625 0.5004189
vt 0.62109464 0.10360718
vt -0.17227119 0.50041884
vt 0.671875 0.203125
vt 1.3419377 0.44980025
vt 0.49595416 0.53747004
vt 0.48590243 0.71542692
vt 0.29928625 0.44980022
vt 1.3419377 0.5004189
vt 0.24637583 1
vt 0.67908669 0.50180167
vt 0.67407715 0.1014771
vt -0.11286631 0.5364421
vt 0.99695551 -0.027693748
vt 0.38377619 0.44773307
vt 1 0
vt 0.73440129 0.50426787
vt 0.38287142 0.56285417
vt 0.86452794 0.50180167
vt 1 0.40625
vt 0.18206924 0.5004189
vt 0.14845401 0.41638783
vt 0.98758566 0.44980025
vt 0.26393265 0.71542692
vt -0.0003426075 0.70013523
vt 0.671875 0.203125
vt 1.432532 0.41028723
vt 0.45874679 0.40624219
vt 0.28604126 0.60041702
vt 0.59792376 0.44980022
vt 0.26393253 0.29145283
vt -0.14842905 0.50182837
vt 1.2855051 0.44740814
vt 2.9802322e-08 0.203125
vt -0.00037944317 -0.072636597
vt 0 0
vt 0.75331116 1
vt 0.74350202 0.30256236
vt -2.6263297e-07 -2.682209e-07
vt 0.32316756 0.44965622
vt 0.671875 0.203125
vt 0.32316753 0.41587743
vt -0.3062959 0.5364421
vt 0.45874679 0.40624219
vt 0.4375 0.203125
vt 0.063065231 0.12491626
vt 0.99999154 0.41238776
vt 0.99695623 0.91273218
vt 0.5009318 0.5004189
vt -0.45073235 0.5364421
vt 2.9802322e-08 0.203125
vt 0.59744745 0.44980022
vt 0 0.203125
vt 0 0
vt 0.48590231 0.29145283
vt 0.75331116 1
vt -0.12521994 0.50041884
vt 1.1739471 0.5004189
vt 0.54125321 0.55111891
vt 0.055311039 0.44773307
vt 0.6667785 0.077495456
vt -0.064693928 0.50180167
vt 0.94060034 0.41028726
vt 0.4375 0.203125
vt 0.45874679 0.40624219
vt 0.2923938 0.50042635
vt 0.21875 0.203125
vt 2.9802322e-08 0.203125
vt 0.92538249 0.098960996
vt 0.21419853 0.203125
vt 1.4992688 0.41028726
vt 0.29928625 0.5004189
vt 0.54125321 0.55111891
vt 0.21875 0
vt -0.17224926 0.44980022
vt 1.499269 0.44740811
vt -0.17227119 0.50041884
vt -0.0042038113 0.44980022
vt 0.44058365 0.12896866
vt 0.40780252 0.11320239
vt 0.49595416 0.53747004
vt 0.48590243 0.71542692
vt 0.4375 0.203125
vt 1 0.50457662
vt 0.38377619 0.41238776
vt 0.76552641 0.44980022
vt 0.67908669 0.50180167
vt -0.11286631 0.5364421
vt 0.21875 0.203125
vt 0.74350226 0.70425111
vt 1.0000001 0.99999994
vt 0.21419853 0.203125
vt 0.38283455 0.56285417
vt 0.54125321 0.55111891
vt 0.21875 0
vt 0.98758566 0.44980025
vt 0.99695623 0.70916784
vt 0.26651913 0.50457662
vt 0.49826199 0
vt 0.21875 0.203125
vt 1.2855051 0.44740814
vt 0.7764321 0.55111891
vt 0.21419853 0.203125
vt 0.94060034 0.53747004
vt -0.0003426075 0.60041702
vt 0.38724911 0.1677247
vt -0.00037944317 -0.072636597
vt 0.055311039 0.41238776
vt 0.25911927 0.5364421
vt 0.26651913 0.50457662
vt 0.46713853 0.41180012
vt 0.37915671 0.060704887
vt 0.60507929 0.44773307
vt 0.49826199 0
vt -0.0003426075 0.8920185
vt 0.66886675 0.5004189
vt -0.0003426075 0.2053113
vt 0.50078785 0.5004189
vt 0.7764321 0.55111891
vt 0.72526586 0.45278448
vt 0.38724923 0.83874315
vt 0.74350238 0.18572773
vt 0.62734336 0.18572773
vt 0.35014802 0.44980022
vt 0.70243406 0.44980022
vt 0.4303773 0.065070212
vt 0.44058365 0.15644431
vt 0.031265289 0.1830193
vt 0.26651913 0.50457662
vt 5.9604645e-08 0.55111891
vt 0.063065231 0.89201838
vt 0.7764321 0.55111891
vt 0.72526586 0.45278448
vt 0 1
vt 1.499269 0.53746992
vt 1 -1.0430813e-07
vt 1.499269 0.44740811
vt 0.23517889 0.40624219
vt 0.2923938 0.53747004
vt 5.9604645e-08 0.50457662
vt 0.75 0
vt 0.80696833 0.41238776
vt -0.00034284592 0.31679958
vt 0.26562184 0.5004189
vt 0.66672039 0.12938303
vt 0.72081113 -0.023634687
vt 0.70243347 0.5004189
vt 0.38377619 0.41238776
vt 0.76552641 0.44980022
vt 5.9604645e-08 0.55111891
vt 0.6666193 0.53644216
vt -0.028703213 0.44980022
vt -0.14842905 0.53698963
vt 0.23517889 0.45278448
vt 0.18216002 0.5004189
vt -0.17212766 0.44980022
vt 0.097543091 0.44980022
vt 0.73428965 0.50426787
vt 1 0.203125
vt -0.11286631 0.4481861
vt 0.40427282 0.44980022
vt 0.72526586 0.40624219
vt 0.94060034 0.53747004
vt 0.62734348 0.82108563
vt -1.8347055e-07 1.0000002
vt 0.81965113 0.44980025
vt 0.74350238 0.59975117
vt 0.54161173 0.53504556
vt 0.23517889 0.45278448
vt 0.38377619 0.50182837
vt 0.25911927 0.44818616
vt 1 0.203125
vt 0.99695575 0.50584662
vt 0.296875 0.203125
vt 0.46713853 0.41180012
vt 0 0.55580354
vt -0.0003426075 0.8920185
vt 0.65973353 0.10276884
vt 0.66886675 0.5004189
vt 0.0019859672 0.064869687
vt 0.2638841 -0.15544493
vt 0.18221298 0.5004189
vt 0.49826211 0
vt 1 0.40625
vt 0.38724923 0.83874315
vt 0.67908669 0.44965622
vt 1.1738343 0.44980025
vt 0.62734336 0.18572773
vt 1.0879757 0.53746992
vt 0.34694028 0.50340712
vt 0.37523174 0.5084818
vt 0.44058365 0.15644431
vt 1.1739689 0.5004189
vt 1 0.203125
vt 1.0000001 -1.937151e-07
vt 0.296875 0.203125
vt 0.99626094 0.44965625
vt 0.24637589 1
vt 0.29239374 0.41028726
vt 0.40427226 0.5004189
vt 2.9802322e-08 0.40625
vt 1 0.40625
vt 0.18221366 0.44980022
vt 1.0304008 0.5004189
vt 0.097634017 0.44980022
vt 0.54161173 0.50180167
vt 0.80696833 0.50182837
vt -0.00034284592 0.31679958
vt 0.26562184 0.5004189
vt 0.24637589 1
vt 0.6935153 0.40831453
vt 1 0.40625
vt 1 0.45278448
vt 0.28604126 0.41617987
vt 0.74350238 0.90533632
vt 1.1270826 0.44980025
vt 0.40397611 0.12896389
vt -0.14842905 0.53698963
vt -0.17212766 0.44980022
vt -0.12524128 0.44980022
vt 0.59792376 0.5004189
vt 1.0304008 0.44980025
vt 1.1270826 0.5004189
vt 1.0879757 0.41028726
vt 0.46713853 0.53644216
vt 1 0.45278448
vt 0.81965113 0.44980025
vt 0.6666193 0.44818616
vt 0.54161173 0.53504556
vt 0.29943079 0.44980022
vt 0.2435853 0.41238776
vt -0.0003426075 0.12491626
vt 0.065491922 0.95241892
vt 0.99695575 0.50584662
vt 0.80696833 0.53698963
vt 0.7435025 -0.023868755
vt 0.46713853 0.44818616
vt 0.2638841 -0.15544493
vt 1 0.45278448
vt 0.7435469 -0.1179169
vt 1.0879757 0.53746992
vt 1.1739689 0.5004189
vt 0.99695623 0.82744312
vt 0.57220715 0.5004189
vt 0.50093246 0.44980022
vt 0.99999154 0.50182837
vt -0.00037944317 1.0895715
vt 1 0
vt 0.40427226 0.5004189
vt 0.33792251 0.079084158
vt 0.72081113 1.0304481
vt 0.68883169 0.60337919
vt 1.2855051 0.41028723
vt 0.70832837 0.50042635
vt 0.9041543 0.44980025
vt 1 0
vt -0.028068721 0.44980022
vt -0.064693928 0.44965619
vt 0.26393265 0.92766833
vt -0.12529439 0.44980022
vt 0.8703686 0.44980022
vt 0.32316753 0.53504556
vt 0.65954733 0.10330385
vt 0.59792376 0.5004189
vt 0.26393265 0.5034402
vt 0.25911927 0.41180006
vt 1.0879757 0.41028726
vt 0.26393265 0.605129
vt 1 0
vt 0.46713853 0.53644216
vt 0.12507126 0.44965622
vt 0.70832837 0.44740814
vt 1.0304229 0.5004189
vt -0.0042038113 0.50041884
vt 0.46713853 0.50013566
vt -0.0003426075 0.12491626
vt 0.74350238 0.82108575
vt -0.028559923 0.50041884
vt 0.54161173 0.44965622
vt 0.86452794 0.53504556
vt 0.7435025 -0.023868755
vt 0.46713853 0.44818616
vt 0 0
vt 0.12507126 0.50180167
vt 0.19685084 0.31679958
vt -0.12527227 0.50041884
vt -0.085013226 0.44773307
vt 0.86452794 0.50180167
vt 0.44040805 0.59975117
vt 0.99695623 0.82744312
vt 0.18206924 0.5004189
vt 0.57220715 0.5004189
vt 0.055311039 0.53698963
vt 0.50173783 1
vt 0.14847746 0.41638783
vt 0.90415406 0.5004189
vt 0.99695563 0.18425062
vt 1.432532 0.41028723
vt 1.0001593 0.40368098
vt 0.28604126 0.60041702
vt 0.26393265 0.079084158
vt 0 0
vt 0.92538261 0.91273218
vt -0.0003426075 0.81162339
vt 0.38279936 0.56285417
vt 0.67908669 0.41587746
vt 0.50173783 1
vt 0.68883169 0.60337919
vt 0.40412828 0.44980022
vt 0.26562184 0.44980022
vt 0.36075103 0.10614961
vt 1.0879757 0.44740811
vt -0.064693928 0.44965619
vt 1 0
vt 1.1270831 0.5004189
vt 0.8703686 0.44980022
vt 0.99999154 0.41238776
vt 0.99695623 0.91273218
vt 0.80696833 0.44773307
vt 0.50173783 1
vt 0.25895521 0
vt 0.6667785 0.077495456
vt -0.064693928 0.50180167
vt 0.26393265 0.605129
vt 3.7178397e-05 0
vt 0.7764321 0.50457662
vt 0.12507126 0.44965622
vt -0.028612494 0.50041884
vt 1.0304229 0.5004189
vt 0.40421939 0.5004189
vt 0.99634755 1.1376847
vt 0.92538249 0.098960996
vt 0.46713853 0.50013566
vt 0.35014802 0.5004189
vt 0.97269189 -0.027693748
vt 0.25895521 0
vt 0.54161173 0.44965622
vt 0.7764321 0.50457662
vt 0.2435853 0.44773307
vt -0.11286631 0.5001356
vt -0.085013226 0.44773307
vt 1.0721117 0.44980022
vt 0.99695611 1.0393867
vt 1 1
vt 0.99626094 0.50180167
vt 0.26393276 0.40175048
vt 0.055311039 0.53698963
vt 0.18206924 0.5004189
vt 0.74073184 0.0039062798
vt 0.90415406 0.5004189
vt 0.99695563 0.18425062
vt 1 0.203125
vt 0.28604126 0.60041702
vt 0.702411 0.5004189
vt 0.19685084 0.70013511
vt 0.25911927 0.50013566
vt -0.0003426075 0.60041702
vt 0.74073184 0.0039062798
vt 0.99999154 0.44773307
vt 0.26562184 0.44980022
vt 0.53387576 0.70425111
vt 0.70832837 0.41028723
vt 0.99634731 -0.12599152
vt 0.49997234 0.59214753
vt 0.99999154 0.41238776
vt 0.61431968 0.12989789
vt 0.99999994 0.203125
vt 1.1269412 0.44980025
vt 0.35014802 0.44980022
vt 0.59759146 0.5004189
vt 0.4303773 0.065070212
vt 0.055311039 0.44773307
vt 0.54125321 0.50457662
vt 0.21419853 0
vt -0.51626837 0.41180003
vt -0.064693987 0.53504556
vt -0.17218041 0.44980022
vt 0.58455563 0.40175048
vt 0.74073178 0.0039062798
vt 0.063065231 0.89201838
vt 0.26651913 0.55111891
vt 0.042682454 0.50041884
vt 0.40421939 0.5004189
vt 0.35014802 0.5004189
vt -0.45073235 0.5001356
vt 0.97269189 -0.027693748
vt 1.499269 0.44740811
vt -0.0003426075 0.5084818
vt 0.2923938 0.53747004
vt 0.90415424 0.5004189
vt 0.54125321 0.50457662
vt -0.3062959 0.4481861
vt 0.80696833 0.41238776
vt 1 1
vt -0.064693928 0.4158774
vt 0.515625 0.203125
vt 0.61712855 0.56285441
vt 0.40412828 0.5004189
vt 0.70243347 0.5004189
vt 0.38377619 0.41238776
vt 0.99695599 0.30252582
vt 0.097634017 0.5004189
vt 0.76552641 0.44980022
vt 0.296875 0.40625
vt 0.60507929 0.50182837
vt 0 0.203125
vt 0.99695611 1.0393867
vt 0.86452794 0.44965625
vt 1 1
vt 0.4375 0.40625
vt 0.515625 0.203125
vt 1 0.40624219
vt 0.14010064 0.50041884
vt 0.40427282 0.44980022
vt 0.99996281 0
vt -0.085013226 0.41238776
vt 0.19685084 0.70013511
vt 0.296875 0.40625
vt -0.0003426075 0.60041702
vt 0.40289709 0.065516174
vt 0.74350238 0.59975117
vt 0.90415406 0.44980025
vt 0.64029944 0.084128678
vt 0.75 0.203125
vt 0.59759194 0.44980022
vt 0.29937726 0.44980022
vt 1 1
vt 0.515625 0.203125
vt 0.75 0
vt 0.53387576 0.70425111
vt 0.70832837 0.41028723
vt 0.46713853 0.41180012
vt 0.031329907 0.4481861
vt 1 0.40624219
vt 0.28859603 1.0597219
vt 0.81989765 0.5004189
vt 0.296875 0.40625
vt -2.6263297e-07 -2.9802322e-07
vt 1.1269412 0.44980025
vt 0.75 0.203125
vt 0.34694028 0.50340712
vt 0.75 0
vt 0.66886675 0.44980022
vt 0.33792275 0.92766857
vt 0.515625 0
vt 0.5338757 0.30256236
vt -0.51626837 0.5001356
vt -0.064693987 0.53504556
vt -0.17218041 0.44980022
vt 1 0.40624219
vt 0.99795598 0.064869687
vt 0.01846981 0.0055300049
vt -0.11286631 0.41180006
vt 1.432532 0.44740814
vt -0.0003426075 0.5084818
vt 0.64050096 0.12270868
vt 0.99626094 0.41587746
vt 0.515625 0
vt 0.80696833 0.50182837
vt -0.3062959 0.4481861
vt 0.60507929 0.41238776
vt -0.064693928 0.4158774
vt -1.6763806e-07 1.0000002
vt 0.26562184 0.5004189
vt 0.40412828 0.5004189
vt 0.031253546 0.18204278
vt 0.031329907 0.41180006
vt 0.2435853 0.53698963
vt 0.99695599 0.30252582
vt 0.097634017 0.5004189
vt 1.1739471 0.44980025
vt 0.99695563 0.60337919
vt 0.28859603 -0.052968636
vt -0.12536293 0.44980022
vt 1.2855051 0.53746992
vt 0.74350238 0.90533632
vt 1.1270826 0.44980025
vt 0.515625 0
vt 0.50087911 0.44980022
vt 0.14010064 0.50041884
vt 0.99626094 0.53504562
vt 0.40427282 0.44980022
vt 1.1739689 0.5004189
vt 0.29937726 0.5004189
vt 2.9802322e-08 0.40624219
vt 0.74350226 0.1014771
vt 0.61431968 0.077249527
vt 0.70228964 0.5004189
vt 0.031329907 0.5001356
vt 0.6666193 0.44818616
vt -0.085013226 0.50182837
vt -0.00034284592 0.41618007
vt 0.81965113 0.44980025
vt 0.74350238 0.59975117
vt 0.40289709 0.065516174
vt 1 0.203125
vt 0.46736509 0.5004189
vt 0.50173777 1
vt 0.031329907 0.4481861
vt 0.59421194 0.50584662
vt 0.28859603 1.0597219
vt 0.2638841 1.1621974
vt 0 0
vt 1.0879757 0.53746992
vt 0.065822229 0.95281136
vt 1.029917 0.5004189
vt 0.25895524 0
vt 2.9802322e-08 0.45278448
vt 0.50173777 1
vt 0.43528634 0.11320144
vt 0.99999154 0.50182837
vt -0.00037944317 1.0895715
vt 0 0.40625
vt 0.33792251 0.079084158
vt 0.36106974 0.10646677
vt -0.11286631 0.41180006
vt 0 0
vt 0.24637583 1
vt 0.64050096 0.12270868
vt 0.80696833 0.50182837
vt 0.50173777 1
vt 0.60507929 0.41238776
vt 0.94060034 0.50042635
vt 0 0.40625
vt 1 0.50457662
vt 0.32316753 0.50180167
vt 0.031329907 0.41180006
vt 1.0000001 0.99999958
vt 0.99695563 0.60337919
vt 0.28859603 -0.052968636
vt 1.0601245 0.41587746
vt 0.24637583 1
vt -0.12529439 0.44980022
vt 1 0
vt 0.38965309 0.094890475
vt 0.659217 0.10291141
vt -0.12524128 0.44980022
vt 0.75331116 1
vt 0.25911927 0.41180006
vt -2.0861626e-07 0.99999988
vt 0.87807196 0.18425062
vt 0.99626094 0.53504562
vt 1.1739689 0.5004189
vt 1 0.50457662
vt 0.46713853 0.53644216
vt 0.8703686 0.5004189
vt 0.671875 0.203125
vt 0.2435853 0.50182837
vt 0.61431968 0.077249527
vt 0.70228964 0.5004189
vt -0.14842905 0.44773307
vt -0.085013226 0.50182837
vt 0.031329907 0.5001356
vt -0.0042038113 0.50041884
vt 0.6666193 0.44818616
vt 0.24637583 1
vt 2.9802322e-08 0.203125
vt 0.67407733 0.90533632
vt 0.46736509 0.5004189
vt 1.0879757 0.50042635
vt 0 0.203125
vt 0.75331116 1
vt -0.028559923 0.50041884
vt 0 0
vt 1 0.50457662
vt 0.002053231 0.064869687
vt 0.2638841 1.1621974
vt 0.37915671 0.08815378
vt 0.01846981 1.0114049
vt 0.45874679 0.40624219
vt 0.50078785 0.44980022
vt 0.90417719 0.44980025
vt 0.12507126 0.50180167
vt 0.58455575 0.60512865
vt 2.9802322e-08 0.203125
vt 0.29943013 0.5004189
vt 0 0.203125
vt 0 0
vt 0.066008426 0.95227635
vt 1 0.203125
vt 0.75331116 1
vt 1.499269 0.50042623
vt 0.99695623 0.82744312
vt 0.54161173 0.41587746
vt 1.1270609 0.5004189
vt 0.57220715 0.5004189
vt 0.72526586 0.45278448
vt 0.10766029 0.2053113
vt 0.34258366 0.060709655
vt 0.74350238 0.40706211
vt -0.00037944317 1.0895715
vt -0.0282197 0.50041884
vt 0.33792251 0.079084158
vt 0.36106974 0.10646677
vt 0.26393265 0.079084158
vt 1 0.203125
vt 0 0.203125
vt 0.23517889 0.40624219
vt 0 0
vt 0.40290177 0.028921127
vt 0.21875 0
vt 0.702411 0.44980022
vt 0.40412828 0.44980022
vt 0.36075103 0.10614961
vt 0.81965053 0.5004189
vt 0.97269261 1.0393867
vt -0.00034284592 1.0115989
vt 0.38965309 0.094890475
vt 0.23517889 0.40624219
vt 0.49826199 0
vt 1.0601245 0.44965625
vt 0.25911927 0.41180006
vt -0.085013226 0.53698963
vt 1.0601245 0.50180167
vt -0.51626837 0.5364421
vt 0.12507126 0.53504556
vt 0.40421939 0.44980022
vt 0.26393241 1.0599761
vt -0.14842905 0.44773307
vt 0.4485296 0.04721576
vt 0.23517889 0.45278448
vt 0.6666193 0.41180012
vt 0.57220715 0.44980022
vt 0.81962818 0.44980025
vt 1.0879757 0.50042635
vt 0.54161173 0.44965622
vt 0.78345239 0.70916784
vt 0.40397611 0.15644813
vt 0.91007423 0.32850882
vt 0.86452794 0.53504556
vt -0.14842905 0.41238776
vt 0.49595416 0.41028726
vt 0.37915671 0.08815378
vt 0.94060034 0.44740811
vt 0.78345227 0.30252582
vt 0.23517889 0.45278448
vt 0.29943013 0.5004189
vt 0.74350238 0.50340664
vt -0.085013226 0.44773307
vt 1 0.203125
vt 1.0721117 0.44980022
vt 1.499269 0.50042623
vt 0 1
vt 0.99626094 0.50180167
vt 0.99803978 0.064869687
vt 5.9604645e-08 0.50457662
vt 0.75 0
vt 1.0298796 0.44980025
vt 0.90415406 0.5004189
vt 5.9604645e-08 0.55111891
vt -0.00034284592 0.0053359321
vt 0.70228964 0.44980022
vt 0.055311039 0.50182837
vt -0.3062959 0.41180006
vt 0.702411 0.5004189
vt 0.26393265 0.079084158
vt 0.25911927 0.50013566
vt 2.9802322e-08 0.40625
vt 0.43528634 0.076600611
vt 2.3841858e-07 0
vt 0 1
vt 0.031329896 0.5364421
vt 0.49595416 0.50042635
vt 0.702411 0.44980022
vt -0.51626837 0.4481861
vt 5.9604645e-08 0.50457662
vt -0.028091073 0.44980022
vt 0.75 0
vt 0.99999154 0.44773307
vt 0.99634731 -0.12599152
vt 1.1739689 0.44980025
vt 1.0879757 0.44740811
vt 5.9604645e-08 0.55111891
vt 2.9802322e-08 0.40625
vt 0.46736503 0.44980022
vt -0.00034284592 1.0115989
vt 0.12507126 0.41587743
vt 0.18216005 0.44980022
vt 0 1
vt -0.12538493 0.50041884
vt 1.0721117 0.5004189
vt 0.59759146 0.5004189
vt 0.7435469 1.12473
vt 5.9604645e-08 0.50457662
vt 0.75 0
vt 0.40421939 0.44980022
vt 1 1.0000002
vt 0.99695575 0.098960996
vt 1.0000001 1
vt 0.50087911 0.5004189
vt 0.26393265 -0.05322291
vt 0.097543091 0.5004189
vt 0.29239374 0.44740817
vt 0.26393241 1.0599761
vt 1.432532 0.50042623
vt -0.3062959 0.5001356
vt 0 0
vt 0.72526586 0.40624219
vt 0.75 0.203125
vt 0.81962818 0.5004189
vt -0.45073235 0.5001356
vt 0.49826211 0
vt 0.44040793 0.40706211
vt 1.029933 0.44980025
vt 0.70832837 0.53747004
vt 0.76552641 0.5004189
vt 0.59744745 0.5004189
vt 0.90415424 0.5004189
vt -0.14842905 0.41238776
vt 0.296875 0.203125
vt 2.9802322e-08 0.45278448
vt 1 0.45278448
vt 0.75 0.203125
vt 0.72526586 0.40624219
vt 0.87807256 0.82744312
vt 0.097687304 0.44980022
vt 0.60507929 0.50182837
vt 1.0721117 0.44980022
vt 0.26393265 0.83874393
vt 0.99695611 1.0393867
vt 0.49826211 0
vt 0.40781161 0.076596797
vt 0.089851588 0.32850882
vt 0.90417653 0.5004189
vt 0.097686768 0.5004189
vt 0.296875 0.203125
vt 2.9802322e-08 0.45278448
vt 0.70228964 0.44980022
vt 0.055311039 0.50182837
vt 0.14842612 0.41638803
vt 0.86452794 0.41587746
vt 0.25911927 0.50013566
vt 0.43528634 0.076600611
vt 1.1976331 0.44980025
vt 1.197633 0.5004189
vt 0.75 0.203125
vt 0.49826211 0
vt 0.81989765 0.44980025
vt 0.34258366 0.08815378
vt 0.29937726 0.44980022
vt 1.2950513 0.44980025
vt 0.99999154 0.53698963
vt 0.70832837 0.41028723
vt 0.62109464 0.10360718
vt 0.68320894 0.5034402
vt 0.24637589 1
vt 0.81989765 0.5004189
vt 1.1270607 0.44980025
vt -0.12538493 0.50041884
vt 0.29928625 0.44980022
vt 0.67407715 0.1014771
vt -0.17215842 0.50041884
vt 0.66886675 0.44980022
vt 0.99695551 -0.027693748
vt 0.33792275 0.92766857
vt 0.5338757 0.30256236
vt 0.59759146 0.5004189
vt 0.99695575 0.098960996
vt 0.60507929 0.53698963
vt 0.097543091 0.5004189
vt -0.0003426075 0.70013523
vt 1.2950513 0.5004189
vt 0.81962818 0.5004189
vt -0.45073235 0.5001356
vt 0.59792376 0.44980022
vt -0.14842905 0.50182837
vt 0.76552641 0.5004189
vt 0.91007656 0.32850862
vt 0.99626094 0.41587746
vt 0.74350202 0.30256236
vt 0.32316756 0.44965622
vt 0.10432041 0.81162328
vt 1.1739471 0.44980025
vt 0.32316753 0.41587743
vt -0.3062959 0.5364421
vt 0.097687304 0.44980022
vt 0.98758566 0.5004189
vt 0.26562667 0.50426769
vt 0.5009318 0.5004189
vt 0.50087911 0.44980022
vt -0.45073235 0.5364421
vt 0.14010064 0.44980022
vt 0.59744745 0.44980022
vt 0.097686768 0.5004189
vt -0.12521994 0.50041884
vt 1.1739471 0.5004189
vt 0 0
vt 0.7435025 1.0306822
vt 0.94060034 0.41028726
vt 1.1976331 0.44980025
vt -0.00034284592 0.41618007
vt 0.2923938 0.50042635
vt 0.21875 0
vt 0.34258366 0.08815378
vt 1.4992688 0.41028726
vt 0.29928625 0.5004189
vt 0.99695575 0.40831438
vt -0.17224926 0.44980022
vt 0.68320894 0.5034402
vt 1 0
vt -0.17227119 0.50041884
vt -0.0042038113 0.44980022
vt 0.67908669 0.53504556
vt 0.48590243 0.71542692
vt 0.50173783 1
vt 0.67908669 0.50180167
vt 0.67407715 0.1014771
vt -0.11286631 0.5364421
vt 0.66886675 0.44980022
vt 0.74350226 0.70425111
vt 0.5338757 0.30256236
vt -0.17215842 0.50041884
vt 0.43038109 0.028921127
vt -0.17210627 0.50041884
vt 0.59792376 0.44980022
vt 1.432532 0.44740814
vt 0.38724911 0.1677247
vt 0.94060034 0.50042635
vt 0.7764321 0.50457662
vt 0.055311039 0.41238776
vt 0.031329907 0.41180006
vt 0.10432041 0.81162328
vt 0.25911927 0.5364421
vt 0.37915671 0.060704887
vt 0.64037836 0.10343879
vt 0.60507929 0.44773307
vt 0.98758566 0.5004189
vt -0.0003426075 0.2053113
vt 0.50078785 0.5004189
vt 0.18206921 0.44980022
vt -0.45073235 0.41180003
vt 0.14010064 0.44980022
vt 0.59744745 0.44980022
vt 1.2855051 0.50042623
vt 0.99626094 0.53504562
vt 0.74350238 0.18572773
vt 0.87807196 0.18425062
vt -0.12521994 0.50041884
vt 0.70243406 0.44980022
vt 0.7435025 1.0306822
vt 0.2923938 0.50042635
vt 1 0
vt 0.85149026 0.41638783
vt 0.26393265 0.16772509
vt 1.499269 0.53746992
vt 0.99695575 0.40831438
vt 1.432532 0.53746992
vt -1.7881393e-07 0.99999988
vt -0.0042038113 0.44980022
vt 1 0.55111891
vt 1 0
vt 0.66672039 0.12938303
vt 0.50078785 0.44980022
vt 0.72081113 -0.023634687
vt 0.90417719 0.44980025
vt 1.029917 0.5004189
vt 0.066008426 0.95227635
vt 1.1270609 0.5004189
vt 0.671875 0.40625
vt 0.73438245 0.50426787
vt 0.26651913 0.55111891
vt 0.18216002 0.5004189
vt 0.10766029 0.2053113
vt 0.097543091 0.44980022
vt 1 0.55111891
vt -0.11286631 0.4481861
vt 1 0
vt 0.38279003 0.56285417
vt 0.54125321 0.50457662
vt 0.94060034 0.53747004
vt 0.62734348 0.82108563
vt 0.6666193 0.50013566
vt 0.94060034 0.50042635
vt 0.671875 0.40625
vt 0.26569885 0.50426787
vt 0.26651913 0.55111891
vt 0.38377619 0.50182837
vt 0.25911927 0.5364421
vt 0.81965053 0.5004189
vt 1 0.55111891
vt 0.37915671 0.060704887
vt 0.64037836 0.10343879
vt 0.66886675 0.5004189
vt 0.65973353 0.10276884
vt 0.042682573 0.44980022
vt -0.45073235 0.4481861
vt 0.50078785 0.5004189
vt -0.0003426075 0.2053113
vt 0.18221298 0.5004189
vt 0.18206921 0.44980022
vt 0.54125321 0.50457662
vt 0.0020718873 0.064869687
vt 0.67908669 0.44965622
vt 0.671875 0.40625
vt 0.62734336 0.18572773
vt 0.74073184 0.0039062798
vt 0.37523174 0.5084818
vt 0.44058365 0.15644431
vt 0.617217 0.56285441
vt -0.14842905 0.44773307
vt 1.0601245 0.53504562
vt 0.4485296 0.04721576
vt 0.57220715 0.44980022
vt 0.81962818 0.44980025
vt 0.29239374 0.41028726
vt 0.26393265 0.16772509
vt 0.18221366 0.44980022
vt 1.0304008 0.5004189
vt 0.74073184 0.0039062798
vt 0.78345239 0.70916784
vt 1.0000001 1
vt 0.097634017 0.44980022
vt 1.432532 0.53746992
vt 0.54161173 0.50180167
vt 0.21419853 0
vt 0.49595416 0.41028726
vt 0.66672039 0.12938303
vt 0.6935153 0.40831453
vt 0.74350238 0.50340664
vt 0.089867502 0.32850862
vt 1 0.40624219
vt 1.499269 0.50042623
vt 0.28604126 0.41617987
vt 0.40397611 0.12896389
vt 0.18216002 0.5004189
vt 0.10766029 0.2053113
vt 0.21419853 0
vt 1.0304008 0.44980025
vt -0.0282197 0.50041884
vt -0.00034284592 0.0053359321
vt 1.1270826 0.5004189
vt 0.74073178 0.0039062798
vt 0.91004872 0.32850882
vt 1.1920929e-07 0.203125
vt 0.031329896 0.5364421
vt 0.42228514 0.17459679
vt 0.6666193 0.50013566
vt -0.51626837 0.4481861
vt 0.29943079 0.44980022
vt 0.2435853 0.41238776
vt -0.028091073 0.44980022
vt 0.38377619 0.50182837
vt 0.21419853 0
vt 0.515625 0.203125
vt 0.4375 0.40625
vt 0.065491922 0.95241892
vt 0.99695575 0.50584662
vt 0.74073178 0.0039062798
vt 0.33792251 0.079084158
vt 0.80696833 0.53698963
vt 0.042682573 0.44980022
vt -0.45073235 0.4481861
vt -0.00034284592 1.0115989
vt 0.2638841 -0.15544493
vt 0.18221298 0.5004189
vt 1.3419377 0.44980025
vt 0.38377619 0.53698963
vt 0 0.203125
vt 0.7435469 -0.1179169
vt 1.0721117 0.5004189
vt 1 1
vt 0.4375 0.40625
vt 0.515625 0.203125
vt 1.1739689 0.5004189
vt 2.9802322e-08 0.40624219
vt 0.26393265 -0.05322291
vt 0.29239374 0.44740817
vt 0.50093246 0.44980022
vt -0.3062959 0.5001356
vt 0.40427226 0.5004189
vt 0 0.203125
vt 0.75331122 1
vt 1.0304008 0.5004189
vt 0.70832837 0.53747004
vt 0.59744745 0.5004189
vt 0.097634017 0.44980022
vt 0.4375 0.40625
vt 2.9802322e-08 0.40624219
vt 0.49595416 0.41028726
vt 0.72081113 1.0304481
vt 0.45874679 0.45278448
vt 1.2855051 0.41028723
vt 0.70832837 0.50042635
vt 0.9041543 0.44980025
vt 0.25895524 0
vt 0.91011178 0.32850882
vt 0.75331122 1
vt -0.028068721 0.44980022
vt 0.26393265 0.83874393
vt 0.26393265 0.92766833
vt 0.40781161 0.076596797
vt 0.28604126 0.41617987
vt 0.32316753 0.53504556
vt 0.75 0.203125
vt 0.75 0
vt 2.9802322e-08 0.40624219
vt 0.65954733 0.10330385
vt 0.59792376 0.5004189
vt 0.26393265 0.5034402
vt -0.00034284592 0.0053359321
vt 1.0879757 0.41028726
vt 0.45874679 0.45278448
vt 0.25895524 0
vt 0.75331122 1
vt 0.50173777 1
vt 0.49595416 0.44740817
vt 0.031329896 0.5364421
vt 0.70832837 0.44740814
vt 0.49595416 0.50042635
vt -0.51626837 0.4481861
vt 0.2435853 0.41238776
vt 1.9557774e-08 -1.9278377e-07
vt -0.0003426075 0.12491626
vt 0.74350238 0.82108575
vt 0.45874679 0.45278448
vt 1 0.40625
vt 1 0
vt 0.80696833 0.53698963
vt 0.25895524 0
vt 0.46713853 0.44818616
vt 1.3419377 0.44980025
vt 0.49595416 0.53747004
vt 1.3419377 0.5004189
vt -0.12538493 0.50041884
vt 0.7435469 -0.1179169
vt 0.38377619 0.53698963
vt 0.38377619 0.44773307
vt 0.99695551 -0.027693748
vt 0.19685084 0.31679958
vt -0.12527227 0.50041884
vt 0.86452794 0.50180167
vt 0.44040805 0.59975117
vt 0.24637583 1
vt 0.50093246 0.44980022
vt 1 0
vt 0.26393265 0.71542692
vt 0.81962818 0.5004189
vt 1.0000001 1.0000005
vt 1.432532 0.41028723
vt 0.26393253 0.29145283
vt 0.92538261 0.91273218
vt 0.70832837 0.53747004
vt 0.76552641 0.5004189
vt 0.96868634 0.18204278
vt 0.671875 0.203125
vt 0.68883169 0.60337919
vt 0.32316756 0.44965622
vt 1.2855051 0.41028723
vt 0.70832837 0.50042635
vt 1 0
vt 0.21419853 0.203125
vt 0.097687304 0.44980022
vt 2.9802322e-08 0.203125
vt -0.064693928 0.44965619
vt 0 0
vt 0.75331116 1
vt 1.1270831 0.5004189
vt 0.063065231 0.12491626
vt 0.8703686 0.44980022
vt 0 0.203125
vt 0.99695623 0.91273218
vt 0.5009318 0.5004189
vt 0.671875 0.203125
vt 0.90417653 0.5004189
vt 0.4375 0.203125
vt 0.26393265 0.5034402
vt 0.48590231 0.29145283
vt 0.45874679 0.40624219
vt 1.1739471 0.5004189
vt 0.6667785 0.077495456
vt -0.064693928 0.50180167
vt 0.94060034 0.41028726
vt 2.9802322e-08 0.203125
vt 2.3841858e-07 -6.7520887e-08
vt -2.3841858e-07 1.9278377e-07
vt 0 0.203125
vt 0 0
vt 0.54125321 0.55111891
vt 0.21875 0
vt 0.12507126 0.44965622
vt 0.34258366 0.08815378
vt 0.92538249 0.098960996
vt 0.46713853 0.50013566
vt 0.4375 0.203125
vt 0.74350238 0.82108575
vt 0.45874679 0.40624219
vt 1 0.50457662
vt 0.21875 0.203125
vt -0.17227119 0.50041884
vt 0.44058365 0.12896866
vt 0.40780252 0.11320239
vt 0.49595416 0.53747004
vt 0.48590243 0.71542692
vt 0.2435853 0.44773307
vt 0.54125321 0.55111891
vt 0.21875 0
vt 0.67407715 0.1014771
vt -0.11286631 0.5364421
vt 0.19685084 0.31679958
vt -0.11286631 0.5001356
vt 0.4375 0.203125
vt 0.49826199 0
vt 0.26393276 0.40175048
vt 0.18206924 0.5004189
vt 1 0.50457662
vt 0.055311039 0.53698963
vt 0.98758566 0.44980025
vt 0.21875 0.203125
vt 0.21419853 0.203125
vt 0.99695623 0.70916784
vt -0.0003426075 0.70013523
vt 1.432532 0.41028723
vt 0.54125321 0.55111891
vt 0.28604126 0.60041702
vt 0.21875 0
vt 0.59792376 0.44980022
vt 0.91014147 0.32850882
vt 1.2855051 0.44740814
vt 0.38724911 0.1677247
vt 0.26651913 0.50457662
vt -0.00037944317 -0.072636597
vt 0.055311039 0.41238776
vt 0.49826199 0
vt 0.49995601 0.59214753
vt 0.21875 0.203125
vt 0.7764321 0.55111891
vt 0.21419853 0.203125
vt 0.60507929 0.44773307
vt 0.063065231 0.12491626
vt 2.6309863e-07 -3.2782555e-07
vt 0.99999154 0.41238776
vt 0.99695623 0.91273218
vt 0.61431968 0.12989789
vt 0.26651913 0.50457662
vt 0.49826199 0
vt 1.1739471 0.5004189
vt 0.35014802 0.44980022
vt 0.055311039 0.44773307
vt 0.4303773 0.065070212
vt 0.6667785 0.077495456
vt 0.7764321 0.55111891
vt 0.72526586 0.45278448
vt -0.51626837 0.41180003
vt 0.58455563 0.40175048
vt 1 0.40625
vt 0 0.40625
vt 0.063065231 0.89201838
vt 0.042682454 0.50041884
vt 0.40421939 0.5004189
vt 0.23517889 0.40624219
vt 1.4992688 0.41028726
vt 0.38282302 0.56285417
vt 0.26651913 0.50457662
vt 0.97269189 -0.027693748
vt 5.9604645e-08 0.55111891
vt 1.499269 0.44740811
vt 0.7764321 0.55111891
vt 0.2923938 0.53747004
vt 0.72526586 0.45278448
vt 0.80696833 0.41238776
vt 0.40780252 0.11320239
vt 0.44058365 0.12896866
vt 0 1
vt 0.70243347 0.5004189
vt 0.38377619 0.41238776
vt 0.99999881 -8.2422048e-08
vt 0.76552641 0.44980022
vt 0.23517889 0.40624219
vt 0.6666193 0.53644216
vt 0.24637589 1
vt -0.11286631 0.5001356
vt 5.9604645e-08 0.50457662
vt 5.9604645e-08 0.55111891
vt -0.028703213 0.44980022
vt 0.96864671 0.1830193
vt -0.17212766 0.44980022
vt 0.99695623 0.70916784
vt 0.23517889 0.45278448
vt 0.19685084 0.70013511
vt -0.0003426075 0.60041702
vt 0.38724911 0.1677247
vt 1 0.203125
vt 0.64029944 0.084128678
vt 0.055311039 0.41238776
vt 0.14845422 0.41638803
vt 0.25911927 0.5364421
vt 0.25911927 0.44818616
vt 0.53387576 0.70425111
vt 0.46713853 0.41180012
vt 0.60507929 0.44773307
vt 0.23517889 0.45278448
vt -0.0003426075 0.8920185
vt 0.66886675 0.5004189
vt 0.50078785 0.5004189
vt 1 0.203125
vt 0.38724923 0.83874315
vt 0.296875 0.203125
vt 1.1738343 0.44980025
vt 0.62734336 0.18572773
vt 0.34694028 0.50340712
vt 0.4303773 0.065070212
vt 0.44058365 0.15644431
vt 0.99999982 1
vt 0.0011974568 0.40368098
vt -0.51626837 0.5001356
vt -0.064693987 0.53504556
vt -0.17218041 0.44980022
vt 2.9802322e-08 0.40625
vt 1 0.40625
vt 0.99626094 0.44965625
vt 0.063065231 0.89201838
vt 0.042682454 0.50041884
vt 0.29239374 0.41028726
vt 0.01846981 0.0055300049
vt 1 0.203125
vt 0.96872801 0.18204311
vt 0.296875 0.203125
vt 0.2923938 0.53747004
vt 0.24637589 1
vt 0.54161173 0.50180167
vt 2.9802322e-08 0.40625
vt 5.9604645e-08 0
vt -0.00034284592 0.31679958
vt 0.26562184 0.5004189
vt 1 0.40625
vt 0.40412828 0.5004189
vt 0.70243347 0.5004189
vt 0.99695599 0.30252582
vt 0.097634017 0.5004189
vt 0.6935153 0.40831453
vt 0.6666193 0.53644216
vt -0.12536293 0.44980022
vt 8.9406967e-08 1
vt -0.14842905 0.53698963
vt 0.74350238 0.90533632
vt 1.1270826 0.44980025
vt 0.18216002 0.5004189
vt -0.17212766 0.44980022
vt 0.24637589 1
vt 1.0304008 0.44980025
vt 1 0.40625
vt 1 0.45278448
vt 1 0.50457662
vt 0.40427282 0.44980022
vt 0.29937726 0.5004189
vt 0.99792814 0.064869687
vt 0 0.55580354
vt 0.74350226 0.1014771
vt 0.81965113 0.44980025
vt 0.74350238 0.59975117
vt 0.64029944 0.084128678
vt 0.54161173 0.53504556
vt 0.29943079 0.44980022
vt 0.25911927 0.44818616
vt 0.065491922 0.95241892
vt 2.9802322e-08 0.45278448
vt 1 0.45278448
vt 0.59421194 0.50584662
vt 0.72526586 0.40624219
vt 0.75 0.203125
vt 0.61714512 0.56285417
vt 1.1738343 0.44980025
vt 1.0879757 0.53746992
vt 0.065822229 0.95281136
vt 0.34694028 0.50340712
vt 1.1739689 0.5004189
vt 1 0.45278448
vt 0.43528634 0.11320144
vt 0.99626094 0.44965625
vt 0.99999154 0.50182837
vt 0.29239374 0.41028726
vt 1 1.8719584e-07
vt 0.40427226 0.5004189
vt -0.11286631 0.41180006
vt 0.64050096 0.12270868
vt 1 0
vt 0.54161173 0.50180167
vt 0.80696833 0.50182837
vt 0.60507929 0.41238776
vt 0.99695563 0.60337919
vt -0.028068721 0.44980022
vt 1.0601245 0.41587746
vt 0.28859603 -0.052968636
vt -0.12529439 0.44980022
vt -0.12536293 0.44980022
vt 1.1270826 0.44980025
vt 1 0
vt 0.659217 0.10291141
vt 0.65954733 0.10330385
vt -0.12524128 0.44980022
vt 0.59792376 0.5004189
vt 1.0304008 0.44980025
vt 1.0879757 0.41028726
vt 1.1739689 0.5004189
vt 1.000037 0
vt 0.46713853 0.53644216
vt 0.8703686 0.5004189
vt 0.74350226 0.1014771
vt 0.2435853 0.50182837
vt 0.61431968 0.077249527
vt 0.70228964 0.5004189
vt 0.70832837 0.44740814
vt 1.0000002 -4.4703484e-08
vt -0.085013226 0.50182837
vt -0.0042038113 0.50041884
vt 0.6666193 0.44818616
vt 0.29943079 0.44980022
vt 1 0
vt 0.67407733 0.90533632
vt -0.0003426075 0.12491626
vt 0.065491922 0.95241892
vt -0.028559923 0.50041884
vt 0.99802804 0.064869687
vt 0 0
vt 0.7435025 -0.023868755
vt 0.46713853 0.44818616
vt 0.2638841 1.1621974
vt 0.01846981 1.0114049
vt 0.12507126 0.50180167
vt 0.58455575 0.60512865
vt 1 0.40625
vt 0.44040805 0.59975117
vt 0.99695623 0.82744312
vt 0.54161173 0.41587746
vt 0.57220715 0.5004189
vt 0.50093246 0.44980022
vt 0.99999154 0.50182837
vt 0 0
vt 0.34258366 0.060709655
vt 0.74350238 0.40706211
vt -0.00037944317 1.0895715
vt 0.33792251 0.079084158
vt 0.50173783 1
vt 0.92538261 0.91273218
vt -0.0003426075 0.81162339
vt 0.9100998 0.32850862
vt 0.67908669 0.41587746
vt 0.40290177 0.028921127
vt 0.72081113 1.0304481
vt 0 0
vt 0.40412828 0.44980022
vt 0.36075103 0.10614961
vt -0.064693928 0.44965619
vt 0.97269261 1.0393867
vt 0.26393265 0.92766833
vt 1.1270831 0.5004189
vt 0.50173783 1
vt 0.8703686 0.44980022
vt 0.031353295 0.1820429
vt 0.38965309 0.094890475
vt 0.80696833 0.44773307
vt 0.65954733 0.10330385
vt 0.26393265 0.5034402
vt 1.0601245 0.44965625
vt 0.25911927 0.41180006
vt 1.0601245 0.50180167
vt -0.51626837 0.5364421
vt 0.26393265 0.605129
vt 0.14851907 0.41638803
vt 0.8703686 0.5004189
vt 0.50173783 1
vt 0.25895521 0
vt 0.12507126 0.44965622
vt 0.70832837 0.44740814
vt -0.028612494 0.50041884
vt 0.6666193 0.41180012
vt 0.99634755 1.1376847
vt 1.0304229 0.5004189
vt -0.0042038113 0.50041884
vt 0.35014802 0.5004189
vt 0.74350238 0.82108575
vt 0.7764321 0.50457662
vt -0.028559923 0.50041884
vt 0.54161173 0.44965622
vt 0.031304896 0.18204278
vt 0.40397611 0.15644813
vt 0.86452794 0.53504556
vt 0.2435853 0.44773307
vt 0.25895521 0
vt 0.78345227 0.30252582
vt 0.12507126 0.50180167
vt 0.29943013 0.5004189
vt 0.38236845 0.56285417
vt 1.0000001 1.0000001
vt -0.085013226 0.44773307
vt 0.7764321 0.50457662
vt 2.3841858e-07 0.203125
vt 0.99626094 0.50180167
vt 0.26393276 0.40175048
vt 0.055311039 0.53698963
vt 0.18206924 0.5004189
vt 0.90415406 0.5004189
vt 0.99695563 0.18425062
vt 1.432532 0.41028723
vt 0.25895521 0
vt 0.702411 0.5004189
vt -0.3062959 0.41180006
vt 0.26393265 0.079084158
vt 0.92538261 0.91273218
vt -0.0003426075 0.81162339
vt 0.74073184 0.0039062798
vt 0.67908669 0.41587746
vt 0.40290177 0.028921127
vt 0.702411 0.44980022
vt 0.40412828 0.44980022
vt 0.99999154 0.44773307
vt 0.26562184 0.44980022
vt 0.99634731 -0.12599152
vt 1.1739689 0.44980025
vt 1.0879757 0.44740811
vt 0.36075103 0.10614961
vt 1.1270831 0.5004189
vt 0.74073184 0.0039062798
vt 0.61431968 0.12989789
vt 0.12507126 0.41587743
vt 1.1269412 0.44980025
vt 0.80696833 0.44773307
vt 1.0601245 0.44965625
vt 0.91006041 0.32850882
vt 0 0.55580354
vt 0.7435469 1.12473
vt 0.6667785 0.077495456
vt 1.0601245 0.50180167
vt 0.26651913 0.55111891
vt -0.51626837 0.41180003
vt 0.50087911 0.5004189
vt 0.58455563 0.40175048
vt 0.26393241 1.0599761
vt -0.028612494 0.50041884
vt 0.99634755 1.1376847
vt 0.54125321 0.50457662
vt 0.35014802 0.5004189
vt 0.97269189 -0.027693748
vt 1.029933 0.44980025
vt 0.26651913 0.55111891
vt 0.90415424 0.5004189
vt -0.14842905 0.41238776
vt -0.064693928 0.4158774
vt 0.2435853 0.44773307
vt 0.54125321 0.50457662
vt 1 1
vt 0.515625 0.203125
vt 0.87807256 0.82744312
vt 0.60507929 0.50182837
vt 1.0721117 0.44980022
vt 0.99695611 1.0393867
vt 0.86452794 0.44965625
vt 0.99626094 0.50180167
vt 0.296875 0.40625
vt 0.089858294 0.32850882
vt 0 0.203125
vt 0.055311039 0.50182837
vt -0.085013226 0.41238776
vt 0.19685084 0.70013511
vt 0.25911927 0.50013566
vt 1 1
vt 0.515625 0.203125
vt 1.197633 0.5004189
vt 1 0.40624219
vt 0.40289709 0.065516174
vt 0.90415406 0.44980025
vt 0.81989765 0.44980025
vt 0.59759194 0.44980022
vt 0.29937726 0.44980022
vt 1.2950513 0.44980025
vt 0.99999154 0.53698963
vt 0.296875 0.40625
vt 0.53387576 0.70425111
vt 0.70832837 0.41028723
vt 0.99634731 -0.12599152
vt 0.031329907 0.4481861
vt 0.75 0.203125
vt 1 1
vt 0.28859603 1.0597219
vt 0.81989765 0.5004189
vt 0.75 0
vt 0.61431968 0.12989789
vt 1.1269412 0.44980025
vt 1.1270607 0.44980025
vt 1 0.40624219
vt 0.29928625 0.44980022
vt 0.59759146 0.5004189
vt 0.33792275 0.92766857
vt 0.296875 0.40625
vt -0.51626837 0.41180003
vt -0.17218041 0.44980022
vt 0.99695575 0.098960996
vt 0.58455563 0.40175048
vt 0.60507929 0.53698963
vt 0.75 0.203125
vt 0.75 0
vt 1.2950513 0.5004189
vt -0.45073235 0.5001356
vt 1 0.40624219
vt 0.91016018 0.32850862
vt 1.029933 0.44980025
vt -0.14842905 0.50182837
vt -0.0003426075 0.5084818
vt 0.2923938 0.53747004
vt 0.99626094 0.41587746
vt 0.90415424 0.5004189
vt -0.3062959 0.4481861
vt -0.064693928 0.4158774
vt 0.74073178 0.0039062798
vt 0.40412828 0.5004189
vt 0.74350202 0.30256236
vt 0.2435853 0.53698963
vt 0.99695599 0.30252582
vt 0.097634017 0.5004189
vt 0.515625 0
vt 1.1739471 0.44980025
vt 0.87807256 0.82744312
vt -0.3062959 0.5364421
vt 0.86452794 0.44965625
vt 1.2855051 0.53746992
vt 0.50087911 0.44980022
vt -0.45073235 0.5364421
vt 2.9802322e-08 0.40624219
vt 0.14010064 0.50041884
vt -0.085013226 0.41238776
vt 0.29937726 0.5004189
vt 0.515625 0
vt 1.197633 0.5004189
vt 0 0.203125
vt -0.00034284592 0.41618007
vt 0.40289709 0.065516174
vt 0.59759194 0.44980022
vt 0.29937726 0.44980022
vt 0.91007674 0.32850903
vt 0.99999154 0.53698963
vt 2.9802322e-08 0.40624219
vt 0.46736509 0.5004189
vt 0.031329907 0.4481861
vt -3.72082e-05 0
vt -0.17224926 0.44980022
vt 0.68320894 0.5034402
vt 0.28859603 1.0597219
vt 0.81989765 0.5004189
vt 0.75331122 1
vt 0.67908669 0.53504556
vt 1.1270607 0.44980025
vt 0.50173777 1
vt 0.34694028 0.50340712
vt -0.17215842 0.50041884
vt 0.66886675 0.44980022
vt 0.74350226 0.70425111
vt 0.5338757 0.30256236
vt 0.43528634 0.11320144
vt 0 0
vt 0.43038109 0.028921127
vt 0.60507929 0.53698963
vt 0.25895524 0
vt -0.17210627 0.50041884
vt 0.01846981 0.0055300049
vt 0.36106974 0.10646677
vt 1.2950513 0.5004189
vt -0.11286631 0.41180006
vt 0.50173777 1
vt 1.432532 0.44740814
vt 0.64050096 0.12270868
vt 0.99626094 0.41587746
vt 0 0.40625
vt 0.60507929 0.41238776
vt 0.24637583 1
vt 0.32316753 0.50180167
vt 0.031329907 0.41180006
vt 0.2435853 0.53698963
vt 0.10432041 0.81162328
vt 1 0
vt 1.1739471 0.44980025
vt 0.99695563 0.60337919
vt 0.28859603 -0.052968636
vt 1.0601245 0.41587746
vt -0.12536293 0.44980022
vt 0.98758566 0.5004189
vt 0.50173777 1
vt 1.2855051 0.53746992
vt 1 0.50457662
vt 0.49997213 0.59214735
vt 1.7881393e-07 1.0000002
vt 0.659217 0.10291141
vt 0.50087911 0.44980022
vt -0.45073235 0.41180003
vt 0.14010064 0.44980022
vt 0.671875 0.203125
vt 1.2855051 0.50042623
vt 0.99626094 0.53504562
vt 0.74350238 0.18572773
vt 0.87807196 0.18425062
vt 1.1739689 0.5004189
vt 0.29937726 0.5004189
vt 0.70243406 0.44980022
vt 1 0
vt 0.24637583 1
vt 0.7435025 1.0306822
vt 0.2435853 0.50182837
vt 0.61431968 0.077249527
vt 0.70228964 0.5004189
vt 0.031329907 0.5001356
vt -0.00034284592 0.41618007
vt 1 0.50457662
vt 0.75331116 1
vt 0.67407733 0.90533632
vt 0.46736509 0.5004189
vt 1.0879757 0.50042635
vt 0.671875 0.203125
vt 0.24637583 1
vt 0.26565003 0.50426769
vt 0.99695575 0.40831438
vt 2.9802322e-08 0.203125
vt 0 0.203125
vt 0 0
vt 0.67908669 0.53504556
vt 0.01846981 1.0114049
vt 0.75331116 1
vt 0.50078785 0.44980022
vt 0.90417719 0.44980025
vt 0.72081113 -0.023634687
vt 0.58455575 0.60512865
vt 1.029917 0.5004189
vt 0.065822229 0.95281136
vt 0.671875 0.203125
vt 0.066008426 0.95227635
vt 0.61718011 0.56285417
vt 0.43528634 0.11320144
vt 0.45874679 0.40624219
vt 1.1270609 0.5004189
vt 0.99999154 0.50182837
vt 2.9802322e-08 0.203125
vt 0.34258366 0.060709655
vt 0.74350238 0.40706211
vt 0.097543091 0.44980022
vt -0.00037944317 1.0895715
vt 0.36106974 0.10646677
vt -0.17210627 0.50041884
vt 0.75331116 1
vt -0.11286631 0.4481861
vt 0 0.203125
vt 0 0
vt 0.21875 0
vt 0.4375 0.203125
vt 0.62734348 0.82108563
vt 0.45874679 0.40624219
vt 0.94060034 0.50042635
vt 1 0.203125
vt 0 0.203125
vt 0.23517889 0.40624219
vt 0.81965053 0.5004189
vt 0 0
vt 1.0601245 0.41587746
vt 0.54125321 0.55111891
vt 0.64037836 0.10343879
vt 0.21875 0
vt 0.85146219 0.41638803
vt 0.65973353 0.10276884
vt 1.0000558 0
vt 0.18206921 0.44980022
vt -0.45073235 0.41180003
vt 0.25911927 0.41180006
vt 0.99999994 0
vt 0.67908669 0.44965622
vt -0.085013226 0.53698963
vt 1.2855051 0.50042623
vt 0.87807196 0.18425062
vt 0.37523174 0.5084818
vt 0.12507126 0.53504556
vt 0.23517889 0.40624219
vt 0.40421939 0.44980022
vt 0.8703686 0.5004189
vt 0.2435853 0.50182837
vt 0.26571018 0.50426769
vt -0.14842905 0.44773307
vt 1.0601245 0.53504562
vt 0.4485296 0.04721576
vt 0.6666193 0.41180012
vt 0.57220715 0.44980022
vt 0.81962818 0.44980025
vt 0.67407733 0.90533632
vt 0.26393265 0.16772509
vt 1.0879757 0.50042635
vt 0.18221366 0.44980022
vt 0.49826199 0
vt 0.85152525 0.41638803
vt 0.78345239 0.70916784
vt 0.40397611 0.15644813
vt 1.432532 0.53746992
vt 0.21419853 0.203125
vt 0.37915671 0.08815378
vt 0.01846981 1.0114049
vt 0.94060034 0.44740811
vt 0.50078785 0.44980022
vt 0.90417719 0.44980025
vt 0.9979912 0.064869687
vt 0.29943013 0.5004189
vt 0.74350238 0.50340664
vt 0.066008426 0.95227635
vt 0.26651913 0.50457662
vt 1.499269 0.50042623
vt 0.40397611 0.12896389
vt 0.7764321 0.55111891
vt 0.10766029 0.2053113
vt 0.34258366 0.060709655
vt 1.0298796 0.44980025
vt -0.0282197 0.50041884
vt 0 1
vt 1.1270826 0.5004189
vt -0.3062959 0.41180006
vt 5.9604645e-08 0.50457662
vt 0.75 0
vt 0.40290177 0.028921127
vt 2.9802322e-08 0.40625
vt 0.42228514 0.17459679
vt 0.6666193 0.50013566
vt 5.9604645e-08 0.55111891
vt 0.702411 0.44980022
vt -0.028091073 0.44980022
vt 0.40412828 0.44980022
vt 0.36075103 0.10614961
vt 1.1739689 0.44980025
vt 0 1
vt 0.97269261 1.0393867
vt 0.46736503 0.44980022
vt 5.9604645e-08 0.50457662
vt 0.042682573 0.44980022
vt -0.45073235 0.4481861
vt -0.00034284592 1.0115989
vt 0.12507126 0.41587743
vt 0.18216005 0.44980022
vt 2.9802322e-08 0.40625
vt 1.0601245 0.44965625
vt -2.0861626e-07 1
vt 1.0721117 0.5004189
vt 5.9604645e-08 0.55111891
vt -0.085013226 0.53698963
vt 0.7435469 1.12473
vt 1.0601245 0.50180167
vt 0.40421939 0.44980022
vt 0.26393265 -0.05322291
vt 0 1
vt 0.26393241 1.0599761
vt 0.097543091 0.5004189
vt 0.29239374 0.44740817
vt 1.0601245 0.53504562
vt 1.432532 0.50042623
vt -0.3062959 0.5001356
vt 0.6666193 0.41180012
vt 0.81962818 0.44980025
vt 0.57220715 0.44980022
vt 5.9604645e-08 0.50457662
vt 0.75 0
vt 2.9802322e-08 0.45278448
vt 0.44040793 0.40706211
vt 0.78345239 0.70916784
vt 0.59744745 0.5004189
vt 1 0.203125
vt 0.75 0.203125
vt 0.72526586 0.40624219
vt 0.49826211 0
vt 0.49595416 0.41028726
vt 0.78345227 0.30252582
vt 0.9041543 0.44980025
vt 0.74350238 0.50340664
vt 0.296875 0.203125
vt 0.26393265 0.83874393
vt 2.9802322e-08 0.45278448
vt 0.40781161 0.076596797
vt 0.32316753 0.53504556
vt 0.75 0.203125
vt 0.72526586 0.40624219
vt 1.0298796 0.44980025
vt 1.1920929e-07 0.203125
vt 0.49826211 0
vt -0.00034284592 0.0053359321
vt 0.70228964 0.44980022
vt 0.055311039 0.50182837
vt -0.3062959 0.41180006
vt 1 0.40625
vt 0.86452794 0.41587746
vt 0.43528634 0.076600611
vt 0.296875 0.203125
vt 0.49595416 0.44740817
vt 0.031329896 0.5364421
vt 0.42228514 0.17459679
vt 0.81989765 0.44980025
vt 0.49595416 0.50042635
vt -0.51626837 0.4481861
vt 2.9802322e-08 0.45278448
vt 1.2950513 0.44980025
vt 0.72526586 0.40624219
vt 0.75 0.203125
vt 0.24637589 1
vt 0.99634731 -0.12599152
vt 1.1739689 0.44980025
vt 0.49826211 0
vt 1 0.40625
vt 0.46736503 0.44980022
vt 0.62109464 0.10360718
vt 0.12507126 0.41587743
vt 0.18216005 0.44980022
vt 1.3419377 0.44980025
vt -0.12538493 0.50041884
vt 1.3419377 0.5004189
vt 0.38377619 0.53698963
vt 1.0721117 0.5004189
vt 0.7435469 1.12473
vt 0.38377619 0.44773307
vt 0.99695551 -0.027693748
vt 0.24637589 1
vt -0.12527227 0.50041884
vt 0.86452794 0.50180167
vt 0.50087911 0.5004189
vt 0.26393265 -0.05322291
vt 0.097543091 0.5004189
vt 0.29239374 0.44740817
vt 1.432532 0.50042623
vt 0.26393265 0.71542692
vt 0.81962818 0.5004189
vt 0.26393253 0.29145283
vt 0.70832837 0.53747004
vt 0.76552641 0.5004189
vt 0.59744745 0.5004189
vt 0.32316756 0.44965622
vt 0.87807256 0.82744312
vt 0.32316753 0.41587743
vt -0.3062959 0.5364421
vt 0.097687304 0.44980022
vt 0.26393265 0.83874393
vt 0.5009318 0.5004189
vt 0.59744745 0.44980022
vt 0.90417653 0.5004189
vt 1.0000001 1.0000002
vt 1.0000001 0.99999994
vt 0.48590231 0.29145283
vt 0.097686768 0.5004189
vt -0.064693928 0.50180167
vt 0.94060034 0.41028726
vt 1.1976331 0.44980025
vt 1.197633 0.5004189
vt 0.81989765 0.44980025
vt 0.34258366 0.08815378
vt 0.29937726 0.44980022
vt 0 0
vt 0.92538249 0.098960996
vt 1.2950513 0.44980025
vt 0.29928625 0.5004189
vt 0.62109464 0.10360718
vt -0.17227119 0.50041884
vt 1.1270607 0.44980025
vt 0.49595416 0.53747004
vt 0.48590243 0.71542692
vt 0.29928625 0.44980022
vt 0.67908669 0.50180167
vt 0.67407715 0.1014771
vt -0.11286631 0.5364421
vt -0.17215842 0.50041884
vt 0.99695551 -0.027693748
vt 0.5338757 0.30256236
vt 0.38377619 0.44773307
vt 1 0
vt 0.60507929 0.53698963
vt 0.98758566 0.44980025
vt 0.26393265 0.71542692
vt -0.0003426075 0.70013523
vt 1.2950513 0.5004189
vt 0.59792376 0.44980022
vt 0.26393253 0.29145283
vt -0.14842905 0.50182837
vt 1.2855051 0.44740814
vt -0.00037944317 -0.072636597
vt 0.74350202 0.30256236
vt 0.32316756 0.44965622
vt 0.10432041 0.81162328
vt 0.063065231 0.12491626
vt 0.5009318 0.5004189
vt -0.45073235 0.5364421
vt 0.14010064 0.44980022
vt 0.59744745 0.44980022
vt 0.48590231 0.29145283
vt 0.74350238 0.18572773
vt -0.12521994 0.50041884
vt 1.1739471 0.5004189
vt 0.35014802 0.44980022
vt 0.055311039 0.44773307
vt 0.70243406 0.44980022
vt 0.7435025 1.0306822
vt 0.2923938 0.50042635
vt 0.73430157 0.50426787
vt 0.99997222 2.0861626e-07
vt 1.4992688 0.41028726
vt 1 0.55580354
vt 1.499269 0.53746992
vt 1 0
vt 0.99695575 0.40831438
vt -0.17224926 0.44980022
vt 1.499269 0.44740811
vt 0.96866286 0.18204278
vt -0.17227119 0.50041884
vt -0.0042038113 0.44980022
vt 0.80696833 0.41238776
vt 0.40780252 0.11320239
vt 0.44058365 0.12896866
vt 0.99999964 1
vt 0.66672039 0.12938303
vt 0.72081113 -0.023634687
vt 0.38377619 0.41238776
vt 0.76552641 0.44980022
vt 0.48590243 0.71542692
vt 0.67908669 0.53504556
vt 0.67908669 0.50180167
vt 1 0.55111891
vt 1 0
vt -0.028703213 0.44980022
vt 0.99695623 0.70916784
vt -0.11286631 0.4481861
vt 0.671875 0.40625
vt 2.9802322e-07 0.203125
vt 0.26651913 0.55111891
vt 1.2855051 0.44740814
vt 0.94060034 0.53747004
vt 0.62734348 0.82108563
vt 0.38724911 0.1677247
vt 0.94060034 0.50042635
vt -0.00037944317 -0.072636597
vt 0.055311039 0.41238776
vt 1 0
vt 1 0.55111891
vt 0.54125321 0.50457662
vt 0.25911927 0.5364421
vt 0.46713853 0.41180012
vt 0.37915671 0.060704887
vt 0.64037836 0.10343879
vt 0.60507929 0.44773307
vt -0.0003426075 0.8920185
vt 0.65973353 0.10276884
vt 0.66886675 0.5004189
vt 0.50078785 0.5004189
vt -0.0003426075 0.2053113
vt 0.18206921 0.44980022
vt 0.26651913 0.55111891
vt 0.671875 0.40625
vt 0.7764321 0.50457662
vt 0.38724923 0.83874315
vt 1.2855051 0.50042623
vt 0.74350238 0.18572773
vt 0.62734336 0.18572773
vt 1 0.40625
vt 1 0.55111891
vt 0.70243406 0.44980022
vt 0.001960218 0.064869687
vt 0.44058365 0.15644431
vt 0 0.55580354
vt -0.51626837 0.5001356
vt 0.61714238 0.56285441
vt 0.671875 0.40625
vt 0.74073184 0.0039062798
vt 0.18221366 0.44980022
vt 1.0304008 0.5004189
vt 1.499269 0.53746992
vt 0.73430824 0.50426787
vt 1.7881393e-07 1.0000002
vt -0.00034284592 0.31679958
vt 0.26562184 0.5004189
vt 0.66672039 0.12938303
vt 0.72081113 -0.023634687
vt 0.50078785 0.44980022
vt 0.74073184 0.0039062798
vt 0.21419853 0
vt 0.6935153 0.40831453
vt 0.6666193 0.53644216
vt 0.066008426 0.95227635
vt -0.028703213 0.44980022
vt -0.14842905 0.53698963
vt 0.74350238 0.90533632
vt 0.40397611 0.12896389
vt 0.18216002 0.5004189
vt -0.17212766 0.44980022
vt 0.10766029 0.2053113
vt 0.097543091 0.44980022
vt 1.1270826 0.5004189
vt 0.21419853 0
vt 0.94060034 0.53747004
vt 0.6666193 0.50013566
vt 0.81965113 0.44980025
vt 0.74073178 0.0039062798
vt 0.54161173 0.53504556
vt 0.38377619 0.50182837
vt 0.25911927 0.44818616
vt 0.14783484 0.41638803
vt 0.99695575 0.50584662
vt 0.65973353 0.10276884
vt 0.59421194 0.50584662
vt 0.042682573 0.44980022
vt -0.45073235 0.4481861
vt 0.2638841 -0.15544493
vt 0.18221298 0.5004189
vt 0.21419853 0
vt 1 0.203125
vt 0.38724923 0.83874315
vt 0.7435469 -0.1179169
vt 1.1738343 0.44980025
vt 0.62734336 0.18572773
vt 1.0879757 0.53746992
vt 0.67908669 0.44965622
vt 0.74073178 0.0039062798
vt 0.37523174 0.5084818
vt 0.61720985 0.56285441
vt 1.1739689 0.5004189
vt 0 0.203125
vt 1.0601245 0.53504562
vt 0.99626094 0.44965625
vt 1 1
vt 0.4375 0.40625
vt 0.515625 0.203125
vt 0.29239374 0.41028726
vt 2.9802322e-08 0.40624219
vt 0.40427226 0.5004189
vt 0.74073178 0.0039062798
vt 1.0304008 0.5004189
vt 0.097634017 0.44980022
vt 0.296875 0.40625
vt 0.54161173 0.50180167
vt 0.49595416 0.41028726
vt 0 0.203125
vt -0.00034284592 0.31679958
vt 0.75331122 1
vt 0.75 0.203125
vt 0.4375 0.40625
vt 0.75 0
vt 0.70832837 0.50042635
vt 0.9041543 0.44980025
vt 0.6935153 0.40831453
vt 2.9802322e-08 0.40624219
vt -0.028068721 0.44980022
vt -0.12529439 0.44980022
vt 0.28604126 0.41617987
vt 0.25895524 0
vt 1 0.55580354
vt -0.12524128 0.44980022
vt 0.59792376 0.5004189
vt 1.0304008 0.44980025
vt 0.75331122 1
vt -0.00034284592 0.0053359321
vt 1.0879757 0.41028726
vt 1.1270826 0.5004189
vt 0.75 0.203125
vt 0.75 0
vt 0.46713853 0.53644216
vt 0.42228514 0.17459679
vt 0.54161173 0.53504556
vt 0.45874679 0.45278448
vt 0.29943079 0.44980022
vt 0.2435853 0.41238776
vt 0.25895524 0
vt -0.0003426075 0.12491626
vt 0.75331122 1
vt 0.065491922 0.95241892
vt 0.99695575 0.50584662
vt 0.80696833 0.53698963
vt 0.7435025 -0.023868755
vt 0.46713853 0.44818616
vt 0.2638841 -0.15544493
vt 0.38377619 0.53698963
vt 0.7435469 -0.1179169
vt 1.0000001 1.3411045e-07
vt 0.45874679 0.45278448
vt 1 0
vt 1.000001 3.9115548e-08
vt 0.19685084 0.31679958
vt -0.12527227 0.50041884
vt 0.86452794 0.50180167
vt 0.44040805 0.59975117
vt 0.99695623 0.82744312
vt 0.29239374 0.44740817
vt 0.57220715 0.5004189
vt 0.50093246 0.44980022
vt 0.515625 0
vt 0.99999994 0
vt 0.40427226 0.5004189
vt 0.70832837 0.53747004
vt 0.59744745 0.5004189
vt 1 0
vt 0.72081113 1.0304481
vt 0.68883169 0.60337919
vt 1.2855051 0.41028723
vt 0.70832837 0.50042635
vt 0.9041543 0.44980025
vt 0.671875 0.203125
vt -0.028068721 0.44980022
vt -0.064693928 0.44965619
vt 0.26393265 0.92766833
vt 0.8703686 0.44980022
vt 0.32316753 0.53504556
vt 0.99695623 0.91273218
vt 0.65954733 0.10330385
vt 0.26393265 0.5034402
vt 0 0
vt -0.064693928 0.50180167
vt 0.26393265 0.605129
vt 0.089951307 0.32850862
vt 0.45874679 0.40624219
vt 0.12507126 0.44965622
vt 0.70832837 0.44740814
vt 1.0304229 0.5004189
vt 0.46713853 0.50013566
vt 0.74350238 0.82108575
vt 0 0
vt 0.54125321 0.55111891
vt 0.21875 0
vt 0.54161173 0.44965622
vt 0.86452794 0.53504556
vt 0.7435025 -0.023868755
vt 0.4375 0.203125
vt 0.08993277 0.32850882
vt 1 0.50457662
vt 0.21875 0.203125
vt 0.08986792 0.32850903
vt 0.19685084 0.31679958
vt -0.11286631 0.5001356
vt -0.085013226 0.44773307
vt -0.12527227 0.50041884
vt 0.86452794 0.50180167
vt 0.44040805 0.59975117
vt 0.26393276 0.40175048
vt 0.18206924 0.5004189
vt 0.54125321 0.55111891
vt 0.055311039 0.53698963
vt 0.21875 0
vt 0.4375 0.203125
vt 0.90415406 0.5004189
vt 0.99695563 0.18425062
vt 1.432532 0.41028723
vt 0.28604126 0.60041702
vt 0.702411 0.5004189
vt 1 0.50457662
vt 0.26393253 0.29145283
vt 0.92538261 0.91273218
vt -0.0003426075 0.81162339
vt 0.21875 0.203125
vt 0.67908669 0.41587746
vt 0.21419853 0.203125
vt 0.54125321 0.55111891
vt 0.68883169 0.60337919
vt 0.99999154 0.44773307
vt 0.26562184 0.44980022
vt 1.0879757 0.44740811
vt 0.26651913 0.50457662
vt 0.49826199 0
vt 1.1270831 0.5004189
vt 0.063065231 0.12491626
vt 0.8703686 0.44980022
vt 0.99999154 0.41238776
vt 0.99695623 0.91273218
vt 0.21875 0.203125
vt 0.21419853 0.203125
vt 0.80696833 0.44773307
vt 0.48590231 0.29145283
vt 1.1739471 0.5004189
vt 0.35014802 0.44980022
vt 0.055311039 0.44773307
vt 0.4303773 0.065070212
vt 0.6667785 0.077495456
vt -0.064693928 0.50180167
vt 0 0
vt 1 0.203125
vt -1.7881393e-07 1.0000002
vt 0.26651913 0.50457662
vt 0.49826199 0
vt 0.12507126 0.44965622
vt 0.063065231 0.89201838
vt -0.028612494 0.50041884
vt 0.042682454 0.50041884
vt 0.40421939 0.5004189
vt 0.99634755 1.1376847
vt 0.92538249 0.098960996
vt 0.35014802 0.5004189
vt 0.46713853 0.50013566
vt 0.97269189 -0.027693748
vt 1.0304229 0.5004189
vt 0.99999976 -1.6391277e-07
vt 0.7764321 0.55111891
vt 1 0.203125
vt 0.23517889 0.40624219
vt -0.17227119 0.50041884
vt 0.80696833 0.41238776
vt 0.40780252 0.11320239
vt 0.44058365 0.12896866
vt 0.48590243 0.71542692
vt 0.2435853 0.44773307
vt 0.26651913 0.50457662
vt 0.38377619 0.41238776
vt 0.76552641 0.44980022
vt 0.72526586 0.45278448
vt 0.7764321 0.55111891
vt 5.9604645e-08 0.55111891
vt -0.11286631 0.5001356
vt 0.60507929 0.50182837
vt 0.99695611 1.0393867
vt 0.26393276 0.40175048
vt 0.18206924 0.5004189
vt 0.055311039 0.53698963
vt 0.23517889 0.40624219
vt 0.99695623 0.70916784
vt 0.99695563 0.18425062
vt 0.28604126 0.60041702
vt 0.72526586 0.45278448
vt 0.19685084 0.70013511
vt -0.0003426075 0.60041702
vt 0.38724911 0.1677247
vt 0.64029944 0.084128678
vt -0.00037944317 -0.072636597
vt 0.90415406 0.44980025
vt 0.23517889 0.45278448
vt 0.53387576 0.70425111
vt 0.70832837 0.41028723
vt 0.46713853 0.41180012
vt 0.60507929 0.44773307
vt 0.99999154 0.41238776
vt 0.61431968 0.12989789
vt 1.1269412 0.44980025
vt 0.23517889 0.45278448
vt 0.35014802 0.44980022
vt 0.055311039 0.44773307
vt 0.4303773 0.065070212
vt 0.33792275 0.92766857
vt -0.51626837 0.41180003
vt -0.51626837 0.5001356
vt -0.064693987 0.53504556
vt -0.17218041 0.44980022
vt 0.58455563 0.40175048
vt 1 0.203125
vt 0.296875 0.203125
vt 0.063065231 0.89201838
vt 0.042682454 0.50041884
vt 0.40421939 0.5004189
vt 2.9802322e-08 0.40625
vt 0.97269189 -0.027693748
vt 1 0.40625
vt 0.23517889 0.45278448
vt -0.0003426075 0.5084818
vt 0.2923938 0.53747004
vt -0.3062959 0.4481861
vt 0.80696833 0.41238776
vt 1 0.203125
vt -0.064693928 0.4158774
vt 0.40412828 0.5004189
vt 0.70243347 0.5004189
vt 0.38377619 0.41238776
vt 0.99695599 0.30252582
vt 0.097634017 0.5004189
vt 0.76552641 0.44980022
vt 0.6666193 0.53644216
vt 0.24637589 1
vt 2.9802322e-08 0.40625
vt 1 0.40625
vt -0.028703213 0.44980022
vt 0.86452794 0.44965625
vt 0.0011976357 0.40368098
vt 0.74350238 0.90533632
vt 1.1270826 0.44980025
vt 0.99997205 -2.0861626e-07
vt -0.17212766 0.44980022
vt 0.14010064 0.50041884
vt 0.40427282 0.44980022
vt -0.085013226 0.41238776
vt 0.24637589 1
vt 0.74350226 0.1014771
vt 1 0.40625
vt 2.9802322e-08 0.45278448
vt 0.40289709 0.065516174
vt 0.74350238 0.59975117
vt 0.90415406 0.44980025
vt 0.64029944 0.084128678
vt 0.59759194 0.44980022
vt 0.72526586 0.40624219
vt 0.25911927 0.44818616
vt 0.53387576 0.70425111
vt 0.46713853 0.41180012
vt 0.031329907 0.4481861
vt 0.96863496 0.18204278
vt 0.59421194 0.50584662
vt 0.28859603 1.0597219
vt 2.9802322e-08 0.45278448
vt 1 0.45278448
vt 1.1738343 0.44980025
vt 1 0.203125
vt 1.0879757 0.53746992
vt 0.34694028 0.50340712
vt 0.75 0.203125
vt 0.72526586 0.40624219
vt 0.73438954 0.50426787
vt 0.49826211 0
vt -0.51626837 0.5001356
vt -0.064693987 0.53504556
vt -0.17218041 0.44980022
vt 0.99797946 0.064869687
vt 0.43038109 0.028921127
vt 0.99626094 0.44965625
vt 0.29239374 0.41028726
vt 0.01846981 0.0055300049
vt 1 0.45278448
vt -0.11286631 0.41180006
vt 1.432532 0.44740814
vt 0.64050096 0.12270868
vt 0.54161173 0.50180167
vt 0.80696833 0.50182837
vt 0.60507929 0.41238776
vt -0.00034284592 0.31679958
vt 0.26559889 0.50426787
vt 0.40412828 0.5004189
vt 0.32316753 0.50180167
vt 0.031329907 0.41180006
vt 0.2435853 0.53698963
vt 0.99695599 0.30252582
vt 0.6935153 0.40831453
vt 0.99695563 0.60337919
vt 0.28859603 -0.052968636
vt -0.12536293 0.44980022
vt 1.2855051 0.53746992
vt 0.74350238 0.90533632
vt 1.1270826 0.44980025
vt 0.96866304 0.18204311
vt 0.659217 0.10291141
vt -0.12524128 0.44980022
vt 0.14010064 0.50041884
vt 0.99626094 0.53504562
vt 0.40427282 0.44980022
vt 1.1739689 0.5004189
vt 0.29937726 0.5004189
vt 0.99999881 -8.2422048e-08
vt 1 0
vt 0.46713853 0.53644216
vt 0.74350226 0.1014771
vt 0.61431968 0.077249527
vt 0.70228964 0.5004189
vt 0.031329907 0.5001356
vt 0.6666193 0.44818616
vt -0.085013226 0.50182837
vt 0.54161173 0.53504556
vt 0.81965113 0.44980025
vt 0.74350238 0.59975117
vt 0.46736509 0.5004189
vt 0.59421194 0.50584662
vt 0.2638841 1.1621974
vt 1.0879757 0.53746992
vt 0.58455575 0.60512865
vt 1.029917 0.5004189
vt -2.3283064e-07 -2.9802322e-07
vt 0.065822229 0.95281136
vt 0 0
vt 0.43528634 0.11320144
vt 0.99695623 0.82744312
vt 0.54161173 0.41587746
vt 1.1270609 0.5004189
vt 0.99999154 0.50182837
vt 0.74350238 0.40706211
vt -0.00037944317 1.0895715
vt 0.36106974 0.10646677
vt 0.33792251 0.079084158
vt 0 0.40625
vt -0.11286631 0.41180006
vt 0 0
vt 0.80696833 0.50182837
vt 0.60507929 0.41238776
vt 0.32316753 0.50180167
vt 0.81965053 0.5004189
vt -0.028068721 0.44980022
vt 1.0601245 0.41587746
vt -0.12529439 0.44980022
vt 0 0
vt 0.38965309 0.094890475
vt 0.659217 0.10291141
vt 0.25911927 0.41180006
vt 0.50173783 1
vt 1.1739689 0.5004189
vt -0.51626837 0.5364421
vt 0.12507126 0.53504556
vt 0.8703686 0.5004189
vt 0.2435853 0.50182837
vt 0.61431968 0.077249527
vt 0.70228964 0.5004189
vt -0.14842905 0.44773307
vt 0.4485296 0.04721576
vt -0.085013226 0.50182837
vt -0.0042038113 0.50041884
vt 0.031329907 0.5001356
vt 0.14843786 0.41638803
vt 0.38280898 0.56285441
vt 0.67407733 0.90533632
vt -1.8343329e-05 0
vt 1.0879757 0.50042635
vt -0.028559923 0.50041884
vt 0.50173783 1
vt 0.54161173 0.44965622
vt 0.25895521 0
vt 0.40397611 0.15644813
vt 0.86452794 0.53504556
vt 0.7435025 -0.023868755
vt 0.2638841 1.1621974
vt 0.37915671 0.08815378
vt 0.01846981 1.0114049
vt 0.94060034 0.44740811
vt 0.7764321 0.50457662
vt 0.12507126 0.50180167
vt 0.58455575 0.60512865
vt 0.29943013 0.5004189
vt -0.085013226 0.44773307
vt 1.499269 0.50042623
vt 0.25895521 0
vt 0.99626094 0.50180167
vt 0.54161173 0.41587746
vt 0.34258366 0.060709655
vt 0.74350238 0.40706211
vt -0.00037944317 1.0895715
vt -0.0282197 0.50041884
vt 0.90415406 0.5004189
vt 0.33792251 0.079084158
vt 0.7764321 0.50457662
vt 0.26393265 0.079084158
vt -0.0003426075 0.81162339
vt 0.67908669 0.41587746
vt 0.40290177 0.028921127
vt 0.25895521 0
vt 0.702411 0.44980022
vt 0.74073184 0.0039062798
vt -0.028091073 0.44980022
vt 0.40412828 0.44980022
vt 0.99999154 0.44773307
vt 0.36075103 0.10614961
vt 1.0879757 0.44740811
vt 0.7764321 0.50457662
vt 0.97269261 1.0393867
vt 7.4356794e-06 0
vt 1.1270831 0.5004189
vt 0.8703686 0.44980022
vt -0.00034284592 1.0115989
vt 0.38965309 0.094890475
vt 0.80696833 0.44773307
vt 1.0601245 0.44965625
vt 0.25911927 0.41180006
vt 1 0
vt -0.085013226 0.53698963
vt 1.0601245 0.50180167
vt -0.51626837 0.5364421
vt 0.54125321 0.50457662
vt 0.12507126 0.53504556
vt 0.40421939 0.44980022
vt 0.26393241 1.0599761
vt -0.028612494 0.50041884
vt 0.6666193 0.41180012
vt 0.99634755 1.1376847
vt -0.3062959 0.5001356
vt 0.26651913 0.55111891
vt 0.0011974568 0.40368098
vt 0.35014802 0.5004189
vt 1 0.55111891
vt 0.031281322 0.18204278
vt 0.44040793 0.40706211
vt 1.029933 0.44980025
vt 0.40397611 0.15644813
vt 0.54125321 0.50457662
vt 0.86452794 0.53504556
vt -0.14842905 0.41238776
vt 0.37915671 0.08815378
vt 0.94060034 0.44740811
vt 0.671875 0.40625
vt 0.78345227 0.30252582
vt 0.26651913 0.55111891
vt -0.085013226 0.44773307
vt 0.49999559 0.59214735
vt 1.0721117 0.44980022
vt 0.99626094 0.50180167
vt 0.40781161 0.076596797
vt 0.055311039 0.53698963
vt 0.54125321 0.50457662
vt 1 1
vt 1.0298796 0.44980025
vt 0.90415406 0.5004189
vt 0.99695563 0.18425062
vt 0.265636 0.50426787
vt 0.70228964 0.44980022
vt 0.055311039 0.50182837
vt -0.3062959 0.41180006
vt 0.702411 0.5004189
vt 0.86452794 0.41587746
vt 0.25911927 0.50013566
vt 0.43528634 0.076600611
vt 0.49595416 0.44740817
vt 0.49595416 0.50042635
vt 0.702411 0.44980022
vt 1 1
vt 0.99999154 0.53698963
vt 0.73431766 0.50426769
vt 0.99999154 0.44773307
vt 0.99634731 -0.12599152
vt 1.1739689 0.44980025
vt 1.0879757 0.44740811
vt 0.46736503 0.44980022
vt 0.296875 0.40625
vt 0.12507126 0.41587743
vt 0.18216005 0.44980022
vt -0.12538493 0.50041884
vt 1.3419377 0.5004189
vt 1.0001593 0.40368098
vt 0.75 0.203125
vt 0.59759146 0.5004189
vt 0.7435469 1.12473
vt 0.75 0
vt 0.99795389 0.064869687
vt -2.3841858e-07 0.203125
vt 1 0.40624219
vt 0.99695575 0.098960996
vt 0.50087911 0.5004189
vt 0.26393241 1.0599761
vt 0.097543091 0.5004189
vt 1.432532 0.50042623
vt 0.296875 0.40625
vt 0.81962818 0.5004189
vt -0.45073235 0.5001356
vt 0.44040793 0.40706211
vt 1.029933 0.44980025
vt 0.75 0.203125
vt 0.76552641 0.5004189
vt 0.75 0
vt 0.90415424 0.5004189
vt -0.14842905 0.41238776
vt 1 0.40624219
vt 0.14846322 0.41638803
vt 0.87807256 0.82744312
vt 0.32316753 0.41587743
vt -0.3062959 0.5364421
vt 0.097687304 0.44980022
vt 0.60507929 0.50182837
vt 0.86452794 0.44965625
vt 1.0721117 0.44980022
vt 0.74073178 0.0039062798
vt 0.515625 0
vt 1 0.40625
vt 0.90417653 0.5004189
vt 0.097686768 0.5004189
vt 0.26566198 0.50426787
vt 0.031316638 0.18204278
vt 0 0.55580354
vt -0.085013226 0.41238776
vt 0.4375 0.40625
vt 0.86452794 0.41587746
vt 0.25911927 0.50013566
vt 0.94060034 0.41028726
vt 1.1976331 0.44980025
vt 1.197633 0.5004189
vt 0.43528634 0.076600611
vt 2.9802322e-08 0.40624219
vt 0.90415406 0.44980025
vt 0.81989765 0.44980025
vt 0.34258366 0.08815378
vt 0.29937726 0.44980022
vt 0.59759194 0.44980022
vt 1.2950513 0.44980025
vt 0.99999154 0.53698963
vt 0.515625 0
vt 0 0.203125
vt 0.29928625 0.5004189
vt 0.031329907 0.4481861
vt 0.62109464 0.10360718
vt 0.68320894 0.5034402
vt 0.4375 0.40625
vt 1.0000002 1.0000002
vt 0.81989765 0.5004189
vt 2.9802322e-08 0.40624219
vt 1.1270607 0.44980025
vt 0.29928625 0.44980022
vt 0.67407715 0.1014771
vt -0.17215842 0.50041884
vt -0.11286631 0.5364421
vt 0.66886675 0.44980022
vt 0.74350226 0.70425111
vt 0.5338757 0.30256236
vt 0.33792275 0.92766857
vt 0.75331122 1
vt 0.99695575 0.098960996
vt 0.25895524 0
vt 0.43038109 0.028921127
vt 0.60507929 0.53698963
vt 0.50173777 1
vt 0.99999982 1.0000004
vt -0.17210627 0.50041884
vt 0.98758566 0.44980025
vt -0.0003426075 0.70013523
vt 1.2950513 0.5004189
vt 0.45874679 0.45278448
vt 0.59792376 0.44980022
vt 1.432532 0.44740814
vt -0.14842905 0.50182837
vt 0.25895524 0
vt 0.99626094 0.41587746
vt 0.50173777 1
vt -2.3841858e-07 -1.9278377e-07
vt 0.74350202 0.30256236
vt 0.031329907 0.41180006
vt 0.2435853 0.53698963
vt 0.10432041 0.81162328
vt 1.1739471 0.44980025
vt 0.32316753 0.41587743
vt -0.3062959 0.5364421
vt 0.98758566 0.5004189
vt 0.24637583 1
vt 1.2855051 0.53746992
vt 1.0000001 0.99999994
vt 0.45874679 0.45278448
vt 1 0
vt 0.50087911 0.44980022
vt -0.45073235 0.5364421
vt -0.45073235 0.41180003
vt 0.14010064 0.44980022
vt 0.59744745 0.44980022
vt 0.097686768 0.5004189
vt 0.99626094 0.53504562
vt 0.87807196 0.18425062
vt -0.12521994 0.50041884
vt 0.14010064 0.50041884
vt 0.50173777 1
vt 1 0.50457662
vt 0.7435025 1.0306822
vt 1.1976331 0.44980025
vt 0.671875 0.203125
vt -0.00034284592 0.41618007
vt 0.089939594 0.32850882
vt 0.2923938 0.50042635
vt 0.24637583 1
vt 1 0
vt 1 0
vt 0.46736509 0.5004189
vt 1.4992688 0.41028726
vt 1.0000011 -8.2422048e-08
vt 0.29928625 0.5004189
vt 0.75331116 1
vt 0.99695575 0.40831438
vt -0.17224926 0.44980022
vt 0.68320894 0.5034402
vt 0.671875 0.203125
vt -0.0042038113 0.44980022
vt 0.67908669 0.53504556
vt 0.45874679 0.40624219
vt 0.24637583 1
vt 0.90417719 0.44980025
vt 0.99794674 0.064869791
vt -2.4354085e-07 -3.2782555e-07
vt 1.029917 0.5004189
vt 0.67908669 0.50180167
vt 2.9802322e-08 0.203125
vt 0.74350226 0.70425111
vt 0.43528634 0.11320144
vt 0.75331116 1
vt 0.49996984 0.59214753
vt 0.43038109 0.028921127
vt 1.1270609 0.5004189
vt -0.17210627 0.50041884
vt 0.671875 0.203125
vt 0.4375 0.203125
vt 0.45874679 0.40624219
vt -0.11286631 0.4481861
vt 0.089891165 0.32850862
vt 2.9802322e-08 0.203125
vt 0 0.203125
vt 1 0.203125
vt 0 0
vt 0.62734348 0.82108563
vt 0.94060034 0.50042635
vt 0 0
vt 0.75331116 1
vt 0.54125321 0.55111891
vt 0.21875 0
vt 0.32316753 0.50180167
vt 0.031329907 0.41180006
vt -5.5834651e-05 0
vt 0.10432041 0.81162328
vt 0.25911927 0.5364421
vt 0.81965053 0.5004189
vt 0.4375 0.203125
vt 1.0601245 0.41587746
vt 0.45874679 0.40624219
vt 0.37915671 0.060704887
vt 0.64037836 0.10343879
vt 0.98758566 0.5004189
vt -0.0003426075 0.8920185
vt 0.66886675 0.5004189
vt -0.0003426075 0.2053113
vt 0.50078785 0.5004189
vt 0.18206921 0.44980022
vt 2.9802322e-08 0.203125
vt -0.45073235 0.41180003
vt 0.14010064 0.44980022
vt 0 0.203125
vt 1.2855051 0.50042623
vt 0.99626094 0.53504562
vt 0.74350238 0.18572773
vt 0.87807196 0.18425062
vt -0.12521994 0.50041884
vt 0.54125321 0.55111891
vt 0.70243406 0.44980022
vt 0.21875 0
vt 0.44058365 0.15644431
vt 0.7435025 1.0306822
vt 0.4375 0.203125
vt 0.2923938 0.50042635
vt -0.14842905 0.44773307
vt 0.4485296 0.04721576
vt 0.21875 0.203125
vt 0.57220715 0.44980022
vt 0.81962818 0.44980025
vt 0.21419853 0.203125
vt 0.26393265 0.16772509
vt 0.18221366 0.44980022
vt 1.499269 0.53746992
vt 0.99695575 0.40831438
vt 0.8515135 0.41638803
vt 1.432532 0.53746992
vt 0 0.40625
vt -0.0042038113 0.44980022
vt 0.26561064 0.50426787
vt 0.49826199 0
vt 0.66672039 0.12938303
vt 0.50078785 0.44980022
vt 0.72081113 -0.023634687
vt 0.90417719 0.44980025
vt 0.58455575 0.60512865
vt 0.7764321 0.55111891
vt 0.21419853 0.203125
vt 0.066008426 0.95227635
vt 0.73434097 0.50426787
vt 1.499269 0.50042623
vt 1.1270609 0.5004189
vt -0.14842905 0.53698963
vt 0.40397611 0.12896389
vt 0.18216002 0.5004189
vt 0.10766029 0.2053113
vt 0.097543091 0.44980022
vt 0.34258366 0.060709655
vt -0.0282197 0.50041884
vt 0.26651913 0.50457662
vt -0.11286631 0.4481861
vt 0 0
vt 0.49826199 0
vt 0.7764321 0.55111891
vt 0.94060034 0.53747004
vt -2.0302832e-07 -2.0861626e-07
vt 0.62734348 0.82108563
vt 0.6666193 0.50013566
vt 0.94060034 0.50042635
vt 0 1
vt -0.028091073 0.44980022
vt 0.38377619 0.50182837
vt 5.9604645e-08 0.50457662
vt 0.81965053 0.5004189
vt 0.99796563 0.064869687
vt 2.9802322e-08 0.40625
vt 5.9604645e-08 0.55111891
vt 0.37915671 0.060704887
vt 0.64037836 0.10343879
vt -0.0003426075 0.2053113
vt 0.65973353 0.10276884
vt 0.042682573 0.44980022
vt -0.45073235 0.4481861
vt 0.7764321 0.55111891
vt 0.72526586 0.45278448
vt 0.18221298 0.5004189
vt 0.85147417 0.41638803
vt 0 1
vt 0.67908669 0.44965622
vt -0.085013226 0.53698963
vt 5.9604645e-08 0.50457662
vt 0.37523174 0.5084818
vt 0.12507126 0.53504556
vt 1.1739689 0.5004189
vt 0.40421939 0.44980022
vt 0.75 0
vt 5.9604645e-08 0.55111891
vt -0.14842905 0.44773307
vt 1.0601245 0.53504562
vt 0.4485296 0.04721576
vt 0.57220715 0.44980022
vt 0.81962818 0.44980025
vt 0.26393265 0.16772509
vt 0 1
vt 0.18221366 0.44980022
vt 1.0304008 0.5004189
vt -2.9802322e-07 0.203125
vt 0.78345239 0.70916784
vt 5.9604645e-08 0.50457662
vt 0.097634017 0.44980022
vt 1.432532 0.53746992
vt 0.75 0
vt 0.49595416 0.41028726
vt 0.296875 0.203125
vt 0.94060034 0.44740811
vt 0.75 0.203125
vt 0.72526586 0.40624219
vt 0.74350238 0.50340664
vt 1.499269 0.50042623
vt 0.40781161 0.076596797
vt 0.28604126 0.41617987
vt 0.40397611 0.12896389
vt 0.10766029 0.2053113
vt 0.59792376 0.5004189
vt 1.0298796 0.44980025
vt -0.0282197 0.50041884
vt -0.00034284592 0.0053359321
vt 1.0879757 0.41028726
vt 1 0.55580354
vt 1.1270826 0.5004189
vt 0.296875 0.203125
vt 2.9802322e-08 0.45278448
vt 0.75 0.203125
vt 0.72526586 0.40624219
vt 0.24637589 1
vt 0.85156238 0.41638803
vt 0.49826211 0
vt 0.49595416 0.44740817
vt 0.031329896 0.5364421
vt 0.42228514 0.17459679
vt 0.49595416 0.50042635
vt 0.6666193 0.50013566
vt -0.51626837 0.4481861
vt 0.2435853 0.41238776
vt -0.028091073 0.44980022
vt 0.38377619 0.50182837
vt -0.0003426075 0.12491626
vt 1 0.203125
vt 0.99695575 0.50584662
vt 0.296875 0.203125
vt 0.46736503 0.44980022
vt 0.61722851 0.56285417
vt 0.80696833 0.53698963
vt 0.042682573 0.44980022
vt 0.46713853 0.44818616
vt -0.45073235 0.4481861
vt 0.12507126 0.41587743
vt 0.2638841 -0.15544493
vt 1.3419377 0.44980025
vt 0.38377619 0.53698963
vt 1.3419377 0.5004189
vt 0.7435469 -0.1179169
vt 0.18216005 0.44980022
vt 1.0721117 0.5004189
vt 0.7435469 1.12473
vt 0.18221298 0.5004189
vt 0.38377619 0.44773307
vt 0.26393265 -0.05322291
vt 0.0020601451 0.064869687
vt 0.26393241 1.0599761
vt 0.29239374 0.44740817
vt 0.50093246 0.44980022
vt 1.432532 0.50042623
vt -0.3062959 0.5001356
vt 0.26393265 0.71542692
vt 0.24637589 1
vt 0.81962818 0.5004189
vt 0.44040793 0.40706211
vt 0.70832837 0.53747004
vt 0.59744745 0.5004189
vt 0.097634017 0.44980022
vt 0.96866053 0.1830195
vt 0.49595416 0.41028726
vt 0.72081113 1.0304481
vt 0.32316756 0.44965622
vt 1.2855051 0.41028723
vt 0.70832837 0.50042635
vt 0.9041543 0.44980025
vt 0.097687304 0.44980022
vt 1 0.45278448
vt -0.064693928 0.44965619
vt 0.26393265 0.83874393
vt 0.26393265 0.92766833
vt 0.40781161 0.076596797
vt 0.28604126 0.41617987
vt 0.32316753 0.53504556
vt 0.5009318 0.5004189
vt -2.0861626e-07 1.0000001
vt 0.90417653 0.5004189
vt 0.26393265 0.5034402
vt -0.00034284592 0.0053359321
vt 0.49994448 0.59214735
vt 0.86452794 0.41587746
vt 0.26393265 0.605129
vt 0.38279966 0.56285459
vt 1 0.45278448
vt 0.49595416 0.44740817
vt 0.031329896 0.5364421
vt 0.81989765 0.44980025
vt -0.51626837 0.4481861
vt 0.031279117 0.1830195
vt 1.2950513 0.44980025
vt 0.74350238 0.82108575
vt -2.3841858e-07 1.9278377e-07
vt 0.62109464 0.10360718
vt 0.80696833 0.53698963
vt 1 0
vt 1.3419377 0.44980025
vt 0.49595416 0.53747004
vt 1.3419377 0.5004189
vt -0.12538493 0.50041884
vt -0.11286631 0.5364421
vt 0.99695551 -0.027693748
vt 0.38377619 0.44773307
vt 0.19685084 0.31679958
vt -0.12527227 0.50041884
vt 0.86452794 0.50180167
vt 0.98758566 0.44980025
vt 0.26393265 0.71542692
vt 1 0
vt -0.0003426075 0.70013523
vt 1.432532 0.41028723
vt 0.59792376 0.44980022
vt 0.26393253 0.29145283
vt 1 0.40625
vt 1.2855051 0.44740814
vt 0.68883169 0.60337919
vt 0.32316756 0.44965622
vt 1.2855051 0.41028723
vt 1 0
vt 0.26562184 0.44980022
vt 0.32316753 0.41587743
vt -0.3062959 0.5364421
vt 0.063065231 0.12491626
vt 0.5009318 0.5004189
vt 0.99695623 0.91273218
vt 0.90417653 0.5004189
vt 0.48590231 0.29145283
vt 1.1739471 0.5004189
vt 0.6667785 0.077495456
vt -0.064693928 0.50180167
vt 0.94060034 0.41028726
vt 0.91014838 0.32850882
vt 0.34258366 0.08815378
vt 0.92538249 0.098960996
vt 0.46713853 0.50013566
vt 1.4992688 0.41028726
vt 0.29928625 0.5004189
vt 1.499269 0.44740811
vt -0.17227119 0.50041884
vt 0.44058365 0.12896866
vt 0.40780252 0.11320239
vt 0.49595416 0.53747004
vt 0.48590243 0.71542692
vt 0.75 0.203125
vt 0.67908669 0.50180167
vt 0.67407715 0.1014771
vt -0.11286631 0.5364421
vt 1.0000073 0
vt -0.11286631 0.5001356
vt 0.50173783 1
vt 0.98758566 0.44980025
vt 0.99995613 0
vt 0.99695623 0.70916784
vt -0.0003426075 0.70013523
vt 1 0.55111891
vt 1 0
vt 0.28604126 0.60041702
vt 0.19685084 0.70013511
vt 1.2855051 0.44740814
vt -0.0003426075 0.60041702
vt 0.38724911 0.1677247
vt -0.00037944317 -0.072636597
vt 0.055311039 0.41238776
vt 0.50173783 1
vt 0.671875 0.40625
vt 0.26651913 0.55111891
vt 0.10432041 0.81162328
vt 0.7764321 0.50457662
vt 1 0
vt 0.60507929 0.44773307
vt 1 0.55111891
vt 0.063065231 0.12491626
vt -0.0003426075 0.8920185
vt 0.99999154 0.41238776
vt 0.50078785 0.5004189
vt 0.54125321 0.50457662
vt 0.14010064 0.44980022
vt 0.38724923 0.83874315
vt 0.25895521 0
vt 0.73435271 0.50426787
vt 0.671875 0.40625
vt 1.1739471 0.5004189
vt 0.35014802 0.44980022
vt 0.055311039 0.44773307
vt 0.4303773 0.065070212
vt 0.44058365 0.15644431
vt 0.74073184 0.0039062798
vt 0.7764321 0.50457662
vt 0.2923938 0.50042635
vt 1 0.55111891
vt 0 0.40625
vt 0.063065231 0.89201838
vt 0.042682454 0.50041884
vt 0.40421939 0.5004189
vt 1.499269 0.53746992
vt 0.671875 0.40625
vt 0.74073184 0.0039062798
vt 1.499269 0.44740811
vt -0.0003426075 0.5084818
vt 0.2923938 0.53747004
vt -0.3062959 0.4481861
vt 0.80696833 0.41238776
vt 0.40780252 0.11320239
vt 0.44058365 0.12896866
vt 0.26562184 0.5004189
vt 0.66672039 0.12938303
vt -0.0042038113 0.44980022
vt 0.70243347 0.5004189
vt 0.38377619 0.41238776
vt 0.76552641 0.44980022
vt 0.097634017 0.5004189
vt 0.6666193 0.53644216
vt 0.99794006 0.064869687
vt 0.0020115376 0.064869687
vt -0.028703213 0.44980022
vt -0.14842905 0.53698963
vt 0.74073184 0.0039062798
vt -0.17212766 0.44980022
vt 0.21419853 0
vt 0.99695623 0.70916784
vt 0.91006708 0.32850882
vt 0.94060034 0.53747004
vt -0.0003426075 0.60041702
vt 0.62734348 0.82108563
vt 0.38724911 0.1677247
vt 0.64029944 0.084128678
vt 0.055311039 0.41238776
vt 0.21419853 0
vt 0.25911927 0.5364421
vt 0.25911927 0.44818616
vt 0.46713853 0.41180012
vt 0.37915671 0.060704887
vt 0.74073178 0.0039062798
vt -0.0003426075 0.8920185
vt 0.66886675 0.5004189
vt -0.0003426075 0.2053113
vt 0.50078785 0.5004189
vt 0.38724923 0.83874315
vt 4.4092536e-05 -8.9406967e-08
vt 1.1738343 0.44980025
vt 0.62734336 0.18572773
vt 0.34694028 0.50340712
vt 1 1
vt 0.21419853 0
vt 0.44058365 0.15644431
vt 1.1739689 0.5004189
vt 0.515625 0.203125
vt -0.51626837 0.5001356
vt -0.064693987 0.53504556
vt 0.74073178 0.0039062798
vt 0.99626094 0.44965625
vt 0.29239374 0.41028726
vt 0.01846981 0.0055300049
vt 0 0.203125
vt 0.18221366 0.44980022
vt 1 1
vt 0.4375 0.40625
vt 0.64050096 0.12270868
vt 0.515625 0.203125
vt 0.54161173 0.50180167
vt 0.75 0
vt 2.9802322e-08 0.40624219
vt -0.00034284592 0.31679958
vt 0.26562184 0.5004189
vt 0.70243347 0.5004189
vt 0.296875 0.40625
vt 0.6935153 0.40831453
vt 0.99695563 0.60337919
vt 0.28859603 -0.052968636
vt -0.12536293 0.44980022
vt 0 0.203125
vt 0.75331122 1
vt -0.14842905 0.53698963
vt 0.74350238 0.90533632
vt 1.1270826 0.44980025
vt 0.18216002 0.5004189
vt -0.17212766 0.44980022
vt 0.515625 0.203125
vt -0.12524128 0.44980022
vt 0.59792376 0.5004189
vt 1.0304008 0.44980025
vt 0.4375 0.40625
vt 0.75 0
vt 0.40427282 0.44980022
vt 0.296875 0.40625
vt 0.46713853 0.53644216
vt 0.74350226 0.1014771
vt 0.75331122 1
vt 0.81965113 0.44980025
vt 0.6666193 0.44818616
vt 0.74350238 0.59975117
vt 0.54161173 0.53504556
vt 0.75 0.203125
vt 0.29943079 0.44980022
vt 0.75 0
vt 0.25911927 0.44818616
vt 1 0.40624219
vt 0.065491922 0.95241892
vt 0.99695575 0.50584662
vt 0.45874679 0.45278448
vt 1.0000001 -1.937151e-07
vt 0.59421194 0.50584662
vt 0.46713853 0.44818616
vt 0.25895524 0
vt 0.2638841 -0.15544493
vt 0.18221298 0.5004189
vt 0.7435469 -0.1179169
vt 1.0879757 0.53746992
vt 0.065822229 0.95281136
vt 0.515625 0
vt 1.1739689 0.5004189
vt 0.99695623 0.82744312
vt 0.57220715 0.5004189
vt 0.99626094 0.44965625
vt 0.99999154 0.50182837
vt 0.45874679 0.45278448
vt 1 0
vt 0.29239374 0.41028726
vt 0.40427226 0.5004189
vt 0.38277149 0.56285417
vt 0.515625 0
vt 0.097634017 0.44980022
vt 0.80696833 0.50182837
vt 0.14853761 0.41638783
vt 0.72081113 1.0304481
vt -2.3841858e-07 -1.9278377e-07
vt -0.028068721 0.44980022
vt -0.064693928 0.44965619
vt 0.26393265 0.92766833
vt -0.12529439 0.44980022
vt 0.28604126 0.41617987
vt -0.12524128 0.44980022
vt 0.65954733 0.10330385
vt 0.59792376 0.5004189
vt 0.26393265 0.5034402
vt 1.0304008 0.44980025
vt 1.0879757 0.41028726
vt 0.26393265 0.605129
vt 0.46713853 0.53644216
vt 0.8703686 0.5004189
vt 0 0
vt 0.6666193 0.44818616
vt 0.12507126 0.44965622
vt 0.70832837 0.44740814
vt 1.0304229 0.5004189
vt -0.0042038113 0.50041884
vt -0.085013226 0.50182837
vt 0.7343269 0.50426787
vt -0.0003426075 0.12491626
vt 0.50173777 1
vt 0.74350238 0.82108575
vt 0.065491922 0.95241892
vt -0.028559923 0.50041884
vt 0.45874679 0.40624219
vt 0.54161173 0.44965622
vt 0.7435025 -0.023868755
vt 0.46713853 0.44818616
vt 0.2638841 1.1621974
vt 0 0
vt 1 0.55580354
vt 0.54125321 0.55111891
vt 0.73431766 0.50426787
vt 0.12507126 0.50180167
vt 0.61714494 0.56285417
vt 0.29943013 0.5004189
vt 0.19685084 0.31679958
vt -0.12527227 0.50041884
vt 0.4375 0.203125
vt 0.44040805 0.59975117
vt 0.99695623 0.82744312
vt 0.54161173 0.41587746
vt 0.57220715 0.5004189
vt 1.0001593 0.40368098
vn 1 0 0
vn 1 0 0
vn 1 0 0
vn 1 0 0
vn 1 0 0
vn 1 0 0
vn 1 0 0
vn 1 0 0
vn 0 1 0
vn 0 1 0
vn 0 1 0
vn 0 1 0
vn 0 0 -1
vn 0 0 -1
vn 0 0 -1
vn 0 0 -1
vn 0 1 0
vn 0 1 0
vn 0 1 0
vn 0 1 0
vn 0 1 0
vn 0 1 0
vn 0 1 0
vn 0 1 0
vn 0 1 0
vn 0 1 0
vn 0 1 0
vn 0 1 0
vn 0 1 0
vn 0 1 0
vn 0 1 0
vn 0 1 0
vn 0 1 0
vn 0 1 0
vn 0 1 0
vn 0 1 0
vn 0 0 -1
vn 0 0 -1
vn 0 0 -1
vn 0 0 -1
vn 0 -1 0
vn 0 -1 0
vn 0 -1 0
vn 0 -1 0
vn 0 0 -1
vn 0 0 -1
vn 0 0 -1
vn 0 0 -1
vn 0 1 0
vn 0 1 0
vn 0 1 0
vn 0 1 0
vn -1 0 0
vn -1 0 0
vn -1 0 0
vn -1 0 0
vn 0 1 0
vn 0 1 0
vn 0 1 0
vn 0 1 0
vn 0 -1 0
vn 0 -1 0
vn 0 -1 0
vn 0 -1 0
vn 0 0 1
vn 0 0 1
vn 0 0 1
vn 0 0 1
vn 0 0 1
vn 0 0 1
vn 0 0 1
vn 0 0 1
vn -1 0 0
vn -1 0 0
vn -1 0 0
vn -1 0 0
vn 0 1 0
vn 0 1 0
vn 0 1 0
vn 0 1 0
vn 1 0 0
vn 1 0 0
vn 1 0 0
vn 1 0 0
vn -1 0 0
vn -1 0 0
vn -1 0 0
vn -1 0 0
vn 0 1 0
vn 0 1 0
vn 0 1 0
vn 0 1 0
vn -1 0 0
vn -1 0 0
vn -1 0 0
vn -1 0 0
vn 0 1 0
vn 0 1 0
vn 0 1 0
vn 0 1 0
vn 1 0 0
vn 1 0 0
vn 1 0 0
vn 1 0 0
vn 0 -1 0
vn 0 -1 0
vn 0 -1 0
vn 0 -1 0
vn 0 1 0
vn 0 1 0
vn 0 1 0
vn 0 1 0
vn 0 0 1
vn 0 0 1
vn 0 0 1
vn 0 0 1
vn 0 0 -1
vn 0 0 -1
vn 0 0 -1
vn 0 0 -1
vn 0 1 0
vn 0 1 0
vn 0 1 0
vn 0 1 0
vn 0 -1 0
vn 0 -1 0
vn 0 -1 0
vn 0 -1 0
vn 0 0 1
vn 0 0 1
vn 0 0 1
vn 0 0 1
vn -0.347278 -0.9377622 0
vn 0.00049446803 -0.99999994 0
vn 0.00049528928 -0.99999988 -2.1246698e-09
vn -0.34727791 -0.9377622 -1.6626541e-07
vn 2.854805e-07 -0.95456034 0.29801762
vn 0 -0.87079543 0.49164557
vn 0 -0.85065025 0.52573204
vn 9.7141161e-08 -0.93788505 0.34694615
vn 0 -0.87079543 0.49164557
vn 0 -0.7302587 0.68317068
vn -4.1332822e-07 -0.68721509 0.72645396
vn 0 -0.85065025 0.52573204
vn 0 -0.7302587 0.68317068
vn -0.00037840271 -0.49024183 0.87158632
vn -0.00077704142 -0.46619195 0.88468319
vn -4.1332822e-07 -0.68721509 0.72645396
vn -0.00037840271 -0.49024183 0.87158632
vn -0.0016710374 -0.31768996 0.94819319
vn -8.1866028e-06 -0.30541161 0.95222038
vn -0.00077704142 -0.46619195 0.88468319
vn -0.0016710374 -0.31768996 0.94819319
vn 0.005933695 -0.13207199 0.99122244
vn -8.1866028e-06 -0.30541161 0.95222038
vn -2.56167e-13 -1 -5.9478054e-07
vn -4.1362767e-07 -0.95456028 -0.29801786
vn -2.1884533e-07 -0.93788493 -0.34694648
vn -1.8650682e-13 -1 -6.8448301e-08
vn -0.49164546 -0.87079543 -3.4912179e-07
vn -0.5257324 -0.85065001 -1.2137139e-07
vn -0.7264539 -0.68721515 0
vn -0.68317062 -0.73025882 0
vn -0.68317062 -0.73025882 0
vn -0.7264539 -0.68721515 0
vn -0.88448304 -0.46657223 0
vn -0.871553 -0.49030128 0
vn -0.871553 -0.49030128 0
vn -0.88448304 -0.46657223 0
vn -0.95143712 -0.30784315 7.264419e-07
vn -0.94743937 -0.31993559 0
vn -0.94743937 -0.31993559 0
vn -0.95143712 -0.30784315 7.264419e-07
vn -0.99155492 -0.12968728 1.3473119e-06
vn -1.3408043e-06 -0.93788499 0.34694633
vn -1.3380547e-06 -0.85130382 0.52467304
vn -6.6902913e-07 -0.85130394 0.52467293
vn -5.7344823e-07 -0.93788505 0.34694627
vn 0 -1 -1.1147296e-06
vn 0 -0.93788487 -0.34694648
vn -2.1935395e-07 -0.93788499 -0.34694639
vn -1.3988012e-13 -1 -5.7203226e-07
vn 0.29801768 -0.95456034 3.3954825e-07
vn 0.34694645 -0.93788493 1.9476391e-07
vn 0.52573246 -0.85065001 1.2340868e-07
vn 0.49100646 -0.87115598 3.5698207e-07
vn 0.49100646 -0.87115598 3.5698207e-07
vn 0.52573246 -0.85065001 1.2340868e-07
vn 0.7264536 -0.68721551 0
vn 0.68436688 -0.72913784 0
vn 0.68436688 -0.72913784 0
vn 0.7264536 -0.68721551 0
vn 0.88467324 -0.46621078 -0.0007581822
vn 0.87194908 -0.48959637 -0.00035510873
vn 0.87194908 -0.48959637 -0.00035510873
vn 0.88467324 -0.46621078 -0.0007581822
vn 0.95141619 -0.30790263 -0.0017893527
vn 0.94723737 -0.32052854 -0.0016563893
vn 0.94723737 -0.32052854 -0.0016563893
vn 0.95141619 -0.30790263 -0.0017893527
vn 0.99147105 -0.13032489 -0.0008274719
vn -1.0978586e-13 -1 8.6339114e-08
vn 2.854805e-07 -0.95456034 0.29801762
vn 9.7141161e-08 -0.93788505 0.34694615
vn -1.3988012e-13 -1 -5.7203226e-07
vn 3.3212292e-08 -0.87079567 -0.4916451
vn 9.3600636e-07 -0.7302596 -0.68316984
vn 7.648618e-07 -0.68721563 -0.72645342
vn 2.2032452e-07 -0.85065031 -0.52573186
vn 9.3600636e-07 -0.7302596 -0.68316984
vn 0.00038426183 -0.49023888 -0.87158805
vn 0.00078058126 -0.46618772 -0.88468558
vn 7.648618e-07 -0.68721563 -0.72645342
vn 0.00038426183 -0.49023888 -0.87158805
vn 0.0017079393 -0.3205038 -0.94724572
vn 0.0017903704 -0.30788705 -0.95142126
vn 0.00078058126 -0.46618772 -0.88468558
vn 0.0017079393 -0.3205038 -0.94724572
vn 0.00081840722 -0.13032912 -0.99147034
vn 0.0017903704 -0.30788705 -0.95142126
vn -4.1362767e-07 -0.95456028 -0.29801786
vn 3.3212292e-08 -0.87079567 -0.4916451
vn 2.2032452e-07 -0.85065031 -0.52573186
vn -2.1884533e-07 -0.93788493 -0.34694648
vn -0.0010388697 -0.46589407 -0.88483983
vn -0.0017116697 -0.30728847 -0.95161492
vn -0.0017908185 -0.3078897 -0.95142043
vn -0.00077636482 -0.46619236 -0.88468301
vn 1.1798675e-06 -0.85065055 -0.5257315
vn 1.1922135e-06 -0.68721581 -0.7264533
vn 5.9610716e-07 -0.68721581 -0.7264533
vn 4.6795662e-07 -0.85065049 -0.52573162
vn -0.0017116697 -0.30728847 -0.95161492
vn -0.00068180787 -0.12185717 -0.99254739
vn -0.00082025584 -0.13032852 -0.99147058
vn -0.0017908185 -0.3078897 -0.95142043
vn 1.1922135e-06 -0.68721581 -0.7264533
vn -0.0010388697 -0.46589407 -0.88483983
vn -0.00077636482 -0.46619236 -0.88468301
vn 5.9610716e-07 -0.68721581 -0.7264533
vn -0.29801697 -0.95456052 -2.9881892e-07
vn -0.34694591 -0.93788517 -1.7959704e-07
vn -0.5257324 -0.85065001 -1.2137139e-07
vn -0.49164546 -0.87079543 -3.4912179e-07
vn -0.95161045 -0.30730185 -0.0017335893
vn -0.88482857 -0.4659158 -0.0010394152
vn -0.8846733 -0.46621069 -0.00075815781
vn -0.95141619 -0.3079026 -0.0017894562
vn -0.72645372 -0.68721533 0
vn -0.52645409 -0.85020363 0
vn -0.52645415 -0.85020345 -5.4231313e-09
vn -0.72645366 -0.68721545 8.8362441e-08
vn 0 -1 4.4002473e-07
vn -1.3408043e-06 -0.93788499 0.34694633
vn -5.7344823e-07 -0.93788505 0.34694627
vn -1.8650682e-13 -1 -6.8448301e-08
vn -0.9925487 -0.12184688 -0.00070314709
vn -0.95161045 -0.30730185 -0.0017335893
vn -0.95141619 -0.3079026 -0.0017894562
vn -0.99147105 -0.13032463 -0.00082838407
vn -0.88482857 -0.4659158 -0.0010394152
vn -0.72645372 -0.68721533 0
vn -0.72645366 -0.68721545 8.8362441e-08
vn -0.8846733 -0.46621069 -0.00075815781
vn -0.52645409 -0.85020363 0
vn -0.347278 -0.9377622 0
vn -0.34727791 -0.9377622 -1.6626541e-07
vn -0.52645415 -0.85020345 -5.4231313e-09
vn 0.001707929 -0.30728558 0.95161581
vn 0.00067730859 -0.12185954 0.99254715
vn 0.00081854151 -0.13032965 0.9914704
vn 0.0017898318 -0.30788797 0.95142096
vn 0 -0.68636858 0.72725391
vn 0.0010393885 -0.4637554 0.88596267
vn 0.00077997218 -0.46405476 0.88580614
vn 0 -0.68636858 0.72725391
vn 0 -0.93788487 -0.34694648
vn 1.1798675e-06 -0.85065055 -0.5257315
vn 4.6795662e-07 -0.85065049 -0.52573162
vn -2.1935395e-07 -0.93788499 -0.34694639
vn 0.0010393885 -0.4637554 0.88596267
vn 0.001707929 -0.30728558 0.95161581
vn 0.0017898318 -0.30788797 0.95142096
vn 0.00077997218 -0.46405476 0.88580614
vn -1.3380547e-06 -0.85130382 0.52467304
vn 0 -0.68636858 0.72725391
vn 0 -0.68636858 0.72725391
vn -6.6902913e-07 -0.85130394 0.52467293
vn 0.00018695663 -0.99999994 -4.6157442e-09
vn 0.00049528928 -0.99999988 -2.1246698e-09
vn 0.34694645 -0.93788493 1.9476391e-07
vn 0.29801768 -0.95456034 3.3954825e-07
vn 0.99262589 -0.12121733 3.6359344e-07
vn 0.95143712 -0.30784318 3.6179617e-07
vn 0.95143706 -0.3078433 1.8161036e-07
vn 0.99155486 -0.12968753 3.3682784e-07
vn 0.88448316 -0.46657217 0
vn 0.72645402 -0.68721503 0
vn 0.72645372 -0.68721527 0
vn 0.88448298 -0.4665724 0
vn 0.52573228 -0.85065019 -3.3891033e-07
vn 0.34694606 -0.93788511 -3.3956869e-07
vn 0.34694603 -0.93788511 -8.4072617e-08
vn 0.52573222 -0.85065007 -1.0821972e-07
vn -0.0038292443 -0.99999267 -7.1505042e-08
vn 2.3467985e-07 -0.99999994 -3.4460442e-08
vn -0.34694591 -0.93788517 -1.7959704e-07
vn -0.29801697 -0.95456052 -2.9881892e-07
vn 0.95143712 -0.30784318 3.6179617e-07
vn 0.88448316 -0.46657217 0
vn 0.88448298 -0.4665724 0
vn 0.95143706 -0.3078433 1.8161036e-07
vn 0.72645402 -0.68721503 0
vn 0.52573228 -0.85065019 -3.3891033e-07
vn 0.52573222 -0.85065007 -1.0821972e-07
vn 0.72645372 -0.68721527 0
vn 0.34694606 -0.93788511 -3.3956869e-07
vn 7.2359614e-07 -0.99999994 0
vn 2.3467985e-07 -0.99999994 -3.4460442e-08
vn 0.34694603 -0.93788511 -8.4072617e-08
vn 0.70726073 -0.00021664603 -0.70695269
vn 0.69710904 0.0010090056 -0.71696442
vn 0.69713736 0.0010096594 -0.71693689
vn 0.7072615 -0.00021750286 -0.70695198
vn 0.71401536 -0.028055685 0.69956768
vn 0.71039933 -0.011912772 0.70369798
vn 0.71039826 -0.011907688 0.70369929
vn 0.71401536 -0.028055685 0.69956768
vn -0.70603198 -0.0055036223 0.70815873
vn -0.70706534 0.00095594698 0.70714766
vn -0.70706558 0.00095349638 0.7071473
vn -0.70602739 -0.0055135507 0.70816314
vn 0.70341289 -0.014042306 0.7106427
vn 0.69956195 -0.028081505 0.71401995
vn 0.69956195 -0.028081505 0.71401995
vn 0.70341408 -0.014037975 0.71064162
vn -0.71402025 -0.02808243 -0.6995616
vn -0.71064287 -0.014040751 -0.70341277
vn -0.71064174 -0.014036118 -0.70341402
vn -0.71402025 -0.02808243 -0.6995616
vn 0.70710677 9.5612609e-07 0.70710677
vn 0.70341289 -0.014042306 0.7106427
vn 0.70341408 -0.014037975 0.71064162
vn 0.70710677 9.5565315e-07 0.70710677
vn 0.70813143 -0.00098824303 -0.70607996
vn 0.70726073 -0.00021664603 -0.70695269
vn 0.7072615 -0.00021750286 -0.70695198
vn 0.70813149 -0.00098837516 -0.7060799
vn -0.70462441 -0.00909355 -0.70952219
vn -0.70316982 -0.015992787 -0.71084195
vn -0.70317084 -0.0159893 -0.71084112
vn -0.70462066 -0.0091029275 -0.70952582
vn -0.71064287 -0.014040751 -0.70341277
vn -0.70710582 2.9753267e-06 -0.70710766
vn -0.70710582 2.9758526e-06 -0.70710772
vn -0.71064174 -0.014036118 -0.70341402
vn -0.70706534 0.00095594698 0.70714766
vn -0.70721316 0.002308791 0.70699656
vn -0.70721388 0.0023061594 0.70699584
vn -0.70706558 0.00095349638 0.7071473
vn 0.71039933 -0.011912772 0.70369798
vn 0.70965272 0.013496711 0.70442241
vn 0.70964193 0.013464067 0.7044338
vn 0.71039826 -0.011907688 0.70369929
vn 0.70710599 1.7122501e-06 0.70710748
vn 0.70710677 9.5612609e-07 0.70710677
vn 0.70710677 9.5565315e-07 0.70710677
vn 0.70710599 1.7122547e-06 0.70710748
vn 0.70580947 0.0013098075 -0.70840049
vn 0.70813143 -0.00098824303 -0.70607996
vn 0.70813149 -0.00098837516 -0.7060799
vn 0.70580649 0.0013122823 -0.70840341
vn -0.6999988 -0.012698498 -0.71403104
vn -0.70462441 -0.00909355 -0.70952219
vn -0.70462066 -0.0091029275 -0.70952582
vn -0.69998771 -0.012693055 -0.71404207
vn -0.70710582 2.9753267e-06 -0.70710766
vn -0.70710468 9.5612097e-07 -0.70710891
vn -0.70710462 9.5614621e-07 -0.70710886
vn -0.70710582 2.9758526e-06 -0.70710772
vn -0.70721316 0.002308791 0.70699656
vn -0.70905083 0.0016377167 0.70515549
vn -0.7090528 0.0016396951 0.70515352
vn -0.70721388 0.0023061594 0.70699584
vn 0.70965272 0.013496711 0.70442241
vn 0.69821757 0.0072675836 0.71584874
vn 0.69826508 0.0073177246 0.71580184
vn 0.70964193 0.013464067 0.7044338
vn 0.70710528 7.5612667e-07 0.70710838
vn 0.70710599 1.7122501e-06 0.70710748
vn 0.70710599 1.7122547e-06 0.70710748
vn 0.70710522 7.5563861e-07 0.70710826
vn 0.70185339 0.0012960731 -0.71232027
vn 0.70580947 0.0013098075 -0.70840049
vn 0.70580649 0.0013122823 -0.70840341
vn 0.70223945 0.0016142935 -0.71193898
vn -0.69996059 -0.0068316995 -0.71414876
vn -0.6999988 -0.012698498 -0.71403104
vn -0.69998771 -0.012693055 -0.71404207
vn -0.69994694 -0.0068555214 -0.71416193
vn -0.70710468 9.5612097e-07 -0.70710891
vn -0.70710588 0 -0.7071076
vn -0.70710593 0 -0.7071076
vn -0.70710462 9.5614621e-07 -0.70710886
vn 0.69821757 0.0072675836 0.71584874
vn 0.69297975 -0.0029373879 0.72095108
vn 0.69305873 -0.0028942544 0.72087538
vn 0.69826508 0.0073177246 0.71580184
vn -0.70905083 0.0016377167 0.70515549
vn -0.71232009 0.0012960781 0.70185351
vn -0.71193874 0.0016142905 0.70223969
vn -0.7090528 0.0016396951 0.70515352
vn -0.64424747 -0.41217983 0.6442461
vn -0.69736195 -0.16545212 0.69736063
vn -0.69736189 -0.16545226 0.69736063
vn -0.64424747 -0.41217986 0.64424604
vn -0.56896377 -0.5937686 0.56896317
vn -0.64424747 -0.41217983 0.6442461
vn -0.64424747 -0.41217986 0.64424604
vn -0.56896377 -0.5937686 0.56896317
vn -0.42859295 -0.79537147 0.42859349
vn -0.56896377 -0.5937686 0.56896317
vn -0.56896377 -0.5937686 0.56896317
vn -0.42859295 -0.79537147 0.42859349
vn -0.28375563 -0.91595083 0.28375491
vn -0.42859295 -0.79537147 0.42859349
vn -0.42859295 -0.79537147 0.42859349
vn -0.28375566 -0.91595083 0.28375494
vn -0.18061116 -0.96684879 0.18050796
vn -0.28375563 -0.91595083 0.28375491
vn -0.28375566 -0.91595083 0.28375494
vn -0.1806111 -0.96684879 0.1805079
vn -0.69736212 -0.16545247 -0.69736046
vn -0.64424789 -0.41218063 -0.64424521
vn -0.64424789 -0.41218027 -0.64424527
vn -0.69736212 -0.16545254 -0.69736046
vn -0.64424789 -0.41218063 -0.64424521
vn -0.56896359 -0.59376931 -0.56896257
vn -0.56896353 -0.59376949 -0.56896257
vn -0.64424789 -0.41218027 -0.64424527
vn -0.56896359 -0.59376931 -0.56896257
vn -0.42858657 -0.79537708 -0.4285892
vn -0.42859352 -0.79536974 -0.42859617
vn -0.56896353 -0.59376949 -0.56896257
vn -0.42858657 -0.79537708 -0.4285892
vn -0.28438297 -0.91586691 -0.2833977
vn -0.28435963 -0.9158814 -0.28337389
vn -0.42859352 -0.79536974 -0.42859617
vn -0.28438297 -0.91586691 -0.2833977
vn -0.18165213 -0.9667303 -0.18009697
vn -0.18110123 -0.9669354 -0.17955023
vn -0.28435963 -0.9158814 -0.28337389
vn 0.64424324 -0.41219664 0.64423966
vn 0.69736081 -0.16545254 0.69736165
vn 0.69736081 -0.16545258 0.69736165
vn 0.64424914 -0.41217798 0.64424556
vn 0.56797385 -0.59313345 0.57061225
vn 0.64424324 -0.41219664 0.64423966
vn 0.64424914 -0.41217798 0.64424556
vn 0.56793964 -0.59319741 0.57057977
vn 0.4270702 -0.79459018 0.43155247
vn 0.56797385 -0.59313345 0.57061225
vn 0.56793964 -0.59319741 0.57057977
vn 0.42611688 -0.79562312 0.4305906
vn 0.28942606 -0.91528529 0.28015241
vn 0.4270702 -0.79459018 0.43155247
vn 0.42611688 -0.79562312 0.4305906
vn 0.28910476 -0.91551715 0.27972645
vn 0.18661074 -0.96767581 0.16964693
vn 0.28942606 -0.91528529 0.28015241
vn 0.28910476 -0.91551715 0.27972645
vn 0.19292928 -0.96539909 0.17544998
vn -0.18165213 -0.9667303 -0.18009697
vn -0.12415791 -0.98460507 -0.12303566
vn -0.12415791 -0.98460507 -0.12303566
vn -0.18110123 -0.9669354 -0.17955023
vn 0.12837684 -0.98489779 0.11617046
vn 0.18661074 -0.96767581 0.16964693
vn 0.19292928 -0.96539909 0.17544998
vn 0.12837684 -0.98489779 0.11617046
vn 0.64422971 -0.41227889 -0.64420044
vn 0.69736105 -0.16545314 -0.69736135
vn 0.69736117 -0.165453 -0.69736129
vn 0.64427143 -0.41214862 -0.64424223
vn 0.57972556 -0.59080189 -0.56113404
vn 0.64422971 -0.41227889 -0.64420044
vn 0.64427143 -0.41214862 -0.64424223
vn 0.58014935 -0.58979088 -0.56175923
vn 0.4482626 -0.79063153 -0.41708803
vn 0.57972556 -0.59080189 -0.56113404
vn 0.58014935 -0.58979088 -0.56175923
vn 0.44257402 -0.79661566 -0.41174239
vn 0.28898677 -0.91651142 -0.27657443
vn 0.4482626 -0.79063153 -0.41708803
vn 0.44257402 -0.79661566 -0.41174239
vn 0.28860405 -0.91672021 -0.27628195
vn 0.18062167 -0.96684515 -0.18051647
vn 0.28898677 -0.91651142 -0.27657443
vn 0.28860405 -0.91672021 -0.27628195
vn 0.18056813 -0.96686518 -0.18046285
vn -0.12385085 -0.98456734 0.12364591
vn -0.18061116 -0.96684879 0.18050796
vn -0.1806111 -0.96684879 0.1805079
vn -0.12385085 -0.98456734 0.12364591
vn 0.12380386 -0.98457772 -0.12360936
vn 0.18062167 -0.96684515 -0.18051647
vn 0.18056813 -0.96686518 -0.18046285
vn 0.12380386 -0.98457772 -0.12360936
vn -0.70316982 -0.015992787 -0.71084195
vn -0.69964719 -0.027771862 -0.71394861
vn -0.69964719 -0.027771862 -0.71394861
vn -0.70317084 -0.0159893 -0.71084112
vn 0.70872742 0.0014739303 -0.70548081
vn 0.71232241 0.0012957539 -0.70185125
vn 0.71194124 0.0016138959 -0.70223719
vn 0.70872992 0.0014761706 -0.70547831
vn -0.70188051 -0.022073654 0.71195251
vn -0.70603198 -0.0055036223 0.70815873
vn -0.70602739 -0.0055135507 0.70816314
vn -0.70189506 -0.022003768 0.71194035
vn -0.70548266 0.001471955 0.70872575
vn -0.70710725 -1.2902415e-06 0.70710641
vn -0.70710719 -1.2900983e-06 0.70710635
vn -0.70548004 0.0014741971 0.70872819
vn 0.69710904 0.0010090056 -0.71696442
vn 0.70945531 -0.0078547131 -0.70470661
vn 0.70954955 -0.0078935707 -0.70461136
vn 0.69713736 0.0010096594 -0.71693689
vn -0.71045589 -0.013138962 0.70361906
vn -0.71252769 -0.027785037 0.70109379
vn -0.71252769 -0.027785037 0.70109379
vn -0.71045619 -0.013141055 0.70361871
vn 0.70710641 1.8243535e-06 -0.70710713
vn 0.70872742 0.0014739303 -0.70548081
vn 0.70872992 0.0014761706 -0.70547831
vn 0.70710635 1.824554e-06 -0.70710719
vn 0.69951093 -0.028773144 -0.71404243
vn 0.7032696 -0.01480856 -0.710769
vn 0.70327228 -0.014797796 -0.71076643
vn 0.69951093 -0.028773144 -0.71404243
vn -0.70710725 -1.2902415e-06 0.70710641
vn -0.70703083 0.00014361403 0.70718271
vn -0.70703083 0.00014361832 0.70718265
vn -0.70710719 -1.2900983e-06 0.70710635
vn -0.69904804 -0.035436045 0.71419615
vn -0.70188051 -0.022073654 0.71195251
vn -0.70189506 -0.022003768 0.71194035
vn -0.69904804 -0.035436045 0.71419615
vn 0.70945531 -0.0078547131 -0.70470661
vn 0.73020017 -0.016548334 -0.68303293
vn 0.73020017 -0.016548334 -0.68303293
vn 0.70954955 -0.0078935707 -0.70461136
vn 0.70703089 -0.0001426599 -0.70718271
vn 0.70710641 1.8243535e-06 -0.70710713
vn 0.70710635 1.824554e-06 -0.70710719
vn 0.70703083 -0.00014266332 -0.70718277
vn -0.70703083 0.00014361403 0.70718271
vn -0.70759088 0.00089595752 0.70662165
vn -0.70759118 0.00089615933 0.70662147
vn -0.70703083 0.00014361832 0.70718265
vn 0.70318174 0.0026271897 0.71100533
vn 0.70185339 0.0012954276 0.71232027
vn 0.70223945 0.0016134987 0.71193898
vn 0.70318282 0.0026276677 0.71100426
vn -0.70548165 0.0014735922 -0.70872658
vn -0.70185417 0.0012963935 -0.71231955
vn -0.70223969 0.0016146919 -0.71193874
vn -0.7054792 0.0014758282 -0.70872909
vn 0.7069155 -0.00056037697 -0.70729774
vn 0.70703089 -0.0001426599 -0.70718271
vn 0.70703083 -0.00014266332 -0.70718277
vn 0.70691544 -0.00056056981 -0.70729774
vn -0.71231937 0.001296238 -0.70185429
vn -0.70645708 0.00032901886 -0.7077558
vn -0.70646292 0.00033293638 -0.70774996
vn -0.71193808 0.0016144901 -0.70224041
vn -0.70759088 0.00089595752 0.70662165
vn -0.71045589 -0.013138962 0.70361906
vn -0.71045619 -0.013141055 0.70361871
vn -0.70759118 0.00089615933 0.70662147
vn 0.69297975 -0.0029373879 0.72095108
vn 0.70318174 0.0026271897 0.71100533
vn 0.70318282 0.0026276677 0.71100426
vn 0.69305873 -0.0028942544 0.72087538
vn 0.7032696 -0.01480856 -0.710769
vn 0.7069155 -0.00056037697 -0.70729774
vn 0.70691544 -0.00056056981 -0.70729774
vn 0.70327228 -0.014797796 -0.71076643
vn -0.70710588 0 -0.7071076
vn -0.70548165 0.0014735922 -0.70872658
vn -0.7054792 0.0014758282 -0.70872909
vn -0.70710593 0 -0.7071076
vn -0.70645708 0.00032901886 -0.7077558
vn -0.69996059 -0.0068316995 -0.71414876
vn -0.69994694 -0.0068555214 -0.71416193
vn -0.70646292 0.00033293638 -0.70774996
vn 0.70868397 0.0014646964 0.70552444
vn 0.70710528 7.5612667e-07 0.70710838
vn 0.70710522 7.5563861e-07 0.70710826
vn 0.70869136 0.0014714786 0.70551717
vn -0.70870274 0.0001013328 0.70550722
vn -0.70870274 0.0001013328 0.70550722
vn -0.70870179 0.00010355742 0.70550817
vn -0.70870185 0.00010355624 0.70550811
vn 0.71313798 -0.0081843315 -0.70097589
vn 0.71313798 -0.0081843315 -0.70097589
vn 0.71457136 -0.0014377091 -0.69956106
vn 0.71457154 -0.0014368384 -0.69956088
vn -0.70678246 -1.6503143e-05 -0.70743084
vn -0.70678246 -1.6503143e-05 -0.70743084
vn -0.70678115 -1.3392583e-05 -0.70743227
vn -0.70678109 -1.3392759e-05 -0.70743227
vn 0.7414012 -0.6710614 0.00088948425
vn 0.74056816 -0.67198068 0.00088864373
vn 0.82123631 -0.57058752 0.00096885895
vn -0.0014809367 -0.58112514 0.81381291
vn -0.0014421921 -0.58023322 0.81444919
vn -0.0013785118 -0.62775505 0.77840966
vn -0.0013332992 -0.6768592 0.73611122
vn -0.81446379 -0.58021301 -0.0012775039
vn -0.73489451 -0.67818087 0.00081773842
vn -0.7094565 -0.70474786 0.0014270216
vn 0.0011828139 -0.5809015 -0.81397307
vn 0.0010594332 -0.67795026 -0.73510695
vn 0.0010596864 -0.67777377 -0.73526961
vn -0.7094565 -0.70474786 0.0014270216
vn -0.73489451 -0.67818087 0.00081773842
vn -0.62924379 -0.77720147 0.0032040332
vn -0.62924379 -0.77720147 0.0032040332
vn 0.71457154 -0.0014368384 -0.69956088
vn 0.71457136 -0.0014377091 -0.69956106
vn 0.71734607 0.012126591 -0.69661164
vn 0.707133 1.7095608e-05 0.70708048
vn 0.707133 1.7093953e-05 0.70708054
vn 0.70713568 1.8070521e-05 0.7070778
vn -0.70870185 0.00010355624 0.70550811
vn -0.70870179 0.00010355742 0.70550817
vn -0.70869994 0.0001080302 0.70551002
vn -0.70869994 0.0001080302 0.70551002
vn -0.70678109 -1.3392759e-05 -0.70743227
vn -0.70678115 -1.3392583e-05 -0.70743227
vn -0.70677835 -7.138382e-06 -0.70743507
vn 0.7414012 -0.6710614 0.00088948425
vn 0.63410521 -0.77324635 0.00077968702
vn 0.74056816 -0.67198068 0.00088864373
vn -0.0013785118 -0.62775505 0.77840966
vn -0.0014421921 -0.58023322 0.81444919
vn -0.0013574657 -0.57828039 0.81583691
vn 0.0010594332 -0.67795026 -0.73510695
vn 0.00089820207 -0.77583301 -0.6309377
vn 0.0010596864 -0.67777377 -0.73526961
vn -0.0013785118 -0.62775505 0.77840966
vn -0.0011392512 -0.77387226 0.63334066
vn -0.0013332992 -0.6768592 0.73611122
vn 0.0065683443 -0.12363344 0.99230617
vn 0.005933695 -0.13207199 0.99122244
vn 0.0073162206 -0.0073139323 0.99994648
vn 0.0073162206 -0.0073139323 0.99994648
vn 0.70185339 0.0012960731 -0.71232027
vn 0.70223945 0.0016142935 -0.71193898
vn 0.7002781 0 -0.71387017
vn 0.7002781 0 -0.71387017
vn -0.99155492 -0.12968728 1.3473119e-06
vn -0.99262595 -0.12121703 1.4543745e-06
vn -1 0 0
vn -1 0 0
vn 0.99262589 -0.12121733 3.6359344e-07
vn 0.99155486 -0.12968753 3.3682784e-07
vn 1 0 0
vn 1 0 0
vn 0.71194124 0.0016138959 -0.70223719
vn 0.71232241 0.0012957539 -0.70185125
vn 0.71387166 0 -0.70027661
vn 0.71387166 0 -0.70027661
vn 0.00081854151 -0.13032965 0.9914704
vn 0.00067730859 -0.12185954 0.99254715
vn 0 0 1
vn 0 0 1
vn 0.69736117 -0.165453 -0.69736129
vn 0.69736105 -0.16545314 -0.69736135
vn 0.70710576 0 -0.70710784
vn 0.70710576 0 -0.70710784
vn -0.70223969 0.0016146919 -0.71193874
vn -0.70185417 0.0012963935 -0.71231955
vn -0.7002809 0 -0.71386743
vn -0.7002809 0 -0.71386743
vn -0.71193874 0.0016142905 0.70223969
vn -0.71232009 0.0012960781 0.70185351
vn -0.71387011 0 0.7002781
vn -0.71387011 0 0.7002781
vn 0.00067694759 -0.1218591 -0.99254721
vn 0.00081840722 -0.13032912 -0.99147034
vn 0 0 -1
vn 0 0 -1
vn -0.69736212 -0.16545247 -0.69736046
vn -0.69736212 -0.16545254 -0.69736046
vn -0.70710731 0 -0.70710629
vn -0.70710731 0 -0.70710629
vn 0.70223945 0.0016134987 0.71193898
vn 0.70185339 0.0012954276 0.71232027
vn 0.7002781 0 0.71387017
vn 0.7002781 0 0.71387017
vn 0.99147105 -0.13032489 -0.0008274719
vn 0.99254864 -0.12184751 -0.00070210022
vn 1 0 0
vn 1 0 0
vn 0.69736081 -0.16545258 0.69736165
vn 0.69736081 -0.16545254 0.69736165
vn 0.70710623 0 0.70710731
vn 0.70710623 0 0.70710731
vn -0.00082025584 -0.13032852 -0.99147058
vn -0.00068180787 -0.12185717 -0.99254739
vn 0 0 -1
vn 0 0 -1
vn -0.69736189 -0.16545226 0.69736063
vn -0.69736195 -0.16545212 0.69736063
vn -0.70710778 0 0.70710576
vn -0.70710778 0 0.70710576
vn -0.9925487 -0.12184688 -0.00070314709
vn -0.99147105 -0.13032463 -0.00082838407
vn -1 0 0
vn -1 0 0
vn -0.71231937 0.001296238 -0.70185429
vn -0.71193808 0.0016144901 -0.70224041
vn -0.71386939 0 -0.70027876
vn -0.71386939 0 -0.70027876
vn 0.70713174 1.6608135e-05 0.70708191
vn 0.70713174 1.6608135e-05 0.70708191
vn 0.707133 1.7093953e-05 0.70708054
vn 0.707133 1.7095608e-05 0.70708048
vn 9.7141161e-08 -0.93788505 0.34694615
vn 0 -0.85065025 0.52573204
vn 0 -0.85065031 0.52573186
vn 0 -0.93788522 0.34694591
vn -4.1332822e-07 -0.68721509 0.72645396
vn -0.00077704142 -0.46619195 0.88468319
vn -0.0010407889 -0.46589372 0.88484007
vn -8.2665645e-07 -0.68721509 0.72645396
vn -8.1866028e-06 -0.30541161 0.95222038
vn 0.005933695 -0.13207199 0.99122244
vn 0.0065683443 -0.12363344 0.99230617
vn 0.0018609709 -0.30562803 0.95214921
vn 0.71229291 0.0012876748 0.70188117
vn 0.70868397 0.0014646964 0.70552444
vn 0.70869136 0.0014714786 0.70551717
vn 0.71189892 0.0016092928 0.7022801
vn 4.6795662e-07 -0.85065049 -0.52573162
vn 5.9610716e-07 -0.68721581 -0.7264533
vn 0 -0.73025918 -0.68317014
vn -3.5086052e-07 -0.87079561 -0.49164519
vn 5.9610716e-07 -0.68721581 -0.7264533
vn -0.00077636482 -0.46619236 -0.88468301
vn -0.00037882122 -0.49024242 -0.87158602
vn 0 -0.73025918 -0.68317014
vn 0.71386898 -1.4150029e-06 0.7002793
vn 0.71229291 0.0012876748 0.70188117
vn 0.71189892 0.0016092928 0.7022801
vn 0.71386898 -1.4150029e-06 0.7002793
vn 0 -0.85065025 0.52573204
vn -4.1332822e-07 -0.68721509 0.72645396
vn -8.2665645e-07 -0.68721509 0.72645396
vn 0 -0.85065031 0.52573186
vn -0.00077704142 -0.46619195 0.88468319
vn -8.1866028e-06 -0.30541161 0.95222038
vn 0.0018609709 -0.30562803 0.95214921
vn -0.0010407889 -0.46589372 0.88484007
vn -2.1935395e-07 -0.93788499 -0.34694639
vn 4.6795662e-07 -0.85065049 -0.52573162
vn -3.5086052e-07 -0.87079561 -0.49164519
vn -4.1451727e-07 -0.9545604 -0.29801753
vn -1.3988012e-13 -1 -5.7203226e-07
vn -2.1935395e-07 -0.93788499 -0.34694639
vn -4.1451727e-07 -0.9545604 -0.29801753
vn -1.0978586e-13 -1 8.6339114e-08
vn -1.3988012e-13 -1 -5.7203226e-07
vn 9.7141161e-08 -0.93788505 0.34694615
vn 0 -0.93788522 0.34694591
vn 0 -1 -1.1147296e-06
vn -0.00077636482 -0.46619236 -0.88468301
vn -0.0017908185 -0.3078897 -0.95142043
vn -0.0016997318 -0.32050806 -0.94724429
vn -0.00037882122 -0.49024242 -0.87158602
vn -0.0017908185 -0.3078897 -0.95142043
vn -0.00082025584 -0.13032852 -0.99147058
vn -0.0016997318 -0.32050806 -0.94724429
vn -0.72645366 -0.68721545 8.8362441e-08
vn -0.52645415 -0.85020345 -5.4231313e-09
vn -0.49268895 -0.87020552 -1.6926178e-07
vn -0.68317032 -0.73025918 2.3934524e-07
vn -0.99147105 -0.13032463 -0.00082838407
vn -0.95141619 -0.3079026 -0.0017894562
vn -0.94723737 -0.32052863 -0.0016557357
vn -0.52645415 -0.85020345 -5.4231313e-09
vn -0.34727791 -0.9377622 -1.6626541e-07
vn -0.29769608 -0.95466065 -3.1335497e-07
vn -0.49268895 -0.87020552 -1.6926178e-07
vn 0.34694645 -0.93788493 1.9476391e-07
vn 0.00049528928 -0.99999988 -2.1246698e-09
vn 0.00049446803 -0.99999994 0
vn 0.34694633 -0.93788499 0
vn 0.52573246 -0.85065001 1.2340868e-07
vn 0.34694645 -0.93788493 1.9476391e-07
vn 0.34694633 -0.93788499 0
vn 0.52573276 -0.85064977 0
vn 0.88467324 -0.46621078 -0.0007581822
vn 0.7264536 -0.68721551 0
vn 0.7264536 -0.68721551 0
vn 0.88482851 -0.4659158 -0.0010394143
vn 0.99147105 -0.13032489 -0.0008274719
vn 0.95141619 -0.30790263 -0.0017893527
vn 0.95161039 -0.30730218 -0.0017325393
vn 0.99254864 -0.12184751 -0.00070210022
vn -0.70185453 0.0012954264 0.7123192
vn -0.70548266 0.001471955 0.70872575
vn -0.70548004 0.0014741971 0.70872819
vn -0.70224005 0.0016134871 0.71193832
vn -0.95141619 -0.3079026 -0.0017894562
vn -0.8846733 -0.46621069 -0.00075815781
vn -0.87158018 -0.49025294 -0.00035157616
vn -0.94723737 -0.32052863 -0.0016557357
vn -0.8846733 -0.46621069 -0.00075815781
vn -0.72645366 -0.68721545 8.8362441e-08
vn -0.68317032 -0.73025918 2.3934524e-07
vn -0.87158018 -0.49025294 -0.00035157616
vn -0.34727791 -0.9377622 -1.6626541e-07
vn 0.00049528928 -0.99999988 -2.1246698e-09
vn 0.00018695663 -0.99999994 -4.6157442e-09
vn -0.29769608 -0.95466065 -3.1335497e-07
vn 0.7264536 -0.68721551 0
vn 0.52573246 -0.85065001 1.2340868e-07
vn 0.52573276 -0.85064977 0
vn 0.7264536 -0.68721551 0
vn 0.95141619 -0.30790263 -0.0017893527
vn 0.88467324 -0.46621078 -0.0007581822
vn 0.88482851 -0.4659158 -0.0010394143
vn 0.95161039 -0.30730218 -0.0017325393
vn -0.7002809 0 0.71386743
vn -0.70185453 0.0012954264 0.7123192
vn -0.70224005 0.0016134871 0.71193832
vn -0.7002809 0 0.71386743
vn 0 -0.68636858 0.72725391
vn 0.00077997218 -0.46405476 0.88580614
vn 0.00038360481 -0.48760673 0.87306327
vn 0 -0.73040593 0.68301332
vn 0.00077997218 -0.46405476 0.88580614
vn 0.0017898318 -0.30788797 0.95142096
vn 0.0017061187 -0.32050496 0.94724536
vn 0.00038360481 -0.48760673 0.87306327
vn -5.7344823e-07 -0.93788505 0.34694627
vn -6.6902913e-07 -0.85130394 0.52467293
vn 0 -0.87110466 0.49109742
vn 2.8493019e-07 -0.95456052 0.29801708
vn 2.2032452e-07 -0.85065031 -0.52573186
vn 7.648618e-07 -0.68721563 -0.72645342
vn 8.3860903e-07 -0.68721545 -0.72645366
vn 0 -0.85065001 -0.5257324
vn 0.00078058126 -0.46618772 -0.88468558
vn 0.0017903704 -0.30788705 -0.95142126
vn 0.0017070191 -0.3072851 -0.95161593
vn 0.001039922 -0.46588904 -0.88484257
vn -2.1884533e-07 -0.93788493 -0.34694648
vn 2.2032452e-07 -0.85065031 -0.52573186
vn 0 -0.85065001 -0.5257324
vn 0 -0.93788499 -0.34694636
vn -1.8650682e-13 -1 -6.8448301e-08
vn -5.7344823e-07 -0.93788505 0.34694627
vn 2.8493019e-07 -0.95456052 0.29801708
vn -2.56167e-13 -1 -5.9478054e-07
vn 0.0017898318 -0.30788797 0.95142096
vn 0.00081854151 -0.13032965 0.9914704
vn 0.0017061187 -0.32050496 0.94724536
vn -6.6902913e-07 -0.85130394 0.52467293
vn 0 -0.68636858 0.72725391
vn 0 -0.73040593 0.68301332
vn 0 -0.87110466 0.49109742
vn -1.8650682e-13 -1 -6.8448301e-08
vn -2.1884533e-07 -0.93788493 -0.34694648
vn 0 -0.93788499 -0.34694636
vn 0 -1 4.4002473e-07
vn 7.648618e-07 -0.68721563 -0.72645342
vn 0.00078058126 -0.46618772 -0.88468558
vn 0.001039922 -0.46588904 -0.88484257
vn 8.3860903e-07 -0.68721545 -0.72645366
vn 0.0017903704 -0.30788705 -0.95142126
vn 0.00081840722 -0.13032912 -0.99147034
vn 0.00067694759 -0.1218591 -0.99254721
vn 0.0017070191 -0.3072851 -0.95161593
vn 0.88448298 -0.4665724 0
vn 0.72645372 -0.68721527 0
vn 0.6831705 -0.730259 0
vn 0.87155277 -0.49030176 0
vn -0.7264539 -0.68721515 0
vn -0.5257324 -0.85065001 -1.2137139e-07
vn -0.52573264 -0.85064983 0
vn -0.72645402 -0.68721503 0
vn -0.95143712 -0.30784315 7.264419e-07
vn -0.88448304 -0.46657223 0
vn -0.88448316 -0.46657217 0
vn -0.95143718 -0.30784294 1.4471855e-06
vn -0.34694591 -0.93788517 -1.7959704e-07
vn 2.3467985e-07 -0.99999994 -3.4460442e-08
vn 7.2359614e-07 -0.99999994 0
vn -0.34694579 -0.93788511 0
vn 0.72645372 -0.68721527 0
vn 0.52573222 -0.85065007 -1.0821972e-07
vn 0.49199426 -0.8705985 1.756012e-07
vn 0.6831705 -0.730259 0
vn 0.99155486 -0.12968753 3.3682784e-07
vn 0.95143706 -0.3078433 1.8161036e-07
vn 0.94743937 -0.31993568 0
vn 0.52573222 -0.85065007 -1.0821972e-07
vn 0.34694603 -0.93788511 -8.4072617e-08
vn 0.29880011 -0.95431566 1.3692211e-07
vn 0.49199426 -0.8705985 1.756012e-07
vn 0.95143706 -0.3078433 1.8161036e-07
vn 0.88448298 -0.4665724 0
vn 0.87155277 -0.49030176 0
vn 0.94743937 -0.31993568 0
vn 0.34694603 -0.93788511 -8.4072617e-08
vn 2.3467985e-07 -0.99999994 -3.4460442e-08
vn -0.0038292443 -0.99999267 -7.1505042e-08
vn 0.29880011 -0.95431566 1.3692211e-07
vn -0.88448304 -0.46657223 0
vn -0.7264539 -0.68721515 0
vn -0.72645402 -0.68721503 0
vn -0.88448316 -0.46657217 0
vn -0.99155492 -0.12968728 1.3473119e-06
vn -0.95143712 -0.30784315 7.264419e-07
vn -0.95143718 -0.30784294 1.4471855e-06
vn -0.99262595 -0.12121703 1.4543745e-06
vn -0.5257324 -0.85065001 -1.2137139e-07
vn -0.34694591 -0.93788517 -1.7959704e-07
vn -0.34694579 -0.93788511 0
vn -0.52573264 -0.85064983 0
vn 0 -0.93776214 0.34727818
vn 0 -0.99999994 -0.00049462443
vn 3.9818007e-10 -0.99999994 -0.00049529417
vn -2.2168727e-07 -0.9377622 0.34727803
vn 0.29801771 -0.95456034 -1.6213481e-07
vn 0.49164599 -0.87079519 -8.3480181e-08
vn 0.52573258 -0.85064983 -2.8161795e-09
vn 0.34694654 -0.93788493 -8.4534435e-08
vn 0.49164599 -0.87079519 -8.3480181e-08
vn 0.68317086 -0.73025852 3.2083091e-07
vn 0.72645396 -0.68721503 2.01758e-07
vn 0.52573258 -0.85064983 -2.8161795e-09
vn 0.68317086 -0.73025852 3.2083091e-07
vn 0.8715865 -0.49024159 0.00037900801
vn 0.88468313 -0.46619219 0.00077665481
vn 0.72645396 -0.68721503 2.01758e-07
vn 0.8715865 -0.49024159 0.00037900801
vn 0.94819313 -0.31769025 0.0016701808
vn 0.95222038 -0.30541149 7.4009968e-06
vn 0.88468313 -0.46619219 0.00077665481
vn 0.94819313 -0.31769025 0.0016701808
vn 0.99122238 -0.13207273 -0.0059337006
vn 0.95222038 -0.30541149 7.4009968e-06
vn -2.0145787e-07 -1 -1.0865394e-08
vn -0.29801729 -0.95456046 3.0217714e-07
vn -0.34694618 -0.93788499 1.5651577e-07
vn 4.6447059e-07 -1 -5.4326263e-09
vn 0 -0.87079531 0.49164575
vn 0 -0.85065007 0.52573222
vn 0 -0.68721515 0.72645396
vn 0 -0.73025882 0.6831705
vn 0 -0.73025882 0.6831705
vn 0 -0.68721515 0.72645396
vn 0 -0.46657202 0.88448322
vn 0 -0.49030098 0.87155318
vn 0 -0.49030098 0.87155318
vn 0 -0.46657202 0.88448322
vn 0 -0.30784333 0.95143706
vn 0 -0.31993565 0.94743931
vn 0 -0.31993565 0.94743931
vn 0 -0.30784333 0.95143706
vn 0 -0.12968741 0.99155498
vn 0.34694597 -0.93788511 2.9330027e-07
vn 0.52467275 -0.85130399 5.9090257e-07
vn 0.52467275 -0.85130399 2.6202594e-07
vn 0.34694615 -0.93788511 -7.5497146e-09
vn -7.0403956e-07 -1 5.7377969e-07
vn -0.34694624 -0.93788493 1.0969299e-06
vn -0.3469463 -0.93788499 5.9025456e-07
vn -2.7868234e-07 -1 2.8222425e-07
vn 2.8793011e-07 -0.95456034 -0.29801753
vn 9.7974713e-08 -0.93788499 -0.34694633
vn 0 -0.85064995 -0.52573252
vn 0 -0.87115592 -0.49100643
vn 0 -0.87115592 -0.49100643
vn 0 -0.85064995 -0.52573252
vn 0 -0.68721551 -0.72645366
vn 0 -0.72913754 -0.68436724
vn 0 -0.72913754 -0.68436724
vn 0 -0.68721551 -0.72645366
vn -0.000758051 -0.46621078 -0.8846733
vn -0.00035529793 -0.48959675 -0.87194884
vn -0.00035529793 -0.48959675 -0.87194884
vn -0.000758051 -0.46621078 -0.8846733
vn -0.0017886135 -0.30790246 -0.95141625
vn -0.0016560014 -0.32052875 -0.94723737
vn -0.0016560014 -0.32052875 -0.94723737
vn -0.0017886135 -0.30790246 -0.95141625
vn -0.00082703831 -0.13032468 -0.99147105
vn 2.3023763e-07 -1 -9.3312353e-09
vn 0.29801771 -0.95456034 -1.6213481e-07
vn 0.34694654 -0.93788493 -8.4534435e-08
vn -2.7868234e-07 -1 2.8222425e-07
vn -0.49164516 -0.87079567 1.6874201e-07
vn -0.68316996 -0.73025936 -3.1008389e-07
vn -0.72645348 -0.68721557 -5.0121679e-07
vn -0.52573192 -0.85065031 -2.0490721e-07
vn -0.68316996 -0.73025936 -3.1008389e-07
vn -0.87158817 -0.49023852 -0.00038452365
vn -0.88468564 -0.46618751 -0.00078023376
vn -0.72645348 -0.68721557 -5.0121679e-07
vn -0.87158817 -0.49023852 -0.00038452365
vn -0.94724566 -0.32050398 -0.0017079334
vn -0.9514212 -0.3078872 -0.0017900475
vn -0.88468564 -0.46618751 -0.00078023376
vn -0.94724566 -0.32050398 -0.0017079334
vn -0.9914704 -0.13032936 -0.00081806933
vn -0.9514212 -0.3078872 -0.0017900475
vn -0.29801729 -0.95456046 3.0217714e-07
vn -0.49164516 -0.87079567 1.6874201e-07
vn -0.52573192 -0.85065031 -2.0490721e-07
vn -0.34694618 -0.93788499 1.5651577e-07
vn -0.88483995 -0.46589404 0.0010391449
vn -0.9516148 -0.30728859 0.0017119432
vn -0.95142019 -0.30789047 0.0017904476
vn -0.88468313 -0.4661921 0.00077625603
vn -0.5257318 -0.85065037 5.3589741e-07
vn -0.72645348 -0.68721569 0
vn -0.72645366 -0.68721545 -1.923372e-07
vn -0.52573216 -0.85065019 1.8972257e-07
vn -0.9516148 -0.30728859 0.0017119432
vn -0.99254739 -0.12185728 0.00068180927
vn -0.99147046 -0.13032877 0.00082015764
vn -0.95142019 -0.30789047 0.0017904476
vn -0.72645348 -0.68721569 0
vn -0.88483995 -0.46589404 0.0010391449
vn -0.88468313 -0.4661921 0.00077625603
vn -0.72645366 -0.68721545 -1.923372e-07
vn -2.8444271e-07 -0.9545604 0.29801738
vn -9.6788035e-08 -0.93788499 0.3469463
vn 0 -0.85065007 0.52573222
vn 0 -0.87079531 0.49164575
vn -0.0017327139 -0.30730206 0.95161045
vn -0.0010394144 -0.46591532 0.88482881
vn -0.000758006 -0.46621066 0.88467336
vn -0.0017888246 -0.30790281 0.95141619
vn 0 -0.68721503 0.72645402
vn 0 -0.85020357 0.52645409
vn -1.238184e-07 -0.85020339 0.52645421
vn 0 -0.68721509 0.72645396
vn 1.0658378e-06 -1 0
vn 0.34694597 -0.93788511 2.9330027e-07
vn 0.34694615 -0.93788511 -7.5497146e-09
vn 4.6447059e-07 -1 -5.4326263e-09
vn -0.00070227368 -0.12184697 0.99254864
vn -0.0017327139 -0.30730206 0.95161045
vn -0.0017888246 -0.30790281 0.95141619
vn -0.00082753855 -0.13032474 0.99147093
vn -0.0010394144 -0.46591532 0.88482881
vn 0 -0.68721503 0.72645402
vn 0 -0.68721509 0.72645396
vn -0.000758006 -0.46621066 0.88467336
vn 0 -0.85020357 0.52645409
vn 0 -0.93776214 0.34727818
vn -2.2168727e-07 -0.9377622 0.34727803
vn -1.238184e-07 -0.85020339 0.52645421
vn 0.95161587 -0.3072854 -0.0017076517
vn 0.99254721 -0.12185896 -0.00067730795
vn 0.9914704 -0.13032897 -0.0008187429
vn 0.95142108 -0.30788738 -0.0017906931
vn 0.72725439 -0.68636811 3.0154834e-07
vn 0.88596255 -0.46375549 -0.0010391087
vn 0.88580614 -0.46405473 -0.00078011188
vn 0.72725415 -0.68636835 1.9385271e-07
vn -0.34694624 -0.93788493 1.0969299e-06
vn -0.5257318 -0.85065037 5.3589741e-07
vn -0.52573216 -0.85065019 1.8972257e-07
vn -0.3469463 -0.93788499 5.9025456e-07
vn 0.88596255 -0.46375549 -0.0010391087
vn 0.95161587 -0.3072854 -0.0017076517
vn 0.95142108 -0.30788738 -0.0017906931
vn 0.88580614 -0.46405473 -0.00078011188
vn 0.52467275 -0.85130399 5.9090257e-07
vn 0.72725439 -0.68636811 3.0154834e-07
vn 0.72725415 -0.68636835 1.9385271e-07
vn 0.52467275 -0.85130399 2.6202594e-07
vn 2.9990974e-10 -1 -0.00018688008
vn 3.9818007e-10 -0.99999994 -0.00049529417
vn 9.7974713e-08 -0.93788499 -0.34694633
vn 2.8793011e-07 -0.95456034 -0.29801753
vn 0 -0.12121754 -0.99262595
vn 0 -0.30784288 -0.95143718
vn 0 -0.30784315 -0.95143712
vn 0 -0.1296878 -0.99155486
vn 0 -0.46657202 -0.88448316
vn 0 -0.68721533 -0.72645372
vn 0 -0.68721551 -0.72645366
vn 0 -0.46657211 -0.88448316
vn 0 -0.85065025 -0.5257321
vn 0 -0.93788493 -0.34694624
vn 9.742984e-08 -0.93788499 -0.3469463
vn 0 -0.85065007 -0.52573222
vn -4.7803335e-09 -0.99999267 0.003829034
vn 6.5761369e-10 -1 -3.2757401e-07
vn -9.6788035e-08 -0.93788499 0.3469463
vn -2.8444271e-07 -0.9545604 0.29801738
vn 0 -0.30784288 -0.95143718
vn 0 -0.46657202 -0.88448316
vn 0 -0.46657211 -0.88448316
vn 0 -0.30784315 -0.95143712
vn 0 -0.68721533 -0.72645372
vn 0 -0.85065025 -0.5257321
vn 0 -0.85065007 -0.52573222
vn 0 -0.68721551 -0.72645366
vn 0 -0.93788493 -0.34694624
vn 0 -1 -8.3115799e-07
vn 6.5761369e-10 -1 -3.2757401e-07
vn 9.742984e-08 -0.93788499 -0.3469463
vn -0.70695204 -0.00021460128 -0.70726138
vn -0.71696472 0.0010067484 -0.69710857
vn -0.71693736 0.0010074143 -0.697137
vn -0.70695132 -0.00021546466 -0.70726216
vn 0.69956869 -0.028052256 -0.71401447
vn 0.70370013 -0.01190905 -0.7103973
vn 0.70370138 -0.011903965 -0.71039617
vn 0.69956869 -0.028052256 -0.71401447
vn 0.7081598 -0.0055090417 0.70603073
vn 0.70714837 0.00095147116 0.70706457
vn 0.70714808 0.00094902818 0.70706487
vn 0.70816422 -0.0055189664 0.7060262
vn 0.71064413 -0.014039584 -0.70341158
vn 0.71401876 -0.028076509 -0.69956326
vn 0.71401876 -0.028076509 -0.69956326
vn 0.71064293 -0.014035201 -0.70341271
vn -0.69955969 -0.028086027 0.71402198
vn -0.70341241 -0.014045716 0.71064317
vn -0.70341367 -0.014041062 0.71064198
vn -0.69955969 -0.028086027 0.71402198
vn 0.70710737 9.6949395e-07 -0.70710623
vn 0.71064413 -0.014039584 -0.70341158
vn 0.71064293 -0.014035201 -0.70341271
vn 0.70710737 9.6926499e-07 -0.70710623
vn -0.70607942 -0.00098772033 -0.70813179
vn -0.70695204 -0.00021460128 -0.70726138
vn -0.70695132 -0.00021546466 -0.70726216
vn -0.70607942 -0.00098785316 -0.70813197
vn -0.70952457 -0.0090960199 0.70462203
vn -0.71084154 -0.015993657 0.70317042
vn -0.71084064 -0.015990144 0.70317137
vn -0.70952821 -0.009105389 0.70461828
vn -0.70341241 -0.014045716 0.71064317
vn -0.70710725 -1.8528923e-06 0.70710629
vn -0.70710731 -1.8530983e-06 0.70710629
vn -0.70341367 -0.014041062 0.71064198
vn 0.70714837 0.00095147116 0.70706457
vn 0.7069965 0.0023056348 0.70721328
vn 0.70699584 0.0023030043 0.707214
vn 0.70714808 0.00094902818 0.70706487
vn 0.70370013 -0.01190905 -0.7103973
vn 0.70442408 0.013498954 -0.70965105
vn 0.70443535 0.013466283 -0.70964026
vn 0.70370138 -0.011903965 -0.71039617
vn 0.70710421 1.4732224e-06 -0.70710933
vn 0.70710737 9.6949395e-07 -0.70710623
vn 0.70710737 9.6926499e-07 -0.70710623
vn 0.70710427 1.4732212e-06 -0.70710933
vn -0.70840096 0.0013088254 -0.705809
vn -0.70607942 -0.00098772033 -0.70813179
vn -0.70607942 -0.00098785316 -0.70813197
vn -0.70840383 0.0013113031 -0.70580602
vn -0.71403396 -0.012700651 0.69999576
vn -0.70952457 -0.0090960199 0.70462203
vn -0.70952821 -0.009105389 0.70461828
vn -0.71404505 -0.012695218 0.69998473
vn -0.70710725 -1.8528923e-06 0.70710629
vn -0.70710474 -1.2841876e-06 0.70710874
vn -0.70710474 -1.2841919e-06 0.70710886
vn -0.70710731 -1.8530983e-06 0.70710629
vn 0.7069965 0.0023056348 0.70721328
vn 0.70515686 0.0016366437 0.70904934
vn 0.70515496 0.0016386224 0.70905125
vn 0.70699584 0.0023030043 0.707214
vn 0.70442408 0.013498954 -0.70965105
vn 0.71584839 0.0072689424 -0.69821787
vn 0.71580154 0.0073191044 -0.69826555
vn 0.70443535 0.013466283 -0.70964026
vn 0.70710611 2.2201391e-07 -0.70710737
vn 0.70710421 1.4732224e-06 -0.70710933
vn 0.70710427 1.4732212e-06 -0.70710933
vn 0.70710617 2.2118117e-07 -0.70710742
vn -0.71232247 0.0012959151 -0.70185119
vn -0.70840096 0.0013088254 -0.705809
vn -0.70840383 0.0013113031 -0.70580602
vn -0.71194112 0.0016140965 -0.70223743
vn -0.71414906 -0.0068331952 0.69996023
vn -0.71403396 -0.012700651 0.69999576
vn -0.71404505 -0.012695218 0.69998473
vn -0.71416223 -0.0068570129 0.69994664
vn -0.70710474 -1.2841876e-06 0.70710874
vn -0.70710433 -8.3415222e-07 0.70710915
vn -0.70710438 -8.3395963e-07 0.70710927
vn -0.70710474 -1.2841919e-06 0.70710886
vn 0.71584839 0.0072689424 -0.69821787
vn 0.72095078 -0.0029362345 -0.69298017
vn 0.72087497 -0.0028931161 -0.69305897
vn 0.71580154 0.0073191044 -0.69826555
vn 0.70515686 0.0016366437 0.70904934
vn 0.70185518 0.0012960739 0.71231854
vn 0.7022413 0.0016142845 0.71193719
vn 0.70515496 0.0016386224 0.70905125
vn 0.64424664 -0.41218022 0.64424664
vn 0.6973601 -0.16545202 0.69736254
vn 0.6973601 -0.16545203 0.69736248
vn 0.64424658 -0.41218022 0.6442467
vn 0.568964 -0.59376907 0.56896245
vn 0.64424664 -0.41218022 0.64424664
vn 0.64424658 -0.41218022 0.6442467
vn 0.568964 -0.59376901 0.56896245
vn 0.42859367 -0.79537171 0.42859218
vn 0.568964 -0.59376907 0.56896245
vn 0.568964 -0.59376901 0.56896245
vn 0.4285939 -0.79537147 0.42859241
vn 0.28375462 -0.91595149 0.28375354
vn 0.42859367 -0.79537171 0.42859218
vn 0.4285939 -0.79537147 0.42859241
vn 0.28375468 -0.91595155 0.28375357
vn 0.1805084 -0.96684903 0.18060918
vn 0.28375462 -0.91595149 0.28375354
vn 0.28375468 -0.91595155 0.28375357
vn 0.18050848 -0.96684897 0.18060926
vn -0.69736081 -0.16545236 0.69736189
vn -0.6442461 -0.41218042 0.64424706
vn -0.64424628 -0.4121798 0.64424723
vn -0.69736081 -0.16545236 0.69736189
vn -0.6442461 -0.41218042 0.64424706
vn -0.56896287 -0.59376884 0.56896383
vn -0.56896287 -0.59376889 0.56896389
vn -0.64424628 -0.4121798 0.64424723
vn -0.56896287 -0.59376884 0.56896383
vn -0.42858958 -0.79537594 0.42858842
vn -0.42859632 -0.79536861 0.42859519
vn -0.56896287 -0.59376889 0.56896389
vn -0.42858958 -0.79537594 0.42858842
vn -0.28339645 -0.91586679 0.28438416
vn -0.2833727 -0.91588145 0.28436092
vn -0.42859632 -0.79536861 0.42859519
vn -0.28339645 -0.91586679 0.28438416
vn -0.18009482 -0.96673095 0.18165118
vn -0.17954798 -0.96693599 0.18110017
vn -0.2833727 -0.91588145 0.28436092
vn 0.64423919 -0.41219628 -0.64424384
vn 0.69736004 -0.16545215 -0.69736242
vn 0.6973601 -0.16545215 -0.69736254
vn 0.64424509 -0.41217756 -0.64424974
vn 0.5706116 -0.59313416 -0.56797379
vn 0.64423919 -0.41219628 -0.64424384
vn 0.64424509 -0.41217756 -0.64424974
vn 0.57057923 -0.59319812 -0.56793958
vn 0.43155214 -0.79459029 -0.42707023
vn 0.5706116 -0.59313416 -0.56797379
vn 0.57057923 -0.59319812 -0.56793958
vn 0.43059006 -0.79562342 -0.42611673
vn 0.28015444 -0.91528469 -0.28942636
vn 0.43155214 -0.79459029 -0.42707023
vn 0.43059006 -0.79562342 -0.42611673
vn 0.27972847 -0.91551638 -0.28910509
vn 0.1696493 -0.96767539 -0.18661037
vn 0.28015444 -0.91528469 -0.28942636
vn 0.27972847 -0.91551638 -0.28910509
vn 0.17545272 -0.96539867 -0.19292933
vn -0.18009482 -0.96673095 0.18165118
vn -0.12303523 -0.98460537 0.12415569
vn -0.12303523 -0.98460537 0.12415569
vn -0.17954798 -0.96693599 0.18110017
vn 0.11617221 -0.98489773 -0.12837626
vn 0.1696493 -0.96767539 -0.18661037
vn 0.17545272 -0.96539867 -0.19292933
vn 0.11617221 -0.98489773 -0.12837626
vn -0.6442017 -0.41227791 -0.64422894
vn -0.69736099 -0.1654526 -0.69736153
vn -0.69736099 -0.1654526 -0.69736153
vn -0.64424342 -0.41214764 -0.64427066
vn -0.56113535 -0.59080154 -0.57972455
vn -0.6442017 -0.41227791 -0.64422894
vn -0.64424342 -0.41214764 -0.64427066
vn -0.56176066 -0.5897904 -0.58014852
vn -0.41708943 -0.79063153 -0.44826138
vn -0.56113535 -0.59080154 -0.57972455
vn -0.56176066 -0.5897904 -0.58014852
vn -0.41174385 -0.79661554 -0.44257286
vn -0.27657595 -0.9165113 -0.2889857
vn -0.41708943 -0.79063153 -0.44826138
vn -0.41174385 -0.79661554 -0.44257286
vn -0.27628341 -0.91672015 -0.28860295
vn -0.18051746 -0.96684521 -0.18062086
vn -0.27657595 -0.9165113 -0.2889857
vn -0.27628341 -0.91672015 -0.28860295
vn -0.1804639 -0.96686518 -0.1805674
vn 0.12364795 -0.98456711 0.12385029
vn 0.1805084 -0.96684903 0.18060918
vn 0.18050848 -0.96684897 0.18060926
vn 0.12364795 -0.98456711 0.12385029
vn -0.12361018 -0.98457772 -0.12380327
vn -0.18051746 -0.96684521 -0.18062086
vn -0.1804639 -0.96686518 -0.1805674
vn -0.12361018 -0.98457772 -0.12380327
vn -0.71084154 -0.015993657 0.70317042
vn -0.71394753 -0.027771046 0.69964814
vn -0.71394753 -0.027771046 0.69964814
vn -0.71084064 -0.015990144 0.70317137
vn -0.70548236 0.001472592 -0.70872593
vn -0.70185208 0.0012957511 -0.71232158
vn -0.70223844 0.0016138927 -0.71194005
vn -0.70547992 0.0014748339 -0.70872843
vn 0.71195328 -0.022075122 0.70187962
vn 0.7081598 -0.0055090417 0.70603073
vn 0.70816422 -0.0055189664 0.7060262
vn 0.7119413 -0.022005346 0.70189404
vn 0.70872557 0.0014725965 0.70548284
vn 0.70710588 -2.6705777e-07 0.70710766
vn 0.70710588 -2.6723015e-07 0.7071076
vn 0.70872796 0.00147483 0.70548034
vn -0.71696472 0.0010067484 -0.69710857
vn -0.70470786 -0.0078568831 -0.709454
vn -0.70461273 -0.0078957053 -0.70954818
vn -0.71693736 0.0010074143 -0.697137
vn 0.70362079 -0.013138751 0.71045429
vn 0.70109355 -0.027786637 0.71252769
vn 0.70109355 -0.027786637 0.71252769
vn 0.70362043 -0.013140848 0.71045458
vn -0.70710588 1.1100622e-07 -0.70710766
vn -0.70548236 0.001472592 -0.70872593
vn -0.70547992 0.0014748339 -0.70872843
vn -0.70710588 1.1059071e-07 -0.70710778
vn -0.71404588 -0.028776983 -0.69950712
vn -0.7107724 -0.014811995 -0.70326608
vn -0.71076977 -0.014801231 -0.70326889
vn -0.71404588 -0.028776983 -0.69950712
vn 0.70710588 -2.6705777e-07 0.70710766
vn 0.70718324 0.00014389234 0.70703036
vn 0.70718318 0.00014389625 0.70703036
vn 0.70710588 -2.6723015e-07 0.7071076
vn 0.71419829 -0.035433024 0.6990459
vn 0.71195328 -0.022075122 0.70187962
vn 0.7119413 -0.022005346 0.70189404
vn 0.71419829 -0.035433024 0.6990459
vn -0.70470786 -0.0078568831 -0.709454
vn -0.68303388 -0.0165467 -0.73019916
vn -0.68303388 -0.0165467 -0.73019916
vn -0.70461273 -0.0078957053 -0.70954818
vn -0.70718175 -0.00014351617 -0.70703185
vn -0.70710588 1.1100622e-07 -0.70710766
vn -0.70710588 1.1059071e-07 -0.70710778
vn -0.70718175 -0.00014351962 -0.70703179
vn 0.70718324 0.00014389234 0.70703036
vn 0.70662546 0.00089649024 0.70758724
vn 0.70662528 0.00089669513 0.70758742
vn 0.70718318 0.00014389625 0.70703036
vn 0.71100527 0.0026273662 -0.7031818
vn 0.71232104 0.0012955854 -0.70185256
vn 0.71193957 0.0016136958 -0.70223874
vn 0.71100426 0.0026278445 -0.70318282
vn -0.70872581 0.001472783 0.70548248
vn -0.71232176 0.0012959167 0.7018519
vn -0.71194041 0.0016140981 0.70223808
vn -0.70872831 0.0014750183 0.70548004
vn -0.70729977 -0.00056237046 -0.70691359
vn -0.70718175 -0.00014351617 -0.70703185
vn -0.70718175 -0.00014351962 -0.70703179
vn -0.70729965 -0.00056256354 -0.70691353
vn -0.7018559 0.0012957549 0.71231776
vn -0.70775646 0.00032793044 0.70645636
vn -0.70775068 0.00033185279 0.70646226
vn -0.70224208 0.0016138891 0.71193647
vn 0.70662546 0.00089649024 0.70758724
vn 0.70362079 -0.013138751 0.71045429
vn 0.70362043 -0.013140848 0.71045458
vn 0.70662528 0.00089669513 0.70758742
vn 0.72095078 -0.0029362345 -0.69298017
vn 0.71100527 0.0026273662 -0.7031818
vn 0.71100426 0.0026278445 -0.70318282
vn 0.72087497 -0.0028931161 -0.69305897
vn -0.7107724 -0.014811995 -0.70326608
vn -0.70729977 -0.00056237046 -0.70691359
vn -0.70729965 -0.00056256354 -0.70691353
vn -0.71076977 -0.014801231 -0.70326889
vn -0.70710433 -8.3415222e-07 0.70710915
vn -0.70872581 0.001472783 0.70548248
vn -0.70872831 0.0014750183 0.70548004
vn -0.70710438 -8.3395963e-07 0.70710927
vn -0.70775646 0.00032793044 0.70645636
vn -0.71414906 -0.0068331952 0.69996023
vn -0.71416223 -0.0068570129 0.69994664
vn -0.70775068 0.00033185279 0.70646226
vn 0.70552498 0.0014637831 -0.70868355
vn 0.70710611 2.2201391e-07 -0.70710737
vn 0.70710617 2.2118117e-07 -0.70710742
vn 0.70551765 0.0014705637 -0.70869082
vn 0.70550698 0.00010549359 0.70870298
vn 0.70550698 0.00010549359 0.70870298
vn 0.70550728 0.00010623318 0.70870268
vn 0.70550728 0.00010623278 0.70870274
vn -0.70097291 -0.0081833573 -0.7131409
vn -0.70097291 -0.0081833573 -0.7131409
vn -0.69955891 -0.0014385417 -0.71457344
vn -0.69955873 -0.0014376311 -0.71457362
vn -0.70743203 -1.3887759e-05 0.70678133
vn -0.70743203 -1.3887759e-05 0.70678133
vn -0.70743257 -1.6230559e-05 0.70678085
vn -0.70743257 -1.6230431e-05 0.70678085
vn 0.00088948105 -0.6710611 -0.74140155
vn 0.00088864029 -0.67198056 -0.74056828
vn 0.0009688565 -0.57059193 -0.82123321
vn 0.81381118 -0.58112764 0.0014763315
vn 0.81446207 -0.5802148 0.0015160146
vn 0.77842265 -0.62773877 0.0014460101
vn 0.73611093 -0.67685962 0.0013356095
vn -0.0012827547 -0.580217 0.81446093
vn 0.00081491884 -0.67818052 0.73489487
vn 0.0014249197 -0.70474625 0.70945793
vn -0.8139779 -0.58089465 -0.0011792644
vn -0.73511064 -0.67794627 -0.0010554255
vn -0.73527288 -0.67777032 -0.0010556788
vn 0.0014249197 -0.70474625 0.70945793
vn 0.00081491884 -0.67818052 0.73489487
vn 0.0032040584 -0.77719718 0.62924904
vn 0.0032040584 -0.77719718 0.62924904
vn -0.69955873 -0.0014376311 -0.71457362
vn -0.69955891 -0.0014385417 -0.71457344
vn -0.69661123 0.012122179 -0.71734649
vn 0.70707947 1.7000229e-05 -0.70713407
vn 0.70707941 1.6997261e-05 -0.70713407
vn 0.70708144 1.8748262e-05 -0.70713204
vn 0.70550728 0.00010623278 0.70870274
vn 0.70550728 0.00010623318 0.70870268
vn 0.70550781 0.00010772018 0.70870209
vn 0.70550781 0.00010772018 0.70870209
vn -0.70743257 -1.6230431e-05 0.70678085
vn -0.70743257 -1.6230559e-05 0.70678085
vn -0.7074337 -2.0941072e-05 0.70677984
vn 0.00088948105 -0.6710611 -0.74140155
vn 0.00077968446 -0.77324212 -0.63411057
vn 0.00088864029 -0.67198056 -0.74056828
vn 0.77842265 -0.62773877 0.0014460101
vn 0.81446207 -0.5802148 0.0015160146
vn 0.81588244 -0.57821572 0.0016028081
vn -0.73511064 -0.67794627 -0.0010554255
vn -0.63093877 -0.77583212 -0.00089374592
vn -0.73527288 -0.67777032 -0.0010556788
vn 0.77842265 -0.62773877 0.0014460101
vn 0.63334244 -0.77387083 0.0011494409
vn 0.73611093 -0.67685962 0.0013356095
vn 0.99230617 -0.12363418 -0.0065681352
vn 0.99122238 -0.13207273 -0.0059337006
vn 0.99994648 -0.0073163123 -0.0073161619
vn 0.99994648 -0.0073163123 -0.0073161619
vn -0.71232247 0.0012959151 -0.70185119
vn -0.71194112 0.0016140965 -0.70223743
vn -0.71387291 0 -0.7002753
vn -0.71387291 0 -0.7002753
vn 0 -0.12968741 0.99155498
vn 0 -0.12121722 0.99262601
vn 0 0 1
vn 0 0 1
vn 0 -0.12121754 -0.99262595
vn 0 -0.1296878 -0.99155486
vn 0 0 -1
vn 0 0 -1
vn -0.70223844 0.0016138927 -0.71194005
vn -0.70185208 0.0012957511 -0.71232158
vn -0.70027578 0 -0.71387255
vn -0.70027578 0 -0.71387255
vn 0.9914704 -0.13032897 -0.0008187429
vn 0.99254721 -0.12185896 -0.00067730795
vn 1 0 0
vn 1 0 0
vn -0.69736099 -0.1654526 -0.69736153
vn -0.69736099 -0.1654526 -0.69736153
vn -0.70710623 0 -0.70710731
vn -0.70710623 0 -0.70710731
vn -0.71194041 0.0016140981 0.70223808
vn -0.71232176 0.0012959167 0.7018519
vn -0.71387225 0 0.70027596
vn -0.71387225 0 0.70027596
vn 0.7022413 0.0016142845 0.71193719
vn 0.70185518 0.0012960739 0.71231854
vn 0.70027953 0 0.71386874
vn 0.70027953 0 0.71386874
vn -0.99254715 -0.12185927 -0.00067658431
vn -0.9914704 -0.13032936 -0.00081806933
vn -1 0 0
vn -1 0 0
vn -0.69736081 -0.16545236 0.69736189
vn -0.69736081 -0.16545236 0.69736189
vn -0.70710623 0 0.70710731
vn -0.70710623 0 0.70710731
vn 0.71193957 0.0016136958 -0.70223874
vn 0.71232104 0.0012955854 -0.70185256
vn 0.7138716 0 -0.70027673
vn 0.7138716 0 -0.70027673
vn -0.00082703831 -0.13032468 -0.99147105
vn -0.00070175045 -0.12184719 -0.99254864
vn 0 0 -1
vn 0 0 -1
vn 0.6973601 -0.16545215 -0.69736254
vn 0.69736004 -0.16545215 -0.69736242
vn 0.70710528 0 -0.70710838
vn 0.70710528 0 -0.70710838
vn -0.99147046 -0.13032877 0.00082015764
vn -0.99254739 -0.12185728 0.00068180927
vn -1 0 0
vn -1 0 0
vn 0.6973601 -0.16545203 0.69736248
vn 0.6973601 -0.16545202 0.69736254
vn 0.70710528 0 0.70710838
vn 0.70710528 0 0.70710838
vn -0.00070227368 -0.12184697 0.99254864
vn -0.00082753855 -0.13032474 0.99147093
vn 0 0 1
vn 0 0 1
vn -0.7018559 0.0012957549 0.71231776
vn -0.70224208 0.0016138891 0.71193647
vn -0.70028025 0 0.71386808
vn -0.70028025 0 0.71386808
vn 0.70707846 1.612618e-05 -0.70713508
vn 0.70707846 1.612618e-05 -0.70713508
vn 0.70707941 1.6997261e-05 -0.70713407
vn 0.70707947 1.7000229e-05 -0.70713407
vn 0.34694654 -0.93788493 -8.4534435e-08
vn 0.52573258 -0.85064983 -2.8161795e-09
vn 0.52573264 -0.85064983 0
vn 0.34694633 -0.93788499 0
vn 0.72645396 -0.68721503 2.01758e-07
vn 0.88468313 -0.46619219 0.00077665481
vn 0.88483995 -0.4658941 0.0010394193
vn 0.7264539 -0.68721527 0
vn 0.95222038 -0.30541149 7.4009968e-06
vn 0.99122238 -0.13207273 -0.0059337006
vn 0.99230617 -0.12363418 -0.0065681352
vn 0.95214927 -0.30562758 -0.0018613386
vn 0.70188028 0.001288136 -0.71229374
vn 0.70552498 0.0014637831 -0.70868355
vn 0.70551765 0.0014705637 -0.70869082
vn 0.70227969 0.0016095163 -0.7118994
vn -0.52573216 -0.85065019 1.8972257e-07
vn -0.72645366 -0.68721545 -1.923372e-07
vn -0.68317074 -0.7302587 -3.705351e-07
vn -0.49164584 -0.87079525 -7.4256043e-08
vn -0.72645366 -0.68721545 -1.923372e-07
vn -0.88468313 -0.4661921 0.00077625603
vn -0.87158638 -0.4902418 0.00037834799
vn -0.68317074 -0.7302587 -3.705351e-07
vn 0.70027643 0 -0.71387178
vn 0.70188028 0.001288136 -0.71229374
vn 0.70227969 0.0016095163 -0.7118994
vn 0.70027643 0 -0.71387178
vn 0.52573258 -0.85064983 -2.8161795e-09
vn 0.72645396 -0.68721503 2.01758e-07
vn 0.7264539 -0.68721527 0
vn 0.52573264 -0.85064983 0
vn 0.88468313 -0.46619219 0.00077665481
vn 0.95222038 -0.30541149 7.4009968e-06
vn 0.95214927 -0.30562758 -0.0018613386
vn 0.88483995 -0.4658941 0.0010394193
vn -0.3469463 -0.93788499 5.9025456e-07
vn -0.52573216 -0.85065019 1.8972257e-07
vn -0.49164584 -0.87079525 -7.4256043e-08
vn -0.29801738 -0.95456046 1.084291e-07
vn -2.7868234e-07 -1 2.8222425e-07
vn -0.3469463 -0.93788499 5.9025456e-07
vn -0.29801738 -0.95456046 1.084291e-07
vn 2.3023763e-07 -1 -9.3312353e-09
vn -2.7868234e-07 -1 2.8222425e-07
vn 0.34694654 -0.93788493 -8.4534435e-08
vn 0.34694633 -0.93788499 0
vn -7.0403956e-07 -1 5.7377969e-07
vn -0.88468313 -0.4661921 0.00077625603
vn -0.95142019 -0.30789047 0.0017904476
vn -0.94724399 -0.32050869 0.0016988062
vn -0.87158638 -0.4902418 0.00037834799
vn -0.95142019 -0.30789047 0.0017904476
vn -0.99147046 -0.13032877 0.00082015764
vn -0.94724399 -0.32050869 0.0016988062
vn 0 -0.68721509 0.72645396
vn -1.238184e-07 -0.85020339 0.52645421
vn -3.5623864e-07 -0.87020552 0.49268892
vn 0 -0.73025876 0.68317062
vn -0.00082753855 -0.13032474 0.99147093
vn -0.0017888246 -0.30790281 0.95141619
vn -0.0016552812 -0.32052892 0.94723731
vn -1.238184e-07 -0.85020339 0.52645421
vn -2.2168727e-07 -0.9377622 0.34727803
vn -4.1780672e-07 -0.95466071 0.29769611
vn -3.5623864e-07 -0.87020552 0.49268892
vn 9.7974713e-08 -0.93788499 -0.34694633
vn 3.9818007e-10 -0.99999994 -0.00049529417
vn 0 -0.99999994 -0.00049462443
vn 0 -0.93788499 -0.3469463
vn 0 -0.85064995 -0.52573252
vn 9.7974713e-08 -0.93788499 -0.34694633
vn 0 -0.93788499 -0.3469463
vn 0 -0.85064977 -0.5257327
vn -0.000758051 -0.46621078 -0.8846733
vn 0 -0.68721551 -0.72645366
vn 0 -0.68721557 -0.7264536
vn -0.0010388975 -0.46591553 -0.88482857
vn -0.00082703831 -0.13032468 -0.99147105
vn -0.0017886135 -0.30790246 -0.95141625
vn -0.001731677 -0.30730149 -0.95161057
vn -0.00070175045 -0.12184719 -0.99254864
vn 0.71231967 0.0012957514 0.70185405
vn 0.70872557 0.0014725965 0.70548284
vn 0.70872796 0.00147483 0.70548034
vn 0.7119382 0.0016138924 0.70224023
vn -0.0017888246 -0.30790281 0.95141619
vn -0.000758006 -0.46621066 0.88467336
vn -0.00035135273 -0.49025318 0.87158
vn -0.0016552812 -0.32052892 0.94723731
vn -0.000758006 -0.46621066 0.88467336
vn 0 -0.68721509 0.72645396
vn 0 -0.73025876 0.68317062
vn -0.00035135273 -0.49025318 0.87158
vn -2.2168727e-07 -0.9377622 0.34727803
vn 3.9818007e-10 -0.99999994 -0.00049529417
vn 2.9990974e-10 -1 -0.00018688008
vn -4.1780672e-07 -0.95466071 0.29769611
vn 0 -0.68721551 -0.72645366
vn 0 -0.85064995 -0.52573252
vn 0 -0.85064977 -0.5257327
vn 0 -0.68721557 -0.7264536
vn -0.0017886135 -0.30790246 -0.95141625
vn -0.000758051 -0.46621078 -0.8846733
vn -0.0010388975 -0.46591553 -0.88482857
vn -0.001731677 -0.30730149 -0.95161057
vn 0.71387017 0 0.7002781
vn 0.71231967 0.0012957514 0.70185405
vn 0.7119382 0.0016138924 0.70224023
vn 0.71387017 0 0.7002781
vn 0.72725415 -0.68636835 1.9385271e-07
vn 0.88580614 -0.46405473 -0.00078011188
vn 0.87306327 -0.48760667 -0.00038401695
vn 0.68301332 -0.73040599 1.166966e-07
vn 0.88580614 -0.46405473 -0.00078011188
vn 0.95142108 -0.30788738 -0.0017906931
vn 0.94724554 -0.32050413 -0.0017079501
vn 0.87306327 -0.48760667 -0.00038401695
vn 0.34694615 -0.93788511 -7.5497146e-09
vn 0.52467275 -0.85130399 2.6202594e-07
vn 0.49109748 -0.87110472 -1.7078885e-07
vn 0.29801711 -0.95456052 -3.0971572e-07
vn -0.52573192 -0.85065031 -2.0490721e-07
vn -0.72645348 -0.68721557 -5.0121679e-07
vn -0.72645378 -0.68721533 -6.6319711e-07
vn -0.52573234 -0.85065001 -4.4884806e-07
vn -0.88468564 -0.46618751 -0.00078023376
vn -0.9514212 -0.3078872 -0.0017900475
vn -0.95161587 -0.30728522 -0.0017063792
vn -0.88484257 -0.46588892 -0.00103902
vn -0.34694618 -0.93788499 1.5651577e-07
vn -0.52573192 -0.85065031 -2.0490721e-07
vn -0.52573234 -0.85065001 -4.4884806e-07
vn -0.34694612 -0.93788499 0
vn 4.6447059e-07 -1 -5.4326263e-09
vn 0.34694615 -0.93788511 -7.5497146e-09
vn 0.29801711 -0.95456052 -3.0971572e-07
vn -2.0145787e-07 -1 -1.0865394e-08
vn 0.95142108 -0.30788738 -0.0017906931
vn 0.9914704 -0.13032897 -0.0008187429
vn 0.94724554 -0.32050413 -0.0017079501
vn 0.52467275 -0.85130399 2.6202594e-07
vn 0.72725415 -0.68636835 1.9385271e-07
vn 0.68301332 -0.73040599 1.166966e-07
vn 0.49109748 -0.87110472 -1.7078885e-07
vn 4.6447059e-07 -1 -5.4326263e-09
vn -0.34694618 -0.93788499 1.5651577e-07
vn -0.34694612 -0.93788499 0
vn 1.0658378e-06 -1 0
vn -0.72645348 -0.68721557 -5.0121679e-07
vn -0.88468564 -0.46618751 -0.00078023376
vn -0.88484257 -0.46588892 -0.00103902
vn -0.72645378 -0.68721533 -6.6319711e-07
vn -0.9514212 -0.3078872 -0.0017900475
vn -0.9914704 -0.13032936 -0.00081806933
vn -0.99254715 -0.12185927 -0.00067658431
vn -0.95161587 -0.30728522 -0.0017063792
vn 0 -0.46657211 -0.88448316
vn 0 -0.68721551 -0.72645366
vn 0 -0.730259 -0.6831705
vn 0 -0.49030146 -0.871553
vn 0 -0.68721515 0.72645396
vn 0 -0.85065007 0.52573222
vn 0 -0.85065001 0.52573228
vn 0 -0.68721503 0.72645396
vn 0 -0.30784333 0.95143706
vn 0 -0.46657202 0.88448322
vn 0 -0.46657193 0.88448328
vn 0 -0.30784315 0.95143712
vn -9.6788035e-08 -0.93788499 0.3469463
vn 6.5761369e-10 -1 -3.2757401e-07
vn 0 -1 -8.3115799e-07
vn 0 -0.93788499 0.34694615
vn 0 -0.68721551 -0.72645366
vn 0 -0.85065007 -0.52573222
vn 0 -0.87059838 -0.49199432
vn 0 -0.730259 -0.6831705
vn 0 -0.1296878 -0.99155486
vn 0 -0.30784315 -0.95143712
vn 0 -0.31993532 -0.94743931
vn 0 -0.85065007 -0.52573222
vn 9.742984e-08 -0.93788499 -0.3469463
vn 2.8488199e-07 -0.95431548 -0.29880062
vn 0 -0.87059838 -0.49199432
vn 0 -0.30784315 -0.95143712
vn 0 -0.46657211 -0.88448316
vn 0 -0.49030146 -0.871553
vn 0 -0.31993532 -0.94743931
vn 9.742984e-08 -0.93788499 -0.3469463
vn 6.5761369e-10 -1 -3.2757401e-07
vn -4.7803335e-09 -0.99999267 0.003829034
vn 2.8488199e-07 -0.95431548 -0.29880062
vn 0 -0.46657202 0.88448322
vn 0 -0.68721515 0.72645396
vn 0 -0.68721503 0.72645396
vn 0 -0.46657193 0.88448328
vn 0 -0.12968741 0.99155498
vn 0 -0.30784333 0.95143706
vn 0 -0.30784315 0.95143712
vn 0 -0.12121722 0.99262601
vn 0 -0.85065007 0.52573222
vn -9.6788035e-08 -0.93788499 0.3469463
vn 0 -0.93788499 0.34694615
vn 0 -0.85065001 0.52573228
vn 0 -0.9377622 0.347278
vn 0 -0.99999982 -0.00049532828
vn 3.982546e-10 -0.99999982 -0.00049565581
vn -9.7600505e-08 -0.9377622 0.34727785
vn 0.29801774 -0.95456034 -3.5685073e-08
vn 0.49164569 -0.87079531 0
vn 0.52573186 -0.85065031 0
vn 0.34694612 -0.93788505 -1.2142655e-08
vn 0.49164569 -0.87079531 0
vn 0.68317044 -0.730259 5.4225359e-07
vn 0.72645426 -0.68721485 4.2235797e-07
vn 0.52573186 -0.85065031 0
vn 0.68317044 -0.730259 5.4225359e-07
vn 0.87158686 -0.49024093 0.00038008773
vn 0.88468367 -0.46619135 0.00077733834
vn 0.72645426 -0.68721485 4.2235797e-07
vn 0.87158686 -0.49024093 0.00038008773
vn 0.94819343 -0.31768933 0.0016684236
vn 0.95222056 -0.30541128 6.8543122e-06
vn 0.88468367 -0.46619135 0.00077733834
vn 0.94819343 -0.31768933 0.0016684236
vn 0.9912222 -0.13207307 -0.0059320782
vn 0.95222056 -0.30541128 6.8543122e-06
vn 5.755939e-08 -0.99999994 8.691378e-14
vn -0.29801711 -0.95456058 1.7119758e-07
vn -0.34694621 -0.93788499 9.7303449e-08
vn 1.3689659e-07 -1 1.1423542e-13
vn 0 -0.87079525 0.49164569
vn 0 -0.85065001 0.52573234
vn 0 -0.68721539 0.72645372
vn 0 -0.73025852 0.68317091
vn 0 -0.73025852 0.68317091
vn 0 -0.68721539 0.72645372
vn 2.7622619e-07 -0.46657234 0.88448304
vn 4.0725749e-07 -0.49030125 0.871553
vn 4.0725749e-07 -0.49030125 0.871553
vn 2.7622619e-07 -0.46657234 0.88448304
vn 2.7544553e-07 -0.30784276 0.95143729
vn 6.510686e-07 -0.3199355 0.94743931
vn 6.510686e-07 -0.3199355 0.94743931
vn 2.7544553e-07 -0.30784276 0.95143729
vn 0 -0.12968695 0.99155504
vn 0.34694672 -0.93788481 0
vn 0.52467269 -0.85130399 0
vn 0.52467275 -0.85130411 -6.0820845e-08
vn 0.34694648 -0.93788493 -9.7303499e-08
vn -6.8448293e-07 -1 0
vn -0.34694636 -0.93788499 0
vn -0.34694657 -0.93788487 5.4838488e-08
vn -2.8846071e-07 -1 1.2441635e-08
vn 2.8793028e-07 -0.95456046 -0.29801732
vn 9.7974748e-08 -0.93788493 -0.34694645
vn 0 -0.85064995 -0.52573252
vn 0 -0.8711558 -0.49100667
vn 0 -0.8711558 -0.49100667
vn 0 -0.85064995 -0.52573252
vn 0 -0.68721545 -0.7264536
vn 0 -0.72913772 -0.684367
vn 0 -0.72913772 -0.684367
vn 0 -0.68721545 -0.7264536
vn -0.00075774844 -0.46621105 -0.88467318
vn -0.0003548465 -0.48959678 -0.87194896
vn -0.0003548465 -0.48959678 -0.87194896
vn -0.00075774844 -0.46621105 -0.88467318
vn -0.0017882322 -0.30790272 -0.95141613
vn -0.0016552875 -0.32052881 -0.94723731
vn -0.0016552875 -0.32052881 -0.94723731
vn -0.0017882322 -0.30790272 -0.95141613
vn -0.00082687224 -0.13032444 -0.99147105
vn 3.1657675e-07 -1 2.4883212e-08
vn 0.29801774 -0.95456034 -3.5685073e-08
vn 0.34694612 -0.93788505 -1.2142655e-08
vn -2.8846071e-07 -1 1.2441635e-08
vn -0.49164551 -0.87079537 3.1287588e-08
vn -0.6831699 -0.73025948 -4.8558519e-07
vn -0.72645348 -0.68721563 -7.4642537e-07
vn -0.52573198 -0.85065025 -3.6664676e-07
vn -0.6831699 -0.73025948 -4.8558519e-07
vn -0.87158829 -0.49023834 -0.00038452417
vn -0.8846857 -0.46618733 -0.00077992067
vn -0.72645348 -0.68721563 -7.4642537e-07
vn -0.87158829 -0.49023834 -0.00038452417
vn -0.9472459 -0.32050329 -0.0017079409
vn -0.95142138 -0.30788636 -0.0017890965
vn -0.8846857 -0.46618733 -0.00077992067
vn -0.9472459 -0.32050329 -0.0017079409
vn -0.99147058 -0.13032854 -0.00081705529
vn -0.95142138 -0.30788636 -0.0017890965
vn -0.29801711 -0.95456058 1.7119758e-07
vn -0.49164551 -0.87079537 3.1287588e-08
vn -0.52573198 -0.85065025 -3.6664676e-07
vn -0.34694621 -0.93788499 9.7303449e-08
vn -0.88484007 -0.46589372 0.0010391463
vn -0.95161474 -0.30728889 0.001711944
vn -0.95142007 -0.30789053 0.0017904466
vn -0.88468313 -0.46619198 0.00077636132
vn -0.52573168 -0.85065037 0
vn -0.72645348 -0.68721557 0
vn -0.7264536 -0.68721551 0
vn -0.52573222 -0.85065007 3.0493997e-08
vn -0.95161474 -0.30728889 0.001711944
vn -0.99254733 -0.12185767 0.00068180845
vn -0.99147046 -0.13032922 0.0008201563
vn -0.95142007 -0.30789053 0.0017904466
vn -0.72645348 -0.68721557 0
vn -0.88484007 -0.46589372 0.0010391463
vn -0.88468313 -0.46619198 0.00077636132
vn -0.7264536 -0.68721551 0
vn -2.8444279e-07 -0.95456046 0.29801723
vn -9.6788035e-08 -0.93788493 0.34694642
vn 0 -0.85065001 0.52573234
vn 0 -0.87079525 0.49164569
vn -0.0017315957 -0.30730155 0.95161057
vn -0.0010386397 -0.46591589 0.88482845
vn -0.00075792166 -0.46621096 0.8846733
vn -0.0017876815 -0.30790308 0.95141608
vn 0 -0.68721527 0.72645378
vn 0 -0.85020334 0.52645439
vn 0 -0.85020334 0.52645445
vn 0 -0.68721521 0.7264539
vn 3.5201978e-07 -1 0
vn 0.34694672 -0.93788481 0
vn 0.34694648 -0.93788493 -9.7303499e-08
vn 1.3689659e-07 -1 1.1423542e-13
vn -0.00070192339 -0.12184613 0.99254888
vn -0.0017315957 -0.30730155 0.95161057
vn -0.0017876815 -0.30790308 0.95141608
vn -0.00082700275 -0.1303241 0.99147117
vn -0.0010386397 -0.46591589 0.88482845
vn 0 -0.68721527 0.72645378
vn 0 -0.68721521 0.7264539
vn -0.00075792166 -0.46621096 0.8846733
vn 0 -0.85020334 0.52645439
vn 0 -0.9377622 0.347278
vn -9.7600505e-08 -0.9377622 0.34727785
vn 0 -0.85020334 0.52645445
vn 0.95161581 -0.30728555 -0.0017084685
vn 0.99254715 -0.12185954 -0.00067839772
vn 0.9914704 -0.13032959 -0.00081975659
vn 0.95142102 -0.30788761 -0.0017905397
vn 0.72725427 -0.68636817 0
vn 0.88596332 -0.46375412 -0.0010388311
vn 0.88580698 -0.4640533 -0.00077941426
vn 0.72725445 -0.68636799 0
vn -0.34694636 -0.93788499 0
vn -0.52573168 -0.85065037 0
vn -0.52573222 -0.85065007 3.0493997e-08
vn -0.34694657 -0.93788487 5.4838488e-08
vn 0.88596332 -0.46375412 -0.0010388311
vn 0.95161581 -0.30728555 -0.0017084685
vn 0.95142102 -0.30788761 -0.0017905397
vn 0.88580698 -0.4640533 -0.00077941426
vn 0.52467269 -0.85130399 0
vn 0.72725427 -0.68636817 0
vn 0.72725445 -0.68636799 0
vn 0.52467275 -0.85130411 -6.0820845e-08
vn 2.9983671e-10 -1 -0.00018677472
vn 3.982546e-10 -0.99999982 -0.00049565581
vn 9.7974748e-08 -0.93788493 -0.34694645
vn 2.8793028e-07 -0.95456046 -0.29801732
vn 0 -0.12121741 -0.99262589
vn 0 -0.30784351 -0.95143706
vn 2.7544581e-07 -0.30784342 -0.95143706
vn 0 -0.12968767 -0.99155492
vn 0 -0.46657273 -0.88448286
vn 0 -0.68721575 -0.72645342
vn -1.7214678e-07 -0.68721551 -0.7264536
vn 2.7622653e-07 -0.46657258 -0.88448292
vn 0 -0.85065025 -0.52573204
vn 0 -0.93788499 -0.34694648
vn 2.2013889e-07 -0.93788487 -0.34694651
vn -4.7892904e-08 -0.85065007 -0.52573222
vn -4.7802375e-09 -0.99999261 0.0038289148
vn 6.5773492e-10 -1 -2.2979071e-07
vn -9.6788035e-08 -0.93788493 0.34694642
vn -2.8444279e-07 -0.95456046 0.29801723
vn 0 -0.30784351 -0.95143706
vn 0 -0.46657273 -0.88448286
vn 2.7622653e-07 -0.46657258 -0.88448292
vn 2.7544581e-07 -0.30784342 -0.95143706
vn 0 -0.68721575 -0.72645342
vn 0 -0.85065025 -0.52573204
vn -4.7892904e-08 -0.85065007 -0.52573222
vn -1.7214678e-07 -0.68721551 -0.7264536
vn 0 -0.93788499 -0.34694648
vn 0 -1 -4.4002482e-07
vn 6.5773492e-10 -1 -2.2979071e-07
vn 2.2013889e-07 -0.93788487 -0.34694651
vn -0.70694965 -0.00021760438 -0.70726383
vn -0.71696424 0.0010039185 -0.69710922
vn -0.71693683 0.0010045812 -0.69713748
vn -0.70694888 -0.00021846069 -0.7072646
vn 0.69956881 -0.028053585 -0.71401441
vn 0.70369983 -0.011910758 -0.7103976
vn 0.70370102 -0.011905608 -0.71039641
vn 0.69956881 -0.028053585 -0.71401441
vn 0.70816034 -0.0055026622 0.70603013
vn 0.70714599 0.0009595601 0.70706689
vn 0.70714575 0.0009570932 0.70706719
vn 0.70816481 -0.0055126157 0.70602566
vn 0.71064144 -0.014035974 -0.70341438
vn 0.71401852 -0.028072916 -0.6995638
vn 0.71401852 -0.028072916 -0.6995638
vn 0.71064037 -0.014031678 -0.70341545
vn -0.69956028 -0.028082335 0.7140215
vn -0.70341158 -0.014042765 0.71064413
vn -0.70341277 -0.014038048 0.71064281
vn -0.69956028 -0.028082335 0.7140215
vn 0.70710629 1.0695676e-07 -0.70710725
vn 0.71064144 -0.014035974 -0.70341438
vn 0.71064037 -0.014031678 -0.70341545
vn 0.70710629 1.0888652e-07 -0.70710731
vn -0.70607704 -0.00098931545 -0.70813441
vn -0.70694965 -0.00021760438 -0.70726383
vn -0.70694888 -0.00021846069 -0.7072646
vn -0.70607686 -0.00098944735 -0.70813441
vn -0.7095241 -0.0090925759 0.70462251
vn -0.71084201 -0.015993854 0.70316988
vn -0.710841 -0.015990321 0.7031709
vn -0.70952767 -0.0091019534 0.70461869
vn -0.70341158 -0.014042765 0.71064413
vn -0.70710576 -2.8683799e-06 0.70710772
vn -0.70710582 -2.8669499e-06 0.70710784
vn -0.70341277 -0.014038048 0.71064281
vn 0.70714599 0.0009595601 0.70706689
vn 0.70699418 0.0023117084 0.70721573
vn 0.70699334 0.0023090721 0.70721638
vn 0.70714575 0.0009570932 0.70706719
vn 0.70369983 -0.011910758 -0.7103976
vn 0.70442402 0.013498646 -0.70965099
vn 0.70443553 0.013466005 -0.7096402
vn 0.70370102 -0.011905608 -0.71039641
vn 0.70710605 -1.1561146e-06 -0.70710748
vn 0.70710629 1.0695676e-07 -0.70710725
vn 0.70710629 1.0888652e-07 -0.70710731
vn 0.70710605 -1.1561955e-06 -0.70710754
vn -0.70839792 0.0013079939 -0.70581198
vn -0.70607704 -0.00098931545 -0.70813441
vn -0.70607686 -0.00098944735 -0.70813441
vn -0.70840085 0.001310479 -0.705809
vn -0.71403253 -0.012698284 0.69999743
vn -0.7095241 -0.0090925759 0.70462251
vn -0.70952767 -0.0091019534 0.70461869
vn -0.71404356 -0.012692853 0.69998628
vn -0.70710576 -2.8683799e-06 0.70710772
vn -0.70710593 -2.8683605e-06 0.70710766
vn -0.70710593 -2.8684472e-06 0.70710766
vn -0.70710582 -2.8669499e-06 0.70710784
vn 0.70699418 0.0023117084 0.70721573
vn 0.70515871 0.0016367043 0.70904762
vn 0.7051568 0.0016386866 0.70904952
vn 0.70699334 0.0023090721 0.70721638
vn 0.70442402 0.013498646 -0.70965099
vn 0.71584815 0.0072696935 -0.69821823
vn 0.7158013 0.0073197591 -0.69826567
vn 0.70443553 0.013466005 -0.7096402
vn 0.70710629 7.5612701e-07 -0.70710731
vn 0.70710605 -1.1561146e-06 -0.70710748
vn 0.70710605 -1.1561955e-06 -0.70710754
vn 0.70710635 7.5563833e-07 -0.70710731
vn -0.71231866 0.0012954215 -0.70185512
vn -0.70839792 0.0013079939 -0.70581198
vn -0.70840085 0.001310479 -0.705809
vn -0.71193707 0.0016134812 -0.70224142
vn -0.71414876 -0.0068329778 0.69996053
vn -0.71403253 -0.012698284 0.69999743
vn -0.71404356 -0.012692853 0.69998628
vn -0.71416181 -0.0068568303 0.69994694
vn -0.70710593 -2.8683605e-06 0.70710766
vn -0.70710576 0 0.70710766
vn -0.70710588 0 0.70710772
vn -0.70710593 -2.8684472e-06 0.70710766
vn 0.71584815 0.0072696935 -0.69821823
vn 0.72094893 -0.002936512 -0.69298196
vn 0.7208733 -0.0028934185 -0.69306076
vn 0.7158013 0.0073197591 -0.69826567
vn 0.70515871 0.0016367043 0.70904762
vn 0.70185906 0.0012949564 0.71231467
vn 0.70224524 0.0016128933 0.71193337
vn 0.7051568 0.0016386866 0.70904952
vn 0.64424729 -0.41218111 0.64424527
vn 0.69736278 -0.16545349 0.6973595
vn 0.69736278 -0.16545342 0.69735956
vn 0.64424735 -0.41218123 0.64424527
vn 0.56896406 -0.59376878 0.56896257
vn 0.64424729 -0.41218111 0.64424527
vn 0.64424735 -0.41218123 0.64424527
vn 0.56896418 -0.5937686 0.56896269
vn 0.4285942 -0.79537165 0.42859179
vn 0.56896406 -0.59376878 0.56896257
vn 0.56896418 -0.5937686 0.56896269
vn 0.4285945 -0.79537141 0.42859203
vn 0.28375483 -0.91595161 0.28375313
vn 0.4285942 -0.79537165 0.42859179
vn 0.4285945 -0.79537141 0.42859203
vn 0.28375494 -0.91595155 0.28375325
vn 0.18050827 -0.96684885 0.18061019
vn 0.28375483 -0.91595161 0.28375313
vn 0.28375494 -0.91595155 0.28375325
vn 0.18050803 -0.96684891 0.18060993
vn -0.6973604 -0.16545321 0.69736201
vn -0.64424473 -0.41218051 0.64424831
vn -0.64424497 -0.41217989 0.64424855
vn -0.69736034 -0.16545315 0.69736195
vn -0.64424473 -0.41218051 0.64424831
vn -0.56896305 -0.59376806 0.56896442
vn -0.56896305 -0.59376812 0.56896448
vn -0.64424497 -0.41217989 0.64424855
vn -0.56896305 -0.59376806 0.56896442
vn -0.42858961 -0.79537624 0.428588
vn -0.42859641 -0.79536885 0.42859477
vn -0.56896305 -0.59376812 0.56896448
vn -0.42858961 -0.79537624 0.428588
vn -0.28339577 -0.91586709 0.28438422
vn -0.28337204 -0.91588163 0.284361
vn -0.42859641 -0.79536885 0.42859477
vn -0.28339577 -0.91586709 0.28438422
vn -0.18009493 -0.96673077 0.18165226
vn -0.17954791 -0.96693587 0.18110108
vn -0.28337204 -0.91588163 0.284361
vn 0.6442408 -0.41219792 -0.64424127
vn 0.69736433 -0.16545284 -0.69735813
vn 0.69736427 -0.16545293 -0.69735813
vn 0.6442467 -0.41217914 -0.64424717
vn 0.57061124 -0.59313422 -0.56797415
vn 0.6442408 -0.41219792 -0.64424127
vn 0.6442467 -0.41217914 -0.64424717
vn 0.57057881 -0.59319812 -0.56793988
vn 0.43155175 -0.79459 -0.42707115
vn 0.57061124 -0.59313422 -0.56797415
vn 0.57057881 -0.59319812 -0.56793988
vn 0.43058974 -0.79562306 -0.42611769
vn 0.28015152 -0.91528565 -0.28942558
vn 0.43155175 -0.79459 -0.42707115
vn 0.43058974 -0.79562306 -0.42611769
vn 0.2797257 -0.91551739 -0.2891044
vn 0.16964564 -0.96767598 -0.1866108
vn 0.28015152 -0.91528565 -0.28942558
vn 0.2797257 -0.91551739 -0.2891044
vn 0.17544852 -0.96539956 -0.19292915
vn -0.18009493 -0.96673077 0.18165226
vn -0.12303507 -0.98460507 0.12415732
vn -0.12303507 -0.98460507 0.12415732
vn -0.17954791 -0.96693587 0.18110108
vn 0.11616935 -0.98489785 -0.12837759
vn 0.16964564 -0.96767598 -0.1866108
vn 0.17544852 -0.96539956 -0.19292915
vn 0.11616935 -0.98489785 -0.12837759
vn -0.64420092 -0.41227818 -0.64422965
vn -0.69736201 -0.16545282 -0.69736046
vn -0.69736207 -0.16545275 -0.69736052
vn -0.64424258 -0.41214803 -0.64427131
vn -0.56113291 -0.59080219 -0.57972634
vn -0.64420092 -0.41227818 -0.64422965
vn -0.64424258 -0.41214803 -0.64427131
vn -0.56175804 -0.58979118 -0.58015013
vn -0.41708609 -0.79063237 -0.44826299
vn -0.56113291 -0.59080219 -0.57972634
vn -0.56175804 -0.58979118 -0.58015013
vn -0.41174024 -0.79661667 -0.44257411
vn -0.27657288 -0.91651219 -0.28898618
vn -0.41708609 -0.79063237 -0.44826299
vn -0.41174024 -0.79661667 -0.44257411
vn -0.27628037 -0.91672087 -0.28860348
vn -0.18051605 -0.96684521 -0.18062143
vn -0.27657288 -0.91651219 -0.28898618
vn -0.27628037 -0.91672087 -0.28860348
vn -0.18046255 -0.96686536 -0.18056798
vn 0.12364763 -0.98456687 0.12385218
vn 0.18050827 -0.96684885 0.18061019
vn 0.18050803 -0.96684891 0.18060993
vn 0.12364763 -0.98456687 0.12385218
vn -0.12361033 -0.98457754 -0.12380444
vn -0.18051605 -0.96684521 -0.18062143
vn -0.18046255 -0.96686536 -0.18056798
vn -0.12361033 -0.98457754 -0.12380444
vn -0.71084201 -0.015993854 0.70316988
vn -0.71394747 -0.027773961 0.6996482
vn -0.71394747 -0.027773961 0.6996482
vn -0.710841 -0.015990321 0.7031709
vn -0.70548266 0.0014732205 -0.70872569
vn -0.70185262 0.0012960725 -0.71232104
vn -0.70223892 0.0016142944 -0.71193963
vn -0.70548016 0.0014754719 -0.70872813
vn 0.7119537 -0.022070387 0.7018795
vn 0.70816034 -0.0055026622 0.70603013
vn 0.70816481 -0.0055126157 0.70602566
vn 0.71194172 -0.022000579 0.70189399
vn 0.70872527 0.0014732233 0.70548302
vn 0.70710641 -7.561257e-07 0.70710719
vn 0.70710641 -7.5564134e-07 0.70710713
vn 0.70872772 0.0014754693 0.70548058
vn -0.71696424 0.0010039185 -0.69710922
vn -0.70470756 -0.0078609092 -0.70945436
vn -0.7046122 -0.0078997733 -0.70954859
vn -0.71693683 0.0010045812 -0.69713748
vn 0.70362169 -0.013135961 0.71045327
vn 0.70109504 -0.027782988 0.71252632
vn 0.70109504 -0.027782988 0.71252632
vn 0.70362139 -0.013137964 0.71045351
vn -0.70710665 -7.5612724e-07 -0.70710695
vn -0.70548266 0.0014732205 -0.70872569
vn -0.70548016 0.0014754719 -0.70872813
vn -0.70710665 -7.5564259e-07 -0.70710683
vn -0.7140463 -0.028777396 -0.69950688
vn -0.7107715 -0.014811696 -0.70326698
vn -0.71076888 -0.014800935 -0.7032699
vn -0.7140463 -0.028777396 -0.69950688
vn 0.70710641 -7.561257e-07 0.70710719
vn 0.70718282 0.00014170182 0.70703059
vn 0.70718294 0.00014170683 0.70703065
vn 0.70710641 -7.5564134e-07 0.70710713
vn 0.71419811 -0.035429567 0.69904637
vn 0.7119537 -0.022070387 0.7018795
vn 0.71194172 -0.022000579 0.70189399
vn 0.71419811 -0.035429567 0.69904637
vn -0.70470756 -0.0078609092 -0.70945436
vn -0.68303257 -0.016552472 -0.73020029
vn -0.68303257 -0.016552472 -0.73020029
vn -0.7046122 -0.0078997733 -0.70954859
vn -0.70718336 -0.0001470397 -0.70703018
vn -0.70710665 -7.5612724e-07 -0.70710695
vn -0.70710665 -7.5564259e-07 -0.70710683
vn -0.70718336 -0.00014704428 -0.70703018
vn 0.70718282 0.00014170182 0.70703059
vn 0.70662469 0.00089606812 0.70758796
vn 0.70662445 0.00089627522 0.7075882
vn 0.70718294 0.00014170683 0.70703065
vn 0.7110033 0.0026263674 -0.70318377
vn 0.71231836 0.00129494 -0.70185542
vn 0.71193707 0.0016128912 -0.70224148
vn 0.71100223 0.0026268442 -0.70318478
vn -0.70872325 0.0014721205 0.70548505
vn -0.71231681 0.0012951018 0.70185691
vn -0.7119354 0.0016130839 0.70224315
vn -0.70872575 0.0014743621 0.70548266
vn -0.70729977 -0.00056425668 -0.70691359
vn -0.70718336 -0.0001470397 -0.70703018
vn -0.70718336 -0.00014704428 -0.70703018
vn -0.70729977 -0.00056444848 -0.70691359
vn -0.70185685 0.0012951123 0.71231693
vn -0.70775694 0.00032720552 0.70645601
vn -0.7077511 0.00033112307 0.70646185
vn -0.70224279 0.0016130969 0.7119357
vn 0.70662469 0.00089606812 0.70758796
vn 0.70362169 -0.013135961 0.71045327
vn 0.70362139 -0.013137964 0.71045351
vn 0.70662445 0.00089627522 0.7075882
vn 0.72094893 -0.002936512 -0.69298196
vn 0.7110033 0.0026263674 -0.70318377
vn 0.71100223 0.0026268442 -0.70318478
vn 0.7208733 -0.0028934185 -0.69306076
vn -0.7107715 -0.014811696 -0.70326698
vn -0.70729977 -0.00056425668 -0.70691359
vn -0.70729977 -0.00056444848 -0.70691359
vn -0.71076888 -0.014800935 -0.7032699
vn -0.70710576 0 0.70710766
vn -0.70872325 0.0014721205 0.70548505
vn -0.70872575 0.0014743621 0.70548266
vn -0.70710588 0 0.70710772
vn -0.70775694 0.00032720552 0.70645601
vn -0.71414876 -0.0068329778 0.69996053
vn -0.71416181 -0.0068568303 0.69994694
vn -0.7077511 0.00033112307 0.70646185
vn 0.70552665 0.001463201 -0.70868194
vn 0.70710629 7.5612701e-07 -0.70710731
vn 0.70710635 7.5563833e-07 -0.70710731
vn 0.70551932 0.0014699833 -0.70868921
vn 0.70550835 0.00010604613 0.70870155
vn 0.70550835 0.00010604613 0.70870155
vn 0.70550877 0.00010623273 0.70870119
vn 0.70550877 0.00010623263 0.70870113
vn -0.70097709 -0.0081866486 -0.71313679
vn -0.70097709 -0.0081866486 -0.71313679
vn -0.69956309 -0.0014392709 -0.71456945
vn -0.69956279 -0.0014383723 -0.71456963
vn -0.70743084 -1.65032e-05 0.70678252
vn -0.70743084 -1.65032e-05 0.70678252
vn -0.70743221 -1.4578143e-05 0.70678121
vn -0.70743227 -1.4578261e-05 0.70678121
vn 0.0008894825 -0.6710574 -0.74140489
vn 0.00088864204 -0.67197663 -0.74057192
vn 0.00096885895 -0.57058752 -0.82123631
vn 0.81381142 -0.58112705 0.0014781591
vn 0.81448942 -0.58017659 0.0014396927
vn 0.77844733 -0.62770838 0.0013803116
vn 0.73611182 -0.6768586 0.0013396019
vn -0.0012819263 -0.5802241 0.81445587
vn 0.00081537943 -0.67818308 0.73489261
vn 0.0014249864 -0.70473552 0.70946878
vn -0.81398124 -0.58088994 -0.0011856753
vn -0.73511451 -0.6779421 -0.001063553
vn -0.735277 -0.67776597 -0.0010638036
vn 0.0014249864 -0.70473552 0.70946878
vn 0.00081537943 -0.67818308 0.73489261
vn 0.0032040738 -0.77719498 0.62925178
vn 0.0032040738 -0.77719498 0.62925178
vn -0.69956279 -0.0014383723 -0.71456963
vn -0.69956309 -0.0014392709 -0.71456945
vn -0.6966151 0.012126652 -0.7173425
vn 0.70708048 1.6644832e-05 -0.707133
vn 0.70708054 1.6660806e-05 -0.70713305
vn 0.7070778 7.2283565e-06 -0.70713568
vn 0.70550877 0.00010623263 0.70870113
vn 0.70550877 0.00010623273 0.70870119
vn 0.70550948 0.00010660791 0.70870036
vn 0.70550948 0.00010660791 0.70870036
vn -0.70743227 -1.4578261e-05 0.70678121
vn -0.70743221 -1.4578143e-05 0.70678121
vn -0.70743507 -1.0707573e-05 0.70677835
vn 0.0008894825 -0.6710574 -0.74140489
vn 0.00077968498 -0.77323884 -0.6341145
vn 0.00088864204 -0.67197663 -0.74057192
vn 0.77844733 -0.62770838 0.0013803116
vn 0.81448942 -0.58017659 0.0014396927
vn 0.81597048 -0.57809204 0.0013554327
vn -0.73511451 -0.6779421 -0.001063553
vn -0.63094366 -0.77582812 -0.00090367964
vn -0.735277 -0.67776597 -0.0010638036
vn 0.77844733 -0.62770838 0.0013803116
vn 0.63334399 -0.77386957 0.0011558381
vn 0.73611182 -0.6768586 0.0013396019
vn 0.99230611 -0.12363464 -0.006565955
vn 0.9912222 -0.13207307 -0.0059320782
vn 0.99994648 -0.0073163225 -0.0073139649
vn 0.99994648 -0.0073163225 -0.0073139649
vn -0.71231866 0.0012954215 -0.70185512
vn -0.71193707 0.0016134812 -0.70224142
vn -0.71386945 0 -0.70027882
vn -0.71386945 0 -0.70027882
vn 0 -0.12968695 0.99155504
vn 0 -0.12121676 0.99262595
vn 0 0 1
vn 0 0 1
vn 0 -0.12121741 -0.99262589
vn 0 -0.12968767 -0.99155492
vn 0 0 -1
vn 0 0 -1
vn -0.70223892 0.0016142944 -0.71193963
vn -0.70185262 0.0012960725 -0.71232104
vn -0.70027667 0 -0.71387148
vn -0.70027667 0 -0.71387148
vn 0.9914704 -0.13032959 -0.00081975659
vn 0.99254715 -0.12185954 -0.00067839772
vn 1 0 0
vn 1 0 0
vn -0.69736207 -0.16545275 -0.69736052
vn -0.69736201 -0.16545282 -0.69736046
vn -0.70710832 0 -0.70710516
vn -0.70710832 0 -0.70710516
vn -0.7119354 0.0016130839 0.70224315
vn -0.71231681 0.0012951018 0.70185691
vn -0.71386743 0 0.7002809
vn -0.71386743 0 0.7002809
vn 0.70224524 0.0016128933 0.71193337
vn 0.70185906 0.0012949564 0.71231467
vn 0.70028365 0 0.71386468
vn 0.70028365 0 0.71386468
vn -0.99254727 -0.12185849 -0.0006754935
vn -0.99147058 -0.13032854 -0.00081705529
vn -1 0 0
vn -1 0 0
vn -0.6973604 -0.16545321 0.69736201
vn -0.69736034 -0.16545315 0.69736195
vn -0.70710677 0 0.70710677
vn -0.70710677 0 0.70710677
vn 0.71193707 0.0016128912 -0.70224148
vn 0.71231836 0.00129494 -0.70185542
vn 0.71386808 0 -0.70028025
vn 0.71386808 0 -0.70028025
vn -0.00082687224 -0.13032444 -0.99147105
vn -0.00070157571 -0.12184702 -0.99254864
vn 0 0 -1
vn 0 0 -1
vn 0.69736427 -0.16545293 -0.69735813
vn 0.69736433 -0.16545284 -0.69735813
vn 0.70710987 0 -0.70710367
vn 0.70710987 0 -0.70710367
vn -0.99147046 -0.13032922 0.0008201563
vn -0.99254733 -0.12185767 0.00068180845
vn -1 0 0
vn -1 0 0
vn 0.69736278 -0.16545342 0.69735956
vn 0.69736278 -0.16545349 0.6973595
vn 0.70710832 0 0.70710522
vn 0.70710832 0 0.70710522
vn -0.00070192339 -0.12184613 0.99254888
vn -0.00082700275 -0.1303241 0.99147117
vn 0 0 1
vn 0 0 1
vn -0.70185685 0.0012951123 0.71231693
vn -0.70224279 0.0016130969 0.7119357
vn -0.70028156 0 0.71386671
vn -0.70028156 0 0.71386671
vn 0.70708185 2.1353244e-05 -0.70713168
vn 0.70708185 2.1353244e-05 -0.70713168
vn 0.70708054 1.6660806e-05 -0.70713305
vn 0.70708048 1.6644832e-05 -0.707133
vn 0.34694612 -0.93788505 -1.2142655e-08
vn 0.52573186 -0.85065031 0
vn 0.52573168 -0.85065037 0
vn 0.34694561 -0.93788528 0
vn 0.72645426 -0.68721485 4.2235797e-07
vn 0.88468367 -0.46619135 0.00077733834
vn 0.88484049 -0.465893 0.0010396953
vn 0.72645456 -0.68721461 0
vn 0.95222056 -0.30541128 6.8543122e-06
vn 0.9912222 -0.13207307 -0.0059320782
vn 0.99230611 -0.12363464 -0.006565955
vn 0.95214927 -0.30562785 -0.0018599931
vn 0.70188504 0.0012871565 -0.71228898
vn 0.70552665 0.001463201 -0.70868194
vn 0.70551932 0.0014699833 -0.70868921
vn 0.70228434 0.0016082941 -0.71189481
vn -0.52573222 -0.85065007 3.0493997e-08
vn -0.7264536 -0.68721551 0
vn -0.68317062 -0.73025876 0
vn -0.49164617 -0.87079501 8.7715144e-08
vn -0.7264536 -0.68721551 0
vn -0.88468313 -0.46619198 0.00077636132
vn -0.87158632 -0.490242 0.00037861223
vn -0.68317062 -0.73025876 0
vn 0.70028216 0 -0.71386623
vn 0.70188504 0.0012871565 -0.71228898
vn 0.70228434 0.0016082941 -0.71189481
vn 0.70028216 0 -0.71386623
vn 0.52573186 -0.85065031 0
vn 0.72645426 -0.68721485 4.2235797e-07
vn 0.72645456 -0.68721461 0
vn 0.52573168 -0.85065037 0
vn 0.88468367 -0.46619135 0.00077733834
vn 0.95222056 -0.30541128 6.8543122e-06
vn 0.95214927 -0.30562785 -0.0018599931
vn 0.88484049 -0.465893 0.0010396953
vn -0.34694657 -0.93788487 5.4838488e-08
vn -0.52573222 -0.85065007 3.0493997e-08
vn -0.49164617 -0.87079501 8.7715144e-08
vn -0.29801756 -0.9545604 1.0362931e-07
vn -2.8846071e-07 -1 1.2441635e-08
vn -0.34694657 -0.93788487 5.4838488e-08
vn -0.29801756 -0.9545604 1.0362931e-07
vn 3.1657675e-07 -1 2.4883212e-08
vn -2.8846071e-07 -1 1.2441635e-08
vn 0.34694612 -0.93788505 -1.2142655e-08
vn 0.34694561 -0.93788528 0
vn -6.8448293e-07 -1 0
vn -0.88468313 -0.46619198 0.00077636132
vn -0.95142007 -0.30789053 0.0017904466
vn -0.94724393 -0.32050905 0.0016988001
vn -0.87158632 -0.490242 0.00037861223
vn -0.95142007 -0.30789053 0.0017904466
vn -0.99147046 -0.13032922 0.0008201563
vn -0.94724393 -0.32050905 0.0016988001
vn 0 -0.68721521 0.7264539
vn 0 -0.85020334 0.52645445
vn 0 -0.87020546 0.4926891
vn 0 -0.73025882 0.68317056
vn -0.00082700275 -0.1303241 0.99147117
vn -0.0017876815 -0.30790308 0.95141608
vn -0.0016546042 -0.32052976 0.94723701
vn 0 -0.85020334 0.52645445
vn -9.7600505e-08 -0.9377622 0.34727785
vn -2.8690786e-07 -0.95466077 0.29769596
vn 0 -0.87020546 0.4926891
vn 9.7974748e-08 -0.93788493 -0.34694645
vn 3.982546e-10 -0.99999982 -0.00049565581
vn 0 -0.99999982 -0.00049532828
vn 0 -0.93788481 -0.34694654
vn 0 -0.85064995 -0.52573252
vn 9.7974748e-08 -0.93788493 -0.34694645
vn 0 -0.93788481 -0.34694654
vn 0 -0.85064983 -0.52573258
vn -0.00075774844 -0.46621105 -0.88467318
vn 0 -0.68721545 -0.7264536
vn 0 -0.68721551 -0.7264536
vn -0.0010388985 -0.46591589 -0.88482839
vn -0.00082687224 -0.13032444 -0.99147105
vn -0.0017882322 -0.30790272 -0.95141613
vn -0.0017315032 -0.30730212 -0.95161045
vn -0.00070157571 -0.12184702 -0.99254864
vn 0.71231729 0.0012960726 0.70185632
vn 0.70872527 0.0014732233 0.70548302
vn 0.70872772 0.0014754693 0.70548058
vn 0.71193635 0.0016142937 0.7022422
vn -0.0017876815 -0.30790308 0.95141608
vn -0.00075792166 -0.46621096 0.8846733
vn -0.00035179974 -0.49025318 0.87158012
vn -0.0016546042 -0.32052976 0.94723701
vn -0.00075792166 -0.46621096 0.8846733
vn 0 -0.68721521 0.7264539
vn 0 -0.73025882 0.68317056
vn -0.00035179974 -0.49025318 0.87158012
vn -9.7600505e-08 -0.9377622 0.34727785
vn 3.982546e-10 -0.99999982 -0.00049565581
vn 2.9983671e-10 -1 -0.00018677472
vn -2.8690786e-07 -0.95466077 0.29769596
vn 0 -0.68721545 -0.7264536
vn 0 -0.85064995 -0.52573252
vn 0 -0.85064983 -0.52573258
vn 0 -0.68721551 -0.7264536
vn -0.0017882322 -0.30790272 -0.95141613
vn -0.00075774844 -0.46621105 -0.88467318
vn -0.0010388985 -0.46591589 -0.88482839
vn -0.0017315032 -0.30730212 -0.95161045
vn 0.713866 0 0.70028228
vn 0.71231729 0.0012960726 0.70185632
vn 0.71193635 0.0016142937 0.7022422
vn 0.713866 0 0.70028228
vn 0.72725445 -0.68636799 0
vn 0.88580698 -0.4640533 -0.00077941426
vn 0.87306422 -0.48760498 -0.00038319308
vn 0.6830135 -0.73040575 0
vn 0.88580698 -0.4640533 -0.00077941426
vn 0.95142102 -0.30788761 -0.0017905397
vn 0.94724536 -0.32050478 -0.0017066246
vn 0.87306422 -0.48760498 -0.00038319308
vn 0.34694648 -0.93788493 -9.7303499e-08
vn 0.52467275 -0.85130411 -6.0820845e-08
vn 0.49109745 -0.8711046 -1.7486509e-07
vn 0.298017 -0.95456064 -1.7119737e-07
vn -0.52573198 -0.85065025 -3.6664676e-07
vn -0.72645348 -0.68721563 -7.4642537e-07
vn -0.7264536 -0.68721551 -1.0240301e-06
vn -0.5257321 -0.85065013 -5.9846377e-07
vn -0.8846857 -0.46618733 -0.00077992067
vn -0.95142138 -0.30788636 -0.0017890965
vn -0.95161617 -0.30728465 -0.0017044604
vn -0.88484257 -0.46588904 -0.0010383928
vn -0.34694621 -0.93788499 9.7303449e-08
vn -0.52573198 -0.85065025 -3.6664676e-07
vn -0.5257321 -0.85065013 -5.9846377e-07
vn -0.34694618 -0.93788505 0
vn 1.3689659e-07 -1 1.1423542e-13
vn 0.34694648 -0.93788493 -9.7303499e-08
vn 0.298017 -0.95456064 -1.7119737e-07
vn 5.755939e-08 -0.99999994 8.691378e-14
vn 0.95142102 -0.30788761 -0.0017905397
vn 0.9914704 -0.13032959 -0.00081975659
vn 0.94724536 -0.32050478 -0.0017066246
vn 0.52467275 -0.85130411 -6.0820845e-08
vn 0.72725445 -0.68636799 0
vn 0.6830135 -0.73040575 0
vn 0.49109745 -0.8711046 -1.7486509e-07
vn 1.3689659e-07 -1 1.1423542e-13
vn -0.34694621 -0.93788499 9.7303449e-08
vn -0.34694618 -0.93788505 0
vn 3.5201978e-07 -1 0
vn -0.72645348 -0.68721563 -7.4642537e-07
vn -0.8846857 -0.46618733 -0.00077992067
vn -0.88484257 -0.46588904 -0.0010383928
vn -0.7264536 -0.68721551 -1.0240301e-06
vn -0.95142138 -0.30788636 -0.0017890965
vn -0.99147058 -0.13032854 -0.00081705529
vn -0.99254727 -0.12185849 -0.0006754935
vn -0.95161617 -0.30728465 -0.0017044604
vn 2.7622653e-07 -0.46657258 -0.88448292
vn -1.7214678e-07 -0.68721551 -0.7264536
vn -4.6628975e-07 -0.73025882 -0.68317044
vn 4.0725803e-07 -0.49030143 -0.87155294
vn 0 -0.68721539 0.72645372
vn 0 -0.85065001 0.52573234
vn 0 -0.85065007 0.52573222
vn 0 -0.68721575 0.72645336
vn 2.7544553e-07 -0.30784276 0.95143729
vn 2.7622619e-07 -0.46657234 0.88448304
vn 0 -0.46657243 0.88448298
vn 0 -0.30784285 0.95143718
vn -9.6788035e-08 -0.93788493 0.34694642
vn 6.5773492e-10 -1 -2.2979071e-07
vn 0 -1 -4.4002482e-07
vn 0 -0.93788481 0.3469466
vn -1.7214678e-07 -0.68721551 -0.7264536
vn -4.7892904e-08 -0.85065007 -0.52573222
vn 1.5881251e-07 -0.87059838 -0.49199432
vn -4.6628975e-07 -0.73025882 -0.68317044
vn 0 -0.12968767 -0.99155492
vn 2.7544581e-07 -0.30784342 -0.95143706
vn 6.510694e-07 -0.3199361 -0.94743919
vn -4.7892904e-08 -0.85065007 -0.52573222
vn 2.2013889e-07 -0.93788487 -0.34694651
vn 4.1628553e-07 -0.95431542 -0.29880077
vn 1.5881251e-07 -0.87059838 -0.49199432
vn 2.7544581e-07 -0.30784342 -0.95143706
vn 2.7622653e-07 -0.46657258 -0.88448292
vn 4.0725803e-07 -0.49030143 -0.87155294
vn 6.510694e-07 -0.3199361 -0.94743919
vn 2.2013889e-07 -0.93788487 -0.34694651
vn 6.5773492e-10 -1 -2.2979071e-07
vn -4.7802375e-09 -0.99999261 0.0038289148
vn 4.1628553e-07 -0.95431542 -0.29880077
vn 2.7622619e-07 -0.46657234 0.88448304
vn 0 -0.68721539 0.72645372
vn 0 -0.68721575 0.72645336
vn 0 -0.46657243 0.88448298
vn 0 -0.12968695 0.99155504
vn 2.7544553e-07 -0.30784276 0.95143729
vn 0 -0.30784285 0.95143718
vn 0 -0.12121676 0.99262595
vn 0 -0.85065001 0.52573234
vn -9.6788035e-08 -0.93788493 0.34694642
vn 0 -0.93788481 0.3469466
vn 0 -0.85065007 0.52573222
vn 0 -0.93776232 0.34727767
vn 0 -0.99999994 -0.00049526966
vn 0 -0.99999994 -0.00049562159
vn -1.2408685e-07 -0.93776232 0.34727758
vn 0.29801726 -0.9545604 -1.0362927e-07
vn 0.49164468 -0.87079585 -3.9622702e-08
vn 0.52573168 -0.85065049 1.2430792e-08
vn 0.34694555 -0.93788528 -5.4838488e-08
vn 0.49164468 -0.87079585 -3.9622702e-08
vn 0.68317068 -0.73025864 3.8861236e-07
vn 0.72645408 -0.68721503 2.5455256e-07
vn 0.52573168 -0.85065049 1.2430792e-08
vn 0.68317068 -0.73025864 3.8861236e-07
vn 0.8715865 -0.49024153 0.00037997679
vn 0.88468343 -0.46619168 0.00077741349
vn 0.72645408 -0.68721503 2.5455256e-07
vn 0.8715865 -0.49024153 0.00037997679
vn 0.94819319 -0.31769016 0.0016727304
vn 0.95222038 -0.30541167 8.6731397e-06
vn 0.88468343 -0.46619168 0.00077741349
vn 0.94819319 -0.31769016 0.0016727304
vn 0.9912222 -0.13207315 -0.0059338389
vn 0.95222038 -0.30541167 8.6731397e-06
vn -3.837291e-08 -1 2.4835289e-08
vn -0.29801661 -0.9545607 1.7119754e-07
vn -0.34694615 -0.93788505 9.7303541e-08
vn 3.6668729e-07 -1 1.2417627e-08
vn 0 -0.87079555 0.49164531
vn 0 -0.85065025 0.52573204
vn 0 -0.68721527 0.72645372
vn 0 -0.73025852 0.68317086
vn 0 -0.73025852 0.68317086
vn 0 -0.68721527 0.72645372
vn 0 -0.46657234 0.88448298
vn 0 -0.49030152 0.87155288
vn 0 -0.49030152 0.87155288
vn 0 -0.46657234 0.88448298
vn 1.8161012e-07 -0.3078433 0.95143706
vn 0 -0.31993622 0.94743907
vn 0 -0.31993622 0.94743907
vn 1.8161012e-07 -0.3078433 0.95143706
vn 3.3682767e-07 -0.12968732 0.99155492
vn 0.34694627 -0.93788505 0
vn 0.52467275 -0.85130399 0
vn 0.52467263 -0.85130411 -3.041043e-08
vn 0.34694588 -0.93788522 -5.4711379e-08
vn 9.7783257e-08 -0.99999994 0
vn -0.34694538 -0.93788534 0
vn -0.34694573 -0.93788522 3.6427945e-08
vn 5.3780802e-08 -1 1.2441612e-08
vn 1.3055224e-07 -0.95456058 -0.29801697
vn 1.2364845e-07 -0.93788505 -0.346946
vn 1.234088e-07 -0.85065025 -0.52573204
vn 3.5698233e-07 -0.8711561 -0.49100623
vn 3.5698233e-07 -0.8711561 -0.49100623
vn 1.234088e-07 -0.85065025 -0.52573204
vn 0 -0.68721545 -0.7264536
vn 0 -0.7291379 -0.68436688
vn 0 -0.7291379 -0.68436688
vn 0 -0.68721545 -0.7264536
vn -0.00075796701 -0.46620992 -0.88467383
vn -0.00035575038 -0.4895961 -0.87194926
vn -0.00035575038 -0.4895961 -0.87194926
vn -0.00075796701 -0.46620992 -0.88467383
vn -0.0017880916 -0.30790243 -0.95141625
vn -0.0016566962 -0.32052764 -0.94723767
vn -0.0016566962 -0.32052764 -0.94723767
vn -0.0017880916 -0.30790243 -0.95141625
vn -0.00082620286 -0.13032614 -0.99147087
vn 4.7966164e-08 -1 2.4883212e-08
vn 0.29801726 -0.9545604 -1.0362927e-07
vn 0.34694555 -0.93788528 -5.4838488e-08
vn 5.3780802e-08 -1 1.2441612e-08
vn -0.49164483 -0.87079579 -1.660578e-08
vn -0.68316966 -0.73025972 -4.6800292e-07
vn -0.72645342 -0.68721575 -1.7277907e-07
vn -0.52573216 -0.85065013 -1.1016215e-07
vn -0.68316966 -0.73025972 -4.6800292e-07
vn -0.87158769 -0.49023953 -0.00038508661
vn -0.88468552 -0.4661876 -0.00078072469
vn -0.72645342 -0.68721575 -1.7277907e-07
vn -0.87158769 -0.49023953 -0.00038508661
vn -0.94724554 -0.3205044 -0.0017092616
vn -0.95142132 -0.30788678 -0.0017902072
vn -0.88468552 -0.4661876 -0.00078072469
vn -0.94724554 -0.3205044 -0.0017092616
vn -0.99147052 -0.13032877 -0.00081705622
vn -0.95142132 -0.30788678 -0.0017902072
vn -0.29801661 -0.9545607 1.7119754e-07
vn -0.49164483 -0.87079579 -1.660578e-08
vn -0.52573216 -0.85065013 -1.1016215e-07
vn -0.34694615 -0.93788505 9.7303541e-08
vn -0.88483977 -0.46589434 0.0010385955
vn -0.95161498 -0.30728829 0.0017117608
vn -0.95142037 -0.30789 0.0017898788
vn -0.88468307 -0.46619222 0.00077636947
vn -0.52573192 -0.85065031 0
vn -0.72645313 -0.68721598 0
vn -0.7264533 -0.68721581 0
vn -0.52573192 -0.85065031 0
vn -0.95161498 -0.30728829 0.0017117608
vn -0.99254739 -0.1218574 0.00068217062
vn -0.9914704 -0.13032892 0.00082029286
vn -0.95142037 -0.30789 0.0017898788
vn -0.72645313 -0.68721598 0
vn -0.88483977 -0.46589434 0.0010385955
vn -0.88468307 -0.46619222 0.00077636947
vn -0.7264533 -0.68721581 0
vn 0 -0.95456058 0.29801732
vn 0 -0.93788522 0.34694588
vn 0 -0.85065025 0.52573204
vn 0 -0.87079555 0.49164531
vn -0.0017335769 -0.30730146 0.95161062
vn -0.0010399309 -0.46591547 0.88482863
vn -0.00075826416 -0.46621108 0.88467312
vn -0.0017892485 -0.30790249 0.95141631
vn 0 -0.68721527 0.72645372
vn 0 -0.85020328 0.52645457
vn -1.238185e-07 -0.85020328 0.52645457
vn 0 -0.68721545 0.72645366
vn 7.0403962e-07 -1 0
vn 0.34694627 -0.93788505 0
vn 0.34694588 -0.93788522 -5.4711379e-08
vn 3.6668729e-07 -1 1.2417627e-08
vn -0.00070262514 -0.12184697 0.99254864
vn -0.0017335769 -0.30730146 0.95161062
vn -0.0017892485 -0.30790249 0.95141631
vn -0.00082787225 -0.13032469 0.99147105
vn -0.0010399309 -0.46591547 0.88482863
vn 0 -0.68721527 0.72645372
vn 0 -0.68721545 0.72645366
vn -0.00075826416 -0.46621108 0.88467312
vn 0 -0.85020328 0.52645457
vn 0 -0.93776232 0.34727767
vn -1.2408685e-07 -0.93776232 0.34727758
vn -1.238185e-07 -0.85020328 0.52645457
vn 0.95161611 -0.30728459 -0.0017066541
vn 0.99254721 -0.12185919 -0.00067658385
vn 0.9914704 -0.13032921 -0.00081806933
vn 0.95142108 -0.30788735 -0.0017901974
vn 0.72725362 -0.68636882 0
vn 0.88596272 -0.46375534 -0.0010388348
vn 0.88580626 -0.46405455 -0.00077997445
vn 0.72725379 -0.6863687 0
vn -0.34694538 -0.93788534 0
vn -0.52573192 -0.85065031 0
vn -0.52573192 -0.85065031 0
vn -0.34694573 -0.93788522 3.6427945e-08
vn 0.88596272 -0.46375534 -0.0010388348
vn 0.95161611 -0.30728459 -0.0017066541
vn 0.95142108 -0.30788735 -0.0017901974
vn 0.88580626 -0.46405455 -0.00077997445
vn 0.52467275 -0.85130399 0
vn 0.72725362 -0.68636882 0
vn 0.72725379 -0.6863687 0
vn 0.52467263 -0.85130411 -3.041043e-08
vn 0 -1 -0.00018685128
vn 0 -0.99999994 -0.00049562159
vn 1.2364845e-07 -0.93788505 -0.346946
vn 1.3055224e-07 -0.95456058 -0.29801697
vn 1.8179645e-07 -0.12121844 -0.99262589
vn 1.8089776e-07 -0.30784327 -0.951437
vn 9.0804988e-08 -0.30784339 -0.95143712
vn 1.6841376e-07 -0.12968875 -0.9915548
vn 0 -0.46657097 -0.88448375
vn 0 -0.68721551 -0.72645366
vn 0 -0.68721551 -0.72645366
vn 0 -0.46657109 -0.8844837
vn 0 -0.85065061 -0.52573133
vn 0 -0.93788511 -0.34694594
vn 1.2270904e-07 -0.93788511 -0.346946
vn 1.2247126e-07 -0.85065049 -0.52573156
vn 0 -0.99999273 0.0038290143
vn 0 -1 9.7783284e-09
vn 0 -0.93788522 0.34694588
vn 0 -0.95456058 0.29801732
vn 1.8089776e-07 -0.30784327 -0.951437
vn 0 -0.46657097 -0.88448375
vn 0 -0.46657109 -0.8844837
vn 9.0804988e-08 -0.30784339 -0.95143712
vn 0 -0.68721551 -0.72645366
vn 0 -0.85065061 -0.52573133
vn 1.2247126e-07 -0.85065049 -0.52573156
vn 0 -0.68721551 -0.72645366
vn 0 -0.93788511 -0.34694594
vn 0 -1 -3.5201978e-07
vn 0 -1 9.7783284e-09
vn 1.2270904e-07 -0.93788511 -0.346946
vn -0.70695287 -0.00021321894 -0.70726055
vn -0.71696377 0.0010057449 -0.69710964
vn -0.71693623 0.0010064223 -0.69713813
vn -0.7069521 -0.00021407395 -0.70726132
vn 0.69956881 -0.028051462 -0.71401441
vn 0.70369774 -0.011911644 -0.71039963
vn 0.70369905 -0.011906608 -0.7103985
vn 0.69956881 -0.028051462 -0.71401441
vn 0.70816052 -0.0055105132 0.70602995
vn 0.70714825 0.00095382938 0.70706463
vn 0.70714802 0.00095139618 0.70706493
vn 0.70816499 -0.0055204588 0.70602542
vn 0.71064305 -0.014038063 -0.70341271
vn 0.71402156 -0.028074991 -0.69956052
vn 0.71402156 -0.028074991 -0.69956052
vn 0.71064192 -0.014033682 -0.7034139
vn -0.69956064 -0.028080225 0.71402133
vn -0.70341194 -0.014042699 0.71064365
vn -0.70341331 -0.014038019 0.71064258
vn -0.69956064 -0.028080225 0.71402133
vn 0.70710528 1.0096034e-06 -0.7071082
vn 0.71064305 -0.014038063 -0.70341271
vn 0.71064192 -0.014033682 -0.7034139
vn 0.70710534 1.0100966e-06 -0.70710832
vn -0.70607901 -0.00098779541 -0.70813239
vn -0.70695287 -0.00021321894 -0.70726055
vn -0.7069521 -0.00021407395 -0.70726132
vn -0.70607895 -0.00098792522 -0.70813245
vn -0.70952374 -0.0090935677 0.70462275
vn -0.71084267 -0.0159938 0.70316923
vn -0.71084172 -0.0159903 0.7031703
vn -0.70952743 -0.0091029657 0.70461899
vn -0.70341194 -0.014042699 0.71064365
vn -0.70710611 -1.0096044e-06 0.70710754
vn -0.70710605 -1.0100973e-06 0.70710748
vn -0.70341331 -0.014038019 0.71064258
vn 0.70714825 0.00095382938 0.70706463
vn 0.70699513 0.0023084765 0.70721471
vn 0.70699435 0.0023058322 0.70721543
vn 0.70714802 0.00095139618 0.70706493
vn 0.70369774 -0.011911644 -0.71039963
vn 0.70442098 0.013495664 -0.70965415
vn 0.70443231 0.013463016 -0.70964348
vn 0.70369905 -0.011906608 -0.7103985
vn 0.70710546 7.5612394e-07 -0.70710808
vn 0.70710528 1.0096034e-06 -0.7071082
vn 0.70710534 1.0100966e-06 -0.70710832
vn 0.70710552 7.561041e-07 -0.70710808
vn -0.70839787 0.0013072683 -0.70581216
vn -0.70607901 -0.00098779541 -0.70813239
vn -0.70607895 -0.00098792522 -0.70813245
vn -0.70840079 0.0013097503 -0.70580918
vn -0.71403182 -0.012699304 0.69999808
vn -0.70952374 -0.0090935677 0.70462275
vn -0.70952743 -0.0091029657 0.70461899
vn -0.71404278 -0.012693869 0.69998693
vn -0.70710611 -1.0096044e-06 0.70710754
vn -0.70710593 0 0.70710766
vn -0.70710599 0 0.70710772
vn -0.70710605 -1.0100973e-06 0.70710748
vn 0.70699513 0.0023084765 0.70721471
vn 0.7051577 0.0016348114 0.70904869
vn 0.70515573 0.0016367906 0.7090506
vn 0.70699435 0.0023058322 0.70721543
vn 0.70442098 0.013495664 -0.70965415
vn 0.71584886 0.0072698682 -0.69821745
vn 0.71580189 0.0073199719 -0.69826496
vn 0.70443231 0.013463016 -0.70964348
vn 0.70710462 2.0914101e-06 -0.70710903
vn 0.70710546 7.5612394e-07 -0.70710808
vn 0.70710552 7.561041e-07 -0.70710808
vn 0.7071045 2.0917862e-06 -0.70710903
vn -0.71232057 0.001294781 -0.7018531
vn -0.70839787 0.0013072683 -0.70581216
vn -0.70840079 0.0013097503 -0.70580918
vn -0.7119391 0.001612686 -0.70223945
vn -0.71414679 -0.0068335594 0.69996256
vn -0.71403182 -0.012699304 0.69999808
vn -0.71404278 -0.012693869 0.69998693
vn -0.71415985 -0.0068573691 0.69994897
vn -0.70710593 0 0.70710766
vn -0.7071045 -2.6705615e-07 0.70710909
vn -0.70710444 -2.6722938e-07 0.70710897
vn -0.70710599 0 0.70710772
vn 0.71584886 0.0072698682 -0.69821745
vn 0.7209506 -0.0029345572 -0.69298023
vn 0.72087491 -0.0028914234 -0.69305921
vn 0.71580189 0.0073199719 -0.69826496
vn 0.7051577 0.0016348114 0.70904869
vn 0.70185745 0.0012944607 0.71231627
vn 0.70224363 0.0016122842 0.71193486
vn 0.70515573 0.0016367906 0.7090506
vn 0.64424706 -0.41218081 0.64424586
vn 0.69736075 -0.16545238 0.69736177
vn 0.69736069 -0.16545245 0.69736177
vn 0.644247 -0.41218069 0.64424586
vn 0.5689643 -0.59376967 0.5689615
vn 0.64424706 -0.41218081 0.64424586
vn 0.644247 -0.41218069 0.64424586
vn 0.56896436 -0.59376955 0.56896156
vn 0.42859271 -0.79537243 0.42859176
vn 0.5689643 -0.59376967 0.5689615
vn 0.56896436 -0.59376955 0.56896156
vn 0.42859307 -0.79537207 0.42859209
vn 0.28375325 -0.91595197 0.28375357
vn 0.42859271 -0.79537243 0.42859176
vn 0.42859307 -0.79537207 0.42859209
vn 0.28375325 -0.91595197 0.28375354
vn 0.18050659 -0.96684933 0.18060946
vn 0.28375325 -0.91595197 0.28375357
vn 0.28375325 -0.91595197 0.28375354
vn 0.18050654 -0.96684933 0.18060943
vn -0.6973598 -0.16545254 0.69736266
vn -0.64424634 -0.41218042 0.64424676
vn -0.64424646 -0.41217998 0.64424688
vn -0.6973598 -0.16545263 0.69736272
vn -0.64424634 -0.41218042 0.64424676
vn -0.56896365 -0.59376925 0.56896263
vn -0.56896365 -0.59376919 0.56896269
vn -0.64424646 -0.41217998 0.64424688
vn -0.56896365 -0.59376925 0.56896263
vn -0.42858827 -0.79537666 0.42858842
vn -0.42859516 -0.79536933 0.4285953
vn -0.56896365 -0.59376919 0.56896269
vn -0.42858827 -0.79537666 0.42858842
vn -0.28339705 -0.91586626 0.28438544
vn -0.28337348 -0.91588074 0.28436232
vn -0.42859516 -0.79536933 0.4285953
vn -0.28339705 -0.91586626 0.28438544
vn -0.18009685 -0.9667303 0.18165237
vn -0.17955005 -0.9669354 0.18110143
vn -0.28337348 -0.91588074 0.28436232
vn 0.64423859 -0.41219714 -0.64424378
vn 0.69735962 -0.165453 -0.69736278
vn 0.69735962 -0.16545287 -0.69736278
vn 0.64424461 -0.41217858 -0.6442498
vn 0.57061213 -0.59313369 -0.56797391
vn 0.64423859 -0.41219714 -0.64424378
vn 0.64424461 -0.41217858 -0.6442498
vn 0.57057959 -0.59319764 -0.56793958
vn 0.43155345 -0.79458958 -0.42707023
vn 0.57061213 -0.59313369 -0.56797391
vn 0.57057959 -0.59319764 -0.56793958
vn 0.43059108 -0.79562312 -0.42611644
vn 0.28015211 -0.91528517 -0.28942659
vn 0.43155345 -0.79458958 -0.42707023
vn 0.43059108 -0.79562312 -0.42611644
vn 0.27972651 -0.91551679 -0.28910559
vn 0.16964597 -0.96767581 -0.18661185
vn 0.28015211 -0.91528517 -0.28942659
vn 0.27972651 -0.91551679 -0.28910559
vn 0.17544886 -0.96539921 -0.19293027
vn -0.18009685 -0.9667303 0.18165237
vn -0.12303469 -0.98460525 0.12415694
vn -0.12303469 -0.98460525 0.12415694
vn -0.17955005 -0.9669354 0.18110143
vn 0.11616952 -0.98489779 -0.12837778
vn 0.16964597 -0.96767581 -0.18661185
vn 0.17544886 -0.96539921 -0.19293027
vn 0.11616952 -0.98489779 -0.12837778
vn -0.64420116 -0.41227761 -0.64422977
vn -0.69735867 -0.1654533 -0.69736373
vn -0.69735861 -0.16545342 -0.69736367
vn -0.64424288 -0.41214722 -0.64427149
vn -0.56113571 -0.59080052 -0.5797255
vn -0.64420116 -0.41227761 -0.64422977
vn -0.64424288 -0.41214722 -0.64427149
vn -0.56176078 -0.58978933 -0.58014923
vn -0.41708952 -0.79063165 -0.44826099
vn -0.56113571 -0.59080052 -0.5797255
vn -0.56176078 -0.58978933 -0.58014923
vn -0.41174361 -0.79661614 -0.442572
vn -0.27657449 -0.91651231 -0.28898379
vn -0.41708952 -0.79063165 -0.44826099
vn -0.41174361 -0.79661614 -0.442572
vn -0.2762821 -0.91672111 -0.28860122
vn -0.18051289 -0.96684611 -0.18062069
vn -0.27657449 -0.91651231 -0.28898379
vn -0.2762821 -0.91672111 -0.28860122
vn -0.18045926 -0.96686608 -0.18056715
vn 0.12364472 -0.9845674 0.12385125
vn 0.18050659 -0.96684933 0.18060946
vn 0.18050654 -0.96684933 0.18060943
vn 0.12364472 -0.9845674 0.12385125
vn -0.12360409 -0.98457831 -0.12380453
vn -0.18051289 -0.96684611 -0.18062069
vn -0.18045926 -0.96686608 -0.18056715
vn -0.12360409 -0.98457831 -0.12380453
vn -0.71084267 -0.0159938 0.70316923
vn -0.71394932 -0.02777387 0.69964641
vn -0.71394932 -0.02777387 0.69964641
vn -0.71084172 -0.0159903 0.7031703
vn -0.70548213 0.0014742191 -0.70872605
vn -0.7018528 0.0012962401 -0.71232086
vn -0.70223886 0.0016145024 -0.71193963
vn -0.70547974 0.0014764563 -0.70872855
vn 0.71195292 -0.022075636 0.7018801
vn 0.70816052 -0.0055105132 0.70602995
vn 0.70816499 -0.0055204588 0.70602542
vn 0.71194071 -0.0220057 0.70189464
vn 0.70872581 0.0014725793 0.70548248
vn 0.70710772 -4.8906685e-07 0.70710582
vn 0.70710772 -4.8840667e-07 0.70710588
vn 0.70872837 0.001474821 0.70547998
vn -0.71696377 0.0010057449 -0.69710964
vn -0.70470613 -0.0078609409 -0.70945579
vn -0.70461076 -0.0078997947 -0.70955014
vn -0.71693623 0.0010064223 -0.69713813
vn 0.70362079 -0.013134954 0.71045423
vn 0.7010932 -0.027783085 0.71252823
vn 0.7010932 -0.027783085 0.71252823
vn 0.70362055 -0.01313704 0.71045452
vn -0.70710516 8.0117445e-07 -0.70710844
vn -0.70548213 0.0014742191 -0.70872605
vn -0.70547974 0.0014764563 -0.70872855
vn -0.70710516 8.0169161e-07 -0.70710838
vn -0.71404457 -0.02877325 -0.69950879
vn -0.71077007 -0.014808639 -0.70326841
vn -0.71076751 -0.01479782 -0.70327127
vn -0.71404457 -0.02877325 -0.69950879
vn 0.70710772 -4.8906685e-07 0.70710582
vn 0.70718336 0.00014361399 0.70703018
vn 0.70718336 0.00014361802 0.70703018
vn 0.70710772 -4.8840667e-07 0.70710588
vn 0.71419758 -0.035431873 0.69904685
vn 0.71195292 -0.022075636 0.7018801
vn 0.71194071 -0.0220057 0.70189464
vn 0.71419758 -0.035431873 0.69904685
vn -0.70470613 -0.0078609409 -0.70945579
vn -0.6830312 -0.016550466 -0.73020172
vn -0.6830312 -0.016550466 -0.73020172
vn -0.70461076 -0.0078997947 -0.70955014
vn -0.70718044 -0.00014341497 -0.7070331
vn -0.70710516 8.0117445e-07 -0.70710844
vn -0.70710516 8.0169161e-07 -0.70710838
vn -0.70718038 -0.00014341893 -0.70703316
vn 0.70718336 0.00014361399 0.70703018
vn 0.7066251 0.00089899189 0.70758748
vn 0.70662493 0.00089919707 0.70758778
vn 0.70718336 0.00014361802 0.70703018
vn 0.71100485 0.0026277252 -0.70318216
vn 0.71232218 0.001295424 -0.70185137
vn 0.71194082 0.0016135057 -0.70223743
vn 0.7110039 0.0026282023 -0.70318323
vn -0.70872229 0.0014716785 0.70548612
vn -0.71231717 0.0012949479 0.70185655
vn -0.71193582 0.0016128921 0.70224273
vn -0.70872474 0.0014739184 0.70548356
vn -0.7072978 -0.00056037819 -0.7069155
vn -0.70718044 -0.00014341497 -0.7070331
vn -0.70718038 -0.00014341893 -0.70703316
vn -0.70729786 -0.00056056952 -0.7069155
vn -0.70185894 0.0012957571 0.71231478
vn -0.70775664 0.00032740217 0.70645624
vn -0.70775086 0.00033132755 0.70646203
vn -0.702245 0.0016139001 0.71193355
vn 0.7066251 0.00089899189 0.70758748
vn 0.70362079 -0.013134954 0.71045423
vn 0.70362055 -0.01313704 0.71045452
vn 0.70662493 0.00089919707 0.70758778
vn 0.7209506 -0.0029345572 -0.69298023
vn 0.71100485 0.0026277252 -0.70318216
vn 0.7110039 0.0026282023 -0.70318323
vn 0.72087491 -0.0028914234 -0.69305921
vn -0.71077007 -0.014808639 -0.70326841
vn -0.7072978 -0.00056037819 -0.7069155
vn -0.70729786 -0.00056056952 -0.7069155
vn -0.71076751 -0.01479782 -0.70327127
vn -0.7071045 -2.6705615e-07 0.70710909
vn -0.70872229 0.0014716785 0.70548612
vn -0.70872474 0.0014739184 0.70548356
vn -0.70710444 -2.6722938e-07 0.70710897
vn -0.70775664 0.00032740217 0.70645624
vn -0.71414679 -0.0068335594 0.69996256
vn -0.71415985 -0.0068573691 0.69994897
vn -0.70775086 0.00033132755 0.70646203
vn 0.70552164 0.0014652835 -0.70868683
vn 0.70710462 2.0914101e-06 -0.70710903
vn 0.7071045 2.0917862e-06 -0.70710903
vn 0.70551431 0.0014720645 -0.7086941
vn 0.70550483 0.0001060463 0.70870507
vn 0.70550483 0.0001060463 0.70870507
vn 0.70550662 0.00010622354 0.70870328
vn 0.70550668 0.00010622346 0.70870328
vn -0.70097357 -0.0081842495 -0.71314031
vn -0.70097357 -0.0081842495 -0.71314031
vn -0.69955945 -0.0014376357 -0.71457297
vn -0.69955927 -0.0014367651 -0.71457309
vn -0.70742732 -1.6503116e-05 0.70678604
vn -0.70742732 -1.6503116e-05 0.70678604
vn -0.70742875 -1.3392591e-05 0.70678478
vn -0.70742875 -1.3392748e-05 0.70678467
vn 0.00089463161 -0.67105806 -0.74140429
vn 0.00089384039 -0.67197722 -0.7405712
vn 0.0009688632 -0.57059419 -0.8212316
vn 0.81381428 -0.58112305 0.0014759329
vn 0.81456304 -0.58007318 0.0014379054
vn 0.77851933 -0.62761909 0.0013764855
vn 0.73611087 -0.67685962 0.0013332069
vn -0.0012811287 -0.58021706 0.81446081
vn 0.00081577396 -0.67818123 0.73489428
vn 0.0014258289 -0.70475924 0.70944512
vn -0.81397539 -0.58089811 -0.001183503
vn -0.73510849 -0.67794865 -0.0010572212
vn -0.73527128 -0.6777721 -0.0010574799
vn 0.0014258289 -0.70475924 0.70944512
vn 0.00081577396 -0.67818123 0.73489428
vn 0.0032040221 -0.77719873 0.62924701
vn 0.0032040221 -0.77719873 0.62924701
vn -0.69955927 -0.0014367651 -0.71457309
vn -0.69955945 -0.0014376357 -0.71457297
vn -0.69661146 0.012126712 -0.71734607
vn 0.70707971 1.6718725e-05 -0.70713377
vn 0.70707971 1.6710293e-05 -0.70713383
vn 0.7070778 2.1685069e-05 -0.70713568
vn 0.70550668 0.00010622346 0.70870328
vn 0.70550662 0.00010622354 0.70870328
vn 0.7055102 0.00010657992 0.7086997
vn 0.7055102 0.00010657992 0.7086997
vn -0.70742875 -1.3392748e-05 0.70678467
vn -0.70742875 -1.3392591e-05 0.70678478
vn -0.7074315 -7.1384179e-06 0.70678192
vn 0.00089463161 -0.67105806 -0.74140429
vn 0.00079066696 -0.77323383 -0.6341204
vn 0.00089384039 -0.67197722 -0.7405712
vn 0.77851933 -0.62761909 0.0013764855
vn 0.81456304 -0.58007318 0.0014379054
vn 0.81619674 -0.5777725 0.0013546834
vn -0.73510849 -0.67794865 -0.0010572212
vn -0.63093829 -0.77583247 -0.00089271838
vn -0.73527128 -0.6777721 -0.0010574799
vn 0.77851933 -0.62761909 0.0013764855
vn 0.63333732 -0.77387494 0.0011447854
vn 0.73611087 -0.67685962 0.0013332069
vn 0.99230611 -0.12363454 -0.0065685003
vn 0.9912222 -0.13207315 -0.0059338389
vn 0.99994642 -0.0073163114 -0.0073161726
vn 0.99994642 -0.0073163114 -0.0073161726
vn -0.71232057 0.001294781 -0.7018531
vn -0.7119391 0.001612686 -0.70223945
vn -0.71387148 0 -0.70027667
vn -0.71387148 0 -0.70027667
vn 3.3682767e-07 -0.12968732 0.99155492
vn 3.635931e-07 -0.12121703 0.99262601
vn 0 0 1
vn 0 0 1
vn 1.8179645e-07 -0.12121844 -0.99262589
vn 1.6841376e-07 -0.12968875 -0.9915548
vn 0 0 -1
vn 0 0 -1
vn -0.70223886 0.0016145024 -0.71193963
vn -0.7018528 0.0012962401 -0.71232086
vn -0.70027763 0 -0.71387064
vn -0.70027763 0 -0.71387064
vn 0.9914704 -0.13032921 -0.00081806933
vn 0.99254721 -0.12185919 -0.00067658385
vn 1 0 0
vn 1 0 0
vn -0.69735861 -0.16545342 -0.69736367
vn -0.69735867 -0.1654533 -0.69736373
vn -0.70710313 0 -0.7071104
vn -0.70710313 0 -0.7071104
vn -0.71193582 0.0016128921 0.70224273
vn -0.71231717 0.0012949479 0.70185655
vn -0.71386743 0 0.7002809
vn -0.71386743 0 0.7002809
vn 0.70224363 0.0016122842 0.71193486
vn 0.70185745 0.0012944607 0.71231627
vn 0.70028162 0 0.71386671
vn 0.70028162 0 0.71386671
vn -0.99254727 -0.12185857 -0.00067549496
vn -0.99147052 -0.13032877 -0.00081705622
vn -1 0 0
vn -1 0 0
vn -0.6973598 -0.16545254 0.69736266
vn -0.6973598 -0.16545263 0.69736272
vn -0.70710474 0 0.70710886
vn -0.70710474 0 0.70710886
vn 0.71194082 0.0016135057 -0.70223743
vn 0.71232218 0.001295424 -0.70185137
vn 0.71387219 0 -0.70027596
vn 0.71387219 0 -0.70027596
vn -0.00082620286 -0.13032614 -0.99147087
vn -0.00070087926 -0.1218492 -0.99254841
vn 0 0 -1
vn 0 0 -1
vn 0.69735962 -0.16545287 -0.69736278
vn 0.69735962 -0.165453 -0.69736278
vn 0.70710427 0 -0.70710945
vn 0.70710427 0 -0.70710945
vn -0.9914704 -0.13032892 0.00082029286
vn -0.99254739 -0.1218574 0.00068217062
vn -1 0 0
vn -1 0 0
vn 0.69736069 -0.16545245 0.69736177
vn 0.69736075 -0.16545238 0.69736177
vn 0.70710576 0 0.70710778
vn 0.70710576 0 0.70710778
vn -0.00070262514 -0.12184697 0.99254864
vn -0.00082787225 -0.13032469 0.99147105
vn 0 0 1
vn 0 0 1
vn -0.70185894 0.0012957571 0.71231478
vn -0.702245 0.0016139001 0.71193355
vn -0.70028371 0 0.71386462
vn -0.70028371 0 0.71386462
vn 0.70708066 1.4235473e-05 -0.70713288
vn 0.70708066 1.4235473e-05 -0.70713288
vn 0.70707971 1.6710293e-05 -0.70713383
vn 0.70707971 1.6718725e-05 -0.70713377
vn 0.34694555 -0.93788528 -5.4838488e-08
vn 0.52573168 -0.85065049 1.2430792e-08
vn 0.52573162 -0.85065049 0
vn 0.34694532 -0.93788534 0
vn 0.72645408 -0.68721503 2.5455256e-07
vn 0.88468343 -0.46619168 0.00077741349
vn 0.88484013 -0.46589369 0.0010396931
vn 0.72645414 -0.68721497 0
vn 0.95222038 -0.30541167 8.6731397e-06
vn 0.9912222 -0.13207315 -0.0059338389
vn 0.99230611 -0.12363454 -0.0065685003
vn 0.95214933 -0.3056277 -0.0018614314
vn 0.70188105 0.0012878109 -0.71229303
vn 0.70552164 0.0014652835 -0.70868683
vn 0.70551431 0.0014720645 -0.7086941
vn 0.70227987 0.0016091116 -0.7118991
vn -0.52573192 -0.85065031 0
vn -0.7264533 -0.68721581 0
vn -0.68317044 -0.73025894 0
vn -0.49164501 -0.87079567 0
vn -0.7264533 -0.68721581 0
vn -0.88468307 -0.46619222 0.00077636947
vn -0.8715862 -0.49024197 0.00037903013
vn -0.68317044 -0.73025894 0
vn 0.7002793 0 -0.71386898
vn 0.70188105 0.0012878109 -0.71229303
vn 0.70227987 0.0016091116 -0.7118991
vn 0.7002793 0 -0.71386898
vn 0.52573168 -0.85065049 1.2430792e-08
vn 0.72645408 -0.68721503 2.5455256e-07
vn 0.72645414 -0.68721497 0
vn 0.52573162 -0.85065049 0
vn 0.88468343 -0.46619168 0.00077741349
vn 0.95222038 -0.30541167 8.6731397e-06
vn 0.95214933 -0.3056277 -0.0018614314
vn 0.88484013 -0.46589369 0.0010396931
vn -0.34694573 -0.93788522 3.6427945e-08
vn -0.52573192 -0.85065031 0
vn -0.49164501 -0.87079567 0
vn -0.29801723 -0.9545604 1.0705523e-07
vn 5.3780802e-08 -1 1.2441612e-08
vn -0.34694573 -0.93788522 3.6427945e-08
vn -0.29801723 -0.9545604 1.0705523e-07
vn 4.7966164e-08 -1 2.4883212e-08
vn 5.3780802e-08 -1 1.2441612e-08
vn 0.34694555 -0.93788528 -5.4838488e-08
vn 0.34694532 -0.93788534 0
vn 9.7783257e-08 -0.99999994 0
vn -0.88468307 -0.46619222 0.00077636947
vn -0.95142037 -0.30789 0.0017898788
vn -0.94724417 -0.320508 0.0016982714
vn -0.8715862 -0.49024197 0.00037903013
vn -0.95142037 -0.30789 0.0017898788
vn -0.9914704 -0.13032892 0.00082029286
vn -0.94724417 -0.320508 0.0016982714
vn 0 -0.68721545 0.72645366
vn -1.238185e-07 -0.85020328 0.52645457
vn -3.5623893e-07 -0.87020546 0.49268892
vn 0 -0.73025882 0.68317056
vn -0.00082787225 -0.13032469 0.99147105
vn -0.0017892485 -0.30790249 0.95141631
vn -0.0016552731 -0.32052875 0.94723731
vn -1.238185e-07 -0.85020328 0.52645457
vn -1.2408685e-07 -0.93776232 0.34727758
vn -1.30899e-07 -0.95466089 0.29769564
vn -3.5623893e-07 -0.87020546 0.49268892
vn 1.2364845e-07 -0.93788505 -0.346946
vn 0 -0.99999994 -0.00049562159
vn 0 -0.99999994 -0.00049526966
vn 0 -0.93788511 -0.34694591
vn 1.234088e-07 -0.85065025 -0.52573204
vn 1.2364845e-07 -0.93788505 -0.346946
vn 0 -0.93788511 -0.34694591
vn 0 -0.85065019 -0.52573216
vn -0.00075796701 -0.46620992 -0.88467383
vn 0 -0.68721545 -0.7264536
vn 0 -0.68721515 -0.7264539
vn -0.0010381214 -0.46591446 -0.88482916
vn -0.00082620286 -0.13032614 -0.99147087
vn -0.0017880916 -0.30790243 -0.95141625
vn -0.0017300345 -0.30730295 -0.95161009
vn -0.00070087926 -0.1218492 -0.99254841
vn 0.71231824 0.001295271 0.70185548
vn 0.70872581 0.0014725793 0.70548248
vn 0.70872837 0.001474821 0.70547998
vn 0.71193683 0.0016132946 0.70224166
vn -0.0017892485 -0.30790249 0.95141631
vn -0.00075826416 -0.46621108 0.88467312
vn -0.00035135288 -0.49025401 0.87157965
vn -0.0016552731 -0.32052875 0.94723731
vn -0.00075826416 -0.46621108 0.88467312
vn 0 -0.68721545 0.72645366
vn 0 -0.73025882 0.68317056
vn -0.00035135288 -0.49025401 0.87157965
vn -1.2408685e-07 -0.93776232 0.34727758
vn 0 -0.99999994 -0.00049562159
vn 0 -1 -0.00018685128
vn -1.30899e-07 -0.95466089 0.29769564
vn 0 -0.68721545 -0.7264536
vn 1.234088e-07 -0.85065025 -0.52573204
vn 0 -0.85065019 -0.52573216
vn 0 -0.68721515 -0.7264539
vn -0.0017880916 -0.30790243 -0.95141625
vn -0.00075796701 -0.46620992 -0.88467383
vn -0.0010381214 -0.46591446 -0.88482916
vn -0.0017300345 -0.30730295 -0.95161009
vn 0.71386886 0 0.70027947
vn 0.71231824 0.001295271 0.70185548
vn 0.71193683 0.0016132946 0.70224166
vn 0.71386886 0 0.70027947
vn 0.72725379 -0.6863687 0
vn 0.88580626 -0.46405455 -0.00077997445
vn 0.87306339 -0.4876065 -0.00038401579
vn 0.6830135 -0.73040587 0
vn 0.88580626 -0.46405455 -0.00077997445
vn 0.95142108 -0.30788735 -0.0017901974
vn 0.94724548 -0.32050446 -0.0017079504
vn 0.87306339 -0.4876065 -0.00038401579
vn 0.34694588 -0.93788522 -5.4711379e-08
vn 0.52467263 -0.85130411 -3.041043e-08
vn 0.49109668 -0.87110496 -8.7432575e-08
vn 0.29801655 -0.9545607 -1.0340693e-07
vn -0.52573216 -0.85065013 -1.1016215e-07
vn -0.72645342 -0.68721575 -1.7277907e-07
vn -0.72645372 -0.68721533 0
vn -0.52573293 -0.85064971 0
vn -0.88468552 -0.4661876 -0.00078072469
vn -0.95142132 -0.30788678 -0.0017902072
vn -0.95161629 -0.30728412 -0.0017055641
vn -0.88484281 -0.46588844 -0.0010390908
vn -0.34694615 -0.93788505 9.7303541e-08
vn -0.52573216 -0.85065013 -1.1016215e-07
vn -0.52573293 -0.85064971 0
vn -0.34694672 -0.93788481 0
vn 3.6668729e-07 -1 1.2417627e-08
vn 0.34694588 -0.93788522 -5.4711379e-08
vn 0.29801655 -0.9545607 -1.0340693e-07
vn -3.837291e-08 -1 2.4835289e-08
vn 0.95142108 -0.30788735 -0.0017901974
vn 0.9914704 -0.13032921 -0.00081806933
vn 0.94724548 -0.32050446 -0.0017079504
vn 0.52467263 -0.85130411 -3.041043e-08
vn 0.72725379 -0.6863687 0
vn 0.6830135 -0.73040587 0
vn 0.49109668 -0.87110496 -8.7432575e-08
vn 3.6668729e-07 -1 1.2417627e-08
vn -0.34694615 -0.93788505 9.7303541e-08
vn -0.34694672 -0.93788481 0
vn 7.0403962e-07 -1 0
vn -0.72645342 -0.68721575 -1.7277907e-07
vn -0.88468552 -0.4661876 -0.00078072469
vn -0.88484281 -0.46588844 -0.0010390908
vn -0.72645372 -0.68721533 0
vn -0.95142132 -0.30788678 -0.0017902072
vn -0.99147052 -0.13032877 -0.00081705622
vn -0.99254727 -0.12185857 -0.00067549496
vn -0.95161629 -0.30728412 -0.0017055641
vn 0 -0.46657109 -0.8844837
vn 0 -0.68721551 -0.72645366
vn 0 -0.73025912 -0.6831702
vn 0 -0.49030039 -0.87155348
vn 0 -0.68721527 0.72645372
vn 0 -0.85065025 0.52573204
vn 0 -0.85065031 0.5257321
vn 0 -0.68721551 0.72645366
vn 1.8161012e-07 -0.3078433 0.95143706
vn 0 -0.46657234 0.88448298
vn 0 -0.46657264 0.88448292
vn 3.6179583e-07 -0.30784282 0.95143718
vn 0 -0.93788522 0.34694588
vn 0 -1 9.7783284e-09
vn 0 -1 -3.5201978e-07
vn 0 -0.93788522 0.34694564
vn 0 -0.68721551 -0.72645366
vn 1.2247126e-07 -0.85065049 -0.52573156
vn 3.5120311e-07 -0.87059867 -0.49199393
vn 0 -0.73025912 -0.6831702
vn 1.6841376e-07 -0.12968875 -0.9915548
vn 9.0804988e-08 -0.30784339 -0.95143712
vn 0 -0.31993559 -0.94743925
vn 1.2247126e-07 -0.85065049 -0.52573156
vn 1.2270904e-07 -0.93788511 -0.346946
vn 1.3140343e-07 -0.95431566 -0.29880038
vn 3.5120311e-07 -0.87059867 -0.49199393
vn 9.0804988e-08 -0.30784339 -0.95143712
vn 0 -0.46657109 -0.8844837
vn 0 -0.49030039 -0.87155348
vn 0 -0.31993559 -0.94743925
vn 1.2270904e-07 -0.93788511 -0.346946
vn 0 -1 9.7783284e-09
vn 0 -0.99999273 0.0038290143
vn 1.3140343e-07 -0.95431566 -0.29880038
vn 0 -0.46657234 0.88448298
vn 0 -0.68721527 0.72645372
vn 0 -0.68721551 0.72645366
vn 0 -0.46657264 0.88448292
vn 3.3682767e-07 -0.12968732 0.99155492
vn 1.8161012e-07 -0.3078433 0.95143706
vn 3.6179583e-07 -0.30784282 0.95143718
vn 3.635931e-07 -0.12121703 0.99262601
vn 0 -0.85065025 0.52573204
vn 0 -0.93788522 0.34694588
vn 0 -0.93788522 0.34694564
vn 0 -0.85065031 0.5257321
vn 0.34727776 -0.93776232 0
vn -0.00049533806 -0.99999994 0
vn -0.00049598335 -0.99999994 -5.2112124e-09
vn 0.34727803 -0.93776226 9.864349e-08
vn -1.5644382e-07 -0.9545604 -0.29801759
vn 3.508604e-07 -0.87079537 -0.4916456
vn 1.2197587e-07 -0.85065001 -0.52573234
vn 2.5071506e-08 -0.93788499 -0.34694633
vn 3.508604e-07 -0.87079537 -0.4916456
vn 0 -0.73025852 -0.68317091
vn 4.1332808e-07 -0.68721485 -0.72645426
vn 1.2197587e-07 -0.85065001 -0.52573234
vn 0 -0.73025852 -0.68317091
vn 0.00037840361 -0.49024144 -0.87158662
vn 0.00077676564 -0.46619195 -0.88468331
vn 4.1332808e-07 -0.68721485 -0.72645426
vn 0.00037840361 -0.49024144 -0.87158662
vn 0.0016710581 -0.3176907 -0.94819295
vn 7.9217125e-06 -0.30541176 -0.95222032
vn 0.00077676564 -0.46619195 -0.88468331
vn 0.0016710581 -0.3176907 -0.94819295
vn -0.0059336936 -0.13207266 -0.99122238
vn 7.9217125e-06 -0.30541176 -0.95222032
vn 3.6595286e-14 -1 1.5349175e-07
vn 2.8493019e-07 -0.9545604 0.29801735
vn 9.6953848e-08 -0.93788499 0.3469463
vn 1.8650683e-14 -1 -4.0091149e-07
vn 0.4916456 -0.87079531 3.4912179e-07
vn 0.52573246 -0.85064995 2.9082619e-07
vn 0.7264539 -0.68721527 0
vn 0.6831705 -0.73025882 0
vn 0.6831705 -0.73025882 0
vn 0.7264539 -0.68721527 0
vn 0.88448322 -0.46657202 -1.1025291e-07
vn 0.87155318 -0.49030119 -1.6255275e-07
vn 0.87155318 -0.49030119 -1.6255275e-07
vn 0.88448322 -0.46657202 -1.1025291e-07
vn 0.95143706 -0.30784336 -2.9155154e-07
vn 0.94743919 -0.31993583 -2.5986739e-07
vn 0.94743919 -0.31993583 -2.5986739e-07
vn 0.95143706 -0.30784336 -2.9155154e-07
vn 0.99155486 -0.12968802 -3.3682781e-07
vn 0 -0.93788487 -0.34694657
vn 0 -0.8513037 -0.52467322
vn 0 -0.85130382 -0.5246731
vn -9.6954054e-08 -0.93788499 -0.34694642
vn 0 -1 1.1440645e-06
vn 0 -0.93788493 0.34694675
vn 2.1935409e-07 -0.93788499 0.34694654
vn 1.5853081e-13 -1 5.8669974e-07
vn -0.29801792 -0.95456028 -1.8777004e-07
vn -0.34694663 -0.93788487 -1.0350543e-07
vn -0.52573276 -0.85064977 -6.1704277e-08
vn -0.49100691 -0.87115562 -1.7849084e-07
vn -0.49100691 -0.87115562 -1.7849084e-07
vn -0.52573276 -0.85064977 -6.1704277e-08
vn -0.72645354 -0.68721569 0
vn -0.68436706 -0.72913766 0
vn -0.68436706 -0.72913766 0
vn -0.72645354 -0.68721569 0
vn -0.88467306 -0.46621117 0.00075830566
vn -0.87194866 -0.48959711 0.00035529249
vn -0.87194866 -0.48959711 0.00035529249
vn -0.88467306 -0.46621117 0.00075830566
vn -0.95141625 -0.30790228 0.0017873447
vn -0.94723731 -0.32052889 0.0016525261
vn -0.94723731 -0.32052889 0.0016525261
vn -0.95141625 -0.30790228 0.0017873447
vn -0.99147099 -0.13032451 0.00082786585
vn -3.6595269e-14 -1 -2.0145784e-07
vn -1.5644382e-07 -0.9545604 -0.29801759
vn 2.5071506e-08 -0.93788499 -0.34694633
vn 1.5853081e-13 -1 5.8669974e-07
vn -3.8315011e-07 -0.87079531 0.49164563
vn -1.2051719e-06 -0.73025966 0.6831696
vn -9.7451402e-07 -0.68721569 0.72645354
vn -3.419797e-07 -0.85065031 0.52573186
vn -1.2051719e-06 -0.73025966 0.6831696
vn -0.00038519877 -0.49023885 0.87158805
vn -0.00078092888 -0.46618748 0.88468564
vn -9.7451402e-07 -0.68721569 0.72645354
vn -0.00038519877 -0.49023885 0.87158805
vn -0.0017085985 -0.32050386 0.9472456
vn -0.0017903261 -0.30788732 0.95142108
vn -0.00078092888 -0.46618748 0.88468564
vn -0.0017085985 -0.32050386 0.9472456
vn -0.00081806927 -0.13032936 0.99147034
vn -0.0017903261 -0.30788732 0.95142108
vn 2.8493019e-07 -0.9545604 0.29801735
vn -3.8315011e-07 -0.87079531 0.49164563
vn -3.419797e-07 -0.85065031 0.52573186
vn 9.6953848e-08 -0.93788499 0.3469463
vn 0.0010394187 -0.4658941 0.88483983
vn 0.0017122127 -0.30728847 0.95161498
vn 0.0017908198 -0.3078905 0.95142013
vn 0.00077614671 -0.46619236 0.88468301
vn 0 -0.85065031 0.5257318
vn 0 -0.68721569 0.72645342
vn -3.8467451e-07 -0.68721569 0.72645342
vn -4.9723091e-08 -0.85065025 0.52573198
vn 0.0017122127 -0.30728847 0.95161498
vn 0.0006818074 -0.12185752 0.99254739
vn 0.00082025735 -0.13032906 0.99147034
vn 0.0017908198 -0.3078905 0.95142013
vn 0 -0.68721569 0.72645342
vn 0.0010394187 -0.4658941 0.88483983
vn 0.00077614671 -0.46619236 0.88468301
vn -3.8467451e-07 -0.68721569 0.72645342
vn 0.29801714 -0.95456046 3.6992921e-07
vn 0.34694591 -0.93788511 4.6565606e-07
vn 0.52573246 -0.85064995 2.9082619e-07
vn 0.4916456 -0.87079531 3.4912179e-07
vn 0.95161057 -0.30730167 0.0017325392
vn 0.88482851 -0.46591571 0.0010394155
vn 0.8846733 -0.46621069 0.0007584613
vn 0.95141631 -0.30790251 0.0017892618
vn 0.72645366 -0.68721545 0
vn 0.52645469 -0.85020316 0
vn 0.52645487 -0.85020304 6.1909148e-08
vn 0.7264536 -0.68721545 0
vn 0 -1 -7.8226617e-07
vn 0 -0.93788487 -0.34694657
vn -9.6954054e-08 -0.93788499 -0.34694642
vn 1.8650683e-14 -1 -4.0091149e-07
vn 0.99254864 -0.12184692 0.00070209836
vn 0.95161057 -0.30730167 0.0017325392
vn 0.95141631 -0.30790251 0.0017892618
vn 0.99147105 -0.13032472 0.00082738802
vn 0.88482851 -0.46591571 0.0010394155
vn 0.72645366 -0.68721545 0
vn 0.7264536 -0.68721545 0
vn 0.8846733 -0.46621069 0.0007584613
vn 0.52645469 -0.85020316 0
vn 0.34727776 -0.93776232 0
vn 0.34727803 -0.93776226 9.864349e-08
vn 0.52645487 -0.85020304 6.1909148e-08
vn -0.0017066465 -0.30728471 -0.95161617
vn -0.00067658082 -0.12185924 -0.99254715
vn -0.0008178663 -0.13032952 -0.9914704
vn -0.0017893382 -0.30788797 -0.95142096
vn 0 -0.68636841 -0.72725391
vn -0.00103883 -0.46375492 -0.88596284
vn -0.00077983341 -0.46405444 -0.88580638
vn 0 -0.68636847 -0.72725385
vn 0 -0.93788493 0.34694675
vn 0 -0.85065031 0.5257318
vn -4.9723091e-08 -0.85065025 0.52573198
vn 2.1935409e-07 -0.93788499 0.34694654
vn -0.00103883 -0.46375492 -0.88596284
vn -0.0017066465 -0.30728471 -0.95161617
vn -0.0017893382 -0.30788797 -0.95142096
vn -0.00077983341 -0.46405444 -0.88580638
vn 0 -0.8513037 -0.52467322
vn 0 -0.68636841 -0.72725391
vn 0 -0.68636847 -0.72725385
vn 0 -0.85130382 -0.5246731
vn -0.0001873974 -1 -1.022361e-08
vn -0.00049598335 -0.99999994 -5.2112124e-09
vn -0.34694663 -0.93788487 -1.0350543e-07
vn -0.29801792 -0.95456028 -1.8777004e-07
vn -0.99262601 -0.121217 0
vn -0.95143712 -0.30784315 0
vn -0.95143706 -0.3078433 0
vn -0.99155492 -0.1296872 0
vn -0.88448274 -0.46657276 0
vn -0.72645372 -0.68721551 0
vn -0.72645372 -0.68721533 0
vn -0.88448286 -0.46657267 0
vn -0.52573162 -0.85065043 0
vn -0.34694606 -0.93788505 0
vn -0.34694612 -0.93788511 -2.2645861e-07
vn -0.52573192 -0.85065037 -1.5308889e-07
vn 0.0038288748 -0.99999267 2.3550246e-08
vn -8.213795e-07 -1 1.0368417e-07
vn 0.34694591 -0.93788511 4.6565606e-07
vn 0.29801714 -0.95456046 3.6992921e-07
vn -0.95143712 -0.30784315 0
vn -0.88448274 -0.46657276 0
vn -0.88448286 -0.46657267 0
vn -0.95143706 -0.3078433 0
vn -0.72645372 -0.68721551 0
vn -0.52573162 -0.85065043 0
vn -0.52573192 -0.85065037 -1.5308889e-07
vn -0.72645372 -0.68721533 0
vn -0.34694606 -0.93788505 0
vn -1.5938674e-06 -1 1.8869086e-07
vn -8.213795e-07 -1 1.0368417e-07
vn -0.34694612 -0.93788511 -2.2645861e-07
vn -0.70726264 -0.00021798063 0.70695084
vn -0.69711035 0.0010057216 0.71696317
vn -0.69713873 0.0010063802 0.71693569
vn -0.70726341 -0.00021883448 0.70695013
vn -0.71401548 -0.028052237 -0.69956774
vn -0.71039945 -0.011909056 -0.70369804
vn -0.71039826 -0.011903942 -0.70369929
vn -0.71401548 -0.028052237 -0.69956774
vn 0.70603269 -0.0055060661 -0.70815802
vn 0.7070685 0.00095779932 -0.7071445
vn 0.70706862 0.00095534214 -0.70714414
vn 0.7060281 -0.0055160006 -0.70816237
vn -0.70341325 -0.014037691 -0.7106424
vn -0.6995613 -0.028076569 -0.71402085
vn -0.6995613 -0.028076569 -0.71402085
vn -0.70341444 -0.014033358 -0.71064126
vn 0.71402025 -0.028083758 0.6995616
vn 0.71064281 -0.0140437 0.70341271
vn 0.71064174 -0.014039037 0.70341402
vn 0.71402025 -0.028083758 0.6995616
vn -0.70710725 3.3405527e-06 -0.70710629
vn -0.70341325 -0.014037691 -0.7106424
vn -0.70341444 -0.014033358 -0.71064126
vn -0.70710731 3.3410224e-06 -0.70710629
vn -0.70813173 -0.00099022058 0.7060796
vn -0.70726264 -0.00021798063 0.70695084
vn -0.70726341 -0.00021883448 0.70695013
vn -0.70813179 -0.00099035166 0.70607954
vn 0.70462292 -0.0090937782 0.70952362
vn 0.70316964 -0.015992656 0.71084225
vn 0.70317072 -0.015989125 0.7108413
vn 0.70461923 -0.0091031576 0.70952725
vn 0.71064281 -0.0140437 0.70341271
vn 0.70710534 4.6469597e-07 0.7071082
vn 0.7071054 4.6421488e-07 0.70710814
vn 0.71064174 -0.014039037 0.70341402
vn 0.7070685 0.00095779932 -0.7071445
vn 0.70721662 0.002310724 -0.7069931
vn 0.70721734 0.0023080965 -0.70699239
vn 0.70706862 0.00095534214 -0.70714414
vn -0.71039945 -0.011909056 -0.70369804
vn -0.70965195 0.013498942 -0.70442301
vn -0.70964122 0.013466273 -0.70443451
vn -0.71039826 -0.011903942 -0.70369929
vn -0.70710611 1.1951537e-06 -0.70710731
vn -0.70710725 3.3405527e-06 -0.70710629
vn -0.70710731 3.3410224e-06 -0.70710629
vn -0.70710617 1.1951852e-06 -0.70710737
vn -0.70581049 0.0013080196 0.70839942
vn -0.70813173 -0.00099022058 0.7060796
vn -0.70813179 -0.00099035166 0.70607954
vn -0.70580757 0.0013105017 0.7084024
vn 0.6999982 -0.012699615 0.71403164
vn 0.70462292 -0.0090937782 0.70952362
vn 0.70461923 -0.0091031576 0.70952725
vn 0.69998705 -0.012694183 0.71404266
vn 0.70710534 4.6469597e-07 0.7071082
vn 0.70710498 1.0951585e-06 0.70710856
vn 0.70710492 1.095165e-06 0.70710856
vn 0.7071054 4.6421488e-07 0.70710814
vn 0.70721662 0.002310724 -0.7069931
vn 0.70905 0.0016381388 -0.70515633
vn 0.70905191 0.0016401235 -0.70515436
vn 0.70721734 0.0023080965 -0.70699239
vn -0.70965195 0.013498942 -0.70442301
vn -0.69821638 0.0072681615 -0.71584988
vn -0.69826394 0.0073183062 -0.71580297
vn -0.70964122 0.013466273 -0.70443451
vn -0.70710504 -1.0682286e-06 -0.7071085
vn -0.70710611 1.1951537e-06 -0.70710731
vn -0.70710617 1.1951852e-06 -0.70710737
vn -0.70710504 -1.0689168e-06 -0.70710838
vn -0.70185465 0.0012959111 0.71231908
vn -0.70581049 0.0013080196 0.70839942
vn -0.70580757 0.0013105017 0.7084024
vn -0.70224112 0.0016140916 0.71193731
vn 0.69996065 -0.0068325596 0.7141487
vn 0.6999982 -0.012699615 0.71403164
vn 0.69998705 -0.012694183 0.71404266
vn 0.699947 -0.0068564117 0.71416181
vn 0.70710498 1.0951585e-06 0.70710856
vn 0.70710671 3.7806322e-07 0.70710689
vn 0.70710671 3.778201e-07 0.70710695
vn 0.70710492 1.095165e-06 0.70710856
vn -0.69821638 0.0072681615 -0.71584988
vn -0.69297951 -0.0029375448 -0.72095126
vn -0.69305843 -0.00289444 -0.72087562
vn -0.69826394 0.0073183062 -0.71580297
vn 0.70905 0.0016381388 -0.70515633
vn 0.71231824 0.0012957493 -0.70185548
vn 0.71193671 0.0016138804 -0.70224178
vn 0.70905191 0.0016401235 -0.70515436
vn 0.64424664 -0.41218084 -0.64424628
vn 0.69736129 -0.16545236 -0.69736141
vn 0.69736129 -0.16545236 -0.69736141
vn 0.64424658 -0.41218084 -0.64424628
vn 0.56896365 -0.59376913 -0.56896269
vn 0.64424664 -0.41218084 -0.64424628
vn 0.64424658 -0.41218084 -0.64424628
vn 0.56896371 -0.59376907 -0.56896275
vn 0.42859349 -0.79537177 -0.42859226
vn 0.56896365 -0.59376913 -0.56896269
vn 0.56896371 -0.59376907 -0.56896275
vn 0.42859334 -0.79537195 -0.42859203
vn 0.28375521 -0.91595149 -0.2837531
vn 0.42859349 -0.79537177 -0.42859226
vn 0.42859334 -0.79537195 -0.42859203
vn 0.2837553 -0.91595149 -0.28375316
vn 0.18061092 -0.96684897 -0.18050702
vn 0.28375521 -0.91595149 -0.2837531
vn 0.2837553 -0.91595149 -0.28375316
vn 0.18061097 -0.96684897 -0.18050703
vn 0.69736189 -0.16545281 0.69736052
vn 0.64424682 -0.4121809 0.64424598
vn 0.64424706 -0.41218027 0.64424616
vn 0.69736189 -0.16545281 0.69736052
vn 0.64424682 -0.4121809 0.64424598
vn 0.56896275 -0.59376931 0.56896335
vn 0.56896287 -0.59376925 0.56896341
vn 0.64424706 -0.41218027 0.64424616
vn 0.56896275 -0.59376931 0.56896335
vn 0.4285869 -0.79537708 0.4285889
vn 0.42859378 -0.79536974 0.42859578
vn 0.56896287 -0.59376925 0.56896341
vn 0.4285869 -0.79537708 0.4285889
vn 0.28438479 -0.91586673 0.28339627
vn 0.28436148 -0.91588128 0.28337246
vn 0.42859378 -0.79536974 0.42859578
vn 0.28438479 -0.91586673 0.28339627
vn 0.18165231 -0.96673054 0.18009579
vn 0.18110122 -0.96693563 0.17954887
vn 0.28436148 -0.91588128 0.28337246
vn -0.64424294 -0.4121958 -0.64424032
vn -0.69736075 -0.16545229 -0.69736177
vn -0.69736081 -0.16545224 -0.69736189
vn -0.6442489 -0.41217723 -0.64424622
vn -0.56797242 -0.59313357 -0.57061362
vn -0.64424294 -0.4121958 -0.64424032
vn -0.6442489 -0.41217723 -0.64424622
vn -0.56793827 -0.59319746 -0.57058126
vn -0.42706808 -0.79459035 -0.4315542
vn -0.56797242 -0.59313357 -0.57061362
vn -0.56793827 -0.59319746 -0.57058126
vn -0.4261148 -0.7956233 -0.43059227
vn -0.28942555 -0.91528481 -0.28015429
vn -0.42706808 -0.79459035 -0.4315542
vn -0.4261148 -0.7956233 -0.43059227
vn -0.28910428 -0.91551667 -0.27972832
vn -0.18660973 -0.96767575 -0.16964778
vn -0.28942555 -0.91528481 -0.28015429
vn -0.28910428 -0.91551667 -0.27972832
vn -0.19292834 -0.96539927 -0.17545076
vn 0.18165231 -0.96673054 0.18009579
vn 0.12415499 -0.98460537 0.12303513
vn 0.12415499 -0.98460537 0.12303513
vn 0.18110122 -0.96693563 0.17954887
vn -0.128374 -0.98489827 -0.11617059
vn -0.18660973 -0.96767575 -0.16964778
vn -0.19292834 -0.96539927 -0.17545076
vn -0.128374 -0.98489827 -0.11617059
vn -0.64423132 -0.41227809 0.64419931
vn -0.69736254 -0.16545244 0.69735992
vn -0.69736266 -0.16545258 0.69735998
vn -0.64427298 -0.41214779 0.64424103
vn -0.57972604 -0.59080219 0.56113321
vn -0.64423132 -0.41227809 0.64419931
vn -0.64427298 -0.41214779 0.64424103
vn -0.58014989 -0.58979106 0.5617584
vn -0.44826189 -0.79063171 0.41708851
vn -0.57972604 -0.59080219 0.56113321
vn -0.58014989 -0.58979106 0.5617584
vn -0.44257322 -0.79661578 0.41174281
vn -0.28898516 -0.91651183 0.27657497
vn -0.44826189 -0.79063171 0.41708851
vn -0.44257322 -0.79661578 0.41174281
vn -0.28860253 -0.91672057 0.27628255
vn -0.18062145 -0.96684533 0.18051592
vn -0.28898516 -0.91651183 0.27657497
vn -0.28860253 -0.91672057 0.27628255
vn -0.18056807 -0.9668653 0.18046246
vn 0.12385073 -0.98456734 -0.12364578
vn 0.18061092 -0.96684897 -0.18050702
vn 0.18061097 -0.96684897 -0.18050703
vn 0.12385073 -0.98456734 -0.12364578
vn -0.12380669 -0.98457754 0.12360863
vn -0.18062145 -0.96684533 0.18051592
vn -0.18056807 -0.9668653 0.18046246
vn -0.12380669 -0.98457754 0.12360863
vn 0.70316964 -0.015992656 0.71084225
vn 0.69964778 -0.027771054 0.71394801
vn 0.69964778 -0.027771054 0.71394801
vn 0.70317072 -0.015989125 0.7108413
vn -0.70872718 0.0014728617 0.70548111
vn -0.71232188 0.0012957527 0.70185173
vn -0.71194065 0.0016138953 0.70223778
vn -0.70872968 0.0014751025 0.70547873
vn 0.70188022 -0.022077059 -0.71195269
vn 0.70603269 -0.0055060661 -0.70815802
vn 0.7060281 -0.0055160006 -0.70816237
vn 0.70189476 -0.02200716 -0.71194059
vn 0.70548338 0.001472234 -0.70872492
vn 0.70710731 -1.0231815e-06 -0.70710635
vn 0.70710719 -1.022867e-06 -0.70710629
vn 0.70548081 0.0014744672 -0.70872736
vn -0.69711035 0.0010057216 0.71696317
vn -0.70945626 -0.0078554275 0.70470566
vn -0.7095505 -0.0078942832 0.70461035
vn -0.69713873 0.0010063802 0.71693569
vn 0.71045619 -0.013137471 -0.70361876
vn 0.7125302 -0.027785633 -0.70109105
vn 0.7125302 -0.027785633 -0.70109105
vn 0.71045655 -0.013139595 -0.70361841
vn -0.70710707 0 0.70710647
vn -0.70872718 0.0014728617 0.70548111
vn -0.70872968 0.0014751025 0.70547873
vn -0.70710701 0 0.70710647
vn -0.69951063 -0.028775387 0.71404266
vn -0.70326912 -0.014811179 0.71076936
vn -0.70327199 -0.014800448 0.71076685
vn -0.69951063 -0.028775387 0.71404266
vn 0.70710731 -1.0231815e-06 -0.70710635
vn 0.70703173 0.00014265846 -0.70718175
vn 0.70703179 0.00014266295 -0.70718175
vn 0.70710719 -1.022867e-06 -0.70710629
vn 0.69904697 -0.035436518 -0.7141971
vn 0.70188022 -0.022077059 -0.71195269
vn 0.70189476 -0.02200716 -0.71194059
vn 0.69904697 -0.035436518 -0.7141971
vn -0.70945626 -0.0078554275 0.70470566
vn -0.73020095 -0.016545113 0.68303216
vn -0.73020095 -0.016545113 0.68303216
vn -0.7095505 -0.0078942832 0.70461035
vn -0.70702958 -0.00014389417 0.70718396
vn -0.70710707 0 0.70710647
vn -0.70710701 0 0.70710647
vn -0.70702952 -0.00014389763 0.70718396
vn 0.70703173 0.00014265846 -0.70718175
vn 0.70758975 0.00089677371 -0.7066229
vn 0.70758992 0.00089697808 -0.70662272
vn 0.70703179 0.00014266295 -0.70718175
vn -0.70318425 0.0026268433 -0.71100283
vn -0.70185536 0.0012955943 -0.71231836
vn -0.70224196 0.0016137061 -0.71193665
vn -0.70318532 0.0026273241 -0.71100181
vn 0.70548207 0.0014730436 0.70872629
vn 0.70185137 0.0012959144 0.71232235
vn 0.70223755 0.0016140956 0.71194088
vn 0.70547956 0.0014752866 0.70872867
vn -0.70691359 -0.00056236918 0.70729971
vn -0.70702958 -0.00014389417 0.70718396
vn -0.70702952 -0.00014389763 0.70718396
vn -0.70691353 -0.00056256278 0.70729965
vn 0.71231735 0.0012952724 0.70185637
vn 0.7064566 0.00032818501 0.70775628
vn 0.70646244 0.00033210634 0.70775044
vn 0.71193635 0.0016132873 0.7022422
vn 0.70758975 0.00089677371 -0.7066229
vn 0.71045619 -0.013137471 -0.70361876
vn 0.71045655 -0.013139595 -0.70361841
vn 0.70758992 0.00089697808 -0.70662272
vn -0.69297951 -0.0029375448 -0.72095126
vn -0.70318425 0.0026268433 -0.71100283
vn -0.70318532 0.0026273241 -0.71100181
vn -0.69305843 -0.00289444 -0.72087562
vn -0.70326912 -0.014811179 0.71076936
vn -0.70691359 -0.00056236918 0.70729971
vn -0.70691353 -0.00056256278 0.70729965
vn -0.70327199 -0.014800448 0.71076685
vn 0.70710671 3.7806322e-07 0.70710689
vn 0.70548207 0.0014730436 0.70872629
vn 0.70547956 0.0014752866 0.70872867
vn 0.70710671 3.778201e-07 0.70710695
vn 0.7064566 0.00032818501 0.70775628
vn 0.69996065 -0.0068325596 0.7141487
vn 0.699947 -0.0068564117 0.71416181
vn 0.70646244 0.00033210634 0.70775044
vn -0.708682 0.001462684 -0.70552659
vn -0.70710504 -1.0682286e-06 -0.7071085
vn -0.70710504 -1.0689168e-06 -0.70710838
vn -0.70868927 0.0014694728 -0.70551926
vn 0.70870149 0.00010726088 -0.70550835
vn 0.70870149 0.00010726088 -0.70550835
vn 0.70870101 0.00010565366 -0.70550895
vn 0.70870095 0.00010565451 -0.70550889
vn -0.71313572 -0.0081842486 0.70097822
vn -0.71313572 -0.0081842486 0.70097822
vn -0.71456987 -0.0014395221 0.69956261
vn -0.71456999 -0.0014386541 0.69956237
vn 0.70678014 -1.56191e-05 0.70743322
vn 0.70678014 -1.56191e-05 0.70743322
vn 0.70678073 -1.648846e-05 0.70743263
vn 0.70678073 -1.6488415e-05 0.70743263
vn -0.74140078 -0.67106193 -0.00088948366
vn -0.74056739 -0.67198157 -0.00088864291
vn -0.82123494 -0.57058942 -0.00096885732
vn 0.001481774 -0.58112329 -0.81381416
vn 0.0014425539 -0.58010489 -0.81454057
vn 0.0013787658 -0.62764853 -0.77849567
vn 0.0013337502 -0.67685854 -0.73611188
vn 0.81446153 -0.58021623 0.0012857424
vn 0.73489159 -0.67818415 -0.00081075798
vn 0.7094537 -0.70475054 -0.0014204166
vn -0.0011828179 -0.58089763 0.81397575
vn -0.001054278 -0.67795032 0.73510695
vn -0.0010545407 -0.67777383 0.73526961
vn 0.7094537 -0.70475054 -0.0014204166
vn 0.73489159 -0.67818415 -0.00081075798
vn 0.62924033 -0.77720422 -0.003198622
vn 0.62924033 -0.77720422 -0.003198622
vn -0.71456999 -0.0014386541 0.69956237
vn -0.71456987 -0.0014395221 0.69956261
vn -0.71734607 0.012120959 0.69661164
vn -0.70713383 1.8045068e-05 -0.70707971
vn -0.70713383 1.8041574e-05 -0.70707971
vn -0.70713568 2.0103455e-05 -0.7070778
vn 0.70870095 0.00010565451 -0.70550889
vn 0.70870101 0.00010565366 -0.70550895
vn 0.70870006 0.00010242222 -0.70551002
vn 0.70870006 0.00010242222 -0.70551002
vn 0.70678073 -1.6488415e-05 0.70743263
vn 0.70678073 -1.648846e-05 0.70743263
vn 0.70678192 -1.8236427e-05 0.7074315
vn -0.74140078 -0.67106193 -0.00088948366
vn -0.63410604 -0.77324575 -0.00077968807
vn -0.74056739 -0.67198157 -0.00088864291
vn 0.0013787658 -0.62764853 -0.77849567
vn 0.0014425539 -0.58010489 -0.81454057
vn 0.0013568142 -0.57787561 -0.81612372
vn -0.001054278 -0.67795032 0.73510695
vn -0.00088724971 -0.77583677 0.63093317
vn -0.0010545407 -0.67777383 0.73526961
vn 0.0013787658 -0.62764853 -0.77849567
vn 0.0011392501 -0.77387279 -0.63334012
vn 0.0013337502 -0.67685854 -0.73611188
vn -0.0065683462 -0.12363402 -0.99230617
vn -0.0059336936 -0.13207266 -0.99122238
vn -0.0073162257 -0.0073161563 -0.99994642
vn -0.0073162257 -0.0073161563 -0.99994642
vn -0.70185465 0.0012959111 0.71231908
vn -0.70224112 0.0016140916 0.71193731
vn -0.70027739 0 0.71387076
vn -0.70027739 0 0.71387076
vn 0.99155486 -0.12968802 -3.3682781e-07
vn 0.99262595 -0.12121782 -3.6359327e-07
vn 1 0 0
vn 1 0 0
vn -0.99262601 -0.121217 0
vn -0.99155492 -0.1296872 0
vn -1 0 0
vn -1 0 0
vn -0.71194065 0.0016138953 0.70223778
vn -0.71232188 0.0012957527 0.70185173
vn -0.71387166 0 0.70027661
vn -0.71387166 0 0.70027661
vn -0.0008178663 -0.13032952 -0.9914704
vn -0.00067658082 -0.12185924 -0.99254715
vn 0 0 -1
vn 0 0 -1
vn -0.69736266 -0.16545258 0.69735998
vn -0.69736254 -0.16545244 0.69735992
vn -0.70710778 0 0.70710576
vn -0.70710778 0 0.70710576
vn 0.70223755 0.0016140956 0.71194088
vn 0.70185137 0.0012959144 0.71232235
vn 0.7002753 0 0.71387291
vn 0.7002753 0 0.71387291
vn 0.71193671 0.0016138804 -0.70224178
vn 0.71231824 0.0012957493 -0.70185548
vn 0.71386945 0 -0.70027882
vn 0.71386945 0 -0.70027882
vn -0.00067658478 -0.12185934 0.99254715
vn -0.00081806927 -0.13032936 0.99147034
vn 0 0 1
vn 0 0 1
vn 0.69736189 -0.16545281 0.69736052
vn 0.69736189 -0.16545281 0.69736052
vn 0.70710731 0 0.70710629
vn 0.70710731 0 0.70710629
vn -0.70224196 0.0016137061 -0.71193665
vn -0.70185536 0.0012955943 -0.71231836
vn -0.7002781 0 -0.71387017
vn -0.7002781 0 -0.71387017
vn -0.99147099 -0.13032451 0.00082786585
vn -0.99254864 -0.12184711 0.00070314889
vn -1 0 0
vn -1 0 0
vn -0.69736081 -0.16545224 -0.69736189
vn -0.69736075 -0.16545229 -0.69736177
vn -0.7071057 0 -0.70710778
vn -0.7071057 0 -0.70710778
vn 0.00082025735 -0.13032906 0.99147034
vn 0.0006818074 -0.12185752 0.99254739
vn 0 -7.4506488e-07 1
vn 0 -7.4506488e-07 1
vn 0.69736129 -0.16545236 -0.69736141
vn 0.69736129 -0.16545236 -0.69736141
vn 0.70710659 0 -0.70710695
vn 0.70710659 0 -0.70710695
vn 0.99254864 -0.12184692 0.00070209836
vn 0.99147105 -0.13032472 0.00082738802
vn 1 0 0
vn 1 0 0
vn 0.71231735 0.0012952724 0.70185637
vn 0.71193635 0.0016132873 0.7022422
vn 0.713866 0 0.70028234
vn 0.713866 0 0.70028234
vn -0.70713288 1.7015838e-05 -0.70708066
vn -0.70713288 1.7015838e-05 -0.70708066
vn -0.70713383 1.8041574e-05 -0.70707971
vn -0.70713383 1.8045068e-05 -0.70707971
vn 2.5071506e-08 -0.93788499 -0.34694633
vn 1.2197587e-07 -0.85065001 -0.52573234
vn 0 -0.85065001 -0.52573252
vn 0 -0.93788499 -0.34694621
vn 4.1332808e-07 -0.68721485 -0.72645426
vn 0.00077676564 -0.46619195 -0.88468331
vn 0.0010402377 -0.46589383 -0.88484001
vn 8.2665468e-07 -0.68721515 -0.72645396
vn 7.9217125e-06 -0.30541176 -0.95222032
vn -0.0059336936 -0.13207266 -0.99122238
vn -0.0065683462 -0.12363402 -0.99230617
vn -0.0018615178 -0.3056275 -0.95214933
vn -0.71229231 0.0012878432 -0.70188171
vn -0.708682 0.001462684 -0.70552659
vn -0.70868927 0.0014694728 -0.70551926
vn -0.71189791 0.0016090627 -0.70228118
vn -4.9723091e-08 -0.85065025 0.52573198
vn -3.8467451e-07 -0.68721569 0.72645342
vn -7.4107021e-07 -0.73025912 0.68317032
vn 1.5849099e-07 -0.87079543 0.49164549
vn -3.8467451e-07 -0.68721569 0.72645342
vn 0.00077614671 -0.46619236 0.88468301
vn 0.00037787529 -0.49024242 0.87158608
vn -7.4107021e-07 -0.73025912 0.68317032
vn -0.71387041 3.5375143e-07 -0.70027786
vn -0.71229231 0.0012878432 -0.70188171
vn -0.71189791 0.0016090627 -0.70228118
vn -0.71387041 3.5375143e-07 -0.70027786
vn 1.2197587e-07 -0.85065001 -0.52573234
vn 4.1332808e-07 -0.68721485 -0.72645426
vn 8.2665468e-07 -0.68721515 -0.72645396
vn 0 -0.85065001 -0.52573252
vn 0.00077676564 -0.46619195 -0.88468331
vn 7.9217125e-06 -0.30541176 -0.95222032
vn -0.0018615178 -0.3056275 -0.95214933
vn 0.0010402377 -0.46589383 -0.88484001
vn 2.1935409e-07 -0.93788499 0.34694654
vn -4.9723091e-08 -0.85065025 0.52573198
vn 1.5849099e-07 -0.87079543 0.49164549
vn 4.145173e-07 -0.95456034 0.29801753
vn 1.5853081e-13 -1 5.8669974e-07
vn 2.1935409e-07 -0.93788499 0.34694654
vn 4.145173e-07 -0.95456034 0.29801753
vn -3.6595269e-14 -1 -2.0145784e-07
vn 1.5853081e-13 -1 5.8669974e-07
vn 2.5071506e-08 -0.93788499 -0.34694633
vn 0 -0.93788499 -0.34694621
vn 0 -1 1.1440645e-06
vn 0.00077614671 -0.46619236 0.88468301
vn 0.0017908198 -0.3078905 0.95142013
vn 0.0016990748 -0.32050893 0.94724393
vn 0.00037787529 -0.49024242 0.87158608
vn 0.0017908198 -0.3078905 0.95142013
vn 0.00082025735 -0.13032906 0.99147034
vn 0.0016990748 -0.32050893 0.94724393
vn 0.7264536 -0.68721545 0
vn 0.52645487 -0.85020304 6.1909148e-08
vn 0.49269 -0.87020487 1.7811919e-07
vn 0.68317038 -0.730259 0
vn 0.99147105 -0.13032472 0.00082738802
vn 0.95141631 -0.30790251 0.0017892618
vn 0.94723749 -0.32052848 0.0016564705
vn 0.52645487 -0.85020304 6.1909148e-08
vn 0.34727803 -0.93776226 9.864349e-08
vn 0.29769593 -0.95466077 1.7303978e-07
vn 0.49269 -0.87020487 1.7811919e-07
vn -0.34694663 -0.93788487 -1.0350543e-07
vn -0.00049598335 -0.99999994 -5.2112124e-09
vn -0.00049533806 -0.99999994 0
vn -0.34694624 -0.93788499 0
vn -0.52573276 -0.85064977 -6.1704277e-08
vn -0.34694663 -0.93788487 -1.0350543e-07
vn -0.34694624 -0.93788499 0
vn -0.52573282 -0.85064977 0
vn -0.88467306 -0.46621117 0.00075830566
vn -0.72645354 -0.68721569 0
vn -0.72645348 -0.68721569 0
vn -0.88482839 -0.46591595 0.0010394143
vn -0.99147099 -0.13032451 0.00082786585
vn -0.95141625 -0.30790228 0.0017873447
vn -0.95161051 -0.30730167 0.0017335898
vn -0.99254864 -0.12184711 0.00070314889
vn 0.70185536 0.0012954329 -0.71231842
vn 0.70548338 0.001472234 -0.70872492
vn 0.70548081 0.0014744672 -0.70872736
vn 0.70224154 0.0016134959 -0.71193695
vn 0.95141631 -0.30790251 0.0017892618
vn 0.8846733 -0.46621069 0.0007584613
vn 0.87158 -0.49025297 0.00035202349
vn 0.94723749 -0.32052848 0.0016564705
vn 0.8846733 -0.46621069 0.0007584613
vn 0.7264536 -0.68721545 0
vn 0.68317038 -0.730259 0
vn 0.87158 -0.49025297 0.00035202349
vn 0.34727803 -0.93776226 9.864349e-08
vn -0.00049598335 -0.99999994 -5.2112124e-09
vn -0.0001873974 -1 -1.022361e-08
vn 0.29769593 -0.95466077 1.7303978e-07
vn -0.72645354 -0.68721569 0
vn -0.52573276 -0.85064977 -6.1704277e-08
vn -0.52573282 -0.85064977 0
vn -0.72645348 -0.68721569 0
vn -0.95141625 -0.30790228 0.0017873447
vn -0.88467306 -0.46621117 0.00075830566
vn -0.88482839 -0.46591595 0.0010394143
vn -0.95161051 -0.30730167 0.0017335898
vn 0.70027947 0 -0.71386874
vn 0.70185536 0.0012954329 -0.71231842
vn 0.70224154 0.0016134959 -0.71193695
vn 0.70027947 0 -0.71386874
vn 0 -0.68636847 -0.72725385
vn -0.00077983341 -0.46405444 -0.88580638
vn -0.00038381189 -0.48760673 -0.87306327
vn 0 -0.73040593 -0.68301332
vn -0.00077983341 -0.46405444 -0.88580638
vn -0.0017893382 -0.30788797 -0.95142096
vn -0.0017064641 -0.32050547 -0.94724512
vn -0.00038381189 -0.48760673 -0.87306327
vn -9.6954054e-08 -0.93788499 -0.34694642
vn 0 -0.85130382 -0.5246731
vn 0 -0.87110466 -0.49109733
vn -2.8493054e-07 -0.95456058 -0.29801717
vn -3.419797e-07 -0.85065031 0.52573186
vn -9.7451402e-07 -0.68721569 0.72645354
vn -8.386092e-07 -0.68721509 0.72645396
vn 0 -0.85065025 0.5257321
vn -0.00078092888 -0.46618748 0.88468564
vn -0.0017903261 -0.30788732 0.95142108
vn -0.0017063792 -0.30728558 0.95161569
vn -0.0010396431 -0.46588859 0.88484281
vn 9.6953848e-08 -0.93788499 0.3469463
vn -3.419797e-07 -0.85065031 0.52573186
vn 0 -0.85065025 0.5257321
vn 0 -0.93788505 0.34694606
vn 1.8650683e-14 -1 -4.0091149e-07
vn -9.6954054e-08 -0.93788499 -0.34694642
vn -2.8493054e-07 -0.95456058 -0.29801717
vn 3.6595286e-14 -1 1.5349175e-07
vn -0.0017893382 -0.30788797 -0.95142096
vn -0.0008178663 -0.13032952 -0.9914704
vn -0.0017064641 -0.32050547 -0.94724512
vn 0 -0.85130382 -0.5246731
vn 0 -0.68636847 -0.72725385
vn 0 -0.73040593 -0.68301332
vn 0 -0.87110466 -0.49109733
vn 1.8650683e-14 -1 -4.0091149e-07
vn 9.6953848e-08 -0.93788499 0.3469463
vn 0 -0.93788505 0.34694606
vn 0 -1 -7.8226617e-07
vn -9.7451402e-07 -0.68721569 0.72645354
vn -0.00078092888 -0.46618748 0.88468564
vn -0.0010396431 -0.46588859 0.88484281
vn -8.386092e-07 -0.68721509 0.72645396
vn -0.0017903261 -0.30788732 0.95142108
vn -0.00081806927 -0.13032936 0.99147034
vn -0.00067658478 -0.12185934 0.99254715
vn -0.0017063792 -0.30728558 0.95161569
vn -0.88448286 -0.46657267 0
vn -0.72645372 -0.68721533 0
vn -0.68317062 -0.73025876 0
vn -0.87155288 -0.49030131 0
vn 0.7264539 -0.68721527 0
vn 0.52573246 -0.85064995 2.9082619e-07
vn 0.5257327 -0.85064977 3.389095e-07
vn 0.7264539 -0.68721521 0
vn 0.95143706 -0.30784336 -2.9155154e-07
vn 0.88448322 -0.46657202 -1.1025291e-07
vn 0.88448322 -0.46657193 0
vn 0.95143712 -0.3078433 -3.6179597e-07
vn 0.34694591 -0.93788511 4.6565606e-07
vn -8.213795e-07 -1 1.0368417e-07
vn -1.5938674e-06 -1 1.8869086e-07
vn 0.34694579 -0.93788522 5.2372457e-07
vn -0.72645372 -0.68721533 0
vn -0.52573192 -0.85065037 -1.5308889e-07
vn -0.49199393 -0.87059867 -4.3900351e-07
vn -0.68317062 -0.73025876 0
vn -0.99155492 -0.1296872 0
vn -0.95143706 -0.3078433 0
vn -0.94743919 -0.31993574 0
vn -0.52573192 -0.85065037 -1.5308889e-07
vn -0.34694612 -0.93788511 -2.2645861e-07
vn -0.29880059 -0.95431554 -3.7791574e-07
vn -0.49199393 -0.87059867 -4.3900351e-07
vn -0.95143706 -0.3078433 0
vn -0.88448286 -0.46657267 0
vn -0.87155288 -0.49030131 0
vn -0.94743919 -0.31993574 0
vn -0.34694612 -0.93788511 -2.2645861e-07
vn -8.213795e-07 -1 1.0368417e-07
vn 0.0038288748 -0.99999267 2.3550246e-08
vn -0.29880059 -0.95431554 -3.7791574e-07
vn 0.88448322 -0.46657202 -1.1025291e-07
vn 0.7264539 -0.68721527 0
vn 0.7264539 -0.68721521 0
vn 0.88448322 -0.46657193 0
vn 0.99155486 -0.12968802 -3.3682781e-07
vn 0.95143706 -0.30784336 -2.9155154e-07
vn 0.95143712 -0.3078433 -3.6179597e-07
vn 0.99262595 -0.12121782 -3.6359327e-07
vn 0.52573246 -0.85064995 2.9082619e-07
vn 0.34694591 -0.93788511 4.6565606e-07
vn 0.34694579 -0.93788522 5.2372457e-07
vn 0.5257327 -0.85064977 3.389095e-07
vn 0.34727791 -0.9377622 0
vn -0.00049492752 -0.99999994 0
vn -0.0004954458 -0.99999988 -1.1054798e-07
vn 0.34727812 -0.93776214 1.362868e-07
vn 0 -0.95456064 -0.29801697
vn 0 -0.87079567 -0.49164513
vn 1.2495011e-06 -0.85065019 -0.52573216
vn 6.6084874e-07 -0.93788522 -0.34694579
vn 0 -0.87079567 -0.49164513
vn 0 -0.73025835 -0.68317127
vn 1.0094338e-06 -0.68721431 -0.72645479
vn 1.2495011e-06 -0.85065019 -0.52573216
vn 0 -0.73025835 -0.68317127
vn 0.00037882235 -0.49024081 -0.87158686
vn 0.00077691238 -0.4661912 -0.88468367
vn 1.0094338e-06 -0.68721431 -0.72645479
vn 0.00037882235 -0.49024081 -0.87158686
vn 0.0016717103 -0.31768981 -0.94819325
vn 7.9600532e-06 -0.30541173 -0.95222038
vn 0.00077691238 -0.4661912 -0.88468367
vn 0.0016717103 -0.31768981 -0.94819325
vn -0.0059338841 -0.13207266 -0.99122232
vn 7.9600532e-06 -0.30541173 -0.95222038
vn 1.9868234e-07 -1 7.6745863e-08
vn 2.8493082e-07 -0.9545604 0.29801771
vn 9.6954061e-08 -0.93788493 0.34694648
vn 9.9341335e-08 -1 -2.5912573e-07
vn 0.49164465 -0.87079591 4.4455942e-07
vn 0.52573192 -0.85065043 -4.354842e-07
vn 0.72645414 -0.68721491 -2.202277e-07
vn 0.68317074 -0.73025876 2.3314493e-07
vn 0.68317074 -0.73025876 2.3314493e-07
vn 0.72645414 -0.68721491 -2.202277e-07
vn 0.88448298 -0.46657231 -1.1025382e-07
vn 0.87155294 -0.49030146 -1.625541e-07
vn 0.87155294 -0.49030146 -1.625541e-07
vn 0.88448298 -0.46657231 -1.1025382e-07
vn 0.95143735 -0.30784228 -8.3638253e-07
vn 0.94743949 -0.31993493 -2.5986972e-07
vn 0.94743949 -0.31993493 -2.5986972e-07
vn 0.95143735 -0.30784228 -8.3638253e-07
vn 0.99155498 -0.12968695 -1.3473131e-06
vn 0 -0.93788493 -0.34694636
vn 1.1928171e-06 -0.85130417 -0.52467245
vn 4.7476397e-07 -0.85130441 -0.52467221
vn -1.218917e-07 -0.93788505 -0.34694627
vn 0 -1 6.8448293e-07
vn 0 -0.93788511 0.34694615
vn -1.2221275e-07 -0.93788505 0.34694597
vn 0 -1 3.9113309e-07
vn -0.29801834 -0.95456016 -4.508756e-07
vn -0.34694669 -0.93788481 -2.1283928e-07
vn -0.52573222 -0.85065019 -9.2556455e-08
vn -0.49100626 -0.87115604 -2.6773628e-07
vn -0.49100626 -0.87115604 -2.6773628e-07
vn -0.52573222 -0.85065019 -9.2556455e-08
vn -0.72645378 -0.68721527 0
vn -0.68436718 -0.7291376 0
vn -0.68436718 -0.7291376 0
vn -0.72645378 -0.68721527 0
vn -0.8846733 -0.46621081 0.00075818377
vn -0.8719492 -0.48959613 0.00035510957
vn -0.8719492 -0.48959613 0.00035510957
vn -0.8846733 -0.46621081 0.00075818377
vn -0.95141619 -0.30790275 0.0017884709
vn -0.94723719 -0.32052892 0.0016549983
vn -0.94723719 -0.32052892 0.0016549983
vn -0.95141619 -0.30790275 0.0017884709
vn -0.99147099 -0.13032444 0.00082692149
vn 0 -1 -1.1511873e-07
vn 0 -0.95456064 -0.29801697
vn 6.6084874e-07 -0.93788522 -0.34694579
vn 0 -1 3.9113309e-07
vn -1.9157513e-07 -0.87079555 0.49164543
vn -1.0063349e-06 -0.7302593 0.68317008
vn -5.9208327e-07 -0.68721533 0.72645366
vn -1.7098981e-07 -0.85065025 0.5257321
vn -1.0063349e-06 -0.7302593 0.68317008
vn -0.00038592963 -0.4902387 0.87158805
vn -0.00078100013 -0.46618748 0.88468564
vn -5.9208327e-07 -0.68721533 0.72645366
vn -0.00038592963 -0.4902387 0.87158805
vn -0.0017089342 -0.32050386 0.94724572
vn -0.0017907848 -0.30788717 0.9514212
vn -0.00078100013 -0.46618748 0.88468564
vn -0.0017089342 -0.32050386 0.94724572
vn -0.00081840612 -0.13032928 0.99147046
vn -0.0017907848 -0.30788717 0.9514212
vn 2.8493082e-07 -0.9545604 0.29801771
vn -1.9157513e-07 -0.87079555 0.49164543
vn -1.7098981e-07 -0.85065025 0.5257321
vn 9.6954061e-08 -0.93788493 0.34694648
vn 0.0010391461 -0.46589389 0.88484001
vn 0.0017121239 -0.30728886 0.95161486
vn 0.0017910542 -0.30789036 0.95142019
vn 0.00077629398 -0.46619228 0.88468307
vn 0 -0.85065031 0.5257318
vn 0 -0.68721479 0.7264542
vn -2.1117862e-07 -0.68721503 0.72645402
vn -1.2197584e-07 -0.85065037 0.52573192
vn 0.0017121239 -0.30728886 0.95161486
vn 0.00068198825 -0.12185682 0.99254751
vn 0.00082042749 -0.1303284 0.99147052
vn 0.0017910542 -0.30789036 0.95142019
vn 0 -0.68721479 0.7264542
vn 0.0010391461 -0.46589389 0.88484001
vn 0.00077629398 -0.46619228 0.88468307
vn -2.1117862e-07 -0.68721503 0.72645402
vn 0.29801658 -0.9545607 2.4916335e-07
vn 0.34694532 -0.93788534 -1.7686615e-07
vn 0.52573192 -0.85065043 -4.354842e-07
vn 0.49164465 -0.87079591 4.4455942e-07
vn 0.95161074 -0.30730116 0.0017311659
vn 0.88482851 -0.46591571 0.0010383816
vn 0.88467324 -0.4662109 0.00075764192
vn 0.95141625 -0.30790225 0.0017882825
vn 0.7264536 -0.68721557 0
vn 0.52645451 -0.85020334 0
vn 0.52645451 -0.85020334 1.238185e-07
vn 0.72645354 -0.68721569 0
vn 0 -1 -8.1160135e-07
vn 0 -0.93788493 -0.34694636
vn -1.218917e-07 -0.93788505 -0.34694627
vn 9.9341335e-08 -1 -2.5912573e-07
vn 0.99254864 -0.12184689 0.00070175022
vn 0.95161074 -0.30730116 0.0017311659
vn 0.95141625 -0.30790225 0.0017882825
vn 0.99147105 -0.13032471 0.00082705793
vn 0.88482851 -0.46591571 0.0010383816
vn 0.7264536 -0.68721557 0
vn 0.72645354 -0.68721569 0
vn 0.88467324 -0.4662109 0.00075764192
vn 0.52645451 -0.85020334 0
vn 0.34727791 -0.9377622 0
vn 0.34727812 -0.93776214 1.362868e-07
vn 0.52645451 -0.85020334 1.238185e-07
vn -0.0017055513 -0.30728561 -0.95161587
vn -0.00067603571 -0.12186045 -0.99254704
vn -0.00081755884 -0.13033058 -0.99147028
vn -0.0017895056 -0.30788815 -0.95142084
vn 1.2061953e-06 -0.6863687 -0.72725374
vn -0.0010382764 -0.46375445 -0.88596314
vn -0.0007795553 -0.46405375 -0.88580674
vn 6.0309731e-07 -0.68636853 -0.72725391
vn 0 -0.93788511 0.34694615
vn 0 -0.85065031 0.5257318
vn -1.2197584e-07 -0.85065037 0.52573192
vn -1.2221275e-07 -0.93788505 0.34694597
vn -0.0010382764 -0.46375445 -0.88596314
vn -0.0017055513 -0.30728561 -0.95161587
vn -0.0017895056 -0.30788815 -0.95142084
vn -0.0007795553 -0.46405375 -0.88580674
vn 1.1928171e-06 -0.85130417 -0.52467245
vn 1.2061953e-06 -0.6863687 -0.72725374
vn 6.0309731e-07 -0.68636853 -0.72725391
vn 4.7476397e-07 -0.85130441 -0.52467221
vn -0.00018643937 -1 -2.2075963e-07
vn -0.0004954458 -0.99999988 -1.1054798e-07
vn -0.34694669 -0.93788481 -2.1283928e-07
vn -0.29801834 -0.95456016 -4.508756e-07
vn -0.99262589 -0.12121839 0
vn -0.95143664 -0.30784458 0
vn -0.9514367 -0.30784458 0
vn -0.9915548 -0.12968862 0
vn -0.88448322 -0.46657214 0
vn -0.72645414 -0.68721497 0
vn -0.72645408 -0.68721497 4.3036611e-08
vn -0.88448328 -0.46657187 0
vn -0.52573127 -0.85065067 0
vn -0.34694567 -0.93788517 0
vn -0.34694573 -0.93788517 -6.7213513e-08
vn -0.52573138 -0.85065061 1.197322e-08
vn 0.0038289719 -0.99999267 1.1775243e-08
vn -2.2979071e-07 -1 4.66938e-09
vn 0.34694532 -0.93788534 -1.7686615e-07
vn 0.29801658 -0.9545607 2.4916335e-07
vn -0.95143664 -0.30784458 0
vn -0.88448322 -0.46657214 0
vn -0.88448328 -0.46657187 0
vn -0.9514367 -0.30784458 0
vn -0.72645414 -0.68721497 0
vn -0.52573127 -0.85065067 0
vn -0.52573138 -0.85065061 1.197322e-08
vn -0.72645408 -0.68721497 4.3036611e-08
vn -0.34694567 -0.93788517 0
vn -3.5201987e-07 -1 0
vn -2.2979071e-07 -1 4.66938e-09
vn -0.34694573 -0.93788517 -6.7213513e-08
vn -0.70726264 -0.00021856009 0.7069509
vn -0.69711143 0.0010019259 0.71696216
vn -0.69713974 0.0010025902 0.71693462
vn -0.70726341 -0.00021941376 0.70695013
vn -0.71401578 -0.028051453 -0.6995675
vn -0.71039981 -0.011908656 -0.70369762
vn -0.71039861 -0.01190355 -0.70369881
vn -0.71401578 -0.028051453 -0.6995675
vn 0.70603061 -0.0055056647 -0.70815998
vn 0.7070688 0.00095972576 -0.7071442
vn 0.70706898 0.00095727079 -0.70714384
vn 0.70602602 -0.005515581 -0.70816433
vn -0.70341384 -0.014035969 -0.71064192
vn -0.6995638 -0.028072916 -0.71401852
vn -0.6995638 -0.028072916 -0.71401852
vn -0.70341498 -0.014031678 -0.71064091
vn 0.71401983 -0.028088788 0.69956177
vn 0.7106427 -0.014048005 0.70341283
vn 0.71064156 -0.014043295 0.70341414
vn 0.71401983 -0.028088788 0.69956177
vn -0.70710629 -8.4914484e-07 -0.70710725
vn -0.70341384 -0.014035969 -0.71064192
vn -0.70341498 -0.014031678 -0.71064091
vn -0.70710629 -8.4677623e-07 -0.70710731
vn -0.70813489 -0.0009903789 0.70607638
vn -0.70726264 -0.00021856009 0.7069509
vn -0.70726341 -0.00021941376 0.70695013
vn -0.70813495 -0.0009905115 0.70607638
vn 0.7046234 -0.0090946369 0.70952314
vn 0.7031703 -0.015996877 0.7108416
vn 0.70317125 -0.015993372 0.71084058
vn 0.70461965 -0.0091040088 0.70952672
vn 0.7106427 -0.014048005 0.70341283
vn 0.70710677 -4.8875809e-06 0.70710677
vn 0.70710677 -4.887162e-06 0.70710677
vn 0.71064156 -0.014043295 0.70341414
vn 0.7070688 0.00095972576 -0.7071442
vn 0.70721924 0.0023146991 -0.7069906
vn 0.70721996 0.0023120688 -0.70698977
vn 0.70706898 0.00095727079 -0.70714384
vn -0.71039981 -0.011908656 -0.70369762
vn -0.70965225 0.013498693 -0.70442277
vn -0.70964152 0.013466057 -0.70443422
vn -0.71039861 -0.01190355 -0.70369881
vn -0.70710623 -2.8683505e-06 -0.70710725
vn -0.70710629 -8.4914484e-07 -0.70710725
vn -0.70710629 -8.4677623e-07 -0.70710731
vn -0.70710635 -2.8684556e-06 -0.70710731
vn -0.70581388 0.0013058326 0.70839602
vn -0.70813489 -0.0009903789 0.70607638
vn -0.70813495 -0.0009905115 0.70607638
vn -0.7058109 0.0013083154 0.708399
vn 0.69999844 -0.012697566 0.71403146
vn 0.7046234 -0.0090946369 0.70952314
vn 0.70461965 -0.0091040088 0.70952672
vn 0.69998735 -0.012692136 0.71404254
vn 0.70710677 -4.8875809e-06 0.70710677
vn 0.70710677 -2.8683651e-06 0.70710677
vn 0.70710683 -2.868451e-06 0.70710683
vn 0.70710677 -4.887162e-06 0.70710677
vn 0.70721924 0.0023146991 -0.7069906
vn 0.7090525 0.0016387494 -0.70515382
vn 0.70905459 0.0016407268 -0.70515186
vn 0.70721996 0.0023120688 -0.70698977
vn -0.70965225 0.013498693 -0.70442277
vn -0.69821608 0.0072691664 -0.71585011
vn -0.69826353 0.0073191593 -0.71580338
vn -0.70964152 0.013466057 -0.70443422
vn -0.7071057 -1.0682295e-06 -0.70710778
vn -0.70710623 -2.8683505e-06 -0.70710725
vn -0.70710635 -2.8684556e-06 -0.70710731
vn -0.7071057 -1.0689204e-06 -0.70710784
vn -0.7018556 0.0012944589 0.71231812
vn -0.70581388 0.0013058326 0.70839602
vn -0.7058109 0.0013083154 0.708399
vn -0.70224202 0.0016122824 0.71193653
vn 0.69996065 -0.0068322415 0.7141487
vn 0.69999844 -0.012697566 0.71403146
vn 0.69998735 -0.012692136 0.71404254
vn 0.69994706 -0.0068560611 0.71416181
vn 0.70710677 -2.8683651e-06 0.70710677
vn 0.70710707 0 0.70710653
vn 0.70710701 0 0.70710641
vn 0.70710683 -2.868451e-06 0.70710683
vn -0.69821608 0.0072691664 -0.71585011
vn -0.69297808 -0.0029355981 -0.72095269
vn -0.693057 -0.0028924639 -0.72087687
vn -0.69826353 0.0073191593 -0.71580338
vn 0.7090525 0.0016387494 -0.70515382
vn 0.71232039 0.0012951052 -0.70185333
vn 0.71193892 0.0016130896 -0.70223957
vn 0.70905459 0.0016407268 -0.70515186
vn 0.64424741 -0.41217989 -0.64424604
vn 0.69735938 -0.16545273 -0.69736314
vn 0.69735938 -0.16545257 -0.69736308
vn 0.64424729 -0.41218016 -0.64424592
vn 0.56896466 -0.59376758 -0.56896335
vn 0.64424741 -0.41217989 -0.64424604
vn 0.64424729 -0.41218016 -0.64424592
vn 0.56896466 -0.59376746 -0.56896335
vn 0.4285928 -0.79537123 -0.42859405
vn 0.56896466 -0.59376758 -0.56896335
vn 0.56896466 -0.59376746 -0.56896335
vn 0.42859286 -0.79537112 -0.42859411
vn 0.28375462 -0.91595143 -0.28375387
vn 0.4285928 -0.79537123 -0.42859405
vn 0.42859286 -0.79537112 -0.42859411
vn 0.28375489 -0.91595125 -0.28375414
vn 0.18061274 -0.96684855 -0.18050742
vn 0.28375462 -0.91595143 -0.28375387
vn 0.28375489 -0.91595125 -0.28375414
vn 0.18061234 -0.96684879 -0.18050702
vn 0.69736093 -0.16545282 0.69736159
vn 0.64424658 -0.41218069 0.64424634
vn 0.64424664 -0.41218039 0.64424652
vn 0.69736093 -0.16545278 0.69736153
vn 0.64424658 -0.41218069 0.64424634
vn 0.56896257 -0.59376937 0.56896347
vn 0.56896275 -0.59376925 0.56896359
vn 0.64424664 -0.41218039 0.64424652
vn 0.56896257 -0.59376937 0.56896347
vn 0.42858642 -0.79537708 0.42858943
vn 0.4285934 -0.79536945 0.42859647
vn 0.56896275 -0.59376925 0.56896359
vn 0.42858642 -0.79537708 0.42858943
vn 0.2843838 -0.91586709 0.28339601
vn 0.28436068 -0.91588157 0.28337243
vn 0.4285934 -0.79536945 0.42859647
vn 0.2843838 -0.91586709 0.28339601
vn 0.18165158 -0.96673071 0.18009537
vn 0.18109994 -0.96693605 0.17954792
vn 0.28436068 -0.91588157 0.28337243
vn -0.64424467 -0.41219589 -0.64423853
vn -0.69735897 -0.16545214 -0.69736356
vn -0.69735909 -0.16545229 -0.69736362
vn -0.64425069 -0.41217709 -0.64424461
vn -0.56797642 -0.59313297 -0.57061011
vn -0.64424467 -0.41219589 -0.64423853
vn -0.64425069 -0.41217709 -0.64424461
vn -0.56794214 -0.59319717 -0.57057756
vn -0.42707059 -0.79458952 -0.43155324
vn -0.56797642 -0.59313297 -0.57061011
vn -0.56794214 -0.59319717 -0.57057756
vn -0.426117 -0.79562283 -0.43059114
vn -0.28942484 -0.91528511 -0.28015462
vn -0.42707059 -0.79458952 -0.43155324
vn -0.426117 -0.79562283 -0.43059114
vn -0.28910342 -0.91551691 -0.2797285
vn -0.18661007 -0.96767586 -0.16964734
vn -0.28942484 -0.91528511 -0.28015462
vn -0.28910342 -0.91551691 -0.2797285
vn -0.1929283 -0.96539932 -0.17545025
vn 0.18165158 -0.96673071 0.18009537
vn 0.12415518 -0.98460543 0.12303452
vn 0.12415518 -0.98460543 0.12303452
vn 0.18109994 -0.96693605 0.17954792
vn -0.12837684 -0.98489785 -0.11617009
vn -0.18661007 -0.96767586 -0.16964734
vn -0.1929283 -0.96539932 -0.17545025
vn -0.12837684 -0.98489785 -0.11617009
vn -0.64422959 -0.41227862 0.6442008
vn -0.69736087 -0.16545315 0.69736159
vn -0.69736087 -0.16545302 0.69736159
vn -0.64427119 -0.41214851 0.64424241
vn -0.57972503 -0.59080195 0.56113452
vn -0.64422959 -0.41227862 0.6442008
vn -0.64427119 -0.41214851 0.64424241
vn -0.58014888 -0.58979076 0.56175977
vn -0.44826218 -0.79063141 0.41708854
vn -0.57972503 -0.59080195 0.56113452
vn -0.58014888 -0.58979076 0.56175977
vn -0.44257313 -0.79661608 0.41174248
vn -0.28898522 -0.91651189 0.2765747
vn -0.44826218 -0.79063141 0.41708854
vn -0.44257313 -0.79661608 0.41174248
vn -0.28860241 -0.91672063 0.27628213
vn -0.18062194 -0.96684504 0.180517
vn -0.28898522 -0.91651189 0.2765747
vn -0.28860241 -0.91672063 0.27628213
vn -0.18056855 -0.966865 0.18046354
vn 0.12385396 -0.98456681 -0.12364624
vn 0.18061274 -0.96684855 -0.18050742
vn 0.18061234 -0.96684879 -0.18050702
vn 0.12385396 -0.98456681 -0.12364624
vn -0.12380736 -0.98457718 0.12361048
vn -0.18062194 -0.96684504 0.180517
vn -0.18056855 -0.966865 0.18046354
vn -0.12380736 -0.98457718 0.12361048
vn 0.7031703 -0.015996877 0.7108416
vn 0.69964844 -0.027775988 0.71394712
vn 0.69964844 -0.027775988 0.71394712
vn 0.70317125 -0.015993372 0.71084058
vn -0.70872843 0.0014745619 0.7054798
vn -0.7123214 0.0012972384 0.70185214
vn -0.71194077 0.0016152347 0.70223761
vn -0.70873088 0.0014767989 0.70547748
vn 0.70187986 -0.022075634 -0.7119531
vn 0.70603061 -0.0055056647 -0.70815998
vn 0.70602602 -0.005515581 -0.70816433
vn 0.7018944 -0.022005849 -0.71194106
vn 0.70548391 0.0014731943 -0.70872444
vn 0.70710576 1.0682337e-06 -0.7071079
vn 0.70710582 1.0689123e-06 -0.70710784
vn 0.70548141 0.0014754323 -0.70872682
vn -0.69711143 0.0010019259 0.71696216
vn -0.70945638 -0.0078599071 0.70470536
vn -0.7095508 -0.0078987749 0.70461005
vn -0.69713974 0.0010025902 0.71693462
vn 0.71045583 -0.013134876 -0.70361918
vn 0.71252906 -0.027780851 -0.70109248
vn 0.71252906 -0.027780851 -0.70109248
vn 0.71045619 -0.013136901 -0.70361876
vn -0.70710629 5.7916179e-07 0.70710725
vn -0.70872843 0.0014745619 0.7054798
vn -0.70873088 0.0014767989 0.70547748
vn -0.70710635 5.8050165e-07 0.70710725
vn -0.69950968 -0.028777512 0.71404338
vn -0.70326692 -0.014812729 0.71077162
vn -0.70326972 -0.014802025 0.710769
vn -0.69950968 -0.028777512 0.71404338
vn 0.70710576 1.0682337e-06 -0.7071079
vn 0.70703048 0.00014341393 -0.70718306
vn 0.70703048 0.00014341842 -0.70718306
vn 0.70710582 1.0689123e-06 -0.70710784
vn 0.69904774 -0.03543603 -0.71419638
vn 0.70187986 -0.022075634 -0.7119531
vn 0.7018944 -0.022005849 -0.71194106
vn 0.69904774 -0.03543603 -0.71419638
vn -0.70945638 -0.0078599071 0.70470536
vn -0.73019946 -0.016548412 0.68303359
vn -0.73019946 -0.016548412 0.68303359
vn -0.7095508 -0.0078987749 0.70461005
vn -0.70702946 -0.00014608297 0.70718402
vn -0.70710629 5.7916179e-07 0.70710725
vn -0.70710635 5.8050165e-07 0.70710725
vn -0.70702964 -0.00014608691 0.70718396
vn 0.70703048 0.00014341393 -0.70718306
vn 0.70759016 0.00089702476 -0.70662242
vn 0.70759034 0.00089723227 -0.70662218
vn 0.70703048 0.00014341842 -0.70718306
vn -0.70318097 0.002628014 -0.71100599
vn -0.70185453 0.0012959157 -0.7123192
vn -0.70224035 0.0016141068 -0.71193808
vn -0.70318204 0.0026284936 -0.71100509
vn 0.70548385 0.0014721268 0.70872444
vn 0.70185804 0.0012951083 0.71231568
vn 0.70224375 0.001613091 0.7119348
vn 0.70548141 0.0014743691 0.70872688
vn -0.70691252 -0.00056430697 0.70730072
vn -0.70702946 -0.00014608297 0.70718402
vn -0.70702964 -0.00014608691 0.70718396
vn -0.70691252 -0.00056450051 0.70730078
vn 0.71231848 0.0012956004 0.70185524
vn 0.7064566 0.00032775782 0.70775616
vn 0.70646244 0.00033167569 0.7077505
vn 0.71193731 0.0016136956 0.70224112
vn 0.70759016 0.00089702476 -0.70662242
vn 0.71045583 -0.013134876 -0.70361918
vn 0.71045619 -0.013136901 -0.70361876
vn 0.70759034 0.00089723227 -0.70662218
vn -0.69297808 -0.0029355981 -0.72095269
vn -0.70318097 0.002628014 -0.71100599
vn -0.70318204 0.0026284936 -0.71100509
vn -0.693057 -0.0028924639 -0.72087687
vn -0.70326692 -0.014812729 0.71077162
vn -0.70691252 -0.00056430697 0.70730072
vn -0.70691252 -0.00056450051 0.70730078
vn -0.70326972 -0.014802025 0.710769
vn 0.70710707 0 0.70710653
vn 0.70548385 0.0014721268 0.70872444
vn 0.70548141 0.0014743691 0.70872688
vn 0.70710701 0 0.70710641
vn 0.7064566 0.00032775782 0.70775616
vn 0.69996065 -0.0068322415 0.7141487
vn 0.69994706 -0.0068560611 0.71416181
vn 0.70646244 0.00033167569 0.7077505
vn -0.70868313 0.0014625059 -0.70552528
vn -0.7071057 -1.0682295e-06 -0.70710778
vn -0.7071057 -1.0689204e-06 -0.70710784
vn -0.70869052 0.0014692943 -0.70551795
vn 0.70870149 0.00010604577 -0.70550835
vn 0.70870149 0.00010604577 -0.70550835
vn 0.7087009 0.00010876064 -0.70550901
vn 0.70870095 0.00010875919 -0.70550913
vn -0.71313566 -0.0081843054 0.70097828
vn -0.71313566 -0.0081843054 0.70097828
vn -0.714571 -0.0014377076 0.69956142
vn -0.71457118 -0.0014368029 0.69956124
vn 0.7067802 -1.8860674e-05 0.70743322
vn 0.7067802 -1.8860674e-05 0.70743322
vn 0.70677954 -1.3781543e-05 0.70743382
vn 0.7067796 -1.3781826e-05 0.70743382
vn -0.7414009 -0.67106181 -0.00088948297
vn -0.74056756 -0.67198133 -0.0008886421
vn -0.8212316 -0.57059419 -0.0009688632
vn 0.0014719607 -0.58112776 -0.81381112
vn 0.0014350193 -0.58021778 -0.81446016
vn 0.0013730625 -0.62774324 -0.77841932
vn 0.0013284627 -0.6768586 -0.73611182
vn 0.81446213 -0.58021528 0.001287914
vn 0.73489469 -0.67818081 -0.00081212103
vn 0.70946956 -0.70473468 -0.0014225293
vn -0.0011828309 -0.58088517 0.81398475
vn -0.0010594368 -0.67794216 0.73511457
vn -0.0010596901 -0.67776567 0.7352773
vn 0.70946956 -0.70473468 -0.0014225293
vn 0.73489469 -0.67818081 -0.00081212103
vn 0.62924767 -0.7771982 -0.0032039974
vn 0.62924767 -0.7771982 -0.0032039974
vn -0.71457118 -0.0014368029 0.69956124
vn -0.714571 -0.0014377076 0.69956142
vn -0.71734959 0.012126651 0.69660795
vn -0.70712942 1.7472601e-05 -0.70708412
vn -0.70712948 1.7477721e-05 -0.70708418
vn -0.7071321 1.445664e-05 -0.7070815
vn 0.70870095 0.00010875919 -0.70550913
vn 0.7087009 0.00010876064 -0.70550901
vn 0.7086997 0.00011421902 -0.7055102
vn 0.7086997 0.00011421902 -0.7055102
vn 0.7067796 -1.3781826e-05 0.70743382
vn 0.70677954 -1.3781543e-05 0.70743382
vn 0.70677841 -3.5692274e-06 0.70743513
vn -0.7414009 -0.67106181 -0.00088948297
vn -0.63411176 -0.77324098 -0.00077968161
vn -0.74056756 -0.67198133 -0.0008886421
vn 0.0013730625 -0.62774324 -0.77841932
vn 0.0014350193 -0.58021778 -0.81446016
vn 0.0013541533 -0.57822347 -0.81587732
vn -0.0010594368 -0.67794216 0.73511457
vn -0.00089818821 -0.775832 0.63093889
vn -0.0010596901 -0.67776567 0.7352773
vn 0.0013730625 -0.62774324 -0.77841932
vn 0.0011392471 -0.77386957 -0.63334399
vn 0.0013284627 -0.6768586 -0.73611182
vn -0.0065685506 -0.12363411 -0.99230611
vn -0.0059338841 -0.13207266 -0.99122232
vn -0.007316242 -0.0073139537 -0.99994642
vn -0.007316242 -0.0073139537 -0.99994642
vn -0.7018556 0.0012944589 0.71231812
vn -0.70224202 0.0016122824 0.71193653
vn -0.70027882 0 0.71386939
vn -0.70027882 0 0.71386939
vn 0.99155498 -0.12968695 -1.3473131e-06
vn 0.99262601 -0.12121694 -1.4543734e-06
vn 1 0 0
vn 1 0 0
vn -0.99262589 -0.12121839 0
vn -0.9915548 -0.12968862 0
vn -1 0 0
vn -1 0 0
vn -0.71194077 0.0016152347 0.70223761
vn -0.7123214 0.0012972384 0.70185214
vn -0.7138688 2.081679e-06 0.70027947
vn -0.7138688 2.081679e-06 0.70027947
vn -0.00081755884 -0.13033058 -0.99147028
vn -0.00067603571 -0.12186045 -0.99254704
vn 0 0 -1
vn 0 0 -1
vn -0.69736087 -0.16545302 0.69736159
vn -0.69736087 -0.16545315 0.69736159
vn -0.70710522 0 0.70710832
vn -0.70710522 0 0.70710832
vn 0.70224375 0.001613091 0.7119348
vn 0.70185804 0.0012951083 0.71231568
vn 0.70028442 0 0.71386397
vn 0.70028442 0 0.71386397
vn 0.71193892 0.0016130896 -0.70223957
vn 0.71232039 0.0012951052 -0.70185333
vn 0.71387082 0 -0.70027739
vn 0.71387082 0 -0.70027739
vn -0.00067694648 -0.12185927 0.99254715
vn -0.00081840612 -0.13032928 0.99147046
vn 0 0 1
vn 0 0 1
vn 0.69736093 -0.16545282 0.69736159
vn 0.69736093 -0.16545278 0.69736153
vn 0.70710671 0 0.70710671
vn 0.70710671 0 0.70710671
vn -0.70224035 0.0016141068 -0.71193808
vn -0.70185453 0.0012959157 -0.7123192
vn -0.70028019 0 -0.71386814
vn -0.70028019 0 -0.71386814
vn -0.99147099 -0.13032444 0.00082692149
vn -0.99254864 -0.12184702 0.0007017256
vn -1 0 -7.4506767e-07
vn -1 0 -7.4506767e-07
vn -0.69735909 -0.16545229 -0.69736362
vn -0.69735897 -0.16545214 -0.69736356
vn -0.70710319 0 -0.70711046
vn -0.70710319 0 -0.70711046
vn 0.00082042749 -0.1303284 0.99147052
vn 0.00068198825 -0.12185682 0.99254751
vn 0 0 1
vn 0 0 1
vn 0.69735938 -0.16545257 -0.69736308
vn 0.69735938 -0.16545273 -0.69736314
vn 0.70710367 0 -0.70710987
vn 0.70710367 0 -0.70710987
vn 0.99254864 -0.12184689 0.00070175022
vn 0.99147105 -0.13032471 0.00082705793
vn 1 0 0
vn 1 0 0
vn 0.71231848 0.0012956004 0.70185524
vn 0.71193731 0.0016136956 0.70224112
vn 0.71386808 0 0.70028013
vn 0.71386808 0 0.70028013
vn -0.70712811 1.8980631e-05 -0.70708543
vn -0.70712811 1.8980631e-05 -0.70708543
vn -0.70712948 1.7477721e-05 -0.70708418
vn -0.70712942 1.7472601e-05 -0.70708412
vn 6.6084874e-07 -0.93788522 -0.34694579
vn 1.2495011e-06 -0.85065019 -0.52573216
vn 2.499002e-06 -0.85064989 -0.52573252
vn 1.3216976e-06 -0.93788522 -0.34694591
vn 1.0094338e-06 -0.68721431 -0.72645479
vn 0.00077691238 -0.4661912 -0.88468367
vn 0.0010399629 -0.46589294 -0.88484049
vn 2.0188691e-06 -0.68721455 -0.72645456
vn 7.9600532e-06 -0.30541173 -0.95222038
vn -0.0059338841 -0.13207266 -0.99122232
vn -0.0065685506 -0.12363411 -0.99230611
vn -0.0018619882 -0.30562827 -0.95214909
vn -0.71229124 0.0012874876 -0.7018829
vn -0.70868313 0.0014625059 -0.70552528
vn -0.70869052 0.0014692943 -0.70551795
vn -0.71189737 0.0016087084 -0.70228171
vn -1.2197584e-07 -0.85065037 0.52573192
vn -2.1117862e-07 -0.68721503 0.72645402
vn -2.711262e-07 -0.73025876 0.68317062
vn -3.5086055e-07 -0.87079567 0.49164507
vn -2.1117862e-07 -0.68721503 0.72645402
vn 0.00077629398 -0.46619228 0.88468307
vn 0.00037829301 -0.49024206 0.87158626
vn -2.711262e-07 -0.73025876 0.68317062
vn -0.71386689 0 -0.70028138
vn -0.71229124 0.0012874876 -0.7018829
vn -0.71189737 0.0016087084 -0.70228171
vn -0.71386689 0 -0.70028138
vn 1.2495011e-06 -0.85065019 -0.52573216
vn 1.0094338e-06 -0.68721431 -0.72645479
vn 2.0188691e-06 -0.68721455 -0.72645456
vn 2.499002e-06 -0.85064989 -0.52573252
vn 0.00077691238 -0.4661912 -0.88468367
vn 7.9600532e-06 -0.30541173 -0.95222038
vn -0.0018619882 -0.30562827 -0.95214909
vn 0.0010399629 -0.46589294 -0.88484049
vn -1.2221275e-07 -0.93788505 0.34694597
vn -1.2197584e-07 -0.85065037 0.52573192
vn -3.5086055e-07 -0.87079567 0.49164507
vn -1.2903627e-07 -0.95456064 0.29801711
vn 0 -1 3.9113309e-07
vn -1.2221275e-07 -0.93788505 0.34694597
vn -1.2903627e-07 -0.95456064 0.29801711
vn 0 -1 -1.1511873e-07
vn 0 -1 3.9113309e-07
vn 6.6084874e-07 -0.93788522 -0.34694579
vn 1.3216976e-06 -0.93788522 -0.34694591
vn 0 -1 6.8448293e-07
vn 0.00077629398 -0.46619228 0.88468307
vn 0.0017910542 -0.30789036 0.95142019
vn 0.0016997448 -0.32050887 0.94724393
vn 0.00037829301 -0.49024206 0.87158626
vn 0.0017910542 -0.30789036 0.95142019
vn 0.00082042749 -0.1303284 0.99147052
vn 0.0016997448 -0.32050887 0.94724393
vn 0.72645354 -0.68721569 0
vn 0.52645451 -0.85020334 1.238185e-07
vn 0.49268883 -0.87020546 3.5623893e-07
vn 0.68317038 -0.730259 0
vn 0.99147105 -0.13032471 0.00082705793
vn 0.95141625 -0.30790225 0.0017882825
vn 0.94723743 -0.32052833 0.0016557643
vn 0.52645451 -0.85020334 1.238185e-07
vn 0.34727812 -0.93776214 1.362868e-07
vn 0.29769704 -0.95466048 1.667624e-07
vn 0.49268883 -0.87020546 3.5623893e-07
vn -0.34694669 -0.93788481 -2.1283928e-07
vn -0.0004954458 -0.99999988 -1.1054798e-07
vn -0.00049492752 -0.99999994 0
vn -0.34694636 -0.93788493 0
vn -0.52573222 -0.85065019 -9.2556455e-08
vn -0.34694669 -0.93788481 -2.1283928e-07
vn -0.34694636 -0.93788493 0
vn -0.52573246 -0.85064995 0
vn -0.8846733 -0.46621081 0.00075818377
vn -0.72645378 -0.68721527 0
vn -0.72645366 -0.68721545 0
vn -0.88482845 -0.46591574 0.0010394163
vn -0.99147099 -0.13032444 0.00082692149
vn -0.95141619 -0.30790275 0.0017884709
vn -0.95161045 -0.30730206 0.0017325421
vn -0.99254864 -0.12184702 0.0007017256
vn 0.70185661 0.001295106 -0.71231711
vn 0.70548391 0.0014731943 -0.70872444
vn 0.70548141 0.0014754323 -0.70872682
vn 0.70224279 0.0016130887 -0.71193576
vn 0.95141625 -0.30790225 0.0017882825
vn 0.88467324 -0.4662109 0.00075764192
vn 0.87157983 -0.49025363 0.00035157739
vn 0.94723743 -0.32052833 0.0016557643
vn 0.88467324 -0.4662109 0.00075764192
vn 0.72645354 -0.68721569 0
vn 0.68317038 -0.730259 0
vn 0.87157983 -0.49025363 0.00035157739
vn 0.34727812 -0.93776214 1.362868e-07
vn -0.0004954458 -0.99999988 -1.1054798e-07
vn -0.00018643937 -1 -2.2075963e-07
vn 0.29769704 -0.95466048 1.667624e-07
vn -0.72645378 -0.68721527 0
vn -0.52573222 -0.85065019 -9.2556455e-08
vn -0.52573246 -0.85064995 0
vn -0.72645366 -0.68721545 0
vn -0.95141619 -0.30790275 0.0017884709
vn -0.8846733 -0.46621081 0.00075818377
vn -0.88482845 -0.46591574 0.0010394163
vn -0.95161045 -0.30730206 0.0017325421
vn 0.7002809 0 -0.71386737
vn 0.70185661 0.001295106 -0.71231711
vn 0.70224279 0.0016130887 -0.71193576
vn 0.7002809 0 -0.71386737
vn 6.0309731e-07 -0.68636853 -0.72725391
vn -0.0007795553 -0.46405375 -0.88580674
vn -0.00038381075 -0.48760566 -0.87306398
vn 0 -0.73040605 -0.68301308
vn -0.0007795553 -0.46405375 -0.88580674
vn -0.0017895056 -0.30788815 -0.95142084
vn -0.0017076154 -0.32050496 -0.94724536
vn -0.00038381075 -0.48760566 -0.87306398
vn -1.218917e-07 -0.93788505 -0.34694627
vn 4.7476397e-07 -0.85130441 -0.52467221
vn -3.4973061e-07 -0.87110484 -0.49109697
vn -1.2869747e-07 -0.95456052 -0.29801723
vn -1.7098981e-07 -0.85065025 0.5257321
vn -5.9208327e-07 -0.68721533 0.72645366
vn 0 -0.68721545 0.72645366
vn 0 -0.85065007 0.52573234
vn -0.00078100013 -0.46618748 0.88468564
vn -0.0017907848 -0.30788717 0.9514212
vn -0.0017070168 -0.30728519 0.95161593
vn -0.0010390899 -0.46588871 0.88484269
vn 9.6954061e-08 -0.93788493 0.34694648
vn -1.7098981e-07 -0.85065025 0.5257321
vn 0 -0.85065007 0.52573234
vn 0 -0.93788493 0.34694645
vn 9.9341335e-08 -1 -2.5912573e-07
vn -1.218917e-07 -0.93788505 -0.34694627
vn -1.2869747e-07 -0.95456052 -0.29801723
vn 1.9868234e-07 -1 7.6745863e-08
vn -0.0017895056 -0.30788815 -0.95142084
vn -0.00081755884 -0.13033058 -0.99147028
vn -0.0017076154 -0.32050496 -0.94724536
vn 4.7476397e-07 -0.85130441 -0.52467221
vn 6.0309731e-07 -0.68636853 -0.72725391
vn 0 -0.73040605 -0.68301308
vn -3.4973061e-07 -0.87110484 -0.49109697
vn 9.9341335e-08 -1 -2.5912573e-07
vn 9.6954061e-08 -0.93788493 0.34694648
vn 0 -0.93788493 0.34694645
vn 0 -1 -8.1160135e-07
vn -5.9208327e-07 -0.68721533 0.72645366
vn -0.00078100013 -0.46618748 0.88468564
vn -0.0010390899 -0.46588871 0.88484269
vn 0 -0.68721545 0.72645366
vn -0.0017907848 -0.30788717 0.9514212
vn -0.00081840612 -0.13032928 0.99147046
vn -0.00067694648 -0.12185927 0.99254715
vn -0.0017070168 -0.30728519 0.95161593
vn -0.88448328 -0.46657187 0
vn -0.72645408 -0.68721497 4.3036611e-08
vn -0.68317068 -0.73025876 1.1657235e-07
vn -0.87155348 -0.49030039 0
vn 0.72645414 -0.68721491 -2.202277e-07
vn 0.52573192 -0.85065043 -4.354842e-07
vn 0.52573228 -0.85065001 -1.2840756e-06
vn 0.72645444 -0.68721467 -6.1260221e-07
vn 0.95143735 -0.30784228 -8.3638253e-07
vn 0.88448298 -0.46657231 -1.1025382e-07
vn 0.88448322 -0.46657205 0
vn 0.95143735 -0.30784255 -1.4471844e-06
vn 0.34694532 -0.93788534 -1.7686615e-07
vn -2.2979071e-07 -1 4.66938e-09
vn -3.5201987e-07 -1 0
vn 0.34694535 -0.93788534 -6.7913368e-07
vn -0.72645408 -0.68721497 4.3036611e-08
vn -0.52573138 -0.85065061 1.197322e-08
vn -0.4919934 -0.87059897 -3.9703281e-08
vn -0.68317068 -0.73025876 1.1657235e-07
vn -0.9915548 -0.12968862 0
vn -0.9514367 -0.30784458 0
vn -0.94743907 -0.31993654 0
vn -0.52573138 -0.85065061 1.197322e-08
vn -0.34694573 -0.93788517 -6.7213513e-08
vn -0.29880029 -0.9543156 -1.3968177e-07
vn -0.4919934 -0.87059897 -3.9703281e-08
vn -0.9514367 -0.30784458 0
vn -0.88448328 -0.46657187 0
vn -0.87155348 -0.49030039 0
vn -0.94743907 -0.31993654 0
vn -0.34694573 -0.93788517 -6.7213513e-08
vn -2.2979071e-07 -1 4.66938e-09
vn 0.0038289719 -0.99999267 1.1775243e-08
vn -0.29880029 -0.9543156 -1.3968177e-07
vn 0.88448298 -0.46657231 -1.1025382e-07
vn 0.72645414 -0.68721491 -2.202277e-07
vn 0.72645444 -0.68721467 -6.1260221e-07
vn 0.88448322 -0.46657205 0
vn 0.99155498 -0.12968695 -1.3473131e-06
vn 0.95143735 -0.30784228 -8.3638253e-07
vn 0.95143735 -0.30784255 -1.4471844e-06
vn 0.99262601 -0.12121694 -1.4543734e-06
vn 0.52573192 -0.85065043 -4.354842e-07
vn 0.34694532 -0.93788534 -1.7686615e-07
vn 0.34694535 -0.93788534 -6.7913368e-07
vn 0.52573228 -0.85065001 -1.2840756e-06
vn 0 -0.93776238 -0.34727755
vn 0 -0.99999994 0.00049472222
vn -2.0697378e-08 -0.99999982 0.00049544562
vn 2.2168724e-07 -0.93776238 -0.34727761
vn -0.29801846 -0.95456016 -1.0705525e-07
vn -0.49164483 -0.87079585 -9.618492e-08
vn -0.52573174 -0.85065049 -8.5849585e-08
vn -0.34694588 -0.93788511 -3.6427959e-08
vn -0.49164483 -0.87079585 -9.618492e-08
vn -0.6831705 -0.73025882 -3.7053542e-07
vn -0.72645396 -0.68721503 -3.9900075e-07
vn -0.52573174 -0.85065049 -8.5849585e-08
vn -0.6831705 -0.73025882 -3.7053542e-07
vn -0.87158656 -0.49024153 -0.00037929512
vn -0.88468331 -0.46619183 -0.00077695254
vn -0.72645396 -0.68721503 -3.9900075e-07
vn -0.87158656 -0.49024153 -0.00037929512
vn -0.94819331 -0.31768969 -0.0016708501
vn -0.9522205 -0.30541131 -7.1887125e-06
vn -0.88468331 -0.46619183 -0.00077695254
vn -0.94819331 -0.31768969 -0.0016708501
vn -0.9912222 -0.13207351 0.0059350613
vn -0.9522205 -0.30541131 -7.1887125e-06
vn -3.0698345e-07 -1 2.4835312e-08
vn 0.29801682 -0.95456064 -1.0340683e-07
vn 0.34694588 -0.93788517 -5.4711343e-08
vn -9.9738918e-07 -0.99999994 1.2417686e-08
vn 3.4912171e-07 -0.87079549 -0.49164549
vn 1.213714e-07 -0.85065007 -0.52573222
vn 0 -0.68721575 -0.72645342
vn 0 -0.73025906 -0.68317032
vn 0 -0.73025906 -0.68317032
vn 0 -0.68721575 -0.72645342
vn 0 -0.46657246 -0.88448292
vn 0 -0.49030182 -0.87155277
vn 0 -0.49030182 -0.87155277
vn 0 -0.46657246 -0.88448292
vn 0 -0.30784294 -0.95143718
vn 0 -0.31993559 -0.94743925
vn 0 -0.31993559 -0.94743925
vn 0 -0.30784294 -0.95143718
vn 0 -0.1296874 -0.99155486
vn -0.34694615 -0.93788505 0
vn -0.52467245 -0.85130423 0
vn -0.52467269 -0.85130411 -1.2190262e-08
vn -0.34694627 -0.93788505 6.6830637e-08
vn 1.7600986e-07 -0.99999994 0
vn 0.34694523 -0.93788534 0
vn 0.34694585 -0.93788522 -1.5824759e-07
vn -1.7112076e-07 -1 -1.3685785e-07
vn -4.7671151e-07 -0.9545604 0.29801732
vn -2.4143691e-07 -0.93788487 0.34694663
vn 3.2538097e-07 -0.85064995 0.5257324
vn -4.7433957e-07 -0.8711558 0.49100679
vn -4.7433957e-07 -0.8711558 0.49100679
vn 3.2538097e-07 -0.85064995 0.5257324
vn 8.4239781e-07 -0.68721533 0.72645372
vn -2.8890184e-07 -0.72913754 0.68436724
vn -2.8890184e-07 -0.72913754 0.68436724
vn 8.4239781e-07 -0.68721533 0.72645372
vn 0.00075839105 -0.46621069 0.88467336
vn 0.00035484624 -0.48959649 0.87194902
vn 0.00035484624 -0.48959649 0.87194902
vn 0.00075839105 -0.46621069 0.88467336
vn 0.0017892688 -0.30790332 0.95141608
vn 0.001655983 -0.32053015 0.94723696
vn 0.001655983 -0.32053015 0.94723696
vn 0.0017892688 -0.30790332 0.95141608
vn 0.00082819629 -0.13032444 0.99147099
vn -6.3315372e-07 -1 -2.7371573e-07
vn -0.29801846 -0.95456016 -1.0705525e-07
vn -0.34694588 -0.93788511 -3.6427959e-08
vn -1.7112076e-07 -1 -1.3685785e-07
vn 0.49164578 -0.87079525 1.0409052e-07
vn 0.68316966 -0.7302596 7.3716853e-07
vn 0.72645319 -0.68721592 6.84795e-07
vn 0.52573252 -0.85064995 4.398087e-07
vn 0.68316966 -0.7302596 7.3716853e-07
vn 0.87158769 -0.49023959 0.00038561091
vn 0.88468516 -0.46618831 0.00078037614
vn 0.72645319 -0.68721592 6.84795e-07
vn 0.87158769 -0.49023959 0.00038561091
vn 0.94724584 -0.32050332 0.0017092663
vn 0.95142144 -0.30788633 0.0017910863
vn 0.88468516 -0.46618831 0.00078037614
vn 0.94724584 -0.32050332 0.0017092663
vn 0.99147058 -0.13032845 0.00081975787
vn 0.95142144 -0.30788633 0.0017910863
vn 0.29801682 -0.95456064 -1.0340683e-07
vn 0.49164578 -0.87079525 1.0409052e-07
vn 0.52573252 -0.85064995 4.398087e-07
vn 0.34694588 -0.93788517 -5.4711343e-08
vn 0.88484031 -0.46589339 -0.0010385962
vn 0.9516148 -0.30728883 -0.0017117583
vn 0.95142019 -0.30789036 -0.0017928882
vn 0.88468319 -0.46619183 -0.00077615993
vn 0.52573174 -0.85065049 0
vn 0.72645426 -0.68721473 0
vn 0.72645414 -0.68721491 4.7142242e-07
vn 0.52573204 -0.85065025 1.9656122e-07
vn 0.9516148 -0.30728883 -0.0017117583
vn 0.99254739 -0.12185733 -0.00068216864
vn 0.99147046 -0.13032888 -0.000821102
vn 0.95142019 -0.30789036 -0.0017928882
vn 0.72645426 -0.68721473 0
vn 0.88484031 -0.46589339 -0.0010385962
vn 0.88468319 -0.46619183 -0.00077615993
vn 0.72645414 -0.68721491 4.7142242e-07
vn 4.7036357e-07 -0.95456034 -0.29801777
vn 2.3796893e-07 -0.93788499 -0.34694633
vn 1.213714e-07 -0.85065007 -0.52573222
vn 3.4912171e-07 -0.87079549 -0.49164549
vn 0.0017312398 -0.30730224 -0.95161039
vn 0.0010386335 -0.46591511 -0.88482887
vn 0.00075776846 -0.4662104 -0.88467354
vn 0.0017882518 -0.30790305 -0.95141602
vn 0 -0.68721527 -0.72645378
vn 0 -0.85020381 -0.52645379
vn 1.238185e-07 -0.85020357 -0.52645409
vn 0 -0.68721527 -0.72645378
vn -1.5058622e-06 -1 0
vn -0.34694615 -0.93788505 0
vn -0.34694627 -0.93788505 6.6830637e-08
vn -9.9738918e-07 -0.99999994 1.2417686e-08
vn 0.00070157443 -0.12184776 -0.99254858
vn 0.0017312398 -0.30730224 -0.95161039
vn 0.0017882518 -0.30790305 -0.95141602
vn 0.00082687254 -0.13032557 -0.99147087
vn 0.0010386335 -0.46591511 -0.88482887
vn 0 -0.68721527 -0.72645378
vn 0 -0.68721527 -0.72645378
vn 0.00075776846 -0.4662104 -0.88467354
vn 0 -0.85020381 -0.52645379
vn 0 -0.93776238 -0.34727755
vn 2.2168724e-07 -0.93776238 -0.34727761
vn 1.238185e-07 -0.85020357 -0.52645409
vn -0.95161587 -0.30728549 0.0017070139
vn -0.99254721 -0.12185902 0.00067694508
vn -0.99147052 -0.13032901 0.00081840565
vn -0.95142114 -0.30788749 0.0017906536
vn -0.72725379 -0.68636858 0
vn -0.88596261 -0.46375561 0.0010388313
vn -0.8858062 -0.46405461 0.00078025303
vn -0.72725397 -0.68636835 -4.3078501e-08
vn 0.34694523 -0.93788534 0
vn 0.52573174 -0.85065049 0
vn 0.52573204 -0.85065025 1.9656122e-07
vn 0.34694585 -0.93788522 -1.5824759e-07
vn -0.88596261 -0.46375561 0.0010388313
vn -0.95161587 -0.30728549 0.0017070139
vn -0.95142114 -0.30788749 0.0017906536
vn -0.8858062 -0.46405461 0.00078025303
vn -0.52467245 -0.85130423 0
vn -0.72725379 -0.68636858 0
vn -0.72725397 -0.68636835 -4.3078501e-08
vn -0.52467269 -0.85130411 -1.2190262e-08
vn -4.0847532e-08 -1 0.00018649671
vn -2.0697378e-08 -0.99999982 0.00049544562
vn -2.4143691e-07 -0.93788487 0.34694663
vn -4.7671151e-07 -0.9545604 0.29801732
vn 0 -0.12121736 0.99262589
vn 0 -0.3078433 0.95143712
vn 0 -0.30784306 0.95143712
vn 0 -0.12968749 0.99155486
vn 0 -0.46657231 0.88448298
vn 0 -0.68721533 0.72645372
vn 0 -0.68721521 0.72645384
vn 0 -0.4665722 0.88448316
vn 0 -0.85065007 0.52573216
vn 0 -0.93788493 0.34694648
vn -2.2013873e-07 -0.93788499 0.34694636
vn -1.2247099e-07 -0.85065007 0.52573228
vn 4.5505523e-08 -0.99999273 -0.0038292091
vn 1.9398072e-08 -1 1.0756162e-07
vn 2.3796893e-07 -0.93788499 -0.34694633
vn 4.7036357e-07 -0.95456034 -0.29801777
vn 0 -0.3078433 0.95143712
vn 0 -0.46657231 0.88448298
vn 0 -0.4665722 0.88448316
vn 0 -0.30784306 0.95143712
vn 0 -0.68721533 0.72645372
vn 0 -0.85065007 0.52573216
vn -1.2247099e-07 -0.85065007 0.52573228
vn 0 -0.68721521 0.72645384
vn 0 -0.93788493 0.34694648
vn 0 -1 6.8448298e-07
vn 1.9398072e-08 -1 1.0756162e-07
vn -2.2013873e-07 -0.93788499 0.34694636
vn 0.70695126 -0.00021620591 0.70726216
vn 0.71696633 0.0010082583 0.69710702
vn 0.71693885 0.0010089222 0.69713533
vn 0.70695055 -0.00021706641 0.70726299
vn -0.69956899 -0.028054789 0.71401411
vn -0.7036984 -0.011911877 0.71039909
vn -0.70369953 -0.011906698 0.71039784
vn -0.69956899 -0.028054789 0.71401411
vn -0.70815939 -0.0055076019 -0.70603114
vn -0.70714599 0.00095375284 -0.70706695
vn -0.70714569 0.00095130265 -0.70706731
vn -0.7081638 -0.0055175237 -0.70602661
vn -0.71064246 -0.014037486 0.70341319
vn -0.71401954 -0.028073885 0.69956267
vn -0.71401954 -0.028073885 0.69956267
vn -0.71064138 -0.014033156 0.70341444
vn 0.69956017 -0.028087774 -0.71402144
vn 0.70341128 -0.014046988 -0.71064419
vn 0.70341253 -0.014042296 -0.71064305
vn 0.69956017 -0.028087774 -0.71402144
vn -0.70710653 1.0096014e-06 0.70710701
vn -0.71064246 -0.014037486 0.70341319
vn -0.71064138 -0.014033156 0.70341444
vn -0.70710647 1.010101e-06 0.70710701
vn 0.7060765 -0.0009911349 0.70813501
vn 0.70695126 -0.00021620591 0.70726216
vn 0.70695055 -0.00021706641 0.70726299
vn 0.70607638 -0.00099126704 0.70813495
vn 0.70952553 -0.0090945484 -0.70462108
vn 0.71084172 -0.0159944 -0.70317006
vn 0.71084082 -0.015990868 -0.70317119
vn 0.70952916 -0.0091039371 -0.70461726
vn 0.70341128 -0.014046988 -0.71064419
vn 0.70710623 -5.5828093e-07 -0.70710737
vn 0.70710629 -5.5950289e-07 -0.70710731
vn 0.70341253 -0.014042296 -0.71064305
vn -0.70714599 0.00095375284 -0.70706695
vn -0.70699424 0.0023077708 -0.70721567
vn -0.7069934 0.0023051342 -0.70721638
vn -0.70714569 0.00095130265 -0.70706731
vn -0.7036984 -0.011911877 0.71039909
vn -0.70442241 0.013496015 0.70965272
vn -0.7044338 0.01346338 0.70964199
vn -0.70369953 -0.011906698 0.71039784
vn -0.70710695 -3.7806279e-07 0.70710659
vn -0.70710653 1.0096014e-06 0.70710701
vn -0.70710647 1.010101e-06 0.70710701
vn -0.70710695 -3.7805285e-07 0.70710665
vn 0.70839792 0.0013065726 0.70581192
vn 0.7060765 -0.0009911349 0.70813501
vn 0.70607638 -0.00099126704 0.70813495
vn 0.70840091 0.001309047 0.705809
vn 0.71403354 -0.012699317 -0.69999629
vn 0.70952553 -0.0090945484 -0.70462108
vn 0.70952916 -0.0091039371 -0.70461726
vn 0.71404457 -0.012693874 -0.69998515
vn 0.70710623 -5.5828093e-07 -0.70710737
vn 0.70710701 1.7122508e-06 -0.70710647
vn 0.70710707 1.7122557e-06 -0.70710659
vn 0.70710629 -5.5950289e-07 -0.70710731
vn -0.70699424 0.0023077708 -0.70721567
vn -0.7051549 0.0016367129 -0.70905131
vn -0.70515293 0.0016386951 -0.70905328
vn -0.7069934 0.0023051342 -0.70721638
vn -0.70442241 0.013496015 0.70965272
vn -0.71584672 0.0072665559 0.6982196
vn -0.71579993 0.0073167169 0.69826704
vn -0.7044338 0.01346338 0.70964199
vn -0.70710802 -1.7133492e-06 0.70710564
vn -0.70710695 -3.7806279e-07 0.70710659
vn -0.70710695 -3.7805285e-07 0.70710665
vn -0.70710796 -1.7139646e-06 0.70710558
vn 0.71231794 0.0012951057 0.70185584
vn 0.70839792 0.0013065726 0.70581192
vn 0.70840091 0.001309047 0.705809
vn 0.71193677 0.0016130878 0.70224172
vn 0.71414602 -0.0068311631 -0.69996345
vn 0.71403354 -0.012699317 -0.69999629
vn 0.71404457 -0.012693874 -0.69998515
vn 0.71415925 -0.0068550291 -0.69994974
vn 0.70710701 1.7122508e-06 -0.70710647
vn 0.70710713 1.8243535e-06 -0.70710653
vn 0.70710701 1.824554e-06 -0.70710641
vn 0.70710707 1.7122557e-06 -0.70710659
vn -0.71584672 0.0072665559 0.6982196
vn -0.72094893 -0.0029377535 0.69298202
vn -0.72087318 -0.0028946246 0.69306087
vn -0.71579993 0.0073167169 0.69826704
vn -0.7051549 0.0016367129 -0.70905131
vn -0.70185435 0.0012954291 -0.71231931
vn -0.70224029 0.0016134906 -0.71193814
vn -0.70515293 0.0016386951 -0.70905328
vn -0.6442467 -0.41218001 -0.6442467
vn -0.69736135 -0.16545202 -0.69736135
vn -0.69736135 -0.16545193 -0.69736135
vn -0.6442467 -0.41217995 -0.6442467
vn -0.56896293 -0.59376895 -0.56896353
vn -0.6442467 -0.41218001 -0.6442467
vn -0.6442467 -0.41217995 -0.6442467
vn -0.56896299 -0.59376901 -0.56896353
vn -0.42859286 -0.79537183 -0.42859271
vn -0.56896293 -0.59376895 -0.56896353
vn -0.56896299 -0.59376901 -0.56896353
vn -0.42859289 -0.79537177 -0.4285928
vn -0.28375423 -0.91595155 -0.28375393
vn -0.42859286 -0.79537183 -0.42859271
vn -0.42859289 -0.79537177 -0.4285928
vn -0.28375423 -0.91595161 -0.28375393
vn -0.18050811 -0.96684891 -0.18060994
vn -0.28375423 -0.91595155 -0.28375393
vn -0.28375423 -0.91595161 -0.28375393
vn -0.18050787 -0.96684897 -0.18060972
vn 0.69736022 -0.16545217 -0.6973626
vn 0.64424598 -0.41217986 -0.64424747
vn 0.6442461 -0.41217944 -0.64424759
vn 0.69736004 -0.16545232 -0.69736248
vn 0.64424598 -0.41217986 -0.64424747
vn 0.56896329 -0.5937686 -0.56896365
vn 0.56896317 -0.59376878 -0.56896353
vn 0.6442461 -0.41217944 -0.64424759
vn 0.56896329 -0.5937686 -0.56896365
vn 0.42859012 -0.79537666 -0.42858666
vn 0.42859715 -0.79536903 -0.4285937
vn 0.56896317 -0.59376878 -0.56896353
vn 0.42859012 -0.79537666 -0.42858666
vn 0.28339836 -0.91586679 -0.28438258
vn 0.28337467 -0.91588128 -0.28435943
vn 0.42859715 -0.79536903 -0.4285937
vn 0.28339836 -0.91586679 -0.28438258
vn 0.18009652 -0.96673054 -0.18165185
vn 0.17954947 -0.96693558 -0.18110064
vn 0.28337467 -0.91588128 -0.28435943
vn -0.64424092 -0.41219619 0.64424211
vn -0.69736338 -0.1654525 0.69735914
vn -0.6973635 -0.16545194 0.69735914
vn -0.64424694 -0.41217762 0.64424801
vn -0.57061374 -0.59313345 0.56797236
vn -0.64424092 -0.41219619 0.64424211
vn -0.64424694 -0.41217762 0.64424801
vn -0.57058126 -0.5931977 0.56793803
vn -0.43155661 -0.79458904 0.42706817
vn -0.57061374 -0.59313345 0.56797236
vn -0.57058126 -0.5931977 0.56793803
vn -0.43059441 -0.79562223 0.42611465
vn -0.28015587 -0.91528469 0.28942469
vn -0.43155661 -0.79458904 0.42706817
vn -0.43059441 -0.79562223 0.42611465
vn -0.27972981 -0.9155165 0.28910333
vn -0.16964659 -0.9676761 0.18660961
vn -0.28015587 -0.91528469 0.28942469
vn -0.27972981 -0.9155165 0.28910333
vn -0.17544976 -0.96539944 0.19292817
vn 0.18009652 -0.96673054 -0.18165185
vn 0.12303536 -0.98460513 -0.12415721
vn 0.12303536 -0.98460513 -0.12415721
vn 0.17954947 -0.96693558 -0.18110064
vn -0.11616928 -0.98489809 0.12837602
vn -0.16964659 -0.9676761 0.18660961
vn -0.17544976 -0.96539944 0.19292817
vn -0.11616928 -0.98489809 0.12837602
vn 0.64420027 -0.41227809 0.64423037
vn 0.69736254 -0.16545285 0.69735998
vn 0.69736248 -0.16545273 0.69735998
vn 0.64424193 -0.41214794 0.64427203
vn 0.56113261 -0.59080189 0.57972687
vn 0.64420027 -0.41227809 0.64423037
vn 0.64424193 -0.41214794 0.64427203
vn 0.56175768 -0.589791 0.58015066
vn 0.41708753 -0.79063195 0.44826251
vn 0.56113261 -0.59080189 0.57972687
vn 0.56175768 -0.589791 0.58015066
vn 0.41174209 -0.79661584 0.44257399
vn 0.27657601 -0.91651136 0.28898558
vn 0.41708753 -0.79063195 0.44826251
vn 0.41174209 -0.79661584 0.44257399
vn 0.27628347 -0.91672027 0.28860277
vn 0.18051617 -0.96684533 0.1806211
vn 0.27657601 -0.91651136 0.28898558
vn 0.27628347 -0.91672027 0.28860277
vn 0.18046269 -0.9668653 0.18056771
vn -0.12364753 -0.98456717 -0.12385049
vn -0.18050811 -0.96684891 -0.18060994
vn -0.18050787 -0.96684897 -0.18060972
vn -0.12364753 -0.98456717 -0.12385049
vn 0.12360744 -0.98457801 0.12380432
vn 0.18051617 -0.96684533 0.1806211
vn 0.18046269 -0.9668653 0.18056771
vn 0.12360744 -0.98457801 0.12380432
vn 0.71084172 -0.0159944 -0.70317006
vn 0.71394694 -0.027773542 -0.69964874
vn 0.71394694 -0.027773542 -0.69964874
vn 0.71084082 -0.015990868 -0.70317119
vn 0.70548207 0.0014717779 0.70872617
vn 0.70185488 0.0012956578 0.71231878
vn 0.70224112 0.0016136065 0.71193749
vn 0.70547956 0.0014740188 0.70872867
vn -0.711954 -0.022073941 -0.70187896
vn -0.70815939 -0.0055076019 -0.70603114
vn -0.7081638 -0.0055175237 -0.70602661
vn -0.71194202 -0.022004085 -0.70189357
vn -0.70872337 0.0014706885 -0.70548493
vn -0.70710427 -1.8243577e-06 -0.70710927
vn -0.70710433 -1.8245594e-06 -0.70710933
vn -0.70872581 0.0014729284 -0.70548248
vn 0.71696633 0.0010082583 0.69710702
vn 0.70470756 -0.0078574913 0.7094543
vn 0.70461237 -0.0078963256 0.70954847
vn 0.71693885 0.0010089222 0.69713533
vn -0.7036202 -0.013138791 -0.7104547
vn -0.70109445 -0.027786938 -0.7125268
vn -0.70109445 -0.027786938 -0.7125268
vn -0.7036199 -0.013140852 -0.71045512
vn 0.70710504 -1.6683058e-06 0.7071085
vn 0.70548207 0.0014717779 0.70872617
vn 0.70547956 0.0014740188 0.70872867
vn 0.70710504 -1.6679186e-06 0.70710856
vn 0.7140457 -0.028778698 0.6995073
vn 0.71077198 -0.014812539 0.7032665
vn 0.71076936 -0.014801892 0.7032693
vn 0.7140457 -0.028778698 0.6995073
vn -0.70710427 -1.8243577e-06 -0.70710927
vn -0.70718002 0.00014122266 -0.70703351
vn -0.70718008 0.00014122763 -0.70703351
vn -0.70710433 -1.8245594e-06 -0.70710933
vn -0.71419829 -0.035431568 -0.69904602
vn -0.711954 -0.022073941 -0.70187896
vn -0.71194202 -0.022004085 -0.70189357
vn -0.71419829 -0.035431568 -0.69904602
vn 0.70470756 -0.0078574913 0.7094543
vn 0.68303186 -0.016549991 0.73020107
vn 0.68303186 -0.016549991 0.73020107
vn 0.70461237 -0.0078963256 0.70954847
vn 0.7071833 -0.00014670152 0.70703018
vn 0.70710504 -1.6683058e-06 0.7071085
vn 0.70710504 -1.6679186e-06 0.70710856
vn 0.70718336 -0.00014670449 0.70703024
vn -0.70718002 0.00014122266 -0.70703351
vn -0.70662248 0.00089469942 -0.70759022
vn -0.7066223 0.00089490961 -0.70759046
vn -0.70718008 0.00014122763 -0.70703351
vn -0.71100587 0.0026266603 0.70318121
vn -0.71232003 0.0012954308 0.70185375
vn -0.71193898 0.0016135027 0.70223945
vn -0.71100479 0.0026271413 0.70318222
vn 0.70872694 0.0014744739 -0.70548135
vn 0.71232128 0.0012962321 -0.70185238
vn 0.71194005 0.0016144906 -0.70223838
vn 0.70872939 0.0014767135 -0.70547885
vn 0.70730054 -0.0005637905 0.70691282
vn 0.7071833 -0.00014670152 0.70703018
vn 0.70718336 -0.00014670449 0.70703024
vn 0.70730048 -0.00056398276 0.7069127
vn 0.70185727 0.0012955976 -0.71231645
vn 0.70775378 0.00032935865 -0.70645905
vn 0.70774794 0.00033328126 -0.70646501
vn 0.70224285 0.0016136916 -0.71193552
vn -0.70662248 0.00089469942 -0.70759022
vn -0.7036202 -0.013138791 -0.7104547
vn -0.7036199 -0.013140852 -0.71045512
vn -0.7066223 0.00089490961 -0.70759046
vn -0.72094893 -0.0029377535 0.69298202
vn -0.71100587 0.0026266603 0.70318121
vn -0.71100479 0.0026271413 0.70318222
vn -0.72087318 -0.0028946246 0.69306087
vn 0.71077198 -0.014812539 0.7032665
vn 0.70730054 -0.0005637905 0.70691282
vn 0.70730048 -0.00056398276 0.7069127
vn 0.71076936 -0.014801892 0.7032693
vn 0.70710713 1.8243535e-06 -0.70710653
vn 0.70872694 0.0014744739 -0.70548135
vn 0.70872939 0.0014767135 -0.70547885
vn 0.70710701 1.824554e-06 -0.70710641
vn 0.70775378 0.00032935865 -0.70645905
vn 0.71414602 -0.0068311631 -0.69996345
vn 0.71415925 -0.0068550291 -0.69994974
vn 0.70774794 0.00033328126 -0.70646501
vn -0.70552719 0.0014620443 0.70868134
vn -0.70710802 -1.7133492e-06 0.70710564
vn -0.70710796 -1.7139646e-06 0.70710558
vn -0.70551986 0.0014688341 0.70868868
vn -0.70550835 0.00010641434 -0.70870155
vn -0.70550835 0.00010641434 -0.70870155
vn -0.70550966 0.00010637286 -0.70870036
vn -0.70550966 0.00010637289 -0.70870036
vn 0.70096993 -0.0081832856 0.71314383
vn 0.70096993 -0.0081832856 0.71314383
vn 0.69955468 -0.0014376462 0.71457756
vn 0.6995545 -0.0014367349 0.71457785
vn 0.70743084 -1.7350461e-05 -0.70678252
vn 0.70743084 -1.7350461e-05 -0.70678252
vn 0.70743108 -1.5931228e-05 -0.7067824
vn 0.70743114 -1.5931313e-05 -0.70678234
vn -0.00088500144 -0.67105961 0.74140292
vn -0.0008841973 -0.67197967 0.74056911
vn -0.0009605732 -0.57059348 0.82123214
vn -0.81380695 -0.58113354 -0.001476032
vn -0.8142916 -0.58045506 -0.0010131688
vn -0.77825207 -0.62795126 -0.0010076781
vn -0.73611081 -0.67685968 -0.0013410589
vn 0.0012819221 -0.58021653 -0.81446129
vn -0.00081537705 -0.67818147 -0.7348941
vn -0.0014239111 -0.7046895 -0.70951444
vn 0.81397939 -0.58089268 0.0011835103
vn 0.73511028 -0.67794675 0.0010572246
vn 0.73527318 -0.67776996 0.0010574837
vn -0.0014239111 -0.7046895 -0.70951444
vn -0.00081537705 -0.67818147 -0.7348941
vn -0.0032040749 -0.77719921 -0.62924653
vn -0.0032040749 -0.77719921 -0.62924653
vn 0.6995545 -0.0014367349 0.71457785
vn 0.69955468 -0.0014376462 0.71457756
vn 0.69660431 0.012124748 0.71735299
vn -0.70708299 1.8574188e-05 0.70713055
vn -0.70708287 1.8580604e-05 0.70713061
vn -0.70708513 1.4795392e-05 0.70712852
vn -0.70550966 0.00010637289 -0.70870036
vn -0.70550966 0.00010637286 -0.70870036
vn -0.70551217 0.00010628945 -0.70869786
vn -0.70551217 0.00010628945 -0.70869786
vn 0.70743114 -1.5931313e-05 -0.70678234
vn 0.70743108 -1.5931228e-05 -0.7067824
vn 0.7074315 -1.3077673e-05 -0.70678192
vn -0.00088500144 -0.67105961 0.74140292
vn -0.0007796851 -0.7732386 0.63411456
vn -0.0008841973 -0.67197967 0.74056911
vn -0.77825207 -0.62795126 -0.0010076781
vn -0.8142916 -0.58045506 -0.0010131688
vn -0.81535017 -0.57896817 0
vn 0.73511028 -0.67794675 0.0010572246
vn 0.6309368 -0.77583379 0.00089271629
vn 0.73527318 -0.67776996 0.0010574837
vn -0.77825207 -0.62795126 -0.0010076781
vn -0.63334733 -0.77386671 -0.0011613746
vn -0.73611081 -0.67685968 -0.0013410589
vn -0.99230605 -0.12363502 0.0065695955
vn -0.9912222 -0.13207351 0.0059350613
vn -0.99994636 -0.0073175021 0.0073176408
vn -0.99994636 -0.0073175021 0.0073176408
vn 0.71231794 0.0012951057 0.70185584
vn 0.71193677 0.0016130878 0.70224172
vn 0.71386737 0 0.7002809
vn 0.71386737 0 0.7002809
vn 0 -0.1296874 -0.99155486
vn 0 -0.1212172 -0.99262601
vn 0 0 -1
vn 0 0 -1
vn 0 -0.12121736 0.99262589
vn 0 -0.12968749 0.99155486
vn 0 0 1
vn 0 0 1
vn 0.70224112 0.0016136065 0.71193749
vn 0.70185488 0.0012956578 0.71231878
vn 0.70027906 6.9389245e-07 0.71386921
vn 0.70027906 6.9389245e-07 0.71386921
vn -0.99147052 -0.13032901 0.00081840565
vn -0.99254721 -0.12185902 0.00067694508
vn -1 0 0
vn -1 0 0
vn 0.69736248 -0.16545273 0.69735998
vn 0.69736254 -0.16545285 0.69735998
vn 0.70710987 0 0.70710367
vn 0.70710987 0 0.70710367
vn 0.71194005 0.0016144906 -0.70223838
vn 0.71232128 0.0012962321 -0.70185238
vn 0.71387082 0 -0.70027745
vn 0.71387082 0 -0.70027745
vn -0.70224029 0.0016134906 -0.71193814
vn -0.70185435 0.0012954291 -0.71231931
vn -0.70027953 0 -0.7138688
vn -0.70027953 0 -0.7138688
vn 0.99254727 -0.12185849 0.00067839934
vn 0.99147058 -0.13032845 0.00081975787
vn 1 0 0
vn 1 0 0
vn 0.69736022 -0.16545217 -0.6973626
vn 0.69736004 -0.16545232 -0.69736248
vn 0.70710552 0 -0.70710802
vn 0.70710552 0 -0.70710802
vn -0.71193898 0.0016135027 0.70223945
vn -0.71232003 0.0012954308 0.70185375
vn -0.71386874 0 0.70027947
vn -0.71386874 0 0.70027947
vn 0.00082819629 -0.13032444 0.99147099
vn 0.00070287328 -0.12184686 0.9925487
vn 1.1920964e-06 0 1
vn 1.1920964e-06 0 1
vn -0.6973635 -0.16545194 0.69735914
vn -0.69736338 -0.1654525 0.69735914
vn -0.70710903 0 0.70710444
vn -0.70710903 0 0.70710444
vn 0.99147046 -0.13032888 -0.000821102
vn 0.99254739 -0.12185733 -0.00068216864
vn 1 0 0
vn 1 0 0
vn -0.69736135 -0.16545193 -0.69736135
vn -0.69736135 -0.16545202 -0.69736135
vn -0.70710683 0 -0.70710683
vn -0.70710683 0 -0.70710683
vn 0.00070157443 -0.12184776 -0.99254858
vn 0.00082687254 -0.13032557 -0.99147087
vn 0 0 -1
vn 0 0 -1
vn 0.70185727 0.0012955976 -0.71231645
vn 0.70224285 0.0016136916 -0.71193552
vn 0.70028365 0 -0.71386468
vn 0.70028365 0 -0.71386468
vn -0.70708185 2.0463664e-05 0.70713168
vn -0.70708185 2.0463664e-05 0.70713168
vn -0.70708287 1.8580604e-05 0.70713061
vn -0.70708299 1.8574188e-05 0.70713055
vn -0.34694588 -0.93788511 -3.6427959e-08
vn -0.52573174 -0.85065049 -8.5849585e-08
vn -0.52573186 -0.85065025 0
vn -0.34694526 -0.93788534 0
vn -0.72645396 -0.68721503 -3.9900075e-07
vn -0.88468331 -0.46619183 -0.00077695254
vn -0.88484025 -0.46589336 -0.0010395544
vn -0.72645426 -0.68721479 -4.1332649e-07
vn -0.9522205 -0.30541131 -7.1887125e-06
vn -0.9912222 -0.13207351 0.0059350613
vn -0.99230605 -0.12363502 0.0065695955
vn -0.95214927 -0.30562761 0.0018623287
vn -0.70188355 0.0012869203 0.71229053
vn -0.70552719 0.0014620443 0.70868134
vn -0.70551986 0.0014688341 0.70868868
vn -0.70228314 0.0016081746 0.711896
vn 0.52573204 -0.85065025 1.9656122e-07
vn 0.72645414 -0.68721491 4.7142242e-07
vn 0.68317086 -0.73025864 9.7604311e-07
vn 0.49164543 -0.87079549 1.1312424e-07
vn 0.72645414 -0.68721491 4.7142242e-07
vn 0.88468319 -0.46619183 -0.00077615993
vn 0.87158632 -0.4902418 -0.00037850294
vn 0.68317086 -0.73025864 9.7604311e-07
vn -0.70027936 -7.0749866e-07 0.71386898
vn -0.70188355 0.0012869203 0.71229053
vn -0.70228314 0.0016081746 0.711896
vn -0.70027936 -7.0749866e-07 0.71386898
vn -0.52573174 -0.85065049 -8.5849585e-08
vn -0.72645396 -0.68721503 -3.9900075e-07
vn -0.72645426 -0.68721479 -4.1332649e-07
vn -0.52573186 -0.85065025 0
vn -0.88468331 -0.46619183 -0.00077695254
vn -0.9522205 -0.30541131 -7.1887125e-06
vn -0.95214927 -0.30562761 0.0018623287
vn -0.88484025 -0.46589336 -0.0010395544
vn 0.34694585 -0.93788522 -1.5824759e-07
vn 0.52573204 -0.85065025 1.9656122e-07
vn 0.49164543 -0.87079549 1.1312424e-07
vn 0.29801774 -0.95456028 -3.4999888e-07
vn -1.7112076e-07 -1 -1.3685785e-07
vn 0.34694585 -0.93788522 -1.5824759e-07
vn 0.29801774 -0.95456028 -3.4999888e-07
vn -6.3315372e-07 -1 -2.7371573e-07
vn -1.7112076e-07 -1 -1.3685785e-07
vn -0.34694588 -0.93788511 -3.6427959e-08
vn -0.34694526 -0.93788534 0
vn 1.7600986e-07 -0.99999994 0
vn 0.88468319 -0.46619183 -0.00077615993
vn 0.95142019 -0.30789036 -0.0017928882
vn 0.94724405 -0.32050866 -0.0017031003
vn 0.87158632 -0.4902418 -0.00037850294
vn 0.95142019 -0.30789036 -0.0017928882
vn 0.99147046 -0.13032888 -0.000821102
vn 0.94724405 -0.32050866 -0.0017031003
vn 0 -0.68721527 -0.72645378
vn 1.238185e-07 -0.85020357 -0.52645409
vn 3.562389e-07 -0.87020546 -0.49268898
vn 0 -0.73025894 -0.68317056
vn 0.00082687254 -0.13032557 -0.99147087
vn 0.0017882518 -0.30790305 -0.95141602
vn 0.0016556504 -0.32052898 -0.94723725
vn 1.238185e-07 -0.85020357 -0.52645409
vn 2.2168724e-07 -0.93776238 -0.34727761
vn 4.178066e-07 -0.95466071 -0.29769602
vn 3.562389e-07 -0.87020546 -0.49268898
vn -2.4143691e-07 -0.93788487 0.34694663
vn -2.0697378e-08 -0.99999982 0.00049544562
vn 0 -0.99999994 0.00049472222
vn 0 -0.93788493 0.34694648
vn 3.2538097e-07 -0.85064995 0.5257324
vn -2.4143691e-07 -0.93788487 0.34694663
vn 0 -0.93788493 0.34694648
vn 1.1101686e-06 -0.85065001 0.52573234
vn 0.00075839105 -0.46621069 0.88467336
vn 8.4239781e-07 -0.68721533 0.72645372
vn 1.8996124e-06 -0.68721557 0.72645354
vn 0.0010401839 -0.46591541 0.88482869
vn 0.00082819629 -0.13032444 0.99147099
vn 0.0017892688 -0.30790332 0.95141608
vn 0.0017327113 -0.3073017 0.95161051
vn 0.00070287328 -0.12184686 0.9925487
vn -0.71231627 0.0012947798 -0.70185751
vn -0.70872337 0.0014706885 -0.70548493
vn -0.70872581 0.0014729284 -0.70548248
vn -0.71193486 0.001612684 -0.70224363
vn 0.0017882518 -0.30790305 -0.95141602
vn 0.00075776846 -0.4662104 -0.88467354
vn 0.00035157849 -0.49025309 -0.87158012
vn 0.0016556504 -0.32052898 -0.94723725
vn 0.00075776846 -0.4662104 -0.88467354
vn 0 -0.68721527 -0.72645378
vn 0 -0.73025894 -0.68317056
vn 0.00035157849 -0.49025309 -0.87158012
vn 2.2168724e-07 -0.93776238 -0.34727761
vn -2.0697378e-08 -0.99999982 0.00049544562
vn -4.0847532e-08 -1 0.00018649671
vn 4.178066e-07 -0.95466071 -0.29769602
vn 8.4239781e-07 -0.68721533 0.72645372
vn 3.2538097e-07 -0.85064995 0.5257324
vn 1.1101686e-06 -0.85065001 0.52573234
vn 1.8996124e-06 -0.68721557 0.72645354
vn 0.0017892688 -0.30790332 0.95141608
vn 0.00075839105 -0.46621069 0.88467336
vn 0.0010401839 -0.46591541 0.88482869
vn 0.0017327113 -0.3073017 0.95161051
vn -0.71386665 0 -0.70028162
vn -0.71231627 0.0012947798 -0.70185751
vn -0.71193486 0.001612684 -0.70224363
vn -0.71386665 0 -0.70028162
vn -0.72725397 -0.68636835 -4.3078501e-08
vn -0.8858062 -0.46405461 0.00078025303
vn -0.87306356 -0.48760614 0.00038442912
vn -0.68301362 -0.73040569 -1.1669649e-07
vn -0.8858062 -0.46405461 0.00078025303
vn -0.95142114 -0.30788749 0.0017906536
vn -0.94724536 -0.32050484 0.0017086131
vn -0.87306356 -0.48760614 0.00038442912
vn -0.34694627 -0.93788505 6.6830637e-08
vn -0.52467269 -0.85130411 -1.2190262e-08
vn -0.49109736 -0.87110472 3.963984e-08
vn -0.29801732 -0.95456052 1.3902329e-07
vn 0.52573252 -0.85064995 4.398087e-07
vn 0.72645319 -0.68721592 6.84795e-07
vn 0.72645366 -0.68721545 6.0472695e-07
vn 0.52573299 -0.85064971 5.9846514e-07
vn 0.88468516 -0.46618831 0.00078037614
vn 0.95142144 -0.30788633 0.0017910863
vn 0.95161605 -0.30728486 0.0017073712
vn 0.8848421 -0.46588975 0.0010379776
vn 0.34694588 -0.93788517 -5.4711343e-08
vn 0.52573252 -0.85064995 4.398087e-07
vn 0.52573299 -0.85064971 5.9846514e-07
vn 0.34694549 -0.93788528 0
vn -9.9738918e-07 -0.99999994 1.2417686e-08
vn -0.34694627 -0.93788505 6.6830637e-08
vn -0.29801732 -0.95456052 1.3902329e-07
vn -3.0698345e-07 -1 2.4835312e-08
vn -0.95142114 -0.30788749 0.0017906536
vn -0.99147052 -0.13032901 0.00081840565
vn -0.94724536 -0.32050484 0.0017086131
vn -0.52467269 -0.85130411 -1.2190262e-08
vn -0.72725397 -0.68636835 -4.3078501e-08
vn -0.68301362 -0.73040569 -1.1669649e-07
vn -0.49109736 -0.87110472 3.963984e-08
vn -9.9738918e-07 -0.99999994 1.2417686e-08
vn 0.34694588 -0.93788517 -5.4711343e-08
vn 0.34694549 -0.93788528 0
vn -1.5058622e-06 -1 0
vn 0.72645319 -0.68721592 6.84795e-07
vn 0.88468516 -0.46618831 0.00078037614
vn 0.8848421 -0.46588975 0.0010379776
vn 0.72645366 -0.68721545 6.0472695e-07
vn 0.95142144 -0.30788633 0.0017910863
vn 0.99147058 -0.13032845 0.00081975787
vn 0.99254727 -0.12185849 0.00067839934
vn 0.95161605 -0.30728486 0.0017073712
vn 0 -0.4665722 0.88448316
vn 0 -0.68721521 0.72645384
vn 0 -0.73025876 0.68317074
vn 0 -0.49030104 0.87155318
vn 0 -0.68721575 -0.72645342
vn 1.213714e-07 -0.85065007 -0.52573222
vn 0 -0.85065001 -0.52573234
vn 0 -0.68721575 -0.72645342
vn 0 -0.30784294 -0.95143718
vn 0 -0.46657246 -0.88448292
vn 0 -0.46657243 -0.88448298
vn 0 -0.30784294 -0.95143718
vn 2.3796893e-07 -0.93788499 -0.34694633
vn 1.9398072e-08 -1 1.0756162e-07
vn 0 -1 6.8448298e-07
vn 0 -0.93788499 -0.34694615
vn 0 -0.68721521 0.72645384
vn -1.2247099e-07 -0.85065007 0.52573228
vn -3.5120252e-07 -0.8705985 0.49199426
vn 0 -0.73025876 0.68317074
vn 0 -0.12968749 0.99155486
vn 0 -0.30784306 0.95143712
vn 0 -0.31993511 0.94743955
vn -1.2247099e-07 -0.85065007 0.52573228
vn -2.2013873e-07 -0.93788499 0.34694636
vn -4.1628536e-07 -0.95431554 0.29880068
vn -3.5120252e-07 -0.8705985 0.49199426
vn 0 -0.30784306 0.95143712
vn 0 -0.4665722 0.88448316
vn 0 -0.49030104 0.87155318
vn 0 -0.31993511 0.94743955
vn -2.2013873e-07 -0.93788499 0.34694636
vn 1.9398072e-08 -1 1.0756162e-07
vn 4.5505523e-08 -0.99999273 -0.0038292091
vn -4.1628536e-07 -0.95431554 0.29880068
vn 0 -0.46657246 -0.88448292
vn 0 -0.68721575 -0.72645342
vn 0 -0.68721575 -0.72645342
vn 0 -0.46657243 -0.88448298
vn 0 -0.1296874 -0.99155486
vn 0 -0.30784294 -0.95143718
vn 0 -0.30784294 -0.95143718
vn 0 -0.1212172 -0.99262601
vn 1.213714e-07 -0.85065007 -0.52573222
vn 2.3796893e-07 -0.93788499 -0.34694633
vn 0 -0.93788499 -0.34694615
vn 0 -0.85065001 -0.52573234
vn 0 -0.9377625 -0.34727731
vn 0 -0.99999988 0.0004951522
vn 0 -0.99999994 0.00049554341
vn 1.240868e-07 -0.93776244 -0.34727734
vn -0.29801732 -0.9545604 5.7042673e-08
vn -0.49164531 -0.87079555 -1.0503179e-07
vn -0.52573234 -0.85065001 1.9532941e-07
vn -0.34694633 -0.93788499 2.0877704e-07
vn -0.49164531 -0.87079555 -1.0503179e-07
vn -0.68317115 -0.73025835 -3.1179255e-07
vn -0.72645372 -0.68721527 1.8503928e-07
vn -0.52573234 -0.85065001 1.9532941e-07
vn -0.68317115 -0.73025835 -3.1179255e-07
vn -0.8715865 -0.49024177 -0.00037929593
vn -0.88468307 -0.46619228 -0.00077654369
vn -0.72645372 -0.68721527 1.8503928e-07
vn -0.8715865 -0.49024177 -0.00037929593
vn -0.94819289 -0.31769085 -0.001672065
vn -0.95222032 -0.30541176 -7.9441143e-06
vn -0.88468307 -0.46619228 -0.00077654369
vn -0.94819289 -0.31769085 -0.001672065
vn -0.99122232 -0.13207318 0.0059348471
vn -0.95222032 -0.30541176 -7.9441143e-06
vn 8.6339128e-08 -0.99999994 -1.6919047e-07
vn 0.29801735 -0.9545604 -3.6615185e-07
vn 0.34694606 -0.93788505 -1.2223386e-07
vn -4.5958149e-07 -1 -3.8145265e-07
vn 3.4912182e-07 -0.87079555 -0.49164531
vn 1.2137141e-07 -0.85065007 -0.52573234
vn 0 -0.68721491 -0.7264542
vn 0 -0.73025835 -0.68317115
vn 0 -0.73025835 -0.68317115
vn 0 -0.68721491 -0.7264542
vn -1.4171098e-07 -0.4665722 -0.88448304
vn 0 -0.49030149 -0.87155282
vn 0 -0.49030149 -0.87155282
vn -1.4171098e-07 -0.4665722 -0.88448304
vn -2.3211614e-07 -0.30784392 -0.95143682
vn 0 -0.31993651 -0.94743907
vn 0 -0.31993651 -0.94743907
vn -2.3211614e-07 -0.30784392 -0.95143682
vn -1.6841392e-07 -0.12968853 -0.9915548
vn -0.34694633 -0.93788499 -1.192321e-06
vn -0.52467263 -0.85130405 -5.4358588e-07
vn -0.52467275 -0.85130399 -2.4367611e-07
vn -0.34694633 -0.93788493 -5.2240352e-07
vn 5.0847319e-07 -1 8.0329677e-08
vn 0.34694681 -0.93788481 2.2192164e-07
vn 0.3469463 -0.93788505 1.942426e-08
vn 4.8891644e-07 -1 4.4830269e-08
vn 0 -0.95456058 0.298017
vn 0 -0.93788517 0.34694591
vn 0 -0.85065007 0.52573222
vn 0 -0.87115586 0.49100649
vn 0 -0.87115586 0.49100649
vn 0 -0.85065007 0.52573222
vn 0 -0.68721533 0.72645372
vn 0 -0.72913772 0.684367
vn 0 -0.72913772 0.684367
vn 0 -0.68721533 0.72645372
vn 0.00075817981 -0.46621108 0.88467312
vn 0.00035529796 -0.48959675 0.87194884
vn 0.00035529796 -0.48959675 0.87194884
vn 0.00075817981 -0.46621108 0.88467312
vn 0.0017886377 -0.30790257 0.95141619
vn 0.0016553052 -0.32052892 0.94723719
vn 0.0016553052 -0.32052892 0.94723719
vn 0.0017886377 -0.30790257 0.95141619
vn 0.00082760374 -0.13032423 0.99147111
vn -4.7966154e-08 -1 9.3312318e-09
vn -0.29801732 -0.9545604 5.7042673e-08
vn -0.34694633 -0.93788499 2.0877704e-07
vn 4.8891644e-07 -1 4.4830269e-08
vn 0.4916451 -0.87079573 1.5190046e-09
vn 0.6831702 -0.73025918 6.2016795e-07
vn 0.72645372 -0.68721533 7.7566023e-07
vn 0.52573204 -0.85065025 3.0324355e-07
vn 0.6831702 -0.73025918 6.2016795e-07
vn 0.87158823 -0.49023828 0.00038499295
vn 0.88468575 -0.46618727 0.00078072003
vn 0.72645372 -0.68721533 7.7566023e-07
vn 0.87158823 -0.49023828 0.00038499295
vn 0.94724554 -0.32050434 0.0017082719
vn 0.95142108 -0.30788755 0.0017906873
vn 0.88468575 -0.46618727 0.00078072003
vn 0.94724554 -0.32050434 0.0017082719
vn 0.99147034 -0.13032974 0.00081874407
vn 0.95142108 -0.30788755 0.0017906873
vn 0.29801735 -0.9545604 -3.6615185e-07
vn 0.4916451 -0.87079573 1.5190046e-09
vn 0.52573204 -0.85065025 3.0324355e-07
vn 0.34694606 -0.93788505 -1.2223386e-07
vn 0.88483995 -0.46589392 -0.0010391455
vn 0.95161504 -0.30728796 -0.001711941
vn 0.95142007 -0.30789039 -0.0017904447
vn 0.88468283 -0.46619275 -0.0007763615
vn 0.52573204 -0.85065025 7.3101126e-07
vn 0.7264533 -0.68721581 4.4708062e-07
vn 0.72645313 -0.68721598 1.5847975e-07
vn 0.52573192 -0.85065031 2.286944e-07
vn 0.95161504 -0.30728796 -0.001711941
vn 0.99254751 -0.12185697 -0.00068180659
vn 0.99147058 -0.13032873 -0.00082015578
vn 0.95142007 -0.30789039 -0.0017904447
vn 0.7264533 -0.68721581 4.4708062e-07
vn 0.88483995 -0.46589392 -0.0010391455
vn 0.88468283 -0.46619275 -0.0007763615
vn 0.72645313 -0.68721598 1.5847975e-07
vn 1.2839706e-07 -0.95456058 -0.29801688
vn 1.2160709e-07 -0.93788528 -0.34694564
vn 1.2137141e-07 -0.85065007 -0.52573234
vn 3.4912182e-07 -0.87079555 -0.49164531
vn 0.0017312439 -0.30730081 -0.95161074
vn 0.0010386395 -0.46591586 -0.88482845
vn 0.00075792201 -0.46621132 -0.88467312
vn 0.0017879554 -0.3079026 -0.95141619
vn 0 -0.68721563 -0.72645348
vn 0 -0.85020334 -0.52645457
vn 1.2381851e-07 -0.85020316 -0.52645475
vn 0 -0.68721581 -0.72645336
vn -1.2418478e-06 -1 -5.9371581e-07
vn -0.34694633 -0.93788499 -1.192321e-06
vn -0.34694633 -0.93788493 -5.2240352e-07
vn -4.5958149e-07 -1 -3.8145265e-07
vn 0.00070157374 -0.12184674 -0.9925487
vn 0.0017312439 -0.30730081 -0.95161074
vn 0.0017879554 -0.3079026 -0.95141619
vn 0.00082677067 -0.13032469 -0.99147105
vn 0.0010386395 -0.46591586 -0.88482845
vn 0 -0.68721563 -0.72645348
vn 0 -0.68721581 -0.72645336
vn 0.00075792201 -0.46621132 -0.88467312
vn 0 -0.85020334 -0.52645457
vn 0 -0.9377625 -0.34727731
vn 1.240868e-07 -0.93776244 -0.34727734
vn 1.2381851e-07 -0.85020316 -0.52645475
vn -0.95161587 -0.30728537 0.0017076583
vn -0.99254715 -0.12185927 0.00067730958
vn -0.99147046 -0.13032927 0.00081874413
vn -0.9514212 -0.30788726 0.0017906923
vn -0.72725385 -0.68636864 0
vn -0.88596267 -0.4637554 0.0010391141
vn -0.88580626 -0.46405458 0.00078011397
vn -0.72725385 -0.68636864 -2.1539234e-08
vn 0.34694681 -0.93788481 2.2192164e-07
vn 0.52573204 -0.85065025 7.3101126e-07
vn 0.52573192 -0.85065031 2.286944e-07
vn 0.3469463 -0.93788505 1.942426e-08
vn -0.88596267 -0.4637554 0.0010391141
vn -0.95161587 -0.30728537 0.0017076583
vn -0.9514212 -0.30788726 0.0017906923
vn -0.88580626 -0.46405458 0.00078011397
vn -0.52467263 -0.85130405 -5.4358588e-07
vn -0.72725385 -0.68636864 0
vn -0.72725385 -0.68636864 -2.1539234e-08
vn -0.52467275 -0.85130399 -2.4367611e-07
vn 0 -1 0.00018657339
vn 0 -0.99999994 0.00049554341
vn 0 -0.93788517 0.34694591
vn 0 -0.95456058 0.298017
vn 0 -0.12121774 0.99262595
vn 0 -0.30784324 0.95143712
vn 0 -0.30784351 0.95143706
vn 0 -0.12968799 0.99155486
vn 0 -0.46657193 0.88448322
vn 0 -0.68721521 0.72645384
vn 0 -0.68721527 0.72645378
vn 0 -0.46657193 0.88448322
vn 0 -0.85065031 0.52573186
vn 0 -0.93788493 0.34694624
vn -1.2270888e-07 -0.93788511 0.34694606
vn -1.2247115e-07 -0.85065031 0.52573198
vn 0 -0.99999261 -0.0038292285
vn 0 -1 3.3246315e-07
vn 1.2160709e-07 -0.93788528 -0.34694564
vn 1.2839706e-07 -0.95456058 -0.29801688
vn 0 -0.30784324 0.95143712
vn 0 -0.46657193 0.88448322
vn 0 -0.46657193 0.88448322
vn 0 -0.30784351 0.95143706
vn 0 -0.68721521 0.72645384
vn 0 -0.85065031 0.52573186
vn -1.2247115e-07 -0.85065031 0.52573198
vn 0 -0.68721527 0.72645378
vn 0 -0.93788493 0.34694624
vn 0 -1 8.1160124e-07
vn 0 -1 3.3246315e-07
vn -1.2270888e-07 -0.93788511 0.34694606
vn 0.7069509 -0.00021568577 0.70726252
vn 0.71696448 0.0010058235 0.69710892
vn 0.71693695 0.0010064938 0.69713724
vn 0.70695019 -0.00021655059 0.70726329
vn -0.69956899 -0.028051471 0.71401423
vn -0.70369965 -0.011910688 0.71039766
vn -0.70370108 -0.011905584 0.71039647
vn -0.69956899 -0.028051471 0.71401423
vn -0.7081582 -0.0055047036 -0.70603234
vn -0.70714617 0.00095878699 -0.70706683
vn -0.70714581 0.00095634832 -0.70706707
vn -0.70816267 -0.0055146236 -0.70602781
vn -0.7106424 -0.014039141 0.70341337
vn -0.71402001 -0.028075097 0.69956207
vn -0.71402001 -0.028075097 0.69956207
vn -0.71064132 -0.014034732 0.70341456
vn 0.69956082 -0.028086605 -0.71402097
vn 0.70341188 -0.014043868 -0.71064371
vn 0.70341319 -0.014039187 -0.71064258
vn 0.69956082 -0.028086605 -0.71402097
vn -0.70710641 -9.5612188e-07 0.70710713
vn -0.7106424 -0.014039141 0.70341337
vn -0.71064132 -0.014034732 0.70341456
vn -0.70710641 -9.5565679e-07 0.70710713
vn 0.70607573 -0.00099064875 0.70813566
vn 0.7069509 -0.00021568577 0.70726252
vn 0.70695019 -0.00021655059 0.70726329
vn 0.70607561 -0.00099077902 0.70813578
vn 0.70952374 -0.0090906359 -0.70462275
vn 0.71084285 -0.015992759 -0.70316905
vn 0.71084189 -0.015989304 -0.70317012
vn 0.70952755 -0.009100032 -0.70461899
vn 0.70341188 -0.014043868 -0.71064371
vn 0.70710623 2.9218518e-06 -0.70710731
vn 0.70710617 2.9214057e-06 -0.70710737
vn 0.70341319 -0.014039187 -0.71064258
vn -0.70714617 0.00095878699 -0.70706683
vn -0.70699227 0.0023120169 -0.70721751
vn -0.70699149 0.0023093824 -0.70721829
vn -0.70714581 0.00095634832 -0.70706707
vn -0.70369965 -0.011910688 0.71039766
vn -0.70442319 0.013496669 0.70965195
vn -0.70443457 0.013464027 0.70964122
vn -0.70370108 -0.011905584 0.71039647
vn -0.70710737 -1.7122474e-06 0.70710617
vn -0.70710641 -9.5612188e-07 0.70710713
vn -0.70710641 -9.5565679e-07 0.70710713
vn -0.70710737 -1.7122534e-06 0.70710623
vn 0.70839626 0.0013063051 0.70581365
vn 0.70607573 -0.00099064875 0.70813566
vn 0.70607561 -0.00099077902 0.70813578
vn 0.70839924 0.0013087941 0.70581073
vn 0.71403253 -0.012697374 -0.69999737
vn 0.70952374 -0.0090906359 -0.70462275
vn 0.70952755 -0.009100032 -0.70461899
vn 0.7140435 -0.012691949 -0.69998616
vn 0.70710623 2.9218518e-06 -0.70710731
vn 0.70710683 1.9122426e-06 -0.70710665
vn 0.70710689 1.9122997e-06 -0.70710671
vn 0.70710617 2.9214057e-06 -0.70710737
vn -0.70699227 0.0023120169 -0.70721751
vn -0.70515335 0.001638871 -0.70905286
vn -0.70515144 0.0016408464 -0.70905483
vn -0.70699149 0.0023093824 -0.70721829
vn -0.70442319 0.013496669 0.70965195
vn -0.71584725 0.0072679752 0.69821912
vn -0.7158004 0.0073180334 0.69826663
vn -0.70443457 0.013464027 0.70964122
vn -0.7071079 -1.8243535e-06 0.70710564
vn -0.70710737 -1.7122474e-06 0.70710617
vn -0.70710737 -1.7122534e-06 0.70710623
vn -0.7071079 -1.8245551e-06 0.70710564
vn 0.71231842 0.0012951122 0.70185536
vn 0.70839626 0.0013063051 0.70581365
vn 0.70839924 0.0013087941 0.70581073
vn 0.71193707 0.0016130962 0.70224154
vn 0.71414959 -0.0068335463 -0.69995975
vn 0.71403253 -0.012697374 -0.69999737
vn 0.7140435 -0.012691949 -0.69998616
vn 0.71416277 -0.0068573575 -0.69994617
vn 0.70710683 1.9122426e-06 -0.70710665
vn 0.70710641 -1.0682311e-06 -0.70710707
vn 0.70710653 -1.0689196e-06 -0.70710713
vn 0.70710689 1.9122997e-06 -0.70710671
vn -0.71584725 0.0072679752 0.69821912
vn -0.72094899 -0.0029383518 0.69298196
vn -0.7208733 -0.0028952209 0.69306093
vn -0.7158004 0.0073180334 0.69826663
vn -0.70515335 0.001638871 -0.70905286
vn -0.70185226 0.0012959199 -0.71232152
vn -0.7022385 0.0016140927 -0.71193993
vn -0.70515144 0.0016408464 -0.70905483
vn -0.6442461 -0.4121803 -0.644247
vn -0.69736093 -0.16545244 -0.69736171
vn -0.69736087 -0.16545238 -0.69736171
vn -0.6442461 -0.41218042 -0.64424694
vn -0.56896383 -0.59376895 -0.56896269
vn -0.6442461 -0.4121803 -0.644247
vn -0.6442461 -0.41218042 -0.64424694
vn -0.56896394 -0.59376872 -0.56896281
vn -0.42859361 -0.79537183 -0.428592
vn -0.56896383 -0.59376895 -0.56896269
vn -0.56896394 -0.59376872 -0.56896281
vn -0.42859375 -0.79537171 -0.42859212
vn -0.28375274 -0.91595209 -0.28375354
vn -0.42859361 -0.79537183 -0.428592
vn -0.42859375 -0.79537171 -0.42859212
vn -0.28375292 -0.91595203 -0.28375372
vn -0.18050568 -0.96684945 -0.18061021
vn -0.28375274 -0.91595209 -0.28375354
vn -0.28375292 -0.91595203 -0.28375372
vn -0.18050541 -0.96684939 -0.18060997
vn 0.69736111 -0.16545302 -0.69736141
vn 0.64424604 -0.41218126 -0.64424652
vn 0.64424634 -0.41218051 -0.64424676
vn 0.69736117 -0.16545238 -0.69736147
vn 0.64424604 -0.41218126 -0.64424652
vn 0.56896448 -0.59376889 -0.56896216
vn 0.56896466 -0.5937686 -0.56896228
vn 0.64424634 -0.41218051 -0.64424676
vn 0.56896448 -0.59376889 -0.56896216
vn 0.42858997 -0.79537636 -0.42858729
vn 0.428597 -0.79536885 -0.42859441
vn 0.56896466 -0.5937686 -0.56896228
vn 0.42858997 -0.79537636 -0.42858729
vn 0.283398 -0.91586643 -0.28438395
vn 0.28337431 -0.91588098 -0.28436074
vn 0.428597 -0.79536885 -0.42859441
vn 0.283398 -0.91586643 -0.28438395
vn 0.18009616 -0.96673054 -0.1816518
vn 0.17954911 -0.96693569 -0.18110059
vn 0.28337431 -0.91588098 -0.28436074
vn -0.64423978 -0.41219682 0.64424276
vn -0.69736189 -0.16545227 0.69736081
vn -0.69736177 -0.16545226 0.69736069
vn -0.64424604 -0.41217777 0.6442489
vn -0.57061243 -0.59313411 0.56797302
vn -0.64423978 -0.41219682 0.64424276
vn -0.64424604 -0.41217777 0.6442489
vn -0.57057995 -0.59319824 0.5679388
vn -0.43155274 -0.79459018 0.42706984
vn -0.57061243 -0.59313411 0.56797302
vn -0.57057995 -0.59319824 0.5679388
vn -0.4305906 -0.79562342 0.42611635
vn -0.28015408 -0.91528469 0.28942621
vn -0.43155274 -0.79459018 0.42706984
vn -0.4305906 -0.79562342 0.42611635
vn -0.27972808 -0.91551656 0.28910488
vn -0.16964777 -0.96767563 0.18661104
vn -0.28015408 -0.91528469 0.28942621
vn -0.27972808 -0.91551656 0.28910488
vn -0.17545089 -0.96539903 0.19292942
vn 0.18009616 -0.96673054 -0.1816518
vn 0.12303195 -0.98460555 -0.12415653
vn 0.12303195 -0.98460555 -0.12415653
vn 0.17954911 -0.96693569 -0.18110059
vn -0.11616919 -0.98489803 0.1283773
vn -0.16964777 -0.96767563 0.18661104
vn -0.17545089 -0.96539903 0.19292942
vn -0.11616919 -0.98489803 0.1283773
vn 0.64420044 -0.41227812 0.64423007
vn 0.69736087 -0.16545267 0.69736165
vn 0.69736081 -0.16545261 0.69736165
vn 0.64424217 -0.41214794 0.64427185
vn 0.56113368 -0.59080237 0.5797255
vn 0.64420044 -0.41227812 0.64423007
vn 0.64424217 -0.41214794 0.64427185
vn 0.56175882 -0.58979124 0.58014929
vn 0.41708833 -0.79063207 0.44826138
vn 0.56113368 -0.59080237 0.5797255
vn 0.56175882 -0.58979124 0.58014929
vn 0.41174224 -0.79661673 0.4425723
vn 0.27657518 -0.91651195 0.28898472
vn 0.41708833 -0.79063207 0.44826138
vn 0.41174224 -0.79661673 0.4425723
vn 0.27628273 -0.91672057 0.28860208
vn 0.18051709 -0.96684521 0.18062076
vn 0.27657518 -0.91651195 0.28898472
vn 0.27628273 -0.91672057 0.28860208
vn 0.18046345 -0.9668653 0.18056723
vn -0.1236451 -0.98456728 -0.12385156
vn -0.18050568 -0.96684945 -0.18061021
vn -0.18050541 -0.96684939 -0.18060997
vn -0.1236451 -0.98456728 -0.12385156
vn 0.12361013 -0.9845776 0.12380414
vn 0.18051709 -0.96684521 0.18062076
vn 0.18046345 -0.9668653 0.18056723
vn 0.12361013 -0.9845776 0.12380414
vn 0.71084285 -0.015992759 -0.70316905
vn 0.71394956 -0.027773878 -0.699646
vn 0.71394956 -0.027773878 -0.699646
vn 0.71084189 -0.015989304 -0.70317012
vn 0.70548129 0.0014724963 0.70872712
vn 0.70185208 0.0012962094 0.71232146
vn 0.70223802 0.0016141238 0.71194041
vn 0.70547867 0.0014747398 0.70872957
vn -0.71195233 -0.022075651 -0.70188069
vn -0.7081582 -0.0055047036 -0.70603234
vn -0.70816267 -0.0055146236 -0.70602781
vn -0.71194029 -0.022005757 -0.70189518
vn -0.70872623 0.0014746586 -0.70548207
vn -0.7071085 1.8243494e-06 -0.70710498
vn -0.70710862 1.8245487e-06 -0.70710504
vn -0.70872873 0.0014769009 -0.70547962
vn 0.71696448 0.0010058235 0.69710892
vn 0.70470709 -0.0078578154 0.70945483
vn 0.70461178 -0.0078966497 0.70954907
vn 0.71693695 0.0010064938 0.69713724
vn -0.70361954 -0.013135903 -0.71045536
vn -0.701092 -0.027785156 -0.71252942
vn -0.701092 -0.027785156 -0.71252942
vn -0.70361912 -0.013138152 -0.71045572
vn 0.70710623 7.561228e-07 0.70710737
vn 0.70548129 0.0014724963 0.70872712
vn 0.70547867 0.0014747398 0.70872957
vn 0.70710623 7.5563651e-07 0.70710737
vn 0.71404457 -0.028777497 0.69950867
vn 0.71077096 -0.014813729 0.70326757
vn 0.7107684 -0.014803028 0.70327038
vn 0.71404457 -0.028777497 0.69950867
vn -0.7071085 1.8243494e-06 -0.70710498
vn -0.70718598 0.00014512621 -0.70702755
vn -0.70718592 0.00014513066 -0.70702755
vn -0.70710862 1.8245487e-06 -0.70710504
vn -0.71419871 -0.035435963 -0.69904548
vn -0.71195233 -0.022075651 -0.70188069
vn -0.71194029 -0.022005757 -0.70189518
vn -0.71419871 -0.035435963 -0.69904548
vn 0.70470709 -0.0078578154 0.70945483
vn 0.68303281 -0.016546257 0.73020029
vn 0.68303281 -0.016546257 0.73020029
vn 0.70461178 -0.0078966497 0.70954907
vn 0.70718378 -0.00014552692 0.70702976
vn 0.70710623 7.561228e-07 0.70710737
vn 0.70710623 7.5563651e-07 0.70710737
vn 0.70718378 -0.00014553149 0.70702982
vn -0.70718598 0.00014512621 -0.70702755
vn -0.70662516 0.00089899078 -0.70758742
vn -0.70662498 0.00089919608 -0.70758772
vn -0.70718592 0.00014513066 -0.70702755
vn -0.71100438 0.0026262267 0.70318276
vn -0.71232122 0.0012957546 0.70185244
vn -0.71193987 0.0016139059 0.70223862
vn -0.71100336 0.0026267073 0.70318371
vn 0.70872509 0.0014725215 -0.7054832
vn 0.71232033 0.0012963939 -0.70185333
vn 0.71193892 0.0016146932 -0.70223951
vn 0.70872754 0.0014747655 -0.70548069
vn 0.70730072 -0.00056627317 0.70691258
vn 0.70718378 -0.00014552692 0.70702976
vn 0.70718378 -0.00014553149 0.70702982
vn 0.70730078 -0.00056646671 0.70691258
vn 0.70185459 0.0012954404 -0.71231908
vn 0.70775789 0.00032703727 -0.70645499
vn 0.70775205 0.00033096047 -0.70646083
vn 0.70224106 0.0016134966 -0.71193731
vn -0.70662516 0.00089899078 -0.70758742
vn -0.70361954 -0.013135903 -0.71045536
vn -0.70361912 -0.013138152 -0.71045572
vn -0.70662498 0.00089919608 -0.70758772
vn -0.72094899 -0.0029383518 0.69298196
vn -0.71100438 0.0026262267 0.70318276
vn -0.71100336 0.0026267073 0.70318371
vn -0.7208733 -0.0028952209 0.69306093
vn 0.71077096 -0.014813729 0.70326757
vn 0.70730072 -0.00056627317 0.70691258
vn 0.70730078 -0.00056646671 0.70691258
vn 0.7107684 -0.014803028 0.70327038
vn 0.70710641 -1.0682311e-06 -0.70710707
vn 0.70872509 0.0014725215 -0.7054832
vn 0.70872754 0.0014747655 -0.70548069
vn 0.70710653 -1.0689196e-06 -0.70710713
vn 0.70775789 0.00032703727 -0.70645499
vn 0.71414959 -0.0068335463 -0.69995975
vn 0.71416277 -0.0068573575 -0.69994617
vn 0.70775205 0.00033096047 -0.70646083
vn -0.70552629 0.001462497 0.70868218
vn -0.7071079 -1.8243535e-06 0.70710564
vn -0.7071079 -1.8245551e-06 0.70710564
vn -0.70551902 0.0014692817 0.70868951
vn -0.70550478 0.00010604558 -0.70870513
vn -0.70550478 0.00010604558 -0.70870513
vn -0.7055065 0.00010803805 -0.70870346
vn -0.70550644 0.00010803698 -0.70870352
vn 0.70097351 -0.0081890197 0.71314025
vn 0.70097351 -0.0081890197 0.71314025
vn 0.69955784 -0.0014419942 0.71457452
vn 0.6995576 -0.001441106 0.71457469
vn 0.70743269 -1.6503132e-05 -0.70678073
vn 0.70743269 -1.6503132e-05 -0.70678073
vn 0.70743275 -1.457814e-05 -0.70678073
vn 0.70743269 -1.4578232e-05 -0.70678073
vn -0.00089396385 -0.67105877 0.74140352
vn -0.00089308602 -0.67197806 0.74057055
vn -0.00097714935 -0.57058895 0.82123512
vn -0.81381041 -0.58112854 -0.0014741141
vn -0.81466115 -0.57993549 -0.0014135694
vn -0.77860945 -0.62750733 -0.0013554753
vn -0.7361114 -0.6768592 -0.0013325174
vn 0.0012827615 -0.58021528 -0.81446213
vn -0.00081491674 -0.67817909 -0.73489624
vn -0.0014246493 -0.70473343 -0.70947081
vn 0.81397736 -0.58089542 0.0011792647
vn 0.7351101 -0.67794693 0.0010554354
vn 0.73527211 -0.67777115 0.0010556885
vn -0.0014246493 -0.70473343 -0.70947081
vn -0.00081491674 -0.67817909 -0.73489624
vn -0.0032040547 -0.77719575 -0.62925065
vn -0.0032040547 -0.77719575 -0.62925065
vn 0.6995576 -0.001441106 0.71457469
vn 0.69955784 -0.0014419942 0.71457452
vn 0.69660652 0.012123181 0.71735102
vn -0.70707566 1.7095697e-05 0.70713788
vn -0.70707566 1.7094044e-05 0.70713794
vn -0.70706958 1.807105e-05 0.70714378
vn -0.70550644 0.00010803698 -0.70870352
vn -0.7055065 0.00010803805 -0.70870346
vn -0.70550984 0.00011204406 -0.70870012
vn -0.70550984 0.00011204406 -0.70870012
vn 0.70743269 -1.4578232e-05 -0.70678073
vn 0.70743275 -1.457814e-05 -0.70678073
vn 0.70743269 -1.0707645e-05 -0.70678073
vn -0.00089396385 -0.67105877 0.74140352
vn -0.00077968009 -0.77323949 0.63411343
vn -0.00089308602 -0.67197806 0.74057055
vn -0.77860945 -0.62750733 -0.0013554753
vn -0.81466115 -0.57993549 -0.0014135694
vn -0.81651628 -0.57732105 -0.0012811004
vn 0.7351101 -0.67794693 0.0010554354
vn 0.63093829 -0.77583247 0.00089376664
vn 0.73527211 -0.67777115 0.0010556885
vn -0.77860945 -0.62750733 -0.0013554753
vn -0.63334399 -0.77386957 -0.0011454039
vn -0.7361114 -0.6768592 -0.0013325174
vn -0.99230611 -0.12363442 0.0065695862
vn -0.99122232 -0.13207318 0.0059348471
vn -0.99994648 -0.007316282 0.0073176306
vn -0.99994648 -0.007316282 0.0073176306
vn 0.71231842 0.0012951122 0.70185536
vn 0.71193707 0.0016130962 0.70224154
vn 0.71386874 0 0.70027947
vn 0.71386874 0 0.70027947
vn -1.6841392e-07 -0.12968853 -0.9915548
vn -1.8179661e-07 -0.12121834 -0.99262589
vn 0 0 -1
vn 0 0 -1
vn 0 -0.12121774 0.99262595
vn 0 -0.12968799 0.99155486
vn 0 0 1
vn 0 0 1
vn 0.70223802 0.0016141238 0.71194041
vn 0.70185208 0.0012962094 0.71232146
vn 0.70027763 1.3877903e-06 0.71387064
vn 0.70027763 1.3877903e-06 0.71387064
vn -0.99147046 -0.13032927 0.00081874413
vn -0.99254715 -0.12185927 0.00067730958
vn -1 0 0
vn -1 0 0
vn 0.69736081 -0.16545261 0.69736165
vn 0.69736087 -0.16545267 0.69736165
vn 0.70710683 0 0.70710683
vn 0.70710683 0 0.70710683
vn 0.71193892 0.0016146932 -0.70223951
vn 0.71232033 0.0012963939 -0.70185333
vn 0.71387082 0 -0.70027745
vn 0.71387082 0 -0.70027745
vn -0.7022385 0.0016140927 -0.71193993
vn -0.70185226 0.0012959199 -0.71232152
vn -0.70027596 0 -0.71387225
vn -0.70027596 0 -0.71387225
vn 0.99254709 -0.1218597 0.00067730999
vn 0.99147034 -0.13032974 0.00081874407
vn 1 0 0
vn 1 0 0
vn 0.69736111 -0.16545302 -0.69736141
vn 0.69736117 -0.16545238 -0.69736147
vn 0.70710731 0 -0.70710629
vn 0.70710731 0 -0.70710629
vn -0.71193987 0.0016139059 0.70223862
vn -0.71232122 0.0012957546 0.70185244
vn -0.71387154 0 0.70027667
vn -0.71387154 0 0.70027667
vn 0.00082760374 -0.13032423 0.99147111
vn 0.00070245046 -0.12184684 0.99254864
vn 0 0 1
vn 0 0 1
vn -0.69736177 -0.16545226 0.69736069
vn -0.69736189 -0.16545227 0.69736081
vn -0.70710725 0 0.70710623
vn -0.70710725 0 0.70710623
vn 0.99147058 -0.13032873 -0.00082015578
vn 0.99254751 -0.12185697 -0.00068180659
vn 1 0 0
vn 1 0 0
vn -0.69736087 -0.16545238 -0.69736171
vn -0.69736093 -0.16545244 -0.69736171
vn -0.70710677 0 -0.70710677
vn -0.70710677 0 -0.70710677
vn 0.00070157374 -0.12184674 -0.9925487
vn 0.00082677067 -0.13032469 -0.99147105
vn 0 0 -1
vn 0 0 -1
vn 0.70185459 0.0012954404 -0.71231908
vn 0.70224106 0.0016134966 -0.71193731
vn 0.70027733 0 -0.71387088
vn 0.70027733 0 -0.71387088
vn -0.70707864 1.6608004e-05 0.7071349
vn -0.70707864 1.6608004e-05 0.7071349
vn -0.70707566 1.7094044e-05 0.70713794
vn -0.70707566 1.7095697e-05 0.70713788
vn -0.34694633 -0.93788499 2.0877704e-07
vn -0.52573234 -0.85065001 1.9532941e-07
vn -0.52573258 -0.85064995 5.4230372e-07
vn -0.34694681 -0.93788475 3.9341637e-07
vn -0.72645372 -0.68721527 1.8503928e-07
vn -0.88468307 -0.46619228 -0.00077654369
vn -0.88483977 -0.46589425 -0.0010387327
vn -0.72645342 -0.68721557 7.1137976e-07
vn -0.95222032 -0.30541176 -7.9441143e-06
vn -0.99122232 -0.13207318 0.0059348471
vn -0.99230611 -0.12363442 0.0065695862
vn -0.95214927 -0.30562767 0.0018623269
vn -0.70188338 0.0012882722 0.71229064
vn -0.70552629 0.001462497 0.70868218
vn -0.70551902 0.0014692817 0.70868951
vn -0.70228279 0.0016093355 0.71189636
vn 0.52573192 -0.85065031 2.286944e-07
vn 0.72645313 -0.68721598 1.5847975e-07
vn 0.68317044 -0.730259 -1.7622874e-07
vn 0.49164483 -0.87079579 -2.804625e-07
vn 0.72645313 -0.68721598 1.5847975e-07
vn 0.88468283 -0.46619275 -0.0007763615
vn 0.87158549 -0.49024346 -0.00037861249
vn 0.68317044 -0.730259 -1.7622874e-07
vn -0.70028001 1.4150015e-06 0.71386826
vn -0.70188338 0.0012882722 0.71229064
vn -0.70228279 0.0016093355 0.71189636
vn -0.70028001 1.4150015e-06 0.71386826
vn -0.52573234 -0.85065001 1.9532941e-07
vn -0.72645372 -0.68721527 1.8503928e-07
vn -0.72645342 -0.68721557 7.1137976e-07
vn -0.52573258 -0.85064995 5.4230372e-07
vn -0.88468307 -0.46619228 -0.00077654369
vn -0.95222032 -0.30541176 -7.9441143e-06
vn -0.95214927 -0.30562767 0.0018623269
vn -0.88483977 -0.46589425 -0.0010387327
vn 0.3469463 -0.93788505 1.942426e-08
vn 0.52573192 -0.85065031 2.286944e-07
vn 0.49164483 -0.87079579 -2.804625e-07
vn 0.29801714 -0.95456046 -1.323734e-07
vn 4.8891644e-07 -1 4.4830269e-08
vn 0.3469463 -0.93788505 1.942426e-08
vn 0.29801714 -0.95456046 -1.323734e-07
vn -4.7966154e-08 -1 9.3312318e-09
vn 4.8891644e-07 -1 4.4830269e-08
vn -0.34694633 -0.93788499 2.0877704e-07
vn -0.34694681 -0.93788475 3.9341637e-07
vn 5.0847319e-07 -1 8.0329677e-08
vn 0.88468283 -0.46619275 -0.0007763615
vn 0.95142007 -0.30789039 -0.0017904447
vn 0.94724387 -0.32050908 -0.0016988051
vn 0.87158549 -0.49024346 -0.00037861249
vn 0.95142007 -0.30789039 -0.0017904447
vn 0.99147058 -0.13032873 -0.00082015578
vn 0.94724387 -0.32050908 -0.0016988051
vn 0 -0.68721581 -0.72645336
vn 1.2381851e-07 -0.85020316 -0.52645475
vn 3.5623884e-07 -0.87020534 -0.49268913
vn 0 -0.73025894 -0.68317056
vn 0.00082677067 -0.13032469 -0.99147105
vn 0.0017879554 -0.3079026 -0.95141619
vn 0.0016553022 -0.32052919 -0.94723719
vn 1.2381851e-07 -0.85020316 -0.52645475
vn 1.240868e-07 -0.93776244 -0.34727734
vn 1.3089908e-07 -0.95466083 -0.29769564
vn 3.5623884e-07 -0.87020534 -0.49268913
vn 0 -0.93788517 0.34694591
vn 0 -0.99999994 0.00049554341
vn 0 -0.99999988 0.0004951522
vn 0 -0.93788522 0.34694576
vn 0 -0.85065007 0.52573222
vn 0 -0.93788517 0.34694591
vn 0 -0.93788522 0.34694576
vn 0 -0.85065007 0.52573222
vn 0.00075817981 -0.46621108 0.88467312
vn 0 -0.68721533 0.72645372
vn 0 -0.68721527 0.72645372
vn 0.0010391548 -0.46591586 0.88482845
vn 0.00082760374 -0.13032423 0.99147111
vn 0.0017886377 -0.30790257 0.95141619
vn 0.0017326343 -0.30730194 0.95161051
vn 0.00070245046 -0.12184684 0.99254864
vn -0.71232063 0.001296395 -0.70185304
vn -0.70872623 0.0014746586 -0.70548207
vn -0.70872873 0.0014769009 -0.70547962
vn -0.71193922 0.0016146947 -0.70223916
vn 0.0017879554 -0.3079026 -0.95141619
vn 0.00075792201 -0.46621132 -0.88467312
vn 0.00035180047 -0.4902544 -0.87157935
vn 0.0016553022 -0.32052919 -0.94723719
vn 0.00075792201 -0.46621132 -0.88467312
vn 0 -0.68721581 -0.72645336
vn 0 -0.73025894 -0.68317056
vn 0.00035180047 -0.4902544 -0.87157935
vn 1.240868e-07 -0.93776244 -0.34727734
vn 0 -0.99999994 0.00049554341
vn 0 -1 0.00018657339
vn 1.3089908e-07 -0.95466083 -0.29769564
vn 0 -0.68721533 0.72645372
vn 0 -0.85065007 0.52573222
vn 0 -0.85065007 0.52573222
vn 0 -0.68721527 0.72645372
vn 0.0017886377 -0.30790257 0.95141619
vn 0.00075817981 -0.46621108 0.88467312
vn 0.0010391548 -0.46591586 0.88482845
vn 0.0017326343 -0.30730194 0.95161051
vn -0.71387082 0 -0.70027745
vn -0.71232063 0.001296395 -0.70185304
vn -0.71193922 0.0016146947 -0.70223916
vn -0.71387082 0 -0.70027745
vn -0.72725385 -0.68636864 -2.1539234e-08
vn -0.88580626 -0.46405458 0.00078011397
vn -0.87306333 -0.48760653 0.00038401582
vn -0.68301338 -0.73040587 -5.8348181e-08
vn -0.88580626 -0.46405458 0.00078011397
vn -0.9514212 -0.30788726 0.0017906923
vn -0.94724572 -0.3205038 0.0017079439
vn -0.87306333 -0.48760653 0.00038401582
vn -0.34694633 -0.93788493 -5.2240352e-07
vn -0.52467275 -0.85130399 -2.4367611e-07
vn -0.49109697 -0.87110484 1.1818157e-07
vn -0.29801726 -0.95456046 1.2351587e-07
vn 0.52573204 -0.85065025 3.0324355e-07
vn 0.72645372 -0.68721533 7.7566023e-07
vn 0.72645396 -0.68721515 8.728482e-07
vn 0.52573252 -0.85064995 4.4884737e-07
vn 0.88468575 -0.46618727 0.00078072003
vn 0.95142108 -0.30788755 0.0017906873
vn 0.95161581 -0.30728543 0.0017073799
vn 0.88484281 -0.46588856 0.0010395042
vn 0.34694606 -0.93788505 -1.2223386e-07
vn 0.52573204 -0.85065025 3.0324355e-07
vn 0.52573252 -0.85064995 4.4884737e-07
vn 0.34694603 -0.93788505 6.8170685e-08
vn -4.5958149e-07 -1 -3.8145265e-07
vn -0.34694633 -0.93788493 -5.2240352e-07
vn -0.29801726 -0.95456046 1.2351587e-07
vn 8.6339128e-08 -0.99999994 -1.6919047e-07
vn -0.9514212 -0.30788726 0.0017906923
vn -0.99147046 -0.13032927 0.00081874413
vn -0.94724572 -0.3205038 0.0017079439
vn -0.52467275 -0.85130399 -2.4367611e-07
vn -0.72725385 -0.68636864 -2.1539234e-08
vn -0.68301338 -0.73040587 -5.8348181e-08
vn -0.49109697 -0.87110484 1.1818157e-07
vn -4.5958149e-07 -1 -3.8145265e-07
vn 0.34694606 -0.93788505 -1.2223386e-07
vn 0.34694603 -0.93788505 6.8170685e-08
vn -1.2418478e-06 -1 -5.9371581e-07
vn 0.72645372 -0.68721533 7.7566023e-07
vn 0.88468575 -0.46618727 0.00078072003
vn 0.88484281 -0.46588856 0.0010395042
vn 0.72645396 -0.68721515 8.728482e-07
vn 0.95142108 -0.30788755 0.0017906873
vn 0.99147034 -0.13032974 0.00081874407
vn 0.99254709 -0.1218597 0.00067730999
vn 0.95161581 -0.30728543 0.0017073799
vn 0 -0.46657193 0.88448322
vn 0 -0.68721527 0.72645378
vn 0 -0.73025888 0.68317062
vn 0 -0.49030104 0.87155312
vn 0 -0.68721491 -0.7264542
vn 1.2137141e-07 -0.85065007 -0.52573234
vn 0 -0.85065007 -0.52573234
vn 0 -0.68721491 -0.7264542
vn -2.3211614e-07 -0.30784392 -0.95143682
vn -1.4171098e-07 -0.4665722 -0.88448304
vn -2.8342197e-07 -0.46657187 -0.88448322
vn -4.6351926e-07 -0.30784389 -0.95143688
vn 1.2160709e-07 -0.93788528 -0.34694564
vn 0 -1 3.3246315e-07
vn 0 -1 8.1160124e-07
vn 0 -0.93788528 -0.34694552
vn 0 -0.68721527 0.72645378
vn -1.2247115e-07 -0.85065031 0.52573198
vn -3.5120274e-07 -0.87059867 0.49199393
vn 0 -0.73025888 0.68317062
vn 0 -0.12968799 0.99155486
vn 0 -0.30784351 0.95143706
vn 0 -0.3199358 0.94743919
vn -1.2247115e-07 -0.85065031 0.52573198
vn -1.2270888e-07 -0.93788511 0.34694606
vn -1.3140327e-07 -0.95431572 0.29880026
vn -3.5120274e-07 -0.87059867 0.49199393
vn 0 -0.30784351 0.95143706
vn 0 -0.46657193 0.88448322
vn 0 -0.49030104 0.87155312
vn 0 -0.3199358 0.94743919
vn -1.2270888e-07 -0.93788511 0.34694606
vn 0 -1 3.3246315e-07
vn 0 -0.99999261 -0.0038292285
vn -1.3140327e-07 -0.95431572 0.29880026
vn -1.4171098e-07 -0.4665722 -0.88448304
vn 0 -0.68721491 -0.7264542
vn 0 -0.68721491 -0.7264542
vn -2.8342197e-07 -0.46657187 -0.88448322
vn -1.6841392e-07 -0.12968853 -0.9915548
vn -2.3211614e-07 -0.30784392 -0.95143682
vn -4.6351926e-07 -0.30784389 -0.95143688
vn -1.8179661e-07 -0.12121834 -0.99262589
vn 1.2137141e-07 -0.85065007 -0.52573234
vn 1.2160709e-07 -0.93788528 -0.34694564
vn 0 -0.93788528 -0.34694552
vn 0 -0.85065007 -0.52573234
vn 0 -0.93776232 -0.34727764
vn 0 -0.99999994 0.00049564114
vn -2.0697277e-08 -0.99999994 0.00049582205
vn 9.7600477e-08 -0.93776232 -0.34727767
vn -0.29801771 -0.95456028 1.0543133e-07
vn -0.49164572 -0.87079537 9.8679465e-08
vn -0.52573234 -0.85065007 3.4305689e-08
vn -0.34694621 -0.93788505 5.7898699e-08
vn -0.49164572 -0.87079537 9.8679465e-08
vn -0.68317032 -0.73025906 -1.3556324e-07
vn -0.7264539 -0.68721521 -2.0892142e-07
vn -0.52573234 -0.85065007 3.4305689e-08
vn -0.68317032 -0.73025906 -1.3556324e-07
vn -0.8715862 -0.49024194 -0.00037908551
vn -0.88468331 -0.46619192 -0.0007769845
vn -0.7264539 -0.68721521 -2.0892142e-07
vn -0.8715862 -0.49024194 -0.00037908551
vn -0.94819331 -0.3176899 -0.0016717274
vn -0.95222056 -0.30541116 -8.2514334e-06
vn -0.88468331 -0.46619192 -0.0007769845
vn -0.94819331 -0.3176899 -0.0016717274
vn -0.99122226 -0.1320726 0.0059338314
vn -0.95222056 -0.30541116 -8.2514334e-06
vn 2.3023756e-07 -1 -9.3132373e-09
vn 0.29801682 -0.95456058 -8.0566892e-08
vn 0.34694594 -0.93788511 -5.5296698e-07
vn 9.2894119e-08 -1 -3.073377e-07
vn 2.1986422e-07 -0.87079525 -0.4916459
vn 1.389558e-07 -0.85065001 -0.52573246
vn 3.1179314e-07 -0.68721527 -0.72645378
vn 5.4774188e-07 -0.73025882 -0.68317056
vn 5.4774188e-07 -0.73025882 -0.68317056
vn 3.1179314e-07 -0.68721527 -0.72645378
vn 2.0640785e-07 -0.46657205 -0.88448316
vn 5.2100972e-07 -0.49030119 -0.87155306
vn 5.2100972e-07 -0.49030119 -0.87155306
vn 2.0640785e-07 -0.46657205 -0.88448316
vn 0 -0.30784285 -0.95143718
vn 0 -0.31993523 -0.94743937
vn 0 -0.31993523 -0.94743937
vn 0 -0.30784285 -0.95143718
vn 0 -0.12968718 -0.99155492
vn -0.34694612 -0.93788511 -7.9532597e-08
vn -0.52467257 -0.85130417 0
vn -0.52467275 -0.85130411 -2.1300334e-08
vn -0.34694591 -0.93788522 -1.5527775e-08
vn 7.8226617e-07 -1 0
vn 0.34694645 -0.93788493 2.8912081e-07
vn 0.34694651 -0.93788487 1.026727e-07
vn 3.5690894e-07 -1 4.6655853e-09
vn -4.7671142e-07 -0.95456058 0.29801705
vn -2.4143665e-07 -0.93788522 0.34694591
vn -1.2340882e-07 -0.85065019 0.5257321
vn -3.5698213e-07 -0.8711561 0.49100623
vn -3.5698213e-07 -0.8711561 0.49100623
vn -1.2340882e-07 -0.85065019 0.5257321
vn 0 -0.68721569 0.72645354
vn 0 -0.72913778 0.684367
vn 0 -0.72913778 0.684367
vn 0 -0.68721569 0.72645354
vn 0.00075818005 -0.46621111 0.88467306
vn 0.00035529802 -0.48959702 0.87194872
vn 0.00035529802 -0.48959702 0.87194872
vn 0.00075818005 -0.46621111 0.88467306
vn 0.0017884694 -0.30790237 0.95141625
vn 0.0016553056 -0.32052827 0.94723749
vn 0.0016553056 -0.32052827 0.94723749
vn 0.0017884694 -0.30790237 0.95141625
vn 0.00082727103 -0.13032487 0.99147105
vn -2.3023759e-07 -1 9.3312247e-09
vn -0.29801771 -0.95456028 1.0543133e-07
vn -0.34694621 -0.93788505 5.7898699e-08
vn 3.5690894e-07 -1 4.6655853e-09
vn 0.49164537 -0.87079549 2.2645767e-07
vn 0.68317038 -0.730259 9.3025187e-07
vn 0.72645396 -0.68721509 5.0885427e-07
vn 0.52573192 -0.85065025 -7.5658448e-08
vn 0.68317038 -0.730259 9.3025187e-07
vn 0.87158811 -0.49023867 0.00038525494
vn 0.88468593 -0.46618691 0.000780617
vn 0.72645396 -0.68721509 5.0885427e-07
vn 0.87158811 -0.49023867 0.00038525494
vn 0.94724572 -0.3205038 0.001708271
vn 0.95142108 -0.30788735 0.0017906876
vn 0.88468593 -0.46618691 0.000780617
vn 0.94724572 -0.3205038 0.001708271
vn 0.99147034 -0.13032995 0.00081874401
vn 0.95142108 -0.30788735 0.0017906876
vn 0.29801682 -0.95456058 -8.0566892e-08
vn 0.49164537 -0.87079549 2.2645767e-07
vn 0.52573192 -0.85065025 -7.5658448e-08
vn 0.34694594 -0.93788511 -5.5296698e-07
vn 0.88483995 -0.46589401 -0.0010388701
vn 0.95161504 -0.30728814 -0.0017116711
vn 0.95142043 -0.30788961 -0.001790451
vn 0.88468313 -0.46619219 -0.0007763654
vn 0.5257324 -0.85065007 7.3101148e-07
vn 0.7264533 -0.68721581 4.4708062e-07
vn 0.72645319 -0.68721592 2.2354041e-07
vn 0.52573222 -0.85065007 3.4263488e-07
vn 0.95161504 -0.30728814 -0.0017116711
vn 0.99254739 -0.1218573 -0.00068180892
vn 0.99147046 -0.1303288 -0.00082015764
vn 0.95142043 -0.30788961 -0.001790451
vn 0.7264533 -0.68721581 4.4708062e-07
vn 0.88483995 -0.46589401 -0.0010388701
vn 0.88468313 -0.46619219 -0.0007763654
vn 0.72645319 -0.68721592 2.2354041e-07
vn 3.5186679e-07 -0.95456052 -0.29801735
vn 1.4319285e-07 -0.93788499 -0.34694642
vn 1.389558e-07 -0.85065001 -0.52573246
vn 2.1986422e-07 -0.87079525 -0.4916459
vn 0.0017333175 -0.3073017 -0.95161062
vn 0.0010396725 -0.46591532 -0.88482875
vn 0.00075813476 -0.46621075 -0.88467336
vn 0.001789119 -0.30790228 -0.95141625
vn 0 -0.68721509 -0.72645396
vn 0 -0.85020328 -0.52645457
vn 0 -0.85020328 -0.52645463
vn 0 -0.68721521 -0.72645384
vn -3.8135485e-07 -1 -6.0536149e-07
vn -0.34694612 -0.93788511 -7.9532597e-08
vn -0.34694591 -0.93788522 -1.5527775e-08
vn 9.2894119e-08 -1 -3.073377e-07
vn 0.00070262153 -0.1218469 -0.99254864
vn 0.0017333175 -0.3073017 -0.95161062
vn 0.001789119 -0.30790228 -0.95141625
vn 0.00082786952 -0.13032465 -0.99147105
vn 0.0010396725 -0.46591532 -0.88482875
vn 0 -0.68721509 -0.72645396
vn 0 -0.68721521 -0.72645384
vn 0.00075813476 -0.46621075 -0.88467336
vn 0 -0.85020328 -0.52645457
vn 0 -0.93776232 -0.34727764
vn 9.7600477e-08 -0.93776232 -0.34727767
vn 0 -0.85020328 -0.52645463
vn -0.95161587 -0.30728534 0.0017076533
vn -0.99254715 -0.12185928 0.00067730877
vn -0.9914704 -0.13032943 0.0008187443
vn -0.95142102 -0.30788767 0.0017906956
vn -0.72725409 -0.68636835 0
vn -0.8859629 -0.46375507 0.0010391099
vn -0.88580626 -0.46405455 0.00078011275
vn -0.72725385 -0.68636858 -2.1539259e-08
vn 0.34694645 -0.93788493 2.8912081e-07
vn 0.5257324 -0.85065007 7.3101148e-07
vn 0.52573222 -0.85065007 3.4263488e-07
vn 0.34694651 -0.93788487 1.026727e-07
vn -0.8859629 -0.46375507 0.0010391099
vn -0.95161587 -0.30728534 0.0017076533
vn -0.95142102 -0.30788767 0.0017906956
vn -0.88580626 -0.46405455 0.00078011275
vn -0.52467257 -0.85130417 0
vn -0.72725409 -0.68636835 0
vn -0.72725385 -0.68636858 -2.1539259e-08
vn -0.52467275 -0.85130411 -2.1300334e-08
vn -4.0847496e-08 -1 0.00018675547
vn -2.0697277e-08 -0.99999994 0.00049582205
vn -2.4143665e-07 -0.93788522 0.34694591
vn -4.7671142e-07 -0.95456058 0.29801705
vn 0 -0.12121764 0.99262595
vn 0 -0.30784279 0.95143729
vn -9.7359577e-07 -0.30784336 0.95143712
vn -2.0214696e-07 -0.12968788 0.9915548
vn 0 -0.46657154 0.8844834
vn 0 -0.68721527 0.72645372
vn 0 -0.68721521 0.7264539
vn -2.7622525e-07 -0.46657205 0.88448322
vn 0 -0.85065049 0.52573162
vn 0 -0.93788511 0.34694579
vn -9.7429826e-08 -0.93788511 0.34694588
vn 0 -0.85065031 0.52573198
vn 2.5142807e-08 -0.99999273 -0.0038289267
vn 9.3700283e-09 -1 2.2979074e-07
vn 1.4319285e-07 -0.93788499 -0.34694642
vn 3.5186679e-07 -0.95456052 -0.29801735
vn 0 -0.30784279 0.95143729
vn 0 -0.46657154 0.8844834
vn -2.7622525e-07 -0.46657205 0.88448322
vn -9.7359577e-07 -0.30784336 0.95143712
vn 0 -0.68721527 0.72645372
vn 0 -0.85065049 0.52573162
vn 0 -0.85065031 0.52573198
vn 0 -0.68721521 0.7264539
vn 0 -0.93788511 0.34694579
vn 0 -1 5.182514e-07
vn 9.3700283e-09 -1 2.2979074e-07
vn -9.7429826e-08 -0.93788511 0.34694588
vn 0.70695013 -0.00021835163 0.70726335
vn 0.7169646 0.0010059829 0.69710881
vn 0.71693712 0.0010066403 0.69713712
vn 0.70694941 -0.00021922121 0.70726407
vn -0.69956887 -0.028057836 0.71401405
vn -0.70369834 -0.011913904 0.71039903
vn -0.70369953 -0.011908725 0.71039778
vn -0.69956887 -0.028057836 0.71401405
vn -0.70815861 -0.005506543 -0.70603198
vn -0.70714557 0.00095478253 -0.70706737
vn -0.70714527 0.00095234282 -0.70706761
vn -0.70816308 -0.0055164765 -0.70602733
vn -0.71064335 -0.014039113 0.70341241
vn -0.71401924 -0.028075067 0.69956297
vn -0.71401924 -0.028075067 0.69956297
vn -0.71064222 -0.014034731 0.70341355
vn 0.69956088 -0.02808236 -0.71402103
vn 0.70341337 -0.014042746 -0.71064234
vn 0.70341456 -0.014038089 -0.71064121
vn 0.69956088 -0.02808236 -0.71402103
vn -0.70710909 0 0.70710444
vn -0.71064335 -0.014039113 0.70341241
vn -0.71064222 -0.014034731 0.70341355
vn -0.70710903 0 0.7071045
vn 0.70607626 -0.00099007005 0.70813507
vn 0.70695013 -0.00021835163 0.70726335
vn 0.70694941 -0.00021922121 0.70726407
vn 0.70607615 -0.00099019706 0.70813513
vn 0.70952219 -0.0090926047 -0.70462447
vn 0.71084094 -0.015993794 -0.70317101
vn 0.71084011 -0.015990337 -0.70317197
vn 0.70952576 -0.009102013 -0.70462072
vn 0.70341337 -0.014042746 -0.71064234
vn 0.70710707 -9.5612711e-07 -0.70710659
vn 0.70710701 -9.5565781e-07 -0.70710647
vn 0.70341456 -0.014038089 -0.71064121
vn -0.70714557 0.00095478253 -0.70706737
vn -0.70699376 0.0023106076 -0.70721608
vn -0.70699298 0.0023079778 -0.7072168
vn -0.70714527 0.00095234282 -0.70706761
vn -0.70369834 -0.011913904 0.71039903
vn -0.70442253 0.013494734 0.7096526
vn -0.70443392 0.013462122 0.70964193
vn -0.70369953 -0.011908725 0.71039778
vn -0.70710748 -3.7806421e-07 0.70710599
vn -0.70710909 0 0.70710444
vn -0.70710903 0 0.7071045
vn -0.70710748 -3.7805279e-07 0.70710605
vn 0.70839834 0.0013072735 0.70581156
vn 0.70607626 -0.00099007005 0.70813507
vn 0.70607615 -0.00099019706 0.70813513
vn 0.70840132 0.0013097567 0.7058087
vn 0.71402979 -0.012697612 -0.70000017
vn 0.70952219 -0.0090926047 -0.70462447
vn 0.70952576 -0.009102013 -0.70462072
vn 0.71404076 -0.012692182 -0.69998908
vn 0.70710707 -9.5612711e-07 -0.70710659
vn 0.70710546 -1.7122533e-06 -0.70710808
vn 0.70710558 -1.7122591e-06 -0.70710808
vn 0.70710701 -9.5565781e-07 -0.70710647
vn -0.70699376 0.0023106076 -0.70721608
vn -0.70515466 0.0016398769 -0.70905161
vn -0.70515263 0.0016418616 -0.70905364
vn -0.70699298 0.0023079778 -0.7072168
vn -0.70442253 0.013494734 0.7096526
vn -0.71584904 0.0072656795 0.69821727
vn -0.71580219 0.0073157391 0.69826472
vn -0.70443392 0.013462122 0.70964193
vn -0.70710677 -1.1100585e-07 0.70710683
vn -0.70710748 -3.7806421e-07 0.70710599
vn -0.70710748 -3.7805279e-07 0.70710605
vn -0.70710677 -1.1059032e-07 0.70710677
vn 0.71231866 0.0012947875 0.70185506
vn 0.70839834 0.0013072735 0.70581156
vn 0.70840132 0.0013097567 0.7058087
vn 0.71193743 0.001612692 0.70224094
vn 0.71414787 -0.0068338951 -0.69996148
vn 0.71402979 -0.012697612 -0.70000017
vn 0.71404076 -0.012692182 -0.69998908
vn 0.71416098 -0.0068576839 -0.69994789
vn 0.70710546 -1.7122533e-06 -0.70710808
vn 0.70710593 -1.0231838e-06 -0.7071076
vn 0.70710593 -1.0228692e-06 -0.70710766
vn 0.70710558 -1.7122591e-06 -0.70710808
vn -0.71584904 0.0072656795 0.69821727
vn -0.7209506 -0.0029389849 0.69298035
vn -0.72087485 -0.0028958661 0.69305921
vn -0.71580219 0.0073157391 0.69826472
vn -0.70515466 0.0016398769 -0.70905161
vn -0.70185393 0.0012970431 -0.71231973
vn -0.70223993 0.0016154925 -0.7119385
vn -0.70515263 0.0016418616 -0.70905364
vn -0.64424664 -0.4121801 -0.6442467
vn -0.69736063 -0.16545202 -0.69736207
vn -0.69736063 -0.16545206 -0.69736195
vn -0.64424664 -0.41218013 -0.6442467
vn -0.56896365 -0.59376842 -0.56896341
vn -0.64424664 -0.4121801 -0.6442467
vn -0.64424664 -0.41218013 -0.6442467
vn -0.56896365 -0.59376842 -0.56896353
vn -0.42859232 -0.79537159 -0.42859375
vn -0.56896365 -0.59376842 -0.56896341
vn -0.56896365 -0.59376842 -0.56896353
vn -0.42859215 -0.79537195 -0.42859358
vn -0.28375301 -0.91595197 -0.28375369
vn -0.42859232 -0.79537159 -0.42859375
vn -0.42859215 -0.79537195 -0.42859358
vn -0.28375301 -0.91595197 -0.28375372
vn -0.18050802 -0.96684897 -0.18061
vn -0.28375301 -0.91595197 -0.28375369
vn -0.28375301 -0.91595197 -0.28375372
vn -0.18050796 -0.96684897 -0.18060994
vn 0.6973604 -0.16545215 -0.69736224
vn 0.64424628 -0.41218048 -0.64424688
vn 0.64424646 -0.41217983 -0.64424706
vn 0.6973604 -0.1654522 -0.69736224
vn 0.64424628 -0.41218048 -0.64424688
vn 0.56896418 -0.59376872 -0.56896257
vn 0.5689643 -0.59376848 -0.56896269
vn 0.64424646 -0.41217983 -0.64424706
vn 0.56896418 -0.59376872 -0.56896257
vn 0.42858958 -0.79537618 -0.42858803
vn 0.42859644 -0.79536867 -0.42859489
vn 0.5689643 -0.59376848 -0.56896269
vn 0.42858958 -0.79537618 -0.42858803
vn 0.28339401 -0.91586751 -0.28438434
vn 0.28337023 -0.91588211 -0.28436106
vn 0.42859644 -0.79536867 -0.42859489
vn 0.28339401 -0.91586751 -0.28438434
vn 0.18009329 -0.96673095 -0.1816522
vn 0.17954636 -0.96693605 -0.18110107
vn 0.28337023 -0.91588211 -0.28436106
vn -0.64423978 -0.41219732 0.64424253
vn -0.69736171 -0.16545294 0.69736075
vn -0.69736165 -0.165453 0.69736075
vn -0.64424574 -0.41217873 0.64424855
vn -0.57061231 -0.59313452 0.5679726
vn -0.64423978 -0.41219732 0.64424253
vn -0.64424574 -0.41217873 0.64424855
vn -0.57058007 -0.59319824 0.56793857
vn -0.43155399 -0.79458964 0.42706969
vn -0.57061231 -0.59313452 0.5679726
vn -0.57058007 -0.59319824 0.56793857
vn -0.43059182 -0.79562283 0.4261162
vn -0.28015551 -0.91528445 0.28942564
vn -0.43155399 -0.79458964 0.42706969
vn -0.43059182 -0.79562283 0.4261162
vn -0.27972963 -0.9155162 0.28910437
vn -0.16964783 -0.96767569 0.18661048
vn -0.28015551 -0.91528445 0.28942564
vn -0.27972963 -0.9155162 0.28910437
vn -0.17545103 -0.96539909 0.19292887
vn 0.18009329 -0.96673095 -0.1816522
vn 0.12303507 -0.98460507 -0.12415739
vn 0.12303507 -0.98460507 -0.12415739
vn 0.17954636 -0.96693605 -0.18110107
vn -0.11616935 -0.98489785 0.12837747
vn -0.16964783 -0.96767569 0.18661048
vn -0.17545103 -0.96539909 0.19292887
vn -0.11616935 -0.98489785 0.12837747
vn 0.64420021 -0.41227859 0.64423019
vn 0.69736105 -0.16545318 0.69736135
vn 0.69736099 -0.16545312 0.69736129
vn 0.64424187 -0.41214836 0.64427179
vn 0.5611335 -0.59080225 0.57972568
vn 0.64420021 -0.41227859 0.64423019
vn 0.64424187 -0.41214836 0.64427179
vn 0.5617587 -0.58979124 0.58014953
vn 0.41708982 -0.79063147 0.44826129
vn 0.5611335 -0.59080225 0.57972568
vn 0.5617587 -0.58979124 0.58014953
vn 0.41174379 -0.7966159 0.44257212
vn 0.27657676 -0.9165113 0.28898498
vn 0.41708982 -0.79063147 0.44826129
vn 0.41174379 -0.7966159 0.44257212
vn 0.27628434 -0.91672003 0.28860238
vn 0.18051569 -0.96684533 0.18062171
vn 0.27657676 -0.9165113 0.28898498
vn 0.27628434 -0.91672003 0.28860238
vn 0.1804619 -0.96686542 0.18056799
vn -0.12364764 -0.98456693 -0.12385187
vn -0.18050802 -0.96684897 -0.18061
vn -0.18050796 -0.96684897 -0.18060994
vn -0.12364764 -0.98456693 -0.12385187
vn 0.1236072 -0.98457783 0.12380526
vn 0.18051569 -0.96684533 0.18062171
vn 0.1804619 -0.96686542 0.18056799
vn 0.1236072 -0.98457783 0.12380526
vn 0.71084094 -0.015993794 -0.70317101
vn 0.7139467 -0.027773932 -0.69964898
vn 0.7139467 -0.027773932 -0.69964898
vn 0.71084011 -0.015990337 -0.70317197
vn 0.70548224 0.0014729416 0.70872605
vn 0.70185262 0.0012955893 0.71232104
vn 0.70223892 0.0016136911 0.71193957
vn 0.70547974 0.0014751835 0.70872855
vn -0.71195275 -0.02207258 -0.70188046
vn -0.70815861 -0.005506543 -0.70603198
vn -0.70816308 -0.0055164765 -0.70602733
vn -0.71194059 -0.02200266 -0.70189482
vn -0.70872515 0.0014728648 -0.70548314
vn -0.70710611 0 -0.70710742
vn -0.70710617 0 -0.70710742
vn -0.70872766 0.0014750994 -0.70548069
vn 0.7169646 0.0010059829 0.69710881
vn 0.70470715 -0.0078588482 0.70945472
vn 0.7046119 -0.0078977067 0.70954889
vn 0.71693712 0.0010066403 0.69713712
vn -0.70361996 -0.013137951 -0.71045506
vn -0.70109415 -0.027785072 -0.71252728
vn -0.70109415 -0.027785072 -0.71252728
vn -0.7036196 -0.013140073 -0.7104553
vn 0.70710486 1.0231822e-06 0.70710874
vn 0.70548224 0.0014729416 0.70872605
vn 0.70547974 0.0014751835 0.70872855
vn 0.7071048 1.0228683e-06 0.70710874
vn 0.71404576 -0.028777374 0.69950724
vn 0.7107721 -0.014812679 0.7032665
vn 0.71076941 -0.014801947 0.7032693
vn 0.71404576 -0.028777374 0.69950724
vn -0.70710611 0 -0.70710742
vn -0.70718259 0.00014341497 -0.70703089
vn -0.70718271 0.00014341943 -0.70703095
vn -0.70710617 0 -0.70710742
vn -0.71419668 -0.035431828 -0.69904768
vn -0.71195275 -0.02207258 -0.70188046
vn -0.71194059 -0.02200266 -0.70189482
vn -0.71419668 -0.035431828 -0.69904768
vn 0.70470715 -0.0078588482 0.70945472
vn 0.68303263 -0.016552474 0.73020023
vn 0.68303263 -0.016552474 0.73020023
vn 0.7046119 -0.0078977067 0.70954889
vn 0.70718211 -0.00014265913 0.70703137
vn 0.70710486 1.0231822e-06 0.70710874
vn 0.7071048 1.0228683e-06 0.70710874
vn 0.70718211 -0.00014266369 0.70703137
vn -0.70718259 0.00014341497 -0.70703089
vn -0.70662314 0.00089601544 -0.70758957
vn -0.7066229 0.00089622056 -0.70758981
vn -0.70718271 0.00014341943 -0.70703095
vn -0.71100569 0.002626321 0.70318151
vn -0.71232265 0.0012960735 0.70185101
vn -0.71194124 0.0016143034 0.70223719
vn -0.71100467 0.0026268028 0.70318246
vn 0.70872539 0.0014724145 -0.70548296
vn 0.71231914 0.0012955918 -0.70185447
vn 0.71193796 0.0016136934 -0.70224047
vn 0.70872784 0.0014746482 -0.70548046
vn 0.70730054 -0.00056239619 0.70691264
vn 0.70718211 -0.00014265913 0.70703137
vn 0.70718211 -0.00014266369 0.70703137
vn 0.70730072 -0.00056259072 0.70691264
vn 0.70185483 0.0012960851 -0.7123189
vn 0.70775747 0.00032670228 -0.70645541
vn 0.70775163 0.00033062758 -0.70646125
vn 0.70224124 0.0016142997 -0.71193725
vn -0.70662314 0.00089601544 -0.70758957
vn -0.70361996 -0.013137951 -0.71045506
vn -0.7036196 -0.013140073 -0.7104553
vn -0.7066229 0.00089622056 -0.70758981
vn -0.7209506 -0.0029389849 0.69298035
vn -0.71100569 0.002626321 0.70318151
vn -0.71100467 0.0026268028 0.70318246
vn -0.72087485 -0.0028958661 0.69305921
vn 0.7107721 -0.014812679 0.7032665
vn 0.70730054 -0.00056239619 0.70691264
vn 0.70730072 -0.00056259072 0.70691264
vn 0.71076941 -0.014801947 0.7032693
vn 0.70710593 -1.0231838e-06 -0.7071076
vn 0.70872539 0.0014724145 -0.70548296
vn 0.70872784 0.0014746482 -0.70548046
vn 0.70710593 -1.0228692e-06 -0.70710766
vn 0.70775747 0.00032670228 -0.70645541
vn 0.71414787 -0.0068338951 -0.69996148
vn 0.71416098 -0.0068576839 -0.69994789
vn 0.70775163 0.00033062758 -0.70646125
vn -0.70552593 0.0014638434 0.70868254
vn -0.70710677 -1.1100585e-07 0.70710683
vn -0.70710677 -1.1059032e-07 0.70710677
vn -0.7055186 0.0014706176 0.70868993
vn -0.70550561 0.00010604571 -0.70870429
vn -0.70550561 0.00010604571 -0.70870429
vn -0.7055068 0.00010566755 -0.70870316
vn -0.7055068 0.00010566776 -0.70870316
vn 0.70097679 -0.0081866458 0.71313703
vn 0.70097679 -0.0081866458 0.71313703
vn 0.69956243 -0.0014416398 0.71457005
vn 0.69956231 -0.0014407608 0.71457022
vn 0.7074312 -1.6503207e-05 -0.70678228
vn 0.7074312 -1.6503207e-05 -0.70678228
vn 0.70743197 -1.8134719e-05 -0.70678139
vn 0.70743203 -1.8134635e-05 -0.70678151
vn -0.000889485 -0.67105919 0.74140328
vn -0.0008886446 -0.67197806 0.74057043
vn -0.00096886593 -0.57058752 0.82123619
vn -0.81380844 -0.58113122 -0.0014772089
vn -0.81458831 -0.58003789 -0.0014159426
vn -0.77854073 -0.6275928 -0.0013581377
vn -0.73610896 -0.67686176 -0.0013360811
vn 0.0012811156 -0.58021933 -0.81445926
vn -0.00081581349 -0.67817944 -0.73489594
vn -0.0014253327 -0.70473319 -0.70947099
vn 0.81398481 -0.58088487 0.0011823146
vn 0.73511064 -0.67794627 0.0010589905
vn 0.73527265 -0.67777061 0.0010592424
vn -0.0014253327 -0.70473319 -0.70947099
vn -0.00081581349 -0.67817944 -0.73489594
vn -0.0032040898 -0.77719343 -0.62925363
vn -0.0032040898 -0.77719343 -0.62925363
vn 0.69956231 -0.0014407608 0.71457022
vn 0.69956243 -0.0014416398 0.71457005
vn 0.69661385 0.012119493 0.71734387
vn -0.70707935 1.7095594e-05 0.70713425
vn -0.70707941 1.7093935e-05 0.70713425
vn -0.70707428 1.8070801e-05 0.70713931
vn -0.7055068 0.00010566776 -0.70870316
vn -0.7055068 0.00010566755 -0.70870316
vn -0.70550919 0.00010490726 -0.7087009
vn -0.70550919 0.00010490726 -0.7087009
vn 0.70743203 -1.8134635e-05 -0.70678151
vn 0.70743197 -1.8134719e-05 -0.70678139
vn 0.7074337 -2.1415104e-05 -0.70677984
vn -0.000889485 -0.67105919 0.74140328
vn -0.00077968219 -0.77324158 0.63411111
vn -0.0008886446 -0.67197806 0.74057043
vn -0.77854073 -0.6275928 -0.0013581377
vn -0.81458831 -0.58003789 -0.0014159426
vn -0.81629026 -0.57764059 -0.0012818096
vn 0.73511064 -0.67794627 0.0010589905
vn 0.6309278 -0.77584106 0.00089782634
vn 0.73527265 -0.67777061 0.0010592424
vn -0.77854073 -0.6275928 -0.0013581377
vn -0.63334125 -0.77387178 -0.0011494388
vn -0.73610896 -0.67686176 -0.0013360811
vn -0.99230617 -0.12363411 0.0065684924
vn -0.99122226 -0.1320726 0.0059338314
vn -0.99994648 -0.0073163235 0.0073161619
vn -0.99994648 -0.0073163235 0.0073161619
vn 0.71231866 0.0012947875 0.70185506
vn 0.71193743 0.001612692 0.70224094
vn 0.71386802 0 0.70028013
vn 0.71386802 0 0.70028013
vn 0 -0.12968718 -0.99155492
vn 0 -0.121217 -0.99262607
vn 0 0 -1
vn 0 0 -1
vn 0 -0.12121764 0.99262595
vn -2.0214696e-07 -0.12968788 0.9915548
vn 0 0 1
vn 0 0 1
vn 0.70223892 0.0016136911 0.71193957
vn 0.70185262 0.0012955893 0.71232104
vn 0.70027643 0 0.71387178
vn 0.70027643 0 0.71387178
vn -0.9914704 -0.13032943 0.0008187443
vn -0.99254715 -0.12185928 0.00067730877
vn -1 0 0
vn -1 0 0
vn 0.69736099 -0.16545312 0.69736129
vn 0.69736105 -0.16545318 0.69736135
vn 0.70710731 0 0.70710623
vn 0.70710731 0 0.70710623
vn 0.71193796 0.0016136934 -0.70224047
vn 0.71231914 0.0012955918 -0.70185447
vn 0.71386874 0 -0.70027947
vn 0.71386874 0 -0.70027947
vn -0.70223993 0.0016154925 -0.7119385
vn -0.70185393 0.0012970431 -0.71231973
vn -0.70027876 0 -0.71386939
vn -0.70027876 0 -0.71386939
vn 0.99254709 -0.12185987 0.00067730993
vn 0.99147034 -0.13032995 0.00081874401
vn 1 0 0
vn 1 0 0
vn 0.6973604 -0.16545215 -0.69736224
vn 0.6973604 -0.1654522 -0.69736224
vn 0.70710623 0 -0.70710725
vn 0.70710623 0 -0.70710725
vn -0.71194124 0.0016143034 0.70223719
vn -0.71232265 0.0012960735 0.70185101
vn -0.71387285 0 0.70027524
vn -0.71387285 0 0.70027524
vn 0.00082727103 -0.13032487 0.99147105
vn 0.00070210081 -0.12184751 0.99254858
vn 0 0 1
vn 0 0 1
vn -0.69736165 -0.165453 0.69736075
vn -0.69736171 -0.16545294 0.69736075
vn -0.70710754 0 0.70710611
vn -0.70710754 0 0.70710611
vn 0.99147046 -0.1303288 -0.00082015764
vn 0.99254739 -0.1218573 -0.00068180892
vn 1 0 0
vn 1 0 0
vn -0.69736063 -0.16545206 -0.69736195
vn -0.69736063 -0.16545202 -0.69736207
vn -0.70710623 0 -0.70710725
vn -0.70710623 0 -0.70710725
vn 0.00070262153 -0.1218469 -0.99254864
vn 0.00082786952 -0.13032465 -0.99147105
vn 0 0 -1
vn 0 0 -1
vn 0.70185483 0.0012960851 -0.7123189
vn 0.70224124 0.0016142997 -0.71193725
vn 0.70027804 0 -0.71387017
vn 0.70027804 0 -0.71387017
vn -0.70708185 1.6607968e-05 0.70713168
vn -0.70708185 1.6607968e-05 0.70713168
vn -0.70707941 1.7093935e-05 0.70713425
vn -0.70707935 1.7095594e-05 0.70713425
vn -0.34694621 -0.93788505 5.7898699e-08
vn -0.52573234 -0.85065007 3.4305689e-08
vn -0.52573246 -0.85065001 0
vn -0.34694576 -0.93788517 0
vn -0.7264539 -0.68721521 -2.0892142e-07
vn -0.88468331 -0.46619192 -0.0007769845
vn -0.88484025 -0.46589342 -0.0010398988
vn -0.72645426 -0.68721479 -2.0666404e-07
vn -0.95222056 -0.30541116 -8.2514334e-06
vn -0.99122226 -0.1320726 0.0059338314
vn -0.99230617 -0.12363411 0.0065684924
vn -0.95214951 -0.30562714 0.001861425
vn -0.70188266 0.0012874833 0.71229148
vn -0.70552593 0.0014638434 0.70868254
vn -0.7055186 0.0014706176 0.70868993
vn -0.70228195 0.0016087 0.71189708
vn 0.52573222 -0.85065007 3.4263488e-07
vn 0.72645319 -0.68721592 2.2354041e-07
vn 0.68317002 -0.7302593 0
vn 0.49164578 -0.87079531 -6.5786381e-08
vn 0.72645319 -0.68721592 2.2354041e-07
vn 0.88468313 -0.46619219 -0.0007763654
vn 0.87158608 -0.49024236 -0.00037882157
vn 0.68317002 -0.7302593 0
vn -0.7002793 0 0.71386904
vn -0.70188266 0.0012874833 0.71229148
vn -0.70228195 0.0016087 0.71189708
vn -0.7002793 0 0.71386904
vn -0.52573234 -0.85065007 3.4305689e-08
vn -0.7264539 -0.68721521 -2.0892142e-07
vn -0.72645426 -0.68721479 -2.0666404e-07
vn -0.52573246 -0.85065001 0
vn -0.88468331 -0.46619192 -0.0007769845
vn -0.95222056 -0.30541116 -8.2514334e-06
vn -0.95214951 -0.30562714 0.001861425
vn -0.88484025 -0.46589342 -0.0010398988
vn 0.34694651 -0.93788487 1.026727e-07
vn 0.52573222 -0.85065007 3.4263488e-07
vn 0.49164578 -0.87079531 -6.5786381e-08
vn 0.2980175 -0.9545604 -7.9952315e-08
vn 3.5690894e-07 -1 4.6655853e-09
vn 0.34694651 -0.93788487 1.026727e-07
vn 0.2980175 -0.9545604 -7.9952315e-08
vn -2.3023759e-07 -1 9.3312247e-09
vn 3.5690894e-07 -1 4.6655853e-09
vn -0.34694621 -0.93788505 5.7898699e-08
vn -0.34694576 -0.93788517 0
vn 7.8226617e-07 -1 0
vn 0.88468313 -0.46619219 -0.0007763654
vn 0.95142043 -0.30788961 -0.001790451
vn 0.94724423 -0.320508 -0.0016991409
vn 0.87158608 -0.49024236 -0.00037882157
vn 0.95142043 -0.30788961 -0.001790451
vn 0.99147046 -0.1303288 -0.00082015764
vn 0.94724423 -0.320508 -0.0016991409
vn 0 -0.68721521 -0.72645384
vn 0 -0.85020328 -0.52645463
vn 0 -0.87020546 -0.49268916
vn 0 -0.73025888 -0.6831705
vn 0.00082786952 -0.13032465 -0.99147105
vn 0.001789119 -0.30790228 -0.95141625
vn 0.001655277 -0.32052833 -0.94723749
vn 0 -0.85020328 -0.52645463
vn 9.7600477e-08 -0.93776232 -0.34727767
vn 2.8690786e-07 -0.95466077 -0.2976959
vn 0 -0.87020546 -0.49268916
vn -2.4143665e-07 -0.93788522 0.34694591
vn -2.0697277e-08 -0.99999994 0.00049582205
vn 0 -0.99999994 0.00049564114
vn 0 -0.93788522 0.34694576
vn -1.2340882e-07 -0.85065019 0.5257321
vn -2.4143665e-07 -0.93788522 0.34694591
vn 0 -0.93788522 0.34694576
vn 0 -0.85065019 0.52573216
vn 0.00075818005 -0.46621111 0.88467306
vn 0 -0.68721569 0.72645354
vn 0 -0.68721569 0.72645342
vn 0.0010391552 -0.46591601 0.88482839
vn 0.00082727103 -0.13032487 0.99147105
vn 0.0017884694 -0.30790237 0.95141625
vn 0.0017322842 -0.30730215 0.95161045
vn 0.00070210081 -0.12184751 0.99254858
vn -0.71231866 0.0012957534 -0.70185506
vn -0.70872515 0.0014728648 -0.70548314
vn -0.70872766 0.0014750994 -0.70548069
vn -0.71193749 0.0016138951 -0.702241
vn 0.001789119 -0.30790228 -0.95141625
vn 0.00075813476 -0.46621075 -0.88467336
vn 0.00035135259 -0.49025345 -0.87157989
vn 0.001655277 -0.32052833 -0.94723749
vn 0.00075813476 -0.46621075 -0.88467336
vn 0 -0.68721521 -0.72645384
vn 0 -0.73025888 -0.6831705
vn 0.00035135259 -0.49025345 -0.87157989
vn 9.7600477e-08 -0.93776232 -0.34727767
vn -2.0697277e-08 -0.99999994 0.00049582205
vn -4.0847496e-08 -1 0.00018675547
vn 2.8690786e-07 -0.95466077 -0.2976959
vn 0 -0.68721569 0.72645354
vn -1.2340882e-07 -0.85065019 0.5257321
vn 0 -0.85065019 0.52573216
vn 0 -0.68721569 0.72645342
vn 0.0017884694 -0.30790237 0.95141625
vn 0.00075818005 -0.46621111 0.88467306
vn 0.0010391552 -0.46591601 0.88482839
vn 0.0017322842 -0.30730215 0.95161045
vn -0.71386802 0 -0.70028013
vn -0.71231866 0.0012957534 -0.70185506
vn -0.71193749 0.0016138951 -0.702241
vn -0.71386802 0 -0.70028013
vn -0.72725385 -0.68636858 -2.1539259e-08
vn -0.88580626 -0.46405455 0.00078011275
vn -0.87306315 -0.48760691 0.0003840171
vn -0.6830132 -0.73040599 -5.8348245e-08
vn -0.88580626 -0.46405455 0.00078011275
vn -0.95142102 -0.30788767 0.0017906956
vn -0.94724542 -0.32050449 0.0017079528
vn -0.87306315 -0.48760691 0.0003840171
vn -0.34694591 -0.93788522 -1.5527775e-08
vn -0.52467275 -0.85130411 -2.1300334e-08
vn -0.49109724 -0.87110478 -2.3896339e-08
vn -0.2980164 -0.9545607 7.1232613e-08
vn 0.52573192 -0.85065025 -7.5658448e-08
vn 0.72645396 -0.68721509 5.0885427e-07
vn 0.7264542 -0.68721479 0
vn 0.52573192 -0.85065031 -5.4364745e-07
vn 0.88468593 -0.46618691 0.000780617
vn 0.95142108 -0.30788735 0.0017906876
vn 0.95161581 -0.3072854 0.0017073817
vn 0.88484323 -0.46588787 0.0010390913
vn 0.34694594 -0.93788511 -5.5296698e-07
vn 0.52573192 -0.85065025 -7.5658448e-08
vn 0.52573192 -0.85065031 -5.4364745e-07
vn 0.34694585 -0.93788511 -1.0559855e-06
vn 9.2894119e-08 -1 -3.073377e-07
vn -0.34694591 -0.93788522 -1.5527775e-08
vn -0.2980164 -0.9545607 7.1232613e-08
vn 2.3023756e-07 -1 -9.3132373e-09
vn -0.95142102 -0.30788767 0.0017906956
vn -0.9914704 -0.13032943 0.0008187443
vn -0.94724542 -0.32050449 0.0017079528
vn -0.52467275 -0.85130411 -2.1300334e-08
vn -0.72725385 -0.68636858 -2.1539259e-08
vn -0.6830132 -0.73040599 -5.8348245e-08
vn -0.49109724 -0.87110478 -2.3896339e-08
vn 9.2894119e-08 -1 -3.073377e-07
vn 0.34694594 -0.93788511 -5.5296698e-07
vn 0.34694585 -0.93788511 -1.0559855e-06
vn -3.8135485e-07 -1 -6.0536149e-07
vn 0.72645396 -0.68721509 5.0885427e-07
vn 0.88468593 -0.46618691 0.000780617
vn 0.88484323 -0.46588787 0.0010390913
vn 0.7264542 -0.68721479 0
vn 0.95142108 -0.30788735 0.0017906876
vn 0.99147034 -0.13032995 0.00081874401
vn 0.99254709 -0.12185987 0.00067730993
vn 0.95161581 -0.3072854 0.0017073817
vn -2.7622525e-07 -0.46657205 0.88448322
vn 0 -0.68721521 0.7264539
vn 0 -0.7302587 0.6831708
vn -4.0725581e-07 -0.49030137 0.87155294
vn 3.1179314e-07 -0.68721527 -0.72645378
vn 1.389558e-07 -0.85065001 -0.52573246
vn 0 -0.85064995 -0.52573246
vn 0 -0.68721527 -0.72645372
vn 0 -0.30784285 -0.95143718
vn 2.0640785e-07 -0.46657205 -0.88448316
vn 0 -0.46657196 -0.88448322
vn 0 -0.30784267 -0.95143723
vn 1.4319285e-07 -0.93788499 -0.34694642
vn 9.3700283e-09 -1 2.2979074e-07
vn 0 -1 5.182514e-07
vn 0 -0.93788499 -0.34694636
vn 0 -0.68721521 0.7264539
vn 0 -0.85065031 0.52573198
vn 0 -0.87059867 0.49199393
vn 0 -0.7302587 0.6831708
vn -2.0214696e-07 -0.12968788 0.9915548
vn -9.7359577e-07 -0.30784336 0.95143712
vn -1.7977496e-06 -0.31993657 0.94743901
vn 0 -0.85065031 0.52573198
vn -9.7429826e-08 -0.93788511 0.34694588
vn -2.8488205e-07 -0.9543156 0.29880044
vn 0 -0.87059867 0.49199393
vn -9.7359577e-07 -0.30784336 0.95143712
vn -2.7622525e-07 -0.46657205 0.88448322
vn -4.0725581e-07 -0.49030137 0.87155294
vn -1.7977496e-06 -0.31993657 0.94743901
vn -9.7429826e-08 -0.93788511 0.34694588
vn 9.3700283e-09 -1 2.2979074e-07
vn 2.5142807e-08 -0.99999273 -0.0038289267
vn -2.8488205e-07 -0.9543156 0.29880044
vn 2.0640785e-07 -0.46657205 -0.88448316
vn 3.1179314e-07 -0.68721527 -0.72645378
vn 0 -0.68721527 -0.72645372
vn 0 -0.46657196 -0.88448322
vn 0 -0.12968718 -0.99155492
vn 0 -0.30784285 -0.95143718
vn 0 -0.30784267 -0.95143723
vn 0 -0.121217 -0.99262607
vn 1.389558e-07 -0.85065001 -0.52573246
vn 1.4319285e-07 -0.93788499 -0.34694642
vn 0 -0.93788499 -0.34694636
vn 0 -0.85064995 -0.52573246
vn 0 -0.47301778 -0.88105285
vn 0 -0.47301778 -0.88105285
vn 0 -0.47301778 -0.88105285
vn 0 -0.47301778 -0.88105285
vn 0 0.47301838 -0.88105255
vn 0 0.47301838 -0.88105255
vn 0 0.47301838 -0.88105255
vn 0 0.47301838 -0.88105255
vn 0.88105285 -0.4730179 0
vn 0.88105285 -0.4730179 0
vn 0.88105285 -0.4730179 0
vn 0.88105285 -0.4730179 0
vn 0.99999994 0 0
vn 0.99999994 0 0
vn 0.99999994 0 0
vn 0.99999994 0 0
vn 0 0 1
vn 0 0 1
vn 0 0 1
vn 0 0 1
vn 0 0 -1
vn 0 0 -1
vn 0 0 -1
vn 0 0 -1
vn -0.99999994 0 0
vn -0.99999994 0 0
vn -0.99999994 0 0
vn -0.99999994 0 0
vn -0.88105327 0.47301707 0
vn -0.88105327 0.47301707 0
vn -0.88105327 0.47301707 0
vn -0.88105327 0.47301707 0
vn 0 -0.47301778 0.88105285
vn 0 -0.47301778 0.88105285
vn 0 -0.47301778 0.88105285
vn 0 -0.47301778 0.88105285
vn -1 0 0
vn -1 0 0
vn -1 0 0
vn -1 0 0
vn 0 0 -1
vn 0 0 -1
vn 0 0 -1
vn 0 0 -1
vn 1 0 0
vn 1 0 0
vn 1 0 0
vn 1 0 0
vn 0 0 1
vn 0 0 1
vn 0 0 1
vn 0 0 1
vn -1 0 0
vn -1 0 0
vn -1 0 0
vn -1 0 0
vn 0 0 -1
vn 0 0 -1
vn 0 0 -1
vn 0 0 -1
vn 0 0 1
vn 0 0 1
vn 0 0 1
vn 0 0 1
vn 1 0 0
vn 1 0 0
vn 1 0 0
vn 1 0 0
vn 0 0.47301838 0.88105255
vn 0 0.47301838 0.88105255
vn 0 0.47301838 0.88105255
vn 0 0.47301838 0.88105255
vn -0.88105327 -0.47301707 0
vn -0.88105327 -0.47301707 0
vn -0.88105327 -0.47301707 0
vn -0.88105327 -0.47301707 0
vn 0.88105285 0.4730179 0
vn 0.88105285 0.4730179 0
vn 0.88105285 0.4730179 0
vn 0.88105285 0.4730179 0
vn 0 1 0
vn 0 1 0
vn 0 1 0
vn 0 1 0
vn 0 -1 0
vn 0 -1 0
vn 0 -1 0
vn 0 -1 0
vn -0.88105327 -0.47301707 -1.7591455e-07
vn -0.88105327 -0.47301707 -1.7591455e-07
vn -0.88105327 -0.47301707 -1.7591455e-07
vn -0.88105327 -0.47301707 -1.7591455e-07
vn -0.88105291 0.47301775 1.4073156e-07
vn -0.88105291 0.47301775 1.4073156e-07
vn -0.88105291 0.47301775 1.4073156e-07
vn -0.88105291 0.47301775 1.4073156e-07
vn 1.7591431e-07 -0.47301668 -0.88105345
vn 1.7591431e-07 -0.47301668 -0.88105345
vn 1.7591431e-07 -0.47301668 -0.88105345
vn 1.7591431e-07 -0.47301668 -0.88105345
vn 1.7211238e-07 4.0181355e-08 -1
vn 1.7211238e-07 4.0181355e-08 -1
vn 1.7211238e-07 4.0181355e-08 -1
vn 1.7211238e-07 4.0181355e-08 -1
vn 1 4.2574733e-08 4.917498e-07
vn 1 4.2574733e-08 4.917498e-07
vn 1 4.2574733e-08 4.917498e-07
vn 1 4.2574733e-08 4.917498e-07
vn -0.99999994 -4.2574751e-08 -2.458749e-07
vn -0.99999994 -4.2574751e-08 -2.458749e-07
vn -0.99999994 -4.2574751e-08 -2.458749e-07
vn -0.99999994 -4.2574751e-08 -2.458749e-07
vn -1.7211242e-07 -8.0362703e-08 1
vn -1.7211242e-07 -8.0362703e-08 1
vn -1.7211242e-07 -8.0362703e-08 1
vn -1.7211242e-07 -8.0362703e-08 1
vn -4.3978606e-08 0.47301841 0.88105243
vn -4.3978606e-08 0.47301841 0.88105243
vn -4.3978606e-08 0.47301841 0.88105243
vn -4.3978606e-08 0.47301841 0.88105243
vn 0.88105303 -0.47301757 1.7591451e-07
vn 0.88105303 -0.47301757 1.7591451e-07
vn 0.88105303 -0.47301757 1.7591451e-07
vn 0.88105303 -0.47301757 1.7591451e-07
vn 0 0 1
vn 0 0 1
vn 0 0 1
vn 0 0 1
vn -1 0 0
vn -1 0 0
vn -1 0 0
vn -1 0 0
vn 7.4505813e-08 0 -1
vn 7.4505813e-08 0 -1
vn 7.4505813e-08 0 -1
vn 7.4505813e-08 0 -1
vn 1 1.1920923e-07 0
vn 1 1.1920923e-07 0
vn 1 1.1920923e-07 0
vn 1 1.1920923e-07 0
vn -1.4901161e-07 0 1
vn -1.4901161e-07 0 1
vn -1.4901161e-07 0 1
vn -1.4901161e-07 0 1
vn -1 -2.3841858e-07 0
vn -1 -2.3841858e-07 0
vn -1 -2.3841858e-07 0
vn -1 -2.3841858e-07 0
vn 1 1.1920932e-07 2.9802322e-07
vn 1 1.1920932e-07 2.9802322e-07
vn 1 1.1920932e-07 2.9802322e-07
vn 1 1.1920932e-07 2.9802322e-07
vn 7.4505792e-08 2.980232e-07 -1
vn 7.4505792e-08 2.980232e-07 -1
vn 7.4505792e-08 2.980232e-07 -1
vn 7.4505792e-08 2.980232e-07 -1
vn 0.88105327 0.47301707 1.0554863e-07
vn 0.88105327 0.47301707 1.0554863e-07
vn 0.88105327 0.47301707 1.0554863e-07
vn 0.88105327 0.47301707 1.0554863e-07
vn -1.7591442e-07 -0.47301558 0.88105404
vn -1.7591442e-07 -0.47301558 0.88105404
vn -1.7591442e-07 -0.47301558 0.88105404
vn -1.7591442e-07 -0.47301558 0.88105404
vn 8.7957353e-08 0.47301731 -0.88105315
vn 8.7957353e-08 0.47301731 -0.88105315
vn 8.7957353e-08 0.47301731 -0.88105315
vn 8.7957353e-08 0.47301731 -0.88105315
vn 0 1 0
vn 0 1 0
vn 0 1 0
vn 0 1 0
vn 4.3711395e-08 -1 -4.3711385e-08
vn 4.3711395e-08 -1 -4.3711385e-08
vn 4.3711395e-08 -1 -4.3711385e-08
vn 4.3711395e-08 -1 -4.3711385e-08
vn -1.759142e-07 -0.47301778 0.88105285
vn -1.759142e-07 -0.47301778 0.88105285
vn -1.759142e-07 -0.47301778 0.88105285
vn -1.759142e-07 -0.47301778 0.88105285
vn -1.3193591e-07 0.4730176 0.88105303
vn -1.3193591e-07 0.4730176 0.88105303
vn -1.3193591e-07 0.4730176 0.88105303
vn -1.3193591e-07 0.4730176 0.88105303
vn -0.88105315 -0.47301722 0
vn -0.88105315 -0.47301722 0
vn -0.88105315 -0.47301722 0
vn -0.88105315 -0.47301722 0
vn -1 0 -2.458749e-07
vn -1 0 -2.458749e-07
vn -1 0 -2.458749e-07
vn -1 0 -2.458749e-07
vn 3.442249e-07 0 -1
vn 3.442249e-07 0 -1
vn 3.442249e-07 0 -1
vn 3.442249e-07 0 -1
vn -1.7211241e-07 -6.1468725e-08 1
vn -1.7211241e-07 -6.1468725e-08 1
vn -1.7211241e-07 -6.1468725e-08 1
vn -1.7211241e-07 -6.1468725e-08 1
vn 0.99999994 -1.4655288e-14 2.4587493e-07
vn 0.99999994 -1.4655288e-14 2.4587493e-07
vn 0.99999994 -1.4655288e-14 2.4587493e-07
vn 0.99999994 -1.4655288e-14 2.4587493e-07
vn 0.88105273 0.4730179 1.0554874e-07
vn 0.88105273 0.4730179 1.0554874e-07
vn 0.88105273 0.4730179 1.0554874e-07
vn 0.88105273 0.4730179 1.0554874e-07
vn 1.7591442e-07 -0.47301558 -0.88105404
vn 1.7591442e-07 -0.47301558 -0.88105404
vn 1.7591442e-07 -0.47301558 -0.88105404
vn 1.7591442e-07 -0.47301558 -0.88105404
vn 1 0 2.9802317e-07
vn 1 0 2.9802317e-07
vn 1 0 2.9802317e-07
vn 1 0 2.9802317e-07
vn -7.4505813e-08 0 1
vn -7.4505813e-08 0 1
vn -7.4505813e-08 0 1
vn -7.4505813e-08 0 1
vn -1 7.1054301e-14 -2.9802334e-07
vn -1 7.1054301e-14 -2.9802334e-07
vn -1 7.1054301e-14 -2.9802334e-07
vn -1 7.1054301e-14 -2.9802334e-07
vn 0 0 -1
vn 0 0 -1
vn 0 0 -1
vn 0 0 -1
vn 1 0 2.9802322e-07
vn 1 0 2.9802322e-07
vn 1 0 2.9802322e-07
vn 1 0 2.9802322e-07
vn -2.2351745e-07 -2.9802325e-07 1
vn -2.2351745e-07 -2.9802325e-07 1
vn -2.2351745e-07 -2.9802325e-07 1
vn -2.2351745e-07 -2.9802325e-07 1
vn 2.9802325e-07 0 -1
vn 2.9802325e-07 0 -1
vn 2.9802325e-07 0 -1
vn 2.9802325e-07 0 -1
vn -1 0 -2.980232e-07
vn -1 0 -2.980232e-07
vn -1 0 -2.980232e-07
vn -1 0 -2.980232e-07
vn 2.8586044e-07 0.47301954 -0.88105196
vn 2.8586044e-07 0.47301954 -0.88105196
vn 2.8586044e-07 0.47301954 -0.88105196
vn 2.8586044e-07 0.47301954 -0.88105196
vn 0.88105303 -0.47301757 0
vn 0.88105303 -0.47301757 0
vn 0.88105303 -0.47301757 0
vn 0.88105303 -0.47301757 0
vn -0.88105309 0.47301739 -7.03658e-08
vn -0.88105309 0.47301739 -7.03658e-08
vn -0.88105309 0.47301739 -7.03658e-08
vn -0.88105309 0.47301739 -7.03658e-08
vn 0 1 0
vn 0 1 0
vn 0 1 0
vn 0 1 0
vn 1.2287843e-14 -1 -8.7422769e-08
vn 1.2287843e-14 -1 -8.7422769e-08
vn 1.2287843e-14 -1 -8.7422769e-08
vn 1.2287843e-14 -1 -8.7422769e-08
vn 0 -0.47301778 -0.88105285
vn 0 -0.47301778 -0.88105285
vn 0 -0.47301778 -0.88105285
vn 0 -0.47301778 -0.88105285
vn 0 0.47301853 -0.88105249
vn 0 0.47301853 -0.88105249
vn 0 0.47301853 -0.88105249
vn 0 0.47301853 -0.88105249
vn 0.88105285 -0.4730179 0
vn 0.88105285 -0.4730179 0
vn 0.88105285 -0.4730179 0
vn 0.88105285 -0.4730179 0
vn 1 0 0
vn 1 0 0
vn 1 0 0
vn 1 0 0
vn 0 0 1
vn 0 0 1
vn 0 0 1
vn 0 0 1
vn 0 0 -1
vn 0 0 -1
vn 0 0 -1
vn 0 0 -1
vn -1 0 0
vn -1 0 0
vn -1 0 0
vn -1 0 0
vn -0.88105327 0.47301728 0
vn -0.88105327 0.47301728 0
vn -0.88105327 0.47301728 0
vn -0.88105327 0.47301728 0
vn 0 -0.47301778 0.88105285
vn 0 -0.47301778 0.88105285
vn 0 -0.47301778 0.88105285
vn 0 -0.47301778 0.88105285
vn -1 0 0
vn -1 0 0
vn -1 0 0
vn -1 0 0
vn 0 0 -1
vn 0 0 -1
vn 0 0 -1
vn 0 0 -1
vn 1 0 0
vn 1 0 0
vn 1 0 0
vn 1 0 0
vn 0 0 1
vn 0 0 1
vn 0 0 1
vn 0 0 1
vn -1 0 0
vn -1 0 0
vn -1 0 0
vn -1 0 0
vn 0 0 -1
vn 0 0 -1
vn 0 0 -1
vn 0 0 -1
vn 0 0 1
vn 0 0 1
vn 0 0 1
vn 0 0 1
vn 1 0 0
vn 1 0 0
vn 1 0 0
vn 1 0 0
vn 0 0.47301853 0.88105249
vn 0 0.47301853 0.88105249
vn 0 0.47301853 0.88105249
vn 0 0.47301853 0.88105249
vn -0.88105327 -0.47301707 0
vn -0.88105327 -0.47301707 0
vn -0.88105327 -0.47301707 0
vn -0.88105327 -0.47301707 0
vn 0.88105273 0.47301805 0
vn 0.88105273 0.47301805 0
vn 0.88105273 0.47301805 0
vn 0.88105273 0.47301805 0
vn 0 1 0
vn 0 1 0
vn 0 1 0
vn 0 1 0
vn 0 -1 0
vn 0 -1 0
vn 0 -1 0
vn 0 -1 0
vn 0 -0.47301558 -0.88105404
vn 0 -0.47301558 -0.88105404
vn 0 -0.47301558 -0.88105404
vn 0 -0.47301558 -0.88105404
vn 0 0.4730162 -0.88105375
vn 0 0.4730162 -0.88105375
vn 0 0.4730162 -0.88105375
vn 0 0.4730162 -0.88105375
vn 0.88105196 -0.47301954 0
vn 0.88105196 -0.47301954 0
vn 0.88105196 -0.47301954 0
vn 0.88105196 -0.47301954 0
vn 0.99999994 0 0
vn 0.99999994 0 0
vn 0.99999994 0 0
vn 0.99999994 0 0
vn 0 0 1
vn 0 0 1
vn 0 0 1
vn 0 0 1
vn 0 0 -1
vn 0 0 -1
vn 0 0 -1
vn 0 0 -1
vn -0.99999994 0 0
vn -0.99999994 0 0
vn -0.99999994 0 0
vn -0.99999994 0 0
vn -0.88105196 0.47301954 0
vn -0.88105196 0.47301954 0
vn -0.88105196 0.47301954 0
vn -0.88105196 0.47301954 0
vn 0 -0.47301778 0.88105285
vn 0 -0.47301778 0.88105285
vn 0 -0.47301778 0.88105285
vn 0 -0.47301778 0.88105285
vn -1 0 0
vn -1 0 0
vn -1 0 0
vn -1 0 0
vn 0 0 -1
vn 0 0 -1
vn 0 0 -1
vn 0 0 -1
vn 1 0 0
vn 1 0 0
vn 1 0 0
vn 1 0 0
vn 0 0 1
vn 0 0 1
vn 0 0 1
vn 0 0 1
vn -1 0 0
vn -1 0 0
vn -1 0 0
vn -1 0 0
vn 0 0 -1
vn 0 0 -1
vn 0 0 -1
vn 0 0 -1
vn 0 0 1
vn 0 0 1
vn 0 0 1
vn 0 0 1
vn 1 0 0
vn 1 0 0
vn 1 0 0
vn 1 0 0
vn 0 0.47301838 0.88105255
vn 0 0.47301838 0.88105255
vn 0 0.47301838 0.88105255
vn 0 0.47301838 0.88105255
vn -0.88105196 -0.47301954 0
vn -0.88105196 -0.47301954 0
vn -0.88105196 -0.47301954 0
vn -0.88105196 -0.47301954 0
vn 0.88105196 0.47301954 0
vn 0.88105196 0.47301954 0
vn 0.88105196 0.47301954 0
vn 0.88105196 0.47301954 0
vn 0 0.99999994 0
vn 0 0.99999994 0
vn 0 0.99999994 0
vn 0 0.99999994 0
vn 0 -0.99999994 0
vn 0 -0.99999994 0
vn 0 -0.99999994 0
vn 0 -0.99999994 0
vn 0 -0.47301996 -0.88105166
vn 0 -0.47301996 -0.88105166
vn 0 -0.47301996 -0.88105166
vn 0 -0.47301996 -0.88105166
vn 0 0.47302055 -0.88105142
vn 0 0.47302055 -0.88105142
vn 0 0.47302055 -0.88105142
vn 0 0.47302055 -0.88105142
vn 0.88105202 -0.47301951 0
vn 0.88105202 -0.47301951 0
vn 0.88105202 -0.47301951 0
vn 0.88105202 -0.47301951 0
vn 1 0 0
vn 1 0 0
vn 1 0 0
vn 1 0 0
vn 0 0 1
vn 0 0 1
vn 0 0 1
vn 0 0 1
vn 0 0 -1
vn 0 0 -1
vn 0 0 -1
vn 0 0 -1
vn -1 0 0
vn -1 0 0
vn -1 0 0
vn -1 0 0
vn -0.8810519 0.47301963 0
vn -0.8810519 0.47301963 0
vn -0.8810519 0.47301963 0
vn -0.8810519 0.47301963 0
vn 0 -0.47302434 0.88104934
vn 0 -0.47302434 0.88104934
vn 0 -0.47302434 0.88104934
vn 0 -0.47302434 0.88104934
vn -1 0 0
vn -1 0 0
vn -1 0 0
vn -1 0 0
vn 0 0 -1
vn 0 0 -1
vn 0 0 -1
vn 0 0 -1
vn 1 0 0
vn 1 0 0
vn 1 0 0
vn 1 0 0
vn 0 0 1
vn 0 0 1
vn 0 0 1
vn 0 0 1
vn -1 0 0
vn -1 0 0
vn -1 0 0
vn -1 0 0
vn 0 0 -1
vn 0 0 -1
vn 0 0 -1
vn 0 0 -1
vn 0 0 1
vn 0 0 1
vn 0 0 1
vn 0 0 1
vn 1 0 0
vn 1 0 0
vn 1 0 0
vn 1 0 0
vn 0 0.47302493 0.88104904
vn 0 0.47302493 0.88104904
vn 0 0.47302493 0.88104904
vn 0 0.47302493 0.88104904
vn -0.88105202 -0.47301951 0
vn -0.88105202 -0.47301951 0
vn -0.88105202 -0.47301951 0
vn -0.88105202 -0.47301951 0
vn 0.8810519 0.47301963 0
vn 0.8810519 0.47301963 0
vn 0.8810519 0.47301963 0
vn 0.8810519 0.47301963 0
vn 0 1 0
vn 0 1 0
vn 0 1 0
vn 0 1 0
vn 0 -1 0
vn 0 -1 0
vn 0 -1 0
vn 0 -1 0
vn 0 -0.47301778 -0.88105285
vn 0 -0.47301778 -0.88105285
vn 0 -0.47301778 -0.88105285
vn 0 -0.47301778 -0.88105285
vn 0 0.47301838 -0.88105255
vn 0 0.47301838 -0.88105255
vn 0 0.47301838 -0.88105255
vn 0 0.47301838 -0.88105255
vn 0.88105196 -0.47301954 0
vn 0.88105196 -0.47301954 0
vn 0.88105196 -0.47301954 0
vn 0.88105196 -0.47301954 0
vn 1 0 0
vn 1 0 0
vn 1 0 0
vn 1 0 0
vn 0 0 1
vn 0 0 1
vn 0 0 1
vn 0 0 1
vn 0 0 -1
vn 0 0 -1
vn 0 0 -1
vn 0 0 -1
vn -1 0 0
vn -1 0 0
vn -1 0 0
vn -1 0 0
vn -0.8810519 0.47301972 0
vn -0.8810519 0.47301972 0
vn -0.8810519 0.47301972 0
vn -0.8810519 0.47301972 0
vn 0 -0.47301558 0.88105404
vn 0 -0.47301558 0.88105404
vn 0 -0.47301558 0.88105404
vn 0 -0.47301558 0.88105404
vn -1 0 0
vn -1 0 0
vn -1 0 0
vn -1 0 0
vn 0 0 -1
vn 0 0 -1
vn 0 0 -1
vn 0 0 -1
vn 1 0 0
vn 1 0 0
vn 1 0 0
vn 1 0 0
vn 0 0 1
vn 0 0 1
vn 0 0 1
vn 0 0 1
vn -1 0 0
vn -1 0 0
vn -1 0 0
vn -1 0 0
vn 0 0 -1
vn 0 0 -1
vn 0 0 -1
vn 0 0 -1
vn 0 0 1
vn 0 0 1
vn 0 0 1
vn 0 0 1
vn 1 0 0
vn 1 0 0
vn 1 0 0
vn 1 0 0
vn 0 0.4730162 0.88105375
vn 0 0.4730162 0.88105375
vn 0 0.4730162 0.88105375
vn 0 0.4730162 0.88105375
vn -0.88105196 -0.47301954 0
vn -0.88105196 -0.47301954 0
vn -0.88105196 -0.47301954 0
vn -0.88105196 -0.47301954 0
vn 0.8810519 0.47301972 0
vn 0.8810519 0.47301972 0
vn 0.8810519 0.47301972 0
vn 0.8810519 0.47301972 0
vn 0 0.99999994 0
vn 0 0.99999994 0
vn 0 0.99999994 0
vn 0 0.99999994 0
vn 0 -0.99999994 0
vn 0 -0.99999994 0
vn 0 -0.99999994 0
vn 0 -0.99999994 0
vn 0 -0.47301996 -0.88105166
vn 0 -0.47301996 -0.88105166
vn 0 -0.47301996 -0.88105166
vn 0 -0.47301996 -0.88105166
vn 0 0.47302055 -0.88105142
vn 0 0.47302055 -0.88105142
vn 0 0.47302055 -0.88105142
vn 0 0.47302055 -0.88105142
vn 0.88105202 -0.47301951 0
vn 0.88105202 -0.47301951 0
vn 0.88105202 -0.47301951 0
vn 0.88105202 -0.47301951 0
vn 1 0 0
vn 1 0 0
vn 1 0 0
vn 1 0 0
vn 0 0 1
vn 0 0 1
vn 0 0 1
vn 0 0 1
vn 0 0 -1
vn 0 0 -1
vn 0 0 -1
vn 0 0 -1
vn -1 0 0
vn -1 0 0
vn -1 0 0
vn -1 0 0
vn -0.8810519 0.47301963 0
vn -0.8810519 0.47301963 0
vn -0.8810519 0.47301963 0
vn -0.8810519 0.47301963 0
vn 0 -0.47302434 0.88104934
vn 0 -0.47302434 0.88104934
vn 0 -0.47302434 0.88104934
vn 0 -0.47302434 0.88104934
vn -1 0 0
vn -1 0 0
vn -1 0 0
vn -1 0 0
vn 0 0 -1
vn 0 0 -1
vn 0 0 -1
vn 0 0 -1
vn 1 0 0
vn 1 0 0
vn 1 0 0
vn 1 0 0
vn 0 0 1
vn 0 0 1
vn 0 0 1
vn 0 0 1
vn -1 0 0
vn -1 0 0
vn -1 0 0
vn -1 0 0
vn 0 0 -1
vn 0 0 -1
vn 0 0 -1
vn 0 0 -1
vn 0 0 1
vn 0 0 1
vn 0 0 1
vn 0 0 1
vn 1 0 0
vn 1 0 0
vn 1 0 0
vn 1 0 0
vn 0 0.47302493 0.88104904
vn 0 0.47302493 0.88104904
vn 0 0.47302493 0.88104904
vn 0 0.47302493 0.88104904
vn -0.88105202 -0.47301951 0
vn -0.88105202 -0.47301951 0
vn -0.88105202 -0.47301951 0
vn -0.88105202 -0.47301951 0
vn 0.8810519 0.47301963 0
vn 0.8810519 0.47301963 0
vn 0.8810519 0.47301963 0
vn 0.8810519 0.47301963 0
vn 0 1 0
vn 0 1 0
vn 0 1 0
vn 0 1 0
vn 0 -1 0
vn 0 -1 0
vn 0 -1 0
vn 0 -1 0
vn 0 -0.47301778 -0.88105285
vn 0 -0.47301778 -0.88105285
vn 0 -0.47301778 -0.88105285
vn 0 -0.47301778 -0.88105285
vn 0 0.47301838 -0.88105255
vn 0 0.47301838 -0.88105255
vn 0 0.47301838 -0.88105255
vn 0 0.47301838 -0.88105255
vn 0.88105196 -0.47301954 0
vn 0.88105196 -0.47301954 0
vn 0.88105196 -0.47301954 0
vn 0.88105196 -0.47301954 0
vn 1 0 0
vn 1 0 0
vn 1 0 0
vn 1 0 0
vn 0 0 1
vn 0 0 1
vn 0 0 1
vn 0 0 1
vn 0 0 -1
vn 0 0 -1
vn 0 0 -1
vn 0 0 -1
vn -1 0 0
vn -1 0 0
vn -1 0 0
vn -1 0 0
vn -0.8810519 0.47301972 0
vn -0.8810519 0.47301972 0
vn -0.8810519 0.47301972 0
vn -0.8810519 0.47301972 0
vn 0 -0.47301558 0.88105404
vn 0 -0.47301558 0.88105404
vn 0 -0.47301558 0.88105404
vn 0 -0.47301558 0.88105404
vn -1 0 0
vn -1 0 0
vn -1 0 0
vn -1 0 0
vn 0 0 -1
vn 0 0 -1
vn 0 0 -1
vn 0 0 -1
vn 1 0 0
vn 1 0 0
vn 1 0 0
vn 1 0 0
vn 0 0 1
vn 0 0 1
vn 0 0 1
vn 0 0 1
vn -1 0 0
vn -1 0 0
vn -1 0 0
vn -1 0 0
vn 0 0 -1
vn 0 0 -1
vn 0 0 -1
vn 0 0 -1
vn 0 0 1
vn 0 0 1
vn 0 0 1
vn 0 0 1
vn 1 0 0
vn 1 0 0
vn 1 0 0
vn 1 0 0
vn 0 0.4730162 0.88105375
vn 0 0.4730162 0.88105375
vn 0 0.4730162 0.88105375
vn 0 0.4730162 0.88105375
vn -0.88105196 -0.47301954 0
vn -0.88105196 -0.47301954 0
vn -0.88105196 -0.47301954 0
vn -0.88105196 -0.47301954 0
vn 0.8810519 0.47301972 0
vn 0.8810519 0.47301972 0
vn 0.8810519 0.47301972 0
vn 0.8810519 0.47301972 0
vn 0 0.99999994 0
vn 0 0.99999994 0
vn 0 0.99999994 0
vn 0 0.99999994 0
vn 0 -0.99999994 0
vn 0 -0.99999994 0
vn 0 -0.99999994 0
vn 0 -0.99999994 0
vn 0 -0.47302434 -0.88104934
vn 0 -0.47302434 -0.88104934
vn 0 -0.47302434 -0.88104934
vn 0 -0.47302434 -0.88104934
vn 0 0.47302493 -0.88104904
vn 0 0.47302493 -0.88104904
vn 0 0.47302493 -0.88104904
vn 0 0.47302493 -0.88104904
vn 0.88105202 -0.47301951 0
vn 0.88105202 -0.47301951 0
vn 0.88105202 -0.47301951 0
vn 0.88105202 -0.47301951 0
vn 1 0 0
vn 1 0 0
vn 1 0 0
vn 1 0 0
vn 0 0 1
vn 0 0 1
vn 0 0 1
vn 0 0 1
vn 0 0 -1
vn 0 0 -1
vn 0 0 -1
vn 0 0 -1
vn -1 0 0
vn -1 0 0
vn -1 0 0
vn -1 0 0
vn -0.88105202 0.47301951 0
vn -0.88105202 0.47301951 0
vn -0.88105202 0.47301951 0
vn -0.88105202 0.47301951 0
vn 0 -0.47301996 0.88105166
vn 0 -0.47301996 0.88105166
vn 0 -0.47301996 0.88105166
vn 0 -0.47301996 0.88105166
vn -1 0 0
vn -1 0 0
vn -1 0 0
vn -1 0 0
vn 0 0 -1
vn 0 0 -1
vn 0 0 -1
vn 0 0 -1
vn 1 0 0
vn 1 0 0
vn 1 0 0
vn 1 0 0
vn 0 0 1
vn 0 0 1
vn 0 0 1
vn 0 0 1
vn -1 0 0
vn -1 0 0
vn -1 0 0
vn -1 0 0
vn 0 0 -1
vn 0 0 -1
vn 0 0 -1
vn 0 0 -1
vn 0 0 1
vn 0 0 1
vn 0 0 1
vn 0 0 1
vn 1 0 0
vn 1 0 0
vn 1 0 0
vn 1 0 0
vn 0 0.47302055 0.88105142
vn 0 0.47302055 0.88105142
vn 0 0.47302055 0.88105142
vn 0 0.47302055 0.88105142
vn -0.88105202 -0.47301951 0
vn -0.88105202 -0.47301951 0
vn -0.88105202 -0.47301951 0
vn -0.88105202 -0.47301951 0
vn 0.88105202 0.47301951 0
vn 0.88105202 0.47301951 0
vn 0.88105202 0.47301951 0
vn 0.88105202 0.47301951 0
vn 0 1 0
vn 0 1 0
vn 0 1 0
vn 0 1 0
vn 0 -1 0
vn 0 -1 0
vn 0 -1 0
vn 0 -1 0
vn -0.88105381 -0.47301611 0
vn -0.88105381 -0.47301611 0
vn -0.88105381 -0.47301611 0
vn -0.88105381 -0.47301611 0
vn -0.88105291 0.47301787 0
vn -0.88105291 0.47301787 0
vn -0.88105291 0.47301787 0
vn -0.88105291 0.47301787 0
vn 0 -0.47301552 -0.88105404
vn 0 -0.47301552 -0.88105404
vn 0 -0.47301552 -0.88105404
vn 0 -0.47301552 -0.88105404
vn 0 2.0330027e-07 -1
vn 0 2.0330027e-07 -1
vn 0 2.0330027e-07 -1
vn 0 2.0330027e-07 -1
vn 0.99999994 8.5149502e-08 -2.458749e-07
vn 0.99999994 8.5149502e-08 -2.458749e-07
vn 0.99999994 8.5149502e-08 -2.458749e-07
vn 0.99999994 8.5149502e-08 -2.458749e-07
vn -1 -4.2574765e-08 0
vn -1 -4.2574765e-08 0
vn -1 -4.2574765e-08 0
vn -1 -4.2574765e-08 0
vn -3.442249e-07 2.1287395e-08 1
vn -3.442249e-07 2.1287395e-08 1
vn -3.442249e-07 2.1287395e-08 1
vn -3.442249e-07 2.1287395e-08 1
vn -2.8586143e-07 0.47301638 0.88105357
vn -2.8586143e-07 0.47301638 0.88105357
vn -2.8586143e-07 0.47301638 0.88105357
vn -2.8586143e-07 0.47301638 0.88105357
vn 0.88105351 -0.47301668 0
vn 0.88105351 -0.47301668 0
vn 0.88105351 -0.47301668 0
vn 0.88105351 -0.47301668 0
vn 0 7.1525534e-07 0.99999994
vn 0 7.1525534e-07 0.99999994
vn 0 7.1525534e-07 0.99999994
vn 0 7.1525534e-07 0.99999994
vn -1 -1.1920929e-07 0
vn -1 -1.1920929e-07 0
vn -1 -1.1920929e-07 0
vn -1 -1.1920929e-07 0
vn 0 0 -0.99999994
vn 0 0 -0.99999994
vn 0 0 -0.99999994
vn 0 0 -0.99999994
vn 1 0 0
vn 1 0 0
vn 1 0 0
vn 1 0 0
vn 0 -4.7683716e-07 1
vn 0 -4.7683716e-07 1
vn 0 -4.7683716e-07 1
vn 0 -4.7683716e-07 1
vn -1 -1.1920929e-07 -1.4901158e-07
vn -1 -1.1920929e-07 -1.4901158e-07
vn -1 -1.1920929e-07 -1.4901158e-07
vn -1 -1.1920929e-07 -1.4901158e-07
vn 1 0 5.9604639e-07
vn 1 0 5.9604639e-07
vn 1 0 5.9604639e-07
vn 1 0 5.9604639e-07
vn 0 0 -1
vn 0 0 -1
vn 0 0 -1
vn 0 0 -1
vn 0.88105327 0.47301716 1.0554876e-07
vn 0.88105327 0.47301716 1.0554876e-07
vn 0.88105327 0.47301716 1.0554876e-07
vn 0.88105327 0.47301716 1.0554876e-07
vn 0 -0.47301552 0.88105404
vn 0 -0.47301552 0.88105404
vn 0 -0.47301552 0.88105404
vn 0 -0.47301552 0.88105404
vn -8.7957346e-08 0.47301632 -0.88105363
vn -8.7957346e-08 0.47301632 -0.88105363
vn -8.7957346e-08 0.47301632 -0.88105363
vn -8.7957346e-08 0.47301632 -0.88105363
vn 0 1 0
vn 0 1 0
vn 0 1 0
vn 0 1 0
vn 4.3711399e-08 -1 -4.3711395e-08
vn 4.3711399e-08 -1 -4.3711395e-08
vn 4.3711399e-08 -1 -4.3711395e-08
vn 4.3711399e-08 -1 -4.3711395e-08
vn -0.88105315 -0.47301731 0
vn -0.88105315 -0.47301731 0
vn -0.88105315 -0.47301731 0
vn -0.88105315 -0.47301731 0
vn -0.88105291 0.47301769 -3.5182875e-08
vn -0.88105291 0.47301769 -3.5182875e-08
vn -0.88105291 0.47301769 -3.5182875e-08
vn -0.88105291 0.47301769 -3.5182875e-08
vn 0 -0.47301552 -0.88105404
vn 0 -0.47301552 -0.88105404
vn 0 -0.47301552 -0.88105404
vn 0 -0.47301552 -0.88105404
vn 0 8.0362767e-08 -1
vn 0 8.0362767e-08 -1
vn 0 8.0362767e-08 -1
vn 0 8.0362767e-08 -1
vn 1 8.5149502e-08 -2.458749e-07
vn 1 8.5149502e-08 -2.458749e-07
vn 1 8.5149502e-08 -2.458749e-07
vn 1 8.5149502e-08 -2.458749e-07
vn -0.99999994 -4.2574758e-08 0
vn -0.99999994 -4.2574758e-08 0
vn -0.99999994 -4.2574758e-08 0
vn -0.99999994 -4.2574758e-08 0
vn -3.4422493e-07 -1.0165009e-07 1
vn -3.4422493e-07 -1.0165009e-07 1
vn -3.4422493e-07 -1.0165009e-07 1
vn -3.4422493e-07 -1.0165009e-07 1
vn -3.078498e-07 0.47302055 0.88105142
vn -3.078498e-07 0.47302055 0.88105142
vn -3.078498e-07 0.47302055 0.88105142
vn -3.078498e-07 0.47302055 0.88105142
vn 0.88105291 -0.47301784 0
vn 0.88105291 -0.47301784 0
vn 0.88105291 -0.47301784 0
vn 0.88105291 -0.47301784 0
vn 0 7.1525585e-07 1
vn 0 7.1525585e-07 1
vn 0 7.1525585e-07 1
vn 0 7.1525585e-07 1
vn -1 -1.1920936e-07 0
vn -1 -1.1920936e-07 0
vn -1 -1.1920936e-07 0
vn -1 -1.1920936e-07 0
vn 0 0 -1
vn 0 0 -1
vn 0 0 -1
vn 0 0 -1
vn 1 0 0
vn 1 0 0
vn 1 0 0
vn 1 0 0
vn 0 -4.7683704e-07 1
vn 0 -4.7683704e-07 1
vn 0 -4.7683704e-07 1
vn 0 -4.7683704e-07 1
vn -1 -1.1920929e-07 -1.4901158e-07
vn -1 -1.1920929e-07 -1.4901158e-07
vn -1 -1.1920929e-07 -1.4901158e-07
vn -1 -1.1920929e-07 -1.4901158e-07
vn 1 0 2.9802314e-07
vn 1 0 2.9802314e-07
vn 1 0 2.9802314e-07
vn 1 0 2.9802314e-07
vn 0 0 -1
vn 0 0 -1
vn 0 0 -1
vn 0 0 -1
vn 0.88105315 0.47301731 1.0554879e-07
vn 0.88105315 0.47301731 1.0554879e-07
vn 0.88105315 0.47301731 1.0554879e-07
vn 0.88105315 0.47301731 1.0554879e-07
vn 0 -0.47301552 0.88105404
vn 0 -0.47301552 0.88105404
vn 0 -0.47301552 0.88105404
vn 0 -0.47301552 0.88105404
vn -4.3978662e-08 0.4730162 -0.88105375
vn -4.3978662e-08 0.4730162 -0.88105375
vn -4.3978662e-08 0.4730162 -0.88105375
vn -4.3978662e-08 0.4730162 -0.88105375
vn 0 1 0
vn 0 1 0
vn 0 1 0
vn 0 1 0
vn 4.3711399e-08 -1 -4.3711395e-08
vn 4.3711399e-08 -1 -4.3711395e-08
vn 4.3711399e-08 -1 -4.3711395e-08
vn 4.3711399e-08 -1 -4.3711395e-08
vn -3.5182657e-07 -0.47301996 0.88105166
vn -3.5182657e-07 -0.47301996 0.88105166
vn -3.5182657e-07 -0.47301996 0.88105166
vn -3.5182657e-07 -0.47301996 0.88105166
vn -3.0785071e-07 0.47301632 0.88105363
vn -3.0785071e-07 0.47301632 0.88105363
vn -3.0785071e-07 0.47301632 0.88105363
vn -3.0785071e-07 0.47301632 0.88105363
vn -0.88105333 -0.47301704 0
vn -0.88105333 -0.47301704 0
vn -0.88105333 -0.47301704 0
vn -0.88105333 -0.47301704 0
vn -1 0 -2.4587499e-07
vn -1 0 -2.4587499e-07
vn -1 0 -2.4587499e-07
vn -1 0 -2.4587499e-07
vn 0 0 -1
vn 0 0 -1
vn 0 0 -1
vn 0 0 -1
vn -3.4422484e-07 0 1
vn -3.4422484e-07 0 1
vn -3.4422484e-07 0 1
vn -3.4422484e-07 0 1
vn 1 0 2.458749e-07
vn 1 0 2.458749e-07
vn 1 0 2.458749e-07
vn 1 0 2.458749e-07
vn 0.88105273 0.47301796 2.4628025e-07
vn 0.88105273 0.47301796 2.4628025e-07
vn 0.88105273 0.47301796 2.4628025e-07
vn 0.88105273 0.47301796 2.4628025e-07
vn 0 -0.47301558 -0.88105404
vn 0 -0.47301558 -0.88105404
vn 0 -0.47301558 -0.88105404
vn 0 -0.47301558 -0.88105404
vn 1 0 2.9802317e-07
vn 1 0 2.9802317e-07
vn 1 0 2.9802317e-07
vn 1 0 2.9802317e-07
vn -5.960465e-07 0 1
vn -5.960465e-07 0 1
vn -5.960465e-07 0 1
vn -5.960465e-07 0 1
vn -1 0 -2.9802334e-07
vn -1 0 -2.9802334e-07
vn -1 0 -2.9802334e-07
vn -1 0 -2.9802334e-07
vn 0 0 -1
vn 0 0 -1
vn 0 0 -1
vn 0 0 -1
vn 1 0 2.9802314e-07
vn 1 0 2.9802314e-07
vn 1 0 2.9802314e-07
vn 1 0 2.9802314e-07
vn 0 0 1
vn 0 0 1
vn 0 0 1
vn 0 0 1
vn 0 0 -1
vn 0 0 -1
vn 0 0 -1
vn 0 0 -1
vn -1 0 -5.9604628e-07
vn -1 0 -5.9604628e-07
vn -1 0 -5.9604628e-07
vn -1 0 -5.9604628e-07
vn 0 0.47302049 -0.88105142
vn 0 0.47302049 -0.88105142
vn 0 0.47302049 -0.88105142
vn 0 0.47302049 -0.88105142
vn 0.88105303 -0.47301757 0
vn 0.88105303 -0.47301757 0
vn 0.88105303 -0.47301757 0
vn 0.88105303 -0.47301757 0
vn -0.88105321 0.47301733 7.0365971e-08
vn -0.88105321 0.47301733 7.0365971e-08
vn -0.88105321 0.47301733 7.0365971e-08
vn -0.88105321 0.47301733 7.0365971e-08
vn -1.7763559e-13 1 0
vn -1.7763559e-13 1 0
vn -1.7763559e-13 1 0
vn -1.7763559e-13 1 0
vn 0 -1 -8.742272e-08
vn 0 -1 -8.742272e-08
vn 0 -1 -8.742272e-08
vn 0 -1 -8.742272e-08
vn -1.7591432e-07 -0.47301531 0.88105422
vn -1.7591432e-07 -0.47301531 0.88105422
vn -1.7591432e-07 -0.47301531 0.88105422
vn -1.7591432e-07 -0.47301531 0.88105422
vn -1.3193606e-07 0.47301811 0.88105273
vn -1.3193606e-07 0.47301811 0.88105273
vn -1.3193606e-07 0.47301811 0.88105273
vn -1.3193606e-07 0.47301811 0.88105273
vn -0.88105285 -0.4730179 -7.0365786e-07
vn -0.88105285 -0.4730179 -7.0365786e-07
vn -0.88105285 -0.4730179 -7.0365786e-07
vn -0.88105285 -0.4730179 -7.0365786e-07
vn -0.99999994 5.8621138e-14 0
vn -0.99999994 5.8621138e-14 0
vn -0.99999994 5.8621138e-14 0
vn -0.99999994 5.8621138e-14 0
vn 1.7211239e-07 6.1468711e-08 -1
vn 1.7211239e-07 6.1468711e-08 -1
vn 1.7211239e-07 6.1468711e-08 -1
vn 1.7211239e-07 6.1468711e-08 -1
vn 0 -1.2293748e-07 1
vn 0 -1.2293748e-07 1
vn 0 -1.2293748e-07 1
vn 0 -1.2293748e-07 1
vn 1 -5.8621151e-14 0
vn 1 -5.8621151e-14 0
vn 1 -5.8621151e-14 0
vn 1 -5.8621151e-14 0
vn 0.88105285 0.4730179 4.2219497e-07
vn 0.88105285 0.4730179 4.2219497e-07
vn 0.88105285 0.4730179 4.2219497e-07
vn 0.88105285 0.4730179 4.2219497e-07
vn 1.759142e-07 -0.47301638 -0.88105357
vn 1.759142e-07 -0.47301638 -0.88105357
vn 1.759142e-07 -0.47301638 -0.88105357
vn 1.759142e-07 -0.47301638 -0.88105357
vn 1 0 0
vn 1 0 0
vn 1 0 0
vn 1 0 0
vn -1.4901158e-07 -2.9802317e-07 1
vn -1.4901158e-07 -2.9802317e-07 1
vn -1.4901158e-07 -2.9802317e-07 1
vn -1.4901158e-07 -2.9802317e-07 1
vn -1 0 0
vn -1 0 0
vn -1 0 0
vn -1 0 0
vn 7.4505792e-08 0 -1
vn 7.4505792e-08 0 -1
vn 7.4505792e-08 0 -1
vn 7.4505792e-08 0 -1
vn 1 0 0
vn 1 0 0
vn 1 0 0
vn 1 0 0
vn -2.9802317e-07 0 1
vn -2.9802317e-07 0 1
vn -2.9802317e-07 0 1
vn -2.9802317e-07 0 1
vn 2.2351738e-07 2.9802317e-07 -1
vn 2.2351738e-07 2.9802317e-07 -1
vn 2.2351738e-07 2.9802317e-07 -1
vn 2.2351738e-07 2.9802317e-07 -1
vn -0.99999994 0 0
vn -0.99999994 0 0
vn -0.99999994 0 0
vn -0.99999994 0 0
vn 1.3193595e-07 0.4730159 -0.88105386
vn 1.3193595e-07 0.4730159 -0.88105386
vn 1.3193595e-07 0.4730159 -0.88105386
vn 1.3193595e-07 0.4730159 -0.88105386
vn 0.88105273 -0.47301805 7.036578e-07
vn 0.88105273 -0.47301805 7.036578e-07
vn 0.88105273 -0.47301805 7.036578e-07
vn 0.88105273 -0.47301805 7.036578e-07
vn -0.88105273 0.47301805 -9.8512101e-07
vn -0.88105273 0.47301805 -9.8512101e-07
vn -0.88105273 0.47301805 -9.8512101e-07
vn -0.88105273 0.47301805 -9.8512101e-07
vn 0 1 0
vn 0 1 0
vn 0 1 0
vn 0 1 0
vn 1.3766172e-14 -0.99999994 -8.7422769e-08
vn 1.3766172e-14 -0.99999994 -8.7422769e-08
vn 1.3766172e-14 -0.99999994 -8.7422769e-08
vn 1.3766172e-14 -0.99999994 -8.7422769e-08
vn -1.7591529e-07 -0.47301996 0.88105166
vn -1.7591529e-07 -0.47301996 0.88105166
vn -1.7591529e-07 -0.47301996 0.88105166
vn -1.7591529e-07 -0.47301996 0.88105166
vn -2.8586146e-07 0.47301647 0.88105357
vn -2.8586146e-07 0.47301647 0.88105357
vn -2.8586146e-07 0.47301647 0.88105357
vn -2.8586146e-07 0.47301647 0.88105357
vn -0.88105392 -0.47301584 0
vn -0.88105392 -0.47301584 0
vn -0.88105392 -0.47301584 0
vn -0.88105392 -0.47301584 0
vn -1 0 -2.4587499e-07
vn -1 0 -2.4587499e-07
vn -1 0 -2.4587499e-07
vn -1 0 -2.4587499e-07
vn 0 0 -1
vn 0 0 -1
vn 0 0 -1
vn 0 0 -1
vn -3.4422482e-07 0 1
vn -3.4422482e-07 0 1
vn -3.4422482e-07 0 1
vn -3.4422482e-07 0 1
vn 0.99999994 0 2.458749e-07
vn 0.99999994 0 2.458749e-07
vn 0.99999994 0 2.458749e-07
vn 0.99999994 0 2.458749e-07
vn 0.88105291 0.47301784 1.0554867e-07
vn 0.88105291 0.47301784 1.0554867e-07
vn 0.88105291 0.47301784 1.0554867e-07
vn 0.88105291 0.47301784 1.0554867e-07
vn 0 -0.47301558 -0.88105404
vn 0 -0.47301558 -0.88105404
vn 0 -0.47301558 -0.88105404
vn 0 -0.47301558 -0.88105404
vn 1 0 2.9802297e-07
vn 1 0 2.9802297e-07
vn 1 0 2.9802297e-07
vn 1 0 2.9802297e-07
vn -5.9604639e-07 0 0.99999994
vn -5.9604639e-07 0 0.99999994
vn -5.9604639e-07 0 0.99999994
vn -5.9604639e-07 0 0.99999994
vn -1 0 -2.9802317e-07
vn -1 0 -2.9802317e-07
vn -1 0 -2.9802317e-07
vn -1 0 -2.9802317e-07
vn 0 0 -0.99999994
vn 0 0 -0.99999994
vn 0 0 -0.99999994
vn 0 0 -0.99999994
vn 1 0 2.9802317e-07
vn 1 0 2.9802317e-07
vn 1 0 2.9802317e-07
vn 1 0 2.9802317e-07
vn 0 0 1
vn 0 0 1
vn 0 0 1
vn 0 0 1
vn 0 0 -1
vn 0 0 -1
vn 0 0 -1
vn 0 0 -1
vn -1 0 -2.9802317e-07
vn -1 0 -2.9802317e-07
vn -1 0 -2.9802317e-07
vn -1 0 -2.9802317e-07
vn 0 0.47302061 -0.8810513
vn 0 0.47302061 -0.8810513
vn 0 0.47302061 -0.8810513
vn 0 0.47302061 -0.8810513
vn 0.88105357 -0.47301635 0
vn 0.88105357 -0.47301635 0
vn 0.88105357 -0.47301635 0
vn 0.88105357 -0.47301635 0
vn -0.88105333 0.47301704 -7.0365758e-08
vn -0.88105333 0.47301704 -7.0365758e-08
vn -0.88105333 0.47301704 -7.0365758e-08
vn -0.88105333 0.47301704 -7.0365758e-08
vn 3.5527118e-13 1 0
vn 3.5527118e-13 1 0
vn 3.5527118e-13 1 0
vn 3.5527118e-13 1 0
vn 0 -1 -8.742272e-08
vn 0 -1 -8.742272e-08
vn 0 -1 -8.742272e-08
vn 0 -1 -8.742272e-08
vn -1.7591518e-07 -0.47301966 0.88105178
vn -1.7591518e-07 -0.47301966 0.88105178
vn -1.7591518e-07 -0.47301966 0.88105178
vn -1.7591518e-07 -0.47301966 0.88105178
vn -2.8586146e-07 0.47301647 0.88105357
vn -2.8586146e-07 0.47301647 0.88105357
vn -2.8586146e-07 0.47301647 0.88105357
vn -2.8586146e-07 0.47301647 0.88105357
vn -0.88105351 -0.47301668 -7.0365616e-07
vn -0.88105351 -0.47301668 -7.0365616e-07
vn -0.88105351 -0.47301668 -7.0365616e-07
vn -0.88105351 -0.47301668 -7.0365616e-07
vn -1 0 -4.9174997e-07
vn -1 0 -4.9174997e-07
vn -1 0 -4.9174997e-07
vn -1 0 -4.9174997e-07
vn 0 0 -1
vn 0 0 -1
vn 0 0 -1
vn 0 0 -1
vn -3.4422476e-07 0 1
vn -3.4422476e-07 0 1
vn -3.4422476e-07 0 1
vn -3.4422476e-07 0 1
vn 0.99999994 0 -9.834996e-07
vn 0.99999994 0 -9.834996e-07
vn 0.99999994 0 -9.834996e-07
vn 0.99999994 0 -9.834996e-07
vn 0.88105273 0.47301814 9.8512101e-07
vn 0.88105273 0.47301814 9.8512101e-07
vn 0.88105273 0.47301814 9.8512101e-07
vn 0.88105273 0.47301814 9.8512101e-07
vn 0 -0.47301531 -0.88105422
vn 0 -0.47301531 -0.88105422
vn 0 -0.47301531 -0.88105422
vn 0 -0.47301531 -0.88105422
vn 1 0 0
vn 1 0 0
vn 1 0 0
vn 1 0 0
vn -5.9604662e-07 0 1
vn -5.9604662e-07 0 1
vn -5.9604662e-07 0 1
vn -5.9604662e-07 0 1
vn -1 0 0
vn -1 0 0
vn -1 0 0
vn -1 0 0
vn 0 0 -1
vn 0 0 -1
vn 0 0 -1
vn 0 0 -1
vn 1 0 0
vn 1 0 0
vn 1 0 0
vn 1 0 0
vn 0 0 1
vn 0 0 1
vn 0 0 1
vn 0 0 1
vn 0 0 -1
vn 0 0 -1
vn 0 0 -1
vn 0 0 -1
vn -1 0 -5.9604633e-07
vn -1 0 -5.9604633e-07
vn -1 0 -5.9604633e-07
vn -1 0 -5.9604633e-07
vn 0 0.47302026 -0.88105154
vn 0 0.47302026 -0.88105154
vn 0 0.47302026 -0.88105154
vn 0 0.47302026 -0.88105154
vn 0.88105351 -0.47301668 7.0365616e-07
vn 0.88105351 -0.47301668 7.0365616e-07
vn 0.88105351 -0.47301668 7.0365616e-07
vn 0.88105351 -0.47301668 7.0365616e-07
vn -0.88105291 0.47301784 -4.2219469e-07
vn -0.88105291 0.47301784 -4.2219469e-07
vn -0.88105291 0.47301784 -4.2219469e-07
vn -0.88105291 0.47301784 -4.2219469e-07
vn 3.5527118e-13 1 0
vn 3.5527118e-13 1 0
vn 3.5527118e-13 1 0
vn 3.5527118e-13 1 0
vn 0 -1 -8.7422734e-08
vn 0 -1 -8.7422734e-08
vn 0 -1 -8.7422734e-08
vn 0 -1 -8.7422734e-08
vn -1 0 0
vn -1 0 0
vn -1 0 0
vn -1 -6.2862762e-07 -2.6783283e-07
vn -1 5.5665726e-07 -1.8960657e-07
vn -1 1.9161494e-07 0
vn -0.99999994 0 0
vn -0.99999994 0 0
vn -0.99999994 0 -2.5723149e-10
vn 0 4.3244791e-07 1
vn 0 1.2158715e-06 1
vn 0 -1.1389061e-06 1
vn 0 -2.9953569e-07 1
vn 0 -1.1131268e-06 1
vn 0 -5.9333979e-07 0.99999994
vn 0 1.7090757e-06 0.99999994
vn 0 -1.5053676e-07 0.99999994
vn 0 -8.0113995e-07 1
vn 1 0 0
vn 1 0 0
vn 1 0 0
vn 0.99999994 -1.6515985e-07 3.6591027e-07
vn 1 8.5668269e-08 3.9515066e-07
vn 1 3.8595286e-07 4.4496792e-07
vn 1 1.2608054e-06 5.196045e-07
vn 1 2.3854293e-08 9.5146966e-08
vn 0.99999994 -3.8322938e-07 2.0044949e-07
vn 0 8.3403575e-07 -1
vn 0 5.9334036e-07 -1
vn 0 3.8241407e-07 -0.99999994
vn 3.6288171e-07 -1.3501789e-06 -1
vn 2.9176638e-07 1.5053638e-07 -1
vn 3.2716127e-07 7.118357e-07 -1
vn 0 -5.1427733e-08 -1
vn 0 4.6615114e-07 -1
vn 0 -1.2158712e-06 -1
vn -1 0 -4.6512397e-10
vn -1 0 -3.8861185e-11
vn -0.99999994 0 -3.8983233e-11
vn -1 0 -3.8861185e-11
vn -1 0 0
vn -0.99999994 0 -3.8983233e-11
vn -1 0 0
vn -1 0 0
vn -0.99999994 0 0
vn -0.99999994 0 0
vn -1 0 6.3314963e-07
vn -1 0 -6.331569e-07
vn -1 0 6.3314963e-07
vn -1 0 2.3842165e-05
vn -1 0 2.5067013e-06
vn -1 0 -6.331569e-07
vn -1 0 6.3314963e-07
vn -1 0 2.5067013e-06
vn -1 0 2.5067013e-06
vn -0.99999994 0 -2.5066922e-06
vn -1 0 -6.331569e-07
vn -0.99999994 0 -2.5066922e-06
vn -1 0 -2.3842023e-05
vn -1 0 -6.331569e-07
vn -1 0 -6.331569e-07
vn -1 0 0
vn -0.99999994 0 0
vn -1 0 0
vn -1 0 0
vn -1 0 0
vn -1 0 0
vn -0.99999994 0 -3.8983233e-11
vn -1 0 0
vn -1 0 0
vn -1 0 0
vn -0.99999994 0 0
vn -1 0 -2.5579869e-09
vn -1 0 -2.1439149e-10
vn -1 0 -2.1439149e-10
vn -1 0 -2.1439149e-10
vn -1 1.9161494e-07 0
vn -1 0 -2.1439149e-10
vn -1 1.9161494e-07 0
vn -0.99999994 0 0
vn -1 -1.1927027e-08 0
vn -1 -1.1927027e-08 0
vn -0.99999994 0 0
vn -1 -3.484565e-07 0
vn -0.99999994 0 0
vn -1 0 0
vn -1 0 0
vn -1 -3.484565e-07 0
vn -0.99999994 0 0
vn -1 0 0
vn -1 0 0
vn -1 0 0
vn -1 -3.484565e-07 0
vn -1 0 0
vn -1 0 0
vn -1 -3.484565e-07 0
vn -1 -3.484565e-07 0
vn -1 -6.2862762e-07 -2.6783283e-07
vn -1 -1.1927027e-08 0
vn -1 -6.2862762e-07 -2.6783283e-07
vn -1 -1.5408447e-06 -3.892626e-06
vn -1 5.5665726e-07 -1.8960657e-07
vn -1 5.5665726e-07 -1.8960657e-07
vn -1 0 -2.1439149e-10
vn -1 1.9161494e-07 0
vn -1 -6.2862762e-07 -2.6783283e-07
vn -1 1.9161494e-07 0
vn -1 -1.1927027e-08 0
vn -1 0 -1.4420677e-10
vn -0.99999994 0 0
vn -0.99999994 0 -2.5723149e-10
vn -0.99999994 0 0
vn -1 0 0
vn -0.99999994 0 0
vn -0.99999994 0 -2.5723149e-10
vn -0.99999994 0 0
vn -0.99999994 0 0
vn -0.99999994 0 0
vn -1 0 -3.1657879e-07
vn -0.99999994 0 0
vn -1 0 -3.1657879e-07
vn -1 0 -1.1921118e-05
vn -1 0 -1.2533518e-06
vn -1 0 -1.2533518e-06
vn -1 0 2.5066945e-06
vn -1 0 6.3315343e-07
vn -1 0 2.5066945e-06
vn -1 0 2.3842094e-05
vn -1 0 6.3315343e-07
vn -1 0 6.3315343e-07
vn -0.99999994 0 0
vn -1 0 -3.1657879e-07
vn -1 0 -1.2533518e-06
vn -1 0 6.3315343e-07
vn -1 0 -3.1657879e-07
vn -0.99999994 0 0
vn -1 0 0
vn -0.99999994 0 -2.5723149e-10
vn -0.99999994 0 -2.5723149e-10
vn -1 0 -2.3383728e-09
vn -1 0 -1.4420677e-10
vn -1 0 -2.3383728e-09
vn -1 0 0
vn -1 0 -1.4420677e-10
vn 0 7.9472939e-06 1
vn 0 -8.5790923e-08 1
vn 0 4.3244791e-07 1
vn 0 -8.5790923e-08 1
vn 0 -2.225283e-06 1
vn 0 1.2158715e-06 1
vn 0 4.3244791e-07 1
vn 0 -8.5790923e-08 1
vn 0 1.2158715e-06 1
vn 0 -2.225283e-06 1
vn 0 0 1
vn 0 5.4609e-06 1
vn 0 5.4609e-06 1
vn 0 1.2158715e-06 1
vn 0 -2.225283e-06 1
vn 0 1.2158715e-06 1
vn 0 7.9473884e-06 1
vn 0 -1.1389061e-06 1
vn 0 -1.1389061e-06 1
vn 0 -9.3565598e-07 1
vn 0 4.3244791e-07 1
vn 0 -9.3565598e-07 1
vn 0 0 1
vn 0 1.2042007e-07 1
vn 0 1.2042007e-07 1
vn 0 9.3665625e-07 0.99999994
vn 0 5.4159705e-07 0.99999994
vn 0 9.3665625e-07 0.99999994
vn 0 0 1
vn 0 5.4159705e-07 0.99999994
vn 0 5.4159705e-07 0.99999994
vn 0 4.3244791e-07 1
vn 0 -9.3565598e-07 1
vn 0 1.2042007e-07 1
vn 0 5.4159705e-07 0.99999994
vn 0 -9.3565598e-07 1
vn 0 0 1
vn 0 -5.460869e-06 1
vn 0 2.2252946e-06 1
vn 0 -5.460869e-06 1
vn 0 -5.9333979e-07 0.99999994
vn 0 2.2252946e-06 1
vn 0 -5.9333979e-07 0.99999994
vn 0 -7.9473721e-06 0.99999994
vn -9.0712021e-08 -1.834108e-06 1
vn -9.0712021e-08 -1.834108e-06 1
vn -1.4505443e-07 -6.9306554e-07 1
vn -8.9700443e-08 -6.4947022e-07 1
vn -1.4505443e-07 -6.9306554e-07 1
vn 0 0 1
vn -1.3234133e-07 2.1872566e-07 0.99999994
vn -8.9700443e-08 -6.4947022e-07 1
vn -1.4505443e-07 -6.9306554e-07 1
vn -1.3234133e-07 2.1872566e-07 0.99999994
vn -1.3234133e-07 2.1872566e-07 0.99999994
vn -1.2550115e-07 -9.4125943e-07 1
vn -8.9700443e-08 -6.4947022e-07 1
vn -1.2550115e-07 -9.4125943e-07 1
vn 0 0 1
vn -8.9700443e-08 -6.4947022e-07 1
vn -8.9700443e-08 -6.4947022e-07 1
vn 0 -2.9953569e-07 1
vn -9.0712021e-08 -1.834108e-06 1
vn 0 -2.9953569e-07 1
vn 0 0 1
vn 0 -1.1131268e-06 1
vn 0 -1.1131268e-06 1
vn 0 2.2252946e-06 1
vn 0 -5.9333979e-07 0.99999994
vn 0 -2.9953569e-07 1
vn 0 -5.9333979e-07 0.99999994
vn -9.0712021e-08 -1.834108e-06 1
vn 0 0 1
vn 0 0 1
vn 0 -8.0113995e-07 1
vn 0 0 1
vn 0 0 1
vn 0 1.7090757e-06 0.99999994
vn 0 -8.0113995e-07 1
vn 0 0 1
vn 0 1.7090757e-06 0.99999994
vn 0 1.7090757e-06 0.99999994
vn 0 9.2921783e-07 1
vn 0 -1.5053676e-07 0.99999994
vn 0 9.2921783e-07 1
vn 0 0 1
vn 0 5.3526609e-08 0.99999994
vn 0 5.3526609e-08 0.99999994
vn 0 4.1833675e-07 1
vn 0 2.4199528e-07 1
vn 0 4.1833675e-07 1
vn 0 0 1
vn 0 2.4199528e-07 1
vn 0 2.4199528e-07 1
vn 0 -1.5053676e-07 0.99999994
vn 0 9.2921783e-07 1
vn 0 5.3526609e-08 0.99999994
vn 0 2.4199528e-07 1
vn 0 9.2921783e-07 1
vn 0 -1.5053676e-07 0.99999994
vn 0 0 1
vn 0 -8.0113995e-07 1
vn 0 -8.0113995e-07 1
vn 0 0 1
vn 0 0 1
vn 0 0 1
vn 0 0 1
vn 0 0 1
vn 1 0 0
vn 0.99999994 0 0
vn 1 0 0
vn 0.99999994 0 0
vn 1 0 0
vn 1 0 0
vn 1 0 0
vn 0.99999994 0 0
vn 1 0 0
vn 1 0 0
vn 1 0 0
vn 1 0 0
vn 1 0 0
vn 1 0 0
vn 1 0 0
vn 1 0 0
vn 0.99999994 0 0
vn 1 0 0
vn 1 0 0
vn 1 0 0
vn 1 0 0
vn 1 0 0
vn 1 0 0
vn 1 0 0
vn 1 0 0
vn 1 0 0
vn 1 0 0
vn 1 0 0
vn 1 0 0
vn 1 0 0
vn 1 0 0
vn 1 0 0
vn 1 0 0
vn 1 0 0
vn 1 0 0
vn 1 0 0
vn 1 0 9.3025904e-10
vn 1 0 7.7723411e-11
vn 1 3.0744529e-06 7.7967646e-11
vn 1 0 7.7723411e-11
vn 1 3.8595286e-07 4.4496792e-07
vn 1 3.0744529e-06 7.7967646e-11
vn 1 3.8595286e-07 4.4496792e-07
vn 0.99999994 0 0
vn 1 1.5607264e-07 3.5256153e-07
vn 1 1.5607264e-07 3.5256153e-07
vn 0.99999994 7.5886298e-08 -2.2829242e-07
vn 1 -6.1139644e-08 -3.4990563e-07
vn 0.99999994 7.5886298e-08 -2.2829242e-07
vn 1 0 -2.3842236e-05
vn 1 3.3408448e-08 -2.0923242e-06
vn 1 -6.1139644e-08 -3.4990563e-07
vn 0.99999994 7.5886298e-08 -2.2829242e-07
vn 1 3.3408448e-08 -2.0923242e-06
vn 1 3.3408448e-08 -2.0923242e-06
vn 1 -4.183369e-08 -2.2975203e-06
vn 1 -6.1139644e-08 -3.4990563e-07
vn 1 -4.183369e-08 -2.2975203e-06
vn 1 0 -2.3842094e-05
vn 1 -6.1139644e-08 -3.4990563e-07
vn 1 -6.1139644e-08 -3.4990563e-07
vn 0.99999994 -1.6515985e-07 3.6591027e-07
vn 1 1.5607264e-07 3.5256153e-07
vn 0.99999994 -1.6515985e-07 3.6591027e-07
vn 1 0 0
vn 1 8.5668269e-08 3.9515066e-07
vn 1 8.5668269e-08 3.9515066e-07
vn 1 3.0744529e-06 7.7967646e-11
vn 1 3.8595286e-07 4.4496792e-07
vn 0.99999994 -1.6515985e-07 3.6591027e-07
vn 1 3.8595286e-07 4.4496792e-07
vn 1 1.5607264e-07 3.5256153e-07
vn 0.99999994 0 6.2202077e-10
vn 1 -1.1121799e-06 1.9047846e-07
vn 0.99999994 -3.8322938e-07 2.0044949e-07
vn 1 -1.1121799e-06 1.9047846e-07
vn 0.99999994 3.1789775e-06 3.9737256e-06
vn 1 1.2608054e-06 5.196045e-07
vn 0.99999994 -3.8322938e-07 2.0044949e-07
vn 1 -1.1121799e-06 1.9047846e-07
vn 1 1.2608054e-06 5.196045e-07
vn 1 1.2608054e-06 5.196045e-07
vn 0.99999994 6.9691299e-07 1.161522e-07
vn 1 2.3854293e-08 9.5146966e-08
vn 0.99999994 6.9691299e-07 1.161522e-07
vn 1 0 0
vn 1 0 0
vn 1 0 0
vn 1 0 0
vn 1 0 0
vn 1 0 0
vn 1 0 0
vn 1 0 0
vn 1 0 0
vn 1 2.3854293e-08 9.5146966e-08
vn 0.99999994 6.9691299e-07 1.161522e-07
vn 1 0 0
vn 1 0 0
vn 0.99999994 6.9691299e-07 1.161522e-07
vn 1 2.3854293e-08 9.5146966e-08
vn 1 0 0
vn 0.99999994 -3.8322938e-07 2.0044949e-07
vn 0.99999994 -3.8322938e-07 2.0044949e-07
vn 1 0 1.1717908e-09
vn 0.99999994 0 6.2202077e-10
vn 1 0 1.1717908e-09
vn 1 0 0
vn 0.99999994 0 6.2202077e-10
vn 0 7.9473566e-06 -1
vn 0 1.4948151e-06 -1
vn 0 8.3403575e-07 -1
vn 0 1.4948151e-06 -1
vn 0 -2.2252834e-06 -1
vn 0 5.9334036e-07 -1
vn 0 8.3403575e-07 -1
vn 0 1.4948151e-06 -1
vn 0 5.9334036e-07 -1
vn 0 -2.2252834e-06 -1
vn 0 0 -1
vn 0 5.4609113e-06 -1
vn 0 5.4609113e-06 -1
vn 0 5.9334036e-07 -1
vn 0 -2.2252834e-06 -1
vn 0 5.9334036e-07 -1
vn 0 7.9473248e-06 -0.99999994
vn 0 3.8241407e-07 -0.99999994
vn 0 3.8241407e-07 -0.99999994
vn 0 0 -0.99999994
vn 0 8.3403575e-07 -1
vn 0 0 -0.99999994
vn 0 0 -1
vn 0 1.338003e-08 -0.99999994
vn 0 1.338003e-08 -0.99999994
vn 0 1.0407304e-07 -1
vn 0 6.0177484e-08 -0.99999994
vn 0 1.0407304e-07 -1
vn 0 0 -1
vn 0 6.0177484e-08 -0.99999994
vn 0 6.0177484e-08 -0.99999994
vn 0 8.3403575e-07 -1
vn 0 0 -0.99999994
vn 0 1.338003e-08 -0.99999994
vn 0 6.0177484e-08 -0.99999994
vn 0 0 -0.99999994
vn 5.1241278e-07 0 -1
vn 5.6748951e-07 -4.0954694e-07 -1
vn 3.2716127e-07 7.118357e-07 -1
vn 5.6748951e-07 -4.0954694e-07 -1
vn 0 7.9473721e-06 -0.99999994
vn 3.6288171e-07 -1.3501789e-06 -1
vn 3.2716127e-07 7.118357e-07 -1
vn 5.6748951e-07 -4.0954694e-07 -1
vn 3.6288171e-07 -1.3501789e-06 -1
vn 3.6288171e-07 -1.3501789e-06 -1
vn 3.0462806e-07 -9.2921817e-07 -0.99999994
vn 2.9176638e-07 1.5053638e-07 -1
vn 3.0462806e-07 -9.2921817e-07 -0.99999994
vn 0 0 -1
vn 2.6468277e-07 -5.3526552e-08 -1
vn 2.6468277e-07 -5.3526552e-08 -1
vn 2.5100226e-07 -4.1833715e-07 -1
vn 2.8103412e-07 -2.4199531e-07 -1
vn 2.5100226e-07 -4.1833715e-07 -1
vn 0 0 -1
vn 2.8103412e-07 -2.4199531e-07 -1
vn 2.8103412e-07 -2.4199531e-07 -1
vn 2.9176638e-07 1.5053638e-07 -1
vn 3.0462806e-07 -9.2921817e-07 -0.99999994
vn 2.6468277e-07 -5.3526552e-08 -1
vn 2.8103412e-07 -2.4199531e-07 -1
vn 3.0462806e-07 -9.2921817e-07 -0.99999994
vn 2.9176638e-07 1.5053638e-07 -1
vn 0 0 -1
vn 3.2716127e-07 7.118357e-07 -1
vn 3.2716127e-07 7.118357e-07 -1
vn 0 0 -1
vn 5.1241278e-07 0 -1
vn 0 0 -1
vn 0 0 -1
vn 5.1241278e-07 0 -1
vn 0 0 -1
vn 0 -5.4608877e-06 -0.99999994
vn 0 2.2252916e-06 -1
vn 0 -5.4608877e-06 -0.99999994
vn 0 -1.2158712e-06 -1
vn 0 2.2252916e-06 -1
vn 0 -1.2158712e-06 -1
vn 0 -7.9473566e-06 -1
vn 0 -6.8661797e-07 -1
vn 0 -6.8661797e-07 -1
vn 0 2.1512872e-07 -1
vn 0 -2.8020605e-07 -1
vn 0 2.1512872e-07 -1
vn 0 0 -1
vn 0 2.2380111e-07 -1
vn 0 -2.8020605e-07 -1
vn 0 2.1512872e-07 -1
vn 0 2.2380111e-07 -1
vn 0 2.2380111e-07 -1
vn 0 -5.2292199e-07 -1
vn 0 -2.8020605e-07 -1
vn 0 -5.2292199e-07 -1
vn 0 0 -1
vn 0 -2.8020605e-07 -1
vn 0 -2.8020605e-07 -1
vn 0 -5.1427733e-08 -1
vn 0 -6.8661797e-07 -1
vn 0 -5.1427733e-08 -1
vn 0 0 -0.99999994
vn 0 4.6615114e-07 -1
vn 0 4.6615114e-07 -1
vn 0 2.2252916e-06 -1
vn 0 -1.2158712e-06 -1
vn 0 -5.1427733e-08 -1
vn 0 -1.2158712e-06 -1
vn 0 -6.8661797e-07 -1
usemtl brickwall1
f 5/4154/1 23/648/2 22/4165/3
f 5/4154/1 22/4165/3 8/946/4
f 7/2761/5 15/3723/6 14/2570/7
f 7/2761/5 14/2570/7 6/963/8
usemtl stonefloor
f 2/1412/9 1/1597/10 3/1694/11
f 2/1412/9 3/1694/11 4/347/12
usemtl stonetrims
f 6/2879/13 35/1281/14 36/1085/15
f 6/2879/13 36/1085/15 7/2704/16
usemtl stonefloor
f 2/2596/17 5/1723/18 6/310/19
f 2/2596/17 6/310/19 1/232/20
f 4/2861/21 20/4142/22 19/826/23
f 4/2861/21 19/826/23 2/4303/24
f 3/338/25 13/3622/26 17/2245/27
f 3/338/25 17/2245/27 39/3289/28
f 3/1753/29 39/3460/30 9/868/31
f 3/1753/29 9/868/31 4/3905/32
f 9/4124/33 25/2791/34 20/1543/35
f 9/4124/33 20/1543/35 4/3737/36
usemtl brickwall1
f 12/3138/37 16/1902/38 17/180/39
f 12/3138/37 17/180/39 13/4451/40
usemtl stonetrims
f 12/2945/41 32/2218/42 31/3635/43
f 12/2945/41 31/3635/43 11/1925/44
usemtl brickwall1
f 10/3887/45 14/2632/46 15/2406/47
f 10/3887/45 15/2406/47 11/2469/48
usemtl stonefloor
f 6/1247/49 14/4204/50 10/1037/51
f 6/1247/49 10/1037/51 1/3389/52
usemtl brickwall1
f 39/3625/53 17/4684/54 16/2021/55
f 39/3625/53 16/2021/55 40/3390/56
usemtl stonefloor
f 1/1996/57 10/4659/58 13/2942/59
f 1/1996/57 13/2942/59 3/2098/60
usemtl stonetrims
f 18/2780/61 26/190/62 29/3843/63
f 18/2780/61 29/3843/63 21/4188/64
usemtl brickwall1
f 18/2247/65 22/647/66 23/1456/67
f 18/2247/65 23/1456/67 19/2724/68
f 20/2633/69 25/4191/70 24/1207/71
f 20/2633/69 24/1207/71 21/3518/72
f 38/688/73 24/1649/74 25/1245/75
f 38/688/73 25/1245/75 9/687/76
usemtl stonefloor
f 2/2086/77 19/4435/78 23/2688/79
f 2/2086/77 23/2688/79 5/2830/80
usemtl stonetrims
f 19/2978/81 27/954/82 26/2703/83
f 19/2978/81 26/2703/83 18/4718/84
f 21/423/85 29/3120/86 28/3335/87
f 21/423/85 28/3335/87 20/628/88
f 20/306/89 28/4061/90 27/2762/91
f 20/306/89 27/2762/91 19/3329/92
f 13/4549/93 33/4100/94 32/1134/95
f 13/4549/93 32/1134/95 12/1578/96
f 10/3815/97 30/3474/98 33/358/99
f 10/3815/97 33/358/99 13/1857/100
f 11/3917/101 31/3509/102 30/530/103
f 11/3917/101 30/530/103 10/4095/104
f 7/4731/105 36/2054/106 37/2492/107
f 7/4731/105 37/2492/107 8/4011/108
f 5/86/109 34/626/110 35/4299/111
f 5/86/109 35/4299/111 6/2618/112
f 8/3504/113 37/3448/114 34/482/115
f 8/3504/113 34/482/115 5/2071/116
f 39/2805/117 40/3595/118 44/337/119
f 39/2805/117 44/337/119 43/4275/120
f 9/3218/121 39/1154/122 43/4067/123
f 9/3218/121 43/4067/123 42/1193/124
f 40/3313/125 38/4344/126 41/1458/127
f 40/3313/125 41/1458/127 44/1102/128
f 38/1734/129 9/4366/130 42/4472/131
f 38/1734/129 42/4472/131 41/2082/132
f 47/4361/133 57/1141/134 257/3074/135
f 47/4361/133 257/3074/135 246/476/136
usemtl brickwall1
f 101/4015/137 103/163/138 238/3064/139
f 101/4015/137 238/3064/139 242/3913/140
f 103/163/141 105/1681/142 233/1299/143
f 103/163/141 233/1299/143 238/3064/144
f 105/1681/145 107/2309/146 240/3824/147
f 105/1681/145 240/3824/147 233/1299/148
f 107/2309/149 109/3176/150 232/1794/151
f 107/2309/149 232/1794/151 240/3824/152
f 109/3176/153 236/3557/154 232/1794/155
f 98/2303/156 134/3903/157 263/4441/158
f 98/2303/156 263/4441/158 266/2557/159
f 104/1374/160 269/806/161 277/4670/162
f 104/1374/160 277/4670/162 106/3001/163
f 106/3001/164 277/4670/165 276/3651/166
f 106/3001/164 276/3651/166 108/759/167
f 108/759/168 276/3651/169 278/60/170
f 108/759/168 278/60/170 110/1044/171
f 110/1044/172 278/60/173 111/1072/174
usemtl stonetrims
f 91/3387/175 95/70/176 267/214/177
f 91/3387/175 267/214/177 261/3312/178
f 66/4434/179 70/1758/180 239/1719/181
f 66/4434/179 239/1719/181 229/2526/182
usemtl brickwall1
f 135/1587/183 247/4518/184 249/2319/185
f 135/1587/183 249/2319/185 137/4516/186
f 137/4516/187 249/2319/188 256/760/189
f 137/4516/187 256/760/189 139/2330/190
f 139/2330/191 256/760/192 248/4242/193
f 139/2330/191 248/4242/193 141/3727/194
f 141/3727/195 248/4242/196 255/314/197
f 141/3727/195 255/314/197 143/1019/198
f 143/1019/199 255/314/200 253/1805/201
f 100/891/202 101/4015/203 242/3913/204
f 100/891/202 242/3913/204 229/1385/205
f 136/1565/206 138/4536/207 260/3322/208
f 136/1565/206 260/3322/208 265/4412/209
f 138/4536/210 140/3782/211 258/2548/212
f 138/4536/210 258/2548/212 260/3322/213
f 140/3782/214 142/3032/215 259/2176/216
f 140/3782/214 259/2176/216 258/2548/217
f 142/3032/218 144/2060/219 259/2176/220
f 134/3903/221 136/1565/222 265/4412/223
f 134/3903/221 265/4412/223 263/4441/224
usemtl stonetrims
f 69/424/225 60/1012/226 241/3591/227
f 69/424/225 241/3591/227 231/416/228
f 61/4723/229 65/2447/230 234/4270/231
f 61/4723/229 234/4270/231 237/683/232
f 60/1012/233 64/497/234 230/4637/235
f 60/1012/233 230/4637/235 241/3591/236
f 65/2447/237 69/424/238 231/416/239
f 65/2447/237 231/416/239 234/4270/240
usemtl brickwall1
f 102/1528/241 273/4626/242 269/806/243
f 102/1528/241 269/806/243 104/1374/244
usemtl stonetrims
f 50/3515/245 46/1155/246 244/3319/247
f 50/3515/245 244/3319/247 251/1106/248
f 55/403/249 51/3691/250 254/2160/251
f 55/403/249 254/2160/251 245/4267/252
f 96/1321/253 91/3387/254 261/3312/255
f 96/1321/253 261/3312/255 266/2387/256
f 54/3911/257 50/3515/258 251/1106/259
f 54/3911/257 251/1106/259 243/3817/260
f 46/1155/261 55/403/262 245/4267/263
f 46/1155/261 245/4267/263 244/3319/264
f 51/3691/265 47/4361/266 246/476/267
f 51/3691/265 246/476/267 254/2160/268
f 94/2486/269 86/1197/270 122/1400/271
f 94/2486/269 122/1400/271 264/228/272
f 87/3020/273 90/3769/274 268/1854/275
f 87/3020/273 268/1854/275 262/3033/276
f 70/1758/277 61/4723/278 237/683/279
f 70/1758/277 237/683/279 239/1719/280
f 90/3769/281 94/2486/282 264/228/283
f 90/3769/281 264/228/283 268/1854/284
f 95/70/285 87/3020/286 262/3033/287
f 95/70/285 262/3033/287 267/214/288
usemtl brickwall1
f 97/3223/289 257/4557/290 247/4518/291
f 97/3223/289 247/4518/291 135/1587/292
usemtl stonetrims
f 73/2443/293 82/2340/294 274/1971/295
f 73/2443/293 274/1971/295 123/3729/296
f 78/4478/297 74/3440/298 272/2928/299
f 78/4478/297 272/2928/299 279/4563/300
f 83/1416/301 79/4266/302 270/4671/303
f 83/1416/301 270/4671/303 275/3090/304
usemtl brickwall1
f 99/3549/305 271/1413/306 273/4626/307
f 99/3549/305 273/4626/307 102/1528/308
usemtl stonetrims
f 82/2340/309 78/4478/310 279/4563/311
f 82/2340/309 279/4563/311 274/1971/312
f 74/3440/313 83/1416/314 275/3090/315
f 74/3440/313 275/3090/315 272/2928/316
f 79/4266/317 76/161/318 271/4243/319
f 79/4266/317 271/4243/319 270/4671/320
f 116/1726/321 114/1462/322 182/3868/323
f 116/1726/321 182/3868/323 180/660/324
f 97/4049/325 135/692/326 196/1765/327
f 97/4049/325 196/1765/327 152/2828/328
f 115/4087/329 117/3910/330 181/4713/331
f 115/4087/329 181/4713/331 183/4422/332
f 101/1669/333 100/2924/334 151/4648/335
f 101/1669/333 151/4648/335 162/4392/336
f 99/602/337 102/4644/338 163/1556/339
f 99/602/337 163/1556/339 153/2430/340
f 103/1824/341 101/1669/342 162/4392/343
f 103/1824/341 162/4392/343 160/879/344
f 118/3098/345 116/1726/346 180/660/347
f 118/3098/345 180/660/347 178/1569/348
f 136/2019/349 134/3457/350 195/779/351
f 136/2019/349 195/779/351 193/562/352
f 102/4644/353 104/2381/354 161/1914/355
f 102/4644/353 161/1914/355 163/1556/356
f 117/3910/357 119/2895/358 179/1356/359
f 117/3910/357 179/1356/359 181/4713/360
f 135/692/361 137/3047/362 194/3754/363
f 135/692/361 194/3754/363 196/1765/364
f 105/2025/365 103/1824/366 160/879/367
f 105/2025/365 160/879/367 158/3029/368
f 120/1838/369 118/3098/370 178/1569/371
f 120/1838/369 178/1569/371 175/1508/372
f 138/1643/373 136/2019/374 193/562/375
f 138/1643/373 193/562/375 191/4404/376
f 104/2381/377 106/2220/378 159/213/379
f 104/2381/377 159/213/379 161/1914/380
f 119/2895/381 121/4042/382 176/864/383
f 119/2895/381 176/864/383 179/1356/384
f 137/3047/385 139/385/386 192/620/387
f 137/3047/385 192/620/387 194/3754/388
f 107/2011/389 105/2025/390 158/3029/391
f 107/2011/389 158/3029/391 156/4218/392
f 123/2039/393 120/1838/394 175/1508/395
f 123/2039/393 175/1508/395 148/3967/396
f 140/375/397 138/1643/398 191/4404/399
f 140/375/397 191/4404/399 189/797/400
f 106/2220/401 108/4131/402 157/3676/403
f 106/2220/401 157/3676/403 159/213/404
f 139/385/405 141/1228/406 190/2857/407
f 139/385/405 190/2857/407 192/620/408
f 121/4042/409 122/915/410 177/900/411
f 121/4042/409 177/900/411 176/864/412
f 155/4009/413 145/103/414 146/2444/415
f 155/4009/413 146/2444/415 154/4559/416
f 157/3676/417 155/4009/418 154/4559/419
f 157/3676/417 154/4559/419 156/4218/420
f 159/213/421 157/3676/422 156/4218/423
f 159/213/421 156/4218/423 158/3029/424
f 161/1914/425 159/213/426 158/3029/427
f 161/1914/425 158/3029/427 160/879/428
f 163/1556/429 161/1914/430 160/879/431
f 163/1556/429 160/879/431 162/4392/432
f 147/1435/433 165/3144/434 166/4473/435
f 147/1435/433 166/4473/435 164/181/436
f 165/3144/437 167/3163/438 168/1870/439
f 165/3144/437 168/1870/439 166/4473/440
f 167/3163/441 169/2081/442 170/3959/443
f 167/3163/441 170/3959/443 168/1870/444
f 169/2081/445 171/3587/446 172/731/447
f 169/2081/445 172/731/447 170/3959/448
f 171/3587/449 173/373/450 174/4045/451
f 171/3587/449 174/4045/451 172/731/452
f 176/864/453 177/900/454 148/3967/455
f 176/864/453 148/3967/455 175/1508/456
f 179/1356/457 176/864/458 175/1508/459
f 179/1356/457 175/1508/459 178/1569/460
f 181/4713/461 179/1356/462 178/1569/463
f 181/4713/461 178/1569/463 180/660/464
f 183/4422/465 181/4713/466 180/660/467
f 183/4422/465 180/660/467 182/3868/468
f 185/4701/469 183/4422/470 182/3868/471
f 185/4701/469 182/3868/471 184/2877/472
f 173/373/473 152/2350/474 151/1432/475
f 173/373/473 151/1432/475 174/4045/476
f 150/4428/477 185/4701/478 184/2877/479
f 150/4428/477 184/2877/479 153/3393/480
f 187/71/481 188/2049/482 149/1845/483
f 187/71/481 149/1845/483 186/1618/484
f 190/2857/485 187/71/486 186/1618/487
f 190/2857/485 186/1618/487 189/797/488
f 192/620/489 190/2857/490 189/797/491
f 192/620/489 189/797/491 191/4404/492
f 194/3754/493 192/620/494 191/4404/495
f 194/3754/493 191/4404/495 193/562/496
f 196/1765/497 194/3754/498 193/562/499
f 196/1765/497 193/562/499 195/779/500
f 153/2430/501 163/1556/502 162/4392/503
f 153/2430/501 162/4392/503 151/4648/504
f 152/2828/505 196/1765/506 195/779/507
f 152/2828/505 195/779/507 150/3701/508
f 134/3457/509 98/1605/510 150/3701/511
f 134/3457/509 150/3701/511 195/779/512
f 133/716/513 230/757/514 164/181/515
f 133/716/513 164/181/515 166/4473/516
f 113/2973/517 115/4087/518 183/4422/519
f 113/2973/517 183/4422/519 185/4701/520
f 132/1236/521 130/1747/522 167/3163/523
f 132/1236/521 167/3163/523 165/3144/524
f 114/1462/525 112/3934/526 184/2877/527
f 114/1462/525 184/2877/527 182/3868/528
f 124/2580/529 97/2716/530 152/2350/531
f 124/2580/529 152/2350/531 173/373/532
f 131/4365/533 133/716/534 166/4473/535
f 131/4365/533 166/4473/535 168/1870/536
f 100/2463/537 125/2190/538 174/4045/539
f 100/2463/537 174/4045/539 151/1432/540
f 130/1747/541 128/1338/542 169/2081/543
f 130/1747/541 169/2081/543 167/3163/544
f 98/2996/545 113/2973/546 185/4701/547
f 98/2996/545 185/4701/547 150/4428/548
f 112/3934/549 99/1934/550 153/3393/551
f 112/3934/549 153/3393/551 184/2877/552
f 129/4105/553 131/4365/554 168/1870/555
f 129/4105/553 168/1870/555 170/3959/556
f 128/1338/557 126/408/558 171/3587/559
f 128/1338/557 171/3587/559 169/2081/560
f 143/1851/561 253/1358/562 188/2049/563
f 143/1851/561 188/2049/563 187/71/564
f 110/4088/565 111/1240/566 145/103/567
f 110/4088/565 145/103/567 155/4009/568
f 127/81/569 129/4105/570 170/3959/571
f 127/81/569 170/3959/571 172/731/572
f 144/3011/573 142/2378/574 186/1618/575
f 144/3011/573 186/1618/575 149/1845/576
f 126/408/577 124/2580/578 173/373/579
f 126/408/577 173/373/579 171/3587/580
f 141/1228/581 143/1851/582 187/71/583
f 141/1228/581 187/71/583 190/2857/584
f 125/2190/585 127/81/586 172/731/587
f 125/2190/585 172/731/587 174/4045/588
f 108/4131/589 110/4088/590 155/4009/591
f 108/4131/589 155/4009/591 157/3676/592
f 142/2378/593 140/375/594 189/797/595
f 142/2378/593 189/797/595 186/1618/596
f 109/1111/597 107/2011/598 156/4218/599
f 109/1111/597 156/4218/599 154/4559/600
f 152/1028/601 150/2382/602 200/284/603
f 152/1028/601 200/284/603 198/2297/604
f 153/369/605 151/973/606 197/2649/607
f 153/369/605 197/2649/607 202/4030/608
f 150/4291/609 153/2648/610 202/4259/611
f 150/4291/609 202/4259/611 200/3953/612
f 199/3767/613 203/1489/614 197/2045/615
f 198/2628/616 207/3213/617 205/3880/618
f 198/2628/616 205/3880/618 199/3767/619
f 200/3461/620 204/4616/621 201/724/622
f 202/828/623 203/1489/624 204/4616/625
f 201/724/626 204/4616/627 206/2383/628
f 201/724/626 206/2383/628 205/3880/629
f 202/4030/630 197/2649/631 203/2093/632
f 197/3718/633 198/3854/634 199/3940/635
f 198/2297/636 200/284/637 201/3113/638
f 198/2297/636 201/3113/638 207/1042/639
f 200/3953/640 202/4259/641 204/1405/642
f 199/3767/643 206/2383/644 203/1489/645
usemtl brickwall1
f 205/2504/646 207/1326/647 201/969/648
usemtl stonetrims
f 203/1489/649 206/2383/650 204/4616/651
f 205/3880/652 206/2383/653 199/3767/654
f 58/772/655 236/2974/656 217/637/657
f 58/772/655 217/637/657 210/4331/658
f 123/2039/659 148/3967/660 224/1057/661
f 123/2039/659 224/1057/661 219/3231/662
f 111/3050/663 80/3023/664 213/2514/665
f 111/3050/663 213/2514/665 216/4060/666
f 73/2443/667 123/3729/668 219/2863/669
f 73/2443/667 219/2863/669 212/2360/670
f 164/181/671 230/757/672 235/513/673
f 164/181/671 235/513/673 226/4496/674
f 122/1400/675 86/1197/676 214/1229/677
f 122/1400/675 214/1229/677 218/2041/678
f 149/1845/679 188/2049/680 228/1217/681
f 149/1845/679 228/1217/681 225/2109/682
f 145/103/683 111/1240/684 216/3933/685
f 145/103/683 216/3933/685 221/3510/686
f 177/900/687 122/915/688 218/991/689
f 177/900/687 218/991/689 227/1054/690
f 92/2790/691 144/2238/692 220/1561/693
f 92/2790/691 220/1561/693 215/3093/694
f 147/1435/695 164/181/696 226/4496/697
f 147/1435/695 226/4496/697 223/2140/698
f 188/2049/699 253/1358/700 250/4290/701
f 188/2049/699 250/4290/701 228/1217/702
f 253/3592/703 48/3367/704 208/159/705
f 253/3592/703 208/159/705 250/93/706
f 148/3967/707 177/900/708 227/1054/709
f 148/3967/707 227/1054/709 224/1057/710
f 230/4637/711 64/497/712 211/4143/713
f 230/4637/711 211/4143/713 235/2734/714
f 146/2444/715 145/103/716 221/3510/717
f 146/2444/715 221/3510/717 222/2223/718
f 54/3911/719 243/3817/720 252/1125/721
f 54/3911/719 252/1125/721 209/2344/722
f 144/3011/723 149/1845/724 225/2109/725
f 144/3011/723 225/2109/725 220/2189/726
f 151/3018/727 152/2896/728 198/3854/729
f 151/3018/727 198/3854/729 197/3718/730
f 242/878/731 238/1303/732 62/856/733
f 242/878/731 62/856/733 59/89/734
f 233/1724/735 240/4202/736 67/2282/737
f 233/1724/735 67/2282/737 63/3923/738
f 232/4016/739 236/2974/740 58/772/741
f 232/4016/739 58/772/741 68/4703/742
f 236/4170/743 109/1111/744 154/4559/745
f 236/4170/743 154/4559/745 146/2444/746
usemtl brickwall1
f 237/4133/747 234/738/748 129/4224/749
f 237/4133/747 129/4224/749 127/80/750
f 234/738/751 231/3531/752 131/1010/753
f 234/738/751 131/1010/753 129/4224/754
usemtl stonetrims
f 217/839/755 236/4170/756 146/2444/757
f 217/839/755 146/2444/757 222/2223/758
f 238/1303/759 233/1724/760 63/3923/761
f 238/1303/759 63/3923/761 62/856/762
f 240/4202/763 232/4016/764 68/4703/765
f 240/4202/763 68/4703/765 67/2282/766
usemtl brickwall1
f 239/1725/767 237/4133/768 127/80/769
f 239/1725/767 127/80/769 125/3629/770
f 229/1385/771 239/1725/772 125/3629/773
f 229/1385/771 125/3629/773 100/891/774
usemtl stonetrims
f 229/2526/775 242/878/776 59/89/777
f 229/2526/775 59/89/777 66/4434/778
usemtl brickwall1
f 231/3531/779 241/502/780 133/715/781
f 231/3531/779 133/715/781 131/1010/782
f 241/502/783 230/2979/784 133/715/785
f 245/2386/786 254/1701/787 126/3626/788
f 245/2386/786 126/3626/788 128/2146/789
f 243/1593/790 251/2209/791 132/906/792
f 254/1701/793 246/3083/794 124/2481/795
f 254/1701/793 124/2481/795 126/3626/796
usemtl stonetrims
f 247/3226/797 257/3074/798 57/1141/799
f 247/3226/797 57/1141/799 49/1888/800
f 249/3022/801 247/3226/802 49/1888/803
f 249/3022/801 49/1888/803 52/2803/804
f 248/2470/805 256/1133/806 53/2420/807
f 248/2470/805 53/2420/807 56/4569/808
f 253/3592/809 255/3983/810 45/2923/811
f 253/3592/809 45/2923/811 48/3367/812
f 243/2405/813 132/1236/814 165/3144/815
f 243/2405/813 165/3144/815 147/1435/816
usemtl brickwall1
f 251/2209/817 244/4384/818 130/773/819
f 251/2209/817 130/773/819 132/906/820
f 244/4384/821 245/2386/822 128/2146/823
f 244/4384/821 128/2146/823 130/773/824
f 246/3083/825 257/4557/826 97/3223/827
f 246/3083/825 97/3223/827 124/2481/828
usemtl stonetrims
f 256/1133/829 249/3022/830 52/2803/831
f 256/1133/829 52/2803/831 53/2420/832
f 255/3983/833 248/2470/834 56/4569/835
f 255/3983/833 56/4569/835 45/2923/836
f 252/3449/837 243/2405/838 147/1435/839
f 252/3449/837 147/1435/839 223/2140/840
usemtl brickwall1
f 262/2402/841 268/3/842 119/1808/843
f 262/2402/841 119/1808/843 117/2375/844
f 268/3/845 264/1142/846 121/4627/847
f 268/3/845 121/4627/847 119/1808/848
f 261/3681/849 267/3376/850 115/3391/851
f 261/3681/849 115/3391/851 113/2702/852
usemtl stonetrims
f 265/4119/853 260/1579/854 85/257/855
f 265/4119/853 85/257/855 84/1199/856
f 258/3299/857 259/2150/858 89/3470/859
f 258/3299/857 89/3470/859 88/1333/860
f 263/116/861 265/4119/862 84/1199/863
f 263/116/861 84/1199/863 93/2899/864
usemtl brickwall1
f 266/2557/865 261/3681/866 113/2702/867
f 266/2557/865 113/2702/867 98/2303/868
f 264/1142/869 122/1421/870 121/4627/871
f 267/3376/872 262/2402/873 117/2375/874
f 267/3376/872 117/2375/874 115/3391/875
usemtl stonetrims
f 266/2387/876 263/116/877 93/2899/878
f 266/2387/876 93/2899/878 96/1321/879
f 260/1579/880 258/3299/881 88/1333/882
f 260/1579/880 88/1333/882 85/257/883
f 259/2150/884 144/2238/885 92/2790/886
f 259/2150/884 92/2790/886 89/3470/887
usemtl brickwall1
f 279/2246/888 272/1855/889 116/4175/890
f 279/2246/888 116/4175/890 118/3401/891
usemtl stonetrims
f 277/2335/892 269/2855/893 71/1819/894
f 277/2335/892 71/1819/894 72/4144/895
f 278/3016/896 276/1136/897 75/1900/898
f 278/3016/896 75/1900/898 77/431/899
f 273/409/900 271/4243/901 76/161/902
f 273/409/900 76/161/902 81/1644/903
usemtl brickwall1
f 272/1855/904 275/1959/905 114/1091/906
f 272/1855/904 114/1091/906 116/4175/907
f 123/2966/908 274/1505/909 120/1893/910
f 275/1959/911 270/517/912 112/3526/913
f 275/1959/911 112/3526/913 114/1091/914
f 274/1505/915 279/2246/916 118/3401/917
f 274/1505/915 118/3401/917 120/1893/918
f 270/517/919 271/1413/920 99/3549/921
f 270/517/919 99/3549/921 112/3526/922
usemtl stonetrims
f 276/1136/923 277/2335/924 72/4144/925
f 276/1136/923 72/4144/925 75/1900/926
f 111/3050/927 278/3016/928 77/431/929
f 111/3050/927 77/431/929 80/3023/930
f 269/2855/931 273/409/932 81/1644/933
f 269/2855/931 81/1644/933 71/1819/934
f 282/4638/935 292/2984/936 492/205/937
f 282/4638/935 492/205/937 481/2323/938
usemtl brickwall1
f 336/1150/939 338/2004/940 473/194/941
f 336/1150/939 473/194/941 477/1029/942
f 338/2004/943 340/3503/944 468/3146/945
f 338/2004/943 468/3146/945 473/194/946
f 340/3503/947 342/4129/948 475/948/949
f 340/3503/947 475/948/949 468/3146/950
f 342/4129/951 344/3462/952 467/3617/953
f 342/4129/951 467/3617/953 475/948/954
f 344/3462/955 471/701/956 467/3617/957
f 333/4122/958 369/1021/959 498/4696/960
f 333/4122/958 498/4696/960 501/4437/961
f 339/3242/962 504/2668/963 512/1801/964
f 339/3242/962 512/1801/964 341/119/965
f 341/119/966 512/1801/967 511/776/968
f 341/119/966 511/776/968 343/2599/969
f 343/2599/970 511/776/971 513/1901/972
f 343/2599/970 513/1901/972 345/2902/973
f 345/2902/974 513/1901/975 346/2925/976
usemtl stonetrims
f 326/493/977 330/364/978 502/2046/979
f 326/493/977 502/2046/979 496/410/980
f 301/1540/981 305/3574/982 474/1972/983
f 301/1540/981 474/1972/983 464/4409/984
usemtl brickwall1
f 370/1858/985 482/1663/986 484/4145/987
f 370/1858/985 484/4145/987 372/74/988
f 372/74/989 484/4145/990 491/1036/991
f 372/74/989 491/1036/991 374/4158/992
f 374/4158/993 491/1036/994 483/4531/995
f 374/4158/993 483/4531/995 376/843/996
f 376/843/997 483/4531/998 490/2165/999
f 376/843/997 490/2165/999 378/2876/1000
f 378/2876/1001 490/2165/1002 488/2070/1003
f 335/2758/1004 336/1150/1005 477/1029/1006
f 335/2758/1004 477/1029/1006 464/3253/1007
f 371/3408/1008 373/1679/1009 495/419/1010
f 371/3408/1008 495/419/1010 500/1517/1011
f 373/1679/1012 375/894/1013 493/4430/1014
f 373/1679/1012 493/4430/1014 495/419/1015
f 375/894/1016 377/152/1017 494/4005/1018
f 375/894/1016 494/4005/1018 493/4430/1019
f 377/152/1020 379/3901/1021 494/4005/1022
f 369/1021/1023 371/3408/1024 500/1517/1025
f 369/1021/1023 500/1517/1025 498/4696/1026
usemtl stonetrims
f 304/2283/1027 295/2870/1028 476/719/1029
f 304/2283/1027 476/719/1029 466/2274/1030
f 296/292/1031 300/4323/1032 469/1372/1033
f 296/292/1031 469/1372/1033 472/2497/1034
f 295/2870/1035 299/2343/1036 465/1778/1037
f 295/2870/1035 465/1778/1037 476/719/1038
f 300/4323/1039 304/2283/1040 466/2274/1041
f 300/4323/1039 466/2274/1041 469/1372/1042
usemtl brickwall1
f 337/1810/1043 508/200/1044 504/2668/1045
f 337/1810/1043 504/2668/1045 339/3242/1046
usemtl stonetrims
f 285/656/1047 281/2994/1048 479/3588/1049
f 285/656/1047 479/3588/1049 486/1397/1050
f 290/2258/1051 286/811/1052 489/3981/1053
f 290/2258/1051 489/3981/1053 480/1367/1054
f 331/3174/1055 326/493/1056 496/410/1057
f 331/3174/1055 496/410/1057 501/4245/1058
f 289/4213/1059 285/656/1060 486/1397/1061
f 289/4213/1059 486/1397/1061 478/936/1062
f 281/2994/1063 290/2258/1064 480/1367/1065
f 281/2994/1063 480/1367/1065 479/3588/1066
f 286/811/1067 282/4638/1068 481/2323/1069
f 286/811/1067 481/2323/1069 489/3981/1070
f 329/2798/1071 321/3037/1072 357/3264/1073
f 329/2798/1071 357/3264/1073 499/2064/1074
f 322/3342/1075 325/877/1076 503/3687/1077
f 322/3342/1075 503/3687/1077 497/153/1078
f 305/3574/1079 296/292/1080 472/2497/1081
f 305/3574/1079 472/2497/1081 474/1972/1082
f 325/877/1083 329/2798/1084 499/2064/1085
f 325/877/1083 499/2064/1085 503/3687/1086
f 330/364/1087 322/3342/1088 497/153/1089
f 330/364/1087 497/153/1089 502/2046/1090
usemtl brickwall1
f 332/323/1091 492/108/1092 482/1663/1093
f 332/323/1091 482/1663/1093 370/1858/1094
usemtl stonetrims
f 308/4319/1095 317/4171/1096 509/3820/1097
f 308/4319/1095 509/3820/1097 358/845/1098
f 313/15/1099 309/3716/1100 507/42/1101
f 313/15/1099 507/42/1101 514/1702/1102
f 318/3280/1103 314/1366/1104 505/1802/1105
f 318/3280/1103 505/1802/1105 510/218/1106
usemtl brickwall1
f 334/3838/1107 506/1731/1108 508/200/1109
f 334/3838/1107 508/200/1109 337/1810/1110
usemtl stonetrims
f 317/4171/1111 313/15/1112 514/1702/1113
f 317/4171/1111 514/1702/1113 509/3820/1114
f 309/3716/1115 318/3280/1116 510/218/1117
f 309/3716/1115 510/218/1117 507/42/1118
f 314/1366/1119 311/2001/1120 506/1349/1121
f 314/1366/1119 506/1349/1121 505/1802/1122
f 351/3543/1123 349/3325/1124 417/985/1125
f 351/3543/1123 417/985/1125 415/2472/1126
f 332/1188/1127 370/2508/1128 431/2017/1129
f 332/1188/1127 431/2017/1129 387/4673/1130
f 350/1231/1131 352/1025/1132 416/1837/1133
f 350/1231/1131 416/1837/1133 418/1529/1134
f 336/3487/1135 335/3233/1136 386/1786/1137
f 336/3487/1135 386/1786/1137 397/4661/1138
f 334/860/1139 337/1783/1140 398/1833/1141
f 334/860/1139 398/1833/1141 388/4305/1142
f 338/2097/1143 336/3487/1144 397/4661/1145
f 338/2097/1143 397/4661/1145 395/2745/1146
f 353/226/1147 351/3543/1148 415/2472/1149
f 353/226/1147 415/2472/1149 413/3410/1150
f 371/3864/1151 369/3742/1152 430/1050/1153
f 371/3864/1151 430/1050/1153 428/2384/1154
f 337/1783/1155 339/4234/1156 396/2215/1157
f 337/1783/1155 396/2215/1157 398/1833/1158
f 352/1025/1159 354/7/1160 414/3219/1161
f 352/1025/1159 414/3219/1161 416/1837/1162
f 370/2508/1163 372/169/1164 429/862/1165
f 370/2508/1163 429/862/1165 431/2017/1166
f 340/3869/1167 338/2097/1168 395/2745/1169
f 340/3869/1167 395/2745/1169 393/149/1170
f 355/3668/1171 353/226/1172 413/3410/1173
f 355/3668/1171 413/3410/1173 410/3368/1174
f 373/3463/1175 371/3864/1176 428/2384/1177
f 373/3463/1175 428/2384/1177 426/1504/1178
f 339/4234/1179 341/2493/1180 394/2047/1181
f 339/4234/1179 394/2047/1181 396/2215/1182
f 354/7/1183 356/1177/1184 411/1165/1185
f 354/7/1183 411/1165/1185 414/3219/1186
f 372/169/1187 374/698/1188 427/2435/1189
f 372/169/1187 427/2435/1189 429/862/1190
f 342/3859/1191 340/3869/1192 393/149/1193
f 342/3859/1191 393/149/1193 391/1335/1194
f 358/3883/1195 355/3668/1196 410/3368/1197
f 358/3883/1195 410/3368/1197 383/1098/1198
f 375/684/1199 373/3463/1200 426/1504/1201
f 375/684/1199 426/1504/1201 424/2652/1202
f 341/2493/1203 343/4459/1204 392/799/1205
f 341/2493/1203 392/799/1205 394/2047/1206
f 374/698/1207 376/3065/1208 425/3154/1209
f 374/698/1207 425/3154/1209 427/2435/1210
f 356/1177/1211 357/1220/1212 412/2768/1213
f 356/1177/1211 412/2768/1213 411/1165/1214
f 390/1147/1215 380/1943/1216 381/4320/1217
f 390/1147/1215 381/4320/1217 389/110/1218
f 392/799/1219 390/1147/1220 389/110/1221
f 392/799/1219 389/110/1221 391/1335/1222
f 394/2047/1223 392/799/1224 391/1335/1225
f 394/2047/1223 391/1335/1225 393/149/1226
f 396/2215/1227 394/2047/1228 393/149/1229
f 396/2215/1227 393/149/1229 395/2745/1230
f 398/1833/1231 396/2215/1232 395/2745/1233
f 398/1833/1231 395/2745/1233 397/4661/1234
f 382/3302/1235 400/263/1236 401/1591/1237
f 382/3302/1235 401/1591/1237 399/2012/1238
f 400/263/1239 402/281/1240 403/3703/1241
f 400/263/1239 403/3703/1241 401/1591/1242
f 402/281/1243 404/2376/1244 405/1088/1245
f 402/281/1243 405/1088/1245 403/3703/1246
f 404/2376/1247 406/717/1248 407/2566/1249
f 404/2376/1247 407/2566/1249 405/1088/1250
f 406/717/1251 408/2221/1252 409/4375/1253
f 406/717/1251 409/4375/1253 407/2566/1254
f 411/1165/1255 412/2768/1256 383/1098/1257
f 411/1165/1255 383/1098/1257 410/3368/1258
f 414/3219/1259 411/1165/1260 410/3368/1261
f 414/3219/1259 410/3368/1261 413/3410/1262
f 416/1837/1263 414/3219/1264 413/3410/1265
f 416/1837/1263 413/3410/1265 415/2472/1266
f 418/1529/1267 416/1837/1268 415/2472/1269
f 418/1529/1267 415/2472/1269 417/985/1270
f 420/1829/1271 418/1529/1272 417/985/1273
f 420/1829/1271 417/985/1273 419/4721/1274
f 408/2221/1275 387/4185/1276 386/3300/1277
f 408/2221/1275 386/3300/1277 409/4375/1278
f 385/4686/1279 420/1829/1280 419/4721/1281
f 385/4686/1279 419/4721/1281 388/3655/1282
f 422/365/1283 423/3895/1284 384/3677/1285
f 422/365/1283 384/3677/1285 421/3441/1286
f 425/3154/1287 422/365/1288 421/3441/1289
f 425/3154/1287 421/3441/1289 424/2652/1290
f 427/2435/1291 425/3154/1292 424/2652/1293
f 427/2435/1291 424/2652/1293 426/1504/1294
f 429/862/1295 427/2435/1296 426/1504/1297
f 429/862/1295 426/1504/1297 428/2384/1298
f 431/2017/1299 429/862/1300 428/2384/1301
f 431/2017/1299 428/2384/1301 430/1050/1302
f 388/4305/1303 398/1833/1304 397/4661/1305
f 388/4305/1303 397/4661/1305 386/1786/1306
f 387/4673/1307 431/2017/1308 430/1050/1309
f 387/4673/1307 430/1050/1309 385/3985/1310
f 369/3742/1311 333/1875/1312 385/3985/1313
f 369/3742/1311 385/3985/1313 430/1050/1314
f 368/2540/1315 465/2597/1316 399/2012/1317
f 368/2540/1315 399/2012/1317 401/1591/1318
f 348/3285/1319 350/1231/1320 418/1529/1321
f 348/3285/1319 418/1529/1321 420/1829/1322
f 367/3073/1323 365/3560/1324 402/281/1325
f 367/3073/1323 402/281/1325 400/263/1326
f 349/3325/1327 347/1060/1328 419/4721/1329
f 349/3325/1327 419/4721/1329 417/985/1330
f 359/4456/1331 332/4558/1332 387/4185/1333
f 359/4456/1331 387/4185/1333 408/2221/1334
f 366/1467/1335 368/2540/1336 401/1591/1337
f 366/1467/1335 401/1591/1337 403/3703/1338
f 335/2771/1339 360/2474/1340 409/4375/1341
f 335/2771/1339 409/4375/1341 386/3300/1342
f 365/3560/1343 363/1662/1344 404/2376/1345
f 365/3560/1343 404/2376/1345 402/281/1346
f 333/113/1347 348/3285/1348 420/1829/1349
f 333/113/1347 420/1829/1349 385/4686/1350
f 347/1060/1351 334/3785/1352 388/3655/1353
f 347/1060/1351 388/3655/1353 419/4721/1354
f 364/1246/1355 366/1467/1356 403/3703/1357
f 364/1246/1355 403/3703/1357 405/1088/1358
f 363/1662/1359 361/2263/1360 406/717/1361
f 363/1662/1359 406/717/1361 404/2376/1362
f 378/3684/1363 488/3220/1364 423/3895/1365
f 378/3684/1363 423/3895/1365 422/365/1366
f 345/1232/1367 346/3075/1368 380/1943/1369
f 345/1232/1367 380/1943/1369 390/1147/1370
f 362/1920/1371 364/1246/1372 405/1088/1373
f 362/1920/1371 405/1088/1373 407/2566/1374
f 379/132/1375 377/2680/1376 421/3441/1377
f 379/132/1375 421/3441/1377 384/3677/1378
f 361/2263/1379 359/4456/1380 408/2221/1381
f 361/2263/1379 408/2221/1381 406/717/1382
f 376/3065/1383 378/3684/1384 422/365/1385
f 376/3065/1383 422/365/1385 425/3154/1386
f 360/2474/1387 362/1920/1388 407/2566/1389
f 360/2474/1387 407/2566/1389 409/4375/1390
f 343/4459/1391 345/1232/1392 390/1147/1393
f 343/4459/1391 390/1147/1393 392/799/1394
f 377/2680/1395 375/684/1396 424/2652/1397
f 377/2680/1395 424/2652/1397 421/3441/1398
f 344/2955/1399 342/3859/1400 391/1335/1401
f 344/2955/1399 391/1335/1401 389/110/1402
f 387/2887/1403 385/4239/1404 435/2126/1405
f 387/2887/1403 435/2126/1405 433/4112/1406
f 388/2217/1407 386/2826/1408 432/4499/1409
f 388/2217/1407 432/4499/1409 437/4357/1410
f 385/1392/1411 388/4498/1412 437/4544/1413
f 385/1392/1411 437/4544/1413 435/1079/1414
f 434/875/1415 438/3355/1416 432/3891/1417
f 433/4487/1418 442/3492/1419 440/996/1420
f 433/4487/1418 440/996/1420 434/875/1421
f 435/598/1422 439/184/1423 436/2555/1424
f 437/2691/1425 438/3355/1426 439/184/1427
f 436/2555/1428 439/184/1429 441/4240/1430
f 436/2555/1428 441/4240/1430 440/996/1431
f 437/4357/1432 432/4499/1433 438/3928/1434
f 432/836/1435 433/4139/1436 434/4264/1437
f 433/4112/1438 435/2126/1439 436/236/1440
f 433/4112/1438 436/236/1440 442/2900/1441
f 435/1079/1442 437/4544/1443 439/3270/1444
f 434/875/1445 441/4240/1446 438/3355/1447
usemtl brickwall1
f 440/2813/1448 442/3181/1449 436/2822/1450
usemtl stonetrims
f 438/3355/1451 441/4240/1452 439/184/1453
f 440/996/1454 441/4240/1455 434/875/1456
f 293/2615/1457 471/88/1458 452/890/1459
f 293/2615/1457 452/890/1459 445/4604/1460
f 358/3883/1461 383/1098/1462 459/2914/1463
f 358/3883/1461 459/2914/1463 454/331/1464
f 346/177/1465 315/3346/1466 448/4396/1467
f 346/177/1465 448/4396/1467 451/4398/1468
f 308/4319/1469 358/845/1470 454/4704/1471
f 308/4319/1469 454/4704/1471 447/4198/1472
f 399/2012/1473 465/2597/1474 470/2353/1475
f 399/2012/1473 470/2353/1475 461/1634/1476
f 357/3264/1477 321/3037/1478 449/3069/1479
f 357/3264/1477 449/3069/1479 453/3885/1480
f 384/3677/1481 423/3895/1482 463/3055/1483
f 384/3677/1481 463/3055/1483 460/3939/1484
f 380/1943/1485 346/3075/1486 451/1058/1487
f 380/1943/1485 451/1058/1487 456/3784/1488
f 412/2768/1489 357/1220/1490 453/2840/1491
f 412/2768/1489 453/2840/1491 462/2912/1492
f 327/4628/1493 379/4059/1494 455/3405/1495
f 327/4628/1493 455/3405/1495 450/221/1496
f 382/3302/1497 399/2012/1498 461/1634/1499
f 382/3302/1497 461/1634/1499 458/3965/1500
f 423/3895/1501 488/3220/1502 485/4574/1503
f 423/3895/1501 485/4574/1503 463/3055/1504
f 488/720/1505 283/3627/1506 443/457/1507
f 488/720/1505 443/457/1507 485/1935/1508
f 383/1098/1509 412/2768/1510 462/2912/1511
f 383/1098/1509 462/2912/1511 459/2914/1512
f 465/1778/1513 299/2343/1514 446/1276/1515
f 465/1778/1513 446/1276/1515 470/4576/1516
f 381/4320/1517 380/1943/1518 456/3784/1519
f 381/4320/1517 456/3784/1519 457/2496/1520
f 289/4213/1521 478/936/1522 487/2967/1523
f 289/4213/1521 487/2967/1523 444/2627/1524
f 379/132/1525 384/3677/1526 460/3939/1527
f 379/132/1525 460/3939/1527 455/4020/1528
f 386/138/1529 387/8/1530 433/4139/1531
f 386/138/1529 433/4139/1531 432/836/1532
f 477/1187/1533 473/3150/1534 297/2722/1535
f 477/1187/1533 297/2722/1535 294/1928/1536
f 468/3541/1537 475/1322/1538 302/4096/1539
f 468/3541/1537 302/4096/1539 298/4235/1540
f 467/1151/1541 471/88/1542 293/2615/1543
f 467/1151/1541 293/2615/1543 303/1831/1544
f 471/1294/1545 344/2955/1546 389/110/1547
f 471/1294/1545 389/110/1547 381/4320/1548
usemtl brickwall1
f 472/1270/1549 469/2572/1550 364/1339/1551
f 472/1270/1549 364/1339/1551 362/1919/1552
f 469/2572/1553 466/3816/1554 366/2867/1555
f 469/2572/1553 366/2867/1555 364/1339/1556
usemtl stonetrims
f 452/2701/1557 471/1294/1558 381/4320/1559
f 452/2701/1557 381/4320/1559 457/2496/1560
f 473/3150/1561 468/3541/1562 298/4235/1563
f 473/3150/1561 298/4235/1563 297/2722/1564
f 475/1322/1565 467/1151/1566 303/1831/1567
f 475/1322/1565 303/1831/1567 302/4096/1568
usemtl brickwall1
f 474/1979/1569 472/1270/1570 362/1919/1571
f 474/1979/1569 362/1919/1571 360/752/1572
f 464/3253/1573 474/1979/1574 360/752/1575
f 464/3253/1573 360/752/1575 335/2758/1576
usemtl stonetrims
f 464/4409/1577 477/1187/1578 294/1928/1579
f 464/4409/1577 294/1928/1579 301/1540/1580
usemtl brickwall1
f 466/3816/1581 476/2346/1582 368/2538/1583
f 466/3816/1581 368/2538/1583 366/2867/1584
f 476/2346/1585 465/3293/1586 368/2538/1587
f 480/4244/1588 489/3519/1589 361/749/1590
f 480/4244/1588 361/749/1590 363/2421/1591
f 478/3427/1592 486/2488/1593 367/2772/1594
f 489/3519/1595 481/212/1596 359/4358/1597
f 489/3519/1595 359/4358/1597 361/749/1598
usemtl stonetrims
f 482/325/1599 492/205/1600 292/2984/1601
f 482/325/1599 292/2984/1601 284/3730/1602
f 484/142/1603 482/325/1604 284/3730/1605
f 484/142/1603 284/3730/1605 287/3079/1606
f 483/4347/1607 491/1422/1608 288/4292/1609
f 483/4347/1607 288/4292/1609 291/118/1610
f 488/720/1611 490/4308/1612 280/36/1613
f 488/720/1611 280/36/1613 283/3627/1614
f 478/4274/1615 367/3073/1616 400/263/1617
f 478/4274/1615 400/263/1617 382/3302/1618
usemtl brickwall1
f 486/2488/1619 479/1485/1620 365/2616/1621
f 486/2488/1619 365/2616/1621 367/2772/1622
f 479/1485/1623 480/4244/1624 363/2421/1625
f 479/1485/1623 363/2421/1625 365/2616/1626
f 481/212/1627 492/108/1628 332/323/1629
f 481/212/1627 332/323/1629 359/4358/1630
usemtl stonetrims
f 491/1422/1631 484/142/1632 287/3079/1633
f 491/1422/1631 287/3079/1633 288/4292/1634
f 490/4308/1635 483/4347/1636 291/118/1637
f 490/4308/1635 291/118/1637 280/36/1638
f 487/588/1639 478/4274/1640 382/3302/1641
f 487/588/1639 382/3302/1641 458/3965/1642
usemtl brickwall1
f 497/4269/1643 503/1859/1644 354/2072/1645
f 497/4269/1643 354/2072/1645 352/2677/1646
f 503/1859/1647 499/1431/1648 356/201/1649
f 503/1859/1647 356/201/1649 354/2072/1650
f 496/802/1651 502/477/1652 350/496/1653
f 496/802/1651 350/496/1653 348/2985/1654
usemtl stonetrims
f 500/1257/1655 495/1849/1656 320/566/1657
f 500/1257/1655 320/566/1657 319/3039/1658
f 493/395/1659 494/3972/1660 324/605/1661
f 493/395/1659 324/605/1661 323/3190/1662
f 498/1956/1663 500/1257/1664 319/3039/1665
f 498/1956/1663 319/3039/1665 328/13/1666
usemtl brickwall1
f 501/4437/1667 496/802/1668 348/2985/1669
f 501/4437/1667 348/2985/1669 333/4122/1670
f 499/1431/1671 357/1739/1672 356/201/1673
f 502/477/1674 497/4269/1675 352/2677/1676
f 502/477/1674 352/2677/1676 350/496/1677
usemtl stonetrims
f 501/4245/1678 498/1956/1679 328/13/1680
f 501/4245/1678 328/13/1680 331/3174/1681
f 495/1849/1682 493/395/1683 323/3190/1684
f 495/1849/1682 323/3190/1684 320/566/1685
f 494/3972/1686 379/4059/1687 327/4628/1688
f 494/3972/1686 327/4628/1688 324/605/1689
usemtl brickwall1
f 514/4069/1690 507/3688/1691 351/1300/1692
f 514/4069/1690 351/1300/1692 353/510/1693
usemtl stonetrims
f 512/4162/1694 504/4698/1695 306/3649/1696
f 512/4162/1694 306/3649/1696 307/4465/1697
f 513/135/1698 511/1424/1699 310/2199/1700
f 513/135/1698 310/2199/1700 312/2292/1701
f 508/2264/1702 506/1349/1703 311/2001/1704
f 508/2264/1702 311/2001/1704 316/3464/1705
usemtl brickwall1
f 507/3688/1706 510/3806/1707 349/2938/1708
f 507/3688/1706 349/2938/1708 351/1300/1709
f 358/82/1710 509/3365/1711 355/3735/1712
f 510/3806/1713 505/2355/1714 347/668/1715
f 510/3806/1713 347/668/1715 349/2938/1716
f 509/3365/1717 514/4069/1718 353/510/1719
f 509/3365/1717 353/510/1719 355/3735/1720
f 505/2355/1721 506/1731/1722 334/3838/1723
f 505/2355/1721 334/3838/1723 347/668/1724
usemtl stonetrims
f 511/1424/1725 512/4162/1726 307/4465/1727
f 511/1424/1725 307/4465/1727 310/2199/1728
f 346/177/1729 513/135/1730 312/2292/1731
f 346/177/1729 312/2292/1731 315/3346/1732
f 504/4698/1733 508/2264/1734 316/3464/1735
f 504/4698/1733 316/3464/1735 306/3649/1736
f 517/1779/1737 527/94/1738 727/2037/1739
f 517/1779/1737 727/2037/1739 716/4148/1740
usemtl brickwall1
f 571/1444/1741 573/2314/1742 708/480/1743
f 571/1444/1741 708/480/1743 712/2888/1744
f 573/2314/1745 575/638/1746 703/3437/1747
f 573/2314/1745 703/3437/1747 708/480/1748
f 575/638/1749 577/1266/1750 710/2806/1751
f 575/638/1749 710/2806/1751 703/3437/1752
f 577/1266/1753 579/599/1754 702/741/1755
f 577/1266/1753 702/741/1755 710/2806/1756
f 579/599/1757 706/2517/1758 702/741/1759
f 568/1260/1760 604/2878/1761 733/1826/1762
f 568/1260/1760 733/1826/1762 736/4693/1763
f 574/343/1764 739/4511/1765 747/3630/1766
f 574/343/1764 747/3630/1766 576/415/1767
f 576/415/1768 747/3630/1769 746/2619/1770
f 576/415/1768 746/2619/1770 578/2892/1771
f 578/2892/1772 746/2619/1773 748/3755/1774
f 578/2892/1772 748/3755/1774 580/18/1775
f 580/18/1776 748/3755/1777 581/38/1778
usemtl stonetrims
f 561/2341/1779 565/2210/1780 737/3892/1781
f 561/2341/1779 737/3892/1781 731/2265/1782
f 536/3386/1783 540/709/1784 709/3821/1785
f 536/3386/1783 709/3821/1785 699/1513/1786
usemtl brickwall1
f 605/3690/1787 717/1915/1788 719/4468/1789
f 605/3690/1787 719/4468/1789 607/1913/1790
f 607/1913/1791 719/4468/1792 726/2893/1793
f 607/1913/1791 726/2893/1793 609/1287/1794
f 609/1287/1795 726/2893/1796 718/1673/1797
f 609/1287/1795 718/1673/1797 611/2705/1798
f 611/2705/1799 718/1673/1800 725/3993/1801
f 611/2705/1799 725/3993/1801 613/3172/1802
f 613/3172/1803 725/3993/1804 723/3914/1805
f 570/4600/1806 571/1444/1807 712/2888/1808
f 570/4600/1806 712/2888/1808 699/357/1809
f 606/526/1810 608/3500/1811 730/2277/1812
f 606/526/1810 730/2277/1812 735/3374/1813
f 608/3500/1814 610/1203/1815 728/4687/1816
f 608/3500/1814 728/4687/1816 730/2277/1817
f 610/1203/1818 612/1993/1819 729/1143/1820
f 610/1203/1818 729/1143/1820 728/4687/1821
f 612/1993/1822 614/1017/1823 729/1143/1824
f 604/2878/1825 606/526/1826 735/3374/1827
f 604/2878/1825 735/3374/1827 733/1826/1828
usemtl stonetrims
f 539/4097/1829 530/4711/1830 711/2546/1831
f 539/4097/1829 711/2546/1831 701/4089/1832
f 531/2134/1833 535/1423/1834 704/3239/1835
f 531/2134/1833 704/3239/1835 707/2811/1836
f 530/4711/1837 534/4176/1838 700/3596/1839
f 530/4711/1837 700/3596/1839 711/2546/1840
f 535/1423/1841 539/4097/1842 701/4089/1843
f 535/1423/1841 701/4089/1843 704/3239/1844
usemtl brickwall1
f 572/3641/1845 743/2030/1846 739/4511/1847
f 572/3641/1845 739/4511/1847 574/343/1848
usemtl stonetrims
f 520/2466/1849 516/109/1850 714/718/1851
f 520/2466/1849 714/718/1851 721/3261/1852
f 525/4075/1853 521/1110/1854 724/1120/1855
f 525/4075/1853 724/1120/1855 715/3235/1856
f 566/287/1857 561/2341/1858 731/2265/1859
f 566/287/1857 731/2265/1859 736/4533/1860
f 524/1330/1861 520/2466/1862 721/3261/1863
f 524/1330/1861 721/3261/1863 713/2794/1864
f 516/109/1865 525/4075/1866 715/3235/1867
f 516/109/1865 715/3235/1867 714/718/1868
f 521/1110/1869 517/1779/1870 716/4148/1871
f 521/1110/1869 716/4148/1871 724/1120/1872
f 564/4639/1873 556/157/1874 592/3537/1875
f 564/4639/1873 592/3537/1875 734/3904/1876
f 557/438/1877 560/1184/1878 738/3973/1879
f 557/438/1877 738/3973/1879 732/1994/1880
f 540/709/1881 531/2134/1882 707/2811/1883
f 540/709/1881 707/2811/1883 709/3821/1884
f 560/1184/1885 564/4639/1886 734/3904/1887
f 560/1184/1885 734/3904/1887 738/3973/1888
f 565/2210/1889 557/438/1890 732/1994/1891
f 565/2210/1889 732/1994/1891 737/3892/1892
usemtl brickwall1
f 567/642/1893 727/1946/1894 717/1915/1895
f 567/642/1893 717/1915/1895 605/3690/1896
usemtl stonetrims
f 543/1418/1897 552/1295/1898 744/941/1899
f 543/1418/1897 744/941/1899 593/2706/1900
f 548/1868/1901 544/834/1902 742/1892/1903
f 548/1868/1901 742/1892/1903 749/3520/1904
f 553/380/1905 549/3234/1906 740/3632/1907
f 553/380/1905 740/3632/1907 745/2055/1908
usemtl brickwall1
f 569/961/1909 741/3547/1910 743/2030/1911
f 569/961/1909 743/2030/1911 572/3641/1912
usemtl stonetrims
f 552/1295/1913 548/1868/1914 749/3520/1915
f 552/1295/1913 749/3520/1915 744/941/1916
f 544/834/1917 553/380/1918 745/2055/1919
f 544/834/1917 745/2055/1919 742/1892/1920
f 549/3234/1921 546/2311/1922 741/1674/1923
f 549/3234/1921 741/1674/1923 740/3632/1924
f 586/682/1925 584/422/1926 652/1284/1927
f 586/682/1925 652/1284/1927 650/2778/1928
f 567/3024/1929 605/4390/1930 666/3863/1931
f 567/3024/1929 666/3863/1931 622/1804/1932
f 585/1534/1933 587/2882/1934 651/3667/1935
f 585/1534/1933 651/3667/1935 653/3380/1936
f 571/3773/1937 570/333/1938 621/2048/1939
f 571/3773/1937 621/2048/1939 632/1795/1940
f 569/2727/1941 572/3605/1942 633/3662/1943
f 569/2727/1941 633/3662/1943 623/1406/1944
f 573/3930/1945 571/3773/1946 632/1795/1947
f 573/3930/1945 632/1795/1947 630/4588/1948
f 588/524/1949 586/682/1950 650/2778/1951
f 588/524/1949 650/2778/1951 648/527/1952
f 606/984/1953 604/852/1954 665/2909/1955
f 606/984/1953 665/2909/1955 663/2686/1956
f 572/3605/1957 574/1343/1958 631/4043/1959
f 572/3605/1957 631/4043/1959 633/3662/1960
f 587/2882/1961 589/1864/1962 649/318/1963
f 587/2882/1961 649/318/1963 651/3667/1964
f 605/4390/1965 607/465/1966 664/1161/1967
f 605/4390/1965 664/1161/1967 666/3863/1968
f 575/4156/1969 573/3930/1970 630/4588/1971
f 575/4156/1969 630/4588/1971 628/1991/1972
f 590/3954/1973 588/524/1974 648/527/1975
f 590/3954/1973 648/527/1975 645/3628/1976
f 608/3748/1977 606/984/1978 663/2686/1979
f 608/3748/1977 663/2686/1979 661/3364/1980
f 574/1343/1981 576/4376/1982 629/3893/1983
f 574/1343/1981 629/3893/1983 631/4043/1984
f 589/1864/1985 591/1472/1986 646/3005/1987
f 589/1864/1985 646/3005/1987 649/318/1988
f 607/465/1989 609/2515/1990 662/4309/1991
f 607/465/1989 662/4309/1991 664/1161/1992
f 577/979/1993 575/4156/1994 628/1991/1995
f 577/979/1993 628/1991/1995 626/3195/1996
f 593/4174/1997 590/3954/1998 645/3628/1999
f 593/4174/1997 645/3628/1999 618/2946/2000
f 610/2498/2001 608/3748/2002 661/3364/2003
f 610/2498/2001 661/3364/2003 659/2936/2004
f 576/4376/2005 578/1571/2006 627/2658/2007
f 576/4376/2005 627/2658/2007 629/3893/2008
f 609/2515/2009 611/195/2010 660/271/2011
f 609/2515/2009 660/271/2011 662/4309/2012
f 591/1472/2013 592/3058/2014 647/4609/2015
f 591/1472/2013 647/4609/2015 646/3005/2016
f 625/1436/2017 615/2259/2018 616/1419/2019
f 625/1436/2017 616/1419/2019 624/1950/2020
f 627/2658/2021 625/1436/2022 624/1950/2023
f 627/2658/2021 624/1950/2023 626/3195/2024
f 629/3893/2025 627/2658/2026 626/3195/2027
f 629/3893/2025 626/3195/2027 628/1991/2028
f 631/4043/2029 629/3893/2030 628/1991/2031
f 631/4043/2029 628/1991/2031 630/4588/2032
f 633/3662/2033 631/4043/2034 630/4588/2035
f 633/3662/2033 630/4588/2035 632/1795/2036
f 617/398/2037 635/572/2038 636/3426/2039
f 617/398/2037 636/3426/2039 634/3860/2040
f 635/572/2041 637/2118/2042 638/3987/2043
f 635/572/2041 638/3987/2043 636/3426/2044
f 637/2118/2045 639/4225/2046 640/1378/2047
f 637/2118/2045 640/1378/2047 638/3987/2048
f 639/4225/2049 641/2541/2050 642/2860/2051
f 639/4225/2049 642/2860/2051 640/1378/2052
f 641/2541/2053 643/4046/2054 644/1475/2055
f 641/2541/2053 644/1475/2055 642/2860/2056
f 646/3005/2057 647/4609/2058 618/2946/2059
f 646/3005/2057 618/2946/2059 645/3628/2060
f 649/318/2061 646/3005/2062 645/3628/2063
f 649/318/2061 645/3628/2063 648/527/2064
f 651/3667/2065 649/318/2066 648/527/2067
f 651/3667/2065 648/527/2067 650/2778/2068
f 653/3380/2069 651/3667/2070 650/2778/2071
f 653/3380/2069 650/2778/2071 652/1284/2072
f 655/3659/2073 653/3380/2074 652/1284/2075
f 655/3659/2073 652/1284/2075 654/1842/2076
f 643/4046/2077 622/1308/2078 621/396/2079
f 643/4046/2077 621/396/2079 644/1475/2080
f 620/1816/2081 655/3659/2082 654/1842/2083
f 620/1816/2081 654/1842/2083 623/785/2084
f 657/2211/2085 658/1007/2086 619/3964/2087
f 657/2211/2085 619/3964/2087 656/3717/2088
f 660/271/2089 657/2211/2090 656/3717/2091
f 660/271/2089 656/3717/2091 659/2936/2092
f 662/4309/2093 660/271/2094 659/2936/2095
f 662/4309/2093 659/2936/2095 661/3364/2096
f 664/1161/2097 662/4309/2098 661/3364/2099
f 664/1161/2097 661/3364/2099 663/2686/2100
f 666/3863/2101 664/1161/2102 663/2686/2103
f 666/3863/2101 663/2686/2103 665/2909/2104
f 623/1406/2105 633/3662/2106 632/1795/2107
f 623/1406/2105 632/1795/2107 621/2048/2108
f 622/1804/2109 666/3863/2110 665/2909/2111
f 622/1804/2109 665/2909/2111 620/1123/2112
f 604/852/2113 568/3709/2114 620/1123/2115
f 604/852/2113 620/1123/2115 665/2909/2116
f 603/4423/2117 700/4469/2118 634/3860/2119
f 603/4423/2117 634/3860/2119 636/3426/2120
f 583/383/2121 585/1534/2122 653/3380/2123
f 583/383/2121 653/3380/2123 655/3659/2124
f 602/204/2125 600/3844/2126 637/2118/2127
f 602/204/2125 637/2118/2127 635/572/2128
f 584/422/2129 582/1362/2130 654/1842/2131
f 584/422/2129 654/1842/2131 652/1284/2132
f 594/1564/2133 567/1697/2134 622/1308/2135
f 594/1564/2133 622/1308/2135 643/4046/2136
f 601/1782/2137 603/4423/2138 636/3426/2139
f 601/1782/2137 636/3426/2139 638/3987/2140
f 570/4610/2141 595/4350/2142 644/1475/2143
f 570/4610/2141 644/1475/2143 621/396/2144
f 600/3844/2145 598/3477/2146 639/4225/2147
f 600/3844/2145 639/4225/2147 637/2118/2148
f 568/1953/2149 583/383/2150 655/3659/2151
f 568/1953/2149 655/3659/2151 620/1816/2152
f 582/1362/2153 569/897/2154 623/785/2155
f 582/1362/2153 623/785/2155 654/1842/2156
f 599/1548/2157 601/1782/2158 638/3987/2159
f 599/1548/2157 638/3987/2159 640/1378/2160
f 598/3477/2161 596/2532/2162 641/2541/2163
f 598/3477/2161 641/2541/2163 639/4225/2164
f 613/804/2165 723/319/2166 658/1007/2167
f 613/804/2165 658/1007/2167 657/2211/2168
f 580/3071/2169 581/206/2170 615/2259/2171
f 580/3071/2169 615/2259/2171 625/1436/2172
f 597/3772/2173 599/1548/2174 640/1378/2175
f 597/3772/2173 640/1378/2175 642/2860/2176
f 614/1974/2177 612/4521/2178 656/3717/2179
f 614/1974/2177 656/3717/2179 619/3964/2180
f 596/2532/2181 594/1564/2182 643/4046/2183
f 596/2532/2181 643/4046/2183 641/2541/2184
f 611/195/2185 613/804/2186 657/2211/2187
f 611/195/2185 657/2211/2187 660/271/2188
f 595/4350/2189 597/3772/2190 642/2860/2191
f 595/4350/2189 642/2860/2191 644/1475/2192
f 578/1571/2193 580/3071/2194 625/1436/2195
f 578/1571/2193 625/1436/2195 627/2658/2196
f 612/4521/2197 610/2498/2198 659/2936/2199
f 612/4521/2197 659/2936/2199 656/3717/2200
f 579/3265/2201 577/979/2202 626/3195/2203
f 579/3265/2201 626/3195/2203 624/1950/2204
f 622/3188/2205 620/1346/2206 670/3957/2207
f 622/3188/2205 670/3957/2207 668/1252/2208
f 623/4044/2209 621/3106/2210 667/1638/2211
f 623/4044/2209 667/1638/2211 672/1460/2212
f 620/3257/2213 623/1637/2214 672/1685/2215
f 620/3257/2213 672/1685/2215 670/2934/2216
f 669/2741/2217 673/447/2218 667/1003/2219
f 668/1619/2220 677/627/2221 675/2846/2222
f 668/1619/2220 675/2846/2222 669/2741/2223
f 670/2410/2224 674/2014/2225 671/2847/2226
f 672/2972/2227 673/447/2228 674/2014/2229
f 671/2847/2230 674/2014/2231 676/1347/2232
f 671/2847/2230 676/1347/2232 675/2846/2233
f 672/1460/2234 667/1638/2235 673/1049/2236
f 667/2697/2237 668/1274/2238 669/1365/2239
f 668/1252/2240 670/3957/2241 671/2073/2242
f 668/1252/2240 671/2073/2242 677/16/2243
f 670/2934/2244 672/1685/2245 674/372/2246
f 669/2741/2247 676/1347/2248 673/447/2249
usemtl brickwall1
f 675/4656/2250 677/293/2251 671/4667/2252
usemtl stonetrims
f 673/447/2253 676/1347/2254 674/2014/2255
f 675/2846/2256 676/1347/2257 669/2741/2258
f 528/2904/2259 706/1926/2260 687/2756/2261
f 528/2904/2259 687/2756/2261 680/1751/2262
f 593/4174/2263 618/2946/2264 694/29/2265
f 593/4174/2263 694/29/2265 689/649/2266
f 581/471/2267 550/442/2268 683/1497/2269
f 581/471/2267 683/1497/2269 686/1499/2270
f 543/1418/2271 593/2706/2272 689/1832/2273
f 543/1418/2271 689/1832/2273 682/1319/2274
f 634/3860/2275 700/4469/2276 705/4190/2277
f 634/3860/2275 705/4190/2277 696/3453/2278
f 592/3537/2279 556/157/2280 684/198/2281
f 592/3537/2279 684/198/2281 688/999/2282
f 619/3964/2283 658/1007/2284 698/182/2285
f 619/3964/2283 698/182/2285 695/4263/2286
f 615/2259/2287 581/206/2288 686/2915/2289
f 615/2259/2287 686/2915/2289 691/896/2290
f 647/4609/2291 592/3058/2292 688/3131/2293
f 647/4609/2291 688/3131/2293 697/26/2294
f 562/199/2295 614/1198/2296 690/523/2297
f 562/199/2295 690/523/2297 685/518/2298
f 617/398/2299 634/3860/2300 696/3453/2301
f 617/398/2299 696/3453/2301 693/4288/2302
f 658/1007/2303 723/319/2304 720/1711/2305
f 658/1007/2303 720/1711/2305 698/182/2306
f 723/993/2307 518/750/2308 678/2310/2309
f 723/993/2307 678/2310/2309 720/3786/2310
f 618/2946/2311 647/4609/2312 697/26/2313
f 618/2946/2311 697/26/2313 694/29/2314
f 700/3596/2315 534/4176/2316 681/3111/2317
f 700/3596/2315 681/3111/2317 705/1714/2318
f 616/1419/2319 615/2259/2320 691/896/2321
f 616/1419/2319 691/896/2321 692/4380/2322
f 524/1330/2323 713/2794/2324 722/3277/2325
f 524/1330/2323 722/3277/2325 679/4486/2326
f 614/1974/2327 619/3964/2328 695/4263/2329
f 614/1974/2327 695/4263/2329 690/1156/2330
f 621/1978/2331 622/307/2332 668/1274/2333
f 621/1978/2331 668/1274/2333 667/2697/2334
f 712/3021/2335 708/3442/2336 532/4566/2337
f 712/3021/2335 532/4566/2337 529/2240/2338
f 703/679/2339 710/3175/2340 537/4436/2341
f 703/679/2339 537/4436/2341 533/1344/2342
f 702/2992/2343 706/1926/2344 528/2904/2345
f 702/2992/2343 528/2904/2345 538/3661/2346
f 706/3141/2347 579/3265/2348 624/1950/2349
f 706/3141/2347 624/1950/2349 616/1419/2350
usemtl brickwall1
f 707/3104/2351 704/4450/2352 599/3200/2353
f 707/3104/2351 599/3200/2353 597/3771/2354
f 704/4450/2355 701/935/2356 601/3161/2357
f 704/4450/2355 601/3161/2357 599/3200/2358
usemtl stonetrims
f 687/2983/2359 706/3141/2360 616/1419/2361
f 687/2983/2359 616/1419/2361 692/4380/2362
f 708/3442/2363 703/679/2364 533/1344/2365
f 708/3442/2363 533/1344/2365 532/4566/2366
f 710/3175/2367 702/2992/2368 538/3661/2369
f 710/3175/2367 538/3661/2369 537/4436/2370
usemtl brickwall1
f 709/3828/2371 707/3104/2372 597/3771/2373
f 709/3828/2371 597/3771/2373 595/2590/2374
f 699/357/2375 709/3828/2376 595/2590/2377
f 699/357/2375 595/2590/2377 570/4600/2378
usemtl stonetrims
f 699/1513/2379 712/3021/2380 529/2240/2381
f 699/1513/2379 529/2240/2381 536/3386/2382
usemtl brickwall1
f 701/935/2383 711/4180/2384 603/4421/2385
f 701/935/2383 603/4421/2385 601/3161/2386
f 711/4180/2387 700/389/2388 603/4421/2389
f 715/1350/2390 724/662/2391 596/2587/2392
f 715/1350/2390 596/2587/2392 598/4293/2393
f 713/553/2394 721/4364/2395 602/4611/2396
f 724/662/2397 716/2050/2398 594/1461/2399
f 724/662/2397 594/1461/2399 596/2587/2400
usemtl stonetrims
f 717/2175/2401 727/2037/2402 527/94/2403
f 717/2175/2401 527/94/2403 519/846/2404
f 719/1984/2405 717/2175/2406 519/846/2407
f 719/1984/2405 519/846/2407 522/210/2408
f 718/1449/2409 726/3286/2410 523/1393/2411
f 718/1449/2409 523/1393/2411 526/1960/2412
f 723/993/2413 725/1408/2414 515/1886/2415
f 723/993/2413 515/1886/2415 518/750/2416
f 713/1375/2417 602/204/2418 635/572/2419
f 713/1375/2417 635/572/2419 617/398/2420
usemtl brickwall1
f 721/4364/2421 714/1790/2422 600/4481/2423
f 721/4364/2421 600/4481/2423 602/4611/2424
f 714/1790/2425 715/1350/2426 598/4293/2427
f 714/1790/2425 598/4293/2427 600/4481/2428
f 716/2050/2429 727/1946/2430 567/642/2431
f 716/2050/2429 567/642/2431 594/1461/2432
usemtl stonetrims
f 726/3286/2433 719/1984/2434 522/210/2435
f 726/3286/2433 522/210/2435 523/1393/2436
f 725/1408/2437 718/1449/2438 526/1960/2439
f 725/1408/2437 526/1960/2439 515/1886/2440
f 722/2403/2441 713/1375/2442 617/398/2443
f 722/2403/2441 617/398/2443 693/4288/2444
usemtl brickwall1
f 732/1369/2445 738/2153/2446 589/3916/2447
f 732/1369/2445 589/3916/2447 587/4519/2448
f 738/2153/2449 734/3296/2450 591/2031/2451
f 738/2153/2449 591/2031/2451 589/3916/2452
f 731/2661/2453 737/758/2454 585/783/2455
f 731/2661/2453 585/783/2455 583/95/2456
usemtl stonetrims
f 735/1559/2457 730/3682/2458 555/2388/2459
f 735/1559/2457 555/2388/2459 554/158/2460
f 728/2250/2461 729/4296/2462 559/863/2463
f 728/2250/2461 559/863/2463 558/300/2464
f 733/3803/2465 735/1559/2466 554/158/2467
f 733/3803/2465 554/158/2467 563/1867/2468
usemtl brickwall1
f 736/4693/2469 731/2661/2470 583/95/2471
f 736/4693/2469 583/95/2471 568/1260/2472
f 734/3296/2473 592/3552/2474 591/2031/2475
f 737/758/2476 732/1369/2477 587/4519/2478
f 737/758/2476 587/4519/2478 585/783/2479
usemtl stonetrims
f 736/4533/2480 733/3803/2481 563/1867/2482
f 736/4533/2480 563/1867/2482 566/287/2483
f 730/3682/2484 728/2250/2485 558/300/2486
f 730/3682/2484 558/300/2486 555/2388/2487
f 729/4296/2488 614/1198/2489 562/199/2490
f 729/4296/2488 562/199/2490 559/863/2491
usemtl brickwall1
f 749/1209/2492 742/808/2493 586/3147/2494
f 749/1209/2492 586/3147/2494 588/791/2495
usemtl stonetrims
f 747/1289/2496 739/270/2497 541/774/2498
f 747/1289/2496 541/774/2498 542/1581/2499
f 748/432/2500 746/3290/2501 545/4028/2502
f 748/432/2500 545/4028/2502 547/4106/2503
f 743/4080/2504 741/1674/2505 546/2311/2506
f 743/4080/2504 546/2311/2506 551/3749/2507
usemtl brickwall1
f 742/808/2508 745/926/2509 584/52/2510
f 742/808/2508 584/52/2510 586/3147/2511
f 593/1921/2512 744/460/2513 590/849/2514
f 745/926/2515 740/4194/2516 582/2476/2517
f 745/926/2515 582/2476/2517 584/52/2518
f 744/460/2519 749/1209/2520 588/791/2521
f 744/460/2519 588/791/2521 590/849/2522
f 740/4194/2523 741/3547/2524 569/961/2525
f 740/4194/2523 569/961/2525 582/2476/2526
usemtl stonetrims
f 746/3290/2527 747/1289/2528 542/1581/2529
f 746/3290/2527 542/1581/2529 545/4028/2530
f 581/471/2531 748/432/2532 547/4106/2533
f 581/471/2531 547/4106/2533 550/442/2534
f 739/270/2535 743/4080/2536 551/3749/2537
f 739/270/2535 551/3749/2537 541/774/2538
f 752/3597/2539 762/392/2540 962/2338/2541
f 752/3597/2539 962/2338/2541 951/4470/2542
usemtl brickwall1
f 806/3310/2543 808/4134/2544 943/2328/2545
f 806/3310/2543 943/2328/2545 947/3189/2546
f 808/4134/2547 810/2453/2548 938/574/2549
f 808/4134/2547 938/574/2549 943/2328/2550
f 810/2453/2551 812/1570/2552 945/4645/2553
f 810/2453/2551 945/4645/2553 938/574/2554
f 812/1570/2555 814/2412/2556 937/1015/2557
f 812/1570/2555 937/1015/2557 945/4645/2558
f 814/2412/2559 941/4399/2560 937/1015/2561
f 803/3094/2562 839/3177/2563 968/3656/2564
f 803/3094/2562 968/3656/2564 971/1823/2565
f 809/2185/2566 974/1655/2567 982/3909/2568
f 809/2185/2566 982/3909/2568 811/2273/2569
f 811/2273/2570 982/3909/2571 981/4483/2572
f 811/2273/2570 981/4483/2572 813/5/2573
f 813/5/2574 981/4483/2575 983/865/2576
f 813/5/2574 983/865/2576 815/311/2577
f 815/311/2578 983/865/2579 816/1889/2580
usemtl stonetrims
f 796/4172/2581 800/4038/2582 972/1004/2583
f 796/4172/2581 972/1004/2583 966/2533/2584
f 771/491/2585 775/2528/2586 944/942/2587
f 771/491/2585 944/942/2587 934/1803/2588
usemtl brickwall1
f 840/810/2589 952/3765/2590 954/1583/2591
f 840/810/2589 954/1583/2591 842/3764/2592
f 842/3764/2593 954/1583/2594 961/6/2595
f 842/3764/2593 961/6/2595 844/3126/2596
f 844/3126/2597 961/6/2598 953/3491/2599
f 844/3126/2597 953/3491/2599 846/4550/2600
f 846/4550/2601 953/3491/2602 960/1130/2603
f 846/4550/2601 960/1130/2603 848/285/2604
f 848/285/2605 960/1130/2606 958/1030/2607
f 805/1748/2608 806/3310/2609 947/3189/2610
f 805/1748/2608 947/3189/2610 934/2196/2611
f 841/2362/2612 843/635/2613 965/2547/2614
f 841/2362/2612 965/2547/2614 970/470/2615
f 843/635/2616 845/3041/2617 963/1817/2618
f 843/635/2616 963/1817/2618 965/2547/2619
f 845/3041/2620 847/3839/2621 964/2986/2622
f 845/3041/2620 964/2986/2622 963/1817/2623
f 847/3839/2624 849/2875/2625 964/2986/2626
f 839/3177/2627 841/2362/2628 970/470/2629
f 839/3177/2627 970/470/2629 968/3656/2630
usemtl stonetrims
f 774/1242/2631 765/1836/2632 946/2839/2633
f 774/1242/2631 946/2839/2633 936/4426/2634
f 766/3963/2635 770/1740/2636 939/3514/2637
f 766/3963/2635 939/3514/2637 942/4652/2638
f 765/1836/2639 769/1301/2640 935/3881/2641
f 765/1836/2639 935/3881/2641 946/2839/2642
f 770/1740/2643 774/1242/2644 936/4426/2645
f 770/1740/2643 936/4426/2645 939/3514/2646
usemtl brickwall1
f 807/765/2647 978/3873/2648 974/1655/2649
f 807/765/2647 974/1655/2649 809/2185/2650
usemtl stonetrims
f 755/4343/2651 751/1948/2652 949/2542/2653
f 755/4343/2651 949/2542/2653 956/362/2654
f 760/4414/2655 756/2954/2656 959/2962/2657
f 760/4414/2655 959/2962/2657 950/336/2658
f 801/2129/2659 796/4172/2660 966/2533/2661
f 801/2129/2659 966/2533/2661 971/1676/2662
f 759/3185/2663 755/4343/2664 956/362/2665
f 759/3185/2663 956/362/2665 948/4633/2666
f 751/1948/2667 760/4414/2668 950/336/2669
f 751/1948/2667 950/336/2669 949/2542/2670
f 756/2954/2671 752/3597/2672 951/4470/2673
f 756/2954/2671 951/4470/2673 959/2962/2674
f 799/1780/2675 791/451/2676 827/675/2677
f 799/1780/2675 827/675/2677 969/4205/2678
f 792/2296/2679 795/3019/2680 973/1107/2681
f 792/2296/2679 973/1107/2681 967/2305/2682
f 775/2528/2683 766/3963/2684 942/4652/2685
f 775/2528/2683 942/4652/2685 944/942/2686
f 795/3019/2687 799/1780/2688 969/4205/2689
f 795/3019/2687 969/4205/2689 973/1107/2690
f 800/4038/2691 792/2296/2692 967/2305/2693
f 800/4038/2691 967/2305/2693 972/1004/2694
usemtl brickwall1
f 802/2455/2695 962/3797/2696 952/3765/2697
f 802/2455/2695 952/3765/2697 840/810/2698
usemtl stonetrims
f 778/3282/2699 787/3142/2700 979/1243/2701
f 778/3282/2699 979/1243/2701 828/4551/2702
f 783/3702/2703 779/2695/2704 977/3733/2705
f 783/3702/2703 977/3733/2705 984/663/2706
f 788/2233/2707 784/334/2708 975/753/2709
f 788/2233/2707 975/753/2709 980/3899/2710
usemtl brickwall1
f 804/2816/2711 976/689/2712 978/3873/2713
f 804/2816/2711 978/3873/2713 807/765/2714
usemtl stonetrims
f 787/3142/2715 783/3702/2716 984/663/2717
f 787/3142/2715 984/663/2717 979/1243/2718
f 779/2695/2719 788/2233/2720 980/3899/2721
f 779/2695/2719 980/3899/2721 977/3733/2722
f 784/334/2723 781/4132/2724 976/3493/2725
f 784/334/2723 976/3493/2725 975/753/2726
f 821/953/2727 819/722/2728 887/3123/2729
f 821/953/2727 887/3123/2729 885/4618/2730
f 802/144/2731 840/1491/2732 901/983/2733
f 802/144/2731 901/983/2733 857/2069/2734
f 820/3382/2735 822/4729/2736 886/3951/2737
f 820/3382/2735 886/3951/2737 888/483/2738
f 806/882/2739 805/2180/2740 856/3894/2741
f 806/882/2739 856/3894/2741 867/3618/2742
f 804/4570/2743 807/3889/2744 868/792/2745
f 804/4570/2743 868/792/2745 858/3271/2746
f 808/1055/2747 806/882/2748 867/3618/2749
f 808/1055/2747 867/3618/2749 865/1729/2750
f 823/2361/2751 821/953/2752 885/4618/2753
f 823/2361/2751 885/4618/2753 883/2364/2754
f 841/2837/2755 839/2718/2756 900/24/2757
f 841/2837/2755 900/24/2757 898/4528/2758
f 807/3889/2759 809/1667/2760 866/1178/2761
f 807/3889/2759 866/1178/2761 868/792/2762
f 822/4729/2763 824/3697/2764 884/636/2765
f 822/4729/2763 884/636/2765 886/3951/2766
f 840/1491/2767 842/2317/2768 899/3002/2769
f 840/1491/2767 899/3002/2769 901/983/2770
f 810/1285/2771 808/1055/2772 865/1729/2773
f 810/1285/2771 865/1729/2773 863/3836/2774
f 825/1082/2775 823/2361/2776 883/2364/2777
f 825/1082/2775 883/2364/2777 880/751/2778
f 843/857/2779 841/2837/2780 898/4528/2781
f 843/857/2779 898/4528/2781 896/459/2782
f 809/1667/2783 811/1476/2784 864/1005/2785
f 809/1667/2783 864/1005/2785 866/1178/2786
f 824/3697/2787 826/3336/2788 881/124/2789
f 824/3697/2787 881/124/2789 884/636/2790
f 842/2317/2791 844/4397/2792 897/1409/2793
f 842/2317/2791 897/1409/2793 899/3002/2794
f 812/2832/2795 810/1285/2796 863/3836/2797
f 812/2832/2795 863/3836/2797 861/3472/2798
f 828/1298/2799 825/1082/2800 880/751/2801
f 828/1298/2799 880/751/2801 853/62/2802
f 845/4381/2803 843/857/2804 896/459/2805
f 845/4381/2803 896/459/2805 894/51/2806
f 811/1476/2807 813/3412/2808 862/4507/2809
f 811/1476/2807 862/4507/2809 864/1005/2810
f 844/4397/2811 846/2026/2812 895/2106/2813
f 844/4397/2811 895/2106/2813 897/1409/2814
f 826/3336/2815 827/185/2816 882/1755/2817
f 826/3336/2815 882/1755/2817 881/124/2818
f 860/3303/2819 850/4076/2820 851/3283/2821
f 860/3303/2819 851/3283/2821 859/3799/2822
f 862/4507/2823 860/3303/2824 859/3799/2825
f 862/4507/2823 859/3799/2825 861/3472/2826
f 864/1005/2827 862/4507/2828 861/3472/2829
f 864/1005/2827 861/3472/2829 863/3836/2830
f 866/1178/2831 864/1005/2832 863/3836/2833
f 866/1178/2831 863/3836/2833 865/1729/2834
f 868/792/2835 866/1178/2836 865/1729/2837
f 868/792/2835 865/1729/2837 867/3618/2838
f 852/2253/2839 870/2392/2840 871/549/2841
f 852/2253/2839 871/549/2841 869/4149/2842
f 870/2392/2843 872/3948/2844 873/1126/2845
f 870/2392/2843 873/1126/2845 871/549/2846
f 872/3948/2847 874/1340/2848 875/3248/2849
f 872/3948/2847 875/3248/2849 873/1126/2850
f 874/1340/2851 876/4424/2852 877/4702/2853
f 874/1340/2851 877/4702/2853 875/3248/2854
f 876/4424/2855 878/4378/2856 879/3339/2857
f 876/4424/2855 879/3339/2857 877/4702/2858
f 881/124/2859 882/1755/2860 853/62/2861
f 881/124/2859 853/62/2861 880/751/2862
f 884/636/2863 881/124/2864 880/751/2865
f 884/636/2863 880/751/2865 883/2364/2866
f 886/3951/2867 884/636/2868 883/2364/2869
f 886/3951/2867 883/2364/2869 885/4618/2870
f 888/483/2871 886/3951/2872 885/4618/2873
f 888/483/2871 885/4618/2873 887/3123/2874
f 890/788/2875 888/483/2876 887/3123/2877
f 890/788/2875 887/3123/2877 889/2131/2878
f 878/4378/2879 857/1624/2880 856/2251/2881
f 878/4378/2879 856/2251/2881 879/3339/2882
f 855/3647/2883 890/788/2884 889/2131/2885
f 855/3647/2883 889/2131/2885 858/2629/2886
f 892/4039/2887 893/2862/2888 854/1096/2889
f 892/4039/2887 854/1096/2889 891/835/2890
f 895/2106/2891 892/4039/2892 891/835/2893
f 895/2106/2891 891/835/2893 894/51/2894
f 897/1409/2895 895/2106/2896 894/51/2897
f 897/1409/2895 894/51/2897 896/459/2898
f 899/3002/2899 897/1409/2900 896/459/2901
f 899/3002/2899 896/459/2901 898/4528/2902
f 901/983/2903 899/3002/2904 898/4528/2905
f 901/983/2903 898/4528/2905 900/24/2906
f 858/3271/2907 868/792/2908 867/3618/2909
f 858/3271/2907 867/3618/2909 856/3894/2910
f 857/2069/2911 901/983/2912 900/24/2913
f 857/2069/2911 900/24/2913 855/2964/2914
f 839/2718/2915 803/824/2916 855/2964/2917
f 839/2718/2915 855/2964/2917 900/24/2918
f 838/1530/2919 935/1585/2920 869/4149/2921
f 838/1530/2919 869/4149/2921 871/549/2922
f 818/2235/2923 820/3382/2924 888/483/2925
f 818/2235/2923 888/483/2925 890/788/2926
f 837/2033/2927 835/968/2928 872/3948/2929
f 837/2033/2927 872/3948/2929 870/2392/2930
f 819/722/2931 817/3224/2932 889/2131/2933
f 819/722/2931 889/2131/2933 887/3123/2934
f 829/3407/2935 802/1947/2936 857/1624/2937
f 829/3407/2935 857/1624/2937 878/4378/2938
f 836/3601/2939 838/1530/2940 871/549/2941
f 836/3601/2939 871/549/2941 873/1126/2942
f 805/1757/2943 830/1451/2944 879/3339/2945
f 805/1757/2943 879/3339/2945 856/2251/2946
f 835/968/2947 833/611/2948 874/1340/2949
f 835/968/2947 874/1340/2949 872/3948/2950
f 803/3802/2951 818/2235/2952 890/788/2953
f 803/3802/2951 890/788/2953 855/3647/2954
f 817/3224/2955 804/2764/2956 858/2629/2957
f 817/3224/2955 858/2629/2957 889/2131/2958
f 834/3394/2959 836/3601/2960 873/1126/2961
f 834/3394/2959 873/1126/2961 875/3248/2962
f 833/611/2963 831/4416/2964 876/4424/2965
f 833/611/2963 876/4424/2965 874/1340/2966
f 848/2664/2967 958/2171/2968 893/2862/2969
f 848/2664/2967 893/2862/2969 892/4039/2970
f 815/3383/2971 816/492/2972 850/4076/2973
f 815/3383/2971 850/4076/2973 860/3303/2974
f 832/881/2975 834/3394/2976 875/3248/2977
f 832/881/2975 875/3248/2977 877/4702/2978
f 849/3822/2979 847/1666/2980 891/835/2981
f 849/3822/2979 891/835/2981 854/1096/2982
f 831/4416/2983 829/3407/2984 878/4378/2985
f 831/4416/2983 878/4378/2985 876/4424/2986
f 846/2026/2987 848/2664/2988 892/4039/2989
f 846/2026/2987 892/4039/2989 895/2106/2990
f 830/1451/2991 832/881/2992 877/4702/2993
f 830/1451/2991 877/4702/2993 879/3339/2994
f 813/3412/2995 815/3383/2996 860/3303/2997
f 813/3412/2995 860/3303/2997 862/4507/2998
f 847/1666/2999 845/4381/3000 894/51/3001
f 847/1666/2999 894/51/3001 891/835/3002
f 814/366/3003 812/2832/3004 861/3472/3005
f 814/366/3003 861/3472/3005 859/3799/3006
f 857/298/3007 855/1670/3008 905/1086/3009
f 857/298/3007 905/1086/3009 903/1553/3010
f 858/1179/3011 856/231/3012 902/3458/3013
f 858/1179/3011 902/3458/3013 907/3324/3014
f 855/3532/3015 858/3459/3016 907/3508/3017
f 855/3532/3015 907/3508/3017 905/3243/3018
f 904/4584/3019 908/2302/3020 902/2858/3021
f 903/1880/3022 912/2442/3023 910/3139/3024
f 903/1880/3022 910/3139/3024 904/4584/3025
f 905/4279/3026 909/3861/3027 906/4691/3028
f 907/87/3029 908/2302/3030 909/3861/3031
f 906/4691/3032 909/3861/3033 911/3210/3034
f 906/4691/3032 911/3210/3034 910/3139/3035
f 907/3324/3036 902/3458/3037 908/2908/3038
f 902/4543/3039 903/3108/3040 904/3232/3041
f 903/1553/3042 905/1086/3043 906/3915/3044
f 903/1553/3042 906/3915/3044 912/1869/3045
f 905/3243/3046 907/3508/3047 909/678/3048
f 904/4584/3049 911/3210/3050 908/2302/3051
usemtl brickwall1
f 910/1791/3052 912/2137/3053 906/227/3054
usemtl stonetrims
f 908/2302/3055 911/3210/3056 909/3861/3057
f 910/3139/3058 911/3210/3059 904/4584/3060
f 763/20/3061 941/3777/3062 922/4598/3063
f 763/20/3061 922/4598/3063 915/3565/3064
f 828/1298/3065 853/62/3066 929/320/3067
f 828/1298/3065 929/320/3067 924/2459/3068
f 816/2320/3069 785/2299/3070 918/3358/3071
f 816/2320/3069 918/3358/3071 921/3360/3072
f 778/3282/3073 828/4551/3074 924/2112/3075
f 778/3282/3073 924/2112/3075 917/1636/3076
f 869/4149/3077 935/1585/3078 940/4494/3079
f 869/4149/3077 940/4494/3079 931/591/3080
f 827/675/3081 791/451/3082 919/2029/3083
f 827/675/3081 919/2029/3083 923/2852/3084
f 854/1096/3085 893/2862/3086 933/478/3087
f 854/1096/3085 933/478/3087 930/1364/3088
f 850/4076/3089 816/492/3090 921/30/3091
f 850/4076/3089 921/30/3091 926/2763/3092
f 882/1755/3093 827/185/3094 923/252/3095
f 882/1755/3093 923/252/3095 932/316/3096
f 797/2032/3097 849/1498/3098 925/2359/3099
f 797/2032/3097 925/2359/3099 920/2356/3100
f 852/2253/3101 869/4149/3102 931/591/3103
f 852/2253/3101 931/591/3103 928/1388/3104
f 893/2862/3105 958/2171/3106 955/3530/3107
f 893/2862/3105 955/3530/3107 933/478/3108
f 958/2842/3109 753/2588/3110 913/4130/3111
f 958/2842/3109 913/4130/3111 955/898/3112
f 853/62/3113 882/1755/3114 932/316/3115
f 853/62/3113 932/316/3115 929/320/3116
f 935/3881/3117 769/1301/3118 916/235/3119
f 935/3881/3117 916/235/3119 940/3534/3120
f 851/3283/3121 850/4076/3122 926/2763/3123
f 851/3283/3121 926/2763/3123 927/1480/3124
f 759/3185/3125 948/4633/3126 957/378/3127
f 759/3185/3125 957/378/3127 914/1616/3128
f 849/3822/3129 854/1096/3130 930/1364/3131
f 849/3822/3129 930/1364/3131 925/2995/3132
f 856/3827/3133 857/2158/3134 903/3108/3135
f 856/3827/3133 903/3108/3135 902/4543/3136
f 947/141/3137 943/577/3138 767/1705/3139
f 947/141/3137 767/1705/3139 764/4063/3140
f 938/950/3141 945/288/3142 772/1544/3143
f 938/950/3141 772/1544/3143 768/3206/3144
f 937/107/3145 941/3777/3146 763/20/3147
f 937/107/3145 763/20/3147 773/790/3148
f 941/260/3149 814/366/3150 859/3799/3151
f 941/260/3149 859/3799/3151 851/3283/3152
usemtl brickwall1
f 942/230/3153 939/4709/3154 834/3478/3155
f 942/230/3153 834/3478/3155 832/880/3156
f 939/4709/3157 936/2793/3158 836/279/3159
f 939/4709/3157 836/279/3159 834/3478/3160
usemtl stonetrims
f 922/92/3161 941/260/3162 851/3283/3163
f 922/92/3161 851/3283/3163 927/1480/3164
f 943/577/3165 938/950/3166 768/3206/3167
f 943/577/3165 768/3206/3167 767/1705/3168
f 945/288/3169 937/107/3170 773/790/3171
f 945/288/3169 773/790/3171 772/1544/3172
usemtl brickwall1
f 944/951/3173 942/230/3174 832/880/3175
f 944/951/3173 832/880/3175 830/2880/3176
f 934/2196/3177 944/951/3178 830/2880/3179
f 934/2196/3177 830/2880/3179 805/1748/3180
usemtl stonetrims
f 934/1803/3181 947/141/3182 764/4063/3183
f 934/1803/3181 764/4063/3183 771/491/3184
usemtl brickwall1
f 936/2793/3185 946/1305/3186 838/4683/3187
f 936/2793/3185 838/4683/3187 836/279/3188
f 946/1305/3189 935/2241/3190 838/4683/3191
f 950/1675/3192 959/920/3193 831/4462/3194
f 950/1675/3192 831/4462/3194 833/1394/3195
f 948/817/3196 956/1466/3197 837/175/3198
f 959/920/3199 951/2349/3200 829/1772/3201
f 959/920/3199 829/1772/3201 831/4462/3202
usemtl stonetrims
f 952/4004/3203 962/2338/3204 762/392/3205
f 952/4004/3203 762/392/3205 754/2707/3206
f 954/2298/3207 952/4004/3208 754/2707/3209
f 954/2298/3207 754/2707/3209 757/2042/3210
f 953/1763/3211 961/384/3212 758/1713/3213
f 953/1763/3211 758/1713/3213 761/3807/3214
f 958/2842/3215 960/3274/3216 750/3728/3217
f 958/2842/3215 750/3728/3217 753/2588/3218
f 948/3244/3219 837/2033/3220 870/2392/3221
f 948/3244/3219 870/2392/3221 852/2253/3222
usemtl brickwall1
f 956/1466/3223 949/3612/3224 835/1604/3225
f 956/1466/3223 835/1604/3225 837/175/3226
f 949/3612/3227 950/1675/3228 833/1394/3229
f 949/3612/3227 833/1394/3229 835/1604/3230
f 951/2349/3231 962/3797/3232 802/2455/3233
f 951/2349/3231 802/2455/3233 829/1772/3234
usemtl stonetrims
f 961/384/3235 954/2298/3236 757/2042/3237
f 961/384/3235 757/2042/3237 758/1713/3238
f 960/3274/3239 953/1763/3240 761/3807/3241
f 960/3274/3239 761/3807/3241 750/3728/3242
f 957/4271/3243 948/3244/3244 852/2253/3245
f 957/4271/3243 852/2253/3245 928/1388/3246
usemtl brickwall1
f 967/3237/3247 973/3976/3248 824/1032/3249
f 967/3237/3247 824/1032/3249 822/1664/3250
f 973/3976/3251 969/393/3252 826/3874/3253
f 973/3976/3251 826/3874/3253 824/1032/3254
f 966/2947/3255 972/2598/3256 820/2625/3257
f 966/2947/3255 820/2625/3257 818/1936/3258
usemtl stonetrims
f 970/3403/3259 965/803/3260 790/4246/3261
f 970/3403/3259 790/4246/3261 789/453/3262
f 963/4072/3263 964/1398/3264 794/2732/3265
f 963/4072/3263 794/2732/3265 793/608/3266
f 968/923/3267 970/3403/3268 789/453/3269
f 968/923/3267 789/453/3269 798/2161/3270
usemtl brickwall1
f 971/1823/3271 966/2947/3272 818/1936/3273
f 971/1823/3271 818/1936/3273 803/3094/3274
f 969/393/3275 827/696/3276 826/3874/3277
f 972/2598/3278 967/3237/3279 822/1664/3280
f 972/2598/3278 822/1664/3280 820/2625/3281
usemtl stonetrims
f 971/1676/3282 968/923/3283 798/2161/3284
f 971/1676/3282 798/2161/3284 801/2129/3285
f 965/803/3286 963/4072/3287 793/608/3288
f 965/803/3286 793/608/3288 790/4246/3289
f 964/1398/3290 849/1498/3291 797/2032/3292
f 964/1398/3290 797/2032/3292 794/2732/3293
usemtl brickwall1
f 984/3045/3294 977/1108/3295 821/265/3296
f 984/3045/3294 821/265/3296 823/2640/3297
usemtl stonetrims
f 982/3133/3298 974/2104/3299 776/2617/3300
f 982/3133/3298 776/2617/3300 777/3419/3301
f 983/2293/3302 981/387/3303 780/1163/3304
f 983/2293/3302 780/1163/3304 782/1248/3305
f 978/1218/3306 976/3493/3307 781/4132/3308
f 978/1218/3306 781/4132/3308 786/858/3309
usemtl brickwall1
f 977/1108/3310 980/2786/3311 819/353/3312
f 977/1108/3310 819/353/3312 821/265/3313
f 828/2228/3314 979/2312/3315 825/2712/3316
f 980/2786/3317 975/1313/3318 817/2788/3319
f 980/2786/3317 817/2788/3319 819/353/3320
f 979/2312/3321 984/3045/3322 823/2640/3323
f 979/2312/3321 823/2640/3323 825/2712/3324
f 975/1313/3325 976/689/3326 804/2816/3327
f 975/1313/3325 804/2816/3327 817/2788/3328
usemtl stonetrims
f 981/387/3329 982/3133/3330 777/3419/3331
f 981/387/3329 777/3419/3331 780/1163/3332
f 816/2320/3333 983/2293/3334 782/1248/3335
f 816/2320/3333 782/1248/3335 785/2299/3336
f 974/2104/3337 978/1218/3338 786/858/3339
f 974/2104/3337 786/858/3339 776/2617/3340
f 987/725/3341 997/2248/3342 1197/4168/3343
f 987/725/3341 1197/4168/3343 1186/1588/3344
usemtl brickwall1
f 1041/405/3345 1043/1271/3346 1178/4155/3347
f 1041/405/3345 1178/4155/3347 1182/299/3348
f 1043/1271/3349 1045/2757/3350 1173/2394/3351
f 1043/1271/3349 1173/2394/3351 1178/4155/3352
f 1045/2757/3353 1047/3411/3354 1180/211/3355
f 1045/2757/3353 1180/211/3355 1173/2394/3356
f 1047/3411/3357 1049/4281/3358 1172/2873/3359
f 1047/3411/3357 1172/2873/3359 1180/211/3360
f 1049/4281/3361 1176/4665/3362 1172/2873/3363
f 1038/222/3364 1074/290/3365 1203/786/3366
f 1038/222/3364 1203/786/3366 1206/3653/3367
f 1044/2468/3368 1209/3471/3369 1217/1024/3370
f 1044/2468/3368 1217/1024/3370 1046/4086/3371
f 1046/4086/3372 1217/1024/3373 1216/1606/3374
f 1046/4086/3372 1216/1606/3374 1048/1861/3375
f 1048/1861/3376 1216/1606/3377 1218/1164/3378
f 1048/1861/3376 1218/1164/3378 1050/2164/3379
f 1050/2164/3380 1218/1164/3381 1051/3731/3382
usemtl stonetrims
f 1031/1296/3383 1035/1172/3384 1207/2859/3385
f 1031/1296/3383 1207/2859/3385 1201/4417/3386
f 1006/2337/3387 1010/2831/3388 1179/2802/3389
f 1006/2337/3387 1179/2802/3389 1169/3633/3390
usemtl brickwall1
f 1075/2672/3391 1187/873/3392 1189/3421/3393
f 1075/2672/3391 1189/3421/3393 1077/871/3394
f 1077/871/3395 1189/3421/3396 1196/1862/3397
f 1077/871/3395 1196/1862/3397 1079/3430/3398
f 1079/3430/3399 1196/1862/3400 1188/629/3401
f 1079/3430/3399 1188/629/3401 1081/1689/3402
f 1081/1689/3403 1188/629/3404 1195/1420/3405
f 1081/1689/3403 1195/1420/3405 1083/2127/3406
f 1083/2127/3407 1195/1420/3408 1193/2889/3409
f 1040/1999/3410 1041/405/3411 1182/299/3412
f 1040/1999/3410 1182/299/3412 1169/2477/3413
f 1076/2651/3414 1078/888/3415 1200/4429/3416
f 1076/2651/3414 1200/4429/3416 1205/755/3417
f 1078/888/3418 1080/162/3419 1198/3648/3420
f 1078/888/3418 1198/3648/3420 1200/4429/3421
f 1080/162/3422 1082/962/3423 1199/3298/3424
f 1080/162/3422 1199/3298/3424 1198/3648/3425
f 1082/962/3426 1084/4716/3427 1199/3298/3428
f 1074/290/3429 1076/2651/3430 1205/755/3431
f 1074/290/3429 1205/755/3431 1203/786/3432
usemtl stonetrims
f 1009/1545/3433 1000/2121/3434 1181/4685/3435
f 1009/1545/3433 1181/4685/3435 1171/1535/3436
f 1001/1095/3437 1005/3553/3438 1174/654/3439
f 1001/1095/3437 1174/654/3439 1177/1788/3440
f 1000/2121/3441 1004/1615/3442 1170/997/3443
f 1000/2121/3441 1170/997/3443 1181/4685/3444
f 1005/3553/3445 1009/1545/3446 1171/1535/3447
f 1005/3553/3445 1171/1535/3447 1174/654/3448
usemtl brickwall1
f 1042/2604/3449 1213/989/3450 1209/3471/3451
f 1042/2604/3449 1209/3471/3451 1044/2468/3452
usemtl stonetrims
f 990/1445/3453 986/2266/3454 1184/4425/3455
f 990/1445/3453 1184/4425/3455 1191/2206/3456
f 995/1520/3457 991/72/3458 1194/3273/3459
f 995/1520/3457 1194/3273/3459 1185/2182/3460
f 1036/2411/3461 1031/1296/3462 1201/4417/3463
f 1036/2411/3461 1201/4417/3463 1206/3494/3464
f 994/296/3465 990/1445/3466 1191/2206/3467
f 994/296/3465 1191/2206/3467 1183/1774/3468
f 986/2266/3469 995/1520/3470 1185/2182/3471
f 986/2266/3469 1185/2182/3471 1184/4425/3472
f 991/72/3473 987/725/3474 1186/1588/3475
f 991/72/3473 1186/1588/3475 1194/3273/3476
f 1034/3598/3477 1026/2306/3478 1062/2489/3479
f 1034/3598/3477 1062/2489/3479 1204/1324/3480
f 1027/4111/3481 1030/140/3482 1208/2950/3483
f 1027/4111/3481 1208/2950/3483 1202/4125/3484
f 1010/2831/3485 1001/1095/3486 1177/1788/3487
f 1010/2831/3485 1177/1788/3487 1179/2802/3488
f 1030/140/3489 1034/3598/3490 1204/1324/3491
f 1030/140/3489 1204/1324/3491 1208/2950/3492
f 1035/1172/3493 1027/4111/3494 1202/4125/3495
f 1035/1172/3493 1202/4125/3495 1207/2859/3496
usemtl brickwall1
f 1037/4329/3497 1197/913/3498 1187/873/3499
f 1037/4329/3497 1187/873/3499 1075/2672/3500
usemtl stonetrims
f 1013/3550/3501 1022/3434/3502 1214/3077/3503
f 1013/3550/3501 1214/3077/3503 1063/98/3504
f 1018/819/3505 1014/4541/3506 1212/4012/3507
f 1018/819/3505 1212/4012/3507 1219/921/3508
f 1023/4055/3509 1019/2181/3510 1210/1026/3511
f 1023/4055/3509 1210/1026/3511 1215/4189/3512
usemtl brickwall1
f 1039/4660/3513 1211/2505/3514 1213/989/3515
f 1039/4660/3513 1213/989/3515 1042/2604/3516
usemtl stonetrims
f 1022/3434/3517 1018/819/3518 1219/921/3519
f 1022/3434/3517 1219/921/3519 1214/3077/3520
f 1014/4541/3521 1023/4055/3522 1215/4189/3523
f 1014/4541/3521 1215/4189/3523 1212/4012/3524
f 1019/2181/3525 1016/1268/3526 1211/630/3527
f 1019/2181/3525 1211/630/3527 1210/1026/3528
f 1056/2810/3529 1054/2551/3530 1122/244/3531
f 1056/2810/3529 1122/244/3531 1120/1764/3532
f 1037/443/3533 1075/1793/3534 1136/2836/3535
f 1037/443/3533 1136/2836/3535 1092/3912/3536
f 1055/486/3537 1057/295/3538 1121/1078/3539
f 1055/486/3537 1121/1078/3539 1123/2329/3540
f 1041/2747/3541 1040/4007/3542 1091/1006/3543
f 1041/2747/3541 1091/1006/3543 1102/742/3544
f 1039/1709/3545 1042/1001/3546 1103/2641/3547
f 1039/1709/3545 1103/2641/3547 1093/3540/3548
f 1043/2913/3549 1041/2747/3550 1102/742/3551
f 1043/2913/3549 1102/742/3551 1100/3545/3552
f 1058/4199/3553 1056/2810/3554 1120/1764/3555
f 1058/4199/3553 1120/1764/3555 1118/4206/3556
f 1076/3121/3557 1074/4560/3558 1135/1877/3559
f 1076/3121/3557 1135/1877/3559 1133/1671/3560
f 1042/1001/3561 1044/3486/3562 1101/3013/3563
f 1042/1001/3561 1101/3013/3563 1103/2641/3564
f 1057/295/3565 1059/3978/3566 1119/2451/3567
f 1057/295/3565 1119/2451/3567 1121/1078/3568
f 1075/1793/3569 1077/4140/3570 1134/120/3571
f 1075/1793/3569 1134/120/3571 1136/2836/3572
f 1045/3124/3573 1043/2913/3574 1100/3545/3575
f 1045/3124/3573 1100/3545/3575 1098/4120/3576
f 1060/2935/3577 1058/4199/3578 1118/4206/3579
f 1060/2935/3577 1118/4206/3579 1115/2589/3580
f 1078/2723/3581 1076/3121/3582 1133/1671/3583
f 1078/2723/3581 1133/1671/3583 1131/747/3584
f 1044/3486/3585 1046/3340/3586 1099/1307/3587
f 1044/3486/3585 1099/1307/3587 1101/3013/3588
f 1059/3978/3589 1061/428/3590 1116/1966/3591
f 1059/3978/3589 1116/1966/3591 1119/2451/3592
f 1077/4140/3593 1079/1500/3594 1132/1728/3595
f 1077/4140/3593 1132/1728/3595 1134/120/3596
f 1047/3115/3597 1045/3124/3598 1098/4120/3599
f 1047/3115/3597 1098/4120/3599 1096/610/3600
f 1063/3145/3601 1060/2935/3602 1115/2589/3603
f 1063/3145/3601 1115/2589/3603 1088/1903/3604
f 1080/1482/3605 1078/2723/3606 1131/747/3607
f 1080/1482/3605 1131/747/3607 1129/1897/3608
f 1046/3340/3609 1048/529/3610 1097/58/3611
f 1046/3340/3609 1097/58/3611 1099/1307/3612
f 1079/1500/3613 1081/3870/3614 1130/3936/3615
f 1079/1500/3613 1130/3936/3615 1132/1728/3616
f 1061/428/3617 1062/2015/3618 1117/3568/3619
f 1061/428/3617 1117/3568/3619 1116/1966/3620
f 1095/399/3621 1085/1213/3622 1086/3551/3623
f 1095/399/3621 1086/3551/3623 1094/917/3624
f 1097/58/3625 1095/399/3626 1094/917/3627
f 1097/58/3625 1094/917/3627 1096/610/3628
f 1099/1307/3629 1097/58/3630 1096/610/3631
f 1099/1307/3629 1096/610/3631 1098/4120/3632
f 1101/3013/3633 1099/1307/3634 1098/4120/3635
f 1101/3013/3633 1098/4120/3635 1100/3545/3636
f 1103/2641/3637 1101/3013/3638 1100/3545/3639
f 1103/2641/3637 1100/3545/3639 1102/742/3640
f 1087/4073/3641 1105/4251/3642 1106/815/3643
f 1087/4073/3641 1106/815/3643 1104/1279/3644
f 1105/4251/3645 1107/1076/3646 1108/2968/3647
f 1105/4251/3645 1108/2968/3647 1106/815/3648
f 1107/1076/3649 1109/3202/3650 1110/351/3651
f 1107/1076/3649 1110/351/3651 1108/2968/3652
f 1109/3202/3653 1111/1531/3654 1112/1830/3655
f 1109/3202/3653 1112/1830/3655 1110/351/3656
f 1111/1531/3657 1113/1478/3658 1114/435/3659
f 1111/1531/3657 1114/435/3659 1112/1830/3660
f 1116/1966/3661 1117/3568/3662 1088/1903/3663
f 1116/1966/3661 1088/1903/3663 1115/2589/3664
f 1119/2451/3665 1116/1966/3666 1115/2589/3667
f 1119/2451/3665 1115/2589/3667 1118/4206/3668
f 1121/1078/3669 1119/2451/3670 1118/4206/3671
f 1121/1078/3669 1118/4206/3671 1120/1764/3672
f 1123/2329/3673 1121/1078/3674 1120/1764/3675
f 1123/2329/3673 1120/1764/3675 1122/244/3676
f 1125/2638/3677 1123/2329/3678 1122/244/3679
f 1125/2638/3677 1122/244/3679 1124/3961/3680
f 1113/1478/3681 1092/3444/3682 1091/2525/3683
f 1113/1478/3681 1091/2525/3683 1114/435/3684
f 1090/769/3685 1125/2638/3686 1124/3961/3687
f 1090/769/3685 1124/3961/3687 1093/4488/3688
f 1127/1173/3689 1128/4705/3690 1089/2943/3691
f 1127/1173/3689 1089/2943/3691 1126/2696/3692
f 1130/3936/3693 1127/1173/3694 1126/2696/3695
f 1130/3936/3693 1126/2696/3695 1129/1897/3696
f 1132/1728/3697 1130/3936/3698 1129/1897/3699
f 1132/1728/3697 1129/1897/3699 1131/747/3700
f 1134/120/3701 1132/1728/3702 1131/747/3703
f 1134/120/3701 1131/747/3703 1133/1671/3704
f 1136/2836/3705 1134/120/3706 1133/1671/3707
f 1136/2836/3705 1133/1671/3707 1135/1877/3708
f 1093/3540/3709 1103/2641/3710 1102/742/3711
f 1093/3540/3709 1102/742/3711 1091/1006/3712
f 1092/3912/3713 1136/2836/3714 1135/1877/3715
f 1092/3912/3713 1135/1877/3715 1090/78/3716
f 1074/4560/3717 1038/2689/3718 1090/78/3719
f 1074/4560/3717 1090/78/3719 1135/1877/3720
f 1073/1811/3721 1170/1856/3722 1104/1279/3723
f 1073/1811/3721 1104/1279/3723 1106/815/3724
f 1053/4057/3725 1055/486/3726 1123/2329/3727
f 1053/4057/3725 1123/2329/3727 1125/2638/3728
f 1072/3876/3729 1070/2821/3730 1107/1076/3731
f 1072/3876/3729 1107/1076/3731 1105/4251/3732
f 1054/2551/3733 1052/324/3734 1124/3961/3735
f 1054/2551/3733 1124/3961/3735 1122/244/3736
f 1064/525/3737 1037/3798/3738 1092/3444/3739
f 1064/525/3737 1092/3444/3739 1113/1478/3740
f 1071/728/3741 1073/1811/3742 1106/815/3743
f 1071/728/3741 1106/815/3743 1108/2968/3744
f 1040/3572/3745 1065/3317/3746 1114/435/3747
f 1040/3572/3745 1114/435/3747 1091/2525/3748
f 1070/2821/3749 1068/2428/3750 1109/3202/3751
f 1070/2821/3749 1109/3202/3751 1107/1076/3752
f 1038/922/3753 1053/4057/3754 1125/2638/3755
f 1038/922/3753 1125/2638/3755 1090/769/3756
f 1052/324/3757 1039/4607/3758 1093/4488/3759
f 1052/324/3757 1093/4488/3759 1124/3961/3760
f 1069/503/3761 1071/728/3762 1108/2968/3763
f 1069/503/3761 1108/2968/3763 1110/351/3764
f 1068/2428/3765 1066/1523/3766 1111/1531/3767
f 1068/2428/3765 1111/1531/3767 1109/3202/3768
f 1083/2948/3769 1193/3999/3770 1128/4705/3771
f 1083/2948/3769 1128/4705/3771 1127/1173/3772
f 1050/487/3773 1051/2339/3774 1085/1213/3775
f 1050/487/3773 1085/1213/3775 1095/399/3776
f 1067/1191/3777 1069/503/3778 1110/351/3779
f 1067/1191/3777 1110/351/3779 1112/1830/3780
f 1084/4101/3781 1082/3482/3782 1126/2696/3783
f 1084/4101/3781 1126/2696/3783 1089/2943/3784
f 1066/1523/3785 1064/525/3786 1113/1478/3787
f 1066/1523/3785 1113/1478/3787 1111/1531/3788
f 1081/3870/3789 1083/2948/3790 1127/1173/3791
f 1081/3870/3789 1127/1173/3791 1130/3936/3792
f 1065/3317/3793 1067/1191/3794 1112/1830/3795
f 1065/3317/3793 1112/1830/3795 1114/435/3796
f 1048/529/3797 1050/487/3798 1095/399/3799
f 1048/529/3797 1095/399/3799 1097/58/3800
f 1082/3482/3801 1080/1482/3802 1129/1897/3803
f 1082/3482/3801 1129/1897/3803 1126/2696/3804
f 1049/2212/3805 1047/3115/3806 1096/610/3807
f 1049/2212/3805 1096/610/3807 1094/917/3808
f 1092/2147/3809 1090/3488/3810 1140/1376/3811
f 1092/2147/3809 1140/1376/3811 1138/3398/3812
f 1093/1474/3813 1091/2068/3814 1137/3743/3815
f 1093/1474/3813 1137/3743/3815 1142/421/3816
f 1090/670/3817 1093/3744/3818 1142/643/3819
f 1090/670/3817 1142/643/3819 1140/344/3820
f 1139/139/3821 1143/4121/3822 1137/3155/3823
f 1138/3719/3824 1147/4318/3825 1145/258/3826
f 1138/3719/3824 1145/258/3826 1139/139/3827
f 1140/4564/3828 1144/981/3829 1141/1821/3830
f 1142/1924/3831 1143/4121/3832 1144/981/3833
f 1141/1821/3834 1144/981/3835 1146/3489/3836
f 1141/1821/3834 1146/3489/3836 1145/258/3837
f 1142/421/3838 1137/3743/3839 1143/23/3840
f 1137/1684/3841 1138/233/3842 1139/332/3843
f 1138/3398/3844 1140/1376/3845 1141/1031/3846
f 1138/3398/3844 1141/1031/3846 1147/2162/3847
f 1140/344/3848 1142/643/3849 1144/2494/3850
f 1139/139/3851 1146/3489/3852 1143/4121/3853
usemtl brickwall1
f 1145/3614/3854 1147/2415/3855 1141/2063/3856
usemtl stonetrims
f 1143/4121/3857 1146/3489/3858 1144/981/3859
f 1145/258/3860 1146/3489/3861 1139/139/3862
f 998/1873/3863 1176/887/3864 1157/1745/3865
f 998/1873/3863 1157/1745/3865 1150/705/3866
f 1063/3145/3867 1088/1903/3868 1164/2172/3869
f 1063/3145/3867 1164/2172/3869 1159/4336/3870
f 1051/4146/3871 1020/4115/3872 1153/452/3873
f 1051/4146/3871 1153/452/3873 1156/454/3874
f 1013/3550/3875 1063/98/3876 1159/3942/3877
f 1013/3550/3875 1159/3942/3877 1152/3456/3878
f 1104/1279/3879 1170/1856/3880 1175/1629/3881
f 1104/1279/3879 1175/1629/3881 1166/851/3882
f 1062/2489/3883 1026/2306/3884 1154/2331/3885
f 1062/2489/3883 1154/2331/3885 1158/3148/3886
f 1089/2943/3887 1128/4705/3888 1168/2324/3889
f 1089/2943/3887 1168/2324/3889 1165/3230/3890
f 1085/1213/3891 1051/2339/3892 1156/321/3893
f 1085/1213/3891 1156/321/3893 1161/4606/3894
f 1117/3568/3895 1062/2015/3896 1158/2089/3897
f 1117/3568/3895 1158/2089/3897 1167/2169/3898
f 1032/3875/3899 1084/3359/3900 1160/2647/3901
f 1032/3875/3899 1160/2647/3901 1155/4195/3902
f 1087/4073/3903 1104/1279/3904 1166/851/3905
f 1087/4073/3903 1166/851/3905 1163/3256/3906
f 1128/4705/3907 1193/3999/3908 1190/669/3909
f 1128/4705/3907 1190/669/3909 1168/2324/3910
f 1193/4688/3911 988/4463/3912 1148/1267/3913
f 1193/4688/3911 1148/1267/3913 1190/2765/3914
f 1088/1903/3915 1117/3568/3916 1167/2169/3917
f 1088/1903/3915 1167/2169/3917 1164/2172/3918
f 1170/997/3919 1004/1615/3920 1151/542/3921
f 1170/997/3919 1151/542/3921 1175/3819/3922
f 1086/3551/3923 1085/1213/3924 1161/4606/3925
f 1086/3551/3923 1161/4606/3925 1162/3344/3926
f 994/296/3927 1183/1774/3928 1192/2229/3929
f 994/296/3927 1192/2229/3929 1149/3439/3930
f 1084/4101/3931 1089/2943/3932 1165/3230/3933
f 1084/4101/3931 1165/3230/3933 1160/111/3934
f 1091/952/3935 1092/3979/3936 1138/233/3937
f 1091/952/3935 1138/233/3937 1137/1684/3938
f 1182/1983/3939 1178/2397/3940 1002/1957/3941
f 1182/1983/3939 1002/1957/3941 999/1202/3942
f 1173/2807/3943 1180/2130/3944 1007/3388/3945
f 1173/2807/3943 1007/3388/3945 1003/309/3946
f 1172/406/3947 1176/887/3948 998/1873/3949
f 1172/406/3947 998/1873/3949 1008/1070/3950
f 1176/569/3951 1049/2212/3952 1094/917/3953
f 1176/569/3951 1094/917/3953 1086/3551/3954
usemtl brickwall1
f 1177/531/3955 1174/1835/3956 1069/612/3957
f 1177/531/3955 1069/612/3957 1067/2746/3958
f 1174/1835/3959 1171/4632/3960 1071/2116/3961
f 1174/1835/3959 1071/2116/3961 1069/612/3962
usemtl stonetrims
f 1157/1933/3963 1176/569/3964 1086/3551/3965
f 1157/1933/3963 1086/3551/3965 1162/3344/3966
f 1178/2397/3967 1173/2807/3968 1003/309/3969
f 1178/2397/3967 1003/309/3969 1002/1957/3970
f 1180/2130/3971 1172/406/3972 1008/1070/3973
f 1180/2130/3971 1008/1070/3973 1007/3388/3974
usemtl brickwall1
f 1179/2808/3975 1177/531/3976 1067/2746/3977
f 1179/2808/3975 1067/2746/3977 1065/4727/3978
f 1169/2477/3979 1179/2808/3980 1065/4727/3981
f 1169/2477/3979 1065/4727/3981 1040/1999/3982
usemtl stonetrims
f 1169/3633/3983 1182/1983/3984 999/1202/3985
f 1169/3633/3983 999/1202/3985 1006/2337/3986
usemtl brickwall1
f 1171/4632/3987 1181/3153/3988 1073/1809/3989
f 1171/4632/3987 1073/1809/3989 1071/2116/3990
f 1181/3153/3991 1170/4064/3992 1073/1809/3993
f 1185/3495/3994 1194/2781/3995 1066/4724/3996
f 1185/3495/3994 1066/4724/3996 1068/3259/3997
f 1183/2679/3998 1191/3331/3999 1072/2010/4000
f 1194/2781/4001 1186/4183/4002 1064/3593/4003
f 1194/2781/4001 1064/3593/4003 1066/4724/4004
usemtl stonetrims
f 1187/4332/4005 1197/4168/4006 997/2248/4007
f 1187/4332/4005 997/2248/4007 989/4552/4008
f 1189/4113/4009 1187/4332/4010 989/4552/4011
f 1189/4113/4009 989/4552/4011 992/3886/4012
f 1188/3577/4013 1196/2236/4014 993/3533/4015
f 1188/3577/4013 993/3533/4015 996/927/4016
f 1193/4688/4017 1195/376/4018 985/4006/4019
f 1193/4688/4017 985/4006/4019 988/4463/4020
f 1183/348/4021 1072/3876/4022 1105/4251/4023
f 1183/348/4021 1105/4251/4023 1087/4073/4024
usemtl brickwall1
f 1191/3331/4025 1184/736/4026 1070/3431/4027
f 1191/3331/4025 1070/3431/4027 1072/2010/4028
f 1184/736/4029 1185/3495/4030 1068/3259/4031
f 1184/736/4029 1068/3259/4031 1070/3431/4032
f 1186/4183/4033 1197/913/4034 1037/4329/4035
f 1186/4183/4033 1037/4329/4035 1064/3593/4036
usemtl stonetrims
f 1196/2236/4037 1189/4113/4038 992/3886/4039
f 1196/2236/4037 992/3886/4039 993/3533/4040
f 1195/376/4041 1188/3577/4042 996/927/4043
f 1195/376/4041 996/927/4043 985/4006/4044
f 1192/4553/4045 1183/348/4046 1087/4073/4047
f 1192/4553/4045 1087/4073/4047 1163/3256/4048
usemtl brickwall1
f 1202/339/4049 1208/1112/4050 1059/2890/4051
f 1202/339/4049 1059/2890/4051 1057/3479/4052
f 1208/1112/4053 1204/2249/4054 1061/990/4055
f 1208/1112/4053 1061/990/4055 1059/2890/4056
f 1201/61/4057 1207/4471/4058 1055/4485/4059
f 1201/61/4057 1055/4485/4059 1053/3787/4060
usemtl stonetrims
f 1205/515/4061 1200/2662/4062 1025/1352/4063
f 1205/515/4061 1025/1352/4063 1024/2308/4064
f 1198/1212/4065 1199/3262/4066 1029/4573/4067
f 1198/1212/4065 1029/4573/4067 1028/2422/4068
f 1203/2784/4069 1205/515/4070 1024/2308/4071
f 1203/2784/4069 1024/2308/4071 1033/3984/4072
usemtl brickwall1
f 1206/3653/4073 1201/61/4074 1053/3787/4075
f 1206/3653/4073 1053/3787/4075 1038/222/4076
f 1204/2249/4077 1062/2512/4078 1061/990/4079
f 1207/4471/4080 1202/339/4081 1057/3479/4082
f 1207/4471/4080 1057/3479/4082 1055/4485/4083
usemtl stonetrims
f 1206/3494/4084 1203/2784/4085 1033/3984/4086
f 1206/3494/4084 1033/3984/4086 1036/2411/4087
f 1200/2662/4088 1198/1212/4089 1028/2422/4090
f 1200/2662/4088 1028/2422/4090 1025/1352/4091
f 1199/3262/4092 1084/3359/4093 1032/3875/4094
f 1199/3262/4092 1032/3875/4094 1029/4573/4095
usemtl brickwall1
f 1219/166/4096 1212/2951/4097 1056/2099/4098
f 1219/166/4096 1056/2099/4098 1058/4492/4099
usemtl stonetrims
f 1217/254/4100 1209/3935/4101 1011/2906/4102
f 1217/254/4100 1011/2906/4102 1012/541/4103
f 1218/4107/4104 1216/2239/4105 1015/3003/4106
f 1218/4107/4104 1015/3003/4106 1017/1549/4107
f 1213/1524/4108 1211/630/4109 1016/1268/4110
f 1213/1524/4108 1016/1268/4110 1021/2725/4111
usemtl brickwall1
f 1212/2951/4112 1215/3066/4113 1054/2193/4114
f 1212/2951/4112 1054/2193/4114 1056/2099/4115
f 1063/4052/4116 1214/2586/4117 1060/2991/4118
f 1215/3066/4119 1210/3167/4120 1052/4625/4121
f 1215/3066/4119 1052/4625/4121 1054/2193/4122
f 1214/2586/4123 1219/166/4124 1058/4492/4125
f 1214/2586/4123 1058/4492/4125 1060/2991/4126
f 1210/3167/4127 1211/2505/4128 1039/4660/4129
f 1210/3167/4127 1039/4660/4129 1052/4625/4130
usemtl stonetrims
f 1216/2239/4131 1217/254/4132 1012/541/4133
f 1216/2239/4131 1012/541/4133 1015/3003/4134
f 1051/4146/4135 1218/4107/4136 1017/1549/4137
f 1051/4146/4135 1017/1549/4137 1020/4115/4138
f 1209/3935/4139 1213/1524/4140 1021/2725/4141
f 1209/3935/4139 1021/2725/4141 1011/2906/4142
f 1222/2556/4143 1232/4070/4144 1432/1292/4145
f 1222/2556/4143 1432/1292/4145 1421/3423/4146
usemtl brickwall1
f 1276/2261/4147 1278/3105/4148 1413/1283/4149
f 1276/2261/4147 1413/1283/4149 1417/2148/4150
f 1278/3105/4151 1280/4599/4152 1408/4253/4153
f 1278/3105/4151 1408/4253/4153 1413/1283/4154
f 1280/4599/4155 1282/528/4156 1415/2044/4157
f 1280/4599/4155 1415/2044/4157 1408/4253/4158
f 1282/528/4159 1284/1381/4160 1407/4714/4161
f 1282/528/4159 1407/4714/4161 1415/2044/4162
f 1284/1381/4163 1411/1798/4164 1407/4714/4165
f 1273/519/4166 1309/2132/4167 1438/1059/4168
f 1273/519/4166 1438/1059/4168 1441/782/4169
f 1279/4345/4170 1444/3760/4171 1452/2881/4172
f 1279/4345/4170 1452/2881/4172 1281/1230/4173
f 1281/1230/4174 1452/2881/4175 1451/1876/4176
f 1281/1230/4174 1451/1876/4176 1283/3694/4177
f 1283/3694/4178 1451/1876/4179 1453/3004/4180
f 1283/3694/4178 1453/3004/4180 1285/3989/4181
f 1285/3989/4182 1453/3004/4183 1286/4008/4184
usemtl stonetrims
f 1266/1610/4185 1270/1468/4186 1442/3156/4187
f 1266/1610/4185 1442/3156/4187 1436/1525/4188
f 1241/2620/4189 1245/4677/4190 1414/4642/4191
f 1241/2620/4189 1414/4642/4191 1404/754/4192
usemtl brickwall1
f 1310/4515/4193 1422/2738/4194 1424/544/4195
f 1310/4515/4193 1424/544/4195 1312/2737/4196
f 1312/2737/4197 1424/544/4198 1431/3695/4199
f 1312/2737/4197 1431/3695/4199 1314/556/4200
f 1314/556/4201 1431/3695/4202 1423/884/4203
f 1314/556/4201 1423/884/4203 1316/1938/4204
f 1316/1938/4205 1423/884/4206 1430/3284/4207
f 1316/1938/4205 1430/3284/4207 1318/3958/4208
f 1318/3958/4209 1430/3284/4210 1428/3191/4211
f 1275/3845/4212 1276/2261/4213 1417/2148/4214
f 1275/3845/4212 1417/2148/4214 1404/4355/4215
f 1311/4501/4216 1313/2754/4217 1435/1536/4218
f 1311/4501/4216 1435/1536/4218 1440/2594/4219
f 1313/2754/4220 1315/2002/4221 1433/771/4222
f 1313/2754/4220 1433/771/4222 1435/1536/4223
f 1315/2002/4224 1317/1261/4225 1434/394/4226
f 1315/2002/4224 1434/394/4226 1433/771/4227
f 1317/1261/4228 1319/283/4229 1434/394/4230
f 1309/2132/4231 1311/4501/4232 1440/2594/4233
f 1309/2132/4231 1440/2594/4233 1438/1059/4234
usemtl stonetrims
f 1244/3392/4235 1235/3949/4236 1416/1815/4237
f 1244/3392/4235 1416/1815/4237 1406/3384/4238
f 1236/2940/4239 1240/697/4240 1409/2465/4241
f 1236/2940/4239 1409/2465/4241 1412/3609/4242
f 1235/3949/4243 1239/3438/4244 1405/2848/4245
f 1235/3949/4243 1405/2848/4245 1416/1815/4246
f 1240/697/4247 1244/3392/4248 1406/3384/4249
f 1240/697/4247 1406/3384/4249 1409/2465/4250
usemtl brickwall1
f 1277/4474/4251 1448/2838/4252 1444/3760/4253
f 1277/4474/4251 1444/3760/4253 1279/4345/4254
usemtl stonetrims
f 1225/1762/4255 1221/4082/4256 1419/1532/4257
f 1225/1762/4255 1419/1532/4257 1426/4034/4258
f 1230/3375/4259 1226/1912/4260 1429/374/4261
f 1230/3375/4259 1429/374/4261 1420/2462/4262
f 1271/4280/4263 1266/1610/4264 1436/1525/4265
f 1271/4280/4263 1436/1525/4265 1441/631/4266
f 1229/2143/4267 1225/1762/4268 1426/4034/4269
f 1229/2143/4267 1426/4034/4269 1418/2035/4270
f 1221/4082/4271 1230/3375/4272 1420/2462/4273
f 1221/4082/4271 1420/2462/4273 1419/1532/4274
f 1226/1912/4275 1222/2556/4276 1421/3423/4277
f 1226/1912/4275 1421/3423/4277 1429/374/4278
f 1269/723/4279 1261/4127/4280 1297/4367/4281
f 1269/723/4279 1297/4367/4281 1439/3178/4282
f 1262/4446/4283 1265/1980/4284 1443/67/4285
f 1262/4446/4283 1443/67/4285 1437/1262/4286
f 1245/4677/4287 1236/2940/4288 1412/3609/4289
f 1245/4677/4287 1412/3609/4289 1414/4642/4290
f 1265/1980/4291 1269/723/4292 1439/3178/4293
f 1265/1980/4291 1439/3178/4293 1443/67/4294
f 1270/1468/4295 1262/4446/4296 1437/1262/4297
f 1270/1468/4295 1437/1262/4297 1442/3156/4298
usemtl brickwall1
f 1272/1428/4299 1432/1219/4300 1422/2738/4301
f 1272/1428/4299 1422/2738/4301 1310/4515/4302
usemtl stonetrims
f 1248/693/4303 1257/570/4304 1449/207/4305
f 1248/693/4303 1449/207/4305 1298/1940/4306
f 1253/1124/4307 1249/1682/4308 1447/1148/4309
f 1253/1124/4307 1447/1148/4309 1454/2782/4310
f 1258/4388/4311 1254/2461/4312 1445/2883/4313
f 1258/4388/4311 1445/2883/4313 1450/1311/4314
usemtl brickwall1
f 1274/223/4315 1446/4386/4316 1448/2838/4317
f 1274/223/4315 1448/2838/4317 1277/4474/4318
usemtl stonetrims
f 1257/570/4319 1253/1124/4320 1454/2782/4321
f 1257/570/4319 1454/2782/4321 1449/207/4322
f 1249/1682/4323 1258/4388/4324 1450/1311/4325
f 1249/1682/4323 1450/1311/4325 1447/1148/4326
f 1254/2461/4327 1251/3103/4328 1446/2441/4329
f 1254/2461/4327 1446/2441/4329 1445/2883/4330
f 1291/4650/4331 1289/4433/4332 1357/2084/4333
f 1291/4650/4331 1357/2084/4333 1355/3579/4334
f 1272/2300/4335 1310/3616/4336 1371/4681/4337
f 1272/2300/4335 1371/4681/4337 1327/1027/4338
f 1290/2332/4339 1292/2142/4340 1356/2932/4341
f 1290/2332/4339 1356/2932/4341 1358/2605/4342
f 1276/4589/4343 1275/1145/4344 1326/2864/4345
f 1276/4589/4343 1326/2864/4345 1337/2578/4346
f 1274/3527/4347 1277/2854/4348 1338/4493/4349
f 1274/3527/4347 1338/4493/4349 1328/680/4350
f 1278/3217/4351 1276/4589/4352 1337/2578/4353
f 1278/3217/4351 1337/2578/4353 1335/3833/4354
f 1293/1320/4355 1291/4650/4356 1355/3579/4357
f 1293/1320/4355 1355/3579/4357 1353/4503/4358
f 1311/241/4359 1309/1700/4360 1370/3713/4361
f 1311/241/4359 1370/3713/4361 1368/3490/4362
f 1277/2854/4363 1279/621/4364 1336/134/4365
f 1277/2854/4363 1336/134/4365 1338/4493/4366
f 1292/2142/4367 1294/1117/4368 1354/4326/4369
f 1292/2142/4367 1354/4326/4369 1356/2932/4370
f 1310/3616/4371 1312/1275/4372 1369/1963/4373
f 1310/3616/4371 1369/1963/4373 1371/4681/4374
f 1280/245/4375 1278/3217/4376 1335/3833/4377
f 1280/245/4375 1335/3833/4377 1333/1258/4378
f 1295/50/4379 1293/1320/4380 1353/4503/4381
f 1295/50/4379 1353/4503/4381 1350/4464/4382
f 1313/4567/4383 1311/241/4384 1368/3490/4385
f 1313/4567/4383 1368/3490/4385 1366/2585/4386
f 1279/621/4387 1281/436/4388 1334/3157/4389
f 1279/621/4387 1334/3157/4389 1336/134/4390
f 1294/1117/4391 1296/2289/4392 1351/3814/4393
f 1294/1117/4391 1351/3814/4393 1354/4326/4394
f 1312/1275/4395 1314/3361/4396 1367/3544/4397
f 1312/1275/4395 1367/3544/4397 1369/1963/4398
f 1282/237/4399 1280/245/4400 1333/1258/4401
f 1282/237/4399 1333/1258/4401 1331/2424/4402
f 1298/264/4403 1295/50/4404 1350/4464/4405
f 1298/264/4403 1350/4464/4405 1323/2202/4406
f 1315/1789/4407 1313/4567/4408 1366/2585/4409
f 1315/1789/4407 1366/2585/4409 1364/3746/4410
f 1281/436/4411 1283/2366/4412 1332/1898/4413
f 1281/436/4411 1332/1898/4413 1334/3157/4414
f 1314/3361/4415 1316/4157/4416 1365/1065/4417
f 1314/3361/4415 1365/1065/4417 1367/3544/4418
f 1296/2289/4419 1297/2327/4420 1352/3855/4421
f 1296/2289/4419 1352/3855/4421 1351/3814/4422
f 1330/2254/4423 1320/3051/4424 1321/694/4425
f 1330/2254/4423 1321/694/4425 1329/1222/4426
f 1332/1898/4427 1330/2254/4428 1329/1222/4429
f 1332/1898/4427 1329/1222/4429 1331/2424/4430
f 1334/3157/4431 1332/1898/4432 1331/2424/4433
f 1334/3157/4431 1331/2424/4433 1333/1258/4434
f 1336/134/4435 1334/3157/4436 1333/1258/4437
f 1336/134/4435 1333/1258/4437 1335/3833/4438
f 1338/4493/4439 1336/134/4440 1335/3833/4441
f 1338/4493/4439 1335/3833/4441 1337/2578/4442
f 1322/4410/4443 1340/1355/4444 1341/2676/4445
f 1322/4410/4443 1341/2676/4445 1339/3117/4446
f 1340/1355/4447 1342/1370/4448 1343/83/4449
f 1340/1355/4447 1343/83/4449 1341/2676/4450
f 1342/1370/4451 1344/3480/4452 1345/2192/4453
f 1342/1370/4451 1345/2192/4453 1343/83/4454
f 1344/3480/4455 1346/1812/4456 1347/3660/4457
f 1344/3480/4455 1347/3660/4457 1345/2192/4458
f 1346/1812/4459 1348/3343/4460 1349/729/4461
f 1346/1812/4459 1349/729/4461 1347/3660/4462
f 1351/3814/4463 1352/3855/4464 1323/2202/4465
f 1351/3814/4463 1323/2202/4465 1350/4464/4466
f 1354/4326/4467 1351/3814/4468 1350/4464/4469
f 1354/4326/4467 1350/4464/4469 1353/4503/4470
f 1356/2932/4471 1354/4326/4472 1353/4503/4473
f 1356/2932/4471 1353/4503/4473 1355/3579/4474
f 1358/2605/4475 1356/2932/4476 1355/3579/4477
f 1358/2605/4475 1355/3579/4477 1357/2084/4478
f 1360/2921/4479 1358/2605/4480 1357/2084/4481
f 1360/2921/4479 1357/2084/4481 1359/1092/4482
f 1348/3343/4483 1327/582/4484 1326/4408/4485
f 1348/3343/4483 1326/4408/4485 1349/729/4486
f 1325/2612/4487 1360/2921/4488 1359/1092/4489
f 1325/2612/4487 1359/1092/4489 1328/1620/4490
f 1362/3010/4491 1363/275/4492 1324/59/4493
f 1362/3010/4491 1324/59/4493 1361/4542/4494
f 1365/1065/4495 1362/3010/4496 1361/4542/4497
f 1365/1065/4495 1361/4542/4497 1364/3746/4498
f 1367/3544/4499 1365/1065/4500 1364/3746/4501
f 1367/3544/4499 1364/3746/4501 1366/2585/4502
f 1369/1963/4503 1367/3544/4504 1366/2585/4505
f 1369/1963/4503 1366/2585/4505 1368/3490/4506
f 1371/4681/4507 1369/1963/4508 1368/3490/4509
f 1371/4681/4507 1368/3490/4509 1370/3713/4510
f 1328/680/4511 1338/4493/4512 1337/2578/4513
f 1328/680/4511 1337/2578/4513 1326/2864/4514
f 1327/1027/4515 1371/4681/4516 1370/3713/4517
f 1327/1027/4515 1370/3713/4517 1325/1917/4518
f 1309/1700/4519 1273/4532/4520 1325/1917/4521
f 1309/1700/4519 1325/1917/4521 1370/3713/4522
f 1308/3642/4523 1405/3689/4524 1339/3117/4525
f 1308/3642/4523 1339/3117/4525 1341/2676/4526
f 1288/4394/4527 1290/2332/4528 1358/2605/4529
f 1288/4394/4527 1358/2605/4529 1360/2921/4530
f 1307/4164/4531 1305/4666/4532 1342/1370/4533
f 1307/4164/4531 1342/1370/4533 1340/1355/4534
f 1289/4433/4535 1287/2174/4536 1359/1092/4537
f 1289/4433/4535 1359/1092/4537 1357/2084/4538
f 1299/796/4539 1272/914/4540 1327/582/4541
f 1299/796/4539 1327/582/4541 1348/3343/4542
f 1306/2559/4543 1308/3642/4544 1341/2676/4545
f 1306/2559/4543 1341/2676/4545 1343/83/4546
f 1275/3856/4547 1300/3580/4548 1349/729/4549
f 1275/3856/4547 1349/729/4549 1326/4408/4550
f 1305/4666/4551 1303/4302/4552 1344/3480/4553
f 1305/4666/4551 1344/3480/4553 1342/1370/4554
f 1273/1225/4555 1288/4394/4556 1360/2921/4557
f 1273/1225/4555 1360/2921/4557 1325/2612/4558
f 1287/2174/4559 1274/165/4560 1328/1620/4561
f 1287/2174/4559 1328/1620/4561 1359/1092/4562
f 1304/2347/4563 1306/2559/4564 1343/83/4565
f 1304/2347/4563 1343/83/4565 1345/2192/4566
f 1303/4302/4567 1301/3377/4568 1346/1812/4569
f 1303/4302/4567 1346/1812/4569 1344/3480/4570
f 1318/64/4571 1428/4327/4572 1363/275/4573
f 1318/64/4571 1363/275/4573 1362/3010/4574
f 1285/2333/4575 1286/4169/4576 1320/3051/4577
f 1285/2333/4575 1320/3051/4577 1330/2254/4578
f 1302/3027/4579 1304/2347/4580 1345/2192/4581
f 1302/3027/4579 1345/2192/4581 1347/3660/4582
f 1319/1244/4583 1317/616/4584 1361/4542/4585
f 1319/1244/4583 1361/4542/4585 1324/59/4586
f 1301/3377/4587 1299/796/4588 1348/3343/4589
f 1301/3377/4587 1348/3343/4589 1346/1812/4590
f 1316/4157/4591 1318/64/4592 1362/3010/4593
f 1316/4157/4591 1362/3010/4593 1365/1065/4594
f 1300/3580/4595 1302/3027/4596 1347/3660/4597
f 1300/3580/4595 1347/3660/4597 1349/729/4598
f 1283/2366/4599 1285/2333/4600 1330/2254/4601
f 1283/2366/4599 1330/2254/4601 1332/1898/4602
f 1317/616/4603 1315/1789/4604 1364/3746/4605
f 1317/616/4603 1364/3746/4605 1361/4542/4606
f 1284/4040/4607 1282/237/4608 1331/2424/4609
f 1284/4040/4607 1331/2424/4609 1329/1222/4610
f 1327/3969/4611 1325/624/4612 1375/3246/4613
f 1327/3969/4611 1375/3246/4613 1373/508/4614
f 1328/3337/4615 1326/3908/4616 1372/853/4617
f 1328/3337/4615 1372/853/4617 1377/2280/4618
f 1325/2482/4619 1328/854/4620 1377/2456/4621
f 1325/2482/4619 1377/2456/4621 1375/2186/4622
f 1374/1981/4623 1378/4452/4624 1372/272/4625
f 1373/837/4626 1382/1417/4627 1380/2094/4628
f 1373/837/4626 1380/2094/4628 1374/1981/4629
f 1375/1703/4630 1379/2833/4631 1376/3652/4632
f 1377/3776/4633 1378/4452/4634 1379/2833/4635
f 1376/3652/4636 1379/2833/4637 1381/625/4638
f 1376/3652/4636 1381/625/4638 1380/2094/4639
f 1377/2280/4640 1372/853/4641 1378/315/4642
f 1372/1929/4643 1373/537/4644 1374/2178/4645
f 1373/508/4646 1375/3246/4647 1376/1334/4648
f 1373/508/4646 1376/1334/4648 1382/3986/4649
f 1375/2186/4650 1377/2456/4651 1379/4377/4652
f 1374/1981/4653 1381/625/4654 1378/4452/4655
usemtl brickwall1
f 1380/739/4656 1382/4286/4657 1376/3906/4658
usemtl stonetrims
f 1378/4452/4659 1381/625/4660 1379/2833/4661
f 1380/2094/4662 1381/625/4663 1374/1981/4664
f 1233/3706/4665 1411/1196/4666 1392/3558/4667
f 1233/3706/4665 1392/3558/4667 1385/2522/4668
f 1298/264/4669 1323/2202/4670 1399/4000/4671
f 1298/264/4669 1399/4000/4671 1394/1433/4672
f 1286/1278/4673 1255/4449/4674 1388/743/4675
f 1286/1278/4673 1388/743/4675 1391/745/4676
f 1248/693/4677 1298/1940/4678 1394/1071/4679
f 1248/693/4677 1394/1071/4679 1387/594/4680
f 1339/3117/4681 1405/3689/4682 1410/3447/4683
f 1339/3117/4681 1410/3447/4683 1401/2714/4684
f 1297/4367/4685 1261/4127/4686 1389/4159/4687
f 1297/4367/4685 1389/4159/4687 1393/267/4688
f 1324/59/4689 1363/275/4690 1403/4150/4691
f 1324/59/4689 1403/4150/4691 1400/330/4692
f 1320/3051/4693 1286/4169/4694 1391/2173/4695
f 1320/3051/4693 1391/2173/4695 1396/164/4696
f 1352/3855/4697 1297/2327/4698 1393/3925/4699
f 1352/3855/4697 1393/3925/4699 1402/3996/4700
f 1267/992/4701 1319/455/4702 1395/4497/4703
f 1267/992/4701 1395/4497/4703 1390/1314/4704
f 1322/4410/4705 1339/3117/4706 1401/2714/4707
f 1322/4410/4705 1401/2714/4707 1398/359/4708
f 1363/275/4709 1428/4327/4710 1425/934/4711
f 1363/275/4709 1425/934/4711 1403/4150/4712
f 1428/1818/4713 1223/4725/4714 1383/3102/4715
f 1428/1818/4713 1383/3102/4715 1425/3044/4716
f 1323/2202/4717 1352/3855/4718 1402/3996/4719
f 1323/2202/4717 1402/3996/4719 1399/4000/4720
f 1405/2848/4721 1239/3438/4722 1386/2372/4723
f 1405/2848/4721 1386/2372/4723 1410/937/4724
f 1321/694/4725 1320/3051/4726 1396/164/4727
f 1321/694/4725 1396/164/4727 1397/440/4728
f 1229/2143/4729 1418/2035/4730 1427/4053/4731
f 1229/2143/4729 1427/4053/4731 1384/3715/4732
f 1319/1244/4733 1324/59/4734 1400/330/4735
f 1319/1244/4733 1400/330/4735 1395/412/4736
f 1326/1250/4737 1327/1119/4738 1373/537/4739
f 1326/1250/4737 1373/537/4739 1372/1929/4740
f 1417/3831/4741 1413/4257/4742 1237/3804/4743
f 1417/3831/4741 1237/3804/4743 1234/3040/4744
f 1408/4647/4745 1415/2413/4746 1242/494/4747
f 1408/4647/4745 1242/494/4747 1238/2163/4748
f 1407/2262/4749 1411/1196/4750 1233/3706/4751
f 1407/2262/4749 1233/3706/4751 1243/2926/4752
f 1411/2389/4753 1284/4040/4754 1329/1222/4755
f 1411/2389/4753 1329/1222/4755 1321/694/4756
usemtl brickwall1
f 1412/2368/4757 1409/3663/4758 1304/2429/4759
f 1412/2368/4757 1304/2429/4759 1302/3026/4760
f 1409/3663/4761 1406/1773/4762 1306/3946/4763
f 1409/3663/4761 1306/3946/4763 1304/2429/4764
usemtl stonetrims
f 1392/3783/4765 1411/2389/4766 1321/694/4767
f 1392/3783/4765 1321/694/4767 1397/440/4768
f 1413/4257/4769 1408/4647/4770 1238/2163/4771
f 1413/4257/4769 1238/2163/4771 1237/3804/4772
f 1415/2413/4773 1407/2262/4774 1243/2926/4775
f 1415/2413/4773 1243/2926/4775 1242/494/4776
usemtl brickwall1
f 1414/4649/4777 1412/2368/4778 1302/3026/4779
f 1414/4649/4777 1302/3026/4779 1300/1847/4780
f 1404/4355/4781 1414/4649/4782 1300/1847/4783
f 1404/4355/4781 1300/1847/4783 1275/3845/4784
usemtl stonetrims
f 1404/754/4785 1417/3831/4786 1234/3040/4787
f 1404/754/4785 1234/3040/4787 1241/2620/4788
usemtl brickwall1
f 1406/1773/4789 1416/3443/4790 1308/3640/4791
f 1406/1773/4789 1308/3640/4791 1306/3946/4792
f 1416/3443/4793 1405/4402/4794 1308/3640/4795
f 1420/632/4796 1429/4621/4797 1301/1843/4798
f 1420/632/4796 1301/1843/4798 1303/3535/4799
f 1418/4520/4800 1426/3600/4801 1307/3857/4802
f 1429/4621/4803 1421/1306/4804 1299/721/4805
f 1429/4621/4803 1299/721/4805 1301/1843/4806
usemtl stonetrims
f 1422/1430/4807 1432/1292/4808 1232/4070/4809
f 1422/1430/4807 1232/4070/4809 1224/99/4810
f 1424/1253/4811 1422/1430/4812 1224/99/4813
f 1424/1253/4811 1224/99/4813 1227/1000/4814
f 1423/711/4815 1431/4058/4816 1228/671/4817
f 1423/711/4815 1228/671/4817 1231/2787/4818
f 1428/1818/4819 1430/2225/4820 1220/1144/4821
f 1428/1818/4819 1220/1144/4821 1223/4725/4822
f 1418/659/4823 1307/4164/4824 1340/1355/4825
f 1418/659/4823 1340/1355/4825 1322/4410/4826
usemtl brickwall1
f 1426/3600/4827 1419/2571/4828 1305/3707/4829
f 1426/3600/4827 1305/3707/4829 1307/3857/4830
f 1419/2571/4831 1420/632/4832 1303/3535/4833
f 1419/2571/4831 1303/3535/4833 1305/3707/4834
f 1421/1306/4835 1432/1219/4836 1272/1428/4837
f 1421/1306/4835 1272/1428/4837 1299/721/4838
usemtl stonetrims
f 1431/4058/4839 1424/1253/4840 1227/1000/4841
f 1431/4058/4839 1227/1000/4841 1228/671/4842
f 1430/2225/4843 1423/711/4844 1231/2787/4845
f 1430/2225/4843 1231/2787/4845 1220/1144/4846
f 1427/1693/4847 1418/659/4848 1322/4410/4849
f 1427/1693/4847 1322/4410/4849 1398/359/4850
usemtl brickwall1
f 1437/653/4851 1443/2956/4852 1294/2507/4853
f 1437/653/4851 1294/2507/4853 1292/3766/4854
f 1443/2956/4855 1439/2524/4856 1296/2841/4857
f 1443/2956/4855 1296/2841/4857 1294/2507/4858
f 1436/1904/4859 1442/1589/4860 1290/1613/4861
f 1436/1904/4859 1290/1613/4861 1288/899/4862
usemtl stonetrims
f 1440/2354/4863 1435/2949/4864 1260/3215/4865
f 1440/2354/4863 1260/3215/4865 1259/4128/4866
f 1433/1512/4867 1434/363/4868 1264/1710/4869
f 1433/1512/4867 1264/1710/4869 1263/4294/4870
f 1438/3063/4871 1440/2354/4872 1259/4128/4873
f 1438/3063/4871 1259/4128/4873 1268/1122/4874
usemtl brickwall1
f 1441/782/4875 1436/1904/4876 1288/899/4877
f 1441/782/4875 1288/899/4877 1273/519/4878
f 1439/2524/4879 1297/4395/4880 1296/2841/4881
f 1442/1589/4882 1437/653/4883 1292/3766/4884
f 1442/1589/4882 1292/3766/4884 1290/1613/4885
usemtl stonetrims
f 1441/631/4886 1438/3063/4887 1268/1122/4888
f 1441/631/4886 1268/1122/4888 1271/4280/4889
f 1435/2949/4890 1433/1512/4891 1263/4294/4892
f 1435/2949/4890 1263/4294/4892 1260/3215/4893
f 1434/363/4894 1319/455/4895 1267/992/4896
f 1434/363/4894 1267/992/4896 1264/1710/4897
usemtl brickwall1
f 1454/464/4898 1447/68/4899 1291/2395/4900
f 1454/464/4898 1291/2395/4900 1293/1627/4901
usemtl stonetrims
f 1452/561/4902 1444/1063/4903 1246/21/4904
f 1452/561/4902 1246/21/4904 1247/805/4905
f 1453/1249/4906 1451/2518/4907 1250/122/4908
f 1453/1249/4906 1250/122/4908 1252/3395/4909
f 1448/3378/4910 1446/2441/4911 1251/3103/4912
f 1448/3378/4910 1251/3103/4912 1256/4568/4913
usemtl brickwall1
f 1447/68/4914 1450/196/4915 1289/4024/4916
f 1447/68/4914 1289/4024/4916 1291/2395/4917
f 1298/1190/4918 1449/4460/4919 1295/104/4920
f 1450/196/4921 1445/3451/4922 1287/1769/4923
f 1450/196/4921 1287/1769/4923 1289/4024/4924
f 1449/4460/4925 1454/464/4926 1293/1627/4927
f 1449/4460/4925 1293/1627/4927 1295/104/4928
f 1445/3451/4929 1446/4386/4930 1274/223/4931
f 1445/3451/4929 1274/223/4931 1287/1769/4932
usemtl stonetrims
f 1451/2518/4933 1452/561/4934 1247/805/4935
f 1451/2518/4933 1247/805/4935 1250/122/4936
f 1286/1278/4937 1453/1249/4938 1252/3395/4939
f 1286/1278/4937 1252/3395/4939 1255/4449/4940
f 1444/1063/4941 1448/3378/4942 1256/4568/4943
f 1444/1063/4941 1256/4568/4943 1246/21/4944
f 1457/2849/4945 1467/1210/4946 1667/3140/4947
f 1457/2849/4945 1667/3140/4947 1656/547/4948
usemtl brickwall1
f 1511/4077/4949 1513/3415/4950 1648/1596/4951
f 1511/4077/4949 1648/1596/4951 1652/3970/4952
f 1513/3415/4953 1515/1746/4954 1643/1357/4955
f 1513/3415/4953 1643/1357/4955 1648/1596/4956
f 1515/1746/4957 1517/2365/4958 1650/3890/4959
f 1515/1746/4957 1650/3890/4959 1643/1357/4960
f 1517/2365/4961 1519/1704/4962 1642/1839/4963
f 1517/2365/4961 1642/1839/4963 1650/3890/4964
f 1519/1704/4965 1646/3621/4966 1642/1839/4967
f 1508/2357/4968 1544/3962/4969 1673/2916/4970
f 1508/2357/4968 1673/2916/4970 1676/2624/4971
f 1514/1446/4972 1679/869/4973 1687/4728/4974
f 1514/1446/4972 1687/4728/4974 1516/3070/4975
f 1516/3070/4976 1687/4728/4977 1686/3710/4978
f 1516/3070/4976 1686/3710/4978 1518/814/4979
f 1518/814/4980 1686/3710/4981 1688/123/4982
f 1518/814/4980 1688/123/4982 1520/1128/4983
f 1520/1128/4984 1688/123/4985 1521/1146/4986
usemtl stonetrims
f 1501/3435/4987 1505/3332/4988 1677/273/4989
f 1501/3435/4987 1677/273/4989 1671/3379/4990
f 1476/4482/4991 1480/1807/4992 1649/208/4993
f 1476/4482/4991 1649/208/4993 1639/2592/4994
usemtl brickwall1
f 1545/69/4995 1657/4581/4996 1659/807/4997
f 1545/69/4995 1659/807/4997 1547/3012/4998
f 1547/3012/4999 1659/807/5000 1666/3977/5001
f 1547/3012/4999 1666/3977/5001 1549/2380/5002
f 1549/2380/5003 1666/3977/5004 1658/2750/5005
f 1549/2380/5003 1658/2750/5005 1551/3790/5006
f 1551/3790/5007 1658/2750/5008 1665/382/5009
f 1551/3790/5007 1665/382/5009 1553/1087/5010
f 1553/1087/5011 1665/382/5012 1663/301/5013
f 1510/970/5014 1511/4077/5015 1652/3970/5016
f 1510/970/5014 1652/3970/5016 1639/1457/5017
f 1546/1640/5018 1548/4596/5019 1670/3385/5020
f 1546/1640/5018 1670/3385/5020 1675/4466/5021
f 1548/4596/5022 1550/2313/5023 1668/1045/5024
f 1548/4596/5022 1668/1045/5024 1670/3385/5025
f 1550/2313/5026 1552/3095/5027 1669/2252/5028
f 1550/2313/5026 1669/2252/5028 1668/1045/5029
f 1552/3095/5030 1554/2125/5031 1669/2252/5032
f 1544/3962/5033 1546/1640/5034 1675/4466/5035
f 1544/3962/5033 1675/4466/5035 1673/2916/5036
usemtl stonetrims
f 1479/495/5037 1470/1077/5038 1651/3646/5039
f 1479/495/5037 1651/3646/5039 1641/488/5040
f 1471/3252/5041 1475/2513/5042 1644/4342/5043
f 1471/3252/5041 1644/4342/5043 1647/734/5044
f 1470/1077/5045 1474/575/5046 1640/4690/5047
f 1470/1077/5045 1640/4690/5047 1651/3646/5048
f 1475/2513/5049 1479/495/5050 1641/488/5051
f 1475/2513/5049 1641/488/5051 1644/4342/5052
usemtl brickwall1
f 1512/11/5053 1683/3129/5054 1679/869/5055
f 1512/11/5053 1679/869/5055 1514/1446/5056
usemtl stonetrims
f 1460/3576/5057 1456/1221/5058 1654/1813/5059
f 1460/3576/5057 1654/1813/5059 1661/4362/5060
f 1465/472/5061 1461/2213/5062 1664/2222/5063
f 1465/472/5061 1664/2222/5063 1655/4339/5064
f 1506/1379/5065 1501/3435/5066 1671/3379/5067
f 1506/1379/5065 1671/3379/5067 1676/2445/5068
f 1464/2416/5069 1460/3576/5070 1661/4362/5071
f 1464/2416/5069 1661/4362/5071 1653/3878/5072
f 1456/1221/5073 1465/472/5074 1655/4339/5075
f 1456/1221/5073 1655/4339/5075 1654/1813/5076
f 1461/2213/5077 1457/2849/5078 1656/547/5079
f 1461/2213/5077 1656/547/5079 1664/2222/5080
f 1504/998/5081 1496/1263/5082 1532/1469/5083
f 1504/998/5081 1532/1469/5083 1674/291/5084
f 1497/1552/5085 1500/3829/5086 1678/1908/5087
f 1497/1552/5085 1678/1908/5087 1672/3096/5088
f 1480/1807/5089 1471/3252/5090 1647/734/5091
f 1480/1807/5089 1647/734/5091 1649/208/5092
f 1500/3829/5093 1504/998/5094 1674/291/5095
f 1500/3829/5093 1674/291/5095 1678/1908/5096
f 1505/3332/5097 1497/1552/5098 1672/3096/5099
f 1505/3332/5097 1672/3096/5099 1677/273/5100
usemtl brickwall1
f 1507/1749/5101 1667/3056/5102 1657/4581/5103
f 1507/1749/5101 1657/4581/5103 1545/69/5104
usemtl stonetrims
f 1483/2509/5105 1492/2390/5106 1684/2038/5107
f 1483/2509/5105 1684/2038/5107 1533/3791/5108
f 1488/2965/5109 1484/1927/5110 1682/2990/5111
f 1488/2965/5109 1682/2990/5111 1689/4622/5112
f 1493/1488/5113 1489/4338/5114 1680/4730/5115
f 1493/1488/5113 1680/4730/5115 1685/3162/5116
usemtl brickwall1
f 1509/2058/5117 1681/4657/5118 1683/3129/5119
f 1509/2058/5117 1683/3129/5119 1512/11/5120
usemtl stonetrims
f 1492/2390/5121 1488/2965/5122 1689/4622/5123
f 1492/2390/5121 1689/4622/5123 1684/2038/5124
f 1484/1927/5125 1493/1488/5126 1685/3162/5127
f 1484/1927/5125 1685/3162/5127 1682/2990/5128
f 1489/4338/5129 1486/229/5130 1681/2751/5131
f 1489/4338/5129 1681/2751/5131 1680/4730/5132
f 1526/1787/5133 1524/1539/5134 1592/3922/5135
f 1526/1787/5133 1592/3922/5135 1590/3862/5136
f 1507/4116/5137 1545/740/5138 1606/240/5139
f 1507/4116/5137 1606/240/5139 1562/2885/5140
f 1525/4160/5141 1527/3968/5142 1591/47/5143
f 1525/4160/5141 1591/47/5143 1593/4475/5144
f 1511/1733/5145 1510/1434/5146 1561/4700/5147
f 1511/1733/5145 1561/4700/5147 1572/2874/5148
f 1509/3809/5149 1512/4697/5150 1573/39/5151
f 1509/3809/5149 1573/39/5151 1563/2495/5152
f 1513/317/5153 1511/1733/5154 1572/2874/5155
f 1513/317/5153 1572/2874/5155 1570/957/5156
f 1528/3171/5157 1526/1787/5158 1590/3862/5159
f 1528/3171/5157 1590/3862/5159 1588/1645/5160
f 1546/2080/5161 1544/1951/5162 1605/3995/5163
f 1546/2080/5161 1605/3995/5163 1603/3774/5164
f 1512/4697/5165 1514/2436/5166 1571/429/5167
f 1512/4697/5165 1571/429/5167 1573/39/5168
f 1527/3968/5169 1529/2960/5170 1589/1425/5171
f 1527/3968/5169 1589/1425/5171 1591/47/5172
f 1545/740/5173 1547/3109/5174 1604/2275/5175
f 1545/740/5173 1604/2275/5175 1606/240/5176
f 1515/2085/5177 1513/317/5178 1570/957/5179
f 1515/2085/5177 1570/957/5179 1568/3091/5180
f 1530/346/5181 1528/3171/5182 1588/1645/5183
f 1530/346/5181 1588/1645/5183 1585/1577/5184
f 1548/1706/5185 1546/2080/5186 1603/3774/5187
f 1548/1706/5185 1603/3774/5187 1601/4461/5188
f 1514/2436/5189 1516/730/5190 1569/274/5191
f 1514/2436/5189 1569/274/5191 1571/429/5192
f 1529/2960/5193 1531/4103/5194 1586/4091/5195
f 1529/2960/5193 1586/4091/5195 1589/1425/5196
f 1547/3109/5197 1549/3620/5198 1602/685/5199
f 1547/3109/5197 1602/685/5199 1604/2275/5200
f 1517/2074/5201 1515/2085/5202 1568/3091/5203
f 1517/2074/5201 1568/3091/5203 1566/4298/5204
f 1533/2100/5205 1530/346/5206 1585/1577/5207
f 1533/2100/5205 1585/1577/5207 1558/4029/5208
f 1550/3610/5209 1548/1706/5210 1601/4461/5211
f 1550/3610/5209 1601/4461/5211 1599/855/5212
f 1516/730/5213 1518/2656/5214 1567/3753/5215
f 1516/730/5213 1567/3753/5215 1569/274/5216
f 1549/3620/5217 1551/1286/5218 1600/1363/5219
f 1549/3620/5217 1600/1363/5219 1602/685/5220
f 1531/4103/5221 1532/4152/5222 1587/975/5223
f 1531/4103/5221 1587/975/5223 1586/4091/5224
f 1565/2527/5225 1555/178/5226 1556/2510/5227
f 1565/2527/5225 1556/2510/5227 1564/3060/5228
f 1567/3753/5229 1565/2527/5230 1564/3060/5231
f 1567/3753/5229 1564/3060/5231 1566/4298/5232
f 1569/274/5233 1567/3753/5234 1566/4298/5235
f 1569/274/5233 1566/4298/5235 1568/3091/5236
f 1571/429/5237 1569/274/5238 1568/3091/5239
f 1571/429/5237 1568/3091/5239 1570/957/5240
f 1573/39/5241 1571/429/5242 1570/957/5243
f 1573/39/5241 1570/957/5243 1572/2874/5244
f 1557/1515/5245 1575/3221/5246 1576/4517/5247
f 1557/1515/5245 1576/4517/5247 1574/238/5248
f 1575/3221/5249 1577/3238/5250 1578/379/5251
f 1575/3221/5249 1578/379/5251 1576/4517/5252
f 1577/3238/5253 1579/614/5254 1580/4022/5255
f 1577/3238/5253 1580/4022/5255 1578/379/5256
f 1579/614/5257 1581/3643/5258 1582/789/5259
f 1579/614/5257 1582/789/5259 1580/4022/5260
f 1581/3643/5261 1583/439/5262 1584/2564/5263
f 1581/3643/5261 1584/2564/5263 1582/789/5264
f 1586/4091/5265 1587/975/5266 1558/4029/5267
f 1586/4091/5265 1558/4029/5267 1585/1577/5268
f 1589/1425/5269 1586/4091/5270 1585/1577/5271
f 1589/1425/5269 1585/1577/5271 1588/1645/5272
f 1591/47/5273 1589/1425/5274 1588/1645/5275
f 1591/47/5273 1588/1645/5275 1590/3862/5276
f 1593/4475/5277 1591/47/5278 1590/3862/5279
f 1593/4475/5277 1590/3862/5279 1592/3922/5280
f 1595/35/5281 1593/4475/5282 1592/3922/5283
f 1595/35/5281 1592/3922/5283 1594/2939/5284
f 1583/439/5285 1562/2399/5286 1561/1514/5287
f 1583/439/5285 1561/1514/5287 1584/2564/5288
f 1560/2901/5289 1595/35/5290 1594/2939/5291
f 1560/2901/5289 1594/2939/5291 1563/1881/5292
f 1597/3333/5293 1598/2110/5294 1559/1899/5295
f 1597/3333/5293 1559/1899/5295 1596/90/5296
f 1600/1363/5297 1597/3333/5298 1596/90/5299
f 1600/1363/5297 1596/90/5299 1599/855/5300
f 1602/685/5301 1600/1363/5302 1599/855/5303
f 1602/685/5301 1599/855/5303 1601/4461/5304
f 1604/2275/5305 1602/685/5306 1601/4461/5307
f 1604/2275/5305 1601/4461/5307 1603/3774/5308
f 1606/240/5309 1604/2275/5310 1603/3774/5311
f 1606/240/5309 1603/3774/5311 1605/3995/5312
f 1563/2495/5313 1573/39/5314 1572/2874/5315
f 1563/2495/5313 1572/2874/5315 1561/4700/5316
f 1562/2885/5317 1606/240/5318 1605/3995/5319
f 1562/2885/5317 1605/3995/5319 1560/2227/5320
f 1544/1951/5321 1508/85/5322 1560/2227/5323
f 1544/1951/5321 1560/2227/5323 1605/3995/5324
f 1543/766/5325 1640/809/5326 1574/238/5327
f 1543/766/5325 1574/238/5327 1576/4517/5328
f 1523/1495/5329 1525/4160/5330 1593/4475/5331
f 1523/1495/5329 1593/4475/5331 1595/35/5332
f 1542/1290/5333 1540/1799/5334 1577/3238/5335
f 1542/1290/5333 1577/3238/5335 1575/3221/5336
f 1524/1539/5337 1522/4003/5338 1594/2939/5339
f 1524/1539/5337 1594/2939/5339 1592/3922/5340
f 1534/2650/5341 1507/2776/5342 1562/2399/5343
f 1534/2650/5341 1562/2399/5343 1583/439/5344
f 1541/2851/5345 1543/766/5346 1576/4517/5347
f 1541/2851/5345 1576/4517/5347 1578/379/5348
f 1510/977/5349 1535/714/5350 1584/2564/5351
f 1510/977/5349 1584/2564/5351 1561/1514/5352
f 1540/1799/5353 1538/4580/5354 1579/614/5355
f 1540/1799/5353 1579/614/5355 1577/3238/5356
f 1508/3061/5357 1523/1495/5358 1595/35/5359
f 1508/3061/5357 1595/35/5359 1560/2901/5360
f 1522/4003/5361 1509/2006/5362 1563/1881/5363
f 1522/4003/5361 1563/1881/5363 1594/2939/5364
f 1539/2630/5365 1541/2851/5366 1578/379/5367
f 1539/2630/5365 1578/379/5367 1580/4022/5368
f 1538/4580/5369 1536/3637/5370 1581/3643/5371
f 1538/4580/5369 1581/3643/5371 1579/614/5372
f 1553/1905/5373 1663/1426/5374 1598/2110/5375
f 1553/1905/5373 1598/2110/5375 1597/3333/5376
f 1520/4161/5377 1521/1293/5378 1555/178/5379
f 1520/4161/5377 1555/178/5379 1565/2527/5380
f 1537/147/5381 1539/2630/5382 1580/4022/5383
f 1537/147/5381 1580/4022/5383 1582/789/5384
f 1554/3078/5385 1552/876/5386 1596/90/5387
f 1554/3078/5385 1596/90/5387 1559/1899/5388
f 1536/3637/5389 1534/2650/5390 1583/439/5391
f 1536/3637/5389 1583/439/5391 1581/3643/5392
f 1551/1286/5393 1553/1905/5394 1597/3333/5395
f 1551/1286/5393 1597/3333/5395 1600/1363/5396
f 1535/714/5397 1537/147/5398 1582/789/5399
f 1535/714/5397 1582/789/5399 1584/2564/5400
f 1518/2656/5401 1520/4161/5402 1565/2527/5403
f 1518/2656/5401 1565/2527/5403 1567/3753/5404
f 1552/876/5405 1550/3610/5406 1599/855/5407
f 1552/876/5405 1599/855/5407 1596/90/5408
f 1519/1174/5409 1517/2074/5410 1566/4298/5411
f 1519/1174/5409 1566/4298/5411 1564/3060/5412
f 1562/4295/5413 1560/2439/5414 1610/349/5415
f 1562/4295/5413 1610/349/5415 1608/2352/5416
f 1563/430/5417 1561/4209/5418 1607/2719/5419
f 1563/430/5417 1607/2719/5419 1612/2549/5420
f 1560/4359/5421 1563/2720/5422 1612/2760/5423
f 1560/4359/5421 1612/2760/5423 1610/4017/5424
f 1609/3830/5425 1613/1560/5426 1607/2107/5427
f 1608/2698/5428 1617/1736/5429 1615/3929/5430
f 1608/2698/5428 1615/3929/5430 1609/3830/5431
f 1610/3521/5432 1614/3118/5433 1611/780/5434
f 1612/886/5435 1613/1560/5436 1614/3118/5437
f 1611/780/5438 1614/3118/5439 1616/2440/5440
f 1611/780/5438 1616/2440/5440 1615/3929/5441
f 1612/2549/5442 1607/2719/5443 1613/2166/5444
f 1607/3781/5445 1608/2371/5446 1609/2460/5447
f 1608/2352/5448 1610/349/5449 1611/3192/5450
f 1608/2352/5448 1611/3192/5450 1617/1127/5451
f 1610/4017/5452 1612/2760/5453 1614/1477/5454
f 1609/3830/5455 1616/2440/5456 1613/1560/5457
usemtl brickwall1
f 1615/1011/5458 1617/1386/5459 1611/1022/5460
usemtl stonetrims
f 1613/1560/5461 1616/2440/5462 1614/3118/5463
f 1615/3929/5464 1616/2440/5465 1609/3830/5466
f 1468/3991/5467 1646/3036/5468 1627/3842/5469
f 1468/3991/5467 1627/3842/5469 1620/2824/5470
f 1533/2100/5471 1558/4029/5472 1634/1138/5473
f 1533/2100/5471 1634/1138/5473 1629/3301/5474
f 1521/3114/5475 1490/1557/5476 1623/2579/5477
f 1521/3114/5475 1623/2579/5477 1626/2581/5478
f 1483/2509/5479 1533/3791/5480 1629/2927/5481
f 1483/2509/5479 1629/2927/5481 1622/2407/5482
f 1574/238/5483 1640/809/5484 1645/586/5485
f 1574/238/5483 1645/586/5485 1636/4556/5486
f 1532/1469/5487 1496/1263/5488 1624/1288/5489
f 1532/1469/5487 1624/1288/5489 1628/2101/5490
f 1559/1899/5491 1598/2110/5492 1638/1280/5493
f 1559/1899/5491 1638/1280/5493 1635/2177/5494
f 1555/178/5495 1521/1293/5496 1626/4001/5497
f 1555/178/5495 1626/4001/5497 1631/2005/5498
f 1587/975/5499 1532/4152/5500 1628/4237/5501
f 1587/975/5499 1628/4237/5501 1637/1135/5502
f 1502/2843/5503 1554/2307/5504 1630/1635/5505
f 1502/2843/5503 1630/1635/5505 1625/1633/5506
f 1557/1515/5507 1574/238/5508 1636/4556/5509
f 1557/1515/5507 1636/4556/5509 1633/2200/5510
f 1598/2110/5511 1663/1426/5512 1660/2792/5513
f 1598/2110/5511 1660/2792/5513 1638/1280/5514
f 1663/2091/5515 1458/1844/5516 1618/3413/5517
f 1663/2091/5515 1618/3413/5517 1660/167/5518
f 1558/4029/5519 1587/975/5520 1637/1135/5521
f 1558/4029/5519 1637/1135/5521 1634/1138/5522
f 1640/4690/5523 1474/575/5524 1621/4214/5525
f 1640/4690/5523 1621/4214/5525 1645/2796/5526
f 1556/2510/5527 1555/178/5528 1631/2005/5529
f 1556/2510/5527 1631/2005/5529 1632/733/5530
f 1464/2416/5531 1653/3878/5532 1662/1192/5533
f 1464/2416/5531 1662/1192/5533 1619/833/5534
f 1554/3078/5535 1559/1899/5536 1635/2177/5537
f 1554/3078/5535 1635/2177/5537 1630/2267/5538
f 1561/3084/5539 1562/2961/5540 1608/2371/5541
f 1561/3084/5539 1608/2371/5541 1607/3781/5542
f 1652/4114/5543 1648/1361/5544 1472/924/5545
f 1652/4114/5543 1472/924/5545 1469/160/5546
f 1643/1785/5547 1650/4282/5548 1477/781/5549
f 1643/1785/5547 1477/781/5549 1473/2437/5550
f 1642/4078/5551 1646/3036/5552 1468/3991/5553
f 1642/4078/5551 1468/3991/5553 1478/37/5554
f 1646/4248/5555 1519/1174/5556 1564/3060/5557
f 1646/4248/5555 1564/3060/5557 1556/2510/5558
usemtl brickwall1
f 1647/4208/5559 1644/793/5560 1539/4304/5561
f 1647/4208/5559 1539/4304/5561 1537/146/5562
f 1644/793/5563 1641/2034/5564 1541/1075/5565
f 1644/793/5563 1541/1075/5565 1539/4304/5566
usemtl stonetrims
f 1627/895/5567 1646/4248/5568 1556/2510/5569
f 1627/895/5567 1556/2510/5569 1632/733/5570
f 1648/1361/5571 1643/1785/5572 1473/2437/5573
f 1648/1361/5571 1473/2437/5573 1472/924/5574
f 1650/4282/5575 1642/4078/5576 1478/37/5577
f 1650/4282/5575 1478/37/5577 1477/781/5578
usemtl brickwall1
f 1649/215/5579 1647/4208/5580 1537/146/5581
f 1649/215/5579 1537/146/5581 1535/3680/5582
f 1639/1457/5583 1649/215/5584 1535/3680/5585
f 1639/1457/5583 1535/3680/5585 1510/970/5586
usemtl stonetrims
f 1639/2592/5587 1652/4114/5588 1469/160/5589
f 1639/2592/5587 1469/160/5589 1476/4482/5590
usemtl brickwall1
f 1641/2034/5591 1651/580/5592 1543/764/5593
f 1641/2034/5591 1543/764/5593 1541/1075/5594
f 1651/580/5595 1640/1503/5596 1543/764/5597
f 1655/2446/5598 1664/1766/5599 1536/3675/5600
f 1655/2446/5598 1536/3675/5600 1538/672/5601
f 1653/1665/5602 1661/727/5603 1542/978/5604
f 1664/1766/5605 1656/3158/5606 1534/2550/5607
f 1664/1766/5605 1534/2550/5607 1536/3675/5608
usemtl stonetrims
f 1657/3295/5609 1667/3140/5610 1467/1210/5611
f 1657/3295/5609 1467/1210/5611 1459/1941/5612
f 1659/3086/5613 1657/3295/5614 1459/1941/5615
f 1659/3086/5613 1459/1941/5615 1462/1302/5616
f 1658/2534/5617 1666/4400/5618 1463/2483/5619
f 1658/2534/5617 1463/2483/5619 1466/3067/5620
f 1663/2091/5621 1665/2499/5622 1455/2987/5623
f 1663/2091/5621 1455/2987/5623 1458/1844/5624
f 1653/2471/5625 1542/1290/5626 1575/3221/5627
f 1653/2471/5625 1575/3221/5627 1557/1515/5628
usemtl brickwall1
f 1661/727/5629 1654/2868/5630 1540/822/5631
f 1661/727/5629 1540/822/5631 1542/978/5632
f 1654/2868/5633 1655/2446/5634 1538/672/5635
f 1654/2868/5633 1538/672/5635 1540/822/5636
f 1656/3158/5637 1667/3056/5638 1507/1749/5639
f 1656/3158/5637 1507/1749/5639 1534/2550/5640
usemtl stonetrims
f 1666/4400/5641 1659/3086/5642 1462/1302/5643
f 1666/4400/5641 1462/1302/5643 1463/2483/5644
f 1665/2499/5645 1658/2534/5646 1466/3067/5647
f 1665/2499/5645 1466/3067/5647 1455/2987/5648
f 1662/3516/5649 1653/2471/5650 1557/1515/5651
f 1662/3516/5649 1557/1515/5651 1633/2200/5652
usemtl brickwall1
f 1672/2464/5653 1678/73/5654 1529/302/5655
f 1672/2464/5653 1529/302/5655 1527/874/5656
f 1678/73/5657 1674/4405/5658 1531/3130/5659
f 1678/73/5657 1531/3130/5659 1529/302/5660
f 1671/3756/5661 1677/3424/5662 1525/3436/5663
f 1671/3756/5661 1525/3436/5663 1523/1211/5664
usemtl stonetrims
f 1675/4192/5665 1670/63/5666 1495/3496/5667
f 1675/4192/5665 1495/3496/5667 1494/1264/5668
f 1668/3371/5669 1669/674/5670 1499/3529/5671
f 1668/3371/5669 1499/3529/5671 1498/1395/5672
f 1673/193/5673 1675/4192/5674 1494/1264/5675
f 1673/193/5673 1494/1264/5675 1503/2963/5676
usemtl brickwall1
f 1676/2624/5677 1671/3756/5678 1523/1211/5679
f 1676/2624/5677 1523/1211/5679 1508/2357/5680
f 1674/4405/5681 1532/4663/5682 1531/3130/5683
f 1677/3424/5684 1672/2464/5685 1527/874/5686
f 1677/3424/5684 1527/874/5686 1525/3436/5687
usemtl stonetrims
f 1676/2445/5688 1673/193/5689 1503/2963/5690
f 1676/2445/5688 1503/2963/5690 1506/1379/5691
f 1670/63/5692 1668/3371/5693 1498/1395/5694
f 1670/63/5692 1498/1395/5694 1495/3496/5695
f 1669/674/5696 1554/2307/5697 1502/2843/5698
f 1669/674/5696 1502/2843/5698 1499/3529/5699
usemtl brickwall1
f 1689/2316/5700 1682/1909/5701 1526/4254/5702
f 1689/2316/5700 1526/4254/5702 1528/1890/5703
usemtl stonetrims
f 1687/2385/5704 1679/2918/5705 1481/1874/5706
f 1687/2385/5704 1481/1874/5706 1482/2665/5707
f 1688/3081/5708 1686/4401/5709 1485/418/5710
f 1688/3081/5708 1485/418/5710 1487/504/5711
f 1683/479/5712 1681/2751/5713 1486/229/5714
f 1683/479/5712 1486/229/5714 1491/1707/5715
usemtl brickwall1
f 1682/1909/5716 1685/2027/5717 1524/1159/5718
f 1682/1909/5716 1524/1159/5718 1526/4254/5719
f 1533/3028/5720 1684/1572/5721 1530/1944/5722
f 1685/2027/5723 1680/589/5724 1522/3589/5725
f 1685/2027/5723 1522/3589/5725 1524/1159/5726
f 1684/1572/5727 1689/2316/5728 1528/1890/5729
f 1684/1572/5727 1528/1890/5729 1530/1944/5730
f 1680/589/5731 1681/4657/5732 1509/2058/5733
f 1680/589/5731 1509/2058/5733 1522/3589/5734
usemtl stonetrims
f 1686/4401/5735 1687/2385/5736 1482/2665/5737
f 1686/4401/5735 1482/2665/5737 1485/418/5738
f 1521/3114/5739 1688/3081/5740 1487/504/5741
f 1521/3114/5739 1487/504/5741 1490/1557/5742
f 1679/2918/5743 1683/479/5744 1491/1707/5745
f 1679/2918/5743 1491/1707/5745 1481/1874/5746
f 1692/4692/5747 1702/1509/5748 1902/259/5749
f 1692/4692/5747 1902/259/5749 1891/2373/5750
usemtl brickwall1
f 1746/4415/5751 1748/532/5752 1883/3428/5753
f 1746/4415/5751 1883/3428/5753 1887/1103/5754
f 1748/532/5755 1750/3559/5756 1878/1680/5757
f 1748/532/5755 1878/1680/5757 1883/3428/5758
f 1750/3559/5759 1752/2655/5760 1885/1002/5761
f 1750/3559/5759 1885/1002/5761 1878/1680/5762
f 1752/2655/5763 1754/3522/5764 1877/3669/5765
f 1752/2655/5763 1877/3669/5765 1885/1002/5766
f 1754/3522/5767 1881/746/5768 1877/3669/5769
f 1743/4196/5770 1779/4283/5771 1908/31/5772
f 1743/4196/5770 1908/31/5772 1911/2911/5773
f 1749/3311/5774 1914/2735/5775 1922/1848/5776
f 1749/3311/5774 1922/1848/5776 1751/3381/5777
f 1751/3381/5778 1922/1848/5779 1921/825/5780
f 1751/3381/5778 1921/825/5780 1753/1113/5781
f 1753/1113/5782 1921/825/5783 1923/1965/5784
f 1753/1113/5782 1923/1965/5784 1755/1414/5785
f 1755/1414/5786 1923/1965/5787 1756/2988/5788
usemtl stonetrims
f 1736/571/5789 1740/426/5790 1912/2108/5791
f 1736/571/5789 1912/2108/5791 1906/3638/5792
f 1711/1607/5793 1715/3636/5794 1884/2040/5795
f 1711/1607/5793 1884/2040/5795 1874/2884/5796
usemtl brickwall1
f 1780/1911/5797 1892/136/5798 1894/2669/5799
f 1780/1911/5797 1894/2669/5799 1782/133/5800
f 1782/133/5801 1894/2669/5802 1901/1114/5803
f 1782/133/5801 1901/1114/5803 1784/4233/5804
f 1784/4233/5805 1901/1114/5806 1893/4592/5807
f 1784/4233/5805 1893/4592/5807 1786/902/5808
f 1786/902/5809 1893/4592/5810 1900/2234/5811
f 1786/902/5809 1900/2234/5811 1788/1377/5812
f 1788/1377/5813 1900/2234/5814 1898/2149/5815
f 1745/2823/5816 1746/4415/5817 1887/1103/5818
f 1745/2823/5816 1887/1103/5818 1874/3320/5819
f 1781/3465/5820 1783/1743/5821 1905/489/5822
f 1781/3465/5820 1905/489/5822 1910/1582/5823
f 1783/1743/5824 1785/4135/5825 1903/2903/5826
f 1783/1743/5824 1903/2903/5826 1905/489/5827
f 1785/4135/5828 1787/224/5829 1904/4071/5830
f 1785/4135/5828 1904/4071/5830 1903/2903/5831
f 1787/224/5832 1789/3956/5833 1904/4071/5834
f 1779/4283/5835 1781/3465/5836 1910/1582/5837
f 1779/4283/5835 1910/1582/5837 1908/31/5838
usemtl stonetrims
f 1714/2342/5839 1705/2931/5840 1886/3924/5841
f 1714/2342/5839 1886/3924/5841 1876/2334/5842
f 1706/356/5843 1710/4403/5844 1879/4613/5845
f 1706/356/5843 1879/4613/5845 1882/1009/5846
f 1705/2931/5847 1709/2396/5848 1875/261/5849
f 1705/2931/5847 1875/261/5849 1886/3924/5850
f 1710/4403/5851 1714/2342/5852 1876/2334/5853
f 1710/4403/5851 1876/2334/5853 1879/4613/5854
usemtl brickwall1
f 1747/1866/5855 1918/250/5856 1914/2735/5857
f 1747/1866/5855 1914/2735/5857 1749/3311/5858
usemtl stonetrims
f 1695/710/5859 1691/3059/5860 1889/3644/5861
f 1695/710/5859 1889/3644/5861 1896/1464/5862
f 1700/2321/5863 1696/4041/5864 1899/4047/5865
f 1700/2321/5863 1899/4047/5865 1890/1437/5866
f 1741/3249/5867 1736/571/5868 1906/3638/5869
f 1741/3249/5867 1906/3638/5869 1911/2752/5870
f 1699/4289/5871 1695/710/5872 1896/1464/5873
f 1699/4289/5871 1896/1464/5873 1888/995/5874
f 1691/3059/5875 1700/2321/5876 1890/1437/5877
f 1691/3059/5875 1890/1437/5877 1889/3644/5878
f 1696/4041/5879 1692/4692/5880 1891/2373/5881
f 1696/4041/5879 1891/2373/5881 1899/4047/5882
f 1739/2850/5883 1731/3099/5884 1767/1781/5885
f 1739/2850/5883 1767/1781/5885 1909/600/5886
f 1732/3397/5887 1735/4110/5888 1913/2207/5889
f 1732/3397/5887 1913/2207/5889 1907/225/5890
f 1715/3636/5891 1706/356/5892 1882/1009/5893
f 1715/3636/5891 1882/1009/5893 1884/2040/5894
f 1735/4110/5895 1739/2850/5896 1909/600/5897
f 1735/4110/5895 1909/600/5897 1913/2207/5898
f 1740/426/5899 1732/3397/5900 1907/225/5901
f 1740/426/5899 1907/225/5901 1912/2108/5902
usemtl brickwall1
f 1742/3563/5903 1902/183/5904 1892/136/5905
f 1742/3563/5903 1892/136/5905 1780/1911/5906
usemtl stonetrims
f 1718/4391/5907 1727/4249/5908 1919/3882/5909
f 1718/4391/5907 1919/3882/5909 1768/904/5910
f 1723/79/5911 1719/3779/5912 1917/102/5913
f 1723/79/5911 1917/102/5913 1924/1767/5914
f 1728/3354/5915 1724/1438/5916 1915/1850/5917
f 1728/3354/5915 1915/1850/5917 1920/280/5918
usemtl brickwall1
f 1744/3900/5919 1916/1792/5920 1918/250/5921
f 1744/3900/5919 1918/250/5921 1747/1866/5922
usemtl stonetrims
f 1727/4249/5923 1723/79/5924 1924/1767/5925
f 1727/4249/5923 1924/1767/5925 1919/3882/5926
f 1719/3779/5927 1728/3354/5928 1920/280/5929
f 1719/3779/5927 1920/280/5929 1917/102/5930
f 1724/1438/5931 1721/533/5932 1916/4593/5933
f 1724/1438/5931 1916/4593/5933 1915/1850/5934
f 1761/3607/5935 1759/1820/5936 1827/4230/5937
f 1761/3607/5935 1827/4230/5937 1825/982/5938
f 1742/1255/5939 1780/2576/5940 1841/2078/5941
f 1742/1255/5939 1841/2078/5941 1797/3186/5942
f 1760/4479/5943 1762/1099/5944 1826/1895/5945
f 1760/4479/5943 1826/1895/5945 1828/1598/5946
f 1746/1990/5947 1745/3304/5948 1796/276/5949
f 1746/1990/5947 1796/276/5949 1807/4715/5950
f 1744/929/5951 1747/1828/5952 1808/1891/5953
f 1744/929/5951 1808/1891/5953 1798/4379/5954
f 1748/2170/5955 1746/1990/5956 1807/4715/5957
f 1748/2170/5955 1807/4715/5957 1805/2812/5958
f 1763/3466/5959 1761/3607/5960 1825/982/5961
f 1763/3466/5959 1825/982/5961 1823/3467/5962
f 1781/3921/5963 1779/3800/5964 1840/1132/5965
f 1781/3921/5963 1840/1132/5965 1838/883/5966
f 1747/1828/5967 1749/2744/5968 1806/2290/5969
f 1747/1828/5967 1806/2290/5969 1808/1891/5970
f 1762/1099/5971 1764/76/5972 1824/1744/5973
f 1762/1099/5971 1824/1744/5973 1826/1895/5974
f 1780/2576/5975 1782/3418/5976 1839/4090/5977
f 1780/2576/5975 1839/4090/5977 1841/2078/5978
f 1750/2379/5979 1748/2170/5980 1805/2812/5981
f 1750/2379/5979 1805/2812/5981 1803/220/5982
f 1765/2188/5983 1763/3466/5984 1823/3467/5985
f 1765/2188/5983 1823/3467/5985 1820/1846/5986
f 1783/1958/5987 1781/3921/5988 1838/883/5989
f 1783/1958/5987 1838/883/5989 1836/1573/5990
f 1749/2744/5991 1751/2565/5992 1804/2111/5993
f 1749/2744/5991 1804/2111/5993 1806/2290/5994
f 1764/76/5995 1766/4440/5996 1821/1235/5997
f 1764/76/5995 1821/1235/5997 1824/1744/5998
f 1782/3418/5999 1784/744/6000 1837/2500/6001
f 1782/3418/5999 1837/2500/6001 1839/4090/6002
f 1752/3918/6003 1750/2379/6004 1803/220/6005
f 1752/3918/6003 1803/220/6005 1801/1401/6006
f 1768/2393/6007 1765/2188/6008 1820/1846/6009
f 1768/2393/6007 1820/1846/6009 1793/1166/6010
f 1785/735/6011 1783/1958/6012 1836/1573/6013
f 1785/735/6011 1836/1573/6013 1834/1158/6014
f 1751/2565/6015 1753/4505/6016 1802/861/6017
f 1751/2565/6015 1802/861/6017 1804/2111/6018
f 1784/744/6019 1786/3125/6020 1835/3228/6021
f 1784/744/6019 1835/3228/6021 1837/2500/6022
f 1766/4440/6023 1767/1282/6024 1822/2827/6025
f 1766/4440/6023 1822/2827/6025 1821/1235/6026
f 1800/4411/6027 1790/473/6028 1791/4393/6029
f 1800/4411/6027 1791/4393/6029 1799/187/6030
f 1802/861/6031 1800/4411/6032 1799/187/6033
f 1802/861/6031 1799/187/6033 1801/1401/6034
f 1804/2111/6035 1802/861/6036 1801/1401/6037
f 1804/2111/6035 1801/1401/6037 1803/220/6038
f 1806/2290/6039 1804/2111/6040 1803/220/6041
f 1806/2290/6039 1803/220/6041 1805/2812/6042
f 1808/1891/6043 1806/2290/6044 1805/2812/6045
f 1808/1891/6043 1805/2812/6045 1807/4715/6046
f 1792/3373/6047 1810/3501/6048 1811/1659/6049
f 1792/3373/6047 1811/1659/6049 1809/548/6050
f 1810/3501/6051 1812/340/6052 1813/2230/6053
f 1810/3501/6051 1813/2230/6053 1811/1659/6054
f 1812/340/6055 1814/2431/6056 1815/4352/6057
f 1812/340/6055 1815/4352/6057 1813/2230/6058
f 1814/2431/6059 1816/767/6060 1817/1068/6061
f 1814/2431/6059 1817/1068/6061 1815/4352/6062
f 1816/767/6063 1818/732/6064 1819/4444/6065
f 1816/767/6063 1819/4444/6065 1817/1068/6066
f 1821/1235/6067 1822/2827/6068 1793/1166/6069
f 1821/1235/6067 1793/1166/6069 1820/1846/6070
f 1824/1744/6071 1821/1235/6072 1820/1846/6073
f 1824/1744/6071 1820/1846/6073 1823/3467/6074
f 1826/1895/6075 1824/1744/6076 1823/3467/6077
f 1826/1895/6075 1823/3467/6077 1825/982/6078
f 1828/1598/6079 1826/1895/6080 1825/982/6081
f 1828/1598/6079 1825/982/6081 1827/4230/6082
f 1830/1885/6083 1828/1598/6084 1827/4230/6085
f 1830/1885/6083 1827/4230/6085 1829/53/6086
f 1818/732/6087 1797/4262/6088 1796/3372/6089
f 1818/732/6087 1796/3372/6089 1819/4444/6090
f 1795/17/6091 1830/1885/6092 1829/53/6093
f 1795/17/6091 1829/53/6093 1798/3720/6094
f 1832/427/6095 1833/3941/6096 1794/2197/6097
f 1832/427/6095 1794/2197/6097 1831/1930/6098
f 1835/3228/6099 1832/427/6100 1831/1930/6101
f 1835/3228/6099 1831/1930/6101 1834/1158/6102
f 1837/2500/6103 1835/3228/6104 1834/1158/6105
f 1837/2500/6103 1834/1158/6105 1836/1573/6106
f 1839/4090/6107 1837/2500/6108 1836/1573/6109
f 1839/4090/6107 1836/1573/6109 1838/883/6110
f 1841/2078/6111 1839/4090/6112 1838/883/6113
f 1841/2078/6111 1838/883/6113 1840/1132/6114
f 1798/4379/6115 1808/1891/6116 1807/4715/6117
f 1798/4379/6115 1807/4715/6117 1796/276/6118
f 1797/3186/6119 1841/2078/6120 1840/1132/6121
f 1797/3186/6119 1840/1132/6121 1795/4051/6122
f 1779/3800/6123 1743/1923/6124 1795/4051/6125
f 1779/3800/6123 1795/4051/6125 1840/1132/6126
f 1778/2606/6127 1875/2670/6128 1809/548/6129
f 1778/2606/6127 1809/548/6129 1811/1659/6130
f 1758/3356/6131 1760/4479/6132 1828/1598/6133
f 1758/3356/6131 1828/1598/6133 1830/1885/6134
f 1777/3135/6135 1775/2062/6136 1812/340/6137
f 1777/3135/6135 1812/340/6137 1810/3501/6138
f 1759/1820/6139 1757/4330/6140 1829/53/6141
f 1759/1820/6139 1829/53/6141 1827/4230/6142
f 1769/4500/6143 1742/3057/6144 1797/4262/6145
f 1769/4500/6143 1797/4262/6145 1818/732/6146
f 1776/4695/6147 1778/2606/6148 1811/1659/6149
f 1776/4695/6147 1811/1659/6149 1813/2230/6150
f 1745/2829/6151 1770/2537/6152 1819/4444/6153
f 1745/2829/6151 1819/4444/6153 1796/3372/6154
f 1775/2062/6155 1773/1721/6156 1814/2431/6157
f 1775/2062/6155 1814/2431/6157 1812/340/6158
f 1743/191/6159 1758/3356/6160 1830/1885/6161
f 1743/191/6159 1830/1885/6161 1795/17/6162
f 1757/4330/6163 1744/3851/6164 1798/3720/6165
f 1757/4330/6163 1798/3720/6165 1829/53/6166
f 1774/4489/6167 1776/4695/6168 1813/2230/6169
f 1774/4489/6167 1813/2230/6169 1815/4352/6170
f 1773/1721/6171 1771/761/6172 1816/767/6173
f 1773/1721/6171 1816/767/6173 1814/2431/6174
f 1788/3758/6175 1898/3292/6176 1833/3941/6177
f 1788/3758/6175 1833/3941/6177 1832/427/6178
f 1755/4480/6179 1756/1608/6180 1790/473/6181
f 1755/4480/6179 1790/473/6181 1800/4411/6182
f 1772/1989/6183 1774/4489/6184 1815/4352/6185
f 1772/1989/6183 1815/4352/6185 1817/1068/6186
f 1789/209/6187 1787/2742/6188 1831/1930/6189
f 1789/209/6187 1831/1930/6189 1794/2197/6190
f 1771/761/6191 1769/4500/6192 1818/732/6193
f 1771/761/6191 1818/732/6193 1816/767/6194
f 1786/3125/6195 1788/3758/6196 1832/427/6197
f 1786/3125/6195 1832/427/6197 1835/3228/6198
f 1770/2537/6199 1772/1989/6200 1817/1068/6201
f 1770/2537/6199 1817/1068/6201 1819/4444/6202
f 1753/4505/6203 1755/4480/6204 1800/4411/6205
f 1753/4505/6203 1800/4411/6205 1802/861/6206
f 1787/2742/6207 1785/735/6208 1834/1158/6209
f 1787/2742/6207 1834/1158/6209 1831/1930/6210
f 1754/1470/6211 1752/3918/6212 1801/1401/6213
f 1754/1470/6211 1801/1401/6213 1799/187/6214
f 1797/1396/6215 1795/4315/6216 1845/2191/6217
f 1797/1396/6215 1845/2191/6217 1843/2639/6218
f 1798/2291/6219 1796/1327/6220 1842/4561/6221
f 1798/2291/6219 1842/4561/6221 1847/4431/6222
f 1795/1463/6223 1798/4562/6224 1847/4603/6225
f 1795/1463/6223 1847/4603/6225 1845/1153/6226
f 1844/955/6227 1848/3404/6228 1842/3937/6229
f 1843/2980/6230 1852/3548/6231 1850/1051/6232
f 1843/2980/6230 1850/1051/6232 1844/955/6233
f 1845/664/6234 1849/239/6235 1846/1052/6236
f 1847/1195/6237 1848/3404/6238 1849/239/6239
f 1846/1052/6240 1849/239/6241 1851/4316/6242
f 1846/1052/6240 1851/4316/6242 1850/1051/6243
f 1847/4431/6244 1842/4561/6245 1848/3994/6246
f 1842/893/6247 1843/4212/6248 1844/4337/6249
f 1843/2639/6250 1845/2191/6251 1846/303/6252
f 1843/2639/6250 1846/303/6252 1852/2969/6253
f 1845/1153/6254 1847/4603/6255 1849/3341/6256
f 1844/955/6257 1851/4316/6258 1848/3404/6259
usemtl brickwall1
f 1850/2869/6260 1852/3254/6261 1846/1323/6262
usemtl stonetrims
f 1848/3404/6263 1851/4316/6264 1849/239/6265
f 1850/1051/6266 1851/4316/6267 1844/955/6268
f 1703/1129/6269 1881/156/6270 1862/967/6271
f 1703/1129/6269 1862/967/6271 1855/4669/6272
f 1768/2393/6273 1793/1166/6274 1869/2981/6275
f 1768/2393/6273 1869/2981/6275 1864/3567/6276
f 1756/3422/6277 1725/3402/6278 1858/4455/6279
f 1756/3422/6277 1858/4455/6279 1861/4457/6280
f 1718/4391/6281 1768/904/6282 1864/40/6283
f 1718/4391/6281 1864/40/6283 1857/4276/6284
f 1809/548/6285 1875/2670/6286 1880/848/6287
f 1809/548/6285 1880/848/6287 1871/1695/6288
f 1767/1781/6289 1731/3099/6290 1859/3128/6291
f 1767/1781/6289 1859/3128/6291 1863/3932/6292
f 1794/2197/6293 1833/3941/6294 1873/1590/6295
f 1794/2197/6293 1873/1590/6295 1870/2458/6296
f 1790/473/6297 1756/1608/6298 1861/1139/6299
f 1790/473/6297 1861/1139/6299 1866/3850/6300
f 1822/2827/6301 1767/1282/6302 1863/1345/6303
f 1822/2827/6301 1863/1345/6303 1872/2976/6304
f 1737/3132/6305 1789/2582/6306 1865/3455/6307
f 1737/3132/6305 1865/3455/6307 1860/3452/6308
f 1792/3373/6309 1809/548/6310 1871/1695/6311
f 1792/3373/6309 1871/1695/6311 1868/2480/6312
f 1833/3941/6313 1898/3292/6314 1895/4631/6315
f 1833/3941/6313 1895/4631/6315 1873/1590/6316
f 1898/3926/6317 1693/3678/6318 1853/534/6319
f 1898/3926/6317 1853/534/6319 1895/2007/6320
f 1793/1166/6321 1822/2827/6322 1872/2976/6323
f 1793/1166/6321 1872/2976/6323 1869/2981/6324
f 1875/261/6325 1709/2396/6326 1856/1332/6327
f 1875/261/6325 1856/1332/6327 1880/4635/6328
f 1791/4393/6329 1790/473/6330 1866/3850/6331
f 1791/4393/6329 1866/3850/6331 1867/2568/6332
f 1699/4289/6333 1888/995/6334 1897/1486/6335
f 1699/4289/6333 1897/1486/6335 1854/2694/6336
f 1789/209/6337 1794/2197/6338 1870/2458/6339
f 1789/209/6337 1870/2458/6339 1865/4083/6340
f 1796/216/6341 1797/3268/6342 1843/4212/6343
f 1796/216/6341 1843/4212/6343 1842/893/6344
f 1887/1254/6345 1883/1683/6346 1707/2785/6347
f 1887/1254/6345 1707/2785/6347 1704/458/6348
f 1878/2051/6349 1885/1380/6350 1712/2622/6351
f 1878/2051/6349 1712/2622/6351 1708/4311/6352
f 1877/1216/6353 1881/156/6354 1703/1129/6355
f 1877/1216/6353 1703/1129/6355 1713/1887/6356
f 1881/1354/6357 1754/1470/6358 1799/187/6359
f 1881/1354/6357 1799/187/6359 1791/4393/6360
usemtl brickwall1
f 1882/1325/6361 1879/2643/6362 1774/4582/6363
f 1882/1325/6361 1774/4582/6363 1772/1988/6364
f 1879/2643/6365 1876/3877/6366 1776/1368/6367
f 1879/2643/6365 1776/1368/6367 1774/4582/6368
usemtl stonetrims
f 1862/1206/6369 1881/1354/6370 1791/4393/6371
f 1862/1206/6369 1791/4393/6371 1867/2568/6372
f 1883/1683/6373 1878/2051/6374 1708/4311/6375
f 1883/1683/6373 1708/4311/6375 1707/2785/6376
f 1885/1380/6377 1877/1216/6378 1713/1887/6379
f 1885/1380/6377 1713/1887/6379 1712/2622/6380
usemtl brickwall1
f 1884/2052/6381 1882/1325/6382 1772/1988/6383
f 1884/2052/6381 1772/1988/6383 1770/801/6384
f 1874/3320/6385 1884/2052/6386 1770/801/6387
f 1874/3320/6385 1770/801/6387 1745/2823/6388
usemtl stonetrims
f 1874/2884/6389 1887/1254/6390 1704/458/6391
f 1874/2884/6389 1704/458/6391 1711/1607/6392
usemtl brickwall1
f 1876/3877/6393 1886/2398/6394 1778/1040/6395
f 1876/3877/6393 1778/1040/6395 1776/1368/6396
f 1886/2398/6397 1875/3363/6398 1778/1040/6399
f 1890/4317/6400 1899/3582/6401 1771/798/6402
f 1890/4317/6400 1771/798/6402 1773/2484/6403
f 1888/3481/6404 1896/2558/6405 1777/1277/6406
f 1899/3582/6407 1891/277/6408 1769/4432/6409
f 1899/3582/6407 1769/4432/6409 1771/798/6410
usemtl stonetrims
f 1892/391/6411 1902/259/6412 1702/1509/6413
f 1892/391/6411 1702/1509/6413 1694/3792/6414
f 1894/3399/6415 1892/391/6416 1694/3792/6417
f 1894/3399/6415 1694/3792/6417 1697/3149/6418
f 1893/4418/6419 1901/1496/6420 1698/2795/6421
f 1893/4418/6419 1698/2795/6421 1701/197/6422
f 1898/3926/6423 1900/4382/6424 1690/97/6425
f 1898/3926/6423 1690/97/6425 1693/3678/6426
f 1888/4348/6427 1777/3135/6428 1810/3501/6429
f 1888/4348/6427 1810/3501/6429 1792/3373/6430
usemtl brickwall1
f 1896/2558/6431 1889/4707/6432 1775/2687/6433
f 1896/2558/6431 1775/2687/6433 1777/1277/6434
f 1889/4707/6435 1890/4317/6436 1773/2484/6437
f 1889/4707/6435 1773/2484/6437 1775/2687/6438
f 1891/277/6439 1902/183/6440 1742/3563/6441
f 1891/277/6439 1742/3563/6441 1769/4432/6442
usemtl stonetrims
f 1901/1496/6443 1894/3399/6444 1697/3149/6445
f 1901/1496/6443 1697/3149/6445 1698/2795/6446
f 1900/4382/6447 1893/4418/6448 1701/197/6449
f 1900/4382/6447 1701/197/6449 1690/97/6450
f 1897/657/6451 1888/4348/6452 1792/3373/6453
f 1897/657/6451 1792/3373/6453 1868/2480/6454
usemtl brickwall1
f 1907/4340/6455 1913/367/6456 1764/2151/6457
f 1907/4340/6455 1764/2151/6457 1762/2739/6458
f 1913/367/6459 1909/1510/6460 1766/251/6461
f 1913/367/6459 1766/251/6461 1764/2151/6462
f 1906/866/6463 1912/3693/6464 1760/3714/6465
f 1906/866/6463 1760/3714/6465 1758/3046/6466
usemtl stonetrims
f 1910/4495/6467 1905/1906/6468 1730/633/6469
f 1910/4495/6467 1730/633/6469 1729/1566/6470
f 1903/466/6471 1904/2487/6472 1734/3813/6473
f 1903/466/6471 1734/3813/6473 1733/1715/6474
f 1908/2023/6475 1910/4495/6476 1729/1566/6477
f 1908/2023/6475 1729/1566/6477 1738/3275/6478
usemtl brickwall1
f 1911/2911/6479 1906/866/6480 1758/3046/6481
f 1911/2911/6479 1758/3046/6481 1743/4196/6482
f 1909/1510/6483 1767/1796/6484 1766/251/6485
f 1912/3693/6486 1907/4340/6487 1762/2739/6488
f 1912/3693/6486 1762/2739/6488 1760/3714/6489
usemtl stonetrims
f 1911/2752/6490 1908/2023/6491 1738/3275/6492
f 1911/2752/6490 1738/3275/6492 1741/3249/6493
f 1905/1906/6494 1903/466/6495 1733/1715/6496
f 1905/1906/6494 1733/1715/6496 1730/633/6497
f 1904/2487/6498 1789/2582/6499 1737/3132/6500
f 1904/2487/6498 1737/3132/6500 1734/3813/6501
usemtl brickwall1
f 1924/4137/6502 1917/3761/6503 1761/1359/6504
f 1924/4137/6502 1761/1359/6504 1763/3732/6505
usemtl stonetrims
f 1922/4241/6506 1914/3227/6507 1716/3708/6508
f 1922/4241/6506 1716/3708/6508 1717/4509/6509
f 1923/3396/6510 1921/1501/6511 1720/2276/6512
f 1923/3396/6510 1720/2276/6512 1722/2348/6513
f 1918/2325/6514 1916/4593/6515 1721/533/6516
f 1918/2325/6514 1721/533/6516 1726/1961/6517
usemtl brickwall1
f 1917/3761/6518 1920/3871/6519 1759/1454/6520
f 1917/3761/6518 1759/1454/6520 1761/1359/6521
f 1768/3350/6522 1919/3414/6523 1765/3794/6524
f 1920/3871/6525 1915/2404/6526 1757/3872/6527
f 1920/3871/6525 1757/3872/6527 1759/1454/6528
f 1919/3414/6529 1924/4137/6530 1763/3732/6531
f 1919/3414/6529 1763/3732/6531 1765/3794/6532
f 1915/2404/6533 1916/1792/6534 1744/3900/6535
f 1915/2404/6533 1744/3900/6535 1757/3872/6536
usemtl stonetrims
f 1921/1501/6537 1922/4241/6538 1717/4509/6539
f 1921/1501/6537 1717/4509/6539 1720/2276/6540
f 1756/3422/6541 1923/3396/6542 1722/2348/6543
f 1756/3422/6541 1722/2348/6543 1725/3402/6544
f 1914/3227/6545 1918/2325/6546 1726/1961/6547
f 1914/3227/6545 1726/1961/6547 1716/3708/6548
f 1927/1822/6549 1937/3369/6550 2137/567/6551
f 1927/1822/6549 2137/567/6551 2126/2674/6552
usemtl brickwall1
f 1981/1521/6553 1983/2369/6554 2118/554/6555
f 1981/1521/6553 2118/554/6555 2122/1399/6556
f 1983/2369/6557 1985/702/6558 2113/3502/6559
f 1983/2369/6557 2113/3502/6559 2118/554/6560
f 1985/702/6561 1987/4504/6562 2120/2856/6563
f 1985/702/6561 2120/2856/6563 2113/3502/6564
f 1987/4504/6565 1989/665/6566 2112/3955/6567
f 1987/4504/6565 2112/3955/6567 2120/2856/6568
f 1989/665/6569 2116/2583/6570 2112/3955/6571
f 1978/1315/6572 2014/1382/6573 2143/1882/6574
f 1978/1315/6572 2143/1882/6574 2146/25/6575
f 1984/407/6576 2149/4578/6577 2157/2141/6578
f 1984/407/6576 2157/2141/6578 1986/485/6579
f 1986/485/6580 2157/2141/6581 2156/2690/6582
f 1986/485/6580 2156/2690/6582 1988/2957/6583
f 1988/2957/6584 2156/2690/6585 2158/2278/6586
f 1988/2957/6584 2158/2278/6586 1990/3279/6587
f 1990/3279/6588 2158/2278/6589 1991/100/6590
usemtl stonetrims
f 1971/2391/6591 1975/2286/6592 2147/3938/6593
f 1971/2391/6591 2147/3938/6593 2141/762/6594
f 1946/3432/6595 1950/756/6596 2119/3884/6597
f 1946/3432/6595 2119/3884/6597 2109/1008/6598
usemtl brickwall1
f 2015/3762/6599 2127/1977/6600 2129/4512/6601
f 2015/3762/6599 2129/4512/6601 2017/1975/6602
f 2017/1975/6603 2129/4512/6604 2136/2958/6605
f 2017/1975/6603 2136/2958/6605 2019/4525/6606
f 2019/4525/6607 2136/2958/6608 2128/1735/6609
f 2019/4525/6607 2128/1735/6609 2021/2769/6610
f 2021/2769/6611 2128/1735/6612 2135/2511/6613
f 2021/2769/6611 2135/2511/6613 2023/3247/6614
f 2023/3247/6615 2135/2511/6616 2133/3971/6617
f 1980/3101/6618 1981/1521/6619 2122/1399/6620
f 1980/3101/6618 2122/1399/6620 2109/417/6621
f 2016/3745/6622 2018/3556/6623 2140/770/6624
f 2016/3745/6622 2140/770/6624 2145/3420/6625
f 2018/3556/6626 2020/1269/6627 2138/19/6628
f 2018/3556/6626 2138/19/6628 2140/770/6629
f 2020/1269/6630 2022/2059/6631 2139/4407/6632
f 2020/1269/6630 2139/4407/6632 2138/19/6633
f 2022/2059/6634 2024/1089/6635 2139/4407/6636
f 2014/1382/6637 2016/3745/6638 2145/3420/6639
f 2014/1382/6637 2145/3420/6639 2143/1882/6640
usemtl stonetrims
f 1949/4173/6641 1940/46/6642 2121/1043/6643
f 1949/4173/6641 2121/1043/6643 2111/2610/6644
f 1941/2195/6645 1945/4664/6646 2114/1761/6647
f 1941/2195/6645 2114/1761/6647 2117/2865/6648
f 1940/46/6649 1944/4255/6650 2110/2095/6651
f 1940/46/6649 2110/2095/6651 2121/1043/6652
f 1945/4664/6653 1949/4173/6654 2111/2610/6655
f 1945/4664/6653 2111/2610/6655 2114/1761/6656
usemtl brickwall1
f 1982/3700/6657 2153/2087/6658 2149/4578/6659
f 1982/3700/6657 2149/4578/6659 1984/407/6660
usemtl stonetrims
f 1930/2531/6661 1926/186/6662 2124/768/6663
f 1930/2531/6661 2124/768/6663 2131/3328/6664
f 1935/2595/6665 1931/1175/6666 2134/1186/6667
f 1935/2595/6665 2134/1186/6667 2125/3305/6668
f 1976/3523/6669 1971/2391/6670 2141/762/6671
f 1976/3523/6669 2141/762/6671 2146/4595/6672
f 1934/1391/6673 1930/2531/6674 2131/3328/6675
f 1934/1391/6673 2131/3328/6675 2123/2844/6676
f 1926/186/6677 1935/2595/6678 2125/3305/6679
f 1926/186/6677 2125/3305/6679 2124/768/6680
f 1931/1175/6681 1927/1822/6682 2126/2674/6683
f 1931/1175/6681 2126/2674/6683 2134/1186/6684
f 1974/4694/6685 1966/3406/6686 2002/3602/6687
f 1974/4694/6685 2002/3602/6687 2144/2414/6688
f 1967/507/6689 1970/1251/6690 2148/4035/6691
f 1967/507/6689 2148/4035/6691 2142/521/6692
f 1950/756/6693 1941/2195/6694 2117/2865/6695
f 1950/756/6693 2117/2865/6695 2119/3884/6696
f 1970/1251/6697 1974/4694/6698 2144/2414/6699
f 1970/1251/6697 2144/2414/6699 2148/4035/6700
f 1975/2286/6701 1967/507/6702 2142/521/6703
f 1975/2286/6701 2142/521/6703 2147/3938/6704
usemtl brickwall1
f 1977/703/6705 2137/2013/6706 2127/1977/6707
f 1977/703/6705 2127/1977/6707 2015/3762/6708
usemtl stonetrims
f 1953/1492/6709 1962/4535/6710 2154/4177/6711
f 1953/1492/6709 2154/4177/6711 2003/2770/6712
f 1958/1918/6713 1954/892/6714 2152/1942/6715
f 1958/1918/6713 2152/1942/6715 2159/2022/6716
f 1963/446/6717 1959/3306/6718 2150/2144/6719
f 1963/446/6717 2150/2144/6719 2155/2117/6720
usemtl brickwall1
f 1979/1014/6721 2151/3615/6722 2153/2087/6723
f 1979/1014/6721 2153/2087/6723 1982/3700/6724
usemtl stonetrims
f 1962/4535/6725 1958/1918/6726 2159/2022/6727
f 1962/4535/6725 2159/2022/6727 2154/4177/6728
f 1954/892/6729 1963/446/6730 2155/2117/6731
f 1954/892/6729 2155/2117/6731 2152/1942/6732
f 1959/3306/6733 1956/2367/6734 2151/1737/6735
f 1959/3306/6733 2151/1737/6735 2150/2144/6736
f 1996/3896/6737 1994/3650/6738 2062/1342/6739
f 1996/3896/6737 2062/1342/6739 2060/2835/6740
f 1977/3088/6741 2015/4453/6742 2076/3920/6743
f 1977/3088/6741 2076/3920/6743 2032/297/6744
f 1995/1600/6745 1997/1390/6746 2061/2184/6747
f 1995/1600/6745 2061/2184/6747 2063/3429/6748
f 1981/3835/6749 1980/397/6750 2031/2113/6751
f 1981/3835/6749 2031/2113/6751 2042/1840/6752
f 1979/2789/6753 1982/2103/6754 2043/3734/6755
f 1979/2789/6753 2043/3734/6755 2033/1479/6756
f 1983/3997/6757 1981/3835/6758 2042/1840/6759
f 1983/3997/6757 2042/1840/6759 2040/4654/6760
f 1998/595/6761 1996/3896/6762 2060/2835/6763
f 1998/595/6761 2060/2835/6763 2058/601/6764
f 2016/1038/6765 2014/918/6766 2075/2975/6767
f 2016/1038/6765 2075/2975/6767 2073/2748/6768
f 1982/2103/6769 1984/4587/6770 2041/4104/6771
f 1982/2103/6769 2041/4104/6771 2043/3734/6772
f 1997/1390/6773 1999/370/6774 2059/3561/6775
f 1997/1390/6773 2059/3561/6775 2061/2184/6776
f 2015/4453/6777 2017/538/6778 2074/1233/6779
f 2015/4453/6777 2074/1233/6779 2076/3920/6780
f 1985/4231/6781 1983/3997/6782 2040/4654/6783
f 1985/4231/6781 2040/4654/6783 2038/2057/6784
f 2000/4019/6785 1998/595/6786 2058/601/6787
f 2000/4019/6785 2058/601/6787 2055/3679/6788
f 2018/3805/6789 2016/1038/6790 2073/2748/6791
f 2018/3805/6789 2073/2748/6791 2071/3416/6792
f 1984/4587/6793 1986/4445/6794 2039/3943/6795
f 1984/4587/6793 2039/3943/6795 2041/4104/6796
f 1999/370/6797 2001/1547/6798 2056/3072/6799
f 1999/370/6797 2056/3072/6799 2059/3561/6800
f 2017/538/6801 2019/2584/6802 2072/4383/6803
f 2017/538/6801 2072/4383/6803 2074/1233/6804
f 1987/1033/6805 1985/4231/6806 2038/2057/6807
f 1987/1033/6805 2038/2057/6807 2036/1718/6808
f 2003/4252/6809 2000/4019/6810 2055/3679/6811
f 2003/4252/6809 2055/3679/6811 2028/3006/6812
f 2020/2569/6813 2018/3805/6814 2071/3416/6815
f 2020/2569/6813 2071/3416/6815 2069/2997/6816
f 1986/4445/6817 1988/1646/6818 2037/2729/6819
f 1986/4445/6817 2037/2729/6819 2039/3943/6820
f 2019/2584/6821 2021/246/6822 2070/327/6823
f 2019/2584/6821 2070/327/6823 2072/4383/6824
f 2001/1547/6825 2002/3119/6826 2057/4672/6827
f 2001/1547/6825 2057/4672/6827 2056/3072/6828
f 2035/1516/6829 2025/2322/6830 2026/1493/6831
f 2035/1516/6829 2026/1493/6831 2034/2018/6832
f 2037/2729/6833 2035/1516/6834 2034/2018/6835
f 2037/2729/6833 2034/2018/6835 2036/1718/6836
f 2039/3943/6837 2037/2729/6838 2036/1718/6839
f 2039/3943/6837 2036/1718/6839 2038/2057/6840
f 2041/4104/6841 2039/3943/6842 2038/2057/6843
f 2041/4104/6841 2038/2057/6843 2040/4654/6844
f 2043/3734/6845 2041/4104/6846 2040/4654/6847
f 2043/3734/6845 2040/4654/6847 2042/1840/6848
f 2027/468/6849 2045/639/6850 2046/3476/6851
f 2027/468/6849 2046/3476/6851 2044/2374/6852
f 2045/639/6853 2047/2183/6854 2048/4054/6855
f 2045/639/6853 2048/4054/6855 2046/3476/6856
f 2047/2183/6857 2049/4306/6858 2050/1453/6859
f 2047/2183/6857 2050/1453/6859 2048/4054/6860
f 2049/4306/6861 2051/2607/6862 2052/2922/6863
f 2049/4306/6861 2052/2922/6863 2050/1453/6864
f 2051/2607/6865 2053/2567/6866 2054/1551/6867
f 2051/2607/6865 2054/1551/6867 2052/2922/6868
f 2056/3072/6869 2057/4672/6870 2028/3006/6871
f 2056/3072/6869 2028/3006/6871 2055/3679/6872
f 2059/3561/6873 2056/3072/6874 2055/3679/6875
f 2059/3561/6873 2055/3679/6875 2058/601/6876
f 2061/2184/6877 2059/3561/6878 2058/601/6879
f 2061/2184/6877 2058/601/6879 2060/2835/6880
f 2063/3429/6881 2061/2184/6882 2060/2835/6883
f 2063/3429/6881 2060/2835/6883 2062/1342/6884
f 2065/3726/6885 2063/3429/6886 2062/1342/6887
f 2065/3726/6885 2062/1342/6887 2064/354/6888
f 2053/2567/6889 2032/4547/6890 2031/3631/6891
f 2053/2567/6889 2031/3631/6891 2054/1551/6892
f 2030/1871/6893 2065/3726/6894 2064/354/6895
f 2030/1871/6893 2064/354/6895 2033/838/6896
f 2067/2287/6897 2068/1069/6898 2029/4026/6899
f 2067/2287/6897 2029/4026/6899 2066/3780/6900
f 2070/327/6901 2067/2287/6902 2066/3780/6903
f 2070/327/6901 2066/3780/6903 2069/2997/6904
f 2072/4383/6905 2070/327/6906 2069/2997/6907
f 2072/4383/6905 2069/2997/6907 2071/3416/6908
f 2074/1233/6909 2072/4383/6910 2071/3416/6911
f 2074/1233/6909 2071/3416/6911 2073/2748/6912
f 2076/3920/6913 2074/1233/6914 2073/2748/6915
f 2076/3920/6913 2073/2748/6915 2075/2975/6916
f 2033/1479/6917 2043/3734/6918 2042/1840/6919
f 2033/1479/6917 2042/1840/6919 2031/2113/6920
f 2032/297/6921 2076/3920/6922 2075/2975/6923
f 2032/297/6921 2075/2975/6923 2030/1189/6924
f 2014/918/6925 1978/3775/6926 2030/1189/6927
f 2014/918/6925 2030/1189/6927 2075/2975/6928
f 2013/4476/6929 2110/2952/6930 2044/2374/6931
f 2013/4476/6929 2044/2374/6931 2046/3476/6932
f 1993/449/6933 1995/1600/6934 2063/3429/6935
f 1993/449/6933 2063/3429/6935 2065/3726/6936
f 2012/256/6937 2010/3902/6938 2047/2183/6939
f 2012/256/6937 2047/2183/6939 2045/639/6940
f 1994/3650/6941 1992/1429/6942 2064/354/6943
f 1994/3650/6941 2064/354/6943 2062/1342/6944
f 2004/1639/6945 1977/188/6946 2032/4547/6947
f 2004/1639/6945 2032/4547/6947 2053/2567/6948
f 2011/1825/6949 2013/4476/6950 2046/3476/6951
f 2011/1825/6949 2046/3476/6951 2048/4054/6952
f 1980/4676/6953 2005/4420/6954 2054/1551/6955
f 1980/4676/6953 2054/1551/6955 2031/3631/6956
f 2010/3902/6957 2008/3539/6958 2049/4306/6959
f 2010/3902/6957 2049/4306/6959 2047/2183/6960
f 1978/2020/6961 1993/449/6962 2065/3726/6963
f 1978/2020/6961 2065/3726/6963 2030/1871/6964
f 1992/1429/6965 1979/974/6966 2033/838/6967
f 1992/1429/6965 2033/838/6967 2064/354/6968
f 2009/1621/6969 2011/1825/6970 2048/4054/6971
f 2009/1621/6969 2048/4054/6971 2050/1453/6972
f 2008/3539/6973 2006/2600/6974 2051/2607/6975
f 2008/3539/6973 2051/2607/6975 2049/4306/6976
f 2023/4031/6977 2133/388/6978 2068/1069/6979
f 2023/4031/6977 2068/1069/6979 2067/2287/6980
f 1990/1601/6981 1991/3433/6982 2025/2322/6983
f 1990/1601/6981 2025/2322/6983 2035/1516/6984
f 2007/2301/6985 2009/1621/6986 2050/1453/6987
f 2007/2301/6985 2050/1453/6987 2052/2922/6988
f 2024/498/6989 2022/4585/6990 2066/3780/6991
f 2024/498/6989 2066/3780/6991 2029/4026/6992
f 2006/2600/6993 2004/1639/6994 2053/2567/6995
f 2006/2600/6993 2053/2567/6995 2051/2607/6996
f 2021/246/6997 2023/4031/6998 2067/2287/6999
f 2021/246/6997 2067/2287/6999 2070/327/7000
f 2005/4420/7001 2007/2301/7002 2052/2922/7003
f 2005/4420/7001 2052/2922/7003 2054/1551/7004
f 1988/1646/7005 1990/1601/7006 2035/1516/7007
f 1988/1646/7005 2035/1516/7007 2037/2729/7008
f 2022/4585/7009 2020/2569/7010 2069/2997/7011
f 2022/4585/7009 2069/2997/7011 2066/3780/7012
f 1989/3334/7013 1987/1033/7014 2036/1718/7015
f 1989/3334/7013 2036/1718/7015 2034/2018/7016
f 2032/3260/7017 2030/4590/7018 2080/4021/7019
f 2032/3260/7017 2080/4021/7019 2078/4491/7020
f 2033/4108/7021 2031/3183/7022 2077/112/7023
f 2033/4108/7021 2077/112/7023 2082/1537/7024
f 2030/1775/7025 2033/114/7026 2082/1750/7027
f 2030/1775/7025 2082/1750/7027 2080/1447/7028
f 2079/2809/7029 2083/520/7030 2077/1066/7031
f 2078/91/7032 2087/695/7033 2085/1353/7034
f 2078/91/7032 2085/1353/7034 2079/2809/7035
f 2080/2475/7036 2084/2077/7037 2081/2910/7038
f 2082/3035/7039 2083/520/7040 2084/2077/7041
f 2081/2910/7042 2084/2077/7043 2086/1415/7044
f 2081/2910/7042 2086/1415/7044 2085/1353/7045
f 2082/1537/7046 2077/112/7047 2083/1131/7048
f 2077/2759/7049 2078/1329/7050 2079/1439/7051
f 2078/4491/7052 2080/4021/7053 2081/2152/7054
f 2078/4491/7052 2081/2152/7054 2087/3276/7055
f 2080/1447/7056 2082/1750/7057 2084/3606/7058
f 2079/2809/7059 2086/1415/7060 2083/520/7061
usemtl brickwall1
f 2085/4710/7062 2087/3528/7063 2081/3179/7064
usemtl stonetrims
f 2083/520/7065 2086/1415/7066 2084/2077/7067
f 2085/1353/7068 2086/1415/7069 2079/2809/7070
f 1938/2970/7071 2116/1997/7072 2097/2820/7073
f 1938/2970/7071 2097/2820/7073 2090/1800/7074
f 2003/4252/7075 2028/3006/7076 2104/3294/7077
f 2003/4252/7075 2104/3294/7077 2099/708/7078
f 1991/545/7079 1960/511/7080 2093/1563/7081
f 1991/545/7079 2093/1563/7081 2096/1567/7082
f 1953/1492/7083 2003/2770/7084 2099/335/7085
f 1953/1492/7083 2099/335/7085 2092/4565/7086
f 2044/2374/7087 2110/2952/7088 2115/2709/7089
f 2044/2374/7087 2115/2709/7089 2106/1945/7090
f 2002/3602/7091 1966/3406/7092 2094/249/7093
f 2002/3602/7091 2094/249/7093 2098/1061/7094
f 2029/4026/7095 2068/1069/7096 2108/3425/7097
f 2029/4026/7095 2108/3425/7097 2105/4335/7098
f 2025/2322/7099 1991/3433/7100 2096/1427/7101
f 2025/2322/7099 2096/1427/7101 2101/972/7102
f 2057/4672/7103 2002/3119/7104 2098/3208/7105
f 2057/4672/7103 2098/3208/7105 2107/3288/7106
f 1972/253/7107 2024/4458/7108 2100/3741/7109
f 1972/253/7107 2100/3741/7109 2095/590/7110
f 2027/468/7111 2044/2374/7112 2106/1945/7113
f 2027/468/7111 2106/1945/7113 2103/4356/7114
f 2068/1069/7115 2133/388/7116 2130/1776/7117
f 2068/1069/7115 2130/1776/7117 2108/3425/7118
f 2133/1046/7119 1928/800/7120 2088/2370/7121
f 2133/1046/7119 2088/2370/7121 2130/3852/7122
f 2028/3006/7123 2057/4672/7124 2107/3288/7125
f 2028/3006/7123 2107/3288/7125 2104/3294/7126
f 2110/2095/7127 1944/4255/7128 2091/3193/7129
f 2110/2095/7127 2091/3193/7129 2115/1777/7130
f 2026/1493/7131 2025/2322/7132 2101/972/7133
f 2026/1493/7131 2101/972/7133 2102/4447/7134
f 1934/1391/7135 2123/2844/7136 2132/3351/7137
f 1934/1391/7135 2132/3351/7137 2089/4540/7138
f 2024/498/7139 2029/4026/7140 2105/4335/7141
f 2024/498/7139 2105/4335/7141 2100/1223/7142
f 2031/2053/7143 2032/371/7144 2078/1329/7145
f 2031/2053/7143 2078/1329/7145 2077/2759/7146
f 2122/3085/7147 2118/3506/7148 1942/4623/7149
f 2122/3085/7147 1942/4623/7149 1939/2315/7150
f 2113/3897/7151 2120/3250/7152 1947/4484/7153
f 2113/3897/7151 1947/4484/7153 1943/1411/7154
f 2112/3054/7155 2116/1997/7156 1938/2970/7157
f 2112/3054/7155 1938/2970/7157 1948/3736/7158
f 2116/3216/7159 1989/3334/7160 2034/2018/7161
f 2116/3216/7159 2034/2018/7161 2026/1493/7162
usemtl brickwall1
f 2117/1648/7163 2114/2929/7164 2009/1722/7165
f 2117/1648/7163 2009/1722/7165 2007/3834/7166
f 2114/2929/7167 2111/994/7168 2011/3236/7169
f 2114/2929/7167 2011/3236/7169 2009/1722/7170
usemtl stonetrims
f 2097/3043/7171 2116/3216/7172 2026/1493/7173
f 2097/3043/7171 2026/1493/7173 2102/4447/7174
f 2118/3506/7175 2113/3897/7176 1943/1411/7177
f 2118/3506/7175 1943/1411/7177 1942/4623/7178
f 2120/3250/7179 2112/3054/7180 1948/3736/7181
f 2120/3250/7179 1948/3736/7181 1947/4484/7182
usemtl brickwall1
f 2119/3898/7183 2117/1648/7184 2007/3834/7185
f 2119/3898/7183 2007/3834/7185 2005/1097/7186
f 2109/417/7187 2119/3898/7188 2005/1097/7189
f 2109/417/7187 2005/1097/7189 1980/3101/7190
usemtl stonetrims
f 2109/1008/7191 2122/3085/7192 1939/2315/7193
f 2109/1008/7191 1939/2315/7193 1946/3432/7194
usemtl brickwall1
f 2111/994/7195 2121/4260/7196 2013/2897/7197
f 2111/994/7195 2013/2897/7197 2011/3236/7198
f 2121/4260/7199 2110/461/7200 2013/2897/7201
f 2125/4594/7202 2134/3865/7203 2006/2657/7204
f 2125/4594/7202 2006/2657/7204 2008/4360/7205
f 2123/3768/7206 2131/4438/7207 2012/3112/7208
f 2134/3865/7209 2126/581/7210 2004/4689/7211
f 2134/3865/7209 2004/4689/7211 2006/2657/7212
usemtl stonetrims
f 2127/2244/7213 2137/567/7214 1937/3369/7215
f 2127/2244/7213 1937/3369/7215 1929/905/7216
f 2129/509/7217 2127/2244/7218 1929/905/7219
f 2129/509/7217 1929/905/7219 1932/268/7220
f 2128/4680/7221 2136/3357/7222 1933/4634/7223
f 2128/4680/7221 1933/4634/7223 1936/2028/7224
f 2133/1046/7225 2135/1483/7226 1925/400/7227
f 2133/1046/7225 1925/400/7227 1928/800/7228
f 2123/1450/7229 2012/256/7230 2045/639/7231
f 2123/1450/7229 2045/639/7231 2027/468/7232
usemtl brickwall1
f 2131/4438/7233 2124/1834/7234 2010/4530/7235
f 2131/4438/7233 2010/4530/7235 2012/3112/7236
f 2124/1834/7237 2125/4594/7238 2008/4360/7239
f 2124/1834/7237 2008/4360/7239 2010/4530/7240
f 2126/581/7241 2137/2013/7242 1977/703/7243
f 2126/581/7241 1977/703/7243 2004/4689/7244
usemtl stonetrims
f 2136/3357/7245 2129/509/7246 1932/268/7247
f 2136/3357/7245 1932/268/7247 1933/4634/7248
f 2135/1483/7249 2128/4680/7250 1936/2028/7251
f 2135/1483/7249 1936/2028/7251 1925/400/7252
f 2132/912/7253 2123/1450/7254 2027/468/7255
f 2132/912/7253 2027/468/7255 2103/4356/7256
usemtl brickwall1
f 2142/1440/7257 2148/2214/7258 1999/3974/7259
f 2142/1440/7257 1999/3974/7259 1997/4583/7260
f 2148/2214/7261 2144/3370/7262 2001/2088/7263
f 2148/2214/7261 2001/2088/7263 1999/3974/7264
f 2141/1167/7265 2147/813/7266 1995/831/7267
f 2141/1167/7265 1995/831/7267 1993/168/7268
usemtl stonetrims
f 2145/1630/7269 2140/3757/7270 1965/2448/7271
f 2145/1630/7269 1965/2448/7271 1964/3409/7272
f 2138/2318/7273 2139/4363/7274 1969/933/7275
f 2138/2318/7273 1969/933/7275 1968/3536/7276
f 2143/3867/7277 2145/1630/7278 1964/3409/7279
f 2143/3867/7277 1964/3409/7279 1973/377/7280
usemtl brickwall1
f 2146/25/7281 2141/1167/7282 1993/168/7283
f 2146/25/7281 1993/168/7283 1978/1315/7284
f 2144/3370/7285 2002/3619/7286 2001/2088/7287
f 2147/813/7288 2142/1440/7289 1997/4583/7290
f 2147/813/7288 1997/4583/7290 1995/831/7291
usemtl stonetrims
f 2146/4595/7292 2143/3867/7293 1973/377/7294
f 2146/4595/7292 1973/377/7294 1976/3523/7295
f 2140/3757/7296 2138/2318/7297 1968/3536/7298
f 2140/3757/7296 1968/3536/7298 1965/2448/7299
f 2139/4363/7300 2024/4458/7301 1972/253/7302
f 2139/4363/7300 1972/253/7302 1969/933/7303
usemtl brickwall1
f 2159/1273/7304 2152/4036/7305 1996/3222/7306
f 2159/1273/7304 1996/3222/7306 1998/847/7307
usemtl stonetrims
f 2157/1348/7308 2149/326/7309 1951/3992/7310
f 2157/1348/7308 1951/3992/7310 1952/1654/7311
f 2158/505/7312 2156/3362/7313 1955/4092/7314
f 2158/505/7312 1955/4092/7314 1957/4181/7315
f 2153/2601/7316 2151/1737/7317 1956/2367/7318
f 2153/2601/7316 1956/2367/7318 1961/3808/7319
usemtl brickwall1
f 2152/4036/7320 2155/986/7321 1994/3318/7322
f 2152/4036/7320 1994/3318/7322 1996/3222/7323
f 2003/445/7324 2154/535/7325 2000/910/7326
f 2155/986/7327 2150/4272/7328 1992/988/7329
f 2155/986/7327 1992/988/7329 1994/3318/7330
f 2154/535/7331 2159/1273/7332 1998/847/7333
f 2154/535/7331 1998/847/7333 2000/910/7334
f 2150/4272/7335 2151/3615/7336 1979/1014/7337
f 2150/4272/7335 1979/1014/7337 1992/988/7338
usemtl stonetrims
f 2156/3362/7339 2157/1348/7340 1952/1654/7341
f 2156/3362/7339 1952/1654/7341 1955/4092/7342
f 1991/545/7343 2158/505/7344 1957/4181/7345
f 1991/545/7343 1957/4181/7345 1960/511/7346
f 2149/326/7347 2153/2601/7348 1961/3808/7349
f 2149/326/7347 1961/3808/7349 1951/3992/7350
f 2162/903/7351 2161/3988/7352 2180/4321/7353
f 2162/903/7351 2180/4321/7353 2181/1652/7354
f 2164/3763/7355 2165/4166/7356 2176/3201/7357
f 2164/3763/7355 2176/3201/7357 2173/3347/7358
f 2163/1687/7359 2162/903/7360 2181/1652/7361
f 2163/1687/7359 2181/1652/7361 2182/1939/7362
usemtl brickwall1
f 2165/2467/7363 2162/2562/7364 2163/2079/7365
f 2165/2467/7363 2163/2079/7365 2166/4300/7366
f 2166/202/7367 2163/4522/7368 2160/1056/7369
f 2166/202/7367 2160/1056/7369 2167/2953/7370
f 2164/2608/7371 2161/944/7372 2162/1090/7373
f 2164/2608/7371 2162/1090/7373 2165/3575/7374
f 2167/500/7375 2160/1256/7376 2161/2237/7377
f 2167/500/7375 2161/2237/7377 2164/1/7378
usemtl stonetrims
f 2167/4443/7379 2164/3763/7380 2173/3347/7381
f 2167/4443/7379 2173/3347/7381 2183/4655/7382
f 2160/2242/7383 2163/1687/7384 2182/1939/7385
f 2160/2242/7383 2182/1939/7385 2170/130/7386
f 2170/4477/7387 2171/4385/7388 2172/2552/7389
f 2170/4477/7387 2172/2552/7389 2180/143/7390
f 2180/143/7391 2172/2552/7392 2175/4636/7393
f 2180/143/7391 2175/4636/7393 2181/3634/7394
f 2181/3634/7395 2175/4636/7396 2178/606/7397
f 2181/3634/7395 2178/606/7397 2182/597/7398
f 2182/597/7399 2178/606/7400 2171/3082/7401
f 2182/597/7399 2171/3082/7401 2170/1860/7402
f 2169/3739/7403 2183/713/7404 2173/2452/7405
f 2169/3739/7403 2173/2452/7405 2168/3180/7406
f 2168/3180/7407 2173/2452/7408 2176/4123/7409
f 2168/3180/7407 2176/4123/7409 2174/4261/7410
f 2177/1234/7411 2179/4643/7412 2183/1200/7413
f 2177/1234/7411 2183/1200/7413 2169/4247/7414
f 2174/4261/7415 2176/4123/7416 2179/4643/7417
f 2174/4261/7415 2179/4643/7417 2177/1234/7418
f 2166/3796/7419 2167/189/7420 2183/1533/7421
f 2166/3796/7419 2183/1533/7421 2179/1140/7422
f 2161/3988/7423 2160/1073/7424 2170/1404/7425
f 2161/3988/7423 2170/1404/7425 2180/4321/7426
f 2165/4166/7427 2166/3796/7428 2179/1140/7429
f 2165/4166/7427 2179/1140/7429 2176/3201/7430
f 2171/4385/7431 2178/1239/7432 2175/2553/7433
f 2171/4385/7431 2175/2553/7433 2172/350/7434
f 2168/3245/7435 2174/54/7436 2177/57/7437
f 2168/3245/7435 2177/57/7437 2169/1473/7438
f 2186/1949/7439 2185/3499/7440 2204/641/7441
f 2186/1949/7439 2204/641/7441 2205/2671/7442
f 2188/77/7443 2189/499/7444 2200/4238/7445
f 2188/77/7443 2200/4238/7445 2197/2817/7446
f 2187/2711/7447 2186/1949/7448 2205/2671/7449
f 2187/2711/7447 2205/2671/7449 2206/2993/7450
usemtl brickwall1
f 2189/3524/7451 2186/3613/7452 2187/3134/7453
f 2189/3524/7451 2187/3134/7453 2190/615/7454
f 2190/1241/7455 2187/820/7456 2184/2114/7457
f 2190/1241/7455 2184/2114/7457 2191/3980/7458
f 2188/2092/7459 2185/1985/7460 2186/2139/7461
f 2188/2092/7459 2186/2139/7461 2189/3062/7462
f 2191/1555/7463 2184/2304/7464 2185/3297/7465
f 2191/1555/7463 2185/3297/7465 2188/4226/7466
usemtl stonetrims
f 2191/737/7467 2188/77/7468 2197/2817/7469
f 2191/737/7467 2197/2817/7469 2207/966/7470
f 2184/3307/7471 2187/2711/7472 2206/2993/7473
f 2184/3307/7471 2206/2993/7473 2194/1182/7474
f 2194/777/7475 2195/699/7476 2196/3603/7477
f 2194/777/7475 2196/3603/7477 2204/1194/7478
f 2204/1194/7479 2196/3603/7480 2199/947/7481
f 2204/1194/7479 2199/947/7481 2205/4679/7482
f 2205/4679/7483 2199/947/7484 2202/1658/7485
f 2205/4679/7483 2202/1658/7485 2206/1653/7486
f 2206/1653/7487 2202/1658/7488 2195/4118/7489
f 2206/1653/7487 2195/4118/7489 2194/2898/7490
f 2193/55/7491 2207/1770/7492 2197/3512/7493
f 2193/55/7491 2197/3512/7493 2192/4215/7494
f 2192/4215/7495 2197/3512/7496 2200/462/7497
f 2192/4215/7495 2200/462/7497 2198/585/7498
f 2201/2284/7499 2203/956/7500 2207/706/7501
f 2201/2284/7499 2207/706/7501 2193/578/7502
f 2198/585/7503 2200/462/7504 2203/956/7505
f 2198/585/7503 2203/956/7505 2201/2284/7506
f 2190/117/7507 2191/1237/7508 2207/2554/7509
f 2190/117/7507 2207/2554/7509 2203/650/7510
f 2185/3499/7511 2184/2123/7512 2194/2438/7513
f 2185/3499/7511 2194/2438/7513 2204/641/7514
f 2189/499/7515 2190/117/7516 2203/650/7517
f 2189/499/7515 2203/650/7517 2200/4238/7518
f 2195/699/7519 2202/2294/7520 2199/3604/7521
f 2195/699/7519 2199/3604/7521 2196/1389/7522
f 2192/4285/7523 2198/1101/7524 2201/1104/7525
f 2192/4285/7523 2201/1104/7525 2193/2501/7526
f 2210/2998/7527 2209/4546/7528 2228/1690/7529
f 2210/2998/7527 2228/1690/7529 2229/3699/7530
f 2212/4322/7531 2213/1554/7532 2224/573/7533
f 2212/4322/7531 2224/573/7533 2221/3847/7534
f 2211/3747/7535 2210/2998/7536 2229/3699/7537
f 2211/3747/7535 2229/3699/7537 2230/4025/7538
usemtl brickwall1
f 2213/4575/7539 2210/3097/7540 2211/4178/7541
f 2213/4575/7539 2211/4178/7541 2214/1672/7542
f 2214/2295/7543 2211/1878/7544 2208/3165/7545
f 2214/2295/7543 2208/3165/7545 2215/312/7546
f 2212/3151/7547 2209/3031/7548 2210/3194/7549
f 2212/3151/7547 2210/3194/7549 2213/4093/7550
f 2215/2577/7551 2208/3366/7552 2209/4341/7553
f 2215/2577/7551 2209/4341/7553 2212/560/7554
usemtl stonetrims
f 2215/1797/7555 2212/4322/7556 2221/3847/7557
f 2215/1797/7555 2221/3847/7557 2231/2008/7558
f 2208/4346/7559 2211/3747/7560 2230/4025/7561
f 2208/4346/7559 2230/4025/7561 2218/2231/7562
f 2218/1827/7563 2219/1752/7564 2220/4651/7565
f 2218/1827/7563 2220/4651/7565 2228/2243/7566
f 2228/2243/7567 2220/4651/7568 2223/1986/7569
f 2228/2243/7567 2223/1986/7569 2229/987/7570
f 2229/987/7571 2223/1986/7572 2226/2683/7573
f 2229/987/7571 2226/2683/7573 2230/2673/7574
f 2230/2673/7575 2226/2683/7576 2219/450/7577
f 2230/2673/7575 2219/450/7577 2218/3927/7578
f 2217/1100/7579 2231/2799/7580 2221/4554/7581
f 2217/1100/7579 2221/4554/7581 2216/550/7582
f 2216/550/7583 2221/4554/7584 2224/1518/7585
f 2216/550/7583 2224/1518/7585 2222/1641/7586
f 2225/3338/7587 2227/1995/7588 2231/1759/7589
f 2225/3338/7587 2231/1759/7589 2217/1626/7590
f 2222/1641/7591 2224/1518/7592 2227/1995/7593
f 2222/1641/7591 2227/1995/7593 2225/3338/7594
f 2214/1168/7595 2215/2285/7596 2231/2043/7597
f 2214/1168/7595 2231/2043/7597 2227/1696/7598
f 2209/4546/7599 2208/1642/7600 2218/3505/7601
f 2209/4546/7599 2218/3505/7601 2228/1690/7602
f 2213/1554/7603 2214/1168/7604 2227/1696/7605
f 2213/1554/7603 2227/1696/7605 2224/573/7606
f 2219/1752/7607 2226/3348/7608 2223/4653/7609
f 2219/1752/7607 2223/4653/7609 2220/2425/7610
f 2216/609/7611 2222/2155/7612 2225/2157/7613
f 2216/609/7611 2225/2157/7613 2217/3554/7614
f 2234/4032/7615 2233/850/7616 2252/2715/7617
f 2234/4032/7615 2252/2715/7617 2253/3209/7618
f 2236/640/7619 2237/2573/7620 2248/1623/7621
f 2236/640/7619 2248/1623/7621 2245/174/7622
f 2235/3255/7623 2234/4032/7624 2253/3209/7625
f 2235/3255/7623 2253/3209/7625 2254/361/7626
usemtl brickwall1
f 2237/870/7627 2234/4136/7628 2235/506/7629
f 2237/870/7627 2235/506/7629 2238/2693/7630
f 2238/3352/7631 2235/2919/7632 2232/4201/7633
f 2238/3352/7631 2232/4201/7633 2239/4537/7634
f 2236/4187/7635 2233/2519/7636 2234/4227/7637
f 2236/4187/7635 2234/4227/7637 2237/425/7638
f 2239/2065/7639 2232/4413/7640 2233/661/7641
f 2239/2065/7639 2233/661/7641 2236/1612/7642
usemtl stonetrims
f 2239/2825/7643 2236/640/7644 2245/174/7645
f 2239/2825/7643 2245/174/7645 2255/3052/7646
f 2232/666/7647 2235/3255/7648 2254/361/7649
f 2232/666/7647 2254/361/7649 2242/3291/7650
f 2242/2866/7651 2243/2773/7652 2244/959/7653
f 2242/2866/7651 2244/959/7653 2252/3308/7654
f 2252/3308/7655 2244/959/7656 2247/1494/7657
f 2252/3308/7655 2247/1494/7657 2253/2036/7658
f 2253/2036/7659 2247/1494/7660 2250/3711/7661
f 2253/2036/7659 2250/3711/7661 2254/2159/7662
f 2254/2159/7663 2250/3711/7664 2243/1507/7665
f 2254/2159/7663 2243/1507/7665 2242/266/7666
f 2241/2154/7667 2255/3825/7668 2245/4023/7669
f 2241/2154/7667 2245/4023/7669 2240/1599/7670
f 2240/1599/7671 2245/4023/7672 2248/2535/7673
f 2240/1599/7671 2248/2535/7673 2246/2659/7674
f 2249/4387/7675 2251/3042/7676 2255/2779/7677
f 2249/4387/7675 2255/2779/7677 2241/1080/7678
f 2246/2659/7679 2248/2535/7680 2251/3042/7681
f 2246/2659/7679 2251/3042/7681 2249/4387/7682
f 2238/676/7683 2239/3345/7684 2255/3089/7685
f 2238/676/7683 2255/3089/7685 2251/2726/7686
f 2233/850/7687 2232/2663/7688 2242/4548/7689
f 2233/850/7687 2242/4548/7689 2252/2715/7690
f 2237/2573/7691 2238/676/7692 2251/2726/7693
f 2237/2573/7691 2251/2726/7693 2248/1623/7694
f 2243/2773/7695 2250/2818/7696 2247/964/7697
f 2243/2773/7695 2247/964/7697 2244/3483/7698
f 2240/1661/7699 2246/3204/7700 2249/3207/7701
f 2240/1661/7699 2249/3207/7701 2241/4602/7702
f 2258/368/7703 2257/1896/7704 2276/3751/7705
f 2258/368/7703 2276/3751/7705 2277/4256/7706
f 2260/1691/7707 2261/3623/7708 2272/2644/7709
f 2260/1691/7707 2272/2644/7709 2269/1224/7710
f 2259/4297/7711 2258/368/7712 2277/4256/7713
f 2259/4297/7711 2277/4256/7713 2278/1403/7714
usemtl brickwall1
f 2261/1916/7715 2258/474/7716 2259/4708/7717
f 2261/1916/7715 2259/4708/7717 2262/3725/7718
f 2262/1259/7719 2259/3950/7720 2256/536/7721
f 2262/1259/7719 2256/536/7721 2263/840/7722
f 2260/522/7723 2257/3569/7724 2258/563/7725
f 2260/522/7723 2258/563/7725 2261/1481/7726
f 2263/3110/7727 2256/712/7728 2257/121/7729
f 2263/3110/7727 2257/121/7729 2260/2635/7730
usemtl stonetrims
f 2263/3858/7731 2260/1691/7732 2269/1224/7733
f 2263/3858/7731 2269/1224/7733 2279/4084/7734
f 2256/126/7735 2259/4297/7736 2278/1403/7737
f 2256/126/7735 2278/1403/7737 2266/4334/7738
f 2266/2358/7739 2267/3801/7740 2268/1998/7741
f 2266/2358/7739 2268/1998/7741 2276/4349/7742
f 2276/4349/7743 2268/1998/7744 2271/2521/7745
f 2276/4349/7743 2271/2521/7745 2277/3080/7746
f 2277/3080/7747 2271/2521/7748 2274/32/7749
f 2277/3080/7747 2274/32/7749 2278/3211/7750
f 2278/3211/7751 2274/32/7752 2267/2529/7753
f 2278/3211/7751 2267/2529/7753 2266/1309/7754
f 2265/3203/7755 2279/3353/7756 2269/360/7757
f 2265/3203/7755 2269/360/7757 2264/2621/7758
f 2264/2621/7759 2269/360/7760 2272/3585/7761
f 2264/2621/7759 2272/3585/7761 2270/3686/7762
f 2273/700/7763 2275/4074/7764 2279/3811/7765
f 2273/700/7763 2279/3811/7765 2265/2133/7766
f 2270/3686/7767 2272/3585/7768 2275/4074/7769
f 2270/3686/7767 2275/4074/7769 2273/700/7770
f 2262/1727/7771 2263/2814/7772 2279/4126/7773
f 2262/1727/7771 2279/4126/7773 2275/3759/7774
f 2257/1896/7775 2256/3692/7776 2266/4013/7777
f 2257/1896/7775 2266/4013/7777 2276/3751/7778
f 2261/3623/7779 2262/1727/7780 2275/3759/7781
f 2261/3623/7779 2275/3759/7781 2272/2644/7782
f 2267/3801/7783 2274/3846/7784 2271/2000/7785
f 2267/3801/7783 2271/2000/7785 2268/4527/7786
f 2264/2685/7787 2270/4250/7788 2273/2255/7789
f 2264/2685/7787 2273/2255/7789 2265/907/7790
f 2282/1410/7791 2281/2944/7792 2300/3258/7793
f 2282/1410/7791 2300/3258/7793 2301/583/7794
f 2284/2717/7795 2285/4674/7796 2296/2128/7797
f 2284/2717/7795 2296/2128/7797 2293/2272/7798
f 2283/613/7799 2282/1410/7800 2301/583/7801
f 2283/613/7799 2301/583/7801 2302/2434/7802
usemtl brickwall1
f 2285/2971/7803 2282/1527/7804 2283/1018/7805
f 2285/2971/7803 2283/1018/7805 2286/3240/7806
f 2286/3849/7807 2283/286/7808 2280/2/7809
f 2286/3849/7807 2280/2/7809 2287/1894/7810
f 2284/1574/7811 2281/4614/7812 2282/1614/7813
f 2284/1574/7811 2282/1614/7813 2285/2506/7814
f 2287/4151/7815 2280/1768/7816 2281/1171/7817
f 2287/4151/7815 2281/1171/7817 2284/3664/7818
usemtl stonetrims
f 2287/192/7819 2284/2717/7820 2293/2272/7821
f 2287/192/7819 2293/2272/7821 2303/420/7822
f 2280/1176/7823 2283/613/7824 2302/2434/7825
f 2280/1176/7823 2302/2434/7825 2290/655/7826
f 2290/3417/7827 2291/125/7828 2292/3048/7829
f 2290/3417/7827 2292/3048/7829 2300/667/7830
f 2300/667/7831 2292/3048/7832 2295/3571/7833
f 2300/667/7831 2295/3571/7833 2301/4117/7834
f 2301/4117/7835 2295/3571/7836 2298/4265/7837
f 2301/4117/7835 2298/4265/7837 2302/4258/7838
f 2302/4258/7839 2298/4265/7840 2291/3581/7841
f 2302/4258/7839 2291/3581/7841 2290/795/7842
f 2289/3555/7843 2303/2574/7844 2293/1402/7845
f 2289/3555/7843 2293/1402/7845 2288/2105/7846
f 2288/2105/7847 2293/1402/7848 2296/4640/7849
f 2288/2105/7847 2296/4640/7849 2294/3199/7850
f 2297/1754/7851 2299/3578/7852 2303/129/7853
f 2297/1754/7851 2303/129/7853 2289/3187/7854
f 2294/3199/7855 2296/4640/7856 2299/3578/7857
f 2294/3199/7855 2299/3578/7857 2297/1754/7858
f 2286/2749/7859 2287/3840/7860 2303/463/7861
f 2286/2749/7859 2303/463/7861 2299/75/7862
f 2281/2944/7863 2280/10/7864 2290/352/7865
f 2281/2944/7863 2290/352/7865 2300/3258/7866
f 2285/4674/7867 2286/2749/7868 2299/75/7869
f 2285/4674/7867 2299/75/7869 2296/2128/7870
f 2291/125/7871 2298/173/7872 2295/3049/7873
f 2291/125/7871 2295/3049/7873 2292/3998/7874
f 2288/3712/7875 2294/579/7876 2297/3721/7877
f 2288/3712/7875 2297/3721/7877 2289/411/7878
f 2306/2449/7879 2305/3975/7880 2324/4301/7881
f 2306/2449/7879 2324/4301/7881 2325/1631/7882
f 2308/3750/7883 2309/4147/7884 2320/3184/7885
f 2308/3750/7883 2320/3184/7885 2317/3327/7886
f 2307/1668/7887 2306/2449/7888 2325/1631/7889
f 2307/1668/7887 2325/1631/7889 2326/3497/7890
usemtl brickwall1
f 2309/2454/7891 2306/2545/7892 2307/2067/7893
f 2309/2454/7891 2307/2067/7893 2310/4278/7894
f 2310/176/7895 2307/4508/7896 2304/1039/7897
f 2310/176/7895 2304/1039/7897 2311/2937/7898
f 2308/2593/7899 2305/928/7900 2306/1067/7901
f 2308/2593/7899 2306/1067/7901 2309/3562/7902
f 2311/484/7903 2304/2797/7904 2305/2219/7905
f 2311/484/7903 2305/2219/7905 2308/4717/7906
usemtl stonetrims
f 2311/4427/7907 2308/3750/7908 2317/3327/7909
f 2311/4427/7907 2317/3327/7909 2327/1465/7910
f 2304/2224/7911 2307/1668/7912 2326/3497/7913
f 2304/2224/7911 2326/3497/7913 2314/1708/7914
f 2314/4467/7915 2315/1170/7916 2316/4079/7917
f 2314/4467/7915 2316/4079/7917 2324/127/7918
f 2324/127/7919 2316/4079/7920 2319/4617/7921
f 2324/127/7919 2319/4617/7921 2325/448/7922
f 2325/448/7923 2319/4617/7924 2322/592/7925
f 2325/448/7923 2322/592/7925 2326/584/7926
f 2326/584/7927 2322/592/7928 2315/4629/7929
f 2326/584/7927 2315/4629/7929 2314/1841/7930
f 2313/3722/7931 2327/707/7932 2317/2432/7933
f 2313/3722/7931 2317/2432/7933 2312/3164/7934
f 2312/3164/7935 2317/2432/7936 2320/4102/7937
f 2312/3164/7935 2320/4102/7937 2318/4236/7938
f 2321/2775/7939 2323/4624/7940 2327/1181/7941
f 2321/2775/7939 2327/1181/7941 2313/4220/7942
f 2318/4236/7943 2320/4102/7944 2323/4624/7945
f 2318/4236/7943 2323/4624/7945 2321/2775/7946
f 2310/3778/7947 2311/170/7948 2327/1519/7949
f 2310/3778/7947 2327/1519/7949 2323/1121/7950
f 2305/3975/7951 2304/1047/7952 2314/1387/7953
f 2305/3975/7951 2314/1387/7953 2324/4301/7954
f 2309/4147/7955 2310/3778/7956 2323/1121/7957
f 2309/4147/7955 2323/1121/7957 2320/3184/7958
f 2315/1170/7959 2322/1226/7960 2319/4081/7961
f 2315/1170/7959 2319/4081/7961 2316/328/7962
f 2312/33/7963 2318/41/7964 2321/43/7965
f 2312/33/7963 2321/43/7965 2313/1455/7966
f 2330/1931/7967 2329/308/7968 2348/619/7969
f 2330/1931/7967 2348/619/7969 2349/2653/7970
f 2332/65/7971 2333/481/7972 2344/4217/7973
f 2332/65/7971 2344/4217/7973 2341/4371/7974
f 2331/2692/7975 2330/1931/7976 2349/2653/7977
f 2331/2692/7975 2349/2653/7977 2350/2982/7978
usemtl brickwall1
f 2333/3513/7979 2330/3599/7980 2331/3116/7981
f 2333/3513/7979 2331/3116/7981 2334/604/7982
f 2334/1227/7983 2331/812/7984 2328/2090/7985
f 2334/1227/7983 2328/2090/7985 2335/3966/7986
f 2332/3639/7987 2329/1967/7988 2330/2120/7989
f 2332/3639/7987 2330/2120/7989 2333/4608/7990
f 2335/1541/7991 2328/3823/7992 2329/3278/7993
f 2335/1541/7991 2329/3278/7993 2332/1023/7994
usemtl stonetrims
f 2335/726/7995 2332/65/7996 2341/4371/7997
f 2335/726/7995 2341/4371/7997 2351/949/7998
f 2328/3281/7999 2331/2692/8000 2350/2982/8001
f 2328/3281/7999 2350/2982/8001 2338/2731/8002
f 2338/763/8003 2339/677/8004 2340/3584/8005
f 2338/763/8003 2340/3584/8005 2348/1180/8006
f 2348/1180/8007 2340/3584/8008 2343/930/8009
f 2348/1180/8007 2343/930/8009 2349/4668/8010
f 2349/4668/8011 2343/930/8012 2346/1647/8013
f 2349/4668/8011 2346/1647/8013 2350/1632/8014
f 2350/1632/8015 2346/1647/8016 2339/939/8017
f 2350/1632/8015 2339/939/8017 2338/2886/8018
f 2337/44/8019 2351/1760/8020 2341/3498/8021
f 2337/44/8019 2341/3498/8021 2336/4197/8022
f 2336/4197/8023 2341/3498/8024 2344/441/8025
f 2336/4197/8023 2344/441/8025 2342/568/8026
f 2345/2268/8027 2347/938/8028 2351/2232/8029
f 2345/2268/8027 2351/2232/8029 2337/555/8030
f 2342/568/8031 2344/441/8032 2347/938/8033
f 2342/568/8031 2347/938/8033 2345/2268/8034
f 2334/96/8035 2335/1214/8036 2351/2536/8037
f 2334/96/8035 2351/2536/8037 2347/2167/8038
f 2329/308/8039 2328/2102/8040 2338/2423/8041
f 2329/308/8039 2338/2423/8041 2348/619/8042
f 2333/481/8043 2334/96/8044 2347/2167/8045
f 2333/481/8043 2347/2167/8045 2344/4217/8046
f 2339/677/8047 2346/2271/8048 2343/3586/8049
f 2339/677/8047 2343/3586/8049 2340/1373/8050
f 2336/4268/8051 2342/1081/8052 2345/1084/8053
f 2336/4268/8051 2345/1084/8053 2337/2485/8054
f 2354/2989/8055 2353/4526/8056 2372/1677/8057
f 2354/2989/8055 2372/1677/8057 2373/3683/8058
f 2356/1115/8059 2357/1538/8060 2368/552/8061
f 2356/1115/8059 2368/552/8061 2365/3832/8062
f 2355/3724/8063 2354/2989/8064 2373/3683/8065
f 2355/3724/8063 2373/3683/8065 2374/4010/8066
usemtl brickwall1
f 2357/4555/8067 2354/4646/8068 2355/4153/8069
f 2357/4555/8067 2355/4153/8069 2358/1657/8070
f 2358/2279/8071 2355/1865/8072 2352/3152/8073
f 2358/2279/8071 2352/3152/8073 2359/304/8074
f 2356/3127/8075 2353/3014/8076 2354/3173/8077
f 2356/3127/8075 2354/3173/8077 2357/911/8078
f 2359/2561/8079 2352/3349/8080 2353/4325/8081
f 2359/2561/8079 2353/4325/8081 2356/2075/8082
usemtl stonetrims
f 2359/1784/8083 2356/1115/8084 2365/3832/8085
f 2359/1784/8083 2365/3832/8085 2375/1992/8086
f 2352/4328/8087 2355/3724/8088 2374/4010/8089
f 2352/4328/8087 2374/4010/8089 2362/2208/8090
f 2362/1814/8091 2363/1730/8092 2364/4502/8093
f 2362/1814/8091 2364/4502/8093 2372/2226/8094
f 2372/2226/8095 2364/4502/8096 2367/1969/8097
f 2372/2226/8095 2367/1969/8097 2373/976/8098
f 2373/976/8099 2367/1969/8100 2370/2666/8101
f 2373/976/8099 2370/2666/8101 2374/2654/8102
f 2374/2654/8103 2370/2666/8104 2363/433/8105
f 2374/2654/8103 2363/433/8105 2362/3919/8106
f 2361/1083/8107 2375/2783/8108 2365/4539/8109
f 2361/1083/8107 2365/4539/8109 2360/539/8110
f 2360/539/8111 2365/4539/8112 2368/1490/8113
f 2360/539/8111 2368/1490/8113 2366/1622/8114
f 2369/3321/8115 2371/1976/8116 2375/3287/8117
f 2369/3321/8115 2375/3287/8117 2361/1609/8118
f 2366/1622/8119 2368/1490/8120 2371/1976/8121
f 2366/1622/8119 2371/1976/8121 2369/3321/8122
f 2358/1152/8123 2359/2269/8124 2375/3590/8125
f 2358/1152/8123 2375/3590/8125 2371/3225/8126
f 2353/4526/8127 2352/3159/8128 2362/3484/8129
f 2353/4526/8127 2362/3484/8129 2372/1677/8130
f 2357/1538/8131 2358/1152/8132 2371/3225/8133
f 2357/1538/8131 2371/3225/8133 2368/552/8134
f 2363/1730/8135 2370/3326/8136 2367/4641/8137
f 2363/1730/8135 2367/4641/8137 2364/2409/8138
f 2360/593/8139 2366/2135/8140 2369/2136/8141
f 2360/593/8139 2369/2136/8141 2361/3538/8142
f 2378/4018/8143 2377/830/8144 2396/2699/8145
f 2378/4018/8143 2396/2699/8145 2397/4/8146
f 2380/618/8147 2381/2560/8148 2392/1602/8149
f 2380/618/8147 2392/1602/8149 2389/154/8150
f 2379/45/8151 2378/4018/8152 2397/4/8153
f 2379/45/8151 2397/4/8153 2398/345/8154
usemtl brickwall1
f 2381/859/8155 2378/958/8156 2379/490/8157
f 2381/859/8155 2379/490/8157 2382/2681/8158
f 2382/3330/8159 2379/2905/8160 2376/4186/8161
f 2382/3330/8159 2376/4186/8161 2383/1341/8162
f 2380/4167/8163 2377/4048/8164 2378/4210/8165
f 2380/4167/8163 2378/4210/8165 2381/413/8166
f 2383/3611/8167 2376/2728/8168 2377/646/8169
f 2383/3611/8167 2377/646/8169 2380/1594/8170
usemtl stonetrims
f 2383/2815/8171 2380/618/8172 2389/154/8173
f 2383/2815/8171 2389/154/8173 2399/3038/8174
f 2376/651/8175 2379/45/8176 2398/345/8177
f 2376/651/8175 2398/345/8177 2386/3272/8178
f 2386/2845/8179 2387/2753/8180 2388/943/8181
f 2386/2845/8179 2388/943/8181 2396/1016/8182
f 2396/1016/8183 2388/943/8184 2391/3015/8185
f 2396/1016/8183 2391/3015/8185 2397/2016/8186
f 2397/2016/8187 2391/3015/8188 2394/3696/8189
f 2397/2016/8187 2394/3696/8189 2398/3685/8190
f 2398/3685/8191 2394/3696/8192 2387/1487/8193
f 2398/3685/8191 2387/1487/8193 2386/243/8194
f 2385/2138/8195 2399/3812/8196 2389/841/8197
f 2385/2138/8195 2389/841/8197 2384/1584/8198
f 2384/1584/8199 2389/841/8200 2392/2520/8201
f 2384/1584/8199 2392/2520/8201 2390/2642/8202
f 2393/4368/8203 2395/3025/8204 2399/2766/8205
f 2393/4368/8203 2399/2766/8205 2385/2631/8206
f 2390/2642/8207 2392/2520/8208 2395/3025/8209
f 2390/2642/8207 2395/3025/8209 2393/4368/8210
f 2382/2194/8211 2383/3323/8212 2399/3076/8213
f 2382/2194/8211 2399/3076/8213 2395/2708/8214
f 2377/830/8215 2376/2645/8216 2386/4529/8217
f 2377/830/8215 2386/4529/8217 2396/2699/8218
f 2381/2560/8219 2382/2194/8220 2395/2708/8221
f 2381/2560/8219 2395/2708/8221 2392/1602/8222
f 2387/2753/8223 2394/4370/8224 2391/945/8225
f 2387/2753/8223 2391/945/8225 2388/3469/8226
f 2384/1650/8227 2390/3196/8228 2393/3197/8229
f 2384/1650/8227 2393/3197/8229 2385/4586/8230
f 2402/355/8231 2401/1884/8232 2420/3738/8233
f 2402/355/8231 2420/3738/8233 2421/4228/8234
f 2404/1678/8235 2405/3608/8236 2416/2626/8237
f 2404/1678/8235 2416/2626/8237 2413/1204/8238
f 2403/1093/8239 2402/355/8240 2421/4228/8241
f 2403/1093/8239 2421/4228/8241 2422/1383/8242
usemtl brickwall1
f 2405/1907/8243 2402/456/8244 2403/1546/8245
f 2405/1907/8243 2403/1546/8245 2406/3705/8246
f 2406/4374/8247 2403/3931/8248 2400/516/8249
f 2406/4374/8247 2400/516/8249 2407/821/8250
f 2404/501/8251 2401/381/8252 2402/546/8253
f 2404/501/8251 2402/546/8253 2405/1459/8254
f 2407/4662/8255 2400/704/8256 2401/1692/8257
f 2407/4662/8255 2401/1692/8257 2404/2613/8258
usemtl stonetrims
f 2407/3841/8259 2404/1678/8260 2413/1204/8261
f 2407/3841/8259 2413/1204/8261 2423/4068/8262
f 2400/1698/8263 2403/1093/8264 2422/1383/8265
f 2400/1698/8263 2422/1383/8265 2410/4314/8266
f 2410/3888/8267 2411/3788/8268 2412/1982/8269
f 2410/3888/8267 2412/1982/8269 2420/4333/8270
f 2420/4333/8271 2412/1982/8272 2415/2502/8273
f 2420/4333/8271 2415/2502/8273 2421/3068/8274
f 2421/3068/8275 2415/2502/8276 2418/12/8277
f 2421/3068/8275 2418/12/8277 2422/3198/8278
f 2422/3198/8279 2418/12/8280 2411/2516/8281
f 2422/3198/8279 2411/2516/8281 2410/1291/8282
f 2409/1910/8283 2423/131/8284 2413/342/8285
f 2409/1910/8283 2413/342/8285 2408/2603/8286
f 2408/2603/8287 2413/342/8288 2416/3570/8289
f 2408/2603/8287 2416/3570/8289 2414/3670/8290
f 2417/681/8291 2419/4056/8292 2423/3793/8293
f 2417/681/8291 2423/3793/8293 2409/2115/8294
f 2414/3670/8295 2416/3570/8296 2419/4056/8297
f 2414/3670/8295 2419/4056/8297 2417/681/8298
f 2406/1712/8299 2407/4369/8300 2423/4109/8301
f 2406/1712/8299 2423/4109/8301 2419/3740/8302
f 2401/1884/8303 2400/3672/8304 2410/832/8305
f 2401/1884/8303 2410/832/8305 2420/3738/8306
f 2405/3608/8307 2406/1712/8308 2419/3740/8309
f 2405/3608/8307 2419/3740/8309 2416/2626/8310
f 2411/3788/8311 2418/686/8312 2415/1987/8313
f 2411/3788/8311 2415/1987/8313 2412/4514/8314
f 2408/2667/8315 2414/4221/8316 2417/4223/8317
f 2408/2667/8315 2417/4223/8317 2409/885/8318
f 2426/1238/8319 2425/2930/8320 2444/49/8321
f 2426/1238/8319 2444/49/8321 2445/564/8322
f 2428/2700/8323 2429/4658/8324 2440/3658/8325
f 2428/2700/8323 2440/3658/8325 2437/2256/8326
f 2427/603/8327 2426/1238/8328 2445/564/8329
f 2427/603/8327 2445/564/8329 2446/2419/8330
usemtl brickwall1
f 2429/2959/8331 2426/1511/8332 2427/2563/8333
f 2429/2959/8331 2427/2563/8333 2430/27/8334
f 2430/690/8335 2427/278/8336 2424/1568/8337
f 2430/690/8335 2424/1568/8337 2431/1879/8338
f 2428/1558/8339 2425/4601/8340 2426/1595/8341
f 2428/1558/8339 2426/1595/8341 2429/2490/8342
f 2431/4138/8343 2424/1756/8344 2425/2721/8345
f 2431/4138/8343 2425/2721/8345 2428/3654/8346
usemtl stonetrims
f 2431/171/8347 2428/2700/8348 2437/2256/8349
f 2431/171/8347 2437/2256/8349 2447/404/8350
f 2424/2730/8351 2427/603/8352 2446/2419/8353
f 2424/2730/8351 2446/2419/8353 2434/644/8354
f 2434/217/8355 2435/105/8356 2436/3030/8357
f 2434/217/8355 2436/3030/8357 2444/652/8358
f 2444/652/8359 2436/3030/8360 2439/1310/8361
f 2444/652/8359 2439/1310/8361 2445/4094/8362
f 2445/4094/8363 2439/1310/8364 2442/1048/8365
f 2445/4094/8363 2442/1048/8365 2446/4229/8366
f 2446/4229/8367 2442/1048/8368 2435/3566/8369
f 2446/4229/8367 2435/3566/8369 2434/2345/8370
f 2433/4222/8371 2447/1183/8372 2437/1384/8373
f 2433/4222/8371 2437/1384/8373 2432/3645/8374
f 2432/3645/8375 2437/1384/8376 2440/4615/8377
f 2432/3645/8375 2440/4615/8377 2438/4726/8378
f 2441/1732/8379 2443/390/8380 2447/115/8381
f 2441/1732/8379 2447/115/8381 2433/3168/8382
f 2438/4726/8383 2440/4615/8384 2443/390/8385
f 2438/4726/8383 2443/390/8385 2441/1732/8386
f 2430/2736/8387 2431/3826/8388 2447/444/8389
f 2430/2736/8387 2447/444/8389 2443/56/8390
f 2425/2930/8391 2424/2801/8392 2434/329/8393
f 2425/2930/8391 2434/329/8393 2444/49/8394
f 2429/4658/8395 2430/2736/8396 2443/56/8397
f 2429/4658/8395 2443/56/8397 2440/3658/8398
f 2435/105/8399 2442/155/8400 2439/3034/8401
f 2435/105/8399 2439/3034/8401 2436/818/8402
f 2432/3698/8403 2438/557/8404 2441/559/8405
f 2432/3698/8403 2441/559/8405 2433/1932/8406
f 2450/2427/8407 2449/3960/8408 2468/4284/8409
f 2450/2427/8407 2468/4284/8409 2469/1617/8410
f 2452/137/8411 2453/971/8412 2464/4712/8413
f 2452/137/8411 2464/4712/8413 2461/3315/8414
f 2451/1656/8415 2450/2427/8416 2469/1617/8417
f 2451/1656/8415 2469/1617/8417 2470/3475/8418
usemtl brickwall1
f 2453/3982/8419 2450/2530/8420 2451/2056/8421
f 2453/3982/8419 2451/2056/8421 2454/1074/8422
f 2454/1741/8423 2451/1312/8424 2448/2591/8425
f 2454/1741/8423 2448/2591/8425 2455/2920/8426
f 2452/2575/8427 2449/908/8428 2450/2614/8429
f 2452/2575/8427 2450/2614/8429 2453/3542/8430
f 2455/469/8431 2448/2777/8432 2449/2201/8433
f 2455/469/8431 2449/2201/8433 2452/4699/8434
usemtl stonetrims
f 2455/1215/8435 2452/137/8436 2461/3315/8437
f 2455/1215/8435 2461/3315/8437 2471/1452/8438
f 2448/2204/8439 2451/1656/8440 2470/3475/8441
f 2448/2204/8439 2470/3475/8441 2458/1688/8442
f 2458/4454/8443 2459/1157/8444 2460/4062/8445
f 2458/4454/8443 2460/4062/8445 2468/1699/8446
f 2468/1699/8447 2460/4062/8448 2463/4605/8449
f 2468/1699/8447 2463/4605/8449 2469/434/8450
f 2469/434/8451 2463/4605/8452 2466/576/8453
f 2469/434/8451 2466/576/8453 2470/565/8454
f 2470/565/8455 2466/576/8456 2459/4612/8457
f 2470/565/8455 2459/4612/8457 2458/3400/8458
f 2457/558/8459 2471/691/8460 2461/2417/8461
f 2457/558/8459 2461/2417/8461 2456/3143/8462
f 2456/3143/8463 2461/2417/8464 2464/931/8465
f 2456/3143/8463 2464/931/8465 2462/4216/8466
f 2465/2755/8467 2467/1441/8468 2471/1162/8469
f 2465/2755/8467 2471/1162/8469 2457/4207/8470
f 2462/4216/8471 2464/931/8472 2467/1441/8473
f 2462/4216/8471 2467/1441/8473 2465/2755/8474
f 2454/3770/8475 2455/148/8476 2471/1502/8477
f 2454/3770/8475 2471/1502/8477 2467/1105/8478
f 2449/3960/8479 2448/1035/8480 2458/1371/8481
f 2449/3960/8479 2458/1371/8481 2468/4284/8482
f 2453/971/8483 2454/3770/8484 2467/1105/8485
f 2453/971/8483 2467/1105/8485 2464/4712/8486
f 2459/1157/8487 2466/1205/8488 2463/4065/8489
f 2459/1157/8487 2463/4065/8489 2460/1872/8490
f 2456/14/8491 2462/1611/8492 2465/1297/8493
f 2456/14/8491 2465/1297/8493 2457/1442/8494
f 2474/3485/8495 2473/294/8496 2492/607/8497
f 2474/3485/8495 2492/607/8497 2493/2636/8498
f 2476/48/8499 2477/467/8500 2488/4200/8501
f 2476/48/8499 2488/4200/8501 2485/4354/8502
f 2475/2678/8503 2474/3485/8504 2493/2636/8505
f 2475/2678/8503 2493/2636/8505 2494/4524/8506
usemtl brickwall1
f 2477/313/8507 2474/3583/8508 2475/3100/8509
f 2477/313/8507 2475/3100/8509 2478/587/8510
f 2478/1208/8511 2475/2363/8512 2472/2076/8513
f 2478/1208/8511 2472/2076/8513 2479/3952/8514
f 2476/3624/8515 2473/1952/8516 2474/2096/8517
f 2476/3624/8515 2474/2096/8517 2477/4591/8518
f 2479/1526/8519 2472/3810/8520 2473/3263/8521
f 2479/1526/8519 2473/3263/8521 2476/1013/8522
usemtl stonetrims
f 2479/2270/8523 2476/48/8524 2485/4354/8525
f 2479/2270/8523 2485/4354/8525 2495/2479/8526
f 2472/3266/8527 2475/2678/8528 2494/4524/8529
f 2472/3266/8527 2494/4524/8529 2482/2713/8530
f 2482/748/8531 2483/2198/8532 2484/401/8533
f 2482/748/8531 2484/401/8533 2492/1160/8534
f 2492/1160/8535 2484/401/8536 2487/909/8537
f 2492/1160/8535 2487/909/8537 2493/1484/8538
f 2493/1484/8539 2487/909/8540 2490/1625/8541
f 2493/1484/8539 2490/1625/8541 2494/2351/8542
f 2494/2351/8543 2490/1625/8544 2483/919/8545
f 2494/2351/8543 2483/919/8545 2482/2872/8546
f 2481/22/8547 2495/1742/8548 2485/3473/8549
f 2481/22/8547 2485/3473/8549 2480/4182/8550
f 2480/4182/8551 2485/3473/8552 2488/1968/8553
f 2480/4182/8551 2488/1968/8553 2486/551/8554
f 2489/3789/8555 2491/916/8556 2495/2216/8557
f 2489/3789/8555 2495/2216/8557 2481/543/8558
f 2486/551/8559 2488/1968/8560 2491/916/8561
f 2486/551/8559 2491/916/8561 2489/3789/8562
f 2478/84/8563 2479/1201/8564 2495/2523/8565
f 2478/84/8563 2495/2523/8565 2491/2156/8566
f 2473/294/8567 2472/2083/8568 2482/2408/8569
f 2473/294/8567 2482/2408/8569 2492/607/8570
f 2477/467/8571 2478/84/8572 2491/2156/8573
f 2477/467/8571 2491/2156/8573 2488/4200/8574
f 2483/2198/8575 2490/2257/8576 2487/402/8577
f 2483/2198/8575 2487/402/8577 2484/1360/8578
f 2480/1053/8579 2486/2634/8580 2489/1062/8581
f 2480/1053/8579 2489/1062/8581 2481/2473/8582
f 2498/4534/8583 2497/1336/8584 2516/1660/8585
f 2498/4534/8583 2516/1660/8585 2517/3665/8586
f 2500/1094/8587 2501/1522/8588 2512/540/8589
f 2500/1094/8587 2512/540/8589 2509/673/8590
f 2499/3704/8591 2498/4534/8592 2517/3665/8593
f 2499/3704/8591 2517/3665/8593 2518/827/8594
usemtl brickwall1
f 2501/4545/8595 2498/4630/8596 2499/4141/8597
f 2501/4545/8595 2499/4141/8597 2502/2168/8598
f 2502/2260/8599 2499/1852/8600 2496/3122/8601
f 2502/2260/8599 2496/3122/8601 2503/289/8602
f 2500/4675/8603 2497/2999/8604 2498/3160/8605
f 2500/4675/8603 2498/3160/8605 2501/889/8606
f 2503/2543/8607 2496/128/8608 2497/4307/8609
f 2503/2543/8607 2497/4307/8609 2500/2061/8610
usemtl stonetrims
f 2503/1771/8611 2500/1094/8612 2509/673/8613
f 2503/1771/8611 2509/673/8613 2519/1970/8614
f 2496/4310/8615 2499/3704/8616 2518/827/8617
f 2496/4310/8615 2518/827/8617 2506/3752/8618
f 2506/1806/8619 2507/1717/8620 2508/1448/8621
f 2506/1806/8619 2508/1448/8621 2516/2205/8622
f 2516/2205/8623 2508/1448/8624 2511/1954/8625
f 2516/2205/8623 2511/1954/8625 2517/965/8626
f 2517/965/8627 2511/1954/8628 2514/2646/8629
f 2517/965/8627 2514/2646/8629 2518/2637/8630
f 2518/2637/8631 2514/2646/8632 2507/1964/8633
f 2518/2637/8631 2507/1964/8633 2506/3907/8634
f 2505/1064/8635 2519/2767/8636 2509/4523/8637
f 2505/1064/8635 2509/4523/8637 2504/514/8638
f 2504/514/8639 2509/4523/8640 2512/1471/8641
f 2504/514/8639 2512/1471/8641 2510/1603/8642
f 2513/106/8643 2515/1962/8644 2519/3269/8645
f 2513/106/8643 2519/3269/8645 2505/1592/8646
f 2510/1603/8647 2512/1471/8648 2515/1962/8649
f 2510/1603/8647 2515/1962/8649 2513/106/8650
f 2502/1137/8651 2503/2066/8652 2519/3573/8653
f 2502/1137/8651 2519/3573/8653 2515/3205/8654
f 2497/1336/8655 2496/3136/8656 2506/3468/8657
f 2497/1336/8655 2506/3468/8657 2516/1660/8658
f 2501/1522/8659 2502/1137/8660 2515/3205/8661
f 2501/1522/8659 2515/3205/8661 2512/540/8662
f 2507/1717/8663 2514/3314/8664 2511/4619/8665
f 2507/1717/8663 2511/4619/8665 2508/2400/8666
f 2504/2609/8667 2510/2119/8668 2513/2122/8669
f 2504/2609/8667 2513/2122/8669 2505/3525/8670
f 2522/4002/8671 2521/2377/8672 2540/2684/8673
f 2522/4002/8671 2540/2684/8673 2541/4719/8674
f 2524/2145/8675 2525/2539/8676 2536/1586/8677
f 2524/2145/8675 2536/1586/8677 2533/1720/8678
f 2523/28/8679 2522/4002/8680 2541/4719/8681
f 2523/28/8679 2541/4719/8681 2542/322/8682
usemtl brickwall1
f 2525/842/8683 2522/940/8684 2523/475/8685
f 2525/842/8683 2523/475/8685 2526/2660/8686
f 2526/3316/8687 2523/2891/8688 2520/4163/8689
f 2526/3316/8687 2520/4163/8689 2527/1331/8690
f 2524/980/8691 2521/4033/8692 2522/4193/8693
f 2524/980/8691 2522/4193/8693 2525/1937/8694
f 2527/3594/8695 2520/4372/8696 2521/623/8697
f 2527/3594/8695 2521/623/8697 2524/3107/8698
usemtl stonetrims
f 2527/2800/8699 2524/2145/8700 2533/1720/8701
f 2527/2800/8699 2533/1720/8701 2543/3017/8702
f 2520/634/8703 2523/28/8704 2542/322/8705
f 2520/634/8703 2542/322/8705 2530/66/8706
f 2530/2834/8707 2531/2740/8708 2532/925/8709
f 2530/2834/8707 2532/925/8709 2540/3267/8710
f 2540/3267/8711 2532/925/8712 2535/3000/8713
f 2540/3267/8711 2535/3000/8713 2541/2003/8714
f 2541/2003/8715 2535/3000/8716 2538/3673/8717
f 2541/2003/8715 2538/3673/8717 2542/3666/8718
f 2542/3666/8719 2538/3673/8720 2531/3009/8721
f 2542/3666/8719 2531/3009/8721 2530/234/8722
f 2529/282/8723 2543/3795/8724 2533/823/8725
f 2529/282/8723 2533/823/8725 2528/1562/8726
f 2528/1562/8727 2533/823/8728 2536/2503/8729
f 2528/1562/8727 2536/2503/8729 2534/2623/8730
f 2537/4351/8731 2539/3007/8732 2543/4313/8733
f 2537/4351/8731 2543/4313/8733 2529/2611/8734
f 2534/2623/8735 2536/2503/8736 2539/3007/8737
f 2534/2623/8735 2539/3007/8737 2537/4351/8738
f 2526/2179/8739 2527/3309/8740 2543/4620/8741
f 2526/2179/8739 2543/4620/8741 2539/9/8742
f 2521/2377/8743 2520/4179/8744 2530/4513/8745
f 2521/2377/8743 2530/4513/8745 2540/2684/8746
f 2525/2539/8747 2526/2179/8748 2539/9/8749
f 2525/2539/8747 2539/9/8749 2536/1586/8750
f 2531/2740/8751 2538/4353/8752 2535/932/8753
f 2531/2740/8751 2535/932/8753 2532/3450/8754
f 2528/1628/8755 2534/3169/8756 2537/3170/8757
f 2528/1628/8755 2537/3170/8757 2529/4577/8758
usemtl brickwall1
f 761/1034/8759 757/3866/8760 756/1716/8761
f 1030/3008/8762 1035/512/8763 1024/3517/8764
f 67/4490/8765 69/4184/8766 61/2433/8767
f 75/2977/8768 83/4277/8769 78/2281/8770
f 1970/3087/8771 1975/4720/8772 1964/901/8773
f 537/219/8774 539/787/8775 531/4706/8776
f 545/2187/8777 553/816/8778 548/658/8779
f 1466/2675/8780 1462/2418/8781 1461/1506/8782
f 1242/4219/8783 1244/2894/8784 1236/4287/8785
f 1250/3657/8786 1258/1575/8787 1253/3053/8788
f 1712/2326/8789 1714/2478/8790 1706/2336/8791
f 795/203/8792 800/4098/8793 789/4538/8794
f 762/4439/8795 752/1169/8796 754/4678/8797
f 752/1169/8798 756/1716/8799 754/4678/8800
f 756/1716/8801 760/3212/8802 751/2491/8803
f 751/2491/8804 755/3837/8805 750/2024/8806
f 755/3837/8807 759/2804/8808 914/150/8809
f 750/2024/8810 755/3837/8811 914/150/8812
f 914/150/8813 913/4232/8814 750/2024/8815
f 913/4232/8816 753/3507/8817 750/2024/8818
f 750/2024/8819 761/1034/8820 751/2491/8821
f 761/1034/8822 758/2288/8823 757/3866/8824
f 757/3866/8825 754/4678/8826 756/1716/8827
f 761/1034/8828 756/1716/8829 751/2491/8830
f 1036/1443/8831 1033/1272/8832 1031/2426/8833
f 1033/1272/8834 1024/3517/8835 1031/2426/8836
f 1024/3517/8837 1025/1109/8838 1028/4579/8839
f 1028/4579/8840 1029/341/8841 1034/872/8842
f 1029/341/8843 1032/4203/8844 1155/1973/8845
f 1034/872/8846 1029/341/8847 1155/1973/8848
f 1155/1973/8849 1154/3092/8850 1034/872/8851
f 1154/3092/8852 1026/145/8853 1034/872/8854
f 1034/872/8855 1030/3008/8856 1028/4579/8857
f 1030/3008/8858 1027/3546/8859 1035/512/8860
f 1035/512/8861 1031/2426/8862 1024/3517/8863
f 1030/3008/8864 1024/3517/8865 1028/4579/8866
f 59/2457/8867 62/3848/8868 61/2433/8869
f 62/3848/8870 63/4373/8871 67/4490/8872
f 61/2433/8873 62/3848/8874 67/4490/8875
f 67/4490/8876 68/242/8877 69/4184/8878
f 68/242/8879 58/2871/8880 210/248/8881
f 210/248/8882 211/4597/8883 60/2907/8884
f 211/4597/8885 64/4406/8886 60/2907/8887
f 60/2907/8888 69/4184/8889 68/242/8890
f 210/248/8891 60/2907/8892 68/242/8893
f 69/4184/8894 65/151/8895 61/2433/8896
f 61/2433/8897 70/1576/8898 59/2457/8899
f 70/1576/8900 66/844/8901 59/2457/8902
f 72/4324/8903 71/3445/8904 75/2977/8905
f 71/3445/8906 81/1955/8907 83/4277/8908
f 75/2977/8909 71/3445/8910 83/4277/8911
f 81/1955/8912 76/2682/8913 79/1304/8914
f 79/1304/8915 83/4277/8916 81/1955/8917
f 83/4277/8918 74/3944/8919 78/2281/8920
f 78/2281/8921 82/1686/8922 75/2977/8923
f 82/1686/8924 73/172/8925 212/617/8926
f 212/617/8927 213/4510/8928 77/2733/8929
f 213/4510/8930 80/4571/8931 77/2733/8932
f 77/2733/8933 75/2977/8934 82/1686/8935
f 212/617/8936 77/2733/8937 82/1686/8938
f 1976/1922/8939 1973/4442/8940 1971/2819/8941
f 1973/4442/8942 1964/901/8943 1971/2819/8944
f 1964/901/8945 1965/2743/8946 1968/3674/8947
f 1968/3674/8948 1969/262/8949 1974/3879/8950
f 1969/262/8951 1972/784/8952 2095/1116/8953
f 1974/3879/8954 1969/262/8955 2095/1116/8956
f 2095/1116/8957 2094/3446/8958 1974/3879/8959
f 2094/3446/8960 1966/247/8961 1974/3879/8962
f 1974/3879/8963 1970/3087/8964 1968/3674/8965
f 1970/3087/8966 1967/437/8967 1975/4720/8968
f 1975/4720/8969 1971/2819/8970 1964/901/8971
f 1970/3087/8972 1964/901/8973 1968/3674/8974
f 529/3945/8975 532/4037/8976 531/4706/8977
f 532/4037/8978 533/4085/8979 537/219/8980
f 531/4706/8981 532/4037/8982 537/219/8983
f 537/219/8984 538/1550/8985 539/787/8986
f 538/1550/8987 528/1185/8988 680/3947/8989
f 680/3947/8990 681/829/8991 530/1407/8992
f 681/829/8993 534/4312/8994 530/1407/8995
f 530/1407/8996 539/787/8997 538/1550/8998
f 680/3947/8999 530/1407/9000 538/1550/9001
f 539/787/9002 535/867/9003 531/4706/9004
f 531/4706/9005 540/179/9006 529/3945/9007
f 540/179/9008 536/960/9009 529/3945/9010
f 542/1118/9011 541/255/9012 545/2187/9013
f 541/255/9014 551/3511/9015 553/816/9016
f 545/2187/9017 541/255/9018 553/816/9019
f 551/3511/9020 546/4211/9021 549/1316/9022
f 549/1316/9023 553/816/9024 551/3511/9025
f 553/816/9026 544/775/9027 548/658/9028
f 548/658/9029 552/4448/9030 545/2187/9031
f 552/4448/9032 543/1738/9033 682/645/9034
f 682/645/9035 683/1317/9036 547/4419/9037
f 683/1317/9038 550/4066/9039 547/4419/9040
f 547/4419/9041 545/2187/9042 552/4448/9043
f 682/645/9044 547/4419/9045 552/4448/9046
f 1467/1149/9047 1457/2941/9048 1459/3564/9049
f 1457/2941/9050 1461/1506/9051 1459/3564/9052
f 1461/1506/9053 1465/2917/9054 1456/3671/9055
f 1456/3671/9056 1460/1337/9057 1455/2774/9058
f 1460/1337/9059 1464/2124/9060 1619/1883/9061
f 1455/2774/9062 1460/1337/9063 1619/1883/9064
f 1619/1883/9065 1618/2853/9066 1455/2774/9067
f 1618/2853/9068 1458/622/9069 1455/2774/9070
f 1455/2774/9071 1466/2675/9072 1456/3671/9073
f 1466/2675/9074 1463/414/9075 1462/2418/9076
f 1462/2418/9077 1459/3564/9078 1461/1506/9079
f 1466/2675/9080 1461/1506/9081 1456/3671/9082
f 1234/2710/9083 1237/3166/9084 1236/4287/9085
f 1237/3166/9086 1238/1853/9087 1242/4219/9088
f 1236/4287/9089 1237/3166/9090 1242/4219/9091
f 1242/4219/9092 1243/2933/9093 1244/2894/9094
f 1243/2933/9095 1233/4572/9096 1385/34/9097
f 1385/34/9098 1386/778/9099 1235/2602/9100
f 1386/778/9101 1239/3853/9102 1235/2602/9103
f 1235/2602/9104 1244/2894/9105 1243/2933/9106
f 1385/34/9107 1235/2602/9108 1243/2933/9109
f 1244/2894/9110 1240/4273/9111 1236/4287/9112
f 1236/4287/9113 1245/1265/9114 1234/2710/9115
f 1245/1265/9116 1241/4027/9117 1234/2710/9118
f 1247/4682/9119 1246/3229/9120 1250/3657/9121
f 1246/3229/9122 1256/1351/9123 1258/1575/9124
f 1250/3657/9125 1246/3229/9126 1258/1575/9127
f 1256/1351/9128 1251/101/9129 1254/4389/9130
f 1254/4389/9131 1258/1575/9132 1256/1351/9133
f 1258/1575/9134 1249/794/9135 1253/3053/9136
f 1253/3053/9137 1257/1020/9138 1250/3657/9139
f 1257/1020/9140 1248/2203/9141 1387/3214/9142
f 1387/3214/9143 1388/1318/9144 1252/1328/9145
f 1388/1318/9146 1255/2450/9147 1252/1328/9148
f 1252/1328/9149 1250/3657/9150 1257/1020/9151
f 1387/3214/9152 1252/1328/9153 1257/1020/9154
f 1704/4722/9155 1707/4050/9156 1706/2336/9157
f 1707/4050/9158 1708/2401/9159 1712/2326/9160
f 1706/2336/9161 1707/4050/9162 1712/2326/9163
f 1712/2326/9164 1713/3454/9165 1714/2478/9166
f 1713/3454/9167 1703/2009/9168 1855/3818/9169
f 1855/3818/9170 1856/1542/9171 1705/4014/9172
f 1856/1542/9173 1709/1041/9174 1705/4014/9175
f 1705/4014/9176 1714/2478/9177 1713/3454/9178
f 1855/3818/9179 1705/4014/9180 1713/3454/9181
f 1714/2478/9182 1710/1580/9183 1706/2336/9184
f 1706/2336/9185 1715/1863/9186 1704/4722/9187
f 1715/1863/9188 1711/3137/9189 1704/4722/9190
f 801/386/9191 798/3182/9192 796/1651/9193
f 798/3182/9194 789/4538/9195 796/1651/9196
f 789/4538/9197 790/3241/9198 793/2544/9199
f 793/2544/9200 794/305/9201 799/4099/9202
f 794/305/9203 797/3251/9204 920/4506/9205
f 799/4099/9206 794/305/9207 920/4506/9208
f 920/4506/9209 919/3990/9210 799/4099/9211
f 919/3990/9212 791/269/9213 799/4099/9214
f 799/4099/9215 795/203/9216 793/2544/9217
f 795/203/9218 792/596/9219 800/4098/9220
f 800/4098/9221 796/1651/9222 789/4538/9223
f 795/203/9224 789/4538/9225 793/2544/9226
