# Converted from user-supplied modularDungeon.fbx; Y-up, meters, bottom centered
mtllib Gothic.mtl
o Room_I
v -1.9999995 3.9737466e-07 2
v -1.9999995 3.9737466e-07 -2
v 2.0000005 3.9737466e-07 2
v 2.0000005 3.9737466e-07 -2
v -5.9999995 3.9737466e-07 -2
v -5.9999995 3.9737466e-07 2
v -5.9999995 4.0000004 2
v -5.9999995 4.0000004 -2
v 6.0000005 4.0000004 -2
v 6.0000005 3.9737466e-07 -2
v 6.0000005 3.9737466e-07 2
v 6.0000005 4.0000004 2
v -1.9999995 3.9737466e-07 6
v -1.9999995 4.0000004 6
v 2.0000005 4.0000004 6
v 2.0000005 3.9737466e-07 6
v -5.9999995 3.9737466e-07 6
v -5.9999995 4.0000004 6
v 6.0000005 4.0000004 6
v 6.0000005 3.9737466e-07 6
v -1.9999995 4.0000004 -6
v -1.9999995 3.9737466e-07 -6
v 2.0000005 3.9737466e-07 -6
v 2.0000005 4.0000004 -6
v -5.9999995 4.0000004 -6
v -5.9999995 3.9737466e-07 -6
v 6.0000005 4.0000004 -6
v 6.0000005 3.9737466e-07 -6
v -1.9999995 4.0000004 -7
v -1.9999995 3.9737466e-07 -7
v 2.0000005 3.9737466e-07 -7
v 2.0000005 4.0000004 -7
v -1.9999995 3.9737466e-07 7
v -1.9999995 4.0000004 7
v 2.0000005 4.0000004 7
v 2.0000005 3.9737466e-07 7
v 5.9999609 4.5988831 -2.3997865
v 5.9999614 5.0988831 -5.3997865
v 5.9999609 5.8988828 -4.4014802
v 5.9999609 4.1988815 -2.2997866
v 5.9999609 5.8988837 -3.5997865
v 5.9999614 4.5988831 -5.5997868
v 5.9999614 5.698883 -4.7997866
v 5.9999609 5.698883 -3.1997867
v 5.9999609 5.3988818 -2.7997866
v 5.9999614 4.1988811 -5.6997862
v 5.9999614 5.3988818 -5.1997867
v 5.9999609 5.0988831 -2.5997865
v 5.9999609 5.9988832 -3.9997869
v 2.2999616 4.1988811 -5.9997869
v 3.5999613 5.8988833 -5.9997869
v 5.5999613 4.5988831 -5.9997864
v 4.7999611 5.698883 -5.9997869
v 3.1999612 5.698883 -5.9997869
v 2.7999611 5.3988814 -5.9997869
v 5.6999617 4.1988811 -5.9997864
v 5.1999612 5.3988814 -5.9997869
v 3.9999614 5.9988827 -5.9997869
v 2.5999615 5.0988831 -5.9997869
v 2.3999615 4.5988831 -5.9997869
v 5.3999615 5.0988831 -5.9997864
v 4.3999615 5.8988828 -5.9997869
v 1.9999611 5.698883 -4.799787
v 1.9999614 5.3988818 -5.1997871
v 1.9999609 4.1988815 -2.299787
v 1.9999609 5.3988818 -2.799787
v 1.9999614 5.0988831 -5.3997869
v 1.9999611 5.9988832 -3.9997869
v 1.9999614 4.6022162 -5.5997868
v 1.9999609 5.0988831 -2.599787
v 1.9999611 5.8988833 -3.599787
v 1.9999614 4.1988811 -5.6997867
v 1.9999611 5.8988837 -4.3997869
v 1.9999609 4.6022162 -2.3997872
v 1.9999611 5.698883 -3.1997869
v 4.7999606 5.6988835 -1.9997869
v 5.1999607 5.3988823 -1.9997866
v 2.2999609 4.1988815 -1.9997869
v 2.797879 5.3988823 -1.9997871
v 5.399961 5.0988831 -1.9997866
v 5.5999608 4.5988831 -1.9997864
v 2.5999608 5.0988831 -1.9997871
v 3.5999606 5.8988833 -1.9997869
v 5.6999607 4.1988815 -1.9997864
v 4.3999605 5.8988837 -1.9997869
v 2.399961 4.5988831 -1.9997869
v 3.1999605 5.6988835 -1.9997869
v 3.9999607 5.9988832 -1.9997869
v 4.0999608 5.9988832 -3.9997869
v 3.9999609 5.9988832 -3.8997869
v 3.899961 5.9988832 -3.9997869
v 3.9999609 5.9988832 -4.0997868
v 3.599961 5.8988828 -4.4997869
v 3.4999611 5.8988828 -4.3997869
v 3.1999609 5.698883 -4.8997869
v 3.099961 5.698883 -4.799787
v 2.7999609 5.3988818 -5.299787
v 2.6999612 5.3988818 -5.1997871
v 2.5999613 5.0988831 -5.4997869
v 2.4999614 5.0988831 -5.3997869
v 2.3999615 4.6022166 -5.6997871
v 2.2999613 4.6022166 -5.5997868
v 2.1999614 4.1988811 -5.6997867
v 3.4801629 5.8988837 -3.599787
v 3.599961 5.8988837 -3.4997869
v 3.0999608 5.698883 -3.1997871
v 3.1999609 5.698883 -3.099787
v 2.6999612 5.3988818 -2.799787
v 2.7978792 5.3988818 -2.6997871
v 2.4999609 5.0988831 -2.599787
v 2.5999608 5.0988831 -2.4997869
v 2.2999609 4.6022171 -2.3997872
v 2.399961 4.6022171 -2.299787
v 2.2999609 4.1988815 -2.1997869
v 2.1999609 4.1988815 -2.299787
v 4.4999609 5.8988837 -4.4014802
v 4.399961 5.8988837 -4.4997869
v 4.899961 5.698883 -4.7997866
v 4.7999611 5.698883 -4.8997869
v 5.2999611 5.3988818 -5.1997867
v 5.1999612 5.3988818 -5.2997866
v 5.4999614 5.0988831 -5.3997865
v 5.399961 5.0988831 -5.4997864
v 5.6999612 4.6022166 -5.5997863
v 5.5999613 4.6022162 -5.6997862
v 4.399961 5.8988833 -3.4997869
v 4.4999609 5.8988833 -3.5997868
v 4.7999606 5.698883 -3.0997868
v 4.899961 5.698883 -3.1997867
v 5.1999607 5.3988833 -2.6997867
v 5.31494 5.3988818 -2.7997866
v 5.399961 5.0988831 -2.4997866
v 5.4999609 5.0988831 -2.5997868
v 5.5999608 4.6022162 -2.2997866
v 5.6999607 4.6022162 -2.3997867
v 5.6999607 4.1988815 -2.1997864
v 2.2751534 4.1988811 -5.6231356
v 2.3766127 4.1988811 -5.7245951
v 5.7247691 4.1988811 -5.6231351
v 2.2751529 4.1988815 -2.3764381
v 5.6233096 4.1988815 -2.2749784
v 3.9997215 5.8992371 -3.9081929
v 3.9999828 5.8992261 -4.0915117
v 4.0917225 5.8992228 -3.999779
v 3.9080029 5.8992075 -3.9999964
v 2.4643097 4.5607609 -5.6354384
v 2.3643098 4.5607609 -5.5354385
v 2.6568117 5.0394186 -5.4429364
v 2.5568118 5.0394186 -5.3429365
v 2.8428228 5.3193473 -5.2569251
v 2.7428231 5.3193473 -5.1569252
v 3.2283885 5.6073202 -4.8713593
v 3.1283884 5.6073202 -4.7713594
v 3.6179619 5.8021778 -4.4817863
v 3.517962 5.8021778 -4.3817859
v 5.6233101 4.1988811 -5.7245941
v 5.635613 4.5607609 -5.5354381
v 5.5356126 4.5607604 -5.635438
v 5.4431105 5.0394186 -5.342936
v 5.3431106 5.0394186 -5.4429359
v 5.2570992 5.3193473 -5.1569247
v 5.1570992 5.3193473 -5.2569246
v 4.8715701 5.6073288 -4.7712951
v 4.7715731 5.6073269 -4.8712983
v 4.4820023 5.8021912 -4.383368
v 4.382061 5.8021692 -4.4817338
v 2.3643093 4.5607614 -2.4641356
v 2.4643092 4.5607614 -2.3641355
v 2.3766122 4.1988815 -2.2749789
v 2.5569749 5.0394715 -2.6565292
v 2.65698 5.0394825 -2.5565352
v 2.7430191 5.3193192 -2.842397
v 2.8410397 5.3194284 -2.7424984
v 3.1279752 5.607366 -3.2287641
v 3.2280116 5.6073856 -3.1287913
v 3.4976816 5.8023309 -3.6190398
v 3.6168616 5.8020882 -3.5183604
v 5.5356126 4.5607609 -2.3641353
v 5.6356125 4.5607609 -2.4641352
v 5.7247691 4.1988815 -2.3764377
v 5.3438668 5.0397915 -2.557766
v 5.4439139 5.0397152 -2.6577339
v 5.158833 5.3191699 -2.7439942
v 5.2731943 5.3198647 -2.8446584
v 4.7722497 5.6072492 -3.1286879
v 4.8722286 5.6072644 -3.2287149
v 4.3819604 5.8021778 -3.5177875
v 4.4819603 5.8021778 -3.6177876
v 4.0011044 5.8018116 -4.0903926
v 4.0917306 5.8018116 -3.999773
v 4.0458665 5.7374701 -4.0456352
v 3.9997299 5.8018116 -3.9081869
v 4.0457072 5.7374758 -3.9539471
v 3.9080112 5.8018116 -3.9999905
v 3.9540007 5.737462 -4.0457382
v 3.9538636 5.7374677 -3.954097
v 4.0457082 5.7374758 -3.9545543
v 4.0000005 5.7000007 -4.000001
v 4.0460343 5.7379369 -3.954273
v 5.9999609 3.9988839 -2.2997866
v 5.9999614 3.9988834 -5.6997862
v 2.2999616 3.9988832 -5.9997869
v 5.6999617 3.9988832 -5.9997864
v 1.9999609 3.9988839 -2.299787
v 1.9999614 3.9988834 -5.6997867
v 2.2999609 3.9988839 -1.9997869
v 5.6999607 3.9988839 -1.9997864
v 2.1999614 3.9988834 -5.6997867
v 2.2999616 3.9988832 -5.7997866
v 2.2999609 3.9988839 -2.1997869
v 2.1999609 3.9988839 -2.299787
v 5.6999607 3.9988839 -2.1997864
v 2.2751534 3.9988834 -5.6231356
v 2.3766127 3.9988834 -5.7245951
v 5.7247691 3.9988834 -5.6231351
v 2.2751529 3.9988839 -2.3764381
v 5.6233096 3.9988839 -2.2749784
v 5.6233101 3.9988834 -5.7245941
v 2.3766122 3.9988839 -2.2749789
v 5.7247691 3.9988839 -2.3764377
v 3.9999614 5.9988827 -5.796895
v 5.6999617 4.1988811 -5.7997861
v 5.3999615 5.0988831 -5.7968946
v 2.3999615 4.6011376 -5.796895
v 2.7999611 5.3988818 -5.796895
v 5.1999612 5.3988818 -5.796895
v 5.6999617 3.9988832 -5.7997866
v 2.3029094 4.1988811 -5.796895
v 4.7999611 5.698883 -5.7968946
v 3.1999612 5.698883 -5.796895
v 4.3999615 5.8988828 -5.796895
v 2.5999613 5.0988831 -5.796895
v 5.5999613 4.6011371 -5.7968946
v 3.5999613 5.8988833 -5.796895
v 5.7999616 4.1988811 -5.6997862
v 5.7843318 5.0988831 -5.3997865
v 5.7843318 5.3988818 -5.1997867
v 5.7843313 5.8988828 -4.4014802
v 5.7843313 5.8988837 -3.5997868
v 5.7843313 5.0988831 -2.5997865
v 5.7843313 5.698883 -3.1997867
v 5.7999606 3.9988839 -2.2997866
v 5.7843318 4.6012792 -5.5997863
v 5.7999616 3.9988834 -5.6997862
v 5.7999606 4.1988806 -2.2997866
v 5.7843318 5.698883 -4.7997866
v 5.7843313 4.6012787 -2.3997867
v 5.7843313 5.3988818 -2.7997866
v 5.7843313 5.9988832 -3.9997869
v 5.399961 5.0988831 -2.1997867
v 5.5999608 4.6011051 -2.1997864
v 5.1999607 5.3988823 -2.1997867
v 3.5999608 5.8988833 -2.1997871
v 2.797879 5.3988818 -2.1997871
v 4.3999605 5.8988837 -2.1997867
v 2.399961 4.6011061 -2.1997876
v 4.7999606 5.6988835 -2.1997867
v 3.9999607 5.9988832 -2.1997871
v 3.1999605 5.6988835 -2.1997871
v 2.5999608 5.0988831 -2.1997874
v 2.1973896 5.698883 -4.799787
v 2.1973891 5.8988833 -3.599787
v 2.1973891 5.9988832 -3.9997869
v 2.1973891 5.3988818 -2.799787
v 2.1973896 5.8988837 -4.3997869
v 2.1973889 4.6022166 -2.3997872
v 2.1973894 5.698883 -3.1997871
v 2.1973894 5.0988831 -5.3997869
v 2.1973891 5.3988818 -5.1997871
v 2.1973894 4.6022162 -5.5997868
v 2.1973891 5.0988831 -2.599787
v -5.6002116 4.598884 -2.0000401
v -2.6002116 5.098884 -2.0000401
v -3.5985188 5.8988837 -2.0000401
v -5.700212 4.198882 -2.0000401
v -4.4002128 5.8988847 -2.0000401
v -2.4002118 4.598884 -2.0000401
v -3.200212 5.6988839 -2.0000401
v -4.8002114 5.6988839 -2.0000401
v -5.200212 5.3988828 -2.0000401
v -2.3002119 4.198882 -2.0000398
v -2.8002119 5.3988828 -2.0000401
v -5.4002118 5.098884 -2.0000401
v -4.0002122 5.9988841 -2.0000401
v -2.0002122 4.1988815 -5.7000394
v -2.0002122 5.8988842 -4.4000401
v -2.0002117 4.598884 -2.4000401
v -2.0002122 5.6988839 -3.2000401
v -2.0002122 5.6988835 -4.8000402
v -2.0002122 5.3988823 -5.2000399
v -2.0002117 4.198882 -2.3000393
v -2.0002117 5.3988828 -2.8000402
v -2.0002122 5.9988836 -4.0000401
v -2.0002122 5.0988835 -5.4000397
v -2.0002122 4.5988835 -5.6000395
v -2.0002117 5.098884 -2.6000397
v -2.0002122 5.8988837 -3.60004
v -3.200212 5.6988835 -6.0000401
v -2.8002119 5.3988823 -6.0000401
v -5.700212 4.1988815 -6.0000401
v -5.200212 5.3988823 -6.0000401
v -2.6002121 5.0988835 -6.0000401
v -4.0002122 5.9988836 -6.0000401
v -2.4002118 4.6022166 -6.0000396
v -5.4002128 5.098884 -6.0000401
v -4.4002128 5.8988837 -6.0000401
v -2.3002119 4.1988815 -6.0000396
v -3.6002121 5.8988842 -6.0000401
v -5.6002126 4.6022171 -6.0000401
v -4.8002124 5.6988839 -6.0000401
v -6.0002122 5.6988839 -3.2000403
v -6.0002112 5.3988828 -2.8000402
v -6.0002122 4.198882 -5.7000399
v -6.0002122 5.3988828 -5.2021217
v -6.0002112 5.098884 -2.60004
v -6.0002112 4.598884 -2.4000401
v -6.0002122 5.098884 -5.4000401
v -6.0002122 5.8988837 -4.4000406
v -6.0002112 4.1988825 -2.3000402
v -6.0002122 5.8988847 -3.6000404
v -6.0002122 4.598884 -5.60004
v -6.0002122 5.6988839 -4.8000407
v -6.0002122 5.9988841 -4.0000405
v -4.0002122 5.9988836 -3.9000401
v -4.1002126 5.9988836 -4.0000401
v -4.0002122 5.9988836 -4.1000404
v -3.9002123 5.9988836 -4.0000401
v -3.5002122 5.8988837 -4.4000401
v -3.6002126 5.8988837 -4.5000401
v -3.1002126 5.6988839 -4.8000402
v -3.2002125 5.6988839 -4.9000401
v -2.7002125 5.3988823 -5.2000403
v -2.8002124 5.3988823 -5.3000402
v -2.5002122 5.0988835 -5.4000401
v -2.6002126 5.0988835 -5.5000401
v -2.3002124 4.6022171 -5.6000395
v -2.4002123 4.6022171 -5.7000399
v -2.3002124 4.1988815 -5.8000398
v -4.4002128 5.8988842 -4.5198383
v -4.5002122 5.8988842 -4.4000401
v -4.8002124 5.6988839 -4.9000401
v -4.9002128 5.6988839 -4.8000402
v -5.200212 5.3988828 -5.3000402
v -5.3002124 5.3988828 -5.2021217
v -5.4002128 5.098884 -5.5000401
v -5.5002122 5.098884 -5.4000401
v -5.6002126 4.6022176 -5.7000399
v -5.700212 4.6022176 -5.60004
v -5.8002124 4.198882 -5.7000399
v -5.700212 4.1988815 -5.8000398
v -3.5985188 5.8988842 -3.5000401
v -3.5002122 5.8988842 -3.6000402
v -3.2002125 5.6988839 -3.1000402
v -3.1002126 5.6988839 -3.2000403
v -2.8002119 5.3988828 -2.7000401
v -2.700212 5.3988828 -2.8000402
v -2.6002116 5.098884 -2.5000401
v -2.5002117 5.098884 -2.60004
v -2.4002123 4.6022176 -2.30004
v -2.3002119 4.6022171 -2.4000401
v -4.5002122 5.8988837 -3.6000402
v -4.4002128 5.8988837 -3.5000403
v -4.9002128 5.6988839 -3.2000403
v -4.8002124 5.6988839 -3.1000404
v -5.3002114 5.3988842 -2.8000402
v -5.200212 5.3988828 -2.685061
v -5.5002112 5.098884 -2.60004
v -5.4002118 5.098884 -2.5000401
v -5.700212 4.6022171 -2.4000401
v -5.6002116 4.6022171 -2.30004
v -5.8002114 4.1988825 -2.3000402
v -2.3768635 4.1988815 -5.7248478
v -2.2754045 4.1988815 -5.6233883
v -2.3768635 4.198882 -2.2752318
v -5.6235614 4.1988815 -5.7248478
v -5.7250199 4.198882 -2.3766913
v -4.0918059 5.899238 -4.0002794
v -3.9084873 5.8992266 -4.0000186
v -4.0002198 5.8992237 -3.9082787
v -4.0000033 5.8992085 -4.0919986
v -2.3645611 4.5607618 -5.5356913
v -2.464561 4.5607618 -5.6356916
v -2.5570631 5.0394191 -5.3431892
v -2.657063 5.0394191 -5.4431896
v -2.7430744 5.3193483 -5.1571784
v -2.8430743 5.3193483 -5.2571783
v -3.1286397 5.6073212 -4.7716126
v -3.2286396 5.6073212 -4.8716125
v -3.5182128 5.8021783 -4.3820395
v -3.6182127 5.8021783 -4.4820395
v -2.275404 4.198882 -2.3766911
v -2.4645605 4.5607618 -2.3643885
v -2.3645606 4.5607614 -2.4643884
v -2.6570625 5.0394196 -2.5568905
v -2.5570621 5.0394196 -2.6568906
v -2.8430743 5.3193483 -2.7429023
v -2.7430744 5.3193483 -2.8429022
v -3.2287035 5.6073298 -3.1284313
v -3.1287007 5.6073279 -3.2284284
v -3.616631 5.8021921 -3.5179989
v -3.5182648 5.8021697 -3.6179402
v -5.5358634 4.5607618 -5.6356916
v -5.6358638 4.5607618 -5.5356913
v -5.7250199 4.1988815 -5.6233883
v -5.3434701 5.039472 -5.4430261
v -5.4434638 5.039483 -5.3430204
v -5.1576028 5.3193196 -5.2569818
v -5.2575011 5.3194288 -5.1589613
v -4.771235 5.6073665 -4.872026
v -4.8712077 5.607386 -4.7719893
v -4.380959 5.8023318 -4.5023198
v -4.4816384 5.8020887 -4.3831396
v -5.6358638 4.5607614 -2.4643884
v -5.5358634 4.5607614 -2.3643885
v -5.6235604 4.198882 -2.2752318
v -5.4422336 5.0397925 -2.6561341
v -5.3422647 5.0397162 -2.556087
v -5.2560048 5.3191709 -2.8411682
v -5.1553407 5.3198656 -2.7268071
v -4.8713107 5.6072501 -3.2277513
v -4.7712836 5.6072654 -3.1277723
v -4.4822116 5.8021783 -3.618041
v -4.3822112 5.8021788 -3.5180409
v -3.9096069 5.8018121 -3.9988968
v -4.0002255 5.8018121 -3.9082704
v -3.9543638 5.737471 -3.9541347
v -4.0918117 5.8018121 -4.0002713
v -4.0460525 5.7374763 -3.9542942
v -4.0000081 5.8018121 -4.09199
v -3.9542608 5.7374629 -4.0460005
v -4.0459018 5.7374686 -4.0461378
v -4.045445 5.7374763 -3.954293
v -3.9999981 5.7000012 -4.0000005
v -4.0457263 5.7379378 -3.9539669
v -5.700212 3.9988846 -2.0000401
v -2.3002119 3.9988846 -2.0000398
v -2.0002122 3.9988839 -5.7000394
v -2.0002117 3.9988841 -2.3000393
v -5.700212 3.9988841 -6.0000401
v -2.3002119 3.9988841 -6.0000396
v -6.0002122 3.9988841 -5.7000399
v -6.0002112 3.9988846 -2.3000402
v -2.3002124 3.9988841 -5.8000398
v -2.2002125 3.9988839 -5.7000394
v -5.8002124 3.9988841 -5.7000399
v -5.700212 3.9988841 -5.8000398
v -5.8002114 3.9988846 -2.3000402
v -2.3768635 3.9988841 -5.7248478
v -2.2754045 3.9988841 -5.6233883
v -2.3768635 3.9988846 -2.2752318
v -5.6235614 3.9988841 -5.7248478
v -5.7250199 3.9988846 -2.3766913
v -2.275404 3.9988846 -2.3766911
v -5.7250199 3.9988841 -5.6233883
v -5.6235604 3.9988846 -2.2752318
v -2.203104 5.9988836 -4.0000401
v -2.2002125 4.198882 -2.3000393
v -2.203104 5.098884 -2.6000397
v -2.203104 4.6011385 -5.6000395
v -2.203104 5.3988823 -5.2000403
v -2.2031035 5.3988828 -2.8000402
v -2.200212 3.9988841 -2.3000393
v -2.203104 4.1988815 -5.6970916
v -2.203104 5.6988839 -3.2000401
v -2.203104 5.6988835 -4.8000402
v -2.203104 5.8988837 -3.60004
v -2.203104 5.0988835 -5.4000397
v -2.203104 4.6011385 -2.4000401
v -2.203104 5.8988842 -4.4000401
v -2.3002119 4.198882 -2.2000399
v -2.6002116 5.098884 -2.2156696
v -2.8002119 5.3988828 -2.2156696
v -3.5985188 5.8988837 -2.2156696
v -4.4002128 5.8988847 -2.2156696
v -5.4002118 5.098884 -2.2156696
v -4.8002114 5.6988839 -2.2156696
v -5.700212 3.9988846 -2.2000399
v -2.4002123 4.6012801 -2.2156696
v -2.3002119 3.9988846 -2.2000399
v -5.700212 4.1988815 -2.2000399
v -3.200212 5.6988839 -2.2156696
v -5.6002116 4.6012797 -2.2156696
v -5.200212 5.3988828 -2.2156696
v -4.0002122 5.9988841 -2.2156699
v -5.8002124 5.098884 -2.60004
v -5.8002124 4.6011061 -2.4000401
v -5.8002114 5.3988833 -2.8000402
v -5.8002114 5.8988837 -4.4000401
v -5.8002124 5.3988828 -5.2021217
v -5.8002124 5.8988847 -3.6000402
v -5.8002114 4.6011061 -5.60004
v -5.8002124 5.6988839 -3.2000403
v -5.8002114 5.9988836 -4.0000405
v -5.8002114 5.6988839 -4.8000402
v -5.8002114 5.098884 -5.4000401
v -3.2002125 5.6988835 -5.8026114
v -4.4002128 5.8988837 -5.8026123
v -4.0002122 5.9988836 -5.8026123
v -5.200212 5.3988823 -5.8026118
v -3.6002126 5.8988842 -5.8026118
v -5.6002126 4.6022171 -5.8026118
v -4.8002124 5.6988839 -5.8026118
v -2.6002126 5.0988835 -5.8026118
v -2.8002124 5.3988823 -5.8026123
v -2.4002123 4.6022171 -5.8026118
v -5.4002128 5.098884 -5.8026118
v 2.3997879 4.598885 5.9999599
v 5.3997879 5.0988845 5.999959
v 4.4014812 5.8988847 5.9999599
v 2.299788 4.198883 5.9999599
v 3.5997877 5.8988852 5.9999599
v 5.5997877 4.5988845 5.999959
v 4.799788 5.6988844 5.9999599
v 3.1997879 5.6988844 5.9999599
v 2.7997878 5.3988833 5.9999599
v 5.6997876 4.1988825 5.999959
v 5.1997876 5.3988833 5.999959
v 2.5997877 5.0988845 5.9999599
v 3.999788 5.9988846 5.9999599
v 5.9997878 4.1988825 2.2999597
v 5.9997878 5.8988847 3.5999594
v 5.9997878 4.5988845 5.5999594
v 5.9997878 5.6988844 4.7999592
v 5.9997878 5.6988844 3.1999593
v 5.9997878 5.3988833 2.7999592
v 5.9997878 4.1988825 5.6999598
v 5.9997878 5.3988833 5.1999588
v 5.9997878 5.9988841 3.999959
v 5.9997878 5.098884 2.5999599
v 5.9997878 4.598884 2.39996
v 5.9997878 5.0988845 5.3999596
v 5.9997878 5.8988842 4.3999596
v 4.799788 5.6988844 1.9999599
v 5.1997881 5.3988833 1.9999595
v 2.299788 4.1988825 1.9999599
v 2.799788 5.3988833 1.9999599
v 5.3997879 5.098884 1.9999595
v 3.9997878 5.9988841 1.9999599
v 5.5997877 4.6022171 1.9999595
v 2.599788 5.0988845 1.9999599
v 3.599788 5.8988842 1.9999599
v 5.6997881 4.1988825 1.9999595
v 4.3997879 5.8988847 1.9999599
v 2.3997881 4.6022176 1.9999599
v 3.1997879 5.6988844 1.9999599
v 1.999788 5.6988844 4.7999592
v 1.9997878 5.3988833 5.1999598
v 1.999788 4.1988825 2.2999592
v 1.999788 5.3988833 2.7978773
v 1.9997878 5.0988845 5.3999596
v 1.9997878 4.598885 5.5999594
v 1.999788 5.0988845 2.5999594
v 1.999788 5.8988847 3.5999589
v 1.9997878 4.198883 5.6999598
v 1.999788 5.8988852 4.3999596
v 1.999788 4.5988845 2.3999596
v 1.999788 5.6988844 3.1999588
v 1.999788 5.9988846 3.9999595
v 3.9997878 5.9988846 4.0999594
v 3.8997879 5.9988846 3.999959
v 3.9997878 5.9988846 3.8999591
v 4.0997877 5.9988846 3.999959
v 4.4997878 5.8988842 3.5999594
v 4.3997879 5.8988842 3.499959
v 4.8997879 5.6988844 3.1999593
v 4.799788 5.6988844 3.0999594
v 5.299788 5.3988833 2.7999592
v 5.1997881 5.3988833 2.6999593
v 5.4997878 5.098884 2.5999594
v 5.3997879 5.098884 2.499959
v 5.6997881 4.6022181 2.39996
v 5.5997877 4.6022181 2.2999592
v 5.6997881 4.1988825 2.1999593
v 3.5997877 5.8988852 3.4801612
v 3.4997878 5.8988852 3.5999599
v 3.1997881 5.6988844 3.0999594
v 3.099788 5.6988844 3.1999598
v 2.799788 5.3988833 2.6999598
v 2.6997879 5.3988833 2.7978778
v 2.599788 5.0988845 2.4999599
v 2.4997878 5.0988845 2.5999599
v 2.3997881 4.6022181 2.2999597
v 2.299788 4.6022181 2.39996
v 2.1997881 4.1988825 2.2999597
v 2.299788 4.1988825 2.1999598
v 4.4014812 5.8988852 4.499959
v 4.4997878 5.8988852 4.3999596
v 4.799788 5.6988844 4.8999596
v 4.8997879 5.6988844 4.7999592
v 5.1997876 5.3988833 5.2999592
v 5.299788 5.3988833 5.1999588
v 5.3997879 5.0988845 5.499959
v 5.4997878 5.0988845 5.3999596
v 5.5997877 4.6022181 5.6999588
v 5.6997876 4.6022176 5.5999594
v 3.4997878 5.8988847 4.3999596
v 3.5997877 5.8988847 4.499959
v 3.0997877 5.6988844 4.7999592
v 3.1997879 5.6988844 4.8999596
v 2.6997881 5.3988847 5.1999588
v 2.7997878 5.3988833 5.3149395
v 2.4997878 5.0988845 5.3999596
v 2.599788 5.0988845 5.4999599
v 2.299788 4.6022181 5.5999594
v 2.3997879 4.6022181 5.6999598
v 2.1997879 4.198883 5.6999598
v 5.6231365 4.1988825 2.2751517
v 5.724596 4.1988825 2.3766108
v 5.6231365 4.1988825 5.7247677
v 2.3764393 4.1988825 2.2751517
v 2.2749798 4.198883 5.6233082
v 3.9081938 5.8992385 3.9997201
v 4.0915127 5.8992275 3.9999814
v 3.9997799 5.8992242 4.0917206
v 3.9999974 5.8992089 3.9080014
v 5.6354394 4.5607623 2.4643078
v 5.5354395 4.5607623 2.3643079
v 5.4429374 5.03942 2.6568098
v 5.342937 5.03942 2.5568099
v 5.2569261 5.3193487 2.8428211
v 5.1569262 5.3193487 2.7428212
v 4.8713603 5.6073217 3.2283869
v 4.7713604 5.6073217 3.128387
v 4.4817872 5.8021793 3.6179605
v 4.3817868 5.8021793 3.5179601
v 5.7245955 4.1988825 5.6233082
v 5.5354395 4.5607628 5.6356106
v 5.6354394 4.5607618 5.5356112
v 5.3429375 5.03942 5.4431086
v 5.4429374 5.03942 5.3431082
v 5.1569257 5.3193487 5.2570972
v 5.2569261 5.3193487 5.1570969
v 4.771296 5.6073307 4.8715677
v 4.8712993 5.6073288 4.7715712
v 4.383369 5.8021926 4.4820004
v 4.4817352 5.8021707 4.3820591
v 2.4641366 4.5607623 2.3643079
v 2.3641365 4.5607623 2.4643078
v 2.2749801 4.1988825 2.3766108
v 2.6565301 5.039473 2.5569735
v 2.5565362 5.0394839 2.6569791
v 2.8423979 5.3193201 2.7430177
v 2.7424994 5.3194293 2.8410382
v 3.228765 5.607367 3.1279736
v 3.1287923 5.6073865 3.2280102
v 3.6190407 5.8023323 3.4976802
v 3.5183613 5.8020891 3.6168599
v 2.3641365 4.5607623 5.5356112
v 2.4641361 4.5607623 5.6356106
v 2.3764391 4.198883 5.7247677
v 2.5577669 5.0397929 5.3438654
v 2.6577349 5.0397166 5.4439125
v 2.7439954 5.3191713 5.1588316
v 2.8446596 5.3198661 5.2731924
v 3.1286888 5.6072506 4.7722483
v 3.2287161 5.6072659 4.8722277
v 3.5177886 5.8021793 4.381959
v 3.6177886 5.8021793 4.4819584
v 4.0903935 5.801813 4.0011034
v 3.999774 5.801813 4.0917292
v 4.0456362 5.7374715 4.0458651
v 3.9081879 5.801813 3.9997287
v 3.9539483 5.7374767 4.0457058
v 3.9999914 5.801813 3.9080095
v 4.0457392 5.7374634 3.953999
v 3.9540982 5.7374691 3.9538617
v 3.9545553 5.7374767 4.0457058
v 4.0000019 5.7000021 3.999999
v 3.9542739 5.7379383 4.0460329
v 2.299788 3.9988853 5.9999599
v 5.6997876 3.9988851 5.999959
v 5.9997878 3.9988846 2.2999597
v 5.9997878 3.9988848 5.6999598
v 2.299788 3.9988851 1.9999599
v 5.6997881 3.9988848 1.9999595
v 1.999788 3.9988851 2.2999592
v 1.9997878 3.9988853 5.6999598
v 5.6997881 3.9988848 2.1999593
v 5.799788 3.9988846 2.2999597
v 2.1997881 3.9988851 2.2999597
v 2.299788 3.9988851 2.1999598
v 2.1997879 3.9988853 5.6999598
v 5.6231365 3.9988848 2.2751517
v 5.724596 3.9988848 2.3766108
v 5.6231365 3.9988851 5.7247677
v 2.3764393 3.9988851 2.2751517
v 2.2749798 3.9988853 5.6233082
v 5.7245955 3.9988851 5.6233082
v 2.2749801 3.9988851 2.3766108
v 2.3764391 3.9988853 5.7247677
v 5.796896 5.9988841 3.999959
v 5.7997875 4.1988825 5.6999598
v 5.796896 5.0988845 5.3999596
v 5.796896 4.601139 2.39996
v 5.796896 5.3988833 2.7999592
v 5.796896 5.3988833 5.1999588
v 5.799788 3.9988848 5.6999598
v 5.796896 4.1988825 2.3029075
v 5.7968955 5.6988844 4.7999592
v 5.796896 5.6988844 3.1999593
v 5.796896 5.8988842 4.3999596
v 5.796896 5.098884 2.5999594
v 5.7968955 4.601139 5.5999594
v 5.796896 5.8988852 3.5999594
v 5.6997876 4.1988825 5.7999592
v 5.3997879 5.0988845 5.7843294
v 5.1997876 5.3988833 5.7843294
v 4.4014812 5.8988847 5.7843294
v 3.5997877 5.8988852 5.7843294
v 2.5997877 5.0988845 5.7843294
v 3.1997879 5.6988844 5.7843294
v 2.299788 3.9988853 5.7999601
v 5.5997877 4.6012806 5.7843294
v 5.6997876 3.9988851 5.7999592
v 2.299788 4.198882 5.7999601
v 4.799788 5.6988844 5.7843294
v 2.3997879 4.6012806 5.7843294
v 2.7997878 5.3988833 5.7843294
v 3.9997878 5.9988846 5.7843294
v 2.1997879 5.0988845 5.3999596
v 2.1997876 4.6011066 5.5999594
v 2.1997881 5.3988837 5.1999598
v 2.1997881 5.8988847 3.5999594
v 2.1997881 5.3988833 2.7978778
v 2.1997876 5.8988852 4.3999596
v 2.1997886 4.601107 2.39996
v 2.1997876 5.6988844 4.7999592
v 2.1997881 5.9988846 3.999959
v 2.1997881 5.6988844 3.1999593
v 2.1997883 5.0988845 2.5999599
v 4.799788 5.6988844 2.1973877
v 3.599788 5.8988842 2.1973877
v 3.9997878 5.9988841 2.1973877
v 2.799788 5.3988833 2.1973877
v 4.3997879 5.8988847 2.1973877
v 2.3997881 4.6022181 2.1973877
v 3.1997879 5.6988844 2.1973877
v 5.3997879 5.098884 2.1973877
v 5.1997881 5.3988833 2.1973872
v 5.5997877 4.6022176 2.1973872
v 2.599788 5.0988845 2.1973877
v -2.0000381 4.598885 5.6002131
v -2.0000381 5.098884 2.6002135
v -2.0000381 5.8988842 3.5985198
v -2.0000381 4.198883 5.7002134
v -2.0000381 5.8988852 4.4002132
v -2.0000381 4.598884 2.4002132
v -2.0000381 5.6988844 3.2002134
v -2.0000381 5.6988844 4.8002138
v -2.0000381 5.3988833 5.2002134
v -2.0000381 4.1988825 2.3002133
v -2.0000381 5.3988833 2.8002133
v -2.0000381 5.0988845 5.4002132
v -2.0000381 5.9988846 4.0002136
v -5.7000384 4.1988825 2.0002136
v -4.4000382 5.8988847 2.0002136
v -2.4000387 4.598884 2.0002136
v -3.2000389 5.6988844 2.0002136
v -4.8000388 5.6988844 2.0002136
v -5.2000384 5.3988828 2.0002136
v -2.3000383 4.1988825 2.0002136
v -2.8000388 5.3988828 2.0002136
v -4.0000386 5.9988841 2.0002136
v -5.4000382 5.098884 2.0002136
v -5.6000381 4.598884 2.0002136
v -2.6000381 5.098884 2.0002136
v -3.6000381 5.8988842 2.0002136
v -6.0000377 5.6988844 3.200213
v -6.0000377 5.3988833 2.8002129
v -6.0000377 4.198883 5.7002134
v -6.0000377 5.3988833 5.2002134
v -6.0000377 5.098884 2.6002131
v -6.0000377 5.9988846 4.0002136
v -6.0000377 4.6022171 2.4002128
v -6.0000377 5.0988845 5.4002132
v -6.0000377 5.8988847 4.4002132
v -6.0000377 4.1988825 2.3002129
v -6.0000377 5.8988852 3.6002131
v -6.0000377 4.6022181 5.6002131
v -6.0000377 5.6988844 4.8002138
v -3.2000394 5.6988849 6.0002136
v -2.8000393 5.3988833 6.0002136
v -5.7000384 4.198883 6.0002136
v -5.2021203 5.3988833 6.0002136
v -2.6000385 5.0988845 6.0002136
v -2.4000387 4.598885 6.0002136
v -5.4000382 5.0988845 6.0002136
v -4.4000392 5.8988847 6.0002136
v -2.3000393 4.198883 6.0002136
v -3.600039 5.8988852 6.0002136
v -5.6000381 4.598885 6.0002136
v -4.8000388 5.6988849 6.0002136
v -4.0000386 5.9988846 6.0002136
v -3.9000387 5.9988846 4.0002136
v -4.0000386 5.9988846 4.1002131
v -4.100039 5.9988846 4.0002136
v -4.0000386 5.9988846 3.9002132
v -4.4000392 5.8988842 3.5002131
v -4.5000386 5.8988842 3.6002135
v -4.8000388 5.6988844 3.1002135
v -4.9000392 5.6988844 3.2002134
v -5.2000384 5.3988833 2.7002134
v -5.3000379 5.3988833 2.8002133
v -5.4000382 5.098884 2.5002136
v -5.5000377 5.098884 2.6002135
v -5.6000381 4.6022181 2.3002133
v -5.7000384 4.6022181 2.4002132
v -5.8000379 4.1988825 2.3002133
v -4.5198369 5.8988852 4.4002132
v -4.4000392 5.8988852 4.5002136
v -4.9000392 5.6988844 4.8002138
v -4.8000388 5.6988844 4.9002132
v -5.3000379 5.3988833 5.2002134
v -5.2021203 5.3988833 5.3002138
v -5.5000377 5.0988845 5.4002132
v -5.4000382 5.0988845 5.5002136
v -5.7000384 4.6022185 5.6002131
v -5.6000381 4.6022185 5.7002134
v -5.7000384 4.198883 5.8002129
v -5.8000379 4.198883 5.7002134
v -3.5000386 5.8988852 3.5985198
v -3.6000385 5.8988852 3.5002131
v -3.100039 5.6988844 3.2002134
v -3.2000389 5.6988844 3.1002135
v -2.700038 5.3988833 2.8002133
v -2.8000388 5.3988833 2.7002134
v -2.5000381 5.098884 2.6002135
v -2.6000381 5.098884 2.5002136
v -2.3000388 4.6022181 2.4002132
v -2.4000387 4.6022171 2.3002133
v -3.6000385 5.8988847 4.5002136
v -3.5000386 5.8988847 4.4002132
v -3.2000389 5.6988844 4.9002132
v -3.100039 5.6988844 4.8002138
v -2.8000388 5.3988847 5.3002138
v -2.6850595 5.3988833 5.2002134
v -2.6000381 5.0988845 5.5002136
v -2.5000381 5.0988845 5.4002132
v -2.4000387 4.6022181 5.7002125
v -2.3000383 4.6022181 5.6002131
v -2.3000388 4.198883 5.8002129
v -5.7248464 4.1988825 2.3768644
v -5.6233869 4.1988825 2.2754049
v -2.2752304 4.1988825 2.3768644
v -5.7248464 4.198883 5.6235619
v -2.3766899 4.198883 5.7250214
v -4.000278 5.8992385 4.0918074
v -4.0000167 5.8992275 3.9084888
v -3.9082775 5.8992242 4.0002213
v -4.0919967 5.8992089 4.0000038
v -5.5356898 4.5607623 2.3645616
v -5.6356902 4.5607623 2.4645615
v -5.3431878 5.03942 2.5570641
v -5.4431872 5.03942 2.657064
v -5.1571765 5.3193487 2.7430754
v -5.2571769 5.3193487 2.8430753
v -4.7716107 5.6073217 3.1286407
v -4.8716111 5.6073217 3.2286406
v -4.3820376 5.8021793 3.5182137
v -4.482038 5.8021793 3.6182137
v -2.3766899 4.1988825 2.2754049
v -2.364387 4.5607623 2.4645615
v -2.4643869 4.5607618 2.3645616
v -2.5568886 5.03942 2.657064
v -2.656889 5.03942 2.5570641
v -2.7429008 5.3193487 2.8430753
v -2.8429008 5.3193487 2.7430754
v -3.1284299 5.6073302 3.2287054
v -3.2284269 5.6073283 3.1287017
v -3.5179973 5.8021926 3.616632
v -3.6179385 5.8021707 3.5182657
v -5.6356902 4.5607628 5.5358648
v -5.5356898 4.5607628 5.6358643
v -5.6233869 4.198883 5.7250214
v -5.4430242 5.039473 5.3434706
v -5.343019 5.0394839 5.4434643
v -5.2569804 5.3193201 5.1576033
v -5.1589599 5.3194298 5.2575016
v -4.8720241 5.607367 4.7712364
v -4.7719874 5.6073865 4.8712091
v -4.5023179 5.8023323 4.3809605
v -4.3831382 5.8020896 4.4816399
v -2.4643869 4.5607623 5.6358643
v -2.364387 4.5607623 5.5358648
v -2.2752304 4.198883 5.6235619
v -2.6561332 5.0397929 5.442234
v -2.5560856 5.0397166 5.3422661
v -2.8411665 5.3191713 5.2560053
v -2.7268052 5.3198661 5.1553411
v -3.2277493 5.6072506 4.8713121
v -3.1277709 5.6072659 4.7712851
v -3.6180391 5.8021793 4.4822121
v -3.5180392 5.8021793 4.3822126
v -3.9988952 5.801813 3.9096079
v -3.9082689 5.801813 4.000227
v -3.954133 5.7374715 3.9543648
v -4.0002694 5.801813 4.0918131
v -3.9542923 5.7374767 4.0460529
v -4.0919881 5.801813 4.0000095
v -4.0459991 5.7374634 3.9542618
v -4.0461364 5.7374691 4.0459032
v -3.9542918 5.7374767 4.0454454
v -3.999999 5.7000021 3.999999
v -3.9539652 5.7379383 4.0457277
v -2.0000381 3.9988853 5.7002134
v -2.0000381 3.9988848 2.3002133
v -5.7000384 3.9988846 2.0002136
v -2.3000383 3.9988846 2.0002136
v -6.0000377 3.9988853 5.7002134
v -6.0000377 3.9988848 2.3002129
v -5.7000384 3.9988853 6.0002136
v -2.3000393 3.9988853 6.0002136
v -5.8000379 3.9988848 2.3002133
v -5.7000384 3.9988846 2.2002134
v -5.7000384 3.9988853 5.8002129
v -5.8000379 3.9988853 5.7002134
v -2.3000388 3.9988853 5.8002129
v -5.7248464 3.9988848 2.3768644
v -5.6233869 3.9988848 2.2754049
v -2.2752304 3.9988848 2.3768644
v -5.7248464 3.9988853 5.6235619
v -2.3766899 3.9988853 5.7250214
v -2.3766899 3.9988848 2.2754049
v -5.6233869 3.9988853 5.7250214
v -2.2752304 3.9988853 5.6235619
v -4.0000386 5.9988841 2.2031054
v -2.3000383 4.1988825 2.2002134
v -2.6000381 5.098884 2.2031054
v -5.6000381 4.601139 2.2031054
v -5.2000384 5.3988828 2.2031054
v -2.8000388 5.3988828 2.2031054
v -2.3000383 3.9988846 2.2002134
v -5.6970897 4.1988825 2.2031054
v -3.2000389 5.6988844 2.2031054
v -4.8000388 5.6988844 2.2031054
v -3.6000385 5.8988842 2.2031054
v -5.4000382 5.098884 2.2031054
v -2.4000387 4.6011385 2.2031054
v -4.4000392 5.8988847 2.2031054
v -2.200038 4.1988825 2.3002133
v -2.2156682 5.098884 2.6002135
v -2.2156682 5.3988833 2.8002133
v -2.2156682 5.8988842 3.5985198
v -2.2156682 5.8988852 4.4002132
v -2.2156682 5.0988845 5.4002132
v -2.2156682 5.6988844 4.8002138
v -2.200038 3.9988853 5.7002134
v -2.2156682 4.6012806 2.4002132
v -2.200038 3.9988848 2.3002133
v -2.200038 4.198882 5.7002134
v -2.2156682 5.6988844 3.2002134
v -2.2156682 4.6012806 5.6002131
v -2.2156682 5.3988833 5.2002134
v -2.2156682 5.9988846 4.0002136
v -2.6000381 5.0988845 5.8002129
v -2.4000387 4.6011066 5.8002129
v -2.8000388 5.3988837 5.8002129
v -4.4000392 5.8988847 5.8002129
v -5.2021203 5.3988833 5.8002129
v -3.6000385 5.8988852 5.8002129
v -5.6000381 4.601107 5.8002129
v -3.2000389 5.6988844 5.8002129
v -4.0000386 5.9988846 5.8002129
v -4.8000388 5.6988844 5.8002129
v -5.4000382 5.0988845 5.8002129
v -5.8026099 5.6988844 3.2002134
v -5.8026099 5.8988847 4.4002132
v -5.8026099 5.9988846 4.0002136
v -5.8026099 5.3988833 5.2002134
v -5.8026099 5.8988852 3.6002135
v -5.8026099 4.6022181 5.6002131
v -5.8026099 5.6988844 4.8002138
v -5.8026099 5.098884 2.6002135
v -5.8026099 5.3988833 2.8002133
v -5.8026099 4.6022176 2.4002132
v -5.8026099 5.0988845 5.4002132
v 1.9999604 4.5988845 1.600214
v 1.9999609 5.098884 -1.3997858
v 1.9999607 5.8988842 -0.40147924
v 1.9999604 4.1988825 1.7002139
v 1.9999607 5.8988847 0.40021372
v 1.9999609 4.598884 -1.5997858
v 1.9999607 5.6988839 -0.79978609
v 1.9999607 5.6988844 0.80021381
v 1.9999604 5.3988833 1.2002139
v 1.9999609 4.198882 -1.6997857
v 1.9999609 5.3988828 -1.1997862
v 1.9999604 5.0988845 1.4002137
v 1.9999607 5.9988841 0.00021362305
v -1.7000389 4.198882 -1.9997861
v -0.4000392 5.8988847 -1.9997861
v 1.5999608 4.598884 -1.9997857
v 0.79996085 5.6988839 -1.9997861
v -0.80003977 5.6988839 -1.9997861
v -1.2000394 5.3988828 -1.9997864
v 1.6999612 4.198882 -1.9997857
v 1.1999609 5.3988828 -1.9997859
v -3.9100647e-05 5.9988836 -1.9997861
v -1.4000387 5.098884 -1.9997864
v -1.600039 4.598884 -1.9997861
v 1.3999612 5.098884 -1.9997859
v 0.39996099 5.8988837 -1.9997861
v -2.0000391 5.6988839 -0.79978633
v -2.0000391 5.3988828 -1.1997867
v -2.0000391 4.1988825 1.7002134
v -2.0000391 5.3988833 1.2002134
v -2.0000391 5.098884 -1.3997862
v -2.0000391 5.9988841 0.00021362305
v -2.0000391 4.6022171 -1.599786
v -2.0000391 5.0988845 1.4002132
v -2.0000391 5.8988842 0.40021324
v -2.0000391 4.198882 -1.6997862
v -2.0000391 5.8988847 -0.39978623
v -2.0000391 4.6022176 1.6002126
v -2.0000391 5.6988844 0.80021334
v 0.79996014 5.6988844 2.0002141
v 1.1999602 5.3988833 2.0002141
v -1.7000394 4.1988825 2.0002141
v -1.2021217 5.3988833 2.0002141
v 1.3999605 5.0988845 2.0002141
v 1.5999606 4.5988845 2.0002141
v -1.4000392 5.0988845 2.0002141
v -0.40004015 5.8988842 2.0002141
v 1.6999602 4.1988825 2.0002141
v 0.39996028 5.8988852 2.0002141
v -1.6000395 4.5988845 2.0002141
v -0.80004025 5.6988844 2.0002141
v -3.9577484e-05 5.9988846 2.0002141
v 0.099960327 5.9988841 0.00021409988
v -3.9100647e-05 5.9988841 0.100214
v -0.10003948 5.9988841 0.00021409988
v -3.9100647e-05 5.9988841 -0.099786043
v -0.40003967 5.8988842 -0.49978614
v -0.5000391 5.8988842 -0.399786
v -0.80003977 5.6988839 -0.899786
v -0.90003967 5.6988839 -0.79978609
v -1.2000394 5.3988828 -1.2997863
v -1.3000388 5.3988828 -1.1997867
v -1.4000397 5.098884 -1.4997864
v -1.5000391 5.098884 -1.3997862
v -1.600039 4.6022176 -1.6997862
v -1.7000389 4.6022176 -1.599786
v -1.8000388 4.198882 -1.6997862
v -0.51983738 5.8988847 0.40021372
v -0.4000392 5.8988847 0.5002141
v -0.90003967 5.6988844 0.80021381
v -0.80003929 5.6988844 0.90021372
v -1.3000388 5.3988833 1.2002139
v -1.2021213 5.3988833 1.3002138
v -1.5000391 5.0988845 1.4002137
v -1.4000387 5.0988845 1.5002141
v -1.7000389 4.6022181 1.6002131
v -1.600039 4.6022181 1.7002139
v -1.7000389 4.1988825 1.8002138
v -1.8000388 4.1988825 1.7002139
v 0.49996066 5.8988847 -0.40147948
v 0.39996052 5.8988847 -0.49978614
v 0.89996028 5.6988839 -0.79978609
v 0.79996037 5.6988839 -0.899786
v 1.2999609 5.3988828 -1.1997862
v 1.1999607 5.3988828 -1.2997859
v 1.4999609 5.098884 -1.3997858
v 1.399961 5.098884 -1.4997859
v 1.6999607 4.6022176 -1.5997856
v 1.5999608 4.6022171 -1.6997857
v 0.39996076 5.8988842 0.5002141
v 0.49996066 5.8988842 0.40021372
v 0.79996037 5.6988844 0.90021372
v 0.89996028 5.6988844 0.80021381
v 1.1999602 5.3988842 1.3002138
v 1.3149395 5.3988833 1.2002139
v 1.3999608 5.0988845 1.5002141
v 1.4999604 5.0988845 1.4002137
v 1.5999603 4.6022176 1.7002134
v 1.6999605 4.6022176 1.6002131
v 1.6999602 4.1988825 1.8002138
v -1.7248473 4.198882 -1.6231349
v -1.6233878 4.198882 -1.7245941
v 1.7247689 4.198882 -1.6231344
v -1.7248473 4.1988825 1.6235623
v 1.6233091 4.1988825 1.7250218
v -0.00027894974 5.899238 0.091807842
v -1.7642975e-05 5.8992271 -0.091511011
v 0.091721773 5.8992242 0.00022172928
v -0.091997623 5.8992089 4.2915344e-06
v -1.5356908 4.5607618 -1.6354377
v -1.6356907 4.5607618 -1.5354378
v -1.3431888 5.0394196 -1.4429359
v -1.4431882 5.0394196 -1.3429358
v -1.1571774 5.3193483 -1.2569246
v -1.2571778 5.3193483 -1.1569247
v -0.77161169 5.6073217 -0.87135863
v -0.8716116 5.6073217 -0.77135873
v -0.38203859 5.8021788 -0.4817853
v -0.4820385 5.8021788 -0.38178515
v 1.6233096 4.198882 -1.7245936
v 1.6356122 4.5607618 -1.5354373
v 1.5356126 4.5607614 -1.6354373
v 1.4431102 5.0394196 -1.3429353
v 1.3431103 5.0394196 -1.4429355
v 1.2570987 5.3193483 -1.1569242
v 1.1570988 5.3193483 -1.2569242
v 0.8715694 5.6073302 -0.77129459
v 0.77157235 5.6073283 -0.8712976
v 0.48200178 5.8021921 -0.3833673
v 0.38206053 5.8021702 -0.48173332
v -1.6356907 4.5607623 1.5358653
v -1.5356908 4.5607623 1.6358652
v -1.6233878 4.1988825 1.7250218
v -1.4430256 5.0394725 1.3434715
v -1.34302 5.0394835 1.4434652
v -1.2569809 5.3193201 1.1576033
v -1.1589603 5.3194293 1.2575021
v -0.87202501 5.607367 0.7712369
v -0.77198887 5.6073865 0.87120962
v -0.50231886 5.8023318 0.38096094
v -0.38313913 5.8020891 0.48164034
v 1.5356121 4.5607618 1.6358652
v 1.635612 4.5607618 1.5358653
v 1.7247684 4.1988825 1.6235623
v 1.3438661 5.0397925 1.442235
v 1.4439135 5.0397162 1.3422666
v 1.1588326 5.3191713 1.2560062
v 1.2731938 5.3198656 1.1553421
v 0.77224946 5.6072501 0.87131262
v 0.87222838 5.6072654 0.77128553
v 0.38195992 5.8021788 0.48221302
v 0.48195982 5.8021788 0.38221312
v 0.001103878 5.8018126 -0.090391874
v 0.091730356 5.8018126 0.00022745132
v 0.045866251 5.737471 -0.045634747
v -0.00027036667 5.8018126 0.091814041
v 0.045706511 5.7374767 0.04605341
v -0.091989517 5.8018126 1.0490417e-05
v -0.045999527 5.7374634 -0.045737267
v -0.046136856 5.7374686 0.045903683
v 0.045707703 5.7374767 0.045446396
v 0 5.7000016 -4.7683716e-07
v 0.046033621 5.7379378 0.04572773
v 1.9999604 3.9988851 1.7002139
v 1.9999609 3.9988846 -1.6997857
v -1.7000389 3.9988841 -1.9997861
v 1.6999612 3.9988841 -1.9997857
v -2.0000391 3.9988851 1.7002134
v -2.0000391 3.9988846 -1.6997862
v -1.7000394 3.9988851 2.0002141
v 1.6999602 3.9988851 2.0002141
v -1.8000388 3.9988846 -1.6997862
v -1.7000389 3.9988841 -1.7997861
v -1.7000389 3.9988851 1.8002138
v -1.8000388 3.9988851 1.7002139
v 1.6999602 3.9988851 1.8002138
v -1.7248473 3.9988846 -1.6231349
v -1.6233878 3.9988846 -1.7245941
v 1.7247689 3.9988846 -1.6231344
v -1.7248473 3.9988851 1.6235623
v 1.6233091 3.9988851 1.7250218
v 1.6233096 3.9988846 -1.7245936
v -1.6233878 3.9988851 1.7250218
v 1.7247684 3.9988851 1.6235623
v -3.9100647e-05 5.9988841 -1.7968941
v 1.6999612 4.198882 -1.7997856
v 1.3999612 5.098884 -1.7968938
v -1.600039 4.6011385 -1.7968943
v -1.2000394 5.3988828 -1.7968946
v 1.1999607 5.3988828 -1.7968941
v 1.6999612 3.9988841 -1.7997856
v -1.6970911 4.198882 -1.7968943
v 0.79996061 5.6988839 -1.7968941
v -0.80003977 5.6988839 -1.7968941
v 0.39996099 5.8988837 -1.7968941
v -1.4000387 5.098884 -1.7968943
v 1.5999608 4.6011385 -1.7968936
v -0.4000392 5.8988847 -1.7968941
v 1.7999609 4.198882 -1.6997857
v 1.7843313 5.098884 -1.3997858
v 1.7843313 5.3988828 -1.1997862
v 1.7843311 5.8988842 -0.40147924
v 1.7843311 5.8988847 0.40021372
v 1.7843308 5.0988845 1.4002137
v 1.7843311 5.6988844 0.80021381
v 1.7999604 3.9988851 1.7002139
v 1.7843313 4.6012801 -1.5997856
v 1.7999609 3.9988846 -1.6997857
v 1.7999604 4.198882 1.7002139
v 1.7843311 5.6988839 -0.79978609
v 1.7843308 4.6012801 1.6002131
v 1.7843308 5.3988833 1.2002139
v 1.7843308 5.9988841 0.00021362305
v 1.3999605 5.0988845 1.8002138
v 1.5999603 4.6011061 1.8002138
v 1.1999602 5.3988833 1.8002138
v -0.40003967 5.8988842 1.8002133
v -1.2021213 5.3988833 1.8002133
v 0.39996028 5.8988852 1.8002138
v -1.600039 4.601107 1.8002133
v 0.79996014 5.6988844 1.8002138
v -3.9100647e-05 5.9988841 1.8002133
v -0.80003977 5.6988844 1.8002133
v -1.4000387 5.0988845 1.8002133
v -1.8026109 5.6988839 -0.79978633
v -1.8026109 5.8988842 0.40021372
v -1.8026109 5.9988841 0.00021409988
v -1.8026109 5.3988833 1.2002139
v -1.8026109 5.8988847 -0.39978623
v -1.8026109 4.6022181 1.6002131
v -1.8026109 5.6988844 0.80021381
v -1.8026109 5.098884 -1.3997862
v -1.8026109 5.3988828 -1.1997867
v -1.8026109 4.6022171 -1.599786
v -1.8026109 5.0988845 1.4002137
v 1.600215 4.598884 -5.9999609
v -1.399785 5.0988835 -5.9999619
v -0.40147877 5.8988837 -5.9999614
v 1.7002151 4.1988815 -5.9999609
v 0.40021491 5.8988842 -5.9999614
v -1.5997853 4.5988835 -5.9999619
v -0.79978514 5.6988835 -5.9999614
v 0.80021501 5.6988839 -5.9999614
v 1.2002151 5.3988823 -5.9999609
v -1.6997852 4.1988815 -5.9999619
v -1.1997852 5.3988823 -5.9999619
v 1.4002149 5.098884 -5.9999609
v 0.00021505356 5.9988836 -5.9999614
v -1.9997859 4.198882 -2.2999618
v -1.9997849 5.8988842 -3.5999618
v -1.9997849 4.5988835 -5.5999613
v -1.9997849 5.6988835 -4.7999616
v -1.9997849 5.6988839 -3.1999617
v -1.9997859 5.3988828 -2.7999616
v -1.9997849 4.1988815 -5.6999617
v -1.9997849 5.3988823 -5.1999617
v -1.9997849 5.9988836 -3.9999619
v -1.9997859 5.098884 -2.5999618
v -1.9997859 4.598884 -2.3999619
v -1.9997849 5.0988835 -5.3999619
v -1.9997849 5.8988837 -4.3999619
v -0.79978609 5.6988839 -1.9999616
v -1.1997862 5.3988828 -1.9999619
v 1.7002141 4.198882 -1.9999609
v 1.2002141 5.3988828 -1.9999611
v -1.3997865 5.098884 -1.9999619
v 0.00021457672 5.9988841 -1.9999616
v -1.5997858 4.6022171 -1.9999616
v 1.4002142 5.098884 -1.9999611
v 0.4002142 5.8988842 -1.9999616
v -1.6997862 4.198882 -1.9999616
v -0.399786 5.8988847 -1.9999616
v 1.600214 4.6022171 -1.9999609
v 0.80021453 5.6988839 -1.9999616
v 2.0002146 5.6988839 -4.7999606
v 2.0002148 5.3988828 -5.1999607
v 2.0002141 4.1988825 -2.2999609
v 2.0002143 5.3988828 -2.7978792
v 2.0002148 5.098884 -5.399961
v 2.0002151 4.598884 -5.5999608
v 2.0002143 5.098884 -2.5999608
v 2.0002146 5.8988837 -3.5999608
v 2.0002151 4.198882 -5.6999607
v 2.0002146 5.8988847 -4.399961
v 2.0002141 4.598884 -2.399961
v 2.0002146 5.6988839 -3.1999607
v 2.0002146 5.9988841 -3.9999609
v 0.00021481514 5.9988836 -4.0999613
v 0.10021472 5.9988836 -3.9999614
v 0.00021481514 5.9988836 -3.8999612
v -0.099785328 5.9988836 -3.9999614
v -0.49978542 5.8988837 -3.5999613
v -0.39978504 5.8988837 -3.4999614
v -0.89978552 5.6988839 -3.1999614
v -0.79978561 5.6988839 -3.0999615
v -1.2997856 5.3988828 -2.7999613
v -1.1997857 5.3988828 -2.6999617
v -1.4997859 5.098884 -2.5999615
v -1.399786 5.098884 -2.4999616
v -1.6997857 4.6022176 -2.3999619
v -1.5997853 4.6022176 -2.2999618
v -1.6997857 4.198882 -2.1999617
v 0.40021467 5.8988847 -3.4801631
v 0.50021482 5.8988847 -3.5999613
v 0.80021453 5.6988839 -3.099961
v 0.90021443 5.6988839 -3.1999612
v 1.2002146 5.3988828 -2.6999612
v 1.3002143 5.3988828 -2.7978792
v 1.4002142 5.098884 -2.4999611
v 1.5002143 5.098884 -2.5999608
v 1.600214 4.6022181 -2.2999611
v 1.7002141 4.6022181 -2.399961
v 1.8002143 4.1988825 -2.2999609
v 1.7002141 4.198882 -2.1999607
v -0.40147877 5.8988842 -4.4999614
v -0.49978542 5.8988842 -4.3999615
v -0.79978514 5.6988839 -4.8999615
v -0.89978504 5.6988839 -4.7999611
v -1.1997852 5.3988823 -5.2999616
v -1.2997851 5.3988823 -5.1999612
v -1.399785 5.0988835 -5.4999619
v -1.4997849 5.0988835 -5.3999615
v -1.5997853 4.6022171 -5.6999617
v -1.6997852 4.6022166 -5.5999613
v 0.50021482 5.8988837 -4.3999615
v 0.40021467 5.8988837 -4.4999614
v 0.90021467 5.6988839 -4.7999611
v 0.80021477 5.6988839 -4.899961
v 1.300215 5.3988837 -5.1999612
v 1.2002151 5.3988828 -5.3149405
v 1.5002151 5.098884 -5.399961
v 1.4002149 5.098884 -5.4999609
v 1.7002149 4.6022171 -5.5999608
v 1.600215 4.6022171 -5.6999607
v 1.800215 4.198882 -5.6999607
v -1.6231341 4.198882 -2.2751536
v -1.7245936 4.198882 -2.3766129
v -1.6231341 4.1988815 -5.7247696
v 1.6235628 4.198882 -2.2751527
v 1.725023 4.1988815 -5.6233096
v 0.091808796 5.899238 -3.999722
v -0.091509819 5.8992266 -3.9999831
v 0.00022244453 5.8992237 -4.0917225
v 5.2452087e-06 5.8992085 -3.9080031
v -1.635437 4.5607618 -2.4643102
v -1.5354371 4.5607618 -2.3643103
v -1.442935 5.0394196 -2.6568122
v -1.3429351 5.0394196 -2.5568123
v -1.2569232 5.3193483 -2.8428233
v -1.1569238 5.3193483 -2.7428236
v -0.87135792 5.6073212 -3.228389
v -0.77135801 5.6073212 -3.1283889
v -0.48178434 5.8021783 -3.6179621
v -0.38178444 5.8021783 -3.5179622
v -1.7245927 4.1988815 -5.6233101
v -1.5354366 4.5607618 -5.635613
v -1.6354365 4.5607609 -5.5356131
v -1.3429346 5.0394191 -5.4431109
v -1.4429345 5.0394191 -5.343111
v -1.1569233 5.3193483 -5.2570996
v -1.2569232 5.3193483 -5.1570997
v -0.77129364 5.6073298 -4.8715701
v -0.87129688 5.6073279 -4.7715735
v -0.38336658 5.8021917 -4.4820027
v -0.48173237 5.8021697 -4.3820615
v 1.5358658 4.5607618 -2.3643093
v 1.6358657 4.5607618 -2.4643095
v 1.7250223 4.198882 -2.3766122
v 1.343472 5.0394725 -2.5569749
v 1.4434659 5.0394835 -2.6569803
v 1.1576045 5.3193196 -2.7430193
v 1.257503 5.3194288 -2.8410399
v 0.77123737 5.6073665 -3.1279755
v 0.87121034 5.607386 -3.2280118
v 0.38096189 5.8023318 -3.4976819
v 0.48164129 5.8020887 -3.6168618
v 1.6358664 4.5607609 -5.5356126
v 1.5358665 4.5607609 -5.6356125
v 1.6235638 4.1988815 -5.7247686
v 1.4422359 5.039792 -5.3438668
v 1.342268 5.0397157 -5.4439144
v 1.2560072 5.3191709 -5.1588335
v 1.1553433 5.3198651 -5.2731943
v 0.87131381 5.6072497 -4.7722502
v 0.77128649 5.6072649 -4.8722291
v 0.48221397 5.8021783 -4.3819604
v 0.38221407 5.8021783 -4.4819603
v -0.090391159 5.8018121 -4.0011048
v 0.00022864342 5.8018121 -4.0917311
v -0.045633793 5.737471 -4.045867
v 0.091814756 5.8018121 -3.9997303
v 0.046054363 5.7374763 -4.0457072
v 1.1205673e-05 5.8018121 -3.9080114
v -0.045736313 5.7374629 -3.9540012
v 0.045904398 5.7374686 -3.9538639
v 0.04544735 5.7374763 -4.0457082
v 4.7683716e-07 5.7000012 -4.000001
v 0.045728683 5.7379378 -4.0460343
v 1.7002151 3.9988841 -5.9999609
v -1.6997852 3.9988841 -5.9999619
v -1.9997859 3.9988841 -2.2999618
v -1.9997849 3.9988839 -5.6999617
v 1.7002141 3.9988846 -1.9999609
v -1.6997862 3.9988846 -1.9999616
v 2.0002141 3.9988846 -2.2999609
v 2.0002151 3.9988841 -5.6999607
v -1.6997857 3.9988846 -2.1999617
v -1.7997851 3.9988841 -2.2999618
v 1.8002143 3.9988846 -2.2999609
v 1.7002141 3.9988846 -2.1999607
v 1.800215 3.9988841 -5.6999607
v -1.6231341 3.9988846 -2.2751536
v -1.7245936 3.9988846 -2.3766129
v -1.6231341 3.9988841 -5.7247696
v 1.6235628 3.9988846 -2.2751527
v 1.725023 3.9988841 -5.6233096
v -1.7245927 3.9988841 -5.6233101
v 1.7250223 3.9988846 -2.3766122
v 1.6235638 3.9988841 -5.7247686
v -1.7968931 5.9988836 -3.9999619
v -1.7997851 4.1988815 -5.6999617
v -1.7968931 5.0988835 -5.3999619
v -1.7968941 4.6011385 -2.3999619
v -1.7968941 5.3988828 -2.7999616
v -1.7968931 5.3988823 -5.1999617
v -1.7997851 3.9988839 -5.6999617
v -1.7968941 4.198882 -2.3029096
v -1.7968931 5.6988835 -4.7999616
v -1.7968931 5.6988839 -3.1999617
v -1.7968931 5.8988837 -4.3999619
v -1.7968931 5.098884 -2.5999618
v -1.7968931 4.601138 -5.5999613
v -1.7968931 5.8988842 -3.5999618
v -1.6997852 4.1988815 -5.7999616
v -1.399785 5.0988835 -5.7843323
v -1.1997852 5.3988823 -5.7843323
v -0.40147877 5.8988837 -5.7843318
v 0.40021491 5.8988842 -5.7843318
v 1.4002149 5.098884 -5.7843313
v 0.80021501 5.6988839 -5.7843318
v 1.7002151 3.9988841 -5.7999606
v -1.5997853 4.6012797 -5.7843323
v -1.6997852 3.9988841 -5.7999616
v 1.7002151 4.1988811 -5.7999606
v -0.79978514 5.6988835 -5.7843318
v 1.600215 4.6012797 -5.7843313
v 1.2002151 5.3988823 -5.7843313
v 0.00021505356 5.9988836 -5.7843318
v 1.8002152 5.098884 -5.399961
v 1.8002152 4.6011056 -5.5999608
v 1.800215 5.3988828 -5.1999607
v 1.8002143 5.8988837 -3.599961
v 1.8002141 5.3988828 -2.7978792
v 1.8002148 5.8988847 -4.399961
v 1.8002138 4.6011066 -2.399961
v 1.8002148 5.6988839 -4.7999606
v 1.8002145 5.9988836 -3.9999609
v 1.8002145 5.6988839 -3.1999607
v 1.8002138 5.098884 -2.5999608
v -0.79978561 5.6988839 -2.1973898
v 0.4002142 5.8988837 -2.1973896
v 0.00021457672 5.9988841 -2.1973896
v 1.2002141 5.3988828 -2.1973891
v -0.39978552 5.8988847 -2.1973896
v 1.600214 4.6022176 -2.1973891
v 0.80021429 5.6988839 -2.1973896
v -1.399786 5.098884 -2.1973896
v -1.1997857 5.3988828 -2.1973896
v -1.5997853 4.6022171 -2.1973896
v 1.4002142 5.098884 -2.1973891
v 5.6002145 4.598884 -1.9999609
v 2.6002145 5.098884 -1.9999621
v 3.5985212 5.8988837 -1.9999616
v 5.7002144 4.198882 -1.9999609
v 4.4002147 5.8988847 -1.9999616
v 2.4002147 4.598884 -1.9999619
v 3.2002144 5.6988839 -1.9999616
v 4.8002143 5.6988839 -1.9999616
v 5.2002144 5.3988828 -1.9999611
v 2.3002145 4.198882 -1.9999619
v 2.8002143 5.3988828 -1.9999621
v 5.4002147 5.098884 -1.9999611
v 4.0002141 5.9988841 -1.9999616
v 2.0002136 4.1988825 1.700038
v 2.0002141 5.8988847 0.40003824
v 2.0002146 4.598884 -1.5999618
v 2.0002141 5.6988839 -0.79996181
v 2.0002141 5.6988839 0.80003834
v 2.0002139 5.3988828 1.200038
v 2.0002146 4.198882 -1.6999621
v 2.0002143 5.3988828 -1.1999619
v 2.0002141 5.9988841 3.8146973e-05
v 2.0002139 5.098884 1.4000378
v 2.0002136 4.598884 1.6000381
v 2.0002143 5.098884 -1.3999622
v 2.0002141 5.8988842 -0.39996219
v 3.2002137 5.6988844 2.0000381
v 2.8002138 5.3988833 2.0000381
v 5.7002139 4.1988825 2.0000386
v 5.2002139 5.3988833 2.0000386
v 2.6002138 5.098884 2.0000381
v 4.0002141 5.9988841 2.0000381
v 2.4002137 4.6022171 2.0000381
v 5.4002137 5.0988845 2.0000386
v 4.4002137 5.8988842 2.0000381
v 2.3002138 4.1988825 2.0000381
v 3.6002138 5.8988847 2.0000381
v 5.6002135 4.6022176 2.0000386
v 4.8002138 5.6988844 2.0000381
v 6.0002141 5.6988839 -0.79996109
v 6.0002141 5.3988828 -1.1999612
v 6.0002136 4.1988825 1.7000389
v 6.0002136 5.3988833 1.2021208
v 6.0002141 5.098884 -1.399961
v 6.0002141 4.598884 -1.599961
v 6.0002136 5.0988845 1.4000392
v 6.0002141 5.8988842 0.4000392
v 6.0002141 4.1988825 -1.6999609
v 6.0002141 5.8988847 -0.39996123
v 6.0002136 4.5988845 1.600039
v 6.0002141 5.6988844 0.80003929
v 6.0002141 5.9988841 3.9100647e-05
v 4.0002141 5.9988841 -0.099961281
v 4.100214 5.9988841 3.862381e-05
v 4.0002141 5.9988841 0.10003853
v 3.9002142 5.9988841 3.862381e-05
v 3.5002141 5.8988842 0.40003872
v 3.600214 5.8988842 0.50003815
v 3.100214 5.6988839 0.80003881
v 3.2002139 5.6988839 0.90003872
v 2.7002139 5.3988828 1.2000384
v 2.8002138 5.3988828 1.3000379
v 2.5002139 5.098884 1.4000378
v 2.6002138 5.098884 1.5000381
v 2.3002138 4.6022181 1.6000381
v 2.4002137 4.6022181 1.700038
v 2.3002138 4.1988825 1.8000379
v 4.4002142 5.8988847 0.51983643
v 4.5002141 5.8988847 0.40003824
v 4.8002138 5.6988844 0.90003872
v 4.9002137 5.6988844 0.80003881
v 5.2002139 5.3988833 1.3000388
v 5.3002138 5.3988833 1.2021203
v 5.4002137 5.0988845 1.5000386
v 5.5002136 5.0988845 1.4000387
v 5.6002135 4.6022181 1.7000384
v 5.7002139 4.6022181 1.6000381
v 5.8002138 4.1988825 1.7000384
v 5.7002139 4.1988825 1.8000388
v 3.5985208 5.8988847 -0.49996161
v 3.5002143 5.8988847 -0.39996147
v 3.2002144 5.6988839 -0.89996123
v 3.1002142 5.6988839 -0.79996133
v 2.8002143 5.3988828 -1.2999623
v 2.7002144 5.3988828 -1.1999617
v 2.6002145 5.098884 -1.4999621
v 2.5002143 5.098884 -1.3999622
v 2.4002147 4.6022176 -1.6999617
v 2.3002145 4.6022171 -1.5999618
v 4.5002141 5.8988842 -0.39996171
v 4.4002142 5.8988842 -0.49996138
v 4.9002142 5.6988839 -0.79996133
v 4.8002143 5.6988839 -0.89996123
v 5.3002143 5.3988842 -1.1999612
v 5.2002144 5.3988828 -1.3149405
v 5.5002141 5.098884 -1.3999615
v 5.4002142 5.098884 -1.4999611
v 5.7002144 4.6022171 -1.5999608
v 5.6002145 4.6022171 -1.6999609
v 5.8002143 4.1988825 -1.6999609
v 2.3768649 4.1988825 1.7248464
v 2.2754056 4.1988825 1.6233869
v 2.3768659 4.198882 -1.7247698
v 5.6235623 4.1988825 1.7248464
v 5.7250223 4.198882 -1.6233096
v 4.0918083 5.899238 0.00027799606
v 3.9084892 5.8992271 1.6689301e-05
v 4.0002217 5.8992242 -0.091722727
v 4.0000048 5.8992089 0.09199667
v 2.364562 4.5607623 1.5356898
v 2.4645622 4.5607623 1.6356897
v 2.5570645 5.0394196 1.3431873
v 2.6570644 5.0394196 1.4431872
v 2.7430758 5.3193487 1.1571765
v 2.8430758 5.3193487 1.2571769
v 3.1286414 5.6073217 0.77161074
v 3.2286415 5.6073217 0.87161064
v 3.5182149 5.8021788 0.38203764
v 3.6182148 5.8021788 0.48203754
v 2.2754064 4.198882 -1.6233106
v 2.4645629 4.5607618 -1.6356132
v 2.364563 4.5607614 -1.5356133
v 2.6570649 5.0394196 -1.4431114
v 2.557065 5.0394196 -1.3431115
v 2.8430762 5.3193483 -1.2570999
v 2.7430763 5.3193483 -1.1571
v 3.2287059 5.6073302 -0.87157035
v 3.1287029 5.6073283 -0.77157331
v 3.6166329 5.8021921 -0.48200274
v 3.5182669 5.8021702 -0.38206148
v 5.5358653 4.5607623 1.6356897
v 5.6358652 4.5607623 1.5356898
v 5.7250218 4.1988825 1.6233869
v 5.3434715 5.0394725 1.4430251
v 5.4434657 5.0394835 1.343019
v 5.1576037 5.3193201 1.2569799
v 5.2575026 5.3194293 1.1589594
v 4.7712369 5.607367 0.87202406
v 4.8712096 5.6073865 0.77198792
v 4.3809609 5.8023318 0.50231791
v 4.4816403 5.8020891 0.38313818
v 5.6358657 4.5607614 -1.5356126
v 5.5358663 4.5607614 -1.6356125
v 5.6235633 4.198882 -1.7247691
v 5.4422355 5.0397925 -1.3438668
v 5.3422675 5.0397162 -1.4439144
v 5.2560067 5.3191709 -1.1588333
v 5.1553426 5.3198656 -1.2731946
v 4.8713131 5.6072501 -0.77225041
v 4.771286 5.6072654 -0.87222934
v 4.4822135 5.8021788 -0.38196087
v 4.3822136 5.8021788 -0.48196077
v 3.9096084 5.8018126 -0.0011048317
v 4.0002279 5.8018126 -0.09173131
v 3.9543657 5.737471 -0.045867205
v 4.091814 5.8018126 0.00026941299
v 4.0460539 5.7374767 -0.045707464
v 4.0000105 5.8018126 0.091988564
v 3.954263 5.7374634 0.045998573
v 4.0459037 5.7374686 0.046135902
v 4.0454469 5.7374767 -0.045708656
v 4 5.7000016 -9.5367432e-07
v 4.0457282 5.7379378 -0.046034575
v 5.7002144 3.9988846 -1.9999609
v 2.3002145 3.9988846 -1.9999619
v 2.0002136 3.9988846 1.700038
v 2.0002146 3.9988841 -1.6999621
v 5.7002139 3.9988851 2.0000386
v 2.3002138 3.9988848 2.0000381
v 6.0002136 3.9988851 1.7000389
v 6.0002141 3.9988846 -1.6999609
v 2.3002138 3.9988848 1.8000379
v 2.2002139 3.9988846 1.700038
v 5.8002138 3.9988851 1.7000384
v 5.7002139 3.9988851 1.8000388
v 5.8002143 3.9988846 -1.6999609
v 2.3768649 3.9988848 1.7248464
v 2.2754056 3.9988848 1.6233869
v 2.3768659 3.9988846 -1.7247698
v 5.6235623 3.9988851 1.7248464
v 5.7250223 3.9988846 -1.6233096
v 2.2754064 3.9988846 -1.6233106
v 5.7250218 3.9988851 1.6233869
v 5.6235633 3.9988846 -1.7247691
v 2.2031062 5.9988841 3.8146973e-05
v 2.2002146 4.198882 -1.6999621
v 2.2031064 5.098884 -1.3999622
v 2.2031054 4.601139 1.6000381
v 2.2031057 5.3988828 1.2000384
v 2.2031064 5.3988828 -1.1999619
v 2.2002144 3.9988841 -1.6999621
v 2.2031054 4.1988825 1.6970901
v 2.2031064 5.6988839 -0.79996181
v 2.2031062 5.6988839 0.80003834
v 2.2031062 5.8988842 -0.39996195
v 2.2031059 5.098884 1.4000378
v 2.2031064 4.6011385 -1.5999618
v 2.2031062 5.8988847 0.40003824
v 2.3002145 4.198882 -1.7999618
v 2.6002145 5.098884 -1.7843325
v 2.8002143 5.3988828 -1.7843325
v 3.598521 5.8988837 -1.784332
v 4.4002147 5.8988847 -1.784332
v 5.4002147 5.098884 -1.7843316
v 4.8002143 5.6988839 -1.784332
v 5.7002144 3.9988846 -1.7999611
v 2.4002147 4.6012801 -1.7843323
v 2.3002145 3.9988846 -1.7999618
v 5.7002144 4.1988815 -1.7999611
v 3.2002144 5.6988839 -1.784332
v 5.6002145 4.6012797 -1.7843313
v 5.2002144 5.3988828 -1.7843316
v 4.0002141 5.9988841 -1.7843318
v 5.8002143 5.098884 -1.399961
v 5.8002143 4.6011061 -1.5999608
v 5.8002143 5.3988833 -1.1999612
v 5.8002138 5.8988842 0.40003872
v 5.8002133 5.3988833 1.2021203
v 5.8002143 5.8988847 -0.39996123
v 5.8002133 4.601107 1.6000381
v 5.8002143 5.6988839 -0.79996109
v 5.8002138 5.9988841 3.862381e-05
v 5.8002138 5.6988844 0.80003881
v 5.8002133 5.0988845 1.4000387
v 3.2002137 5.6988844 1.8026099
v 4.4002137 5.8988842 1.8026099
v 4.0002141 5.9988841 1.8026099
v 5.2002139 5.3988833 1.8026104
v 3.6002138 5.8988847 1.8026099
v 5.6002135 4.6022181 1.8026104
v 4.8002138 5.6988844 1.8026099
v 2.6002138 5.098884 1.8026099
v 2.8002138 5.3988828 1.8026099
v 2.4002137 4.6022176 1.8026099
v 5.4002137 5.0988845 1.8026099
v 1.6002164 4.5988845 2.0000391
v -1.3997836 5.098884 2.0000386
v -0.40147734 5.8988842 2.0000386
v 1.7002165 4.1988825 2.0000391
v 0.40021658 5.8988847 2.0000386
v -1.5997839 4.598884 2.0000386
v -0.79978371 5.6988844 2.0000386
v 0.80021644 5.6988844 2.0000386
v 1.2002165 5.3988833 2.0000391
v -1.6997838 4.1988825 2.0000386
v -1.1997838 5.3988833 2.0000386
v 1.4002166 5.0988845 2.0000391
v 0.00021648407 5.9988841 2.0000386
v -1.9997845 4.1988825 5.700038
v -1.9997835 5.8988852 4.4000378
v -1.9997835 4.598884 2.4000387
v -1.9997835 5.6988844 3.2000389
v -1.9997835 5.6988844 4.8000383
v -1.9997845 5.3988833 5.200038
v -1.9997835 4.1988825 2.3000388
v -1.9997835 5.3988833 2.8000388
v -1.9997835 5.9988841 4.0000381
v -1.9997845 5.0988845 5.4000378
v -1.9997845 4.5988845 5.6000385
v -1.9997835 5.098884 2.6000385
v -1.9997835 5.8988842 3.6000385
v -0.79978466 5.6988844 6.0000381
v -1.1997848 5.3988833 6.0000381
v 1.7002158 4.198883 6.0000401
v 1.2002158 5.3988833 6.0000401
v -1.3997846 5.0988845 6.0000381
v 0.00021600723 5.9988846 6.0000391
v -1.5997844 4.6022176 6.0000381
v 1.4002156 5.0988845 6.0000401
v 0.40021563 5.8988847 6.0000391
v -1.6997848 4.1988825 6.0000381
v -0.39978456 5.8988852 6.0000381
v 1.6002157 4.6022181 6.0000401
v 0.80021596 5.6988844 6.0000391
v 2.0002162 5.6988844 3.2000399
v 2.0002165 5.3988833 2.8000398
v 2.0002155 4.198883 5.7000399
v 2.0002158 5.3988833 5.2021217
v 2.0002165 5.0988845 2.60004
v 2.0002165 4.5988845 2.4000397
v 2.0002158 5.0988845 5.4000397
v 2.000216 5.8988847 4.4000397
v 2.0002165 4.1988825 2.3000398
v 2.000216 5.8988852 3.60004
v 2.0002155 4.598885 5.6000395
v 2.000216 5.6988844 4.8000402
v 2.000216 5.9988846 4.0000401
v 0.00021624565 5.9988846 3.9000392
v 0.10021639 5.9988846 4.0000401
v 0.00021624565 5.9988846 4.1000395
v -0.099783897 5.9988846 4.0000391
v -0.49978352 5.8988842 4.4000387
v -0.39978361 5.8988842 4.5000391
v -0.89978409 5.6988844 4.8000383
v -0.79978418 5.6988844 4.9000387
v -1.2997842 5.3988833 5.2000389
v -1.1997843 5.3988833 5.3000383
v -1.4997845 5.0988845 5.4000378
v -1.3997841 5.0988845 5.5000381
v -1.6997843 4.6022181 5.6000385
v -1.5997839 4.6022181 5.700038
v -1.6997843 4.1988825 5.8000383
v 0.40021634 5.8988852 4.5198374
v 0.50021625 5.8988852 4.4000397
v 0.80021596 5.6988844 4.9000397
v 0.90021586 5.6988844 4.8000393
v 1.2002161 5.3988833 5.3000393
v 1.3002157 5.3988833 5.2021217
v 1.4002156 5.0988845 5.5000401
v 1.5002158 5.0988845 5.4000397
v 1.6002157 4.6022185 5.7000399
v 1.7002158 4.6022185 5.6000395
v 1.8002157 4.198883 5.7000399
v 1.7002158 4.198883 5.8000393
v -0.40147734 5.8988852 3.5000391
v -0.49978352 5.8988852 3.6000395
v -0.79978371 5.6988844 3.1000395
v -0.89978361 5.6988844 3.2000394
v -1.1997838 5.3988833 2.7000389
v -1.2997837 5.3988833 2.8000393
v -1.3997836 5.098884 2.5000386
v -1.4997835 5.098884 2.6000385
v -1.5997839 4.6022181 2.3000388
v -1.6997838 4.6022171 2.4000387
v 0.50021625 5.8988842 3.6000395
v 0.40021634 5.8988842 3.5000391
v 0.90021634 5.6988844 3.2000394
v 0.8002162 5.6988844 3.1000395
v 1.3002164 5.3988842 2.8000393
v 1.2002165 5.3988833 2.68506
v 1.5002165 5.0988845 2.6000385
v 1.4002166 5.0988845 2.5000391
v 1.7002163 4.6022176 2.4000392
v 1.6002164 4.6022176 2.3000393
v 1.8002164 4.1988825 2.3000393
v -1.6231327 4.1988825 5.7248468
v -1.7245922 4.1988825 5.6233873
v -1.6231327 4.1988825 2.2752309
v 1.6235645 4.198883 5.7248478
v 1.7250245 4.1988825 2.3766904
v 0.091810226 5.8992385 4.0002794
v -0.091508389 5.8992275 4.0000172
v 0.00022387505 5.8992242 3.908278
v 6.6757202e-06 5.8992089 4.0919981
v -1.6354356 4.5607628 5.5356903
v -1.5354357 4.5607628 5.6356897
v -1.4429336 5.03942 5.3431873
v -1.3429337 5.03942 5.4431877
v -1.2569218 5.3193487 5.157177
v -1.1569223 5.3193487 5.2571764
v -0.87135649 5.6073221 4.7716112
v -0.77135658 5.6073221 4.8716106
v -0.48178291 5.8021793 4.3820381
v -0.38178301 5.8021793 4.4820375
v -1.7245913 4.1988825 2.3766904
v -1.5354347 4.5607623 2.3643875
v -1.6354351 4.5607618 2.4643874
v -1.3429332 5.03942 2.5568891
v -1.4429331 5.03942 2.6568894
v -1.1569219 5.3193487 2.7429013
v -1.2569218 5.3193487 2.8429012
v -0.77129221 5.6073302 3.1284304
v -0.87129545 5.6073283 3.2284274
v -0.38336515 5.8021926 3.5179977
v -0.48173094 5.8021707 3.617939
v 1.5358672 4.5607628 5.6356907
v 1.6358674 4.5607628 5.5356913
v 1.7250237 4.198883 5.6233883
v 1.3434734 5.039473 5.4430265
v 1.4434676 5.0394839 5.3430204
v 1.1576059 5.3193201 5.2569809
v 1.2575045 5.3194298 5.1589603
v 0.7712388 5.607367 4.8720255
v 0.87121177 5.6073865 4.7719889
v 0.38096333 5.8023323 4.5023184
v 0.48164272 5.8020896 4.3831387
v 1.6358678 4.5607618 2.4643874
v 1.5358679 4.5607618 2.3643875
v 1.6235652 4.1988825 2.2752309
v 1.4422374 5.0397925 2.6561337
v 1.3422694 5.0397162 2.5560861
v 1.2560086 5.3191713 2.8411674
v 1.1553447 5.3198656 2.7268057
v 0.87131524 5.6072506 3.2277498
v 0.77128816 5.6072659 3.1277714
v 0.4822154 5.8021793 3.6180396
v 0.3822155 5.8021793 3.5180397
v -0.090389252 5.801813 3.9988956
v 0.00023007393 5.801813 3.9082694
v -0.045632362 5.7374715 3.9541335
v 0.091816425 5.801813 4.0002708
v 0.046055794 5.7374767 3.9542928
v 1.2636185e-05 5.801813 4.0919895
v -0.045734882 5.7374634 4.0459986
v 0.045906067 5.7374691 4.0461369
v 0.04544878 5.7374767 3.9542923
v 2.1457672e-06 5.7000021 4
v 0.045730114 5.7379383 3.9539657
v 1.7002165 3.9988851 2.0000391
v -1.6997838 3.9988848 2.0000386
v -1.9997845 3.9988848 5.700038
v -1.9997835 3.9988846 2.3000388
v 1.7002158 3.9988853 6.0000401
v -1.6997848 3.9988851 6.0000381
v 2.0002155 3.9988853 5.7000399
v 2.0002165 3.9988851 2.3000398
v -1.6997843 3.9988851 5.8000383
v -1.7997837 3.9988848 5.700038
v 1.8002157 3.9988853 5.7000399
v 1.7002158 3.9988853 5.8000393
v 1.8002164 3.9988851 2.3000393
v -1.6231327 3.9988851 5.7248468
v -1.7245922 3.9988851 5.6233873
v -1.6231327 3.9988848 2.2752309
v 1.6235645 3.9988853 5.7248478
v 1.7250245 3.9988851 2.3766904
v -1.7245913 3.9988848 2.3766904
v 1.7250237 3.9988853 5.6233883
v 1.6235652 3.9988851 2.2752309
v -1.7968917 5.9988841 4.0000381
v -1.7997837 4.1988825 2.3000388
v -1.7968917 5.098884 2.6000385
v -1.7968926 4.6011395 5.6000385
v -1.7968926 5.3988833 5.2000389
v -1.7968917 5.3988833 2.8000388
v -1.7997837 3.9988846 2.3000388
v -1.7968926 4.1988825 5.6970901
v -1.7968917 5.6988844 3.2000389
v -1.7968917 5.6988844 4.8000383
v -1.7968917 5.8988842 3.6000385
v -1.7968917 5.0988845 5.4000378
v -1.7968917 4.6011385 2.4000387
v -1.7968917 5.8988852 4.4000378
v -1.6997838 4.1988825 2.2000389
v -1.3997836 5.098884 2.2156687
v -1.1997838 5.3988833 2.2156687
v -0.40147734 5.8988842 2.2156687
v 0.40021658 5.8988847 2.2156687
v 1.4002166 5.0988845 2.2156687
v 0.80021644 5.6988844 2.2156687
v 1.7002165 3.9988851 2.2000394
v -1.5997839 4.6012806 2.2156687
v -1.6997838 3.9988848 2.2000389
v 1.7002165 4.198882 2.2000394
v -0.79978371 5.6988844 2.2156687
v 1.6002164 4.6012801 2.2156687
v 1.2002165 5.3988833 2.2156687
v 0.00021648407 5.9988841 2.2156687
v 1.8002167 5.0988845 2.6000395
v 1.8002167 4.6011061 2.4000392
v 1.8002164 5.3988833 2.8000393
v 1.8002157 5.8988847 4.4000397
v 1.8002155 5.3988833 5.2021217
v 1.8002162 5.8988852 3.6000395
v 1.8002152 4.601107 5.6000395
v 1.8002162 5.6988844 3.2000394
v 1.800216 5.9988846 4.0000401
v 1.800216 5.6988844 4.8000393
v 1.8002152 5.0988845 5.4000397
v -0.79978418 5.6988844 5.8026104
v 0.40021563 5.8988847 5.8026114
v 0.00021600723 5.9988846 5.8026114
v 1.2002158 5.3988833 5.8026114
v -0.39978409 5.8988852 5.8026104
v 1.6002157 4.6022181 5.8026114
v 0.80021572 5.6988844 5.8026114
v -1.3997841 5.0988845 5.8026104
v -1.1997843 5.3988833 5.8026104
v -1.5997839 4.6022181 5.8026104
v 1.4002156 5.0988845 5.8026114
v -2.3997846 4.598884 -1.9999607
v -5.3997836 5.098884 -1.9999619
v -4.4014773 5.8988837 -1.9999614
v -2.2997842 4.198882 -1.9999607
v -3.5997844 5.8988847 -1.9999614
v -5.5997834 4.598884 -1.9999616
v -4.7997842 5.6988839 -1.9999614
v -3.1997843 5.6988839 -1.9999614
v -2.7997842 5.3988828 -1.9999609
v -5.6997838 4.198882 -1.9999616
v -5.1997838 5.3988828 -1.9999619
v -2.5997844 5.098884 -1.9999609
v -3.9997845 5.9988841 -1.9999614
v -5.9997849 4.1988825 1.7000384
v -5.9997849 5.8988847 0.40003824
v -5.999784 4.598884 -1.5999613
v -5.999784 5.6988839 -0.79996157
v -5.9997849 5.6988839 0.80003834
v -5.9997849 5.3988828 1.2000384
v -5.999784 4.198882 -1.6999619
v -5.999784 5.3988828 -1.1999617
v -5.9997849 5.9988841 3.862381e-05
v -5.9997849 5.098884 1.4000382
v -5.9997849 4.598884 1.6000381
v -5.999784 5.098884 -1.3999619
v -5.999784 5.8988842 -0.39996195
v -4.7997851 5.6988844 2.0000381
v -5.1997857 5.3988833 2.0000381
v -2.2997856 4.1988825 2.0000386
v -2.7997847 5.3988833 2.0000386
v -5.3997855 5.098884 2.0000381
v -3.9997849 5.9988841 2.0000381
v -5.5997844 4.6022171 2.0000381
v -2.5997853 5.0988845 2.0000386
v -3.5997849 5.8988842 2.0000381
v -5.6997857 4.1988825 2.0000381
v -4.3997846 5.8988847 2.0000381
v -2.3997855 4.6022176 2.0000386
v -3.1997848 5.6988844 2.0000381
v -1.9997845 5.6988839 -0.79996085
v -1.9997845 5.3988828 -1.1999609
v -1.9997849 4.1988825 1.7000394
v -1.9997849 5.3988833 1.2021213
v -1.9997845 5.098884 -1.3999608
v -1.9997845 4.598884 -1.5999608
v -1.9997849 5.0988845 1.4000392
v -1.9997845 5.8988842 0.4000392
v -1.9997845 4.1988825 -1.6999605
v -1.9997845 5.8988847 -0.39996076
v -1.9997849 4.5988845 1.6000395
v -1.9997845 5.6988844 0.80003977
v -1.9997845 5.9988841 3.9577484e-05
v -3.9997845 5.9988841 -0.099961042
v -3.8997846 5.9988841 3.9100647e-05
v -3.9997845 5.9988841 0.10003901
v -4.0997844 5.9988841 3.9100647e-05
v -4.4997849 5.8988842 0.40003872
v -4.3997846 5.8988842 0.50003862
v -4.8997846 5.6988839 0.80003881
v -4.7997851 5.6988839 0.90003872
v -5.2997851 5.3988828 1.2000389
v -5.1997857 5.3988828 1.3000383
v -5.4997849 5.098884 1.4000382
v -5.3997855 5.098884 1.5000381
v -5.6997857 4.6022181 1.6000381
v -5.5997844 4.6022181 1.7000384
v -5.6997857 4.1988825 1.8000383
v -3.5997844 5.8988847 0.5198369
v -3.4997845 5.8988847 0.40003872
v -3.1997852 5.6988844 0.90003872
v -3.0997844 5.6988844 0.80003881
v -2.7997842 5.3988833 1.3000388
v -2.6997852 5.3988833 1.2021208
v -2.5997849 5.0988845 1.5000391
v -2.4997849 5.0988845 1.4000387
v -2.399785 4.6022181 1.7000389
v -2.2997851 4.6022181 1.6000381
v -2.1997852 4.1988825 1.7000389
v -2.2997851 4.1988825 1.8000388
v -4.4014773 5.8988847 -0.49996138
v -4.499784 5.8988847 -0.39996099
v -4.7997842 5.6988839 -0.89996099
v -4.8997836 5.6988839 -0.79996109
v -5.1997838 5.3988828 -1.2999618
v -5.2997842 5.3988828 -1.1999614
v -5.3997836 5.098884 -1.4999619
v -5.499784 5.098884 -1.3999619
v -5.5997834 4.6022176 -1.6999614
v -5.6997838 4.6022171 -1.5999613
v -3.4997845 5.8988842 -0.39996147
v -3.5997844 5.8988842 -0.49996114
v -3.0997844 5.6988839 -0.79996109
v -3.1997843 5.6988839 -0.89996099
v -2.6997843 5.3988842 -1.1999609
v -2.7997842 5.3988828 -1.31494
v -2.4997845 5.098884 -1.3999612
v -2.5997844 5.098884 -1.4999609
v -2.2997842 4.6022171 -1.5999606
v -2.3997846 4.6022171 -1.6999607
v -2.1997843 4.1988825 -1.6999605
v -5.6231341 4.1988825 1.7248464
v -5.7245927 4.1988825 1.6233873
v -5.6231332 4.198882 -1.7247696
v -2.3764362 4.1988825 1.7248464
v -2.2749767 4.198882 -1.6233094
v -3.9081907 5.899238 0.00027799606
v -4.0915093 5.8992271 1.6689301e-05
v -3.9997764 5.8992242 -0.091722488
v -3.9999938 5.8992089 0.09199667
v -5.6354365 4.5607623 1.5356903
v -5.5354371 4.5607623 1.6356902
v -5.4429345 5.0394196 1.3431878
v -5.3429351 5.0394196 1.4431877
v -5.2569232 5.3193487 1.157177
v -5.1569238 5.3193487 1.2571769
v -4.8713574 5.6073217 0.77161121
v -4.771358 5.6073217 0.87161112
v -4.4817843 5.8021788 0.38203764
v -4.381784 5.8021788 0.48203802
v -5.7245917 4.198882 -1.6233103
v -5.5354352 4.5607618 -1.635613
v -5.6354346 4.5607614 -1.5356131
v -5.3429332 5.0394196 -1.4431112
v -5.4429336 5.0394196 -1.3431113
v -5.1569219 5.3193483 -1.2570996
v -5.2569222 5.3193483 -1.1570997
v -4.7712922 5.6073302 -0.87156987
v -4.8712955 5.6073283 -0.77157307
v -4.3833652 5.8021921 -0.4820025
v -4.4817309 5.8021702 -0.38206124
v -2.4641333 4.5607623 1.6356902
v -2.3641334 4.5607623 1.5356903
v -2.2749767 4.1988825 1.6233873
v -2.656527 5.0394725 1.4430251
v -2.5565329 5.0394835 1.343019
v -2.8423948 5.3193201 1.2569804
v -2.742496 5.3194293 1.1589599
v -3.2287617 5.607367 0.87202454
v -3.1287889 5.6073865 0.77198792
v -3.6190372 5.8023318 0.50231838
v -3.5183578 5.8020891 0.38313818
v -2.3641334 4.5607614 -1.5356123
v -2.4641333 4.5607614 -1.6356122
v -2.3764353 4.198882 -1.7247689
v -2.5577636 5.0397925 -1.3438666
v -2.657732 5.0397162 -1.4439142
v -2.7439923 5.3191709 -1.158833
v -2.844656 5.3198656 -1.2731941
v -3.128686 5.6072501 -0.77225018
v -3.2287126 5.6072654 -0.8722291
v -3.5177855 5.8021788 -0.38196063
v -3.6177855 5.8021788 -0.48196054
v -4.0903897 5.8018126 -0.0011045933
v -3.9997711 5.8018126 -0.091731071
v -4.0456319 5.737471 -0.045866966
v -3.9081845 5.8018126 0.00026988983
v -3.9539447 5.7374767 -0.045707226
v -3.9999881 5.8018126 0.091988564
v -4.0457368 5.7374634 0.04599905
v -3.9540949 5.7374686 0.046135902
v -3.9545517 5.7374767 -0.045708418
v -3.9999986 5.7000016 -9.5367432e-07
v -3.9542704 5.7379378 -0.046034336
v -2.2997842 3.9988846 -1.9999607
v -5.6997838 3.9988846 -1.9999616
v -5.9997849 3.9988846 1.7000384
v -5.999784 3.9988841 -1.6999619
v -2.2997856 3.9988851 2.0000386
v -5.6997857 3.9988848 2.0000381
v -1.9997849 3.9988851 1.7000394
v -1.9997845 3.9988846 -1.6999605
v -5.6997857 3.9988848 1.8000383
v -5.7997851 3.9988846 1.7000384
v -2.1997852 3.9988851 1.7000389
v -2.2997851 3.9988851 1.8000388
v -2.1997843 3.9988846 -1.6999605
v -5.6231341 3.9988848 1.7248464
v -5.7245927 3.9988848 1.6233873
v -5.6231332 3.9988846 -1.7247696
v -2.3764362 3.9988851 1.7248464
v -2.2749767 3.9988846 -1.6233094
v -5.7245917 3.9988846 -1.6233103
v -2.2749767 3.9988851 1.6233873
v -2.3764353 3.9988846 -1.7247689
v -5.7968926 5.9988841 3.862381e-05
v -5.7997842 4.198882 -1.6999619
v -5.7968917 5.098884 -1.3999619
v -5.7968936 4.601139 1.6000381
v -5.7968936 5.3988828 1.2000389
v -5.7968917 5.3988828 -1.1999617
v -5.7997842 3.9988841 -1.6999619
v -5.7968936 4.1988825 1.6970901
v -5.7968917 5.6988839 -0.79996157
v -5.7968926 5.6988839 0.80003834
v -5.7968917 5.8988842 -0.39996171
v -5.7968926 5.098884 1.4000382
v -5.7968917 4.6011385 -1.5999613
v -5.7968926 5.8988847 0.40003872
v -5.6997838 4.198882 -1.7999616
v -5.3997836 5.098884 -1.7843323
v -5.1997838 5.3988828 -1.7843323
v -4.4014773 5.8988837 -1.7843318
v -3.5997844 5.8988847 -1.7843318
v -2.5997844 5.098884 -1.7843313
v -3.1997843 5.6988839 -1.7843318
v -2.2997842 3.9988846 -1.7999609
v -5.5997834 4.6012801 -1.784332
v -5.6997838 3.9988846 -1.7999616
v -2.2997842 4.1988815 -1.7999609
v -4.7997842 5.6988839 -1.7843318
v -2.3997846 4.6012797 -1.7843311
v -2.7997842 5.3988828 -1.7843313
v -3.9997845 5.9988841 -1.7843316
v -2.1997843 5.098884 -1.3999608
v -2.1997843 4.6011061 -1.5999606
v -2.1997843 5.3988833 -1.1999609
v -2.1997852 5.8988842 0.40003872
v -2.1997852 5.3988833 1.2021208
v -2.1997843 5.8988847 -0.39996076
v -2.1997852 4.601107 1.6000381
v -2.1997843 5.6988839 -0.79996085
v -2.1997852 5.9988841 3.9100647e-05
v -2.1997852 5.6988844 0.80003929
v -2.1997852 5.0988845 1.4000387
v -4.7997851 5.6988844 1.8026104
v -3.5997844 5.8988842 1.8026104
v -3.9997845 5.9988841 1.8026104
v -2.7997842 5.3988833 1.8026109
v -4.3997846 5.8988847 1.8026104
v -2.399785 4.6022181 1.8026109
v -3.1997843 5.6988844 1.8026104
v -5.3997855 5.098884 1.8026104
v -5.1997857 5.3988828 1.8026104
v -5.5997844 4.6022176 1.8026104
v -2.5997849 5.0988845 1.8026104
v -6.3463116 3.4 -6.3463125
v -5.653687 3.4 -6.3463125
v -5.653687 3.4 -5.653688
v -6.3463116 3.4 -5.653688
v -5.653687 0.59999994 -6.3463125
v -5.6536875 0.6 -5.653688
v -6.3463116 0.60000006 -5.653688
v -6.3463116 0.6 -6.3463125
v -5.5999994 0 -6.4000001
v -6.3999996 3.4969105e-08 -6.4000001
v -6.3999991 3.5000002 -6.4000001
v -6.3999991 4.0000002 -6.4000001
v -5.5999994 4.0000002 -6.4000001
v -5.5999994 0.49999998 -6.4000001
v -5.5999994 6.0398349e-08 -5.5999999
v -5.5999994 4.0000002 -5.6000004
v -5.5999994 0.50000004 -5.5999999
v -6.3999996 9.5367454e-08 -5.5999999
v -6.3999991 4.0000002 -5.6000004
v -6.3999996 0.5000001 -5.5999999
v -5.5999994 3.5000002 -6.4000001
v -5.5999994 3.5000002 -5.6000004
v -6.3999991 3.5000002 -5.6000004
v -6.3999996 0.50000004 -6.4000001
v -6.346312 3.400001 5.6536903
v -5.6536875 3.400001 5.6536903
v -5.6536875 3.400001 6.3463144
v -6.346312 3.400001 6.3463144
v -5.653688 0.6000009 5.6536903
v -5.653688 0.6000009 6.3463144
v -6.346312 0.60000096 6.3463144
v -6.346312 0.6000009 5.6536903
v -5.5999999 9.0597513e-07 5.6000023
v -6.4000001 9.4094429e-07 5.6000023
v -6.4000001 3.5000011 5.6000023
v -6.3999996 4.0000009 5.6000023
v -5.5999999 4.0000009 5.6000023
v -5.5999999 0.50000087 5.6000023
v -5.5999999 9.6637348e-07 6.4000025
v -5.5999999 4.0000009 6.4000025
v -5.5999999 0.50000093 6.4000025
v -6.4000001 1.0013426e-06 6.4000025
v -6.4000001 4.0000009 6.4000025
v -6.4000001 0.50000099 6.4000025
v -5.5999999 3.5000011 5.6000023
v -5.5999999 3.5000011 6.4000025
v -6.4000001 3.5000011 6.4000025
v -6.4000001 0.50000093 5.6000023
v 5.653687 3.4000012 5.6536913
v 6.3463111 3.400001 5.6536913
v 6.3463111 3.4000012 6.3463154
v 5.653687 3.4000012 6.3463154
v 6.3463111 0.6000009 5.6536913
v 6.3463111 0.60000096 6.3463154
v 5.653687 0.60000096 6.3463154
v 5.653687 0.6000009 5.6536913
v 6.3999991 9.0597518e-07 5.6000032
v 5.599999 9.4094429e-07 5.6000032
v 5.599999 3.5000011 5.6000032
v 5.599999 4.0000009 5.6000032
v 6.3999991 4.0000009 5.6000032
v 6.3999991 0.50000093 5.6000032
v 6.3999991 9.6637353e-07 6.4000034
v 6.3999991 4.0000009 6.4000034
v 6.3999991 0.50000099 6.4000034
v 5.599999 1.0013426e-06 6.4000034
v 5.599999 4.0000009 6.4000034
v 5.599999 0.50000099 6.4000034
v 6.3999991 3.5000009 5.6000032
v 6.3999991 3.5000011 6.4000034
v 5.599999 3.5000011 6.4000034
v 5.599999 0.50000093 5.6000032
v 5.653688 3.4000003 -6.3463097
v 6.346312 3.4000003 -6.3463097
v 6.346312 3.4000003 -5.6536851
v 5.653688 3.4000003 -5.6536851
v 6.346312 0.6 -6.3463092
v 6.346312 0.6 -5.6536846
v 5.653688 0.60000006 -5.6536846
v 5.653688 0.6 -6.3463092
v 6.4000001 2.2737368e-13 -6.3999972
v 5.5999999 3.4969332e-08 -6.3999972
v 5.5999999 3.5000002 -6.3999972
v 5.5999999 4.0000002 -6.3999972
v 6.4000001 4.0000002 -6.3999972
v 6.4000001 0.50000001 -6.3999972
v 6.4000001 6.0398577e-08 -5.599997
v 6.4000001 4.0000002 -5.5999975
v 6.4000001 0.50000004 -5.599997
v 5.5999999 9.5367682e-08 -5.599997
v 5.5999999 4.0000002 -5.5999975
v 5.5999999 0.5000001 -5.599997
v 6.4000001 3.5000002 -6.3999972
v 6.4000001 3.5000002 -5.5999975
v 5.5999999 3.5000002 -5.5999975
v 5.5999999 0.50000004 -6.3999972
v -2.3463118 3.4000005 -2.3463099
v -1.6536875 3.4000005 -2.3463099
v -1.6536875 3.4000007 -1.653686
v -2.3463118 3.4000007 -1.653686
v -1.6536875 0.6000003 -2.3463097
v -1.6536875 0.60000036 -1.6536856
v -2.346312 0.60000042 -1.6536856
v -2.346312 0.60000036 -2.3463097
v -1.5999994 3.0199183e-07 -2.3999975
v -2.3999999 3.3696094e-07 -2.3999975
v -2.3999996 3.5000004 -2.3999977
v -2.3999996 4.0000002 -2.3999977
v -1.5999994 4.0000002 -2.3999977
v -1.5999994 0.50000028 -2.3999975
v -1.5999994 3.6239015e-07 -1.5999975
v -1.5999994 4.0000002 -1.599998
v -1.5999994 0.50000034 -1.5999975
v -2.3999999 3.9735926e-07 -1.5999975
v -2.3999996 4.0000002 -1.599998
v -2.3999999 0.5000004 -1.5999975
v -1.5999994 3.5000004 -2.3999977
v -1.5999994 3.5000006 -1.599998
v -2.3999996 3.5000006 -1.599998
v -2.3999999 0.50000034 -2.3999975
v 1.6536875 3.4000007 1.6536899
v 2.346313 3.4000007 1.6536899
v 2.346313 3.4000007 2.3463144
v 1.6536875 3.4000007 2.3463144
v 2.346313 0.6000006 1.6536903
v 2.346313 0.6000006 2.3463144
v 1.6536875 0.60000066 2.3463144
v 1.6536875 0.6000006 1.6536903
v 2.4000001 6.0398355e-07 1.6000028
v 1.5999999 6.389526e-07 1.6000028
v 1.5999999 3.5000006 1.6000023
v 1.5999999 4.0000004 1.6000023
v 2.4000001 4.0000002 1.6000023
v 2.4000001 0.50000058 1.6000028
v 2.4000001 6.6438184e-07 2.4000025
v 2.4000001 4.0000004 2.4000025
v 2.4000001 0.50000064 2.4000025
v 1.5999999 6.9935089e-07 2.4000025
v 1.5999999 4.0000004 2.4000025
v 1.5999999 0.5000007 2.4000025
v 2.4000001 3.5000006 1.6000023
v 2.4000001 3.5000006 2.4000025
v 1.5999999 3.5000006 2.4000025
v 1.5999999 0.50000064 1.6000028
v 1.653688 3.4000005 -1.6536856
v 1.653688 3.4000005 -2.3463101
v 2.346313 3.4000005 -2.3463097
v 2.346313 3.4000005 -1.6536856
v 1.653688 0.60000024 -2.3463097
v 2.346313 0.6000003 -2.3463094
v 2.346313 0.60000036 -1.6536851
v 1.653688 0.60000036 -1.6536851
v 1.6000004 3.0199186e-07 -2.3999975
v 1.6000004 3.9735929e-07 -1.599997
v 1.6000004 3.5000004 -1.599998
v 1.6000004 4.0000002 -1.599998
v 1.6000004 4.0000002 -2.3999979
v 1.6000004 0.50000028 -2.3999975
v 2.4000001 3.0199186e-07 -2.3999972
v 2.4000001 4.0000002 -2.3999975
v 2.4000001 0.50000028 -2.3999972
v 2.4000001 3.9735926e-07 -1.599997
v 2.4000001 4.0000002 -1.5999975
v 2.4000001 0.50000034 -1.599997
v 1.6000004 3.5000004 -2.3999979
v 2.4000001 3.5000004 -2.3999975
v 2.4000001 3.5000004 -1.5999975
v 1.6000004 0.5000004 -1.599997
v -2.3463125 3.400001 2.3463144
v -2.3463118 3.400001 1.6536894
v -1.653688 3.400001 1.6536894
v -1.653688 3.400001 2.3463144
v -2.346312 0.6000006 1.6536899
v -1.653688 0.60000066 1.6536899
v -1.653688 0.60000066 2.3463144
v -2.3463123 0.60000072 2.3463144
v -2.3999999 6.0398349e-07 1.6000023
v -2.4000001 6.9935089e-07 2.4000025
v -2.4000001 3.5000009 2.4000025
v -2.4000001 4.0000004 2.4000025
v -2.3999996 4.0000004 1.6000018
v -2.3999999 0.50000058 1.6000023
v -1.5999999 6.0398349e-07 1.6000023
v -1.5999999 4.0000004 1.6000018
v -1.5999999 0.50000058 1.6000023
v -1.5999999 6.9935089e-07 2.4000025
v -1.6000004 4.0000004 2.4000025
v -1.5999999 0.5000007 2.4000025
v -2.3999996 3.5000009 1.6000018
v -1.5999999 3.5000009 1.6000018
v -1.6000004 3.5000009 2.4000025
v -2.4000001 0.5000007 2.4000025
v -2.346312 3.4000003 -5.6536856
v -2.3463116 3.4000003 -6.3463101
v -1.6536875 3.4000003 -6.3463101
v -1.6536875 3.4000003 -5.6536856
v -2.3463118 0.6 -6.3463097
v -1.6536875 0.6 -6.3463097
v -1.6536875 0.60000006 -5.6536851
v -2.3463118 0.60000012 -5.6536851
v -2.3999996 1.7053026e-13 -6.3999972
v -2.3999996 9.5367596e-08 -5.5999975
v -2.3999996 3.5000002 -5.599998
v -2.3999996 3.9999999 -5.599998
v -2.3999994 3.9999999 -6.3999977
v -2.3999996 0.49999998 -6.3999977
v -1.5999994 1.7053026e-13 -6.3999972
v -1.5999994 3.9999999 -6.3999977
v -1.5999994 0.50000001 -6.3999972
v -1.5999994 9.5367625e-08 -5.5999975
v -1.5999999 3.9999999 -5.599998
v -1.5999994 0.5000001 -5.5999975
v -2.3999994 3.5000002 -6.3999977
v -1.5999994 3.5000002 -6.3999977
v -1.5999999 3.5000002 -5.5999975
v -2.3999996 0.5000001 -5.5999975
v 5.653688 3.400001 2.3463154
v 5.653688 3.4000007 1.6536899
v 6.346312 3.4000007 1.6536899
v 6.346312 3.4000007 2.3463154
v 5.653688 0.6000006 1.6536903
v 6.346312 0.6000006 1.6536903
v 6.346312 0.60000072 2.3463154
v 5.653688 0.60000066 2.3463154
v 5.5999999 6.0398355e-07 1.6000028
v 5.5999999 6.9935095e-07 2.4000034
v 5.5999999 3.5000009 2.4000034
v 5.5999999 4.0000004 2.4000034
v 5.5999999 4.0000004 1.6000023
v 5.5999999 0.50000058 1.6000028
v 6.4000001 6.0398355e-07 1.6000028
v 6.4000001 4.0000004 1.6000023
v 6.4000001 0.50000064 1.6000028
v 6.4000001 6.9935089e-07 2.4000034
v 6.4000001 4.0000004 2.4000034
v 6.4000001 0.5000007 2.4000034
v 5.5999999 3.5000006 1.6000023
v 6.4000001 3.5000006 1.6000023
v 6.4000001 3.5000006 2.4000034
v 5.5999999 0.5000007 2.4000034
v -6.346312 3.4000007 2.3463144
v -6.346312 3.4000005 1.6536894
v -5.6536875 3.4000005 1.6536894
v -5.6536875 3.4000007 2.3463144
v -6.346312 0.6000006 1.6536899
v -5.6536875 0.60000054 1.6536899
v -5.6536875 0.60000066 2.3463144
v -6.346312 0.60000066 2.3463144
v -6.3999996 6.0398349e-07 1.6000023
v -6.4000001 6.9935095e-07 2.4000025
v -6.4000001 3.5000009 2.4000025
v -6.4000001 4.0000004 2.4000025
v -6.3999996 4.0000004 1.6000018
v -6.3999996 0.50000058 1.6000023
v -5.5999999 6.0398349e-07 1.6000023
v -5.5999999 4.0000004 1.6000018
v -5.5999999 0.50000058 1.6000023
v -5.5999999 6.9935095e-07 2.4000025
v -5.5999999 4.0000004 2.4000025
v -5.5999999 0.50000064 2.4000025
v -6.3999996 3.5000006 1.6000018
v -5.5999999 3.5000006 1.6000018
v -5.5999999 3.5000009 2.4000025
v -6.4000001 0.5000007 2.4000025
v -5.6536875 3.4000003 -1.653686
v -6.346312 3.4000003 -1.653686
v -6.346312 3.4000003 -2.3463101
v -5.6536875 3.4000003 -2.3463101
v -6.346312 0.60000036 -1.6536856
v -6.346312 0.6000003 -2.3463099
v -5.6536875 0.6000003 -2.3463099
v -5.6536875 0.60000036 -1.6536856
v -6.3999996 3.6239018e-07 -1.5999975
v -5.5999999 3.9735929e-07 -1.5999975
v -5.5999999 3.5000004 -1.599998
v -5.5999999 4.0000004 -1.599998
v -6.4000001 4.0000004 -1.599998
v -6.3999996 0.50000034 -1.5999975
v -6.3999996 3.0199186e-07 -2.3999977
v -6.3999996 4.0000004 -2.3999979
v -6.3999996 0.50000028 -2.3999977
v -5.5999994 3.3696097e-07 -2.3999977
v -5.5999999 4.0000004 -2.3999979
v -5.5999994 0.50000028 -2.3999977
v -6.4000001 3.5000004 -1.599998
v -6.3999996 3.5000004 -2.3999979
v -5.5999999 3.5000004 -2.3999979
v -5.5999999 0.50000034 -1.5999975
v 2.346312 3.4000003 -5.6536851
v 1.6536875 3.4000003 -5.6536851
v 1.653688 3.4 -6.3463097
v 2.346313 3.4 -6.3463097
v 1.653688 0.6 -5.6536851
v 1.653688 0.59999994 -6.3463097
v 2.346313 0.6 -6.3463097
v 2.346313 0.60000006 -5.6536851
v 1.6000004 6.0398492e-08 -5.5999975
v 2.4000001 9.5367625e-08 -5.599997
v 2.4000001 3.5000002 -5.5999975
v 2.4000001 3.9999999 -5.5999975
v 1.5999999 3.9999999 -5.5999975
v 1.6000004 0.50000004 -5.5999975
v 1.6000004 1.7053026e-13 -6.3999972
v 1.6000004 3.9999997 -6.3999977
v 1.6000004 0.49999998 -6.3999972
v 2.4000001 3.4969304e-08 -6.3999972
v 2.4000001 3.9999997 -6.3999972
v 2.4000001 0.50000001 -6.3999972
v 1.5999999 3.5000002 -5.5999975
v 1.6000004 3.4999999 -6.3999977
v 2.4000001 3.4999999 -6.3999972
v 2.4000001 0.50000004 -5.599997
v 6.346312 3.4000005 -1.6536856
v 5.653688 3.4000005 -1.6536856
v 5.653688 3.4000005 -2.3463097
v 6.346312 3.4000005 -2.3463097
v 5.653688 0.60000036 -1.6536851
v 5.653688 0.6000003 -2.3463094
v 6.346312 0.60000036 -2.3463094
v 6.346312 0.60000036 -1.6536851
v 5.5999999 3.6239015e-07 -1.599997
v 6.4000001 3.9735932e-07 -1.599997
v 6.4000001 3.5000004 -1.5999975
v 6.4000001 4.0000004 -1.5999975
v 5.5999999 4.0000004 -1.5999975
v 5.5999999 0.50000034 -1.599997
v 5.5999999 3.0199183e-07 -2.3999972
v 5.5999999 4.0000004 -2.3999975
v 5.5999999 0.50000028 -2.3999972
v 6.4000001 3.3696099e-07 -2.3999972
v 6.4000001 4.0000002 -2.3999975
v 6.4000001 0.50000028 -2.3999972
v 5.5999999 3.5000004 -1.5999975
v 5.5999999 3.5000004 -2.3999975
v 6.4000001 3.5000004 -2.3999975
v 6.4000001 0.50000034 -1.599997
v 2.3463111 3.400001 6.3463144
v 1.653687 3.4000012 6.3463144
v 1.6536875 3.400001 5.6536903
v 2.346312 3.400001 5.6536903
v 1.6536875 0.6000009 6.3463144
v 1.6536875 0.60000084 5.6536903
v 2.346312 0.60000096 5.6536903
v 2.346312 0.60000102 6.3463144
v 1.5999999 9.6637348e-07 6.4000025
v 2.3999991 1.0013426e-06 6.4000025
v 2.3999991 3.5000009 6.4000025
v 2.3999991 4.0000004 6.4000025
v 1.5999994 4.0000004 6.4000025
v 1.5999999 0.50000093 6.4000025
v 1.5999999 9.0597513e-07 5.6000023
v 1.5999999 4.0000004 5.6000023
v 1.5999999 0.50000087 5.6000023
v 2.3999991 9.4094429e-07 5.6000023
v 2.3999991 4.0000004 5.6000023
v 2.3999991 0.50000093 5.6000023
v 1.5999994 3.5000011 6.4000025
v 1.5999999 3.5000009 5.6000023
v 2.3999991 3.5000009 5.6000023
v 2.3999991 0.50000099 6.4000025
v -1.653688 3.4000012 5.6536903
v -1.653688 3.4000012 6.3463144
v -2.346312 3.4000012 6.3463144
v -2.346312 3.4000012 5.6536903
v -1.653688 0.60000096 6.3463144
v -2.3463123 0.60000096 6.3463144
v -2.3463123 0.60000096 5.6536903
v -1.653688 0.60000096 5.6536903
v -1.5999999 9.6637348e-07 6.4000025
v -1.5999999 9.4094423e-07 5.6000023
v -1.5999999 3.5000011 5.6000023
v -1.6000004 4.0000004 5.6000023
v -1.6000004 4.0000009 6.4000025
v -1.5999999 0.50000093 6.4000025
v -2.4000001 9.6637348e-07 6.4000025
v -2.4000001 4.0000009 6.4000025
v -2.4000001 0.50000093 6.4000025
v -2.4000001 9.4094423e-07 5.6000023
v -2.4000001 4.0000009 5.6000023
v -2.4000001 0.50000093 5.6000023
v -1.5999999 3.5000011 6.4000025
v -2.3999999 3.5000011 6.4000025
v -2.3999999 3.5000011 5.6000023
v -1.5999999 0.50000093 5.6000023
vt 0.81962818 0.44980025
vt 0.26393265 0.16772509
vt 0.44040793 0.40706211
vt 0.74073184 0.0039062798
vt 0.78345239 0.70916784
vt 0.40397611 0.15644813
vt 0.097634017 0.44980022
vt 0.86452794 0.53504556
vt 0.21419853 0
vt 0.85173291 0.41335467
vt 0.49595416 0.41028726
vt 0.37915671 0.08815378
vt 0.94060034 0.44740811
vt 0.78345227 0.30252582
vt 1.0000319 5.9604645e-08
vt 0.74350238 0.50340664
vt -0.085013226 0.44773307
vt 1.499269 0.50042623
vt 0.40781161 0.076596797
vt 0.54125321 0.50457662
vt 0.21419853 0
vt 1 1
vt 1.0298796 0.44980025
vt -0.0282197 0.50041884
vt 0.90415406 0.5004189
vt -0.00034284592 0.0053359321
vt 0.70228964 0.44980022
vt 0.055311039 0.50182837
vt -0.3062959 0.41180006
vt 0.86452794 0.41587746
vt 0.43528634 0.076600611
vt 0.49595416 0.44740817
vt 0.031329896 0.5364421
vt 0.42228514 0.17459679
vt 0.49595416 0.50042635
vt 0.702411 0.44980022
vt -0.51626837 0.4481861
vt 1 1
vt -0.028091073 0.44980022
vt 0.515625 0.203125
vt 0.4375 0.40625
vt 0.99634731 -0.12599152
vt 1.1739689 0.44980025
vt 1.0879757 0.44740811
vt 0.50000858 0.58889568
vt 0.46736503 0.44980022
vt 0.80696833 0.53698963
vt -0.00034284592 1.0115989
vt 0.296875 0.40625
vt -2.9802322e-07 1.7881393e-07
vt 0.12507126 0.41587743
vt 1.3419377 0.44980025
vt -0.12538493 0.50041884
vt 1.3419377 0.5004189
vt 0.38377619 0.53698963
vt 0.18216005 0.44980022
vt 1.0721117 0.5004189
vt 0.7435469 1.12473
vt 1 1
vt 0 0.203125
vt 0.515625 0.203125
vt 0.75 0.203125
vt 0.75 0
vt 1 0.40624219
vt 0.50087911 0.5004189
vt 0.26393265 -0.05322291
vt 0.26393241 1.0599761
vt 0.097543091 0.5004189
vt 0.29239374 0.44740817
vt 1.432532 0.50042623
vt -0.3062959 0.5001356
vt 0.296875 0.40625
vt 0.81962818 0.5004189
vt 0.75331122 1
vt 0.44040793 0.40706211
vt 1.029933 0.44980025
vt 0.75 0.203125
vt 0.99737412 0.062272578
vt 0.70832837 0.53747004
vt 0.76552641 0.5004189
vt 0.59744745 0.5004189
vt 0.031859428 0.18027559
vt 0.75 0
vt -0.14842905 0.41238776
vt 1 0.40624219
vt 0.45874679 0.45278448
vt 0.87807256 0.82744312
vt 0.32316753 0.41587743
vt -0.3062959 0.5364421
vt 0.097687304 0.44980022
vt 0.26393265 0.83874393
vt 1.0000001 8.9406967e-08
vt 1.0721117 0.44980022
vt 0.40781161 0.076596797
vt 0.50003201 0.58889568
vt 0.75 0.203125
vt 0.75 0
vt 0.515625 0
vt 0.90417653 0.5004189
vt 0.097686768 0.5004189
vt 0.86452794 0.41587746
vt 0.25911927 0.50013566
vt 0.94060034 0.41028726
vt 1.1976331 0.44980025
vt 1.197633 0.5004189
vt 0.43528634 0.076600611
vt 0.49595416 0.44740817
vt 0.031329896 0.5364421
vt 0.81989765 0.44980025
vt 0.34258366 0.08815378
vt 0.29937726 0.44980022
vt -0.51626837 0.4481861
vt 0.99999976 -8.9406967e-08
vt 1.2950513 0.44980025
vt 1 0.20363684
vt 0.99999154 0.53698963
vt 0.49595416 0.50042635
vt 0.515625 0
vt 0.29928625 0.5004189
vt 0.62109464 0.10360718
vt 0.38298088 0.55963898
vt 1.1270607 0.44980025
vt 0.49595416 0.53747004
vt 0.29928625 0.44980022
vt 1.3419377 0.44980025
vt 1.3419377 0.5004189
vt -0.12538493 0.50041884
vt 0.67407715 0.1014771
vt -0.17215842 0.50041884
vt -0.11286631 0.5364421
vt 0.99695551 -0.027693748
vt 0.38377619 0.44773307
vt 0.99737412 0.062272787
vt 0.99695575 0.098960996
vt 0.60507929 0.53698963
vt 0.98758566 0.44980025
vt 0.26393265 0.71542692
vt -0.0003426075 0.70013523
vt 1.2950513 0.5004189
vt 0.81962818 0.5004189
vt 0.59792376 0.44980022
vt 0.26393253 0.29145283
vt -0.14842905 0.50182837
vt 0.76552641 0.5004189
vt 0.90956342 0.32558456
vt 0.0026026666 0.062272578
vt 0.50173777 1
vt 0.74350202 0.30256236
vt 0.32316756 0.44965622
vt 0.10432041 0.81162328
vt 0.32316753 0.41587743
vt -0.3062959 0.5364421
vt 0.097687304 0.44980022
vt 0 0
vt 0.24637583 1
vt 0.063065231 0.12491626
vt 0.5009318 0.5004189
vt -0.45073235 0.5364421
vt 0.14010064 0.44980022
vt 0.59744745 0.44980022
vt 0.90417653 0.5004189
vt 0.48590231 0.29145283
vt 0.097686768 0.5004189
vt -0.12521994 0.50041884
vt 1.1739471 0.5004189
vt 0.50173777 1
vt 1 0.50457662
vt 0.7435025 1.0306822
vt 0.94060034 0.41028726
vt 1.1976331 0.44980025
vt 0.26651913 0.50457662
vt 0.2923938 0.50042635
vt 0.24637583 1
vt 0.34258366 0.08815378
vt 1 0
vt 0.61698484 0.5596391
vt 1.4992688 0.41028726
vt 0.29928625 0.5004189
vt -5.9837475e-08 0
vt 0.99695575 0.40831438
vt -0.17224926 0.44980022
vt 0.68320894 0.5034402
vt 1 0.50457662
vt 0.21875 0.203125
vt -0.17227119 0.50041884
vt -0.0042038113 0.44980022
vt 0.44058365 0.12896866
vt 0.40780252 0.11320239
vt 0.67908669 0.53504556
vt 0.48590243 0.71542692
vt 0.24637583 1
vt 0.67908669 0.50180167
vt 0.67407715 0.1014771
vt -0.11286631 0.5364421
vt 0.74350226 0.70425111
vt 0.75331116 1
vt 0.43038109 0.028921127
vt 1 0.50457662
vt 0.98758566 0.44980025
vt -0.17210627 0.50041884
vt 0.671875 0.203125
vt 0.99695623 0.70916784
vt -0.0003426075 0.70013523
vt -0.11286631 0.4481861
vt 0.59792376 0.44980022
vt 2.9802322e-08 0.203125
vt 1.2855051 0.44740814
vt 0.090372771 0.32558456
vt 0 0.203125
vt 0 0
vt 0.62734348 0.82108563
vt 0.38724911 0.1677247
vt 0.94060034 0.50042635
vt -0.00037944317 -0.072636597
vt 0.055311039 0.41238776
vt 0.75331116 1
vt 0.26651913 0.50457662
vt 0.10432041 0.81162328
vt 0.25911927 0.5364421
vt 0.45874679 0.40624219
vt 1 0.40772563
vt 0.37915671 0.060704887
vt 0.60507929 0.44773307
vt 0.64037836 0.10343879
vt 0.98758566 0.5004189
vt -0.0003426075 0.8920185
vt 0.66886675 0.5004189
vt -0.0003426075 0.2053113
vt 0.50078785 0.5004189
vt 0.18206921 0.44980022
vt 2.9802322e-08 0.203125
vt 0 -2.9802322e-08
vt -0.45073235 0.41180003
vt 0.14010064 0.44980022
vt 1.2855051 0.50042623
vt 0 0.203125
vt 0.74350238 0.18572773
vt -0.12521994 0.50041884
vt 0 0
vt 0.70243406 0.44980022
vt 0.72526586 0.45278448
vt 0.44058365 0.15644431
vt 0.7435025 1.0306822
vt 0.4375 0.203125
vt 0.2923938 0.50042635
vt 0.23517889 0.40624219
vt 1.4992688 0.41028726
vt 0.18221366 0.44980022
vt 1.499269 0.53746992
vt 0.99695575 0.40831438
vt -0.0042038113 0.44980022
vt 0.66672039 0.12938303
vt 0.50078785 0.44980022
vt 0.72081113 -0.023634687
vt 0.23517889 0.40624219
vt 0.6666193 0.53644216
vt 0.066008426 0.95227635
vt -0.028703213 0.44980022
vt -0.14842905 0.53698963
vt 0.18216002 0.5004189
vt -0.17212766 0.44980022
vt 0.10766029 0.2053113
vt 0.097543091 0.44980022
vt -0.11286631 0.4481861
vt 0.49826199 0
vt 0.23517889 0.45278448
vt 1.0000002 1.0000001
vt 0.94060034 0.53747004
vt 0.62734348 0.82108563
vt 1 0.203125
vt 0.6666193 0.50013566
vt 0.94060034 0.50042635
vt 0.090362519 0.32558438
vt 0.61706996 0.5596391
vt 0.38377619 0.50182837
vt 0.25911927 0.5364421
vt 0.81965053 0.5004189
vt 0.25911927 0.44818616
vt 0.031933308 0.17930052
vt 2.9802322e-08 0.40625
vt 2.3841858e-07 0.99999976
vt 0.37915671 0.060704887
vt 0.64037836 0.10343879
vt 0.23517889 0.45278448
vt -0.0003426075 0.8920185
vt 0.65973353 0.10276884
vt 0.66886675 0.5004189
vt 0.50078785 0.5004189
vt -0.0003426075 0.2053113
vt 0.7764321 0.55111891
vt 0.18221298 0.5004189
vt 1 0.203125
vt 0 1
vt 0.38724923 0.83874315
vt 0.67908669 0.44965622
vt 1.1738343 0.44980025
vt 0.62734336 0.18572773
vt 1 1
vt 0.3829411 0.55963898
vt 0.37523174 0.5084818
vt 0.44058365 0.15644431
vt 1.1739689 0.5004189
vt 5.9604645e-08 0.50457662
vt 0.75 0
vt 2.9802322e-08 0.40625
vt 5.9604645e-08 0.55111891
vt -0.14842905 0.44773307
vt 1.0601245 0.53504562
vt 0.99626094 0.44965625
vt 0.4485296 0.04721576
vt 1 1.0000002
vt 0.57220715 0.44980022
vt 0.29239374 0.41028726
vt 0.26393265 0.16772509
vt 0 1
vt 0.18221366 0.44980022
vt 0.61699528 0.55963898
vt 1.0304008 0.5004189
vt -4.2587519e-05 1.4901161e-07
vt 5.9604645e-08 0.50457662
vt 0.097634017 0.44980022
vt 1.432532 0.53746992
vt 0.75 0
vt 0.54161173 0.50180167
vt 0.49595416 0.41028726
vt 2.9802322e-08 0.40625
vt -0.00034284592 0.31679958
vt 0.99999976 -2.9802322e-08
vt 0.75 0.203125
vt 0.6935153 0.40831453
vt 0.72526586 0.40624219
vt 0.28604126 0.41617987
vt 0.40397611 0.12896389
vt -0.14842905 0.53698963
vt 0.18216002 0.5004189
vt 0.10766029 0.2053113
vt 1.0304008 0.44980025
vt 0.59792376 0.5004189
vt -0.0282197 0.50041884
vt 2.9802322e-08 0.45278448
vt -0.00034284592 0.0053359321
vt 1.0879757 0.41028726
vt 1.1270826 0.5004189
vt 1 0.45278448
vt 0.75 0.203125
vt 0.72526586 0.40624219
vt 0.49826211 0
vt 0.42228514 0.17459679
vt 0.81965113 0.44980025
vt 0.6666193 0.50013566
vt 0.54161173 0.53504556
vt 0.29943079 0.44980022
vt 0.2435853 0.41238776
vt -0.028091073 0.44980022
vt 0.38377619 0.50182837
vt -0.0003426075 0.12491626
vt 0.065491922 0.95241892
vt 0.99695575 0.50584662
vt 0.296875 0.203125
vt 2.9802322e-08 0.45278448
vt 0.80696833 0.53698963
vt 0.042682573 0.44980022
vt 0.46713853 0.44818616
vt -0.45073235 0.4481861
vt 0.2638841 -0.15544493
vt 0.18221298 0.5004189
vt 0.38377619 0.53698963
vt 0.1488865 0.41335449
vt 0.72526586 0.40624219
vt 0.7435469 -0.1179169
vt 0.75 0.203125
vt 0.49826211 0
vt 0 0.20327243
vt 1.1739689 0.5004189
vt 1 0.20408878
vt 0.29239374 0.44740817
vt 0.50093246 0.44980022
vt 0.24637589 1
vt 0.40427226 0.5004189
vt 0.097634017 0.44980022
vt 0.49595416 0.41028726
vt 0.72081113 1.0304481
vt 1.2855051 0.41028723
vt 0.70832837 0.50042635
vt 0.9041543 0.44980025
vt -0.028068721 0.44980022
vt -0.064693928 0.44965619
vt 0.26393265 0.92766833
vt 0.28604126 0.41617987
vt 0.32316753 0.53504556
vt 1.0304008 0.44980025
vt 0.65954733 0.10330385
vt 0.59792376 0.5004189
vt 0.26393265 0.5034402
vt -0.00034284592 0.0053359321
vt 1.0879757 0.41028726
vt 0.26393265 0.605129
vt 0.49595416 0.44740817
vt 0.031329896 0.5364421
vt 0.70832837 0.44740814
vt -0.51626837 0.4481861
vt 0.29943079 0.44980022
vt 0.03192243 0.17930052
vt -0.0003426075 0.12491626
vt 0.74350238 0.82108575
vt -0.028559923 0.50041884
vt 0 0
vt 0.80696833 0.53698963
vt 0.7435025 -0.023868755
vt 0.46713853 0.44818616
vt 1.3419377 0.44980025
vt 1.3419377 0.5004189
vt 0.85104966 0.41335467
vt 0.38377619 0.44773307
vt 0.19685084 0.31679958
vt -0.12527227 0.50041884
vt 0.86452794 0.50180167
vt 0.44040805 0.59975117
vt 0.57220715 0.5004189
vt 0.50093246 0.44980022
vt 0 0
vt 0.26393265 0.71542692
vt 1.432532 0.41028723
vt 0.50173783 1
vt 0.26393253 0.29145283
vt 0.92538261 0.91273218
vt -0.0003426075 0.81162339
vt 2.9802322e-08 0.40625
vt 0.67908669 0.41587746
vt 0.72081113 1.0304481
vt 1 -2.9802322e-08
vt 1.0000002 -2.3748726e-08
vt 0.68883169 0.60337919
vt 1.2855051 0.41028723
vt 1 0
vt 0.26562184 0.44980022
vt -0.064693928 0.44965619
vt 0.26393265 0.92766833
vt 1.1270831 0.5004189
vt 0.063065231 0.12491626
vt 0.8703686 0.44980022
vt 0.99695623 0.91273218
vt 0.80696833 0.44773307
vt 0.90417653 0.5004189
vt 0.26393265 0.5034402
vt 0.48590231 0.29145283
vt 0.6667785 0.077495456
vt -0.064693928 0.50180167
vt 0.26393265 0.605129
vt 0.25895521 0
vt 0.12507126 0.44965622
vt 0.70832837 0.44740814
vt -0.028612494 0.50041884
vt 1.0304229 0.5004189
vt 0.99634755 1.1376847
vt 0.92538249 0.098960996
vt 0.46713853 0.50013566
vt 0.90955275 0.32558456
vt 0.35014802 0.5004189
vt 0.031859428 0.17930028
vt 0.74350238 0.82108575
vt -0.17227119 0.50041884
vt 0.44058365 0.12896866
vt 0.40780252 0.11320239
vt 0.49595416 0.53747004
vt 0.48590243 0.71542692
vt 0.2435853 0.44773307
vt -0.11286631 0.5001356
vt 0.26393276 0.40175048
vt 0.18206924 0.5004189
vt 0.055311039 0.53698963
vt 0.98758566 0.44980025
vt 0.99695623 0.70916784
vt -0.0003426075 0.70013523
vt 0.99695563 0.18425062
vt 1.432532 0.41028723
vt 0.28604126 0.60041702
vt 0.702411 0.5004189
vt 1 0
vt 1 0.55111891
vt 0.19685084 0.70013511
vt 1.2855051 0.44740814
vt -0.0003426075 0.60041702
vt -0.00037944317 -0.072636597
vt 0.671875 0.40625
vt 0.26651913 0.55111891
vt 0.26562184 0.44980022
vt 1 0.55111891
vt 1 0
vt 0.063065231 0.12491626
vt 0.99999154 0.41238776
vt 0.54125321 0.50457662
vt 0.61431968 0.12989789
vt 1.1269412 0.44980025
vt 0.671875 0.40625
vt 1.1739471 0.5004189
vt 0.35014802 0.44980022
vt 0.055311039 0.44773307
vt 0.4303773 0.065070212
vt 0.6667785 0.077495456
vt 0.26651913 0.55111891
vt -0.51626837 0.41180003
vt 1 0.55111891
vt 0.58455563 0.40175048
vt 0.063065231 0.89201838
vt 0.042682454 0.50041884
vt 0.40421939 0.5004189
vt 0.54125321 0.50457662
vt 0.97269189 -0.027693748
vt 0.671875 0.40625
vt 1.499269 0.44740811
vt -0.0003426075 0.5084818
vt 0.2923938 0.53747004
vt 0.26651913 0.55111891
vt -0.3062959 0.4481861
vt 0.80696833 0.41238776
vt 0.40780252 0.11320239
vt -0.064693928 0.4158774
vt 0.44058365 0.12896866
vt 0.26598769 0.50112545
vt 0.73406297 0.50112545
vt 0.70243347 0.5004189
vt 0.38377619 0.41238776
vt 0.76552641 0.44980022
vt 0.097634017 0.5004189
vt 0.6666193 0.53644216
vt -0.028703213 0.44980022
vt 0.86452794 0.44965625
vt 0.99695611 1.0393867
vt 0.74073184 0.0039062798
vt -0.17212766 0.44980022
vt 0.296875 0.40625
vt 0.21419853 0
vt 0.99695623 0.70916784
vt -0.085013226 0.41238776
vt 0.19685084 0.70013511
vt -0.0003426075 0.60041702
vt 0.38724911 0.1677247
vt 1 0.40624219
vt 0.40289709 0.065516174
vt 0.64029944 0.084128678
vt 0.90415406 0.44980025
vt 0.055311039 0.41238776
vt 0.59759194 0.44980022
vt 0.21419853 0
vt 0.25911927 0.44818616
vt 0.53387576 0.70425111
vt 0.46713853 0.41180012
vt 0.031329907 0.4481861
vt 0.74073178 0.0039062798
vt -0.0003426075 0.8920185
vt 0.28859603 1.0597219
vt 0.61431968 0.12989789
vt 0.38724923 0.83874315
vt 1.1738343 0.44980025
vt 0.34694028 0.50340712
vt 0.21419853 0
vt -0.51626837 0.5001356
vt -0.064693987 0.53504556
vt -0.17218041 0.44980022
vt 0.58455563 0.40175048
vt 0.74073178 0.0039062798
vt 0.99626094 0.44965625
vt 0.29239374 0.41028726
vt 0.01846981 0.0055300049
vt 0 0.203125
vt 0.4375 0.40625
vt -0.0003426075 0.5084818
vt 0.64050096 0.12270868
vt 0.2923938 0.53747004
vt 0.54161173 0.50180167
vt -0.3062959 0.4481861
vt 0.515625 0.203125
vt 2.9802322e-08 0.40624219
vt -0.00034284592 0.31679958
vt 1 0
vt 0.26562184 0.5004189
vt 0.40412828 0.5004189
vt -0.064693928 0.4158774
vt 0.2435853 0.53698963
vt 0.99695599 0.30252582
vt 0.097634017 0.5004189
vt 0.6935153 0.40831453
vt 0.70243347 0.5004189
vt 0.99695563 0.60337919
vt 0.28859603 -0.052968636
vt -0.12536293 0.44980022
vt 0 0.203125
vt 0.75331122 1
vt 1.2855051 0.53746992
vt 0.74350238 0.90533632
vt 1.1270826 0.44980025
vt -0.14842905 0.53698963
vt -0.17212766 0.44980022
vt 0.515625 0.203125
vt -0.12524128 0.44980022
vt 0.4375 0.40625
vt 2.9802322e-08 0.40624219
vt 0.14010064 0.50041884
vt 0.40427282 0.44980022
vt 0.29937726 0.5004189
vt 0.46713853 0.53644216
vt 0.74350226 0.1014771
vt 0 0.203125
vt 0.75331122 1
vt 0.81965113 0.44980025
vt 0.6666193 0.44818616
vt 0.74350238 0.59975117
vt 0.54161173 0.53504556
vt 0.40289709 0.065516174
vt 0.75 0
vt 2.9802322e-08 0.40624219
vt 0.46736509 0.5004189
vt 0.25911927 0.44818616
vt 1 0.20363684
vt 0.45874679 0.45278448
vt 0.59421194 0.50584662
vt 0.28859603 1.0597219
vt 0.99995786 5.9604645e-08
vt 0.25895524 0
vt 0.75331122 1
vt 0.50173777 1
vt 1.0879757 0.53746992
vt 0.065822229 0.95281136
vt 0.34694028 0.50340712
vt -5.9604645e-08 1.0000001
vt 0.43528634 0.11320144
vt 0.99626094 0.44965625
vt -2.3841858e-07 0.99999988
vt 0.99999154 0.50182837
vt 0.99739695 0.062272787
vt 0.25895524 0
vt 0.29239374 0.41028726
vt 0 0.20408878
vt 0.36106974 0.10646677
vt 0.01846981 0.0055300049
vt 0.45874679 0.45278448
vt -0.11286631 0.41180006
vt 1 0
vt 0.64050096 0.12270868
vt 0.80696833 0.50182837
vt 0.60507929 0.41238776
vt 0.24637583 1
vt 0.32316753 0.50180167
vt 1 0
vt 0.99695563 0.60337919
vt -0.028068721 0.44980022
vt 1.0601245 0.41587746
vt 0.28859603 -0.052968636
vt -0.12529439 0.44980022
vt -0.12536293 0.44980022
vt 0.659217 0.10291141
vt -0.12524128 0.44980022
vt 0.59792376 0.5004189
vt 1.0304008 0.44980025
vt 0.96815103 0.17930061
vt 2.9802322e-08 0.40625
vt 0.671875 0.203125
vt 0.99740756 0.062272877
vt 1.1739689 0.5004189
vt 0.29937726 0.5004189
vt 1 0
vt 0.46713853 0.53644216
vt 0.8703686 0.5004189
vt 0.2435853 0.50182837
vt 0.61431968 0.077249527
vt 0.70228964 0.5004189
vt 0.031329907 0.5001356
vt -0.085013226 0.50182837
vt 0.6666193 0.44818616
vt -0.0042038113 0.50041884
vt 0 0
vt 0.75331116 1
vt 0.73402238 0.50112545
vt 2.3841858e-07 0.99999988
vt 0.67407733 0.90533632
vt 1.0879757 0.50042635
vt 0.065491922 0.95241892
vt 0.671875 0.203125
vt -0.028559923 0.50041884
vt 0.45874679 0.40624219
vt 0.54161173 0.44965622
vt 2.9802322e-08 0.203125
vt 0.7435025 -0.023868755
vt 0 0.203125
vt 0 0
vt 0.2638841 1.1621974
vt 0.01846981 1.0114049
vt 0 0
vt 0.75331116 1
vt 0.54125321 0.55111891
vt 0.12507126 0.50180167
vt 0.58455575 0.60512865
vt 0.065822229 0.95281136
vt 0.29943013 0.5004189
vt 0.4375 0.203125
vt 0.45874679 0.40624219
vt 0.99695623 0.82744312
vt 0.54161173 0.41587746
vt 0.57220715 0.5004189
vt 0.99999154 0.50182837
vt 2.9802322e-08 0.203125
vt 0.34258366 0.060709655
vt 0.74350238 0.40706211
vt -0.00037944317 1.0895715
vt 0.9681406 0.18027559
vt 0.33792251 0.079084158
vt 0.90963727 0.32558456
vt 0 0
vt 0.26393265 0.079084158
vt 0.54125321 0.55111891
vt 0.21875 0
vt -0.0003426075 0.81162339
vt 0.67908669 0.41587746
vt 0.4375 0.203125
vt 0.40290177 0.028921127
vt 1 0.50457662
vt 0.21875 0.203125
vt 0.40412828 0.44980022
vt 0.21419853 0.203125
vt 0.36075103 0.10614961
vt -0.064693928 0.44965619
vt 0.97269261 1.0393867
vt 0.26393265 0.92766833
vt 1.1270831 0.5004189
vt 0.54125321 0.55111891
vt 0.8703686 0.44980022
vt 0.21875 0
vt 1 0.99999976
vt 0.38965309 0.094890475
vt 0.80696833 0.44773307
vt 0.26393265 0.5034402
vt 1.0601245 0.44965625
vt 0.25911927 0.41180006
vt 0.49826199 0
vt 0.26651913 0.50457662
vt -0.085013226 0.53698963
vt 1.0601245 0.50180167
vt -0.51626837 0.5364421
vt 0.26393265 0.605129
vt 0.12507126 0.53504556
vt 0.14895013 0.41335449
vt 0.21875 0.203125
vt 0.40421939 0.44980022
vt 0.8703686 0.5004189
vt 0.21419853 0.203125
vt -0.028612494 0.50041884
vt 0.6666193 0.41180012
vt 0.99634755 1.1376847
vt 1.0304229 0.5004189
vt -0.0042038113 0.50041884
vt 0.67407733 0.90533632
vt 0.35014802 0.5004189
vt 1.0879757 0.50042635
vt 5.9604645e-08 -5.9604645e-08
vt 0.26651913 0.50457662
vt -0.028559923 0.50041884
vt 0.49826199 0
vt 0.54161173 0.44965622
vt 0.40397611 0.15644813
vt 0.72526586 0.45278448
vt 0.7764321 0.55111891
vt 0.86452794 0.53504556
vt 0.21419853 0.203125
vt 0.37915671 0.08815378
vt 0.94060034 0.44740811
vt 0.78345227 0.30252582
vt 0.12507126 0.50180167
vt 1 0.203125
vt 0.29943013 0.5004189
vt -0.085013226 0.44773307
vt 0.26651913 0.50457662
vt 5.9604645e-08 0.55111891
vt 0.99626094 0.50180167
vt 0.055311039 0.53698963
vt 0.72526586 0.45278448
vt 0.7764321 0.55111891
vt 1.0000004 0.99999976
vt 1.0298796 0.44980025
vt 0.90415406 0.5004189
vt 0.99695563 0.18425062
vt 0 1
vt 0.70228964 0.44980022
vt 0.055311039 0.50182837
vt -0.3062959 0.41180006
vt 0.702411 0.5004189
vt 0.26393265 0.079084158
vt 0.23517889 0.40624219
vt 5.9604645e-08 0.50457662
vt 0.67908669 0.41587746
vt 0.75 0
vt 0.40290177 0.028921127
vt 5.9604645e-08 0.55111891
vt 0.702411 0.44980022
vt 0.72526586 0.45278448
vt 0.40412828 0.44980022
vt 0.99999154 0.44773307
vt 0.26562184 0.44980022
vt 0.99634731 -0.12599152
vt 1.1739689 0.44980025
vt 1.0879757 0.44740811
vt 0.97269261 1.0393867
vt 0.36075103 0.10614961
vt 0.46736503 0.44980022
vt 0.23517889 0.45278448
vt -0.00034284592 1.0115989
vt 0.12507126 0.41587743
vt 0.18216005 0.44980022
vt 1.0601245 0.44965625
vt 1.0721117 0.5004189
vt 0.59759146 0.5004189
vt 0.7435469 1.12473
vt 1.0000004 1.0000001
vt 1.0601245 0.50180167
vt 0.50087911 0.5004189
vt 0.26393265 -0.05322291
vt 0.26393241 1.0599761
vt 0.097543091 0.5004189
vt -0.028612494 0.50041884
vt 0.6666193 0.41180012
vt 1.432532 0.50042623
vt 0.99634755 1.1376847
vt 0.23517889 0.45278448
vt 0.35014802 0.5004189
vt -0.45073235 0.5001356
vt 1 0.203125
vt 0.296875 0.203125
vt 0.44040793 0.40706211
vt 1.029933 0.44980025
vt 0.90415424 0.5004189
vt -0.14842905 0.41238776
vt 0.49826211 0
vt 0.23517889 0.45278448
vt 0.78345227 0.30252582
vt 0.87807256 0.82744312
vt 0.60507929 0.50182837
vt 1 0.203125
vt 1.0721117 0.44980022
vt 0.99695611 1.0393867
vt 0.86452794 0.44965625
vt 0.296875 0.203125
vt 0.24637589 1
vt 2.9802322e-08 0.40625
vt 1 0.40625
vt 0.70228964 0.44980022
vt -0.085013226 0.41238776
vt 0.055311039 0.50182837
vt 0.86452794 0.41587746
vt 0.25911927 0.50013566
vt 0.43528634 0.076600611
vt 1.197633 0.5004189
vt 0.296875 0.203125
vt 0.90415406 0.44980025
vt 0.81989765 0.44980025
vt 0.59759194 0.44980022
vt 0.29937726 0.44980022
vt 1.2950513 0.44980025
vt 0.99999154 0.53698963
vt 0.24637589 1
vt 0.53387576 0.70425111
vt 0.70832837 0.41028723
vt 0.99634731 -0.12599152
vt 0.031329907 0.4481861
vt 1 0.40625
vt 0.62109464 0.10360718
vt 0.81989765 0.5004189
vt 1.1269412 0.44980025
vt 1.1270607 0.44980025
vt -0.12538493 0.50041884
vt 0.29928625 0.44980022
vt -0.17215842 0.50041884
vt 0.59759146 0.5004189
vt 0.66886675 0.44980022
vt 0.33792275 0.92766857
vt 0.24637589 1
vt 0.5338757 0.30256236
vt 2.9802322e-08 0.45278448
vt 0.99695575 0.098960996
vt 0.50087911 0.5004189
vt 0.58455563 0.40175048
vt 0.60507929 0.53698963
vt 0.097543091 0.5004189
vt 1 0.45278448
vt 1.2950513 0.5004189
vt -0.45073235 0.5001356
vt 1.432532 0.44740814
vt -0.14842905 0.50182837
vt -0.0003426075 0.5084818
vt 0.99626094 0.41587746
vt 0.90415424 0.5004189
vt -0.3062959 0.4481861
vt 2.9802322e-08 0.45278448
vt -0.064693928 0.4158774
vt 1 0.45278448
vt 0.74350202 0.30256236
vt 0.2435853 0.53698963
vt 1.1739471 0.44980025
vt 0.87807256 0.82744312
vt 0.32316753 0.41587743
vt -0.3062959 0.5364421
vt 0.8510499 0.41335467
vt 1.2855051 0.53746992
vt 0.50087911 0.44980022
vt -0.45073235 0.5364421
vt 0.59744745 0.44980022
vt 0.097686768 0.5004189
vt 0.14010064 0.50041884
vt -0.085013226 0.41238776
vt 1.1976331 0.44980025
vt 1.197633 0.5004189
vt -0.00034284592 0.41618007
vt 0.40289709 0.065516174
vt 0.29937726 0.44980022
vt 0.1489265 0.41335449
vt 1 0
vt 0.46736509 0.5004189
vt 0.29928625 0.5004189
vt 0.031329907 0.4481861
vt -0.17224926 0.44980022
vt 0.68320894 0.5034402
vt 0.28859603 1.0597219
vt 0.81989765 0.5004189
vt 0.67908669 0.53504556
vt 1.1270607 0.44980025
vt 0.29928625 0.44980022
vt 1.029917 0.5004189
vt 0.67908669 0.50180167
vt 0.66886675 0.44980022
vt -0.17215842 0.50041884
vt 0.74350226 0.70425111
vt 0.5338757 0.30256236
vt 1 0
vt 0.43528634 0.11320144
vt 0.4999682 0.58889568
vt 0.43038109 0.028921127
vt 0.60507929 0.53698963
vt 0 0
vt -0.17210627 0.50041884
vt 1.2950513 0.5004189
vt 1.432532 0.44740814
vt -0.14842905 0.50182837
vt 0.90963793 0.32558438
vt 0.74350202 0.30256236
vt 0.32316753 0.50180167
vt 0.031329907 0.41180006
vt 0.2435853 0.53698963
vt 0.10432041 0.81162328
vt 0 0
vt 1.1739471 0.44980025
vt 0.99695563 0.60337919
vt 0.98758566 0.5004189
vt 0.26590312 0.50112545
vt 1.2855051 0.53746992
vt 0.18206921 0.44980022
vt 0.50087911 0.44980022
vt -0.45073235 0.5364421
vt -0.45073235 0.41180003
vt 0.14010064 0.44980022
vt 1.000042 1.4901161e-07
vt 1.2855051 0.50042623
vt 0.99626094 0.53504562
vt 0.74350238 0.18572773
vt 0.87807196 0.18425062
vt -0.12521994 0.50041884
vt 0.29937726 0.5004189
vt 0.70243406 0.44980022
vt 0.26591402 0.50112522
vt 0 0
vt 0.7435025 1.0306822
vt 8.9108944e-06 5.9604645e-08
vt -0.00034284592 0.41618007
vt 0.70228964 0.5004189
vt 0.2923938 0.50042635
vt 0.031329907 0.5001356
vt 0.50173783 1
vt 0.46736509 0.5004189
vt 0.73408639 0.50112522
vt 1.499269 0.53746992
vt 1 0
vt 0.99695575 0.40831438
vt -0.17224926 0.44980022
vt -0.0042038113 0.44980022
vt 0.67908669 0.53504556
vt 0.50173783 1
vt 0.66672039 0.12938303
vt 0.50078785 0.44980022
vt 0.72081113 -0.023634687
vt 0.90417719 0.44980025
vt 0.58455575 0.60512865
vt 1.029917 0.5004189
vt 0.25895521 0
vt 0.066008426 0.95227635
vt 0.7764321 0.50457662
vt 1.1270609 0.5004189
vt 0.097543091 0.44980022
vt 0.36106974 0.10646677
vt -0.11286631 0.4481861
vt 0.25895521 0
vt 0.09044683 0.32558456
vt 0.94060034 0.53747004
vt 0.62734348 0.82108563
vt 0.94060034 0.50042635
vt 0.7764321 0.50457662
vt 2.9802322e-07 -5.9604645e-08
vt 0.81965053 0.5004189
vt 0.37915671 0.060704887
vt 0.64037836 0.10343879
vt 1.0000002 2.9802322e-08
vt 0.25895521 0
vt 0.66886675 0.5004189
vt 0.65973353 0.10276884
vt -0.0003426075 0.2053113
vt 0.18206921 0.44980022
vt 0.74073184 0.0039062798
vt 0.7764321 0.50457662
vt 1.2855051 0.50042623
vt 0.67908669 0.44965622
vt 0.74350238 0.18572773
vt -0.085013226 0.53698963
vt 0.26591361 0.50112545
vt 0.37523174 0.5084818
vt 0.12507126 0.53504556
vt 0.73401189 0.50112545
vt 0.40421939 0.44980022
vt 0.8703686 0.5004189
vt 0.2435853 0.50182837
vt -0.14842905 0.44773307
vt 1.0601245 0.53504562
vt 0.4485296 0.04721576
vt 0.74073184 0.0039062798
vt 0.57220715 0.44980022
vt 0.81962818 0.44980025
vt 0.99999976 2.9802322e-08
vt 0.26393265 0.16772509
vt 1.0879757 0.50042635
vt 0.18221366 0.44980022
vt 1.0304008 0.5004189
vt 0.78345239 0.70916784
vt 1.432532 0.53746992
vt 0.26595357 0.50112522
vt 5.9604645e-08 -1.3737008e-07
vt 0.37915671 0.08815378
vt 0.94060034 0.44740811
vt 0.50078785 0.44980022
vt 0.72081113 -0.023634687
vt 0.74073184 0.0039062798
vt 0.54125321 0.50457662
vt 0.21419853 0
vt 0.74350238 0.50340664
vt 0.066008426 0.95227635
vt 1.499269 0.50042623
vt 0.40397611 0.12896389
vt 0.26651913 0.55111891
vt 0.10766029 0.2053113
vt 0.14831793 0.41335449
vt 0.097543091 0.44980022
vt 1.0298796 0.44980025
vt -0.0282197 0.50041884
vt 1.1270826 0.5004189
vt 0.031899393 0.17930028
vt 0.54125321 0.50457662
vt 0.0026426315 0.062272578
vt 0.42228514 0.17459679
vt 0.6666193 0.50013566
vt 0.49595416 0.50042635
vt 0.2435853 0.41238776
vt -0.028091073 0.44980022
vt 0.38377619 0.50182837
vt 0.99695575 0.50584662
vt 0.46736503 0.44980022
vt 0.65973353 0.10276884
vt 0.042682573 0.44980022
vt -0.45073235 0.4481861
vt -0.00034284592 1.0115989
vt 0.12507126 0.41587743
vt 0.2638841 -0.15544493
vt 0.38377619 0.53698963
vt 0.18216005 0.44980022
vt 0.18221298 0.5004189
vt 0.7435469 -0.1179169
vt 1.0721117 0.5004189
vt 0 0.40772563
vt 0.7435469 1.12473
vt 0.67908669 0.44965622
vt -0.085013226 0.53698963
vt 0.37523174 0.5084818
vt 0.296875 0.40625
vt 0.40421939 0.44980022
vt 0.26393265 -0.05322291
vt 0.26393241 1.0599761
vt 0.29239374 0.44740817
vt 1.0601245 0.53504562
vt 0.6666193 0.41180012
vt 1.432532 0.50042623
vt -0.3062959 0.5001356
vt 1 1
vt 0.515625 0.203125
vt 0.75 0.203125
vt 0.81962818 0.5004189
vt 0.40427226 0.5004189
vt 1 0.40624219
vt 0.75 0
vt 0.44040793 0.40706211
vt 1.0304008 0.5004189
vt 0.78345239 0.70916784
vt 0.70832837 0.53747004
vt 0.59744745 0.5004189
vt 0.097634017 0.44980022
vt 0.296875 0.40625
vt 0.49595416 0.41028726
vt 0.75 0.203125
vt 0.75 0
vt 0.70832837 0.50042635
vt 0.9041543 0.44980025
vt 0.74350238 0.50340664
vt 0.097687304 0.44980022
vt 1 0.40624219
vt 0.26393265 0.83874393
vt 0.40781161 0.076596797
vt 0.28604126 0.41617987
vt 0.32316753 0.53504556
vt 1 0.54947776
vt -0.00034284592 0.0053359321
vt 1.0879757 0.41028726
vt 0.70228964 0.44980022
vt 1.1270826 0.5004189
vt 0.75 0.203125
vt 1 0.203125
vt 0.86452794 0.41587746
vt 0.14888671 0.41335449
vt 0.43528634 0.076600611
vt 0.75 0
vt 1.0000002 -2.9802322e-08
vt 0.515625 0
vt 0.49595416 0.44740817
vt 0.031329896 0.5364421
vt 0.42228514 0.17459679
vt 0.81989765 0.44980025
vt 0.49595416 0.50042635
vt -0.51626837 0.4481861
vt 0.2435853 0.41238776
vt 0.46736503 0.44980022
vt 0.62109464 0.10360718
vt 0.80696833 0.53698963
vt 0.515625 0
vt 0.12507126 0.41587743
vt 1.3419377 0.44980025
vt -0.12538493 0.50041884
vt 1.3419377 0.5004189
vt 0.38377619 0.53698963
vt 0.7435469 1.12473
vt 0.38377619 0.44773307
vt 0.99695551 -0.027693748
vt 2.9802322e-08 0.40624219
vt 0.19685084 0.31679958
vt -0.12527227 0.50041884
vt 0.86452794 0.50180167
vt 0.44040805 0.59975117
vt 0.097543091 0.5004189
vt 0.50093246 0.44980022
vt 0.29239374 0.44740817
vt 1.432532 0.50042623
vt 0.515625 0
vt 0.26393265 0.71542692
vt 0.81962818 0.5004189
vt 0.50173777 1
vt 0.59792376 0.44980022
vt 0.26393253 0.29145283
vt 0.70832837 0.53747004
vt 0.76552641 0.5004189
vt 0.59744745 0.5004189
vt 0.68883169 0.60337919
vt 0.32316756 0.44965622
vt 1.2855051 0.41028723
vt 0.70832837 0.50042635
vt 0.9041543 0.44980025
vt 0.87807256 0.82744312
vt 0.32316753 0.41587743
vt 0.097687304 0.44980022
vt 0.25895524 0
vt 0.26393265 0.83874393
vt 0.50173777 1
vt 0.32316753 0.53504556
vt 0.5009318 0.5004189
vt 0.99695623 0.91273218
vt 0.90417653 0.5004189
vt 0.097686768 0.5004189
vt 0.48590231 0.29145283
vt 0 0
vt 0.45874679 0.45278448
vt -3.1679869e-05 1.4901161e-07
vt 0.25895524 0
vt -0.064693928 0.50180167
vt 0.14894959 0.41335467
vt 0.94060034 0.41028726
vt 1.1976331 0.44980025
vt 1.0000002 1.0000002
vt 1.197633 0.5004189
vt 0.61703587 0.5596391
vt 0.50173777 1
vt 0.81989765 0.44980025
vt 0.34258366 0.08815378
vt 0.92538249 0.098960996
vt 0.46713853 0.50013566
vt 1.2950513 0.44980025
vt 1.4992688 0.41028726
vt 0.29928625 0.5004189
vt 0.24637583 1
vt 0.62109464 0.10360718
vt 1 0
vt 0.26598829 0.50112522
vt -0.17227119 0.50041884
vt 0.49595416 0.53747004
vt 0.48590243 0.71542692
vt 1 0.50457662
vt 0.67908669 0.50180167
vt 0.67407715 0.1014771
vt -0.11286631 0.5364421
vt -0.17215842 0.50041884
vt 0.99695551 -0.027693748
vt 0.671875 0.203125
vt -0.11286631 0.5001356
vt 0.86452794 0.50180167
vt 0.24637583 1
vt 0.26393276 0.40175048
vt 0.98758566 0.44980025
vt 2.9802322e-08 0.203125
vt -0.0003426075 0.70013523
vt 0.75331116 1
vt 0.28604126 0.60041702
vt 0.59792376 0.44980022
vt 0.26393253 0.29145283
vt 1 0.50457662
vt 1.2855051 0.44740814
vt 0.090362102 0.32558456
vt 0.671875 0.203125
vt 0.45874679 0.40624219
vt -0.00037944317 -0.072636597
vt 0.74350202 0.30256236
vt 2.9802322e-08 0.203125
vt 0.10432041 0.81162328
vt 0 0.203125
vt 1 0.203125
vt 0 0
vt 0.75331116 1
vt 0.60507929 0.44773307
vt 0.063065231 0.12491626
vt 0.99999154 0.41238776
vt 0.99695623 0.91273218
vt 0.59744745 0.44980022
vt 0.45874679 0.40624219
vt 0.48590231 0.29145283
vt -0.12521994 0.50041884
vt 1.1739471 0.5004189
vt 0.35014802 0.44980022
vt 0.055311039 0.44773307
vt 0.4303773 0.065070212
vt 0.6667785 0.077495456
vt 0.7435025 1.0306822
vt -0.064693928 0.50180167
vt 2.9802322e-08 0.203125
vt 0 0.203125
vt 0 0
vt 0.2923938 0.50042635
vt 0.21875 0
vt 0.063065231 0.89201838
vt 0.042682454 0.50041884
vt 0.40421939 0.5004189
vt 0.92538249 0.098960996
vt 1.4992688 0.41028726
vt 0.4375 0.203125
vt 1.499269 0.53746992
vt 0.99695575 0.40831438
vt -0.17224926 0.44980022
vt 1.499269 0.44740811
vt 1 0.203125
vt 0.23517889 0.40624219
vt -0.17227119 0.50041884
vt -0.0042038113 0.44980022
vt 0.80696833 0.41238776
vt 0.40780252 0.11320239
vt 0.44058365 0.12896866
vt 0.66672039 0.12938303
vt 0.48590243 0.71542692
vt 0.67908669 0.53504556
vt 0.38377619 0.41238776
vt 0.76552641 0.44980022
vt 0.67908669 0.50180167
vt 0.21875 0
vt 0.6666193 0.53644216
vt -0.028703213 0.44980022
vt 0.21875 0.203125
vt 0.7340973 0.50112522
vt 0.99695623 0.70916784
vt 0.94060034 0.53747004
vt -0.0003426075 0.60041702
vt 0.38724911 0.1677247
vt 0.64029944 0.084128678
vt 0.055311039 0.41238776
vt -0.00037944317 -0.072636597
vt 0.49826199 0
vt 0.23517889 0.45278448
vt 0.25911927 0.5364421
vt 0 1
vt 0.46713853 0.41180012
vt 0.37915671 0.060704887
vt 0.60507929 0.44773307
vt -0.0003426075 0.8920185
vt 0.66886675 0.5004189
vt -0.0003426075 0.2053113
vt 0.50078785 0.5004189
vt 5.9604645e-08 0.50457662
vt 0.38724923 0.83874315
vt 5.9604645e-08 0.55111891
vt 1.1738343 0.44980025
vt 0.62734336 0.18572773
vt 0.96815145 0.17930052
vt 0.7764321 0.55111891
vt 0.44058365 0.15644431
vt -0.51626837 0.5001356
vt -0.064693987 0.53504556
vt 0 1
vt 0.063065231 0.89201838
vt 5.9604645e-08 0.50457662
vt 0.75 0
vt 2.9802322e-08 0.40625
vt 0.18221366 0.44980022
vt 5.9604645e-08 0.55111891
vt 1.499269 0.53746992
vt 0.54161173 0.50180167
vt 0.80696833 0.41238776
vt 0 1
vt -0.00034284592 0.31679958
vt 0.26562184 0.5004189
vt 0.66672039 0.12938303
vt 0.72081113 -0.023634687
vt 0.70243347 0.5004189
vt 0.38377619 0.41238776
vt -2.7893111e-07 -1.1920929e-07
vt 0.76552641 0.44980022
vt 0.6935153 0.40831453
vt 0.6666193 0.53644216
vt 5.9604645e-08 0.50457662
vt 0.75 0
vt -0.028703213 0.44980022
vt -0.14842905 0.53698963
vt 0.74350238 0.90533632
vt 1.1270826 0.44980025
vt 0.18216002 0.5004189
vt -0.17212766 0.44980022
vt 0.72526586 0.40624219
vt 0.40427282 0.44980022
vt 0.74350226 0.1014771
vt 0.296875 0.203125
vt 0.81965113 0.44980025
vt 0.74350238 0.59975117
vt 2.9802322e-08 0.45278448
vt 0.54161173 0.53504556
vt 0.61699528 0.5596391
vt 0.29943079 0.44980022
vt 0.38377619 0.50182837
vt 0.72526586 0.40624219
vt 0.75 0.203125
vt 0.25911927 0.44818616
vt 0.49826211 0
vt 0.99695575 0.50584662
vt 0.46713853 0.41180012
vt 0.65973353 0.10276884
vt 0.59421194 0.50584662
vt 0.09037298 0.32558456
vt 0.2638841 -0.15544493
vt 1.0000002 -1.4901161e-07
vt 0.18221298 0.5004189
vt 0.296875 0.203125
vt 2.9802322e-08 0.45278448
vt 0.7435469 -0.1179169
vt 1.1738343 0.44980025
vt 0.62734336 0.18572773
vt 1.0879757 0.53746992
vt 0.34694028 0.50340712
vt 0.031859428 0.17930052
vt 0.37523174 0.5084818
vt 0.72526586 0.40624219
vt 1.1739689 0.5004189
vt 0.75 0.203125
vt 0.49826211 0
vt 0.24637589 1
vt 0.99626094 0.44965625
vt 0.29239374 0.41028726
vt 0.40427226 0.5004189
vt 1.0304008 0.5004189
vt 0.097634017 0.44980022
vt 0.24637589 1
vt 0.54161173 0.50180167
vt 0.80696833 0.50182837
vt 1 0.40625
vt 0.60507929 0.41238776
vt -0.00034284592 0.31679958
vt 0.72081113 1.0304481
vt -2.3841858e-07 0.99999988
vt 0.6935153 0.40831453
vt -0.028068721 0.44980022
vt -0.12529439 0.44980022
vt 0.0026660562 0.062272698
vt 0.28604126 0.41617987
vt -0.12524128 0.44980022
vt 0.65954733 0.10330385
vt 0.59792376 0.5004189
vt 1.0304008 0.44980025
vt 1.0879757 0.41028726
vt 1.0000004 1
vt 0.46713853 0.53644216
vt 0.81965113 0.44980025
vt 0.6666193 0.44818616
vt 0.70832837 0.44740814
vt -0.085013226 0.50182837
vt 0.54161173 0.53504556
vt 0.29943079 0.44980022
vt 0.2435853 0.41238776
vt -0.0003426075 0.12491626
vt 0.065491922 0.95241892
vt 0.031900018 0.17930052
vt 0.80696833 0.53698963
vt 0.03184855 0.1802758
vt 0.7435025 -0.023868755
vt 0.46713853 0.44818616
vt 0.2638841 1.1621974
vt 0.38377619 0.53698963
vt 0.7435469 -0.1179169
vt 0 0
vt 1.0000005 1.0000002
vt 0.19685084 0.31679958
vt -0.12527227 0.50041884
vt 0.44040805 0.59975117
vt 0.99695623 0.82744312
vt 0.54161173 0.41587746
vt 0.57220715 0.5004189
vt 0.50093246 0.44980022
vt 0.99733394 0.062272877
vt 0.85104966 0.41335449
vt -0.00037944317 1.0895715
vt 0.40427226 0.5004189
vt 0.33792251 0.079084158
vt 0.92538261 0.91273218
vt -0.0003426075 0.81162339
vt 1 0
vt 0.72081113 1.0304481
vt 0.68883169 0.60337919
vt 1.2855051 0.41028723
vt 1 1.0000002
vt 0.70832837 0.50042635
vt 0.9041543 0.44980025
vt -0.028068721 0.44980022
vt -0.064693928 0.44965619
vt 0.26393265 0.92766833
vt 1.1270831 0.5004189
vt -0.12529439 0.44980022
vt 0.8703686 0.44980022
vt 0.38965309 0.094890475
vt 1 0
vt 0.80696833 0.44773307
vt 0.65954733 0.10330385
vt 0.26393265 0.5034402
vt 0.25911927 0.41180006
vt 1.0000002 1
vt -0.51626837 0.5364421
vt 0.26393265 0.605129
vt 0.50000817 0.58889556
vt 0.12507126 0.44965622
vt 0.70832837 0.44740814
vt 1.0304229 0.5004189
vt -0.0042038113 0.50041884
vt 0.46713853 0.50013566
vt 0.74350238 0.82108575
vt -0.028559923 0.50041884
vt 0.54161173 0.44965622
vt 0.86452794 0.53504556
vt 0.7435025 -0.023868755
vt 0.2435853 0.44773307
vt 0.12507126 0.50180167
vt 0.002592206 0.062272698
vt 0.19685084 0.31679958
vt -0.11286631 0.5001356
vt -0.085013226 0.44773307
vt -0.12527227 0.50041884
vt 0.44040805 0.59975117
vt 0.26393276 0.40175048
vt 0.99626094 0.50180167
vt 0.18206924 0.5004189
vt 0.055311039 0.53698963
vt 0.90415406 0.5004189
vt 0.99695563 0.18425062
vt 1.432532 0.41028723
vt 0.28604126 0.60041702
vt 0.702411 0.5004189
vt 0.26393265 0.079084158
vt 0.26393253 0.29145283
vt 0.92538261 0.91273218
vt -0.0003426075 0.81162339
vt 0.031923056 0.18027559
vt 0.67908669 0.41587746
vt 1 0
vt 0.99999154 0.44773307
vt 0.26562184 0.44980022
vt 1.0879757 0.44740811
vt 0.50173783 1
vt 1.1270831 0.5004189
vt 0 0.54947776
vt 0.8703686 0.44980022
vt 0.99999154 0.41238776
vt 0.99695623 0.91273218
vt 3.1709671e-05 5.9604645e-08
vt 0.26651913 0.55111891
vt 0.61431968 0.12989789
vt 0.80696833 0.44773307
vt 0.671875 0.40625
vt 1 0.55111891
vt 0.48590231 0.29145283
vt 1 0
vt 0.055311039 0.44773307
vt 0.6667785 0.077495456
vt -0.064693928 0.50180167
vt 0.54125321 0.50457662
vt -0.51626837 0.41180003
vt 0.73402256 0.50112545
vt 0.671875 0.40625
vt -0.028612494 0.50041884
vt 0.26651913 0.55111891
vt 0.042682454 0.50041884
vt 0.40421939 0.5004189
vt 0.99634755 1.1376847
vt 0.92538249 0.098960996
vt 0.35014802 0.5004189
vt 0.97269189 -0.027693748
vt 0.7764321 0.50457662
vt 1 0.55111891
vt 1.029933 0.44980025
vt 0.54125321 0.50457662
vt -0.14842905 0.41238776
vt 0.40780252 0.11320239
vt 0.2435853 0.44773307
vt 0.671875 0.40625
vt 0.74073184 0.0039062798
vt 0.26651913 0.55111891
vt -0.11286631 0.5001356
vt 0.60507929 0.50182837
vt 1.0721117 0.44980022
vt 0.99695611 1.0393867
vt 0.86452794 0.44965625
vt 0.99626094 0.50180167
vt 0.26393276 0.40175048
vt 0.055311039 0.53698963
vt 0.99695623 0.70916784
vt 0.99695563 0.18425062
vt 0.702411 0.5004189
vt 0.74073184 0.0039062798
vt 0.19685084 0.70013511
vt 0.25911927 0.50013566
vt -0.0003426075 0.60041702
vt 0.90415406 0.44980025
vt 0.59759194 0.44980022
vt 0.99999154 0.53698963
vt 1 0.203125
vt 0.99999154 0.44773307
vt 0.53387576 0.70425111
vt 0.70832837 0.41028723
vt 0.44058365 0.12896866
vt 0.21419853 0
vt 0.61431968 0.12989789
vt 1.1269412 0.44980025
vt 0.74073178 0.0039062798
vt 1 0.20327243
vt 0.35014802 0.44980022
vt 0.59759146 0.5004189
vt 0.4303773 0.065070212
vt 0.33792275 0.92766857
vt -0.51626837 0.41180003
vt -0.51626837 0.5001356
vt -0.064693987 0.53504556
vt 0.99695575 0.098960996
vt -0.17218041 0.44980022
vt 0.58455563 0.40175048
vt 0.063065231 0.89201838
vt 0.042682454 0.50041884
vt 0.40421939 0.5004189
vt 0.01846981 0.0055300049
vt 0.21419853 0
vt 0.515625 0.203125
vt -0.45073235 0.5001356
vt 0.97269189 -0.027693748
vt 0.74073178 0.0039062798
vt -0.0003426075 0.5084818
vt 0.2923938 0.53747004
vt 0.99626094 0.41587746
vt 0.90415424 0.5004189
vt -0.3062959 0.4481861
vt 0.80696833 0.41238776
vt 0 0.203125
vt -0.064693928 0.4158774
vt 0.40412828 0.5004189
vt 0.70243347 0.5004189
vt 0.99695599 0.30252582
vt 0.097634017 0.5004189
vt 1 1
vt 0.515625 0.203125
vt 0.4375 0.40625
vt 0.60507929 0.50182837
vt 0.74073178 0.0039062798
vt 0.86452794 0.44965625
vt 0 0.203125
vt 0.75331122 1
vt 0.14010064 0.50041884
vt 0.40427282 0.44980022
vt 0.90960336 0.32558438
vt -0.085013226 0.41238776
vt 1 1
vt 0.4375 0.40625
vt 0.515625 0.203125
vt 2.9802322e-08 0.40624219
vt 0.74350226 0.1014771
vt 0.40289709 0.065516174
vt 0.74350238 0.59975117
vt 0.90415406 0.44980025
vt 0.64029944 0.084128678
vt 0 0.40673915
vt 0.59759194 0.44980022
vt -3.1888485e-05 5.9604645e-08
vt 0.296875 0.40625
vt 0 0.203125
vt 0.75331122 1
vt 0.031329907 0.4481861
vt 0.75 0.203125
vt 0.4375 0.40625
vt 0.68320894 0.5034402
vt 0.59421194 0.50584662
vt 0.28859603 1.0597219
vt 0.81989765 0.5004189
vt 0.75 0
vt 2.9802322e-08 0.40624219
vt 1.1738343 0.44980025
vt 0.45874679 0.45278448
vt 0.065822229 0.95281136
vt 0.34694028 0.50340712
vt 0.25895524 0
vt 0.66886675 0.44980022
vt 0.33792275 0.92766857
vt -5.9604645e-08 0
vt 0.74350226 0.70425111
vt 0.5338757 0.30256236
vt 0.43528634 0.11320144
vt -0.064693987 0.53504556
vt -0.51626837 0.5001356
vt 0.43038109 0.028921127
vt 0.99626094 0.44965625
vt 0.75331122 1
vt 0.50173777 1
vt -0.17210627 0.50041884
vt 0.01846981 0.0055300049
vt -0.11286631 0.41180006
vt 0.45874679 0.45278448
vt 1.432532 0.44740814
vt 1 0
vt 0.090447247 0.32558438
vt 0.64050096 0.12270868
vt 0.99626094 0.41587746
vt 0.25895524 0
vt 0.80696833 0.50182837
vt 0.60507929 0.41238776
vt 0.32316753 0.50180167
vt 0.031329907 0.41180006
vt 0.2435853 0.53698963
vt 0.99695599 0.30252582
vt 0.515625 0
vt 1.1739471 0.44980025
vt 0.99695563 0.60337919
vt 0.28859603 -0.052968636
vt 1.0601245 0.41587746
vt -0.12536293 0.44980022
vt 0.98758566 0.5004189
vt 0.99732304 0.062272787
vt 1.2855051 0.53746992
vt 0.74350238 0.90533632
vt 1.1270826 0.44980025
vt 0.45874679 0.45278448
vt 1 0
vt 0.659217 0.10291141
vt 0.50087911 0.44980022
vt -0.45073235 0.41180003
vt 1.0000002 -5.9604645e-08
vt -0.12524128 0.44980022
vt 0.14010064 0.50041884
vt 0.99626094 0.53504562
vt 0.87807196 0.18425062
vt 0.99996829 5.9604645e-08
vt 1.1739689 0.5004189
vt 0.29937726 0.5004189
vt 0.14887604 0.41335449
vt 0.74350226 0.1014771
vt 0.671875 0.203125
vt 0.61431968 0.077249527
vt 0.70228964 0.5004189
vt 0.031329907 0.5001356
vt 0.6666193 0.44818616
vt -0.085013226 0.50182837
vt -0.00034284592 0.41618007
vt 0.67407733 0.90533632
vt 0.46736509 0.5004189
vt 0.26597679 0.50112545
vt 0 0
vt 0.75331116 1
vt 0.59421194 0.50584662
vt 0.671875 0.203125
vt 0.2638841 1.1621974
vt 0.01846981 1.0114049
vt 0.45874679 0.40624219
vt 0.90417719 0.44980025
vt 0.58455575 0.60512865
vt 1.029917 0.5004189
vt 0.065822229 0.95281136
vt 2.9802322e-08 0.203125
vt 0.43528634 0.11320144
vt 0 0
vt 0.54161173 0.41587746
vt 1.1270609 0.5004189
vt 0.99999154 0.50182837
vt 0.34258366 0.060709655
vt 0.74350238 0.40706211
vt -0.00037944317 1.0895715
vt 0.36106974 0.10646677
vt 0.33792251 0.079084158
vt 0.4375 0.203125
vt -0.11286631 0.41180006
vt 0.45874679 0.40624219
vt 1 0.50457662
vt 0.60507929 0.41238776
vt 0 0
vt 0.54125321 0.55111891
vt 0.21875 0
vt 0.32316753 0.50180167
vt 0.031329907 0.41180006
vt 0.81965053 0.5004189
vt 0.74073178 0.0039062798
vt 0.4375 0.203125
vt 1.0601245 0.41587746
vt 0.97269261 1.0393867
vt -0.12529439 0.44980022
vt 1 0.50457662
vt 0.21875 0.203125
vt 0.38965309 0.094890475
vt 0.659217 0.10291141
vt 0.21419853 0.203125
vt 1.0601245 0.44965625
vt 0.25911927 0.41180006
vt 0.99626094 0.53504562
vt 0.87807196 0.18425062
vt 0.24637583 1
vt 1.1739689 0.5004189
vt -0.51626837 0.5364421
vt 0.26591381 0.50112545
vt 0.12507126 0.53504556
vt 0.54125321 0.55111891
vt 0.21875 0
vt 0.8703686 0.5004189
vt 0.2435853 0.50182837
vt 0.61431968 0.077249527
vt 0.49826199 0
vt -0.14842905 0.44773307
vt 0.4485296 0.04721576
vt -0.085013226 0.50182837
vt -0.0042038113 0.50041884
vt 0.57220715 0.44980022
vt 1 0.50457662
vt 0.81962818 0.44980025
vt 0.67407733 0.90533632
vt 0.21875 0.203125
vt 0.26393265 0.16772509
vt 1.0879757 0.50042635
vt 0.21419853 0.203125
vt -0.028559923 0.50041884
vt 0.40397611 0.15644813
vt 0.86452794 0.53504556
vt 1.432532 0.53746992
vt 0.2638841 1.1621974
vt 1 0.54947776
vt 0.37915671 0.08815378
vt 0.94060034 0.44740811
vt 0.01846981 1.0114049
vt 0.90417719 0.44980025
vt 0.78345227 0.30252582
vt 0.12507126 0.50180167
vt 0.58455575 0.60512865
vt 0.49826199 0
vt 0.29943013 0.5004189
vt 0.21419853 0.203125
vt 0.7764321 0.55111891
vt 0.72526586 0.45278448
vt 1.499269 0.50042623
vt 0.54161173 0.41587746
vt 1.1270609 0.5004189
vt 0.40397611 0.12896389
vt 0 0.203125
vt 0.34258366 0.060709655
vt 0.74350238 0.40706211
vt 0 0
vt 1 0.203125
vt 1.0298796 0.44980025
vt -0.0282197 0.50041884
vt 0.85103917 0.41335467
vt 0.26651913 0.50457662
vt 0.26393265 0.079084158
vt -0.3062959 0.41180006
vt -0.0003426075 0.81162339
vt 0.7764321 0.55111891
vt 0.72526586 0.45278448
vt 0.67908669 0.41587746
vt 0.40290177 0.028921127
vt 0 1
vt 0.702411 0.44980022
vt -0.028091073 0.44980022
vt 0.40412828 0.44980022
vt 0.85103941 0.41335449
vt 0.36075103 0.10614961
vt 1.1739689 0.44980025
vt 0.23517889 0.40624219
vt 5.9604645e-08 0.50457662
vt 0.97269261 1.0393867
vt 5.9604645e-08 0.55111891
vt 0.72526586 0.45278448
vt 0.042682573 0.44980022
vt -0.45073235 0.4481861
vt -0.00034284592 1.0115989
vt 0.80696833 0.44773307
vt 0.18216005 0.44980022
vt 0.38965309 0.094890475
vt 1.0601245 0.44965625
vt 1.0721117 0.5004189
vt -0.085013226 0.53698963
vt 1.0601245 0.50180167
vt 1.0000001 8.9406967e-08
vt -0.51626837 0.5364421
vt 0.12507126 0.53504556
vt 0.23517889 0.40624219
vt 0.23517889 0.45278448
vt 0.40421939 0.44980022
vt 0.50087911 0.5004189
vt 0.26393265 -0.05322291
vt 0.26393241 1.0599761
vt 0.6666193 0.41180012
vt 0.99634755 1.1376847
vt -0.3062959 0.5001356
vt 0.81962818 0.44980025
vt 0.44040793 0.40706211
vt 0.23517889 0.45278448
vt 0.78345239 0.70916784
vt 0.40397611 0.15644813
vt -0.14842905 0.41238776
vt 1 0.203125
vt 0.296875 0.203125
vt 0.94060034 0.44740811
vt 0.78345227 0.30252582
vt 0.3830156 0.55963898
vt 0.74350238 0.50340664
vt 0.4999682 0.58889568
vt 1.0721117 0.44980022
vt 1.499269 0.50042623
vt 2.9802322e-08 0.40625
vt 0.99626094 0.50180167
vt 0.40781161 0.076596797
vt 0.23517889 0.45278448
vt -5.9837475e-08 0
vt 1.0298796 0.44980025
vt 0.61699545 0.5596391
vt 1 0.203125
vt 0.296875 0.203125
vt 0.70228964 0.44980022
vt 0.055311039 0.50182837
vt -0.3062959 0.41180006
vt 0.702411 0.5004189
vt 0.86452794 0.41587746
vt 0.25911927 0.50013566
vt 0.43528634 0.076600611
vt 0.24637589 1
vt 2.9802322e-08 0.40625
vt 1 0.40625
vt 0.49595416 0.44740817
vt 0.031329896 0.5364421
vt 0.49595416 0.50042635
vt 0.702411 0.44980022
vt -0.51626837 0.4481861
vt 0.99999154 0.44773307
vt 0.99634731 -0.12599152
vt 1.1739689 0.44980025
vt 1 0.203125
vt 0.46736503 0.44980022
vt 0.7764321 0.55111891
vt 0.75 0
vt 0.24637589 1
vt 0.12507126 0.41587743
vt 0.18216005 0.44980022
vt 1.3419377 0.44980025
vt -0.12538493 0.50041884
vt 0.29928625 0.44980022
vt 1.3419377 0.5004189
vt 1.0721117 0.5004189
vt 4.2587519e-05 -5.9604645e-08
vt 0.59759146 0.5004189
vt 0.7435469 1.12473
vt 0.38377619 0.44773307
vt 0.002602458 0.062272698
vt 0.99695575 0.098960996
vt 0.50087911 0.5004189
vt 0.26393265 -0.05322291
vt 0.26393241 1.0599761
vt 0.097543091 0.5004189
vt 1.432532 0.50042623
vt -0.3062959 0.5001356
vt 0.26393265 0.71542692
vt 0.81962818 0.5004189
vt -0.45073235 0.5001356
vt 2.9802322e-08 0.45278448
vt 1 0.45278448
vt 0.44040793 0.40706211
vt 1.029933 0.44980025
vt -0.14842905 0.50182837
vt 0.70832837 0.53747004
vt 0.76552641 0.5004189
vt 0.59744745 0.5004189
vt 0.90415424 0.5004189
vt 0.72526586 0.40624219
vt -0.14842905 0.41238776
vt 0.75 0.203125
vt 0.32316756 0.44965622
vt 0.87807256 0.82744312
vt 0.32316753 0.41587743
vt -0.3062959 0.5364421
vt 0.097687304 0.44980022
vt 0.26393265 0.83874393
vt 0.60507929 0.50182837
vt 2.9802322e-08 0.45278448
vt 0.40781161 0.076596797
vt 1 0.45278448
vt 0.5009318 0.5004189
vt 0.75 0.203125
vt -0.45073235 0.5364421
vt 0.49826211 0
vt 0.90417653 0.5004189
vt 0.097686768 0.5004189
vt -0.085013226 0.41238776
vt 0.86452794 0.41587746
vt 0.94060034 0.41028726
vt 1.1976331 0.44980025
vt 1.197633 0.5004189
vt 1 0.45278448
vt 0.90415406 0.44980025
vt 0.81989765 0.44980025
vt 0.34258366 0.08815378
vt 1.1920929e-07 1
vt 0.29937726 0.44980022
vt 1.2950513 0.44980025
vt 4.7683716e-07 0.99999976
vt 0.99999154 0.53698963
vt 0.73408556 0.50112545
vt 0.29928625 0.5004189
vt 0.62109464 0.10360718
vt 0.68320894 0.5034402
vt 0.81989765 0.5004189
vt 1 0
vt 1.1270607 0.44980025
vt 0.49595416 0.53747004
vt 0.29928625 0.44980022
vt -0.12538493 0.50041884
vt 1 0.40772563
vt 0.67407715 0.1014771
vt -0.17215842 0.50041884
vt -0.11286631 0.5364421
vt 0.66886675 0.44980022
vt 0.74350226 0.70425111
vt 0.5338757 0.30256236
vt 0.99695551 -0.027693748
vt 0.33792275 0.92766857
vt 0.99695575 0.098960996
vt 0.60507929 0.53698963
vt 0.98758566 0.44980025
vt 1 0
vt -0.0003426075 0.70013523
vt 1.2950513 0.5004189
vt 0.59792376 0.44980022
vt 1.432532 0.44740814
vt -0.14842905 0.50182837
vt 1.2855051 0.44740814
vt 0.99626094 0.41587746
vt 0.2659542 0.50112545
vt 0.74350202 0.30256236
vt 0.32316756 0.44965622
vt 0.10432041 0.81162328
vt 1.1739471 0.44980025
vt 0.32316753 0.41587743
vt -0.3062959 0.5364421
vt 0.98758566 0.5004189
vt 1.2855051 0.53746992
vt 0 0
vt 0.5009318 0.5004189
vt 0.50087911 0.44980022
vt -0.45073235 0.5364421
vt 0.14010064 0.44980022
vt 0.59744745 0.44980022
vt 0.74350238 0.18572773
vt -0.12521994 0.50041884
vt 1.1739471 0.5004189
vt 0.70243406 0.44980022
vt 0.7435025 1.0306822
vt 0.94060034 0.41028726
vt -0.00034284592 0.41618007
vt 0.2923938 0.50042635
vt 0 0
vt 0.34258366 0.08815378
vt 1.4992688 0.41028726
vt 0.85108984 0.41335449
vt 0.29928625 0.5004189
vt 0.50173783 1
vt 0.99695575 0.40831438
vt -0.17224926 0.44980022
vt 1.499269 0.44740811
vt 0.68320894 0.5034402
vt -0.0042038113 0.44980022
vt 0.67908669 0.53504556
vt 1.029917 0.5004189
vt 0.67908669 0.50180167
vt -0.11286631 0.5364421
vt 0.67407715 0.1014771
vt 0.74350226 0.70425111
vt 0.61748034 0.55963898
vt 0.50173783 1
vt 0.43038109 0.028921127
vt 0.25895521 0
vt -0.17210627 0.50041884
vt 0.097543091 0.44980022
vt -0.11286631 0.4481861
vt 0.7764321 0.50457662
vt 0.94060034 0.53747004
vt 0.62734348 0.82108563
vt 0.38724911 0.1677247
vt 0.94060034 0.50042635
vt 0.50173783 1
vt 0.055311039 0.41238776
vt 0.25895521 0
vt 0.32316753 0.50180167
vt 0.10432041 0.81162328
vt -2.9802322e-07 -5.9604645e-08
vt 0.25911927 0.5364421
vt 0.0026026666 0.062272787
vt 0.7764321 0.50457662
vt 0.37915671 0.060704887
vt 0.64037836 0.10343879
vt 0.60507929 0.44773307
vt 0.98758566 0.5004189
vt -0.0003426075 0.8920185
vt 0.66886675 0.5004189
vt -0.0003426075 0.2053113
vt 0.50078785 0.5004189
vt 0.18206921 0.44980022
vt -0.45073235 0.41180003
vt 0.14010064 0.44980022
vt 0.38724923 0.83874315
vt 0.67908669 0.44965622
vt 1.2855051 0.50042623
vt 0.74350238 0.18572773
vt 0.87807196 0.18425062
vt 0.25895521 0
vt 0.70243406 0.44980022
vt 0.74073184 0.0039062798
vt 2.3841858e-07 0.99999976
vt 0.44058365 0.15644431
vt 0.7764321 0.50457662
vt 0.2923938 0.50042635
vt 0.26393265 0.16772509
vt 0.18221366 0.44980022
vt 1.499269 0.53746992
vt 0.74073184 0.0039062798
vt 1.432532 0.53746992
vt -0.0042038113 0.44980022
vt 0.26562184 0.5004189
vt 0.66672039 0.12938303
vt 0.72081113 -0.023634687
vt 0.50078785 0.44980022
vt 0.90417719 0.44980025
vt 0.26651913 0.55111891
vt 0.066008426 0.95227635
vt 0.99999964 1.0000002
vt 1 0.55111891
vt 1 0
vt 1.1270609 0.5004189
vt -0.14842905 0.53698963
vt 0.40397611 0.12896389
vt 0.18216002 0.5004189
vt 0.10766029 0.2053113
vt 0.097543091 0.44980022
vt 0.54125321 0.50457662
vt -0.0282197 0.50041884
vt 1.1270826 0.5004189
vt -0.11286631 0.4481861
vt 0.671875 0.40625
vt 0.26651913 0.55111891
vt 0.94060034 0.53747004
vt 0.62734348 0.82108563
vt 1 0.55111891
vt 0.42228514 0.17459679
vt 0.6666193 0.50013566
vt 0.54125321 0.50457662
vt 0.38377619 0.50182837
vt 0.25911927 0.5364421
vt 0.81965053 0.5004189
vt 0.99695575 0.50584662
vt 0.37915671 0.060704887
vt 0.64037836 0.10343879
vt 0.66886675 0.5004189
vt 0.65973353 0.10276884
vt 0.042682573 0.44980022
vt -0.45073235 0.4481861
vt 0.50078785 0.5004189
vt 0.2638841 -0.15544493
vt 0.18221298 0.5004189
vt -0.0003426075 0.2053113
vt 0.67908669 0.44965622
vt 0.62734336 0.18572773
vt -0.085013226 0.53698963
vt 1 1
vt 0.37523174 0.5084818
vt 0.44058365 0.15644431
vt 1.1739689 0.5004189
vt 0.515625 0.203125
vt 1.0601245 0.53504562
vt 0.4485296 0.04721576
vt 0.90962702 0.32558438
vt 0.57220715 0.44980022
vt 0.81962818 0.44980025
vt 0.296875 0.40625
vt 0.26393265 0.16772509
vt 0.18221366 0.44980022
vt 0.99733394 0.062272578
vt 1.0304008 0.5004189
vt 0.78345239 0.70916784
vt 0.49995753 0.58889592
vt 1 1
vt 0.097634017 0.44980022
vt 1.432532 0.53746992
vt 0.75 0.203125
vt 0.75 0
vt 0.49595416 0.41028726
vt 1 0.40624219
vt 0.94060034 0.44740811
vt 0.296875 0.40625
vt 0.26591361 0.50112545
vt 0.74350238 0.50340664
vt 0.28604126 0.41617987
vt 0.32316753 0.53504556
vt 0.40397611 0.12896389
vt 0.18216002 0.5004189
vt 0.75 0.203125
vt 0.75 0
vt 1.0304008 0.44980025
vt 0.59792376 0.5004189
vt 1 0.40624219
vt -0.00034284592 0.0053359321
vt 1.0879757 0.41028726
vt 1.1270826 0.5004189
vt 0.21419853 0
vt 0.296875 0.40625
vt 0.49595416 0.44740817
vt 0.031329896 0.5364421
vt 0.42228514 0.17459679
vt 0.6666193 0.50013566
vt 0.75 0.203125
vt -0.51626837 0.4481861
vt 0.29943079 0.44980022
vt 0.2435853 0.41238776
vt -0.028091073 0.44980022
vt 1.0000002 0.99999976
vt 1 -0.00081636012
vt -0.0003426075 0.12491626
vt 0.99999976 0.99999976
vt 0.065491922 0.95241892
vt 0.99695575 0.50584662
vt 0.031848967 0.17930052
vt 1 0.40624219
vt 0.80696833 0.53698963
vt 0.042682573 0.44980022
vt 0.46713853 0.44818616
vt -0.45073235 0.4481861
vt 0.2638841 -0.15544493
vt 0.18221298 0.5004189
vt 1.3419377 0.44980025
vt 0.38377619 0.53698963
vt 1.3419377 0.5004189
vt 0.7435469 -0.1179169
vt 1.0721117 0.5004189
vt 2.9802322e-08 0.40624219
vt 0.38377619 0.44773307
vt 0.515625 0
vt 1.1739689 0.5004189
vt 0 0.203125
vt 0.86452794 0.50180167
vt 0.26393265 -0.05322291
vt 0.99695623 0.82744312
vt 0.29239374 0.44740817
vt 0.57220715 0.5004189
vt 0.50093246 0.44980022
vt 0.4375 0.40625
vt -0.3062959 0.5001356
vt 2.9802322e-08 0.40624219
vt 0.40427226 0.5004189
vt 0.70832837 0.53747004
vt 0.59744745 0.5004189
vt 0.097634017 0.44980022
vt 0.515625 0
vt 0.75331122 1
vt 0.72081113 1.0304481
vt 0.68883169 0.60337919
vt 1.2855051 0.41028723
vt 0.70832837 0.50042635
vt 0.9041543 0.44980025
vt 2.9802322e-08 0.40624219
vt -0.064693928 0.44965619
vt 0.26393265 0.83874393
vt 0.26393265 0.92766833
vt 0.40781161 0.076596797
vt 0.28604126 0.41617987
vt 0.32316753 0.53504556
vt 0.25895524 0
vt 0.65954733 0.10330385
vt 0.50173777 1
vt 0.26393265 0.5034402
vt 1.0879757 0.41028726
vt 0.86452794 0.41587746
vt 0.26393265 0.605129
vt 0.49595416 0.44740817
vt 0.96807718 0.17930028
vt 0.12507126 0.44965622
vt 0.70832837 0.44740814
vt 1.0304229 0.5004189
vt 0.25895524 0
vt 0.46713853 0.50013566
vt 0.45874679 0.45278448
vt 1 0
vt -0.0003426075 0.12491626
vt 0.50173777 1
vt 0.74350238 0.82108575
vt 0.62109464 0.10360718
vt 0.46713853 0.44818616
vt 0.671875 0.203125
vt 1.3419377 0.44980025
vt 0.49595416 0.53747004
vt 1.3419377 0.5004189
vt 0.24637583 1
vt 1 0
vt 0.38377619 0.44773307
vt 0.99695551 -0.027693748
vt 0.19685084 0.31679958
vt -0.12527227 0.50041884
vt 0.86452794 0.50180167
vt 0.44040805 0.59975117
vt 0.18206924 0.5004189
vt 0.50093246 0.44980022
vt 1 0.50457662
vt 0.98758566 0.44980025
vt 0.26393265 0.71542692
vt 1 0.54947776
vt 0.671875 0.203125
vt 1.432532 0.41028723
vt 0.24637583 1
vt 0.28604126 0.60041702
vt 0.26393253 0.29145283
vt 0.92538261 0.91273218
vt 1.2855051 0.44740814
vt 2.9802322e-08 0.203125
vt 0.75331116 1
vt 0.68883169 0.60337919
vt 0.32316756 0.44965622
vt 0.671875 0.203125
vt 0.26562184 0.44980022
vt 0.45874679 0.40624219
vt 0.063065231 0.12491626
vt 0.99999154 0.41238776
vt 0.99695623 0.91273218
vt 0.5009318 0.5004189
vt 0.031933933 0.1793004
vt 2.9802322e-08 0.203125
vt 0 0.203125
vt 0 0
vt 0.75331116 1
vt 0.48590231 0.29145283
vt 0.21875 0
vt 1.1739471 0.5004189
vt 0.055311039 0.44773307
vt 0.6667785 0.077495456
vt -0.064693928 0.50180167
vt 0.94060034 0.41028726
vt 0.1488865 0.41335449
vt 0.4375 0.203125
vt 0.45874679 0.40624219
vt 0.12507126 0.44965622
vt 2.9802322e-08 0.203125
vt 0.92538249 0.098960996
vt 0.46713853 0.50013566
vt 0 0.203125
vt 1.4992688 0.41028726
vt 0 0
vt 1 0.203125
vt 0.29928625 0.5004189
vt 0.54125321 0.55111891
vt 0.21875 0
vt 1.499269 0.44740811
vt -0.17227119 0.50041884
vt 0.4375 0.203125
vt 0.44058365 0.12896866
vt 0.40780252 0.11320239
vt 0.49595416 0.53747004
vt 0.48590243 0.71542692
vt 0.2435853 0.44773307
vt 0.38377619 0.41238776
vt 0.76552641 0.44980022
vt 0.67908669 0.50180167
vt -0.11286631 0.5364421
vt 0 0.203125
vt 0.23517889 0.40624219
vt 0 0
vt -0.11286631 0.5001356
vt 0.54125321 0.55111891
vt 0.99695611 1.0393867
vt 0.26393276 0.40175048
vt 0.18206924 0.5004189
vt 0.21875 0
vt 0.98758566 0.44980025
vt 0.99695623 0.70916784
vt 0.49826199 0
vt 0.28604126 0.60041702
vt 0.21875 0.203125
vt 0.19685084 0.70013511
vt 1.2855051 0.44740814
vt 0.21419853 0.203125
vt -0.0003426075 0.60041702
vt 0.38724911 0.1677247
vt -0.00037944317 -0.072636597
vt 0.055311039 0.41238776
vt 0.53387576 0.70425111
vt 0.70832837 0.41028723
vt 0.46713853 0.41180012
vt 0.60507929 0.44773307
vt 0.99740827 0.062272698
vt 0.49826199 0
vt -0.0003426075 0.8920185
vt 0.26651913 0.50457662
vt 0.99999154 0.41238776
vt 0.7764321 0.55111891
vt 0.61431968 0.12989789
vt 0.99733377 0.062272698
vt 1.1269412 0.44980025
vt 0.38724923 0.83874315
vt 1 0.40673915
vt 0.35014802 0.44980022
vt 0.055311039 0.44773307
vt 0.4303773 0.065070212
vt 0.6667785 0.077495456
vt 0.49996841 0.58889556
vt -0.51626837 0.41180003
vt 0.26651913 0.50457662
vt -0.17218041 0.44980022
vt 0.58455563 0.40175048
vt 5.9604645e-08 0.55111891
vt 0.063065231 0.89201838
vt 0.7764321 0.55111891
vt 0.042682454 0.50041884
vt 0.40421939 0.5004189
vt 0.97269189 -0.027693748
vt 0 1
vt 1.499269 0.44740811
vt -0.0003426075 0.5084818
vt 0.2923938 0.53747004
vt 5.9604645e-08 0.50457662
vt 0.75 0
vt -0.3062959 0.4481861
vt 0.80696833 0.41238776
vt 0.40780252 0.11320239
vt -0.00034284592 0.31679958
vt 0.26562184 0.5004189
vt -0.064693928 0.4158774
vt 0.40412828 0.5004189
vt 0.70243347 0.5004189
vt 0.38377619 0.41238776
vt 0.76552641 0.44980022
vt 0.097634017 0.5004189
vt 5.9604645e-08 0.55111891
vt 0.6666193 0.53644216
vt 0 1
vt -0.028703213 0.44980022
vt -0.14842905 0.53698963
vt 0.26590335 0.50112522
vt 5.9604645e-08 0.50457662
vt -0.17212766 0.44980022
vt 0.75 0
vt 5.9604645e-08 0.55111891
vt 0.40427282 0.44980022
vt 0.38294089 0.5596391
vt 0.19685084 0.70013511
vt 0.72526586 0.40624219
vt 0.94060034 0.53747004
vt -0.0003426075 0.60041702
vt 0.81965113 0.44980025
vt 0.74350238 0.59975117
vt 1.0000001 8.9406967e-08
vt 0.54161173 0.53504556
vt 0.40289709 0.065516174
vt 0.64029944 0.084128678
vt 0.75 0
vt 0.25911927 0.44818616
vt 0.296875 0.203125
vt 0.46713853 0.41180012
vt 2.9802322e-08 0.45278448
vt -0.0003426075 0.8920185
vt 0.66886675 0.5004189
vt 0.28859603 1.0597219
vt 0.72526586 0.40624219
vt 0.75 0.203125
vt 0.49826211 0
vt 0.38724923 0.83874315
vt 1.1738343 0.44980025
vt 0.62734336 0.18572773
vt 1.0879757 0.53746992
vt 0.34694028 0.50340712
vt 0.44058365 0.15644431
vt 1 0.203125
vt -0.51626837 0.5001356
vt -0.064693987 0.53504556
vt -0.17218041 0.44980022
vt 0.296875 0.203125
vt 0.99626094 0.44965625
vt 0.75 0.203125
vt 0.29239374 0.41028726
vt 0.01846981 0.0055300049
vt 0.72526586 0.40624219
vt 0.49826211 0
vt 1 0.40625
vt 0.24637589 1
vt 0.64050096 0.12270868
vt 0.2923938 0.53747004
vt 0.54161173 0.50180167
vt 0.80696833 0.50182837
vt -0.00034284592 0.31679958
vt 0.26562184 0.5004189
vt 0.40412828 0.5004189
vt 0.99695599 0.30252582
vt 0.097634017 0.5004189
vt 0.6935153 0.40831453
vt 0.73409665 0.50112545
vt 0.24637589 1
vt 0.99695563 0.60337919
vt 0.28859603 -0.052968636
vt -0.12536293 0.44980022
vt 0.49826211 0
vt 1 0.40625
vt -0.14842905 0.53698963
vt 0.74350238 0.90533632
vt 1.1270826 0.44980025
vt -0.17212766 0.44980022
vt -0.12524128 0.44980022
vt 1.0304008 0.44980025
vt 0.40427282 0.44980022
vt 0.29937726 0.5004189
vt 0.46713853 0.53644216
vt 0.74350226 0.1014771
vt 0.70228964 0.5004189
vt 0.031329907 0.5001356
vt 0.6666193 0.44818616
vt 0.54161173 0.53504556
vt 0.81965113 0.44980025
vt 0.29943079 0.44980022
vt 0.74350238 0.59975117
vt 0.031859219 0.17930052
vt 0.065491922 0.95241892
vt 0.59421194 0.50584662
vt 0.7435025 -0.023868755
vt 0.090435952 0.32558456
vt 1 0.45278448
vt 1.0000312 1.4901161e-07
vt 1.0879757 0.53746992
vt 0.065822229 0.95281136
vt 1.1739689 0.5004189
vt 0.99695623 0.82744312
vt 0.57220715 0.5004189
vt 0.99999154 0.50182837
vt -0.00037944317 1.0895715
vt 1 0
vt 0.36106974 0.10646677
vt 0.33792251 0.079084158
vt 0.40427226 0.5004189
vt -0.11286631 0.41180006
vt 0.64050096 0.12270868
vt 0.80696833 0.50182837
vt -1.1920929e-07 1
vt 0.60507929 0.41238776
vt 1 0
vt 0.28859603 -0.052968636
vt -0.028068721 0.44980022
vt 1.0601245 0.41587746
vt -0.12536293 0.44980022
vt 0.26393265 0.92766833
vt -0.12529439 0.44980022
vt 0.09037298 0.32558438
vt 0.659217 0.10291141
vt 0.65954733 0.10330385
vt -0.12524128 0.44980022
vt 0.59792376 0.5004189
vt 0.25911927 0.41180006
vt 1.0879757 0.41028726
vt 1.1739689 0.5004189
vt 0.26393265 0.605129
vt 1 0
vt 0.46713853 0.53644216
vt 0.8703686 0.5004189
vt 0.2435853 0.50182837
vt 0.61431968 0.077249527
vt 0.6666193 0.44818616
vt 0.70832837 0.44740814
vt -0.085013226 0.50182837
vt 1.0304229 0.5004189
vt -0.0042038113 0.50041884
vt 1.0000002 1
vt 0.67407733 0.90533632
vt -0.0003426075 0.12491626
vt 1.0879757 0.50042635
vt -0.028559923 0.50041884
vt 0.54161173 0.44965622
vt 0.86452794 0.53504556
vt 0.7435025 -0.023868755
vt 0.46713853 0.44818616
vt 1 0.203125
vt 0.2638841 1.1621974
vt 0.37915671 0.08815378
vt 0.01846981 1.0114049
vt 0.12507126 0.50180167
vt 0.29943013 0.5004189
vt -0.085013226 0.44773307
vt 0.96811712 0.17930028
vt 0.44040805 0.59975117
vt 0.99695623 0.82744312
vt 0.54161173 0.41587746
vt 0.57220715 0.5004189
vt 0.99999154 0.50182837
vt 0.34258366 0.060709655
vt 0.74350238 0.40706211
vt -0.00037944317 1.0895715
vt 0.90415406 0.5004189
vt 0.99695563 0.18425062
vt 0.33792251 0.079084158
vt 0.26393265 0.079084158
vt 0 0
vt 0.92538261 0.91273218
vt -0.0003426075 0.81162339
vt 0.67908669 0.41587746
vt 0.40290177 0.028921127
vt 0.68883169 0.60337919
vt 0.40412828 0.44980022
vt 0.26562184 0.44980022
vt 0.36075103 0.10614961
vt 1.0879757 0.44740811
vt -0.064693928 0.44965619
vt 0.97269261 1.0393867
vt 0.61749083 0.55963874
vt 1.1270831 0.5004189
vt 1 0
vt 0.8703686 0.44980022
vt -0.00034284592 1.0115989
vt 0.38965309 0.094890475
vt 0.80696833 0.44773307
vt 1.0601245 0.44965625
vt 0.25911927 0.41180006
vt 0.50173783 1
vt 1.0601245 0.50180167
vt -0.51626837 0.5364421
vt 0.26393265 0.605129
vt 0.26651913 0.55111891
vt 1 0.55111891
vt 1 0
vt 0.12507126 0.44965622
vt -0.028612494 0.50041884
vt 0.6666193 0.41180012
vt 0.99634755 1.1376847
vt 1.0304229 0.5004189
vt -0.0042038113 0.50041884
vt 0.35014802 0.5004189
vt 0.25895521 0
vt 0.54161173 0.44965622
vt 0.671875 0.40625
vt 0.40397611 0.15644813
vt 0.26651913 0.55111891
vt 0.86452794 0.53504556
vt 0.090412945 0.32558438
vt 0.7764321 0.50457662
vt 1 0
vt 0.2435853 0.44773307
vt 1 0.55111891
vt 0.78345227 0.30252582
vt 0.12507126 0.50180167
vt 0.29943013 0.5004189
vt -0.085013226 0.44773307
vt 1.0721117 0.44980022
vt 0.99695611 1.0393867
vt 0.26393276 0.40175048
vt 0.99626094 0.50180167
vt 0.18206924 0.5004189
vt 0.055311039 0.53698963
vt 0.671875 0.40625
vt 0.74073184 0.0039062798
vt 0.90415406 0.5004189
vt 0.99695563 0.18425062
vt 0.70228964 0.44980022
vt 0.055311039 0.50182837
vt -0.3062959 0.41180006
vt 0.702411 0.5004189
vt 0.26393265 0.079084158
vt 0 0.54947776
vt 0.25911927 0.50013566
vt 0.43528634 0.076600611
vt 0.67908669 0.41587746
vt 0.40290177 0.028921127
vt 0.702411 0.44980022
vt 0.74073184 0.0039062798
vt 0.99996811 5.9604645e-08
vt 0.40412828 0.44980022
vt 0.99999154 0.44773307
vt 0.26562184 0.44980022
vt 0.99634731 -0.12599152
vt 0.70832837 0.41028723
vt 1.1739689 0.44980025
vt 1.0879757 0.44740811
vt 0.61431968 0.12989789
vt 1.1269412 0.44980025
vt 0.59759146 0.5004189
vt 0.21419853 0
vt -0.51626837 0.41180003
vt 0.50087911 0.5004189
vt 0.58455563 0.40175048
vt 0.74073178 0.0039062798
vt 0.097543091 0.5004189
vt -0.028612494 0.50041884
vt 0.40421939 0.5004189
vt 0.35014802 0.5004189
vt -0.45073235 0.5001356
vt 0.97269189 -0.027693748
vt 1.029933 0.44980025
vt 0.76552641 0.5004189
vt 0.21419853 0
vt 0.90415424 0.5004189
vt 1 1
vt -0.3062959 0.4481861
vt -0.14842905 0.41238776
vt 0.515625 0.203125
vt -0.064693928 0.4158774
vt 0.74073178 0.0039062798
vt 0.87807256 0.82744312
vt 0.60507929 0.50182837
vt 0 0.203125
vt 1.0721117 0.44980022
vt 0.99695611 1.0393867
vt 0.86452794 0.44965625
vt 0.99996829 -5.9604645e-08
vt 1 1
vt 0.4375 0.40625
vt 0.515625 0.203125
vt 0.097686768 0.5004189
vt 0.14010064 0.50041884
vt 0.74073178 0.0039062798
vt 0.055311039 0.50182837
vt -0.085013226 0.41238776
vt 0.19685084 0.70013511
vt 0.25911927 0.50013566
vt 0.296875 0.40625
vt 1.1976331 0.44980025
vt 1.197633 0.5004189
vt 0 0.203125
vt 0.40289709 0.065516174
vt 0.90415406 0.44980025
vt 0.75 0.203125
vt 0.59759194 0.44980022
vt 0.29937726 0.44980022
vt 1 1
vt 1.2950513 0.44980025
vt 0.99999154 0.53698963
vt 0.515625 0.203125
vt 0.4375 0.40625
vt 0.53387576 0.70425111
vt 0.70832837 0.41028723
vt 0.99634731 -0.12599152
vt 0.031329907 0.4481861
vt 0.75 0
vt 2.9802322e-08 0.40624219
vt 0.28859603 1.0597219
vt 0.81989765 0.5004189
vt 0.296875 0.40625
vt 1.1269412 0.44980025
vt 1.1270607 0.44980025
vt 0 0.203125
vt 0.29928625 0.44980022
vt 0.75331122 1
vt 0.50004268 0.58889568
vt 0.75 0.203125
vt -0.17215842 0.50041884
vt 0.59759146 0.5004189
vt 0.66886675 0.44980022
vt 0.33792275 0.92766857
vt 0.4375 0.40625
vt 0.5338757 0.30256236
vt 1 0.40624219
vt -0.064693987 0.53504556
vt 0.99695575 0.098960996
vt -0.17218041 0.44980022
vt 0.75 0
vt 0.60507929 0.53698963
vt 0.45874679 0.45278448
vt 0.25895524 0
vt 0.01846981 0.0055300049
vt 1.2950513 0.5004189
vt -0.45073235 0.5001356
vt 0.75331122 1
vt 1.432532 0.44740814
vt -0.14842905 0.50182837
vt -0.0003426075 0.5084818
vt 0.85111284 0.41335467
vt 0.99626094 0.41587746
vt -0.3062959 0.4481861
vt -0.064693928 0.4158774
vt 1.0000001 0.99999988
vt 0.74350202 0.30256236
vt 0.031329907 0.41180006
vt 0.2435853 0.53698963
vt 0.99695599 0.30252582
vt 0.40412828 0.5004189
vt 0.097634017 0.5004189
vt 1.1739471 0.44980025
vt 0.96814013 0.17930061
vt 0.45874679 0.45278448
vt -0.3062959 0.5364421
vt 1.2855051 0.53746992
vt 0.515625 0
vt -2.3841858e-07 -1.1920929e-07
vt 0.50087911 0.44980022
vt -0.45073235 0.5364421
vt 0.59744745 0.44980022
vt 0.14010064 0.50041884
vt 0.99626094 0.53504562
vt -0.12521994 0.50041884
vt 0.29937726 0.5004189
vt -0.085013226 0.41238776
vt 1 0
vt 0.7435025 1.0306822
vt -0.00034284592 0.41618007
vt 0.031329907 0.5001356
vt 0.40289709 0.065516174
vt 0.29937726 0.44980022
vt 0.46736509 0.5004189
vt 0.671875 0.203125
vt 0.031329907 0.4481861
vt 0.99695575 0.40831438
vt -0.17224926 0.44980022
vt 0.68320894 0.5034402
vt 0.28859603 1.0597219
vt 0.81989765 0.5004189
vt 0.67908669 0.53504556
vt 0 0
vt 1 0.203125
vt 1.029917 0.5004189
vt 0.66886675 0.44980022
vt 0.74350226 0.70425111
vt 0.5338757 0.30256236
vt 0.43528634 0.11320144
vt 0.45874679 0.40624219
vt 0.43038109 0.028921127
vt 0.60507929 0.53698963
vt -0.17210627 0.50041884
vt 0.36106974 0.10646677
vt 1.2950513 0.5004189
vt -0.11286631 0.41180006
vt 0 0
vt 1.432532 0.44740814
vt 0.64050096 0.12270868
vt 0.4375 0.203125
vt 0.50173777 1
vt 0.60507929 0.41238776
vt 0.94060034 0.50042635
vt 0 0.40673915
vt 0.32316753 0.50180167
vt 0.031329907 0.41180006
vt 1 0.50457662
vt 0.99695563 0.60337919
vt 0.28859603 -0.052968636
vt 1.0601245 0.41587746
vt 0 0
vt 0.98758566 0.5004189
vt 0.54125321 0.55111891
vt 0.38293064 0.5596391
vt 0.21875 0
vt 0.18206921 0.44980022
vt 0.659217 0.10291141
vt 0.50087911 0.44980022
vt -0.45073235 0.41180003
vt 0.14010064 0.44980022
vt 0.4375 0.203125
vt 1.2855051 0.50042623
vt 0.99626094 0.53504562
vt 0.74350238 0.18572773
vt 0.87807196 0.18425062
vt 1.1739689 0.5004189
vt 1 0.50457662
vt 0.70243406 0.44980022
vt -2.1327287e-07 1.0000002
vt 0.21875 0.203125
vt 0.21419853 0.203125
vt 0.2435853 0.50182837
vt 0.61431968 0.077249527
vt 0.70228964 0.5004189
vt -0.14842905 0.44773307
vt 0.031329907 0.5001356
vt -0.00034284592 0.41618007
vt 0.24637583 1
vt 0.54125321 0.55111891
vt 0.67407733 0.90533632
vt 0.46736509 0.5004189
vt 1.0879757 0.50042635
vt 0.49826199 0
vt 1 0.50457662
vt 0.21875 0.203125
vt 0.21419853 0.203125
vt 0.2638841 1.1621974
vt 0.37915671 0.08815378
vt 0.01846981 1.0114049
vt 0.50078785 0.44980022
vt 0.90417719 0.44980025
vt 0.72081113 -0.023634687
vt 0.58455575 0.60512865
vt -1.9744039e-07 1.0000002
vt 1.029917 0.5004189
vt 1 0.203125
vt 0 0
vt 0.066008426 0.95227635
vt 0.75331116 1
vt 1.499269 0.50042623
vt 0.49826199 0
vt 0.26651913 0.50457662
vt 1.1270609 0.5004189
vt 0.72526586 0.45278448
vt 0.10766029 0.2053113
vt 0 0.40772563
vt 0.097543091 0.44980022
vt 0.34258366 0.060709655
vt -0.0282197 0.50041884
vt 0.74350238 0.40706211
vt -0.00037944317 1.0895715
vt -0.11286631 0.4481861
vt 0.33792251 0.079084158
vt 0.36106974 0.10646677
vt 0.21419853 0.203125
vt 1 0.203125
vt 0 0.203125
vt 0.23517889 0.40624219
vt 0 0
vt 0.62734348 0.82108563
vt 0.26651913 0.50457662
vt 0.94060034 0.50042635
vt 0.72526586 0.45278448
vt 0.7764321 0.55111891
vt 0.38377619 0.50182837
vt 0.81965053 0.5004189
vt 0.97269261 1.0393867
vt 0.64037836 0.10343879
vt 0.65973353 0.10276884
vt -0.00034284592 1.0115989
vt 0.18206921 0.44980022
vt 0.23517889 0.40624219
vt 0.25911927 0.41180006
vt 0.67908669 0.44965622
vt 1.2855051 0.50042623
vt -0.085013226 0.53698963
vt -0.51626837 0.5364421
vt 0.72526586 0.45278448
vt 0.37523174 0.5084818
vt 0.12507126 0.53504556
vt 0.40421939 0.44980022
vt -0.14842905 0.44773307
vt 1.0601245 0.53504562
vt 0.4485296 0.04721576
vt 0.6666193 0.41180012
vt 0.57220715 0.44980022
vt 0.23517889 0.40624219
vt 0.81962818 0.44980025
vt 0.23517889 0.45278448
vt 0.26393265 0.16772509
vt 1.0879757 0.50042635
vt 1.0304008 0.5004189
vt 0.78345239 0.70916784
vt 0.40397611 0.15644813
vt 1.432532 0.53746992
vt 0.49595416 0.41028726
vt 0.37915671 0.08815378
vt 0.94060034 0.44740811
vt 0.78345227 0.30252582
vt 0.23517889 0.45278448
vt 0.29943013 0.5004189
vt 0.74350238 0.50340664
vt 1 0.203125
vt 1.499269 0.50042623
vt 0.40397611 0.12896389
vt 0.10766029 0.2053113
vt 1.0298796 0.44980025
vt -0.0282197 0.50041884
vt 2.9802322e-08 0.40625
vt -0.00034284592 0.0053359321
vt 0.70228964 0.44980022
vt 1.1270826 0.5004189
vt -0.3062959 0.41180006
vt 0.23517889 0.45278448
vt 0.43528634 0.076600611
vt 1 0.40673915
vt 0.09037286 0.32558456
vt 0.7340228 0.50112545
vt 0.031329896 0.5364421
vt 0.42228514 0.17459679
vt 0.6666193 0.50013566
vt 0.49595416 0.50042635
vt 0.702411 0.44980022
vt -0.51626837 0.4481861
vt 1 0.203125
vt 0.2435853 0.41238776
vt -0.028091073 0.44980022
vt 1.1739689 0.44980025
vt 2.9802322e-08 0.40625
vt 1 0.40625
vt 0.46736503 0.44980022
vt 0.80696833 0.53698963
vt 0.042682573 0.44980022
vt -0.45073235 0.4481861
vt -0.00034284592 1.0115989
vt 0.12507126 0.41587743
vt 0.18216005 0.44980022
vt 0.38377619 0.53698963
vt -0.12538493 0.50041884
vt 0.0026655495 0.062272787
vt 1.0721117 0.5004189
vt 0.26597744 0.50112522
vt 0 1
vt 0.7435469 1.12473
vt 5.9604645e-08 0.50457662
vt 1 0.203125
vt 0.75 0
vt 0.40421939 0.44980022
vt 2.9802322e-08 0.40625
vt 0.26393265 -0.05322291
vt 1 0.40625
vt 0.26393241 1.0599761
vt 2.9802322e-08 0.45278448
vt 0.097543091 0.5004189
vt 0.29239374 0.44740817
vt 1.0601245 0.53504562
vt 1.432532 0.50042623
vt -0.3062959 0.5001356
vt 0.72526586 0.40624219
vt 0.81962818 0.5004189
vt 0.44040793 0.40706211
vt 1 0
vt 0.70832837 0.53747004
vt 0.76552641 0.5004189
vt 0.59744745 0.5004189
vt 0.49595416 0.41028726
vt 2.9802322e-08 0.45278448
vt 1 0.45278448
vt 1.2855051 0.41028723
vt 0.70832837 0.50042635
vt 0.9041543 0.44980025
vt 0.72526586 0.40624219
vt 0.097687304 0.44980022
vt 0.75 0.203125
vt 0.49826211 0
vt 0.26393265 0.83874393
vt 0.40781161 0.076596797
vt 0.32316753 0.53504556
vt 0.90417653 0.5004189
vt 0.097686768 0.5004189
vt 2.9802322e-08 0.45278448
vt -0.00034284592 0.0053359321
vt 0.70228964 0.44980022
vt 0.055311039 0.50182837
vt 1 0.45278448
vt 0.86452794 0.41587746
vt 0.75 0.203125
vt 0.43528634 0.076600611
vt 0.49826211 0
vt 0.49595416 0.44740817
vt 0.031329896 0.5364421
vt 0.81989765 0.44980025
vt 0.34258366 0.08815378
vt -0.51626837 0.4481861
vt 0.49595416 0.50042635
vt 1.2950513 0.44980025
vt -2.3841858e-07 -1.5366822e-07
vt 1 0.45278448
vt 0.74350238 0.82108575
vt 0.62109464 0.10360718
vt 0.14896059 0.41335467
vt 1.3419377 0.44980025
vt -0.12538493 0.50041884
vt 0.29928625 0.44980022
vt 1.3419377 0.5004189
vt 0.73401231 0.50112522
vt -2.1327287e-07 1.0000002
vt 0.67407715 0.1014771
vt 0.38377619 0.44773307
vt 0.99695551 -0.027693748
vt 1 0
vt 0.86452794 0.50180167
vt 0.99695575 0.098960996
vt 0.097543091 0.5004189
vt 0.26393265 0.71542692
vt -0.0003426075 0.70013523
vt 0.81962818 0.5004189
vt 1.432532 0.41028723
vt 0.59792376 0.44980022
vt 0.26393253 0.29145283
vt -0.14842905 0.50182837
vt 0.70832837 0.53747004
vt 0.76552641 0.5004189
vt 0.59744745 0.5004189
vt 0.32316756 0.44965622
vt 0.32316753 0.41587743
vt -0.3062959 0.5364421
vt 0.097687304 0.44980022
vt 0.26393265 0.83874393
vt 0.23517889 0.40624219
vt 0.063065231 0.12491626
vt 0.5009318 0.5004189
vt 0.99695623 0.91273218
vt -0.45073235 0.5364421
vt 0.59744745 0.44980022
vt 0.90417653 0.5004189
vt 0.097686768 0.5004189
vt 0.48590231 0.29145283
vt 1.1739471 0.5004189
vt 0 0
vt -3.1888485e-05 -5.9604645e-08
vt -0.064693928 0.50180167
vt 0.49996799 0.58889568
vt 0.94060034 0.41028726
vt 1.1976331 0.44980025
vt 0.38294089 0.55963898
vt 0.2923938 0.50042635
vt 0.34258366 0.08815378
vt 0.92538249 0.098960996
vt 1.4992688 0.41028726
vt 0.96806669 0.1793004
vt 0.29928625 0.5004189
vt -0.17224926 0.44980022
vt 0 0
vt 0.90955293 0.32558438
vt -0.17227119 0.50041884
vt -0.0042038113 0.44980022
vt 0.49595416 0.53747004
vt 0.48590243 0.71542692
vt 0.50173783 1
vt 0.67908669 0.50180167
vt 0.67407715 0.1014771
vt -0.11286631 0.5364421
vt 0.66886675 0.44980022
vt 0.74350226 0.70425111
vt 0.5338757 0.30256236
vt -0.17215842 0.50041884
vt 0.98758566 0.44980025
vt 0.99695623 0.70916784
vt -0.0003426075 0.70013523
vt 0.99739754 0.062272698
vt 0.50173783 1
vt 0.59792376 0.44980022
vt 1.2855051 0.44740814
vt 0.38724911 0.1677247
vt -0.00037944317 -0.072636597
vt 0.055311039 0.41238776
vt 0.7764321 0.50457662
vt 0.10432041 0.81162328
vt 0.25911927 0.5364421
vt 0.515625 0.203125
vt 0.37915671 0.060704887
vt 0.60507929 0.44773307
vt 0.98758566 0.5004189
vt 0.063065231 0.12491626
vt 0.25895521 0
vt 0.50078785 0.5004189
vt 0.14010064 0.44980022
vt 0.59744745 0.44980022
vt 0.7764321 0.50457662
vt 0.74350238 0.18572773
vt -0.12521994 0.50041884
vt 1.1739471 0.5004189
vt 0.35014802 0.44980022
vt 0.70243406 0.44980022
vt 0.4303773 0.065070212
vt 0.7435025 1.0306822
vt 0.2923938 0.50042635
vt 0.25895521 0
vt 0.74073184 0.0039062798
vt 0.063065231 0.89201838
vt 1.4992688 0.41028726
vt 1.499269 0.53746992
vt 0.99695575 0.40831438
vt 1.499269 0.44740811
vt -0.0042038113 0.44980022
vt 0.80696833 0.41238776
vt 0.44058365 0.12896866
vt 1 0
vt 0.66672039 0.12938303
vt 0.72081113 -0.023634687
vt 0.70243347 0.5004189
vt 0.38377619 0.41238776
vt 0.76552641 0.44980022
vt 0.6666193 0.53644216
vt -0.028703213 0.44980022
vt 0.26651913 0.55111891
vt 0.18216002 0.5004189
vt 0.097543091 0.44980022
vt 1 0.55111891
vt -0.11286631 0.4481861
vt 1 0
vt 0.54125321 0.50457662
vt 0.94060034 0.53747004
vt 0.62734348 0.82108563
vt 0.38724911 0.1677247
vt 0.94060034 0.50042635
vt 0.64029944 0.084128678
vt 0.055311039 0.41238776
vt 0.671875 0.40625
vt 0.26651913 0.55111891
vt 0.38377619 0.50182837
vt 0.25911927 0.5364421
vt 0.25911927 0.44818616
vt 2.3841858e-07 0.99999976
vt 1 0.55111891
vt 0.46713853 0.41180012
vt 0.37915671 0.060704887
vt 0.64037836 0.10343879
vt 0.60507929 0.44773307
vt -0.0003426075 0.8920185
vt 0.65973353 0.10276884
vt 0.66886675 0.5004189
vt 0.50078785 0.5004189
vt -0.0003426075 0.2053113
vt 0.18206921 0.44980022
vt 0.18221298 0.5004189
vt 5.9604645e-08 -5.9604645e-08
vt 0.54125321 0.50457662
vt 0.38724923 0.83874315
vt 0.67908669 0.44965622
vt 1.1738343 0.44980025
vt 0.62734336 0.18572773
vt 0.671875 0.40625
vt 0.34694028 0.50340712
vt 0.44058365 0.15644431
vt 0.99626094 0.44965625
vt 0.54125321 0.50457662
vt 1 1
vt 0.29239374 0.41028726
vt 0.18221366 0.44980022
vt 1.0304008 0.5004189
vt 1.499269 0.53746992
vt 1.432532 0.53746992
vt 0.296875 0.40625
vt 0.54161173 0.50180167
vt -0.00034284592 0.31679958
vt 0.26562184 0.5004189
vt 0.66672039 0.12938303
vt 0.61705846 0.5596391
vt 0.75 0.203125
vt 0 0
vt 0.6935153 0.40831453
vt 0.6666193 0.53644216
vt 0.75 0
vt 1 0.40624219
vt -5.9604645e-08 1.0000002
vt -0.028703213 0.44980022
vt 0.28604126 0.41617987
vt 0.74350238 0.90533632
vt 1.1270826 0.44980025
vt 0.40397611 0.12896389
vt -0.14842905 0.53698963
vt -0.17212766 0.44980022
vt 1.0304008 0.44980025
vt 0.18216002 0.5004189
vt 0.10766029 0.2053113
vt 0.96806628 0.18027571
vt 1.1270826 0.5004189
vt 0.296875 0.40625
vt 0.74073178 0.0039062798
vt 0.75 0.203125
vt 0.75 0
vt 1 0.40624219
vt 0.6666193 0.50013566
vt 0.81965113 0.44980025
vt 0.54161173 0.53504556
vt 0.29943079 0.44980022
vt 0.2435853 0.41238776
vt 0.38377619 0.50182837
vt 0.21419853 0
vt 0.25911927 0.44818616
vt 0.065491922 0.95241892
vt 0.99695575 0.50584662
vt 0 -0.00081636012
vt 0.74073178 0.0039062798
vt 0.042682573 0.44980022
vt -0.45073235 0.4481861
vt 0.515625 0
vt 0.2638841 -0.15544493
vt 0.18221298 0.5004189
vt 1 0.40624219
vt 0.7435469 -0.1179169
vt 1.0879757 0.53746992
vt 0.4375 0.40625
vt 1.1739689 0.5004189
vt 2.9802322e-08 0.40624219
vt 0.50093246 0.44980022
vt 0.515625 0
vt 0.29239374 0.41028726
vt 0.3829813 0.55963898
vt 0.40427226 0.5004189
vt 0 0.203125
vt 4.2170286e-05 1.4901161e-07
vt 1.0304008 0.5004189
vt 0.4375 0.40625
vt 0.097634017 0.44980022
vt 2.9802322e-08 0.40624219
vt 0.54161173 0.50180167
vt 0.49595416 0.41028726
vt 0.72081113 1.0304481
vt 1.2855051 0.41028723
vt 0.70832837 0.50042635
vt 0.9041543 0.44980025
vt 0.6935153 0.40831453
vt 0.96807718 0.17930052
vt 0.75331122 1
vt -0.028068721 0.44980022
vt 0.25895524 0
vt 0.26393265 0.92766833
vt -0.12529439 0.44980022
vt 0.28604126 0.41617987
vt 0.32316753 0.53504556
vt 2.9802322e-08 0.40624219
vt 1.0304008 0.44980025
vt 0.65954733 0.10330385
vt 0.59792376 0.5004189
vt 0.26393265 0.5034402
vt -0.00034284592 0.0053359321
vt 0 0.40673915
vt 1.0879757 0.41028726
vt 0.45874679 0.45278448
vt 0.25895524 0
vt 0.46713853 0.53644216
vt 0.75331122 1
vt 0.50173777 1
vt 0.70832837 0.44740814
vt 0.29943079 0.44980022
vt 0.2435853 0.41238776
vt -0.0003426075 0.12491626
vt 0.74350238 0.82108575
vt 0.065491922 0.95241892
vt -0.028559923 0.50041884
vt 0.45874679 0.45278448
vt 1 0
vt 0.80696833 0.53698963
vt 0.25895524 0
vt 0.7435025 -0.023868755
vt 0.46713853 0.44818616
vt 0.38377619 0.53698963
vt 0.50173777 1
vt 0.85112441 0.41335449
vt 0.7435469 -0.1179169
vt 0.19685084 0.31679958
vt -0.12527227 0.50041884
vt 0.86452794 0.50180167
vt 0.44040805 0.59975117
vt 0.99695623 0.82744312
vt 0.24637583 1
vt 0.57220715 0.5004189
vt 0.50093246 0.44980022
vt 1 0
vt 1.432532 0.41028723
vt 0.99732351 0.062272698
vt 0.92538261 0.91273218
vt -0.0003426075 0.81162339
vt 0.70832837 0.53747004
vt 0.671875 0.203125
vt 0.24637583 1
vt 0.72081113 1.0304481
vt 8.2850456e-06 -1.4901161e-07
vt 0.68883169 0.60337919
vt 1 0
vt 1.2855051 0.41028723
vt 0.70832837 0.50042635
vt 2.9802322e-08 0.203125
vt 0.36075103 0.10614961
vt -0.028068721 0.44980022
vt -0.064693928 0.44965619
vt 0.75331116 1
vt 0.26393265 0.92766833
vt 1.1270831 0.5004189
vt 0.8703686 0.44980022
vt 0.99695623 0.91273218
vt 0.80696833 0.44773307
vt 0.65954733 0.10330385
vt 0.671875 0.203125
vt 0.26393265 0.5034402
vt 0.45874679 0.40624219
vt 0.4375 0.203125
vt 1.0601245 0.50180167
vt 0.6667785 0.077495456
vt -0.064693928 0.50180167
vt 0.26393265 0.605129
vt 2.9802322e-08 0.203125
vt 0 0.203125
vt 0 0
vt 1 0.203125
vt 0 0
vt 0.75331116 1
vt 0.54125321 0.55111891
vt 0.12507126 0.44965622
vt 0.70832837 0.44740814
vt 1.0304229 0.5004189
vt 0.21875 0
vt 0.99634755 1.1376847
vt 0.92538249 0.098960996
vt 0.46713853 0.50013566
vt 0.4375 0.203125
vt 0.74350238 0.82108575
vt 0.45874679 0.40624219
vt 0.54161173 0.44965622
vt 2.9802322e-08 0.203125
vt 0 0.203125
vt 1 0.203125
vt 0 0
vt 0.49595416 0.53747004
vt 0.75331116 1
vt 0.2435853 0.44773307
vt 0.54125321 0.55111891
vt 0.21875 0
vt 0.19685084 0.31679958
vt -0.11286631 0.5001356
vt -0.085013226 0.44773307
vt 0.4375 0.203125
vt 0 0.40673915
vt 0.44040805 0.59975117
vt 0.26393276 0.40175048
vt 0.99626094 0.50180167
vt 0.18206924 0.5004189
vt 0.055311039 0.53698963
vt 0.61705911 0.55963898
vt 0.21875 0.203125
vt 0.49826199 0
vt 0.21419853 0.203125
vt 0.90415406 0.5004189
vt 0.99695563 0.18425062
vt 1.432532 0.41028723
vt 0.28604126 0.60041702
vt 0.702411 0.5004189
vt 0.54125321 0.55111891
vt 0.21875 0
vt 0.92538261 0.91273218
vt 0.49826199 0
vt 0.21875 0.203125
vt 0.7764321 0.55111891
vt 0.21419853 0.203125
vt 0.99999154 0.44773307
vt 0.26562184 0.44980022
vt 1.0879757 0.44740811
vt 1.1270831 0.5004189
vt 0.063065231 0.12491626
vt 0.99999154 0.41238776
vt 0.99695623 0.91273218
vt 0.61431968 0.12989789
vt 0.26651913 0.50457662
vt 0.49826199 0
vt 1.1739471 0.5004189
vt 0.35014802 0.44980022
vt 0.055311039 0.44773307
vt 0.4303773 0.065070212
vt 0.6667785 0.077495456
vt 0.7764321 0.55111891
vt -0.51626837 0.41180003
vt 0.58455563 0.40175048
vt 0.063065231 0.89201838
vt -0.028612494 0.50041884
vt 0.042682454 0.50041884
vt 0.40421939 0.5004189
vt 0.35014802 0.5004189
vt 0.26651913 0.50457662
vt 0.97269189 -0.027693748
vt 5.9604645e-08 0.55111891
vt 1.029933 0.44980025
vt 1.499269 0.44740811
vt 0.7764321 0.55111891
vt 0.2923938 0.53747004
vt 0.90415424 0.5004189
vt 0.72526586 0.45278448
vt 0.80696833 0.41238776
vt 0.40780252 0.11320239
vt 0.44058365 0.12896866
vt 0 1
vt 0 0.20363684
vt 0.2435853 0.44773307
vt 0.70243347 0.5004189
vt 0.38377619 0.41238776
vt 0.76552641 0.44980022
vt 0.38250855 0.55963898
vt 5.9604645e-08 0.50457662
vt 0.75 0
vt -0.11286631 0.5001356
vt 0.60507929 0.50182837
vt 5.9604645e-08 0.55111891
vt 0.99695611 1.0393867
vt 0.86452794 0.44965625
vt -2.1932647e-07 1.0000002
vt 0.26393276 0.40175048
vt 0.99695623 0.70916784
vt 0 1
vt 0.19685084 0.70013511
vt 5.9604645e-08 0.50457662
vt 0.75 0
vt -0.0003426075 0.60041702
vt 0.38724911 0.1677247
vt 0.64029944 0.084128678
vt 0.055311039 0.41238776
vt 0.90415406 0.44980025
vt 5.9604645e-08 0.55111891
vt 0.59759194 0.44980022
vt 0.99999154 0.53698963
vt 0.53387576 0.70425111
vt 0.70832837 0.41028723
vt 0.46713853 0.41180012
vt 0.60507929 0.44773307
vt 0.61431968 0.12989789
vt 1.1269412 0.44980025
vt 1.1270607 0.44980025
vt 0.296875 0.203125
vt 2.9802322e-08 0.45278448
vt 0.34694028 0.50340712
vt 0.4303773 0.065070212
vt 0.33792275 0.92766857
vt 0.72526586 0.40624219
vt 0.75 0.203125
vt -0.51626837 0.41180003
vt -0.51626837 0.5001356
vt -0.064693987 0.53504556
vt -0.17218041 0.44980022
vt 0.58455563 0.40175048
vt 0.49826211 0
vt 1 0.40625
vt 0.063065231 0.89201838
vt 0.042682454 0.50041884
vt 0.01846981 0.0055300049
vt 1 0.203125
vt 1 1.0000001
vt 0.296875 0.203125
vt -0.0003426075 0.5084818
vt 0.2923938 0.53747004
vt 0.99626094 0.41587746
vt 0.24637589 1
vt -0.3062959 0.4481861
vt 0.49826211 0
vt 1 0.40625
vt -0.064693928 0.4158774
vt 0.26562184 0.5004189
vt 0.40412828 0.5004189
vt 0.70243347 0.5004189
vt 0.2435853 0.53698963
vt 0.99695599 0.30252582
vt 0.097634017 0.5004189
vt 0.6666193 0.53644216
vt 1.1739471 0.44980025
vt -0.12536293 0.44980022
vt 0.296875 0.203125
vt 0.86452794 0.44965625
vt 1.2855051 0.53746992
vt 0.74350238 0.90533632
vt 1.1270826 0.44980025
vt -0.17212766 0.44980022
vt 0.24637589 1
vt 1 0.40625
vt 0.14010064 0.50041884
vt 0.40427282 0.44980022
vt 0.29937726 0.5004189
vt 0.14887583 0.41335467
vt 0.74350226 0.1014771
vt 0.40289709 0.065516174
vt 0.74350238 0.59975117
vt 0.64029944 0.084128678
vt 0.59759194 0.44980022
vt 0.24637589 1
vt 0.99999976 0.99999976
vt 0.25911927 0.44818616
vt 1 0.45278448
vt 0.031329907 0.4481861
vt 0.59421194 0.50584662
vt 0.28859603 1.0597219
vt 1.1738343 0.44980025
vt 1.0879757 0.53746992
vt 0.065822229 0.95281136
vt 0.34694028 0.50340712
vt -1.7881393e-07 -1.7881393e-07
vt 0.38293022 0.5596391
vt 1 0.45278448
vt 0.43528634 0.11320144
vt 0.43038109 0.028921127
vt 0.99626094 0.44965625
vt 0.90962636 0.32558456
vt 0.99999154 0.50182837
vt -0.17210627 0.50041884
vt 0.29239374 0.41028726
vt 0.01846981 0.0055300049
vt -0.11286631 0.41180006
vt 0.64050096 0.12270868
vt 1 0
vt 0.54161173 0.50180167
vt 0.80696833 0.50182837
vt 0.60507929 0.41238776
vt 0.32316753 0.50180167
vt 0.031329907 0.41180006
vt 0.2435853 0.53698963
vt 0.99695563 0.60337919
vt 0.28859603 -0.052968636
vt 1.0601245 0.41587746
vt -0.12536293 0.44980022
vt -0.12529439 0.44980022
vt 1.1270826 0.44980025
vt 1 0
vt 0.659217 0.10291141
vt -0.12524128 0.44980022
vt -0.45073235 0.41180003
vt 0.99626094 0.53504562
vt 0.87807196 0.18425062
vt 1.1739689 0.5004189
vt 0.29937726 0.5004189
vt 0.46713853 0.53644216
vt 0.8703686 0.5004189
vt 0.74350226 0.1014771
vt 0.2435853 0.50182837
vt 0.61431968 0.077249527
vt 0.70228964 0.5004189
vt 0.031329907 0.5001356
vt -0.085013226 0.50182837
vt 0.6666193 0.44818616
vt -0.0042038113 0.50041884
vt 1 0
vt 0.67407733 0.90533632
vt 0.46736509 0.5004189
vt 0.065491922 0.95241892
vt 0.2638841 1.1621974
vt 0.01846981 1.0114049
vt 0.50078785 0.44980022
vt 0.90417719 0.44980025
vt 1.0000001 8.9406967e-08
vt 0.12507126 0.50180167
vt 0.58455575 0.60512865
vt 0.065822229 0.95281136
vt 0.066008426 0.95227635
vt 0.43528634 0.11320144
vt 0.99695623 0.82744312
vt 0.54161173 0.41587746
vt 1.1270609 0.5004189
vt 0.99999154 0.50182837
vt 0.34258366 0.060709655
vt 0.74350238 0.40706211
vt -0.00037944317 1.0895715
vt 0.36106974 0.10646677
vt 0.33792251 0.079084158
vt 0.40290177 0.028921127
vt 3.1203032e-05 1.4901161e-07
vt 0 0
vt 0.40412828 0.44980022
vt 0.36075103 0.10614961
vt 0.81965053 0.5004189
vt 1.0601245 0.41587746
vt 0.97269261 1.0393867
vt 0.50173783 1
vt 0.38965309 0.094890475
vt 0.659217 0.10291141
vt 0.65954733 0.10330385
vt 1.0601245 0.44965625
vt 0.25911927 0.41180006
vt 1 0
vt -0.085013226 0.53698963
vt 1.0601245 0.50180167
vt -0.51626837 0.5364421
vt 0.12507126 0.53504556
vt 0.8703686 0.5004189
vt 0.61703545 0.55963874
vt 0.2435853 0.50182837
vt 0.50173783 1
vt -0.14842905 0.44773307
vt 0.4485296 0.04721576
vt 0.0026432574 0.062272787
vt 0.6666193 0.41180012
vt 0.57220715 0.44980022
vt -0.0042038113 0.50041884
vt 0.81962818 0.44980025
vt 0.67407733 0.90533632
vt 1.0879757 0.50042635
vt 0.7764321 0.50457662
vt -0.028559923 0.50041884
vt 1 0
vt 0.54161173 0.44965622
vt 1 0.55111891
vt 0.78345239 0.70916784
vt 0.40397611 0.15644813
vt 0.86452794 0.53504556
vt 0.37915671 0.08815378
vt 0.01846981 1.0114049
vt 0.94060034 0.44740811
vt 0.25895521 0
vt 0.671875 0.40625
vt 0.78345227 0.30252582
vt 0.12507126 0.50180167
vt 0.58455575 0.60512865
vt 0.29943013 0.5004189
vt 0.74350238 0.50340664
vt -0.085013226 0.44773307
vt 0.7764321 0.50457662
vt 1.499269 0.50042623
vt 0.99626094 0.50180167
vt 0.54161173 0.41587746
vt 0.14827755 0.41335467
vt 0.34258366 0.060709655
vt 0.74350238 0.40706211
vt -2.7893111e-07 -1.7881393e-07
vt 1.0298796 0.44980025
vt 0.90415406 0.5004189
vt 0.25895521 0
vt 0.26393265 0.079084158
vt -0.3062959 0.41180006
vt 0.74073184 0.0039062798
vt 0.92538261 0.91273218
vt -0.0003426075 0.81162339
vt 0.67908669 0.41587746
vt 0.40290177 0.028921127
vt 0.702411 0.44980022
vt -0.028091073 0.44980022
vt 0.40412828 0.44980022
vt 0.99999154 0.44773307
vt 0.36075103 0.10614961
vt 0.99634731 -0.12599152
vt -1.7881393e-07 1.0000002
vt 1.1739689 0.44980025
vt 1.0879757 0.44740811
vt 0.97269261 1.0393867
vt 0.46736503 0.44980022
vt 1.1270831 0.5004189
vt 0.74073184 0.0039062798
vt -0.00034284592 1.0115989
vt 0.80696833 0.44773307
vt 0.12507126 0.41587743
vt 0.18216005 0.44980022
vt 1.0601245 0.44965625
vt 0.0026765168 0.062272877
vt 1.0721117 0.5004189
vt 0.7435469 1.12473
vt 1.0601245 0.50180167
vt -0.51626837 0.5364421
vt 0.12507126 0.53504556
vt 0.40421939 0.44980022
vt 0.50087911 0.5004189
vt 0.26393265 -0.05322291
vt 0.26393241 1.0599761
vt 0.29239374 0.44740817
vt -0.028612494 0.50041884
vt 0.6666193 0.41180012
vt 1.432532 0.50042623
vt -0.3062959 0.5001356
vt 0.99634755 1.1376847
vt 0.21419853 0
vt 0.35014802 0.5004189
vt 0.44040793 0.40706211
vt 1.029933 0.44980025
vt 1 1
vt 0.40397611 0.15644813
vt 0.90415424 0.5004189
vt -0.14842905 0.41238776
vt 0.2435853 0.44773307
vt 0.78345227 0.30252582
vt 0.54125321 0.50457662
vt 0.21419853 0
vt 1 1
vt 0.515625 0.203125
vt 0.99999976 -2.9802322e-08
vt 0.87807256 0.82744312
vt 0.60507929 0.50182837
vt 1.0721117 0.44980022
vt 0.74073178 0.0039062798
vt 0.99626094 0.50180167
vt 0.40781161 0.076596797
vt 1.0298796 0.44980025
vt 0.8510499 0.41335449
vt -5.9837475e-08 0
vt 0 0.203125
vt 0.70228964 0.44980022
vt 0.055311039 0.50182837
vt -0.3062959 0.41180006
vt 1 1
vt 0.86452794 0.41587746
vt 0.25911927 0.50013566
vt 0.43528634 0.076600611
vt 1.197633 0.5004189
vt 0.515625 0.203125
vt 0.4375 0.40625
vt 0.23517889 0.40624219
vt 0.81989765 0.44980025
vt 0.49595416 0.50042635
vt 0.29937726 0.44980022
vt 1.2950513 0.44980025
vt 0.99999154 0.53698963
vt 0.296875 0.40625
vt 0.515625 0
vt 0.99634731 -0.12599152
vt 0.70832837 0.41028723
vt 1.1739689 0.44980025
vt -4.2140484e-05 5.9604645e-08
vt 0 0.203125
vt 0.46736503 0.44980022
vt 0.75 0.203125
vt 0.62109464 0.10360718
vt 1 1
vt 0.4375 0.40625
vt 0.81989765 0.5004189
vt 0.515625 0.203125
vt 0.75 0
vt 0.12507126 0.41587743
vt 1.1269412 0.44980025
vt 1.1270607 0.44980025
vt -0.12538493 0.50041884
vt 0.29928625 0.44980022
vt 0.18216005 0.44980022
vt 1 0.40624219
vt 0.59759146 0.5004189
vt 0.7435469 1.12473
vt 0.33792275 0.92766857
vt 0.99695551 -0.027693748
vt 0.7340228 0.50112522
vt -0.51626837 0.41180003
vt 1.0000085 -1.4901161e-07
vt 0.296875 0.40625
vt 0.99695575 0.098960996
vt 0.50087911 0.5004189
vt 0.75331122 1
vt 0.60507929 0.53698963
vt 0.097543091 0.5004189
vt 0.75 0.203125
vt 1.432532 0.50042623
vt 0.75 0
vt 0.26393265 0.71542692
vt 1.2950513 0.5004189
vt 0.81962818 0.5004189
vt -0.45073235 0.5001356
vt 1 0.40624219
vt 0.44040793 0.40706211
vt 1.029933 0.44980025
vt -0.14842905 0.50182837
vt 0.3829411 0.55963898
vt 0 0.54947776
vt 0.76552641 0.5004189
vt 0.99626094 0.41587746
vt 0.90415424 0.5004189
vt 0.25895524 0
vt 0.45874679 0.45278448
vt 0.74350202 0.30256236
vt 0.32316756 0.44965622
vt 0.515625 0
vt 1.1739471 0.44980025
vt 0.87807256 0.82744312
vt 0.32316753 0.41587743
vt -0.3062959 0.5364421
vt 0.097687304 0.44980022
vt 0.86452794 0.44965625
vt 0.45874679 0.45278448
vt 0.5009318 0.5004189
vt 0.50087911 0.44980022
vt -0.45073235 0.5364421
vt 0.90417653 0.5004189
vt 0.097686768 0.5004189
vt -0.085013226 0.41238776
vt 0.515625 0
vt 0.94060034 0.41028726
vt 1.1976331 0.44980025
vt 1.197633 0.5004189
vt -0.00034284592 0.41618007
vt 0.81989765 0.44980025
vt 0.34258366 0.08815378
vt 0.29937726 0.44980022
vt 0.59759194 0.44980022
vt 1.2950513 0.44980025
vt 0.99999154 0.53698963
vt 0.29928625 0.5004189
vt 0.031329907 0.4481861
vt -0.17224926 0.44980022
vt 0.90956366 0.32558456
vt 0.68320894 0.5034402
vt 0.81989765 0.5004189
vt -0.17227119 0.50041884
vt 0.67908669 0.53504556
vt 1.1270607 0.44980025
vt 0.90956366 0.32558438
vt 0.48590243 0.71542692
vt 0.29928625 0.44980022
vt 0.090436488 0.32558438
vt 0.67908669 0.50180167
vt 0.67407715 0.1014771
vt -0.11286631 0.5364421
vt 0.66886675 0.44980022
vt 0.74350226 0.70425111
vt 0.5338757 0.30256236
vt -0.17215842 0.50041884
vt 0 0
vt 0.43038109 0.028921127
vt 0.60507929 0.53698963
vt -0.17210627 0.50041884
vt -0.0003426075 0.70013523
vt 1.2950513 0.5004189
vt 0.50173777 1
vt 0.45874679 0.40624219
vt 0.59792376 0.44980022
vt 1.432532 0.44740814
vt -0.14842905 0.50182837
vt 0.99626094 0.41587746
vt -0.00037944317 -0.072636597
vt 0 0
vt 0.74350202 0.30256236
vt 0.031329907 0.41180006
vt 0.2435853 0.53698963
vt 0.10432041 0.81162328
vt 1.1739471 0.44980025
vt 0.4375 0.203125
vt 0.32316753 0.41587743
vt -0.3062959 0.5364421
vt 0.50173777 1
vt 0.98758566 0.5004189
vt 1.2855051 0.53746992
vt 1 0.50457662
vt 0.50087911 0.44980022
vt -0.45073235 0.5364421
vt -0.45073235 0.41180003
vt 0.14010064 0.44980022
vt 0.59744745 0.44980022
vt 1.2855051 0.50042623
vt 0.99626094 0.53504562
vt -2.3865141e-07 1
vt 0.74350238 0.18572773
vt 0.87807196 0.18425062
vt -0.12521994 0.50041884
vt 0.70243406 0.44980022
vt 0 0
vt 0.24637583 1
vt 0.7435025 1.0306822
vt 0.54125321 0.55111891
vt -0.00034284592 0.41618007
vt 0.2923938 0.50042635
vt 1 0.50457662
vt 0.21875 0.203125
vt 0.002591759 0.062272787
vt 0.46736509 0.5004189
vt 0.21419853 0.203125
vt 0.24637583 1
vt 0.99695575 0.40831438
vt -0.17224926 0.44980022
vt 0.96807694 0.18027559
vt -0.0042038113 0.44980022
vt 0.67908669 0.53504556
vt 0.74073178 0.0039062798
vt 0.50078785 0.44980022
vt 0.90417719 0.44980025
vt 0.72081113 -0.023634687
vt 1 0.50457662
vt 1.029917 0.5004189
vt 0.21875 0.203125
vt 0.49826199 0
vt 0.74350226 0.70425111
vt 0.066008426 0.95227635
vt 0.671875 0.203125
vt 0.43528634 0.11320144
vt 0.21419853 0.203125
vt 1.1270609 0.5004189
vt 0.38301498 0.5596391
vt 1 0.203125
vt 1 1.0000002
vt -0.17210627 0.50041884
vt 0.097543091 0.44980022
vt 0.36106974 0.10646677
vt 0.50004226 0.58889592
vt 0 0.203125
vt 0.75331116 1
vt -0.11286631 0.4481861
vt 0 0
vt 0.49995774 0.58889568
vt 0.26651913 0.50457662
vt 0.85109025 0.41335449
vt 0.7764321 0.55111891
vt 0.94060034 0.53747004
vt 0.62734348 0.82108563
vt 0.45874679 0.40624219
vt 0.94060034 0.50042635
vt 1 0.203125
vt 0 0.203125
vt 0.23517889 0.40624219
vt 0.25911927 0.5364421
vt 0.81965053 0.5004189
vt 0 0
vt 1.0601245 0.41587746
vt 0.37915671 0.060704887
vt 0.64037836 0.10343879
vt 0.66886675 0.5004189
vt 0.65973353 0.10276884
vt -0.0003426075 0.2053113
vt 0.50078785 0.5004189
vt 0.18206921 0.44980022
vt 1.0000085 5.9604645e-08
vt -0.45073235 0.41180003
vt 0.72526586 0.45278448
vt 0 0.54947776
vt 0.67908669 0.44965622
vt 1.2855051 0.50042623
vt 0.62734336 0.18572773
vt 0.74350238 0.18572773
vt 0.87807196 0.18425062
vt 0.70243406 0.44980022
vt 0.37523174 0.5084818
vt 0.44058365 0.15644431
vt 0.23517889 0.40624219
vt 0.2435853 0.50182837
vt -0.14842905 0.44773307
vt 1.0601245 0.53504562
vt 0.4485296 0.04721576
vt 0.99733394 0.062272787
vt 0.57220715 0.44980022
vt 0.72526586 0.45278448
vt 0.81962818 0.44980025
vt 0.26393265 0.16772509
vt 0.18221366 0.44980022
vt 1.499269 0.53746992
vt 0.78345239 0.70916784
vt 0.23517889 0.40624219
vt 1.432532 0.53746992
vt 0.01846981 1.0114049
vt 0.66672039 0.12938303
vt 0.50078785 0.44980022
vt 0.72081113 -0.023634687
vt 0.90417719 0.44980025
vt 0 0.20363684
vt 0.74350238 0.50340664
vt 0.066008426 0.95227635
vt 1.499269 0.50042623
vt 0.23517889 0.45278448
vt 0.40397611 0.12896389
vt 0.18216002 0.5004189
vt 0.10766029 0.2053113
vt 0.097543091 0.44980022
vt 0.34258366 0.060709655
vt -0.0282197 0.50041884
vt 1 0.203125
vt 1.1270826 0.5004189
vt -0.11286631 0.4481861
vt 0.96807694 0.17930052
vt 0.62734348 0.82108563
vt 2.9802322e-08 0.40625
vt 0.42228514 0.17459679
vt 0.6666193 0.50013566
vt 0.23517889 0.45278448
vt -0.028091073 0.44980022
vt 0.38377619 0.50182837
vt 1 0.203125
vt 0.99695575 0.50584662
vt 0 1
vt 0.65973353 0.10276884
vt 0.042682573 0.44980022
vt -0.45073235 0.4481861
vt 5.9604645e-08 0.50457662
vt 0.2638841 -0.15544493
vt 0.18221298 0.5004189
vt 2.9802322e-08 0.40625
vt 5.9604645e-08 0.55111891
vt 0.75 0
vt 0.67908669 0.44965622
vt 1 0.40625
vt -0.085013226 0.53698963
vt 0.37523174 0.5084818
vt 1.1739689 0.5004189
vt 0.40421939 0.44980022
vt 0 1
vt 0.29239374 0.44740817
vt 1.0601245 0.53504562
vt 0.57220715 0.44980022
vt -0.3062959 0.5001356
vt 0.81962818 0.44980025
vt 5.9604645e-08 0.50457662
vt 0.75 0
vt 0.40427226 0.5004189
vt 2.9802322e-08 0.40625
vt 2.9802322e-08 0.45278448
vt 0.18221366 0.44980022
vt 1.0304008 0.5004189
vt 0.78345239 0.70916784
vt 0.59744745 0.5004189
vt 0.097634017 0.44980022
vt 0.72526586 0.40624219
vt 0.75 0.203125
vt 0.49595416 0.41028726
vt 0.9041543 0.44980025
vt 0.74350238 0.50340664
vt 2.9802322e-08 0.45278448
vt 1 0.40673915
vt 0.26393265 0.83874393
vt 1 0.45278448
vt 0.40781161 0.076596797
vt 0.28604126 0.41617987
vt 0.32316753 0.53504556
vt 0.40397611 0.12896389
vt 0.75 0.203125
vt 0.72526586 0.40624219
vt 0.59792376 0.5004189
vt 1.0298796 0.44980025
vt 0.49826211 0
vt -0.00034284592 0.0053359321
vt 1.0879757 0.41028726
vt 1.1270826 0.5004189
vt -0.3062959 0.41180006
vt 0.73406255 0.50112522
vt 2.9802322e-08 0.45278448
vt 0.49595416 0.44740817
vt 0.031329896 0.5364421
vt 0.42228514 0.17459679
vt 0.49595416 0.50042635
vt 1 0.45278448
vt -0.51626837 0.4481861
vt 0.2435853 0.41238776
vt 0.72526586 0.40624219
vt 0.75 0.203125
vt -0.0003426075 0.12491626
vt 1.1739689 0.44980025
vt 0.99695575 0.50584662
vt 0.49826211 0
vt 0.46736503 0.44980022
vt 0.80696833 0.53698963
vt 0.46713853 0.44818616
vt 0.12507126 0.41587743
vt 0.2638841 -0.15544493
vt 1.3419377 0.44980025
vt 0.38377619 0.53698963
vt 1.3419377 0.5004189
vt 0.7435469 -0.1179169
vt 0.18216005 0.44980022
vt 1.0721117 0.5004189
vt 0.7435469 1.12473
vt 0.38300461 0.5596391
vt 0.38377619 0.44773307
vt 0.99695551 -0.027693748
vt -0.12527227 0.50041884
vt 0.86452794 0.50180167
vt 0.26393265 -0.05322291
vt 1.0000427 -5.9604645e-08
vt 0.29239374 0.44740817
vt 0.50093246 0.44980022
vt 1.432532 0.50042623
vt 0.26393265 0.71542692
vt 0.81962818 0.5004189
vt 0.50003117 0.58889592
vt 0.26393253 0.29145283
vt 0.70832837 0.53747004
vt 0.76552641 0.5004189
vt 0.59744745 0.5004189
vt 1 0.40673915
vt 0.72081113 1.0304481
vt 0.68883169 0.60337919
vt 0.32316756 0.44965622
vt 1.2855051 0.41028723
vt 0.70832837 0.50042635
vt 0.9041543 0.44980025
vt 0.097687304 0.44980022
vt -0.064693928 0.44965619
vt 0.26393265 0.83874393
vt 0.8703686 0.44980022
vt 0.5009318 0.5004189
vt 0.32316753 0.53504556
vt 0.90417653 0.5004189
vt 0.26393265 0.5034402
vt 0.48590231 0.29145283
vt -0.064693928 0.50180167
vt 0.94060034 0.41028726
vt 0.12507126 0.44965622
vt 0.34258366 0.08815378
vt 0.81989765 0.44980025
vt 0 0
vt 0.92538249 0.098960996
vt 0.46713853 0.50013566
vt 1.2950513 0.44980025
vt 0.74350238 0.82108575
vt 0.62109464 0.10360718
vt -0.17227119 0.50041884
vt 5.9604645e-08 5.9604645e-08
vt 0.48590243 0.71542692
vt 0.49595416 0.53747004
vt 0 0
vt 0.67407715 0.1014771
vt -0.11286631 0.5364421
vt 0.99695551 -0.027693748
vt 0.38377619 0.44773307
vt 0.19685084 0.31679958
vt -0.12527227 0.50041884
vt 0.86452794 0.50180167
vt 0.50173783 1
vt 0.18206924 0.5004189
vt 0.055311039 0.53698963
vt 0.98758566 0.44980025
vt 0.26393265 0.71542692
vt -0.0003426075 0.70013523
vt 1.432532 0.41028723
vt 0.28604126 0.60041702
vt 0.59792376 0.44980022
vt 0.26393253 0.29145283
vt 1.2855051 0.44740814
vt -0.00037944317 -0.072636597
vt 0.50173783 1
vt 0.32316756 0.44965622
vt 0.063065231 0.12491626
vt 0.99999154 0.41238776
vt 0.99695623 0.91273218
vt 0.5009318 0.5004189
vt 0.59744745 0.44980022
vt 0.48590231 0.29145283
vt 0.25895521 0
vt -2.1327287e-07 1.0000002
vt 0.35014802 0.44980022
vt 0.055311039 0.44773307
vt 0.6667785 0.077495456
vt 1.1739471 0.5004189
vt -0.064693928 0.50180167
vt 0.7764321 0.50457662
vt 0.40421939 0.5004189
vt 0.92538249 0.098960996
vt 0.46713853 0.50013566
vt 1.4992688 0.41028726
vt 0.97269189 -0.027693748
vt 5.9604645e-08 -5.9604645e-08
vt 1 0.54947776
vt 1.499269 0.44740811
vt -0.17227119 0.50041884
vt 0.80696833 0.41238776
vt 0.40780252 0.11320239
vt 0.44058365 0.12896866
vt 0.48590243 0.71542692
vt 0.38377619 0.41238776
vt 0.76552641 0.44980022
vt 0.67908669 0.50180167
vt -0.11286631 0.5001356
vt 1 0.55111891
vt 1 0
vt -0.028703213 0.44980022
vt 0.99695623 0.70916784
vt 0.28604126 0.60041702
vt 0.002602458 0.062272698
vt 0.671875 0.40625
vt 0.26651913 0.55111891
vt 0.19685084 0.70013511
vt 1.2855051 0.44740814
vt -2.3841858e-07 1.0000002
vt -0.0003426075 0.60041702
vt 0.38724911 0.1677247
vt 1 0.55111891
vt -0.00037944317 -0.072636597
vt 0.055311039 0.41238776
vt 1 0
vt 0.54125321 0.50457662
vt 0.25911927 0.5364421
vt 0.53387576 0.70425111
vt 0.46713853 0.41180012
vt 0.60507929 0.44773307
vt 0.671875 0.40625
vt -0.0003426075 0.8920185
vt 0.26651913 0.55111891
vt 0.99999154 0.41238776
vt 0.50078785 0.5004189
vt 0.96811759 0.17930052
vt 1.0000001 8.9406967e-08
vt 0.14896101 0.41335449
vt 1 0.55111891
vt 0.38724923 0.83874315
vt 0.62734336 0.18572773
vt 0.35014802 0.44980022
vt 0.055311039 0.44773307
vt 0.4303773 0.065070212
vt 0.44058365 0.15644431
vt 0.70243406 0.44980022
vt 0.54125321 0.50457662
vt -0.51626837 0.5001356
vt -0.064693987 0.53504556
vt -0.17218041 0.44980022
vt 0.671875 0.40625
vt 0.063065231 0.89201838
vt 0.26651913 0.55111891
vt 0.042682454 0.50041884
vt -2.3841858e-07 0
vt 1.499269 0.53746992
vt 1.499269 0.44740811
vt -0.0003426075 0.5084818
vt 0.2923938 0.53747004
vt 0.54125321 0.50457662
vt 0.80696833 0.41238776
vt 0.90960401 0.32558456
vt -0.00034284592 0.31679958
vt 0.26562184 0.5004189
vt 0.66672039 0.12938303
vt 0.40412828 0.5004189
vt 0.70243347 0.5004189
vt 0.38377619 0.41238776
vt 0.99695599 0.30252582
vt 0.097634017 0.5004189
vt 0.6935153 0.40831453
vt 0.6666193 0.53644216
vt 0.76552641 0.44980022
vt 0.296875 0.40625
vt -0.028703213 0.44980022
vt -0.14842905 0.53698963
vt 0.74350238 0.90533632
vt 0.99995738 1.4901161e-07
vt 0.18216002 0.5004189
vt -0.17212766 0.44980022
vt 1 0.40624219
vt 0.40427282 0.44980022
vt 0.21419853 0
vt 0.94060034 0.53747004
vt -0.0003426075 0.60041702
vt 0.81965113 0.44980025
vt 0.74350238 0.59975117
vt 0.64029944 0.084128678
vt 0.54161173 0.53504556
vt 0.74073178 0.0039062798
vt 0.25911927 0.44818616
vt 1 0.40624219
vt 0.46713853 0.41180012
vt 0.99996829 1.4901161e-07
vt 0.59421194 0.50584662
vt 0.21419853 0
vt 0.38724923 0.83874315
vt 0.74073178 0.0039062798
vt 1.1738343 0.44980025
vt 0.62734336 0.18572773
vt 1.0879757 0.53746992
vt 0.34694028 0.50340712
vt 0.515625 0
vt 1.1739689 0.5004189
vt -0.51626837 0.5001356
vt 0 0.203125
vt 0.99626094 0.44965625
vt 0.4375 0.40625
vt 0.29239374 0.41028726
vt 2.9802322e-08 0.40624219
vt -0.11286631 0.41180006
vt 0.74073178 0.0039062798
vt 0.515625 0
vt 0.64050096 0.12270868
vt 0.54161173 0.50180167
vt 0.80696833 0.50182837
vt 0 0.203125
vt 0.60507929 0.41238776
vt -0.00034284592 0.31679958
vt 0.26562184 0.5004189
vt 0.75331122 1
vt 0.4375 0.40625
vt 0.6935153 0.40831453
vt 2.9802322e-08 0.40624219
vt 0.99695563 0.60337919
vt 0.28859603 -0.052968636
vt -0.028068721 0.44980022
vt -0.12536293 0.44980022
vt -0.12529439 0.44980022
vt 0.74350238 0.90533632
vt 1.1270826 0.44980025
vt 0.25895524 0
vt -0.12524128 0.44980022
vt 0.59792376 0.5004189
vt 1.0304008 0.44980025
vt 0.75331122 1
vt 0.40427282 0.44980022
vt 1.1739689 0.5004189
vt 2.9802322e-08 0.40624219
vt 0.46713853 0.53644216
vt 0.74350226 0.1014771
vt 0.61431968 0.077249527
vt 0.70228964 0.5004189
vt 0.6666193 0.44818616
vt 0.81965113 0.44980025
vt -0.085013226 0.50182837
vt 0.54161173 0.53504556
vt 0.29943079 0.44980022
vt 0.74350238 0.59975117
vt 0.25895524 0
vt 0.45874679 0.45278448
vt -0.0003426075 0.12491626
vt 0.75331122 1
vt 0.065491922 0.95241892
vt 0.99695575 0.50584662
vt 0.50173777 1
vt 0.59421194 0.50584662
vt 0.7435025 -0.023868755
vt 0.46713853 0.44818616
vt 0.2638841 -0.15544493
vt 0.2638841 1.1621974
vt 0.7435469 -0.1179169
vt 0.99999976 -2.9802322e-08
vt 0.45874679 0.45278448
vt 1.0879757 0.53746992
vt 0.065822229 0.95281136
vt 0.25895524 0
vt 1 0
vt 0.50173777 1
vt 0.99695623 0.82744312
vt 0.57220715 0.5004189
vt 0.99999154 0.50182837
vt -0.00037944317 1.0895715
vt 0.40427226 0.5004189
vt 0.33792251 0.079084158
vt -3.1679869e-05 -5.9604645e-08
vt 0.24637583 1
vt 1 0
vt 0.80696833 0.50182837
vt 1.0000001 1.4901161e-07
vt 0.72081113 1.0304481
vt 0.671875 0.203125
vt -0.028068721 0.44980022
vt -0.064693928 0.44965619
vt 0.24637583 1
vt 0.26393265 0.92766833
vt -0.12529439 0.44980022
vt 0.8703686 0.44980022
vt 1 0
vt 0.38965309 0.094890475
vt -0.12524128 0.44980022
vt 0.65954733 0.10330385
vt 0.26393265 0.5034402
vt 1 0.40625
vt 0.25911927 0.41180006
vt 0.75331116 1
vt 0.26393265 0.605129
vt 0.46713853 0.53644216
vt 0.8703686 0.5004189
vt 0.671875 0.203125
vt 0.45874679 0.40624219
vt 0.6666193 0.44818616
vt 0.12507126 0.44965622
vt 0.70832837 0.44740814
vt 1.0304229 0.5004189
vt -0.0042038113 0.50041884
vt -0.085013226 0.50182837
vt 2.9802322e-08 0.203125
vt 0 0.203125
vt 1 0.203125
vt 0 0
vt 0.74350238 0.82108575
vt 0 0
vt -0.028559923 0.50041884
vt 0.75331116 1
vt 0.54161173 0.44965622
vt 0.54125321 0.55111891
vt 0.21875 0
vt 0.86452794 0.53504556
vt 0.7435025 -0.023868755
vt 0.4375 0.203125
vt 0.45874679 0.40624219
vt 0.12507126 0.50180167
vt 0.61706936 0.5596391
vt 2.9802322e-08 0.203125
vt 0.29943013 0.5004189
vt 0.19685084 0.31679958
vt -0.12527227 0.50041884
vt -0.085013226 0.44773307
vt 0 0.203125
vt 0.21875 0.203125
vt 0.44040805 0.59975117
vt 0.99695623 0.82744312
vt 0.18206924 0.5004189
vt 0.54161173 0.41587746
vt 0.055311039 0.53698963
vt 0.57220715 0.5004189
vt 0.54125321 0.55111891
vt 0.21875 0
vt 0.4375 0.203125
vt 0.90415406 0.5004189
vt 0.99695563 0.18425062
vt 1.432532 0.41028723
vt 0.90956342 0.32558456
vt 0.702411 0.5004189
vt 0.26393265 0.079084158
vt 0.92538261 0.91273218
vt -0.0003426075 0.81162339
vt 0.21875 0.203125
vt 0.67908669 0.41587746
vt 0.21419853 0.203125
vt 0.40290177 0.028921127
vt 0.54125321 0.55111891
vt 0.21875 0
vt 0.702411 0.44980022
vt 0.68883169 0.60337919
vt 0.40412828 0.44980022
vt 0.99999154 0.44773307
vt 0.26562184 0.44980022
vt 0.36075103 0.10614961
vt 1.0879757 0.44740811
vt 0.26651913 0.50457662
vt 0.49826199 0
vt 1.1270831 0.5004189
vt 0.8703686 0.44980022
vt 0.21875 0.203125
vt 0.38965309 0.094890475
vt 0.21419853 0.203125
vt 0.80696833 0.44773307
vt 1.0601245 0.44965625
vt 1.0601245 0.50180167
vt 0.26651913 0.50457662
vt 0.49826199 0
vt 0.26393241 1.0599761
vt 0.12507126 0.44965622
vt -0.028612494 0.50041884
vt 1.0304229 0.5004189
vt 0.99634755 1.1376847
vt 0.46713853 0.50013566
vt 0.7764321 0.55111891
vt 0.72526586 0.45278448
vt 0.35014802 0.5004189
vt 0.97269189 -0.027693748
vt 0.54161173 0.44965622
vt 0.86452794 0.53504556
vt -0.14842905 0.41238776
vt 1 -2.9802322e-08
vt 0.26651913 0.50457662
vt 5.9604645e-08 0.55111891
vt 0.2435853 0.44773307
vt 0.72526586 0.45278448
vt 0.7764321 0.55111891
vt -0.11286631 0.5001356
vt 0.60507929 0.50182837
vt -0.085013226 0.44773307
vt 1.0721117 0.44980022
vt 0.99695611 1.0393867
vt 0.26393276 0.40175048
vt 0.99626094 0.50180167
vt 0.18206924 0.5004189
vt 0.055311039 0.53698963
vt 0 1
vt 0.23517889 0.40624219
vt 5.9604645e-08 0.50457662
vt 0.75 0
vt 0.90415406 0.5004189
vt 0.99695563 0.18425062
vt 5.9604645e-08 0.55111891
vt 0.28604126 0.60041702
vt 0.055311039 0.50182837
vt 0.702411 0.5004189
vt 0.26393265 0.079084158
vt 0.72526586 0.45278448
vt 0.19685084 0.70013511
vt 0.25911927 0.50013566
vt 0 1
vt 0.90415406 0.44980025
vt 5.9604645e-08 0.50457662
vt 0.75 0
vt 0.99999154 0.44773307
vt 0.53387576 0.70425111
vt 0.70832837 0.41028723
vt 0.99634731 -0.12599152
vt 1.0879757 0.44740811
vt 0.8511135 0.41335449
vt 5.9604645e-08 0.55111891
vt 0.99999154 0.41238776
vt 0.61431968 0.12989789
vt 1.1269412 0.44980025
vt 0.23517889 0.45278448
vt 0.35014802 0.44980022
vt 0.59759146 0.5004189
vt 0.4303773 0.065070212
vt 0.33792275 0.92766857
vt 0.055311039 0.44773307
vt -0.51626837 0.41180003
vt 1 0.203125
vt -0.17218041 0.44980022
vt 0.99695575 0.098960996
vt 0.50087911 0.5004189
vt 0.58455563 0.40175048
vt 0.296875 0.203125
vt 0.042682454 0.50041884
vt 0.40421939 0.5004189
vt 0.75 0.203125
vt -0.45073235 0.5001356
vt 0.97269189 -0.027693748
vt 0.49826211 0
vt 1 0.40625
vt 1.029933 0.44980025
vt 0.23517889 0.45278448
vt -0.0003426075 0.5084818
vt 0.2923938 0.53747004
vt 0.90415424 0.5004189
vt -0.3062959 0.4481861
vt -0.14842905 0.41238776
vt 1 0.203125
vt -0.064693928 0.4158774
vt 0.296875 0.203125
vt 0.40412828 0.5004189
vt 0.99695599 0.30252582
vt 0.097634017 0.5004189
vt 0.24637589 1
vt 0.87807256 0.82744312
vt 0.60507929 0.50182837
vt 2.9802322e-08 0.40625
vt 1.0721117 0.44980022
vt 0.99695611 1.0393867
vt 0.86452794 0.44965625
vt 1 0.40625
vt 0.296875 0.203125
vt 0.14010064 0.50041884
vt -0.085013226 0.41238776
vt 0.25911927 0.50013566
vt 0.24637589 1
vt 1.1976331 0.44980025
vt 1.197633 0.5004189
vt 1 0.40625
vt 0.40289709 0.065516174
vt 0.64029944 0.084128678
vt 0.90415406 0.44980025
vt 0.59759194 0.44980022
vt 0.29937726 0.44980022
vt 0.99999154 0.53698963
vt 0.53387576 0.70425111
vt 0.70832837 0.41028723
vt 0.031329907 0.4481861
vt 0.68320894 0.5034402
vt 0.28859603 1.0597219
vt 0.81989765 0.5004189
vt 0.24637589 1
vt 1 0.45278448
vt 1.1270607 0.44980025
vt -0.17215842 0.50041884
vt 0.59759146 0.5004189
vt 0.66886675 0.44980022
vt 0.33792275 0.92766857
vt 0.5338757 0.30256236
vt -0.51626837 0.5001356
vt -0.064693987 0.53504556
vt -0.17218041 0.44980022
vt 0.43038109 0.028921127
vt 0.60507929 0.53698963
vt 0.01846981 0.0055300049
vt 1.2950513 0.5004189
vt -0.11286631 0.41180006
vt 0.4485296 0.04721576
vt -0.45073235 0.5001356
vt 1 0.45278448
vt 1.432532 0.44740814
vt 0.64050096 0.12270868
vt 0.99626094 0.41587746
vt 0.40412828 0.5004189
vt 0.74350202 0.30256236
vt 0.32316753 0.50180167
vt 0.031329907 0.41180006
vt 0.2435853 0.53698963
vt 0.10432041 0.81162328
vt 0.99695599 0.30252582
vt 1.1739471 0.44980025
vt 0.99695563 0.60337919
vt 0.28859603 -0.052968636
vt -0.12536293 0.44980022
vt 0.98758566 0.5004189
vt 1.2855051 0.53746992
vt 0.74350238 0.90533632
vt 1.1270826 0.44980025
vt 0.659217 0.10291141
vt 0.50087911 0.44980022
vt 0.14010064 0.44980022
vt 0.14010064 0.50041884
vt 0.99626094 0.53504562
vt 0.40427282 0.44980022
vt -0.12521994 0.50041884
vt 1.1739689 0.5004189
vt 0.29937726 0.5004189
vt 1 0
vt 0.7435025 1.0306822
vt 0.74350226 0.1014771
vt 0.61431968 0.077249527
vt 0.70228964 0.5004189
vt 0.031329907 0.5001356
vt -0.00034284592 0.41618007
vt 0.74350238 0.59975117
vt 0.09041357 0.32558456
vt 0.46736509 0.5004189
vt 0.99695575 0.40831438
vt 0.68320894 0.5034402
vt 0.59421194 0.50584662
vt 1 0
vt 0.67908669 0.53504556
vt 1.0879757 0.53746992
vt 0.58455575 0.60512865
vt 1.029917 0.5004189
vt 0.065822229 0.95281136
vt 0.43528634 0.11320144
vt 0.43038109 0.028921127
vt 1.1270609 0.5004189
vt 0.99999154 0.50182837
vt 0.74350238 0.40706211
vt -0.17210627 0.50041884
vt 0.36106974 0.10646677
vt -0.11286631 0.41180006
vt 0 0
vt 1.432532 0.44740814
vt 0.002676934 0.062272698
vt 0.80696833 0.50182837
vt 0.60507929 0.41238776
vt 0.94060034 0.50042635
vt 0.32316753 0.50180167
vt 0.031329907 0.41180006
vt 0.81965053 0.5004189
vt 1.0601245 0.41587746
vt 0.64037836 0.10343879
vt 0 0
vt -0.0003426075 0.2053113
vt 0.18206921 0.44980022
vt 0.659217 0.10291141
vt -0.45073235 0.41180003
vt 1.2855051 0.50042623
vt 0.99626094 0.53504562
vt 0.87807196 0.18425062
vt 0.50173783 1
vt 1.1739689 0.5004189
vt 0.12507126 0.53504556
vt 0.8703686 0.5004189
vt 0.2435853 0.50182837
vt 0.61431968 0.077249527
vt 0.70228964 0.5004189
vt -0.14842905 0.44773307
vt 0.4485296 0.04721576
vt -0.085013226 0.50182837
vt 0.031329907 0.5001356
vt 1 0
vt 0.67407733 0.90533632
vt 0.26393265 0.16772509
vt 1.0879757 0.50042635
vt 0.50173783 1
vt 0.25895521 0
vt 0.40397611 0.15644813
vt 1.432532 0.53746992
vt 0.2638841 1.1621974
vt 0.37915671 0.08815378
vt 0.01846981 1.0114049
vt 0.94060034 0.44740811
vt 0.50078785 0.44980022
vt 0.90417719 0.44980025
vt 0.7764321 0.50457662
vt 0.58455575 0.60512865
vt 1.029917 0.5004189
vt 1 0.55111891
vt 0.29943013 0.5004189
vt 0.066008426 0.95227635
vt 1.499269 0.50042623
vt 0.25895521 0
vt 0.54161173 0.41587746
vt 1.1270609 0.5004189
vt 0.671875 0.40625
vt 0.10766029 0.2053113
vt 0.34258366 0.060709655
vt 0.74350238 0.40706211
vt -0.00037944317 1.0895715
vt -0.0282197 0.50041884
vt 0.33792251 0.079084158
vt 0.7764321 0.50457662
vt 0.40290177 0.028921127
vt 0.6666193 0.50013566
vt 0.25895521 0
vt 0.702411 0.44980022
vt 0.74073184 0.0039062798
vt -0.028091073 0.44980022
vt 0.40412828 0.44980022
vt 0.36075103 0.10614961
vt 0.81965053 0.5004189
vt 0.7764321 0.50457662
vt 0.97269261 1.0393867
vt 0.042682573 0.44980022
vt -0.45073235 0.4481861
vt -0.00034284592 1.0115989
vt 0.38965309 0.094890475
vt 1.0601245 0.44965625
vt 0.25911927 0.41180006
vt -0.085013226 0.53698963
vt 1.0601245 0.50180167
vt -0.51626837 0.5364421
vt 0.74073184 0.0039062798
vt 0.37523174 0.5084818
vt 0.12507126 0.53504556
vt 0.40421939 0.44980022
vt 0.26393241 1.0599761
vt -0.14842905 0.44773307
vt 1.0601245 0.53504562
vt 0.6666193 0.41180012
vt 0.57220715 0.44980022
vt -0.3062959 0.5001356
vn 1 0 0
vn 1 0 0
vn 1 0 0
vn 1 0 0
vn 1 0 0
vn 1 0 0
vn 1 0 0
vn 1 0 0
vn 0 1 0
vn 0 1 0
vn 0 1 0
vn 0 1 0
vn 1 0 0
vn 1 0 0
vn 1 0 0
vn 1 0 0
vn 0 1 0
vn 0 1 0
vn 0 1 0
vn 0 1 0
vn 0 1 0
vn 0 1 0
vn 0 1 0
vn 0 1 0
vn 0 1 0
vn 0 1 0
vn 0 1 0
vn 0 1 0
vn -1 0 0
vn -1 0 0
vn -1 0 0
vn -1 0 0
vn 0 1 0
vn 0 1 0
vn 0 1 0
vn 0 1 0
vn 0 1 0
vn 0 1 0
vn 0 1 0
vn 0 1 0
vn 0 0 -1
vn 0 0 -1
vn 0 0 -1
vn 0 0 -1
vn 0 1 0
vn 0 1 0
vn 0 1 0
vn 0 1 0
vn 0 0 -1
vn 0 0 -1
vn 0 0 -1
vn 0 0 -1
vn 0 1 0
vn 0 1 0
vn 0 1 0
vn 0 1 0
vn -1 0 0
vn -1 0 0
vn -1 0 0
vn -1 0 0
vn 0 1 0
vn 0 1 0
vn 0 1 0
vn 0 1 0
vn 0 -1 0
vn 0 -1 0
vn 0 -1 0
vn 0 -1 0
vn 0 0 1
vn 0 0 1
vn 0 0 1
vn 0 0 1
vn 0 0 1
vn 0 0 1
vn 0 0 1
vn 0 0 1
vn -1 0 0
vn -1 0 0
vn -1 0 0
vn -1 0 0
vn 0 1 0
vn 0 1 0
vn 0 1 0
vn 0 1 0
vn 1 0 0
vn 1 0 0
vn 1 0 0
vn 1 0 0
vn -1 0 0
vn -1 0 0
vn -1 0 0
vn -1 0 0
vn 0 1 0
vn 0 1 0
vn 0 1 0
vn 0 1 0
vn 1 0 0
vn 1 0 0
vn 1 0 0
vn 1 0 0
vn 0 -1 0
vn 0 -1 0
vn 0 -1 0
vn 0 -1 0
vn -1 0 0
vn -1 0 0
vn -1 0 0
vn -1 0 0
vn 0 -0.93776226 0.34727797
vn 0 -0.99999988 -0.00049500575
vn -9.9976234e-08 -0.99999988 -0.00049546035
vn -2.216874e-07 -0.9377622 0.34727797
vn 0.29801667 -0.95456064 3.4259913e-09
vn 0.49164575 -0.87079531 -3.962268e-08
vn 0.52573246 -0.85064995 3.073975e-07
vn 0.34694606 -0.93788511 -1.8410518e-08
vn 0.49164575 -0.87079531 -3.962268e-08
vn 0.68317014 -0.73025918 1.1748587e-07
vn 0.72645378 -0.68721533 3.4142772e-07
vn 0.52573246 -0.85064995 3.073975e-07
vn 0.68317014 -0.73025918 1.1748587e-07
vn 0.87158626 -0.49024206 0.0003790308
vn 0.88468319 -0.46619198 0.00077664526
vn 0.72645378 -0.68721533 3.4142772e-07
vn 0.87158626 -0.49024206 0.0003790308
vn 0.94819331 -0.31768954 0.0016708538
vn 0.95222074 -0.3054108 7.5457024e-06
vn 0.88468319 -0.46619198 0.00077664526
vn 0.94819331 -0.31768954 0.0016708538
vn 0.99122238 -0.13207263 -0.0059336973
vn 0.95222074 -0.3054108 7.5457024e-06
vn -9.5932347e-09 -1 6.8616161e-15
vn -0.29801649 -0.95456076 1.3213925e-07
vn -0.34694573 -0.93788522 1.0353786e-07
vn 7.3826385e-07 -1 -2.3313354e-15
vn -3.4912165e-07 -0.87079543 0.49164543
vn -1.2137136e-07 -0.85065001 0.52573234
vn 0 -0.68721533 0.72645372
vn 0 -0.73025876 0.68317062
vn 0 -0.73025876 0.68317062
vn 0 -0.68721533 0.72645372
vn 1.3811265e-07 -0.46657202 0.88448322
vn 2.0362806e-07 -0.49030125 0.871553
vn 2.0362806e-07 -0.49030125 0.871553
vn 1.3811265e-07 -0.46657202 0.88448322
vn 4.8679783e-07 -0.30784318 0.95143712
vn 8.9887459e-07 -0.3199366 0.9474389
vn 8.9887459e-07 -0.3199366 0.9474389
vn 4.8679783e-07 -0.30784318 0.95143712
vn 1.0107344e-07 -0.12968735 0.99155486
vn 0.34694624 -0.93788505 0
vn 0.52467209 -0.85130435 5.9640831e-07
vn 0.52467251 -0.85130411 4.9901712e-07
vn 0.34694573 -0.93788517 1.8353621e-08
vn -6.8448293e-07 -1 0
vn -0.34694692 -0.93788481 0
vn -0.34694636 -0.93788499 1.8253289e-07
vn -3.373523e-07 -1 1.3685782e-07
vn 1.3055207e-07 -0.9545604 -0.29801729
vn 1.2364823e-07 -0.93788493 -0.34694636
vn 1.2340858e-07 -0.85065007 -0.52573222
vn 3.569817e-07 -0.87115598 -0.49100643
vn 3.569817e-07 -0.87115598 -0.49100643
vn 1.2340858e-07 -0.85065007 -0.52573222
vn -4.4005333e-08 -0.68721551 -0.72645348
vn -5.7346952e-08 -0.72913748 -0.68436724
vn -5.7346952e-08 -0.72913748 -0.68436724
vn -4.4005333e-08 -0.68721551 -0.72645348
vn -0.00075794244 -0.46621093 -0.88467324
vn -0.0003551814 -0.48959664 -0.8719489
vn -0.0003551814 -0.48959664 -0.8719489
vn -0.00075794244 -0.46621093 -0.88467324
vn -0.001788449 -0.30790162 -0.95141649
vn -0.0016556211 -0.32052737 -0.94723779
vn -0.0016556211 -0.32052737 -0.94723779
vn -0.001788449 -0.30790162 -0.95141649
vn -0.0008270343 -0.13032417 -0.99147099
vn 1.2471202e-07 -1 2.7371547e-07
vn 0.29801667 -0.95456064 3.4259913e-09
vn 0.34694606 -0.93788511 -1.8410518e-08
vn -3.373523e-07 -1 1.3685782e-07
vn -0.49164489 -0.87079585 1.6666641e-07
vn -0.6831705 -0.73025882 -5.0316675e-07
vn -0.72645372 -0.68721527 -2.9604118e-07
vn -0.52573192 -0.85065025 5.7466676e-09
vn -0.6831705 -0.73025882 -5.0316675e-07
vn -0.87158805 -0.49023864 -0.00038561135
vn -0.88468552 -0.46618763 -0.00078093237
vn -0.72645372 -0.68721527 -2.9604118e-07
vn -0.87158805 -0.49023864 -0.00038561135
vn -0.94724584 -0.32050335 -0.00170459
vn -0.95142126 -0.3078869 -0.0017880232
vn -0.88468552 -0.46618763 -0.00078093237
vn -0.94724584 -0.32050335 -0.00170459
vn -0.99147034 -0.13032922 -0.00081759697
vn -0.95142126 -0.3078869 -0.0017880232
vn -0.29801649 -0.95456076 1.3213925e-07
vn -0.49164489 -0.87079585 1.6666641e-07
vn -0.52573192 -0.85065025 5.7466676e-09
vn -0.34694573 -0.93788522 1.0353786e-07
vn -0.88483965 -0.46589449 0.0010394147
vn -0.95161474 -0.30728894 0.0017117603
vn -0.95142025 -0.30789015 0.0017928816
vn -0.88468289 -0.46619239 0.00077636086
vn -0.52573323 -0.85064948 5.8993311e-07
vn -0.72645414 -0.68721497 1.4227631e-06
vn -0.72645372 -0.68721533 2.8902448e-07
vn -0.52573276 -0.85064977 3.559544e-07
vn -0.95161474 -0.30728894 0.0017117603
vn -0.99254739 -0.12185732 0.00068216905
vn -0.99147046 -0.1303288 0.00082110165
vn -0.95142025 -0.30789015 0.0017928816
vn -0.72645414 -0.68721497 1.4227631e-06
vn -0.88483965 -0.46589449 0.0010394147
vn -0.88468289 -0.46619239 0.00077636086
vn -0.72645372 -0.68721533 2.8902448e-07
vn -4.1283965e-07 -0.95456028 0.29801774
vn -2.1839513e-07 -0.93788499 0.34694633
vn -1.2137136e-07 -0.85065001 0.52573234
vn -3.4912165e-07 -0.87079543 0.49164543
vn -0.0017314221 -0.30730125 0.95161074
vn -0.0010386382 -0.46591491 0.88482893
vn -0.00075807283 -0.46621057 0.88467348
vn -0.0017881893 -0.30790177 0.95141643
vn 0 -0.68721503 0.72645408
vn 0 -0.85020351 0.52645409
vn -1.2381848e-07 -0.85020328 0.52645445
vn 0 -0.68721497 0.72645414
vn 1.3200746e-06 -1 0
vn 0.34694624 -0.93788505 0
vn 0.34694573 -0.93788517 1.8353621e-08
vn 7.3826385e-07 -1 -2.3313354e-15
vn -0.00070175144 -0.12184667 0.9925487
vn -0.0017314221 -0.30730125 0.95161074
vn -0.0017881893 -0.30790177 0.95141643
vn -0.00082693942 -0.13032427 0.99147111
vn -0.0010386382 -0.46591491 0.88482893
vn 0 -0.68721503 0.72645408
vn 0 -0.68721497 0.72645414
vn -0.00075807283 -0.46621057 0.88467348
vn 0 -0.85020351 0.52645409
vn 0 -0.93776226 0.34727797
vn -2.216874e-07 -0.9377622 0.34727797
vn -1.2381848e-07 -0.85020328 0.52645445
vn 0.95161599 -0.30728528 -0.0017079278
vn 0.99254715 -0.12185924 -0.00067730795
vn 0.99147046 -0.13032927 -0.00081874296
vn 0.95142108 -0.30788743 -0.0017908337
vn 0.72725397 -0.68636841 6.0309912e-07
vn 0.88596278 -0.4637551 -0.0010393881
vn 0.88580626 -0.46405455 -0.00078004377
vn 0.72725421 -0.68636829 6.8431922e-07
vn -0.34694692 -0.93788481 0
vn -0.52573323 -0.85064948 5.8993311e-07
vn -0.52573276 -0.85064977 3.559544e-07
vn -0.34694636 -0.93788499 1.8253289e-07
vn 0.88596278 -0.4637551 -0.0010393881
vn 0.95161599 -0.30728528 -0.0017079278
vn 0.95142108 -0.30788743 -0.0017908337
vn 0.88580626 -0.46405455 -0.00078004377
vn 0.52467209 -0.85130435 5.9640831e-07
vn 0.72725397 -0.68636841 6.0309912e-07
vn 0.72725421 -0.68636829 6.8431922e-07
vn 0.52467251 -0.85130411 4.9901712e-07
vn -2.0020028e-07 -1 -0.00018668848
vn -9.9976234e-08 -0.99999988 -0.00049546035
vn 1.2364823e-07 -0.93788493 -0.34694636
vn 1.3055207e-07 -0.9545604 -0.29801729
vn 1.8179679e-07 -0.12121756 -0.99262595
vn 4.6351948e-07 -0.30784312 -0.95143718
vn 2.3211634e-07 -0.30784324 -0.95143712
vn 1.6841405e-07 -0.12968771 -0.99155492
vn 2.83422e-07 -0.46657217 -0.88448316
vn -1.2252077e-06 -0.68721563 -0.72645342
vn -6.1260408e-07 -0.68721545 -0.7264536
vn 1.4171094e-07 -0.46657228 -0.88448298
vn -1.2125203e-06 -0.85065031 -0.52573186
vn 0 -0.93788499 -0.34694645
vn 1.2270887e-07 -0.93788499 -0.34694648
vn -4.8378803e-07 -0.85065019 -0.52573216
vn -2.0137848e-07 -0.99999267 0.0038293935
vn -9.9170997e-08 -1 -1.0756162e-07
vn -2.1839513e-07 -0.93788499 0.34694633
vn -4.1283965e-07 -0.95456028 0.29801774
vn 4.6351948e-07 -0.30784312 -0.95143718
vn 2.83422e-07 -0.46657217 -0.88448316
vn 1.4171094e-07 -0.46657228 -0.88448298
vn 2.3211634e-07 -0.30784324 -0.95143712
vn -1.2252077e-06 -0.68721563 -0.72645342
vn -1.2125203e-06 -0.85065031 -0.52573186
vn -4.8378803e-07 -0.85065019 -0.52573216
vn -6.1260408e-07 -0.68721545 -0.7264536
vn 0 -0.93788499 -0.34694645
vn 0 -1 -6.2581302e-07
vn -9.9170997e-08 -1 -1.0756162e-07
vn 1.2270887e-07 -0.93788499 -0.34694648
vn -0.70695162 -0.00021568347 -0.70726186
vn -0.71696365 0.0010078957 -0.6971097
vn -0.71693623 0.0010085593 -0.69713807
vn -0.70695084 -0.00021654571 -0.70726264
vn 0.69957072 -0.028053492 -0.71401256
vn 0.70369941 -0.011912724 -0.71039802
vn 0.70370066 -0.01190758 -0.71039671
vn 0.69957072 -0.028053492 -0.71401256
vn 0.70815986 -0.0055076247 0.70603079
vn 0.70714915 0.00095536263 0.70706385
vn 0.70714885 0.0009529168 0.70706409
vn 0.70816416 -0.0055175605 0.70602608
vn 0.71064281 -0.014040139 -0.70341289
vn 0.71402055 -0.028075118 -0.69956154
vn 0.71402055 -0.028075118 -0.69956154
vn 0.71064168 -0.014035774 -0.70341414
vn -0.69956118 -0.028080247 0.71402085
vn -0.70341355 -0.014040652 0.71064216
vn -0.70341474 -0.014036044 0.71064097
vn -0.69956118 -0.028080247 0.71402085
vn 0.70710695 9.0264018e-07 -0.70710653
vn 0.71064281 -0.014040139 -0.70341289
vn 0.71064168 -0.014035774 -0.70341414
vn 0.70710701 9.0120164e-07 -0.70710653
vn -0.70607829 -0.00099011103 -0.70813304
vn -0.70695162 -0.00021568347 -0.70726186
vn -0.70695084 -0.00021654571 -0.70726264
vn -0.70607817 -0.00099024386 -0.70813316
vn -0.70952314 -0.0090935752 0.70462364
vn -0.71084172 -0.015992757 0.70317006
vn -0.71084082 -0.015989201 0.70317119
vn -0.70952672 -0.0091029536 0.70461977
vn -0.70341355 -0.014040652 0.71064216
vn -0.7071082 1.0096009e-06 0.70710528
vn -0.7071082 1.010096e-06 0.70710528
vn -0.70341474 -0.014036044 0.71064097
vn 0.70714915 0.00095536263 0.70706385
vn 0.70699614 0.0023088951 0.70721358
vn 0.70699549 0.0023062627 0.70721424
vn 0.70714885 0.0009529168 0.70706409
vn 0.70369941 -0.011912724 -0.71039802
vn 0.70442259 0.013494759 -0.70965248
vn 0.70443404 0.013462081 -0.7096417
vn 0.70370066 -0.01190758 -0.71039671
vn 0.70710838 1.9122392e-06 -0.70710516
vn 0.70710695 9.0264018e-07 -0.70710653
vn 0.70710701 9.0120164e-07 -0.70710653
vn 0.70710838 1.9122901e-06 -0.70710516
vn -0.70839804 0.001306835 -0.70581192
vn -0.70607829 -0.00099011103 -0.70813304
vn -0.70607817 -0.00099024386 -0.70813316
vn -0.70840096 0.0013093182 -0.70580894
vn -0.71403331 -0.012700086 0.69999653
vn -0.70952314 -0.0090935752 0.70462364
vn -0.70952672 -0.0091029536 0.70461977
vn -0.71404427 -0.012694649 0.69998538
vn -0.7071082 1.0096009e-06 0.70710528
vn -0.7071076 0 0.70710593
vn -0.70710766 0 0.70710588
vn -0.7071082 1.010096e-06 0.70710528
vn 0.70699614 0.0023088951 0.70721358
vn 0.70515525 0.0016368952 0.70905089
vn 0.70515335 0.00163888 0.70905298
vn 0.70699549 0.0023062627 0.70721424
vn 0.70442259 0.013494759 -0.70965248
vn 0.7158494 0.0072673918 -0.6982168
vn 0.71580261 0.0073174988 -0.6982643
vn 0.70443404 0.013462081 -0.7096417
vn 0.70710844 1.0682286e-06 -0.7071051
vn 0.70710838 1.9122392e-06 -0.70710516
vn 0.70710838 1.9122901e-06 -0.70710516
vn 0.7071085 1.0689184e-06 -0.70710516
vn -0.71231854 0.0012951063 -0.70185518
vn -0.70839804 0.001306835 -0.70581192
vn -0.70840096 0.0013093182 -0.70580894
vn -0.71193719 0.0016130888 -0.70224124
vn -0.71415031 -0.0068345913 0.69995892
vn -0.71403331 -0.012700086 0.69999653
vn -0.71404427 -0.012694649 0.69998538
vn -0.71416354 -0.0068584327 0.69994527
vn -0.7071076 0 0.70710593
vn -0.70710689 -1.0682278e-06 0.70710671
vn -0.70710683 -1.0689175e-06 0.70710671
vn -0.70710766 0 0.70710588
vn 0.7158494 0.0072673918 -0.6982168
vn 0.72095078 -0.0029374338 -0.69298017
vn 0.72087514 -0.0028943389 -0.69305897
vn 0.71580261 0.0073174988 -0.6982643
vn 0.70515525 0.0016368952 0.70905089
vn 0.70185345 0.0012955903 0.71232027
vn 0.70223945 0.001613692 0.71193898
vn 0.70515335 0.00163888 0.70905298
vn 0.64424735 -0.41217938 0.64424652
vn 0.6973623 -0.16545182 0.6973604
vn 0.6973623 -0.16545175 0.69736046
vn 0.64424729 -0.41217938 0.64424652
vn 0.56896347 -0.59376866 0.56896347
vn 0.64424735 -0.41217938 0.64424652
vn 0.64424729 -0.41217938 0.64424652
vn 0.56896347 -0.5937686 0.56896347
vn 0.42859218 -0.79537225 0.42859286
vn 0.56896347 -0.59376866 0.56896347
vn 0.56896347 -0.5937686 0.56896347
vn 0.42859226 -0.79537201 0.42859295
vn 0.28375438 -0.91595137 0.28375435
vn 0.42859218 -0.79537225 0.42859286
vn 0.42859226 -0.79537201 0.42859295
vn 0.28375429 -0.91595143 0.28375426
vn 0.18050922 -0.96684867 0.18060999
vn 0.28375438 -0.91595137 0.28375435
vn 0.28375429 -0.91595143 0.28375426
vn 0.18050933 -0.96684867 0.18061009
vn -0.69736147 -0.16545317 0.69736099
vn -0.64424598 -0.41218066 0.644247
vn -0.64424604 -0.41218048 0.64424706
vn -0.69736147 -0.16545323 0.69736099
vn -0.64424598 -0.41218066 0.644247
vn -0.56896311 -0.59376836 0.56896406
vn -0.56896311 -0.59376842 0.56896406
vn -0.64424604 -0.41218048 0.64424706
vn -0.56896311 -0.59376836 0.56896406
vn -0.42858928 -0.79537606 0.42858869
vn -0.42859605 -0.79536861 0.42859551
vn -0.56896311 -0.59376842 0.56896406
vn -0.42858928 -0.79537606 0.42858869
vn -0.28339666 -0.91586667 0.2843847
vn -0.28337291 -0.91588122 0.28436142
vn -0.42859605 -0.79536861 0.42859551
vn -0.28339666 -0.91586667 0.2843847
vn -0.18009762 -0.96673048 0.1816511
vn -0.1795506 -0.96693552 0.18109992
vn -0.28337291 -0.91588122 0.28436142
vn 0.64423984 -0.41219732 -0.64424253
vn 0.69736159 -0.16545278 -0.69736075
vn 0.69736171 -0.16545288 -0.69736087
vn 0.64424586 -0.41217875 -0.64424843
vn 0.57061261 -0.59313375 -0.56797332
vn 0.64423984 -0.41219732 -0.64424253
vn 0.64424586 -0.41217875 -0.64424843
vn 0.57058007 -0.59319782 -0.56793898
vn 0.43155307 -0.79458976 -0.42707023
vn 0.57061261 -0.59313375 -0.56797332
vn 0.57058007 -0.59319782 -0.56793898
vn 0.43059105 -0.79562289 -0.42611679
vn 0.28015292 -0.91528523 -0.28942558
vn 0.43155307 -0.79458976 -0.42707023
vn 0.43059105 -0.79562289 -0.42611679
vn 0.27972704 -0.91551703 -0.28910434
vn 0.1696451 -0.96767634 -0.18660952
vn 0.28015292 -0.91528523 -0.28942558
vn 0.27972704 -0.91551703 -0.28910434
vn 0.17544836 -0.96539974 -0.19292802
vn -0.18009762 -0.96673048 0.1816511
vn -0.12303805 -0.98460507 0.12415552
vn -0.12303805 -0.98460507 0.12415552
vn -0.1795506 -0.96693552 0.18109992
vn 0.11616627 -0.98489851 -0.12837562
vn 0.1696451 -0.96767634 -0.18660952
vn 0.17544836 -0.96539974 -0.19292802
vn 0.11616627 -0.98489851 -0.12837562
vn -0.64420217 -0.41227931 -0.64422762
vn -0.69736117 -0.16545363 -0.69736111
vn -0.69736117 -0.16545361 -0.69736105
vn -0.64424396 -0.41214898 -0.64426929
vn -0.56113547 -0.59080154 -0.57972449
vn -0.64420217 -0.41227931 -0.64422762
vn -0.64424396 -0.41214898 -0.64426929
vn -0.56176078 -0.58979034 -0.5801484
vn -0.41708943 -0.79063112 -0.44826216
vn -0.56113547 -0.59080154 -0.57972449
vn -0.56176078 -0.58979034 -0.5801484
vn -0.4117437 -0.7966153 -0.44257346
vn -0.27657485 -0.91651154 -0.28898588
vn -0.41708943 -0.79063112 -0.44826216
vn -0.4117437 -0.7966153 -0.44257346
vn -0.27628231 -0.91672039 -0.2886031
vn -0.18051641 -0.96684533 -0.1806208
vn -0.27657485 -0.91651154 -0.28898588
vn -0.27628231 -0.91672039 -0.2886031
vn -0.18046287 -0.9668653 -0.18056735
vn 0.12364785 -0.98456705 0.12385081
vn 0.18050922 -0.96684867 0.18060999
vn 0.18050933 -0.96684867 0.18061009
vn 0.12364785 -0.98456705 0.12385081
vn -0.12361035 -0.98457778 -0.12380327
vn -0.18051641 -0.96684533 -0.1806208
vn -0.18046287 -0.9668653 -0.18056735
vn -0.12361035 -0.98457778 -0.12380327
vn -0.71084172 -0.015992757 0.70317006
vn -0.71394902 -0.027771736 0.69964665
vn -0.71394902 -0.027771736 0.69964665
vn -0.71084082 -0.015989201 0.70317119
vn -0.70548034 0.001472133 -0.7087279
vn -0.70185411 0.0012966658 -0.71231961
vn -0.70224005 0.0016143513 -0.71193838
vn -0.70547789 0.0014743722 -0.7087304
vn 0.71195322 -0.022074539 0.7018798
vn 0.70815986 -0.0055076247 0.70603079
vn 0.70816416 -0.0055175605 0.70602608
vn 0.71194106 -0.022004684 0.70189434
vn 0.70872396 0.0014721217 0.70548439
vn 0.70710808 -7.561224e-07 0.70710546
vn 0.70710814 -7.5563651e-07 0.70710552
vn 0.70872647 0.0014743638 0.70548195
vn -0.71696365 0.0010078957 -0.6971097
vn -0.704705 -0.0078578275 -0.70945686
vn -0.70460969 -0.0078966804 -0.7095511
vn -0.71693623 0.0010085593 -0.69713807
vn 0.70362055 -0.01313596 0.71045452
vn 0.70109403 -0.027785067 0.71252739
vn 0.70109403 -0.027785067 0.71252739
vn 0.70362008 -0.01313802 0.71045482
vn -0.7071051 0 -0.7071085
vn -0.70548034 0.001472133 -0.7087279
vn -0.70547789 0.0014743722 -0.7087304
vn -0.70710504 0 -0.70710856
vn -0.71404356 -0.028771088 -0.69950992
vn -0.71077073 -0.014810525 -0.70326769
vn -0.71076822 -0.014799825 -0.70327055
vn -0.71404356 -0.028771088 -0.69950992
vn 0.70710808 -7.561224e-07 0.70710546
vn 0.70718306 0.00014170277 0.70703042
vn 0.70718306 0.00014170673 0.70703048
vn 0.70710814 -7.5563651e-07 0.70710552
vn 0.71419907 -0.035431739 0.69904518
vn 0.71195322 -0.022074539 0.7018798
vn 0.71194106 -0.022004684 0.70189434
vn 0.71419907 -0.035431739 0.69904518
vn -0.704705 -0.0078578275 -0.70945686
vn -0.68302965 -0.016550427 -0.73020315
vn -0.68302965 -0.016550427 -0.73020315
vn -0.70460969 -0.0078966804 -0.7095511
vn -0.70718271 -0.00014341503 -0.70703089
vn -0.7071051 0 -0.7071085
vn -0.70710504 0 -0.70710856
vn -0.70718265 -0.00014341892 -0.70703089
vn 0.70718306 0.00014170277 0.70703042
vn 0.70662302 0.00089708052 0.70758975
vn 0.70662272 0.00089728396 0.70758992
vn 0.70718306 0.00014170673 0.70703048
vn 0.71100438 0.0026265765 -0.70318258
vn 0.71232188 0.0012955894 -0.70185179
vn 0.71194035 0.0016137102 -0.7022382
vn 0.71100348 0.002627054 -0.70318359
vn -0.70872426 0.0014721565 0.70548409
vn -0.71231866 0.0012960738 0.70185506
vn -0.71193713 0.0016142935 0.70224136
vn -0.70872664 0.0014744007 0.70548153
vn -0.70729899 -0.00056340545 -0.70691419
vn -0.70718271 -0.00014341503 -0.70703089
vn -0.70718265 -0.00014341892 -0.70703089
vn -0.70729905 -0.00056359987 -0.70691425
vn -0.70185459 0.0012954313 0.71231908
vn -0.70775694 0.00032677571 0.70645595
vn -0.70775115 0.00033067967 0.70646167
vn -0.70224082 0.0016134946 0.71193773
vn 0.70662302 0.00089708052 0.70758975
vn 0.70362055 -0.01313596 0.71045452
vn 0.70362008 -0.01313802 0.71045482
vn 0.70662272 0.00089728396 0.70758992
vn 0.72095078 -0.0029374338 -0.69298017
vn 0.71100438 0.0026265765 -0.70318258
vn 0.71100348 0.002627054 -0.70318359
vn 0.72087514 -0.0028943389 -0.69305897
vn -0.71077073 -0.014810525 -0.70326769
vn -0.70729899 -0.00056340545 -0.70691419
vn -0.70729905 -0.00056359987 -0.70691425
vn -0.71076822 -0.014799825 -0.70327055
vn -0.70710689 -1.0682278e-06 0.70710671
vn -0.70872426 0.0014721565 0.70548409
vn -0.70872664 0.0014744007 0.70548153
vn -0.70710683 -1.0689175e-06 0.70710671
vn -0.70775694 0.00032677571 0.70645595
vn -0.71415031 -0.0068345913 0.69995892
vn -0.71416354 -0.0068584327 0.69994527
vn -0.70775115 0.00033067967 0.70646167
vn 0.70552593 0.0014638985 -0.70868254
vn 0.70710844 1.0682286e-06 -0.7071051
vn 0.7071085 1.0689184e-06 -0.70710516
vn 0.70551854 0.001470672 -0.70868981
vn 0.70550722 0.00010368937 0.70870274
vn 0.70550722 0.00010368937 0.70870274
vn 0.70550781 0.0001052514 0.70870221
vn 0.70550776 0.00010525056 0.70870215
vn -0.70097828 -0.0081819473 -0.71313566
vn -0.70097828 -0.0081819473 -0.71313566
vn -0.69956392 -0.0014385132 -0.71456867
vn -0.69956368 -0.0014376329 -0.71456885
vn -0.70743442 -1.8860768e-05 0.706779
vn -0.70743442 -1.8860768e-05 0.706779
vn -0.70743459 -1.6152639e-05 0.70677882
vn -0.70743465 -1.6152786e-05 0.70677882
vn 0.00088948006 -0.67106259 -0.74140024
vn 0.00088863942 -0.67198181 -0.74056709
vn 0.00096885662 -0.57059026 -0.82123429
vn 0.81381428 -0.58112305 0.0014760128
vn 0.81469381 -0.57989007 0.0012256927
vn 0.77864015 -0.6274696 0.0011929653
vn 0.73611456 -0.67685556 0.0013384479
vn -0.0012819325 -0.58021867 0.81445974
vn 0.00081536383 -0.67818135 0.73489416
vn 0.0014249841 -0.70473534 0.70946878
vn -0.81397736 -0.58089536 -0.0011835063
vn -0.73511004 -0.67794693 -0.0010598032
vn -0.73527253 -0.67777073 -0.0010600567
vn 0.0014249841 -0.70473534 0.70946878
vn 0.00081536383 -0.67818135 0.73489416
vn 0.0032040603 -0.77719712 0.6292491
vn 0.0032040603 -0.77719712 0.6292491
vn -0.69956368 -0.0014376329 -0.71456885
vn -0.69956392 -0.0014385132 -0.71456867
vn -0.69661528 0.012119393 -0.71734244
vn 0.70708215 1.7849528e-05 -0.70713145
vn 0.70708209 1.7861423e-05 -0.70713139
vn 0.70708513 1.0842425e-05 -0.70712852
vn 0.70550776 0.00010525056 0.70870215
vn 0.70550781 0.0001052514 0.70870221
vn 0.70550895 0.00010839194 0.70870101
vn 0.70550895 0.00010839194 0.70870101
vn -0.70743465 -1.6152786e-05 0.70677882
vn -0.70743459 -1.6152639e-05 0.70677882
vn -0.70743507 -1.0707573e-05 0.70677835
vn 0.00088948006 -0.67106259 -0.74140024
vn 0.00077968102 -0.77324593 -0.6341058
vn 0.00088863942 -0.67198181 -0.74056709
vn 0.77864015 -0.6274696 0.0011929653
vn 0.81469381 -0.57989007 0.0012256927
vn 0.8166104 -0.57718891 0.00067824783
vn -0.73511004 -0.67794693 -0.0010598032
vn -0.63093829 -0.77583247 -0.00089819514
vn -0.73527253 -0.67777073 -0.0010600567
vn 0.77864015 -0.6274696 0.0011929653
vn 0.63334668 -0.77386731 0.001155843
vn 0.73611456 -0.67685556 0.0013384479
vn 0.99230605 -0.12363426 -0.0065681282
vn 0.99122238 -0.13207263 -0.0059336973
vn 0.99994648 -0.007316336 -0.0073161512
vn 0.99994648 -0.007316336 -0.0073161512
vn -0.71231854 0.0012951063 -0.70185518
vn -0.71193719 0.0016130888 -0.70224124
vn -0.7138688 0 -0.70027953
vn -0.7138688 0 -0.70027953
vn 1.0107344e-07 -0.12968735 0.99155486
vn 0 -0.12121694 0.99262601
vn 0 0 1
vn 0 0 1
vn 1.8179679e-07 -0.12121756 -0.99262595
vn 1.6841405e-07 -0.12968771 -0.99155492
vn 0 0 -1
vn 0 0 -1
vn -0.70224005 0.0016143513 -0.71193838
vn -0.70185411 0.0012966658 -0.71231961
vn -0.70027906 2.7755698e-06 -0.71386921
vn -0.70027906 2.7755698e-06 -0.71386921
vn 0.99147046 -0.13032927 -0.00081874296
vn 0.99254715 -0.12185924 -0.00067730795
vn 1 0 0
vn 1 0 0
vn -0.69736117 -0.16545361 -0.69736105
vn -0.69736117 -0.16545363 -0.69736111
vn -0.7071057 0 -0.70710778
vn -0.7071057 0 -0.70710778
vn -0.71193713 0.0016142935 0.70224136
vn -0.71231866 0.0012960738 0.70185506
vn -0.71386945 0 0.70027876
vn -0.71386945 0 0.70027876
vn 0.70223945 0.001613692 0.71193898
vn 0.70185345 0.0012955903 0.71232027
vn 0.7002781 0 0.71387011
vn 0.7002781 0 0.71387011
vn -0.99254715 -0.12185926 -0.00067694701
vn -0.99147034 -0.13032922 -0.00081759697
vn -1 0 0
vn -1 0 0
vn -0.69736147 -0.16545317 0.69736099
vn -0.69736147 -0.16545323 0.69736099
vn -0.70710671 0 0.70710671
vn -0.70710671 0 0.70710671
vn 0.71194035 0.0016137102 -0.7022382
vn 0.71232188 0.0012955894 -0.70185179
vn 0.71387297 0 -0.70027524
vn 0.71387297 0 -0.70027524
vn -0.0008270343 -0.13032417 -0.99147099
vn -0.00070175144 -0.12184736 -0.99254858
vn 0 0 -1
vn 0 0 -1
vn 0.69736171 -0.16545288 -0.69736087
vn 0.69736159 -0.16545278 -0.69736075
vn 0.70710683 0 -0.70710683
vn 0.70710683 0 -0.70710683
vn -0.99147046 -0.1303288 0.00082110165
vn -0.99254739 -0.12185732 0.00068216905
vn -1 0 0
vn -1 0 0
vn 0.6973623 -0.16545175 0.69736046
vn 0.6973623 -0.16545182 0.6973604
vn 0.70710778 0 0.7071057
vn 0.70710778 0 0.7071057
vn -0.00070175144 -0.12184667 0.9925487
vn -0.00082693942 -0.13032427 0.99147111
vn 0 0 1
vn 0 0 1
vn -0.70185459 0.0012954313 0.71231908
vn -0.70224082 0.0016134946 0.71193773
vn -0.70027876 0 0.71386939
vn -0.70027876 0 0.71386939
vn 0.70708066 2.1353209e-05 -0.70713288
vn 0.70708066 2.1353209e-05 -0.70713288
vn 0.70708209 1.7861423e-05 -0.70713139
vn 0.70708215 1.7849528e-05 -0.70713145
vn 0.34694606 -0.93788511 -1.8410518e-08
vn 0.52573246 -0.85064995 3.073975e-07
vn 0.52573282 -0.85064977 5.8993351e-07
vn 0.34694612 -0.93788505 0
vn 0.72645378 -0.68721533 3.4142772e-07
vn 0.88468319 -0.46619198 0.00077664526
vn 0.88484025 -0.46589345 0.0010391455
vn 0.72645438 -0.68721467 5.9610625e-07
vn 0.95222074 -0.3054108 7.5457024e-06
vn 0.99122238 -0.13207263 -0.0059336973
vn 0.99230605 -0.12363426 -0.0065681282
vn 0.95214951 -0.30562702 -0.0018616094
vn 0.70188183 0.0012876225 -0.71229219
vn 0.70552593 0.0014638985 -0.70868254
vn 0.70551854 0.001470672 -0.70868981
vn 0.70228136 0.0016085213 -0.71189773
vn -0.52573276 -0.85064977 3.559544e-07
vn -0.72645372 -0.68721533 2.8902448e-07
vn -0.68317056 -0.73025882 -5.422533e-07
vn -0.49164569 -0.87079537 1.754304e-07
vn -0.72645372 -0.68721533 2.8902448e-07
vn -0.88468289 -0.46619239 0.00077636086
vn -0.8715862 -0.49024218 0.00037797363
vn -0.68317056 -0.73025882 -5.422533e-07
vn 0.70027786 1.4150057e-06 -0.71387041
vn 0.70188183 0.0012876225 -0.71229219
vn 0.70228136 0.0016085213 -0.71189773
vn 0.70027786 1.4150057e-06 -0.71387041
vn 0.52573246 -0.85064995 3.073975e-07
vn 0.72645378 -0.68721533 3.4142772e-07
vn 0.72645438 -0.68721467 5.9610625e-07
vn 0.52573282 -0.85064977 5.8993351e-07
vn 0.88468319 -0.46619198 0.00077664526
vn 0.95222074 -0.3054108 7.5457024e-06
vn 0.95214951 -0.30562702 -0.0018616094
vn 0.88484025 -0.46589345 0.0010391455
vn -0.34694636 -0.93788499 1.8253289e-07
vn -0.52573276 -0.85064977 3.559544e-07
vn -0.49164569 -0.87079537 1.754304e-07
vn -0.29801643 -0.95456064 4.2136915e-07
vn -3.373523e-07 -1 1.3685782e-07
vn -0.34694636 -0.93788499 1.8253289e-07
vn -0.29801643 -0.95456064 4.2136915e-07
vn 1.2471202e-07 -1 2.7371547e-07
vn -3.373523e-07 -1 1.3685782e-07
vn 0.34694606 -0.93788511 -1.8410518e-08
vn 0.34694612 -0.93788505 0
vn -6.8448293e-07 -1 0
vn -0.88468289 -0.46619239 0.00077636086
vn -0.95142025 -0.30789015 0.0017928816
vn -0.94724417 -0.32050851 0.001703089
vn -0.8715862 -0.49024218 0.00037797363
vn -0.95142025 -0.30789015 0.0017928816
vn -0.99147046 -0.1303288 0.00082110165
vn -0.94724417 -0.32050851 0.001703089
vn 0 -0.68721497 0.72645414
vn -1.2381848e-07 -0.85020328 0.52645445
vn -3.5623904e-07 -0.87020528 0.49268937
vn 0 -0.73025858 0.68317086
vn -0.00082693942 -0.13032427 0.99147111
vn -0.0017881893 -0.30790177 0.95141643
vn -0.0016556592 -0.32052812 0.94723749
vn -1.2381848e-07 -0.85020328 0.52645445
vn -2.216874e-07 -0.9377622 0.34727797
vn -4.1780663e-07 -0.95466071 0.2976962
vn -3.5623904e-07 -0.87020528 0.49268937
vn 1.2364823e-07 -0.93788493 -0.34694636
vn -9.9976234e-08 -0.99999988 -0.00049546035
vn 0 -0.99999988 -0.00049500575
vn 0 -0.93788481 -0.3469466
vn 1.2340858e-07 -0.85065007 -0.52573222
vn 1.2364823e-07 -0.93788493 -0.34694636
vn 0 -0.93788481 -0.3469466
vn 0 -0.85065007 -0.52573234
vn -0.00075794244 -0.46621093 -0.88467324
vn -4.4005333e-08 -0.68721551 -0.72645348
vn 0 -0.68721586 -0.72645324
vn -0.0010388967 -0.4659158 -0.88482851
vn -0.0008270343 -0.13032417 -0.99147099
vn -0.001788449 -0.30790162 -0.95141649
vn -0.0017316762 -0.30730188 -0.95161051
vn -0.00070175144 -0.12184736 -0.99254858
vn 0.71231693 0.0012951035 0.70185685
vn 0.70872396 0.0014721217 0.70548439
vn 0.70872647 0.0014743638 0.70548195
vn 0.71193528 0.0016130853 0.70224315
vn -0.0017881893 -0.30790177 0.95141643
vn -0.00075807283 -0.46621057 0.88467348
vn -0.00035202358 -0.49025327 0.87158
vn -0.0016556592 -0.32052812 0.94723749
vn -0.00075807283 -0.46621057 0.88467348
vn 0 -0.68721497 0.72645414
vn 0 -0.73025858 0.68317086
vn -0.00035202358 -0.49025327 0.87158
vn -2.216874e-07 -0.9377622 0.34727797
vn -9.9976234e-08 -0.99999988 -0.00049546035
vn -2.0020028e-07 -1 -0.00018668848
vn -4.1780663e-07 -0.95466071 0.2976962
vn -4.4005333e-08 -0.68721551 -0.72645348
vn 1.2340858e-07 -0.85065007 -0.52573222
vn 0 -0.85065007 -0.52573234
vn 0 -0.68721586 -0.72645324
vn -0.001788449 -0.30790162 -0.95141649
vn -0.00075794244 -0.46621093 -0.88467324
vn -0.0010388967 -0.4659158 -0.88482851
vn -0.0017316762 -0.30730188 -0.95161051
vn 0.71386808 0 0.70028019
vn 0.71231693 0.0012951035 0.70185685
vn 0.71193528 0.0016130853 0.70224315
vn 0.71386808 0 0.70028019
vn 0.72725421 -0.68636829 6.8431922e-07
vn 0.88580626 -0.46405455 -0.00078004377
vn 0.87306321 -0.48760682 -0.00038349131
vn 0.6830138 -0.73040557 7.3686039e-07
vn 0.88580626 -0.46405455 -0.00078004377
vn 0.95142108 -0.30788743 -0.0017908337
vn 0.94724566 -0.32050404 -0.0017079512
vn 0.87306321 -0.48760682 -0.00038349131
vn 0.34694573 -0.93788517 1.8353621e-08
vn 0.52467251 -0.85130411 4.9901712e-07
vn 0.49109679 -0.87110496 2.7860307e-07
vn 0.29801658 -0.9545607 -3.4420167e-09
vn -0.52573192 -0.85065025 5.7466676e-09
vn -0.72645372 -0.68721527 -2.9604118e-07
vn -0.72645348 -0.68721557 0
vn -0.52573234 -0.85065001 0
vn -0.88468552 -0.46618763 -0.00078093237
vn -0.95142126 -0.3078869 -0.0017880232
vn -0.95161593 -0.30728531 -0.0017070172
vn -0.88484246 -0.46588913 -0.0010390896
vn -0.34694573 -0.93788522 1.0353786e-07
vn -0.52573192 -0.85065025 5.7466676e-09
vn -0.52573234 -0.85065001 0
vn -0.34694606 -0.93788505 0
vn 7.3826385e-07 -1 -2.3313354e-15
vn 0.34694573 -0.93788517 1.8353621e-08
vn 0.29801658 -0.9545607 -3.4420167e-09
vn -9.5932347e-09 -1 6.8616161e-15
vn 0.95142108 -0.30788743 -0.0017908337
vn 0.99147046 -0.13032927 -0.00081874296
vn 0.94724566 -0.32050404 -0.0017079512
vn 0.52467251 -0.85130411 4.9901712e-07
vn 0.72725421 -0.68636829 6.8431922e-07
vn 0.6830138 -0.73040557 7.3686039e-07
vn 0.49109679 -0.87110496 2.7860307e-07
vn 7.3826385e-07 -1 -2.3313354e-15
vn -0.34694573 -0.93788522 1.0353786e-07
vn -0.34694606 -0.93788505 0
vn 1.3200746e-06 -1 0
vn -0.72645372 -0.68721527 -2.9604118e-07
vn -0.88468552 -0.46618763 -0.00078093237
vn -0.88484246 -0.46588913 -0.0010390896
vn -0.72645348 -0.68721557 0
vn -0.95142126 -0.3078869 -0.0017880232
vn -0.99147034 -0.13032922 -0.00081759697
vn -0.99254715 -0.12185926 -0.00067694701
vn -0.95161593 -0.30728531 -0.0017070172
vn 1.4171094e-07 -0.46657228 -0.88448298
vn -6.1260408e-07 -0.68721545 -0.7264536
vn 0 -0.73025876 -0.68317062
vn 0 -0.4903014 -0.87155288
vn 0 -0.68721533 0.72645372
vn -1.2137136e-07 -0.85065001 0.52573234
vn 0 -0.85064995 0.52573252
vn 0 -0.68721557 0.7264536
vn 4.8679783e-07 -0.30784318 0.95143712
vn 1.3811265e-07 -0.46657202 0.88448322
vn 0 -0.46657196 0.88448334
vn 0 -0.30784225 0.95143741
vn -2.1839513e-07 -0.93788499 0.34694633
vn -9.9170997e-08 -1 -1.0756162e-07
vn 0 -1 -6.2581302e-07
vn 0 -0.93788505 0.34694621
vn -6.1260408e-07 -0.68721545 -0.7264536
vn -4.8378803e-07 -0.85065019 -0.52573216
vn 3.512026e-07 -0.87059838 -0.49199444
vn 0 -0.73025876 -0.68317062
vn 1.6841405e-07 -0.12968771 -0.99155492
vn 2.3211634e-07 -0.30784324 -0.95143712
vn 0 -0.31993586 -0.94743919
vn -4.8378803e-07 -0.85065019 -0.52573216
vn 1.2270887e-07 -0.93788499 -0.34694648
vn 1.3140323e-07 -0.9543156 -0.29880074
vn 3.512026e-07 -0.87059838 -0.49199444
vn 2.3211634e-07 -0.30784324 -0.95143712
vn 1.4171094e-07 -0.46657228 -0.88448298
vn 0 -0.4903014 -0.87155288
vn 0 -0.31993586 -0.94743919
vn 1.2270887e-07 -0.93788499 -0.34694648
vn -9.9170997e-08 -1 -1.0756162e-07
vn -2.0137848e-07 -0.99999267 0.0038293935
vn 1.3140323e-07 -0.9543156 -0.29880074
vn 1.3811265e-07 -0.46657202 0.88448322
vn 0 -0.68721533 0.72645372
vn 0 -0.68721557 0.7264536
vn 0 -0.46657196 0.88448334
vn 1.0107344e-07 -0.12968735 0.99155486
vn 4.8679783e-07 -0.30784318 0.95143712
vn 0 -0.30784225 0.95143741
vn 0 -0.12121694 0.99262601
vn -1.2137136e-07 -0.85065001 0.52573234
vn -2.1839513e-07 -0.93788499 0.34694633
vn 0 -0.93788505 0.34694621
vn 0 -0.85064995 0.52573252
vn -0.34727812 -0.9377622 0
vn 0.0004945462 -0.99999994 0
vn 0.00049549452 -0.99999994 1.2299462e-07
vn -0.34727779 -0.9377622 -1.8821636e-08
vn 2.8548072e-07 -0.95456052 0.2980172
vn 0 -0.87079543 0.49164531
vn 0 -0.85065001 0.52573246
vn 9.7141246e-08 -0.93788505 0.34694612
vn 0 -0.87079543 0.49164531
vn -2.7112654e-07 -0.73025841 0.68317103
vn -6.2450709e-07 -0.68721485 0.7264542
vn 0 -0.85065001 0.52573246
vn -2.7112654e-07 -0.73025841 0.68317103
vn -0.00037934972 -0.49024147 0.87158656
vn -0.00077739649 -0.46619198 0.88468331
vn -6.2450709e-07 -0.68721485 0.7264542
vn -0.00037934972 -0.49024147 0.87158656
vn -0.0016705142 -0.31769025 0.94819313
vn -7.7681671e-06 -0.30541125 0.95222056
vn -0.00077739649 -0.46619198 0.88468331
vn -0.0016705142 -0.31769025 0.94819313
vn 0.0059335632 -0.13207261 0.99122226
vn -7.7681671e-06 -0.30541125 0.95222056
vn -1.9868241e-07 -0.99999994 8.633905e-08
vn -5.6986107e-07 -0.95456046 -0.29801702
vn -1.9390775e-07 -0.93788505 -0.34694603
vn -8.4439608e-07 -0.99999994 6.30702e-07
vn -0.49164611 -0.87079507 4.2919915e-08
vn -0.52573276 -0.85064977 -5.5722404e-07
vn -0.72645414 -0.68721497 -1.0105317e-06
vn -0.68317038 -0.73025906 2.3314462e-07
vn -0.68317038 -0.73025906 2.3314462e-07
vn -0.72645414 -0.68721497 -1.0105317e-06
vn -0.88448304 -0.46657246 -1.1981678e-06
vn -0.87155271 -0.49030182 0
vn -0.87155271 -0.49030182 0
vn -0.88448304 -0.46657246 -1.1981678e-06
vn -0.95143712 -0.30784309 -1.1100765e-06
vn -0.94743937 -0.31993517 0
vn -0.94743937 -0.31993517 0
vn -0.95143712 -0.30784309 -1.1100765e-06
vn -0.99155498 -0.12968712 -2.0576324e-06
vn -2.7951053e-06 -0.93788499 0.34694633
vn -1.3380533e-06 -0.85130417 0.52467251
vn -6.6902845e-07 -0.85130417 0.52467251
vn -1.3005986e-06 -0.93788505 0.34694597
vn 0 -1 -6.8448293e-07
vn 0 -0.93788505 -0.34694615
vn -9.7141111e-08 -0.93788505 -0.34694612
vn 1.0257874e-13 -1 -2.3956903e-07
vn 0.29801717 -0.95456046 3.8224476e-07
vn 0.3469466 -0.93788481 1.6967991e-07
vn 0.5257327 -0.85064983 -2.6710399e-08
vn 0.49100682 -0.87115562 8.0875253e-08
vn 0.49100682 -0.87115562 8.0875253e-08
vn 0.5257327 -0.85064983 -2.6710399e-08
vn 0.7264536 -0.68721545 -8.9340155e-08
vn 0.68436688 -0.72913778 -2.4030365e-07
vn 0.68436688 -0.72913778 -2.4030365e-07
vn 0.7264536 -0.68721545 -8.9340155e-08
vn 0.88467336 -0.46621066 -0.00075817766
vn 0.87194908 -0.48959643 -0.00035510183
vn 0.87194908 -0.48959643 -0.00035510183
vn 0.88467336 -0.46621066 -0.00075817766
vn 0.95141613 -0.30790296 -0.0017900616
vn 0.94723707 -0.32052922 -0.0016577668
vn 0.94723707 -0.32052922 -0.0016577668
vn 0.95141613 -0.30790296 -0.0017900616
vn 0.99147105 -0.130325 -0.00082873693
vn 3.4765523e-13 -1 2.9739027e-07
vn 2.8548072e-07 -0.95456052 0.2980172
vn 9.7141246e-08 -0.93788505 0.34694612
vn 1.0257874e-13 -1 -2.3956903e-07
vn 0 -0.87079549 -0.49164546
vn 2.691657e-07 -0.73025972 -0.68316966
vn 8.1437952e-07 -0.68721586 -0.72645324
vn 5.9846548e-07 -0.85065037 -0.52573168
vn 2.691657e-07 -0.73025972 -0.68316966
vn 0.00038478494 -0.49023917 -0.87158787
vn 0.00078037538 -0.46618772 -0.88468552
vn 8.1437952e-07 -0.68721586 -0.72645324
vn 0.00038478494 -0.49023917 -0.87158787
vn 0.0017079352 -0.32050371 -0.94724578
vn 0.0017903711 -0.3078869 -0.95142126
vn 0.00078037538 -0.46618772 -0.88468552
vn 0.0017079352 -0.32050371 -0.94724578
vn 0.00081840897 -0.13032924 -0.99147046
vn 0.0017903711 -0.3078869 -0.95142126
vn -5.6986107e-07 -0.95456046 -0.29801702
vn 0 -0.87079549 -0.49164546
vn 5.9846548e-07 -0.85065037 -0.52573168
vn -1.9390775e-07 -0.93788505 -0.34694603
vn -0.0010391427 -0.46589413 -0.88483977
vn -0.0017121189 -0.30728889 -0.9516148
vn -0.0017896437 -0.30789098 -0.95141995
vn -0.00077600911 -0.46619245 -0.88468301
vn 0 -0.85065031 -0.52573192
vn 0 -0.68721581 -0.72645324
vn 2.1117864e-07 -0.68721581 -0.72645336
vn 0 -0.85065025 -0.52573198
vn -0.0017121189 -0.30728889 -0.9516148
vn -0.00068198692 -0.12185784 -0.99254727
vn -0.00082012167 -0.13032946 -0.99147034
vn -0.0017896437 -0.30789098 -0.95141995
vn 0 -0.68721581 -0.72645324
vn -0.0010391427 -0.46589413 -0.88483977
vn -0.00077600911 -0.46619245 -0.88468301
vn 2.1117864e-07 -0.68721581 -0.72645336
vn -0.29801697 -0.95456064 -1.4008126e-07
vn -0.34694615 -0.93788499 -2.2917018e-07
vn -0.52573276 -0.85064977 -5.5722404e-07
vn -0.49164611 -0.87079507 4.2919915e-08
vn -0.95161062 -0.30730158 -0.0017320262
vn -0.88482851 -0.46591571 -0.0010388974
vn -0.88467318 -0.46621114 -0.0007582031
vn -0.95141613 -0.30790296 -0.0017889739
vn -0.72645348 -0.68721569 0
vn -0.52645427 -0.85020345 0
vn -0.52645451 -0.85020334 1.2765752e-08
vn -0.7264533 -0.68721592 4.4181217e-08
vn -1.4901094e-06 -0.99999994 1.0560599e-06
vn -2.7951053e-06 -0.93788499 0.34694633
vn -1.3005986e-06 -0.93788505 0.34694597
vn -8.4439608e-07 -0.99999994 6.30702e-07
vn -0.99254858 -0.12184703 -0.00070209848
vn -0.95161062 -0.30730158 -0.0017320262
vn -0.95141613 -0.30790296 -0.0017889739
vn -0.99147105 -0.13032494 -0.00082738145
vn -0.88482851 -0.46591571 -0.0010388974
vn -0.72645348 -0.68721569 0
vn -0.7264533 -0.68721592 4.4181217e-08
vn -0.88467318 -0.46621114 -0.0007582031
vn -0.52645427 -0.85020345 0
vn -0.34727812 -0.9377622 0
vn -0.34727779 -0.9377622 -1.8821636e-08
vn -0.52645451 -0.85020334 1.2765752e-08
vn 0.0017070109 -0.30728465 0.95161611
vn 0.0006769441 -0.1218588 0.99254721
vn 0.00081840699 -0.13032915 0.99147046
vn 0.0017906595 -0.30788773 0.95142102
vn 0 -0.68636894 0.7272535
vn 0.0010388294 -0.46375552 0.88596261
vn 0.00078025198 -0.46405447 0.88580626
vn 0 -0.68636876 0.72725379
vn 0 -0.93788505 -0.34694615
vn 0 -0.85065031 -0.52573192
vn 0 -0.85065025 -0.52573198
vn -9.7141111e-08 -0.93788505 -0.34694612
vn 0.0010388294 -0.46375552 0.88596261
vn 0.0017070109 -0.30728465 0.95161611
vn 0.0017906595 -0.30788773 0.95142102
vn 0.00078025198 -0.46405447 0.88580626
vn -1.3380533e-06 -0.85130417 0.52467251
vn 0 -0.68636894 0.7272535
vn 0 -0.68636876 0.72725379
vn -6.6902845e-07 -0.85130417 0.52467251
vn 0.00018735891 -0.99999994 2.4574626e-07
vn 0.00049549452 -0.99999994 1.2299462e-07
vn 0.3469466 -0.93788481 1.6967991e-07
vn 0.29801717 -0.95456046 3.8224476e-07
vn 0.99262613 -0.1212163 0
vn 0.95143753 -0.3078419 0
vn 0.95143753 -0.30784202 -5.5971066e-07
vn 0.99155509 -0.12968642 -1.6206184e-07
vn 0.88448244 -0.46657345 0
vn 0.72645342 -0.68721563 0
vn 0.72645342 -0.68721563 8.6073229e-08
vn 0.88448238 -0.46657342 0
vn 0.52573305 -0.85064965 0
vn 0.34694603 -0.93788511 0
vn 0.34694576 -0.93788511 8.5711847e-08
vn 0.52573299 -0.85064971 1.4641751e-07
vn -0.003828991 -0.99999267 -3.635051e-08
vn 4.8891636e-08 -1 -1.714829e-08
vn -0.34694615 -0.93788499 -2.2917018e-07
vn -0.29801697 -0.95456064 -1.4008126e-07
vn 0.95143753 -0.3078419 0
vn 0.88448244 -0.46657345 0
vn 0.88448238 -0.46657342 0
vn 0.95143753 -0.30784202 -5.5971066e-07
vn 0.72645342 -0.68721563 0
vn 0.52573305 -0.85064965 0
vn 0.52573299 -0.85064971 1.4641751e-07
vn 0.72645342 -0.68721563 8.6073229e-08
vn 0.34694603 -0.93788511 0
vn 3.6179813e-07 -1 0
vn 4.8891636e-08 -1 -1.714829e-08
vn 0.34694576 -0.93788511 8.5711847e-08
vn 0.70726347 -0.00022006156 -0.70695001
vn 0.69710839 0.0010081299 -0.71696502
vn 0.69713676 0.0010087746 -0.71693754
vn 0.70726424 -0.00022093087 -0.70694929
vn 0.71401364 -0.028049415 0.69956958
vn 0.71039885 -0.011906581 0.70369864
vn 0.7103976 -0.011901567 0.70369995
vn 0.71401364 -0.028049415 0.69956958
vn -0.70603144 -0.0055075916 0.70815915
vn -0.70706791 0.00095497014 0.70714509
vn -0.70706815 0.00095253927 0.70714486
vn -0.70602691 -0.0055175466 0.70816362
vn 0.70341164 -0.014038174 0.71064413
vn 0.69956046 -0.028077198 0.71402162
vn 0.69956046 -0.028077198 0.71402162
vn 0.70341283 -0.014033764 0.71064293
vn -0.71401972 -0.028084533 -0.69956213
vn -0.71064287 -0.0140449 -0.70341271
vn -0.71064168 -0.014040131 -0.70341402
vn -0.71401972 -0.028084533 -0.69956213
vn 0.70710659 2.0192074e-06 0.70710707
vn 0.70341164 -0.014038174 0.71064413
vn 0.70341283 -0.014033764 0.71064293
vn 0.70710647 2.0201931e-06 0.70710707
vn 0.70813298 -0.00098975014 -0.70607841
vn 0.70726347 -0.00022006156 -0.70695001
vn 0.70726424 -0.00022093087 -0.70694929
vn 0.70813298 -0.00098988169 -0.70607835
vn -0.70462328 -0.0090945801 -0.70952338
vn -0.70316982 -0.015994856 -0.71084207
vn -0.7031709 -0.015991328 -0.71084118
vn -0.70461941 -0.0091039157 -0.70952696
vn -0.71064287 -0.0140449 -0.70341271
vn -0.70710725 -2.9218527e-06 -0.70710629
vn -0.70710719 -2.9214123e-06 -0.70710629
vn -0.71064168 -0.014040131 -0.70341402
vn -0.70706791 0.00095497014 0.70714509
vn -0.70721841 0.0023098472 0.70699137
vn -0.70721912 0.0023072108 0.7069906
vn -0.70706815 0.00095253927 0.70714486
vn 0.71039885 -0.011906581 0.70369864
vn 0.70965421 0.013498775 0.70442098
vn 0.7096433 0.013466109 0.70443231
vn 0.7103976 -0.011901567 0.70369995
vn 0.70710701 7.5612638e-07 0.70710659
vn 0.70710659 2.0192074e-06 0.70710707
vn 0.70710647 2.0201931e-06 0.70710707
vn 0.70710707 7.5610382e-07 0.70710659
vn 0.70580888 0.0013087034 -0.70840102
vn 0.70813298 -0.00098975014 -0.70607841
vn 0.70813298 -0.00098988169 -0.70607835
vn 0.70580596 0.0013111824 -0.708404
vn -0.69999921 -0.012697812 -0.71403068
vn -0.70462328 -0.0090945801 -0.70952338
vn -0.70461941 -0.0091039157 -0.70952696
vn -0.69998813 -0.012692359 -0.71404177
vn -0.70710725 -2.9218527e-06 -0.70710629
vn -0.70710623 -2.668374e-06 -0.70710731
vn -0.70710629 -2.6684088e-06 -0.70710731
vn -0.70710719 -2.9214123e-06 -0.70710629
vn -0.70721841 0.0023098472 0.70699137
vn -0.70905256 0.0016380346 0.70515358
vn -0.70905459 0.0016400162 0.70515174
vn -0.70721912 0.0023072108 0.7069906
vn 0.70965421 0.013498775 0.70442098
vn 0.6982199 0.0072666155 0.71584642
vn 0.6982674 0.0073167239 0.71579969
vn 0.7096433 0.013466109 0.70443231
vn 0.70710593 -3.1210607e-07 0.7071076
vn 0.70710701 7.5612638e-07 0.70710659
vn 0.70710707 7.5610382e-07 0.70710659
vn 0.70710593 -3.1327514e-07 0.70710766
vn 0.70185596 0.0012951049 -0.71231765
vn 0.70580888 0.0013087034 -0.70840102
vn 0.70580596 0.0013111824 -0.708404
vn 0.70224136 0.0016130864 -0.71193707
vn -0.69996452 -0.0068299542 -0.71414489
vn -0.69999921 -0.012697812 -0.71403068
vn -0.69998813 -0.012692359 -0.71404177
vn -0.69995093 -0.006853757 -0.714158
vn -0.70710623 -2.668374e-06 -0.70710731
vn -0.70710522 3.1210132e-07 -0.70710832
vn -0.70710522 3.1327909e-07 -0.70710832
vn -0.70710629 -2.6684088e-06 -0.70710731
vn 0.6982199 0.0072666155 0.71584642
vn 0.6929822 -0.0029376606 0.7209487
vn 0.69306111 -0.0028945538 0.72087306
vn 0.6982674 0.0073167239 0.71579969
vn -0.70905256 0.0016380346 0.70515358
vn -0.71231943 0.0012954228 0.70185435
vn -0.71193808 0.0016134731 0.70224035
vn -0.70905459 0.0016400162 0.70515174
vn -0.64424819 -0.41218022 0.64424509
vn -0.69736224 -0.16545238 0.6973604
vn -0.69736224 -0.16545235 0.6973604
vn -0.64424819 -0.41218024 0.64424509
vn -0.56896549 -0.593768 0.5689621
vn -0.64424819 -0.41218022 0.64424509
vn -0.64424819 -0.41218024 0.64424509
vn -0.56896544 -0.59376812 0.56896198
vn -0.42859423 -0.79537129 0.42859238
vn -0.56896549 -0.593768 0.5689621
vn -0.56896544 -0.59376812 0.56896198
vn -0.42859417 -0.79537135 0.42859235
vn -0.28375575 -0.91595125 0.28375322
vn -0.42859423 -0.79537129 0.42859238
vn -0.42859417 -0.79537135 0.42859235
vn -0.28375572 -0.91595131 0.28375322
vn -0.18061127 -0.96684891 0.18050677
vn -0.28375575 -0.91595125 0.28375322
vn -0.28375572 -0.91595131 0.28375322
vn -0.18061125 -0.96684897 0.18050675
vn -0.69736075 -0.16545236 -0.69736177
vn -0.64424664 -0.41218013 -0.64424664
vn -0.64424676 -0.41217986 -0.64424676
vn -0.69736075 -0.16545235 -0.69736177
vn -0.64424664 -0.41218013 -0.64424664
vn -0.56896311 -0.59376931 -0.56896311
vn -0.56896317 -0.59376919 -0.56896317
vn -0.64424676 -0.41217986 -0.64424676
vn -0.56896311 -0.59376931 -0.56896311
vn -0.42858863 -0.79537648 -0.42858863
vn -0.42859548 -0.79536903 -0.42859548
vn -0.56896317 -0.59376919 -0.56896317
vn -0.42858863 -0.79537648 -0.42858863
vn -0.28438634 -0.9158662 -0.28339648
vn -0.28436297 -0.9158808 -0.28337261
vn -0.42859548 -0.79536903 -0.42859548
vn -0.28438634 -0.9158662 -0.28339648
vn -0.18165353 -0.96673065 -0.18009445
vn -0.18110259 -0.96693563 -0.17954765
vn -0.28436297 -0.9158808 -0.28337261
vn 0.6442439 -0.41219619 0.64423907
vn 0.69736338 -0.16545209 0.69735926
vn 0.6973635 -0.16545205 0.69735926
vn 0.64424992 -0.41217759 0.64424503
vn 0.56797415 -0.59313297 0.57061255
vn 0.6442439 -0.41219619 0.64423907
vn 0.64424992 -0.41217759 0.64424503
vn 0.56794 -0.59319687 0.57058018
vn 0.42706951 -0.79459012 0.43155318
vn 0.56797415 -0.59313297 0.57061255
vn 0.56794 -0.59319687 0.57058018
vn 0.42611617 -0.79562318 0.43059126
vn 0.28942621 -0.91528517 0.28015253
vn 0.42706951 -0.79459012 0.43155318
vn 0.42611617 -0.79562318 0.43059126
vn 0.28910503 -0.91551697 0.27972671
vn 0.18661219 -0.96767557 0.16964646
vn 0.28942621 -0.91528517 0.28015253
vn 0.28910503 -0.91551697 0.27972671
vn 0.19293086 -0.96539897 0.17544954
vn -0.18165353 -0.96673065 -0.18009445
vn -0.12415776 -0.98460543 -0.12303273
vn -0.12415776 -0.98460543 -0.12303273
vn -0.18110259 -0.96693563 -0.17954765
vn 0.12837687 -0.98489803 0.11616937
vn 0.18661219 -0.96767557 0.16964646
vn 0.19293086 -0.96539897 0.17544954
vn 0.12837687 -0.98489803 0.11616937
vn 0.64422756 -0.41227797 -0.64420307
vn 0.69736058 -0.16545254 -0.69736189
vn 0.69736058 -0.16545258 -0.69736195
vn 0.64426935 -0.41214764 -0.64424485
vn 0.57972336 -0.5908016 -0.56113654
vn 0.64422756 -0.41227797 -0.64420307
vn 0.64426935 -0.41214764 -0.64424485
vn 0.58014739 -0.58979017 -0.56176198
vn 0.4482598 -0.79063278 -0.41708878
vn 0.57972336 -0.5908016 -0.56113654
vn 0.58014739 -0.58979017 -0.56176198
vn 0.44257107 -0.79661685 -0.41174304
vn 0.28898436 -0.91651261 -0.2765733
vn 0.4482598 -0.79063278 -0.41708878
vn 0.44257107 -0.79661685 -0.41174304
vn 0.28860161 -0.91672128 -0.27628076
vn 0.18062131 -0.96684551 -0.18051518
vn 0.28898436 -0.91651261 -0.2765733
vn 0.28860161 -0.91672128 -0.27628076
vn 0.18056789 -0.96686548 -0.1804617
vn -0.12385065 -0.98456734 0.12364531
vn -0.18061127 -0.96684891 0.18050677
vn -0.18061125 -0.96684897 0.18050675
vn -0.12385065 -0.98456734 0.12364531
vn 0.12380348 -0.98457783 -0.12360859
vn 0.18062131 -0.96684551 -0.18051518
vn 0.18056789 -0.96686548 -0.1804617
vn 0.12380348 -0.98457783 -0.12360859
vn -0.70316982 -0.015994856 -0.71084207
vn -0.69964659 -0.027773961 -0.71394902
vn -0.69964659 -0.027773961 -0.71394902
vn -0.7031709 -0.015991328 -0.71084118
vn 0.70872605 0.0014722274 -0.7054823
vn 0.71232235 0.001295429 -0.70185125
vn 0.71194088 0.0016134927 -0.70223755
vn 0.70872855 0.0014744677 -0.7054798
vn -0.70187962 -0.022077784 0.71195334
vn -0.70603144 -0.0055075916 0.70815915
vn -0.70602691 -0.0055175466 0.70816362
vn -0.70189404 -0.02200794 0.7119413
vn -0.70548195 0.0014733082 0.70872629
vn -0.70710588 1.0231767e-06 0.70710766
vn -0.70710588 1.0228624e-06 0.7071076
vn -0.7054795 0.0014755501 0.70872879
vn 0.69710839 0.0010081299 -0.71696502
vn 0.70945364 -0.0078526586 -0.70470834
vn 0.70954806 -0.0078915833 -0.70461285
vn 0.69713676 0.0010087746 -0.71693754
vn -0.71045631 -0.013137975 0.70361871
vn -0.71252972 -0.027785117 0.70109159
vn -0.71252972 -0.027785117 0.70109159
vn -0.71045655 -0.013140094 0.70361841
vn 0.70710665 -2.6705661e-07 -0.70710701
vn 0.70872605 0.0014722274 -0.7054823
vn 0.70872855 0.0014744677 -0.7054798
vn 0.70710665 -2.6722853e-07 -0.70710701
vn 0.69951093 -0.028773144 -0.71404243
vn 0.70326954 -0.014808556 -0.71076894
vn 0.70327228 -0.014797796 -0.71076643
vn 0.69951093 -0.028773144 -0.71404243
vn -0.70710588 1.0231767e-06 0.70710766
vn -0.70702922 0.00014416997 0.70718431
vn -0.70702922 0.00014417472 0.70718431
vn -0.70710588 1.0228624e-06 0.7071076
vn -0.69904608 -0.035438284 0.71419787
vn -0.70187962 -0.022077784 0.71195334
vn -0.70189404 -0.02200794 0.7119413
vn -0.69904608 -0.035438284 0.71419787
vn 0.70945364 -0.0078526586 -0.70470834
vn 0.73020053 -0.016546363 -0.68303251
vn 0.73020053 -0.016546363 -0.68303251
vn 0.70954806 -0.0078915833 -0.70461285
vn 0.70703036 -0.00014437105 -0.70718312
vn 0.70710665 -2.6705661e-07 -0.70710701
vn 0.70710665 -2.6722853e-07 -0.70710701
vn 0.70703048 -0.00014437562 -0.70718312
vn -0.70702922 0.00014416997 0.70718431
vn -0.70758861 0.00089601643 0.70662415
vn -0.70758873 0.00089621759 0.70662391
vn -0.70702922 0.00014417472 0.70718431
vn 0.70318222 0.0026274694 0.71100491
vn 0.70185065 0.0012959056 0.71232307
vn 0.70223689 0.0016140945 0.71194148
vn 0.70318323 0.0026279485 0.7110039
vn -0.70548177 0.0014731993 -0.70872653
vn -0.70185399 0.0012951072 -0.71231973
vn -0.70223993 0.0016130895 -0.7119385
vn -0.70547926 0.0014754289 -0.70872909
vn 0.70691431 -0.00056133344 -0.70729893
vn 0.70703036 -0.00014437105 -0.70718312
vn 0.70703048 -0.00014437562 -0.70718312
vn 0.70691425 -0.00056152412 -0.70729899
vn -0.71231991 0.0012955975 -0.70185375
vn -0.70645839 0.00032934072 -0.70775443
vn -0.70646429 0.00033326249 -0.70774853
vn -0.7119382 0.0016136906 -0.70224023
vn -0.70758861 0.00089601643 0.70662415
vn -0.71045631 -0.013137975 0.70361871
vn -0.71045655 -0.013140094 0.70361841
vn -0.70758873 0.00089621759 0.70662391
vn 0.6929822 -0.0029376606 0.7209487
vn 0.70318222 0.0026274694 0.71100491
vn 0.70318323 0.0026279485 0.7110039
vn 0.69306111 -0.0028945538 0.72087306
vn 0.70326954 -0.014808556 -0.71076894
vn 0.70691431 -0.00056133344 -0.70729893
vn 0.70691425 -0.00056152412 -0.70729899
vn 0.70327228 -0.014797796 -0.71076643
vn -0.70710522 3.1210132e-07 -0.70710832
vn -0.70548177 0.0014731993 -0.70872653
vn -0.70547926 0.0014754289 -0.70872909
vn -0.70710522 3.1327909e-07 -0.70710832
vn -0.70645839 0.00032934072 -0.70775443
vn -0.69996452 -0.0068299542 -0.71414489
vn -0.69995093 -0.006853757 -0.714158
vn -0.70646429 0.00033326249 -0.70774853
vn 0.70868212 0.0014621284 0.70552629
vn 0.70710593 -3.1210607e-07 0.7071076
vn 0.70710593 -3.1327514e-07 0.70710766
vn 0.70868945 0.0014689057 0.70551902
vn -0.70870274 0.00010133212 0.70550722
vn -0.70870274 0.00010133212 0.70550722
vn -0.70870161 0.0001067795 0.70550835
vn -0.70870155 0.00010677655 0.70550835
vn 0.71313918 -0.0081819324 -0.7009747
vn 0.71313918 -0.0081819324 -0.7009747
vn 0.71457452 -0.0014384547 -0.69955784
vn 0.71457469 -0.0014375985 -0.69955766
vn -0.7067849 -1.8860674e-05 -0.70742851
vn -0.7067849 -1.8860674e-05 -0.70742851
vn -0.70678389 -1.4967059e-05 -0.70742947
vn -0.70678395 -1.4967288e-05 -0.70742953
vn 0.74140024 -0.67106259 0.00088948745
vn 0.74056739 -0.67198151 0.00088864699
vn 0.8212328 -0.57059246 0.00096887437
vn -0.0014801525 -0.58112621 0.81381208
vn -0.0014412003 -0.58003402 0.81459099
vn -0.0013802217 -0.62758625 0.7785458
vn -0.0013380734 -0.6768564 0.73611385
vn -0.81446415 -0.58021247 -0.0012879136
vn -0.7348935 -0.67818207 0.00080700178
vn -0.70945525 -0.70474893 0.0014162123
vn 0.0011828113 -0.58089989 -0.81397408
vn 0.0010594286 -0.67794937 -0.73510784
vn 0.0010596809 -0.67777336 -0.73527008
vn -0.70945525 -0.70474893 0.0014162123
vn -0.7348935 -0.67818207 0.00080700178
vn -0.62924111 -0.77720362 0.0031931216
vn -0.62924111 -0.77720362 0.0031931216
vn 0.71457469 -0.0014375985 -0.69955766
vn 0.71457452 -0.0014384547 -0.69955784
vn 0.71735311 0.012119574 -0.69660425
vn 0.70713782 1.5513946e-05 0.70707577
vn 0.70713776 1.5509604e-05 0.70707577
vn 0.70714295 1.8070708e-05 0.70707065
vn -0.70870155 0.00010677655 0.70550835
vn -0.70870161 0.0001067795 0.70550835
vn -0.70869929 0.00011773178 0.70551068
vn -0.70869929 0.00011773178 0.70551068
vn -0.70678395 -1.4967288e-05 -0.70742953
vn -0.70678389 -1.4967059e-05 -0.70742947
vn -0.70678192 -7.1384179e-06 -0.7074315
vn 0.74140024 -0.67106259 0.00088948745
vn 0.63410908 -0.77324319 0.00077967829
vn 0.74056739 -0.67198151 0.00088864699
vn -0.0013802217 -0.62758625 0.7785458
vn -0.0014412003 -0.58003402 0.81459099
vn -0.0013559636 -0.57764053 0.81629014
vn 0.0010594286 -0.67794937 -0.73510784
vn 0.00089819514 -0.77583247 -0.63093829
vn 0.0010596809 -0.67777336 -0.73527008
vn -0.0013802217 -0.62758625 0.7785458
vn -0.0011503038 -0.77386689 0.63334733
vn -0.0013380734 -0.6768564 0.73611385
vn 0.006567989 -0.12363414 0.99230617
vn 0.0059335632 -0.13207261 0.99122226
vn 0.0073162313 -0.0073169013 0.99994648
vn 0.0073162313 -0.0073169013 0.99994648
vn 0.70185596 0.0012951049 -0.71231765
vn 0.70224136 0.0016130864 -0.71193707
vn 0.70028365 0 -0.71386468
vn 0.70028365 0 -0.71386468
vn -0.99155498 -0.12968712 -2.0576324e-06
vn -0.99262601 -0.12121701 -2.2166848e-06
vn -1 0 -2.2352031e-06
vn -1 0 -2.2352031e-06
vn 0.99262613 -0.1212163 0
vn 0.99155509 -0.12968642 -1.6206184e-07
vn 1 0 0
vn 1 0 0
vn 0.71194088 0.0016134927 -0.70223755
vn 0.71232235 0.001295429 -0.70185125
vn 0.71387309 0 -0.70027524
vn 0.71387309 0 -0.70027524
vn 0.00081840699 -0.13032915 0.99147046
vn 0.0006769441 -0.1218588 0.99254721
vn 0 0 1
vn 0 0 1
vn 0.69736058 -0.16545258 -0.69736195
vn 0.69736058 -0.16545254 -0.69736189
vn 0.70710629 0 -0.70710731
vn 0.70710629 0 -0.70710731
vn -0.70223993 0.0016130895 -0.7119385
vn -0.70185399 0.0012951072 -0.71231973
vn -0.70027876 0 -0.71386945
vn -0.70027876 0 -0.71386945
vn -0.71193808 0.0016134731 0.70224035
vn -0.71231943 0.0012954228 0.70185435
vn -0.71386945 0 0.70027882
vn -0.71386945 0 0.70027882
vn 0.00067694997 -0.12185934 -0.99254715
vn 0.00081840897 -0.13032924 -0.99147046
vn 0 0 -1
vn 0 0 -1
vn -0.69736075 -0.16545236 -0.69736177
vn -0.69736075 -0.16545235 -0.69736177
vn -0.70710576 0 -0.70710784
vn -0.70710576 0 -0.70710784
vn 0.70223689 0.0016140945 0.71194148
vn 0.70185065 0.0012959056 0.71232307
vn 0.70027465 0 0.71387362
vn 0.70027465 0 0.71387362
vn 0.99147105 -0.130325 -0.00082873693
vn 0.99254858 -0.12184753 -0.00070325163
vn 1 0 -2.9802795e-06
vn 1 0 -2.9802795e-06
vn 0.6973635 -0.16545205 0.69735926
vn 0.69736338 -0.16545209 0.69735926
vn 0.70710987 0 0.70710367
vn 0.70710987 0 0.70710367
vn -0.00082012167 -0.13032946 -0.99147034
vn -0.00068198692 -0.12185784 -0.99254727
vn 0 0 -0.99999994
vn 0 0 -0.99999994
vn -0.69736224 -0.16545235 0.6973604
vn -0.69736224 -0.16545238 0.6973604
vn -0.70710778 0 0.70710576
vn -0.70710778 0 0.70710576
vn -0.99254858 -0.12184703 -0.00070209848
vn -0.99147105 -0.13032494 -0.00082738145
vn -1 0 0
vn -1 0 0
vn -0.71231991 0.0012955975 -0.70185375
vn -0.7119382 0.0016136906 -0.70224023
vn -0.71387154 0 -0.70027667
vn -0.71387154 0 -0.70027667
vn 0.70713526 1.423552e-05 0.70707834
vn 0.70713526 1.423552e-05 0.70707834
vn 0.70713776 1.5509604e-05 0.70707577
vn 0.70713782 1.5513946e-05 0.70707577
vn 9.7141246e-08 -0.93788505 0.34694612
vn 0 -0.85065001 0.52573246
vn 0 -0.85064977 0.52573264
vn 0 -0.93788499 0.34694618
vn -6.2450709e-07 -0.68721485 0.7264542
vn -0.00077739649 -0.46619198 0.88468331
vn -0.0010405144 -0.4658936 0.88484007
vn -8.2665474e-07 -0.68721539 0.72645378
vn -7.7681671e-06 -0.30541125 0.95222056
vn 0.0059335632 -0.13207261 0.99122226
vn 0.006567989 -0.12363414 0.99230617
vn 0.0018608894 -0.30562651 0.95214963
vn 0.71229088 0.001288741 0.70188326
vn 0.70868212 0.0014621284 0.70552629
vn 0.70868945 0.0014689057 0.70551902
vn 0.71189654 0.0016095663 0.70228249
vn 0 -0.85065025 -0.52573198
vn 2.1117864e-07 -0.68721581 -0.72645336
vn 2.7112637e-07 -0.73025912 -0.6831702
vn 0 -0.87079549 -0.49164546
vn 2.1117864e-07 -0.68721581 -0.72645336
vn -0.00077600911 -0.46619245 -0.88468301
vn -0.00037787549 -0.49024239 -0.87158614
vn 2.7112637e-07 -0.73025912 -0.6831702
vn 0.71386826 2.8300087e-06 0.70028001
vn 0.71229088 0.001288741 0.70188326
vn 0.71189654 0.0016095663 0.70228249
vn 0.71386826 2.8300087e-06 0.70028001
vn 0 -0.85065001 0.52573246
vn -6.2450709e-07 -0.68721485 0.7264542
vn -8.2665474e-07 -0.68721539 0.72645378
vn 0 -0.85064977 0.52573264
vn -0.00077739649 -0.46619198 0.88468331
vn -7.7681671e-06 -0.30541125 0.95222056
vn 0.0018608894 -0.30562651 0.95214963
vn -0.0010405144 -0.4658936 0.88484007
vn -9.7141111e-08 -0.93788505 -0.34694612
vn 0 -0.85065025 -0.52573198
vn 0 -0.87079549 -0.49164546
vn -2.854805e-07 -0.95456064 -0.298017
vn 1.0257874e-13 -1 -2.3956903e-07
vn -9.7141111e-08 -0.93788505 -0.34694612
vn -2.854805e-07 -0.95456064 -0.298017
vn 3.4765523e-13 -1 2.9739027e-07
vn 1.0257874e-13 -1 -2.3956903e-07
vn 9.7141246e-08 -0.93788505 0.34694612
vn 0 -0.93788499 0.34694618
vn 0 -1 -6.8448293e-07
vn -0.00077600911 -0.46619245 -0.88468301
vn -0.0017896437 -0.30789098 -0.95141995
vn -0.0016972683 -0.32050937 -0.94724381
vn -0.00037787549 -0.49024239 -0.87158614
vn -0.0017896437 -0.30789098 -0.95141995
vn -0.00082012167 -0.13032946 -0.99147034
vn -0.0016972683 -0.32050937 -0.94724381
vn -0.7264533 -0.68721592 4.4181217e-08
vn -0.52645451 -0.85020334 1.2765752e-08
vn -0.49268952 -0.87020516 -4.0100979e-08
vn -0.6831699 -0.73025942 1.1967259e-07
vn -0.99147105 -0.13032494 -0.00082738145
vn -0.95141613 -0.30790296 -0.0017889739
vn -0.94723713 -0.32052946 -0.0016564268
vn -0.52645451 -0.85020334 1.2765752e-08
vn -0.34727779 -0.9377622 -1.8821636e-08
vn -0.29769522 -0.95466101 3.1387506e-09
vn -0.49268952 -0.87020516 -4.0100979e-08
vn 0.3469466 -0.93788481 1.6967991e-07
vn 0.00049549452 -0.99999994 1.2299462e-07
vn 0.0004945462 -0.99999994 0
vn 0.34694687 -0.93788475 0
vn 0.5257327 -0.85064983 -2.6710399e-08
vn 0.3469466 -0.93788481 1.6967991e-07
vn 0.34694687 -0.93788475 0
vn 0.52573311 -0.85064954 0
vn 0.88467336 -0.46621066 -0.00075817766
vn 0.7264536 -0.68721545 -8.9340155e-08
vn 0.72645366 -0.68721533 0
vn 0.88482869 -0.46591535 -0.0010394142
vn 0.99147105 -0.130325 -0.00082873693
vn 0.95141613 -0.30790296 -0.0017900616
vn 0.95161045 -0.30730209 -0.001732189
vn 0.99254858 -0.12184753 -0.00070325163
vn -0.7018528 0.0012959116 0.71232086
vn -0.70548195 0.0014733082 0.70872629
vn -0.7054795 0.0014755501 0.70872879
vn -0.70223904 0.0016140925 0.71193945
vn -0.95141613 -0.30790296 -0.0017889739
vn -0.88467318 -0.46621114 -0.0007582031
vn -0.87157959 -0.49025401 -0.00035202451
vn -0.94723713 -0.32052946 -0.0016564268
vn -0.88467318 -0.46621114 -0.0007582031
vn -0.7264533 -0.68721592 4.4181217e-08
vn -0.6831699 -0.73025942 1.1967259e-07
vn -0.87157959 -0.49025401 -0.00035202451
vn -0.34727779 -0.9377622 -1.8821636e-08
vn 0.00049549452 -0.99999994 1.2299462e-07
vn 0.00018735891 -0.99999994 2.4574626e-07
vn -0.29769522 -0.95466101 3.1387506e-09
vn 0.7264536 -0.68721545 -8.9340155e-08
vn 0.5257327 -0.85064983 -2.6710399e-08
vn 0.52573311 -0.85064954 0
vn 0.72645366 -0.68721533 0
vn 0.95141613 -0.30790296 -0.0017900616
vn 0.88467336 -0.46621066 -0.00075817766
vn 0.88482869 -0.46591535 -0.0010394142
vn 0.95161045 -0.30730209 -0.001732189
vn -0.70027667 0 0.71387148
vn -0.7018528 0.0012959116 0.71232086
vn -0.70223904 0.0016140925 0.71193945
vn -0.70027667 0 0.71387148
vn 0 -0.68636876 0.72725379
vn 0.00078025198 -0.46405447 0.88580626
vn 0.00038442915 -0.48760632 0.87306356
vn 0 -0.73040593 0.68301332
vn 0.00078025198 -0.46405447 0.88580626
vn 0.0017906595 -0.30788773 0.95142102
vn 0.0017086241 -0.32050565 0.94724512
vn 0.00038442915 -0.48760632 0.87306356
vn -1.3005986e-06 -0.93788505 0.34694597
vn -6.6902845e-07 -0.85130417 0.52467251
vn 0 -0.8711049 0.49109703
vn 2.8493054e-07 -0.95456046 0.29801705
vn 5.9846548e-07 -0.85065037 -0.52573168
vn 8.1437952e-07 -0.68721586 -0.72645324
vn 1.2094546e-06 -0.68721569 -0.72645348
vn 1.1969288e-06 -0.85065031 -0.52573186
vn 0.00078037538 -0.46618772 -0.88468552
vn 0.0017903711 -0.3078869 -0.95142126
vn 0.0017070266 -0.30728516 -0.95161593
vn 0.0010390962 -0.46588871 -0.88484269
vn -1.9390775e-07 -0.93788505 -0.34694603
vn 5.9846548e-07 -0.85065037 -0.52573168
vn 1.1969288e-06 -0.85065031 -0.52573186
vn 0 -0.93788511 -0.34694567
vn -8.4439608e-07 -0.99999994 6.30702e-07
vn -1.3005986e-06 -0.93788505 0.34694597
vn 2.8493054e-07 -0.95456046 0.29801705
vn -1.9868241e-07 -0.99999994 8.633905e-08
vn 0.0017906595 -0.30788773 0.95142102
vn 0.00081840699 -0.13032915 0.99147046
vn 0.0017086241 -0.32050565 0.94724512
vn -6.6902845e-07 -0.85130417 0.52467251
vn 0 -0.68636876 0.72725379
vn 0 -0.73040593 0.68301332
vn 0 -0.8711049 0.49109703
vn -8.4439608e-07 -0.99999994 6.30702e-07
vn -1.9390775e-07 -0.93788505 -0.34694603
vn 0 -0.93788511 -0.34694567
vn -1.4901094e-06 -0.99999994 1.0560599e-06
vn 8.1437952e-07 -0.68721586 -0.72645324
vn 0.00078037538 -0.46618772 -0.88468552
vn 0.0010390962 -0.46588871 -0.88484269
vn 1.2094546e-06 -0.68721569 -0.72645348
vn 0.0017903711 -0.3078869 -0.95142126
vn 0.00081840897 -0.13032924 -0.99147046
vn 0.00067694997 -0.12185934 -0.99254715
vn 0.0017070266 -0.30728516 -0.95161593
vn 0.88448238 -0.46657342 0
vn 0.72645342 -0.68721563 8.6073229e-08
vn 0.6831708 -0.73025864 2.3314463e-07
vn 0.87155211 -0.49030277 0
vn -0.72645414 -0.68721497 -1.0105317e-06
vn -0.52573276 -0.85064977 -5.5722404e-07
vn -0.52573323 -0.85064954 -1.2483002e-06
vn -0.72645503 -0.68721408 -2.193208e-06
vn -0.95143712 -0.30784309 -1.1100765e-06
vn -0.88448304 -0.46657246 -1.1981678e-06
vn -0.88448334 -0.46657193 -2.3963364e-06
vn -0.951437 -0.30784336 -2.2158756e-06
vn -0.34694615 -0.93788499 -2.2917018e-07
vn 4.8891636e-08 -1 -1.714829e-08
vn 3.6179813e-07 -1 0
vn -0.3469463 -0.93788499 -3.3956798e-07
vn 0.72645342 -0.68721563 8.6073229e-08
vn 0.52573299 -0.85064971 1.4641751e-07
vn 0.4919942 -0.8705985 2.7179638e-07
vn 0.6831708 -0.73025864 2.3314463e-07
vn 0.99155509 -0.12968642 -1.6206184e-07
vn 0.95143753 -0.30784202 -5.5971066e-07
vn 0.94743949 -0.31993496 -9.1930087e-07
vn 0.52573299 -0.85064971 1.4641751e-07
vn 0.34694576 -0.93788511 8.5711847e-08
vn 0.29879969 -0.9543159 1.3692207e-07
vn 0.4919942 -0.8705985 2.7179638e-07
vn 0.95143753 -0.30784202 -5.5971066e-07
vn 0.88448238 -0.46657342 0
vn 0.87155211 -0.49030277 0
vn 0.94743949 -0.31993496 -9.1930087e-07
vn 0.34694576 -0.93788511 8.5711847e-08
vn 4.8891636e-08 -1 -1.714829e-08
vn -0.003828991 -0.99999267 -3.635051e-08
vn 0.29879969 -0.9543159 1.3692207e-07
vn -0.88448304 -0.46657246 -1.1981678e-06
vn -0.72645414 -0.68721497 -1.0105317e-06
vn -0.72645503 -0.68721408 -2.193208e-06
vn -0.88448334 -0.46657193 -2.3963364e-06
vn -0.99155498 -0.12968712 -2.0576324e-06
vn -0.95143712 -0.30784309 -1.1100765e-06
vn -0.951437 -0.30784336 -2.2158756e-06
vn -0.99262601 -0.12121701 -2.2166848e-06
vn -0.52573276 -0.85064977 -5.5722404e-07
vn -0.34694615 -0.93788499 -2.2917018e-07
vn -0.3469463 -0.93788499 -3.3956798e-07
vn -0.52573323 -0.85064954 -1.2483002e-06
vn -0.34727788 -0.9377622 0
vn 0.00049540651 -0.99999994 -1.7274114e-07
vn 0.00049587095 -0.99999994 -8.1159875e-08
vn -0.34727767 -0.93776232 -9.8643561e-08
vn 1.2903642e-07 -0.95456052 0.29801747
vn 3.5086055e-07 -0.87079537 0.49164557
vn 1.2197587e-07 -0.85065019 0.52573216
vn 1.2221273e-07 -0.93788505 0.34694612
vn 3.5086055e-07 -0.87079537 0.49164557
vn 0 -0.73025882 0.68317062
vn -4.1332768e-07 -0.68721479 0.7264542
vn 1.2197587e-07 -0.85065019 0.52573216
vn 0 -0.73025882 0.68317062
vn -0.00037882294 -0.49024138 0.87158662
vn -0.00077732652 -0.46619141 0.88468349
vn -4.1332768e-07 -0.68721479 0.7264542
vn -0.00037882294 -0.49024138 0.87158662
vn -0.0016711195 -0.31768993 0.94819319
vn -8.1054641e-06 -0.30541158 0.95222038
vn -0.00077732652 -0.46619141 0.88468349
vn -0.0016711195 -0.31768993 0.94819319
vn 0.0059338044 -0.13207345 0.9912222
vn -8.1054641e-06 -0.30541158 0.95222038
vn 7.3190592e-14 -1 -5.7559426e-08
vn -2.8493002e-07 -0.95456046 -0.29801723
vn -9.6953769e-08 -0.93788493 -0.34694645
vn 7.4505874e-07 -1 6.453696e-07
vn -0.49164465 -0.87079591 -8.7280569e-08
vn -0.52573192 -0.85065025 -3.0342889e-08
vn -0.7264542 -0.68721485 0
vn -0.68317086 -0.73025858 0
vn -0.68317086 -0.73025858 0
vn -0.7264542 -0.68721485 0
vn -0.88448322 -0.4665719 1.1025536e-07
vn -0.87155336 -0.49030083 1.6255628e-07
vn -0.87155336 -0.49030083 1.6255628e-07
vn -0.88448322 -0.4665719 1.1025536e-07
vn -0.95143706 -0.3078433 1.0994365e-07
vn -0.94743925 -0.31993568 2.5987305e-07
vn -0.94743925 -0.31993568 2.5987305e-07
vn -0.95143706 -0.3078433 1.0994365e-07
vn -0.99155486 -0.12968798 0
vn 1.1349864e-07 -0.93788481 0.3469466
vn -1.3380558e-06 -0.85130388 0.52467299
vn -7.9067127e-07 -0.85130394 0.52467287
vn 3.1815876e-08 -0.93788499 0.34694642
vn 0 -0.99999994 -3.4224141e-07
vn 0 -0.93788522 -0.34694573
vn -9.7141076e-08 -0.93788522 -0.34694585
vn -9.9532826e-08 -1 1.9556655e-08
vn 0.2980167 -0.95456058 1.8776905e-07
vn 0.34694636 -0.93788499 1.919954e-08
vn 0.52573258 -0.85064983 6.1704363e-08
vn 0.49100664 -0.8711558 1.7849112e-07
vn 0.49100664 -0.8711558 1.7849112e-07
vn 0.52573258 -0.85064983 6.1704363e-08
vn 0.72645366 -0.68721533 2.2251342e-07
vn 0.68436742 -0.72913742 2.8997562e-07
vn 0.68436742 -0.72913742 2.8997562e-07
vn 0.72645366 -0.68721533 2.2251342e-07
vn 0.8846733 -0.46621078 -0.00075795827
vn 0.87194932 -0.4895961 -0.00035455334
vn 0.87194932 -0.4895961 -0.00035455334
vn 0.8846733 -0.46621078 -0.00075795827
vn 0.95141637 -0.30790222 -0.0017893581
vn 0.94723749 -0.32052818 -0.0016564
vn 0.94723749 -0.32052818 -0.0016564
vn 0.95141637 -0.30790222 -0.0017893581
vn 0.99147111 -0.13032421 -0.00082712085
vn -1.9906578e-07 -1 2.4942406e-07
vn 1.2903642e-07 -0.95456052 0.29801747
vn 1.2221273e-07 -0.93788505 0.34694612
vn -9.9532826e-08 -1 1.9556655e-08
vn 1.9157524e-07 -0.87079531 -0.49164563
vn 4.6800378e-07 -0.73025948 -0.6831699
vn 5.9208213e-07 -0.68721563 -0.72645342
vn 1.7098988e-07 -0.85065007 -0.52573222
vn 4.6800378e-07 -0.73025948 -0.6831699
vn 0.00038426215 -0.49023888 -0.87158799
vn 0.00078044197 -0.46618786 -0.88468546
vn 5.9208213e-07 -0.68721563 -0.72645342
vn 0.00038426215 -0.49023888 -0.87158799
vn 0.0017079375 -0.32050458 -0.94724548
vn 0.0017901412 -0.30788767 -0.95142102
vn 0.00078044197 -0.46618786 -0.88468546
vn 0.0017079375 -0.32050458 -0.94724548
vn 0.0008182372 -0.13032986 -0.99147034
vn 0.0017901412 -0.30788767 -0.95142102
vn -2.8493002e-07 -0.95456046 -0.29801723
vn 1.9157524e-07 -0.87079531 -0.49164563
vn 1.7098988e-07 -0.85065007 -0.52573222
vn -9.6953769e-08 -0.93788493 -0.34694645
vn -0.0010391444 -0.46589449 -0.88483965
vn -0.0017119393 -0.30728823 -0.95161498
vn -0.0017912127 -0.30789134 -0.95141989
vn -0.00077636063 -0.46619293 -0.88468271
vn 0 -0.85065019 -0.52573216
vn 0 -0.68721569 -0.72645354
vn 0 -0.68721598 -0.72645313
vn 0 -0.85065007 -0.52573216
vn -0.0017119393 -0.30728823 -0.95161498
vn -0.00068180595 -0.12185686 -0.99254745
vn -0.00082036195 -0.13032882 -0.9914704
vn -0.0017912127 -0.30789134 -0.95141989
vn 0 -0.68721569 -0.72645354
vn -0.0010391444 -0.46589449 -0.88483965
vn -0.00077636063 -0.46619293 -0.88468271
vn 0 -0.68721598 -0.72645313
vn -0.29801789 -0.95456034 -4.6200491e-08
vn -0.34694573 -0.93788522 -3.520006e-08
vn -0.52573192 -0.85065025 -3.0342889e-08
vn -0.49164465 -0.87079591 -8.7280569e-08
vn -0.95161057 -0.30730158 -0.0017321892
vn -0.88482833 -0.46591601 -0.0010394148
vn -0.88467318 -0.46621105 -0.00075815781
vn -0.95141637 -0.3079024 -0.0017887624
vn -0.72645336 -0.68721569 0
vn -0.52645475 -0.85020322 0
vn -0.52645487 -0.85020304 -6.1909205e-08
vn -0.72645372 -0.68721539 0
vn 1.4901127e-06 -1 3.2268483e-07
vn 1.1349864e-07 -0.93788481 0.3469466
vn 3.1815876e-08 -0.93788499 0.34694642
vn 7.4505874e-07 -1 6.453696e-07
vn -0.99254864 -0.12184681 -0.00070174935
vn -0.95161057 -0.30730158 -0.0017321892
vn -0.95141637 -0.3079024 -0.0017887624
vn -0.99147105 -0.13032459 -0.00082704856
vn -0.88482833 -0.46591601 -0.0010394148
vn -0.72645336 -0.68721569 0
vn -0.72645372 -0.68721539 0
vn -0.88467318 -0.46621105 -0.00075815781
vn -0.52645475 -0.85020322 0
vn -0.34727788 -0.9377622 0
vn -0.34727767 -0.93776232 -9.8643561e-08
vn -0.52645487 -0.85020304 -6.1909205e-08
vn 0.0017052748 -0.30728525 0.95161587
vn 0.00067483535 -0.12185947 0.99254709
vn 0.00081644312 -0.1303295 0.99147046
vn 0.0017893665 -0.30788738 0.95142108
vn -1.6836535e-06 -0.68636835 0.72725403
vn 0.0010363293 -0.46375501 0.88596296
vn 0.00077858206 -0.46405435 0.88580638
vn -8.4182551e-07 -0.68636853 0.72725391
vn 0 -0.93788522 -0.34694573
vn 0 -0.85065019 -0.52573216
vn 0 -0.85065007 -0.52573216
vn -9.7141076e-08 -0.93788522 -0.34694585
vn 0.0010363293 -0.46375501 0.88596296
vn 0.0017052748 -0.30728525 0.95161587
vn 0.0017893665 -0.30788738 0.95142108
vn 0.00077858206 -0.46405435 0.88580638
vn -1.3380558e-06 -0.85130388 0.52467299
vn -1.6836535e-06 -0.68636835 0.72725403
vn -8.4182551e-07 -0.68636853 0.72725391
vn -7.9067127e-07 -0.85130394 0.52467287
vn 0.00018675535 -1 1.0222832e-08
vn 0.00049587095 -0.99999994 -8.1159875e-08
vn 0.34694636 -0.93788499 1.919954e-08
vn 0.2980167 -0.95456058 1.8776905e-07
vn 0.99262589 -0.12121733 0
vn 0.95143712 -0.30784312 0
vn 0.95143712 -0.30784321 0
vn 0.99155486 -0.12968752 0
vn 0.88448292 -0.46657246 0
vn 0.7264539 -0.68721521 0
vn 0.7264539 -0.68721527 -4.3036625e-08
vn 0.88448298 -0.46657234 0
vn 0.5257318 -0.85065037 0
vn 0.34694541 -0.93788522 0
vn 0.3469457 -0.93788517 2.5667501e-07
vn 0.52573186 -0.85065037 7.9880202e-08
vn -0.0038292473 -0.99999267 2.6033919e-07
vn 2.2001238e-07 -1 1.3234811e-07
vn -0.34694573 -0.93788522 -3.520006e-08
vn -0.29801789 -0.95456034 -4.6200491e-08
vn 0.95143712 -0.30784312 0
vn 0.88448292 -0.46657246 0
vn 0.88448298 -0.46657234 0
vn 0.95143712 -0.30784321 0
vn 0.7264539 -0.68721521 0
vn 0.5257318 -0.85065037 0
vn 0.52573186 -0.85065037 7.9880202e-08
vn 0.7264539 -0.68721527 -4.3036625e-08
vn 0.34694541 -0.93788522 0
vn 8.2137933e-07 -0.99999994 0
vn 2.2001238e-07 -1 1.3234811e-07
vn 0.3469457 -0.93788517 2.5667501e-07
vn 0.70726061 -0.00021626566 -0.70695281
vn 0.69710904 0.001006935 -0.71696436
vn 0.69713742 0.0010075964 -0.71693683
vn 0.70726138 -0.00021713246 -0.70695204
vn 0.71401441 -0.028053522 0.69956881
vn 0.71039939 -0.01191072 0.70369792
vn 0.7103982 -0.011905578 0.70369929
vn 0.71401441 -0.028053522 0.69956881
vn -0.70603037 -0.0055095875 0.70816016
vn -0.70706499 0.00095403206 0.70714802
vn -0.70706522 0.00095159304 0.70714766
vn -0.70602584 -0.0055195107 0.70816463
vn 0.70341283 -0.014036996 0.71064287
vn 0.69956189 -0.028070886 0.71402037
vn 0.69956189 -0.028070886 0.71402037
vn 0.70341402 -0.014032662 0.7106418
vn -0.71402258 -0.028086605 -0.69955921
vn -0.71064448 -0.014045835 -0.70341098
vn -0.71064341 -0.014041259 -0.70341223
vn -0.71402258 -0.028086605 -0.69955921
vn 0.70710677 9.5611983e-07 0.70710677
vn 0.70341283 -0.014036996 0.71064287
vn 0.70341402 -0.014032662 0.7106418
vn 0.70710677 9.5564906e-07 0.70710677
vn 0.70813209 -0.00098920369 -0.7060793
vn 0.70726061 -0.00021626566 -0.70695281
vn 0.70726138 -0.00021713246 -0.70695204
vn 0.70813215 -0.00098933477 -0.70607919
vn -0.70462179 -0.0090945875 -0.70952487
vn -0.70316887 -0.015995922 -0.71084291
vn -0.70316994 -0.015992392 -0.71084195
vn -0.70461804 -0.0091039669 -0.70952851
vn -0.71064448 -0.014045835 -0.70341098
vn -0.70710772 -5.3477265e-08 -0.70710582
vn -0.70710778 -5.444501e-08 -0.70710582
vn -0.71064341 -0.014041259 -0.70341223
vn -0.70706499 0.00095403206 0.70714802
vn -0.70721418 0.0023079885 0.70699567
vn -0.70721483 0.0023053549 0.70699489
vn -0.70706522 0.00095159304 0.70714766
vn 0.71039939 -0.01191072 0.70369792
vn 0.70965391 0.013496725 0.70442122
vn 0.70964319 0.013464089 0.70443261
vn 0.7103982 -0.011905578 0.70369929
vn 0.70710677 9.5611847e-07 0.70710677
vn 0.70710677 9.5611983e-07 0.70710677
vn 0.70710677 9.5564906e-07 0.70710677
vn 0.70710683 9.5614382e-07 0.70710683
vn 0.70580983 0.0013081017 -0.70840025
vn 0.70813209 -0.00098920369 -0.7060793
vn 0.70813215 -0.00098933477 -0.70607919
vn 0.70580673 0.0013105873 -0.70840311
vn -0.69999671 -0.012700072 -0.71403325
vn -0.70462179 -0.0090945875 -0.70952487
vn -0.70461804 -0.0091039669 -0.70952851
vn -0.6999855 -0.012694628 -0.71404433
vn -0.70710772 -5.3477265e-08 -0.70710582
vn -0.70710766 1.7122468e-06 -0.70710588
vn -0.7071076 1.7122522e-06 -0.70710599
vn -0.70710778 -5.444501e-08 -0.70710582
vn -0.70721418 0.0023079885 0.70699567
vn -0.70905054 0.0016358179 0.70515561
vn -0.70905262 0.0016378055 0.70515364
vn -0.70721483 0.0023053549 0.70699489
vn 0.70965391 0.013496725 0.70442122
vn 0.69822007 0.007263436 0.71584624
vn 0.69826782 0.0073137162 0.71579927
vn 0.70964319 0.013464089 0.70443261
vn 0.70710468 -8.0117223e-07 0.70710891
vn 0.70710677 9.5611847e-07 0.70710677
vn 0.70710683 9.5614382e-07 0.70710683
vn 0.70710468 -8.0168576e-07 0.70710897
vn 0.70185339 0.0012957514 -0.71232027
vn 0.70580983 0.0013081017 -0.70840025
vn 0.70580673 0.0013105873 -0.70840311
vn 0.70223945 0.0016138925 -0.71193904
vn -0.69995946 -0.0068332292 -0.71414983
vn -0.69999671 -0.012700072 -0.71403325
vn -0.6999855 -0.012694628 -0.71404433
vn -0.69994581 -0.0068570729 -0.71416295
vn -0.70710766 1.7122468e-06 -0.70710588
vn -0.7071082 2.2200531e-07 -0.70710534
vn -0.70710814 2.2118533e-07 -0.70710528
vn -0.7071076 1.7122522e-06 -0.70710599
vn 0.69822007 0.007263436 0.71584624
vn 0.69298333 -0.0029420757 0.72094762
vn 0.69306219 -0.0028989622 0.72087198
vn 0.69826782 0.0073137162 0.71579927
vn -0.70905054 0.0016358179 0.70515561
vn -0.71231908 0.0012951135 0.70185459
vn -0.71193773 0.001613098 0.70224082
vn -0.70905262 0.0016378055 0.70515364
vn -0.64424556 -0.41218013 0.64424789
vn -0.6973598 -0.16545174 0.69736284
vn -0.69735986 -0.16545163 0.6973629
vn -0.64424556 -0.41218007 0.64424777
vn -0.56896377 -0.59376913 0.56896245
vn -0.64424556 -0.41218013 0.64424789
vn -0.64424556 -0.41218007 0.64424777
vn -0.56896389 -0.59376913 0.56896257
vn -0.42859349 -0.79537177 0.42859226
vn -0.56896377 -0.59376913 0.56896245
vn -0.56896389 -0.59376913 0.56896257
vn -0.42859346 -0.79537177 0.42859221
vn -0.28375265 -0.91595203 0.28375375
vn -0.42859349 -0.79537177 0.42859226
vn -0.42859346 -0.79537177 0.42859221
vn -0.28375265 -0.91595203 0.28375375
vn -0.18060794 -0.96684945 0.1805075
vn -0.28375265 -0.91595203 0.28375375
vn -0.28375265 -0.91595203 0.28375375
vn -0.18060789 -0.96684945 0.18050742
vn -0.69736153 -0.16545226 -0.69736105
vn -0.64424664 -0.41218048 -0.64424646
vn -0.64424694 -0.4121798 -0.6442467
vn -0.69736147 -0.16545245 -0.69736105
vn -0.64424664 -0.41218048 -0.64424646
vn -0.5689646 -0.59376878 -0.56896216
vn -0.56896448 -0.59376895 -0.56896204
vn -0.64424694 -0.4121798 -0.6442467
vn -0.5689646 -0.59376878 -0.56896216
vn -0.42858917 -0.79537636 -0.42858815
vn -0.42859608 -0.79536891 -0.4285951
vn -0.56896448 -0.59376895 -0.56896204
vn -0.42858917 -0.79537636 -0.42858815
vn -0.2843841 -0.91586673 -0.28339675
vn -0.28436103 -0.91588122 -0.28337318
vn -0.42859608 -0.79536891 -0.4285951
vn -0.2843841 -0.91586673 -0.28339675
vn -0.18165067 -0.96673077 -0.18009618
vn -0.18109964 -0.96693587 -0.17954932
vn -0.28436103 -0.91588122 -0.28337318
vn 0.64424282 -0.41219646 0.64424002
vn 0.69736004 -0.16545215 0.69736254
vn 0.6973601 -0.16545226 0.69736248
vn 0.64424878 -0.41217783 0.64424598
vn 0.56797391 -0.59313369 0.57061195
vn 0.64424282 -0.41219646 0.64424002
vn 0.64424878 -0.41217783 0.64424598
vn 0.5679397 -0.5931977 0.57057947
vn 0.42706916 -0.79459023 0.43155351
vn 0.56797391 -0.59313369 0.57061195
vn 0.5679397 -0.5931977 0.57057947
vn 0.42611563 -0.79562336 0.43059143
vn 0.2894254 -0.91528505 0.28015372
vn 0.42706916 -0.79459023 0.43155351
vn 0.42611563 -0.79562336 0.43059143
vn 0.28910422 -0.91551685 0.27972794
vn 0.1866114 -0.96767557 0.16964714
vn 0.2894254 -0.91528505 0.28015372
vn 0.28910422 -0.91551685 0.27972794
vn 0.19292982 -0.96539903 0.17545012
vn -0.18165067 -0.96673077 -0.18009618
vn -0.12415477 -0.98460543 -0.12303531
vn -0.12415477 -0.98460543 -0.12303531
vn -0.18109964 -0.96693587 -0.17954932
vn 0.12837704 -0.98489785 0.1161699
vn 0.1866114 -0.96767557 0.16964714
vn 0.19292982 -0.96539903 0.17545012
vn 0.12837704 -0.98489785 0.1161699
vn 0.64422858 -0.41227886 -0.64420152
vn 0.69736159 -0.16545269 -0.69736081
vn 0.69736159 -0.16545278 -0.69736081
vn 0.64427024 -0.41214859 -0.6442433
vn 0.57972449 -0.59080237 -0.56113464
vn 0.64422858 -0.41227886 -0.64420152
vn 0.64427024 -0.41214859 -0.6442433
vn 0.58014846 -0.58979118 -0.56175995
vn 0.44826218 -0.79063177 -0.41708809
vn 0.57972449 -0.59080237 -0.56113464
vn 0.58014846 -0.58979118 -0.56175995
vn 0.44257376 -0.79661566 -0.41174257
vn 0.28898683 -0.91651142 -0.27657452
vn 0.44826218 -0.79063177 -0.41708809
vn 0.44257376 -0.79661566 -0.41174257
vn 0.28860402 -0.91672033 -0.27628195
vn 0.18062323 -0.9668448 -0.18051665
vn 0.28898683 -0.91651142 -0.27657452
vn 0.28860402 -0.91672033 -0.27628195
vn 0.18056984 -0.96686482 -0.18046318
vn -0.12385026 -0.98456734 0.12364571
vn -0.18060794 -0.96684945 0.1805075
vn -0.18060789 -0.96684945 0.18050742
vn -0.12385026 -0.98456734 0.12364571
vn 0.12380717 -0.98457724 -0.1236099
vn 0.18062323 -0.9668448 -0.18051665
vn 0.18056984 -0.96686482 -0.18046318
vn 0.12380717 -0.98457724 -0.1236099
vn -0.70316887 -0.015995922 -0.71084291
vn -0.69964629 -0.027776072 -0.71394926
vn -0.69964629 -0.027776072 -0.71394926
vn -0.70316994 -0.015992392 -0.71084195
vn 0.70872641 0.0014728568 -0.70548189
vn 0.71231925 0.0012957491 -0.70185447
vn 0.71193796 0.0016138908 -0.70224047
vn 0.70872897 0.0014750999 -0.70547938
vn -0.70188016 -0.022076592 0.71195281
vn -0.70603037 -0.0055095875 0.70816016
vn -0.70602584 -0.0055195107 0.70816463
vn -0.7018947 -0.022006657 0.71194082
vn -0.7054826 0.0014750334 0.70872563
vn -0.70710528 3.121086e-07 0.70710832
vn -0.70710528 3.1328557e-07 0.70710826
vn -0.70548028 0.0014772681 0.70872808
vn 0.69710904 0.001006935 -0.71696436
vn 0.70945662 -0.0078588063 -0.70470524
vn 0.70955098 -0.0078976974 -0.70460987
vn 0.69713742 0.0010075964 -0.71693683
vn -0.71045488 -0.01313801 0.70362008
vn -0.71252757 -0.027787153 0.70109373
vn -0.71252757 -0.027787153 0.70109373
vn -0.71045524 -0.013140077 0.70361978
vn 0.70710766 1.5122458e-06 -0.70710599
vn 0.70872641 0.0014728568 -0.70548189
vn 0.70872897 0.0014750999 -0.70547938
vn 0.7071076 1.511278e-06 -0.70710599
vn 0.69950879 -0.02877323 -0.71404457
vn 0.703269 -0.014808571 -0.71076953
vn 0.70327187 -0.014797869 -0.71076697
vn 0.69950879 -0.02877323 -0.71404457
vn -0.70710528 3.121086e-07 0.70710832
vn -0.70702827 0.0001417022 0.70718521
vn -0.70702833 0.00014170614 0.70718521
vn -0.70710528 3.1328557e-07 0.70710826
vn -0.69904894 -0.035433754 0.71419537
vn -0.70188016 -0.022076592 0.71195281
vn -0.7018947 -0.022006657 0.71194082
vn -0.69904894 -0.035433754 0.71419537
vn 0.70945662 -0.0078588063 -0.70470524
vn 0.73020178 -0.016552422 -0.68303108
vn 0.73020178 -0.016552422 -0.68303108
vn 0.70955098 -0.0078976974 -0.70460987
vn 0.70702982 -0.000142859 -0.70718372
vn 0.70710766 1.5122458e-06 -0.70710599
vn 0.7071076 1.511278e-06 -0.70710599
vn 0.70702982 -0.00014286302 -0.70718378
vn -0.70702827 0.0001417022 0.70718521
vn -0.70758849 0.00089606649 0.70662415
vn -0.70758873 0.00089627819 0.70662397
vn -0.70702833 0.00014170614 0.70718521
vn 0.70318598 0.0026255792 0.71100104
vn 0.70185804 0.0012954191 0.71231574
vn 0.70224416 0.001613498 0.71193433
vn 0.70318693 0.0026260584 0.71100008
vn -0.70548356 0.0014714039 -0.70872474
vn -0.70185554 0.0012949404 -0.71231824
vn -0.70224124 0.001612882 -0.71193719
vn -0.70548111 0.0014736436 -0.70872724
vn 0.7069146 -0.00056133315 -0.70729864
vn 0.70702982 -0.000142859 -0.70718372
vn 0.70702982 -0.00014286302 -0.70718378
vn 0.70691454 -0.00056152535 -0.7072987
vn -0.71232027 0.0012957522 -0.70185333
vn -0.70645612 0.00032846769 -0.70775664
vn -0.70646197 0.00033238705 -0.70775086
vn -0.71193892 0.0016138944 -0.70223951
vn -0.70758849 0.00089606649 0.70662415
vn -0.71045488 -0.01313801 0.70362008
vn -0.71045524 -0.013140077 0.70361978
vn -0.70758873 0.00089627819 0.70662397
vn 0.69298333 -0.0029420757 0.72094762
vn 0.70318598 0.0026255792 0.71100104
vn 0.70318693 0.0026260584 0.71100008
vn 0.69306219 -0.0028989622 0.72087198
vn 0.703269 -0.014808571 -0.71076953
vn 0.7069146 -0.00056133315 -0.70729864
vn 0.70691454 -0.00056152535 -0.7072987
vn 0.70327187 -0.014797869 -0.71076697
vn -0.7071082 2.2200531e-07 -0.70710534
vn -0.70548356 0.0014714039 -0.70872474
vn -0.70548111 0.0014736436 -0.70872724
vn -0.70710814 2.2118533e-07 -0.70710528
vn -0.70645612 0.00032846769 -0.70775664
vn -0.69995946 -0.0068332292 -0.71414983
vn -0.69994581 -0.0068570729 -0.71416295
vn -0.70646197 0.00033238705 -0.70775086
vn 0.7086817 0.0014624025 0.70552671
vn 0.70710468 -8.0117223e-07 0.70710891
vn 0.70710468 -8.0168576e-07 0.70710897
vn 0.70868909 0.001469189 0.70551938
vn -0.70870274 0.00010604595 0.70550722
vn -0.70870274 0.00010604595 0.70550722
vn -0.7087003 0.00010818684 0.70550966
vn -0.70870024 0.0001081857 0.70550972
vn 0.71313566 -0.0081843054 -0.70097828
vn 0.71313566 -0.0081843054 -0.70097828
vn 0.71457106 -0.0014376901 -0.69956142
vn 0.71457118 -0.001436791 -0.69956124
vn -0.70677781 -1.8860863e-05 -0.70743561
vn -0.70677781 -1.8860863e-05 -0.70743561
vn -0.70677924 -1.6152675e-05 -0.7074343
vn -0.70677924 -1.6152841e-05 -0.7074343
vn 0.74140084 -0.67106187 0.00088947837
vn 0.74056727 -0.67198163 0.00088863744
vn 0.82123703 -0.57058638 0.00096884998
vn -0.0014720251 -0.58112782 0.81381094
vn -0.0010106431 -0.58027756 0.81441814
vn -0.0010030582 -0.62780315 0.77837145
vn -0.0013337053 -0.67685705 0.73611325
vn -0.81446189 -0.58021569 -0.001279668
vn -0.73489702 -0.67817831 0.00081401877
vn -0.70951742 -0.7046864 0.0014215203
vn 0.0011910207 -0.58089054 -0.81398082
vn 0.001058689 -0.67794627 -0.73511064
vn 0.0010589594 -0.6777699 -0.73527336
vn -0.70951742 -0.7046864 0.0014215203
vn -0.73489702 -0.67817831 0.00081401877
vn -0.62925178 -0.77719498 0.0031986248
vn -0.62925178 -0.77719498 0.0031986248
vn 0.71457118 -0.001436791 -0.69956124
vn 0.71457106 -0.0014376901 -0.69956142
vn 0.71734959 0.012126651 -0.69660795
vn 0.707129 2.02591e-05 0.70708454
vn 0.707129 2.0262813e-05 0.70708454
vn 0.70712841 1.8070892e-05 0.70708507
vn -0.70870024 0.0001081857 0.70550972
vn -0.7087003 0.00010818684 0.70550966
vn -0.70869535 0.00011249122 0.70551467
vn -0.70869535 0.00011249122 0.70551467
vn -0.70677924 -1.6152841e-05 -0.7074343
vn -0.70677924 -1.6152675e-05 -0.7074343
vn -0.70678192 -1.0707519e-05 -0.7074315
vn 0.74140084 -0.67106187 0.00088947837
vn 0.63410252 -0.77324861 0.0007796837
vn 0.74056727 -0.67198163 0.00088863744
vn -0.0010030582 -0.62780315 0.77837145
vn -0.0010106431 -0.58027756 0.81441814
vn 0 -0.57841241 0.81574452
vn 0.001058689 -0.67794627 -0.73511064
vn 0.00088724465 -0.77583522 -0.63093501
vn 0.0010589594 -0.6777699 -0.73527336
vn -0.0010030582 -0.62780315 0.77837145
vn -0.0011503216 -0.77386779 0.63334602
vn -0.0013337053 -0.67685705 0.73611325
vn 0.0065683546 -0.12363493 0.99230611
vn 0.0059338044 -0.13207345 0.9912222
vn 0.007316242 -0.0073169121 0.99994642
vn 0.007316242 -0.0073169121 0.99994642
vn 0.70185339 0.0012957514 -0.71232027
vn 0.70223945 0.0016138925 -0.71193904
vn 0.7002781 0 -0.71387017
vn 0.7002781 0 -0.71387017
vn -0.99155486 -0.12968798 0
vn -0.99262595 -0.12121781 0
vn -1 0 0
vn -1 0 0
vn 0.99262589 -0.12121733 0
vn 0.99155486 -0.12968752 0
vn 1 0 0
vn 1 0 0
vn 0.71193796 0.0016138908 -0.70224047
vn 0.71231925 0.0012957491 -0.70185447
vn 0.7138688 0 -0.70027947
vn 0.7138688 0 -0.70027947
vn 0.00081644312 -0.1303295 0.99147046
vn 0.00067483535 -0.12185947 0.99254709
vn -2.384184e-06 0 1
vn -2.384184e-06 0 1
vn 0.69736159 -0.16545278 -0.69736081
vn 0.69736159 -0.16545269 -0.69736081
vn 0.70710784 0 -0.70710576
vn 0.70710784 0 -0.70710576
vn -0.70224124 0.001612882 -0.71193719
vn -0.70185554 0.0012949404 -0.71231824
vn -0.70028162 0 -0.71386665
vn -0.70028162 0 -0.71386665
vn -0.71193773 0.001613098 0.70224082
vn -0.71231908 0.0012951135 0.70185459
vn -0.71386945 0 0.70027876
vn -0.71386945 0 0.70027876
vn 0.00067676522 -0.12185987 -0.99254709
vn 0.0008182372 -0.13032986 -0.99147034
vn 0 0 -1
vn 0 0 -1
vn -0.69736153 -0.16545226 -0.69736105
vn -0.69736147 -0.16545245 -0.69736105
vn -0.70710778 0 -0.70710576
vn -0.70710778 0 -0.70710576
vn 0.70224416 0.001613498 0.71193433
vn 0.70185804 0.0012954191 0.71231574
vn 0.70028228 0 0.713866
vn 0.70028228 0 0.713866
vn 0.99147111 -0.13032421 -0.00082712085
vn 0.99254864 -0.1218472 -0.00070172356
vn 1 0 7.4506875e-07
vn 1 0 7.4506875e-07
vn 0.6973601 -0.16545226 0.69736248
vn 0.69736004 -0.16545215 0.69736254
vn 0.70710576 0 0.70710784
vn 0.70710576 0 0.70710784
vn -0.00082036195 -0.13032882 -0.9914704
vn -0.00068180595 -0.12185686 -0.99254745
vn 0 0 -1
vn 0 0 -1
vn -0.69735986 -0.16545163 0.6973629
vn -0.6973598 -0.16545174 0.69736284
vn -0.70710671 0 0.70710671
vn -0.70710671 0 0.70710671
vn -0.99254864 -0.12184681 -0.00070174935
vn -0.99147105 -0.13032459 -0.00082704856
vn -1 0 0
vn -1 0 0
vn -0.71232027 0.0012957522 -0.70185333
vn -0.71193892 0.0016138944 -0.70223951
vn -0.71387082 0 -0.70027745
vn -0.71387082 0 -0.70027745
vn 0.70712936 2.1353246e-05 0.7070843
vn 0.70712936 2.1353246e-05 0.7070843
vn 0.707129 2.0262813e-05 0.70708454
vn 0.707129 2.02591e-05 0.70708454
vn 1.2221273e-07 -0.93788505 0.34694612
vn 1.2197587e-07 -0.85065019 0.52573216
vn 0 -0.85065007 0.52573234
vn 0 -0.93788511 0.34694588
vn -4.1332768e-07 -0.68721479 0.7264542
vn -0.00077732652 -0.46619141 0.88468349
vn -0.0010407892 -0.46589306 0.88484043
vn -8.2665542e-07 -0.68721455 0.7264545
vn -8.1054641e-06 -0.30541158 0.95222038
vn 0.0059338044 -0.13207345 0.9912222
vn 0.0065683546 -0.12363493 0.99230611
vn 0.0018609762 -0.3056277 0.95214933
vn 0.71229249 0.0012875586 0.70188159
vn 0.7086817 0.0014624025 0.70552671
vn 0.70868909 0.001469189 0.70551938
vn 0.71189821 0.0016086194 0.70228076
vn 0 -0.85065007 -0.52573216
vn 0 -0.68721598 -0.72645313
vn 0 -0.7302593 -0.68317014
vn 0 -0.87079537 -0.49164554
vn 0 -0.68721598 -0.72645313
vn -0.00077636063 -0.46619293 -0.88468271
vn -0.00037861234 -0.49024343 -0.87158555
vn 0 -0.7302593 -0.68317014
vn 0.71386969 7.0750076e-07 0.70027858
vn 0.71229249 0.0012875586 0.70188159
vn 0.71189821 0.0016086194 0.70228076
vn 0.71386969 7.0750076e-07 0.70027858
vn 1.2197587e-07 -0.85065019 0.52573216
vn -4.1332768e-07 -0.68721479 0.7264542
vn -8.2665542e-07 -0.68721455 0.7264545
vn 0 -0.85065007 0.52573234
vn -0.00077732652 -0.46619141 0.88468349
vn -8.1054641e-06 -0.30541158 0.95222038
vn 0.0018609762 -0.3056277 0.95214933
vn -0.0010407892 -0.46589306 0.88484043
vn -9.7141076e-08 -0.93788522 -0.34694585
vn 0 -0.85065007 -0.52573216
vn 0 -0.87079537 -0.49164554
vn -2.8548038e-07 -0.95456064 -0.29801685
vn -9.9532826e-08 -1 1.9556655e-08
vn -9.7141076e-08 -0.93788522 -0.34694585
vn -2.8548038e-07 -0.95456064 -0.29801685
vn -1.9906578e-07 -1 2.4942406e-07
vn -9.9532826e-08 -1 1.9556655e-08
vn 1.2221273e-07 -0.93788505 0.34694612
vn 0 -0.93788511 0.34694588
vn 0 -0.99999994 -3.4224141e-07
vn -0.00077636063 -0.46619293 -0.88468271
vn -0.0017912127 -0.30789134 -0.95141989
vn -0.0017000379 -0.32051033 -0.94724345
vn -0.00037861234 -0.49024343 -0.87158555
vn -0.0017912127 -0.30789134 -0.95141989
vn -0.00082036195 -0.13032882 -0.9914704
vn -0.0017000379 -0.32051033 -0.94724345
vn -0.72645372 -0.68721539 0
vn -0.52645487 -0.85020304 -6.1909205e-08
vn -0.49268952 -0.87020516 -1.7811928e-07
vn -0.68317086 -0.73025852 0
vn -0.99147105 -0.13032459 -0.00082704856
vn -0.95141637 -0.3079024 -0.0017887624
vn -0.94723737 -0.3205286 -0.0016557035
vn -0.52645487 -0.85020304 -6.1909205e-08
vn -0.34727767 -0.93776232 -9.8643561e-08
vn -0.2976954 -0.95466095 -1.7303988e-07
vn -0.49268952 -0.87020516 -1.7811928e-07
vn 0.34694636 -0.93788499 1.919954e-08
vn 0.00049587095 -0.99999994 -8.1159875e-08
vn 0.00049540651 -0.99999994 -1.7274114e-07
vn 0.34694669 -0.93788481 -1.6861127e-07
vn 0.52573258 -0.85064983 6.1704363e-08
vn 0.34694636 -0.93788499 1.919954e-08
vn 0.34694669 -0.93788481 -1.6861127e-07
vn 0.52573276 -0.85064977 0
vn 0.8846733 -0.46621078 -0.00075795827
vn 0.72645366 -0.68721533 2.2251342e-07
vn 0.72645342 -0.68721569 0
vn 0.88482839 -0.46591598 -0.00103941
vn 0.99147111 -0.13032421 -0.00082712085
vn 0.95141637 -0.30790222 -0.0017893581
vn 0.95161051 -0.30730188 -0.0017325331
vn 0.99254864 -0.1218472 -0.00070172356
vn -0.70185256 0.0012967215 0.71232116
vn -0.7054826 0.0014750334 0.70872563
vn -0.70548028 0.0014772681 0.70872808
vn -0.70223892 0.001615101 0.71193957
vn -0.95141637 -0.3079024 -0.0017887624
vn -0.88467318 -0.46621105 -0.00075815781
vn -0.87158 -0.49025336 -0.00035157666
vn -0.94723737 -0.3205286 -0.0016557035
vn -0.88467318 -0.46621105 -0.00075815781
vn -0.72645372 -0.68721539 0
vn -0.68317086 -0.73025852 0
vn -0.87158 -0.49025336 -0.00035157666
vn -0.34727767 -0.93776232 -9.8643561e-08
vn 0.00049587095 -0.99999994 -8.1159875e-08
vn 0.00018675535 -1 1.0222832e-08
vn -0.2976954 -0.95466095 -1.7303988e-07
vn 0.72645366 -0.68721533 2.2251342e-07
vn 0.52573258 -0.85064983 6.1704363e-08
vn 0.52573276 -0.85064977 0
vn 0.72645342 -0.68721569 0
vn 0.95141637 -0.30790222 -0.0017893581
vn 0.8846733 -0.46621078 -0.00075795827
vn 0.88482839 -0.46591598 -0.00103941
vn 0.95161051 -0.30730188 -0.0017325331
vn -0.70027596 0 0.71387225
vn -0.70185256 0.0012967215 0.71232116
vn -0.70223892 0.001615101 0.71193957
vn -0.70027596 0 0.71387225
vn -8.4182551e-07 -0.68636853 0.72725391
vn 0.00077858206 -0.46405435 0.88580638
vn 0.00038381133 -0.48760635 0.87306356
vn 0 -0.73040593 0.68301338
vn 0.00077858206 -0.46405435 0.88580638
vn 0.0017893665 -0.30788738 0.95142108
vn 0.0017076182 -0.32050419 0.9472456
vn 0.00038381133 -0.48760635 0.87306356
vn 3.1815876e-08 -0.93788499 0.34694642
vn -7.9067127e-07 -0.85130394 0.52467287
vn -3.4973016e-07 -0.87110466 0.49109748
vn 1.5623368e-07 -0.95456046 0.29801744
vn 1.7098988e-07 -0.85065007 -0.52573222
vn 5.9208213e-07 -0.68721563 -0.72645342
vn 8.3860823e-07 -0.68721569 -0.72645348
vn 0 -0.85065001 -0.52573258
vn 0.00078044197 -0.46618786 -0.88468546
vn 0.0017901412 -0.30788767 -0.95142102
vn 0.0017065608 -0.30728605 -0.95161563
vn 0.0010396433 -0.46588922 -0.8848424
vn -9.6953769e-08 -0.93788493 -0.34694645
vn 1.7098988e-07 -0.85065007 -0.52573222
vn 0 -0.85065001 -0.52573258
vn 0 -0.93788493 -0.34694648
vn 7.4505874e-07 -1 6.453696e-07
vn 3.1815876e-08 -0.93788499 0.34694642
vn 1.5623368e-07 -0.95456046 0.29801744
vn 7.3190592e-14 -1 -5.7559426e-08
vn 0.0017893665 -0.30788738 0.95142108
vn 0.00081644312 -0.1303295 0.99147046
vn 0.0017076182 -0.32050419 0.9472456
vn -7.9067127e-07 -0.85130394 0.52467287
vn -8.4182551e-07 -0.68636853 0.72725391
vn 0 -0.73040593 0.68301338
vn -3.4973016e-07 -0.87110466 0.49109748
vn 7.4505874e-07 -1 6.453696e-07
vn -9.6953769e-08 -0.93788493 -0.34694645
vn 0 -0.93788493 -0.34694648
vn 1.4901127e-06 -1 3.2268483e-07
vn 5.9208213e-07 -0.68721563 -0.72645342
vn 0.00078044197 -0.46618786 -0.88468546
vn 0.0010396433 -0.46588922 -0.8848424
vn 8.3860823e-07 -0.68721569 -0.72645348
vn 0.0017901412 -0.30788767 -0.95142102
vn 0.0008182372 -0.13032986 -0.99147034
vn 0.00067676522 -0.12185987 -0.99254709
vn 0.0017065608 -0.30728605 -0.95161563
vn 0.88448298 -0.46657234 0
vn 0.7264539 -0.68721527 -4.3036625e-08
vn 0.68317074 -0.7302587 -1.1657226e-07
vn 0.87155294 -0.49030134 0
vn -0.7264542 -0.68721485 0
vn -0.52573192 -0.85065025 -3.0342889e-08
vn -0.52573234 -0.85065001 0
vn -0.72645432 -0.68721485 0
vn -0.95143706 -0.3078433 1.0994365e-07
vn -0.88448322 -0.4665719 1.1025536e-07
vn -0.88448322 -0.46657193 0
vn -0.95143706 -0.30784348 0
vn -0.34694573 -0.93788522 -3.520006e-08
vn 2.2001238e-07 -1 1.3234811e-07
vn 8.2137933e-07 -0.99999994 0
vn -0.34694523 -0.93788534 0
vn 0.7264539 -0.68721527 -4.3036625e-08
vn 0.52573186 -0.85065037 7.9880202e-08
vn 0.49199346 -0.87059891 3.0310542e-07
vn 0.68317074 -0.7302587 -1.1657226e-07
vn 0.99155486 -0.12968752 0
vn 0.95143712 -0.30784321 0
vn 0.94743943 -0.31993532 0
vn 0.52573186 -0.85065037 7.9880202e-08
vn 0.3469457 -0.93788517 2.5667501e-07
vn 0.29880083 -0.95431542 5.2311611e-07
vn 0.49199346 -0.87059891 3.0310542e-07
vn 0.95143712 -0.30784321 0
vn 0.88448298 -0.46657234 0
vn 0.87155294 -0.49030134 0
vn 0.94743943 -0.31993532 0
vn 0.3469457 -0.93788517 2.5667501e-07
vn 2.2001238e-07 -1 1.3234811e-07
vn -0.0038292473 -0.99999267 2.6033919e-07
vn 0.29880083 -0.95431542 5.2311611e-07
vn -0.88448322 -0.4665719 1.1025536e-07
vn -0.7264542 -0.68721485 0
vn -0.72645432 -0.68721485 0
vn -0.88448322 -0.46657193 0
vn -0.99155486 -0.12968798 0
vn -0.95143706 -0.3078433 1.0994365e-07
vn -0.95143706 -0.30784348 0
vn -0.99262595 -0.12121781 0
vn -0.52573192 -0.85065025 -3.0342889e-08
vn -0.34694573 -0.93788522 -3.520006e-08
vn -0.34694523 -0.93788534 0
vn -0.52573234 -0.85065001 0
vn 0 -0.93776214 0.34727815
vn 0 -0.99999994 -0.0004952795
vn -9.9976106e-08 -0.99999994 -0.00049579277
vn -2.2168717e-07 -0.9377622 0.347278
vn 0.29801723 -0.95456046 -6.4518318e-08
vn 0.49164522 -0.87079561 -7.9245631e-08
vn 0.52573228 -0.85065001 1.8975332e-07
vn 0.34694591 -0.93788511 2.8330308e-07
vn 0.49164522 -0.87079561 -7.9245631e-08
vn 0.68317109 -0.73025835 2.3497216e-07
vn 0.7264545 -0.68721449 8.6747932e-08
vn 0.52573228 -0.85065001 1.8975332e-07
vn 0.68317109 -0.73025835 2.3497216e-07
vn 0.8715868 -0.49024108 0.00037819424
vn 0.88468343 -0.46619156 0.00077635207
vn 0.7264545 -0.68721449 8.6747932e-08
vn 0.8715868 -0.49024108 0.00037819424
vn 0.94819319 -0.31768969 0.0016670934
vn 0.95222068 -0.3054111 5.5869618e-06
vn 0.88468343 -0.46619156 0.00077635207
vn 0.94819319 -0.31768969 0.0016670934
vn 0.99122214 -0.13207391 -0.0059347921
vn 0.95222068 -0.3054111 5.5869618e-06
vn -4.3169567e-07 -1 1.8297648e-14
vn -0.29801765 -0.9545604 1.7119753e-07
vn -0.34694698 -0.93788469 6.4095143e-09
vn -7.3337453e-08 -1 -9.313203e-08
vn -3.4912205e-07 -0.87079537 0.49164578
vn -7.9919346e-07 -0.85065007 0.52573222
vn -8.4953291e-07 -0.68721503 0.72645396
vn 0 -0.73025852 0.68317086
vn 0 -0.73025852 0.68317086
vn -8.4953291e-07 -0.68721503 0.72645396
vn -1.2668994e-06 -0.46657234 0.88448316
vn 0 -0.49030107 0.87155312
vn 0 -0.49030107 0.87155312
vn -1.2668994e-06 -0.46657234 0.88448316
vn -9.6876499e-07 -0.30784312 0.95143712
vn 0 -0.31993565 0.94743919
vn 0 -0.31993565 0.94743919
vn -9.6876499e-07 -0.30784312 0.95143712
vn -2.1274277e-06 -0.12968689 0.99155504
vn 0.34694681 -0.93788481 3.3520072e-07
vn 0.52467334 -0.85130358 9.3092115e-07
vn 0.52467352 -0.85130358 4.0463999e-07
vn 0.34694663 -0.93788493 7.0296885e-08
vn -6.0625632e-07 -1 1.8360988e-07
vn -0.34694618 -0.93788505 -5.0962234e-07
vn -0.346946 -0.93788505 -1.117157e-08
vn -1.8578822e-07 -1 2.1622115e-07
vn 0 -0.95456046 -0.2980175
vn 0 -0.93788505 -0.34694618
vn 0 -0.85064995 -0.52573258
vn 0 -0.87115598 -0.49100623
vn 0 -0.87115598 -0.49100623
vn 0 -0.85064995 -0.52573258
vn 0 -0.68721491 -0.7264542
vn 0 -0.72913712 -0.6843676
vn 0 -0.72913712 -0.6843676
vn 0 -0.68721491 -0.7264542
vn -0.00075802847 -0.46621081 -0.8846733
vn -0.00035507281 -0.48959658 -0.87194896
vn -0.00035507281 -0.48959658 -0.87194896
vn -0.00075802847 -0.46621081 -0.8846733
vn -0.0017894759 -0.30790332 -0.95141608
vn -0.0016570336 -0.32052976 -0.94723696
vn -0.0016570336 -0.32052976 -0.94723696
vn -0.0017894759 -0.30790332 -0.95141608
vn -0.00082723866 -0.13032456 -0.99147105
vn 3.8372917e-07 -1 2.4883227e-07
vn 0.29801723 -0.95456046 -6.4518318e-08
vn 0.34694591 -0.93788511 2.8330308e-07
vn -1.8578822e-07 -1 2.1622115e-07
vn -0.49164575 -0.87079525 3.1287946e-08
vn -0.68316919 -0.73026019 -6.2016863e-07
vn -0.72645313 -0.68721598 -1.2705527e-06
vn -0.52573258 -0.85065001 -3.6664662e-07
vn -0.68316919 -0.73026019 -6.2016863e-07
vn -0.87158769 -0.49023941 -0.00038478771
vn -0.88468558 -0.46618766 -0.00078127469
vn -0.72645313 -0.68721598 -1.2705527e-06
vn -0.87158769 -0.49023941 -0.00038478771
vn -0.94724584 -0.32050344 -0.0017079408
vn -0.95142144 -0.30788612 -0.0017908282
vn -0.88468558 -0.46618766 -0.00078127469
vn -0.94724584 -0.32050344 -0.0017079408
vn -0.99147058 -0.1303286 -0.00081978884
vn -0.95142144 -0.30788612 -0.0017908282
vn -0.29801765 -0.9545604 1.7119753e-07
vn -0.49164575 -0.87079525 3.1287946e-08
vn -0.52573258 -0.85065001 -3.6664662e-07
vn -0.34694698 -0.93788469 6.4095143e-09
vn -0.88483977 -0.46589413 0.0010391455
vn -0.95161492 -0.30728814 0.0017119444
vn -0.95142025 -0.30789003 0.0017901693
vn -0.88468325 -0.4661921 0.0007761821
vn -0.52573222 -0.85065019 -3.2978434e-07
vn -0.72645348 -0.68721563 0
vn -0.72645354 -0.68721563 1.92337e-07
vn -0.52573216 -0.85065019 4.2933365e-08
vn -0.95161492 -0.30728814 0.0017119444
vn -0.99254739 -0.12185733 0.00068181008
vn -0.99147052 -0.13032882 0.00082015857
vn -0.95142025 -0.30789003 0.0017901693
vn -0.72645348 -0.68721563 0
vn -0.88483977 -0.46589413 0.0010391455
vn -0.88468325 -0.4661921 0.0007761821
vn -0.72645354 -0.68721563 1.92337e-07
vn -1.2839706e-07 -0.95456034 0.29801759
vn -8.0074369e-07 -0.93788499 0.3469463
vn -7.9919346e-07 -0.85065007 0.52573222
vn -3.4912205e-07 -0.87079537 0.49164578
vn -0.0017331426 -0.30730212 0.95161045
vn -0.0010396709 -0.46591535 0.88482869
vn -0.00075828616 -0.46621057 0.88467348
vn -0.0017891863 -0.30790275 0.95141619
vn 0 -0.68721485 0.7264542
vn 0 -0.85020339 0.52645433
vn -1.2381851e-07 -0.85020328 0.52645445
vn 0 -0.68721503 0.72645408
vn 3.5201987e-07 -1 -1.8626415e-07
vn 0.34694681 -0.93788481 3.3520072e-07
vn 0.34694663 -0.93788493 7.0296885e-08
vn -7.3337453e-08 -1 -9.313203e-08
vn -0.00070244831 -0.12184679 0.99254864
vn -0.0017331426 -0.30730212 0.95161045
vn -0.0017891863 -0.30790275 0.95141619
vn -0.00082770467 -0.13032459 0.99147105
vn -0.0010396709 -0.46591535 0.88482869
vn 0 -0.68721485 0.7264542
vn 0 -0.68721503 0.72645408
vn -0.00075828616 -0.46621057 0.88467348
vn 0 -0.85020339 0.52645433
vn 0 -0.93776214 0.34727815
vn -2.2168717e-07 -0.9377622 0.347278
vn -1.2381851e-07 -0.85020328 0.52645445
vn 0.95161587 -0.30728519 -0.0017084659
vn 0.99254715 -0.12185925 -0.00067839609
vn 0.99147046 -0.13032927 -0.00081975461
vn 0.9514212 -0.30788741 -0.0017905375
vn 0.72725385 -0.68636847 6.0309748e-07
vn 0.88596267 -0.46375546 -0.0010388303
vn 0.88580626 -0.46405458 -0.00077941403
vn 0.72725409 -0.68636847 3.0154879e-07
vn -0.34694618 -0.93788505 -5.0962234e-07
vn -0.52573222 -0.85065019 -3.2978434e-07
vn -0.52573216 -0.85065019 4.2933365e-08
vn -0.346946 -0.93788505 -1.117157e-08
vn 0.88596267 -0.46375546 -0.0010388303
vn 0.95161587 -0.30728519 -0.0017084659
vn 0.9514212 -0.30788741 -0.0017905375
vn 0.88580626 -0.46405458 -0.00077941403
vn 0.52467334 -0.85130358 9.3092115e-07
vn 0.72725385 -0.68636847 6.0309748e-07
vn 0.72725409 -0.68636847 3.0154879e-07
vn 0.52467352 -0.85130358 4.0463999e-07
vn -2.0020018e-07 -1 -0.00018689924
vn -9.9976106e-08 -0.99999994 -0.00049579277
vn 0 -0.93788505 -0.34694618
vn 0 -0.95456046 -0.2980175
vn 0 -0.12121746 -0.99262595
vn 0 -0.3078433 -0.95143706
vn 4.868001e-07 -0.3078441 -0.95143682
vn 1.0107347e-07 -0.12968776 -0.9915548
vn 0 -0.46657243 -0.88448298
vn 0 -0.68721527 -0.72645384
vn 0 -0.68721509 -0.72645396
vn 1.3811285e-07 -0.46657258 -0.88448292
vn 0 -0.85065025 -0.52573204
vn 0 -0.93788511 -0.34694594
vn 0 -0.93788505 -0.34694615
vn 0 -0.85065007 -0.52573228
vn 0 -0.99999267 0.0038291684
vn 0 -1 -2.3467986e-07
vn -8.0074369e-07 -0.93788499 0.3469463
vn -1.2839706e-07 -0.95456034 0.29801759
vn 0 -0.3078433 -0.95143706
vn 0 -0.46657243 -0.88448298
vn 1.3811285e-07 -0.46657258 -0.88448292
vn 4.868001e-07 -0.3078441 -0.95143682
vn 0 -0.68721527 -0.72645384
vn 0 -0.85065025 -0.52573204
vn 0 -0.85065007 -0.52573228
vn 0 -0.68721509 -0.72645396
vn 0 -0.93788511 -0.34694594
vn 0 -1 -6.2581296e-07
vn 0 -1 -2.3467986e-07
vn 0 -0.93788505 -0.34694615
vn -0.70695311 -0.00021341599 -0.70726025
vn -0.71696573 0.0010058237 -0.69710767
vn -0.71693832 0.0010064923 -0.69713587
vn -0.70695239 -0.0002142858 -0.70726103
vn 0.69956964 -0.028053451 -0.71401364
vn 0.70369989 -0.011911718 -0.71039754
vn 0.7037012 -0.011906542 -0.71039635
vn 0.69956964 -0.028053451 -0.71401364
vn 0.70815849 -0.0055046366 0.70603192
vn 0.70714873 0.00095368008 0.70706427
vn 0.70714843 0.00095121551 0.70706451
vn 0.70816302 -0.0055145756 0.70602745
vn 0.71064305 -0.014035991 -0.70341271
vn 0.71402156 -0.028074991 -0.69956052
vn 0.71402156 -0.028074991 -0.69956052
vn 0.71064204 -0.014031715 -0.7034139
vn -0.69956255 -0.028088629 0.714019
vn -0.70341194 -0.01404795 0.71064353
vn -0.70341325 -0.014043197 0.7106424
vn -0.69956255 -0.028088629 0.714019
vn 0.70710576 3.9849278e-06 -0.70710784
vn 0.71064305 -0.014035991 -0.70341271
vn 0.71064204 -0.014031715 -0.7034139
vn 0.70710576 3.9859478e-06 -0.70710778
vn -0.70607942 -0.00098597596 -0.70813179
vn -0.70695311 -0.00021341599 -0.70726025
vn -0.70695239 -0.0002142858 -0.70726103
vn -0.70607942 -0.00098610891 -0.70813197
vn -0.70952553 -0.0090975277 0.70462102
vn -0.710841 -0.015996872 0.70317078
vn -0.71084011 -0.015993414 0.70317185
vn -0.70952916 -0.009106922 0.70461726
vn -0.70341194 -0.01404795 0.71064353
vn -0.70710647 -2.9753326e-06 0.70710713
vn -0.70710647 -2.9758558e-06 0.70710713
vn -0.70341325 -0.014043197 0.7106424
vn 0.70714873 0.00095368008 0.70706427
vn 0.70699805 0.0023054408 0.70721167
vn 0.70699739 0.0023028196 0.70721245
vn 0.70714843 0.00095121551 0.70706451
vn 0.70369989 -0.011911718 -0.71039754
vn 0.70442343 0.013497641 -0.70965171
vn 0.70443481 0.013464963 -0.70964092
vn 0.7037012 -0.011906542 -0.71039635
vn 0.70710623 5.7805852e-07 -0.70710725
vn 0.70710576 3.9849278e-06 -0.70710784
vn 0.70710576 3.9859478e-06 -0.70710778
vn 0.70710629 5.7809365e-07 -0.70710731
vn -0.70840186 0.0013098069 -0.7058081
vn -0.70607942 -0.00098597596 -0.70813179
vn -0.70607942 -0.00098610891 -0.70813197
vn -0.70840478 0.0013122916 -0.70580512
vn -0.7140342 -0.012701703 0.69999564
vn -0.70952553 -0.0090975277 0.70462102
vn -0.70952916 -0.009106922 0.70461726
vn -0.71404523 -0.012696274 0.69998449
vn -0.70710647 -2.9753326e-06 0.70710713
vn -0.7071085 -1.9999869e-07 0.7071051
vn -0.70710844 -2.0003093e-07 0.7071051
vn -0.70710647 -2.9758558e-06 0.70710713
vn 0.70699805 0.0023054408 0.70721167
vn 0.70515823 0.0016355487 0.70904803
vn 0.70515627 0.0016375298 0.70905006
vn 0.70699739 0.0023028196 0.70721245
vn 0.70442343 0.013497641 -0.70965171
vn 0.71584725 0.0072692474 -0.698219
vn 0.7158004 0.0073194187 -0.69826657
vn 0.70443481 0.013464963 -0.70964092
vn 0.70710725 -1.1100447e-07 -0.70710623
vn 0.70710623 5.7805852e-07 -0.70710725
vn 0.70710629 5.7809365e-07 -0.70710731
vn 0.70710737 -1.1059133e-07 -0.70710623
vn -0.71232277 0.0012960777 -0.70185083
vn -0.70840186 0.0013098069 -0.7058081
vn -0.70840478 0.0013122916 -0.70580512
vn -0.71194142 0.0016142982 -0.70223695
vn -0.714149 -0.0068339184 0.69996041
vn -0.7140342 -0.012701703 0.69999564
vn -0.71404523 -0.012696274 0.69998449
vn -0.71416217 -0.0068577975 0.6999467
vn -0.7071085 -1.9999869e-07 0.7071051
vn -0.70710772 1.2902457e-06 0.70710576
vn -0.70710778 1.2901035e-06 0.70710576
vn -0.70710844 -2.0003093e-07 0.7071051
vn 0.71584725 0.0072692474 -0.698219
vn 0.7209478 -0.0029371462 -0.69298315
vn 0.72087216 -0.0028940646 -0.69306207
vn 0.7158004 0.0073194187 -0.69826657
vn 0.70515823 0.0016355487 0.70904803
vn 0.70185167 0.0012951093 0.71232206
vn 0.7022385 0.0016130925 0.71193999
vn 0.70515627 0.0016375298 0.70905006
vn 0.64424622 -0.41218051 0.64424694
vn 0.69736099 -0.16545239 0.69736153
vn 0.69736111 -0.16545236 0.69736159
vn 0.64424616 -0.41218057 0.64424688
vn 0.56896281 -0.59376913 0.56896353
vn 0.64424622 -0.41218051 0.64424694
vn 0.64424616 -0.41218057 0.64424688
vn 0.56896287 -0.59376889 0.56896365
vn 0.42859316 -0.79537153 0.42859316
vn 0.56896281 -0.59376913 0.56896353
vn 0.56896287 -0.59376889 0.56896365
vn 0.42859295 -0.79537171 0.42859295
vn 0.28375381 -0.91595143 0.28375456
vn 0.42859316 -0.79537153 0.42859316
vn 0.42859295 -0.79537171 0.42859295
vn 0.28375369 -0.91595155 0.28375444
vn 0.18050638 -0.96684921 0.18061036
vn 0.28375381 -0.91595143 0.28375456
vn 0.28375369 -0.91595155 0.28375444
vn 0.18050615 -0.96684927 0.18061014
vn -0.69736099 -0.1654526 0.69736153
vn -0.64424592 -0.41218081 0.64424694
vn -0.6442461 -0.41218042 0.644247
vn -0.69736099 -0.1654526 0.69736153
vn -0.64424592 -0.41218081 0.64424694
vn -0.56896305 -0.59376907 0.56896347
vn -0.56896299 -0.59376925 0.56896335
vn -0.6442461 -0.41218042 0.644247
vn -0.56896305 -0.59376907 0.56896347
vn -0.42858988 -0.79537612 0.42858776
vn -0.42859671 -0.79536885 0.42859462
vn -0.56896299 -0.59376925 0.56896335
vn -0.42858988 -0.79537612 0.42858776
vn -0.2833975 -0.91586661 0.28438383
vn -0.28337389 -0.9158811 0.28436074
vn -0.42859671 -0.79536885 0.42859462
vn -0.2833975 -0.91586661 0.28438383
vn -0.18009438 -0.96673101 0.18165119
vn -0.17954749 -0.96693605 0.18110019
vn -0.28337389 -0.9158811 0.28436074
vn 0.64423829 -0.41219756 -0.64424384
vn 0.69736069 -0.16545306 -0.69736177
vn 0.69736063 -0.16545315 -0.69736165
vn 0.64424431 -0.41217873 -0.64424992
vn 0.57061279 -0.59313351 -0.56797332
vn 0.64423829 -0.41219756 -0.64424384
vn 0.64424431 -0.41217873 -0.64424992
vn 0.5705803 -0.5931977 -0.56793904
vn 0.43155396 -0.79458982 -0.4270694
vn 0.57061279 -0.59313351 -0.56797332
vn 0.5705803 -0.5931977 -0.56793904
vn 0.4305923 -0.79562253 -0.42611635
vn 0.28015569 -0.91528434 -0.28942585
vn 0.43155396 -0.79458982 -0.4270694
vn 0.4305923 -0.79562253 -0.42611635
vn 0.2797299 -0.91551608 -0.2891047
vn 0.16965091 -0.96767521 -0.18661006
vn 0.28015569 -0.91528434 -0.28942585
vn 0.2797299 -0.91551608 -0.2891047
vn 0.17545404 -0.96539867 -0.19292845
vn -0.18009438 -0.96673101 0.18165119
vn -0.12303198 -0.98460579 0.12415542
vn -0.12303198 -0.98460579 0.12415542
vn -0.17954749 -0.96693605 0.18110019
vn 0.11617249 -0.98489773 -0.12837628
vn 0.16965091 -0.96767521 -0.18661006
vn 0.17545404 -0.96539867 -0.19292845
vn 0.11617249 -0.98489773 -0.12837628
vn -0.64420027 -0.41227832 -0.64423025
vn -0.69736081 -0.16545293 -0.69736165
vn -0.69736087 -0.16545288 -0.69736159
vn -0.64424193 -0.41214812 -0.64427185
vn -0.56113303 -0.59080261 -0.57972586
vn -0.64420027 -0.41227832 -0.64423025
vn -0.64424193 -0.41214812 -0.64427185
vn -0.56175822 -0.58979148 -0.58014965
vn -0.41708791 -0.79063225 -0.44826141
vn -0.56113303 -0.59080261 -0.57972586
vn -0.56175822 -0.58979148 -0.58014965
vn -0.4117423 -0.79661632 -0.4425728
vn -0.27657354 -0.91651213 -0.28898528
vn -0.41708791 -0.79063225 -0.44826141
vn -0.4117423 -0.79661632 -0.4425728
vn -0.27628109 -0.91672093 -0.28860262
vn -0.18051518 -0.96684557 -0.18062048
vn -0.27657354 -0.91651213 -0.28898528
vn -0.27628109 -0.91672093 -0.28860262
vn -0.18046139 -0.96686572 -0.18056676
vn 0.12364453 -0.9845674 0.12385106
vn 0.18050638 -0.96684921 0.18061036
vn 0.18050615 -0.96684927 0.18061014
vn 0.12364453 -0.9845674 0.12385106
vn -0.12361035 -0.98457778 -0.12380287
vn -0.18051518 -0.96684557 -0.18062048
vn -0.18046139 -0.96686572 -0.18056676
vn -0.12361035 -0.98457778 -0.12380287
vn -0.710841 -0.015996872 0.70317078
vn -0.71394455 -0.027774015 0.69965112
vn -0.71394455 -0.027774015 0.69965112
vn -0.71084011 -0.015993414 0.70317185
vn -0.70548159 0.0014741201 -0.7087267
vn -0.70185095 0.0012959173 -0.71232271
vn -0.70223713 0.0016140998 -0.71194124
vn -0.70547903 0.0014763532 -0.70872915
vn 0.7119509 -0.022071436 0.70188224
vn 0.70815849 -0.0055046366 0.70603192
vn 0.70816302 -0.0055145756 0.70602745
vn 0.7119388 -0.022001654 0.70189673
vn 0.70872545 0.0014723263 0.7054829
vn 0.70710623 -1.2902414e-06 0.70710737
vn 0.70710623 -1.2900992e-06 0.70710737
vn 0.7087279 0.0014745698 0.70548046
vn -0.71696573 0.0010058237 -0.69710767
vn -0.70470631 -0.0078598652 -0.70945555
vn -0.70461106 -0.0078987265 -0.70954984
vn -0.71693832 0.0010064923 -0.69713587
vn 0.70361924 -0.013137043 0.71045572
vn 0.70109105 -0.027787235 0.71253026
vn 0.70109105 -0.027787235 0.71253026
vn 0.70361888 -0.013139105 0.71045601
vn -0.70710564 6.9017312e-07 -0.70710796
vn -0.70548159 0.0014741201 -0.7087267
vn -0.70547903 0.0014763532 -0.70872915
vn -0.70710564 6.9109564e-07 -0.7071079
vn -0.71404576 -0.028775251 -0.69950742
vn -0.71077079 -0.014810626 -0.70326781
vn -0.71076822 -0.014799858 -0.70327067
vn -0.71404576 -0.028775251 -0.69950742
vn 0.70710623 -1.2902414e-06 0.70710737
vn 0.70718211 0.00014170109 0.70703137
vn 0.70718217 0.00014170606 0.70703143
vn 0.70710623 -1.2900992e-06 0.70710737
vn 0.71419609 -0.035429675 0.69904852
vn 0.7119509 -0.022071436 0.70188224
vn 0.7119388 -0.022001654 0.70189673
vn 0.71419609 -0.035429675 0.69904852
vn -0.70470631 -0.0078598652 -0.70945555
vn -0.68303186 -0.016550381 -0.73020107
vn -0.68303186 -0.016550381 -0.73020107
vn -0.70461106 -0.0078987265 -0.70954984
vn -0.70718312 -0.00014474915 -0.70703048
vn -0.70710564 6.9017312e-07 -0.70710796
vn -0.70710564 6.9109564e-07 -0.7071079
vn -0.70718306 -0.00014475314 -0.70703053
vn 0.70718211 0.00014170109 0.70703137
vn 0.70662409 0.00089707848 0.70758843
vn 0.70662397 0.00089728436 0.70758867
vn 0.70718217 0.00014170606 0.70703143
vn 0.71100217 0.002627379 -0.70318496
vn 0.71231836 0.0012960605 -0.7018553
vn 0.71193695 0.0016142973 -0.70224154
vn 0.7110011 0.0026278584 -0.70318604
vn -0.70872676 0.0014732162 0.70548153
vn -0.7123211 0.0012955972 0.7018525
vn -0.71193993 0.0016136991 0.7022385
vn -0.70872927 0.0014754578 0.70547909
vn -0.70729971 -0.00056234404 -0.70691359
vn -0.70718312 -0.00014474915 -0.70703048
vn -0.70718306 -0.00014475314 -0.70703053
vn -0.70729971 -0.00056253525 -0.70691359
vn -0.70185262 0.0012960786 0.71232104
vn -0.70775473 0.00032883711 0.70645821
vn -0.70774889 0.00033276028 0.70646399
vn -0.7022388 0.0016143009 0.71193963
vn 0.70662409 0.00089707848 0.70758843
vn 0.70361924 -0.013137043 0.71045572
vn 0.70361888 -0.013139105 0.71045601
vn 0.70662397 0.00089728436 0.70758867
vn 0.7209478 -0.0029371462 -0.69298315
vn 0.71100217 0.002627379 -0.70318496
vn 0.7110011 0.0026278584 -0.70318604
vn 0.72087216 -0.0028940646 -0.69306207
vn -0.71077079 -0.014810626 -0.70326781
vn -0.70729971 -0.00056234404 -0.70691359
vn -0.70729971 -0.00056253525 -0.70691359
vn -0.71076822 -0.014799858 -0.70327067
vn -0.70710772 1.2902457e-06 0.70710576
vn -0.70872676 0.0014732162 0.70548153
vn -0.70872927 0.0014754578 0.70547909
vn -0.70710778 1.2901035e-06 0.70710576
vn -0.70775473 0.00032883711 0.70645821
vn -0.714149 -0.0068339184 0.69996041
vn -0.71416217 -0.0068577975 0.6999467
vn -0.70774889 0.00033276028 0.70646399
vn 0.70552546 0.0014644047 -0.70868289
vn 0.70710725 -1.1100447e-07 -0.70710623
vn 0.70710737 -1.1059133e-07 -0.70710623
vn 0.70551825 0.0014711911 -0.70869029
vn 0.70550954 0.00010368972 0.70870036
vn 0.70550954 0.00010368972 0.70870036
vn 0.70550692 0.00010644668 0.70870298
vn 0.70550692 0.00010644521 0.70870304
vn -0.7009747 -0.0081843184 -0.71313918
vn -0.7009747 -0.0081843184 -0.71313918
vn -0.69956028 -0.0014353273 -0.71457207
vn -0.69956011 -0.0014344478 -0.71457237
vn -0.70743316 -2.1218328e-05 0.70678014
vn -0.70743316 -2.1218328e-05 0.70678014
vn -0.70743263 -1.535606e-05 0.70678079
vn -0.70743269 -1.5356401e-05 0.70678073
vn 0.0008946287 -0.6710586 -0.74140382
vn 0.0008938376 -0.67197782 -0.74057078
vn 0.00096885895 -0.57058752 -0.82123631
vn 0.81381875 -0.58111697 0.0014759139
vn 0.81449527 -0.58016866 0.0012254497
vn 0.77844357 -0.62771338 0.0011917293
vn 0.73611099 -0.6768595 0.0013358118
vn -0.0012728423 -0.5802148 0.81446254
vn 0.00082024292 -0.67818141 0.7348941
vn 0.0014280939 -0.70471388 0.70949018
vn -0.81398481 -0.58088487 -0.0011834932
vn -0.73511225 -0.67794466 -0.0010597935
vn -0.73527497 -0.67776805 -0.0010600473
vn 0.0014280939 -0.70471388 0.70949018
vn 0.00082024292 -0.67818141 0.7348941
vn 0.0032040332 -0.77720147 0.62924379
vn 0.0032040332 -0.77720147 0.62924379
vn -0.69956011 -0.0014344478 -0.71457237
vn -0.69956028 -0.0014353273 -0.71457207
vn -0.69661158 0.012133727 -0.71734595
vn 0.70708215 1.9882145e-05 -0.70713139
vn 0.70708221 1.9879086e-05 -0.70713145
vn 0.70708513 2.1684849e-05 -0.70712852
vn 0.70550692 0.00010644521 0.70870304
vn 0.70550692 0.00010644668 0.70870298
vn 0.70550162 0.00011198973 0.70870835
vn 0.70550162 0.00011198973 0.70870835
vn -0.70743269 -1.5356401e-05 0.70678073
vn -0.70743263 -1.535606e-05 0.70678079
vn -0.7074315 -3.569209e-06 0.70678192
vn 0.0008946287 -0.6710586 -0.74140382
vn 0.00079066301 -0.77324098 -0.63411176
vn 0.0008938376 -0.67197782 -0.74057078
vn 0.77844357 -0.62771338 0.0011917293
vn 0.81449527 -0.58016866 0.0012254497
vn 0.81597102 -0.57809246 0.0006777168
vn -0.73511225 -0.67794466 -0.0010597935
vn -0.63093287 -0.77583683 -0.00089818746
vn -0.73527497 -0.67776805 -0.0010600473
vn 0.77844357 -0.62771338 0.0011917293
vn 0.63332951 -0.77388138 0.0011503418
vn 0.73611099 -0.6768595 0.0013358118
vn 0.99230599 -0.1236354 -0.0065688691
vn 0.99122214 -0.13207391 -0.0059347921
vn 0.99994636 -0.0073186695 -0.0073169009
vn 0.99994636 -0.0073186695 -0.0073169009
vn -0.71232277 0.0012960777 -0.70185083
vn -0.71194142 0.0016142982 -0.70223695
vn -0.71387291 0 -0.7002753
vn -0.71387291 0 -0.7002753
vn -2.1274277e-06 -0.12968689 0.99155504
vn -2.2917284e-06 -0.12121674 0.99262601
vn -2.3841887e-06 0 1
vn -2.3841887e-06 0 1
vn 0 -0.12121746 -0.99262595
vn 1.0107347e-07 -0.12968776 -0.9915548
vn 0 0 -1
vn 0 0 -1
vn -0.70223713 0.0016140998 -0.71194124
vn -0.70185095 0.0012959173 -0.71232271
vn -0.70027477 0 -0.71387339
vn -0.70027477 0 -0.71387339
vn 0.99147046 -0.13032927 -0.00081975461
vn 0.99254715 -0.12185925 -0.00067839609
vn 1 0 0
vn 1 0 0
vn -0.69736087 -0.16545288 -0.69736159
vn -0.69736081 -0.16545293 -0.69736165
vn -0.70710683 0 -0.70710683
vn -0.70710683 0 -0.70710683
vn -0.71193993 0.0016136991 0.7022385
vn -0.7123211 0.0012955972 0.7018525
vn -0.71387088 0 0.70027739
vn -0.71387088 0 0.70027739
vn 0.7022385 0.0016130925 0.71193999
vn 0.70185167 0.0012951093 0.71232206
vn 0.70027322 0 0.713875
vn 0.70027322 0 0.713875
vn -0.99254727 -0.12185858 -0.00067843293
vn -0.99147058 -0.1303286 -0.00081978884
vn -1 0 -2.2351896e-06
vn -1 0 -2.2351896e-06
vn -0.69736099 -0.1654526 0.69736153
vn -0.69736099 -0.1654526 0.69736153
vn -0.70710683 0 0.70710683
vn -0.70710683 0 0.70710683
vn 0.71193695 0.0016142973 -0.70224154
vn 0.71231836 0.0012960605 -0.7018553
vn 0.71386874 0 -0.70027953
vn 0.71386874 0 -0.70027953
vn -0.00082723866 -0.13032456 -0.99147105
vn -0.00070175045 -0.12184736 -0.99254858
vn 0 0 -1
vn 0 0 -1
vn 0.69736063 -0.16545315 -0.69736165
vn 0.69736069 -0.16545306 -0.69736177
vn 0.70710629 0 -0.70710731
vn 0.70710629 0 -0.70710731
vn -0.99147052 -0.13032882 0.00082015857
vn -0.99254739 -0.12185733 0.00068181008
vn -1 0 0
vn -1 0 0
vn 0.69736111 -0.16545236 0.69736159
vn 0.69736099 -0.16545239 0.69736153
vn 0.70710629 0 0.70710731
vn 0.70710629 0 0.70710731
vn -0.00070244831 -0.12184679 0.99254864
vn -0.00082770467 -0.13032459 0.99147105
vn 0 0 1
vn 0 0 1
vn -0.70185262 0.0012960786 0.71232104
vn -0.7022388 0.0016143009 0.71193963
vn -0.70027667 0 0.71387154
vn -0.70027667 0 0.71387154
vn 0.70708066 1.8980758e-05 -0.70713288
vn 0.70708066 1.8980758e-05 -0.70713288
vn 0.70708221 1.9879086e-05 -0.70713145
vn 0.70708215 1.9882145e-05 -0.70713139
vn 0.34694591 -0.93788511 2.8330308e-07
vn 0.52573228 -0.85065001 1.8975332e-07
vn 0.52573264 -0.85064995 3.2978363e-07
vn 0.34694529 -0.93788534 6.8881928e-07
vn 0.7264545 -0.68721449 8.6747932e-08
vn 0.88468343 -0.46619156 0.00077635207
vn 0.88484013 -0.46589342 0.0010396945
vn 0.7264545 -0.68721461 0
vn 0.95222068 -0.3054111 5.5869618e-06
vn 0.99122214 -0.13207391 -0.0059347921
vn 0.99230599 -0.1236354 -0.0065688691
vn 0.95214951 -0.30562708 -0.0018614343
vn 0.70187956 0.0012875826 -0.71229446
vn 0.70552546 0.0014644047 -0.70868289
vn 0.70551825 0.0014711911 -0.70869029
vn 0.70227933 0.0016090033 -0.71189964
vn -0.52573216 -0.85065019 4.2933365e-08
vn -0.72645354 -0.68721563 1.92337e-07
vn -0.68317032 -0.73025906 3.7053482e-07
vn -0.49164563 -0.87079537 4.4704584e-07
vn -0.72645354 -0.68721563 1.92337e-07
vn -0.88468325 -0.4661921 0.0007761821
vn -0.87158638 -0.4902418 0.0003784583
vn -0.68317032 -0.73025906 3.7053482e-07
vn 0.70027429 -7.075007e-07 -0.71387386
vn 0.70187956 0.0012875826 -0.71229446
vn 0.70227933 0.0016090033 -0.71189964
vn 0.70027429 -7.075007e-07 -0.71387386
vn 0.52573228 -0.85065001 1.8975332e-07
vn 0.7264545 -0.68721449 8.6747932e-08
vn 0.7264545 -0.68721461 0
vn 0.52573264 -0.85064995 3.2978363e-07
vn 0.88468343 -0.46619156 0.00077635207
vn 0.95222068 -0.3054111 5.5869618e-06
vn 0.95214951 -0.30562708 -0.0018614343
vn 0.88484013 -0.46589342 0.0010396945
vn -0.346946 -0.93788505 -1.117157e-08
vn -0.52573216 -0.85065019 4.2933365e-08
vn -0.49164563 -0.87079537 4.4704584e-07
vn -0.29801711 -0.95456058 4.8588748e-07
vn -1.8578822e-07 -1 2.1622115e-07
vn -0.346946 -0.93788505 -1.117157e-08
vn -0.29801711 -0.95456058 4.8588748e-07
vn 3.8372917e-07 -1 2.4883227e-07
vn -1.8578822e-07 -1 2.1622115e-07
vn 0.34694591 -0.93788511 2.8330308e-07
vn 0.34694529 -0.93788534 6.8881928e-07
vn -6.0625632e-07 -1 1.8360988e-07
vn -0.88468325 -0.4661921 0.0007761821
vn -0.95142025 -0.30789003 0.0017901693
vn -0.94724423 -0.32050824 0.0016981376
vn -0.87158638 -0.4902418 0.0003784583
vn -0.95142025 -0.30789003 0.0017901693
vn -0.99147052 -0.13032882 0.00082015857
vn -0.94724423 -0.32050824 0.0016981376
vn 0 -0.68721503 0.72645408
vn -1.2381851e-07 -0.85020328 0.52645445
vn -3.5623901e-07 -0.87020528 0.49268922
vn 0 -0.73025876 0.68317062
vn -0.00082770467 -0.13032459 0.99147105
vn -0.0017891863 -0.30790275 0.95141619
vn -0.0016556374 -0.32052875 0.94723743
vn -1.2381851e-07 -0.85020328 0.52645445
vn -2.2168717e-07 -0.9377622 0.347278
vn -4.1780623e-07 -0.95466083 0.29769588
vn -3.5623901e-07 -0.87020528 0.49268922
vn 0 -0.93788505 -0.34694618
vn -9.9976106e-08 -0.99999994 -0.00049579277
vn 0 -0.99999994 -0.0004952795
vn 0 -0.93788505 -0.34694618
vn 0 -0.85064995 -0.52573258
vn 0 -0.93788505 -0.34694618
vn 0 -0.93788505 -0.34694618
vn 0 -0.85064983 -0.5257327
vn -0.00075802847 -0.46621081 -0.8846733
vn 0 -0.68721491 -0.7264542
vn 0 -0.68721479 -0.72645426
vn -0.0010391548 -0.46591547 -0.88482863
vn -0.00082723866 -0.13032456 -0.99147105
vn -0.0017894759 -0.30790332 -0.95141608
vn -0.0017319313 -0.30730215 -0.95161045
vn -0.00070175045 -0.12184736 -0.99254858
vn 0.71231735 0.0012957524 0.70185632
vn 0.70872545 0.0014723263 0.7054829
vn 0.7087279 0.0014745698 0.70548046
vn 0.7119363 0.0016138945 0.70224226
vn -0.0017891863 -0.30790275 0.95141619
vn -0.00075828616 -0.46621057 0.88467348
vn -0.00035157715 -0.49025291 0.87158024
vn -0.0016556374 -0.32052875 0.94723743
vn -0.00075828616 -0.46621057 0.88467348
vn 0 -0.68721503 0.72645408
vn 0 -0.73025876 0.68317062
vn -0.00035157715 -0.49025291 0.87158024
vn -2.2168717e-07 -0.9377622 0.347278
vn -9.9976106e-08 -0.99999994 -0.00049579277
vn -2.0020018e-07 -1 -0.00018689924
vn -4.1780623e-07 -0.95466083 0.29769588
vn 0 -0.68721491 -0.7264542
vn 0 -0.85064995 -0.52573258
vn 0 -0.85064983 -0.5257327
vn 0 -0.68721479 -0.72645426
vn -0.0017894759 -0.30790332 -0.95141608
vn -0.00075802847 -0.46621081 -0.8846733
vn -0.0010391548 -0.46591547 -0.88482863
vn -0.0017319313 -0.30730215 -0.95161045
vn 0.71386671 0 0.70028162
vn 0.71231735 0.0012957524 0.70185632
vn 0.7119363 0.0016138945 0.70224226
vn 0.71386671 0 0.70028162
vn 0.72725409 -0.68636847 3.0154879e-07
vn 0.88580626 -0.46405458 -0.00077941403
vn 0.87306345 -0.48760635 -0.00038319352
vn 0.6830135 -0.73040569 0
vn 0.88580626 -0.46405458 -0.00077941403
vn 0.9514212 -0.30788741 -0.0017905375
vn 0.94724548 -0.32050472 -0.0017066241
vn 0.87306345 -0.48760635 -0.00038319352
vn 0.34694663 -0.93788493 7.0296885e-08
vn 0.52467352 -0.85130358 4.0463999e-07
vn 0.49109811 -0.8711043 -1.7486521e-07
vn 0.29801697 -0.95456058 -1.7119746e-07
vn -0.52573258 -0.85065001 -3.6664662e-07
vn -0.72645313 -0.68721598 -1.2705527e-06
vn -0.7264536 -0.68721557 -1.8626328e-06
vn -0.52573299 -0.85064965 -5.984611e-07
vn -0.88468558 -0.46618766 -0.00078127469
vn -0.95142144 -0.30788612 -0.0017908282
vn -0.95161629 -0.30728418 -0.0017079278
vn -0.88484257 -0.46588886 -0.0010408905
vn -0.34694698 -0.93788469 6.4095143e-09
vn -0.52573258 -0.85065001 -3.6664662e-07
vn -0.52573299 -0.85064965 -5.984611e-07
vn -0.3469469 -0.93788481 -1.8178855e-07
vn -7.3337453e-08 -1 -9.313203e-08
vn 0.34694663 -0.93788493 7.0296885e-08
vn 0.29801697 -0.95456058 -1.7119746e-07
vn -4.3169567e-07 -1 1.8297648e-14
vn 0.9514212 -0.30788741 -0.0017905375
vn 0.99147046 -0.13032927 -0.00081975461
vn 0.94724548 -0.32050472 -0.0017066241
vn 0.52467352 -0.85130358 4.0463999e-07
vn 0.72725409 -0.68636847 3.0154879e-07
vn 0.6830135 -0.73040569 0
vn 0.49109811 -0.8711043 -1.7486521e-07
vn -7.3337453e-08 -1 -9.313203e-08
vn -0.34694698 -0.93788469 6.4095143e-09
vn -0.3469469 -0.93788481 -1.8178855e-07
vn 3.5201987e-07 -1 -1.8626415e-07
vn -0.72645313 -0.68721598 -1.2705527e-06
vn -0.88468558 -0.46618766 -0.00078127469
vn -0.88484257 -0.46588886 -0.0010408905
vn -0.7264536 -0.68721557 -1.8626328e-06
vn -0.95142144 -0.30788612 -0.0017908282
vn -0.99147058 -0.1303286 -0.00081978884
vn -0.99254727 -0.12185858 -0.00067843293
vn -0.95161629 -0.30728418 -0.0017079278
vn 1.3811285e-07 -0.46657258 -0.88448292
vn 0 -0.68721509 -0.72645396
vn 0 -0.73025841 -0.68317109
vn 2.0362823e-07 -0.49030152 -0.87155282
vn -8.4953291e-07 -0.68721503 0.72645396
vn -7.9919346e-07 -0.85065007 0.52573222
vn -1.3556402e-06 -0.85064995 0.52573246
vn -1.6990695e-06 -0.68721497 0.72645408
vn -9.6876499e-07 -0.30784312 0.95143712
vn -1.2668994e-06 -0.46657234 0.88448316
vn -2.5337974e-06 -0.46657228 0.8844831
vn -1.933254e-06 -0.30784315 0.95143706
vn -8.0074369e-07 -0.93788499 0.3469463
vn 0 -1 -2.3467986e-07
vn 0 -1 -6.2581296e-07
vn -1.358277e-06 -0.93788499 0.34694636
vn 0 -0.68721509 -0.72645396
vn 0 -0.85065007 -0.52573228
vn 0 -0.87059844 -0.4919942
vn 0 -0.73025841 -0.68317109
vn 1.0107347e-07 -0.12968776 -0.9915548
vn 4.868001e-07 -0.3078441 -0.95143682
vn 8.9887868e-07 -0.31993753 -0.94743866
vn 0 -0.85065007 -0.52573228
vn 0 -0.93788505 -0.34694615
vn 0 -0.95431548 -0.29880074
vn 0 -0.87059844 -0.4919942
vn 4.868001e-07 -0.3078441 -0.95143682
vn 1.3811285e-07 -0.46657258 -0.88448292
vn 2.0362823e-07 -0.49030152 -0.87155282
vn 8.9887868e-07 -0.31993753 -0.94743866
vn 0 -0.93788505 -0.34694615
vn 0 -1 -2.3467986e-07
vn 0 -0.99999267 0.0038291684
vn 0 -0.95431548 -0.29880074
vn -1.2668994e-06 -0.46657234 0.88448316
vn -8.4953291e-07 -0.68721503 0.72645396
vn -1.6990695e-06 -0.68721497 0.72645408
vn -2.5337974e-06 -0.46657228 0.8844831
vn -2.1274277e-06 -0.12968689 0.99155504
vn -9.6876499e-07 -0.30784312 0.95143712
vn -1.933254e-06 -0.30784315 0.95143706
vn -2.2917284e-06 -0.12121674 0.99262601
vn -7.9919346e-07 -0.85065007 0.52573222
vn -8.0074369e-07 -0.93788499 0.3469463
vn -1.358277e-06 -0.93788499 0.34694636
vn -1.3556402e-06 -0.85064995 0.52573246
vn 0 -0.93776214 0.347278
vn 0 -0.99999982 -0.00049533806
vn 0 -0.99999982 -0.0004957096
vn -1.2408674e-07 -0.9377622 0.34727791
vn 0.29801714 -0.95456052 -1.0894632e-07
vn 0.49164471 -0.87079585 -6.5786367e-08
vn 0.5257321 -0.85065019 -2.2870474e-08
vn 0.34694549 -0.93788528 2.3384229e-07
vn 0.49164471 -0.87079585 -6.5786367e-08
vn 0.68317062 -0.73025876 3.3890836e-07
vn 0.72645396 -0.68721503 2.6397362e-07
vn 0.5257321 -0.85065019 -2.2870474e-08
vn 0.68317062 -0.73025876 3.3890836e-07
vn 0.87158614 -0.49024221 0.00038011011
vn 0.88468313 -0.46619228 0.00077732693
vn 0.72645396 -0.68721503 2.6397362e-07
vn 0.87158614 -0.49024221 0.00038011011
vn 0.94819313 -0.31768993 0.0016715218
vn 0.9522205 -0.30541134 7.7845871e-06
vn 0.88468313 -0.46619228 0.00077732693
vn 0.94819313 -0.31768993 0.0016715218
vn 0.99122238 -0.13207269 -0.0059343763
vn 0.9522205 -0.30541134 7.7845871e-06
vn 6.0437361e-07 -0.99999994 8.0714834e-08
vn -0.29801646 -0.95456076 2.6469056e-07
vn -0.34694606 -0.93788505 3.5067129e-07
vn 6.1114537e-07 -1 7.1556286e-07
vn -6.4512187e-07 -0.87079525 0.49164575
vn -3.2828197e-07 -0.85065007 0.52573222
vn -1.7214649e-07 -0.68721533 0.72645372
vn -4.6628907e-07 -0.73025894 0.6831705
vn -4.6628907e-07 -0.73025894 0.6831705
vn -1.7214649e-07 -0.68721533 0.72645372
vn 2.7622539e-07 -0.4665719 0.88448328
vn 4.0725624e-07 -0.49030083 0.87155324
vn 4.0725624e-07 -0.49030083 0.87155324
vn 2.7622539e-07 -0.4665719 0.88448328
vn 9.7359623e-07 -0.30784315 0.95143723
vn 1.7977504e-06 -0.31993586 0.94743919
vn 1.7977504e-06 -0.31993586 0.94743919
vn 9.7359623e-07 -0.30784315 0.95143723
vn 2.0214701e-07 -0.12968753 0.99155492
vn 0.34694645 -0.93788499 1.4195524e-06
vn 0.52467281 -0.85130394 1.1399911e-06
vn 0.52467245 -0.85130423 6.3389655e-07
vn 0.34694582 -0.93788517 6.8099342e-07
vn -1.3787434e-06 -1 1.1705099e-06
vn -0.34694594 -0.93788511 4.4728247e-07
vn -0.34694615 -0.93788505 3.5305013e-07
vn -7.627097e-07 -1 6.2569029e-07
vn 1.3055217e-07 -0.95456052 -0.29801714
vn 1.2364832e-07 -0.93788511 -0.34694591
vn 1.2340867e-07 -0.85065031 -0.52573192
vn 3.5698196e-07 -0.87115622 -0.49100599
vn 3.5698196e-07 -0.87115622 -0.49100599
vn 1.2340867e-07 -0.85065031 -0.52573192
vn 0 -0.68721533 -0.72645372
vn 0 -0.72913748 -0.68436724
vn 0 -0.72913748 -0.68436724
vn 0 -0.68721533 -0.72645372
vn -0.00075779215 -0.46621042 -0.88467348
vn -0.00035529787 -0.48959601 -0.87194937
vn -0.00035529787 -0.48959601 -0.87194937
vn -0.00075779215 -0.46621042 -0.88467348
vn -0.0017876602 -0.30790317 -0.95141596
vn -0.0016553077 -0.32052934 -0.94723719
vn -0.0016553077 -0.32052934 -0.94723719
vn -0.0017876602 -0.30790317 -0.95141596
vn -0.00082643767 -0.13032506 -0.99147099
vn 6.7152648e-08 -1 8.0870464e-08
vn 0.29801714 -0.95456052 -1.0894632e-07
vn 0.34694549 -0.93788528 2.3384229e-07
vn -7.627097e-07 -1 6.2569029e-07
vn -0.49164543 -0.87079555 -1.6605863e-08
vn -0.6831699 -0.73025948 -8.0446017e-07
vn -0.7264533 -0.68721581 -4.3484408e-07
vn -0.5257324 -0.85065001 -1.1016209e-07
vn -0.6831699 -0.73025948 -8.0446017e-07
vn -0.87158769 -0.49023959 -0.0003853302
vn -0.88468534 -0.46618807 -0.00078042498
vn -0.7264533 -0.68721581 -4.3484408e-07
vn -0.87158769 -0.49023959 -0.0003853302
vn -0.94724566 -0.32050398 -0.0017086021
vn -0.95142126 -0.30788684 -0.0017901878
vn -0.88468534 -0.46618807 -0.00078042498
vn -0.94724566 -0.32050398 -0.0017086021
vn -0.9914704 -0.13032906 -0.00081806839
vn -0.95142126 -0.30788684 -0.0017901878
vn -0.29801646 -0.95456076 2.6469056e-07
vn -0.49164543 -0.87079555 -1.6605863e-08
vn -0.5257324 -0.85065001 -1.1016209e-07
vn -0.34694606 -0.93788505 3.5067129e-07
vn -0.88484001 -0.46589392 0.0010389395
vn -0.95161504 -0.30728835 0.0017119421
vn -0.95142037 -0.30789009 0.0017903069
vn -0.88468313 -0.46619219 0.00077606441
vn -0.52573168 -0.85065049 -5.6611913e-07
vn -0.72645348 -0.68721569 -6.5374383e-07
vn -0.72645336 -0.68721575 -4.0135365e-07
vn -0.52573192 -0.85065037 -2.4353378e-07
vn -0.95161504 -0.30728835 0.0017119421
vn -0.99254739 -0.12185723 0.00068180863
vn -0.99147052 -0.13032871 0.00082015694
vn -0.95142037 -0.30789009 0.0017903069
vn -0.72645348 -0.68721569 -6.5374383e-07
vn -0.88484001 -0.46589392 0.0010389395
vn -0.88468313 -0.46619219 0.00077606441
vn -0.72645336 -0.68721575 -4.0135365e-07
vn -1.9582114e-07 -0.95456052 0.29801726
vn -1.6801188e-07 -0.93788499 0.34694636
vn -3.2828197e-07 -0.85065007 0.52573222
vn -6.4512187e-07 -0.87079525 0.49164575
vn -0.0017318522 -0.307302 0.95161051
vn -0.0010388977 -0.46591508 0.88482887
vn -0.0007583542 -0.46621037 0.88467354
vn -0.0017889948 -0.30790281 0.95141613
vn 0 -0.68721509 0.72645402
vn 0 -0.85020339 0.52645445
vn -1.238184e-07 -0.85020328 0.52645463
vn 0 -0.68721509 0.72645396
vn 1.329853e-06 -1 1.3504122e-06
vn 0.34694645 -0.93788499 1.4195524e-06
vn 0.34694582 -0.93788517 6.8099342e-07
vn 6.1114537e-07 -1 7.1556286e-07
vn -0.00070192415 -0.12184711 0.99254864
vn -0.0017318522 -0.307302 0.95161051
vn -0.0017889948 -0.30790281 0.95141613
vn -0.00082720543 -0.13032492 0.99147093
vn -0.0010388977 -0.46591508 0.88482887
vn 0 -0.68721509 0.72645402
vn 0 -0.68721509 0.72645396
vn -0.0007583542 -0.46621037 0.88467354
vn 0 -0.85020339 0.52645445
vn 0 -0.93776214 0.347278
vn -1.2408674e-07 -0.9377622 0.34727791
vn -1.238184e-07 -0.85020328 0.52645463
vn 0.95161593 -0.3072854 -0.0017050907
vn 0.99254715 -0.12185892 -0.00067435275
vn 0.99147046 -0.13032894 -0.0008159944
vn 0.95142114 -0.30788746 -0.0017894155
vn 0.72725445 -0.68636799 1.4449213e-06
vn 0.88596284 -0.46375519 -0.0010371607
vn 0.88580644 -0.46405429 -0.00077913748
vn 0.72725439 -0.68636805 7.8707819e-07
vn -0.34694594 -0.93788511 4.4728247e-07
vn -0.52573168 -0.85065049 -5.6611913e-07
vn -0.52573192 -0.85065037 -2.4353378e-07
vn -0.34694615 -0.93788505 3.5305013e-07
vn 0.88596284 -0.46375519 -0.0010371607
vn 0.95161593 -0.3072854 -0.0017050907
vn 0.95142114 -0.30788746 -0.0017894155
vn 0.88580644 -0.46405429 -0.00077913748
vn 0.52467281 -0.85130394 1.1399911e-06
vn 0.72725445 -0.68636799 1.4449213e-06
vn 0.72725439 -0.68636805 7.8707819e-07
vn 0.52467245 -0.85130423 6.3389655e-07
vn 0 -1 -0.00018684183
vn 0 -0.99999982 -0.0004957096
vn 1.2364832e-07 -0.93788511 -0.34694591
vn 1.3055217e-07 -0.95456052 -0.29801714
vn 2.4735211e-06 -0.12121817 -0.99262583
vn 2.3967691e-06 -0.30784348 -0.951437
vn 1.2008791e-06 -0.30784354 -0.951437
vn 2.2958372e-06 -0.1296884 -0.99155486
vn 2.8172167e-06 -0.46657187 -0.8844834
vn 1.6990647e-06 -0.68721569 -0.72645354
vn 8.4953393e-07 -0.68721527 -0.72645378
vn 1.4086078e-06 -0.46657163 -0.8844834
vn 1.3556413e-06 -0.85065055 -0.5257315
vn 1.35827e-06 -0.93788505 -0.34694606
vn 8.0184594e-07 -0.93788505 -0.34694615
vn 8.0028985e-07 -0.85065037 -0.52573168
vn -2.0362611e-08 -0.99999267 0.0038288957
vn -1.0027795e-08 -1 -6.1114559e-07
vn -1.6801188e-07 -0.93788499 0.34694636
vn -1.9582114e-07 -0.95456052 0.29801726
vn 2.3967691e-06 -0.30784348 -0.951437
vn 2.8172167e-06 -0.46657187 -0.8844834
vn 1.4086078e-06 -0.46657163 -0.8844834
vn 1.2008791e-06 -0.30784354 -0.951437
vn 1.6990647e-06 -0.68721569 -0.72645354
vn 1.3556413e-06 -0.85065055 -0.5257315
vn 8.0028985e-07 -0.85065037 -0.52573168
vn 8.4953393e-07 -0.68721527 -0.72645378
vn 1.35827e-06 -0.93788505 -0.34694606
vn 0 -1 -4.0091149e-07
vn -1.0027795e-08 -1 -6.1114559e-07
vn 8.0184594e-07 -0.93788505 -0.34694615
vn -0.70695257 -0.00021431467 -0.70726097
vn -0.71696466 0.0010070958 -0.69710886
vn -0.71693718 0.0010077634 -0.69713718
vn -0.7069518 -0.00021517418 -0.70726162
vn 0.69957066 -0.028054684 -0.7140125
vn 0.70370018 -0.011912314 -0.71039724
vn 0.70370144 -0.011907172 -0.71039599
vn 0.69957066 -0.028054684 -0.7140125
vn 0.70815927 -0.0055086287 0.70603132
vn 0.70714855 0.0009541738 0.70706439
vn 0.70714825 0.00095171982 0.70706469
vn 0.70816374 -0.0055185477 0.70602673
vn 0.71064377 -0.014037886 -0.70341194
vn 0.71402299 -0.028076207 -0.69955915
vn 0.71402299 -0.028076207 -0.69955915
vn 0.71064264 -0.014033562 -0.70341307
vn -0.699561 -0.028083693 0.71402079
vn -0.70341116 -0.014044184 0.71064448
vn -0.70341241 -0.014039498 0.71064329
vn -0.699561 -0.028083693 0.71402079
vn 0.70710576 3.4400182e-06 -0.70710778
vn 0.71064377 -0.014037886 -0.70341194
vn 0.71064264 -0.014033562 -0.70341307
vn 0.70710576 3.440065e-06 -0.70710784
vn -0.70607817 -0.00098871253 -0.70813322
vn -0.70695257 -0.00021431467 -0.70726097
vn -0.7069518 -0.00021517418 -0.70726162
vn -0.70607805 -0.00098884013 -0.70813328
vn -0.70952547 -0.0090943007 0.70462114
vn -0.71084321 -0.015993241 0.70316869
vn -0.71084225 -0.01598976 0.70316976
vn -0.70952904 -0.0091036893 0.70461732
vn -0.70341116 -0.014044184 0.71064448
vn -0.70710552 -5.181704e-07 0.70710808
vn -0.70710546 -5.1866516e-07 0.70710802
vn -0.70341241 -0.014039498 0.71064329
vn 0.70714855 0.0009541738 0.70706439
vn 0.70699728 0.0023068767 0.70721257
vn 0.70699662 0.0023042341 0.70721328
vn 0.70714825 0.00095171982 0.70706469
vn 0.70370018 -0.011912314 -0.71039724
vn 0.7044245 0.01349635 -0.70965064
vn 0.70443583 0.013463731 -0.70963991
vn 0.70370144 -0.011907172 -0.71039599
vn 0.70710611 2.0512755e-06 -0.70710731
vn 0.70710576 3.4400182e-06 -0.70710778
vn 0.70710576 3.440065e-06 -0.70710784
vn 0.70710611 2.051308e-06 -0.70710737
vn -0.70839936 0.0013076551 -0.70581055
vn -0.70607817 -0.00098871253 -0.70813322
vn -0.70607805 -0.00098884013 -0.70813328
vn -0.7084024 0.0013101451 -0.70580745
vn -0.71403319 -0.01269865 0.69999665
vn -0.70952547 -0.0090943007 0.70462114
vn -0.70952904 -0.0091036893 0.70461732
vn -0.71404427 -0.012693214 0.6999855
vn -0.70710552 -5.181704e-07 0.70710808
vn -0.70710737 1.1841859e-06 0.70710623
vn -0.70710737 1.1841721e-06 0.70710623
vn -0.70710546 -5.1866516e-07 0.70710802
vn 0.70699728 0.0023068767 0.70721257
vn 0.70515758 0.0016358284 0.70904869
vn 0.70515567 0.0016378136 0.70905066
vn 0.70699662 0.0023042341 0.70721328
vn 0.7044245 0.01349635 -0.70965064
vn 0.7158494 0.0072682528 -0.6982168
vn 0.71580261 0.0073183039 -0.6982643
vn 0.70443583 0.013463731 -0.70963991
vn 0.70710683 6.451184e-07 -0.70710683
vn 0.70710611 2.0512755e-06 -0.70710731
vn 0.70710611 2.051308e-06 -0.70710737
vn 0.70710677 6.4504701e-07 -0.70710677
vn -0.71232224 0.0012955952 -0.70185143
vn -0.70839936 0.0013076551 -0.70581055
vn -0.7084024 0.0013101451 -0.70580745
vn -0.71194059 0.0016136988 -0.7022379
vn -0.71414828 -0.0068323594 0.69996113
vn -0.71403319 -0.01269865 0.69999665
vn -0.71404427 -0.012693214 0.6999855
vn -0.7141614 -0.0068561831 0.69994748
vn -0.70710737 1.1841859e-06 0.70710623
vn -0.70710713 6.7809924e-07 0.70710647
vn -0.70710707 6.7731952e-07 0.70710653
vn -0.70710737 1.1841721e-06 0.70710623
vn 0.7158494 0.0072682528 -0.6982168
vn 0.72094947 -0.0029375008 -0.69298142
vn 0.72087383 -0.0028943827 -0.69306034
vn 0.71580261 0.0073183039 -0.6982643
vn 0.70515758 0.0016358284 0.70904869
vn 0.70185536 0.0012955915 0.71231836
vn 0.70224154 0.0016136928 0.71193695
vn 0.70515567 0.0016378136 0.70905066
vn 0.64424694 -0.41218013 0.64424634
vn 0.69736058 -0.16545233 0.69736212
vn 0.69736058 -0.16545239 0.69736207
vn 0.64424694 -0.41218013 0.6442464
vn 0.5689643 -0.5937686 0.56896269
vn 0.64424694 -0.41218013 0.64424634
vn 0.64424694 -0.41218013 0.6442464
vn 0.56896448 -0.5937683 0.56896281
vn 0.42859346 -0.79537141 0.42859292
vn 0.5689643 -0.5937686 0.56896269
vn 0.56896448 -0.5937683 0.56896281
vn 0.42859325 -0.79537165 0.42859268
vn 0.2837539 -0.91595173 0.28375381
vn 0.42859346 -0.79537141 0.42859292
vn 0.42859325 -0.79537165 0.42859268
vn 0.28375393 -0.91595167 0.28375384
vn 0.18050498 -0.96684957 0.18061016
vn 0.2837539 -0.91595173 0.28375381
vn 0.28375393 -0.91595167 0.28375384
vn 0.18050501 -0.96684951 0.18061019
vn -0.69736081 -0.16545253 0.69736165
vn -0.64424586 -0.41218063 0.64424711
vn -0.64424604 -0.41218027 0.64424723
vn -0.69736081 -0.16545254 0.69736165
vn -0.64424586 -0.41218063 0.64424711
vn -0.56896353 -0.59376889 0.56896305
vn -0.56896353 -0.59376884 0.56896311
vn -0.64424604 -0.41218027 0.64424723
vn -0.56896353 -0.59376889 0.56896305
vn -0.42859051 -0.79537576 0.42858773
vn -0.42859736 -0.79536849 0.42859459
vn -0.56896353 -0.59376884 0.56896311
vn -0.42859051 -0.79537576 0.42858773
vn -0.28339931 -0.91586602 0.2843841
vn -0.2833755 -0.9158805 0.2843608
vn -0.42859736 -0.79536849 0.42859459
vn -0.28339931 -0.91586602 0.2843841
vn -0.18009752 -0.9667303 0.18165193
vn -0.17955056 -0.9669354 0.18110088
vn -0.2833755 -0.9158805 0.2843608
vn 0.64423877 -0.41219696 -0.64424378
vn 0.69736099 -0.16545247 -0.69736153
vn 0.69736099 -0.16545247 -0.69736153
vn 0.64424473 -0.41217822 -0.64424968
vn 0.57061183 -0.59313375 -0.56797403
vn 0.64423877 -0.41219696 -0.64424378
vn 0.64424473 -0.41217822 -0.64424968
vn 0.57057941 -0.5931977 -0.56793982
vn 0.43155339 -0.79458952 -0.42707038
vn 0.57061183 -0.59313375 -0.56797403
vn 0.57057941 -0.5931977 -0.56793982
vn 0.43059126 -0.79562271 -0.42611685
vn 0.28015345 -0.91528499 -0.28942591
vn 0.43155339 -0.79458952 -0.42707038
vn 0.43059126 -0.79562271 -0.42611685
vn 0.27972749 -0.91551685 -0.28910458
vn 0.16964842 -0.96767545 -0.18661055
vn 0.28015345 -0.91528499 -0.28942591
vn 0.27972749 -0.91551685 -0.28910458
vn 0.17545129 -0.96539903 -0.19292891
vn -0.18009752 -0.9667303 0.18165193
vn -0.12303501 -0.98460519 0.12415715
vn -0.12303501 -0.98460519 0.12415715
vn -0.17955056 -0.9669354 0.18110088
vn 0.11617237 -0.98489761 -0.12837738
vn 0.16964842 -0.96767545 -0.18661055
vn 0.17545129 -0.96539903 -0.19292891
vn 0.11617237 -0.98489761 -0.12837738
vn -0.64420229 -0.41227832 -0.64422822
vn -0.69736177 -0.16545291 -0.69736069
vn -0.69736171 -0.16545282 -0.69736063
vn -0.64424396 -0.41214806 -0.64426988
vn -0.56113583 -0.5908016 -0.57972407
vn -0.64420229 -0.41227832 -0.64422822
vn -0.64424396 -0.41214806 -0.64426988
vn -0.5617612 -0.58979034 -0.58014804
vn -0.41708973 -0.79063165 -0.44826081
vn -0.56113583 -0.5908016 -0.57972407
vn -0.5617612 -0.58979034 -0.58014804
vn -0.41174385 -0.79661608 -0.44257194
vn -0.27657607 -0.91651148 -0.28898495
vn -0.41708973 -0.79063165 -0.44826081
vn -0.41174385 -0.79661608 -0.44257194
vn -0.27628356 -0.91672033 -0.28860226
vn -0.18051782 -0.96684498 -0.18062168
vn -0.27657607 -0.91651148 -0.28898495
vn -0.27628356 -0.91672033 -0.28860226
vn -0.18046416 -0.96686488 -0.18056811
vn 0.12364139 -0.9845677 0.12385196
vn 0.18050498 -0.96684957 0.18061016
vn 0.18050501 -0.96684951 0.18061019
vn 0.12364139 -0.9845677 0.12385196
vn -0.1236104 -0.98457754 -0.12380482
vn -0.18051782 -0.96684498 -0.18062168
vn -0.18046416 -0.96686488 -0.18056811
vn -0.1236104 -0.98457754 -0.12380482
vn -0.71084321 -0.015993241 0.70316869
vn -0.71394873 -0.027770795 0.69964719
vn -0.71394873 -0.027770795 0.69964719
vn -0.71084225 -0.01598976 0.70316976
vn -0.70548236 0.0014724095 -0.70872587
vn -0.70185268 0.0012955908 -0.71232098
vn -0.7022388 0.0016136928 -0.71193963
vn -0.70547998 0.0014746517 -0.70872837
vn 0.71195304 -0.022078553 0.70187992
vn 0.70815927 -0.0055086287 0.70603132
vn 0.70816374 -0.0055185477 0.70602673
vn 0.71194094 -0.022008661 0.7018944
vn 0.70872533 0.0014725934 0.70548296
vn 0.70710653 -6.4511863e-07 0.70710713
vn 0.70710653 -6.4504712e-07 0.70710707
vn 0.7087279 0.0014748356 0.70548046
vn -0.71696466 0.0010070958 -0.69710886
vn -0.70470619 -0.0078569846 -0.70945573
vn -0.70461094 -0.0078958068 -0.70954984
vn -0.71693718 0.0010077634 -0.69713718
vn 0.70362008 -0.013138297 0.71045494
vn 0.70109195 -0.027786741 0.7125293
vn 0.70109195 -0.027786741 0.7125293
vn 0.70361972 -0.013140392 0.7104553
vn -0.70710725 4.8906662e-07 -0.70710635
vn -0.70548236 0.0014724095 -0.70872587
vn -0.70547998 0.0014746517 -0.70872837
vn -0.70710719 4.8840747e-07 -0.70710635
vn -0.7140438 -0.028774681 -0.6995095
vn -0.71076912 -0.014810327 -0.70326948
vn -0.71076655 -0.014799593 -0.70327228
vn -0.7140438 -0.028774681 -0.6995095
vn 0.70710653 -6.4511863e-07 0.70710713
vn 0.7071842 0.00014351407 0.70702928
vn 0.70718426 0.00014351828 0.7070294
vn 0.70710653 -6.4504712e-07 0.70710707
vn 0.71419865 -0.035438213 0.69904542
vn 0.71195304 -0.022078553 0.70187992
vn 0.71194094 -0.022008661 0.7018944
vn 0.71419865 -0.035438213 0.69904542
vn -0.70470619 -0.0078569846 -0.70945573
vn -0.68303293 -0.01654665 -0.73020005
vn -0.68303293 -0.01654665 -0.73020005
vn -0.70461094 -0.0078958068 -0.70954984
vn -0.70718253 -0.00014265976 -0.70703107
vn -0.70710725 4.8906662e-07 -0.70710635
vn -0.70710719 4.8840747e-07 -0.70710635
vn -0.70718253 -0.00014266347 -0.70703107
vn 0.7071842 0.00014351407 0.70702928
vn 0.70662552 0.00089699688 0.70758712
vn 0.70662534 0.00089720101 0.70758742
vn 0.70718426 0.00014351828 0.7070294
vn 0.71100307 0.0026259385 -0.70318395
vn 0.71232051 0.0012952674 -0.70185316
vn 0.71193868 0.0016132998 -0.70223975
vn 0.71100211 0.0026264184 -0.70318496
vn -0.70872587 0.0014729624 0.70548236
vn -0.71232158 0.0012960783 0.70185208
vn -0.71194017 0.0016142996 0.70223826
vn -0.70872837 0.0014752065 0.70547992
vn -0.70729715 -0.00056138955 -0.70691615
vn -0.70718253 -0.00014265976 -0.70703107
vn -0.70718253 -0.00014266347 -0.70703107
vn -0.70729715 -0.00056158268 -0.70691609
vn -0.7018553 0.0012959156 0.71231842
vn -0.70775598 0.00032838358 0.70645684
vn -0.7077502 0.00033230727 0.70646268
vn -0.70224142 0.0016140975 0.71193695
vn 0.70662552 0.00089699688 0.70758712
vn 0.70362008 -0.013138297 0.71045494
vn 0.70361972 -0.013140392 0.7104553
vn 0.70662534 0.00089720101 0.70758742
vn 0.72094947 -0.0029375008 -0.69298142
vn 0.71100307 0.0026259385 -0.70318395
vn 0.71100211 0.0026264184 -0.70318496
vn 0.72087383 -0.0028943827 -0.69306034
vn -0.71076912 -0.014810327 -0.70326948
vn -0.70729715 -0.00056138955 -0.70691615
vn -0.70729715 -0.00056158268 -0.70691609
vn -0.71076655 -0.014799593 -0.70327228
vn -0.70710713 6.7809924e-07 0.70710647
vn -0.70872587 0.0014729624 0.70548236
vn -0.70872837 0.0014752065 0.70547992
vn -0.70710707 6.7731952e-07 0.70710653
vn -0.70775598 0.00032838358 0.70645684
vn -0.71414828 -0.0068323594 0.69996113
vn -0.7141614 -0.0068561831 0.69994748
vn -0.7077502 0.00033230727 0.70646268
vn 0.70552516 0.0014638397 -0.70868325
vn 0.70710683 6.451184e-07 -0.70710683
vn 0.70710677 6.4504701e-07 -0.70710677
vn 0.70551783 0.0014706224 -0.70869052
vn 0.70550704 0.00010553042 0.70870298
vn 0.70550704 0.00010553042 0.70870298
vn 0.70550907 0.00010449811 0.7087009
vn 0.70550913 0.00010449866 0.7087009
vn -0.70097637 -0.0081841359 -0.71313751
vn -0.70097637 -0.0081841359 -0.71313751
vn -0.69956309 -0.001439932 -0.71456945
vn -0.69956285 -0.0014390578 -0.71456963
vn -0.70743263 -1.5619034e-05 0.70678079
vn -0.70743263 -1.5619034e-05 0.70678079
vn -0.70743471 -1.6516082e-05 0.70677871
vn -0.70743471 -1.6516035e-05 0.70677865
vn 0.00087985798 -0.67105997 -0.74140245
vn 0.00087900512 -0.67197925 -0.74056947
vn 0.00096058042 -0.57059324 -0.8212322
vn 0.81381249 -0.58112556 0.0014785124
vn 0.81460667 -0.58001173 0.001516957
vn 0.77855933 -0.62756926 0.0014470195
vn 0.73611182 -0.6768586 0.0013375665
vn -0.0012728525 -0.58021909 0.8144595
vn 0.0008202524 -0.6781823 0.7348932
vn 0.0014289035 -0.70474809 0.70945626
vn -0.81397015 -0.58090538 -0.0011865835
vn -0.73510873 -0.67794836 -0.0010628153
vn -0.73527133 -0.67777199 -0.0010630694
vn 0.0014289035 -0.70474809 0.70945626
vn 0.0008202524 -0.6781823 0.7348932
vn 0.0032040484 -0.77719867 0.62924713
vn 0.0032040484 -0.77719867 0.62924713
vn -0.69956285 -0.0014390578 -0.71456963
vn -0.69956309 -0.001439932 -0.71456945
vn -0.69661665 0.012119584 -0.71734118
vn 0.7070815 1.8754881e-05 -0.7071321
vn 0.70708144 1.8754892e-05 -0.70713204
vn 0.70707881 1.8748384e-05 -0.70713478
vn 0.70550913 0.00010449866 0.7087009
vn 0.70550907 0.00010449811 0.7087009
vn 0.7055133 0.00010242259 0.70869678
vn 0.7055133 0.00010242259 0.70869678
vn -0.70743471 -1.6516035e-05 0.70677865
vn -0.70743471 -1.6516082e-05 0.70677871
vn -0.70743895 -1.8319719e-05 0.70677453
vn 0.00087985798 -0.67105997 -0.74140245
vn 0.00076870533 -0.77323848 -0.63411486
vn 0.00087900512 -0.67197925 -0.74056947
vn 0.77855933 -0.62756926 0.0014470195
vn 0.81460667 -0.58001173 0.001516957
vn 0.81633842 -0.57757175 0.0016010378
vn -0.73510873 -0.67794836 -0.0010628153
vn -0.63094628 -0.77582598 -0.0009010791
vn -0.73527133 -0.67777199 -0.0010630694
vn 0.77855933 -0.62756926 0.0014470195
vn 0.63334244 -0.77387083 0.0011511043
vn 0.73611182 -0.6768586 0.0013375665
vn 0.99230605 -0.12363417 -0.0065688593
vn 0.99122238 -0.13207269 -0.0059343763
vn 0.99994648 -0.0073163016 -0.0073168906
vn 0.99994648 -0.0073163016 -0.0073168906
vn -0.71232224 0.0012955952 -0.70185143
vn -0.71194059 0.0016136988 -0.7022379
vn -0.71387362 0 -0.70027459
vn -0.71387362 0 -0.70027459
vn 2.0214701e-07 -0.12968753 0.99155492
vn 0 -0.1212173 0.99262601
vn 0 0 1
vn 0 0 1
vn 2.4735211e-06 -0.12121817 -0.99262583
vn 2.2958372e-06 -0.1296884 -0.99155486
vn 2.3841822e-06 0 -1
vn 2.3841822e-06 0 -1
vn -0.7022388 0.0016136928 -0.71193963
vn -0.70185268 0.0012955908 -0.71232098
vn -0.70027709 0 -0.71387106
vn -0.70027709 0 -0.71387106
vn 0.99147046 -0.13032894 -0.0008159944
vn 0.99254715 -0.12185892 -0.00067435275
vn 1 0 2.9802661e-06
vn 1 0 2.9802661e-06
vn -0.69736171 -0.16545282 -0.69736063
vn -0.69736177 -0.16545291 -0.69736069
vn -0.70710725 0 -0.70710623
vn -0.70710725 0 -0.70710623
vn -0.71194017 0.0016142996 0.70223826
vn -0.71232158 0.0012960783 0.70185208
vn -0.71387225 0 0.70027596
vn -0.71387225 0 0.70027596
vn 0.70224154 0.0016136928 0.71193695
vn 0.70185536 0.0012955915 0.71231836
vn 0.70027947 0 0.71386874
vn 0.70027947 0 0.71386874
vn -0.99254721 -0.121859 -0.00067658292
vn -0.9914704 -0.13032906 -0.00081806839
vn -1 0 0
vn -1 0 0
vn -0.69736081 -0.16545253 0.69736165
vn -0.69736081 -0.16545254 0.69736165
vn -0.70710677 0 0.70710677
vn -0.70710677 0 0.70710677
vn 0.71193868 0.0016132998 -0.70223975
vn 0.71232051 0.0012952674 -0.70185316
vn 0.71387219 0 -0.70027602
vn 0.71387219 0 -0.70027602
vn -0.00082643767 -0.13032506 -0.99147099
vn -0.00070122612 -0.12184753 -0.99254858
vn 0 0 -1
vn 0 0 -1
vn 0.69736099 -0.16545247 -0.69736153
vn 0.69736099 -0.16545247 -0.69736153
vn 0.70710623 0 -0.70710731
vn 0.70710623 0 -0.70710731
vn -0.99147052 -0.13032871 0.00082015694
vn -0.99254739 -0.12185723 0.00068180863
vn -1 0 0
vn -1 0 0
vn 0.69736058 -0.16545239 0.69736207
vn 0.69736058 -0.16545233 0.69736212
vn 0.70710576 0 0.70710784
vn 0.70710576 0 0.70710784
vn -0.00070192415 -0.12184711 0.99254864
vn -0.00082720543 -0.13032492 0.99147093
vn 0 0 1
vn 0 0 1
vn -0.7018553 0.0012959156 0.71231842
vn -0.70224142 0.0016140975 0.71193695
vn -0.70027947 0 0.71386874
vn -0.70027947 0 0.71386874
vn 0.70708281 1.8758132e-05 -0.70713073
vn 0.70708281 1.8758132e-05 -0.70713073
vn 0.70708144 1.8754892e-05 -0.70713204
vn 0.7070815 1.8754881e-05 -0.7071321
vn 0.34694549 -0.93788528 2.3384229e-07
vn 0.5257321 -0.85065019 -2.2870474e-08
vn 0.52573252 -0.85065001 0
vn 0.34694532 -0.93788528 5.7119195e-07
vn 0.72645396 -0.68721503 2.6397362e-07
vn 0.88468313 -0.46619228 0.00077732693
vn 0.88484007 -0.46589366 0.0010394185
vn 0.72645426 -0.68721485 0
vn 0.9522205 -0.30541134 7.7845871e-06
vn 0.99122238 -0.13207269 -0.0059343763
vn 0.99230605 -0.12363417 -0.0065688593
vn 0.95214933 -0.30562764 -0.0018616972
vn 0.7018829 0.0012878807 -0.71229118
vn 0.70552516 0.0014638397 -0.70868325
vn 0.70551783 0.0014706224 -0.70869052
vn 0.70228207 0.0016090211 -0.7118969
vn -0.52573192 -0.85065037 -2.4353378e-07
vn -0.72645336 -0.68721575 -4.0135365e-07
vn -0.68317038 -0.730259 -1.2652455e-07
vn -0.49164543 -0.87079543 1.5138424e-07
vn -0.72645336 -0.68721575 -4.0135365e-07
vn -0.88468313 -0.46619219 0.00077606441
vn -0.87158614 -0.49024233 0.00037827139
vn -0.68317038 -0.730259 -1.2652455e-07
vn 0.70028001 7.0750218e-07 -0.71386826
vn 0.7018829 0.0012878807 -0.71229118
vn 0.70228207 0.0016090211 -0.7118969
vn 0.70028001 7.0750218e-07 -0.71386826
vn 0.5257321 -0.85065019 -2.2870474e-08
vn 0.72645396 -0.68721503 2.6397362e-07
vn 0.72645426 -0.68721485 0
vn 0.52573252 -0.85065001 0
vn 0.88468313 -0.46619228 0.00077732693
vn 0.9522205 -0.30541134 7.7845871e-06
vn 0.95214933 -0.30562764 -0.0018616972
vn 0.88484007 -0.46589366 0.0010394185
vn -0.34694615 -0.93788505 3.5305013e-07
vn -0.52573192 -0.85065037 -2.4353378e-07
vn -0.49164543 -0.87079543 1.5138424e-07
vn -0.2980175 -0.9545604 2.6524694e-07
vn -7.627097e-07 -1 6.2569029e-07
vn -0.34694615 -0.93788505 3.5305013e-07
vn -0.2980175 -0.9545604 2.6524694e-07
vn 6.7152648e-08 -1 8.0870464e-08
vn -7.627097e-07 -1 6.2569029e-07
vn 0.34694549 -0.93788528 2.3384229e-07
vn 0.34694532 -0.93788528 5.7119195e-07
vn -1.3787434e-06 -1 1.1705099e-06
vn -0.88468313 -0.46619219 0.00077606441
vn -0.95142037 -0.30789009 0.0017903069
vn -0.94724423 -0.32050821 0.0016984714
vn -0.87158614 -0.49024233 0.00037827139
vn -0.95142037 -0.30789009 0.0017903069
vn -0.99147052 -0.13032871 0.00082015694
vn -0.94724423 -0.32050821 0.0016984714
vn 0 -0.68721509 0.72645396
vn -1.238184e-07 -0.85020328 0.52645463
vn -3.5623853e-07 -0.87020528 0.49268931
vn 0 -0.73025882 0.68317062
vn -0.00082720543 -0.13032492 0.99147093
vn -0.0017889948 -0.30790281 0.95141613
vn -0.0016567147 -0.32052892 0.94723731
vn -1.238184e-07 -0.85020328 0.52645463
vn -1.2408674e-07 -0.9377622 0.34727791
vn -1.3089895e-07 -0.95466077 0.2976959
vn -3.5623853e-07 -0.87020528 0.49268931
vn 1.2364832e-07 -0.93788511 -0.34694591
vn 0 -0.99999982 -0.0004957096
vn 0 -0.99999982 -0.00049533806
vn 0 -0.93788511 -0.34694585
vn 1.2340867e-07 -0.85065031 -0.52573192
vn 1.2364832e-07 -0.93788511 -0.34694591
vn 0 -0.93788511 -0.34694585
vn 0 -0.85065025 -0.52573204
vn -0.00075779215 -0.46621042 -0.88467348
vn 0 -0.68721533 -0.72645372
vn 0 -0.68721557 -0.7264536
vn -0.00103838 -0.46591553 -0.88482857
vn -0.00082643767 -0.13032506 -0.99147099
vn -0.0017876602 -0.30790317 -0.95141596
vn -0.0017306394 -0.30730206 -0.95161045
vn -0.00070122612 -0.12184753 -0.99254858
vn 0.71232003 0.0012957527 0.70185375
vn 0.70872533 0.0014725934 0.70548296
vn 0.7087279 0.0014748356 0.70548046
vn 0.71193862 0.0016138941 0.70223987
vn -0.0017889948 -0.30790281 0.95141613
vn -0.0007583542 -0.46621037 0.88467354
vn -0.0003522473 -0.49025294 0.87158024
vn -0.0016567147 -0.32052892 0.94723731
vn -0.0007583542 -0.46621037 0.88467354
vn 0 -0.68721509 0.72645396
vn 0 -0.73025882 0.68317062
vn -0.0003522473 -0.49025294 0.87158024
vn -1.2408674e-07 -0.9377622 0.34727791
vn 0 -0.99999982 -0.0004957096
vn 0 -1 -0.00018684183
vn -1.3089895e-07 -0.95466077 0.2976959
vn 0 -0.68721533 -0.72645372
vn 1.2340867e-07 -0.85065031 -0.52573192
vn 0 -0.85065025 -0.52573204
vn 0 -0.68721557 -0.7264536
vn -0.0017876602 -0.30790317 -0.95141596
vn -0.00075779215 -0.46621042 -0.88467348
vn -0.00103838 -0.46591553 -0.88482857
vn -0.0017306394 -0.30730206 -0.95161045
vn 0.71387017 0 0.7002781
vn 0.71232003 0.0012957527 0.70185375
vn 0.71193862 0.0016138941 0.70223987
vn 0.71387017 0 0.7002781
vn 0.72725439 -0.68636805 7.8707819e-07
vn 0.88580644 -0.46405429 -0.00077913748
vn 0.8730638 -0.48760575 -0.00038401718
vn 0.68301368 -0.73040545 1.7504479e-07
vn 0.88580644 -0.46405429 -0.00077913748
vn 0.95142114 -0.30788746 -0.0017894155
vn 0.94724554 -0.32050419 -0.0017079513
vn 0.8730638 -0.48760575 -0.00038401718
vn 0.34694582 -0.93788517 6.8099342e-07
vn 0.52467245 -0.85130423 6.3389655e-07
vn 0.49109626 -0.87110531 7.1688973e-08
vn 0.29801685 -0.95456064 -8.4588656e-08
vn -0.5257324 -0.85065001 -1.1016209e-07
vn -0.7264533 -0.68721581 -4.3484408e-07
vn -0.72645336 -0.68721581 0
vn -0.52573282 -0.85064971 0
vn -0.88468534 -0.46618807 -0.00078042498
vn -0.95142126 -0.30788684 -0.0017901878
vn -0.95161599 -0.30728513 -0.0017060994
vn -0.8848424 -0.46588925 -0.0010385305
vn -0.34694606 -0.93788505 3.5067129e-07
vn -0.5257324 -0.85065001 -1.1016209e-07
vn -0.52573282 -0.85064971 0
vn -0.34694648 -0.93788493 4.4310912e-07
vn 6.1114537e-07 -1 7.1556286e-07
vn 0.34694582 -0.93788517 6.8099342e-07
vn 0.29801685 -0.95456064 -8.4588656e-08
vn 6.0437361e-07 -0.99999994 8.0714834e-08
vn 0.95142114 -0.30788746 -0.0017894155
vn 0.99147046 -0.13032894 -0.0008159944
vn 0.94724554 -0.32050419 -0.0017079513
vn 0.52467245 -0.85130423 6.3389655e-07
vn 0.72725439 -0.68636805 7.8707819e-07
vn 0.68301368 -0.73040545 1.7504479e-07
vn 0.49109626 -0.87110531 7.1688973e-08
vn 6.1114537e-07 -1 7.1556286e-07
vn -0.34694606 -0.93788505 3.5067129e-07
vn -0.34694648 -0.93788493 4.4310912e-07
vn 1.329853e-06 -1 1.3504122e-06
vn -0.7264533 -0.68721581 -4.3484408e-07
vn -0.88468534 -0.46618807 -0.00078042498
vn -0.8848424 -0.46588925 -0.0010385305
vn -0.72645336 -0.68721581 0
vn -0.95142126 -0.30788684 -0.0017901878
vn -0.9914704 -0.13032906 -0.00081806839
vn -0.99254721 -0.121859 -0.00067658292
vn -0.95161599 -0.30728513 -0.0017060994
vn 1.4086078e-06 -0.46657163 -0.8844834
vn 8.4953393e-07 -0.68721527 -0.72645378
vn 0 -0.73025882 -0.68317062
vn 0 -0.49030066 -0.87155336
vn -1.7214649e-07 -0.68721533 0.72645372
vn -3.2828197e-07 -0.85065007 0.52573222
vn 0 -0.85065007 0.52573228
vn 0 -0.68721545 0.7264536
vn 9.7359623e-07 -0.30784315 0.95143723
vn 2.7622539e-07 -0.4665719 0.88448328
vn 0 -0.4665719 0.88448322
vn 0 -0.307843 0.95143718
vn -1.6801188e-07 -0.93788499 0.34694636
vn -1.0027795e-08 -1 -6.1114559e-07
vn 0 -1 -4.0091149e-07
vn 0 -0.93788499 0.34694636
vn 8.4953393e-07 -0.68721527 -0.72645378
vn 8.0028985e-07 -0.85065037 -0.52573168
vn 3.5120263e-07 -0.87059891 -0.49199349
vn 0 -0.73025882 -0.68317062
vn 2.2958372e-06 -0.1296884 -0.99155486
vn 1.2008791e-06 -0.30784354 -0.951437
vn 0 -0.31993556 -0.94743925
vn 8.0028985e-07 -0.85065037 -0.52573168
vn 8.0184594e-07 -0.93788505 -0.34694615
vn 1.3140321e-07 -0.95431548 -0.2988005
vn 3.5120263e-07 -0.87059891 -0.49199349
vn 1.2008791e-06 -0.30784354 -0.951437
vn 1.4086078e-06 -0.46657163 -0.8844834
vn 0 -0.49030066 -0.87155336
vn 0 -0.31993556 -0.94743925
vn 8.0184594e-07 -0.93788505 -0.34694615
vn -1.0027795e-08 -1 -6.1114559e-07
vn -2.0362611e-08 -0.99999267 0.0038288957
vn 1.3140321e-07 -0.95431548 -0.2988005
vn 2.7622539e-07 -0.4665719 0.88448328
vn -1.7214649e-07 -0.68721533 0.72645372
vn 0 -0.68721545 0.7264536
vn 0 -0.4665719 0.88448322
vn 2.0214701e-07 -0.12968753 0.99155492
vn 9.7359623e-07 -0.30784315 0.95143723
vn 0 -0.307843 0.95143718
vn 0 -0.1212173 0.99262601
vn -3.2828197e-07 -0.85065007 0.52573222
vn -1.6801188e-07 -0.93788499 0.34694636
vn 0 -0.93788499 0.34694636
vn 0 -0.85065007 0.52573228
vn 0.34727836 -0.93776208 0
vn -0.00049557275 -0.99999994 0
vn -0.00049601757 -0.99999994 -5.2423506e-09
vn 0.3472783 -0.9377622 1.4116799e-07
vn -1.5644426e-07 -0.95456064 -0.29801711
vn 5.4323039e-07 -0.87079567 -0.49164507
vn 2.9367507e-07 -0.85065037 -0.5257318
vn 2.5071483e-08 -0.93788522 -0.34694579
vn 5.4323039e-07 -0.87079567 -0.49164507
vn 7.4107049e-07 -0.73025888 -0.68317044
vn 3.8467414e-07 -0.68721533 -0.72645366
vn 2.9367507e-07 -0.85065037 -0.5257318
vn 7.4107049e-07 -0.73025888 -0.68317044
vn 0.00037955967 -0.4902418 -0.87158632
vn 0.00077685283 -0.46619198 -0.88468313
vn 3.8467414e-07 -0.68721533 -0.72645366
vn 0.00037955967 -0.4902418 -0.87158632
vn 0.0016714567 -0.31769067 -0.94819295
vn 7.7404875e-06 -0.30541173 -0.95222038
vn 0.00077685283 -0.46619198 -0.88468313
vn 0.0016714567 -0.31769067 -0.94819295
vn -0.0059339595 -0.13207287 -0.99122226
vn 7.7404875e-06 -0.30541173 -0.95222038
vn -5.8552447e-13 -1 0
vn 5.6985994e-07 -0.95456064 0.29801682
vn 1.9390765e-07 -0.93788499 0.34694606
vn 7.4505675e-07 -0.99999994 -5.8669957e-07
vn 0.49164563 -0.87079537 3.4912165e-07
vn 0.52573252 -0.85064995 7.7564795e-07
vn 0.72645354 -0.68721563 8.0764499e-07
vn 0.68317086 -0.7302587 0
vn 0.68317086 -0.7302587 0
vn 0.72645354 -0.68721563 8.0764499e-07
vn 0.88448298 -0.46657228 8.7747372e-07
vn 0.87155277 -0.49030164 -1.6255363e-07
vn 0.87155277 -0.49030164 -1.6255363e-07
vn 0.88448298 -0.46657228 8.7747372e-07
vn 0.95143712 -0.30784321 1.0001339e-06
vn 0.94743925 -0.31993592 -2.5986884e-07
vn 0.94743925 -0.31993592 -2.5986884e-07
vn 0.95143712 -0.30784321 1.0001339e-06
vn 0.99155486 -0.12968801 2.0576315e-06
vn 1.4543057e-06 -0.93788505 -0.34694618
vn 0 -0.85130405 -0.52467269
vn 0 -0.85130411 -0.52467263
vn 5.3324544e-07 -0.93788522 -0.34694588
vn 0 -1 5.8669963e-07
vn 0 -0.93788487 0.34694657
vn -2.5071758e-08 -0.93788499 0.34694645
vn 3.7301359e-14 -1 2.6890402e-07
vn -0.29801729 -0.95456046 -2.225038e-07
vn -0.34694621 -0.93788505 -1.2275177e-07
vn -0.52573264 -0.85064977 -2.456979e-08
vn -0.49100649 -0.87115592 -1.5818547e-07
vn -0.49100649 -0.87115592 -1.5818547e-07
vn -0.52573264 -0.85064977 -2.456979e-08
vn -0.7264539 -0.68721521 1.6047046e-07
vn -0.68436718 -0.72913754 2.773609e-07
vn -0.68436718 -0.72913754 2.773609e-07
vn -0.7264539 -0.68721521 1.6047046e-07
vn -0.88467318 -0.46621111 0.00075831625
vn -0.87194878 -0.4895969 0.00035561345
vn -0.87194878 -0.4895969 0.00035561345
vn -0.88467318 -0.46621111 0.00075831625
vn -0.95141619 -0.30790254 0.0017884945
vn -0.94723725 -0.32052904 0.0016553679
vn -0.94723725 -0.32052904 0.0016553679
vn -0.95141619 -0.30790254 0.0017884945
vn -0.99147105 -0.13032448 0.0008272687
vn -1.8297641e-13 -1 -2.1105114e-07
vn -1.5644426e-07 -0.95456064 -0.29801711
vn 2.5071483e-08 -0.93788522 -0.34694579
vn 3.7301359e-14 -1 2.6890402e-07
vn -1.9157513e-07 -0.87079531 0.49164563
vn -7.3716876e-07 -0.7302593 0.68317014
vn -3.8243098e-07 -0.68721575 0.7264533
vn -1.7098979e-07 -0.85065001 0.52573228
vn -7.3716876e-07 -0.7302593 0.68317014
vn -0.00038478614 -0.49023905 0.87158787
vn -0.00078037335 -0.46618786 0.88468546
vn -3.8243098e-07 -0.68721575 0.7264533
vn -0.00038478614 -0.49023905 0.87158787
vn -0.0017079378 -0.32050323 0.9472459
vn -0.0017901914 -0.30788618 0.9514215
vn -0.00078037335 -0.46618786 0.88468546
vn -0.0017079378 -0.32050323 0.9472459
vn -0.00081806857 -0.13032898 0.99147046
vn -0.0017901914 -0.30788618 0.9514215
vn 5.6985994e-07 -0.95456064 0.29801682
vn -1.9157513e-07 -0.87079531 0.49164563
vn -1.7098979e-07 -0.85065001 0.52573228
vn 1.9390765e-07 -0.93788499 0.34694606
vn 0.0010391453 -0.46589354 0.88484019
vn 0.0017119434 -0.30728847 0.95161486
vn 0.0017904027 -0.30788991 0.95142025
vn 0.0007755172 -0.46619168 0.88468337
vn 0 -0.85065013 0.5257321
vn 0 -0.68721551 0.7264536
vn -4.2235786e-07 -0.68721551 0.72645348
vn -1.21976e-07 -0.85065019 0.52573216
vn 0.0017119434 -0.30728847 0.95161486
vn 0.00068180927 -0.1218575 0.99254739
vn 0.00082025904 -0.13032894 0.99147046
vn 0.0017904027 -0.30788991 0.95142025
vn 0 -0.68721551 0.7264536
vn 0.0010391453 -0.46589354 0.88484019
vn 0.0007755172 -0.46619168 0.88468337
vn -4.2235786e-07 -0.68721551 0.72645348
vn 0.29801717 -0.95456058 5.121509e-07
vn 0.34694588 -0.93788511 6.0290029e-07
vn 0.52573252 -0.85064995 7.7564795e-07
vn 0.49164563 -0.87079537 3.4912165e-07
vn 0.95161045 -0.30730227 0.0017332381
vn 0.88482839 -0.46591601 0.001039415
vn 0.88467318 -0.4662112 0.00075815752
vn 0.95141643 -0.30790207 0.0017884056
vn 0.72645408 -0.68721509 0
vn 0.52645534 -0.8502028 0
vn 0.52645522 -0.85020286 1.6231363e-07
vn 0.72645372 -0.68721527 6.6271724e-08
vn 1.4901136e-06 -0.99999994 -1.0365031e-06
vn 1.4543057e-06 -0.93788505 -0.34694618
vn 5.3324544e-07 -0.93788522 -0.34694588
vn 7.4505675e-07 -0.99999994 -5.8669957e-07
vn 0.99254864 -0.12184696 0.0007027965
vn 0.95161045 -0.30730227 0.0017332381
vn 0.95141643 -0.30790207 0.0017884056
vn 0.99147105 -0.13032448 0.00082784815
vn 0.88482839 -0.46591601 0.001039415
vn 0.72645408 -0.68721509 0
vn 0.72645372 -0.68721527 6.6271724e-08
vn 0.88467318 -0.4662112 0.00075815752
vn 0.52645534 -0.8502028 0
vn 0.34727836 -0.93776208 0
vn 0.3472783 -0.9377622 1.4116799e-07
vn 0.52645522 -0.85020286 1.6231363e-07
vn -0.0017070152 -0.30728555 -0.95161587
vn -0.00067694584 -0.12185941 -0.99254715
vn -0.00081850757 -0.13032946 -0.99147046
vn -0.001791015 -0.30788741 -0.9514212
vn 0 -0.68636858 -0.72725379
vn -0.0010388322 -0.46375579 -0.88596255
vn -0.00078025344 -0.46405482 -0.88580614
vn 0 -0.68636876 -0.72725379
vn 0 -0.93788487 0.34694657
vn 0 -0.85065013 0.5257321
vn -1.21976e-07 -0.85065019 0.52573216
vn -2.5071758e-08 -0.93788499 0.34694645
vn -0.0010388322 -0.46375579 -0.88596255
vn -0.0017070152 -0.30728555 -0.95161587
vn -0.001791015 -0.30788741 -0.9514212
vn -0.00078025344 -0.46405482 -0.88580614
vn 0 -0.85130405 -0.52467269
vn 0 -0.68636858 -0.72725379
vn 0 -0.68636876 -0.72725379
vn 0 -0.85130411 -0.52467263
vn -0.00018706208 -1 -1.0246969e-08
vn -0.00049601757 -0.99999994 -5.2423506e-09
vn -0.34694621 -0.93788505 -1.2275177e-07
vn -0.29801729 -0.95456046 -2.225038e-07
vn -0.99262589 -0.12121736 -3.6359324e-07
vn -0.95143712 -0.30784303 -6.444173e-07
vn -0.95143712 -0.30784327 -5.9908155e-07
vn -0.99155492 -0.12968762 -3.7691197e-07
vn -0.88448292 -0.46657255 -2.83422e-07
vn -0.72645354 -0.68721551 1.5315115e-07
vn -0.72645366 -0.68721551 -9.2135572e-08
vn -0.88448292 -0.46657246 -3.8302764e-07
vn -0.5257324 -0.85065001 8.2938448e-07
vn -0.34694612 -0.93788499 1.2661365e-06
vn -0.34694597 -0.93788505 4.4097766e-07
vn -0.52573216 -0.85065019 2.1302624e-07
vn 0.0038290233 -0.99999267 1.626377e-07
vn -4.0091143e-07 -1 4.5580444e-07
vn 0.34694588 -0.93788511 6.0290029e-07
vn 0.29801717 -0.95456058 5.121509e-07
vn -0.95143712 -0.30784303 -6.444173e-07
vn -0.88448292 -0.46657255 -2.83422e-07
vn -0.88448292 -0.46657246 -3.8302764e-07
vn -0.95143712 -0.30784327 -5.9908155e-07
vn -0.72645354 -0.68721551 1.5315115e-07
vn -0.5257324 -0.85065001 8.2938448e-07
vn -0.52573216 -0.85065019 2.1302624e-07
vn -0.72645366 -0.68721551 -9.2135572e-08
vn -0.34694612 -0.93788499 1.2661365e-06
vn -9.7783254e-07 -0.99999994 7.5476436e-07
vn -4.0091143e-07 -1 4.5580444e-07
vn -0.34694597 -0.93788505 4.4097766e-07
vn -0.70726222 -0.00021435101 0.7069512
vn -0.69710922 0.0010088439 0.71696424
vn -0.69713753 0.0010095105 0.71693671
vn -0.70726299 -0.0002152141 0.70695049
vn -0.71401346 -0.028055776 -0.69956964
vn -0.71039844 -0.011913847 -0.70369893
vn -0.71039718 -0.011908739 -0.70370013
vn -0.71401346 -0.028055776 -0.69956964
vn 0.7060315 -0.0055056373 -0.70815903
vn 0.70706642 0.00095668575 -0.70714653
vn 0.70706666 0.00095424696 -0.70714623
vn 0.70602691 -0.0055155596 -0.70816344
vn -0.70341229 -0.014041151 -0.71064347
vn -0.69956023 -0.028077189 -0.7140218
vn -0.69956023 -0.028077189 -0.7140218
vn -0.70341343 -0.01403683 -0.71064222
vn 0.71402025 -0.028084556 0.69956154
vn 0.71064436 -0.014043855 0.70341128
vn 0.71064311 -0.014039172 0.70341259
vn 0.71402025 -0.028084556 0.69956154
vn -0.70710701 -1.9657175e-06 -0.70710653
vn -0.70341229 -0.014041151 -0.71064347
vn -0.70341343 -0.01403683 -0.71064222
vn -0.70710701 -1.9657439e-06 -0.70710647
vn -0.70813459 -0.00098973233 0.7060768
vn -0.70726222 -0.00021435101 0.7069512
vn -0.70726299 -0.0002152141 0.70695049
vn -0.70813465 -0.00098986411 0.70607674
vn 0.7046234 -0.0090945493 0.7095232
vn 0.70316994 -0.015992716 0.71084195
vn 0.70317096 -0.015989233 0.71084094
vn 0.70461965 -0.0091039464 0.7095269
vn 0.71064436 -0.014043855 0.70341128
vn 0.70710754 0 0.70710611
vn 0.70710748 0 0.70710605
vn 0.71064311 -0.014039172 0.70341259
vn 0.70706642 0.00095668575 -0.70714653
vn 0.70721662 0.0023098022 -0.70699316
vn 0.70721734 0.0023071726 -0.70699245
vn 0.70706666 0.00095424696 -0.70714623
vn -0.71039844 -0.011913847 -0.70369893
vn -0.70965254 0.013496557 -0.70442253
vn -0.70964193 0.013463935 -0.70443392
vn -0.71039718 -0.011908739 -0.70370013
vn -0.70710617 -9.561162e-07 -0.70710737
vn -0.70710701 -1.9657175e-06 -0.70710653
vn -0.70710701 -1.9657439e-06 -0.70710647
vn -0.70710629 -9.561453e-07 -0.70710737
vn -0.70581079 0.0013077442 0.70839906
vn -0.70813459 -0.00098973233 0.7060768
vn -0.70813465 -0.00098986411 0.70607674
vn -0.70580792 0.0013102411 0.70840198
vn 0.69999647 -0.012700806 0.71403337
vn 0.7046234 -0.0090945493 0.7095232
vn 0.70461965 -0.0091039464 0.7095269
vn 0.69998527 -0.012695377 0.71404433
vn 0.70710754 0 0.70710611
vn 0.70710683 0 0.70710671
vn 0.70710683 0 0.70710677
vn 0.70710748 0 0.70710605
vn 0.70721662 0.0023098022 -0.70699316
vn 0.70905125 0.0016374253 -0.70515501
vn 0.70905322 0.0016394149 -0.70515305
vn 0.70721734 0.0023071726 -0.70699245
vn -0.70965254 0.013496557 -0.70442253
vn -0.69821775 0.0072700111 -0.71584845
vn -0.69826531 0.0073201209 -0.71580166
vn -0.70964193 0.013463935 -0.70443392
vn -0.7071057 -5.3411389e-07 -0.7071079
vn -0.70710617 -9.561162e-07 -0.70710737
vn -0.70710629 -9.561453e-07 -0.70710737
vn -0.70710564 -5.3445655e-07 -0.70710784
vn -0.70185375 0.0012959111 0.71232003
vn -0.70581079 0.0013077442 0.70839906
vn -0.70580792 0.0013102411 0.70840198
vn -0.70223987 0.0016140916 0.71193862
vn 0.69995964 -0.006835076 0.71414977
vn 0.69999647 -0.012700806 0.71403337
vn 0.69998527 -0.012695377 0.71404433
vn 0.69994599 -0.0068588918 0.71416289
vn 0.70710683 0 0.70710671
vn 0.70710784 0 0.70710576
vn 0.70710778 0 0.70710582
vn 0.70710683 0 0.70710677
vn -0.69821775 0.0072700111 -0.71584845
vn -0.69297981 -0.002935339 -0.72095102
vn -0.69305879 -0.0028921927 -0.72087532
vn -0.69826531 0.0073201209 -0.71580166
vn 0.70905125 0.0016374253 -0.70515501
vn 0.71231973 0.0012955944 -0.70185387
vn 0.71193832 0.0016136875 -0.70224005
vn 0.70905322 0.0016394149 -0.70515305
vn 0.64424658 -0.41218039 -0.64424658
vn 0.69736105 -0.16545263 -0.69736153
vn 0.69736099 -0.1654526 -0.69736153
vn 0.64424652 -0.41218039 -0.64424652
vn 0.56896371 -0.59376913 -0.56896287
vn 0.64424658 -0.41218039 -0.64424658
vn 0.64424652 -0.41218039 -0.64424652
vn 0.56896371 -0.59376901 -0.56896287
vn 0.42859244 -0.79537249 -0.42859191
vn 0.56896371 -0.59376913 -0.56896287
vn 0.56896371 -0.59376901 -0.56896287
vn 0.42859235 -0.79537266 -0.42859191
vn 0.2837519 -0.91595238 -0.28375354
vn 0.42859244 -0.79537249 -0.42859191
vn 0.42859235 -0.79537266 -0.42859191
vn 0.28375185 -0.91595238 -0.28375348
vn 0.18060844 -0.96684945 -0.18050687
vn 0.2837519 -0.91595238 -0.28375354
vn 0.28375185 -0.91595238 -0.28375348
vn 0.18060839 -0.96684945 -0.18050681
vn 0.69736409 -0.16545212 0.69735849
vn 0.64424819 -0.41218027 0.64424503
vn 0.64424849 -0.41217959 0.64424521
vn 0.69736415 -0.16545229 0.69735855
vn 0.64424819 -0.41218027 0.64424503
vn 0.56896341 -0.59376895 0.56896323
vn 0.56896341 -0.59376895 0.56896323
vn 0.64424849 -0.41217959 0.64424521
vn 0.56896341 -0.59376895 0.56896323
vn 0.42858723 -0.79537678 0.4285894
vn 0.42859405 -0.79536933 0.4285962
vn 0.56896341 -0.59376895 0.56896323
vn 0.42858723 -0.79537678 0.4285894
vn 0.28438339 -0.91586703 0.28339675
vn 0.28436029 -0.91588151 0.28337315
vn 0.42859405 -0.79536933 0.4285962
vn 0.28438339 -0.91586703 0.28339675
vn 0.181651 -0.96673083 0.1800957
vn 0.1810998 -0.96693593 0.17954867
vn 0.28436029 -0.91588151 0.28337315
vn -0.64424348 -0.41219661 -0.64423937
vn -0.69736141 -0.1654523 -0.69736117
vn -0.69736147 -0.16545229 -0.69736111
vn -0.64424944 -0.41217789 -0.64424545
vn -0.56797385 -0.59313345 -0.57061225
vn -0.64424348 -0.41219661 -0.64423937
vn -0.64424944 -0.41217789 -0.64424545
vn -0.56793964 -0.59319758 -0.57057983
vn -0.4270702 -0.79458982 -0.43155304
vn -0.56797385 -0.59313345 -0.57061225
vn -0.56793964 -0.59319758 -0.57057983
vn -0.42611676 -0.79562289 -0.43059099
vn -0.28942502 -0.91528547 -0.28015319
vn -0.4270702 -0.79458982 -0.43155304
vn -0.42611676 -0.79562289 -0.43059099
vn -0.28910375 -0.91551721 -0.27972722
vn -0.18660994 -0.96767586 -0.16964704
vn -0.28942502 -0.91528547 -0.28015319
vn -0.28910375 -0.91551721 -0.27972722
vn -0.19292828 -0.96539938 -0.17545004
vn 0.181651 -0.96673083 0.1800957
vn 0.12415518 -0.98460543 0.12303437
vn 0.12415518 -0.98460543 0.12303437
vn 0.1810998 -0.96693593 0.17954867
vn -0.12837704 -0.98489785 -0.11617009
vn -0.18660994 -0.96767586 -0.16964704
vn -0.19292828 -0.96539938 -0.17545004
vn -0.12837704 -0.98489785 -0.11617009
vn -0.64422953 -0.41227761 0.64420146
vn -0.69736081 -0.16545285 0.69736165
vn -0.69736087 -0.16545275 0.69736165
vn -0.64427125 -0.41214725 0.64424312
vn -0.57972533 -0.59080124 0.56113493
vn -0.64422953 -0.41227761 0.64420146
vn -0.64427125 -0.41214725 0.64424312
vn -0.58014923 -0.58979017 0.56176019
vn -0.44825971 -0.79063249 0.41708925
vn -0.57972533 -0.59080124 0.56113493
vn -0.58014923 -0.58979017 0.56176019
vn -0.44257092 -0.79661679 0.41174355
vn -0.28898448 -0.91651189 0.27657524
vn -0.44825971 -0.79063249 0.41708925
vn -0.44257092 -0.79661679 0.41174355
vn -0.28860182 -0.91672075 0.27628279
vn -0.18062194 -0.96684504 0.18051714
vn -0.28898448 -0.91651189 0.27657524
vn -0.28860182 -0.91672075 0.27628279
vn -0.18056838 -0.96686506 0.18046351
vn 0.12385086 -0.9845674 -0.1236451
vn 0.18060844 -0.96684945 -0.18050687
vn 0.18060839 -0.96684945 -0.18050681
vn 0.12385086 -0.9845674 -0.1236451
vn -0.12380404 -0.98457754 0.12361043
vn -0.18062194 -0.96684504 0.18051714
vn -0.18056838 -0.96686506 0.18046351
vn -0.12380404 -0.98457754 0.12361043
vn 0.70316994 -0.015992716 0.71084195
vn 0.69964695 -0.027769731 0.71394891
vn 0.69964695 -0.027769731 0.71394891
vn 0.70317096 -0.015989233 0.71084094
vn -0.70872414 0.0014721248 0.70548409
vn -0.71231848 0.0012951045 0.70185524
vn -0.71193731 0.0016130873 0.70224124
vn -0.70872658 0.0014743641 0.70548165
vn 0.70188153 -0.022074591 -0.71195143
vn 0.7060315 -0.0055056373 -0.70815903
vn 0.70602691 -0.0055155596 -0.70816344
vn 0.70189607 -0.022004711 -0.71193951
vn 0.7054835 0.0014714004 -0.70872486
vn 0.70710742 1.5122492e-06 -0.70710611
vn 0.70710748 1.5112773e-06 -0.70710617
vn 0.70548105 0.0014736276 -0.7087273
vn -0.69710922 0.0010088439 0.71696424
vn -0.70945668 -0.0078578293 0.70470518
vn -0.70955098 -0.0078966841 0.70460993
vn -0.69713753 0.0010095105 0.71693671
vn 0.71045512 -0.01313903 -0.70361978
vn 0.71252823 -0.027787175 -0.70109308
vn 0.71252823 -0.027787175 -0.70109308
vn 0.71045548 -0.013141097 -0.70361948
vn -0.70710498 -7.5612814e-07 0.70710856
vn -0.70872414 0.0014721248 0.70548409
vn -0.70872658 0.0014743641 0.70548165
vn -0.70710492 -7.5563992e-07 0.70710862
vn -0.69951034 -0.028777365 0.7140429
vn -0.70326817 -0.014812658 0.71077037
vn -0.70327091 -0.014801959 0.71076787
vn -0.69951034 -0.028777365 0.7140429
vn 0.70710742 1.5122492e-06 -0.70710611
vn 0.70702994 0.00014588318 -0.7071836
vn 0.70703 0.00014588758 -0.70718366
vn 0.70710748 1.5112773e-06 -0.70710617
vn 0.69904768 -0.035433907 -0.71419656
vn 0.70188153 -0.022074591 -0.71195143
vn 0.70189607 -0.022004711 -0.71193951
vn 0.69904768 -0.035433907 -0.71419656
vn -0.70945668 -0.0078578293 0.70470518
vn -0.7302013 -0.016550433 0.68303156
vn -0.7302013 -0.016550433 0.68303156
vn -0.70955098 -0.0078966841 0.70460993
vn -0.70702893 -0.00014608426 0.70718461
vn -0.70710498 -7.5612814e-07 0.70710856
vn -0.70710492 -7.5563992e-07 0.70710862
vn -0.70702893 -0.00014608819 0.70718467
vn 0.70702994 0.00014588318 -0.7071836
vn 0.70758814 0.00089697074 -0.70662445
vn 0.70758843 0.0008971754 -0.70662427
vn 0.70703 0.00014588758 -0.70718366
vn -0.70318156 0.0026273509 -0.71100551
vn -0.70185381 0.0012951032 -0.71231991
vn -0.70223981 0.0016130944 -0.71193868
vn -0.70318252 0.0026278293 -0.71100456
vn 0.70548296 0.0014730432 0.70872533
vn 0.70185333 0.0012959135 0.71232033
vn 0.70223951 0.0016140947 0.71193892
vn 0.70548046 0.0014752856 0.7087279
vn -0.70691282 -0.00056431111 0.70730048
vn -0.70702893 -0.00014608426 0.70718461
vn -0.70702893 -0.00014608819 0.70718467
vn -0.70691282 -0.00056450139 0.70730048
vn 0.7123183 0.0012947909 0.70185536
vn 0.70645666 0.00032629436 0.70775622
vn 0.70646256 0.00033022955 0.70775038
vn 0.71193701 0.0016126867 0.70224142
vn 0.70758814 0.00089697074 -0.70662445
vn 0.71045512 -0.01313903 -0.70361978
vn 0.71045548 -0.013141097 -0.70361948
vn 0.70758843 0.0008971754 -0.70662427
vn -0.69297981 -0.002935339 -0.72095102
vn -0.70318156 0.0026273509 -0.71100551
vn -0.70318252 0.0026278293 -0.71100456
vn -0.69305879 -0.0028921927 -0.72087532
vn -0.70326817 -0.014812658 0.71077037
vn -0.70691282 -0.00056431111 0.70730048
vn -0.70691282 -0.00056450139 0.70730048
vn -0.70327091 -0.014801959 0.71076787
vn 0.70710784 0 0.70710576
vn 0.70548296 0.0014730432 0.70872533
vn 0.70548046 0.0014752856 0.7087279
vn 0.70710778 0 0.70710582
vn 0.70645666 0.00032629436 0.70775622
vn 0.69995964 -0.006835076 0.71414977
vn 0.69994599 -0.0068588918 0.71416289
vn 0.70646256 0.00033022955 0.70775038
vn -0.70868182 0.0014630319 -0.70552665
vn -0.7071057 -5.3411389e-07 -0.7071079
vn -0.70710564 -5.3445655e-07 -0.70710784
vn -0.70868909 0.001469816 -0.70551932
vn 0.70870036 0.00010604559 -0.70550954
vn 0.70870036 0.00010604559 -0.70550954
vn 0.70870078 0.00010585294 -0.70550913
vn 0.70870072 0.00010585304 -0.70550919
vn -0.71313816 -0.0081819221 0.70097578
vn -0.71313816 -0.0081819221 0.70097578
vn -0.71457219 -0.0014372999 0.69956023
vn -0.71457237 -0.00143642 0.69956005
vn 0.70678031 -1.6503092e-05 0.70743316
vn 0.70678031 -1.6503092e-05 0.70743316
vn 0.70678043 -1.6949152e-05 0.70743293
vn 0.70678043 -1.6949125e-05 0.70743299
vn -0.74140024 -0.67106247 -0.00088665832
vn -0.74056685 -0.67198217 -0.00088580902
vn -0.82122695 -0.57060081 -0.00096692663
vn 0.0014818008 -0.58112389 -0.81381375
vn 0.0014426605 -0.57995391 -0.81464803
vn 0.0013813355 -0.62752289 -0.77859688
vn 0.0013389605 -0.67685717 -0.73611313
vn 0.81445462 -0.58022577 0.0012817659
vn 0.7348901 -0.6781857 -0.00081162935
vn 0.70946491 -0.70473927 -0.0014201277
vn -0.0011828121 -0.58090025 0.81397384
vn -0.0010594288 -0.67795002 0.73510718
vn -0.0010596823 -0.67777318 0.73527014
vn 0.70946491 -0.70473927 -0.0014201277
vn 0.7348901 -0.6781857 -0.00081162935
vn 0.62924647 -0.77719933 -0.003195937
vn 0.62924647 -0.77719933 -0.003195937
vn -0.71457237 -0.00143642 0.69956005
vn -0.71457219 -0.0014372999 0.69956023
vn -0.71734822 0.012123059 0.69660938
vn -0.70713311 1.7849567e-05 -0.70708036
vn -0.70713311 1.7861461e-05 -0.70708036
vn -0.70713282 1.0842491e-05 -0.70708084
vn 0.70870072 0.00010585304 -0.70550919
vn 0.70870078 0.00010585294 -0.70550913
vn 0.70870161 0.0001054656 -0.70550841
vn 0.70870161 0.0001054656 -0.70550841
vn 0.70678043 -1.6949125e-05 0.70743299
vn 0.70678043 -1.6949152e-05 0.70743293
vn 0.70678085 -1.7846018e-05 0.70743257
vn -0.74140024 -0.67106247 -0.00088665832
vn -0.63411719 -0.77323657 -0.00077589188
vn -0.74056685 -0.67198217 -0.00088580902
vn 0.0013813355 -0.62752289 -0.77859688
vn 0.0014426605 -0.57995391 -0.81464803
vn 0.0013569643 -0.57738835 -0.81646848
vn -0.0010594288 -0.67795002 0.73510718
vn -0.00089819555 -0.77583283 0.63093793
vn -0.0010596823 -0.67777318 0.73527014
vn 0.0013813355 -0.62752289 -0.77859688
vn 0.0011503007 -0.77387035 -0.63334304
vn 0.0013389605 -0.67685717 -0.73611313
vn -0.0065685199 -0.12363437 -0.99230617
vn -0.0059339595 -0.13207287 -0.99122226
vn -0.0073162154 -0.007316146 -0.99994653
vn -0.0073162154 -0.007316146 -0.99994653
vn -0.70185375 0.0012959111 0.71232003
vn -0.70223987 0.0016140916 0.71193862
vn -0.7002781 0 0.71387017
vn -0.7002781 0 0.71387017
vn 0.99155486 -0.12968801 2.0576315e-06
vn 0.99262601 -0.12121772 2.2166839e-06
vn 1 0 2.2352031e-06
vn 1 0 2.2352031e-06
vn -0.99262589 -0.12121736 -3.6359324e-07
vn -0.99155492 -0.12968762 -3.7691197e-07
vn -1 0 0
vn -1 0 0
vn -0.71193731 0.0016130873 0.70224124
vn -0.71231848 0.0012951045 0.70185524
vn -0.71386808 0 0.70028013
vn -0.71386808 0 0.70028013
vn -0.00081850757 -0.13032946 -0.99147046
vn -0.00067694584 -0.12185941 -0.99254715
vn 0 0 -1
vn 0 0 -1
vn -0.69736087 -0.16545275 0.69736165
vn -0.69736081 -0.16545285 0.69736165
vn -0.70710629 0 0.70710737
vn -0.70710629 0 0.70710737
vn 0.70223951 0.0016140947 0.71193892
vn 0.70185333 0.0012959135 0.71232033
vn 0.70027739 0 0.71387082
vn 0.70027739 0 0.71387082
vn 0.71193832 0.0016136875 -0.70224005
vn 0.71231973 0.0012955944 -0.70185387
vn 0.71387011 0 -0.7002781
vn 0.71387011 0 -0.7002781
vn -0.00067658338 -0.1218591 0.99254721
vn -0.00081806857 -0.13032898 0.99147046
vn 0 0 1
vn 0 0 1
vn 0.69736409 -0.16545212 0.69735849
vn 0.69736415 -0.16545229 0.69735855
vn 0.70710987 0 0.70710367
vn 0.70710987 0 0.70710367
vn -0.70223981 0.0016130944 -0.71193868
vn -0.70185381 0.0012951032 -0.71231991
vn -0.70027876 0 -0.71386945
vn -0.70027876 0 -0.71386945
vn -0.99147105 -0.13032448 0.0008272687
vn -0.99254864 -0.12184711 0.00070209848
vn -1 0 0
vn -1 0 0
vn -0.69736147 -0.16545229 -0.69736111
vn -0.69736141 -0.1654523 -0.69736117
vn -0.70710683 0 -0.70710683
vn -0.70710683 0 -0.70710683
vn 0.00082025904 -0.13032894 0.99147046
vn 0.00068180927 -0.1218575 0.99254739
vn 0 0 1
vn 0 0 1
vn 0.69736099 -0.1654526 -0.69736153
vn 0.69736105 -0.16545263 -0.69736153
vn 0.70710623 0 -0.70710725
vn 0.70710623 0 -0.70710725
vn 0.99254864 -0.12184696 0.0007027965
vn 0.99147105 -0.13032448 0.00082784815
vn 1 0 0
vn 1 0 0
vn 0.7123183 0.0012947909 0.70185536
vn 0.71193701 0.0016126867 0.70224142
vn 0.71386802 0 0.70028013
vn 0.71386802 0 0.70028013
vn -0.70713335 2.1353224e-05 -0.70708025
vn -0.70713335 2.1353224e-05 -0.70708025
vn -0.70713311 1.7861461e-05 -0.70708036
vn -0.70713311 1.7849567e-05 -0.70708036
vn 2.5071483e-08 -0.93788522 -0.34694579
vn 2.9367507e-07 -0.85065037 -0.5257318
vn 0 -0.85065037 -0.52573186
vn 0 -0.93788522 -0.34694573
vn 3.8467414e-07 -0.68721533 -0.72645366
vn 0.00077685283 -0.46619198 -0.88468313
vn 0.0010391426 -0.46589366 -0.88484007
vn 0 -0.68721539 -0.72645372
vn 7.7404875e-06 -0.30541173 -0.95222038
vn -0.0059339595 -0.13207287 -0.99122226
vn -0.0065685199 -0.12363437 -0.99230617
vn -0.0018619709 -0.30562735 -0.95214945
vn -0.71229118 0.0012866848 -0.7018829
vn -0.70868182 0.0014630319 -0.70552665
vn -0.70868909 0.001469816 -0.70551932
vn -0.71189654 0.0016080558 -0.70228243
vn -1.21976e-07 -0.85065019 0.52573216
vn -4.2235786e-07 -0.68721551 0.72645348
vn -5.4225308e-07 -0.73025906 0.68317032
vn -3.5086117e-07 -0.87079537 0.49164563
vn -4.2235786e-07 -0.68721551 0.72645348
vn 0.0007755172 -0.46619168 0.88468337
vn 0.00037692863 -0.49024168 0.8715865
vn -5.4225308e-07 -0.73025906 0.68317032
vn -0.71386969 -1.4150044e-06 -0.70027858
vn -0.71229118 0.0012866848 -0.7018829
vn -0.71189654 0.0016080558 -0.70228243
vn -0.71386969 -1.4150044e-06 -0.70027858
vn 2.9367507e-07 -0.85065037 -0.5257318
vn 3.8467414e-07 -0.68721533 -0.72645366
vn 0 -0.68721539 -0.72645372
vn 0 -0.85065037 -0.52573186
vn 0.00077685283 -0.46619198 -0.88468313
vn 7.7404875e-06 -0.30541173 -0.95222038
vn -0.0018619709 -0.30562735 -0.95214945
vn 0.0010391426 -0.46589366 -0.88484007
vn -2.5071758e-08 -0.93788499 0.34694645
vn -1.21976e-07 -0.85065019 0.52573216
vn -3.5086117e-07 -0.87079537 0.49164563
vn 1.564443e-07 -0.95456052 0.29801714
vn 3.7301359e-14 -1 2.6890402e-07
vn -2.5071758e-08 -0.93788499 0.34694645
vn 1.564443e-07 -0.95456052 0.29801714
vn -1.8297641e-13 -1 -2.1105114e-07
vn 3.7301359e-14 -1 2.6890402e-07
vn 2.5071483e-08 -0.93788522 -0.34694579
vn 0 -0.93788522 -0.34694573
vn 0 -1 5.8669963e-07
vn 0.0007755172 -0.46619168 0.88468337
vn 0.0017904027 -0.30788991 0.95142025
vn 0.0016984029 -0.32050779 0.94724435
vn 0.00037692863 -0.49024168 0.8715865
vn 0.0017904027 -0.30788991 0.95142025
vn 0.00082025904 -0.13032894 0.99147046
vn 0.0016984029 -0.32050779 0.94724435
vn 0.72645372 -0.68721527 6.6271724e-08
vn 0.52645522 -0.85020286 1.6231363e-07
vn 0.49269 -0.87020487 3.5174935e-07
vn 0.6831702 -0.73025912 1.7950879e-07
vn 0.99147105 -0.13032448 0.00082784815
vn 0.95141643 -0.30790207 0.0017884056
vn 0.94723779 -0.3205277 0.0016543475
vn 0.52645522 -0.85020286 1.6231363e-07
vn 0.3472783 -0.9377622 1.4116799e-07
vn 0.2976957 -0.95466077 2.3226968e-07
vn 0.49269 -0.87020487 3.5174935e-07
vn -0.34694621 -0.93788505 -1.2275177e-07
vn -0.00049601757 -0.99999994 -5.2423506e-09
vn -0.00049557275 -0.99999994 0
vn -0.34694615 -0.93788505 0
vn -0.52573264 -0.85064977 -2.456979e-08
vn -0.34694621 -0.93788505 -1.2275177e-07
vn -0.34694615 -0.93788505 0
vn -0.52573299 -0.85064965 0
vn -0.88467318 -0.46621111 0.00075831625
vn -0.7264539 -0.68721521 1.6047046e-07
vn -0.72645396 -0.68721515 0
vn -0.88482851 -0.4659158 0.0010391558
vn -0.99147105 -0.13032448 0.0008272687
vn -0.95141619 -0.30790254 0.0017884945
vn -0.95161051 -0.30730167 0.0017322816
vn -0.99254864 -0.12184711 0.00070209848
vn 0.701855 0.0012944632 -0.71231872
vn 0.7054835 0.0014714004 -0.70872486
vn 0.70548105 0.0014736276 -0.7087273
vn 0.70224112 0.0016122878 -0.71193737
vn 0.95141643 -0.30790207 0.0017884056
vn 0.88467318 -0.4662112 0.00075815752
vn 0.87157977 -0.49025351 0.0003515759
vn 0.94723779 -0.3205277 0.0016543475
vn 0.88467318 -0.4662112 0.00075815752
vn 0.72645372 -0.68721527 6.6271724e-08
vn 0.6831702 -0.73025912 1.7950879e-07
vn 0.87157977 -0.49025351 0.0003515759
vn 0.3472783 -0.9377622 1.4116799e-07
vn -0.00049601757 -0.99999994 -5.2423506e-09
vn -0.00018706208 -1 -1.0246969e-08
vn 0.2976957 -0.95466077 2.3226968e-07
vn -0.7264539 -0.68721521 1.6047046e-07
vn -0.52573264 -0.85064977 -2.456979e-08
vn -0.52573299 -0.85064965 0
vn -0.72645396 -0.68721515 0
vn -0.95141619 -0.30790254 0.0017884945
vn -0.88467318 -0.46621111 0.00075831625
vn -0.88482851 -0.4659158 0.0010391558
vn -0.95161051 -0.30730167 0.0017322816
vn 0.70027947 0 -0.71386874
vn 0.701855 0.0012944632 -0.71231872
vn 0.70224112 0.0016122878 -0.71193737
vn 0.70027947 0 -0.71386874
vn 0 -0.68636876 -0.72725379
vn -0.00078025344 -0.46405482 -0.88580614
vn -0.00038442903 -0.48760688 -0.87306327
vn 0 -0.73040611 -0.6830132
vn -0.00078025344 -0.46405482 -0.88580614
vn -0.001791015 -0.30788741 -0.9514212
vn -0.001709194 -0.32050425 -0.94724554
vn -0.00038442903 -0.48760688 -0.87306327
vn 5.3324544e-07 -0.93788522 -0.34694588
vn 0 -0.85130411 -0.52467263
vn 0 -0.87110502 -0.49109682
vn -5.6986136e-07 -0.9545607 -0.29801664
vn -1.7098979e-07 -0.85065001 0.52573228
vn -3.8243098e-07 -0.68721575 0.7264533
vn 0 -0.68721604 0.72645313
vn 0 -0.85064983 0.5257327
vn -0.00078037335 -0.46618786 0.88468546
vn -0.0017901914 -0.30788618 0.9514215
vn -0.0017066546 -0.30728474 0.95161611
vn -0.001039091 -0.4658893 0.8848424
vn 1.9390765e-07 -0.93788499 0.34694606
vn -1.7098979e-07 -0.85065001 0.52573228
vn 0 -0.85064983 0.5257327
vn 0 -0.93788499 0.34694615
vn 7.4505675e-07 -0.99999994 -5.8669957e-07
vn 5.3324544e-07 -0.93788522 -0.34694588
vn -5.6986136e-07 -0.9545607 -0.29801664
vn -5.8552447e-13 -1 0
vn -0.001791015 -0.30788741 -0.9514212
vn -0.00081850757 -0.13032946 -0.99147046
vn -0.001709194 -0.32050425 -0.94724554
vn 0 -0.85130411 -0.52467263
vn 0 -0.68636876 -0.72725379
vn 0 -0.73040611 -0.6830132
vn 0 -0.87110502 -0.49109682
vn 7.4505675e-07 -0.99999994 -5.8669957e-07
vn 1.9390765e-07 -0.93788499 0.34694606
vn 0 -0.93788499 0.34694615
vn 1.4901136e-06 -0.99999994 -1.0365031e-06
vn -3.8243098e-07 -0.68721575 0.7264533
vn -0.00078037335 -0.46618786 0.88468546
vn -0.001039091 -0.4658893 0.8848424
vn 0 -0.68721604 0.72645313
vn -0.0017901914 -0.30788618 0.9514215
vn -0.00081806857 -0.13032898 0.99147046
vn -0.00067658338 -0.1218591 0.99254721
vn -0.0017066546 -0.30728474 0.95161611
vn -0.88448292 -0.46657246 -3.8302764e-07
vn -0.72645366 -0.68721551 -9.2135572e-08
vn -0.68317068 -0.73025876 -3.0858178e-07
vn -0.87155294 -0.49030158 -4.6413317e-07
vn 0.72645354 -0.68721563 8.0764499e-07
vn 0.52573252 -0.85064995 7.7564795e-07
vn 0.52573282 -0.85064977 1.3085537e-06
vn 0.7264536 -0.68721551 1.61529e-06
vn 0.95143712 -0.30784321 1.0001339e-06
vn 0.88448298 -0.46657228 8.7747372e-07
vn 0.88448322 -0.46657208 1.975455e-06
vn 0.95143718 -0.307843 2.2158745e-06
vn 0.34694588 -0.93788511 6.0290029e-07
vn -4.0091143e-07 -1 4.5580444e-07
vn -9.7783254e-07 -0.99999994 7.5476436e-07
vn 0.34694597 -0.93788517 7.0142579e-07
vn -0.72645366 -0.68721551 -9.2135572e-08
vn -0.52573216 -0.85065019 2.1302624e-07
vn -0.49199367 -0.87059885 -4.6724929e-07
vn -0.68317068 -0.73025876 -3.0858178e-07
vn -0.99155492 -0.12968762 -3.7691197e-07
vn -0.95143712 -0.30784327 -5.9908155e-07
vn -0.94743925 -0.31993592 -5.5291167e-07
vn -0.52573216 -0.85065019 2.1302624e-07
vn -0.34694597 -0.93788505 4.4097766e-07
vn -0.29880026 -0.95431572 -3.0584937e-07
vn -0.49199367 -0.87059885 -4.6724929e-07
vn -0.95143712 -0.30784327 -5.9908155e-07
vn -0.88448292 -0.46657246 -3.8302764e-07
vn -0.87155294 -0.49030158 -4.6413317e-07
vn -0.94743925 -0.31993592 -5.5291167e-07
vn -0.34694597 -0.93788505 4.4097766e-07
vn -4.0091143e-07 -1 4.5580444e-07
vn 0.0038290233 -0.99999267 1.626377e-07
vn -0.29880026 -0.95431572 -3.0584937e-07
vn 0.88448298 -0.46657228 8.7747372e-07
vn 0.72645354 -0.68721563 8.0764499e-07
vn 0.7264536 -0.68721551 1.61529e-06
vn 0.88448322 -0.46657208 1.975455e-06
vn 0.99155486 -0.12968801 2.0576315e-06
vn 0.95143712 -0.30784321 1.0001339e-06
vn 0.95143718 -0.307843 2.2158745e-06
vn 0.99262601 -0.12121772 2.2166839e-06
vn 0.52573252 -0.85064995 7.7564795e-07
vn 0.34694588 -0.93788511 6.0290029e-07
vn 0.34694597 -0.93788517 7.0142579e-07
vn 0.52573282 -0.85064977 1.3085537e-06
vn 0.34727818 -0.9377622 0
vn -0.00049445825 -0.99999994 0
vn -0.00049537717 -0.99999994 1.9683434e-08
vn 0.34727791 -0.9377622 2.0948718e-07
vn 0 -0.95456046 -0.29801729
vn 0 -0.87079531 -0.49164578
vn 0 -0.85065001 -0.52573228
vn 0 -0.93788505 -0.34694618
vn 0 -0.87079531 -0.49164578
vn 0 -0.73025858 -0.68317091
vn 4.1332834e-07 -0.68721485 -0.72645426
vn 0 -0.85065001 -0.52573228
vn 0 -0.73025858 -0.68317091
vn 0.00037882171 -0.49024153 -0.8715865
vn 0.00077691191 -0.46619198 -0.88468331
vn 4.1332834e-07 -0.68721485 -0.72645426
vn 0.00037882171 -0.49024153 -0.8715865
vn 0.0016717229 -0.31769028 -0.94819301
vn 7.9743932e-06 -0.30541158 -0.95222038
vn 0.00077691191 -0.46619198 -0.88468331
vn 0.0016717229 -0.31769028 -0.94819301
vn -0.0059338617 -0.1320726 -0.99122238
vn 7.9743932e-06 -0.30541158 -0.95222038
vn 0 -1 1.8227146e-07
vn 0 -0.9545604 0.29801735
vn 0 -0.93788499 0.34694627
vn 0 -1 -1.075616e-07
vn 0.49164543 -0.87079549 5.2704064e-07
vn 0.52573216 -0.85065019 5.643596e-07
vn 0.72645396 -0.68721509 4.3541164e-07
vn 0.68317103 -0.73025846 3.497168e-07
vn 0.68317103 -0.73025846 3.497168e-07
vn 0.72645396 -0.68721509 4.3541164e-07
vn 0.88448298 -0.46657246 -1.1025467e-07
vn 0.87155277 -0.49030176 -1.6255532e-07
vn 0.87155277 -0.49030176 -1.6255532e-07
vn 0.88448298 -0.46657246 -1.1025467e-07
vn 0.95143706 -0.30784318 -1.0994309e-07
vn 0.94743925 -0.31993592 -2.5987163e-07
vn 0.94743925 -0.31993592 -2.5987163e-07
vn 0.95143706 -0.30784318 -1.0994309e-07
vn 0.99155492 -0.12968744 0
vn 1.3408068e-06 -0.93788528 -0.34694561
vn 1.3380559e-06 -0.85130382 -0.52467304
vn 5.473878e-07 -0.85130399 -0.52467275
vn 5.4851e-07 -0.93788528 -0.34694555
vn 0 -1 5.5736473e-07
vn 0 -0.93788481 0.3469466
vn -1.2221281e-07 -0.93788499 0.34694642
vn 0 -1 2.8357152e-07
vn -0.29801714 -0.95456052 -2.5975237e-07
vn -0.3469463 -0.93788499 -1.2799907e-07
vn -0.52573246 -0.85064995 -6.1704341e-08
vn -0.49100649 -0.87115592 -1.7849101e-07
vn -0.49100649 -0.87115592 -1.7849101e-07
vn -0.52573246 -0.85064995 -6.1704341e-08
vn -0.72645342 -0.68721575 0
vn -0.68436688 -0.7291379 0
vn -0.68436688 -0.7291379 0
vn -0.72645342 -0.68721575 0
vn -0.88467318 -0.46621108 0.00075757608
vn -0.87194878 -0.4895969 0.00035420546
vn -0.87194878 -0.4895969 0.00035420546
vn -0.88467318 -0.46621108 0.00075757608
vn -0.95141625 -0.3079024 0.0017866173
vn -0.94723737 -0.32052869 0.0016507948
vn -0.94723737 -0.32052869 0.0016507948
vn -0.95141625 -0.3079024 0.0017866173
vn -0.99147099 -0.13032441 0.00082786474
vn 0 -1 -9.5932322e-08
vn 0 -0.95456046 -0.29801729
vn 0 -0.93788505 -0.34694618
vn 0 -1 2.8357152e-07
vn 0 -0.87079549 0.49164549
vn -5.3833139e-07 -0.73025966 0.68316972
vn -1.0240315e-06 -0.68721533 0.72645378
vn -5.9846428e-07 -0.85065025 0.52573204
vn -5.3833139e-07 -0.73025966 0.68316972
vn -0.00038572386 -0.49023861 0.87158823
vn -0.00078072184 -0.4661873 0.8846857
vn -1.0240315e-06 -0.68721533 0.72645378
vn -0.00038572386 -0.49023861 0.87158823
vn -0.0017086008 -0.32050335 0.9472459
vn -0.001790327 -0.3078869 0.95142126
vn -0.00078072184 -0.4661873 0.8846857
vn -0.0017086008 -0.32050335 0.9472459
vn -0.00081806921 -0.13032925 0.99147052
vn -0.001790327 -0.3078869 0.95142126
vn 0 -0.9545604 0.29801735
vn 0 -0.87079549 0.49164549
vn -5.9846428e-07 -0.85065025 0.52573204
vn 0 -0.93788499 0.34694627
vn 0.0010391449 -0.46589416 0.88483989
vn 0.0017119424 -0.30728835 0.95161492
vn 0.0017896974 -0.30789056 0.95142013
vn 0.00077636109 -0.46619225 0.88468307
vn 0 -0.85065007 0.5257324
vn 0 -0.68721569 0.72645342
vn 0 -0.68721557 0.72645342
vn -1.2197594e-07 -0.85065001 0.52573234
vn 0.0017119424 -0.30728835 0.95161492
vn 0.00068180839 -0.12185714 0.99254751
vn 0.00081995479 -0.13032876 0.99147046
vn 0.0017896974 -0.30789056 0.95142013
vn 0 -0.68721569 0.72645342
vn 0.0010391449 -0.46589416 0.88483989
vn 0.00077636109 -0.46619225 0.88468307
vn 0 -0.68721557 0.72645342
vn 0.29801694 -0.95456058 2.9750387e-07
vn 0.34694573 -0.93788522 1.8690807e-07
vn 0.52573216 -0.85065019 5.643596e-07
vn 0.49164543 -0.87079549 5.2704064e-07
vn 0.95161057 -0.30730182 0.0017328886
vn 0.88482863 -0.46591547 0.0010394139
vn 0.88467336 -0.46621075 0.0007584609
vn 0.95141613 -0.30790272 0.0017894196
vn 0.72645378 -0.68721545 0
vn 0.52645427 -0.85020345 0
vn 0.52645439 -0.85020334 1.2381844e-07
vn 0.72645366 -0.68721533 0
vn 0 -1 -9.3871944e-07
vn 1.3408068e-06 -0.93788528 -0.34694561
vn 5.4851e-07 -0.93788528 -0.34694555
vn 0 -1 -1.075616e-07
vn 0.99254864 -0.12184718 0.00070244831
vn 0.95161057 -0.30730182 0.0017328886
vn 0.95141613 -0.30790272 0.0017894196
vn 0.99147105 -0.13032497 0.00082771917
vn 0.88482863 -0.46591547 0.0010394139
vn 0.72645378 -0.68721545 0
vn 0.72645366 -0.68721533 0
vn 0.88467336 -0.46621075 0.0007584609
vn 0.52645427 -0.85020345 0
vn 0.34727818 -0.9377622 0
vn 0.34727791 -0.9377622 2.0948718e-07
vn 0.52645439 -0.85020334 1.2381844e-07
vn -0.0017041775 -0.30728465 -0.95161611
vn -0.00067429018 -0.12185905 -0.99254715
vn -0.0008159366 -0.13032919 -0.99147052
vn -0.0017888198 -0.3078872 -0.9514212
vn 1.6836494e-06 -0.68636805 -0.72725427
vn -0.0010357727 -0.46375531 -0.88596272
vn -0.00077830371 -0.46405458 -0.88580626
vn 8.4182352e-07 -0.68636858 -0.72725385
vn 0 -0.93788481 0.3469466
vn 0 -0.85065007 0.5257324
vn -1.2197594e-07 -0.85065001 0.52573234
vn -1.2221281e-07 -0.93788499 0.34694642
vn -0.0010357727 -0.46375531 -0.88596272
vn -0.0017041775 -0.30728465 -0.95161611
vn -0.0017888198 -0.3078872 -0.9514212
vn -0.00077830371 -0.46405458 -0.88580626
vn 1.3380559e-06 -0.85130382 -0.52467304
vn 1.6836494e-06 -0.68636805 -0.72725427
vn 8.4182352e-07 -0.68636858 -0.72725385
vn 5.473878e-07 -0.85130399 -0.52467275
vn -0.00018711957 -1 3.9751736e-08
vn -0.00049537717 -0.99999994 1.9683434e-08
vn -0.3469463 -0.93788499 -1.2799907e-07
vn -0.29801714 -0.95456052 -2.5975237e-07
vn -0.99262595 -0.12121751 -1.4543717e-06
vn -0.95143706 -0.3078433 -1.4471824e-06
vn -0.951437 -0.30784348 -7.2643979e-07
vn -0.99155486 -0.12968782 -1.3473101e-06
vn -0.88448316 -0.46657214 0
vn -0.72645372 -0.68721545 0
vn -0.72645372 -0.68721533 0
vn -0.88448322 -0.46657199 0
vn -0.52573174 -0.85065037 0
vn -0.34694597 -0.93788511 0
vn -0.34694585 -0.93788522 -1.2856796e-07
vn -0.52573162 -0.85065049 -9.1853373e-08
vn 0.0038286413 -0.99999267 3.6947768e-08
vn -2.6890402e-07 -1 1.706592e-08
vn 0.34694573 -0.93788522 1.8690807e-07
vn 0.29801694 -0.95456058 2.9750387e-07
vn -0.95143706 -0.3078433 -1.4471824e-06
vn -0.88448316 -0.46657214 0
vn -0.88448322 -0.46657199 0
vn -0.951437 -0.30784348 -7.2643979e-07
vn -0.72645372 -0.68721545 0
vn -0.52573174 -0.85065037 0
vn -0.52573162 -0.85065049 -9.1853373e-08
vn -0.72645372 -0.68721533 0
vn -0.34694597 -0.93788511 0
vn -2.6401483e-07 -0.99999994 0
vn -2.6890402e-07 -1 1.706592e-08
vn -0.34694585 -0.93788522 -1.2856796e-07
vn -0.70726204 -0.00021774233 0.70695144
vn -0.69710767 0.0010059616 0.71696573
vn -0.69713604 0.0010066205 0.7169382
vn -0.70726269 -0.00021859669 0.70695066
vn -0.71401781 -0.028054021 -0.69956529
vn -0.71040088 -0.011911495 -0.70369649
vn -0.71039963 -0.011906316 -0.70369774
vn -0.71401781 -0.028054021 -0.69956529
vn 0.70603234 -0.0055060657 -0.7081582
vn 0.7070691 0.0009581662 -0.70714384
vn 0.70706934 0.00095572253 -0.70714355
vn 0.70602781 -0.005516001 -0.70816261
vn -0.70341438 -0.014037232 -0.71064144
vn -0.69956487 -0.028074645 -0.71401739
vn -0.69956487 -0.028074645 -0.71401739
vn -0.70341551 -0.014032908 -0.71064037
vn 0.71402234 -0.028081948 0.69955951
vn 0.71064365 -0.014043059 0.70341194
vn 0.71064246 -0.014038373 0.70341325
vn 0.71402234 -0.028081948 0.69955951
vn -0.70710701 2.5967288e-06 -0.70710653
vn -0.70341438 -0.014037232 -0.71064144
vn -0.70341551 -0.014032908 -0.71064037
vn -0.70710701 2.5970687e-06 -0.70710647
vn -0.70813346 -0.00099075632 0.70607793
vn -0.70726204 -0.00021774233 0.70695144
vn -0.70726269 -0.00021859669 0.70695066
vn -0.70813352 -0.0009908838 0.70607787
vn 0.70462227 -0.00909309 0.70952439
vn 0.7031709 -0.015991768 0.710841
vn 0.70317191 -0.015988236 0.71084011
vn 0.70461839 -0.0091024665 0.70952791
vn 0.71064365 -0.014043059 0.70341194
vn 0.70710558 -2.6734302e-08 0.70710796
vn 0.70710552 -2.7224397e-08 0.70710796
vn 0.71064246 -0.014038373 0.70341325
vn 0.7070691 0.0009581662 -0.70714384
vn 0.70721942 0.0023108379 -0.70699042
vn 0.70722014 0.0023081948 -0.70698971
vn 0.70706934 0.00095572253 -0.70714355
vn -0.71040088 -0.011911495 -0.70369649
vn -0.70965368 0.013496455 -0.70442146
vn -0.70964295 0.01346382 -0.7044329
vn -0.71039963 -0.011906316 -0.70369774
vn -0.70710659 9.5612222e-07 -0.70710689
vn -0.70710701 2.5967288e-06 -0.70710653
vn -0.70710701 2.5970687e-06 -0.70710647
vn -0.70710665 9.5615076e-07 -0.70710695
vn -0.70581186 0.0013069349 0.70839816
vn -0.70813346 -0.00099075632 0.70607793
vn -0.70813352 -0.0009908838 0.70607787
vn -0.70580888 0.0013094195 0.70840114
vn 0.69999892 -0.012698015 0.71403098
vn 0.70462227 -0.00909309 0.70952439
vn 0.70461839 -0.0091024665 0.70952791
vn 0.69998771 -0.012692575 0.71404201
vn 0.70710558 -2.6734302e-08 0.70710796
vn 0.70710576 1.6122516e-06 0.70710772
vn 0.70710582 1.6122364e-06 0.70710772
vn 0.70710552 -2.7224397e-08 0.70710796
vn 0.70721942 0.0023108379 -0.70699042
vn 0.70905149 0.001637507 -0.70515472
vn 0.70905358 0.0016394892 -0.70515281
vn 0.70722014 0.0023081948 -0.70698971
vn -0.70965368 0.013496455 -0.70442146
vn -0.69821894 0.0072672013 -0.71584731
vn -0.69826651 0.0073173391 -0.71580052
vn -0.70964295 0.01346382 -0.7044329
vn -0.70710552 -5.341152e-07 -0.7071079
vn -0.70710659 9.5612222e-07 -0.70710689
vn -0.70710665 9.5615076e-07 -0.70710695
vn -0.70710552 -5.3445922e-07 -0.7071079
vn -0.70185661 0.0012954277 0.71231711
vn -0.70581186 0.0013069349 0.70839816
vn -0.70580888 0.0013094195 0.70840114
vn -0.70224273 0.0016134899 0.71193576
vn 0.69996256 -0.0068319249 0.71414685
vn 0.69999892 -0.012698015 0.71403098
vn 0.69998771 -0.012692575 0.71404201
vn 0.69994897 -0.0068557593 0.71415991
vn 0.70710576 1.6122516e-06 0.70710772
vn 0.70710593 1.4012444e-06 0.7071076
vn 0.70710593 1.4006882e-06 0.70710766
vn 0.70710582 1.6122364e-06 0.70710772
vn -0.69821894 0.0072672013 -0.71584731
vn -0.69298148 -0.0029380866 -0.72094941
vn -0.6930604 -0.0028949701 -0.72087359
vn -0.69826651 0.0073173391 -0.71580052
vn 0.70905149 0.001637507 -0.70515472
vn 0.71231866 0.0012954227 -0.701855
vn 0.71193695 0.0016134831 -0.70224142
vn 0.70905358 0.0016394892 -0.70515281
vn 0.64424628 -0.41218096 -0.64424652
vn 0.69736183 -0.16545248 -0.69736075
vn 0.69736177 -0.16545251 -0.69736069
vn 0.64424628 -0.41218096 -0.64424652
vn 0.56896293 -0.59376884 -0.56896365
vn 0.64424628 -0.41218096 -0.64424652
vn 0.64424628 -0.41218096 -0.64424652
vn 0.56896293 -0.59376878 -0.56896371
vn 0.42859349 -0.79537159 -0.4285928
vn 0.56896293 -0.59376884 -0.56896365
vn 0.56896293 -0.59376878 -0.56896371
vn 0.42859328 -0.79537171 -0.42859259
vn 0.28375402 -0.91595179 -0.28375334
vn 0.42859349 -0.79537159 -0.4285928
vn 0.42859328 -0.79537171 -0.42859259
vn 0.28375411 -0.91595179 -0.28375342
vn 0.18061116 -0.96684903 -0.18050651
vn 0.28375402 -0.91595179 -0.28375334
vn 0.28375411 -0.91595179 -0.28375342
vn 0.18061112 -0.96684897 -0.18050647
vn 0.69736129 -0.16545248 0.69736123
vn 0.64424711 -0.41218016 0.64424616
vn 0.64424723 -0.41217986 0.64424628
vn 0.69736129 -0.16545248 0.69736123
vn 0.64424711 -0.41218016 0.64424616
vn 0.56896359 -0.59376878 0.56896317
vn 0.56896353 -0.59376884 0.56896317
vn 0.64424723 -0.41217986 0.64424628
vn 0.56896359 -0.59376878 0.56896317
vn 0.42858857 -0.79537636 0.42858857
vn 0.42859536 -0.79536909 0.42859536
vn 0.56896353 -0.59376884 0.56896317
vn 0.42858857 -0.79537636 0.42858857
vn 0.28438336 -0.91586715 0.28339639
vn 0.28436002 -0.91588175 0.28337258
vn 0.42859536 -0.79536909 0.42859536
vn 0.28438336 -0.91586715 0.28339639
vn 0.18164955 -0.96673101 0.18009576
vn 0.18109845 -0.96693617 0.1795488
vn 0.28436002 -0.91588175 0.28337258
vn -0.64424402 -0.41219595 -0.64423913
vn -0.6973629 -0.16545285 -0.69735962
vn -0.6973629 -0.16545285 -0.69735962
vn -0.64425004 -0.41217735 -0.64424515
vn -0.56797302 -0.59313232 -0.57061428
vn -0.64424402 -0.41219595 -0.64423913
vn -0.64425004 -0.41217735 -0.64424515
vn -0.56793886 -0.59319621 -0.57058185
vn -0.42706877 -0.79458958 -0.43155488
vn -0.56797302 -0.59313232 -0.57061428
vn -0.56793886 -0.59319621 -0.57058185
vn -0.42611527 -0.79562277 -0.43059275
vn -0.28942436 -0.91528529 -0.28015414
vn -0.42706877 -0.79458958 -0.43155488
vn -0.42611527 -0.79562277 -0.43059275
vn -0.28910306 -0.91551709 -0.27972817
vn -0.1866101 -0.96767581 -0.16964735
vn -0.28942436 -0.91528529 -0.28015414
vn -0.28910306 -0.91551709 -0.27972817
vn -0.19292843 -0.96539927 -0.17545035
vn 0.18164955 -0.96673101 0.18009576
vn 0.12415502 -0.98460549 0.12303476
vn 0.12415502 -0.98460549 0.12303476
vn 0.18109845 -0.96693617 0.1795488
vn -0.12837699 -0.98489785 -0.11617023
vn -0.1866101 -0.96767581 -0.16964735
vn -0.19292843 -0.96539927 -0.17545035
vn -0.12837699 -0.98489785 -0.11617023
vn -0.64423108 -0.41227782 0.64419967
vn -0.69736278 -0.16545261 0.69735974
vn -0.69736278 -0.16545272 0.69735974
vn -0.64427269 -0.41214767 0.64424139
vn -0.57972604 -0.59080195 0.56113356
vn -0.64423108 -0.41227782 0.64419967
vn -0.64427269 -0.41214767 0.64424139
vn -0.58014989 -0.58979082 0.56175876
vn -0.44826099 -0.79063237 0.41708824
vn -0.57972604 -0.59080195 0.56113356
vn -0.58014989 -0.58979082 0.56175876
vn -0.44257236 -0.79661644 0.41174263
vn -0.28898451 -0.91651213 0.27657458
vn -0.44826099 -0.79063237 0.41708824
vn -0.44257236 -0.79661644 0.41174263
vn -0.28860173 -0.91672087 0.27628201
vn -0.18062027 -0.96684563 0.18051577
vn -0.28898451 -0.91651213 0.27657458
vn -0.28860173 -0.91672087 0.27628201
vn -0.18056673 -0.9668656 0.18046214
vn 0.12385374 -0.98456705 -0.12364444
vn 0.18061116 -0.96684903 -0.18050651
vn 0.18061112 -0.96684897 -0.18050647
vn 0.12385374 -0.98456705 -0.12364444
vn -0.12380358 -0.98457795 0.12360828
vn -0.18062027 -0.96684563 0.18051577
vn -0.18056673 -0.9668656 0.18046214
vn -0.12380358 -0.98457795 0.12360828
vn 0.7031709 -0.015991768 0.710841
vn 0.69965082 -0.027769282 0.71394521
vn 0.69965082 -0.027769282 0.71394521
vn 0.70317191 -0.015988236 0.71084011
vn -0.70872676 0.0014733126 0.70548147
vn -0.71232069 0.0012959144 0.70185298
vn -0.71193933 0.0016140968 0.7022391
vn -0.70872927 0.0014755531 0.70547903
vn 0.70188087 -0.022076214 -0.71195227
vn 0.70603234 -0.0055060657 -0.7081582
vn 0.70602781 -0.005516001 -0.70816261
vn 0.7018953 -0.022006324 -0.71194017
vn 0.70548415 0.0014723255 -0.70872414
vn 0.70710963 -1.2902382e-06 -0.70710397
vn 0.70710963 -1.2900952e-06 -0.70710397
vn 0.70548171 0.0014745684 -0.70872658
vn -0.69710767 0.0010059616 0.71696573
vn -0.70945472 -0.0078562647 0.70470709
vn -0.70954913 -0.0078951279 0.70461184
vn -0.69713604 0.0010066205 0.7169382
vn 0.71045685 -0.013138264 -0.70361817
vn 0.71252888 -0.027786672 -0.70109236
vn 0.71252888 -0.027786672 -0.70109236
vn 0.71045709 -0.013140355 -0.70361781
vn -0.70710915 -1.1100463e-07 0.70710444
vn -0.70872676 0.0014733126 0.70548147
vn -0.70872927 0.0014755531 0.70547903
vn -0.70710909 -1.1058982e-07 0.70710444
vn -0.69950902 -0.028775627 0.71404427
vn -0.70326757 -0.014810811 0.71077091
vn -0.70327044 -0.01480005 0.7107684
vn -0.69950902 -0.028775627 0.71404427
vn 0.70710963 -1.2902382e-06 -0.70710397
vn 0.70703161 0.00014313616 -0.70718199
vn 0.70703161 0.00014314066 -0.70718205
vn 0.70710963 -1.2900952e-06 -0.70710397
vn 0.69904757 -0.035434827 -0.71419668
vn 0.70188087 -0.022076214 -0.71195227
vn 0.7018953 -0.022006324 -0.71194017
vn 0.69904757 -0.035434827 -0.71419668
vn -0.70945472 -0.0078562647 0.70470709
vn -0.73020118 -0.016546803 0.68303186
vn -0.73020118 -0.016546803 0.68303186
vn -0.70954913 -0.0078951279 0.70461184
vn -0.70703155 -0.00014498856 0.70718193
vn -0.70710915 -1.1100463e-07 0.70710444
vn -0.70710909 -1.1058982e-07 0.70710444
vn -0.70703155 -0.0001449923 0.70718199
vn 0.70703161 0.00014313616 -0.70718199
vn 0.70758998 0.00089699699 -0.70662266
vn 0.70759022 0.00089720084 -0.70662248
vn 0.70703161 0.00014314066 -0.70718205
vn -0.70318341 0.0026264926 -0.71100372
vn -0.70185345 0.0012957503 -0.71232021
vn -0.70223975 0.0016139008 -0.71193868
vn -0.70318443 0.0026269727 -0.71100265
vn 0.70548153 0.0014736782 0.70872682
vn 0.70185298 0.0012962375 0.71232069
vn 0.7022391 0.0016144977 0.71193928
vn 0.70547903 0.0014759196 0.70872927
vn -0.70691329 -0.0005625824 0.70729995
vn -0.70703155 -0.00014498856 0.70718193
vn -0.70703155 -0.0001449923 0.70718199
vn -0.70691323 -0.00056277518 0.70729995
vn 0.71231908 0.0012954344 0.70185465
vn 0.70645726 0.00032809985 0.70775574
vn 0.70646304 0.00033201746 0.70774984
vn 0.71193767 0.0016134889 0.70224077
vn 0.70758998 0.00089699699 -0.70662266
vn 0.71045685 -0.013138264 -0.70361817
vn 0.71045709 -0.013140355 -0.70361781
vn 0.70759022 0.00089720084 -0.70662248
vn -0.69298148 -0.0029380866 -0.72094941
vn -0.70318341 0.0026264926 -0.71100372
vn -0.70318443 0.0026269727 -0.71100265
vn -0.6930604 -0.0028949701 -0.72087359
vn -0.70326757 -0.014810811 0.71077091
vn -0.70691329 -0.0005625824 0.70729995
vn -0.70691323 -0.00056277518 0.70729995
vn -0.70327044 -0.01480005 0.7107684
vn 0.70710593 1.4012444e-06 0.7071076
vn 0.70548153 0.0014736782 0.70872682
vn 0.70547903 0.0014759196 0.70872927
vn 0.70710593 1.4006882e-06 0.70710766
vn 0.70645726 0.00032809985 0.70775574
vn 0.69996256 -0.0068319249 0.71414685
vn 0.69994897 -0.0068557593 0.71415991
vn 0.70646304 0.00033201746 0.70774984
vn -0.70868272 0.001463222 -0.70552588
vn -0.70710552 -5.341152e-07 -0.7071079
vn -0.70710552 -5.3445922e-07 -0.7071079
vn -0.70868999 0.0014700085 -0.70551848
vn 0.70870036 0.00010549327 -0.70550954
vn 0.70870036 0.00010549327 -0.70550954
vn 0.70870256 0.00010535712 -0.7055074
vn 0.70870256 0.00010535718 -0.70550734
vn -0.71313566 -0.008182426 0.70097828
vn -0.71313566 -0.008182426 0.70097828
vn -0.71457219 -0.0014392013 0.69956028
vn -0.71457237 -0.0014383288 0.69956005
vn 0.706779 -1.9081794e-05 0.70743442
vn 0.706779 -1.9081794e-05 0.70743442
vn 0.70678234 -1.8800942e-05 0.70743108
vn 0.70678228 -1.8800954e-05 0.70743108
vn -0.74140304 -0.67105937 -0.00087985408
vn -0.74057025 -0.67197835 -0.00087900151
vn -0.82123351 -0.57059139 -0.00096057483
vn 0.0014736041 -0.58112055 -0.81381619
vn 0.0014370757 -0.5800094 -0.8146084
vn 0.0013747531 -0.62756705 -0.77856123
vn 0.0013293449 -0.67685467 -0.73611546
vn 0.81445599 -0.58022398 0.0012857566
vn 0.73489952 -0.67817551 -0.00080814934
vn 0.70946646 -0.70473772 -0.0014170585
vn -0.0011910144 -0.58089662 0.81397647
vn -0.0010638462 -0.67794788 0.73510933
vn -0.0010641059 -0.67777193 0.73527151
vn 0.70946646 -0.70473772 -0.0014170585
vn 0.73489952 -0.67817551 -0.00080814934
vn 0.62926859 -0.77718133 -0.0031930951
vn 0.62926859 -0.77718133 -0.0031930951
vn -0.71457237 -0.0014383288 0.69956005
vn -0.71457219 -0.0014392013 0.69956028
vn -0.71735311 0.012118347 0.69660425
vn -0.70713258 1.7160433e-05 -0.7070809
vn -0.70713264 1.7159942e-05 -0.70708096
vn -0.7071321 1.7449616e-05 -0.7070815
vn 0.70870256 0.00010535718 -0.70550734
vn 0.70870256 0.00010535712 -0.7055074
vn 0.70870709 0.00010508334 -0.70550299
vn 0.70870709 0.00010508334 -0.70550299
vn 0.70678228 -1.8800954e-05 0.70743108
vn 0.70678234 -1.8800942e-05 0.70743108
vn 0.70678908 -1.8236244e-05 0.70742434
vn -0.74140304 -0.67105937 -0.00087985408
vn -0.6341145 -0.77323872 -0.00076870352
vn -0.74057025 -0.67197835 -0.00087900151
vn 0.0013747531 -0.62756705 -0.77856123
vn 0.0014370757 -0.5800094 -0.8146084
vn 0.0013571674 -0.57757545 -0.81633615
vn -0.0010638462 -0.67794788 0.73510933
vn -0.00089820172 -0.77583319 0.6309374
vn -0.0010641059 -0.67777193 0.73527151
vn 0.0013747531 -0.62756705 -0.77856123
vn 0.0011392405 -0.77386814 -0.63334578
vn 0.0013293449 -0.67685467 -0.73611546
vn -0.0065685245 -0.12363411 -0.99230617
vn -0.0059338617 -0.1320726 -0.99122238
vn -0.0073162206 -0.0073161512 -0.99994648
vn -0.0073162206 -0.0073161512 -0.99994648
vn -0.70185661 0.0012954277 0.71231711
vn -0.70224273 0.0016134899 0.71193576
vn -0.7002809 0 0.71386737
vn -0.7002809 0 0.71386737
vn 0.99155492 -0.12968744 0
vn 0.99262601 -0.1212173 0
vn 1 0 0
vn 1 0 0
vn -0.99262595 -0.12121751 -1.4543717e-06
vn -0.99155486 -0.12968782 -1.3473101e-06
vn -1 0 0
vn -1 0 0
vn -0.71193933 0.0016140968 0.7022391
vn -0.71232069 0.0012959144 0.70185298
vn -0.71387094 0 0.70027733
vn -0.71387094 0 0.70027733
vn -0.0008159366 -0.13032919 -0.99147052
vn -0.00067429018 -0.12185905 -0.99254715
vn 2.3841858e-06 0 -1
vn 2.3841858e-06 0 -1
vn -0.69736278 -0.16545272 0.69735974
vn -0.69736278 -0.16545261 0.69735974
vn -0.70710832 0 0.70710516
vn -0.70710832 0 0.70710516
vn 0.7022391 0.0016144977 0.71193928
vn 0.70185298 0.0012962375 0.71232069
vn 0.70027739 0 0.71387088
vn 0.70027739 0 0.71387088
vn 0.71193695 0.0016134831 -0.70224142
vn 0.71231866 0.0012954227 -0.701855
vn 0.71387017 0 -0.70027816
vn 0.71387017 0 -0.70027816
vn -0.00067658478 -0.12185934 0.99254715
vn -0.00081806921 -0.13032925 0.99147052
vn 0 0 1
vn 0 0 1
vn 0.69736129 -0.16545248 0.69736123
vn 0.69736129 -0.16545248 0.69736123
vn 0.70710623 0 0.70710725
vn 0.70710623 0 0.70710725
vn -0.70223975 0.0016139008 -0.71193868
vn -0.70185345 0.0012957503 -0.71232021
vn -0.70027739 0 -0.71387082
vn -0.70027739 0 -0.71387082
vn -0.99147099 -0.13032441 0.00082786474
vn -0.99254864 -0.12184702 0.00070314837
vn -1 0 0
vn -1 0 0
vn -0.6973629 -0.16545285 -0.69735962
vn -0.6973629 -0.16545285 -0.69735962
vn -0.70710778 0 -0.70710576
vn -0.70710778 0 -0.70710576
vn 0.00081995479 -0.13032876 0.99147046
vn 0.00068180839 -0.12185714 0.99254751
vn 0 0 1
vn 0 0 1
vn 0.69736177 -0.16545251 -0.69736069
vn 0.69736183 -0.16545248 -0.69736075
vn 0.70710731 0 -0.70710623
vn 0.70710731 0 -0.70710623
vn 0.99254864 -0.12184718 0.00070244831
vn 0.99147105 -0.13032497 0.00082771917
vn 1 0 0
vn 1 0 0
vn 0.71231908 0.0012954344 0.70185465
vn 0.71193767 0.0016134889 0.70224077
vn 0.71386945 0 0.70027882
vn 0.71386945 0 0.70027882
vn -0.70713288 1.7015838e-05 -0.70708066
vn -0.70713288 1.7015838e-05 -0.70708066
vn -0.70713264 1.7159942e-05 -0.70708096
vn -0.70713258 1.7160433e-05 -0.7070809
vn 0 -0.93788505 -0.34694618
vn 0 -0.85065001 -0.52573228
vn 0 -0.85065007 -0.5257324
vn 0 -0.93788505 -0.34694606
vn 4.1332834e-07 -0.68721485 -0.72645426
vn 0.00077691191 -0.46619198 -0.88468331
vn 0.0010399632 -0.46589363 -0.88484013
vn 8.2665491e-07 -0.68721503 -0.72645402
vn 7.9743932e-06 -0.30541158 -0.95222038
vn -0.0059338617 -0.1320726 -0.99122238
vn -0.0065685245 -0.12363411 -0.99230617
vn -0.0018619782 -0.30562747 -0.95214927
vn -0.71229255 0.0012874482 -0.70188159
vn -0.70868272 0.001463222 -0.70552588
vn -0.70868999 0.0014700085 -0.70551848
vn -0.71189809 0.0016087452 -0.702281
vn -1.2197594e-07 -0.85065001 0.52573234
vn 0 -0.68721557 0.72645342
vn 0 -0.73025906 0.68317032
vn -3.5086072e-07 -0.87079531 0.49164578
vn 0 -0.68721557 0.72645342
vn 0.00077636109 -0.46619225 0.88468307
vn 0.00037861266 -0.490242 0.87158614
vn 0 -0.73025906 0.68317032
vn -0.71387035 -3.5375072e-07 -0.70027786
vn -0.71229255 0.0012874482 -0.70188159
vn -0.71189809 0.0016087452 -0.702281
vn -0.71387035 -3.5375072e-07 -0.70027786
vn 0 -0.85065001 -0.52573228
vn 4.1332834e-07 -0.68721485 -0.72645426
vn 8.2665491e-07 -0.68721503 -0.72645402
vn 0 -0.85065007 -0.5257324
vn 0.00077691191 -0.46619198 -0.88468331
vn 7.9743932e-06 -0.30541158 -0.95222038
vn -0.0018619782 -0.30562747 -0.95214927
vn 0.0010399632 -0.46589363 -0.88484013
vn -1.2221281e-07 -0.93788499 0.34694642
vn -1.2197594e-07 -0.85065001 0.52573234
vn -3.5086072e-07 -0.87079531 0.49164578
vn -1.2903641e-07 -0.95456052 0.2980172
vn 0 -1 2.8357152e-07
vn -1.2221281e-07 -0.93788499 0.34694642
vn -1.2903641e-07 -0.95456052 0.2980172
vn 0 -1 -9.5932322e-08
vn 0 -1 2.8357152e-07
vn 0 -0.93788505 -0.34694618
vn 0 -0.93788505 -0.34694606
vn 0 -1 5.5736473e-07
vn 0.00077636109 -0.46619225 0.88468307
vn 0.0017896974 -0.30789056 0.95142013
vn 0.0016976037 -0.32050905 0.94724393
vn 0.00037861266 -0.490242 0.87158614
vn 0.0017896974 -0.30789056 0.95142013
vn 0.00081995479 -0.13032876 0.99147046
vn 0.0016976037 -0.32050905 0.94724393
vn 0.72645366 -0.68721533 0
vn 0.52645439 -0.85020334 1.2381844e-07
vn 0.49268928 -0.87020528 3.5623873e-07
vn 0.68317044 -0.730259 0
vn 0.99147105 -0.13032497 0.00082771917
vn 0.95141613 -0.30790272 0.0017894196
vn 0.94723719 -0.32052907 0.0016564549
vn 0.52645439 -0.85020334 1.2381844e-07
vn 0.34727791 -0.9377622 2.0948718e-07
vn 0.29769543 -0.95466095 3.8194329e-07
vn 0.49268928 -0.87020528 3.5623873e-07
vn -0.3469463 -0.93788499 -1.2799907e-07
vn -0.00049537717 -0.99999994 1.9683434e-08
vn -0.00049445825 -0.99999994 0
vn -0.34694636 -0.93788499 0
vn -0.52573246 -0.85064995 -6.1704341e-08
vn -0.3469463 -0.93788499 -1.2799907e-07
vn -0.34694636 -0.93788499 0
vn -0.52573282 -0.85064977 0
vn -0.88467318 -0.46621108 0.00075757608
vn -0.72645342 -0.68721575 0
vn -0.72645336 -0.68721575 0
vn -0.88482839 -0.46591583 0.0010394143
vn -0.99147099 -0.13032441 0.00082786474
vn -0.95141625 -0.3079024 0.0017866173
vn -0.95161057 -0.30730167 0.0017335896
vn -0.99254864 -0.12184702 0.00070314837
vn 0.70185387 0.0012957521 -0.71231985
vn 0.70548415 0.0014723255 -0.70872414
vn 0.70548171 0.0014745684 -0.70872658
vn 0.70223999 0.0016138935 -0.71193844
vn 0.95141613 -0.30790272 0.0017894196
vn 0.88467336 -0.46621075 0.0007584609
vn 0.87158 -0.49025318 0.00035202396
vn 0.94723719 -0.32052907 0.0016564549
vn 0.88467336 -0.46621075 0.0007584609
vn 0.72645366 -0.68721533 0
vn 0.68317044 -0.730259 0
vn 0.87158 -0.49025318 0.00035202396
vn 0.34727791 -0.9377622 2.0948718e-07
vn -0.00049537717 -0.99999994 1.9683434e-08
vn -0.00018711957 -1 3.9751736e-08
vn 0.29769543 -0.95466095 3.8194329e-07
vn -0.72645342 -0.68721575 0
vn -0.52573246 -0.85064995 -6.1704341e-08
vn -0.52573282 -0.85064977 0
vn -0.72645336 -0.68721575 0
vn -0.95141625 -0.3079024 0.0017866173
vn -0.88467318 -0.46621108 0.00075757608
vn -0.88482839 -0.46591583 0.0010394143
vn -0.95161057 -0.30730167 0.0017335896
vn 0.7002781 0 -0.71387017
vn 0.70185387 0.0012957521 -0.71231985
vn 0.70223999 0.0016138935 -0.71193844
vn 0.7002781 0 -0.71387017
vn 8.4182352e-07 -0.68636858 -0.72725385
vn -0.00077830371 -0.46405458 -0.88580626
vn -0.00038381104 -0.4876067 -0.87306333
vn 0 -0.73040599 -0.68301326
vn -0.00077830371 -0.46405458 -0.88580626
vn -0.0017888198 -0.3078872 -0.9514212
vn -0.0017076205 -0.3205041 -0.9472456
vn -0.00038381104 -0.4876067 -0.87306333
vn 5.4851e-07 -0.93788528 -0.34694555
vn 5.473878e-07 -0.85130399 -0.52467275
vn -3.4972996e-07 -0.87110496 -0.49109676
vn -1.2869718e-07 -0.95456064 -0.298017
vn -5.9846428e-07 -0.85065025 0.52573204
vn -1.0240315e-06 -0.68721533 0.72645378
vn -1.209453e-06 -0.68721473 0.72645438
vn -1.1969286e-06 -0.85065001 0.5257324
vn -0.00078072184 -0.4661873 0.8846857
vn -0.001790327 -0.3078869 0.95142126
vn -0.0017063796 -0.30728543 0.95161581
vn -0.0010388122 -0.46588838 0.88484287
vn 0 -0.93788499 0.34694627
vn -5.9846428e-07 -0.85065025 0.52573204
vn -1.1969286e-06 -0.85065001 0.5257324
vn 0 -0.93788505 0.34694603
vn 0 -1 -1.075616e-07
vn 5.4851e-07 -0.93788528 -0.34694555
vn -1.2869718e-07 -0.95456064 -0.298017
vn 0 -1 1.8227146e-07
vn -0.0017888198 -0.3078872 -0.9514212
vn -0.0008159366 -0.13032919 -0.99147052
vn -0.0017076205 -0.3205041 -0.9472456
vn 5.473878e-07 -0.85130399 -0.52467275
vn 8.4182352e-07 -0.68636858 -0.72725385
vn 0 -0.73040599 -0.68301326
vn -3.4972996e-07 -0.87110496 -0.49109676
vn 0 -1 -1.075616e-07
vn 0 -0.93788499 0.34694627
vn 0 -0.93788505 0.34694603
vn 0 -1 -9.3871944e-07
vn -1.0240315e-06 -0.68721533 0.72645378
vn -0.00078072184 -0.4661873 0.8846857
vn -0.0010388122 -0.46588838 0.88484287
vn -1.209453e-06 -0.68721473 0.72645438
vn -0.001790327 -0.3078869 0.95142126
vn -0.00081806921 -0.13032925 0.99147052
vn -0.00067658478 -0.12185934 0.99254715
vn -0.0017063796 -0.30728543 0.95161581
vn -0.88448322 -0.46657199 0
vn -0.72645372 -0.68721533 0
vn -0.68317062 -0.73025876 0
vn -0.87155318 -0.49030089 0
vn 0.72645396 -0.68721509 4.3541164e-07
vn 0.52573216 -0.85065019 5.643596e-07
vn 0.52573192 -0.85065025 6.062599e-07
vn 0.72645372 -0.68721551 6.1260499e-07
vn 0.95143706 -0.30784318 -1.0994309e-07
vn 0.88448298 -0.46657246 -1.1025467e-07
vn 0.88448316 -0.4665722 0
vn 0.95143712 -0.30784315 0
vn 0.34694573 -0.93788522 1.8690807e-07
vn -2.6890402e-07 -1 1.706592e-08
vn -2.6401483e-07 -0.99999994 0
vn 0.34694573 -0.93788522 0
vn -0.72645372 -0.68721533 0
vn -0.52573162 -0.85065049 -9.1853373e-08
vn -0.49199304 -0.87059915 -2.6340228e-07
vn -0.68317062 -0.73025876 0
vn -0.99155486 -0.12968782 -1.3473101e-06
vn -0.951437 -0.30784348 -7.2643979e-07
vn -0.94743925 -0.31993559 0
vn -0.52573162 -0.85065049 -9.1853373e-08
vn -0.34694585 -0.93788522 -1.2856796e-07
vn -0.29880053 -0.9543156 -2.0538334e-07
vn -0.49199304 -0.87059915 -2.6340228e-07
vn -0.951437 -0.30784348 -7.2643979e-07
vn -0.88448322 -0.46657199 0
vn -0.87155318 -0.49030089 0
vn -0.94743925 -0.31993559 0
vn -0.34694585 -0.93788522 -1.2856796e-07
vn -2.6890402e-07 -1 1.706592e-08
vn 0.0038286413 -0.99999267 3.6947768e-08
vn -0.29880053 -0.9543156 -2.0538334e-07
vn 0.88448298 -0.46657246 -1.1025467e-07
vn 0.72645396 -0.68721509 4.3541164e-07
vn 0.72645372 -0.68721551 6.1260499e-07
vn 0.88448316 -0.4665722 0
vn 0.99155492 -0.12968744 0
vn 0.95143706 -0.30784318 -1.0994309e-07
vn 0.95143712 -0.30784315 0
vn 0.99262601 -0.1212173 0
vn 0.52573216 -0.85065019 5.643596e-07
vn 0.34694573 -0.93788522 1.8690807e-07
vn 0.34694573 -0.93788522 0
vn 0.52573192 -0.85065025 6.062599e-07
vn 0.34727734 -0.93776244 0
vn -0.00049558259 -0.99999994 0
vn -0.00049606658 -0.99999994 1.1598414e-07
vn 0.34727758 -0.93776232 2.2358348e-07
vn 0 -0.95456046 -0.29801723
vn 0 -0.87079555 -0.49164522
vn 0 -0.85065025 -0.5257321
vn 0 -0.93788511 -0.34694579
vn 0 -0.87079555 -0.49164522
vn 0 -0.73025882 -0.6831705
vn 4.1332848e-07 -0.68721473 -0.72645438
vn 0 -0.85065025 -0.5257321
vn 0 -0.73025882 -0.6831705
vn 0.00037819444 -0.49024138 -0.87158656
vn 0.00077675993 -0.46619231 -0.88468313
vn 4.1332848e-07 -0.68721473 -0.72645438
vn 0.00037819444 -0.49024138 -0.87158656
vn 0.0016701145 -0.31768918 -0.94819343
vn 7.6310034e-06 -0.30541104 -0.95222056
vn 0.00077675993 -0.46619231 -0.88468313
vn 0.0016701145 -0.31768918 -0.94819343
vn -0.0059336247 -0.1320717 -0.99122244
vn 7.6310034e-06 -0.30541104 -0.95222056
vn 1.9868206e-07 -1 3.2616984e-07
vn 4.1362705e-07 -0.9545604 0.29801738
vn -4.5155892e-07 -0.93788499 0.34694621
vn 9.9340973e-08 -1 -3.2757404e-07
vn 0.4916451 -0.87079573 3.4912182e-07
vn 0.52573222 -0.85065007 7.7564874e-07
vn 0.72645396 -0.68721509 9.1383743e-07
vn 0.68317074 -0.7302587 0
vn 0.68317074 -0.7302587 0
vn 0.72645396 -0.68721509 9.1383743e-07
vn 0.88448322 -0.46657202 9.5123829e-07
vn 0.87155294 -0.4903014 0
vn 0.87155294 -0.4903014 0
vn 0.88448322 -0.46657202 9.5123829e-07
vn 0.95143712 -0.3078433 9.6876545e-07
vn 0.94743937 -0.3199355 0
vn 0.94743937 -0.3199355 0
vn 0.95143712 -0.3078433 9.6876545e-07
vn 0.99155492 -0.12968785 2.0576322e-06
vn 1.3408041e-06 -0.93788499 -0.3469463
vn 2.5308727e-06 -0.85130394 -0.52467293
vn 1.2654374e-06 -0.85130411 -0.52467263
vn 6.704019e-07 -0.93788499 -0.34694642
vn 0 -1 1.1147293e-06
vn 0 -0.93788511 0.34694603
vn -1.2221288e-07 -0.93788505 0.34694618
vn 0 -1 6.209238e-07
vn -0.29801756 -0.95456034 -1.0145327e-07
vn -0.34694612 -0.93788511 -7.9085872e-08
vn -0.52573192 -0.85065031 -9.1521166e-08
vn -0.49100593 -0.87115628 -2.2520651e-07
vn -0.49100593 -0.87115628 -2.2520651e-07
vn -0.52573192 -0.85065031 -9.1521166e-08
vn -0.7264536 -0.68721545 -2.2335039e-08
vn -0.68436694 -0.72913784 -6.0075912e-08
vn -0.68436694 -0.72913784 -6.0075912e-08
vn -0.7264536 -0.68721545 -2.2335039e-08
vn -0.88467324 -0.46621084 0.00075820956
vn -0.87194908 -0.48959646 0.00035534194
vn -0.87194908 -0.48959646 0.00035534194
vn -0.88467324 -0.46621084 0.00075820956
vn -0.95141613 -0.30790266 0.0017893784
vn -0.94723731 -0.32052881 0.0016567616
vn -0.94723731 -0.32052881 0.0016567616
vn -0.95141613 -0.30790266 0.0017893784
vn -0.99147093 -0.13032475 0.00082747114
vn 0 -1 -2.0145789e-07
vn 0 -0.95456046 -0.29801723
vn 0 -0.93788511 -0.34694579
vn 0 -1 6.209238e-07
vn 1.5836294e-07 -0.87079561 0.49164516
vn -1.2754999e-06 -0.73025948 0.6831699
vn -1.6403444e-06 -0.68721551 0.72645348
vn -7.184376e-07 -0.85065019 0.5257321
vn -1.2754999e-06 -0.73025948 0.6831699
vn -0.00038707213 -0.4902395 0.87158763
vn -0.00078287651 -0.46618798 0.88468528
vn -1.6403444e-06 -0.68721551 0.72645348
vn -0.00038707213 -0.4902395 0.87158763
vn -0.0017105101 -0.32050437 0.94724548
vn -0.0017926114 -0.30788711 0.9514212
vn -0.00078287651 -0.46618798 0.88468528
vn -0.0017105101 -0.32050437 0.94724548
vn -0.00082080666 -0.1303291 0.99147046
vn -0.0017926114 -0.30788711 0.9514212
vn 4.1362705e-07 -0.9545604 0.29801738
vn 1.5836294e-07 -0.87079561 0.49164516
vn -7.184376e-07 -0.85065019 0.5257321
vn -4.5155892e-07 -0.93788499 0.34694621
vn 0.0010391449 -0.46589366 0.88484007
vn 0.0017119444 -0.30728817 0.95161498
vn 0.0017904497 -0.30789006 0.95142037
vn 0.00077615166 -0.46619198 0.88468313
vn 0 -0.85065037 0.5257318
vn 0 -0.68721527 0.72645372
vn -2.1117864e-07 -0.68721533 0.72645372
vn -1.2197593e-07 -0.85065031 0.5257321
vn 0.0017119444 -0.30728817 0.95161498
vn 0.00068181049 -0.12185699 0.99254751
vn 0.0008201591 -0.13032846 0.99147052
vn 0.0017904497 -0.30789006 0.95142037
vn 0 -0.68721527 0.72645372
vn 0.0010391449 -0.46589366 0.88484007
vn 0.00077615166 -0.46619198 0.88468313
vn -2.1117864e-07 -0.68721533 0.72645372
vn 0.29801747 -0.9545604 3.9881652e-07
vn 0.346946 -0.93788511 5.643364e-07
vn 0.52573222 -0.85065007 7.7564874e-07
vn 0.4916451 -0.87079573 3.4912182e-07
vn 0.95161045 -0.30730221 0.0017334921
vn 0.88482863 -0.46591547 0.0010396715
vn 0.88467336 -0.46621075 0.00075828674
vn 0.95141608 -0.30790305 0.0017894401
vn 0.7264542 -0.68721479 0
vn 0.52645391 -0.85020363 0
vn 0.52645433 -0.85020339 1.0060251e-07
vn 0.72645408 -0.68721497 0
vn 0 -1 -7.5293121e-07
vn 1.3408041e-06 -0.93788499 -0.3469463
vn 6.704019e-07 -0.93788499 -0.34694642
vn 9.9340973e-08 -1 -3.2757404e-07
vn 0.99254864 -0.12184691 0.00070279679
vn 0.95161045 -0.30730221 0.0017334921
vn 0.95141608 -0.30790305 0.0017894401
vn 0.99147099 -0.13032465 0.0008280552
vn 0.88482863 -0.46591547 0.0010396715
vn 0.7264542 -0.68721479 0
vn 0.72645408 -0.68721497 0
vn 0.88467336 -0.46621075 0.00075828674
vn 0.52645391 -0.85020363 0
vn 0.34727734 -0.93776244 0
vn 0.34727758 -0.93776232 2.2358348e-07
vn 0.52645433 -0.85020339 1.0060251e-07
vn -0.0017070161 -0.30728588 -0.95161581
vn -0.00067694584 -0.12185941 -0.99254715
vn -0.00081840635 -0.13032968 -0.9914704
vn -0.0017903767 -0.30788836 -0.95142078
vn 1.2061967e-06 -0.68636858 -0.72725379
vn -0.0010388326 -0.46375579 -0.88596261
vn -0.00077997416 -0.4640545 -0.88580626
vn 6.0309799e-07 -0.68636853 -0.72725385
vn 0 -0.93788511 0.34694603
vn 0 -0.85065037 0.5257318
vn -1.2197593e-07 -0.85065031 0.5257321
vn -1.2221288e-07 -0.93788505 0.34694618
vn -0.0010388326 -0.46375579 -0.88596261
vn -0.0017070161 -0.30728588 -0.95161581
vn -0.0017903767 -0.30788836 -0.95142078
vn -0.00077997416 -0.4640545 -0.88580626
vn 2.5308727e-06 -0.85130394 -0.52467293
vn 1.2061967e-06 -0.68636858 -0.72725379
vn 6.0309799e-07 -0.68636853 -0.72725385
vn 1.2654374e-06 -0.85130411 -0.52467263
vn -0.00018724408 -1 2.3230429e-07
vn -0.00049606658 -0.99999994 1.1598414e-07
vn -0.34694612 -0.93788511 -7.9085872e-08
vn -0.29801756 -0.95456034 -1.0145327e-07
vn -0.99262601 -0.12121726 0
vn -0.95143712 -0.30784315 0
vn -0.95143688 -0.3078438 -2.7615175e-07
vn -0.99155486 -0.12968758 -4.0081453e-08
vn -0.88448328 -0.46657181 0
vn -0.72645438 -0.68721479 1.5315112e-07
vn -0.72645402 -0.68721503 -4.0057493e-08
vn -0.88448322 -0.46657202 -1.8971494e-07
vn -0.52573222 -0.85065007 2.7865659e-07
vn -0.34694588 -0.93788511 1.2733824e-07
vn -0.34694606 -0.93788511 -9.0046107e-08
vn -0.52573222 -0.85065007 -2.0238458e-08
vn 0.0038295959 -0.99999267 7.4720134e-08
vn 1.8089906e-07 -1 1.1166436e-07
vn 0.346946 -0.93788511 5.643364e-07
vn 0.29801747 -0.9545604 3.9881652e-07
vn -0.95143712 -0.30784315 0
vn -0.88448328 -0.46657181 0
vn -0.88448322 -0.46657202 -1.8971494e-07
vn -0.95143688 -0.3078438 -2.7615175e-07
vn -0.72645438 -0.68721479 1.5315112e-07
vn -0.52573222 -0.85065007 2.7865659e-07
vn -0.52573222 -0.85065007 -2.0238458e-08
vn -0.72645402 -0.68721503 -4.0057493e-08
vn -0.34694588 -0.93788511 1.2733824e-07
vn -6.0625672e-07 -1 1.5331152e-07
vn 1.8089906e-07 -1 1.1166436e-07
vn -0.34694606 -0.93788511 -9.0046107e-08
vn -0.70726264 -0.00021397877 0.70695084
vn -0.69711012 0.0010088419 0.71696329
vn -0.69713849 0.0010095092 0.71693587
vn -0.70726341 -0.00021483825 0.70695013
vn -0.71401727 -0.028055592 -0.69956559
vn -0.71040022 -0.011912744 -0.70369709
vn -0.71039909 -0.011907629 -0.7036984
vn -0.71401727 -0.028055592 -0.69956559
vn 0.70603126 -0.0055056666 -0.70815921
vn 0.70706815 0.00095822552 -0.7071448
vn 0.70706838 0.00095575571 -0.7071445
vn 0.70602679 -0.0055155838 -0.70816356
vn -0.70341283 -0.014040206 -0.71064281
vn -0.69956154 -0.028077241 -0.71402055
vn -0.69956154 -0.028077241 -0.71402055
vn -0.70341396 -0.014035815 -0.71064162
vn 0.71402013 -0.028084552 0.69956154
vn 0.71064496 -0.01404582 0.70341051
vn 0.71064395 -0.014041246 0.70341176
vn 0.71402013 -0.028084552 0.69956154
vn -0.70710635 -1.9122454e-06 -0.70710719
vn -0.70341283 -0.014040206 -0.71064281
vn -0.70341396 -0.014035815 -0.71064162
vn -0.70710641 -1.9113068e-06 -0.70710713
vn -0.70813423 -0.00098962372 0.7060771
vn -0.70726264 -0.00021397877 0.70695084
vn -0.70726341 -0.00021483825 0.70695013
vn -0.70813429 -0.00098975492 0.70607704
vn 0.70462209 -0.009096534 0.70952439
vn 0.7031697 -0.015995866 0.71084213
vn 0.70317072 -0.015992306 0.71084118
vn 0.70461839 -0.009105932 0.70952803
vn 0.71064496 -0.01404582 0.70341051
vn 0.70710957 -2.0191883e-06 0.70710391
vn 0.70710963 -2.0201958e-06 0.70710403
vn 0.71064395 -0.014041246 0.70341176
vn 0.70706815 0.00095822552 -0.7071448
vn 0.70721626 0.0023121291 -0.70699346
vn 0.70721698 0.0023094937 -0.70699281
vn 0.70706838 0.00095575571 -0.7071445
vn -0.71040022 -0.011912744 -0.70369709
vn -0.70965302 0.013495711 -0.70442218
vn -0.70964241 0.01346309 -0.7044335
vn -0.71039909 -0.011907629 -0.7036984
vn -0.70710427 -1.1561133e-06 -0.70710927
vn -0.70710635 -1.9122454e-06 -0.70710719
vn -0.70710641 -1.9113068e-06 -0.70710713
vn -0.70710433 -1.1561921e-06 -0.70710927
vn -0.70581114 0.0013073022 0.70839876
vn -0.70813423 -0.00098962372 0.7060771
vn -0.70813429 -0.00098975492 0.70607704
vn -0.70580828 0.0013097834 0.70840174
vn 0.69999915 -0.012698697 0.7140308
vn 0.70462209 -0.009096534 0.70952439
vn 0.70461839 -0.009105932 0.70952803
vn 0.69998807 -0.012693258 0.71404177
vn 0.70710957 -2.0191883e-06 0.70710391
vn 0.70710659 -7.5612638e-07 0.70710695
vn 0.70710671 -7.5610649e-07 0.70710695
vn 0.70710963 -2.0201958e-06 0.70710403
vn 0.70721626 0.0023121291 -0.70699346
vn 0.70905107 0.0016387809 -0.70515513
vn 0.70905304 0.0016407645 -0.70515329
vn 0.70721698 0.0023094937 -0.70699281
vn -0.70965302 0.013495711 -0.70442218
vn -0.69821781 0.0072673983 -0.71584845
vn -0.69826531 0.0073174485 -0.71580166
vn -0.70964241 0.01346309 -0.7044335
vn -0.70710403 -3.1210467e-07 -0.70710945
vn -0.70710427 -1.1561133e-06 -0.70710927
vn -0.70710433 -1.1561921e-06 -0.70710927
vn -0.70710409 -3.1327701e-07 -0.70710945
vn -0.70185214 0.0012957508 0.71232152
vn -0.70581114 0.0013073022 0.70839876
vn -0.70580828 0.0013097834 0.70840174
vn -0.70223862 0.0016138917 0.71193993
vn 0.69996244 -0.0068309261 0.71414703
vn 0.69999915 -0.012698697 0.7140308
vn 0.69998807 -0.012693258 0.71404177
vn 0.69994873 -0.0068547577 0.71416014
vn 0.70710659 -7.5612638e-07 0.70710695
vn 0.70710582 3.1210587e-07 0.70710778
vn 0.70710582 3.1328355e-07 0.70710778
vn 0.70710671 -7.5610649e-07 0.70710695
vn -0.69821781 0.0072673983 -0.71584845
vn -0.69297945 -0.0029366349 -0.72095132
vn -0.69305837 -0.0028935075 -0.72087562
vn -0.69826531 0.0073174485 -0.71580166
vn 0.70905107 0.0016387809 -0.70515513
vn 0.71232051 0.0012960741 -0.70185322
vn 0.7119391 0.0016142945 -0.70223939
vn 0.70905304 0.0016407645 -0.70515329
vn 0.64424598 -0.41218153 -0.64424646
vn 0.69736063 -0.16545264 -0.69736195
vn 0.69736058 -0.16545267 -0.69736189
vn 0.64424604 -0.4121815 -0.6442464
vn 0.56896323 -0.59376997 -0.56896234
vn 0.64424598 -0.41218153 -0.64424646
vn 0.64424604 -0.4121815 -0.6442464
vn 0.56896311 -0.59377003 -0.56896222
vn 0.42859238 -0.79537231 -0.42859232
vn 0.56896323 -0.59376997 -0.56896234
vn 0.56896311 -0.59377003 -0.56896222
vn 0.42859238 -0.79537231 -0.42859238
vn 0.28375196 -0.91595221 -0.28375381
vn 0.42859238 -0.79537231 -0.42859232
vn 0.42859238 -0.79537231 -0.42859238
vn 0.28375211 -0.91595221 -0.28375399
vn 0.18060829 -0.96684945 -0.18050723
vn 0.28375196 -0.91595221 -0.28375381
vn 0.28375211 -0.91595221 -0.28375399
vn 0.18060845 -0.96684933 -0.18050736
vn 0.69736314 -0.16545273 0.69735938
vn 0.644247 -0.41218039 0.64424616
vn 0.64424711 -0.41217995 0.64424628
vn 0.69736314 -0.16545285 0.69735938
vn 0.644247 -0.41218039 0.64424616
vn 0.56896424 -0.59376848 0.56896275
vn 0.56896412 -0.59376872 0.56896269
vn 0.64424711 -0.41217995 0.64424628
vn 0.56896424 -0.59376848 0.56896275
vn 0.42858934 -0.79537612 0.42858857
vn 0.42859605 -0.79536867 0.42859527
vn 0.56896412 -0.59376872 0.56896269
vn 0.42858934 -0.79537612 0.42858857
vn 0.28438345 -0.91586685 0.28339735
vn 0.28436026 -0.9158814 0.28337365
vn 0.42859605 -0.79536867 0.42859527
vn 0.28438345 -0.91586685 0.28339735
vn 0.18164973 -0.96673083 0.18009664
vn 0.18109857 -0.96693599 0.17954965
vn 0.28436026 -0.9158814 0.28337365
vn -0.64424306 -0.41219577 -0.64424014
vn -0.69736135 -0.1654519 -0.69736141
vn -0.69736135 -0.16545179 -0.69736135
vn -0.64424902 -0.41217726 -0.64424616
vn -0.56797242 -0.59313428 -0.57061285
vn -0.64424306 -0.41219577 -0.64424014
vn -0.64424902 -0.41217726 -0.64424616
vn -0.56793827 -0.59319812 -0.57058054
vn -0.4270677 -0.79459059 -0.43155411
vn -0.56797242 -0.59313428 -0.57061285
vn -0.56793827 -0.59319812 -0.57058054
vn -0.42611456 -0.7956233 -0.43059242
vn -0.28942537 -0.91528481 -0.28015471
vn -0.4270677 -0.79459059 -0.43155411
vn -0.42611456 -0.7956233 -0.43059242
vn -0.28910416 -0.91551656 -0.27972883
vn -0.18660977 -0.96767569 -0.16964823
vn -0.28942537 -0.91528481 -0.28015471
vn -0.28910416 -0.91551656 -0.27972883
vn -0.19292836 -0.96539921 -0.1754512
vn 0.18164973 -0.96673083 0.18009664
vn 0.12415517 -0.98460537 0.12303531
vn 0.12415517 -0.98460537 0.12303531
vn 0.18109857 -0.96693599 0.17954965
vn -0.12837429 -0.98489809 -0.11617115
vn -0.18660977 -0.96767569 -0.16964823
vn -0.19292836 -0.96539921 -0.1754512
vn -0.12837429 -0.98489809 -0.11617115
vn -0.64422983 -0.41227803 0.64420086
vn -0.69736177 -0.16545276 0.69736081
vn -0.69736177 -0.16545273 0.69736069
vn -0.64427149 -0.41214776 0.64424253
vn -0.57972568 -0.59080184 0.56113392
vn -0.64422983 -0.41227803 0.64420086
vn -0.64427149 -0.41214776 0.64424253
vn -0.58014953 -0.58979076 0.56175911
vn -0.44826174 -0.79063171 0.41708863
vn -0.57972568 -0.59080184 0.56113392
vn -0.58014953 -0.58979076 0.56175911
vn -0.44257253 -0.79661638 0.41174251
vn -0.28898582 -0.91651148 0.27657518
vn -0.44826174 -0.79063171 0.41708863
vn -0.44257253 -0.79661638 0.41174251
vn -0.28860325 -0.91672015 0.27628279
vn -0.18062165 -0.96684527 0.18051648
vn -0.28898582 -0.91651148 0.27657518
vn -0.28860325 -0.91672015 0.27628279
vn -0.18056808 -0.9668653 0.18046281
vn 0.12385083 -0.98456717 -0.12364596
vn 0.18060829 -0.96684945 -0.18050723
vn 0.18060845 -0.96684933 -0.18050736
vn 0.12385083 -0.98456717 -0.12364596
vn -0.12380346 -0.98457772 0.12360926
vn -0.18062165 -0.96684527 0.18051648
vn -0.18056808 -0.9668653 0.18046281
vn -0.12380346 -0.98457772 0.12360926
vn 0.7031697 -0.015995866 0.71084213
vn 0.69964904 -0.027773891 0.71394658
vn 0.69964904 -0.027773891 0.71394658
vn 0.70317072 -0.015992306 0.71084118
vn -0.70872581 0.0014730305 0.70548248
vn -0.71231925 0.0012954267 0.70185441
vn -0.71193796 0.0016134883 0.70224065
vn -0.70872819 0.001475259 0.70548004
vn 0.70187873 -0.02207464 -0.71195418
vn 0.70603126 -0.0055056666 -0.70815921
vn 0.70602679 -0.0055155838 -0.70816356
vn 0.70189327 -0.022004826 -0.7119422
vn 0.70548189 0.001472941 -0.70872635
vn 0.70710653 2.6705774e-07 -0.70710701
vn 0.70710659 2.6722876e-07 -0.70710707
vn 0.70547938 0.0014751755 -0.70872891
vn -0.69711012 0.0010088419 0.71696329
vn -0.70945615 -0.0078567676 0.70470572
vn -0.7095505 -0.0078956513 0.70461041
vn -0.69713849 0.0010095092 0.71693587
vn 0.7104547 -0.01313796 -0.70362031
vn 0.71252745 -0.027785027 -0.70109391
vn 0.71252745 -0.027785027 -0.70109391
vn 0.710455 -0.013140024 -0.70361996
vn -0.70710772 -2.2200709e-07 0.70710588
vn -0.70872581 0.0014730305 0.70548248
vn -0.70872819 0.001475259 0.70548004
vn -0.70710772 -2.2118402e-07 0.70710588
vn -0.69950855 -0.028779591 0.71404451
vn -0.70326728 -0.014812824 0.71077114
vn -0.70327014 -0.014802001 0.71076858
vn -0.69950855 -0.028779591 0.71404451
vn 0.70710653 2.6705774e-07 -0.70710701
vn 0.70703113 0.00014341391 -0.70718241
vn 0.70703113 0.00014341841 -0.70718247
vn 0.70710659 2.6722876e-07 -0.70710707
vn 0.69904554 -0.035434011 -0.71419871
vn 0.70187873 -0.02207464 -0.71195418
vn 0.70189327 -0.022004826 -0.7119422
vn 0.69904554 -0.035434011 -0.71419871
vn -0.70945615 -0.0078567676 0.70470572
vn -0.73020035 -0.016548337 0.68303263
vn -0.73020035 -0.016548337 0.68303263
vn -0.7095505 -0.0078956513 0.70461041
vn -0.70703173 -0.00014512728 0.70718181
vn -0.70710772 -2.2200709e-07 0.70710588
vn -0.70710772 -2.2118402e-07 0.70710588
vn -0.70703173 -0.00014513124 0.70718175
vn 0.70703113 0.00014341391 -0.70718241
vn 0.70758969 0.00089601497 -0.70662296
vn 0.70758992 0.0008962173 -0.70662272
vn 0.70703113 0.00014341841 -0.70718247
vn -0.70318145 0.0026277369 -0.71100569
vn -0.70185184 0.001295912 -0.71232176
vn -0.70223808 0.0016141023 -0.71194035
vn -0.70318246 0.0026282158 -0.71100461
vn 0.70548189 0.0014746638 0.70872641
vn 0.70185131 0.0012963956 0.71232235
vn 0.70223761 0.0016146955 0.71194077
vn 0.7054795 0.0014768977 0.70872891
vn -0.70691454 -0.00056234398 0.7072987
vn -0.70703173 -0.00014512728 0.70718181
vn -0.70703173 -0.00014513124 0.70718175
vn -0.70691454 -0.00056253519 0.70729876
vn 0.71231925 0.0012955932 0.70185447
vn 0.70645714 0.00032828748 0.70775568
vn 0.70646298 0.00033220756 0.70774996
vn 0.71193784 0.0016136956 0.70224053
vn 0.70758969 0.00089601497 -0.70662296
vn 0.7104547 -0.01313796 -0.70362031
vn 0.710455 -0.013140024 -0.70361996
vn 0.70758992 0.0008962173 -0.70662272
vn -0.69297945 -0.0029366349 -0.72095132
vn -0.70318145 0.0026277369 -0.71100569
vn -0.70318246 0.0026282158 -0.71100461
vn -0.69305837 -0.0028935075 -0.72087562
vn -0.70326728 -0.014812824 0.71077114
vn -0.70691454 -0.00056234398 0.7072987
vn -0.70691454 -0.00056253519 0.70729876
vn -0.70327014 -0.014802001 0.71076858
vn 0.70710582 3.1210587e-07 0.70710778
vn 0.70548189 0.0014746638 0.70872641
vn 0.7054795 0.0014768977 0.70872891
vn 0.70710582 3.1328355e-07 0.70710778
vn 0.70645714 0.00032828748 0.70775568
vn 0.69996244 -0.0068309261 0.71414703
vn 0.69994873 -0.0068547577 0.71416014
vn 0.70646298 0.00033220756 0.70774996
vn -0.7086814 0.0014625043 -0.70552719
vn -0.70710403 -3.1210467e-07 -0.70710945
vn -0.70710409 -3.1327701e-07 -0.70710945
vn -0.70868868 0.0014692824 -0.70551986
vn 0.70870399 0.000108402 -0.70550597
vn 0.70870399 0.000108402 -0.70550597
vn 0.7087031 0.00010861159 -0.70550674
vn 0.70870322 0.00010861149 -0.7055068
vn -0.71313995 -0.0081819426 0.70097393
vn -0.71313995 -0.0081819426 0.70097393
vn -0.71457434 -0.0014420368 0.69955808
vn -0.71457446 -0.0014412224 0.69955784
vn 0.70677918 -1.8860774e-05 0.70743418
vn 0.70677918 -1.8860774e-05 0.70743418
vn 0.7067762 -1.9709283e-05 0.70743716
vn 0.70677626 -1.9709243e-05 0.70743722
vn -0.74139994 -0.67106289 -0.00088666566
vn -0.74056566 -0.67198342 -0.00088581583
vn -0.82124019 -0.57058191 -0.00096692267
vn 0.0014719899 -0.58112657 -0.81381196
vn 0.0012230611 -0.58023727 -0.81444657
vn 0.001187021 -0.6277656 -0.77840161
vn 0.001328481 -0.67685926 -0.73611134
vn 0.81446379 -0.58021301 0.0012795497
vn 0.7349 -0.67817497 -0.00081354962
vn 0.70949697 -0.70470709 -0.0014214419
vn -0.0011860768 -0.58090186 0.81397271
vn -0.0010663512 -0.67794871 0.73510849
vn -0.0010665989 -0.67777127 0.73527211
vn 0.70949697 -0.70470709 -0.0014214419
vn 0.7349 -0.67817497 -0.00081354962
vn 0.62925565 -0.77719182 -0.0031975037
vn 0.62925565 -0.77719182 -0.0031975037
vn -0.71457446 -0.0014412224 0.69955784
vn -0.71457434 -0.0014420368 0.69955808
vn -0.71735096 0.012108711 0.6966067
vn -0.70713371 1.709569e-05 -0.70707983
vn -0.70713371 1.7094033e-05 -0.70707977
vn -0.70713562 1.8070707e-05 -0.70707792
vn 0.70870322 0.00010861149 -0.7055068
vn 0.7087031 0.00010861159 -0.70550674
vn 0.70870149 0.00010903299 -0.70550829
vn 0.70870149 0.00010903299 -0.70550829
vn 0.70677626 -1.9709243e-05 0.70743722
vn 0.7067762 -1.9709283e-05 0.70743716
vn 0.70677012 -2.141533e-05 0.70744318
vn -0.74139994 -0.67106289 -0.00088666566
vn -0.63409477 -0.77325499 -0.0007759048
vn -0.74056566 -0.67198342 -0.00088581583
vn 0.001187021 -0.6277656 -0.77840161
vn 0.0012230611 -0.58023727 -0.81444657
vn 0.00067794521 -0.57828724 -0.81583291
vn -0.0010663512 -0.67794871 0.73510849
vn -0.00090916437 -0.77582937 0.63094211
vn -0.0010665989 -0.67777127 0.73527211
vn 0.001187021 -0.6277656 -0.77840161
vn 0.0011392508 -0.77387208 -0.6333409
vn 0.001328481 -0.67685926 -0.73611134
vn -0.0065681632 -0.12363347 -0.99230629
vn -0.0059336247 -0.1320717 -0.99122244
vn -0.0073162206 -0.0073168906 -0.99994648
vn -0.0073162206 -0.0073168906 -0.99994648
vn -0.70185214 0.0012957508 0.71232152
vn -0.70223862 0.0016138917 0.71193993
vn -0.7002753 0 0.71387291
vn -0.7002753 0 0.71387291
vn 0.99155492 -0.12968785 2.0576322e-06
vn 0.99262601 -0.12121762 2.2166855e-06
vn 1 0 2.2352062e-06
vn 1 0 2.2352062e-06
vn -0.99262601 -0.12121726 0
vn -0.99155486 -0.12968758 -4.0081453e-08
vn -1 0 0
vn -1 0 0
vn -0.71193796 0.0016134883 0.70224065
vn -0.71231925 0.0012954267 0.70185441
vn -0.71386951 0 0.70027876
vn -0.71386951 0 0.70027876
vn -0.00081840635 -0.13032968 -0.9914704
vn -0.00067694584 -0.12185941 -0.99254715
vn 0 0 -1
vn 0 0 -1
vn -0.69736177 -0.16545273 0.69736069
vn -0.69736177 -0.16545276 0.69736081
vn -0.70710725 0 0.70710623
vn -0.70710725 0 0.70710623
vn 0.70223761 0.0016146955 0.71194077
vn 0.70185131 0.0012963956 0.71232235
vn 0.70027459 0 0.71387362
vn 0.70027459 0 0.71387362
vn 0.7119391 0.0016142945 -0.70223939
vn 0.71232051 0.0012960741 -0.70185322
vn 0.71387082 0 -0.70027745
vn 0.71387082 0 -0.70027745
vn -0.00067941885 -0.12185912 0.99254721
vn -0.00082080666 -0.1303291 0.99147046
vn -2.384184e-06 0 1
vn -2.384184e-06 0 1
vn 0.69736314 -0.16545273 0.69735938
vn 0.69736314 -0.16545285 0.69735938
vn 0.70710993 0 0.70710367
vn 0.70710993 0 0.70710367
vn -0.70223808 0.0016141023 -0.71194035
vn -0.70185184 0.001295912 -0.71232176
vn -0.70027596 0 -0.71387225
vn -0.70027596 0 -0.71387225
vn -0.99147093 -0.13032475 0.00082747114
vn -0.99254864 -0.12184736 0.00070209935
vn -1 0 0
vn -1 0 0
vn -0.69736135 -0.16545179 -0.69736135
vn -0.69736135 -0.1654519 -0.69736141
vn -0.70710731 0 -0.70710623
vn -0.70710731 0 -0.70710623
vn 0.0008201591 -0.13032846 0.99147052
vn 0.00068181049 -0.12185699 0.99254751
vn 0 0 1
vn 0 0 1
vn 0.69736058 -0.16545267 -0.69736189
vn 0.69736063 -0.16545264 -0.69736195
vn 0.70710623 0 -0.70710731
vn 0.70710623 0 -0.70710731
vn 0.99254864 -0.12184691 0.00070279679
vn 0.99147099 -0.13032465 0.0008280552
vn 1 0 0
vn 1 0 0
vn 0.71231925 0.0012955932 0.70185447
vn 0.71193784 0.0016136956 0.70224053
vn 0.71386945 0 0.70027876
vn 0.71386945 0 0.70027876
vn -0.70713282 1.6608161e-05 -0.70708078
vn -0.70713282 1.6608161e-05 -0.70708078
vn -0.70713371 1.7094033e-05 -0.70707977
vn -0.70713371 1.709569e-05 -0.70707983
vn 0 -0.93788511 -0.34694579
vn 0 -0.85065025 -0.5257321
vn 0 -0.85064989 -0.52573246
vn 0 -0.93788522 -0.34694549
vn 4.1332848e-07 -0.68721473 -0.72645438
vn 0.00077675993 -0.46619231 -0.88468313
vn 0.0010405104 -0.46589449 -0.88483971
vn 8.2665287e-07 -0.68721497 -0.7264542
vn 7.6310034e-06 -0.30541104 -0.95222056
vn -0.0059336247 -0.1320717 -0.99122244
vn -0.0065681632 -0.12363347 -0.99230629
vn -0.0018610742 -0.30562741 -0.95214939
vn -0.71229029 0.001286689 -0.70188391
vn -0.7086814 0.0014625043 -0.70552719
vn -0.70868868 0.0014692824 -0.70551986
vn -0.71189576 0.0016080597 -0.70228332
vn -1.2197593e-07 -0.85065031 0.5257321
vn -2.1117864e-07 -0.68721533 0.72645372
vn -2.7112625e-07 -0.73025894 0.68317056
vn -3.508608e-07 -0.87079537 0.49164554
vn -2.1117864e-07 -0.68721533 0.72645372
vn 0.00077615166 -0.46619198 0.88468313
vn 0.00037808446 -0.490242 0.8715862
vn -2.7112625e-07 -0.73025894 0.68317056
vn -0.71386832 -1.41501e-06 -0.70028001
vn -0.71229029 0.001286689 -0.70188391
vn -0.71189576 0.0016080597 -0.70228332
vn -0.71386832 -1.41501e-06 -0.70028001
vn 0 -0.85065025 -0.5257321
vn 4.1332848e-07 -0.68721473 -0.72645438
vn 8.2665287e-07 -0.68721497 -0.7264542
vn 0 -0.85064989 -0.52573246
vn 0.00077675993 -0.46619231 -0.88468313
vn 7.6310034e-06 -0.30541104 -0.95222056
vn -0.0018610742 -0.30562741 -0.95214939
vn 0.0010405104 -0.46589449 -0.88483971
vn -1.2221288e-07 -0.93788505 0.34694618
vn -1.2197593e-07 -0.85065031 0.5257321
vn -3.508608e-07 -0.87079537 0.49164554
vn -1.2903637e-07 -0.95456052 0.29801726
vn 0 -1 6.209238e-07
vn -1.2221288e-07 -0.93788505 0.34694618
vn -1.2903637e-07 -0.95456052 0.29801726
vn 0 -1 -2.0145789e-07
vn 0 -1 6.209238e-07
vn 0 -0.93788511 -0.34694579
vn 0 -0.93788522 -0.34694549
vn 0 -1 1.1147293e-06
vn 0.00077615166 -0.46619198 0.88468313
vn 0.0017904497 -0.30789006 0.95142037
vn 0.0016988089 -0.32050839 0.94724417
vn 0.00037808446 -0.490242 0.8715862
vn 0.0017904497 -0.30789006 0.95142037
vn 0.0008201591 -0.13032846 0.99147052
vn 0.0016988089 -0.32050839 0.94724417
vn 0.72645408 -0.68721497 0
vn 0.52645433 -0.85020339 1.0060251e-07
vn 0.49268937 -0.87020522 2.8944399e-07
vn 0.68317056 -0.73025882 0
vn 0.99147099 -0.13032465 0.0008280552
vn 0.95141608 -0.30790305 0.0017894401
vn 0.94723719 -0.32052922 0.001655773
vn 0.52645433 -0.85020339 1.0060251e-07
vn 0.34727758 -0.93776232 2.2358348e-07
vn 0.29769579 -0.95466077 4.6723113e-07
vn 0.49268937 -0.87020522 2.8944399e-07
vn -0.34694612 -0.93788511 -7.9085872e-08
vn -0.00049606658 -0.99999994 1.1598414e-07
vn -0.00049558259 -0.99999994 0
vn -0.34694588 -0.93788522 0
vn -0.52573192 -0.85065031 -9.1521166e-08
vn -0.34694612 -0.93788511 -7.9085872e-08
vn -0.34694588 -0.93788522 0
vn -0.52573204 -0.85065019 0
vn -0.88467324 -0.46621084 0.00075820956
vn -0.7264536 -0.68721545 -2.2335039e-08
vn -0.72645366 -0.68721545 0
vn -0.88482851 -0.4659158 0.0010391558
vn -0.99147093 -0.13032475 0.00082747114
vn -0.95141613 -0.30790266 0.0017893784
vn -0.95161045 -0.30730206 0.0017322825
vn -0.99254864 -0.12184736 0.00070209935
vn 0.70185399 0.0012955861 -0.71231967
vn 0.70548189 0.001472941 -0.70872635
vn 0.70547938 0.0014751755 -0.70872891
vn 0.70223987 0.0016136867 -0.7119385
vn 0.95141608 -0.30790305 0.0017894401
vn 0.88467336 -0.46621075 0.00075828674
vn 0.87158018 -0.49025294 0.00035157721
vn 0.94723719 -0.32052922 0.001655773
vn 0.88467336 -0.46621075 0.00075828674
vn 0.72645408 -0.68721497 0
vn 0.68317056 -0.73025882 0
vn 0.87158018 -0.49025294 0.00035157721
vn 0.34727758 -0.93776232 2.2358348e-07
vn -0.00049606658 -0.99999994 1.1598414e-07
vn -0.00018724408 -1 2.3230429e-07
vn 0.29769579 -0.95466077 4.6723113e-07
vn -0.7264536 -0.68721545 -2.2335039e-08
vn -0.52573192 -0.85065031 -9.1521166e-08
vn -0.52573204 -0.85065019 0
vn -0.72645366 -0.68721545 0
vn -0.95141613 -0.30790266 0.0017893784
vn -0.88467324 -0.46621084 0.00075820956
vn -0.88482851 -0.4659158 0.0010391558
vn -0.95161045 -0.30730206 0.0017322825
vn 0.70027953 0 -0.7138688
vn 0.70185399 0.0012955861 -0.71231967
vn 0.70223987 0.0016136867 -0.7119385
vn 0.70027953 0 -0.7138688
vn 6.0309799e-07 -0.68636853 -0.72725385
vn -0.00077997416 -0.4640545 -0.88580626
vn -0.00038401707 -0.48760599 -0.87306368
vn 0 -0.73040605 -0.68301308
vn -0.00077997416 -0.4640545 -0.88580626
vn -0.0017903767 -0.30788836 -0.95142078
vn -0.0017079487 -0.32050574 -0.947245
vn -0.00038401707 -0.48760599 -0.87306368
vn 6.704019e-07 -0.93788499 -0.34694642
vn 1.2654374e-06 -0.85130411 -0.52467263
vn 0 -0.87110472 -0.49109748
vn 0 -0.9545604 -0.29801741
vn -7.184376e-07 -0.85065019 0.5257321
vn -1.6403444e-06 -0.68721551 0.72645348
vn -1.6772168e-06 -0.68721557 0.7264536
vn -1.3382087e-06 -0.85065001 0.52573228
vn -0.00078287651 -0.46618798 0.88468528
vn -0.0017926114 -0.30788711 0.9514212
vn -0.0017091192 -0.30728537 0.95161593
vn -0.0010415878 -0.46588913 0.88484246
vn -4.5155892e-07 -0.93788499 0.34694621
vn -7.184376e-07 -0.85065019 0.5257321
vn -1.3382087e-06 -0.85065001 0.52573228
vn -1.3408046e-06 -0.93788505 0.34694597
vn 9.9340973e-08 -1 -3.2757404e-07
vn 6.704019e-07 -0.93788499 -0.34694642
vn 0 -0.9545604 -0.29801741
vn 1.9868206e-07 -1 3.2616984e-07
vn -0.0017903767 -0.30788836 -0.95142078
vn -0.00081840635 -0.13032968 -0.9914704
vn -0.0017079487 -0.32050574 -0.947245
vn 1.2654374e-06 -0.85130411 -0.52467263
vn 6.0309799e-07 -0.68636853 -0.72725385
vn 0 -0.73040605 -0.68301308
vn 0 -0.87110472 -0.49109748
vn 9.9340973e-08 -1 -3.2757404e-07
vn -4.5155892e-07 -0.93788499 0.34694621
vn -1.3408046e-06 -0.93788505 0.34694597
vn 0 -1 -7.5293121e-07
vn -1.6403444e-06 -0.68721551 0.72645348
vn -0.00078287651 -0.46618798 0.88468528
vn -0.0010415878 -0.46588913 0.88484246
vn -1.6772168e-06 -0.68721557 0.7264536
vn -0.0017926114 -0.30788711 0.9514212
vn -0.00082080666 -0.1303291 0.99147046
vn -0.00067941885 -0.12185912 0.99254721
vn -0.0017091192 -0.30728537 0.95161593
vn -0.88448322 -0.46657202 -1.8971494e-07
vn -0.72645402 -0.68721503 -4.0057493e-08
vn -0.68317038 -0.73025894 -2.4171999e-07
vn -0.87155312 -0.49030113 -3.3388099e-07
vn 0.72645396 -0.68721509 9.1383743e-07
vn 0.52573222 -0.85065007 7.7564874e-07
vn 0.52573282 -0.85064977 1.3085553e-06
vn 0.72645438 -0.68721467 1.8276755e-06
vn 0.95143712 -0.3078433 9.6876545e-07
vn 0.88448322 -0.46657202 9.5123829e-07
vn 0.88448346 -0.46657163 1.9024762e-06
vn 0.95143712 -0.30784318 1.9332547e-06
vn 0.346946 -0.93788511 5.643364e-07
vn 1.8089906e-07 -1 1.1166436e-07
vn -6.0625672e-07 -1 1.5331152e-07
vn 0.34694615 -0.93788505 7.0142676e-07
vn -0.72645402 -0.68721503 -4.0057493e-08
vn -0.52573222 -0.85065007 -2.0238458e-08
vn -0.49199444 -0.87059838 -3.4652291e-07
vn -0.68317038 -0.73025894 -2.4171999e-07
vn -0.99155486 -0.12968758 -4.0081453e-08
vn -0.95143688 -0.3078438 -2.7615175e-07
vn -0.94743872 -0.31993702 -5.528978e-07
vn -0.52573222 -0.85065007 -2.0238458e-08
vn -0.34694606 -0.93788511 -9.0046107e-08
vn -0.29880029 -0.95431566 -2.7180752e-07
vn -0.49199444 -0.87059838 -3.4652291e-07
vn -0.95143688 -0.3078438 -2.7615175e-07
vn -0.88448322 -0.46657202 -1.8971494e-07
vn -0.87155312 -0.49030113 -3.3388099e-07
vn -0.94743872 -0.31993702 -5.528978e-07
vn -0.34694606 -0.93788511 -9.0046107e-08
vn 1.8089906e-07 -1 1.1166436e-07
vn 0.0038295959 -0.99999267 7.4720134e-08
vn -0.29880029 -0.95431566 -2.7180752e-07
vn 0.88448322 -0.46657202 9.5123829e-07
vn 0.72645396 -0.68721509 9.1383743e-07
vn 0.72645438 -0.68721467 1.8276755e-06
vn 0.88448346 -0.46657163 1.9024762e-06
vn 0.99155492 -0.12968785 2.0576322e-06
vn 0.95143712 -0.3078433 9.6876545e-07
vn 0.95143712 -0.30784318 1.9332547e-06
vn 0.99262601 -0.12121762 2.2166855e-06
vn 0.52573222 -0.85065007 7.7564874e-07
vn 0.346946 -0.93788511 5.643364e-07
vn 0.34694615 -0.93788505 7.0142676e-07
vn 0.52573282 -0.85064977 1.3085553e-06
vn 0.34727812 -0.9377622 0
vn -0.0004945462 -0.99999994 0
vn -0.00049540651 -0.99999982 4.4776954e-08
vn 0.34727779 -0.93776232 2.0948717e-07
vn -1.2903649e-07 -0.9545604 -0.29801744
vn -3.508606e-07 -0.87079525 -0.49164584
vn 5.3758924e-07 -0.85065007 -0.52573228
vn 5.3863425e-07 -0.93788493 -0.34694654
vn -3.508606e-07 -0.87079525 -0.49164584
vn 0 -0.73025882 -0.68317056
vn 4.1332913e-07 -0.68721509 -0.72645402
vn 5.3758924e-07 -0.85065007 -0.52573228
vn 0 -0.73025882 -0.68317056
vn 0.00037903173 -0.49024141 -0.87158662
vn 0.00077705452 -0.46619159 -0.88468337
vn 4.1332913e-07 -0.68721509 -0.72645402
vn 0.00037903173 -0.49024141 -0.87158662
vn 0.0016720603 -0.31768984 -0.94819319
vn 7.8438434e-06 -0.3054114 -0.9522205
vn 0.00077705452 -0.46619159 -0.88468337
vn 0.0016720603 -0.31768984 -0.94819319
vn -0.0059349397 -0.13207361 -0.9912222
vn 7.8438434e-06 -0.3054114 -0.9522205
vn 1.9868223e-07 -1 1.3430525e-07
vn 2.8493014e-07 -0.9545604 0.29801729
vn 9.6953798e-08 -0.93788499 0.3469463
vn 9.9341186e-08 -1 -2.2490156e-07
vn 0.49164498 -0.87079573 3.9204042e-07
vn 0.52573192 -0.85065037 4.9142551e-07
vn 0.72645408 -0.68721497 3.92375e-07
vn 0.68317109 -0.73025841 2.3314408e-07
vn 0.68317109 -0.73025841 2.3314408e-07
vn 0.72645408 -0.68721497 3.92375e-07
vn 0.88448352 -0.46657127 -1.1025253e-07
vn 0.8715533 -0.49030063 -1.625521e-07
vn 0.8715533 -0.49030063 -1.625521e-07
vn 0.88448352 -0.46657127 -1.1025253e-07
vn 0.951437 -0.30784374 -8.3638309e-07
vn 0.94743919 -0.31993595 -2.5986654e-07
vn 0.94743919 -0.31993595 -2.5986654e-07
vn 0.951437 -0.30784374 -8.3638309e-07
vn 0.99155474 -0.12968913 -1.3473139e-06
vn 1.3408018e-06 -0.93788511 -0.34694588
vn 1.338051e-06 -0.85130435 -0.52467221
vn 6.6902709e-07 -0.85130435 -0.52467233
vn 6.7039906e-07 -0.93788517 -0.34694573
vn 1.4688712e-06 -1 -1.9556671e-08
vn 1.4335758e-06 -0.93788499 0.34694609
vn 5.9457466e-07 -0.93788499 0.34694621
vn 7.3443726e-07 -1 4.8891643e-08
vn -0.29801717 -0.95456052 -1.8777037e-07
vn -0.34694615 -0.93788499 -1.0350557e-07
vn -0.52573228 -0.85065007 -6.1704306e-08
vn -0.49100631 -0.87115604 -1.7849089e-07
vn -0.49100631 -0.87115604 -1.7849089e-07
vn -0.52573228 -0.85065007 -6.1704306e-08
vn -0.72645366 -0.68721545 0
vn -0.684367 -0.72913778 0
vn -0.684367 -0.72913778 0
vn -0.72645366 -0.68721545 0
vn -0.88467336 -0.46621069 0.00075818505
vn -0.87194914 -0.4895964 0.0003551126
vn -0.87194914 -0.4895964 0.0003551126
vn -0.88467336 -0.46621069 0.00075818505
vn -0.95141613 -0.30790284 0.0017891882
vn -0.94723725 -0.32052904 0.0016563976
vn -0.94723725 -0.32052904 0.0016563976
vn -0.95141613 -0.30790284 0.0017891882
vn -0.99147105 -0.13032496 0.00082713878
vn 0 -1 1.9186473e-08
vn -1.2903649e-07 -0.9545604 -0.29801744
vn 5.3863425e-07 -0.93788493 -0.34694654
vn 7.3443726e-07 -1 4.8891643e-08
vn 0 -0.87079549 0.49164546
vn -5.3833134e-07 -0.7302596 0.68316984
vn -1.0240315e-06 -0.68721557 0.72645348
vn -5.9846451e-07 -0.85065031 0.52573198
vn -5.3833134e-07 -0.7302596 0.68316984
vn -0.00038572343 -0.49023846 0.87158817
vn -0.00078072172 -0.46618742 0.8846857
vn -1.0240315e-06 -0.68721557 0.72645348
vn -0.00038572343 -0.49023846 0.87158817
vn -0.0017086089 -0.32050389 0.94724566
vn -0.0017904219 -0.30788714 0.9514212
vn -0.00078072172 -0.46618742 0.8846857
vn -0.0017086089 -0.32050389 0.94724566
vn -0.00081823912 -0.13032915 0.99147046
vn -0.0017904219 -0.30788714 0.9514212
vn 2.8493014e-07 -0.9545604 0.29801729
vn 0 -0.87079549 0.49164546
vn -5.9846451e-07 -0.85065031 0.52573198
vn 9.6953798e-08 -0.93788499 0.3469463
vn 0.0010394192 -0.46589416 0.88483983
vn 0.0017123938 -0.30728856 0.95161492
vn 0.0017897909 -0.30789083 0.95142001
vn 0.00077635614 -0.4661921 0.88468325
vn 0 -0.85065001 0.52573246
vn 0 -0.68721545 0.72645366
vn 0 -0.68721569 0.72645348
vn -1.2197587e-07 -0.85065007 0.52573234
vn 0.0017123938 -0.30728856 0.95161492
vn 0.00068198814 -0.12185732 0.99254739
vn 0.00082012464 -0.1303291 0.99147046
vn 0.0017897909 -0.30789083 0.95142001
vn 0 -0.68721545 0.72645366
vn 0.0010394192 -0.46589416 0.88483983
vn 0.00077635614 -0.4661921 0.88468325
vn 0 -0.68721569 0.72645348
vn 0.29801685 -0.95456064 2.2984818e-07
vn 0.34694535 -0.93788534 1.4440712e-07
vn 0.52573192 -0.85065037 4.9142551e-07
vn 0.49164498 -0.87079573 3.9204042e-07
vn 0.95161045 -0.30730206 0.0017335884
vn 0.88482869 -0.46591538 0.001039414
vn 0.88467336 -0.46621075 0.00075815752
vn 0.95141613 -0.30790278 0.0017894835
vn 0.72645408 -0.68721509 0
vn 0.52645445 -0.85020339 0
vn 0.52645457 -0.85020334 1.2381835e-07
vn 0.7264539 -0.68721527 0
vn 0 -1 -1.0951728e-06
vn 1.3408018e-06 -0.93788511 -0.34694588
vn 6.7039906e-07 -0.93788517 -0.34694573
vn 9.9341186e-08 -1 -2.2490156e-07
vn 0.99254858 -0.12184742 0.00070314721
vn 0.95161045 -0.30730206 0.0017335884
vn 0.95141613 -0.30790278 0.0017894835
vn 0.99147093 -0.13032515 0.0008283903
vn 0.88482869 -0.46591538 0.001039414
vn 0.72645408 -0.68721509 0
vn 0.7264539 -0.68721527 0
vn 0.88467336 -0.46621075 0.00075815752
vn 0.52645445 -0.85020339 0
vn 0.34727812 -0.9377622 0
vn 0.34727779 -0.93776232 2.0948717e-07
vn 0.52645457 -0.85020334 1.2381835e-07
vn -0.0017028985 -0.30728534 -0.95161593
vn -0.00067356415 -0.1218594 -0.99254709
vn -0.0008152604 -0.13032955 -0.9914704
vn -0.0017881767 -0.30788773 -0.9514209
vn 1.6836511e-06 -0.68636841 -0.72725397
vn -0.0010352157 -0.46375516 -0.88596272
vn -0.00077802484 -0.46405432 -0.88580644
vn 8.4182415e-07 -0.68636853 -0.72725385
vn 1.4335758e-06 -0.93788499 0.34694609
vn 0 -0.85065001 0.52573246
vn -1.2197587e-07 -0.85065007 0.52573234
vn 5.9457466e-07 -0.93788499 0.34694621
vn -0.0010352157 -0.46375516 -0.88596272
vn -0.0017028985 -0.30728534 -0.95161593
vn -0.0017881767 -0.30788773 -0.9514209
vn -0.00077802484 -0.46405432 -0.88580644
vn 1.338051e-06 -0.85130435 -0.52467221
vn 1.6836511e-06 -0.68636841 -0.72725397
vn 8.4182415e-07 -0.68636853 -0.72725385
vn 6.6902709e-07 -0.85130435 -0.52467233
vn -0.00018714838 -1 8.987648e-08
vn -0.00049540651 -0.99999982 4.4776954e-08
vn -0.34694615 -0.93788499 -1.0350557e-07
vn -0.29801717 -0.95456052 -1.8777037e-07
vn -0.99262607 -0.121217 -2.2166862e-06
vn -0.95143723 -0.30784264 -2.2158754e-06
vn -0.95143729 -0.30784273 -1.1100764e-06
vn -0.99155504 -0.12968715 -2.0576335e-06
vn -0.88448334 -0.46657178 -1.975455e-06
vn -0.72645408 -0.68721503 -1.768443e-06
vn -0.72645432 -0.68721485 -7.551123e-07
vn -0.88448346 -0.46657151 -9.8772682e-07
vn -0.52573156 -0.85065061 -1.5872125e-06
vn -0.34694517 -0.93788534 -1.0474512e-06
vn -0.34694558 -0.93788528 -5.6026227e-07
vn -0.52573156 -0.85065055 -6.6583334e-07
vn 0.003828729 -0.99999267 1.1774962e-08
vn -5.8669963e-07 -1 -1.8402217e-07
vn 0.34694535 -0.93788534 1.4440712e-07
vn 0.29801685 -0.95456064 2.2984818e-07
vn -0.95143723 -0.30784264 -2.2158754e-06
vn -0.88448334 -0.46657178 -1.975455e-06
vn -0.88448346 -0.46657151 -9.8772682e-07
vn -0.95143729 -0.30784273 -1.1100764e-06
vn -0.72645408 -0.68721503 -1.768443e-06
vn -0.52573156 -0.85065061 -1.5872125e-06
vn -0.52573156 -0.85065055 -6.6583334e-07
vn -0.72645432 -0.68721485 -7.551123e-07
vn -0.34694517 -0.93788534 -1.0474512e-06
vn -2.5423651e-07 -1 -3.7738181e-07
vn -5.8669963e-07 -1 -1.8402217e-07
vn -0.34694558 -0.93788528 -5.6026227e-07
vn -0.7072624 -0.00021579083 0.70695114
vn -0.6971097 0.0010066369 0.71696371
vn -0.69713807 0.001007303 0.71693617
vn -0.70726317 -0.00021664551 0.70695031
vn -0.71401781 -0.028053755 -0.69956529
vn -0.71040088 -0.01191057 -0.70369649
vn -0.71039963 -0.011905457 -0.70369774
vn -0.71401781 -0.028053755 -0.69956529
vn 0.70603216 -0.005505654 -0.70815843
vn 0.7070685 0.00095900777 -0.70714444
vn 0.70706874 0.00095657504 -0.70714414
vn 0.70602763 -0.0055155982 -0.70816284
vn -0.70341367 -0.014035976 -0.7106421
vn -0.69956464 -0.028071849 -0.71401769
vn -0.69956464 -0.028071849 -0.71401769
vn -0.70341486 -0.014031623 -0.71064091
vn 0.71402174 -0.028084448 0.69955999
vn 0.7106427 -0.014044832 0.70341301
vn 0.71064144 -0.014040116 0.7034142
vn 0.71402174 -0.028084448 0.69955999
vn -0.70710534 2.4705389e-06 -0.7071082
vn -0.70341367 -0.014035976 -0.7106421
vn -0.70341486 -0.014031623 -0.71064091
vn -0.70710534 2.4708129e-06 -0.7071082
vn -0.70813489 -0.00099000032 0.70607638
vn -0.7072624 -0.00021579083 0.70695114
vn -0.70726317 -0.00021664551 0.70695031
vn -0.70813501 -0.00099012943 0.70607632
vn 0.70462155 -0.0090961596 0.70952505
vn 0.70316958 -0.015995936 0.71084219
vn 0.70317066 -0.015992455 0.71084124
vn 0.70461768 -0.0091055166 0.70952857
vn 0.7106427 -0.014044832 0.70341301
vn 0.70710528 -1.0096066e-06 0.70710832
vn 0.70710528 -1.0101021e-06 0.70710826
vn 0.71064144 -0.014040116 0.7034142
vn 0.7070685 0.00095900777 -0.70714444
vn 0.7072174 0.0023121624 -0.70699233
vn 0.70721811 0.0023095172 -0.70699167
vn 0.70706874 0.00095657504 -0.70714414
vn -0.71040088 -0.01191057 -0.70369649
vn -0.70965266 0.013497239 -0.7044223
vn -0.70964199 0.013464607 -0.7044338
vn -0.71039963 -0.011905457 -0.70369774
vn -0.70710617 1.3341884e-06 -0.70710731
vn -0.70710534 2.4705389e-06 -0.7071082
vn -0.70710534 2.4708129e-06 -0.7071082
vn -0.70710617 1.3342059e-06 -0.70710742
vn -0.70581353 0.0013065684 0.70839643
vn -0.70813489 -0.00099000032 0.70607638
vn -0.70813501 -0.00099012943 0.70607632
vn -0.70581055 0.0013090533 0.70839942
vn 0.69999659 -0.012700165 0.71403319
vn 0.70462155 -0.0090961596 0.70952505
vn 0.70461768 -0.0091055166 0.70952857
vn 0.6999855 -0.012694729 0.71404433
vn 0.70710528 -1.0096066e-06 0.70710832
vn 0.70710516 0 0.70710838
vn 0.70710522 0 0.70710838
vn 0.70710528 -1.0101021e-06 0.70710826
vn 0.7072174 0.0023121624 -0.70699233
vn 0.70905179 0.0016375183 -0.70515448
vn 0.70905387 0.0016395048 -0.70515251
vn 0.70721811 0.0023095172 -0.70699167
vn -0.70965266 0.013497239 -0.7044223
vn -0.69821805 0.0072684055 -0.71584821
vn -0.69826555 0.0073185349 -0.71580136
vn -0.70964199 0.013464607 -0.7044338
vn -0.70710498 -6.9016369e-07 -0.7071085
vn -0.70710617 1.3341884e-06 -0.70710731
vn -0.70710617 1.3342059e-06 -0.70710742
vn -0.70710504 -6.9109723e-07 -0.70710856
vn -0.70185727 0.0012951072 0.71231657
vn -0.70581353 0.0013065684 0.70839643
vn -0.70581055 0.0013090533 0.70839942
vn -0.70224315 0.0016130892 0.71193534
vn 0.69995999 -0.0068331813 0.7141493
vn 0.69999659 -0.012700165 0.71403319
vn 0.6999855 -0.012694729 0.71404433
vn 0.6999464 -0.0068570278 0.71416247
vn 0.70710516 0 0.70710838
vn 0.70710695 -2.6705897e-07 0.70710659
vn 0.70710701 -2.6723143e-07 0.70710665
vn 0.70710522 0 0.70710838
vn -0.69821805 0.0072684055 -0.71584821
vn -0.69297892 -0.0029353085 -0.72095186
vn -0.69305772 -0.0028922143 -0.72087628
vn -0.69826555 0.0073185349 -0.71580136
vn 0.70905179 0.0016375183 -0.70515448
vn 0.71232218 0.0012954343 -0.70185143
vn 0.71194059 0.0016134982 -0.7022379
vn 0.70905387 0.0016395048 -0.70515251
vn 0.64424801 -0.41218066 -0.64424509
vn 0.69736308 -0.16545202 -0.69735962
vn 0.69736308 -0.16545211 -0.6973595
vn 0.64424789 -0.41218075 -0.64424503
vn 0.5689646 -0.59376842 -0.56896251
vn 0.64424801 -0.41218066 -0.64424509
vn 0.64424789 -0.41218075 -0.64424503
vn 0.56896454 -0.59376866 -0.56896251
vn 0.4285948 -0.79537112 -0.42859218
vn 0.5689646 -0.59376842 -0.56896251
vn 0.56896454 -0.59376866 -0.56896251
vn 0.42859459 -0.79537135 -0.42859197
vn 0.2837534 -0.91595221 -0.28375277
vn 0.4285948 -0.79537112 -0.42859218
vn 0.42859459 -0.79537135 -0.42859197
vn 0.28375325 -0.91595221 -0.28375262
vn 0.18061104 -0.96684897 -0.18050666
vn 0.2837534 -0.91595221 -0.28375277
vn 0.28375325 -0.91595221 -0.28375262
vn 0.180611 -0.96684897 -0.18050662
vn 0.69736463 -0.16545351 0.69735759
vn 0.6442492 -0.41218123 0.64424354
vn 0.6442492 -0.41218093 0.64424366
vn 0.69736469 -0.16545351 0.69735759
vn 0.6442492 -0.41218123 0.64424354
vn 0.56896335 -0.59376895 0.56896323
vn 0.56896335 -0.59376884 0.56896329
vn 0.6442492 -0.41218093 0.64424366
vn 0.56896335 -0.59376895 0.56896323
vn 0.42858651 -0.79537696 0.42858973
vn 0.42859355 -0.79536933 0.42859676
vn 0.56896335 -0.59376884 0.56896329
vn 0.42858651 -0.79537696 0.42858973
vn 0.28438187 -0.91586739 0.28339696
vn 0.28435871 -0.91588193 0.2833733
vn 0.42859355 -0.79536933 0.42859676
vn 0.28438187 -0.91586739 0.28339696
vn 0.18165118 -0.96673071 0.18009602
vn 0.18110001 -0.96693587 0.17954896
vn 0.28435871 -0.91588193 0.2833733
vn -0.64424306 -0.41219679 -0.64423966
vn -0.6973601 -0.16545211 -0.69736248
vn -0.69736004 -0.16545224 -0.69736248
vn -0.64424902 -0.4121781 -0.64424568
vn -0.56797427 -0.59313369 -0.57061166
vn -0.64424306 -0.41219679 -0.64423966
vn -0.64424902 -0.4121781 -0.64424568
vn -0.56794006 -0.59319758 -0.57057929
vn -0.42706966 -0.79458976 -0.43155378
vn -0.56797427 -0.59313369 -0.57061166
vn -0.56794006 -0.59319758 -0.57057929
vn -0.42611608 -0.79562294 -0.43059164
vn -0.2894251 -0.91528523 -0.28015381
vn -0.42706966 -0.79458976 -0.43155378
vn -0.42611608 -0.79562294 -0.43059164
vn -0.28910396 -0.91551685 -0.279728
vn -0.18661097 -0.96767575 -0.16964656
vn -0.2894251 -0.91528523 -0.28015381
vn -0.28910396 -0.91551685 -0.279728
vn -0.19292958 -0.96539921 -0.17544974
vn 0.18165118 -0.96673071 0.18009602
vn 0.1241582 -0.98460501 0.12303516
vn 0.1241582 -0.98460501 0.12303516
vn 0.18110001 -0.96693587 0.17954896
vn -0.12837687 -0.98489803 -0.11616937
vn -0.18661097 -0.96767575 -0.16964656
vn -0.19292958 -0.96539921 -0.17544974
vn -0.12837687 -0.98489803 -0.11616937
vn -0.64422953 -0.41227818 0.6442011
vn -0.69736344 -0.16545305 0.69735891
vn -0.6973635 -0.16545314 0.69735897
vn -0.64427125 -0.41214788 0.64424282
vn -0.57972533 -0.59080166 0.56113458
vn -0.64422953 -0.41227818 0.6442011
vn -0.64427125 -0.41214788 0.64424282
vn -0.58014923 -0.58979046 0.56175989
vn -0.4482609 -0.79063267 0.41708785
vn -0.57972533 -0.59080166 0.56113458
vn -0.58014923 -0.58979046 0.56175989
vn -0.44257203 -0.79661697 0.411742
vn -0.28898391 -0.91651237 0.27657428
vn -0.4482609 -0.79063267 0.41708785
vn -0.44257203 -0.79661697 0.411742
vn -0.28860107 -0.91672134 0.27628168
vn -0.18062063 -0.96684545 0.18051593
vn -0.28898391 -0.91651237 0.27657428
vn -0.28860107 -0.91672134 0.27628168
vn -0.18056706 -0.96686542 0.18046227
vn 0.12385646 -0.98456669 -0.12364478
vn 0.18061104 -0.96684897 -0.18050666
vn 0.180611 -0.96684897 -0.18050662
vn 0.12385646 -0.98456669 -0.12364478
vn -0.12380404 -0.98457783 0.12360835
vn -0.18062063 -0.96684545 0.18051593
vn -0.18056706 -0.96686542 0.18046227
vn -0.12380404 -0.98457783 0.12360835
vn 0.70316958 -0.015995936 0.71084219
vn 0.6996482 -0.027774388 0.71394742
vn 0.6996482 -0.027774388 0.71394742
vn 0.70317066 -0.015992455 0.71084124
vn -0.70872301 0.001471505 0.70548528
vn -0.71231687 0.0012952621 0.70185679
vn -0.71193534 0.0016132849 0.70224303
vn -0.70872545 0.001473743 0.7054829
vn 0.70188075 -0.022073664 -0.71195239
vn 0.70603216 -0.005505654 -0.70815843
vn 0.70602763 -0.0055155982 -0.70816284
vn 0.70189512 -0.022003777 -0.71194029
vn 0.7054835 0.0014709621 -0.7087248
vn 0.70710891 -1.5572941e-06 -0.70710468
vn 0.70710897 -1.5573231e-06 -0.70710468
vn 0.70548105 0.0014732027 -0.7087273
vn -0.6971097 0.0010066369 0.71696371
vn -0.70945597 -0.0078584803 0.70470595
vn -0.7095502 -0.0078973109 0.70461071
vn -0.69713807 0.001007303 0.71693617
vn 0.71045643 -0.013136893 -0.70361853
vn 0.71252865 -0.027784942 -0.70109266
vn 0.71252865 -0.027784942 -0.70109266
vn 0.71045673 -0.013138984 -0.70361817
vn -0.70710713 -9.9019837e-07 0.70710647
vn -0.70872301 0.001471505 0.70548528
vn -0.70872545 0.001473743 0.7054829
vn -0.70710713 -9.9059309e-07 0.70710647
vn -0.69950885 -0.028779868 0.71404409
vn -0.70326787 -0.014813552 0.71077073
vn -0.70327073 -0.014802816 0.71076816
vn -0.69950885 -0.028779868 0.71404409
vn 0.70710891 -1.5572941e-06 -0.70710468
vn 0.7070331 0.00014361406 -0.70718038
vn 0.70703316 0.00014361831 -0.70718038
vn 0.70710897 -1.5573231e-06 -0.70710468
vn 0.69904739 -0.035431504 -0.71419704
vn 0.70188075 -0.022073664 -0.71195239
vn 0.70189512 -0.022003777 -0.71194029
vn 0.69904739 -0.035431504 -0.71419704
vn -0.70945597 -0.0078584803 0.70470595
vn -0.73020083 -0.016550163 0.68303198
vn -0.73020083 -0.016550163 0.68303198
vn -0.7095502 -0.0078973109 0.70461071
vn -0.70703143 -0.00014384353 0.70718211
vn -0.70710713 -9.9019837e-07 0.70710647
vn -0.70710713 -9.9059309e-07 0.70710647
vn -0.70703149 -0.00014384728 0.70718217
vn 0.7070331 0.00014361406 -0.70718038
vn 0.707591 0.00089797803 -0.70662171
vn 0.70759118 0.00089818565 -0.70662153
vn 0.70703316 0.00014361831 -0.70718038
vn -0.70317996 0.0026277166 -0.71100706
vn -0.70185363 0.0012954251 -0.71232009
vn -0.70223957 0.0016134968 -0.71193886
vn -0.70318097 0.002628193 -0.7110061
vn 0.70548457 0.0014713106 0.70872378
vn 0.70185298 0.0012946255 0.71232057
vn 0.70223945 0.0016124911 0.71193898
vn 0.70548213 0.0014735566 0.70872623
vn -0.70691377 -0.00056225806 0.70729941
vn -0.70703143 -0.00014384353 0.70718211
vn -0.70703149 -0.00014384728 0.70718217
vn -0.70691365 -0.00056245102 0.70729947
vn 0.71231663 0.0012951101 0.70185703
vn 0.70645469 0.00032720255 0.70775819
vn 0.70646054 0.00033111629 0.70775235
vn 0.7119351 0.0016130845 0.70224327
vn 0.707591 0.00089797803 -0.70662171
vn 0.71045643 -0.013136893 -0.70361853
vn 0.71045673 -0.013138984 -0.70361817
vn 0.70759118 0.00089818565 -0.70662153
vn -0.69297892 -0.0029353085 -0.72095186
vn -0.70317996 0.0026277166 -0.71100706
vn -0.70318097 0.002628193 -0.7110061
vn -0.69305772 -0.0028922143 -0.72087628
vn -0.70326787 -0.014813552 0.71077073
vn -0.70691377 -0.00056225806 0.70729941
vn -0.70691365 -0.00056245102 0.70729947
vn -0.70327073 -0.014802816 0.71076816
vn 0.70710695 -2.6705897e-07 0.70710659
vn 0.70548457 0.0014713106 0.70872378
vn 0.70548213 0.0014735566 0.70872623
vn 0.70710701 -2.6723143e-07 0.70710665
vn 0.70645469 0.00032720255 0.70775819
vn 0.69995999 -0.0068331813 0.7141493
vn 0.6999464 -0.0068570278 0.71416247
vn 0.70646054 0.00033111629 0.70775235
vn -0.70867813 0.0014610087 -0.70553035
vn -0.70710498 -6.9016369e-07 -0.7071085
vn -0.70710504 -6.9109723e-07 -0.70710856
vn -0.70868546 0.001467788 -0.70552295
vn 0.70870149 0.00010206905 -0.70550835
vn 0.70870149 0.00010206905 -0.70550835
vn 0.70870227 0.00010436035 -0.70550776
vn 0.70870221 0.00010435911 -0.70550781
vn -0.71313685 -0.0081833238 0.70097709
vn -0.71313685 -0.0081833238 0.70097709
vn -0.71457303 -0.0014331774 0.69955945
vn -0.7145732 -0.0014323549 0.69955921
vn 0.70678014 -1.5655936e-05 0.70743322
vn 0.70678014 -1.5655936e-05 0.70743322
vn 0.70678186 -1.7383585e-05 0.70743144
vn 0.70678198 -1.7383492e-05 0.70743155
vn -0.74140275 -0.67105979 -0.00089653255
vn -0.74057215 -0.67197621 -0.00089568202
vn -0.82123619 -0.57058758 -0.00097713969
vn 0.001473619 -0.58112031 -0.81381637
vn 0.0014370886 -0.58000708 -0.81461018
vn 0.0013772813 -0.62756526 -0.77856278
vn 0.0013345627 -0.67685473 -0.7361154
vn 0.81445664 -0.58022296 0.0012775452
vn 0.73489797 -0.67817736 -0.00081514602
vn 0.70946366 -0.70474058 -0.0014236884
vn -0.0011893482 -0.58089572 0.81397718
vn -0.0010629424 -0.67794728 0.73510975
vn -0.0010631998 -0.67777199 0.73527139
vn 0.70946366 -0.70474058 -0.0014236884
vn 0.73489797 -0.67817736 -0.00081514602
vn 0.62926298 -0.77718586 -0.003198571
vn 0.62926298 -0.77718586 -0.003198571
vn -0.7145732 -0.0014323549 0.69955921
vn -0.71457303 -0.0014331774 0.69955945
vn -0.71735299 0.012138195 0.69660413
vn -0.70713466 1.4284073e-05 -0.70707893
vn -0.7071346 1.4296208e-05 -0.70707893
vn -0.70713568 7.1154136e-06 -0.7070778
vn 0.70870221 0.00010435911 -0.70550781
vn 0.70870227 0.00010436035 -0.70550776
vn 0.70870358 0.0001089671 -0.70550644
vn 0.70870358 0.0001089671 -0.70550644
vn 0.70678198 -1.7383492e-05 0.70743155
vn 0.70678186 -1.7383585e-05 0.70743144
vn 0.70678544 -2.0857249e-05 0.70742792
vn -0.74140275 -0.67105979 -0.00089653255
vn -0.63411266 -0.77324039 -0.00078517344
vn -0.74057215 -0.67197621 -0.00089568202
vn 0.0013772813 -0.62756526 -0.77856278
vn 0.0014370886 -0.58000708 -0.81461018
vn 0.0013571756 -0.57756835 -0.81634116
vn -0.0010629424 -0.67794728 0.73510975
vn -0.00089818571 -0.77583355 0.6309371
vn -0.0010631998 -0.67777199 0.73527139
vn 0.0013772813 -0.62756526 -0.77856278
vn 0.0011503198 -0.77386862 -0.63334507
vn 0.0013345627 -0.67685473 -0.7361154
vn -0.0065696798 -0.12363522 -0.99230599
vn -0.0059349397 -0.13207361 -0.9912222
vn -0.0073174206 -0.0073169121 -0.99994642
vn -0.0073174206 -0.0073169121 -0.99994642
vn -0.70185727 0.0012951072 0.71231657
vn -0.70224315 0.0016130892 0.71193534
vn -0.70028228 0 0.713866
vn -0.70028228 0 0.713866
vn 0.99155474 -0.12968913 -1.3473139e-06
vn 0.99262583 -0.12121887 -1.4543759e-06
vn 1 0 0
vn 1 0 0
vn -0.99262607 -0.121217 -2.2166862e-06
vn -0.99155504 -0.12968715 -2.0576335e-06
vn -1 0 -2.2352062e-06
vn -1 0 -2.2352062e-06
vn -0.71193534 0.0016132849 0.70224303
vn -0.71231687 0.0012952621 0.70185679
vn -0.71386755 0 0.70028085
vn -0.71386755 0 0.70028085
vn -0.0008152604 -0.13032955 -0.9914704
vn -0.00067356415 -0.1218594 -0.99254709
vn 2.3841822e-06 0 -1
vn 2.3841822e-06 0 -1
vn -0.6973635 -0.16545314 0.69735897
vn -0.69736344 -0.16545305 0.69735891
vn -0.70711046 0 0.70710319
vn -0.70711046 0 0.70710319
vn 0.70223945 0.0016124911 0.71193898
vn 0.70185298 0.0012946255 0.71232057
vn 0.70027602 0 0.71387219
vn 0.70027602 0 0.71387219
vn 0.71194059 0.0016134982 -0.7022379
vn 0.71232218 0.0012954343 -0.70185143
vn 0.71387362 0 -0.70027459
vn 0.71387362 0 -0.70027459
vn -0.00067676604 -0.1218591 0.99254721
vn -0.00081823912 -0.13032915 0.99147046
vn 0 0 1
vn 0 0 1
vn 0.69736463 -0.16545351 0.69735759
vn 0.69736469 -0.16545351 0.69735759
vn 0.70710939 0 0.70710421
vn 0.70710939 0 0.70710421
vn -0.70223957 0.0016134968 -0.71193886
vn -0.70185363 0.0012954251 -0.71232009
vn -0.70027882 0 -0.71386951
vn -0.70027882 0 -0.71386951
vn -0.99147105 -0.13032496 0.00082713878
vn -0.99254858 -0.12184753 0.00070175034
vn -1 0 0
vn -1 0 0
vn -0.69736004 -0.16545224 -0.69736248
vn -0.6973601 -0.16545211 -0.69736248
vn -0.70710522 0 -0.70710832
vn -0.70710522 0 -0.70710832
vn 0.00082012464 -0.1303291 0.99147046
vn 0.00068198814 -0.12185732 0.99254739
vn 0 0 1
vn 0 0 1
vn 0.69736308 -0.16545211 -0.6973595
vn 0.69736308 -0.16545202 -0.69735962
vn 0.7071088 0 -0.70710468
vn 0.7071088 0 -0.70710468
vn 0.99254858 -0.12184742 0.00070314721
vn 0.99147093 -0.13032515 0.0008283903
vn 1 0 0
vn 1 0 0
vn 0.71231663 0.0012951101 0.70185703
vn 0.7119351 0.0016130845 0.70224327
vn 0.71386737 0 0.7002809
vn 0.71386737 0 0.7002809
vn -0.70713413 1.7868515e-05 -0.70707953
vn -0.70713413 1.7868515e-05 -0.70707953
vn -0.7071346 1.4296208e-05 -0.70707893
vn -0.70713466 1.4284073e-05 -0.70707893
vn 5.3863425e-07 -0.93788493 -0.34694654
vn 5.3758924e-07 -0.85065007 -0.52573228
vn 1.3191303e-06 -0.85065001 -0.5257324
vn 1.3216905e-06 -0.93788505 -0.3469463
vn 4.1332913e-07 -0.68721509 -0.72645402
vn 0.00077705452 -0.46619159 -0.88468337
vn 0.0010399636 -0.46589321 -0.88484031
vn 8.266552e-07 -0.68721527 -0.72645372
vn 7.8438434e-06 -0.3054114 -0.9522205
vn -0.0059349397 -0.13207361 -0.9912222
vn -0.0065696798 -0.12363522 -0.99230599
vn -0.0018625287 -0.30562761 -0.95214921
vn -0.71228695 0.0012855738 -0.70188719
vn -0.70867813 0.0014610087 -0.70553035
vn -0.70868546 0.001467788 -0.70552295
vn -0.71189243 0.0016065802 -0.70228666
vn -1.2197587e-07 -0.85065007 0.52573234
vn 0 -0.68721569 0.72645348
vn 0 -0.7302593 0.68317014
vn -3.5086072e-07 -0.87079525 0.49164581
vn 0 -0.68721569 0.72645348
vn 0.00077635614 -0.4661921 0.88468325
vn 0.00037840332 -0.49024186 0.87158632
vn 0 -0.7302593 0.68317014
vn -0.7138654 -1.061249e-06 -0.70028287
vn -0.71228695 0.0012855738 -0.70188719
vn -0.71189243 0.0016065802 -0.70228666
vn -0.7138654 -1.061249e-06 -0.70028287
vn 5.3758924e-07 -0.85065007 -0.52573228
vn 4.1332913e-07 -0.68721509 -0.72645402
vn 8.266552e-07 -0.68721527 -0.72645372
vn 1.3191303e-06 -0.85065001 -0.5257324
vn 0.00077705452 -0.46619159 -0.88468337
vn 7.8438434e-06 -0.3054114 -0.9522205
vn -0.0018625287 -0.30562761 -0.95214921
vn 0.0010399636 -0.46589321 -0.88484031
vn 5.9457466e-07 -0.93788499 0.34694621
vn -1.2197587e-07 -0.85065007 0.52573234
vn -3.5086072e-07 -0.87079525 0.49164581
vn -1.2903648e-07 -0.95456052 0.29801723
vn 7.3443726e-07 -1 4.8891643e-08
vn 5.9457466e-07 -0.93788499 0.34694621
vn -1.2903648e-07 -0.95456052 0.29801723
vn 0 -1 1.9186473e-08
vn 7.3443726e-07 -1 4.8891643e-08
vn 5.3863425e-07 -0.93788493 -0.34694654
vn 1.3216905e-06 -0.93788505 -0.3469463
vn 1.4688712e-06 -1 -1.9556671e-08
vn 0.00077635614 -0.4661921 0.88468325
vn 0.0017897909 -0.30789083 0.95142001
vn 0.0016972793 -0.32050905 0.94724393
vn 0.00037840332 -0.49024186 0.87158632
vn 0.0017897909 -0.30789083 0.95142001
vn 0.00082012464 -0.1303291 0.99147046
vn 0.0016972793 -0.32050905 0.94724393
vn 0.7264539 -0.68721527 0
vn 0.52645457 -0.85020334 1.2381835e-07
vn 0.49268916 -0.87020534 3.5623844e-07
vn 0.68317044 -0.73025894 0
vn 0.99147093 -0.13032515 0.0008283903
vn 0.95141613 -0.30790278 0.0017894835
vn 0.94723737 -0.32052892 0.0016557793
vn 0.52645457 -0.85020334 1.2381835e-07
vn 0.34727779 -0.93776232 2.0948717e-07
vn 0.29769549 -0.95466089 3.8194338e-07
vn 0.49268916 -0.87020534 3.5623844e-07
vn -0.34694615 -0.93788499 -1.0350557e-07
vn -0.00049540651 -0.99999982 4.4776954e-08
vn -0.0004945462 -0.99999994 0
vn -0.34694615 -0.93788499 0
vn -0.52573228 -0.85065007 -6.1704306e-08
vn -0.34694615 -0.93788499 -1.0350557e-07
vn -0.34694615 -0.93788499 0
vn -0.52573252 -0.85064989 0
vn -0.88467336 -0.46621069 0.00075818505
vn -0.72645366 -0.68721545 0
vn -0.72645366 -0.68721545 0
vn -0.88482857 -0.46591556 0.0010394143
vn -0.99147105 -0.13032496 0.00082713878
vn -0.95141613 -0.30790284 0.0017891882
vn -0.95161051 -0.30730218 0.0017321893
vn -0.99254858 -0.12184753 0.00070175034
vn 0.70185572 0.0012947872 -0.71231794
vn 0.7054835 0.0014709621 -0.7087248
vn 0.70548105 0.0014732027 -0.7087273
vn 0.7022416 0.0016126925 -0.71193671
vn 0.95141613 -0.30790278 0.0017894835
vn 0.88467336 -0.46621075 0.00075815752
vn 0.87157989 -0.49025339 0.00035157663
vn 0.94723737 -0.32052892 0.0016557793
vn 0.88467336 -0.46621075 0.00075815752
vn 0.7264539 -0.68721527 0
vn 0.68317044 -0.73025894 0
vn 0.87157989 -0.49025339 0.00035157663
vn 0.34727779 -0.93776232 2.0948717e-07
vn -0.00049540651 -0.99999982 4.4776954e-08
vn -0.00018714838 -1 8.987648e-08
vn 0.29769549 -0.95466089 3.8194338e-07
vn -0.72645366 -0.68721545 0
vn -0.52573228 -0.85065007 -6.1704306e-08
vn -0.52573252 -0.85064989 0
vn -0.72645366 -0.68721545 0
vn -0.95141613 -0.30790284 0.0017891882
vn -0.88467336 -0.46621069 0.00075818505
vn -0.88482857 -0.46591556 0.0010394143
vn -0.95161051 -0.30730218 0.0017321893
vn 0.7002809 0 -0.71386743
vn 0.70185572 0.0012947872 -0.71231794
vn 0.7022416 0.0016126925 -0.71193671
vn 0.7002809 0 -0.71386743
vn 8.4182415e-07 -0.68636853 -0.72725385
vn -0.00077802484 -0.46405432 -0.88580644
vn -0.00038381049 -0.48760614 -0.87306356
vn 0 -0.73040593 -0.68301338
vn -0.00077802484 -0.46405432 -0.88580644
vn -0.0017881767 -0.30788773 -0.9514209
vn -0.0017076132 -0.3205044 -0.94724554
vn -0.00038381049 -0.48760614 -0.87306356
vn 6.7039906e-07 -0.93788517 -0.34694573
vn 6.6902709e-07 -0.85130435 -0.52467233
vn 0 -0.87110507 -0.49109674
vn 0 -0.95456052 -0.298017
vn -5.9846451e-07 -0.85065031 0.52573198
vn -1.0240315e-06 -0.68721557 0.72645348
vn -1.2094533e-06 -0.68721527 0.72645384
vn -1.196929e-06 -0.85065007 0.52573228
vn -0.00078072172 -0.46618742 0.8846857
vn -0.0017904219 -0.30788714 0.9514212
vn -0.0017065611 -0.30728507 0.95161593
vn -0.0010388122 -0.46588874 0.88484263
vn 9.6953798e-08 -0.93788499 0.3469463
vn -5.9846451e-07 -0.85065031 0.52573198
vn -1.196929e-06 -0.85065007 0.52573228
vn 0 -0.93788505 0.34694621
vn 9.9341186e-08 -1 -2.2490156e-07
vn 6.7039906e-07 -0.93788517 -0.34694573
vn 0 -0.95456052 -0.298017
vn 1.9868223e-07 -1 1.3430525e-07
vn -0.0017881767 -0.30788773 -0.9514209
vn -0.0008152604 -0.13032955 -0.9914704
vn -0.0017076132 -0.3205044 -0.94724554
vn 6.6902709e-07 -0.85130435 -0.52467233
vn 8.4182415e-07 -0.68636853 -0.72725385
vn 0 -0.73040593 -0.68301338
vn 0 -0.87110507 -0.49109674
vn 9.9341186e-08 -1 -2.2490156e-07
vn 9.6953798e-08 -0.93788499 0.3469463
vn 0 -0.93788505 0.34694621
vn 0 -1 -1.0951728e-06
vn -1.0240315e-06 -0.68721557 0.72645348
vn -0.00078072172 -0.46618742 0.8846857
vn -0.0010388122 -0.46588874 0.88484263
vn -1.2094533e-06 -0.68721527 0.72645384
vn -0.0017904219 -0.30788714 0.9514212
vn -0.00081823912 -0.13032915 0.99147046
vn -0.00067676604 -0.1218591 0.99254721
vn -0.0017065611 -0.30728507 0.95161593
vn -0.88448346 -0.46657151 -9.8772682e-07
vn -0.72645432 -0.68721485 -7.551123e-07
vn -0.6831708 -0.7302587 3.4971671e-07
vn -0.87155348 -0.49030036 0
vn 0.72645408 -0.68721497 3.92375e-07
vn 0.52573192 -0.85065037 4.9142551e-07
vn 0.52573192 -0.85065037 6.062603e-07
vn 0.72645372 -0.68721533 6.1260516e-07
vn 0.951437 -0.30784374 -8.3638309e-07
vn 0.88448352 -0.46657127 -1.1025253e-07
vn 0.88448358 -0.46657121 0
vn 0.95143694 -0.30784357 -1.4471859e-06
vn 0.34694535 -0.93788534 1.4440712e-07
vn -5.8669963e-07 -1 -1.8402217e-07
vn -2.5423651e-07 -1 -3.7738181e-07
vn 0.3469452 -0.93788534 0
vn -0.72645432 -0.68721485 -7.551123e-07
vn -0.52573156 -0.85065055 -6.6583334e-07
vn -0.49199292 -0.87059921 1.4429229e-07
vn -0.6831708 -0.7302587 3.4971671e-07
vn -0.99155504 -0.12968715 -2.0576335e-06
vn -0.95143729 -0.30784273 -1.1100764e-06
vn -0.94743949 -0.31993505 0
vn -0.52573156 -0.85065055 -6.6583334e-07
vn -0.34694558 -0.93788528 -5.6026227e-07
vn -0.29880038 -0.95431572 -1.0683078e-07
vn -0.49199292 -0.87059921 1.4429229e-07
vn -0.95143729 -0.30784273 -1.1100764e-06
vn -0.88448346 -0.46657151 -9.8772682e-07
vn -0.87155348 -0.49030036 0
vn -0.94743949 -0.31993505 0
vn -0.34694558 -0.93788528 -5.6026227e-07
vn -5.8669963e-07 -1 -1.8402217e-07
vn 0.003828729 -0.99999267 1.1774962e-08
vn -0.29880038 -0.95431572 -1.0683078e-07
vn 0.88448352 -0.46657127 -1.1025253e-07
vn 0.72645408 -0.68721497 3.92375e-07
vn 0.72645372 -0.68721533 6.1260516e-07
vn 0.88448358 -0.46657121 0
vn 0.99155474 -0.12968913 -1.3473139e-06
vn 0.951437 -0.30784374 -8.3638309e-07
vn 0.95143694 -0.30784357 -1.4471859e-06
vn 0.99262583 -0.12121887 -1.4543759e-06
vn 0.52573192 -0.85065037 4.9142551e-07
vn 0.34694535 -0.93788534 1.4440712e-07
vn 0.3469452 -0.93788534 0
vn 0.52573192 -0.85065037 6.062603e-07
vn 1 2.035972e-07 -2.5185491e-07
vn 1 0 0
vn 1 7.2894926e-07 -3.9066484e-07
vn -9.0812627e-08 8.0097931e-07 1
vn 0 -4.2463861e-07 0.99999994
vn 0 -2.0161938e-06 1
vn -4.1781885e-07 1.7744655e-06 0.99999994
vn -1.1422519e-07 2.7804579e-06 0.99999994
vn -3.5436477e-07 -1.2443483e-06 1
vn -1.2871e-07 -6.5892374e-07 1
vn 1.4518343e-08 6.8662001e-07 1
vn -5.9444467e-09 4.2365133e-07 1
vn -1 -8.2579795e-08 -4.0228244e-07
vn -1 -3.3039956e-07 -7.9030298e-07
vn -1 -1.8141064e-07 -8.9253859e-08
vn -1 4.5673221e-09 -7.619409e-07
vn -1 5.5665737e-07 -3.7938193e-07
vn -1 1.9161472e-07 -1.9077552e-11
vn -1 0 0
vn -1 0 0
vn -1 0 -1.2775685e-10
vn -2.574198e-07 4.40685e-07 -1
vn 0 -7.3330892e-07 -1
vn -4.685258e-07 2.401533e-06 -1
vn 5.6845613e-07 -2.9979134e-07 -1
vn 9.1610082e-07 6.3230738e-07 -1
vn 9.5595158e-07 -1.1529115e-07 -1
vn 0 5.1427723e-08 -1
vn 0 4.661519e-07 -1
vn 0 -4.1472649e-07 -1
vn 1 0 0
vn 1 0 0
vn 1 0 0
vn 1 1.6515969e-07 3.4015358e-07
vn 1 -1.5607232e-07 2.7657109e-07
vn 1 -3.6057918e-07 4.3679415e-07
vn 1 0 5.0703775e-09
vn 1 0 4.2496262e-10
vn 0.99999994 0 4.2496204e-10
vn 1 0 4.2496262e-10
vn 1 7.2894926e-07 -3.9066484e-07
vn 0.99999994 0 4.2496204e-10
vn 1 7.2894926e-07 -3.9066484e-07
vn 0.99999994 -3.178985e-06 -3.9737256e-06
vn 1 5.5523781e-08 -5.4390711e-07
vn 1 5.5523781e-08 -5.4390711e-07
vn 1 -7.5886227e-08 -5.7799633e-07
vn 1 6.1139353e-08 -9.0153156e-07
vn 1 -7.5886227e-08 -5.7799633e-07
vn 1 0 -1.1921047e-05
vn 1 -3.3408501e-08 -1.4739112e-06
vn 1 6.1139353e-08 -9.0153156e-07
vn 1 -7.5886227e-08 -5.7799633e-07
vn 1 -3.3408501e-08 -1.4739112e-06
vn 1 -3.3408501e-08 -1.4739112e-06
vn 1 4.1833694e-08 -2.7158426e-06
vn 1 6.1139353e-08 -9.0153156e-07
vn 1 4.1833694e-08 -2.7158426e-06
vn 1 0 -2.3841952e-05
vn 1 6.1139353e-08 -9.0153156e-07
vn 1 6.1139353e-08 -9.0153156e-07
vn 1 2.035972e-07 -2.5185491e-07
vn 1 5.5523781e-08 -5.4390711e-07
vn 1 2.035972e-07 -2.5185491e-07
vn 1 0 0
vn 1 0 0
vn 1 0 0
vn 0.99999994 0 4.2496204e-10
vn 1 7.2894926e-07 -3.9066484e-07
vn 1 2.035972e-07 -2.5185491e-07
vn 1 7.2894926e-07 -3.9066484e-07
vn 1 5.5523781e-08 -5.4390711e-07
vn 0 -7.9473884e-06 1
vn 0 8.5786503e-08 1
vn -9.0812627e-08 8.0097931e-07 1
vn 0 8.5786503e-08 1
vn 0 2.2252846e-06 1
vn 0 -4.2463861e-07 0.99999994
vn -9.0812627e-08 8.0097931e-07 1
vn 0 8.5786503e-08 1
vn 0 -4.2463861e-07 0.99999994
vn 0 2.2252846e-06 1
vn 0 0 1
vn 0 -5.4609091e-06 1
vn 0 -5.4609091e-06 1
vn 0 -4.2463861e-07 0.99999994
vn 0 2.2252846e-06 1
vn 0 -4.2463861e-07 0.99999994
vn 0 -3.9737256e-06 0.99999994
vn 0 -2.0161938e-06 1
vn 0 -2.0161938e-06 1
vn -9.4273346e-08 -8.0447205e-07 1
vn -9.0812627e-08 8.0097931e-07 1
vn -9.4273346e-08 -8.0447205e-07 1
vn 0 0 1
vn -1.3242104e-07 -9.3660368e-08 0.99999994
vn -1.3242104e-07 -9.3660368e-08 0.99999994
vn -1.2558117e-07 -7.2851054e-07 0.99999994
vn -1.4056246e-07 5.2864118e-07 1
vn -1.2558117e-07 -7.2851054e-07 0.99999994
vn 0 0 1
vn -1.4056246e-07 5.2864118e-07 1
vn -1.4056246e-07 5.2864118e-07 1
vn -9.0812627e-08 8.0097931e-07 1
vn -9.4273346e-08 -8.0447205e-07 1
vn -1.3242104e-07 -9.3660368e-08 0.99999994
vn -1.4056246e-07 5.2864118e-07 1
vn -9.4273346e-08 -8.0447205e-07 1
vn 0 0 1
vn 0 0 0.99999994
vn 0 0 1
vn 0 0 0.99999994
vn -3.5436477e-07 -1.2443483e-06 1
vn 0 0 1
vn -3.5436477e-07 -1.2443483e-06 1
vn -2.3842056e-06 0 0.99999994
vn -4.5216589e-07 -4.5444077e-07 1
vn -4.5216589e-07 -4.5444077e-07 1
vn -2.9010928e-07 5.7367674e-07 0.99999994
vn -2.9555298e-07 1.1701502e-06 1
vn -2.9010928e-07 5.7367674e-07 0.99999994
vn 0 0 1
vn -2.6468305e-07 8.1536837e-07 1
vn -2.9555298e-07 1.1701502e-06 1
vn -2.9010928e-07 5.7367674e-07 0.99999994
vn -2.6468305e-07 8.1536837e-07 1
vn -2.6468305e-07 8.1536837e-07 1
vn -2.5100204e-07 3.1375282e-07 1
vn -2.9555298e-07 1.1701502e-06 1
vn -2.5100204e-07 3.1375282e-07 1
vn 0 0 1
vn -2.9555298e-07 1.1701502e-06 1
vn -2.9555298e-07 1.1701502e-06 1
vn -4.1781885e-07 1.7744655e-06 0.99999994
vn -4.5216589e-07 -4.5444077e-07 1
vn -4.1781885e-07 1.7744655e-06 0.99999994
vn -2.3842024e-06 -7.9474121e-06 1
vn -1.1422519e-07 2.7804579e-06 0.99999994
vn -1.1422519e-07 2.7804579e-06 0.99999994
vn 0 0 1
vn -3.5436477e-07 -1.2443483e-06 1
vn -4.1781885e-07 1.7744655e-06 0.99999994
vn -3.5436477e-07 -1.2443483e-06 1
vn -4.5216589e-07 -4.5444077e-07 1
vn 0 4.7873496e-06 0.99999994
vn 0 -2.3796837e-07 0.99999994
vn -5.9444467e-09 4.2365133e-07 1
vn 0 -2.3796837e-07 0.99999994
vn 0 -7.9473721e-06 0.99999994
vn -1.2871e-07 -6.5892374e-07 1
vn -5.9444467e-09 4.2365133e-07 1
vn 0 -2.3796837e-07 0.99999994
vn -1.2871e-07 -6.5892374e-07 1
vn -1.2871e-07 -6.5892374e-07 1
vn -1.5231402e-07 0 0.99999994
vn 1.4518343e-08 6.8662001e-07 1
vn -1.5231402e-07 0 0.99999994
vn 0 0 1
vn -1.3234143e-07 -4.0144879e-08 1
vn -1.3234143e-07 -4.0144879e-08 1
vn -1.2550103e-07 -3.1375282e-07 1
vn -1.4051699e-07 -1.8149649e-07 1
vn -1.2550103e-07 -3.1375282e-07 1
vn 0 0 1
vn -1.4051699e-07 -1.8149649e-07 1
vn -1.4051699e-07 -1.8149649e-07 1
vn 1.4518343e-08 6.8662001e-07 1
vn -1.5231402e-07 0 0.99999994
vn -1.3234143e-07 -4.0144879e-08 1
vn -1.4051699e-07 -1.8149649e-07 1
vn -1.5231402e-07 0 0.99999994
vn 1.4518343e-08 6.8662001e-07 1
vn 2.3842429e-06 7.9474203e-06 1
vn -5.9444467e-09 4.2365133e-07 1
vn -5.9444467e-09 4.2365133e-07 1
vn 0 -5.4609163e-06 1
vn 0 4.7873496e-06 0.99999994
vn 0 -5.4609163e-06 1
vn 0 0 1
vn 0 4.7873496e-06 0.99999994
vn -1 0 -9.4160368e-10
vn -1 -2.1849917e-06 -7.8671195e-11
vn -1 -6.4712123e-07 -7.8918483e-11
vn -1 -2.1849917e-06 -7.8671195e-11
vn -1 -1.8141064e-07 -8.9253859e-08
vn -1 -6.4712123e-07 -7.8918483e-11
vn -1 -1.8141064e-07 -8.9253859e-08
vn -1 0 0
vn -1 7.8036237e-08 -1.9170894e-08
vn -1 7.8036237e-08 -1.9170894e-08
vn -0.99999994 3.794316e-08 6.331519e-07
vn -1 -3.0569737e-08 2.7500204e-07
vn -0.99999994 3.794316e-08 6.331519e-07
vn -1 0 2.3842236e-05
vn -1 1.6704252e-08 2.4531616e-06
vn -1 -3.0569737e-08 2.7500204e-07
vn -0.99999994 3.794316e-08 6.331519e-07
vn -1 1.6704252e-08 2.4531616e-06
vn -1 1.6704252e-08 2.4531616e-06
vn -1 -2.0916959e-08 2.0883633e-06
vn -1 -3.0569737e-08 2.7500204e-07
vn -1 -2.0916959e-08 2.0883633e-06
vn -1 0 2.3842165e-05
vn -1 -3.0569737e-08 2.7500204e-07
vn -1 -3.0569737e-08 2.7500204e-07
vn -1 -8.2579795e-08 -4.0228244e-07
vn -1 7.8036237e-08 -1.9170894e-08
vn -1 -8.2579795e-08 -4.0228244e-07
vn -1 0 0
vn -1 -3.3039956e-07 -7.9030298e-07
vn -1 -3.3039956e-07 -7.9030298e-07
vn -1 -6.4712123e-07 -7.8918483e-11
vn -1 -1.8141064e-07 -8.9253859e-08
vn -1 -8.2579795e-08 -4.0228244e-07
vn -1 -1.8141064e-07 -8.9253859e-08
vn -1 7.8036237e-08 -1.9170894e-08
vn -1 0 -2.5465572e-09
vn -1 0 -2.1343374e-10
vn -1 0 -2.1343367e-10
vn -1 0 -2.1343374e-10
vn -1 1.9161472e-07 -1.9077552e-11
vn -1 0 -2.1343367e-10
vn -1 1.9161472e-07 -1.9077552e-11
vn -1 0 0
vn -1 7.8036187e-08 -1.9101572e-08
vn -1 7.8036187e-08 -1.9101572e-08
vn -1 3.7943163e-08 6.3319249e-07
vn -1 -3.0569677e-08 2.7495554e-07
vn -1 3.7943163e-08 6.3319249e-07
vn -1 0 2.3842094e-05
vn -1 1.6704281e-08 2.4531571e-06
vn -1 -3.0569677e-08 2.7495554e-07
vn -1 3.7943163e-08 6.3319249e-07
vn -1 1.6704281e-08 2.4531571e-06
vn -1 1.6704281e-08 2.4531571e-06
vn -1 -2.0916847e-08 2.0883613e-06
vn -1 -3.0569677e-08 2.7495554e-07
vn -1 -2.0916847e-08 2.0883613e-06
vn -1 0 2.3842236e-05
vn -1 -3.0569677e-08 2.7495554e-07
vn -1 -3.0569677e-08 2.7495554e-07
vn -1 4.5673221e-09 -7.619409e-07
vn -1 7.8036187e-08 -1.9101572e-08
vn -1 4.5673221e-09 -7.619409e-07
vn -1 -1.5408447e-06 -7.7852519e-06
vn -1 5.5665737e-07 -3.7938193e-07
vn -1 5.5665737e-07 -3.7938193e-07
vn -1 0 -2.1343367e-10
vn -1 1.9161472e-07 -1.9077552e-11
vn -1 4.5673221e-09 -7.619409e-07
vn -1 1.9161472e-07 -1.9077552e-11
vn -1 7.8036187e-08 -1.9101572e-08
vn -1 0 -7.162175e-11
vn -1 0 0
vn -1 0 -1.2775685e-10
vn -1 0 0
vn -0.99999994 0 0
vn -1 0 0
vn -1 0 -1.2775685e-10
vn -1 0 0
vn -1 0 0
vn -1 0 0
vn -0.99999994 0 3.1663961e-07
vn -1 0 0
vn -0.99999994 0 3.1663961e-07
vn -1 0 1.1921012e-05
vn -1 0 1.2534263e-06
vn -1 0 1.2534263e-06
vn -1 0 -2.5066995e-06
vn -1 0 -6.3314707e-07
vn -1 0 -2.5066995e-06
vn -1 0 -2.3842094e-05
vn -1 0 -6.3314707e-07
vn -1 0 -6.3314707e-07
vn -1 0 0
vn -0.99999994 0 3.1663961e-07
vn -1 0 1.2534263e-06
vn -1 0 -6.3314707e-07
vn -0.99999994 0 3.1663961e-07
vn -1 0 0
vn -1 0 0
vn -1 0 -1.2775685e-10
vn -1 0 -1.2775685e-10
vn -1 0 -1.161375e-09
vn -1 0 -7.162175e-11
vn -1 0 -1.161375e-09
vn -1 0 0
vn -1 0 -7.162175e-11
vn 0 0 -1
vn 0 5.450926e-06 -1
vn 0 2.8981167e-06 -1
vn 0 5.450926e-06 -1
vn -4.685258e-07 2.401533e-06 -1
vn 0 2.8981167e-06 -1
vn -4.685258e-07 2.401533e-06 -1
vn -4.7684402e-06 -3.9737101e-06 -1
vn -6.1256611e-07 4.9242641e-07 -1
vn -6.1256611e-07 4.9242641e-07 -1
vn -2.9010934e-07 3.944028e-07 -1
vn -2.9555309e-07 -5.3387703e-07 -1
vn -2.9010934e-07 3.944028e-07 -1
vn 0 0 -1
vn -2.6468317e-07 4.0584112e-07 -1
vn -2.9555309e-07 -5.3387703e-07 -1
vn -2.9010934e-07 3.944028e-07 -1
vn -2.6468317e-07 4.0584112e-07 -1
vn -2.6468317e-07 4.0584112e-07 -1
vn -2.5100232e-07 -9.9355179e-07 -1
vn -2.9555309e-07 -5.3387703e-07 -1
vn -2.5100232e-07 -9.9355179e-07 -1
vn 0 0 -1
vn -2.9555309e-07 -5.3387703e-07 -1
vn -2.9555309e-07 -5.3387703e-07 -1
vn -2.574198e-07 4.40685e-07 -1
vn -6.1256611e-07 4.9242641e-07 -1
vn -2.574198e-07 4.40685e-07 -1
vn 0 7.9473411e-06 -1
vn 0 -7.3330892e-07 -1
vn 0 -7.3330892e-07 -1
vn 0 2.8981167e-06 -1
vn -4.685258e-07 2.401533e-06 -1
vn -2.574198e-07 4.40685e-07 -1
vn -4.685258e-07 2.401533e-06 -1
vn -6.1256611e-07 4.9242641e-07 -1
vn 0 0 -1
vn 5.6749036e-07 -1.5806042e-06 -1
vn 5.6845613e-07 -2.9979134e-07 -1
vn 5.6749036e-07 -1.5806042e-06 -1
vn 6.7967966e-07 8.3633631e-07 -1
vn 9.1610082e-07 6.3230738e-07 -1
vn 5.6845613e-07 -2.9979134e-07 -1
vn 5.6749036e-07 -1.5806042e-06 -1
vn 9.1610082e-07 6.3230738e-07 -1
vn 6.7967966e-07 8.3633631e-07 -1
vn 1.1920898e-06 5.9604831e-06 -1
vn 1.1920963e-06 5.9604636e-06 -1
vn 1.1920963e-06 5.9604636e-06 -1
vn 9.1610082e-07 6.3230738e-07 -1
vn 6.7967966e-07 8.3633631e-07 -1
vn 9.1610082e-07 6.3230738e-07 -1
vn 4.7684161e-06 -3.9736901e-06 -1
vn 9.5595158e-07 -1.1529115e-07 -1
vn 9.5595158e-07 -1.1529115e-07 -1
vn 6.0944893e-07 -1.1420429e-06 -1
vn 5.6845613e-07 -2.9979134e-07 -1
vn 6.0944893e-07 -1.1420429e-06 -1
vn 0 0 -1
vn 5.296842e-07 -1.5417787e-06 -1
vn 5.296842e-07 -1.5417787e-06 -1
vn 5.0232444e-07 0 -1
vn 5.6224997e-07 -1.1902628e-07 -1
vn 5.0232444e-07 0 -1
vn 0 0 -1
vn 5.6224997e-07 -1.1902628e-07 -1
vn 5.6224997e-07 -1.1902628e-07 -1
vn 5.6845613e-07 -2.9979134e-07 -1
vn 6.0944893e-07 -1.1420429e-06 -1
vn 5.296842e-07 -1.5417787e-06 -1
vn 5.6224997e-07 -1.1902628e-07 -1
vn 6.0944893e-07 -1.1420429e-06 -1
vn 0 0 -1
vn 0 -5.4608868e-06 -0.99999994
vn 0 2.2252927e-06 -1
vn 0 -5.4608868e-06 -0.99999994
vn 0 -4.1472649e-07 -1
vn 0 2.2252927e-06 -1
vn 0 -4.1472649e-07 -1
vn 0 -7.9474039e-06 -1
vn 0 -1.834107e-06 -1
vn 0 -1.834107e-06 -1
vn 0 -7.2892209e-07 -1
vn 0 7.280164e-08 -1
vn 0 -7.2892209e-07 -1
vn 0 0 -1
vn 0 3.3085391e-07 -1
vn 0 7.280164e-08 -1
vn 0 -7.2892209e-07 -1
vn 0 3.3085391e-07 -1
vn 0 3.3085391e-07 -1
vn 0 3.1375296e-07 -1
vn 0 7.280164e-08 -1
vn 0 3.1375296e-07 -1
vn 0 0 -1
vn 0 7.280164e-08 -1
vn 0 7.280164e-08 -1
vn 0 5.1427723e-08 -1
vn 0 -1.834107e-06 -1
vn 0 5.1427723e-08 -1
vn 0 0 -1
vn 0 4.661519e-07 -1
vn 0 4.661519e-07 -1
vn 0 2.2252927e-06 -1
vn 0 -4.1472649e-07 -1
vn 0 5.1427723e-08 -1
vn 0 -4.1472649e-07 -1
vn 0 -1.834107e-06 -1
vn 1 0 0
vn 1 0 0
vn 1 0 0
vn 1 0 0
vn 1 0 0
vn 1 0 0
vn 1 0 0
vn 1 0 0
vn 1 0 0
vn 1 0 0
vn 1 0 0
vn 1 0 0
vn 1 0 0
vn 1 0 0
vn 1 0 0
vn 1 0 0
vn 1 0 0
vn 1 0 0
vn 1 0 0
vn 1 0 -2.1782739e-11
vn 1 0 0
vn 1 0 -2.1782739e-11
vn 1 0 0
vn 1 0 -2.9407095e-11
vn 1 0 -2.9407095e-11
vn 1 0 0
vn 1 0 -2.2702476e-12
vn 1 0 0
vn 1 0 0
vn 1 0 -2.2702476e-12
vn 1 0 -2.2702476e-12
vn 1 0 0
vn 1 0 -2.1782739e-11
vn 1 0 -2.9407095e-11
vn 1 0 -2.2702476e-12
vn 1 0 -2.1782739e-11
vn 0.99999994 1.2897582e-06 8.4966928e-07
vn 0.99999994 6.6079883e-07 5.1178728e-07
vn 1 -3.6057918e-07 4.3679415e-07
vn 0.99999994 6.6079883e-07 5.1178728e-07
vn 1 0 0
vn 1 1.6515969e-07 3.4015358e-07
vn 1 -3.6057918e-07 4.3679415e-07
vn 0.99999994 6.6079883e-07 5.1178728e-07
vn 1 1.6515969e-07 3.4015358e-07
vn 1 1.6515969e-07 3.4015358e-07
vn 0.99999994 6.859554e-08 2.7594407e-07
vn 1 -1.5607232e-07 2.7657109e-07
vn 0.99999994 6.859554e-08 2.7594407e-07
vn 1 0 0
vn 1 3.3408639e-08 2.2056904e-07
vn 1 3.3408639e-08 2.2056904e-07
vn 1 -4.1833967e-08 2.7158417e-06
vn 1 -6.8430239e-08 8.8700466e-07
vn 1 -4.1833967e-08 2.7158417e-06
vn 1 0 2.3841882e-05
vn 1 -6.8430239e-08 8.8700466e-07
vn 1 -6.8430239e-08 8.8700466e-07
vn 1 -1.5607232e-07 2.7657109e-07
vn 0.99999994 6.859554e-08 2.7594407e-07
vn 1 3.3408639e-08 2.2056904e-07
vn 1 -6.8430239e-08 8.8700466e-07
vn 0.99999994 6.859554e-08 2.7594407e-07
vn 1 -1.5607232e-07 2.7657109e-07
vn 1 0 0
vn 1 -3.6057918e-07 4.3679415e-07
vn 1 -3.6057918e-07 4.3679415e-07
vn 1 -1.7847281e-06 1.4912994e-06
vn 0.99999994 1.2897582e-06 8.4966928e-07
vn 1 -1.7847281e-06 1.4912994e-06
vn 1 4.7683429e-06 1.4901086e-06
vn 0.99999994 1.2897582e-06 8.4966928e-07
vn 0.88105375 -0.4730162 0
vn 0.88105375 -0.4730162 0
vn 0.88105375 -0.4730162 0
vn 0.88105375 -0.4730162 0
vn 0.88105261 0.47301823 4.2219472e-07
vn 0.88105261 0.47301823 4.2219472e-07
vn 0.88105261 0.47301823 4.2219472e-07
vn 0.88105261 0.47301823 4.2219472e-07
vn 0 -0.47301558 0.88105404
vn 0 -0.47301558 0.88105404
vn 0 -0.47301558 0.88105404
vn 0 -0.47301558 0.88105404
vn 0 0 1
vn 0 0 1
vn 0 0 1
vn 0 0 1
vn -1 0 0
vn -1 0 0
vn -1 0 0
vn -1 0 0
vn 0.99999994 -8.5149431e-08 -4.9174974e-07
vn 0.99999994 -8.5149431e-08 -4.9174974e-07
vn 0.99999994 -8.5149431e-08 -4.9174974e-07
vn 0.99999994 -8.5149431e-08 -4.9174974e-07
vn 0 0 -1
vn 0 0 -1
vn 0 0 -1
vn 0 0 -1
vn 0 0.47302026 -0.88105154
vn 0 0.47302026 -0.88105154
vn 0 0.47302026 -0.88105154
vn 0 0.47302026 -0.88105154
vn -0.88105375 -0.4730162 0
vn -0.88105375 -0.4730162 0
vn -0.88105375 -0.4730162 0
vn -0.88105375 -0.4730162 0
vn 0 0 -1
vn 0 0 -1
vn 0 0 -1
vn 0 0 -1
vn 1 0 0
vn 1 0 0
vn 1 0 0
vn 1 0 0
vn 0 0 1
vn 0 0 1
vn 0 0 1
vn 0 0 1
vn -1 0 0
vn -1 0 0
vn -1 0 0
vn -1 0 0
vn 0 0 -1
vn 0 0 -1
vn 0 0 -1
vn 0 0 -1
vn 1 0 0
vn 1 0 0
vn 1 0 0
vn 1 0 0
vn -1 0 0
vn -1 0 0
vn -1 0 0
vn -1 0 0
vn 0 0 1
vn 0 0 1
vn 0 0 1
vn 0 0 1
vn -0.8810519 0.4730196 -2.814628e-07
vn -0.8810519 0.4730196 -2.814628e-07
vn -0.8810519 0.4730196 -2.814628e-07
vn -0.8810519 0.4730196 -2.814628e-07
vn 0 -0.47301996 -0.88105166
vn 0 -0.47301996 -0.88105166
vn 0 -0.47301996 -0.88105166
vn 0 -0.47301996 -0.88105166
vn 6.5967818e-08 0.47302055 0.88105142
vn 6.5967818e-08 0.47302055 0.88105142
vn 6.5967818e-08 0.47302055 0.88105142
vn 6.5967818e-08 0.47302055 0.88105142
vn 0 1 0
vn 0 1 0
vn 0 1 0
vn 0 1 0
vn -4.3711367e-08 -1 7.549788e-08
vn -4.3711367e-08 -1 7.549788e-08
vn -4.3711367e-08 -1 7.549788e-08
vn -4.3711367e-08 -1 7.549788e-08
vn 0.88105363 -0.47301647 0
vn 0.88105363 -0.47301647 0
vn 0.88105363 -0.47301647 0
vn 0.88105363 -0.47301647 0
vn 0.88105184 0.47301975 -2.8146255e-07
vn 0.88105184 0.47301975 -2.8146255e-07
vn 0.88105184 0.47301975 -2.8146255e-07
vn 0.88105184 0.47301975 -2.8146255e-07
vn 0 -0.47301996 0.88105166
vn 0 -0.47301996 0.88105166
vn 0 -0.47301996 0.88105166
vn 0 -0.47301996 0.88105166
vn 0 0 1
vn 0 0 1
vn 0 0 1
vn 0 0 1
vn -1 0 9.8350017e-07
vn -1 0 9.8350017e-07
vn -1 0 9.8350017e-07
vn -1 0 9.8350017e-07
vn 1 -1.7029897e-07 0
vn 1 -1.7029897e-07 0
vn 1 -1.7029897e-07 0
vn 1 -1.7029897e-07 0
vn 0 -3.7788624e-08 -1
vn 0 -3.7788624e-08 -1
vn 0 -3.7788624e-08 -1
vn 0 -3.7788624e-08 -1
vn 2.1989273e-08 0.47302055 -0.88105142
vn 2.1989273e-08 0.47302055 -0.88105142
vn 2.1989273e-08 0.47302055 -0.88105142
vn 2.1989273e-08 0.47302055 -0.88105142
vn -0.88105184 -0.47301975 0
vn -0.88105184 -0.47301975 0
vn -0.88105184 -0.47301975 0
vn -0.88105184 -0.47301975 0
vn 0 0 -1
vn 0 0 -1
vn 0 0 -1
vn 0 0 -1
vn 1 0 0
vn 1 0 0
vn 1 0 0
vn 1 0 0
vn 0 0 1
vn 0 0 1
vn 0 0 1
vn 0 0 1
vn -1 4.7683716e-07 0
vn -1 4.7683716e-07 0
vn -1 4.7683716e-07 0
vn -1 4.7683716e-07 0
vn 0 0 -1
vn 0 0 -1
vn 0 0 -1
vn 0 0 -1
vn 1 0 0
vn 1 0 0
vn 1 0 0
vn 1 0 0
vn -1 0 0
vn -1 0 0
vn -1 0 0
vn -1 0 0
vn 0 0 1
vn 0 0 1
vn 0 0 1
vn 0 0 1
vn -0.88105172 0.47302005 -2.814634e-07
vn -0.88105172 0.47302005 -2.814634e-07
vn -0.88105172 0.47302005 -2.814634e-07
vn -0.88105172 0.47302005 -2.814634e-07
vn 0 -0.47301996 -0.88105166
vn 0 -0.47301996 -0.88105166
vn 0 -0.47301996 -0.88105166
vn 0 -0.47301996 -0.88105166
vn 0 0.4730162 0.88105375
vn 0 0.4730162 0.88105375
vn 0 0.4730162 0.88105375
vn 0 0.4730162 0.88105375
vn 0 1 0
vn 0 1 0
vn 0 1 0
vn 0 1 0
vn -4.3711456e-08 -1 7.549788e-08
vn -4.3711456e-08 -1 7.549788e-08
vn -4.3711456e-08 -1 7.549788e-08
vn -4.3711456e-08 -1 7.549788e-08
vn 0.88105202 -0.47301951 4.221906e-07
vn 0.88105202 -0.47301951 4.221906e-07
vn 0.88105202 -0.47301951 4.221906e-07
vn 0.88105202 -0.47301951 4.221906e-07
vn 0.88105184 0.47301978 -2.8146212e-07
vn 0.88105184 0.47301978 -2.8146212e-07
vn 0.88105184 0.47301978 -2.8146212e-07
vn 0.88105184 0.47301978 -2.8146212e-07
vn 0 -0.47302088 0.88105124
vn 0 -0.47302088 0.88105124
vn 0 -0.47302088 0.88105124
vn 0 -0.47302088 0.88105124
vn 0 0 1
vn 0 0 1
vn 0 0 1
vn 0 0 1
vn -1 0 0
vn -1 0 0
vn -1 0 0
vn -1 0 0
vn 1 0 9.8350017e-07
vn 1 0 9.8350017e-07
vn 1 0 9.8350017e-07
vn 1 0 9.8350017e-07
vn 0 0 -1
vn 0 0 -1
vn 0 0 -1
vn 0 0 -1
vn 0 0.47302088 -0.88105124
vn 0 0.47302088 -0.88105124
vn 0 0.47302088 -0.88105124
vn 0 0.47302088 -0.88105124
vn -0.88105136 -0.47302064 0
vn -0.88105136 -0.47302064 0
vn -0.88105136 -0.47302064 0
vn -0.88105136 -0.47302064 0
vn 0 0 -1
vn 0 0 -1
vn 0 0 -1
vn 0 0 -1
vn 1 0 0
vn 1 0 0
vn 1 0 0
vn 1 0 0
vn 0 0 1
vn 0 0 1
vn 0 0 1
vn 0 0 1
vn -1 0 0
vn -1 0 0
vn -1 0 0
vn -1 0 0
vn 0 0 -1
vn 0 0 -1
vn 0 0 -1
vn 0 0 -1
vn 1 0 0
vn 1 0 0
vn 1 0 0
vn 1 0 0
vn -1 0 0
vn -1 0 0
vn -1 0 0
vn -1 0 0
vn 0 0 1
vn 0 0 1
vn 0 0 1
vn 0 0 1
vn -0.88105184 0.47301978 -2.8146414e-07
vn -0.88105184 0.47301978 -2.8146414e-07
vn -0.88105184 0.47301978 -2.8146414e-07
vn -0.88105184 0.47301978 -2.8146414e-07
vn -1.7591429e-07 -0.47302088 -0.88105124
vn -1.7591429e-07 -0.47302088 -0.88105124
vn -1.7591429e-07 -0.47302088 -0.88105124
vn -1.7591429e-07 -0.47302088 -0.88105124
vn 0 0.47302088 0.88105124
vn 0 0.47302088 0.88105124
vn 0 0.47302088 0.88105124
vn 0 0.47302088 0.88105124
vn 0 1 0
vn 0 1 0
vn 0 1 0
vn 0 1 0
vn -4.3711456e-08 -1 7.549788e-08
vn -4.3711456e-08 -1 7.549788e-08
vn -4.3711456e-08 -1 7.549788e-08
vn -4.3711456e-08 -1 7.549788e-08
vn 0.88105112 -0.47302088 0
vn 0.88105112 -0.47302088 0
vn 0.88105112 -0.47302088 0
vn 0.88105112 -0.47302088 0
vn 0.88105184 0.47301975 -1.4073127e-07
vn 0.88105184 0.47301975 -1.4073127e-07
vn 0.88105184 0.47301975 -1.4073127e-07
vn 0.88105184 0.47301975 -1.4073127e-07
vn 0 -0.47301647 0.88105357
vn 0 -0.47301647 0.88105357
vn 0 -0.47301647 0.88105357
vn 0 -0.47301647 0.88105357
vn 0 2.4587496e-07 1
vn 0 2.4587496e-07 1
vn 0 2.4587496e-07 1
vn 0 2.4587496e-07 1
vn -1 0 0
vn -1 0 0
vn -1 0 0
vn -1 0 0
vn 1 0 0
vn 1 0 0
vn 1 0 0
vn 1 0 0
vn 0 -2.4587496e-07 -1
vn 0 -2.4587496e-07 -1
vn 0 -2.4587496e-07 -1
vn 0 -2.4587496e-07 -1
vn 0 0.47302055 -0.88105142
vn 0 0.47302055 -0.88105142
vn 0 0.47302055 -0.88105142
vn 0 0.47302055 -0.88105142
vn -0.88105112 -0.47302088 0
vn -0.88105112 -0.47302088 0
vn -0.88105112 -0.47302088 0
vn -0.88105112 -0.47302088 0
vn 0 0 -1
vn 0 0 -1
vn 0 0 -1
vn 0 0 -1
vn 1 0 0
vn 1 0 0
vn 1 0 0
vn 1 0 0
vn 0 0 1
vn 0 0 1
vn 0 0 1
vn 0 0 1
vn -1 0 0
vn -1 0 0
vn -1 0 0
vn -1 0 0
vn 0 0 -1
vn 0 0 -1
vn 0 0 -1
vn 0 0 -1
vn 1 0 0
vn 1 0 0
vn 1 0 0
vn 1 0 0
vn -1 0 0
vn -1 0 0
vn -1 0 0
vn -1 0 0
vn 0 0 1
vn 0 0 1
vn 0 0 1
vn 0 0 1
vn -0.8810519 0.4730196 -2.8146314e-07
vn -0.8810519 0.4730196 -2.8146314e-07
vn -0.8810519 0.4730196 -2.8146314e-07
vn -0.8810519 0.4730196 -2.8146314e-07
vn 0 -0.47301647 -0.88105357
vn 0 -0.47301647 -0.88105357
vn 0 -0.47301647 -0.88105357
vn 0 -0.47301647 -0.88105357
vn 8.7957325e-08 0.4730162 0.88105375
vn 8.7957325e-08 0.4730162 0.88105375
vn 8.7957325e-08 0.4730162 0.88105375
vn 8.7957325e-08 0.4730162 0.88105375
vn 0 1 0
vn 0 1 0
vn 0 1 0
vn 0 1 0
vn -4.3711367e-08 -1 7.549788e-08
vn -4.3711367e-08 -1 7.549788e-08
vn -4.3711367e-08 -1 7.549788e-08
vn -4.3711367e-08 -1 7.549788e-08
vn 0.88105202 -0.47301942 7.0365992e-08
vn 0.88105202 -0.47301942 7.0365992e-08
vn 0.88105202 -0.47301942 7.0365992e-08
vn 0.88105202 -0.47301942 7.0365992e-08
vn 0.8810519 0.4730196 -1.0554864e-07
vn 0.8810519 0.4730196 -1.0554864e-07
vn 0.8810519 0.4730196 -1.0554864e-07
vn 0.8810519 0.4730196 -1.0554864e-07
vn 0 -0.47302088 0.88105124
vn 0 -0.47302088 0.88105124
vn 0 -0.47302088 0.88105124
vn 0 -0.47302088 0.88105124
vn 0 2.0329992e-07 1
vn 0 2.0329992e-07 1
vn 0 2.0329992e-07 1
vn 0 2.0329992e-07 1
vn -1 8.514948e-08 2.458751e-07
vn -1 8.514948e-08 2.458751e-07
vn -1 8.514948e-08 2.458751e-07
vn -1 8.514948e-08 2.458751e-07
vn 1 0 -2.458751e-07
vn 1 0 -2.458751e-07
vn 1 0 -2.458751e-07
vn 1 0 -2.458751e-07
vn 0 -1.2293745e-07 -1
vn 0 -1.2293745e-07 -1
vn 0 -1.2293745e-07 -1
vn 0 -1.2293745e-07 -1
vn 4.3978599e-08 0.47301692 -0.88105333
vn 4.3978599e-08 0.47301692 -0.88105333
vn 4.3978599e-08 0.47301692 -0.88105333
vn 4.3978599e-08 0.47301692 -0.88105333
vn -0.88105291 -0.47301775 7.0366063e-08
vn -0.88105291 -0.47301775 7.0366063e-08
vn -0.88105291 -0.47301775 7.0366063e-08
vn -0.88105291 -0.47301775 7.0366063e-08
vn 0 0 -1
vn 0 0 -1
vn 0 0 -1
vn 0 0 -1
vn 1 0 -1.4901175e-07
vn 1 0 -1.4901175e-07
vn 1 0 -1.4901175e-07
vn 1 0 -1.4901175e-07
vn 0 0 0.99999994
vn 0 0 0.99999994
vn 0 0 0.99999994
vn 0 0 0.99999994
vn -1 0 0
vn -1 0 0
vn -1 0 0
vn -1 0 0
vn 0 0 -1
vn 0 0 -1
vn 0 0 -1
vn 0 0 -1
vn 1 0 0
vn 1 0 0
vn 1 0 0
vn 1 0 0
vn -1 0 0
vn -1 0 0
vn -1 0 0
vn -1 0 0
vn 0 0 0.99999994
vn 0 0 0.99999994
vn 0 0 0.99999994
vn 0 0 0.99999994
vn -0.88105279 0.47301781 -1.0554887e-07
vn -0.88105279 0.47301781 -1.0554887e-07
vn -0.88105279 0.47301781 -1.0554887e-07
vn -0.88105279 0.47301781 -1.0554887e-07
vn 0 -0.47301868 -0.88105237
vn 0 -0.47301868 -0.88105237
vn 0 -0.47301868 -0.88105237
vn 0 -0.47301868 -0.88105237
vn 4.3978542e-08 0.47301912 0.8810522
vn 4.3978542e-08 0.47301912 0.8810522
vn 4.3978542e-08 0.47301912 0.8810522
vn 4.3978542e-08 0.47301912 0.8810522
vn 0 1 0
vn 0 1 0
vn 0 1 0
vn 0 1 0
vn -4.3711356e-08 -1 7.5497901e-08
vn -4.3711356e-08 -1 7.5497901e-08
vn -4.3711356e-08 -1 7.5497901e-08
vn -4.3711356e-08 -1 7.5497901e-08
vn 0.88105536 -0.47301322 0
vn 0.88105536 -0.47301322 0
vn 0.88105536 -0.47301322 0
vn 0.88105536 -0.47301322 0
vn 0.88105541 0.47301304 7.0366291e-08
vn 0.88105541 0.47301304 7.0366291e-08
vn 0.88105541 0.47301304 7.0366291e-08
vn 0.88105541 0.47301304 7.0366291e-08
vn 0 -0.47301951 0.88105202
vn 0 -0.47301951 0.88105202
vn 0 -0.47301951 0.88105202
vn 0 -0.47301951 0.88105202
vn 0 0 1
vn 0 0 1
vn 0 0 1
vn 0 0 1
vn -0.99999994 0 0
vn -0.99999994 0 0
vn -0.99999994 0 0
vn -0.99999994 0 0
vn 1 0 0
vn 1 0 0
vn 1 0 0
vn 1 0 0
vn 0 -1.8440591e-07 -1
vn 0 -1.8440591e-07 -1
vn 0 -1.8440591e-07 -1
vn 0 -1.8440591e-07 -1
vn 0 0.47301692 -0.88105333
vn 0 0.47301692 -0.88105333
vn 0 0.47301692 -0.88105333
vn 0 0.47301692 -0.88105333
vn -0.88105363 -0.47301647 0
vn -0.88105363 -0.47301647 0
vn -0.88105363 -0.47301647 0
vn -0.88105363 -0.47301647 0
vn 0 0 -1
vn 0 0 -1
vn 0 0 -1
vn 0 0 -1
vn 1 0 0
vn 1 0 0
vn 1 0 0
vn 1 0 0
vn 0 0 1
vn 0 0 1
vn 0 0 1
vn 0 0 1
vn -1 0 0
vn -1 0 0
vn -1 0 0
vn -1 0 0
vn 0 0 -1
vn 0 0 -1
vn 0 0 -1
vn 0 0 -1
vn 1 0 0
vn 1 0 0
vn 1 0 0
vn 1 0 0
vn -1 0 0
vn -1 0 0
vn -1 0 0
vn -1 0 0
vn 0 0 1
vn 0 0 1
vn 0 0 1
vn 0 0 1
vn -0.88105375 0.4730162 -1.0554919e-07
vn -0.88105375 0.4730162 -1.0554919e-07
vn -0.88105375 0.4730162 -1.0554919e-07
vn -0.88105375 0.4730162 -1.0554919e-07
vn 0 -0.4730162 -0.88105375
vn 0 -0.4730162 -0.88105375
vn 0 -0.4730162 -0.88105375
vn 0 -0.4730162 -0.88105375
vn 8.7957105e-08 0.47301924 0.88105208
vn 8.7957105e-08 0.47301924 0.88105208
vn 8.7957105e-08 0.47301924 0.88105208
vn 8.7957105e-08 0.47301924 0.88105208
vn 0 1 -1.4901157e-07
vn 0 1 -1.4901157e-07
vn 0 1 -1.4901157e-07
vn 0 1 -1.4901157e-07
vn -4.3711303e-08 -1 7.5497873e-08
vn -4.3711303e-08 -1 7.5497873e-08
vn -4.3711303e-08 -1 7.5497873e-08
vn -4.3711303e-08 -1 7.5497873e-08
vn 5.2774385e-07 -0.47301754 -0.88105309
vn 5.2774385e-07 -0.47301754 -0.88105309
vn 5.2774385e-07 -0.47301754 -0.88105309
vn 5.2774385e-07 -0.47301754 -0.88105309
vn 2.4188287e-07 0.47301599 -0.88105375
vn 2.4188287e-07 0.47301599 -0.88105375
vn 2.4188287e-07 0.47301599 -0.88105375
vn 2.4188287e-07 0.47301599 -0.88105375
vn 0.88105476 -0.47301421 0
vn 0.88105476 -0.47301421 0
vn 0.88105476 -0.47301421 0
vn 0.88105476 -0.47301421 0
vn 1 0 0
vn 1 0 0
vn 1 0 0
vn 1 0 0
vn 0 1.8440602e-07 0.99999994
vn 0 1.8440602e-07 0.99999994
vn 0 1.8440602e-07 0.99999994
vn 0 1.8440602e-07 0.99999994
vn 5.1633691e-07 -6.1468675e-08 -0.99999994
vn 5.1633691e-07 -6.1468675e-08 -0.99999994
vn 5.1633691e-07 -6.1468675e-08 -0.99999994
vn 5.1633691e-07 -6.1468675e-08 -0.99999994
vn -0.99999994 0 0
vn -0.99999994 0 0
vn -0.99999994 0 0
vn -0.99999994 0 0
vn -0.88105363 0.47301647 -3.5183046e-08
vn -0.88105363 0.47301647 -3.5183046e-08
vn -0.88105363 0.47301647 -3.5183046e-08
vn -0.88105363 0.47301647 -3.5183046e-08
vn -3.5182899e-07 -0.47301859 0.88105243
vn -3.5182899e-07 -0.47301859 0.88105243
vn -3.5182899e-07 -0.47301859 0.88105243
vn -3.5182899e-07 -0.47301859 0.88105243
vn -1 0 0
vn -1 0 0
vn -1 0 0
vn -1 0 0
vn 5.9604673e-07 0 -1
vn 5.9604673e-07 0 -1
vn 5.9604673e-07 0 -1
vn 5.9604673e-07 0 -1
vn 1 0 0
vn 1 0 0
vn 1 0 0
vn 1 0 0
vn -5.9604673e-07 0 1
vn -5.9604673e-07 0 1
vn -5.9604673e-07 0 1
vn -5.9604673e-07 0 1
vn -1 0 1.4901154e-07
vn -1 0 1.4901154e-07
vn -1 0 1.4901154e-07
vn -1 0 1.4901154e-07
vn 2.9802334e-07 0 -0.99999994
vn 2.9802334e-07 0 -0.99999994
vn 2.9802334e-07 0 -0.99999994
vn 2.9802334e-07 0 -0.99999994
vn 0 0 1
vn 0 0 1
vn 0 0 1
vn 0 0 1
vn 1 0 -2.9802317e-07
vn 1 0 -2.9802317e-07
vn 1 0 -2.9802317e-07
vn 1 0 -2.9802317e-07
vn 0 0.4730193 0.88105202
vn 0 0.4730193 0.88105202
vn 0 0.4730193 0.88105202
vn 0 0.4730193 0.88105202
vn -0.88105363 -0.47301647 0
vn -0.88105363 -0.47301647 0
vn -0.88105363 -0.47301647 0
vn -0.88105363 -0.47301647 0
vn 0.88105547 0.47301307 -1.0554873e-07
vn 0.88105547 0.47301307 -1.0554873e-07
vn 0.88105547 0.47301307 -1.0554873e-07
vn 0.88105547 0.47301307 -1.0554873e-07
vn 1.7763575e-13 1 0
vn 1.7763575e-13 1 0
vn 1.7763575e-13 1 0
vn 1.7763575e-13 1 0
vn -3.3306698e-14 -1 1.1920925e-07
vn -3.3306698e-14 -1 1.1920925e-07
vn -3.3306698e-14 -1 1.1920925e-07
vn -3.3306698e-14 -1 1.1920925e-07
vn 0 -0.4730157 -0.88105404
vn 0 -0.4730157 -0.88105404
vn 0 -0.4730157 -0.88105404
vn 0 -0.4730157 -0.88105404
vn 0 0.47301486 -0.8810544
vn 0 0.47301486 -0.8810544
vn 0 0.47301486 -0.8810544
vn 0 0.47301486 -0.8810544
vn 0.88105261 -0.47301832 1.7591442e-07
vn 0.88105261 -0.47301832 1.7591442e-07
vn 0.88105261 -0.47301832 1.7591442e-07
vn 0.88105261 -0.47301832 1.7591442e-07
vn 1 0 0
vn 1 0 0
vn 1 0 0
vn 1 0 0
vn 0 -1.8893708e-08 1
vn 0 -1.8893708e-08 1
vn 0 -1.8893708e-08 1
vn 0 -1.8893708e-08 1
vn 0 -1.8440622e-07 -1
vn 0 -1.8440622e-07 -1
vn 0 -1.8440622e-07 -1
vn 0 -1.8440622e-07 -1
vn -1 -2.9310555e-14 -7.376243e-07
vn -1 -2.9310555e-14 -7.376243e-07
vn -1 -2.9310555e-14 -7.376243e-07
vn -1 -2.9310555e-14 -7.376243e-07
vn -0.88105279 0.47301787 -3.5183685e-08
vn -0.88105279 0.47301787 -3.5183685e-08
vn -0.88105279 0.47301787 -3.5183685e-08
vn -0.88105279 0.47301787 -3.5183685e-08
vn 0 -0.47301981 0.88105172
vn 0 -0.47301981 0.88105172
vn 0 -0.47301981 0.88105172
vn 0 -0.47301981 0.88105172
vn -1 0 -5.9604668e-07
vn -1 0 -5.9604668e-07
vn -1 0 -5.9604668e-07
vn -1 0 -5.9604668e-07
vn 0 0 -1
vn 0 0 -1
vn 0 0 -1
vn 0 0 -1
vn 1 0 5.9604668e-07
vn 1 0 5.9604668e-07
vn 1 0 5.9604668e-07
vn 1 0 5.9604668e-07
vn 0 0 1
vn 0 0 1
vn 0 0 1
vn 0 0 1
vn -1 0 -5.9604633e-07
vn -1 0 -5.9604633e-07
vn -1 0 -5.9604633e-07
vn -1 0 -5.9604633e-07
vn 0 0 -1
vn 0 0 -1
vn 0 0 -1
vn 0 0 -1
vn 0 0 1
vn 0 0 1
vn 0 0 1
vn 0 0 1
vn 1 0 1.4901158e-07
vn 1 0 1.4901158e-07
vn 1 0 1.4901158e-07
vn 1 0 1.4901158e-07
vn 0 0.47301951 0.88105202
vn 0 0.47301951 0.88105202
vn 0 0.47301951 0.88105202
vn 0 0.47301951 0.88105202
vn -0.88105303 -0.47301748 -7.0365803e-07
vn -0.88105303 -0.47301748 -7.0365803e-07
vn -0.88105303 -0.47301748 -7.0365803e-07
vn -0.88105303 -0.47301748 -7.0365803e-07
vn 0.8810519 0.47301951 -3.5182303e-08
vn 0.8810519 0.47301951 -3.5182303e-08
vn 0.8810519 0.47301951 -3.5182303e-08
vn 0.8810519 0.47301951 -3.5182303e-08
vn 0 0.99999994 0
vn 0 0.99999994 0
vn 0 0.99999994 0
vn 0 0.99999994 0
vn 0 -0.99999994 1.1920922e-07
vn 0 -0.99999994 1.1920922e-07
vn 0 -0.99999994 1.1920922e-07
vn 0 -0.99999994 1.1920922e-07
vn 0 -0.47301647 -0.88105357
vn 0 -0.47301647 -0.88105357
vn 0 -0.47301647 -0.88105357
vn 0 -0.47301647 -0.88105357
vn 2.8586285e-07 0.47302049 -0.88105142
vn 2.8586285e-07 0.47302049 -0.88105142
vn 2.8586285e-07 0.47302049 -0.88105142
vn 2.8586285e-07 0.47302049 -0.88105142
vn 0.88105208 -0.47301927 3.5182975e-07
vn 0.88105208 -0.47301927 3.5182975e-07
vn 0.88105208 -0.47301927 3.5182975e-07
vn 0.88105208 -0.47301927 3.5182975e-07
vn 1 0 0
vn 1 0 0
vn 1 0 0
vn 1 0 0
vn 0 1.6551246e-07 1
vn 0 1.6551246e-07 1
vn 0 1.6551246e-07 1
vn 0 1.6551246e-07 1
vn 0 -2.4587507e-07 -1
vn 0 -2.4587507e-07 -1
vn 0 -2.4587507e-07 -1
vn 0 -2.4587507e-07 -1
vn -1 -1.1724228e-13 -9.8349949e-07
vn -1 -1.1724228e-13 -9.8349949e-07
vn -1 -1.1724228e-13 -9.8349949e-07
vn -1 -1.1724228e-13 -9.8349949e-07
vn -0.88105291 0.47301781 -3.5183003e-08
vn -0.88105291 0.47301781 -3.5183003e-08
vn -0.88105291 0.47301781 -3.5183003e-08
vn -0.88105291 0.47301781 -3.5183003e-08
vn -3.5182634e-07 -0.47302529 0.8810488
vn -3.5182634e-07 -0.47302529 0.8810488
vn -3.5182634e-07 -0.47302529 0.8810488
vn -3.5182634e-07 -0.47302529 0.8810488
vn -1 0 -2.9802351e-07
vn -1 0 -2.9802351e-07
vn -1 0 -2.9802351e-07
vn -1 0 -2.9802351e-07
vn 0 0 -1
vn 0 0 -1
vn 0 0 -1
vn 0 0 -1
vn 1 5.6843457e-13 5.9604685e-07
vn 1 5.6843457e-13 5.9604685e-07
vn 1 5.6843457e-13 5.9604685e-07
vn 1 5.6843457e-13 5.9604685e-07
vn -2.9802322e-07 1.192094e-06 1
vn -2.9802322e-07 1.192094e-06 1
vn -2.9802322e-07 1.192094e-06 1
vn -2.9802322e-07 1.192094e-06 1
vn -0.99999994 0 -2.9802325e-07
vn -0.99999994 0 -2.9802325e-07
vn -0.99999994 0 -2.9802325e-07
vn -0.99999994 0 -2.9802325e-07
vn 2.9802314e-07 -1.1920927e-06 -1
vn 2.9802314e-07 -1.1920927e-06 -1
vn 2.9802314e-07 -1.1920927e-06 -1
vn 2.9802314e-07 -1.1920927e-06 -1
vn 0 0 1
vn 0 0 1
vn 0 0 1
vn 0 0 1
vn 1 0 1.4901168e-07
vn 1 0 1.4901168e-07
vn 1 0 1.4901168e-07
vn 1 0 1.4901168e-07
vn 0 0.47302055 0.88105142
vn 0 0.47302055 0.88105142
vn 0 0.47302055 0.88105142
vn 0 0.47302055 0.88105142
vn -0.88105255 -0.4730185 -1.7591498e-07
vn -0.88105255 -0.4730185 -1.7591498e-07
vn -0.88105255 -0.4730185 -1.7591498e-07
vn -0.88105255 -0.4730185 -1.7591498e-07
vn 0.8810519 0.4730196 -7.0365786e-08
vn 0.8810519 0.4730196 -7.0365786e-08
vn 0.8810519 0.4730196 -7.0365786e-08
vn 0.8810519 0.4730196 -7.0365786e-08
vn 0 1 0
vn 0 1 0
vn 0 1 0
vn 0 1 0
vn 0 -1 1.1920936e-07
vn 0 -1 1.1920936e-07
vn 0 -1 1.1920936e-07
vn 0 -1 1.1920936e-07
vn 0 -0.4730154 -0.88105416
vn 0 -0.4730154 -0.88105416
vn 0 -0.4730154 -0.88105416
vn 0 -0.4730154 -0.88105416
vn 0 0.47301731 -0.88105315
vn 0 0.47301731 -0.88105315
vn 0 0.47301731 -0.88105315
vn 0 0.47301731 -0.88105315
vn 0.8810516 -0.47302008 0
vn 0.8810516 -0.47302008 0
vn 0.8810516 -0.47302008 0
vn 0.8810516 -0.47302008 0
vn 1 0 9.8349847e-07
vn 1 0 9.8349847e-07
vn 1 0 9.8349847e-07
vn 1 0 9.8349847e-07
vn 0 0 1
vn 0 0 1
vn 0 0 1
vn 0 0 1
vn 0 -1.8440622e-07 -1
vn 0 -1.8440622e-07 -1
vn 0 -1.8440622e-07 -1
vn 0 -1.8440622e-07 -1
vn -1 0 -4.9174923e-07
vn -1 0 -4.9174923e-07
vn -1 0 -4.9174923e-07
vn -1 0 -4.9174923e-07
vn -0.88105202 0.47301945 -5.6292589e-07
vn -0.88105202 0.47301945 -5.6292589e-07
vn -0.88105202 0.47301945 -5.6292589e-07
vn -0.88105202 0.47301945 -5.6292589e-07
vn -1.7591441e-07 -0.47301978 0.88105184
vn -1.7591441e-07 -0.47301978 0.88105184
vn -1.7591441e-07 -0.47301978 0.88105184
vn -1.7591441e-07 -0.47301978 0.88105184
vn -1 0 5.9604633e-07
vn -1 0 5.9604633e-07
vn -1 0 5.9604633e-07
vn -1 0 5.9604633e-07
vn 0 0 -1
vn 0 0 -1
vn 0 0 -1
vn 0 0 -1
vn 1 0 0
vn 1 0 0
vn 1 0 0
vn 1 0 0
vn 0 0 1
vn 0 0 1
vn 0 0 1
vn 0 0 1
vn -1 0 0
vn -1 0 0
vn -1 0 0
vn -1 0 0
vn 0 0 -1
vn 0 0 -1
vn 0 0 -1
vn 0 0 -1
vn 0 0 1
vn 0 0 1
vn 0 0 1
vn 0 0 1
vn 1 0 5.9604599e-07
vn 1 0 5.9604599e-07
vn 1 0 5.9604599e-07
vn 1 0 5.9604599e-07
vn 0 0.47301951 0.88105202
vn 0 0.47301951 0.88105202
vn 0 0.47301951 0.88105202
vn 0 0.47301951 0.88105202
vn -0.88105232 -0.47301891 4.2219472e-07
vn -0.88105232 -0.47301891 4.2219472e-07
vn -0.88105232 -0.47301891 4.2219472e-07
vn -0.88105232 -0.47301891 4.2219472e-07
vn 0.88105202 0.47301945 4.2219409e-07
vn 0.88105202 0.47301945 4.2219409e-07
vn 0.88105202 0.47301945 4.2219409e-07
vn 0.88105202 0.47301945 4.2219409e-07
vn 0 1 0
vn 0 1 0
vn 0 1 0
vn 0 1 0
vn -4.4408874e-14 -1 1.1920905e-07
vn -4.4408874e-14 -1 1.1920905e-07
vn -4.4408874e-14 -1 1.1920905e-07
vn -4.4408874e-14 -1 1.1920905e-07
vn 0 -0.47301558 -0.88105404
vn 0 -0.47301558 -0.88105404
vn 0 -0.47301558 -0.88105404
vn 0 -0.47301558 -0.88105404
vn 0 0.4730162 -0.88105375
vn 0 0.4730162 -0.88105375
vn 0 0.4730162 -0.88105375
vn 0 0.4730162 -0.88105375
vn 0.8810547 -0.4730143 4.2219185e-07
vn 0.8810547 -0.4730143 4.2219185e-07
vn 0.8810547 -0.4730143 4.2219185e-07
vn 0.8810547 -0.4730143 4.2219185e-07
vn 1 0 4.9174963e-07
vn 1 0 4.9174963e-07
vn 1 0 4.9174963e-07
vn 1 0 4.9174963e-07
vn 0 0 1
vn 0 0 1
vn 0 0 1
vn 0 0 1
vn -5.8621158e-14 -1.8440622e-07 -1
vn -5.8621158e-14 -1.8440622e-07 -1
vn -5.8621158e-14 -1.8440622e-07 -1
vn -5.8621158e-14 -1.8440622e-07 -1
vn -1 0 0
vn -1 0 0
vn -1 0 0
vn -1 0 0
vn -0.88105273 0.47301793 -5.629268e-07
vn -0.88105273 0.47301793 -5.629268e-07
vn -0.88105273 0.47301793 -5.629268e-07
vn -0.88105273 0.47301793 -5.629268e-07
vn 0 -0.47301885 0.88105226
vn 0 -0.47301885 0.88105226
vn 0 -0.47301885 0.88105226
vn 0 -0.47301885 0.88105226
vn -1 0 0
vn -1 0 0
vn -1 0 0
vn -1 0 0
vn 0 0 -1
vn 0 0 -1
vn 0 0 -1
vn 0 0 -1
vn 1 0 5.9604668e-07
vn 1 0 5.9604668e-07
vn 1 0 5.9604668e-07
vn 1 0 5.9604668e-07
vn 0 0 1
vn 0 0 1
vn 0 0 1
vn 0 0 1
vn -1 0 -1.1920927e-06
vn -1 0 -1.1920927e-06
vn -1 0 -1.1920927e-06
vn -1 0 -1.1920927e-06
vn 0 0 -1
vn 0 0 -1
vn 0 0 -1
vn 0 0 -1
vn 0 0 1
vn 0 0 1
vn 0 0 1
vn 0 0 1
vn 1 0 5.9604633e-07
vn 1 0 5.9604633e-07
vn 1 0 5.9604633e-07
vn 1 0 5.9604633e-07
vn 4.3978577e-08 0.47301951 0.88105202
vn 4.3978577e-08 0.47301951 0.88105202
vn 4.3978577e-08 0.47301951 0.88105202
vn 4.3978577e-08 0.47301951 0.88105202
vn -0.88105381 -0.47301593 4.2219412e-07
vn -0.88105381 -0.47301593 4.2219412e-07
vn -0.88105381 -0.47301593 4.2219412e-07
vn -0.88105381 -0.47301593 4.2219412e-07
vn 0.88105363 0.47301647 4.2219537e-07
vn 0.88105363 0.47301647 4.2219537e-07
vn 0.88105363 0.47301647 4.2219537e-07
vn 0.88105363 0.47301647 4.2219537e-07
vn 0 1 0
vn 0 1 0
vn 0 1 0
vn 0 1 0
vn 0 -1 1.1920933e-07
vn 0 -1 1.1920933e-07
vn 0 -1 1.1920933e-07
vn 0 -1 1.1920933e-07
vn -0.88105273 -0.47301805 0
vn -0.88105273 -0.47301805 0
vn -0.88105273 -0.47301805 0
vn -0.88105273 -0.47301805 0
vn -0.88105363 0.4730165 -2.8146357e-07
vn -0.88105363 0.4730165 -2.8146357e-07
vn -0.88105363 0.4730165 -2.8146357e-07
vn -0.88105363 0.4730165 -2.8146357e-07
vn 0 -0.47301778 -0.88105285
vn 0 -0.47301778 -0.88105285
vn 0 -0.47301778 -0.88105285
vn 0 -0.47301778 -0.88105285
vn 0 -6.1468739e-08 -1
vn 0 -6.1468739e-08 -1
vn 0 -6.1468739e-08 -1
vn 0 -6.1468739e-08 -1
vn 1 0 0
vn 1 0 0
vn 1 0 0
vn 1 0 0
vn -1 0 0
vn -1 0 0
vn -1 0 0
vn -1 0 0
vn 0 1.8440622e-07 1
vn 0 1.8440622e-07 1
vn 0 1.8440622e-07 1
vn 0 1.8440622e-07 1
vn 0 0.47301951 0.88105202
vn 0 0.47301951 0.88105202
vn 0 0.47301951 0.88105202
vn 0 0.47301951 0.88105202
vn 0.88105369 -0.47301641 0
vn 0.88105369 -0.47301641 0
vn 0.88105369 -0.47301641 0
vn 0.88105369 -0.47301641 0
vn 0 0 1
vn 0 0 1
vn 0 0 1
vn 0 0 1
vn -1 0 -5.9604633e-07
vn -1 0 -5.9604633e-07
vn -1 0 -5.9604633e-07
vn -1 0 -5.9604633e-07
vn 0 0 -1
vn 0 0 -1
vn 0 0 -1
vn 0 0 -1
vn 1 0 0
vn 1 0 0
vn 1 0 0
vn 1 0 0
vn 0 0 1
vn 0 0 1
vn 0 0 1
vn 0 0 1
vn -1 0 0
vn -1 0 0
vn -1 0 0
vn -1 0 0
vn 1 0 5.9604633e-07
vn 1 0 5.9604633e-07
vn 1 0 5.9604633e-07
vn 1 0 5.9604633e-07
vn 0 0 -1
vn 0 0 -1
vn 0 0 -1
vn 0 0 -1
vn 0.88105285 0.47301799 4.2219497e-07
vn 0.88105285 0.47301799 4.2219497e-07
vn 0.88105285 0.47301799 4.2219497e-07
vn 0.88105285 0.47301799 4.2219497e-07
vn 0 -0.47301996 0.88105166
vn 0 -0.47301996 0.88105166
vn 0 -0.47301996 0.88105166
vn 0 -0.47301996 0.88105166
vn 0 0.47301811 -0.88105273
vn 0 0.47301811 -0.88105273
vn 0 0.47301811 -0.88105273
vn 0 0.47301811 -0.88105273
vn 0 1 0
vn 0 1 0
vn 0 1 0
vn 0 1 0
vn 4.3711385e-08 -1 7.5497816e-08
vn 4.3711385e-08 -1 7.5497816e-08
vn 4.3711385e-08 -1 7.5497816e-08
vn 4.3711385e-08 -1 7.5497816e-08
vn -0.88105291 -0.47301763 -4.5737818e-07
vn -0.88105291 -0.47301763 -4.5737818e-07
vn -0.88105291 -0.47301763 -4.5737818e-07
vn -0.88105291 -0.47301763 -4.5737818e-07
vn -0.88105339 0.47301674 -1.055489e-07
vn -0.88105339 0.47301674 -1.055489e-07
vn -0.88105339 0.47301674 -1.055489e-07
vn -0.88105339 0.47301674 -1.055489e-07
vn 3.5182586e-07 -0.47302079 -0.8810513
vn 3.5182586e-07 -0.47302079 -0.8810513
vn 3.5182586e-07 -0.47302079 -0.8810513
vn 3.5182586e-07 -0.47302079 -0.8810513
vn 0 0 -1
vn 0 0 -1
vn 0 0 -1
vn 0 0 -1
vn 1 1.7029888e-07 7.376247e-07
vn 1 1.7029888e-07 7.376247e-07
vn 1 1.7029888e-07 7.376247e-07
vn 1 1.7029888e-07 7.376247e-07
vn -0.99999994 -8.5149431e-08 -7.3762465e-07
vn -0.99999994 -8.5149431e-08 -7.3762465e-07
vn -0.99999994 -8.5149431e-08 -7.3762465e-07
vn -0.99999994 -8.5149431e-08 -7.3762465e-07
vn 0 8.5150106e-08 1
vn 0 8.5150106e-08 1
vn 0 8.5150106e-08 1
vn 0 8.5150106e-08 1
vn -3.2984099e-07 0.4730204 0.88105148
vn -3.2984099e-07 0.4730204 0.88105148
vn -3.2984099e-07 0.4730204 0.88105148
vn -3.2984099e-07 0.4730204 0.88105148
vn 0.88105291 -0.47301763 7.7402512e-07
vn 0.88105291 -0.47301763 7.7402512e-07
vn 0.88105291 -0.47301763 7.7402512e-07
vn 0.88105291 -0.47301763 7.7402512e-07
vn 0 0 1
vn 0 0 1
vn 0 0 1
vn 0 0 1
vn -1 0 -5.9604633e-07
vn -1 0 -5.9604633e-07
vn -1 0 -5.9604633e-07
vn -1 0 -5.9604633e-07
vn 5.9604673e-07 0 -1
vn 5.9604673e-07 0 -1
vn 5.9604673e-07 0 -1
vn 5.9604673e-07 0 -1
vn 1 0 0
vn 1 0 0
vn 1 0 0
vn 1 0 0
vn -5.960465e-07 0 1
vn -5.960465e-07 0 1
vn -5.960465e-07 0 1
vn -5.960465e-07 0 1
vn -1 0 0
vn -1 0 0
vn -1 0 0
vn -1 0 0
vn 1 0 0
vn 1 0 0
vn 1 0 0
vn 1 0 0
vn 0 0 -0.99999994
vn 0 0 -0.99999994
vn 0 0 -0.99999994
vn 0 0 -0.99999994
vn 0.88105553 0.47301289 -1.4073176e-07
vn 0.88105553 0.47301289 -1.4073176e-07
vn 0.88105553 0.47301289 -1.4073176e-07
vn 0.88105553 0.47301289 -1.4073176e-07
vn 0 -0.47301647 0.88105357
vn 0 -0.47301647 0.88105357
vn 0 -0.47301647 0.88105357
vn 0 -0.47301647 0.88105357
vn 0 0.47301611 -0.88105381
vn 0 0.47301611 -0.88105381
vn 0 0.47301611 -0.88105381
vn 0 0.47301611 -0.88105381
vn 0 1 -2.9802305e-07
vn 0 1 -2.9802305e-07
vn 0 1 -2.9802305e-07
vn 0 1 -2.9802305e-07
vn 4.3711445e-08 -1 7.549788e-08
vn 4.3711445e-08 -1 7.549788e-08
vn 4.3711445e-08 -1 7.549788e-08
vn 4.3711445e-08 -1 7.549788e-08
vn -0.8810513 -0.47302079 0
vn -0.8810513 -0.47302079 0
vn -0.8810513 -0.47302079 0
vn -0.8810513 -0.47302079 0
vn -0.8810519 0.47301972 -2.8146337e-07
vn -0.8810519 0.47301972 -2.8146337e-07
vn -0.8810519 0.47301972 -2.8146337e-07
vn -0.8810519 0.47301972 -2.8146337e-07
vn 0 -0.47301868 -0.88105237
vn 0 -0.47301868 -0.88105237
vn 0 -0.47301868 -0.88105237
vn 0 -0.47301868 -0.88105237
vn 0 -1.2293748e-07 -1
vn 0 -1.2293748e-07 -1
vn 0 -1.2293748e-07 -1
vn 0 -1.2293748e-07 -1
vn 1 0 0
vn 1 0 0
vn 1 0 0
vn 1 0 0
vn -1 0 0
vn -1 0 0
vn -1 0 0
vn -1 0 0
vn 0 1.8440622e-07 1
vn 0 1.8440622e-07 1
vn 0 1.8440622e-07 1
vn 0 1.8440622e-07 1
vn 0 0.47301951 0.88105202
vn 0 0.47301951 0.88105202
vn 0 0.47301951 0.88105202
vn 0 0.47301951 0.88105202
vn 0.8810513 -0.47302079 0
vn 0.8810513 -0.47302079 0
vn 0.8810513 -0.47302079 0
vn 0.8810513 -0.47302079 0
vn 0 0 1
vn 0 0 1
vn 0 0 1
vn 0 0 1
vn -1 0 0
vn -1 0 0
vn -1 0 0
vn -1 0 0
vn 0 0 -1
vn 0 0 -1
vn 0 0 -1
vn 0 0 -1
vn 1 0 0
vn 1 0 0
vn 1 0 0
vn 1 0 0
vn 0 0 1
vn 0 0 1
vn 0 0 1
vn 0 0 1
vn -1 0 0
vn -1 0 0
vn -1 0 0
vn -1 0 0
vn 1 0 0
vn 1 0 0
vn 1 0 0
vn 1 0 0
vn 0 0 -1
vn 0 0 -1
vn 0 0 -1
vn 0 0 -1
vn 0.88105208 0.47301924 4.2219429e-07
vn 0.88105208 0.47301924 4.2219429e-07
vn 0.88105208 0.47301924 4.2219429e-07
vn 0.88105208 0.47301924 4.2219429e-07
vn 0 -0.47301978 0.88105184
vn 0 -0.47301978 0.88105184
vn 0 -0.47301978 0.88105184
vn 0 -0.47301978 0.88105184
vn -4.3978549e-08 0.47301921 -0.8810522
vn -4.3978549e-08 0.47301921 -0.8810522
vn -4.3978549e-08 0.47301921 -0.8810522
vn -4.3978549e-08 0.47301921 -0.8810522
vn 0 1 -1.4901163e-07
vn 0 1 -1.4901163e-07
vn 0 1 -1.4901163e-07
vn 0 1 -1.4901163e-07
vn 4.3711438e-08 -1 7.549788e-08
vn 4.3711438e-08 -1 7.549788e-08
vn 4.3711438e-08 -1 7.549788e-08
vn 4.3711438e-08 -1 7.549788e-08
vn -0.88105363 -0.47301647 -6.3329037e-07
vn -0.88105363 -0.47301647 -6.3329037e-07
vn -0.88105363 -0.47301647 -6.3329037e-07
vn -0.88105363 -0.47301647 -6.3329037e-07
vn -0.88105363 0.47301647 -1.0554918e-07
vn -0.88105363 0.47301647 -1.0554918e-07
vn -0.88105363 0.47301647 -1.0554918e-07
vn -0.88105363 0.47301647 -1.0554918e-07
vn 0 -0.47301671 -0.88105345
vn 0 -0.47301671 -0.88105345
vn 0 -0.47301671 -0.88105345
vn 0 -0.47301671 -0.88105345
vn 0 0 -1
vn 0 0 -1
vn 0 0 -1
vn 0 0 -1
vn 1 1.70299e-07 4.9175014e-07
vn 1 1.70299e-07 4.9175014e-07
vn 1 1.70299e-07 4.9175014e-07
vn 1 1.70299e-07 4.9175014e-07
vn -1 -8.5149487e-08 -4.9175009e-07
vn -1 -8.5149487e-08 -4.9175009e-07
vn -1 -8.5149487e-08 -4.9175009e-07
vn -1 -8.5149487e-08 -4.9175009e-07
vn 0 -1.6072491e-07 1
vn 0 -1.6072491e-07 1
vn 0 -1.6072491e-07 1
vn 0 -1.6072491e-07 1
vn -4.3978556e-08 0.47302067 0.88105124
vn -4.3978556e-08 0.47302067 0.88105124
vn -4.3978556e-08 0.47302067 0.88105124
vn -4.3978556e-08 0.47302067 0.88105124
vn 0.88105363 -0.47301647 5.2774385e-07
vn 0.88105363 -0.47301647 5.2774385e-07
vn 0.88105363 -0.47301647 5.2774385e-07
vn 0.88105363 -0.47301647 5.2774385e-07
vn 0 0 1
vn 0 0 1
vn 0 0 1
vn 0 0 1
vn -1 0 -5.9604702e-07
vn -1 0 -5.9604702e-07
vn -1 0 -5.9604702e-07
vn -1 0 -5.9604702e-07
vn 0 0 -1
vn 0 0 -1
vn 0 0 -1
vn 0 0 -1
vn 1 0 0
vn 1 0 0
vn 1 0 0
vn 1 0 0
vn 0 0 0.99999994
vn 0 0 0.99999994
vn 0 0 0.99999994
vn 0 0 0.99999994
vn -1 0 0
vn -1 0 0
vn -1 0 0
vn -1 0 0
vn 1 0 0
vn 1 0 0
vn 1 0 0
vn 1 0 0
vn 0 0 -1
vn 0 0 -1
vn 0 0 -1
vn 0 0 -1
vn 0.88105536 0.47301301 -1.05548e-07
vn 0.88105536 0.47301301 -1.05548e-07
vn 0.88105536 0.47301301 -1.05548e-07
vn 0.88105536 0.47301301 -1.05548e-07
vn -1.7591434e-07 -0.473021 0.88105112
vn -1.7591434e-07 -0.473021 0.88105112
vn -1.7591434e-07 -0.473021 0.88105112
vn -1.7591434e-07 -0.473021 0.88105112
vn -6.5967832e-08 0.47302067 -0.88105124
vn -6.5967832e-08 0.47302067 -0.88105124
vn -6.5967832e-08 0.47302067 -0.88105124
vn -6.5967832e-08 0.47302067 -0.88105124
vn 0 1 0
vn 0 1 0
vn 0 1 0
vn 0 1 0
vn 4.3711434e-08 -1 7.5497915e-08
vn 4.3711434e-08 -1 7.5497915e-08
vn 4.3711434e-08 -1 7.5497915e-08
vn 4.3711434e-08 -1 7.5497915e-08
vn 0 -0.47302094 0.88105124
vn 0 -0.47302094 0.88105124
vn 0 -0.47302094 0.88105124
vn 0 -0.47302094 0.88105124
vn 0 0.47302049 0.88105142
vn 0 0.47302049 0.88105142
vn 0 0.47302049 0.88105142
vn 0 0.47302049 0.88105142
vn -0.88105208 -0.47301927 0
vn -0.88105208 -0.47301927 0
vn -0.88105208 -0.47301927 0
vn -0.88105208 -0.47301927 0
vn -1 8.514948e-08 0
vn -1 8.514948e-08 0
vn -1 8.514948e-08 0
vn -1 8.514948e-08 0
vn 0 0 -1
vn 0 0 -1
vn 0 0 -1
vn 0 0 -1
vn 0 -4.2575032e-08 1
vn 0 -4.2575032e-08 1
vn 0 -4.2575032e-08 1
vn 0 -4.2575032e-08 1
vn 1 0 0
vn 1 0 0
vn 1 0 0
vn 1 0 0
vn 0.88105202 0.47301948 0
vn 0.88105202 0.47301948 0
vn 0.88105202 0.47301948 0
vn 0.88105202 0.47301948 0
vn 0 -0.47302094 -0.88105124
vn 0 -0.47302094 -0.88105124
vn 0 -0.47302094 -0.88105124
vn 0 -0.47302094 -0.88105124
vn 1 9.5367545e-07 0
vn 1 9.5367545e-07 0
vn 1 9.5367545e-07 0
vn 1 9.5367545e-07 0
vn 0 2.3842023e-07 1
vn 0 2.3842023e-07 1
vn 0 2.3842023e-07 1
vn 0 2.3842023e-07 1
vn -1 -4.7683716e-07 0
vn -1 -4.7683716e-07 0
vn -1 -4.7683716e-07 0
vn -1 -4.7683716e-07 0
vn 0 -4.7683497e-07 -1
vn 0 -4.7683497e-07 -1
vn 0 -4.7683497e-07 -1
vn 0 -4.7683497e-07 -1
vn 1 0 0
vn 1 0 0
vn 1 0 0
vn 1 0 0
vn 0 0 1
vn 0 0 1
vn 0 0 1
vn 0 0 1
vn 0 0 -1
vn 0 0 -1
vn 0 0 -1
vn 0 0 -1
vn -1 0 0
vn -1 0 0
vn -1 0 0
vn -1 0 0
vn 0 0.47302049 -0.88105142
vn 0 0.47302049 -0.88105142
vn 0 0.47302049 -0.88105142
vn 0 0.47302049 -0.88105142
vn 0.88105112 -0.47302088 0
vn 0.88105112 -0.47302088 0
vn 0.88105112 -0.47302088 0
vn 0.88105112 -0.47302088 0
vn -0.88105291 0.47301781 0
vn -0.88105291 0.47301781 0
vn -0.88105291 0.47301781 0
vn -0.88105291 0.47301781 0
vn 7.4505766e-07 1 -2.9802297e-07
vn 7.4505766e-07 1 -2.9802297e-07
vn 7.4505766e-07 1 -2.9802297e-07
vn 7.4505766e-07 1 -2.9802297e-07
vn 0 -1 3.1786545e-08
vn 0 -1 3.1786545e-08
vn 0 -1 3.1786545e-08
vn 0 -1 3.1786545e-08
usemtl brickwall1
f 5/3154/1 26/3694/2 25/2181/3
f 5/3154/1 25/2181/3 8/2072/4
f 7/3892/5 18/3423/6 17/179/7
f 7/3892/5 17/179/7 6/92/8
usemtl stonefloor
f 2/3652/9 1/2745/10 3/1008/11
f 2/3652/9 3/1008/11 4/1431/12
usemtl brickwall1
f 6/4105/13 5/431/14 8/2732/15
f 6/4105/13 8/2732/15 7/629/16
usemtl stonefloor
f 2/1197/17 5/3013/18 6/1339/19
f 2/1197/17 6/1339/19 1/4332/20
f 4/4189/21 23/2089/22 22/4171/23
f 4/4189/21 22/4171/23 2/50/24
f 3/2499/25 16/1041/26 20/1133/27
f 3/2499/25 20/1133/27 11/813/28
usemtl brickwall1
f 10/113/29 11/1647/30 12/1400/31
f 10/113/29 12/1400/31 9/3684/32
usemtl stonefloor
f 3/3510/33 11/1033/34 10/1411/35
f 3/3510/33 10/1411/35 4/675/36
f 10/1372/37 28/778/38 23/1957/39
f 10/1372/37 23/1957/39 4/1004/40
usemtl brickwall1
f 15/281/41 19/3500/42 20/328/43
f 15/281/41 20/328/43 16/4149/44
usemtl stonetrims
f 13/1082/45 33/3955/46 36/615/47
f 13/1082/45 36/615/47 16/221/48
usemtl brickwall1
f 13/4207/49 17/2968/50 18/3463/51
f 13/4207/49 18/3463/51 14/3183/52
usemtl stonefloor
f 6/3854/53 17/3635/54 13/4439/55
f 6/3854/53 13/4439/55 1/267/56
usemtl brickwall1
f 11/2410/57 20/1870/58 19/4137/59
f 11/2410/57 19/4137/59 12/1450/60
usemtl stonefloor
f 1/626/61 13/3003/62 16/432/63
f 1/626/61 16/432/63 3/1465/64
usemtl stonetrims
f 21/3410/65 29/2852/66 32/1972/67
f 21/3410/65 32/1972/67 24/115/68
usemtl brickwall1
f 21/311/69 25/2815/70 26/3703/71
f 21/311/69 26/3703/71 22/1839/72
f 23/1689/73 28/232/74 27/1960/75
f 23/1689/73 27/1960/75 24/729/76
f 9/3141/77 27/2527/78 28/4315/79
f 9/3141/77 28/4315/79 10/755/80
usemtl stonefloor
f 2/3562/81 22/2178/82 26/2840/83
f 2/3562/81 26/2840/83 5/2049/84
usemtl stonetrims
f 22/2922/85 30/2267/86 29/3768/87
f 22/2922/85 29/3768/87 21/1625/88
f 24/3352/89 32/3926/90 31/1784/91
f 24/3352/89 31/1784/91 23/4017/92
f 23/2179/93 31/1572/94 30/373/95
f 23/2179/93 30/373/95 22/3211/96
f 14/1508/97 34/3256/98 33/2359/99
f 14/1508/97 33/2359/99 13/4150/100
f 15/375/101 35/576/102 34/3178/103
f 15/375/101 34/3178/103 14/634/104
f 16/1122/105 36/4077/106 35/2790/107
f 16/1122/105 35/2790/107 15/2621/108
f 39/338/109 49/1845/110 249/3785/111
f 39/338/109 249/3785/111 238/1167/112
usemtl brickwall1
f 93/3/113 95/876/114 230/3774/115
f 93/3/113 230/3774/115 234/4612/116
f 95/876/117 97/3929/118 225/2007/119
f 95/876/117 225/2007/119 230/3774/120
f 97/3929/121 99/3014/122 232/1353/123
f 97/3929/121 232/1353/123 225/2007/124
f 99/3014/125 101/3879/126 224/2481/127
f 99/3014/125 224/2481/127 232/1353/128
f 101/3879/129 228/1080/130 224/2481/131
f 90/4540/132 126/4605/133 255/397/134
f 90/4540/132 255/397/134 258/3254/135
f 96/3614/136 261/3075/137 269/2204/138
f 96/3614/136 269/2204/138 98/3695/139
f 98/3695/140 269/2204/141 268/1185/142
f 98/3695/140 268/1185/142 100/1444/143
f 100/1444/144 268/1185/145 270/2329/146
f 100/1444/144 270/2329/146 102/1745/147
f 102/1745/148 270/2329/149 103/3332/150
usemtl stonetrims
f 83/905/151 87/783/152 259/2471/153
f 83/905/151 259/2471/153 253/4009/154
f 58/1942/155 62/4003/156 231/2402/157
f 58/1942/155 231/2402/157 221/3224/158
usemtl brickwall1
f 127/2271/159 239/483/160 241/3022/161
f 127/2271/159 241/3022/161 129/481/162
f 129/481/163 241/3022/164 248/1445/165
f 129/481/163 248/1445/165 131/4570/166
f 131/4570/167 248/1445/168 240/226/169
f 131/4570/167 240/226/169 133/1266/170
f 133/1266/171 240/226/172 247/2572/173
f 133/1266/171 247/2572/173 135/1714/174
f 135/1714/175 247/2572/176 245/2491/177
f 92/3161/178 93/3/179 234/4612/180
f 92/3161/178 234/4612/180 221/3626/181
f 128/3811/182 130/2064/183 252/4018/184
f 128/3811/182 252/4018/184 257/1917/185
f 130/2064/186 132/4486/187 250/3246/188
f 130/2064/186 250/3246/188 252/4018/189
f 132/4486/190 134/552/191 251/4426/192
f 132/4486/190 251/4426/192 250/3246/193
f 134/552/194 136/4313/195 251/4426/196
f 126/4605/197 128/3811/198 257/1917/199
f 126/4605/197 257/1917/199 255/397/200
usemtl stonetrims
f 61/2670/201 52/3269/202 233/4279/203
f 61/2670/201 233/4279/203 223/1116/204
f 53/695/205 57/3153/206 226/248/207
f 53/695/205 226/248/207 229/1360/208
f 52/3269/209 56/2751/210 222/596/211
f 52/3269/209 222/596/211 233/4279/212
f 57/3153/213 61/2670/214 223/1116/215
f 57/3153/213 223/1116/215 226/248/216
usemtl brickwall1
f 94/2218/217 265/585/218 261/3075/219
f 94/2218/217 261/3075/219 96/3614/220
usemtl stonetrims
f 42/1037/221 38/3404/222 236/4014/223
f 42/1037/221 236/4014/223 243/1806/224
f 47/1099/225 43/4397/226 246/4407/227
f 47/1099/225 246/4407/227 237/1773/228
f 88/3560/229 83/905/230 253/4009/231
f 88/3560/229 253/4009/231 258/3093/232
f 46/4610/233 42/1037/234 243/1806/235
f 46/4610/233 243/1806/235 235/1348/236
f 38/3404/237 47/1099/238 237/1773/239
f 38/3404/237 237/1773/239 236/4014/240
f 43/4397/241 39/338/242 238/1167/243
f 43/4397/241 238/1167/243 246/4407/244
f 86/3191/245 78/3444/246 114/2100/247
f 86/3191/245 114/2100/247 256/926/248
f 79/3716/249 82/4469/250 260/2552/251
f 79/3716/249 260/2552/251 254/3733/252
f 62/4003/253 53/695/254 229/1360/255
f 62/4003/253 229/1360/255 231/2402/256
f 82/4469/257 86/3191/258 256/926/259
f 82/4469/257 256/926/259 260/2552/260
f 87/783/261 79/3716/262 254/3733/263
f 87/783/261 254/3733/263 259/2471/264
usemtl brickwall1
f 89/3933/265 249/512/266 239/483/267
f 89/3933/265 239/483/267 127/2271/268
usemtl stonetrims
f 65/4689/269 74/4582/270 266/2671/271
f 65/4689/269 266/2671/271 115/1267/272
f 70/436/273 66/4138/274 264/459/275
f 70/436/273 264/459/275 271/2082/276
f 75/3656/277 71/1771/278 262/2206/279
f 75/3656/277 262/2206/279 267/613/280
usemtl brickwall1
f 91/4247/281 263/2113/282 265/585/283
f 91/4247/281 265/585/283 94/2218/284
usemtl stonetrims
f 74/4582/285 70/436/286 271/2082/287
f 74/4582/285 271/2082/287 266/2671/288
f 66/4138/289 75/3656/290 267/613/291
f 66/4138/289 267/613/291 264/459/292
f 71/1771/293 68/873/294 263/227/295
f 71/1771/293 263/227/295 262/2206/296
f 108/2411/297 106/2156/298 174/4567/299
f 108/2411/297 174/4567/299 172/1330/300
f 89/1562/301 127/2938/302 188/2447/303
f 89/1562/301 188/2447/303 144/3517/304
f 107/88/305 109/1436/306 173/682/307
f 107/88/305 173/682/307 175/1932/308
f 93/2347/309 92/3603/310 143/607/311
f 93/2347/309 143/607/311 154/363/312
f 91/1290/313 94/602/314 155/2242/315
f 91/1290/313 155/2242/315 145/4679/316
f 95/2513/317 93/2347/318 154/363/319
f 95/2513/317 154/363/319 152/3140/320
f 110/3808/321 108/2411/322 172/1330/323
f 110/3808/321 172/1330/323 170/3814/324
f 128/4270/325 126/4153/326 187/1461/327
f 128/4270/325 187/1461/327 185/1246/328
f 94/602/329 96/3086/330 153/2622/331
f 94/602/329 153/2622/331 155/2242/332
f 109/1436/333 111/429/334 171/2065/335
f 109/1436/333 171/2065/335 173/682/336
f 127/2938/337 129/3754/338 186/4446/339
f 127/2938/337 186/4446/339 188/2447/340
f 97/2734/341 95/2513/342 152/3140/343
f 97/2734/341 152/3140/343 150/549/344
f 112/2533/345 110/3808/346 170/3814/347
f 112/2533/345 170/3814/347 167/2202/348
f 130/2320/349 128/4270/350 185/1246/351
f 130/2320/349 185/1246/351 183/1908/352
f 96/3086/353 98/2925/354 151/2472/355
f 96/3086/353 151/2472/355 153/2622/356
f 111/429/357 113/30/358 168/1549/359
f 111/429/357 168/1549/359 171/2065/360
f 129/3754/361 131/1077/362 184/2871/363
f 129/3754/361 184/2871/363 186/4446/364
f 99/4263/365 97/2734/366 150/549/367
f 99/4263/365 150/549/367 148/204/368
f 115/2750/369 112/2533/370 167/2202/371
f 115/2750/369 167/2202/371 140/1488/372
f 132/1066/373 130/2320/374 183/1908/375
f 132/1066/373 183/1908/375 181/1479/376
f 98/2925/377 100/130/378 149/1222/379
f 98/2925/377 149/1222/379 151/2472/380
f 131/1077/381 133/3476/382 182/3547/383
f 131/1077/381 182/3547/383 184/2871/384
f 113/30/385 114/1594/386 169/3163/387
f 113/30/385 169/3163/387 168/1549/388
f 147/4707/389 137/825/390 138/4690/391
f 147/4707/389 138/4690/391 146/515/392
f 149/1222/393 147/4707/394 146/515/395
f 149/1222/393 146/515/395 148/204/396
f 151/2472/397 149/1222/398 148/204/399
f 151/2472/397 148/204/399 150/549/400
f 153/2622/401 151/2472/402 150/549/403
f 153/2622/401 150/549/403 152/3140/404
f 155/2242/405 153/2622/406 152/3140/407
f 155/2242/405 152/3140/407 154/363/408
f 139/3677/409 157/3852/410 158/1990/411
f 139/3677/409 158/1990/411 156/886/412
f 157/3852/413 159/677/414 160/2565/415
f 157/3852/413 160/2565/415 158/1990/416
f 159/677/417 161/2789/418 162/4657/419
f 159/677/417 162/4657/419 160/2565/420
f 161/2789/421 163/1113/422 164/1415/423
f 161/2789/421 164/1415/423 162/4657/424
f 163/1113/425 165/1065/426 166/32/427
f 163/1113/425 166/32/427 164/1415/428
f 168/1549/429 169/3163/430 140/1488/431
f 168/1549/429 140/1488/431 167/2202/432
f 171/2065/433 168/1549/434 167/2202/435
f 171/2065/433 167/2202/435 170/3814/436
f 173/682/437 171/2065/438 170/3814/439
f 173/682/437 170/3814/439 172/1330/440
f 175/1932/441 173/682/442 172/1330/443
f 175/1932/441 172/1330/443 174/4567/444
f 177/2238/445 175/1932/446 174/4567/447
f 177/2238/445 174/4567/447 176/3563/448
f 165/1065/449 144/3053/450 143/3674/451
f 165/1065/449 143/3674/451 166/32/452
f 142/387/453 177/2238/454 176/3563/455
f 142/387/453 176/3563/455 145/4093/456
f 179/784/457 180/4298/458 141/2542/459
f 179/784/457 141/2542/459 178/2294/460
f 182/3547/461 179/784/462 178/2294/463
f 182/3547/461 178/2294/463 181/1479/464
f 184/2871/465 182/3547/466 181/1479/467
f 184/2871/465 181/1479/467 183/1908/468
f 186/4446/469 184/2871/470 183/1908/471
f 186/4446/469 183/1908/471 185/1246/472
f 188/2447/473 186/4446/474 185/1246/475
f 188/2447/473 185/1246/475 187/1461/476
f 145/4679/477 155/2242/478 154/363/479
f 145/4679/477 154/363/479 143/607/480
f 144/3517/481 188/2447/482 187/1461/483
f 144/3517/481 187/1461/483 142/4410/484
f 126/4153/485 90/2283/486 142/4410/487
f 126/4153/485 142/4410/487 187/1461/488
f 125/2975/489 222/3024/490 156/886/491
f 125/2975/489 156/886/491 158/1990/492
f 105/3661/493 107/88/494 175/1932/495
f 105/3661/493 175/1932/495 177/2238/496
f 124/3484/497 122/2428/498 159/677/499
f 124/3484/497 159/677/499 157/3852/500
f 106/2156/501 104/4637/502 176/3563/503
f 106/2156/501 176/3563/503 174/4567/504
f 116/123/505 89/3403/506 144/3053/507
f 116/123/505 144/3053/507 165/1065/508
f 123/342/509 125/2975/510 158/1990/511
f 123/342/509 158/1990/511 160/2565/512
f 92/3166/513 117/2902/514 166/32/515
f 92/3166/513 166/32/515 143/3674/516
f 122/2428/517 120/2040/518 161/2789/519
f 122/2428/517 161/2789/519 159/677/520
f 90/518/521 105/3661/522 177/2238/523
f 90/518/521 177/2238/523 142/387/524
f 104/4637/525 91/4201/526 145/4093/527
f 104/4637/525 145/4093/527 176/3563/528
f 121/103/529 123/342/530 160/2565/531
f 121/103/529 160/2565/531 162/4657/532
f 120/2040/533 118/1106/534 163/1113/535
f 120/2040/533 163/1113/535 161/2789/536
f 135/4118/537 245/3592/538 180/4298/539
f 135/4118/537 180/4298/539 179/784/540
f 102/89/541 103/1944/542 137/825/543
f 102/89/541 137/825/543 147/4707/544
f 119/2346/545 121/103/546 162/4657/547
f 119/2346/545 162/4657/547 164/1415/548
f 136/535/549 134/3083/550 178/2294/551
f 136/535/549 178/2294/551 141/2542/552
f 118/1106/553 116/123/554 165/1065/555
f 118/1106/553 165/1065/555 163/1113/556
f 133/3476/557 135/4118/558 179/784/559
f 133/3476/557 179/784/559 182/3547/560
f 117/2902/561 119/2346/562 164/1415/563
f 117/2902/561 164/1415/563 166/32/564
f 100/130/565 102/89/566 147/4707/567
f 100/130/565 147/4707/567 149/1222/568
f 134/3083/569 132/1066/570 181/1479/571
f 134/3083/569 181/1479/571 178/2294/572
f 101/1811/573 99/4263/574 148/204/575
f 101/1811/573 148/204/575 146/515/576
f 144/1726/577 142/3088/578 192/2538/579
f 144/1726/577 192/2538/579 190/2999/580
f 145/2623/581 143/1650/582 189/188/583
f 145/2623/581 189/188/583 194/19/584
f 142/1800/585 145/187/586 194/242/587
f 142/1800/585 194/242/587 192/4652/588
f 191/1298/589 195/3730/590 189/4294/591
f 190/3318/592 199/3919/593 197/4580/594
f 190/3318/592 197/4580/594 191/1298/595
f 192/985/596 196/569/597 193/1407/598
f 194/1514/599 195/3730/600 196/569/601
f 193/1407/602 196/569/603 198/4626/604
f 193/1407/602 198/4626/604 197/4580/605
f 194/19/606 189/188/607 195/4342/608
f 189/1257/609 190/4554/610 191/4643/611
f 190/2999/612 192/2538/613 193/635/614
f 190/2999/612 193/635/614 199/3303/615
f 192/4652/616 194/242/617 196/2107/618
f 191/1298/619 198/4626/620 195/3730/621
usemtl brickwall1
f 197/3209/622 199/3566/623 193/1642/624
usemtl stonetrims
f 195/3730/625 198/4626/626 196/569/627
f 197/4580/628 198/4626/629 191/1298/630
f 50/1456/631 228/494/632 209/1315/633
f 50/1456/631 209/1315/633 202/302/634
f 115/2750/635 140/1488/636 216/3317/637
f 115/2750/635 216/3317/637 211/3938/638
f 103/3760/639 72/3719/640 205/52/641
f 103/3760/639 205/52/641 208/54/642
f 65/4689/643 115/1267/644 211/3553/645
f 65/4689/643 211/3553/645 204/3063/646
f 156/886/647 222/3024/648 227/1206/649
f 156/886/647 227/1206/649 218/2023/650
f 114/2100/651 78/3444/652 206/3480/653
f 114/2100/651 206/3480/653 210/4290/654
f 141/2542/655 180/4298/656 220/1924/657
f 141/2542/655 220/1924/657 217/2821/658
f 137/825/659 103/1944/660 208/1466/661
f 137/825/659 208/1466/661 213/4200/662
f 169/3163/663 114/1594/664 210/1677/665
f 169/3163/663 210/1677/665 219/1752/666
f 84/3481/667 136/2945/668 212/3807/669
f 84/3481/667 212/3807/669 207/3803/670
f 139/3677/671 156/886/672 218/2023/673
f 139/3677/671 218/2023/673 215/2846/674
f 180/4298/675 245/3592/676 242/259/677
f 180/4298/675 242/259/677 220/1924/678
f 245/4281/679 40/4063/680 200/871/681
f 245/4281/679 200/871/681 242/2367/682
f 140/1488/683 169/3163/684 219/1752/685
f 140/1488/683 219/1752/685 216/3317/686
f 222/596/687 56/2751/688 203/1657/689
f 222/596/687 203/1657/689 227/261/690
f 138/4690/691 137/825/692 213/4200/693
f 138/4690/691 213/4200/693 214/2930/694
f 46/4610/695 235/1348/696 244/1823/697
f 46/4610/695 244/1823/697 201/3045/698
f 136/535/699 141/2542/700 217/2821/701
f 136/535/699 217/2821/701 212/4438/702
f 143/540/703 144/3577/704 190/4554/705
f 143/540/703 190/4554/705 189/1257/706
f 234/1561/707 230/2010/708 54/3118/709
f 234/1561/707 54/3118/709 51/811/710
f 225/2408/711 232/1716/712 59/2985/713
f 225/2408/711 59/2985/713 55/4624/714
f 224/1537/715 228/494/716 50/1456/717
f 224/1537/715 50/1456/717 60/2240/718
f 228/1688/719 101/1811/720 146/515/721
f 228/1688/719 146/515/721 138/4690/722
usemtl brickwall1
f 229/1648/723 226/3005/724 121/211/725
f 229/1648/723 121/211/725 119/2345/726
f 226/3005/727 223/4229/728 123/1706/729
f 226/3005/727 123/1706/729 121/211/730
usemtl stonetrims
f 209/1524/731 228/1688/732 138/4690/733
f 209/1524/731 138/4690/733 214/2930/734
f 230/2010/735 225/2408/736 55/4624/737
f 230/2010/735 55/4624/737 54/3118/738
f 232/1716/739 224/1537/740 60/2240/741
f 232/1716/739 60/2240/741 59/2985/742
usemtl brickwall1
f 231/2409/743 229/1648/744 119/2345/745
f 231/2409/743 119/2345/745 117/1158/746
f 221/3626/747 231/2409/748 117/1158/749
f 221/3626/747 117/1158/749 92/3161/750
usemtl stonetrims
f 221/3224/751 234/1561/752 51/811/753
f 221/3224/751 51/811/753 58/1942/754
usemtl brickwall1
f 223/4229/755 233/2755/756 125/1399/757
f 223/4229/755 125/1399/757 123/1706/758
f 233/2755/759 222/3666/760 125/1399/761
f 237/4628/762 246/2384/763 118/1155/764
f 237/4628/762 118/1155/764 120/2851/765
f 235/3833/766 243/2916/767 124/1586/768
f 246/2384/769 238/3794/770 116/3185/771
f 246/2384/769 116/3185/771 118/1155/772
usemtl stonetrims
f 239/744/773 249/3785/774 49/1845/775
f 239/744/773 49/1845/775 41/4144/776
f 241/3718/777 239/744/778 41/4144/779
f 241/3718/777 41/4144/779 44/3492/780
f 240/7/781 248/1833/782 45/3124/783
f 240/7/781 45/3124/783 48/525/784
f 245/4281/785 247/4683/786 37/453/787
f 245/4281/785 37/453/787 40/4063/788
f 235/4653/789 124/3484/790 157/3852/791
f 235/4653/789 157/3852/791 139/3677/792
usemtl brickwall1
f 243/2916/793 236/356/794 122/3037/795
f 243/2916/793 122/3037/795 124/1586/796
f 236/356/797 237/4628/798 120/2851/799
f 236/356/797 120/2851/799 122/3037/800
f 238/3794/801 249/512/802 89/3933/803
f 238/3794/801 89/3933/803 116/3185/804
usemtl stonetrims
f 248/1833/805 241/3718/806 44/3492/807
f 248/1833/805 44/3492/807 45/3124/808
f 247/4683/809 240/7/810 48/525/811
f 247/4683/809 48/525/811 37/453/812
f 244/978/813 235/4653/814 139/3677/815
f 244/978/813 139/3677/815 215/2846/816
usemtl brickwall1
f 254/4648/817 260/710/818 111/2494/819
f 254/4648/817 111/2494/819 109/3081/820
f 260/710/821 256/1846/822 113/586/823
f 260/710/821 113/586/823 111/2494/824
f 253/1225/825 259/4073/826 107/4092/827
f 253/1225/825 107/4092/827 105/3391/828
usemtl stonetrims
f 257/119/829 252/2262/830 77/954/831
f 257/119/829 77/954/831 76/1902/832
f 250/818/833 251/2855/834 81/4163/835
f 250/818/833 81/4163/835 80/2037/836
f 255/2387/837 257/119/838 76/1902/839
f 255/2387/837 76/1902/839 85/3580/840
usemtl brickwall1
f 258/3254/841 253/1225/842 105/3391/843
f 258/3254/841 105/3391/843 90/4540/844
f 256/1846/845 114/2121/846 113/586/847
f 259/4073/848 254/4648/849 109/3081/850
f 259/4073/848 109/3081/850 107/4092/851
usemtl stonetrims
f 258/3093/852 255/2387/853 85/3580/854
f 258/3093/852 85/3580/854 88/3560/855
f 252/2262/856 250/818/857 80/2037/858
f 252/2262/856 80/2037/858 77/954/859
f 251/2855/860 136/2945/861 84/3481/862
f 251/2855/860 84/3481/862 81/4163/863
usemtl brickwall1
f 271/4491/864 264/2553/865 108/1693/866
f 271/4491/864 108/1693/866 110/4099/867
usemtl stonetrims
f 269/4576/868 261/3545/869 63/4087/870
f 269/4576/868 63/4087/870 64/136/871
f 270/3712/872 268/1836/873 67/2606/874
f 270/3712/872 67/2606/874 69/2678/875
f 265/2651/876 263/227/877 68/873/878
f 265/2651/876 68/873/878 73/2321/879
usemtl brickwall1
f 264/2553/880 267/4221/881 106/1789/882
f 264/2553/880 106/1789/882 108/1693/883
f 115/3651/884 266/3746/885 112/4148/886
f 267/4221/887 262/2763/888 104/4223/889
f 267/4221/887 104/4223/889 106/1789/890
f 266/3746/891 271/4491/892 110/4099/893
f 266/3746/891 110/4099/893 112/4148/894
f 262/2763/895 263/2113/896 91/4247/897
f 262/2763/895 91/4247/897 104/4223/898
usemtl stonetrims
f 268/1836/899 269/4576/900 64/136/901
f 268/1836/899 64/136/901 67/2606/902
f 103/3760/903 270/3712/904 69/2678/905
f 103/3760/903 69/2678/905 72/3719/906
f 261/3545/907 265/2651/908 73/2321/909
f 261/3545/907 73/2321/909 63/4087/910
f 274/2162/911 284/3671/912 484/903/913
f 274/2162/911 484/903/913 473/3025/914
usemtl brickwall1
f 328/1852/915 330/2712/916 465/895/917
f 328/1852/915 465/895/917 469/1727/918
f 330/2712/919 332/4193/920 460/3855/921
f 330/2712/919 460/3855/921 465/895/922
f 332/4193/923 334/128/924 467/1620/925
f 332/4193/923 467/1620/925 460/3855/926
f 334/128/927 336/987/928 459/4310/929
f 334/128/927 459/4310/929 467/1620/930
f 336/987/931 463/1376/932 459/4310/933
f 325/1634/934 361/1717/935 490/2235/936
f 325/1634/934 490/2235/936 493/394/937
f 331/3947/938 496/202/939 504/2488/940
f 331/3947/938 504/2488/940 333/835/941
f 333/835/942 504/2488/943 503/3039/944
f 333/835/942 503/3039/944 335/3291/945
f 335/3291/946 503/3039/947 505/2607/948
f 335/3291/946 505/2607/948 337/3584/949
f 337/3584/950 505/2607/951 338/455/952
usemtl stonetrims
f 318/2748/953 322/2616/954 494/4295/955
f 318/2748/953 494/4295/955 488/1107/956
f 293/3784/957 297/1100/958 466/4234/959
f 293/3784/957 466/4234/959 456/377/960
usemtl brickwall1
f 362/4123/961 474/2341/962 476/138/963
f 362/4123/961 476/138/963 364/2338/964
f 364/2338/965 476/138/966 483/3292/967
f 364/2338/965 483/3292/967 366/150/968
f 366/150/969 483/3292/970 475/2057/971
f 366/150/969 475/2057/971 368/3107/972
f 368/3107/973 475/2057/974 482/2876/975
f 368/3107/973 482/2876/975 370/3559/976
f 370/3559/977 482/2876/978 480/4325/979
f 327/3447/980 328/1852/981 469/1727/982
f 327/3447/980 469/1727/982 456/3956/983
f 363/4106/984 365/2358/985 487/1118/986
f 363/4106/984 487/1118/986 492/3759/987
f 365/2358/988 367/1576/989 485/388/990
f 365/2358/988 485/388/990 487/1118/991
f 367/1576/992 369/2421/993 486/4702/994
f 367/1576/992 486/4702/994 485/388/995
f 369/2421/996 371/1427/997 486/4702/998
f 361/1717/999 363/4106/1000 492/3759/1001
f 361/1717/999 492/3759/1001 490/2235/1002
usemtl stonetrims
f 296/2986/1003 287/406/1004 468/1402/1005
f 296/2986/1003 468/1402/1005 458/2979/1006
f 288/2541/1007 292/291/1008 461/2077/1009
f 288/2541/1007 461/2077/1009 464/3204/1010
f 287/406/1011 291/4586/1012 457/2465/1013
f 287/406/1011 457/2465/1013 468/1402/1014
f 292/291/1015 296/2986/1016 458/2979/1017
f 292/291/1015 458/2979/1017 461/2077/1018
usemtl brickwall1
f 329/4079/1019 500/2456/1020 496/202/1021
f 329/4079/1019 496/202/1021 331/3947/1022
usemtl stonetrims
f 277/2898/1023 273/3686/1024 471/1114/1025
f 277/2898/1023 471/1114/1025 478/3636/1026
f 282/2966/1027 278/1495/1028 481/4681/1029
f 282/2966/1027 481/4681/1029 472/3606/1030
f 323/3877/1031 318/2748/1032 488/1107/1033
f 323/3877/1031 488/1107/1033 493/229/1034
f 281/1724/1035 277/2898/1036 478/3636/1037
f 281/1724/1035 478/3636/1037 470/3187/1038
f 273/3686/1039 282/2966/1040 472/3606/1041
f 273/3686/1039 472/3606/1041 471/1114/1042
f 278/1495/1043 274/2162/1044 473/3025/1045
f 278/1495/1043 473/3025/1045 481/4681/1046
f 321/337/1047 313/3738/1048 349/3967/1049
f 321/337/1047 349/3967/1049 491/2771/1050
f 314/854/1051 317/1560/1052 495/4393/1053
f 314/854/1051 495/4393/1053 489/866/1054
f 297/1100/1055 288/2541/1056 464/3204/1057
f 297/1100/1055 464/3204/1057 466/4234/1058
f 317/1560/1059 321/337/1060 491/2771/1061
f 317/1560/1059 491/2771/1061 495/4393/1062
f 322/2616/1063 314/854/1064 489/866/1065
f 322/2616/1063 489/866/1065 494/4295/1066
usemtl brickwall1
f 324/1021/1067 484/2377/1068 474/2341/1069
f 324/1021/1067 474/2341/1069 362/4123/1070
usemtl stonetrims
f 300/1829/1071 309/159/1072 501/4524/1073
f 300/1829/1071 501/4524/1073 350/1529/1074
f 305/2280/1075 301/1255/1076 499/753/1077
f 305/2280/1075 499/753/1077 506/2385/1078
f 310/804/1079 306/3604/1080 497/2489/1081
f 310/804/1079 497/2489/1081 502/916/1082
usemtl brickwall1
f 326/1369/1083 498/3978/1084 500/2456/1085
f 326/1369/1083 500/2456/1085 329/4079/1086
usemtl stonetrims
f 309/159/1087 305/2280/1088 506/2385/1089
f 309/159/1087 506/2385/1089 501/4524/1090
f 301/1255/1091 310/804/1092 502/916/1093
f 301/1255/1091 502/916/1093 499/753/1094
f 306/3604/1095 303/2709/1096 498/2058/1097
f 306/3604/1095 498/2058/1097 497/2489/1098
f 343/4241/1099 341/4022/1100 409/1669/1101
f 343/4241/1099 409/1669/1101 407/3172/1102
f 324/3437/1103 362/47/1104 423/4268/1105
f 324/3437/1103 423/4268/1105 379/630/1106
f 342/1934/1107 344/1723/1108 408/2532/1109
f 342/1934/1107 408/2532/1109 410/3775/1110
f 328/4181/1111 327/748/1112 378/2473/1113
f 328/4181/1111 378/2473/1113 389/2188/1114
f 326/3121/1115 329/2469/1116 390/4100/1117
f 326/3121/1115 390/4100/1117 380/271/1118
f 330/4347/1119 328/4181/1120 389/2188/1121
f 330/4347/1119 389/2188/1121 387/278/1122
f 345/923/1123 343/4241/1124 407/3172/1125
f 345/923/1123 407/3172/1125 405/927/1126
f 363/1397/1127 361/1280/1128 422/3311/1129
f 363/1397/1127 422/3311/1129 420/3089/1130
f 329/2469/1131 331/219/1132 388/4467/1133
f 329/2469/1131 388/4467/1133 390/4100/1134
f 344/1723/1135 346/714/1136 406/3927/1137
f 344/1723/1135 406/3927/1137 408/2532/1138
f 362/47/1139 364/881/1140 421/1546/1141
f 362/47/1139 421/1546/1141 423/4268/1142
f 332/4568/1143 330/4347/1144 387/278/1145
f 332/4568/1143 387/278/1145 385/863/1146
f 347/4371/1147 345/923/1148 405/927/1149
f 347/4371/1147 405/927/1149 402/4064/1150
f 365/4157/1151 363/1397/1152 420/3089/1153
f 365/4157/1151 420/3089/1153 418/2198/1154
f 331/219/1155 333/33/1156 386/2757/1157
f 331/219/1155 386/2757/1157 388/4467/1158
f 346/714/1159 348/1879/1160 403/3422/1161
f 346/714/1159 403/3422/1161 406/3927/1162
f 364/881/1163 366/2944/1164 419/3138/1165
f 364/881/1163 419/3138/1165 421/1546/1166
f 334/4558/1167 332/4568/1168 385/863/1169
f 334/4558/1167 385/863/1169 383/2038/1170
f 350/4584/1171 347/4371/1172 402/4064/1173
f 350/4584/1171 402/4064/1173 375/3355/1174
f 367/2932/1175 365/4157/1176 418/2198/1177
f 367/2932/1175 418/2198/1177 416/3345/1178
f 333/33/1179 335/1975/1180 384/1483/1181
f 333/33/1179 384/1483/1181 386/2757/1182
f 366/2944/1183 368/580/1184 417/665/1185
f 366/2944/1183 417/665/1185 419/3138/1186
f 348/1879/1187 349/3467/1188 404/309/1189
f 348/1879/1187 404/309/1189 403/3422/1190
f 382/1850/1191 372/2648/1192 373/1830/1193
f 382/1850/1191 373/1830/1193 381/2381/1194
f 384/1483/1195 382/1850/1196 381/2381/1197
f 384/1483/1195 381/2381/1197 383/2038/1198
f 386/2757/1199 384/1483/1200 383/2038/1201
f 386/2757/1199 383/2038/1201 385/863/1202
f 388/4467/1203 386/2757/1204 385/863/1205
f 388/4467/1203 385/863/1205 387/278/1206
f 390/4100/1207 388/4467/1208 387/278/1209
f 390/4100/1207 387/278/1209 389/2188/1210
f 374/821/1211 392/960/1212 393/2274/1213
f 374/821/1211 393/2274/1213 391/2725/1214
f 392/960/1215 394/2530/1216 395/4413/1217
f 392/960/1215 395/4413/1217 393/2274/1218
f 394/2530/1219 396/4621/1220 397/1786/1221
f 394/2530/1219 397/1786/1221 395/4413/1222
f 396/4621/1223 398/2976/1224 399/3263/1225
f 396/4621/1223 399/3263/1225 397/1786/1226
f 398/2976/1227 400/2928/1228 401/1885/1229
f 398/2976/1227 401/1885/1229 399/3263/1230
f 403/3422/1231 404/309/1232 375/3355/1233
f 403/3422/1231 375/3355/1233 402/4064/1234
f 406/3927/1235 403/3422/1236 402/4064/1237
f 406/3927/1235 402/4064/1237 405/927/1238
f 408/2532/1239 406/3927/1240 405/927/1241
f 408/2532/1239 405/927/1241 407/3172/1242
f 410/3775/1243 408/2532/1244 407/3172/1245
f 410/3775/1243 407/3172/1245 409/1669/1246
f 412/4095/1247 410/3775/1248 409/1669/1249
f 412/4095/1247 409/1669/1249 411/692/1250
f 400/2928/1251 379/172/1252 378/3996/1253
f 400/2928/1251 378/3996/1253 401/1885/1254
f 377/2223/1255 412/4095/1256 411/692/1257
f 377/2223/1255 411/692/1257 380/1193/1258
f 414/2617/1259 415/1416/1260 376/4381/1261
f 414/2617/1259 376/4381/1261 413/4139/1262
f 417/665/1263 414/2617/1264 413/4139/1265
f 417/665/1263 413/4139/1265 416/3345/1266
f 419/3138/1267 417/665/1268 416/3345/1269
f 419/3138/1267 416/3345/1269 418/2198/1270
f 421/1546/1271 419/3138/1272 418/2198/1273
f 421/1546/1271 418/2198/1273 420/3089/1274
f 423/4268/1275 421/1546/1276 420/3089/1277
f 423/4268/1275 420/3089/1277 422/3311/1278
f 380/271/1279 390/4100/1280 389/2188/1281
f 380/271/1279 389/2188/1281 378/2473/1282
f 379/630/1283 423/4268/1284 422/3311/1285
f 379/630/1283 422/3311/1285 377/1503/1286
f 361/1280/1287 325/4131/1288 377/1503/1289
f 361/1280/1287 377/1503/1289 422/3311/1290
f 360/3238/1291 457/3289/1292 391/2725/1293
f 360/3238/1291 391/2725/1293 393/2274/1294
f 340/807/1295 342/1934/1296 410/3775/1297
f 340/807/1295 410/3775/1297 412/4095/1298
f 359/590/1299 357/4253/1300 394/2530/1301
f 359/590/1299 394/2530/1301 392/960/1302
f 341/4022/1303 339/1760/1304 411/692/1305
f 341/4022/1303 411/692/1305 409/1669/1306
f 351/1969/1307 324/513/1308 379/172/1309
f 351/1969/1307 379/172/1309 400/2928/1310
f 358/2165/1311 360/3238/1312 393/2274/1313
f 358/2165/1311 393/2274/1313 395/4413/1314
f 327/313/1315 352/11/1316 401/1885/1317
f 327/313/1315 401/1885/1317 378/3996/1318
f 357/4253/1319 355/3905/1320 396/4621/1321
f 357/4253/1319 396/4621/1321 394/2530/1322
f 325/2386/1323 340/807/1324 412/4095/1325
f 325/2386/1323 412/4095/1325 377/2223/1326
f 339/1760/1327 326/1321/1328 380/1193/1329
f 339/1760/1327 380/1193/1329 411/692/1330
f 356/1950/1331 358/2165/1332 395/4413/1333
f 356/1950/1331 395/4413/1333 397/1786/1334
f 355/3905/1335 353/2969/1336 398/2976/1337
f 355/3905/1335 398/2976/1337 396/4621/1338
f 370/4388/1339 480/737/1340 415/1416/1341
f 370/4388/1339 415/1416/1341 414/2617/1342
f 337/1935/1343 338/3786/1344 372/2648/1345
f 337/1935/1343 372/2648/1345 382/1850/1346
f 354/2633/1347 356/1950/1348 397/1786/1349
f 354/2633/1347 397/1786/1349 399/3263/1350
f 371/846/1351 369/215/1352 413/4139/1353
f 371/846/1351 413/4139/1353 376/4381/1354
f 353/2969/1355 351/1969/1356 400/2928/1357
f 353/2969/1355 400/2928/1357 398/2976/1358
f 368/580/1359 370/4388/1360 414/2617/1361
f 368/580/1359 414/2617/1361 417/665/1362
f 352/11/1363 354/2633/1364 399/3263/1365
f 352/11/1363 399/3263/1365 401/1885/1366
f 335/1975/1367 337/1935/1368 382/1850/1369
f 335/1975/1367 382/1850/1369 384/1483/1370
f 369/215/1371 367/2932/1372 416/3345/1373
f 369/215/1371 416/3345/1373 413/4139/1374
f 336/3640/1375 334/4558/1376 383/2038/1377
f 336/3640/1375 383/2038/1377 381/2381/1378
f 379/3572/1379 377/222/1380 427/2834/1381
f 379/3572/1379 427/2834/1381 425/110/1382
f 380/2921/1383 378/3513/1384 424/464/1385
f 380/2921/1383 424/464/1385 429/1868/1386
f 377/2094/1387 380/463/1388 429/2073/1389
f 377/2094/1387 429/2073/1389 427/1780/1390
f 426/3134/1391 430/865/1392 424/4592/1393
f 425/447/1394 434/1011/1395 432/1686/1396
f 425/447/1394 432/1686/1396 426/3134/1397
f 427/1283/1398 431/2444/1399 428/3252/1400
f 429/3381/1401 430/865/1402 431/2444/1403
f 428/3252/1404 431/2444/1405 433/224/1406
f 428/3252/1404 433/224/1406 432/1686/1407
f 429/1868/1408 424/464/1409 430/1459/1410
f 424/3102/1411 425/1653/1412 426/1768/1413
f 425/110/1414 427/2834/1415 428/2493/1416
f 425/110/1414 428/2493/1416 434/3581/1417
f 427/1780/1418 429/2073/1419 431/3972/1420
f 426/3134/1421 433/224/1422 430/865/1423
usemtl brickwall1
f 432/357/1424 434/3885/1425 428/3508/1426
usemtl stonetrims
f 430/865/1427 433/224/1428 431/2444/1429
f 432/1686/1430 433/224/1431 426/3134/1432
f 285/3308/1433 463/2357/1434 444/3158/1435
f 285/3308/1433 444/3158/1435 437/2130/1436
f 350/4584/1437 375/3355/1438 451/3593/1439
f 350/4584/1437 451/3593/1439 446/1028/1440
f 338/884/1441 307/857/1442 440/1900/1443
f 338/884/1441 440/1900/1443 443/1903/1444
f 300/1829/1445 350/1529/1446 446/671/1447
f 300/1829/1445 446/671/1447 439/186/1448
f 391/2725/1449 457/3289/1450 462/3056/1451
f 391/2725/1449 462/3056/1451 453/2312/1452
f 349/3967/1453 313/3738/1454 441/3777/1455
f 349/3967/1453 441/3777/1455 445/4587/1456
f 376/4381/1457 415/1416/1458 455/3766/1459
f 376/4381/1457 455/3766/1459 452/4642/1460
f 372/2648/1461 338/3786/1462 443/1758/1463
f 372/2648/1461 443/1758/1463 448/1320/1464
f 404/309/1465 349/3467/1466 445/3532/1467
f 404/309/1465 445/3532/1467 454/3589/1468
f 319/587/1469 371/53/1470 447/4104/1471
f 319/587/1469 447/4104/1471 442/919/1472
f 374/821/1473 391/2725/1474 453/2312/1475
f 374/821/1473 453/2312/1475 450/4666/1476
f 415/1416/1477 480/737/1478 477/2093/1479
f 415/1416/1477 477/2093/1479 455/3766/1480
f 480/1403/1481 275/1156/1482 435/2707/1483
f 480/1403/1481 435/2707/1483 477/4202/1484
f 375/3355/1485 404/309/1486 454/3589/1487
f 375/3355/1485 454/3589/1487 451/3593/1488
f 457/2465/1489 291/4586/1490 438/3518/1491
f 457/2465/1489 438/3518/1491 462/531/1492
f 373/1830/1493 372/2648/1494 448/1320/1495
f 373/1830/1493 448/1320/1495 449/37/1496
f 281/1724/1497 470/3187/1498 479/3653/1499
f 281/1724/1497 479/3653/1499 436/165/1500
f 371/846/1501 376/4381/1502 452/4642/1503
f 371/846/1501 452/4642/1503 447/1539/1504
f 378/2412/1505 379/716/1506 425/1653/1507
f 378/2412/1505 425/1653/1507 424/3102/1508
f 469/3436/1509 465/3858/1510 289/3412/1511
f 469/3436/1509 289/3412/1511 286/2638/1512
f 460/4238/1513 467/3561/1514 294/99/1515
f 460/4238/1513 294/99/1515 290/1741/1516
f 459/3400/1517 463/2357/1518 285/3308/1519
f 459/3400/1517 285/3308/1519 295/2525/1520
f 463/3539/1521 336/3640/1522 381/2381/1523
f 463/3539/1521 381/2381/1523 373/1830/1524
usemtl brickwall1
f 464/1977/1525 461/3267/1526 356/2041/1527
f 464/1977/1525 356/2041/1527 354/4180/1528
f 461/3267/1529 458/1347/1530 358/3555/1531
f 461/3267/1529 358/3555/1531 356/2041/1532
usemtl stonetrims
f 444/3390/1533 463/3539/1534 373/1830/1535
f 444/3390/1533 373/1830/1535 449/37/1536
f 465/3858/1537 460/4238/1538 290/1741/1539
f 465/3858/1537 290/1741/1539 289/3412/1540
f 467/3561/1541 459/3400/1542 295/2525/1543
f 467/3561/1541 295/2525/1543 294/99/1544
usemtl brickwall1
f 466/4239/1545 464/1977/1546 354/4180/1547
f 466/4239/1545 354/4180/1547 352/1434/1548
f 456/3956/1549 466/4239/1550 352/1434/1551
f 456/3956/1549 352/1434/1551 327/3447/1552
usemtl stonetrims
f 456/377/1553 469/3436/1554 286/2638/1555
f 456/377/1553 286/2638/1555 293/3784/1556
usemtl brickwall1
f 458/1347/1557 468/4590/1558 360/3237/1559
f 458/1347/1557 360/3237/1559 358/3555/1560
f 468/4590/1561 457/812/1562 360/3237/1563
f 472/228/1564 481/4215/1565 353/1432/1566
f 472/228/1564 353/1432/1566 355/4671/1567
f 470/4127/1568 478/26/1569 359/3461/1570
f 481/4215/1571 473/911/1572 351/332/1573
f 481/4215/1571 351/332/1573 353/1432/1574
usemtl stonetrims
f 474/1024/1575 484/903/1576 284/3671/1577
f 474/1024/1575 284/3671/1577 276/1268/1578
f 476/856/1579 474/1024/1580 276/1268/1581
f 476/856/1579 276/1268/1581 279/601/1582
f 475/321/1583 483/3662/1584 280/260/1585
f 475/321/1583 280/260/1585 283/2391/1586
f 480/1403/1587 482/1819/1588 272/747/1589
f 480/1403/1587 272/747/1589 275/1156/1590
f 470/1782/1591 359/590/1592 392/960/1593
f 470/1782/1591 392/960/1593 374/821/1594
usemtl brickwall1
f 478/26/1595 471/2180/1596 357/156/1597
f 478/26/1595 357/156/1597 359/3461/1598
f 471/2180/1599 472/228/1600 355/4671/1601
f 471/2180/1599 355/4671/1601 357/156/1602
f 473/911/1603 484/2377/1604 324/1021/1605
f 473/911/1603 324/1021/1605 351/332/1606
usemtl stonetrims
f 483/3662/1607 476/856/1608 279/601/1609
f 483/3662/1607 279/601/1609 280/260/1610
f 482/1819/1611 475/321/1612 283/2391/1613
f 482/1819/1611 283/2391/1613 272/747/1614
f 479/1272/1615 470/1782/1616 374/821/1617
f 479/1272/1615 374/821/1617 450/4666/1618
usemtl brickwall1
f 489/1776/1619 495/2555/1620 346/4327/1621
f 489/1776/1619 346/4327/1621 344/212/1622
f 495/2555/1623 491/3672/1624 348/2457/1625
f 495/2555/1623 348/2457/1625 346/4327/1626
f 488/1487/1627 494/1168/1628 342/1188/1629
f 488/1487/1627 342/1188/1629 340/504/1630
usemtl stonetrims
f 492/1963/1631 487/4117/1632 312/2802/1633
f 492/1963/1631 312/2802/1633 311/3740/1634
f 485/2644/1635 486/4675/1636 316/1291/1637
f 485/2644/1635 316/1291/1637 315/3894/1638
f 490/4218/1639 492/1963/1640 311/3740/1641
f 490/4218/1639 311/3740/1641 320/719/1642
usemtl brickwall1
f 493/394/1643 488/1487/1644 340/504/1645
f 493/394/1643 340/504/1645 325/1634/1646
f 491/3672/1647 349/3984/1648 348/2457/1649
f 494/1168/1650 489/1776/1651 344/212/1652
f 494/1168/1650 344/212/1652 342/1188/1653
usemtl stonetrims
f 493/229/1654 490/4218/1655 320/719/1656
f 493/229/1654 320/719/1656 323/3877/1657
f 487/4117/1658 485/2644/1659 315/3894/1660
f 487/4117/1658 315/3894/1660 312/2802/1661
f 486/4675/1662 371/53/1663 319/587/1664
f 486/4675/1662 319/587/1664 316/1291/1665
usemtl brickwall1
f 506/1580/1666 499/4394/1667 343/3541/1668
f 506/1580/1666 343/3541/1668 345/1203/1669
usemtl stonetrims
f 504/1679/1670 496/664/1671 298/4340/1672
f 504/1679/1670 298/4340/1672 299/1983/1673
f 505/851/1674 503/3665/1675 302/4448/1676
f 505/851/1674 302/4448/1676 304/4528/1677
f 500/2970/1678 498/2058/1679 303/2709/1680
f 500/2970/1678 303/2709/1680 308/4158/1681
usemtl brickwall1
f 499/4394/1682 502/4513/1683 341/3622/1684
f 499/4394/1682 341/3622/1684 343/3541/1685
f 350/799/1686 501/4062/1687 347/4435/1688
f 502/4513/1689 497/4599/1690 339/1341/1691
f 502/4513/1689 339/1341/1691 341/3622/1692
f 501/4062/1693 506/1580/1694 345/1203/1695
f 501/4062/1693 345/1203/1695 347/4435/1696
f 497/4599/1697 498/3978/1698 326/1369/1699
f 497/4599/1697 326/1369/1699 339/1341/1700
usemtl stonetrims
f 503/3665/1701 504/1679/1702 299/1983/1703
f 503/3665/1701 299/1983/1703 302/4448/1704
f 338/884/1705 505/851/1706 304/4528/1707
f 338/884/1705 304/4528/1707 307/857/1708
f 496/664/1709 500/2970/1710 308/4158/1711
f 496/664/1709 308/4158/1711 298/4340/1712
f 509/4026/1713 519/815/1714 719/2746/1715
f 509/4026/1713 719/2746/1715 708/141/1716
usemtl brickwall1
f 563/3682/1717 565/4550/1718 700/2733/1719
f 563/3682/1717 700/2733/1719 704/3573/1720
f 565/4550/1721 567/1316/1722 695/962/1723
f 565/4550/1721 695/962/1723 700/2733/1724
f 567/1316/1725 569/1973/1726 702/3494/1727
f 567/1316/1725 702/3494/1727 695/962/1728
f 569/1973/1729 571/2838/1730 694/1425/1731
f 569/1973/1729 694/1425/1731 702/3494/1732
f 571/2838/1733 698/3219/1734 694/1425/1735
f 560/1965/1736 596/3564/1737 725/2516/1738
f 560/1965/1736 725/2516/1738 728/2232/1739
f 566/1038/1740 731/473/1741 739/4322/1742
f 566/1038/1740 739/4322/1742 568/2660/1743
f 568/2660/1744 739/4322/1745 738/3310/1746
f 568/2660/1744 738/3310/1746 570/426/1747
f 570/426/1748 738/3310/1749 740/4449/1750
f 570/426/1748 740/4449/1750 572/723/1751
f 572/723/1752 740/4449/1753 573/749/1754
usemtl stonetrims
f 553/3041/1755 557/2917/1756 729/4593/1757
f 553/3041/1755 729/4593/1757 723/2971/1758
f 528/4088/1759 532/1390/1760 701/1352/1761
f 528/4088/1759 701/1352/1761 691/2207/1762
usemtl brickwall1
f 597/1230/1763 709/4172/1764 711/1985/1765
f 597/1230/1763 711/1985/1765 599/4169/1766
f 599/4169/1767 711/1985/1768 718/427/1769
f 599/4169/1767 718/427/1769 601/1995/1770
f 601/1995/1771 718/427/1772 710/2351/1773
f 601/1995/1771 710/2351/1773 603/3392/1774
f 603/3392/1775 710/2351/1776 717/4691/1777
f 603/3392/1775 717/4691/1777 605/688/1778
f 605/688/1779 717/4691/1780 715/1441/1781
f 562/556/1782 563/3682/1783 704/3573/1784
f 562/556/1782 704/3573/1784 691/1049/1785
f 598/1214/1786 600/4192/1787 722/2982/1788
f 598/1214/1786 722/2982/1788 727/4070/1789
f 600/4192/1790 602/3449/1791 720/2225/1792
f 600/4192/1790 720/2225/1792 722/2982/1793
f 602/3449/1794 604/2697/1795 721/1847/1796
f 602/3449/1794 721/1847/1796 720/2225/1797
f 604/2697/1798 606/1713/1799 721/1847/1800
f 596/3564/1801 598/1214/1802 727/4070/1803
f 596/3564/1801 727/4070/1803 725/2516/1804
usemtl stonetrims
f 531/100/1805 522/680/1806 703/3244/1807
f 531/100/1805 703/3244/1807 693/90/1808
f 523/4378/1809 527/2122/1810 696/3945/1811
f 523/4378/1809 696/3945/1811 699/352/1812
f 522/680/1813 526/164/1814 692/4285/1815
f 522/680/1813 692/4285/1815 703/3244/1816
f 527/2122/1817 531/100/1818 693/90/1819
f 527/2122/1817 693/90/1819 696/3945/1820
usemtl brickwall1
f 564/1172/1821 735/4277/1822 731/473/1823
f 564/1172/1821 731/473/1823 566/1038/1824
usemtl stonetrims
f 512/3168/1825 508/830/1826 706/2977/1827
f 512/3168/1825 706/2977/1827 713/779/1828
f 517/73/1829 513/3366/1830 716/1818/1831
f 517/73/1829 716/1818/1831 707/3943/1832
f 558/986/1833 553/3041/1834 723/2971/1835
f 558/986/1833 723/2971/1835 728/2060/1836
f 516/3570/1837 512/3168/1838 713/779/1839
f 516/3570/1837 713/779/1839 705/3486/1840
f 508/830/1841 517/73/1842 707/3943/1843
f 508/830/1841 707/3943/1843 706/2977/1844
f 513/3366/1845 509/4026/1846 708/141/1847
f 513/3366/1845 708/141/1847 716/1818/1848
f 556/2161/1849 548/868/1850 584/1059/1851
f 556/2161/1849 584/1059/1851 726/4606/1852
f 549/1138/1853 552/3434/1854 730/1491/1855
f 549/1138/1853 730/1491/1855 724/2698/1856
f 532/1390/1857 523/4378/1858 699/352/1859
f 532/1390/1857 699/352/1859 701/1352/1860
f 552/3434/1861 556/2161/1862 726/4606/1863
f 552/3434/1861 726/4606/1863 730/1491/1864
f 557/2917/1865 549/1138/1866 724/2698/1867
f 557/2917/1865 724/2698/1867 729/4593/1868
usemtl brickwall1
f 559/2885/1869 719/4210/1870 709/4172/1871
f 559/2885/1869 709/4172/1871 597/1230/1872
usemtl stonetrims
f 535/2118/1873 544/2005/1874 736/1612/1875
f 535/2118/1873 736/1612/1875 585/3394/1876
f 540/2563/1877 536/3100/1878 734/2590/1879
f 540/2563/1877 734/2590/1879 741/4216/1880
f 545/1070/1881 541/3941/1882 732/4323/1883
f 545/1070/1881 732/4323/1883 737/2760/1884
usemtl brickwall1
f 561/1635/1885 733/1069/1886 735/4277/1887
f 561/1635/1885 735/4277/1887 564/1172/1888
usemtl stonetrims
f 544/2005/1889 540/2563/1890 741/4216/1891
f 544/2005/1889 741/4216/1891 736/1612/1892
f 536/3100/1893 545/1070/1894 737/2760/1895
f 536/3100/1893 737/2760/1895 734/2590/1896
f 541/3941/1897 538/4548/1898 733/3918/1899
f 541/3941/1897 733/3918/1899 732/4323/1900
f 578/1358/1901 576/1121/1902 644/3527/1903
f 578/1358/1901 644/3527/1903 642/324/1904
f 559/3720/1905 597/361/1906 658/1395/1907
f 559/3720/1905 658/1395/1907 614/2490/1908
f 577/3779/1909 579/3569/1910 643/4368/1911
f 577/3779/1909 643/4368/1911 645/4080/1912
f 563/1305/1913 562/2586/1914 613/4296/1915
f 563/1305/1913 613/4296/1915 624/4050/1916
f 561/256/1917 564/4292/1918 625/1204/1919
f 561/256/1917 625/1204/1919 615/2108/1920
f 565/1464/1921 563/1305/1922 624/4050/1923
f 565/1464/1921 624/4050/1923 622/546/1924
f 580/2768/1925 578/1358/1926 642/324/1927
f 580/2768/1925 642/324/1927 640/1216/1928
f 598/1668/1929 596/3113/1930 657/443/1931
f 598/1668/1929 657/443/1931 655/223/1932
f 564/4292/1933 566/2050/1934 623/1558/1935
f 564/4292/1933 623/1558/1935 625/1204/1936
f 579/3569/1937 581/2559/1938 641/1017/1939
f 579/3569/1937 641/1017/1939 643/4368/1940
f 597/361/1941 599/2718/1942 656/3419/1943
f 597/361/1941 656/3419/1943 658/1395/1944
f 567/1670/1945 565/1464/1946 622/546/1947
f 567/1670/1945 622/546/1947 620/2694/1948
f 582/1477/1949 580/2768/1950 640/1216/1951
f 582/1477/1949 640/1216/1951 637/1157/1952
f 600/1286/1953 598/1668/1954 655/223/1955
f 600/1286/1953 655/223/1955 653/4061/1956
f 566/2050/1957 568/1886/1958 621/4594/1959
f 566/2050/1957 621/4594/1959 623/1558/1960
f 581/2559/1961 583/3709/1962 638/528/1963
f 581/2559/1961 638/528/1963 641/1017/1964
f 599/2718/1965 601/55/1966 654/275/1967
f 599/2718/1965 654/275/1967 656/3419/1968
f 569/1659/1969 567/1670/1970 620/2694/1971
f 569/1659/1969 620/2694/1971 618/3899/1972
f 585/1692/1973 582/1477/1974 637/1157/1975
f 585/1692/1973 637/1157/1975 610/3630/1976
f 602/3205/1977 600/1286/1978 653/4061/1979
f 602/3205/1977 653/4061/1979 651/467/1980
f 568/1886/1981 570/3816/1982 619/3349/1983
f 568/1886/1981 619/3349/1983 621/4594/1984
f 601/55/1985 603/896/1986 652/2520/1987
f 601/55/1985 652/2520/1987 654/275/1988
f 583/3709/1989 584/3770/1990 639/563/1991
f 583/3709/1989 639/563/1991 638/528/1992
f 617/3678/1993 607/4498/1994 608/2119/1995
f 617/3678/1993 608/2119/1995 616/2655/1996
f 619/3349/1997 617/3678/1998 616/2655/1999
f 619/3349/1997 616/2655/1999 618/3899/2000
f 621/4594/2001 619/3349/2002 618/3899/2003
f 621/4594/2001 618/3899/2003 620/2694/2004
f 623/1558/2005 621/4594/2006 620/2694/2007
f 623/1558/2005 620/2694/2007 622/546/2008
f 625/1204/2009 623/1558/2010 622/546/2011
f 625/1204/2009 622/546/2011 624/4050/2012
f 609/1094/2013 627/2808/2014 628/4126/2015
f 609/1094/2013 628/4126/2015 626/4562/2016
f 627/2808/2017 629/2828/2018 630/1505/2019
f 627/2808/2017 630/1505/2019 628/4126/2020
f 629/2828/2021 631/213/2022 632/3619/2023
f 629/2828/2021 632/3619/2023 630/1505/2024
f 631/213/2025 633/3239/2026 634/400/2027
f 631/213/2025 634/400/2027 632/3619/2028
f 633/3239/2029 635/35/2030 636/2169/2031
f 633/3239/2029 636/2169/2031 634/400/2032
f 638/528/2033 639/563/2034 610/3630/2035
f 638/528/2033 610/3630/2035 637/1157/2036
f 641/1017/2037 638/528/2038 637/1157/2039
f 641/1017/2037 637/1157/2039 640/1216/2040
f 643/4368/2041 641/1017/2042 640/1216/2043
f 643/4368/2041 640/1216/2043 642/324/2044
f 645/4080/2045 643/4368/2046 642/324/2047
f 645/4080/2045 642/324/2047 644/3527/2048
f 647/4355/2049 645/4080/2050 644/3527/2051
f 647/4355/2049 644/3527/2051 646/2540/2052
f 635/35/2053 614/2014/2054 613/1091/2055
f 635/35/2053 613/1091/2055 636/2169/2056
f 612/4085/2057 647/4355/2058 646/2540/2059
f 612/4085/2057 646/2540/2059 615/3048/2060
f 649/4462/2061 650/1704/2062 611/1484/2063
f 649/4462/2061 611/1484/2063 648/1256/2064
f 652/2520/2065 649/4462/2066 648/1256/2067
f 652/2520/2065 648/1256/2067 651/467/2068
f 654/275/2069 652/2520/2070 651/467/2071
f 654/275/2069 651/467/2071 653/4061/2072
f 656/3419/2073 654/275/2074 653/4061/2075
f 656/3419/2073 653/4061/2075 655/223/2076
f 658/1395/2077 656/3419/2078 655/223/2079
f 658/1395/2077 655/223/2079 657/443/2080
f 615/2108/2081 625/1204/2082 624/4050/2083
f 615/2108/2081 624/4050/2083 613/4296/2084
f 614/2490/2085 658/1395/2086 657/443/2087
f 614/2490/2085 657/443/2087 612/3374/2088
f 596/3113/2089 560/1248/2090 612/3374/2091
f 596/3113/2089 612/3374/2091 657/443/2092
f 595/383/2093 692/423/2094 626/4562/2095
f 595/383/2093 626/4562/2095 628/4126/2096
f 575/1075/2097 577/3779/2098 645/4080/2099
f 575/1075/2097 645/4080/2099 647/4355/2100
f 594/902/2101 592/1379/2102 629/2828/2103
f 594/902/2101 629/2828/2103 627/2808/2104
f 576/1121/2105 574/3595/2106 646/2540/2107
f 576/1121/2105 646/2540/2107 644/3527/2108
f 586/2252/2109 559/2378/2110 614/2014/2111
f 586/2252/2109 614/2014/2111 635/35/2112
f 593/4030/2113 595/383/2114 628/4126/2115
f 593/4030/2113 628/4126/2115 630/1505/2116
f 562/564/2117 587/325/2118 636/2169/2119
f 562/564/2117 636/2169/2119 613/1091/2120
f 592/1379/2121 590/1000/2122 631/213/2123
f 592/1379/2121 631/213/2123 629/2828/2124
f 560/2658/2125 575/1075/2126 647/4355/2127
f 560/2658/2125 647/4355/2127 612/4085/2128
f 574/3595/2129 561/1579/2130 615/3048/2131
f 574/3595/2129 615/3048/2131 646/2540/2132
f 591/3791/2133 593/4030/2134 630/1505/2135
f 591/3791/2133 630/1505/2135 632/3619/2136
f 590/1000/2137 588/79/2138 633/3239/2139
f 590/1000/2137 633/3239/2139 631/213/2140
f 605/1490/2141 715/1019/2142 650/1704/2143
f 605/1490/2141 650/1704/2143 649/4462/2144
f 572/3780/2145 573/904/2146 607/4498/2147
f 572/3780/2145 607/4498/2147 617/3678/2148
f 589/4474/2149 591/3791/2150 632/3619/2151
f 589/4474/2149 632/3619/2151 634/400/2152
f 606/2674/2153 604/2045/2154 648/1256/2155
f 606/2674/2153 648/1256/2155 611/1484/2156
f 588/79/2157 586/2252/2158 635/35/2159
f 588/79/2157 635/35/2159 633/3239/2160
f 603/896/2161 605/1490/2162 649/4462/2163
f 603/896/2161 649/4462/2163 652/2520/2164
f 587/325/2165 589/4474/2166 634/400/2167
f 587/325/2165 634/400/2167 636/2169/2168
f 570/3816/2169 572/3780/2170 617/3678/2171
f 570/3816/2169 617/3678/2171 619/3349/2172
f 604/2045/2173 602/3205/2174 651/467/2175
f 604/2045/2173 651/467/2175 648/1256/2176
f 571/785/2177 569/1659/2178 618/3899/2179
f 571/785/2177 618/3899/2179 616/2655/2180
f 614/703/2181 612/2053/2182 662/4655/2183
f 614/703/2181 662/4655/2183 660/1956/2184
f 615/31/2185 613/627/2186 659/2316/2187
f 615/31/2185 659/2316/2187 664/3700/2188
f 612/3960/2189 615/2315/2190 664/3934/2191
f 612/3960/2189 664/3934/2191 662/3615/2192
f 661/3432/2193 665/1143/2194 659/1700/2195
f 660/2295/2196 669/2875/2197 667/3537/2198
f 660/2295/2196 667/3537/2198 661/3432/2199
f 662/3116/2200 666/4266/2201 663/392/2202
f 664/493/2203 665/1143/2204 666/4266/2205
f 663/392/2206 666/4266/2207 668/2054/2208
f 663/392/2206 668/2054/2208 667/3537/2209
f 664/3700/2210 659/2316/2211 665/1749/2212
f 659/3387/2213 660/3514/2214 661/3601/2215
f 660/1956/2216 662/4655/2217 663/2780/2218
f 660/1956/2216 663/2780/2218 669/721/2219
f 662/3615/2220 664/3934/2221 666/1063/2222
f 661/3432/2223 668/2054/2224 665/1143/2225
usemtl brickwall1
f 667/2182/2226 669/992/2227 663/624/2228
usemtl stonetrims
f 665/1143/2229 668/2054/2230 666/4266/2231
f 667/3537/2232 668/2054/2233 661/3432/2234
f 520/439/2235 698/2637/2236 679/296/2237
f 520/439/2235 679/296/2237 672/3993/2238
f 585/1692/2239 610/3630/2240 686/738/2241
f 585/1692/2239 686/738/2241 681/2889/2242
f 573/2722/2243 542/2687/2244 675/2192/2245
f 573/2722/2243 675/2192/2245 678/2194/2246
f 535/2118/2247 585/3394/2248 681/2526/2249
f 535/2118/2247 681/2526/2249 674/2025/2250
f 626/4562/2251 692/423/2252 697/177/2253
f 626/4562/2251 697/177/2253 688/4151/2254
f 584/1059/2255 548/868/2256 676/897/2257
f 584/1059/2255 676/897/2257 680/1695/2258
f 611/1484/2259 650/1704/2260 690/887/2261
f 611/1484/2259 690/887/2261 687/1767/2262
f 607/4498/2263 573/904/2264 678/3594/2265
f 607/4498/2263 678/3594/2265 683/1578/2266
f 639/563/2267 584/3770/2268 680/648/2269
f 639/563/2267 680/648/2269 689/733/2270
f 554/2458/2271 606/1901/2272 682/1212/2273
f 554/2458/2271 682/1212/2273 677/2764/2274
f 609/1094/2275 626/4562/2276 688/4151/2277
f 609/1094/2275 688/4151/2277 685/1797/2278
f 650/1704/2279 715/1019/2280 712/2396/2281
f 650/1704/2279 712/2396/2281 690/887/2282
f 715/3247/2283 510/1433/2284 670/4546/2285
f 715/3247/2283 670/4546/2285 712/4490/2286
f 610/3630/2287 639/563/2288 689/733/2289
f 610/3630/2287 689/733/2289 686/738/2290
f 692/4285/2291 526/164/2292 673/3824/2293
f 692/4285/2291 673/3824/2293 697/2399/2294
f 608/2119/2295 607/4498/2296 683/1578/2297
f 608/2119/2295 683/1578/2297 684/1889/2298
f 516/3570/2299 705/3486/2300 714/800/2301
f 516/3570/2299 714/800/2301 671/2009/2302
f 606/2674/2303 611/1484/2304 687/1767/2305
f 606/2674/2303 687/1767/2305 682/1856/2306
f 613/2681/2307 614/2560/2308 660/3514/2309
f 613/2681/2307 660/3514/2309 659/3387/2310
f 704/544/2311 700/966/2312 524/522/2313
f 704/544/2311 524/522/2313 521/4484/2314
f 695/1355/2315 702/3878/2316 529/1946/2317
f 695/1355/2315 529/1946/2317 525/3582/2318
f 694/3683/2319 698/2637/2320 520/439/2321
f 694/3683/2319 520/439/2321 530/4357/2322
f 698/3849/2323 571/785/2324 616/2655/2325
f 698/3849/2323 616/2655/2325 608/2119/2326
usemtl brickwall1
f 699/3818/2327 696/405/2328 591/3906/2329
f 699/3818/2327 591/3906/2329 589/4473/2330
f 696/405/2331 693/3186/2332 593/676/2333
f 696/405/2331 593/676/2333 591/3906/2334
usemtl stonetrims
f 679/502/2335 698/3849/2336 608/2119/2337
f 679/502/2335 608/2119/2337 684/1889/2338
f 700/966/2339 695/1355/2340 525/3582/2341
f 700/966/2339 525/3582/2341 524/522/2342
f 702/3878/2343 694/3683/2344 530/4357/2345
f 702/3878/2343 530/4357/2345 529/1946/2346
usemtl brickwall1
f 701/1356/2347 699/3818/2348 589/4473/2349
f 701/1356/2347 589/4473/2349 587/3283/2350
f 691/1049/2351 701/1356/2352 587/3283/2353
f 691/1049/2351 587/3283/2353 562/556/2354
usemtl stonetrims
f 691/2207/2355 704/544/2356 521/4484/2357
f 691/2207/2355 521/4484/2357 528/4088/2358
usemtl brickwall1
f 693/3186/2359 703/168/2360 595/382/2361
f 693/3186/2359 595/382/2361 593/676/2362
f 703/168/2363 692/1083/2364 595/382/2365
f 707/2059/2366 716/1333/2367 588/3280/2368
f 707/2059/2366 588/3280/2368 590/262/2369
f 705/1238/2370 713/341/2371 594/565/2372
f 716/1333/2373 708/2756/2374 586/2155/2375
f 716/1333/2373 586/2155/2375 588/3280/2376
usemtl stonetrims
f 709/2887/2377 719/2746/2378 519/815/2379
f 709/2887/2377 519/815/2379 511/1530/2380
f 711/2685/2381 709/2887/2382 511/1530/2383
f 711/2685/2381 511/1530/2383 514/2468/2384
f 710/2145/2385 718/808/2386 515/2095/2387
f 710/2145/2385 515/2095/2387 518/4222/2388
f 715/3247/2389 717/3647/2390 507/2585/2391
f 715/3247/2389 507/2585/2391 510/1433/2392
f 705/2080/2393 594/902/2394 627/2808/2395
f 705/2080/2393 627/2808/2395 609/1094/2396
usemtl brickwall1
f 713/341/2397 706/4044/2398 592/440/2399
f 713/341/2397 592/440/2399 594/565/2400
f 706/4044/2401 707/2059/2402 590/262/2403
f 706/4044/2401 590/262/2403 592/440/2404
f 708/2756/2405 719/4210/2406 559/2885/2407
f 708/2756/2405 559/2885/2407 586/2155/2408
usemtl stonetrims
f 718/808/2409 711/2685/2410 514/2468/2411
f 718/808/2409 514/2468/2411 515/2095/2412
f 717/3647/2413 710/2145/2414 518/4222/2415
f 717/3647/2413 518/4222/2415 507/2585/2416
f 714/3109/2417 705/2080/2418 609/1094/2419
f 714/3109/2417 609/1094/2419 685/1797/2420
usemtl brickwall1
f 724/2076/2421 730/4398/2422 581/1443/2423
f 724/2076/2421 581/1443/2423 579/2042/2424
f 730/4398/2425 726/816/2426 583/4278/2427
f 730/4398/2425 583/4278/2427 581/1443/2428
f 723/3354/2429 729/3026/2430 577/3044/2431
f 723/3354/2429 577/3044/2431 575/2368/2432
usemtl stonetrims
f 727/3801/2433 722/4386/2434 547/4629/2435
f 727/3801/2433 547/4629/2435 546/870/2436
f 720/2960/2437 721/1807/2438 551/3122/2439
f 720/2960/2437 551/3122/2439 550/995/2440
f 725/4512/2441 727/3801/2442 546/870/2443
f 725/4512/2441 546/870/2443 555/2562/2444
usemtl brickwall1
f 728/2232/2445 723/3354/2446 575/2368/2447
f 728/2232/2445 575/2368/2447 560/1965/2448
f 726/816/2449 584/1076/2450 583/4278/2451
f 729/3026/2452 724/2076/2453 579/2042/2454
f 729/3026/2452 579/2042/2454 577/3044/2455
usemtl stonetrims
f 728/2060/2456 725/4512/2457 555/2562/2458
f 728/2060/2456 555/2562/2458 558/986/2459
f 722/4386/2460 720/2960/2461 550/995/2462
f 722/4386/2460 550/995/2462 547/4629/2463
f 721/1807/2464 606/1901/2465 554/2458/2466
f 721/1807/2464 554/2458/2466 551/3122/2467
usemtl brickwall1
f 741/1910/2468 734/1492/2469 578/3856/2470
f 741/1910/2468 578/3856/2470 580/3055/2471
usemtl stonetrims
f 739/1999/2472 731/2519/2473 533/1458/2474
f 739/1999/2472 533/1458/2474 534/2265/2475
f 740/2679/2476 738/810/2477 537/1547/2478
f 740/2679/2476 537/1547/2478 539/104/2479
f 735/80/2480 733/3918/2481 538/4548/2482
f 735/80/2480 538/4548/2482 543/1287/2483
usemtl brickwall1
f 734/1492/2484 737/1602/2485 576/767/2486
f 734/1492/2484 576/767/2486 578/3856/2487
f 585/2632/2488 736/1153/2489 582/1534/2490
f 737/1602/2491 732/180/2492 574/3179/2493
f 737/1602/2491 574/3179/2493 576/767/2494
f 736/1153/2495 741/1910/2496 580/3055/2497
f 736/1153/2495 580/3055/2497 582/1534/2498
f 732/180/2499 733/1069/2500 561/1635/2501
f 732/180/2499 561/1635/2501 574/3179/2502
usemtl stonetrims
f 738/810/2503 739/1999/2504 534/2265/2505
f 738/810/2503 534/2265/2505 537/1547/2506
f 573/2722/2507 740/2679/2508 539/104/2509
f 573/2722/2507 539/104/2509 542/2687/2510
f 731/2519/2511 735/80/2512 543/1287/2513
f 731/2519/2511 543/1287/2513 533/1458/2514
f 744/4286/2515 754/2641/2516 954/4581/2517
f 744/4286/2515 954/4581/2517 943/1987/2518
usemtl brickwall1
f 798/828/2519 800/1649/2520 935/4566/2521
f 798/828/2519 935/4566/2521 939/704/2522
f 800/1649/2523 802/3159/2524 930/2810/2525
f 800/1649/2523 930/2810/2525 935/4566/2526
f 802/3159/2527 804/3815/2528 937/603/2529
f 802/3159/2527 937/603/2529 930/2810/2530
f 804/3815/2531 806/3117/2532 929/3274/2533
f 804/3815/2531 929/3274/2533 937/603/2534
f 806/3117/2535 933/370/2536 929/3274/2537
f 795/3805/2538 831/693/2539 960/4349/2540
f 795/3805/2538 960/4349/2540 963/4091/2541
f 801/2899/2542 966/2334/2543 974/1435/2544
f 801/2899/2542 974/1435/2544 803/4516/2545
f 803/4516/2546 974/1435/2547 973/442/2548
f 803/4516/2546 973/442/2548 805/2273/2549
f 805/2273/2550 973/442/2551 975/1548/2552
f 805/2273/2550 975/1548/2552 807/2567/2553
f 807/2567/2554 975/1548/2555 808/2587/2556
usemtl stonetrims
f 788/160/2557 792/27/2558 964/1701/2559
f 788/160/2557 964/1701/2559 958/81/2560
f 763/1184/2561 767/3228/2562 936/1613/2563
f 763/1184/2561 936/1613/2563 926/4068/2564
usemtl brickwall1
f 832/1494/2565 944/1296/2566 946/3825/2567
f 832/1494/2565 946/3825/2567 834/4466/2568
f 834/4466/2569 946/3825/2570 953/713/2571
f 834/4466/2569 953/713/2571 836/3838/2572
f 836/3838/2573 953/713/2574 945/4184/2575
f 836/3838/2573 945/4184/2575 838/505/2576
f 838/505/2577 945/4184/2578 952/1831/2579
f 838/505/2577 952/1831/2579 840/2539/2580
f 840/2539/2581 952/1831/2582 950/1728/2583
f 797/2429/2584 798/828/2585 939/704/2586
f 797/2429/2584 939/704/2586 926/2908/2587
f 833/3065/2588 835/1313/2589 957/91/2590
f 833/3065/2588 957/91/2590 962/1164/2591
f 835/1313/2592 837/3745/2593 955/2506/2594
f 835/1313/2592 955/2506/2594 957/91/2595
f 837/3745/2596 839/4541/2597 956/3673/2598
f 837/3745/2596 956/3673/2598 955/2506/2599
f 839/4541/2600 841/3558/2601 956/3673/2602
f 831/693/2603 833/3065/2604 962/1164/2605
f 831/693/2603 962/1164/2605 960/4349/2606
usemtl stonetrims
f 766/1947/2607 757/2531/2608 938/386/2609
f 766/1947/2607 938/386/2609 928/1936/2610
f 758/4664/2611 762/3985/2612 931/1036/2613
f 758/4664/2611 931/1036/2613 934/2175/2614
f 757/2531/2615 761/2008/2616 927/1406/2617
f 757/2531/2615 927/1406/2617 938/386/2618
f 762/3985/2619 766/1947/2620 928/1936/2621
f 762/3985/2619 928/1936/2621 931/1036/2622
usemtl brickwall1
f 799/1448/2623 970/4573/2624 966/2334/2625
f 799/1448/2623 966/2334/2625 801/2899/2626
usemtl stonetrims
f 747/318/2627 743/2653/2628 941/3240/2629
f 747/318/2627 941/3240/2629 948/1057/2630
f 752/1918/2631 748/478/2632 951/3646/2633
f 752/1918/2631 951/3646/2633 942/1032/2634
f 793/2836/2635 788/160/2636 958/81/2637
f 793/2836/2635 958/81/2637 963/3921/2638
f 751/3889/2639 747/318/2640 948/1057/2641
f 751/3889/2639 948/1057/2641 940/592/2642
f 743/2653/2643 752/1918/2644 942/1032/2645
f 743/2653/2643 942/1032/2645 941/3240/2646
f 748/478/2647 744/4286/2648 943/1987/2649
f 748/478/2647 943/1987/2649 951/3646/2650
f 791/2466/2651 783/2701/2652 819/2918/2653
f 791/2466/2651 819/2918/2653 961/1718/2654
f 784/2998/2655 787/542/2656 965/3362/2657
f 784/2998/2655 965/3362/2657 959/4542/2658
f 767/3228/2659 758/4664/2660 934/2175/2661
f 767/3228/2659 934/2175/2661 936/1613/2662
f 787/542/2663 791/2466/2664 961/1718/2665
f 787/542/2663 961/1718/2665 965/3362/2666
f 792/27/2667 784/2998/2668 959/4542/2669
f 792/27/2667 959/4542/2669 964/1701/2670
usemtl brickwall1
f 794/4699/2671 954/4504/2672 944/1296/2673
f 794/4699/2671 944/1296/2673 832/1494/2674
usemtl stonetrims
f 770/3981/2675 779/3850/2676 971/3490/2677
f 770/3981/2675 971/3490/2677 820/506/2678
f 775/4411/2679 771/3385/2680 969/4434/2681
f 775/4411/2679 969/4434/2681 976/1334/2682
f 780/2937/2683 776/1031/2684 967/1437/2685
f 780/2937/2683 967/1437/2685 972/4598/2686
usemtl brickwall1
f 796/3504/2687 968/1366/2688 970/4573/2689
f 796/3504/2687 970/4573/2689 799/1448/2690
usemtl stonetrims
f 779/3850/2691 775/4411/2692 976/1334/2693
f 779/3850/2691 976/1334/2693 971/3490/2694
f 771/3385/2695 780/2937/2696 972/4598/2697
f 771/3385/2695 972/4598/2697 969/4434/2698
f 776/1031/2699 773/1645/2700 968/1010/2701
f 776/1031/2699 968/1010/2701 967/1437/2702
f 813/3203/2703 811/2984/2704 879/644/2705
f 813/3203/2703 879/644/2705 877/571/2706
f 794/858/2707 832/2186/2708 893/1667/2709
f 794/858/2707 893/1667/2709 849/4324/2710
f 812/899/2711 814/699/2712 878/1476/2713
f 812/899/2711 878/1476/2713 880/1173/2714
f 798/3143/2715 797/2891/2716 848/1414/2717
f 798/3143/2715 848/1414/2717 859/4311/2718
f 796/526/2719 799/1412/2720 860/1473/2721
f 796/526/2719 860/1473/2721 850/3973/2722
f 800/1753/2723 798/3143/2724 859/4311/2725
f 800/1753/2723 859/4311/2725 857/2415/2726
f 815/4603/2727 813/3203/2728 877/571/2729
f 815/4603/2727 877/571/2729 875/3067/2730
f 833/3526/2731 831/3406/2732 892/731/2733
f 833/3526/2731 892/731/2733 890/2055/2734
f 799/1412/2735 801/3912/2736 858/1880/2737
f 799/1412/2735 858/1880/2737 860/1473/2738
f 814/699/2739 816/4402/2740 876/2880/2741
f 814/699/2739 876/2880/2741 878/1476/2742
f 832/2186/2743 834/4555/2744 891/3696/2745
f 832/2186/2743 891/3696/2745 893/1667/2746
f 802/3528/2747 800/1753/2748 857/2415/2749
f 802/3528/2747 857/2415/2749 855/4539/2750
f 817/1781/2751 815/4603/2752 875/3067/2753
f 817/1781/2751 875/3067/2753 872/3018/2754
f 835/3119/2755 833/3526/2756 890/2055/2757
f 835/3119/2755 890/2055/2757 888/1152/2758
f 801/3912/2759 803/2170/2760 856/1702/2761
f 801/3912/2759 856/1702/2761 858/1880/2762
f 816/4402/2763 818/848/2764 873/840/2765
f 816/4402/2763 873/840/2765 876/2880/2766
f 834/4555/2767 836/367/2768 889/2110/2769
f 834/4555/2767 889/2110/2769 891/3696/2770
f 804/3521/2771 802/3528/2772 855/4539/2773
f 804/3521/2771 855/4539/2773 853/997/2774
f 820/3540/2775 817/1781/2776 872/3018/2777
f 820/3540/2775 872/3018/2777 845/774/2778
f 837/353/2779 835/3119/2780 888/1152/2781
f 837/353/2779 888/1152/2781 886/2319/2782
f 803/2170/2783 805/4110/2784 854/468/2785
f 803/2170/2783 854/468/2785 856/1702/2786
f 836/367/2787 838/2735/2788 887/2818/2789
f 836/367/2787 887/2818/2789 889/2110/2790
f 818/848/2791 819/889/2792 874/2436/2793
f 818/848/2791 874/2436/2793 873/840/2794
f 852/3999/2795 842/1589/2796 843/3982/2797
f 852/3999/2795 843/3982/2797 851/4507/2798
f 854/468/2799 852/3999/2800 851/4507/2801
f 854/468/2799 851/4507/2801 853/997/2802
f 856/1702/2803 854/468/2804 853/997/2805
f 856/1702/2803 853/997/2805 855/4539/2806
f 858/1880/2807 856/1702/2808 855/4539/2809
f 858/1880/2807 855/4539/2809 857/2415/2810
f 860/1473/2811 858/1880/2812 857/2415/2813
f 860/1473/2811 857/2415/2813 859/4311/2814
f 844/2963/2815 862/4632/2816 863/1234/2817
f 844/2963/2815 863/1234/2817 861/1661/2818
f 862/4632/2819 864/4649/2820 865/3376/2821
f 862/4632/2819 865/3376/2821 863/1234/2822
f 864/4649/2823 866/2043/2824 867/766/2825
f 864/4649/2823 867/766/2825 865/3376/2826
f 866/2043/2827 868/384/2828 869/2239/2829
f 866/2043/2827 869/2239/2829 867/766/2830
f 868/384/2831 870/1887/2832 871/4035/2833
f 868/384/2831 871/4035/2833 869/2239/2834
f 873/840/2835 874/2436/2836 845/774/2837
f 873/840/2835 845/774/2837 872/3018/2838
f 876/2880/2839 873/840/2840 872/3018/2841
f 876/2880/2839 872/3018/2841 875/3067/2842
f 878/1476/2843 876/2880/2844 875/3067/2845
f 878/1476/2843 875/3067/2845 877/571/2846
f 880/1173/2847 878/1476/2848 877/571/2849
f 880/1173/2847 877/571/2849 879/644/2850
f 882/1469/2851 880/1173/2852 879/644/2853
f 882/1469/2851 879/644/2853 881/4375/2854
f 870/1887/2855 849/3864/2856 848/2961/2857
f 870/1887/2855 848/2961/2857 871/4035/2858
f 847/4336/2859 882/1469/2860 881/4375/2861
f 847/4336/2859 881/4375/2861 850/3319/2862
f 884/28/2863 885/3551/2864 846/3350/2865
f 884/28/2863 846/3350/2865 883/1520/2866
f 887/2818/2867 884/28/2868 883/1520/2869
f 887/2818/2867 883/1520/2869 886/2319/2870
f 889/2110/2871 887/2818/2872 886/2319/2873
f 889/2110/2871 886/2319/2873 888/1152/2874
f 891/3696/2875 889/2110/2876 888/1152/2877
f 891/3696/2875 888/1152/2877 890/2055/2878
f 893/1667/2879 891/3696/2880 890/2055/2881
f 893/1667/2879 890/2055/2881 892/731/2882
f 850/3973/2883 860/1473/2884 859/4311/2885
f 850/3973/2883 859/4311/2885 848/1414/2886
f 849/4324/2887 893/1667/2888 892/731/2889
f 849/4324/2887 892/731/2889 847/3649/2890
f 831/3406/2891 795/1510/2892 847/3649/2893
f 831/3406/2891 847/3649/2893 892/731/2894
f 830/2219/2895 927/2269/2896 861/1661/2897
f 830/2219/2895 861/1661/2897 863/1234/2898
f 810/2942/2899 812/899/2900 880/1173/2901
f 810/2942/2899 880/1173/2901 882/1469/2902
f 829/2743/2903 827/3220/2904 864/4649/2905
f 829/2743/2903 864/4649/2905 862/4632/2906
f 811/2984/2907 809/741/2908 881/4375/2909
f 811/2984/2907 881/4375/2909 879/644/2910
f 821/4107/2911 794/4211/2912 849/3864/2913
f 821/4107/2911 849/3864/2913 870/1887/2914
f 828/1124/2915 830/2219/2916 863/1234/2917
f 828/1124/2915 863/1234/2917 865/3376/2918
f 797/2438/2919 822/2149/2920 871/4035/2921
f 797/2438/2919 871/4035/2921 848/2961/2922
f 827/3220/2923 825/1295/2924 866/2043/2925
f 827/3220/2923 866/2043/2925 864/4649/2926
f 795/4510/2927 810/2942/2928 882/1469/2929
f 795/4510/2927 882/1469/2929 847/4336/2930
f 809/741/2931 796/3454/2932 850/3319/2933
f 809/741/2931 850/3319/2933 881/4375/2934
f 826/4094/2935 828/1124/2936 865/3376/2937
f 826/4094/2935 865/3376/2937 867/766/2938
f 825/1295/2939 823/1925/2940 868/384/2941
f 825/1295/2939 868/384/2941 866/2043/2942
f 840/3357/2943 950/2882/2944 885/3551/2945
f 840/3357/2943 885/3551/2945 884/28/2946
f 807/900/2947 808/2747/2948 842/1589/2949
f 807/900/2947 842/1589/2949 852/3999/2950
f 824/1566/2951 826/4094/2952 867/766/2953
f 824/1566/2951 867/766/2953 869/2239/2954
f 841/4525/2955 839/2344/2956 883/1520/2957
f 841/4525/2955 883/1520/2957 846/3350/2958
f 823/1925/2959 821/4107/2960 870/1887/2961
f 823/1925/2959 870/1887/2961 868/384/2962
f 838/2735/2963 840/3357/2964 884/28/2965
f 838/2735/2963 884/28/2965 887/2818/2966
f 822/2149/2967 824/1566/2968 869/2239/2969
f 822/2149/2967 869/2239/2969 871/4035/2970
f 805/4110/2971 807/900/2972 852/3999/2973
f 805/4110/2971 852/3999/2973 854/468/2974
f 839/2344/2975 837/353/2976 886/2319/2977
f 839/2344/2975 886/2319/2977 883/1520/2978
f 806/2618/2979 804/3521/2980 853/997/2981
f 806/2618/2979 853/997/2981 851/4507/2982
f 849/2549/2983 847/3916/2984 897/1785/2985
f 849/2549/2983 897/1785/2985 895/3796/2986
f 850/1881/2987 848/933/2988 894/4154/2989
f 850/1881/2987 894/4154/2989 899/4020/2990
f 847/1052/2991 850/4155/2992 899/4197/2993
f 847/1052/2991 899/4197/2993 897/760/2994
f 896/541/2995 900/3006/2996 894/3548/2997
f 895/4140/2998 904/3148/2999 902/652/3000
f 895/4140/2998 902/652/3000 896/541/3001
f 897/252/3002 901/4563/3003 898/2230/3004
f 899/2355/3005 900/3006/3006 901/4563/3007
f 898/2230/3008 901/4563/3009 903/3917/3010
f 898/2230/3008 903/3917/3010 902/652/3011
f 899/4020/3012 894/4154/3013 900/3586/3014
f 894/499/3015 895/3822/3016 896/3939/3017
f 895/3796/3018 897/1785/3019 898/4614/3020
f 895/3796/3018 898/4614/3020 904/2564/3021
f 897/760/3022 899/4197/3023 901/2926/3024
f 896/541/3025 903/3917/3026 900/3006/3027
usemtl brickwall1
f 902/2479/3028 904/2844/3029 898/2486/3030
usemtl stonetrims
f 900/3006/3031 903/3917/3032 901/4563/3033
f 902/652/3034 903/3917/3035 896/541/3036
f 755/725/3037 933/4481/3038 914/555/3039
f 755/725/3037 914/555/3039 907/4256/3040
f 820/3540/3041 845/774/3042 921/2578/3043
f 820/3540/3041 921/2578/3043 916/4704/3044
f 808/4557/3045 777/3002/3046 910/4053/3047
f 808/4557/3045 910/4053/3047 913/4055/3048
f 770/3981/3049 820/506/3050 916/4358/3051
f 770/3981/3049 916/4358/3051 909/3874/3052
f 861/1661/3053 927/2269/3054 932/2017/3055
f 861/1661/3053 932/2017/3055 923/1275/3056
f 819/2918/3057 783/2701/3058 911/2739/3059
f 819/2918/3057 911/2739/3059 915/3542/3060
f 846/3350/3061 885/3551/3062 925/2726/3063
f 846/3350/3061 925/2726/3063 922/3600/3064
f 842/1589/3065 808/2747/3066 913/739/3067
f 842/1589/3065 913/739/3067 918/3453/3068
f 874/2436/3069 819/889/3070 915/2504/3071
f 874/2436/3069 915/2504/3071 924/2575/3072
f 789/4280/3073 841/3739/3074 917/3062/3075
f 789/4280/3073 917/3062/3075 912/3059/3076
f 844/2963/3077 861/1661/3078 923/1275/3079
f 844/2963/3077 923/1275/3079 920/3629/3080
f 885/3551/3081 950/2882/3082 947/4228/3083
f 885/3551/3081 947/4228/3083 925/2726/3084
f 950/3534/3085 745/3281/3086 905/129/3087
f 950/3534/3085 905/129/3087 947/1581/3088
f 845/774/3089 874/2436/3090 924/2575/3091
f 845/774/3089 924/2575/3091 921/2578/3092
f 927/1406/3093 761/2008/3094 908/938/3095
f 927/1406/3093 908/938/3095 932/4232/3096
f 843/3982/3097 842/1589/3098 918/3453/3099
f 843/3982/3097 918/3453/3099 919/2174/3100
f 751/3889/3101 940/592/3102 949/2634/3103
f 751/3889/3101 949/2634/3103 906/2293/3104
f 841/4525/3105 846/3350/3106 922/3600/3107
f 841/4525/3105 922/3600/3107 917/3687/3108
f 848/4531/3109 849/4404/3110 895/3822/3111
f 848/4531/3109 895/3822/3111 894/499/3112
f 939/855/3113 935/2814/3114 759/2388/3115
f 939/855/3113 759/2388/3115 756/1574/3116
f 930/3202/3117 937/988/3118 764/3787/3119
f 930/3202/3117 764/3787/3119 760/3913/3120
f 929/829/3121 933/4481/3122 755/725/3123
f 929/829/3121 755/725/3123 765/1471/3124
f 933/957/3125 806/2618/3126 851/4507/3127
f 933/957/3125 851/4507/3127 843/3982/3128
usemtl brickwall1
f 934/930/3129 931/2247/3130 826/1001/3131
f 934/930/3129 826/1001/3131 824/1565/3132
f 931/2247/3133 928/3485/3134 828/2528/3135
f 931/2247/3133 828/2528/3135 826/1001/3136
usemtl stonetrims
f 914/2365/3137 933/957/3138 843/3982/3139
f 914/2365/3137 843/3982/3139 919/2174/3140
f 935/2814/3141 930/3202/3142 760/3913/3143
f 935/2814/3141 760/3913/3143 759/2388/3144
f 937/988/3145 929/829/3146 765/1471/3147
f 937/988/3145 765/1471/3147 764/3787/3148
usemtl brickwall1
f 936/1622/3149 934/930/3150 824/1565/3151
f 936/1622/3149 824/1565/3151 822/418/3152
f 926/2908/3153 936/1622/3154 822/418/3155
f 926/2908/3153 822/418/3155 797/2429/3156
usemtl stonetrims
f 926/4068/3157 939/855/3158 756/1574/3159
f 926/4068/3157 756/1574/3159 763/1184/3160
usemtl brickwall1
f 928/3485/3161 938/2011/3162 830/2217/3163
f 928/3485/3161 830/2217/3163 828/2528/3164
f 938/2011/3165 927/2950/3166 830/2217/3167
f 942/3920/3168 951/3173/3169 823/415/3170
f 942/3920/3168 823/415/3170 825/2096/3171
f 940/3082/3172 948/2164/3173 829/2439/3174
f 951/3173/3175 943/4595/3176 821/4021/3177
f 951/3173/3175 821/4021/3177 823/415/3178
usemtl stonetrims
f 944/4701/3179 954/4581/3180 754/2641/3181
f 944/4701/3179 754/2641/3181 746/3395/3182
f 946/4535/3183 944/4701/3184 746/3395/3185
f 946/4535/3183 746/3395/3185 749/2752/3186
f 945/4010/3187 953/1078/3188 750/3961/3189
f 945/4010/3187 750/3961/3189 753/4514/3190
f 950/3534/3191 952/3975/3192 742/4428/3193
f 950/3534/3191 742/4428/3193 745/3281/3194
f 940/3949/3195 829/2743/3196 862/4632/3197
f 940/3949/3195 862/4632/3197 844/2963/3198
usemtl brickwall1
f 948/2164/3199 941/4304/3200 827/2282/3201
f 948/2164/3199 827/2282/3201 829/2439/3202
f 941/4304/3203 942/3920/3204 825/2096/3205
f 941/4304/3203 825/2096/3205 827/2282/3206
f 943/4595/3207 954/4504/3208 794/4699/3209
f 943/4595/3207 794/4699/3209 821/4021/3210
usemtl stonetrims
f 953/1078/3211 946/4535/3212 749/2752/3213
f 953/1078/3211 749/2752/3213 750/3961/3214
f 952/3975/3215 945/4010/3216 753/4514/3217
f 952/3975/3215 753/4514/3217 742/4428/3218
f 949/249/3219 940/3949/3220 844/2963/3221
f 949/249/3219 844/2963/3221 920/3629/3222
usemtl brickwall1
f 959/3944/3223 965/1496/3224 816/1730/3225
f 959/3944/3223 816/1730/3225 814/2342/3226
f 965/1496/3227 961/1089/3228 818/4574/3229
f 965/1496/3227 818/4574/3229 816/1730/3230
f 958/469/3231 964/142/3232 812/162/3233
f 958/469/3231 812/162/3233 810/2642/3234
usemtl stonetrims
f 962/917/3235 957/1489/3236 782/230/3237
f 962/917/3235 782/230/3237 781/2703/3238
f 955/68/3239 956/2099/3240 786/258/3241
f 955/68/3239 786/258/3241 785/2853/3242
f 960/1600/3243 962/917/3244 781/2703/3245
f 960/1600/3243 781/2703/3245 790/4409/3246
usemtl brickwall1
f 963/4091/3247 958/469/3248 810/2642/3249
f 963/4091/3247 810/2642/3249 795/3805/3250
f 961/1089/3251 819/1371/3252 818/4574/3253
f 964/142/3254 959/3944/3255 814/2342/3256
f 964/142/3254 814/2342/3256 812/162/3257
usemtl stonetrims
f 963/3921/3258 960/1600/3259 790/4409/3260
f 963/3921/3258 790/4409/3260 793/2836/3261
f 957/1489/3262 955/68/3263 785/2853/3264
f 957/1489/3262 785/2853/3264 782/230/3265
f 956/2099/3266 841/3739/3267 789/4280/3268
f 956/2099/3266 789/4280/3268 786/258/3269
usemtl brickwall1
f 976/3751/3270 969/3363/3271 813/963/3272
f 976/3751/3270 813/963/3272 815/3333/3273
usemtl stonetrims
f 974/3844/3274 966/4351/3275 768/3309/3276
f 974/3844/3274 768/3309/3276 769/4119/3277
f 975/4529/3278 973/1081/3279 772/1864/3280
f 975/4529/3278 772/1864/3280 774/1951/3281
f 970/1926/3282 968/1010/3283 773/1645/3284
f 970/1926/3282 773/1645/3284 778/3120/3285
usemtl brickwall1
f 969/3363/3286 972/3477/3287 811/2602/3288
f 969/3363/3286 811/2602/3288 813/963/3289
f 820/4475/3290 971/3016/3291 817/3398/3292
f 972/3477/3293 967/2021/3294 809/330/3295
f 972/3477/3293 809/330/3295 811/2602/3296
f 971/3016/3297 976/3751/3298 815/3333/3299
f 971/3016/3297 815/3333/3299 817/3398/3300
f 967/2021/3301 968/1366/3302 796/3504/3303
f 967/2021/3301 796/3504/3303 809/330/3304
usemtl stonetrims
f 973/1081/3305 974/3844/3306 769/4119/3307
f 973/1081/3305 769/4119/3307 772/1864/3308
f 808/4557/3309 975/4529/3310 774/1951/3311
f 808/4557/3309 774/1951/3311 777/3002/3312
f 966/4351/3313 970/1926/3314 778/3120/3315
f 966/4351/3313 778/3120/3315 768/3309/3316
f 979/1408/3317 989/4492/3318 1189/1687/3319
f 979/1408/3317 1189/1687/3319 1178/3829/3320
usemtl brickwall1
f 1033/1103/3321 1035/1978/3322 1170/148/3323
f 1033/1103/3321 1170/148/3323 1174/2550/3324
f 1035/1978/3325 1037/297/3326 1165/3097/3327
f 1035/1978/3325 1165/3097/3327 1170/148/3328
f 1037/297/3329 1039/4109/3330 1172/2470/3331
f 1037/297/3329 1172/2470/3331 1165/3097/3332
f 1039/4109/3333 1041/254/3334 1164/409/3335
f 1039/4109/3333 1164/409/3335 1172/2470/3336
f 1041/254/3337 1168/2195/3338 1164/409/3339
f 1030/920/3340 1066/989/3341 1195/1467/3342
f 1030/920/3340 1195/1467/3342 1198/4345/3343
f 1036/5/3344 1201/4164/3345 1209/3284/3346
f 1036/5/3344 1209/3284/3346 1038/87/3347
f 1038/87/3348 1209/3284/3349 1208/2284/3350
f 1038/87/3348 1208/2284/3350 1040/2557/3351
f 1040/2557/3352 1208/2284/3353 1210/3421/3354
f 1040/2557/3352 1210/3421/3354 1042/2873/3355
f 1042/2873/3356 1210/3421/3357 1043/4430/3358
usemtl stonetrims
f 1023/2006/3359 1027/1875/3360 1199/3549/3361
f 1023/2006/3359 1199/3549/3361 1193/1927/3362
f 998/3038/3363 1002/379/3364 1171/3491/3365
f 998/3038/3363 1171/3491/3365 1161/1160/3366
usemtl brickwall1
f 1067/3365/3367 1179/1559/3368 1181/4121/3369
f 1067/3365/3367 1181/4121/3369 1069/1557/3370
f 1069/1557/3371 1181/4121/3372 1188/2558/3373
f 1069/1557/3371 1188/2558/3373 1071/947/3374
f 1071/947/3375 1188/2558/3376 1180/1308/3377
f 1071/947/3375 1180/1308/3377 1073/2370/3378
f 1073/2370/3379 1180/1308/3380 1187/3659/3381
f 1073/2370/3379 1187/3659/3381 1075/2835/3382
f 1075/2835/3383 1187/3659/3384 1185/3574/3385
f 1032/4254/3386 1033/1103/3387 1174/2550/3388
f 1032/4254/3386 1174/2550/3388 1161/16/3389
f 1068/190/3390 1070/3156/3391 1192/1937/3392
f 1068/190/3390 1192/1937/3392 1197/3021/3393
f 1070/3156/3394 1072/874/3395 1190/4338/3396
f 1070/3156/3394 1190/4338/3396 1192/1937/3397
f 1072/874/3398 1074/1636/3399 1191/817/3400
f 1072/874/3398 1191/817/3400 1190/4338/3401
f 1074/1636/3402 1076/687/3403 1191/817/3404
f 1066/989/3405 1068/190/3406 1197/3021/3407
f 1066/989/3405 1197/3021/3407 1195/1467/3408
usemtl stonetrims
f 1001/3788/3409 992/4366/3410 1173/647/3411
f 1001/3788/3409 1173/647/3411 1163/3781/3412
f 993/1793/3413 997/1079/3414 1166/1327/3415
f 993/1793/3413 1166/1327/3415 1169/2476/3416
f 992/4366/3417 996/3857/3418 1162/1690/3419
f 992/4366/3417 1162/1690/3419 1173/647/3420
f 997/1079/3421 1001/3788/3422 1163/3781/3423
f 997/1079/3421 1163/3781/3423 1166/1327/3424
usemtl brickwall1
f 1034/3298/3425 1205/1675/3426 1201/4164/3427
f 1034/3298/3425 1201/4164/3427 1036/5/3428
usemtl stonetrims
f 982/2141/3429 978/4506/3430 1176/385/3431
f 982/2141/3429 1176/385/3431 1183/2913/3432
f 987/3761/3433 983/786/3434 1186/794/3435
f 987/3761/3433 1186/794/3435 1177/2894/3436
f 1028/4658/3437 1023/2006/3438 1193/1927/3439
f 1028/4658/3437 1193/1927/3439 1198/4187/3440
f 986/994/3441 982/2141/3442 1183/2913/3443
f 986/994/3441 1183/2913/3443 1175/2463/3444
f 978/4506/3445 987/3761/3446 1177/2894/3447
f 978/4506/3445 1177/2894/3447 1176/385/3448
f 983/786/3449 979/1408/3450 1178/3829/3451
f 983/786/3449 1178/3829/3451 1186/794/3452
f 1026/4287/3453 1018/4545/3454 1054/3195/3455
f 1026/4287/3453 1054/3195/3455 1196/2027/3456
f 1019/109/3457 1022/853/3458 1200/3637/3459
f 1019/109/3457 1200/3637/3459 1194/1637/3460
f 1002/379/3461 993/1793/3462 1169/2476/3463
f 1002/379/3461 1169/2476/3463 1171/3491/3464
f 1022/853/3465 1026/4287/3466 1196/2027/3467
f 1022/853/3465 1196/2027/3467 1200/3637/3468
f 1027/1875/3469 1019/109/3470 1194/1637/3471
f 1027/1875/3469 1194/1637/3471 1199/3549/3472
usemtl brickwall1
f 1029/300/3473 1189/1592/3474 1179/1559/3475
f 1029/300/3473 1179/1559/3475 1067/3365/3476
usemtl stonetrims
f 1005/1072/3477 1014/958/3478 1206/599/3479
f 1005/1072/3477 1206/599/3479 1055/2372/3480
f 1010/1504/3481 1006/497/3482 1204/1533/3483
f 1010/1504/3481 1204/1533/3483 1211/3174/3484
f 1015/46/3485 1011/2892/3486 1202/3286/3487
f 1015/46/3485 1202/3286/3487 1207/1707/3488
usemtl brickwall1
f 1031/617/3489 1203/3210/3490 1205/1675/3491
f 1031/617/3489 1205/1675/3491 1034/3298/3492
usemtl stonetrims
f 1014/958/3493 1010/1504/3494 1211/3174/3495
f 1014/958/3493 1211/3174/3495 1206/599/3496
f 1006/497/3497 1015/46/3498 1207/1707/3499
f 1006/497/3497 1207/1707/3499 1204/1533/3500
f 1011/2892/3501 1008/1976/3502 1203/1309/3503
f 1011/2892/3501 1203/1309/3503 1202/3286/3504
f 1048/351/3505 1046/3249/3506 1114/944/3507
f 1048/351/3505 1114/944/3507 1112/2446/3508
f 1029/2688/3509 1067/4049/3510 1128/3525/3511
f 1029/2688/3509 1128/3525/3511 1084/4611/3512
f 1047/1178/3513 1049/2546/3514 1113/3338/3515
f 1047/1178/3513 1113/3338/3515 1115/3031/3516
f 1033/3440/3517 1032/4705/3518 1083/1703/3519
f 1033/3440/3517 1083/1703/3519 1094/1426/3520
f 1031/2393/3521 1034/3260/3522 1095/3334/3523
f 1031/2393/3521 1095/3334/3523 1085/1064/3524
f 1035/3590/3525 1033/3440/3526 1094/1426/3527
f 1035/3590/3525 1094/1426/3527 1092/4243/3528
f 1050/189/3529 1048/351/3530 1112/2446/3531
f 1050/189/3529 1112/2446/3531 1110/192/3532
f 1068/642/3533 1066/516/3534 1127/2574/3535
f 1068/642/3533 1127/2574/3535 1125/2348/3536
f 1034/3260/3537 1036/4179/3538 1093/3710/3539
f 1034/3260/3537 1093/3710/3539 1095/3334/3540
f 1049/2546/3541 1051/1501/3542 1111/3157/3543
f 1049/2546/3541 1111/3157/3543 1113/3338/3544
f 1067/4049/3545 1069/135/3546 1126/836/3547
f 1067/4049/3545 1126/836/3547 1128/3525/3548
f 1037/3836/3549 1035/3590/3550 1092/4243/3551
f 1037/3836/3549 1092/4243/3551 1090/1631/3552
f 1052/3616/3553 1050/189/3554 1110/192/3555
f 1052/3616/3553 1110/192/3555 1107/3282/3556
f 1070/3413/3557 1068/642/3558 1125/2348/3559
f 1070/3413/3557 1125/2348/3559 1123/3015/3560
f 1036/4179/3561 1038/4036/3562 1091/3550/3563
f 1036/4179/3561 1091/3550/3563 1093/3710/3564
f 1051/1501/3565 1053/1129/3566 1108/2665/3567
f 1051/1501/3565 1108/2665/3567 1111/3157/3568
f 1069/135/3569 1071/2193/3570 1124/3976/3571
f 1069/135/3569 1124/3976/3571 1126/836/3572
f 1039/638/3573 1037/3836/3574 1090/1631/3575
f 1039/638/3573 1090/1631/3575 1088/2858/3576
f 1055/3853/3577 1052/3616/3578 1107/3282/3579
f 1055/3853/3577 1107/3282/3579 1080/2609/3580
f 1072/2176/3581 1070/3413/3582 1123/3015/3583
f 1072/2176/3581 1123/3015/3583 1121/2600/3584
f 1038/4036/3585 1040/1218/3586 1089/2327/3587
f 1038/4036/3585 1089/2327/3587 1091/3550/3588
f 1071/2193/3589 1073/4569/3590 1122/4639/3591
f 1071/2193/3589 1122/4639/3591 1124/3976/3592
f 1053/1129/3593 1054/2729/3594 1109/4259/3595
f 1053/1129/3593 1109/4259/3595 1108/2665/3596
f 1087/1095/3597 1077/1919/3598 1078/1073/3599
f 1087/1095/3597 1078/1073/3599 1086/1596/3600
f 1089/2327/3601 1087/1095/3602 1086/1596/3603
f 1089/2327/3601 1086/1596/3603 1088/2858/3604
f 1091/3550/3605 1089/2327/3606 1088/2858/3607
f 1091/3550/3605 1088/2858/3607 1090/1631/3608
f 1093/3710/3609 1091/3550/3610 1090/1631/3611
f 1093/3710/3609 1090/1631/3611 1092/4243/3612
f 1095/3334/3613 1093/3710/3614 1092/4243/3615
f 1095/3334/3613 1092/4243/3615 1094/1426/3616
f 1079/70/3617 1097/235/3618 1098/3080/3619
f 1079/70/3617 1098/3080/3619 1096/1988/3620
f 1097/235/3621 1099/1777/3622 1100/3654/3623
f 1097/235/3621 1100/3654/3623 1098/3080/3624
f 1099/1777/3625 1101/3908/3626 1102/1043/3627
f 1099/1777/3625 1102/1043/3627 1100/3654/3628
f 1101/3908/3629 1103/2220/3630 1104/2523/3631
f 1101/3908/3629 1104/2523/3631 1102/1043/3632
f 1103/2220/3633 1105/3717/3634 1106/1135/3635
f 1103/2220/3633 1106/1135/3635 1104/2523/3636
f 1108/2665/3637 1109/4259/3638 1080/2609/3639
f 1108/2665/3637 1080/2609/3639 1107/3282/3640
f 1111/3157/3641 1108/2665/3642 1107/3282/3643
f 1111/3157/3641 1107/3282/3643 1110/192/3644
f 1113/3338/3645 1111/3157/3646 1110/192/3647
f 1113/3338/3645 1110/192/3647 1112/2446/3648
f 1115/3031/3649 1113/3338/3650 1112/2446/3651
f 1115/3031/3649 1112/2446/3651 1114/944/3652
f 1117/3328/3653 1115/3031/3654 1114/944/3655
f 1117/3328/3653 1114/944/3655 1116/1480/3656
f 1105/3717/3657 1084/973/3658 1083/69/3659
f 1105/3717/3657 1083/69/3659 1106/1135/3660
f 1082/1454/3661 1117/3328/3662 1116/1480/3663
f 1082/1454/3661 1116/1480/3663 1085/448/3664
f 1119/1876/3665 1120/669/3666 1081/3627/3667
f 1119/1876/3665 1081/3627/3667 1118/3386/3668
f 1122/4639/3669 1119/1876/3670 1118/3386/3671
f 1122/4639/3669 1118/3386/3671 1121/2600/3672
f 1124/3976/3673 1122/4639/3674 1121/2600/3675
f 1124/3976/3673 1121/2600/3675 1123/3015/3676
f 1126/836/3677 1124/3976/3678 1123/3015/3679
f 1126/836/3677 1123/3015/3679 1125/2348/3680
f 1128/3525/3681 1126/836/3682 1125/2348/3683
f 1128/3525/3681 1125/2348/3683 1127/2574/3684
f 1085/1064/3685 1095/3334/3686 1094/1426/3687
f 1085/1064/3685 1094/1426/3687 1083/1703/3688
f 1084/4611/3689 1128/3525/3690 1127/2574/3691
f 1084/4611/3689 1127/2574/3691 1082/797/3692
f 1066/516/3693 1030/3379/3694 1082/797/3695
f 1066/516/3693 1082/797/3695 1127/2574/3696
f 1065/4081/3697 1162/4122/3698 1096/1988/3699
f 1065/4081/3697 1096/1988/3699 1098/3080/3700
f 1045/51/3701 1047/1178/3702 1115/3031/3703
f 1045/51/3701 1115/3031/3703 1117/3328/3704
f 1064/4577/3705 1062/3507/3706 1099/1777/3707
f 1064/4577/3705 1099/1777/3707 1097/235/3708
f 1046/3249/3709 1044/1022/3710 1116/1480/3711
f 1046/3249/3709 1116/1480/3711 1114/944/3712
f 1056/1213/3713 1029/4505/3714 1084/973/3715
f 1056/1213/3713 1084/973/3715 1105/3717/3716
f 1063/1410/3717 1065/4081/3718 1098/3080/3719
f 1063/1410/3717 1098/3080/3719 1100/3654/3720
f 1032/4261/3721 1057/4013/3722 1106/1135/3723
f 1032/4261/3721 1106/1135/3723 1083/69/3724
f 1062/3507/3725 1060/3130/3726 1101/3908/3727
f 1062/3507/3725 1101/3908/3727 1099/1777/3728
f 1030/1599/3729 1045/51/3730 1117/3328/3731
f 1030/1599/3729 1117/3328/3731 1082/1454/3732
f 1044/1022/3733 1031/559/3734 1085/448/3735
f 1044/1022/3733 1085/448/3735 1116/1480/3736
f 1061/1195/3737 1063/1410/3738 1100/3654/3739
f 1061/1195/3737 1100/3654/3739 1102/1043/3740
f 1060/3130/3741 1058/2212/3742 1103/2220/3743
f 1060/3130/3741 1103/2220/3743 1101/3908/3744
f 1075/471/3745 1185/4695/3746 1120/669/3747
f 1075/471/3745 1120/669/3747 1119/1876/3748
f 1042/2742/3749 1043/3040/3750 1077/1919/3751
f 1042/2742/3749 1077/1919/3751 1087/1095/3752
f 1059/3439/3753 1061/1195/3754 1102/1043/3755
f 1059/3439/3753 1102/1043/3755 1104/2523/3756
f 1076/1615/3757 1074/4176/3758 1118/3386/3759
f 1076/1615/3757 1118/3386/3759 1081/3627/3760
f 1058/2212/3761 1056/1213/3762 1105/3717/3763
f 1058/2212/3761 1105/3717/3763 1103/2220/3764
f 1073/4569/3765 1075/471/3766 1119/1876/3767
f 1073/4569/3765 1119/1876/3767 1122/4639/3768
f 1057/4013/3769 1059/3439/3770 1104/2523/3771
f 1057/4013/3769 1104/2523/3771 1106/1135/3772
f 1040/1218/3773 1042/2742/3774 1087/1095/3775
f 1040/1218/3773 1087/1095/3775 1089/2327/3776
f 1074/4176/3777 1072/2176/3778 1121/2600/3779
f 1074/4176/3777 1121/2600/3779 1118/3386/3780
f 1041/2919/3781 1039/638/3782 1088/2858/3783
f 1041/2919/3781 1088/2858/3783 1086/1596/3784
f 1084/2854/3785 1082/1006/3786 1132/3617/3787
f 1084/2854/3785 1132/3617/3787 1130/4096/3788
f 1085/3711/3789 1083/2775/3790 1129/1281/3791
f 1085/3711/3789 1129/1281/3791 1134/1119/3792
f 1082/2911/3793 1085/1282/3794 1134/1319/3795
f 1082/2911/3793 1134/1319/3795 1132/2594/3796
f 1131/2413/3797 1135/120/3798 1129/666/3799
f 1130/1258/3800 1139/286/3801 1137/2509/3802
f 1130/1258/3800 1137/2509/3802 1131/2413/3803
f 1132/2083/3804 1136/1664/3805 1133/2510/3806
f 1134/2636/3807 1135/120/3808 1136/1664/3809
f 1133/2510/3810 1136/1664/3811 1138/1007/3812
f 1133/2510/3810 1138/1007/3812 1137/2509/3813
f 1134/1119/3814 1129/1281/3815 1135/730/3816
f 1129/2362/3817 1130/935/3818 1131/1029/3819
f 1130/4096/3820 1132/3617/3821 1133/1729/3822
f 1130/4096/3820 1133/1729/3822 1139/4412/3823
f 1132/2594/3824 1134/1319/3825 1136/34/3826
f 1131/2413/3827 1138/1007/3828 1135/120/3829
usemtl brickwall1
f 1137/4306/3830 1139/4665/3831 1133/4318/3832
usemtl stonetrims
f 1135/120/3833 1138/1007/3834 1136/1664/3835
f 1137/2509/3836 1138/1007/3837 1131/2413/3838
f 990/2569/3839 1168/1570/3840 1149/2426/3841
f 990/2569/3839 1149/2426/3841 1142/1384/3842
f 1055/3853/3843 1080/2609/3844 1156/4423/3845
f 1055/3853/3843 1156/4423/3845 1151/308/3846
f 1043/139/3847 1012/114/3848 1145/1147/3849
f 1043/139/3847 1145/1147/3849 1148/1149/3850
f 1005/1072/3851 1055/2372/3852 1151/1472/3853
f 1005/1072/3851 1151/1472/3853 1144/982/3854
f 1096/1988/3855 1162/4122/3856 1167/2306/3857
f 1096/1988/3855 1167/2306/3857 1158/3111/3858
f 1054/3195/3859 1018/4545/3860 1146/4572/3861
f 1054/3195/3859 1146/4572/3861 1150/660/3862
f 1081/3627/3863 1120/669/3864 1160/3027/3865
f 1081/3627/3863 1160/3027/3865 1157/3937/3866
f 1077/1919/3867 1043/3040/3868 1148/2579/3869
f 1077/1919/3867 1148/2579/3869 1153/558/3870
f 1109/4259/3871 1054/2729/3872 1150/2796/3873
f 1109/4259/3871 1150/2796/3873 1159/4422/3874
f 1024/4575/3875 1076/869/3876 1152/185/3877
f 1024/4575/3875 1152/185/3877 1147/181/3878
f 1079/70/3879 1096/1988/3880 1158/3111/3881
f 1079/70/3879 1158/3111/3881 1155/3958/3882
f 1120/669/3883 1185/4695/3884 1182/1346/3885
f 1120/669/3883 1182/1346/3885 1160/3027/3886
f 1185/650/3887 980/416/3888 1140/1974/3889
f 1185/650/3887 1140/1974/3889 1182/3455/3890
f 1080/2609/3891 1109/4259/3892 1159/4422/3893
f 1080/2609/3891 1159/4422/3893 1156/4423/3894
f 1162/1690/3895 996/3857/3896 1143/2779/3897
f 1162/1690/3895 1143/2779/3897 1167/1350/3898
f 1078/1073/3899 1077/1919/3900 1153/558/3901
f 1078/1073/3899 1153/558/3901 1154/4040/3902
f 986/994/3903 1175/2463/3904 1184/2934/3905
f 986/994/3903 1184/2934/3905 1141/4141/3906
f 1076/1615/3907 1081/3627/3908 1157/3937/3909
f 1076/1615/3907 1157/3937/3909 1152/831/3910
f 1083/1621/3911 1084/4678/3912 1130/935/3913
f 1083/1621/3911 1130/935/3913 1129/2362/3914
f 1174/2684/3915 1170/3101/3916 994/4219/3917
f 1174/2684/3915 994/4219/3917 991/1906/3918
f 1165/349/3919 1172/2837/3920 999/4090/3921
f 1165/349/3919 999/4090/3921 995/1005/3922
f 1164/2650/3923 1168/1570/3924 990/2569/3925
f 1164/2650/3923 990/2569/3925 1000/3330/3926
f 1168/2805/3927 1041/2919/3928 1086/1596/3929
f 1168/2805/3927 1086/1596/3929 1078/1073/3930
usemtl brickwall1
f 1169/2773/3931 1166/4102/3932 1061/2866/3933
f 1169/2773/3931 1061/2866/3933 1059/3438/3934
f 1166/4102/3935 1163/591/3936 1063/2826/3937
f 1166/4102/3935 1063/2826/3937 1061/2866/3938
usemtl stonetrims
f 1149/2640/3939 1168/2805/3940 1078/1073/3941
f 1149/2640/3939 1078/1073/3941 1154/4040/3942
f 1170/3101/3943 1165/349/3944 995/1005/3945
f 1170/3101/3943 995/1005/3945 994/4219/3946
f 1172/2837/3947 1164/2650/3948 1000/3330/3949
f 1172/2837/3947 1000/3330/3949 999/4090/3950
usemtl brickwall1
f 1171/3496/3951 1169/2773/3952 1059/3438/3953
f 1171/3496/3951 1059/3438/3953 1057/2261/3954
f 1161/16/3955 1171/3496/3956 1057/2261/3957
f 1161/16/3955 1057/2261/3957 1032/4254/3958
usemtl stonetrims
f 1161/1160/3959 1174/2684/3960 991/1906/3961
f 1161/1160/3959 991/1906/3961 998/3038/3962
usemtl brickwall1
f 1163/591/3963 1173/3861/3964 1065/4078/3965
f 1163/591/3963 1065/4078/3965 1063/2826/3966
f 1173/3861/3967 1162/58/3968 1065/4078/3969
f 1177/1012/3970 1186/327/3971 1058/2258/3972
f 1177/1012/3970 1058/2258/3972 1060/3962/3973
f 1175/214/3974 1183/4029/3975 1064/2721/3976
f 1186/327/3977 1178/1705/3978 1056/1120/3979
f 1186/327/3977 1056/1120/3979 1058/2258/3980
usemtl stonetrims
f 1179/1844/3981 1189/1687/3982 989/4492/3983
f 1179/1844/3981 989/4492/3983 981/507/3984
f 1181/111/3985 1179/1844/3986 981/507/3987
f 1181/111/3985 981/507/3987 984/4588/3988
f 1180/1108/3989 1188/2943/3990 985/4231/3991
f 1180/1108/3989 985/4231/3991 988/1603/3992
f 1185/650/3993 1187/1067/3994 977/1527/3995
f 1185/650/3993 977/1527/3995 980/416/3996
f 1175/1039/3997 1064/4577/3998 1097/235/3999
f 1175/1039/3997 1097/235/3999 1079/70/4000
usemtl brickwall1
f 1183/4029/4001 1176/1420/4002 1062/4130/4003
f 1183/4029/4001 1062/4130/4003 1064/2721/4004
f 1176/1420/4005 1177/1012/4006 1060/3962/4007
f 1176/1420/4005 1060/3962/4007 1062/4130/4008
f 1178/1705/4009 1189/1592/4010 1029/300/4011
f 1178/1705/4009 1029/300/4011 1056/1120/4012
usemtl stonetrims
f 1188/2943/4013 1181/111/4014 984/4588/4015
f 1188/2943/4013 984/4588/4015 985/4231/4016
f 1187/1067/4017 1180/1108/4018 988/1603/4019
f 1187/1067/4017 988/1603/4019 977/1527/4020
f 1184/2078/4021 1175/1039/4022 1079/70/4023
f 1184/2078/4021 1079/70/4023 1155/3958/4024
usemtl brickwall1
f 1194/1034/4025 1200/1810/4026 1051/3576/4027
f 1194/1034/4025 1051/3576/4027 1049/4173/4028
f 1200/1810/4029 1196/2956/4030 1053/1676/4031
f 1200/1810/4029 1053/1676/4031 1051/3576/4032
f 1193/2330/4033 1199/425/4034 1047/446/4035
f 1193/2330/4033 1047/446/4035 1045/4493/4036
usemtl stonetrims
f 1197/1207/4037 1192/3356/4038 1017/2061/4039
f 1197/1207/4037 1017/2061/4039 1016/3010/4040
f 1190/1914/4041 1191/3965/4042 1021/527/4043
f 1190/1914/4041 1021/527/4043 1020/3125/4044
f 1195/3474/4045 1197/1207/4046 1016/3010/4047
f 1195/3474/4045 1016/3010/4047 1025/4684/4048
usemtl brickwall1
f 1198/4345/4049 1193/2330/4050 1045/4493/4051
f 1198/4345/4049 1045/4493/4051 1030/920/4052
f 1196/2956/4053 1054/3216/4054 1053/1676/4055
f 1199/425/4056 1194/1034/4057 1049/4173/4058
f 1199/425/4056 1049/4173/4058 1047/446/4059
usemtl stonetrims
f 1198/4187/4060 1195/3474/4061 1025/4684/4062
f 1198/4187/4060 1025/4684/4062 1028/4658/4063
f 1192/3356/4064 1190/1914/4065 1020/3125/4066
f 1192/3356/4064 1020/3125/4066 1017/2061/4067
f 1191/3965/4068 1076/869/4069 1024/4575/4070
f 1191/3965/4068 1024/4575/4070 1021/527/4071
usemtl brickwall1
f 1211/878/4072 1204/475/4073 1048/2811/4074
f 1211/878/4072 1048/2811/4074 1050/456/4075
usemtl stonetrims
f 1209/951/4076 1201/4638/4077 1003/441/4078
f 1209/951/4076 1003/441/4078 1004/1226/4079
f 1210/105/4080 1208/2947/4081 1007/3697/4082
f 1210/105/4080 1007/3697/4082 1009/3792/4083
f 1205/3769/4084 1203/1309/4085 1008/1976/4086
f 1205/3769/4084 1008/1976/4086 1013/3414/4087
usemtl brickwall1
f 1204/475/4088 1207/581/4089 1046/2905/4090
f 1204/475/4088 1046/2905/4090 1048/2811/4091
f 1055/42/4092 1206/131/4093 1052/509/4094
f 1207/581/4095 1202/3871/4096 1044/583/4097
f 1207/581/4095 1044/583/4097 1046/2905/4098
f 1206/131/4099 1211/878/4100 1050/456/4101
f 1206/131/4099 1050/456/4101 1052/509/4102
f 1202/3871/4103 1203/3210/4104 1031/617/4105
f 1202/3871/4103 1031/617/4105 1044/583/4106
usemtl stonetrims
f 1208/2947/4107 1209/951/4108 1004/1226/4109
f 1208/2947/4107 1004/1226/4109 1007/3697/4110
f 1043/139/4111 1210/105/4112 1009/3792/4113
f 1043/139/4111 1009/3792/4113 1012/114/4114
f 1201/4638/4115 1205/3769/4116 1013/3414/4117
f 1201/4638/4115 1013/3414/4117 1003/441/4118
f 1214/3253/4119 1224/65/4120 1424/2003/4121
f 1214/3253/4119 1424/2003/4121 1413/4124/4122
usemtl brickwall1
f 1268/2967/4123 1270/3819/4124 1405/1993/4125
f 1268/2967/4123 1405/1993/4125 1409/2856/4126
f 1270/3819/4127 1272/2125/4128 1400/237/4129
f 1270/3819/4127 1400/237/4129 1405/1993/4130
f 1272/2125/4131 1274/1217/4132 1407/4293/4133
f 1272/2125/4131 1407/4293/4133 1400/237/4134
f 1274/1217/4135 1276/2084/4136 1399/684/4137
f 1274/1217/4135 1399/684/4137 1407/4293/4138
f 1276/2084/4139 1403/4056/4140 1399/684/4141
f 1265/2765/4142 1301/2839/4143 1430/3320/4144
f 1265/2765/4142 1430/3320/4144 1433/1463/4145
f 1271/1854/4146 1436/1294/4147 1444/3568/4148
f 1271/1854/4146 1444/3568/4148 1273/1933/4149
f 1273/1933/4150 1444/3568/4151 1443/4132/4152
f 1273/1933/4150 1443/4132/4152 1275/4399/4153
f 1275/4399/4154 1443/4132/4155 1445/529/4156
f 1275/4399/4154 1445/529/4156 1277/4688/4157
f 1277/4688/4158 1445/529/4159 1278/1531/4160
usemtl stonetrims
f 1258/3851/4161 1262/3705/4162 1434/667/4163
f 1258/3851/4161 1434/667/4163 1428/2213/4164
f 1233/157/4165 1237/2211/4166 1406/600/4167
f 1233/157/4165 1406/600/4167 1396/1438/4168
usemtl brickwall1
f 1302/477/4169 1414/3430/4170 1416/1228/4171
f 1302/477/4169 1416/1228/4171 1304/3427/4172
f 1304/3427/4173 1416/1228/4174 1423/4400/4175
f 1304/3427/4173 1423/4400/4175 1306/1241/4176
f 1306/1241/4177 1423/4400/4178 1415/3147/4179
f 1306/1241/4177 1415/3147/4179 1308/4204/4180
f 1308/4204/4181 1415/3147/4182 1422/806/4183
f 1308/4204/4181 1422/806/4183 1310/4656/4184
f 1310/4656/4185 1422/806/4186 1420/705/4187
f 1267/1380/4188 1268/2967/4189 1409/2856/4190
f 1267/1380/4188 1409/2856/4190 1396/1862/4191
f 1303/466/4192 1305/294/4193 1427/2224/4194
f 1303/466/4192 1427/2224/4194 1432/137/4195
f 1305/294/4196 1307/2710/4197 1425/1455/4198
f 1305/294/4196 1425/1455/4198 1427/2224/4199
f 1307/2710/4200 1309/3505/4201 1426/1090/4202
f 1307/2710/4200 1426/1090/4202 1425/1455/4203
f 1309/3505/4204 1311/2537/4205 1426/1090/4206
f 1301/2839/4207 1303/466/4208 1432/137/4209
f 1301/2839/4207 1432/137/4209 1430/3320/4210
usemtl stonetrims
f 1236/906/4211 1227/1475/4212 1408/2503/4213
f 1236/906/4211 1408/2503/4213 1398/4084/4214
f 1228/3625/4215 1232/1373/4216 1401/3167/4217
f 1228/3625/4215 1401/3167/4217 1404/4300/4218
f 1227/1475/4219 1231/964/4220 1397/3538/4221
f 1227/1475/4219 1397/3538/4221 1408/2503/4222
f 1232/1373/4223 1236/906/4224 1398/4084/4225
f 1232/1373/4223 1398/4084/4225 1401/3167/4226
usemtl brickwall1
f 1269/433/4227 1440/3530/4228 1436/1294/4229
f 1269/433/4227 1436/1294/4229 1271/1854/4230
usemtl stonetrims
f 1217/4007/4231 1213/1595/4232 1411/2221/4233
f 1217/4007/4231 1411/2221/4233 1418/23/4234
f 1222/4071/4235 1218/2619/4236 1421/2626/4237
f 1222/4071/4235 1421/2626/4237 1412/1/4238
f 1263/253/4239 1258/3851/4240 1428/2213/4241
f 1263/253/4239 1428/2213/4241 1433/1311/4242
f 1221/2849/4243 1217/4007/4244 1418/23/4245
f 1221/2849/4243 1418/23/4245 1410/4283/4246
f 1213/1595/4247 1222/4071/4248 1412/1/4249
f 1213/1595/4247 1412/1/4249 1411/2221/4250
f 1218/2619/4251 1214/3253/4252 1413/4124/4253
f 1218/2619/4251 1413/4124/4253 1421/2626/4254
f 1261/1409/4255 1253/122/4256 1289/343/4257
f 1261/1409/4255 1289/343/4257 1431/3881/4258
f 1254/1955/4259 1257/2682/4260 1435/780/4261
f 1254/1955/4259 1435/780/4261 1429/1966/4262
f 1237/2211/4263 1228/3625/4264 1404/4300/4265
f 1237/2211/4263 1404/4300/4265 1406/600/4266
f 1257/2682/4267 1261/1409/4268 1431/3881/4269
f 1257/2682/4267 1431/3881/4269 1435/780/4270
f 1262/3705/4271 1254/1955/4272 1429/1966/4273
f 1262/3705/4271 1429/1966/4273 1434/667/4274
usemtl brickwall1
f 1264/2128/4275 1424/3465/4276 1414/3430/4277
f 1264/2128/4275 1414/3430/4277 1302/477/4278
usemtl stonetrims
f 1240/2939/4279 1249/2806/4280 1441/907/4281
f 1240/2939/4279 1441/907/4281 1290/4206/4282
f 1245/3375/4283 1241/2360/4284 1439/3396/4285
f 1245/3375/4283 1439/3396/4285 1446/3473/4286
f 1250/1894/4287 1246/4706/4288 1437/419/4289
f 1250/1894/4287 1437/419/4289 1442/3556/4290
usemtl brickwall1
f 1266/2480/4291 1438/358/4292 1440/3530/4293
f 1266/2480/4291 1440/3530/4293 1269/433/4294
usemtl stonetrims
f 1249/2806/4295 1245/3375/4296 1446/3473/4297
f 1249/2806/4295 1446/3473/4297 1441/907/4298
f 1241/2360/4299 1250/1894/4300 1442/3556/4301
f 1241/2360/4299 1442/3556/4301 1439/3396/4302
f 1246/4706/4303 1243/3817/4304 1438/3149/4305
f 1246/4706/4303 1438/3149/4305 1437/419/4306
f 1283/609/4307 1281/390/4308 1349/2791/4309
f 1283/609/4307 1349/2791/4309 1347/4267/4310
f 1264/4536/4311 1302/1144/4312 1363/641/4313
f 1264/4536/4311 1363/641/4313 1319/1725/4314
f 1282/3032/4315 1284/4387/4316 1348/3612/4317
f 1282/3032/4315 1348/3612/4317 1350/149/4318
f 1268/548/4319 1267/1848/4320 1318/3552/4321
f 1268/548/4319 1318/3552/4321 1329/3275/4322
f 1266/4224/4323 1269/3544/4324 1330/457/4325
f 1266/4224/4323 1330/457/4325 1320/2927/4326
f 1270/734/4327 1268/548/4328 1329/3275/4329
f 1270/734/4327 1329/3275/4329 1327/1364/4330
f 1285/2026/4331 1283/609/4332 1347/4267/4333
f 1285/2026/4331 1347/4267/4333 1345/2028/4334
f 1303/2500/4335 1301/2382/4336 1362/4421/4337
f 1303/2500/4335 1362/4421/4337 1360/4182/4338
f 1269/3544/4339 1271/1303/4340 1328/849/4341
f 1269/3544/4339 1328/849/4341 1330/457/4342
f 1284/4387/4343 1286/1815/4344 1346/295/4345
f 1284/4387/4343 1346/295/4345 1348/3612/4346
f 1302/1144/4347 1304/1982/4348 1361/2661/4349
f 1302/1144/4347 1361/2661/4349 1363/641/4350
f 1272/945/4351 1270/734/4352 1327/1364/4353
f 1272/945/4351 1327/1364/4353 1325/3503/4354
f 1287/763/4355 1285/2026/4356 1345/2028/4357
f 1287/763/4355 1345/2028/4357 1342/417/4358
f 1305/523/4359 1303/2500/4360 1360/4182/4361
f 1305/523/4359 1360/4182/4361 1358/132/4362
f 1271/1303/4363 1273/1136/4364 1326/668/4365
f 1271/1303/4363 1326/668/4365 1328/849/4366
f 1286/1815/4367 1288/2992/4368 1343/4521/4369
f 1286/1815/4367 1343/4521/4369 1346/295/4370
f 1304/1982/4371 1306/4054/4372 1359/1068/4373
f 1304/1982/4371 1359/1068/4373 1361/2661/4374
f 1274/2496/4375 1272/945/4376 1325/3503/4377
f 1274/2496/4375 1325/3503/4377 1323/3127/4378
f 1290/961/4379 1287/763/4380 1342/417/4381
f 1290/961/4379 1342/417/4381 1315/4451/4382
f 1307/4041/4383 1305/523/4384 1358/132/4385
f 1307/4041/4383 1358/132/4385 1356/4442/4386
f 1273/1136/4387 1275/3069/4388 1324/4160/4389
f 1273/1136/4387 1324/4160/4389 1326/668/4390
f 1306/4054/4391 1308/1671/4392 1357/1764/4393
f 1306/4054/4391 1357/1764/4393 1359/1068/4394
f 1288/2992/4395 1289/4564/4396 1344/1388/4397
f 1288/2992/4395 1344/1388/4397 1343/4521/4398
f 1322/2964/4399 1312/3762/4400 1313/2940/4401
f 1322/2964/4399 1313/2940/4401 1321/3469/4402
f 1324/4160/4403 1322/2964/4404 1321/3469/4405
f 1324/4160/4403 1321/3469/4405 1323/3127/4406
f 1326/668/4407 1324/4160/4408 1323/3127/4409
f 1326/668/4407 1323/3127/4409 1325/3503/4410
f 1328/849/4411 1326/668/4412 1325/3503/4413
f 1328/849/4411 1325/3503/4413 1327/1364/4414
f 1330/457/4415 1328/849/4416 1327/1364/4417
f 1330/457/4415 1327/1364/4417 1329/3275/4418
f 1314/1915/4419 1332/2066/4420 1333/207/4421
f 1314/1915/4419 1333/207/4421 1331/3830/4422
f 1332/2066/4423 1334/3608/4424 1335/801/4425
f 1332/2066/4423 1335/801/4425 1333/207/4426
f 1334/3608/4427 1336/1002/4428 1337/2904/4429
f 1334/3608/4427 1337/2904/4429 1335/801/4430
f 1336/1002/4431 1338/4082/4432 1339/4356/4433
f 1336/1002/4431 1339/4356/4433 1337/2904/4434
f 1338/4082/4435 1340/4038/4436 1341/2996/4437
f 1338/4082/4435 1341/2996/4437 1339/4356/4438
f 1343/4521/4439 1344/1388/4440 1315/4451/4441
f 1343/4521/4439 1315/4451/4441 1342/417/4442
f 1346/295/4443 1343/4521/4444 1342/417/4445
f 1346/295/4443 1342/417/4445 1345/2028/4446
f 1348/3612/4447 1346/295/4448 1345/2028/4449
f 1348/3612/4447 1345/2028/4449 1347/4267/4450
f 1350/149/4451 1348/3612/4452 1347/4267/4453
f 1350/149/4451 1347/4267/4453 1349/2791/4454
f 1352/451/4455 1350/149/4456 1349/2791/4457
f 1352/451/4455 1349/2791/4457 1351/1790/4458
f 1340/4038/4459 1319/1264/4460 1318/376/4461
f 1340/4038/4459 1318/376/4461 1341/2996/4462
f 1317/3305/4463 1352/451/4464 1351/1790/4465
f 1317/3305/4463 1351/1790/4465 1320/2296/4466
f 1354/3706/4467 1355/2524/4468 1316/771/4469
f 1354/3706/4467 1316/771/4469 1353/498/4470
f 1357/1764/4471 1354/3706/4472 1353/498/4473
f 1357/1764/4471 1353/498/4473 1356/4442/4474
f 1359/1068/4475 1357/1764/4476 1356/4442/4477
f 1359/1068/4475 1356/4442/4477 1358/132/4478
f 1361/2661/4479 1359/1068/4480 1358/132/4481
f 1361/2661/4479 1358/132/4481 1360/4182/4482
f 1363/641/4483 1361/2661/4484 1360/4182/4485
f 1363/641/4483 1360/4182/4485 1362/4421/4486
f 1320/2927/4487 1330/457/4488 1329/3275/4489
f 1320/2927/4487 1329/3275/4489 1318/3552/4490
f 1319/1725/4491 1363/641/4492 1362/4421/4493
f 1319/1725/4491 1362/4421/4493 1317/2630/4494
f 1301/2382/4495 1265/491/4496 1317/2630/4497
f 1301/2382/4495 1317/2630/4497 1362/4421/4498
f 1300/1174/4499 1397/4395/4500 1331/3830/4501
f 1300/1174/4499 1331/3830/4501 1333/207/4502
f 1280/1898/4503 1282/3032/4504 1350/149/4505
f 1280/1898/4503 1350/149/4505 1352/451/4506
f 1299/1681/4507 1297/623/4508 1334/3608/4509
f 1299/1681/4507 1334/3608/4509 1332/2066/4510
f 1281/390/4511 1279/2886/4512 1351/1790/4513
f 1281/390/4511 1351/1790/4513 1349/2791/4514
f 1291/3064/4515 1264/1593/4516 1319/1264/4517
f 1291/3064/4515 1319/1264/4517 1340/4038/4518
f 1298/3257/4519 1300/1174/4520 1333/207/4521
f 1298/3257/4519 1333/207/4521 1335/801/4522
f 1267/1389/4523 1292/1110/4524 1341/2996/4525
f 1267/1389/4523 1341/2996/4525 1318/376/4526
f 1297/623/4527 1295/268/4528 1336/1002/4529
f 1297/623/4527 1336/1002/4529 1334/3608/4530
f 1265/3472/4531 1280/1898/4532 1352/451/4533
f 1265/3472/4531 1352/451/4533 1317/3305/4534
f 1279/2886/4535 1266/2433/4536 1320/2296/4537
f 1279/2886/4535 1320/2296/4537 1351/1790/4538
f 1296/3050/4539 1298/3257/4540 1335/801/4541
f 1296/3050/4539 1335/801/4541 1337/2904/4542
f 1295/268/4543 1293/4074/4544 1338/4082/4545
f 1295/268/4543 1338/4082/4545 1336/1002/4546
f 1310/775/4547 1420/1837/4548 1355/2524/4549
f 1310/775/4547 1355/2524/4549 1354/3706/4550
f 1277/3033/4551 1278/158/4552 1312/3762/4553
f 1277/3033/4551 1312/3762/4553 1322/2964/4554
f 1294/3724/4555 1296/3050/4556 1337/2904/4557
f 1294/3724/4555 1337/2904/4557 1339/4356/4558
f 1311/1948/4559 1309/1299/4560 1353/498/4561
f 1311/1948/4559 1353/498/4561 1316/771/4562
f 1293/4074/4563 1291/3064/4564 1340/4038/4565
f 1293/4074/4563 1340/4038/4565 1338/4082/4566
f 1308/1671/4567 1310/775/4568 1354/3706/4569
f 1308/1671/4567 1354/3706/4569 1357/1764/4570
f 1292/1110/4571 1294/3724/4572 1339/4356/4573
f 1292/1110/4571 1339/4356/4573 1341/2996/4574
f 1275/3069/4575 1277/3033/4576 1322/2964/4577
f 1275/3069/4575 1322/2964/4577 1324/4160/4578
f 1309/1299/4579 1307/4041/4580 1356/4442/4581
f 1309/1299/4579 1356/4442/4581 1353/498/4582
f 1276/29/4583 1274/2496/4584 1323/3127/4585
f 1276/29/4583 1323/3127/4585 1321/3469/4586
f 1319/4672/4587 1317/1306/4588 1367/765/4589
f 1319/4672/4587 1367/765/4589 1365/1202/4590
f 1320/850/4591 1318/4608/4592 1364/1540/4593
f 1320/850/4591 1364/1540/4593 1369/2983/4594
f 1317/3188/4595 1320/3114/4596 1369/3162/4597
f 1317/3188/4595 1369/3162/4597 1367/2900/4598
f 1366/4240/4599 1370/1964/4600 1364/2521/4601
f 1365/1521/4602 1374/2117/4603 1372/2803/4604
f 1365/1521/4602 1372/2803/4604 1366/4240/4605
f 1367/3951/4606 1371/3522/4607 1368/4344/4608
f 1369/4480/4609 1370/1964/4610 1371/3522/4611
f 1368/4344/4612 1371/3522/4613 1373/2874/4614
f 1368/4344/4612 1373/2874/4614 1372/2803/4615
f 1369/2983/4616 1364/1540/4617 1370/2573/4618
f 1364/4196/4619 1365/2777/4620 1366/2890/4621
f 1365/1202/4622 1367/765/4623 1368/3575/4624
f 1365/1202/4622 1368/3575/4624 1374/4685/4625
f 1367/2900/4626 1369/3162/4627 1371/348/4628
f 1366/4240/4629 1373/2874/4630 1370/1964/4631
usemtl brickwall1
f 1372/1421/4632 1374/257/4633 1368/4607/4634
usemtl stonetrims
f 1370/1964/4635 1373/2874/4636 1371/3522/4637
f 1372/2803/4638 1373/2874/4639 1366/4240/4640
f 1225/4416/4641 1403/3443/4642 1384/4251/4643
f 1225/4416/4641 1384/4251/4643 1377/3222/4644
f 1290/961/4645 1315/4451/4646 1391/4696/4647
f 1290/961/4645 1391/4696/4647 1386/2132/4648
f 1278/1986/4649 1247/1959/4650 1380/3008/4651
f 1278/1986/4649 1380/3008/4651 1383/3011/4652
f 1240/2939/4653 1290/4206/4654 1386/1770/4655
f 1240/2939/4653 1386/1770/4655 1379/1279/4656
f 1331/3830/4657 1397/4395/4658 1402/4147/4659
f 1331/3830/4657 1402/4147/4659 1393/3401/4660
f 1289/343/4661 1253/122/4662 1381/1674/4663
f 1289/343/4661 1381/1674/4663 1385/2515/4664
f 1316/771/4665 1355/2524/4666 1395/143/4667
f 1316/771/4665 1395/143/4667 1392/1027/4668
f 1312/3762/4669 1278/158/4670 1383/2883/4671
f 1312/3762/4669 1383/2883/4671 1388/2432/4672
f 1344/1388/4673 1289/4564/4674 1385/4625/4675
f 1344/1388/4673 1385/4625/4675 1394/4693/4676
f 1259/1678/4677 1311/1148/4678 1387/462/4679
f 1259/1678/4677 1387/462/4679 1382/2022/4680
f 1314/1915/4681 1331/3830/4682 1393/3401/4683
f 1314/1915/4681 1393/3401/4683 1390/1051/4684
f 1355/2524/4685 1420/1837/4686 1417/3189/4687
f 1355/2524/4685 1417/3189/4687 1395/143/4688
f 1420/2507/4689 1215/2259/4690 1375/3820/4691
f 1420/2507/4689 1375/3820/4691 1417/560/4692
f 1315/4451/4693 1344/1388/4694 1394/4693/4695
f 1315/4451/4693 1394/4693/4695 1391/4696/4696
f 1397/3538/4697 1231/964/4698 1378/4613/4699
f 1397/3538/4697 1378/4613/4699 1402/3190/4700
f 1313/2940/4701 1312/3762/4702 1388/2432/4703
f 1313/2940/4701 1388/2432/4703 1389/1140/4704
f 1221/2849/4705 1410/4283/4706 1419/43/4707
f 1221/2849/4705 1419/43/4707 1376/1254/4708
f 1311/1948/4709 1316/771/4710 1392/1027/4711
f 1311/1948/4709 1392/1027/4711 1387/2656/4712
f 1318/3495/4713 1319/1816/4714 1365/2777/4715
f 1318/3495/4713 1365/2777/4715 1364/4196/4716
f 1409/4534/4717 1405/240/4718 1229/1337/4719
f 1409/4534/4717 1229/1337/4719 1226/3743/4720
f 1400/606/4721 1407/4659/4722 1234/1186/4723
f 1400/606/4721 1234/1186/4723 1230/2872/4724
f 1399/4502/4725 1403/3443/4726 1225/4416/4727
f 1399/4502/4725 1225/4416/4727 1235/454/4728
f 1403/4631/4729 1276/29/4730 1321/3469/4731
f 1403/4631/4729 1321/3469/4731 1313/2940/4732
usemtl brickwall1
f 1404/3071/4733 1401/4364/4734 1296/3131/4735
f 1404/3071/4733 1296/3131/4735 1294/547/4736
f 1401/4364/4737 1398/2462/4738 1298/4647/4739
f 1401/4364/4737 1298/4647/4739 1296/3131/4740
usemtl stonetrims
f 1384/4488/4741 1403/4631/4742 1313/2940/4743
f 1384/4488/4741 1313/2940/4743 1389/1140/4744
f 1405/240/4745 1400/606/4746 1230/2872/4747
f 1405/240/4745 1230/2872/4747 1229/1337/4748
f 1407/4659/4749 1399/4502/4750 1235/454/4751
f 1407/4659/4749 1235/454/4751 1234/1186/4752
usemtl brickwall1
f 1406/608/4753 1404/3071/4754 1294/547/4755
f 1406/608/4753 1294/547/4755 1292/2544/4756
f 1396/1862/4757 1406/608/4758 1292/2544/4759
f 1396/1862/4757 1292/2544/4759 1267/1380/4760
usemtl stonetrims
f 1396/1438/4761 1409/4534/4762 1226/3743/4763
f 1396/1438/4761 1226/3743/4763 1233/157/4764
usemtl brickwall1
f 1398/2462/4765 1408/969/4766 1300/4333/4767
f 1398/2462/4765 1300/4333/4767 1298/4647/4768
f 1408/969/4769 1397/1907/4770 1300/4333/4771
f 1412/1310/4772 1421/575/4773 1293/4113/4774
f 1412/1310/4772 1293/4113/4774 1295/1054/4775
f 1410/484/4776 1418/1123/4777 1299/4556/4778
f 1421/575/4779 1413/2013/4780 1291/1405/4781
f 1421/575/4779 1291/1405/4781 1293/4113/4782
usemtl stonetrims
f 1414/3670/4783 1424/2003/4784 1224/65/4785
f 1414/3670/4783 1224/65/4785 1216/2373/4786
f 1416/1958/4787 1414/3670/4788 1216/2373/4789
f 1416/1958/4787 1216/2373/4789 1219/1696/4790
f 1415/1392/4791 1423/56/4792 1220/1349/4793
f 1415/1392/4791 1220/1349/4793 1223/3478/4794
f 1420/2507/4795 1422/2933/4796 1212/3393/4797
f 1420/2507/4795 1212/3393/4797 1215/2259/4798
f 1410/2901/4799 1299/1681/4800 1332/2066/4801
f 1410/2901/4799 1332/2066/4801 1314/1915/4802
usemtl brickwall1
f 1418/1123/4803 1411/3266/4804 1297/1247/4805
f 1418/1123/4803 1297/1247/4805 1299/4556/4806
f 1411/3266/4807 1412/1310/4808 1295/1054/4809
f 1411/3266/4807 1295/1054/4809 1297/1247/4810
f 1413/2013/4811 1424/3465/4812 1264/2128/4813
f 1413/2013/4811 1264/2128/4813 1291/1405/4814
usemtl stonetrims
f 1423/56/4815 1416/1958/4816 1219/1696/4817
f 1423/56/4815 1219/1696/4817 1220/1349/4818
f 1422/2933/4819 1415/1392/4820 1223/3478/4821
f 1422/2933/4819 1223/3478/4821 1212/3393/4822
f 1419/3946/4823 1410/2901/4824 1314/1915/4825
f 1419/3946/4823 1314/1915/4825 1390/1051/4826
usemtl brickwall1
f 1429/2896/4827 1435/3639/4828 1286/707/4829
f 1429/2896/4827 1286/707/4829 1284/1297/4830
f 1435/3639/4831 1431/66/4832 1288/3531/4833
f 1435/3639/4831 1288/3531/4833 1286/707/4834
f 1428/2608/4835 1434/2272/4836 1282/2291/4837
f 1428/2608/4835 1282/2291/4837 1280/1582/4838
usemtl stonetrims
f 1432/3058/4839 1427/470/4840 1252/3922/4841
f 1432/3058/4839 1252/3922/4841 1251/124/4842
f 1425/3755/4843 1426/1058/4844 1256/2395/4845
f 1425/3755/4843 1256/2395/4845 1255/263/4846
f 1430/578/4847 1432/3058/4848 1251/124/4849
f 1430/578/4847 1251/124/4849 1260/1820/4850
usemtl brickwall1
f 1433/1463/4851 1428/2608/4852 1280/1582/4853
f 1433/1463/4851 1280/1582/4853 1265/2765/4854
f 1431/66/4855 1289/365/4856 1288/3531/4857
f 1434/2272/4858 1429/2896/4859 1284/1297/4860
f 1434/2272/4858 1284/1297/4860 1282/2291/4861
usemtl stonetrims
f 1433/1311/4862 1430/578/4863 1260/1820/4864
f 1433/1311/4862 1260/1820/4864 1263/253/4865
f 1427/470/4866 1425/3755/4867 1255/263/4868
f 1427/470/4866 1255/263/4868 1252/3922/4869
f 1426/1058/4870 1311/1148/4871 1259/1678/4872
f 1426/1058/4870 1259/1678/4872 1256/2395/4873
usemtl brickwall1
f 1446/2715/4874 1439/781/4875 1283/4634/4876
f 1446/2715/4874 1283/4634/4876 1285/2303/4877
usemtl stonetrims
f 1444/2798/4878 1436/1763/4879 1238/727/4880
f 1444/2798/4878 1238/727/4880 1239/3074/4881
f 1445/1952/4882 1443/57/4883 1242/838/4884
f 1445/1952/4882 1242/838/4884 1244/909/4885
f 1440/4075/4886 1438/3149/4887 1243/3817/4888
f 1440/4075/4886 1243/3817/4888 1248/524/4889
usemtl brickwall1
f 1439/781/4890 1442/2451/4891 1281/14/4892
f 1439/781/4890 1281/14/4892 1283/4634/4893
f 1290/1891/4894 1441/1979/4895 1287/2374/4896
f 1442/2451/4897 1437/980/4898 1279/2453/4899
f 1442/2451/4897 1279/2453/4899 1281/14/4900
f 1441/1979/4901 1446/2715/4902 1285/2303/4903
f 1441/1979/4901 1285/2303/4903 1287/2374/4904
f 1437/980/4905 1438/358/4906 1266/2480/4907
f 1437/980/4905 1266/2480/4907 1279/2453/4908
usemtl stonetrims
f 1443/57/4909 1444/2798/4910 1239/3074/4911
f 1443/57/4909 1239/3074/4911 1242/838/4912
f 1278/1986/4913 1445/1952/4914 1244/909/4915
f 1278/1986/4913 1244/909/4915 1247/1959/4916
f 1436/1763/4917 1440/4075/4918 1248/524/4919
f 1436/1763/4917 1248/524/4919 1238/727/4920
f 1449/393/4921 1459/1911/4922 1659/3847/4923
f 1449/393/4921 1659/3847/4923 1648/1231/4924
usemtl brickwall1
f 1503/75/4925 1505/931/4926 1640/3835/4927
f 1503/75/4925 1640/3835/4927 1644/4673/4928
f 1505/931/4929 1507/2427/4930 1635/2067/4931
f 1505/931/4929 1635/2067/4931 1640/3835/4932
f 1507/2427/4933 1509/3068/4934 1642/4591/4935
f 1507/2427/4933 1642/4591/4935 1635/2067/4936
f 1509/3068/4937 1511/3953/4938 1634/2534/4939
f 1509/3068/4937 1634/2534/4939 1642/4591/4940
f 1511/3953/4941 1638/4314/4942 1634/2534/4943
f 1500/4600/4944 1536/4661/4945 1665/449/4946
f 1500/4600/4944 1665/449/4946 1668/3314/4947
f 1506/2142/4948 1671/1553/4949 1679/698/4950
f 1506/2142/4948 1679/698/4950 1508/3778/4951
f 1508/3778/4952 1679/698/4953 1678/1249/4954
f 1508/3778/4952 1678/1249/4954 1510/1498/4955
f 1510/1498/4956 1678/1249/4957 1680/839/4958
f 1510/1498/4956 1680/839/4958 1512/1826/4959
f 1512/1826/4960 1680/839/4961 1513/1849/4962
usemtl stonetrims
f 1493/4134/4963 1497/845/4964 1669/972/4965
f 1493/4134/4963 1669/972/4965 1663/4076/4966
f 1468/2002/4967 1472/2495/4968 1641/2467/4969
f 1468/2002/4967 1641/2467/4969 1631/3287/4970
usemtl brickwall1
f 1537/2336/4971 1649/537/4972 1651/3076/4973
f 1537/2336/4971 1651/3076/4973 1539/536/4974
f 1539/536/4975 1651/3076/4976 1658/1499/4977
f 1539/536/4975 1658/1499/4977 1541/3085/4978
f 1541/3085/4979 1658/1499/4980 1650/285/4981
f 1541/3085/4979 1650/285/4981 1543/1323/4982
f 1543/1323/4983 1650/285/4984 1657/1074/4985
f 1543/1323/4983 1657/1074/4985 1545/1787/4986
f 1545/1787/4987 1657/1074/4988 1655/2551/4989
f 1502/1643/4990 1503/75/4991 1644/4673/4992
f 1502/1643/4990 1644/4673/4992 1631/2154/4993
f 1538/2318/4994 1540/554/4995 1662/4086/4996
f 1538/2318/4994 1662/4086/4996 1667/422/4997
f 1540/554/4998 1542/4549/4999 1660/3307/5000
f 1540/554/4998 1660/3307/5000 1662/4086/5001
f 1542/4549/5002 1544/618/5003 1661/2958/5004
f 1542/4549/5002 1661/2958/5004 1660/3307/5005
f 1544/618/5006 1546/2833/5007 1661/2958/5008
f 1536/4661/5009 1538/2318/5010 1667/422/5011
f 1536/4661/5009 1667/422/5011 1665/449/5012
usemtl stonetrims
f 1471/1187/5013 1462/1779/5014 1643/4335/5015
f 1471/1187/5013 1643/4335/5015 1633/1179/5016
f 1463/770/5017 1467/3217/5018 1636/316/5019
f 1463/770/5017 1636/316/5019 1639/1418/5020
f 1462/1779/5021 1466/1253/5022 1632/653/5023
f 1462/1779/5021 1632/653/5023 1643/4335/5024
f 1467/3217/5025 1471/1187/5026 1633/1179/5027
f 1467/3217/5025 1633/1179/5027 1636/316/5028
usemtl brickwall1
f 1504/2277/5029 1675/646/5030 1671/1553/5031
f 1504/2277/5029 1671/1553/5031 1506/2142/5032
usemtl stonetrims
f 1452/1104/5033 1448/1928/5034 1646/4083/5035
f 1452/1104/5033 1646/4083/5035 1653/1871/5036
f 1457/1165/5037 1453/4463/5038 1656/2929/5039
f 1457/1165/5037 1656/2929/5039 1647/1851/5040
f 1498/2085/5041 1493/4134/5042 1663/4076/5043
f 1498/2085/5041 1663/4076/5043 1668/3150/5044
f 1456/4669/5045 1452/1104/5046 1653/1871/5047
f 1456/4669/5045 1653/1871/5047 1645/4579/5048
f 1448/1928/5049 1457/1165/5050 1647/1851/5051
f 1448/1928/5049 1647/1851/5051 1646/4083/5052
f 1453/4463/5053 1449/393/5054 1648/1231/5055
f 1453/4463/5053 1648/1231/5055 1656/2929/5056
f 1496/3251/5057 1488/1968/5058 1524/2166/5059
f 1496/3251/5057 1524/2166/5059 1666/990/5060
f 1489/3795/5061 1492/4533/5062 1670/2614/5063
f 1489/3795/5061 1670/2614/5063 1664/3806/5064
f 1472/2495/5065 1463/770/5066 1639/1418/5067
f 1472/2495/5065 1639/1418/5067 1641/2467/5068
f 1492/4533/5069 1496/3251/5070 1666/990/5071
f 1492/4533/5069 1666/990/5071 1670/2614/5072
f 1497/845/5073 1489/3795/5074 1664/3806/5075
f 1497/845/5073 1664/3806/5075 1669/972/5076
usemtl brickwall1
f 1499/3992/5077 1659/568/5078 1649/537/5079
f 1499/3992/5077 1649/537/5079 1537/2336/5080
usemtl stonetrims
f 1475/3213/5081 1484/3094/5082 1676/2749/5083
f 1475/3213/5081 1676/2749/5083 1525/4495/5084
f 1480/487/5085 1476/4194/5086 1674/3681/5087
f 1480/487/5085 1674/3681/5087 1681/577/5088
f 1485/3728/5089 1481/312/5090 1672/700/5091
f 1485/3728/5089 1672/700/5091 1677/3868/5092
usemtl brickwall1
f 1501/4309/5093 1673/2183/5094 1675/646/5095
f 1501/4309/5093 1675/646/5095 1504/2277/5096
usemtl stonetrims
f 1484/3094/5097 1480/487/5098 1681/577/5099
f 1484/3094/5097 1681/577/5099 1676/2749/5100
f 1476/4194/5101 1485/3728/5102 1677/3868/5103
f 1476/4194/5101 1677/3868/5103 1674/3681/5104
f 1481/312/5105 1478/928/5106 1673/287/5107
f 1481/312/5105 1673/287/5107 1672/700/5108
f 1518/2474/5109 1516/2228/5110 1584/4622/5111
f 1518/2474/5109 1584/4622/5111 1582/1394/5112
f 1499/116/5113 1537/1423/5114 1598/2498/5115
f 1499/116/5113 1598/2498/5115 1554/3571/5116
f 1517/151/5117 1519/4668/5118 1583/759/5119
f 1517/151/5117 1583/759/5119 1585/1994/5120
f 1503/2417/5121 1502/3676/5122 1553/670/5123
f 1503/2417/5121 1553/670/5123 1564/410/5124
f 1501/1342/5125 1504/663/5126 1565/2304/5127
f 1501/1342/5125 1565/2304/5127 1555/3201/5128
f 1505/2576/5129 1503/2417/5130 1564/410/5131
f 1505/2576/5129 1564/410/5131 1562/3208/5132
f 1520/3875/5133 1518/2474/5134 1582/1394/5135
f 1520/3875/5133 1582/1394/5135 1580/2322/5136
f 1538/2788/5137 1536/4213/5138 1597/1515/5139
f 1538/2788/5137 1597/1515/5139 1595/1307/5140
f 1504/663/5141 1506/3139/5142 1563/2676/5143
f 1504/663/5141 1563/2676/5143 1565/2304/5144
f 1519/4668/5145 1521/3644/5146 1581/2124/5147
f 1519/4668/5145 1581/2124/5147 1583/759/5148
f 1537/1423/5149 1539/3823/5150 1596/4517/5151
f 1537/1423/5149 1596/4517/5151 1598/2498/5152
f 1507/2792/5153 1505/2576/5154 1562/3208/5155
f 1507/2792/5153 1562/3208/5155 1560/3802/5156
f 1522/2596/5157 1520/3875/5158 1580/2322/5159
f 1522/2596/5157 1580/2322/5159 1577/2260/5160
f 1540/2389/5161 1538/2788/5162 1595/1307/5163
f 1540/2389/5161 1595/1307/5163 1593/414/5164
f 1506/3139/5165 1508/2997/5166 1561/974/5167
f 1506/3139/5165 1561/974/5167 1563/2676/5168
f 1521/3644/5169 1523/101/5170 1578/1609/5171
f 1521/3644/5169 1578/1609/5171 1581/2124/5172
f 1539/3823/5173 1541/1150/5174 1594/1361/5175
f 1539/3823/5173 1594/1361/5175 1596/4517/5176
f 1509/2782/5177 1507/2792/5178 1560/3802/5179
f 1509/2782/5177 1560/3802/5179 1558/264/5180
f 1525/2809/5181 1522/2596/5182 1577/2260/5183
f 1525/2809/5181 1577/2260/5183 1550/1550/5184
f 1542/1141/5185 1540/2389/5186 1593/414/5187
f 1542/1141/5185 1593/414/5187 1591/1541/5188
f 1508/2997/5189 1510/194/5190 1559/4445/5191
f 1508/2997/5189 1559/4445/5191 1561/974/5192
f 1541/1150/5193 1543/3529/5194 1592/3598/5195
f 1541/1150/5193 1592/3598/5195 1594/1361/5196
f 1523/101/5197 1524/1665/5198 1579/1654/5199
f 1523/101/5197 1579/1654/5199 1578/1609/5200
f 1557/71/5201 1547/885/5202 1548/3214/5203
f 1557/71/5201 1548/3214/5203 1556/572/5204
f 1559/4445/5205 1557/71/5206 1556/572/5207
f 1559/4445/5205 1556/572/5207 1558/264/5208
f 1561/974/5209 1559/4445/5210 1558/264/5211
f 1561/974/5209 1558/264/5211 1560/3802/5212
f 1563/2676/5213 1561/974/5214 1560/3802/5215
f 1563/2676/5213 1560/3802/5215 1562/3208/5216
f 1565/2304/5217 1563/2676/5218 1562/3208/5219
f 1565/2304/5217 1562/3208/5219 1564/410/5220
f 1549/3757/5221 1567/3928/5222 1568/482/5223
f 1549/3757/5221 1568/482/5223 1566/940/5224
f 1567/3928/5225 1569/754/5226 1570/2635/5227
f 1567/3928/5225 1570/2635/5227 1568/482/5228
f 1569/754/5229 1571/2868/5230 1572/13/5231
f 1569/754/5229 1572/13/5231 1570/2635/5232
f 1571/2868/5233 1573/1175/5234 1574/1470/5235
f 1571/2868/5233 1574/1470/5235 1572/13/5236
f 1573/1175/5237 1575/1139/5238 1576/107/5239
f 1573/1175/5237 1576/107/5239 1574/1470/5240
f 1578/1609/5241 1579/1654/5242 1550/1550/5243
f 1578/1609/5241 1550/1550/5243 1577/2260/5244
f 1581/2124/5245 1578/1609/5246 1577/2260/5247
f 1581/2124/5245 1577/2260/5247 1580/2322/5248
f 1583/759/5249 1581/2124/5250 1580/2322/5251
f 1583/759/5249 1580/2322/5251 1582/1394/5252
f 1585/1994/5253 1583/759/5254 1582/1394/5255
f 1585/1994/5253 1582/1394/5255 1584/4622/5256
f 1587/2301/5257 1585/1994/5258 1584/4622/5259
f 1587/2301/5257 1584/4622/5259 1586/3623/5260
f 1575/1139/5261 1554/3104/5262 1553/2205/5263
f 1575/1139/5261 1553/2205/5263 1576/107/5264
f 1552/437/5265 1587/2301/5266 1586/3623/5267
f 1552/437/5265 1586/3623/5267 1555/4142/5268
f 1589/847/5269 1590/4359/5270 1551/2605/5271
f 1589/847/5269 1551/2605/5271 1588/2361/5272
f 1592/3598/5273 1589/847/5274 1588/2361/5275
f 1592/3598/5273 1588/2361/5275 1591/1541/5276
f 1594/1361/5277 1592/3598/5278 1591/1541/5279
f 1594/1361/5277 1591/1541/5279 1593/414/5280
f 1596/4517/5281 1594/1361/5282 1593/414/5283
f 1596/4517/5281 1593/414/5283 1595/1307/5284
f 1598/2498/5285 1596/4517/5286 1595/1307/5287
f 1598/2498/5285 1595/1307/5287 1597/1515/5288
f 1555/3201/5289 1565/2304/5290 1564/410/5291
f 1555/3201/5289 1564/410/5291 1553/670/5292
f 1554/3571/5293 1598/2498/5294 1597/1515/5295
f 1554/3571/5293 1597/1515/5295 1552/4472/5296
f 1536/4213/5297 1500/2353/5298 1552/4472/5299
f 1536/4213/5297 1552/4472/5299 1597/1515/5300
f 1535/1449/5301 1632/1493/5302 1566/940/5303
f 1535/1449/5301 1566/940/5303 1568/482/5304
f 1515/3736/5305 1517/151/5306 1585/1994/5307
f 1515/3736/5305 1585/1994/5307 1587/2301/5308
f 1534/2000/5309 1532/2485/5310 1569/754/5311
f 1534/2000/5309 1569/754/5311 1567/3928/5312
f 1516/2228/5313 1514/4700/5314 1586/3623/5315
f 1516/2228/5313 1586/3623/5315 1584/4622/5316
f 1526/3343/5317 1499/3466/5318 1554/3104/5319
f 1526/3343/5317 1554/3104/5319 1575/1139/5320
f 1533/396/5321 1535/1449/5322 1568/482/5323
f 1533/396/5321 1568/482/5323 1570/2635/5324
f 1502/3226/5325 1527/2972/5326 1576/107/5327
f 1502/3226/5325 1576/107/5327 1553/2205/5328
f 1532/2485/5329 1530/2104/5330 1571/2868/5331
f 1532/2485/5329 1571/2868/5331 1569/754/5332
f 1500/579/5333 1515/3736/5334 1587/2301/5335
f 1500/579/5333 1587/2301/5335 1552/437/5336
f 1514/4700/5337 1501/2714/5338 1555/4142/5339
f 1514/4700/5337 1555/4142/5339 1586/3623/5340
f 1531/169/5341 1533/396/5342 1570/2635/5343
f 1531/169/5341 1570/2635/5343 1572/13/5344
f 1530/2104/5345 1528/1169/5346 1573/1175/5347
f 1530/2104/5345 1573/1175/5347 1571/2868/5348
f 1545/2611/5349 1655/2126/5350 1590/4359/5351
f 1545/2611/5349 1590/4359/5351 1589/847/5352
f 1512/152/5353 1513/2004/5354 1547/885/5355
f 1512/152/5353 1547/885/5355 1557/71/5356
f 1529/861/5357 1531/169/5358 1572/13/5359
f 1529/861/5357 1572/13/5359 1574/1470/5360
f 1546/3789/5361 1544/3135/5362 1588/2361/5363
f 1546/3789/5361 1588/2361/5363 1551/2605/5364
f 1528/1169/5365 1526/3343/5366 1575/1139/5367
f 1528/1169/5365 1575/1139/5367 1573/1175/5368
f 1543/3529/5369 1545/2611/5370 1589/847/5371
f 1543/3529/5369 1589/847/5371 1592/3598/5372
f 1527/2972/5373 1529/861/5374 1574/1470/5375
f 1527/2972/5373 1574/1470/5375 1576/107/5376
f 1510/194/5377 1512/152/5378 1557/71/5379
f 1510/194/5377 1557/71/5379 1559/4445/5380
f 1544/3135/5381 1542/1141/5382 1591/1541/5383
f 1544/3135/5381 1591/1541/5383 1588/2361/5384
f 1511/1877/5385 1509/2782/5386 1558/264/5387
f 1511/1877/5385 1558/264/5387 1556/572/5388
f 1554/1802/5389 1552/3144/5390 1602/1042/5391
f 1554/1802/5389 1602/1042/5391 1600/3054/5392
f 1555/1131/5393 1553/1721/5394 1599/3407/5395
f 1555/1131/5393 1599/3407/5395 1604/94/5396
f 1552/333/5397 1555/3408/5398 1604/301/5399
f 1552/333/5397 1604/301/5399 1602/6/5400
f 1601/4532/5401 1605/2248/5402 1599/2819/5403
f 1600/3388/5404 1609/3980/5405 1607/4630/5406
f 1600/3388/5404 1607/4630/5406 1601/4532/5407
f 1602/4217/5408 1606/640/5409 1603/1462/5410
f 1604/1569/5411 1605/2248/5412 1606/640/5413
f 1603/1462/5414 1606/640/5415 1608/3145/5416
f 1603/1462/5414 1608/3145/5416 1607/4630/5417
f 1604/94/5418 1599/3407/5419 1605/4419/5420
f 1599/4485/5421 1600/4609/5422 1601/4559/5423
f 1600/3054/5424 1602/1042/5425 1603/3895/5426
f 1600/3054/5424 1603/3895/5426 1609/1822/5427
f 1602/6/5428 1604/301/5429 1606/2171/5430
f 1601/4532/5431 1608/3145/5432 1605/2248/5433
usemtl brickwall1
f 1607/3268/5434 1609/2088/5435 1603/1719/5436
usemtl stonetrims
f 1605/2248/5437 1608/3145/5438 1606/640/5439
f 1607/4630/5440 1608/3145/5441 1601/4532/5442
f 1460/1507/5443 1638/3737/5444 1619/1377/5445
f 1460/1507/5443 1619/1377/5445 1612/374/5446
f 1525/2809/5447 1550/1550/5448 1626/1838/5449
f 1525/2809/5447 1626/1838/5449 1621/3997/5450
f 1513/3826/5451 1482/3799/5452 1615/125/5453
f 1513/3826/5451 1615/125/5453 1618/126/5454
f 1475/3213/5455 1525/4495/5456 1621/3605/5457
f 1475/3213/5455 1621/3605/5457 1614/3112/5458
f 1566/940/5459 1632/1493/5460 1637/1270/5461
f 1566/940/5459 1637/1270/5461 1628/511/5462
f 1524/2166/5463 1488/1968/5464 1616/1996/5465
f 1524/2166/5463 1616/1996/5465 1620/2812/5466
f 1551/2605/5467 1590/4359/5468 1630/1989/5469
f 1551/2605/5467 1630/1989/5469 1627/2888/5470
f 1547/885/5471 1513/2004/5472 1618/4697/5473
f 1547/885/5471 1618/4697/5473 1623/4257/5474
f 1579/1654/5475 1524/1665/5476 1620/1744/5477
f 1579/1654/5475 1620/1744/5477 1629/1835/5478
f 1494/3533/5479 1546/3009/5480 1622/2313/5481
f 1494/3533/5479 1622/2313/5481 1617/3872/5482
f 1549/3757/5483 1566/940/5484 1628/511/5485
f 1549/3757/5483 1628/511/5485 1625/2910/5486
f 1590/4359/5487 1655/2126/5488 1652/334/5489
f 1590/4359/5487 1652/334/5489 1630/1989/5490
f 1655/4339/5491 1450/4114/5492 1610/929/5493
f 1655/4339/5491 1610/929/5493 1652/2434/5494
f 1550/1550/5495 1579/1654/5496 1629/1835/5497
f 1550/1550/5495 1629/1835/5497 1626/1838/5498
f 1632/653/5499 1466/1253/5500 1613/200/5501
f 1632/653/5499 1613/200/5501 1637/3487/5502
f 1548/3214/5503 1547/885/5504 1623/4257/5505
f 1548/3214/5503 1623/4257/5505 1624/3000/5506
f 1456/4669/5507 1645/4579/5508 1654/1892/5509
f 1456/4669/5507 1654/1892/5509 1611/3099/5510
f 1546/3789/5511 1551/2605/5512 1627/2888/5513
f 1546/3789/5511 1627/2888/5513 1622/4508/5514
f 1553/610/5515 1554/3645/5516 1600/4609/5517
f 1553/610/5515 1600/4609/5517 1599/4485/5518
f 1644/1626/5519 1640/2070/5520 1464/1601/5521
f 1644/1626/5519 1464/1601/5521 1461/872/5522
f 1635/2475/5523 1642/1788/5524 1469/3042/5525
f 1635/2475/5523 1469/3042/5525 1465/4686/5526
f 1634/76/5527 1638/3737/5528 1460/1507/5529
f 1634/76/5527 1460/1507/5529 1470/750/5530
f 1638/233/5531 1511/1877/5532 1556/572/5533
f 1638/233/5531 1556/572/5533 1548/3214/5534
usemtl brickwall1
f 1639/195/5535 1636/1474/5536 1531/269/5537
f 1639/195/5535 1531/269/5537 1529/860/5538
f 1636/1474/5539 1633/4282/5540 1533/1774/5541
f 1636/1474/5539 1533/1774/5541 1531/269/5542
usemtl stonetrims
f 1619/1577/5543 1638/233/5544 1548/3214/5545
f 1619/1577/5543 1548/3214/5545 1624/3000/5546
f 1640/2070/5547 1635/2475/5548 1465/4686/5549
f 1640/2070/5547 1465/4686/5549 1464/1601/5550
f 1642/1788/5551 1634/76/5552 1470/750/5553
f 1642/1788/5551 1470/750/5553 1469/3042/5554
usemtl brickwall1
f 1641/2477/5555 1639/195/5556 1529/860/5557
f 1641/2477/5555 1529/860/5557 1527/4384/5558
f 1631/2154/5559 1641/2477/5560 1527/4384/5561
f 1631/2154/5559 1527/4384/5561 1502/1643/5562
usemtl stonetrims
f 1631/3287/5563 1644/1626/5564 1461/872/5565
f 1631/3287/5563 1461/872/5565 1468/2002/5566
usemtl brickwall1
f 1633/4282/5567 1643/1259/5568 1535/1447/5569
f 1633/4282/5567 1535/1447/5569 1533/1774/5570
f 1643/1259/5571 1632/3744/5572 1535/1447/5573
f 1647/3151/5574 1656/2448/5575 1528/4379/5576
f 1647/3151/5574 1528/4379/5576 1530/2912/5577
f 1645/2343/5578 1653/2988/5579 1534/1658/5580
f 1656/2448/5581 1648/3863/5582 1526/3248/5583
f 1656/2448/5581 1526/3248/5583 1528/4379/5584
usemtl stonetrims
f 1649/3994/5585 1659/3847/5586 1459/1911/5587
f 1649/3994/5585 1459/1911/5587 1451/2646/5588
f 1651/3797/5589 1649/3994/5590 1451/2646/5591
f 1651/3797/5589 1451/2646/5591 1454/3543/5592
f 1650/3233/5593 1658/1899/5594 1455/3192/5595
f 1650/3233/5593 1455/3192/5595 1458/582/5596
f 1655/4339/5597 1657/39/5598 1447/3675/5599
f 1655/4339/5597 1447/3675/5599 1450/4114/5600
f 1645/3170/5601 1534/2000/5602 1567/3928/5603
f 1645/3170/5601 1567/3928/5603 1549/3757/5604
usemtl brickwall1
f 1653/2988/5605 1646/404/5606 1532/3091/5607
f 1653/2988/5605 1532/3091/5607 1534/1658/5608
f 1646/404/5609 1647/3151/5610 1530/2912/5611
f 1646/404/5609 1530/2912/5611 1532/3091/5612
f 1648/3863/5613 1659/568/5614 1499/3992/5615
f 1648/3863/5613 1499/3992/5615 1526/3248/5616
usemtl stonetrims
f 1658/1899/5617 1651/3797/5618 1454/3543/5619
f 1658/1899/5617 1454/3543/5619 1455/3192/5620
f 1657/39/5621 1650/3233/5622 1458/582/5623
f 1657/39/5621 1458/582/5623 1447/3675/5624
f 1654/4208/5625 1645/3170/5626 1549/3757/5627
f 1654/4208/5625 1549/3757/5627 1625/2910/5628
usemtl brickwall1
f 1664/2/5629 1670/787/5630 1521/2554/5631
f 1664/2/5629 1521/2554/5631 1519/3132/5632
f 1670/787/5633 1666/1912/5634 1523/649/5635
f 1670/787/5633 1523/649/5635 1521/2554/5636
f 1663/4450/5637 1669/4125/5638 1517/4135/5639
f 1663/4450/5637 1517/4135/5639 1515/3456/5640
usemtl stonetrims
f 1667/178/5641 1662/2331/5642 1487/1013/5643
f 1667/178/5641 1487/1013/5643 1486/1970/5644
f 1660/882/5645 1661/2914/5646 1491/4227/5647
f 1660/882/5645 1491/4227/5647 1490/2097/5648
f 1665/2450/5649 1667/178/5650 1486/1970/5651
f 1665/2450/5649 1486/1970/5651 1495/3648/5652
usemtl brickwall1
f 1668/3314/5653 1663/4450/5654 1515/3456/5655
f 1668/3314/5653 1515/3456/5655 1500/4600/5656
f 1666/1912/5657 1524/2190/5658 1523/649/5659
f 1669/4125/5660 1664/2/5661 1519/3132/5662
f 1669/4125/5660 1519/3132/5662 1517/4135/5663
usemtl stonetrims
f 1668/3150/5664 1665/2450/5665 1495/3648/5666
f 1668/3150/5664 1495/3648/5666 1498/2085/5667
f 1662/2331/5668 1660/882/5669 1490/2097/5670
f 1662/2331/5668 1490/2097/5670 1487/1013/5671
f 1661/2914/5672 1546/3009/5673 1494/3533/5674
f 1661/2914/5672 1494/3533/5674 1491/4227/5675
usemtl brickwall1
f 1681/3019/5676 1674/2615/5677 1518/1755/5678
f 1681/3019/5676 1518/1755/5678 1520/4145/5679
usemtl stonetrims
f 1679/3090/5680 1671/3596/5681 1473/2571/5682
f 1679/3090/5680 1473/2571/5682 1474/199/5683
f 1680/3793/5684 1678/1904/5685 1477/2663/5686
f 1680/3793/5684 1477/2663/5686 1479/1196/5687
f 1675/1170/5688 1673/287/5689 1478/928/5690
f 1675/1170/5688 1478/928/5690 1483/2390/5691
usemtl brickwall1
f 1674/2615/5692 1677/2736/5693 1516/1860/5694
f 1674/2615/5692 1516/1860/5694 1518/1755/5695
f 1525/3723/5696 1676/2257/5697 1522/2649/5698
f 1677/2736/5699 1672/1273/5700 1514/4275/5701
f 1677/2736/5699 1514/4275/5701 1516/1860/5702
f 1676/2257/5703 1681/3019/5704 1520/4145/5705
f 1676/2257/5703 1520/4145/5705 1522/2649/5706
f 1672/1273/5707 1673/2183/5708 1501/4309/5709
f 1672/1273/5707 1501/4309/5709 1514/4275/5710
usemtl stonetrims
f 1678/1904/5711 1679/3090/5712 1474/199/5713
f 1678/1904/5711 1474/199/5713 1477/2663/5714
f 1513/3826/5715 1680/3793/5716 1479/1196/5717
f 1513/3826/5715 1479/1196/5717 1482/3799/5718
f 1671/3596/5719 1675/1170/5720 1483/2390/5721
f 1671/3596/5719 1483/2390/5721 1473/2571/5722
f 1684/654/5723 1694/3752/5724 1894/955/5725
f 1684/654/5723 1894/955/5725 1883/3079/5726
usemtl brickwall1
f 1738/1922/5727 1740/2774/5728 1875/943/5729
f 1738/1922/5727 1875/943/5729 1879/1803/5730
f 1740/2774/5731 1742/4252/5732 1870/3930/5733
f 1740/2774/5731 1870/3930/5733 1875/943/5734
f 1742/4252/5735 1744/193/5736 1877/1698/5737
f 1742/4252/5735 1877/1698/5737 1870/3930/5738
f 1744/193/5739 1746/1045/5740 1869/4372/5741
f 1744/193/5739 1869/4372/5741 1877/1698/5742
f 1746/1045/5743 1873/1429/5744 1869/4372/5745
f 1735/182/5746 1771/1791/5747 1900/740/5748
f 1735/182/5746 1900/740/5748 1903/445/5749
f 1741/4008/5750 1906/3425/5751 1914/2545/5752
f 1741/4008/5750 1914/2545/5752 1743/898/5753
f 1743/898/5754 1914/2545/5755 1913/1511/5756
f 1743/898/5754 1913/1511/5756 1745/3369/5757
f 1745/3369/5758 1913/1511/5759 1915/2664/5760
f 1745/3369/5758 1915/2664/5760 1747/3655/5761
f 1747/3655/5762 1915/2664/5763 1748/3679/5764
usemtl stonetrims
f 1728/1250/5765 1732/1125/5766 1904/2820/5767
f 1728/1250/5765 1904/2820/5767 1898/1171/5768
f 1703/2285/5769 1707/4326/5770 1876/4289/5771
f 1703/2285/5769 1876/4289/5771 1866/420/5772
usemtl brickwall1
f 1772/4165/5773 1884/2407/5774 1886/203/5775
f 1772/4165/5773 1886/203/5775 1774/2404/5776
f 1774/2404/5777 1886/203/5778 1893/1812/5779
f 1774/2404/5777 1893/1812/5779 1776/218/5780
f 1776/218/5781 1893/1812/5782 1885/551/5783
f 1776/218/5781 1885/551/5783 1778/1583/5784
f 1778/1583/5785 1885/551/5786 1892/2941/5787
f 1778/1583/5785 1892/2941/5787 1780/3618/5788
f 1780/3618/5789 1892/2941/5790 1890/2857/5791
f 1737/3509/5792 1738/1922/5793 1879/1803/5794
f 1737/3509/5792 1879/1803/5794 1866/4015/5795
f 1773/4156/5796 1775/2425/5797 1897/1181/5798
f 1773/4156/5796 1897/1181/5798 1902/2266/5799
f 1775/2425/5800 1777/1646/5801 1895/438/5802
f 1775/2425/5800 1895/438/5802 1897/1181/5803
f 1777/1646/5804 1779/921/5805 1896/67/5806
f 1777/1646/5804 1896/67/5806 1895/438/5807
f 1779/921/5808 1781/4654/5809 1896/67/5810
f 1771/1791/5811 1773/4156/5812 1902/2266/5813
f 1771/1791/5811 1902/2266/5813 1900/740/5814
usemtl stonetrims
f 1706/3043/5815 1697/3610/5816 1878/1453/5817
f 1706/3043/5815 1878/1453/5817 1868/3034/5818
f 1698/2604/5819 1702/366/5820 1871/2139/5821
f 1698/2604/5819 1871/2139/5821 1874/3264/5822
f 1697/3610/5823 1701/3098/5824 1867/2511/5825
f 1697/3610/5823 1867/2511/5825 1878/1453/5826
f 1702/366/5827 1706/3043/5828 1868/3034/5829
f 1702/366/5827 1868/3034/5829 1871/2139/5830
usemtl brickwall1
f 1739/2561/5831 1910/950/5832 1906/3425/5833
f 1739/2561/5831 1906/3425/5833 1741/4008/5834
usemtl stonetrims
f 1687/1391/5835 1683/3771/5836 1881/1176/5837
f 1687/1391/5835 1881/1176/5837 1888/3701/5838
f 1692/3023/5839 1688/1555/5840 1891/36/5841
f 1692/3023/5839 1891/36/5841 1882/2136/5842
f 1733/3952/5843 1728/1250/5844 1898/1171/5845
f 1733/3952/5843 1898/1171/5845 1903/288/5846
f 1691/1799/5847 1687/1391/5848 1888/3701/5849
f 1691/1799/5847 1888/3701/5849 1880/1683/5850
f 1683/3771/5851 1692/3023/5852 1882/2136/5853
f 1683/3771/5851 1882/2136/5853 1881/1176/5854
f 1688/1555/5855 1684/654/5856 1883/3079/5857
f 1688/1555/5855 1883/3079/5857 1891/36/5858
f 1731/391/5859 1723/3809/5860 1759/4031/5861
f 1731/391/5859 1759/4031/5861 1901/2841/5862
f 1724/4097/5863 1727/1623/5864 1905/4458/5865
f 1724/4097/5863 1905/4458/5865 1899/922/5866
f 1707/4326/5867 1698/2604/5868 1874/3264/5869
f 1707/4326/5867 1874/3264/5869 1876/4289/5870
f 1727/1623/5871 1731/391/5872 1901/2841/5873
f 1727/1623/5871 1901/2841/5873 1905/4458/5874
f 1732/1125/5875 1724/4097/5876 1899/922/5877
f 1732/1125/5875 1899/922/5877 1904/2820/5878
usemtl brickwall1
f 1734/1086/5879 1894/888/5880 1884/2407/5881
f 1734/1086/5879 1884/2407/5881 1772/4165/5882
usemtl stonetrims
f 1710/362/5883 1719/234/5884 1911/4583/5885
f 1710/362/5883 1911/4583/5885 1760/1584/5886
f 1715/798/5887 1711/4483/5888 1909/824/5889
f 1715/798/5887 1909/824/5889 1916/2449/5890
f 1720/4048/5891 1716/2135/5892 1907/2547/5893
f 1720/4048/5891 1907/2547/5893 1912/976/5894
usemtl brickwall1
f 1736/4601/5895 1908/4046/5896 1910/950/5897
f 1736/4601/5895 1910/950/5897 1739/2561/5898
usemtl stonetrims
f 1719/234/5899 1715/798/5900 1916/2449/5901
f 1719/234/5899 1916/2449/5901 1911/4583/5902
f 1711/4483/5903 1720/4048/5904 1912/976/5905
f 1711/4483/5903 1912/976/5905 1909/824/5906
f 1716/2135/5907 1713/2772/5908 1908/2116/5909
f 1716/2135/5907 1908/2116/5909 1907/2547/5910
f 1753/4299/5911 1751/4089/5912 1819/1739/5913
f 1753/4299/5911 1819/1739/5913 1817/3235/5914
f 1734/1961/5915 1772/3272/5916 1833/4331/5917
f 1734/1961/5915 1833/4331/5917 1789/701/5918
f 1752/1997/5919 1754/1798/5920 1818/2592/5921
f 1752/1997/5919 1818/2592/5921 1820/2278/5922
f 1738/4245/5923 1737/820/5924 1788/2522/5925
f 1738/4245/5923 1788/2522/5925 1799/2249/5926
f 1736/3180/5927 1739/2518/5928 1800/4146/5929
f 1736/3180/5927 1800/4146/5929 1790/350/5930
f 1740/2879/5931 1738/4245/5932 1799/2249/5933
f 1740/2879/5931 1799/2249/5933 1797/3501/5934
f 1755/983/5935 1753/4299/5936 1817/3235/5937
f 1755/983/5935 1817/3235/5937 1815/4159/5938
f 1773/4620/5939 1771/1331/5940 1832/1832/5941
f 1773/4620/5939 1832/1832/5941 1830/3146/5942
f 1739/2518/5943 1741/276/5944 1798/4526/5945
f 1739/2518/5943 1798/4526/5945 1800/4146/5946
f 1754/1798/5947 1756/790/5948 1816/3989/5949
f 1754/1798/5947 1816/3989/5949 1818/2592/5950
f 1772/3272/5951 1774/936/5952 1831/1607/5953
f 1772/3272/5951 1831/1607/5953 1833/4331/5954
f 1742/4623/5955 1740/2879/5956 1797/3501/5957
f 1742/4623/5955 1797/3501/5957 1795/918/5958
f 1757/4437/5959 1755/983/5960 1815/4159/5961
f 1757/4437/5959 1815/4159/5961 1812/4115/5962
f 1775/4220/5963 1773/4620/5964 1830/3146/5965
f 1775/4220/5963 1830/3146/5965 1828/2256/5966
f 1741/276/5967 1743/108/5968 1796/2822/5969
f 1741/276/5967 1796/2822/5969 1798/4526/5970
f 1756/790/5971 1758/1949/5972 1813/3483/5973
f 1756/790/5971 1813/3483/5973 1816/3989/5974
f 1774/936/5975 1776/1428/5976 1829/3206/5977
f 1774/936/5975 1829/3206/5977 1831/1607/5978
f 1744/4615/5979 1742/4623/5980 1795/918/5981
f 1744/4615/5979 1795/918/5981 1793/2101/5982
f 1760/4633/5983 1757/4437/5984 1812/4115/5985
f 1760/4633/5983 1812/4115/5985 1785/1867/5986
f 1777/1419/5987 1775/4220/5988 1828/2256/5989
f 1777/1419/5987 1828/2256/5989 1826/3411/5990
f 1743/108/5991 1745/2029/5992 1794/1545/5993
f 1743/108/5991 1794/1545/5993 1796/2822/5994
f 1776/1428/5995 1778/3837/5996 1827/3936/5997
f 1776/1428/5995 1827/3936/5997 1829/3206/5998
f 1758/1949/5999 1759/1991/6000 1814/3515/6001
f 1758/1949/5999 1814/3515/6001 1813/3483/6002
f 1792/1916/6003 1782/2723/6004 1783/364/6005
f 1792/1916/6003 1783/364/6005 1791/891/6006
f 1794/1545/6007 1792/1916/6008 1791/891/6009
f 1794/1545/6007 1791/891/6009 1793/2101/6010
f 1796/2822/6011 1794/1545/6012 1793/2101/6013
f 1796/2822/6011 1793/2101/6013 1795/918/6014
f 1798/4526/6015 1796/2822/6016 1795/918/6017
f 1798/4526/6015 1795/918/6017 1797/3501/6018
f 1800/4146/6019 1798/4526/6020 1797/3501/6021
f 1800/4146/6019 1797/3501/6021 1799/2249/6022
f 1784/4069/6023 1802/1016/6024 1803/2339/6025
f 1784/4069/6023 1803/2339/6025 1801/2784/6026
f 1802/1016/6027 1804/1035/6028 1805/4476/6029
f 1802/1016/6027 1805/4476/6029 1803/2339/6030
f 1804/1035/6031 1806/3133/6032 1807/1859/6033
f 1804/1035/6031 1807/1859/6033 1805/4476/6034
f 1806/3133/6035 1808/1451/6036 1809/3329/6037
f 1806/3133/6035 1809/3329/6037 1807/1859/6038
f 1808/1451/6039 1810/3001/6040 1811/398/6041
f 1808/1451/6039 1811/398/6041 1809/3329/6042
f 1813/3483/6043 1814/3515/6044 1785/1867/6045
f 1813/3483/6043 1785/1867/6045 1812/4115/6046
f 1816/3989/6047 1813/3483/6048 1812/4115/6049
f 1816/3989/6047 1812/4115/6049 1815/4159/6050
f 1818/2592/6051 1816/3989/6052 1815/4159/6053
f 1818/2592/6051 1815/4159/6053 1817/3235/6054
f 1820/2278/6055 1818/2592/6056 1817/3235/6057
f 1820/2278/6055 1817/3235/6057 1819/1739/6058
f 1822/2584/6059 1820/2278/6060 1819/1739/6061
f 1822/2584/6059 1819/1739/6061 1821/768/6062
f 1810/3001/6063 1789/245/6064 1788/4067/6065
f 1810/3001/6063 1788/4067/6065 1811/398/6066
f 1787/722/6067 1822/2584/6068 1821/768/6069
f 1787/722/6067 1821/768/6069 1790/1260/6070
f 1824/2673/6071 1825/4644/6072 1786/4447/6073
f 1824/2673/6071 1786/4447/6073 1823/4195/6074
f 1827/3936/6075 1824/2673/6076 1823/4195/6077
f 1827/3936/6075 1823/4195/6077 1826/3411/6078
f 1829/3206/6079 1827/3936/6080 1826/3411/6081
f 1829/3206/6079 1826/3411/6081 1828/2256/6082
f 1831/1607/6083 1829/3206/6084 1828/2256/6085
f 1831/1607/6083 1828/2256/6085 1830/3146/6086
f 1833/4331/6087 1831/1607/6088 1830/3146/6089
f 1833/4331/6087 1830/3146/6089 1832/1832/6090
f 1790/350/6091 1800/4146/6092 1799/2249/6093
f 1790/350/6091 1799/2249/6093 1788/2522/6094
f 1789/701/6095 1833/4331/6096 1832/1832/6097
f 1789/701/6095 1832/1832/6097 1787/1564/6098
f 1771/1331/6099 1735/4186/6100 1787/1564/6101
f 1771/1331/6099 1787/1564/6101 1832/1832/6102
f 1770/3300/6103 1867/3364/6104 1801/2784/6105
f 1770/3300/6103 1801/2784/6105 1803/2339/6106
f 1750/4051/6107 1752/1997/6108 1820/2278/6109
f 1750/4051/6107 1820/2278/6109 1822/2584/6110
f 1769/3845/6111 1767/4317/6112 1804/1035/6113
f 1769/3845/6111 1804/1035/6113 1802/1016/6114
f 1751/4089/6115 1749/1841/6116 1821/768/6117
f 1751/4089/6115 1821/768/6117 1819/1739/6118
f 1761/465/6119 1734/570/6120 1789/245/6121
f 1761/465/6119 1789/245/6121 1810/3001/6122
f 1768/2233/6123 1770/3300/6124 1803/2339/6125
f 1768/2233/6123 1803/2339/6125 1805/4476/6126
f 1737/3519/6127 1762/3236/6128 1811/398/6129
f 1737/3519/6127 1811/398/6129 1788/4067/6130
f 1767/4317/6131 1765/2406/6132 1806/3133/6133
f 1767/4317/6131 1806/3133/6133 1804/1035/6134
f 1735/893/6135 1750/4051/6136 1822/2584/6137
f 1735/893/6135 1822/2584/6137 1787/722/6138
f 1749/1841/6139 1736/4552/6140 1790/1260/6141
f 1749/1841/6139 1790/1260/6141 1821/768/6142
f 1766/2012/6143 1768/2233/6144 1805/4476/6145
f 1766/2012/6143 1805/4476/6145 1807/1859/6146
f 1765/2406/6147 1763/3028/6148 1808/1451/6149
f 1765/2406/6147 1808/1451/6149 1806/3133/6150
f 1780/4453/6151 1890/3991/6152 1825/4644/6153
f 1780/4453/6151 1825/4644/6153 1824/2673/6154
f 1747/1998/6155 1748/3848/6156 1782/2723/6157
f 1747/1998/6155 1782/2723/6157 1792/1916/6158
f 1764/2692/6159 1766/2012/6160 1807/1859/6161
f 1764/2692/6159 1807/1859/6161 1809/3329/6162
f 1781/908/6163 1779/3433/6164 1823/4195/6165
f 1781/908/6163 1823/4195/6165 1786/4447/6166
f 1763/3028/6167 1761/465/6168 1810/3001/6169
f 1763/3028/6167 1810/3001/6169 1808/1451/6170
f 1778/3837/6171 1780/4453/6172 1824/2673/6173
f 1778/3837/6171 1824/2673/6173 1827/3936/6174
f 1762/3236/6175 1764/2692/6176 1809/3329/6177
f 1762/3236/6175 1809/3329/6177 1811/398/6178
f 1745/2029/6179 1747/1998/6180 1792/1916/6181
f 1745/2029/6179 1792/1916/6181 1794/1545/6182
f 1779/3433/6183 1777/1419/6184 1826/3411/6185
f 1779/3433/6183 1826/3411/6185 1823/4195/6186
f 1746/3707/6187 1744/4615/6188 1793/2101/6189
f 1746/3707/6187 1793/2101/6189 1791/891/6190
f 1789/3633/6191 1787/282/6192 1837/2903/6193
f 1789/3633/6191 1837/2903/6193 1835/174/6194
f 1790/2994/6195 1788/3567/6196 1834/517/6197
f 1790/2994/6195 1834/517/6197 1839/1940/6198
f 1787/2157/6199 1790/519/6200 1839/2129/6201
f 1787/2157/6199 1839/2129/6201 1837/1855/6202
f 1836/1624/6203 1840/4103/6204 1834/4640/6205
f 1835/500/6206 1844/1071/6207 1842/1750/6208
f 1835/500/6206 1842/1750/6208 1836/1624/6209
f 1837/1335/6210 1841/2497/6211 1838/3312/6212
f 1839/3442/6213 1840/4103/6214 1841/2497/6215
f 1838/3312/6216 1841/2497/6217 1843/283/6218
f 1838/3312/6216 1843/283/6218 1842/1750/6219
f 1839/1940/6220 1834/517/6221 1840/4692/6222
f 1834/1575/6223 1835/197/6224 1836/310/6225
f 1835/174/6226 1837/2903/6227 1838/996/6228
f 1835/174/6226 1838/996/6228 1844/3650/6229
f 1837/1855/6230 1839/2129/6231 1841/4037/6232
f 1836/1624/6233 1843/283/6234 1840/4103/6235
usemtl brickwall1
f 1842/3557/6236 1844/3957/6237 1838/3565/6238
usemtl stonetrims
f 1840/4103/6239 1843/283/6240 1841/2497/6241
f 1842/1750/6242 1843/283/6243 1836/1624/6244
f 1695/3377/6245 1873/867/6246 1854/1640/6247
f 1695/3377/6245 1854/1640/6247 1847/2200/6248
f 1760/4633/6249 1785/1867/6250 1861/3667/6251
f 1760/4633/6249 1861/3667/6251 1856/1092/6252
f 1748/939/6253 1717/4101/6254 1850/411/6255
f 1748/939/6253 1850/411/6255 1853/412/6256
f 1710/362/6257 1760/1584/6258 1856/751/6259
f 1710/362/6257 1856/751/6259 1849/251/6260
f 1801/2784/6261 1867/3364/6262 1872/3108/6263
f 1801/2784/6261 1872/3108/6263 1863/2376/6264
f 1759/4031/6265 1723/3809/6266 1851/3839/6267
f 1759/4031/6265 1851/3839/6267 1855/4636/6268
f 1786/4447/6269 1825/4644/6270 1865/3831/6271
f 1786/4447/6269 1865/3831/6271 1862/4703/6272
f 1782/2723/6273 1748/3848/6274 1853/1840/6275
f 1782/2723/6273 1853/1840/6275 1858/4551/6276
f 1814/3515/6277 1759/1991/6278 1855/3583/6279
f 1814/3515/6277 1855/3583/6279 1864/3663/6280
f 1729/651/6281 1781/127/6282 1857/4152/6283
f 1729/651/6281 1857/4152/6283 1852/981/6284
f 1784/4069/6285 1801/2784/6286 1863/2376/6287
f 1784/4069/6285 1863/2376/6287 1860/18/6288
f 1825/4644/6289 1890/3991/6290 1887/593/6291
f 1825/4644/6289 1887/593/6291 1865/3831/6292
f 1890/1457/6293 1685/4380/6294 1845/1219/6295
f 1890/1457/6293 1845/1219/6295 1887/2716/6296
f 1785/1867/6297 1814/3515/6298 1864/3663/6299
f 1785/1867/6297 1864/3663/6299 1861/3667/6300
f 1867/2511/6301 1701/3098/6302 1848/2036/6303
f 1867/2511/6301 1848/2036/6303 1872/594/6304
f 1783/364/6305 1782/2723/6306 1858/4551/6307
f 1783/364/6305 1858/4551/6307 1859/112/6308
f 1691/1799/6309 1880/1683/6310 1889/3725/6311
f 1691/1799/6309 1889/3725/6311 1846/3384/6312
f 1781/908/6313 1786/4447/6314 1862/4703/6315
f 1781/908/6313 1862/4703/6315 1857/84/6316
f 1788/912/6317 1789/792/6318 1835/197/6319
f 1788/912/6317 1835/197/6319 1834/1575/6320
f 1879/3498/6321 1875/3932/6322 1699/3475/6323
f 1879/3498/6321 1699/3475/6323 1696/2708/6324
f 1870/4297/6325 1877/2086/6326 1704/161/6327
f 1870/4297/6325 1704/161/6327 1700/277/6328
f 1869/1923/6329 1873/867/6330 1695/3377/6331
f 1869/1923/6329 1695/3377/6331 1705/2588/6332
f 1873/2062/6333 1746/3707/6334 1791/891/6335
f 1873/2062/6333 1791/891/6335 1783/364/6336
usemtl brickwall1
f 1874/2031/6337 1871/3336/6338 1766/2105/6339
f 1874/2031/6337 1766/2105/6339 1764/2691/6340
f 1871/3336/6341 1868/4578/6342 1768/3607/6343
f 1871/3336/6341 1768/3607/6343 1766/2105/6344
usemtl stonetrims
f 1854/3452/6345 1873/2062/6346 1783/364/6347
f 1854/3452/6345 1783/364/6347 1859/112/6348
f 1875/3932/6349 1870/4297/6350 1700/277/6351
f 1875/3932/6349 1700/277/6351 1699/3475/6352
f 1877/2086/6353 1869/1923/6354 1705/2588/6355
f 1877/2086/6353 1705/2588/6355 1704/161/6356
usemtl brickwall1
f 1876/4301/6357 1874/2031/6358 1764/2691/6359
f 1876/4301/6357 1764/2691/6359 1762/1486/6360
f 1866/4015/6361 1876/4301/6362 1762/1486/6363
f 1866/4015/6361 1762/1486/6363 1737/3509/6364
usemtl stonetrims
f 1866/420/6365 1879/3498/6366 1696/2708/6367
f 1866/420/6365 1696/2708/6367 1703/2285/6368
usemtl brickwall1
f 1868/4578/6369 1878/3103/6370 1770/3296/6371
f 1868/4578/6369 1770/3296/6371 1768/3607/6372
f 1878/3103/6373 1867/4059/6374 1770/3296/6375
f 1882/289/6376 1891/4271/6377 1763/1482/6378
f 1882/289/6376 1763/1482/6378 1765/3193/6379
f 1880/4175/6380 1888/3255/6381 1769/3520/6382
f 1891/4271/6383 1883/971/6384 1761/389/6385
f 1891/4271/6383 1761/389/6385 1763/1482/6386
usemtl stonetrims
f 1884/1088/6387 1894/955/6388 1694/3752/6389
f 1884/1088/6387 1694/3752/6389 1686/4496/6390
f 1886/913/6391 1884/1088/6392 1686/4496/6393
f 1886/913/6391 1686/4496/6393 1689/661/6394
f 1885/380/6395 1893/3741/6396 1690/335/6397
f 1885/380/6395 1690/335/6397 1693/2452/6398
f 1890/1457/6399 1892/354/6400 1682/819/6401
f 1890/1457/6399 1682/819/6401 1685/4380/6402
f 1880/322/6403 1769/3845/6404 1802/1016/6405
f 1880/322/6403 1802/1016/6405 1784/4069/6406
usemtl brickwall1
f 1888/3255/6407 1881/2245/6408 1767/3378/6409
f 1888/3255/6407 1767/3378/6409 1769/3520/6410
f 1881/2245/6411 1882/289/6412 1765/3193/6413
f 1881/2245/6411 1765/3193/6413 1767/3378/6414
f 1883/971/6415 1894/888/6416 1734/1086/6417
f 1883/971/6415 1734/1086/6417 1761/389/6418
usemtl stonetrims
f 1893/3741/6419 1886/913/6420 1689/661/6421
f 1893/3741/6419 1689/661/6421 1690/335/6422
f 1892/354/6423 1885/380/6424 1693/2452/6425
f 1892/354/6423 1693/2452/6425 1682/819/6426
f 1889/1329/6427 1880/322/6428 1784/4069/6429
f 1889/1329/6427 1784/4069/6429 1860/18/6430
usemtl brickwall1
f 1899/314/6431 1905/2620/6432 1756/2859/6433
f 1899/314/6431 1756/2859/6433 1754/3431/6434
f 1905/2620/6435 1901/2203/6436 1758/2502/6437
f 1905/2620/6435 1758/2502/6437 1756/2859/6438
f 1898/1551/6439 1904/1232/6440 1752/1252/6441
f 1898/1551/6439 1752/1252/6441 1750/561/6442
usemtl stonetrims
f 1902/2019/6443 1897/2610/6444 1722/2877/6445
f 1902/2019/6443 1722/2877/6445 1721/3812/6446
f 1895/1159/6447 1896/24/6448 1726/1345/6449
f 1895/1159/6447 1726/1345/6449 1725/3963/6450
f 1900/2737/6451 1902/2019/6452 1721/3812/6453
f 1900/2737/6451 1721/3812/6453 1730/796/6454
usemtl brickwall1
f 1903/445/6455 1898/1551/6456 1750/561/6457
f 1903/445/6455 1750/561/6457 1735/182/6458
f 1901/2203/6459 1759/4052/6460 1758/2502/6461
f 1904/1232/6462 1899/314/6463 1754/3431/6464
f 1904/1232/6462 1754/3431/6464 1752/1252/6465
usemtl stonetrims
f 1903/288/6466 1900/2737/6467 1730/796/6468
f 1903/288/6466 1730/796/6468 1733/3952/6469
f 1897/2610/6470 1895/1159/6471 1725/3963/6472
f 1897/2610/6470 1725/3963/6472 1722/2877/6473
f 1896/24/6474 1781/127/6475 1729/651/6476
f 1896/24/6474 1729/651/6476 1726/1345/6477
usemtl brickwall1
f 1916/134/6478 1909/4459/6479 1753/2068/6480
f 1916/134/6478 1753/2068/6480 1755/1269/6481
usemtl stonetrims
f 1914/225/6482 1906/745/6483 1708/4417/6484
f 1914/225/6482 1708/4417/6484 1709/472/6485
f 1915/910/6486 1913/2196/6487 1712/4519/6488
f 1915/910/6486 1712/4519/6488 1714/3051/6489
f 1910/3029/6490 1908/2116/6491 1713/2772/6492
f 1910/3029/6490 1713/2772/6492 1718/4225/6493
usemtl brickwall1
f 1909/4459/6494 1912/4571/6495 1751/3689/6496
f 1909/4459/6494 1751/3689/6496 1753/2068/6497
f 1760/862/6498 1911/4111/6499 1757/4499/6500
f 1912/4571/6501 1907/3110/6502 1749/1401/6503
f 1912/4571/6501 1749/1401/6503 1751/3689/6504
f 1911/4111/6505 1916/134/6506 1755/1269/6507
f 1911/4111/6505 1755/1269/6507 1757/4499/6508
f 1907/3110/6509 1908/4046/6510 1736/4601/6511
f 1907/3110/6509 1736/4601/6511 1749/1401/6512
usemtl stonetrims
f 1913/2196/6513 1914/225/6514 1709/472/6515
f 1913/2196/6513 1709/472/6515 1712/4519/6516
f 1748/939/6517 1915/910/6518 1714/3051/6519
f 1748/939/6517 1714/3051/6519 1717/4101/6520
f 1906/745/6521 1910/3029/6522 1718/4225/6523
f 1906/745/6521 1718/4225/6523 1708/4417/6524
f 1919/2512/6525 1929/879/6526 2129/2804/6527
f 1919/2512/6525 2129/2804/6527 2118/205/6528
usemtl brickwall1
f 1973/3764/6529 1975/3072/6530 2110/1239/6531
f 1973/3764/6529 2110/1239/6531 2114/3634/6532
f 1975/3072/6533 1977/1378/6534 2105/1018/6535
f 1975/3072/6533 2105/1018/6535 2110/1239/6536
f 1977/1378/6537 1979/2030/6538 2112/3546/6539
f 1977/1378/6537 2112/3546/6539 2105/1018/6540
f 1979/2030/6541 1981/1336/6542 2104/1478/6543
f 1979/2030/6541 2104/1478/6543 2112/3546/6544
f 1981/1336/6545 2108/3279/6546 2104/1478/6547
f 1970/2024/6548 2006/3624/6549 2135/2580/6550
f 1970/2024/6548 2135/2580/6550 2138/732/6551
f 1976/1105/6552 2141/534/6553 2149/4385/6554
f 1976/1105/6552 2149/4385/6554 1978/1177/6555
f 1978/1177/6556 2149/4385/6557 2148/3380/6558
f 1978/1177/6556 2148/3380/6558 1980/3642/6559
f 1980/3642/6560 2148/3380/6561 2150/4520/6562
f 1980/3642/6560 2150/4520/6562 1982/802/6563
f 1982/802/6564 2150/4520/6565 1983/822/6566
usemtl stonetrims
f 1963/3095/6567 1967/2989/6568 2139/4641/6569
f 1963/3095/6567 2139/4641/6569 2133/3030/6570
f 1938/4133/6571 1942/1442/6572 2111/4585/6573
f 1938/4133/6571 2111/4585/6573 2101/2263/6574
usemtl brickwall1
f 2007/4461/6575 2119/4237/6576 2121/474/6577
f 2007/4461/6575 2121/474/6577 2009/2675/6578
f 2009/2675/6579 2121/474/6580 2128/3643/6581
f 2009/2675/6579 2128/3643/6581 2011/2048/6582
f 2011/2048/6583 2128/3643/6584 2120/2419/6585
f 2011/2048/6583 2120/2419/6585 2013/3459/6586
f 2013/3459/6587 2120/2419/6588 2127/48/6589
f 2013/3459/6587 2127/48/6589 2015/3950/6590
f 2015/3950/6591 2127/48/6592 2125/4674/6593
f 1972/625/6594 1973/3764/6595 2114/3634/6596
f 1972/625/6594 2114/3634/6596 2101/1115/6597
f 2008/1284/6598 2010/4249/6599 2132/3035/6600
f 2008/1284/6598 2132/3035/6600 2137/4120/6601
f 2010/4249/6602 2012/1980/6603 2130/724/6604
f 2010/4249/6602 2130/724/6604 2132/3035/6605
f 2012/1980/6606 2014/2766/6607 2131/1913/6608
f 2012/1980/6606 2131/1913/6608 2130/724/6609
f 2014/2766/6610 2016/1783/6611 2131/1913/6612
f 2006/3624/6613 2008/1284/6614 2137/4120/6615
f 2006/3624/6613 2137/4120/6615 2135/2580/6616
usemtl stonetrims
f 1941/163/6617 1932/757/6618 2113/3304/6619
f 1941/163/6617 2113/3304/6619 2103/153/6620
f 1933/2907/6621 1937/2191/6622 2106/4006/6623
f 1933/2907/6621 2106/4006/6623 2109/402/6624
f 1932/757/6625 1936/238/6626 2102/4343/6627
f 1932/757/6625 2102/4343/6627 2113/3304/6628
f 1937/2191/6629 1941/163/6630 2103/153/6631
f 1937/2191/6629 2103/153/6631 2106/4006/6632
usemtl brickwall1
f 1974/4408/6633 2145/2794/6634 2141/534/6635
f 1974/4408/6633 2141/534/6635 1976/1105/6636
usemtl stonetrims
f 1922/3231/6637 1918/890/6638 2116/1452/6639
f 1922/3231/6637 2116/1452/6639 2123/4027/6640
f 1927/140/6641 1923/1878/6642 2126/1888/6643
f 1927/140/6641 2126/1888/6643 2117/4000/6644
f 1968/1044/6645 1963/3095/6646 2133/3030/6647
f 1968/1044/6645 2133/3030/6647 2138/2120/6648
f 1926/2092/6649 1922/3231/6650 2123/4027/6651
f 1926/2092/6649 2123/4027/6651 2115/3535/6652
f 1918/890/6653 1927/140/6654 2117/4000/6655
f 1918/890/6653 2117/4000/6655 2116/1452/6656
f 1923/1878/6657 1919/2512/6658 2118/205/6659
f 1923/1878/6657 2118/205/6659 2126/1888/6660
f 1966/655/6661 1958/924/6662 1994/1126/6663
f 1966/655/6661 1994/1126/6663 2136/4662/6664
f 1959/1201/6665 1962/1954/6666 2140/25/6667
f 1959/1201/6665 2140/25/6667 2134/2767/6668
f 1942/1442/6669 1933/2907/6670 2109/402/6671
f 1942/1442/6669 2109/402/6671 2111/4585/6672
f 1962/1954/6673 1966/655/6674 2136/4662/6675
f 1962/1954/6673 2136/4662/6675 2140/25/6676
f 1967/2989/6677 1959/1201/6678 2134/2767/6679
f 1967/2989/6677 2134/2767/6679 2139/4641/6680
usemtl brickwall1
f 1969/1382/6681 2129/2727/6682 2119/4237/6683
f 1969/1382/6681 2119/4237/6683 2007/4461/6684
usemtl stonetrims
f 1945/2187/6685 1954/2063/6686 2146/1691/6687
f 1945/2187/6685 2146/1691/6687 1995/3460/6688
f 1950/2631/6689 1946/1573/6690 2144/2647/6691
f 1950/2631/6689 2144/2647/6691 2151/4272/6692
f 1955/1142/6693 1951/3998/6694 2142/4389/6695
f 1955/1142/6693 2142/4389/6695 2147/2827/6696
usemtl brickwall1
f 1971/1711/6697 2143/4307/6698 2145/2794/6699
f 1971/1711/6697 2145/2794/6699 1974/4408/6700
usemtl stonetrims
f 1954/2063/6701 1950/2631/6702 2151/4272/6703
f 1954/2063/6701 2151/4272/6703 2146/1691/6704
f 1946/1573/6705 1955/1142/6706 2147/2827/6707
f 1946/1573/6705 2147/2827/6707 2144/2647/6708
f 1951/3998/6709 1948/3070/6710 2143/2420/6711
f 1951/3998/6709 2143/2420/6711 2142/4389/6712
f 1988/1417/6713 1986/1183/6714 2054/2047/6715
f 1988/1417/6713 2054/2047/6715 2052/3524/6716
f 1969/3800/6717 2007/408/6718 2068/4619/6719
f 1969/3800/6717 2068/4619/6719 2024/2548/6720
f 1987/3841/6721 1989/3631/6722 2053/4436/6723
f 1987/3841/6721 2053/4436/6723 2055/4129/6724
f 1973/1367/6725 1972/1093/6726 2023/4354/6727
f 1973/1367/6725 2023/4354/6727 2034/2535/6728
f 1971/3479/6729 1974/4350/6730 2035/4431/6731
f 1971/3479/6729 2035/4431/6731 2025/2172/6732
f 1975/4694/6733 1973/1367/6734 2034/2535/6735
f 1975/4694/6733 2034/2535/6735 2032/614/6736
f 1990/1285/6737 1988/1417/6738 2052/3524/6739
f 1990/1285/6737 2052/3524/6739 2050/1288/6740
f 2008/1735/6741 2006/1597/6742 2067/3660/6743
f 2008/1735/6741 2067/3660/6743 2065/3441/6744
f 1974/4350/6745 1976/2111/6746 2033/102/6747
f 1974/4350/6745 2033/102/6747 2035/4431/6748
f 1989/3631/6749 1991/2624/6750 2051/1084/6751
f 1989/3631/6749 2051/1084/6751 2053/4436/6752
f 2007/408/6753 2009/2778/6754 2066/1938/6755
f 2007/408/6753 2066/1938/6755 2068/4619/6756
f 1977/1740/6757 1975/4694/6758 2032/614/6759
f 1977/1740/6757 2032/614/6759 2030/2762/6760
f 1992/8/6761 1990/1285/6762 2050/1288/6763
f 1992/8/6761 2050/1288/6763 2047/1223/6764
f 2010/1338/6765 2008/1735/6766 2065/3441/6767
f 2010/1338/6765 2065/3441/6767 2063/4112/6768
f 1976/2111/6769 1978/399/6770 2031/4645/6771
f 1976/2111/6769 2031/4645/6771 2033/102/6772
f 1991/2624/6773 1993/2234/6774 2048/3782/6775
f 1991/2624/6773 2048/3782/6775 2051/1084/6776
f 2009/2778/6777 2011/3276/6778 2064/355/6779
f 2009/2778/6777 2064/355/6779 2066/1938/6780
f 1979/1732/6781 1977/1740/6782 2030/2762/6783
f 1979/1732/6781 2030/2762/6783 2028/3968/6784
f 1995/1754/6785 1992/8/6786 2047/1223/6787
f 1995/1754/6785 2047/1223/6787 2020/3699/6788
f 2012/3265/6789 2010/1338/6790 2063/4112/6791
f 2012/3265/6789 2063/4112/6791 2061/3688/6792
f 1978/399/6793 1980/2323/6794 2029/3418/6795
f 1978/399/6793 2029/3418/6795 2031/4645/6796
f 2011/3276/6797 2013/946/6798 2062/1026/6799
f 2011/3276/6797 2062/1026/6799 2064/355/6800
f 1993/2234/6801 1994/3832/6802 2049/628/6803
f 1993/2234/6801 2049/628/6803 2048/3782/6804
f 2027/2209/6805 2017/4560/6806 2018/2189/6807
f 2027/2209/6805 2018/2189/6807 2026/2730/6808
f 2029/3418/6809 2027/2209/6810 2026/2730/6811
f 2029/3418/6809 2026/2730/6811 2028/3968/6812
f 2031/4645/6813 2029/3418/6814 2028/3968/6815
f 2031/4645/6813 2028/3968/6815 2030/2762/6816
f 2033/102/6817 2031/4645/6818 2030/2762/6819
f 2033/102/6817 2030/2762/6819 2032/614/6820
f 2035/4431/6821 2033/102/6822 2032/614/6823
f 2035/4431/6821 2032/614/6823 2034/2535/6824
f 2019/1162/6825 2037/2881/6826 2038/4170/6827
f 2019/1162/6825 2038/4170/6827 2036/4617/6828
f 2037/2881/6829 2039/2897/6830 2040/44/6831
f 2037/2881/6829 2040/44/6831 2038/4170/6832
f 2039/2897/6833 2041/272/6834 2042/2151/6835
f 2039/2897/6833 2042/2151/6835 2040/44/6836
f 2041/272/6837 2043/3301/6838 2044/452/6839
f 2041/272/6837 2044/452/6839 2042/2151/6840
f 2043/3301/6841 2045/117/6842 2046/2236/6843
f 2043/3301/6841 2046/2236/6843 2044/452/6844
f 2048/3782/6845 2049/628/6846 2020/3699/6847
f 2048/3782/6845 2020/3699/6847 2047/1223/6848
f 2051/1084/6849 2048/3782/6850 2047/1223/6851
f 2051/1084/6849 2047/1223/6851 2050/1288/6852
f 2053/4436/6853 2051/1084/6854 2050/1288/6855
f 2053/4436/6853 2050/1288/6855 2052/3524/6856
f 2055/4129/6857 2053/4436/6858 2052/3524/6859
f 2055/4129/6857 2052/3524/6859 2054/2047/6860
f 2057/4427/6861 2055/4129/6862 2054/2047/6863
f 2057/4427/6861 2054/2047/6863 2056/2603/6864
f 2045/117/6865 2024/2075/6866 2023/1161/6867
f 2045/117/6865 2023/1161/6867 2046/2236/6868
f 2022/2566/6869 2057/4427/6870 2056/2603/6871
f 2022/2566/6869 2056/2603/6871 2025/1522/6872
f 2059/2990/6873 2060/1769/6874 2021/17/6875
f 2059/2990/6873 2021/17/6875 2058/4487/6876
f 2062/1026/6877 2059/2990/6878 2058/4487/6879
f 2062/1026/6877 2058/4487/6879 2061/3688/6880
f 2064/355/6881 2062/1026/6882 2061/3688/6883
f 2064/355/6881 2061/3688/6883 2063/4112/6884
f 2066/1938/6885 2064/355/6886 2063/4112/6887
f 2066/1938/6885 2063/4112/6887 2065/3441/6888
f 2068/4619/6889 2066/1938/6890 2065/3441/6891
f 2068/4619/6889 2065/3441/6891 2067/3660/6892
f 2025/2172/6893 2035/4431/6894 2034/2535/6895
f 2025/2172/6893 2034/2535/6895 2023/4354/6896
f 2024/2548/6897 2068/4619/6898 2067/3660/6899
f 2024/2548/6897 2067/3660/6899 2022/1890/6900
f 2006/1597/6901 1970/4479/6902 2022/1890/6903
f 2006/1597/6901 2022/1890/6903 2067/3660/6904
f 2005/434/6905 2102/476/6906 2036/4617/6907
f 2005/434/6905 2036/4617/6907 2038/4170/6908
f 1985/1146/6909 1987/3841/6910 2055/4129/6911
f 1985/1146/6909 2055/4129/6911 2057/4427/6912
f 2004/953/6913 2002/4604/6914 2039/2897/6915
f 2004/953/6913 2039/2897/6915 2037/2881/6916
f 1986/1183/6917 1984/3669/6918 2056/2603/6919
f 1986/1183/6917 2056/2603/6919 2054/2047/6920
f 1996/2317/6921 1969/2445/6922 2024/2075/6923
f 1996/2317/6921 2024/2075/6923 2045/117/6924
f 2003/2514/6925 2005/434/6926 2038/4170/6927
f 2003/2514/6925 2038/4170/6927 2040/44/6928
f 1972/633/6929 1997/381/6930 2046/2236/6931
f 1972/633/6929 2046/2236/6931 2023/1161/6932
f 2002/4604/6933 2000/4236/6934 2041/272/6935
f 2002/4604/6933 2041/272/6935 2039/2897/6936
f 1970/2731/6937 1985/1146/6938 2057/4427/6939
f 1970/2731/6937 2057/4427/6939 2022/2566/6940
f 1984/3669/6941 1971/1651/6942 2025/1522/6943
f 1984/3669/6941 2025/1522/6943 2056/2603/6944
f 2001/2297/6945 2003/2514/6946 2040/44/6947
f 2001/2297/6945 2040/44/6947 2042/2151/6948
f 2000/4236/6949 1998/3293/6950 2043/3301/6951
f 2000/4236/6949 2043/3301/6951 2041/272/6952
f 2015/1552/6953 2125/1085/6954 2060/1769/6955
f 2015/1552/6953 2060/1769/6955 2059/2990/6956
f 1982/3842/6957 1983/956/6958 2017/4560/6959
f 1982/3842/6957 2017/4560/6959 2027/2209/6960
f 1999/4538/6961 2001/2297/6962 2042/2151/6963
f 1999/4538/6961 2042/2151/6963 2044/452/6964
f 2016/2753/6965 2014/543/6966 2058/4487/6967
f 2016/2753/6965 2058/4487/6967 2021/17/6968
f 1998/3293/6969 1996/2317/6970 2045/117/6971
f 1998/3293/6969 2045/117/6971 2043/3301/6972
f 2013/946/6973 2015/1552/6974 2059/2990/6975
f 2013/946/6973 2059/2990/6975 2062/1026/6976
f 1997/381/6977 1999/4538/6978 2044/452/6979
f 1997/381/6977 2044/452/6979 2046/2236/6980
f 1980/2323/6981 1982/3842/6982 2027/2209/6983
f 1980/2323/6981 2027/2209/6983 2029/3418/6984
f 2014/543/6985 2012/3265/6986 2061/3688/6987
f 2014/543/6985 2061/3688/6987 2058/4487/6988
f 1981/4032/6989 1979/1732/6990 2028/3968/6991
f 1981/4032/6989 2028/3968/6991 2026/2730/6992
f 2024/3964/6993 2022/2114/6994 2072/12/6995
f 2024/3964/6993 2072/12/6995 2070/2016/6996
f 2025/106/6997 2023/3887/6998 2069/2383/6999
f 2025/106/6997 2069/2383/6999 2074/2226/7000
f 2022/4023/7001 2025/1567/7002 2074/2430/7003
f 2022/4023/7001 2074/2430/7003 2072/3685/7004
f 2071/3497/7005 2075/1209/7006 2069/1765/7007
f 2070/2363/7008 2079/1368/7009 2077/3587/7010
f 2070/2363/7008 2077/3587/7010 2071/3497/7011
f 2072/3175/7012 2076/2785/7013 2073/3588/7014
f 2074/553/7015 2075/1209/7016 2076/2785/7017
f 2073/3588/7018 2076/2785/7019 2078/2115/7020
f 2073/3588/7018 2078/2115/7020 2077/3587/7021
f 2074/2226/7022 2069/2383/7023 2075/1834/7024
f 2069/3448/7025 2070/2034/7026 2071/2133/7027
f 2070/2016/7028 2072/12/7029 2073/2860/7030
f 2070/2016/7028 2073/2860/7030 2079/803/7031
f 2072/3685/7032 2074/2430/7033 2076/1137/7034
f 2071/3497/7035 2078/2115/7036 2075/1209/7037
usemtl brickwall1
f 2077/678/7038 2079/1050/7039 2073/694/7040
usemtl stonetrims
f 2075/1209/7041 2078/2115/7042 2076/2785/7043
f 2077/3587/7044 2078/2115/7045 2071/3497/7046
f 1930/3657/7047 2108/2700/7048 2089/3506/7049
f 1930/3657/7047 2089/3506/7049 2082/2487/7050
f 1995/1754/7051 2020/3699/7052 2096/814/7053
f 1995/1754/7051 2096/814/7053 2091/2962/7054
f 1983/2781/7055 1952/1205/7056 2085/2251/7057
f 1983/2781/7055 2085/2251/7057 2088/2253/7058
f 1945/2187/7059 1995/3460/7060 2091/2589/7061
f 1945/2187/7059 2091/2589/7061 2084/2081/7062
f 2036/4617/7063 2102/476/7064 2107/247/7065
f 2036/4617/7063 2107/247/7065 2098/4209/7066
f 1994/1126/7067 1958/924/7068 2086/949/7069
f 1994/1126/7067 2086/949/7069 2090/1757/7070
f 2021/17/7071 2060/1769/7072 2100/941/7073
f 2021/17/7071 2100/941/7073 2097/307/7074
f 2017/4560/7075 1983/956/7076 2088/3668/7077
f 2017/4560/7075 2088/3668/7077 2093/1652/7078
f 2049/628/7079 1994/3832/7080 2090/3915/7081
f 2049/628/7079 2090/3915/7081 2099/809/7082
f 1964/2505/7083 2016/1971/7084 2092/1278/7085
f 1964/2505/7083 2092/1278/7085 2087/1274/7086
f 2019/1162/7087 2036/4617/7088 2098/4209/7089
f 2019/1162/7087 2098/4209/7089 2095/1865/7090
f 2060/1769/7091 2125/1085/7092 2122/2461/7093
f 2060/1769/7091 2122/2461/7093 2100/941/7094
f 2125/1746/7095 1920/1485/7096 2080/3073/7097
f 2125/1746/7095 2080/3073/7097 2122/4553/7098
f 2020/3699/7099 2049/628/7100 2099/809/7101
f 2020/3699/7099 2099/809/7101 2096/814/7102
f 2102/4343/7103 1936/238/7104 2083/3893/7105
f 2102/4343/7103 2083/3893/7105 2107/2464/7106
f 2018/2189/7107 2017/4560/7108 2093/1652/7109
f 2018/2189/7107 2093/1652/7109 2094/401/7110
f 1926/2092/7111 2115/3535/7112 2124/4045/7113
f 1926/2092/7111 2124/4045/7113 2081/496/7114
f 2016/2753/7115 2021/17/7116 2097/307/7117
f 2016/2753/7115 2097/307/7117 2092/1930/7118
f 2023/2758/7119 2024/2625/7120 2070/2034/7121
f 2023/2758/7119 2070/2034/7121 2069/3448/7122
f 2114/3798/7123 2110/4198/7124 1934/584/7125
f 2114/3798/7123 1934/584/7125 1931/4547/7126
f 2105/1413/7127 2112/3954/7128 1939/444/7129
f 2105/1413/7127 1939/444/7129 1935/2112/7130
f 2104/3765/7131 2108/2700/7132 1930/3657/7133
f 2104/3765/7131 1930/3657/7133 1940/4429/7134
f 2108/3924/7135 1981/4032/7136 2026/2730/7137
f 2108/3924/7135 2026/2730/7137 2018/2189/7138
usemtl brickwall1
f 2109/3884/7139 2106/461/7140 2001/3970/7141
f 2109/3884/7139 2001/3970/7141 1999/4537/7142
f 2106/461/7143 2103/1682/7144 2003/752/7145
f 2106/461/7143 2003/752/7145 2001/3970/7146
usemtl stonetrims
f 2089/3748/7147 2108/3924/7148 2018/2189/7149
f 2089/3748/7147 2018/2189/7149 2094/401/7150
f 2110/4198/7151 2105/1413/7152 1935/2112/7153
f 2110/4198/7151 1935/2112/7153 1934/584/7154
f 2112/3954/7155 2104/3765/7156 1940/4429/7157
f 2112/3954/7155 1940/4429/7157 1939/444/7158
usemtl brickwall1
f 2111/4596/7159 2109/3884/7160 1999/4537/7161
f 2111/4596/7159 1999/4537/7161 1997/3353/7162
f 2101/1115/7163 2111/4596/7164 1997/3353/7165
f 2101/1115/7163 1997/3353/7165 1972/625/7166
usemtl stonetrims
f 2101/2263/7167 2114/3798/7168 1931/4547/7169
f 2101/2263/7167 1931/4547/7169 1938/4133/7170
usemtl brickwall1
f 2103/1682/7171 2113/243/7172 2005/430/7173
f 2103/1682/7171 2005/430/7173 2003/752/7174
f 2113/243/7175 2102/1151/7176 2005/430/7177
f 2117/2123/7178 2126/1398/7179 1998/3348/7180
f 2117/2123/7178 1998/3348/7180 2000/336/7181
f 2115/1300/7182 2123/395/7183 2004/636/7184
f 2126/1398/7185 2118/2823/7186 1996/2227/7187
f 2126/1398/7185 1996/2227/7187 1998/3348/7188
usemtl stonetrims
f 2119/2954/7189 2129/2804/7190 1929/879/7191
f 2119/2954/7189 1929/879/7191 1921/1585/7192
f 2121/2759/7193 2119/2954/7194 1921/1585/7195
f 2121/2759/7193 1921/1585/7195 1924/965/7196
f 2120/2214/7197 2128/4057/7198 1925/2158/7199
f 2120/2214/7197 1925/2158/7199 1928/2738/7200
f 2125/1746/7201 2127/2177/7202 1917/2645/7203
f 2125/1746/7201 1917/2645/7203 1920/1485/7204
f 2115/2146/7205 2004/953/7206 2037/2881/7207
f 2115/2146/7205 2037/2881/7207 2019/1162/7208
usemtl brickwall1
f 2123/395/7209 2116/2529/7210 2002/490/7211
f 2123/395/7209 2002/490/7211 2004/636/7212
f 2116/2529/7213 2117/2123/7214 2000/336/7215
f 2116/2529/7213 2000/336/7215 2002/490/7216
f 2118/2823/7217 2129/2727/7218 1969/1382/7219
f 2118/2823/7217 1969/1382/7219 1996/2227/7220
usemtl stonetrims
f 2128/4057/7221 2121/2759/7222 1924/965/7223
f 2128/4057/7221 1924/965/7223 1925/2158/7224
f 2127/2177/7225 2120/2214/7226 1928/2738/7227
f 2127/2177/7225 1928/2738/7227 1917/2645/7228
f 2124/3169/7229 2115/2146/7230 2019/1162/7231
f 2124/3169/7229 2019/1162/7231 2095/1865/7232
usemtl brickwall1
f 2134/2138/7233 2140/4464/7234 1991/4676/7235
f 2134/2138/7233 1991/4676/7235 1989/538/7236
f 2140/4464/7237 2136/4065/7238 1993/2795/7239
f 2140/4464/7237 1993/2795/7239 1991/4676/7240
f 2133/3424/7241 2139/1497/7242 1987/1518/7243
f 2133/3424/7241 1987/1518/7243 1985/880/7244
usemtl stonetrims
f 2137/2309/7245 2132/4452/7246 1957/3152/7247
f 2137/2309/7245 1957/3152/7247 1956/925/7248
f 2130/3020/7249 2131/339/7250 1961/3184/7251
f 2130/3020/7249 1961/3184/7251 1960/1056/7252
f 2135/4565/7253 2137/2309/7254 1956/925/7255
f 2135/4565/7253 1956/925/7255 1965/2629/7256
usemtl brickwall1
f 2138/732/7257 2133/3424/7258 1985/880/7259
f 2138/732/7257 1985/880/7259 1970/2024/7260
f 2136/4065/7261 1994/4312/7262 1993/2795/7263
f 2139/1497/7264 2134/2138/7265 1989/538/7266
f 2139/1497/7264 1989/538/7266 1987/1518/7267
usemtl stonetrims
f 2138/2120/7268 2135/4565/7269 1965/2629/7270
f 2138/2120/7268 1965/2629/7270 1968/1044/7271
f 2132/4452/7272 2130/3020/7273 1960/1056/7274
f 2132/4452/7272 1960/1056/7274 1957/3152/7275
f 2131/339/7276 2016/1971/7277 1964/2505/7278
f 2131/339/7276 1964/2505/7278 1961/3184/7279
usemtl brickwall1
f 2151/1981/7280 2144/1554/7281 1988/3931/7282
f 2151/1981/7280 1988/3931/7282 1990/1532/7283
usemtl stonetrims
f 2149/2056/7284 2141/1025/7285 1943/1509/7286
f 2149/2056/7284 1943/1509/7286 1944/2333/7287
f 2150/1198/7288 2148/4058/7289 1947/93/7290
f 2150/1198/7288 1947/93/7290 1949/170/7291
f 2145/144/7292 2143/2420/7293 1948/3070/7294
f 2145/144/7292 1948/3070/7294 1953/1340/7295
usemtl brickwall1
f 2144/1554/7296 2147/1672/7297 1986/834/7298
f 2144/1554/7296 1986/834/7298 1988/3931/7299
f 1995/2693/7300 2146/1220/7301 1992/1590/7302
f 2147/1672/7303 2142/250/7304 1984/3241/7305
f 2147/1672/7303 1984/3241/7305 1986/834/7306
f 2146/1220/7307 2151/1981/7308 1990/1532/7309
f 2146/1220/7307 1990/1532/7309 1992/1590/7310
f 2142/250/7311 2143/4307/7312 1971/1711/7313
f 2142/250/7311 1971/1711/7313 1984/3241/7314
usemtl stonetrims
f 2148/4058/7315 2149/2056/7316 1944/2333/7317
f 2148/4058/7315 1944/2333/7317 1947/93/7318
f 1983/2781/7319 2150/1198/7320 1949/170/7321
f 1983/2781/7319 1949/170/7321 1952/1205/7322
f 2141/1025/7323 2145/144/7324 1953/1340/7325
f 2141/1025/7323 1953/1340/7325 1943/1509/7326
usemtl brickwall1
f 317/708/7327 322/2454/7328 311/520/7329
f 302/458/7330 310/952/7331 305/1235/7332
f 1223/3516/7333 1219/1962/7334 1218/1708/7335
f 59/2597/7336 61/1614/7337 53/4033/7338
f 48/2508/7339 44/967/7340 43/3747/7341
f 1492/1370/7342 1497/1759/7343 1486/2924/7344
f 529/942/7345 531/1663/7346 523/1211/7347
f 518/273/7348 514/2397/7349 513/3012/7350
f 1712/3813/7351 1720/977/7352 1715/2134/7353
f 787/4597/7354 792/1992/7355 781/521/7356
f 772/145/7357 780/2153/7358 775/208/7359
f 1939/2923/7360 1941/4396/7361 1933/674/7362
f 323/3896/7363 320/3890/7364 318/4376/7365
f 320/3890/7366 311/520/7367 318/4376/7368
f 311/520/7369 312/3007/7370 315/999/7371
f 315/999/7372 316/279/7373 321/656/7374
f 316/279/7375 319/3664/7376 442/3230/7377
f 321/656/7378 316/279/7379 442/3230/7380
f 442/3230/7381 441/959/7382 321/656/7383
f 441/959/7384 313/659/7385 321/656/7386
f 321/656/7387 317/708/7388 315/999/7389
f 317/708/7390 314/10/7391 322/2454/7392
f 322/2454/7393 318/4376/7394 311/520/7395
f 317/708/7396 311/520/7397 315/999/7398
f 299/1808/7399 298/1023/7400 302/458/7401
f 298/1023/7402 308/176/7403 310/952/7404
f 302/458/7405 298/1023/7406 310/952/7407
f 308/176/7408 303/2143/7409 306/3511/7410
f 306/3511/7411 310/952/7412 308/176/7413
f 310/952/7414 301/3493/7415 305/1235/7416
f 305/1235/7417 309/1424/7418 302/458/7419
f 309/1424/7420 300/3867/7421 439/319/7422
f 439/319/7423 440/4230/7424 304/3194/7425
f 440/4230/7426 307/1680/7427 304/3194/7428
f 304/3194/7429 302/458/7430 309/1424/7431
f 439/319/7432 304/3194/7433 309/1424/7434
f 1224/4072/7435 1214/3415/7436 1216/3176/7437
f 1214/3415/7438 1218/1708/7439 1216/3176/7440
f 1218/1708/7441 1222/1194/7442 1213/2482/7443
f 1213/2482/7444 1217/403/7445 1212/2740/7446
f 1217/403/7447 1221/2946/7448 1376/3578/7449
f 1212/2740/7450 1217/403/7451 1376/3578/7452
f 1376/3578/7453 1375/2484/7454 1212/2740/7455
f 1375/2484/7456 1215/631/7457 1212/2740/7458
f 1212/2740/7459 1223/3516/7460 1213/2482/7461
f 1223/3516/7462 1220/2728/7463 1219/1962/7464
f 1219/1962/7465 1216/3176/7466 1218/1708/7467
f 1223/3516/7468 1218/1708/7469 1213/2482/7470
f 51/121/7471 54/1040/7472 53/4033/7473
f 54/1040/7474 55/914/7475 59/2597/7476
f 53/4033/7477 54/1040/7478 59/2597/7479
f 59/2597/7480 60/1060/7481 61/1614/7482
f 60/1060/7483 50/1062/7484 202/3297/7485
f 202/3297/7486 203/3749/7487 52/2543/7488
f 203/3749/7489 56/78/7490 52/2543/7491
f 52/2543/7492 61/1614/7493 60/1060/7494
f 202/3297/7495 52/2543/7496 60/1060/7497
f 61/1614/7498 57/2018/7499 53/4033/7500
f 53/4033/7501 62/3597/7502 51/121/7503
f 62/3597/7504 58/1468/7505 51/121/7506
f 49/2364/7507 39/2568/7508 41/299/7509
f 39/2568/7510 43/3747/7511 41/299/7512
f 43/3747/7513 47/3702/7514 38/3810/7515
f 38/3810/7516 42/2237/7517 37/460/7518
f 42/2237/7519 46/2140/7520 201/2666/7521
f 37/460/7522 42/2237/7523 201/2666/7524
f 201/2666/7525 200/4328/7526 37/460/7527
f 200/4328/7528 40/146/7529 37/460/7530
f 37/460/7531 48/2508/7532 38/3810/7533
f 48/2508/7534 45/1130/7535 44/967/7536
f 44/967/7537 41/299/7538 43/3747/7539
f 48/2508/7540 43/3747/7541 38/3810/7542
f 1498/934/7543 1495/1872/7544 1493/3767/7545
f 1495/1872/7546 1486/2924/7547 1493/3767/7548
f 1486/2924/7549 1487/901/7550 1490/3804/7551
f 1490/3804/7552 1491/3242/7553 1496/1381/7554
f 1491/3242/7555 1494/1439/7556 1617/4246/7557
f 1496/1381/7558 1491/3242/7559 1617/4246/7560
f 1617/4246/7561 1616/1191/7562 1496/1381/7563
f 1616/1191/7564 1488/2051/7565 1496/1381/7566
f 1496/1381/7567 1492/1370/7568 1490/3804/7569
f 1492/1370/7570 1489/3632/7571 1497/1759/7572
f 1497/1759/7573 1493/3767/7574 1486/2924/7575
f 1492/1370/7576 1486/2924/7577 1490/3804/7578
f 521/274/7579 524/1293/7580 523/1211/7581
f 524/1293/7582 525/3278/7583 529/942/7584
f 523/1211/7585 524/1293/7586 529/942/7587
f 529/942/7588 530/1317/7589 531/1663/7590
f 530/1317/7591 520/2349/7592 672/4066/7593
f 672/4066/7594 673/1905/7595 522/2286/7596
f 673/1905/7597 526/4618/7598 522/2286/7599
f 522/2286/7600 531/1663/7601 530/1317/7602
f 672/4066/7603 522/2286/7604 530/1317/7605
f 531/1663/7606 527/4190/7607 523/1211/7608
f 523/1211/7609 532/1861/7610 521/274/7611
f 532/1861/7612 528/2705/7613 521/274/7614
f 519/3901/7615 509/2032/7616 511/2800/7617
f 509/2032/7618 513/3012/7619 511/2800/7620
f 513/3012/7621 517/1821/7622 508/3061/7623
f 508/3061/7624 512/3057/7625 507/2184/7626
f 512/3057/7627 516/3290/7628 671/619/7629
f 507/2184/7630 512/3057/7631 671/619/7632
f 671/619/7633 670/3726/7634 507/2184/7635
f 670/3726/7636 510/1481/7637 507/2184/7638
f 507/2184/7639 518/273/7640 508/3061/7641
f 518/273/7642 515/1697/7643 514/2397/7644
f 514/2397/7645 511/2800/7646 513/3012/7647
f 518/273/7648 513/3012/7649 508/3061/7650
f 1709/742/7651 1708/2948/7652 1712/3813/7653
f 1708/2948/7654 1718/4060/7655 1720/977/7656
f 1712/3813/7657 1708/2948/7658 1720/977/7659
f 1718/4060/7660 1713/95/7661 1716/3358/7662
f 1716/3358/7663 1720/977/7664 1718/4060/7665
f 1720/977/7666 1711/4477/7667 1715/2134/7668
f 1715/2134/7669 1719/706/7670 1712/3813/7671
f 1719/706/7672 1710/3077/7673 1849/15/7674
f 1849/15/7675 1850/1512/7676 1714/1500/7677
f 1850/1512/7678 1717/1404/7679 1714/1500/7680
f 1714/1500/7681 1712/3813/7682 1719/706/7683
f 1849/15/7684 1714/1500/7685 1719/706/7686
f 793/45/7687 790/1199/7688 788/3227/7689
f 790/1199/7690 781/521/7691 788/3227/7692
f 781/521/7693 782/3903/7694 785/4214/7695
f 785/4214/7696 786/4188/7697 791/1422/7698
f 786/4188/7699 789/133/7700 912/3923/7701
f 791/1422/7702 786/4188/7703 912/3923/7704
f 912/3923/7705 911/970/7706 791/1422/7707
f 911/970/7708 783/3602/7709 791/1422/7710
f 791/1422/7711 787/4597/7712 785/4214/7713
f 787/4597/7714 784/1055/7715 792/1992/7716
f 792/1992/7717 788/3227/7718 781/521/7719
f 787/4597/7720 781/521/7721 785/4214/7722
f 769/1440/7723 768/1525/7724 772/145/7725
f 768/1525/7726 778/1359/7727 780/2153/7728
f 772/145/7729 768/1525/7730 780/2153/7731
f 778/1359/7732 773/1863/7733 776/3052/7734
f 776/3052/7735 780/2153/7736 778/1359/7737
f 780/2153/7738 771/368/7739 775/208/7740
f 775/208/7741 779/82/7742 772/145/7743
f 779/82/7744 770/1909/7745 909/1627/7746
f 909/1627/7747 910/2628/7748 774/3873/7749
f 910/2628/7750 777/2356/7751 774/3873/7752
f 774/3873/7753 772/145/7754 779/82/7755
f 909/1627/7756 774/3873/7757 779/82/7758
f 1931/2403/7759 1934/1020/7760 1933/674/7761
f 1934/1020/7762 1935/2298/7763 1939/2923/7764
f 1933/674/7765 1934/1020/7766 1939/2923/7767
f 1939/2923/7768 1940/2478/7769 1941/4396/7770
f 1940/2478/7771 1930/4166/7772 2082/3047/7773
f 2082/3047/7774 2083/1694/7775 1932/3969/7776
f 2083/1694/7777 1936/3940/7778 1932/3969/7779
f 1932/3969/7780 1941/4396/7781 1940/2478/7782
f 2082/3047/7783 1932/3969/7784 1940/2478/7785
f 1941/4396/7786 1937/413/7787 1933/674/7788
f 1933/674/7789 1942/317/7790 1931/2403/7791
f 1942/317/7792 1938/3049/7793 1931/2403/7794
usemtl stonetrims
f 2154/3164/7795 2153/4687/7796 2172/290/7797
f 2154/3164/7795 2172/290/7797 2173/2328/7798
f 2156/4465/7799 2157/1684/7800 2168/3907/7801
f 2156/4465/7799 2168/3907/7801 2165/4042/7802
f 2155/2366/7803 2154/3164/7804 2173/2328/7805
f 2155/2366/7803 2173/2328/7805 2174/4205/7806
usemtl brickwall1
f 2157/4/7807 2154/3261/7808 2155/2787/7809
f 2157/4/7807 2155/2787/7809 2158/265/7810
f 2158/2459/7811 2155/2044/7812 2152/1756/7813
f 2158/2459/7811 2152/1756/7813 2159/3638/7814
f 2156/3299/7815 2153/1616/7816 2154/3344/7817
f 2156/3299/7815 2154/3344/7817 2157/4264/7818
f 2159/1192/7819 2152/3499/7820 2153/2949/7821
f 2159/1192/7819 2153/2949/7821 2156/709/7822
usemtl stonetrims
f 2159/1953/7823 2156/4465/7824 2165/4042/7825
f 2159/1953/7823 2165/4042/7825 2175/2185/7826
f 2152/2951/7827 2155/2366/7828 2174/4205/7829
f 2152/2951/7827 2174/4205/7829 2162/2401/7830
f 2162/435/7831 2163/1893/7832 2164/96/7833
f 2162/435/7831 2164/96/7833 2172/2414/7834
f 2172/2414/7835 2164/96/7836 2167/595/7837
f 2172/2414/7835 2167/595/7837 2173/1163/7838
f 2173/1163/7839 2167/595/7840 2170/1292/7841
f 2173/1163/7839 2170/1292/7841 2174/1289/7842
f 2174/1289/7843 2170/1292/7844 2163/604/7845
f 2174/1289/7843 2163/604/7845 2162/2556/7846
f 2161/1276/7847 2175/1396/7848 2165/3160/7849
f 2161/1276/7847 2165/3160/7849 2160/3886/7850
f 2160/3886/7851 2165/3160/7852 2168/1633/7853
f 2160/3886/7851 2168/1633/7853 2166/244/7854
f 2169/3482/7855 2171/2168/7856 2175/657/7857
f 2169/3482/7855 2175/657/7857 2161/231/7858
f 2166/244/7859 2168/1633/7860 2171/2168/7861
f 2166/244/7859 2171/2168/7861 2169/3482/7862
f 2158/4503/7863 2159/892/7864 2175/2222/7865
f 2158/4503/7863 2175/2222/7865 2171/1842/7866
f 2153/4687/7867 2152/1772/7868 2162/2106/7869
f 2153/4687/7867 2162/2106/7869 2172/290/7870
f 2157/1684/7871 2158/4503/7872 2171/1842/7873
f 2157/1684/7871 2171/1842/7873 2168/3907/7874
f 2163/1893/7875 2170/1943/7876 2167/97/7877
f 2163/1893/7875 2167/97/7877 2164/2599/7878
f 2160/764/7879 2166/2324/7880 2169/2326/7881
f 2160/764/7879 2169/2326/7881 2161/2167/7882
f 2178/4212/7883 2177/1015/7884 2196/1318/7885
f 2178/4212/7883 2196/1318/7885 2197/3367/7886
f 2180/795/7887 2181/1190/7888 2192/220/7889
f 2180/795/7887 2192/220/7889 2189/369/7890
f 2179/3397/7891 2178/4212/7892 2197/3367/7893
f 2179/3397/7891 2197/3367/7893 2198/514/7894
usemtl brickwall1
f 2181/1046/7895 2178/4305/7896 2179/3843/7897
f 2181/1046/7895 2179/3843/7897 2182/1301/7898
f 2182/1945/7899 2179/1506/7900 2176/2824/7901
f 2182/1945/7899 2176/2824/7901 2183/4680/7902
f 2180/4341/7903 2177/2686/7904 2178/2845/7905
f 2180/4341/7903 2178/2845/7905 2181/3876/7906
f 2183/2241/7907 2176/4543/7908 2177/3995/7909
f 2183/2241/7907 2177/3995/7909 2180/1736/7910
usemtl stonetrims
f 2183/3004/7911 2180/795/7912 2189/369/7913
f 2183/3004/7911 2189/369/7913 2199/3218/7914
f 2176/4001/7915 2179/3397/7916 2198/514/7917
f 2176/4001/7915 2198/514/7917 2186/3435/7918
f 2186/1460/7919 2187/2952/7920 2188/1127/7921
f 2186/1460/7919 2188/1127/7921 2196/1896/7922
f 2196/1896/7923 2188/1127/7924 2191/1618/7925
f 2196/1896/7923 2191/1618/7925 2197/2215/7926
f 2197/2215/7927 2191/1618/7928 2194/2337/7929
f 2197/2215/7927 2194/2337/7929 2198/2332/7930
f 2198/2332/7931 2194/2337/7932 2187/1629/7933
f 2198/2332/7931 2187/1629/7933 2186/3579/7934
f 2185/769/7935 2199/2460/7936 2189/4203/7937
f 2185/769/7935 2189/4203/7937 2184/201/7938
f 2184/201/7939 2189/4203/7940 2192/2711/7941
f 2184/201/7939 2192/2711/7941 2190/1271/7942
f 2193/4523/7943 2195/1628/7944 2199/2955/7945
f 2193/4523/7943 2199/2955/7945 2185/1261/7946
f 2190/1271/7947 2192/2711/7948 2195/1628/7949
f 2190/1271/7947 2195/1628/7949 2193/4523/7950
f 2182/833/7951 2183/1939/7952 2199/3250/7953
f 2182/833/7951 2199/3250/7953 2195/2893/7954
f 2177/1015/7955 2176/2830/7956 2186/3142/7957
f 2177/1015/7955 2186/3142/7957 2196/1318/7958
f 2181/1190/7959 2182/833/7960 2195/2893/7961
f 2181/1190/7959 2195/2893/7961 2192/220/7962
f 2187/2952/7963 2194/2993/7964 2191/1132/7965
f 2187/2952/7963 2191/1132/7965 2188/2091/7966
f 2184/1794/7967 2190/1801/7968 2193/1804/7969
f 2184/1794/7967 2193/1804/7969 2185/3207/7970
f 2202/3690/7971 2201/2074/7972 2220/2371/7973
f 2202/3690/7971 2220/2371/7973 2221/4405/7974
f 2204/1828/7975 2205/2243/7976 2216/1251/7977
f 2204/1828/7975 2216/1251/7977 2213/1383/7978
f 2203/4440/7979 2202/3690/7980 2221/4405/7981
f 2203/4440/7979 2221/4405/7981 2222/1544/7982
usemtl brickwall1
f 2205/530/7983 2202/621/7984 2203/166/7985
f 2205/530/7983 2203/166/7985 2206/2350/7986
f 2206/2995/7987 2203/2577/7988 2200/3870/7989
f 2206/2995/7987 2200/3870/7989 2207/1009/7990
f 2204/662/7991 2201/3731/7992 2202/3898/7993
f 2204/662/7991 2202/3898/7993 2205/1608/7994
f 2207/3273/7995 2200/875/7996 2201/315/7997
f 2207/3273/7995 2201/315/7997 2204/2797/7998
usemtl stonetrims
f 2207/2483/7999 2204/1828/8000 2213/1383/8001
f 2207/2483/7999 2213/1383/8001 2223/2713/8002
f 2200/320/8003 2203/4440/8004 2222/1544/8005
f 2200/320/8003 2222/1544/8005 2210/4478/8006
f 2210/2517/8007 2211/2431/8008 2212/2173/8009
f 2210/2517/8007 2212/2173/8009 2220/2953/8010
f 2220/2953/8011 2212/2173/8012 2215/2689/8013
f 2220/2953/8011 2215/2689/8013 2221/1673/8014
f 2221/1673/8015 2215/2689/8016 2218/3371/8017
f 2221/1673/8015 2218/3371/8017 2222/3368/8018
f 2222/3368/8019 2218/3371/8020 2211/2702/8021
f 2222/3368/8019 2211/2702/8021 2210/4627/8022
f 2209/1805/8023 2223/3489/8024 2213/510/8025
f 2209/1805/8023 2213/510/8025 2208/1236/8026
f 2208/1236/8027 2213/510/8028 2216/2208/8029
f 2208/1236/8027 2216/2208/8029 2214/2314/8030
f 2217/852/8031 2219/2699/8032 2223/4004/8033
f 2217/852/8031 2223/4004/8033 2209/2302/8034
f 2214/2314/8035 2216/2208/8036 2219/2699/8037
f 2214/2314/8035 2219/2699/8037 2217/852/8038
f 2206/1869/8039 2207/2987/8040 2223/4291/8041
f 2206/1869/8039 2223/4291/8041 2219/3948/8042
f 2201/2074/8043 2200/3880/8044 2210/4191/8045
f 2201/2074/8043 2210/4191/8045 2220/2371/8046
f 2205/2243/8047 2206/1869/8048 2219/3948/8049
f 2205/2243/8047 2219/3948/8049 2216/1251/8050
f 2211/2431/8051 2218/4043/8052 2215/611/8053
f 2211/2431/8051 2215/611/8053 2212/3128/8054
f 2208/2861/8055 2214/2863/8056 2217/2865/8057
f 2208/2861/8055 2217/2865/8057 2209/4248/8058
f 2226/20/8059 2225/1535/8060 2244/3402/8061
f 2226/20/8059 2244/3402/8061 2245/726/8062
f 2228/2884/8063 2229/3270/8064 2240/2300/8065
f 2228/2884/8063 2240/2300/8065 2237/2440/8066
f 2227/772/8067 2226/20/8068 2245/726/8069
f 2227/772/8067 2245/726/8069 2246/1053/8070
usemtl brickwall1
f 2229/1556/8071 2226/1655/8072 2227/1200/8073
f 2229/1556/8071 2227/1200/8073 2230/3383/8074
f 2230/4047/8075 2227/3599/8076 2224/191/8077
f 2230/4047/8075 2224/191/8077 2231/2069/8078
f 2228/175/8079 2225/59/8080 2226/216/8081
f 2228/175/8079 2226/216/8081 2229/2672/8082
f 2231/4319/8083 2224/378/8084 2225/1332/8085
f 2231/4319/8083 2225/1332/8085 2228/3859/8086
usemtl stonetrims
f 2231/3512/8087 2228/2884/8088 2237/2440/8089
f 2231/3512/8087 2237/2440/8089 2247/3763/8090
f 2224/1343/8091 2227/772/8092 2246/1053/8093
f 2224/1343/8091 2246/1053/8093 2234/3987/8094
f 2234/3554/8095 2235/3462/8096 2236/1632/8097
f 2234/3554/8095 2236/1632/8097 2244/4002/8098
f 2244/4002/8099 2236/1632/8100 2239/3734/8101
f 2244/4002/8099 2239/3734/8101 2245/2744/8102
f 2245/2744/8103 2239/3734/8104 2242/4418/8105
f 2245/2744/8103 2242/4418/8105 2246/4406/8106
f 2246/4406/8107 2242/4418/8108 2235/2201/8109
f 2246/4406/8107 2235/2201/8109 2234/968/8110
f 2233/2862/8111 2247/4530/8112 2237/1542/8113
f 2233/2862/8111 2237/1542/8113 2232/2279/8114
f 2232/2279/8115 2237/1542/8116 2240/3232/8117
f 2232/2279/8115 2240/3232/8117 2238/3351/8118
f 2241/359/8119 2243/3750/8120 2247/326/8121
f 2241/359/8119 2247/326/8121 2233/3339/8122
f 2238/3351/8123 2240/3232/8124 2243/3750/8125
f 2238/3351/8123 2243/3750/8125 2241/359/8126
f 2230/2920/8127 2231/4034/8128 2247/612/8129
f 2230/2920/8127 2247/612/8129 2243/255/8130
f 2225/1535/8131 2224/198/8132 2234/503/8133
f 2225/1535/8131 2234/503/8133 2244/3402/8134
f 2229/3270/8135 2230/2920/8136 2243/255/8137
f 2229/3270/8135 2243/255/8137 2240/2300/8138
f 2235/3462/8139 2242/371/8140 2239/1638/8141
f 2235/3462/8139 2239/1638/8141 2236/4177/8142
f 2232/2340/8143 2238/3910/8144 2241/3914/8145
f 2232/2340/8143 2241/3914/8145 2233/557/8146
f 2250/1061/8147 2249/2598/8148 2268/4444/8149
f 2250/1061/8147 2268/4444/8149 2269/1761/8150
f 2252/3942/8151 2253/4316/8152 2264/3337/8153
f 2252/3942/8151 2264/3337/8153 2261/1929/8154
f 2251/1809/8155 2250/1061/8156 2269/1761/8157
f 2251/1809/8155 2269/1761/8157 2270/2103/8158
usemtl brickwall1
f 2253/2627/8159 2250/2724/8160 2251/2246/8161
f 2253/2627/8159 2251/2246/8161 2254/4425/8162
f 2254/372/8163 2251/4650/8164 2248/1224/8165
f 2254/372/8163 2248/1224/8165 2255/3105/8166
f 2252/1210/8167 2249/1096/8168 2250/1245/8169
f 2252/1210/8167 2250/1245/8169 2253/1742/8170
f 2255/632/8171 2248/1393/8172 2249/2394/8173
f 2255/632/8171 2249/2394/8173 2252/3325/8174
usemtl stonetrims
f 2255/4561/8175 2252/3942/8176 2261/1929/8177
f 2255/4561/8175 2261/1929/8177 2271/85/8178
f 2248/2398/8179 2251/1809/8180 2270/2103/8181
f 2248/2398/8179 2270/2103/8181 2258/306/8182
f 2258/4602/8183 2259/4509/8184 2260/2706/8185
f 2258/4602/8183 2260/2706/8185 2268/323/8186
f 2268/323/8187 2260/2706/8188 2263/61/8189
f 2268/323/8187 2263/61/8189 2269/3790/8190
f 2269/3790/8191 2263/61/8192 2266/743/8193
f 2269/3790/8191 2266/743/8193 2270/728/8194
f 2270/728/8195 2266/743/8196 2259/3229/8197
f 2270/728/8195 2259/3229/8197 2258/2015/8198
f 2257/3909/8199 2271/864/8200 2261/2612/8201
f 2257/3909/8199 2261/2612/8201 2256/3313/8202
f 2256/3313/8203 2261/2612/8204 2264/4274/8205
f 2256/3313/8203 2264/4274/8205 2262/4392/8206
f 2265/1374/8207 2267/72/8208 2271/4518/8209
f 2265/1374/8207 2271/4518/8209 2257/4377/8210
f 2262/4392/8211 2264/4274/8212 2267/72/8213
f 2262/4392/8211 2267/72/8213 2265/1374/8214
f 2254/3974/8215 2255/360/8216 2271/1639/8217
f 2254/3974/8215 2271/1639/8217 2267/4455/8218
f 2249/2598/8219 2248/1233/8220 2258/1536/8221
f 2249/2598/8219 2258/1536/8221 2268/4444/8222
f 2253/4316/8223 2254/3974/8224 2267/4455/8225
f 2253/4316/8223 2267/4455/8225 2264/3337/8226
f 2259/4509/8227 2266/1385/8228 2263/2717/8229
f 2259/4509/8227 2263/2717/8229 2260/489/8230
f 2256/3373/8231 2262/236/8232 2265/239/8233
f 2256/3373/8231 2265/239/8233 2257/1587/8234
f 2274/2109/8235 2273/3628/8236 2292/777/8237
f 2274/2109/8235 2292/777/8237 2293/2825/8238
f 2276/3405/8239 2277/637/8240 2288/4374/8241
f 2276/3405/8239 2288/4374/8241 2285/2978/8242
f 2275/2867/8243 2274/2109/8244 2293/2825/8245
f 2275/2867/8243 2293/2825/8245 2294/3137/8246
usemtl brickwall1
f 2277/3658/8247 2274/2216/8248 2275/3277/8249
f 2277/3658/8247 2275/3277/8249 2278/758/8250
f 2278/1386/8251 2275/984/8252 2272/2270/8253
f 2278/1386/8251 2272/2270/8253 2279/2591/8254
f 2276/2255/8255 2273/2144/8256 2274/2290/8257
f 2276/2255/8255 2274/2290/8257 2277/3212/8258
f 2279/1666/8259 2272/2455/8260 2273/3426/8261
f 2279/1666/8259 2273/3426/8261 2276/4365/8262
usemtl stonetrims
f 2279/894/8263 2276/3405/8264 2285/2978/8265
f 2279/894/8263 2285/2978/8265 2295/1117/8266
f 2272/3428/8267 2275/2867/8268 2294/3137/8269
f 2272/3428/8267 2294/3137/8269 2282/1328/8270
f 2282/932/8271 2283/837/8272 2284/3756/8273
f 2282/932/8271 2284/3756/8273 2292/1344/8274
f 2292/1344/8275 2284/3756/8276 2287/1097/8277
f 2292/1344/8275 2287/1097/8277 2293/118/8278
f 2293/118/8279 2287/1097/8280 2290/1775/8281
f 2293/118/8279 2290/1775/8281 2294/1762/8282
f 2294/1762/8283 2290/1775/8284 2283/4269/8285
f 2294/1762/8283 2283/4269/8285 2282/3060/8286
f 2281/2536/8287 2295/4346/8288 2285/2102/8289
f 2281/2536/8287 2285/2102/8289 2280/4352/8290
f 2280/4352/8291 2285/2102/8292 2288/597/8293
f 2280/4352/8291 2288/597/8293 2286/715/8294
f 2289/2435/8295 2291/1109/8296 2295/843/8297
f 2289/2435/8295 2295/843/8297 2281/702/8298
f 2286/715/8299 2288/597/8300 2291/1109/8301
f 2286/715/8299 2291/1109/8301 2289/2435/8302
f 2278/284/8303 2279/1375/8304 2295/1154/8305
f 2278/284/8303 2295/1154/8305 2291/788/8306
f 2273/3628/8307 2272/717/8308 2282/2601/8309
f 2273/3628/8307 2282/2601/8309 2292/777/8310
f 2277/637/8311 2278/284/8312 2291/788/8313
f 2277/637/8311 2291/788/8313 2288/4374/8314
f 2283/837/8315 2290/2437/8316 2287/3758/8317
f 2283/837/8315 2287/3758/8317 2284/1519/8318
f 2280/4420/8319 2286/1262/8320 2289/1263/8321
f 2280/4420/8319 2289/1263/8321 2281/2652/8322
f 2298/3155/8323 2297/4677/8324 2316/1813/8325
f 2298/3155/8323 2316/1813/8325 2317/2310/8326
f 2300/4443/8327 2301/1660/8328 2312/697/8329
f 2300/4443/8327 2312/697/8329 2309/4025/8330
f 2299/2352/8331 2298/3155/8332 2317/2310/8333
f 2299/2352/8331 2317/2310/8333 2318/4185/8334
usemtl brickwall1
f 2301/4698/8335 2298/3243/8336 2299/4321/8337
f 2301/4698/8335 2299/4321/8337 2302/1792/8338
f 2302/2441/8339 2299/2033/8340 2296/3295/8341
f 2302/2441/8339 2296/3295/8341 2303/3620/8342
f 2300/3288/8343 2297/1604/8344 2298/3326/8345
f 2300/3288/8343 2298/3326/8345 2301/4250/8346
f 2303/1180/8347 2296/3488/8348 2297/4468/8349
f 2303/1180/8347 2297/4468/8349 2300/689/8350
usemtl stonetrims
f 2303/1941/8351 2300/4443/8352 2309/4025/8353
f 2303/1941/8351 2309/4025/8353 2319/2163/8354
f 2296/4470/8355 2299/2352/8356 2318/4185/8357
f 2296/4470/8355 2318/4185/8357 2306/2392/8358
f 2306/1984/8359 2307/1873/8360 2308/77/8361
f 2306/1984/8359 2308/77/8361 2316/2400/8362
f 2316/2400/8363 2308/77/8364 2311/573/8365
f 2316/2400/8363 2311/573/8365 2317/1145/8366
f 2317/1145/8367 2311/573/8368 2314/2831/8369
f 2317/1145/8367 2314/2831/8369 2318/1265/8370
f 2318/1265/8371 2314/2831/8372 2307/588/8373
f 2318/1265/8371 2307/588/8373 2306/4108/8374
f 2305/2770/8375 2319/2957/8376 2309/3136/8377
f 2305/2770/8375 2309/3136/8377 2304/679/8378
f 2304/679/8379 2309/3136/8380 2312/1617/8381
f 2304/679/8379 2312/1617/8381 2310/1743/8382
f 2313/3464/8383 2315/2152/8384 2319/1883/8385
f 2313/3464/8383 2319/1883/8385 2305/206/8386
f 2310/1743/8387 2312/1617/8388 2315/2152/8389
f 2310/1743/8387 2315/2152/8389 2313/3464/8390
f 2302/4482/8391 2303/877/8392 2319/2210/8393
f 2302/4482/8391 2319/2210/8393 2315/1824/8394
f 2297/4677/8395 2296/1747/8396 2306/2090/8397
f 2297/4677/8395 2306/2090/8397 2316/1813/8398
f 2301/1660/8399 2302/4482/8400 2315/1824/8401
f 2301/1660/8399 2315/1824/8401 2312/697/8402
f 2307/1873/8403 2314/1931/8404 2311/83/8405
f 2307/1873/8403 2311/83/8405 2308/2583/8406
f 2304/746/8407 2310/2305/8408 2313/2307/8409
f 2304/746/8407 2313/2307/8409 2305/3691/8410
f 2322/4199/8411 2321/1003/8412 2340/2870/8413
f 2322/4199/8411 2340/2870/8413 2341/3346/8414
f 2324/776/8415 2325/2741/8416 2336/1733/8417
f 2324/776/8415 2336/1733/8417 2333/346/8418
f 2323/3382/8419 2322/4199/8420 2341/3346/8421
f 2323/3382/8419 2341/3346/8421 2342/501/8422
usemtl brickwall1
f 2325/1030/8423 2322/4288/8424 2323/3827/8425
f 2325/1030/8423 2323/3827/8425 2326/2847/8426
f 2326/3470/8427 2323/3078/8428 2320/4337/8429
f 2326/3470/8427 2320/4337/8429 2327/4667/8430
f 2324/4330/8431 2321/2667/8432 2322/4367/8433
f 2324/4330/8431 2322/4367/8433 2325/562/8434
f 2327/2229/8435 2320/4527/8436 2321/3979/8437
f 2327/2229/8435 2321/3979/8437 2324/1722/8438
usemtl stonetrims
f 2327/2991/8439 2324/776/8440 2333/346/8441
f 2327/2991/8439 2333/346/8441 2343/3200/8442
f 2320/3983/8443 2323/3382/8444 2342/501/8445
f 2320/3983/8443 2342/501/8445 2330/3420/8446
f 2330/1446/8447 2331/2931/8448 2332/1111/8449
f 2330/1446/8447 2332/1111/8449 2340/3429/8450
f 2340/3429/8451 2332/1111/8452 2335/1605/8453
f 2340/3429/8451 2335/1605/8453 2341/2199/8454
f 2341/2199/8455 2335/1605/8456 2338/3882/8457
f 2341/2199/8455 2338/3882/8457 2342/2311/8458
f 2342/2311/8459 2338/3882/8460 2331/1610/8461
f 2342/2311/8459 2331/1610/8461 2330/421/8462
f 2329/2308/8463 2343/2442/8464 2333/4183/8465
f 2329/2308/8463 2333/4183/8465 2328/1712/8466
f 2328/1712/8467 2333/4183/8468 2336/2690/8469
f 2328/1712/8467 2336/2690/8469 2334/2807/8470
f 2337/4511/8471 2339/3196/8472 2343/2935/8473
f 2337/4511/8471 2343/2935/8473 2329/1240/8474
f 2334/2807/8475 2336/2690/8476 2339/3196/8477
f 2334/2807/8475 2339/3196/8477 2337/4511/8478
f 2326/823/8479 2327/1920/8480 2343/3234/8481
f 2326/823/8479 2343/3234/8481 2339/2878/8482
f 2321/1003/8483 2320/2813/8484 2330/3126/8485
f 2321/1003/8483 2330/3126/8485 2340/2870/8486
f 2325/2741/8487 2326/823/8488 2339/2878/8489
f 2325/2741/8487 2339/2878/8489 2336/1733/8490
f 2331/2931/8491 2338/2980/8492 2335/1112/8493
f 2331/2931/8491 2335/1112/8493 2332/3611/8494
f 2328/1778/8495 2334/3340/8496 2337/3342/8497
f 2328/1778/8495 2337/3342/8497 2329/21/8498
f 2346/508/8499 2345/2052/8500 2364/2354/8501
f 2346/508/8499 2364/2354/8501 2365/4390/8502
f 2348/1814/8503 2349/3783/8504 2360/1237/8505
f 2348/1814/8503 2360/1237/8505 2357/1362/8506
f 2347/4424/8507 2346/508/8508 2365/4390/8509
f 2347/4424/8507 2365/4390/8509 2366/1528/8510
usemtl brickwall1
f 2349/2079/8511 2346/605/8512 2347/147/8513
f 2349/2079/8511 2347/147/8513 2350/2335/8514
f 2350/2981/8515 2347/4128/8516 2344/3860/8517
f 2350/2981/8515 2344/3860/8517 2351/998/8518
f 2348/645/8519 2345/3708/8520 2346/690/8521
f 2348/645/8519 2346/690/8521 2349/1591/8522
f 2351/3259/8523 2344/859/8524 2345/293/8525
f 2351/3259/8523 2345/293/8525 2348/2783/8526
usemtl stonetrims
f 2351/4039/8527 2348/1814/8528 2357/1362/8529
f 2351/4039/8527 2357/1362/8529 2367/4244/8530
f 2344/303/8531 2347/4424/8532 2366/1528/8533
f 2344/303/8531 2366/1528/8533 2354/4460/8534
f 2354/2501/8535 2355/3977/8536 2356/2159/8537
f 2354/2501/8535 2356/2159/8537 2364/4471/8538
f 2364/4471/8539 2356/2159/8540 2359/2669/8541
f 2364/4471/8539 2359/2669/8541 2365/3225/8542
f 2365/3225/8543 2359/2669/8544 2362/3359/8545
f 2365/3225/8543 2362/3359/8545 2366/3347/8546
f 2366/3347/8547 2362/3359/8548 2355/2680/8549
f 2366/3347/8547 2355/2680/8549 2354/4616/8550
f 2353/3341/8551 2367/3471/8552 2357/495/8553
f 2353/3341/8551 2357/495/8553 2352/1221/8554
f 2352/1221/8555 2357/495/8556 2360/3732/8557
f 2352/1221/8555 2360/3732/8557 2358/2299/8558
f 2361/841/8559 2363/2677/8560 2367/3986/8561
f 2361/841/8559 2367/3986/8561 2353/2287/8562
f 2358/2299/8563 2360/3732/8564 2363/2677/8565
f 2358/2299/8563 2363/2677/8565 2361/841/8566
f 2350/1853/8567 2351/2973/8568 2367/4276/8569
f 2350/1853/8567 2367/4276/8569 2363/3935/8570
f 2345/2052/8571 2344/3865/8572 2354/4174/8573
f 2345/2052/8571 2354/4174/8573 2364/2354/8574
f 2349/3783/8575 2350/1853/8576 2363/3935/8577
f 2349/3783/8575 2363/3935/8577 2360/1237/8578
f 2355/3977/8579 2362/4024/8580 2359/2160/8581
f 2355/3977/8579 2359/2160/8581 2356/3115/8582
f 2352/2832/8583 2358/4382/8584 2361/2843/8585
f 2352/2832/8583 2361/2843/8585 2353/4235/8586
f 2370/1538/8587 2369/3096/8588 2388/3389/8589
f 2370/1538/8587 2388/3389/8589 2389/711/8590
f 2372/2869/8591 2373/3258/8592 2384/2281/8593
f 2372/2869/8591 2384/2281/8593 2381/2422/8594
f 2371/756/8595 2370/1538/8596 2389/711/8597
f 2371/756/8595 2389/711/8597 2390/2595/8598
usemtl brickwall1
f 2373/1543/8599 2370/1630/8600 2371/1182/8601
f 2373/1543/8599 2371/1182/8601 2374/3370/8602
f 2374/4028/8603 2371/3585/8604 2368/173/8605
f 2374/4028/8603 2368/173/8605 2375/2046/8606
f 2372/1685/8607 2369/38/8608 2370/196/8609
f 2372/1685/8607 2370/196/8609 2373/2659/8610
f 2375/4302/8611 2368/1897/8612 2369/1322/8613
f 2375/4302/8611 2369/1322/8613 2372/3834/8614
usemtl stonetrims
f 2375/3502/8615 2372/2869/8616 2381/2422/8617
f 2375/3502/8615 2381/2422/8617 2391/3742/8618
f 2368/1324/8619 2371/756/8620 2390/2595/8621
f 2368/1324/8619 2390/2595/8621 2378/793/8622
f 2378/3536/8623 2379/292/8624 2380/3198/8625
f 2378/3536/8623 2380/3198/8625 2388/3988/8626
f 2388/3988/8627 2380/3198/8628 2383/3713/8629
f 2388/3988/8627 2383/3713/8629 2389/4265/8630
f 2389/4265/8631 2383/3713/8632 2386/4401/8633
f 2389/4265/8631 2386/4401/8633 2390/4391/8634
f 2390/4391/8635 2386/4401/8636 2379/3727/8637
f 2390/4391/8635 2379/3727/8637 2378/948/8638
f 2377/2842/8639 2391/4522/8640 2381/1526/8641
f 2377/2842/8639 2381/1526/8641 2376/2268/8642
f 2376/2268/8643 2381/1526/8644 2384/3221/8645
f 2376/2268/8643 2384/3221/8645 2382/3335/8646
f 2385/1874/8647 2387/3721/8648 2391/305/8649
f 2385/1874/8647 2391/305/8649 2377/3321/8650
f 2382/3335/8651 2384/3221/8652 2387/3721/8653
f 2382/3335/8651 2387/3721/8653 2385/1874/8654
f 2374/2906/8655 2375/4016/8656 2391/598/8657
f 2374/2906/8655 2391/598/8657 2387/246/8658
f 2369/3096/8659 2368/183/8660 2378/488/8661
f 2369/3096/8659 2378/488/8661 2388/3389/8662
f 2373/3258/8663 2374/2906/8664 2387/246/8665
f 2373/3258/8663 2387/246/8665 2384/2281/8666
f 2379/292/8667 2386/345/8668 2383/3199/8669
f 2379/292/8667 2383/3199/8669 2380/4162/8670
f 2376/3888/8671 2382/3897/8672 2385/3900/8673
f 2376/3888/8671 2385/3900/8673 2377/545/8674
f 2394/1047/8675 2393/4143/8676 2412/4432/8677
f 2394/1047/8675 2412/4432/8677 2413/1737/8678
f 2396/3925/8679 2397/4303/8680 2408/3315/8681
f 2396/3925/8679 2408/3315/8681 2405/3450/8682
f 2395/171/8683 2394/1047/8684 2413/1737/8685
f 2395/171/8683 2413/1737/8685 2414/2087/8686
usemtl brickwall1
f 2397/2613/8687 2394/2704/8688 2395/2231/8689
f 2397/2613/8687 2395/2231/8689 2398/4415/8690
f 2398/347/8691 2395/4635/8692 2392/1208/8693
f 2398/347/8691 2392/1208/8693 2399/3092/8694
f 2396/2754/8695 2393/298/8696 2394/1229/8697
f 2396/2754/8695 2394/1229/8697 2397/3698/8698
f 2399/620/8699 2392/1387/8700 2393/2375/8701
f 2399/620/8699 2393/2375/8701 2396/154/8702
usemtl stonetrims
f 2399/4544/8703 2396/3925/8704 2405/3450/8705
f 2399/4544/8703 2405/3450/8705 2415/64/8706
f 2392/2379/8707 2395/171/8708 2414/2087/8709
f 2392/2379/8707 2414/2087/8709 2402/1827/8710
f 2402/4589/8711 2403/4489/8712 2404/2683/8713
f 2402/4589/8711 2404/2683/8713 2412/304/8714
f 2412/304/8715 2404/2683/8716 2407/40/8717
f 2412/304/8715 2407/40/8717 2413/3776/8718
f 2413/3776/8719 2407/40/8720 2410/718/8721
f 2413/3776/8719 2410/718/8721 2414/712/8722
f 2414/712/8723 2410/718/8724 2403/60/8725
f 2414/712/8723 2403/60/8725 2402/2001/8726
f 2401/3891/8727 2415/844/8728 2405/2593/8729
f 2401/3891/8727 2405/2593/8729 2400/3294/8730
f 2400/3294/8731 2405/2593/8732 2408/4260/8733
f 2400/3294/8731 2408/4260/8733 2406/4373/8734
f 2409/1354/8735 2411/49/8736 2415/1326/8737
f 2409/1354/8735 2415/1326/8737 2401/4360/8738
f 2406/4373/8739 2408/4260/8740 2411/49/8741
f 2406/4373/8739 2411/49/8741 2409/1354/8742
f 2398/3959/8743 2399/340/8744 2415/1619/8745
f 2398/3959/8743 2415/1619/8745 2411/1277/8746
f 2393/4143/8747 2392/1215/8748 2402/1517/8749
f 2393/4143/8747 2402/1517/8749 2412/4432/8750
f 2397/4303/8751 2398/3959/8752 2411/1277/8753
f 2397/4303/8751 2411/1277/8753 2408/3315/8754
f 2403/4489/8755 2410/1363/8756 2407/2695/8757
f 2403/4489/8755 2407/2695/8757 2404/479/8758
f 2400/3361/8759 2406/209/8760 2409/210/8761
f 2400/3361/8759 2409/210/8761 2401/1568/8762
f 2418/2098/8763 2417/3609/8764 2436/762/8765
f 2418/2098/8763 2436/762/8765 2437/2799/8766
f 2420/241/8767 2421/616/8768 2432/4353/8769
f 2420/241/8767 2432/4353/8769 2429/2965/8770
f 2419/2848/8771 2418/2098/8772 2437/2799/8773
f 2419/2848/8771 2437/2799/8773 2438/3123/8774
usemtl brickwall1
f 2421/3641/8775 2418/3753/8776 2419/3262/8777
f 2421/3641/8775 2419/3262/8777 2422/735/8778
f 2422/1365/8779 2419/975/8780 2416/2254/8781
f 2422/1365/8779 2416/2254/8781 2423/4136/8782
f 2420/2244/8783 2417/2127/8784 2418/2276/8785
f 2420/2244/8783 2418/2276/8785 2421/3197/8786
f 2423/1644/8787 2416/2443/8788 2417/3409/8789
f 2423/1644/8787 2417/3409/8789 2420/1189/8790
usemtl stonetrims
f 2423/883/8791 2420/241/8792 2429/2965/8793
f 2423/883/8791 2429/2965/8793 2439/1101/8794
f 2416/3416/8795 2419/2848/8796 2438/3123/8797
f 2416/3416/8795 2438/3123/8797 2426/1314/8798
f 2426/915/8799 2427/826/8800 2428/3729/8801
f 2426/915/8799 2428/3729/8801 2436/1325/8802
f 2436/1325/8803 2428/3729/8804 2431/3087/8805
f 2436/1325/8803 2431/3087/8805 2437/98/8806
f 2437/98/8807 2431/3087/8808 2434/1748/8809
f 2437/98/8807 2434/1748/8809 2438/1738/8810
f 2438/1738/8811 2434/1748/8812 2427/4258/8813
f 2438/1738/8811 2427/4258/8813 2426/3046/8814
f 2425/1128/8815 2439/1884/8816 2429/3621/8817
f 2425/1128/8815 2429/3621/8817 2424/4334/8818
f 2424/4334/8819 2429/3621/8820 2432/567/8821
f 2424/4334/8819 2432/567/8821 2430/696/8822
f 2433/2416/8823 2435/1087/8824 2439/428/8825
f 2433/2416/8823 2439/428/8825 2425/683/8826
f 2430/696/8827 2432/567/8828 2435/1087/8829
f 2430/696/8827 2435/1087/8829 2433/2416/8830
f 2422/266/8831 2423/1357/8832 2439/2696/8833
f 2422/266/8831 2439/2696/8833 2435/2325/8834
f 2417/3609/8835 2416/2264/8836 2426/2582/8837
f 2417/3609/8835 2426/2582/8837 2436/762/8838
f 2421/616/8839 2422/266/8840 2435/2325/8841
f 2421/616/8839 2435/2325/8841 2432/4353/8842
f 2427/826/8843 2434/2423/8844 2431/3735/8845
f 2427/826/8843 2431/3735/8845 2428/1502/8846
f 2424/4403/8847 2430/1242/8848 2433/1244/8849
f 2424/4403/8847 2433/1244/8849 2425/2639/8850
f 2442/3129/8851 2441/4660/8852 2460/1795/8853
f 2442/3129/8851 2460/1795/8853 2461/3862/8854
f 2444/4433/8855 2445/1641/8856 2456/681/8857
f 2444/4433/8855 2456/681/8857 2453/4011/8858
f 2443/3902/8859 2442/3129/8860 2461/3862/8861
f 2443/3902/8859 2461/3862/8861 2462/4168/8862
usemtl brickwall1
f 2445/4682/8863 2442/74/8864 2443/4308/8865
f 2445/4682/8863 2443/4308/8865 2446/1766/8866
f 2446/2424/8867 2443/2020/8868 2440/3285/8869
f 2446/2424/8867 2440/3285/8869 2447/450/8870
f 2444/3271/8871 2441/3165/8872 2442/3306/8873
f 2444/3271/8871 2442/3306/8873 2445/4242/8874
f 2447/2720/8875 2440/3468/8876 2441/4454/8877
f 2447/2720/8875 2441/4454/8877 2444/672/8878
usemtl stonetrims
f 2447/1921/8879 2444/4433/8880 2453/4011/8881
f 2447/1921/8879 2453/4011/8881 2463/2150/8882
f 2440/4456/8883 2443/3902/8884 2462/4168/8885
f 2440/4456/8883 2462/4168/8885 2450/2369/8886
f 2450/1967/8887 2451/1857/8888 2452/62/8889
f 2450/1967/8887 2452/62/8889 2460/2380/8890
f 2460/2380/8891 2452/62/8892 2455/2131/8893
f 2460/2380/8891 2455/2131/8893 2461/1134/8894
f 2461/1134/8895 2455/2131/8896 2458/2816/8897
f 2461/1134/8895 2458/2816/8897 2462/2801/8898
f 2462/2801/8899 2458/2816/8900 2451/566/8901
f 2462/2801/8899 2451/566/8901 2450/4098/8902
f 2449/1243/8903 2463/2936/8904 2453/4670/8905
f 2449/1243/8903 2453/4670/8905 2448/658/8906
f 2448/658/8907 2453/4670/8908 2456/1606/8909
f 2448/658/8907 2456/1606/8909 2454/1731/8910
f 2457/3445/8911 2459/2137/8912 2463/1866/8913
f 2457/3445/8911 2463/1866/8913 2449/1720/8914
f 2454/1731/8915 2456/1606/8916 2459/2137/8917
f 2454/1731/8915 2459/2137/8917 2457/3445/8918
f 2446/1302/8919 2447/2418/8920 2463/2197/8921
f 2446/1302/8919 2463/2197/8921 2459/3036/8922
f 2441/4660/8923 2440/1734/8924 2450/3613/8925
f 2441/4660/8923 2450/3613/8925 2460/1795/8926
f 2445/1641/8927 2446/1302/8928 2459/3036/8929
f 2445/1641/8927 2459/3036/8929 2456/681/8930
f 2451/1857/8931 2458/3451/8932 2455/63/8933
f 2451/1857/8931 2455/63/8933 2452/2570/8934
f 2448/720/8935 2454/2288/8936 2457/2289/8937
f 2448/720/8935 2457/2289/8937 2449/3680/8938
f 2466/4178/8939 2465/993/8940 2484/1895/8941
f 2466/4178/8939 2484/1895/8941 2485/3327/8942
f 2468/761/8943 2469/2719/8944 2480/1715/8945
f 2468/761/8943 2480/1715/8945 2477/331/8946
f 2467/217/8947 2466/4178/8948 2485/3327/8949
f 2467/217/8947 2485/3327/8949 2486/486/8950
usemtl brickwall1
f 2469/1014/8951 2466/4273/8952 2467/622/8953
f 2469/1014/8951 2467/622/8953 2470/2829/8954
f 2470/3457/8955 2467/3066/8956 2464/4329/8957
f 2470/3457/8955 2464/4329/8957 2471/4651/8958
f 2468/4320/8959 2465/2654/8960 2466/4348/8961
f 2468/4320/8959 2466/4348/8961 2469/550/8962
f 2471/3772/8963 2464/4515/8964 2465/782/8965
f 2471/3772/8963 2465/782/8965 2468/1709/8966
usemtl stonetrims
f 2471/2974/8967 2468/761/8968 2477/331/8969
f 2471/2974/8967 2477/331/8969 2487/3182/8970
f 2464/789/8971 2467/217/8972 2486/486/8973
f 2464/789/8971 2486/486/8973 2474/3399/8974
f 2474/3017/8975 2475/2909/8976 2476/1098/8977
f 2474/3017/8975 2476/1098/8977 2484/3417/8978
f 2484/3417/8979 2476/1098/8980 2479/1588/8981
f 2484/3417/8979 2479/1588/8981 2485/3722/8982
f 2485/3722/8983 2479/1588/8984 2482/3866/8985
f 2485/3722/8983 2482/3866/8985 2486/2292/8986
f 2486/2292/8987 2482/3866/8988 2475/1598/8989
f 2486/2292/8987 2475/1598/8989 2474/407/8990
f 2473/1563/8991 2487/3990/8992 2477/4167/8993
f 2473/1563/8991 2477/4167/8993 2472/1699/8994
f 2472/1699/8995 2477/4167/8996 2480/2668/8997
f 2472/1699/8995 2480/2668/8997 2478/2786/8998
f 2481/4494/8999 2483/3171/9000 2487/2915/9001
f 2481/4494/8999 2487/2915/9001 2473/1227/9002
f 2478/2786/9003 2480/2668/9004 2483/3171/9005
f 2478/2786/9003 2483/3171/9005 2481/4494/9006
f 2470/805/9007 2471/3446/9008 2487/3223/9009
f 2470/805/9007 2487/3223/9009 2483/2864/9010
f 2465/993/9011 2464/2793/9012 2474/4663/9013
f 2465/993/9011 2474/4663/9013 2484/1895/9014
f 2469/2719/9015 2470/805/9016 2483/2864/9017
f 2469/2719/9015 2483/2864/9017 2480/1715/9018
f 2475/2909/9019 2482/4497/9020 2479/1102/9021
f 2475/2909/9019 2479/1102/9021 2476/3591/9022
f 2472/1751/9023 2478/3322/9024 2481/3323/9025
f 2472/1751/9023 2481/3323/9025 2473/9/9026
f 2490/492/9027 2489/2039/9028 2508/3904/9029
f 2490/492/9027 2508/3904/9029 2509/4369/9030
f 2492/1796/9031 2493/3773/9032 2504/2776/9033
f 2492/1796/9031 2504/2776/9033 2501/1351/9034
f 2491/4414/9035 2490/492/9036 2509/4369/9037
f 2491/4414/9035 2509/4369/9037 2510/1513/9038
usemtl brickwall1
f 2493/2071/9039 2490/589/9040 2491/1656/9041
f 2493/2071/9039 2491/1656/9041 2494/3883/9042
f 2494/4500/9043 2491/4116/9044 2488/643/9045
f 2494/4500/9043 2488/643/9045 2495/991/9046
f 2492/639/9047 2489/3692/9048 2490/673/9049
f 2492/639/9047 2490/673/9049 2493/1571/9050
f 2495/3245/9051 2488/842/9052 2489/1817/9053
f 2495/3245/9051 2489/1817/9053 2492/2769/9054
usemtl stonetrims
f 2495/4019/9055 2492/1796/9056 2501/1351/9057
f 2495/4019/9055 2501/1351/9057 2511/4233/9058
f 2488/1825/9059 2491/4414/9060 2510/1513/9061
f 2488/1825/9059 2510/1513/9061 2498/4441/9062
f 2498/2492/9063 2499/3966/9064 2500/2147/9065
f 2498/2492/9063 2500/2147/9065 2508/4457/9066
f 2508/4457/9067 2500/2147/9068 2503/2657/9069
f 2508/4457/9067 2503/2657/9069 2509/3215/9070
f 2509/3215/9071 2503/2657/9072 2506/184/9073
f 2509/3215/9071 2506/184/9073 2510/3331/9074
f 2510/3331/9075 2506/184/9076 2499/2662/9077
f 2510/3331/9075 2499/2662/9077 2498/1430/9078
f 2497/3324/9079 2511/3458/9080 2501/485/9081
f 2497/3324/9079 2501/485/9081 2496/2761/9082
f 2496/2761/9083 2501/485/9084 2504/3714/9085
f 2496/2761/9083 2504/3714/9085 2502/3840/9086
f 2505/827/9087 2507/4226/9088 2511/3971/9089
f 2505/827/9087 2511/3971/9089 2497/2275/9090
f 2502/3840/9091 2504/3714/9092 2507/4226/9093
f 2502/3840/9091 2507/4226/9093 2505/827/9094
f 2494/1843/9095 2495/2959/9096 2511/4262/9097
f 2494/1843/9095 2511/4262/9097 2507/3911/9098
f 2489/2039/9099 2488/3846/9100 2498/4161/9101
f 2489/2039/9099 2498/4161/9101 2508/3904/9102
f 2493/3773/9103 2494/1843/9104 2507/3911/9105
f 2493/3773/9103 2507/3911/9105 2504/2776/9106
f 2499/3966/9107 2506/4012/9108 2503/2148/9109
f 2499/3966/9107 2503/2148/9109 2500/4646/9110
f 2496/2817/9111 2502/4361/9112 2505/4363/9113
f 2496/2817/9111 2505/4363/9113 2497/1048/9114
f 2514/1523/9115 2513/3084/9116 2532/3372/9117
f 2514/1523/9115 2532/3372/9117 2533/691/9118
f 2516/2850/9119 2517/86/9120 2528/3828/9121
f 2516/2850/9119 2528/3828/9121 2525/2405/9122
f 2515/736/9123 2514/1523/9124 2533/691/9125
f 2515/736/9123 2533/691/9125 2534/2581/9126
usemtl brickwall1
f 2517/3106/9127 2514/1611/9128 2515/1166/9129
f 2517/3106/9127 2515/1166/9129 2518/3360/9130
f 2518/832/9131 2515/424/9132 2512/155/9133
f 2518/832/9131 2512/155/9133 2519/2035/9134
f 2516/1662/9135 2513/22/9136 2514/1710/9137
f 2516/1662/9135 2514/1710/9137 2517/2643/9138
f 2519/4284/9139 2512/1882/9140 2513/1304/9141
f 2519/4284/9139 2513/1304/9141 2516/3821/9142
usemtl stonetrims
f 2519/344/9143 2516/2850/9144 2525/2405/9145
f 2519/344/9143 2525/2405/9145 2535/539/9146
f 2512/1312/9147 2515/736/9148 2534/2581/9149
f 2512/1312/9147 2534/2581/9149 2522/773/9150
f 2522/3523/9151 2523/270/9152 2524/3177/9153
f 2522/3523/9151 2524/3177/9153 2532/791/9154
f 2532/791/9155 2524/3177/9156 2527/3693/9157
f 2532/791/9155 2527/3693/9157 2533/4255/9158
f 2533/4255/9159 2527/3693/9160 2530/4383/9161
f 2533/4255/9159 2530/4383/9161 2534/4370/9162
f 2534/4370/9163 2530/4383/9164 2523/3704/9165
f 2534/4370/9163 2523/3704/9165 2522/937/9166
f 2521/4362/9167 2535/4501/9168 2525/1516/9169
f 2521/4362/9167 2525/1516/9169 2520/2250/9170
f 2520/2250/9171 2525/1516/9172 2528/41/9173
f 2520/2250/9171 2528/41/9173 2526/3316/9174
f 2529/1858/9175 2531/532/9176 2535/280/9177
f 2529/1858/9175 2535/280/9177 2521/3302/9178
f 2526/3316/9179 2528/41/9180 2531/532/9181
f 2526/3316/9179 2531/532/9181 2529/1858/9182
f 2518/2895/9183 2519/4005/9184 2535/574/9185
f 2518/2895/9183 2535/574/9185 2531/3715/9186
f 2513/3084/9187 2512/167/9188 2522/480/9189
f 2513/3084/9187 2522/480/9189 2532/3372/9190
f 2517/86/9191 2518/2895/9192 2531/3715/9193
f 2517/86/9191 2531/3715/9193 2528/3828/9194
f 2523/270/9195 2530/329/9196 2527/3181/9197
f 2523/270/9195 2527/3181/9197 2524/979/9198
f 2520/3869/9199 2526/685/9200 2529/686/9201
f 2520/3869/9199 2529/686/9201 2521/533/9202
