# Converted from user-supplied modularDungeon.fbx; Y-up, meters, bottom centered
mtllib Gothic.mtl
o RoomCap
v -2 0 2.2999976
v -2 0 -1.7000024
v 2 0 2.2999976
v 2 0 -1.7000024
v -6 0 -1.7000024
v -6 0 2.2999976
v -6 4 2.2999976
v -6 4 -1.7000024
v 6 4 -1.7000024
v 6 0 -1.7000024
v 6 0 2.2999976
v 6 4 2.2999976
v -2 0 6.2999976
v -2 4 6.2999976
v 2 4 6.2999976
v 2 0 6.2999976
v -6 0 6.2999976
v -6 4 6.2999976
v 6 4 6.2999976
v 6 0 6.2999976
v -2 4 -5.7000024
v -2 0 -5.7000024
v 2 0 -5.7000024
v 2 4 -5.7000024
v -6 4 -5.7000024
v -6 0 -5.7000024
v 6 4 -5.7000024
v 6 0 -5.7000024
v -2 4 -6.7000024
v -2 0 -6.7000024
v 2 0 -6.7000024
v 2 4 -6.7000024
v -2.3463126 3.4 -1.35369
v -2.3463126 3.4 -2.0463152
v -1.6536874 3.4 -2.0463152
v -1.6536874 3.4 -1.35369
v -2.3463126 0.6 -2.046315
v -1.6536874 0.6 -2.046315
v -1.6536874 0.6 -1.3536899
v -2.3463126 0.6 -1.3536899
v -2.4 0 -2.1000024
v -2.4 0 -1.3000024
v -2.4 3.5 -1.3000026
v -2.4 4 -1.3000026
v -2.4 4 -2.1000027
v -2.4 0.5 -2.1000024
v -1.6 0 -2.1000024
v -1.6 4 -2.1000027
v -1.6 0.5 -2.1000024
v -1.6 0 -1.3000024
v -1.6 4 -1.3000026
v -1.6 0.5 -1.3000024
v -2.4 3.5 -2.1000026
v -1.6 3.5 -2.1000026
v -1.6 3.5 -1.3000026
v -2.4 0.5 -1.3000024
v 1.6851891 3.4 -2.0751807
v 2.3751785 3.4 -2.0148145
v 2.3148123 3.4 -1.324825
v 1.6248228 3.4 -1.3851912
v 2.3751782 0.6 -2.0148146
v 2.314812 0.6 -1.3248251
v 1.6248225 0.6 -1.3851913
v 1.6851888 0.6 -2.0751808
v 2.4333405 0 -2.0636186
v 1.6363849 0 -2.133343
v 1.6363852 3.5 -2.1333429
v 1.6363852 4 -2.1333429
v 2.4333411 4 -2.0636185
v 2.4333405 0.5 -2.0636186
v 2.363616 0 -1.2666629
v 2.3636165 4 -1.2666626
v 2.363616 0.5 -1.2666629
v 1.5666603 0 -1.3363873
v 1.5666606 4 -1.3363872
v 1.5666603 0.5 -1.3363873
v 2.4333408 3.5 -2.0636185
v 2.3636163 3.5 -1.2666626
v 1.5666606 3.5 -1.3363872
v 1.6363849 0.5 -2.133343
v 1.6536874 3.4 -5.3536902
v 1.6536874 3.4 -6.0463153
v 2.3463126 3.4 -6.0463153
v 2.3463126 3.4 -5.3536902
v 1.6536874 0.6 -6.0463147
v 2.3463126 0.6 -6.0463147
v 2.3463126 0.6 -5.3536902
v 1.6536874 0.6 -5.3536902
v 1.6 0 -6.1000024
v 1.6 0 -5.3000024
v 1.6 3.5 -5.3000024
v 1.6 4 -5.3000024
v 1.6 4 -6.1000024
v 1.6 0.5 -6.1000024
v 2.4 0 -6.1000024
v 2.4 4 -6.1000024
v 2.4 0.5 -6.1000024
v 2.4 0 -5.3000024
v 2.4 4 -5.3000024
v 2.4 0.5 -5.3000024
v 1.6 3.5 -6.1000024
v 2.4 3.5 -6.1000024
v 2.4 3.5 -5.3000024
v 1.6 0.5 -5.3000024
v -2.3463121 3.4 -6.0463153
v -1.653687 3.4 -6.0463153
v -1.6536868 3.4 -5.3536902
v -2.346312 3.4 -5.3536902
v -1.6536873 0.6 -6.0463153
v -1.6536871 0.6 -5.3536902
v -2.3463123 0.6 -5.3536902
v -2.3463124 0.6 -6.0463153
v -1.5999998 0 -6.1000031
v -2.3999998 0 -6.1000024
v -2.3999995 3.5 -6.1000024
v -2.3999995 4 -6.1000024
v -1.5999994 4 -6.1000024
v -1.5999998 0.5 -6.1000031
v -1.5999997 0 -5.3000031
v -1.5999992 4 -5.3000024
v -1.5999997 0.5 -5.3000031
v -2.3999997 0 -5.3000024
v -2.3999994 4 -5.3000024
v -2.3999997 0.5 -5.3000024
v -1.5999995 3.5 -6.1000024
v -1.5999994 3.5 -5.3000024
v -2.3999994 3.5 -5.3000024
v -2.3999998 0.5 -6.1000024
v -6.3463129 3.4 -5.3536902
v -6.3463129 3.4 -6.0463153
v -5.6536871 3.4 -6.0463153
v -5.6536871 3.4 -5.3536902
v -6.3463129 0.6 -6.0463147
v -5.6536871 0.6 -6.0463147
v -5.6536871 0.6 -5.3536902
v -6.3463129 0.6 -5.3536902
v -6.4 0 -6.1000024
v -6.4 0 -5.3000024
v -6.4 3.5 -5.3000024
v -6.4 4 -5.3000024
v -6.4 4 -6.1000024
v -6.4 0.5 -6.1000024
v -5.6 0 -6.1000024
v -5.6 4 -6.1000024
v -5.6 0.5 -6.1000024
v -5.6 0 -5.3000024
v -5.6 4 -5.3000024
v -5.6 0.5 -5.3000024
v -6.4 3.5 -6.1000024
v -5.6 3.5 -6.1000024
v -5.6 3.5 -5.3000024
v -6.4 0.5 -5.3000024
v -6.3463129 3.4 -1.35369
v -6.3463129 3.4 -2.0463152
v -5.6536871 3.4 -2.0463152
v -5.6536871 3.4 -1.35369
v -6.3463129 0.6 -2.046315
v -5.6536871 0.6 -2.046315
v -5.6536871 0.6 -1.3536899
v -6.3463129 0.6 -1.3536899
v -6.4 0 -2.1000024
v -6.4 0 -1.3000024
v -6.4 3.5 -1.3000026
v -6.4 4 -1.3000026
v -6.4 4 -2.1000027
v -6.4 0.5 -2.1000024
v -5.6 0 -2.1000024
v -5.6 4 -2.1000027
v -5.6 0.5 -2.1000024
v -5.6 0 -1.3000024
v -5.6 4 -1.3000026
v -5.6 0.5 -1.3000024
v -6.4 3.5 -2.1000026
v -5.6 3.5 -2.1000026
v -5.6 3.5 -1.3000026
v -6.4 0.5 -1.3000024
v -6.3463129 3.4 2.6463098
v -6.3463129 3.4 1.9536847
v -5.6536871 3.4 1.9536847
v -5.6536871 3.4 2.6463098
v -6.3463129 0.6 1.9536847
v -5.6536871 0.6 1.9536847
v -5.6536871 0.6 2.6463098
v -6.3463129 0.6 2.6463098
v -6.4 0 1.8999976
v -6.4 0 2.6999976
v -6.4 3.5 2.6999976
v -6.4 4 2.6999976
v -6.4 4 1.8999976
v -6.4 0.5 1.8999976
v -5.6 0 1.8999976
v -5.6 4 1.8999976
v -5.6 0.5 1.8999976
v -5.6 0 2.6999976
v -5.6 4 2.6999976
v -5.6 0.5 2.6999976
v -6.4 3.5 1.8999976
v -5.6 3.5 1.8999976
v -5.6 3.5 2.6999976
v -6.4 0.5 2.6999976
v -6.3463129 3.4 6.6463098
v -6.3463129 3.4 5.9536847
v -5.6536871 3.4 5.9536847
v -5.6536871 3.4 6.6463098
v -6.3463129 0.6 5.9536847
v -5.6536871 0.6 5.9536847
v -5.6536871 0.6 6.6463098
v -6.3463129 0.6 6.6463098
v -6.4 0 5.8999976
v -6.4 0 6.6999976
v -6.4 3.5 6.6999976
v -6.4 4 6.6999976
v -6.4 4 5.8999976
v -6.4 0.5 5.8999976
v -5.6 0 5.8999976
v -5.6 4 5.8999976
v -5.6 0.5 5.8999976
v -5.6 0 6.6999976
v -5.6 4 6.6999976
v -5.6 0.5 6.6999976
v -6.4 3.5 5.8999976
v -5.6 3.5 5.8999976
v -5.6 3.5 6.6999976
v -6.4 0.5 6.6999976
v -2.3463126 3.4 6.6463098
v -2.3463126 3.4 5.9536847
v -1.6536874 3.4 5.9536847
v -1.6536874 3.4 6.6463098
v -2.3463126 0.6 5.9536847
v -1.6536874 0.6 5.9536847
v -1.6536874 0.6 6.6463098
v -2.3463126 0.6 6.6463098
v -2.4 0 5.8999976
v -2.4 0 6.6999976
v -2.4 3.5 6.6999976
v -2.4 4 6.6999976
v -2.4 4 5.8999976
v -2.4 0.5 5.8999976
v -1.6 0 5.8999976
v -1.6 4 5.8999976
v -1.6 0.5 5.8999976
v -1.6 0 6.6999976
v -1.6 4 6.6999976
v -1.6 0.5 6.6999976
v -2.4 3.5 5.8999976
v -1.6 3.5 5.8999976
v -1.6 3.5 6.6999976
v -2.4 0.5 6.6999976
v 2.3463077 3.4 6.6463159
v 1.6536826 3.4 6.6463159
v 1.6536827 3.4 5.9536902
v 2.3463078 3.4 5.9536902
v 1.6536827 0.6 6.6463159
v 1.6536829 0.6 5.9536902
v 2.346308 0.6 5.9536902
v 2.3463078 0.6 6.6463159
v 1.5999956 0 6.7000024
v 2.3999956 0 6.7000024
v 2.3999954 3.5 6.7000024
v 2.3999954 4 6.7000024
v 1.5999954 4 6.7000024
v 1.5999956 0.5 6.7000024
v 1.5999957 0 5.9000031
v 1.5999956 4 5.9000031
v 1.5999957 0.5 5.9000031
v 2.3999957 0 5.9000031
v 2.3999956 4 5.9000031
v 2.3999957 0.5 5.9000031
v 1.5999954 3.5 6.7000024
v 1.5999956 3.5 5.9000031
v 2.3999956 3.5 5.9000031
v 2.3999956 0.5 6.7000024
v 5.6536871 3.4 6.6463098
v 5.6536871 3.4 5.9536847
v 6.3463129 3.4 5.9536847
v 6.3463129 3.4 6.6463098
v 5.6536871 0.6 5.9536847
v 6.3463129 0.6 5.9536847
v 6.3463129 0.6 6.6463098
v 5.6536871 0.6 6.6463098
v 5.6 0 5.8999976
v 5.6 0 6.6999976
v 5.6 3.5 6.6999976
v 5.6 4 6.6999976
v 5.6 4 5.8999976
v 5.6 0.5 5.8999976
v 6.4 0 5.8999976
v 6.4 4 5.8999976
v 6.4 0.5 5.8999976
v 6.4 0 6.6999976
v 6.4 4 6.6999976
v 6.4 0.5 6.6999976
v 5.6 3.5 5.8999976
v 6.4 3.5 5.8999976
v 6.4 3.5 6.6999976
v 5.6 0.5 6.6999976
v 5.6536871 3.4 2.6463098
v 5.6536871 3.4 1.9536847
v 6.3463129 3.4 1.9536847
v 6.3463129 3.4 2.6463098
v 5.6536871 0.6 1.9536847
v 6.3463129 0.6 1.9536847
v 6.3463129 0.6 2.6463098
v 5.6536871 0.6 2.6463098
v 5.6 0 1.8999976
v 5.6 0 2.6999976
v 5.6 3.5 2.6999976
v 5.6 4 2.6999976
v 5.6 4 1.8999976
v 5.6 0.5 1.8999976
v 6.4 0 1.8999976
v 6.4 4 1.8999976
v 6.4 0.5 1.8999976
v 6.4 0 2.6999976
v 6.4 4 2.6999976
v 6.4 0.5 2.6999976
v 5.6 3.5 1.8999976
v 6.4 3.5 1.8999976
v 6.4 3.5 2.6999976
v 5.6 0.5 2.6999976
v 5.6536871 3.4 -1.35369
v 5.6536871 3.4 -2.0463152
v 6.3463129 3.4 -2.0463152
v 6.3463129 3.4 -1.35369
v 5.6536871 0.6 -2.046315
v 6.3463129 0.6 -2.046315
v 6.3463129 0.6 -1.3536899
v 5.6536871 0.6 -1.3536899
v 5.6 0 -2.1000024
v 5.6 0 -1.3000024
v 5.6 3.5 -1.3000026
v 5.6 4 -1.3000026
v 5.6 4 -2.1000027
v 5.6 0.5 -2.1000024
v 6.4 0 -2.1000024
v 6.4 4 -2.1000027
v 6.4 0.5 -2.1000024
v 6.4 0 -1.3000024
v 6.4 4 -1.3000026
v 6.4 0.5 -1.3000024
v 5.6 3.5 -2.1000026
v 6.4 3.5 -2.1000026
v 6.4 3.5 -1.3000026
v 5.6 0.5 -1.3000024
v 5.6536871 3.4 -5.3536902
v 5.6536871 3.4 -6.0463153
v 6.3463129 3.4 -6.0463153
v 6.3463129 3.4 -5.3536902
v 5.6536871 0.6 -6.0463147
v 6.3463129 0.6 -6.0463147
v 6.3463129 0.6 -5.3536902
v 5.6536871 0.6 -5.3536902
v 5.6 0 -6.1000024
v 5.6 0 -5.3000024
v 5.6 3.5 -5.3000024
v 5.6 4 -5.3000024
v 5.6 4 -6.1000024
v 5.6 0.5 -6.1000024
v 6.4 0 -6.1000024
v 6.4 4 -6.1000024
v 6.4 0.5 -6.1000024
v 6.4 0 -5.3000024
v 6.4 4 -5.3000024
v 6.4 0.5 -5.3000024
v 5.6 3.5 -6.1000024
v 6.4 3.5 -6.1000024
v 6.4 3.5 -5.3000024
v 5.6 0.5 -5.3000024
v 2.3463077 3.4 2.6463153
v 1.6536826 3.4 2.6463153
v 1.6536827 3.4 1.9536902
v 2.3463078 3.4 1.9536902
v 1.6536827 0.6 2.6463153
v 1.6536829 0.6 1.9536902
v 2.346308 0.6 1.9536902
v 2.3463078 0.6 2.6463153
v 1.5999956 0 2.7000031
v 2.3999956 0 2.7000031
v 2.3999954 3.5 2.7000031
v 2.3999954 4 2.7000031
v 1.5999954 4 2.7000031
v 1.5999956 0.5 2.7000031
v 1.5999957 0 1.9000031
v 1.5999956 4 1.9000031
v 1.5999957 0.5 1.9000031
v 2.3999957 0 1.9000031
v 2.3999956 4 1.9000031
v 2.3999957 0.5 1.9000031
v 1.5999954 3.5 2.7000031
v 1.5999956 3.5 1.9000031
v 2.3999956 3.5 1.9000031
v 2.3999956 0.5 2.7000031
v -2.3463126 3.4 2.6463098
v -2.3463126 3.4 1.9536847
v -1.6536874 3.4 1.9536847
v -1.6536874 3.4 2.6463098
v -2.3463126 0.6 1.9536847
v -1.6536874 0.6 1.9536847
v -1.6536874 0.6 2.6463098
v -2.3463126 0.6 2.6463098
v -2.4 0 1.8999976
v -2.4 0 2.6999976
v -2.4 3.5 2.6999976
v -2.4 4 2.6999976
v -2.4 4 1.8999976
v -2.4 0.5 1.8999976
v -1.6 0 1.8999976
v -1.6 4 1.8999976
v -1.6 0.5 1.8999976
v -1.6 0 2.6999976
v -1.6 4 2.6999976
v -1.6 0.5 2.6999976
v -2.4 3.5 1.8999976
v -1.6 3.5 1.8999976
v -1.6 3.5 2.6999976
v -2.4 0.5 2.6999976
v 1.9999606 4.5988828 5.9002118
v 1.9999606 5.8988824 3.8985181
v 1.9999606 5.8988831 4.7002118
v 1.9999606 4.5988828 2.7002118
v 1.9999606 5.9988824 4.3002118
v -1.7000392 4.1988806 2.3002118
v -0.40003937 5.8988831 2.3002118
v -1.2000395 5.3988812 2.3002118
v -2.0000394 5.3988812 3.1002118
v -2.0000394 5.9988824 4.3002118
v -2.0000394 4.6022159 2.7002118
v -2.0000394 5.8988831 3.9002118
v -2.0000394 4.6022159 5.9002112
v 0.7999604 5.6988824 6.3002118
v 1.1999605 5.3988812 6.3002118
v -1.7000394 4.1988812 6.3002118
v -1.2021213 5.3988812 6.3002118
v 1.3999606 5.0988828 6.3002118
v 1.5999606 4.5988828 6.3002118
v -1.4000394 5.0988828 6.3002118
v -0.4000396 5.8988824 6.3002118
v 1.6999605 4.1988812 6.3002118
v 0.39996048 5.8988831 6.3002118
v -1.6000394 4.5988828 6.3002118
v -0.80003983 5.6988824 6.3002118
v -3.9517861e-05 5.9988824 6.3002118
v 0.09996047 5.9988824 4.3002118
v -3.9517861e-05 5.9988824 4.4002118
v -0.10003951 5.9988824 4.3002118
v -3.9517861e-05 5.9988824 4.2002118
v -0.40003956 5.8988824 3.8002118
v -0.50003948 5.8988824 3.9002118
v -0.8000396 5.6988824 3.4002118
v -0.9000396 5.6988824 3.5002118
v -1.2000397 5.3988812 3.0002118
v -1.3000394 5.3988812 3.1002118
v -1.4000395 5.0988828 2.8002118
v -1.5000394 5.0988828 2.9002118
v -1.6000392 4.6022165 2.6002118
v -1.7000394 4.6022165 2.7002118
v -1.8000394 4.1988806 2.6002118
v -0.51983765 5.8988831 4.7002118
v -0.40003941 5.8988831 4.8002118
v -0.9000396 5.6988824 5.1002118
v -0.80003944 5.6988824 5.2002118
v -1.3000394 5.3988812 5.5002118
v -1.2021213 5.3988812 5.6002118
v -1.5000394 5.0988828 5.7002118
v -1.4000394 5.0988828 5.8002118
v -1.7000394 4.6022165 5.9002112
v -1.6000392 4.6022165 6.0002118
v -1.7000394 4.1988812 6.1002118
v -1.8000394 4.1988806 6.0002118
v 0.49996052 5.8988831 3.8985181
v 0.39996044 5.8988831 3.8002118
v 0.8999604 5.6988824 3.5002118
v 0.79996033 5.6988824 3.4002118
v 1.2999606 5.3988812 3.1002118
v 1.1999603 5.3988812 3.0002118
v 1.4999606 5.0988828 2.9002118
v 1.3999606 5.0988828 2.8002118
v 1.6999605 4.6022165 2.7002118
v 1.5999605 4.6022159 2.6002118
v 0.39996059 5.8988824 4.8002118
v 0.49996052 5.8988824 4.7002118
v 0.7999604 5.6988824 5.2002118
v 0.8999604 5.6988824 5.1002118
v 1.1999605 5.3988824 5.6002118
v 1.3149397 5.3988812 5.5002118
v 1.3999608 5.0988828 5.8002118
v 1.4999606 5.0988828 5.7002118
v 1.5999605 4.6022159 6.0002112
v 1.6999606 4.6022159 5.9002112
v 1.6999605 4.1988812 6.1002118
v -1.7248474 4.1988806 2.6768628
v -1.6233881 4.1988806 2.5754034
v 1.7247687 4.1988806 2.6768628
v -1.7248474 4.1988806 5.9235602
v 1.6233093 4.1988806 6.0250195
v -0.00027892901 5.8992365 4.3918054
v -1.7706994e-05 5.8992255 4.2084869
v 0.091721897 5.8992224 4.3002197
v -0.091997719 5.8992072 4.3000024
v -1.5356909 4.5607608 2.6645599
v -1.6356909 4.5607608 2.7645599
v -1.3431889 5.0394183 2.8570624
v -1.4431888 5.0394183 2.9570624
v -1.1571778 5.3193469 3.0430737
v -1.2571776 5.3193469 3.1430737
v -0.77161209 5.6073199 3.4286389
v -0.87161209 5.6073199 3.5286389
v -0.38203876 5.8021771 3.8182123
v -0.48203869 5.8021771 3.9182123
v 1.6233093 4.1988806 2.5754034
v 1.635612 4.5607608 2.7645599
v 1.5356122 4.5607602 2.6645599
v 1.44311 5.0394183 2.9570624
v 1.34311 5.0394183 2.8570624
v 1.2570985 5.3193469 3.1430737
v 1.1570985 5.3193469 3.0430737
v 0.87156929 5.6073285 3.5287036
v 0.77157234 5.6073267 3.4287
v 0.48200169 5.8021906 3.9166302
v 0.38206055 5.8021686 3.8182642
v -1.6356909 4.5607608 5.835863
v -1.5356909 4.5607608 5.935863
v -1.6233881 4.1988806 6.0250195
v -1.4430257 5.0394711 5.6434692
v -1.3430202 5.0394821 5.7434631
v -1.2569813 5.3193182 5.4576013
v -1.1589607 5.3194275 5.5575
v -0.87202507 5.6073651 5.0712347
v -0.77198883 5.6073846 5.1712073
v -0.50231895 5.8023303 4.6809589
v -0.38313889 5.8020874 4.7816382
v 1.5356122 4.5607602 5.935863
v 1.6356122 4.5607602 5.835863
v 1.7247687 4.1988806 5.9235602
v 1.3438663 5.039791 5.7422327
v 1.4439137 5.0397147 5.6422644
v 1.1588326 5.3191693 5.556004
v 1.2731938 5.3198639 5.45534
v 0.77224953 5.6072485 5.1713104
v 0.87222847 5.6072638 5.0712836
v 0.38195976 5.8021771 4.7822107
v 0.48195972 5.8021771 4.6822107
v 0.0011038883 5.8018109 4.2096063
v 0.091730251 5.8018109 4.3002252
v 0.045866046 5.7374695 4.2543634
v -0.00027057527 5.8018109 4.3918115
v 0.04570653 5.737475 4.3460516
v -0.091989365 5.8018109 4.3000079
v -0.045999694 5.7374615 4.2542603
v -0.046136904 5.737467 4.3459015
v 0.045707588 5.737475 4.3454443
v -3.7066638e-09 5.7 4.2999976
v 0.046033721 5.7379364 4.3457257
v 1.9999606 3.9988831 6.0002118
v -2.0000394 3.9988831 6.0002118
v -1.7000394 3.9988831 6.3002118
v 1.6999605 3.9988831 6.3002118
v -1.8000394 3.9988831 2.6002118
v -1.7000392 3.9988831 2.5002118
v -1.7000394 3.9988831 6.1002118
v -1.8000394 3.9988831 6.0002118
v 1.6999605 3.9988831 6.1002118
v -1.7248474 3.9988831 2.6768628
v -1.6233881 3.9988831 2.5754034
v 1.7247687 3.9988831 2.6768628
v -1.7248474 3.9988831 5.9235602
v 1.6233093 3.9988831 6.0250195
v 1.6233093 3.9988831 2.5754034
v -1.6233881 3.9988831 6.0250195
v 1.7247687 3.9988831 5.9235602
v -3.9411392e-05 5.9988824 2.5031036
v 1.6999609 4.1988806 2.5002118
v 1.3999608 5.0988828 2.5031036
v -1.6000392 4.6011374 2.5031036
v -1.2000396 5.3988812 2.5031036
v 1.1999605 5.3988812 2.5031036
v 1.6999609 3.9988831 2.5002118
v -1.6970914 4.1988806 2.5031036
v 0.79996048 5.6988824 2.5031036
v -0.8000396 5.6988824 2.5031036
v 0.39996059 5.8988824 2.5031036
v -1.4000394 5.0988828 2.5031036
v 1.5999605 4.6011371 2.5031036
v -0.40003941 5.8988831 2.5031036
v 1.7999606 4.1988806 2.6002118
v 1.7843311 5.0988828 2.9002118
v 1.7843311 5.3988812 3.1002118
v 1.7843311 5.8988824 3.8985181
v 1.7843311 5.8988831 4.7002118
v 1.7843311 5.0988828 5.7002118
v 1.7843311 5.6988824 5.1002118
v 1.7999606 3.9988831 6.0002118
v 1.7843311 4.601279 2.7002118
v 1.7999606 3.9988831 2.6002118
v 1.7999606 4.19888 6.0002118
v 1.7843311 5.6988824 3.5002118
v 1.7843311 4.6012784 5.9002112
v 1.7843311 5.3988812 5.5002118
v 1.7843309 5.9988824 4.3002118
v 1.3999606 5.0988828 6.1002118
v 1.5999605 4.6011047 6.1002118
v 1.1999605 5.3988818 6.1002118
v -0.40003956 5.8988824 6.1002112
v -1.2021213 5.3988812 6.1002112
v 0.39996048 5.8988831 6.1002118
v -1.6000392 4.6011053 6.1002112
v 0.7999604 5.6988824 6.1002118
v -3.9517861e-05 5.9988824 6.1002112
v -0.80003975 5.6988824 6.1002112
v -1.4000394 5.0988828 6.1002112
v -1.8026111 5.6988824 3.5002118
v -1.8026114 5.8988824 4.7002118
v -1.8026114 5.9988824 4.3002118
v -1.8026114 5.3988812 5.5002118
v -1.8026111 5.8988831 3.9002118
v -1.8026114 4.6022162 5.9002112
v -1.8026111 5.6988824 5.1002118
v -1.8026112 5.0988828 2.9002118
v -1.8026114 5.3988812 3.1002118
v -1.8026114 4.6022162 2.7002118
v -1.8026112 5.0988828 5.7002118
v -2.0000394 4.5988821 -2.0997882
v -2.0000394 5.8988824 -4.1014819
v -2.0000394 4.5988821 -5.2997882
v -2.0000394 5.6988824 -4.4997882
v -2.0000394 5.6988824 -2.8997882
v -2.0000394 5.0988821 -2.2997882
v -2.0000394 5.9988824 -3.6997882
v -5.7000391 4.1988803 -5.6997882
v -4.4000394 5.8988831 -5.6997882
v -2.4000395 4.5988821 -5.6997882
v -3.2000394 5.6988824 -5.6997882
v -4.8000397 5.6988824 -5.6997882
v -5.2000397 5.3988812 -5.6997882
v -2.3000391 4.1988803 -5.6997882
v -2.8000394 5.3988812 -5.6997882
v -4.0000394 5.9988824 -5.6997882
v -5.4000391 5.0988821 -5.6997882
v -5.6000391 4.5988821 -5.6997882
v -2.6000391 5.0988821 -5.6997882
v -3.6000394 5.8988824 -5.6997882
v -6.0000391 5.6988824 -4.4997882
v -6.0000391 5.3988812 -4.8997882
v -6.0000391 4.1988803 -1.9997882
v -6.0000391 5.3988812 -2.4997882
v -6.0000391 5.0988821 -5.0997882
v -6.0000391 5.9988824 -3.6997882
v -6.0000391 4.6022153 -5.2997882
v -6.0000391 5.0988821 -2.2997882
v -6.0000391 5.8988824 -3.2997882
v -6.0000391 4.1988803 -5.3997882
v -6.0000391 5.8988831 -4.0997882
v -6.0000391 4.6022153 -2.0997888
v -6.0000391 5.6988824 -2.8997882
v -5.2021216 5.3988812 -1.6997882
v -2.6000394 5.0988821 -1.6997882
v -5.4000391 5.0988821 -1.6997882
v -4.4000397 5.8988824 -1.6997882
v -4.8000397 5.6988824 -1.6997882
v -4.0000394 5.9988824 -1.6997882
v -3.9000397 5.9988824 -3.6997882
v -4.0000394 5.9988824 -3.5997882
v -4.1000394 5.9988824 -3.6997882
v -4.0000394 5.9988824 -3.7997882
v -4.4000397 5.8988824 -4.1997882
v -4.5000394 5.8988824 -4.0997882
v -4.8000397 5.6988824 -4.5997882
v -4.9000397 5.6988824 -4.4997882
v -5.2000397 5.3988812 -4.9997882
v -5.3000391 5.3988812 -4.8997882
v -5.4000397 5.0988821 -5.1997882
v -5.5000391 5.0988821 -5.0997882
v -5.6000391 4.6022159 -5.3997882
v -5.7000391 4.6022159 -5.2997882
v -5.8000391 4.1988803 -5.3997882
v -4.5198376 5.8988831 -3.2997882
v -4.4000394 5.8988831 -3.1997882
v -4.9000397 5.6988824 -2.8997882
v -4.8000394 5.6988824 -2.7997882
v -5.3000391 5.3988812 -2.4997882
v -5.2021216 5.3988812 -2.3997882
v -5.5000391 5.0988821 -2.2997882
v -5.4000391 5.0988821 -2.1997882
v -5.7000391 4.6022159 -2.0997888
v -5.6000391 4.6022159 -1.9997882
v -5.7000391 4.1988806 -1.8997882
v -5.8000391 4.1988803 -1.9997882
v -3.5000394 5.8988831 -4.1014819
v -3.6000397 5.8988831 -4.1997882
v -3.1000397 5.6988824 -4.4997882
v -3.2000397 5.6988824 -4.5997882
v -2.7000394 5.3988812 -4.8997882
v -2.8000397 5.3988812 -4.9997882
v -2.5000394 5.0988821 -5.0997882
v -2.6000394 5.0988821 -5.1997882
v -2.3000395 4.6022159 -5.2997882
v -2.4000395 4.6022153 -5.3997882
v -3.6000394 5.8988824 -3.1997882
v -3.5000394 5.8988824 -3.2997882
v -3.2000397 5.6988824 -2.7997882
v -3.1000397 5.6988824 -2.8997882
v -2.8000397 5.3988824 -2.3997882
v -2.6850604 5.3988812 -2.4997882
v -2.6000391 5.0988821 -2.1997882
v -2.5000394 5.0988821 -2.2997882
v -2.4000395 4.6022153 -1.9997888
v -2.3000394 4.6022153 -2.0997888
v -2.3000395 4.1988806 -1.8997882
v -5.7248474 4.1988803 -5.3231372
v -5.6233881 4.1988803 -5.4245966
v -2.2752313 4.1988803 -5.3231372
v -5.7248474 4.1988803 -2.0764398
v -2.3766907 4.1988803 -1.9749805
v -4.0002789 5.8992365 -3.6081946
v -4.0000177 5.8992255 -3.7915131
v -3.9082782 5.8992224 -3.6997803
v -4.0919977 5.8992072 -3.6999976
v -5.5356909 4.5607602 -5.3354401
v -5.6356909 4.5607602 -5.2354401
v -5.3431891 5.0394177 -5.1429376
v -5.4431885 5.0394177 -5.0429376
v -5.1571777 5.3193469 -4.9569263
v -5.2571777 5.3193469 -4.8569263
v -4.7716119 5.6073199 -4.5713611
v -4.8716119 5.6073199 -4.4713611
v -4.3820389 5.8021771 -4.1817877
v -4.4820386 5.8021771 -4.0817877
v -2.3766907 4.1988803 -5.4245966
v -2.364388 4.5607602 -5.2354401
v -2.4643878 4.5607596 -5.3354401
v -2.55689 5.0394177 -5.0429376
v -2.65689 5.0394177 -5.1429376
v -2.7429016 5.3193469 -4.8569263
v -2.8429016 5.3193469 -4.9569263
v -3.1284308 5.6073285 -4.4712964
v -3.2284277 5.6073267 -4.5713
v -3.5179984 5.8021906 -4.0833698
v -3.6179395 5.8021686 -4.1817358
v -5.6356909 4.5607602 -2.164137
v -5.5356909 4.5607602 -2.064137
v -5.6233881 4.1988803 -1.9749805
v -5.4430255 5.0394705 -2.3565308
v -5.34302 5.0394815 -2.2565369
v -5.2569812 5.3193182 -2.5423987
v -5.1589606 5.3194275 -2.4425
v -4.8720251 5.6073651 -2.9287653
v -4.7719888 5.6073846 -2.8287927
v -4.502319 5.8023303 -3.3190411
v -4.383139 5.8020874 -3.2183618
v -2.4643878 4.5607596 -2.064137
v -2.3643878 4.5607596 -2.164137
v -2.2752313 4.1988803 -2.0764398
v -2.6561337 5.0397903 -2.2577673
v -2.5560863 5.0397141 -2.3577356
v -2.8411673 5.3191693 -2.443996
v -2.726806 5.3198639 -2.54466
v -3.2277505 5.6072485 -2.8286896
v -3.1277716 5.6072638 -2.9287164
v -3.6180402 5.8021771 -3.2177893
v -3.5180402 5.8021771 -3.3177893
v -3.9988962 5.8018109 -3.7903937
v -3.9082697 5.8018109 -3.6997748
v -3.9541339 5.7374695 -3.7456366
v -4.0002707 5.8018109 -3.6081885
v -3.9542935 5.737475 -3.6539484
v -4.0919894 5.8018109 -3.6999921
v -4.0459998 5.7374615 -3.7457397
v -4.0461368 5.737467 -3.6540985
v -3.9542923 5.737475 -3.6545557
v -4 5.7 -3.7000024
v -3.9539664 5.7379364 -3.6542743
v -5.7000391 3.9988824 -5.6997882
v -2.3000391 3.9988824 -5.6997882
v -6.0000391 3.9988828 -1.9997882
v -6.0000391 3.9988828 -5.3997882
v -5.8000391 3.9988828 -5.3997882
v -5.7000391 3.9988824 -5.4997882
v -5.7000391 3.9988828 -1.8997882
v -5.8000391 3.9988828 -1.9997882
v -2.3000395 3.9988828 -1.8997882
v -5.7248474 3.9988828 -5.3231372
v -5.6233881 3.9988828 -5.4245966
v -2.2752313 3.9988828 -5.3231372
v -5.7248474 3.9988828 -2.0764398
v -2.3766907 3.9988828 -1.9749805
v -2.3766907 3.9988828 -5.4245966
v -5.6233881 3.9988828 -1.9749805
v -2.2752313 3.9988828 -2.0764398
v -4.0000394 5.9988824 -5.4968964
v -2.3000391 4.1988803 -5.4997882
v -2.6000391 5.0988821 -5.4968964
v -5.6000391 4.6011368 -5.4968964
v -5.2000397 5.3988812 -5.4968964
v -2.8000397 5.3988812 -5.4968964
v -2.3000391 3.9988824 -5.4997882
v -5.6970911 4.1988803 -5.4968964
v -3.2000397 5.6988824 -5.4968964
v -4.8000397 5.6988824 -5.4968964
v -3.6000394 5.8988824 -5.4968964
v -5.4000391 5.0988821 -5.4968964
v -2.4000395 4.6011365 -5.4968964
v -4.4000394 5.8988831 -5.4968964
v -2.2000394 4.1988803 -5.3997882
v -2.2156689 5.0988821 -5.0997882
v -2.2156689 5.3988812 -4.8997882
v -2.2156689 5.8988824 -4.1014819
v -2.2156689 5.8988831 -3.2997882
v -2.2156689 5.0988821 -2.2997882
v -2.2156689 5.6988824 -2.8997882
v -2.2000394 3.9988828 -1.9997882
v -2.2156689 4.6012784 -5.2997882
v -2.2000394 3.9988828 -5.3997882
v -2.2000394 4.1988797 -1.9997882
v -2.2156689 5.6988824 -4.4997882
v -2.2156689 4.6012778 -2.0997888
v -2.2156689 5.3988812 -2.4997882
v -2.2156691 5.9988824 -3.6997882
v -2.6000394 5.0988821 -1.8997882
v -2.4000395 4.6011041 -1.8997882
v -2.8000397 5.3988812 -1.8997882
v -4.4000397 5.8988824 -1.8997888
v -5.2021216 5.3988812 -1.8997888
v -3.6000397 5.8988831 -1.8997882
v -5.6000391 4.6011047 -1.8997888
v -3.2000397 5.6988824 -1.8997882
v -4.0000394 5.9988824 -1.8997888
v -4.8000397 5.6988824 -1.8997888
v -5.4000391 5.0988821 -1.8997888
v -5.8026111 5.6988824 -4.4997882
v -5.8026111 5.8988824 -3.2997882
v -5.8026111 5.9988824 -3.6997882
v -5.8026111 5.3988812 -2.4997882
v -5.8026111 5.8988831 -4.0997882
v -5.8026111 4.6022156 -2.0997888
v -5.8026111 5.6988824 -2.8997882
v -5.8026111 5.0988821 -5.0997882
v -5.8026111 5.3988812 -4.8997882
v -5.8026111 4.6022156 -5.2997882
v -5.8026111 5.0988821 -2.2997882
v 1.9999606 4.5988821 -2.0997882
v 1.9999606 5.0988821 -5.0997882
v 1.9999606 5.8988824 -4.1014819
v 1.9999606 4.5988821 -5.2997882
v 1.9999606 5.6988824 -2.8997882
v 1.9999606 4.1988803 -5.3997882
v -1.7000392 4.1988803 -5.6997882
v -0.40003937 5.8988831 -5.6997882
v 1.5999605 4.5988821 -5.6997882
v 0.79996056 5.6988824 -5.6997882
v -0.8000396 5.6988824 -5.6997882
v -1.2000395 5.3988812 -5.6997882
v 1.6999609 4.1988803 -5.6997882
v 1.1999606 5.3988812 -5.6997882
v -3.9398652e-05 5.9988824 -5.6997882
v -1.4000392 5.0988821 -5.6997882
v -1.6000392 4.5988821 -5.6997882
v 1.3999608 5.0988821 -5.6997882
v 0.39996063 5.8988824 -5.6997882
v -2.0000394 5.3988812 -4.8997882
v -2.0000394 4.1988803 -1.9997882
v -2.0000394 5.3988812 -2.4997882
v -2.0000394 5.0988821 -5.0997882
v -2.0000394 4.6022153 -5.2997882
v -2.0000394 5.8988824 -3.2997882
v -2.0000394 4.1988803 -5.3997882
v -2.0000394 5.8988831 -4.0997882
v -2.0000394 4.6022153 -2.0997888
v 0.7999604 5.6988824 -1.6997882
v -1.7000394 4.1988806 -1.6997882
v -1.2021213 5.3988812 -1.6997882
v -0.4000396 5.8988824 -1.6997882
v -1.6000394 4.5988821 -1.6997882
v -0.80003983 5.6988824 -1.6997882
v -3.9517861e-05 5.9988824 -1.6997882
v 0.09996047 5.9988824 -3.6997882
v -3.9517861e-05 5.9988824 -3.5997882
v -0.10003951 5.9988824 -3.6997882
v -3.9517861e-05 5.9988824 -3.7997882
v -0.40003956 5.8988824 -4.1997882
v -0.50003948 5.8988824 -4.0997882
v -0.8000396 5.6988824 -4.5997882
v -0.9000396 5.6988824 -4.4997882
v -1.2000397 5.3988812 -4.9997882
v -1.3000394 5.3988812 -4.8997882
v -1.4000395 5.0988821 -5.1997882
v -1.5000394 5.0988821 -5.0997882
v -1.6000392 4.6022159 -5.3997882
v -1.7000394 4.6022159 -5.2997882
v -1.8000394 4.1988803 -5.3997882
v -0.51983765 5.8988831 -3.2997882
v -0.40003941 5.8988831 -3.1997882
v -0.9000396 5.6988824 -2.8997882
v -0.80003944 5.6988824 -2.7997882
v -1.3000394 5.3988812 -2.4997882
v -1.2021213 5.3988812 -2.3997882
v -1.5000394 5.0988821 -2.2997882
v -1.4000394 5.0988821 -2.1997882
v -1.7000394 4.6022159 -2.0997888
v -1.6000392 4.6022159 -1.9997882
v -1.7000394 4.1988806 -1.8997882
v -1.8000394 4.1988803 -1.9997882
v 0.49996052 5.8988831 -4.1014819
v 0.39996044 5.8988831 -4.1997882
v 0.8999604 5.6988824 -4.4997882
v 0.79996033 5.6988824 -4.5997882
v 1.2999606 5.3988812 -4.8997882
v 1.1999603 5.3988812 -4.9997882
v 1.4999606 5.0988821 -5.0997882
v 1.3999606 5.0988821 -5.1997882
v 1.6999605 4.6022159 -5.2997882
v 1.5999605 4.6022153 -5.3997882
v 0.39996059 5.8988824 -3.1997882
v 0.49996052 5.8988824 -3.2997882
v 0.7999604 5.6988824 -2.7997882
v 0.8999604 5.6988824 -2.8997882
v 1.1999605 5.3988824 -2.3997882
v 1.3149397 5.3988812 -2.4997882
v 1.3999608 5.0988821 -2.1997882
v 1.4999606 5.0988821 -2.2997882
v 1.5999605 4.6022153 -1.9997888
v 1.6999606 4.6022153 -2.0997888
v 1.6999605 4.1988806 -1.8997882
v -1.7248474 4.1988803 -5.3231372
v -1.6233881 4.1988803 -5.4245966
v 1.7247687 4.1988803 -5.3231372
v -1.7248474 4.1988803 -2.0764398
v 1.6233093 4.1988803 -1.9749805
v -0.00027892901 5.8992365 -3.6081946
v -1.7706994e-05 5.8992255 -3.7915131
v 0.091721897 5.8992224 -3.6997803
v -0.091997719 5.8992072 -3.6999976
v -1.5356909 4.5607602 -5.3354401
v -1.6356909 4.5607602 -5.2354401
v -1.3431889 5.0394177 -5.1429376
v -1.4431888 5.0394177 -5.0429376
v -1.1571778 5.3193469 -4.9569263
v -1.2571776 5.3193469 -4.8569263
v -0.77161209 5.6073199 -4.5713611
v -0.87161209 5.6073199 -4.4713611
v -0.38203876 5.8021771 -4.1817877
v -0.48203869 5.8021771 -4.0817877
v 1.6233093 4.1988803 -5.4245966
v 1.635612 4.5607602 -5.2354401
v 1.5356122 4.5607596 -5.3354401
v 1.44311 5.0394177 -5.0429376
v 1.34311 5.0394177 -5.1429376
v 1.2570985 5.3193469 -4.8569263
v 1.1570985 5.3193469 -4.9569263
v 0.87156929 5.6073285 -4.4712964
v 0.77157234 5.6073267 -4.5713
v 0.48200169 5.8021906 -4.0833698
v 0.38206055 5.8021686 -4.1817358
v -1.6356909 4.5607602 -2.164137
v -1.5356909 4.5607602 -2.064137
v -1.6233881 4.1988803 -1.9749805
v -1.4430257 5.0394705 -2.3565308
v -1.3430202 5.0394815 -2.2565369
v -1.2569813 5.3193182 -2.5423987
v -1.1589607 5.3194275 -2.4425
v -0.87202507 5.6073651 -2.9287653
v -0.77198883 5.6073846 -2.8287927
v -0.50231895 5.8023303 -3.3190411
v -0.38313889 5.8020874 -3.2183618
v 1.5356122 4.5607596 -2.064137
v 1.6356122 4.5607596 -2.164137
v 1.7247687 4.1988803 -2.0764398
v 1.3438663 5.0397903 -2.2577673
v 1.4439137 5.0397141 -2.3577356
v 1.1588326 5.3191693 -2.443996
v 1.2731938 5.3198639 -2.54466
v 0.77224953 5.6072485 -2.8286896
v 0.87222847 5.6072638 -2.9287164
v 0.38195976 5.8021771 -3.2177893
v 0.48195972 5.8021771 -3.3177893
v 0.0011038883 5.8018109 -3.7903937
v 0.091730251 5.8018109 -3.6997748
v 0.045866046 5.7374695 -3.7456366
v -0.00027057527 5.8018109 -3.6081885
v 0.04570653 5.737475 -3.6539484
v -0.091989365 5.8018109 -3.6999921
v -0.045999694 5.7374615 -3.7457397
v -0.046136904 5.737467 -3.6540985
v 0.045707588 5.737475 -3.6545557
v -3.7066638e-09 5.7 -3.7000024
v 0.046033721 5.7379364 -3.6542743
v 1.9999606 3.9988828 -1.9997882
v 1.9999606 3.9988828 -5.3997882
v -1.7000392 3.9988824 -5.6997882
v 1.6999609 3.9988824 -5.6997882
v -2.0000394 3.9988828 -1.9997882
v -2.0000394 3.9988828 -5.3997882
v 1.6999605 3.9988828 -1.6997882
v -1.8000394 3.9988828 -5.3997882
v -1.7000392 3.9988824 -5.4997882
v -1.7000394 3.9988828 -1.8997882
v -1.8000394 3.9988828 -1.9997882
v 1.6999605 3.9988828 -1.8997882
v -1.7248474 3.9988828 -5.3231372
v -1.6233881 3.9988828 -5.4245966
v 1.7247687 3.9988828 -5.3231372
v -1.7248474 3.9988828 -2.0764398
v 1.6233093 3.9988828 -1.9749805
v 1.6233093 3.9988828 -5.4245966
v -1.6233881 3.9988828 -1.9749805
v 1.7247687 3.9988828 -2.0764398
v -3.9411392e-05 5.9988824 -5.4968964
v 1.6999609 4.1988803 -5.4997882
v 1.3999608 5.0988821 -5.4968964
v -1.6000392 4.6011368 -5.4968964
v -1.2000396 5.3988812 -5.4968964
v 1.1999605 5.3988812 -5.4968964
v 1.6999609 3.9988824 -5.4997882
v -1.6970914 4.1988803 -5.4968964
v 0.79996048 5.6988824 -5.4968964
v -0.8000396 5.6988824 -5.4968964
v 0.39996059 5.8988824 -5.4968964
v -1.4000394 5.0988821 -5.4968964
v 1.5999605 4.6011365 -5.4968964
v -0.40003941 5.8988831 -5.4968964
v 1.7999606 4.1988803 -5.3997882
v 1.7843311 5.0988821 -5.0997882
v 1.7843311 5.3988812 -4.8997882
v 1.7843311 5.8988824 -4.1014819
v 1.7843311 5.8988831 -3.2997882
v 1.7843311 5.0988821 -2.2997882
v 1.7843311 5.6988824 -2.8997882
v 1.7999606 3.9988828 -1.9997882
v 1.7843311 4.6012784 -5.2997882
v 1.7999606 3.9988828 -5.3997882
v 1.7999606 4.1988797 -1.9997882
v 1.7843311 5.6988824 -4.4997882
v 1.7843311 4.6012778 -2.0997888
v 1.7843311 5.3988812 -2.4997882
v 1.7843309 5.9988824 -3.6997882
v 1.3999606 5.0988821 -1.8997882
v 1.5999605 4.6011041 -1.8997882
v 1.1999605 5.3988812 -1.8997882
v -0.40003956 5.8988824 -1.8997888
v -1.2021213 5.3988812 -1.8997888
v 0.39996048 5.8988831 -1.8997882
v -1.6000392 4.6011047 -1.8997888
v 0.7999604 5.6988824 -1.8997882
v -3.9517861e-05 5.9988824 -1.8997888
v -0.80003975 5.6988824 -1.8997888
v -1.4000394 5.0988821 -1.8997888
v -1.8026111 5.6988824 -4.4997882
v -1.8026114 5.8988824 -3.2997882
v -1.8026114 5.9988824 -3.6997882
v -1.8026114 5.3988812 -2.4997882
v -1.8026111 5.8988831 -4.0997882
v -1.8026114 4.6022156 -2.0997888
v -1.8026111 5.6988824 -2.8997882
v -1.8026112 5.0988821 -5.0997882
v -1.8026114 5.3988812 -4.8997882
v -1.8026114 4.6022156 -5.2997882
v -1.8026112 5.0988821 -2.2997882
v 5.9999609 4.5988821 -2.0997882
v 5.9999609 5.0988821 -5.0997882
v 5.9999609 5.8988824 -4.1014819
v 5.9999609 4.1988803 -1.9997882
v 5.9999609 5.8988831 -3.2997882
v 5.9999609 4.5988821 -5.2997882
v 5.9999609 5.6988824 -4.4997882
v 5.9999609 5.6988824 -2.8997882
v 5.9999609 5.3988812 -2.4997882
v 5.9999609 4.1988803 -5.3997882
v 5.9999609 5.3988812 -4.8997882
v 5.9999609 5.0988821 -2.2997882
v 5.9999609 5.9988824 -3.6997882
v 2.2999608 4.1988803 -5.6997882
v 3.5999606 5.8988831 -5.6997882
v 5.5999603 4.5988821 -5.6997882
v 4.7999606 5.6988824 -5.6997882
v 3.1999603 5.6988824 -5.6997882
v 2.7999603 5.3988812 -5.6997882
v 5.6999609 4.1988803 -5.6997882
v 5.1999603 5.3988812 -5.6997882
v 3.9999606 5.9988824 -5.6997882
v 2.5999609 5.0988821 -5.6997882
v 2.3999608 4.5988821 -5.6997882
v 5.3999609 5.0988821 -5.6997882
v 4.3999606 5.8988824 -5.6997882
v 1.9999606 5.6988824 -4.4997882
v 1.9999606 5.3988812 -4.8997882
v 1.9999606 4.1988803 -1.9997882
v 1.9999606 5.3988812 -2.4997882
v 1.9999606 5.9988824 -3.6997882
v 1.9999606 4.6022153 -5.2997882
v 1.9999606 5.0988821 -2.2997882
v 1.9999606 5.8988824 -3.2997882
v 1.9999606 5.8988831 -4.0997882
v 1.9999606 4.6022153 -2.0997888
v 2.7978787 5.3988812 -1.6997882
v 5.5999609 4.5988821 -1.6997882
v 3.5999603 5.8988824 -1.6997882
v 5.6999603 4.1988806 -1.6997882
v 3.9999606 5.9988824 -1.6997882
v 4.0999603 5.9988824 -3.6997882
v 3.9999606 5.9988824 -3.5997882
v 3.8999606 5.9988824 -3.6997882
v 3.9999606 5.9988824 -3.7997882
v 3.5999603 5.8988824 -4.1997882
v 3.4999606 5.8988824 -4.0997882
v 3.1999603 5.6988824 -4.5997882
v 3.0999603 5.6988824 -4.4997882
v 2.7999603 5.3988812 -4.9997882
v 2.6999606 5.3988812 -4.8997882
v 2.5999603 5.0988821 -5.1997882
v 2.4999606 5.0988821 -5.0997882
v 2.3999608 4.6022159 -5.3997882
v 2.2999606 4.6022159 -5.2997882
v 2.1999606 4.1988803 -5.3997882
v 3.4801624 5.8988831 -3.2997882
v 3.5999606 5.8988831 -3.1997882
v 3.0999603 5.6988824 -2.8997882
v 3.1999606 5.6988824 -2.7997882
v 2.6999606 5.3988812 -2.4997882
v 2.7978787 5.3988812 -2.3997882
v 2.4999606 5.0988821 -2.2997882
v 2.5999606 5.0988821 -2.1997882
v 2.2999606 4.6022159 -2.0997888
v 2.3999608 4.6022159 -1.9997882
v 2.2999606 4.1988806 -1.8997882
v 2.1999606 4.1988803 -1.9997882
v 4.4999606 5.8988831 -4.1014819
v 4.3999603 5.8988831 -4.1997882
v 4.8999603 5.6988824 -4.4997882
v 4.7999603 5.6988824 -4.5997882
v 5.2999609 5.3988812 -4.8997882
v 5.1999603 5.3988812 -4.9997882
v 5.4999609 5.0988821 -5.0997882
v 5.3999609 5.0988821 -5.1997882
v 5.6999603 4.6022159 -5.2997882
v 5.5999603 4.6022153 -5.3997882
v 4.3999606 5.8988824 -3.1997882
v 4.4999606 5.8988824 -3.2997882
v 4.7999603 5.6988824 -2.7997882
v 4.8999603 5.6988824 -2.8997882
v 5.1999603 5.3988824 -2.3997882
v 5.3149396 5.3988812 -2.4997882
v 5.3999609 5.0988821 -2.1997882
v 5.4999609 5.0988821 -2.2997882
v 5.5999603 4.6022153 -1.9997888
v 5.6999609 4.6022153 -2.0997888
v 5.6999603 4.1988806 -1.8997882
v 2.2751526 4.1988803 -5.3231372
v 2.3766119 4.1988803 -5.4245966
v 5.7247687 4.1988803 -5.3231372
v 2.2751526 4.1988803 -2.0764398
v 5.6233093 4.1988803 -1.9749805
v 3.9997211 5.8992365 -3.6081946
v 3.9999823 5.8992255 -3.7915131
v 4.0917218 5.8992224 -3.6997803
v 3.9080023 5.8992072 -3.6999976
v 2.4643091 4.5607602 -5.3354401
v 2.3643091 4.5607602 -5.2354401
v 2.6568109 5.0394177 -5.1429376
v 2.5568112 5.0394177 -5.0429376
v 2.8428223 5.3193469 -4.9569263
v 2.7428223 5.3193469 -4.8569263
v 3.2283881 5.6073199 -4.5713611
v 3.1283881 5.6073199 -4.4713611
v 3.6179611 5.8021771 -4.1817877
v 3.5179614 5.8021771 -4.0817877
v 5.6233093 4.1988803 -5.4245966
v 5.6356122 4.5607602 -5.2354401
v 5.5356122 4.5607596 -5.3354401
v 5.4431104 5.0394177 -5.0429376
v 5.3431104 5.0394177 -5.1429376
v 5.2570984 5.3193469 -4.8569263
v 5.1570984 5.3193469 -4.9569263
v 4.8715692 5.6073285 -4.4712964
v 4.7715723 5.6073267 -4.5713
v 4.4820016 5.8021906 -4.0833698
v 4.3820605 5.8021686 -4.1817358
v 2.3643091 4.5607602 -2.164137
v 2.4643091 4.5607602 -2.064137
v 2.3766119 4.1988803 -1.9749805
v 2.5569743 5.0394705 -2.3565308
v 2.65698 5.0394815 -2.2565369
v 2.7430188 5.3193182 -2.5423987
v 2.8410394 5.3194275 -2.4425
v 3.1279749 5.6073651 -2.9287653
v 3.2280112 5.6073846 -2.8287927
v 3.497681 5.8023303 -3.3190411
v 3.616861 5.8020874 -3.2183618
v 5.5356122 4.5607596 -2.064137
v 5.6356122 4.5607596 -2.164137
v 5.7247687 4.1988803 -2.0764398
v 5.343866 5.0397903 -2.2577673
v 5.4439136 5.0397141 -2.3577356
v 5.1588324 5.3191693 -2.443996
v 5.273194 5.3198639 -2.54466
v 4.7722495 5.6072485 -2.8286896
v 4.8722284 5.6072638 -2.9287164
v 4.3819598 5.8021771 -3.2177893
v 4.4819598 5.8021771 -3.3177893
v 4.0011038 5.8018109 -3.7903937
v 4.0917303 5.8018109 -3.6997748
v 4.0458661 5.7374695 -3.7456366
v 3.9997293 5.8018109 -3.6081885
v 4.0457065 5.737475 -3.6539484
v 3.9080106 5.8018109 -3.6999921
v 3.9540002 5.7374615 -3.7457397
v 3.9538632 5.737467 -3.6540985
v 4.0457077 5.737475 -3.6545557
v 4 5.7 -3.7000024
v 4.0460336 5.7379364 -3.6542743
v 5.9999609 3.9988828 -1.9997882
v 5.9999609 3.9988828 -5.3997882
v 2.2999608 3.9988824 -5.6997882
v 5.6999609 3.9988824 -5.6997882
v 5.6999603 3.9988828 -1.6997882
v 2.1999606 3.9988828 -5.3997882
v 2.2999608 3.9988824 -5.4997882
v 2.2999606 3.9988828 -1.8997882
v 2.1999606 3.9988828 -1.9997882
v 5.6999603 3.9988828 -1.8997882
v 2.2751526 3.9988828 -5.3231372
v 2.3766119 3.9988828 -5.4245966
v 5.7247687 3.9988828 -5.3231372
v 2.2751526 3.9988828 -2.0764398
v 5.6233093 3.9988828 -1.9749805
v 5.6233093 3.9988828 -5.4245966
v 2.3766119 3.9988828 -1.9749805
v 5.7247687 3.9988828 -2.0764398
v 3.9999606 5.9988824 -5.4968964
v 5.6999609 4.1988803 -5.4997882
v 5.3999609 5.0988821 -5.4968964
v 2.3999608 4.6011368 -5.4968964
v 2.7999603 5.3988812 -5.4968964
v 5.1999603 5.3988812 -5.4968964
v 5.6999609 3.9988824 -5.4997882
v 2.3029086 4.1988803 -5.4968964
v 4.7999603 5.6988824 -5.4968964
v 3.1999603 5.6988824 -5.4968964
v 4.3999606 5.8988824 -5.4968964
v 2.5999606 5.0988821 -5.4968964
v 5.5999603 4.6011365 -5.4968964
v 3.5999606 5.8988831 -5.4968964
v 5.7999609 4.1988803 -5.3997882
v 5.7843311 5.0988821 -5.0997882
v 5.7843311 5.3988812 -4.8997882
v 5.7843311 5.8988824 -4.1014819
v 5.7843311 5.8988831 -3.2997882
v 5.7843311 5.0988821 -2.2997882
v 5.7843311 5.6988824 -2.8997882
v 5.7999609 3.9988828 -1.9997882
v 5.7843311 4.6012784 -5.2997882
v 5.7999609 3.9988828 -5.3997882
v 5.7999609 4.1988797 -1.9997882
v 5.7843311 5.6988824 -4.4997882
v 5.7843311 4.6012778 -2.0997888
v 5.7843311 5.3988812 -2.4997882
v 5.7843311 5.9988824 -3.6997882
v 5.3999609 5.0988821 -1.8997882
v 5.5999603 4.6011041 -1.8997882
v 5.1999603 5.3988812 -1.8997882
v 3.5999603 5.8988824 -1.8997888
v 2.7978787 5.3988812 -1.8997888
v 4.3999603 5.8988831 -1.8997882
v 2.3999608 4.6011047 -1.8997888
v 4.7999603 5.6988824 -1.8997882
v 3.9999606 5.9988824 -1.8997888
v 3.1999603 5.6988824 -1.8997888
v 2.5999606 5.0988821 -1.8997888
v 2.1973889 5.6988824 -4.4997882
v 2.1973886 5.8988824 -3.2997882
v 2.1973886 5.9988824 -3.6997882
v 2.1973886 5.3988812 -2.4997882
v 2.1973889 5.8988831 -4.0997882
v 2.1973886 4.6022156 -2.0997888
v 2.1973889 5.6988824 -2.8997882
v 2.1973888 5.0988821 -5.0997882
v 2.1973886 5.3988812 -4.8997882
v 2.1973886 4.6022156 -5.2997882
v 2.1973888 5.0988821 -2.2997882
v 5.9999609 4.5988821 1.9002118
v 5.9999609 5.0988821 -1.0997882
v 5.9999609 5.8988818 -0.10148163
v 5.9999609 4.19888 2.0002118
v 5.9999609 5.8988824 0.70021179
v 5.9999609 4.5988821 -1.2997882
v 5.9999609 5.6988818 -0.49978851
v 5.9999609 5.6988818 1.1002118
v 5.9999609 5.3988806 1.5002118
v 5.9999609 4.19888 -1.3997882
v 5.9999609 5.3988806 -0.89978821
v 5.9999609 5.0988821 1.7002118
v 5.9999609 5.9988818 0.30021149
v 2.2999608 4.19888 -1.6997882
v 4.7999606 5.6988818 -1.6997882
v 3.1999603 5.6988818 -1.6997882
v 2.7999603 5.3988806 -1.6997882
v 5.1999603 5.3988806 -1.6997882
v 2.5999609 5.0988821 -1.6997882
v 2.3999608 4.5988821 -1.6997882
v 5.3999609 5.0988821 -1.6997882
v 4.3999606 5.8988818 -1.6997882
v 1.9999606 5.6988818 -0.49978821
v 1.9999606 4.19888 2.0002118
v 1.9999606 5.9988818 0.30021179
v 1.9999606 4.6022153 -1.2997882
v 1.9999606 5.8988818 0.70021179
v 1.9999606 5.8988824 -0.099788208
v 1.9999606 4.6022153 1.9002112
v 1.9999606 5.6988818 1.1002118
v 5.1999603 5.3988806 2.3002118
v 2.7978787 5.3988806 2.3002118
v 3.5999603 5.8988818 2.3002118
v 5.6999603 4.1988806 2.3002118
v 3.9999606 5.9988818 2.3002118
v 4.0999603 5.9988818 0.30021179
v 3.9999606 5.9988818 0.40021179
v 3.8999606 5.9988818 0.30021179
v 3.9999606 5.9988818 0.20021179
v 3.5999603 5.8988818 -0.19978821
v 3.4999606 5.8988818 -0.099788208
v 3.1999603 5.6988818 -0.59978821
v 3.0999603 5.6988818 -0.49978821
v 2.7999603 5.3988806 -0.99978821
v 2.6999606 5.3988806 -0.89978821
v 2.5999603 5.0988821 -1.1997882
v 2.4999606 5.0988821 -1.0997882
v 2.3999608 4.6022159 -1.3997882
v 2.2999606 4.6022159 -1.2997882
v 2.1999606 4.19888 -1.3997882
v 3.4801624 5.8988824 0.70021179
v 3.5999606 5.8988824 0.80021179
v 3.0999603 5.6988818 1.1002115
v 3.1999606 5.6988818 1.2002118
v 2.6999606 5.3988806 1.5002118
v 2.7978787 5.3988806 1.6002118
v 2.4999606 5.0988821 1.7002118
v 2.5999606 5.0988821 1.8002118
v 2.2999606 4.6022159 1.9002112
v 2.3999608 4.6022159 2.0002118
v 2.2999606 4.1988806 2.1002118
v 2.1999606 4.19888 2.0002118
v 4.4999606 5.8988824 -0.10148163
v 4.3999603 5.8988824 -0.19978821
v 4.8999603 5.6988818 -0.49978821
v 4.7999603 5.6988818 -0.59978821
v 5.2999609 5.3988806 -0.89978821
v 5.1999603 5.3988806 -0.99978821
v 5.4999609 5.0988821 -1.0997882
v 5.3999609 5.0988821 -1.1997882
v 5.6999603 4.6022159 -1.2997882
v 5.5999603 4.6022153 -1.3997882
v 4.3999606 5.8988818 0.80021179
v 4.4999606 5.8988818 0.70021179
v 4.7999603 5.6988818 1.2002118
v 4.8999603 5.6988818 1.1002118
v 5.1999603 5.3988818 1.6002118
v 5.3149396 5.3988806 1.5002118
v 5.3999609 5.0988821 1.8002118
v 5.4999609 5.0988821 1.7002118
v 5.5999603 4.6022153 2.0002112
v 5.6999609 4.6022153 1.9002112
v 5.6999603 4.1988806 2.1002118
v 2.2751526 4.19888 -1.3231372
v 2.3766119 4.19888 -1.4245966
v 5.7247687 4.19888 -1.3231372
v 2.2751526 4.19888 1.9235602
v 5.6233093 4.19888 2.0250195
v 3.9997211 5.8992358 0.39180573
v 3.9999823 5.8992249 0.20848694
v 4.0917218 5.8992218 0.30021942
v 3.9080023 5.8992065 0.30000214
v 2.4643091 4.5607602 -1.3354401
v 2.3643091 4.5607602 -1.2354401
v 2.6568109 5.0394177 -1.1429376
v 2.5568112 5.0394177 -1.0429376
v 2.8428223 5.3193463 -0.95692627
v 2.7428223 5.3193463 -0.85692627
v 3.2283881 5.6073193 -0.57136078
v 3.1283881 5.6073193 -0.47136078
v 3.6179611 5.8021765 -0.18178741
v 3.5179614 5.8021765 -0.081787415
v 5.6233093 4.19888 -1.4245966
v 5.6356122 4.5607602 -1.2354401
v 5.5356122 4.5607596 -1.3354401
v 5.4431104 5.0394177 -1.0429376
v 5.3431104 5.0394177 -1.1429376
v 5.2570984 5.3193463 -0.85692627
v 5.1570984 5.3193463 -0.95692627
v 4.8715692 5.6073279 -0.47129669
v 4.7715723 5.607326 -0.57129974
v 4.4820016 5.8021899 -0.083369446
v 4.3820605 5.802168 -0.18173553
v 2.3643091 4.5607602 1.835863
v 2.4643091 4.5607602 1.935863
v 2.3766119 4.19888 2.0250195
v 2.5569743 5.0394705 1.6434692
v 2.65698 5.0394815 1.7434631
v 2.7430188 5.3193176 1.4576013
v 2.8410394 5.3194269 1.5575
v 3.1279749 5.6073645 1.0712347
v 3.2280112 5.607384 1.1712073
v 3.497681 5.8023297 0.68095886
v 3.616861 5.8020868 0.78163818
v 5.5356122 4.5607596 1.935863
v 5.6356122 4.5607596 1.835863
v 5.7247687 4.19888 1.9235602
v 5.343866 5.0397903 1.7422327
v 5.4439136 5.0397141 1.6422644
v 5.1588324 5.3191687 1.556004
v 5.273194 5.3198633 1.45534
v 4.7722495 5.6072479 1.1713104
v 4.8722284 5.6072632 1.0712833
v 4.3819598 5.8021765 0.782211
v 4.4819598 5.8021765 0.682211
v 4.0011038 5.8018103 0.20960602
v 4.0917303 5.8018103 0.30022552
v 4.0458661 5.7374689 0.2543631
v 3.9997293 5.8018103 0.39181183
v 4.0457065 5.7374744 0.34605133
v 3.9080106 5.8018103 0.30000824
v 3.9540002 5.7374609 0.25426056
v 3.9538632 5.7374664 0.34590149
v 4.0457077 5.7374744 0.34544434
v 4 5.6999994 0.29999756
v 4.0460336 5.7379358 0.34572571
v 5.9999609 3.9988824 2.0002118
v 5.9999609 3.9988824 -1.3997882
v 2.2999608 3.9988824 -1.6997882
v 1.9999606 3.9988824 2.0002118
v 5.6999603 3.9988824 2.3002118
v 2.1999606 3.9988824 -1.3997882
v 2.2999608 3.9988824 -1.4997882
v 2.2999606 3.9988824 2.1002118
v 2.1999606 3.9988824 2.0002118
v 5.6999603 3.9988824 2.1002118
v 2.2751526 3.9988824 -1.3231372
v 2.3766119 3.9988824 -1.4245966
v 5.7247687 3.9988824 -1.3231372
v 2.2751526 3.9988824 1.9235602
v 5.6233093 3.9988824 2.0250195
v 5.6233093 3.9988824 -1.4245966
v 2.3766119 3.9988824 2.0250195
v 5.7247687 3.9988824 1.9235602
v 3.9999606 5.9988818 -1.4968964
v 5.6999609 4.19888 -1.4997882
v 5.3999609 5.0988821 -1.4968964
v 2.3999608 4.6011368 -1.4968964
v 2.7999603 5.3988806 -1.4968964
v 5.1999603 5.3988806 -1.4968964
v 5.6999609 3.9988824 -1.4997882
v 2.3029086 4.19888 -1.4968964
v 4.7999603 5.6988818 -1.4968964
v 3.1999603 5.6988818 -1.4968964
v 4.3999606 5.8988818 -1.4968964
v 2.5999606 5.0988821 -1.4968964
v 5.5999603 4.6011365 -1.4968964
v 3.5999606 5.8988824 -1.4968964
v 5.7999609 4.19888 -1.3997882
v 5.7843311 5.0988821 -1.0997882
v 5.7843311 5.3988806 -0.89978821
v 5.7843311 5.8988818 -0.10148163
v 5.7843311 5.8988824 0.70021179
v 5.7843311 5.0988821 1.7002118
v 5.7843311 5.6988818 1.1002118
v 5.7999609 3.9988824 2.0002118
v 5.7843311 4.6012784 -1.2997882
v 5.7999609 3.9988824 -1.3997882
v 5.7999609 4.1988794 2.0002118
v 5.7843311 5.6988818 -0.49978851
v 5.7843311 4.6012778 1.9002112
v 5.7843311 5.3988806 1.5002118
v 5.7843311 5.9988818 0.30021149
v 5.3999609 5.0988821 2.1002118
v 5.5999603 4.6011041 2.1002118
v 5.1999603 5.3988812 2.1002118
v 3.5999603 5.8988818 2.1002112
v 2.7978787 5.3988806 2.1002112
v 4.3999603 5.8988824 2.1002118
v 2.3999608 4.6011047 2.1002112
v 4.7999603 5.6988818 2.1002118
v 3.9999606 5.9988818 2.1002112
v 3.1999603 5.6988818 2.1002112
v 2.5999606 5.0988821 2.1002112
v 2.1973889 5.6988818 -0.49978821
v 2.1973886 5.8988818 0.70021179
v 2.1973886 5.9988818 0.30021179
v 2.1973886 5.3988806 1.5002118
v 2.1973889 5.8988824 -0.099788208
v 2.1973886 4.6022156 1.9002112
v 2.1973889 5.6988818 1.1002118
v 2.1973888 5.0988821 -1.0997882
v 2.1973886 5.3988806 -0.89978821
v 2.1973886 4.6022156 -1.2997882
v 2.1973888 5.0988821 1.7002118
v 5.9999609 4.5988818 5.9002118
v 5.9999609 5.0988818 2.9002118
v 5.9999609 5.8988818 3.8985181
v 5.9999609 4.19888 6.0002118
v 5.9999609 5.8988824 4.7002118
v 5.9999609 4.5988818 2.7002118
v 5.9999609 5.6988818 3.5002118
v 5.9999609 5.6988818 5.1002118
v 5.9999609 5.3988806 5.5002118
v 5.9999609 4.19888 2.6002118
v 5.9999609 5.3988806 3.1002118
v 5.9999609 5.0988818 5.7002118
v 5.9999609 5.9988818 4.3002118
v 2.2999608 4.19888 2.3002118
v 5.5999603 4.5988818 2.3002118
v 4.7999606 5.6988818 2.3002118
v 3.1999603 5.6988818 2.3002118
v 2.7999603 5.3988806 2.3002118
v 2.5999609 5.0988818 2.3002118
v 2.3999608 4.5988818 2.3002118
v 5.3999609 5.0988818 2.3002118
v 4.3999606 5.8988818 2.3002118
v 1.9999606 5.6988818 3.5002118
v 1.9999606 5.3988806 3.1002118
v 1.9999606 4.19888 6.0002118
v 1.9999606 5.3988806 5.5002118
v 1.9999606 5.0988818 2.9002118
v 1.9999606 4.602215 2.7002118
v 1.9999606 5.0988818 5.7002118
v 1.9999606 5.8988818 4.7002118
v 1.9999606 4.19888 2.6002118
v 1.9999606 5.8988824 3.9002118
v 1.9999606 4.602215 5.9002112
v 1.9999606 5.6988818 5.1002118
v 4.7999603 5.6988818 6.3002118
v 5.1999603 5.3988806 6.3002118
v 2.2999606 4.1988803 6.3002118
v 2.7978787 5.3988806 6.3002118
v 5.3999609 5.0988818 6.3002118
v 5.5999609 4.5988818 6.3002118
v 2.5999606 5.0988818 6.3002118
v 3.5999603 5.8988818 6.3002118
v 5.6999603 4.1988803 6.3002118
v 4.3999603 5.8988824 6.3002118
v 2.3999606 4.5988818 6.3002118
v 3.1999603 5.6988818 6.3002118
v 3.9999606 5.9988818 6.3002118
v 4.0999603 5.9988818 4.3002118
v 3.9999606 5.9988818 4.4002118
v 3.8999606 5.9988818 4.3002118
v 3.9999606 5.9988818 4.2002118
v 3.5999603 5.8988818 3.8002118
v 3.4999606 5.8988818 3.9002118
v 3.1999603 5.6988818 3.4002118
v 3.0999603 5.6988818 3.5002118
v 2.7999603 5.3988806 3.0002118
v 2.6999606 5.3988806 3.1002118
v 2.5999603 5.0988818 2.8002118
v 2.4999606 5.0988818 2.9002118
v 2.3999608 4.6022156 2.6002118
v 2.2999606 4.6022156 2.7002118
v 2.1999606 4.19888 2.6002118
v 3.4801624 5.8988824 4.7002118
v 3.5999606 5.8988824 4.8002118
v 3.0999603 5.6988818 5.1002118
v 3.1999606 5.6988818 5.2002118
v 2.6999606 5.3988806 5.5002118
v 2.7978787 5.3988806 5.6002118
v 2.4999606 5.0988818 5.7002118
v 2.5999606 5.0988818 5.8002118
v 2.2999606 4.6022156 5.9002112
v 2.3999608 4.6022156 6.0002118
v 2.2999606 4.1988803 6.1002118
v 2.1999606 4.19888 6.0002118
v 4.4999606 5.8988824 3.8985181
v 4.3999603 5.8988824 3.8002118
v 4.8999603 5.6988818 3.5002118
v 4.7999603 5.6988818 3.4002118
v 5.2999609 5.3988806 3.1002118
v 5.1999603 5.3988806 3.0002118
v 5.4999609 5.0988818 2.9002118
v 5.3999609 5.0988818 2.8002118
v 5.6999603 4.6022156 2.7002118
v 5.5999603 4.602215 2.6002118
v 4.3999606 5.8988818 4.8002118
v 4.4999606 5.8988818 4.7002118
v 4.7999603 5.6988818 5.2002118
v 4.8999603 5.6988818 5.1002118
v 5.1999603 5.3988818 5.6002118
v 5.3149396 5.3988806 5.5002118
v 5.3999609 5.0988818 5.8002118
v 5.4999609 5.0988818 5.7002118
v 5.5999603 4.602215 6.0002112
v 5.6999609 4.602215 5.9002112
v 5.6999603 4.1988803 6.1002118
v 2.2751526 4.19888 2.6768628
v 2.3766119 4.19888 2.5754034
v 5.7247687 4.19888 2.6768628
v 2.2751526 4.19888 5.9235602
v 5.6233093 4.19888 6.0250195
v 3.9997211 5.8992358 4.3918054
v 3.9999823 5.8992249 4.2084869
v 4.0917218 5.8992218 4.3002197
v 3.9080023 5.8992065 4.3000024
v 2.4643091 4.5607599 2.6645599
v 2.3643091 4.5607599 2.7645599
v 2.6568109 5.0394174 2.8570624
v 2.5568112 5.0394174 2.9570624
v 2.8428223 5.3193463 3.0430737
v 2.7428223 5.3193463 3.1430737
v 3.2283881 5.6073193 3.4286389
v 3.1283881 5.6073193 3.5286389
v 3.6179611 5.8021765 3.8182123
v 3.5179614 5.8021765 3.9182123
v 5.6233093 4.19888 2.5754034
v 5.6356122 4.5607599 2.7645599
v 5.5356122 4.5607593 2.6645599
v 5.4431104 5.0394174 2.9570624
v 5.3431104 5.0394174 2.8570624
v 5.2570984 5.3193463 3.1430737
v 5.1570984 5.3193463 3.0430737
v 4.8715692 5.6073279 3.5287036
v 4.7715723 5.607326 3.4287
v 4.4820016 5.8021899 3.9166302
v 4.3820605 5.802168 3.8182642
v 2.3643091 4.5607599 5.835863
v 2.4643091 4.5607599 5.935863
v 2.3766119 4.19888 6.0250195
v 2.5569743 5.0394702 5.6434692
v 2.65698 5.0394812 5.7434631
v 2.7430188 5.3193176 5.4576013
v 2.8410394 5.3194269 5.5575
v 3.1279749 5.6073645 5.0712347
v 3.2280112 5.607384 5.1712073
v 3.497681 5.8023297 4.6809589
v 3.616861 5.8020868 4.7816382
v 5.5356122 4.5607593 5.935863
v 5.6356122 4.5607593 5.835863
v 5.7247687 4.19888 5.9235602
v 5.343866 5.03979 5.7422327
v 5.4439136 5.0397137 5.6422644
v 5.1588324 5.3191687 5.556004
v 5.273194 5.3198633 5.45534
v 4.7722495 5.6072479 5.1713104
v 4.8722284 5.6072632 5.0712836
v 4.3819598 5.8021765 4.7822107
v 4.4819598 5.8021765 4.6822107
v 4.0011038 5.8018103 4.2096063
v 4.0917303 5.8018103 4.3002252
v 4.0458661 5.7374689 4.2543634
v 3.9997293 5.8018103 4.3918115
v 4.0457065 5.7374744 4.3460516
v 3.9080106 5.8018103 4.3000079
v 3.9540002 5.7374609 4.2542603
v 3.9538632 5.7374664 4.3459015
v 4.0457077 5.7374744 4.3454443
v 4 5.6999994 4.2999976
v 4.0460336 5.7379358 4.3457257
v 5.9999609 3.9988824 6.0002118
v 5.9999609 3.9988824 2.6002118
v 2.2999608 3.9988821 2.3002118
v 1.9999606 3.9988824 2.6002118
v 2.2999606 3.9988824 6.3002118
v 5.6999603 3.9988824 6.3002118
v 2.1999606 3.9988824 2.6002118
v 2.2999608 3.9988821 2.5002118
v 2.2999606 3.9988824 6.1002118
v 2.1999606 3.9988824 6.0002118
v 5.6999603 3.9988824 6.1002118
v 2.2751526 3.9988824 2.6768628
v 2.3766119 3.9988824 2.5754034
v 5.7247687 3.9988824 2.6768628
v 2.2751526 3.9988824 5.9235602
v 5.6233093 3.9988824 6.0250195
v 5.6233093 3.9988824 2.5754034
v 2.3766119 3.9988824 6.0250195
v 5.7247687 3.9988824 5.9235602
v 3.9999606 5.9988818 2.5031036
v 5.6999609 4.19888 2.5002118
v 5.3999609 5.0988818 2.5031036
v 2.3999608 4.6011365 2.5031036
v 2.7999603 5.3988806 2.5031036
v 5.1999603 5.3988806 2.5031036
v 5.6999609 3.9988821 2.5002118
v 2.3029086 4.19888 2.5031036
v 4.7999603 5.6988818 2.5031036
v 3.1999603 5.6988818 2.5031036
v 4.3999606 5.8988818 2.5031036
v 2.5999606 5.0988818 2.5031036
v 5.5999603 4.6011362 2.5031036
v 3.5999606 5.8988824 2.5031036
v 5.7999609 4.19888 2.6002118
v 5.7843311 5.0988818 2.9002118
v 5.7843311 5.3988806 3.1002118
v 5.7843311 5.8988818 3.8985181
v 5.7843311 5.8988824 4.7002118
v 5.7843311 5.0988818 5.7002118
v 5.7843311 5.6988818 5.1002118
v 5.7999609 3.9988824 6.0002118
v 5.7843311 4.6012781 2.7002118
v 5.7999609 3.9988824 2.6002118
v 5.7999609 4.1988794 6.0002118
v 5.7843311 5.6988818 3.5002118
v 5.7843311 4.6012775 5.9002112
v 5.7843311 5.3988806 5.5002118
v 5.7843311 5.9988818 4.3002118
v 5.3999609 5.0988818 6.1002118
v 5.5999603 4.6011038 6.1002118
v 5.1999603 5.3988812 6.1002118
v 3.5999603 5.8988818 6.1002112
v 2.7978787 5.3988806 6.1002112
v 4.3999603 5.8988824 6.1002118
v 2.3999608 4.6011044 6.1002112
v 4.7999603 5.6988818 6.1002118
v 3.9999606 5.9988818 6.1002112
v 3.1999603 5.6988818 6.1002112
v 2.5999606 5.0988818 6.1002112
v 2.1973889 5.6988818 3.5002118
v 2.1973886 5.8988818 4.7002118
v 2.1973886 5.9988818 4.3002118
v 2.1973886 5.3988806 5.5002118
v 2.1973889 5.8988824 3.9002118
v 2.1973886 4.6022153 5.9002112
v 2.1973889 5.6988818 5.1002118
v 2.1973888 5.0988818 2.9002118
v 2.1973886 5.3988806 3.1002118
v 2.1973886 4.6022153 2.7002118
v 2.1973888 5.0988818 5.7002118
v 1.9999606 4.5988821 1.9002118
v 1.9999606 5.0988821 -1.0997882
v 1.9999606 5.8988818 -0.10148163
v 1.9999606 4.5988821 -1.2997882
v 1.9999606 5.3988806 1.5002118
v 1.9999606 4.19888 -1.3997882
v 1.9999606 5.3988806 -0.89978821
v 1.9999606 5.0988821 1.7002118
v 1.5999605 4.5988821 -1.6997882
v -1.2000395 5.3988806 -1.6997882
v 1.6999609 4.19888 -1.6997882
v 1.1999606 5.3988806 -1.6997882
v -1.4000392 5.0988821 -1.6997882
v 1.3999608 5.0988821 -1.6997882
v 0.39996063 5.8988818 -1.6997882
v -2.0000394 5.6988818 -0.49978821
v -2.0000394 4.19888 2.0002118
v -2.0000394 5.0988821 -1.0997882
v -2.0000394 5.9988818 0.30021179
v -2.0000394 4.6022153 -1.2997882
v -2.0000394 5.0988821 1.7002118
v -2.0000394 5.8988818 0.70021179
v -2.0000394 5.8988824 -0.099788208
v -2.0000394 4.6022153 1.9002112
v -2.0000394 5.6988818 1.1002118
v 0.7999604 5.6988818 2.3002118
v 1.1999605 5.3988806 2.3002118
v -1.2021213 5.3988806 2.3002118
v 1.3999606 5.0988821 2.3002118
v 1.5999606 4.5988821 2.3002118
v -1.4000394 5.0988821 2.3002118
v -0.4000396 5.8988818 2.3002118
v 1.6999605 4.1988806 2.3002118
v 0.39996048 5.8988824 2.3002118
v -1.6000394 4.5988821 2.3002118
v -0.80003983 5.6988818 2.3002118
v -3.9517861e-05 5.9988818 2.3002118
v 0.09996047 5.9988818 0.30021179
v -3.9517861e-05 5.9988818 0.40021179
v -0.10003951 5.9988818 0.30021179
v -3.9517861e-05 5.9988818 0.20021179
v -0.40003956 5.8988818 -0.19978821
v -0.50003948 5.8988818 -0.099788208
v -0.8000396 5.6988818 -0.59978821
v -0.9000396 5.6988818 -0.49978821
v -1.2000397 5.3988806 -0.99978821
v -1.3000394 5.3988806 -0.89978821
v -1.4000395 5.0988821 -1.1997882
v -1.5000394 5.0988821 -1.0997882
v -1.6000392 4.6022159 -1.3997882
v -1.7000394 4.6022159 -1.2997882
v -1.8000394 4.19888 -1.3997882
v -0.51983765 5.8988824 0.70021179
v -0.40003941 5.8988824 0.80021179
v -0.9000396 5.6988818 1.1002115
v -0.80003944 5.6988818 1.2002118
v -1.3000394 5.3988806 1.5002118
v -1.2021213 5.3988806 1.6002118
v -1.5000394 5.0988821 1.7002118
v -1.4000394 5.0988821 1.8002118
v -1.7000394 4.6022159 1.9002112
v -1.6000392 4.6022159 2.0002118
v -1.7000394 4.1988806 2.1002118
v -1.8000394 4.19888 2.0002118
v 0.49996052 5.8988824 -0.10148163
v 0.39996044 5.8988824 -0.19978821
v 0.8999604 5.6988818 -0.49978821
v 0.79996033 5.6988818 -0.59978821
v 1.2999606 5.3988806 -0.89978821
v 1.1999603 5.3988806 -0.99978821
v 1.4999606 5.0988821 -1.0997882
v 1.3999606 5.0988821 -1.1997882
v 1.6999605 4.6022159 -1.2997882
v 1.5999605 4.6022153 -1.3997882
v 0.39996059 5.8988818 0.80021179
v 0.49996052 5.8988818 0.70021179
v 0.7999604 5.6988818 1.2002118
v 0.8999604 5.6988818 1.1002118
v 1.1999605 5.3988818 1.6002118
v 1.3149397 5.3988806 1.5002118
v 1.3999608 5.0988821 1.8002118
v 1.4999606 5.0988821 1.7002118
v 1.5999605 4.6022153 2.0002112
v 1.6999606 4.6022153 1.9002112
v 1.6999605 4.1988806 2.1002118
v -1.7248474 4.19888 -1.3231372
v -1.6233881 4.19888 -1.4245966
v 1.7247687 4.19888 -1.3231372
v -1.7248474 4.19888 1.9235602
v 1.6233093 4.19888 2.0250195
v -0.00027892901 5.8992358 0.39180573
v -1.7706994e-05 5.8992249 0.20848694
v 0.091721897 5.8992218 0.30021942
v -0.091997719 5.8992065 0.30000214
v -1.5356909 4.5607602 -1.3354401
v -1.6356909 4.5607602 -1.2354401
v -1.3431889 5.0394177 -1.1429376
v -1.4431888 5.0394177 -1.0429376
v -1.1571778 5.3193463 -0.95692627
v -1.2571776 5.3193463 -0.85692627
v -0.77161209 5.6073193 -0.57136078
v -0.87161209 5.6073193 -0.47136078
v -0.38203876 5.8021765 -0.18178741
v -0.48203869 5.8021765 -0.081787415
v 1.6233093 4.19888 -1.4245966
v 1.635612 4.5607602 -1.2354401
v 1.5356122 4.5607596 -1.3354401
v 1.44311 5.0394177 -1.0429376
v 1.34311 5.0394177 -1.1429376
v 1.2570985 5.3193463 -0.85692627
v 1.1570985 5.3193463 -0.95692627
v 0.87156929 5.6073279 -0.47129669
v 0.77157234 5.607326 -0.57129974
v 0.48200169 5.8021899 -0.083369446
v 0.38206055 5.802168 -0.18173553
v -1.6356909 4.5607602 1.835863
v -1.5356909 4.5607602 1.935863
v -1.6233881 4.19888 2.0250195
v -1.4430257 5.0394705 1.6434692
v -1.3430202 5.0394815 1.7434631
v -1.2569813 5.3193176 1.4576013
v -1.1589607 5.3194269 1.5575
v -0.87202507 5.6073645 1.0712347
v -0.77198883 5.607384 1.1712073
v -0.50231895 5.8023297 0.68095886
v -0.38313889 5.8020868 0.78163818
v 1.5356122 4.5607596 1.935863
v 1.6356122 4.5607596 1.835863
v 1.7247687 4.19888 1.9235602
v 1.3438663 5.0397903 1.7422327
v 1.4439137 5.0397141 1.6422644
v 1.1588326 5.3191687 1.556004
v 1.2731938 5.3198633 1.45534
v 0.77224953 5.6072479 1.1713104
v 0.87222847 5.6072632 1.0712833
v 0.38195976 5.8021765 0.782211
v 0.48195972 5.8021765 0.682211
v 0.0011038883 5.8018103 0.20960602
v 0.091730251 5.8018103 0.30022552
v 0.045866046 5.7374689 0.2543631
v -0.00027057527 5.8018103 0.39181183
v 0.04570653 5.7374744 0.34605133
v -0.091989365 5.8018103 0.30000824
v -0.045999694 5.7374609 0.25426056
v -0.046136904 5.7374664 0.34590149
v 0.045707588 5.7374744 0.34544434
v -3.7066638e-09 5.6999994 0.29999756
v 0.046033721 5.7379358 0.34572571
v 1.9999606 3.9988824 -1.3997882
v -1.7000392 3.9988824 -1.6997882
v -2.0000394 3.9988824 2.0002118
v -2.0000394 3.9988824 -1.3997882
v -1.7000394 3.9988824 2.3002118
v 1.6999605 3.9988824 2.3002118
v -1.8000394 3.9988824 -1.3997882
v -1.7000392 3.9988824 -1.4997882
v -1.7000394 3.9988824 2.1002118
v -1.8000394 3.9988824 2.0002118
v 1.6999605 3.9988824 2.1002118
v -1.7248474 3.9988824 -1.3231372
v -1.6233881 3.9988824 -1.4245966
v 1.7247687 3.9988824 -1.3231372
v -1.7248474 3.9988824 1.9235602
v 1.6233093 3.9988824 2.0250195
v 1.6233093 3.9988824 -1.4245966
v -1.6233881 3.9988824 2.0250195
v 1.7247687 3.9988824 1.9235602
v -3.9411392e-05 5.9988818 -1.4968964
v 1.6999609 4.19888 -1.4997882
v 1.3999608 5.0988821 -1.4968964
v -1.6000392 4.6011368 -1.4968964
v -1.2000396 5.3988806 -1.4968964
v 1.1999605 5.3988806 -1.4968964
v 1.6999609 3.9988824 -1.4997882
v -1.6970914 4.19888 -1.4968964
v 0.79996048 5.6988818 -1.4968964
v -0.8000396 5.6988818 -1.4968964
v 0.39996059 5.8988818 -1.4968964
v -1.4000394 5.0988821 -1.4968964
v 1.5999605 4.6011365 -1.4968964
v -0.40003941 5.8988824 -1.4968964
v 1.7999606 4.19888 -1.3997882
v 1.7843311 5.0988821 -1.0997882
v 1.7843311 5.3988806 -0.89978821
v 1.7843311 5.8988818 -0.10148163
v 1.7843311 5.8988824 0.70021179
v 1.7843311 5.0988821 1.7002118
v 1.7843311 5.6988818 1.1002118
v 1.7999606 3.9988824 2.0002118
v 1.7843311 4.6012784 -1.2997882
v 1.7999606 3.9988824 -1.3997882
v 1.7999606 4.1988794 2.0002118
v 1.7843311 5.6988818 -0.49978851
v 1.7843311 4.6012778 1.9002112
v 1.7843311 5.3988806 1.5002118
v 1.7843309 5.9988818 0.30021149
v 1.3999606 5.0988821 2.1002118
v 1.5999605 4.6011041 2.1002118
v 1.1999605 5.3988812 2.1002118
v -0.40003956 5.8988818 2.1002112
v -1.2021213 5.3988806 2.1002112
v 0.39996048 5.8988824 2.1002118
v -1.6000392 4.6011047 2.1002112
v 0.7999604 5.6988818 2.1002118
v -3.9517861e-05 5.9988818 2.1002112
v -0.80003975 5.6988818 2.1002112
v -1.4000394 5.0988821 2.1002112
v -1.8026111 5.6988818 -0.49978821
v -1.8026114 5.8988818 0.70021179
v -1.8026114 5.9988818 0.30021179
v -1.8026114 5.3988806 1.5002118
v -1.8026111 5.8988824 -0.099788208
v -1.8026114 4.6022156 1.9002112
v -1.8026111 5.6988818 1.1002118
v -1.8026112 5.0988821 -1.0997882
v -1.8026114 5.3988806 -0.89978821
v -1.8026114 4.6022156 -1.2997882
v -1.8026112 5.0988821 1.7002118
v -2.0000394 4.5988821 1.9002118
v -2.0000394 5.8988818 -0.10148163
v -2.0000394 4.5988821 -1.2997882
v -2.0000394 5.3988806 1.5002118
v -2.0000394 4.19888 -1.3997882
v -2.0000394 5.3988806 -0.89978821
v -5.7000391 4.19888 -1.6997882
v -2.4000395 4.5988821 -1.6997882
v -3.2000394 5.6988818 -1.6997882
v -5.2000397 5.3988806 -1.6997882
v -2.3000391 4.19888 -1.6997882
v -2.8000394 5.3988806 -1.6997882
v -5.6000391 4.5988821 -1.6997882
v -3.6000394 5.8988818 -1.6997882
v -6.0000391 5.6988818 -0.49978821
v -6.0000391 5.3988806 -0.89978821
v -6.0000391 4.19888 2.0002118
v -6.0000391 5.3988806 1.5002118
v -6.0000391 5.0988821 -1.0997882
v -6.0000391 5.9988818 0.30021179
v -6.0000391 4.6022153 -1.2997882
v -6.0000391 5.0988821 1.7002118
v -6.0000391 5.8988818 0.70021179
v -6.0000391 4.19888 -1.3997882
v -6.0000391 5.8988824 -0.099788208
v -6.0000391 4.6022153 1.9002112
v -6.0000391 5.6988818 1.1002118
v -2.8000397 5.3988806 2.3002118
v -5.2021216 5.3988806 2.3002118
v -4.4000397 5.8988818 2.3002118
v -5.6000391 4.5988821 2.3002118
v -4.0000394 5.9988818 2.3002118
v -3.9000397 5.9988818 0.30021179
v -4.0000394 5.9988818 0.40021179
v -4.1000394 5.9988818 0.30021179
v -4.0000394 5.9988818 0.20021179
v -4.4000397 5.8988818 -0.19978821
v -4.5000394 5.8988818 -0.099788208
v -4.8000397 5.6988818 -0.59978821
v -4.9000397 5.6988818 -0.49978821
v -5.2000397 5.3988806 -0.99978821
v -5.3000391 5.3988806 -0.89978821
v -5.4000397 5.0988821 -1.1997882
v -5.5000391 5.0988821 -1.0997882
v -5.6000391 4.6022159 -1.3997882
v -5.7000391 4.6022159 -1.2997882
v -5.8000391 4.19888 -1.3997882
v -4.5198376 5.8988824 0.70021179
v -4.4000394 5.8988824 0.80021179
v -4.9000397 5.6988818 1.1002115
v -4.8000394 5.6988818 1.2002118
v -5.3000391 5.3988806 1.5002118
v -5.2021216 5.3988806 1.6002118
v -5.5000391 5.0988821 1.7002118
v -5.4000391 5.0988821 1.8002118
v -5.7000391 4.6022159 1.9002112
v -5.6000391 4.6022159 2.0002118
v -5.7000391 4.1988806 2.1002118
v -5.8000391 4.19888 2.0002118
v -3.5000394 5.8988824 -0.10148163
v -3.6000397 5.8988824 -0.19978821
v -3.1000397 5.6988818 -0.49978821
v -3.2000397 5.6988818 -0.59978821
v -2.7000394 5.3988806 -0.89978821
v -2.8000397 5.3988806 -0.99978821
v -2.5000394 5.0988821 -1.0997882
v -2.6000394 5.0988821 -1.1997882
v -2.3000395 4.6022159 -1.2997882
v -2.4000395 4.6022153 -1.3997882
v -3.6000394 5.8988818 0.80021179
v -3.5000394 5.8988818 0.70021179
v -3.2000397 5.6988818 1.2002118
v -3.1000397 5.6988818 1.1002118
v -2.8000397 5.3988818 1.6002118
v -2.6850604 5.3988806 1.5002118
v -2.6000391 5.0988821 1.8002118
v -2.5000394 5.0988821 1.7002118
v -2.4000395 4.6022153 2.0002112
v -2.3000394 4.6022153 1.9002112
v -2.3000395 4.1988806 2.1002118
v -5.7248474 4.19888 -1.3231372
v -5.6233881 4.19888 -1.4245966
v -2.2752313 4.19888 -1.3231372
v -5.7248474 4.19888 1.9235602
v -2.3766907 4.19888 2.0250195
v -4.0002789 5.8992358 0.39180573
v -4.0000177 5.8992249 0.20848694
v -3.9082782 5.8992218 0.30021942
v -4.0919977 5.8992065 0.30000214
v -5.5356909 4.5607602 -1.3354401
v -5.6356909 4.5607602 -1.2354401
v -5.3431891 5.0394177 -1.1429376
v -5.4431885 5.0394177 -1.0429376
v -5.1571777 5.3193463 -0.95692627
v -5.2571777 5.3193463 -0.85692627
v -4.7716119 5.6073193 -0.57136078
v -4.8716119 5.6073193 -0.47136078
v -4.3820389 5.8021765 -0.18178741
v -4.4820386 5.8021765 -0.081787415
v -2.3766907 4.19888 -1.4245966
v -2.364388 4.5607602 -1.2354401
v -2.4643878 4.5607596 -1.3354401
v -2.55689 5.0394177 -1.0429376
v -2.65689 5.0394177 -1.1429376
v -2.7429016 5.3193463 -0.85692627
v -2.8429016 5.3193463 -0.95692627
v -3.1284308 5.6073279 -0.47129669
v -3.2284277 5.607326 -0.57129974
v -3.5179984 5.8021899 -0.083369446
v -3.6179395 5.802168 -0.18173553
v -5.6356909 4.5607602 1.835863
v -5.5356909 4.5607602 1.935863
v -5.6233881 4.19888 2.0250195
v -5.4430255 5.0394705 1.6434692
v -5.34302 5.0394815 1.7434631
v -5.2569812 5.3193176 1.4576013
v -5.1589606 5.3194269 1.5575
v -4.8720251 5.6073645 1.0712347
v -4.7719888 5.607384 1.1712073
v -4.502319 5.8023297 0.68095886
v -4.383139 5.8020868 0.78163818
v -2.4643878 4.5607596 1.935863
v -2.3643878 4.5607596 1.835863
v -2.2752313 4.19888 1.9235602
v -2.6561337 5.0397903 1.7422327
v -2.5560863 5.0397141 1.6422644
v -2.8411673 5.3191687 1.556004
v -2.726806 5.3198633 1.45534
v -3.2277505 5.6072479 1.1713104
v -3.1277716 5.6072632 1.0712833
v -3.6180402 5.8021765 0.782211
v -3.5180402 5.8021765 0.682211
v -3.9988962 5.8018103 0.20960602
v -3.9082697 5.8018103 0.30022552
v -3.9541339 5.7374689 0.2543631
v -4.0002707 5.8018103 0.39181183
v -3.9542935 5.7374744 0.34605133
v -4.0919894 5.8018103 0.30000824
v -4.0459998 5.7374609 0.25426056
v -4.0461368 5.7374664 0.34590149
v -3.9542923 5.7374744 0.34544434
v -4 5.6999994 0.29999756
v -3.9539664 5.7379358 0.34572571
v -5.7000391 3.9988824 -1.6997882
v -2.3000391 3.9988824 -1.6997882
v -6.0000391 3.9988824 2.0002118
v -6.0000391 3.9988824 -1.3997882
v -5.7000391 3.9988824 2.3002118
v -5.8000391 3.9988824 -1.3997882
v -5.7000391 3.9988824 -1.4997882
v -5.7000391 3.9988824 2.1002118
v -5.8000391 3.9988824 2.0002118
v -2.3000395 3.9988824 2.1002118
v -5.7248474 3.9988824 -1.3231372
v -5.6233881 3.9988824 -1.4245966
v -2.2752313 3.9988824 -1.3231372
v -5.7248474 3.9988824 1.9235602
v -2.3766907 3.9988824 2.0250195
v -2.3766907 3.9988824 -1.4245966
v -5.6233881 3.9988824 2.0250195
v -2.2752313 3.9988824 1.9235602
v -4.0000394 5.9988818 -1.4968964
v -2.3000391 4.19888 -1.4997882
v -2.6000391 5.0988821 -1.4968964
v -5.6000391 4.6011368 -1.4968964
v -5.2000397 5.3988806 -1.4968964
v -2.8000397 5.3988806 -1.4968964
v -2.3000391 3.9988824 -1.4997882
v -5.6970911 4.19888 -1.4968964
v -3.2000397 5.6988818 -1.4968964
v -4.8000397 5.6988818 -1.4968964
v -3.6000394 5.8988818 -1.4968964
v -5.4000391 5.0988821 -1.4968964
v -2.4000395 4.6011365 -1.4968964
v -4.4000394 5.8988824 -1.4968964
v -2.2000394 4.19888 -1.3997882
v -2.2156689 5.0988821 -1.0997882
v -2.2156689 5.3988806 -0.89978821
v -2.2156689 5.8988818 -0.10148163
v -2.2156689 5.8988824 0.70021179
v -2.2156689 5.0988821 1.7002118
v -2.2156689 5.6988818 1.1002118
v -2.2000394 3.9988824 2.0002118
v -2.2156689 4.6012784 -1.2997882
v -2.2000394 3.9988824 -1.3997882
v -2.2000394 4.1988794 2.0002118
v -2.2156689 5.6988818 -0.49978851
v -2.2156689 4.6012778 1.9002112
v -2.2156689 5.3988806 1.5002118
v -2.2156691 5.9988818 0.30021149
v -2.6000394 5.0988821 2.1002118
v -2.4000395 4.6011041 2.1002118
v -2.8000397 5.3988812 2.1002118
v -4.4000397 5.8988818 2.1002112
v -5.2021216 5.3988806 2.1002112
v -3.6000397 5.8988824 2.1002118
v -5.6000391 4.6011047 2.1002112
v -3.2000397 5.6988818 2.1002118
v -4.0000394 5.9988818 2.1002112
v -4.8000397 5.6988818 2.1002112
v -5.4000391 5.0988821 2.1002112
v -5.8026111 5.6988818 -0.49978821
v -5.8026111 5.8988818 0.70021179
v -5.8026111 5.9988818 0.30021179
v -5.8026111 5.3988806 1.5002118
v -5.8026111 5.8988824 -0.099788208
v -5.8026111 4.6022156 1.9002112
v -5.8026111 5.6988818 1.1002118
v -5.8026111 5.0988821 -1.0997882
v -5.8026111 5.3988806 -0.89978821
v -5.8026111 4.6022156 -1.2997882
v -5.8026111 5.0988821 1.7002118
v -2.0000394 4.5988818 5.9002118
v -2.0000394 5.0988818 2.9002118
v -2.0000394 5.8988818 3.8985181
v -2.0000394 4.19888 6.0002118
v -2.0000394 5.8988824 4.7002118
v -2.0000394 4.5988818 2.7002118
v -2.0000394 5.6988818 3.5002118
v -2.0000394 5.6988818 5.1002118
v -2.0000394 5.3988806 5.5002118
v -2.0000394 4.19888 2.6002118
v -2.0000394 5.0988818 5.7002118
v -5.7000391 4.19888 2.3002118
v -2.4000395 4.5988818 2.3002118
v -3.2000394 5.6988818 2.3002118
v -4.8000397 5.6988818 2.3002118
v -5.2000397 5.3988806 2.3002118
v -2.3000391 4.19888 2.3002118
v -5.4000391 5.0988818 2.3002118
v -2.6000391 5.0988818 2.3002118
v -3.6000394 5.8988818 2.3002118
v -6.0000391 5.6988818 3.5002118
v -6.0000391 5.3988806 3.1002118
v -6.0000391 4.19888 6.0002118
v -6.0000391 5.3988806 5.5002118
v -6.0000391 5.0988818 2.9002118
v -6.0000391 5.9988818 4.3002118
v -6.0000391 4.602215 2.7002118
v -6.0000391 5.0988818 5.7002118
v -6.0000391 5.8988818 4.7002118
v -6.0000391 4.19888 2.6002118
v -6.0000391 5.8988824 3.9002118
v -6.0000391 4.602215 5.9002112
v -6.0000391 5.6988818 5.1002118
v -3.2000397 5.6988818 6.3002118
v -2.8000397 5.3988806 6.3002118
v -5.7000391 4.1988803 6.3002118
v -5.2021216 5.3988806 6.3002118
v -2.6000394 5.0988818 6.3002118
v -2.4000394 4.5988818 6.3002118
v -5.4000391 5.0988818 6.3002118
v -4.4000397 5.8988818 6.3002118
v -2.3000395 4.1988803 6.3002118
v -3.6000397 5.8988824 6.3002118
v -5.6000391 4.5988818 6.3002118
v -4.8000397 5.6988818 6.3002118
v -4.0000394 5.9988818 6.3002118
v -3.9000397 5.9988818 4.3002118
v -4.0000394 5.9988818 4.4002118
v -4.1000394 5.9988818 4.3002118
v -4.0000394 5.9988818 4.2002118
v -4.4000397 5.8988818 3.8002118
v -4.5000394 5.8988818 3.9002118
v -4.8000397 5.6988818 3.4002118
v -4.9000397 5.6988818 3.5002118
v -5.2000397 5.3988806 3.0002118
v -5.3000391 5.3988806 3.1002118
v -5.4000397 5.0988818 2.8002118
v -5.5000391 5.0988818 2.9002118
v -5.6000391 4.6022156 2.6002118
v -5.7000391 4.6022156 2.7002118
v -5.8000391 4.19888 2.6002118
v -4.5198376 5.8988824 4.7002118
v -4.4000394 5.8988824 4.8002118
v -4.9000397 5.6988818 5.1002118
v -4.8000394 5.6988818 5.2002118
v -5.3000391 5.3988806 5.5002118
v -5.2021216 5.3988806 5.6002118
v -5.5000391 5.0988818 5.7002118
v -5.4000391 5.0988818 5.8002118
v -5.7000391 4.6022156 5.9002112
v -5.6000391 4.6022156 6.0002118
v -5.7000391 4.1988803 6.1002118
v -5.8000391 4.19888 6.0002118
v -3.5000394 5.8988824 3.8985181
v -3.6000397 5.8988824 3.8002118
v -3.1000397 5.6988818 3.5002118
v -3.2000397 5.6988818 3.4002118
v -2.7000394 5.3988806 3.1002118
v -2.8000397 5.3988806 3.0002118
v -2.5000394 5.0988818 2.9002118
v -2.6000394 5.0988818 2.8002118
v -2.3000395 4.6022156 2.7002118
v -2.4000395 4.602215 2.6002118
v -3.6000394 5.8988818 4.8002118
v -3.5000394 5.8988818 4.7002118
v -3.2000397 5.6988818 5.2002118
v -3.1000397 5.6988818 5.1002118
v -2.8000397 5.3988818 5.6002118
v -2.6850604 5.3988806 5.5002118
v -2.6000391 5.0988818 5.8002118
v -2.5000394 5.0988818 5.7002118
v -2.4000395 4.602215 6.0002112
v -2.3000394 4.602215 5.9002112
v -2.3000395 4.1988803 6.1002118
v -5.7248474 4.19888 2.6768628
v -5.6233881 4.19888 2.5754034
v -2.2752313 4.19888 2.6768628
v -5.7248474 4.19888 5.9235602
v -2.3766907 4.19888 6.0250195
v -4.0002789 5.8992358 4.3918054
v -4.0000177 5.8992249 4.2084869
v -3.9082782 5.8992218 4.3002197
v -4.0919977 5.8992065 4.3000024
v -5.5356909 4.5607599 2.6645599
v -5.6356909 4.5607599 2.7645599
v -5.3431891 5.0394174 2.8570624
v -5.4431885 5.0394174 2.9570624
v -5.1571777 5.3193463 3.0430737
v -5.2571777 5.3193463 3.1430737
v -4.7716119 5.6073193 3.4286389
v -4.8716119 5.6073193 3.5286389
v -4.3820389 5.8021765 3.8182123
v -4.4820386 5.8021765 3.9182123
v -2.3766907 4.19888 2.5754034
v -2.364388 4.5607599 2.7645599
v -2.4643878 4.5607593 2.6645599
v -2.55689 5.0394174 2.9570624
v -2.65689 5.0394174 2.8570624
v -2.7429016 5.3193463 3.1430737
v -2.8429016 5.3193463 3.0430737
v -3.1284308 5.6073279 3.5287036
v -3.2284277 5.607326 3.4287
v -3.5179984 5.8021899 3.9166302
v -3.6179395 5.802168 3.8182642
v -5.6356909 4.5607599 5.835863
v -5.5356909 4.5607599 5.935863
v -5.6233881 4.19888 6.0250195
v -5.4430255 5.0394702 5.6434692
v -5.34302 5.0394812 5.7434631
v -5.2569812 5.3193176 5.4576013
v -5.1589606 5.3194269 5.5575
v -4.8720251 5.6073645 5.0712347
v -4.7719888 5.607384 5.1712073
v -4.502319 5.8023297 4.6809589
v -4.383139 5.8020868 4.7816382
v -2.4643878 4.5607593 5.935863
v -2.3643878 4.5607593 5.835863
v -2.2752313 4.19888 5.9235602
v -2.6561337 5.03979 5.7422327
v -2.5560863 5.0397137 5.6422644
v -2.8411673 5.3191687 5.556004
v -2.726806 5.3198633 5.45534
v -3.2277505 5.6072479 5.1713104
v -3.1277716 5.6072632 5.0712836
v -3.6180402 5.8021765 4.7822107
v -3.5180402 5.8021765 4.6822107
v -3.9988962 5.8018103 4.2096063
v -3.9082697 5.8018103 4.3002252
v -3.9541339 5.7374689 4.2543634
v -4.0002707 5.8018103 4.3918115
v -3.9542935 5.7374744 4.3460516
v -4.0919894 5.8018103 4.3000079
v -4.0459998 5.7374609 4.2542603
v -4.0461368 5.7374664 4.3459015
v -3.9542923 5.7374744 4.3454443
v -4 5.6999994 4.2999976
v -3.9539664 5.7379358 4.3457257
v -2.0000394 3.9988824 2.6002118
v -2.3000391 3.9988821 2.3002118
v -6.0000391 3.9988824 6.0002118
v -6.0000391 3.9988824 2.6002118
v -5.7000391 3.9988824 6.3002118
v -2.3000395 3.9988824 6.3002118
v -5.8000391 3.9988824 2.6002118
v -5.7000391 3.9988821 2.5002118
v -5.7000391 3.9988824 6.1002118
v -5.8000391 3.9988824 6.0002118
v -2.3000395 3.9988824 6.1002118
v -5.7248474 3.9988824 2.6768628
v -5.6233881 3.9988824 2.5754034
v -2.2752313 3.9988824 2.6768628
v -5.7248474 3.9988824 5.9235602
v -2.3766907 3.9988824 6.0250195
v -2.3766907 3.9988824 2.5754034
v -5.6233881 3.9988824 6.0250195
v -2.2752313 3.9988824 5.9235602
v -4.0000394 5.9988818 2.5031036
v -2.3000391 4.19888 2.5002118
v -2.6000391 5.0988818 2.5031036
v -5.6000391 4.6011365 2.5031036
v -5.2000397 5.3988806 2.5031036
v -2.8000397 5.3988806 2.5031036
v -2.3000391 3.9988821 2.5002118
v -5.6970911 4.19888 2.5031036
v -3.2000397 5.6988818 2.5031036
v -4.8000397 5.6988818 2.5031036
v -3.6000394 5.8988818 2.5031036
v -5.4000391 5.0988818 2.5031036
v -2.4000395 4.6011362 2.5031036
v -4.4000394 5.8988824 2.5031036
v -2.2000394 4.19888 2.6002118
v -2.2156689 5.0988818 2.9002118
v -2.2156689 5.3988806 3.1002118
v -2.2156689 5.8988818 3.8985181
v -2.2156689 5.8988824 4.7002118
v -2.2156689 5.0988818 5.7002118
v -2.2156689 5.6988818 5.1002118
v -2.2000394 3.9988824 6.0002118
v -2.2156689 4.6012781 2.7002118
v -2.2000394 3.9988824 2.6002118
v -2.2000394 4.1988794 6.0002118
v -2.2156689 5.6988818 3.5002118
v -2.2156689 4.6012775 5.9002112
v -2.2156689 5.3988806 5.5002118
v -2.2156691 5.9988818 4.3002118
v -2.6000394 5.0988818 6.1002118
v -2.4000395 4.6011038 6.1002118
v -2.8000397 5.3988812 6.1002118
v -4.4000397 5.8988818 6.1002112
v -5.2021216 5.3988806 6.1002112
v -3.6000397 5.8988824 6.1002118
v -5.6000391 4.6011044 6.1002112
v -3.2000397 5.6988818 6.1002118
v -4.0000394 5.9988818 6.1002112
v -4.8000397 5.6988818 6.1002112
v -5.4000391 5.0988818 6.1002112
v -5.8026111 5.6988818 3.5002118
v -5.8026111 5.8988818 4.7002118
v -5.8026111 5.9988818 4.3002118
v -5.8026111 5.3988806 5.5002118
v -5.8026111 5.8988824 3.9002118
v -5.8026111 4.6022153 5.9002112
v -5.8026111 5.6988818 5.1002118
v -5.8026111 5.0988818 2.9002118
v -5.8026111 5.3988806 3.1002118
v -5.8026111 4.6022153 2.7002118
v -5.8026111 5.0988818 5.7002118
vt 1.0304008 0.44980025
vt -0.085013226 0.53698963
vt 0.14983177 0.41309282
vt 0.64029944 0.084128678
vt 0.53387576 0.70425111
vt 0.70832837 0.41028723
vt 0.99634755 1.1376847
vt -1.937151e-07 0.99999988
vt 0.21419853 0
vt -0.12536293 0.44980022
vt 0.81965113 0.44980025
vt 0.32316756 0.44965622
vt 0.6666193 0.41180012
vt 0.44058365 0.12896866
vt 0.40780252 0.11320239
vt 0.74073178 0.0039062798
vt 0.042682573 0.44980022
vt -0.51626837 0.41180003
vt 0.68883169 0.60337919
vt 0.78345239 0.70916784
vt 0.99607539 0.062915176
vt 0.40421939 0.5004189
vt 0.78345227 0.30252582
vt -0.0003426075 0.12491626
vt 0.29928625 0.44980022
vt 1 1
vt 0.21419853 0
vt 0.515625 0.203125
vt 0.33792275 0.92766857
vt 0.097543091 0.44980022
vt 0.99999976 1.0000005
vt 1.3419377 0.44980025
vt 0.74073178 0.0039062798
vt 1.029933 0.44980025
vt 0.90415406 0.5004189
vt -0.028703213 0.44980022
vt -0.45073235 0.5001356
vt 0.74350238 0.50340664
vt 0.40412828 0.44980022
vt 0.7435469 -0.1179169
vt -0.00034284592 0.31679958
vt 0.70243347 0.5004189
vt 0 0.203125
vt 0.74350238 0.82108575
vt -0.3062959 0.41180006
vt -0.17224926 0.44980022
vt 1 1
vt 0.4375 0.40625
vt 0.515625 0.203125
vt 0.75 0
vt 2.9802322e-08 0.40624219
vt 0.2435853 0.50182837
vt -0.0003426075 0.2053113
vt 0.46713853 0.50013566
vt 0.12507126 0.44965622
vt 0.50078785 0.5004189
vt 0.26393265 0.71542692
vt 0.296875 0.40625
vt -0.00034284592 1.0115989
vt 0 0.203125
vt 0.75331122 1
vt 0.99999154 0.50182837
vt 0.9041543 0.44980025
vt 0.99634731 -0.12599152
vt 0.75 0.203125
vt 0.4375 0.40625
vt 0.75 0
vt 0.515625 0.203125
vt 0.81965113 0.44980025
vt 2.9802322e-08 0.40624219
vt 0.44058365 0.15644431
vt 0.50078785 0.44980022
vt -0.0003426075 0.70013523
vt 1.432532 0.41028723
vt 0.99695575 0.50584662
vt 0.59759194 0.44980022
vt -0.028068721 0.44980022
vt 0.26393265 0.16772509
vt 0.12507126 0.41587743
vt -0.12529439 0.44980022
vt 0.296875 0.40625
vt 0.066008426 0.95227635
vt 1.1976331 0.44980025
vt 1.2855051 0.44740814
vt 0.58455563 0.40175048
vt 0 0.203125
vt 0.75331122 1
vt 1.432532 0.53746992
vt 0.75 0.203125
vt 0.28604126 0.60041702
vt 1 0
vt 0.75 0
vt 0.76552641 0.44980022
vt 0.2923938 0.53747004
vt 0.29239374 0.44740817
vt 1.1739689 0.5004189
vt 1 0.40624219
vt 1.432532 0.50042623
vt 0.50000912 0.58818167
vt 0.45874679 0.45278448
vt 0.25895524 0
vt 0.40290177 0.028921127
vt 0.75331122 1
vt 0.7435025 -0.023868755
vt 0.5338757 0.30256236
vt 0.515625 0
vt 0.2435853 0.50182837
vt 0.99999154 0.41238776
vt 0.87807256 0.82744312
vt 0.45874679 0.45278448
vt 1 0
vt 0.055311039 0.44773307
vt 1.432532 0.44740814
vt 0.9041543 0.44980025
vt 0.80696833 0.50182837
vt 0.515625 0
vt 0.26393253 0.29145283
vt 0.61721087 0.55900043
vt 0.12507126 0.50180167
vt 0.6666193 0.41180012
vt 0.32316753 0.50180167
vt 0.81989765 0.44980025
vt 0.26655722 0.50063759
vt 1.2950513 0.44980025
vt 0.78345239 0.70916784
vt 0.38377619 0.41238776
vt 1.1739689 0.5004189
vt 0.671875 0.203125
vt 0.659217 0.10291141
vt 0 1.0000005
vt 0.99695623 0.70916784
vt 0.62109464 0.10360718
vt 0.96689415 0.1806142
vt 0.67908669 0.41587746
vt 0.031329907 0.5001356
vt 0.40290177 0.028921127
vt 0.94060034 0.53747004
vt 0 0
vt 0.097634017 0.44980022
vt 0.7435025 -0.023868755
vt 0.99999988 -1.4901161e-08
vt 0.40412828 0.44980022
vt 0.99695551 -0.027693748
vt 0.60507929 0.53698963
vt 0.76552641 0.5004189
vt 0.45874679 0.40624219
vt 0.85016823 0.41309282
vt 1.2950513 0.5004189
vt 0.74350226 0.70425111
vt -9.1865659e-06 5.9604645e-08
vt 0.42228514 0.17459679
vt 0 0
vt 0.54125321 0.55111891
vt 0.097687304 0.44980022
vt 0.46713853 0.41180012
vt 0.70832837 0.41028723
vt 0.53387576 0.70425111
vt 0.58455575 0.60512865
vt 0.99634731 -0.12599152
vt 0.2435853 0.53698963
vt 0.38724923 0.83874315
vt 0.4375 0.203125
vt 0.90415406 0.44980025
vt 0.26393253 0.29145283
vt 1.499269 0.44740811
vt 0.6666193 0.41180012
vt 0.98758566 0.44980025
vt 1.0879757 0.41028726
vt 1 0.50457662
vt 0.54161173 0.41587746
vt 0.33792251 0.079084158
vt 0.12507126 0.41587743
vt 1.2950513 0.44980025
vt 1.2855051 0.53746992
vt -0.45073235 0.5364421
vt 0 0
vt 0.24637583 1
vt 0.54125321 0.55111891
vt 0.21875 0
vt 0.40421939 0.5004189
vt 0.99695563 0.18425062
vt 0.90417653 0.5004189
vt 0.26393276 0.40175048
vt 0.61673492 0.55900055
vt 1.0601245 0.41587746
vt 0.29239374 0.44740817
vt 1.432532 0.50042623
vt 1 0.50457662
vt 0.61673498 0.55900043
vt 0.21875 0.203125
vt 1.3419377 0.5004189
vt -0.45073235 0.41180003
vt 0.21419853 0.203125
vt 0.46713853 0.44818616
vt 1.1739471 0.5004189
vt -0.0003426075 0.60041702
vt 0.702411 0.44980022
vt 1 0.203125
vt 0.25911927 0.41180006
vt 0.50093246 0.44980022
vt 0.26651913 0.50457662
vt 0.49826199 0
vt 0.67908669 0.53504556
vt -0.17227119 0.50041884
vt 0.21875 0.203125
vt 0.87807256 0.82744312
vt 0.99999154 0.50182837
vt -0.028559923 0.50041884
vt 0.21419853 0.203125
vt 0.12507126 0.53504556
vt 0.48590243 0.71542692
vt 0.67908669 0.50180167
vt 0.14981347 0.41309258
vt 0.32316753 0.53504556
vt 0.4485296 0.04721576
vt 1 0.203125
vt 0 0.203125
vt 0.99634731 -0.12599152
vt 0.59792376 0.44980022
vt 0 0
vt 0.85018659 0.41309282
vt 0.18206924 0.5004189
vt 0.26651913 0.50457662
vt 0.90417719 0.44980025
vt 0.86452794 0.53504556
vt 0.37915671 0.08815378
vt 0.72526586 0.45278448
vt 0.7764321 0.55111891
vt 0.40397611 0.15644813
vt 0.26393265 0.92766833
vt 0.54161173 0.53504556
vt 1.1270609 0.5004189
vt 0.2638841 -0.15544493
vt -0.064693928 0.44965619
vt 0.94060034 0.44740811
vt 1 0.203125
vt 0 0.203125
vt 0.23517889 0.40624219
vt 0.26393265 0.5034402
vt 0 0
vt 0.99695563 0.18425062
vt -0.00037944317 -0.072636597
vt 0.26651913 0.50457662
vt -0.14842905 0.41238776
vt 5.9604645e-08 0.55111891
vt 0.62109464 0.10360718
vt 0.99626094 0.50180167
vt 0.72526586 0.45278448
vt 1.0879757 0.53746992
vt 0.26562184 0.5004189
vt 0.7435025 1.0306822
vt 0.18206921 0.44980022
vt -0.3062959 0.4481861
vt 0 -3.2782555e-07
vt 0.23517889 0.40624219
vt -0.064693928 0.4158774
vt 1.2855051 0.50042623
vt 0.2435853 0.50182837
vt 0.60507929 0.53698963
vt 1.4992688 0.41028726
vt 0.72526586 0.45278448
vt 0.87807256 0.82744312
vt 0.99695575 0.40831438
vt 1.2950513 0.5004189
vt 0.80696833 0.50182837
vt 0.23517889 0.45278448
vt 0.12507126 0.50180167
vt -0.085013226 0.41238776
vt 0.50078785 0.44980022
vt 0.81962818 0.44980025
vt 0.40289709 0.065516174
vt 0.066008426 0.95227635
vt 0.72081113 -0.023634687
vt 0.18221366 0.44980022
vt 0.46713853 0.53644216
vt 0.23517889 0.45278448
vt -0.51626837 0.5001356
vt 0.6666193 0.44818616
vt 0.097543091 0.44980022
vt -0.3062959 0.5001356
vt 0.031329907 0.4481861
vt 0.67908669 0.41587746
vt 1 0.203125
vt 0.99695575 0.098960996
vt 0.296875 0.203125
vt 0.28859603 1.0597219
vt 0.44040793 0.40706211
vt 0.031329907 0.5001356
vt 0.96689415 0.17964146
vt 2.9802322e-08 0.40625
vt 0.23517889 0.45278448
vt 1.0298796 0.44980025
vt 1 0.203125
vt 0.60507929 0.53698963
vt 0.99695599 0.30252582
vt 0.40781161 0.076596797
vt 0.75 0
vt 0.24637589 1
vt 1.2950513 0.5004189
vt -0.12536293 0.44980022
vt 0.48590243 0.71542692
vt 2.9802322e-08 0.40625
vt 1 0.40625
vt 0.67908669 0.53504556
vt 0.67908669 0.50180167
vt 1.0304008 0.44980025
vt 0.25911927 0.50013566
vt 0.43528634 0.076600611
vt -0.14842905 0.44773307
vt -0.12536293 0.44980022
vt 0.14010064 0.50041884
vt 1.1739689 0.44980025
vt 0.86452794 0.41587746
vt 0.49595416 0.50042635
vt 0.62734336 0.18572773
vt 0.37523174 0.5084818
vt 0.33792251 0.079084158
vt -0.12524128 0.44980022
vt 0.59792376 0.5004189
vt 0.6666193 0.41180012
vt 0.75 0
vt 0.68883169 0.60337919
vt 0.18216005 0.44980022
vt 1.2950513 0.44980025
vt 0.99999154 0.53698963
vt 2.9802322e-08 0.45278448
vt 1.0721117 0.5004189
vt 0.26393265 0.92766833
vt 0.78345239 0.70916784
vt -0.51626837 0.5001356
vt 0.75 0.203125
vt 0.72526586 0.40624219
vt 0.50087911 0.5004189
vt 0.26393265 -0.05322291
vt 0.73346078 0.50063747
vt 0.26393265 0.5034402
vt 0.50087911 0.5004189
vt 1.499269 0.50042623
vt 3.8743019e-07 2.3841858e-07
vt -0.00034284592 0.31679958
vt 0.40412828 0.5004189
vt 2.9802322e-08 0.45278448
vt 1 0.45278448
vt -0.0282197 0.50041884
vt 0.85018623 0.4130927
vt 0.25911927 0.41180006
vt 0.12507126 0.44965622
vt 0.75 0.203125
vt 0.72526586 0.40624219
vt 0.19685084 0.70013511
vt 1.2855051 0.50042623
vt 0.49826211 0
vt 0.70832837 0.53747004
vt 1.1270826 0.5004189
vt 0.99695599 0.30252582
vt 0.46713853 0.50013566
vt 1.1739471 0.5004189
vt 0.54161173 0.44965622
vt 0.67908669 0.53504556
vt 0.99695623 0.82744312
vt 0.99626094 0.41587746
vt 0.57220715 0.5004189
vt -0.0003426075 0.8920185
vt 2.9802322e-08 0.45278448
vt 1 0.45278448
vt 0.74350238 0.90533632
vt 0.99634731 -0.12599152
vt 0.42228514 0.17459679
vt 0.40427282 0.44980022
vt 0.14010064 0.50041884
vt 0.81965113 0.44980025
vt 0.49826211 0
vt 0.86452794 0.53504556
vt 0.32316753 0.41587743
vt -0.3062959 0.5364421
vt 0.042682573 0.44980022
vt 0.37915671 0.08815378
vt -0.45073235 0.4481861
vt 0.74350238 0.59975117
vt 0.36106974 0.10646677
vt -0.12529439 0.44980022
vt 0.12507126 0.41587743
vt 0 0
vt 2.9802322e-08 -1.7881393e-07
vt 0.72081113 -0.023634687
vt -0.085013226 0.44773307
vt 1.1976331 0.44980025
vt 0.98758566 0.5004189
vt 0.28604126 0.60041702
vt 0.94060034 0.41028726
vt 1.1739689 0.5004189
vt 0.5009318 0.5004189
vt 0.29239374 0.44740817
vt 1.432532 0.50042623
vt 0.40412828 0.44980022
vt 1 0
vt 0.70243347 0.5004189
vt -0.3062959 0.4481861
vt 0.81965053 0.5004189
vt -0.064693928 0.4158774
vt 0.091450624 0.32554838
vt 0.40427226 0.5004189
vt 0.091450624 0.32554838
vt 1.1270831 0.5004189
vt 1.2855051 0.50042623
vt 0.40427226 0.5004189
vt 0.99999154 0.41238776
vt 1.0601245 0.44965625
vt -0.17212766 0.44980022
vt 1.0879757 0.44740811
vt 1.0601245 0.50180167
vt 0.26393265 0.71542692
vt 0.35014802 0.44980022
vt 1.0304229 0.5004189
vt -0.11286631 0.5364421
vt 0.65973353 0.10276884
vt 0.32316753 0.53504556
vt 0 0
vt -0.00034284592 0.0053359321
vt 1.0879757 0.50042635
vt -0.085013226 0.41238776
vt -5.9604645e-08 -3.2782555e-07
vt 0.62734336 0.18572773
vt 0.40289709 0.065516174
vt 0.37523174 0.5084818
vt 0.74350238 0.40706211
vt -0.51626837 0.4481861
vt -0.12529439 0.44980022
vt 0.18206924 0.5004189
vt 0.72081113 -0.023634687
vt 0.81989765 0.44980025
vt 0.031329907 0.4481861
vt 0 0
vt 0.28859603 1.0597219
vt 0.26393265 0.079084158
vt 0.59744745 0.44980022
vt 1.1739689 0.5004189
vt 0.29937726 0.5004189
vt 0.62109464 0.10360718
vt 0.26655722 0.50063735
vt 0.7435025 -0.023868755
vt 0 0
vt 0.87807196 0.18425062
vt 0.60507929 0.53698963
vt 0.055311039 0.50182837
vt 0.86452794 0.50180167
vt 0.50173783 1
vt -0.51626837 0.5364421
vt 0.64050096 0.12270868
vt 0.25911927 0.50013566
vt 0.43528634 0.076600611
vt 0.90415406 0.44980025
vt 0.65973353 0.10276884
vt 0.70832837 0.41028723
vt -0.00037944317 1.0895715
vt 0.53387576 0.70425111
vt 0.46736503 0.44980022
vt -0.028612494 0.50041884
vt 0.28859603 -0.052968636
vt 0.26393265 0.16772509
vt 0.54161173 0.53504556
vt 0.50173783 1
vt 0.25895521 0
vt 0.37523174 0.5084818
vt 0.57220715 0.44980022
vt 0.90417653 0.5004189
vt 1.432532 0.53746992
vt 0.7764321 0.50457662
vt 1.1976331 0.44980025
vt 0.8703686 0.44980022
vt 0.25895521 0
vt -0.11286631 0.4481861
vt -0.45073235 0.5001356
vt 0.94060034 0.50042635
vt 0.46736509 0.5004189
vt 0.99695611 1.0393867
vt 0.70243347 0.5004189
vt 0.48590231 0.29145283
vt -0.064693928 0.50180167
vt 0.62734348 0.82108563
vt 0.7764321 0.50457662
vt 0.74350238 0.82108575
vt 0.60507929 0.44773307
vt 0.702411 0.44980022
vt 0.92538249 0.098960996
vt 0.25895521 0
vt 1 0.99999982
vt 0.74073184 0.0039062798
vt 0.70243406 0.44980022
vt -0.028091073 0.44980022
vt 0.70228964 0.44980022
vt 0.48590243 0.71542692
vt 0.67908669 0.50180167
vt 0.38328314 0.55900055
vt 0.26651913 0.55111891
vt 0.44058365 0.15644431
vt 0.36106974 0.10646677
vt 1 0.55111891
vt 1 0
vt -0.0003426075 0.70013523
vt 1 0.55063224
vt 1.499269 0.44740811
vt 1.432532 0.41028723
vt 0.26393241 1.0599761
vt 0.81989765 0.44980025
vt 0.055311039 0.53698963
vt 0.671875 0.40625
vt 0.81989765 0.44980025
vt -0.17218041 0.44980022
vt 0.26651913 0.55111891
vt 0.90415406 0.5004189
vt 0.99695563 0.18425062
vt 1.499269 0.50042623
vt 0.99609375 0.062915176
vt 0.29937726 0.5004189
vt 1 0.55111891
vt 1 0
vt -0.14842905 0.41238776
vt 0.54125321 0.50457662
vt 0.10766029 0.2053113
vt 0.26393265 0.605129
vt 1.2855051 0.50042623
vt 0.671875 0.40625
vt 0.5338757 0.30256236
vt 0.8703686 0.5004189
vt 0.26651913 0.55111891
vt 0.40397611 0.12896389
vt 0.26653934 0.50063747
vt 0.40412828 0.5004189
vt 0.702411 0.44980022
vt -0.0042038113 0.50041884
vt 0.097634017 0.5004189
vt -0.14842905 0.50182837
vt 0.54125321 0.50457662
vt -0.028559923 0.50041884
vt 1.432532 0.44740814
vt 0.35014802 0.44980022
vt 1 0.20706463
vt 1.0879757 0.50042635
vt 0.38377619 0.50182837
vt 1.1739471 0.44980025
vt 0.97269189 -0.027693748
vt 1 1
vt 0.031329907 0.41180006
vt 0.26393241 1.0599761
vt 0.72081113 -0.023634687
vt 0.38377619 0.41238776
vt 0.80696833 0.41238776
vt 0.29943013 0.5004189
vt 1.1739689 0.5004189
vt 0.296875 0.40625
vt 1.3419377 0.44980025
vt 0.99695623 0.70916784
vt 0.29928625 0.44980022
vt 1.3419377 0.5004189
vt 0.031329907 0.5001356
vt 0.75 0.203125
vt 0.99626094 0.53504562
vt -0.14842905 0.41238776
vt 0.75 0
vt 0.99695575 0.098960996
vt -0.028703213 0.44980022
vt 0.48590231 0.29145283
vt 1 0.40624219
vt 0.26562184 0.5004189
vt 0.54161173 0.50180167
vt -0.064693928 0.50180167
vt 0.49595416 0.41028726
vt 0.21419853 0
vt 0.74073178 0.0039062798
vt 0.92538249 0.098960996
vt 0.75 0.203125
vt 1.0304229 0.5004189
vt 0.50078785 0.5004189
vt 1 0.40624219
vt 0.46713853 0.41180012
vt 0.38328329 0.55900055
vt 0.65973353 0.10276884
vt 0.14981341 0.4130927
vt 0.74073178 0.0039062798
vt 0.62734336 0.18572773
vt 0.33792251 0.079084158
vt 1.0879757 0.41028726
vt 0.35014802 0.5004189
vt 0.031329896 0.5364421
vt 0.515625 0
vt 0.097686768 0.5004189
vt 0.99695575 0.50584662
vt 0.46736503 0.44980022
vt 0 0.203125
vt 1.0000092 5.9604645e-08
vt 0.055311039 0.53698963
vt -0.064693987 0.53504556
vt 0.4375 0.40625
vt 2.9802322e-08 0.40624219
vt 0.80696833 0.53698963
vt 0.94060034 0.50042635
vt 0.70228964 0.5004189
vt 0.515625 0
vt 0.59744745 0.44980022
vt 0.99695575 0.098960996
vt 0.48590231 0.29145283
vt 0.46713853 0.44818616
vt 0 0.203125
vt 0.75331122 1
vt 0.29928625 0.5004189
vt -0.064693928 0.50180167
vt 0.66886675 0.44980022
vt 0.25911927 0.41180006
vt 0.4375 0.40625
vt 0.81962818 0.5004189
vt 0.38377619 0.44773307
vt 2.9802322e-08 0.40624219
vt 0.66886675 0.44980022
vt 0.8703686 0.5004189
vt 0.6935153 0.40831453
vt 0.99695599 0.30252582
vt 0.92538249 0.098960996
vt 0.055311039 0.50182837
vt 0.40427226 0.5004189
vt 0.25895524 0
vt 0.74350226 0.70425111
vt 0.75331122 1
vt 0.50173777 1
vt 1.029917 0.5004189
vt 0.72081113 1.0304481
vt 0.14010064 0.50041884
vt 1.2855051 0.41028723
vt -0.00037944317 1.0895715
vt 0.54161173 0.53504556
vt 0.37915671 0.08815378
vt 0.45874679 0.45278448
vt 1.1269412 0.44980025
vt 0.25895524 0
vt -0.12524128 0.44980022
vt 0 1
vt 0.32316756 0.44965622
vt 1 0.55063224
vt 0.97269189 -0.027693748
vt 0.50173777 1
vt 0.65954733 0.10330385
vt 0.50087911 0.5004189
vt 0.80696833 0.41238776
vt 0.98758566 0.5004189
vt 1.3411045e-07 0.99999988
vt 0.59421194 0.50584662
vt 1.2950513 0.44980025
vt 1.0879757 0.53746992
vt 0.45874679 0.45278448
vt 1 0
vt 0.25895524 0
vt 0.70832837 0.44740814
vt 0.14010064 0.44980022
vt 0.10766029 0.2053113
vt 0.50173777 1
vt 0.90415424 0.5004189
vt 0.671875 0.203125
vt 0.24637583 1
vt -1.9837171e-07 1.0000002
vt 1 0
vt 0.6666193 0.53644216
vt -0.11286631 0.41180006
vt 0.38377619 0.50182837
vt 0.99695623 0.82744312
vt 0.57220715 0.5004189
vt -0.085013226 0.53698963
vt -0.0042038113 0.44980022
vt 0.60507929 0.41238776
vt 0.671875 0.203125
vt 0.45874679 0.40624219
vt 0.24637583 1
vt 1.197633 0.5004189
vt 2.9802322e-08 0.203125
vt 0.92538261 0.91273218
vt 0.29937726 0.44980022
vt 0.75331116 1
vt 0.80696833 0.41238776
vt 1.2855051 0.44740814
vt -0.064693987 0.53504556
vt 0.671875 0.203125
vt 0.4375 0.203125
vt 0.66672039 0.12938303
vt 0.45874679 0.40624219
vt 0.98758566 0.5004189
vt 0.81989765 0.5004189
vt 0.59744745 0.44980022
vt 1.1739689 0.5004189
vt 0.61431968 0.077249527
vt 0.61721075 0.55900031
vt 2.9802322e-08 0.203125
vt 0 0.203125
vt 1 0.203125
vt 0.74350238 0.50340664
vt 0 0
vt -0.028703213 0.44980022
vt 0.063065231 0.12491626
vt 0 0
vt 0.75331116 1
vt 0.54125321 0.55111891
vt 0.21875 0
vt 0.49595416 0.41028726
vt -0.17215842 0.50041884
vt 1.1739471 0.5004189
vt 0.4375 0.203125
vt 0.5338757 0.30256236
vt -0.0003426075 0.2053113
vt 0.45874679 0.40624219
vt 0.091468811 0.32554838
vt 0.2638841 1.1621974
vt 0.6935153 0.40831453
vt -0.0003426075 0.8920185
vt 2.9802322e-08 0.203125
vt 0 0.203125
vt 0.66886675 0.5004189
vt 0 0
vt 0.25911927 0.50013566
vt 0.43528634 0.076600611
vt -0.00034284592 1.0115989
vt 0.54125321 0.55111891
vt 0.21875 0
vt 0.49595416 0.50042635
vt 0.03310585 0.17964157
vt 0.4375 0.203125
vt 0.74350202 0.30256236
vt 0.49826199 0
vt 0.031329896 0.5364421
vt 0.26393265 0.16772509
vt 0.21875 0.203125
vt 0.2435853 0.44773307
vt 0.21419853 0.203125
vt 0.18221366 0.44980022
vt 0.21875 0
vt 0.18221298 0.5004189
vt 0.18206924 0.5004189
vt 0.50087911 0.44980022
vt 0.7435469 1.12473
vt 0.26393265 0.92766833
vt 1.432532 0.53746992
vt 0.80696833 0.53698963
vt 0.29937726 0.5004189
vt 0.26651913 0.50457662
vt 0.49826199 0
vt 0.26393265 0.5034402
vt 0.59421194 0.50584662
vt 0.21875 0.203125
vt 0.50087911 0.5004189
vt 0.7764321 0.55111891
vt -0.00034284592 0.41618007
vt 0.21419853 0.203125
vt -0.12538493 0.50041884
vt 0.38965309 0.094890475
vt 0.38724911 0.1677247
vt 0.46736509 0.5004189
vt -0.064693928 0.50180167
vt -0.14842905 0.53698963
vt 0.055311039 0.41238776
vt -0.17212766 0.44980022
vt 0.19685084 0.70013511
vt 0.70832837 0.53747004
vt 1.1739471 0.5004189
vt 0.26651913 0.50457662
vt -0.17224926 0.44980022
vt 0.49826199 0
vt -0.0003426075 0.2053113
vt 0.50078785 0.5004189
vt 0.6935153 0.40831453
vt 0.92538249 0.098960996
vt 0.7764321 0.55111891
vt -0.11286631 0.41180006
vt -0.14842905 0.44773307
vt -0.028091073 0.44980022
vt 0 1
vt 0.61431968 0.12989789
vt 5.9604645e-08 0.50457662
vt 0.60507929 0.41238776
vt 1.2855051 0.41028723
vt 5.9604645e-08 0.55111891
vt 0.38724923 0.83874315
vt -0.028612494 0.50041884
vt 0.70243347 0.5004189
vt 0.72526586 0.45278448
vt 0.7764321 0.55111891
vt 0.26393265 0.16772509
vt 1.197633 0.5004189
vt -0.085013226 0.44773307
vt 0 1
vt 0.2435853 0.41238776
vt 1.432532 0.53746992
vt 0.055311039 0.53698963
vt 5.9604645e-08 0.50457662
vt 0.75 0
vt 1.499269 0.50042623
vt 9.1865659e-06 5.9604645e-08
vt 0.76552641 0.44980022
vt 5.9604645e-08 0.55111891
vt -0.0282197 0.50041884
vt 0.34258366 0.08815378
vt 0.61431968 0.077249527
vt 0.61673462 0.55900055
vt 0.99695611 1.0393867
vt 0 1
vt -0.085013226 0.50182837
vt 0.097634017 0.44980022
vt 5.9604645e-08 0.50457662
vt 0.75 0
vt 0.99695551 -0.027693748
vt 0.18216002 0.5004189
vt 1.0879757 0.44740811
vt 0.76552641 0.5004189
vt 0.702411 0.44980022
vt 0.81962818 0.5004189
vt 0.99999154 0.44773307
vt 0.73346055 0.50063759
vt 1.0601245 0.44965625
vt 0.2638841 1.1621974
vt 0.72526586 0.40624219
vt 1.0601245 0.50180167
vt 0.67407715 0.1014771
vt -0.028091073 0.44980022
vt 0.23517889 0.45278448
vt 0.097687304 0.44980022
vt 1 0.203125
vt 0.296875 0.203125
vt 0.25911927 0.44818616
vt 0.70832837 0.50042635
vt 0.74350202 0.30256236
vt -5.9604645e-08 -1.4901161e-07
vt 0 0.20706463
vt 0.75 0.203125
vt 0.72526586 0.40624219
vt 0.26393241 1.0599761
vt 0.97269189 -0.027693748
vt 0.49826211 0
vt 1 0.40625
vt 0.18221298 0.5004189
vt 0.14983153 0.4130927
vt 0.66672039 0.12938303
vt 0.80696833 0.41238776
vt -0.17218041 0.44980022
vt 1 0.203125
vt 0.34694028 0.50340712
vt 0.296875 0.203125
vt -0.0003426075 0.12491626
vt 0 1.0000005
vt 1.3419377 0.44980025
vt 0.063065231 0.12491626
vt 0.24637589 1
vt 0.99626094 0.44965625
vt 1.3419377 0.5004189
vt 2.9802322e-08 0.40625
vt 0.49826211 0
vt 1 0.40625
vt 0.29239374 0.41028726
vt 0.097634017 0.44980022
vt 0.01846981 0.0055300049
vt 0.38965309 0.094890475
vt 0.60507929 0.50182837
vt 0.00390625 0.062915176
vt 1.1739471 0.5004189
vt 0.50093246 0.44980022
vt 0.033088088 0.1806142
vt 0.40412828 0.5004189
vt 0.2923938 0.50042635
vt -0.17224926 0.44980022
vt 0.24637589 1
vt 0.64050096 0.12270868
vt -0.17227119 0.50041884
vt 1 0.40625
vt -5.9604645e-08 -2.0861626e-07
vt -0.00034284592 0.0053359321
vt 0.19685084 0.31679958
vt 0.90415406 0.44980025
vt 0.44040805 0.59975117
vt 0.59792376 0.44980022
vt 0.40427282 0.44980022
vt 0.28859603 -0.052968636
vt 1.0304008 0.44980025
vt -0.51626837 0.4481861
vt 0.40421939 0.44980022
vt 1.0601245 0.53504562
vt 1 0.45278448
vt 0.74350238 0.59975117
vt -0.064693987 0.53504556
vt 0.46713853 0.53644216
vt 0.33792275 0.92766857
vt -0.00037944317 -0.072636597
vt 0.6666193 0.44818616
vt 0.065491922 0.95241892
vt 0.94060034 0.50042635
vt -7.4738637e-08 -1.0430813e-07
vt 0.26393265 0.605129
vt 0.99695575 0.098960996
vt 1.3419377 0.5004189
vt 0.40421939 0.5004189
vt 1 0.45278448
vt 0.38724911 0.1677247
vt 0.7435025 1.0306822
vt 0.50000912 0.58818167
vt 0.055311039 0.41238776
vt 0.29928625 0.5004189
vt 0.60507929 0.44773307
vt 0.6935153 0.40831453
vt 0.065822229 0.95281136
vt 0.25911927 0.5364421
vt 0.50093246 0.44980022
vt 1.4992688 0.41028726
vt 0.37915671 0.060704887
vt 0.40427226 0.5004189
vt 0.99999154 0.44773307
vt 0.43528634 0.11320144
vt 1 0
vt 0.99695575 0.40831438
vt 0 1.0000004
vt 0 0
vt 1 0
vt 0.2435853 0.41238776
vt -0.11286631 0.5001356
vt 0.38377619 0.53698963
vt 0.59759146 0.5004189
vt 0.59421194 0.50584662
vt 0 0.55063224
vt 1 0
vt 0.097543091 0.5004189
vt 0.70228964 0.5004189
vt 0.10766029 0.2053113
vt 0.68320894 0.5034402
vt 0.61671686 0.55900055
vt 0.60507929 0.50182837
vt 0.29928625 0.5004189
vt 0.59744745 0.5004189
vt 0.67407733 0.90533632
vt 0.12507126 0.44965622
vt 0.99999154 0.44773307
vt 0.70832837 0.53747004
vt 0.43038109 0.028921127
vt -0.14842905 0.50182837
vt 0.90853095 0.32554874
vt -0.11286631 0.41180006
vt 0.38377619 0.50182837
vt 0.9041543 0.44980025
vt -0.028559923 0.50041884
vt 0 0
vt 1.029917 0.5004189
vt 0.54161173 0.44965622
vt 0.01846981 1.0114049
vt 0.26393265 0.83874393
vt 0.70832837 0.50042635
vt -0.0003426075 0.70013523
vt 0.60507929 0.41238776
vt 1.1739471 0.44980025
vt 0.35014802 0.5004189
vt 0.25911927 0.44818616
vt 0.091468982 0.32554838
vt 0.4303773 0.065070212
vt 0.031329907 0.41180006
vt 0.61671662 0.55900055
vt 1.499269 0.44740811
vt -0.00037944317 1.0895715
vt 0.033106089 0.17964157
vt 0.32316753 0.50180167
vt 0.18221298 0.5004189
vt 0.34258366 0.060709655
vt 0.063065231 0.89201838
vt 0.10432041 0.81162328
vt 0.042682454 0.50041884
vt 1.0601245 0.53504562
vt 0.34694028 0.50340712
vt 0.98758566 0.5004189
vt -0.12538493 0.50041884
vt 1.1270609 0.5004189
vt -0.028703213 0.44980022
vt 0.99626094 0.53504562
vt 0.50173783 1
vt 0.659217 0.10291141
vt 0.33792275 0.92766857
vt 0.14010064 0.44980022
vt 0.99626094 0.44965625
vt 0.61431968 0.077249527
vt 0.29239374 0.41028726
vt 0.8703686 0.44980022
vt -0.00034284592 0.31679958
vt 1 0
vt 0.36075103 0.10614961
vt -0.085013226 0.50182837
vt 0.54161173 0.50180167
vt 0.49595416 0.41028726
vt 0.97269261 1.0393867
vt 0.60507929 0.50182837
vt -0.0003426075 0.60041702
vt 1.0304229 0.5004189
vt 0.50173783 1
vt 0.25895521 0
vt 0.671875 0.40625
vt 0.26651913 0.55111891
vt 0.2638841 1.1621974
vt 0.19685084 0.31679958
vt -0.0003426075 0.8920185
vt 0.66886675 0.5004189
vt 0.7764321 0.50457662
vt 1 0.55111891
vt 0.44040805 0.59975117
vt 0.091468811 0.32554874
vt 0.28604126 0.41617987
vt 0.64029944 0.084128678
vt 0.58455575 0.60512865
vt 0.90415406 0.44980025
vt 0.26393253 0.29145283
vt 0.99634755 1.1376847
vt 0.81965113 0.44980025
vt 0.25895521 0
vt 1.1269412 0.44980025
vt 0.671875 0.40625
vt 0.74073184 0.0039062798
vt 0.031329896 0.5364421
vt 0.96691215 0.17964146
vt 0.7764321 0.50457662
vt 0.18221298 0.5004189
vt 0.78345227 0.30252582
vt 0.80696833 0.53698963
vt 0.34258366 0.08815378
vt 0.065491922 0.95241892
vt 0.33792275 0.92766857
vt 0.74073184 0.0039062798
vt -0.0003426075 0.5084818
vt 1.0304008 0.5004189
vt 0.90415406 0.5004189
vt 0.40412828 0.44980022
vt 0.99607551 0.062915057
vt 0.26562184 0.5004189
vt 0.68320894 0.5034402
vt 0.38965309 0.094890475
vt 0.64037836 0.10343879
vt 0.81965053 0.5004189
vt 2.9802322e-08 0
vt -0.3062959 0.41180006
vt -0.14842905 0.53698963
vt 0.66886675 0.44980022
vt 0.8703686 0.5004189
vt 0.67407715 0.1014771
vt -0.17212766 0.44980022
vt 0.74073184 0.0039062798
vt 0.055311039 0.50182837
vt 0.50078785 0.5004189
vt -0.0003426075 0.2053113
vt 0.43038109 0.028921127
vt -0.0003426075 0.8920185
vt 0.66886675 0.5004189
vt 0.12507126 0.53504556
vt -0.00034284592 1.0115989
vt -0.00034284592 0.0053359321
vt 0.9041543 0.44980025
vt 0.72081113 1.0304481
vt 0.4485296 0.04721576
vt 1.2855051 0.41028723
vt 0.53387576 0.70425111
vt 0.70832837 0.41028723
vt 0.46736503 0.44980022
vt 0.21419853 0
vt 0.40397611 0.15644813
vt 0.29943079 0.44980022
vt -0.11286631 0.5001356
vt 0.74073178 0.0039062798
vt 0.32316753 0.50180167
vt 0.65954733 0.10330385
vt 0.10432041 0.81162328
vt 0.58455563 0.40175048
vt 1.432532 0.53746992
vt 0.94060034 0.44740811
vt 0.14981341 0.41309282
vt 0.54125321 0.50457662
vt 0.21419853 0
vt 1 1
vt 0.515625 0.203125
vt 0.70832837 0.44740814
vt -0.45073235 0.5001356
vt 0.74073178 0.0039062798
vt 0.90854955 0.32554838
vt 0.296875 0.40625
vt 1.0721117 0.44980022
vt 0.7435025 -0.023868755
vt 0.2923938 0.50042635
vt -0.14842905 0.53698963
vt 0 0.203125
vt 0.85016829 0.41309258
vt 0.18216002 0.5004189
vt -0.17212766 0.44980022
vt 0.60507929 0.44773307
vt 0.75 0.203125
vt 0.6666193 0.50013566
vt 1 1
vt 0.4375 0.40625
vt 0.515625 0.203125
vt 0.75 0
vt 0.99999154 0.44773307
vt -1.0430813e-07 1.0000001
vt 0.296875 0.40625
vt -0.085013226 0.53698963
vt -0.0042038113 0.44980022
vt 0.4303773 0.065070212
vt 0.99695563 0.60337919
vt 0 0.203125
vt 0.75331122 1
vt 0.58455575 0.60512865
vt 0.042682573 0.44980022
vt -0.45073235 0.4481861
vt 0.75 0.203125
vt 0.26393253 0.29145283
vt 1 1
vt 0.4375 0.40625
vt 0.515625 0.203125
vt 0.75 0
vt 1.499269 0.53746992
vt 0.063065231 0.89201838
vt 1 0.40624219
vt 1 0
vt 0.32316753 0.50180167
vt 0.042682454 0.50041884
vt 0.92538261 0.91273218
vt 0.86452794 0.44965625
vt 0 -2.3841858e-07
vt 1.2950513 0.44980025
vt 0.296875 0.40625
vt 0.75331122 1
vt 0.29937726 0.5004189
vt -0.3062959 0.5001356
vt 0.033106044 0.17964146
vt -0.0003426075 0.12491626
vt 0.75 0.203125
vt 0.659217 0.10291141
vt 1.1270607 0.44980025
vt 0.75 0
vt 0.515625 0
vt 0.29928625 0.44980022
vt 0.6666193 0.53644216
vt 0.063065231 0.12491626
vt 1 0.40624219
vt 0.44040793 0.40706211
vt 0.74350238 0.50340664
vt 0.36075103 0.10614961
vt 0.097634017 0.44980022
vt -0.085013226 0.50182837
vt 0.45874679 0.45278448
vt 0.25911927 0.5364421
vt 0.74350238 0.82108575
vt 0.60507929 0.50182837
vt 0.37915671 0.060704887
vt 0.5338757 0.30256236
vt 0.64037836 0.10343879
vt 0.76552641 0.5004189
vt 0.515625 0
vt 0.40781161 0.076596797
vt 0.6667785 0.077495456
vt 0.64029944 0.084128678
vt 0.99695623 0.82744312
vt 0.57220715 0.5004189
vt 0.12507126 0.53504556
vt 1 0
vt 1.432532 0.44740814
vt 0.097687304 0.44980022
vt 0.99634755 1.1376847
vt 0.2435853 0.53698963
vt 0.86452794 0.41587746
vt 0.4485296 0.04721576
vt 0.58455575 0.60512865
vt 1.0000089 5.9604645e-08
vt 1.432532 0.41028723
vt 0.515625 0
vt 0.2435853 0.44773307
vt 1.2855051 0.53746992
vt 0.49595416 0.44740817
vt 0.54161173 0.41587746
vt 0.29943013 0.5004189
vt 0.40421939 0.5004189
vt -0.45073235 0.5364421
vt 0.90417653 0.5004189
vt 1.1270607 0.44980025
vt 0.7435469 1.12473
vt 0.94060034 0.44740811
vt -0.12538493 0.50041884
vt 0.99695563 0.18425062
vt -0.0003426075 0.12491626
vt 0.33792275 0.92766857
vt 0.73344266 0.50063735
vt 0.26393265 0.605129
vt 0.38724911 0.1677247
vt 0.031329907 0.5001356
vt 1.1270831 0.5004189
vt 0.055311039 0.41238776
vt 0.54161173 0.50180167
vt -0.0042038113 0.50041884
vt 0.50093246 0.44980022
vt 0 0
vt 0.6666193 0.50013566
vt 0.50173777 1
vt 0.74350238 0.90533632
vt 0.61431968 0.12989789
vt 0.12507126 0.53504556
vt 0.4485296 0.04721576
vt 0 0
vt 0.59792376 0.44980022
vt 0.32316753 0.41587743
vt -0.3062959 0.5364421
vt -0.45073235 0.4481861
vt 0.57220715 0.44980022
vt 0.4375 0.203125
vt 0.26393265 0.92766833
vt 0.40397611 0.15644813
vt 1.197633 0.5004189
vt 0.58455563 0.40175048
vt 1 0.50457662
vt 0.26393265 0.5034402
vt 0.94060034 0.44740811
vt 0 0
vt 0.24637583 1
vt 0.54125321 0.55111891
vt -0.3062959 0.5001356
vt 0.99695623 0.70916784
vt 0.34258366 0.08815378
vt 0.94060034 0.41028726
vt 0.26393265 0.079084158
vt 0.7435469 -0.1179169
vt 0.2923938 0.53747004
vt 0.99626094 0.50180167
vt 0.44040793 0.40706211
vt 0.14010064 0.44980022
vt 0.26393265 0.605129
vt 1 0.50457662
vt 0.68320894 0.5034402
vt 0.21875 0.203125
vt 0.7435025 1.0306822
vt 0.18206921 0.44980022
vt 0.21419853 0.203125
vt 0.99695551 -0.027693748
vt 0.24637583 1
vt -0.0042038113 0.50041884
vt 0.25911927 0.41180006
vt 0.67407715 0.1014771
vt 0.40427226 0.5004189
vt 0.2435853 0.50182837
vt 1 0.203125
vt 0.18216002 0.5004189
vt 1.4992688 0.41028726
vt 0.49595416 0.53747004
vt 0 0
vt 0.73344254 0.50063747
vt -0.11286631 0.5364421
vt 0.75331116 1
vt 0.40781161 0.076596797
vt 0.49826199 0
vt 0.99695575 0.40831438
vt 1 0.50457662
vt 0.28604126 0.41617987
vt 0.90415406 0.44980025
vt 0.43038109 0.028921127
vt 0.21419853 0.203125
vt 0.40421939 0.44980022
vt 0.98758566 0.44980025
vt 0.25911927 0.44818616
vt 0.86452794 0.41587746
vt -0.51626837 0.41180003
vt 0.35014802 0.5004189
vt 2.9802322e-08 0.203125
vt 0 0.203125
vt 1 0.203125
vt 0.74350202 0.30256236
vt 0 0
vt -0.028068721 0.44980022
vt 0.49595416 0.44740817
vt 0.75331116 1
vt 0.26651913 0.50457662
vt 0.37915671 0.08815378
vt -0.12529439 0.44980022
vt 0.066008426 0.95227635
vt 0.10432041 0.81162328
vt 0.72526586 0.45278448
vt 0.7764321 0.55111891
vt 0.34694028 0.50340712
vt 0.659217 0.10291141
vt 0.65954733 0.10330385
vt -0.51626837 0.5001356
vt 0.097543091 0.44980022
vt -0.3062959 0.5001356
vt -0.028703213 0.44980022
vt 1 0.203125
vt 0 0.203125
vt 0.23517889 0.40624219
vt 1.3419377 0.44980025
vt 0 0
vt 0.44040793 0.40706211
vt 0.99626094 0.44965625
vt 0.29239374 0.41028726
vt 0.01846981 0.0055300049
vt 0.99695611 1.0393867
vt 0.70832837 0.44740814
vt 0.72526586 0.45278448
vt 0.2923938 0.50042635
vt -0.0003426075 0.60041702
vt 0.18216002 0.5004189
vt 0.99695599 0.30252582
vt 0.23517889 0.40624219
vt 0.40781161 0.076596797
vt -0.17227119 0.50041884
vt -0.12536293 0.44980022
vt -0.12527227 0.50041884
vt 0.74350238 0.90533632
vt 0.58455575 0.60512865
vt 0.67908669 0.44965622
vt 0.2435853 0.53698963
vt 0.59759194 0.44980022
vt -0.14842905 0.44773307
vt 0.99999976 -1.3411045e-07
vt 0.14010064 0.50041884
vt 0.86452794 0.41587746
vt 0.54161173 0.41587746
vt 0.23517889 0.45278448
vt 0.35014802 0.5004189
vt 1.2855051 0.53746992
vt 0.23517889 0.40624219
vt 0.32316753 0.41587743
vt 1.1269412 0.44980025
vt 0.6666193 0.41180012
vt 0.40780252 0.11320239
vt 0.44058365 0.12896866
vt 0.99999154 0.53698963
vt 0.92538261 0.91273218
vt 0.26653934 0.50063723
vt 0.78345239 0.70916784
vt 0.065491922 0.95241892
vt 0.097543091 0.5004189
vt 0.23517889 0.45278448
vt 0 0.20589402
vt -0.00037944317 -0.072636597
vt 0.94060034 0.41028726
vt 0.59744745 0.44980022
vt 0.5009318 0.5004189
vt -0.11286631 0.4481861
vt 1.499269 0.50042623
vt 1 0.203125
vt 0.8703686 0.44980022
vt 0.99695623 0.91273218
vt -0.0003426075 0.5084818
vt 0.62734348 0.82108563
vt 0.25911927 0.5364421
vt -0.0282197 0.50041884
vt 0.065822229 0.95281136
vt 0.80696833 0.44773307
vt 2.9802322e-08 0.40625
vt 0.37915671 0.060704887
vt 1.1739471 0.5004189
vt 0.64037836 0.10343879
vt 0.43528634 0.11320144
vt 0.23517889 0.45278448
vt 1.1270826 0.5004189
vt 0.49595416 0.53747004
vt 1 0.203125
vt 0 1
vt 0.73346066 0.50063723
vt 0.99626094 0.41587746
vt -0.11286631 0.5364421
vt 0.42228514 0.17459679
vt 5.9604645e-08 0.50457662
vt 0.75 0
vt 0.99999154 0.50182837
vt 0.43528634 0.076600611
vt 2.9802322e-08 0.40625
vt 5.9604645e-08 0.55111891
vt 1 0.40625
vt 0.4485296 0.04721576
vt 0.44058365 0.15644431
vt -9.1865659e-06 -5.9604645e-08
vt 0.49595416 0.50042635
vt 0.40397611 0.15644813
vt 0.32316753 0.41587743
vt -0.3062959 0.5364421
vt 1.1269412 0.44980025
vt 0.46736503 0.44980022
vt 0.29937726 0.44980022
vt -0.12529439 0.44980022
vt 0.2435853 0.44773307
vt 0.12507126 0.41587743
vt 0.85016835 0.4130927
vt 0.75 0
vt 0.26393276 0.40175048
vt 0.097686768 0.5004189
vt 2.9802322e-08 0.40625
vt 2.9802322e-08 0.45278448
vt 0.81989765 0.5004189
vt 0.90853131 0.32554838
vt 0.99626094 0.50180167
vt 0.94060034 0.41028726
vt 1.1739689 0.5004189
vt 0.75 0.203125
vt 0.72526586 0.40624219
vt 0.29239374 0.44740817
vt 0 1.0000005
vt 0.49826211 0
vt 1.432532 0.50042623
vt -0.0003426075 0.5084818
vt 0.90415424 0.5004189
vt 0.70228964 0.44980022
vt 1.0721117 0.44980022
vt 0.40427226 0.5004189
vt 2.9802322e-08 0.45278448
vt 1 0.45278448
vt 0.67407733 0.90533632
vt 0.2435853 0.50182837
vt 0.6667785 0.077495456
vt -0.17212766 0.44980022
vt 0.75 0.203125
vt 0.72526586 0.40624219
vt 0.70832837 0.53747004
vt 0.49826211 0
vt 0.6666193 0.50013566
vt -0.11286631 0.5364421
vt 0.01846981 1.0114049
vt 0.61431968 0.12989789
vt -0.00034284592 0.0053359321
vt 0.296875 0.203125
vt 2.9802322e-08 0.45278448
vt 1 0.45278448
vt 0.35014802 0.44980022
vt 0.32316753 0.53504556
vt 0.99695563 0.60337919
vt 0.50078785 0.44980022
vt -0.45073235 0.4481861
vt 0.75 0.203125
vt 0.44058365 0.12896866
vt 0.40780252 0.11320239
vt 0.12507126 0.50180167
vt 0.49826211 0
vt 0.34258366 0.060709655
vt 0.38328314 0.55900043
vt 0.066008426 0.95227635
vt 0.40421939 0.5004189
vt -0.51626837 0.4481861
vt 0.29937726 0.44980022
vt 0.50087911 0.44980022
vt 1.0601245 0.41587746
vt 1.0601245 0.53504562
vt 0.81989765 0.44980025
vt 1.2950513 0.44980025
vt 0.81989765 0.5004189
vt 0.44040793 0.40706211
vt -0.3062959 0.5001356
vt -0.00034284592 0.41618007
vt 0.24637589 1
vt 0.50000894 0.58818156
vt 0.62109464 0.10360718
vt 0.99634755 1.1376847
vt 0.36075103 0.10614961
vt 0.40290177 0.028921127
vt 0.46736509 0.5004189
vt -0.00034284592 0.31679958
vt 0.97269261 1.0393867
vt 0.87807196 0.18425062
vt 0.86452794 0.44965625
vt 0.86452794 0.50180167
vt 0.40781161 0.076596797
vt 0.28604126 0.41617987
vt 1.029917 0.5004189
vt 0.99634755 1.1376847
vt 0.46736503 0.44980022
vt 0.81965113 0.44980025
vt 0.44058365 0.15644431
vt 0.99695563 0.60337919
vt 0.097686768 0.5004189
vt 0.6666193 0.41180012
vt 0.99999154 0.53698963
vt 1.0879757 0.41028726
vt 0.49595416 0.44740817
vt 0.50087911 0.44980022
vt 0.90417653 0.5004189
vt 0.78345239 0.70916784
vt 0.78345227 0.30252582
vt 0.29937726 0.5004189
vt 0.76552641 0.44980022
vt 0 0
vt 0.2923938 0.53747004
vt 0.8703686 0.44980022
vt -0.00034284592 0.41618007
vt -0.11286631 0.4481861
vt 0.46713853 0.44818616
vt 1.0721117 0.44980022
vt 1.937151e-07 0.99999994
vt 0.46736509 0.5004189
vt 0.62734348 0.82108563
vt -0.3062959 0.41180006
vt 1.1270831 0.5004189
vt 0.74350238 0.82108575
vt 0.702411 0.5004189
vt 0.73346055 0.50063735
vt 0.702411 0.44980022
vt 0 0
vt 1.0601245 0.44965625
vt 0.99626094 0.41587746
vt 0.73346066 0.50063747
vt 1.0601245 0.50180167
vt 0.99609363 0.062915176
vt 0.50173783 1
vt 0.48590243 0.71542692
vt -0.12527227 0.50041884
vt 0.67908669 0.50180167
vt 0.9041543 0.44980025
vt 1.1270826 0.44980025
vt -0.3062959 0.5364421
vt 0.99634731 -0.12599152
vt 0.44058365 0.15644431
vt 1.1920929e-07 1
vt -0.0003426075 0.70013523
vt 1.432532 0.41028723
vt 0.12507126 0.41587743
vt 0.26393241 1.0599761
vt 0.25895521 0
vt 0.58455563 0.40175048
vt 0.74350226 0.1014771
vt -0.064693928 0.44965619
vt 0.03308785 0.18061408
vt 0.7764321 0.50457662
vt 1.1739689 0.5004189
vt 0.29239374 0.44740817
vt 0.5009318 0.5004189
vt 0.99999976 1.0000002
vt -0.028703213 0.44980022
vt 1.432532 0.50042623
vt -0.14842905 0.41238776
vt 0.94060034 0.41028726
vt 0.26393265 0.079084158
vt 0.94060034 0.50042635
vt 0.25895521 0
vt 1.0298796 0.44980025
vt 0.14010064 0.44980022
vt 0.8703686 0.5004189
vt 0.7435025 -0.023868755
vt 0.40397611 0.12896389
vt -0.0042038113 0.50041884
vt 0.60507929 0.44773307
vt 0.055311039 0.44773307
vt 0.49595416 0.53747004
vt 0.87807256 0.82744312
vt 1 0
vt 0.43528634 0.11320144
vt 1.1739689 0.44980025
vt -0.11286631 0.5364421
vt 0.35014802 0.44980022
vt -0.00034284592 1.0115989
vt 0.40421939 0.44980022
vt 0.18216005 0.44980022
vt 0.26393253 0.29145283
vt 1.0879757 0.41028726
vt 1 0.55111891
vt 1 0
vt 0.49999091 0.58818167
vt 0.72081113 -0.023634687
vt 0.38377619 0.41238776
vt 0.76552641 0.44980022
vt 0.67908669 0.41587746
vt 0.671875 0.40625
vt 0.26651913 0.55111891
vt 0.99695623 0.70916784
vt 0.62109464 0.10360718
vt 0.6666193 0.53644216
vt 0.59759146 0.5004189
vt 1 0.55111891
vt 1 0
vt 0.99695575 0.098960996
vt 0.26562184 0.44980022
vt 0.87807196 0.18425062
vt 0.46713853 0.44818616
vt 0.54125321 0.50457662
vt 0.10766029 0.2053113
vt 0.96691227 0.17964146
vt 0.671875 0.40625
vt 0.6667785 0.077495456
vt 0.26651913 0.55111891
vt 0.60507929 0.53698963
vt 0.67407733 0.90533632
vt 1 0.55111891
vt 1.2950513 0.5004189
vt 0.99999154 0.50182837
vt 0.46713853 0.41180012
vt 0.54125321 0.50457662
vt 0.2435853 0.53698963
vt 0.38377619 0.50182837
vt 0.65973353 0.10276884
vt 0.01846981 1.0114049
vt 0.40421939 0.44980022
vt 0.35014802 0.5004189
vt 1.2855051 0.53746992
vt 0.62734336 0.18572773
vt 0.44058365 0.12896866
vt 1.0879757 0.41028726
vt 1.0601245 0.53504562
vt 0.40780252 0.11320239
vt -0.45073235 0.5364421
vt 0.74350238 0.40706211
vt 0.61671662 0.55900043
vt 0.34258366 0.060709655
vt -0.064693928 0.44965619
vt -0.11286631 0.4481861
vt 0.99695563 0.18425062
vt 0.65973353 0.10276884
vt 0.21419853 0
vt 0.296875 0.40625
vt 0.097543091 0.5004189
vt 0.62734348 0.82108563
vt 0.67908669 0.44965622
vt 0.46713853 0.44818616
vt 0.75 0.203125
vt 0.54161173 0.50180167
vt 1 0.40624219
vt 0.49595416 0.41028726
vt 0.59744745 0.5004189
vt 0.38377619 0.44773307
vt 0.19685084 0.70013511
vt 0.76552641 0.5004189
vt 0.21419853 0
vt 0.99607563 0.062915176
vt -0.14842905 0.50182837
vt -0.51626837 0.5364421
vt 0.74073178 0.0039062798
vt 0.67908669 0.53504556
vt 0.48590243 0.71542692
vt 0.26393265 0.83874393
vt 0.67908669 0.50180167
vt 0.097687304 0.44980022
vt 1 0.40624219
vt 0.12507126 0.50180167
vt 0.4375 0.40625
vt 0.21419853 0
vt 0.44058365 0.15644431
vt 0.54161173 0.53504556
vt 1.1269412 0.44980025
vt 0.74073178 0.0039062798
vt 0.32316756 0.44965622
vt 0.042682573 0.44980022
vt 0.7435469 1.12473
vt 0.18221298 0.5004189
vt 0.515625 0
vt -0.064693928 0.44965619
vt 0 0.203125
vt 0.98758566 0.5004189
vt 1.1976331 0.44980025
vt 0.4375 0.40625
vt 0.67908669 0.41587746
vt 0.515625 0.203125
vt 0.80696833 0.53698963
vt 2.9802322e-08 0.40624219
vt 1.0879757 0.53746992
vt 0.097543091 0.5004189
vt 0.2923938 0.53747004
vt -0.3062959 0.4481861
vt 0.90415424 0.5004189
vt 0.96689403 0.17964134
vt -0.064693928 0.4158774
vt 0.40397611 0.12896389
vt 0 0.203125
vt 0.75331122 1
vt 0.59744745 0.5004189
vt 0.2435853 0.50182837
vt 1.2855051 0.50042623
vt -0.3062959 0.41180006
vt 0.4375 0.40625
vt -0.17215842 0.50041884
vt 1.0000002 5.9604645e-08
vt 0.90853107 0.32554862
vt 2.9802322e-08 0.40624219
vt -0.028091073 0.44980022
vt 0.45874679 0.45278448
vt 0.25895524 0
vt 0.26393265 0.83874393
vt -0.085013226 0.41238776
vt 0.75331122 1
vt 0.72081113 1.0304481
vt 0.59792376 0.44980022
vt 0.50078785 0.44980022
vt 1.197633 0.5004189
vt 0.40289709 0.065516174
vt 1.2855051 0.41028723
vt 2.9802322e-08 0.40624219
vt 0.066008426 0.95227635
vt 0.29937726 0.44980022
vt 0.45874679 0.45278448
vt 0.25895524 0
vt 0.72081113 -0.023634687
vt 0.031329907 0.4481861
vt 0.49999091 0.58818167
vt 0.50173777 1
vt 0.65954733 0.10330385
vt 0.28859603 1.0597219
vt 1.2855051 0.44740814
vt -0.51626837 0.5001356
vt 0.81989765 0.5004189
vt 0.26653934 0.50063723
vt 0.99695623 0.91273218
vt 1.029933 0.44980025
vt 0.45874679 0.45278448
vt 0.70832837 0.44740814
vt 1 0
vt 0.25895524 0
vt 0.74350238 0.18572773
vt 0.50173777 1
vt -0.12521994 0.50041884
vt 0.70243406 0.44980022
vt 9.1865659e-06 5.9604645e-08
vt 0.19685084 0.70013511
vt 0.70243347 0.5004189
vt -0.0003426075 0.2053113
vt 0.50078785 0.5004189
vt 0.99695599 0.30252582
vt 0.671875 0.203125
vt 1.4992688 0.41028726
vt 0.64050096 0.12270868
vt 0.24637583 1
vt 1 0
vt 0.67908669 0.44965622
vt 0.74350238 0.90533632
vt 0.65973353 0.10276884
vt 0.99999988 1.0000005
vt -0.12536293 0.44980022
vt 0.74350202 0.30256236
vt 0.28859603 -0.052968636
vt 0.14010064 0.50041884
vt 0.62734336 0.18572773
vt 0.6666193 0.41180012
vt 0.671875 0.203125
vt 0.37523174 0.5084818
vt 0.26393265 0.16772509
vt 0.45874679 0.40624219
vt 0.50087911 0.44980022
vt 0.90417653 0.5004189
vt 2.9802322e-08 0.203125
vt 0.92538261 0.91273218
vt 1.432532 0.53746992
vt 0.78345239 0.70916784
vt 0.26393265 0.92766833
vt 0 0
vt 0.75331116 1
vt 0.40421939 0.5004189
vt 0.46713853 0.53644216
vt 0.29937726 0.5004189
vt 0.76552641 0.44980022
vt -0.00034284592 0.41618007
vt 0.6666193 0.44818616
vt 0.671875 0.203125
vt 0.4375 0.203125
vt 0.26393265 0.5034402
vt 0.45874679 0.40624219
vt 0.063065231 0.12491626
vt 0.46713853 0.44818616
vt 2.9802322e-08 0.203125
vt 0 0.203125
vt -0.3062959 0.4481861
vt -0.064693928 0.4158774
vt 0 0
vt 0.80696833 0.44773307
vt 0.38377619 0.44773307
vt 0 0
vt 0.75331116 1
vt 0.54125321 0.55111891
vt 0.21875 0
vt 0.19685084 0.70013511
vt -0.064693928 0.50180167
vt 1.1270826 0.5004189
vt 0.99999106 5.9604645e-08
vt 0.99609351 0.062915176
vt 0.4375 0.203125
vt 0.92538249 0.098960996
vt 0.45874679 0.40624219
vt 0.99999154 0.50182837
vt 0.42228514 0.17459679
vt 0.21875 0.203125
vt 2.9802322e-08 0.203125
vt -0.028091073 0.44980022
vt 0.21419853 0.203125
vt -0.085013226 0.53698963
vt -0.085013226 0.41238776
vt 0.54125321 0.55111891
vt 0.21875 0
vt 0.36106974 0.10646677
vt 0.32316756 0.44965622
vt 1.499269 0.53746992
vt 0.38724923 0.83874315
vt 0.4375 0.203125
vt 0.40289709 0.065516174
vt 0.98758566 0.44980025
vt 0.49826199 0
vt 0.12507126 0.41587743
vt 1 0.50457662
vt 0.2435853 0.44773307
vt 0.21875 0.203125
vt -0.12529439 0.44980022
vt 0.90417653 0.5004189
vt -0.085013226 0.44773307
vt 0.21419853 0.203125
vt 0.055311039 0.53698963
vt 0.031329907 0.4481861
vt -0.064693928 0.44965619
vt 0.21875 0
vt 0.54125321 0.55111891
vt 0.7334426 0.50063723
vt 0.28859603 1.0597219
vt 0.29239374 0.44740817
vt 1.1739689 0.5004189
vt 1.432532 0.50042623
vt 0.26651913 0.50457662
vt 0.49826199 0
vt 0.29928625 0.44980022
vt 0.74350238 0.50340664
vt 0.21875 0.203125
vt 0.7764321 0.55111891
vt 0.29928625 0.5004189
vt 0.21419853 0.203125
vt 0.097634017 0.44980022
vt 1.0304008 0.5004189
vt 0.38724911 0.1677247
vt 0.055311039 0.41238776
vt 1.0879757 0.44740811
vt 0.26655746 0.50063723
vt 1.0601245 0.44965625
vt 0.26651913 0.50457662
vt 0.49826199 0
vt 1.0601245 0.50180167
vt 0.64050096 0.12270868
vt 0.74350226 0.70425111
vt 0.72526586 0.45278448
vt 0.7764321 0.55111891
vt -0.12527227 0.50041884
vt 0.32316753 0.53504556
vt 0.54161173 0.44965622
vt 1.0879757 0.50042635
vt 0.61431968 0.12989789
vt -9.1865659e-06 5.9604645e-08
vt 8.9332461e-06 5.9604645e-08
vt 0.14981341 0.4130927
vt 0.12507126 0.50180167
vt 0.99695575 0.50584662
vt 0.28859603 -0.052968636
vt 1.499269 0.53746992
vt 0.26651913 0.50457662
vt 1.0000002 1.0000002
vt 5.9604645e-08 0.55111891
vt 1.1738343 0.44980025
vt 0.97269189 -0.027693748
vt 0.72526586 0.45278448
vt 0.7764321 0.55111891
vt -0.028612494 0.50041884
vt 0.29943013 0.5004189
vt 1.2855051 0.44740814
vt 0.7435469 1.12473
vt 0 1
vt 0.80696833 0.41238776
vt 0.23517889 0.40624219
vt 0 1.0000005
vt 5.9604645e-08 0.50457662
vt 0.75 0
vt 0.6666193 0.44818616
vt 1.3419377 0.44980025
vt 0.67908669 0.41587746
vt 5.9604645e-08 0.55111891
vt 1.3419377 0.5004189
vt 0.40290177 0.028921127
vt -0.12521994 0.50041884
vt -0.45073235 0.41180003
vt 0.40412828 0.44980022
vt -0.12521994 0.50041884
vt 0 1
vt 0.86452794 0.50180167
vt 0.23517889 0.45278448
vt 0.86452794 0.44965625
vt 0.50093246 0.44980022
vt 5.9604645e-08 0.50457662
vt 0.81965053 0.5004189
vt 5.9604645e-08 0.55111891
vt 0.64050096 0.12270868
vt 1.1270826 0.44980025
vt 0.72526586 0.40624219
vt 0.57220715 0.44980022
vt 0.23517889 0.45278448
vt 0.40421939 0.44980022
vt 0.28859603 -0.052968636
vt 0.36106974 0.10646677
vt 0.90417719 0.44980025
vt 0.74350226 0.1014771
vt 1 0.203125
vt 0.25911927 0.44818616
vt 0.296875 0.203125
vt 0.59792376 0.5004189
vt 1.0601245 0.53504562
vt 0.29943079 0.44980022
vt 1.1270609 0.5004189
vt 0.49826211 0
vt 1 0.40625
vt -0.064693987 0.53504556
vt 0.46713853 0.53644216
vt 0.34694028 0.50340712
vt 0.7435469 -0.1179169
vt 0.29937726 0.5004189
vt 0.6666193 0.44818616
vt 1 0.203125
vt 0.296875 0.203125
vt 0.48590231 0.29145283
vt 0.99626094 0.44965625
vt 0.24637589 1
vt 0.29239374 0.41028726
vt 0.01846981 0.0055300049
vt 2.9802322e-08 0.40625
vt 1 0.40625
vt -0.064693928 0.50180167
vt 0.94060034 0.53747004
vt 0.99695551 -0.027693748
vt 0.81965053 0.5004189
vt 0.29928625 0.5004189
vt 0.19685084 0.70013511
vt 0.40427226 0.5004189
vt 0.702411 0.44980022
vt 0.70228964 0.44980022
vt 0.055311039 0.50182837
vt 0.92538249 0.098960996
vt -0.028559923 0.50041884
vt 0.66886675 0.5004189
vt 0.99999964 0.99999988
vt 0.48590243 0.71542692
vt 0.24637589 1
vt 1.0879757 0.50042635
vt 0.99634731 -0.12599152
vt 0.67908669 0.50180167
vt 1 0.40625
vt 1 0.45278448
vt 0.38724923 0.83874315
vt -0.028068721 0.44980022
vt 0.81962818 0.44980025
vt 0.26393241 1.0599761
vt 0.18221366 0.44980022
vt 0.055311039 0.53698963
vt 1 0.45278448
vt 0.59759146 0.5004189
vt 0.01846981 0.0055300049
vt 0.7435469 -0.1179169
vt 0.59421194 0.50584662
vt 0.065491922 0.95241892
vt -0.14842905 0.41238776
vt -0.45073235 0.5001356
vt -0.3062959 0.4481861
vt -0.14842905 0.53698963
vt 1 0.45278448
vt -0.064693928 0.4158774
vt 0.18216002 0.5004189
vt 0.59744745 0.5004189
vt 0.74350238 0.82108575
vt 0.065822229 0.95281136
vt 0.87807256 0.82744312
vt 0.055311039 0.44773307
vt 0.12507126 0.44965622
vt 0.43528634 0.11320144
vt -0.14842905 0.50182837
vt -0.17227119 0.50041884
vt 0.9041543 0.44980025
vt -0.11286631 0.41180006
vt 1 0
vt 0.26393265 0.83874393
vt 0.54161173 0.44965622
vt -0.085013226 0.41238776
vt 0.60507929 0.41238776
vt 1.1739471 0.44980025
vt -0.028068721 0.44980022
vt 0.031329907 0.41180006
vt 0.40289709 0.065516174
vt 1.432532 0.41028723
vt 0.042682573 0.44980022
vt 0.61673486 0.55900031
vt 0.97269189 -0.027693748
vt 0 1
vt 0.18221298 0.5004189
vt 0.72081113 -0.023634687
vt 0.38377619 0.41238776
vt 1 0
vt 0.90417653 0.5004189
vt 0.2638841 -0.15544493
vt -0.0003426075 0.81162339
vt 0.031329907 0.4481861
vt 0.80696833 0.41238776
vt 0.28859603 1.0597219
vt -0.00037944317 -0.072636597
vt 0.99626094 0.53504562
vt 0.14010064 0.44980022
vt 0.99695623 0.91273218
vt 0.8703686 0.44980022
vt 1.0304008 0.5004189
vt 0.99695575 0.098960996
vt 0.61431968 0.077249527
vt 1 0
vt -0.085013226 0.50182837
vt 0.81965053 0.5004189
vt 0.66886675 0.44980022
vt 0.60507929 0.53698963
vt 0.5338757 0.30256236
vt 1.2950513 0.5004189
vt 0.67407733 0.90533632
vt 0.70228964 0.44980022
vt 0.055311039 0.50182837
vt 0.2638841 1.1621974
vt -0.0003426075 0.8920185
vt -0.12527227 0.50041884
vt 0.66886675 0.5004189
vt 0.64050096 0.12270868
vt 0.46713853 0.41180012
vt 0.65973353 0.10276884
vt 1.432532 0.44740814
vt 0.26393253 0.29145283
vt 0.01846981 1.0114049
vt 0 0
vt 0.62734336 0.18572773
vt 0.38328302 0.55900043
vt 0.28859603 -0.052968636
vt 0.50173783 1
vt 0.26393276 0.40175048
vt 0.34258366 0.060709655
vt 0.46713853 0.53644216
vt -0.064693987 0.53504556
vt 0 0
vt -0.0003426075 0.12491626
vt 0.6666193 0.44818616
vt 0.59744745 0.44980022
vt 0.50173783 1
vt 0.99695623 0.91273218
vt 0.70243347 0.5004189
vt -0.45073235 0.5001356
vt 1.0000002 0
vt 0.36075103 0.10614961
vt 0.38965309 0.094890475
vt 0.74350238 0.18572773
vt 1 0
vt 0.97269261 1.0393867
vt -0.14842905 0.53698963
vt 0.61673474 0.55900043
vt -0.17212766 0.44980022
vt 0.8703686 0.5004189
vt 0.67908669 0.53504556
vt 0.055311039 0.50182837
vt 0.6935153 0.40831453
vt 0.50173783 1
vt 0.25895521 0
vt 0.26393265 0.71542692
vt 0.7764321 0.50457662
vt 0.46736503 0.44980022
vt 0.53387576 0.70425111
vt 0.70832837 0.41028723
vt 0.99634755 1.1376847
vt 0.36106974 0.10646677
vt 0.54161173 0.53504556
vt -0.51626837 0.41180003
vt 0.14981341 0.41309282
vt 0.25895521 0
vt 0.68883169 0.60337919
vt 0.26393276 0.40175048
vt 0.7764321 0.50457662
vt 0.5000093 0.58818167
vt 1.029933 0.44980025
vt 0.097543091 0.44980022
vt 0.98758566 0.5004189
vt 0.78345227 0.30252582
vt 1.0879757 0.53746992
vt 0.73344231 0.50063735
vt 0.59421194 0.50584662
vt 0.74073184 0.0039062798
vt -0.00034284592 0.31679958
vt -0.45073235 0.5001356
vt 1.2855051 0.50042623
vt 0.18206921 0.44980022
vt -0.17215842 0.50041884
vt 0.90415424 0.5004189
vt 0.26562184 0.44980022
vt -0.3062959 0.41180006
vt 0.5338757 0.30256236
vt 0.46713853 0.50013566
vt 0.12507126 0.44965622
vt 0.99999154 0.44773307
vt 0.80696833 0.50182837
vt -0.11286631 0.41180006
vt 0.74073184 0.0039062798
vt 0.54161173 0.44965622
vt 0.40427282 0.44980022
vt 1.0879757 0.50042635
vt -0.0042038113 0.44980022
vt 1.1739471 0.44980025
vt -0.085013226 0.53698963
vt 0.60507929 0.41238776
vt 0.59759194 0.44980022
vt 0.81965113 0.44980025
vt 1.0000002 4.7683716e-07
vt 0.74350238 0.59975117
vt 0.042682573 0.44980022
vt 1.499269 0.53746992
vt 0.96689403 0.18061408
vt 1.432532 0.41028723
vt 0.98758566 0.44980025
vt 0.40421939 0.5004189
vt 0.54125321 0.50457662
vt 0.21419853 0
vt 1.1738343 0.44980025
vt 0.66672039 0.12938303
vt 0.74073178 0.0039062798
vt 0.28604126 0.60041702
vt 0.26651913 0.55111891
vt 0.29937726 0.5004189
vt -0.0003426075 0.12491626
vt 0.61431968 0.077249527
vt 0.99607551 0.062915057
vt 0.54125321 0.50457662
vt 1 1
vt 0.515625 0.203125
vt 0.74350238 0.50340664
vt -0.085013226 0.50182837
vt 0.702411 0.5004189
vt -0.17215842 0.50041884
vt 0.60507929 0.50182837
vt 0.5338757 0.30256236
vt 0.99999154 0.41238776
vt 0.296875 0.40625
vt -0.0003426075 0.2053113
vt 0 0.203125
vt 0.2638841 1.1621974
vt 1.0304229 0.5004189
vt 0.14922404 0.41309258
vt 1 1
vt 0.4375 0.40625
vt 0.515625 0.203125
vt 0.055311039 0.44773307
vt 1.1270826 0.44980025
vt 1 0.40624219
vt 1.432532 0.44740814
vt 0.37523174 0.5084818
vt 0.296875 0.40625
vt 1.499269 0.44740811
vt 0.26393265 0.16772509
vt 0.74350226 0.1014771
vt 0.75 0.203125
vt 1 1
vt 0.99999988 1.0000001
vt 0.515625 0.203125
vt 0.75 0
vt 0.59792376 0.5004189
vt 1.1738343 0.44980025
vt 1 0.40624219
vt 1.432532 0.53746992
vt 0.29943079 0.44980022
vt -0.51626837 0.5001356
vt 0.7435469 1.12473
vt 1.1739689 0.5004189
vt -0.12538493 0.50041884
vt 0.296875 0.40625
vt 0.75 0.203125
vt 0.75 0
vt 0.515625 0
vt 0.031329907 0.5001356
vt 0.14010064 0.44980022
vt 0.38965309 0.094890475
vt 1 0.40624219
vt 0.26393265 0.605129
vt 0.7435025 -0.023868755
vt -0.064693928 0.50180167
vt 0.45874679 0.45278448
vt -0.0003426075 0.60041702
vt -0.0042038113 0.50041884
vt 0.70228964 0.44980022
vt 0.055311039 0.50182837
vt 0.74350238 0.90533632
vt 0.90854919 0.32554898
vt -0.028559923 0.50041884
vt 0.515625 0
vt -0.17210627 0.50041884
vt -0.028091073 0.44980022
vt 0.86452794 0.53504556
vt 0.53387576 0.70425111
vt 1.1270826 0.44980025
vt 0.70832837 0.41028723
vt 0.2435853 0.53698963
vt 0.49595416 0.50042635
vt 0.2435853 0.41238776
vt -0.085013226 0.44773307
vt 1.2855051 0.53746992
vt 0.74350226 0.1014771
vt 0.515625 0
vt 1.197633 0.5004189
vt 0.055311039 0.53698963
vt -0.45073235 0.5364421
vt 0.66672039 0.12938303
vt 1.0601245 0.41587746
vt 1.0000002 -7.4505806e-08
vt 0.38377619 0.53698963
vt 2.9802322e-08 0.40624219
vt 0.34258366 0.08815378
vt 0.7435469 -0.1179169
vt -0.45073235 0.41180003
vt -0.45073235 0.5001356
vt -0.0003426075 0.5084818
vt 0.26562184 0.5004189
vt 0 0.40869212
vt 0.097634017 0.44980022
vt 0.50173777 1
vt 0.68320894 0.5034402
vt 1.0879757 0.44740811
vt 0.18206921 0.44980022
vt 0.091450453 0.32554862
vt 0.99695551 -0.027693748
vt 0.25911927 0.41180006
vt 0.67407715 0.1014771
vt 0.70832837 0.53747004
vt 0.99999154 0.44773307
vt 0 0
vt 0.25895524 0
vt 0.43038109 0.028921127
vt 0.50173777 1
vt 0.70832837 0.50042635
vt 0.90417719 0.44980025
vt 0.98758566 0.44980025
vt -0.028068721 0.44980022
vt 0.35014802 0.5004189
vt -0.12529439 0.44980022
vt 0.74350238 0.40706211
vt 0 0
vt 0.24637583 1
vt 0.74350202 0.30256236
vt 0.97269189 -0.027693748
vt 0.18221298 0.5004189
vt 0.37915671 0.08815378
vt 0.81989765 0.44980025
vt 0.50173777 1
vt 0.10432041 0.81162328
vt -0.0003426075 0.81162339
vt 0.80696833 0.41238776
vt 0.90854955 0.32554874
vt 1 0.50457662
vt 0.90415406 0.5004189
vt 0.99695563 0.18425062
vt 1.1270607 0.44980025
vt 1.3419377 0.44980025
vt 0.24637583 1
vt 0.14010064 0.44980022
vt 1 0
vt 1.3419377 0.5004189
vt 1.0879757 0.53746992
vt 0.60507929 0.50182837
vt 1 0.50457662
vt 0.21875 0.203125
vt 0.2923938 0.50042635
vt 0.50093246 0.44980022
vt 0.671875 0.203125
vt 0.21419853 0.203125
vt -0.0003426075 0.60041702
vt -0.51626837 0.5364421
vt 0.24637583 1
vt -0.17224926 0.44980022
vt 1.0601245 0.44965625
vt 0.19685084 0.31679958
vt 1.0601245 0.50180167
vt 1.432532 0.44740814
vt 1 0.203125
vt 0 0.203125
vt -0.17227119 0.50041884
vt -0.12527227 0.50041884
vt 0 0
vt 0.80696833 0.50182837
vt 0.44040805 0.59975117
vt 0.75331116 1
vt 0.033087671 0.17964146
vt 1 0.50457662
vt 0.99695563 0.60337919
vt 0.81962818 0.44980025
vt 1.1269412 0.44980025
vt 0.45874679 0.40624219
vt 0.74350238 0.40706211
vt 0.50078785 0.44980022
vt -0.12524128 0.44980022
vt 0.2435853 0.41238776
vt 1 0.203125
vt 2.9802322e-08 0.203125
vt 0 0.203125
vt 0.59792376 0.5004189
vt 0 0
vt 1.1270609 0.5004189
vt 0.066008426 0.95227635
vt 0.75331116 1
vt -0.0003426075 0.81162339
vt 0.0039246231 0.062915176
vt -0.064693987 0.53504556
vt 0.72526586 0.45278448
vt 0.38377619 0.53698963
vt 1.1270607 0.44980025
vt 0.33792275 0.92766857
vt -0.00037944317 -0.072636597
vt 0.59744745 0.44980022
vt 0.48590231 0.29145283
vt 0.031329907 0.5001356
vt 0.26655746 0.50063747
vt 1 0.203125
vt 0 0.203125
vt 0.23517889 0.40624219
vt -0.0003426075 0.5084818
vt 0 0
vt 0.90415424 0.5004189
vt 0.94060034 0.53747004
vt 1.0298796 0.44980025
vt 0.21875 0
vt 0.25911927 0.5364421
vt 0.29928625 0.5004189
vt 0.72526586 0.45278448
vt 0.37915671 0.060704887
vt 0.64037836 0.10343879
vt -0.51626837 0.5364421
vt 0.70832837 0.53747004
vt 1.0000001 0.99999994
vt 0.23517889 0.40624219
vt 0.99695623 0.82744312
vt 0.57220715 0.5004189
vt 1.1739689 0.44980025
vt 0.99999988 1.0000005
vt 0.67908669 0.44965622
vt 0.43528634 0.076600611
vt 0.70832837 0.50042635
vt 0.98758566 0.44980025
vt 0.4485296 0.04721576
vt 0.18216005 0.44980022
vt 0.49595416 0.50042635
vt 1.0000001 -1.4901161e-08
vt 0.33792251 0.079084158
vt 1.0721117 0.5004189
vt -0.51626837 0.41180003
vt -0.11286631 0.5001356
vt 0.23517889 0.45278448
vt 0.29937726 0.44980022
vt 0.23517889 0.40624219
vt 0.26393276 0.40175048
vt 0.26393265 -0.05322291
vt -0.51626837 0.5001356
vt 0.78345239 0.70916784
vt 0.38377619 0.53698963
vt 0.81989765 0.5004189
vt 1.029933 0.44980025
vt 0.59421194 0.50584662
vt 0.96691227 0.17964157
vt 0.14010064 0.44980022
vt 0.23517889 0.45278448
vt 0.68320894 0.5034402
vt 0.702411 0.5004189
vt 1 0.203125
vt 0 1
vt 0.2665574 0.50063723
vt 0.25911927 0.41180006
vt 0.26653922 0.50063735
vt 0.091450453 0.32554862
vt 5.9604645e-08 0.50457662
vt 0.75 0
vt 0.60507929 0.44773307
vt 0.99695599 0.30252582
vt 2.9802322e-08 0.40625
vt 5.9604645e-08 0.55111891
vt 0.70832837 0.53747004
vt 1.1270826 0.5004189
vt -0.11286631 0.41180006
vt 0.43038109 0.028921127
vt 0.19685084 0.31679958
vt 0.6666193 0.50013566
vt 0.28604126 0.60041702
vt 0.74350238 0.90533632
vt 0.44040805 0.59975117
vt 0.4303773 0.065070212
vt 0 1
vt 0.042682573 0.44980022
vt 0.42228514 0.17459679
vt 1.0304008 0.44980025
vt 0.60507929 0.41238776
vt 5.9604645e-08 0.50457662
vt 0.75 0
vt 0.14010064 0.50041884
vt 0.86452794 0.53504556
vt 0.99695563 0.60337919
vt 0.59759194 0.44980022
vt 2.9802322e-08 0.40625
vt 5.9604645e-08 0.55111891
vt 0.37915671 0.08815378
vt -0.45073235 0.4481861
vt 0.031329907 0.41180006
vt 0.063065231 0.89201838
vt -0.51626837 0.41180003
vt 0.042682454 0.50041884
vt 1.2950513 0.44980025
vt 0.32316753 0.50180167
vt 0.50087911 0.44980022
vt 0.18206924 0.5004189
vt 0.10432041 0.81162328
vt 0.12507126 0.41587743
vt 0 1
vt 1.0601245 0.53504562
vt 0.2638841 -0.15544493
vt -0.085013226 0.44773307
vt 0.66672039 0.12938303
vt 0.99626094 0.53504562
vt 5.9604645e-08 0.50457662
vt 0.75 0
vt 0.29928625 0.44980022
vt 0.26393265 0.079084158
vt -0.14842905 0.41238776
vt 1.029933 0.44980025
vt 0.659217 0.10291141
vt 2.9802322e-08 0.45278448
vt -0.3062959 0.5001356
vt -0.00034284592 0.41618007
vt -0.028703213 0.44980022
vt 0.61431968 0.077249527
vt 0.29239374 0.44740817
vt 0.26562184 0.44980022
vt 0.40412828 0.44980022
vt 0.75 0.203125
vt 0.72526586 0.40624219
vt 1.432532 0.50042623
vt 0.46736509 0.5004189
vt 0.49826211 0
vt -0.00034284592 0.31679958
vt -0.085013226 0.50182837
vt -0.17215842 0.50041884
vt 0.26393265 0.71542692
vt 0.50078785 0.44980022
vt 0.99999106 5.9604645e-08
vt 2.9802322e-08 0.45278448
vt 1 0.45278448
vt 1.0879757 0.44740811
vt 0.2638841 1.1621974
vt -0.14842905 0.50182837
vt 0.64029944 0.084128678
vt 0.99999082 5.9604645e-08
vt 1.0000001 1.6391277e-07
vt 0.72526586 0.40624219
vt 0.75 0.203125
vt -0.0003426075 0.8920185
vt 0.49826211 0
vt 0.66886675 0.5004189
vt 0.40781161 0.076596797
vt 0.28604126 0.41617987
vt 0.32316753 0.53504556
vt 0.58455575 0.60512865
vt 1.1739471 0.44980025
vt 0.81965113 0.44980025
vt 0.296875 0.203125
vt 2.9802322e-08 0.45278448
vt 0.59759194 0.44980022
vt -0.028612494 0.50041884
vt 1.0000091 -5.9604645e-08
vt 0.49595416 0.44740817
vt 0.75 0.203125
vt -0.11286631 0.5001356
vt 0.49826211 0
vt 1.1976331 0.44980025
vt 0.59744745 0.44980022
vt 1.1739689 0.5004189
vt 0.62109464 0.10360718
vt 0.24637589 1
vt 0.99695611 1.0393867
vt 0.091468692 0.32554862
vt 0.38965309 0.094890475
vt 0.26562184 0.44980022
vt 0.54161173 0.50180167
vt 0.99999958 1.7881393e-07
vt 0.64037836 0.10343879
vt 0.6935153 0.40831453
vt -0.14842905 0.53698963
vt -0.17212766 0.44980022
vt 0.60507929 0.44773307
vt 0.86452794 0.50180167
vt 0.35014802 0.44980022
vt 0.74350226 0.70425111
vt 0.25911927 0.50013566
vt 0.43528634 0.076600611
vt 0.12507126 0.53504556
vt 1.1270826 0.44980025
vt 0.4303773 0.065070212
vt 0.49595416 0.50042635
vt 0.9041543 0.44980025
vt 0.4485296 0.04721576
vt -9.1865659e-06 -5.9604645e-08
vt 0.063065231 0.89201838
vt 0.042682454 0.50041884
vt 1.0721117 0.44980022
vt 0.2435853 0.41238776
vt 0.68883169 0.60337919
vt 0.40397611 0.15644813
vt 0.74350226 0.1014771
vt 0.96689391 0.17964157
vt 1.0000001 -1.3411045e-07
vt 0.6172111 0.55900043
vt 0.94060034 0.44740811
vt 1.0601245 0.41587746
vt -0.17218041 0.44980022
vt 1.1739689 0.5004189
vt 0.0039246231 0.062915176
vt 0.38377619 0.53698963
vt 0.8703686 0.44980022
vt 0.26393265 0.079084158
vt -0.45073235 0.41180003
vt 0 0
vt 0.6666193 0.53644216
vt 0.94060034 0.50042635
vt 0.74350238 0.18572773
vt 0.7435025 -0.023868755
vt 0.70243406 0.44980022
vt 0.46713853 0.50013566
vt 0.40412828 0.5004189
vt 0.60507929 0.44773307
vt 0.097634017 0.5004189
vt 0.6666193 0.50013566
vt 0.74350226 0.70425111
vt 0.49595416 0.53747004
vt 1 0
vt -0.14842905 0.44773307
vt 0.64029944 0.084128678
vt -0.11286631 0.5364421
vt 0.50173783 1
vt 0.48590243 0.71542692
vt 0.0039243698 0.062915057
vt 0.70832837 0.50042635
vt 0.67908669 0.50180167
vt 0.90417719 0.44980025
vt 0.72081113 1.0304481
vt 0.49999094 0.58818156
vt 0.40421939 0.44980022
vt -0.45073235 0.4481861
vt 0.26393253 0.29145283
vt 0.40421939 0.5004189
vt 0.81989765 0.44980025
vt 0.65954733 0.10330385
vt 0.28604126 0.60041702
vt 1.499269 0.50042623
vt 1.0601245 0.41587746
vt -0.3062959 0.5001356
vt 0.097686768 0.5004189
vt 0.7764321 0.50457662
vt -0.0003426075 0.12491626
vt -0.0282197 0.50041884
vt 0.6666193 0.53644216
vt 0.44040793 0.40706211
vt -0.45073235 0.41180003
vt 0.70832837 0.44740814
vt 0.26562184 0.44980022
vt 0.10766029 0.2053113
vt 0.00390625 0.062915176
vt 0.54161173 0.50180167
vt 0.99999154 0.41238776
vt 0.702411 0.44980022
vt 1.1270831 0.5004189
vt 0.6667785 0.077495456
vt 0.40781161 0.076596797
vt 0.055311039 0.44773307
vt 0.19685084 0.31679958
vt 0.44040805 0.59975117
vt 1 0
vt 0.38377619 0.50182837
vt 1.1739471 0.44980025
vt 0.54161173 0.41587746
vt 0.86452794 0.41587746
vt 0.90417719 0.44980025
vt 0.81962818 0.44980025
vt 0.74350238 0.40706211
vt 0.49595416 0.44740817
vt 0.40780252 0.11320239
vt 0.44058365 0.12896866
vt 0.18221366 0.44980022
vt 0.26393241 1.0599761
vt 0.097686768 0.5004189
vt 0.92538261 0.91273218
vt 1.1270609 0.5004189
vt 0.90854955 0.32554874
vt 1 0.55111891
vt 1 0
vt -0.12538493 0.50041884
vt 0.38377619 0.41238776
vt 0.99695563 0.18425062
vt 0.99626094 0.53504562
vt 0.671875 0.40625
vt -0.14842905 0.41238776
vt 0.097543091 0.5004189
vt 0.26651913 0.55111891
vt 0.70228964 0.5004189
vt 0.85018635 0.41309258
vt 0.74350238 0.50340664
vt 0.00390625 0.062915057
vt 0.26393265 0.605129
vt 1 0.55111891
vt 1 0
vt 1.1270831 0.5004189
vt 0.80696833 0.44773307
vt 1.0298796 0.44980025
vt 0.54161173 0.50180167
vt 0.59744745 0.5004189
vt 0.54125321 0.50457662
vt 0.49595416 0.41028726
vt -0.0042038113 0.50041884
vt -0.51626837 0.5364421
vt 0.671875 0.40625
vt 0.26651913 0.55111891
vt -0.17210627 0.50041884
vt 1 0.55111891
vt 0.35014802 0.44980022
vt 1.029917 0.5004189
vt 0.46713853 0.41180012
vt 0.26393265 0.83874393
vt 1.1739689 0.44980025
vt 0.73346066 0.50063723
vt 0.26393265 0.16772509
vt 0.54125321 0.50457662
vt -0.0042038113 0.44980022
vt -0.51626837 0.4481861
vt 0.44058365 0.15644431
vt 0.32316753 0.41587743
vt -0.3062959 0.5364421
vt 0.671875 0.40625
vt 0.81962818 0.44980025
vt 0.62734336 0.18572773
vt 0.18216005 0.44980022
vt 0.99695575 0.50584662
vt 1.0721117 0.5004189
vt 0.18221366 0.44980022
vt -0.11286631 0.5001356
vt 0.74350238 0.90533632
vt 0.2435853 0.44773307
vt 0.26393265 -0.05322291
vt 0.659217 0.10291141
vt 0.65954733 0.10330385
vt 0.34258366 0.08815378
vt 0.99626094 0.50180167
vt 0.94060034 0.41028726
vt -2.3841858e-07 0.99999976
vt 0.5009318 0.5004189
vt 0.80696833 0.53698963
vt 0.94060034 0.50042635
vt 0.74073184 0.0039062798
vt 0.2923938 0.53747004
vt 0.99695575 0.098960996
vt 0.21419853 0
vt 0.68320894 0.5034402
vt 0.70832837 0.44740814
vt 0.81962818 0.5004189
vt 1.0298796 0.44980025
vt 1.0721117 0.44980022
vt 0.67407715 0.1014771
vt 1 0.40624219
vt -0.028091073 0.44980022
vt 0.49595416 0.53747004
vt 0.43038109 0.028921127
vt 0.21419853 0
vt 0.85016823 0.41309282
vt -0.11286631 0.5364421
vt -9.1865659e-06 5.9604645e-08
vt 0.74073178 0.0039062798
vt 0.61431968 0.12989789
vt 0.46736503 0.44980022
vt 1.1739689 0.44980025
vt 0.4303773 0.065070212
vt 0.72081113 1.0304481
vt 0.54161173 0.41587746
vt 0.35014802 0.5004189
vt 1.2855051 0.41028723
vt 0.063065231 0.89201838
vt 0.03308773 0.1806142
vt 0.54161173 0.53504556
vt 0.4375 0.40625
vt 0.21419853 0
vt 0.515625 0.203125
vt 0.18216005 0.44980022
vt 1.0721117 0.5004189
vt 0.042682454 0.50041884
vt 0 0
vt 0.10432041 0.81162328
vt 0.74073178 0.0039062798
vt 0.92538261 0.91273218
vt 0.29943013 0.5004189
vt 0.65954733 0.10330385
vt 0.26393265 -0.05322291
vt 0.4999907 0.58818167
vt -0.51626837 0.5001356
vt 0.59759146 0.5004189
vt 0.62109464 0.10360718
vt 0 0.203125
vt 1.029933 0.44980025
vt 1.1739689 0.5004189
vt 1 1
vt 0.4375 0.40625
vt 0 0.40869212
vt 0.515625 0.203125
vt 2.9802322e-08 0.40624219
vt 1.0879757 0.53746992
vt 0.70832837 0.44740814
vt 0.10766029 0.2053113
vt 0.6666193 0.53644216
vt 0.2923938 0.50042635
vt 0.80696833 0.44773307
vt 0.86452794 0.44965625
vt 0.99695551 -0.027693748
vt 0 0.203125
vt 0.75331122 1
vt 0.81962818 0.5004189
vt -0.0003426075 0.60041702
vt 0.26393265 0.71542692
vt 0.99695599 0.30252582
vt 0.4375 0.40625
vt 0.38377619 0.50182837
vt 2.9802322e-08 0.40624219
vt 0.64029944 0.084128678
vt 0.80696833 0.50182837
vt 0.90415406 0.44980025
vt -0.00034284592 1.0115989
vt 0.74350238 0.90533632
vt -0.0003426075 0.70013523
vt 0.45874679 0.45278448
vt -0.12536293 0.44980022
vt 0.25895524 0
vt -0.0042038113 0.44980022
vt 0.75331122 1
vt 0.14010064 0.50041884
vt 0.99999154 0.53698963
vt 0.40397611 0.15644813
vt 1.1269412 0.44980025
vt 0.75 0.203125
vt 0.40780252 0.11320239
vt 0.44058365 0.12896866
vt 0.75 0
vt 2.9802322e-08 0.40624219
vt 1.1270609 0.5004189
vt 0.2435853 0.44773307
vt 0.92538261 0.91273218
vt 0.14983162 0.41309282
vt 0.45874679 0.45278448
vt -1.6391277e-07 0.99999988
vt 0.25895524 0
vt 0.98758566 0.5004189
vt 1.3419377 0.5004189
vt 0.75331122 1
vt 0.50173777 1
vt 0.59744745 0.44980022
vt 0.99626094 0.50180167
vt -0.11286631 0.4481861
vt -0.0003426075 0.5084818
vt 0.81965053 0.5004189
vt 0.063065231 0.12491626
vt 0.90415424 0.5004189
vt 0.62734348 0.82108563
vt 0.49595416 0.41028726
vt 0.46713853 0.44818616
vt 0.45874679 0.45278448
vt 0.25911927 0.5364421
vt 1 0
vt 0.25895524 0
vt 0.80696833 0.44773307
vt 0.40427226 0.5004189
vt 0.54161173 0.50180167
vt 0.37915671 0.060704887
vt 0.64037836 0.10343879
vt 0.81962818 0.5004189
vt 0.99626094 0.41587746
vt 0.26393265 0.71542692
vt -0.17227119 0.50041884
vt 0.99999154 0.50182837
vt 0.24637583 1
vt 1 0
vt 0.61431968 0.12989789
vt 0.4485296 0.04721576
vt 0.44058365 0.15644431
vt 0.33792251 0.079084158
vt 0.031329896 0.5364421
vt 1.499269 0.53746992
vt 0.18206924 0.5004189
vt 0.98758566 0.44980025
vt 0.29937726 0.44980022
vt 0.671875 0.203125
vt 0.2435853 0.44773307
vt -0.12529439 0.44980022
vt 0.29943013 0.5004189
vt 1 0
vt 0.097543091 0.44980022
vt 2.9802322e-08 0.203125
vt 0.80696833 0.53698963
vt -0.064693928 0.44965619
vt 0.81989765 0.5004189
vt -0.00037944317 -0.072636597
vt 0 0
vt 0.75331116 1
vt 1.1739689 0.5004189
vt 0.29928625 0.5004189
vt 0.671875 0.203125
vt 0.4375 0.203125
vt 0.45874679 0.40624219
vt 0.38326502 0.55900031
vt 0.85018647 0.41309258
vt 0.38724911 0.1677247
vt 2.9802322e-08 0.203125
vt 0 0.203125
vt 0.74350238 0.18572773
vt 0.065822229 0.95281136
vt -0.0003426075 0.2053113
vt 0.86452794 0.44965625
vt 0.76552641 0.5004189
vt 0 0
vt 0.54125321 0.55111891
vt 0.21875 0
vt 0.50078785 0.5004189
vt 1 0.99999982
vt 0.70243406 0.44980022
vt 0.6666193 0.50013566
vt 0.74350226 0.70425111
vt 0.43528634 0.11320144
vt 0.4375 0.203125
vt 0.45874679 0.40624219
vt 0.72081113 1.0304481
vt 1 0.50457662
vt 0.097687304 0.44980022
vt 0.21875 0.203125
vt 0.61431968 0.12989789
vt 1.2855051 0.41028723
vt 0.86452794 0.53504556
vt 1 -1.0430813e-07
vt 0.12507126 0.50180167
vt 0.46736503 0.44980022
vt 1.499269 0.44740811
vt 0.54125321 0.55111891
vt 0.21875 0
vt 0.99695563 0.60337919
vt 0.99999154 0.53698963
vt 0.26393265 0.16772509
vt 0 -1.1920929e-07
vt 0.32316753 0.50180167
vt 0.96691215 0.17964157
vt 0.4375 0.203125
vt 0.097686768 0.5004189
vt 0.50087911 0.44980022
vt -0.085013226 0.44773307
vt 0.49826199 0
vt 1.432532 0.53746992
vt 1 0.50457662
vt -2.9802322e-08 -2.9802322e-07
vt 0.21875 0.203125
vt 0.055311039 0.53698963
vt 0.659217 0.10291141
vt 0.21419853 0.203125
vt 1.1739689 0.5004189
vt 0.8703686 0.44980022
vt 0.54125321 0.55111891
vt 0.21875 0
vt -0.00034284592 0.41618007
vt 0.67908669 0.41587746
vt 0.40290177 0.028921127
vt -0.12521994 0.50041884
vt -0.45073235 0.41180003
vt 0.87807196 0.18425062
vt 0.26651913 0.50457662
vt 0.46736509 0.5004189
vt 0.49826199 0
vt 0.26562184 0.44980022
vt 0.40412828 0.44980022
vt 0.00390625 0.062915176
vt 0.21875 0.203125
vt 0.01846981 0.0055300049
vt 0.7764321 0.55111891
vt 0.21419853 0.203125
vt 0.86452794 0.44965625
vt 1.0879757 0.44740811
vt 0.70243406 0.44980022
vt 0.67407733 0.90533632
vt 0.99626094 0.41587746
vt 0.40781161 0.076596797
vt 0.28604126 0.41617987
vt 1.0000001 -1.6391277e-07
vt 0.26651913 0.50457662
vt 0.49826199 0
vt 0.58455575 0.60512865
vt 0.01846981 1.0114049
vt 0.72526586 0.45278448
vt 0.7764321 0.55111891
vt -0.3062959 0.5364421
vt 0.59792376 0.44980022
vt 1.499269 0.44740811
vt 0.54161173 0.41587746
vt 0.49595416 0.44740817
vt 1.0879757 0.41028726
vt 0.25911927 0.44818616
vt 0.23517889 0.40624219
vt 0.26651913 0.50457662
vt 0.34258366 0.060709655
vt 5.9604645e-08 0.55111891
vt 0.97269189 -0.027693748
vt -0.17218041 0.44980022
vt 0.72526586 0.45278448
vt 0.7764321 0.55111891
vt 0 1
vt 0.34694028 0.50340712
vt 0.7435469 -0.1179169
vt 1 0.40869212
vt 0.8703686 0.44980022
vt 0.063065231 0.12491626
vt 0.23517889 0.40624219
vt 5.9604645e-08 0.50457662
vt 0.75 0
vt 1.3419377 0.44980025
vt 0.46713853 0.44818616
vt 1.0000004 1.4901161e-07
vt 0.99626094 0.44965625
vt 5.9604645e-08 0.55111891
vt 0.26562184 0.44980022
vt 0.7435025 1.0306822
vt 0.29239374 0.41028726
vt 0.01846981 0.0055300049
vt -0.0003426075 0.60041702
vt 1.1739471 0.5004189
vt 0.097634017 0.44980022
vt 0.80696833 0.44773307
vt 0.97269261 1.0393867
vt 0.40412828 0.5004189
vt 0.19685084 0.70013511
vt -0.0003426075 0.8920185
vt 0.702411 0.44980022
vt 0.66886675 0.5004189
vt 0.23517889 0.45278448
vt 1.4992688 0.41028726
vt 0.12507126 0.53504556
vt 0.25911927 0.50013566
vt 0.43528634 0.11320144
vt 0.99695575 0.40831438
vt 1 0.203125
vt 0.35014802 0.44980022
vt 0.40427282 0.44980022
vt 0.99634731 -0.12599152
vt -0.17210627 0.50041884
vt 0.57220715 0.44980022
vt -0.028068721 0.44980022
vt 0.81965113 0.44980025
vt 0.74350238 0.59975117
vt 0.38326526 0.55900043
vt 0.40397611 0.15644813
vt 0.23517889 0.45278448
vt 0.99695575 0.50584662
vt 0.18221366 0.44980022
vt 0 -2.3841858e-07
vt 1 0.203125
vt 0.296875 0.203125
vt 0.26393241 1.0599761
vt 0.94060034 0.44740811
vt -0.064693928 0.44965619
vt 0.78345227 0.30252582
vt 2.9802322e-08 0.40625
vt 1 0.40625
vt -0.064693987 0.53504556
vt 0.99626094 0.50180167
vt 0.26393265 0.079084158
vt 1.3419377 0.5004189
vt -0.14842905 0.41238776
vt 0.26562184 0.5004189
vt 0.40397611 0.12896389
vt 1 0.203125
vt 0.87807196 0.18425062
vt 0.296875 0.203125
vt 0.38724911 0.1677247
vt 0.055311039 0.41238776
vt -0.3062959 0.4481861
vt -0.14842905 0.53698963
vt -0.064693928 0.4158774
vt 0.18216002 0.5004189
vt 0.24637589 1
vt 0.097634017 0.5004189
vt 0.50093246 0.44980022
vt -0.3062959 0.41180006
vt 2.9802322e-08 0.40625
vt 1 0.40625
vt 0.065822229 0.95281136
vt 0.87807256 0.82744312
vt 0.49595416 0.53747004
vt 0.67407733 0.90533632
vt 0.43528634 0.11320144
vt -0.11286631 0.5364421
vt 0.24637589 1
vt -0.085013226 0.41238776
vt 0.01846981 1.0114049
vt 1 0.40625
vt 1 0.45278448
vt 0.40421939 0.44980022
vt -0.12524128 0.44980022
vt 0.40289709 0.065516174
vt 0.99695575 0.50584662
vt 0.26393265 0.92766833
vt -1.1641532e-07 1
vt 0.34258366 0.060709655
vt 0.26393265 0.5034402
vt 0 -2.682209e-07
vt 0.031329907 0.4481861
vt -0.11286631 0.4481861
vt 2.9802322e-08 0.45278448
vt 1 0.45278448
vt 0.67908669 0.41587746
vt 0.28859603 1.0597219
vt 0.44040793 0.40706211
vt 0.59759146 0.5004189
vt 0.70228964 0.5004189
vt 0.99695623 0.91273218
vt 0.72526586 0.40624219
vt 0.59421194 0.50584662
vt 0.62734348 0.82108563
vt 0.99695575 0.098960996
vt 0.702411 0.5004189
vt 0.81962818 0.5004189
vt 0.70228964 0.44980022
vt 0.66886675 0.44980022
vt 0.60507929 0.53698963
vt 0.7435025 -0.023868755
vt 0.97269261 1.0393867
vt 0.6667785 0.077495456
vt 1 0.45278448
vt 0.86452794 0.44965625
vt 1.2950513 0.5004189
vt 0.67407733 0.90533632
vt 0.097634017 0.5004189
vt 0.99695623 0.82744312
vt 0.57220715 0.5004189
vt 0.64050096 0.12270868
vt -0.11286631 0.41180006
vt 1.0304008 0.44980025
vt 0.86452794 0.41587746
vt -0.12527227 0.50041884
vt -0.00037944317 1.0895715
vt 1 0
vt 0.01846981 1.0114049
vt -0.12536293 0.44980022
vt 0.25911927 0.44818616
vt 0.60507929 0.41238776
vt 0.44058365 0.12896866
vt 0.28859603 -0.052968636
vt 0.40780252 0.11320239
vt -0.12524128 0.44980022
vt 0.59792376 0.5004189
vt 0.031329907 0.41180006
vt 0.99999154 0.53698963
vt 1.1738343 0.44980025
vt 0.99999094 -5.9604645e-08
vt 0.26393276 0.40175048
vt 0.34258366 0.060709655
vt 0.34694028 0.50340712
vt -0.0003426075 0.12491626
vt 1 0
vt 0.78345227 0.30252582
vt 0.99626094 0.53504562
vt 0.50087911 0.5004189
vt 0.99626094 0.44965625
vt 0.29928625 0.44980022
vt 0.097543091 0.5004189
vt 1.0304008 0.5004189
vt 0.29239374 0.41028726
vt 0.01846981 0.0055300049
vt 0.38377619 0.44773307
vt 0.61431968 0.077249527
vt 0.40397611 0.12896389
vt 0.702411 0.5004189
vt 0.36075103 0.10614961
vt -0.085013226 0.50182837
vt 1 0
vt 0.97269261 1.0393867
vt 0.59744745 0.5004189
vt 0.19685084 0.70013511
vt -0.3062959 0.41180006
vt 0.033087492 0.17964157
vt 0.26393265 0.71542692
vt 0 0
vt 0.67908669 0.53504556
vt 0.99626094 0.41587746
vt 0.35014802 0.44980022
vt 0.99695623 0.82744312
vt 0.57220715 0.5004189
vt 0.2638841 1.1621974
vt -0.12524128 0.44980022
vt 0.26393265 0.83874393
vt -0.0042038113 0.44980022
vt 0.32316753 0.41587743
vt -0.3062959 0.5364421
vt 0.46736503 0.44980022
vt 0.44058365 0.15644431
vt 0.32316756 0.44965622
vt 0.99634755 1.1376847
vt 0.36106974 0.10646677
vt 0 0
vt 0.18206924 0.5004189
vt 0.29943079 0.44980022
vt 0.50173783 1
vt -0.45073235 0.5364421
vt 0.5009318 0.5004189
vt 0.2923938 0.53747004
vt 0.98758566 0.5004189
vt 0.78345227 0.30252582
vt 0.065491922 0.95241892
vt 0.90415406 0.5004189
vt 0.26393265 0.605129
vt 0 0
vt 0.99695563 0.18425062
vt 0.50087911 0.5004189
vt 0.90854919 0.32554862
vt -0.3062959 0.4481861
vt 0.50173783 1
vt -0.064693928 0.4158774
vt 0.38326514 0.55900043
vt 0.065822229 0.95281136
vt 1.2855051 0.50042623
vt -0.17224926 0.44980022
vt 0.38965309 0.094890475
vt 1.1739471 0.5004189
vt -0.3062959 0.41180006
vt 1.0304229 0.5004189
vt -0.0003426075 0.8920185
vt 0.43528634 0.11320144
vt 0.50173783 1
vt 0.25895521 0
vt 1.0879757 0.50042635
vt -0.085013226 0.41238776
vt -0.0042038113 0.44980022
vt -0.028612494 0.50041884
vt 0.7764321 0.50457662
vt 0.042682573 0.44980022
vt 0.40289709 0.065516174
vt 0.18206924 0.5004189
vt 1.2855051 0.44740814
vt 0.25895521 0
vt 1.1738343 0.44980025
vt 0.031329907 0.4481861
vt 0.28859603 1.0597219
vt 0.26393265 0.079084158
vt 0.7764321 0.50457662
vt 0.76552641 0.44980022
vt 1.1739689 0.5004189
vt 0.40412828 0.44980022
vt 0.99695611 1.0393867
vt 0.87807196 0.18425062
vt 0.25895521 0
vt 0.38377619 0.44773307
vt 0.74073184 0.0039062798
vt 0.81965053 0.5004189
vt 0.74350238 0.82108575
vt -0.14842905 0.53698963
vt -0.17212766 0.44980022
vt -0.0003426075 0.2053113
vt 0 0.40625
vt 0.50078785 0.5004189
vt 0.64050096 0.12270868
vt 1 1.0000005
vt 0.74073184 0.0039062798
vt 1.1270826 0.44980025
vt -0.028612494 0.50041884
vt 0.28859603 -0.052968636
vt 0.37523174 0.5084818
vt 0.32316756 0.44965622
vt 1.499269 0.44740811
vt 1.432532 0.41028723
vt 0.26393265 0.16772509
vt 0.74350226 0.1014771
vt -0.0003426075 0.81162339
vt 0.29943079 0.44980022
vt 0.29943013 0.5004189
vt 0.54125321 0.50457662
vt 1.432532 0.53746992
vt -0.45073235 0.5364421
vt 1.2950513 0.44980025
vt -0.17218041 0.44980022
vt -0.11286631 0.4481861
vt 0.46713853 0.53644216
vt 0.097543091 0.44980022
vt 0.85018635 0.41309282
vt 0.6666193 0.44818616
vt 0.26651913 0.55111891
vt 1.1270607 0.44980025
vt 0.99695611 1.0393867
vt 0.29928625 0.44980022
vt 0.36075103 0.10614961
vt 0.62734348 0.82108563
vt 0.46713853 0.44818616
vt 0.97269261 1.0393867
vt 0.94060034 0.53747004
vt -0.0003426075 0.60041702
vt 0.54125321 0.50457662
vt 1 1
vt 0.515625 0.203125
vt 0.40412828 0.5004189
vt 0.38326514 0.55900055
vt 0.70228964 0.44980022
vt 0.296875 0.40625
vt 0.055311039 0.50182837
vt 0.99999154 0.50182837
vt 0 0.203125
vt -0.028091073 0.44980022
vt 0.38724923 0.83874315
vt 1 1
vt 0.99634755 1.1376847
vt 0.515625 0.203125
vt 0.40427282 0.44980022
vt 0.67908669 0.44965622
vt 1 0.40624219
vt 0.2435853 0.53698963
vt 0.36106974 0.10646677
vt 0.031329896 0.5364421
vt 0.14010064 0.50041884
vt 1.499269 0.53746992
vt 0.74350238 0.59975117
vt 0.296875 0.40625
vt 1.2855051 0.53746992
vt 1.2855051 0.44740814
vt 0.75 0.203125
vt -0.45073235 0.5364421
vt 1 1
vt 0.75 0
vt -0.17218041 0.44980022
vt 0.78345227 0.30252582
vt -0.064693928 0.44965619
vt 0.091468692 0.32554898
vt 1 0.40624219
vt -0.12538493 0.50041884
vt -0.0003426075 0.5084818
vt 0.99695623 0.70916784
vt 0.296875 0.40625
vt 0.702411 0.5004189
vt 0.26562184 0.44980022
vt 0.26562184 0.5004189
vt 0.40397611 0.12896389
vt 0.75 0.203125
vt 0.097634017 0.44980022
vt 0.75 0
vt 0.40412828 0.5004189
vt 1 0.40624219
vt 0.097634017 0.5004189
vt 1.1270826 0.5004189
vt 0.74073178 0.0039062798
vt 1.0879757 0.50042635
vt 0.42228514 0.17459679
vt 0.54161173 0.44965622
vt 0.515625 0
vt 8.9332461e-06 5.9604645e-08
vt 0.12507126 0.50180167
vt 0.40427282 0.44980022
vt -0.51626837 0.41180003
vt 0.74350238 0.40706211
vt 0.74350238 0.59975117
vt 0.18221298 0.5004189
vt 0.58455563 0.40175048
vt 0.2638841 -0.15544493
vt -0.0003426075 0.81162339
vt 0.515625 0
vt 0.67908669 0.41587746
vt 0.40290177 0.028921127
vt 0.34258366 0.08815378
vt 0.70228964 0.5004189
vt 1.1270607 0.44980025
vt 2.9802322e-08 0.40624219
vt 0.7435025 1.0306822
vt 1.3419377 0.5004189
vt 0.26393265 0.605129
vt 0.8703686 0.5004189
vt 0.94060034 0.53747004
vt 0.68320894 0.5034402
vt -0.17215842 0.50041884
vt -0.0042038113 0.50041884
vt 0.50173777 1
vt 0.50093246 0.44980022
vt 1.0000002 5.9604645e-08
vt 0.99695575 0.40831438
vt -0.51626837 0.5364421
vt 0.67407715 0.1014771
vt 1.029917 0.5004189
vt 0.90415406 0.44980025
vt 0 0
vt 0.43038109 0.028921127
vt 0.033106044 0.17964157
vt 0.25895524 0
vt 0.99695563 0.60337919
vt 0.96689391 0.1806142
vt 0.38724923 0.83874315
vt 0.67908669 0.44965622
vt 0.50173777 1
vt 0.59759194 0.44980022
vt 0 3.2782555e-07
vt -0.00037944317 1.0895715
vt 1.0879757 0.41028726
vt 0.32316753 0.53504556
vt -0.12524128 0.44980022
vt 0.59792376 0.5004189
vt 0.50078785 0.44980022
vt 0.24637583 1
vt 1 0
vt 0.066008426 0.95227635
vt 0.10432041 0.81162328
vt 0.50173777 1
vt 0.59744745 0.44980022
vt 1 0.50457662
vt 0.097543091 0.44980022
vt 0.7435469 -0.1179169
vt 0.48590231 0.29145283
vt 0.70228964 0.5004189
vt 0.24637583 1
vt 1.0721117 0.44980022
vt 5.9604645e-08 -1.7881393e-07
vt 1 0
vt 0.94060034 0.53747004
vt 0.38377619 0.44773307
vt 0.19685084 0.70013511
vt 0.29928625 0.5004189
vt 0.66886675 0.44980022
vt -0.17215842 0.50041884
vt 0.75331116 1
vt 0.2923938 0.50042635
vt 1 0.50457662
vt 0.055311039 0.50182837
vt 0.86452794 0.50180167
vt 0.671875 0.203125
vt 1.1270826 0.5004189
vt 0.99695623 0.82744312
vt -0.028559923 0.50041884
vt 0.24637583 1
vt 1.029917 0.5004189
vt 0.57220715 0.5004189
vt 0.99634731 -0.12599152
vt -0.14842905 0.44773307
vt 0.2435853 0.53698963
vt 2.9802322e-08 0.203125
vt 0 0.203125
vt 0 0
vt 0.67908669 0.44965622
vt 0.75331116 1
vt -0.028068721 0.44980022
vt -0.00037944317 1.0895715
vt 0.35014802 0.5004189
vt 1.2855051 0.53746992
vt 0.32316756 0.44965622
vt 0.671875 0.203125
vt -0.45073235 0.5364421
vt -0.51626837 0.41180003
vt 0.45874679 0.40624219
vt 0.68883169 0.60337919
vt 2.9802322e-08 0.203125
vt 0 0.203125
vt 1 0.203125
vt 0.2638841 -0.15544493
vt 0 0
vt 0.75331116 1
vt 0.78345239 0.70916784
vt 1.499269 0.50042623
vt 1.029933 0.44980025
vt 0.90415406 0.5004189
vt 0.4375 0.203125
vt -0.0282197 0.50041884
vt 0.45874679 0.40624219
vt -0.3062959 0.4481861
vt -0.45073235 0.5001356
vt -0.064693928 0.4158774
vt 1 0.203125
vt 0 0.203125
vt 0.23517889 0.40624219
vt 0.12507126 0.44965622
vt 0 0
vt 0.25911927 0.5364421
vt 0.46713853 0.50013566
vt 0.18206921 0.44980022
vt 0.54125321 0.55111891
vt 0.21875 0
vt 0.66886675 0.44980022
vt 0.37915671 0.060704887
vt 0.64037836 0.10343879
vt 1.0304229 0.5004189
vt 0.097634017 0.5004189
vt 0.87807256 0.82744312
vt 0.38326526 0.55900055
vt 1.1270826 0.5004189
vt 0.61673474 0.55900055
vt -0.00034284592 1.0115989
vt 1 -1.0430813e-07
vt 0.23517889 0.40624219
vt 0.42228514 0.17459679
vt -0.12527227 0.50041884
vt -0.0042038113 0.44980022
vt -0.085013226 0.41238776
vt 0.40289709 0.065516174
vt 1.1269412 0.44980025
vt 0.59759194 0.44980022
vt 0.49826199 0
vt 0.26393241 1.0599761
vt 1.2855051 0.44740814
vt 0.12507126 0.41587743
vt 0.2638841 -0.15544493
vt 0.46713853 0.53644216
vt 0.21419853 0.203125
vt 1.0601245 0.41587746
vt 0.50087911 0.5004189
vt 0.66672039 0.12938303
vt 0.28859603 1.0597219
vt 0.031329907 0.4481861
vt 0.26393265 0.079084158
vt 1.4901161e-07 -1.1920929e-07
vt 0.90415406 0.5004189
vt -0.028703213 0.44980022
vt 0.99695623 0.91273218
vt 0.29239374 0.44740817
vt -0.0003426075 0.5084818
vt 0.90415424 0.5004189
vt 1.432532 0.50042623
vt 0.7764321 0.55111891
vt 0.60507929 0.53698963
vt -0.17215842 0.50041884
vt 0.99999154 0.41238776
vt 1 0.203125
vt 0 1
vt 0.5338757 0.30256236
vt 0.2435853 0.50182837
vt 1.2950513 0.5004189
vt 0.097634017 0.5004189
vt 5.9604645e-08 0.50457662
vt 0.75 0
vt 0.86452794 0.50180167
vt 0.81962818 0.5004189
vt 0.64050096 0.12270868
vt 0.055311039 0.44773307
vt 2.9802322e-08 0.40625
vt 5.9604645e-08 0.55111891
vt 0.6666193 0.50013566
vt -0.0003426075 0.8920185
vt 0.66886675 0.5004189
vt -0.00034284592 1.0115989
vt -0.00034284592 0.0053359321
vt 1 1.0000002
vt -0.12527227 0.50041884
vt 1.432532 0.44740814
vt 0 1
vt 0.32316753 0.53504556
vt 0.28859603 -0.052968636
vt 0.50078785 0.44980022
vt 1.197633 0.5004189
vt -0.51626837 0.4481861
vt -0.028612494 0.50041884
vt 5.9604645e-08 0.50457662
vt 0.75 0
vt 0.99999094 -5.9604645e-08
vt -0.45073235 0.4481861
vt 0.99607539 0.062915176
vt 0.066008426 0.95227635
vt 2.9802322e-08 0.40625
vt 5.9604645e-08 0.55111891
vt 0.57220715 0.44980022
vt 0.68883169 0.60337919
vt 0.29937726 0.44980022
vt 0.26393276 0.40175048
vt 0.38377619 0.41238776
vt 0.76552641 0.44980022
vt 0.81989765 0.44980025
vt 0 1
vt 0.81989765 0.5004189
vt 5.9604645e-08 0.50457662
vt 0.75 0
vt 0.26562184 0.44980022
vt 0.99695611 1.0393867
vt 0.40290177 0.028921127
vt 2.9802322e-08 0.45278448
vt 0.62109464 0.10360718
vt 0.75 0.203125
vt 0.72526586 0.40624219
vt 1.1270831 0.5004189
vt 0.94060034 0.53747004
vt 0.49826211 0
vt 0.12507126 0.44965622
vt 0.6935153 0.40831453
vt -0.14842905 0.53698963
vt 0.18206921 0.44980022
vt 0.46713853 0.50013566
vt 0.76552641 0.5004189
vt -0.17212766 0.44980022
vt 0.67908669 0.53504556
vt 1.0601245 0.44965625
vt 0.86452794 0.50180167
vt 0.74350226 0.70425111
vt 1.0601245 0.50180167
vt 0.296875 0.203125
vt 2.9802322e-08 0.45278448
vt 0.54161173 0.44965622
vt 0.67908669 0.44965622
vt 0.097687304 0.44980022
vt 0.70832837 0.41028723
vt 0.28604126 0.41617987
vt 0.46713853 0.41180012
vt 0.75 0.203125
vt 0.72526586 0.40624219
vt 0.74350202 0.30256236
vt 0.53387576 0.70425111
vt 0.49826211 0
vt 0.38724923 0.83874315
vt 0.36106974 0.10646677
vt 0.042682573 0.44980022
vt 0.99695563 0.60337919
vt 0.6666193 0.41180012
vt 0.2435853 0.41238776
vt 0.296875 0.203125
vt 0.68883169 0.60337919
vt 2.9802322e-08 0.45278448
vt 0.49595416 0.44740817
vt 0.50087911 0.44980022
vt 0.5000093 0.58818167
vt 0.78345239 0.70916784
vt 0.75 0.203125
vt 0.72526586 0.40624219
vt 0.24637589 1
vt 0.29937726 0.5004189
vt 0.49826211 0
vt 1 0.40625
vt 0.28604126 0.60041702
vt 1.0601245 0.41587746
vt -0.17218041 0.44980022
vt 0.097543091 0.5004189
vt 0.38377619 0.53698963
vt -0.00034284592 0.41618007
vt 0.99609375 0.062915176
vt -0.45073235 0.41180003
vt 0.46736509 0.5004189
vt 1.2855051 0.50042623
vt 1.0298796 0.44980025
vt 0.14922413 0.41309258
vt 0.24637589 1
vt -0.17224926 0.44980022
vt 0.81962818 0.5004189
vt 0.76552641 0.5004189
vt 1.1270826 0.5004189
vt 0.46713853 0.50013566
vt 0.99999154 0.41238776
vt 0.26562184 0.5004189
vt 0.85016829 0.41309258
vt 0.42228514 0.17459679
vt 0.055311039 0.44773307
vt 0.90415406 0.44980025
vt 1.0879757 0.50042635
vt 1.1739689 0.44980025
vt 0.097687304 0.44980022
vt 0.48590243 0.71542692
vt 0.59792376 0.44980022
vt -0.0003426075 0.70013523
vt 0.70832837 0.50042635
vt 0.67908669 0.50180167
vt 0.90417719 0.44980025
vt 0.18216005 0.44980022
vt 0.29943013 0.5004189
vt 1.0721117 0.5004189
vt 0.54161173 0.53504556
vt 0.12507126 0.41587743
vt 0.66672039 0.12938303
vt 1.1738343 0.44980025
vt 0.26393265 -0.05322291
vt 0.2638841 -0.15544493
vt 1.1270607 0.44980025
vt 0.28604126 0.60041702
vt 0.38377619 0.41238776
vt 0.29239374 0.44740817
vt 1.432532 0.50042623
vt -0.0003426075 0.12491626
vt 0.097543091 0.44980022
vt 1.0879757 0.53746992
vt 0.7435025 1.0306822
vt 0 0
vt 0.18206921 0.44980022
vt 0.99999154 0.41238776
vt 1.4992688 0.41028726
vt 0.99607563 0.062915176
vt 0.99695575 0.40831438
vt 0.87807256 0.82744312
vt 0.055311039 0.44773307
vt 0.49595416 0.53747004
vt 0.19685084 0.31679958
vt 0.80696833 0.50182837
vt 0.32316753 0.53504556
vt 0.44040805 0.59975117
vt 1 0
vt 1.1270826 0.44980025
vt 0.46713853 0.41180012
vt 0.70832837 0.41028723
vt 0.53387576 0.70425111
vt 0.59792376 0.44980022
vt 0.37523174 0.5084818
vt -0.0042038113 0.44980022
vt 0.14922404 0.4130927
vt 0.03310585 0.17964146
vt 0.81962818 0.44980025
vt 0.091450691 0.32554874
vt 0.18221366 0.44980022
vt 0.74350226 0.1014771
vt 0.46713853 0.53644216
vt 0.29943079 0.44980022
vt 0.99695623 0.70916784
vt 0.96691227 0.17964157
vt 0.38377619 0.41238776
vt 0.5009318 0.5004189
vt 1.1976331 0.44980025
vt 0.6666193 0.44818616
vt 1.3419377 0.44980025
vt 0.62109464 0.10360718
vt 0.031329907 0.5001356
vt 0.70228964 0.5004189
vt 0.7435025 1.0306822
vt 0.26393265 0.605129
vt 1.0298796 0.44980025
vt 0.86452794 0.50180167
vt 0.90853107 0.32554862
vt -0.0042038113 0.50041884
vt -0.0003426075 0.2053113
vt 1.4992688 0.41028726
vt 0.50078785 0.5004189
vt 0.6667785 0.077495456
vt -0.14842905 0.50182837
vt 0.99695575 0.40831438
vt 1.2950513 0.5004189
vt 1.029917 0.5004189
vt -0.14842905 0.44773307
vt 0.46713853 0.41180012
vt 1.1739689 0.44980025
vt 1 0
vt 0.98758566 0.44980025
vt 0.40421939 0.44980022
vt 0.33792251 0.079084158
vt 0.49595416 0.50042635
vt 1.0601245 0.53504562
vt 0.2435853 0.41238776
vt 0.18216005 0.44980022
vt 0.62734336 0.18572773
vt 0.44058365 0.12896866
vt 0.40780252 0.11320239
vt 1.0721117 0.5004189
vt -0.11286631 0.5001356
vt 0.68883169 0.60337919
vt 0.26393265 -0.05322291
vt 1 0.55111891
vt 1 0
vt 0.38377619 0.53698963
vt -0.028703213 0.44980022
vt 1.499269 0.50042623
vt 1.0879757 0.53746992
vt 0.671875 0.40625
vt -0.0282197 0.50041884
vt 0.26651913 0.55111891
vt 0.25911927 0.41180006
vt 1 0.55111891
vt 1 0
vt 0.12507126 0.44965622
vt 0.46713853 0.50013566
vt 0.54125321 0.50457662
vt 0.70832837 0.53747004
vt 0.67908669 0.53504556
vt 1.432532 0.44740814
vt 0.48590243 0.71542692
vt 0.671875 0.40625
vt 0.54161173 0.44965622
vt 1.0000004 1.0430813e-07
vt 0.26651913 0.55111891
vt 0.80696833 0.50182837
vt 0.67908669 0.50180167
vt -0.14842905 0.44773307
vt 0.70832837 0.50042635
vt 0.4303773 0.065070212
vt 0.7764321 0.50457662
vt 1 0.55111891
vt 0.86452794 0.53504556
vt 0.37915671 0.08815378
vt 0.35014802 0.5004189
vt 0.063065231 0.89201838
vt 0.74350238 0.40706211
vt 0.54161173 0.53504556
vt 0.042682454 0.50041884
vt 0.58455563 0.40175048
vt 0.671875 0.40625
vt 1.0000002 1.0000002
vt 0.74073184 0.0039062798
vt -0.085013226 0.44773307
vt 0.091450691 0.32554874
vt -0.0003426075 0.81162339
vt 0.28604126 0.60041702
vt 0.76552641 0.44980022
vt 0.2923938 0.53747004
vt 0.031329907 0.5001356
vt 0.097543091 0.5004189
vt 1.0879757 0.53746992
vt 0.6666193 0.53644216
vt 0.50000894 0.58818179
vt 0.74073184 0.0039062798
vt 0.18206921 0.44980022
vt -0.0282197 0.50041884
vt 0.21419853 0
vt 0.097634017 0.44980022
vt 0.74350238 0.18572773
vt 0.59744745 0.5004189
vt 0.70243406 0.44980022
vt 0.99999154 0.41238776
vt 1.0879757 0.44740811
vt -0.0003426075 0.60041702
vt 0.26393265 0.71542692
vt -0.51626837 0.5364421
vt 0.19685084 0.31679958
vt 0.9041543 0.44980025
vt -0.00034284592 1.0115989
vt 0.055311039 0.44773307
vt 0.44040805 0.59975117
vt 0.64029944 0.084128678
vt 0.80696833 0.50182837
vt 0.21419853 0
vt 0.26393265 0.83874393
vt 0.90415406 0.44980025
vt -0.00034284592 0.0053359321
vt -0.17210627 0.50041884
vt 0.74073178 0.0039062798
vt 0.33792251 0.079084158
vt 1.1269412 0.44980025
vt -0.51626837 0.4481861
vt 0.72081113 -0.023634687
vt 0.38377619 0.41238776
vt 0.21419853 0
vt 0.515625 0.203125
vt 0.33792275 0.92766857
vt 0.74073178 0.0039062798
vt 0.48590231 0.29145283
vt 1.0304008 0.5004189
vt 0 0.203125
vt -0.0003426075 0.5084818
vt 0.70228964 0.44980022
vt 1 1
vt 0.4375 0.40625
vt 0.515625 0.203125
vt 0.81965053 0.5004189
vt 2.9802322e-08 0.40624219
vt 0.25911927 0.41180006
vt 0.92538249 0.098960996
vt 1.0721117 0.44980022
vt 0.74073178 0.0039062798
vt 0.097634017 0.5004189
vt 0.18206921 0.44980022
vt 0.50093246 0.44980022
vt 0.296875 0.40625
vt 0 0.203125
vt 0.75331122 1
vt 0.25911927 0.50013566
vt 0.46713853 0.41180012
vt 0.43528634 0.076600611
vt 0.4375 0.40625
vt 0.75 0
vt 0.65973353 0.10276884
vt -0.00034284592 0.0053359321
vt 2.9802322e-08 0.40624219
vt -0.085013226 0.53698963
vt 0.26393253 0.29145283
vt 0.70832837 0.41028723
vt -0.17210627 0.50041884
vt 0.53387576 0.70425111
vt 0.86452794 0.53504556
vt 0.62734336 0.18572773
vt 0.25895524 0
vt 0.33792251 0.079084158
vt 0.37915671 0.08815378
vt 0.37523174 0.5084818
vt 0.75331122 1
vt -0.51626837 0.4481861
vt -0.51626837 0.41180003
vt 0.29943079 0.44980022
vt -0.11286631 0.5001356
vt 0.75 0.203125
vt 0.29937726 0.44980022
vt 0.26393265 0.92766833
vt 0.75 0
vt -0.085013226 0.44773307
vt 0.26393265 0.5034402
vt 0.45874679 0.45278448
vt 0.81989765 0.5004189
vt 0.25895524 0
vt 1.0721117 0.44980022
vt 1.029933 0.44980025
vt -0.45073235 0.5001356
vt 0.75331122 1
vt 0.74350238 0.50340664
vt 0.74350238 0.82108575
vt 0.76552641 0.5004189
vt 0.74350238 0.18572773
vt 0.45874679 0.45278448
vt 0.60507929 0.44773307
vt 1 0
vt 0.70243406 0.44980022
vt 1.0879757 0.44740811
vt 8.9332461e-06 -5.9604645e-08
vt 0.515625 0
vt 0.99999154 0.50182837
vt 0.097687304 0.44980022
vt 0.4303773 0.065070212
vt 0.033087611 0.17964134
vt -0.0003426075 0.70013523
vt 0.86452794 0.53504556
vt 0.54161173 0.53504556
vt 1 0
vt 0.99695575 0.50584662
vt 1.499269 0.44740811
vt 0.99695563 0.60337919
vt 0.59759194 0.44980022
vt 0.097686768 0.5004189
vt 0.063065231 0.89201838
vt 0.042682454 0.50041884
vt 0.32316753 0.50180167
vt 0.57220715 0.44980022
vt 1.1976331 0.44980025
vt 0.66672039 0.12938303
vt 0.03310585 0.17964146
vt 0.50087911 0.44980022
vt -0.085013226 0.44773307
vt 0.85016835 0.4130927
vt 0.671875 0.203125
vt 0.7435469 1.12473
vt 0.055311039 0.53698963
vt -0.064693928 0.44965619
vt 0.659217 0.10291141
vt -0.00034284592 0.41618007
vt 0.2665574 0.50063747
vt 0.6666193 0.53644216
vt 0.59759146 0.5004189
vt 0 0
vt 0.75331116 1
vt 1.1270831 0.5004189
vt 0.46736509 0.5004189
vt 0.74350238 0.82108575
vt 0.5338757 0.30256236
vt 1.0000002 0.99999988
vt 0.45874679 0.40624219
vt 0.2435853 0.50182837
vt 2.9802322e-08 0.203125
vt 1.0879757 0.44740811
vt 0 0
vt 0.54125321 0.55111891
vt 0.21875 0
vt 0.25911927 0.50013566
vt 0.64029944 0.084128678
vt 0.43528634 0.076600611
vt 1.432532 0.44740814
vt 0.80696833 0.50182837
vt 0.4375 0.203125
vt 0.58455575 0.60512865
vt 0.59792376 0.44980022
vt 0.49595416 0.50042635
vt 1.0000089 5.9604645e-08
vt 1 0.50457662
vt -0.0003426075 0.70013523
vt 0.21875 0.203125
vt 0.12507126 0.50180167
vt 1.432532 0.41028723
vt 1.499269 0.53746992
vt 0.54161173 0.41587746
vt 0.031329907 0.41180006
vt 0.54125321 0.55111891
vt 0.21875 0
vt 0.81989765 0.44980025
vt 0.97269189 -0.027693748
vt 0.4375 0.203125
vt 1.1739689 0.5004189
vt 0.99695623 0.70916784
vt 1 0.50457662
vt 0.99695623 0.91273218
vt 0.21875 0.203125
vt 0.99626094 0.53504562
vt 0.21419853 0.203125
vt 0.67908669 0.41587746
vt 1.3419377 0.44980025
vt 0.031329907 0.5001356
vt 0.40290177 0.028921127
vt 0.54125321 0.55111891
vt -0.12521994 0.50041884
vt 0.26562184 0.5004189
vt 0.7435025 1.0306822
vt 0.6935153 0.40831453
vt 1 -5.9604645e-08
vt 0.26651913 0.50457662
vt 0.49826199 0
vt 0.99695551 -0.027693748
vt 0.54161173 0.50180167
vt 0.80696833 0.44773307
vt 0.21875 0.203125
vt 1.4992688 0.41028726
vt 0.40427226 0.5004189
vt 1.0304229 0.5004189
vt 1.4901161e-08 0.99999988
vt 0.21419853 0.203125
vt 1.0304229 0.5004189
vt 0.74350226 0.70425111
vt 0.12507126 0.53504556
vt 0.50078785 0.5004189
vt 0.25911927 0.50013566
vt 0.99695575 0.40831438
vt 1 0.203125
vt -0.17210627 0.50041884
vt 0.26651913 0.50457662
vt 0.73344254 0.50063747
vt 0.49826199 0
vt 0.57220715 0.44980022
vt 0.72526586 0.45278448
vt 0.7764321 0.55111891
vt 0.6666193 0.41180012
vt 0.33792251 0.079084158
vt 0.40397611 0.15644813
vt 0.2435853 0.41238776
vt 0.99695575 0.50584662
vt 0.29943013 0.5004189
vt 1 0.203125
vt 0.94060034 0.44740811
vt 0.23517889 0.40624219
vt 0.26651913 0.50457662
vt 0.5009318 0.5004189
vt 5.9604645e-08 0.55111891
vt 0.38377619 0.53698963
vt 1.0601245 0.41587746
vt 0.99695623 0.70916784
vt 0.72526586 0.45278448
vt 0.7764321 0.55111891
vt -0.064693987 0.53504556
vt 0.99626094 0.50180167
vt 0.94060034 0.50042635
vt 0.26393265 0.079084158
vt -0.45073235 0.41180003
vt 0.48590231 0.29145283
vt 0.23517889 0.40624219
vt -0.064693928 0.50180167
vt 0.25911927 0.41180006
vt 0.85018647 0.4130927
vt 0.72526586 0.45278448
vt 0.92538249 0.098960996
vt 0.49999082 0.58818156
vt -0.17227119 0.50041884
vt 0.23517889 0.45278448
vt 0.99609363 0.062915057
vt 0.70832837 0.50042635
vt 0.99634731 -0.12599152
vt 0.72081113 1.0304481
vt 0.90417719 0.44980025
vt 0.86452794 0.53504556
vt 0.40421939 0.44980022
vt -0.12524128 0.44980022
vt 0.59792376 0.5004189
vt 0.37915671 0.08815378
vt -9.1865659e-06 5.9604645e-08
vt 0.031329907 0.41180006
vt 0.23517889 0.45278448
vt 0.055311039 0.53698963
vt 1 0.203125
vt 0.296875 0.203125
vt 1.1270609 0.5004189
vt 0.65954733 0.10330385
vt -0.00037944317 -0.072636597
vt 0.7435469 -0.1179169
vt 0.44040793 0.40706211
vt 0.0039243698 0.062915176
vt 0.99626094 0.53504562
vt 2.9802322e-08 0.40625
vt 1 0.40625
vt 0.10766029 0.2053113
vt 0.59421194 0.50584662
vt 0.8703686 0.44980022
vt 0.23517889 0.45278448
vt 0.70832837 0.44740814
vt 1 0.203125
vt -0.3062959 0.4481861
vt 0.296875 0.203125
vt -0.064693928 0.4158774
vt 0.097634017 0.5004189
vt 0.90415424 0.5004189
vt 0.86452794 0.44965625
vt 0.24637589 1
vt -0.028559923 0.50041884
vt 2.9802322e-08 0.40625
vt 1 0.40625
vt 0.87807256 0.82744312
vt 0.99695623 0.82744312
vt 0.19685084 0.31679958
vt 0.57220715 0.5004189
vt 0.44040805 0.59975117
vt 0.38377619 0.50182837
vt 0.90853095 0.32554874
vt -0.11286631 0.41180006
vt 0.86452794 0.41587746
vt -0.085013226 0.41238776
vt 0.54161173 0.41587746
vt -0.028068721 0.44980022
vt 0.24637589 1
vt 0.60507929 0.41238776
vt -0.12529439 0.44980022
vt 1.1738343 0.44980025
vt 1 0.40625
vt 2.9802322e-08 0.45278448
vt 0.031329907 0.41180006
vt 0.81962818 0.44980025
vt 0.40289709 0.065516174
vt 0.97269189 -0.027693748
vt 0.18221366 0.44980022
vt 0.99999154 0.53698963
vt 0.92538261 0.91273218
vt 0.80696833 0.41238776
vt 0.59759146 0.5004189
vt 0.031329907 0.4481861
vt 0.96691239 0.17964146
vt 0.29928625 0.44980022
vt 0.28859603 1.0597219
vt 0.94060034 0.50042635
vt 0.99626094 0.53504562
vt 1.0304008 0.5004189
vt 2.9802322e-08 0.45278448
vt 1 0.45278448
vt 0.097543091 0.5004189
vt 0.14010064 0.44980022
vt -0.12521994 0.50041884
vt 0.49595416 0.41028726
vt 0.75 0.203125
vt 0.72526586 0.40624219
vt 0.61431968 0.077249527
vt -0.085013226 0.50182837
vt 0.80696833 0.44773307
vt 1.0298796 0.44980025
vt 0.59744745 0.5004189
vt 0.60507929 0.53698963
vt 1 0.45278448
vt 1.2950513 0.5004189
vt 1.0000001 0.99999976
vt 0.99626094 0.41587746
vt -0.12527227 0.50041884
vt -0.12536293 0.44980022
vt 0.25911927 0.50013566
vt 0.2638841 1.1621974
vt 0.43528634 0.076600611
vt 0.26393265 0.83874393
vt 1.1739689 0.44980025
vt 0.49595416 0.50042635
vt 0.32316753 0.41587743
vt -0.3062959 0.5364421
vt 0.031329896 0.5364421
vt 0.29943079 0.44980022
vt 0.18216005 0.44980022
vt 0.18206924 0.5004189
vt -0.11286631 0.5001356
vt 0.2435853 0.44773307
vt 1.0721117 0.5004189
vt 0.29943013 0.5004189
vt 0.26393265 0.92766833
vt 0.80696833 0.53698963
vt -0.064693987 0.53504556
vt 1.1270607 0.44980025
vt 0.94060034 0.41028726
vt 0.26393265 -0.05322291
vt 0.26393265 0.5034402
vt 0.99626094 0.50180167
vt -0.12538493 0.50041884
vt 1 0
vt 1.0304008 0.5004189
vt 0.99695623 0.91273218
vt 0.10766029 0.2053113
vt -0.00034284592 0.31679958
vt 0.8703686 0.5004189
vt 0.90415424 0.5004189
vt 0.99999154 0.44773307
vt 0.66886675 0.44980022
vt 0.38965309 0.094890475
vt 0.70832837 0.53747004
vt -0.0042038113 0.50041884
vt 0.18216002 0.5004189
vt 0.67908669 0.53504556
vt 0.99999082 5.9604645e-08
vt 0 0
vt 0.38377619 0.50182837
vt 0.40427282 0.44980022
vt 0.4303773 0.065070212
vt 1.2855051 0.41028723
vt 0.61431968 0.12989789
vt -0.028612494 0.50041884
vt 0.81965113 0.44980025
vt 0.74350238 0.59975117
vt 0.063065231 0.89201838
vt 0.042682454 0.50041884
vt 0.36106974 0.10646677
vt 0 0
vt 0.26393276 0.40175048
vt 0.90417653 0.5004189
vt 0.26393265 0.92766833
vt 0.26393265 0.5034402
vt 0.59421194 0.50584662
vt 0.34258366 0.08815378
vt 0.6666193 0.53644216
vt 0.99695611 1.0393867
vt 0.60507929 0.50182837
vt 0 0
vt 0.87807196 0.18425062
vt 0.49595416 0.41028726
vt 0.74350238 0.82108575
vt -0.00034284592 0.31679958
vt 0.50173783 1
vt 1.2855051 0.50042623
vt 0.702411 0.5004189
vt 0.86452794 0.44965625
vt 1.0601245 0.44965625
vt 0.67407715 0.1014771
vt 1.0601245 0.50180167
vt 0.26393265 0.71542692
vt -0.11286631 0.41180006
vt 0.64029944 0.084128678
vt -0.085013226 0.53698963
vt 1.0879757 0.50042635
vt 0.60507929 0.41238776
vt 0.50173783 1
vt 0.25895521 0
vt 0.031329907 0.41180006
vt 1.432532 0.41028723
vt 0.031329896 0.5364421
vt 0.99999154 0.53698963
vt 0.40421939 0.5004189
vt 0.7764321 0.50457662
vt -0.0003426075 0.81162339
vt 0.72081113 -0.023634687
vt 0.33792275 0.92766857
vt -0.17218041 0.44980022
vt 0.25895521 0
vt 0.80696833 0.53698963
vt 0.50087911 0.5004189
vt 0.99999976 1.0000005
vt -0.11286631 0.4481861
vt 0.063065231 0.12491626
vt 0.7764321 0.50457662
vt 0.61431968 0.077249527
vt 0.62734348 0.82108563
vt -0.085013226 0.50182837
vt 0.00390625 0.062915057
vt 1.1270831 0.5004189
vt 0.01846981 0.0055300049
vt 0.25895521 0
vt 0.7435025 -0.023868755
vt 0.40412828 0.5004189
vt 0.74073184 0.0039062798
vt 0.2923938 0.50042635
vt 1.0601245 0.44965625
vt 0.26653934 0.50063747
vt 0.99626094 0.41587746
vt 0.2638841 1.1621974
vt 0.7764321 0.50457662
vt 1.0601245 0.50180167
vt 0.38328329 0.55900043
vt 0.65973353 0.10276884
vt 0.72081113 1.0304481
vt 0.35014802 0.44980022
vt 1 0
vt 0.40427282 0.44980022
vt -0.00037944317 1.0895715
vt 1.2855051 0.41028723
vt 0.74073184 0.0039062798
vt 0.54125321 0.50457662
vt 0.031329896 0.5364421
vt 0.37523174 0.5084818
vt 0.57220715 0.44980022
vt 1.499269 0.53746992
vt 0.74350238 0.59975117
vt 2.3841858e-07 1.0000004
vt 0.7435469 1.12473
vt 0.26651913 0.55111891
vt 1.1738343 0.44980025
vt 1 0.55111891
vt 0.99695623 0.70916784
vt 0.54125321 0.50457662
vt -0.12538493 0.50041884
vt 0.94060034 0.50042635
vt 0.702411 0.5004189
vt 0.671875 0.40625
vt 0.38724911 0.1677247
vt -1.6391277e-07 0.99999994
vt 0.26651913 0.55111891
vt 0.055311039 0.41238776
vt 0.38965309 0.094890475
vt 0.40397611 0.12896389
vt 0.70243347 0.5004189
vt 0.60507929 0.44773307
vt 0.25911927 0.5364421
vt 0.74350238 0.18572773
vt 0.54125321 0.50457662
vt 1 1
vt -1.7881393e-07 -1.1920929e-07
vt 0.70243406 0.44980022
vt 0.065822229 0.95281136
vt 1.0304229 0.5004189
vt 0.37915671 0.060704887
vt 0.43528634 0.11320144
vt 0.70228964 0.44980022
vt -0.17210627 0.50041884
vt 1.1270826 0.44980025
vt -0.51626837 0.41180003
vt 1 1
vt 0.32316753 0.50180167
vt 1.499269 0.44740811
vt 0.57220715 0.44980022
vt 1.197633 0.5004189
vt 1.0000092 5.9604645e-08
vt 0.74350226 0.1014771
vt 0.29937726 0.44980022
vt 0.296875 0.40625
vt 0.659217 0.10291141
vt 0.75 0.203125
vt 0.90415406 0.5004189
vt 0.99695563 0.18425062
vt 0.75 0
vt 0.81989765 0.5004189
vt 1 0.40624219
vt 0.34258366 0.08815378
vt 0.063065231 0.12491626
vt 0.70243347 0.5004189
vt 0.70228964 0.5004189
vt 0.10766029 0.2053113
vt 0.87807196 0.18425062
vt 0.296875 0.40625
vt 0.091468982 0.32554874
vt 1.1739471 0.5004189
vt 0.68320894 0.5034402
vt 0.75 0.203125
vt 0.75 0
vt 0.99999154 0.44773307
vt -0.14842905 0.50182837
vt 1 0.40624219
vt 0.67407733 0.90533632
vt 0.67407715 0.1014771
vt 1.029917 0.5004189
vt 0.38377619 0.50182837
vt 0.58455575 0.60512865
vt 0.43038109 0.028921127
vt 0.74073178 0.0039062798
vt 0.59759194 0.44980022
vt 1.1739471 0.44980025
vt 0.01846981 1.0114049
vt 0.74350202 0.30256236
vt 0.25911927 0.44818616
vt 0.54161173 0.41587746
vt 0.515625 0
vt -0.00037944317 1.0895715
vt 1.0879757 0.41028726
vt 0.59792376 0.5004189
vt 0.18221298 0.5004189
vt 2.9802322e-08 0.40624219
vt 0.34258366 0.060709655
vt 0.50087911 0.44980022
vt 0.34694028 0.50340712
vt 1 0.20589402
vt 0.4999907 0.58818167
vt 0.10432041 0.81162328
vt 0.515625 0
vt 1 5.9604645e-08
vt 0.99626094 0.44965625
vt 0.90853131 0.32554838
vt 0 0.203125
vt 0.7435469 -0.1179169
vt 0.29239374 0.41028726
vt -0.00034284592 0.41618007
vt 0.4375 0.40625
vt 0.26562184 0.5004189
vt 0.38724911 0.1677247
vt 2.9802322e-08 0.40624219
vt 0.49595416 0.41028726
vt 0.055311039 0.41238776
vt 0.60507929 0.50182837
vt 0.38377619 0.44773307
vt 0.80696833 0.44773307
vt 0.46736509 0.5004189
vt 0.7334426 0.50063723
vt 0.97269261 1.0393867
vt -0.17224926 0.44980022
vt 1.0000091 5.9604645e-08
vt 0.25895524 0
vt 0.2923938 0.50042635
vt 0.75331122 1
vt 0.50173777 1
vt -0.14842905 0.50182837
vt 0.12507126 0.53504556
vt 0.28604126 0.41617987
vt 1.0304008 0.44980025
vt 0.45874679 0.45278448
vt 0.25895524 0
vt 0.0039243698 0.062915176
vt 0.40397611 0.15644813
vt -0.028068721 0.44980022
vt 0.32316756 0.44965622
vt 0.50173777 1
vt 0.74350238 0.40706211
vt 0.031329896 0.5364421
vt 0.99695575 0.50584662
vt 0.94060034 0.44740811
vt 0.0039243698 0.062915176
vt 0.097686768 0.5004189
vt -0.0003426075 0.81162339
vt 0.59759146 0.5004189
vt 0.24637583 1
vt -0.12538493 0.50041884
vt 0.45874679 0.45278448
vt 1.1976331 0.44980025
vt 1 0
vt -0.51626837 0.5001356
vt 0.78345227 0.30252582
vt 0.33792275 0.92766857
vt 0.80696833 0.53698963
vt 0.99626094 0.50180167
vt 0.90415406 0.5004189
vt 0.50173777 1
vt 0.065491922 0.95241892
vt 0.48590231 0.29145283
vt 1 0.50457662
vt -0.064693928 0.50180167
vt 0.40397611 0.12896389
vt 0.671875 0.203125
vt 0.055311039 0.41238776
vt 0.24637583 1
vt 0.8703686 0.5004189
vt 0.25911927 0.5364421
vt 1 0
vt -0.3062959 0.41180006
vt 0.92538249 0.098960996
vt 0.37915671 0.060704887
vt 0.64037836 0.10343879
vt -0.51626837 0.5364421
vt 0.99695599 0.30252582
vt 0.75331116 1
vt -0.00034284592 1.0115989
vt 0.671875 0.203125
vt 0.45874679 0.40624219
vt 0.24637583 1
vt 0.72081113 1.0304481
vt 1.2855051 0.41028723
vt 2.9802322e-08 0.203125
vt 0.14010064 0.50041884
vt 0.25911927 0.44818616
vt 0.75331116 1
vt -0.12524128 0.44980022
vt 0.59792376 0.5004189
vt 1.0601245 0.41587746
vt 0.65954733 0.10330385
vt 0.671875 0.203125
vt -0.3062959 0.5001356
vt 1.2855051 0.44740814
vt 0.45874679 0.40624219
vt 0.34694028 0.50340712
vt 0.34258366 0.08815378
vt 2.9802322e-08 0.203125
vt 0 0.203125
vt 1 0.203125
vt 0.44040793 0.40706211
vt 0 0
vt 0.75331116 1
vt 0.21875 0
vt 0.99626094 0.44965625
vt 0.70832837 0.44740814
vt 0.29928625 0.44980022
vt 0.99695623 0.91273218
vt 1.0304008 0.5004189
vt 0.29239374 0.41028726
vt 0.68320894 0.5034402
vt 0.702411 0.5004189
vt 0.4375 0.203125
vt -0.12521994 0.50041884
vt 0.74350238 0.18572773
vt 0.45874679 0.40624219
vt 0.70243347 0.5004189
vt 0.8703686 0.5004189
vt 2.9802322e-08 0.203125
vt 0 0.203125
vt 1 0.203125
vt 0.23517889 0.40624219
vt 0 0
vt 0.67407715 0.1014771
vt -0.028559923 0.50041884
vt -0.028091073 0.44980022
vt 0.54125321 0.55111891
vt 0.21875 0
vt 0.43038109 0.028921127
vt 0.99695623 0.82744312
vt 0.57220715 0.5004189
vt 0.6666193 0.50013566
vt 0.4375 0.203125
vt -0.085013226 0.53698963
vt 0.86452794 0.41587746
vt 0.90417719 0.44980025
vt 0.98758566 0.44980025
vt 0.21875 0.203125
vt 1.0304008 0.44980025
vt 0.99999154 0.53698963
vt 1.1270609 0.5004189
vt 1.0601245 0.53504562
vt -0.45073235 0.4481861
vt 0.92538261 0.91273218
vt 0.32316753 0.50180167
vt 0.10432041 0.81162328
vt 0.90417653 0.5004189
vt 0.26393276 0.40175048
vt 0.49826199 0
vt 0.80696833 0.41238776
vt 0.66672039 0.12938303
vt 0.097543091 0.44980022
vt 0.76552641 0.44980022
vt 0.21419853 0.203125
vt 0.065491922 0.95241892
vt 0.59759146 0.5004189
vt 1.1739689 0.5004189
vt 1.029933 0.44980025
vt 0.063065231 0.12491626
vt 0.74350238 0.50340664
vt 0.36075103 0.10614961
vt -0.17215842 0.50041884
vt 0.38377619 0.44773307
vt 0.66886675 0.44980022
vt 0.26651913 0.50457662
vt 0.49826199 0
vt 0.065822229 0.95281136
vt 0.2923938 0.50042635
vt 0.94060034 0.53747004
vt 0.76552641 0.5004189
vt 0.7764321 0.55111891
vt 1.0601245 0.44965625
vt 0.99626094 0.41587746
vt 0.6667785 0.077495456
vt 0 1
vt 1.0601245 0.50180167
vt 0.14981347 0.41309258
vt 0.99609351 0.062915176
vt 5.9604645e-08 0.50457662
vt 1.1739471 0.44980025
vt 0.097687304 0.44980022
vt -0.085013226 0.53698963
vt 2.9802322e-08 0.40625
vt 5.9604645e-08 0.55111891
vt 0.28604126 0.41617987
vt 0.32316753 0.41587743
vt 0.81962818 0.44980025
vt -0.3062959 0.5364421
vt 0.72526586 0.45278448
vt 0.7764321 0.55111891
vt 1.0304008 0.44980025
vt 0.38724923 0.83874315
vt 0.32316756 0.44965622
vt 0 1
vt 0.2435853 0.44773307
vt 1.2950513 0.44980025
vt 5.9604645e-08 0.50457662
vt 0.75 0
vt 0.49595416 0.44740817
vt 0.18206924 0.5004189
vt 0.7435469 1.12473
vt -0.45073235 0.5364421
vt 5.9604645e-08 0.55111891
vt 0.94060034 0.41028726
vt 0.5009318 0.5004189
vt 0.065491922 0.95241892
vt 0.18216002 0.5004189
vt 0 1
vt 1.0304008 0.5004189
vt 0.74350238 0.50340664
vt 5.9604645e-08 0.50457662
vt 0.75 0
vt 0.38724911 0.1677247
vt 0.25911927 0.5364421
vt 1.0298796 0.44980025
vt 0.055311039 0.41238776
vt 0.296875 0.203125
vt 0.37915671 0.060704887
vt 0.64037836 0.10343879
vt 0.59744745 0.5004189
vt 0.75 0.203125
vt 0.72526586 0.40624219
vt 0.6935153 0.40831453
vt 1.1739689 0.44980025
vt 1.0000002 0.99999976
vt 0.12507126 0.53504556
vt -0.14842905 0.44773307
vt 0.61431968 0.12989789
vt 0.9041543 0.44980025
vt 8.9332461e-06 5.9604645e-08
vt 0.296875 0.203125
vt 2.9802322e-08 0.45278448
vt 0.26393265 0.83874393
vt -0.17210627 0.50041884
vt 0.4485296 0.04721576
vt 0.59792376 0.44980022
vt 0.18216005 0.44980022
vt 0.75 0.203125
vt 0.72526586 0.40624219
vt 0.24637589 1
vt -0.028612494 0.50041884
vt 0.49826211 0
vt 1.0721117 0.5004189
vt 0.38328314 0.55900043
vt 1.197633 0.5004189
vt 0.58455563 0.40175048
vt 0.2435853 0.41238776
vt 0.26393265 -0.05322291
vt 1.2855051 0.44740814
vt 1 0.203125
vt 0.296875 0.203125
vt 1.1738343 0.44980025
vt 0.7435469 1.12473
vt 0.94060034 0.44740811
vt 0.2638841 -0.15544493
vt 0.75 0.203125
vt 0.24637589 1
vt 1.499269 0.50042623
vt 0.50087911 0.5004189
vt 0.49826211 0
vt 1 0.40625
vt 0.38377619 0.53698963
vt 0.2923938 0.53747004
vt 0.90854955 0.32554838
vt 0.99695611 1.0393867
vt -0.0282197 0.50041884
vt 0.36075103 0.10614961
vt 1.0000001 0.99999988
vt 0.29928625 0.5004189
vt 0.7435025 1.0306822
vt 0.87807196 0.18425062
vt -0.12521994 0.50041884
vt 0.99695551 -0.027693748
vt 0.24637589 1
vt 0.702411 0.44980022
vt 1 0.40625
vt 1.4992688 0.41028726
vt 0.6666193 0.50013566
vt 0.74350226 0.70425111
vt -0.028559923 0.50041884
vt 0.99695575 0.40831438
vt 0.49595416 0.53747004
vt 1.1270826 0.44980025
vt 0.99634755 1.1376847
vt 0.26393253 0.29145283
vt 0.25911927 0.44818616
vt 0.70832837 0.50042635
vt -0.45073235 0.4481861
vt 0.74350202 0.30256236
vt 0 0
vt 1.197633 0.5004189
vt 0.74350226 0.1014771
vt 0.26393241 1.0599761
vt 0.46713853 0.53644216
vt 0.29943079 0.44980022
vt -0.17218041 0.44980022
vt 0.34694028 0.50340712
vt -0.11286631 0.4481861
vt 0.6666193 0.44818616
vt -0.3062959 0.5001356
vt 1.1270607 0.44980025
vt 1 0.45278448
vt 1 0.40869212
vt 0.99626094 0.44965625
vt 0 0.55063224
vt -0.45073235 0.41180003
vt -0.14842905 0.41238776
vt 0.62734348 0.82108563
vt 0.29239374 0.41028726
vt 0.01846981 0.0055300049
vt 0.94060034 0.53747004
vt 0.99695551 -0.027693748
vt 0.38326502 0.55900043
vt 0.40412828 0.5004189
vt 1 0
vt -0.17224926 0.44980022
vt -0.14842905 0.50182837
vt 0.6667785 0.077495456
vt -0.17227119 0.50041884
vt 0.40781161 0.076596797
vt 0.28604126 0.41617987
vt -0.00034284592 0.0053359321
vt 0.2435853 0.53698963
vt 0.19685084 0.31679958
vt -0.17210627 0.50041884
vt -0.14842905 0.44773307
vt 0.44040805 0.59975117
vt 0.38724923 0.83874315
vt 0.67908669 0.44965622
vt 0.40427282 0.44980022
vt -0.12536293 0.44980022
vt 0.86452794 0.41587746
vt 1 0
vt 0.90417719 0.44980025
vt 1.0304008 0.44980025
vt 0.74350202 0.30256236
vt -0.51626837 0.4481861
vt 1.2855051 0.53746992
vt 0.49595416 0.44740817
vt 0.74350238 0.59975117
vt 0.44058365 0.12896866
vt 0.40780252 0.11320239
vt 1.1270609 0.5004189
vt 0.58455563 0.40175048
vt 0.68883169 0.60337919
vt -0.00037944317 -0.072636597
vt 1 0
vt 0.065491922 0.95241892
vt 1.499269 0.50042623
vt 0.99695575 0.098960996
vt 0.40397611 0.12896389
vt -0.0282197 0.50041884
vt 0.065822229 0.95281136
vt 0.81962818 0.5004189
vt 0.12507126 0.44965622
vt 0.00390625 0.062915176
vt 0.66886675 0.5004189
vt -0.17224926 0.44980022
vt 0.46713853 0.50013566
vt 1.1270826 0.5004189
vt -0.17227119 0.50041884
vt 0.54161173 0.44965622
vt 0.99999154 0.50182837
vt 0.42228514 0.17459679
vt 1.1739471 0.44980025
vt 0.32316753 0.41587743
vt 0.81962818 0.44980025
vt 1.499269 0.53746992
vt 0.74350238 0.40706211
vt 0.097686768 0.5004189
vt 0.18221366 0.44980022
vt 1.0000002 1.0000002
vt 0.58455563 0.40175048
vt -0.11286631 0.5001356
vt 0.2638841 -0.15544493
vt 0.50173783 1
vt -0.0003426075 0.81162339
vt 0.28604126 0.60041702
vt -0.00037944317 -0.072636597
vt 0.94060034 0.41028726
vt 0.5009318 0.5004189
vt 1 0.55111891
vt 1 0
vt -1.6391277e-07 0.99999994
vt 0.2923938 0.53747004
vt 0.70228964 0.5004189
vt 0.26653922 0.50063735
vt 1.1270831 0.5004189
vt 0.74350238 0.18572773
vt 0.18216002 0.5004189
vt 0.50173783 1
vt 0.70243406 0.44980022
vt 0.671875 0.40625
vt 0.2435853 0.50182837
vt 0.26651913 0.55111891
vt 0.67407733 0.90533632
vt 0.99999154 0.44773307
vt 0.99999154 0.41238776
vt 0.7764321 0.50457662
vt 1 0
vt 1 0.55111891
vt 0.49595416 0.53747004
vt -0.51626837 0.5364421
vt 0.54125321 0.50457662
vt -0.11286631 0.5364421
vt 1.029917 0.5004189
vt 0.01846981 1.0114049
vt -0.00034284592 0.0053359321
vt 0.25895521 0
vt 0.2435853 0.53698963
vt 0.671875 0.40625
vt 0.74073184 0.0039062798
vt -0.0003426075 0.70013523
vt 0.26651913 0.55111891
vt 1 1
vt 1 7.7486038e-07
vt 0.4303773 0.065070212
vt 0.32316753 0.53504556
vt 1.0879757 0.41028726
vt -0.00037944317 1.0895715
vt 0.7764321 0.50457662
vt 1 0.55111891
vt 1.2855051 0.53746992
vt 0.50078785 0.44980022
vt 0.12507126 0.50180167
vt -0.51626837 0.4481861
vt 0.34258366 0.060709655
vt 0.063065231 0.89201838
vt 1.0721117 0.5004189
vt 0.042682454 0.50041884
vt 1.0601245 0.53504562
vt 0.066008426 0.95227635
vt -0.51626837 0.5001356
vt 1.1976331 0.44980025
vt 0.671875 0.40625
vt 0.74073184 0.0039062798
vt 0.26393265 -0.05322291
vt 0.98758566 0.5004189
vt 0.40290177 0.028921127
vt -0.00034284592 0.31679958
vt 0.36075103 0.10614961
vt -0.12521994 0.50041884
vt 0.81965053 0.5004189
vt 0.97269261 1.0393867
vt 0.60507929 0.50182837
vt 0.38377619 0.44773307
vt 1.0721117 0.44980022
vt 0.40412828 0.44980022
vt 0.74073184 0.0039062798
vt 0.99695599 0.30252582
vt 0.21419853 0
vt 0.6667785 0.077495456
vt 0.86452794 0.50180167
vt 0.74350238 0.90533632
vn 1 0 0
vn 1 0 0
vn 1 0 0
vn 1 0 0
vn 1 0 0
vn 1 0 0
vn 1 0 0
vn 1 0 0
vn 0 1 0
vn 0 1 0
vn 0 1 0
vn 0 1 0
vn 1 0 0
vn 1 0 0
vn 1 0 0
vn 1 0 0
vn 0 1 0
vn 0 1 0
vn 0 1 0
vn 0 1 0
vn 0 1 0
vn 0 1 0
vn 0 1 0
vn 0 1 0
vn 0 1 0
vn 0 1 0
vn 0 1 0
vn 0 1 0
vn -1 0 0
vn -1 0 0
vn -1 0 0
vn -1 0 0
vn 0 1 0
vn 0 1 0
vn 0 1 0
vn 0 1 0
vn 0 1 0
vn 0 1 0
vn 0 1 0
vn 0 1 0
vn 0 0 -1
vn 0 0 -1
vn 0 0 -1
vn 0 0 -1
vn 0 0 -1
vn 0 0 -1
vn 0 0 -1
vn 0 0 -1
vn 0 0 -1
vn 0 0 -1
vn 0 0 -1
vn 0 0 -1
vn 0 1 0
vn 0 1 0
vn 0 1 0
vn 0 1 0
vn -1 0 0
vn -1 0 0
vn -1 0 0
vn -1 0 0
vn 0 1 0
vn 0 1 0
vn 0 1 0
vn 0 1 0
vn -1 0 0
vn -1 0 0
vn -1 0 0
vn -1 0 0
vn 0 0 1
vn 0 0 1
vn 0 0 1
vn 0 0 1
vn 0 0 1
vn 0 0 1
vn 0 0 1
vn 0 0 1
vn -1 0 0
vn -1 0 0
vn -1 0 0
vn -1 0 0
vn 0 1 0
vn 0 1 0
vn 0 1 0
vn 0 1 0
vn 0 1 0
vn 0 1 0
vn 0 1 0
vn 0 1 0
vn 0 -1 0
vn 0 -1 0
vn 0 -1 0
vn 0 -1 0
vn 1 0 0
vn 1 0 0
vn 1 0 0
vn 1 0 0
vn 0 -0.47301692 -0.88105327
vn 0 -0.47301692 -0.88105327
vn 0 -0.47301692 -0.88105327
vn 0 -0.47301692 -0.88105327
vn 0 0.47301692 -0.88105327
vn 0 0.47301692 -0.88105327
vn 0 0.47301692 -0.88105327
vn 0 0.47301692 -0.88105327
vn 0.88105416 -0.47301543 0
vn 0.88105416 -0.47301543 0
vn 0.88105416 -0.47301543 0
vn 0.88105416 -0.47301543 0
vn 1 0 0
vn 1 0 0
vn 1 0 0
vn 1 0 0
vn 0 5.0355144e-08 1
vn 0 5.0355144e-08 1
vn 0 5.0355144e-08 1
vn 0 5.0355144e-08 1
vn 0 -5.0355144e-08 -1
vn 0 -5.0355144e-08 -1
vn 0 -5.0355144e-08 -1
vn 0 -5.0355144e-08 -1
vn -1 0 0
vn -1 0 0
vn -1 0 0
vn -1 0 0
vn -0.88105416 0.47301543 0
vn -0.88105416 0.47301543 0
vn -0.88105416 0.47301543 0
vn -0.88105416 0.47301543 0
vn 0 -0.47301599 0.88105375
vn 0 -0.47301599 0.88105375
vn 0 -0.47301599 0.88105375
vn 0 -0.47301599 0.88105375
vn -1 0 0
vn -1 0 0
vn -1 0 0
vn -1 0 0
vn 0 0 -1
vn 0 0 -1
vn 0 0 -1
vn 0 0 -1
vn 1 0 0
vn 1 0 0
vn 1 0 0
vn 1 0 0
vn 0 0 1
vn 0 0 1
vn 0 0 1
vn 0 0 1
vn -1 0 0
vn -1 0 0
vn -1 0 0
vn -1 0 0
vn 0 0 -1
vn 0 0 -1
vn 0 0 -1
vn 0 0 -1
vn 0 0 1
vn 0 0 1
vn 0 0 1
vn 0 0 1
vn 1 0 0
vn 1 0 0
vn 1 0 0
vn 1 0 0
vn 0 0.47301599 0.88105375
vn 0 0.47301599 0.88105375
vn 0 0.47301599 0.88105375
vn 0 0.47301599 0.88105375
vn -0.88105416 -0.47301543 0
vn -0.88105416 -0.47301543 0
vn -0.88105416 -0.47301543 0
vn -0.88105416 -0.47301543 0
vn 0.88105416 0.47301543 0
vn 0.88105416 0.47301543 0
vn 0.88105416 0.47301543 0
vn 0.88105416 0.47301543 0
vn 0 1 0
vn 0 1 0
vn 0 1 0
vn 0 1 0
vn 0 -1 0
vn 0 -1 0
vn 0 -1 0
vn 0 -1 0
vn 0.87770158 -0.47301522 0.076788917
vn 0.87770158 -0.47301522 0.076788917
vn 0.87770158 -0.47301522 0.076788917
vn 0.87770158 -0.47301522 0.076788917
vn 0.87770128 0.47301567 0.076788627
vn 0.87770128 0.47301567 0.076788627
vn 0.87770128 0.47301567 0.076788627
vn 0.87770128 0.47301567 0.076788627
vn -0.076788962 -0.47301421 0.87770212
vn -0.076788962 -0.47301421 0.87770212
vn -0.076788962 -0.47301421 0.87770212
vn -0.076788962 -0.47301421 0.87770212
vn -0.087155662 -8.7304954e-08 0.99619466
vn -0.087155662 -8.7304954e-08 0.99619466
vn -0.087155662 -8.7304954e-08 0.99619466
vn -0.087155662 -8.7304954e-08 0.99619466
vn -0.99619466 1.2198187e-07 -0.087155662
vn -0.99619466 1.2198187e-07 -0.087155662
vn -0.99619466 1.2198187e-07 -0.087155662
vn -0.99619466 1.2198187e-07 -0.087155662
vn 0.99619466 -1.2198174e-07 0.087155469
vn 0.99619466 -1.2198174e-07 0.087155469
vn 0.99619466 -1.2198174e-07 0.087155469
vn 0.99619466 -1.2198174e-07 0.087155469
vn 0.087155685 6.2127548e-08 -0.99619466
vn 0.087155685 6.2127548e-08 -0.99619466
vn 0.087155685 6.2127548e-08 -0.99619466
vn 0.087155685 6.2127548e-08 -0.99619466
vn 0.076788828 0.47301516 -0.87770164
vn 0.076788828 0.47301516 -0.87770164
vn 0.076788828 0.47301516 -0.87770164
vn 0.076788828 0.47301516 -0.87770164
vn -0.87770128 -0.47301579 -0.076789089
vn -0.87770128 -0.47301579 -0.076789089
vn -0.87770128 -0.47301579 -0.076789089
vn -0.87770128 -0.47301579 -0.076789089
vn 0.087155528 3.3845222e-07 -0.99619472
vn 0.087155528 3.3845222e-07 -0.99619472
vn 0.087155528 3.3845222e-07 -0.99619472
vn 0.087155528 3.3845222e-07 -0.99619472
vn 0.99619478 -4.7048178e-07 0.087155513
vn 0.99619478 -4.7048178e-07 0.087155513
vn 0.99619478 -4.7048178e-07 0.087155513
vn 0.99619478 -4.7048178e-07 0.087155513
vn -0.087155707 0 0.99619472
vn -0.087155707 0 0.99619472
vn -0.087155707 0 0.99619472
vn -0.087155707 0 0.99619472
vn -0.99619478 0 -0.087155633
vn -0.99619478 0 -0.087155633
vn -0.99619478 0 -0.087155633
vn -0.99619478 0 -0.087155633
vn 0.087155558 0 -0.99619472
vn 0.087155558 0 -0.99619472
vn 0.087155558 0 -0.99619472
vn 0.087155558 0 -0.99619472
vn 0.99619478 0 0.087155528
vn 0.99619478 0 0.087155528
vn 0.99619478 0 0.087155528
vn 0.99619478 0 0.087155528
vn -0.99619466 0 -0.08715564
vn -0.99619466 0 -0.08715564
vn -0.99619466 0 -0.08715564
vn -0.99619466 0 -0.08715564
vn -0.087155551 0 0.99619472
vn -0.087155551 0 0.99619472
vn -0.087155551 0 0.99619472
vn -0.087155551 0 0.99619472
vn -0.87770194 0.47301453 -0.076788828
vn -0.87770194 0.47301453 -0.076788828
vn -0.87770194 0.47301453 -0.076788828
vn -0.87770194 0.47301453 -0.076788828
vn 0.076788843 -0.47301692 -0.87770075
vn 0.076788843 -0.47301692 -0.87770075
vn 0.076788843 -0.47301692 -0.87770075
vn 0.076788843 -0.47301692 -0.87770075
vn -0.076788768 0.47301599 0.87770116
vn -0.076788768 0.47301599 0.87770116
vn -0.076788768 0.47301599 0.87770116
vn -0.076788768 0.47301599 0.87770116
vn 0 1 0
vn 0 1 0
vn 0 1 0
vn 0 1 0
vn 0 -0.99999994 0
vn 0 -0.99999994 0
vn 0 -0.99999994 0
vn 0 -0.99999994 0
vn 0 -0.47301152 -0.88105613
vn 0 -0.47301152 -0.88105613
vn 0 -0.47301152 -0.88105613
vn 0 -0.47301152 -0.88105613
vn 0 0.47301513 -0.88105422
vn 0 0.47301513 -0.88105422
vn 0 0.47301513 -0.88105422
vn 0 0.47301513 -0.88105422
vn 0.88105398 -0.47301555 0
vn 0.88105398 -0.47301555 0
vn 0.88105398 -0.47301555 0
vn 0.88105398 -0.47301555 0
vn 0.99999994 0 0
vn 0.99999994 0 0
vn 0.99999994 0 0
vn 0.99999994 0 0
vn 0 0 1
vn 0 0 1
vn 0 0 1
vn 0 0 1
vn 0 -2.0142058e-07 -1
vn 0 -2.0142058e-07 -1
vn 0 -2.0142058e-07 -1
vn 0 -2.0142058e-07 -1
vn -1 0 0
vn -1 0 0
vn -1 0 0
vn -1 0 0
vn -0.88105422 0.47301513 0
vn -0.88105422 0.47301513 0
vn -0.88105422 0.47301513 0
vn -0.88105422 0.47301513 0
vn 0 -0.47302228 0.88105041
vn 0 -0.47302228 0.88105041
vn 0 -0.47302228 0.88105041
vn 0 -0.47302228 0.88105041
vn -1 0 0
vn -1 0 0
vn -1 0 0
vn -1 0 0
vn 0 0 -1
vn 0 0 -1
vn 0 0 -1
vn 0 0 -1
vn 1 0 0
vn 1 0 0
vn 1 0 0
vn 1 0 0
vn 0 0 1
vn 0 0 1
vn 0 0 1
vn 0 0 1
vn -1 0 0
vn -1 0 0
vn -1 0 0
vn -1 0 0
vn 0 0 -1
vn 0 0 -1
vn 0 0 -1
vn 0 0 -1
vn 0 0 1
vn 0 0 1
vn 0 0 1
vn 0 0 1
vn 1 0 0
vn 1 0 0
vn 1 0 0
vn 1 0 0
vn 0 0.47302228 0.88105041
vn 0 0.47302228 0.88105041
vn 0 0.47302228 0.88105041
vn 0 0.47302228 0.88105041
vn -0.88105398 -0.47301555 0
vn -0.88105398 -0.47301555 0
vn -0.88105398 -0.47301555 0
vn -0.88105398 -0.47301555 0
vn 0.88105422 0.47301513 0
vn 0.88105422 0.47301513 0
vn 0.88105422 0.47301513 0
vn 0.88105422 0.47301513 0
vn 0 1 0
vn 0 1 0
vn 0 1 0
vn 0 1 0
vn 0 -1 0
vn 0 -1 0
vn 0 -1 0
vn 0 -1 0
vn 0.88105398 -0.4730157 -1.4410925e-07
vn 0.88105398 -0.4730157 -1.4410925e-07
vn 0.88105398 -0.4730157 -1.4410925e-07
vn 0.88105398 -0.4730157 -1.4410925e-07
vn 0.88105428 0.47301528 -1.4410921e-07
vn 0.88105428 0.47301528 -1.4410921e-07
vn 0.88105428 0.47301528 -1.4410921e-07
vn 0.88105428 0.47301528 -1.4410921e-07
vn 0 -0.47302225 0.88105047
vn 0 -0.47302225 0.88105047
vn 0 -0.47302225 0.88105047
vn 0 -0.47302225 0.88105047
vn 0 8.3980972e-08 0.99999994
vn 0 8.3980972e-08 0.99999994
vn 0 8.3980972e-08 0.99999994
vn 0 8.3980972e-08 0.99999994
vn -1 1.0899134e-07 0
vn -1 1.0899134e-07 0
vn -1 1.0899134e-07 0
vn -1 1.0899134e-07 0
vn 1 -1.0899134e-07 -2.0142053e-07
vn 1 -1.0899134e-07 -2.0142053e-07
vn 1 -1.0899134e-07 -2.0142053e-07
vn 1 -1.0899134e-07 -2.0142053e-07
vn 0 -8.4481959e-09 -1
vn 0 -8.4481959e-09 -1
vn 0 -8.4481959e-09 -1
vn 0 -8.4481959e-09 -1
vn -3.6027393e-07 0.47301143 -0.88105625
vn -3.6027393e-07 0.47301143 -0.88105625
vn -3.6027393e-07 0.47301143 -0.88105625
vn -3.6027393e-07 0.47301143 -0.88105625
vn -0.88105404 -0.47301546 0
vn -0.88105404 -0.47301546 0
vn -0.88105404 -0.47301546 0
vn -0.88105404 -0.47301546 0
vn 0 4.882811e-07 -0.99999994
vn 0 4.882811e-07 -0.99999994
vn 0 4.882811e-07 -0.99999994
vn 0 4.882811e-07 -0.99999994
vn 1 -3.051758e-07 0
vn 1 -3.051758e-07 0
vn 1 -3.051758e-07 0
vn 1 -3.051758e-07 0
vn 0 0 1
vn 0 0 1
vn 0 0 1
vn 0 0 1
vn -1 0 2.4414064e-07
vn -1 0 2.4414064e-07
vn -1 0 2.4414064e-07
vn -1 0 2.4414064e-07
vn -7.6293946e-07 0 -1
vn -7.6293946e-07 0 -1
vn -7.6293946e-07 0 -1
vn -7.6293946e-07 0 -1
vn 1 0 -1.2207032e-07
vn 1 0 -1.2207032e-07
vn 1 0 -1.2207032e-07
vn 1 0 -1.2207032e-07
vn -1 0 2.4414064e-07
vn -1 0 2.4414064e-07
vn -1 0 2.4414064e-07
vn -1 0 2.4414064e-07
vn 7.6293958e-07 0 1
vn 7.6293958e-07 0 1
vn 7.6293958e-07 0 1
vn 7.6293958e-07 0 1
vn -0.88105428 0.47301528 2.8821842e-07
vn -0.88105428 0.47301528 2.8821842e-07
vn -0.88105428 0.47301528 2.8821842e-07
vn -0.88105428 0.47301528 2.8821842e-07
vn 0 -0.47301152 -0.88105613
vn 0 -0.47301152 -0.88105613
vn 0 -0.47301152 -0.88105613
vn 0 -0.47301152 -0.88105613
vn 3.6027163e-07 0.47302225 0.88105047
vn 3.6027163e-07 0.47302225 0.88105047
vn 3.6027163e-07 0.47302225 0.88105047
vn 3.6027163e-07 0.47302225 0.88105047
vn 0 1 0
vn 0 1 0
vn 0 1 0
vn 0 1 0
vn 0 -1 0
vn 0 -1 0
vn 0 -1 0
vn 0 -1 0
vn 0 -0.47301111 -0.88105655
vn 0 -0.47301111 -0.88105655
vn 0 -0.47301111 -0.88105655
vn 0 -0.47301111 -0.88105655
vn 0 0.47301465 -0.88105452
vn 0 0.47301465 -0.88105452
vn 0 0.47301465 -0.88105452
vn 0 0.47301465 -0.88105452
vn 0.88105512 -0.47301358 0
vn 0.88105512 -0.47301358 0
vn 0.88105512 -0.47301358 0
vn 0.88105512 -0.47301358 0
vn 0.99999994 0 0
vn 0.99999994 0 0
vn 0.99999994 0 0
vn 0.99999994 0 0
vn 0 0 1
vn 0 0 1
vn 0 0 1
vn 0 0 1
vn 0 -2.0142025e-07 -1
vn 0 -2.0142025e-07 -1
vn 0 -2.0142025e-07 -1
vn 0 -2.0142025e-07 -1
vn -1 0 0
vn -1 0 0
vn -1 0 0
vn -1 0 0
vn -0.88105518 0.47301334 0
vn -0.88105518 0.47301334 0
vn -0.88105518 0.47301334 0
vn -0.88105518 0.47301334 0
vn 0 -0.47301465 0.88105452
vn 0 -0.47301465 0.88105452
vn 0 -0.47301465 0.88105452
vn 0 -0.47301465 0.88105452
vn -1 0 0
vn -1 0 0
vn -1 0 0
vn -1 0 0
vn 0 0 -1
vn 0 0 -1
vn 0 0 -1
vn 0 0 -1
vn 1 0 0
vn 1 0 0
vn 1 0 0
vn 1 0 0
vn 0 0 1
vn 0 0 1
vn 0 0 1
vn 0 0 1
vn -1 0 0
vn -1 0 0
vn -1 0 0
vn -1 0 0
vn 0 0 -1
vn 0 0 -1
vn 0 0 -1
vn 0 0 -1
vn 0 0 1
vn 0 0 1
vn 0 0 1
vn 0 0 1
vn 1 0 0
vn 1 0 0
vn 1 0 0
vn 1 0 0
vn 0 0.47301465 0.88105452
vn 0 0.47301465 0.88105452
vn 0 0.47301465 0.88105452
vn 0 0.47301465 0.88105452
vn -0.88105512 -0.47301358 0
vn -0.88105512 -0.47301358 0
vn -0.88105512 -0.47301358 0
vn -0.88105512 -0.47301358 0
vn 0.88105518 0.47301334 0
vn 0.88105518 0.47301334 0
vn 0.88105518 0.47301334 0
vn 0.88105518 0.47301334 0
vn 0 1 0
vn 0 1 0
vn 0 1 0
vn 0 1 0
vn 0 -1 0
vn 0 -1 0
vn 0 -1 0
vn 0 -1 0
vn 0 -0.47301465 -0.88105452
vn 0 -0.47301465 -0.88105452
vn 0 -0.47301465 -0.88105452
vn 0 -0.47301465 -0.88105452
vn 0 0.47301465 -0.88105452
vn 0 0.47301465 -0.88105452
vn 0 0.47301465 -0.88105452
vn 0 0.47301465 -0.88105452
vn 0.88105518 -0.4730134 0
vn 0.88105518 -0.4730134 0
vn 0.88105518 -0.4730134 0
vn 0.88105518 -0.4730134 0
vn 1 0 0
vn 1 0 0
vn 1 0 0
vn 1 0 0
vn 0 1.0071012e-07 1
vn 0 1.0071012e-07 1
vn 0 1.0071012e-07 1
vn 0 1.0071012e-07 1
vn 0 -5.0355062e-08 -1
vn 0 -5.0355062e-08 -1
vn 0 -5.0355062e-08 -1
vn 0 -5.0355062e-08 -1
vn -1 0 0
vn -1 0 0
vn -1 0 0
vn -1 0 0
vn -0.88105518 0.47301334 0
vn -0.88105518 0.47301334 0
vn -0.88105518 0.47301334 0
vn -0.88105518 0.47301334 0
vn 0 -0.47301644 0.88105357
vn 0 -0.47301644 0.88105357
vn 0 -0.47301644 0.88105357
vn 0 -0.47301644 0.88105357
vn -1 0 0
vn -1 0 0
vn -1 0 0
vn -1 0 0
vn 0 0 -1
vn 0 0 -1
vn 0 0 -1
vn 0 0 -1
vn 1 0 0
vn 1 0 0
vn 1 0 0
vn 1 0 0
vn 0 0 1
vn 0 0 1
vn 0 0 1
vn 0 0 1
vn -1 0 0
vn -1 0 0
vn -1 0 0
vn -1 0 0
vn 0 0 -1
vn 0 0 -1
vn 0 0 -1
vn 0 0 -1
vn 0 0 1
vn 0 0 1
vn 0 0 1
vn 0 0 1
vn 1 0 0
vn 1 0 0
vn 1 0 0
vn 1 0 0
vn 0 0.47301465 0.88105452
vn 0 0.47301465 0.88105452
vn 0 0.47301465 0.88105452
vn 0 0.47301465 0.88105452
vn -0.88105518 -0.4730134 0
vn -0.88105518 -0.4730134 0
vn -0.88105518 -0.4730134 0
vn -0.88105518 -0.4730134 0
vn 0.88105518 0.47301334 0
vn 0.88105518 0.47301334 0
vn 0.88105518 0.47301334 0
vn 0.88105518 0.47301334 0
vn 0 1 0
vn 0 1 0
vn 0 1 0
vn 0 1 0
vn 0 -1 0
vn 0 -1 0
vn 0 -1 0
vn 0 -1 0
vn 0 -0.473012 -0.88105601
vn 0 -0.473012 -0.88105601
vn 0 -0.473012 -0.88105601
vn 0 -0.473012 -0.88105601
vn 0 0.473012 -0.88105601
vn 0 0.473012 -0.88105601
vn 0 0.473012 -0.88105601
vn 0 0.473012 -0.88105601
vn 0.88105518 -0.47301325 0
vn 0.88105518 -0.47301325 0
vn 0.88105518 -0.47301325 0
vn 0.88105518 -0.47301325 0
vn 1 0 0
vn 1 0 0
vn 1 0 0
vn 1 0 0
vn 0 0 1
vn 0 0 1
vn 0 0 1
vn 0 0 1
vn 0 0 -1
vn 0 0 -1
vn 0 0 -1
vn 0 0 -1
vn -1 0 0
vn -1 0 0
vn -1 0 0
vn -1 0 0
vn -0.88105541 0.47301307 0
vn -0.88105541 0.47301307 0
vn -0.88105541 0.47301307 0
vn -0.88105541 0.47301307 0
vn 0 -0.47301644 0.88105357
vn 0 -0.47301644 0.88105357
vn 0 -0.47301644 0.88105357
vn 0 -0.47301644 0.88105357
vn -1 0 0
vn -1 0 0
vn -1 0 0
vn -1 0 0
vn 0 0 -1
vn 0 0 -1
vn 0 0 -1
vn 0 0 -1
vn 1 0 0
vn 1 0 0
vn 1 0 0
vn 1 0 0
vn 0 0 1
vn 0 0 1
vn 0 0 1
vn 0 0 1
vn -1 0 0
vn -1 0 0
vn -1 0 0
vn -1 0 0
vn 0 0 -1
vn 0 0 -1
vn 0 0 -1
vn 0 0 -1
vn 0 0 1
vn 0 0 1
vn 0 0 1
vn 0 0 1
vn 1 0 0
vn 1 0 0
vn 1 0 0
vn 1 0 0
vn 0 0.47301644 0.88105357
vn 0 0.47301644 0.88105357
vn 0 0.47301644 0.88105357
vn 0 0.47301644 0.88105357
vn -0.88105518 -0.47301325 0
vn -0.88105518 -0.47301325 0
vn -0.88105518 -0.47301325 0
vn -0.88105518 -0.47301325 0
vn 0.88105541 0.47301307 0
vn 0.88105541 0.47301307 0
vn 0.88105541 0.47301307 0
vn 0.88105541 0.47301307 0
vn 0 1 0
vn 0 1 0
vn 0 1 0
vn 0 1 0
vn 0 -1 0
vn 0 -1 0
vn 0 -1 0
vn 0 -1 0
vn 0 -0.47301111 -0.88105655
vn 0 -0.47301111 -0.88105655
vn 0 -0.47301111 -0.88105655
vn 0 -0.47301111 -0.88105655
vn 0 0.47301111 -0.88105655
vn 0 0.47301111 -0.88105655
vn 0 0.47301111 -0.88105655
vn 0 0.47301111 -0.88105655
vn 0.88105512 -0.47301358 0
vn 0.88105512 -0.47301358 0
vn 0.88105512 -0.47301358 0
vn 0.88105512 -0.47301358 0
vn 1 0 0
vn 1 0 0
vn 1 0 0
vn 1 0 0
vn 0 0 1
vn 0 0 1
vn 0 0 1
vn 0 0 1
vn 0 0 -1
vn 0 0 -1
vn 0 0 -1
vn 0 0 -1
vn -1 0 0
vn -1 0 0
vn -1 0 0
vn -1 0 0
vn -0.88105524 0.47301334 0
vn -0.88105524 0.47301334 0
vn -0.88105524 0.47301334 0
vn -0.88105524 0.47301334 0
vn 0 -0.47301465 0.88105452
vn 0 -0.47301465 0.88105452
vn 0 -0.47301465 0.88105452
vn 0 -0.47301465 0.88105452
vn -1 0 0
vn -1 0 0
vn -1 0 0
vn -1 0 0
vn 0 0 -1
vn 0 0 -1
vn 0 0 -1
vn 0 0 -1
vn 1 0 0
vn 1 0 0
vn 1 0 0
vn 1 0 0
vn 0 0 1
vn 0 0 1
vn 0 0 1
vn 0 0 1
vn -1 0 0
vn -1 0 0
vn -1 0 0
vn -1 0 0
vn 0 0 -1
vn 0 0 -1
vn 0 0 -1
vn 0 0 -1
vn 0 0 1
vn 0 0 1
vn 0 0 1
vn 0 0 1
vn 1 0 0
vn 1 0 0
vn 1 0 0
vn 1 0 0
vn 0 0.47301465 0.88105452
vn 0 0.47301465 0.88105452
vn 0 0.47301465 0.88105452
vn 0 0.47301465 0.88105452
vn -0.88105512 -0.47301358 0
vn -0.88105512 -0.47301358 0
vn -0.88105512 -0.47301358 0
vn -0.88105512 -0.47301358 0
vn 0.88105524 0.47301334 0
vn 0.88105524 0.47301334 0
vn 0.88105524 0.47301334 0
vn 0.88105524 0.47301334 0
vn 0 1 0
vn 0 1 0
vn 0 1 0
vn 0 1 0
vn 0 -1 0
vn 0 -1 0
vn 0 -1 0
vn 0 -1 0
vn 0 -0.47300801 -0.88105816
vn 0 -0.47300801 -0.88105816
vn 0 -0.47300801 -0.88105816
vn 0 -0.47300801 -0.88105816
vn 0 0.47300801 -0.88105816
vn 0 0.47300801 -0.88105816
vn 0 0.47300801 -0.88105816
vn 0 0.47300801 -0.88105816
vn 0.88105398 -0.47301555 0
vn 0.88105398 -0.47301555 0
vn 0.88105398 -0.47301555 0
vn 0.88105398 -0.47301555 0
vn 1 0 0
vn 1 0 0
vn 1 0 0
vn 1 0 0
vn 0 0 1
vn 0 0 1
vn 0 0 1
vn 0 0 1
vn 0 0 -1
vn 0 0 -1
vn 0 0 -1
vn 0 0 -1
vn -1 0 0
vn -1 0 0
vn -1 0 0
vn -1 0 0
vn -0.88105422 0.47301537 0
vn -0.88105422 0.47301537 0
vn -0.88105422 0.47301537 0
vn -0.88105422 0.47301537 0
vn 0 -0.47301513 0.88105422
vn 0 -0.47301513 0.88105422
vn 0 -0.47301513 0.88105422
vn 0 -0.47301513 0.88105422
vn -1 0 0
vn -1 0 0
vn -1 0 0
vn -1 0 0
vn 0 0 -1
vn 0 0 -1
vn 0 0 -1
vn 0 0 -1
vn 1 0 0
vn 1 0 0
vn 1 0 0
vn 1 0 0
vn 0 0 1
vn 0 0 1
vn 0 0 1
vn 0 0 1
vn -1 0 0
vn -1 0 0
vn -1 0 0
vn -1 0 0
vn 0 0 -1
vn 0 0 -1
vn 0 0 -1
vn 0 0 -1
vn 0 0 1
vn 0 0 1
vn 0 0 1
vn 0 0 1
vn 1 0 0
vn 1 0 0
vn 1 0 0
vn 1 0 0
vn 0 0.47301513 0.88105422
vn 0 0.47301513 0.88105422
vn 0 0.47301513 0.88105422
vn 0 0.47301513 0.88105422
vn -0.88105398 -0.47301555 0
vn -0.88105398 -0.47301555 0
vn -0.88105398 -0.47301555 0
vn -0.88105398 -0.47301555 0
vn 0.88105422 0.47301537 0
vn 0.88105422 0.47301537 0
vn 0.88105422 0.47301537 0
vn 0.88105422 0.47301537 0
vn 0 1 0
vn 0 1 0
vn 0 1 0
vn 0 1 0
vn 0 -1 0
vn 0 -1 0
vn 0 -1 0
vn 0 -1 0
vn -0.88105518 -0.47301346 -1.4410945e-07
vn -0.88105518 -0.47301346 -1.4410945e-07
vn -0.88105518 -0.47301346 -1.4410945e-07
vn -0.88105518 -0.47301346 -1.4410945e-07
vn -0.88105518 0.47301346 -2.882189e-07
vn -0.88105518 0.47301346 -2.882189e-07
vn -0.88105518 0.47301346 -2.882189e-07
vn -0.88105518 0.47301346 -2.882189e-07
vn 0 -0.47301513 -0.88105422
vn 0 -0.47301513 -0.88105422
vn 0 -0.47301513 -0.88105422
vn 0 -0.47301513 -0.88105422
vn 0 4.199088e-08 -1
vn 0 4.199088e-08 -1
vn 0 4.199088e-08 -1
vn 0 4.199088e-08 -1
vn 0.99999994 5.4495672e-08 4.028407e-07
vn 0.99999994 5.4495672e-08 4.028407e-07
vn 0.99999994 5.4495672e-08 4.028407e-07
vn 0.99999994 5.4495672e-08 4.028407e-07
vn -0.99999994 -5.4495622e-08 -4.028407e-07
vn -0.99999994 -5.4495622e-08 -4.028407e-07
vn -0.99999994 -5.4495622e-08 -4.028407e-07
vn -0.99999994 -5.4495622e-08 -4.028407e-07
vn 0 9.6486602e-08 1
vn 0 9.6486602e-08 1
vn 0 9.6486602e-08 1
vn 0 9.6486602e-08 1
vn 0 0.47301152 0.88105613
vn 0 0.47301152 0.88105613
vn 0 0.47301152 0.88105613
vn 0 0.47301152 0.88105613
vn 0.88105261 -0.47301823 0
vn 0.88105261 -0.47301823 0
vn 0.88105261 -0.47301823 0
vn 0.88105261 -0.47301823 0
vn 0 0 1
vn 0 0 1
vn 0 0 1
vn 0 0 1
vn -1 0 -2.4414075e-07
vn -1 0 -2.4414075e-07
vn -1 0 -2.4414075e-07
vn -1 0 -2.4414075e-07
vn 0 0 -1
vn 0 0 -1
vn 0 0 -1
vn 0 0 -1
vn 1 0 0
vn 1 0 0
vn 1 0 0
vn 1 0 0
vn 0 0 1
vn 0 0 1
vn 0 0 1
vn 0 0 1
vn -1 0 -1.220704e-07
vn -1 0 -1.220704e-07
vn -1 0 -1.220704e-07
vn -1 0 -1.220704e-07
vn 1 0 2.4414081e-07
vn 1 0 2.4414081e-07
vn 1 0 2.4414081e-07
vn 1 0 2.4414081e-07
vn 0 0 -1
vn 0 0 -1
vn 0 0 -1
vn 0 0 -1
vn 0.88105309 0.47301725 2.8821822e-07
vn 0.88105309 0.47301725 2.8821822e-07
vn 0.88105309 0.47301725 2.8821822e-07
vn 0.88105309 0.47301725 2.8821822e-07
vn 0 -0.47301152 0.88105631
vn 0 -0.47301152 0.88105631
vn 0 -0.47301152 0.88105631
vn 0 -0.47301152 0.88105631
vn 0 0.47301513 -0.88105422
vn 0 0.47301513 -0.88105422
vn 0 0.47301513 -0.88105422
vn 0 0.47301513 -0.88105422
vn 0 1 0
vn 0 1 0
vn 0 1 0
vn 0 1 0
vn 0 -0.99999994 0
vn 0 -0.99999994 0
vn 0 -0.99999994 0
vn 0 -0.99999994 0
vn 0 -0.47301111 -0.88105655
vn 0 -0.47301111 -0.88105655
vn 0 -0.47301111 -0.88105655
vn 0 -0.47301111 -0.88105655
vn 0 0.47301111 -0.88105655
vn 0 0.47301111 -0.88105655
vn 0 0.47301111 -0.88105655
vn 0 0.47301111 -0.88105655
vn 0.88105512 -0.47301358 0
vn 0.88105512 -0.47301358 0
vn 0.88105512 -0.47301358 0
vn 0.88105512 -0.47301358 0
vn 1 0 0
vn 1 0 0
vn 1 0 0
vn 1 0 0
vn 0 0 1
vn 0 0 1
vn 0 0 1
vn 0 0 1
vn 0 0 -1
vn 0 0 -1
vn 0 0 -1
vn 0 0 -1
vn -1 0 0
vn -1 0 0
vn -1 0 0
vn -1 0 0
vn -0.88105524 0.47301334 0
vn -0.88105524 0.47301334 0
vn -0.88105524 0.47301334 0
vn -0.88105524 0.47301334 0
vn 0 -0.47301465 0.88105452
vn 0 -0.47301465 0.88105452
vn 0 -0.47301465 0.88105452
vn 0 -0.47301465 0.88105452
vn -1 0 0
vn -1 0 0
vn -1 0 0
vn -1 0 0
vn 0 0 -1
vn 0 0 -1
vn 0 0 -1
vn 0 0 -1
vn 1 0 0
vn 1 0 0
vn 1 0 0
vn 1 0 0
vn 0 0 1
vn 0 0 1
vn 0 0 1
vn 0 0 1
vn -1 0 0
vn -1 0 0
vn -1 0 0
vn -1 0 0
vn 0 0 -1
vn 0 0 -1
vn 0 0 -1
vn 0 0 -1
vn 0 0 1
vn 0 0 1
vn 0 0 1
vn 0 0 1
vn 1 0 0
vn 1 0 0
vn 1 0 0
vn 1 0 0
vn 0 0.47301465 0.88105452
vn 0 0.47301465 0.88105452
vn 0 0.47301465 0.88105452
vn 0 0.47301465 0.88105452
vn -0.88105512 -0.47301358 0
vn -0.88105512 -0.47301358 0
vn -0.88105512 -0.47301358 0
vn -0.88105512 -0.47301358 0
vn 0.88105524 0.47301334 0
vn 0.88105524 0.47301334 0
vn 0.88105524 0.47301334 0
vn 0.88105524 0.47301334 0
vn 0 1 0
vn 0 1 0
vn 0 1 0
vn 0 1 0
vn 0 -1 0
vn 0 -1 0
vn 0 -1 0
vn 0 -1 0
vn 0 -0.473012 -0.88105601
vn 0 -0.473012 -0.88105601
vn 0 -0.473012 -0.88105601
vn 0 -0.473012 -0.88105601
vn 0 0.473012 -0.88105601
vn 0 0.473012 -0.88105601
vn 0 0.473012 -0.88105601
vn 0 0.473012 -0.88105601
vn 0.88105518 -0.47301325 0
vn 0.88105518 -0.47301325 0
vn 0.88105518 -0.47301325 0
vn 0.88105518 -0.47301325 0
vn 1 0 0
vn 1 0 0
vn 1 0 0
vn 1 0 0
vn 0 0 1
vn 0 0 1
vn 0 0 1
vn 0 0 1
vn 0 0 -1
vn 0 0 -1
vn 0 0 -1
vn 0 0 -1
vn -1 0 0
vn -1 0 0
vn -1 0 0
vn -1 0 0
vn -0.88105541 0.47301307 0
vn -0.88105541 0.47301307 0
vn -0.88105541 0.47301307 0
vn -0.88105541 0.47301307 0
vn 0 -0.47301644 0.88105357
vn 0 -0.47301644 0.88105357
vn 0 -0.47301644 0.88105357
vn 0 -0.47301644 0.88105357
vn -1 0 0
vn -1 0 0
vn -1 0 0
vn -1 0 0
vn 0 0 -1
vn 0 0 -1
vn 0 0 -1
vn 0 0 -1
vn 1 0 0
vn 1 0 0
vn 1 0 0
vn 1 0 0
vn 0 0 1
vn 0 0 1
vn 0 0 1
vn 0 0 1
vn -1 0 0
vn -1 0 0
vn -1 0 0
vn -1 0 0
vn 0 0 -1
vn 0 0 -1
vn 0 0 -1
vn 0 0 -1
vn 0 0 1
vn 0 0 1
vn 0 0 1
vn 0 0 1
vn 1 0 0
vn 1 0 0
vn 1 0 0
vn 1 0 0
vn 0 0.47301644 0.88105357
vn 0 0.47301644 0.88105357
vn 0 0.47301644 0.88105357
vn 0 0.47301644 0.88105357
vn -0.88105518 -0.47301325 0
vn -0.88105518 -0.47301325 0
vn -0.88105518 -0.47301325 0
vn -0.88105518 -0.47301325 0
vn 0.88105541 0.47301307 0
vn 0.88105541 0.47301307 0
vn 0.88105541 0.47301307 0
vn 0.88105541 0.47301307 0
vn 0 1 0
vn 0 1 0
vn 0 1 0
vn 0 1 0
vn 0 -1 0
vn 0 -1 0
vn 0 -1 0
vn 0 -1 0
vn 0 -0.47301465 -0.88105452
vn 0 -0.47301465 -0.88105452
vn 0 -0.47301465 -0.88105452
vn 0 -0.47301465 -0.88105452
vn 0 0.47301465 -0.88105452
vn 0 0.47301465 -0.88105452
vn 0 0.47301465 -0.88105452
vn 0 0.47301465 -0.88105452
vn 0.88105518 -0.4730134 0
vn 0.88105518 -0.4730134 0
vn 0.88105518 -0.4730134 0
vn 0.88105518 -0.4730134 0
vn 1 0 0
vn 1 0 0
vn 1 0 0
vn 1 0 0
vn 0 1.0071012e-07 1
vn 0 1.0071012e-07 1
vn 0 1.0071012e-07 1
vn 0 1.0071012e-07 1
vn 0 -5.0355062e-08 -1
vn 0 -5.0355062e-08 -1
vn 0 -5.0355062e-08 -1
vn 0 -5.0355062e-08 -1
vn -1 0 0
vn -1 0 0
vn -1 0 0
vn -1 0 0
vn -0.88105518 0.47301334 0
vn -0.88105518 0.47301334 0
vn -0.88105518 0.47301334 0
vn -0.88105518 0.47301334 0
vn 0 -0.47301644 0.88105357
vn 0 -0.47301644 0.88105357
vn 0 -0.47301644 0.88105357
vn 0 -0.47301644 0.88105357
vn -1 0 0
vn -1 0 0
vn -1 0 0
vn -1 0 0
vn 0 0 -1
vn 0 0 -1
vn 0 0 -1
vn 0 0 -1
vn 1 0 0
vn 1 0 0
vn 1 0 0
vn 1 0 0
vn 0 0 1
vn 0 0 1
vn 0 0 1
vn 0 0 1
vn -1 0 0
vn -1 0 0
vn -1 0 0
vn -1 0 0
vn 0 0 -1
vn 0 0 -1
vn 0 0 -1
vn 0 0 -1
vn 0 0 1
vn 0 0 1
vn 0 0 1
vn 0 0 1
vn 1 0 0
vn 1 0 0
vn 1 0 0
vn 1 0 0
vn 0 0.47301465 0.88105452
vn 0 0.47301465 0.88105452
vn 0 0.47301465 0.88105452
vn 0 0.47301465 0.88105452
vn -0.88105518 -0.4730134 0
vn -0.88105518 -0.4730134 0
vn -0.88105518 -0.4730134 0
vn -0.88105518 -0.4730134 0
vn 0.88105518 0.47301334 0
vn 0.88105518 0.47301334 0
vn 0.88105518 0.47301334 0
vn 0.88105518 0.47301334 0
vn 0 1 0
vn 0 1 0
vn 0 1 0
vn 0 1 0
vn 0 -1 0
vn 0 -1 0
vn 0 -1 0
vn 0 -1 0
vn 0 -0.47301111 -0.88105655
vn 0 -0.47301111 -0.88105655
vn 0 -0.47301111 -0.88105655
vn 0 -0.47301111 -0.88105655
vn 0 0.47301465 -0.88105452
vn 0 0.47301465 -0.88105452
vn 0 0.47301465 -0.88105452
vn 0 0.47301465 -0.88105452
vn 0.88105512 -0.47301358 0
vn 0.88105512 -0.47301358 0
vn 0.88105512 -0.47301358 0
vn 0.88105512 -0.47301358 0
vn 0.99999994 0 0
vn 0.99999994 0 0
vn 0.99999994 0 0
vn 0.99999994 0 0
vn 0 0 1
vn 0 0 1
vn 0 0 1
vn 0 0 1
vn 0 -2.0142025e-07 -1
vn 0 -2.0142025e-07 -1
vn 0 -2.0142025e-07 -1
vn 0 -2.0142025e-07 -1
vn -1 0 0
vn -1 0 0
vn -1 0 0
vn -1 0 0
vn -0.88105518 0.47301334 0
vn -0.88105518 0.47301334 0
vn -0.88105518 0.47301334 0
vn -0.88105518 0.47301334 0
vn 0 -0.47301465 0.88105452
vn 0 -0.47301465 0.88105452
vn 0 -0.47301465 0.88105452
vn 0 -0.47301465 0.88105452
vn -1 0 0
vn -1 0 0
vn -1 0 0
vn -1 0 0
vn 0 0 -1
vn 0 0 -1
vn 0 0 -1
vn 0 0 -1
vn 1 0 0
vn 1 0 0
vn 1 0 0
vn 1 0 0
vn 0 0 1
vn 0 0 1
vn 0 0 1
vn 0 0 1
vn -1 0 0
vn -1 0 0
vn -1 0 0
vn -1 0 0
vn 0 0 -1
vn 0 0 -1
vn 0 0 -1
vn 0 0 -1
vn 0 0 1
vn 0 0 1
vn 0 0 1
vn 0 0 1
vn 1 0 0
vn 1 0 0
vn 1 0 0
vn 1 0 0
vn 0 0.47301465 0.88105452
vn 0 0.47301465 0.88105452
vn 0 0.47301465 0.88105452
vn 0 0.47301465 0.88105452
vn -0.88105512 -0.47301358 0
vn -0.88105512 -0.47301358 0
vn -0.88105512 -0.47301358 0
vn -0.88105512 -0.47301358 0
vn 0.88105518 0.47301334 0
vn 0.88105518 0.47301334 0
vn 0.88105518 0.47301334 0
vn 0.88105518 0.47301334 0
vn 0 1 0
vn 0 1 0
vn 0 1 0
vn 0 1 0
vn 0 -1 0
vn 0 -1 0
vn 0 -1 0
vn 0 -1 0
vn -0.88105518 -0.47301325 -1.4410945e-07
vn -0.88105518 -0.47301325 -1.4410945e-07
vn -0.88105518 -0.47301325 -1.4410945e-07
vn -0.88105518 -0.47301325 -1.4410945e-07
vn -0.88105541 0.47301307 -2.8821879e-07
vn -0.88105541 0.47301307 -2.8821879e-07
vn -0.88105541 0.47301307 -2.8821879e-07
vn -0.88105541 0.47301307 -2.8821879e-07
vn 0 -0.47301334 -0.88105518
vn 0 -0.47301334 -0.88105518
vn 0 -0.47301334 -0.88105518
vn 0 -0.47301334 -0.88105518
vn 0 -2.0953037e-08 -1
vn 0 -2.0953037e-08 -1
vn 0 -2.0953037e-08 -1
vn 0 -2.0953037e-08 -1
vn 1 5.4495672e-08 4.0284107e-07
vn 1 5.4495672e-08 4.0284107e-07
vn 1 5.4495672e-08 4.0284107e-07
vn 1 5.4495672e-08 4.0284107e-07
vn -1 -5.4495672e-08 -4.0284107e-07
vn -1 -5.4495672e-08 -4.0284107e-07
vn -1 -5.4495672e-08 -4.0284107e-07
vn -1 -5.4495672e-08 -4.0284107e-07
vn 0 -1.6812498e-08 1
vn 0 -1.6812498e-08 1
vn 0 -1.6812498e-08 1
vn 0 -1.6812498e-08 1
vn 0 0.47301692 0.88105327
vn 0 0.47301692 0.88105327
vn 0 0.47301692 0.88105327
vn 0 0.47301692 0.88105327
vn 0.88105303 -0.47301748 0
vn 0.88105303 -0.47301748 0
vn 0.88105303 -0.47301748 0
vn 0.88105303 -0.47301748 0
vn 0 0 1
vn 0 0 1
vn 0 0 1
vn 0 0 1
vn -1 0 -2.4414064e-07
vn -1 0 -2.4414064e-07
vn -1 0 -2.4414064e-07
vn -1 0 -2.4414064e-07
vn 0 0 -1
vn 0 0 -1
vn 0 0 -1
vn 0 0 -1
vn 1 0 0
vn 1 0 0
vn 1 0 0
vn 1 0 0
vn 0 0 1
vn 0 0 1
vn 0 0 1
vn 0 0 1
vn -1 0 -1.2207032e-07
vn -1 0 -1.2207032e-07
vn -1 0 -1.2207032e-07
vn -1 0 -1.2207032e-07
vn 1 0 2.4414064e-07
vn 1 0 2.4414064e-07
vn 1 0 2.4414064e-07
vn 1 0 2.4414064e-07
vn 0 0 -1
vn 0 0 -1
vn 0 0 -1
vn 0 0 -1
vn 0.88105315 0.47301728 2.8821805e-07
vn 0.88105315 0.47301728 2.8821805e-07
vn 0.88105315 0.47301728 2.8821805e-07
vn 0.88105315 0.47301728 2.8821805e-07
vn 0 -0.47301513 0.8810544
vn 0 -0.47301513 0.8810544
vn 0 -0.47301513 0.8810544
vn 0 -0.47301513 0.8810544
vn 0 0.47301334 -0.88105518
vn 0 0.47301334 -0.88105518
vn 0 0.47301334 -0.88105518
vn 0 0.47301334 -0.88105518
vn 0 1 0
vn 0 1 0
vn 0 1 0
vn 0 1 0
vn 0 -1 0
vn 0 -1 0
vn 0 -1 0
vn 0 -1 0
vn 0 -0.47301334 -0.88105518
vn 0 -0.47301334 -0.88105518
vn 0 -0.47301334 -0.88105518
vn 0 -0.47301334 -0.88105518
vn 0 0.47301334 -0.88105518
vn 0 0.47301334 -0.88105518
vn 0 0.47301334 -0.88105518
vn 0 0.47301334 -0.88105518
vn 0.88105404 -0.47301546 0
vn 0.88105404 -0.47301546 0
vn 0.88105404 -0.47301546 0
vn 0.88105404 -0.47301546 0
vn 1 0 0
vn 1 0 0
vn 1 0 0
vn 1 0 0
vn 0 0 1
vn 0 0 1
vn 0 0 1
vn 0 0 1
vn 0 0 -1
vn 0 0 -1
vn 0 0 -1
vn 0 0 -1
vn -1 0 0
vn -1 0 0
vn -1 0 0
vn -1 0 0
vn -0.88105428 0.47301528 0
vn -0.88105428 0.47301528 0
vn -0.88105428 0.47301528 0
vn -0.88105428 0.47301528 0
vn 0 -0.47301871 0.88105232
vn 0 -0.47301871 0.88105232
vn 0 -0.47301871 0.88105232
vn 0 -0.47301871 0.88105232
vn -1 0 0
vn -1 0 0
vn -1 0 0
vn -1 0 0
vn 0 0 -1
vn 0 0 -1
vn 0 0 -1
vn 0 0 -1
vn 1 0 0
vn 1 0 0
vn 1 0 0
vn 1 0 0
vn 0 0 1
vn 0 0 1
vn 0 0 1
vn 0 0 1
vn -1 0 0
vn -1 0 0
vn -1 0 0
vn -1 0 0
vn 0 0 -1
vn 0 0 -1
vn 0 0 -1
vn 0 0 -1
vn 0 0 1
vn 0 0 1
vn 0 0 1
vn 0 0 1
vn 1 0 0
vn 1 0 0
vn 1 0 0
vn 1 0 0
vn 0 0.47301871 0.88105232
vn 0 0.47301871 0.88105232
vn 0 0.47301871 0.88105232
vn 0 0.47301871 0.88105232
vn -0.88105404 -0.47301546 0
vn -0.88105404 -0.47301546 0
vn -0.88105404 -0.47301546 0
vn -0.88105404 -0.47301546 0
vn 0.88105428 0.47301528 0
vn 0.88105428 0.47301528 0
vn 0.88105428 0.47301528 0
vn 0.88105428 0.47301528 0
vn 0 1 0
vn 0 1 0
vn 0 1 0
vn 0 1 0
vn 0 -1 0
vn 0 -1 0
vn 0 -1 0
vn 0 -1 0
vn -1.0223864e-06 -0.93776214 0.347278
vn 0 -0.99999994 -0.00049547496
vn 3.2624392e-10 -0.99999994 -0.00049572426
vn -6.9279952e-07 -0.9377622 0.34727791
vn 0.29801694 -0.95456058 -1.8918239e-07
vn 0.4916454 -0.87079543 -1.4197786e-07
vn 0.52573234 -0.85065007 5.0694069e-07
vn 0.34694594 -0.93788511 5.5729612e-07
vn 0.4916454 -0.87079543 -1.4197786e-07
vn 0.68317068 -0.73025882 1.5917568e-07
vn 0.72645372 -0.68721533 6.8702906e-07
vn 0.52573234 -0.85065007 5.0694069e-07
vn 0.68317068 -0.73025882 1.5917568e-07
vn 0.87158638 -0.49024183 0.00037891945
vn 0.88468313 -0.46619213 0.00077721413
vn 0.72645372 -0.68721533 6.8702906e-07
vn 0.87158638 -0.49024183 0.00037891945
vn 0.94819325 -0.31768972 0.0016705454
vn 0.9522205 -0.30541128 7.6577135e-06
vn 0.88468313 -0.46619213 0.00077721413
vn 0.94819325 -0.31768972 0.0016705454
vn 0.99122226 -0.13207287 -0.005934149
vn 0.9522205 -0.30541128 7.6577135e-06
vn -4.5088194e-07 -1 1.2715945e-09
vn -0.2980175 -0.9545604 2.0448309e-07
vn -0.34694645 -0.93788499 1.0956678e-07
vn 1.1733995e-07 -1 5.404166e-09
vn -2.860007e-07 -0.87079543 0.49164557
vn 4.5584218e-07 -0.85065001 0.52573228
vn 0 -0.68721551 0.7264536
vn 0 -0.73025906 0.68317038
vn 0 -0.73025906 0.68317038
vn 0 -0.68721551 0.7264536
vn 4.5846286e-07 -0.46657264 0.88448292
vn 3.3362429e-07 -0.49030176 0.87155271
vn 3.3362429e-07 -0.49030176 0.87155271
vn 4.5846286e-07 -0.46657264 0.88448292
vn 1.1778675e-06 -0.30784279 0.95143723
vn 1.4727156e-06 -0.31993514 0.94743955
vn 1.4727156e-06 -0.31993514 0.94743955
vn 1.1778675e-06 -0.30784279 0.95143723
vn 4.4152799e-07 -0.12968734 0.99155498
vn 0.34694606 -0.93788505 7.7956535e-08
vn 0.52467287 -0.85130394 1.9065263e-07
vn 0.52467304 -0.85130388 9.285646e-08
vn 0.34694627 -0.93788505 -4.5004693e-08
vn -5.8669944e-08 -1 7.8033617e-07
vn -0.34694612 -0.93788499 8.0972131e-07
vn -0.34694618 -0.93788505 8.9766326e-07
vn -3.4224149e-07 -1 7.7556751e-07
vn 3.4282075e-07 -0.95456052 -0.2980172
vn -3.2783277e-07 -0.93788499 -0.34694627
vn -8.6202812e-07 -0.85065001 -0.52573234
vn 2.9243972e-07 -0.87115586 -0.49100655
vn 2.9243972e-07 -0.87115586 -0.49100655
vn -8.6202812e-07 -0.85065001 -0.52573234
vn -7.7808068e-07 -0.68721539 -0.72645372
vn 0 -0.72913748 -0.6843673
vn 0 -0.72913748 -0.6843673
vn -7.7808068e-07 -0.68721539 -0.72645372
vn -0.00075847388 -0.46621045 -0.88467354
vn -0.00035526732 -0.48959625 -0.87194914
vn -0.00035526732 -0.48959625 -0.87194914
vn -0.00075847388 -0.46621045 -0.88467354
vn -0.0017886369 -0.30790278 -0.95141608
vn -0.0016558566 -0.32052872 -0.94723737
vn -0.0016558566 -0.32052872 -0.94723737
vn -0.0017886369 -0.30790278 -0.95141608
vn -0.0008269776 -0.13032554 -0.99147087
vn 2.8779695e-08 -0.99999994 -1.8297638e-14
vn 0.29801694 -0.95456058 -1.8918239e-07
vn 0.34694594 -0.93788511 5.5729612e-07
vn -3.4224149e-07 -1 7.7556751e-07
vn -0.49164531 -0.87079555 8.1081936e-08
vn -0.68316978 -0.73025966 -3.4986795e-07
vn -0.7264533 -0.68721592 -7.415772e-07
vn -0.5257318 -0.85065037 -3.3167302e-07
vn -0.68316978 -0.73025966 -3.4986795e-07
vn -0.87158775 -0.49023947 -0.00038457959
vn -0.8846854 -0.46618801 -0.00078048633
vn -0.7264533 -0.68721592 -7.415772e-07
vn -0.87158775 -0.49023947 -0.00038457959
vn -0.94724536 -0.32050484 -0.0017083947
vn -0.95142108 -0.30788755 -0.0017903252
vn -0.8846854 -0.46618801 -0.00078048633
vn -0.94724536 -0.32050484 -0.0017083947
vn -0.99147052 -0.1303291 -0.00081807247
vn -0.95142108 -0.30788755 -0.0017903252
vn -0.2980175 -0.9545604 2.0448309e-07
vn -0.49164531 -0.87079555 8.1081936e-08
vn -0.5257318 -0.85065037 -3.3167302e-07
vn -0.34694645 -0.93788499 1.0956678e-07
vn -0.88484156 -0.46589214 6.5363935e-07
vn -0.95161682 -0.30728719 3.2219623e-06
vn -0.95142019 -0.30789036 0.0017910206
vn -0.88468289 -0.46619251 0.00077701028
vn -0.5257324 -0.85065001 7.0291679e-07
vn -0.72645348 -0.68721563 4.6642143e-07
vn -0.72645336 -0.68721575 9.1163162e-07
vn -0.5257324 -0.85065007 1.0178823e-06
vn -0.95161682 -0.30728719 3.2219623e-06
vn -0.99254751 -0.12185813 3.2721434e-06
vn -0.99147052 -0.13032846 0.00082138053
vn -0.95142019 -0.30789036 0.0017910206
vn -0.72645348 -0.68721563 4.6642143e-07
vn -0.88484156 -0.46589214 6.5363935e-07
vn -0.88468289 -0.46619251 0.00077701028
vn -0.72645336 -0.68721575 9.1163162e-07
vn -3.3819813e-07 -0.9545604 0.29801723
vn 3.7743828e-07 -0.93788499 0.3469463
vn 4.5584218e-07 -0.85065001 0.52573228
vn -2.860007e-07 -0.87079543 0.49164557
vn -0.0017338684 -0.30730182 0.95161051
vn -0.00052006636 -0.4662441 0.88465595
vn -0.00075889769 -0.46621135 0.88467306
vn -0.0017896151 -0.30790305 0.95141608
vn -7.7808062e-07 -0.68721527 0.72645384
vn -9.6481585e-07 -0.85042667 0.52609366
vn -1.0662109e-06 -0.85020316 0.52645469
vn -7.7808079e-07 -0.68721545 0.72645366
vn 5.6714316e-07 -1 9.536719e-09
vn 0.34694606 -0.93788505 7.7956535e-08
vn 0.34694627 -0.93788505 -4.5004693e-08
vn 1.1733995e-07 -1 5.404166e-09
vn -0.00035140797 -0.12153182 0.99258751
vn -0.0017338684 -0.30730182 0.95161051
vn -0.0017896151 -0.30790305 0.95141608
vn -0.00082806946 -0.13032471 0.99147105
vn -0.00052006636 -0.4662441 0.88465595
vn -7.7808062e-07 -0.68721527 0.72645384
vn -7.7808079e-07 -0.68721545 0.72645366
vn -0.00075889769 -0.46621135 0.88467306
vn -9.6481585e-07 -0.85042667 0.52609366
vn -1.0223864e-06 -0.93776214 0.347278
vn -6.9279952e-07 -0.9377622 0.34727791
vn -1.0662109e-06 -0.85020316 0.52645469
vn 0.95161581 -0.3072857 -0.0017074693
vn 0.99254715 -0.12185938 -0.00067712716
vn 0.99147046 -0.13032934 -0.00081862567
vn 0.95142108 -0.30788726 -0.0017908551
vn 0.72725385 -0.68636858 1.2351435e-07
vn 0.88596231 -0.46375629 -0.0010391079
vn 0.88580608 -0.464055 -0.00078018167
vn 0.72725379 -0.68636858 9.7047099e-08
vn -0.34694612 -0.93788499 8.0972131e-07
vn -0.5257324 -0.85065001 7.0291679e-07
vn -0.5257324 -0.85065007 1.0178823e-06
vn -0.34694618 -0.93788505 8.9766326e-07
vn 0.88596231 -0.46375629 -0.0010391079
vn 0.95161581 -0.3072857 -0.0017074693
vn 0.95142108 -0.30788726 -0.0017908551
vn 0.88580608 -0.464055 -0.00078018167
vn 0.52467287 -0.85130394 1.9065263e-07
vn 0.72725385 -0.68636858 1.2351435e-07
vn 0.72725379 -0.68636858 9.7047099e-08
vn 0.52467304 -0.85130388 9.285646e-08
vn 2.4547528e-10 -1 -0.00018664049
vn 3.2624392e-10 -0.99999994 -0.00049572426
vn -3.2783277e-07 -0.93788499 -0.34694627
vn 3.4282075e-07 -0.95456052 -0.2980172
vn -0.00035069388 -0.12153286 -0.99258733
vn 9.2609571e-07 -0.30784348 -0.95143706
vn 1.0349722e-06 -0.30784306 -0.95143718
vn 1.6559837e-07 -0.12968822 -0.9915548
vn -0.00051853684 -0.46624359 -0.88465619
vn 8.4981423e-07 -0.68721527 -0.72645372
vn 8.4981468e-07 -0.68721557 -0.72645342
vn 8.091456e-07 -0.46657223 -0.88448316
vn 1.0519183e-06 -0.85065007 -0.52573228
vn 1.1088559e-06 -0.93788487 -0.34694657
vn 7.3668633e-07 -0.93788499 -0.34694642
vn 1.1522462e-06 -0.85065025 -0.52573204
vn -3.915853e-09 -0.99999267 0.003828896
vn 5.3887411e-10 -1 -3.56909e-07
vn 3.7743828e-07 -0.93788499 0.3469463
vn -3.3819813e-07 -0.9545604 0.29801723
vn 9.2609571e-07 -0.30784348 -0.95143706
vn -0.00051853684 -0.46624359 -0.88465619
vn 8.091456e-07 -0.46657223 -0.88448316
vn 1.0349722e-06 -0.30784306 -0.95143718
vn 8.4981423e-07 -0.68721527 -0.72645372
vn 1.0519183e-06 -0.85065007 -0.52573228
vn 1.1522462e-06 -0.85065025 -0.52573204
vn 8.4981468e-07 -0.68721557 -0.72645342
vn 1.1088559e-06 -0.93788487 -0.34694657
vn 5.6607581e-07 -0.99999988 -0.00024821734
vn 5.3887411e-10 -1 -3.56909e-07
vn 7.3668633e-07 -0.93788499 -0.34694642
vn -0.70695341 -0.00021426124 -0.70726001
vn -0.71696675 0.0010061677 -0.69710666
vn -0.71693927 0.0010068387 -0.69713491
vn -0.70695269 -0.00021511884 -0.70726079
vn 0.69956869 -0.028051976 -0.71401465
vn 0.70369864 -0.011910765 -0.71039873
vn 0.70369983 -0.011905691 -0.7103976
vn 0.69956869 -0.028051976 -0.71401465
vn 0.70816112 -0.0055088624 0.70602947
vn 0.70714784 0.00095226831 0.70706517
vn 0.70714754 0.0009498141 0.70706546
vn 0.70816547 -0.0055187913 0.70602489
vn 0.71064168 -0.014038837 -0.70341402
vn 0.71402001 -0.028076155 -0.69956213
vn 0.71402001 -0.028076155 -0.69956213
vn 0.71064055 -0.014034442 -0.70341527
vn -0.69955999 -0.028082913 0.7140218
vn -0.70341092 -0.014044699 0.71064478
vn -0.70341212 -0.014039999 0.71064347
vn -0.69955999 -0.028082913 0.7140218
vn 0.70710492 1.6103263e-06 -0.70710862
vn 0.71064168 -0.014038837 -0.70341402
vn 0.71064055 -0.014034442 -0.70341527
vn 0.70710504 1.6103477e-06 -0.70710862
vn -0.70607865 -0.00098908879 -0.70813274
vn -0.70695341 -0.00021426124 -0.70726001
vn -0.70695269 -0.00021511884 -0.70726079
vn -0.70607859 -0.00098922104 -0.7081328
vn -0.70952272 -0.0090949172 0.70462388
vn -0.71084076 -0.015993411 0.70317113
vn -0.71083987 -0.015989935 0.70317221
vn -0.7095263 -0.0091042928 0.70462006
vn -0.70341092 -0.014044699 0.71064478
vn -0.70710504 -1.6541394e-06 0.70710844
vn -0.70710504 -1.6549479e-06 0.7071085
vn -0.70341212 -0.014039999 0.71064347
vn 0.70714784 0.00095226831 0.70706517
vn 0.70699483 0.0023065878 0.70721489
vn 0.70699418 0.0023039582 0.70721567
vn 0.70714754 0.0009498141 0.70706546
vn 0.70369864 -0.011910765 -0.71039873
vn 0.70442295 0.013497631 -0.70965213
vn 0.70443445 0.013464996 -0.70964146
vn 0.70369983 -0.011905691 -0.7103976
vn 0.70710576 7.8325587e-07 -0.70710778
vn 0.70710492 1.6103263e-06 -0.70710862
vn 0.70710504 1.6103477e-06 -0.70710862
vn 0.70710576 7.8327821e-07 -0.70710778
vn -0.7083993 0.0013062487 -0.70581067
vn -0.70607865 -0.00098908879 -0.70813274
vn -0.70607859 -0.00098922104 -0.7081328
vn -0.70840228 0.0013087329 -0.70580775
vn -0.71403146 -0.01270103 0.69999838
vn -0.70952272 -0.0090949172 0.70462388
vn -0.7095263 -0.0091042928 0.70462006
vn -0.71404254 -0.012695585 0.69998711
vn -0.70710504 -1.6541394e-06 0.70710844
vn -0.70710593 0 0.7071076
vn -0.70710593 0 0.70710766
vn -0.70710504 -1.6549479e-06 0.7071085
vn 0.70699483 0.0023065878 0.70721489
vn 0.70515668 0.0016364433 0.70904964
vn 0.70515472 0.0016384266 0.70905161
vn 0.70699418 0.0023039582 0.70721567
vn 0.70442295 0.013497631 -0.70965213
vn 0.71584851 0.007268331 -0.69821781
vn 0.71580166 0.0073184599 -0.69826531
vn 0.70443445 0.013464996 -0.70964146
vn 0.70710629 0 -0.70710725
vn 0.70710576 7.8325587e-07 -0.70710778
vn 0.70710576 7.8327821e-07 -0.70710778
vn 0.70710623 0 -0.70710731
vn -0.71232116 0.0012946646 -0.70185256
vn -0.7083993 0.0013062487 -0.70581067
vn -0.70840228 0.0013087329 -0.70580775
vn -0.71193957 0.0016125388 -0.70223892
vn -0.7141487 -0.0068320134 0.69996071
vn -0.71403146 -0.01270103 0.69999838
vn -0.71404254 -0.012695585 0.69998711
vn -0.71416181 -0.0068558524 0.69994706
vn -0.70710593 0 0.7071076
vn -0.70710641 -4.3754793e-07 0.70710719
vn -0.70710635 -4.3782919e-07 0.70710713
vn -0.70710593 0 0.70710766
vn 0.71584851 0.007268331 -0.69821781
vn 0.72094977 -0.002937587 -0.69298118
vn 0.72087407 -0.002894474 -0.69306004
vn 0.71580166 0.0073184599 -0.69826531
vn 0.70515668 0.0016364433 0.70904964
vn 0.7018553 0.0012957235 0.71231842
vn 0.70224136 0.0016138456 0.71193719
vn 0.70515472 0.0016384266 0.70905161
vn 0.64424652 -0.41218057 0.64424652
vn 0.69736147 -0.16545254 0.69736105
vn 0.69736147 -0.16545254 0.69736105
vn 0.64424652 -0.41218051 0.64424652
vn 0.56896353 -0.59376937 0.56896269
vn 0.64424652 -0.41218057 0.64424652
vn 0.64424652 -0.41218051 0.64424652
vn 0.56896365 -0.59376925 0.56896281
vn 0.4285939 -0.79537183 0.42859176
vn 0.56896353 -0.59376937 0.56896269
vn 0.56896365 -0.59376925 0.56896281
vn 0.42859402 -0.79537171 0.42859182
vn 0.28375509 -0.91595131 0.28375366
vn 0.4285939 -0.79537183 0.42859176
vn 0.42859402 -0.79537171 0.42859182
vn 0.28375506 -0.91595131 0.28375366
vn 0.1805069 -0.96684915 0.18061015
vn 0.28375509 -0.91595131 0.28375366
vn 0.28375506 -0.91595131 0.28375366
vn 0.18050687 -0.96684909 0.18061014
vn -0.69736159 -0.16545235 0.69736111
vn -0.64424586 -0.4121812 0.64424682
vn -0.64424598 -0.41218075 0.64424694
vn -0.69736147 -0.16545232 0.69736105
vn -0.64424586 -0.4121812 0.64424682
vn -0.5689618 -0.59377009 0.56896359
vn -0.5689618 -0.59377003 0.56896365
vn -0.64424598 -0.41218075 0.64424694
vn -0.5689618 -0.59377009 0.56896359
vn -0.42858857 -0.79537684 0.42858788
vn -0.42859542 -0.79536957 0.42859474
vn -0.5689618 -0.59377003 0.56896365
vn -0.42858857 -0.79537684 0.42858788
vn -0.28339705 -0.91586691 0.28438354
vn -0.28337345 -0.91588128 0.28436044
vn -0.42859542 -0.79536957 0.42859474
vn -0.28339705 -0.91586691 0.28438354
vn -0.18009438 -0.96673089 0.18165161
vn -0.17954752 -0.96693599 0.18110059
vn -0.28337345 -0.91588128 0.28436044
vn 0.64423978 -0.41219544 -0.64424384
vn 0.69736159 -0.16545191 -0.69736111
vn 0.69736159 -0.16545191 -0.69736111
vn 0.64424574 -0.41217679 -0.64424986
vn 0.57061219 -0.59313333 -0.56797409
vn 0.64423978 -0.41219544 -0.64424384
vn 0.64424574 -0.41217679 -0.64424986
vn 0.57057971 -0.59319741 -0.56793988
vn 0.43155372 -0.79458946 -0.42707023
vn 0.57061219 -0.59313333 -0.56797409
vn 0.57057971 -0.59319741 -0.56793988
vn 0.43059167 -0.79562259 -0.42611682
vn 0.28015634 -0.91528398 -0.28942639
vn 0.43155372 -0.79458946 -0.42707023
vn 0.43059167 -0.79562259 -0.42611682
vn 0.27973047 -0.91551572 -0.28910515
vn 0.16964653 -0.96767575 -0.18661126
vn 0.28015634 -0.91528398 -0.28942639
vn 0.27973047 -0.91551572 -0.28910515
vn 0.17545007 -0.96539909 -0.19292974
vn -0.18009438 -0.96673089 0.18165161
vn -0.12303172 -0.98460561 0.12415671
vn -0.12303172 -0.98460561 0.12415671
vn -0.17954752 -0.96693599 0.18110059
vn 0.11616517 -0.98489833 -0.12837771
vn 0.16964653 -0.96767575 -0.18661126
vn 0.17545007 -0.96539909 -0.19292974
vn 0.11616517 -0.98489833 -0.12837771
vn -0.64420182 -0.41227734 -0.64422923
vn -0.69736159 -0.16545212 -0.69736111
vn -0.69736159 -0.16545212 -0.69736111
vn -0.64424354 -0.4121471 -0.6442709
vn -0.56113487 -0.59080178 -0.57972473
vn -0.64420182 -0.41227734 -0.64422923
vn -0.64424354 -0.4121471 -0.6442709
vn -0.56176019 -0.58979058 -0.5801487
vn -0.41708907 -0.79063171 -0.44826132
vn -0.56113487 -0.59080178 -0.57972473
vn -0.56176019 -0.58979058 -0.5801487
vn -0.41174334 -0.7966159 -0.44257259
vn -0.27657667 -0.91651118 -0.28898558
vn -0.41708907 -0.79063171 -0.44826132
vn -0.41174334 -0.7966159 -0.44257259
vn -0.27628407 -0.91671997 -0.28860274
vn -0.18051845 -0.96684486 -0.18062139
vn -0.27657667 -0.91651118 -0.28898558
vn -0.27628407 -0.91671997 -0.28860274
vn -0.18046485 -0.96686494 -0.18056786
vn 0.12364456 -0.98456728 0.1238514
vn 0.1805069 -0.96684915 0.18061015
vn 0.18050687 -0.96684909 0.18061014
vn 0.12364456 -0.98456728 0.1238514
vn -0.12361086 -0.98457742 -0.12380418
vn -0.18051845 -0.96684486 -0.18062139
vn -0.18046485 -0.96686494 -0.18056786
vn -0.12361086 -0.98457742 -0.12380418
vn -0.71084076 -0.015993411 0.70317113
vn -0.71394616 -0.02777377 0.69964945
vn -0.71394616 -0.02777377 0.69964945
vn -0.71083987 -0.015989935 0.70317221
vn -0.70548147 0.001473419 -0.70872676
vn -0.70185143 0.001295859 -0.71232224
vn -0.70223761 0.0016140271 -0.71194082
vn -0.70547903 0.0014756605 -0.70872933
vn 0.71195376 -0.022075359 0.7018792
vn 0.70816112 -0.0055088624 0.70602947
vn 0.70816547 -0.0055187913 0.70602489
vn 0.71194166 -0.022005498 0.70189375
vn 0.70872402 0.0014720884 0.70548433
vn 0.7071054 -4.3754679e-07 0.7071082
vn 0.70710546 -4.3782811e-07 0.7071082
vn 0.70872647 0.0014743295 0.70548183
vn -0.71696675 0.0010061677 -0.69710666
vn -0.70470643 -0.00786018 -0.70945543
vn -0.70461118 -0.0078990348 -0.70954973
vn -0.71693927 0.0010068387 -0.69713491
vn 0.70362109 -0.013137436 0.71045399
vn 0.70109433 -0.027785327 0.71252704
vn 0.70109433 -0.027785327 0.71252704
vn 0.70362079 -0.013139527 0.71045429
vn -0.70710641 4.3754684e-07 -0.70710719
vn -0.70548147 0.001473419 -0.70872676
vn -0.70547903 0.0014756605 -0.70872933
vn -0.70710635 4.3782811e-07 -0.70710713
vn -0.71404493 -0.028774967 -0.69950819
vn -0.71077138 -0.014809364 -0.70326716
vn -0.71076876 -0.014798569 -0.70327002
vn -0.71404493 -0.028774967 -0.69950819
vn 0.7071054 -4.3754679e-07 0.7071082
vn 0.70718354 0.00014333166 0.70703
vn 0.70718354 0.00014333607 0.70703
vn 0.70710546 -4.3782811e-07 0.7071082
vn 0.71419865 -0.035433687 0.6990456
vn 0.71195376 -0.022075359 0.7018792
vn 0.71194166 -0.022005498 0.70189375
vn 0.71419865 -0.035433687 0.6990456
vn -0.70470643 -0.00786018 -0.70945543
vn -0.68302989 -0.016551053 -0.73020279
vn -0.68302989 -0.016551053 -0.73020279
vn -0.70461118 -0.0078990348 -0.70954973
vn -0.70718324 -0.00014333295 -0.70703024
vn -0.70710641 4.3754684e-07 -0.70710719
vn -0.70710635 4.3782811e-07 -0.70710713
vn -0.7071833 -0.00014333699 -0.7070303
vn 0.70718354 0.00014333166 0.70703
vn 0.70662493 0.00089658954 0.70758772
vn 0.70662469 0.00089679554 0.70758796
vn 0.70718354 0.00014333607 0.70703
vn 0.71100396 0.0026267506 -0.70318317
vn 0.71232051 0.0012951893 -0.7018531
vn 0.71193898 0.0016132049 -0.70223945
vn 0.71100289 0.0026272282 -0.70318419
vn -0.70872492 0.0014720883 0.70548344
vn -0.71231908 0.0012954586 0.70185465
vn -0.71193773 0.0016135274 0.70224082
vn -0.70872736 0.0014743297 0.70548099
vn -0.70729995 -0.00056017132 -0.70691335
vn -0.70718324 -0.00014333295 -0.70703024
vn -0.7071833 -0.00014333699 -0.7070303
vn -0.70730007 -0.00056036288 -0.70691329
vn -0.7018556 0.0012957293 0.71231806
vn -0.70775622 0.00032895399 0.70645672
vn -0.70775038 0.00033287358 0.7064625
vn -0.7022416 0.001613854 0.71193689
vn 0.70662493 0.00089658954 0.70758772
vn 0.70362109 -0.013137436 0.71045399
vn 0.70362079 -0.013139527 0.71045429
vn 0.70662469 0.00089679554 0.70758796
vn 0.72094977 -0.002937587 -0.69298118
vn 0.71100396 0.0026267506 -0.70318317
vn 0.71100289 0.0026272282 -0.70318419
vn 0.72087407 -0.002894474 -0.69306004
vn -0.71077138 -0.014809364 -0.70326716
vn -0.70729995 -0.00056017132 -0.70691335
vn -0.70730007 -0.00056036288 -0.70691329
vn -0.71076876 -0.014798569 -0.70327002
vn -0.70710641 -4.3754793e-07 0.70710719
vn -0.70872492 0.0014720883 0.70548344
vn -0.70872736 0.0014743297 0.70548099
vn -0.70710635 -4.3782919e-07 0.70710713
vn -0.70775622 0.00032895399 0.70645672
vn -0.7141487 -0.0068320134 0.69996071
vn -0.71416181 -0.0068558524 0.69994706
vn -0.70775038 0.00033287358 0.7064625
vn 0.70552421 0.0014639853 -0.70868421
vn 0.70710629 0 -0.70710725
vn 0.70710623 0 -0.70710731
vn 0.70551687 0.0014707708 -0.70869154
vn 0.70550895 0.0001023165 0.70870095
vn 0.70550895 0.0001023165 0.70870095
vn 0.70550805 0.00010533537 0.70870179
vn 0.70550811 0.00010533375 0.70870179
vn -0.7009744 -0.0081841964 -0.71313947
vn -0.7009744 -0.0081841964 -0.71313947
vn -0.69955891 -0.0014375491 -0.7145735
vn -0.69955873 -0.0014366914 -0.71457368
vn -0.70743179 -1.738209e-05 0.70678169
vn -0.70743179 -1.738209e-05 0.70678169
vn -0.70743304 -1.5493246e-05 0.70678049
vn -0.70743299 -1.5493348e-05 0.70678049
vn 0.0008878599 -0.6710602 -0.74140239
vn 0.00088705798 -0.67197901 -0.74056959
vn 0.00096328353 -0.57059288 -0.8212325
vn 0.81381488 -0.5811224 0.001476232
vn 0.81449527 -0.58016843 0.0014654087
vn 0.7784524 -0.62770218 0.0014014295
vn 0.73611295 -0.67685729 0.0013351188
vn -0.0012756992 -0.58021176 0.81446475
vn 0.00081500271 -0.67817861 0.73489666
vn 0.001422814 -0.70473862 0.70946556
vn -0.8139751 -0.58089858 -0.0011837707
vn -0.73510873 -0.67794836 -0.0010599272
vn -0.73527104 -0.6777724 -0.0010601806
vn 0.001422814 -0.70473862 0.70946556
vn 0.00081500271 -0.67817861 0.73489666
vn 0.0031961419 -0.7771982 0.62924784
vn 0.0031961419 -0.7771982 0.62924784
vn -0.69955873 -0.0014366914 -0.71457368
vn -0.69955891 -0.0014375491 -0.7145735
vn -0.69660813 0.012126821 -0.71734935
vn 0.70707929 1.7891954e-05 -0.70713431
vn 0.70707923 1.7897195e-05 -0.70713425
vn 0.70708162 1.4803528e-05 -0.70713192
vn 0.70550811 0.00010533375 0.70870179
vn 0.70550805 0.00010533537 0.70870179
vn 0.70550632 0.00011140502 0.70870358
vn 0.70550632 0.00011140502 0.70870358
vn -0.70743299 -1.5493348e-05 0.70678049
vn -0.70743304 -1.5493246e-05 0.70678049
vn -0.70743543 -1.1695467e-05 0.70677793
vn 0.0008878599 -0.6710602 -0.74140239
vn 0.00078265747 -0.7732386 -0.63411462
vn 0.00088705798 -0.67197901 -0.74056959
vn 0.7784524 -0.62770218 0.0014014295
vn 0.81449527 -0.58016843 0.0014654087
vn 0.8159799 -0.57807839 0.001441722
vn -0.73510873 -0.67794836 -0.0010599272
vn -0.63093841 -0.77583241 -0.00089815672
vn -0.73527104 -0.6777724 -0.0010601806
vn 0.7784524 -0.62770218 0.0014014295
vn 0.63334125 -0.77387184 0.001148509
vn 0.73611295 -0.67685729 0.0013351188
vn 0.99243128 -0.12274729 -0.0036222097
vn 0.99122226 -0.13207287 -0.005934149
vn 0.99994648 -0.0073167891 -0.0073164753
vn 0.99998659 -0.0036586304 -0.0036582828
vn -0.71232116 0.0012946646 -0.70185256
vn -0.71193957 0.0016125388 -0.70223892
vn -0.71387208 0 -0.70027614
vn -0.71387208 0 -0.70027614
vn 4.4152799e-07 -0.12968734 0.99155498
vn -0.00035111714 -0.12153181 0.99258745
vn 0 0 1
vn 0 0 1
vn -0.00035069388 -0.12153286 -0.99258733
vn 1.6559837e-07 -0.12968822 -0.9915548
vn 0 0 -0.99999994
vn 0 0 -0.99999994
vn -0.70223761 0.0016140271 -0.71194082
vn -0.70185143 0.001295859 -0.71232224
vn -0.70027554 0 -0.71387267
vn -0.70027554 0 -0.71387267
vn 0.99147046 -0.13032934 -0.00081862567
vn 0.99254715 -0.12185938 -0.00067712716
vn 1 0 0
vn 1 0 0
vn -0.69736159 -0.16545212 -0.69736111
vn -0.69736159 -0.16545212 -0.69736111
vn -0.70710719 0 -0.70710635
vn -0.70710719 0 -0.70710635
vn -0.71193773 0.0016135274 0.70224082
vn -0.71231908 0.0012954586 0.70185465
vn -0.71386927 0 0.70027894
vn -0.71386927 0 0.70027894
vn 0.70224136 0.0016138456 0.71193719
vn 0.7018553 0.0012957235 0.71231842
vn 0.70028019 0 0.7138682
vn 0.70028019 0 0.7138682
vn -0.99254721 -0.12185889 -0.00067653274
vn -0.99147052 -0.1303291 -0.00081807247
vn -1 0 0
vn -1 0 0
vn -0.69736159 -0.16545235 0.69736111
vn -0.69736147 -0.16545232 0.69736105
vn -0.70710719 0 0.70710635
vn -0.70710719 0 0.70710635
vn 0.71193898 0.0016132049 -0.70223945
vn 0.71232051 0.0012951893 -0.7018531
vn 0.71387154 0 -0.70027673
vn 0.71387154 0 -0.70027673
vn -0.0008269776 -0.13032554 -0.99147087
vn -0.00035083591 -0.12153286 -0.99258733
vn 0 0 -1
vn 0 0 -1
vn 0.69736159 -0.16545191 -0.69736111
vn 0.69736159 -0.16545191 -0.69736111
vn 0.70710719 0 -0.70710635
vn 0.70710719 0 -0.70710635
vn -0.99147052 -0.13032846 0.00082138053
vn -0.99254751 -0.12185813 3.2721434e-06
vn -1 0 1.0678243e-06
vn -1 0 2.1356507e-06
vn 0.69736147 -0.16545254 0.69736105
vn 0.69736147 -0.16545254 0.69736105
vn 0.70710719 0 0.70710635
vn 0.70710719 0 0.70710635
vn -0.00035140797 -0.12153182 0.99258751
vn -0.00082806946 -0.13032471 0.99147105
vn 0 0 1
vn 0 0 1
vn -0.7018556 0.0012957293 0.71231806
vn -0.7022416 0.001613854 0.71193689
vn -0.70028073 0 0.71386755
vn -0.70028073 0 0.71386755
vn 0.7070781 1.9436222e-05 -0.70713544
vn 0.7070781 1.9436222e-05 -0.70713544
vn 0.70707923 1.7897195e-05 -0.70713425
vn 0.70707929 1.7891954e-05 -0.70713431
vn 0.34694594 -0.93788511 5.5729612e-07
vn 0.52573234 -0.85065007 5.0694069e-07
vn 0.5257327 -0.85064983 1.09113e-06
vn 0.346946 -0.93788505 1.3155055e-06
vn 0.72645372 -0.68721533 6.8702906e-07
vn 0.88468313 -0.46619213 0.00077721413
vn 0.88540256 -0.46482515 5.9775789e-07
vn 0.72645366 -0.68721533 1.1655285e-06
vn 0.9522205 -0.30541128 7.6577135e-06
vn 0.99122226 -0.13207287 -0.005934149
vn 0.99243128 -0.12274729 -0.0036222097
vn 0.95188296 -0.30645645 -0.0017843549
vn 0.70188075 0.0012878469 -0.71229333
vn 0.70552421 0.0014639853 -0.70868421
vn 0.70551687 0.0014707708 -0.70869154
vn 0.70228004 0.0016091554 -0.71189892
vn -0.5257324 -0.85065007 1.0178823e-06
vn -0.72645336 -0.68721575 9.1163162e-07
vn -0.68317044 -0.730259 -2.0729784e-07
vn -0.49164546 -0.87079543 8.6351179e-08
vn -0.72645336 -0.68721575 9.1163162e-07
vn -0.88468289 -0.46619251 0.00077701028
vn -0.87158614 -0.49024221 0.00037831467
vn -0.68317044 -0.730259 -2.0729784e-07
vn 0.70027733 0 -0.71387094
vn 0.70188075 0.0012878469 -0.71229333
vn 0.70228004 0.0016091554 -0.71189892
vn 0.70027733 0 -0.71387094
vn 0.52573234 -0.85065007 5.0694069e-07
vn 0.72645372 -0.68721533 6.8702906e-07
vn 0.72645366 -0.68721533 1.1655285e-06
vn 0.5257327 -0.85064983 1.09113e-06
vn 0.88468313 -0.46619213 0.00077721413
vn 0.9522205 -0.30541128 7.6577135e-06
vn 0.95188296 -0.30645645 -0.0017843549
vn 0.88540256 -0.46482515 5.9775789e-07
vn -0.34694618 -0.93788505 8.9766326e-07
vn -0.5257324 -0.85065007 1.0178823e-06
vn -0.49164546 -0.87079543 8.6351179e-08
vn -0.29801697 -0.95456058 1.7596911e-07
vn -3.4224149e-07 -1 7.7556751e-07
vn -0.34694618 -0.93788505 8.9766326e-07
vn -0.29801697 -0.95456058 1.7596911e-07
vn 2.8779695e-08 -0.99999994 -1.8297638e-14
vn -3.4224149e-07 -1 7.7556751e-07
vn 0.34694594 -0.93788511 5.5729612e-07
vn 0.346946 -0.93788505 1.3155055e-06
vn -5.8669944e-08 -1 7.8033617e-07
vn -0.88468289 -0.46619251 0.00077701028
vn -0.95142019 -0.30789036 0.0017910206
vn -0.94724405 -0.32050878 0.0016989312
vn -0.87158614 -0.49024221 0.00037831467
vn -0.95142019 -0.30789036 0.0017910206
vn -0.99147052 -0.13032846 0.00082138053
vn -0.94724405 -0.32050878 0.0016989312
vn -7.7808079e-07 -0.68721545 0.72645366
vn -1.0662109e-06 -0.85020316 0.52645469
vn -2.9183079e-07 -0.87020528 0.49268922
vn 0 -0.73025882 0.68317062
vn -0.00082806946 -0.13032471 0.99147105
vn -0.0017896151 -0.30790305 0.95141608
vn -0.0016558565 -0.32052958 0.94723701
vn -1.0662109e-06 -0.85020316 0.52645469
vn -6.9279952e-07 -0.9377622 0.34727791
vn -3.4226724e-07 -0.95466077 0.29769588
vn -2.9183079e-07 -0.87020528 0.49268922
vn -3.2783277e-07 -0.93788499 -0.34694627
vn 3.2624392e-10 -0.99999994 -0.00049572426
vn 0 -0.99999994 -0.00049547496
vn -1.0187728e-06 -0.93788499 -0.3469463
vn -8.6202812e-07 -0.85065001 -0.52573234
vn -3.2783277e-07 -0.93788499 -0.34694627
vn -1.0187728e-06 -0.93788499 -0.3469463
vn -9.6312453e-07 -0.85065013 -0.5257321
vn -0.00075847388 -0.46621045 -0.88467354
vn -7.7808068e-07 -0.68721539 -0.72645372
vn -7.7808039e-07 -0.68721527 -0.72645372
vn -0.00051987474 -0.46624345 -0.88465625
vn -0.0008269776 -0.13032554 -0.99147087
vn -0.0017886369 -0.30790278 -0.95141608
vn -0.001731882 -0.30730221 -0.95161045
vn -0.00035083591 -0.12153286 -0.99258733
vn 0.71231866 0.0012954584 0.701855
vn 0.70872402 0.0014720884 0.70548433
vn 0.70872647 0.0014743295 0.70548183
vn 0.71193737 0.0016135272 0.702241
vn -0.0017896151 -0.30790305 0.95141608
vn -0.00075889769 -0.46621135 0.88467306
vn -0.00035177014 -0.49025372 0.87157977
vn -0.0016558565 -0.32052958 0.94723701
vn -0.00075889769 -0.46621135 0.88467306
vn -7.7808079e-07 -0.68721545 0.72645366
vn 0 -0.73025882 0.68317062
vn -0.00035177014 -0.49025372 0.87157977
vn -6.9279952e-07 -0.9377622 0.34727791
vn 3.2624392e-10 -0.99999994 -0.00049572426
vn 2.4547528e-10 -1 -0.00018664049
vn -3.4226724e-07 -0.95466077 0.29769588
vn -7.7808068e-07 -0.68721539 -0.72645372
vn -8.6202812e-07 -0.85065001 -0.52573234
vn -9.6312453e-07 -0.85065013 -0.5257321
vn -7.7808039e-07 -0.68721527 -0.72645372
vn -0.0017886369 -0.30790278 -0.95141608
vn -0.00075847388 -0.46621045 -0.88467354
vn -0.00051987474 -0.46624345 -0.88465625
vn -0.001731882 -0.30730221 -0.95161045
vn 0.71386874 0 0.70027959
vn 0.71231866 0.0012954584 0.701855
vn 0.71193737 0.0016135272 0.702241
vn 0.71386874 0 0.70027959
vn 0.72725379 -0.68636858 9.7047099e-08
vn 0.88580608 -0.464055 -0.00078018167
vn 0.87306327 -0.48760661 -0.00038412015
vn 0.68301326 -0.73040599 9.5597841e-08
vn 0.88580608 -0.464055 -0.00078018167
vn 0.95142108 -0.30788726 -0.0017908551
vn 0.94724584 -0.32050368 -0.00170841
vn 0.87306327 -0.48760661 -0.00038412015
vn 0.34694627 -0.93788505 -4.5004693e-08
vn 0.52467304 -0.85130388 9.285646e-08
vn 0.4910979 -0.87110442 -6.8285317e-08
vn 0.29801714 -0.95456052 -1.7630239e-07
vn -0.5257318 -0.85065037 -3.3167302e-07
vn -0.7264533 -0.68721592 -7.415772e-07
vn -0.72645366 -0.68721551 -1.1344812e-06
vn -0.5257318 -0.85065031 -6.1282736e-07
vn -0.8846854 -0.46618801 -0.00078048633
vn -0.95142108 -0.30788755 -0.0017903252
vn -0.95161587 -0.3072851 -0.0017064265
vn -0.88484257 -0.46588895 -0.0010394226
vn -0.34694645 -0.93788499 1.0956678e-07
vn -0.5257318 -0.85065037 -3.3167302e-07
vn -0.5257318 -0.85065031 -6.1282736e-07
vn -0.34694645 -0.93788499 0
vn 1.1733995e-07 -1 5.404166e-09
vn 0.34694627 -0.93788505 -4.5004693e-08
vn 0.29801714 -0.95456052 -1.7630239e-07
vn -4.5088194e-07 -1 1.2715945e-09
vn 0.95142108 -0.30788726 -0.0017908551
vn 0.99147046 -0.13032934 -0.00081862567
vn 0.94724584 -0.32050368 -0.00170841
vn 0.52467304 -0.85130388 9.285646e-08
vn 0.72725379 -0.68636858 9.7047099e-08
vn 0.68301326 -0.73040599 9.5597841e-08
vn 0.4910979 -0.87110442 -6.8285317e-08
vn 1.1733995e-07 -1 5.404166e-09
vn -0.34694645 -0.93788499 1.0956678e-07
vn -0.34694645 -0.93788499 0
vn 5.6714316e-07 -1 9.536719e-09
vn -0.7264533 -0.68721592 -7.415772e-07
vn -0.8846854 -0.46618801 -0.00078048633
vn -0.88484257 -0.46588895 -0.0010394226
vn -0.72645366 -0.68721551 -1.1344812e-06
vn -0.95142108 -0.30788755 -0.0017903252
vn -0.99147052 -0.1303291 -0.00081807247
vn -0.99254721 -0.12185889 -0.00067653274
vn -0.95161587 -0.3072851 -0.0017064265
vn 8.091456e-07 -0.46657223 -0.88448316
vn 8.4981468e-07 -0.68721557 -0.72645342
vn 0 -0.73025906 -0.68317038
vn 0 -0.4903011 -0.87155306
vn 0 -0.68721551 0.7264536
vn 4.5584218e-07 -0.85065001 0.52573228
vn 1.0099562e-06 -0.85042679 0.52609354
vn 7.7808068e-07 -0.68721551 0.72645354
vn 1.1778675e-06 -0.30784279 0.95143723
vn 4.5846286e-07 -0.46657264 0.88448292
vn -0.00051922182 -0.46624404 0.88465595
vn 7.5943052e-07 -0.30784297 0.95143718
vn 3.7743828e-07 -0.93788499 0.3469463
vn 5.3887411e-10 -1 -3.56909e-07
vn 5.6607581e-07 -0.99999988 -0.00024821734
vn 1.1126953e-06 -0.93788499 0.34694636
vn 8.4981468e-07 -0.68721557 -0.72645342
vn 1.1522462e-06 -0.85065025 -0.52573204
vn 2.8770518e-07 -0.87059867 -0.49199384
vn 0 -0.73025906 -0.68317038
vn 1.6559837e-07 -0.12968822 -0.9915548
vn 1.0349722e-06 -0.30784306 -0.95143718
vn 9.3936183e-07 -0.31993502 -0.94743943
vn 1.1522462e-06 -0.85065025 -0.52573204
vn 7.3668633e-07 -0.93788499 -0.34694642
vn 3.4102104e-07 -0.9543156 -0.29880062
vn 2.8770518e-07 -0.87059867 -0.49199384
vn 1.0349722e-06 -0.30784306 -0.95143718
vn 8.091456e-07 -0.46657223 -0.88448316
vn 0 -0.4903011 -0.87155306
vn 9.3936183e-07 -0.31993502 -0.94743943
vn 7.3668633e-07 -0.93788499 -0.34694642
vn 5.3887411e-10 -1 -3.56909e-07
vn -3.915853e-09 -0.99999267 0.003828896
vn 3.4102104e-07 -0.9543156 -0.29880062
vn 4.5846286e-07 -0.46657264 0.88448292
vn 0 -0.68721551 0.7264536
vn 7.7808068e-07 -0.68721551 0.72645354
vn -0.00051922182 -0.46624404 0.88465595
vn 4.4152799e-07 -0.12968734 0.99155498
vn 1.1778675e-06 -0.30784279 0.95143723
vn 7.5943052e-07 -0.30784297 0.95143718
vn -0.00035111714 -0.12153181 0.99258745
vn 4.5584218e-07 -0.85065001 0.52573228
vn 3.7743828e-07 -0.93788499 0.3469463
vn 1.1126953e-06 -0.93788499 0.34694636
vn 1.0099562e-06 -0.85042679 0.52609354
vn 0 -0.9377622 0.34727791
vn -5.6607558e-07 -0.99999994 -0.00024831016
vn -5.6571389e-07 -0.99999982 -0.00049610069
vn -1.816062e-07 -0.93776232 0.34727785
vn 0.29801682 -0.95456052 -1.6978615e-07
vn 0.49164531 -0.87079555 -1.4371243e-07
vn 0.52573222 -0.85065007 -4.9961297e-08
vn 0.346946 -0.93788511 -8.9847347e-08
vn 0.49164531 -0.87079555 -1.4371243e-07
vn 0.68317086 -0.73025864 4.4421347e-07
vn 0.72645432 -0.68721473 3.4599518e-07
vn 0.52573222 -0.85065007 -4.9961297e-08
vn 0.68317086 -0.73025864 4.4421347e-07
vn 0.8715865 -0.49024171 0.00037922568
vn 0.88468343 -0.46619162 0.00077645376
vn 0.72645432 -0.68721473 3.4599518e-07
vn 0.8715865 -0.49024171 0.00037922568
vn 0.94819331 -0.31768993 0.0016699955
vn 0.95222056 -0.30541116 7.2621247e-06
vn 0.88468343 -0.46619162 0.00077645376
vn 0.94819331 -0.31768993 0.0016699955
vn 0.99122232 -0.13207293 -0.0059328945
vn 0.95222056 -0.30541116 7.2621247e-06
vn -4.6047518e-07 -1 2.7446459e-14
vn -0.29801759 -0.95456046 1.6942191e-07
vn -0.34694663 -0.93788475 -1.4042964e-06
vn -3.7157653e-07 -1 -6.8664338e-07
vn -2.8600073e-07 -0.87079537 0.49164566
vn -9.9427517e-08 -0.85064995 0.52573246
vn 0 -0.68721497 0.72645402
vn 0 -0.730259 0.68317038
vn 0 -0.730259 0.68317038
vn 0 -0.68721497 0.72645402
vn 0 -0.46657187 0.8844834
vn 0 -0.49030131 0.871553
vn 0 -0.49030131 0.871553
vn 0 -0.46657187 0.8844834
vn 0 -0.30784306 0.95143718
vn 0 -0.31993565 0.94743925
vn 0 -0.31993565 0.94743925
vn 0 -0.30784306 0.95143718
vn 0 -0.12968723 0.99155498
vn 0.34694621 -0.93788499 -7.1107883e-07
vn 0.52520251 -0.85097724 -7.5339011e-07
vn 0.52467281 -0.85130394 6.9796918e-08
vn 0.34694636 -0.93788499 -3.971234e-08
vn -5.5736479e-07 -1 0
vn -0.34694672 -0.93788481 -2.706835e-07
vn -0.34694642 -0.93788499 -4.5494311e-08
vn -3.3735233e-07 -1 3.7301362e-14
vn 3.4282118e-07 -0.9545604 -0.29801753
vn -8.8034011e-07 -0.93788493 -0.34694642
vn -4.0730299e-07 -0.85065007 -0.52573234
vn 2.9243972e-07 -0.87115592 -0.49100658
vn 2.9243972e-07 -0.87115592 -0.49100658
vn -4.0730299e-07 -0.85065007 -0.52573234
vn 0 -0.68721509 -0.72645396
vn 0 -0.7291373 -0.68436742
vn 0 -0.7291373 -0.68436742
vn 0 -0.68721509 -0.72645396
vn -0.00075773551 -0.46621031 -0.8846736
vn -0.00035526723 -0.48959601 -0.87194937
vn -0.00035526723 -0.48959601 -0.87194937
vn -0.00075773551 -0.46621031 -0.8846736
vn -0.0017879347 -0.30790269 -0.95141619
vn -0.0016558535 -0.32052863 -0.94723737
vn -0.0016558535 -0.32052863 -0.94723737
vn -0.0017879347 -0.30790269 -0.95141619
vn -0.00082643109 -0.13032487 -0.99147105
vn 9.593232e-09 -0.99999994 -9.148819e-15
vn 0.29801682 -0.95456052 -1.6978615e-07
vn 0.346946 -0.93788511 -8.9847347e-08
vn -3.3735233e-07 -1 3.7301362e-14
vn -0.49164531 -0.87079555 -1.3603616e-08
vn -0.68316972 -0.7302596 -8.2438891e-07
vn -0.7264533 -0.68721581 -5.6098412e-07
vn -0.52573192 -0.85065025 -1.1575715e-06
vn -0.68316972 -0.7302596 -8.2438891e-07
vn -0.87158793 -0.49023896 -0.00038522395
vn -0.88468546 -0.4661878 -0.00078054389
vn -0.7264533 -0.68721581 -5.6098412e-07
vn -0.87158793 -0.49023896 -0.00038522395
vn -0.94724554 -0.32050443 -0.0017083968
vn -0.95142108 -0.30788752 -0.0017908494
vn -0.88468546 -0.4661878 -0.00078054389
vn -0.94724554 -0.32050443 -0.0017083968
vn -0.99147034 -0.13032974 -0.00081784086
vn -0.95142108 -0.30788752 -0.0017908494
vn -0.29801759 -0.95456046 1.6942191e-07
vn -0.49164531 -0.87079555 -1.3603616e-08
vn -0.52573192 -0.85065025 -1.1575715e-06
vn -0.34694663 -0.93788475 -1.4042964e-06
vn -0.88484019 -0.46589351 0.0010387674
vn -0.95161498 -0.30728826 0.0017115388
vn -0.95142019 -0.30789027 0.0017910922
vn -0.88468325 -0.46619195 0.00077606208
vn -0.52573258 -0.85064995 -7.5343326e-07
vn -0.72645396 -0.68721515 -1.165527e-06
vn -0.72645372 -0.68721533 -7.5576082e-07
vn -0.52573228 -0.85065001 -3.2675513e-07
vn -0.95161498 -0.30728826 0.0017115388
vn -0.99254739 -0.12185732 0.00068111531
vn -0.99147052 -0.13032885 0.0008197194
vn -0.95142019 -0.30789027 0.0017910922
vn -0.72645396 -0.68721515 -1.165527e-06
vn -0.88484019 -0.46589351 0.0010387674
vn -0.88468325 -0.46619195 0.00077606208
vn -0.72645372 -0.68721533 -7.5576082e-07
vn -3.3819833e-07 -0.95456046 0.29801738
vn -1.7890936e-07 -0.93788499 0.34694633
vn -9.9427517e-08 -0.85064995 0.52573246
vn -2.8600073e-07 -0.87079537 0.49164566
vn -0.0017324571 -0.30730209 0.95161039
vn -0.00051955797 -0.4662441 0.88465589
vn -0.00075815967 -0.46621081 0.88467336
vn -0.0017889146 -0.3079035 0.95141602
vn 0 -0.68721533 0.72645372
vn 0 -0.85042667 0.52609354
vn -1.0143217e-07 -0.85020316 0.52645463
vn 0 -0.68721515 0.7264539
vn -4.3513577e-07 -1 -1.5139159e-06
vn 0.34694621 -0.93788499 -7.1107883e-07
vn 0.34694636 -0.93788499 -3.971234e-08
vn -3.7157653e-07 -1 -6.8664338e-07
vn -0.00035112296 -0.12153215 0.99258745
vn -0.0017324571 -0.30730209 0.95161039
vn -0.0017889146 -0.3079035 0.95141602
vn -0.00082752423 -0.13032502 0.99147099
vn -0.00051955797 -0.4662441 0.88465589
vn 0 -0.68721533 0.72645372
vn 0 -0.68721515 0.7264539
vn -0.00075815967 -0.46621081 0.88467336
vn 0 -0.85042667 0.52609354
vn 0 -0.9377622 0.34727791
vn -1.816062e-07 -0.93776232 0.34727785
vn -1.0143217e-07 -0.85020316 0.52645463
vn 0.95188302 -0.30645648 -0.0017845025
vn 0.9924314 -0.12274705 -0.003621419
vn 0.99147052 -0.13032934 -0.00081807974
vn 0.9514212 -0.30788714 -0.0017896661
vn 0.72725451 -0.68636781 0
vn 0.88540286 -0.46482453 -1.8867351e-07
vn 0.88580668 -0.46405381 -0.0007801819
vn 0.72725439 -0.68636799 7.0579837e-08
vn -0.34694672 -0.93788481 -2.706835e-07
vn -0.52573258 -0.85064995 -7.5343326e-07
vn -0.52573228 -0.85065001 -3.2675513e-07
vn -0.34694642 -0.93788499 -4.5494311e-08
vn 0.88540286 -0.46482453 -1.8867351e-07
vn 0.95188302 -0.30645648 -0.0017845025
vn 0.9514212 -0.30788714 -0.0017896661
vn 0.88580668 -0.46405381 -0.0007801819
vn 0.52520251 -0.85097724 -7.5339011e-07
vn 0.72725451 -0.68636781 0
vn 0.72725439 -0.68636799 7.0579837e-08
vn 0.52467281 -0.85130394 6.9796918e-08
vn 2.4604183e-10 -1 -0.00018709083
vn -5.6571389e-07 -0.99999982 -0.00049610069
vn -8.8034011e-07 -0.93788493 -0.34694642
vn 3.4282118e-07 -0.9545604 -0.29801753
vn 2.9785522e-07 -0.12121785 -0.99262595
vn 2.9638272e-07 -0.30784309 -0.95143718
vn 3.7441947e-07 -0.3078433 -0.95143712
vn 2.7592898e-07 -0.12968813 -0.99155486
vn 0 -0.46657112 -0.88448358
vn 0 -0.68721467 -0.72645444
vn 0 -0.68721497 -0.72645414
vn 2.2628382e-07 -0.46657145 -0.88448346
vn 0 -0.85065025 -0.52573204
vn 0 -0.93788522 -0.34694588
vn 1.8033774e-07 -0.93788511 -0.34694603
vn 1.0032832e-07 -0.85065019 -0.5257321
vn -3.9159844e-09 -0.99999273 0.0038289754
vn 5.3878085e-10 -1 -2.4934738e-07
vn -1.7890936e-07 -0.93788499 0.34694633
vn -3.3819833e-07 -0.95456046 0.29801738
vn 2.9638272e-07 -0.30784309 -0.95143718
vn 0 -0.46657112 -0.88448358
vn 2.2628382e-07 -0.46657145 -0.88448346
vn 3.7441947e-07 -0.3078433 -0.95143712
vn 0 -0.68721467 -0.72645444
vn 0 -0.85065025 -0.52573204
vn 1.0032832e-07 -0.85065019 -0.5257321
vn 0 -0.68721497 -0.72645414
vn 0 -0.93788522 -0.34694588
vn 0 -1 -5.8669968e-07
vn 5.3878085e-10 -1 -2.4934738e-07
vn 1.8033774e-07 -0.93788511 -0.34694603
vn -0.70695513 -0.000213641 -0.70725834
vn -0.71696746 0.0010070154 -0.69710594
vn -0.71693999 0.0010076838 -0.69713426
vn -0.70695436 -0.00021450163 -0.707259
vn 0.69956857 -0.028053712 -0.71401465
vn 0.70369858 -0.011910805 -0.71039873
vn 0.70369983 -0.011905732 -0.71039754
vn 0.69956857 -0.028053712 -0.71401465
vn 0.70816201 -0.0055096988 0.70602846
vn 0.70714879 0.00095350412 0.70706409
vn 0.70714849 0.00095104094 0.70706439
vn 0.70816648 -0.005519629 0.70602399
vn 0.71064192 -0.01403714 -0.7034139
vn 0.71401995 -0.028074415 -0.69956231
vn 0.71401995 -0.028074415 -0.69956231
vn 0.71064079 -0.014032744 -0.7034151
vn -0.69955999 -0.028084652 0.71402174
vn -0.70341069 -0.014045569 0.71064496
vn -0.703412 -0.014040872 0.71064377
vn -0.69955999 -0.028084652 0.71402174
vn 0.70710558 1.6541387e-06 -0.70710796
vn 0.71064192 -0.01403714 -0.7034139
vn 0.71064079 -0.014032744 -0.7034151
vn 0.70710558 1.6549504e-06 -0.70710802
vn -0.70608079 -0.00098759588 -0.7081306
vn -0.70695513 -0.000213641 -0.70725834
vn -0.70695436 -0.00021450163 -0.707259
vn -0.70608068 -0.0009877272 -0.7081306
vn -0.70952266 -0.0090966225 0.70462388
vn -0.7108404 -0.015995888 0.70317149
vn -0.71083945 -0.01599241 0.70317256
vn -0.70952624 -0.0091059906 0.70462
vn -0.70341069 -0.014045569 0.71064496
vn -0.7071051 -1.6541368e-06 0.70710838
vn -0.7071051 -1.6549485e-06 0.70710838
vn -0.703412 -0.014040872 0.71064377
vn 0.70714879 0.00095350412 0.70706409
vn 0.70699519 0.002307385 0.70721459
vn 0.70699453 0.0023047498 0.70721531
vn 0.70714849 0.00095104094 0.70706439
vn 0.70369858 -0.011910805 -0.71039873
vn 0.70442313 0.01349691 -0.70965201
vn 0.70443451 0.013464282 -0.70964122
vn 0.70369983 -0.011905732 -0.71039754
vn 0.70710576 0 -0.70710778
vn 0.70710558 1.6541387e-06 -0.70710796
vn 0.70710558 1.6549504e-06 -0.70710802
vn 0.70710576 0 -0.70710778
vn -0.70840043 0.0013083289 -0.70580953
vn -0.70608079 -0.00098759588 -0.7081306
vn -0.70608068 -0.0009877272 -0.7081306
vn -0.70840341 0.001310815 -0.70580655
vn -0.71403188 -0.012700872 0.69999796
vn -0.70952266 -0.0090966225 0.70462388
vn -0.70952624 -0.0091059906 0.70462
vn -0.7140429 -0.012695434 0.69998682
vn -0.7071051 -1.6541368e-06 0.70710838
vn -0.70710635 1.2388364e-06 0.70710713
vn -0.70710641 1.2388076e-06 0.70710713
vn -0.7071051 -1.6549485e-06 0.70710838
vn 0.70699519 0.002307385 0.70721459
vn 0.70515811 0.0016354179 0.70904809
vn 0.70515621 0.0016374018 0.70905006
vn 0.70699453 0.0023047498 0.70721531
vn 0.70442313 0.01349691 -0.70965201
vn 0.71584964 0.0072674486 -0.69821656
vn 0.71580285 0.0073175277 -0.69826406
vn 0.70443451 0.013464282 -0.70964122
vn 0.70710534 0 -0.70710826
vn 0.70710576 0 -0.70710778
vn 0.70710576 0 -0.70710778
vn 0.70710522 0 -0.70710826
vn -0.71232176 0.0012957255 -0.7018519
vn -0.70840043 0.0013083289 -0.70580953
vn -0.70840341 0.001310815 -0.70580655
vn -0.71194041 0.0016138606 -0.70223802
vn -0.71414876 -0.0068335133 0.69996053
vn -0.71403188 -0.012700872 0.69999796
vn -0.7140429 -0.012695434 0.69998682
vn -0.71416193 -0.0068573519 0.69994694
vn -0.70710635 1.2388364e-06 0.70710713
vn -0.70710725 1.2388376e-06 0.70710635
vn -0.70710713 1.2380402e-06 0.70710629
vn -0.70710641 1.2388076e-06 0.70710713
vn 0.71584964 0.0072674486 -0.69821656
vn 0.72095096 -0.0029373916 -0.69297981
vn 0.72087526 -0.0028942837 -0.69305861
vn 0.71580285 0.0073175277 -0.69826406
vn 0.70515811 0.0016354179 0.70904809
vn 0.70185834 0.0012952036 0.71231544
vn 0.70224446 0.0016132039 0.71193409
vn 0.70515621 0.0016374018 0.70905006
vn 0.64424682 -0.4121809 0.64424592
vn 0.69736189 -0.16545336 0.69736052
vn 0.69736189 -0.16545336 0.69736052
vn 0.64424688 -0.4121809 0.64424598
vn 0.56896365 -0.59376818 0.56896365
vn 0.64424682 -0.4121809 0.64424592
vn 0.64424688 -0.4121809 0.64424598
vn 0.56896383 -0.59376788 0.56896383
vn 0.42859429 -0.79537088 0.42859316
vn 0.56896365 -0.59376818 0.56896365
vn 0.56896383 -0.59376788 0.56896383
vn 0.42859429 -0.79537094 0.42859313
vn 0.28375542 -0.91595131 0.28375372
vn 0.42859429 -0.79537088 0.42859316
vn 0.42859429 -0.79537094 0.42859313
vn 0.28375542 -0.91595125 0.28375369
vn 0.18050702 -0.96684927 0.18060952
vn 0.28375542 -0.91595131 0.28375372
vn 0.28375542 -0.91595125 0.28375369
vn 0.18050706 -0.96684915 0.18060957
vn -0.69736111 -0.1654533 0.69736135
vn -0.64424527 -0.41218153 0.64424723
vn -0.64424545 -0.41218105 0.64424741
vn -0.69736111 -0.16545333 0.69736129
vn -0.64424527 -0.41218153 0.64424723
vn -0.56896228 -0.59376931 0.56896394
vn -0.56896228 -0.59376931 0.56896394
vn -0.64424545 -0.41218105 0.64424741
vn -0.56896228 -0.59376931 0.56896394
vn -0.42858911 -0.79537654 0.42858788
vn -0.42859593 -0.79536915 0.42859465
vn -0.56896228 -0.59376931 0.56896394
vn -0.42858911 -0.79537654 0.42858788
vn -0.28339711 -0.91586685 0.28438336
vn -0.28337348 -0.9158814 0.28436026
vn -0.42859593 -0.79536915 0.42859465
vn -0.28339711 -0.91586685 0.28438336
vn -0.18009435 -0.96673101 0.18165143
vn -0.17954747 -0.96693605 0.18110044
vn -0.28337348 -0.9158814 0.28436026
vn 0.64423996 -0.41219732 -0.64424241
vn 0.69736183 -0.1654526 -0.69736075
vn 0.69736183 -0.1654526 -0.69736075
vn 0.64424598 -0.4121787 -0.64424843
vn 0.57061219 -0.59313351 -0.56797385
vn 0.64423996 -0.41219732 -0.64424241
vn 0.64424598 -0.4121787 -0.64424843
vn 0.57057971 -0.59319758 -0.56793958
vn 0.4315539 -0.79458898 -0.42707101
vn 0.57061219 -0.59313351 -0.56797385
vn 0.57057971 -0.59319758 -0.56793958
vn 0.43059188 -0.79562211 -0.42611754
vn 0.28015614 -0.91528398 -0.28942654
vn 0.4315539 -0.79458898 -0.42707101
vn 0.43059188 -0.79562211 -0.42611754
vn 0.27973029 -0.91551572 -0.28910533
vn 0.16964659 -0.96767563 -0.18661164
vn 0.28015614 -0.91528398 -0.28942654
vn 0.27973029 -0.91551572 -0.28910533
vn 0.17545012 -0.96539891 -0.19293012
vn -0.18009435 -0.96673101 0.18165143
vn -0.12303188 -0.98460561 0.1241568
vn -0.12303188 -0.98460561 0.1241568
vn -0.17954747 -0.96693605 0.18110044
vn 0.11616531 -0.98489833 -0.12837748
vn 0.16964659 -0.96767563 -0.18661164
vn 0.17545012 -0.96539891 -0.19293012
vn 0.11616531 -0.98489833 -0.12837748
vn -0.64420259 -0.41227803 -0.64422816
vn -0.69736165 -0.16545269 -0.69736087
vn -0.69736165 -0.16545269 -0.69736087
vn -0.64424431 -0.41214773 -0.64426982
vn -0.56113613 -0.59080136 -0.57972419
vn -0.64420259 -0.41227803 -0.64422816
vn -0.64424431 -0.41214773 -0.64426982
vn -0.56176132 -0.58979011 -0.58014792
vn -0.41708976 -0.79063112 -0.4482618
vn -0.56113613 -0.59080136 -0.57972419
vn -0.56176132 -0.58979011 -0.58014792
vn -0.41174397 -0.79661536 -0.44257298
vn -0.27657691 -0.91651088 -0.28898609
vn -0.41708976 -0.79063112 -0.4482618
vn -0.41174397 -0.79661536 -0.44257298
vn -0.27628431 -0.91671973 -0.28860325
vn -0.18051881 -0.96684462 -0.18062185
vn -0.27657691 -0.91651088 -0.28898609
vn -0.27628431 -0.91671973 -0.28860325
vn -0.18046518 -0.96686471 -0.18056831
vn 0.12364457 -0.9845674 0.12385078
vn 0.18050702 -0.96684927 0.18060952
vn 0.18050706 -0.96684915 0.18060957
vn 0.12364457 -0.9845674 0.12385078
vn -0.12361135 -0.98457742 -0.12380443
vn -0.18051881 -0.96684462 -0.18062185
vn -0.18046518 -0.96686471 -0.18056831
vn -0.12361135 -0.98457742 -0.12380443
vn -0.7108404 -0.015995888 0.70317149
vn -0.71394604 -0.027773764 0.69964969
vn -0.71394604 -0.027773764 0.69964969
vn -0.71083945 -0.01599241 0.70317256
vn -0.7054823 0.0014719563 -0.70872605
vn -0.70185179 0.0012957265 -0.71232182
vn -0.70223796 0.0016138622 -0.71194041
vn -0.70547974 0.001474199 -0.70872843
vn 0.71195441 -0.022077944 0.70187843
vn 0.70816201 -0.0055096988 0.70602846
vn 0.70816648 -0.005519629 0.70602399
vn 0.71194237 -0.022008061 0.70189297
vn 0.70872295 0.0014725548 0.7054854
vn 0.70710504 -8.7509375e-07 0.70710856
vn 0.70710504 -8.7565678e-07 0.70710856
vn 0.70872533 0.0014747976 0.7054829
vn -0.71696746 0.0010070154 -0.69710594
vn -0.70470691 -0.0078576328 -0.70945501
vn -0.70461154 -0.0078964774 -0.70954925
vn -0.71693999 0.0010076838 -0.69713426
vn 0.70362091 -0.013139121 0.71045405
vn 0.70109427 -0.027787061 0.7125271
vn 0.70109427 -0.027787061 0.7125271
vn 0.70362061 -0.013141233 0.71045434
vn -0.70710725 -8.7509062e-07 -0.70710641
vn -0.7054823 0.0014719563 -0.70872605
vn -0.70547974 0.001474199 -0.70872843
vn -0.70710719 -8.7565383e-07 -0.70710635
vn -0.71404481 -0.028778439 -0.69950819
vn -0.71077144 -0.014811111 -0.7032671
vn -0.71076888 -0.014800298 -0.70326984
vn -0.71404481 -0.028778439 -0.69950819
vn 0.70710504 -8.7509375e-07 0.70710856
vn 0.7071833 0.00014411466 0.70703024
vn 0.70718336 0.00014411914 0.70703024
vn 0.70710504 -8.7565678e-07 0.70710856
vn 0.71419853 -0.035437159 0.69904554
vn 0.71195441 -0.022077944 0.70187843
vn 0.71194237 -0.022008061 0.70189297
vn 0.71419853 -0.035437159 0.69904554
vn -0.70470691 -0.0078576328 -0.70945501
vn -0.68302935 -0.016547643 -0.73020339
vn -0.68302935 -0.016547643 -0.73020339
vn -0.70461154 -0.0078964774 -0.70954925
vn -0.70718312 -0.00014411601 -0.70703036
vn -0.70710725 -8.7509062e-07 -0.70710641
vn -0.70710719 -8.7565383e-07 -0.70710635
vn -0.70718312 -0.00014412016 -0.70703042
vn 0.7071833 0.00014411466 0.70703024
vn 0.70662433 0.00089654373 0.70758832
vn 0.70662421 0.00089674932 0.70758849
vn 0.70718336 0.00014411914 0.70703024
vn 0.7110042 0.0026266137 -0.70318294
vn 0.71232057 0.0012954553 -0.70185316
vn 0.71193904 0.0016135365 -0.70223945
vn 0.71100318 0.0026270924 -0.70318395
vn -0.70872599 0.001472833 0.70548236
vn -0.71231937 0.0012957293 0.70185423
vn -0.71193814 0.0016138647 0.70224029
vn -0.70872837 0.0014750753 0.70547986
vn -0.70729983 -0.00056095462 -0.70691353
vn -0.70718312 -0.00014411601 -0.70703036
vn -0.70718312 -0.00014412016 -0.70703042
vn -0.70729989 -0.00056114583 -0.70691347
vn -0.70185518 0.0012958564 0.71231848
vn -0.7077561 0.00032822444 0.70645684
vn -0.70775026 0.00033214569 0.70646268
vn -0.70224118 0.0016140186 0.71193725
vn 0.70662433 0.00089654373 0.70758832
vn 0.70362091 -0.013139121 0.71045405
vn 0.70362061 -0.013141233 0.71045434
vn 0.70662421 0.00089674932 0.70758849
vn 0.72095096 -0.0029373916 -0.69297981
vn 0.7110042 0.0026266137 -0.70318294
vn 0.71100318 0.0026270924 -0.70318395
vn 0.72087526 -0.0028942837 -0.69305861
vn -0.71077144 -0.014811111 -0.7032671
vn -0.70729983 -0.00056095462 -0.70691353
vn -0.70729989 -0.00056114583 -0.70691347
vn -0.71076888 -0.014800298 -0.70326984
vn -0.70710725 1.2388376e-06 0.70710635
vn -0.70872599 0.001472833 0.70548236
vn -0.70872837 0.0014750753 0.70547986
vn -0.70710713 1.2380402e-06 0.70710629
vn -0.7077561 0.00032822444 0.70645684
vn -0.71414876 -0.0068335133 0.69996053
vn -0.71416193 -0.0068573519 0.69994694
vn -0.70775026 0.00033214569 0.70646268
vn 0.70552522 0.0014641481 -0.70868331
vn 0.70710534 0 -0.70710826
vn 0.70710522 0 -0.70710826
vn 0.70551789 0.0014709353 -0.70869052
vn 0.70550948 0.00010231658 0.7087006
vn 0.70550948 0.00010231658 0.7087006
vn 0.70550799 0.00010511535 0.70870197
vn 0.70550793 0.00010511385 0.70870197
vn -0.70097429 -0.0081822639 -0.71313953
vn -0.70097429 -0.0081822639 -0.71313953
vn -0.69955915 -0.001437226 -0.71457332
vn -0.69955891 -0.0014363655 -0.71457338
vn -0.70743221 -1.7382101e-05 0.70678133
vn -0.70743221 -1.7382101e-05 0.70678133
vn -0.70743281 -1.7435599e-05 0.70678061
vn -0.70743281 -1.7435597e-05 0.70678055
vn 0.00088785822 -0.67105752 -0.74140489
vn 0.00088705635 -0.67197627 -0.74057215
vn 0.00096327951 -0.5705871 -0.82123649
vn 0.81381565 -0.58112121 0.0014802488
vn 0.81457865 -0.58005166 0.0013647377
vn 0.77853215 -0.62760329 0.0013122256
vn 0.73611253 -0.67685783 0.001336199
vn -0.0012756973 -0.5802176 0.81446046
vn 0.00081500848 -0.67818063 0.73489487
vn 0.0014230056 -0.70474756 0.70945662
vn -0.81397343 -0.58090097 -0.0011819778
vn -0.73510784 -0.67794943 -0.0010564533
vn -0.73526984 -0.67777359 -0.0010567093
vn 0.0014230056 -0.70474756 0.70945662
vn 0.00081500848 -0.67818063 0.73489487
vn 0.0031961545 -0.77719671 0.62924957
vn 0.0031961545 -0.77719671 0.62924957
vn -0.69955891 -0.0014363655 -0.71457338
vn -0.69955915 -0.001437226 -0.71457332
vn -0.69660896 0.012123913 -0.71734858
vn 0.70707852 1.7583126e-05 -0.70713508
vn 0.7070784 1.7582819e-05 -0.70713508
vn 0.70708019 1.7764196e-05 -0.70713347
vn 0.70550793 0.00010511385 0.70870197
vn 0.70550799 0.00010511535 0.70870197
vn 0.70550501 0.00011074251 0.70870495
vn 0.70550501 0.00011074251 0.70870495
vn -0.70743281 -1.7435597e-05 0.70678055
vn -0.70743281 -1.7435599e-05 0.70678061
vn -0.70743418 -1.7543171e-05 0.70677924
vn 0.00088785822 -0.67105752 -0.74140489
vn 0.00078265759 -0.77323872 -0.63411456
vn 0.00088705635 -0.67197627 -0.74057215
vn 0.77853215 -0.62760329 0.0013122256
vn 0.81457865 -0.58005166 0.0013647377
vn 0.8162424 -0.57770836 0.0011120469
vn -0.73510784 -0.67794943 -0.0010564533
vn -0.63093841 -0.77583241 -0.00089282892
vn -0.73526984 -0.67777359 -0.0010567093
vn 0.77853215 -0.62760329 0.0013122256
vn 0.63333899 -0.77387357 0.0011462042
vn 0.73611253 -0.67685783 0.001336199
vn 0.99230611 -0.12363447 -0.0065673064
vn 0.99122232 -0.13207293 -0.0059328945
vn 0.99994648 -0.0073167789 -0.0073149609
vn 0.99994648 -0.0073167789 -0.0073149609
vn -0.71232176 0.0012957255 -0.7018519
vn -0.71194041 0.0016138606 -0.70223802
vn -0.71387208 0 -0.70027614
vn -0.71387208 0 -0.70027614
vn 0 -0.12968723 0.99155498
vn 0 -0.12121699 0.99262601
vn 0 0 1
vn 0 0 1
vn 2.9785522e-07 -0.12121785 -0.99262595
vn 2.7592898e-07 -0.12968813 -0.99155486
vn 0 0 -1
vn 0 0 -1
vn -0.70223796 0.0016138622 -0.71194041
vn -0.70185179 0.0012957265 -0.71232182
vn -0.70027602 0 -0.71387225
vn -0.70027602 0 -0.71387225
vn 0.99147052 -0.13032934 -0.00081807974
vn 0.9924314 -0.12274705 -0.003621419
vn 0.99998659 -0.0036584402 -0.0036573024
vn 1 0 4.5747012e-07
vn -0.69736165 -0.16545269 -0.69736087
vn -0.69736165 -0.16545269 -0.69736087
vn -0.70710719 0 -0.70710635
vn -0.70710719 0 -0.70710635
vn -0.71193814 0.0016138647 0.70224029
vn -0.71231937 0.0012957293 0.70185423
vn -0.71386927 0 0.70027894
vn -0.71386927 0 0.70027894
vn 0.70224446 0.0016132039 0.71193409
vn 0.70185834 0.0012952036 0.71231544
vn 0.70028245 0 0.71386594
vn 0.70028245 0 0.71386594
vn -0.99254745 -0.12185818 2.7124561e-06
vn -0.99147034 -0.13032974 -0.00081784086
vn -1 0 1.6787835e-06
vn -1 0 8.3939136e-07
vn -0.69736111 -0.1654533 0.69736135
vn -0.69736111 -0.16545333 0.69736129
vn -0.70710719 0 0.70710635
vn -0.70710719 0 0.70710635
vn 0.71193904 0.0016135365 -0.70223945
vn 0.71232057 0.0012954553 -0.70185316
vn 0.71387154 0 -0.70027673
vn 0.71387154 0 -0.70027673
vn -0.00082643109 -0.13032487 -0.99147105
vn -0.00035040185 -0.12153276 -0.99258733
vn 0 0 -1
vn 0 0 -0.99999994
vn 0.69736183 -0.1654526 -0.69736075
vn 0.69736183 -0.1654526 -0.69736075
vn 0.70710719 0 -0.70710635
vn 0.70710719 0 -0.70710635
vn -0.99147052 -0.13032885 0.0008197194
vn -0.99254739 -0.12185732 0.00068111531
vn -1 0 0
vn -1 0 0
vn 0.69736189 -0.16545336 0.69736052
vn 0.69736189 -0.16545336 0.69736052
vn 0.70710719 0 0.70710635
vn 0.70710719 0 0.70710635
vn -0.00035112296 -0.12153215 0.99258745
vn -0.00082752423 -0.13032502 0.99147099
vn 0 0 1
vn 0 0 1
vn -0.70185518 0.0012958564 0.71231848
vn -0.70224118 0.0016140186 0.71193725
vn -0.70028019 0 0.7138682
vn -0.70028019 0 0.7138682
vn 0.70707762 1.7492588e-05 -0.70713592
vn 0.70707762 1.7492588e-05 -0.70713592
vn 0.7070784 1.7582819e-05 -0.70713508
vn 0.70707852 1.7583126e-05 -0.70713508
vn 0.346946 -0.93788511 -8.9847347e-08
vn 0.52573222 -0.85065007 -4.9961297e-08
vn 0.52573246 -0.85064995 0
vn 0.34694618 -0.93788505 0
vn 0.72645432 -0.68721473 3.4599518e-07
vn 0.88468343 -0.46619162 0.00077645376
vn 0.88484055 -0.46589291 0.0010389878
vn 0.72645462 -0.68721443 0
vn 0.95222056 -0.30541116 7.2621247e-06
vn 0.99122232 -0.13207293 -0.0059328945
vn 0.99230611 -0.12363447 -0.0065673064
vn 0.95214939 -0.3056272 -0.0018615432
vn 0.70188254 0.0012879905 -0.71229154
vn 0.70552522 0.0014641481 -0.70868331
vn 0.70551789 0.0014709353 -0.70869052
vn 0.70228213 0.0016093353 -0.7118969
vn -0.52573228 -0.85065001 -3.2675513e-07
vn -0.72645372 -0.68721533 -7.5576082e-07
vn -0.68317056 -0.73025882 -2.2210656e-07
vn -0.49164554 -0.87079537 1.4371253e-07
vn -0.72645372 -0.68721533 -7.5576082e-07
vn -0.88468325 -0.46619195 0.00077606208
vn -0.87158614 -0.490242 0.00037826996
vn -0.68317056 -0.73025882 -2.2210656e-07
vn 0.70027786 0 -0.71387035
vn 0.70188254 0.0012879905 -0.71229154
vn 0.70228213 0.0016093353 -0.7118969
vn 0.70027786 0 -0.71387035
vn 0.52573222 -0.85065007 -4.9961297e-08
vn 0.72645432 -0.68721473 3.4599518e-07
vn 0.72645462 -0.68721443 0
vn 0.52573246 -0.85064995 0
vn 0.88468343 -0.46619162 0.00077645376
vn 0.95222056 -0.30541116 7.2621247e-06
vn 0.95214939 -0.3056272 -0.0018615432
vn 0.88484055 -0.46589291 0.0010389878
vn -0.34694642 -0.93788499 -4.5494311e-08
vn -0.52573228 -0.85065001 -3.2675513e-07
vn -0.49164554 -0.87079537 1.4371253e-07
vn -0.29801702 -0.95456058 1.6978626e-07
vn -3.3735233e-07 -1 3.7301362e-14
vn -0.34694642 -0.93788499 -4.5494311e-08
vn -0.29801702 -0.95456058 1.6978626e-07
vn 9.593232e-09 -0.99999994 -9.148819e-15
vn -3.3735233e-07 -1 3.7301362e-14
vn 0.346946 -0.93788511 -8.9847347e-08
vn 0.34694618 -0.93788505 0
vn -5.5736479e-07 -1 0
vn -0.88468325 -0.46619195 0.00077606208
vn -0.95142019 -0.30789027 0.0017910922
vn -0.94724399 -0.32050896 0.0017001994
vn -0.87158614 -0.490242 0.00037826996
vn -0.95142019 -0.30789027 0.0017910922
vn -0.99147052 -0.13032885 0.0008197194
vn -0.94724399 -0.32050896 0.0017001994
vn 0 -0.68721515 0.7264539
vn -1.0143217e-07 -0.85020316 0.52645463
vn -2.9183101e-07 -0.87020522 0.49268946
vn 0 -0.73025876 0.68317068
vn -0.00082752423 -0.13032502 0.99147099
vn -0.0017889146 -0.3079035 0.95141602
vn -0.0016558561 -0.32053015 0.9472369
vn -1.0143217e-07 -0.85020316 0.52645463
vn -1.816062e-07 -0.93776232 0.34727785
vn -3.4226701e-07 -0.95466083 0.29769576
vn -2.9183101e-07 -0.87020522 0.49268946
vn -8.8034011e-07 -0.93788493 -0.34694642
vn -5.6571389e-07 -0.99999982 -0.00049610069
vn -5.6607558e-07 -0.99999994 -0.00024831016
vn -1.061894e-06 -0.93788499 -0.34694636
vn -4.0730299e-07 -0.85065007 -0.52573234
vn -8.8034011e-07 -0.93788493 -0.34694642
vn -1.061894e-06 -0.93788499 -0.34694636
vn -5.0839941e-07 -0.85065025 -0.52573204
vn -0.00075773551 -0.46621031 -0.8846736
vn 0 -0.68721509 -0.72645396
vn 0 -0.68721527 -0.72645372
vn -0.00051913393 -0.46624368 -0.88465619
vn -0.00082643109 -0.13032487 -0.99147105
vn -0.0017879347 -0.30790269 -0.95141619
vn -0.0017304703 -0.30730218 -0.95161039
vn -0.00035040185 -0.12153276 -0.99258733
vn 0.712318 0.0012962534 0.70185578
vn 0.70872295 0.0014725548 0.7054854
vn 0.70872533 0.0014747976 0.7054829
vn 0.71193665 0.0016145178 0.70224178
vn -0.0017889146 -0.3079035 0.95141602
vn -0.00075815967 -0.46621081 0.88467336
vn -0.00035177008 -0.49025324 0.87157989
vn -0.0016558561 -0.32053015 0.9472369
vn -0.00075815967 -0.46621081 0.88467336
vn 0 -0.68721515 0.7264539
vn 0 -0.73025876 0.68317068
vn -0.00035177008 -0.49025324 0.87157989
vn -1.816062e-07 -0.93776232 0.34727785
vn -5.6571389e-07 -0.99999982 -0.00049610069
vn 2.4604183e-10 -1 -0.00018709083
vn -3.4226701e-07 -0.95466083 0.29769576
vn 0 -0.68721509 -0.72645396
vn -4.0730299e-07 -0.85065007 -0.52573234
vn -5.0839941e-07 -0.85065025 -0.52573204
vn 0 -0.68721527 -0.72645372
vn -0.0017879347 -0.30790269 -0.95141619
vn -0.00075773551 -0.46621031 -0.8846736
vn -0.00051913393 -0.46624368 -0.88465619
vn -0.0017304703 -0.30730218 -0.95161039
vn 0.71386814 0 0.70028013
vn 0.712318 0.0012962534 0.70185578
vn 0.71193665 0.0016145178 0.70224178
vn 0.71386814 0 0.70028013
vn 0.72725439 -0.68636799 7.0579837e-08
vn 0.88580668 -0.46405381 -0.0007801819
vn 0.87306386 -0.48760557 -0.0003841198
vn 0.68301344 -0.73040575 1.9119557e-07
vn 0.88580668 -0.46405381 -0.0007801819
vn 0.9514212 -0.30788714 -0.0017896661
vn 0.94724578 -0.32050374 -0.0017064927
vn 0.87306386 -0.48760557 -0.0003841198
vn 0.34694636 -0.93788499 -3.971234e-08
vn 0.52467281 -0.85130394 6.9796918e-08
vn 0.49109793 -0.87110448 7.8303515e-08
vn 0.29801714 -0.95456052 -1.1670753e-07
vn -0.52573192 -0.85065025 -1.1575715e-06
vn -0.7264533 -0.68721581 -5.6098412e-07
vn -0.7264536 -0.68721551 -3.201136e-07
vn -0.5257324 -0.85065001 -1.444041e-06
vn -0.88468546 -0.4661878 -0.00078054389
vn -0.95142108 -0.30788752 -0.0017908494
vn -0.9516167 -0.3072874 2.3273133e-06
vn -0.88484156 -0.46589202 2.053216e-07
vn -0.34694663 -0.93788475 -1.4042964e-06
vn -0.52573192 -0.85065025 -1.1575715e-06
vn -0.5257324 -0.85065001 -1.444041e-06
vn -0.34694692 -0.93788481 -1.9962745e-06
vn -3.7157653e-07 -1 -6.8664338e-07
vn 0.34694636 -0.93788499 -3.971234e-08
vn 0.29801714 -0.95456052 -1.1670753e-07
vn -4.6047518e-07 -1 2.7446459e-14
vn 0.9514212 -0.30788714 -0.0017896661
vn 0.99147052 -0.13032934 -0.00081807974
vn 0.94724578 -0.32050374 -0.0017064927
vn 0.52467281 -0.85130394 6.9796918e-08
vn 0.72725439 -0.68636799 7.0579837e-08
vn 0.68301344 -0.73040575 1.9119557e-07
vn 0.49109793 -0.87110448 7.8303515e-08
vn -3.7157653e-07 -1 -6.8664338e-07
vn -0.34694663 -0.93788475 -1.4042964e-06
vn -0.34694692 -0.93788481 -1.9962745e-06
vn -4.3513577e-07 -1 -1.5139159e-06
vn -0.7264533 -0.68721581 -5.6098412e-07
vn -0.88468546 -0.4661878 -0.00078054389
vn -0.88484156 -0.46589202 2.053216e-07
vn -0.7264536 -0.68721551 -3.201136e-07
vn -0.95142108 -0.30788752 -0.0017908494
vn -0.99147034 -0.13032974 -0.00081784086
vn -0.99254745 -0.12185818 2.7124561e-06
vn -0.9516167 -0.3072874 2.3273133e-06
vn 2.2628382e-07 -0.46657145 -0.88448346
vn 0 -0.68721497 -0.72645414
vn 0 -0.7302587 -0.68317062
vn 3.3362431e-07 -0.49030086 -0.87155324
vn 0 -0.68721497 0.72645402
vn -9.9427517e-08 -0.85064995 0.52573246
vn 0 -0.85064971 0.52573287
vn 0 -0.68721443 0.72645456
vn 0 -0.30784306 0.95143718
vn 0 -0.46657187 0.8844834
vn 0 -0.46657148 0.88448352
vn 0 -0.30784285 0.95143718
vn -1.7890936e-07 -0.93788499 0.34694633
vn 5.3878085e-10 -1 -2.4934738e-07
vn 0 -1 -5.8669968e-07
vn 0 -0.93788499 0.34694627
vn 0 -0.68721497 -0.72645414
vn 1.0032832e-07 -0.85065019 -0.5257321
vn 2.8770523e-07 -0.87059861 -0.49199402
vn 0 -0.7302587 -0.68317062
vn 2.7592898e-07 -0.12968813 -0.99155486
vn 3.7441947e-07 -0.3078433 -0.95143712
vn 5.3335316e-07 -0.31993565 -0.94743931
vn 1.0032832e-07 -0.85065019 -0.5257321
vn 1.8033774e-07 -0.93788511 -0.34694603
vn 3.4102106e-07 -0.9543156 -0.29880065
vn 2.8770523e-07 -0.87059861 -0.49199402
vn 3.7441947e-07 -0.3078433 -0.95143712
vn 2.2628382e-07 -0.46657145 -0.88448346
vn 3.3362431e-07 -0.49030086 -0.87155324
vn 5.3335316e-07 -0.31993565 -0.94743931
vn 1.8033774e-07 -0.93788511 -0.34694603
vn 5.3878085e-10 -1 -2.4934738e-07
vn -3.9159844e-09 -0.99999273 0.0038289754
vn 3.4102106e-07 -0.9543156 -0.29880065
vn 0 -0.46657187 0.8844834
vn 0 -0.68721497 0.72645402
vn 0 -0.68721443 0.72645456
vn 0 -0.46657148 0.88448352
vn 0 -0.12968723 0.99155498
vn 0 -0.30784306 0.95143718
vn 0 -0.30784285 0.95143718
vn 0 -0.12121699 0.99262601
vn -9.9427517e-08 -0.85064995 0.52573246
vn -1.7890936e-07 -0.93788499 0.34694633
vn 0 -0.93788499 0.34694627
vn 0 -0.85064971 0.52573287
vn 0 -0.9377622 0.34727791
vn -5.6607564e-07 -0.99999994 -0.00024828571
vn -5.65714e-07 -0.99999982 -0.0004959589
vn -1.8160621e-07 -0.9377622 0.34727785
vn 0.29801694 -0.95456058 -1.8918239e-07
vn 0.4916454 -0.87079543 -1.4197786e-07
vn 0.52573234 -0.85065007 5.5554555e-08
vn 0.34694603 -0.93788511 -6.2033777e-08
vn 0.4916454 -0.87079543 -1.4197786e-07
vn 0.68317103 -0.73025846 1.5917567e-07
vn 0.72645426 -0.68721479 3.346052e-07
vn 0.52573234 -0.85065007 5.5554555e-08
vn 0.68317103 -0.73025846 1.5917567e-07
vn 0.87158668 -0.49024111 0.00037891921
vn 0.88468343 -0.46619153 0.00077693484
vn 0.72645426 -0.68721479 3.346052e-07
vn 0.87158668 -0.49024111 0.00037891921
vn 0.94819343 -0.31768942 0.0016705455
vn 0.95222062 -0.30541092 7.6864317e-06
vn 0.88468343 -0.46619153 0.00077693484
vn 0.94819343 -0.31768942 0.0016705455
vn 0.99122226 -0.13207275 -0.0059334515
vn 0.95222062 -0.30541092 7.6864317e-06
vn -4.1250902e-07 -1 1.2715579e-09
vn -0.2980175 -0.9545604 2.0448309e-07
vn -0.34694636 -0.93788493 -1.2639376e-06
vn -2.6401491e-07 -1 -7.3369125e-07
vn -2.8600078e-07 -0.87079531 0.49164563
vn -9.9427517e-08 -0.85065007 0.52573234
vn 0 -0.68721533 0.72645366
vn 0 -0.73025864 0.68317068
vn 0 -0.73025864 0.68317068
vn 0 -0.68721533 0.72645366
vn 0 -0.46657234 0.88448298
vn 0 -0.49030107 0.87155306
vn 0 -0.49030107 0.87155306
vn 0 -0.46657234 0.88448298
vn 0 -0.30784309 0.95143712
vn 0 -0.31993559 0.94743937
vn 0 -0.31993559 0.94743937
vn 0 -0.30784309 0.95143712
vn 0 -0.12968729 0.99155498
vn 0.3469463 -0.93788499 -8.137531e-07
vn 0.52520269 -0.85097718 -7.0608667e-07
vn 0.52467293 -0.85130388 9.2856446e-08
vn 0.34694639 -0.93788499 -4.5004661e-08
vn -5.671431e-07 -1 2.3313354e-15
vn -0.3469463 -0.93788505 -9.1749239e-09
vn -0.34694612 -0.93788505 8.3354564e-08
vn -2.737932e-07 -1 7.8682559e-15
vn 3.4282104e-07 -0.9545604 -0.29801738
vn -8.8034051e-07 -0.93788511 -0.34694621
vn -4.0730302e-07 -0.85065013 -0.5257321
vn 2.9243961e-07 -0.87115604 -0.49100637
vn 2.9243961e-07 -0.87115604 -0.49100637
vn -4.0730302e-07 -0.85065013 -0.5257321
vn 0 -0.68721515 -0.7264539
vn 0 -0.72913748 -0.68436724
vn 0 -0.72913748 -0.68436724
vn 0 -0.68721515 -0.7264539
vn -0.00075773551 -0.46621037 -0.88467354
vn -0.00035526729 -0.48959598 -0.87194932
vn -0.00035526729 -0.48959598 -0.87194932
vn -0.00075773551 -0.46621037 -0.88467354
vn -0.0017879365 -0.3079029 -0.95141613
vn -0.0016558564 -0.32052886 -0.94723731
vn -0.0016558564 -0.32052886 -0.94723731
vn -0.0017879365 -0.3079029 -0.95141613
vn -0.0008264319 -0.13032497 -0.99147105
vn 4.7966161e-08 -0.99999994 -3.6595276e-14
vn 0.29801694 -0.95456058 -1.8918239e-07
vn 0.34694603 -0.93788511 -6.2033777e-08
vn -2.737932e-07 -1 7.8682559e-15
vn -0.49164528 -0.87079555 -1.7004494e-08
vn -0.68316966 -0.73025966 -6.9973549e-07
vn -0.72645336 -0.68721581 -9.1591289e-07
vn -0.5257318 -0.85065037 -1.0701236e-06
vn -0.68316966 -0.73025966 -6.9973549e-07
vn -0.87158805 -0.49023888 -0.00038479434
vn -0.88468546 -0.46618775 -0.00078057067
vn -0.72645336 -0.68721581 -9.1591289e-07
vn -0.87158805 -0.49023888 -0.00038479434
vn -0.94724554 -0.3205044 -0.0017083968
vn -0.95142108 -0.30788746 -0.0017903263
vn -0.88468546 -0.46618775 -0.00078057067
vn -0.94724554 -0.3205044 -0.0017083968
vn -0.99147052 -0.13032924 -0.00081807422
vn -0.95142108 -0.30788746 -0.0017903263
vn -0.2980175 -0.9545604 2.0448309e-07
vn -0.49164528 -0.87079555 -1.7004494e-08
vn -0.5257318 -0.85065037 -1.0701236e-06
vn -0.34694636 -0.93788493 -1.2639376e-06
vn -0.88483995 -0.46589383 0.001039213
vn -0.9516148 -0.30728865 0.0017122031
vn -0.95142019 -0.30789053 0.0017906852
vn -0.88468313 -0.4661921 0.00077625434
vn -0.5257321 -0.85065025 -1.2081858e-07
vn -0.7264539 -0.68721527 -1.2208287e-07
vn -0.72645372 -0.68721527 -1.8307207e-07
vn -0.52573216 -0.85065019 -5.1857047e-08
vn -0.9516148 -0.30728865 0.0017122031
vn -0.99254739 -0.12185732 0.00068200135
vn -0.99147052 -0.13032885 0.00082038128
vn -0.95142019 -0.30789053 0.0017906852
vn -0.7264539 -0.68721527 -1.2208287e-07
vn -0.88483995 -0.46589383 0.001039213
vn -0.88468313 -0.4661921 0.00077625434
vn -0.72645372 -0.68721527 -1.8307207e-07
vn -3.3819833e-07 -0.95456046 0.29801741
vn -1.789094e-07 -0.93788499 0.3469463
vn -9.9427517e-08 -0.85065007 0.52573234
vn -2.8600078e-07 -0.87079531 0.49164563
vn -0.0017324571 -0.30730209 0.95161039
vn -0.00051955797 -0.4662441 0.88465589
vn -0.00075815967 -0.46621081 0.88467336
vn -0.0017889146 -0.3079035 0.95141602
vn 0 -0.68721533 0.72645372
vn 0 -0.85042679 0.52609342
vn -1.0143216e-07 -0.85020316 0.52645481
vn 0 -0.68721503 0.72645402
vn -3.1290662e-07 -1 -1.5192957e-06
vn 0.3469463 -0.93788499 -8.137531e-07
vn 0.34694639 -0.93788499 -4.5004661e-08
vn -2.6401491e-07 -1 -7.3369125e-07
vn -0.00035112296 -0.12153219 0.99258745
vn -0.0017324571 -0.30730209 0.95161039
vn -0.0017889146 -0.3079035 0.95141602
vn -0.00082752423 -0.13032502 0.99147099
vn -0.00051955797 -0.4662441 0.88465589
vn 0 -0.68721533 0.72645372
vn 0 -0.68721503 0.72645402
vn -0.00075815967 -0.46621081 0.88467336
vn 0 -0.85042679 0.52609342
vn 0 -0.9377622 0.34727791
vn -1.8160621e-07 -0.9377622 0.34727785
vn -1.0143216e-07 -0.85020316 0.52645481
vn 0.95188302 -0.30645657 -0.001784721
vn 0.9924314 -0.12274709 -0.0036224704
vn 0.99147046 -0.13032927 -0.00081869721
vn 0.95142096 -0.30788773 -0.0017908551
vn 0.72725433 -0.68636811 1.2351424e-07
vn 0.88540256 -0.464825 2.0420694e-07
vn 0.88580644 -0.46405435 -0.00078018202
vn 0.72725415 -0.68636829 9.7047042e-08
vn -0.3469463 -0.93788505 -9.1749239e-09
vn -0.5257321 -0.85065025 -1.2081858e-07
vn -0.52573216 -0.85065019 -5.1857047e-08
vn -0.34694612 -0.93788505 8.3354564e-08
vn 0.88540256 -0.464825 2.0420694e-07
vn 0.95188302 -0.30645657 -0.001784721
vn 0.95142096 -0.30788773 -0.0017908551
vn 0.88580644 -0.46405435 -0.00078018202
vn 0.52520269 -0.85097718 -7.0608667e-07
vn 0.72725433 -0.68636811 1.2351424e-07
vn 0.72725415 -0.68636829 9.7047042e-08
vn 0.52467293 -0.85130388 9.2856446e-08
vn 2.4584076e-10 -1 -0.00018691835
vn -5.65714e-07 -0.99999982 -0.0004959589
vn -8.8034051e-07 -0.93788511 -0.34694621
vn 3.4282104e-07 -0.9545604 -0.29801738
vn -0.00035040185 -0.12153276 -0.99258733
vn 2.9638309e-07 -0.30784342 -0.95143706
vn 3.7441961e-07 -0.30784318 -0.95143712
vn 2.759293e-07 -0.12968819 -0.9915548
vn -0.00051913393 -0.46624368 -0.88465619
vn 0 -0.68721527 -0.72645372
vn 0 -0.68721527 -0.72645372
vn 2.2628387e-07 -0.46657184 -0.88448328
vn -5.0839941e-07 -0.85065025 -0.52573204
vn -1.061894e-06 -0.93788499 -0.34694636
vn 1.8033762e-07 -0.93788505 -0.34694615
vn 1.0032831e-07 -0.85065025 -0.52573192
vn -3.9160022e-09 -0.99999267 0.0038290229
vn 5.3878085e-10 -1 -3.2757401e-07
vn -1.789094e-07 -0.93788499 0.3469463
vn -3.3819833e-07 -0.95456046 0.29801741
vn 2.9638309e-07 -0.30784342 -0.95143706
vn -0.00051913393 -0.46624368 -0.88465619
vn 2.2628387e-07 -0.46657184 -0.88448328
vn 3.7441961e-07 -0.30784318 -0.95143712
vn 0 -0.68721527 -0.72645372
vn -5.0839941e-07 -0.85065025 -0.52573204
vn 1.0032831e-07 -0.85065025 -0.52573192
vn 0 -0.68721527 -0.72645372
vn -1.061894e-06 -0.93788499 -0.34694636
vn -5.6607558e-07 -0.99999994 -0.00024831016
vn 5.3878085e-10 -1 -3.2757401e-07
vn 1.8033762e-07 -0.93788505 -0.34694615
vn -0.7069537 -0.00021425851 -0.70725971
vn -0.71696675 0.0010070145 -0.69710666
vn -0.71693927 0.0010076829 -0.69713491
vn -0.70695299 -0.000215117 -0.70726055
vn 0.69956857 -0.028055452 -0.71401459
vn 0.70369864 -0.011911678 -0.71039885
vn 0.70369983 -0.011906601 -0.7103976
vn 0.69956857 -0.028055452 -0.71401459
vn 0.70816112 -0.0055088624 0.70602947
vn 0.70714891 0.00095287978 0.70706397
vn 0.70714855 0.00095042743 0.70706433
vn 0.70816547 -0.0055187913 0.70602489
vn 0.71064174 -0.014036272 -0.70341408
vn 0.71402001 -0.028072678 -0.69956213
vn 0.71402001 -0.028072678 -0.69956213
vn 0.71064055 -0.014031877 -0.70341527
vn -0.69955993 -0.028086388 0.71402174
vn -0.70341092 -0.014044783 0.71064472
vn -0.70341223 -0.014040085 0.71064359
vn -0.69955993 -0.028086388 0.71402174
vn 0.70710492 1.6541394e-06 -0.70710862
vn 0.71064174 -0.014036272 -0.70341408
vn 0.71064055 -0.014031877 -0.70341527
vn 0.70710504 1.6549478e-06 -0.70710862
vn -0.70607895 -0.00098864897 -0.70813239
vn -0.7069537 -0.00021425851 -0.70725971
vn -0.70695299 -0.000215117 -0.70726055
vn -0.70607883 -0.00098878099 -0.70813251
vn -0.70952266 -0.0090958364 0.70462382
vn -0.71084082 -0.015995022 0.70317107
vn -0.71083987 -0.015991548 0.70317209
vn -0.70952624 -0.0091052037 0.70462
vn -0.70341092 -0.014044783 0.71064472
vn -0.70710504 -1.566513e-06 0.70710844
vn -0.70710504 -1.5657477e-06 0.7071085
vn -0.70341223 -0.014040085 0.71064359
vn 0.70714891 0.00095287978 0.70706397
vn 0.70699513 0.002307639 0.70721465
vn 0.70699441 0.0023050075 0.70721537
vn 0.70714855 0.00095042743 0.70706433
vn 0.70369864 -0.011911678 -0.71039885
vn 0.70442301 0.01349691 -0.70965213
vn 0.70443434 0.01346428 -0.7096414
vn 0.70369983 -0.011906601 -0.7103976
vn 0.70710623 0 -0.70710731
vn 0.70710492 1.6541394e-06 -0.70710862
vn 0.70710504 1.6549478e-06 -0.70710862
vn 0.70710623 0 -0.70710737
vn -0.70839912 0.001307589 -0.70581079
vn -0.70607895 -0.00098864897 -0.70813239
vn -0.70607883 -0.00098878099 -0.70813251
vn -0.70840204 0.0013100733 -0.70580786
vn -0.71403128 -0.012699457 0.69999856
vn -0.70952266 -0.0090958364 0.70462382
vn -0.70952624 -0.0091052037 0.70462
vn -0.71404237 -0.012694022 0.69998741
vn -0.70710504 -1.566513e-06 0.70710844
vn -0.7071054 -3.2767653e-07 0.70710808
vn -0.70710552 -3.2775151e-07 0.70710808
vn -0.70710504 -1.5657477e-06 0.7071085
vn 0.70699513 0.002307639 0.70721465
vn 0.70515573 0.0016365845 0.7090506
vn 0.70515376 0.0016385664 0.70905256
vn 0.70699441 0.0023050075 0.70721537
vn 0.70442301 0.01349691 -0.70965213
vn 0.7158488 0.0072680684 -0.69821751
vn 0.71580189 0.0073181773 -0.69826502
vn 0.70443434 0.01346428 -0.7096414
vn 0.70710629 8.7509642e-07 -0.70710725
vn 0.70710623 0 -0.70710731
vn 0.70710623 0 -0.70710737
vn 0.70710629 8.7565979e-07 -0.70710731
vn -0.71232098 0.0012954584 -0.70185268
vn -0.70839912 0.001307589 -0.70581079
vn -0.70840204 0.0013100733 -0.70580786
vn -0.71193945 0.0016135279 -0.70223904
vn -0.7141481 -0.0068328916 0.6999613
vn -0.71403128 -0.012699457 0.69999856
vn -0.71404237 -0.012694022 0.69998741
vn -0.71416128 -0.0068567237 0.69994771
vn -0.7071054 -3.2767653e-07 0.70710808
vn -0.70710593 3.6373987e-07 0.7071076
vn -0.70710599 3.6237958e-07 0.70710754
vn -0.70710552 -3.2775151e-07 0.70710808
vn 0.7158488 0.0072680684 -0.69821751
vn 0.72095042 -0.0029367497 -0.69298041
vn 0.72087479 -0.0028936476 -0.69305933
vn 0.71580189 0.0073181773 -0.69826502
vn 0.70515573 0.0016365845 0.7090506
vn 0.70185518 0.0012954595 0.71231848
vn 0.70224118 0.0016135229 0.71193731
vn 0.70515376 0.0016385664 0.70905256
vn 0.64424652 -0.41218144 0.64424592
vn 0.69736123 -0.16545315 0.69736123
vn 0.69736123 -0.16545315 0.69736123
vn 0.64424658 -0.41218138 0.64424598
vn 0.56896365 -0.59376943 0.56896251
vn 0.64424652 -0.41218144 0.64424592
vn 0.64424658 -0.41218138 0.64424598
vn 0.56896365 -0.59376925 0.56896257
vn 0.42859399 -0.79537153 0.42859221
vn 0.56896365 -0.59376943 0.56896251
vn 0.56896365 -0.59376925 0.56896257
vn 0.42859405 -0.79537141 0.42859235
vn 0.28375518 -0.91595131 0.28375372
vn 0.42859399 -0.79537153 0.42859221
vn 0.42859405 -0.79537141 0.42859235
vn 0.28375512 -0.91595131 0.28375372
vn 0.18050668 -0.96684927 0.18060994
vn 0.28375518 -0.91595131 0.28375372
vn 0.28375512 -0.91595131 0.28375372
vn 0.18050668 -0.96684927 0.18060994
vn -0.69736111 -0.1654534 0.69736129
vn -0.64424556 -0.41218174 0.6442467
vn -0.64424568 -0.4121812 0.64424682
vn -0.69736099 -0.16545339 0.69736123
vn -0.64424556 -0.41218174 0.6442467
vn -0.56896257 -0.59376872 0.56896418
vn -0.56896257 -0.59376872 0.56896418
vn -0.64424568 -0.4121812 0.64424682
vn -0.56896257 -0.59376872 0.56896418
vn -0.4285894 -0.795376 0.42858854
vn -0.42859623 -0.79536861 0.42859539
vn -0.56896257 -0.59376872 0.56896418
vn -0.4285894 -0.795376 0.42858854
vn -0.28339708 -0.91586685 0.28438357
vn -0.28337345 -0.91588128 0.28436044
vn -0.42859623 -0.79536861 0.42859539
vn -0.28339708 -0.91586685 0.28438357
vn -0.1800942 -0.96673107 0.18165143
vn -0.17954732 -0.96693611 0.1811004
vn -0.28337345 -0.91588128 0.28436044
vn 0.64423913 -0.41219684 -0.64424348
vn 0.69736117 -0.16545236 -0.69736129
vn 0.69736117 -0.16545236 -0.69736129
vn 0.64424509 -0.41217819 -0.64424944
vn 0.57061231 -0.59313333 -0.56797397
vn 0.64423913 -0.41219684 -0.64424348
vn 0.64424509 -0.41217819 -0.64424944
vn 0.57057983 -0.59319735 -0.56793976
vn 0.43155441 -0.79458886 -0.42707077
vn 0.57061231 -0.59313333 -0.56797397
vn 0.57057983 -0.59319735 -0.56793976
vn 0.4305923 -0.79562187 -0.42611727
vn 0.28015634 -0.91528398 -0.28942639
vn 0.43155441 -0.79458886 -0.42707077
vn 0.4305923 -0.79562187 -0.42611727
vn 0.27973047 -0.91551572 -0.28910515
vn 0.16964653 -0.96767575 -0.18661126
vn 0.28015634 -0.91528398 -0.28942639
vn 0.27973047 -0.91551572 -0.28910515
vn 0.17545007 -0.96539909 -0.19292974
vn -0.1800942 -0.96673107 0.18165143
vn -0.12303156 -0.98460561 0.12415655
vn -0.12303156 -0.98460561 0.12415655
vn -0.17954732 -0.96693611 0.1811004
vn 0.11616517 -0.98489833 -0.12837771
vn 0.16964653 -0.96767575 -0.18661126
vn 0.17545007 -0.96539909 -0.19292974
vn 0.11616517 -0.98489833 -0.12837771
vn -0.64420217 -0.4122777 -0.6442287
vn -0.69736147 -0.16545267 -0.69736111
vn -0.69736147 -0.16545267 -0.69736111
vn -0.64424402 -0.41214746 -0.64427036
vn -0.56113583 -0.59080106 -0.57972473
vn -0.64420217 -0.4122777 -0.6442287
vn -0.64424402 -0.41214746 -0.64427036
vn -0.56176102 -0.58978987 -0.58014864
vn -0.41708976 -0.79063112 -0.44826177
vn -0.56113583 -0.59080106 -0.57972473
vn -0.56176102 -0.58978987 -0.58014864
vn -0.411744 -0.79661536 -0.44257301
vn -0.27657682 -0.91651106 -0.28898576
vn -0.41708976 -0.79063112 -0.44826177
vn -0.411744 -0.79661536 -0.44257301
vn -0.27628422 -0.91671985 -0.28860289
vn -0.18051858 -0.96684474 -0.18062152
vn -0.27657682 -0.91651106 -0.28898576
vn -0.27628422 -0.91671985 -0.28860289
vn -0.18046498 -0.96686488 -0.18056801
vn 0.12364441 -0.9845674 0.12385125
vn 0.18050668 -0.96684927 0.18060994
vn 0.18050668 -0.96684927 0.18060994
vn 0.12364441 -0.9845674 0.12385125
vn -0.12361118 -0.98457742 -0.12380451
vn -0.18051858 -0.96684474 -0.18062152
vn -0.18046498 -0.96686488 -0.18056801
vn -0.12361118 -0.98457742 -0.12380451
vn -0.71084082 -0.015995022 0.70317107
vn -0.71394628 -0.027772034 0.69964951
vn -0.71394628 -0.027772034 0.69964951
vn -0.71083987 -0.015991548 0.70317209
vn -0.70548254 0.0014719561 -0.70872569
vn -0.70185214 0.0012957265 -0.71232146
vn -0.70223826 0.0016138623 -0.71194017
vn -0.70548004 0.001474199 -0.70872825
vn 0.71195376 -0.02207623 0.7018792
vn 0.70816112 -0.0055088624 0.70602947
vn 0.70816547 -0.0055187913 0.70602489
vn 0.71194166 -0.022006368 0.70189375
vn 0.70872283 0.0014725535 0.70548558
vn 0.70710528 -8.7509426e-07 0.70710826
vn 0.70710516 -8.7565735e-07 0.70710826
vn 0.70872533 0.0014747964 0.7054829
vn -0.71696675 0.0010070145 -0.69710666
vn -0.70470643 -0.0078576384 -0.70945543
vn -0.70461112 -0.0078964885 -0.70954973
vn -0.71693927 0.0010076829 -0.69713491
vn 0.70362109 -0.013136608 0.71045399
vn 0.70109433 -0.027785327 0.71252704
vn 0.70109433 -0.027785327 0.71252704
vn 0.70362079 -0.013138698 0.71045429
vn -0.70710695 -2.1139272e-06 -0.70710659
vn -0.70548254 0.0014719561 -0.70872569
vn -0.70548004 0.001474199 -0.70872825
vn -0.70710701 -2.1136932e-06 -0.70710665
vn -0.71404493 -0.028774967 -0.69950819
vn -0.71077138 -0.014809364 -0.70326716
vn -0.71076876 -0.014798569 -0.70327002
vn -0.71404493 -0.028774967 -0.69950819
vn 0.70710528 -8.7509426e-07 0.70710826
vn 0.70718384 0.00014411495 0.7070297
vn 0.70718384 0.00014411929 0.7070297
vn 0.70710516 -8.7565735e-07 0.70710826
vn 0.71419865 -0.035435427 0.6990456
vn 0.71195376 -0.02207623 0.7018792
vn 0.71194166 -0.022006368 0.70189375
vn 0.71419865 -0.035435427 0.6990456
vn -0.70470643 -0.0078576384 -0.70945543
vn -0.68302995 -0.016547658 -0.73020291
vn -0.68302995 -0.016547658 -0.73020291
vn -0.70461112 -0.0078964885 -0.70954973
vn -0.70718294 -0.00014535506 -0.70703059
vn -0.70710695 -2.1139272e-06 -0.70710659
vn -0.70710701 -2.1136932e-06 -0.70710665
vn -0.707183 -0.00014535904 -0.70703065
vn 0.70718384 0.00014411495 0.7070297
vn 0.70662493 0.00089820125 0.70758772
vn 0.70662469 0.00089840748 0.70758796
vn 0.70718384 0.00014411929 0.7070297
vn 0.71100438 0.0026266144 -0.70318276
vn 0.71232057 0.0012954553 -0.70185316
vn 0.71193904 0.0016135365 -0.70223945
vn 0.71100336 0.0026270931 -0.70318371
vn -0.70872444 0.0014713553 0.70548391
vn -0.71231866 0.0012951986 0.70185506
vn -0.71193719 0.0016132036 0.70224124
vn -0.70872694 0.0014735967 0.70548141
vn -0.70729995 -0.00056095468 -0.70691335
vn -0.70718294 -0.00014535506 -0.70703059
vn -0.707183 -0.00014535904 -0.70703065
vn -0.70730007 -0.00056114566 -0.70691329
vn -0.70185608 0.0012958589 0.71231765
vn -0.70775622 0.00032822855 0.70645672
vn -0.70775038 0.00033214968 0.70646256
vn -0.70224208 0.0016140211 0.71193635
vn 0.70662493 0.00089820125 0.70758772
vn 0.70362109 -0.013136608 0.71045399
vn 0.70362079 -0.013138698 0.71045429
vn 0.70662469 0.00089840748 0.70758796
vn 0.72095042 -0.0029367497 -0.69298041
vn 0.71100438 0.0026266144 -0.70318276
vn 0.71100336 0.0026270931 -0.70318371
vn 0.72087479 -0.0028936476 -0.69305933
vn -0.71077138 -0.014809364 -0.70326716
vn -0.70729995 -0.00056095468 -0.70691335
vn -0.70730007 -0.00056114566 -0.70691329
vn -0.71076876 -0.014798569 -0.70327002
vn -0.70710593 3.6373987e-07 0.7071076
vn -0.70872444 0.0014713553 0.70548391
vn -0.70872694 0.0014735967 0.70548141
vn -0.70710599 3.6237958e-07 0.70710754
vn -0.70775622 0.00032822855 0.70645672
vn -0.7141481 -0.0068328916 0.6999613
vn -0.71416128 -0.0068567237 0.69994771
vn -0.70775038 0.00033214968 0.70646256
vn 0.70552331 0.0014650178 -0.7086851
vn 0.70710629 8.7509642e-07 -0.70710725
vn 0.70710629 8.7565979e-07 -0.70710731
vn 0.70551604 0.0014717997 -0.70869249
vn 0.70550895 0.000104247 0.70870095
vn 0.70550895 0.000104247 0.70870095
vn 0.70550805 0.00010650326 0.70870179
vn 0.70550811 0.00010650205 0.70870179
vn -0.7009744 -0.0081822649 -0.71313947
vn -0.7009744 -0.0081822649 -0.71313947
vn -0.69955891 -0.0014362588 -0.7145735
vn -0.69955873 -0.0014354014 -0.71457368
vn -0.70743179 -1.9313433e-05 0.70678169
vn -0.70743179 -1.9313433e-05 0.70678169
vn -0.70743304 -1.8725443e-05 0.70678049
vn -0.70743299 -1.8725472e-05 0.70678049
vn 0.0008878599 -0.67106003 -0.74140245
vn 0.00088705804 -0.67197895 -0.74056977
vn 0.00096328545 -0.57059062 -0.82123417
vn 0.81381565 -0.58112127 0.0014762334
vn 0.8144958 -0.58016753 0.0014654095
vn 0.77845275 -0.62770158 0.0014014302
vn 0.73611343 -0.67685676 0.0013351197
vn -0.0012756992 -0.58021176 0.81446475
vn 0.00081499264 -0.67818052 0.73489487
vn 0.0014228012 -0.70474106 0.70946324
vn -0.81397492 -0.58089888 -0.0011837705
vn -0.73510867 -0.67794847 -0.001059927
vn -0.73527086 -0.67777246 -0.0010601804
vn 0.0014228012 -0.70474106 0.70946324
vn 0.00081499264 -0.67818052 0.73489487
vn 0.0031961196 -0.77720165 0.62924343
vn 0.0031961196 -0.77720165 0.62924343
vn -0.69955873 -0.0014354014 -0.71457368
vn -0.69955891 -0.0014362588 -0.7145735
vn -0.69660813 0.012126821 -0.71734935
vn 0.70707929 1.5609296e-05 -0.70713431
vn 0.70707923 1.5615689e-05 -0.70713425
vn 0.70708162 1.1842822e-05 -0.70713192
vn 0.70550811 0.00010650205 0.70870179
vn 0.70550805 0.00010650326 0.70870179
vn 0.70550632 0.00011103961 0.70870358
vn 0.70550632 0.00011103961 0.70870358
vn -0.70743299 -1.8725472e-05 0.70678049
vn -0.70743304 -1.8725443e-05 0.70678049
vn -0.70743543 -1.75432e-05 0.70677793
vn 0.0008878599 -0.67106003 -0.74140245
vn 0.0007826548 -0.77324045 -0.63411248
vn 0.00088705804 -0.67197895 -0.74056977
vn 0.77845275 -0.62770158 0.0014014302
vn 0.8144958 -0.58016753 0.0014654095
vn 0.8159799 -0.57807839 0.001441722
vn -0.73510867 -0.67794847 -0.001059927
vn -0.63093841 -0.77583241 -0.00089815672
vn -0.73527086 -0.67777246 -0.0010601804
vn 0.77845275 -0.62770158 0.0014014302
vn 0.63334125 -0.77387184 0.001148509
vn 0.73611343 -0.67685676 0.0013351197
vn 0.99230605 -0.12363426 -0.0065679038
vn 0.99122226 -0.13207275 -0.0059334515
vn 0.99994648 -0.0073164003 -0.0073155672
vn 0.99994648 -0.0073164003 -0.0073155672
vn -0.71232098 0.0012954584 -0.70185268
vn -0.71193945 0.0016135279 -0.70223904
vn -0.71387208 0 -0.70027614
vn -0.71387208 0 -0.70027614
vn 0 -0.12968729 0.99155498
vn -0.00035112296 -0.12153215 0.99258745
vn 0 0 1
vn 0 0 1
vn -0.00035040185 -0.12153276 -0.99258733
vn 2.759293e-07 -0.12968819 -0.9915548
vn 0 0 -1
vn 0 0 -1
vn -0.70223826 0.0016138623 -0.71194017
vn -0.70185214 0.0012957265 -0.71232146
vn -0.70027655 0 -0.71387166
vn -0.70027655 0 -0.71387166
vn 0.99147046 -0.13032927 -0.00081869721
vn 0.9924314 -0.12274709 -0.0036224704
vn 0.99998659 -0.0036578658 -0.0036585166
vn 1 3.8147252e-07 -1.5288937e-07
vn -0.69736147 -0.16545267 -0.69736111
vn -0.69736147 -0.16545267 -0.69736111
vn -0.70710683 0 -0.70710683
vn -0.70710683 0 -0.70710683
vn -0.71193719 0.0016132036 0.70224124
vn -0.71231866 0.0012951986 0.70185506
vn -0.71386927 0 0.70027894
vn -0.71386927 0 0.70027894
vn 0.70224118 0.0016135229 0.71193731
vn 0.70185518 0.0012954595 0.71231848
vn 0.70028019 0 0.7138682
vn 0.70028019 0 0.7138682
vn -0.99254763 -0.12185762 3.0099745e-06
vn -0.99147052 -0.13032924 -0.00081807422
vn -1 1.1444231e-06 0
vn -1 1.1444231e-06 8.3939415e-07
vn -0.69736111 -0.1654534 0.69736129
vn -0.69736099 -0.16545339 0.69736123
vn -0.70710683 0 0.70710683
vn -0.70710683 0 0.70710683
vn 0.71193904 0.0016135365 -0.70223945
vn 0.71232057 0.0012954553 -0.70185316
vn 0.71387154 0 -0.70027673
vn 0.71387154 0 -0.70027673
vn -0.0008264319 -0.13032497 -0.99147105
vn -0.00035040203 -0.1215328 -0.99258733
vn 0 0 -1
vn 0 0 -0.99999994
vn 0.69736117 -0.16545236 -0.69736129
vn 0.69736117 -0.16545236 -0.69736129
vn 0.70710683 0 -0.70710683
vn 0.70710683 0 -0.70710683
vn -0.99147052 -0.13032885 0.00082038128
vn -0.99254739 -0.12185732 0.00068200135
vn -1 0 0
vn -1 0 0
vn 0.69736123 -0.16545315 0.69736123
vn 0.69736123 -0.16545315 0.69736123
vn 0.70710683 0 0.70710683
vn 0.70710683 0 0.70710683
vn -0.00035112296 -0.12153219 0.99258745
vn -0.00082752423 -0.13032502 0.99147099
vn 0 0 1
vn 0 0 1
vn -0.70185608 0.0012958589 0.71231765
vn -0.70224208 0.0016140211 0.71193635
vn -0.70028073 0 0.71386755
vn -0.70028073 0 0.71386755
vn 0.7070781 1.7492601e-05 -0.70713544
vn 0.7070781 1.7492601e-05 -0.70713544
vn 0.70707923 1.5615689e-05 -0.70713425
vn 0.70707929 1.5609296e-05 -0.70713431
vn 0.34694603 -0.93788511 -6.2033777e-08
vn 0.52573234 -0.85065007 5.5554555e-08
vn 0.52573246 -0.85064995 1.883581e-07
vn 0.34694615 -0.93788499 7.6845637e-08
vn 0.72645426 -0.68721479 3.346052e-07
vn 0.88468343 -0.46619153 0.00077693484
vn 0.88484025 -0.46589342 0.0010399984
vn 0.72645426 -0.68721479 4.6068081e-07
vn 0.95222062 -0.30541092 7.6864317e-06
vn 0.99122226 -0.13207275 -0.0059334515
vn 0.99230605 -0.12363426 -0.0065679038
vn 0.95214939 -0.3056272 -0.0018611681
vn 0.7018804 0.0012879827 -0.71229368
vn 0.70552331 0.0014650178 -0.7086851
vn 0.70551604 0.0014717997 -0.70869249
vn 0.70227957 0.0016093254 -0.71189946
vn -0.52573216 -0.85065019 -5.1857047e-08
vn -0.72645372 -0.68721527 -1.8307207e-07
vn -0.68317056 -0.73025882 -2.072977e-07
vn -0.49164546 -0.87079543 8.6351179e-08
vn -0.72645372 -0.68721527 -1.8307207e-07
vn -0.88468313 -0.4661921 0.00077625434
vn -0.87158626 -0.49024206 0.00037831508
vn -0.68317056 -0.73025882 -2.072977e-07
vn 0.70027733 0 -0.71387094
vn 0.7018804 0.0012879827 -0.71229368
vn 0.70227957 0.0016093254 -0.71189946
vn 0.70027733 0 -0.71387094
vn 0.52573234 -0.85065007 5.5554555e-08
vn 0.72645426 -0.68721479 3.346052e-07
vn 0.72645426 -0.68721479 4.6068081e-07
vn 0.52573246 -0.85064995 1.883581e-07
vn 0.88468343 -0.46619153 0.00077693484
vn 0.95222062 -0.30541092 7.6864317e-06
vn 0.95214939 -0.3056272 -0.0018611681
vn 0.88484025 -0.46589342 0.0010399984
vn -0.34694612 -0.93788505 8.3354564e-08
vn -0.52573216 -0.85065019 -5.1857047e-08
vn -0.49164546 -0.87079543 8.6351179e-08
vn -0.29801697 -0.95456058 1.7596909e-07
vn -2.737932e-07 -1 7.8682559e-15
vn -0.34694612 -0.93788505 8.3354564e-08
vn -0.29801697 -0.95456058 1.7596909e-07
vn 4.7966161e-08 -0.99999994 -3.6595276e-14
vn -2.737932e-07 -1 7.8682559e-15
vn 0.34694603 -0.93788511 -6.2033777e-08
vn 0.34694615 -0.93788499 7.6845637e-08
vn -5.671431e-07 -1 2.3313354e-15
vn -0.88468313 -0.4661921 0.00077625434
vn -0.95142019 -0.30789053 0.0017906852
vn -0.94724399 -0.32050896 0.001698937
vn -0.87158626 -0.49024206 0.00037831508
vn -0.95142019 -0.30789053 0.0017906852
vn -0.99147052 -0.13032885 0.00082038128
vn -0.94724399 -0.32050896 0.001698937
vn 0 -0.68721503 0.72645402
vn -1.0143216e-07 -0.85020316 0.52645481
vn -2.9183096e-07 -0.8702051 0.49268952
vn 0 -0.73025846 0.68317097
vn -0.00082752423 -0.13032502 0.99147099
vn -0.0017889146 -0.3079035 0.95141602
vn -0.0016558561 -0.32053015 0.9472369
vn -1.0143216e-07 -0.85020316 0.52645481
vn -1.8160621e-07 -0.9377622 0.34727785
vn -3.422671e-07 -0.95466077 0.29769582
vn -2.9183096e-07 -0.8702051 0.49268952
vn -8.8034051e-07 -0.93788511 -0.34694621
vn -5.65714e-07 -0.99999982 -0.0004959589
vn -5.6607564e-07 -0.99999994 -0.00024828571
vn -1.0618941e-06 -0.93788505 -0.34694615
vn -4.0730302e-07 -0.85065013 -0.5257321
vn -8.8034051e-07 -0.93788511 -0.34694621
vn -1.0618941e-06 -0.93788505 -0.34694615
vn -5.0839947e-07 -0.85065031 -0.52573192
vn -0.00075773551 -0.46621037 -0.88467354
vn 0 -0.68721515 -0.7264539
vn 0 -0.68721527 -0.72645372
vn -0.00051913393 -0.46624368 -0.88465619
vn -0.0008264319 -0.13032497 -0.99147105
vn -0.0017879365 -0.3079029 -0.95141613
vn -0.0017304707 -0.30730224 -0.95161039
vn -0.00035040203 -0.1215328 -0.99258733
vn 0.712318 0.0012962522 0.70185566
vn 0.70872283 0.0014725535 0.70548558
vn 0.70872533 0.0014747964 0.7054829
vn 0.71193665 0.0016145165 0.70224196
vn -0.0017889146 -0.3079035 0.95141602
vn -0.00075815967 -0.46621081 0.88467336
vn -0.00035177008 -0.49025324 0.87157989
vn -0.0016558561 -0.32053015 0.9472369
vn -0.00075815967 -0.46621081 0.88467336
vn 0 -0.68721503 0.72645402
vn 0 -0.73025846 0.68317097
vn -0.00035177008 -0.49025324 0.87157989
vn -1.8160621e-07 -0.9377622 0.34727785
vn -5.65714e-07 -0.99999982 -0.0004959589
vn 2.4584076e-10 -1 -0.00018691835
vn -3.422671e-07 -0.95466077 0.29769582
vn 0 -0.68721515 -0.7264539
vn -4.0730302e-07 -0.85065013 -0.5257321
vn -5.0839947e-07 -0.85065031 -0.52573192
vn 0 -0.68721527 -0.72645372
vn -0.0017879365 -0.3079029 -0.95141613
vn -0.00075773551 -0.46621037 -0.88467354
vn -0.00051913393 -0.46624368 -0.88465619
vn -0.0017304707 -0.30730224 -0.95161039
vn 0.71386874 0 0.70027959
vn 0.712318 0.0012962522 0.70185566
vn 0.71193665 0.0016145165 0.70224196
vn 0.71386874 0 0.70027959
vn 0.72725415 -0.68636829 9.7047042e-08
vn 0.88580644 -0.46405435 -0.00078018202
vn 0.87306362 -0.48760623 -0.00038411989
vn 0.68301332 -0.73040587 9.5597805e-08
vn 0.88580644 -0.46405435 -0.00078018202
vn 0.95142096 -0.30788773 -0.0017908551
vn 0.94724542 -0.32050461 -0.0017084087
vn 0.87306362 -0.48760623 -0.00038411989
vn 0.34694639 -0.93788499 -4.5004661e-08
vn 0.52467293 -0.85130388 9.2856446e-08
vn 0.49109778 -0.87110442 -6.8285303e-08
vn 0.29801717 -0.95456052 -1.7630242e-07
vn -0.5257318 -0.85065037 -1.0701236e-06
vn -0.72645336 -0.68721581 -9.1591289e-07
vn -0.72645354 -0.68721563 -8.7244706e-07
vn -0.5257321 -0.85065031 -1.5632925e-06
vn -0.88468546 -0.46618775 -0.00078057067
vn -0.95142108 -0.30788746 -0.0017903263
vn -0.95161682 -0.30728731 2.739951e-06
vn -0.88484168 -0.46589199 -1.0421596e-07
vn -0.34694636 -0.93788493 -1.2639376e-06
vn -0.5257318 -0.85065037 -1.0701236e-06
vn -0.5257321 -0.85065031 -1.5632925e-06
vn -0.34694657 -0.93788487 -2.0312568e-06
vn -2.6401491e-07 -1 -7.3369125e-07
vn 0.34694639 -0.93788499 -4.5004661e-08
vn 0.29801717 -0.95456052 -1.7630242e-07
vn -4.1250902e-07 -1 1.2715579e-09
vn 0.95142096 -0.30788773 -0.0017908551
vn 0.99147046 -0.13032927 -0.00081869721
vn 0.94724542 -0.32050461 -0.0017084087
vn 0.52467293 -0.85130388 9.2856446e-08
vn 0.72725415 -0.68636829 9.7047042e-08
vn 0.68301332 -0.73040587 9.5597805e-08
vn 0.49109778 -0.87110442 -6.8285303e-08
vn -2.6401491e-07 -1 -7.3369125e-07
vn -0.34694636 -0.93788493 -1.2639376e-06
vn -0.34694657 -0.93788487 -2.0312568e-06
vn -3.1290662e-07 -1 -1.5192957e-06
vn -0.72645336 -0.68721581 -9.1591289e-07
vn -0.88468546 -0.46618775 -0.00078057067
vn -0.88484168 -0.46589199 -1.0421596e-07
vn -0.72645354 -0.68721563 -8.7244706e-07
vn -0.95142108 -0.30788746 -0.0017903263
vn -0.99147052 -0.13032924 -0.00081807422
vn -0.99254763 -0.12185762 3.0099745e-06
vn -0.95161682 -0.30728731 2.739951e-06
vn 2.2628387e-07 -0.46657184 -0.88448328
vn 0 -0.68721527 -0.72645372
vn 0 -0.7302587 -0.68317068
vn 3.3362431e-07 -0.4903008 -0.87155324
vn 0 -0.68721533 0.72645366
vn -9.9427517e-08 -0.85065007 0.52573234
vn 0 -0.85042667 0.52609354
vn 0 -0.68721533 0.72645372
vn 0 -0.30784309 0.95143712
vn 0 -0.46657234 0.88448298
vn -0.00051955797 -0.4662441 0.88465589
vn 0 -0.30784318 0.95143712
vn -1.789094e-07 -0.93788499 0.3469463
vn 5.3878085e-10 -1 -3.2757401e-07
vn -5.6607558e-07 -0.99999994 -0.00024831016
vn 0 -0.93788499 0.34694621
vn 0 -0.68721527 -0.72645372
vn 1.0032831e-07 -0.85065025 -0.52573192
vn 2.8770515e-07 -0.87059861 -0.4919939
vn 0 -0.7302587 -0.68317068
vn 2.759293e-07 -0.12968819 -0.9915548
vn 3.7441961e-07 -0.30784318 -0.95143712
vn 5.3335316e-07 -0.3199352 -0.94743937
vn 1.0032831e-07 -0.85065025 -0.52573192
vn 1.8033762e-07 -0.93788505 -0.34694615
vn 3.4102092e-07 -0.9543156 -0.2988005
vn 2.8770515e-07 -0.87059861 -0.4919939
vn 3.7441961e-07 -0.30784318 -0.95143712
vn 2.2628387e-07 -0.46657184 -0.88448328
vn 3.3362431e-07 -0.4903008 -0.87155324
vn 5.3335316e-07 -0.3199352 -0.94743937
vn 1.8033762e-07 -0.93788505 -0.34694615
vn 5.3878085e-10 -1 -3.2757401e-07
vn -3.9160022e-09 -0.99999267 0.0038290229
vn 3.4102092e-07 -0.9543156 -0.2988005
vn 0 -0.46657234 0.88448298
vn 0 -0.68721533 0.72645366
vn 0 -0.68721533 0.72645372
vn -0.00051955797 -0.4662441 0.88465589
vn 0 -0.12968729 0.99155498
vn 0 -0.30784309 0.95143712
vn 0 -0.30784318 0.95143712
vn -0.00035112296 -0.12153215 0.99258745
vn -9.9427517e-08 -0.85065007 0.52573234
vn -1.789094e-07 -0.93788499 0.3469463
vn 0 -0.93788499 0.34694621
vn 0 -0.85042667 0.52609354
vn 0 -0.9377622 0.34727785
vn 0 -0.99999994 -0.00049540651
vn 3.2646769e-10 -0.99999994 -0.00049586606
vn -1.8160621e-07 -0.93776232 0.34727785
vn 0.29801682 -0.95456052 -1.962128e-07
vn 0.49164531 -0.87079555 -2.1556866e-07
vn 0.52573222 -0.85065007 -7.4941944e-08
vn 0.346946 -0.93788511 -1.1487651e-07
vn 0.49164531 -0.87079555 -2.1556866e-07
vn 0.68317068 -0.7302587 0
vn 0.72645426 -0.68721479 3.3859826e-07
vn 0.52573222 -0.85065007 -7.4941944e-08
vn 0.68317068 -0.7302587 0
vn 0.87158644 -0.4902418 0.00037870303
vn 0.88468337 -0.46619177 0.00077712937
vn 0.72645426 -0.68721479 3.3859826e-07
vn 0.87158644 -0.4902418 0.00037870303
vn 0.94819343 -0.31768942 0.0016725282
vn 0.95222056 -0.3054111 8.8809284e-06
vn 0.88468337 -0.46619177 0.00077712937
vn 0.94819343 -0.31768942 0.0016725282
vn 0.99122226 -0.13207275 -0.0059336745
vn 0.95222056 -0.3054111 8.8809284e-06
vn -4.6047518e-07 -1 2.7446459e-14
vn -0.29801759 -0.95456046 1.6942191e-07
vn -0.34694663 -0.93788475 -1.3298356e-06
vn -3.7157653e-07 -1 -6.1034967e-07
vn -2.8600073e-07 -0.87079525 0.49164566
vn -9.9427517e-08 -0.85065007 0.52573234
vn 0 -0.68721545 0.72645366
vn 0 -0.73025876 0.68317068
vn 0 -0.73025876 0.68317068
vn 0 -0.68721545 0.72645366
vn 0 -0.46657234 0.88448298
vn 0 -0.49030104 0.87155312
vn 0 -0.49030104 0.87155312
vn 0 -0.46657234 0.88448298
vn 0 -0.30784309 0.95143723
vn 0 -0.3199355 0.94743937
vn 0 -0.3199355 0.94743937
vn 0 -0.30784309 0.95143723
vn 0 -0.12968737 0.99155498
vn 0.34694645 -0.93788499 -7.1499187e-07
vn 0.52520269 -0.85097724 -5.1835082e-07
vn 0.52467299 -0.85130388 -5.6814616e-07
vn 0.34694657 -0.93788487 -3.6423535e-07
vn -5.5736479e-07 -1 0
vn -0.34694672 -0.93788481 0
vn -0.34694642 -0.93788499 8.984744e-08
vn -3.3735233e-07 -1 3.7301362e-14
vn 3.4282107e-07 -0.95456052 -0.29801747
vn 1.8155372e-07 -0.93788505 -0.34694621
vn 1.010964e-07 -0.85065013 -0.5257321
vn 2.9243972e-07 -0.87115592 -0.49100658
vn 2.9243972e-07 -0.87115592 -0.49100658
vn 1.010964e-07 -0.85065013 -0.5257321
vn 0 -0.68721527 -0.72645378
vn 0 -0.72913748 -0.68436724
vn 0 -0.72913748 -0.68436724
vn 0 -0.68721527 -0.72645378
vn -0.00075773499 -0.46621028 -0.88467354
vn -0.00035526764 -0.48959631 -0.87194926
vn -0.00035526764 -0.48959631 -0.87194926
vn -0.00075773499 -0.46621028 -0.88467354
vn -0.0017879419 -0.30790317 -0.95141596
vn -0.0016558663 -0.32052907 -0.94723731
vn -0.0016558663 -0.32052907 -0.94723731
vn -0.0017879419 -0.30790317 -0.95141596
vn -0.00082643318 -0.13032538 -0.99147099
vn 9.593232e-09 -0.99999994 -9.148819e-15
vn 0.29801682 -0.95456052 -1.962128e-07
vn 0.346946 -0.93788511 -1.1487651e-07
vn -3.3735233e-07 -1 3.7301362e-14
vn -0.49164531 -0.87079555 -1.3603616e-08
vn -0.68316972 -0.73025966 -8.2438885e-07
vn -0.72645319 -0.68721598 -1.3239207e-06
vn -0.5257321 -0.85065025 -1.4027024e-06
vn -0.68316972 -0.73025966 -8.2438885e-07
vn -0.87158793 -0.49023902 -0.00038589936
vn -0.8846854 -0.46618789 -0.0007810563
vn -0.72645319 -0.68721598 -1.3239207e-06
vn -0.87158793 -0.49023902 -0.00038589936
vn -0.9472456 -0.32050419 -0.001707566
vn -0.95142114 -0.30788711 -0.0017890683
vn -0.8846854 -0.46618789 -0.0007810563
vn -0.9472456 -0.32050419 -0.001707566
vn -0.99147046 -0.13032919 -0.00081718829
vn -0.95142114 -0.30788711 -0.0017890683
vn -0.29801759 -0.95456046 1.6942191e-07
vn -0.49164531 -0.87079555 -1.3603616e-08
vn -0.5257321 -0.85065025 -1.4027024e-06
vn -0.34694663 -0.93788475 -1.3298356e-06
vn -0.88483995 -0.46589404 0.0010389884
vn -0.95161486 -0.30728853 0.0017116844
vn -0.95142007 -0.30789042 0.0017901574
vn -0.88468307 -0.46619236 0.00077657634
vn -0.52573258 -0.85064995 0
vn -0.72645354 -0.68721563 0
vn -0.72645348 -0.68721569 0
vn -0.52573228 -0.85065001 4.9961333e-08
vn -0.95161486 -0.30728853 0.0017116844
vn -0.99254733 -0.12185759 0.00068170589
vn -0.99147046 -0.13032912 0.00081993942
vn -0.95142007 -0.30789042 0.0017901574
vn -0.72645354 -0.68721563 0
vn -0.88483995 -0.46589404 0.0010389884
vn -0.88468307 -0.46619236 0.00077657634
vn -0.72645348 -0.68721569 0
vn -3.3819848e-07 -0.95456046 0.29801753
vn -1.7890945e-07 -0.93788499 0.34694621
vn -9.9427517e-08 -0.85065007 0.52573234
vn -2.8600073e-07 -0.87079525 0.49164566
vn -0.001732455 -0.30730191 0.95161051
vn -0.0010391532 -0.46591517 0.88482887
vn -0.00075815857 -0.46621081 0.88467336
vn -0.0017889172 -0.30790377 0.95141584
vn 0 -0.68721533 0.72645372
vn 0 -0.85020357 0.52645409
vn -1.0143217e-07 -0.85020334 0.52645439
vn 0 -0.68721527 0.72645378
vn -4.3513577e-07 -1 -1.5128285e-06
vn 0.34694645 -0.93788499 -7.1499187e-07
vn 0.34694657 -0.93788487 -3.6423535e-07
vn -3.7157653e-07 -1 -6.1034967e-07
vn -0.00070227357 -0.121847 0.99254864
vn -0.001732455 -0.30730191 0.95161051
vn -0.0017889172 -0.30790377 0.95141584
vn -0.0008275258 -0.13032497 0.99147105
vn -0.0010391532 -0.46591517 0.88482887
vn 0 -0.68721533 0.72645372
vn 0 -0.68721527 0.72645378
vn -0.00075815857 -0.46621081 0.88467336
vn 0 -0.85020357 0.52645409
vn 0 -0.9377622 0.34727785
vn -1.8160621e-07 -0.93776232 0.34727785
vn -1.0143217e-07 -0.85020334 0.52645439
vn 0.95188302 -0.30645648 -0.0017848786
vn 0.9924314 -0.12274697 -0.0036226269
vn 0.9914704 -0.1303295 -0.00082009035
vn 0.95142102 -0.30788767 -0.0017916716
vn 0.72725391 -0.68636853 -4.9405708e-07
vn 0.88540262 -0.46482491 3.6866766e-07
vn 0.88580644 -0.46405432 -0.00078041042
vn 0.72725391 -0.68636847 -2.4702854e-07
vn -0.34694672 -0.93788481 0
vn -0.52573258 -0.85064995 0
vn -0.52573228 -0.85065001 4.9961333e-08
vn -0.34694642 -0.93788499 8.984744e-08
vn 0.88540262 -0.46482491 3.6866766e-07
vn 0.95188302 -0.30645648 -0.0017848786
vn 0.95142102 -0.30788767 -0.0017916716
vn 0.88580644 -0.46405432 -0.00078041042
vn 0.52520269 -0.85097724 -5.1835082e-07
vn 0.72725391 -0.68636853 -4.9405708e-07
vn 0.72725391 -0.68636847 -2.4702854e-07
vn 0.52467299 -0.85130388 -5.6814616e-07
vn 2.4593216e-10 -1 -0.00018699502
vn 3.2646769e-10 -0.99999994 -0.00049586606
vn 1.8155372e-07 -0.93788505 -0.34694621
vn 3.4282107e-07 -0.95456052 -0.29801747
vn -0.00035040203 -0.1215328 -0.99258733
vn 2.9638309e-07 -0.30784342 -0.95143706
vn 3.7441961e-07 -0.30784318 -0.95143712
vn 2.759293e-07 -0.12968819 -0.9915548
vn -0.00051913393 -0.46624368 -0.88465619
vn 0 -0.68721527 -0.72645372
vn 0 -0.68721533 -0.72645372
vn 2.2628387e-07 -0.46657184 -0.88448328
vn -5.0839947e-07 -0.85065031 -0.52573192
vn -1.0618941e-06 -0.93788505 -0.34694615
vn 1.8033761e-07 -0.93788511 -0.34694615
vn 1.0032832e-07 -0.85065025 -0.52573192
vn -3.9161705e-09 -0.99999273 0.0038291507
vn 5.3871563e-10 -1 -3.0801735e-07
vn -1.7890945e-07 -0.93788499 0.34694621
vn -3.3819848e-07 -0.95456046 0.29801753
vn 2.9638309e-07 -0.30784342 -0.95143706
vn -0.00051913393 -0.46624368 -0.88465619
vn 2.2628387e-07 -0.46657184 -0.88448328
vn 3.7441961e-07 -0.30784318 -0.95143712
vn 0 -0.68721527 -0.72645372
vn -5.0839947e-07 -0.85065031 -0.52573192
vn 1.0032832e-07 -0.85065025 -0.52573192
vn 0 -0.68721533 -0.72645372
vn -1.0618941e-06 -0.93788505 -0.34694615
vn -5.6607564e-07 -0.99999994 -0.00024828571
vn 5.3871563e-10 -1 -3.0801735e-07
vn 1.8033761e-07 -0.93788511 -0.34694615
vn -0.70695323 -0.00021425798 -0.70726013
vn -0.71696681 0.0010070148 -0.69710654
vn -0.71693933 0.001007683 -0.69713491
vn -0.70695245 -0.00021511555 -0.70726091
vn 0.69956857 -0.028053712 -0.71401465
vn 0.70369881 -0.011910805 -0.71039855
vn 0.70370007 -0.011905732 -0.71039742
vn 0.69956857 -0.028053712 -0.71401465
vn 0.70816201 -0.005509695 0.70602846
vn 0.70714915 0.0009528785 0.70706373
vn 0.70714891 0.00095042225 0.70706409
vn 0.70816648 -0.0055196257 0.70602399
vn 0.71064222 -0.014037144 -0.70341361
vn 0.71402019 -0.028074423 -0.69956207
vn 0.71402019 -0.028074423 -0.69956207
vn 0.71064109 -0.014032748 -0.70341474
vn -0.69956023 -0.028084662 0.7140215
vn -0.7034108 -0.014045574 0.71064478
vn -0.70341206 -0.014040874 0.71064365
vn -0.69956023 -0.028084662 0.7140215
vn 0.70710534 1.6541397e-06 -0.70710814
vn 0.71064222 -0.014037144 -0.70341361
vn 0.71064109 -0.014032748 -0.70341474
vn 0.70710534 1.6549512e-06 -0.70710814
vn -0.70607853 -0.00098864804 -0.70813292
vn -0.70695323 -0.00021425798 -0.70726013
vn -0.70695245 -0.00021511555 -0.70726091
vn -0.70607841 -0.00098877994 -0.70813292
vn -0.70952308 -0.009095842 0.70462358
vn -0.71084118 -0.015995909 0.70317066
vn -0.71084028 -0.015992427 0.70317167
vn -0.70952666 -0.0091052111 0.70461971
vn -0.7034108 -0.014045574 0.71064478
vn -0.70710438 -3.2206494e-06 0.70710915
vn -0.70710438 -3.2206922e-06 0.70710915
vn -0.70341206 -0.014040874 0.71064365
vn 0.70714915 0.0009528785 0.70706373
vn 0.70699435 0.002307636 0.70721543
vn 0.7069937 0.0023050064 0.70721614
vn 0.70714891 0.00095042225 0.70706409
vn 0.70369881 -0.011910805 -0.71039855
vn 0.70442355 0.013496919 -0.70965159
vn 0.70443493 0.01346429 -0.70964092
vn 0.70370007 -0.011905732 -0.71039742
vn 0.70710629 0 -0.70710719
vn 0.70710534 1.6541397e-06 -0.70710814
vn 0.70710534 1.6549512e-06 -0.70710814
vn 0.70710629 0 -0.70710719
vn -0.70839882 0.0013075876 -0.70581114
vn -0.70607853 -0.00098864804 -0.70813292
vn -0.70607841 -0.00098877994 -0.70813292
vn -0.70840174 0.0013100724 -0.70580828
vn -0.71402937 -0.012698808 0.70000046
vn -0.70952308 -0.009095842 0.70462358
vn -0.70952666 -0.0091052111 0.70461971
vn -0.71404052 -0.012693371 0.69998932
vn -0.70710438 -3.2206494e-06 0.70710915
vn -0.70710498 -3.2767613e-07 0.70710856
vn -0.70710498 -3.2774804e-07 0.7071085
vn -0.70710438 -3.2206922e-06 0.70710915
vn 0.70699435 0.002307636 0.70721543
vn 0.70515501 0.001636583 0.70905131
vn 0.70515299 0.0016385646 0.70905328
vn 0.7069937 0.0023050064 0.70721614
vn 0.70442355 0.013496919 -0.70965159
vn 0.71584928 0.0072680921 -0.69821703
vn 0.71580237 0.0073181679 -0.69826454
vn 0.70443493 0.01346429 -0.70964092
vn 0.70710623 0 -0.70710737
vn 0.70710629 0 -0.70710719
vn 0.70710629 0 -0.70710719
vn 0.70710617 0 -0.70710731
vn -0.71232074 0.0012954572 -0.70185298
vn -0.70839882 0.0013075876 -0.70581114
vn -0.70840174 0.0013100724 -0.70580828
vn -0.71193904 0.0016135266 -0.70223939
vn -0.71414322 -0.0068317847 0.69996613
vn -0.71402937 -0.012698808 0.70000046
vn -0.71404052 -0.012693371 0.69998932
vn -0.71415639 -0.0068556271 0.69995248
vn -0.70710498 -3.2767613e-07 0.70710856
vn -0.7071057 3.6374041e-07 0.70710784
vn -0.70710576 3.6238004e-07 0.70710784
vn -0.70710498 -3.2774804e-07 0.7071085
vn 0.71584928 0.0072680921 -0.69821703
vn 0.7209512 -0.002937177 -0.69297957
vn 0.72087556 -0.002894091 -0.69305849
vn 0.71580237 0.0073181679 -0.69826454
vn 0.70515501 0.001636583 0.70905131
vn 0.70185435 0.0012954584 0.71231937
vn 0.70224035 0.0016135216 0.71193808
vn 0.70515299 0.0016385646 0.70905328
vn 0.64424717 -0.4121812 0.64424562
vn 0.69736141 -0.16545336 0.69736093
vn 0.69736141 -0.16545336 0.69736093
vn 0.64424717 -0.41218111 0.64424562
vn 0.56896377 -0.59376901 0.56896269
vn 0.64424717 -0.4121812 0.64424562
vn 0.64424717 -0.41218111 0.64424562
vn 0.56896383 -0.59376884 0.56896281
vn 0.42859402 -0.79537135 0.42859244
vn 0.56896377 -0.59376901 0.56896269
vn 0.56896383 -0.59376884 0.56896281
vn 0.42859399 -0.79537141 0.42859235
vn 0.28375542 -0.91595119 0.28375399
vn 0.42859402 -0.79537135 0.42859244
vn 0.42859399 -0.79537141 0.42859235
vn 0.28375539 -0.91595119 0.28375396
vn 0.18050697 -0.96684915 0.18060996
vn 0.28375542 -0.91595119 0.28375399
vn 0.28375539 -0.91595119 0.28375396
vn 0.18050703 -0.96684909 0.18061002
vn -0.69735974 -0.16545267 0.69736266
vn -0.64424407 -0.41218096 0.64424872
vn -0.64424419 -0.41218042 0.64424884
vn -0.69735974 -0.16545267 0.69736266
vn -0.64424407 -0.41218096 0.64424872
vn -0.56896216 -0.59376997 0.56896341
vn -0.56896216 -0.59376997 0.56896341
vn -0.64424419 -0.41218042 0.64424884
vn -0.56896216 -0.59376997 0.56896341
vn -0.4285889 -0.79537702 0.4285872
vn -0.42859569 -0.79536974 0.42859399
vn -0.56896216 -0.59376997 0.56896341
vn -0.4285889 -0.79537702 0.4285872
vn -0.28339711 -0.91586685 0.28438336
vn -0.28337348 -0.9158814 0.28436026
vn -0.42859569 -0.79536974 0.42859399
vn -0.28339711 -0.91586685 0.28438336
vn -0.18009436 -0.96673107 0.18165129
vn -0.17954747 -0.96693605 0.18110028
vn -0.28337348 -0.9158814 0.28436026
vn 0.64423943 -0.4121969 -0.64424318
vn 0.69736135 -0.16545258 -0.69736111
vn 0.69736135 -0.16545258 -0.69736111
vn 0.64424539 -0.41217825 -0.64424914
vn 0.57061201 -0.59313351 -0.56797403
vn 0.64423943 -0.4121969 -0.64424318
vn 0.64424539 -0.41217825 -0.64424914
vn 0.57057953 -0.59319752 -0.56793982
vn 0.43155411 -0.79458922 -0.42707026
vn 0.57061201 -0.59313351 -0.56797403
vn 0.57057953 -0.59319752 -0.56793982
vn 0.43059206 -0.79562235 -0.42611688
vn 0.2801562 -0.91528422 -0.28942576
vn 0.43155411 -0.79458922 -0.42707026
vn 0.43059206 -0.79562235 -0.42611688
vn 0.27973035 -0.9155159 -0.28910452
vn 0.16964665 -0.96767581 -0.18661085
vn 0.2801562 -0.91528422 -0.28942576
vn 0.27973035 -0.9155159 -0.28910452
vn 0.17545013 -0.96539909 -0.19292928
vn -0.18009436 -0.96673107 0.18165129
vn -0.12303188 -0.98460561 0.12415647
vn -0.12303188 -0.98460561 0.12415647
vn -0.17954747 -0.96693605 0.18110028
vn 0.11616531 -0.98489833 -0.12837748
vn 0.16964665 -0.96767581 -0.18661085
vn 0.17545013 -0.96539909 -0.19292928
vn 0.11616531 -0.98489833 -0.12837748
vn -0.64420021 -0.41227666 -0.64423132
vn -0.69736069 -0.16545227 -0.69736189
vn -0.69736069 -0.16545227 -0.69736189
vn -0.64424193 -0.41214639 -0.64427298
vn -0.56113398 -0.5908004 -0.57972705
vn -0.64420021 -0.41227666 -0.64423132
vn -0.64424193 -0.41214639 -0.64427298
vn -0.56175923 -0.58978933 -0.5801509
vn -0.41708893 -0.79063094 -0.44826275
vn -0.56113398 -0.5908004 -0.57972705
vn -0.56175923 -0.58978933 -0.5801509
vn -0.4117431 -0.79661536 -0.44257388
vn -0.2765767 -0.91651088 -0.28898641
vn -0.41708893 -0.79063094 -0.44826275
vn -0.4117431 -0.79661536 -0.44257388
vn -0.27628413 -0.91671968 -0.28860354
vn -0.18051881 -0.96684462 -0.18062201
vn -0.2765767 -0.91651088 -0.28898641
vn -0.27628413 -0.91671968 -0.28860354
vn -0.18046518 -0.96686471 -0.18056846
vn 0.12364456 -0.98456728 0.12385109
vn 0.18050697 -0.96684915 0.18060996
vn 0.18050703 -0.96684909 0.18061002
vn 0.12364456 -0.98456728 0.12385109
vn -0.12361135 -0.98457742 -0.12380476
vn -0.18051881 -0.96684462 -0.18062201
vn -0.18046518 -0.96686471 -0.18056846
vn -0.12361135 -0.98457742 -0.12380476
vn -0.71084118 -0.015995909 0.70317066
vn -0.71394694 -0.027773799 0.69964886
vn -0.71394694 -0.027773799 0.69964886
vn -0.71084028 -0.015992427 0.70317167
vn -0.70548099 0.0014736983 -0.70872736
vn -0.70185083 0.0012957196 -0.71232277
vn -0.70223647 0.001613854 -0.7119419
vn -0.70547837 0.0014759394 -0.7087298
vn 0.711954 -0.022077942 0.70187885
vn 0.70816201 -0.005509695 0.70602846
vn 0.70816648 -0.0055196257 0.70602399
vn 0.71194196 -0.022008058 0.70189339
vn 0.70872313 0.0014734229 0.70548511
vn 0.70710677 0 0.70710677
vn 0.70710677 0 0.70710677
vn 0.70872569 0.0014756663 0.70548272
vn -0.71696681 0.0010070148 -0.69710654
vn -0.70470655 -0.0078576412 -0.70945537
vn -0.70461118 -0.0078964867 -0.70954955
vn -0.71693933 0.001007683 -0.69713491
vn 0.70362043 -0.013139103 0.71045434
vn 0.70109338 -0.027787024 0.71252793
vn 0.70109338 -0.027787024 0.71252793
vn 0.7036202 -0.013141214 0.71045482
vn -0.70710647 -3.6374175e-07 -0.70710713
vn -0.70548099 0.0014736983 -0.70872736
vn -0.70547837 0.0014759394 -0.7087298
vn -0.70710641 -3.6238134e-07 -0.70710713
vn -0.71404505 -0.028778449 -0.69950801
vn -0.71077144 -0.014811116 -0.70326716
vn -0.71076888 -0.014800303 -0.70327002
vn -0.71404505 -0.028778449 -0.69950801
vn 0.70710677 0 0.70710677
vn 0.70718348 0.00014411454 0.70703
vn 0.70718354 0.00014411937 0.70703
vn 0.70710677 0 0.70710677
vn 0.71419853 -0.035437159 0.69904554
vn 0.711954 -0.022077942 0.70187885
vn 0.71194196 -0.022008058 0.70189339
vn 0.71419853 -0.035437159 0.69904554
vn -0.70470655 -0.0078576412 -0.70945537
vn -0.68303007 -0.016547659 -0.73020285
vn -0.68303007 -0.016547659 -0.73020285
vn -0.70461118 -0.0078964867 -0.70954955
vn -0.70718187 -0.00014535483 -0.70703161
vn -0.70710647 -3.6374175e-07 -0.70710713
vn -0.70710641 -3.6238134e-07 -0.70710713
vn -0.70718199 -0.00014535899 -0.70703167
vn 0.70718348 0.00014411454 0.70703
vn 0.70662457 0.00089654361 0.70758808
vn 0.70662433 0.00089674938 0.70758832
vn 0.70718354 0.00014411937 0.70703
vn 0.71100324 0.0026255723 -0.70318383
vn 0.71231765 0.001294921 -0.70185602
vn 0.711936 0.0016128714 -0.70224255
vn 0.71100223 0.0026260503 -0.7031849
vn -0.70872396 0.001471354 0.70548439
vn -0.71231836 0.0012951974 0.7018553
vn -0.71193683 0.0016132022 0.70224166
vn -0.70872641 0.0014735953 0.70548201
vn -0.70729971 -0.00056095445 -0.70691371
vn -0.70718187 -0.00014535483 -0.70703161
vn -0.70718199 -0.00014535899 -0.70703167
vn -0.70729965 -0.00056114554 -0.70691359
vn -0.70185596 0.0012957226 0.71231776
vn -0.70775247 0.00032851819 0.70646048
vn -0.70774657 0.00033243984 0.70646638
vn -0.70224148 0.0016138515 0.71193689
vn 0.70662457 0.00089654361 0.70758808
vn 0.70362043 -0.013139103 0.71045434
vn 0.7036202 -0.013141214 0.71045482
vn 0.70662433 0.00089674938 0.70758832
vn 0.7209512 -0.002937177 -0.69297957
vn 0.71100324 0.0026255723 -0.70318383
vn 0.71100223 0.0026260503 -0.7031849
vn 0.72087556 -0.002894091 -0.69305849
vn -0.71077144 -0.014811116 -0.70326716
vn -0.70729971 -0.00056095445 -0.70691371
vn -0.70729965 -0.00056114554 -0.70691359
vn -0.71076888 -0.014800303 -0.70327002
vn -0.7071057 3.6374041e-07 0.70710784
vn -0.70872396 0.001471354 0.70548439
vn -0.70872641 0.0014735953 0.70548201
vn -0.70710576 3.6238004e-07 0.70710784
vn -0.70775247 0.00032851819 0.70646048
vn -0.71414322 -0.0068317847 0.69996613
vn -0.71415639 -0.0068556271 0.69995248
vn -0.70774657 0.00033243984 0.70646638
vn 0.70552343 0.0014641411 -0.70868504
vn 0.70710623 0 -0.70710737
vn 0.70710617 0 -0.70710731
vn 0.7055161 0.0014709274 -0.70869243
vn 0.70550948 0.00010231658 0.7087006
vn 0.70550948 0.00010231658 0.7087006
vn 0.70550799 0.00010511535 0.70870197
vn 0.70550793 0.00010511385 0.70870197
vn -0.70097429 -0.0081822639 -0.71313953
vn -0.70097429 -0.0081822639 -0.71313953
vn -0.69955915 -0.001437226 -0.71457332
vn -0.69955891 -0.0014363655 -0.71457338
vn -0.70743221 -1.7382101e-05 0.70678133
vn -0.70743221 -1.7382101e-05 0.70678133
vn -0.70743281 -1.7435599e-05 0.70678061
vn -0.70743281 -1.7435597e-05 0.70678055
vn 0.00088785822 -0.67105752 -0.74140489
vn 0.00088705635 -0.67197627 -0.74057215
vn 0.00096327951 -0.5705871 -0.82123649
vn 0.81381565 -0.58112121 0.0014802488
vn 0.81457865 -0.58005166 0.0013647377
vn 0.77853215 -0.62760329 0.0013122256
vn 0.73611253 -0.67685783 0.001336199
vn -0.0012756973 -0.5802176 0.81446046
vn 0.00081500848 -0.67818063 0.73489487
vn 0.0014230056 -0.70474756 0.70945662
vn -0.81397343 -0.58090097 -0.0011819778
vn -0.73510784 -0.67794943 -0.0010564533
vn -0.73526984 -0.67777359 -0.0010567093
vn 0.0014230056 -0.70474756 0.70945662
vn 0.00081500848 -0.67818063 0.73489487
vn 0.0031961545 -0.77719671 0.62924957
vn 0.0031961545 -0.77719671 0.62924957
vn -0.69955891 -0.0014363655 -0.71457338
vn -0.69955915 -0.001437226 -0.71457332
vn -0.69660896 0.012123913 -0.71734858
vn 0.70707852 1.7583126e-05 -0.70713508
vn 0.7070784 1.7582819e-05 -0.70713508
vn 0.70708019 1.7764196e-05 -0.70713347
vn 0.70550793 0.00010511385 0.70870197
vn 0.70550799 0.00010511535 0.70870197
vn 0.70550501 0.00011074251 0.70870495
vn 0.70550501 0.00011074251 0.70870495
vn -0.70743281 -1.7435597e-05 0.70678055
vn -0.70743281 -1.7435599e-05 0.70678061
vn -0.70743418 -1.7543171e-05 0.70677924
vn 0.00088785822 -0.67105752 -0.74140489
vn 0.00078265759 -0.77323872 -0.63411456
vn 0.00088705635 -0.67197627 -0.74057215
vn 0.77853215 -0.62760329 0.0013122256
vn 0.81457865 -0.58005166 0.0013647377
vn 0.8162424 -0.57770836 0.0011120469
vn -0.73510784 -0.67794943 -0.0010564533
vn -0.63093841 -0.77583241 -0.00089282892
vn -0.73526984 -0.67777359 -0.0010567093
vn 0.77853215 -0.62760329 0.0013122256
vn 0.63333899 -0.77387357 0.0011462042
vn 0.73611253 -0.67685783 0.001336199
vn 0.99230605 -0.12363426 -0.0065685026
vn 0.99122226 -0.13207275 -0.0059336745
vn 0.99994648 -0.0073164003 -0.0073161731
vn 0.99994648 -0.0073164003 -0.0073161731
vn -0.71232074 0.0012954572 -0.70185298
vn -0.71193904 0.0016135266 -0.70223939
vn -0.71387208 0 -0.70027614
vn -0.71387208 0 -0.70027614
vn 0 -0.12968737 0.99155498
vn -0.00035112296 -0.12153219 0.99258745
vn 0 0 1
vn 0 0 1
vn -0.00035040203 -0.1215328 -0.99258733
vn 2.759293e-07 -0.12968819 -0.9915548
vn 0 0 -1
vn 0 0 -1
vn -0.70223647 0.001613854 -0.7119419
vn -0.70185083 0.0012957196 -0.71232277
vn -0.70027709 0 -0.713871
vn -0.70027709 0 -0.713871
vn 0.9914704 -0.1303295 -0.00082009035
vn 0.9924314 -0.12274697 -0.0036226269
vn 0.99998659 -0.0036582507 -0.0036585187
vn 1 0 -7.6324727e-07
vn -0.69736069 -0.16545227 -0.69736189
vn -0.69736069 -0.16545227 -0.69736189
vn -0.70710719 0 -0.70710635
vn -0.70710719 0 -0.70710635
vn -0.71193683 0.0016132022 0.70224166
vn -0.71231836 0.0012951974 0.7018553
vn -0.71386927 0 0.70027894
vn -0.71386927 0 0.70027894
vn 0.70224035 0.0016135216 0.71193808
vn 0.70185435 0.0012954584 0.71231937
vn 0.700279 0 0.71386921
vn 0.700279 0 0.71386921
vn -0.99254751 -0.12185806 4.2299871e-06
vn -0.99147046 -0.13032919 -0.00081718829
vn -1 0 0
vn -1 0 2.6704645e-06
vn -0.69735974 -0.16545267 0.69736266
vn -0.69735974 -0.16545267 0.69736266
vn -0.70710719 0 0.70710635
vn -0.70710719 0 0.70710635
vn 0.711936 0.0016128714 -0.70224255
vn 0.71231765 0.001294921 -0.70185602
vn 0.71386921 0 -0.700279
vn 0.71386921 0 -0.700279
vn -0.00082643318 -0.13032538 -0.99147099
vn -0.00070112949 -0.12184796 -0.99254853
vn 0 0 -1
vn 0 0 -1
vn 0.69736135 -0.16545258 -0.69736111
vn 0.69736135 -0.16545258 -0.69736111
vn 0.70710635 0 -0.70710719
vn 0.70710635 0 -0.70710719
vn -0.99147046 -0.13032912 0.00081993942
vn -0.99254733 -0.12185759 0.00068170589
vn -1 0 0
vn -1 0 0
vn 0.69736141 -0.16545336 0.69736093
vn 0.69736141 -0.16545336 0.69736093
vn 0.70710635 0 0.70710719
vn 0.70710635 0 0.70710719
vn -0.00070227357 -0.121847 0.99254864
vn -0.0008275258 -0.13032497 0.99147105
vn 0 0 1
vn 0 0 1
vn -0.70185596 0.0012957226 0.71231776
vn -0.70224148 0.0016138515 0.71193689
vn -0.70028245 0 0.71386594
vn -0.70028245 0 0.71386594
vn 0.70707762 1.7492588e-05 -0.70713592
vn 0.70707762 1.7492588e-05 -0.70713592
vn 0.7070784 1.7582819e-05 -0.70713508
vn 0.70707852 1.7583126e-05 -0.70713508
vn 0.346946 -0.93788511 -1.1487651e-07
vn 0.52573222 -0.85065007 -7.4941944e-08
vn 0.52573246 -0.85064995 0
vn 0.34694618 -0.93788505 0
vn 0.72645426 -0.68721479 3.3859826e-07
vn 0.88468337 -0.46619177 0.00077712937
vn 0.88484031 -0.46589324 0.0010405582
vn 0.72645462 -0.68721443 6.7719651e-07
vn 0.95222056 -0.3054111 8.8809284e-06
vn 0.99122226 -0.13207275 -0.0059336745
vn 0.99230605 -0.12363426 -0.0065685026
vn 0.95214927 -0.30562761 -0.0018612397
vn 0.70188034 0.001287984 -0.7122938
vn 0.70552343 0.0014641411 -0.70868504
vn 0.7055161 0.0014709274 -0.70869243
vn 0.70227963 0.0016093269 -0.7118994
vn -0.52573228 -0.85065001 4.9961333e-08
vn -0.72645348 -0.68721569 0
vn -0.68317044 -0.73025894 0
vn -0.49164554 -0.87079537 1.4371253e-07
vn -0.72645348 -0.68721569 0
vn -0.88468307 -0.46619236 0.00077657634
vn -0.87158602 -0.49024233 0.00037904558
vn -0.68317044 -0.73025894 0
vn 0.70027667 0 -0.71387148
vn 0.70188034 0.001287984 -0.7122938
vn 0.70227963 0.0016093269 -0.7118994
vn 0.70027667 0 -0.71387148
vn 0.52573222 -0.85065007 -7.4941944e-08
vn 0.72645426 -0.68721479 3.3859826e-07
vn 0.72645462 -0.68721443 6.7719651e-07
vn 0.52573246 -0.85064995 0
vn 0.88468337 -0.46619177 0.00077712937
vn 0.95222056 -0.3054111 8.8809284e-06
vn 0.95214927 -0.30562761 -0.0018612397
vn 0.88484031 -0.46589324 0.0010405582
vn -0.34694642 -0.93788499 8.984744e-08
vn -0.52573228 -0.85065001 4.9961333e-08
vn -0.49164554 -0.87079537 1.4371253e-07
vn -0.29801702 -0.95456058 1.6978626e-07
vn -3.3735233e-07 -1 3.7301362e-14
vn -0.34694642 -0.93788499 8.984744e-08
vn -0.29801702 -0.95456058 1.6978626e-07
vn 9.593232e-09 -0.99999994 -9.148819e-15
vn -3.3735233e-07 -1 3.7301362e-14
vn 0.346946 -0.93788511 -1.1487651e-07
vn 0.34694618 -0.93788505 0
vn -5.5736479e-07 -1 0
vn -0.88468307 -0.46619236 0.00077657634
vn -0.95142007 -0.30789042 0.0017901574
vn -0.94724393 -0.32050893 0.0016987764
vn -0.87158602 -0.49024233 0.00037904558
vn -0.95142007 -0.30789042 0.0017901574
vn -0.99147046 -0.13032912 0.00081993942
vn -0.94724393 -0.32050893 0.0016987764
vn 0 -0.68721527 0.72645378
vn -1.0143217e-07 -0.85020334 0.52645439
vn -2.9183107e-07 -0.87020522 0.49268946
vn 0 -0.73025882 0.68317056
vn -0.0008275258 -0.13032497 0.99147105
vn -0.0017889172 -0.30790377 0.95141584
vn -0.0016558622 -0.32053083 0.9472366
vn -1.0143217e-07 -0.85020334 0.52645439
vn -1.8160621e-07 -0.93776232 0.34727785
vn -3.4226701e-07 -0.95466083 0.29769576
vn -2.9183107e-07 -0.87020522 0.49268946
vn 1.8155372e-07 -0.93788505 -0.34694621
vn 3.2646769e-10 -0.99999994 -0.00049586606
vn 0 -0.99999994 -0.00049540651
vn 0 -0.93788511 -0.34694594
vn 1.010964e-07 -0.85065013 -0.5257321
vn 1.8155372e-07 -0.93788505 -0.34694621
vn 0 -0.93788511 -0.34694594
vn 0 -0.85065031 -0.5257318
vn -0.00075773499 -0.46621028 -0.88467354
vn 0 -0.68721527 -0.72645378
vn 0 -0.68721533 -0.72645372
vn -0.001038306 -0.46591493 -0.88482893
vn -0.00082643318 -0.13032538 -0.99147099
vn -0.0017879419 -0.30790317 -0.95141596
vn -0.0017304691 -0.30730247 -0.95161027
vn -0.00070112949 -0.12184796 -0.99254853
vn 0.7123161 0.0012962475 0.70185763
vn 0.70872313 0.0014734229 0.70548511
vn 0.70872569 0.0014756663 0.70548272
vn 0.71193451 0.0016145109 0.70224398
vn -0.0017889172 -0.30790377 0.95141584
vn -0.00075815857 -0.46621081 0.88467336
vn -0.00035177055 -0.49025336 0.87157989
vn -0.0016558622 -0.32053083 0.9472366
vn -0.00075815857 -0.46621081 0.88467336
vn 0 -0.68721527 0.72645378
vn 0 -0.73025882 0.68317056
vn -0.00035177055 -0.49025336 0.87157989
vn -1.8160621e-07 -0.93776232 0.34727785
vn 3.2646769e-10 -0.99999994 -0.00049586606
vn 2.4593216e-10 -1 -0.00018699502
vn -3.4226701e-07 -0.95466083 0.29769576
vn 0 -0.68721527 -0.72645378
vn 1.010964e-07 -0.85065013 -0.5257321
vn 0 -0.85065031 -0.5257318
vn 0 -0.68721533 -0.72645372
vn -0.0017879419 -0.30790317 -0.95141596
vn -0.00075773499 -0.46621028 -0.88467354
vn -0.001038306 -0.46591493 -0.88482893
vn -0.0017304691 -0.30730247 -0.95161027
vn 0.71386707 0 0.70028132
vn 0.7123161 0.0012962475 0.70185763
vn 0.71193451 0.0016145109 0.70224398
vn 0.71386707 0 0.70028132
vn 0.72725391 -0.68636847 -2.4702854e-07
vn 0.88580644 -0.46405432 -0.00078041042
vn 0.87306362 -0.48760623 -0.00038411989
vn 0.68301332 -0.73040587 0
vn 0.88580644 -0.46405432 -0.00078041042
vn 0.95142102 -0.30788767 -0.0017916716
vn 0.94724542 -0.32050461 -0.0017084087
vn 0.87306362 -0.48760623 -0.00038411989
vn 0.34694657 -0.93788487 -3.6423535e-07
vn 0.52467299 -0.85130388 -5.6814616e-07
vn 0.49109793 -0.87110436 -1.4324948e-07
vn 0.29801714 -0.95456052 -1.694219e-07
vn -0.5257321 -0.85065025 -1.4027024e-06
vn -0.72645319 -0.68721598 -1.3239207e-06
vn -0.7264533 -0.68721581 -8.3888625e-07
vn -0.52573252 -0.85064995 -1.3124566e-06
vn -0.8846854 -0.46618789 -0.0007810563
vn -0.95142114 -0.30788711 -0.0017890683
vn -0.951617 -0.30728692 3.1525526e-06
vn -0.88484144 -0.46589226 -7.3559505e-08
vn -0.34694663 -0.93788475 -1.3298356e-06
vn -0.5257321 -0.85065025 -1.4027024e-06
vn -0.52573252 -0.85064995 -1.3124566e-06
vn -0.34694692 -0.93788481 -1.8598716e-06
vn -3.7157653e-07 -1 -6.1034967e-07
vn 0.34694657 -0.93788487 -3.6423535e-07
vn 0.29801714 -0.95456052 -1.694219e-07
vn -4.6047518e-07 -1 2.7446459e-14
vn 0.95142102 -0.30788767 -0.0017916716
vn 0.9914704 -0.1303295 -0.00082009035
vn 0.94724542 -0.32050461 -0.0017084087
vn 0.52467299 -0.85130388 -5.6814616e-07
vn 0.72725391 -0.68636847 -2.4702854e-07
vn 0.68301332 -0.73040587 0
vn 0.49109793 -0.87110436 -1.4324948e-07
vn -3.7157653e-07 -1 -6.1034967e-07
vn -0.34694663 -0.93788475 -1.3298356e-06
vn -0.34694692 -0.93788481 -1.8598716e-06
vn -4.3513577e-07 -1 -1.5128285e-06
vn -0.72645319 -0.68721598 -1.3239207e-06
vn -0.8846854 -0.46618789 -0.0007810563
vn -0.88484144 -0.46589226 -7.3559505e-08
vn -0.7264533 -0.68721581 -8.3888625e-07
vn -0.95142114 -0.30788711 -0.0017890683
vn -0.99147046 -0.13032919 -0.00081718829
vn -0.99254751 -0.12185806 4.2299871e-06
vn -0.951617 -0.30728692 3.1525526e-06
vn 2.2628387e-07 -0.46657184 -0.88448328
vn 0 -0.68721533 -0.72645372
vn 0 -0.73025876 -0.68317062
vn 3.3362431e-07 -0.4903008 -0.87155324
vn 0 -0.68721545 0.72645366
vn -9.9427517e-08 -0.85065007 0.52573234
vn 0 -0.85042679 0.52609342
vn 0 -0.68721533 0.72645372
vn 0 -0.30784309 0.95143723
vn 0 -0.46657234 0.88448298
vn -0.00051955797 -0.4662441 0.88465589
vn 0 -0.30784324 0.95143712
vn -1.7890945e-07 -0.93788499 0.34694621
vn 5.3871563e-10 -1 -3.0801735e-07
vn -5.6607564e-07 -0.99999994 -0.00024828571
vn 0 -0.93788511 0.346946
vn 0 -0.68721533 -0.72645372
vn 1.0032832e-07 -0.85065025 -0.52573192
vn 2.8770518e-07 -0.87059867 -0.49199393
vn 0 -0.73025876 -0.68317062
vn 2.759293e-07 -0.12968819 -0.9915548
vn 3.7441961e-07 -0.30784318 -0.95143712
vn 5.3335316e-07 -0.3199352 -0.94743937
vn 1.0032832e-07 -0.85065025 -0.52573192
vn 1.8033761e-07 -0.93788511 -0.34694615
vn 3.4102089e-07 -0.9543156 -0.29880053
vn 2.8770518e-07 -0.87059867 -0.49199393
vn 3.7441961e-07 -0.30784318 -0.95143712
vn 2.2628387e-07 -0.46657184 -0.88448328
vn 3.3362431e-07 -0.4903008 -0.87155324
vn 5.3335316e-07 -0.3199352 -0.94743937
vn 1.8033761e-07 -0.93788511 -0.34694615
vn 5.3871563e-10 -1 -3.0801735e-07
vn -3.9161705e-09 -0.99999273 0.0038291507
vn 3.4102089e-07 -0.9543156 -0.29880053
vn 0 -0.46657234 0.88448298
vn 0 -0.68721545 0.72645366
vn 0 -0.68721533 0.72645372
vn -0.00051955797 -0.4662441 0.88465589
vn 0 -0.12968737 0.99155498
vn 0 -0.30784309 0.95143723
vn 0 -0.30784324 0.95143712
vn -0.00035112296 -0.12153219 0.99258745
vn -9.9427517e-08 -0.85065007 0.52573234
vn -1.7890945e-07 -0.93788499 0.34694621
vn 0 -0.93788511 0.346946
vn 0 -0.85042679 0.52609342
vn 0 -0.93776232 0.3472777
vn 0 -0.99999994 -0.0004951132
vn -8.1900566e-08 -0.99999982 -0.00049557275
vn -7.995429e-08 -0.93776232 0.34727764
vn 0.29801756 -0.95456046 -1.9621281e-07
vn 0.49164483 -0.87079573 -2.1556872e-07
vn 0.52573204 -0.85065025 -7.494198e-08
vn 0.34694606 -0.93788511 -5.5527295e-07
vn 0.49164483 -0.87079573 -2.1556872e-07
vn 0.68317038 -0.730259 0
vn 0.72645372 -0.68721533 3.3859845e-07
vn 0.52573204 -0.85065025 -7.494198e-08
vn 0.68317038 -0.730259 0
vn 0.87158626 -0.49024221 0.00037870297
vn 0.88468325 -0.46619207 0.00077712949
vn 0.72645372 -0.68721533 3.3859845e-07
vn 0.87158626 -0.49024221 0.00037870297
vn 0.94819319 -0.31768984 0.0016705451
vn 0.95222056 -0.30541128 7.9441534e-06
vn 0.88468325 -0.46619207 0.00077712949
vn 0.94819319 -0.31768984 0.0016705451
vn 0.99122232 -0.13207284 -0.0059334594
vn 0.95222056 -0.30541128 7.9441534e-06
vn -1.4389852e-07 -1 2.7446464e-14
vn -0.29801723 -0.95456052 1.6942194e-07
vn -0.34694588 -0.93788511 -4.8280049e-07
vn -2.4445822e-07 -1 -3.0517504e-07
vn 0 -0.87079537 0.49164563
vn 0 -0.85065007 0.52573222
vn 0 -0.68721557 0.72645348
vn 0 -0.730259 0.68317038
vn 0 -0.730259 0.68317038
vn 0 -0.68721557 0.72645348
vn 0 -0.46657249 0.88448292
vn 0 -0.49030158 0.87155282
vn 0 -0.49030158 0.87155282
vn 0 -0.46657249 0.88448292
vn 1.4877514e-07 -0.30784309 0.95143712
vn 0 -0.31993559 0.94743925
vn 0 -0.31993559 0.94743925
vn 1.4877514e-07 -0.30784309 0.95143712
vn 2.7592921e-07 -0.12968726 0.99155498
vn 0.34694615 -0.93788511 6.9962255e-07
vn 0.52520251 -0.85097724 4.0521559e-07
vn 0.52467263 -0.85130399 -4.9824457e-08
vn 0.34694591 -0.93788522 -8.963913e-08
vn -4.3513577e-07 -1 -1.5128285e-06
vn -0.34694692 -0.93788481 -1.8598716e-06
vn -0.34694657 -0.93788499 -3.5054848e-07
vn -4.986947e-07 -1 -9.0247846e-07
vn 0 -0.95456046 -0.29801729
vn 0 -0.93788511 -0.34694606
vn 0 -0.85065019 -0.5257321
vn 0 -0.87115592 -0.49100649
vn 0 -0.87115592 -0.49100649
vn 0 -0.85065019 -0.5257321
vn 0 -0.68721569 -0.72645342
vn 0 -0.7291376 -0.68436706
vn 0 -0.7291376 -0.68436706
vn 0 -0.68721569 -0.72645342
vn -0.00075773499 -0.46621069 -0.88467342
vn -0.00035526758 -0.48959664 -0.87194896
vn -0.00035526758 -0.48959664 -0.87194896
vn -0.00075773499 -0.46621069 -0.88467342
vn -0.0017879412 -0.30790299 -0.95141602
vn -0.0016558662 -0.32052919 -0.94723719
vn -0.0016558662 -0.32052919 -0.94723719
vn -0.0017879412 -0.30790299 -0.95141602
vn -0.0008264322 -0.130325 -0.99147099
vn -2.7820386e-07 -1 -3.6595293e-14
vn 0.29801756 -0.95456046 -1.9621281e-07
vn 0.34694606 -0.93788511 -5.5527295e-07
vn -4.986947e-07 -1 -9.0247846e-07
vn -0.49164429 -0.87079614 6.4865645e-08
vn -0.68316966 -0.73025972 -4.1219437e-07
vn -0.72645324 -0.68721586 -5.8600983e-07
vn -0.52573133 -0.85065061 -2.9427261e-07
vn -0.68316966 -0.73025972 -4.1219437e-07
vn -0.87158811 -0.49023858 -0.0003854697
vn -0.88468558 -0.4661876 -0.00078134279
vn -0.72645324 -0.68721586 -5.8600983e-07
vn -0.87158811 -0.49023858 -0.0003854697
vn -0.9472456 -0.32050392 -0.0017075659
vn -0.9514212 -0.30788714 -0.0017901153
vn -0.88468558 -0.4661876 -0.00078134279
vn -0.9472456 -0.32050392 -0.0017075659
vn -0.99147046 -0.13032949 -0.00081829506
vn -0.9514212 -0.30788714 -0.0017901153
vn -0.29801723 -0.95456052 1.6942194e-07
vn -0.49164429 -0.87079614 6.4865645e-08
vn -0.52573133 -0.85065061 -2.9427261e-07
vn -0.34694588 -0.93788511 -4.8280049e-07
vn -0.88484144 -0.46589226 -7.3559505e-08
vn -0.951617 -0.30728692 3.1525526e-06
vn -0.95142019 -0.30789024 0.0017901557
vn -0.88468283 -0.46619272 0.00077657617
vn -0.52573252 -0.85064995 -1.3124566e-06
vn -0.7264533 -0.68721581 -8.3888625e-07
vn -0.72645313 -0.68721604 0
vn -0.52573192 -0.85065025 4.9961361e-08
vn -0.951617 -0.30728692 3.1525526e-06
vn -0.99254751 -0.12185806 4.2299871e-06
vn -0.99147052 -0.13032818 0.00082243973
vn -0.95142019 -0.30789024 0.0017901557
vn -0.7264533 -0.68721581 -8.3888625e-07
vn -0.88484144 -0.46589226 -7.3559505e-08
vn -0.88468283 -0.46619272 0.00077657617
vn -0.72645313 -0.68721604 0
vn 0 -0.95456046 0.29801738
vn 0 -0.93788499 0.34694615
vn 0 -0.85065007 0.52573222
vn 0 -0.87079537 0.49164563
vn -0.0017324534 -0.30730179 0.95161051
vn -0.0010391532 -0.46591574 0.88482845
vn -0.00075815857 -0.46621135 0.88467306
vn -0.0017889169 -0.30790332 0.95141608
vn 0 -0.68721575 0.72645336
vn 0 -0.85020363 0.52645385
vn 0 -0.85020339 0.52645433
vn 0 -0.68721557 0.72645342
vn -2.1512324e-07 -1 -4.3493578e-09
vn 0.34694615 -0.93788511 6.9962255e-07
vn 0.34694591 -0.93788522 -8.963913e-08
vn -2.4445822e-07 -1 -3.0517504e-07
vn -0.00070227194 -0.12184689 0.99254864
vn -0.0017324534 -0.30730179 0.95161051
vn -0.0017889169 -0.30790332 0.95141608
vn -0.000827524 -0.13032478 0.99147093
vn -0.0010391532 -0.46591574 0.88482845
vn 0 -0.68721575 0.72645336
vn 0 -0.68721557 0.72645342
vn -0.00075815857 -0.46621135 0.88467306
vn 0 -0.85020363 0.52645385
vn 0 -0.93776232 0.3472777
vn -7.995429e-08 -0.93776232 0.34727764
vn 0 -0.85020339 0.52645433
vn 0.95188302 -0.30645648 -0.0017851008
vn 0.9924314 -0.12274699 -0.0036226201
vn 0.9914704 -0.1303295 -0.00081953709
vn 0.95142108 -0.30788743 -0.0017916074
vn 0.72725397 -0.68636847 -3.4481104e-07
vn 0.88540256 -0.46482506 -3.091256e-08
vn 0.88580626 -0.46405458 -0.00078080903
vn 0.72725391 -0.68636853 -1.7240552e-07
vn -0.34694692 -0.93788481 -1.8598716e-06
vn -0.52573252 -0.85064995 -1.3124566e-06
vn -0.52573192 -0.85065025 4.9961361e-08
vn -0.34694657 -0.93788499 -3.5054848e-07
vn 0.88540256 -0.46482506 -3.091256e-08
vn 0.95188302 -0.30645648 -0.0017851008
vn 0.95142108 -0.30788743 -0.0017916074
vn 0.88580626 -0.46405458 -0.00078080903
vn 0.52520251 -0.85097724 4.0521559e-07
vn 0.72725397 -0.68636847 -3.4481104e-07
vn 0.72725391 -0.68636853 -1.7240552e-07
vn 0.52467263 -0.85130399 -4.9824457e-08
vn -1.6400416e-07 -1 -0.00018685136
vn -8.1900566e-08 -0.99999982 -0.00049557275
vn 0 -0.93788511 -0.34694606
vn 0 -0.95456046 -0.29801729
vn -0.00035040168 -0.12153268 -0.99258739
vn 2.9638272e-07 -0.30784321 -0.95143712
vn 9.4634419e-07 -0.30784324 -0.95143712
vn 4.4152773e-07 -0.1296881 -0.99155486
vn -0.00051913416 -0.46624398 -0.88465595
vn 0 -0.68721569 -0.72645348
vn -1.4102238e-07 -0.68721557 -0.72645348
vn 2.2628386e-07 -0.46657205 -0.88448316
vn 0 -0.85065031 -0.52573192
vn 0 -0.93788505 -0.34694615
vn 0 -0.93788511 -0.34694615
vn -1.3956205e-07 -0.85065025 -0.52573192
vn 0 -0.99999273 0.003829024
vn 0 -1 -3.5201981e-07
vn 0 -0.93788499 0.34694615
vn 0 -0.95456046 0.29801738
vn 2.9638272e-07 -0.30784321 -0.95143712
vn -0.00051913416 -0.46624398 -0.88465595
vn 2.2628386e-07 -0.46657205 -0.88448316
vn 9.4634419e-07 -0.30784324 -0.95143712
vn 0 -0.68721569 -0.72645348
vn 0 -0.85065031 -0.52573192
vn -1.3956205e-07 -0.85065025 -0.52573192
vn -1.4102238e-07 -0.68721557 -0.72645348
vn 0 -0.93788505 -0.34694615
vn 5.6382868e-07 -0.99999994 -0.00024832974
vn 0 -1 -3.5201981e-07
vn 0 -0.93788511 -0.34694615
vn -0.70695215 -0.00021504273 -0.70726126
vn -0.71696442 0.0010066594 -0.69710898
vn -0.71693695 0.0010073244 -0.69713742
vn -0.7069515 -0.00021589884 -0.70726204
vn 0.69956672 -0.028053887 -0.71401632
vn 0.70369792 -0.011911122 -0.71039945
vn 0.70369917 -0.011906005 -0.71039826
vn 0.69956672 -0.028053887 -0.71401632
vn 0.70816129 -0.0055087092 0.70602936
vn 0.70714837 0.00095365843 0.70706457
vn 0.70714808 0.00095120061 0.70706481
vn 0.70816571 -0.0055186409 0.70602471
vn 0.71064299 -0.014039498 -0.70341277
vn 0.7140184 -0.028077099 -0.69956374
vn 0.7140184 -0.028077099 -0.69956374
vn 0.71064186 -0.014035136 -0.70341384
vn -0.69956023 -0.028083356 0.7140215
vn -0.70341247 -0.014043866 0.71064305
vn -0.70341372 -0.014039205 0.71064198
vn -0.69956023 -0.028083356 0.7140215
vn 0.70710862 1.011926e-06 -0.70710492
vn 0.71064299 -0.014039498 -0.70341277
vn 0.71064186 -0.014035136 -0.70341384
vn 0.70710862 1.0120388e-06 -0.70710498
vn -0.70607817 -0.00098864979 -0.70813316
vn -0.70695215 -0.00021504273 -0.70726126
vn -0.7069515 -0.00021589884 -0.70726204
vn -0.70607817 -0.00098878238 -0.70813328
vn -0.70952547 -0.009094771 0.70462102
vn -0.71084297 -0.015993439 0.70316899
vn -0.71084195 -0.015989928 0.70316994
vn -0.70952904 -0.009104142 0.70461732
vn -0.70341247 -0.014043866 0.71064305
vn -0.7071076 -4.2448414e-07 0.70710588
vn -0.7071076 -4.2488668e-07 0.70710599
vn -0.70341372 -0.014039205 0.71064198
vn 0.70714837 0.00095365843 0.70706457
vn 0.70699441 0.0023074166 0.70721549
vn 0.70699364 0.0023047877 0.70721608
vn 0.70714808 0.00095120061 0.70706481
vn 0.70369792 -0.011911122 -0.71039945
vn 0.70442349 0.013497884 -0.70965153
vn 0.70443493 0.013465229 -0.7096408
vn 0.70369917 -0.011906005 -0.71039826
vn 0.70710731 3.9162606e-07 -0.70710629
vn 0.70710862 1.011926e-06 -0.70710492
vn 0.70710862 1.0120388e-06 -0.70710498
vn 0.70710725 3.9163729e-07 -0.70710629
vn -0.7083993 0.0013074359 -0.70581067
vn -0.70607817 -0.00098864979 -0.70813316
vn -0.70607817 -0.00098878238 -0.70813328
vn -0.70840228 0.0013099205 -0.70580775
vn -0.71403152 -0.012699095 0.69999832
vn -0.70952547 -0.009094771 0.70462102
vn -0.70952904 -0.009104142 0.70461732
vn -0.7140426 -0.01269366 0.69998711
vn -0.7071076 -4.2448414e-07 0.70710588
vn -0.70710689 1.9581309e-07 0.70710671
vn -0.70710695 1.9581826e-07 0.70710677
vn -0.7071076 -4.2488668e-07 0.70710599
vn 0.70699441 0.0023074166 0.70721549
vn 0.70515549 0.0016360617 0.70905071
vn 0.70515364 0.0016380438 0.70905268
vn 0.70699364 0.0023047877 0.70721608
vn 0.70442349 0.013497884 -0.70965153
vn 0.71584928 0.0072686123 -0.69821703
vn 0.71580243 0.0073187072 -0.69826454
vn 0.70443493 0.013465229 -0.7096408
vn 0.70710564 4.3754815e-07 -0.70710802
vn 0.70710731 3.9162606e-07 -0.70710629
vn 0.70710725 3.9163729e-07 -0.70710629
vn 0.70710558 4.3782947e-07 -0.70710796
vn -0.71232116 0.0012953239 -0.70185256
vn -0.7083993 0.0013074359 -0.70581067
vn -0.70840228 0.0013099205 -0.70580775
vn -0.71193957 0.0016133601 -0.70223892
vn -0.71414381 -0.0068318835 0.6999656
vn -0.71403152 -0.012699095 0.69999832
vn -0.7140426 -0.01269366 0.69998711
vn -0.7141571 -0.0068557318 0.69995201
vn -0.70710689 1.9581309e-07 0.70710671
vn -0.70710605 -4.375477e-07 0.70710754
vn -0.70710599 -4.3782896e-07 0.70710754
vn -0.70710695 1.9581826e-07 0.70710677
vn 0.71584928 0.0072686123 -0.69821703
vn 0.7209512 -0.0029378079 -0.69297951
vn 0.72087556 -0.0028947203 -0.69305849
vn 0.71580243 0.0073187072 -0.69826454
vn 0.70515549 0.0016360617 0.70905071
vn 0.70185548 0.0012951954 0.71231824
vn 0.70224154 0.001613188 0.71193707
vn 0.70515364 0.0016380438 0.70905268
vn 0.64424706 -0.41218013 0.64424622
vn 0.69736093 -0.16545226 0.69736159
vn 0.69736093 -0.16545226 0.69736159
vn 0.64424706 -0.4121801 0.64424622
vn 0.568964 -0.59376907 0.56896245
vn 0.64424706 -0.41218013 0.64424622
vn 0.64424706 -0.4121801 0.64424622
vn 0.56896412 -0.59376895 0.56896257
vn 0.42859292 -0.79537231 0.42859194
vn 0.568964 -0.59376907 0.56896245
vn 0.56896412 -0.59376895 0.56896257
vn 0.42859286 -0.79537225 0.42859191
vn 0.28375375 -0.91595179 0.28375348
vn 0.42859292 -0.79537231 0.42859194
vn 0.42859286 -0.79537225 0.42859191
vn 0.28375378 -0.91595185 0.28375348
vn 0.18050936 -0.96684879 0.18060973
vn 0.28375375 -0.91595179 0.28375348
vn 0.28375378 -0.91595185 0.28375348
vn 0.18050942 -0.96684873 0.18060979
vn -0.69735986 -0.16545177 0.69736284
vn -0.64424455 -0.41218022 0.64424872
vn -0.64424467 -0.41217971 0.64424884
vn -0.69735986 -0.16545177 0.69736284
vn -0.64424455 -0.41218022 0.64424872
vn -0.56896228 -0.59376949 0.56896359
vn -0.56896228 -0.59376955 0.56896353
vn -0.64424467 -0.41217971 0.64424884
vn -0.56896228 -0.59376949 0.56896359
vn -0.42858931 -0.79537654 0.42858759
vn -0.42859611 -0.79536921 0.42859444
vn -0.56896228 -0.59376955 0.56896353
vn -0.42858931 -0.79537654 0.42858759
vn -0.28339854 -0.91586632 0.28438362
vn -0.28337482 -0.91588092 0.28436038
vn -0.42859611 -0.79536921 0.42859444
vn -0.28339854 -0.91586632 0.28438362
vn -0.18009824 -0.9667303 0.1816514
vn -0.17955139 -0.96693528 0.18110038
vn -0.28337482 -0.91588092 0.28436038
vn 0.64423943 -0.41219661 -0.64424336
vn 0.69736105 -0.16545223 -0.69736153
vn 0.69736105 -0.16545223 -0.69736153
vn 0.64424545 -0.41217795 -0.64424938
vn 0.57061273 -0.59313333 -0.56797343
vn 0.64423943 -0.41219661 -0.64424336
vn 0.64424545 -0.41217795 -0.64424938
vn 0.5705803 -0.59319729 -0.56793916
vn 0.43155494 -0.7945891 -0.42706972
vn 0.57061273 -0.59313333 -0.56797343
vn 0.5705803 -0.59319729 -0.56793916
vn 0.43059289 -0.79562217 -0.42611632
vn 0.28015298 -0.91528517 -0.28942597
vn 0.43155494 -0.7945891 -0.42706972
vn 0.43059289 -0.79562217 -0.42611632
vn 0.27972713 -0.91551691 -0.28910476
vn 0.1696483 -0.96767557 -0.18661062
vn 0.28015298 -0.91528517 -0.28942597
vn 0.27972713 -0.91551691 -0.28910476
vn 0.175451 -0.96539903 -0.19292907
vn -0.18009824 -0.9667303 0.1816514
vn -0.12303706 -0.98460507 0.12415642
vn -0.12303706 -0.98460507 0.12415642
vn -0.17955139 -0.96693528 0.18110038
vn 0.11617468 -0.98489732 -0.12837705
vn 0.1696483 -0.96767557 -0.18661062
vn 0.175451 -0.96539903 -0.19292907
vn 0.11617468 -0.98489732 -0.12837705
vn -0.64420038 -0.41227666 -0.64423108
vn -0.69736069 -0.16545217 -0.69736177
vn -0.69736069 -0.16545217 -0.69736177
vn -0.64424211 -0.41214639 -0.64427274
vn -0.56113309 -0.5908013 -0.57972705
vn -0.64420038 -0.41227666 -0.64423108
vn -0.64424211 -0.41214639 -0.64427274
vn -0.56175834 -0.58979023 -0.58015102
vn -0.4170869 -0.79063207 -0.44826284
vn -0.56113309 -0.5908013 -0.57972705
vn -0.56175834 -0.58979023 -0.58015102
vn -0.41174105 -0.79661644 -0.4425739
vn -0.2765744 -0.9165116 -0.28898636
vn -0.4170869 -0.79063207 -0.44826284
vn -0.41174105 -0.79661644 -0.4425739
vn -0.27628189 -0.91672039 -0.2886036
vn -0.18051356 -0.96684575 -0.18062183
vn -0.2765744 -0.9165116 -0.28898636
vn -0.27628189 -0.91672039 -0.2886036
vn -0.18045992 -0.96686572 -0.18056828
vn 0.12364977 -0.98456675 0.12385111
vn 0.18050936 -0.96684879 0.18060973
vn 0.18050942 -0.96684873 0.18060979
vn 0.12364977 -0.98456675 0.12385111
vn -0.12360327 -0.98457849 -0.12380446
vn -0.18051356 -0.96684575 -0.18062183
vn -0.18045992 -0.96686572 -0.18056828
vn -0.12360327 -0.98457849 -0.12380446
vn -0.71084297 -0.015993439 0.70316899
vn -0.71394867 -0.027770905 0.69964713
vn -0.71394867 -0.027770905 0.69964713
vn -0.71084195 -0.015989928 0.70316994
vn -0.70548093 0.0014731917 -0.70872742
vn -0.70184964 0.0012958517 -0.71232396
vn -0.70223558 0.0016140183 -0.71194285
vn -0.70547849 0.0014754344 -0.7087298
vn 0.71195239 -0.022076953 0.70188063
vn 0.70816129 -0.0055087092 0.70602936
vn 0.70816571 -0.0055186409 0.70602471
vn 0.71194029 -0.022007072 0.70189512
vn 0.70872366 0.0014724527 0.70548475
vn 0.70710552 -5.2848287e-07 0.70710802
vn 0.70710552 -5.2842438e-07 0.70710808
vn 0.70872611 0.0014746954 0.7054823
vn -0.71696442 0.0010066594 -0.69710898
vn -0.70470577 -0.007856667 -0.70945609
vn -0.70461047 -0.0078955106 -0.70955032
vn -0.71693695 0.0010073244 -0.69713742
vn 0.70361876 -0.013139045 0.71045607
vn 0.70109338 -0.027786916 0.71252793
vn 0.70109338 -0.027786916 0.71252793
vn 0.70361847 -0.013141155 0.71045637
vn -0.70710641 -4.006435e-07 -0.70710719
vn -0.70548093 0.0014731917 -0.70872742
vn -0.70547849 0.0014754344 -0.7087298
vn -0.70710641 -4.001046e-07 -0.70710713
vn -0.71404344 -0.028776133 -0.6995098
vn -0.71076888 -0.014811384 -0.7032696
vn -0.71076632 -0.014800613 -0.70327252
vn -0.71404344 -0.028776133 -0.6995098
vn 0.70710552 -5.2848287e-07 0.70710802
vn 0.70718151 0.00014243445 0.70703202
vn 0.70718157 0.00014243936 0.70703202
vn 0.70710552 -5.2842438e-07 0.70710808
vn 0.71419519 -0.035435602 0.69904906
vn 0.71195239 -0.022076953 0.70188063
vn 0.71194029 -0.022007072 0.70189512
vn 0.71419519 -0.035435602 0.69904906
vn -0.70470577 -0.007856667 -0.70945609
vn -0.68303186 -0.016546559 -0.73020113
vn -0.68303186 -0.016546559 -0.73020113
vn -0.70461047 -0.0078955106 -0.70955032
vn -0.70718193 -0.00014434375 -0.70703161
vn -0.70710641 -4.006435e-07 -0.70710719
vn -0.70710641 -4.001046e-07 -0.70710713
vn -0.70718193 -0.00014434803 -0.70703167
vn 0.70718151 0.00014243445 0.70703202
vn 0.70662212 0.00089517783 0.70759052
vn 0.70662189 0.00089538243 0.70759082
vn 0.70718157 0.00014243936 0.70703202
vn 0.7110045 0.0026257269 -0.70318264
vn 0.71231878 0.0012950576 -0.701855
vn 0.71193731 0.0016130408 -0.70224112
vn 0.71100336 0.0026262053 -0.70318359
vn -0.70872438 0.0014719397 0.70548403
vn -0.71231884 0.0012953278 0.70185488
vn -0.71193731 0.0016133642 0.70224112
vn -0.70872682 0.0014741806 0.70548147
vn -0.70729792 -0.00056201161 -0.70691532
vn -0.70718193 -0.00014434375 -0.70703161
vn -0.70718193 -0.00014434803 -0.70703167
vn -0.70729804 -0.0005622048 -0.70691526
vn -0.70185471 0.0012957256 0.71231908
vn -0.70775247 0.00032873685 0.70646048
vn -0.70774662 0.00033265844 0.70646644
vn -0.70224047 0.0016138491 0.7119379
vn 0.70662212 0.00089517783 0.70759052
vn 0.70361876 -0.013139045 0.71045607
vn 0.70361847 -0.013141155 0.71045637
vn 0.70662189 0.00089538243 0.70759082
vn 0.7209512 -0.0029378079 -0.69297951
vn 0.7110045 0.0026257269 -0.70318264
vn 0.71100336 0.0026262053 -0.70318359
vn 0.72087556 -0.0028947203 -0.69305849
vn -0.71076888 -0.014811384 -0.7032696
vn -0.70729792 -0.00056201161 -0.70691532
vn -0.70729804 -0.0005622048 -0.70691526
vn -0.71076632 -0.014800613 -0.70327252
vn -0.70710605 -4.375477e-07 0.70710754
vn -0.70872438 0.0014719397 0.70548403
vn -0.70872682 0.0014741806 0.70548147
vn -0.70710599 -4.3782896e-07 0.70710754
vn -0.70775247 0.00032873685 0.70646048
vn -0.71414381 -0.0068318835 0.6999656
vn -0.7141571 -0.0068557318 0.69995201
vn -0.70774662 0.00033265844 0.70646644
vn 0.70552373 0.0014644259 -0.7086848
vn 0.70710564 4.3754815e-07 -0.70710802
vn 0.70710558 4.3782947e-07 -0.70710796
vn 0.7055164 0.0014712097 -0.70869207
vn 0.70550752 0.00010515228 0.7087025
vn 0.70550752 0.00010515228 0.7087025
vn 0.7055074 0.00010489515 0.70870262
vn 0.70550728 0.00010489529 0.70870256
vn -0.70097429 -0.0081840744 -0.71313953
vn -0.70097429 -0.0081840744 -0.71313953
vn -0.69956017 -0.0014390103 -0.71457231
vn -0.69955999 -0.0014381256 -0.71457243
vn -0.70743406 -1.5571421e-05 0.7067793
vn -0.70743406 -1.5571421e-05 0.7067793
vn -0.70743221 -1.7053422e-05 0.70678127
vn -0.70743215 -1.7053342e-05 0.70678127
vn 0.00088309107 -0.67105949 -0.74140316
vn 0.00088217721 -0.67197883 -0.74056977
vn 0.00097006123 -0.5705896 -0.82123482
vn 0.81381047 -0.58112854 0.0014802639
vn 0.81469023 -0.57989484 0.0013644637
vn 0.77864069 -0.62746871 0.0013119642
vn 0.73611367 -0.6768567 0.0013361988
vn -0.001280533 -0.58021897 0.8144595
vn 0.00080819352 -0.67818189 0.73489374
vn 0.0014156445 -0.70474923 0.70945507
vn -0.81397992 -0.58089185 -0.0011819677
vn -0.73510605 -0.6779514 -0.0010564583
vn -0.73526835 -0.67777514 -0.0010567149
vn 0.0014156445 -0.70474923 0.70945507
vn 0.00080819352 -0.67818189 0.73489374
vn 0.0031872175 -0.7771982 0.62924778
vn 0.0031872175 -0.7771982 0.62924778
vn -0.69955999 -0.0014381256 -0.71457243
vn -0.69956017 -0.0014390103 -0.71457231
vn -0.69661194 0.012122218 -0.7173456
vn 0.7070778 1.7923348e-05 -0.70713574
vn 0.7070778 1.7921575e-05 -0.7071358
vn 0.70707417 1.8967139e-05 -0.70713931
vn 0.70550728 0.00010489529 0.70870256
vn 0.7055074 0.00010489515 0.70870262
vn 0.70550716 0.00010437817 0.7087028
vn 0.70550716 0.00010437817 0.7087028
vn -0.70743215 -1.7053342e-05 0.70678127
vn -0.70743221 -1.7053422e-05 0.70678127
vn -0.70742834 -2.0033187e-05 0.70678508
vn 0.00088309107 -0.67105949 -0.74140316
vn 0.00076466252 -0.7732408 -0.63411212
vn 0.00088217721 -0.67197883 -0.74056977
vn 0.77864069 -0.62746871 0.0013119642
vn 0.81469023 -0.57989484 0.0013644637
vn 0.81660903 -0.57719016 0.0011110327
vn -0.73510605 -0.6779514 -0.0010564583
vn -0.63092452 -0.77584374 -0.00089284737
vn -0.73526835 -0.67777514 -0.0010567149
vn 0.77864069 -0.62746871 0.0013119642
vn 0.63334984 -0.77386475 0.001146191
vn 0.73611367 -0.6768567 0.0013361988
vn 0.9924314 -0.12274697 -0.0036226269
vn 0.99122232 -0.13207284 -0.0059334594
vn 0.99994648 -0.0073164003 -0.0073161731
vn 0.99998659 -0.0036582507 -0.0036585187
vn -0.71232116 0.0012953239 -0.70185256
vn -0.71193957 0.0016133601 -0.70223892
vn -0.71387208 0 -0.70027614
vn -0.71387208 0 -0.70027614
vn 2.7592921e-07 -0.12968726 0.99155498
vn -0.00035097363 -0.12153197 0.99258745
vn 0 0 1
vn 0 0 1
vn -0.00035040168 -0.12153268 -0.99258739
vn 4.4152773e-07 -0.1296881 -0.99155486
vn 0 0 -1
vn 0 0 -1
vn -0.70223558 0.0016140183 -0.71194285
vn -0.70184964 0.0012958517 -0.71232396
vn -0.70027494 0 -0.71387315
vn -0.70027494 0 -0.71387315
vn 0.9914704 -0.1303295 -0.00081953709
vn 0.9924314 -0.12274699 -0.0036226201
vn 0.99998659 -0.0036582509 -0.0036585142
vn 1 0 -7.6324727e-07
vn -0.69736069 -0.16545217 -0.69736177
vn -0.69736069 -0.16545217 -0.69736177
vn -0.70710677 0 -0.70710677
vn -0.70710677 0 -0.70710677
vn -0.71193731 0.0016133642 0.70224112
vn -0.71231884 0.0012953278 0.70185488
vn -0.71386927 0 0.70027894
vn -0.71386927 0 0.70027894
vn 0.70224154 0.001613188 0.71193707
vn 0.70185548 0.0012951954 0.71231824
vn 0.70028019 0 0.7138682
vn 0.70028019 0 0.7138682
vn -0.99254745 -0.1218584 3.6107585e-06
vn -0.99147046 -0.13032949 -0.00081829506
vn -1 0 0
vn -1 0 1.4497487e-06
vn -0.69735986 -0.16545177 0.69736284
vn -0.69735986 -0.16545177 0.69736284
vn -0.70710677 0 0.70710677
vn -0.70710677 0 0.70710677
vn 0.71193731 0.0016130408 -0.70224112
vn 0.71231878 0.0012950576 -0.701855
vn 0.71386921 0 -0.700279
vn 0.71386921 0 -0.700279
vn -0.0008264322 -0.130325 -0.99147099
vn -0.00070112798 -0.12184754 -0.99254858
vn 0 0 -1
vn 0 0 -1
vn 0.69736105 -0.16545223 -0.69736153
vn 0.69736105 -0.16545223 -0.69736153
vn 0.70710593 0 -0.70710766
vn 0.70710593 0 -0.70710766
vn -0.99147052 -0.13032818 0.00082243973
vn -0.99254751 -0.12185806 4.2299871e-06
vn -1 0 2.6704645e-06
vn -1 0 5.3409262e-06
vn 0.69736093 -0.16545226 0.69736159
vn 0.69736093 -0.16545226 0.69736159
vn 0.70710593 0 0.70710766
vn 0.70710593 0 0.70710766
vn -0.00070227194 -0.12184689 0.99254864
vn -0.000827524 -0.13032478 0.99147093
vn 0 0 1
vn 0 0 1
vn -0.70185471 0.0012957256 0.71231908
vn -0.70224047 0.0016138491 0.7119379
vn -0.70028019 0 0.7138682
vn -0.70028019 0 0.7138682
vn 0.70707959 1.7401433e-05 -0.70713401
vn 0.70707959 1.7401433e-05 -0.70713401
vn 0.7070778 1.7921575e-05 -0.7071358
vn 0.7070778 1.7923348e-05 -0.70713574
vn 0.34694606 -0.93788511 -5.5527295e-07
vn 0.52573204 -0.85065025 -7.494198e-08
vn 0.52520269 -0.85097724 -5.1835082e-07
vn 0.34694645 -0.93788499 -7.1499187e-07
vn 0.72645372 -0.68721533 3.3859845e-07
vn 0.88468325 -0.46619207 0.00077712949
vn 0.88540262 -0.46482491 3.6866766e-07
vn 0.72645396 -0.68721509 6.7719697e-07
vn 0.95222056 -0.30541128 7.9441534e-06
vn 0.99122232 -0.13207284 -0.0059334594
vn 0.9924314 -0.12274697 -0.0036226269
vn 0.95188302 -0.30645648 -0.0017848786
vn 0.70188028 0.0012878487 -0.7122938
vn 0.70552373 0.0014644259 -0.7086848
vn 0.7055164 0.0014712097 -0.70869207
vn 0.70227975 0.0016091575 -0.71189934
vn -0.52573192 -0.85065025 4.9961361e-08
vn -0.72645313 -0.68721604 0
vn -0.68317002 -0.73025936 0
vn -0.49164501 -0.87079567 1.437126e-07
vn -0.72645313 -0.68721604 0
vn -0.88468283 -0.46619272 0.00077657617
vn -0.87158591 -0.49024281 0.00037904558
vn -0.68317002 -0.73025936 0
vn 0.70027614 0 -0.71387208
vn 0.70188028 0.0012878487 -0.7122938
vn 0.70227975 0.0016091575 -0.71189934
vn 0.70027614 0 -0.71387208
vn 0.52573204 -0.85065025 -7.494198e-08
vn 0.72645372 -0.68721533 3.3859845e-07
vn 0.72645396 -0.68721509 6.7719697e-07
vn 0.52520269 -0.85097724 -5.1835082e-07
vn 0.88468325 -0.46619207 0.00077712949
vn 0.95222056 -0.30541128 7.9441534e-06
vn 0.95188302 -0.30645648 -0.0017848786
vn 0.88540262 -0.46482491 3.6866766e-07
vn -0.34694657 -0.93788499 -3.5054848e-07
vn -0.52573192 -0.85065025 4.9961361e-08
vn -0.49164501 -0.87079567 1.437126e-07
vn -0.29801816 -0.95456022 1.6978623e-07
vn -4.986947e-07 -1 -9.0247846e-07
vn -0.34694657 -0.93788499 -3.5054848e-07
vn -0.29801816 -0.95456022 1.6978623e-07
vn -2.7820386e-07 -1 -3.6595293e-14
vn -4.986947e-07 -1 -9.0247846e-07
vn 0.34694606 -0.93788511 -5.5527295e-07
vn 0.34694645 -0.93788499 -7.1499187e-07
vn -4.3513577e-07 -1 -1.5128285e-06
vn -0.88468283 -0.46619272 0.00077657617
vn -0.95142019 -0.30789024 0.0017901557
vn -0.94724405 -0.32050884 0.0016987738
vn -0.87158591 -0.49024281 0.00037904558
vn -0.95142019 -0.30789024 0.0017901557
vn -0.99147052 -0.13032818 0.00082243973
vn -0.94724405 -0.32050884 0.0016987738
vn 0 -0.68721557 0.72645342
vn 0 -0.85020339 0.52645433
vn 0 -0.87020528 0.49268916
vn 0 -0.73025894 0.68317056
vn -0.000827524 -0.13032478 0.99147093
vn -0.0017889169 -0.30790332 0.95141608
vn -0.0016558629 -0.32053006 0.9472369
vn 0 -0.85020339 0.52645433
vn -7.995429e-08 -0.93776232 0.34727764
vn -2.3503478e-07 -0.95466077 0.29769585
vn 0 -0.87020528 0.49268916
vn 0 -0.93788511 -0.34694606
vn -8.1900566e-08 -0.99999982 -0.00049557275
vn 0 -0.99999994 -0.0004951132
vn 0 -0.93788511 -0.34694585
vn 0 -0.85065019 -0.5257321
vn 0 -0.93788511 -0.34694606
vn 0 -0.93788511 -0.34694585
vn 0 -0.85065031 -0.5257318
vn -0.00075773499 -0.46621069 -0.88467342
vn 0 -0.68721569 -0.72645342
vn 0 -0.68721586 -0.72645324
vn -0.0010383063 -0.46591553 -0.88482863
vn -0.0008264322 -0.130325 -0.99147099
vn -0.0017879412 -0.30790299 -0.95141602
vn -0.0017304677 -0.307302 -0.95161051
vn -0.00070112798 -0.12184754 -0.99254858
vn 0.71231645 0.0012955866 0.70185727
vn 0.70872366 0.0014724527 0.70548475
vn 0.70872611 0.0014746954 0.7054823
vn 0.71193498 0.0016136874 0.70224351
vn -0.0017889169 -0.30790332 0.95141608
vn -0.00075815857 -0.46621135 0.88467306
vn -0.00035177061 -0.49025419 0.87157941
vn -0.0016558629 -0.32053006 0.9472369
vn -0.00075815857 -0.46621135 0.88467306
vn 0 -0.68721557 0.72645342
vn 0 -0.73025894 0.68317056
vn -0.00035177061 -0.49025419 0.87157941
vn -7.995429e-08 -0.93776232 0.34727764
vn -8.1900566e-08 -0.99999982 -0.00049557275
vn -1.6400416e-07 -1 -0.00018685136
vn -2.3503478e-07 -0.95466077 0.29769585
vn 0 -0.68721569 -0.72645342
vn 0 -0.85065019 -0.5257321
vn 0 -0.85065031 -0.5257318
vn 0 -0.68721586 -0.72645324
vn -0.0017879412 -0.30790299 -0.95141602
vn -0.00075773499 -0.46621069 -0.88467342
vn -0.0010383063 -0.46591553 -0.88482863
vn -0.0017304677 -0.307302 -0.95161051
vn 0.71386707 0 0.70028132
vn 0.71231645 0.0012955866 0.70185727
vn 0.71193498 0.0016136874 0.70224351
vn 0.71386707 0 0.70028132
vn 0.72725391 -0.68636853 -1.7240552e-07
vn 0.88580626 -0.46405458 -0.00078080903
vn 0.87306339 -0.4876065 -0.0003841198
vn 0.68301326 -0.73040599 0
vn 0.88580626 -0.46405458 -0.00078080903
vn 0.95142108 -0.30788743 -0.0017916074
vn 0.9472456 -0.32050416 -0.0017084089
vn 0.87306339 -0.4876065 -0.0003841198
vn 0.34694591 -0.93788522 -8.963913e-08
vn 0.52467263 -0.85130399 -4.9824457e-08
vn 0.49109703 -0.87110496 -1.4324957e-07
vn 0.2980172 -0.95456052 -1.694219e-07
vn -0.52573133 -0.85065061 -2.9427261e-07
vn -0.72645324 -0.68721586 -5.8600983e-07
vn -0.72645342 -0.68721575 -3.4349398e-07
vn -0.52573216 -0.85065025 -2.7406477e-07
vn -0.88468558 -0.4661876 -0.00078134279
vn -0.9514212 -0.30788714 -0.0017901153
vn -0.95161688 -0.30728707 2.6958685e-06
vn -0.88484156 -0.4658919 -5.3108778e-07
vn -0.34694588 -0.93788511 -4.8280049e-07
vn -0.52573133 -0.85065061 -2.9427261e-07
vn -0.52573216 -0.85065025 -2.7406477e-07
vn -0.34694636 -0.93788499 -5.7243926e-07
vn -2.4445822e-07 -1 -3.0517504e-07
vn 0.34694591 -0.93788522 -8.963913e-08
vn 0.2980172 -0.95456052 -1.694219e-07
vn -1.4389852e-07 -1 2.7446464e-14
vn 0.95142108 -0.30788743 -0.0017916074
vn 0.9914704 -0.1303295 -0.00081953709
vn 0.9472456 -0.32050416 -0.0017084089
vn 0.52467263 -0.85130399 -4.9824457e-08
vn 0.72725391 -0.68636853 -1.7240552e-07
vn 0.68301326 -0.73040599 0
vn 0.49109703 -0.87110496 -1.4324957e-07
vn -2.4445822e-07 -1 -3.0517504e-07
vn -0.34694588 -0.93788511 -4.8280049e-07
vn -0.34694636 -0.93788499 -5.7243926e-07
vn -2.1512324e-07 -1 -4.3493578e-09
vn -0.72645324 -0.68721586 -5.8600983e-07
vn -0.88468558 -0.4661876 -0.00078134279
vn -0.88484156 -0.4658919 -5.3108778e-07
vn -0.72645342 -0.68721575 -3.4349398e-07
vn -0.9514212 -0.30788714 -0.0017901153
vn -0.99147046 -0.13032949 -0.00081829506
vn -0.99254745 -0.1218584 3.6107585e-06
vn -0.95161688 -0.30728707 2.6958685e-06
vn 2.2628386e-07 -0.46657205 -0.88448316
vn -1.4102238e-07 -0.68721557 -0.72645348
vn -3.8198414e-07 -0.73025906 -0.68317032
vn 3.3362429e-07 -0.49030119 -0.871553
vn 0 -0.68721557 0.72645348
vn 0 -0.85065007 0.52573222
vn 0 -0.85042679 0.52609342
vn 0 -0.68721557 0.7264536
vn 1.4877514e-07 -0.30784309 0.95143712
vn 0 -0.46657249 0.88448292
vn -0.00051955791 -0.4662444 0.88465583
vn 2.9638304e-07 -0.307843 0.95143712
vn 0 -0.93788499 0.34694615
vn 0 -1 -3.5201981e-07
vn 5.6382868e-07 -0.99999994 -0.00024832974
vn 0 -0.93788505 0.346946
vn -1.4102238e-07 -0.68721557 -0.72645348
vn -1.3956205e-07 -0.85065025 -0.52573192
vn -1.5760587e-07 -0.87059861 -0.49199393
vn -3.8198414e-07 -0.73025906 -0.68317032
vn 4.4152773e-07 -0.1296881 -0.99155486
vn 9.4634419e-07 -0.30784324 -0.95143712
vn 1.4727169e-06 -0.31993547 -0.94743931
vn -1.3956205e-07 -0.85065025 -0.52573192
vn 0 -0.93788511 -0.34694615
vn 0 -0.95431548 -0.29880056
vn -1.5760587e-07 -0.87059861 -0.49199393
vn 9.4634419e-07 -0.30784324 -0.95143712
vn 2.2628386e-07 -0.46657205 -0.88448316
vn 3.3362429e-07 -0.49030119 -0.871553
vn 1.4727169e-06 -0.31993547 -0.94743931
vn 0 -0.93788511 -0.34694615
vn 0 -1 -3.5201981e-07
vn 0 -0.99999273 0.003829024
vn 0 -0.95431548 -0.29880056
vn 0 -0.46657249 0.88448292
vn 0 -0.68721557 0.72645348
vn 0 -0.68721557 0.7264536
vn -0.00051955791 -0.4662444 0.88465583
vn 2.7592921e-07 -0.12968726 0.99155498
vn 1.4877514e-07 -0.30784309 0.95143712
vn 2.9638304e-07 -0.307843 0.95143712
vn -0.00035097363 -0.12153197 0.99258745
vn 0 -0.85065007 0.52573222
vn 0 -0.93788499 0.34694615
vn 0 -0.93788505 0.346946
vn 0 -0.85042679 0.52609342
vn 0 -0.9377622 0.34727785
vn 0 -0.99999994 -0.00049540651
vn 0 -0.99999994 -0.00049586117
vn 0 -0.9377622 0.34727779
vn 0.29801753 -0.95456046 -1.9621281e-07
vn 0.49164474 -0.87079591 -2.1556872e-07
vn 0.52573192 -0.85065031 3.302961e-07
vn 0.34694612 -0.93788505 5.8474546e-07
vn 0.49164474 -0.87079591 -2.1556872e-07
vn 0.68317044 -0.730259 0
vn 0.72645384 -0.68721521 3.3859843e-07
vn 0.52573192 -0.85065031 3.302961e-07
vn 0.68317044 -0.730259 0
vn 0.87158632 -0.49024194 0.00037870315
vn 0.88468313 -0.4661921 0.00077712949
vn 0.72645384 -0.68721521 3.3859843e-07
vn 0.87158632 -0.49024194 0.00037870315
vn 0.94819319 -0.31769001 0.0016725282
vn 0.9522205 -0.30541128 8.8805564e-06
vn 0.88468313 -0.4661921 0.00077712949
vn 0.94819319 -0.31769001 0.0016725282
vn 0.99122226 -0.13207276 -0.0059336703
vn 0.9522205 -0.30541128 8.8805564e-06
vn -2.1105114e-07 -1 7.3190565e-14
vn -0.29801726 -0.9545604 1.6942194e-07
vn -0.34694585 -0.93788522 8.9639109e-08
vn 1.8578822e-07 -1 6.9940046e-14
vn 0 -0.87079525 0.49164566
vn 0 -0.85065007 0.52573222
vn 0 -0.68721545 0.7264536
vn 0 -0.730259 0.68317038
vn 0 -0.730259 0.68317038
vn 0 -0.68721545 0.7264536
vn 2.3217935e-07 -0.46657228 0.8844831
vn 0 -0.49030152 0.87155288
vn 0 -0.49030152 0.87155288
vn 2.3217935e-07 -0.46657228 0.8844831
vn 8.0344887e-07 -0.30784288 0.95143718
vn 9.3936404e-07 -0.31993526 0.94743943
vn 9.3936404e-07 -0.31993526 0.94743943
vn 8.0344887e-07 -0.30784288 0.95143718
vn 1.6559875e-07 -0.12968737 0.99155498
vn 0.34694597 -0.93788511 0
vn 0.52467281 -0.85130399 0
vn 0.52467275 -0.85130399 -4.982445e-08
vn 0.34694603 -0.93788511 -8.9639123e-08
vn -2.1512324e-07 -1 -4.3493578e-09
vn -0.34694636 -0.93788499 -5.7243926e-07
vn -0.34694654 -0.93788499 8.9847433e-08
vn -2.3956912e-07 -1 3.0082614e-07
vn 0 -0.95456052 -0.29801741
vn 0 -0.93788505 -0.34694612
vn 0 -0.85065025 -0.5257321
vn 0 -0.87115598 -0.49100643
vn 0 -0.87115598 -0.49100643
vn 0 -0.85065025 -0.5257321
vn 0 -0.68721527 -0.7264539
vn 0 -0.72913736 -0.68436742
vn 0 -0.72913736 -0.68436742
vn 0 -0.68721527 -0.7264539
vn -0.00075794681 -0.46621004 -0.88467371
vn -0.00035526758 -0.48959601 -0.87194937
vn -0.00035526758 -0.48959601 -0.87194937
vn -0.00075794681 -0.46621004 -0.88467371
vn -0.0017882925 -0.30790326 -0.95141596
vn -0.0016558659 -0.32052916 -0.94723719
vn -0.0016558659 -0.32052916 -0.94723719
vn -0.0017882925 -0.30790326 -0.95141596
vn -0.00082670571 -0.13032565 -0.99147093
vn -2.5901738e-07 -1 -4.5744116e-14
vn 0.29801753 -0.95456046 -1.9621281e-07
vn 0.34694612 -0.93788505 5.8474546e-07
vn -2.3956912e-07 -1 3.0082614e-07
vn -0.4916442 -0.87079614 6.486561e-08
vn -0.68316984 -0.7302596 -4.1219431e-07
vn -0.7264533 -0.68721581 -5.8600978e-07
vn -0.5257315 -0.85065055 -2.0207464e-08
vn -0.68316984 -0.7302596 -4.1219431e-07
vn -0.87158817 -0.49023849 -0.00038547002
vn -0.88468552 -0.46618772 -0.00078088604
vn -0.7264533 -0.68721581 -5.8600978e-07
vn -0.87158817 -0.49023849 -0.00038547002
vn -0.9472456 -0.32050416 -0.0017075614
vn -0.9514212 -0.30788723 -0.0017890655
vn -0.88468552 -0.46618772 -0.00078088604
vn -0.9472456 -0.32050416 -0.0017075614
vn -0.99147046 -0.13032919 -0.00081718748
vn -0.9514212 -0.30788723 -0.0017890655
vn -0.29801726 -0.9545604 1.6942194e-07
vn -0.4916442 -0.87079614 6.486561e-08
vn -0.5257315 -0.85065055 -2.0207464e-08
vn -0.34694585 -0.93788522 8.9639109e-08
vn -0.88484156 -0.4658919 -5.3108778e-07
vn -0.95161688 -0.30728707 2.6958685e-06
vn -0.95142019 -0.30789027 0.0017907382
vn -0.88468307 -0.46619236 0.00077657617
vn -0.52573216 -0.85065025 -2.7406477e-07
vn -0.72645342 -0.68721575 -3.4349398e-07
vn -0.72645319 -0.68721598 0
vn -0.52573192 -0.85065031 4.9961365e-08
vn -0.95161688 -0.30728707 2.6958685e-06
vn -0.99254745 -0.1218584 3.6107585e-06
vn -0.99147052 -0.13032857 0.00082240038
vn -0.95142019 -0.30789027 0.0017907382
vn -0.72645342 -0.68721575 -3.4349398e-07
vn -0.88484156 -0.4658919 -5.3108778e-07
vn -0.88468307 -0.46619236 0.00077657617
vn -0.72645319 -0.68721598 0
vn 0 -0.95456046 0.29801732
vn -6.0344473e-07 -0.93788499 0.3469463
vn 0 -0.85065007 0.52573222
vn 0 -0.87079525 0.49164566
vn -0.0017331615 -0.30730194 0.95161051
vn -0.0010395768 -0.46591517 0.88482887
vn -0.00075837038 -0.46621108 0.88467318
vn -0.001789268 -0.30790362 0.9514159
vn 0 -0.68721533 0.72645372
vn 0 -0.85020357 0.52645409
vn 0 -0.85020328 0.52645451
vn 0 -0.68721545 0.72645366
vn 5.7692125e-07 -0.99999994 0
vn 0.34694597 -0.93788511 0
vn 0.34694603 -0.93788511 -8.9639123e-08
vn 1.8578822e-07 -1 6.9940046e-14
vn -0.00070255983 -0.12184703 0.99254864
vn -0.0017331615 -0.30730194 0.95161051
vn -0.001789268 -0.30790362 0.9514159
vn -0.00082779845 -0.13032497 0.99147105
vn -0.0010395768 -0.46591517 0.88482887
vn 0 -0.68721533 0.72645372
vn 0 -0.68721545 0.72645366
vn -0.00075837038 -0.46621108 0.88467318
vn 0 -0.85020357 0.52645409
vn 0 -0.9377622 0.34727785
vn 0 -0.9377622 0.34727779
vn 0 -0.85020328 0.52645451
vn 0.95161581 -0.3072857 -0.0017070174
vn 0.99254715 -0.12185925 -0.0006771264
vn 0.99147046 -0.13032919 -0.00081862492
vn 0.95142108 -0.30788726 -0.001790626
vn 0.72725379 -0.68636876 0
vn 0.88596225 -0.46375605 -0.0010386521
vn 0.88580614 -0.46405473 -0.00077995379
vn 0.72725391 -0.68636858 0
vn -0.34694636 -0.93788499 -5.7243926e-07
vn -0.52573216 -0.85065025 -2.7406477e-07
vn -0.52573192 -0.85065031 4.9961365e-08
vn -0.34694654 -0.93788499 8.9847433e-08
vn 0.88596225 -0.46375605 -0.0010386521
vn 0.95161581 -0.3072857 -0.0017070174
vn 0.95142108 -0.30788726 -0.001790626
vn 0.88580614 -0.46405473 -0.00077995379
vn 0.52467281 -0.85130399 0
vn 0.72725379 -0.68636876 0
vn 0.72725391 -0.68636858 0
vn 0.52467275 -0.85130399 -4.982445e-08
vn 0 -0.99999994 -0.00018699502
vn 0 -0.99999994 -0.00049586117
vn 0 -0.93788505 -0.34694612
vn 0 -0.95456052 -0.29801741
vn -0.00035083591 -0.12153286 -0.99258733
vn 0 -0.30784342 -0.95143706
vn 5.7192472e-07 -0.30784318 -0.95143712
vn 1.6559888e-07 -0.12968819 -0.9915548
vn -0.00051987474 -0.46624345 -0.88465625
vn -7.7808039e-07 -0.68721527 -0.72645372
vn 0 -0.68721533 -0.72645372
vn 0 -0.46657187 -0.88448328
vn -9.6312453e-07 -0.85065013 -0.5257321
vn 0 -0.93788499 -0.34694657
vn 0 -0.93788505 -0.3469463
vn 0 -0.85065031 -0.52573192
vn 0 -0.99999273 0.0038289262
vn -6.1830309e-07 -0.99999994 -4.644705e-07
vn -6.0344473e-07 -0.93788499 0.3469463
vn 0 -0.95456046 0.29801732
vn 0 -0.30784342 -0.95143706
vn -0.00051987474 -0.46624345 -0.88465625
vn 0 -0.46657187 -0.88448328
vn 5.7192472e-07 -0.30784318 -0.95143712
vn -7.7808039e-07 -0.68721527 -0.72645372
vn -9.6312453e-07 -0.85065013 -0.5257321
vn 0 -0.85065031 -0.52573192
vn 0 -0.68721533 -0.72645372
vn 0 -0.93788499 -0.34694657
vn -1.2366055e-06 -1 -9.5827693e-07
vn -6.1830309e-07 -0.99999994 -4.644705e-07
vn 0 -0.93788505 -0.3469463
vn -0.70695269 -0.00021425962 -0.70726079
vn -0.7169652 0.0010078634 -0.69710827
vn -0.71693778 0.0010085292 -0.69713658
vn -0.70695198 -0.00021511689 -0.7072615
vn 0.69956672 -0.028055517 -0.71401632
vn 0.70369792 -0.011912535 -0.71039945
vn 0.70369917 -0.01190746 -0.7103982
vn 0.69956672 -0.028055517 -0.71401632
vn 0.70816123 -0.0055105234 0.7060293
vn 0.70714873 0.00095225713 0.70706427
vn 0.70714837 0.00094980025 0.70706457
vn 0.70816565 -0.0055204565 0.70602477
vn 0.71064305 -0.014038011 -0.70341271
vn 0.71402013 -0.028076159 -0.69956201
vn 0.71402013 -0.028076159 -0.69956201
vn 0.71064192 -0.014033616 -0.7034139
vn -0.69956023 -0.028084662 0.7140215
vn -0.70341164 -0.014045573 0.71064395
vn -0.70341295 -0.014040874 0.71064276
vn -0.69956023 -0.028084662 0.7140215
vn 0.70710701 3.2206467e-06 -0.70710653
vn 0.71064305 -0.014038011 -0.70341271
vn 0.71064192 -0.014033616 -0.7034139
vn 0.70710701 3.2206895e-06 -0.70710659
vn -0.70607746 -0.00098908728 -0.70813394
vn -0.70695269 -0.00021425962 -0.70726079
vn -0.70695198 -0.00021511689 -0.7072615
vn -0.70607746 -0.00098921941 -0.708134
vn -0.70952547 -0.0090948856 0.70462102
vn -0.71084297 -0.015993387 0.70316893
vn -0.71084195 -0.015989907 0.70316994
vn -0.70952904 -0.009104263 0.70461732
vn -0.70341164 -0.014045573 0.71064395
vn -0.70710599 -1.6541331e-06 0.70710754
vn -0.70710599 -1.6549448e-06 0.7071076
vn -0.70341295 -0.014040874 0.71064276
vn 0.70714873 0.00095225713 0.70706427
vn 0.70699555 0.0023065787 0.7072143
vn 0.70699489 0.00230395 0.70721495
vn 0.70714837 0.00094980025 0.70706457
vn 0.70369792 -0.011912535 -0.71039945
vn 0.70442349 0.013497639 -0.70965153
vn 0.70443493 0.013465006 -0.70964092
vn 0.70369917 -0.01190746 -0.7103982
vn 0.70710742 1.566508e-06 -0.70710617
vn 0.70710701 3.2206467e-06 -0.70710653
vn 0.70710701 3.2206895e-06 -0.70710659
vn 0.70710742 1.5665524e-06 -0.70710617
vn -0.70839858 0.00130625 -0.70581144
vn -0.70607746 -0.00098908728 -0.70813394
vn -0.70607746 -0.00098921941 -0.708134
vn -0.7084015 0.0013087338 -0.70580846
vn -0.71403223 -0.012699749 0.69999766
vn -0.70952547 -0.0090948856 0.70462102
vn -0.70952904 -0.009104263 0.70461732
vn -0.71404326 -0.012694301 0.69998652
vn -0.70710599 -1.6541331e-06 0.70710754
vn -0.70710665 0 0.70710683
vn -0.70710677 0 0.70710689
vn -0.70710599 -1.6549448e-06 0.7071076
vn 0.70699555 0.0023065787 0.7072143
vn 0.70515603 0.0016364437 0.70905012
vn 0.70515412 0.0016384266 0.70905215
vn 0.70699489 0.00230395 0.70721495
vn 0.70442349 0.013497639 -0.70965153
vn 0.71584922 0.0072683701 -0.69821703
vn 0.71580243 0.0073184608 -0.69826454
vn 0.70443493 0.013465006 -0.70964092
vn 0.70710737 4.3754696e-07 -0.70710623
vn 0.70710742 1.566508e-06 -0.70710617
vn 0.70710742 1.5665524e-06 -0.70710617
vn 0.70710737 4.3782842e-07 -0.70710623
vn -0.71232086 0.0012946655 -0.7018528
vn -0.70839858 0.00130625 -0.70581144
vn -0.7084015 0.0013087338 -0.70580846
vn -0.71193922 0.0016125402 -0.70223916
vn -0.71414453 -0.0068307472 0.699965
vn -0.71403223 -0.012699749 0.69999766
vn -0.71404326 -0.012694301 0.69998652
vn -0.71415776 -0.0068545905 0.69995129
vn -0.70710665 0 0.70710683
vn -0.70710754 -4.3754648e-07 0.70710605
vn -0.70710754 -4.3782794e-07 0.70710605
vn -0.70710677 0 0.70710689
vn 0.71584922 0.0072683701 -0.69821703
vn 0.72095042 -0.0029384387 -0.69298053
vn 0.72087467 -0.0028953438 -0.69305933
vn 0.71580243 0.0073184608 -0.69826454
vn 0.70515603 0.0016364437 0.70905012
vn 0.70185459 0.0012957212 0.71231914
vn 0.70224071 0.001613849 0.71193779
vn 0.70515412 0.0016384266 0.70905215
vn 0.64424717 -0.41218054 0.64424586
vn 0.69736111 -0.16545278 0.69736129
vn 0.69736111 -0.16545278 0.69736129
vn 0.64424723 -0.41218057 0.64424586
vn 0.56896394 -0.59376878 0.56896287
vn 0.64424717 -0.41218054 0.64424586
vn 0.64424723 -0.41218057 0.64424586
vn 0.568964 -0.59376854 0.56896287
vn 0.4285928 -0.79537213 0.42859232
vn 0.56896394 -0.59376878 0.56896287
vn 0.568964 -0.59376854 0.56896287
vn 0.42859274 -0.79537219 0.42859229
vn 0.2837539 -0.91595179 0.2837536
vn 0.4285928 -0.79537213 0.42859232
vn 0.42859274 -0.79537219 0.42859229
vn 0.28375387 -0.91595179 0.28375357
vn 0.18050826 -0.96684891 0.18060991
vn 0.2837539 -0.91595179 0.2837536
vn 0.28375387 -0.91595179 0.28375357
vn 0.18050832 -0.96684891 0.18060997
vn -0.69735968 -0.16545203 0.69736284
vn -0.64424509 -0.41218016 0.64424831
vn -0.64424521 -0.41217968 0.64424831
vn -0.69735968 -0.16545203 0.69736284
vn -0.64424509 -0.41218016 0.64424831
vn -0.56896263 -0.59376943 0.56896347
vn -0.56896257 -0.59376943 0.56896347
vn -0.64424521 -0.41217968 0.64424831
vn -0.56896263 -0.59376943 0.56896347
vn -0.42858857 -0.79537684 0.42858776
vn -0.42859542 -0.79536951 0.42859462
vn -0.56896257 -0.59376943 0.56896347
vn -0.42858857 -0.79537684 0.42858776
vn -0.28339818 -0.91586661 0.28438324
vn -0.28337455 -0.9158811 0.28436014
vn -0.42859542 -0.79536951 0.42859462
vn -0.28339818 -0.91586661 0.28438324
vn -0.18009688 -0.96673054 0.18165132
vn -0.17955002 -0.96693558 0.18110034
vn -0.28337455 -0.9158811 0.28436014
vn 0.64423907 -0.41219682 -0.64424366
vn 0.69736111 -0.1654522 -0.69736147
vn 0.69736111 -0.1654522 -0.69736147
vn 0.64424503 -0.4121781 -0.64424968
vn 0.57061267 -0.59313303 -0.56797397
vn 0.64423907 -0.41219682 -0.64424366
vn 0.64424503 -0.4121781 -0.64424968
vn 0.57058018 -0.59319699 -0.5679397
vn 0.43155542 -0.79458851 -0.42707023
vn 0.57061267 -0.59313303 -0.56797397
vn 0.57058018 -0.59319699 -0.5679397
vn 0.4305934 -0.79562163 -0.42611682
vn 0.28015319 -0.91528499 -0.28942615
vn 0.43155542 -0.79458851 -0.42707023
vn 0.4305934 -0.79562163 -0.42611682
vn 0.27972731 -0.91551679 -0.28910497
vn 0.16964735 -0.96767569 -0.18661101
vn 0.28015319 -0.91528499 -0.28942615
vn 0.27972731 -0.91551679 -0.28910497
vn 0.17545015 -0.96539909 -0.19292945
vn -0.18009688 -0.96673054 0.18165132
vn -0.12303445 -0.98460537 0.12415644
vn -0.12303445 -0.98460537 0.12415644
vn -0.17955002 -0.96693558 0.18110034
vn 0.11617269 -0.98489755 -0.12837754
vn 0.16964735 -0.96767569 -0.18661101
vn 0.17545015 -0.96539909 -0.19292945
vn 0.11617269 -0.98489755 -0.12837754
vn -0.64420021 -0.41227648 -0.64423132
vn -0.69736058 -0.16545185 -0.69736207
vn -0.69736058 -0.16545185 -0.69736207
vn -0.64424199 -0.41214627 -0.64427304
vn -0.5611338 -0.59080082 -0.57972699
vn -0.64420021 -0.41227648 -0.64423132
vn -0.64424199 -0.41214627 -0.64427304
vn -0.56175905 -0.58978969 -0.58015084
vn -0.41708791 -0.79063147 -0.44826287
vn -0.5611338 -0.59080082 -0.57972699
vn -0.56175905 -0.58978969 -0.58015084
vn -0.411742 -0.7966159 -0.44257396
vn -0.27657449 -0.91651148 -0.28898644
vn -0.41708791 -0.79063147 -0.44826287
vn -0.411742 -0.7966159 -0.44257396
vn -0.27628195 -0.91672033 -0.28860366
vn -0.18051636 -0.9668451 -0.18062204
vn -0.27657449 -0.91651148 -0.28898644
vn -0.27628195 -0.91672033 -0.28860366
vn -0.18046273 -0.96686518 -0.1805685
vn 0.12364714 -0.98456711 0.12385107
vn 0.18050826 -0.96684891 0.18060991
vn 0.18050832 -0.96684891 0.18060997
vn 0.12364714 -0.98456711 0.12385107
vn -0.12360895 -0.98457766 -0.12380495
vn -0.18051636 -0.9668451 -0.18062204
vn -0.18046273 -0.96686518 -0.1805685
vn -0.12360895 -0.98457766 -0.12380495
vn -0.71084297 -0.015993387 0.70316893
vn -0.71394867 -0.02777373 0.69964713
vn -0.71394867 -0.02777373 0.69964713
vn -0.71084195 -0.015989907 0.70316994
vn -0.70548022 0.0014729724 -0.70872808
vn -0.70185071 0.001295851 -0.71232295
vn -0.70223641 0.0016140174 -0.7119419
vn -0.70547777 0.0014752152 -0.70873058
vn 0.71195233 -0.022078855 0.70188057
vn 0.70816123 -0.0055105234 0.7060293
vn 0.70816565 -0.0055204565 0.70602477
vn 0.71194029 -0.022008974 0.70189512
vn 0.70872414 0.0014728225 0.70548415
vn 0.70710766 -1.2388333e-06 0.70710593
vn 0.7071076 -1.2380365e-06 0.70710588
vn 0.70872664 0.001475065 0.70548171
vn -0.7169652 0.0010078634 -0.69710827
vn -0.70470583 -0.0078567713 -0.70945609
vn -0.70461047 -0.0078956205 -0.70955032
vn -0.71693778 0.0010085292 -0.69713658
vn 0.70361972 -0.013138274 0.71045524
vn 0.70109338 -0.027787024 0.71252793
vn 0.70109338 -0.027787024 0.71252793
vn 0.7036193 -0.013140383 0.7104556
vn -0.70710623 -6.1941557e-07 -0.70710737
vn -0.70548022 0.0014729724 -0.70872808
vn -0.70547777 0.0014752152 -0.70873058
vn -0.70710623 -6.1901716e-07 -0.70710742
vn -0.71404344 -0.028775046 -0.6995098
vn -0.71076888 -0.014809412 -0.7032696
vn -0.71076632 -0.014798601 -0.70327252
vn -0.71404344 -0.028775046 -0.6995098
vn 0.70710766 -1.2388333e-06 0.70710593
vn 0.70718277 0.00014209277 0.70703077
vn 0.70718271 0.00014209769 0.70703083
vn 0.7071076 -1.2380365e-06 0.70710588
vn 0.71419519 -0.035437338 0.69904906
vn 0.71195233 -0.022078855 0.70188057
vn 0.71194029 -0.022008974 0.70189512
vn 0.71419519 -0.035437338 0.69904906
vn -0.70470583 -0.0078567713 -0.70945609
vn -0.68303186 -0.01654762 -0.73020113
vn -0.68303186 -0.01654762 -0.73020113
vn -0.70461047 -0.0078956205 -0.70955032
vn -0.70718253 -0.00014316892 -0.70703101
vn -0.70710623 -6.1941557e-07 -0.70710737
vn -0.70710623 -6.1901716e-07 -0.70710742
vn -0.70718253 -0.00014317311 -0.70703107
vn 0.70718277 0.00014209277 0.70703077
vn 0.7066229 0.0008965914 0.70758975
vn 0.70662272 0.00089679752 0.70758992
vn 0.70718271 0.00014209769 0.70703083
vn 0.71100253 0.0026252747 -0.70318466
vn 0.71231782 0.0012946568 -0.7018559
vn 0.71193624 0.0016125421 -0.70224231
vn 0.71100152 0.002625752 -0.70318562
vn -0.70872527 0.0014720897 0.70548302
vn -0.71231878 0.0012954596 0.70185494
vn -0.71193731 0.0016135287 0.70224112
vn -0.70872766 0.0014743307 0.70548058
vn -0.70729792 -0.00055938971 -0.70691532
vn -0.70718253 -0.00014316892 -0.70703101
vn -0.70718253 -0.00014317311 -0.70703107
vn -0.70729804 -0.00055958197 -0.70691532
vn -0.70185548 0.0012957241 0.71231812
vn -0.70775193 0.00032895716 0.70646101
vn -0.70774609 0.00033287826 0.70646679
vn -0.702241 0.0016138536 0.71193737
vn 0.7066229 0.0008965914 0.70758975
vn 0.70361972 -0.013138274 0.71045524
vn 0.7036193 -0.013140383 0.7104556
vn 0.70662272 0.00089679752 0.70758992
vn 0.72095042 -0.0029384387 -0.69298053
vn 0.71100253 0.0026252747 -0.70318466
vn 0.71100152 0.002625752 -0.70318562
vn 0.72087467 -0.0028953438 -0.69305933
vn -0.71076888 -0.014809412 -0.7032696
vn -0.70729792 -0.00055938971 -0.70691532
vn -0.70729804 -0.00055958197 -0.70691532
vn -0.71076632 -0.014798601 -0.70327252
vn -0.70710754 -4.3754648e-07 0.70710605
vn -0.70872527 0.0014720897 0.70548302
vn -0.70872766 0.0014743307 0.70548058
vn -0.70710754 -4.3782794e-07 0.70710605
vn -0.70775193 0.00032895716 0.70646101
vn -0.71414453 -0.0068307472 0.699965
vn -0.71415776 -0.0068545905 0.69995129
vn -0.70774609 0.00033287826 0.70646679
vn 0.70552433 0.0014644273 -0.70868415
vn 0.70710737 4.3754696e-07 -0.70710623
vn 0.70710737 4.3782842e-07 -0.70710623
vn 0.70551699 0.001471211 -0.70869154
vn 0.70550555 0.00010231713 0.70870441
vn 0.70550555 0.00010231713 0.70870441
vn 0.70550627 0.00010511556 0.70870352
vn 0.70550632 0.00010511408 0.7087037
vn -0.70097429 -0.0081822639 -0.71313953
vn -0.70097429 -0.0081822639 -0.71313953
vn -0.69956017 -0.0014372426 -0.71457231
vn -0.69955987 -0.0014363818 -0.71457243
vn -0.70743221 -1.7382101e-05 0.70678133
vn -0.70743221 -1.7382101e-05 0.70678133
vn -0.7074309 -1.743565e-05 0.70678258
vn -0.7074309 -1.7435645e-05 0.70678252
vn 0.00088731007 -0.67105752 -0.74140489
vn 0.00088643737 -0.67197627 -0.74057215
vn 0.00097006321 -0.5705871 -0.82123649
vn 0.81380659 -0.58113396 0.0014802814
vn 0.81468916 -0.57989633 0.0013644446
vn 0.77864081 -0.62746865 0.0013119726
vn 0.73611355 -0.67685682 0.0013362041
vn -0.0012824272 -0.5802176 0.81446046
vn 0.0008071831 -0.67818063 0.73489487
vn 0.0014148839 -0.70474762 0.70945662
vn -0.8139779 -0.58089459 -0.0011819649
vn -0.73510408 -0.67795354 -0.0010564554
vn -0.73526615 -0.67777771 -0.0010567118
vn 0.0014148839 -0.70474762 0.70945662
vn 0.0008071831 -0.67818063 0.73489487
vn 0.0031872268 -0.77719682 0.62924963
vn 0.0031872268 -0.77719682 0.62924963
vn -0.69955987 -0.0014363818 -0.71457243
vn -0.69956017 -0.0014372426 -0.71457231
vn -0.69661194 0.012123863 -0.7173456
vn 0.7070778 1.7583145e-05 -0.7071358
vn 0.70707774 1.7582835e-05 -0.70713574
vn 0.70707417 1.7764345e-05 -0.70713931
vn 0.70550632 0.00010511408 0.7087037
vn 0.70550627 0.00010511556 0.70870352
vn 0.70550799 0.00011074205 0.70870203
vn 0.70550799 0.00011074205 0.70870203
vn -0.7074309 -1.7435645e-05 0.70678252
vn -0.7074309 -1.743565e-05 0.70678258
vn -0.70742834 -1.7543316e-05 0.70678508
vn 0.00088731007 -0.67105752 -0.74140489
vn 0.0007736616 -0.77323878 -0.63411462
vn 0.00088643737 -0.67197627 -0.74057215
vn 0.77864081 -0.62746865 0.0013119726
vn 0.81468916 -0.57989633 0.0013644446
vn 0.81661314 -0.57718438 0.0011110383
vn -0.73510408 -0.67795354 -0.0010564554
vn -0.6309222 -0.77584565 -0.00089284411
vn -0.73526615 -0.67777771 -0.0010567118
vn 0.77864081 -0.62746865 0.0013119726
vn 0.63335532 -0.77386028 0.0011461845
vn 0.73611355 -0.67685682 0.0013362041
vn 0.9924314 -0.12274699 -0.0036226201
vn 0.99122226 -0.13207276 -0.0059336703
vn 0.99994642 -0.0073164008 -0.0073161642
vn 0.99998659 -0.0036582509 -0.0036585142
vn -0.71232086 0.0012946655 -0.7018528
vn -0.71193922 0.0016125402 -0.70223916
vn -0.71387208 0 -0.70027614
vn -0.71387208 0 -0.70027614
vn 1.6559875e-07 -0.12968737 0.99155498
vn -0.00035140797 -0.12153182 0.99258751
vn 0 0 1
vn 0 0 1
vn -0.00035083591 -0.12153286 -0.99258733
vn 1.6559888e-07 -0.12968819 -0.9915548
vn 0 0 -1
vn 0 0 -1
vn -0.70223641 0.0016140174 -0.7119419
vn -0.70185071 0.001295851 -0.71232295
vn -0.70027655 0 -0.71387166
vn -0.70027655 0 -0.71387166
vn 0.99147046 -0.13032919 -0.00081862492
vn 0.99254715 -0.12185925 -0.0006771264
vn 1 0 0
vn 1 0 0
vn -0.69736058 -0.16545185 -0.69736207
vn -0.69736058 -0.16545185 -0.69736207
vn -0.70710677 0 -0.70710677
vn -0.70710677 0 -0.70710677
vn -0.71193731 0.0016135287 0.70224112
vn -0.71231878 0.0012954596 0.70185494
vn -0.71386927 0 0.70027894
vn -0.71386927 0 0.70027894
vn 0.70224071 0.001613849 0.71193779
vn 0.70185459 0.0012957212 0.71231914
vn 0.700279 0 0.71386921
vn 0.700279 0 0.71386921
vn -0.99254721 -0.12185905 -0.00067593856
vn -0.99147046 -0.13032919 -0.00081718748
vn -1 0 0
vn -1 0 0
vn -0.69735968 -0.16545203 0.69736284
vn -0.69735968 -0.16545203 0.69736284
vn -0.70710677 0 0.70710677
vn -0.70710677 0 0.70710677
vn 0.71193624 0.0016125421 -0.70224231
vn 0.71231782 0.0012946568 -0.7018559
vn 0.71386921 0 -0.700279
vn 0.71386921 0 -0.700279
vn -0.00082670571 -0.13032565 -0.99147093
vn -0.0007014157 -0.12184822 -0.99254847
vn 0 0 -1
vn 0 0 -1
vn 0.69736111 -0.1654522 -0.69736147
vn 0.69736111 -0.1654522 -0.69736147
vn 0.70710593 0 -0.70710766
vn 0.70710593 0 -0.70710766
vn -0.99147052 -0.13032857 0.00082240038
vn -0.99254745 -0.1218584 3.6107585e-06
vn -1 0 1.4497487e-06
vn -1 0 2.8994962e-06
vn 0.69736111 -0.16545278 0.69736129
vn 0.69736111 -0.16545278 0.69736129
vn 0.70710593 0 0.70710766
vn 0.70710593 0 0.70710766
vn -0.00070255983 -0.12184703 0.99254864
vn -0.00082779845 -0.13032497 0.99147105
vn 0 0 1
vn 0 0 1
vn -0.70185548 0.0012957241 0.71231812
vn -0.702241 0.0016138536 0.71193737
vn -0.70028245 0 0.71386594
vn -0.70028245 0 0.71386594
vn 0.70707959 1.7492541e-05 -0.70713401
vn 0.70707959 1.7492541e-05 -0.70713401
vn 0.70707774 1.7582835e-05 -0.70713574
vn 0.7070778 1.7583145e-05 -0.7071358
vn 0.34694612 -0.93788505 5.8474546e-07
vn 0.52573192 -0.85065031 3.302961e-07
vn 0.52520251 -0.85097724 4.0521559e-07
vn 0.34694615 -0.93788511 6.9962255e-07
vn 0.72645384 -0.68721521 3.3859843e-07
vn 0.88468313 -0.4661921 0.00077712949
vn 0.88540256 -0.46482506 -3.091256e-08
vn 0.72645396 -0.68721503 6.7719685e-07
vn 0.9522205 -0.30541128 8.8805564e-06
vn 0.99122226 -0.13207276 -0.0059336703
vn 0.9924314 -0.12274699 -0.0036226201
vn 0.95188302 -0.30645648 -0.0017851008
vn 0.70187998 0.0012878497 -0.7122941
vn 0.70552433 0.0014644273 -0.70868415
vn 0.70551699 0.001471211 -0.70869154
vn 0.70227939 0.0016091592 -0.71189964
vn -0.52573192 -0.85065031 4.9961365e-08
vn -0.72645319 -0.68721598 0
vn -0.68317002 -0.7302593 0
vn -0.49164501 -0.87079567 1.437126e-07
vn -0.72645319 -0.68721598 0
vn -0.88468307 -0.46619236 0.00077657617
vn -0.87158602 -0.49024242 0.00037904535
vn -0.68317002 -0.7302593 0
vn 0.70027614 0 -0.71387208
vn 0.70187998 0.0012878497 -0.7122941
vn 0.70227939 0.0016091592 -0.71189964
vn 0.70027614 0 -0.71387208
vn 0.52573192 -0.85065031 3.302961e-07
vn 0.72645384 -0.68721521 3.3859843e-07
vn 0.72645396 -0.68721503 6.7719685e-07
vn 0.52520251 -0.85097724 4.0521559e-07
vn 0.88468313 -0.4661921 0.00077712949
vn 0.9522205 -0.30541128 8.8805564e-06
vn 0.95188302 -0.30645648 -0.0017851008
vn 0.88540256 -0.46482506 -3.091256e-08
vn -0.34694654 -0.93788499 8.9847433e-08
vn -0.52573192 -0.85065031 4.9961365e-08
vn -0.49164501 -0.87079567 1.437126e-07
vn -0.29801816 -0.95456022 1.6978623e-07
vn -2.3956912e-07 -1 3.0082614e-07
vn -0.34694654 -0.93788499 8.9847433e-08
vn -0.29801816 -0.95456022 1.6978623e-07
vn -2.5901738e-07 -1 -4.5744116e-14
vn -2.3956912e-07 -1 3.0082614e-07
vn 0.34694612 -0.93788505 5.8474546e-07
vn 0.34694615 -0.93788511 6.9962255e-07
vn -2.1512324e-07 -1 -4.3493578e-09
vn -0.88468307 -0.46619236 0.00077657617
vn -0.95142019 -0.30789027 0.0017907382
vn -0.94724405 -0.32050872 0.0016987758
vn -0.87158602 -0.49024242 0.00037904535
vn -0.95142019 -0.30789027 0.0017907382
vn -0.99147052 -0.13032857 0.00082240038
vn -0.94724405 -0.32050872 0.0016987758
vn 0 -0.68721545 0.72645366
vn 0 -0.85020328 0.52645451
vn 0 -0.87020522 0.49268946
vn 0 -0.73025894 0.68317056
vn -0.00082779845 -0.13032497 0.99147105
vn -0.001789268 -0.30790362 0.9514159
vn -0.0016558626 -0.32053059 0.94723672
vn 0 -0.85020328 0.52645451
vn 0 -0.9377622 0.34727779
vn 0 -0.95466077 0.29769576
vn 0 -0.87020522 0.49268946
vn 0 -0.93788505 -0.34694612
vn 0 -0.99999994 -0.00049586117
vn 0 -0.99999994 -0.00049540651
vn 0 -0.93788511 -0.34694594
vn 0 -0.85065025 -0.5257321
vn 0 -0.93788505 -0.34694612
vn 0 -0.93788511 -0.34694594
vn 0 -0.85065031 -0.5257318
vn -0.00075794681 -0.46621004 -0.88467371
vn 0 -0.68721527 -0.7264539
vn 0 -0.68721533 -0.72645372
vn -0.0010387298 -0.46591485 -0.88482898
vn -0.00082670571 -0.13032565 -0.99147093
vn -0.0017882925 -0.30790326 -0.95141596
vn -0.0017311752 -0.30730253 -0.95161027
vn -0.0007014157 -0.12184822 -0.99254847
vn 0.71231622 0.0012957196 0.70185757
vn 0.70872414 0.0014728225 0.70548415
vn 0.70872664 0.001475065 0.70548171
vn 0.71193469 0.0016138532 0.70224386
vn -0.001789268 -0.30790362 0.9514159
vn -0.00075837038 -0.46621108 0.88467318
vn -0.00035177058 -0.49025413 0.87157953
vn -0.0016558626 -0.32053059 0.94723672
vn -0.00075837038 -0.46621108 0.88467318
vn 0 -0.68721545 0.72645366
vn 0 -0.73025894 0.68317056
vn -0.00035177058 -0.49025413 0.87157953
vn 0 -0.9377622 0.34727779
vn 0 -0.99999994 -0.00049586117
vn 0 -0.99999994 -0.00018699502
vn 0 -0.95466077 0.29769576
vn 0 -0.68721527 -0.7264539
vn 0 -0.85065025 -0.5257321
vn 0 -0.85065031 -0.5257318
vn 0 -0.68721533 -0.72645372
vn -0.0017882925 -0.30790326 -0.95141596
vn -0.00075794681 -0.46621004 -0.88467371
vn -0.0010387298 -0.46591485 -0.88482898
vn -0.0017311752 -0.30730253 -0.95161027
vn 0.71386707 0 0.70028132
vn 0.71231622 0.0012957196 0.70185757
vn 0.71193469 0.0016138532 0.70224386
vn 0.71386707 0 0.70028132
vn 0.72725391 -0.68636858 0
vn 0.88580614 -0.46405473 -0.00077995379
vn 0.87306362 -0.4876062 -0.00038412024
vn 0.6830135 -0.73040581 0
vn 0.88580614 -0.46405473 -0.00077995379
vn 0.95142108 -0.30788726 -0.001790626
vn 0.94724584 -0.32050368 -0.00170841
vn 0.87306362 -0.4876062 -0.00038412024
vn 0.34694603 -0.93788511 -8.9639123e-08
vn 0.52467275 -0.85130399 -4.982445e-08
vn 0.49109694 -0.87110496 -1.4324955e-07
vn 0.29801714 -0.95456052 -1.6942184e-07
vn -0.5257315 -0.85065055 -2.0207464e-08
vn -0.7264533 -0.68721581 -5.8600978e-07
vn -0.72645348 -0.68721563 -6.8698802e-07
vn -0.52573222 -0.85065019 0
vn -0.88468552 -0.46618772 -0.00078088604
vn -0.9514212 -0.30788723 -0.0017890655
vn -0.95161599 -0.3072851 -0.0017053781
vn -0.88484234 -0.46588933 -0.0010391353
vn -0.34694585 -0.93788522 8.9639109e-08
vn -0.5257315 -0.85065055 -2.0207464e-08
vn -0.52573222 -0.85065019 0
vn -0.34694588 -0.93788511 0
vn 1.8578822e-07 -1 6.9940046e-14
vn 0.34694603 -0.93788511 -8.9639123e-08
vn 0.29801714 -0.95456052 -1.6942184e-07
vn -2.1105114e-07 -1 7.3190565e-14
vn 0.95142108 -0.30788726 -0.001790626
vn 0.99147046 -0.13032919 -0.00081862492
vn 0.94724584 -0.32050368 -0.00170841
vn 0.52467275 -0.85130399 -4.982445e-08
vn 0.72725391 -0.68636858 0
vn 0.6830135 -0.73040581 0
vn 0.49109694 -0.87110496 -1.4324955e-07
vn 1.8578822e-07 -1 6.9940046e-14
vn -0.34694585 -0.93788522 8.9639109e-08
vn -0.34694588 -0.93788511 0
vn 5.7692125e-07 -0.99999994 0
vn -0.7264533 -0.68721581 -5.8600978e-07
vn -0.88468552 -0.46618772 -0.00078088604
vn -0.88484234 -0.46588933 -0.0010391353
vn -0.72645348 -0.68721563 -6.8698802e-07
vn -0.9514212 -0.30788723 -0.0017890655
vn -0.99147046 -0.13032919 -0.00081718748
vn -0.99254721 -0.12185905 -0.00067593856
vn -0.95161599 -0.3072851 -0.0017053781
vn 0 -0.46657187 -0.88448328
vn 0 -0.68721533 -0.72645372
vn 0 -0.7302587 -0.68317068
vn 0 -0.49030089 -0.87155312
vn 0 -0.68721545 0.7264536
vn 0 -0.85065007 0.52573222
vn -9.6481585e-07 -0.85042667 0.52609366
vn -7.7808062e-07 -0.68721527 0.72645384
vn 8.0344887e-07 -0.30784288 0.95143718
vn 2.3217935e-07 -0.46657228 0.8844831
vn -0.00052006636 -0.4662441 0.88465595
vn 4.6304731e-07 -0.307843 0.95143718
vn -6.0344473e-07 -0.93788499 0.3469463
vn -6.1830309e-07 -0.99999994 -4.644705e-07
vn -1.2366055e-06 -1 -9.5827693e-07
vn -1.2068901e-06 -0.93788505 0.34694627
vn 0 -0.68721533 -0.72645372
vn 0 -0.85065031 -0.52573192
vn 0 -0.87059879 -0.49199381
vn 0 -0.7302587 -0.68317068
vn 1.6559888e-07 -0.12968819 -0.9915548
vn 5.7192472e-07 -0.30784318 -0.95143712
vn 9.3936376e-07 -0.3199352 -0.94743937
vn 0 -0.85065031 -0.52573192
vn 0 -0.93788505 -0.3469463
vn 0 -0.95431554 -0.29880053
vn 0 -0.87059879 -0.49199381
vn 5.7192472e-07 -0.30784318 -0.95143712
vn 0 -0.46657187 -0.88448328
vn 0 -0.49030089 -0.87155312
vn 9.3936376e-07 -0.3199352 -0.94743937
vn 0 -0.93788505 -0.3469463
vn -6.1830309e-07 -0.99999994 -4.644705e-07
vn 0 -0.99999273 0.0038289262
vn 0 -0.95431554 -0.29880053
vn 2.3217935e-07 -0.46657228 0.8844831
vn 0 -0.68721545 0.7264536
vn -7.7808062e-07 -0.68721527 0.72645384
vn -0.00052006636 -0.4662441 0.88465595
vn 1.6559875e-07 -0.12968737 0.99155498
vn 8.0344887e-07 -0.30784288 0.95143718
vn 4.6304731e-07 -0.307843 0.95143718
vn -0.00035140797 -0.12153182 0.99258751
vn 0 -0.85065007 0.52573222
vn -6.0344473e-07 -0.93788499 0.3469463
vn -1.2068901e-06 -0.93788505 0.34694627
vn -9.6481585e-07 -0.85042667 0.52609366
vn 1.1007927e-06 -0.93776232 0.34727779
vn 5.6382868e-07 -0.99999994 -0.00024832974
vn 4.8189401e-07 -0.99999982 -0.00049569982
vn 4.7044219e-07 -0.93776232 0.34727773
vn 0.29801759 -0.95456034 -1.8918237e-07
vn 0.49164483 -0.87079573 -1.4197791e-07
vn 0.5257321 -0.85065025 -8.4008747e-07
vn 0.34694612 -0.93788505 -9.5318791e-07
vn 0.49164483 -0.87079573 -1.4197791e-07
vn 0.68317044 -0.73025906 1.591758e-07
vn 0.72645366 -0.68721533 -9.2684189e-08
vn 0.5257321 -0.85065025 -8.4008747e-07
vn 0.68317044 -0.73025906 1.591758e-07
vn 0.8715862 -0.49024203 0.00037891915
vn 0.88468313 -0.4661921 0.00077682227
vn 0.72645366 -0.68721533 -9.2684189e-08
vn 0.8715862 -0.49024203 0.00037891915
vn 0.94819319 -0.31769001 0.0016705452
vn 0.9522205 -0.30541131 7.2833004e-06
vn 0.88468313 -0.4661921 0.00077682227
vn 0.94819319 -0.31769001 0.0016705452
vn 0.99122238 -0.13207245 -0.0059345677
vn 0.9522205 -0.30541131 7.2833004e-06
vn -1.3430527e-07 -1 1.2715946e-09
vn -0.29801717 -0.95456052 2.0448313e-07
vn -0.34694588 -0.93788511 1.0956684e-07
vn 1.5645324e-07 -1 5.4041602e-09
vn 0 -0.87079537 0.4916456
vn 0 -0.85065007 0.52573234
vn 0 -0.68721557 0.7264536
vn 0 -0.730259 0.6831705
vn 0 -0.730259 0.6831705
vn 0 -0.68721557 0.7264536
vn 0 -0.46657258 0.88448292
vn 0 -0.49030161 0.87155277
vn 0 -0.49030161 0.87155277
vn 0 -0.46657258 0.88448292
vn 1.4877514e-07 -0.307843 0.95143723
vn 0 -0.31993556 0.94743937
vn 0 -0.31993556 0.94743937
vn 1.4877514e-07 -0.307843 0.95143723
vn 2.7592921e-07 -0.12968722 0.99155498
vn 0.34694573 -0.93788522 7.7956628e-08
vn 0.52467287 -0.85130388 1.9065259e-07
vn 0.52467275 -0.85130399 9.2856446e-08
vn 0.34694591 -0.93788511 -4.5004676e-08
vn -3.1290662e-07 -1 -1.5192957e-06
vn -0.34694657 -0.93788487 -2.0312568e-06
vn -0.34694645 -0.93788499 -5.6981077e-07
vn -4.6447056e-07 -1 -7.8496799e-07
vn 0 -0.9545604 -0.29801723
vn 0 -0.93788499 -0.34694612
vn 0 -0.85065019 -0.52573216
vn 0 -0.87115598 -0.49100637
vn 0 -0.87115598 -0.49100637
vn 0 -0.85065019 -0.52573216
vn 0 -0.68721551 -0.7264536
vn 0 -0.7291376 -0.68436712
vn 0 -0.7291376 -0.68436712
vn 0 -0.68721551 -0.7264536
vn -0.00075773575 -0.46621075 -0.8846733
vn -0.00035526723 -0.48959664 -0.87194896
vn -0.00035526723 -0.48959664 -0.87194896
vn -0.00075773575 -0.46621075 -0.8846733
vn -0.0017879362 -0.30790269 -0.95141608
vn -0.0016558566 -0.32052881 -0.94723737
vn -0.0016558566 -0.32052881 -0.94723737
vn -0.0017879362 -0.30790269 -0.95141608
vn -0.00082643167 -0.13032487 -0.99147093
vn -2.8779709e-07 -0.99999994 -3.6595293e-14
vn 0.29801759 -0.95456034 -1.8918237e-07
vn 0.34694612 -0.93788505 -9.5318791e-07
vn -4.6447056e-07 -1 -7.8496799e-07
vn -0.49164423 -0.87079614 8.1082042e-08
vn -0.68316984 -0.7302596 -3.4986783e-07
vn -0.7264533 -0.68721569 -7.4157691e-07
vn -0.5257315 -0.85065055 -3.3167288e-07
vn -0.68316984 -0.7302596 -3.4986783e-07
vn -0.87158829 -0.49023831 -0.00038457935
vn -0.88468552 -0.46618763 -0.00078048575
vn -0.7264533 -0.68721569 -7.4157691e-07
vn -0.87158829 -0.49023831 -0.00038457935
vn -0.94724554 -0.32050443 -0.0017083968
vn -0.95142108 -0.30788743 -0.0017903266
vn -0.88468552 -0.46618763 -0.00078048575
vn -0.94724554 -0.32050443 -0.0017083968
vn -0.99147046 -0.13032943 -0.00081807357
vn -0.95142108 -0.30788743 -0.0017903266
vn -0.29801717 -0.95456052 2.0448313e-07
vn -0.49164423 -0.87079614 8.1082042e-08
vn -0.5257315 -0.85065055 -3.3167288e-07
vn -0.34694588 -0.93788511 1.0956684e-07
vn -0.88484168 -0.46589199 -1.0421596e-07
vn -0.95161682 -0.30728731 2.739951e-06
vn -0.95142019 -0.30789027 0.001790538
vn -0.88468289 -0.46619251 0.00077625434
vn -0.5257321 -0.85065031 -1.5632925e-06
vn -0.72645354 -0.68721563 -8.7244706e-07
vn -0.72645336 -0.68721581 -4.2723781e-07
vn -0.52573204 -0.85065025 -5.9742257e-07
vn -0.95161682 -0.30728731 2.739951e-06
vn -0.99254763 -0.12185762 3.0099745e-06
vn -0.99147052 -0.13032819 0.00082089024
vn -0.95142019 -0.30789027 0.001790538
vn -0.72645354 -0.68721563 -8.7244706e-07
vn -0.88484168 -0.46589199 -1.0421596e-07
vn -0.88468289 -0.46619251 0.00077625434
vn -0.72645336 -0.68721581 -4.2723781e-07
vn 0 -0.95456046 0.29801732
vn 0 -0.93788505 0.34694627
vn 0 -0.85065007 0.52573234
vn 0 -0.87079537 0.4916456
vn -0.0017324563 -0.30730203 0.95161039
vn -0.00051955791 -0.4662444 0.88465583
vn -0.00075815967 -0.46621144 0.88467306
vn -0.0017889137 -0.30790326 0.95141596
vn 0 -0.68721557 0.7264536
vn 0 -0.85042679 0.52609342
vn 0 -0.85020316 0.52645463
vn 0 -0.68721545 0.72645366
vn -5.8669944e-08 -1 7.8033617e-07
vn 0.34694573 -0.93788522 7.7956628e-08
vn 0.34694591 -0.93788511 -4.5004676e-08
vn 1.5645324e-07 -1 5.4041602e-09
vn -0.00035097363 -0.12153197 0.99258745
vn -0.0017324563 -0.30730203 0.95161039
vn -0.0017889137 -0.30790326 0.95141596
vn -0.00082752336 -0.13032471 0.99147105
vn -0.00051955791 -0.4662444 0.88465583
vn 0 -0.68721557 0.7264536
vn 0 -0.68721545 0.72645366
vn -0.00075815967 -0.46621144 0.88467306
vn 0 -0.85042679 0.52609342
vn 1.1007927e-06 -0.93776232 0.34727779
vn 4.7044219e-07 -0.93776232 0.34727773
vn 0 -0.85020316 0.52645463
vn 0.95188296 -0.30645645 -0.0017843549
vn 0.99243128 -0.12274729 -0.0036222097
vn 0.9914704 -0.13032952 -0.00081862562
vn 0.95142108 -0.30788741 -0.0017908553
vn 0.72725409 -0.68636829 1.2351425e-07
vn 0.88540256 -0.46482515 5.9775789e-07
vn 0.88580626 -0.46405455 -0.00078018196
vn 0.72725397 -0.68636841 9.7047057e-08
vn -0.34694657 -0.93788487 -2.0312568e-06
vn -0.5257321 -0.85065031 -1.5632925e-06
vn -0.52573204 -0.85065025 -5.9742257e-07
vn -0.34694645 -0.93788499 -5.6981077e-07
vn 0.88540256 -0.46482515 5.9775789e-07
vn 0.95188296 -0.30645645 -0.0017843549
vn 0.95142108 -0.30788741 -0.0017908553
vn 0.88580626 -0.46405455 -0.00078018196
vn 0.52467287 -0.85130388 1.9065259e-07
vn 0.72725409 -0.68636829 1.2351425e-07
vn 0.72725397 -0.68636841 9.7047057e-08
vn 0.52467275 -0.85130399 9.2856446e-08
vn -1.6400418e-07 -1 -0.00018681299
vn 4.8189401e-07 -0.99999982 -0.00049569982
vn 0 -0.93788499 -0.34694612
vn 0 -0.9545604 -0.29801723
vn -0.0003504015 -0.12153267 -0.99258739
vn 2.9638289e-07 -0.30784327 -0.95143712
vn 9.4634299e-07 -0.30784312 -0.95143723
vn 4.4152745e-07 -0.1296881 -0.99155486
vn -0.00051913416 -0.46624398 -0.88465595
vn 0 -0.68721569 -0.72645348
vn -1.4102235e-07 -0.68721557 -0.72645348
vn 2.2628386e-07 -0.46657205 -0.88448316
vn 0 -0.85065019 -0.5257321
vn 0 -0.93788499 -0.34694636
vn 0 -0.93788505 -0.34694618
vn -1.3956203e-07 -0.85065025 -0.52573204
vn 0 -0.99999267 0.003828984
vn 0 -1 -3.2268483e-07
vn 0 -0.93788505 0.34694627
vn 0 -0.95456046 0.29801732
vn 2.9638289e-07 -0.30784327 -0.95143712
vn -0.00051913416 -0.46624398 -0.88465595
vn 2.2628386e-07 -0.46657205 -0.88448316
vn 9.4634299e-07 -0.30784312 -0.95143723
vn 0 -0.68721569 -0.72645348
vn 0 -0.85065019 -0.5257321
vn -1.3956203e-07 -0.85065025 -0.52573204
vn -1.4102235e-07 -0.68721557 -0.72645348
vn 0 -0.93788499 -0.34694636
vn 5.6382868e-07 -0.99999994 -0.00024835908
vn 0 -1 -3.2268483e-07
vn 0 -0.93788505 -0.34694618
vn -0.70695269 -0.00021484761 -0.70726085
vn -0.7169643 0.0010066429 -0.69710904
vn -0.71693695 0.0010073094 -0.69713742
vn -0.70695192 -0.0002157048 -0.70726162
vn 0.69956684 -0.028054107 -0.71401638
vn 0.70369762 -0.011911024 -0.71039969
vn 0.70369899 -0.011905909 -0.7103985
vn 0.69956684 -0.028054107 -0.71401638
vn 0.70816034 -0.0055090711 0.70603031
vn 0.70714831 0.00095256884 0.70706469
vn 0.70714802 0.00095011434 0.70706487
vn 0.70816475 -0.0055190013 0.7060256
vn 0.71064246 -0.014039689 -0.70341325
vn 0.71401829 -0.028076658 -0.6995638
vn 0.71401829 -0.028076658 -0.6995638
vn 0.71064138 -0.014035329 -0.70341432
vn -0.69955999 -0.028083783 0.7140218
vn -0.70341259 -0.014043666 0.71064305
vn -0.70341378 -0.014039003 0.71064192
vn -0.69955999 -0.028083783 0.7140218
vn 0.70710826 5.9839317e-07 -0.70710528
vn 0.71064246 -0.014039689 -0.70341325
vn 0.71064138 -0.014035329 -0.70341432
vn 0.70710814 5.9830239e-07 -0.70710534
vn -0.70607865 -0.00098865107 -0.70813274
vn -0.70695269 -0.00021484761 -0.70726085
vn -0.70695192 -0.0002157048 -0.70726162
vn -0.70607859 -0.00098878343 -0.7081328
vn -0.70952505 -0.0090947654 0.70462155
vn -0.71084255 -0.015993642 0.70316947
vn -0.71084154 -0.015990134 0.70317048
vn -0.70952863 -0.0091041354 0.70461774
vn -0.70341259 -0.014043666 0.71064305
vn -0.70710832 -1.0952673e-08 0.70710528
vn -0.70710832 -1.1150468e-08 0.70710534
vn -0.70341378 -0.014039003 0.71064192
vn 0.70714831 0.00095256884 0.70706469
vn 0.70699531 0.0023073286 0.70721453
vn 0.70699447 0.0023046986 0.70721525
vn 0.70714802 0.00095011434 0.70706487
vn 0.70369762 -0.011911024 -0.71039969
vn 0.70442301 0.013497307 -0.70965207
vn 0.70443445 0.013464656 -0.70964134
vn 0.70369899 -0.011905909 -0.7103985
vn 0.70710737 3.916262e-07 -0.70710617
vn 0.70710826 5.9839317e-07 -0.70710528
vn 0.70710814 5.9830239e-07 -0.70710534
vn 0.70710737 3.916374e-07 -0.70710629
vn -0.7083993 0.0013074359 -0.70581067
vn -0.70607865 -0.00098865107 -0.70813274
vn -0.70607859 -0.00098878343 -0.7081328
vn -0.70840228 0.0013099205 -0.70580775
vn -0.71403301 -0.012699737 0.69999683
vn -0.70952505 -0.0090947654 0.70462155
vn -0.70952863 -0.0091041354 0.70461774
vn -0.71404403 -0.012694303 0.69998562
vn -0.70710832 -1.0952673e-08 0.70710528
vn -0.70710748 5.0552296e-07 0.70710605
vn -0.70710748 5.0551978e-07 0.70710605
vn -0.70710832 -1.1150468e-08 0.70710534
vn 0.70699531 0.0023073286 0.70721453
vn 0.70515597 0.0016362807 0.70905024
vn 0.705154 0.0016382624 0.70905226
vn 0.70699447 0.0023046986 0.70721525
vn 0.70442301 0.013497307 -0.70965207
vn 0.71584916 0.0072681289 -0.69821715
vn 0.71580219 0.0073182522 -0.69826466
vn 0.70443445 0.013464656 -0.70964134
vn 0.70710588 4.3754835e-07 -0.70710772
vn 0.70710737 3.916262e-07 -0.70710617
vn 0.70710737 3.916374e-07 -0.70710629
vn 0.70710582 4.378297e-07 -0.70710772
vn -0.71232116 0.0012953239 -0.70185256
vn -0.7083993 0.0013074359 -0.70581067
vn -0.70840228 0.0013099205 -0.70580775
vn -0.71193957 0.0016133601 -0.70223892
vn -0.71414822 -0.0068332017 0.69996119
vn -0.71403301 -0.012699737 0.69999683
vn -0.71404403 -0.012694303 0.69998562
vn -0.71416134 -0.0068570375 0.69994748
vn -0.70710748 5.0552296e-07 0.70710605
vn -0.70710641 -1.2783879e-07 0.70710719
vn -0.70710635 -1.2831916e-07 0.70710713
vn -0.70710748 5.0551978e-07 0.70710605
vn 0.71584916 0.0072681289 -0.69821715
vn 0.72095078 -0.0029368501 -0.69298011
vn 0.72087502 -0.0028937464 -0.69305891
vn 0.71580219 0.0073182522 -0.69826466
vn 0.70515597 0.0016362807 0.70905024
vn 0.70185548 0.0012951954 0.71231824
vn 0.70224154 0.001613188 0.71193707
vn 0.705154 0.0016382624 0.70905226
vn 0.644247 -0.41218036 0.64424616
vn 0.69736117 -0.16545226 0.69736141
vn 0.69736117 -0.16545226 0.69736141
vn 0.644247 -0.41218033 0.6442461
vn 0.56896389 -0.59376937 0.56896234
vn 0.644247 -0.41218036 0.64424616
vn 0.644247 -0.41218033 0.6442461
vn 0.56896389 -0.59376919 0.56896234
vn 0.42859283 -0.79537237 0.42859179
vn 0.56896389 -0.59376937 0.56896234
vn 0.56896389 -0.59376919 0.56896234
vn 0.42859295 -0.79537225 0.42859188
vn 0.28375384 -0.91595185 0.28375351
vn 0.42859283 -0.79537237 0.42859179
vn 0.42859295 -0.79537225 0.42859188
vn 0.28375378 -0.91595185 0.28375351
vn 0.1805093 -0.96684873 0.18060997
vn 0.28375384 -0.91595185 0.28375351
vn 0.28375378 -0.91595185 0.28375351
vn 0.18050927 -0.96684879 0.18060994
vn -0.69736093 -0.16545247 0.69736159
vn -0.6442458 -0.41218108 0.64424694
vn -0.64424598 -0.41218057 0.64424711
vn -0.69736099 -0.16545248 0.69736159
vn -0.6442458 -0.41218108 0.64424694
vn -0.56896257 -0.59376937 0.56896353
vn -0.56896257 -0.59376931 0.56896353
vn -0.64424598 -0.41218057 0.64424711
vn -0.56896257 -0.59376937 0.56896353
vn -0.42858958 -0.79537624 0.42858803
vn -0.42859638 -0.79536879 0.42859486
vn -0.56896257 -0.59376931 0.56896353
vn -0.42858958 -0.79537624 0.42858803
vn -0.2833986 -0.91586626 0.28438389
vn -0.28337482 -0.9158808 0.28436065
vn -0.42859638 -0.79536879 0.42859486
vn -0.2833986 -0.91586626 0.28438389
vn -0.18009821 -0.96673018 0.18165164
vn -0.17955136 -0.96693534 0.18110062
vn -0.28337482 -0.9158808 0.28436065
vn 0.64423954 -0.41219658 -0.64424324
vn 0.69736129 -0.16545224 -0.69736129
vn 0.69736129 -0.16545224 -0.69736129
vn 0.64424562 -0.41217792 -0.64424926
vn 0.57061309 -0.59313333 -0.56797314
vn 0.64423954 -0.41219658 -0.64424324
vn 0.64424562 -0.41217792 -0.64424926
vn 0.57058054 -0.59319746 -0.56793892
vn 0.43155503 -0.7945891 -0.42706972
vn 0.57061309 -0.59313333 -0.56797314
vn 0.57058054 -0.59319746 -0.56793892
vn 0.43059295 -0.79562217 -0.42611629
vn 0.28015298 -0.91528499 -0.28942645
vn 0.43155503 -0.7945891 -0.42706972
vn 0.43059295 -0.79562217 -0.42611629
vn 0.2797271 -0.91551679 -0.28910524
vn 0.16964829 -0.96767539 -0.18661115
vn 0.28015298 -0.91528499 -0.28942645
vn 0.2797271 -0.91551679 -0.28910524
vn 0.175451 -0.96539897 -0.19292967
vn -0.18009821 -0.96673018 0.18165164
vn -0.123037 -0.98460501 0.12415678
vn -0.123037 -0.98460501 0.12415678
vn -0.17955136 -0.96693534 0.18110062
vn 0.11617467 -0.98489726 -0.12837742
vn 0.16964829 -0.96767539 -0.18661115
vn 0.175451 -0.96539897 -0.19292967
vn 0.11617467 -0.98489726 -0.12837742
vn -0.64420211 -0.41227785 -0.6442287
vn -0.69736111 -0.16545247 -0.69736135
vn -0.69736111 -0.16545247 -0.69736135
vn -0.64424384 -0.41214761 -0.64427036
vn -0.5611344 -0.59080243 -0.57972455
vn -0.64420211 -0.41227785 -0.6442287
vn -0.64424384 -0.41214761 -0.64427036
vn -0.56175977 -0.58979124 -0.58014852
vn -0.41708735 -0.79063249 -0.44826159
vn -0.5611344 -0.59080243 -0.57972455
vn -0.56175977 -0.58979124 -0.58014852
vn -0.41174158 -0.79661667 -0.44257286
vn -0.27657455 -0.91651177 -0.28898573
vn -0.41708735 -0.79063249 -0.44826159
vn -0.41174158 -0.79661667 -0.44257286
vn -0.27628201 -0.91672057 -0.28860295
vn -0.18051353 -0.96684581 -0.18062155
vn -0.27657455 -0.91651177 -0.28898573
vn -0.27628201 -0.91672057 -0.28860295
vn -0.18045989 -0.96686572 -0.18056801
vn 0.1236497 -0.98456669 0.12385134
vn 0.1805093 -0.96684873 0.18060997
vn 0.18050927 -0.96684879 0.18060994
vn 0.1236497 -0.98456669 0.12385134
vn -0.12360327 -0.98457849 -0.12380438
vn -0.18051353 -0.96684581 -0.18062155
vn -0.18045989 -0.96686572 -0.18056801
vn -0.12360327 -0.98457849 -0.12380438
vn -0.71084255 -0.015993642 0.70316947
vn -0.71394795 -0.027771313 0.69964778
vn -0.71394795 -0.027771313 0.69964778
vn -0.71084154 -0.015990134 0.70317048
vn -0.70548242 0.0014734186 -0.70872581
vn -0.70185184 0.0012958585 -0.71232176
vn -0.70223802 0.0016140265 -0.71194041
vn -0.70548004 0.0014756598 -0.70872825
vn 0.71195203 -0.022075871 0.70188093
vn 0.70816034 -0.0055090711 0.70603031
vn 0.70816475 -0.0055190013 0.7060256
vn 0.71193999 -0.022006012 0.70189548
vn 0.70872331 0.0014723896 0.70548505
vn 0.70710498 -4.3754736e-07 0.70710862
vn 0.70710492 -4.3782859e-07 0.70710862
vn 0.70872575 0.0014746311 0.70548248
vn -0.7169643 0.0010066429 -0.69710904
vn -0.70470572 -0.0078571923 -0.70945615
vn -0.70461035 -0.0078960434 -0.7095505
vn -0.71693695 0.0010073094 -0.69713742
vn 0.70361936 -0.01313829 0.7104556
vn 0.70109427 -0.027786627 0.71252698
vn 0.70109427 -0.027786627 0.71252698
vn 0.703619 -0.013140382 0.71045589
vn -0.70710731 1.2783653e-07 -0.70710635
vn -0.70548242 0.0014734186 -0.70872581
vn -0.70548004 0.0014756598 -0.70872825
vn -0.70710731 1.2831698e-07 -0.70710629
vn -0.71404326 -0.028776126 -0.69950992
vn -0.71076888 -0.014811373 -0.7032696
vn -0.71076632 -0.014800615 -0.70327258
vn -0.71404326 -0.028776126 -0.69950992
vn 0.70710498 -4.3754736e-07 0.70710862
vn 0.70718271 0.00014333198 0.70703077
vn 0.70718282 0.00014333639 0.70703077
vn 0.70710492 -4.3782859e-07 0.70710862
vn 0.71419525 -0.035434298 0.69904906
vn 0.71195203 -0.022075871 0.70188093
vn 0.71193999 -0.022006012 0.70189548
vn 0.71419525 -0.035434298 0.69904906
vn -0.70470572 -0.0078571923 -0.70945615
vn -0.68303174 -0.016547194 -0.73020118
vn -0.68303174 -0.016547194 -0.73020118
vn -0.70461035 -0.0078960434 -0.7095505
vn -0.70718324 -0.00014442588 -0.70703024
vn -0.70710731 1.2783653e-07 -0.70710635
vn -0.70710731 1.2831698e-07 -0.70710629
vn -0.7071833 -0.00014442999 -0.7070303
vn 0.70718271 0.00014333198 0.70703077
vn 0.70662242 0.00089638692 0.70759022
vn 0.70662224 0.00089659158 0.70759046
vn 0.70718282 0.00014333639 0.70703077
vn 0.71100414 0.0026268319 -0.703183
vn 0.71232027 0.0012954543 -0.70185339
vn 0.71193868 0.001613535 -0.70223975
vn 0.71100318 0.0026273106 -0.70318401
vn -0.70872462 0.0014719397 0.70548379
vn -0.71231884 0.0012953278 0.70185488
vn -0.71193731 0.0016133642 0.70224112
vn -0.708727 0.0014741806 0.70548129
vn -0.70729828 -0.00056240358 -0.70691502
vn -0.70718324 -0.00014442588 -0.70703024
vn -0.7071833 -0.00014442999 -0.7070303
vn -0.70729834 -0.00056259619 -0.7069149
vn -0.70185572 0.0012958607 0.71231788
vn -0.70775592 0.00032822727 0.70645702
vn -0.70775002 0.00033214863 0.70646286
vn -0.70224178 0.0016140176 0.71193677
vn 0.70662242 0.00089638692 0.70759022
vn 0.70361936 -0.01313829 0.7104556
vn 0.703619 -0.013140382 0.71045589
vn 0.70662224 0.00089659158 0.70759046
vn 0.72095078 -0.0029368501 -0.69298011
vn 0.71100414 0.0026268319 -0.703183
vn 0.71100318 0.0026273106 -0.70318401
vn 0.72087502 -0.0028937464 -0.69305891
vn -0.71076888 -0.014811373 -0.7032696
vn -0.70729828 -0.00056240358 -0.70691502
vn -0.70729834 -0.00056259619 -0.7069149
vn -0.71076632 -0.014800615 -0.70327258
vn -0.70710641 -1.2783879e-07 0.70710719
vn -0.70872462 0.0014719397 0.70548379
vn -0.708727 0.0014741806 0.70548129
vn -0.70710635 -1.2831916e-07 0.70710713
vn -0.70775592 0.00032822727 0.70645702
vn -0.71414822 -0.0068332017 0.69996119
vn -0.71416134 -0.0068570375 0.69994748
vn -0.70775002 0.00033214863 0.70646286
vn 0.70552367 0.0014644247 -0.7086848
vn 0.70710588 4.3754835e-07 -0.70710772
vn 0.70710582 4.378297e-07 -0.70710772
vn 0.70551634 0.0014712083 -0.70869219
vn 0.7055071 0.00010491091 0.70870292
vn 0.7055071 0.00010491091 0.70870292
vn 0.70550752 0.0001049514 0.70870245
vn 0.70550746 0.00010495137 0.70870239
vn -0.7009744 -0.0081847701 -0.71313947
vn -0.7009744 -0.0081847701 -0.71313947
vn -0.69955993 -0.0014394774 -0.71457249
vn -0.69955975 -0.0014385961 -0.71457273
vn -0.7074337 -1.6386197e-05 0.70677978
vn -0.7074337 -1.6386197e-05 0.70677978
vn -0.70743227 -1.6816073e-05 0.70678109
vn -0.70743239 -1.6816051e-05 0.70678115
vn 0.00088309456 -0.67106062 -0.74140209
vn 0.00088218047 -0.67198014 -0.74056876
vn 0.00097006751 -0.57059258 -0.82123274
vn 0.81380999 -0.58112925 0.0014762474
vn 0.81465495 -0.57994419 0.0014650952
vn 0.778606 -0.62751156 0.0014011662
vn 0.73611367 -0.6768567 0.0013351177
vn -0.0012805291 -0.58021826 0.8144601
vn 0.00080819562 -0.67818129 0.73489416
vn 0.0014154607 -0.70474082 0.70946342
vn -0.81398064 -0.58089089 -0.0011837592
vn -0.73510629 -0.6779511 -0.0010599312
vn -0.73526883 -0.67777479 -0.001060185
vn 0.0014154607 -0.70474082 0.70946342
vn 0.00080819562 -0.67818129 0.73489416
vn 0.0031872154 -0.77719796 0.62924808
vn 0.0031872154 -0.77719796 0.62924808
vn -0.69955975 -0.0014385961 -0.71457273
vn -0.69955993 -0.0014394774 -0.71457249
vn -0.69661117 0.012122205 -0.71734643
vn 0.70707858 1.750885e-05 -0.70713496
vn 0.70707864 1.7507042e-05 -0.70713496
vn 0.70707572 1.8573957e-05 -0.70713782
vn 0.70550746 0.00010495137 0.70870239
vn 0.70550752 0.0001049514 0.70870245
vn 0.70550853 0.00010503284 0.70870149
vn 0.70550853 0.00010503284 0.70870149
vn -0.70743239 -1.6816051e-05 0.70678115
vn -0.70743227 -1.6816073e-05 0.70678109
vn -0.70742959 -1.7680404e-05 0.70678383
vn 0.00088309456 -0.67106062 -0.74140209
vn 0.00076466304 -0.77324033 -0.63411272
vn 0.00088218047 -0.67198014 -0.74056876
vn 0.778606 -0.62751156 0.0014011662
vn 0.81465495 -0.57994419 0.0014650952
vn 0.81649822 -0.57734615 0.001440675
vn -0.73510629 -0.6779511 -0.0010599312
vn -0.63092428 -0.77584392 -0.00089817494
vn -0.73526883 -0.67777479 -0.001060185
vn 0.778606 -0.62751156 0.0014011662
vn 0.63335049 -0.77386421 0.0011484928
vn 0.73611367 -0.6768567 0.0013351177
vn 0.9924314 -0.12274709 -0.0036224704
vn 0.99122238 -0.13207245 -0.0059345677
vn 0.99994648 -0.0073160119 -0.0073167789
vn 0.99998659 -0.0036578658 -0.0036585166
vn -0.71232116 0.0012953239 -0.70185256
vn -0.71193957 0.0016133601 -0.70223892
vn -0.71387208 0 -0.70027614
vn -0.71387208 0 -0.70027614
vn 2.7592921e-07 -0.12968722 0.99155498
vn -0.00035097363 -0.12153197 0.99258745
vn 0 0 1
vn 0 0 1
vn -0.0003504015 -0.12153267 -0.99258739
vn 4.4152745e-07 -0.1296881 -0.99155486
vn 0 0 -1
vn 0 0 -1
vn -0.70223802 0.0016140265 -0.71194041
vn -0.70185184 0.0012958585 -0.71232176
vn -0.70027614 0 -0.71387208
vn -0.70027614 0 -0.71387208
vn 0.9914704 -0.13032952 -0.00081862562
vn 0.99243128 -0.12274729 -0.0036222097
vn 0.99998659 -0.0036586304 -0.0036582828
vn 1 -3.8147252e-07 0
vn -0.69736111 -0.16545247 -0.69736135
vn -0.69736111 -0.16545247 -0.69736135
vn -0.70710635 0 -0.70710719
vn -0.70710635 0 -0.70710719
vn -0.71193731 0.0016133642 0.70224112
vn -0.71231884 0.0012953278 0.70185488
vn -0.71386927 0 0.70027894
vn -0.71386927 0 0.70027894
vn 0.70224154 0.001613188 0.71193707
vn 0.70185548 0.0012951954 0.71231824
vn 0.70028019 0 0.7138682
vn 0.70028019 0 0.7138682
vn -0.99254751 -0.12185813 3.2721434e-06
vn -0.99147046 -0.13032943 -0.00081807357
vn -1 0 0
vn -1 0 1.0678243e-06
vn -0.69736093 -0.16545247 0.69736159
vn -0.69736099 -0.16545248 0.69736159
vn -0.70710635 0 0.70710719
vn -0.70710635 0 0.70710719
vn 0.71193868 0.001613535 -0.70223975
vn 0.71232027 0.0012954543 -0.70185339
vn 0.71387154 0 -0.70027673
vn 0.71387154 0 -0.70027673
vn -0.00082643167 -0.13032487 -0.99147093
vn -0.00035040168 -0.12153268 -0.99258739
vn 0 0 -1
vn 0 0 -0.99999994
vn 0.69736129 -0.16545224 -0.69736129
vn 0.69736129 -0.16545224 -0.69736129
vn 0.70710635 0 -0.70710719
vn 0.70710635 0 -0.70710719
vn -0.99147052 -0.13032819 0.00082089024
vn -0.99254763 -0.12185762 3.0099745e-06
vn -1 1.1444231e-06 8.3939415e-07
vn -1 1.1444231e-06 1.6787876e-06
vn 0.69736117 -0.16545226 0.69736141
vn 0.69736117 -0.16545226 0.69736141
vn 0.70710635 0 0.70710719
vn 0.70710635 0 0.70710719
vn -0.00035097363 -0.12153197 0.99258745
vn -0.00082752336 -0.13032471 0.99147105
vn 0 0 1
vn 0 0 1
vn -0.70185572 0.0012958607 0.71231788
vn -0.70224178 0.0016140176 0.71193677
vn -0.70028073 0 0.71386755
vn -0.70028073 0 0.71386755
vn 0.70708001 1.6976277e-05 -0.70713347
vn 0.70708001 1.6976277e-05 -0.70713347
vn 0.70707864 1.7507042e-05 -0.70713496
vn 0.70707858 1.750885e-05 -0.70713496
vn 0.34694612 -0.93788505 -9.5318791e-07
vn 0.5257321 -0.85065025 -8.4008747e-07
vn 0.52520269 -0.85097718 -7.0608667e-07
vn 0.3469463 -0.93788499 -8.137531e-07
vn 0.72645366 -0.68721533 -9.2684189e-08
vn 0.88468313 -0.4661921 0.00077682227
vn 0.88540256 -0.464825 2.0420694e-07
vn 0.72645372 -0.68721527 -3.9389849e-07
vn 0.9522205 -0.30541131 7.2833004e-06
vn 0.99122238 -0.13207245 -0.0059345677
vn 0.9924314 -0.12274709 -0.0036224704
vn 0.95188302 -0.30645657 -0.001784721
vn 0.70188034 0.0012878476 -0.7122938
vn 0.70552367 0.0014644247 -0.7086848
vn 0.70551634 0.0014712083 -0.70869219
vn 0.70227963 0.0016091563 -0.7118994
vn -0.52573204 -0.85065025 -5.9742257e-07
vn -0.72645336 -0.68721581 -4.2723781e-07
vn -0.6831702 -0.73025918 -2.0729793e-07
vn -0.49164498 -0.87079567 8.6351179e-08
vn -0.72645336 -0.68721581 -4.2723781e-07
vn -0.88468289 -0.46619251 0.00077625434
vn -0.87158591 -0.49024263 0.00037831502
vn -0.6831702 -0.73025918 -2.0729793e-07
vn 0.70027667 0 -0.71387148
vn 0.70188034 0.0012878476 -0.7122938
vn 0.70227963 0.0016091563 -0.7118994
vn 0.70027667 0 -0.71387148
vn 0.5257321 -0.85065025 -8.4008747e-07
vn 0.72645366 -0.68721533 -9.2684189e-08
vn 0.72645372 -0.68721527 -3.9389849e-07
vn 0.52520269 -0.85097718 -7.0608667e-07
vn 0.88468313 -0.4661921 0.00077682227
vn 0.9522205 -0.30541131 7.2833004e-06
vn 0.95188302 -0.30645657 -0.001784721
vn 0.88540256 -0.464825 2.0420694e-07
vn -0.34694645 -0.93788499 -5.6981077e-07
vn -0.52573204 -0.85065025 -5.9742257e-07
vn -0.49164498 -0.87079567 8.6351179e-08
vn -0.2980181 -0.95456016 1.7596908e-07
vn -4.6447056e-07 -1 -7.8496799e-07
vn -0.34694645 -0.93788499 -5.6981077e-07
vn -0.2980181 -0.95456016 1.7596908e-07
vn -2.8779709e-07 -0.99999994 -3.6595293e-14
vn -4.6447056e-07 -1 -7.8496799e-07
vn 0.34694612 -0.93788505 -9.5318791e-07
vn 0.3469463 -0.93788499 -8.137531e-07
vn -3.1290662e-07 -1 -1.5192957e-06
vn -0.88468289 -0.46619251 0.00077625434
vn -0.95142019 -0.30789027 0.001790538
vn -0.94724405 -0.32050875 0.0016989346
vn -0.87158591 -0.49024263 0.00037831502
vn -0.95142019 -0.30789027 0.001790538
vn -0.99147052 -0.13032819 0.00082089024
vn -0.94724405 -0.32050875 0.0016989346
vn 0 -0.68721545 0.72645366
vn 0 -0.85020316 0.52645463
vn 0 -0.87020534 0.49268922
vn 0 -0.73025882 0.68317062
vn -0.00082752336 -0.13032471 0.99147105
vn -0.0017889137 -0.30790326 0.95141596
vn -0.0016558563 -0.32052985 0.94723696
vn 0 -0.85020316 0.52645463
vn 4.7044219e-07 -0.93776232 0.34727773
vn -2.350348e-07 -0.95466083 0.29769588
vn 0 -0.87020534 0.49268922
vn 0 -0.93788499 -0.34694612
vn 4.8189401e-07 -0.99999982 -0.00049569982
vn 5.6382868e-07 -0.99999994 -0.00024832974
vn 0 -0.93788505 -0.34694615
vn 0 -0.85065019 -0.52573216
vn 0 -0.93788499 -0.34694612
vn 0 -0.93788505 -0.34694615
vn 0 -0.85065031 -0.52573192
vn -0.00075773575 -0.46621075 -0.8846733
vn 0 -0.68721551 -0.7264536
vn 0 -0.68721569 -0.72645348
vn -0.00051913416 -0.46624398 -0.88465595
vn -0.00082643167 -0.13032487 -0.99147093
vn -0.0017879362 -0.30790269 -0.95141608
vn -0.0017304701 -0.30730197 -0.95161051
vn -0.00035040168 -0.12153268 -0.99258739
vn 0.71231842 0.0012957233 0.70185524
vn 0.70872331 0.0014723896 0.70548505
vn 0.70872575 0.0014746311 0.70548248
vn 0.71193707 0.0016138573 0.70224136
vn -0.0017889137 -0.30790326 0.95141596
vn -0.00075815967 -0.46621144 0.88467306
vn -0.00035177008 -0.49025407 0.87157953
vn -0.0016558563 -0.32052985 0.94723696
vn -0.00075815967 -0.46621144 0.88467306
vn 0 -0.68721545 0.72645366
vn 0 -0.73025882 0.68317062
vn -0.00035177008 -0.49025407 0.87157953
vn 4.7044219e-07 -0.93776232 0.34727773
vn 4.8189401e-07 -0.99999982 -0.00049569982
vn -1.6400418e-07 -1 -0.00018681299
vn -2.350348e-07 -0.95466083 0.29769588
vn 0 -0.68721551 -0.7264536
vn 0 -0.85065019 -0.52573216
vn 0 -0.85065031 -0.52573192
vn 0 -0.68721569 -0.72645348
vn -0.0017879362 -0.30790269 -0.95141608
vn -0.00075773575 -0.46621075 -0.8846733
vn -0.00051913416 -0.46624398 -0.88465595
vn -0.0017304701 -0.30730197 -0.95161051
vn 0.71386874 0 0.70027959
vn 0.71231842 0.0012957233 0.70185524
vn 0.71193707 0.0016138573 0.70224136
vn 0.71386874 0 0.70027959
vn 0.72725397 -0.68636841 9.7047057e-08
vn 0.88580626 -0.46405455 -0.00078018196
vn 0.87306339 -0.4876065 -0.0003841198
vn 0.68301326 -0.73040599 9.5597834e-08
vn 0.88580626 -0.46405455 -0.00078018196
vn 0.95142108 -0.30788741 -0.0017908553
vn 0.9472456 -0.32050416 -0.0017084089
vn 0.87306339 -0.4876065 -0.0003841198
vn 0.34694591 -0.93788511 -4.5004676e-08
vn 0.52467275 -0.85130399 9.2856446e-08
vn 0.49109688 -0.87110496 -6.8285367e-08
vn 0.29801723 -0.95456052 -1.7630242e-07
vn -0.5257315 -0.85065055 -3.3167288e-07
vn -0.7264533 -0.68721569 -7.4157691e-07
vn -0.72645348 -0.68721563 4.6642143e-07
vn -0.5257324 -0.85065001 7.0291679e-07
vn -0.88468552 -0.46618763 -0.00078048575
vn -0.95142108 -0.30788743 -0.0017903266
vn -0.95161682 -0.30728719 3.2219623e-06
vn -0.88484156 -0.46589214 6.5363935e-07
vn -0.34694588 -0.93788511 1.0956684e-07
vn -0.5257315 -0.85065055 -3.3167288e-07
vn -0.5257324 -0.85065001 7.0291679e-07
vn -0.34694612 -0.93788499 8.0972131e-07
vn 1.5645324e-07 -1 5.4041602e-09
vn 0.34694591 -0.93788511 -4.5004676e-08
vn 0.29801723 -0.95456052 -1.7630242e-07
vn -1.3430527e-07 -1 1.2715946e-09
vn 0.95142108 -0.30788741 -0.0017908553
vn 0.9914704 -0.13032952 -0.00081862562
vn 0.9472456 -0.32050416 -0.0017084089
vn 0.52467275 -0.85130399 9.2856446e-08
vn 0.72725397 -0.68636841 9.7047057e-08
vn 0.68301326 -0.73040599 9.5597834e-08
vn 0.49109688 -0.87110496 -6.8285367e-08
vn 1.5645324e-07 -1 5.4041602e-09
vn -0.34694588 -0.93788511 1.0956684e-07
vn -0.34694612 -0.93788499 8.0972131e-07
vn -5.8669944e-08 -1 7.8033617e-07
vn -0.7264533 -0.68721569 -7.4157691e-07
vn -0.88468552 -0.46618763 -0.00078048575
vn -0.88484156 -0.46589214 6.5363935e-07
vn -0.72645348 -0.68721563 4.6642143e-07
vn -0.95142108 -0.30788743 -0.0017903266
vn -0.99147046 -0.13032943 -0.00081807357
vn -0.99254751 -0.12185813 3.2721434e-06
vn -0.95161682 -0.30728719 3.2219623e-06
vn 2.2628386e-07 -0.46657205 -0.88448316
vn -1.4102235e-07 -0.68721557 -0.72645348
vn -3.8198405e-07 -0.73025906 -0.68317044
vn 3.3362429e-07 -0.49030119 -0.871553
vn 0 -0.68721557 0.7264536
vn 0 -0.85065007 0.52573234
vn 0 -0.85042679 0.52609348
vn 0 -0.68721557 0.7264536
vn 1.4877514e-07 -0.307843 0.95143723
vn 0 -0.46657258 0.88448292
vn -0.00051955791 -0.4662444 0.88465583
vn 2.9638304e-07 -0.307843 0.95143712
vn 0 -0.93788505 0.34694627
vn 0 -1 -3.2268483e-07
vn 5.6382868e-07 -0.99999994 -0.00024835908
vn 0 -0.93788505 0.34694621
vn -1.4102235e-07 -0.68721557 -0.72645348
vn -1.3956203e-07 -0.85065025 -0.52573204
vn -1.5760585e-07 -0.87059861 -0.49199396
vn -3.8198405e-07 -0.73025906 -0.68317044
vn 4.4152745e-07 -0.1296881 -0.99155486
vn 9.4634299e-07 -0.30784312 -0.95143723
vn 1.4727148e-06 -0.31993523 -0.94743937
vn -1.3956203e-07 -0.85065025 -0.52573204
vn 0 -0.93788505 -0.34694618
vn 0 -0.95431548 -0.2988005
vn -1.5760585e-07 -0.87059861 -0.49199396
vn 9.4634299e-07 -0.30784312 -0.95143723
vn 2.2628386e-07 -0.46657205 -0.88448316
vn 3.3362429e-07 -0.49030119 -0.871553
vn 1.4727148e-06 -0.31993523 -0.94743937
vn 0 -0.93788505 -0.34694618
vn 0 -1 -3.2268483e-07
vn 0 -0.99999267 0.003828984
vn 0 -0.95431548 -0.2988005
vn 0 -0.46657258 0.88448292
vn 0 -0.68721557 0.7264536
vn 0 -0.68721557 0.7264536
vn -0.00051955791 -0.4662444 0.88465583
vn 2.7592921e-07 -0.12968722 0.99155498
vn 1.4877514e-07 -0.307843 0.95143723
vn 2.9638304e-07 -0.307843 0.95143712
vn -0.00035097363 -0.12153197 0.99258745
vn 0 -0.85065007 0.52573234
vn 0 -0.93788505 0.34694627
vn 0 -0.93788505 0.34694621
vn 0 -0.85042679 0.52609348
vn 1.1007927e-06 -0.93776232 0.34727779
vn 5.6382868e-07 -0.99999994 -0.00024835908
vn 4.8189406e-07 -0.99999994 -0.00049577322
vn 4.7044219e-07 -0.93776232 0.3472777
vn 0.29801756 -0.95456046 -1.6978615e-07
vn 0.49164483 -0.87079573 -1.437125e-07
vn 0.52573204 -0.85065025 -8.0339379e-07
vn 0.34694606 -0.93788511 -8.009265e-07
vn 0.49164483 -0.87079573 -1.437125e-07
vn 0.68317038 -0.73025888 4.4421409e-07
vn 0.7264539 -0.68721521 -1.423354e-07
vn 0.52573204 -0.85065025 -8.0339379e-07
vn 0.68317038 -0.73025888 4.4421409e-07
vn 0.8715862 -0.49024194 0.00037922559
vn 0.88468319 -0.46619201 0.00077645376
vn 0.7264539 -0.68721521 -1.423354e-07
vn 0.8715862 -0.49024194 0.00037922559
vn 0.94819325 -0.31768978 0.0016699953
vn 0.95222056 -0.30541116 7.26179e-06
vn 0.88468319 -0.46619201 0.00077645376
vn 0.94819325 -0.31768978 0.0016699953
vn 0.99122226 -0.1320729 -0.0059328945
vn 0.95222056 -0.30541116 7.26179e-06
vn -1.4389852e-07 -1 2.7446464e-14
vn -0.29801723 -0.95456052 1.6942194e-07
vn -0.34694588 -0.93788511 -3.4550212e-07
vn -2.4445822e-07 -1 -3.0517504e-07
vn 0 -0.87079525 0.49164569
vn 0 -0.85064995 0.52573258
vn 0 -0.68721539 0.72645366
vn 0 -0.73025906 0.68317044
vn 0 -0.73025906 0.68317044
vn 0 -0.68721539 0.72645366
vn 0 -0.46657246 0.88448292
vn 0 -0.49030194 0.87155271
vn 0 -0.49030194 0.87155271
vn 0 -0.46657246 0.88448292
vn 1.4877541e-07 -0.30784285 0.95143723
vn 0 -0.31993535 0.94743937
vn 0 -0.31993535 0.94743937
vn 1.4877541e-07 -0.30784285 0.95143723
vn 2.7592972e-07 -0.1296874 0.99155498
vn 0.34694615 -0.93788511 5.642807e-07
vn 0.52520251 -0.85097724 2.7014372e-07
vn 0.52467257 -0.85130417 6.9796926e-08
vn 0.34694591 -0.93788522 -3.9712329e-08
vn -4.3513577e-07 -1 -1.5139159e-06
vn -0.34694692 -0.93788481 -1.9962745e-06
vn -0.34694657 -0.93788499 -4.1249081e-07
vn -4.986947e-07 -1 -8.2727195e-07
vn 0 -0.95456046 -0.29801726
vn 0 -0.93788499 -0.34694633
vn 0 -0.85065001 -0.52573234
vn 0 -0.87115592 -0.49100646
vn 0 -0.87115592 -0.49100646
vn 0 -0.85065001 -0.52573234
vn 0 -0.68721557 -0.7264536
vn 0 -0.72913772 -0.68436706
vn 0 -0.72913772 -0.68436706
vn 0 -0.68721557 -0.7264536
vn -0.00075773575 -0.46621078 -0.8846733
vn -0.0003552672 -0.48959669 -0.87194896
vn -0.0003552672 -0.48959669 -0.87194896
vn -0.00075773575 -0.46621078 -0.8846733
vn -0.0017879343 -0.30790251 -0.95141619
vn -0.0016558536 -0.32052854 -0.94723743
vn -0.0016558536 -0.32052854 -0.94723743
vn -0.0017879343 -0.30790251 -0.95141619
vn -0.00082643074 -0.13032475 -0.99147093
vn -2.7820386e-07 -1 -3.6595293e-14
vn 0.29801756 -0.95456046 -1.6978615e-07
vn 0.34694606 -0.93788511 -8.009265e-07
vn -4.986947e-07 -1 -8.2727195e-07
vn -0.49164429 -0.87079614 6.4865645e-08
vn -0.68316966 -0.73025966 -5.2244445e-07
vn -0.7264533 -0.68721569 -3.2839009e-07
vn -0.52573133 -0.85065061 -1.5724004e-07
vn -0.68316966 -0.73025966 -5.2244445e-07
vn -0.87158811 -0.49023873 -0.00038500901
vn -0.88468558 -0.46618775 -0.00078062894
vn -0.7264533 -0.68721569 -3.2839009e-07
vn -0.87158811 -0.49023873 -0.00038500901
vn -0.94724554 -0.32050428 -0.0017083968
vn -0.95142108 -0.30788749 -0.00179085
vn -0.88468558 -0.46618775 -0.00078062894
vn -0.94724554 -0.32050428 -0.0017083968
vn -0.99147046 -0.13032986 -0.00081726915
vn -0.95142108 -0.30788749 -0.00179085
vn -0.29801723 -0.95456052 1.6942194e-07
vn -0.49164429 -0.87079614 6.4865645e-08
vn -0.52573133 -0.85065061 -1.5724004e-07
vn -0.34694588 -0.93788511 -3.4550212e-07
vn -0.88484156 -0.46589202 2.053216e-07
vn -0.9516167 -0.3072874 2.3273133e-06
vn -0.95142019 -0.3078903 0.0017913808
vn -0.88468289 -0.46619257 0.00077639759
vn -0.5257324 -0.85065001 -1.444041e-06
vn -0.7264536 -0.68721551 -3.201136e-07
vn -0.72645324 -0.68721592 -4.1716339e-07
vn -0.52573192 -0.85065025 -3.2675487e-07
vn -0.9516167 -0.3072874 2.3273133e-06
vn -0.99254745 -0.12185818 2.7124561e-06
vn -0.99147052 -0.13032873 0.00082026958
vn -0.95142019 -0.3078903 0.0017913808
vn -0.7264536 -0.68721551 -3.201136e-07
vn -0.88484156 -0.46589202 2.053216e-07
vn -0.88468289 -0.46619257 0.00077639759
vn -0.72645324 -0.68721592 -4.1716339e-07
vn 0 -0.95456046 0.29801735
vn 0 -0.93788499 0.3469463
vn 0 -0.85064995 0.52573258
vn 0 -0.87079525 0.49164569
vn -0.0017324563 -0.30730203 0.95161039
vn -0.00051955791 -0.4662444 0.88465583
vn -0.00075815967 -0.46621144 0.88467306
vn -0.0017889137 -0.30790326 0.95141596
vn 0 -0.68721557 0.7264536
vn 0 -0.85042679 0.52609348
vn 0 -0.85020328 0.52645469
vn 0 -0.68721539 0.72645366
vn -2.1512324e-07 -1 -4.3493578e-09
vn 0.34694615 -0.93788511 5.642807e-07
vn 0.34694591 -0.93788522 -3.9712329e-08
vn -2.4445822e-07 -1 -3.0517504e-07
vn -0.00035097363 -0.12153197 0.99258745
vn -0.0017324563 -0.30730203 0.95161039
vn -0.0017889137 -0.30790326 0.95141596
vn -0.00082752336 -0.13032471 0.99147105
vn -0.00051955791 -0.4662444 0.88465583
vn 0 -0.68721557 0.7264536
vn 0 -0.68721539 0.72645366
vn -0.00075815967 -0.46621144 0.88467306
vn 0 -0.85042679 0.52609348
vn 1.1007927e-06 -0.93776232 0.34727779
vn 4.7044219e-07 -0.93776232 0.3472777
vn 0 -0.85020328 0.52645469
vn 0.95188296 -0.30645642 -0.001785095
vn 0.9924314 -0.12274697 -0.0036220057
vn 0.9914704 -0.13032939 -0.00081829407
vn 0.95142108 -0.30788729 -0.0017901242
vn 0.72725439 -0.68636799 -6.896226e-07
vn 0.8854028 -0.46482456 -5.3706628e-07
vn 0.8858065 -0.46405408 -0.00078097935
vn 0.72725421 -0.68636805 -2.7423147e-07
vn -0.34694692 -0.93788481 -1.9962745e-06
vn -0.5257324 -0.85065001 -1.444041e-06
vn -0.52573192 -0.85065025 -3.2675487e-07
vn -0.34694657 -0.93788499 -4.1249081e-07
vn 0.8854028 -0.46482456 -5.3706628e-07
vn 0.95188296 -0.30645642 -0.001785095
vn 0.95142108 -0.30788729 -0.0017901242
vn 0.8858065 -0.46405408 -0.00078097935
vn 0.52520251 -0.85097724 2.7014372e-07
vn 0.72725439 -0.68636799 -6.896226e-07
vn 0.72725421 -0.68636805 -2.7423147e-07
vn 0.52467257 -0.85130417 6.9796926e-08
vn -1.6400415e-07 -1 -0.00018685138
vn 4.8189406e-07 -0.99999994 -0.00049577322
vn 0 -0.93788499 -0.34694633
vn 0 -0.95456046 -0.29801726
vn 2.9785593e-07 -0.12121813 -0.99262589
vn 2.9638338e-07 -0.30784324 -0.95143712
vn 9.4634191e-07 -0.30784297 -0.95143718
vn 4.4152753e-07 -0.12968825 -0.99155474
vn 0 -0.46657172 -0.8844834
vn 0 -0.68721521 -0.72645396
vn -1.4102244e-07 -0.68721551 -0.72645366
vn 2.2628384e-07 -0.46657202 -0.88448322
vn 0 -0.85065025 -0.52573204
vn 0 -0.93788522 -0.34694588
vn 0 -0.93788511 -0.34694603
vn -1.39562e-07 -0.85065019 -0.5257321
vn 0 -0.99999273 0.0038289749
vn 0 -1 -2.5423654e-07
vn 0 -0.93788499 0.3469463
vn 0 -0.95456046 0.29801735
vn 2.9638338e-07 -0.30784324 -0.95143712
vn 0 -0.46657172 -0.8844834
vn 2.2628384e-07 -0.46657202 -0.88448322
vn 9.4634191e-07 -0.30784297 -0.95143718
vn 0 -0.68721521 -0.72645396
vn 0 -0.85065025 -0.52573204
vn -1.39562e-07 -0.85065019 -0.5257321
vn -1.4102244e-07 -0.68721551 -0.72645366
vn 0 -0.93788522 -0.34694588
vn 0 -1 -5.8669968e-07
vn 0 -1 -2.5423654e-07
vn 0 -0.93788511 -0.34694603
vn -0.70695245 -0.00021434037 -0.70726097
vn -0.71696502 0.0010070509 -0.69710833
vn -0.7169376 0.0010077172 -0.69713676
vn -0.7069518 -0.00021519992 -0.70726174
vn 0.69956672 -0.028053887 -0.71401632
vn 0.7036978 -0.011911125 -0.71039963
vn 0.70369899 -0.011906006 -0.71039844
vn 0.69956672 -0.028053887 -0.71401632
vn 0.70816129 -0.0055083209 0.7060293
vn 0.70714742 0.00095436058 0.70706558
vn 0.70714706 0.00095189607 0.70706588
vn 0.70816571 -0.0055182534 0.70602471
vn 0.7106427 -0.014039492 -0.70341307
vn 0.71401817 -0.02807709 -0.69956392
vn 0.71401817 -0.02807709 -0.69956392
vn 0.71064156 -0.014035131 -0.7034142
vn -0.69956005 -0.028083349 0.71402174
vn -0.70341235 -0.014043863 0.71064329
vn -0.70341367 -0.014039202 0.71064204
vn -0.69956005 -0.028083349 0.71402174
vn 0.70710874 1.011926e-06 -0.70710474
vn 0.7106427 -0.014039492 -0.70341307
vn 0.71064156 -0.014035131 -0.7034142
vn 0.70710874 1.0120389e-06 -0.70710474
vn -0.70607895 -0.00098812266 -0.70813239
vn -0.70695245 -0.00021434037 -0.70726097
vn -0.7069518 -0.00021519992 -0.70726174
vn -0.70607895 -0.00098825444 -0.70813251
vn -0.70952505 -0.0090951603 0.70462155
vn -0.71084207 -0.01599342 0.70316988
vn -0.71084112 -0.015989907 0.70317084
vn -0.70952863 -0.0091045303 0.70461774
vn -0.70341235 -0.014043863 0.71064329
vn -0.70710838 -3.2856047e-08 0.70710516
vn -0.70710832 -3.3451663e-08 0.70710516
vn -0.70341367 -0.014039202 0.71064204
vn 0.70714742 0.00095436058 0.70706558
vn 0.70699459 0.0023075072 0.70721513
vn 0.70699394 0.0023048744 0.70721591
vn 0.70714706 0.00095189607 0.70706588
vn 0.7036978 -0.011911125 -0.71039963
vn 0.70442313 0.013497877 -0.70965183
vn 0.70443451 0.013465222 -0.70964122
vn 0.70369899 -0.011906006 -0.71039844
vn 0.70710611 3.9162649e-07 -0.70710748
vn 0.70710874 1.011926e-06 -0.70710474
vn 0.70710874 1.0120389e-06 -0.70710474
vn 0.70710611 3.9163774e-07 -0.70710748
vn -0.70840091 0.0013081081 -0.70580906
vn -0.70607895 -0.00098812266 -0.70813239
vn -0.70607895 -0.00098825444 -0.70813251
vn -0.70840383 0.0013105947 -0.70580602
vn -0.71403342 -0.012700139 0.69999641
vn -0.70952505 -0.0090951603 0.70462155
vn -0.70952863 -0.0091045303 0.70461774
vn -0.71404445 -0.012694702 0.69998521
vn -0.70710838 -3.2856047e-08 0.70710516
vn -0.7071085 1.2068607e-06 0.70710498
vn -0.70710862 1.20686e-06 0.70710504
vn -0.70710832 -3.3451663e-08 0.70710516
vn 0.70699459 0.0023075072 0.70721513
vn 0.70515877 0.0016358531 0.7090475
vn 0.70515686 0.0016378363 0.70904946
vn 0.70699394 0.0023048744 0.70721591
vn 0.70442313 0.013497877 -0.70965183
vn 0.7158497 0.0072692321 -0.69821662
vn 0.71580285 0.0073193237 -0.69826406
vn 0.70443451 0.013465222 -0.70964122
vn 0.70710409 2.1877406e-07 -0.70710951
vn 0.70710611 3.9162649e-07 -0.70710748
vn 0.70710611 3.9163774e-07 -0.70710748
vn 0.70710403 2.1891474e-07 -0.70710951
vn -0.71232218 0.001295724 -0.70185149
vn -0.70840091 0.0013081081 -0.70580906
vn -0.70840383 0.0013105947 -0.70580602
vn -0.71194088 0.0016138584 -0.70223755
vn -0.71414882 -0.0068329829 0.69996059
vn -0.71403342 -0.012700139 0.69999641
vn -0.71404445 -0.012694702 0.69998521
vn -0.71416199 -0.0068568252 0.69994694
vn -0.7071085 1.2068607e-06 0.70710498
vn -0.7071079 6.1941972e-07 0.70710576
vn -0.70710784 6.1902142e-07 0.70710576
vn -0.70710862 1.20686e-06 0.70710504
vn 0.7158497 0.0072692321 -0.69821662
vn 0.72095096 -0.0029365392 -0.69297981
vn 0.72087538 -0.0028934388 -0.69305879
vn 0.71580285 0.0073193237 -0.69826406
vn 0.70515877 0.0016358531 0.7090475
vn 0.70185763 0.0012952043 0.71231616
vn 0.70224422 0.0016131989 0.71193439
vn 0.70515686 0.0016378363 0.70904946
vn 0.64424723 -0.41218007 0.6442461
vn 0.69736189 -0.16545247 0.69736069
vn 0.69736189 -0.16545247 0.69736069
vn 0.64424723 -0.41218007 0.64424616
vn 0.56896365 -0.5937683 0.56896365
vn 0.64424723 -0.41218007 0.6442461
vn 0.64424723 -0.41218007 0.64424616
vn 0.56896377 -0.59376806 0.56896377
vn 0.4285928 -0.79537189 0.4285928
vn 0.56896365 -0.5937683 0.56896365
vn 0.56896377 -0.59376806 0.56896377
vn 0.42859283 -0.79537183 0.42859283
vn 0.28375378 -0.91595191 0.28375319
vn 0.4285928 -0.79537189 0.4285928
vn 0.42859283 -0.79537183 0.42859283
vn 0.28375378 -0.91595191 0.28375322
vn 0.18050942 -0.96684885 0.18060933
vn 0.28375378 -0.91595191 0.28375319
vn 0.28375378 -0.91595191 0.28375322
vn 0.18050943 -0.96684885 0.18060935
vn -0.69736111 -0.16545247 0.69736135
vn -0.64424568 -0.41218099 0.64424717
vn -0.6442458 -0.41218051 0.64424735
vn -0.69736111 -0.16545245 0.69736129
vn -0.64424568 -0.41218099 0.64424717
vn -0.5689624 -0.59376943 0.56896365
vn -0.5689624 -0.59376943 0.56896365
vn -0.6442458 -0.41218051 0.64424735
vn -0.5689624 -0.59376943 0.56896365
vn -0.42858949 -0.79537642 0.42858776
vn -0.42859629 -0.79536903 0.42859453
vn -0.5689624 -0.59376943 0.56896365
vn -0.42858949 -0.79537642 0.42858776
vn -0.28339854 -0.91586632 0.28438362
vn -0.28337482 -0.91588092 0.28436038
vn -0.42859629 -0.79536903 0.42859453
vn -0.28339854 -0.91586632 0.28438362
vn -0.18009824 -0.9667303 0.18165156
vn -0.17955139 -0.96693534 0.18110055
vn -0.28337482 -0.91588092 0.28436038
vn 0.64424044 -0.41219711 -0.64424217
vn 0.69736195 -0.16545241 -0.69736063
vn 0.69736195 -0.16545241 -0.69736063
vn 0.64424634 -0.41217837 -0.64424813
vn 0.57061315 -0.59313339 -0.56797302
vn 0.64424044 -0.41219711 -0.64424217
vn 0.64424634 -0.41217837 -0.64424813
vn 0.57058072 -0.59319746 -0.56793875
vn 0.43155482 -0.79458892 -0.42707011
vn 0.57061315 -0.59313339 -0.56797302
vn 0.57058072 -0.59319746 -0.56793875
vn 0.43059275 -0.79562199 -0.42611662
vn 0.28015292 -0.91528493 -0.28942677
vn 0.43155482 -0.79458892 -0.42707011
vn 0.43059275 -0.79562199 -0.42611662
vn 0.27972704 -0.91551661 -0.28910553
vn 0.16964824 -0.96767533 -0.1866114
vn 0.28015292 -0.91528493 -0.28942677
vn 0.27972704 -0.91551661 -0.28910553
vn 0.17545095 -0.96539885 -0.19292994
vn -0.18009824 -0.9667303 0.18165156
vn -0.12303704 -0.98460501 0.12415674
vn -0.12303704 -0.98460501 0.12415674
vn -0.17955139 -0.96693534 0.18110055
vn 0.11617468 -0.98489732 -0.12837705
vn 0.16964824 -0.96767533 -0.1866114
vn 0.17545095 -0.96539885 -0.19292994
vn 0.11617468 -0.98489732 -0.12837705
vn -0.64420229 -0.41227809 -0.64422834
vn -0.69736117 -0.16545238 -0.69736141
vn -0.69736117 -0.16545238 -0.69736141
vn -0.64424402 -0.41214779 -0.64427
vn -0.5611347 -0.59080261 -0.57972413
vn -0.64420229 -0.41227809 -0.64422834
vn -0.64424402 -0.41214779 -0.64427
vn -0.56176007 -0.58979142 -0.58014804
vn -0.41708726 -0.79063249 -0.44826168
vn -0.5611347 -0.59080261 -0.57972413
vn -0.56176007 -0.58979142 -0.58014804
vn -0.4117415 -0.79661667 -0.44257295
vn -0.27657449 -0.91651171 -0.28898588
vn -0.41708726 -0.79063249 -0.44826168
vn -0.4117415 -0.79661667 -0.44257295
vn -0.27628192 -0.91672051 -0.2886031
vn -0.18051356 -0.96684575 -0.18062168
vn -0.27657449 -0.91651171 -0.28898588
vn -0.27628192 -0.91672051 -0.2886031
vn -0.18045992 -0.96686572 -0.18056813
vn 0.12364978 -0.98456681 0.12385079
vn 0.18050942 -0.96684885 0.18060933
vn 0.18050943 -0.96684885 0.18060935
vn 0.12364978 -0.98456681 0.12385079
vn -0.12360327 -0.98457849 -0.12380414
vn -0.18051356 -0.96684575 -0.18062168
vn -0.18045992 -0.96686572 -0.18056813
vn -0.12360327 -0.98457849 -0.12380414
vn -0.71084207 -0.01599342 0.70316988
vn -0.71394777 -0.027770871 0.69964796
vn -0.71394777 -0.027770871 0.69964796
vn -0.71084112 -0.015989907 0.70317084
vn -0.70548171 0.001473416 -0.70872658
vn -0.70185131 0.0012958562 -0.71232229
vn -0.70223743 0.0016140237 -0.711941
vn -0.7054792 0.0014756573 -0.70872909
vn 0.71195269 -0.022076959 0.70188022
vn 0.70816129 -0.0055083209 0.7060293
vn 0.70816571 -0.0055182534 0.70602471
vn 0.71194071 -0.022007076 0.7018947
vn 0.70872277 0.0014723882 0.70548558
vn 0.70710474 -7.4725614e-07 0.70710886
vn 0.70710474 -7.4733822e-07 0.70710886
vn 0.70872521 0.00147463 0.70548308
vn -0.71696502 0.0010070509 -0.69710833
vn -0.70470613 -0.0078566596 -0.70945579
vn -0.70461082 -0.0078955032 -0.70954996
vn -0.7169376 0.0010077172 -0.69713676
vn 0.70361918 -0.013139063 0.71045566
vn 0.70109427 -0.027786953 0.7125271
vn 0.70109427 -0.027786953 0.7125271
vn 0.70361888 -0.013141174 0.71045595
vn -0.70710725 4.3754545e-07 -0.70710635
vn -0.70548171 0.001473416 -0.70872658
vn -0.7054792 0.0014756573 -0.70872909
vn -0.70710719 4.3782677e-07 -0.70710635
vn -0.7140432 -0.028776124 -0.69951004
vn -0.71076894 -0.014811381 -0.70326954
vn -0.71076643 -0.014800608 -0.70327246
vn -0.7140432 -0.028776124 -0.69951004
vn 0.70710474 -7.4725614e-07 0.70710886
vn 0.70718223 0.00014282617 0.70703131
vn 0.70718223 0.00014283073 0.70703131
vn 0.70710474 -7.4733822e-07 0.70710886
vn 0.71419519 -0.035435602 0.69904906
vn 0.71195269 -0.022076959 0.70188022
vn 0.71194071 -0.022007076 0.7018947
vn 0.71419519 -0.035435602 0.69904906
vn -0.70470613 -0.0078566596 -0.70945579
vn -0.68303126 -0.016546546 -0.73020178
vn -0.68303126 -0.016546546 -0.73020178
vn -0.70461082 -0.0078955032 -0.70954996
vn -0.70718312 -0.00014372435 -0.70703042
vn -0.70710725 4.3754545e-07 -0.70710635
vn -0.70710719 4.3782677e-07 -0.70710635
vn -0.70718318 -0.0001437286 -0.70703036
vn 0.70718223 0.00014282617 0.70703131
vn 0.70662189 0.00089556933 0.70759076
vn 0.70662171 0.0008957737 0.70759094
vn 0.70718223 0.00014283073 0.70703131
vn 0.7110042 0.0026268323 -0.70318294
vn 0.71232051 0.0012954554 -0.7018531
vn 0.71193898 0.0016135365 -0.70223945
vn 0.71100318 0.0026273108 -0.70318395
vn -0.70872647 0.0014728311 0.70548189
vn -0.71231985 0.0012957279 0.70185387
vn -0.71193862 0.0016138627 0.70223981
vn -0.70872897 0.0014750737 0.70547938
vn -0.70729828 -0.00056201196 -0.70691514
vn -0.70718312 -0.00014372435 -0.70703042
vn -0.70718318 -0.0001437286 -0.70703036
vn -0.70729816 -0.00056220498 -0.70691514
vn -0.70185584 0.0012958596 0.71231788
vn -0.7077561 0.00032844304 0.70645684
vn -0.70775026 0.0003323642 0.70646262
vn -0.70224166 0.0016140161 0.71193683
vn 0.70662189 0.00089556933 0.70759076
vn 0.70361918 -0.013139063 0.71045566
vn 0.70361888 -0.013141174 0.71045595
vn 0.70662171 0.0008957737 0.70759094
vn 0.72095096 -0.0029365392 -0.69297981
vn 0.7110042 0.0026268323 -0.70318294
vn 0.71100318 0.0026273108 -0.70318395
vn 0.72087538 -0.0028934388 -0.69305879
vn -0.71076894 -0.014811381 -0.70326954
vn -0.70729828 -0.00056201196 -0.70691514
vn -0.70729816 -0.00056220498 -0.70691514
vn -0.71076643 -0.014800608 -0.70327246
vn -0.7071079 6.1941972e-07 0.70710576
vn -0.70872647 0.0014728311 0.70548189
vn -0.70872897 0.0014750737 0.70547938
vn -0.70710784 6.1902142e-07 0.70710576
vn -0.7077561 0.00032844304 0.70645684
vn -0.71414882 -0.0068329829 0.69996059
vn -0.71416199 -0.0068568252 0.69994694
vn -0.70775026 0.0003323642 0.70646262
vn 0.70552552 0.0014640609 -0.70868295
vn 0.70710409 2.1877406e-07 -0.70710951
vn 0.70710403 2.1891474e-07 -0.70710951
vn 0.70551819 0.0014708458 -0.70869029
vn 0.70550752 0.00010515228 0.7087025
vn 0.70550752 0.00010515228 0.7087025
vn 0.7055074 0.00010489515 0.70870262
vn 0.70550728 0.00010489529 0.70870256
vn -0.70097429 -0.0081840744 -0.71313953
vn -0.70097429 -0.0081840744 -0.71313953
vn -0.69956017 -0.0014390103 -0.71457231
vn -0.69955999 -0.0014381256 -0.71457243
vn -0.70743406 -1.5571421e-05 0.7067793
vn -0.70743406 -1.5571421e-05 0.7067793
vn -0.70743221 -1.7053422e-05 0.70678127
vn -0.70743215 -1.7053342e-05 0.70678127
vn 0.00088309107 -0.67105949 -0.74140316
vn 0.00088217721 -0.67197883 -0.74056977
vn 0.00097006123 -0.5705896 -0.82123482
vn 0.81381047 -0.58112854 0.0014802639
vn 0.81469023 -0.57989484 0.0013644637
vn 0.77864069 -0.62746871 0.0013119642
vn 0.73611367 -0.6768567 0.0013361988
vn -0.001280533 -0.58021897 0.8144595
vn 0.00080819352 -0.67818189 0.73489374
vn 0.0014156445 -0.70474923 0.70945507
vn -0.81397992 -0.58089185 -0.0011819677
vn -0.73510605 -0.6779514 -0.0010564583
vn -0.73526835 -0.67777514 -0.0010567149
vn 0.0014156445 -0.70474923 0.70945507
vn 0.00080819352 -0.67818189 0.73489374
vn 0.0031872175 -0.7771982 0.62924778
vn 0.0031872175 -0.7771982 0.62924778
vn -0.69955999 -0.0014381256 -0.71457243
vn -0.69956017 -0.0014390103 -0.71457231
vn -0.69661194 0.012122218 -0.7173456
vn 0.7070778 1.7923348e-05 -0.70713574
vn 0.7070778 1.7921575e-05 -0.7071358
vn 0.70707417 1.8967139e-05 -0.70713931
vn 0.70550728 0.00010489529 0.70870256
vn 0.7055074 0.00010489515 0.70870262
vn 0.70550716 0.00010437817 0.7087028
vn 0.70550716 0.00010437817 0.7087028
vn -0.70743215 -1.7053342e-05 0.70678127
vn -0.70743221 -1.7053422e-05 0.70678127
vn -0.70742834 -2.0033187e-05 0.70678508
vn 0.00088309107 -0.67105949 -0.74140316
vn 0.00076466252 -0.7732408 -0.63411212
vn 0.00088217721 -0.67197883 -0.74056977
vn 0.77864069 -0.62746871 0.0013119642
vn 0.81469023 -0.57989484 0.0013644637
vn 0.81660903 -0.57719016 0.0011110327
vn -0.73510605 -0.6779514 -0.0010564583
vn -0.63092452 -0.77584374 -0.00089284737
vn -0.73526835 -0.67777514 -0.0010567149
vn 0.77864069 -0.62746871 0.0013119642
vn 0.63334984 -0.77386475 0.001146191
vn 0.73611367 -0.6768567 0.0013361988
vn 0.9924314 -0.12274705 -0.003621419
vn 0.99122226 -0.1320729 -0.0059328945
vn 0.99994648 -0.0073167789 -0.0073149609
vn 0.99998659 -0.0036584402 -0.0036573024
vn -0.71232218 0.001295724 -0.70185149
vn -0.71194088 0.0016138584 -0.70223755
vn -0.71387208 0 -0.70027614
vn -0.71387208 0 -0.70027614
vn 2.7592972e-07 -0.1296874 0.99155498
vn 2.9785605e-07 -0.12121729 0.99262601
vn 0 0 1
vn 0 0 1
vn 2.9785593e-07 -0.12121813 -0.99262589
vn 4.4152753e-07 -0.12968825 -0.99155474
vn 0 0 -1
vn 0 0 -1
vn -0.70223743 0.0016140237 -0.711941
vn -0.70185131 0.0012958562 -0.71232229
vn -0.70027614 0 -0.71387208
vn -0.70027614 0 -0.71387208
vn 0.9914704 -0.13032939 -0.00081829407
vn 0.9924314 -0.12274697 -0.0036220057
vn 0.99998665 -0.0036584402 -0.003657304
vn 1 0 0
vn -0.69736117 -0.16545238 -0.69736141
vn -0.69736117 -0.16545238 -0.69736141
vn -0.70710677 0 -0.70710677
vn -0.70710677 0 -0.70710677
vn -0.71193862 0.0016138627 0.70223981
vn -0.71231985 0.0012957279 0.70185387
vn -0.71386927 0 0.70027894
vn -0.71386927 0 0.70027894
vn 0.70224422 0.0016131989 0.71193439
vn 0.70185763 0.0012952043 0.71231616
vn 0.70028019 0 0.7138682
vn 0.70028019 0 0.7138682
vn -0.99254745 -0.12185821 2.7246272e-06
vn -0.99147046 -0.13032986 -0.00081726915
vn -1 0 2.8994987e-06
vn -1 0 1.4497488e-06
vn -0.69736111 -0.16545247 0.69736135
vn -0.69736111 -0.16545245 0.69736129
vn -0.70710677 0 0.70710677
vn -0.70710677 0 0.70710677
vn 0.71193898 0.0016135365 -0.70223945
vn 0.71232051 0.0012954554 -0.7018531
vn 0.71387154 0 -0.70027673
vn 0.71387154 0 -0.70027673
vn -0.00082643074 -0.13032475 -0.99147093
vn -0.0003504015 -0.12153267 -0.99258739
vn 0 0 -1
vn 0 0 -0.99999994
vn 0.69736195 -0.16545241 -0.69736063
vn 0.69736195 -0.16545241 -0.69736063
vn 0.70710677 0 -0.70710677
vn 0.70710677 0 -0.70710677
vn -0.99147052 -0.13032873 0.00082026958
vn -0.99254745 -0.12185818 2.7124561e-06
vn -1 0 8.3939136e-07
vn -1 0 0
vn 0.69736189 -0.16545247 0.69736069
vn 0.69736189 -0.16545247 0.69736069
vn 0.70710677 0 0.70710677
vn 0.70710677 0 0.70710677
vn -0.00035097363 -0.12153197 0.99258745
vn -0.00082752336 -0.13032471 0.99147105
vn 0 0 1
vn 0 0 1
vn -0.70185584 0.0012958596 0.71231788
vn -0.70224166 0.0016140161 0.71193683
vn -0.70028132 0 0.71386707
vn -0.70028132 0 0.71386707
vn 0.70707959 1.7401433e-05 -0.70713401
vn 0.70707959 1.7401433e-05 -0.70713401
vn 0.7070778 1.7921575e-05 -0.7071358
vn 0.7070778 1.7923348e-05 -0.70713574
vn 0.34694606 -0.93788511 -8.009265e-07
vn 0.52573204 -0.85065025 -8.0339379e-07
vn 0.52520251 -0.85097724 -7.5339011e-07
vn 0.34694621 -0.93788499 -7.1107883e-07
vn 0.7264539 -0.68721521 -1.423354e-07
vn 0.88468319 -0.46619201 0.00077645376
vn 0.88540286 -0.46482453 -1.8867351e-07
vn 0.72645414 -0.68721497 -9.7666236e-07
vn 0.95222056 -0.30541116 7.26179e-06
vn 0.99122226 -0.1320729 -0.0059328945
vn 0.9924314 -0.12274705 -0.003621419
vn 0.95188302 -0.30645648 -0.0017845025
vn 0.70188248 0.001287721 -0.71229154
vn 0.70552552 0.0014640609 -0.70868295
vn 0.70551819 0.0014708458 -0.70869029
vn 0.70228219 0.0016089982 -0.71189678
vn -0.52573192 -0.85065025 -3.2675487e-07
vn -0.72645324 -0.68721592 -4.1716339e-07
vn -0.68317008 -0.7302593 -2.2210682e-07
vn -0.49164501 -0.87079567 1.437126e-07
vn -0.72645324 -0.68721592 -4.1716339e-07
vn -0.88468289 -0.46619257 0.00077639759
vn -0.87158591 -0.49024269 0.00037826999
vn -0.68317008 -0.7302593 -2.2210682e-07
vn 0.70027733 0 -0.71387094
vn 0.70188248 0.001287721 -0.71229154
vn 0.70228219 0.0016089982 -0.71189678
vn 0.70027733 0 -0.71387094
vn 0.52573204 -0.85065025 -8.0339379e-07
vn 0.7264539 -0.68721521 -1.423354e-07
vn 0.72645414 -0.68721497 -9.7666236e-07
vn 0.52520251 -0.85097724 -7.5339011e-07
vn 0.88468319 -0.46619201 0.00077645376
vn 0.95222056 -0.30541116 7.26179e-06
vn 0.95188302 -0.30645648 -0.0017845025
vn 0.88540286 -0.46482453 -1.8867351e-07
vn -0.34694657 -0.93788499 -4.1249081e-07
vn -0.52573192 -0.85065025 -3.2675487e-07
vn -0.49164501 -0.87079567 1.437126e-07
vn -0.29801816 -0.95456022 1.6978623e-07
vn -4.986947e-07 -1 -8.2727195e-07
vn -0.34694657 -0.93788499 -4.1249081e-07
vn -0.29801816 -0.95456022 1.6978623e-07
vn -2.7820386e-07 -1 -3.6595293e-14
vn -4.986947e-07 -1 -8.2727195e-07
vn 0.34694606 -0.93788511 -8.009265e-07
vn 0.34694621 -0.93788499 -7.1107883e-07
vn -4.3513577e-07 -1 -1.5139159e-06
vn -0.88468289 -0.46619257 0.00077639759
vn -0.95142019 -0.3078903 0.0017913808
vn -0.94724411 -0.32050857 0.0017001968
vn -0.87158591 -0.49024269 0.00037826999
vn -0.95142019 -0.3078903 0.0017913808
vn -0.99147052 -0.13032873 0.00082026958
vn -0.94724411 -0.32050857 0.0017001968
vn 0 -0.68721539 0.72645366
vn 0 -0.85020328 0.52645469
vn 0 -0.87020534 0.49268919
vn 0 -0.73025876 0.68317062
vn -0.00082752336 -0.13032471 0.99147105
vn -0.0017889137 -0.30790326 0.95141596
vn -0.0016558563 -0.32052985 0.94723696
vn 0 -0.85020328 0.52645469
vn 4.7044219e-07 -0.93776232 0.3472777
vn -2.3503478e-07 -0.95466077 0.29769579
vn 0 -0.87020534 0.49268919
vn 0 -0.93788499 -0.34694633
vn 4.8189406e-07 -0.99999994 -0.00049577322
vn 5.6382868e-07 -0.99999994 -0.00024835908
vn 0 -0.93788499 -0.34694636
vn 0 -0.85065001 -0.52573234
vn 0 -0.93788499 -0.34694633
vn 0 -0.93788499 -0.34694636
vn 0 -0.85065019 -0.5257321
vn -0.00075773575 -0.46621078 -0.8846733
vn 0 -0.68721557 -0.7264536
vn 0 -0.68721569 -0.72645348
vn -0.00051913416 -0.46624398 -0.88465595
vn -0.00082643074 -0.13032475 -0.99147093
vn -0.0017879343 -0.30790251 -0.95141619
vn -0.0017304698 -0.30730188 -0.95161051
vn -0.0003504015 -0.12153267 -0.99258739
vn 0.71231782 0.0012957222 0.70185584
vn 0.70872277 0.0014723882 0.70548558
vn 0.70872521 0.00147463 0.70548308
vn 0.71193647 0.0016138559 0.70224208
vn -0.0017889137 -0.30790326 0.95141596
vn -0.00075815967 -0.46621144 0.88467306
vn -0.00035177008 -0.49025407 0.87157953
vn -0.0016558563 -0.32052985 0.94723696
vn -0.00075815967 -0.46621144 0.88467306
vn 0 -0.68721539 0.72645366
vn 0 -0.73025876 0.68317062
vn -0.00035177008 -0.49025407 0.87157953
vn 4.7044219e-07 -0.93776232 0.3472777
vn 4.8189406e-07 -0.99999994 -0.00049577322
vn -1.6400415e-07 -1 -0.00018685138
vn -2.3503478e-07 -0.95466077 0.29769579
vn 0 -0.68721557 -0.7264536
vn 0 -0.85065001 -0.52573234
vn 0 -0.85065019 -0.5257321
vn 0 -0.68721569 -0.72645348
vn -0.0017879343 -0.30790251 -0.95141619
vn -0.00075773575 -0.46621078 -0.8846733
vn -0.00051913416 -0.46624398 -0.88465595
vn -0.0017304698 -0.30730188 -0.95161051
vn 0.71386814 0 0.70028013
vn 0.71231782 0.0012957222 0.70185584
vn 0.71193647 0.0016138559 0.70224208
vn 0.71386814 0 0.70028013
vn 0.72725421 -0.68636805 -2.7423147e-07
vn 0.8858065 -0.46405408 -0.00078097935
vn 0.8730638 -0.48760578 -0.00038411975
vn 0.68301338 -0.73040599 1.9119561e-07
vn 0.8858065 -0.46405408 -0.00078097935
vn 0.95142108 -0.30788729 -0.0017901242
vn 0.94724566 -0.32050407 -0.0017064925
vn 0.8730638 -0.48760578 -0.00038411975
vn 0.34694591 -0.93788522 -3.9712329e-08
vn 0.52467257 -0.85130417 6.9796926e-08
vn 0.49109691 -0.87110502 7.8303501e-08
vn 0.2980172 -0.95456052 -1.1670749e-07
vn -0.52573133 -0.85065061 -1.5724004e-07
vn -0.7264533 -0.68721569 -3.2839009e-07
vn -0.72645354 -0.68721569 0
vn -0.52573216 -0.85065025 -2.7211158e-07
vn -0.88468558 -0.46618775 -0.00078062894
vn -0.95142108 -0.30788749 -0.00179085
vn -0.95161682 -0.30728731 2.0311766e-06
vn -0.88484168 -0.46589199 3.4200117e-08
vn -0.34694588 -0.93788511 -3.4550212e-07
vn -0.52573133 -0.85065061 -1.5724004e-07
vn -0.52573216 -0.85065025 -2.7211158e-07
vn -0.34694636 -0.93788499 -5.7048209e-07
vn -2.4445822e-07 -1 -3.0517504e-07
vn 0.34694591 -0.93788522 -3.9712329e-08
vn 0.2980172 -0.95456052 -1.1670749e-07
vn -1.4389852e-07 -1 2.7446464e-14
vn 0.95142108 -0.30788729 -0.0017901242
vn 0.9914704 -0.13032939 -0.00081829407
vn 0.94724566 -0.32050407 -0.0017064925
vn 0.52467257 -0.85130417 6.9796926e-08
vn 0.72725421 -0.68636805 -2.7423147e-07
vn 0.68301338 -0.73040599 1.9119561e-07
vn 0.49109691 -0.87110502 7.8303501e-08
vn -2.4445822e-07 -1 -3.0517504e-07
vn -0.34694588 -0.93788511 -3.4550212e-07
vn -0.34694636 -0.93788499 -5.7048209e-07
vn -2.1512324e-07 -1 -4.3493578e-09
vn -0.7264533 -0.68721569 -3.2839009e-07
vn -0.88468558 -0.46618775 -0.00078062894
vn -0.88484168 -0.46589199 3.4200117e-08
vn -0.72645354 -0.68721569 0
vn -0.95142108 -0.30788749 -0.00179085
vn -0.99147046 -0.13032986 -0.00081726915
vn -0.99254745 -0.12185821 2.7246272e-06
vn -0.95161682 -0.30728731 2.0311766e-06
vn 2.2628384e-07 -0.46657202 -0.88448322
vn -1.4102244e-07 -0.68721551 -0.72645366
vn -3.8198405e-07 -0.73025912 -0.68317032
vn 3.3362426e-07 -0.49030158 -0.87155277
vn 0 -0.68721539 0.72645366
vn 0 -0.85064995 0.52573258
vn 0 -0.85064977 0.52573276
vn 0 -0.68721527 0.7264539
vn 1.4877541e-07 -0.30784285 0.95143723
vn 0 -0.46657246 0.88448292
vn 0 -0.4665722 0.88448316
vn 2.9638355e-07 -0.30784294 0.95143718
vn 0 -0.93788499 0.3469463
vn 0 -1 -2.5423654e-07
vn 0 -1 -5.8669968e-07
vn 0 -0.93788499 0.34694627
vn -1.4102244e-07 -0.68721551 -0.72645366
vn -1.39562e-07 -0.85065019 -0.5257321
vn -1.5760591e-07 -0.87059861 -0.49199396
vn -3.8198405e-07 -0.73025912 -0.68317032
vn 4.4152753e-07 -0.12968825 -0.99155474
vn 9.4634191e-07 -0.30784297 -0.95143718
vn 1.4727127e-06 -0.31993499 -0.94743943
vn -1.39562e-07 -0.85065019 -0.5257321
vn 0 -0.93788511 -0.34694603
vn 0 -0.95431548 -0.29880056
vn -1.5760591e-07 -0.87059861 -0.49199396
vn 9.4634191e-07 -0.30784297 -0.95143718
vn 2.2628384e-07 -0.46657202 -0.88448322
vn 3.3362426e-07 -0.49030158 -0.87155277
vn 1.4727127e-06 -0.31993499 -0.94743943
vn 0 -0.93788511 -0.34694603
vn 0 -1 -2.5423654e-07
vn 0 -0.99999273 0.0038289749
vn 0 -0.95431548 -0.29880056
vn 0 -0.46657246 0.88448292
vn 0 -0.68721539 0.72645366
vn 0 -0.68721527 0.7264539
vn 0 -0.4665722 0.88448316
vn 2.7592972e-07 -0.1296874 0.99155498
vn 1.4877541e-07 -0.30784285 0.95143723
vn 2.9638355e-07 -0.30784294 0.95143718
vn 2.9785605e-07 -0.12121729 0.99262601
vn 0 -0.85064995 0.52573258
vn 0 -0.93788499 0.3469463
vn 0 -0.93788499 0.34694627
vn 0 -0.85064977 0.52573276
vn 0 -0.93776214 0.34727803
vn 5.6607581e-07 -0.99999988 -0.00024821734
vn 5.6604085e-07 -0.99999982 -0.00049595395
vn 0 -0.9377622 0.34727794
vn 0.29801753 -0.95456046 -1.6978613e-07
vn 0.49164474 -0.87079591 -1.4371248e-07
vn 0.52573192 -0.85065031 2.2019739e-07
vn 0.34694612 -0.93788505 4.7443322e-07
vn 0.49164474 -0.87079591 -1.4371248e-07
vn 0.68317044 -0.730259 4.4421387e-07
vn 0.7264539 -0.68721515 3.4599552e-07
vn 0.52573192 -0.85065031 2.2019739e-07
vn 0.68317044 -0.730259 4.4421387e-07
vn 0.87158632 -0.49024197 0.00037922597
vn 0.88468331 -0.46619195 0.00077690417
vn 0.7264539 -0.68721515 3.4599552e-07
vn 0.87158632 -0.49024197 0.00037922597
vn 0.94819319 -0.31769001 0.0016699955
vn 0.95222056 -0.30541116 7.1318709e-06
vn 0.88468331 -0.46619195 0.00077690417
vn 0.94819319 -0.31769001 0.0016699955
vn 0.99122226 -0.13207281 -0.0059337821
vn 0.95222056 -0.30541116 7.1318709e-06
vn -2.1105114e-07 -1 7.3190565e-14
vn -0.29801726 -0.9545604 1.6942194e-07
vn -0.34694585 -0.93788522 8.9639109e-08
vn 1.8578822e-07 -1 6.9940046e-14
vn 0 -0.87079525 0.49164581
vn 0 -0.85064983 0.52573264
vn 0 -0.68721521 0.72645384
vn 0 -0.73025876 0.68317074
vn 0 -0.73025876 0.68317074
vn 0 -0.68721521 0.72645384
vn 2.3217916e-07 -0.46657228 0.88448298
vn 0 -0.49030149 0.87155288
vn 0 -0.49030149 0.87155288
vn 2.3217916e-07 -0.46657228 0.88448298
vn 8.0345126e-07 -0.30784306 0.95143723
vn 9.3936814e-07 -0.31993589 0.94743919
vn 9.3936814e-07 -0.31993589 0.94743919
vn 8.0345126e-07 -0.30784306 0.95143723
vn 1.6559947e-07 -0.12968723 0.99155498
vn 0.34694597 -0.93788511 0
vn 0.52467281 -0.85130399 0
vn 0.52467275 -0.85130411 6.979694e-08
vn 0.34694603 -0.93788511 -3.9712326e-08
vn -2.1512324e-07 -1 -4.3493578e-09
vn -0.34694636 -0.93788499 -5.7048209e-07
vn -0.34694654 -0.93788499 -4.5494172e-08
vn -2.3956912e-07 -1 3.0082614e-07
vn 0 -0.95456052 -0.29801735
vn 5.5250769e-07 -0.93788499 -0.34694636
vn 0 -0.85065007 -0.52573228
vn 0 -0.87115598 -0.49100634
vn 0 -0.87115598 -0.49100634
vn 0 -0.85065007 -0.52573228
vn 0 -0.68721521 -0.72645384
vn 0 -0.7291373 -0.68436736
vn 0 -0.7291373 -0.68436736
vn 0 -0.68721521 -0.72645384
vn -0.00075794756 -0.46621025 -0.8846736
vn -0.00035526729 -0.48959613 -0.87194926
vn -0.00035526729 -0.48959613 -0.87194926
vn -0.00075794756 -0.46621025 -0.8846736
vn -0.0017882851 -0.30790269 -0.95141608
vn -0.0016558536 -0.32052845 -0.94723743
vn -0.0016558536 -0.32052845 -0.94723743
vn -0.0017882851 -0.30790269 -0.95141608
vn -0.00082670368 -0.13032539 -0.99147099
vn -2.5901738e-07 -1 -4.5744116e-14
vn 0.29801753 -0.95456046 -1.6978613e-07
vn 0.34694612 -0.93788505 4.7443322e-07
vn -2.3956912e-07 -1 3.0082614e-07
vn -0.4916442 -0.87079614 6.486561e-08
vn -0.68316984 -0.7302596 -5.224444e-07
vn -0.7264533 -0.68721581 -5.0013654e-07
vn -0.5257315 -0.85065055 -2.0207464e-08
vn -0.68316984 -0.7302596 -5.224444e-07
vn -0.87158805 -0.49023873 -0.00038500928
vn -0.8846854 -0.46618789 -0.00078079919
vn -0.7264533 -0.68721581 -5.0013654e-07
vn -0.87158805 -0.49023873 -0.00038500928
vn -0.94724548 -0.32050467 -0.0017083923
vn -0.95142108 -0.30788741 -0.0017905526
vn -0.8846854 -0.46618789 -0.00078079919
vn -0.94724548 -0.32050467 -0.0017083923
vn -0.99147046 -0.13032919 -0.00081807264
vn -0.95142108 -0.30788741 -0.0017905526
vn -0.29801726 -0.9545604 1.6942194e-07
vn -0.4916442 -0.87079614 6.486561e-08
vn -0.5257315 -0.85065055 -2.0207464e-08
vn -0.34694585 -0.93788522 8.9639109e-08
vn -0.88484168 -0.46589199 3.4200117e-08
vn -0.95161682 -0.30728731 2.0311766e-06
vn -0.95142007 -0.30789042 0.0017910914
vn -0.88468301 -0.46619245 0.00077639724
vn -0.52573216 -0.85065025 -2.7211158e-07
vn -0.72645354 -0.68721569 0
vn -0.72645319 -0.68721592 -1.7299759e-07
vn -0.52573192 -0.85065031 -8.5118046e-08
vn -0.95161682 -0.30728731 2.0311766e-06
vn -0.99254745 -0.12185821 2.7246272e-06
vn -0.99147046 -0.13032879 0.00081971852
vn -0.95142007 -0.30789042 0.0017910914
vn -0.72645354 -0.68721569 0
vn -0.88484168 -0.46589199 3.4200117e-08
vn -0.88468301 -0.46619245 0.00077639724
vn -0.72645319 -0.68721592 -1.7299759e-07
vn 0 -0.95456046 0.29801738
vn 0 -0.93788499 0.34694633
vn 0 -0.85064983 0.52573264
vn 0 -0.87079525 0.49164581
vn -0.0017331636 -0.30730206 0.95161045
vn -0.00051922182 -0.46624404 0.88465595
vn -0.00075805583 -0.46621105 0.88467324
vn -0.0017892651 -0.30790314 0.95141608
vn 7.7808068e-07 -0.68721551 0.72645354
vn 1.0099562e-06 -0.85042679 0.52609354
vn 4.5469127e-07 -0.85020316 0.52645463
vn 7.7808056e-07 -0.68721527 0.7264539
vn 5.7692125e-07 -0.99999994 0
vn 0.34694597 -0.93788511 0
vn 0.34694603 -0.93788511 -3.9712326e-08
vn 1.8578822e-07 -1 6.9940046e-14
vn -0.00035111714 -0.12153181 0.99258745
vn -0.0017331636 -0.30730206 0.95161045
vn -0.0017892651 -0.30790314 0.95141608
vn -0.00082779699 -0.13032471 0.99147099
vn -0.00051922182 -0.46624404 0.88465595
vn 7.7808068e-07 -0.68721551 0.72645354
vn 7.7808056e-07 -0.68721527 0.7264539
vn -0.00075805583 -0.46621105 0.88467324
vn 1.0099562e-06 -0.85042679 0.52609354
vn 0 -0.93776214 0.34727803
vn 0 -0.9377622 0.34727794
vn 4.5469127e-07 -0.85020316 0.52645463
vn 0.95161593 -0.30728528 -0.0017074698
vn 0.99254715 -0.12185925 -0.0006771264
vn 0.99147052 -0.13032921 -0.0008182929
vn 0.95142108 -0.30788729 -0.0017896662
vn 0.72725451 -0.68636787 0
vn 0.88596302 -0.46375465 -0.0010391088
vn 0.88580656 -0.46405402 -0.00078018202
vn 0.72725439 -0.68636799 7.0579851e-08
vn -0.34694636 -0.93788499 -5.7048209e-07
vn -0.52573216 -0.85065025 -2.7211158e-07
vn -0.52573192 -0.85065031 -8.5118046e-08
vn -0.34694654 -0.93788499 -4.5494172e-08
vn 0.88596302 -0.46375465 -0.0010391088
vn 0.95161593 -0.30728528 -0.0017074698
vn 0.95142108 -0.30788729 -0.0017896662
vn 0.88580656 -0.46405402 -0.00078018202
vn 0.52467281 -0.85130399 0
vn 0.72725451 -0.68636787 0
vn 0.72725439 -0.68636799 7.0579851e-08
vn 0.52467275 -0.85130411 6.979694e-08
vn 0 -1 -0.00018690882
vn 5.6604085e-07 -0.99999982 -0.00049595395
vn 5.5250769e-07 -0.93788499 -0.34694636
vn 0 -0.95456052 -0.29801735
vn 0 -0.12121785 -0.99262595
vn 0 -0.30784288 -0.95143718
vn 5.7192733e-07 -0.30784318 -0.95143712
vn 1.6559964e-07 -0.12968813 -0.99155486
vn 0 -0.4665719 -0.88448334
vn 0 -0.68721545 -0.72645366
vn 0 -0.68721527 -0.72645372
vn 0 -0.46657184 -0.88448328
vn 0 -0.85065025 -0.52573204
vn 0 -0.93788522 -0.34694588
vn 0 -0.93788511 -0.34694597
vn 0 -0.85065019 -0.52573216
vn 0 -0.99999273 0.0038290629
vn 0 -1 -2.0534489e-07
vn 0 -0.93788499 0.34694633
vn 0 -0.95456046 0.29801738
vn 0 -0.30784288 -0.95143718
vn 0 -0.4665719 -0.88448334
vn 0 -0.46657184 -0.88448328
vn 5.7192733e-07 -0.30784318 -0.95143712
vn 0 -0.68721545 -0.72645366
vn 0 -0.85065025 -0.52573204
vn 0 -0.85065019 -0.52573216
vn 0 -0.68721527 -0.72645372
vn 0 -0.93788522 -0.34694588
vn 0 -1 -5.8669968e-07
vn 0 -1 -2.0534489e-07
vn 0 -0.93788511 -0.34694597
vn -0.70695388 -0.00021426067 -0.7072596
vn -0.71696579 0.0010078641 -0.69710755
vn -0.71693832 0.0010085298 -0.69713587
vn -0.70695317 -0.00021512122 -0.70726037
vn 0.69956672 -0.028055517 -0.71401632
vn 0.7036978 -0.011912538 -0.71039963
vn 0.70369899 -0.011907462 -0.71039844
vn 0.69956672 -0.028055517 -0.71401632
vn 0.70816123 -0.0055105276 0.70602924
vn 0.70714808 0.00095225993 0.70706493
vn 0.70714766 0.00094979623 0.70706517
vn 0.70816571 -0.0055204607 0.70602471
vn 0.71064264 -0.014038008 -0.70341301
vn 0.71401995 -0.028076153 -0.69956231
vn 0.71401995 -0.028076153 -0.69956231
vn 0.71064162 -0.014033613 -0.70341426
vn -0.69955999 -0.028084652 0.71402174
vn -0.70341152 -0.014045566 0.71064401
vn -0.70341277 -0.014040871 0.71064293
vn -0.69955999 -0.028084652 0.71402174
vn 0.70710719 3.2206474e-06 -0.70710635
vn 0.71064264 -0.014038008 -0.70341301
vn 0.71064162 -0.014033613 -0.70341426
vn 0.70710713 3.2206904e-06 -0.70710641
vn -0.70607913 -0.00098821509 -0.70813221
vn -0.70695388 -0.00021426067 -0.7072596
vn -0.70695317 -0.00021512122 -0.70726037
vn -0.70607907 -0.00098834699 -0.70813239
vn -0.70952505 -0.0090948837 0.70462155
vn -0.71084207 -0.015993368 0.70316988
vn -0.71084112 -0.015989887 0.70317084
vn -0.70952863 -0.0091042602 0.70461774
vn -0.70341152 -0.014045566 0.71064401
vn -0.70710677 -1.6541331e-06 0.70710677
vn -0.70710677 -1.6549445e-06 0.70710677
vn -0.70341277 -0.014040871 0.71064293
vn 0.70714808 0.00095225993 0.70706493
vn 0.70699614 0.0023065794 0.7072137
vn 0.70699543 0.002303947 0.70721447
vn 0.70714766 0.00094979623 0.70706517
vn 0.7036978 -0.011912538 -0.71039963
vn 0.70442313 0.013497632 -0.70965183
vn 0.70443457 0.013464997 -0.70964122
vn 0.70369899 -0.011907462 -0.71039844
vn 0.70710599 1.5665099e-06 -0.7071076
vn 0.70710719 3.2206474e-06 -0.70710635
vn 0.70710713 3.2206904e-06 -0.70710641
vn 0.70710599 1.5665543e-06 -0.70710766
vn -0.70840019 0.0013077284 -0.70580983
vn -0.70607913 -0.00098821509 -0.70813221
vn -0.70607907 -0.00098834699 -0.70813239
vn -0.70840311 0.0013102136 -0.70580685
vn -0.71403313 -0.012701003 0.69999677
vn -0.70952505 -0.0090948837 0.70462155
vn -0.70952863 -0.0091042602 0.70461774
vn -0.71404421 -0.012695558 0.69998556
vn -0.70710677 -1.6541331e-06 0.70710677
vn -0.70710838 6.194183e-07 0.70710516
vn -0.70710844 6.1940375e-07 0.70710516
vn -0.70710677 -1.6549445e-06 0.70710677
vn 0.70699614 0.0023065794 0.7072137
vn 0.70515937 0.0016364536 0.70904696
vn 0.70515746 0.0016384375 0.70904893
vn 0.70699543 0.002303947 0.70721447
vn 0.70442313 0.013497632 -0.70965183
vn 0.7158497 0.0072696204 -0.69821662
vn 0.71580291 0.007319707 -0.69826406
vn 0.70443457 0.013464997 -0.70964122
vn 0.70710558 0 -0.70710802
vn 0.70710599 1.5665099e-06 -0.7071076
vn 0.70710599 1.5665543e-06 -0.70710766
vn 0.70710558 0 -0.70710808
vn -0.71232194 0.0012951974 -0.70185179
vn -0.70840019 0.0013077284 -0.70580983
vn -0.70840311 0.0013102136 -0.70580685
vn -0.71194053 0.0016132027 -0.7022379
vn -0.71414846 -0.0068320124 0.69996089
vn -0.71403313 -0.012701003 0.69999677
vn -0.71404421 -0.012695558 0.69998556
vn -0.71416163 -0.0068558538 0.6999473
vn -0.70710838 6.194183e-07 0.70710516
vn -0.70710933 6.1941864e-07 0.70710427
vn -0.70710933 6.1902023e-07 0.70710421
vn -0.70710844 6.1940375e-07 0.70710516
vn 0.7158497 0.0072696204 -0.69821662
vn 0.72095019 -0.0029363194 -0.69298071
vn 0.72087455 -0.002893216 -0.69305962
vn 0.71580291 0.007319707 -0.69826406
vn 0.70515937 0.0016364536 0.70904696
vn 0.70185864 0.00129573 0.71231514
vn 0.70224482 0.0016138598 0.71193367
vn 0.70515746 0.0016384375 0.70904893
vn 0.64424694 -0.41218036 0.64424622
vn 0.69736159 -0.16545278 0.69736081
vn 0.69736159 -0.16545278 0.69736081
vn 0.64424688 -0.41218033 0.64424628
vn 0.56896359 -0.59376848 0.56896359
vn 0.64424694 -0.41218036 0.64424622
vn 0.64424688 -0.41218033 0.64424628
vn 0.56896371 -0.59376824 0.56896371
vn 0.42859268 -0.79537201 0.42859268
vn 0.56896359 -0.59376848 0.56896359
vn 0.56896371 -0.59376824 0.56896371
vn 0.42859268 -0.79537207 0.42859268
vn 0.2837539 -0.91595185 0.28375331
vn 0.42859268 -0.79537201 0.42859268
vn 0.42859268 -0.79537207 0.42859268
vn 0.28375387 -0.91595185 0.28375331
vn 0.18050827 -0.96684897 0.18060949
vn 0.2837539 -0.91595185 0.28375331
vn 0.28375387 -0.91595185 0.28375331
vn 0.18050835 -0.96684903 0.18060955
vn -0.69736111 -0.16545244 0.69736159
vn -0.64424622 -0.41218081 0.6442467
vn -0.64424634 -0.4121803 0.64424682
vn -0.69736105 -0.16545242 0.69736153
vn -0.64424622 -0.41218081 0.6442467
vn -0.56896257 -0.59376967 0.56896341
vn -0.56896245 -0.59376961 0.56896335
vn -0.64424634 -0.4121803 0.64424682
vn -0.56896257 -0.59376967 0.56896341
vn -0.42858851 -0.79537684 0.42858773
vn -0.42859539 -0.79536945 0.42859462
vn -0.56896245 -0.59376961 0.56896335
vn -0.42858851 -0.79537684 0.42858773
vn -0.28339818 -0.91586661 0.28438324
vn -0.28337455 -0.9158811 0.28436014
vn -0.42859539 -0.79536945 0.42859462
vn -0.28339818 -0.91586661 0.28438324
vn -0.18009688 -0.96673048 0.18165149
vn -0.17955002 -0.96693552 0.18110049
vn -0.28337455 -0.9158811 0.28436014
vn 0.64423949 -0.41219714 -0.64424288
vn 0.69736153 -0.16545223 -0.69736105
vn 0.69736153 -0.16545223 -0.69736105
vn 0.64424556 -0.41217852 -0.6442489
vn 0.57061303 -0.59313315 -0.56797349
vn 0.64423949 -0.41219714 -0.64424288
vn 0.64424556 -0.41217852 -0.6442489
vn 0.57058048 -0.59319717 -0.56793916
vn 0.4315553 -0.79458839 -0.42707056
vn 0.57061303 -0.59313315 -0.56797349
vn 0.57058048 -0.59319717 -0.56793916
vn 0.43059328 -0.79562151 -0.42611718
vn 0.28015316 -0.91528487 -0.28942695
vn 0.4315553 -0.79458839 -0.42707056
vn 0.43059328 -0.79562151 -0.42611718
vn 0.27972728 -0.91551656 -0.28910577
vn 0.16964731 -0.96767551 -0.18661176
vn 0.28015316 -0.91528487 -0.28942695
vn 0.27972728 -0.91551656 -0.28910577
vn 0.17545009 -0.96539897 -0.19293028
vn -0.18009688 -0.96673048 0.18165149
vn -0.12303445 -0.98460525 0.12415675
vn -0.12303445 -0.98460525 0.12415675
vn -0.17955002 -0.96693552 0.18110049
vn 0.11617269 -0.98489755 -0.12837754
vn 0.16964731 -0.96767551 -0.18661176
vn 0.17545009 -0.96539897 -0.19293028
vn 0.11617269 -0.98489755 -0.12837754
vn -0.64420265 -0.41227758 -0.64422822
vn -0.69736141 -0.16545224 -0.69736117
vn -0.69736141 -0.16545224 -0.69736117
vn -0.64424437 -0.41214728 -0.64426994
vn -0.56113559 -0.59080178 -0.57972407
vn -0.64420265 -0.41227758 -0.64422822
vn -0.64424437 -0.41214728 -0.64426994
vn -0.5617609 -0.58979058 -0.58014798
vn -0.41708812 -0.79063207 -0.44826168
vn -0.56113559 -0.59080178 -0.57972407
vn -0.5617609 -0.58979058 -0.58014798
vn -0.41174236 -0.79661626 -0.44257295
vn -0.27657458 -0.9165116 -0.28898597
vn -0.41708812 -0.79063207 -0.44826168
vn -0.41174236 -0.79661626 -0.44257295
vn -0.27628198 -0.91672051 -0.28860316
vn -0.18051636 -0.9668451 -0.18062186
vn -0.27657458 -0.9165116 -0.28898597
vn -0.27628198 -0.91672051 -0.28860316
vn -0.18046273 -0.96686518 -0.18056834
vn 0.12364714 -0.98456711 0.12385075
vn 0.18050827 -0.96684897 0.18060949
vn 0.18050835 -0.96684903 0.18060955
vn 0.12364714 -0.98456711 0.12385075
vn -0.12360895 -0.98457766 -0.12380462
vn -0.18051636 -0.9668451 -0.18062186
vn -0.18046273 -0.96686518 -0.18056834
vn -0.12360895 -0.98457766 -0.12380462
vn -0.71084207 -0.015993368 0.70316988
vn -0.71394771 -0.027773695 0.69964796
vn -0.71394771 -0.027773695 0.69964796
vn -0.71084112 -0.015989887 0.70317084
vn -0.70548153 0.001473418 -0.70872676
vn -0.70185161 0.0012958578 -0.712322
vn -0.7022379 0.0016140258 -0.71194053
vn -0.70547903 0.001475659 -0.70872915
vn 0.71195269 -0.022078861 0.70188022
vn 0.70816123 -0.0055105276 0.70602924
vn 0.70816571 -0.0055204607 0.70602471
vn 0.71194059 -0.022008978 0.70189464
vn 0.7087239 0.0014720924 0.70548445
vn 0.70710588 -1.0569623e-06 0.70710772
vn 0.70710588 -1.0568455e-06 0.70710772
vn 0.70872641 0.0014743332 0.70548189
vn -0.71696579 0.0010078641 -0.69710755
vn -0.70470613 -0.0078567648 -0.70945579
vn -0.70461082 -0.007895614 -0.70954996
vn -0.71693832 0.0010085298 -0.69713587
vn 0.70362014 -0.013138291 0.71045482
vn 0.70109427 -0.027787061 0.7125271
vn 0.70109427 -0.027787061 0.7125271
vn 0.70361978 -0.013140403 0.71045518
vn -0.70710665 4.3754645e-07 -0.70710695
vn -0.70548153 0.001473418 -0.70872676
vn -0.70547903 0.001475659 -0.70872915
vn -0.70710665 4.3782788e-07 -0.70710695
vn -0.7140432 -0.028775036 -0.69951004
vn -0.710769 -0.01480941 -0.7032696
vn -0.71076649 -0.014798599 -0.70327246
vn -0.7140432 -0.028775036 -0.69951004
vn 0.70710588 -1.0569623e-06 0.70710772
vn 0.70718253 0.00014349553 0.70703101
vn 0.70718253 0.00014350007 0.70703095
vn 0.70710588 -1.0568455e-06 0.70710772
vn 0.71419519 -0.035437338 0.69904906
vn 0.71195269 -0.022078861 0.70188022
vn 0.71194059 -0.022008978 0.70189464
vn 0.71419519 -0.035437338 0.69904906
vn -0.70470613 -0.0078567648 -0.70945579
vn -0.68303126 -0.016547607 -0.73020178
vn -0.68303126 -0.016547607 -0.73020178
vn -0.70461082 -0.007895614 -0.70954996
vn -0.70718342 -0.00014254951 -0.70703006
vn -0.70710665 4.3754645e-07 -0.70710695
vn -0.70710665 4.3782788e-07 -0.70710695
vn -0.70718348 -0.00014255368 -0.70703012
vn 0.70718253 0.00014349553 0.70703101
vn 0.70662272 0.00089737453 0.70758998
vn 0.70662254 0.00089758029 0.70759016
vn 0.70718253 0.00014350007 0.70703095
vn 0.71100342 0.0026267529 -0.70318359
vn 0.71232063 0.0012951908 -0.70185298
vn 0.71193916 0.0016132073 -0.70223927
vn 0.71100247 0.0026272307 -0.70318466
vn -0.70872736 0.0014728314 0.70548105
vn -0.71231985 0.0012957277 0.70185381
vn -0.71193868 0.0016138628 0.70223981
vn -0.7087298 0.0014750734 0.70547849
vn -0.70729828 -0.00055939 -0.70691514
vn -0.70718342 -0.00014254951 -0.70703006
vn -0.70718348 -0.00014255368 -0.70703012
vn -0.70729816 -0.0005595822 -0.70691514
vn -0.70185483 0.0012957264 0.7123189
vn -0.70775563 0.00032895096 0.70645726
vn -0.70774984 0.00033287075 0.7064631
vn -0.70224071 0.0016138563 0.71193773
vn 0.70662272 0.00089737453 0.70758998
vn 0.70362014 -0.013138291 0.71045482
vn 0.70361978 -0.013140403 0.71045518
vn 0.70662254 0.00089758029 0.70759016
vn 0.72095019 -0.0029363194 -0.69298071
vn 0.71100342 0.0026267529 -0.70318359
vn 0.71100247 0.0026272307 -0.70318466
vn 0.72087455 -0.002893216 -0.69305962
vn -0.710769 -0.01480941 -0.7032696
vn -0.70729828 -0.00055939 -0.70691514
vn -0.70729816 -0.0005595822 -0.70691514
vn -0.71076649 -0.014798599 -0.70327246
vn -0.70710933 6.1941864e-07 0.70710427
vn -0.70872736 0.0014728314 0.70548105
vn -0.7087298 0.0014750734 0.70547849
vn -0.70710933 6.1902023e-07 0.70710421
vn -0.70775563 0.00032895096 0.70645726
vn -0.71414846 -0.0068320124 0.69996089
vn -0.71416163 -0.0068558538 0.6999473
vn -0.70774984 0.00033287075 0.7064631
vn 0.70552617 0.001463843 -0.70868236
vn 0.70710558 0 -0.70710802
vn 0.70710558 0 -0.70710808
vn 0.70551884 0.0014706289 -0.70868969
vn 0.70550555 0.00010231713 0.70870441
vn 0.70550555 0.00010231713 0.70870441
vn 0.70550627 0.00010511556 0.70870352
vn 0.70550632 0.00010511408 0.7087037
vn -0.70097429 -0.0081822639 -0.71313953
vn -0.70097429 -0.0081822639 -0.71313953
vn -0.69956017 -0.0014372426 -0.71457231
vn -0.69955987 -0.0014363818 -0.71457243
vn -0.70743221 -1.7382101e-05 0.70678133
vn -0.70743221 -1.7382101e-05 0.70678133
vn -0.7074309 -1.743565e-05 0.70678258
vn -0.7074309 -1.7435645e-05 0.70678252
vn 0.00088731007 -0.67105752 -0.74140489
vn 0.00088643737 -0.67197627 -0.74057215
vn 0.00097006321 -0.5705871 -0.82123649
vn 0.81380659 -0.58113396 0.0014802814
vn 0.81468916 -0.57989633 0.0013644446
vn 0.77864081 -0.62746865 0.0013119726
vn 0.73611355 -0.67685682 0.0013362041
vn -0.0012824272 -0.5802176 0.81446046
vn 0.0008071831 -0.67818063 0.73489487
vn 0.0014148839 -0.70474762 0.70945662
vn -0.8139779 -0.58089459 -0.0011819649
vn -0.73510408 -0.67795354 -0.0010564554
vn -0.73526615 -0.67777771 -0.0010567118
vn 0.0014148839 -0.70474762 0.70945662
vn 0.0008071831 -0.67818063 0.73489487
vn 0.0031872268 -0.77719682 0.62924963
vn 0.0031872268 -0.77719682 0.62924963
vn -0.69955987 -0.0014363818 -0.71457243
vn -0.69956017 -0.0014372426 -0.71457231
vn -0.69661194 0.012123863 -0.7173456
vn 0.7070778 1.7583145e-05 -0.7071358
vn 0.70707774 1.7582835e-05 -0.70713574
vn 0.70707417 1.7764345e-05 -0.70713931
vn 0.70550632 0.00010511408 0.7087037
vn 0.70550627 0.00010511556 0.70870352
vn 0.70550799 0.00011074205 0.70870203
vn 0.70550799 0.00011074205 0.70870203
vn -0.7074309 -1.7435645e-05 0.70678252
vn -0.7074309 -1.743565e-05 0.70678258
vn -0.70742834 -1.7543316e-05 0.70678508
vn 0.00088731007 -0.67105752 -0.74140489
vn 0.0007736616 -0.77323878 -0.63411462
vn 0.00088643737 -0.67197627 -0.74057215
vn 0.77864081 -0.62746865 0.0013119726
vn 0.81468916 -0.57989633 0.0013644446
vn 0.81661314 -0.57718438 0.0011110383
vn -0.73510408 -0.67795354 -0.0010564554
vn -0.6309222 -0.77584565 -0.00089284411
vn -0.73526615 -0.67777771 -0.0010567118
vn 0.77864081 -0.62746865 0.0013119726
vn 0.63335532 -0.77386028 0.0011461845
vn 0.73611355 -0.67685682 0.0013362041
vn 0.9924314 -0.12274697 -0.0036220057
vn 0.99122226 -0.13207281 -0.0059337821
vn 0.99994648 -0.0073167789 -0.0073145065
vn 0.99998665 -0.0036584402 -0.003657304
vn -0.71232194 0.0012951974 -0.70185179
vn -0.71194053 0.0016132027 -0.7022379
vn -0.71387208 0 -0.70027614
vn -0.71387208 0 -0.70027614
vn 1.6559947e-07 -0.12968723 0.99155498
vn 0 -0.12121699 0.99262601
vn 0 0 1
vn 0 0 1
vn 0 -0.12121785 -0.99262595
vn 1.6559964e-07 -0.12968813 -0.99155486
vn 0 0 -1
vn 0 0 -1
vn -0.7022379 0.0016140258 -0.71194053
vn -0.70185161 0.0012958578 -0.712322
vn -0.70027542 0 -0.71387279
vn -0.70027542 0 -0.71387279
vn 0.99147052 -0.13032921 -0.0008182929
vn 0.99254715 -0.12185925 -0.0006771264
vn 1 0 0
vn 1 0 0
vn -0.69736141 -0.16545224 -0.69736117
vn -0.69736141 -0.16545224 -0.69736117
vn -0.70710677 0 -0.70710677
vn -0.70710677 0 -0.70710677
vn -0.71193868 0.0016138628 0.70223981
vn -0.71231985 0.0012957277 0.70185381
vn -0.71386927 0 0.70027894
vn -0.71386927 0 0.70027894
vn 0.70224482 0.0016138598 0.71193367
vn 0.70185864 0.00129573 0.71231514
vn 0.70028245 0 0.71386594
vn 0.70028245 0 0.71386594
vn -0.99254721 -0.12185905 -0.00067653356
vn -0.99147046 -0.13032919 -0.00081807264
vn -1 0 0
vn -1 0 0
vn -0.69736111 -0.16545244 0.69736159
vn -0.69736105 -0.16545242 0.69736153
vn -0.70710677 0 0.70710677
vn -0.70710677 0 0.70710677
vn 0.71193916 0.0016132073 -0.70223927
vn 0.71232063 0.0012951908 -0.70185298
vn 0.71387154 0 -0.70027673
vn 0.71387154 0 -0.70027673
vn -0.00082670368 -0.13032539 -0.99147099
vn -0.00035069388 -0.12153286 -0.99258733
vn 0 0 -0.99999994
vn 0 0 -1
vn 0.69736153 -0.16545223 -0.69736105
vn 0.69736153 -0.16545223 -0.69736105
vn 0.70710677 0 -0.70710677
vn 0.70710677 0 -0.70710677
vn -0.99147046 -0.13032879 0.00081971852
vn -0.99254745 -0.12185821 2.7246272e-06
vn -1 0 1.4497488e-06
vn -1 0 0
vn 0.69736159 -0.16545278 0.69736081
vn 0.69736159 -0.16545278 0.69736081
vn 0.70710677 0 0.70710677
vn 0.70710677 0 0.70710677
vn -0.00035111714 -0.12153181 0.99258745
vn -0.00082779699 -0.13032471 0.99147099
vn 0 0 1
vn 0 0 1
vn -0.70185483 0.0012957264 0.7123189
vn -0.70224071 0.0016138563 0.71193773
vn -0.70028019 0 0.7138682
vn -0.70028019 0 0.7138682
vn 0.70707959 1.7492541e-05 -0.70713401
vn 0.70707959 1.7492541e-05 -0.70713401
vn 0.70707774 1.7582835e-05 -0.70713574
vn 0.7070778 1.7583145e-05 -0.7071358
vn 0.34694612 -0.93788505 4.7443322e-07
vn 0.52573192 -0.85065031 2.2019739e-07
vn 0.52520251 -0.85097724 2.7014372e-07
vn 0.34694615 -0.93788511 5.642807e-07
vn 0.7264539 -0.68721515 3.4599552e-07
vn 0.88468331 -0.46619195 0.00077690417
vn 0.8854028 -0.46482456 -5.3706628e-07
vn 0.7264542 -0.68721485 0
vn 0.95222056 -0.30541116 7.1318709e-06
vn 0.99122226 -0.13207281 -0.0059337821
vn 0.9924314 -0.12274697 -0.0036220057
vn 0.95188296 -0.30645642 -0.001785095
vn 0.70188224 0.001287722 -0.71229184
vn 0.70552617 0.001463843 -0.70868236
vn 0.70551884 0.0014706289 -0.70868969
vn 0.70228195 0.0016089999 -0.71189719
vn -0.52573192 -0.85065031 -8.5118046e-08
vn -0.72645319 -0.68721592 -1.7299759e-07
vn -0.68317014 -0.7302593 -2.2210672e-07
vn -0.49164501 -0.87079567 1.437126e-07
vn -0.72645319 -0.68721592 -1.7299759e-07
vn -0.88468301 -0.46619245 0.00077639724
vn -0.87158602 -0.49024233 0.00037826967
vn -0.68317014 -0.7302593 -2.2210672e-07
vn 0.70027733 0 -0.71387094
vn 0.70188224 0.001287722 -0.71229184
vn 0.70228195 0.0016089999 -0.71189719
vn 0.70027733 0 -0.71387094
vn 0.52573192 -0.85065031 2.2019739e-07
vn 0.7264539 -0.68721515 3.4599552e-07
vn 0.7264542 -0.68721485 0
vn 0.52520251 -0.85097724 2.7014372e-07
vn 0.88468331 -0.46619195 0.00077690417
vn 0.95222056 -0.30541116 7.1318709e-06
vn 0.95188296 -0.30645642 -0.001785095
vn 0.8854028 -0.46482456 -5.3706628e-07
vn -0.34694654 -0.93788499 -4.5494172e-08
vn -0.52573192 -0.85065031 -8.5118046e-08
vn -0.49164501 -0.87079567 1.437126e-07
vn -0.29801816 -0.95456022 1.6978623e-07
vn -2.3956912e-07 -1 3.0082614e-07
vn -0.34694654 -0.93788499 -4.5494172e-08
vn -0.29801816 -0.95456022 1.6978623e-07
vn -2.5901738e-07 -1 -4.5744116e-14
vn -2.3956912e-07 -1 3.0082614e-07
vn 0.34694612 -0.93788505 4.7443322e-07
vn 0.34694615 -0.93788511 5.642807e-07
vn -2.1512324e-07 -1 -4.3493578e-09
vn -0.88468301 -0.46619245 0.00077639724
vn -0.95142007 -0.30789042 0.0017910914
vn -0.94724393 -0.32050893 0.0017001984
vn -0.87158602 -0.49024233 0.00037826967
vn -0.95142007 -0.30789042 0.0017910914
vn -0.99147046 -0.13032879 0.00081971852
vn -0.94724393 -0.32050893 0.0017001984
vn 7.7808056e-07 -0.68721527 0.7264539
vn 4.5469127e-07 -0.85020316 0.52645463
vn 0 -0.87020522 0.49268949
vn 0 -0.7302587 0.68317068
vn -0.00082779699 -0.13032471 0.99147099
vn -0.0017892651 -0.30790314 0.95141608
vn -0.0016558564 -0.32052958 0.94723701
vn 4.5469127e-07 -0.85020316 0.52645463
vn 0 -0.9377622 0.34727794
vn 0 -0.95466077 0.29769585
vn 0 -0.87020522 0.49268949
vn 5.5250769e-07 -0.93788499 -0.34694636
vn 5.6604085e-07 -0.99999982 -0.00049595395
vn 5.6607581e-07 -0.99999988 -0.00024821734
vn 1.1088559e-06 -0.93788487 -0.34694657
vn 0 -0.85065007 -0.52573228
vn 5.5250769e-07 -0.93788499 -0.34694636
vn 1.1088559e-06 -0.93788487 -0.34694657
vn 1.0519183e-06 -0.85065007 -0.52573228
vn -0.00075794756 -0.46621025 -0.8846736
vn 0 -0.68721521 -0.72645384
vn 8.4981423e-07 -0.68721527 -0.72645372
vn -0.00051853684 -0.46624359 -0.88465619
vn -0.00082670368 -0.13032539 -0.99147099
vn -0.0017882851 -0.30790269 -0.95141608
vn -0.0017311765 -0.30730233 -0.95161033
vn -0.00035069388 -0.12153286 -0.99258733
vn 0.71231812 0.0012954617 0.70185554
vn 0.7087239 0.0014720924 0.70548445
vn 0.70872641 0.0014743332 0.70548189
vn 0.71193677 0.0016135316 0.70224166
vn -0.0017892651 -0.30790314 0.95141608
vn -0.00075805583 -0.46621105 0.88467324
vn -0.00035177014 -0.49025345 0.87157989
vn -0.0016558564 -0.32052958 0.94723701
vn -0.00075805583 -0.46621105 0.88467324
vn 7.7808056e-07 -0.68721527 0.7264539
vn 0 -0.7302587 0.68317068
vn -0.00035177014 -0.49025345 0.87157989
vn 0 -0.9377622 0.34727794
vn 5.6604085e-07 -0.99999982 -0.00049595395
vn 0 -1 -0.00018690882
vn 0 -0.95466077 0.29769585
vn 0 -0.68721521 -0.72645384
vn 0 -0.85065007 -0.52573228
vn 1.0519183e-06 -0.85065007 -0.52573228
vn 8.4981423e-07 -0.68721527 -0.72645372
vn -0.0017882851 -0.30790269 -0.95141608
vn -0.00075794756 -0.46621025 -0.8846736
vn -0.00051853684 -0.46624359 -0.88465619
vn -0.0017311765 -0.30730233 -0.95161033
vn 0.71386814 0 0.70028013
vn 0.71231812 0.0012954617 0.70185554
vn 0.71193677 0.0016135316 0.70224166
vn 0.71386814 0 0.70028013
vn 0.72725439 -0.68636799 7.0579851e-08
vn 0.88580656 -0.46405402 -0.00078018202
vn 0.87306368 -0.48760584 -0.00038412001
vn 0.68301356 -0.73040569 1.9119562e-07
vn 0.88580656 -0.46405402 -0.00078018202
vn 0.95142108 -0.30788729 -0.0017896662
vn 0.9472456 -0.32050416 -0.001706493
vn 0.87306368 -0.48760584 -0.00038412001
vn 0.34694603 -0.93788511 -3.9712326e-08
vn 0.52467275 -0.85130411 6.979694e-08
vn 0.49109691 -0.87110502 7.8303529e-08
vn 0.29801714 -0.95456052 -1.1670747e-07
vn -0.5257315 -0.85065055 -2.0207464e-08
vn -0.7264533 -0.68721581 -5.0013654e-07
vn -0.72645348 -0.68721563 -3.4349401e-07
vn -0.52573222 -0.85065019 0
vn -0.8846854 -0.46618789 -0.00078079919
vn -0.95142108 -0.30788741 -0.0017905526
vn -0.95161599 -0.30728513 -0.0017068788
vn -0.88484234 -0.46588933 -0.0010397081
vn -0.34694585 -0.93788522 8.9639109e-08
vn -0.5257315 -0.85065055 -2.0207464e-08
vn -0.52573222 -0.85065019 0
vn -0.34694588 -0.93788511 0
vn 1.8578822e-07 -1 6.9940046e-14
vn 0.34694603 -0.93788511 -3.9712326e-08
vn 0.29801714 -0.95456052 -1.1670747e-07
vn -2.1105114e-07 -1 7.3190565e-14
vn 0.95142108 -0.30788729 -0.0017896662
vn 0.99147052 -0.13032921 -0.0008182929
vn 0.9472456 -0.32050416 -0.001706493
vn 0.52467275 -0.85130411 6.979694e-08
vn 0.72725439 -0.68636799 7.0579851e-08
vn 0.68301356 -0.73040569 1.9119562e-07
vn 0.49109691 -0.87110502 7.8303529e-08
vn 1.8578822e-07 -1 6.9940046e-14
vn -0.34694585 -0.93788522 8.9639109e-08
vn -0.34694588 -0.93788511 0
vn 5.7692125e-07 -0.99999994 0
vn -0.7264533 -0.68721581 -5.0013654e-07
vn -0.8846854 -0.46618789 -0.00078079919
vn -0.88484234 -0.46588933 -0.0010397081
vn -0.72645348 -0.68721563 -3.4349401e-07
vn -0.95142108 -0.30788741 -0.0017905526
vn -0.99147046 -0.13032919 -0.00081807264
vn -0.99254721 -0.12185905 -0.00067653356
vn -0.95161599 -0.30728513 -0.0017068788
vn 0 -0.46657184 -0.88448328
vn 0 -0.68721527 -0.72645372
vn 0 -0.7302587 -0.6831708
vn 0 -0.49030089 -0.87155312
vn 0 -0.68721521 0.72645384
vn 0 -0.85064983 0.52573264
vn 0 -0.85064971 0.52573287
vn 0 -0.68721521 0.7264539
vn 8.0345126e-07 -0.30784306 0.95143723
vn 2.3217916e-07 -0.46657228 0.88448298
vn 4.6435838e-07 -0.4665722 0.88448316
vn 4.6304692e-07 -0.30784264 0.95143735
vn 0 -0.93788499 0.34694633
vn 0 -1 -2.0534489e-07
vn 0 -1 -5.8669968e-07
vn 0 -0.93788499 0.34694627
vn 0 -0.68721527 -0.72645372
vn 0 -0.85065019 -0.52573216
vn 0 -0.87059861 -0.49199399
vn 0 -0.7302587 -0.6831708
vn 1.6559964e-07 -0.12968813 -0.99155486
vn 5.7192733e-07 -0.30784318 -0.95143712
vn 9.3936796e-07 -0.31993565 -0.94743931
vn 0 -0.85065019 -0.52573216
vn 0 -0.93788511 -0.34694597
vn 0 -0.9543156 -0.29880047
vn 0 -0.87059861 -0.49199399
vn 5.7192733e-07 -0.30784318 -0.95143712
vn 0 -0.46657184 -0.88448328
vn 0 -0.49030089 -0.87155312
vn 9.3936796e-07 -0.31993565 -0.94743931
vn 0 -0.93788511 -0.34694597
vn 0 -1 -2.0534489e-07
vn 0 -0.99999273 0.0038290629
vn 0 -0.9543156 -0.29880047
vn 2.3217916e-07 -0.46657228 0.88448298
vn 0 -0.68721521 0.72645384
vn 0 -0.68721521 0.7264539
vn 4.6435838e-07 -0.4665722 0.88448316
vn 1.6559947e-07 -0.12968723 0.99155498
vn 8.0345126e-07 -0.30784306 0.95143723
vn 4.6304692e-07 -0.30784264 0.95143735
vn 0 -0.12121699 0.99262601
vn 0 -0.85064983 0.52573264
vn 0 -0.93788499 0.34694633
vn 0 -0.93788499 0.34694627
vn 0 -0.85064971 0.52573287
vn 0 -2.3557331e-07 -1
vn 0 9.8308919e-07 -1
vn 0 -5.0997716e-07 -0.99999994
vn 1 0 0
vn 1 0 0
vn 1 0 0
vn 1 0 -8.7530361e-07
vn 1 0 3.1191252e-07
vn 1 0 4.3765331e-07
vn 1 0 0
vn 1 0 0
vn 0.99999994 0 0
vn 0 -1.5002075e-07 1
vn 0 7.5098433e-07 0.99999994
vn 0 -6.5770888e-07 1
vn 0 2.7859261e-07 1
vn 0 1.8903899e-07 1
vn 0 2.208931e-07 1
vn 0 -1.500179e-07 1
vn 0 0 1
vn 0 -3.457979e-07 1
vn -1 0 -4.379994e-07
vn -1 0 -3.1191342e-07
vn -1 0 3.1173471e-07
vn -1 0 0
vn -1 0 0
vn -1 0 0
vn -1 0 0
vn -1 0 0
vn -1 0 0
vn 0 -8.3996218e-07 -1
vn 0 1.6044017e-06 -1
vn 0 -1.9806535e-07 -0.99999994
vn 0 4.4862989e-07 -1
vn 0 1.8237486e-06 -1
vn 0 -1.2759891e-06 -1
vn 0 -9.7656548e-06 -1
vn 0 -8.1848628e-07 -1
vn 0 -8.1848458e-07 -1
vn 0 -8.1848628e-07 -1
vn 0 -5.0997716e-07 -0.99999994
vn 0 -8.1848458e-07 -1
vn 0 -5.0997716e-07 -0.99999994
vn 0 0 -0.99999994
vn 0 -1.43794e-06 -0.99999994
vn 0 -1.43794e-06 -0.99999994
vn 0 2.8403485e-07 -1
vn 0 -2.2077238e-07 -1
vn 0 2.8403485e-07 -1
vn 0 0 -1
vn 0 1.3795616e-06 -1
vn 0 -2.2077238e-07 -1
vn 0 2.8403485e-07 -1
vn 0 1.3795616e-06 -1
vn 0 1.3795616e-06 -1
vn 0 -3.8554001e-07 -0.99999994
vn 0 -2.2077238e-07 -1
vn 0 -3.8554001e-07 -0.99999994
vn 0 0 -1
vn 0 -2.2077238e-07 -1
vn 0 -2.2077238e-07 -1
vn 0 -2.3557331e-07 -1
vn 0 -1.43794e-06 -0.99999994
vn 0 -2.3557331e-07 -1
vn 0 -6.3777138e-06 -1
vn 0 9.8308919e-07 -1
vn 0 9.8308919e-07 -1
vn 0 -8.1848458e-07 -1
vn 0 -5.0997716e-07 -0.99999994
vn 0 -2.3557331e-07 -1
vn 0 -5.0997716e-07 -0.99999994
vn 0 -1.43794e-06 -0.99999994
vn 1 0 0
vn 1 0 0
vn 1 0 0
vn 1 0 0
vn 0.99999994 0 0
vn 1 0 0
vn 1 0 0
vn 1 0 0
vn 1 0 0
vn 0.99999994 0 0
vn 1 0 0
vn 1 0 0
vn 1 0 0
vn 1 0 0
vn 0.99999994 0 0
vn 1 0 0
vn 0.99999994 0 0
vn 1 0 0
vn 1 0 0
vn 0.99999994 0 0
vn 1 0 0
vn 0.99999994 0 0
vn 1 0 0
vn 1 0 0
vn 1 0 0
vn 1 0 0
vn 0.99999994 0 0
vn 1 0 0
vn 1 0 0
vn 0.99999994 0 0
vn 0.99999994 0 0
vn 1 0 0
vn 0.99999994 0 0
vn 1 0 0
vn 0.99999994 0 0
vn 0.99999994 0 0
vn 1 0 -1.3020918e-05
vn 1 0 -6.238227e-07
vn 1 0 -8.7530361e-07
vn 1 0 -6.238227e-07
vn 0.99999994 0 0
vn 1 0 3.1191252e-07
vn 1 0 -8.7530361e-07
vn 1 0 -6.238227e-07
vn 1 0 3.1191252e-07
vn 0.99999994 0 0
vn 1 0 0
vn 1 0 0
vn 1 0 0
vn 1 0 3.1191252e-07
vn 0.99999994 0 0
vn 1 0 3.1191252e-07
vn 0.99999994 0 6.51048e-06
vn 1 0 4.3765331e-07
vn 1 0 4.3765331e-07
vn 1 0 -5.1257604e-07
vn 1 0 -8.7530361e-07
vn 1 0 -5.1257604e-07
vn 1 0 -1.9531441e-05
vn 1 0 -2.0423424e-06
vn 1 0 -2.0423424e-06
vn 0.99999994 0 2.0423468e-06
vn 1 0 5.1258371e-07
vn 0.99999994 0 2.0423468e-06
vn 1 0 1.9531537e-05
vn 1 0 5.1258371e-07
vn 1 0 5.1258371e-07
vn 1 0 -8.7530361e-07
vn 1 0 -5.1257604e-07
vn 1 0 -2.0423424e-06
vn 1 0 5.1258371e-07
vn 1 0 -5.1257604e-07
vn 1 0 0
vn 1 0 0
vn 1 0 0
vn 1 0 0
vn 0.99999994 0 0
vn 1 0 0
vn 1 0 0
vn 1 0 0
vn 1 0 0
vn 0.99999994 0 0
vn 1 0 0
vn 1 0 0
vn 1 0 0
vn 1 0 0
vn 0.99999994 0 0
vn 1 0 0
vn 1 0 0
vn 0.99999994 0 0
vn 0.99999994 0 0
vn 0.99999994 0 0
vn 1 0 0
vn 0.99999994 0 0
vn 1 0 0
vn 1 0 0
vn 1 0 0
vn 1 0 0
vn 0.99999994 0 0
vn 1 0 0
vn 1 0 0
vn 0.99999994 0 0
vn 0.99999994 0 0
vn 1 0 0
vn 0.99999994 0 0
vn 1 0 0
vn 0.99999994 0 0
vn 0.99999994 0 0
vn 0 -2.7588464e-07 0.99999994
vn 0 9.8291491e-07 1
vn 0 -6.5770888e-07 1
vn 0 9.8291491e-07 1
vn 0 -6.5105014e-06 1
vn 0 -1.5002075e-07 1
vn 0 -6.5770888e-07 1
vn 0 9.8291491e-07 1
vn 0 -1.5002075e-07 1
vn 0 -1.5002075e-07 1
vn 0 1.0730161e-07 1
vn 0 7.5098433e-07 0.99999994
vn 0 1.0730161e-07 1
vn 0 0 1
vn 0 -1.6991467e-07 1
vn 0 -1.6991467e-07 1
vn 0 -1.3279698e-06 1
vn 0 5.1752482e-09 1
vn 0 -1.3279698e-06 1
vn 0 0 0.99999994
vn 0 5.1752482e-09 1
vn 0 5.1752482e-09 1
vn 0 7.5098433e-07 0.99999994
vn 0 1.0730161e-07 1
vn 0 -1.6991467e-07 1
vn 0 5.1752482e-09 1
vn 0 1.0730161e-07 1
vn 0 7.5098433e-07 0.99999994
vn 0 -6.5104591e-06 1
vn 0 -6.5770888e-07 1
vn 0 -6.5770888e-07 1
vn 0 -4.4735766e-06 1
vn 0 -2.7588464e-07 0.99999994
vn 0 -4.4735766e-06 1
vn 0 0 1
vn 0 -2.7588464e-07 0.99999994
vn 0 2.7588533e-07 0.99999994
vn 0 8.0337287e-07 1
vn 0 2.208931e-07 1
vn 0 8.0337287e-07 1
vn 0 3.2552375e-06 1
vn 0 2.7859261e-07 1
vn 0 2.208931e-07 1
vn 0 8.0337287e-07 1
vn 0 2.7859261e-07 1
vn 0 2.7859261e-07 1
vn 0 0 1
vn 0 1.8903899e-07 1
vn 0 0 1
vn 0 0 1
vn 0 5.4811182e-09 1
vn 0 5.4811182e-09 1
vn 0 4.2837733e-08 1
vn 0 2.4780331e-08 1
vn 0 4.2837733e-08 1
vn 0 0 1
vn 0 2.4780331e-08 1
vn 0 2.4780331e-08 1
vn 0 1.8903899e-07 1
vn 0 0 1
vn 0 5.4811182e-09 1
vn 0 2.4780331e-08 1
vn 0 0 1
vn 0 1.8903899e-07 1
vn 0 6.5104855e-06 1
vn 0 2.208931e-07 1
vn 0 2.208931e-07 1
vn 0 4.473578e-06 1
vn 0 2.7588533e-07 0.99999994
vn 0 4.473578e-06 1
vn 0 0 1
vn 0 2.7588533e-07 0.99999994
vn 0 -2.7588499e-07 0.99999994
vn 0 9.8291696e-07 1
vn 0 -3.457979e-07 1
vn 0 9.8291696e-07 1
vn 0 -6.5104591e-06 1
vn 0 -1.500179e-07 1
vn 0 -3.457979e-07 1
vn 0 9.8291696e-07 1
vn 0 -1.500179e-07 1
vn 0 -1.500179e-07 1
vn 0 0 0.99999994
vn 0 0 1
vn 0 0 0.99999994
vn 0 0 1
vn 0 -6.5773399e-08 1
vn 0 -6.5773399e-08 1
vn 0 -5.1405237e-07 1
vn 0 -2.9736384e-07 1
vn 0 -5.1405237e-07 1
vn 0 0 1
vn 0 -2.9736384e-07 1
vn 0 -2.9736384e-07 1
vn 0 0 1
vn 0 0 0.99999994
vn 0 -6.5773399e-08 1
vn 0 -2.9736384e-07 1
vn 0 0 0.99999994
vn 0 0 1
vn 0 0 1
vn 0 -3.457979e-07 1
vn 0 -3.457979e-07 1
vn 0 -4.4735821e-06 1
vn 0 -2.7588499e-07 0.99999994
vn 0 -4.4735821e-06 1
vn 0 0 1
vn 0 -2.7588499e-07 0.99999994
vn -1 0 -5.9479183e-10
vn -1 0 -4.9694904e-11
vn -0.99999994 0 -4.985113e-11
vn -1 0 -4.9694904e-11
vn -1 0 3.1173471e-07
vn -0.99999994 0 -4.985113e-11
vn -1 0 3.1173471e-07
vn -1 0 6.5105014e-06
vn -1 0 4.3799949e-07
vn -1 0 4.3799949e-07
vn -1 0 5.1867454e-07
vn -1 0 -5.1867471e-07
vn -1 0 5.1867454e-07
vn -1 0 1.9531441e-05
vn -1 0 2.0534794e-06
vn -1 0 -5.1867471e-07
vn -1 0 5.1867454e-07
vn -1 0 2.0534794e-06
vn -1 0 2.0534794e-06
vn -0.99999994 0 -2.0534794e-06
vn -1 0 -5.1867471e-07
vn -0.99999994 0 -2.0534794e-06
vn -1 0 -1.9531441e-05
vn -1 0 -5.1867471e-07
vn -1 0 -5.1867471e-07
vn -1 0 -4.379994e-07
vn -1 0 4.3799949e-07
vn -1 0 -4.379994e-07
vn -1 0 -6.5105014e-06
vn -1 0 -3.1191342e-07
vn -1 0 -3.1191342e-07
vn -0.99999994 0 -4.985113e-11
vn -1 0 3.1173471e-07
vn -1 0 -4.379994e-07
vn -1 0 3.1173471e-07
vn -1 0 4.3799949e-07
vn -1 0 -5.9479183e-10
vn -1 0 -4.9694939e-11
vn -1 0 -4.9851134e-11
vn -1 0 -4.9694939e-11
vn -1 0 0
vn -1 0 -4.9851134e-11
vn -1 0 0
vn -1 0 0
vn -1 0 0
vn -1 0 0
vn -1 0 -5.1866988e-07
vn -0.99999994 0 5.1866994e-07
vn -1 0 -5.1866988e-07
vn -1 0 -1.9531441e-05
vn -1 0 -2.0534756e-06
vn -0.99999994 0 5.1866994e-07
vn -1 0 -5.1866988e-07
vn -1 0 -2.0534756e-06
vn -1 0 -2.0534756e-06
vn -1 0 2.0534753e-06
vn -0.99999994 0 5.1866994e-07
vn -1 0 2.0534753e-06
vn -1 0 1.9531441e-05
vn -0.99999994 0 5.1866994e-07
vn -0.99999994 0 5.1866994e-07
vn -1 0 0
vn -1 0 0
vn -1 0 0
vn -1 0 0
vn -1 0 0
vn -1 0 0
vn -1 0 -4.9851134e-11
vn -1 0 0
vn -1 0 0
vn -1 0 0
vn -1 0 0
vn -1 0 -5.94786e-10
vn -1 0 -4.9694422e-11
vn -0.99999994 0 -4.9850641e-11
vn -1 0 -4.9694422e-11
vn -1 0 0
vn -0.99999994 0 -4.9850641e-11
vn -1 0 0
vn -0.99999994 0 0
vn -1 0 0
vn -1 0 0
vn -1 0 5.1867715e-07
vn -1 0 -5.1867727e-07
vn -1 0 5.1867715e-07
vn -1 0 1.9531537e-05
vn -1 0 2.0534897e-06
vn -1 0 -5.1867727e-07
vn -1 0 5.1867715e-07
vn -1 0 2.0534897e-06
vn -1 0 2.0534897e-06
vn -0.99999994 0 -2.0534894e-06
vn -1 0 -5.1867727e-07
vn -0.99999994 0 -2.0534894e-06
vn -1 0 -1.9531537e-05
vn -1 0 -5.1867727e-07
vn -1 0 -5.1867727e-07
vn -1 0 0
vn -1 0 0
vn -1 0 0
vn -1 0 0
vn -1 0 0
vn -1 0 0
vn -0.99999994 0 -4.9850641e-11
vn -1 0 0
vn -1 0 0
vn -1 0 0
vn -1 0 0
vn 0 -9.7656612e-06 -1
vn 0 -8.1848674e-07 -0.99999994
vn 0 -8.1848509e-07 -1
vn 0 -8.1848674e-07 -0.99999994
vn 0 -1.9806535e-07 -0.99999994
vn 0 -8.1848509e-07 -1
vn 0 -1.9806535e-07 -0.99999994
vn 0 6.51048e-06 -0.99999994
vn 0 6.3400165e-08 -0.99999994
vn 0 6.3400165e-08 -0.99999994
vn 0 3.5246654e-07 -1
vn 0 -9.4772048e-07 -1
vn 0 3.5246654e-07 -1
vn 0 0 -1
vn 0 4.2696723e-07 -1
vn 0 -9.4772048e-07 -1
vn 0 3.5246654e-07 -1
vn 0 4.2696723e-07 -1
vn 0 4.2696723e-07 -1
vn 0 -3.8553998e-07 -0.99999994
vn 0 -9.4772048e-07 -1
vn 0 -3.8553998e-07 -0.99999994
vn 0 0 -1
vn 0 -9.4772048e-07 -1
vn 0 -9.4772048e-07 -1
vn 0 -8.3996218e-07 -1
vn 0 6.3400165e-08 -0.99999994
vn 0 -8.3996218e-07 -1
vn 0 6.3777748e-06 -1
vn 0 1.6044017e-06 -1
vn 0 1.6044017e-06 -1
vn 0 -8.1848509e-07 -1
vn 0 -1.9806535e-07 -0.99999994
vn 0 -8.3996218e-07 -1
vn 0 -1.9806535e-07 -0.99999994
vn 0 6.3400165e-08 -0.99999994
vn 0 0 -1
vn 0 0 -0.99999994
vn 0 -4.1976846e-06 -1
vn 0 0 -0.99999994
vn 0 -1.2759891e-06 -1
vn 0 -4.1976846e-06 -1
vn 0 -1.2759891e-06 -1
vn 0 -6.5105069e-06 -1
vn 0 -2.0004175e-06 -1
vn 0 -2.0004175e-06 -1
vn 0 -6.5587631e-07 -0.99999994
vn 0 -3.1815205e-07 -1
vn 0 -6.5587631e-07 -0.99999994
vn 0 0 -1
vn 0 1.0943577e-07 -1
vn 0 -3.1815205e-07 -1
vn 0 -6.5587631e-07 -0.99999994
vn 0 1.0943577e-07 -1
vn 0 1.0943577e-07 -1
vn 0 -3.8553981e-07 -1
vn 0 -3.1815205e-07 -1
vn 0 -3.8553981e-07 -1
vn 0 0 -1
vn 0 -3.1815205e-07 -1
vn 0 -3.1815205e-07 -1
vn 0 4.4862989e-07 -1
vn 0 -2.0004175e-06 -1
vn 0 4.4862989e-07 -1
vn 0 0 -1
vn 0 1.8237486e-06 -1
vn 0 1.8237486e-06 -1
vn 0 -4.1976846e-06 -1
vn 0 -1.2759891e-06 -1
vn 0 4.4862989e-07 -1
vn 0 -1.2759891e-06 -1
vn 0 -2.0004175e-06 -1
usemtl brickwall1
f 5/4531/1 26/3263/2 25/4119/3
f 5/4531/1 25/4119/3 8/4155/4
f 7/3146/5 18/1853/6 17/383/7
f 7/3146/5 17/383/7 6/2090/8
usemtl stonefloor
f 2/1095/9 1/2990/10 3/2189/11
f 2/1095/9 3/2189/11 4/1840/12
usemtl brickwall1
f 6/914/13 5/4245/14 8/3426/15
f 6/914/13 8/3426/15 7/844/16
usemtl stonefloor
f 2/4167/17 5/384/18 6/3373/19
f 2/4167/17 6/3373/19 1/4509/20
f 4/487/21 23/3881/22 22/827/23
f 4/487/21 22/827/23 2/2489/24
f 3/422/25 16/2432/26 20/4656/27
f 3/422/25 20/4656/27 11/2732/28
usemtl brickwall1
f 10/2463/29 11/4178/30 12/1972/31
f 10/2463/29 12/1972/31 9/2805/32
usemtl stonefloor
f 3/2870/33 11/1921/34 10/1484/35
f 3/2870/33 10/1484/35 4/2838/36
f 10/3670/37 28/645/38 23/3279/39
f 10/3670/37 23/3279/39 4/1311/40
usemtl brickwall1
f 15/130/41 19/1522/42 20/4657/43
f 15/130/41 20/4657/43 16/1034/44
f 16/3871/45 13/3395/46 14/2631/47
f 16/3871/45 14/2631/47 15/3824/48
f 13/1664/49 17/1120/50 18/636/51
f 13/1664/49 18/636/51 14/2317/52
usemtl stonefloor
f 6/3299/53 17/2819/54 13/2139/55
f 6/3299/53 13/2139/55 1/4625/56
usemtl brickwall1
f 11/1115/57 20/339/58 19/1395/59
f 11/1115/57 19/1395/59 12/1718/60
usemtl stonefloor
f 1/254/61 13/141/62 16/2312/63
f 1/254/61 16/2312/63 3/8/64
usemtl stonetrims
f 24/638/65 32/4544/66 31/2198/67
f 24/638/65 31/2198/67 23/921/68
usemtl brickwall1
f 21/4613/69 25/659/70 26/890/71
f 21/4613/69 26/890/71 22/3652/72
f 23/2828/73 28/2903/74 27/4466/75
f 23/2828/73 27/4466/75 24/1508/76
f 9/913/77 27/31/78 28/2028/79
f 9/913/77 28/2028/79 10/2940/80
usemtl stonefloor
f 2/2325/81 22/4020/82 26/2987/83
f 2/2325/81 26/2987/83 5/869/84
usemtl stonetrims
f 23/91/85 31/538/86 30/828/87
f 23/91/85 30/828/87 22/2671/88
f 21/1331/89 29/3143/90 32/4517/91
f 21/1331/89 32/4517/91 24/4241/92
f 22/4546/93 30/2687/94 29/2895/95
f 22/4546/93 29/2895/95 21/501/96
f 35/1070/97 34/4138/98 53/4431/99
f 35/1070/97 53/4431/99 54/1799/100
f 37/3924/101 38/4291/102 49/3349/103
f 37/3924/101 49/3349/103 46/3504/104
f 36/1839/105 35/1070/106 54/1799/107
f 36/1839/105 54/1799/107 55/2104/108
usemtl brickwall1
f 38/2635/109 35/2736/110 36/2228/111
f 38/2635/109 36/2228/111 39/4407/112
f 39/372/113 36/4632/114 33/1234/115
f 39/372/113 33/1234/115 40/3135/116
f 37/2777/117 34/1108/118 35/1269/119
f 37/2777/117 35/1269/119 38/3731/120
f 40/651/121 33/1446/122 34/2393/123
f 40/651/121 34/2393/123 37/176/124
usemtl stonetrims
f 40/4543/125 37/3924/126 46/3504/127
f 40/4543/125 46/3504/127 56/97/128
f 33/2399/129 36/1839/130 55/2104/131
f 33/2399/129 55/2104/131 43/1873/132
f 43/4588/133 44/4491/134 45/2722/135
f 43/4588/133 45/2722/135 53/321/136
f 53/321/137 45/2722/138 48/68/139
f 53/321/137 48/68/139 54/3785/140
f 54/3785/141 48/68/142 51/745/143
f 54/3785/141 51/745/143 55/732/144
f 55/732/145 51/745/146 44/86/147
f 55/732/145 44/86/147 43/2020/148
f 42/3903/149 56/868/150 46/2615/151
f 42/3903/149 46/2615/151 41/3332/152
f 41/3332/153 46/2615/154 49/4252/155
f 41/3332/153 49/4252/155 47/4374/156
f 50/1418/157 52/81/158 56/1385/159
f 50/1418/157 56/1385/159 42/4360/160
f 47/4374/161 49/4252/162 52/81/163
f 47/4374/161 52/81/163 50/1418/164
f 39/3957/165 40/364/166 56/1679/167
f 39/3957/165 56/1679/167 52/1318/168
f 34/4138/169 33/1251/170 43/1577/171
f 34/4138/169 43/1577/171 53/4431/172
f 38/4291/173 39/3957/174 52/1318/175
f 38/4291/173 52/1318/175 49/3349/176
f 44/4491/177 51/1426/178 48/2725/179
f 44/4491/177 48/2725/179 45/517/180
f 41/3388/181 47/237/182 50/240/183
f 41/3388/181 50/240/183 42/1629/184
f 59/2109/185 58/3659/186 77/782/187
f 59/2109/185 77/782/187 78/2845/188
f 61/261/189 62/649/190 73/4357/191
f 61/261/189 73/4357/191 70/3001/192
f 60/2885/193 59/2109/194 78/2845/195
f 60/2885/193 78/2845/195 79/3170/196
usemtl brickwall1
f 62/3683/197 59/3774/198 60/3290/199
f 62/3683/197 60/3290/199 63/763/200
f 63/1430/201 60/991/202 57/2252/203
f 63/1430/201 57/2252/203 64/4129/204
f 61/2240/205 58/2138/206 59/2283/207
f 61/2240/205 59/2283/207 62/3231/208
f 64/1699/209 57/2457/210 58/3451/211
f 64/1699/209 58/3451/211 61/1213/212
usemtl stonetrims
f 64/895/213 61/261/214 70/3001/215
f 64/895/213 70/3001/215 80/1136/216
f 57/3453/217 60/2885/218 79/3170/219
f 57/3453/217 79/3170/219 67/1366/220
f 67/922/221 68/840/222 69/3762/223
f 67/922/221 69/3762/223 77/1382/224
f 77/1382/225 69/3762/226 72/1110/227
f 77/1382/225 72/1110/227 78/116/228
f 78/116/229 72/1110/230 75/1809/231
f 78/116/229 75/1809/231 79/1798/232
f 79/1798/233 75/1809/234 68/4248/235
f 79/1798/233 68/4248/235 67/3096/236
f 66/236/237 80/1927/238 70/3669/239
f 66/236/237 70/3669/239 65/4333/240
f 65/4333/241 70/3669/242 73/610/243
f 65/4333/241 73/610/243 71/723/244
f 74/2444/245 76/1122/246 80/850/247
f 74/2444/245 80/850/247 66/712/248
f 71/723/249 73/610/250 76/1122/251
f 71/723/249 76/1122/251 74/2444/252
f 63/291/253 64/1419/254 80/2726/255
f 63/291/253 80/2726/255 76/2332/256
f 58/3659/257 57/2267/258 67/2601/259
f 58/3659/257 67/2601/259 77/782/260
f 62/649/261 63/291/262 76/2332/263
f 62/649/261 76/2332/263 73/4357/264
f 68/840/265 75/2450/266 72/3765/267
f 68/840/265 72/3765/267 69/1564/268
f 65/4395/269 71/1285/270 74/1288/271
f 65/4395/269 74/1288/271 66/2666/272
f 83/3180/273 82/4662/274 101/1845/275
f 83/3180/273 101/1845/275 102/3866/276
f 85/4430/277 86/1696/278 97/707/279
f 85/4430/277 97/707/279 94/4011/280
f 84/3906/281 83/3180/282 102/3866/283
f 84/3906/281 102/3866/283 103/4168/284
usemtl brickwall1
f 86/4690/285 83/103/286 84/4300/287
f 86/4690/285 84/4300/287 87/1821/288
f 87/2452/289 84/2041/290 81/3316/291
f 87/2452/289 81/3316/291 88/486/292
f 85/3300/293 82/3209/294 83/3342/295
f 85/3300/293 83/3342/295 86/4225/296
f 88/2751/297 81/3521/298 82/4449/299
f 88/2751/297 82/4449/299 85/697/300
usemtl stonetrims
f 88/1945/301 85/4430/302 94/4011/303
f 88/1945/301 94/4011/303 104/2158/304
f 81/4452/305 84/3906/306 103/4168/307
f 81/4452/305 103/4168/307 91/2380/308
f 91/1991/309 92/1899/310 93/89/311
f 91/1991/309 93/89/311 101/2400/312
f 101/2400/313 93/89/314 96/2140/315
f 101/2400/313 96/2140/315 102/1167/316
f 102/1167/317 96/2140/318 99/2859/319
f 102/1167/317 99/2859/319 103/2846/320
f 103/2846/321 99/2859/322 92/604/323
f 103/2846/321 92/604/323 91/4086/324
f 90/1284/325 104/2980/326 94/4676/327
f 90/1284/325 94/4676/327 89/680/328
f 89/680/329 94/4676/330 97/1662/331
f 89/680/329 97/1662/331 95/1783/332
f 98/3496/333 100/2151/334 104/1906/335
f 98/3496/333 104/1906/335 90/1772/336
f 95/1783/337 97/1662/338 100/2151/339
f 95/1783/337 100/2151/339 98/3496/340
f 87/1352/341 88/2445/342 104/2191/343
f 87/1352/341 104/2191/343 100/1852/344
f 82/4662/345 81/1788/346 91/3660/347
f 82/4662/345 91/3660/347 101/1845/348
f 86/1696/349 87/1352/350 100/1852/351
f 86/1696/349 100/1852/351 97/707/352
f 92/1899/353 99/3503/354 96/92/355
f 92/1899/353 96/92/355 93/2588/356
f 89/749/357 95/2297/358 98/2300/359
f 89/749/357 98/2300/359 90/3714/360
f 107/4176/361 106/1016/362 125/2891/363
f 107/4176/361 125/2891/363 126/3361/364
f 109/781/365 110/2748/366 121/1768/367
f 109/781/365 121/1768/367 118/349/368
f 108/243/369 107/4176/370 126/3361/371
f 108/243/369 126/3361/371 127/526/372
usemtl brickwall1
f 110/1041/373 107/4268/374 108/655/375
f 110/1041/373 108/655/375 111/2872/376
f 111/3507/377 108/3113/378 105/4322/379
f 111/3507/377 105/4322/379 112/4650/380
f 109/4311/381 106/2685/382 107/4344/383
f 109/4311/381 107/4344/383 110/580/384
f 112/2211/385 105/4515/386 106/801/387
f 112/2211/385 106/801/387 109/1757/388
usemtl stonetrims
f 112/3013/389 109/781/390 118/349/391
f 112/3013/389 118/349/391 128/3228/392
f 105/804/393 108/243/394 127/526/395
f 105/804/393 127/526/395 115/3443/396
f 115/3060/397 116/2956/398 117/1128/399
f 115/3060/397 117/1128/399 125/3454/400
f 125/3454/401 117/1128/402 120/1645/403
f 125/3454/401 120/1645/403 126/2183/404
f 126/2183/405 120/1645/406 123/3877/407
f 126/2183/405 123/3877/407 127/2304/408
f 127/2304/409 123/3877/410 116/1656/411
f 127/2304/409 116/1656/411 115/442/412
f 114/2296/413 128/3986/414 118/4165/415
f 114/2296/413 118/4165/415 113/1744/416
f 113/1744/417 118/4165/418 121/2704/419
f 113/1744/417 121/2704/419 119/2831/420
f 122/4492/421 124/3219/422 128/2969/423
f 122/4492/421 128/2969/423 114/1262/424
f 119/2831/425 121/2704/426 124/3219/427
f 119/2831/425 124/3219/427 122/4492/428
f 111/820/429 112/3498/430 128/3252/431
f 111/820/429 128/3252/431 124/2898/432
f 106/1016/433 105/2837/434 115/4663/435
f 106/1016/433 115/4663/435 125/2891/436
f 110/2748/437 111/820/438 124/2898/439
f 110/2748/437 124/2898/439 121/1768/440
f 116/2956/441 123/4497/442 120/1131/443
f 116/2956/441 120/1131/443 117/3642/444
f 113/1812/445 119/3354/446 122/3357/447
f 113/1812/445 122/3357/447 114/27/448
f 131/534/449 130/2056/450 149/3913/451
f 131/534/449 149/3913/451 150/4368/452
f 133/1844/453 134/3779/454 145/2811/455
f 133/1844/453 145/2811/455 142/1410/456
f 132/4406/457 131/534/458 150/4368/459
f 132/4406/457 150/4368/459 151/1574/460
usemtl brickwall1
f 134/2080/461 131/623/462 132/1701/463
f 134/2080/461 132/1701/463 135/3893/464
f 135/4501/465 132/4104/466 129/671/467
f 135/4501/465 129/671/467 136/1010/468
f 133/660/469 130/3723/470 131/698/471
f 133/660/469 131/698/471 134/1633/472
f 136/3272/473 129/865/474 130/1866/475
f 136/3272/473 130/1866/475 133/2801/476
usemtl stonetrims
f 136/4018/477 133/1844/478 142/1410/479
f 136/4018/477 142/1410/479 152/4218/480
f 129/1871/481 132/4406/482 151/1574/483
f 129/1871/481 151/1574/483 139/4444/484
f 139/2513/485 140/3959/486 141/2152/487
f 139/2513/485 141/2152/487 149/4453/488
f 149/4453/489 141/2152/490 144/2688/491
f 149/4453/489 144/2688/491 150/3246/492
f 150/3246/493 144/2688/494 147/205/495
f 150/3246/493 147/205/495 151/3362/496
f 151/3362/497 147/205/498 140/2698/499
f 151/3362/497 140/2698/499 139/1493/500
f 138/3353/501 152/3508/502 142/523/503
f 138/3353/501 142/523/503 137/2788/504
f 137/2788/505 142/523/506 145/3741/507
f 137/2788/505 145/3741/507 143/3854/508
f 146/842/509 148/4210/510 152/3968/511
f 146/842/509 152/3968/511 138/2277/512
f 143/3854/513 145/3741/514 148/4210/515
f 143/3854/513 148/4210/515 146/842/516
f 135/1878/517 136/2993/518 152/4255/519
f 135/1878/517 152/4255/519 148/3920/520
f 130/2056/521 129/3857/522 139/4159/523
f 130/2056/521 139/4159/523 149/3913/524
f 134/3779/525 135/1878/526 148/3920/527
f 134/3779/525 148/3920/527 145/2811/528
f 140/3959/529 147/4010/530 144/2153/531
f 140/3959/529 144/2153/531 141/4641/532
f 137/2862/533 143/4361/534 146/4364/535
f 137/2862/533 146/4364/535 138/1071/536
f 155/1581/537 154/3129/538 173/3403/539
f 155/1581/537 173/3403/539 174/719/540
f 157/2890/541 158/110/542 169/2271/543
f 157/2890/541 169/2271/543 166/2433/544
f 156/761/545 155/1581/546 174/719/547
f 156/761/545 174/719/547 175/2599/548
usemtl brickwall1
f 158/3147/549 155/1672/550 156/1194/551
f 158/3147/549 156/1194/551 159/3382/552
f 159/851/553 156/462/554 153/177/555
f 159/851/553 153/177/555 160/2053/556
f 157/1714/557 154/47/558 155/1758/559
f 157/1714/557 155/1758/559 158/2673/560
f 160/4275/561 153/1923/562 154/1356/563
f 160/4275/561 154/1356/563 157/3829/564
usemtl stonetrims
f 160/365/565 157/2890/566 166/2433/567
f 160/365/565 166/2433/567 176/575/568
f 153/1361/569 156/761/570 175/2599/571
f 153/1361/569 175/2599/571 163/795/572
f 163/3573/573 164/293/574 165/3224/575
f 163/3573/573 165/3224/575 173/805/576
f 173/805/577 165/3224/578 168/3725/579
f 173/805/577 168/3725/579 174/4244/580
f 174/4244/581 168/3725/582 171/4379/583
f 174/4244/581 171/4379/583 175/4369/584
f 175/4369/585 171/4379/586 164/3736/587
f 175/4369/585 164/3736/587 163/942/588
f 162/4362/589 176/4502/590 166/1572/591
f 162/4362/589 166/1572/591 161/2248/592
f 161/2248/593 166/1572/594 169/66/595
f 161/2248/593 169/66/595 167/3347/596
f 170/1900/597 172/3735/598 176/302/599
f 170/1900/597 176/302/599 162/3337/600
f 167/3347/601 169/66/602 172/3735/603
f 167/3347/601 172/3735/603 170/1900/604
f 159/2937/605 160/4004/606 176/613/607
f 159/2937/605 176/613/607 172/255/608
f 154/3129/609 153/188/610 163/516/611
f 154/3129/609 163/516/611 173/3403/612
f 158/110/613 159/2937/614 172/255/615
f 158/110/613 172/255/615 169/2271/616
f 164/293/617 171/348/618 168/3226/619
f 164/293/617 168/3226/619 165/4144/620
f 161/3882/621 167/713/622 170/715/623
f 161/3882/621 170/715/623 162/569/624
f 179/2609/625 178/4122/626 197/4412/627
f 179/2609/625 197/4412/627 198/1777/628
f 181/3912/629 182/4274/630 193/3335/631
f 181/3912/629 193/3335/631 190/3486/632
f 180/1820/633 179/2609/634 198/1777/635
f 180/1820/633 198/1777/635 199/3653/636
usemtl brickwall1
f 182/4148/637 179/2717/638 180/2213/639
f 182/4148/637 180/2213/639 183/4390/640
f 183/352/641 180/4617/642 177/1214/643
f 183/352/641 177/1214/643 184/3124/644
f 181/2763/645 178/1090/646 179/1247/647
f 181/2763/645 179/1247/647 182/3717/648
f 184/634/649 177/2977/650 178/2368/651
f 184/634/649 178/2368/651 181/152/652
usemtl stonetrims
f 184/1420/653 181/3912/654 190/3486/655
f 184/1420/653 190/3486/655 200/1626/656
f 177/2373/657 180/1820/658 199/3653/659
f 177/2373/657 199/3653/659 187/1859/660
f 187/4574/661 188/1355/662 189/4214/663
f 187/4574/661 189/4214/663 197/297/664
f 197/297/665 189/4214/666 192/49/667
f 197/297/665 192/49/667 198/599/668
f 198/599/669 192/49/670 195/728/671
f 198/599/669 195/728/671 199/720/672
f 199/720/673 195/728/674 188/60/675
f 199/720/673 188/60/675 187/2011/676
f 186/3889/677 200/852/678 190/2598/679
f 186/3889/677 190/2598/679 185/3312/680
f 185/3312/681 190/2598/682 193/1109/683
f 185/3312/681 193/1109/683 191/4354/684
f 194/2958/685 196/58/686 200/1365/687
f 194/2958/685 200/1365/687 186/4339/688
f 191/4354/689 193/1109/690 196/58/691
f 191/4354/689 196/58/691 194/2958/692
f 183/3941/693 184/342/694 200/1666/695
f 183/3941/693 200/1666/695 196/1300/696
f 178/4122/697 177/1227/698 187/1563/699
f 178/4122/697 187/1563/699 197/4412/700
f 182/4274/701 183/3941/702 196/1300/703
f 182/4274/701 196/1300/703 193/3335/704
f 188/1355/705 195/1409/706 192/4215/707
f 188/1355/705 192/4215/707 189/499/708
f 185/209/709 191/217/710 194/220/711
f 185/209/709 194/220/711 186/1616/712
f 203/2098/713 202/481/714 221/768/715
f 203/2098/713 221/768/715 222/2823/716
f 205/248/717 206/632/718 217/4336/719
f 205/248/717 217/4336/719 214/4480/720
f 204/2871/721 203/2098/722 222/2823/723
f 204/2871/721 222/2823/723 223/4655/724
usemtl brickwall1
f 206/3671/725 203/3757/726 204/3277/727
f 206/3671/725 204/3277/727 207/742/728
f 207/1412/729 204/973/730 201/2238/731
f 207/1412/729 201/2238/731 208/4116/732
f 205/3793/733 202/2125/734 203/2265/735
f 205/3793/733 203/2265/735 206/33/736
f 208/1683/737 201/3982/738 202/3429/739
f 208/1683/737 202/3429/739 205/1199/740
usemtl stonetrims
f 208/881/741 205/248/742 214/4480/743
f 208/881/741 214/4480/743 224/1114/744
f 201/3436/745 204/2871/746 223/4655/747
f 201/3436/745 223/4655/747 211/2905/748
f 211/915/749 212/822/750 213/572/751
f 211/915/749 213/572/751 221/1362/752
f 221/1362/753 213/572/754 216/1092/755
f 221/1362/753 216/1092/755 222/106/756
f 222/106/757 216/1092/758 219/1790/759
f 222/106/757 219/1790/759 223/1778/760
f 223/1778/761 219/1790/762 212/1101/763
f 223/1778/761 212/1101/763 211/3084/764
f 210/216/765 224/1907/766 214/3650/767
f 210/216/765 214/3650/767 209/4320/768
f 209/4320/769 214/3650/770 217/594/771
f 209/4320/769 217/594/771 215/704/772
f 218/3961/773 220/1096/774 224/2379/775
f 218/3961/773 224/2379/775 210/690/776
f 215/704/777 217/594/778 220/1096/779
f 215/704/777 220/1096/779 218/3961/780
f 207/276/781 208/1403/782 224/2706/783
f 207/276/781 224/2706/783 220/2313/784
f 202/481/785 201/2244/786 211/2587/787
f 202/481/785 211/2587/787 221/768/788
f 206/632/789 207/276/790 220/2313/791
f 206/632/789 220/2313/791 217/4336/792
f 212/822/793 219/2434/794 216/3742/795
f 212/822/793 216/3742/795 213/1551/796
f 209/1255/797 215/1263/798 218/1266/799
f 209/1255/797 218/1266/799 210/2649/800
f 227/3160/801 226/4640/802 245/1826/803
f 227/3160/801 245/1826/803 246/3850/804
f 229/1295/805 230/1682/806 241/683/807
f 229/1295/805 241/683/807 238/830/808
f 228/3891/809 227/3160/810 246/3850/811
f 228/3891/809 246/3850/811 247/4157/812
usemtl brickwall1
f 230/4677/813 227/87/814 228/4280/815
f 230/4677/813 228/4280/815 231/1806/816
f 231/2436/817 228/2024/818 225/3297/819
f 231/2436/817 225/3297/819 232/471/820
f 229/3287/821 226/3192/822 227/3326/823
f 229/3287/821 227/3326/823 230/1076/824
f 232/2733/825 225/3505/826 226/4435/827
f 232/2733/825 226/4435/827 229/2221/828
usemtl stonetrims
f 232/1935/829 229/1295/830 238/830/831
f 232/1935/829 238/830/831 248/2144/832
f 225/4438/833 228/3891/834 247/4157/835
f 225/4438/833 247/4157/835 235/2357/836
f 235/1976/837 236/1884/838 237/65/839
f 235/1976/837 237/65/839 245/2374/840
f 245/2374/841 237/65/842 240/2127/843
f 245/2374/841 240/2127/843 246/1150/844
f 246/1150/845 240/2127/846 243/2839/847
f 246/1150/845 243/2839/847 247/2824/848
f 247/2824/849 243/2839/850 236/590/851
f 247/2824/849 236/590/851 235/4076/852
f 234/1264/853 248/2970/854 238/4652/855
f 234/1264/853 238/4652/855 233/669/856
f 233/669/857 238/4652/858 241/1643/859
f 233/669/857 241/1643/859 239/1766/860
f 242/3477/861 244/2133/862 248/3442/863
f 242/3477/861 248/3442/863 234/1750/864
f 239/1766/865 241/1643/866 244/2133/867
f 239/1766/865 244/2133/867 242/3477/868
f 231/1330/869 232/2425/870 248/3745/871
f 231/1330/869 248/3745/871 244/3374/872
f 226/4640/873 225/3309/874 235/3641/875
f 226/4640/873 235/3641/875 245/1826/876
f 230/1682/877 231/1330/878 244/3374/879
f 230/1682/877 244/3374/879 241/683/880
f 236/1884/881 243/3485/882 240/67/883
f 236/1884/881 240/67/883 237/2573/884
f 233/730/885 239/2278/886 242/2280/887
f 233/730/885 242/2280/887 234/3703/888
f 251/4161/889 250/999/890 269/2876/891
f 251/4161/889 269/2876/891 270/178/892
f 253/2307/893 254/2731/894 265/1747/895
f 253/2307/893 265/1747/895 262/332/896
f 252/223/897 251/4161/898 270/178/899
f 252/223/897 270/178/899 271/510/900
usemtl brickwall1
f 254/1023/901 251/1123/902 252/640/903
f 254/1023/901 252/640/903 255/2855/904
f 255/3489/905 252/3101/906 249/4308/907
f 255/3489/905 249/4308/907 256/1529/908
f 253/4293/909 250/4188/910 251/4328/911
f 253/4293/909 251/4328/911 254/570/912
f 256/3770/913 249/4498/914 250/786/915
f 256/3770/913 250/786/915 253/1736/916
usemtl stonetrims
f 256/2994/917 253/2307/918 262/332/919
f 256/2994/917 262/332/919 272/3215/920
f 249/790/921 252/223/922 271/510/923
f 249/790/921 271/510/923 259/3420/924
f 259/3044/925 260/2941/926 261/1106/927
f 259/3044/925 261/1106/927 269/3437/928
f 269/3437/929 261/1106/930 264/3194/931
f 269/3437/929 264/3194/931 270/2170/932
f 270/2170/933 264/3194/934 267/3859/935
f 270/2170/933 267/3859/935 271/3851/936
f 271/3851/937 267/3859/938 260/1640/939
f 271/3851/937 260/1640/939 259/433/940
f 258/2276/941 272/3969/942 262/1012/943
f 258/2276/941 262/1012/943 257/1725/944
f 257/1725/945 262/1012/946 265/2686/947
f 257/1725/945 265/2686/947 263/2810/948
f 266/4472/949 268/3204/950 272/2947/951
f 266/4472/949 272/2947/951 258/2794/952
f 263/2810/953 265/2686/954 268/3204/955
f 263/2810/953 268/3204/955 266/4472/956
f 255/2343/957 256/3478/958 272/70/959
f 255/2343/957 272/70/959 268/2884/960
f 250/999/961 249/2813/962 259/4642/963
f 250/999/961 259/4642/963 269/2876/964
f 254/2731/965 255/2343/966 268/2884/967
f 254/2731/965 268/2884/967 265/1747/968
f 260/2941/969 267/4479/970 264/1111/971
f 260/2941/969 264/1111/971 261/3632/972
f 257/1794/973 263/3338/974 266/3341/975
f 257/1794/973 266/3341/975 258/9/976
f 275/519/977 274/2044/978 293/3896/979
f 275/519/977 293/3896/979 294/1215/980
f 277/1825/981 278/3768/982 289/2790/983
f 277/1825/981 289/2790/983 286/1393/984
f 276/1270/985 275/519/986 294/1215/987
f 276/1270/985 294/1215/987 295/1558/988
usemtl brickwall1
f 278/2065/989 275/605/990 276/1687/991
f 278/2065/989 276/1687/991 279/3873/992
f 279/4483/993 276/4091/994 273/658/995
f 279/4483/993 273/658/995 280/992/996
f 277/650/997 274/543/998 275/676/999
f 277/650/997 275/676/999 278/1620/1000
f 280/101/1001 273/847/1002 274/1850/1003
f 280/101/1001 274/1850/1003 277/2784/1004
usemtl stonetrims
f 280/4005/1005 277/1825/1006 286/1393/1007
f 280/4005/1005 286/1393/1007 296/4203/1008
f 273/1854/1009 276/1270/1010 295/1558/1011
f 273/1854/1009 295/1558/1011 283/4425/1012
f 283/4049/1013 284/3943/1014 285/2137/1015
f 283/4049/1013 285/2137/1015 293/4439/1016
f 293/4439/1017 285/2137/1018 288/2667/1019
f 293/4439/1017 288/2667/1019 294/3235/1020
f 294/3235/1021 288/2667/1022 291/190/1023
f 294/3235/1021 291/190/1023 295/179/1024
f 295/179/1025 291/190/1026 284/2682/1027
f 295/179/1025 284/2682/1027 283/1477/1028
f 282/3339/1029 296/303/1030 286/507/1031
f 282/3339/1029 286/507/1031 281/2773/1032
f 281/2773/1033 286/507/1034 289/3724/1035
f 281/2773/1033 289/3724/1035 287/3837/1036
f 290/823/1037 292/4196/1038 296/3952/1039
f 290/823/1037 296/3952/1039 282/3827/1040
f 287/3837/1041 289/3724/1042 292/4196/1043
f 287/3837/1041 292/4196/1043 290/823/1044
f 279/1868/1045 280/4473/1046 296/4237/1047
f 279/1868/1045 296/4237/1047 292/3905/1048
f 274/2044/1049 273/3842/1050 283/1000/1051
f 274/2044/1049 283/1000/1051 293/3896/1052
f 278/3768/1053 279/1868/1054 292/3905/1055
f 278/3768/1053 292/3905/1055 289/2790/1056
f 284/3943/1057 291/829/1058 288/2141/1059
f 284/3943/1057 288/2141/1059 285/4624/1060
f 281/2842/1061 287/4340/1062 290/4343/1063
f 281/2842/1061 290/4343/1063 282/1058/1064
f 299/1569/1065 298/3119/1066 317/228/1067
f 299/1569/1065 317/228/1067 318/699/1068
f 301/2875/1069 302/100/1070 313/3825/1071
f 301/2875/1069 313/3825/1071 310/2415/1072
f 300/741/1073 299/1569/1074 318/699/1075
f 300/741/1073 318/699/1075 319/2581/1076
usemtl brickwall1
f 302/3137/1077 299/1657/1078 300/2737/1079
f 302/3137/1077 300/2737/1079 303/202/1080
f 303/833/1081 300/447/1082 297/1713/1083
f 303/833/1081 297/1713/1083 304/2042/1084
f 301/1698/1085 298/26/1086 299/1737/1087
f 301/1698/1085 299/1737/1087 302/2653/1088
f 304/4266/1089 297/1903/1090 298/2892/1091
f 304/4266/1089 298/2892/1091 301/3818/1092
usemtl stonetrims
f 304/343/1093 301/2875/1094 310/2415/1095
f 304/343/1093 310/2415/1095 320/564/1096
f 297/2899/1097 300/741/1098 319/2581/1099
f 297/2899/1097 319/2581/1099 307/777/1100
f 307/396/1101 308/283/1102 309/3207/1103
f 307/396/1101 309/3207/1103 317/791/1104
f 317/791/1105 309/3207/1106 312/3715/1107
f 317/791/1105 312/3715/1107 318/4232/1108
f 318/4232/1109 312/3715/1110 315/1229/1111
f 318/4232/1109 315/1229/1111 319/4345/1112
f 319/4345/1113 315/1229/1114 308/3720/1115
f 319/4345/1113 308/3720/1115 307/2500/1116
f 306/4341/1117 320/1367/1118 310/1557/1119
f 306/4341/1117 310/1557/1119 305/3809/1120
f 305/3809/1121 310/1557/1122 313/48/1123
f 305/3809/1121 313/48/1123 311/162/1124
f 314/1886/1125 316/551/1126 320/290/1127
f 314/1886/1125 320/290/1127 306/3322/1128
f 311/162/1129 313/48/1130 316/551/1131
f 311/162/1129 316/551/1131 314/1886/1132
f 303/2920/1133 304/3987/1134 320/595/1135
f 303/2920/1133 320/595/1135 316/238/1136
f 298/3119/1137 297/169/1138 307/498/1139
f 298/3119/1137 307/498/1139 317/228/1140
f 302/100/1141 303/2920/1142 316/238/1143
f 302/100/1141 316/238/1143 313/3825/1144
f 308/283/1145 315/331/1146 312/3210/1147
f 308/283/1145 312/3210/1147 309/982/1148
f 305/3861/1149 311/691/1150 314/694/1151
f 305/3861/1149 314/694/1151 306/2099/1152
f 323/2594/1153 322/4111/1154 341/1276/1155
f 323/2594/1153 341/1276/1155 342/1759/1156
f 325/3895/1157 326/1142/1158 337/146/1159
f 325/3895/1157 337/146/1159 334/3461/1160
f 324/1805/1161 323/2594/1162 342/1759/1163
f 324/1805/1161 342/1759/1163 343/3639/1164
usemtl brickwall1
f 326/4132/1165 323/2699/1166 324/2200/1167
f 326/4132/1165 324/2200/1167 327/1249/1168
f 327/1891/1169 324/1499/1170 321/2762/1171
f 327/1891/1169 321/2762/1171 328/3114/1172
f 325/2750/1173 322/1072/1174 323/2785/1175
f 325/2750/1173 323/2785/1175 326/3708/1176
f 328/621/1177 321/2965/1178 322/2347/1179
f 328/621/1177 322/2347/1179 325/138/1180
usemtl stonetrims
f 328/1404/1181 325/3895/1182 334/3461/1183
f 328/1404/1181 334/3461/1183 344/1610/1184
f 321/2352/1185 324/1805/1186 343/3639/1187
f 321/2352/1185 343/3639/1187 331/1841/1188
f 331/4556/1189 332/1338/1190 333/4198/1191
f 331/4556/1189 333/4198/1191 341/1855/1192
f 341/1855/1193 333/4198/1194 336/28/1195
f 341/1855/1193 336/28/1195 342/586/1196
f 342/586/1197 336/28/1198 339/2245/1199
f 342/586/1197 339/2245/1199 343/700/1200
f 343/700/1201 339/2245/1202 332/43/1203
f 343/700/1201 332/43/1203 331/3560/1204
f 330/692/1205 344/834/1206 334/2578/1207
f 330/692/1205 334/2578/1207 329/128/1208
f 329/128/1209 334/2578/1210 337/1091/1211
f 329/128/1209 337/1091/1211 335/1205/1212
f 338/2942/1213 340/1603/1214 344/1347/1215
f 338/2942/1213 344/1347/1215 330/4325/1216
f 335/1205/1217 337/1091/1218 340/1603/1219
f 335/1205/1217 340/1603/1219 338/2942/1220
f 327/3928/1221 328/326/1222 344/1647/1223
f 327/3928/1221 344/1647/1223 340/1286/1224
f 322/4111/1225 321/1210/1226 331/1550/1227
f 322/4111/1225 331/1550/1227 341/1276/1228
f 326/1142/1229 327/3928/1230 340/1286/1231
f 326/1142/1229 340/1286/1231 337/146/1232
f 332/1338/1233 339/1392/1234 336/4201/1235
f 332/1338/1233 336/4201/1235 333/2032/1236
f 329/193/1237 335/1751/1238 338/1754/1239
f 329/193/1237 338/1754/1239 330/1602/1240
f 347/3645/1241 346/468/1242 365/747/1243
f 347/3645/1241 365/747/1243 366/2802/1244
f 349/227/1245 350/2162/1246 361/4321/1247
f 349/227/1245 361/4321/1247 358/4463/1248
f 348/2853/1249 347/3645/1250 366/2802/1251
f 348/2853/1249 366/2802/1251 367/4636/1252
usemtl brickwall1
f 350/488/1253 347/3737/1254 348/3261/1255
f 350/488/1253 348/3261/1255 351/725/1256
f 351/1396/1257 348/2517/1258 345/2222/1259
f 351/1396/1257 345/2222/1259 352/4105/1260
f 349/3781/1261 346/2110/1262 347/3819/1263
f 349/3781/1261 347/3819/1263 350/16/1264
f 352/1669/1265 345/3966/1266 346/3408/1267
f 352/1669/1265 346/3408/1267 349/1192/1268
usemtl stonetrims
f 352/2426/1269 349/227/1270 358/4463/1271
f 352/2426/1269 358/4463/1271 368/2645/1272
f 345/3413/1273 348/2853/1274 367/4636/1275
f 345/3413/1273 367/4636/1275 355/2887/1276
f 355/911/1277 356/2346/1278 357/557/1279
f 355/911/1277 357/557/1279 365/2900/1280
f 365/2900/1281 357/557/1282 360/1073/1283
f 365/2900/1281 360/1073/1283 366/1638/1284
f 366/1638/1285 360/1073/1286 363/1771/1287
f 366/1638/1285 363/1771/1287 367/1760/1288
f 367/1760/1289 363/1771/1290 356/1083/1291
f 367/1760/1289 356/1083/1291 355/3067/1292
f 354/198/1293 368/1892/1294 358/3637/1295
f 354/198/1293 358/3637/1295 353/4306/1296
f 353/4306/1297 358/3637/1298 361/2126/1299
f 353/4306/1297 361/2126/1299 359/681/1300
f 362/3944/1301 364/1078/1302 368/2356/1303
f 362/3944/1301 368/2356/1303 354/673/1304
f 359/681/1305 361/2126/1306 364/1078/1307
f 359/681/1305 364/1078/1307 362/3944/1308
f 351/266/1309 352/1386/1310 368/2689/1311
f 351/266/1309 368/2689/1311 364/2298/1312
f 346/468/1313 345/2233/1314 355/2572/1315
f 346/468/1313 355/2572/1315 365/747/1316
f 350/2162/1317 351/266/1318 364/2298/1319
f 350/2162/1317 364/2298/1319 361/4321/1320
f 356/2346/1321 363/2414/1322 360/560/1323
f 356/2346/1321 360/560/1323 357/1540/1324
f 353/1232/1325 359/2795/1326 362/1244/1327
f 353/1232/1325 362/1244/1327 354/2638/1328
f 371/4645/1329 370/1518/1330 389/1810/1331
f 371/4645/1329 389/1810/1331 390/3830/1332
f 373/1275/1333 374/1668/1334 385/670/1335
f 373/1275/1333 385/670/1335 382/816/1336
f 372/3872/1337 371/4645/1338 390/3830/1339
f 372/3872/1337 390/3830/1339 391/994/1340
usemtl brickwall1
f 374/4653/1341 371/61/1342 372/4269/1343
f 374/4653/1341 372/4269/1343 375/1786/1344
f 375/2418/1345 372/2015/1346 369/3286/1347
f 375/2418/1345 369/3286/1347 376/463/1348
f 373/111/1349 370/3181/1350 371/3307/1351
f 373/111/1349 371/3307/1351 374/1062/1352
f 376/2715/1353 369/298/1354 370/4416/1355
f 376/2715/1353 370/4416/1355 373/2210/1356
usemtl stonetrims
f 376/1928/1357 373/1275/1358 382/816/1359
f 376/1928/1357 382/816/1359 392/2130/1360
f 369/4420/1361 372/3872/1362 391/994/1363
f 369/4420/1361 391/994/1363 379/3908/1364
f 379/1959/1365 380/3407/1366 381/1608/1367
f 379/1959/1365 381/1608/1367 389/2353/1368
f 389/2353/1369 381/1608/1370 384/2111/1371
f 389/2353/1369 384/2111/1371 390/1132/1372
f 390/1132/1373 384/2111/1374 387/2815/1375
f 390/1132/1373 387/2815/1375 391/2803/1376
f 391/2803/1377 387/2815/1378 380/2121/1379
f 391/2803/1377 380/2121/1379 379/4064/1380
f 378/1240/1381 392/2948/1382 382/4634/1383
f 378/1240/1381 382/4634/1383 377/657/1384
f 377/657/1385 382/4634/1386 385/1628/1387
f 377/657/1385 385/1628/1387 383/1745/1388
f 386/285/1389 388/2119/1390 392/3419/1391
f 386/285/1389 392/3419/1391 378/1731/1392
f 383/1745/1393 385/1628/1394 388/2119/1395
f 383/1745/1393 388/2119/1395 386/285/1396
f 375/1315/1397 376/2406/1398 392/3727/1399
f 375/1315/1397 392/3727/1399 388/3355/1400
f 370/1518/1401 369/3292/1402 379/3631/1403
f 370/1518/1401 379/3631/1403 389/1810/1404
f 374/1668/1405 375/1315/1406 388/3355/1407
f 374/1668/1405 388/3355/1407 385/670/1408
f 380/3407/1409 387/3460/1410 384/50/1411
f 380/3407/1409 384/50/1411 381/2555/1412
f 377/2249/1413 383/2259/1414 386/2262/1415
f 377/2249/1413 386/2262/1415 378/3686/1416
f 395/4149/1417 394/2536/1418 413/2861/1419
f 395/4149/1417 413/2861/1419 414/153/1420
f 397/2287/1421 398/2713/1422 409/1728/1423
f 397/2287/1421 409/1728/1423 406/1876/1424
f 396/201/1425 395/4149/1426 414/153/1427
f 396/201/1425 414/153/1427 415/495/1428
usemtl brickwall1
f 398/1013/1429 395/1102/1430 396/624/1431
f 398/1013/1429 396/624/1431 399/2835/1432
f 399/3464/1433 396/3087/1434 393/4289/1435
f 399/3464/1433 393/4289/1435 400/1513/1436
f 397/1157/1437 394/4177/1438 395/4318/1439
f 397/1157/1437 395/4318/1439 398/2102/1440
f 400/3753/1441 393/4481/1442 394/772/1443
f 400/3753/1441 394/772/1443 397/3269/1444
usemtl stonetrims
f 400/2981/1445 397/2287/1446 406/1876/1447
f 400/2981/1445 406/1876/1447 416/3197/1448
f 393/774/1449 396/201/1450 415/495/1451
f 393/774/1449 415/495/1451 403/245/1452
f 403/3026/1453 404/2926/1454 405/1088/1455
f 403/3026/1453 405/1088/1455 413/3414/1456
f 413/3414/1457 405/1088/1458 408/3182/1459
f 413/3414/1457 408/3182/1459 414/2154/1460
f 414/2154/1461 408/3182/1462 411/3844/1463
f 414/2154/1461 411/3844/1463 415/3831/1464
f 415/3831/1465 411/3844/1466 404/3189/1467
f 415/3831/1465 404/3189/1467 403/418/1468
f 402/2258/1469 416/3953/1470 406/993/1471
f 402/2258/1469 406/993/1471 401/1710/1472
f 401/1710/1473 406/993/1474 409/2665/1475
f 401/1710/1473 409/2665/1475 407/2789/1476
f 410/4458/1477 412/3186/1478 416/4424/1479
f 410/4458/1477 416/4424/1479 402/2779/1480
f 407/2789/1481 409/2665/1482 412/3186/1483
f 407/2789/1481 412/3186/1483 410/4458/1484
f 399/2330/1485 400/3458/1486 416/51/1487
f 399/2330/1485 416/51/1487 412/4363/1488
f 394/2536/1489 393/4303/1490 403/4623/1491
f 394/2536/1489 403/4623/1491 413/2861/1492
f 398/2713/1493 399/2330/1494 412/4363/1495
f 398/2713/1493 412/4363/1495 409/1728/1496
f 404/2926/1497 411/4462/1498 408/1093/1499
f 404/2926/1497 408/1093/1499 405/3616/1500
f 401/1774/1501 407/3323/1502 410/3324/1503
f 401/1774/1501 410/3324/1503 402/4692/1504
f 418/2142/1505 421/746/1506 599/3806/1507
f 418/2142/1505 599/3806/1507 588/1200/1508
usemtl brickwall1
f 447/1289/1509 449/2117/1510 580/2223/1511
f 447/1289/1509 580/2223/1511 584/4610/1512
f 449/2117/1513 451/3624/1514 575/2031/1515
f 449/2117/1513 575/2031/1515 580/2223/1516
f 451/3624/1517 453/4220/1518 582/4533/1519
f 451/3624/1517 582/4533/1519 575/2031/1520
f 453/4220/1521 455/430/1522 574/2504/1523
f 453/4220/1521 574/2504/1523 582/4533/1524
f 455/430/1525 578/4249/1526 574/2504/1527
f 444/4213/1528 480/1164/1529 605/3600/1530
f 444/4213/1528 605/3600/1530 608/1746/1531
f 450/3343/1532 611/1559/1533 619/664/1534
f 450/3343/1532 619/664/1534 452/262/1535
f 452/262/1536 619/664/1537 618/4349/1538
f 452/262/1536 618/4349/1538 454/2729/1539
f 454/2729/1540 618/4349/1541 620/800/1542
f 454/2729/1540 620/800/1542 456/3061/1543
f 456/3061/1544 620/800/1545 457/3082/1546
usemtl stonetrims
f 437/600/1547 441/491/1548 609/924/1549
f 437/600/1547 609/924/1549 603/4016/1550
f 1757/1521/1551 1754/620/1552 581/875/1553
f 1757/1521/1551 581/875/1553 571/3262/1554
usemtl brickwall1
f 481/3552/1555 589/3693/1556 591/1509/1557
f 481/3552/1555 591/1509/1557 483/1761/1558
f 483/1761/1559 591/1509/1560 598/4618/1561
f 483/1761/1559 598/4618/1561 485/4243/1562
f 485/4243/1563 598/4618/1564 590/3422/1565
f 485/4243/1563 590/3422/1565 487/963/1566
f 487/963/1567 590/3422/1568 597/1049/1569
f 487/963/1567 597/1049/1569 489/3027/1570
f 489/3027/1571 597/1049/1572 595/958/1573
f 446/2893/1574 447/1289/1575 584/4610/1576
f 446/2893/1574 584/4610/1576 571/2112/1577
f 482/3536/1578 484/1782/1579 602/4027/1580
f 482/3536/1578 602/4027/1580 607/412/1581
f 484/1782/1582 486/1022/1583 600/1735/1584
f 484/1782/1582 600/1735/1584 602/4027/1585
f 486/1022/1586 488/286/1587 601/2943/1588
f 486/1022/1586 601/2943/1588 600/1735/1589
f 488/286/1590 490/4025/1591 601/2943/1592
f 480/1164/1593 482/3536/1594 607/412/1595
f 480/1164/1593 607/412/1595 605/3600/1596
usemtl stonetrims
f 1749/2832/1597 1750/3315/1598 583/4278/1599
f 1749/2832/1597 583/4278/1599 573/1159/1600
f 1746/3159/1601 1747/733/1602 576/274/1603
f 1746/3159/1601 576/274/1603 579/4536/1604
f 1750/3315/1605 1753/1702/1606 572/635/1607
f 1750/3315/1605 572/635/1607 583/4278/1608
f 1747/733/1609 1749/2832/1610 573/1159/1611
f 1747/733/1609 573/1159/1611 576/274/1612
usemtl brickwall1
f 448/3497/1613 615/3796/1614 611/1559/1615
f 448/3497/1613 611/1559/1615 450/3343/1616
usemtl stonetrims
f 420/1814/1617 1519/3964/1618 586/2478/1619
f 420/1814/1617 586/2478/1619 593/292/1620
f 1516/2700/1621 1515/3005/1622 596/2918/1623
f 1516/2700/1621 596/2918/1623 587/270/1624
f 442/3285/1625 437/600/1626 603/4016/1627
f 442/3285/1625 603/4016/1627 608/3144/1628
f 1523/3945/1629 420/1814/1630 593/292/1631
f 1523/3945/1629 593/292/1631 585/4524/1632
f 1519/3964/1633 1516/2700/1634 587/270/1635
f 1519/3964/1633 587/270/1635 586/2478/1636
f 1515/3005/1637 418/2142/1638 588/1200/1639
f 1515/3005/1637 588/1200/1639 596/2918/1640
f 440/4432/1641 432/3171/1642 468/3370/1643
f 440/4432/1641 468/3370/1643 606/943/1644
f 433/3450/1645 436/1006/1646 610/1026/1647
f 433/3450/1645 610/1026/1647 604/3769/1648
f 1754/620/1649 1746/3159/1650 579/4536/1651
f 1754/620/1649 579/4536/1651 581/875/1652
f 436/1006/1653 440/4432/1654 606/943/1655
f 436/1006/1653 606/943/1655 610/1026/1656
f 441/491/1657 433/3450/1658 604/3769/1659
f 441/491/1657 604/3769/1659 609/924/1660
usemtl brickwall1
f 443/464/1661 599/3721/1662 589/3693/1663
f 443/464/1661 589/3693/1663 481/3552/1664
usemtl stonetrims
f 2154/2369/1665 429/653/1666 616/2718/1667
f 2154/2369/1665 616/2718/1667 469/965/1668
f 2161/3455/1669 2159/3070/1670 614/3663/1671
f 2161/3455/1669 614/3663/1671 621/565/1672
f 2158/2655/1673 2155/1877/1674 612/665/1675
f 2158/2655/1673 612/665/1675 617/3821/1676
usemtl brickwall1
f 445/3955/1677 613/588/1678 615/3796/1679
f 445/3955/1677 615/3796/1679 448/3497/1680
usemtl stonetrims
f 429/653/1681 2161/3455/1682 621/565/1683
f 429/653/1681 621/565/1683 616/2718/1684
f 2159/3070/1685 2158/2655/1686 617/3821/1687
f 2159/3070/1685 617/3821/1687 614/3663/1688
f 2155/1877/1689 426/3363/1690 613/3423/1691
f 2155/1877/1689 613/3423/1691 612/665/1692
f 462/3666/1693 460/3430/1694 528/1116/1695
f 462/3666/1693 528/1116/1695 526/2592/1696
f 443/1324/1697 481/2633/1698 542/3702/1699
f 443/1324/1697 542/3702/1699 498/62/1700
f 461/1373/1701 463/1171/1702 527/1961/1703
f 461/1373/1701 527/1961/1703 529/1634/1704
f 447/3614/1705 446/166/1706 497/1898/1707
f 447/3614/1705 497/1898/1707 508/1607/1708
f 445/2539/1709 448/1894/1710 509/3526/1711
f 445/2539/1709 509/3526/1711 499/4373/1712
f 449/2206/1713 447/3614/1714 508/1607/1715
f 449/2206/1713 508/1607/1715 506/2883/1716
f 464/359/1717 462/3666/1718 526/2592/1719
f 464/359/1717 526/2592/1719 524/3540/1720
f 482/3983/1721 480/677/1722 541/2752/1723
f 482/3983/1721 541/2752/1723 539/2508/1724
f 448/1894/1725 450/4310/1726 507/3887/1727
f 448/1894/1725 507/3887/1727 509/3526/1728
f 463/1171/1729 465/134/1730 525/3325/1731
f 463/1171/1729 525/3325/1731 527/1961/1732
f 481/2633/1733 483/294/1734 540/988/1735
f 481/2633/1733 540/988/1735 542/3702/1736
f 451/3988/1737 449/2206/1738 506/2883/1739
f 451/3988/1737 506/2883/1739 504/281/1740
f 466/3791/1741 464/359/1742 524/3540/1743
f 466/3791/1741 524/3540/1743 521/3474/1744
f 484/3591/1745 482/3983/1746 539/2508/1747
f 484/3591/1745 539/2508/1747 537/1613/1748
f 450/4310/1749 452/4150/1750 505/2155/1751
f 450/4310/1749 505/2155/1751 507/3887/1752
f 465/134/1753 467/1313/1754 522/2863/1755
f 465/134/1753 522/2863/1755 525/3325/1756
f 483/294/1757 485/2337/1758 538/2556/1759
f 483/294/1757 538/2556/1759 540/988/1760
f 453/3977/1761 451/3988/1762 504/281/1763
f 453/3977/1761 504/281/1763 502/1481/1764
f 469/4002/1765 466/3791/1766 521/3474/1767
f 469/4002/1765 521/3474/1767 494/1223/1768
f 486/787/1769 484/3591/1770 537/1613/1771
f 486/787/1769 537/1613/1771 535/2774/1772
f 452/4150/1773 454/1414/1774 503/917/1775
f 452/4150/1773 503/917/1775 505/2155/1776
f 485/2337/1777 487/3198/1778 536/107/1779
f 485/2337/1777 536/107/1779 538/2556/1780
f 467/1313/1781 468/1358/1782 523/2904/1783
f 467/1313/1781 523/2904/1783 522/2863/1784
f 501/1282/1785 491/2067/1786 492/4384/1787
f 501/1282/1785 492/4384/1787 500/253/1788
f 503/917/1789 501/1282/1790 500/253/1791
f 503/917/1789 500/253/1791 502/1481/1792
f 505/2155/1793 503/917/1794 502/1481/1795
f 505/2155/1793 502/1481/1795 504/281/1796
f 507/3887/1797 505/2155/1798 504/281/1799
f 507/3887/1797 504/281/1799 506/2883/1800
f 509/3526/1801 507/3887/1802 506/2883/1803
f 509/3526/1801 506/2883/1803 508/1607/1804
f 493/3402/1805 511/405/1806 512/1690/1807
f 493/3402/1805 512/1690/1807 510/2131/1808
f 511/405/1809 513/420/1810 514/3828/1811
f 511/405/1809 514/3828/1811 512/1690/1812
f 513/420/1813 515/2502/1814 516/1212/1815
f 513/420/1813 516/1212/1815 514/3828/1816
f 515/2502/1817 517/825/1818 518/2691/1819
f 515/2502/1817 518/2691/1819 516/1212/1820
f 517/825/1821 519/2324/1822 520/4440/1823
f 517/825/1821 520/4440/1823 518/2691/1824
f 522/2863/1825 523/2904/1826 494/1223/1827
f 522/2863/1825 494/1223/1827 521/3474/1828
f 525/3325/1829 522/2863/1830 521/3474/1831
f 525/3325/1829 521/3474/1831 524/3540/1832
f 527/1961/1833 525/3325/1834 524/3540/1835
f 527/1961/1833 524/3540/1835 526/2592/1836
f 529/1634/1837 527/1961/1838 526/2592/1839
f 529/1634/1837 526/2592/1839 528/1116/1840
f 531/1953/1841 529/1634/1842 528/1116/1843
f 531/1953/1841 528/1116/1843 530/119/1844
f 519/2324/1845 498/4267/1846 497/3399/1847
f 519/2324/1845 497/3399/1847 520/4440/1848
f 496/1639/1849 531/1953/1850 530/119/1851
f 496/1639/1849 530/119/1851 499/607/1852
f 533/2039/1853 534/4013/1854 495/3807/1855
f 533/2039/1853 495/3807/1855 532/3567/1856
f 536/107/1857 533/2039/1858 532/3567/1859
f 536/107/1857 532/3567/1859 535/2774/1860
f 538/2556/1861 536/107/1862 535/2774/1863
f 538/2556/1861 535/2774/1863 537/1613/1864
f 540/988/1865 538/2556/1866 537/1613/1867
f 540/988/1865 537/1613/1867 539/2508/1868
f 542/3702/1869 540/988/1870 539/2508/1871
f 542/3702/1869 539/2508/1871 541/2752/1872
f 499/4373/1873 509/3526/1874 508/1607/1875
f 499/4373/1873 508/1607/1875 497/1898/1876
f 498/62/1877 542/3702/1878 541/2752/1879
f 498/62/1877 541/2752/1879 496/933/1880
f 480/677/1881 444/3562/1882 496/933/1883
f 480/677/1881 496/933/1883 541/2752/1884
f 479/2661/1885 572/1510/1886 510/2131/1887
f 479/2661/1885 510/2131/1887 512/1690/1888
f 459/3385/1889 461/1373/1890 529/1634/1891
f 459/3385/1889 529/1634/1891 531/1953/1892
f 478/3205/1893 476/3680/1894 513/420/1895
f 478/3205/1893 513/420/1895 511/405/1896
f 460/3430/1897 458/1197/1898 530/119/1899
f 460/3430/1897 530/119/1899 528/1116/1900
f 470/4523/1901 443/4626/1902 498/4267/1903
f 470/4523/1901 498/4267/1903 519/2324/1904
f 477/1591/1905 479/2661/1906 512/1690/1907
f 477/1591/1905 512/1690/1907 514/3828/1908
f 446/2908/1909 471/2595/1910 520/4440/1911
f 446/2908/1909 520/4440/1911 497/3399/1912
f 476/3680/1913 474/3301/1914 515/2502/1915
f 476/3680/1913 515/2502/1915 513/420/1916
f 444/256/1917 459/3385/1918 531/1953/1919
f 444/256/1917 531/1953/1919 496/1639/1920
f 458/1197/1921 445/3914/1922 499/607/1923
f 458/1197/1921 499/607/1923 530/119/1924
f 475/1390/1925 477/1591/1926 514/3828/1927
f 475/1390/1925 514/3828/1927 516/1212/1928
f 474/3301/1929 472/2358/1930 517/825/1931
f 474/3301/1929 517/825/1931 515/2502/1932
f 489/3811/1933 595/2086/1934 534/4013/1935
f 489/3811/1933 534/4013/1935 533/2039/1936
f 456/1374/1937 457/3208/1938 491/2067/1939
f 456/1374/1937 491/2067/1939 501/1282/1940
f 473/2047/1941 475/1390/1942 516/1212/1943
f 473/2047/1941 516/1212/1943 518/2691/1944
f 490/268/1945 488/4307/1946 532/3567/1947
f 490/268/1945 532/3567/1947 495/3807/1948
f 472/2358/1949 470/4523/1950 519/2324/1951
f 472/2358/1949 519/2324/1951 517/825/1952
f 487/3198/1953 489/3811/1954 533/2039/1955
f 487/3198/1953 533/2039/1955 536/107/1956
f 471/2595/1957 473/2047/1958 518/2691/1959
f 471/2595/1957 518/2691/1959 520/4440/1960
f 454/1414/1961 456/1374/1962 501/1282/1963
f 454/1414/1961 501/1282/1963 503/917/1964
f 488/4307/1965 486/787/1966 535/2774/1967
f 488/4307/1965 535/2774/1967 532/3567/1968
f 455/3109/1969 453/3977/1970 502/1481/1971
f 455/3109/1969 502/1481/1971 500/253/1972
f 498/3041/1973 496/4314/1974 546/2226/1975
f 498/3041/1973 546/2226/1975 544/4204/1976
f 499/2319/1977 497/2975/1978 543/4583/1979
f 499/2319/1977 543/4583/1979 548/1301/1980
f 496/1534/1981 499/4582/1982 548/1507/1983
f 496/1534/1981 548/1507/1983 546/1207/1984
f 545/1004/1985 549/3459/1986 543/4012/1987
f 544/4559/1988 553/453/1989 551/1129/1990
f 544/4559/1988 551/1129/1990 545/1004/1991
f 546/682/1992 550/1874/1993 547/2676/1994
f 548/2816/1995 549/3459/1996 550/1874/1997
f 547/2676/1998 550/1874/1999 552/4315/2000
f 547/2676/1998 552/4315/2000 551/1129/2001
f 548/1301/2002 543/4583/2003 549/4058/2004
f 543/954/2005 544/4224/2006 545/1198/2007
f 544/4204/2008 546/2226/2009 547/380/2010
f 544/4204/2008 547/380/2010 553/3058/2011
f 546/1207/2012 548/1507/2013 550/3375/2014
f 545/1004/2015 552/4315/2016 549/3459/2017
usemtl brickwall1
f 551/4447/2018 553/3288/2019 547/2971/2020
usemtl stonetrims
f 549/3459/2021 552/4315/2022 550/1874/2023
f 551/1129/2024 552/4315/2025 545/1004/2026
f 422/404/2027 578/3710/2028 559/4493/2029
f 422/404/2027 559/4493/2029 1873/3855/2030
f 469/4002/2031 494/1223/2032 566/1822/2033
f 469/4002/2031 566/1822/2033 561/2394/2034
f 457/299/2035 2160/324/2036 2308/3595/2037
f 457/299/2035 2308/3595/2037 558/3254/2038
f 2154/2369/2039 469/965/2040 561/3604/2041
f 2154/2369/2039 561/3604/2041 555/2610/2042
f 510/2131/2043 572/1510/2044 577/1242/2045
f 510/2131/2043 577/1242/2045 568/502/2046
f 468/3370/2047 432/3171/2048 556/1964/2049
f 468/3370/2047 556/1964/2049 560/2786/2050
f 495/3807/2051 534/4013/2052 570/1955/2053
f 495/3807/2051 570/1955/2053 567/1310/2054
f 491/2067/2055 457/3208/2056 558/4644/2057
f 491/2067/2055 558/4644/2057 563/2679/2058
f 523/2904/2059 468/1358/2060 560/185/2061
f 523/2904/2059 560/185/2061 569/1819/2062
f 438/10/2063 490/4162/2064 562/2260/2065
f 438/10/2063 562/2260/2065 557/2253/2066
f 493/3402/2067 510/2131/2068 568/502/2069
f 493/3402/2067 568/502/2069 565/1337/2070
f 534/4013/2071 595/2086/2072 592/3467/2073
f 534/4013/2071 592/3467/2073 570/1955/2074
f 595/2775/2075 1517/3376/2076 554/2115/2077
f 595/2775/2075 554/2115/2077 592/839/2078
f 494/1223/2079 523/2904/2080 569/1819/2081
f 494/1223/2079 569/1819/2081 566/1822/2082
f 572/635/2083 1753/1702/2084 1874/3707/2085
f 572/635/2083 1874/3707/2085 577/3471/2086
f 492/4384/2087 491/2067/2088 563/2679/2089
f 492/4384/2087 563/2679/2089 564/1435/2090
f 1523/3945/2091 585/4524/2092 594/312/2093
f 1523/3945/2091 594/312/2093 1654/1349/2094
f 490/268/2095 495/3807/2096 567/1310/2097
f 490/268/2095 567/1310/2097 562/2953/2098
f 497/271/2099 498/136/2100 544/4224/2101
f 497/271/2099 544/4224/2101 543/954/2102
f 584/76/2103 580/489/2104 1756/4358/2105
f 584/76/2103 1756/4358/2105 423/4397/2106
f 575/2443/2107 582/224/2108 1751/1175/2109
f 575/2443/2107 1751/1175/2109 424/1872/2110
f 574/34/2111 578/3710/2112 422/404/2113
f 574/34/2111 422/404/2113 1755/573/2114
f 578/192/2115 455/3109/2116 500/253/2117
f 578/192/2115 500/253/2117 492/4384/2118
usemtl brickwall1
f 579/149/2119 576/1489/2120 475/1486/2121
f 579/149/2119 475/1486/2121 473/2046/2122
f 576/1489/2123 573/2711/2124 477/3016/2125
f 576/1489/2123 477/3016/2125 475/1486/2126
usemtl stonetrims
f 559/18/2127 578/192/2128 492/4384/2129
f 559/18/2127 492/4384/2129 564/1435/2130
f 580/489/2131 575/2443/2132 424/1872/2133
f 580/489/2131 424/1872/2133 1756/4358/2134
f 582/224/2135 574/34/2136 1755/573/2137
f 582/224/2135 1755/573/2137 1751/1175/2138
usemtl brickwall1
f 581/882/2139 579/149/2140 473/2046/2141
f 581/882/2139 473/2046/2141 471/873/2142
f 571/2112/2143 581/882/2144 471/873/2145
f 571/2112/2143 471/873/2145 446/2893/2146
usemtl stonetrims
f 571/3262/2147 584/76/2148 423/4397/2149
f 571/3262/2147 423/4397/2149 1757/1521/2150
usemtl brickwall1
f 573/2711/2151 583/1230/2152 479/2658/2153
f 573/2711/2151 479/2658/2153 477/3016/2154
f 583/1230/2155 572/2148/2156 479/2658/2157
f 587/3142/2158 596/2419/2159 472/871/2160
f 587/3142/2158 472/871/2160 474/2544/2161
f 585/2291/2162 593/1417/2163 478/2909/2164
f 596/2419/2165 588/3814/2166 470/4426/2167
f 596/2419/2165 470/4426/2167 472/871/2168
usemtl stonetrims
f 589/3935/2169 599/3806/2170 421/746/2171
f 589/3935/2169 421/746/2171 419/180/2172
f 591/3763/2173 589/3935/2174 419/180/2175
f 591/3763/2173 419/180/2175 1526/438/2176
f 590/3225/2177 598/323/2178 1518/1241/2179
f 590/3225/2177 1518/1241/2179 1521/3367/2180
f 595/2775/2181 597/3190/2182 417/1846/2183
f 595/2775/2181 417/1846/2183 1517/3376/2184
f 585/3161/2185 478/3205/2186 511/405/2187
f 585/3161/2185 511/405/2187 493/3402/2188
usemtl brickwall1
f 593/1417/2189 586/3556/2190 476/2743/2191
f 593/1417/2189 476/2743/2191 478/2909/2192
f 586/3556/2193 587/3142/2194 474/2544/2195
f 586/3556/2193 474/2544/2195 476/2743/2196
f 588/3814/2197 599/3721/2198 443/464/2199
f 588/3814/2197 443/464/2199 470/4426/2200
usemtl stonetrims
f 598/323/2201 591/3763/2202 1526/438/2203
f 598/323/2201 1526/438/2203 1518/1241/2204
f 597/3190/2205 590/3225/2206 1521/3367/2207
f 597/3190/2205 1521/3367/2207 417/1846/2208
f 594/4153/2209 585/3161/2210 493/3402/2211
f 594/4153/2209 493/3402/2211 565/1337/2212
usemtl brickwall1
f 604/3155/2213 610/3917/2214 465/3754/2215
f 604/3155/2213 465/3754/2215 463/2793/2216
f 610/3917/2217 606/334/2218 467/1880/2219
f 610/3917/2217 467/1880/2219 465/3754/2220
f 603/4389/2221 609/2527/2222 461/602/2223
f 603/4389/2221 461/602/2223 459/4614/2224
usemtl stonetrims
f 607/3304/2225 602/734/2226 431/2203/2227
f 607/3304/2225 431/2203/2227 430/3173/2228
f 600/4006/2229 601/1344/2230 435/695/2231
f 600/4006/2229 435/695/2231 434/3293/2232
f 605/862/2233 607/3304/2234 430/3173/2235
f 605/862/2233 430/3173/2235 439/142/2236
usemtl brickwall1
f 608/1746/2237 603/4389/2238 459/4614/2239
f 608/1746/2237 459/4614/2239 444/4213/2240
f 606/334/2241 468/3386/2242 467/1880/2243
f 609/2527/2244 604/3155/2245 463/2793/2246
f 609/2527/2244 463/2793/2246 461/602/2247
usemtl stonetrims
f 608/3144/2248 605/862/2249 439/142/2250
f 608/3144/2248 439/142/2250 442/3285/2251
f 602/734/2252 600/4006/2253 434/3293/2254
f 602/734/2252 434/3293/2254 431/2203/2255
f 601/1344/2256 490/4162/2257 438/10/2258
f 601/1344/2256 438/10/2258 435/695/2259
usemtl brickwall1
f 621/3004/2260 614/2576/2261 462/1455/2262
f 621/3004/2260 462/1455/2262 464/618/2263
usemtl stonetrims
f 619/3091/2264 611/2037/2265 2157/2497/2266
f 619/3091/2264 2157/2497/2266 425/2771/2267
f 620/2184/2268 618/327/2269 2152/3771/2270
f 620/2184/2268 2152/3771/2270 427/469/2271
f 615/1149/2272 613/3423/2273 426/3363/2274
f 615/1149/2272 426/3363/2274 428/3130/2275
usemtl brickwall1
f 614/2576/2276 617/2703/2277 460/3092/2278
f 614/2576/2276 460/3092/2278 462/1455/2279
f 469/218/2280 616/2205/2281 466/3853/2282
f 617/2703/2283 612/1250/2284 458/766/2285
f 617/2703/2283 458/766/2285 460/3092/2286
f 616/2205/2287 621/3004/2288 464/618/2289
f 616/2205/2287 464/618/2289 466/3853/2290
f 612/1250/2291 613/588/2292 445/3955/2293
f 612/1250/2291 445/3955/2293 458/766/2294
usemtl stonetrims
f 618/327/2295 619/3091/2296 425/2771/2297
f 618/327/2295 425/2771/2297 2152/3771/2298
f 457/299/2299 620/2184/2300 427/469/2301
f 457/299/2299 427/469/2301 2160/324/2302
f 611/2037/2303 615/1149/2304 428/3130/2305
f 611/2037/2303 428/3130/2305 2157/2497/2306
f 623/4235/2307 628/333/2308 817/2833/2309
f 623/4235/2307 817/2833/2309 806/219/2310
usemtl brickwall1
f 665/287/2311 667/1147/2312 798/1265/2313
f 665/287/2311 798/1265/2313 802/3665/2314
f 667/1147/2315 669/2617/2316 793/4175/2317
f 667/1147/2315 793/4175/2317 798/1265/2318
f 669/2617/2319 671/3266/2320 800/3586/2321
f 669/2617/2319 800/3586/2321 793/4175/2322
f 671/3266/2323 673/4113/2324 792/1533/2325
f 671/3266/2323 792/1533/2325 800/3586/2326
f 673/4113/2327 796/3294/2328 792/1533/2329
f 662/3258/2330 698/158/2331 823/2586/2332
f 662/3258/2330 823/2586/2332 826/743/2333
f 668/2336/2334 829/553/2335 837/4371/2336
f 668/2336/2334 837/4371/2336 670/3970/2337
f 670/3970/2338 837/4371/2339 836/3398/2340
f 670/3970/2338 836/3398/2340 672/1732/2341
f 672/1732/2342 836/3398/2343 838/4506/2344
f 672/1732/2342 838/4506/2344 674/2033/2345
f 674/2033/2346 838/4506/2347 675/2048/2348
usemtl stonetrims
f 658/1334/2349 659/4184/2350 827/4627/2351
f 658/1334/2349 827/4627/2351 821/3062/2352
f 637/3592/2353 641/908/2354 799/4571/2355
f 637/3592/2353 799/4571/2355 789/2247/2356
usemtl brickwall1
f 699/2531/2357 807/2701/2358 809/500/2359
f 699/2531/2357 809/500/2359 701/758/2360
f 701/758/2361 809/500/2362 816/3674/2363
f 701/758/2361 816/3674/2363 703/3289/2364
f 703/3289/2365 816/3674/2366 808/2435/2367
f 703/3289/2365 808/2435/2367 705/4669/2368
f 705/4669/2369 808/2435/2370 815/59/2371
f 705/4669/2369 815/59/2371 707/2010/2372
f 707/2010/2373 815/59/2374 813/4661/2375
f 664/1895/2376 665/287/2377 802/3665/2378
f 664/1895/2376 802/3665/2378 789/1138/2379
f 700/2518/2380 702/778/2381 820/3075/2382
f 700/2518/2380 820/3075/2382 825/4098/2383
f 702/778/2384 704/29/2385 818/737/2386
f 702/778/2384 818/737/2386 820/3075/2387
f 704/29/2388 706/4000/2389 819/1932/2390
f 704/29/2388 819/1932/2390 818/737/2391
f 706/4000/2392 708/3073/2393 819/1932/2394
f 698/158/2395 700/2518/2396 825/4098/2397
f 698/158/2395 825/4098/2397 823/2586/2398
usemtl stonetrims
f 640/4286/2399 631/208/2400 801/3327/2401
f 640/4286/2399 801/3327/2401 791/154/2402
f 632/3902/2403 636/1637/2404 794/3992/2405
f 632/3902/2403 794/3992/2405 797/3588/2406
f 631/208/2407 635/4355/2408 790/4329/2409
f 631/208/2407 790/4329/2409 801/3327/2410
f 636/1637/2411 640/4286/2412 791/154/2413
f 636/1637/2411 791/154/2413 794/3992/2414
usemtl brickwall1
f 666/2485/2415 833/2825/2416 829/553/2417
f 666/2485/2415 829/553/2417 668/2336/2418
usemtl stonetrims
f 624/4350/2419 862/2071/2420 804/1503/2421
f 624/4350/2419 804/1503/2421 811/4015/2422
f 859/811/2423 625/3057/2424 814/1915/2425
f 859/811/2423 814/1915/2425 805/3989/2426
f 660/2273/2427 658/1334/2428 821/3062/2429
f 660/2273/2427 821/3062/2429 826/574/2430
f 865/970/2431 624/4350/2432 811/4015/2433
f 865/970/2431 811/4015/2433 803/3574/2434
f 862/2071/2435 859/811/2436 805/3989/2437
f 862/2071/2435 805/3989/2437 804/1503/2438
f 625/3057/2439 623/4235/2440 806/219/2441
f 625/3057/2439 806/219/2441 814/1915/2442
f 1951/1/2443 1945/4043/2444 686/2359/2445
f 1951/1/2443 686/2359/2445 824/4647/2446
f 655/508/2447 657/163/2448 828/35/2449
f 655/508/2447 828/35/2449 822/2782/2450
f 641/908/2451 632/3902/2452 797/3588/2453
f 641/908/2451 797/3588/2453 799/4571/2454
f 657/163/2455 1951/1/2456 824/4647/2457
f 657/163/2455 824/4647/2457 828/35/2458
f 659/4184/2459 655/508/2460 822/2782/2461
f 659/4184/2459 822/2782/2461 827/4627/2462
usemtl brickwall1
f 661/4151/2463 817/2741/2464 807/2701/2465
f 661/4151/2463 807/2701/2465 699/2531/2466
usemtl stonetrims
f 644/1635/2467 653/1531/2468 834/1722/2469
f 644/1635/2467 834/1722/2469 687/4671/2470
f 649/2072/2471 645/2602/2472 832/2660/2473
f 649/2072/2471 832/2660/2473 839/4253/2474
f 654/589/2475 650/3444/2476 830/4372/2477
f 654/589/2475 830/4372/2477 835/2854/2478
usemtl brickwall1
f 663/3002/2479 831/4283/2480 833/2825/2481
f 663/3002/2479 833/2825/2481 666/2485/2482
usemtl stonetrims
f 653/1531/2483 649/2072/2484 839/4253/2485
f 653/1531/2483 839/4253/2485 834/1722/2486
f 645/2602/2487 654/589/2488 835/2854/2489
f 645/2602/2487 835/2854/2489 832/2660/2490
f 650/3444/2491 647/4057/2492 831/2437/2493
f 650/3444/2491 831/2437/2493 830/4372/2494
f 680/2664/2495 678/2440/2496 746/121/2497
f 680/2664/2495 746/121/2497 744/1609/2498
f 661/325/2499 699/1646/2500 760/2708/2501
f 661/325/2499 760/2708/2501 716/3786/2502
f 679/374/2503 681/170/2504 745/944/2505
f 679/374/2503 745/944/2505 747/637/2506
f 665/2604/2507 664/3897/2508 715/887/2509
f 665/2604/2507 715/887/2509 726/603/2510
f 663/1561/2511 666/884/2512 727/2506/2513
f 663/1561/2511 727/2506/2513 717/3421/2514
f 667/1236/2515 665/2604/2516 726/603/2517
f 667/1236/2515 726/603/2517 724/1885/2518
f 682/4062/2519 680/2664/2520 744/1609/2521
f 682/4062/2519 744/1609/2521 742/2521/2522
f 700/3030/2523 698/4391/2524 759/1755/2525
f 700/3030/2523 759/1755/2525 757/1536/2526
f 666/884/2527 668/3358/2528 725/2923/2529
f 666/884/2527 725/2923/2529 727/2506/2530
f 681/170/2531 683/3862/2532 743/2318/2533
f 681/170/2531 743/2318/2533 745/944/2534
f 699/1646/2535 701/4017/2536 758/4686/2537
f 699/1646/2535 758/4686/2537 760/2708/2538
f 669/3036/2539 667/1236/2540 724/1885/2541
f 669/3036/2539 724/1885/2541 722/3997/2542
f 684/2818/2543 682/4062/2544 742/2521/2545
f 684/2818/2543 742/2521/2545 739/2469/2546
f 702/2575/2547 700/3030/2548 757/1536/2549
f 702/2575/2547 757/1536/2549 755/612/2550
f 668/3358/2551 670/3200/2552 723/1186/2553
f 668/3358/2551 723/1186/2553 725/2923/2554
f 683/3862/2555 685/313/2556 740/1869/2557
f 683/3862/2555 740/1869/2557 743/2318/2558
f 701/4017/2559 703/4503/2560 756/1583/2561
f 701/4017/2559 756/1583/2561 758/4686/2562
f 671/3021/2563 669/3036/2564 722/3997/2565
f 671/3021/2563 722/3997/2565 720/472/2566
f 687/3046/2567 684/2818/2568 739/2469/2569
f 687/3046/2567 739/2469/2569 712/247/2570
f 704/4488/2571 702/2575/2572 755/612/2573
f 704/4488/2571 755/612/2573 753/1789/2574
f 670/3200/2575 672/415/2576 721/4615/2577
f 670/3200/2575 721/4615/2577 723/1186/2578
f 703/4503/2579 705/2177/2580 754/3826/2581
f 703/4503/2579 754/3826/2581 756/1583/2582
f 685/313/2583 686/361/2584 741/1902/2585
f 685/313/2583 741/1902/2585 740/1869/2586
f 719/280/2587 709/1075/2588 710/3439/2589
f 719/280/2587 710/3439/2589 718/3960/2590
f 721/4615/2591 719/280/2592 718/3960/2593
f 721/4615/2591 718/3960/2593 720/472/2594
f 723/1186/2595 721/4615/2596 720/472/2597
f 723/1186/2595 720/472/2597 722/3997/2598
f 725/2923/2599 723/1186/2600 722/3997/2601
f 725/2923/2599 722/3997/2601 724/1885/2602
f 727/2506/2603 725/2923/2604 724/1885/2605
f 727/2506/2603 724/1885/2605 726/603/2606
f 711/2416/2607 729/4092/2608 730/678/2609
f 711/2416/2607 730/678/2609 728/1158/2610
f 729/4092/2611 731/4102/2612 732/2864/2613
f 729/4092/2611 732/2864/2613 730/678/2614
f 731/4102/2615 733/1528/2616 734/235/2617
f 731/4102/2615 734/235/2617 732/2864/2618
f 733/1528/2619 735/4528/2620 736/1697/2621
f 733/1528/2619 736/1697/2621 734/235/2622
f 735/4528/2623 737/1371/2624 738/3499/2625
f 735/4528/2623 738/3499/2625 736/1697/2626
f 740/1869/2627 741/1902/2628 712/247/2629
f 740/1869/2627 712/247/2629 739/2469/2630
f 743/2318/2631 740/1869/2632 739/2469/2633
f 743/2318/2631 739/2469/2633 742/2521/2634
f 745/944/2635 743/2318/2636 742/2521/2637
f 745/944/2635 742/2521/2637 744/1609/2638
f 747/637/2639 745/944/2640 744/1609/2641
f 747/637/2639 744/1609/2641 746/121/2642
f 749/932/2643 747/637/2644 746/121/2645
f 749/932/2643 746/121/2645 748/3845/2646
f 737/1371/2647 716/3308/2648 715/2411/2649
f 737/1371/2647 715/2411/2649 738/3499/2650
f 714/3812/2651 749/932/2652 748/3845/2653
f 714/3812/2651 748/3845/2653 717/4304/2654
f 751/1042/2655 752/3059/2656 713/2834/2657
f 751/1042/2655 713/2834/2657 750/2552/2658
f 754/3826/2659 751/1042/2660 750/2552/2661
f 754/3826/2659 750/2552/2661 753/1789/2662
f 756/1583/2663 754/3826/2664 753/1789/2665
f 756/1583/2663 753/1789/2665 755/612/2666
f 758/4686/2667 756/1583/2668 755/612/2669
f 758/4686/2667 755/612/2669 757/1536/2670
f 760/2708/2671 758/4686/2672 757/1536/2673
f 760/2708/2671 757/1536/2673 759/1755/2674
f 717/3421/2675 727/2506/2676 726/603/2677
f 717/3421/2675 726/603/2677 715/887/2678
f 716/3786/2679 760/2708/2680 759/1755/2681
f 716/3786/2679 759/1755/2681 714/4638/2682
f 698/4391/2683 662/2547/2684 714/4638/2685
f 698/4391/2683 714/4638/2685 759/1755/2686
f 697/1678/2687 790/503/2688 728/1158/2689
f 697/1678/2687 728/1158/2689 730/678/2690
f 677/2392/2691 679/374/2692 747/637/2693
f 677/2392/2691 747/637/2693 749/932/2694
f 696/2181/2695 694/2690/2696 731/4102/2697
f 696/2181/2695 731/4102/2697 729/4092/2698
f 678/2440/2699 676/210/2700 748/3845/2701
f 678/2440/2699 748/3845/2701 746/121/2702
f 688/3568/2703 661/3677/2704 716/3308/2705
f 688/3568/2703 716/3308/2705 737/1371/2706
f 695/583/2707 697/1678/2708 730/678/2709
f 695/583/2707 730/678/2709 732/2864/2710
f 664/1904/2711 689/1611/2712 738/3499/2713
f 664/1904/2711 738/3499/2713 715/2411/2714
f 694/2690/2715 692/2302/2716 733/1528/2717
f 694/2690/2715 733/1528/2717 731/4102/2718
f 662/3962/2719 677/2392/2720 749/932/2721
f 662/3962/2719 749/932/2721 714/3812/2722
f 676/210/2723 663/2949/2724 717/4304/2725
f 676/210/2723 717/4304/2725 748/3845/2726
f 693/390/2727 695/583/2728 732/2864/2729
f 693/390/2727 732/2864/2729 734/235/2730
f 692/2302/2731 690/1411/2732 735/4528/2733
f 692/2302/2731 735/4528/2733 733/1528/2734
f 707/2840/2735 813/1097/2736 752/3059/2737
f 707/2840/2735 752/3059/2737 751/1042/2738
f 674/375/2739 675/2186/2740 709/1075/2741
f 674/375/2739 709/1075/2741 719/280/2742
f 691/1056/2743 693/390/2744 734/235/2745
f 691/1056/2743 734/235/2745 736/1697/2746
f 708/3979/2747 706/1816/2748 750/2552/2749
f 708/3979/2747 750/2552/2749 713/2834/2750
f 690/1411/2751 688/3568/2752 737/1371/2753
f 690/1411/2751 737/1371/2753 735/4528/2754
f 705/2177/2755 707/2840/2756 751/1042/2757
f 705/2177/2755 751/1042/2757 754/3826/2758
f 689/1611/2759 691/1056/2760 736/1697/2761
f 689/1611/2759 736/1697/2761 738/3499/2762
f 672/415/2763 674/375/2764 719/280/2765
f 672/415/2763 719/280/2765 721/4615/2766
f 706/1816/2767 704/4488/2768 753/1789/2769
f 706/1816/2767 753/1789/2769 750/2552/2770
f 673/2073/2771 671/3021/2772 720/472/2773
f 673/2073/2771 720/472/2773 718/3960/2774
f 716/2017/2775 714/3364/2776 764/1271/2777
f 716/2017/2775 764/1271/2777 762/3249/2778
f 717/1364/2779 715/1954/2780 761/3626/2781
f 717/1364/2779 761/3626/2781 766/296/2782
f 714/527/2783 717/3625/2784 766/496/2785
f 714/527/2783 766/496/2785 764/229/2786
f 763/4/2787 767/2456/2788 761/3055/2789
f 762/3608/2790 771/4141/2791 769/129/2792
f 762/3608/2790 769/129/2792 763/4/2793
f 764/4392/2794 768/866/2795 765/1688/2796
f 766/1831/2797 767/2456/2798 768/866/2799
f 765/1688/2800 768/866/2801 770/3365/2802
f 765/1688/2800 770/3365/2802 769/129/2803
f 766/296/2804 761/3626/2805 767/3107/2806
f 761/4658/2807 762/3270/2808 763/215/2809
f 762/3249/2810 764/1271/2811 765/4075/2812
f 762/3249/2810 765/4075/2812 771/2029/2813
f 764/229/2814 766/496/2815 768/2370/2816
f 763/4/2817 770/3365/2818 767/2456/2819
usemtl brickwall1
f 769/1940/2820 771/2282/2821 765/1950/2822
usemtl stonetrims
f 767/2456/2823 770/3365/2824 768/866/2825
f 769/129/2826 770/3365/2827 763/4/2828
f 629/4629/2829 796/2721/2830 777/3548/2831
f 629/4629/2829 777/3548/2831 772/3131/2832
f 687/3046/2833 712/247/2834 784/817/2835
f 687/3046/2833 784/817/2835 779/1439/2836
f 675/4019/2837 651/647/2838 775/2901/2839
f 675/4019/2837 775/2901/2839 776/2241/2840
f 644/1635/2841 687/4671/2842 779/2596/2843
f 644/1635/2841 779/2596/2843 774/2716/2844
f 728/1158/2845 790/503/2846 795/260/2847
f 728/1158/2845 795/260/2847 786/4190/2848
f 686/2359/2849 1945/4043/2850 2082/4421/2851
f 686/2359/2849 2082/4421/2851 778/1803/2852
f 713/2834/2853 752/3059/2854 788/936/2855
f 713/2834/2853 788/936/2855 785/309/2856
f 709/1075/2857 675/2186/2858 776/3695/2859
f 709/1075/2857 776/3695/2859 781/1691/2860
f 741/1902/2861 686/361/2862 778/3910/2863
f 741/1902/2861 778/3910/2863 787/814/2864
f 1949/300/2865 708/3216/2866 780/1302/2867
f 1949/300/2865 780/1302/2867 2083/46/2868
f 711/2416/2869 728/1158/2870 786/4190/2871
f 711/2416/2869 786/4190/2871 783/338/2872
f 752/3059/2873 813/1097/2874 810/2466/2875
f 752/3059/2873 810/2466/2875 788/936/2876
f 813/1791/2877 860/1501/2878 990/3306/2879
f 813/1791/2877 990/3306/2879 810/4537/2880
f 712/247/2881 741/1902/2882 787/814/2883
f 712/247/2881 787/814/2883 784/817/2884
f 790/4329/2885 635/4355/2886 773/4475/2887
f 790/4329/2885 773/4475/2887 795/2467/2888
f 710/3439/2889 709/1075/2890 781/1691/2891
f 710/3439/2889 781/1691/2891 782/427/2892
f 865/970/2893 803/3574/2894 812/4028/2895
f 865/970/2893 812/4028/2895 991/760/2896
f 708/3979/2897 713/2834/2898 785/309/2899
f 708/3979/2897 785/309/2899 780/1941/2900
f 715/3990/2901 716/3865/2902 762/3270/2903
f 715/3990/2901 762/3270/2903 761/4658/2904
f 802/3797/2905 798/4179/2906 633/42/2907
f 802/3797/2905 633/42/2907 630/3996/2908
f 793/1463/2909 800/3933/2910 638/1472/2911
f 793/1463/2909 638/1472/2911 634/3138/2912
f 792/3772/2913 796/2721/2914 629/4629/2915
f 792/3772/2913 629/4629/2915 639/3883/2916
f 796/3918/2917 673/2073/2918 718/3960/2919
f 796/3918/2917 718/3960/2919 710/3439/2920
usemtl brickwall1
f 797/3884/2921 794/482/2922 693/480/2923
f 797/3884/2921 693/480/2923 691/1055/2924
f 794/482/2925 791/1716/2926 695/1998/2927
f 794/482/2925 695/1998/2927 693/480/2928
usemtl stonetrims
f 777/3759/2929 796/3918/2930 710/3439/2931
f 777/3759/2929 710/3439/2931 782/427/2932
f 798/4179/2933 793/1463/2934 634/3138/2935
f 798/4179/2933 634/3138/2935 633/42/2936
f 800/3933/2937 792/3772/2938 639/3883/2939
f 800/3933/2937 639/3883/2939 638/1472/2940
usemtl brickwall1
f 799/4581/2941 797/3884/2942 691/1055/2943
f 799/4581/2941 691/1055/2943 689/4568/2944
f 789/1138/2945 799/4581/2946 689/4568/2947
f 789/1138/2945 689/4568/2947 664/1895/2948
usemtl stonetrims
f 789/2247/2949 802/3797/2950 630/3996/2951
f 789/2247/2949 630/3996/2951 637/3592/2952
usemtl brickwall1
f 791/1716/2953 801/251/2954 697/1673/2955
f 791/1716/2953 697/1673/2955 695/1998/2956
f 801/251/2957 790/1177/2958 697/1673/2959
f 805/2120/2960 814/1453/2961 690/4565/2962
f 805/2120/2960 690/4565/2962 692/1570/2963
f 803/1332/2964 811/419/2965 696/1905/2966
f 814/1453/2967 806/2847/2968 688/3483/2969
f 814/1453/2967 688/3483/2969 690/4565/2970
usemtl stonetrims
f 807/2982/2971 817/2833/2972 628/333/2973
f 807/2982/2971 628/333/2973 864/1738/2974
f 809/2772/2975 807/2982/2976 864/1738/2977
f 809/2772/2975 864/1738/2977 626/2105/2978
f 808/2199/2979 816/4034/2980 861/4061/2981
f 808/2199/2979 861/4061/2981 627/3732/2982
f 813/1791/2983 815/2172/2984 622/779/2985
f 813/1791/2983 622/779/2985 860/1501/2986
f 803/2145/2987 696/2181/2988 729/4092/2989
f 803/2145/2987 729/4092/2989 711/2416/2990
usemtl brickwall1
f 811/419/2991 804/2537/2992 694/1748/2993
f 811/419/2991 694/1748/2993 696/1905/2994
f 804/2537/2995 805/2120/2996 692/1570/2997
f 804/2537/2995 692/1570/2997 694/1748/2998
f 806/2847/2999 817/2741/3000 661/4151/3001
f 806/2847/2999 661/4151/3001 688/3483/3002
usemtl stonetrims
f 816/4034/3003 809/2772/3004 626/2105/3005
f 816/4034/3003 626/2105/3005 861/4061/3006
f 815/2172/3007 808/2199/3008 627/3732/3009
f 815/2172/3007 627/3732/3009 622/779/3010
f 812/3202/3011 803/2145/3012 711/2416/3013
f 812/3202/3011 711/2416/3013 783/338/3014
usemtl brickwall1
f 822/2135/3015 828/2951/3016 683/2767/3017
f 822/2135/3015 683/2767/3017 681/1815/3018
f 828/2951/3019 824/4045/3020 685/876/3021
f 828/2951/3019 685/876/3021 683/2767/3022
f 821/3447/3023 827/1548/3024 679/4302/3025
f 821/3447/3023 679/4302/3025 677/3668/3026
usemtl stonetrims
f 825/2306/3027 820/4441/3028 1950/252/3029
f 825/2306/3027 1950/252/3029 1947/554/3030
f 818/3050/3031 819/344/3032 1946/971/3033
f 818/3050/3031 1946/971/3033 656/3557/3034
f 823/4555/3035 825/2306/3036 1947/554/3037
f 823/4555/3035 1947/554/3037 1952/1027/3038
usemtl brickwall1
f 826/743/3039 821/3447/3040 677/3668/3041
f 826/743/3039 677/3668/3041 662/3258/3042
f 824/4045/3043 686/2395/3044 685/876/3045
f 827/1548/3046 822/2135/3047 681/1815/3048
f 827/1548/3046 681/1815/3048 679/4302/3049
usemtl stonetrims
f 826/574/3050 823/4555/3051 1952/1027/3052
f 826/574/3050 1952/1027/3052 660/2273/3053
f 820/4441/3054 818/3050/3055 656/3557/3056
f 820/4441/3054 656/3557/3056 1950/252/3057
f 819/344/3058 708/3216/3059 1949/300/3060
f 819/344/3058 1949/300/3060 1946/971/3061
usemtl brickwall1
f 839/1989/3062 832/1600/3063 680/443/3064
f 839/1989/3062 680/443/3064 682/4313/3065
usemtl stonetrims
f 837/2060/3066 829/1038/3067 642/980/3068
f 837/2060/3066 642/980/3068 643/1785/3069
f 838/1208/3070 836/4038/3071 646/1079/3072
f 838/1208/3070 646/1079/3072 648/4292/3073
f 833/145/3074 831/2437/3075 647/4057/3076
f 833/145/3074 647/4057/3076 652/794/3077
usemtl brickwall1
f 832/1600/3078 835/1709/3079 678/2061/3080
f 832/1600/3078 678/2061/3080 680/443/3081
f 687/3931/3082 834/1233/3083 684/2888/3084
f 835/1709/3085 830/263/3086 676/4464/3087
f 835/1709/3085 676/4464/3087 678/2061/3088
f 834/1233/3089 839/1989/3090 682/4313/3091
f 834/1233/3089 682/4313/3091 684/2888/3092
f 830/263/3093 831/4283/3094 663/3002/3095
f 830/263/3093 663/3002/3095 676/4464/3096
usemtl stonetrims
f 836/4038/3097 837/2060/3098 643/1785/3099
f 836/4038/3097 643/1785/3099 646/1079/3100
f 675/4019/3101 838/1208/3102 648/4292/3103
f 675/4019/3101 648/4292/3103 651/647/3104
f 829/1038/3105 833/145/3106 652/794/3107
f 829/1038/3105 652/794/3107 642/980/3108
f 842/4330/3109 1087/3047/3110 1034/735/3111
f 842/4330/3109 1034/735/3111 1023/2878/3112
usemtl brickwall1
f 879/1224/3113 881/2074/3114 1015/724/3115
f 879/1224/3113 1015/724/3115 1019/1595/3116
f 881/2074/3117 883/423/3118 1010/3688/3119
f 881/2074/3117 1010/3688/3119 1015/724/3120
f 883/423/3121 885/1039/3122 1017/1515/3123
f 883/423/3121 1017/1515/3123 1010/3688/3124
f 885/1039/3125 887/385/3126 1009/4130/3127
f 885/1039/3125 1009/4130/3127 1017/1515/3128
f 887/385/3129 1013/1221/3130 1009/4130/3131
f 876/1030/3132 912/1103/3133 1040/521/3134
f 876/1030/3132 1040/521/3134 1043/239/3135
f 882/125/3136 1046/3218/3137 1054/2314/3138
f 882/125/3136 1054/2314/3138 884/206/3139
f 884/206/3140 1054/2314/3141 1053/1340/3142
f 884/206/3140 1053/1340/3142 886/2674/3143
f 886/2674/3144 1053/1340/3145 1055/2458/3146
f 886/2674/3144 1055/2458/3146 888/3011/3147
f 888/3011/3148 1055/2458/3149 889/4525/3150
usemtl stonetrims
f 871/2738/3151 873/1999/3152 1044/2582/3153
f 871/2738/3151 1044/2582/3153 1038/930/3154
f 854/3089/3155 858/406/3156 1016/4066/3157
f 854/3089/3155 1016/4066/3157 1006/200/3158
usemtl brickwall1
f 913/3509/3159 1024/2163/3160 1026/4654/3161
f 913/3509/3159 1026/4654/3161 915/1705/3162
f 915/1705/3163 1026/4654/3164 1033/3157/3165
f 915/1705/3163 1033/3157/3165 917/1065/3166
f 917/1065/3167 1033/3157/3168 1025/363/3169
f 917/1065/3167 1025/363/3169 919/2481/3170
f 919/2481/3171 1025/363/3172 1032/2710/3173
f 919/2481/3171 1032/2710/3173 921/2979/3174
f 921/2979/3175 1032/2710/3176 1030/4146/3177
f 878/4337/3178 879/1224/3179 1019/1595/3180
f 878/4337/3178 1019/1595/3180 1006/3775/3181
f 914/301/3182 916/3275/3183 1037/946/3184
f 914/301/3182 1037/946/3184 1042/2043/3185
f 916/3275/3186 918/975/3187 1035/230/3188
f 916/3275/3186 1035/230/3188 1037/946/3189
f 918/975/3190 920/1801/3191 1036/4534/3192
f 918/975/3190 1036/4534/3192 1035/230/3193
f 920/1801/3194 922/815/3195 1036/4534/3196
f 912/1103/3197 914/301/3198 1042/2043/3199
f 912/1103/3197 1042/2043/3199 1040/521/3200
usemtl stonetrims
f 857/3798/3201 848/4366/3202 1018/1267/3203
f 857/3798/3201 1018/1267/3203 1008/2814/3204
f 849/1847/3205 853/4236/3206 1011/1933/3207
f 849/1847/3205 1011/1933/3207 1014/3086/3208
f 848/4366/3209 852/3867/3210 1007/2274/3211
f 848/4366/3209 1007/2274/3211 1018/1267/3212
f 853/4236/3213 857/3798/3214 1008/2814/3215
f 853/4236/3213 1008/2814/3215 1011/1933/3216
usemtl brickwall1
f 880/3445/3217 1050/2268/3218 1046/3218/3219
f 880/3445/3217 1046/3218/3219 882/125/3220
usemtl stonetrims
f 843/4450/3221 841/2744/3222 1021/940/3223
f 843/4450/3221 1021/940/3223 1028/3519/3224
f 1084/2757/3225 1083/1490/3226 1031/4516/3227
f 1084/2757/3225 1031/4516/3227 1022/1931/3228
f 874/72/3229 871/2738/3230 1038/930/3231
f 874/72/3229 1038/930/3231 1043/56/3232
f 845/2727/3233 843/4450/3234 1028/3519/3235
f 845/2727/3233 1028/3519/3235 1020/1504/3236
f 841/2744/3237 1084/2757/3238 1022/1931/3239
f 841/2744/3237 1022/1931/3239 1021/940/3240
f 1083/1490/3241 842/4330/3242 1023/2878/3243
f 1083/1490/3241 1023/2878/3243 1031/4516/3244
f 872/4380/3245 869/2236/3246 900/3313/3247
f 872/4380/3245 900/3313/3247 1041/2603/3248
f 870/2529/3249 1733/3532/3250 1045/4199/3251
f 870/2529/3249 1045/4199/3251 1039/685/3252
f 858/406/3253 849/1847/3254 1014/3086/3255
f 858/406/3253 1014/3086/3255 1016/4066/3256
f 1733/3532/3257 872/4380/3258 1041/2603/3259
f 1733/3532/3257 1041/2603/3259 1045/4199/3260
f 873/1999/3261 870/2529/3262 1039/685/3263
f 873/1999/3261 1039/685/3263 1044/2582/3264
usemtl brickwall1
f 875/425/3265 1034/2196/3266 1024/2163/3267
f 875/425/3265 1024/2163/3267 913/3509/3268
usemtl stonetrims
f 860/17/3269 867/4007/3270 1051/4326/3271
f 860/17/3269 1051/4326/3271 901/2482/3272
f 627/3221/3273 861/4143/3274 1049/584/3275
f 627/3221/3273 1049/584/3275 1056/2197/3276
f 626/3079/3277 864/1204/3278 1047/2315/3279
f 626/3079/3277 1047/2315/3279 1052/753/3280
usemtl brickwall1
f 877/744/3281 1048/3794/3282 1050/2268/3283
f 877/744/3281 1050/2268/3283 880/3445/3284
usemtl stonetrims
f 867/4007/3285 627/3221/3286 1056/2197/3287
f 867/4007/3285 1056/2197/3287 1051/4326/3288
f 861/4143/3289 626/3079/3290 1052/753/3291
f 861/4143/3289 1052/753/3291 1049/584/3292
f 864/1204/3293 628/608/3294 1048/1920/3295
f 864/1204/3293 1048/1920/3295 1047/2315/3296
f 894/461/3297 892/214/3298 960/1063/3299
f 894/461/3297 960/1063/3299 958/2546/3300
f 875/2826/3301 913/4117/3302 974/3654/3303
f 875/2826/3301 974/3654/3303 930/1579/3304
f 893/1319/3305 895/2659/3306 959/3479/3307
f 893/1319/3305 959/3479/3307 961/3152/3308
f 879/3575/3309 878/120/3310 929/1856/3311
f 879/3575/3309 929/1856/3311 940/1568/3312
f 877/2501/3313 880/3387/3314 941/3469/3315
f 877/2501/3313 941/3469/3315 931/1193/3316
f 881/3728/3317 879/3575/3318 940/1568/3319
f 881/3728/3317 940/1568/3319 938/4327/3320
f 896/304/3321 894/461/3322 958/2546/3323
f 896/304/3321 958/2546/3323 956/305/3324
f 914/775/3325 912/643/3326 973/2695/3327
f 914/775/3325 973/2695/3327 971/2468/3328
f 880/3387/3329 882/1143/3330 939/3832/3331
f 880/3387/3329 939/3832/3331 941/3469/3332
f 895/2659/3333 897/1644/3334 957/3276/3335
f 895/2659/3333 957/3276/3335 959/3479/3336
f 913/4117/3337 915/259/3338 972/928/3339
f 913/4117/3337 972/928/3339 974/3654/3340
f 883/3940/3341 881/3728/3342 938/4327/3343
f 883/3940/3341 938/4327/3343 936/1796/3344
f 898/3751/3345 896/304/3346 956/305/3347
f 898/3751/3345 956/305/3347 953/3415/3348
f 916/3553/3349 914/775/3350 971/2468/3351
f 916/3553/3349 971/2468/3351 969/3136/3352
f 882/1143/3353 884/4108/3354 937/3678/3355
f 882/1143/3353 937/3678/3355 939/3832/3356
f 897/1644/3357 899/1259/3358 954/2799/3359
f 897/1644/3357 954/2799/3359 957/3276/3360
f 915/259/3361 917/2288/3362 970/4065/3363
f 915/259/3361 970/4065/3363 972/928/3364
f 885/769/3365 883/3940/3366 936/1796/3367
f 885/769/3365 936/1796/3367 934/2992/3368
f 901/3951/3369 898/3751/3370 953/3415/3371
f 901/3951/3369 953/3415/3371 926/2739/3372
f 918/2275/3373 916/3553/3374 969/3136/3375
f 918/2275/3373 969/3136/3375 967/2728/3376
f 884/4108/3377 886/1359/3378 935/2451/3379
f 884/4108/3377 935/2451/3379 937/3678/3380
f 917/2288/3381 919/4651/3382 968/52/3383
f 917/2288/3381 968/52/3383 970/4065/3384
f 899/1259/3385 900/2867/3386 955/4346/3387
f 899/1259/3385 955/4346/3387 954/2799/3388
f 933/1216/3389 923/2027/3390 924/1203/3391
f 933/1216/3389 924/1203/3391 932/1752/3392
f 935/2451/3393 933/1216/3394 932/1752/3395
f 935/2451/3393 932/1752/3395 934/2992/3396
f 937/3678/3397 935/2451/3398 934/2992/3399
f 937/3678/3397 934/2992/3399 936/1796/3400
f 939/3832/3401 937/3678/3402 936/1796/3403
f 939/3832/3401 936/1796/3403 938/4327/3404
f 941/3469/3405 939/3832/3406 938/4327/3407
f 941/3469/3405 938/4327/3407 940/1568/3408
f 925/187/3409 943/351/3410 944/3206/3411
f 925/187/3409 944/3206/3411 942/3648/3412
f 943/351/3413 945/1924/3414 946/3783/3415
f 943/351/3413 946/3783/3415 944/3206/3416
f 945/1924/3417 947/4001/3418 948/1178/3419
f 945/1924/3417 948/1178/3419 946/3783/3420
f 947/4001/3421 949/2320/3422 950/2640/3423
f 947/4001/3421 950/2640/3423 948/1178/3424
f 949/2320/3425 951/3840/3426 952/1268/3427
f 949/2320/3425 952/1268/3427 950/2640/3428
f 954/2799/3429 955/4346/3430 926/2739/3431
f 954/2799/3429 926/2739/3431 953/3415/3432
f 957/3276/3433 954/2799/3434 953/3415/3435
f 957/3276/3433 953/3415/3435 956/305/3436
f 959/3479/3437 957/3276/3438 956/305/3439
f 959/3479/3437 956/305/3439 958/2546/3440
f 961/3152/3441 959/3479/3442 958/2546/3443
f 961/3152/3441 958/2546/3443 960/1063/3444
f 963/3465/3445 961/3152/3446 960/1063/3447
f 963/3465/3445 960/1063/3447 962/1627/3448
f 951/3840/3449 930/1081/3450 929/186/3451
f 951/3840/3449 929/186/3451 952/1268/3452
f 928/1598/3453 963/3465/3454 962/1627/3455
f 928/1598/3453 962/1627/3455 931/567/3456
f 965/2000/3457 966/802/3458 927/3766/3459
f 965/2000/3457 927/3766/3459 964/3531/3460
f 968/52/3461 965/2000/3462 964/3531/3463
f 968/52/3461 964/3531/3463 967/2728/3464
f 970/4065/3465 968/52/3466 967/2728/3467
f 970/4065/3465 967/2728/3467 969/3136/3468
f 972/928/3469 970/4065/3470 969/3136/3471
f 972/928/3469 969/3136/3471 971/2468/3472
f 974/3654/3473 972/928/3474 971/2468/3475
f 974/3654/3473 971/2468/3475 973/2695/3476
f 931/1193/3477 941/3469/3478 940/1568/3479
f 931/1193/3477 940/1568/3479 929/1856/3480
f 930/1579/3481 974/3654/3482 973/2695/3483
f 930/1579/3481 973/2695/3483 928/909/3484
f 912/643/3485 876/3527/3486 928/909/3487
f 912/643/3485 928/909/3487 973/2695/3488
f 911/4147/3489 1007/3154/3490 942/3648/3491
f 911/4147/3489 942/3648/3491 944/3206/3492
f 891/172/3493 893/1319/3494 961/3152/3495
f 891/172/3493 961/3152/3495 963/3465/3496
f 910/4664/3497 908/3636/3498 945/1924/3499
f 910/4664/3497 945/1924/3499 943/351/3500
f 892/214/3501 890/1156/3502 962/1627/3503
f 892/214/3501 962/1627/3503 960/1063/3504
f 902/1354/3505 875/1478/3506 930/1081/3507
f 902/1354/3505 930/1081/3507 951/3840/3508
f 909/1549/3509 911/4147/3510 944/3206/3511
f 909/1549/3509 944/3206/3511 946/3783/3512
f 878/4351/3513 903/4088/3514 952/1268/3515
f 878/4351/3513 952/1268/3515 929/186/3516
f 908/3636/3517 906/3257/3518 947/4001/3519
f 908/3636/3517 947/4001/3519 945/1924/3520
f 876/1753/3521 891/172/3522 963/3465/3523
f 876/1753/3521 963/3465/3523 928/1598/3524
f 890/1156/3525 877/679/3526 931/567/3527
f 890/1156/3525 931/567/3527 962/1627/3528
f 907/1333/3529 909/1549/3530 946/3783/3531
f 907/1333/3529 946/3783/3531 948/1178/3532
f 906/3257/3533 904/2311/3534 949/2320/3535
f 906/3257/3533 949/2320/3535 947/4001/3536
f 921/592/3537 1030/3746/3538 966/802/3539
f 921/592/3537 966/802/3539 965/2000/3540
f 888/2877/3541 889/3162/3542 923/2027/3543
f 888/2877/3541 923/2027/3543 933/1216/3544
f 905/3576/3545 907/1333/3546 948/1178/3547
f 905/3576/3545 948/1178/3547 950/2640/3548
f 922/1776/3549 920/4257/3550 964/3531/3551
f 922/1776/3549 964/3531/3551 927/3766/3552
f 904/2311/3553 902/1354/3554 951/3840/3555
f 904/2311/3553 951/3840/3555 949/2320/3556
f 919/4651/3557 921/592/3558 965/2000/3559
f 919/4651/3557 965/2000/3559 968/52/3560
f 903/4088/3561 905/3576/3562 950/2640/3563
f 903/4088/3561 950/2640/3563 952/1268/3564
f 886/1359/3565 888/2877/3566 933/1216/3567
f 886/1359/3565 933/1216/3567 935/2451/3568
f 920/4257/3569 918/2275/3570 967/2728/3571
f 920/4257/3569 967/2728/3571 964/3531/3572
f 887/3064/3573 885/769/3574 934/2992/3575
f 887/3064/3573 934/2992/3575 932/1752/3576
f 930/2988/3577 928/1146/3578 978/3755/3579
f 930/2988/3577 978/3755/3579 976/1020/3580
f 931/3834/3581 929/2924/3582 975/1428/3583
f 931/3834/3581 975/1428/3583 980/1248/3584
f 928/3056/3585 931/1427/3586 980/1464/3587
f 928/3056/3585 980/1464/3587 978/2720/3588
f 977/2515/3589 981/246/3590 975/798/3591
f 976/1407/3592 985/416/3593 983/2626/3594
f 976/1407/3592 983/2626/3594 977/2515/3595
f 978/2187/3596 982/1823/3597 979/2627/3598
f 980/2764/3599 981/246/3600 982/1823/3601
f 979/2627/3602 982/1823/3603 984/1148/3604
f 979/2627/3602 984/1148/3604 983/2626/3605
f 980/1248/3606 975/1428/3607 981/856/3608
f 975/2476/3609 976/1045/3610 977/1163/3611
f 976/1020/3612 978/3755/3613 979/1881/3614
f 976/1020/3612 979/1881/3614 985/4508/3615
f 978/2720/3616 980/1464/3617 982/151/3618
f 977/2515/3619 984/1148/3620 981/246/3621
usemtl brickwall1
f 983/4396/3622 985/82/3623 979/4408/3624
usemtl stonetrims
f 981/246/3625 984/1148/3626 982/1823/3627
f 983/2626/3628 984/1148/3629 977/2515/3630
f 846/2589/3631 1013/633/3632 994/3038/3633
f 846/2589/3631 994/3038/3633 988/1519/3634
f 901/3951/3635 926/2739/3636 1001/3476/3637
f 901/3951/3635 1001/3476/3637 996/880/3638
f 889/264/3639 865/3163/3640 991/1287/3641
f 889/264/3639 991/1287/3641 993/191/3642
f 860/17/3643 901/2482/3644 996/531/3645
f 860/17/3643 996/531/3645 990/1098/3646
f 942/3648/3647 1007/3154/3648 1012/2921/3649
f 942/3648/3647 1012/2921/3649 1003/2134/3650
f 900/3313/3651 869/2236/3652 1870/2557/3653
f 900/3313/3651 1870/2557/3653 995/4398/3654
f 927/3766/3655 966/802/3656 1005/3609/3657
f 927/3766/3655 1005/3609/3657 1002/4468/3658
f 923/2027/3659 889/3162/3660 993/1619/3661
f 923/2027/3659 993/1619/3661 998/4294/3662
f 955/4346/3663 900/2867/3664 995/3389/3665
f 955/4346/3663 995/3389/3665 1004/3473/3666
f 1731/1303/3667 922/969/3668 997/3927/3669
f 1731/1303/3667 997/3927/3669 992/762/3670
f 925/187/3671 942/3648/3672 1003/2134/3673
f 925/187/3671 1003/2134/3673 1000/4499/3674
f 966/802/3675 1030/3746/3676 1027/1944/3677
f 966/802/3675 1027/1944/3677 1005/3609/3678
f 1030/1272/3679 1085/3427/3680 986/2070/3681
f 1030/1272/3679 986/2070/3681 1027/2493/3682
f 926/2739/3683 955/4346/3684 1004/3473/3685
f 926/2739/3683 1004/3473/3685 1001/3476/3686
f 1007/2274/3687 852/3867/3688 989/2930/3689
f 1007/2274/3687 989/2930/3689 1012/409/3690
f 924/1203/3691 923/2027/3692 998/4294/3693
f 924/1203/3691 998/4294/3693 999/4578/3694
f 845/2727/3695 1020/1504/3696 1029/3534/3697
f 845/2727/3695 1029/3534/3697 987/4212/3698
f 922/1776/3699 927/3766/3700 1002/4468/3701
f 922/1776/3699 1002/4468/3701 997/4548/3702
f 929/1784/3703 930/102/3704 976/1045/3705
f 929/1784/3703 976/1045/3705 975/2476/3706
f 1019/3278/3707 1015/3690/3708 850/4206/3709
f 1019/3278/3707 850/4206/3709 847/1936/3710
f 1010/4071/3711 1017/1882/3712 855/4078/3713
f 1010/4071/3711 855/4078/3713 851/1033/3714
f 1009/1695/3715 1013/633/3716 846/2589/3717
f 1009/1695/3715 846/2589/3717 856/3366/3718
f 1013/1863/3719 887/3064/3720 932/1752/3721
f 1013/1863/3719 932/1752/3721 924/1203/3722
usemtl brickwall1
f 1014/1824/3723 1011/3139/3724 907/3003/3725
f 1014/1824/3723 907/3003/3725 905/3577/3726
f 1011/3139/3727 1008/1195/3728 909/2974/3729
f 1011/3139/3727 909/2974/3729 907/3003/3730
usemtl stonetrims
f 994/3239/3731 1013/1863/3732 924/1203/3733
f 994/3239/3731 924/1203/3733 999/4578/3734
f 1015/3690/3735 1010/4071/3736 851/1033/3737
f 1015/3690/3735 851/1033/3737 850/4206/3738
f 1017/1882/3739 1009/1695/3740 856/3366/3741
f 1017/1882/3739 856/3366/3741 855/4078/3742
usemtl brickwall1
f 1016/4072/3743 1014/1824/3744 905/3577/3745
f 1016/4072/3743 905/3577/3745 903/2366/3746
f 1006/3775/3747 1016/4072/3748 903/2366/3749
f 1006/3775/3747 903/2366/3749 878/4337/3750
usemtl stonetrims
f 1006/200/3751 1019/3278/3752 847/1936/3753
f 1006/200/3751 847/1936/3753 854/3089/3754
usemtl brickwall1
f 1008/1195/3755 1018/2907/3756 911/4142/3757
f 1008/1195/3755 911/4142/3757 909/2974/3758
f 1018/2907/3759 1007/3810/3760 911/4142/3761
f 1022/53/3762 1031/4053/3763 904/2362/3764
f 1022/53/3762 904/2362/3764 906/4052/3765
f 1020/3947/3766 1028/4563/3767 910/2860/3768
f 1031/4053/3769 1023/748/3770 902/1252/3771
f 1031/4053/3769 902/1252/3771 904/2362/3772
usemtl stonetrims
f 1024/879/3773 1034/735/3774 1087/3047/3775
f 1024/879/3773 1087/3047/3775 1090/22/3776
f 1026/675/3777 1024/879/3778 1090/22/3779
f 1026/675/3777 1090/22/3779 844/1124/3780
f 1025/139/3781 1033/3542/3782 1086/1298/3783
f 1025/139/3781 1086/1298/3783 1089/3412/3784
f 1030/1272/3785 1032/1667/3786 840/4482/3787
f 1030/1272/3785 840/4482/3787 1085/3427/3788
f 1020/88/3789 910/4664/3790 943/351/3791
f 1020/88/3789 943/351/3791 925/187/3792
usemtl brickwall1
f 1028/4563/3793 1021/2021/3794 908/4205/3795
f 1028/4563/3793 908/4205/3795 910/2860/3796
f 1021/2021/3797 1022/53/3798 906/4052/3799
f 1021/2021/3797 906/4052/3799 908/4205/3800
f 1023/748/3801 1034/2196/3802 875/425/3803
f 1023/748/3801 875/425/3803 902/1252/3804
usemtl stonetrims
f 1033/3542/3805 1026/675/3806 844/1124/3807
f 1033/3542/3805 844/1124/3807 1086/1298/3808
f 1032/1667/3809 1025/139/3810 1089/3412/3811
f 1032/1667/3809 1089/3412/3811 840/4482/3812
f 1029/1112/3813 1020/88/3814 925/187/3815
f 1029/1112/3813 925/187/3815 1000/4499/3816
usemtl brickwall1
f 1039/78/3817 1045/2402/3818 897/3709/3819
f 1039/78/3817 897/3709/3819 895/4254/3820
f 1045/2402/3821 1041/3549/3822 899/1837/3823
f 1045/2402/3821 899/1837/3823 897/3709/3824
f 1038/1383/3825 1044/1007/3826 893/563/3827
f 1038/1383/3825 893/563/3827 891/4585/3828
usemtl stonetrims
f 1042/1811/3829 1037/2390/3830 1732/1231/3831
f 1042/1811/3829 1732/1231/3831 868/1807/3832
f 1035/923/3833 1036/4507/3834 1729/1523/3835
f 1035/923/3833 1729/1523/3835 1734/2778/3836
f 1040/2507/3837 1042/1811/3838 868/1807/3839
f 1040/2507/3837 868/1807/3839 1735/3132/3840
usemtl brickwall1
f 1043/239/3841 1038/1383/3842 891/4585/3843
f 1043/239/3841 891/4585/3843 876/1030/3844
f 1041/3549/3845 900/3340/3846 899/1837/3847
f 1044/1007/3848 1039/78/3849 895/4254/3850
f 1044/1007/3848 895/4254/3850 893/563/3851
usemtl stonetrims
f 1043/56/3852 1040/2507/3853 1735/3132/3854
f 1043/56/3852 1735/3132/3854 874/72/3855
f 1037/2390/3856 1035/923/3857 1734/2778/3858
f 1037/2390/3856 1734/2778/3858 1732/1231/3859
f 1036/4507/3860 922/969/3861 1731/1303/3862
f 1036/4507/3860 1731/1303/3862 1729/1523/3863
usemtl brickwall1
f 1056/4591/3864 1049/4200/3865 894/2957/3866
f 1056/4591/3864 894/2957/3866 896/571/3867
usemtl stonetrims
f 1054/4679/3868 1046/525/3869 625/2896/3870
f 1054/4679/3868 625/2896/3870 859/167/3871
f 1055/672/3872 1053/3544/3873 862/2643/3874
f 1055/672/3872 862/2643/3874 863/1642/3875
f 1050/2800/3876 1048/1920/3877 628/608/3878
f 1050/2800/3876 628/608/3878 866/1741/3879
usemtl brickwall1
f 1049/4200/3880 1052/4317/3881 892/3045/3882
f 1049/4200/3880 892/3045/3882 894/2957/3883
f 901/159/3884 1051/3874/3885 898/639/3886
f 1052/4317/3887 1047/2925/3888 890/710/3889
f 1052/4317/3887 890/710/3889 892/3045/3890
f 1051/3874/3891 1056/4591/3892 896/571/3893
f 1051/3874/3891 896/571/3893 898/639/3894
f 1047/2925/3895 1048/3794/3896 877/744/3897
f 1047/2925/3895 877/744/3897 890/710/3898
usemtl stonetrims
f 1053/3544/3899 1054/4679/3900 859/167/3901
f 1053/3544/3899 859/167/3901 862/2643/3902
f 889/264/3903 1055/672/3904 863/1642/3905
f 889/264/3903 863/1642/3905 865/3163/3906
f 1046/525/3907 1050/2800/3908 866/1741/3909
f 1046/525/3907 866/1741/3909 625/2896/3910
f 1059/2279/3911 1069/642/3912 1255/1471/3913
f 1059/2279/3911 1255/1471/3913 1244/3578/3914
usemtl brickwall1
f 1102/2540/3915 1104/3409/3916 1236/4577/3917
f 1102/2540/3915 1236/4577/3917 1240/2272/3918
f 1104/3409/3919 1106/1723/3920 1231/4356/3921
f 1104/3409/3919 1231/4356/3921 1236/4577/3922
f 1106/1723/3923 1108/818/3924 1238/2182/3925
f 1106/1723/3923 1238/2182/3925 1231/4356/3926
f 1108/818/3927 1110/1684/3928 1230/140/3929
f 1108/818/3927 1230/140/3929 1238/2182/3930
f 1110/1684/3931 1234/1938/3932 1230/140/3933
f 1099/2344/3934 1135/2441/3935 1261/1226/3936
f 1099/2344/3934 1261/1226/3936 1264/4080/3937
f 1105/1473/3938 1267/3911/3939 1275/3071/3940
f 1105/1473/3938 1275/3071/3940 1107/1539/3941
f 1107/1539/3942 1275/3071/3943 1274/2025/3944
f 1107/1539/3942 1274/2025/3944 1109/3994/3945
f 1109/3994/3946 1274/2025/3947 1276/3172/3948
f 1109/3994/3946 1276/3172/3948 1111/4263/3949
f 1111/4263/3950 1276/3172/3951 1112/1160/3952
usemtl stonetrims
f 1095/436/3953 1293/3007/3954 1265/3296/3955
f 1095/436/3953 1265/3296/3955 1259/1658/3956
f 1078/3907/3957 1082/1238/3958 1237/3238/3959
f 1078/3907/3957 1237/3238/3959 1227/905/3960
usemtl brickwall1
f 1136/90/3961 1245/2910/3962 1247/3843/3963
f 1136/90/3961 1247/3843/3963 1138/3063/3964
f 1138/3063/3965 1247/3843/3966 1254/2284/3967
f 1138/3063/3965 1254/2284/3967 1140/2391/3968
f 1140/2391/3969 1254/2284/3970 1246/1046/3971
f 1140/2391/3969 1246/1046/3971 1142/3799/3972
f 1142/3799/3973 1246/1046/3974 1253/3424/3975
f 1142/3799/3973 1253/3424/3975 1144/4228/3976
f 1144/4228/3977 1253/3424/3978 1251/3328/3979
f 1101/967/3980 1102/2540/3981 1240/2272/3982
f 1101/967/3980 1240/2272/3982 1227/4451/3983
f 1137/1622/3984 1139/4569/3985 1258/1670/3986
f 1137/1622/3984 1258/1670/3986 1263/2759/3987
f 1139/4569/3988 1141/2290/3989 1256/4079/3990
f 1139/4569/3988 1256/4079/3990 1258/1670/3991
f 1141/2290/3992 1143/3127/3993 1257/545/3994
f 1141/2290/3992 1257/545/3994 1256/4079/3995
f 1143/3127/3996 1145/2122/3997 1257/545/3998
f 1135/2441/3999 1137/1622/4000 1263/2759/4001
f 1135/2441/3999 1263/2759/4001 1261/1226/4002
usemtl stonetrims
f 1081/4611/4003 1072/535/4004 1239/1965/4005
f 1081/4611/4003 1239/1965/4005 1229/3535/4006
f 1073/2675/4007 1077/1973/4008 1232/2621/4009
f 1073/2675/4007 1232/2621/4009 1235/3760/4010
f 1072/535/4011 1076/4683/4012 1228/3034/4013
f 1072/535/4011 1228/3034/4013 1239/1965/4014
f 1077/1973/4015 1081/4611/4016 1229/3535/4017
f 1077/1973/4015 1229/3535/4017 1232/2621/4018
usemtl brickwall1
f 1103/19/4019 1271/1465/4020 1267/3911/4021
f 1103/19/4019 1267/3911/4021 1105/1473/4022
usemtl stonetrims
f 1062/3051/4023 1058/656/4024 1242/114/4025
f 1062/3051/4023 1242/114/4025 1249/2642/4026
f 1067/4595/4027 1063/3220/4028 1252/530/4029
f 1067/4595/4027 1252/530/4029 1243/2616/4030
f 1097/1424/4031 1095/436/4032 1259/1658/4033
f 1097/1424/4031 1259/1658/4033 1264/765/4034
f 1066/1890/4035 1062/3051/4036 1249/2642/4037
f 1066/1890/4035 1249/2642/4037 1241/2175/4038
f 1058/656/4039 1067/4595/4040 1243/2616/4041
f 1058/656/4039 1243/2616/4041 1242/114/4042
f 1063/3220/4043 1059/2279/4044 1244/3578/4045
f 1063/3220/4043 1244/3578/4045 1252/530/4046
f 1297/3022/4047 1291/2289/4048 1123/4601/4049
f 1297/3022/4047 1123/4601/4049 1262/3317/4050
f 1093/3852/4051 1296/1253/4052 1266/3396/4053
f 1093/3852/4051 1266/3396/4053 1260/1442/4054
f 1082/1238/4055 1073/2675/4056 1235/3760/4057
f 1082/1238/4055 1235/3760/4057 1237/3238/4058
f 1296/1253/4059 1297/3022/4060 1262/3317/4061
f 1296/1253/4059 1262/3317/4061 1266/3396/4062
f 1293/3007/4063 1093/3852/4064 1260/1442/4065
f 1293/3007/4063 1260/1442/4065 1265/3296/4066
usemtl brickwall1
f 1098/1726/4067 1255/1398/4068 1245/2910/4069
f 1098/1726/4067 1245/2910/4069 1136/90/4070
usemtl stonetrims
f 1085/1969/4071 1092/1225/4072 1272/370/4073
f 1085/1969/4071 1272/370/4073 1124/3800/4074
f 1089/2906/4075 1086/1421/4076 1270/1316/4077
f 1089/2906/4075 1270/1316/4077 1277/2954/4078
f 844/2045/4079 1090/4191/4080 1268/3072/4081
f 844/2045/4079 1268/3072/4081 1273/1485/4082
usemtl brickwall1
f 1100/2064/4083 1269/2985/4084 1271/1465/4085
f 1100/2064/4083 1271/1465/4085 1103/19/4086
usemtl stonetrims
f 1092/1225/4087 1089/2906/4088 1277/2954/4089
f 1092/1225/4087 1277/2954/4089 1272/370/4090
f 1086/1421/4091 844/2045/4092 1273/1485/4093
f 1086/1421/4091 1273/1485/4093 1270/1316/4094
f 1090/4191/4095 1087/3305/4096 1269/1047/4097
f 1090/4191/4095 1269/1047/4097 1268/3072/4098
f 1117/231/4099 1115/4659/4100 1183/2388/4101
f 1117/231/4099 1183/2388/4101 1181/3875/4102
f 1098/4109/4103 1136/739/4104 1197/265/4105
f 1098/4109/4103 1197/265/4105 1153/1363/4106
f 1116/2613/4107 1118/3980/4108 1182/3234/4109
f 1116/2613/4107 1182/3234/4109 1184/4434/4110
f 1102/155/4111 1101/1467/4112 1152/3169/4113
f 1102/155/4111 1152/3169/4113 1163/2902/4114
f 1100/3816/4115 1103/3166/4116 1164/54/4117
f 1100/3816/4115 1164/54/4117 1154/2510/4118
f 1104/346/4119 1102/155/4120 1163/2902/4121
f 1104/346/4119 1163/2902/4121 1161/952/4122
f 1119/1621/4123 1117/231/4124 1181/3875/4125
f 1119/1621/4123 1181/3875/4125 1179/1624/4126
f 1137/2087/4127 1135/1981/4128 1196/4014/4129
f 1137/2087/4127 1196/4014/4129 1194/3780/4130
f 1103/3166/4131 1105/904/4132 1162/450/4133
f 1103/3166/4131 1162/450/4133 1164/54/4134
f 1118/3980/4135 1120/2995/4136 1180/4570/4137
f 1118/3980/4135 1180/4570/4137 1182/3234/4138
f 1136/739/4139 1138/1575/4140 1195/2243/4141
f 1136/739/4139 1195/2243/4141 1197/265/4142
f 1106/544/4143 1104/346/4144 1161/952/4145
f 1106/544/4143 1161/952/4145 1159/3126/4146
f 1121/373/4147 1119/1621/4148 1179/1624/4149
f 1121/373/4147 1179/1624/4149 1176/4694/4150
f 1139/126/4151 1137/2087/4152 1194/3780/4153
f 1139/126/4151 1194/3780/4153 1192/4404/4154
f 1105/904/4155 1107/726/4156 1160/288/4157
f 1105/904/4155 1160/288/4157 1162/450/4158
f 1120/2995/4159 1122/2559/4160 1177/4094/4161
f 1120/2995/4159 1177/4094/4161 1180/4570/4162
f 1138/1575/4163 1140/3633/4164 1193/663/4165
f 1138/1575/4163 1193/663/4165 1195/2243/4166
f 1108/2079/4167 1106/544/4168 1159/3126/4169
f 1108/2079/4167 1159/3126/4169 1157/2740/4170
f 1124/558/4171 1121/373/4172 1176/4694/4173
f 1124/558/4171 1176/4694/4173 1149/4047/4174
f 1141/3622/4175 1139/126/4176 1192/4404/4177
f 1141/3622/4175 1192/4404/4177 1190/4037/4178
f 1107/726/4179 1109/2651/4180 1158/3761/4181
f 1107/726/4179 1158/3761/4181 1160/288/4182
f 1140/3633/4183 1142/1308/4184 1191/1406/4185
f 1140/3633/4183 1191/1406/4185 1193/663/4186
f 1122/2559/4187 1123/4136/4188 1178/977/4189
f 1122/2559/4187 1178/977/4189 1177/4094/4190
f 1156/2534/4191 1146/3351/4192 1147/2526/4193
f 1156/2534/4191 1147/2526/4193 1155/3100/4194
f 1158/3761/4195 1156/2534/4196 1155/3100/4197
f 1158/3761/4195 1155/3100/4197 1157/2740/4198
f 1160/288/4199 1158/3761/4200 1157/2740/4201
f 1160/288/4199 1157/2740/4201 1159/3126/4202
f 1162/450/4203 1160/288/4204 1159/3126/4205
f 1162/450/4203 1159/3126/4205 1161/952/4206
f 1164/54/4207 1162/450/4208 1161/952/4209
f 1164/54/4207 1161/952/4209 1163/2902/4210
f 1148/1524/4211 1166/1660/4212 1167/4490/4213
f 1148/1524/4211 1167/4490/4213 1165/3428/4214
f 1166/1660/4215 1168/3232/4216 1169/410/4217
f 1166/1660/4215 1169/410/4217 1167/4490/4218
f 1168/3232/4219 1170/597/4220 1171/2491/4221
f 1168/3232/4219 1171/2491/4221 1169/410/4222
f 1170/597/4223 1172/3657/4224 1173/3958/4225
f 1170/597/4223 1173/3958/4225 1171/2491/4226
f 1172/3657/4227 1174/3620/4228 1175/2563/4229
f 1172/3657/4227 1175/2563/4229 1173/3958/4230
f 1177/4094/4231 1178/977/4232 1149/4047/4233
f 1177/4094/4231 1149/4047/4233 1176/4694/4234
f 1180/4570/4235 1177/4094/4236 1176/4694/4237
f 1180/4570/4235 1176/4694/4237 1179/1624/4238
f 1182/3234/4239 1180/4570/4240 1179/1624/4241
f 1182/3234/4239 1179/1624/4241 1181/3875/4242
f 1184/4434/4243 1182/3234/4244 1181/3875/4245
f 1184/4434/4243 1181/3875/4245 1183/2388/4246
f 1186/55/4247 1184/4434/4248 1183/2388/4249
f 1186/55/4247 1183/2388/4249 1185/1429/4250
f 1174/3620/4251 1153/863/4252 1152/1520/4253
f 1174/3620/4251 1152/1520/4253 1175/2563/4254
f 1151/2945/4255 1186/55/4256 1185/1429/4257
f 1151/2945/4255 1185/1429/4257 1154/1908/4258
f 1188/3310/4259 1189/2113/4260 1150/386/4261
f 1188/3310/4259 1150/386/4261 1187/112/4262
f 1191/1406/4263 1188/3310/4264 1187/112/4265
f 1191/1406/4263 1187/112/4265 1190/4037/4266
f 1193/663/4267 1191/1406/4268 1190/4037/4269
f 1193/663/4267 1190/4037/4269 1192/4404/4270
f 1195/2243/4271 1193/663/4272 1192/4404/4273
f 1195/2243/4271 1192/4404/4273 1194/3780/4274
f 1197/265/4275 1195/2243/4276 1194/3780/4277
f 1197/265/4275 1194/3780/4277 1196/4014/4278
f 1154/2510/4279 1164/54/4280 1163/2902/4281
f 1154/2510/4279 1163/2902/4281 1152/3169/4282
f 1153/1363/4283 1197/265/4284 1196/4014/4285
f 1153/1363/4283 1196/4014/4285 1151/2209/4286
f 1135/1981/4287 1099/108/4288 1151/2209/4289
f 1135/1981/4287 1151/2209/4289 1196/4014/4290
f 1134/776/4291 1228/3846/4292 1165/3428/4293
f 1134/776/4291 1165/3428/4293 1167/4490/4294
f 1114/1511/4295 1116/2613/4296 1184/4434/4297
f 1114/1511/4295 1184/4434/4297 1186/55/4298
f 1133/1317/4299 1131/249/4300 1168/3232/4301
f 1133/1317/4299 1168/3232/4301 1166/1660/4302
f 1115/4659/4303 1113/2474/4304 1185/1429/4305
f 1115/4659/4303 1185/1429/4305 1183/2388/4306
f 1125/2647/4307 1098/1222/4308 1153/863/4309
f 1125/2647/4307 1153/863/4309 1174/3620/4310
f 1132/2882/4311 1134/776/4312 1167/4490/4313
f 1132/2882/4311 1167/4490/4313 1169/410/4314
f 1101/979/4315 1126/701/4316 1175/2563/4317
f 1101/979/4315 1175/2563/4317 1152/1520/4318
f 1131/249/4319 1129/4552/4320 1170/597/4321
f 1131/249/4319 1170/597/4321 1168/3232/4322
f 1099/3102/4323 1114/1511/4324 1186/55/4325
f 1099/3102/4323 1186/55/4325 1151/2945/4326
f 1113/2474/4327 1100/2019/4328 1154/1908/4329
f 1113/2474/4327 1154/1908/4329 1185/1429/4330
f 1130/2630/4331 1132/2882/4332 1169/410/4333
f 1130/2630/4331 1169/410/4333 1171/2491/4334
f 1129/4552/4335 1127/3646/4336 1172/3657/4337
f 1129/4552/4335 1172/3657/4337 1170/597/4338
f 1144/1934/4339 1251/4423/4340 1189/2113/4341
f 1144/1934/4339 1189/2113/4341 1188/3310/4342
f 1111/2614/4343 1112/4443/4344 1146/3351/4345
f 1111/2614/4343 1146/3351/4345 1156/2534/4346
f 1128/156/4347 1130/2630/4348 1171/2491/4349
f 1128/156/4347 1171/2491/4349 1173/3958/4350
f 1145/3116/4351 1143/899/4352 1187/112/4353
f 1145/3116/4351 1187/112/4353 1150/386/4354
f 1127/3646/4355 1125/2647/4356 1174/3620/4357
f 1127/3646/4355 1174/3620/4357 1172/3657/4358
f 1142/1308/4359 1144/1934/4360 1188/3310/4361
f 1142/1308/4359 1188/3310/4361 1191/1406/4362
f 1126/701/4363 1128/156/4364 1173/3958/4365
f 1126/701/4363 1173/3958/4365 1175/2563/4366
f 1109/2651/4367 1111/2614/4368 1156/2534/4369
f 1109/2651/4367 1156/2534/4369 1158/3761/4370
f 1143/899/4371 1141/3622/4372 1190/4037/4373
f 1143/899/4371 1190/4037/4373 1187/112/4374
f 1110/4312/4375 1108/2079/4376 1157/2740/4377
f 1110/4312/4375 1157/2740/4377 1155/3100/4378
f 1153/4238/4379 1151/907/4380 1201/377/4381
f 1153/4238/4379 1201/377/4381 1199/797/4382
f 1154/451/4383 1152/4183/4384 1198/2723/4385
f 1154/451/4383 1198/2723/4385 1203/2551/4386
f 1151/4305/4387 1154/2724/4388 1203/2766/4389
f 1151/4305/4387 1203/2766/4389 1201/2486/4390
f 1200/3833/4391 1204/1560/4392 1198/2107/4393
f 1199/1152/4394 1208/1717/4395 1206/2405/4396
f 1199/1152/4394 1206/2405/4396 1200/3833/4397
f 1201/3547/4398 1205/3145/4399 1202/3946/4400
f 1203/4069/4401 1204/1560/4402 1205/3145/4403
f 1202/3946/4404 1205/3145/4405 1207/2464/4406
f 1202/3946/4404 1207/2464/4406 1206/2405/4407
f 1203/2551/4408 1198/2723/4409 1204/2157/4410
f 1198/3788/4411 1199/2361/4412 1200/2479/4413
f 1199/797/4414 1201/377/4415 1202/3199/4416
f 1199/797/4414 1202/3199/4416 1208/1139/4417
f 1201/2486/4418 1203/2766/4419 1205/4605/4420
f 1200/3833/4421 1207/2464/4422 1204/1560/4423
usemtl brickwall1
f 1206/1021/4424 1208/1433/4425 1202/4180/4426
usemtl stonetrims
f 1204/1560/4427 1207/2464/4428 1205/3145/4429
f 1206/2405/4430 1207/2464/4431 1200/3833/4432
f 1070/3462/4433 1234/1375/4434 1215/2143/4435
f 1070/3462/4433 1215/2143/4435 1211/2843/4436
f 1124/558/4437 1149/4047/4438 1222/4139/4439
f 1124/558/4437 1222/4139/4439 1217/1592/4440
f 1112/1578/4441 845/173/4442 987/32/4443
f 1112/1578/4441 987/32/4443 1214/893/4444
f 1085/1969/4445 1124/3800/4446 1217/1235/4447
f 1085/1969/4445 1217/1235/4447 986/3076/4448
f 1165/3428/4449 1228/3846/4450 1233/3606/4451
f 1165/3428/4449 1233/3606/4451 1224/2879/4452
f 1123/4601/4453 1291/2289/4454 1426/2085/4455
f 1123/4601/4453 1426/2085/4455 1216/437/4456
f 1150/386/4457 1189/2113/4458 1226/4270/4459
f 1150/386/4457 1226/4270/4459 1223/3656/4460
f 1146/3351/4461 1112/4443/4462 1214/2310/4463
f 1146/3351/4461 1214/2310/4463 1219/330/4464
f 1178/977/4465 1123/4136/4466 1216/2533/4467
f 1178/977/4465 1216/2533/4467 1225/4134/4468
f 1096/3028/4469 1145/750/4470 1218/4602/4471
f 1096/3028/4469 1218/4602/4471 1213/4599/4472
f 1148/1524/4473 1165/3428/4474 1224/2879/4475
f 1148/1524/4473 1224/2879/4475 1221/513/4476
f 1189/2113/4477 1251/4423/4478 1248/1082/4479
f 1189/2113/4477 1248/1082/4479 1226/4270/4480
f 1251/428/4481 1060/1304/4482 1209/3405/4483
f 1251/428/4481 1209/3405/4483 1248/3211/4484
f 1149/4047/4485 1178/977/4486 1225/4134/4487
f 1149/4047/4485 1225/4134/4487 1222/4139/4488
f 1228/3034/4489 1076/4683/4490 1212/4185/4491
f 1228/3034/4489 1212/4185/4491 1233/1086/4492
f 1147/2526/4493 1146/3351/4494 1219/330/4495
f 1147/2526/4493 1219/330/4495 1220/3758/4496
f 1066/1890/4497 1241/2175/4498 1250/2656/4499
f 1066/1890/4497 1250/2656/4499 1210/859/4500
f 1145/3116/4501 1150/386/4502 1223/3656/4503
f 1145/3116/4501 1223/3656/4503 1218/559/4504
f 1152/3121/4505 1153/1451/4506 1199/2361/4507
f 1152/3121/4505 1199/2361/4507 1198/3788/4508
f 1240/2446/4509 1236/2865/4510 1074/397/4511
f 1240/2446/4509 1074/397/4511 1071/4288/4512
f 1231/69/4513 1238/2560/4514 1079/1792/4515
f 1231/69/4513 1079/1792/4515 1075/1911/4516
f 1230/2404/4517 1234/1375/4518 1070/3462/4519
f 1230/2404/4517 1070/3462/4519 1080/4181/4520
f 1234/2541/4521 1110/4312/4522 1155/3100/4523
f 1234/2541/4521 1155/3100/4523 1147/2526/4524
usemtl brickwall1
f 1235/2511/4525 1232/3822/4526 1130/2745/4527
f 1235/2511/4525 1130/2745/4527 1128/157/4528
f 1232/3822/4529 1229/366/4530 1132/4219/4531
f 1232/3822/4529 1132/4219/4531 1130/2745/4532
usemtl stonetrims
f 1215/2385/4533 1234/2541/4534 1147/2526/4535
f 1215/2385/4533 1147/2526/4535 1220/3758/4536
f 1236/2865/4537 1231/69/4538 1075/1911/4539
f 1236/2865/4537 1075/1911/4539 1074/397/4540
f 1238/2560/4541 1230/2404/4542 1080/4181/4543
f 1238/2560/4541 1080/4181/4543 1079/1792/4544
usemtl brickwall1
f 1237/3241/4545 1235/2511/4546 1128/157/4547
f 1237/3241/4545 1128/157/4547 1126/3700/4548
f 1227/4451/4549 1237/3241/4550 1126/3700/4551
f 1227/4451/4549 1126/3700/4551 1101/967/4552
usemtl stonetrims
f 1227/905/4553 1240/2446/4554 1071/4288/4555
f 1227/905/4553 1071/4288/4555 1078/3907/4556
usemtl brickwall1
f 1229/366/4557 1239/3599/4558 1134/3932/4559
f 1229/366/4557 1134/3932/4559 1132/4219/4560
f 1239/3599/4561 1228/4494/4562 1134/3932/4563
f 1243/764/4564 1252/41/4565 1127/3696/4566
f 1243/764/4564 1127/3696/4566 1129/654/4567
f 1241/4620/4568 1249/3744/4569 1133/4128/4570
f 1252/41/4571 1244/1480/4572 1125/1003/4573
f 1252/41/4571 1125/1003/4573 1127/3696/4574
usemtl stonetrims
f 1245/1586/4575 1255/1471/4576 1069/642/4577
f 1245/1586/4575 1069/642/4577 1061/1434/4578
f 1247/1436/4579 1245/1586/4580 1061/1434/4581
f 1247/1436/4579 1061/1434/4581 1064/740/4582
f 1246/854/4583 1254/2668/4584 1065/1947/4585
f 1246/854/4583 1065/1947/4585 1068/2509/4586
f 1251/428/4587 1253/819/4588 1057/2447/4589
f 1251/428/4587 1057/2447/4589 1060/1304/4590
f 1241/788/4591 1133/1317/4592 1166/1660/4593
f 1241/788/4591 1166/1660/4593 1148/1524/4594
usemtl brickwall1
f 1249/3744/4595 1242/1181/4596 1131/846/4597
f 1249/3744/4595 1131/846/4597 1133/4128/4598
f 1242/1181/4599 1243/764/4600 1129/654/4601
f 1242/1181/4599 1129/654/4601 1131/846/4602
f 1244/1480/4603 1255/1398/4604 1098/1726/4605
f 1244/1480/4603 1098/1726/4605 1125/1003/4606
usemtl stonetrims
f 1254/2668/4607 1247/1436/4608 1064/740/4609
f 1254/2668/4607 1064/740/4609 1065/1947/4610
f 1253/819/4611 1246/854/4612 1068/2509/4613
f 1253/819/4611 1068/2509/4613 1057/2447/4614
f 1250/1838/4615 1241/788/4616 1148/1524/4617
f 1250/1838/4615 1148/1524/4617 1221/513/4618
usemtl brickwall1
f 1260/783/4619 1266/3128/4620 1120/317/4621
f 1260/783/4619 1120/317/4621 1118/896/4622
f 1266/3128/4623 1262/2677/4624 1122/3150/4625
f 1266/3128/4623 1122/3150/4625 1120/317/4626
f 1259/2055/4627 1265/164/4628 1116/1901/4629
f 1259/2055/4627 1116/1901/4629 1114/1209/4630
usemtl stonetrims
f 1263/929/4631 1258/3122/4632 1295/3684/4633
f 1263/929/4631 1295/3684/4633 1292/3999/4634
f 1256/1649/4635 1257/3685/4636 1094/36/4637
f 1256/1649/4635 1094/36/4637 1298/30/4638
f 1261/3227/4639 1263/929/4640 1292/3999/4641
f 1261/3227/4639 1292/3999/4641 1299/395/4642
usemtl brickwall1
f 1264/4080/4643 1259/2055/4644 1114/1209/4645
f 1264/4080/4643 1114/1209/4645 1099/2344/4646
f 1262/2677/4647 1123/4616/4648 1122/3150/4649
f 1265/164/4650 1260/783/4651 1118/896/4652
f 1265/164/4650 1118/896/4652 1116/1901/4653
usemtl stonetrims
f 1264/765/4654 1261/3227/4655 1299/395/4656
f 1264/765/4654 1299/395/4656 1097/1424/4657
f 1258/3122/4658 1256/1649/4659 1298/30/4660
f 1258/3122/4658 1298/30/4660 1295/3684/4661
f 1257/3685/4662 1145/750/4663 1096/3028/4664
f 1257/3685/4662 1096/3028/4664 1094/36/4665
usemtl brickwall1
f 1277/601/4666 1270/241/4667 1117/4209/4668
f 1277/601/4666 1117/4209/4668 1119/1918/4669
usemtl stonetrims
f 1275/684/4670 1267/4359/4671 1083/1339/4672
f 1275/684/4670 1083/1339/4672 1084/2096/4673
f 1276/4532/4674 1274/2669/4675 841/3298/4676
f 1276/4532/4674 841/3298/4676 1088/3593/4677
f 1271/3524/4678 1269/1047/4679 1087/3305/4680
f 1271/3524/4678 1087/3305/4680 1091/3676/4681
usemtl brickwall1
f 1270/241/4682 1273/355/4683 1115/4295/4684
f 1270/241/4682 1115/4295/4684 1117/4209/4685
f 1124/1506/4686 1272/4553/4687 1121/1971/4688
f 1273/355/4689 1268/3610/4690 1113/2040/4691
f 1273/355/4689 1113/2040/4691 1115/4295/4692
f 1272/4553/4693 1277/601/4694 1119/1918/4695
f 1272/4553/4693 1119/1918/4695 1121/1971/4696
f 1268/3610/4697 1269/2985/4698 1100/2064/4699
f 1268/3610/4697 1100/2064/4699 1113/2040/4700
usemtl stonetrims
f 1274/2669/4701 1275/684/4702 1084/2096/4703
f 1274/2669/4701 1084/2096/4703 841/3298/4704
f 1112/1578/4705 1276/4532/4706 1088/3593/4707
f 1112/1578/4705 1088/3593/4707 845/173/4708
f 1267/4359/4709 1271/3524/4710 1091/3676/4711
f 1267/4359/4709 1091/3676/4711 1083/1339/4712
f 1280/3035/4713 1290/4500/4714 1470/3500/4715
f 1280/3035/4713 1470/3500/4715 1459/874/4716
usemtl brickwall1
f 1317/1443/4717 1319/705/4718 1451/3487/4719
f 1317/1443/4717 1451/3487/4719 1455/4281/4720
f 1319/705/4721 1321/3752/4722 1446/1700/4723
f 1319/705/4721 1446/1700/4723 1451/3487/4724
f 1321/3752/4725 1323/4365/4726 1453/4194/4727
f 1321/3752/4725 1453/4194/4727 1446/1700/4728
f 1323/4365/4729 1325/3712/4730 1445/2160/4731
f 1323/4365/4729 1445/2160/4731 1453/4194/4732
f 1325/3712/4733 1449/3948/4734 1445/2160/4735
f 1314/4352/4736 1350/1306/4737 1476/3255/4738
f 1314/4352/4736 1476/3255/4738 1479/2989/4739
f 1320/3502/4740 1482/1217/4741 1490/360/4742
f 1320/3502/4740 1490/360/4742 1322/3566/4743
f 1322/3566/4744 1490/360/4745 1489/4051/4746
f 1322/3566/4744 1489/4051/4746 1324/1325/4747
f 1324/1325/4748 1489/4051/4749 1491/476/4750
f 1324/1325/4748 1491/476/4750 1326/3177/4751
f 1326/3177/4752 1491/476/4753 1327/3193/4754
usemtl stonetrims
f 1310/2454/4755 1509/1400/4756 1480/598/4757
f 1310/2454/4755 1480/598/4757 1474/3689/4758
f 1097/2632/4759 1299/3879/4760 1452/2082/4761
f 1097/2632/4759 1452/2082/4761 1442/2967/4762
usemtl brickwall1
f 1351/2103/4763 1460/196/4764 1462/2712/4765
f 1351/2103/4763 1462/2712/4765 1353/350/4766
f 1353/350/4767 1462/2712/4768 1469/4287/4769
f 1353/350/4767 1469/4287/4769 1355/4387/4770
f 1355/4387/4771 1469/4287/4772 1461/3111/4773
f 1355/4387/4771 1461/3111/4773 1357/1113/4774
f 1357/1113/4775 1461/3111/4776 1468/718/4777
f 1357/1113/4775 1468/718/4777 1359/1585/4778
f 1359/1585/4779 1468/718/4780 1466/629/4781
f 1316/3042/4782 1317/1443/4783 1455/4281/4784
f 1316/3042/4782 1455/4281/4784 1442/1808/4785
f 1352/3649/4786 1354/1929/4787 1473/3704/4788
f 1352/3649/4786 1473/3704/4788 1478/57/4789
f 1354/1929/4790 1356/4296/4791 1471/2986/4792
f 1354/1929/4790 1471/2986/4792 1473/3704/4793
f 1356/4296/4794 1358/434/4795 1472/2567/4796
f 1356/4296/4794 1472/2567/4796 1471/2986/4797
f 1358/434/4798 1360/4137/4799 1472/2567/4800
f 1350/1306/4801 1352/3649/4802 1478/57/4803
f 1350/1306/4801 1478/57/4803 1476/3255/4804
usemtl stonetrims
f 1298/2568/4805 1094/941/4806 1454/3981/4807
f 1298/2568/4805 1454/3981/4807 1444/821/4808
f 1292/2776/4809 1295/961/4810 1447/4612/4811
f 1292/2776/4809 1447/4612/4811 1450/1060/4812
f 1094/941/4813 1096/4513/4814 1443/318/4815
f 1094/941/4813 1443/318/4815 1454/3981/4816
f 1295/961/4817 1298/2568/4818 1444/821/4819
f 1295/961/4817 1444/821/4819 1447/4612/4820
usemtl brickwall1
f 1318/2054/4821 1486/3493/4822 1482/1217/4823
f 1318/2054/4821 1482/1217/4823 1320/3502/4824
usemtl stonetrims
f 1283/3719/4825 1279/1399/4826 1457/3697/4827
f 1283/3719/4825 1457/3697/4827 1464/1530/4828
f 1288/611/4829 1284/2345/4830 1467/2548/4831
f 1288/611/4829 1467/2548/4831 1458/4608/4832
f 1312/3432/4833 1310/2454/4834 1474/3689/4835
f 1312/3432/4833 1474/3689/4835 1479/2804/4836
f 1287/2570/4837 1283/3719/4838 1464/1530/4839
f 1287/2570/4837 1464/1530/4839 1456/4186/4840
f 1279/1399/4841 1288/611/4842 1458/4608/4843
f 1279/1399/4841 1458/4608/4843 1457/3697/4844
f 1284/2345/4845 1280/3035/4846 1459/874/4847
f 1284/2345/4845 1459/874/4847 1467/2548/4848
f 1512/306/4849 1506/1176/4850 1338/3525/4851
f 1512/306/4849 1338/3525/4851 1477/625/4852
f 1309/2227/4853 1511/3268/4854 1481/2234/4855
f 1309/2227/4853 1481/2234/4855 1475/3452/4856
f 1299/3879/4857 1292/2776/4858 1450/1060/4859
f 1299/3879/4857 1450/1060/4859 1452/2082/4860
f 1511/3268/4861 1512/306/4862 1477/625/4863
f 1511/3268/4861 1477/625/4863 1481/2234/4864
f 1509/1400/4865 1309/2227/4866 1475/3452/4867
f 1509/1400/4865 1475/3452/4867 1480/598/4868
usemtl brickwall1
f 1313/3756/4869 1470/3400/4870 1460/196/4871
f 1313/3756/4869 1460/196/4871 1351/2103/4872
usemtl stonetrims
f 1301/376/4873 1306/2156/4874 1487/2375/4875
f 1301/376/4873 1487/2375/4875 1339/1117/4876
f 1728/2412/4877 1725/2470/4878 1485/3329/4879
f 1728/2412/4877 1485/3329/4879 1492/250/4880
f 1307/2821/4881 1304/465/4882 1483/362/4883
f 1307/2821/4881 1483/362/4883 1488/3517/4884
usemtl brickwall1
f 1315/4081/4885 1484/1836/4886 1486/3493/4887
f 1315/4081/4885 1486/3493/4887 1318/2054/4888
usemtl stonetrims
f 1306/2156/4889 1728/2412/4890 1492/250/4891
f 1306/2156/4889 1492/250/4891 1487/2375/4892
f 1725/2470/4893 1307/2821/4894 1488/3517/4895
f 1725/2470/4893 1488/3517/4895 1485/3329/4896
f 1304/465/4897 1302/614/4898 1484/4598/4899
f 1304/465/4897 1484/4598/4899 1483/362/4900
f 1332/3792/4901 1330/3571/4902 1398/4386/4903
f 1332/3792/4901 1398/4386/4903 1396/1189/4904
f 1313/1468/4905 1351/2780/4906 1412/2263/4907
f 1313/1468/4905 1412/2263/4907 1368/207/4908
f 1331/4607/4909 1333/1314/4910 1397/2081/4911
f 1331/4607/4909 1397/2081/4911 1399/1780/4912
f 1317/3739/4913 1316/3494/4914 1367/2022/4915
f 1317/3739/4913 1367/2022/4915 1378/194/4916
f 1315/1134/4917 1318/2018/4918 1379/2075/4919
f 1315/1134/4917 1379/2075/4919 1369/4519/4920
f 1319/2349/4921 1317/3739/4922 1378/194/4923
f 1319/2349/4921 1378/194/4923 1376/3029/4924
f 1334/3647/4925 1332/3792/4926 1396/1189/4927
f 1334/3647/4925 1396/1189/4927 1394/3655/4928
f 1352/4103/4929 1350/3995/4930 1411/1346/4931
f 1352/4103/4929 1411/1346/4931 1409/1087/4932
f 1318/2018/4933 1320/4455/4934 1377/2472/4935
f 1318/2018/4933 1377/2472/4935 1379/2075/4936
f 1333/1314/4937 1335/282/4938 1395/3480/4939
f 1333/1314/4937 1395/3480/4939 1397/2081/4940
f 1351/2780/4941 1353/444/4942 1410/4258/4943
f 1351/2780/4941 1410/4258/4943 1412/2263/4944
f 1321/4106/4945 1319/2349/4946 1376/3029/4947
f 1321/4106/4945 1376/3029/4947 1374/432/4948
f 1336/2376/4949 1334/3647/4950 1394/3655/4951
f 1336/2376/4949 1394/3655/4951 1391/3602/4952
f 1354/3713/4953 1352/4103/4954 1409/1087/4955
f 1354/3713/4953 1409/1087/4955 1407/1756/4956
f 1320/4455/4957 1322/2768/4958 1375/2294/4959
f 1320/4455/4957 1375/2294/4959 1377/2472/4960
f 1335/282/4961 1337/4573/4962 1392/1456/4963
f 1335/282/4961 1392/1456/4963 1395/3480/4964
f 1353/444/4965 1355/918/4966 1408/2705/4967
f 1353/444/4965 1408/2705/4967 1410/4258/4968
f 1323/4099/4969 1321/4106/4970 1374/432/4971
f 1323/4099/4969 1374/432/4971 1372/1599/4972
f 1339/2577/4973 1336/2376/4974 1391/3602/4975
f 1339/2577/4973 1391/3602/4975 1364/1389/4976
f 1356/916/4977 1354/3713/4978 1407/1756/4979
f 1356/916/4977 1407/1756/4979 1405/1379/4980
f 1322/2768/4981 1324/4646/4982 1373/1061/4983
f 1322/2768/4981 1373/1061/4983 1375/2294/4984
f 1355/918/4985 1357/3321/4986 1406/3410/4987
f 1355/918/4985 1406/3410/4987 1408/2705/4988
f 1337/4573/4989 1338/1495/4990 1393/3048/4991
f 1337/4573/4989 1393/3048/4991 1392/1456/4992
f 1371/4541/4993 1361/2195/4994 1362/4529/4995
f 1371/4541/4993 1362/4529/4995 1370/398/4996
f 1373/1061/4997 1371/4541/4998 1370/398/4999
f 1373/1061/4997 1370/398/4999 1372/1599/5000
f 1375/2294/5001 1373/1061/5002 1372/1599/5003
f 1375/2294/5001 1372/1599/5003 1374/432/5004
f 1377/2472/5005 1375/2294/5006 1374/432/5007
f 1377/2472/5005 1374/432/5007 1376/3029/5008
f 1379/2075/5009 1377/2472/5010 1376/3029/5011
f 1379/2075/5009 1376/3029/5011 1378/194/5012
f 1363/3555/5013 1381/522/5014 1382/1848/5015
f 1363/3555/5013 1382/1848/5015 1380/2257/5016
f 1381/522/5017 1383/539/5018 1384/2427/5019
f 1381/522/5017 1384/2427/5019 1382/1848/5020
f 1383/539/5021 1385/2634/5022 1386/4495/5023
f 1383/539/5021 1386/4495/5023 1384/2427/5024
f 1385/2634/5025 1387/947/5026 1388/1294/5027
f 1385/2634/5025 1388/1294/5027 1386/4495/5028
f 1387/947/5029 1389/2477/5030 1390/4580/5031
f 1387/947/5029 1390/4580/5031 1388/1294/5032
f 1392/1456/5033 1393/3048/5034 1364/1389/5035
f 1392/1456/5033 1364/1389/5035 1391/3602/5036
f 1395/3480/5037 1392/1456/5038 1391/3602/5039
f 1395/3480/5037 1391/3602/5039 1394/3655/5040
f 1397/2081/5041 1395/3480/5042 1394/3655/5043
f 1397/2081/5041 1394/3655/5043 1396/1189/5044
f 1399/1780/5045 1397/2081/5046 1396/1189/5047
f 1399/1780/5045 1396/1189/5047 1398/4386/5048
f 1401/2076/5049 1399/1780/5050 1398/4386/5051
f 1401/2076/5049 1398/4386/5051 1400/267/5052
f 1389/2477/5053 1368/4409/5054 1367/3554/5055
f 1389/2477/5053 1367/3554/5055 1390/4580/5056
f 1366/234/5057 1401/2076/5058 1400/267/5059
f 1366/234/5057 1400/267/5059 1369/3921/5060
f 1403/619/5061 1404/4125/5062 1365/2396/5063
f 1403/619/5061 1365/2396/5063 1402/2128/5064
f 1406/3410/5065 1403/619/5066 1402/2128/5067
f 1406/3410/5065 1402/2128/5067 1405/1379/5068
f 1408/2705/5069 1406/3410/5070 1405/1379/5071
f 1408/2705/5069 1405/1379/5071 1407/1756/5072
f 1410/4258/5073 1408/2705/5074 1407/1756/5075
f 1410/4258/5073 1407/1756/5075 1409/1087/5076
f 1412/2263/5077 1410/4258/5078 1409/1087/5079
f 1412/2263/5077 1409/1087/5079 1411/1346/5080
f 1369/4519/5081 1379/2075/5082 1378/194/5083
f 1369/4519/5081 1378/194/5083 1367/2022/5084
f 1368/207/5085 1412/2263/5086 1411/1346/5087
f 1368/207/5085 1411/1346/5087 1366/4216/5088
f 1350/3995/5089 1314/2118/5090 1366/4216/5091
f 1350/3995/5089 1366/4216/5091 1411/1346/5092
f 1349/2817/5093 1443/1166/5094 1380/2257/5095
f 1349/2817/5093 1380/2257/5095 1382/1848/5096
f 1329/3546/5097 1331/4607/5098 1399/1780/5099
f 1329/3546/5097 1399/1780/5099 1401/2076/5100
f 1348/3330/5101 1346/2242/5102 1383/539/5103
f 1348/3330/5101 1383/539/5103 1381/522/5104
f 1330/3571/5105 1328/4467/5106 1400/267/5107
f 1330/3571/5105 1400/267/5107 1398/4386/5108
f 1340/4643/5109 1313/94/5110 1368/4409/5111
f 1340/4643/5109 1368/4409/5111 1389/2477/5112
f 1347/168/5113 1349/2817/5114 1382/1848/5115
f 1347/168/5113 1382/1848/5115 1384/2427/5116
f 1316/3052/5117 1341/2746/5118 1390/4580/5119
f 1316/3052/5117 1390/4580/5119 1367/3554/5120
f 1346/2242/5121 1344/1909/5122 1385/2634/5123
f 1346/2242/5121 1385/2634/5123 1383/539/5124
f 1314/400/5125 1329/3546/5126 1401/2076/5127
f 1314/400/5125 1401/2076/5127 1366/234/5128
f 1328/4467/5129 1315/4042/5130 1369/3921/5131
f 1328/4467/5129 1369/3921/5131 1400/267/5132
f 1345/4621/5133 1347/168/5134 1384/2427/5135
f 1345/4621/5133 1384/2427/5135 1386/4495/5136
f 1344/1909/5137 1342/934/5138 1387/947/5139
f 1344/1909/5137 1387/947/5139 1385/2634/5140
f 1359/3942/5141 1466/1775/5142 1404/4125/5143
f 1359/3942/5141 1404/4125/5143 1403/619/5144
f 1326/1505/5145 1327/3333/5146 1361/2195/5147
f 1326/1505/5145 1361/2195/5147 1371/4541/5148
f 1343/2176/5149 1345/4621/5150 1386/4495/5151
f 1343/2176/5149 1386/4495/5151 1388/1294/5152
f 1360/421/5153 1358/2960/5154 1402/2128/5155
f 1360/421/5153 1402/2128/5155 1365/2396/5156
f 1342/934/5157 1340/4643/5158 1389/2477/5159
f 1342/934/5157 1389/2477/5159 1387/947/5160
f 1357/3321/5161 1359/3942/5162 1403/619/5163
f 1357/3321/5161 1403/619/5163 1406/3410/5164
f 1341/2746/5165 1343/2176/5166 1388/1294/5167
f 1341/2746/5165 1388/1294/5167 1390/4580/5168
f 1324/4646/5169 1326/1505/5170 1371/4541/5171
f 1324/4646/5169 1371/4541/5171 1373/1061/5172
f 1358/2960/5173 1356/916/5174 1405/1379/5175
f 1358/2960/5173 1405/1379/5175 1402/2128/5176
f 1325/1661/5177 1323/4099/5178 1372/1599/5179
f 1325/1661/5177 1372/1599/5179 1370/398/5180
f 1368/1597/5181 1366/4459/5182 1416/2381/5183
f 1368/1597/5181 1416/2381/5183 1414/4338/5184
f 1369/2473/5185 1367/1541/5186 1413/15/5187
f 1369/2473/5185 1413/15/5187 1418/4561/5188
f 1366/1655/5189 1369/14/5190 1418/71/5191
f 1366/1655/5189 1418/71/5191 1416/1372/5192
f 1415/1153/5193 1419/3596/5194 1413/4123/5195
f 1414/4693/5196 1423/3743/5197 1421/1278/5198
f 1414/4693/5196 1421/1278/5198 1415/1153/5199
f 1416/837/5200 1420/449/5201 1417/1279/5202
f 1418/1416/5203 1419/3596/5204 1420/449/5205
f 1417/1279/5206 1420/449/5207 1422/4460/5208
f 1417/1279/5206 1422/4460/5208 1421/1278/5209
f 1418/4561/5210 1413/15/5211 1419/4170/5212
f 1413/1099/5213 1414/4370/5214 1415/4476/5215
f 1414/4338/5216 1416/2381/5217 1417/497/5218
f 1414/4338/5216 1417/497/5218 1423/3174/5219
f 1416/1372/5220 1418/71/5221 1420/3530/5222
f 1415/1153/5223 1422/4460/5224 1419/3596/5225
usemtl brickwall1
f 1421/3093/5226 1423/3441/5227 1417/3104/5228
usemtl stonetrims
f 1419/3596/5229 1422/4460/5230 1420/449/5231
f 1421/1278/5232 1422/4460/5233 1415/1153/5234
f 1291/4127/5235 1449/3380/5236 1430/4158/5237
f 1291/4127/5235 1430/4158/5237 1426/127/5238
f 1339/2577/5239 1364/1389/5240 1437/1497/5241
f 1339/2577/5239 1437/1497/5241 1432/3621/5242
f 1327/3611/5243 1726/4437/5244 1869/3863/5245
f 1327/3611/5243 1869/3863/5245 1429/2952/5246
f 1301/376/5247 1339/1117/5248 1432/3260/5249
f 1301/376/5247 1432/3260/5249 1427/3377/5250
f 1380/2257/5251 1443/1166/5252 1448/906/5253
f 1380/2257/5251 1448/906/5253 1439/165/5254
f 1338/3525/5255 1506/1176/5256 1653/4606/5257
f 1338/3525/5255 1653/4606/5257 1431/2455/5258
f 1365/2396/5259 1404/4125/5260 1441/1618/5261
f 1365/2396/5259 1441/1618/5261 1438/2514/5262
f 1361/2195/5263 1327/3333/5264 1429/4316/5265
f 1361/2195/5263 1429/4316/5265 1434/2335/5266
f 1393/3048/5267 1338/1495/5268 1431/1438/5269
f 1393/3048/5267 1431/1438/5269 1440/1494/5270
f 1311/310/5271 1360/4290/5272 1433/1956/5273
f 1311/310/5271 1433/1956/5273 1428/3522/5274
f 1363/3555/5275 1380/2257/5276 1439/165/5277
f 1363/3555/5275 1439/165/5277 1436/2532/5278
f 1404/4125/5279 1466/1775/5280 1463/3140/5281
f 1404/4125/5279 1463/3140/5281 1441/1618/5282
f 1466/3984/5283 1281/2003/5284 1424/702/5285
f 1466/3984/5283 1424/702/5285 1463/509/5286
f 1364/1389/5287 1393/3048/5288 1440/1494/5289
f 1364/1389/5287 1440/1494/5289 1437/1497/5290
f 1443/318/5291 1096/4513/5292 1213/3749/5293
f 1443/318/5291 1213/3749/5293 1448/3141/5294
f 1362/4529/5295 1361/2195/5296 1434/2335/5297
f 1362/4529/5295 1434/2335/5297 1435/2611/5298
f 1287/2570/5299 1456/4186/5300 1465/1542/5301
f 1287/2570/5299 1465/1542/5301 1425/2911/5302
f 1360/421/5303 1365/2396/5304 1438/2514/5305
f 1360/421/5303 1438/2514/5305 1433/2579/5306
f 1367/424/5307 1368/3457/5308 1414/4370/5309
f 1367/424/5307 1414/4370/5309 1413/1099/5310
f 1455/1309/5311 1451/1703/5312 1293/477/5313
f 1455/1309/5311 1293/477/5313 1095/3817/5314
f 1446/2089/5315 1453/4575/5316 1296/4388/5317
f 1446/2089/5315 1296/4388/5317 1294/1993/5318
f 1445/4399/5319 1449/3380/5320 1291/4127/5321
f 1445/4399/5319 1291/4127/5321 1297/2123/5322
f 1449/4547/5323 1325/1661/5324 1370/398/5325
f 1449/4547/5323 1370/398/5325 1362/4529/5326
usemtl brickwall1
f 1450/4520/5327 1447/1144/5328 1345/1605/5329
f 1450/4520/5327 1345/1605/5329 1343/2174/5330
f 1447/1144/5331 1444/2365/5332 1347/1576/5333
f 1447/1144/5331 1347/1576/5333 1345/1605/5334
usemtl stonetrims
f 1430/1260/5335 1449/4547/5336 1362/4529/5337
f 1430/1260/5335 1362/4529/5337 1435/2611/5338
f 1451/1703/5339 1446/2089/5340 1294/1993/5341
f 1451/1703/5339 1294/1993/5341 1293/477/5342
f 1453/4575/5343 1445/4399/5344 1297/2123/5345
f 1453/4575/5343 1297/2123/5345 1296/4388/5346
usemtl brickwall1
f 1452/2091/5347 1450/4520/5348 1343/2174/5349
f 1452/2091/5347 1343/2174/5349 1341/1001/5350
f 1442/1808/5351 1452/2091/5352 1341/1001/5353
f 1442/1808/5351 1341/1001/5353 1316/3042/5354
usemtl stonetrims
f 1442/2967/5355 1455/1309/5356 1095/3817/5357
f 1442/2967/5355 1095/3817/5357 1097/2632/5358
usemtl brickwall1
f 1444/2365/5359 1454/897/5360 1349/2812/5361
f 1444/2365/5359 1349/2812/5361 1347/1576/5362
f 1454/897/5363 1443/1849/5364 1349/2812/5365
f 1458/2798/5366 1467/2066/5367 1342/996/5368
f 1458/2798/5366 1342/996/5368 1344/2692/5369
f 1456/1983/5370 1464/1050/5371 1348/3053/5372
f 1467/2066/5373 1459/3514/5374 1340/4562/5375
f 1467/2066/5373 1340/4562/5375 1342/996/5376
usemtl stonetrims
f 1460/3618/5377 1470/3500/5378 1290/4500/5379
f 1460/3618/5377 1290/4500/5379 1282/2097/5380
f 1462/3446/5381 1460/3618/5382 1282/2097/5383
f 1462/3446/5381 1282/2097/5383 1285/1475/5384
f 1461/2912/5385 1469/1547/5386 1286/1085/5387
f 1461/2912/5385 1286/1085/5387 1289/3229/5388
f 1466/3984/5389 1468/4367/5390 1278/3149/5391
f 1466/3984/5389 1278/3149/5391 1281/2003/5392
f 1456/2836/5393 1348/3330/5394 1381/522/5395
f 1456/2836/5393 1381/522/5395 1363/3555/5396
usemtl brickwall1
f 1464/1050/5397 1457/24/5398 1346/2897/5399
f 1464/1050/5397 1346/2897/5399 1348/3053/5400
f 1457/24/5401 1458/2798/5402 1344/2692/5403
f 1457/24/5401 1344/2692/5403 1346/2897/5404
f 1459/3514/5405 1470/3400/5406 1313/3756/5407
f 1459/3514/5405 1313/3756/5407 1340/4562/5408
usemtl stonetrims
f 1469/1547/5409 1462/3446/5410 1285/1475/5411
f 1469/1547/5409 1285/1475/5411 1286/1085/5412
f 1468/4367/5413 1461/2912/5414 1289/3229/5415
f 1468/4367/5413 1289/3229/5415 1278/3149/5416
f 1465/3847/5417 1456/2836/5418 1363/3555/5419
f 1465/3847/5417 1363/3555/5419 1436/2532/5420
usemtl brickwall1
f 1475/2827/5421 1481/435/5422 1335/2326/5423
f 1475/2827/5421 1335/2326/5423 1333/2959/5424
f 1481/435/5425 1477/4678/5426 1337/459/5427
f 1481/435/5425 1337/459/5427 1335/2326/5428
f 1474/4077/5429 1480/3747/5430 1331/3919/5431
f 1474/4077/5429 1331/3919/5431 1329/3243/5432
usemtl stonetrims
f 1478/4510/5433 1473/429/5434 1308/3733/5435
f 1478/4510/5433 1308/3733/5435 1508/2401/5436
f 1471/3679/5437 1472/2538/5438 1507/1283/5439
f 1471/3679/5437 1507/1283/5439 1513/2059/5440
f 1476/529/5441 1478/4510/5442 1508/2401/5443
f 1476/529/5441 1508/2401/5443 1514/2413/5444
usemtl brickwall1
f 1479/2989/5445 1474/4077/5446 1329/3243/5447
f 1479/2989/5445 1329/3243/5447 1314/4352/5448
f 1477/4678/5449 1338/1978/5450 1337/459/5451
f 1480/3747/5452 1475/2827/5453 1333/2959/5454
f 1480/3747/5452 1333/2959/5454 1331/3919/5455
usemtl stonetrims
f 1479/2804/5456 1476/529/5457 1514/2413/5458
f 1479/2804/5456 1514/2413/5458 1312/3432/5459
f 1473/429/5460 1471/3679/5461 1513/2059/5462
f 1473/429/5460 1513/2059/5462 1308/3733/5463
f 1472/2538/5464 1360/4290/5465 1311/310/5466
f 1472/2538/5464 1311/310/5466 1507/1283/5467
usemtl brickwall1
f 1492/2637/5468 1485/2235/5469 1332/1567/5470
f 1492/2637/5468 1332/1567/5470 1334/3925/5471
usemtl stonetrims
f 1490/2734/5472 1482/3256/5473 1300/3956/5474
f 1490/2734/5472 1300/3956/5474 1727/4378/5475
f 1491/3433/5476 1489/4670/5477 1722/2483/5478
f 1491/3433/5476 1722/2483/5478 1303/2453/5479
f 1486/809/5480 1484/4598/5481 1302/614/5482
f 1486/809/5480 1302/614/5482 1305/1476/5483
usemtl brickwall1
f 1485/2235/5484 1488/2355/5485 1330/3212/5486
f 1485/2235/5484 1330/3212/5486 1332/1567/5487
f 1339/367/5488 1487/1910/5489 1336/3991/5490
f 1488/2355/5491 1483/912/5492 1328/902/5493
f 1488/2355/5491 1328/902/5493 1330/3212/5494
f 1487/1910/5495 1492/2637/5496 1334/3925/5497
f 1487/1910/5495 1334/3925/5497 1336/3991/5498
f 1483/912/5499 1484/1836/5500 1315/4081/5501
f 1483/912/5499 1315/4081/5501 1328/902/5502
usemtl stonetrims
f 1489/4670/5503 1490/2734/5504 1727/4378/5505
f 1489/4670/5503 1727/4378/5505 1722/2483/5506
f 1327/3611/5507 1491/3433/5508 1303/2453/5509
f 1327/3611/5507 1303/2453/5509 1726/4437/5510
f 1482/3256/5511 1486/809/5512 1305/1476/5513
f 1482/3256/5511 1305/1476/5513 1300/3956/5514
f 1495/319/5515 1505/3390/5516 1698/2389/5517
f 1495/319/5515 1698/2389/5517 1687/4477/5518
usemtl brickwall1
f 1544/3949/5519 1546/105/5520 1679/826/5521
f 1544/3949/5519 1679/826/5521 1683/3240/5522
f 1546/105/5523 1548/1589/5524 1674/3778/5525
f 1546/105/5523 1674/3778/5525 1679/826/5526
f 1548/1589/5527 1550/2207/5528 1681/3156/5529
f 1548/1589/5527 1681/3156/5529 1674/3778/5530
f 1550/2207/5531 1552/1553/5532 1673/1080/5533
f 1550/2207/5531 1673/1080/5533 1681/3156/5534
f 1552/1553/5535 1677/2894/5536 1673/1080/5537
f 1541/2201/5538 1577/3838/5539 1704/2159/5540
f 1541/2201/5538 1704/2159/5540 1707/336/5541
f 1547/1327/5542 1710/131/5543 1718/3971/5544
f 1547/1327/5542 1718/3971/5544 1549/2972/5545
f 1549/2972/5546 1718/3971/5547 1717/3000/5548
f 1549/2972/5546 1717/3000/5548 1551/674/5549
f 1551/674/5550 1717/3000/5551 1719/4084/5552
f 1551/674/5550 1719/4084/5552 1553/987/5553
f 1553/987/5554 1719/4084/5555 1554/1008/5556
usemtl stonetrims
f 1534/3291/5557 1538/3185/5558 1708/4207/5559
f 1534/3291/5557 1708/4207/5559 1702/2593/5560
f 1312/4622/5561 1514/2753/5562 1680/4145/5563
f 1312/4622/5561 1680/4145/5563 1670/1870/5564
usemtl brickwall1
f 1578/4619/5565 1688/2250/5566 1690/73/5567
f 1578/4619/5565 1690/73/5567 1580/2916/5568
f 1580/2916/5569 1690/73/5570 1697/3245/5571
f 1580/2916/5569 1697/3245/5571 1582/2229/5572
f 1582/2229/5573 1697/3245/5574 1689/2002/5575
f 1582/2229/5573 1689/2002/5575 1584/3664/5576
f 1584/3664/5577 1689/2002/5578 1696/4319/5579
f 1584/3664/5577 1696/4319/5579 1586/945/5580
f 1586/945/5581 1696/4319/5582 1694/4233/5583
f 1543/841/5584 1544/3949/5585 1683/3240/5586
f 1543/841/5584 1683/3240/5586 1670/693/5587
f 1579/1500/5588 1581/4433/5589 1701/2605/5590
f 1579/1500/5588 1701/2605/5590 1706/3694/5591
f 1581/4433/5592 1583/3716/5593 1699/328/5594
f 1581/4433/5592 1699/328/5594 1701/2605/5595
f 1583/3716/5596 1585/2996/5597 1700/1512/5598
f 1583/3716/5596 1700/1512/5598 1699/328/5599
f 1585/2996/5600 1587/2001/5601 1700/1512/5602
f 1577/3838/5603 1579/1500/5604 1706/3694/5605
f 1577/3838/5603 1706/3694/5605 1704/2159/5606
usemtl stonetrims
f 1513/1466/5607 1507/2169/5608 1682/2932/5609
f 1513/1466/5607 1682/2932/5609 1672/4422/5610
f 1508/1172/5611 1308/1017/5612 1675/3585/5613
f 1508/1172/5611 1675/3585/5613 1678/3158/5614
f 1507/2169/5615 1311/1865/5616 1671/3936/5617
f 1507/2169/5615 1671/3936/5617 1682/2932/5618
f 1308/1017/5619 1513/1466/5620 1672/4422/5621
f 1308/1017/5619 1672/4422/5621 1675/3585/5622
usemtl brickwall1
f 1545/4586/5623 1714/2377/5624 1710/131/5625
f 1545/4586/5623 1710/131/5625 1547/1327/5626
usemtl stonetrims
f 1498/1025/5627 1494/3401/5628 1685/1051/5629
f 1498/1025/5627 1685/1051/5629 1692/3601/5630
f 1503/2641/5631 1499/4353/5632 1695/1492/5633
f 1503/2641/5631 1695/1492/5633 1686/3583/5634
f 1539/2423/5635 1534/3291/5636 1702/2593/5637
f 1539/2423/5635 1702/2593/5637 1707/1708/5638
f 1502/4584/5639 1498/1025/5640 1692/3601/5641
f 1502/4584/5639 1692/3601/5641 1684/3148/5642
f 1494/3401/5643 1503/2641/5644 1686/3583/5645
f 1494/3401/5643 1686/3583/5645 1685/1051/5646
f 1499/4353/5647 1495/319/5648 1687/4477/5649
f 1499/4353/5647 1687/4477/5649 1695/1492/5650
f 1537/877/5651 1529/1130/5652 1565/1353/5653
f 1537/877/5651 1565/1353/5653 1705/4221/5654
f 1530/1440/5655 1533/3705/5656 1709/4299/5657
f 1530/1440/5655 1709/4299/5657 1703/2338/5658
f 1514/2753/5659 1508/1172/5660 1678/3158/5661
f 1514/2753/5659 1678/3158/5661 1680/4145/5662
f 1533/3705/5663 1537/877/5664 1705/4221/5665
f 1533/3705/5663 1705/4221/5665 1709/4299/5666
f 1538/3185/5667 1530/1440/5668 1703/2338/5669
f 1538/3185/5667 1703/2338/5669 1708/4207/5670
usemtl brickwall1
f 1540/3151/5671 1698/2299/5672 1688/2250/5673
f 1540/3151/5671 1688/2250/5673 1578/4619/5674
usemtl stonetrims
f 1517/3492/5675 1525/2239/5676 1715/1312/5677
f 1517/3492/5675 1715/1312/5677 1566/3667/5678
f 1521/2856/5679 1518/2927/5680 1713/2218/5681
f 1521/2856/5679 1713/2218/5681 1720/3868/5682
f 1526/1376/5683 1522/4152/5684 1711/3973/5685
f 1526/1376/5683 1711/3973/5685 1716/2417/5686
usemtl brickwall1
f 1542/1939/5687 1712/3901/5688 1714/2377/5689
f 1542/1939/5687 1714/2377/5689 1545/4586/5690
usemtl stonetrims
f 1525/2239/5691 1521/2856/5692 1720/3868/5693
f 1525/2239/5691 1720/3868/5693 1715/1312/5694
f 1518/2927/5695 1526/1376/5696 1716/2417/5697
f 1518/2927/5695 1716/2417/5697 1713/2218/5698
f 1522/4152/5699 421/1037/5700 1712/2004/5701
f 1522/4152/5699 1712/2004/5701 1711/3973/5702
f 1559/1631/5703 1557/1422/5704 1625/3801/5705
f 1559/1631/5703 1625/3801/5705 1623/566/5706
f 1540/3993/5707 1578/596/5708 1639/115/5709
f 1540/3993/5707 1639/115/5709 1595/2761/5710
f 1558/4030/5711 1560/3848/5712 1624/4603/5713
f 1558/4030/5711 1624/4603/5713 1626/4279/5714
f 1544/1580/5715 1543/1321/5716 1594/4540/5717
f 1544/1580/5715 1594/4540/5717 1605/2747/5718
f 1542/3681/5719 1545/4535/5720 1606/4600/5721
f 1542/3681/5719 1606/4600/5721 1596/2363/5722
f 1546/199/5723 1544/1580/5724 1605/2747/5725
f 1546/199/5723 1605/2747/5725 1603/824/5726
f 1561/3068/5727 1559/1631/5728 1623/566/5729
f 1561/3068/5727 1623/566/5729 1621/1502/5730
f 1579/1963/5731 1577/1851/5732 1638/3876/5733
f 1579/1963/5731 1638/3876/5733 1636/483/5734
f 1545/4535/5735 1547/2305/5736 1604/307/5737
f 1545/4535/5735 1604/307/5737 1606/4600/5738
f 1560/3848/5739 1562/2848/5740 1622/1307/5741
f 1560/3848/5739 1622/1307/5741 1624/4603/5742
f 1578/596/5743 1580/3009/5744 1637/2116/5745
f 1578/596/5743 1637/2116/5745 1639/115/5746
f 1548/1966/5747 1546/199/5748 1603/824/5749
f 1548/1966/5747 1603/824/5749 1601/2991/5750
f 1563/225/5751 1561/3068/5752 1621/1502/5753
f 1563/225/5751 1621/1502/5753 1618/1457/5754
f 1581/1554/5755 1579/1963/5756 1636/483/5757
f 1581/1554/5755 1636/483/5757 1634/4259/5758
f 1547/2305/5759 1549/585/5760 1602/135/5761
f 1547/2305/5759 1602/135/5761 1604/307/5762
f 1562/2848/5763 1564/3978/5764 1619/3965/5765
f 1562/2848/5763 1619/3965/5765 1622/1307/5766
f 1580/3009/5767 1582/3513/5768 1635/540/5769
f 1580/3009/5767 1635/540/5769 1637/2116/5770
f 1550/1958/5771 1548/1966/5772 1601/2991/5773
f 1550/1958/5771 1601/2991/5773 1599/4120/5774
f 1566/1984/5775 1563/225/5776 1618/1457/5777
f 1566/1984/5775 1618/1457/5777 1591/3915/5778
f 1583/3495/5779 1581/1554/5780 1634/4259/5781
f 1583/3495/5779 1634/4259/5781 1632/729/5782
f 1549/585/5783 1551/2516/5784 1600/3628/5785
f 1549/585/5783 1600/3628/5785 1602/135/5786
f 1582/3513/5787 1584/1161/5788 1633/1239/5789
f 1582/3513/5787 1633/1239/5789 1635/540/5790
f 1564/3978/5791 1565/4021/5792 1620/848/5793
f 1564/3978/5791 1620/848/5793 1619/3965/5794
f 1598/2407/5795 1588/37/5796 1589/2382/5797
f 1598/2407/5795 1589/2382/5797 1597/2961/5798
f 1600/3628/5799 1598/2407/5800 1597/2961/5801
f 1600/3628/5799 1597/2961/5801 1599/4120/5802
f 1602/135/5803 1600/3628/5804 1599/4120/5805
f 1602/135/5803 1599/4120/5805 1601/2991/5806
f 1604/307/5807 1602/135/5808 1601/2991/5809
f 1604/307/5807 1601/2991/5809 1603/824/5810
f 1606/4600/5811 1604/307/5812 1603/824/5813
f 1606/4600/5811 1603/824/5813 1605/2747/5814
f 1590/1397/5815 1608/3105/5816 1609/4335/5817
f 1590/1397/5815 1609/4335/5817 1607/113/5818
f 1608/3105/5819 1610/3115/5820 1611/1817/5821
f 1608/3105/5819 1611/1817/5821 1609/4335/5822
f 1610/3115/5823 1612/474/5824 1613/3904/5825
f 1610/3115/5823 1613/3904/5825 1611/1817/5826
f 1612/474/5827 1614/3539/5828 1615/652/5829
f 1612/474/5827 1615/652/5829 1613/3904/5830
f 1614/3539/5831 1616/314/5832 1617/2449/5833
f 1614/3539/5831 1617/2449/5833 1615/652/5834
f 1619/3965/5835 1620/848/5836 1591/3915/5837
f 1619/3965/5835 1591/3915/5837 1618/1457/5838
f 1622/1307/5839 1619/3965/5840 1618/1457/5841
f 1622/1307/5839 1618/1457/5841 1621/1502/5842
f 1624/4603/5843 1622/1307/5844 1621/1502/5845
f 1624/4603/5843 1621/1502/5845 1623/566/5846
f 1626/4279/5847 1624/4603/5848 1623/566/5849
f 1626/4279/5847 1623/566/5849 1625/3801/5850
f 1628/4596/5851 1626/4279/5852 1625/3801/5853
f 1628/4596/5851 1625/3801/5853 1627/2820/5854
f 1616/314/5855 1595/2246/5856 1594/1394/5857
f 1616/314/5855 1594/1394/5857 1617/2449/5858
f 1593/2781/5859 1628/4596/5860 1627/2820/5861
f 1593/2781/5859 1627/2820/5861 1596/1762/5862
f 1630/3187/5863 1631/1992/5864 1592/1793/5865
f 1630/3187/5863 1592/1793/5865 1629/1537/5866
f 1633/1239/5867 1630/3187/5868 1629/1537/5869
f 1633/1239/5867 1629/1537/5869 1632/729/5870
f 1635/540/5871 1633/1239/5872 1632/729/5873
f 1635/540/5871 1632/729/5873 1634/4259/5874
f 1637/2116/5875 1635/540/5876 1634/4259/5877
f 1637/2116/5875 1634/4259/5877 1636/483/5878
f 1639/115/5879 1637/2116/5880 1636/483/5881
f 1639/115/5879 1636/483/5881 1638/3876/5882
f 1596/2363/5883 1606/4600/5884 1605/2747/5885
f 1596/2363/5883 1605/2747/5885 1594/4540/5886
f 1595/2761/5887 1639/115/5888 1638/3876/5889
f 1595/2761/5887 1638/3876/5889 1593/2077/5890
f 1577/1851/5891 1541/4639/5892 1593/2077/5893
f 1577/1851/5891 1593/2077/5893 1638/3876/5894
f 1576/628/5895 1671/74/5896 1607/113/5897
f 1576/628/5895 1607/113/5897 1609/4335/5898
f 1556/1380/5899 1558/4030/5900 1626/4279/5901
f 1556/1380/5899 1626/4279/5901 1628/4596/5902
f 1575/1169/5903 1573/1648/5904 1610/3115/5905
f 1575/1169/5903 1610/3115/5905 1608/3105/5906
f 1557/1422/5907 1555/3885/5908 1627/2820/5909
f 1557/1422/5907 1627/2820/5909 1625/3801/5910
f 1567/2512/5911 1540/2636/5912 1595/2246/5913
f 1567/2512/5911 1595/2246/5913 1616/314/5914
f 1574/4234/5915 1576/628/5916 1609/4335/5917
f 1574/4234/5915 1609/4335/5917 1611/1817/5918
f 1543/853/5919 1568/568/5920 1617/2449/5921
f 1543/853/5919 1617/2449/5921 1594/1394/5922
f 1573/1648/5923 1571/4410/5924 1612/474/5925
f 1573/1648/5923 1612/474/5925 1610/3115/5926
f 1541/2963/5927 1556/1380/5928 1628/4596/5929
f 1541/2963/5927 1628/4596/5929 1593/2781/5930
f 1555/3885/5931 1542/1893/5932 1596/1762/5933
f 1555/3885/5931 1596/1762/5933 1627/2820/5934
f 1572/4044/5935 1574/4234/5936 1611/1817/5937
f 1572/4044/5935 1611/1817/5937 1613/3904/5938
f 1571/4410/5939 1569/353/5940 1614/3539/5941
f 1571/4410/5939 1614/3539/5941 1612/474/5942
f 1586/1795/5943 1694/666/5944 1631/1992/5945
f 1586/1795/5943 1631/1992/5945 1630/3187/5946
f 1553/4031/5947 1554/1174/5948 1588/37/5949
f 1553/4031/5947 1588/37/5949 1598/2407/5950
f 1570/6/5951 1572/4044/5952 1613/3904/5953
f 1570/6/5951 1613/3904/5953 1615/652/5954
f 1587/2978/5955 1585/756/5956 1629/1537/5957
f 1587/2978/5955 1629/1537/5957 1592/1793/5958
f 1569/353/5959 1567/2512/5960 1616/314/5961
f 1569/353/5959 1616/314/5961 1614/3539/5962
f 1584/1161/5963 1586/1795/5964 1630/3187/5965
f 1584/1161/5963 1630/3187/5965 1633/1239/5966
f 1568/568/5967 1570/6/5968 1615/652/5969
f 1568/568/5967 1615/652/5969 1617/2449/5970
f 1551/2516/5971 1553/4031/5972 1598/2407/5973
f 1551/2516/5971 1598/2407/5973 1600/3628/5974
f 1585/756/5975 1583/3495/5976 1632/729/5977
f 1585/756/5975 1632/729/5977 1629/1537/5978
f 1552/1035/5979 1550/1958/5980 1599/4120/5981
f 1552/1035/5979 1599/4120/5981 1597/2961/5982
f 1595/962/5983 1593/2308/5984 1643/226/5985
f 1595/962/5983 1643/226/5985 1641/2192/5986
f 1596/308/5987 1594/910/5988 1640/2564/5989
f 1596/308/5987 1640/2564/5989 1645/2438/5990
f 1593/4171/5991 1596/2565/5992 1645/2612/5993
f 1593/4171/5991 1645/2612/5993 1643/3899/5994
f 1642/3701/5995 1646/1448/5996 1640/1990/5997
f 1641/2550/5998 1650/1584/5999 1648/3813/6000
f 1641/2550/5998 1648/3813/6000 1642/3701/6001
f 1643/3391/6002 1647/3020/6003 1644/641/6004
f 1645/773/6005 1646/1448/6006 1647/3020/6007
f 1644/641/6008 1647/3020/6009 1649/2309/6010
f 1644/641/6008 1649/2309/6010 1648/3813/6011
f 1645/2438/6012 1640/2564/6013 1646/2030/6014
f 1640/3658/6015 1641/2212/6016 1642/2322/6017
f 1641/2192/6018 1643/226/6019 1644/3083/6020
f 1641/2192/6018 1644/3083/6020 1650/983/6021
f 1643/3899/6022 1645/2612/6023 1647/1360/6024
f 1642/3701/6025 1649/2309/6026 1646/1448/6027
usemtl brickwall1
f 1648/888/6028 1650/1273/6029 1644/903/6030
usemtl stonetrims
f 1646/1448/6031 1649/2309/6032 1647/3020/6033
f 1648/3813/6034 1649/2309/6035 1642/3701/6036
f 1506/1488/6037 1677/2270/6038 1658/3125/6039
f 1506/1488/6037 1658/3125/6039 1653/2684/6040
f 1566/1984/6041 1591/3915/6042 1665/411/6043
f 1566/1984/6041 1665/411/6043 1660/966/6044
f 1554/3015/6045 1523/1441/6046 1654/1857/6047
f 1554/3015/6045 1654/1857/6047 1657/1860/6048
f 1517/3492/6049 1566/3667/6050 1660/2164/6051
f 1517/3492/6049 1660/2164/6051 554/3117/6052
f 1607/113/6053 1671/74/6054 1676/4518/6055
f 1607/113/6053 1676/4518/6055 1667/3795/6056
f 1565/1353/6057 1529/1130/6058 1655/541/6059
f 1565/1353/6057 1655/541/6059 1659/1391/6060
f 1592/1793/6061 1631/1992/6062 1669/533/6063
f 1592/1793/6061 1669/533/6063 1666/4567/6064
f 1588/37/6065 1554/1174/6066 1657/3265/6067
f 1588/37/6065 1657/3265/6067 1662/1280/6068
f 1620/848/6069 1565/4021/6070 1659/3510/6071
f 1620/848/6069 1659/3510/6071 1668/408/6072
f 1535/2714/6073 1587/2150/6074 1661/867/6075
f 1535/2714/6073 1661/867/6075 1656/864/6076
f 1590/1397/6077 1607/113/6078 1667/3795/6079
f 1590/1397/6077 1667/3795/6079 1664/4590/6080
f 1631/1992/6081 1694/666/6082 1691/2034/6083
f 1631/1992/6081 1691/2034/6083 1669/533/6084
f 1694/1378/6085 1496/4022/6086 1651/3259/6087
f 1694/1378/6085 1651/3259/6087 1691/4115/6088
f 1591/3915/6089 1620/848/6090 1668/408/6091
f 1591/3915/6089 1668/408/6091 1665/411/6092
f 1671/3936/6093 1311/1865/6094 1428/2600/6095
f 1671/3936/6093 1428/2600/6095 1676/2036/6096
f 1589/2382/6097 1588/37/6098 1662/1280/6099
f 1589/2382/6097 1662/1280/6099 1663/4667/6100
f 1502/4584/6101 1684/3148/6102 1693/3615/6103
f 1502/4584/6101 1693/3615/6103 1652/703/6104
f 1587/2978/6105 1592/1793/6106 1666/4567/6107
f 1587/2978/6105 1666/4567/6107 1661/1525/6108
f 1594/2984/6109 1595/2849/6110 1641/2212/6111
f 1594/2984/6109 1641/2212/6111 1640/3658/6112
f 1683/3381/6113 1679/3782/6114 1509/2026/6115
f 1683/3381/6113 1509/2026/6115 1310/2680/6116
f 1674/1009/6117 1681/3541/6118 1511/1730/6119
f 1674/1009/6117 1511/1730/6119 1510/399/6120
f 1673/3345/6121 1677/2270/6122 1506/1488/6123
f 1673/3345/6121 1506/1488/6123 1512/990/6124
f 1677/3516/6125 1552/1035/6126 1597/2961/6127
f 1677/3516/6125 1597/2961/6127 1589/2382/6128
usemtl brickwall1
f 1678/3475/6129 1675/44/6130 1572/4124/6131
f 1678/3475/6129 1572/4124/6131 1570/5/6132
f 1675/44/6133 1672/1305/6134 1574/931/6135
f 1675/44/6133 1574/931/6135 1572/4124/6136
usemtl stonetrims
f 1658/3334/6137 1677/3516/6138 1589/2382/6139
f 1658/3334/6137 1589/2382/6139 1663/4667/6140
f 1679/3782/6141 1674/1009/6142 1510/399/6143
f 1679/3782/6141 1510/399/6143 1509/2026/6144
f 1681/3541/6145 1673/3345/6146 1512/990/6147
f 1681/3541/6145 1512/990/6147 1511/1730/6148
usemtl brickwall1
f 1680/4154/6149 1678/3475/6150 1570/5/6151
f 1680/4154/6149 1570/5/6151 1568/3572/6152
f 1670/693/6153 1680/4154/6154 1568/3572/6155
f 1670/693/6153 1568/3572/6155 1543/841/6156
usemtl stonetrims
f 1670/1870/6157 1683/3381/6158 1310/2680/6159
f 1670/1870/6157 1310/2680/6159 1312/4622/6160
usemtl brickwall1
f 1672/1305/6161 1682/4511/6162 1576/626/6163
f 1672/1305/6161 1576/626/6163 1574/931/6164
f 1682/4511/6165 1671/736/6166 1576/626/6167
f 1686/1707/6168 1695/981/6169 1569/3569/6170
f 1686/1707/6168 1569/3569/6170 1571/520/6171
f 1684/886/6172 1692/4649/6173 1575/855/6174
f 1695/981/6175 1687/2408/6176 1567/2439/6177
f 1695/981/6175 1567/2439/6177 1569/3569/6178
usemtl stonetrims
f 1688/2525/6179 1698/2389/6180 1505/3390/6181
f 1688/2525/6179 1505/3390/6181 1497/4110/6182
f 1690/2331/6183 1688/2525/6184 1497/4110/6185
f 1690/2331/6183 1497/4110/6185 1500/3506/6186
f 1689/1813/6187 1697/3623/6188 1501/4631/6189
f 1689/1813/6187 1501/4631/6189 1504/532/6190
f 1694/1378/6191 1696/1773/6192 1493/458/6193
f 1694/1378/6191 1493/458/6193 1496/4022/6194
f 1684/1733/6195 1575/1169/6196 1608/3105/6197
f 1684/1733/6195 1608/3105/6197 1590/1397/6198
usemtl brickwall1
f 1692/4649/6199 1685/2106/6200 1573/696/6201
f 1692/4649/6199 1573/696/6201 1575/855/6202
f 1685/2106/6203 1686/1707/6204 1571/520/6205
f 1685/2106/6203 1571/520/6205 1573/696/6206
f 1687/2408/6207 1698/2299/6208 1540/3151/6209
f 1687/2408/6207 1540/3151/6209 1567/2439/6210
usemtl stonetrims
f 1697/3623/6211 1690/2331/6212 1500/3506/6213
f 1697/3623/6211 1500/3506/6213 1501/4631/6214
f 1696/1773/6215 1689/1813/6216 1504/532/6217
f 1696/1773/6215 1504/532/6217 1493/458/6218
f 1693/2769/6219 1684/1733/6220 1590/1397/6221
f 1693/2769/6219 1590/1397/6221 1664/4590/6222
usemtl brickwall1
f 1703/1727/6223 1709/2498/6224 1562/171/6225
f 1703/1727/6223 1562/171/6225 1560/752/6226
f 1709/2498/6227 1705/3630/6228 1564/3032/6229
f 1709/2498/6227 1564/3032/6229 1562/171/6230
f 1702/3040/6231 1708/1107/6232 1558/3295/6233
f 1702/3040/6231 1558/3295/6233 1556/1066/6234
usemtl stonetrims
f 1706/1912/6235 1701/4035/6236 1528/3360/6237
f 1706/1912/6235 1528/3360/6237 1527/1133/6238
f 1699/2580/6239 1700/4593/6240 1532/3397/6241
f 1699/2580/6239 1532/3397/6241 1531/1281/6242
f 1704/4131/6243 1706/1912/6244 1527/1133/6245
f 1704/4131/6243 1527/1133/6245 1536/2857/6246
usemtl brickwall1
f 1707/336/6247 1702/3040/6248 1556/1066/6249
f 1707/336/6247 1556/1066/6249 1541/2201/6250
f 1705/3630/6251 1565/4496/6252 1564/3032/6253
f 1708/1107/6254 1703/1727/6255 1560/752/6256
f 1708/1107/6254 1560/752/6256 1558/3295/6257
usemtl stonetrims
f 1707/1708/6258 1704/4131/6259 1536/2857/6260
f 1707/1708/6258 1536/2857/6260 1539/2423/6261
f 1701/4035/6262 1699/2580/6263 1531/1281/6264
f 1701/4035/6262 1531/1281/6264 1528/3360/6265
f 1700/4593/6266 1587/2150/6267 1535/2714/6268
f 1700/4593/6266 1535/2714/6268 1532/3397/6269
usemtl brickwall1
f 1720/1565/6270 1713/1180/6271 1559/4087/6272
f 1720/1565/6270 1559/4087/6272 1561/1767/6273
usemtl stonetrims
f 1718/1641/6274 1710/615/6275 1515/2844/6276
f 1718/1641/6274 1515/2844/6276 1516/3617/6277
f 1719/784/6278 1717/3627/6279 1519/1401/6280
f 1719/784/6278 1519/1401/6280 1520/387/6281
f 1714/4411/6282 1712/2004/6283 421/1037/6284
f 1714/4411/6282 421/1037/6284 1524/1555/6285
usemtl brickwall1
f 1713/1180/6286 1716/1299/6287 1557/1018/6288
f 1713/1180/6286 1557/1018/6288 1559/4087/6289
f 1566/2929/6290 1715/806/6291 1563/1843/6292
f 1716/1299/6293 1711/4522/6294 1555/3466/6295
f 1716/1299/6293 1555/3466/6295 1557/1018/6296
f 1715/806/6297 1720/1565/6298 1561/1767/6299
f 1715/806/6297 1561/1767/6299 1563/1843/6300
f 1711/4522/6301 1712/3901/6302 1542/1939/6303
f 1711/4522/6301 1542/1939/6303 1555/3466/6304
usemtl stonetrims
f 1717/3627/6305 1718/1641/6306 1516/3617/6307
f 1717/3627/6305 1516/3617/6307 1519/1401/6308
f 1554/3015/6309 1719/784/6310 1520/387/6311
f 1554/3015/6309 1520/387/6311 1523/1441/6312
f 1710/615/6313 1714/4411/6314 1524/1555/6315
f 1710/615/6313 1524/1555/6315 1515/2844/6316
f 1723/3937/6317 1302/337/6318 1916/1437/6319
f 1723/3937/6317 1916/1437/6319 1905/3537/6320
usemtl brickwall1
f 1762/2997/6321 1764/3823/6322 1897/4530/6323
f 1762/2997/6321 1897/4530/6323 1901/2220/6324
f 1764/3823/6325 1766/581/6326 1892/2796/6327
f 1764/3823/6325 1892/2796/6327 1897/4530/6328
f 1766/581/6329 1768/1237/6330 1899/2136/6331
f 1766/581/6329 1899/2136/6331 1892/2796/6332
f 1768/1237/6333 1770/546/6334 1891/104/6335
f 1768/1237/6333 1891/104/6335 1899/2136/6336
f 1770/546/6337 1895/1896/6338 1891/104/6339
f 1759/1228/6340 1795/2873/6341 1922/1184/6342
f 1759/1228/6340 1922/1184/6342 1925/4046/6343
f 1765/329/6344 1928/3856/6345 1936/3018/6346
f 1765/329/6344 1936/3018/6346 1767/1951/6347
f 1767/1951/6348 1936/3018/6349 1935/1986/6350
f 1767/1951/6348 1935/1986/6350 1769/4385/6351
f 1769/4385/6352 1935/1986/6353 1937/3133/6354
f 1769/4385/6352 1937/3133/6354 1771/4685/6355
f 1771/4685/6356 1937/3133/6357 1772/7/6358
usemtl stonetrims
f 1752/2292/6359 1756/2165/6360 1926/3250/6361
f 1752/2292/6359 1926/3250/6361 1920/1612/6362
f 874/1335/6363 1735/1914/6364 1898/3195/6365
f 874/1335/6363 1898/3195/6365 1888/860/6366
usemtl brickwall1
f 1796/3675/6367 1906/1297/6368 1908/3790/6369
f 1796/3675/6367 1908/3790/6369 1798/1913/6370
f 1798/1913/6371 1908/3790/6372 1915/2230/6373
f 1798/1913/6371 1915/2230/6373 1800/1274/6374
f 1800/1274/6375 1915/2230/6376 1907/997/6377
f 1800/1274/6375 1907/997/6377 1802/2662/6378
f 1802/2662/6379 1907/997/6380 1914/3372/6381
f 1802/2662/6379 1914/3372/6381 1804/4648/6382
f 1804/4648/6383 1914/3372/6384 1912/3280/6385
f 1761/4538/6386 1762/2997/6387 1901/2220/6388
f 1761/4538/6386 1901/2220/6388 1888/4401/6389
f 1797/492/6390 1799/3490/6391 1919/1623/6392
f 1797/492/6390 1919/1623/6392 1924/2702/6393
f 1799/3490/6394 1801/1182/6395 1917/4040/6396
f 1799/3490/6394 1917/4040/6396 1919/1623/6397
f 1801/1182/6398 1803/1982/6399 1918/504/6400
f 1801/1182/6398 1918/504/6400 1917/4040/6401
f 1803/1982/6402 1805/995/6403 1918/504/6404
f 1795/2873/6405 1797/492/6406 1924/2702/6407
f 1795/2873/6405 1924/2702/6407 1922/1184/6408
usemtl stonetrims
f 1734/587/6409 1729/3967/6410 1900/1930/6411
f 1734/587/6409 1900/1930/6411 1890/3481/6412
f 868/549/6413 1732/3242/6414 1893/2566/6415
f 868/549/6413 1893/2566/6415 1896/2146/6416
f 1729/3967/6417 1731/2850/6418 1889/2983/6419
f 1729/3967/6417 1889/2983/6419 1900/1930/6420
f 1732/3242/6421 1734/587/6422 1890/3481/6423
f 1732/3242/6421 1890/3481/6423 1893/2566/6424
usemtl brickwall1
f 1763/3629/6425 1932/1423/6426 1928/3856/6427
f 1763/3629/6425 1928/3856/6427 1765/329/6428
usemtl stonetrims
f 1724/4050/6429 1722/2301/6430 1903/63/6431
f 1724/4050/6429 1903/63/6431 1910/2591/6432
f 1727/3523/6433 1300/4093/6434 1913/484/6435
f 1727/3523/6433 1913/484/6435 1904/2561/6436
f 1757/269/6437 1752/2292/6438 1920/1612/6439
f 1757/269/6437 1920/1612/6439 1925/3886/6440
f 1726/2281/6441 1724/4050/6442 1910/2591/6443
f 1726/2281/6441 1910/2591/6443 1902/2129/6444
f 1722/2301/6445 1727/3523/6446 1904/2561/6447
f 1722/2301/6445 1904/2561/6447 1903/63/6448
f 1300/4093/6449 1723/3937/6450 1905/3537/6451
f 1300/4093/6449 1905/3537/6451 1913/484/6452
f 1755/4576/6453 422/3251/6454 1783/354/6455
f 1755/4576/6453 1783/354/6455 1923/3267/6456
f 1748/431/6457 1751/2709/6458 1927/3346/6459
f 1748/431/6457 1927/3346/6459 1921/1387/6460
f 1735/1914/6461 868/549/6462 1896/2146/6463
f 1735/1914/6461 1896/2146/6463 1898/3195/6464
f 1751/2709/6465 1755/4576/6466 1923/3267/6467
f 1751/2709/6465 1923/3267/6467 1927/3346/6468
f 1756/2165/6469 1748/431/6470 1921/1387/6471
f 1756/2165/6469 1921/1387/6471 1926/3250/6472
usemtl brickwall1
f 1758/2132/6473 1916/1341/6474 1906/1297/6475
f 1758/2132/6473 1906/1297/6475 1796/3675/6476
usemtl stonetrims
f 1737/3120/6477 1744/2342/6478 1933/311/6479
f 1737/3120/6477 1933/311/6479 1784/2670/6480
f 1741/2461/6481 1942/413/6482 1931/1261/6483
f 1741/2461/6481 1931/1261/6483 1938/3528/6484
f 1745/1462/6485 1742/3802/6486 1929/3019/6487
f 1745/1462/6485 1929/3019/6487 1934/1452/6488
usemtl brickwall1
f 1760/920/6489 1930/2938/6490 1932/1423/6491
f 1760/920/6489 1932/1423/6491 1763/3629/6492
usemtl stonetrims
f 1744/2342/6493 1741/2461/6494 1938/3528/6495
f 1744/2342/6493 1938/3528/6495 1933/311/6496
f 1942/413/6497 1745/1462/6498 1934/1452/6499
f 1942/413/6497 1934/1452/6499 1931/1261/6500
f 1742/3802/6501 1739/4405/6502 1930/998/6503
f 1742/3802/6501 1930/998/6503 1929/3019/6504
f 1777/630/6505 1775/417/6506 1843/2829/6507
f 1777/630/6505 1843/2829/6507 1841/2754/6508
f 1758/3037/6509 1796/4297/6510 1857/3836/6511
f 1758/3037/6509 1857/3836/6511 1813/1769/6512
f 1776/3077/6513 1778/2880/6514 1842/3651/6515
f 1776/3077/6513 1842/3651/6515 1844/3331/6516
f 1762/576/6517 1761/320/6518 1812/3594/6519
f 1762/576/6517 1812/3594/6519 1823/1749/6520
f 1760/2693/6521 1763/3587/6522 1824/3644/6523
f 1760/2693/6521 1824/3644/6523 1814/1413/6524
f 1764/3922/6525 1762/576/6526 1823/1749/6527
f 1764/3922/6525 1823/1749/6527 1821/4527/6528
f 1779/2038/6529 1777/630/6530 1841/2754/6531
f 1779/2038/6529 1841/2754/6531 1839/493/6532
f 1797/949/6533 1795/838/6534 1856/2913/6535
f 1797/949/6533 1856/2913/6535 1854/4173/6536
f 1763/3587/6537 1765/1343/6538 1822/4024/6539
f 1763/3587/6537 1822/4024/6539 1824/3644/6540
f 1778/2880/6541 1780/1858/6542 1840/1606/6543
f 1778/2880/6541 1840/1606/6543 1842/3651/6544
f 1796/4297/6545 1798/1995/6546 1855/1145/6547
f 1796/4297/6545 1855/1145/6547 1857/3836/6548
f 1766/955/6549 1764/3922/6550 1821/4527/6551
f 1766/955/6549 1821/4527/6551 1819/1980/6552
f 1781/3934/6553 1779/2038/6554 1839/493/6555
f 1781/3934/6553 1839/493/6555 1836/446/6556
f 1799/547/6557 1797/949/6558 1854/4173/6559
f 1799/547/6557 1854/4173/6559 1852/3302/6560
f 1765/1343/6561 1767/4282/6562 1820/3864/6563
f 1765/1343/6561 1820/3864/6563 1822/4024/6564
f 1780/1858/6565 1782/3023/6566 1837/3014/6567
f 1780/1858/6565 1837/3014/6567 1840/1606/6568
f 1798/1995/6569 1800/2496/6570 1853/4222/6571
f 1798/1995/6569 1853/4222/6571 1855/1145/6572
f 1768/938/6573 1766/955/6574 1819/1980/6575
f 1768/938/6573 1819/1980/6575 1817/3165/6576
f 1784/972/6577 1781/3934/6578 1836/446/6579
f 1784/972/6577 1836/446/6579 1809/2950/6580
f 1801/2484/6581 1799/547/6582 1852/3302/6583
f 1801/2484/6581 1852/3302/6583 1850/4436/6584
f 1767/4282/6585 1769/1543/6586 1818/2622/6587
f 1767/4282/6585 1818/2622/6587 1820/3864/6588
f 1800/2496/6589 1802/160/6590 1851/258/6591
f 1800/2496/6589 1851/258/6591 1853/4222/6592
f 1782/3023/6593 1783/3069/6594 1838/4545/6595
f 1782/3023/6593 1838/4545/6595 1837/3014/6596
f 1816/1444/6597 1806/3773/6598 1807/1425/6599
f 1816/1444/6597 1807/1425/6599 1815/1943/6600
f 1818/2622/6601 1816/1444/6602 1815/1943/6603
f 1818/2622/6601 1815/1943/6603 1817/3165/6604
f 1820/3864/6605 1818/2622/6606 1817/3165/6607
f 1820/3864/6605 1817/3165/6607 1819/1980/6608
f 1822/4024/6609 1820/3864/6610 1819/1980/6611
f 1822/4024/6609 1819/1980/6611 1821/4527/6612
f 1824/3644/6613 1822/4024/6614 1821/4527/6615
f 1824/3644/6613 1821/4527/6615 1823/1749/6616
f 1808/394/6617 1826/2068/6618 1827/3384/6619
f 1808/394/6617 1827/3384/6619 1825/3835/6620
f 1826/2068/6621 1828/2083/6622 1829/808/6623
f 1826/2068/6621 1829/808/6623 1827/3384/6624
f 1828/2083/6625 1830/4163/6626 1831/2944/6627
f 1828/2083/6625 1831/2944/6627 1829/808/6628
f 1830/4163/6629 1832/2520/6630 1833/4347/6631
f 1830/4163/6629 1833/4347/6631 1831/2944/6632
f 1832/2520/6633 1834/4029/6634 1835/1470/6635
f 1832/2520/6633 1835/1470/6635 1833/4347/6636
f 1837/3014/6637 1838/4545/6638 1809/2950/6639
f 1837/3014/6637 1809/2950/6639 1836/446/6640
f 1840/1606/6641 1837/3014/6642 1836/446/6643
f 1840/1606/6641 1836/446/6643 1839/493/6644
f 1842/3651/6645 1840/1606/6646 1839/493/6647
f 1842/3651/6645 1839/493/6647 1841/2754/6648
f 1844/3331/6649 1842/3651/6650 1841/2754/6651
f 1844/3331/6649 1841/2754/6651 1843/2829/6652
f 1846/3643/6653 1844/3331/6654 1843/2829/6655
f 1846/3643/6653 1843/2829/6655 1845/1835/6656
f 1834/4029/6657 1813/1296/6658 1812/393/6659
f 1834/4029/6657 1812/393/6659 1835/1470/6660
f 1811/1797/6661 1846/3643/6662 1845/1835/6663
f 1811/1797/6661 1845/1835/6663 1814/754/6664
f 1848/2166/6665 1849/984/6666 1810/785/6667
f 1848/2166/6665 1810/785/6667 1847/3699/6668
f 1851/258/6669 1848/2166/6670 1847/3699/6671
f 1851/258/6669 1847/3699/6671 1850/4436/6672
f 1853/4222/6673 1851/258/6674 1850/4436/6675
f 1853/4222/6673 1850/4436/6675 1852/3302/6676
f 1855/1145/6677 1853/4222/6678 1852/3302/6679
f 1855/1145/6677 1852/3302/6679 1854/4173/6680
f 1857/3836/6681 1855/1145/6682 1854/4173/6683
f 1857/3836/6681 1854/4173/6683 1856/2913/6684
f 1814/1413/6685 1824/3644/6686 1823/1749/6687
f 1814/1413/6685 1823/1749/6687 1812/3594/6688
f 1813/1769/6689 1857/3836/6690 1856/2913/6691
f 1813/1769/6689 1856/2913/6691 1811/1094/6692
f 1795/838/6693 1759/3691/6694 1811/1094/6695
f 1795/838/6693 1811/1094/6695 1856/2913/6696
f 1794/4324/6697 1889/2095/6698 1825/3835/6699
f 1794/4324/6697 1825/3835/6699 1827/3384/6700
f 1774/382/6701 1776/3077/6702 1844/3331/6703
f 1774/382/6701 1844/3331/6703 1846/3643/6704
f 1793/174/6705 1791/648/6706 1828/2083/6707
f 1793/174/6705 1828/2083/6707 1826/2068/6708
f 1775/417/6709 1773/2922/6710 1845/1835/6711
f 1775/417/6709 1845/1835/6711 1843/2829/6712
f 1785/1538/6713 1758/1650/6714 1813/1296/6715
f 1785/1538/6713 1813/1296/6715 1834/4029/6716
f 1792/3281/6717 1794/4324/6718 1827/3384/6719
f 1792/3281/6717 1827/3384/6719 1829/808/6720
f 1761/4550/6721 1786/4256/6722 1835/1470/6723
f 1761/4550/6721 1835/1470/6723 1812/393/6724
f 1791/648/6725 1789/3463/6726 1830/4163/6727
f 1791/648/6725 1830/4163/6727 1828/2083/6728
f 1759/1946/6729 1774/382/6730 1846/3643/6731
f 1759/1946/6729 1846/3643/6731 1811/1797/6732
f 1773/2922/6733 1760/883/6734 1814/754/6735
f 1773/2922/6733 1814/754/6735 1845/1835/6736
f 1790/1526/6737 1792/3281/6738 1829/808/6739
f 1790/1526/6737 1829/808/6739 1831/2944/6740
f 1789/3463/6741 1787/4059/6742 1832/2520/6743
f 1789/3463/6741 1832/2520/6743 1830/4163/6744
f 1804/789/6745 1912/4375/6746 1849/984/6747
f 1804/789/6745 1849/984/6747 1848/2166/6748
f 1771/3078/6749 1772/175/6750 1806/3773/6751
f 1771/3078/6749 1806/3773/6751 1816/1444/6752
f 1788/3748/6753 1790/1526/6754 1831/2944/6755
f 1788/3748/6753 1831/2944/6755 1833/4347/6756
f 1805/1962/6757 1803/4457/6758 1847/3699/6759
f 1805/1962/6757 1847/3699/6759 1810/785/6760
f 1787/4059/6761 1785/1538/6762 1834/4029/6763
f 1787/4059/6761 1834/4029/6763 1832/2520/6764
f 1802/160/6765 1804/789/6766 1848/2166/6767
f 1802/160/6765 1848/2166/6767 1851/258/6768
f 1786/4256/6769 1788/3748/6770 1833/4347/6771
f 1786/4256/6769 1833/4347/6771 1835/1470/6772
f 1769/1543/6773 1771/3078/6774 1816/1444/6775
f 1769/1543/6773 1816/1444/6775 1818/2622/6776
f 1803/4457/6777 1801/2484/6778 1850/4436/6779
f 1803/4457/6777 1850/4436/6779 1847/3699/6780
f 1770/45/6781 1768/938/6782 1817/3165/6783
f 1770/45/6781 1817/3165/6783 1815/1943/6784
f 1813/4668/6785 1811/1348/6786 1861/3938/6787
f 1813/4668/6785 1861/3938/6787 1859/1218/6788
f 1814/4026/6789 1812/3112/6790 1858/1593/6791
f 1814/4026/6789 1858/1593/6791 1863/1458/6792
f 1811/3223/6793 1814/1590/6794 1863/1630/6795
f 1811/3223/6793 1863/1630/6795 1861/2936/6796
f 1860/2707/6797 1864/439/6798 1858/978/6799
f 1859/1573/6800 1868/578/6801 1866/2841/6802
f 1859/1573/6800 1866/2841/6802 1860/2707/6803
f 1861/2397/6804 1865/2005/6805 1862/4332/6806
f 1863/4469/6807 1864/439/6808 1865/2005/6809
f 1862/4332/6810 1865/2005/6811 1867/1350/6812
f 1862/4332/6810 1867/1350/6812 1866/2841/6813
f 1863/1458/6814 1858/1593/6815 1864/1031/6816
f 1858/2657/6817 1859/1254/6818 1860/1368/6819
f 1859/1218/6820 1861/3938/6821 1862/2049/6822
f 1859/1218/6820 1862/2049/6822 1868/4682/6823
f 1861/2936/6824 1863/1630/6825 1865/368/6826
f 1860/2707/6827 1867/1350/6828 1864/439/6829
usemtl brickwall1
f 1866/4589/6830 1868/272/6831 1862/4594/6832
usemtl stonetrims
f 1864/439/6833 1867/1350/6834 1865/2005/6835
f 1866/2841/6836 1867/1350/6837 1860/2707/6838
f 869/2549/6839 1895/1320/6840 1876/2100/6841
f 869/2549/6839 1876/2100/6841 1870/2149/6842
f 1784/972/6843 1809/2950/6844 1883/4097/6845
f 1784/972/6843 1883/4097/6845 1878/4672/6846
f 1772/1997/6847 1943/2387/6848 1872/845/6849
f 1772/1997/6847 1872/845/6849 1875/849/6850
f 1737/3120/6851 1784/2670/6852 1878/1190/6853
f 1737/3120/6851 1878/1190/6853 1871/667/6854
f 1825/3835/6855 1889/2095/6856 1894/3563/6857
f 1825/3835/6855 1894/3563/6857 1885/2822/6858
f 1783/354/6859 422/3251/6860 1873/4227/6861
f 1783/354/6859 1873/4227/6861 1877/391/6862
f 1810/785/6863 1849/984/6864 1887/4217/6865
f 1810/785/6863 1887/4217/6865 1884/3613/6866
f 1806/3773/6867 1772/175/6868 1875/2251/6869
f 1806/3773/6867 1875/2251/6869 1880/277/6870
f 1838/4545/6871 1783/3069/6872 1877/2492/6873
f 1838/4545/6871 1877/2492/6873 1886/4095/6874
f 1753/1719/6875 1805/1179/6876 1879/4560/6877
f 1753/1719/6875 1879/4560/6877 1874/4557/6878
f 1808/394/6879 1825/3835/6880 1885/2822/6881
f 1808/394/6879 1885/2822/6881 1882/3635/6882
f 1849/984/6883 1912/4375/6884 1909/1036/6885
f 1849/984/6883 1909/1036/6885 1887/4217/6886
f 1912/381/6887 1301/1827/6888 1427/2421/6889
f 1912/381/6887 1427/2421/6889 1909/3164/6890
f 1809/2950/6891 1838/4545/6892 1886/4095/6893
f 1809/2950/6891 1886/4095/6893 1883/4097/6894
f 1889/2983/6895 1731/2850/6896 992/4566/6897
f 1889/2983/6895 992/4566/6897 1894/1040/6898
f 1807/1425/6899 1806/3773/6900 1880/277/6901
f 1807/1425/6899 1880/277/6901 1881/3711/6902
f 1726/2281/6903 1902/2129/6904 1911/2606/6905
f 1726/2281/6903 1911/2606/6905 1869/195/6906
f 1805/1962/6907 1810/785/6908 1884/3613/6909
f 1805/1962/6907 1884/3613/6909 1879/518/6910
f 1812/1967/6911 1813/1861/6912 1859/1254/6913
f 1812/1967/6911 1859/1254/6913 1858/2657/6914
f 1901/2378/6915 1897/2806/6916 873/4172/6917
f 1901/2378/6915 873/4172/6917 871/2998/6918
f 1892/11/6919 1899/2522/6920 1733/1977/6921
f 1892/11/6919 1733/1977/6921 1730/4684/6922
f 1891/2339/6923 1895/1320/6924 869/2549/6925
f 1891/2339/6923 869/2549/6925 872/414/6926
f 1895/2499/6927 1770/45/6928 1815/1943/6929
f 1895/2499/6927 1815/1943/6929 1807/1425/6930
usemtl brickwall1
f 1896/2471/6931 1893/3776/6932 1790/3175/6933
f 1896/2471/6931 1790/3175/6933 1788/3750/6934
f 1893/3776/6935 1890/2623/6936 1792/4637/6937
f 1893/3776/6935 1792/4637/6937 1790/3175/6938
usemtl stonetrims
f 1876/2328/6939 1895/2499/6940 1807/1425/6941
f 1876/2328/6939 1807/1425/6941 1881/3711/6942
f 1897/2806/6943 1892/11/6944 1730/4684/6945
f 1897/2806/6943 1730/4684/6945 873/4172/6946
f 1899/2522/6947 1891/2339/6948 872/414/6949
f 1899/2522/6947 872/414/6949 1733/1977/6950
usemtl brickwall1
f 1898/3203/6951 1896/2471/6952 1788/3750/6953
f 1898/3203/6951 1788/3750/6953 1786/2554/6954
f 1888/4401/6955 1898/3203/6956 1786/2554/6957
f 1888/4401/6955 1786/2554/6957 1761/4538/6958
usemtl stonetrims
f 1888/860/6959 1901/2378/6960 871/2998/6961
f 1888/860/6959 871/2998/6961 874/1335/6962
usemtl brickwall1
f 1890/2623/6963 1900/3559/6964 1794/4323/6965
f 1890/2623/6963 1794/4323/6965 1792/4637/6966
f 1900/3559/6967 1889/4442/6968 1794/4323/6969
f 1904/706/6970 1913/4681/6971 1787/2553/6972
f 1904/706/6970 1787/2553/6972 1789/4208/6973
f 1902/4587/6974 1910/3706/6975 1793/4551/6976
f 1913/4681/6977 1905/1445/6978 1785/1459/6979
f 1913/4681/6977 1785/1459/6979 1787/2553/6980
usemtl stonetrims
f 1906/1546/6981 1916/1437/6982 1302/337/6983
f 1906/1546/6981 1302/337/6983 1304/2528/6984
f 1908/1377/6985 1906/1546/6986 1304/2528/6987
f 1908/1377/6985 1304/2528/6987 1307/1897/6988
f 1907/803/6989 1915/2618/6990 1725/807/6991
f 1907/803/6989 1725/807/6991 1728/2966/6992
f 1912/381/6993 1914/771/6994 1721/4070/6995
f 1912/381/6993 1721/4070/6995 1301/1827/6996
f 1902/738/6997 1793/174/6998 1826/2068/6999
f 1902/738/6997 1826/2068/6999 1808/394/7000
usemtl brickwall1
f 1910/3706/7001 1903/1127/7002 1791/4400/7003
f 1910/3706/7001 1791/4400/7003 1793/4551/7004
f 1903/1127/7005 1904/706/7006 1789/4208/7007
f 1903/1127/7005 1789/4208/7007 1791/4400/7008
f 1905/1445/7009 1916/1341/7010 1758/2132/7011
f 1905/1445/7009 1758/2132/7011 1785/1459/7012
usemtl stonetrims
f 1915/2618/7013 1908/1377/7014 1307/1897/7015
f 1915/2618/7013 1307/1897/7015 1725/807/7016
f 1914/771/7017 1907/803/7018 1728/2966/7019
f 1914/771/7017 1728/2966/7019 1721/4070/7020
f 1911/1781/7021 1902/738/7022 1808/394/7023
f 1911/1781/7021 1808/394/7023 1882/3635/7024
usemtl brickwall1
f 1921/727/7025 1927/1527/7026 1780/3898/7027
f 1921/727/7025 1780/3898/7027 1778/4454/7028
f 1927/1527/7029 1923/2625/7030 1782/2014/7031
f 1927/1527/7029 1782/2014/7031 1780/3898/7032
f 1920/2016/7033 1926/117/7034 1776/2293/7035
f 1920/2016/7033 1776/2293/7035 1774/85/7036
usemtl stonetrims
f 1924/900/7037 1919/3085/7038 1747/3468/7039
f 1924/900/7037 1747/3468/7039 1746/4348/7040
f 1917/1604/7041 1918/3638/7042 1750/2409/7043
f 1917/1604/7041 1750/2409/7043 1749/279/7044
f 1922/3183/7045 1924/900/7046 1746/4348/7047
f 1922/3183/7045 1746/4348/7047 1754/1864/7048
usemtl brickwall1
f 1925/4046/7049 1920/2016/7050 1774/85/7051
f 1925/4046/7049 1774/85/7051 1759/1228/7052
f 1923/2625/7053 1783/3550/7054 1782/2014/7055
f 1926/117/7056 1921/727/7057 1778/4454/7058
f 1926/117/7056 1778/4454/7058 1776/2293/7059
usemtl stonetrims
f 1925/3886/7060 1922/3183/7061 1754/1864/7062
f 1925/3886/7060 1754/1864/7062 1757/269/7063
f 1919/3085/7064 1917/1604/7065 1749/279/7066
f 1919/3085/7064 1749/279/7066 1747/3468/7067
f 1918/3638/7068 1805/1179/7069 1753/1719/7070
f 1918/3638/7068 1753/1719/7070 1750/2409/7071
usemtl brickwall1
f 1938/561/7072 1931/181/7073 1777/3134/7074
f 1938/561/7072 1777/3134/7074 1779/767/7075
usemtl stonetrims
f 1936/644/7076 1928/4309/7077 1736/1987/7078
f 1936/644/7076 1736/1987/7078 1944/2321/7079
f 1937/4486/7080 1935/2620/7081 1738/1483/7082
f 1937/4486/7080 1738/1483/7082 1740/4675/7083
f 1932/3470/7084 1930/998/7085 1739/4405/7086
f 1932/3470/7084 1739/4405/7086 1743/93/7087
usemtl brickwall1
f 1931/181/7088 1934/295/7089 1775/23/7090
f 1931/181/7088 1775/23/7090 1777/3134/7091
f 1784/1925/7092 1933/4514/7093 1781/832/7094
f 1934/295/7095 1929/3565/7096 1773/2465/7097
f 1934/295/7095 1773/2465/7097 1775/23/7098
f 1933/4514/7099 1938/561/7100 1779/767/7101
f 1933/4514/7099 1779/767/7101 1781/832/7102
f 1929/3565/7103 1930/2938/7104 1760/920/7105
f 1929/3565/7103 1760/920/7105 1773/2465/7106
usemtl stonetrims
f 1935/2620/7107 1936/644/7108 1944/2321/7109
f 1935/2620/7107 1944/2321/7109 1738/1483/7110
f 1772/1997/7111 1937/4486/7112 1740/4675/7113
f 1772/1997/7111 1740/4675/7113 1943/2387/7114
f 1928/4309/7115 1932/3470/7116 1743/93/7117
f 1928/4309/7115 1743/93/7117 1736/1987/7118
f 1940/1887/7119 1739/4118/7120 2128/1729/7121
f 1940/1887/7119 2128/1729/7121 2117/3839/7122
usemtl brickwall1
f 1975/4342/7123 1977/524/7124 2109/1720/7125
f 1975/4342/7123 2109/1720/7125 2113/2562/7126
f 1977/524/7127 1979/2012/7128 2104/4630/7129
f 1977/524/7127 2104/4630/7129 2109/1720/7130
f 1979/2012/7131 1981/2644/7132 2111/2487/7133
f 1979/2012/7131 2111/2487/7133 2104/4630/7134
f 1981/2644/7135 1983/1974/7136 2103/441/7137
f 1981/2644/7135 2103/441/7137 2111/2487/7138
f 1983/1974/7139 2107/2193/7140 2103/441/7141
f 1972/2639/7142 2008/4223/7143 2134/3095/7144
f 1972/2639/7142 2134/3095/7144 2137/1211/7145
f 1978/1734/7146 2140/4160/7147 2148/3314/7148
f 1978/1734/7146 2148/3314/7148 1980/3368/7149
f 1980/3368/7150 2148/3314/7151 2147/3858/7152
f 1980/3368/7150 2147/3858/7152 1982/1118/7153
f 1982/1118/7154 2147/3858/7155 2149/3456/7156
f 1982/1118/7154 2149/3456/7156 1984/1454/7157
f 1984/1454/7158 2149/3456/7159 1985/1461/7160
usemtl stonetrims
f 1968/686/7161 2165/3722/7162 2138/3598/7163
f 1968/686/7161 2138/3598/7163 2132/1948/7164
f 660/392/7165 1952/1402/7166 2110/369/7167
f 660/392/7165 2110/369/7167 2100/1191/7168
usemtl brickwall1
f 2009/389/7169 2118/3179/7170 2120/948/7171
f 2009/389/7169 2120/948/7171 2011/3303/7172
f 2011/3303/7173 2120/948/7174 2127/4112/7175
f 2011/3303/7173 2127/4112/7175 2013/2672/7176
f 2013/2672/7177 2127/4112/7178 2119/2917/7179
f 2013/2672/7177 2119/2917/7179 2015/4073/7180
f 2015/4073/7181 2119/2917/7182 2126/3698/7183
f 2015/4073/7181 2126/3698/7183 2017/1415/7184
f 2017/1415/7185 2126/3698/7186 2124/455/7187
f 1974/1277/7188 1975/4342/7189 2113/2562/7190
f 1974/1277/7188 2113/2562/7190 2100/38/7191
f 2010/1922/7192 2012/161/7193 2131/1960/7194
f 2010/1922/7192 2131/1960/7194 2136/3066/7195
f 2012/161/7196 2014/4114/7197 2129/1206/7198
f 2012/161/7196 2129/1206/7198 2131/1960/7199
f 2014/4114/7200 2016/3392/7201 2130/831/7202
f 2014/4114/7200 2130/831/7202 2129/1206/7203
f 2016/3392/7204 2018/2428/7205 2130/831/7206
f 2008/4223/7207 2010/1922/7208 2136/3066/7209
f 2008/4223/7207 2136/3066/7209 2134/3095/7210
usemtl stonetrims
f 656/1384/7211 1946/1919/7212 2112/2217/7213
f 656/1384/7211 2112/2217/7213 2102/3787/7214
f 1947/4039/7215 1950/2225/7216 2105/2939/7217
f 1947/4039/7215 2105/2939/7217 2108/4033/7218
f 1946/1919/7219 1949/1862/7220 2101/3283/7221
f 1946/1919/7219 2101/3283/7221 2112/2217/7222
f 1950/2225/7223 656/1384/7224 2102/3787/7225
f 1950/2225/7223 2102/3787/7225 2105/2939/7226
usemtl brickwall1
f 1976/322/7227 2144/3273/7228 2140/4160/7229
f 1976/322/7227 2140/4160/7229 1978/1734/7230
usemtl stonetrims
f 1941/1988/7231 1738/4055/7232 2115/1957/7233
f 1941/1988/7231 2115/1957/7233 2122/4456/7234
f 1944/3006/7235 1736/2114/7236 2125/810/7237
f 1944/3006/7235 2125/810/7237 2116/4428/7238
f 1970/1675/7239 1968/686/7240 2132/1948/7241
f 1970/1675/7239 2132/1948/7241 2137/1043/7242
f 1943/232/7243 1941/1988/7244 2122/4456/7245
f 1943/232/7243 2122/4456/7245 2114/2475/7246
f 1738/4055/7247 1944/3006/7248 2116/4428/7249
f 1738/4055/7247 2116/4428/7249 2115/1957/7250
f 1736/2114/7251 1940/1887/7252 2117/3839/7253
f 1736/2114/7251 2117/3839/7253 2125/810/7254
f 1969/2371/7255 2162/3551/7256 1996/1763/7257
f 1969/2371/7255 1996/1763/7257 2135/3612/7258
f 1967/505/7259 2168/452/7260 2139/511/7261
f 1967/505/7259 2139/511/7261 2133/1692/7262
f 1952/1402/7263 1947/4039/7264 2108/4033/7265
f 1952/1402/7263 2108/4033/7265 2110/369/7266
f 2168/452/7267 1969/2371/7268 2135/3612/7269
f 2168/452/7267 2135/3612/7269 2139/511/7270
f 2165/3722/7271 1967/505/7272 2133/1692/7273
f 2165/3722/7271 2133/1692/7273 2138/3598/7274
usemtl brickwall1
f 1971/3579/7275 2128/3217/7276 2118/3179/7277
f 1971/3579/7275 2118/3179/7277 2009/389/7278
usemtl stonetrims
f 1955/2092/7279 1964/1985/7280 2145/627/7281
f 1955/2092/7279 2145/627/7281 1997/4074/7282
f 1960/2543/7283 1956/1544/7284 2143/1587/7285
f 1960/2543/7283 2143/1587/7285 2150/3222/7286
f 1965/1057/7287 1961/3894/7288 2141/3318/7289
f 1965/1057/7287 2141/3318/7289 2146/475/7290
usemtl brickwall1
f 1973/2340/7291 2142/75/7292 2144/3273/7293
f 1973/2340/7291 2144/3273/7293 1976/322/7294
usemtl stonetrims
f 1964/1985/7295 1960/2543/7296 2150/3222/7297
f 1964/1985/7295 2150/3222/7297 2145/627/7298
f 1956/1544/7299 1965/1057/7300 2146/475/7301
f 1956/1544/7299 2146/475/7301 2143/1587/7302
f 1961/3894/7303 1958/3008/7304 2142/2919/7305
f 1961/3894/7303 2142/2919/7305 2141/3318/7306
f 1990/2050/7307 1988/1828/7308 2056/4189/7309
f 1990/2050/7307 2056/4189/7309 2054/985/7310
f 1971/4381/7311 2009/1019/7312 2070/2078/7313
f 1971/4381/7311 2070/2078/7313 2026/3188/7314
f 1989/4427/7315 1991/4231/7316 2055/358/7317
f 1989/4427/7315 2055/358/7317 2057/12/7318
f 1975/2006/7319 1974/1724/7320 2025/278/7321
f 1975/2006/7319 2025/278/7321 2036/3176/7322
f 1973/4083/7323 1976/275/7324 2037/356/7325
f 1973/4083/7323 2037/356/7325 2027/2807/7326
f 1977/609/7327 1975/2006/7328 2036/3176/7329
f 1977/609/7327 2036/3176/7329 2034/1258/7330
f 1992/3472/7331 1990/2050/7332 2054/985/7333
f 1992/3472/7331 2054/985/7333 2052/1926/7334
f 2010/2372/7335 2008/2231/7336 2069/4260/7337
f 2010/2372/7335 2069/4260/7337 2067/901/7338
f 1976/275/7339 1978/2749/7340 2035/716/7341
f 1976/275/7339 2035/716/7341 2037/356/7342
f 1991/4231/7343 1993/3247/7344 2053/1715/7345
f 1991/4231/7343 2053/1715/7345 2055/358/7346
f 2009/1019/7347 2011/3404/7348 2068/4085/7349
f 2009/1019/7347 2068/4085/7349 2070/2078/7350
f 1979/2383/7351 1977/609/7352 2034/1258/7353
f 1979/2383/7351 2034/1258/7353 2032/3393/7354
f 1994/2173/7355 1992/3472/7356 2052/1926/7357
f 1994/2173/7355 2052/1926/7357 2049/1867/7358
f 2012/1975/7359 2010/2372/7360 2067/901/7361
f 2012/1975/7359 2067/901/7361 2065/4687/7362
f 1978/2749/7363 1980/1014/7364 2033/556/7365
f 1978/2749/7363 2033/556/7365 2035/716/7366
f 1993/3247/7367 1995/4376/7368 2050/1119/7369
f 1993/3247/7367 2050/1119/7369 2053/1715/7370
f 2011/3404/7371 2013/3909/7372 2066/939/7373
f 2011/3404/7371 2066/939/7373 2068/4085/7374
f 1981/2360/7375 1979/2383/7376 2032/3393/7377
f 1981/2360/7375 2032/3393/7377 2030/4539/7378
f 1997/2398/7379 1994/2173/7380 2049/1867/7381
f 1997/2398/7379 2049/1867/7381 2022/4298/7382
f 2014/3900/7383 2012/1975/7384 2065/4687/7385
f 2014/3900/7383 2065/4687/7385 2063/1168/7386
f 1980/1014/7387 1982/2976/7388 2031/4036/7389
f 1980/1014/7387 2031/4036/7389 2033/556/7390
f 2013/3909/7391 2015/1582/7392 2064/1659/7393
f 2013/3909/7391 2064/1659/7393 2066/939/7394
f 1995/4376/7395 1996/4414/7396 2051/1290/7397
f 1995/4376/7395 2051/1290/7397 2050/1119/7398
f 2029/4334/7399 2019/473/7400 2020/378/7401
f 2029/4334/7399 2020/378/7401 2028/3350/7402
f 2031/4036/7403 2029/4334/7404 2028/3350/7405
f 2031/4036/7403 2028/3350/7405 2030/4539/7406
f 2033/556/7407 2031/4036/7408 2030/4539/7409
f 2033/556/7407 2030/4539/7409 2032/3393/7410
f 2035/716/7411 2033/556/7412 2032/3393/7413
f 2035/716/7411 2032/3393/7413 2034/1258/7414
f 2037/356/7415 2035/716/7416 2034/1258/7417
f 2037/356/7415 2034/1258/7417 2036/3176/7418
f 2021/1804/7419 2039/3518/7420 2040/84/7421
f 2021/1804/7419 2040/84/7421 2038/536/7422
f 2039/3518/7423 2041/3533/7424 2042/2202/7425
f 2039/3518/7423 2042/2202/7425 2040/84/7426
f 2041/3533/7427 2043/889/7428 2044/4284/7429
f 2041/3533/7427 2044/4284/7429 2042/2202/7430
f 2043/889/7431 2045/3930/7432 2046/1074/7433
f 2043/889/7431 2046/1074/7433 2044/4284/7434
f 2045/3930/7435 2047/721/7436 2048/2881/7437
f 2045/3930/7435 2048/2881/7437 2046/1074/7438
f 2050/1119/7439 2051/1290/7440 2022/4298/7441
f 2050/1119/7439 2022/4298/7441 2049/1867/7442
f 2053/1715/7443 2050/1119/7444 2049/1867/7445
f 2053/1715/7443 2049/1867/7445 2052/1926/7446
f 2055/358/7447 2053/1715/7448 2052/1926/7449
f 2055/358/7447 2052/1926/7449 2054/985/7450
f 2057/12/7451 2055/358/7452 2054/985/7453
f 2057/12/7451 2054/985/7453 2056/4189/7454
f 2059/347/7455 2057/12/7456 2056/4189/7457
f 2059/347/7455 2056/4189/7457 2058/3237/7458
f 2047/721/7459 2026/2694/7460 2025/1802/7461
f 2047/721/7459 2025/1802/7461 2048/2881/7462
f 2024/3213/7463 2059/347/7464 2058/3237/7465
f 2024/3213/7463 2058/3237/7465 2027/2161/7466
f 2061/445/7467 2062/2420/7468 2023/2180/7469
f 2061/445/7467 2023/2180/7469 2060/1952/7470
f 2064/1659/7471 2061/445/7472 2060/1952/7473
f 2064/1659/7471 2060/1952/7473 2063/1168/7474
f 2066/939/7475 2064/1659/7476 2063/1168/7477
f 2066/939/7475 2063/1168/7477 2065/4687/7478
f 2068/4085/7479 2066/939/7480 2065/4687/7481
f 2068/4085/7479 2065/4687/7481 2067/901/7482
f 2070/2078/7483 2068/4085/7484 2067/901/7485
f 2070/2078/7483 2067/901/7485 2069/4260/7486
f 2027/2807/7487 2037/356/7488 2036/3176/7489
f 2027/2807/7487 2036/3176/7489 2025/278/7490
f 2026/3188/7491 2070/2078/7492 2069/4260/7493
f 2026/3188/7491 2069/4260/7493 2024/4056/7494
f 2008/2231/7495 1972/407/7496 2024/4056/7497
f 2008/2231/7495 2024/4056/7497 2069/4260/7498
f 2007/1054/7499 2101/4107/7500 2038/536/7501
f 2007/1054/7499 2038/536/7501 2040/84/7502
f 1987/1787/7503 1989/4427/7504 2057/12/7505
f 1987/1787/7503 2057/12/7505 2059/347/7506
f 2006/1588/7507 2004/2062/7508 2041/3533/7509
f 2006/1588/7507 2041/3533/7509 2039/3518/7510
f 1988/1828/7511 1986/4271/7512 2058/3237/7513
f 1988/1828/7511 2058/3237/7513 2056/4189/7514
f 1998/2973/7515 1971/3090/7516 2026/2694/7517
f 1998/2973/7515 2026/2694/7517 2047/721/7518
f 2005/4660/7519 2007/1054/7520 2040/84/7521
f 2005/4660/7519 2040/84/7521 2042/2202/7522
f 1974/1291/7523 1999/986/7524 2048/2881/7525
f 1974/1291/7523 2048/2881/7525 2025/1802/7526
f 2004/2062/7527 2002/137/7528 2043/889/7529
f 2004/2062/7527 2043/889/7529 2041/3533/7530
f 1972/3352/7531 1987/1787/7532 2059/347/7533
f 1972/3352/7531 2059/347/7533 2024/3213/7534
f 1986/4271/7535 1973/2286/7536 2027/2161/7537
f 1986/4271/7535 2027/2161/7537 2058/3237/7538
f 2003/4445/7539 2005/4660/7540 2042/2202/7541
f 2003/4445/7539 2042/2202/7541 2044/4284/7542
f 2002/137/7543 2000/759/7544 2045/3930/7545
f 2002/137/7543 2045/3930/7545 2043/889/7546
f 2017/2185/7547 2124/2/7548 2062/2420/7549
f 2017/2185/7547 2062/2420/7549 2061/445/7550
f 1984/4429/7551 1985/1594/7552 2019/473/7553
f 1984/4429/7551 2019/473/7553 2029/4334/7554
f 2001/454/7555 2003/4445/7556 2044/4284/7557
f 2001/454/7555 2044/4284/7557 2046/1074/7558
f 2018/3378/7559 2016/1188/7560 2060/1952/7561
f 2018/3378/7559 2060/1952/7561 2023/2180/7562
f 2000/759/7563 1998/2973/7564 2047/721/7565
f 2000/759/7563 2047/721/7565 2045/3930/7566
f 2015/1582/7567 2017/2185/7568 2061/445/7569
f 2015/1582/7567 2061/445/7569 2064/1659/7570
f 1999/986/7571 2001/454/7572 2046/1074/7573
f 1999/986/7571 2046/1074/7573 2048/2881/7574
f 1982/2976/7575 1984/4429/7576 2029/4334/7577
f 1982/2976/7575 2029/4334/7577 2031/4036/7578
f 2016/1188/7579 2014/3900/7580 2063/1168/7581
f 2016/1188/7579 2063/1168/7581 2060/1952/7582
f 1983/1487/7583 1981/2360/7584 2030/4539/7585
f 1983/1487/7583 2030/4539/7585 2028/3350/7586
f 2026/1431/7587 2024/2755/7588 2074/631/7589
f 2026/1431/7587 2074/631/7589 2072/2628/7590
f 2027/717/7591 2025/1351/7592 2071/3033/7593
f 2027/717/7591 2071/3033/7593 2076/2868/7594
f 2024/4592/7595 2027/3031/7596 2076/3080/7597
f 2024/4592/7595 2076/3080/7597 2074/4277/7598
f 2073/4100/7599 2077/2681/7600 2071/2410/7601
f 2072/3012/7602 2081/2007/7603 2079/4197/7604
f 2072/3012/7602 2079/4197/7604 2073/4100/7605
f 2074/3804/7606 2078/3417/7607 2075/1064/7608
f 2076/1196/7609 2077/2681/7610 2078/3417/7611
f 2075/1064/7612 2078/3417/7613 2080/2756/7614
f 2075/1064/7612 2080/2756/7614 2079/4197/7615
f 2076/2868/7616 2071/3033/7617 2077/2460/7618
f 2071/4067/7619 2072/2648/7620 2073/2765/7621
f 2072/2628/7622 2074/631/7623 2075/3491/7624
f 2072/2628/7622 2075/3491/7624 2081/1450/7625
f 2074/4277/7626 2076/3080/7627 2078/1770/7628
f 2073/4100/7629 2080/2756/7630 2077/2681/7631
usemtl brickwall1
f 2079/1328/7632 2081/1680/7633 2075/1345/7634
usemtl stonetrims
f 2077/2681/7635 2080/2756/7636 2078/3417/7637
f 2079/4197/7638 2080/2756/7639 2073/4100/7640
f 1945/1187/7641 2107/1632/7642 2088/3985/7643
f 1945/1187/7641 2088/3985/7643 2082/2494/7644
f 1997/2398/7645 2022/4298/7646 2095/4417/7647
f 1997/2398/7645 2095/4417/7647 2090/1888/7648
f 1985/3411/7649 1962/1121/7650 2085/2237/7651
f 1985/3411/7649 2085/2237/7651 2087/2735/7652
f 1955/2092/7653 1997/4074/7654 2090/1535/7655
f 1955/2092/7653 2090/1535/7655 2084/2084/7656
f 2038/536/7657 2101/4107/7658 2106/3878/7659
f 2038/536/7657 2106/3878/7659 2097/3153/7660
f 1996/1763/7661 2162/3551/7662 2086/950/7663
f 1996/1763/7661 2086/950/7663 2089/687/7664
f 2023/2180/7665 2062/2420/7666 2099/4558/7667
f 2023/2180/7665 2099/4558/7667 2096/770/7668
f 2019/473/7669 1985/1594/7670 2087/2597/7671
f 2019/473/7669 2087/2597/7671 2092/2147/7672
f 2051/1290/7673 1996/4414/7674 2089/4331/7675
f 2051/1290/7673 2089/4331/7675 2098/4413/7676
f 2167/4023/7677 2018/2574/7678 2091/204/7679
f 2167/4023/7677 2091/204/7679 2309/3106/7680
f 2021/1804/7681 2038/536/7682 2097/3153/7683
f 2021/1804/7681 2097/3153/7683 2094/792/7684
f 2062/2420/7685 2124/2/7686 2121/2962/7687
f 2062/2420/7685 2121/2962/7687 2099/4558/7688
f 2124/2219/7689 1737/3024/7690 1871/4403/7691
f 2124/2219/7689 1871/4403/7691 2121/3511/7692
f 2022/4298/7693 2051/1290/7694 2098/4413/7695
f 2022/4298/7693 2098/4413/7695 2095/4417/7696
f 2101/3283/7697 1949/1862/7698 2083/3890/7699
f 2101/3283/7697 2083/3890/7699 2106/1408/7700
f 2020/378/7701 2019/473/7702 2092/2147/7703
f 2020/378/7701 2092/2147/7703 2093/878/7704
f 1943/232/7705 2114/2475/7706 2123/4465/7707
f 1943/232/7705 2123/4465/7707 1872/357/7708
f 2018/3378/7709 2023/2180/7710 2096/770/7711
f 2018/3378/7709 2096/770/7711 2091/2403/7712
f 2025/3379/7713 2026/3248/7714 2072/2648/7715
f 2025/3379/7713 2072/2648/7715 2071/4067/7716
f 2113/4226/7717 2109/4633/7718 659/1706/7719
f 2113/4226/7717 659/1706/7719 658/1562/7720
f 2104/371/7721 2111/4377/7722 657/182/7723
f 2104/371/7721 657/182/7723 1948/3726/7724
f 2103/2683/7725 2107/1632/7726 1945/1187/7727
f 2103/2683/7725 1945/1187/7727 1951/3880/7728
f 2107/2851/7729 1983/1487/7730 2028/3350/7731
f 2107/2851/7729 2028/3350/7731 2020/378/7732
usemtl brickwall1
f 2108/2808/7733 2105/4089/7734 2003/4549/7735
f 2108/2808/7733 2003/4549/7735 2001/456/7736
f 2105/4089/7737 2102/2167/7738 2005/1405/7739
f 2105/4089/7737 2005/1405/7739 2003/4549/7740
usemtl stonetrims
f 2088/4187/7741 2107/2851/7742 2020/378/7743
f 2088/4187/7741 2020/378/7743 2093/878/7744
f 2109/4633/7745 2104/371/7746 1948/3726/7747
f 2109/4633/7745 1948/3726/7747 659/1706/7748
f 2111/4377/7749 2103/2683/7750 1951/3880/7751
f 2111/4377/7749 1951/3880/7751 657/182/7752
usemtl brickwall1
f 2110/379/7753 2108/2808/7754 2001/456/7755
f 2110/379/7753 2001/456/7755 1999/3974/7756
f 2100/38/7757 2110/379/7758 1999/3974/7759
f 2100/38/7757 1999/3974/7759 1974/1277/7760
usemtl stonetrims
f 2100/1191/7761 2113/4226/7762 658/1562/7763
f 2100/1191/7761 658/1562/7763 660/392/7764
usemtl brickwall1
f 2102/2167/7765 2112/3869/7766 2007/1052/7767
f 2102/2167/7765 2007/1052/7767 2005/1405/7768
f 2112/3869/7769 2101/1636/7770 2007/1052/7771
f 2116/1044/7772 2125/340/7773 2000/3972/7774
f 2116/1044/7772 2000/3972/7774 2002/925/7775
f 2114/242/7776 2122/870/7777 2006/1292/7778
f 2125/340/7779 2117/1742/7780 1998/2869/7781
f 2125/340/7779 1998/2869/7781 2000/3972/7782
usemtl stonetrims
f 2118/1879/7783 2128/1729/7784 1739/4118/7785
f 2118/1879/7783 1739/4118/7785 1742/1173/7786
f 2120/1681/7787 2118/1879/7788 1742/1173/7789
f 2120/1681/7787 1742/1173/7789 1745/515/7790
f 2119/1140/7791 2127/4478/7792 1942/4448/7793
f 2119/1140/7791 1942/4448/7793 1741/3017/7794
f 2124/2219/7795 2126/2646/7796 1939/3118/7797
f 2124/2219/7795 1939/3118/7797 1737/3024/7798
f 2114/1067/7799 2006/1588/7800 2039/3518/7801
f 2114/1067/7799 2039/3518/7801 2021/1804/7802
usemtl brickwall1
f 2122/870/7803 2115/3043/7804 2004/1135/7805
f 2122/870/7803 2004/1135/7805 2006/1292/7806
f 2115/3043/7807 2116/1044/7808 2002/925/7809
f 2115/3043/7807 2002/925/7809 2004/1135/7810
f 2117/1742/7811 2128/3217/7812 1971/3579/7813
f 2117/1742/7811 1971/3579/7813 1998/2869/7814
usemtl stonetrims
f 2127/4478/7815 2120/1681/7816 1745/515/7817
f 2127/4478/7815 1745/515/7817 1942/4448/7818
f 2126/2646/7819 2119/1140/7820 1741/3017/7821
f 2126/2646/7819 1741/3017/7821 1939/3118/7822
f 2123/2093/7823 2114/1067/7824 2021/1804/7825
f 2123/2093/7823 2021/1804/7825 2094/792/7826
usemtl brickwall1
f 2133/2608/7827 2139/3394/7828 1993/582/7829
f 2133/2608/7827 1993/582/7829 1991/1185/7830
f 2139/3394/7831 2135/4489/7832 1995/3431/7833
f 2139/3394/7831 1995/3431/7833 1993/582/7834
f 2132/2333/7835 2138/2009/7836 1989/3718/7837
f 2132/2333/7835 1989/3718/7837 1987/1514/7838
usemtl stonetrims
f 2136/2787/7839 2131/222/7840 1966/3561/7841
f 2136/2787/7839 1966/3561/7841 2164/25/7842
f 2129/3512/7843 2130/796/7844 2163/3634/7845
f 2129/3512/7843 2163/3634/7845 2169/4393/7846
f 2134/341/7847 2136/2787/7848 2164/25/7849
f 2134/341/7847 2164/25/7849 2170/39/7850
usemtl brickwall1
f 2137/1211/7851 2132/2333/7852 1987/1514/7853
f 2137/1211/7851 1987/1514/7853 1972/2639/7854
f 2135/4489/7855 1996/233/7856 1995/3431/7857
f 2138/2009/7858 2133/2608/7859 1991/1185/7860
f 2138/2009/7858 1991/1185/7860 1989/3718/7861
usemtl stonetrims
f 2137/1043/7862 2134/341/7863 2170/39/7864
f 2137/1043/7862 2170/39/7864 1970/1675/7865
f 2131/222/7866 2129/3512/7867 2169/4393/7868
f 2131/222/7866 2169/4393/7868 1966/3561/7869
f 2130/796/7870 2018/2574/7871 2167/4023/7872
f 2130/796/7870 2167/4023/7872 2163/3634/7873
usemtl brickwall1
f 2150/892/7874 2143/512/7875 1990/4512/7876
f 2150/892/7874 1990/4512/7876 1992/3729/7877
usemtl stonetrims
f 2148/968/7878 2140/1532/7879 1953/1479/7880
f 2148/968/7878 1953/1479/7880 1954/2216/7881
f 2149/1676/7882 2147/4484/7883 1957/4688/7884
f 2149/1676/7882 1957/4688/7884 1959/83/7885
f 2144/3777/7886 2142/2919/7887 1958/3008/7888
f 2144/3777/7886 1958/3008/7888 1963/4394/7889
usemtl brickwall1
f 2143/512/7890 2146/617/7891 1988/1474/7892
f 2143/512/7890 1988/1474/7892 1990/4512/7893
f 1997/3319/7894 2145/143/7895 1994/2224/7896
f 2146/617/7897 2141/3888/7898 1986/3870/7899
f 2146/617/7897 1986/3870/7899 1988/1474/7900
f 2145/143/7901 2150/892/7902 1992/3729/7903
f 2145/143/7901 1992/3729/7903 1994/2224/7904
f 2141/3888/7905 2142/75/7906 1973/2340/7907
f 2141/3888/7905 1973/2340/7907 1986/3870/7908
usemtl stonetrims
f 2147/4484/7909 2148/968/7910 1954/2216/7911
f 2147/4484/7909 1954/2216/7911 1957/4688/7912
f 1985/3411/7913 2149/1676/7914 1959/83/7915
f 1985/3411/7913 1959/83/7915 1962/1121/7916
f 2140/1532/7917 2144/3777/7918 1963/4394/7919
f 2140/1532/7917 1963/4394/7919 1953/1479/7920
f 2153/3284/7921 426/3098/7922 2355/4239/7923
f 2153/3284/7921 2355/4239/7923 2344/1674/7924
usemtl brickwall1
f 2201/1137/7925 2203/1996/7926 2336/4229/7927
f 2201/1137/7925 2336/4229/7927 2340/426/7928
f 2203/1996/7929 2205/315/7930 2331/2503/7931
f 2203/1996/7929 2331/2503/7931 2336/4229/7932
f 2205/315/7933 2207/4096/7934 2338/1883/7935
f 2205/315/7933 2338/1883/7935 2331/2503/7936
f 2207/4096/7937 2209/273/7938 2330/3010/7939
f 2207/4096/7937 2330/3010/7939 2338/1883/7940
f 2209/273/7941 2334/40/7942 2330/3010/7943
f 2198/926/7944 2234/1005/7945 2361/891/7946
f 2198/926/7944 2361/891/7946 2364/3767/7947
f 2204/20/7948 2367/3589/7949 2375/1154/7950
f 2204/20/7948 2375/1154/7950 2206/109/7951
f 2206/109/7952 2375/1154/7953 2374/1694/7954
f 2206/109/7952 2374/1694/7954 2208/2569/7955
f 2208/2569/7956 2374/1694/7957 2376/1293/7958
f 2208/2569/7956 2376/1293/7958 2210/2914/7959
f 2210/2914/7960 2376/1293/7961 2211/1449/7962
usemtl stonetrims
f 2191/2023/7963 2195/1916/7964 2365/2999/7965
f 2191/2023/7963 2365/2999/7965 2359/4461/7966
f 1970/4446/7967 2170/402/7968 2337/2928/7969
f 1970/4446/7967 2337/2928/7969 2327/3734/7970
usemtl brickwall1
f 2235/2364/7971 2345/989/7972 2347/3538/7973
f 2235/2364/7971 2347/3538/7973 2237/1614/7974
f 2237/1614/7975 2347/3538/7976 2354/1979/7977
f 2237/1614/7975 2354/1979/7977 2239/964/7978
f 2239/964/7979 2354/1979/7980 2346/711/7981
f 2239/964/7979 2346/711/7981 2241/2384/7982
f 2241/2384/7983 2346/711/7984 2353/1545/7985
f 2241/2384/7983 2353/1545/7985 2243/2874/7986
f 2243/2874/7987 2353/1545/7988 2351/3025/7989
f 2200/4240/7990 2201/1137/7991 2340/426/7992
f 2200/4240/7990 2340/426/7992 2327/2584/7993
f 2236/211/7994 2238/3191/7995 2358/4474/7996
f 2236/211/7994 2358/4474/7996 2363/2422/7997
f 2238/3191/7998 2240/885/7999 2356/3764/8000
f 2238/3191/7998 2356/3764/8000 2358/4474/8001
f 2240/885/8002 2242/1689/8003 2357/3383/8004
f 2240/885/8002 2357/3383/8004 2356/3764/8005
f 2242/1689/8006 2244/709/8007 2357/3383/8008
f 2234/1005/8009 2236/211/8010 2363/2422/8011
f 2234/1005/8009 2363/2422/8011 2361/891/8012
usemtl stonetrims
f 2169/2535/8013 2163/4521/8014 2339/77/8015
f 2169/2535/8013 2339/77/8015 2329/1625/8016
f 2164/3543/8017 1966/835/8018 2332/731/8019
f 2164/3543/8017 2332/731/8019 2335/1889/8020
f 2163/4521/8021 2167/4008/8022 2328/3074/8023
f 2163/4521/8021 2328/3074/8023 2339/77/8024
f 1966/835/8025 2169/2535/8026 2329/1625/8027
f 1966/835/8025 2329/1625/8027 2332/731/8028
usemtl brickwall1
f 2202/3336/8029 2371/1100/8030 2367/3589/8031
f 2202/3336/8029 2367/3589/8031 2204/20/8032
usemtl stonetrims
f 2156/4003/8033 2152/1652/8034 2342/4470/8035
f 2156/4003/8033 2342/4470/8035 2349/2303/8036
f 425/3416/8037 2157/4164/8038 2352/197/8039
f 425/3416/8037 2352/197/8039 2343/2269/8040
f 2196/4665/8041 2191/2023/8042 2359/4461/8043
f 2196/4665/8041 2359/4461/8043 2364/3607/8044
f 2160/4382/8045 2156/4003/8046 2349/2303/8047
f 2160/4382/8045 2349/2303/8047 2341/1875/8048
f 2152/1652/8049 425/3416/8050 2343/2269/8051
f 2152/1652/8049 2343/2269/8051 2342/4470/8052
f 2157/4164/8053 2153/3284/8054 2344/1674/8055
f 2157/4164/8053 2344/1674/8055 2352/197/8056
f 2194/4273/8057 2186/4542/8058 2222/3230/8059
f 2194/4273/8057 2222/3230/8059 2362/1460/8060
f 2187/122/8061 2190/872/8062 2366/3094/8063
f 2187/122/8061 2366/3094/8063 2360/4202/8064
f 2170/402/8065 2164/3543/8066 2335/1889/8067
f 2170/402/8065 2335/1889/8067 2337/2928/8068
f 2190/872/8069 2194/4273/8070 2362/1460/8071
f 2190/872/8069 2362/1460/8071 2366/3094/8072
f 2195/1916/8073 2187/122/8074 2360/4202/8075
f 2195/1916/8073 2360/4202/8075 2365/2999/8076
usemtl brickwall1
f 2197/316/8077 2355/1024/8078 2345/989/8079
f 2197/316/8077 2345/989/8079 2235/2364/8080
usemtl stonetrims
f 2173/1104/8081 2182/976/8082 2372/3201/8083
f 2173/1104/8081 2372/3201/8083 2223/2386/8084
f 2178/1566/8085 2174/537/8086 2370/951/8087
f 2178/1566/8085 2370/951/8087 2377/1029/8088
f 2183/457/8089 2179/2931/8090 2368/1155/8091
f 2183/457/8089 2368/1155/8091 2373/4261/8092
usemtl brickwall1
f 2199/646/8093 2369/2619/8094 2371/1100/8095
f 2199/646/8093 2371/1100/8095 2202/3336/8096
usemtl stonetrims
f 2182/976/8097 2178/1566/8098 2377/1029/8099
f 2182/976/8097 2377/1029/8099 2372/3201/8100
f 2174/537/8101 2183/457/8102 2373/4261/8103
f 2174/537/8101 2373/4261/8103 2370/951/8104
f 2179/2931/8105 2176/1994/8106 2369/714/8107
f 2179/2931/8105 2369/714/8107 2368/1155/8108
f 2216/3545/8109 2214/3282/8110 2282/960/8111
f 2216/3545/8109 2282/960/8111 2280/2462/8112
f 2197/2719/8113 2235/4041/8114 2296/3570/8115
f 2197/2719/8113 2296/3570/8115 2252/4604/8116
f 2215/1201/8117 2217/2558/8118 2281/1829/8119
f 2215/1201/8117 2281/1829/8119 2283/3081/8120
f 2201/3484/8121 2200/13/8122 2251/1743/8123
f 2201/3484/8121 2251/1743/8123 2262/1482/8124
f 2199/661/8125 2202/1739/8126 2263/3359/8127
f 2199/661/8125 2263/3359/8127 2253/1089/8128
f 2203/3640/8129 2201/3484/8130 2262/1482/8131
f 2203/3640/8129 2262/1482/8131 2260/4230/8132
f 2218/203/8133 2216/3545/8134 2280/2462/8135
f 2218/203/8133 2280/2462/8135 2278/212/8136
f 2236/668/8137 2234/548/8138 2295/2590/8139
f 2236/668/8137 2295/2590/8139 2293/2354/8140
f 2202/1739/8141 2204/4174/8142 2261/3738/8143
f 2202/1739/8141 2261/3738/8143 2263/3359/8144
f 2217/2558/8145 2219/1556/8146 2279/3196/8147
f 2217/2558/8145 2279/3196/8147 2281/1829/8148
f 2235/4041/8149 2237/144/8150 2294/857/8151
f 2235/4041/8149 2294/857/8151 2296/3570/8152
f 2205/3849/8153 2203/3640/8154 2260/4230/8155
f 2205/3849/8153 2260/4230/8155 2258/1685/8156
f 2220/3661/8157 2218/203/8158 2278/212/8159
f 2220/3661/8157 2278/212/8159 2275/3311/8160
f 2238/3448/8161 2236/668/8162 2293/2354/8163
f 2238/3448/8161 2293/2354/8163 2291/3054/8164
f 2204/4174/8165 2206/4032/8166 2259/3597/8167
f 2204/4174/8165 2259/3597/8167 2261/3738/8168
f 2219/1556/8169 2221/1162/8170 2276/2696/8171
f 2219/1556/8169 2276/2696/8171 2279/3196/8172
f 2237/144/8173 2239/2190/8174 2292/3975/8175
f 2237/144/8173 2292/3975/8175 2294/857/8176
f 2207/662/8177 2205/3849/8178 2258/1685/8179
f 2207/662/8177 2258/1685/8179 2256/1336/8180
f 2223/3860/8181 2220/3661/8182 2275/3311/8183
f 2223/3860/8181 2275/3311/8183 2248/2629/8184
f 2240/2179/8185 2238/3448/8186 2291/3054/8187
f 2240/2179/8185 2291/3054/8187 2289/2624/8188
f 2206/4032/8189 2208/1246/8190 2257/2329/8191
f 2206/4032/8189 2257/2329/8191 2259/3597/8192
f 2239/2190/8193 2241/4564/8194 2290/4635/8195
f 2239/2190/8193 2290/4635/8195 2292/3975/8196
f 2221/1162/8197 2222/2758/8198 2277/4246/8199
f 2221/1162/8197 2277/4246/8199 2276/2696/8200
f 2255/1125/8201 2245/1942/8202 2246/1105/8203
f 2255/1125/8201 2246/1105/8203 2254/1651/8204
f 2257/2329/8205 2255/1125/8206 2254/1651/8207
f 2257/2329/8205 2254/1651/8207 2256/1336/8208
f 2259/3597/8209 2257/2329/8210 2256/1336/8211
f 2259/3597/8209 2256/1336/8211 2258/1685/8212
f 2261/3738/8213 2259/3597/8214 2258/1685/8215
f 2261/3738/8213 2258/1685/8215 2260/4230/8216
f 2263/3359/8217 2261/3738/8218 2260/4230/8219
f 2263/3359/8217 2260/4230/8219 2262/1482/8220
f 2247/98/8221 2265/257/8222 2266/3123/8223
f 2247/98/8221 2266/3123/8223 2264/2008/8224
f 2265/257/8225 2267/1830/8226 2268/3692/8227
f 2265/257/8225 2268/3692/8227 2266/3123/8228
f 2267/1830/8229 2269/3916/8230 2270/1068/8231
f 2267/1830/8229 2270/1068/8231 2268/3692/8232
f 2269/3916/8233 2271/2214/8234 2272/2542/8235
f 2269/3916/8233 2272/2542/8235 2270/1068/8236
f 2271/2214/8237 2273/2178/8238 2274/1170/8239
f 2271/2214/8237 2274/1170/8239 2272/2542/8240
f 2276/2696/8241 2277/4246/8242 2248/2629/8243
f 2276/2696/8241 2248/2629/8243 2275/3311/8244
f 2279/3196/8245 2276/2696/8246 2275/3311/8247
f 2279/3196/8245 2275/3311/8247 2278/212/8248
f 2281/1829/8249 2279/3196/8250 2278/212/8251
f 2281/1829/8249 2278/212/8251 2280/2462/8252
f 2283/3081/8253 2281/1829/8254 2280/2462/8255
f 2283/3081/8253 2280/2462/8255 2282/960/8256
f 2285/3356/8257 2283/3081/8258 2282/960/8259
f 2285/3356/8257 2282/960/8259 2284/4666/8260
f 2273/2178/8261 2252/4133/8262 2251/95/8263
f 2273/2178/8261 2251/95/8263 2274/1170/8264
f 2250/1516/8265 2285/3356/8266 2284/4666/8267
f 2250/1516/8265 2284/4666/8267 2253/479/8268
f 2287/1917/8269 2288/1141/8270 2249/3672/8271
f 2287/1917/8269 2249/3672/8271 2286/3418/8272
f 2290/4635/8273 2287/1917/8274 2286/3418/8275
f 2290/4635/8273 2286/3418/8275 2289/2624/8276
f 2292/3975/8277 2290/4635/8278 2289/2624/8279
f 2292/3975/8277 2289/2624/8279 2291/3054/8280
f 2294/857/8281 2292/3975/8282 2291/3054/8283
f 2294/857/8281 2291/3054/8283 2293/2354/8284
f 2296/3570/8285 2294/857/8286 2293/2354/8287
f 2296/3570/8285 2293/2354/8287 2295/2590/8288
f 2253/1089/8289 2263/3359/8290 2262/1482/8291
f 2253/1089/8289 2262/1482/8291 2251/1743/8292
f 2252/4604/8293 2296/3570/8294 2295/2590/8295
f 2252/4604/8293 2295/2590/8295 2250/812/8296
f 2234/548/8297 2198/3406/8298 2250/812/8299
f 2234/548/8297 2250/812/8299 2295/2590/8300
f 2233/4068/8301 2328/1968/8302 2264/2008/8303
f 2233/4068/8301 2264/2008/8303 2266/3123/8304
f 2213/79/8305 2215/1201/8306 2283/3081/8307
f 2213/79/8305 2283/3081/8307 2285/3356/8308
f 2232/4579/8309 2230/3558/8310 2267/1830/8311
f 2232/4579/8309 2267/1830/8311 2265/257/8312
f 2214/3282/8313 2212/1048/8314 2284/4666/8315
f 2214/3282/8313 2284/4666/8315 2282/960/8316
f 2224/1243/8317 2197/4504/8318 2252/4133/8319
f 2224/1243/8317 2252/4133/8319 2273/2178/8320
f 2231/1469/8321 2233/4068/8322 2266/3123/8323
f 2231/1469/8321 2266/3123/8323 2268/3692/8324
f 2200/4250/8325 2225/4009/8326 2274/1170/8327
f 2200/4250/8325 2274/1170/8327 2251/95/8328
f 2230/3558/8329 2228/3178/8330 2269/3916/8331
f 2230/3558/8329 2269/3916/8331 2267/1830/8332
f 2198/1654/8333 2213/79/8334 2285/3356/8335
f 2198/1654/8333 2285/3356/8335 2250/1516/8336
f 2212/1048/8337 2199/593/8338 2253/479/8339
f 2212/1048/8337 2253/479/8339 2284/4666/8340
f 2229/1219/8341 2231/1469/8342 2268/3692/8343
f 2229/1219/8341 2268/3692/8343 2270/1068/8344
f 2228/3178/8345 2226/2208/8346 2271/2214/8347
f 2228/3178/8345 2271/2214/8347 2269/3916/8348
f 2243/506/8349 2351/4101/8350 2288/1141/8351
f 2243/506/8349 2288/1141/8351 2287/1917/8352
f 2210/1202/8353 2211/3088/8354 2245/1942/8355
f 2210/1202/8353 2245/1942/8355 2255/1125/8356
f 2227/3482/8357 2229/1219/8358 2270/1068/8359
f 2227/3482/8357 2270/1068/8359 2272/2542/8360
f 2244/1671/8361 2242/4169/8362 2286/3418/8363
f 2244/1671/8361 2286/3418/8363 2249/3672/8364
f 2226/2208/8365 2224/1243/8366 2273/2178/8367
f 2226/2208/8365 2273/2178/8367 2271/2214/8368
f 2241/4564/8369 2243/506/8370 2287/1917/8371
f 2241/4564/8369 2287/1917/8371 2290/4635/8372
f 2225/4009/8373 2227/3482/8374 2272/2542/8375
f 2225/4009/8373 2272/2542/8375 2274/1170/8376
f 2208/1246/8377 2210/1202/8378 2255/1125/8379
f 2208/1246/8377 2255/1125/8379 2257/2329/8380
f 2242/4169/8381 2240/2179/8382 2289/2624/8383
f 2242/4169/8381 2289/2624/8383 2286/3418/8384
f 2209/2968/8385 2207/662/8386 2256/1336/8387
f 2209/2968/8385 2256/1336/8387 2254/1651/8388
f 2252/2886/8389 2250/4182/8390 2300/3662/8391
f 2252/2886/8389 2300/3662/8391 2298/4082/8392
f 2253/3740/8393 2251/2809/8394 2297/1322/8395
f 2253/3740/8393 2297/1322/8395 2302/1151/8396
f 2250/2955/8397 2253/1323/8398 2302/1369/8399
f 2250/2955/8397 2302/1369/8399 2300/1059/8400
f 2299/2430/8401 2303/132/8402 2297/688/8403
f 2298/4415/8404 2307/1601/8405 2305/974/8406
f 2298/4415/8404 2305/974/8406 2299/2430/8407
f 2300/2101/8408 2304/1712/8409 2301/2530/8410
f 2302/2654/8411 2303/132/8412 2304/1712/8413
f 2301/2530/8414 2304/1712/8415 2306/1032/8416
f 2301/2530/8414 2306/1032/8416 2305/974/8417
f 2302/1151/8418 2297/1322/8419 2303/751/8420
f 2297/2367/8421 2298/935/8422 2299/1053/8423
f 2298/4082/8424 2300/3662/8425 2301/1779/8426
f 2298/4082/8424 2301/1779/8426 2307/4402/8427
f 2300/1059/8428 2302/1369/8429 2304/3233/8430
f 2299/2430/8431 2306/1032/8432 2303/132/8433
usemtl brickwall1
f 2305/4301/8434 2307/4673/8435 2301/2797/8436
usemtl stonetrims
f 2303/132/8437 2306/1032/8438 2304/1712/8439
f 2305/974/8440 2306/1032/8441 2299/2430/8442
f 2162/3820/8443 2334/1011/8444 2315/1842/8445
f 2162/3820/8443 2315/1842/8445 2086/550/8446
f 2223/3860/8447 2248/2629/8448 2322/2256/8449
f 2223/3860/8447 2322/2256/8449 2317/4383/8450
f 2211/148/8451 2180/124/8452 2311/552/8453
f 2211/148/8451 2311/552/8453 2314/555/8454
f 2173/1104/8455 2223/2386/8456 2317/4060/8457
f 2173/1104/8455 2317/4060/8457 2310/3580/8458
f 2264/2008/8459 2328/1968/8460 2333/1711/8461
f 2264/2008/8459 2333/1711/8461 2324/957/8462
f 2222/3230/8463 2186/4542/8464 2312/2442/8465
f 2222/3230/8463 2312/2442/8465 2316/96/8466
f 2249/3672/8467 2288/1141/8468 2326/2429/8469
f 2249/3672/8467 2326/2429/8469 2323/3320/8470
f 2245/1942/8471 2211/3088/8472 2314/448/8473
f 2245/1942/8471 2314/448/8473 2319/4674/8474
f 2277/4246/8475 2222/2758/8476 2316/2188/8477
f 2277/4246/8475 2316/2188/8477 2325/2254/8478
f 2192/4572/8479 2244/4048/8480 2318/2760/8481
f 2192/4572/8479 2318/2760/8481 2313/4264/8482
f 2247/98/8483 2264/2008/8484 2324/957/8485
f 2247/98/8483 2324/957/8485 2321/3344/8486
f 2288/1141/8487 2351/4101/8488 2348/755/8489
f 2288/1141/8487 2348/755/8489 2326/2429/8490
f 2351/80/8491 2154/2261/8492 555/1663/8493
f 2351/80/8491 555/1663/8493 2348/2889/8494
f 2248/2629/8495 2277/4246/8496 2325/2254/8497
f 2248/2629/8495 2325/2254/8497 2322/2256/8498
f 2328/3074/8499 2167/4008/8500 2309/2171/8501
f 2328/3074/8499 2309/2171/8501 2333/757/8502
f 2246/1105/8503 2245/1942/8504 2319/4674/8505
f 2246/1105/8503 2319/4674/8505 2320/3434/8506
f 2160/4382/8507 2341/1875/8508 2350/2316/8509
f 2160/4382/8507 2350/2316/8509 2308/3108/8510
f 2244/1671/8511 2249/3672/8512 2323/3320/8513
f 2244/1671/8511 2323/3320/8513 2318/244/8514
f 2251/1677/8515 2252/4680/8516 2298/935/8517
f 2251/1677/8515 2298/935/8517 2297/2367/8518
f 2340/2088/8519 2336/2505/8520 2165/780/8521
f 2340/2088/8519 2165/780/8521 1968/919/8522
f 2331/2933/8523 2338/2215/8524 2168/466/8525
f 2331/2933/8523 2168/466/8525 2166/2742/8526
f 2330/2058/8527 2334/1011/8528 2162/3820/8529
f 2330/2058/8527 2162/3820/8529 1969/3110/8530
f 2334/2194/8531 2209/2968/8532 2254/1651/8533
f 2334/2194/8531 2254/1651/8533 2246/1105/8534
usemtl brickwall1
f 2335/622/8535 2332/1949/8536 2229/1342/8537
f 2335/622/8535 2229/1342/8537 2227/3488/8538
f 2332/1949/8539 2329/4695/8540 2231/2866/8541
f 2332/1949/8539 2231/2866/8541 2229/1342/8542
usemtl stonetrims
f 2315/2051/8543 2334/2194/8544 2246/1105/8545
f 2315/2051/8543 2246/1105/8545 2320/3434/8546
f 2336/2505/8547 2331/2933/8548 2166/2742/8549
f 2336/2505/8547 2166/2742/8549 2165/780/8550
f 2338/2215/8551 2330/2058/8552 1969/3110/8553
f 2338/2215/8551 1969/3110/8553 2168/466/8554
usemtl brickwall1
f 2337/2934/8555 2335/622/8556 2227/3488/8557
f 2337/2934/8555 2227/3488/8557 2225/2264/8558
f 2327/2584/8559 2337/2934/8560 2225/2264/8561
f 2327/2584/8559 2225/2264/8561 2200/4240/8562
usemtl stonetrims
f 2327/3734/8563 2340/2088/8564 1968/919/8565
f 2327/3734/8563 1968/919/8565 1970/4446/8566
usemtl brickwall1
f 2329/4695/8567 2339/3253/8568 2233/2523/8569
f 2329/4695/8567 2233/2523/8569 2231/2866/8570
f 2339/3253/8571 2328/4156/8572 2233/2523/8573
f 2343/3605/8574 2352/4090/8575 2226/2255/8576
f 2343/3605/8574 2226/2255/8576 2228/3954/8577
f 2341/2783/8578 2349/3425/8579 2232/1937/8580
f 2352/4090/8581 2344/4251/8582 2224/4272/8583
f 2352/4090/8581 2224/4272/8583 2226/2255/8584
usemtl stonetrims
f 2345/1256/8585 2355/4239/8586 426/3098/8587
f 2345/1256/8585 426/3098/8587 2155/894/8588
f 2347/4195/8589 2345/1256/8590 2155/894/8591
f 2347/4195/8589 2155/894/8591 2158/1740/8592
f 2346/3687/8593 2354/2323/8594 2159/2964/8595
f 2346/3687/8593 2159/2964/8595 2161/3963/8596
f 2351/80/8597 2353/490/8598 2151/3435/8599
f 2351/80/8597 2151/3435/8599 2154/2261/8600
f 2341/467/8601 2232/4579/8602 2265/257/8603
f 2341/467/8601 2265/257/8603 2247/98/8604
usemtl brickwall1
f 2349/3425/8605 2342/843/8606 2230/4121/8607
f 2349/3425/8605 2230/4121/8607 2232/1937/8608
f 2342/843/8609 2343/3605/8610 2228/3954/8611
f 2342/843/8609 2228/3954/8611 2230/4121/8612
f 2344/4251/8613 2355/1024/8614 2197/316/8615
f 2344/4251/8613 2197/316/8615 2224/4272/8616
usemtl stonetrims
f 2354/2323/8617 2347/4195/8618 2158/1740/8619
f 2354/2323/8617 2158/1740/8619 2159/2964/8620
f 2353/490/8621 2346/3687/8622 2161/3963/8623
f 2353/490/8621 2161/3963/8623 2151/3435/8624
f 2350/4609/8625 2341/467/8626 2247/98/8627
f 2350/4609/8625 2247/98/8627 2321/3344/8628
usemtl brickwall1
f 2360/460/8629 2366/1220/8630 2219/3619/8631
f 2360/460/8629 2219/3619/8631 2217/4166/8632
f 2366/1220/8633 2362/2334/8634 2221/1721/8635
f 2366/1220/8633 2221/1721/8635 2219/3619/8636
f 2359/183/8637 2365/4526/8638 2215/478/8639
f 2359/183/8637 2215/478/8639 2213/4487/8640
usemtl stonetrims
f 2363/606/8641 2358/2770/8642 2185/2069/8643
f 2363/606/8641 2185/2069/8643 2184/3049/8644
f 2356/1329/8645 2357/3348/8646 2189/562/8647
f 2356/1329/8645 2189/562/8647 2188/3167/8648
f 2361/2915/8649 2363/606/8650 2184/3049/8651
f 2361/2915/8649 2184/3049/8651 2193/4689/8652
usemtl brickwall1
f 2364/3767/8653 2359/183/8654 2213/4487/8655
f 2364/3767/8653 2213/4487/8655 2198/926/8656
f 2362/2334/8657 2222/3244/8658 2221/1721/8659
f 2365/4526/8660 2360/460/8661 2217/4166/8662
f 2365/4526/8660 2217/4166/8662 2215/478/8663
usemtl stonetrims
f 2364/3607/8664 2361/2915/8665 2193/4689/8666
f 2364/3607/8664 2193/4689/8666 2196/4665/8667
f 2358/2770/8668 2356/1329/8669 2188/3167/8670
f 2358/2770/8668 2188/3167/8670 2185/2069/8671
f 2357/3348/8672 2244/4048/8673 2192/4572/8674
f 2357/3348/8672 2192/4572/8674 2189/562/8675
usemtl brickwall1
f 2377/284/8676 2370/3097/8677 2216/2852/8678
f 2377/284/8676 2216/2852/8678 2218/485/8679
usemtl stonetrims
f 2375/388/8680 2367/4054/8681 2171/470/8682
f 2375/388/8680 2171/470/8682 2172/1257/8683
f 2376/4192/8684 2374/2327/8685 2175/3730/8686
f 2376/4192/8684 2175/3730/8686 2177/3803/8687
f 2371/1615/8688 2369/714/8689 2176/1994/8690
f 2371/1615/8688 2176/1994/8690 2181/3449/8691
usemtl brickwall1
f 2370/3097/8692 2373/4691/8693 2214/2946/8694
f 2370/3097/8692 2214/2946/8694 2216/2852/8695
f 2223/64/8696 2372/2697/8697 2220/542/8698
f 2373/4691/8699 2368/3264/8700 2212/616/8701
f 2373/4691/8699 2212/616/8701 2214/2946/8702
f 2372/2697/8703 2377/284/8704 2218/485/8705
f 2372/2697/8703 2218/485/8705 2220/542/8706
f 2368/3264/8707 2369/2619/8708 2199/646/8709
f 2368/3264/8707 2199/646/8709 2212/616/8710
usemtl stonetrims
f 2374/2327/8711 2375/388/8712 2172/1257/8713
f 2374/2327/8711 2172/1257/8713 2175/3730/8714
f 2211/148/8715 2376/4192/8716 2177/3803/8717
f 2211/148/8715 2177/3803/8717 2180/124/8718
f 2367/4054/8719 2371/1615/8720 2181/3449/8721
f 2367/4054/8719 2181/3449/8721 2171/470/8722
usemtl brickwall1
f 2190/953/8723 2195/2348/8724 2184/1357/8725
f 2175/4247/8726 2183/1693/8727 2178/403/8728
f 1957/1665/8729 1965/2350/8730 1960/2204/8731
f 646/3976/8732 654/4135/8733 649/3673/8734
f 638/4211/8735 640/2232/8736 632/335/8737
f 855/2459/8738 857/3099/8739 849/1491/8740
f 1079/1002/8741 1081/2571/8742 1073/1496/8743
f 1068/3584/8744 1064/528/8745 1063/1245/8746
f 1289/2351/8747 1285/4628/8748 1284/1183/8749
f 1504/401/8750 1500/1326/8751 1499/1800/8752
f 1533/708/8753 1538/1818/8754 1527/2607/8755
f 436/3214/8756 441/123/8757 430/813/8758
f 2196/898/8759 2193/184/8760 2191/4140/8761
f 2193/184/8762 2184/1357/8763 2191/4140/8764
f 2184/1357/8765 2185/2792/8766 2188/4505/8767
f 2188/4505/8768 2189/3998/8769 2194/1126/8770
f 2189/3998/8771 2192/514/8772 2313/4193/8773
f 2194/1126/8774 2189/3998/8775 2313/4193/8776
f 2313/4193/8777 2312/1704/8778 2194/1126/8779
f 2312/1704/8780 2186/2495/8781 2194/1126/8782
f 2194/1126/8783 2190/953/8784 2188/4505/8785
f 2190/953/8786 2187/3520/8787 2195/2348/8788
f 2195/2348/8789 2191/4140/8790 2184/1357/8791
f 2190/953/8792 2184/1357/8793 2188/4505/8794
f 2172/3529/8795 2171/4262/8796 2175/4247/8797
f 2171/4262/8798 2181/927/8799 2183/1693/8800
f 2175/4247/8801 2171/4262/8802 2183/1693/8803
f 2181/927/8804 2176/1552/8805 2179/3103/8806
f 2179/3103/8807 2183/1693/8808 2181/927/8809
f 2183/1693/8810 2174/213/8811 2178/403/8812
f 2178/403/8813 2182/861/8814 2175/4247/8815
f 2182/861/8816 2173/2545/8817 2310/2652/8818
f 2310/2652/8819 2311/1764/8820 2177/133/8821
f 2311/1764/8822 2180/1617/8823 2177/133/8824
f 2177/133/8825 2175/4247/8826 2182/861/8827
f 2310/2652/8828 2177/133/8829 2182/861/8830
f 1954/1381/8831 1953/2063/8832 1957/1665/8833
f 1953/2063/8834 1963/1596/8835 1965/2350/8836
f 1957/1665/8837 1953/2063/8838 1965/2350/8839
f 1963/1596/8840 1958/3926/8841 1961/2791/8842
f 1961/2791/8843 1965/2350/8844 1963/1596/8845
f 1965/2350/8846 1956/579/8847 1960/2204/8848
f 1960/2204/8849 1964/1517/8850 1957/1665/8851
f 1964/1517/8852 1955/4126/8853 2084/1370/8854
f 2084/1370/8855 2085/3438/8856 1959/2094/8857
f 2085/3438/8858 1962/2108/8859 1959/2094/8860
f 1959/2094/8861 1957/1665/8862 1964/1517/8863
f 2084/1370/8864 1959/2094/8865 1964/1517/8866
f 643/2650/8867 642/3892/8868 646/3976/8869
f 642/3892/8870 652/956/8871 654/4135/8872
f 646/3976/8873 642/3892/8874 654/4135/8875
f 652/956/8876 647/2678/8877 650/2935/8878
f 650/2935/8879 654/4135/8880 652/956/8881
f 654/4135/8882 645/1069/8883 649/3673/8884
f 649/3673/8885 653/2663/8886 646/3976/8887
f 653/2663/8888 644/4597/8889 774/1832/8890
f 774/1832/8891 775/2431/8892 648/3274/8893
f 775/2431/8894 651/21/8895 648/3274/8896
f 648/3274/8897 646/3976/8898 653/2663/8899
f 774/1832/8900 648/3274/8901 653/2663/8902
f 630/577/8903 633/3815/8904 632/335/8905
f 633/3815/8906 634/2730/8907 638/4211/8908
f 632/335/8909 633/3815/8910 638/4211/8911
f 638/4211/8912 639/3271/8913 640/2232/8914
f 639/3271/8915 629/2285/8916 772/793/8917
f 772/793/8918 773/591/8919 631/3590/8920
f 773/591/8921 635/3515/8922 631/3590/8923
f 631/3590/8924 640/2232/8925 639/3271/8926
f 772/793/8927 631/3590/8928 639/3271/8929
f 640/2232/8930 636/221/8931 632/335/8932
f 632/335/8933 641/189/8934 630/577/8935
f 641/189/8936 637/99/8937 630/577/8938
f 847/4485/8939 850/440/8940 849/1491/8941
f 850/440/8942 851/836/8943 855/2459/8944
f 849/1491/8945 850/440/8946 855/2459/8947
f 855/2459/8948 856/3805/8949 857/3099/8950
f 856/3805/8951 846/2519/8952 988/3784/8953
f 988/3784/8954 989/2448/8955 848/1015/8956
f 989/2448/8957 852/3929/8958 848/1015/8959
f 848/1015/8960 857/3099/8961 856/3805/8962
f 988/3784/8963 848/1015/8964 856/3805/8965
f 857/3099/8966 853/3923/8967 849/1491/8968
f 849/1491/8969 858/1970/8970 847/4485/8971
f 858/1970/8972 854/1447/8973 847/4485/8974
f 1071/494/8975 1074/2295/8976 1073/1496/8977
f 1074/2295/8978 1075/3/8979 1079/1002/8980
f 1073/1496/8981 1074/2295/8982 1079/1002/8983
f 1079/1002/8984 1080/959/8985 1081/2571/8986
f 1080/959/8987 1070/4276/8988 1211/4471/8989
f 1211/4471/8990 1212/3841/8991 1072/2341/8992
f 1212/3841/8993 1076/1765/8994 1072/2341/8995
f 1072/2341/8996 1081/2571/8997 1080/959/8998
f 1211/4471/8999 1072/2341/9000 1080/959/9001
f 1081/2571/9002 1077/3168/9003 1073/1496/9004
f 1073/1496/9005 1082/2035/9006 1071/494/9007
f 1082/2035/9008 1078/3501/9009 1071/494/9010
f 1069/4242/9011 1059/118/9012 1061/3369/9013
f 1059/118/9014 1063/1245/9015 1061/3369/9016
f 1063/1245/9017 1067/147/9018 1058/937/9019
f 1058/937/9020 1062/2488/9021 1057/3065/9022
f 1062/2488/9023 1066/3440/9024 1210/4063/9025
f 1057/3065/9026 1062/2488/9027 1210/4063/9028
f 1210/4063/9029 1209/3939/9030 1057/3065/9031
f 1209/3939/9032 1060/2858/9033 1057/3065/9034
f 1057/3065/9035 1068/3584/9036 1058/937/9037
f 1068/3584/9038 1065/2052/9039 1064/528/9040
f 1064/528/9041 1061/3369/9042 1063/1245/9043
f 1068/3584/9044 1063/1245/9045 1058/937/9046
f 1290/2524/9047 1280/689/9048 1282/4554/9049
f 1280/689/9050 1284/1183/9051 1282/4554/9052
f 1284/1183/9053 1288/3808/9054 1279/3603/9055
f 1279/3603/9056 1283/1653/9057 1278/3789/9058
f 1283/1653/9059 1287/1028/9060 1425/3039/9061
f 1278/3789/9062 1283/1653/9063 1425/3039/9064
f 1425/3039/9065 1424/2480/9066 1278/3789/9067
f 1424/2480/9068 1281/2585/9069 1278/3789/9070
f 1278/3789/9071 1289/2351/9072 1279/3603/9073
f 1289/2351/9074 1286/1834/9075 1285/4628/9076
f 1285/4628/9077 1282/4554/9078 1284/1183/9079
f 1289/2351/9080 1284/1183/9081 1279/3603/9082
f 1505/1686/9083 1495/2490/9084 1497/3184/9085
f 1495/2490/9086 1499/1800/9087 1497/3184/9088
f 1499/1800/9089 1503/1084/9090 1494/1388/9091
f 1494/1388/9092 1498/289/9093 1493/2266/9094
f 1498/289/9095 1502/3564/9096 1652/2424/9097
f 1493/2266/9098 1498/289/9099 1652/2424/9100
f 1652/2424/9101 1651/150/9102 1493/2266/9103
f 1651/150/9104 1496/858/9105 1493/2266/9106
f 1493/2266/9107 1504/401/9108 1494/1388/9109
f 1504/401/9110 1501/4418/9111 1500/1326/9112
f 1500/1326/9113 1497/3184/9114 1499/1800/9115
f 1504/401/9116 1499/1800/9117 1494/1388/9118
f 1539/2057/9119 1536/3371/9120 1534/1432/9121
f 1536/3371/9122 1527/2607/9123 1534/1432/9124
f 1527/2607/9125 1528/2583/9126 1531/1077/9127
f 1531/1077/9128 1532/1571/9129 1537/3582/9130
f 1532/1571/9131 1535/4419/9132 1656/1165/9133
f 1537/3582/9134 1532/1571/9135 1656/1165/9136
f 1656/1165/9137 1655/1833/9138 1537/3582/9139
f 1655/1833/9140 1529/3950/9141 1537/3582/9142
f 1537/3582/9143 1533/708/9144 1531/1077/9145
f 1533/708/9146 1530/2124/9147 1538/1818/9148
f 1538/1818/9149 1534/1432/9150 1527/2607/9151
f 1533/708/9152 1527/2607/9153 1531/1077/9154
f 442/3682/9155 439/799/9156 437/2013/9157
f 439/799/9158 430/813/9159 437/2013/9160
f 430/813/9161 431/345/9162 434/2168/9163
f 434/2168/9164 435/2830/9165 440/722/9166
f 435/2830/9167 438/1498/9168 557/4265/9169
f 440/722/9170 435/2830/9171 557/4265/9172
f 557/4265/9173 556/3236/9174 440/722/9175
f 556/3236/9176 432/4285/9177 440/722/9178
f 440/722/9179 436/3214/9180 434/2168/9181
f 436/3214/9182 433/3581/9183 441/123/9184
f 441/123/9185 437/2013/9186 430/813/9187
f 436/3214/9188 430/813/9189 434/2168/9190
